ID	IJC_SAMPLE_1	SJC_SAMPLE_1	IJC_SAMPLE_2	SJC_SAMPLE_2	IncFormLen	SkipFormLen
2	11,14,14,26,13,5,11,9,9,7	0,0,0,1,0,0,0,1,0,0	19,9,21,12,16,12,13,9,11,12	0,1,0,0,0,0,0,0,0,0	80	75
3	2,5,4,2,5,2,2,3,4,4	1,1,0,1,0,0,0,0,0,0	8,6,10,7,5,9,9,6,3,4	0,2,0,0,0,0,0,0,2,0	150	75
6	0,2,2,3,1,3,5,5,0,5	0,0,0,0,0,0,0,0,0,0	1,5,0,1,1,2,6,2,1,2	0,0,0,1,1,0,0,0,0,0	150	75
7	0,0,0,0,1,0,0,0,0,0	0,1,0,0,0,0,0,0,0,0	0,0,0,0,0,0,1,0,0,0	0,0,0,0,0,0,0,0,0,0	114	75
8	1,6,5,3,1,5,0,6,4,6	0,1,0,0,0,0,0,0,0,0	2,1,2,4,2,6,3,0,1,4	0,0,0,0,0,0,0,0,0,0	150	75
9	7,10,9,7,7,6,0,6,7,9	0,1,0,0,0,0,0,0,0,0	11,6,6,7,4,8,3,5,1,4	0,0,0,0,0,0,0,0,0,0	150	75
10	1,6,5,3,1,4,0,5,3,4	0,1,0,0,0,0,0,0,0,0	1,1,2,2,1,6,1,0,0,0	0,0,0,0,0,0,0,0,0,0	150	75
11	4,8,9,3,1,5,1,7,4,9	0,0,0,0,0,0,0,0,0,0	3,3,4,5,5,6,5,3,4,4	0,0,0,0,0,0,1,0,0,0	150	75
12	10,12,13,7,7,6,1,7,7,12	0,0,0,0,0,0,0,0,0,0	12,8,8,8,7,8,5,8,4,4	0,0,0,0,0,0,1,0,0,0	150	75
13	4,8,9,3,1,4,1,6,3,7	0,0,0,0,0,0,0,0,0,0	2,3,4,3,4,6,3,3,3,0	0,0,0,0,0,0,1,0,0,0	150	75
14	10,8,9,8,10,4,6,3,5,10	0,0,0,0,0,1,0,1,1,2	13,8,10,10,10,8,4,7,4,8	1,0,0,2,1,1,2,0,1,4	150	75
15	4,4,5,4,4,2,6,2,1,5	0,0,0,0,0,1,0,1,1,2	3,3,6,5,7,6,2,2,3,4	1,0,0,2,1,1,2,0,1,4	150	75
16	1,0,0,0,1,0,0,0,0,1	6,4,4,4,6,2,0,1,4,5	0,2,0,0,0,1,0,0,0,0	10,5,4,5,3,3,2,5,1,4	150	75
18	2,1,1,1,1,0,0,0,0,0	26,27,21,18,11,15,17,22,32,15	1,2,0,1,1,0,1,1,0,1	16,18,18,22,18,22,24,19,33,12	80	75
20	1,4,3,0,0,2,1,4,2,2	1,0,0,0,0,0,0,0,0,1	1,2,0,8,1,4,1,2,2,0	0,0,0,0,0,0,2,0,0,0	119	75
23	3,12,15,16,14,7,7,6,8,13	3,6,7,9,7,7,3,4,3,9	13,10,10,10,19,12,14,13,4,1	4,3,4,13,10,4,9,7,4,1	150	75
24	19,21,25,24,15,12,13,18,18,20	1,0,0,0,0,0,0,2,0,0	20,19,10,23,18,22,17,24,14,15	0,2,0,1,0,0,0,0,0,0	150	75
25	16,25,27,19,26,13,16,15,18,20	1,4,3,6,0,1,3,2,2,1	17,19,17,25,27,19,25,16,12,22	2,1,1,1,0,1,1,1,0,0	150	75
26	8,10,17,9,13,4,14,6,9,10	0,0,0,0,0,2,0,0,0,0	10,10,19,8,14,14,13,15,11,11	0,0,0,0,0,0,0,0,0,0	134	75
27	4,8,12,4,4,6,4,5,5,9	0,0,0,0,0,0,1,0,0,0	8,3,3,3,6,9,7,4,10,10	1,0,2,0,0,2,0,0,0,0	150	75
28	7,18,11,6,14,0,8,9,11,5	0,0,2,0,2,1,1,1,2,0	6,4,6,7,9,11,9,5,1,1	1,2,1,2,2,2,2,3,0,0	90	75
29	45,48,58,54,58,39,56,45,64,58	9,24,16,12,13,29,10,13,24,24	38,61,61,44,44,54,64,45,58,55	13,14,12,8,9,14,22,13,16,18	150	75
32	710,674,716,1038,862,557,639,682,780,855	73,66,101,98,91,70,88,66,70,87	707,1230,789,854,942,808,1003,836,745,811	84,117,97,100,97,78,98,95,73,75	150	75
33	5,6,3,3,2,2,2,1,4,3	4,5,6,2,3,3,2,2,3,1	4,2,2,3,2,1,5,1,0,2	4,3,3,4,3,1,8,1,1,3	114	75
34	2,0,1,1,1,0,0,0,0,1	12,16,8,9,15,8,11,12,18,12	0,2,0,1,1,2,0,1,2,1	6,7,4,15,10,17,9,9,5,2	85	75
38	8,3,6,3,9,4,11,2,5,7	3,7,4,6,3,4,5,2,3,5	5,3,8,5,2,3,4,5,5,4	1,3,2,7,6,2,8,8,7,8	93	75
39	1,0,0,0,0,0,0,0,0,0	0,0,0,0,1,0,1,0,2,2	0,0,0,0,0,0,0,0,0,0	0,0,0,0,0,1,0,2,0,0	105	75
42	28,22,28,41,18,24,32,26,27,33	0,0,0,0,2,0,1,0,1,2	26,30,24,22,37,22,36,36,22,25	0,2,0,1,0,2,1,0,0,1	150	75
43	8,9,12,17,13,3,2,5,9,3	11,15,8,10,12,2,8,10,8,6	14,11,8,18,13,3,14,6,3,3	14,5,6,9,11,11,12,5,1,2	85	75
44	2,2,3,4,0,1,0,0,2,0	0,0,2,0,0,0,0,0,1,0	1,3,0,2,4,0,3,1,0,0	0,0,0,0,0,0,1,0,0,0	96	75
46	0,1,1,2,3,1,3,3,2,3	1,0,0,1,0,0,0,0,0,0	1,0,2,1,1,2,3,0,1,1	0,0,0,0,0,0,0,0,0,0	138	75
47	2,0,4,2,4,2,1,3,7,8	0,0,0,0,1,0,0,0,0,0	2,3,4,6,2,6,1,2,6,0	0,0,0,0,0,0,1,0,0,0	150	75
48	12,20,14,14,15,11,16,15,17,16	0,1,0,0,0,0,0,0,0,0	13,13,7,9,16,13,18,10,19,5	1,0,0,0,0,0,1,0,0,1	81	75
50	123,117,136,129,104,127,107,124,123,126	0,1,0,0,0,0,0,0,0,0	90,109,93,121,113,128,118,99,137,120	0,0,0,0,0,0,0,0,0,0	150	75
51	62,87,79,94,79,55,63,64,62,68	13,7,13,12,15,5,8,6,6,11	69,59,73,63,81,58,82,66,81,59	6,2,6,10,8,11,6,14,9,1	96	75
53	46,34,49,57,34,29,36,25,31,42	0,0,0,0,1,0,0,0,1,0	42,23,26,35,63,38,44,34,36,15	0,0,0,0,0,0,0,0,0,0	150	75
54	103,96,114,127,97,73,73,68,77,89	2,1,5,10,4,0,4,3,5,4	105,66,63,90,131,91,97,65,76,37	8,3,4,7,5,2,6,4,3,3	150	75
55	1,1,3,1,1,0,1,2,1,0	0,0,1,4,0,0,0,1,1,4	2,2,1,2,1,0,0,4,3,2	1,2,3,2,1,0,1,0,2,1	84	75
59	54,47,66,56,55,46,57,43,51,64	1,0,0,0,0,0,0,0,0,0	59,49,41,42,67,57,77,50,56,46	0,0,0,0,1,0,0,0,0,1	126	75
60	10,7,13,10,16,3,6,7,10,8	1,0,1,1,0,0,0,0,0,1	8,6,6,6,10,10,13,14,6,4	1,0,0,0,0,0,1,2,0,1	86	75
61	6,9,0,4,4,2,4,0,9,8	6,1,3,5,4,2,4,3,6,3	4,2,1,2,6,3,2,1,2,2	2,3,2,2,3,2,3,6,3,5	150	75
62	4,4,7,12,1,6,3,4,9,3	2,1,1,1,1,0,0,0,0,1	3,3,6,8,7,6,7,5,6,8	0,0,0,1,0,0,0,0,0,0	117	75
64	139,118,118,135,105,129,108,143,102,125	0,0,0,0,0,0,0,0,0,1	134,115,105,135,143,117,123,92,142,121	0,0,0,0,0,0,0,0,0,0	150	75
72	1,1,0,3,1,1,0,0,1,2	23,35,26,27,27,18,17,29,29,35	0,4,0,3,0,1,4,2,0,0	32,27,24,32,34,21,39,28,27,13	150	75
73	4,3,3,7,4,1,4,5,1,4	4,0,3,6,7,1,0,3,4,4	2,2,2,5,2,5,6,3,4,1	4,2,1,1,2,2,5,6,2,0	87	75
75	0,1,0,0,1,0,0,0,0,0	10,9,8,8,7,9,13,12,16,17	0,0,1,0,0,1,1,0,0,0	23,16,10,11,11,12,9,11,15,16	78	75
76	15,10,13,22,11,2,12,12,5,9	2,1,0,2,1,1,0,0,1,1	17,9,4,11,8,4,14,10,13,16	0,1,0,0,0,0,0,2,0,1	150	75
78	3,2,7,0,2,0,3,9,2,0	19,18,28,34,17,15,20,14,26,31	1,0,5,1,4,0,3,1,0,0	18,20,11,27,36,19,17,21,19,19	150	75
80	44,46,45,58,49,34,42,43,25,39	0,1,1,0,0,0,0,0,1,1	47,54,28,39,50,41,51,54,45,38	0,0,0,0,0,1,1,0,1,0	150	75
85	277,266,316,309,274,278,242,272,273,357	0,0,0,0,0,0,0,0,0,0	323,326,319,283,320,278,298,286,299,327	0,0,0,0,0,0,0,2,3,0	150	75
86	24,25,34,36,11,17,15,22,16,23	20,23,22,24,22,18,13,20,24,21	19,16,19,21,29,14,23,23,23,15	20,12,17,16,23,28,29,29,38,16	78	75
87	4,4,6,7,3,5,3,4,8,8	4,3,1,5,2,0,3,1,5,6	6,3,6,9,6,9,7,6,3,2	2,4,6,1,2,5,2,3,6,1	150	75
88	0,0,0,0,0,0,0,0,0,0	16,13,14,8,11,7,6,17,10,8	1,0,0,0,0,2,0,0,1,0	13,11,9,7,16,10,16,9,9,7	83	75
90	69,94,108,87,90,86,62,71,79,88	2,0,1,0,0,0,0,0,0,0	81,93,74,80,88,71,86,76,76,65	0,0,0,0,0,0,1,0,0,0	135	75
91	0,2,0,0,2,0,0,0,0,0	24,29,39,33,32,18,19,28,23,29	1,0,2,0,0,1,0,2,0,0	38,41,26,19,27,32,31,25,20,10	117	75
92	37,31,27,40,45,19,19,44,29,36	1,1,0,0,1,1,0,0,1,1	27,34,28,29,36,42,46,33,22,15	2,0,1,1,2,1,0,2,1,1	150	75
96	15,12,17,19,8,15,13,14,16,18	0,1,4,1,1,1,2,1,1,0	14,14,23,10,13,16,22,23,15,12	0,0,2,0,2,0,3,0,1,2	97	75
98	1,0,1,2,0,2,0,4,3,2	50,52,46,46,41,33,31,36,45,36	2,1,0,4,1,0,0,1,1,2	35,31,30,48,43,42,47,37,55,32	79	75
99	5,4,7,1,7,7,6,9,5,7	0,0,0,0,0,0,0,0,0,0	7,3,9,7,13,9,13,8,6,5	0,0,0,0,0,0,0,0,1,0	78	75
100	4,7,7,9,5,7,5,12,6,1	10,10,8,6,15,10,5,10,11,11	2,5,7,10,8,4,4,10,6,3	16,14,15,7,9,7,13,15,11,11	150	75
104	0,0,0,0,0,0,0,0,0,0	0,0,0,0,0,1,0,0,1,0	0,0,0,0,0,1,0,0,0,0	0,0,0,0,0,0,0,0,0,0	99	75
105	7,3,4,1,0,2,4,2,3,5	3,6,2,10,5,3,4,2,3,4	1,1,1,2,4,2,4,0,0,1	6,5,4,3,7,1,1,4,4,2	150	75
106	0,0,1,0,0,0,3,0,0,0	103,136,122,131,99,104,105,99,86,142	0,0,0,0,1,0,0,0,0,1	115,127,135,144,131,125,135,119,151,143	150	75
107	121,174,137,154,147,115,121,118,122,162	0,0,0,0,0,0,0,0,0,0	141,149,147,130,154,148,170,143,177,188	0,0,0,0,1,0,0,0,0,0	150	75
109	0,0,0,0,0,2,1,0,0,0	20,19,20,16,19,17,19,20,22,20	0,1,1,1,1,0,1,0,1,0	21,28,17,21,25,20,31,12,21,27	133	75
111	22,33,24,24,21,20,22,22,18,31	0,0,0,0,0,0,0,1,0,0	33,22,24,30,29,20,33,28,25,45	0,0,0,0,0,0,0,0,0,0	150	75
112	0,0,0,0,0,1,1,0,0,0	16,16,14,12,7,9,13,13,13,14	0,0,0,0,1,0,0,0,0,0	18,12,13,20,25,8,12,12,12,15	118	75
113	7,10,6,7,18,6,7,5,6,8	10,12,2,9,7,13,12,7,8,4	9,7,9,12,8,5,20,13,6,22	11,5,11,14,16,9,5,8,7,11	78	75
115	28,22,17,27,20,0,3,8,13,8	0,0,1,0,0,0,0,0,0,0	17,19,6,14,22,10,22,5,4,3	0,0,0,0,0,1,0,0,0,0	113	75
121	178,209,225,240,151,192,162,188,183,233	0,1,0,0,2,0,5,0,0,0	185,202,146,156,178,141,189,180,179,167	0,0,2,0,1,1,1,2,3,0	146	75
123	132,155,122,144,100,129,96,127,134,176	3,1,1,2,1,2,2,0,1,2	155,127,118,137,125,125,170,156,119,183	1,1,1,1,0,0,1,1,1,0	102	75
124	30,50,43,52,42,43,24,47,50,69	5,3,3,6,1,3,7,2,6,3	41,43,42,40,52,42,45,48,50,66	2,3,0,9,0,3,5,6,3,9	150	75
125	17,28,26,31,31,23,17,27,35,46	0,0,0,0,0,0,0,0,0,0	27,25,20,23,35,29,26,25,31,39	0,0,0,0,0,0,0,0,0,1	150	75
127	18,20,31,24,18,13,19,22,14,17	0,0,1,2,0,2,1,0,1,3	15,24,24,15,25,12,17,11,22,20	1,0,3,2,0,1,1,0,3,0	100	75
129	1,0,0,0,0,0,0,0,0,3	30,20,20,21,28,35,13,23,20,25	1,0,0,0,2,1,0,0,0,1	11,14,17,16,23,18,25,16,24,27	150	75
130	4,3,3,7,3,3,4,2,2,4	0,0,0,0,0,0,0,0,1,0	3,2,6,4,6,1,5,4,4,5	0,0,0,0,0,1,0,0,0,0	85	75
131	32,23,35,28,30,22,26,32,39,45	5,0,5,6,4,4,2,4,6,9	28,35,29,35,40,39,19,30,34,19	0,4,9,3,3,6,3,2,3,4	121	75
132	2,3,4,2,7,7,6,7,4,2	100,104,100,87,92,108,82,94,107,77	2,4,1,4,7,6,3,8,3,6	105,77,91,118,80,110,112,110,95,130	79	75
134	1,1,1,1,0,1,0,0,0,2	1,0,0,0,0,0,2,0,0,0	0,0,0,0,1,1,4,2,0,2	0,0,0,0,0,0,0,0,0,0	115	75
136	9,9,15,3,8,9,6,14,9,6	11,15,18,12,24,11,8,13,12,11	12,15,7,11,5,5,16,5,9,2	22,14,18,24,13,14,19,12,16,10	81	75
137	9,8,5,6,6,11,14,3,3,9	0,0,0,0,0,1,0,0,0,1	10,6,6,8,8,7,9,4,7,7	0,0,0,0,0,0,0,0,0,0	150	75
138	42,42,47,43,45,51,28,45,46,38	0,0,0,0,0,0,0,0,1,0	54,52,43,51,55,29,47,62,52,59	0,0,0,0,0,1,0,0,0,0	150	75
139	0,0,0,0,0,0,1,0,0,0	9,4,3,2,0,3,6,2,3,4	0,1,0,0,0,0,0,0,0,0	2,8,2,3,3,2,0,3,1,3	79	75
140	1,5,1,2,0,3,1,4,3,0	55,50,63,59,60,94,67,59,85,70	6,3,4,2,2,4,0,5,4,2	62,55,78,63,54,51,71,68,80,87	80	75
141	0,0,1,3,1,1,0,1,1,1	0,0,0,0,0,0,0,0,0,0	0,1,1,2,2,0,3,0,2,0	0,1,0,0,1,0,0,0,0,0	150	75
142	1,1,2,0,1,1,3,0,1,1	1,0,1,2,0,0,0,0,1,1	3,3,2,1,2,2,1,2,1,0	0,0,0,0,1,0,1,1,2,0	150	75
143	1,1,2,0,0,0,3,0,0,1	1,0,1,2,0,0,0,0,1,1	3,3,2,1,2,2,1,2,1,0	0,0,0,0,1,0,1,1,2,0	150	75
147	0,2,3,3,8,0,5,4,1,4	6,7,8,6,11,5,3,7,7,7	2,3,3,0,0,2,3,1,3,11	9,9,5,6,5,5,4,7,10,5	101	75
148	23,10,18,17,15,15,12,21,24,18	16,18,13,22,24,19,17,25,23,17	10,13,17,20,22,20,23,12,20,22	24,22,22,18,29,25,19,13,22,32	86	75
149	7,1,3,6,8,6,7,6,11,6	0,1,0,0,0,0,0,0,0,0	6,5,4,2,5,6,8,5,5,5	0,0,0,0,0,1,0,0,0,3	86	75
150	51,34,52,48,25,38,34,37,55,55	1,0,0,0,0,0,3,0,0,1	54,52,53,29,46,33,31,32,50,48	0,0,0,0,1,1,0,1,0,1	150	75
152	0,2,0,0,1,0,1,0,4,2	97,90,119,124,91,92,90,101,99,98	0,1,0,0,2,1,0,1,0,1	124,88,78,132,118,101,146,107,102,125	90	75
154	1,0,0,0,1,0,0,0,0,0	93,84,102,115,115,107,99,109,84,111	0,0,0,0,0,0,1,0,0,1	117,117,84,89,92,93,119,77,106,127	84	75
156	55,52,51,47,42,4,12,17,20,22	0,4,1,2,3,3,0,4,2,0	41,28,31,34,28,32,32,25,14,8	1,2,0,3,2,0,3,4,0,0	150	75
158	0,0,0,1,0,0,3,0,0,0	10,5,25,28,7,5,7,22,13,12	1,1,1,0,0,0,2,0,1,0	15,14,16,15,20,17,11,9,12,10	127	75
159	3,1,1,4,6,2,5,3,1,3	0,2,2,1,1,0,2,0,0,0	8,5,1,5,3,5,3,0,0,4	0,0,1,0,1,0,0,0,2,0	98	75
160	22,19,13,17,17,27,19,11,12,22	2,1,1,2,2,3,2,0,3,2	18,14,16,6,24,14,17,8,23,15	4,1,0,2,2,2,1,1,3,2	150	75
161	3,2,1,2,1,2,1,3,0,0	2,2,0,1,3,4,2,2,0,3	2,1,1,2,1,1,2,1,2,2	1,1,2,0,3,2,2,2,3,3	150	75
162	2,0,1,0,0,0,0,0,0,0	2,1,0,1,0,0,1,0,1,0	0,0,0,1,0,0,0,0,0,0	0,1,0,0,0,0,0,1,0,2	81	75
163	0,2,0,0,1,0,0,1,0,0	9,10,10,19,11,17,20,9,12,16	1,1,0,0,0,1,4,0,1,1	12,11,17,12,10,13,19,17,22,8	150	75
164	6,14,10,4,7,5,5,9,2,11	18,13,18,20,9,13,10,16,12,8	5,5,5,13,9,13,4,11,13,11	11,11,15,10,13,13,13,14,9,10	100	75
165	2,3,5,2,4,2,11,4,1,2	2,0,0,0,0,1,0,0,0,0	3,3,0,11,6,5,10,2,2,7	0,0,0,0,0,0,0,0,0,0	150	75
166	3,7,11,2,6,7,12,4,4,4	0,0,0,0,0,0,0,0,0,0	7,6,2,14,6,5,14,4,4,8	0,0,0,0,0,0,1,0,0,0	150	75
167	4,8,9,9,7,6,2,4,7,4	0,0,0,0,0,0,0,1,0,0	9,6,4,6,5,5,14,7,8,5	0,0,0,0,0,0,2,0,0,0	150	75
168	3,4,3,9,5,1,1,4,4,2	0,0,0,0,0,0,0,1,0,0	5,3,2,3,5,5,10,5,6,4	0,0,0,0,0,0,2,0,0,0	150	75
169	0,0,0,0,0,0,0,0,0,0	39,76,47,46,42,29,38,27,39,32	1,0,0,0,0,0,0,0,0,0	47,41,38,42,71,55,44,29,32,21	79	75
171	0,0,0,0,1,0,0,1,0,0	13,16,16,19,10,8,13,12,3,17	0,0,0,0,0,0,0,0,2,0	12,9,10,15,19,5,14,16,7,6	138	75
172	2,1,3,3,2,2,0,3,3,1	0,0,0,0,0,0,0,0,0,0	1,0,2,4,2,0,4,2,1,2	0,1,0,0,0,0,0,0,1,0	129	75
173	225,261,270,250,236,113,155,185,146,192	0,0,0,1,0,0,1,0,0,0	201,190,197,175,271,202,244,171,120,69	1,0,0,0,0,0,0,0,0,1	150	75
175	59,83,78,90,71,32,40,48,68,51	11,6,9,5,5,8,5,5,9,6	55,47,63,58,72,64,70,74,36,28	9,10,10,6,12,8,9,9,3,5	144	75
180	4,7,2,5,5,1,4,2,4,1	29,26,30,36,19,13,11,17,19,17	3,1,4,3,0,8,4,0,2,0	22,22,14,21,25,18,26,23,33,10	78	75
181	2307,2677,2536,2756,2609,2496,2241,2345,2346,2796	3,0,0,2,2,2,0,2,1,2	2483,2567,2403,2465,2601,2548,2788,2461,2716,2688	0,1,2,3,3,1,0,1,4,4	133	75
182	1321,1531,1412,1519,1443,1384,1158,1278,1309,1526	0,0,0,1,1,0,0,0,1,0	1410,1379,1297,1358,1467,1449,1504,1344,1462,1420	0,0,0,0,0,0,0,0,0,0	133	75
183	649,773,701,790,742,400,585,593,582,646	2,0,0,1,0,0,0,0,0,0	660,604,572,644,756,725,756,591,564,410	0,0,0,0,1,0,1,0,1,1	150	75
184	224,249,265,277,224,217,196,242,242,291	0,0,0,1,0,0,1,0,0,0	255,239,251,259,269,216,302,226,270,187	0,0,1,0,0,0,1,0,0,0	150	75
185	89,120,107,101,102,89,92,97,97,115	1,0,0,1,0,0,0,0,0,0	83,110,111,103,123,125,128,101,123,143	0,0,0,0,0,0,2,0,1,0	150	75
186	0,3,1,1,3,3,2,1,1,4	2,6,1,4,8,4,6,5,7,11	0,6,1,0,3,1,2,1,2,5	8,9,5,3,7,8,3,7,8,17	106	75
187	0,0,0,0,0,0,0,0,0,1	13,7,9,6,5,3,5,9,7,9	1,0,0,0,0,2,0,0,2,0	6,5,11,12,13,11,10,4,8,8	82	75
188	23,26,24,22,16,11,15,15,13,15	38,21,26,34,25,19,17,27,25,20	16,30,18,18,28,11,17,21,25,17	23,21,34,22,23,30,33,34,19,18	78	75
189	55,61,47,46,65,34,55,41,36,51	2,1,0,1,0,0,0,1,1,0	51,39,44,43,65,38,71,38,49,53	1,0,3,1,1,0,0,0,0,2	84	75
190	518,578,586,633,512,488,489,519,473,546	1,0,2,0,2,0,0,1,2,0	563,543,464,541,622,498,597,508,503,433	0,1,0,3,1,0,4,1,1,0	83	75
191	38,57,51,51,55,42,42,37,40,38	0,0,0,0,0,0,0,0,0,0	47,41,37,38,51,34,50,43,54,45	0,0,0,0,0,1,0,0,0,0	115	75
192	1,0,0,0,0,0,0,0,0,0	0,0,0,0,1,0,0,1,0,0	0,1,0,0,0,0,0,0,0,0	0,0,1,0,0,0,0,0,0,0	150	75
193	22,8,17,15,15,8,5,16,7,9	1,1,5,5,3,0,0,9,1,1	20,11,15,16,23,16,24,15,9,4	3,1,2,2,1,6,0,1,4,1	105	75
196	83,77,88,96,90,79,60,67,73,90	361,342,351,383,277,343,258,276,334,280	75,76,69,61,105,94,94,73,87,82	347,329,293,377,342,352,370,278,332,333	135	75
197	23,30,24,20,34,23,12,13,19,27	31,32,39,36,29,21,19,29,32,32	27,24,22,18,36,20,32,24,30,28	19,20,19,25,32,26,30,20,18,24	135	75
198	212,212,252,234,203,160,166,175,197,242	139,151,150,151,129,126,96,133,94,102	227,178,204,202,247,200,240,186,197,181	128,132,111,128,144,129,150,128,103,110	105	75
199	191,167,195,175,146,115,114,148,153,187	35,68,30,46,44,46,27,39,43,45	179,153,151,152,189,177,179,143,147,130	37,36,44,42,52,45,42,38,33,28	105	75
200	1,3,6,2,5,0,1,4,4,3	2,0,2,0,3,3,1,6,4,2	2,3,2,3,6,0,5,2,0,1	5,2,4,2,2,0,1,1,7,4	102	75
201	61,56,47,57,59,19,31,34,37,40	1,2,4,1,3,2,2,4,0,2	57,38,43,41,65,51,36,26,23,14	1,3,2,0,3,0,4,2,2,0	127	75
205	25,24,24,23,23,17,16,23,28,26	3,1,1,0,0,1,1,1,1,0	20,27,16,18,12,13,24,24,21,23	4,2,0,0,2,1,0,2,0,1	103	75
206	29,19,25,15,24,15,15,20,14,17	0,0,0,0,0,1,0,0,0,0	17,18,26,19,21,23,16,13,8,12	0,0,0,0,0,0,0,0,0,0	79	75
207	25,41,39,29,35,28,27,37,26,43	0,0,0,0,0,0,0,0,0,0	36,24,34,37,30,37,53,43,21,21	0,1,0,0,0,0,0,0,0,0	150	75
208	101,113,90,118,97,75,71,121,104,141	0,0,2,0,0,0,0,1,0,0	128,86,84,104,98,118,141,79,109,75	0,1,0,1,0,1,2,1,0,0	150	75
212	3934,3985,4176,4591,4201,4525,3819,3935,4190,4951	0,0,0,0,0,1,0,0,1,0	3920,4284,4162,4409,4316,4546,4730,4262,4927,5144	0,0,0,0,0,0,0,0,0,0	150	75
213	15,23,26,31,31,17,18,16,21,29	0,0,0,0,0,0,0,0,0,0	23,28,13,22,28,17,33,17,20,24	0,0,0,0,0,0,1,0,0,0	150	75
214	8,9,7,4,5,11,9,9,8,6	67,81,81,80,72,99,65,56,90,87	9,8,10,15,13,10,7,11,13,14	80,89,104,105,55,88,111,90,103,129	80	75
215	39,61,65,62,58,36,36,52,41,40	0,0,1,1,0,0,2,0,1,0	43,37,45,43,58,45,51,52,55,38	0,0,0,0,0,0,0,0,0,0	150	75
216	6,4,5,9,7,1,6,3,7,5	47,63,60,46,41,53,38,41,44,40	7,7,5,5,4,3,9,1,6,10	36,39,51,47,51,38,56,49,39,53	150	75
217	54,45,57,51,41,39,46,50,42,59	0,0,0,0,0,0,0,0,2,0	62,62,53,44,51,46,36,55,56,44	0,0,2,1,0,0,1,0,2,1	150	75
219	8,1,4,2,5,2,1,6,8,2	10,5,13,9,6,3,4,5,3,3	5,2,1,3,11,7,3,1,2,2	4,8,5,6,8,8,6,4,6,2	87	75
220	24,25,28,29,20,7,19,14,17,18	1,0,6,3,1,2,0,2,1,0	20,21,17,16,26,20,28,19,12,7	1,3,3,3,0,0,3,2,1,0	102	75
221	20,23,26,33,23,8,7,19,10,11	0,0,0,0,0,0,0,0,1,0	15,15,7,14,21,19,22,10,6,4	0,0,0,0,0,0,0,0,0,0	150	75
222	0,1,0,0,0,1,0,0,0,0	3,2,2,1,4,5,2,1,0,1	0,0,1,0,0,0,0,1,0,1	2,0,2,1,2,3,0,1,1,3	150	75
223	2,4,0,3,0,2,1,2,1,1	29,42,36,35,40,38,35,41,33,27	1,2,0,3,1,1,2,0,1,2	29,29,33,41,48,31,37,38,32,34	130	75
224	38,51,46,34,33,14,28,36,42,30	96,89,90,84,67,57,49,61,86,76	53,41,31,27,38,28,38,26,23,21	87,51,75,91,92,82,90,84,60,32	81	75
225	7,14,9,16,6,8,8,5,12,9	9,29,12,18,18,11,7,15,12,22	10,6,8,7,6,12,14,6,11,12	18,13,20,16,31,18,16,11,20,11	90	75
226	70,86,107,77,108,40,63,65,66,79	27,19,37,24,39,21,25,15,30,27	97,64,53,92,95,72,66,64,65,56	26,15,23,29,28,20,29,23,31,15	108	75
232	315,389,349,400,395,427,364,396,375,457	6,10,5,7,7,5,8,8,10,7	327,411,359,361,375,375,413,401,420,490	11,4,4,4,3,5,10,7,10,7	148	75
233	43,49,52,71,39,53,52,57,39,51	0,0,0,0,0,0,0,0,0,0	54,45,35,40,58,49,60,50,78,90	0,0,0,0,0,1,0,0,0,0	122	75
234	2,6,4,3,0,3,1,0,3,1	13,20,29,15,19,19,16,19,7,24	3,0,0,2,2,0,6,5,5,7	14,18,18,17,16,14,19,20,19,20	79	75
235	19,24,25,20,22,20,15,16,21,19	0,1,5,0,1,2,1,0,0,0	26,11,10,15,20,12,26,15,29,23	0,1,2,0,7,0,1,1,5,3	131	75
236	30,38,50,32,41,36,30,35,25,42	0,1,5,0,1,2,1,0,0,0	37,29,28,30,34,26,39,30,43,36	0,1,2,0,7,0,1,1,5,3	127	75
237	0,1,0,0,0,0,1,0,1,1	4,7,8,8,7,1,1,2,3,3	0,1,0,0,0,0,0,0,0,0	7,11,5,5,2,11,4,5,5,4	85	75
240	0,0,1,0,1,4,1,0,1,0	0,0,0,0,0,0,0,0,1,0	0,0,1,0,2,1,0,1,0,0	0,0,0,0,0,0,0,0,0,0	94	75
241	0,1,0,0,0,6,4,1,1,0	0,0,0,0,0,0,0,0,0,0	0,0,1,0,1,0,0,1,0,0	0,1,0,0,0,0,0,0,0,0	94	75
242	0,0,0,0,0,4,1,0,1,0	0,0,0,0,1,0,0,0,0,0	0,1,1,0,0,0,1,1,0,0	0,0,0,0,0,0,0,0,0,0	94	75
243	3,10,5,8,7,3,9,7,3,6	4,8,1,5,4,3,3,7,4,0	5,6,6,1,4,7,7,8,8,3	8,2,5,1,3,4,3,0,4,2	84	75
244	26,21,21,22,22,35,21,23,36,16	1,4,0,1,0,1,1,0,0,0	25,27,21,24,23,19,24,21,24,18	3,0,0,0,0,1,0,1,0,0	110	75
246	1140,1318,1310,1303,1166,1360,1254,1215,1337,1462	242,245,291,325,216,305,216,259,239,295	1331,1344,1259,1440,1305,1207,1417,1299,1501,1460	275,250,234,234,285,282,262,217,261,260	126	75
247	4,11,2,8,4,6,3,5,4,4	11,18,19,17,14,15,7,12,9,24	5,7,3,3,3,9,4,6,2,4	20,8,11,16,25,16,11,6,16,11	81	75
248	20,26,36,20,28,18,20,28,9,26	0,0,0,0,0,1,0,0,0,0	20,15,19,29,37,25,31,14,22,20	0,0,0,0,0,0,0,0,1,0	150	75
249	0,1,0,0,0,0,0,0,0,0	0,0,0,0,0,0,0,0,0,0	0,0,0,0,1,0,0,0,0,0	0,0,0,0,0,0,2,0,0,0	108	75
250	11,9,8,9,12,2,10,15,8,8	13,6,13,9,10,0,4,6,7,5	11,15,14,14,11,8,12,8,5,3	8,8,8,4,5,9,7,6,3,1	129	75
251	84,50,70,78,73,67,58,54,59,74	15,19,14,18,17,8,11,14,9,12	74,64,63,54,89,89,72,63,72,77	17,11,6,13,13,13,10,7,8,5	150	75
253	7,12,4,7,8,7,14,10,13,17	2,0,0,0,1,0,1,0,0,0	10,7,12,11,15,12,14,8,7,5	0,0,0,1,0,0,0,0,0,1	150	75
254	79,78,92,82,85,57,76,80,77,96	1,0,0,0,0,0,0,0,0,0	85,72,55,73,75,69,82,85,80,61	0,0,0,0,0,0,0,0,0,0	82	75
256	3,2,2,4,1,2,2,1,2,0	34,47,61,59,45,35,41,31,37,48	0,0,0,1,2,2,1,2,4,2	52,43,46,44,51,41,50,37,34,19	115	75
257	238,324,247,334,231,229,222,238,281,241	12,28,11,8,22,4,10,11,8,10	297,266,255,299,305,286,344,280,286,212	4,13,5,10,17,12,8,12,10,12	150	75
262	0,1,0,0,0,0,0,2,0,0	0,0,0,0,0,0,0,0,0,0	1,0,0,0,0,0,0,0,1,1	0,0,1,0,0,0,0,0,0,0	110	75
264	12,7,6,10,10,7,7,7,4,5	0,1,1,0,0,0,0,0,1,0	7,4,11,9,11,10,11,5,7,4	0,0,1,0,0,0,0,0,0,0	150	75
265	2,2,1,1,0,0,1,1,1,2	7,8,3,5,3,2,3,3,0,2	1,4,1,0,0,0,0,1,0,2	1,4,1,3,3,1,4,1,1,0	106	75
267	47,64,47,69,57,59,56,74,65,69	16,19,12,28,18,18,10,13,20,18	45,61,55,66,53,53,62,67,70,94	13,16,11,13,18,11,12,27,21,28	120	75
268	149,167,153,152,157,139,127,147,171,189	0,0,0,1,1,0,0,0,1,1	153,133,142,147,142,148,198,170,162,167	0,0,0,1,2,0,0,1,1,1	105	75
269	141,144,142,158,150,135,118,144,164,160	0,0,1,2,2,0,1,0,0,0	146,135,135,132,135,142,189,169,179,170	1,0,0,0,1,0,0,0,0,1	150	75
270	1,0,3,4,1,0,0,2,1,2	12,18,19,17,11,8,20,17,19,24	1,0,0,1,2,2,2,3,3,2	9,19,13,10,26,19,16,8,15,8	81	75
271	6,3,3,3,1,2,1,4,0,4	16,26,12,12,13,8,12,11,17,11	2,1,5,0,3,4,1,1,2,0	10,17,8,13,13,18,12,22,7,14	103	75
273	0,0,0,0,0,2,0,2,0,0	2,4,1,6,4,1,2,2,2,2	1,1,0,0,1,0,0,1,0,0	6,4,9,1,8,5,6,3,5,2	103	75
274	0,2,1,1,1,1,3,1,0,2	0,4,2,0,0,2,0,0,2,1	0,0,0,2,0,1,2,0,1,1	1,1,0,3,0,1,0,1,1,0	150	75
276	0,1,0,2,0,1,0,2,0,1	2,7,3,5,9,6,8,3,3,4	1,1,0,0,0,1,3,1,1,1	4,2,2,3,6,9,9,7,8,10	150	75
278	31,26,13,25,20,10,11,13,14,21	0,0,1,0,5,0,1,0,1,1	18,16,16,23,18,30,24,19,13,18	3,1,2,0,2,1,1,3,1,1	127	75
280	19,15,13,29,17,19,16,4,14,32	0,0,0,0,0,0,0,1,0,0	17,21,23,19,31,22,13,19,14,32	0,0,1,0,0,0,0,0,0,0	128	75
282	2,1,4,0,1,0,0,1,0,1	43,45,43,40,39,44,44,44,39,40	0,3,0,0,2,2,0,1,1,0	51,38,46,45,36,69,55,41,48,37	134	75
283	0,0,0,0,1,0,0,0,0,0	0,0,0,0,0,0,0,0,0,0	1,0,0,0,0,1,0,0,0,0	0,0,0,1,0,0,0,1,0,0	141	75
287	103,125,109,103,95,130,105,93,90,129	0,1,0,0,0,0,0,0,0,0	107,97,108,93,91,108,128,109,130,163	0,0,0,0,0,0,0,0,0,0	150	75
288	113,74,106,89,96,104,87,101,117,152	0,0,0,0,0,0,1,0,0,0	103,91,72,115,153,135,151,143,155,180	0,0,0,0,0,0,0,0,0,0	135	75
289	112,75,106,91,96,108,89,100,118,150	0,0,0,0,0,0,0,0,0,0	103,91,73,114,153,134,151,144,156,179	0,1,0,0,0,0,1,0,0,0	135	75
290	233,220,231,231,220,247,198,214,250,286	5,3,9,5,5,7,5,4,10,9	210,233,172,243,280,264,287,281,343,337	9,6,8,7,11,10,14,13,13,8	135	75
291	77,86,89,68,70,72,76,70,79,82	45,56,47,34,44,48,36,35,43,34	75,76,92,101,93,88,88,74,75,68	37,42,58,50,37,47,37,56,56,54	76	75
292	118,144,137,143,131,166,125,140,136,146	1,0,0,0,0,1,1,0,0,0	132,139,142,139,169,142,184,132,171,204	1,0,0,0,1,3,3,1,0,2	150	75
293	30,32,44,30,25,37,22,35,29,35	0,3,0,0,1,0,0,0,0,0	50,25,23,29,31,26,26,30,33,38	0,2,0,0,0,0,0,0,0,0	150	75
295	3,1,5,8,3,2,3,0,3,6	0,0,0,0,0,0,0,0,0,0	3,2,3,0,4,2,4,1,2,10	0,0,0,0,0,0,0,0,0,1	150	75
296	366,364,312,397,337,406,333,365,372,420	0,0,0,0,0,0,0,0,0,1	368,341,304,363,351,340,389,338,424,486	0,0,0,0,0,0,0,0,0,0	150	75
297	4,5,6,6,7,0,6,3,2,3	26,18,23,21,22,13,14,15,15,16	0,6,4,5,2,5,4,5,3,1	21,25,22,22,17,14,25,16,26,17	131	75
299	2,5,3,4,4,2,6,3,5,5	0,0,1,0,2,0,0,2,0,0	4,3,5,3,8,12,4,8,2,0	1,1,0,0,0,0,1,1,0,0	86	75
301	24,25,34,28,30,14,13,37,29,38	1,0,0,0,2,0,0,0,0,0	25,36,30,41,42,38,27,29,24,25	0,0,1,1,0,0,0,0,0,0	79	75
302	7,7,14,11,13,11,8,11,7,8	0,0,0,0,0,1,0,0,0,0	11,5,8,6,5,4,10,11,10,9	1,0,0,2,0,1,0,0,0,0	150	75
303	0,1,0,1,0,3,0,0,1,0	0,0,0,0,1,0,0,0,0,0	0,1,0,0,0,1,0,1,1,0	0,0,1,0,0,0,0,0,0,0	87	75
304	30,39,28,34,28,11,31,18,22,23	13,10,10,11,18,2,6,6,6,11	39,34,29,32,33,33,38,16,21,6	18,6,8,5,16,11,22,15,3,4	150	75
305	82,87,101,105,74,103,84,74,75,117	0,0,0,0,0,1,0,1,0,0	81,82,64,99,110,83,86,83,114,99	2,0,0,1,0,0,0,1,0,0	150	75
306	10,6,10,14,7,3,4,4,8,5	1,0,2,0,1,3,0,1,1,0	5,8,4,8,9,4,6,6,14,11	1,2,0,0,0,0,0,0,2,0	80	75
308	0,0,1,0,0,0,0,1,0,3	0,0,0,0,0,0,0,0,0,0	0,0,0,0,0,0,0,0,0,0	0,0,0,2,0,0,0,0,0,0	150	75
311	19,20,22,18,16,28,12,26,21,16	2,7,4,5,6,7,4,5,1,9	27,18,27,21,17,30,15,12,9,27	7,4,1,1,3,6,7,7,11,3	96	75
312	81,107,83,104,81,25,55,56,91,87	3,3,1,5,1,0,1,0,0,3	92,83,73,54,127,69,98,58,63,43	3,6,0,2,4,1,2,1,0,0	113	75
322	1,0,0,0,2,2,1,0,0,2	4,1,2,1,3,0,1,6,5,5	0,0,0,0,0,0,0,1,0,0	4,6,1,3,3,2,3,1,7,5	77	75
323	32,24,44,29,30,28,37,25,31,31	0,0,0,0,0,0,0,0,0,0	30,33,19,29,37,26,39,27,31,35	0,0,0,0,0,0,1,0,0,0	150	75
324	1,0,1,0,0,0,0,0,0,0	221,258,246,270,216,197,182,252,209,242	0,1,0,0,1,0,0,0,3,1	222,231,258,244,273,221,279,246,257,235	122	75
325	0,0,3,2,3,1,0,3,2,2	19,28,41,37,26,54,26,29,32,39	4,3,0,1,1,0,1,0,7,6	34,27,36,25,35,29,44,15,53,42	150	75
329	1,0,0,0,0,0,0,0,0,0	0,0,1,2,0,0,1,1,0,1	0,0,0,0,0,0,0,0,0,0	0,0,0,0,0,0,0,1,0,0	150	75
330	79,90,87,74,84,48,56,53,78,82	8,9,8,8,5,2,5,7,6,8	79,77,69,108,77,98,102,91,64,64	9,6,7,9,4,9,6,12,9,8	86	75
333	24,26,34,36,24,14,25,26,20,28	0,1,3,0,0,0,0,0,2,0	26,30,22,20,36,17,37,26,25,35	0,1,0,0,0,0,1,0,1,0	108	75
334	9,5,8,10,4,1,5,12,8,8	1,3,4,6,8,2,8,3,3,2	10,6,1,8,11,6,3,7,11,5	4,6,4,3,2,3,5,3,9,6	150	75
336	0,0,0,1,0,1,1,0,2,0	118,129,134,124,118,134,107,149,109,160	0,1,2,0,2,0,2,3,1,0	135,133,123,160,129,155,160,135,157,147	150	75
338	28,21,17,19,18,11,16,16,21,15	0,3,1,2,0,1,1,1,0,0	30,21,17,16,22,21,11,18,15,8	0,0,2,1,1,3,0,0,1,0	105	75
339	7,10,8,4,8,4,6,5,6,4	0,0,0,0,0,1,0,0,0,0	7,4,5,10,9,13,4,5,6,1	0,1,2,0,0,0,0,0,0,0	105	75
340	10,10,10,11,11,10,5,9,7,3	1,5,3,4,2,4,3,8,5,7	10,6,17,11,11,8,11,9,8,14	5,5,4,10,6,3,5,7,6,7	92	75
341	3,4,5,9,3,5,1,3,5,4	3,4,3,8,3,4,10,7,9,6	2,6,8,3,8,1,5,7,4,5	8,1,9,4,5,3,9,1,7,10	87	75
342	8,8,5,8,6,4,5,4,10,3	14,15,28,29,27,17,28,16,19,18	6,3,1,5,8,2,2,1,5,3	14,23,19,12,25,17,18,8,20,24	78	75
343	0,0,0,0,1,0,0,0,0,0	21,10,13,18,7,11,14,12,10,22	0,0,0,0,0,0,0,0,0,0	12,20,20,16,13,12,14,10,15,15	121	75
344	20,24,28,42,19,21,20,25,29,23	3,3,2,2,2,1,3,2,4,3	22,35,25,22,25,31,35,28,26,22	1,3,6,1,3,3,3,4,0,3	79	75
346	18,22,21,26,18,27,17,20,30,28	0,0,0,1,0,0,0,0,0,0	24,27,24,15,27,15,26,17,26,28	0,0,1,0,1,0,0,0,0,1	150	75
348	14,15,13,17,16,28,13,16,20,27	1,0,0,0,0,1,0,0,0,0	19,22,24,14,18,14,21,18,25,30	0,0,0,0,3,1,1,0,0,0	79	75
350	1,1,0,0,1,0,0,2,1,0	26,21,32,29,28,34,19,19,20,44	0,0,0,0,1,0,0,0,0,0	25,27,32,25,30,26,30,19,31,34	85	75
351	1,1,2,0,1,1,0,1,0,2	6,7,8,7,4,7,12,3,10,6	2,1,0,1,2,0,0,1,1,1	7,4,4,7,11,3,4,9,3,9	150	75
352	0,3,5,0,0,1,1,1,0,0	2,1,2,3,1,2,2,0,4,5	1,0,0,0,0,0,1,1,0,0	3,0,1,4,5,4,1,2,7,2	150	75
353	0,3,3,0,0,1,2,1,0,0	7,8,8,5,8,6,5,2,1,5	1,0,2,1,1,0,2,1,1,0	10,7,6,10,2,4,7,3,2,4	150	75
354	2,1,3,3,1,2,3,0,4,5	7,8,8,5,8,6,5,2,1,5	3,0,3,5,6,4,2,2,8,2	10,7,6,10,2,4,7,3,2,4	100	75
355	97,97,102,101,87,57,65,78,87,108	0,0,2,2,1,0,1,1,1,0	80,104,71,100,94,90,106,76,80,75	0,1,0,2,1,0,1,0,0,1	150	75
357	113,138,118,144,106,127,110,136,132,185	0,0,0,0,0,0,0,0,0,0	133,116,107,114,103,130,128,131,149,149	0,0,0,0,0,1,0,1,0,0	150	75
359	494,404,532,503,444,213,337,348,363,383	81,41,74,77,63,24,63,48,48,48	493,351,464,392,512,411,483,353,299,196	69,30,67,24,84,58,39,44,26,15	114	75
360	48,32,31,63,43,44,42,33,30,28	0,0,0,0,0,1,0,0,0,0	44,48,28,31,37,57,46,37,49,46	0,0,0,1,1,0,0,0,0,0	88	75
361	19,27,17,24,27,18,7,19,20,16	0,1,0,0,0,0,0,0,0,0	29,20,18,26,16,28,24,23,19,30	1,2,0,0,0,0,0,0,0,0	150	75
362	0,0,0,0,0,0,0,0,0,0	5,6,4,2,2,3,1,4,2,0	0,0,0,0,1,1,0,1,0,1	5,3,0,2,3,4,4,2,7,3	90	75
363	0,0,0,0,1,0,0,0,0,0	14,5,11,7,9,6,7,5,5,13	0,0,0,0,1,0,0,1,0,1	15,6,13,17,9,11,14,11,13,8	90	75
364	164,209,209,202,185,112,121,165,153,166	2,0,0,1,0,0,0,3,0,0	183,125,165,162,182,166,192,155,161,140	3,1,1,3,1,1,1,2,2,0	89	75
365	163,150,177,156,126,87,95,130,135,126	4,9,2,4,1,4,8,2,8,2	179,130,130,163,160,132,169,145,105,82	1,2,6,3,6,4,2,3,4,1	120	75
368	0,2,0,0,0,1,1,0,0,0	0,0,1,0,0,0,2,0,0,1	0,0,0,2,0,0,0,2,0,1	0,1,0,0,0,3,1,0,0,4	87	75
369	3,2,1,1,5,2,3,5,3,8	33,38,40,31,40,17,27,41,41,24	5,4,1,3,1,1,4,4,7,1	40,28,29,37,43,46,39,47,31,34	135	75
370	1129,1229,1287,1456,1244,1334,1163,1226,1226,1407	0,1,1,1,1,1,1,0,1,5	1258,1271,1237,1299,1318,1277,1359,1339,1433,1419	0,0,1,1,1,0,1,1,0,1	150	75
372	1,0,0,0,0,0,0,0,0,0	24,27,27,16,22,15,15,20,12,24	0,0,0,0,0,0,0,0,0,0	30,21,15,19,21,18,22,18,11,10	150	75
373	0,2,2,2,1,0,0,0,0,0	40,31,31,40,32,20,26,44,26,36	1,0,0,1,0,0,0,2,0,0	35,30,31,39,45,35,42,32,30,37	142	75
374	5,2,9,4,5,2,0,3,3,5	15,19,16,11,15,20,10,22,13,11	4,3,2,4,3,6,3,2,5,4	13,16,18,19,17,13,14,15,10,9	150	75
375	0,0,2,2,1,0,0,1,1,0	55,68,73,66,56,75,56,62,63,84	1,0,0,1,1,0,1,0,0,0	59,53,63,61,50,71,82,49,73,99	104	75
376	86,89,75,80,86,63,55,83,66,77	1,0,0,0,1,0,0,0,0,0	87,84,65,77,88,72,87,61,83,63	0,1,0,0,1,0,0,0,0,0	93	75
377	144,184,163,140,145,174,142,161,148,188	6,8,11,8,8,7,5,4,1,8	164,166,143,134,162,147,164,158,192,175	12,10,4,4,10,15,6,5,10,8	150	75
378	1,0,0,0,0,0,0,1,0,0	2,0,0,0,0,0,0,0,0,0	0,0,0,1,0,1,0,0,0,2	0,0,0,0,1,0,0,0,0,0	84	75
379	0,1,3,2,0,1,0,5,2,2	7,10,9,8,18,12,13,15,13,16	1,3,5,3,1,2,1,2,0,2	12,15,16,15,16,14,13,12,10,11	131	75
381	0,0,1,0,0,0,0,0,0,2	2,4,1,0,2,0,0,1,3,1	0,0,0,1,0,0,0,1,0,0	0,1,1,3,2,1,0,1,1,0	91	75
382	133,138,130,146,129,111,101,126,115,136	28,25,22,16,24,12,27,15,28,31	144,106,134,110,120,155,142,100,119,135	17,23,25,15,31,29,27,15,21,14	101	75
383	34,38,41,36,42,26,27,26,26,35	0,0,0,0,0,0,0,0,0,0	42,27,31,22,32,49,41,28,31,35	2,1,0,0,0,0,0,0,0,0	101	75
385	12,10,9,17,8,15,8,18,11,12	0,0,0,0,1,0,0,0,0,0	12,6,4,14,8,7,10,13,16,14	0,0,0,0,0,0,0,0,0,1	150	75
386	7,8,6,11,8,11,6,9,16,9	18,14,16,12,10,13,8,8,12,13	7,15,6,6,8,9,10,9,14,9	19,10,21,8,11,24,23,16,25,6	84	75
387	72,57,58,61,59,46,50,40,54,64	2,1,0,0,0,0,0,1,0,1	64,59,52,43,64,47,60,47,48,54	0,0,0,3,1,0,0,0,0,0	150	75
388	5,1,0,4,0,1,3,0,2,5	44,29,28,49,30,48,31,47,48,48	4,1,3,0,3,2,4,0,1,3	44,36,32,50,40,43,50,25,36,47	134	75
389	0,0,1,3,2,0,0,1,0,0	0,2,0,0,0,0,0,0,0,0	0,0,0,0,1,0,2,1,0,0	0,0,0,0,1,0,0,0,0,0	150	75
390	1,0,1,5,2,0,1,4,1,0	5,13,14,11,12,1,5,6,7,13	1,1,0,0,4,1,3,1,0,0	8,10,5,3,16,6,7,13,4,0	150	75
391	5,10,10,10,4,4,6,8,1,12	81,72,72,80,76,53,50,67,52,39	7,5,9,11,9,7,12,10,8,4	68,74,62,80,78,78,105,76,58,46	93	75
392	5,14,9,17,9,10,1,10,3,11	82,93,102,102,104,55,78,71,59,98	6,7,11,6,9,6,12,6,7,4	120,86,74,86,112,126,100,85,83,43	93	75
393	5,12,6,5,10,6,4,2,14,21	0,1,3,2,0,1,0,0,2,0	12,12,22,11,21,15,17,10,12,8	1,0,0,0,0,0,0,0,0,0	112	75
394	32,47,29,28,27,42,30,31,29,34	0,3,2,1,1,0,1,1,4,1	33,41,29,38,37,34,27,27,35,33	1,0,0,1,0,4,3,1,1,3	137	75
395	48,48,44,50,52,38,39,57,40,40	26,37,37,49,42,19,38,34,40,40	59,53,44,48,46,50,44,41,63,33	35,40,33,27,39,33,34,34,34,28	123	75
396	127,134,140,175,133,72,118,123,94,136	2,2,1,0,2,0,0,0,0,0	162,129,142,124,165,144,144,118,90,73	1,1,1,1,0,0,2,3,1,0	150	75
397	287,314,289,262,239,162,192,218,206,180	0,0,1,0,0,0,0,0,0,0	302,251,226,223,291,243,294,188,209,158	0,0,0,0,0,0,0,0,0,0	147	75
398	30,33,17,36,23,25,24,18,20,25	0,0,0,0,1,0,0,0,0,0	30,27,28,22,29,17,25,30,46,25	1,0,1,0,0,1,0,0,0,0	150	75
399	55,37,43,41,35,40,34,43,49,45	0,0,0,0,0,0,0,0,0,1	55,34,41,43,48,46,34,37,52,37	0,0,0,0,0,0,0,0,0,0	150	75
401	0,0,1,0,0,0,1,0,0,0	0,0,2,0,0,2,1,0,0,0	0,0,1,0,0,1,0,0,1,0	0,1,1,0,0,0,1,1,0,1	150	75
402	478,480,507,489,459,615,445,562,502,530	2,2,1,0,1,4,0,0,4,0	519,437,447,478,542,468,537,455,534,665	0,1,0,0,4,1,4,0,0,3	150	75
404	7,4,2,6,4,3,3,2,2,3	846,916,925,901,860,818,765,763,859,992	4,2,1,5,7,3,8,5,2,2	948,876,940,863,1017,833,1080,924,882,931	79	75
406	0,0,0,0,0,0,0,0,0,0	15,28,38,30,31,20,23,22,34,28	0,0,1,0,0,0,0,0,1,0	21,23,34,26,28,23,39,33,26,20	150	75
407	1,0,2,0,0,0,1,0,0,0	62,57,67,56,56,12,25,30,40,32	2,0,1,0,1,0,3,0,0,1	58,39,41,48,85,64,60,50,30,12	105	75
409	9,9,8,12,7,4,5,11,12,6	0,0,0,0,0,0,0,0,0,1	8,8,14,10,14,9,8,15,6,3	0,0,0,0,3,0,0,1,0,0	118	75
410	1,3,5,3,3,0,0,3,3,1	15,16,28,19,19,7,10,10,14,11	4,4,3,2,3,2,1,2,2,1	15,11,17,23,26,22,17,16,7,10	78	75
411	1,2,1,1,0,1,0,2,3,1	0,1,1,1,0,1,1,0,1,0	3,1,1,4,1,1,3,1,4,3	0,0,1,0,0,1,0,1,0,1	82	75
412	19,22,18,25,7,12,15,27,17,20	0,0,0,0,1,1,1,0,0,0	20,18,17,32,21,22,22,28,17,12	0,0,0,0,0,1,0,0,0,1	150	75
413	0,2,2,0,1,0,0,1,2,1	0,0,0,0,0,0,0,2,2,0	1,0,0,0,1,2,2,2,3,0	0,0,0,2,0,0,0,0,0,0	150	75
414	4,4,3,1,2,0,2,2,1,2	10,13,24,15,10,7,13,10,6,15	5,1,0,0,3,0,1,1,7,5	19,15,13,20,18,14,23,11,16,11	134	75
415	1,5,1,3,3,1,2,3,1,0	7,6,10,7,7,1,4,2,8,1	1,2,3,1,1,0,4,0,2,5	3,4,6,5,5,7,4,5,4,6	84	75
417	0,1,0,0,0,0,0,0,0,0	16,24,16,20,12,11,11,15,15,18	0,0,0,0,2,0,0,0,0,0	12,10,27,18,18,7,19,17,16,3	81	75
418	1,2,4,6,3,3,1,1,5,3	0,0,0,0,0,0,0,0,0,0	2,2,3,2,4,2,5,3,2,4	0,0,0,0,0,0,0,0,0,1	112	75
419	31,31,35,44,31,22,30,24,30,41	1,0,0,0,0,1,0,0,0,0	33,31,31,41,35,31,31,36,22,40	0,1,0,0,1,1,1,1,1,1	140	75
420	169,150,173,201,208,183,185,218,164,209	0,0,0,0,2,0,1,0,0,0	226,177,162,170,189,176,220,169,244,203	0,0,0,0,0,1,0,0,0,1	80	75
421	36,37,30,50,30,45,29,41,39,30	0,0,0,1,2,1,0,1,1,0	35,28,34,50,41,29,49,35,33,46	1,1,0,0,0,1,0,0,1,1	150	75
422	40,38,30,47,27,45,27,42,39,27	0,0,1,0,0,0,0,0,0,0	36,23,33,49,40,28,50,34,33,44	0,0,0,0,0,0,2,0,0,0	150	75
423	8,4,7,9,13,2,10,16,8,17	0,0,0,0,0,1,0,0,0,0	13,3,9,11,7,4,9,6,7,8	0,0,0,0,0,0,0,0,0,0	150	75
424	38,30,38,34,23,23,22,37,34,45	2,10,9,11,5,2,5,5,2,10	39,28,26,32,29,45,35,30,14,23	8,9,3,1,7,9,6,4,11,3	79	75
425	155,170,145,138,141,157,123,161,150,139	11,6,13,17,9,19,12,13,21,14	187,120,176,123,146,138,146,122,143,174	10,9,15,10,15,15,10,13,12,23	150	75
426	210,232,202,211,206,219,178,226,215,201	11,6,13,17,9,19,12,13,21,14	249,162,230,183,203,185,215,164,223,253	10,9,15,10,15,15,10,13,12,23	150	75
427	213,206,179,224,214,212,151,228,203,194	12,8,7,8,7,8,6,6,4,7	216,168,185,204,224,161,236,158,242,253	9,13,12,10,7,5,5,7,11,7	133	75
428	1,0,1,2,0,0,0,1,0,0	36,44,56,39,54,19,30,30,25,27	0,0,0,0,0,0,0,0,1,0	43,40,26,57,50,43,54,35,52,32	81	75
429	0,0,1,0,3,2,1,1,1,0	0,1,0,0,0,0,0,0,0,0	1,1,0,0,3,1,0,1,1,1	0,0,0,0,0,0,0,0,0,0	150	75
430	26,27,23,15,28,17,31,23,20,24	0,0,0,0,0,0,0,0,0,0	30,32,22,21,16,18,24,29,19,23	0,2,0,0,0,0,0,0,0,0	150	75
432	2,0,1,0,0,1,1,2,0,0	51,38,43,49,38,42,30,41,32,44	2,2,3,0,1,2,0,2,0,3	60,38,39,48,55,47,56,28,40,34	150	75
433	39,36,51,56,40,24,26,31,36,27	1,0,0,0,1,0,0,2,1,2	43,35,39,39,52,43,58,33,24,22	0,0,0,4,1,1,3,1,1,0	150	75
434	0,0,1,0,0,0,0,0,0,0	10,6,6,4,5,2,5,8,14,9	0,0,0,0,0,0,0,0,0,0	4,1,8,4,2,6,6,5,4,3	150	75
435	0,0,0,0,0,0,0,0,0,0	0,0,0,4,1,1,1,2,2,2	0,4,0,0,0,0,1,0,0,0	0,1,1,1,2,3,0,0,0,0	150	75
436	0,1,0,1,0,0,0,0,0,0	0,0,0,0,0,0,0,0,0,0	0,0,0,0,2,1,2,0,0,1	0,0,0,2,0,0,0,0,0,0	81	75
437	0,0,0,1,1,0,0,2,1,0	48,50,58,60,61,48,37,58,61,57	0,1,0,0,0,0,0,1,0,2	56,44,48,58,41,56,56,48,67,63	91	75
438	0,0,0,0,0,0,0,0,0,1	1,0,1,2,0,0,0,0,0,0	0,0,0,0,0,0,0,0,0,0	1,0,2,0,0,2,1,0,3,1	150	75
440	3,8,8,15,12,9,10,8,11,11	1,0,4,4,3,0,5,4,3,0	18,10,17,10,11,13,11,4,14,11	1,4,0,0,1,2,6,3,0,3	106	75
441	10,16,10,23,18,11,11,10,14,19	1,0,4,4,3,0,5,4,3,0	21,15,20,15,17,18,11,7,16,13	1,4,0,0,1,2,6,3,0,3	150	75
442	11,9,4,11,7,4,2,3,4,9	0,0,0,0,1,0,0,0,0,0	5,5,7,7,6,6,2,5,4,6	2,0,4,0,0,0,2,0,0,0	150	75
443	13,7,14,6,8,9,5,10,13,5	10,10,7,13,11,5,7,10,10,16	13,5,7,9,15,10,13,4,9,6	9,12,11,8,8,5,7,17,12,12	150	75
444	0,0,2,1,3,0,0,0,0,0	259,207,248,261,218,176,208,202,238,230	1,0,0,2,1,0,1,3,1,0	256,205,257,217,232,245,277,203,234,204	150	75
445	4,8,7,13,7,3,4,3,9,4	0,0,0,0,0,0,0,0,1,0	10,4,5,6,5,6,7,2,6,8	0,0,0,0,0,0,0,0,0,0	150	75
447	537,546,565,568,538,580,483,501,550,584	0,0,0,0,0,0,2,0,0,0	561,497,552,591,581,514,622,566,567,646	0,0,1,0,0,0,0,0,0,0	150	75
450	38,31,44,29,29,24,35,28,41,37	0,0,0,0,0,0,0,0,0,0	39,35,33,37,39,31,49,34,38,42	0,0,1,1,0,0,0,2,0,0	150	75
451	24,37,32,33,43,21,26,34,28,31	2,3,4,1,2,2,3,2,1,3	31,27,35,24,24,43,33,30,44,28	2,0,3,0,5,2,3,0,2,1	81	75
452	0,0,0,0,0,0,0,1,0,0	2,1,1,2,3,3,3,2,1,2	1,0,1,0,1,1,1,0,0,0	2,4,1,1,3,3,1,1,1,1	92	75
453	2,2,2,2,1,1,2,2,5,3	26,18,29,24,27,10,16,23,19,27	4,1,3,2,3,4,2,5,1,0	19,27,28,17,23,18,21,20,19,21	92	75
454	3,1,1,1,0,1,1,1,2,2	0,0,0,0,0,0,0,0,0,0	2,2,1,1,1,2,0,2,3,2	0,1,0,0,0,0,0,0,0,0	87	75
455	18,36,19,25,22,23,15,19,18,21	3,5,5,4,7,1,2,1,4,2	27,20,18,10,23,32,25,26,21,17	5,3,6,5,0,3,5,3,1,0	111	75
456	83,106,92,87,92,69,49,77,79,73	8,10,15,11,18,5,5,13,13,9	98,101,85,89,88,96,120,88,73,51	18,13,13,15,17,18,15,13,13,6	111	75
457	1,0,0,0,0,0,0,0,0,0	7,13,4,8,15,6,10,7,7,4	0,1,0,1,0,0,0,0,0,0	2,13,7,8,13,5,13,6,6,3	86	75
458	9,10,10,7,2,8,4,8,7,5	6,22,17,15,14,10,15,20,11,15	9,5,5,4,2,4,7,8,4,4	12,23,11,5,10,10,12,14,21,12	150	75
459	5,1,2,2,1,2,2,7,4,5	3,8,6,2,4,4,3,4,5,4	4,5,3,5,5,4,8,3,3,4	2,6,8,6,10,9,5,7,2,4	150	75
460	1,0,0,0,0,1,0,1,1,0	15,16,14,17,9,3,7,3,4,15	0,0,0,0,1,0,0,0,0,0	13,13,19,12,16,12,8,11,7,5	98	75
461	0,0,1,2,1,2,1,3,1,1	23,14,16,15,32,7,12,24,14,12	4,3,0,0,1,3,1,2,1,1	18,13,25,11,15,21,28,18,9,8	79	75
462	26,22,34,33,24,23,27,23,25,20	0,0,2,1,0,0,0,0,1,0	24,20,29,22,28,31,39,26,19,8	0,0,0,0,1,0,0,0,0,0	150	75
463	31,40,29,45,28,28,38,34,47,39	5,0,2,3,1,1,2,1,1,2	50,39,39,38,54,37,46,37,49,36	5,2,1,0,0,1,1,1,0,0	150	75
464	0,0,0,0,0,0,1,0,0,0	0,0,0,0,0,0,0,1,0,0	0,0,0,0,0,0,0,0,0,0	0,0,0,0,0,0,0,1,0,1	84	75
465	215,212,211,244,239,169,179,170,188,224	19,40,25,23,22,36,17,17,35,21	260,240,207,187,215,231,259,231,223,165	20,33,20,15,25,21,21,22,21,24	87	75
466	11,16,14,13,16,8,5,12,6,8	0,0,0,0,0,0,1,0,0,2	11,10,17,10,9,7,15,17,12,13	1,0,0,1,0,0,0,0,0,2	80	75
467	0,1,3,3,1,3,2,4,2,0	27,22,14,26,27,20,19,20,31,24	4,0,0,0,0,0,1,0,2,1	24,18,14,20,18,19,17,21,17,32	139	75
468	6,10,14,7,2,4,8,7,17,13	0,0,0,0,1,1,1,0,0,2	9,5,5,7,22,27,18,11,10,17	0,0,0,0,0,0,0,0,0,0	150	75
469	0,0,0,0,0,0,0,0,1,0	21,24,27,24,19,25,26,22,20,25	0,0,0,0,0,0,0,0,0,0	20,29,16,37,28,30,33,36,26,28	108	75
470	1,0,0,0,2,1,0,3,1,0	0,0,0,0,0,1,0,0,0,0	1,0,0,0,0,1,0,1,3,0	0,0,0,0,0,0,1,0,0,1	150	75
471	0,1,1,2,2,3,0,1,0,2	0,0,0,0,1,0,0,0,0,0	5,0,1,3,4,0,1,2,4,6	0,0,0,0,0,0,0,0,0,0	150	75
472	3,0,2,5,0,0,2,0,2,3	0,1,0,3,0,1,0,0,1,3	1,1,1,1,4,2,0,0,2,1	0,0,3,1,0,1,0,5,0,0	150	75
473	3,0,2,5,0,1,2,1,2,3	6,7,10,8,9,12,9,12,5,3	1,1,2,1,6,3,1,1,2,1	15,17,15,6,11,9,9,6,8,10	150	75
474	303,306,311,350,278,292,278,326,281,279	11,8,6,7,5,8,12,13,7,6	368,318,287,328,327,336,331,284,301,309	10,9,3,8,5,6,12,9,6,7	150	75
475	168,170,176,179,146,127,129,166,142,152	2,0,1,1,0,0,0,0,0,0	194,156,148,178,159,158,182,146,147,174	0,0,1,1,0,2,1,1,0,0	150	75
476	33,35,32,41,32,15,23,26,25,41	0,0,0,0,0,0,0,0,0,1	43,36,30,39,39,31,41,23,30,18	0,0,0,0,0,0,0,0,0,1	99	75
477	40,38,39,47,36,19,30,29,29,46	1,2,0,1,3,0,1,0,0,0	44,37,36,50,44,37,48,27,33,20	0,0,0,0,1,1,0,2,0,0	99	75
479	508,545,544,610,517,460,442,475,451,500	7,10,11,11,14,8,6,11,10,9	518,495,496,507,586,507,487,464,514,528	5,5,9,10,9,9,6,8,7,10	81	75
480	21,13,17,22,20,32,22,31,26,29	1,6,2,3,0,0,1,4,0,1	19,24,27,18,21,24,27,16,28,22	3,1,2,3,3,2,0,0,3,0	87	75
481	0,0,0,0,0,0,0,0,0,0	3,1,3,0,0,2,3,0,4,0	0,1,0,0,0,0,0,0,0,0	1,0,0,0,2,2,0,3,1,1	78	75
482	286,390,377,369,324,261,305,335,330,372	0,0,0,0,3,1,0,1,1,0	369,333,344,391,383,382,448,342,376,309	0,2,0,0,0,0,0,0,1,0	85	75
484	1,0,1,1,0,0,1,0,0,0	38,39,40,42,35,22,30,39,41,42	0,0,0,0,0,1,0,0,0,0	50,30,36,42,47,35,40,45,21,19	97	75
487	12,7,12,13,10,8,12,13,12,8	0,0,0,0,1,0,0,0,1,2	20,13,10,13,17,7,10,7,18,24	0,0,0,0,0,0,0,0,1,0	150	75
488	30,24,24,29,28,21,26,31,31,23	1,0,0,2,0,1,0,0,0,2	36,34,31,23,45,29,26,20,39,39	1,3,0,0,0,1,2,0,0,2	150	75
489	11,19,24,10,25,6,4,15,13,10	1,0,2,0,3,0,2,1,2,1	13,19,7,12,13,17,17,24,9,8	1,1,0,3,3,2,1,1,2,1	150	75
490	36,28,21,27,31,11,19,21,26,20	0,0,0,0,0,0,1,0,0,0	25,28,22,11,17,23,28,20,23,10	0,0,0,0,0,0,0,0,0,0	150	75
491	1,5,2,1,2,0,2,1,3,1	0,3,1,2,1,0,0,1,0,0	4,3,3,2,2,2,2,2,1,0	0,0,0,1,0,2,0,0,0,0	150	75
492	1,5,2,1,2,1,2,1,3,1	2,5,1,3,3,1,2,0,2,2	5,4,2,2,3,2,2,2,1,0	5,5,2,6,6,3,8,1,5,3	150	75
493	0,2,3,1,0,0,1,1,1,0	1,0,0,1,0,0,1,2,1,0	0,0,1,0,0,2,0,1,0,2	0,1,0,0,1,0,0,0,0,1	150	75
494	2,3,0,4,1,2,0,2,3,2	1,0,0,1,0,0,1,2,1,0	3,1,2,1,1,2,1,1,3,3	0,1,0,0,1,0,0,0,0,1	150	75
495	5,5,2,6,2,2,2,4,5,3	0,2,3,1,0,0,1,1,1,0	7,4,2,3,5,6,2,2,7,10	0,0,1,0,0,2,0,1,0,2	150	75
496	21,22,20,28,22,23,13,18,15,25	282,251,283,245,201,262,241,221,253,246	30,20,15,16,26,22,29,25,19,28	237,222,213,237,272,215,263,223,270,280	150	75
498	41,50,55,57,42,41,34,31,40,55	118,167,167,175,163,122,123,125,137,170	42,48,32,52,47,31,54,48,45,24	132,144,139,148,153,147,161,146,175,101	84	75
499	24,25,29,33,27,39,34,34,31,41	0,0,0,0,0,0,0,0,0,2	27,30,34,37,27,41,25,28,36,44	0,0,0,0,0,0,0,0,0,0	150	75
500	22,23,19,24,24,18,10,17,19,14	0,0,0,0,0,0,0,0,1,0	21,19,22,14,22,22,30,20,27,23	0,0,0,0,0,0,0,0,0,0	150	75
501	0,0,0,0,0,1,0,1,0,0	1,0,0,1,0,1,1,0,0,0	0,0,0,0,0,0,0,0,0,0	0,3,0,0,1,0,0,0,1,0	104	75
502	32,35,34,40,49,29,30,33,39,38	8,6,13,6,8,6,6,8,9,12	54,35,35,43,46,31,35,46,27,27	6,6,9,14,8,10,3,7,7,4	103	75
503	0,1,0,1,0,2,1,6,2,2	0,0,0,0,0,0,0,0,0,1	0,0,2,2,0,1,1,0,1,1	0,0,0,0,0,0,2,0,0,0	150	75
505	23,37,26,27,19,27,27,27,41,23	5,7,15,13,4,5,7,8,4,6	33,21,33,22,37,40,52,43,31,44	5,2,2,5,8,7,8,8,13,8	150	75
506	34,31,45,33,39,6,9,21,21,15	0,0,0,0,0,0,0,0,1,0	27,20,25,24,37,26,30,17,14,5	0,0,0,0,0,0,0,0,0,1	101	75
507	19,18,15,37,28,17,14,20,17,17	0,0,0,0,0,0,0,0,0,0	23,13,20,12,40,19,28,31,14,13	1,0,0,1,2,0,0,0,0,0	150	75
508	1,3,0,0,0,1,1,4,0,4	32,35,32,33,26,20,24,25,33,31	2,1,0,1,0,0,1,0,0,1	32,28,29,24,42,40,48,33,21,23	77	75
509	24,29,21,31,37,17,19,26,23,30	0,0,1,0,1,1,1,1,0,0	20,32,27,17,14,32,28,31,16,28	0,0,0,0,0,0,0,0,2,0	79	75
510	1,1,0,0,0,0,1,0,1,0	70,130,83,94,108,71,92,76,73,89	0,0,0,1,0,0,0,0,0,0	115,94,95,83,137,87,98,75,101,67	150	75
515	191,220,236,250,224,226,197,238,211,282	0,0,0,0,0,0,0,0,0,1	212,199,215,216,222,243,262,203,259,240	0,0,0,0,0,0,0,0,0,0	104	75
516	0,1,0,2,1,3,0,0,0,3	0,0,1,0,0,0,0,0,0,0	1,1,0,0,0,0,0,0,0,0	1,1,0,0,0,0,0,0,0,0	150	75
517	0,3,3,1,0,0,0,4,0,0	0,1,1,0,2,0,0,0,0,0	0,2,0,0,2,1,1,1,1,1	0,2,1,1,0,1,0,0,0,0	105	75
518	26,33,26,28,29,11,18,27,32,18	0,1,0,0,1,1,0,0,0,0	31,25,28,17,28,29,40,27,22,15	0,0,0,0,0,0,0,0,0,0	92	75
520	44,31,34,42,28,49,35,35,31,50	1,0,0,0,0,0,0,0,0,0	34,44,32,36,40,25,27,37,37,42	0,0,0,0,0,0,0,0,0,0	150	75
522	144,127,160,134,141,152,139,169,140,132	0,0,0,0,0,0,0,0,0,0	152,124,142,135,154,137,158,128,169,175	0,0,0,1,0,0,0,0,1,0	148	75
523	0,2,6,2,1,2,4,1,2,3	2,8,10,15,9,9,4,16,5,7	1,0,0,2,1,3,3,4,3,3	11,5,2,10,2,8,8,9,7,7	135	75
524	86,108,112,95,87,80,50,89,70,75	95,79,76,104,78,40,65,62,67,53	102,110,94,101,92,101,113,111,86,83	91,74,51,78,81,79,72,59,48,53	87	75
525	1,5,8,4,1,4,5,3,3,5	2,0,0,0,0,0,0,1,0,0	3,4,3,1,5,4,3,6,6,5	0,0,0,0,0,0,0,0,0,0	150	75
526	4,1,1,0,1,1,0,1,1,3	0,0,0,1,0,0,0,0,0,0	5,3,0,1,2,1,4,3,3,4	0,0,0,0,0,0,0,0,0,0	150	75
527	57,65,74,62,65,37,45,52,53,60	2,5,0,0,0,2,1,2,2,2	60,64,51,65,65,56,58,55,45,51	4,3,3,4,1,0,2,5,5,5	150	75
528	42,60,40,41,35,60,37,51,41,41	0,2,0,0,0,0,0,0,0,0	40,41,32,56,47,52,46,36,50,60	0,0,0,0,0,0,0,0,0,0	150	75
529	0,0,0,0,0,1,0,1,0,0	55,81,93,69,85,73,74,79,78,109	0,0,0,0,0,0,1,0,1,0	76,76,50,77,84,78,95,73,109,105	79	75
530	55,66,69,66,59,55,33,40,57,67	20,29,25,32,22,19,19,21,11,18	60,55,57,55,67,81,83,54,68,49	16,20,22,21,21,22,20,21,16,11	98	75
531	0,0,0,0,0,0,0,1,0,1	10,12,16,16,17,11,6,21,12,7	0,0,0,0,1,0,1,0,0,1	10,9,6,14,14,16,13,5,15,5	117	75
532	26,19,28,23,17,17,14,25,19,17	0,0,0,0,0,0,0,0,0,1	28,26,21,18,21,16,29,21,14,22	1,1,0,0,0,0,0,0,1,0	84	75
533	0,1,0,0,0,0,0,0,1,0	10,12,11,10,6,19,10,11,10,5	0,0,0,0,1,0,0,2,0,0	10,10,10,12,11,11,21,9,7,8	80	75
534	25,31,23,21,25,23,17,20,16,19	0,1,0,0,0,0,0,0,0,0	20,18,21,23,33,25,27,20,27,32	0,0,0,0,0,0,0,0,0,0	150	75
535	1,5,3,2,1,4,0,5,2,2	5,10,10,10,12,5,11,11,3,5	5,3,2,4,0,2,5,1,1,1	5,11,3,8,7,11,7,4,7,8	105	75
537	4,1,7,5,2,6,3,5,2,1	1211,1228,1327,1303,1085,1205,1008,1131,1062,1253	4,3,2,5,4,5,3,4,5,2	1245,1027,1108,1240,1277,1109,1167,1053,1280,1288	129	75
538	12,6,8,10,18,12,7,6,10,18	81,101,125,116,93,101,100,95,100,113	5,10,18,15,12,14,11,11,13,23	111,100,102,93,104,116,134,95,126,138	78	75
540	221,275,307,272,263,168,182,180,213,208	24,21,25,35,19,20,24,12,16,18	214,191,206,253,282,275,278,164,204,165	24,32,16,22,21,37,22,11,17,11	78	75
541	86,139,126,146,120,43,78,109,81,90	5,1,6,2,2,2,3,5,3,0	121,84,94,80,141,111,122,90,65,42	2,2,2,4,5,5,5,5,1,0	96	75
542	7,5,10,4,9,2,6,4,8,6	86,97,89,76,79,27,42,37,56,53	17,4,9,4,6,3,9,5,3,9	96,48,53,47,115,52,68,54,50,30	90	75
544	108,143,120,145,140,134,153,124,131,109	138,169,135,145,128,137,114,157,154,155	151,133,121,145,139,143,152,139,149,155	122,144,117,156,142,144,157,149,146,170	114	75
545	1,3,3,0,1,0,0,0,1,0	18,38,33,39,38,41,36,45,39,41	1,0,1,1,2,1,0,0,0,2	42,51,33,47,31,48,47,40,29,42	146	75
546	5,9,4,12,9,8,10,7,2,15	2,0,1,1,1,0,1,0,0,3	6,7,13,11,12,9,15,4,8,12	1,0,5,1,0,1,0,0,2,0	150	75
548	101,74,77,88,74,69,75,72,76,95	5,7,3,4,7,6,5,6,4,5	81,58,65,80,94,73,86,90,73,74	2,5,6,6,4,2,4,3,4,13	135	75
551	1,1,2,0,0,0,1,0,0,0	1,2,3,1,0,0,1,2,3,0	1,1,0,2,0,0,1,0,0,0	2,0,0,0,2,1,2,1,1,1	150	75
552	1,2,0,1,0,0,2,1,0,2	18,14,13,15,22,14,13,14,18,12	4,0,0,1,3,2,3,0,0,0	28,13,11,17,19,20,21,16,9,11	150	75
554	73,58,52,80,65,25,29,49,53,66	0,0,0,0,0,0,0,0,0,0	52,48,52,58,86,42,83,50,36,29	0,0,0,0,1,1,0,0,0,0	150	75
556	203,271,290,281,270,316,240,248,266,306	119,125,122,127,110,152,100,112,122,148	262,285,246,291,252,257,313,237,318,314	137,121,123,125,113,104,136,116,137,193	102	75
557	131,178,177,179,184,219,153,152,177,194	5,7,9,2,5,4,1,7,10,5	173,175,151,197,172,172,188,150,186,202	8,16,6,6,21,6,8,7,7,15	102	75
558	124,165,172,167,177,201,143,141,162,190	0,0,2,1,3,1,3,0,2,2	162,167,135,192,169,166,184,141,178,193	3,1,0,2,0,0,1,0,0,0	102	75
559	27,27,38,36,27,33,22,27,27,43	2,0,0,0,0,0,1,1,0,1	28,27,31,25,42,34,26,26,25,31	0,0,1,0,0,0,2,1,0,0	150	75
560	0,0,0,0,0,0,0,0,0,0	24,21,26,32,20,26,24,22,28,29	0,0,0,0,0,0,1,0,0,0	26,30,19,9,21,15,23,16,16,12	150	75
561	3,5,6,2,2,3,2,3,1,4	18,17,15,26,17,14,30,20,15,27	1,3,0,3,2,2,1,2,1,2	20,21,22,22,33,14,24,24,25,8	123	75
562	3,6,4,2,5,2,4,7,1,4	2,3,4,1,0,0,1,0,1,0	3,4,5,13,4,9,4,4,1,2	1,1,1,1,0,1,1,1,0,1	83	75
563	0,0,1,2,0,0,1,0,1,1	0,0,0,0,0,1,0,0,0,0	0,0,0,0,0,0,2,1,0,0	0,0,0,0,0,0,0,0,0,0	150	75
565	0,0,0,2,1,0,0,1,0,0	0,0,0,1,0,0,0,0,0,0	1,1,1,1,1,0,0,0,0,0	0,0,0,1,0,0,0,0,1,0	150	75
566	1,1,0,0,1,0,1,0,1,2	39,53,43,44,37,18,19,22,34,25	0,0,1,0,0,0,0,1,0,0	31,40,30,28,38,36,37,31,21,10	82	75
567	1,0,0,0,0,0,0,1,1,1	22,24,19,31,22,19,16,18,29,21	0,1,2,1,1,0,0,0,1,0	23,14,21,18,20,20,17,26,20,15	150	75
568	1,0,2,3,3,0,0,2,3,1	0,0,0,0,0,0,0,0,0,0	2,0,4,2,3,3,3,1,3,0	0,0,0,1,0,0,0,0,0,0	150	75
569	238,281,270,282,236,250,290,266,230,307	8,9,8,7,3,6,4,5,3,7	329,232,258,248,291,278,276,244,251,214	8,6,3,2,5,15,7,6,9,4	150	75
570	3,0,0,2,0,0,0,1,0,1	0,0,0,0,0,0,0,0,0,0	0,1,0,0,0,2,0,0,1,0	0,0,0,0,0,0,0,0,1,0	150	75
572	0,0,1,0,0,0,0,0,0,0	0,0,0,0,0,0,0,0,0,0	0,0,0,0,0,0,0,1,0,0	0,0,0,0,2,0,0,0,0,0	104	75
575	62,91,69,68,45,86,58,73,67,45	0,0,0,3,0,0,0,0,0,0	77,59,41,85,66,40,81,60,63,65	0,0,0,0,0,0,0,0,0,0	150	75
578	83,95,96,93,78,57,43,67,67,54	8,6,10,14,10,8,7,6,6,2	73,90,85,93,112,78,98,80,59,78	5,2,11,8,7,7,1,5,6,5	96	75
579	12,15,10,18,16,8,12,18,10,19	64,55,74,65,67,71,41,63,82,67	12,10,10,21,12,7,13,7,12,22	61,63,58,76,76,63,75,43,72,78	99	75
580	1,1,4,0,2,0,3,0,1,4	25,21,25,40,22,22,24,19,30,35	1,3,0,2,0,0,2,1,1,2	20,21,24,34,35,21,34,21,32,34	84	75
581	28,30,28,44,28,34,33,47,21,36	7,6,4,4,4,3,9,6,5,5	34,25,28,30,19,28,34,21,31,35	9,2,2,10,6,9,10,12,7,5	77	75
582	0,2,1,0,0,0,1,4,2,1	0,1,0,0,0,0,0,0,0,0	1,1,1,0,1,0,1,1,2,3	0,0,0,0,0,0,0,0,0,1	77	75
583	0,4,0,2,0,2,2,2,0,0	0,1,1,0,0,0,0,1,0,0	0,0,2,0,0,1,0,1,2,3	1,1,0,0,1,1,0,0,0,0	77	75
584	0,0,0,2,0,0,2,1,0,1	0,0,0,0,0,0,1,0,0,0	0,1,2,1,0,0,0,1,2,1	1,0,0,0,1,0,0,1,1,2	77	75
587	12,10,17,22,16,16,18,11,12,12	0,0,0,0,0,0,0,1,0,0	23,12,5,5,6,7,13,11,6,9	0,0,0,0,0,0,0,0,0,0	99	75
588	32,29,41,33,27,18,19,17,29,10	145,187,163,151,186,73,109,125,139,153	23,29,28,26,42,32,37,33,22,18	168,133,132,124,164,138,182,133,158,86	150	75
589	24,18,19,26,11,17,11,17,19,21	5,1,4,1,2,4,3,2,2,2	24,14,25,23,23,22,8,23,11,33	5,1,2,2,0,4,2,5,2,2	78	75
590	0,0,0,1,0,0,0,1,0,0	77,80,126,124,77,61,81,85,91,90	1,0,1,2,0,0,1,0,0,1	84,74,87,87,97,76,102,75,87,57	128	75
591	0,1,1,1,1,1,0,1,0,0	12,7,10,9,13,13,10,15,10,21	0,0,0,1,0,2,0,4,0,1	13,16,16,10,19,14,14,16,14,17	105	75
592	2,2,2,0,1,0,2,1,0,3	425,559,531,561,516,643,465,522,528,605	1,0,1,0,1,0,0,0,0,2	526,589,526,508,530,536,570,560,690,684	97	75
593	1,2,2,3,2,0,3,0,1,2	35,46,29,22,29,31,34,24,33,38	1,1,1,1,3,2,5,0,2,4	32,29,26,36,41,27,43,34,36,38	119	75
596	9,8,11,4,2,4,5,2,14,9	4,1,3,1,7,1,3,1,7,5	9,6,5,10,28,25,18,10,8,13	3,3,2,1,5,10,7,1,2,1	150	75
597	190,213,162,211,220,236,205,182,237,208	3,2,3,1,4,6,1,2,2,2	191,186,172,189,224,242,273,182,225,240	4,7,5,4,9,6,11,0,5,4	150	75
599	49,74,52,55,34,42,47,36,31,53	0,0,0,0,0,0,0,0,0,0	56,50,58,71,54,50,56,86,71,93	0,0,1,0,0,0,0,0,0,0	150	75
600	22,35,25,26,20,28,23,29,31,24	1,3,2,1,0,0,1,2,3,0	32,18,25,18,26,23,34,23,33,31	0,2,1,0,1,0,3,1,1,1	106	75
601	104,127,120,131,112,138,110,122,108,146	1,3,2,1,0,0,1,2,3,0	113,117,104,133,119,135,140,110,151,168	0,2,1,0,1,0,3,1,1,1	150	75
602	136,146,142,160,141,175,129,156,126,192	0,0,0,3,0,0,0,0,0,2	148,145,127,159,162,181,185,139,187,199	1,0,0,0,0,0,3,2,0,0	150	75
604	7,8,7,12,8,6,6,8,11,8	4,2,2,1,3,3,5,1,4,6	9,10,11,10,10,7,11,11,7,8	7,1,1,1,2,0,9,1,1,0	121	75
605	44,40,39,48,36,45,39,47,47,53	0,2,0,1,0,0,0,0,0,0	44,35,39,31,45,36,44,52,52,62	0,0,0,1,1,0,0,0,0,0	150	75
606	78,77,84,108,82,56,52,69,65,58	6,6,6,12,11,8,6,9,18,6	82,77,61,67,97,74,85,68,70,29	8,6,3,5,11,7,11,7,8,5	132	75
607	4,1,3,3,3,2,5,11,2,1	20,21,20,26,27,23,18,17,17,23	2,0,6,4,6,1,3,3,3,4	20,20,7,15,20,17,25,16,25,20	150	75
608	35,26,39,38,48,28,25,27,27,31	0,0,0,0,0,0,0,0,0,0	32,33,32,30,54,33,30,25,43,16	0,0,0,0,0,0,0,1,0,0	85	75
609	99,128,102,112,106,69,84,107,98,95	0,0,0,0,0,0,0,0,1,0	116,85,85,93,114,120,119,101,85,79	0,0,0,0,0,0,0,0,0,0	150	75
611	1,0,0,0,0,1,0,0,0,0	0,2,1,2,1,3,0,2,0,2	0,1,0,0,0,0,0,0,0,0	0,2,1,0,1,1,1,1,0,2	150	75
615	13,18,16,11,10,14,17,18,14,9	17,12,20,20,21,24,18,19,24,32	25,14,10,12,13,22,15,15,26,12	20,18,31,20,29,24,32,21,30,12	150	75
616	9,6,9,15,11,9,10,10,11,5	11,15,13,12,14,14,11,16,19,18	9,7,2,11,8,8,9,6,8,8	15,24,14,15,16,21,17,11,21,9	135	75
618	0,2,2,0,0,0,1,0,0,3	0,0,0,0,0,1,1,0,0,0	0,0,1,1,2,2,0,2,0,1	0,0,0,1,0,0,0,0,0,0	150	75
622	1,3,1,2,1,1,1,3,3,2	7,1,2,3,2,0,2,3,0,6	2,1,1,3,2,2,4,0,1,1	0,4,3,3,2,2,4,3,3,2	99	75
623	0,0,0,0,0,0,0,0,0,1	0,0,0,0,1,1,1,0,0,2	0,1,0,0,0,2,0,0,0,0	3,0,1,0,3,1,1,0,0,0	106	75
624	0,0,0,0,0,0,0,0,0,2	0,0,0,0,0,0,1,0,1,0	0,1,1,0,0,0,1,0,0,0	0,0,1,0,2,0,1,0,0,0	150	75
628	0,0,0,0,0,0,0,0,0,0	5,6,3,8,7,5,8,9,2,7	1,0,0,0,0,0,0,0,0,0	5,2,4,4,8,3,5,4,1,8	150	75
630	55,31,40,45,32,43,38,51,46,63	9,7,6,12,10,14,12,13,8,4	42,45,35,36,37,55,55,49,63,57	7,6,3,6,11,7,7,6,5,17	150	75
631	15,28,18,20,23,23,14,20,19,23	1,0,0,0,0,0,0,1,0,0	18,19,23,16,19,23,25,27,21,19	0,0,0,1,0,0,0,1,0,0	86	75
632	40,52,58,66,53,54,50,53,42,53	0,1,2,2,1,1,6,3,1,2	56,50,46,59,51,60,66,50,50,70	2,1,1,3,2,2,2,3,4,4	94	75
633	63,78,79,89,86,54,59,84,59,85	0,1,0,0,0,1,0,0,0,0	78,66,81,71,83,87,98,79,66,65	0,0,0,0,0,0,0,1,0,1	102	75
634	19,19,17,19,16,23,19,26,19,18	2,1,1,2,0,2,0,1,0,0	31,17,6,15,33,18,20,13,29,29	1,0,0,0,0,0,0,0,1,1	150	75
635	2,0,1,2,1,1,0,0,1,0	1,0,0,1,0,0,0,0,0,1	2,1,0,0,0,2,0,0,1,1	0,0,0,0,2,0,1,1,0,0	83	75
636	3,2,0,2,2,2,1,0,1,1	0,2,2,2,2,2,1,0,2,1	1,3,2,0,1,3,1,1,5,7	0,0,0,0,1,1,0,1,1,5	83	75
637	1,0,1,0,1,1,0,0,0,0	0,0,0,0,1,0,0,0,0,0	1,1,0,0,1,0,1,0,1,0	0,0,0,0,0,0,0,0,0,0	83	75
640	6,3,4,4,6,7,5,2,9,5	0,0,0,0,0,0,0,0,0,0	9,2,5,3,8,3,5,13,15,14	0,0,0,0,0,1,0,0,0,0	150	75
641	0,0,0,2,0,0,0,0,0,0	1,0,0,0,0,0,0,0,0,0	0,1,0,0,0,1,0,0,0,0	1,0,0,0,0,0,0,0,0,0	79	75
643	67,86,107,95,72,59,44,63,71,84	1,2,3,0,0,1,1,1,2,0	68,57,57,65,99,77,82,80,72,62	0,1,0,1,0,0,0,2,0,0	132	75
644	34,41,58,43,35,34,24,33,35,45	0,0,0,0,0,0,0,0,1,0	40,34,25,41,46,33,44,38,41,27	1,0,0,0,0,0,0,0,0,0	132	75
645	34,41,58,43,35,34,24,32,35,43	0,0,0,0,0,0,0,0,0,0	40,34,25,41,46,33,45,38,41,27	0,0,1,0,0,0,0,0,0,0	132	75
646	1,0,0,1,0,0,0,1,0,0	18,21,24,21,26,11,8,19,10,19	0,0,0,0,0,0,1,0,0,0	30,29,24,21,21,23,18,13,12,16	80	75
648	7,6,9,9,6,6,12,8,15,10	28,43,38,48,26,21,34,40,37,41	5,8,9,9,12,6,14,9,9,15	32,41,28,42,31,43,54,35,40,31	109	75
649	3,10,12,13,7,0,8,2,7,5	37,24,37,47,39,30,33,47,33,45	7,5,6,9,6,4,9,7,10,7	35,34,28,32,30,26,46,38,42,26	131	75
652	9,13,16,9,14,3,10,12,15,12	0,0,0,0,0,0,0,0,0,0	12,8,8,6,12,11,9,12,11,10	0,0,0,1,0,0,0,0,0,0	150	75
653	9,13,16,9,15,3,10,12,15,14	1,0,1,0,0,0,0,1,0,0	12,8,9,6,13,11,8,12,12,9	0,0,1,0,1,0,0,0,0,0	150	75
655	19,21,29,16,20,11,16,14,18,18	0,0,0,0,2,0,0,0,0,0	23,14,15,10,24,17,16,24,20,15	0,1,1,0,1,0,0,0,1,0	150	75
656	18,25,17,21,25,22,15,19,20,20	1,0,0,0,1,2,0,0,0,2	25,15,24,26,20,17,19,20,26,37	0,0,0,0,0,0,0,0,0,0	150	75
657	1,0,0,1,0,0,0,0,0,0	0,1,0,0,0,0,0,0,0,0	0,0,0,0,0,0,0,0,0,0	0,0,1,0,0,0,0,0,0,0	150	75
659	4,5,1,4,1,0,4,4,7,3	1,3,3,3,0,0,1,2,2,1	1,6,5,1,7,3,3,3,6,5	3,0,0,0,1,1,1,2,2,0	150	75
663	9,8,3,11,11,7,9,13,8,10	0,0,0,0,0,0,0,0,0,0	5,9,4,8,7,4,2,11,7,5	0,0,0,0,2,0,0,0,0,0	150	75
665	5,2,1,7,6,2,3,1,2,2	0,0,0,0,0,0,0,0,0,0	2,2,6,5,2,6,4,5,6,2	0,0,0,0,0,0,1,0,0,0	80	75
666	2,0,3,2,1,2,2,2,5,1	1,1,5,0,2,0,5,1,1,2	2,3,6,4,0,2,7,2,5,5	3,1,6,4,3,3,4,4,0,1	79	75
667	2,0,4,4,3,5,3,3,9,5	2,1,3,1,2,1,3,0,2,1	3,6,7,6,4,5,11,2,7,7	1,5,4,1,2,3,5,1,1,3	125	75
668	2,0,5,4,3,5,3,3,9,5	0,2,1,5,1,3,3,4,0,1	3,8,7,6,4,6,12,4,7,7	3,0,2,3,8,8,1,3,3,2	133	75
669	1,1,6,2,4,3,6,2,5,6	2,1,3,1,2,1,3,0,2,1	4,4,7,6,7,6,8,4,2,3	1,5,4,1,2,3,5,1,1,3	121	75
670	1,1,7,2,4,3,6,2,5,6	0,2,1,5,1,3,3,4,0,1	4,6,7,6,7,7,9,6,2,3	3,0,2,3,8,8,1,3,3,2	129	75
671	2,1,4,1,2,1,3,0,2,1	0,2,1,5,1,3,3,4,0,1	1,7,4,1,2,4,6,3,1,3	3,0,2,3,8,8,1,3,3,2	83	75
672	10,9,10,15,11,12,9,10,13,11	0,0,0,0,0,0,3,0,1,0	14,5,6,4,12,12,14,10,12,16	0,0,0,0,0,1,0,0,1,0	82	75
673	13,17,17,20,17,15,7,20,17,21	2,1,0,0,0,0,0,0,2,1	21,13,14,16,14,20,24,8,8,10	0,0,1,0,1,0,1,0,1,0	150	75
674	18,25,23,31,23,29,12,30,33,35	2,5,0,0,0,0,0,5,2,3	34,15,17,28,27,40,41,10,18,18	4,2,0,0,1,1,2,2,0,0	150	75
675	269,281,289,254,239,302,237,281,280,318	0,1,0,0,2,0,0,0,0,0	291,251,307,263,280,238,287,259,291,354	1,0,0,0,0,1,0,0,0,0	150	75
676	111,135,121,159,157,121,135,135,131,157	1,0,0,0,0,1,0,0,0,0	146,135,119,140,141,138,184,121,170,136	0,0,0,0,0,1,0,1,1,0	150	75
677	0,1,0,0,1,0,0,1,0,0	1,4,0,3,2,3,2,2,0,4	0,1,0,0,0,0,0,0,0,0	7,4,3,0,6,7,3,4,2,3	88	75
679	12,12,8,7,8,7,7,5,6,4	41,38,40,43,35,39,37,30,49,49	6,4,12,5,7,7,5,6,7,8	40,33,35,48,38,39,53,56,52,45	81	75
680	0,1,0,0,1,1,0,0,0,0	0,0,0,0,0,0,0,0,3,0	0,3,0,0,0,0,1,0,0,0	0,0,0,0,1,1,1,0,2,0	150	75
681	0,1,0,0,0,1,0,0,0,0	0,1,0,0,0,0,0,0,0,0	0,2,0,0,0,0,1,0,0,0	0,0,1,0,0,0,0,1,0,0	150	75
682	305,312,358,378,288,431,331,315,349,336	505,509,556,544,474,555,521,470,507,614	351,317,316,344,317,337,371,280,396,391	525,542,562,566,568,474,532,486,563,569	150	75
689	24,39,25,37,29,17,15,26,18,31	49,50,64,60,42,16,43,41,41,37	30,30,19,21,25,34,34,28,27,17	54,40,36,62,68,61,71,49,35,25	142	75
693	1,1,0,5,3,0,1,2,0,2	1,0,0,0,0,1,0,0,0,0	0,2,1,3,0,0,2,1,0,0	0,0,0,0,0,0,0,0,0,0	150	75
694	9,12,9,19,16,10,9,18,5,14	39,48,24,35,26,27,32,23,38,36	6,9,7,8,9,14,9,6,13,16	24,37,25,26,32,33,57,36,27,26	108	75
695	40,39,25,45,26,42,32,35,29,42	0,0,4,0,2,2,0,2,2,0	44,46,29,30,46,36,29,35,48,28	3,1,0,0,2,1,2,0,1,0	150	75
697	67,106,112,101,73,91,89,66,98,85	81,107,82,71,73,67,65,60,85,80	83,86,73,96,106,97,93,90,121,89	89,74,82,79,90,71,97,91,79,87	87	75
698	14,48,40,33,22,22,28,14,25,31	1,0,4,1,2,3,0,1,0,0	26,27,23,33,38,30,27,25,46,28	2,0,1,0,0,0,1,1,7,2	87	75
699	28,34,22,33,33,32,27,20,29,25	1,4,2,5,7,1,0,1,1,1	30,42,29,41,46,23,25,22,38,33	4,2,4,3,1,3,2,3,5,5	88	75
700	4,1,1,2,4,3,3,1,2,1	0,1,1,3,1,1,3,2,0,0	3,0,1,1,1,1,1,1,1,3	2,1,1,3,1,4,1,0,0,0	145	75
701	8,5,6,7,6,8,3,2,4,5	22,33,23,38,27,19,20,23,25,24	3,7,8,3,8,4,6,2,6,6	25,27,38,36,26,27,29,28,34,24	85	75
702	16,12,10,14,10,16,11,12,11,20	314,300,313,297,249,339,301,291,304,309	22,18,15,7,11,14,8,16,15,13	315,255,296,282,303,306,316,293,328,377	150	75
703	199,223,257,209,223,174,179,168,189,276	89,114,100,98,82,97,66,78,103,97	220,197,178,182,246,228,236,195,202,216	87,83,89,113,109,97,95,102,91,89	150	75
705	9,22,12,18,18,11,8,18,14,8	31,52,41,34,31,24,22,22,32,32	11,14,8,13,20,14,13,7,7,6	38,35,31,25,34,33,43,34,27,19	87	75
706	0,0,0,0,0,0,0,0,0,1	8,14,18,15,21,11,4,14,12,12	0,0,0,0,0,0,0,0,0,0	11,7,14,16,14,9,12,10,8,3	150	75
711	39,58,49,49,52,46,28,42,46,56	1,2,0,0,1,1,0,0,2,1	62,45,40,41,51,48,31,44,51,49	0,1,2,0,3,2,0,1,0,3	150	75
713	217,252,254,293,236,232,226,218,242,281	0,1,1,0,0,0,0,0,0,0	253,225,233,243,219,204,227,248,235,255	0,0,0,0,1,0,0,0,0,0	150	75
714	0,0,0,0,0,0,0,0,0,0	11,3,2,7,5,5,9,2,5,6	0,0,0,0,0,0,1,0,0,0	5,3,7,8,4,4,13,8,10,7	150	75
715	21,22,29,36,26,23,16,25,26,28	0,0,0,0,0,0,0,0,0,0	31,30,30,25,26,37,23,28,20,23	0,0,0,0,0,0,1,0,0,0	114	75
716	11,25,17,18,16,13,20,16,16,19	15,18,12,11,8,14,11,20,12,20	27,13,17,17,16,19,27,22,19,17	12,19,19,18,13,15,21,15,17,15	150	75
717	7,9,10,8,9,7,3,12,8,7	0,2,3,4,0,1,0,1,0,2	12,7,9,10,4,8,11,6,9,8	4,1,1,3,3,3,1,2,0,0	150	75
718	0,0,0,0,0,0,0,1,1,0	41,29,35,38,40,22,20,35,35,37	0,1,1,0,1,1,0,0,0,2	46,45,57,33,40,39,45,63,42,23	99	75
719	63,62,62,60,67,38,39,51,53,48	0,0,0,0,0,0,0,0,0,0	66,35,64,48,61,54,70,57,59,53	2,0,0,1,0,0,0,2,0,1	139	75
720	364,483,464,488,441,491,396,361,404,482	0,0,0,0,0,1,0,0,0,0	499,403,432,476,444,482,476,499,502,494	0,0,0,0,1,1,0,2,0,1	150	75
722	5,7,5,5,9,2,3,5,4,6	64,46,54,51,57,31,38,49,49,44	7,3,4,1,8,6,3,9,4,2	56,56,60,43,51,50,58,53,40,37	81	75
723	147,209,182,174,185,230,182,194,202,257	3,11,3,7,14,8,3,5,4,2	224,187,181,172,206,187,200,204,244,195	2,8,6,9,5,5,5,5,7,9	93	75
724	145,206,180,173,182,226,178,193,200,252	0,0,1,0,0,0,0,0,0,0	217,184,177,167,204,183,197,204,239,191	0,0,0,0,0,0,0,0,1,0	150	75
725	1,1,2,0,0,0,1,0,1,1	212,263,199,237,191,173,157,179,161,186	3,0,1,0,1,0,0,0,0,0	210,183,160,216,244,197,212,194,171,137	104	75
726	0,0,0,0,0,0,0,2,0,0	0,1,1,0,1,0,0,0,0,0	0,0,0,1,0,0,0,0,0,0	0,0,0,0,0,1,2,1,0,1	80	75
727	9,20,16,7,8,7,9,14,12,6	0,3,3,0,4,2,0,5,1,2	12,4,12,2,7,6,15,14,13,19	1,1,0,1,2,0,2,1,0,6	92	75
729	80,50,55,102,79,43,64,69,42,55	220,197,213,244,168,126,176,181,188,168	61,42,26,54,77,39,53,43,83,89	243,141,74,149,260,121,153,136,289,319	119	75
730	32,49,50,56,46,39,45,66,47,43	0,0,3,0,0,0,0,1,0,0	40,61,50,34,55,48,57,60,63,42	1,0,0,0,2,0,0,0,1,1	86	75
731	24,30,24,29,24,24,15,24,14,24	0,0,0,1,0,0,0,0,0,0	17,27,9,14,25,34,32,31,23,18	0,0,0,0,0,0,0,0,0,0	111	75
736	0,0,0,0,0,0,0,0,0,1	18,30,25,21,24,11,16,17,14,20	0,0,1,0,0,0,1,0,1,0	22,15,15,21,27,16,29,22,18,4	132	75
737	0,0,0,0,0,0,0,0,0,0	13,28,22,25,18,12,6,22,23,24	0,0,1,0,0,0,0,0,2,1	28,13,18,19,20,13,12,20,14,6	87	75
739	18,17,13,14,29,4,13,13,15,11	0,0,0,0,0,0,0,0,0,0	10,15,11,25,32,13,12,17,8,3	0,0,0,0,0,0,0,1,0,0	143	75
741	5,5,5,4,0,3,4,4,11,12	1,4,0,4,2,3,1,1,3,2	6,2,7,1,4,2,8,4,5,4	2,2,1,0,4,1,3,0,2,1	97	75
742	6,7,6,7,4,5,6,6,12,19	1,4,0,4,2,3,1,1,3,2	6,3,10,4,7,5,13,5,10,5	2,2,1,0,4,1,3,0,2,1	111	75
743	1,2,2,3,4,2,2,2,1,7	0,0,1,0,0,0,0,0,0,0	0,1,3,3,3,3,5,1,5,1	0,0,0,0,0,0,0,0,0,0	89	75
744	51,42,41,54,40,32,36,42,50,48	3,2,1,3,0,1,1,3,1,0	48,47,28,57,71,52,58,41,44,36	1,2,0,1,1,0,1,0,0,1	150	75
745	3,8,6,14,8,7,4,14,14,4	0,0,0,0,0,0,0,0,0,0	12,3,14,10,11,12,9,9,12,15	0,0,0,0,0,0,0,1,0,0	150	75
746	38,29,34,38,39,22,24,32,29,25	0,0,1,0,0,0,0,0,0,0	23,27,27,20,31,36,30,33,30,43	0,0,0,1,1,0,0,0,1,0	150	75
747	23,23,27,30,23,8,18,29,16,26	39,44,53,71,45,26,32,31,43,54	22,26,26,26,33,22,27,19,19,21	48,50,40,35,45,56,58,51,50,19	81	75
750	117,123,109,116,90,145,100,123,119,144	0,0,0,0,0,0,0,0,0,1	113,102,102,109,98,92,119,106,139,130	0,0,1,0,1,0,0,0,0,0	99	75
751	3,2,2,1,0,1,0,0,0,1	1,4,5,7,7,3,6,5,4,14	1,0,2,1,0,1,1,0,3,0	9,6,8,3,6,7,11,4,10,4	87	75
752	2,1,3,0,2,0,1,1,0,3	3,1,1,2,3,2,0,2,1,3	2,2,4,2,1,1,2,0,1,1	5,2,1,2,0,3,3,0,5,0	148	75
753	0,0,0,0,0,0,1,0,3,0	55,49,44,50,50,49,33,46,54,66	0,0,0,2,2,0,0,2,2,2	42,46,46,48,53,42,53,48,36,40	107	75
754	84,63,81,62,66,85,70,69,62,62	8,5,6,6,5,6,2,4,5,15	64,55,86,78,75,65,67,69,77,76	7,8,2,6,12,6,4,4,7,11	126	75
755	38,54,39,63,40,61,38,48,54,55	1,1,0,1,1,2,1,1,0,0	52,54,59,59,62,48,57,51,47,44	0,0,2,0,0,0,1,2,0,0	84	75
756	2,2,1,2,1,3,0,1,2,4	11,11,15,10,9,8,6,10,10,6	4,2,0,1,2,1,3,1,1,2	5,5,11,4,3,5,3,3,12,13	137	75
757	32,30,29,27,32,21,22,25,29,36	1,1,0,1,1,1,0,1,1,0	37,27,38,24,20,30,39,29,30,25	2,0,1,0,1,0,0,0,0,1	107	75
758	0,0,0,1,1,0,1,1,0,0	0,1,0,1,1,1,1,2,0,1	0,1,0,0,0,0,2,0,0,0	3,2,0,0,1,2,1,1,1,0	150	75
759	28,29,37,28,26,15,25,24,13,30	3,5,4,0,2,0,1,2,0,0	38,27,23,24,31,29,21,25,33,24	4,2,6,4,5,1,3,1,4,5	150	75
760	398,429,447,438,447,340,358,379,420,402	2,0,1,1,1,1,0,1,1,0	397,358,358,317,434,409,456,376,410,324	2,0,0,0,1,1,1,1,1,1	84	75
761	4,2,4,2,2,2,1,5,2,0	1,1,2,5,2,0,1,0,3,4	6,4,2,4,4,0,3,2,0,3	1,3,0,6,7,4,2,1,3,2	150	75
762	4,1,3,1,2,0,1,3,2,0	0,1,4,2,2,1,1,0,2,2	2,3,0,0,4,0,3,2,0,2	2,1,0,1,1,2,3,3,5,1	150	75
763	49,62,64,51,62,41,46,59,48,59	86,95,90,103,93,60,62,66,83,75	67,49,46,65,56,48,60,47,45,37	87,76,85,85,88,88,101,75,64,68	120	75
764	5,7,1,3,0,4,3,5,3,6	14,32,17,20,19,21,14,19,14,17	1,3,2,3,5,3,7,2,2,1	12,22,15,18,16,20,27,13,13,13	90	75
765	367,402,418,440,432,333,347,388,366,421	0,0,0,0,0,0,0,0,0,0	422,365,389,409,452,394,421,434,381,298	0,0,0,1,0,0,0,0,0,0	150	75
767	14,18,13,22,17,24,9,19,17,18	39,36,46,46,38,62,46,36,37,46	21,13,17,19,25,14,14,15,26,26	52,46,39,42,34,47,32,33,46,44	150	75
769	10,2,6,4,8,3,7,2,5,9	2,0,0,0,0,0,0,0,0,0	4,9,8,6,3,8,9,7,2,7	0,0,0,0,1,0,1,0,0,0	150	75
770	58,66,68,66,54,61,59,55,71,66	0,0,0,0,0,0,0,0,0,0	64,64,69,65,84,77,71,56,51,64	0,0,0,0,0,0,1,0,0,0	150	75
771	168,224,180,168,170,161,146,129,154,190	77,158,92,87,82,124,86,94,96,89	161,171,125,202,174,185,206,122,176,192	103,133,71,133,86,105,99,123,113,139	129	75
772	12,15,12,10,12,13,7,8,15,14	1,0,2,2,0,0,0,0,0,0	13,10,14,18,10,8,18,14,17,23	0,2,0,0,1,0,1,0,0,0	102	75
773	15,23,24,20,27,15,17,13,21,19	7,11,6,17,10,11,6,10,5,7	19,14,20,27,18,12,29,28,27,32	10,10,5,12,7,10,11,4,6,9	102	75
774	5,2,6,3,1,3,2,8,2,7	2,5,5,1,0,1,5,1,4,1	1,5,2,4,7,6,2,7,9,5	7,2,1,1,7,5,11,6,5,2	150	75
775	0,1,1,1,0,0,2,1,0,1	176,177,219,172,164,215,161,197,182,206	2,0,0,0,0,0,0,0,0,0	191,192,174,166,182,204,188,182,207,193	91	75
776	27,34,25,27,23,25,23,24,29,24	12,10,11,20,15,13,14,15,11,15	23,19,27,29,28,21,28,15,28,32	22,13,10,14,19,11,19,14,19,21	86	75
777	1,1,1,0,2,1,1,1,0,0	12,7,15,6,13,12,15,11,10,12	0,0,0,0,0,1,3,2,1,2	9,9,11,12,12,19,9,16,14,10	84	75
778	0,0,0,0,0,0,0,0,0,0	16,7,11,15,7,12,9,14,15,8	0,0,0,0,0,1,0,1,0,0	12,7,8,7,15,13,19,10,8,4	82	75
779	17,11,10,17,17,16,8,5,19,10	4,2,0,4,1,3,3,4,1,1	15,11,10,16,12,12,15,11,12,28	3,2,2,3,3,1,3,1,3,2	112	75
780	16,9,17,14,15,19,13,14,10,11	5,4,6,9,4,3,6,8,6,6	10,17,13,16,13,18,20,17,28,16	5,3,3,7,3,6,7,1,2,11	79	75
782	18,16,18,9,12,17,13,12,12,15	0,1,0,2,6,0,0,0,1,1	11,14,13,17,8,15,14,23,24,11	1,3,0,0,1,1,1,1,0,0	150	75
784	1,0,0,0,0,0,0,0,0,0	0,0,0,0,0,0,0,0,0,0	0,0,1,1,0,0,0,1,0,0	0,0,0,0,0,0,2,0,0,0	93	75
785	32,19,18,31,13,15,22,25,28,26	0,0,0,0,0,0,0,0,0,0	20,22,21,22,18,21,26,21,15,40	0,0,0,0,0,0,0,2,0,0	136	75
786	34,20,21,31,16,15,22,25,28,25	3,1,2,2,0,3,0,0,5,1	21,22,22,22,18,23,26,22,16,41	5,2,3,8,2,5,2,2,3,4	136	75
788	10,6,15,14,17,10,8,13,16,12	0,0,1,1,0,1,0,0,0,2	13,11,4,7,17,7,14,7,11,16	0,0,1,0,0,0,0,0,0,0	150	75
792	0,0,0,0,0,0,0,0,0,0	65,74,65,49,66,27,25,57,32,44	1,0,0,0,0,0,0,0,0,0	64,44,60,53,61,47,57,31,34,19	88	75
793	30,34,42,38,27,19,26,29,28,40	123,137,134,128,131,119,122,137,118,131	44,44,25,33,54,40,29,28,22,25	135,120,129,111,139,132,159,131,130,120	84	75
794	13,17,14,15,18,5,12,11,19,15	4,13,2,5,8,18,6,4,10,10	16,15,11,19,31,19,21,12,9,17	5,8,9,7,7,11,10,9,12,8	84	75
795	12,13,11,15,16,4,10,6,16,15	0,1,2,4,1,2,0,3,3,1	16,11,11,11,27,17,14,12,9,10	1,0,1,2,1,1,3,0,2,0	84	75
796	21,26,22,29,36,20,23,18,35,27	11,14,14,13,14,13,12,14,13,23	26,24,25,18,35,27,27,21,17,27	12,16,15,11,19,21,18,13,14,28	84	75
798	79,104,98,117,83,64,79,64,85,83	2,6,2,1,2,2,3,2,2,3	83,92,87,68,98,77,102,71,69,73	2,2,0,2,5,4,4,2,1,2	145	75
799	4,6,5,6,5,5,1,3,7,1	0,2,0,1,1,0,2,0,1,0	0,2,5,3,1,1,3,2,5,1	1,1,0,1,1,1,2,2,1,2	84	75
800	20,19,18,24,12,14,12,20,21,19	1,3,6,3,2,1,5,4,7,4	14,17,16,12,14,10,14,19,19,15	4,2,4,3,4,2,4,5,2,4	84	75
801	43,58,65,67,60,63,51,52,56,64	6,9,5,15,4,5,12,6,5,6	72,57,49,39,54,62,58,47,54,56	13,10,9,5,10,6,6,5,10,11	150	75
802	6,3,9,9,8,7,1,2,11,10	0,0,0,0,0,0,1,0,1,0	7,5,2,8,6,4,11,6,14,6	0,0,0,0,0,0,1,0,1,0	86	75
803	33,50,27,35,24,29,20,34,44,32	129,125,127,142,149,54,86,92,102,96	35,40,20,39,36,33,47,38,44,21	122,115,99,113,112,120,115,114,87,54	81	75
804	1,1,2,1,3,2,0,3,3,6	7,2,5,3,5,2,1,3,1,4	0,1,5,0,2,0,1,2,1,1	1,4,0,1,4,2,2,5,4,0	81	75
807	248,219,278,277,229,263,228,253,222,300	0,0,0,0,0,1,0,0,0,0	223,233,210,235,282,261,243,218,215,201	0,0,0,0,0,0,0,0,0,0	150	75
808	0,0,0,0,0,0,0,2,1,1	136,136,137,166,137,116,118,130,135,137	1,0,1,0,3,0,0,4,0,1	144,149,148,130,173,139,158,163,135,118	92	75
811	0,0,0,0,0,0,0,0,0,0	9,12,9,8,7,9,9,12,13,11	1,0,0,0,0,0,0,0,0,0	7,8,9,4,8,11,12,6,12,5	115	75
812	1,6,3,7,9,5,4,4,3,6	19,17,26,23,17,21,20,19,20,14	6,7,4,4,3,2,5,9,6,2	29,10,21,19,33,16,21,17,23,19	102	75
813	1,6,4,2,2,1,1,7,3,5	0,0,0,1,0,1,0,0,0,0	8,3,7,6,5,0,5,2,3,2	0,0,0,1,0,1,0,0,0,0	100	75
814	0,0,0,0,0,0,0,1,0,0	2,3,2,3,0,0,3,1,1,4	0,0,0,0,0,0,0,0,0,0	4,1,4,1,2,4,4,0,1,1	85	75
816	2,6,4,3,4,4,1,4,3,2	375,381,367,431,364,449,372,379,389,490	6,2,3,3,3,2,4,5,1,7	435,384,407,383,410,379,422,378,464,525	94	75
817	1,1,1,0,0,0,1,1,1,0	1,0,0,0,1,1,0,0,0,0	0,2,0,0,0,0,0,0,2,0	0,0,0,0,0,1,0,0,2,1	150	75
818	1,1,1,0,0,0,1,0,1,0	67,86,65,77,89,42,51,72,62,58	0,2,0,2,2,0,1,0,2,0	56,68,49,77,87,68,87,58,62,39	150	75
819	2,3,3,1,0,4,4,2,1,2	1,1,0,1,2,0,0,0,2,0	4,0,3,13,5,5,4,4,0,1	0,0,0,0,0,0,0,2,2,0	150	75
820	49,38,44,30,48,41,45,32,50,66	0,0,0,0,0,0,0,1,0,2	54,50,37,51,52,48,42,43,59,49	0,0,0,0,0,0,0,0,0,0	150	75
821	1,2,0,1,0,1,0,1,1,0	14,17,22,24,25,26,21,20,25,28	2,0,2,0,0,2,0,0,1,0	26,11,18,14,30,19,21,26,30,16	85	75
833	0,1,2,1,4,0,5,3,0,1	113,137,139,152,128,109,81,111,112,156	1,2,1,0,3,1,3,2,0,0	137,131,135,152,150,125,139,157,171,152	150	75
834	10,8,12,11,13,10,8,8,9,12	142,156,149,150,147,124,110,122,121,133	6,9,12,20,14,14,16,13,10,8	135,141,131,160,169,117,160,139,140,102	81	75
836	14,7,8,13,17,4,5,2,7,8	1,1,0,0,0,1,1,1,3,0	9,15,4,17,20,17,10,9,6,2	0,1,0,0,0,0,1,0,0,0	150	75
837	110,113,125,96,100,45,84,98,85,90	0,0,2,2,1,2,1,1,0,2	110,78,114,108,135,102,104,77,71,40	2,0,1,0,1,2,2,0,2,0	81	75
838	0,0,0,0,0,0,0,2,0,0	54,68,61,75,52,73,46,43,42,50	0,0,0,0,0,0,0,0,0,0	58,52,42,60,53,55,45,48,60,57	79	75
839	9,7,4,2,5,7,3,3,3,6	15,12,21,14,9,19,8,14,14,18	1,6,1,5,4,1,5,3,3,4	16,9,13,15,21,16,13,24,12,10	84	75
840	20,25,19,28,18,11,30,27,19,28	0,1,0,0,0,0,0,0,0,0	25,21,17,20,24,26,22,21,37,32	0,0,0,0,1,0,0,0,0,0	150	75
841	0,0,1,1,1,1,0,0,1,1	0,0,0,0,0,0,0,0,0,0	0,2,1,1,2,0,0,0,0,0	1,0,0,0,0,0,0,0,0,0	150	75
843	2,0,1,2,2,1,1,1,2,4	16,14,12,17,13,10,13,15,10,15	1,2,0,6,2,2,0,1,0,1	17,13,31,12,30,12,12,13,12,19	91	75
845	1,2,0,1,1,0,0,0,3,0	54,49,47,51,57,48,37,43,53,70	2,1,0,0,1,4,0,0,2,0	58,55,40,37,66,52,50,41,47,44	107	75
846	0,0,0,0,0,0,0,0,1,0	18,25,25,20,17,11,15,19,19,14	0,0,0,0,0,0,0,0,0,0	13,17,14,20,18,23,30,22,13,17	106	75
847	3,10,2,3,5,7,4,5,5,2	1,0,1,1,0,1,2,0,0,0	2,5,3,3,3,4,3,5,1,5	1,1,0,0,0,0,0,2,1,1	103	75
848	6,7,5,9,11,7,2,6,4,2	0,0,0,0,0,0,1,1,0,0	8,7,2,4,4,4,7,7,7,8	0,0,0,0,0,0,0,0,0,0	132	75
849	1,1,1,0,1,0,0,0,0,0	6,5,4,4,3,2,2,2,7,2	3,0,0,0,0,0,0,0,0,0	6,6,4,2,5,1,5,3,5,3	150	75
850	0,1,1,4,0,1,1,1,0,0	0,0,0,0,0,0,0,0,0,0	0,1,0,0,0,0,0,1,0,0	0,0,0,0,0,0,0,1,0,0	150	75
851	79,82,86,100,87,84,80,78,81,107	0,0,0,1,0,0,0,0,0,0	101,85,80,71,72,97,97,91,89,120	0,0,0,0,0,0,0,0,1,0	150	75
852	1,3,6,5,4,3,3,0,4,2	1,0,0,1,1,0,0,0,1,0	4,1,3,1,4,5,0,2,4,1	1,0,0,0,0,0,0,0,0,0	104	75
853	1,0,0,0,0,0,0,0,0,0	0,0,0,1,0,1,1,0,0,1	0,0,0,0,0,0,0,0,0,0	0,1,0,0,0,0,3,0,1,0	150	75
854	5,4,6,5,7,4,4,4,1,10	0,0,0,0,0,0,1,0,0,0	2,3,0,6,8,1,9,4,4,8	0,0,2,1,0,1,0,0,0,0	84	75
855	4,2,3,1,4,0,0,0,0,1	0,0,0,1,0,0,0,0,0,0	2,4,0,0,1,0,3,1,0,0	0,0,0,0,0,0,0,2,0,0	108	75
857	2,0,0,1,6,1,1,1,0,3	0,0,0,1,0,0,0,0,0,0	1,0,2,1,0,1,1,1,0,1	1,0,0,0,0,2,0,0,0,0	96	75
858	12,10,6,9,10,6,7,7,11,13	5,12,10,8,7,9,6,6,7,9	15,5,9,9,9,10,5,6,11,6	9,10,5,5,0,6,8,1,9,10	96	75
862	0,0,0,0,3,0,0,0,0,0	1,2,1,2,2,2,2,2,1,0	0,0,0,0,0,0,0,0,0,0	0,4,2,3,2,1,2,1,1,1	107	75
863	1,3,1,3,3,4,2,0,5,3	2,1,0,1,2,3,2,1,1,3	2,2,1,0,4,2,3,2,1,0	1,3,3,0,10,3,2,1,0,0	99	75
864	0,3,1,0,1,1,1,0,1,2	0,0,0,0,0,1,0,0,0,0	1,1,1,0,2,1,0,0,3,0	0,0,0,0,0,0,0,0,0,0	99	75
865	6,14,6,11,4,10,8,5,8,8	1,3,0,0,0,1,1,4,1,1	9,6,9,7,8,16,6,5,12,2	6,5,2,0,0,1,0,1,0,1	99	75
866	3,1,3,1,1,1,0,2,2,0	65,59,70,78,60,94,57,80,79,74	1,0,0,2,2,1,1,0,0,1	66,75,54,73,71,72,76,61,91,99	91	75
871	386,440,474,445,356,433,383,380,405,514	0,0,0,0,0,0,0,1,0,0	422,421,439,448,406,413,418,395,502,480	0,1,3,2,0,0,1,0,0,1	150	75
872	2,2,5,7,2,6,0,1,5,3	109,100,123,113,113,133,111,154,149,138	2,5,4,4,6,7,7,4,2,4	125,107,112,118,130,116,130,146,151,198	79	75
873	7,3,0,8,1,4,3,6,5,8	5,1,8,2,2,1,2,6,3,3	5,1,11,8,5,8,4,7,5,2	3,0,9,2,5,7,9,7,1,2	150	75
877	19,15,24,29,24,10,13,20,17,9	1,0,1,0,0,0,0,0,0,0	30,22,34,16,28,18,31,17,20,18	0,0,1,0,1,0,0,0,0,0	150	75
878	0,0,0,1,0,0,0,0,1,0	19,26,24,26,22,12,27,21,31,11	0,0,0,0,1,0,0,0,0,0	19,10,15,18,30,33,30,33,31,25	90	75
879	18,16,31,28,21,20,28,25,23,33	0,0,0,0,0,0,0,0,0,0	31,29,28,12,16,19,24,18,31,26	0,0,0,0,0,0,0,1,0,0	150	75
880	1,0,0,0,0,0,0,0,0,0	6,9,10,10,3,3,12,7,8,8	0,0,0,0,0,0,0,0,0,0	7,6,5,4,15,12,8,5,7,3	79	75
882	0,0,1,0,0,0,0,1,0,1	1,0,0,0,1,1,0,1,0,0	0,0,0,0,0,0,0,0,1,0	0,0,0,3,0,1,0,0,0,0	87	75
884	0,2,0,1,1,0,3,2,1,2	49,54,62,53,57,47,53,50,43,46	0,1,2,3,1,3,0,0,0,2	74,61,49,54,48,39,51,52,55,33	82	75
885	7,5,13,9,5,6,2,12,8,8	0,1,0,0,0,0,0,1,0,1	12,13,6,12,17,16,17,8,11,14	0,0,0,0,1,0,0,0,0,1	118	75
886	43,51,60,37,29,13,37,30,32,25	24,20,28,24,20,14,15,23,24,19	56,53,39,60,48,57,39,38,38,29	27,15,25,17,25,28,32,24,13,12	150	75
887	1,0,0,0,0,0,0,0,0,0	0,0,1,0,1,0,0,0,0,0	0,0,1,0,0,3,2,0,0,0	0,0,1,0,0,0,0,0,0,0	126	75
888	31,41,54,41,34,17,27,13,23,28	0,0,0,0,2,0,0,0,0,0	30,26,36,33,37,50,42,35,29,23	0,0,0,0,0,0,0,0,0,0	105	75
889	56,53,86,75,66,36,46,51,59,54	0,1,0,0,1,0,0,0,0,0	56,69,75,54,77,90,76,64,49,41	0,0,0,0,0,0,0,0,0,0	105	75
890	12,20,22,28,18,27,24,26,20,16	2,2,0,1,1,1,4,0,0,0	28,17,29,18,30,18,16,40,46,24	1,0,3,1,1,2,0,1,1,1	79	75
891	0,0,0,0,2,0,0,1,0,0	160,154,188,185,165,148,135,148,146,166	0,0,0,0,0,0,0,0,0,0	153,154,179,166,163,140,191,156,141,136	89	75
892	12,10,7,8,4,8,6,8,15,14	0,2,2,4,1,0,0,0,3,2	13,11,8,6,11,8,10,8,7,10	0,1,1,0,2,0,1,2,0,1	150	75
893	0,1,0,1,2,0,1,0,3,1	7,15,18,20,10,17,21,15,12,12	0,2,1,0,1,0,0,2,1,3	18,17,17,7,24,22,17,19,12,11	150	75
895	3,2,0,3,4,1,1,4,1,1	50,49,64,65,54,44,49,43,53,54	0,1,0,2,2,0,1,0,3,2	65,59,61,49,56,50,51,38,53,52	83	75
896	14,13,20,23,18,5,13,10,19,11	0,3,3,2,1,0,0,0,1,0	16,19,14,19,28,9,12,15,14,6	1,1,1,0,2,1,1,1,2,0	150	75
897	1,2,0,0,0,0,1,1,0,0	5,4,4,1,0,1,0,1,3,1	0,0,0,0,0,0,0,1,0,0	0,2,5,1,4,0,2,2,0,0	79	75
899	6,9,7,18,9,4,9,4,2,6	0,0,1,0,0,0,0,0,0,0	7,13,8,5,8,7,16,9,8,3	0,0,0,0,0,0,0,0,0,0	90	75
900	54,109,94,47,34,43,94,54,148,115	1,1,1,2,0,0,4,3,5,3	71,39,70,99,241,261,185,68,88,99	0,0,4,1,4,6,13,2,6,5	108	75
901	1,0,0,0,0,0,0,1,1,1	3,5,0,1,8,5,4,5,2,1	1,0,0,0,0,0,0,1,1,0	2,2,5,2,4,1,2,3,4,5	150	75
903	27,21,23,20,24,18,17,18,19,28	78,91,107,151,94,99,75,95,83,106	24,18,21,20,24,24,21,18,34,42	104,79,93,96,115,95,108,89,129,131	111	75
904	8,14,18,17,12,10,9,9,16,5	16,30,19,20,18,7,7,10,10,17	18,11,7,19,12,15,16,13,9,11	12,14,14,14,16,15,12,6,10,11	150	75
905	153,152,180,203,188,192,161,203,214,206	4,5,4,8,8,0,8,14,4,7	177,210,157,185,185,157,235,163,218,222	6,5,4,8,8,7,11,8,4,12	150	75
908	0,1,0,0,0,0,0,0,0,0	189,221,215,204,187,58,109,122,125,110	0,0,0,0,0,0,0,1,0,1	177,143,151,121,196,179,207,129,90,30	87	75
909	2,0,1,2,1,0,1,0,1,0	1,1,2,2,1,0,0,2,3,2	0,0,0,1,1,2,0,1,0,2	3,3,0,0,0,2,1,3,0,1	150	75
911	2,3,1,2,3,0,0,9,1,4	1,0,2,0,1,2,0,0,1,0	1,2,0,2,3,1,5,2,3,5	2,0,0,1,2,0,0,1,0,0	150	75
912	1,0,2,0,0,1,0,0,1,0	2,2,2,0,3,0,0,1,0,1	0,2,1,2,3,4,2,1,1,1	1,0,2,0,4,4,0,0,3,1	93	75
914	58,53,53,47,62,41,43,40,34,59	25,35,31,30,21,18,24,29,25,27	70,52,52,44,53,56,51,56,57,59	28,32,23,33,25,26,33,42,36,28	81	75
915	5,6,5,6,4,3,4,7,2,2	0,0,0,0,0,0,0,0,1,0	4,8,8,3,4,6,4,4,3,2	1,0,0,0,0,0,0,0,0,0	150	75
916	0,0,0,0,2,0,0,0,0,1	19,22,14,16,18,21,19,18,21,13	0,1,0,0,0,0,2,0,2,1	16,12,21,11,15,19,19,21,13,21	150	75
918	7,14,18,7,6,3,7,10,12,9	0,1,0,0,0,0,0,0,0,1	8,14,3,13,5,8,14,8,6,10	0,0,0,0,0,0,0,0,0,0	141	75
920	15,15,23,24,20,14,15,17,22,13	2,1,4,3,2,0,1,2,1,2	23,26,11,20,28,19,32,17,18,10	2,3,0,0,3,1,3,3,3,0	150	75
921	7,9,9,10,7,9,6,7,6,5	2,1,4,3,2,0,1,2,1,2	6,14,5,9,12,4,17,8,8,6	2,3,0,0,3,1,3,3,3,0	120	75
923	0,1,1,1,0,0,1,1,0,3	55,66,55,82,67,31,49,54,53,53	0,0,1,2,1,1,0,2,2,0	58,51,64,41,98,93,99,49,40,32	150	75
925	1,0,1,1,2,1,2,0,0,0	3,0,0,1,0,0,0,0,0,0	1,2,0,0,2,1,0,2,3,2	0,4,0,1,0,0,1,0,1,2	84	75
927	3,0,1,2,2,4,0,1,2,6	31,32,21,20,20,19,17,15,27,19	2,2,1,2,1,5,3,0,0,4	20,17,24,16,32,26,18,31,20,31	150	75
928	3,2,2,3,3,3,4,1,2,1	77,90,92,96,93,107,81,98,78,96	5,3,0,1,2,3,4,5,1,4	95,102,74,83,100,92,107,65,110,77	138	75
929	113,117,134,130,123,86,97,130,99,111	1,0,2,2,1,1,0,0,1,0	115,97,91,138,134,116,120,95,100,116	0,0,0,0,1,0,0,0,1,0	150	75
930	145,170,143,134,129,111,94,125,113,181	1,1,2,0,0,2,0,1,0,2	161,112,115,176,164,135,144,144,160,139	0,0,1,1,0,0,1,0,1,1	138	75
932	59,90,87,71,83,62,61,68,60,69	0,0,2,0,0,2,1,1,2,1	81,52,67,76,72,79,72,50,71,45	0,1,0,1,1,1,0,0,0,0	79	75
933	62,89,64,81,60,76,68,111,70,82	0,0,0,0,0,0,0,0,0,1	80,69,80,78,65,66,97,88,85,98	0,0,0,0,0,0,1,1,0,0	78	75
934	143,192,192,198,169,65,140,157,124,153	4,1,1,1,1,4,4,0,3,5	189,141,175,161,177,165,188,157,105,78	0,0,2,0,2,0,3,0,1,1	140	75
937	819,950,1034,1117,972,944,839,983,914,1109	0,0,0,0,1,0,0,0,0,0	950,975,955,953,951,922,1102,1012,1033,1022	0,0,1,0,0,1,0,0,0,0	150	75
938	16,24,23,22,13,14,21,13,13,24	62,72,67,86,65,91,58,76,85,54	23,14,12,11,19,16,20,21,17,30	63,93,74,81,77,79,70,64,85,90	101	75
939	11,7,7,7,5,8,6,4,3,5	0,1,2,1,1,1,0,0,0,0	6,7,3,3,6,3,8,10,2,7	0,0,0,0,0,1,0,0,0,0	101	75
941	0,0,0,0,0,0,0,0,0,0	23,43,34,44,31,14,25,26,25,30	1,0,0,0,0,0,0,0,0,0	36,29,36,24,56,30,38,30,21,15	84	75
945	14,12,11,11,6,9,7,11,12,3	23,34,30,25,32,21,23,29,21,27	13,7,5,10,13,8,12,11,9,6	29,32,19,32,31,18,25,24,15,21	78	75
946	0,0,0,0,0,2,0,0,0,0	1,0,1,2,0,0,2,0,1,3	1,0,0,0,0,0,0,1,0,0	0,0,0,0,2,0,0,1,1,0	150	75
947	3,1,2,4,3,4,2,5,2,3	44,35,43,38,42,37,50,47,40,47	6,0,4,3,2,8,5,3,0,5	39,37,46,33,28,47,35,30,41,41	111	75
948	0,0,0,0,1,0,0,0,0,0	0,0,0,1,0,0,0,0,0,0	0,0,3,0,0,0,0,0,0,0	0,0,0,0,0,0,0,0,0,0	145	75
949	2,0,0,0,1,0,0,0,0,1	0,0,0,0,2,0,0,0,0,0	1,2,0,0,2,0,0,1,2,0	0,1,0,0,0,1,0,2,0,0	104	75
950	2,0,0,0,1,0,1,0,1,1	1,0,0,0,0,0,0,0,0,0	1,2,0,0,2,1,1,1,2,0	0,0,0,0,0,0,1,1,0,0	143	75
951	2,0,0,0,1,0,0,0,0,1	0,0,0,0,0,0,0,0,0,0	0,0,3,0,0,0,0,0,1,0	0,0,0,0,0,1,0,1,0,0	150	75
952	0,0,0,0,2,0,1,0,1,0	1,0,0,0,0,0,0,0,0,0	0,1,0,0,0,2,1,2,0,0	0,0,0,0,0,0,1,1,0,0	114	75
953	0,0,0,0,2,0,0,0,0,0	0,0,0,0,0,0,0,0,0,0	0,1,3,0,0,1,0,2,0,0	0,0,0,0,0,1,0,1,0,0	150	75
954	1,0,0,0,0,0,0,0,0,0	0,0,0,0,0,0,0,0,0,0	0,0,3,0,0,0,1,1,0,0	0,0,0,0,0,1,0,1,0,0	145	75
957	79,94,118,125,81,92,91,79,76,98	7,11,11,10,11,4,13,9,11,9	86,101,131,96,113,86,81,88,104,106	11,11,11,10,10,9,10,3,10,10	127	75
958	3,7,4,5,6,7,3,6,1,12	29,46,33,32,14,28,28,26,28,24	7,8,4,3,4,4,6,5,10,2	34,38,23,23,43,19,23,23,28,35	102	75
959	1,5,2,2,6,3,0,3,6,10	6,8,8,7,7,11,3,4,7,8	3,5,4,2,5,3,3,3,7,3	10,9,5,7,1,3,8,6,7,8	102	75
960	1,1,3,0,1,3,0,2,2,8	31,32,29,40,25,42,27,29,25,33	5,6,1,0,1,3,3,3,6,1	30,36,31,22,28,28,43,38,42,24	102	75
961	30,27,38,38,35,25,34,18,20,30	6,6,6,3,4,2,3,2,2,11	32,30,30,27,34,29,29,25,40,32	5,5,4,6,8,2,2,3,11,3	86	75
962	22,12,18,13,13,16,12,16,12,10	633,680,657,660,581,409,495,532,502,621	13,13,15,17,18,19,23,14,16,13	625,584,647,648,699,690,702,603,549,456	150	75
963	0,0,0,0,0,1,0,0,0,0	3,5,10,8,9,4,6,16,7,12	0,0,0,0,0,0,0,0,0,0	6,6,7,6,9,16,12,7,4,9	97	75
964	0,0,0,0,0,0,0,0,1,0	4,2,1,0,0,1,0,1,0,1	0,0,0,0,0,0,0,0,0,0	1,0,1,3,1,0,0,0,1,0	93	75
965	26,26,26,26,28,12,18,18,12,12	63,62,78,68,50,27,46,52,54,51	20,21,14,22,26,15,36,23,23,16	65,57,59,43,79,60,53,40,26,29	150	75
966	154,160,161,133,162,82,131,143,137,153	1,6,5,4,2,2,3,4,8,3	185,125,152,141,169,146,167,149,129,118	3,3,3,2,7,1,1,3,1,1	150	75
967	21,30,31,25,23,22,20,22,27,30	37,34,34,27,40,30,23,29,38,37	31,40,27,27,33,32,39,34,29,20	36,27,27,32,39,35,35,32,45,30	81	75
968	206,224,212,232,195,194,200,220,188,222	0,0,1,0,1,0,0,0,1,0	211,202,136,251,216,196,239,195,233,229	1,0,0,0,1,1,0,0,0,0	150	75
969	0,0,0,0,2,0,0,0,0,0	21,18,17,23,24,8,16,22,19,16	0,0,0,0,0,0,0,0,0,0	12,18,14,12,23,9,16,17,34,23	102	75
970	0,0,0,2,3,0,1,1,0,0	0,0,0,0,0,0,0,0,0,0	0,0,2,0,2,2,0,2,1,0	0,0,0,0,0,0,0,1,0,0	93	75
971	35,27,28,23,20,22,28,23,19,33	258,281,261,243,264,267,264,238,270,325	27,19,29,25,28,18,35,22,37,27	285,271,291,302,292,291,311,309,332,361	121	75
974	736,802,883,900,791,971,742,882,797,919	2,2,2,0,1,0,0,3,0,2	819,764,789,834,886,806,944,799,1003,1080	0,3,2,3,2,1,3,0,3,1	150	75
975	0,0,0,0,0,0,0,0,0,0	38,28,18,35,21,15,15,26,26,19	0,0,1,0,0,0,1,0,0,0	28,29,20,21,14,23,32,18,33,9	102	75
976	32,45,56,40,36,33,39,22,28,36	1,0,0,0,0,0,0,0,0,0	32,31,34,27,27,37,43,23,35,45	0,0,1,0,0,0,0,0,0,0	150	75
977	1,2,2,1,6,2,0,1,1,0	8,2,1,4,2,1,1,4,4,2	0,4,4,3,0,1,2,2,0,2	2,2,0,4,3,3,0,4,3,0	93	75
978	3,5,7,4,4,2,1,5,8,3	0,0,0,0,0,2,1,2,1,1	6,6,6,4,5,4,5,4,7,1	0,0,0,3,0,1,0,0,0,0	150	75
979	1,5,8,6,10,6,2,3,6,5	3,13,5,7,8,8,8,10,8,7	6,4,4,4,8,4,12,2,3,5	5,6,3,5,3,12,8,4,11,2	150	75
980	11,6,6,7,5,3,2,9,11,5	0,0,0,0,0,2,1,2,1,1	8,5,4,7,8,6,4,8,10,0	0,0,0,3,0,1,0,0,0,0	148	75
981	9,6,7,9,11,7,3,7,9,7	3,13,5,7,8,8,8,10,8,7	8,3,2,7,11,6,11,6,6,4	5,6,3,5,3,12,8,4,11,2	150	75
982	1,2,4,5,8,7,3,5,4,4	3,13,5,7,8,8,8,10,8,7	5,1,1,6,6,2,10,1,0,4	5,6,3,5,3,12,8,4,11,2	125	75
983	1,4,6,5,9,6,2,3,5,5	0,0,0,0,0,1,0,0,1,0	6,1,3,3,8,3,12,2,3,6	0,0,0,0,0,0,0,0,0,1	150	75
984	0,0,0,0,1,1,1,0,0,0	4,6,4,9,13,5,7,7,7,7	0,3,0,1,1,0,0,0,2,1	8,3,5,12,7,14,5,9,5,7	122	75
985	39,48,43,49,43,23,44,41,35,44	0,0,1,0,0,2,2,0,0,3	31,40,31,50,52,42,37,47,48,57	3,0,1,0,1,0,0,0,0,1	150	75
986	69,85,87,99,81,83,64,67,76,81	0,0,0,0,1,0,0,0,0,0	64,72,83,79,92,63,85,73,88,104	0,0,2,0,0,0,0,0,0,0	150	75
987	0,0,0,0,0,0,1,0,0,0	10,10,8,13,10,5,12,9,11,11	0,0,0,0,0,0,0,0,0,0	14,7,13,7,13,10,13,10,9,4	79	75
988	18,17,14,23,13,8,13,12,8,17	0,1,3,2,0,0,2,1,0,0	17,23,15,18,25,7,14,13,13,6	0,0,3,0,2,1,1,0,0,0	150	75
989	5,3,7,8,3,8,3,6,3,6	3,0,1,0,3,1,0,0,1,0	5,6,7,7,4,8,14,8,2,10	0,1,0,0,0,0,0,0,0,1	83	75
990	0,1,0,0,0,0,1,1,0,2	15,15,14,7,10,7,8,15,7,11	1,0,0,1,0,0,1,0,0,0	9,9,15,15,15,10,10,12,13,4	91	75
991	0,2,0,0,0,0,0,0,1,0	4,5,5,2,7,2,3,0,2,8	0,0,0,0,0,0,1,1,0,1	1,0,3,1,4,4,3,3,1,1	81	75
993	7,4,7,9,18,2,7,9,5,5	1,6,7,5,2,0,3,4,2,6	5,9,8,5,12,5,10,9,4,15	2,4,9,2,4,3,7,3,11,6	106	75
994	3,4,3,1,7,5,5,0,6,5	2,4,1,3,2,2,5,4,4,2	3,7,2,1,7,3,5,3,6,6	7,5,0,7,1,4,4,3,3,2	150	75
995	31,29,42,48,41,33,48,53,39,37	5,5,5,5,4,2,2,4,5,2	51,38,47,19,46,42,45,24,34,23	2,3,7,7,2,3,1,4,1,2	81	75
996	4,19,9,7,6,7,6,10,15,16	0,0,0,0,0,0,0,0,0,0	7,7,12,10,9,9,8,10,8,13	0,1,0,0,0,0,0,0,1,0	150	75
997	0,0,0,0,0,0,0,2,0,1	14,9,16,11,19,17,14,17,13,15	1,0,2,0,1,0,1,0,0,0	9,11,12,13,18,16,15,9,14,16	96	75
998	165,207,216,187,136,210,179,170,182,187	0,2,0,0,0,0,2,0,1,0	168,195,168,207,201,198,182,146,189,210	0,0,1,1,0,1,0,1,0,1	150	75
999	157,193,184,198,174,160,151,137,139,144	0,0,0,0,0,0,0,0,0,0	161,148,177,198,201,172,185,157,165,134	0,1,0,0,0,0,0,0,0,0	150	75
1002	0,0,0,0,2,0,1,1,3,0	109,143,94,105,94,81,98,105,115,124	0,1,0,0,2,1,1,0,0,0	116,107,95,117,117,114,137,90,127,100	150	75
1003	51,40,34,51,51,38,30,43,34,46	0,0,0,1,0,0,1,0,0,0	47,39,46,50,51,41,54,44,34,34	1,0,0,2,0,0,0,0,0,0	103	75
1004	0,0,0,0,0,2,0,0,0,0	3,5,5,3,3,0,0,3,1,1	0,0,0,0,1,0,0,0,0,0	1,3,0,3,2,4,2,2,5,0	91	75
1005	0,1,0,0,1,0,0,0,0,0	5,1,5,8,3,2,2,2,2,1	0,0,0,0,2,1,1,1,1,0	2,0,0,2,0,2,4,2,0,0	110	75
1007	44,44,66,69,65,46,52,55,41,50	4,9,4,7,13,4,3,10,3,3	51,42,35,45,63,60,44,44,38,45	7,9,4,3,6,10,9,6,5,2	105	75
1008	0,0,0,0,1,1,0,1,0,3	0,0,0,0,1,0,0,0,0,0	0,0,1,0,1,0,0,0,0,0	0,0,0,0,0,1,0,0,0,0	92	75
1009	127,150,149,134,130,141,113,150,124,161	0,0,0,1,1,0,1,0,0,1	126,131,123,161,119,123,148,125,156,171	0,0,0,0,0,0,0,0,0,0	150	75
1012	67,73,89,69,72,70,64,67,67,82	3,7,7,4,0,3,4,3,8,6	67,72,71,60,69,67,64,62,85,73	7,5,6,3,5,6,5,2,3,5	150	75
1013	128,134,138,140,125,133,151,140,158,160	0,0,0,0,0,0,0,0,0,0	164,127,157,124,137,132,124,111,158,163	0,1,0,0,0,0,0,1,0,0	150	75
1014	126,136,142,140,137,141,151,148,163,166	0,0,0,0,0,0,0,0,0,0	169,128,157,126,136,137,132,118,159,168	2,2,1,0,0,0,1,0,0,1	150	75
1016	38,43,40,41,27,19,31,30,28,21	0,0,0,0,0,0,0,0,0,0	38,24,27,20,51,36,31,14,21,14	0,0,0,0,0,0,0,1,0,0	127	75
1018	1,0,3,2,0,3,0,0,1,0	42,45,46,37,34,48,36,47,47,35	2,2,0,0,0,0,0,0,0,1	47,47,33,70,35,53,69,64,53,61	150	75
1019	30,36,34,39,41,43,44,41,35,42	0,0,0,0,0,0,0,0,0,0	34,38,46,53,45,40,51,40,45,61	0,0,0,0,1,0,1,0,0,0	150	75
1020	67,82,78,91,80,89,69,96,83,85	0,0,0,1,1,0,0,0,0,0	86,72,97,97,78,81,107,90,100,120	0,0,0,0,0,0,0,1,0,0	150	75
1022	11,8,8,18,7,4,8,7,5,5	0,3,0,0,1,1,0,0,0,0	9,5,4,7,18,4,11,6,20,9	0,0,0,0,0,0,0,1,0,0	150	75
1023	14,5,9,12,3,1,8,13,14,7	0,0,0,0,1,0,0,0,0,0	18,9,7,11,8,8,13,8,13,16	0,1,0,0,0,0,0,0,0,0	150	75
1024	3,1,3,0,1,2,0,4,0,0	1,1,3,2,0,2,0,1,1,1	3,0,1,4,1,5,0,0,3,2	1,2,1,3,5,1,5,0,3,10	81	75
1025	6,6,9,3,8,3,0,1,4,2	1,1,3,2,0,2,0,1,1,1	8,4,3,4,4,6,6,0,8,7	1,2,1,3,5,1,5,0,3,10	92	75
1026	6,5,9,3,7,3,0,1,4,2	3,0,3,0,0,2,0,4,0,0	7,4,2,3,4,6,6,0,7,7	2,0,0,3,1,5,0,0,2,2	86	75
1027	239,320,270,299,243,289,279,234,285,314	1,0,0,0,0,0,0,0,0,0	286,308,283,303,290,314,330,271,339,366	0,0,0,0,0,0,0,0,0,0	150	75
1028	1,0,2,2,0,0,0,3,2,3	8,1,4,0,2,0,2,4,2,1	1,2,0,0,4,2,0,1,4,1	2,2,2,2,6,8,2,6,3,4	150	75
1029	6,1,2,4,2,3,4,4,5,3	0,0,0,0,0,0,0,0,0,0	3,7,2,5,6,3,7,4,7,6	0,0,0,0,0,0,1,0,0,0	150	75
1033	22,14,21,18,28,26,19,20,15,18	2,0,0,1,0,0,1,0,3,0	12,20,12,14,19,19,25,10,17,16	1,0,3,3,1,1,2,0,0,2	150	75
1034	7,12,7,7,6,8,14,8,12,17	0,0,0,1,0,0,0,1,0,0	6,7,5,1,9,4,6,7,5,9	0,0,0,0,0,0,1,0,1,0	120	75
1035	5,2,3,2,1,1,2,4,1,4	7,5,4,3,4,1,1,1,1,0	1,1,1,4,4,0,1,0,3,2	3,5,1,1,1,4,4,2,1,3	150	75
1036	5,4,7,4,2,7,7,2,3,8	5,7,17,9,5,6,5,4,5,8	1,7,4,4,2,9,5,5,2,8	10,8,5,11,5,12,5,7,7,7	81	75
1037	0,0,3,0,0,0,0,0,1,3	5,7,17,9,5,6,5,4,5,8	1,1,0,0,0,3,1,0,1,0	10,8,5,11,5,12,5,7,7,7	77	75
1038	26,18,19,25,25,18,17,22,23,14	2,1,0,1,3,1,0,1,1,0	29,19,27,20,27,16,22,16,29,20	1,0,0,1,0,1,1,0,2,0	82	75
1039	26,27,28,24,18,12,19,16,17,39	0,2,4,1,0,1,2,3,2,1	27,19,19,29,29,24,24,20,18,17	2,1,0,2,3,2,4,4,0,1	150	75
1040	1,2,1,1,0,5,1,1,0,0	48,22,28,29,27,29,28,27,38,34	4,1,0,2,1,1,4,1,2,1	39,35,30,23,42,21,26,37,37,32	96	75
1041	78,77,76,63,95,56,68,45,58,94	0,0,1,0,0,0,0,0,2,0	72,71,70,68,91,55,79,64,63,77	0,0,0,0,0,1,0,0,2,0	111	75
1042	35,38,32,31,37,29,26,33,23,40	0,0,0,0,0,0,0,1,0,0	35,28,46,26,43,26,37,28,20,33	0,0,0,0,0,0,0,0,0,0	111	75
1043	2,1,3,2,4,0,3,2,3,4	0,0,0,0,0,0,0,1,0,0	0,1,0,2,1,1,0,2,2,2	0,0,0,1,0,0,0,0,0,0	150	75
1044	14,8,15,8,8,4,7,4,2,10	0,0,0,0,2,0,0,0,0,0	3,9,5,9,12,4,9,8,8,5	0,1,0,0,0,0,0,0,0,2	108	75
1045	0,1,2,1,0,0,1,2,0,2	1,1,0,1,0,0,3,1,1,2	0,1,0,0,0,0,3,3,0,0	1,2,0,0,0,1,0,0,0,3	138	75
1046	35,22,28,35,22,24,11,25,25,34	100,114,120,109,102,113,110,113,128,138	32,21,18,29,26,21,19,21,18,30	91,108,139,115,132,143,151,127,149,132	150	75
1047	23,25,21,18,26,24,22,25,19,29	104,92,89,101,67,57,79,62,118,133	15,25,36,27,26,32,25,23,21,23	77,78,98,115,122,158,138,114,115,131	150	75
1048	337,374,361,422,353,352,283,389,362,464	0,0,0,1,0,0,0,0,1,0	342,304,361,346,391,361,391,366,416,369	0,0,1,0,2,0,1,2,1,0	88	75
1049	1,0,0,0,0,0,0,2,0,0	1,1,1,1,0,0,0,1,0,4	2,1,1,1,2,0,0,0,0,0	0,0,1,0,0,0,0,0,0,0	84	75
1051	71,64,73,85,66,58,52,62,65,86	1,1,0,0,1,0,0,1,0,4	83,73,83,83,82,63,69,42,93,81	1,2,0,1,0,0,0,0,0,0	105	75
1052	11,17,10,15,13,3,2,9,8,10	0,0,0,0,0,0,0,0,0,0	10,6,5,10,14,11,13,15,7,4	0,0,0,1,0,0,2,0,0,0	150	75
1054	7,8,6,12,6,3,8,8,3,7	1,0,0,0,2,0,0,2,3,4	9,7,5,12,16,3,5,9,4,3	3,2,0,2,0,1,2,0,0,1	150	75
1055	2,2,3,8,3,2,2,2,1,0	1,0,0,0,0,0,0,0,0,0	7,3,1,2,6,0,1,6,3,3	0,0,0,0,0,0,0,0,0,0	150	75
1056	0,2,0,0,0,0,1,0,0,0	6,4,9,10,3,5,2,7,8,3	1,1,0,0,0,0,1,0,1,4	6,3,7,7,5,7,4,8,5,12	98	75
1058	0,0,0,1,0,0,0,0,0,0	0,0,0,0,0,0,0,0,0,0	0,0,0,0,0,1,0,0,0,0	0,0,0,0,0,0,0,0,0,1	83	75
1060	21,29,17,12,23,13,15,19,8,11	0,0,0,0,0,0,0,0,1,0	11,12,17,19,16,10,16,12,17,14	0,0,0,2,0,0,0,0,0,0	150	75
1061	283,362,379,310,312,329,244,297,271,306	5,8,2,6,5,6,4,2,3,9	319,334,300,355,285,295,385,325,327,331	5,5,8,5,0,4,7,3,7,4	114	75
1062	1,3,5,7,6,2,4,3,2,3	155,142,130,135,129,151,121,180,126,159	5,4,11,6,2,3,11,2,2,3	161,136,161,144,158,174,182,165,151,210	150	75
1063	1,1,3,1,0,0,0,0,2,4	0,0,0,1,2,0,2,1,0,1	3,5,0,0,3,0,4,0,3,3	1,2,0,1,5,0,0,1,0,2	132	75
1064	289,267,268,292,234,335,263,304,307,309	0,2,0,1,0,2,0,0,1,0	274,258,325,252,315,316,320,273,331,357	1,0,0,3,4,1,0,1,1,1	150	75
1065	352,386,332,353,275,399,345,363,361,386	0,0,0,0,0,0,0,0,0,1	336,336,399,334,374,371,349,370,434,483	0,1,0,1,0,1,0,0,2,0	150	75
1066	5,0,3,9,0,2,3,3,2,2	0,0,0,0,0,0,0,0,0,0	3,1,7,3,5,4,3,1,4,4	0,1,0,0,0,1,0,0,0,0	150	75
1067	43,37,43,47,47,44,40,45,45,68	213,223,221,222,183,261,196,215,210,229	46,31,47,32,43,44,43,44,64,73	188,218,246,229,251,215,207,218,279,347	150	75
1068	198,209,199,230,205,246,194,210,201,247	0,0,2,0,0,0,0,0,1,0	206,218,222,193,201,218,213,203,266,320	2,0,0,0,0,0,0,0,0,0	150	75
1069	193,210,197,220,203,249,189,211,205,253	0,3,1,2,2,3,4,5,4,3	206,218,229,190,198,217,206,204,271,323	1,1,1,3,4,1,1,0,0,4	150	75
1070	3,7,0,4,5,5,2,7,6,9	0,11,11,3,4,8,6,7,7,11	2,4,12,2,4,3,1,4,14,8	5,5,5,7,8,4,3,15,4,11	150	75
1072	13,19,23,22,23,9,13,20,13,17	0,0,0,0,0,0,0,0,1,0	23,20,15,14,26,17,31,19,28,14	0,0,0,0,0,0,0,0,2,0	126	75
1075	22,23,35,32,22,18,17,23,25,29	2,0,0,1,1,0,1,1,0,1	38,25,32,28,25,22,34,20,17,19	1,0,3,0,1,0,0,0,1,0	80	75
1078	24,42,55,46,48,29,28,37,41,39	0,0,0,0,0,1,0,0,0,0	22,37,34,22,41,45,45,39,36,45	0,1,0,0,0,0,0,1,0,0	150	75
1080	0,0,1,2,0,0,1,1,1,0	16,23,15,8,8,7,10,9,9,14	1,0,0,2,0,0,0,0,1,0	8,17,15,12,18,13,12,14,16,12	121	75
1081	20,21,21,23,18,22,15,20,21,16	0,0,0,0,0,0,0,0,0,0	17,16,17,22,22,15,24,26,13,12	0,0,0,0,1,0,0,0,1,0	124	75
1082	43,52,50,59,48,51,38,44,37,41	48,89,73,113,78,88,66,81,63,97	45,45,36,45,47,42,52,62,58,57	83,57,64,54,65,61,69,93,83,110	116	75
1083	9,5,11,16,13,6,5,3,5,12	0,0,0,1,0,0,0,1,0,0	15,4,1,5,11,9,5,6,12,6	0,0,0,0,1,0,0,0,0,0	84	75
1085	98,101,117,130,148,89,116,118,118,109	7,5,3,3,6,8,4,5,4,3	133,94,131,113,133,122,112,96,115,116	9,2,2,9,4,9,5,5,5,7	150	75
1086	46,58,53,66,52,62,35,51,48,55	47,50,35,40,34,34,24,30,24,38	50,50,52,56,46,53,63,63,70,68	33,35,32,36,36,47,42,29,30,32	87	75
1088	202,245,219,268,212,216,197,199,219,234	0,0,1,1,3,1,1,3,2,0	229,217,192,242,250,216,228,169,208,236	0,0,1,0,0,0,1,1,2,1	148	75
1090	1360,1578,1731,1792,1565,1580,1351,1435,1428,1796	3,1,1,0,1,1,1,2,0,2	1564,1580,1608,1550,1663,1648,1615,1566,1713,1561	2,0,0,0,1,2,2,0,2,2	103	75
1091	331,353,447,446,397,383,336,408,356,451	1,0,1,0,0,0,0,0,2,1	400,383,389,403,403,382,422,390,422,391	1,1,0,1,0,2,0,1,0,2	103	75
1092	297,281,314,280,305,230,183,249,242,253	9,23,17,10,13,6,12,16,9,9	282,309,281,303,329,305,341,245,268,221	13,13,9,12,20,17,8,9,12,7	102	75
1093	0,0,0,0,1,0,0,0,0,0	0,0,0,1,0,0,0,0,0,0	0,0,2,0,0,0,0,0,0,0	0,0,1,0,1,0,0,0,0,0	87	75
1094	262,268,285,231,235,118,164,188,213,205	39,51,38,53,45,35,38,51,33,50	267,233,226,245,278,212,251,204,198,134	43,47,41,41,39,33,49,45,43,25	150	75
1096	5,7,7,12,4,0,7,9,6,6	0,0,2,3,2,2,1,2,0,0	9,5,4,6,9,0,7,3,8,10	0,0,1,1,0,1,2,3,3,2	150	75
1100	1,0,0,0,3,0,1,0,2,3	4,10,4,7,6,1,9,2,6,4	2,2,1,1,0,0,1,1,1,2	7,8,4,3,8,6,7,1,3,3	150	75
1102	1,0,0,1,5,0,1,1,0,0	8,10,13,6,7,7,14,11,12,10	1,1,2,0,0,1,2,0,0,1	14,6,11,5,12,12,11,3,7,6	93	75
1103	70,82,55,71,72,32,52,56,59,39	1,0,0,0,0,0,0,0,0,0	75,67,51,76,86,54,58,57,32,22	0,0,0,0,0,0,0,0,0,0	150	75
1107	45,51,63,69,47,53,50,48,63,59	3,3,3,7,5,2,0,1,2,3	67,62,75,46,65,70,51,60,65,48	4,2,2,5,0,4,6,1,3,1	92	75
1108	11,14,15,14,10,7,5,7,10,13	0,0,0,0,1,0,0,0,0,0	13,3,1,9,15,11,15,8,11,8	0,0,0,0,0,0,0,0,2,0	108	75
1109	6,5,14,7,2,6,11,14,6,14	1,0,0,0,0,0,0,0,1,0	11,4,12,10,7,13,7,4,9,12	3,0,0,0,0,0,0,0,0,0	150	75
1110	2,5,2,4,2,4,4,4,4,5	0,1,1,0,1,0,1,1,0,1	1,5,2,1,0,3,3,3,6,5	0,1,0,0,1,2,1,0,3,2	111	75
1111	7,13,9,12,4,5,1,8,9,6	9,9,15,6,6,6,5,6,3,6	2,8,3,7,5,4,5,8,8,6	10,10,5,3,10,10,3,4,10,3	111	75
1112	0,3,0,0,0,0,0,1,0,2	1,2,2,4,3,0,3,3,2,2	0,0,2,0,0,1,0,2,0,0	3,1,0,3,1,4,2,3,1,0	103	75
1114	2,0,1,3,0,0,1,0,0,1	9,9,14,10,9,6,15,16,18,13	0,0,0,0,0,0,0,1,0,3	20,13,12,13,23,18,19,12,17,13	150	75
1115	15,14,8,11,8,4,8,3,4,19	357,363,384,395,314,211,261,329,351,364	8,11,7,7,20,5,5,12,7,12	389,327,351,359,383,434,412,331,297,211	88	75
1117	0,0,1,0,0,1,0,1,0,0	1,0,0,0,0,0,0,1,0,0	0,0,0,0,0,0,0,0,1,0	0,0,0,0,0,0,0,0,0,1	78	75
1118	22,32,40,42,40,31,24,29,32,27	0,0,0,0,1,0,0,0,0,0	40,30,26,30,35,28,32,26,39,34	0,0,0,0,0,0,0,0,0,0	150	75
1119	4,6,4,7,4,2,4,4,8,4	0,3,1,0,1,0,0,1,0,0	12,6,3,1,8,2,2,4,9,5	0,0,0,1,0,0,1,0,0,0	150	75
1120	72,81,86,91,79,63,67,78,54,80	3,0,5,2,1,5,3,5,3,3	73,67,57,80,98,81,74,75,72,57	1,2,2,3,0,4,10,4,5,5	109	75
1122	91,111,102,120,72,63,74,87,61,103	268,226,264,287,215,155,187,160,217,251	95,78,87,78,107,110,99,79,64,68	222,251,216,239,257,224,277,228,180,191	102	75
1125	4,2,4,1,0,2,1,1,2,4	102,116,106,134,120,166,96,107,142,142	1,5,1,3,1,2,6,1,1,2	130,137,140,116,129,96,162,125,147,178	92	75
1127	0,0,0,0,0,0,0,0,0,0	7,13,7,4,6,6,1,7,7,12	0,0,0,0,1,0,0,0,0,0	9,4,7,4,7,4,9,5,6,6	103	75
1128	0,2,2,1,1,1,1,2,1,0	0,0,0,0,0,0,0,0,0,0	2,1,0,2,0,0,0,0,1,1	0,0,0,1,0,0,0,0,0,0	150	75
1129	0,0,0,2,2,0,0,1,1,0	0,0,0,0,0,0,0,0,0,0	1,4,0,0,0,0,2,0,0,0	0,0,0,0,1,0,0,0,0,0	125	75
1133	4,6,5,9,7,7,6,3,2,10	2,1,2,0,2,3,2,2,1,1	3,9,4,6,2,1,7,9,7,12	1,0,0,0,2,1,1,4,2,0	81	75
1135	96,82,121,90,106,63,69,86,89,114	64,64,52,52,72,36,37,53,70,51	113,90,90,100,125,106,124,89,85,64	61,56,71,77,72,61,66,43,47,39	105	75
1136	1,0,1,0,2,1,0,1,0,0	13,9,7,14,15,7,6,8,8,14	2,1,2,1,0,1,2,1,1,4	10,11,8,13,9,7,13,13,14,14	146	75
1137	121,93,123,81,73,93,72,89,82,113	28,31,40,31,24,31,27,47,40,41	88,63,63,79,100,77,87,65,70,72	37,31,38,53,35,31,35,34,49,33	144	75
1139	29,29,29,23,31,22,24,32,19,31	14,15,15,23,21,7,12,13,8,8	30,47,28,25,26,35,42,21,36,28	12,13,16,17,13,14,31,19,27,10	96	75
1140	87,105,100,90,97,113,81,88,95,122	0,0,0,0,0,0,1,0,0,0	97,82,97,101,107,108,111,102,121,108	0,0,0,0,0,0,0,0,0,1	150	75
1141	88,91,96,102,78,60,64,67,87,109	27,21,23,29,28,24,21,20,16,25	64,98,84,79,94,70,99,73,89,90	25,19,20,34,24,19,32,23,30,31	102	75
1142	62,82,64,77,75,60,48,80,60,60	6,7,8,6,9,7,2,3,6,9	70,64,47,72,73,70,85,75,61,59	8,7,4,9,10,13,8,8,7,6	150	75
1144	0,0,0,0,0,0,0,0,0,2	3,1,1,0,1,0,1,0,1,0	0,0,0,0,0,0,0,0,0,0	1,0,0,2,1,0,1,0,3,0	79	75
1146	76,92,107,104,93,30,40,63,59,68	4,1,1,1,2,1,0,1,0,0	85,81,69,74,94,71,91,68,43,20	1,3,1,1,5,0,2,0,1,0	111	75
1147	26,42,44,45,47,20,21,24,33,34	0,0,0,0,0,0,0,0,0,0	43,36,27,33,45,37,45,34,15,10	0,0,2,0,0,0,0,0,0,0	111	75
1148	35,50,51,47,50,26,22,31,33,42	2,1,2,4,5,0,2,3,0,0	44,43,32,47,47,37,45,39,33,25	3,2,5,1,2,4,4,0,1,4	111	75
1150	15,16,17,19,16,12,8,23,10,8	3,0,1,1,0,2,1,1,0,1	15,14,12,14,18,11,18,24,30,22	1,0,0,3,0,0,0,2,0,2	96	75
1152	146,106,127,164,111,131,119,124,150,130	5,8,4,5,5,5,4,6,7,13	131,124,129,126,133,108,164,134,142,139	5,6,6,4,8,6,6,1,9,11	77	75
1153	396,355,447,460,342,426,342,394,357,421	117,115,142,143,101,153,109,107,118,119	409,374,387,441,434,349,432,347,452,453	144,130,98,107,130,100,161,114,145,155	84	75
1154	39,29,51,50,42,47,24,53,33,50	12,9,6,15,4,10,5,8,13,14	38,55,45,47,55,32,60,45,44,40	10,4,11,5,15,11,20,3,18,16	84	75
1157	28,33,46,29,24,41,33,24,37,27	0,0,0,0,0,1,0,0,0,0	40,36,27,31,27,31,25,24,29,40	0,0,0,0,0,2,0,0,0,0	150	75
1158	1,0,0,0,0,0,0,0,0,0	0,0,0,1,1,0,0,0,1,0	0,0,0,1,0,0,0,0,1,0	2,0,0,0,0,0,0,0,2,0	150	75
1159	1,4,3,3,1,1,0,1,2,4	43,42,57,56,48,38,41,46,47,56	2,0,1,1,2,3,0,0,0,4	53,45,40,33,53,55,45,41,51,40	103	75
1160	3,11,7,10,6,7,6,7,5,13	1,0,0,2,2,0,6,0,3,1	6,7,7,12,7,9,6,1,5,9	1,4,1,0,0,2,3,6,2,3	150	75
1161	2,0,0,0,0,0,1,0,0,0	30,19,15,14,17,4,11,16,11,15	0,0,0,0,0,0,0,0,0,2	18,18,8,13,14,16,21,8,8,9	150	75
1163	3,8,5,11,3,2,5,0,3,5	22,25,38,27,27,22,28,22,24,32	8,7,5,6,1,3,5,2,11,2	31,26,26,39,15,26,30,27,22,27	91	75
1164	3,2,7,3,3,2,2,4,7,2	3,6,2,5,6,0,0,2,1,6	2,5,4,3,1,1,3,2,4,3	8,2,6,3,2,3,7,4,3,6	150	75
1166	0,0,1,0,0,1,2,1,0,1	152,220,167,197,177,228,178,194,202,219	1,2,1,1,0,0,1,2,2,1	174,217,151,183,215,166,189,185,181,187	79	75
1167	146,192,175,185,148,167,166,149,139,186	0,0,0,0,0,0,0,0,0,0	161,147,144,167,184,168,160,180,180,163	0,0,0,0,0,0,0,0,1,0	144	75
1168	298,412,341,382,325,394,342,342,341,404	0,0,0,0,0,0,0,0,0,0	334,362,294,349,399,334,348,363,359,349	0,0,0,0,0,0,0,0,1,0	140	75
1169	2,7,1,4,3,6,3,3,5,6	126,136,151,164,140,156,142,173,152,159	3,4,1,2,5,7,4,1,6,6	138,137,161,146,158,184,178,193,152,158	139	75
1174	1716,1877,1860,1967,1686,1428,1370,1500,1599,1627	0,0,1,1,0,0,3,3,1,1	1783,1679,1548,1686,2042,1705,1899,1592,1544,1256	1,1,0,0,0,2,1,1,2,0	116	75
1176	3,1,1,0,0,0,0,0,1,0	22,15,11,19,10,3,12,8,22,11	0,0,1,0,1,0,1,0,0,1	20,17,11,10,24,20,17,11,15,13	97	75
1177	4,5,8,6,5,4,4,5,11,6	0,1,1,0,0,0,0,0,0,1	7,5,7,8,9,6,14,7,7,4	0,0,0,0,0,0,0,0,0,1	90	75
1183	68,73,69,97,61,67,57,57,86,83	0,0,1,1,2,0,0,0,0,0	63,65,84,86,89,60,85,61,71,60	0,0,0,0,1,0,0,1,0,0	150	75
1184	0,0,0,1,0,1,1,1,1,0	80,66,52,73,65,66,58,67,59,68	1,1,0,1,4,2,0,0,1,2	71,65,65,70,55,58,70,51,58,72	133	75
1185	0,1,0,0,0,0,0,0,0,0	0,0,0,0,0,0,0,0,0,0	0,0,0,0,0,0,0,0,0,0	2,0,0,0,0,0,0,0,0,0	123	75
1186	182,216,233,233,223,181,175,197,165,202	0,1,0,0,0,0,0,1,0,0	187,199,185,210,221,199,232,161,215,160	0,0,0,0,0,0,0,0,0,0	150	75
1187	1,0,0,0,0,0,0,0,0,1	26,27,35,31,29,37,36,32,23,31	0,0,0,0,0,0,0,0,0,0	44,34,30,36,31,41,45,38,34,44	150	75
1188	72,106,83,106,90,70,64,72,64,68	0,0,0,0,0,0,0,0,0,0	63,86,70,89,90,75,85,81,94,71	0,0,0,0,0,2,0,0,0,0	150	75
1189	75,84,58,63,56,44,56,72,52,46	0,0,0,1,0,0,1,2,0,2	80,61,57,63,83,75,60,64,53,44	1,0,0,1,0,0,0,0,0,0	150	75
1192	1,1,0,0,0,0,0,2,1,0	123,148,154,134,112,92,107,120,109,119	0,0,1,0,0,0,0,2,0,0	119,138,107,142,136,133,145,132,108,105	140	75
1193	1,1,0,0,0,0,1,0,1,0	2,1,5,6,0,1,0,1,2,2	0,0,0,1,0,0,0,0,0,0	2,1,1,3,1,3,5,1,5,1	140	75
1195	14,11,8,9,16,3,7,5,12,6	3,1,2,6,2,1,2,6,1,1	12,6,7,8,18,10,7,7,16,6	1,4,0,0,0,1,2,0,1,0	114	75
1197	0,1,1,1,2,3,0,0,0,1	11,8,11,17,14,9,12,14,19,15	0,1,0,0,1,0,1,0,1,0	16,16,9,7,5,9,12,24,8,14	79	75
1198	7,5,9,8,6,6,3,7,4,3	0,1,0,1,1,1,0,2,1,0	5,4,4,3,3,7,8,4,2,6	0,0,0,1,3,1,1,0,0,0	150	75
1199	0,0,1,0,1,0,0,0,0,0	9,8,5,12,11,16,5,6,10,21	0,0,0,0,0,0,0,0,0,1	8,17,2,10,9,8,8,11,14,18	91	75
1200	5,1,2,4,2,4,2,2,3,2	0,0,0,0,0,0,0,0,1,0	3,4,3,0,3,6,1,4,1,3	0,0,0,0,0,0,0,0,0,1	150	75
1201	7,2,11,6,8,4,7,9,4,3	0,1,1,0,0,0,0,0,0,0	3,3,7,3,6,5,9,6,1,6	1,0,0,0,0,0,0,0,0,0	104	75
1202	12,2,12,10,10,8,8,9,7,4	0,0,0,0,0,0,0,0,1,0	5,5,9,3,9,11,7,10,2,6	0,0,0,0,0,0,0,0,0,0	150	75
1203	5,2,3,4,2,4,2,2,3,2	0,0,0,0,0,0,0,0,1,0	4,4,3,0,3,6,1,4,1,2	0,0,0,0,0,0,0,0,0,0	150	75
1204	0,0,0,0,0,0,0,1,0,0	0,1,1,0,2,1,0,1,3,3	0,0,0,0,0,0,1,0,0,0	2,0,1,0,2,0,1,2,0,1	86	75
1205	0,0,0,0,0,0,0,1,0,0	1,1,0,0,0,0,0,0,0,0	0,0,0,0,0,0,1,0,0,0	1,0,0,0,0,0,0,0,0,0	142	75
1206	0,1,1,0,2,1,0,1,3,3	1,1,0,0,0,0,0,0,0,0	2,0,1,0,2,0,1,2,0,1	1,0,0,0,0,0,0,0,0,0	131	75
1207	0,1,0,1,0,0,2,0,0,0	16,22,29,35,23,23,29,21,28,35	1,0,0,0,2,0,3,1,0,0	31,35,24,32,24,30,35,19,35,15	84	75
1209	59,58,85,67,53,51,38,71,65,55	0,0,0,2,1,2,2,0,0,3	63,48,60,61,60,52,72,47,58,69	1,0,0,0,0,0,0,2,0,0	92	75
1211	0,2,1,2,0,2,0,1,1,0	8,7,12,10,12,3,7,8,11,6	1,0,0,0,1,2,2,2,3,2	9,7,4,5,7,8,9,7,5,7	90	75
1212	0,0,1,1,0,0,0,0,0,0	0,1,1,2,1,0,1,2,1,0	0,0,0,0,0,0,1,1,1,0	0,0,0,1,1,0,0,1,0,1	90	75
1213	0,0,0,0,0,0,0,0,0,0	50,60,62,64,48,42,55,63,50,47	0,0,0,0,0,0,0,0,0,1	45,53,61,44,66,58,49,45,60,61	93	75
1217	0,0,0,0,0,0,0,1,0,0	0,1,0,1,0,1,1,0,0,0	1,0,0,0,0,0,1,0,1,0	0,1,0,1,0,4,1,2,1,1	150	75
1219	24,31,16,24,30,20,19,11,9,14	2,0,0,0,1,0,1,0,0,0	18,17,15,19,19,23,18,15,25,14	0,0,0,1,0,0,0,0,0,0	89	75
1220	38,36,39,24,42,44,34,24,31,35	15,13,17,22,20,16,15,15,24,17	40,36,34,34,42,37,36,36,46,33	15,12,17,10,15,26,20,14,20,20	138	75
1221	0,0,0,0,0,0,0,0,0,0	0,0,0,0,1,0,0,1,0,0	0,0,0,0,0,0,0,0,1,0	0,0,0,0,0,0,0,0,0,0	77	75
1223	4,3,5,2,4,0,3,2,4,4	44,45,35,40,25,23,27,18,25,31	4,1,5,4,5,5,6,2,3,3	37,21,26,34,26,29,43,34,21,18	150	75
1225	171,179,193,223,194,73,101,134,138,131	28,31,23,25,33,9,16,16,14,16	165,159,131,165,181,184,201,142,119,52	21,24,22,32,23,14,39,19,18,6	150	75
1226	1,3,0,0,0,2,0,1,1,2	1,0,0,0,0,0,0,0,0,1	1,0,0,1,2,0,1,0,0,0	0,1,0,0,0,0,0,0,0,1	79	75
1227	7,7,8,8,5,0,3,2,3,8	3,0,2,0,0,1,0,0,2,3	7,7,4,11,6,10,12,4,7,3	2,3,1,1,2,1,0,0,1,0	79	75
1228	7,11,3,14,8,3,6,12,8,8	22,32,31,36,35,31,29,29,26,30	5,6,1,6,4,4,2,7,8,12	26,20,15,43,31,22,17,37,40,40	87	75
1231	1,2,4,1,0,0,2,1,1,2	5,5,10,6,5,8,5,7,7,3	1,0,0,2,1,1,1,2,4,0	5,7,6,10,7,9,8,6,7,7	79	75
1232	6,7,9,11,10,7,9,8,5,14	84,114,116,148,116,73,74,94,104,110	7,4,3,10,4,3,14,8,7,10	109,93,107,113,136,120,129,96,109,88	79	75
1233	54,76,68,65,57,50,37,59,67,49	0,1,1,0,0,2,1,0,6,3	59,62,50,51,72,53,61,63,55,30	0,4,2,0,1,2,1,2,3,0	107	75
1235	1,1,0,0,1,1,0,1,0,1	22,22,24,42,23,8,25,12,31,26	1,3,0,0,1,3,2,1,1,0	27,17,20,20,31,15,25,21,14,12	150	75
1236	0,0,3,2,1,1,0,2,2,2	4,4,1,3,1,0,0,2,1,4	0,2,4,1,1,1,0,1,1,0	5,2,0,1,1,0,1,0,2,0	150	75
1237	0,0,0,0,0,0,0,0,0,0	1,1,0,0,1,0,0,0,0,1	0,0,0,0,1,0,3,0,0,0	0,3,0,0,0,0,1,0,1,0	150	75
1238	21,22,29,37,32,17,12,24,11,28	94,99,72,80,71,65,52,66,53,81	21,13,17,29,24,8,37,44,22,37	78,59,83,80,76,61,74,85,68,65	150	75
1239	3,2,2,5,0,3,1,3,0,2	1,0,0,0,0,0,0,0,0,0	4,0,1,1,2,2,1,1,0,0	1,0,0,0,0,0,0,0,0,0	125	75
1241	81,80,51,60,54,75,60,52,48,70	0,0,0,0,0,0,0,0,1,0	65,69,68,53,90,60,79,50,69,71	0,0,0,1,0,0,0,0,0,0	150	75
1244	8,7,7,6,3,15,5,3,9,8	2,0,0,0,0,0,0,1,1,0	10,3,8,11,8,4,5,14,11,7	0,0,0,0,1,1,1,1,0,1	96	75
1245	6,4,4,4,4,7,2,1,3,2	6,11,16,10,8,10,3,10,7,9	4,2,3,9,6,2,2,4,6,2	7,11,3,8,7,14,10,12,4,4	96	75
1246	6,2,6,3,2,2,2,2,3,2	61,62,52,40,54,21,28,43,45,37	3,1,4,5,5,6,4,2,1,0	61,30,34,50,52,63,73,32,26,14	150	75
1247	15,26,22,23,16,14,35,31,14,32	0,0,0,0,0,0,0,0,0,0	14,21,26,11,24,31,25,16,20,25	0,0,0,0,0,1,0,0,0,0	150	75
1248	0,0,0,0,0,0,0,0,0,0	0,0,0,0,0,0,1,1,0,0	0,0,0,0,0,0,1,0,0,0	0,0,0,0,0,0,0,0,0,0	100	75
1249	35,47,47,55,53,36,38,44,47,44	99,107,114,142,120,117,83,111,96,124	54,40,28,27,43,50,57,32,43,41	99,129,88,112,113,94,156,102,113,127	150	75
1253	0,1,1,0,1,0,0,0,2,1	32,47,49,34,41,53,41,38,36,62	1,2,4,0,2,1,0,0,0,3	46,52,32,28,44,31,44,40,46,44	89	75
1254	9,10,10,15,11,14,6,10,19,19	2,1,2,0,3,0,1,1,1,1	13,7,8,4,19,18,12,10,13,13	2,0,0,1,2,0,0,0,2,1	150	75
1255	25,20,29,21,28,12,19,35,25,29	0,0,1,1,0,0,0,0,0,0	35,16,41,32,34,27,39,24,18,24	0,0,0,1,0,0,0,2,0,0	111	75
1257	32,39,43,27,35,30,22,37,39,41	0,0,0,0,0,0,0,0,0,1	31,35,31,33,32,38,43,31,38,20	0,0,0,0,0,0,0,0,0,0	150	75
1258	0,1,0,0,0,0,0,1,0,0	32,38,43,27,35,30,22,37,39,40	0,0,0,0,1,0,0,0,0,0	31,35,31,33,31,38,42,30,38,20	93	75
1259	59,70,69,92,66,66,64,73,48,70	0,1,3,1,0,4,6,1,1,2	90,70,49,66,80,62,91,67,78,55	1,2,4,1,2,6,5,0,3,0	88	75
1260	8,5,0,1,6,9,6,6,9,7	0,0,0,0,0,0,0,0,0,0	3,8,10,2,3,3,11,4,4,12	1,0,0,0,0,0,0,0,0,0	90	75
1261	99,73,67,69,76,98,61,80,70,89	0,0,0,0,0,0,0,0,0,0	83,66,73,68,67,66,82,72,75,102	1,0,0,0,0,0,0,0,0,0	119	75
1262	91,68,67,68,70,89,55,74,61,82	0,0,0,0,0,0,0,0,0,0	80,59,63,66,64,63,71,68,72,90	0,1,0,0,0,0,0,0,1,0	104	75
1263	75,149,88,91,83,51,64,81,61,66	1,0,1,0,0,0,0,0,2,1	80,80,78,119,85,101,104,105,86,69	0,0,0,0,0,0,0,0,0,0	86	75
1264	15,16,12,18,21,12,7,14,15,14	7,0,0,2,3,3,1,3,2,1	20,8,15,5,12,14,18,10,8,4	1,1,0,2,1,2,4,2,1,2	150	75
1266	4,6,3,5,6,5,2,3,4,4	21,17,23,27,15,20,9,19,14,13	1,1,3,1,2,8,4,3,4,3	14,19,20,23,20,11,13,17,22,22	93	75
1268	66,59,60,100,61,82,67,74,73,68	6,13,5,10,8,11,10,6,22,14	66,69,63,70,92,83,92,71,74,83	7,13,7,6,8,14,20,14,14,15	97	75
1270	3,6,5,4,7,2,3,0,6,4	0,0,0,2,0,0,0,0,0,0	6,5,2,4,3,1,2,4,3,4	0,0,0,0,0,0,0,0,0,0	150	75
1271	1,2,3,2,2,2,1,1,5,4	4,13,10,9,15,7,10,13,23,7	3,2,2,4,1,3,2,5,2,12	18,10,10,12,18,22,12,22,7,19	150	75
1272	10,9,6,13,11,7,7,13,14,12	2,0,1,0,0,0,0,1,0,0	8,7,9,7,11,4,9,10,14,11	2,0,0,0,0,1,0,1,0,0	94	75
1273	0,1,1,4,3,0,2,4,1,0	0,0,0,1,0,0,0,0,0,0	3,2,1,0,2,1,0,0,4,1	0,0,0,0,0,0,0,0,1,0	94	75
1274	0,0,0,1,0,0,1,0,0,0	3,0,3,2,5,2,1,3,2,4	0,0,0,0,0,0,0,0,0,0	8,1,2,4,6,4,8,1,5,2	111	75
1275	2,2,2,2,3,2,2,0,1,3	1,0,0,0,0,0,0,0,0,0	3,4,1,1,0,1,2,3,0,1	0,0,0,0,0,0,0,0,0,0	150	75
1277	18,11,25,16,21,12,13,14,28,26	1,0,0,0,0,0,0,0,0,0	20,18,17,30,23,23,24,8,16,23	0,0,0,0,1,0,0,0,0,0	93	75
1278	97,84,88,94,99,66,80,93,90,96	4,3,2,0,3,0,0,0,1,2	96,72,81,111,103,103,91,84,92,89	0,2,2,1,3,3,0,0,1,2	93	75
1279	173,133,171,164,126,117,151,135,133,162	1,0,0,1,1,0,0,0,0,0	128,128,186,155,180,134,134,131,187,94	0,0,1,1,0,0,0,0,0,0	150	75
1282	6,9,8,7,4,0,5,5,11,6	0,0,1,0,2,0,0,0,2,1	5,5,4,12,7,7,8,6,3,6	1,0,1,0,0,0,0,0,3,0	150	75
1283	0,0,0,0,0,0,2,0,0,1	76,94,109,79,97,97,114,93,85,99	0,1,0,0,1,0,0,0,1,0	93,83,88,87,91,86,76,83,103,94	82	75
1284	86,95,78,76,56,66,56,76,53,66	0,0,0,0,3,0,0,0,0,0	71,62,73,86,77,81,69,64,68,76	0,0,0,0,0,1,0,0,0,0	106	75
1285	0,0,4,2,1,3,0,1,6,0	23,13,18,28,17,12,13,23,17,14	0,0,1,0,0,0,2,0,4,2	24,22,16,27,29,13,20,19,25,20	134	75
1286	2,1,5,2,1,4,0,2,6,1	0,0,0,0,0,1,0,0,1,0	3,0,1,0,0,0,3,0,4,2	1,0,0,0,0,1,0,2,0,0	139	75
1287	25,14,19,28,17,13,13,24,17,15	0,0,0,0,0,1,0,0,1,0	27,22,16,27,29,13,21,19,25,20	1,0,0,0,0,1,0,2,0,0	80	75
1289	3,2,1,3,2,0,0,1,2,0	0,0,0,0,0,0,0,0,0,0	0,0,0,0,3,4,2,3,1,1	0,0,0,1,0,0,1,0,0,1	100	75
1290	2,3,1,2,1,0,4,2,1,0	0,0,0,0,0,0,1,0,0,0	0,0,1,1,4,0,1,0,1,1	0,0,0,0,0,0,0,0,0,0	150	75
1291	5,7,7,10,8,4,3,2,7,1	3,9,8,7,5,1,7,8,3,5	6,7,4,4,9,7,7,3,4,8	8,7,8,11,4,11,14,7,1,3	87	75
1295	55,57,33,54,46,35,47,38,46,47	0,0,0,0,0,0,0,0,0,0	53,46,47,35,48,46,61,33,45,46	0,0,0,0,0,0,1,0,0,0	150	75
1296	0,0,1,0,0,0,0,0,0,0	30,28,38,30,25,32,25,21,22,15	0,0,0,0,0,0,0,0,0,0	26,21,12,36,31,30,39,23,17,15	79	75
1297	2,5,4,10,6,10,3,10,3,4	0,0,0,0,0,0,0,0,0,0	4,3,3,13,5,4,10,5,6,7	0,0,0,0,0,0,0,0,0,1	150	75
1298	6,5,4,9,2,9,3,5,3,4	0,0,0,0,0,0,0,0,0,0	3,6,5,10,4,4,2,1,5,6	0,0,1,0,0,0,0,0,0,0	150	75
1299	111,133,177,160,176,104,144,127,125,148	3,0,2,0,0,1,0,0,1,3	151,173,128,146,162,142,171,133,137,130	0,0,1,1,0,1,4,2,0,1	150	75
1300	69,93,96,106,78,60,59,89,82,94	0,0,0,0,0,0,0,0,0,0	75,79,74,86,115,105,108,93,81,68	1,0,0,1,0,0,1,1,0,0	101	75
1301	36,70,60,54,72,44,37,40,58,45	21,17,19,24,24,12,18,17,21,14	65,56,59,57,68,51,48,48,33,27	24,9,24,19,29,21,19,16,22,11	79	75
1302	0,0,0,0,0,0,0,1,0,1	4,4,9,11,4,3,5,5,4,6	0,1,1,0,0,0,0,0,0,0	6,8,6,2,4,6,6,2,10,1	83	75
1303	73,70,81,80,63,60,53,55,53,63	1,1,0,1,0,0,0,0,2,0	67,46,49,69,65,48,71,49,74,58	0,0,1,3,0,0,2,0,1,2	84	75
1304	2,3,1,1,0,1,1,2,0,5	1,1,0,1,0,0,0,0,2,0	6,3,3,2,3,3,1,2,2,0	0,0,1,3,0,0,2,0,1,2	99	75
1305	0,0,0,0,0,0,0,0,0,0	71,67,80,79,63,59,52,53,53,58	0,0,0,0,0,1,1,0,0,0	61,43,46,67,62,46,71,47,72,58	90	75
1306	163,197,164,189,139,171,135,180,136,180	0,0,1,0,0,0,0,0,0,0	162,172,157,154,176,171,185,156,192,144	0,0,0,0,0,1,0,0,0,0	150	75
1307	1,1,0,2,0,1,0,0,5,4	63,82,78,72,82,93,63,76,71,86	1,1,0,1,0,4,0,0,0,1	65,87,63,60,98,59,93,74,74,68	100	75
1310	1,3,0,0,0,1,2,0,1,0	223,228,193,185,197,225,166,167,224,206	0,1,0,3,1,1,1,0,1,2	211,225,190,208,186,214,242,224,204,233	134	75
1311	11,3,15,14,11,8,9,6,11,4	21,27,24,16,17,27,16,11,13,34	7,7,5,8,5,8,10,5,7,8	31,16,29,21,26,14,20,10,21,14	150	75
1314	4,2,2,5,4,6,1,3,1,5	3,2,1,3,2,1,0,1,4,5	1,2,3,2,3,0,4,3,2,1	3,1,3,3,3,2,7,2,3,3	150	75
1315	0,0,1,0,0,0,0,0,0,0	0,0,0,1,0,0,0,0,0,0	0,0,0,0,0,0,0,0,1,0	0,0,0,0,0,0,0,0,0,0	86	75
1316	1,0,2,0,0,0,0,0,0,0	6,8,5,13,7,11,5,6,7,8	0,0,0,1,0,1,0,0,0,1	7,6,5,9,9,4,8,7,5,11	150	75
1317	2,2,2,3,4,3,1,2,1,1	0,0,1,2,0,0,0,0,0,0	2,4,3,2,1,1,2,5,1,1	1,0,0,0,1,0,0,0,0,0	150	75
1318	2,2,6,6,5,3,1,3,2,2	20,36,40,46,26,50,26,32,43,45	2,5,3,2,1,2,4,5,2,1	24,22,32,33,45,38,47,30,41,49	150	75
1319	2,2,3,0,4,0,5,5,5,2	65,103,84,99,58,82,79,49,71,90	5,4,5,3,1,2,3,7,2,6	87,62,52,87,78,79,60,73,93,85	90	75
1320	57,68,50,48,54,55,68,48,46,56	15,7,12,18,12,11,11,7,11,19	49,64,69,56,49,67,56,58,69,58	16,6,14,16,18,15,23,21,10,14	120	75
1321	40,48,62,52,49,21,42,45,46,36	11,16,14,17,23,5,9,15,10,16	52,41,48,37,53,49,41,30,32,26	16,9,4,15,10,6,13,13,15,7	96	75
1322	1,0,0,0,0,0,2,1,1,1	1,0,1,0,0,1,1,0,2,2	2,4,0,0,1,0,2,0,0,0	0,1,1,0,0,0,0,0,0,1	150	75
1323	0,5,4,3,0,4,0,5,1,1	9,7,16,15,5,12,2,8,8,12	1,4,0,3,0,0,3,1,1,0	11,12,4,9,13,15,7,13,15,12	150	75
1326	14,16,6,16,5,10,7,7,9,10	12,14,10,7,11,9,9,12,5,10	13,9,10,10,13,17,18,11,16,12	11,9,18,17,13,10,17,17,13,8	105	75
1327	5,6,5,9,4,6,7,2,2,7	1,2,3,4,4,3,2,2,4,3	4,2,10,4,5,7,7,6,11,7	10,2,3,3,2,2,3,4,2,10	105	75
1330	16,16,18,12,14,2,6,14,6,14	16,16,17,15,29,13,13,17,15,17	20,16,13,17,11,13,18,24,20,14	13,18,15,15,17,15,23,12,24,17	84	75
1331	15,18,17,15,10,14,9,9,19,15	0,3,4,2,5,1,11,5,2,6	16,9,10,11,11,13,19,9,13,16	7,0,7,3,6,2,4,4,9,4	90	75
1332	2,0,4,6,3,0,0,0,4,1	0,0,0,3,3,0,0,0,0,1	3,0,0,0,4,0,5,1,3,2	0,0,2,0,0,0,3,3,0,0	81	75
1333	8,4,8,12,6,7,2,9,7,15	68,75,56,68,54,49,37,48,43,60	8,9,2,1,6,4,12,7,6,5	50,48,46,50,57,69,63,54,44,41	150	75
1334	165,187,234,208,171,198,175,165,183,184	81,62,66,53,56,78,67,62,62,65	200,213,198,211,192,181,211,174,221,205	60,68,63,63,58,68,75,68,67,62	135	75
1335	93,113,102,137,105,140,111,112,74,125	4,4,4,3,1,1,1,0,3,2	93,101,120,113,90,113,132,108,130,157	0,3,3,1,1,0,1,0,0,2	150	75
1336	2,5,4,5,3,12,4,13,8,7	1,0,0,1,2,1,0,1,0,1	5,6,8,8,10,16,12,12,11,11	0,1,0,2,1,0,0,0,3,0	81	75
1337	23,19,16,19,8,18,14,11,20,17	5,3,3,5,0,1,3,1,2,1	21,12,23,15,18,14,17,20,26,27	6,5,1,4,7,2,2,2,2,2	150	75
1338	1468,1452,1519,1725,1480,1439,1265,1366,1476,1539	0,4,1,4,2,0,1,0,1,1	1436,1475,1465,1471,1601,1569,1689,1466,1613,1526	1,3,0,3,1,0,1,1,2,1	150	75
1339	2358,2526,2564,2850,2475,2505,2185,2286,2439,2720	11,18,15,4,13,16,10,12,19,13	2429,2607,2486,2519,2567,2589,2860,2423,2775,2632	9,11,19,9,12,19,19,19,10,14	150	75
1340	1,0,0,1,1,2,1,0,1,0	1,0,0,0,0,0,0,0,0,0	0,0,1,0,0,0,0,0,1,0	0,0,0,0,0,0,0,0,0,0	150	75
1341	39,47,51,43,42,42,35,42,41,55	3,2,3,5,2,4,3,3,3,5	45,47,47,57,42,38,52,51,76,72	6,1,5,2,7,1,6,3,6,5	150	75
1342	99,94,113,103,71,76,83,81,74,131	0,3,0,4,0,0,2,0,0,0	98,98,112,67,110,86,120,67,85,67	0,0,0,0,0,0,0,0,1,0	150	75
1343	1,6,2,2,4,4,1,1,3,3	0,0,5,2,1,0,0,2,0,0	2,3,3,2,5,3,1,3,9,1	0,1,1,1,2,1,1,1,0,0	86	75
1344	9,11,11,8,15,11,7,10,11,12	0,0,5,2,1,0,0,2,0,0	13,10,10,6,12,10,7,15,21,11	0,1,1,1,2,1,1,1,0,0	150	75
1345	8,7,12,7,12,8,6,9,9,9	0,1,1,1,1,1,0,0,1,0	12,7,7,6,8,8,6,13,12,10	1,0,0,0,0,0,0,0,0,0	150	75
1346	8,12,9,9,8,9,4,10,12,7	0,0,1,2,2,0,0,0,1,0	9,6,13,9,20,12,18,9,16,8	2,0,3,1,0,0,1,0,0,1	86	75
1347	4,10,10,6,14,10,7,10,11,9	0,0,1,2,2,0,0,0,1,0	13,12,11,5,9,10,9,13,21,12	2,0,3,1,0,0,1,0,0,1	150	75
1348	3,6,11,5,11,7,6,9,9,6	7,7,8,8,5,6,3,9,10,4	12,9,8,5,5,8,8,11,12,11	8,3,10,7,15,9,17,6,7,7	150	75
1349	9,8,15,13,5,4,8,11,7,6	4,8,2,8,9,3,4,7,7,12	6,5,7,7,4,3,10,5,7,4	9,2,7,2,8,4,6,4,4,6	87	75
1353	6,2,8,2,2,3,2,3,9,3	2,0,0,1,1,2,0,0,0,3	5,2,3,5,6,6,2,1,6,9	0,0,0,0,0,2,0,1,0,2	112	75
1354	11,20,15,16,27,7,10,5,12,9	0,0,0,0,0,0,0,0,0,1	22,14,14,12,19,15,21,17,8,5	0,0,0,0,0,0,1,0,0,0	105	75
1355	54,63,73,69,73,27,32,45,55,56	8,12,9,10,18,6,4,9,11,6	74,67,54,53,78,54,64,49,32,14	14,6,13,8,11,8,15,9,10,2	105	75
1356	23,25,19,28,16,19,24,16,36,29	0,2,0,1,0,0,0,1,0,2	21,21,18,25,23,21,21,14,27,24	2,1,0,0,3,2,0,3,2,0	82	75
1358	0,1,1,1,2,1,0,0,1,0	4,0,1,1,0,0,0,0,0,1	0,1,1,0,0,0,0,0,0,0	2,0,0,0,0,1,0,1,0,1	84	75
1359	156,171,195,199,155,206,142,154,172,194	2,2,2,2,3,4,3,1,3,0	156,181,170,157,140,165,196,184,193,217	2,0,1,1,2,2,0,1,0,5	144	75
1362	42,48,47,41,25,30,41,34,33,40	6,2,5,8,3,6,1,1,7,8	35,27,38,32,38,30,42,40,44,48	6,1,5,5,5,8,11,2,7,2	150	75
1367	24,30,28,37,38,10,19,29,19,28	0,0,1,0,0,0,0,2,0,0	34,19,26,31,17,19,19,22,19,22	1,0,0,0,0,0,0,0,0,0	102	75
1368	0,0,0,0,0,0,0,1,0,0	1,0,1,2,2,0,1,1,1,0	0,0,0,0,0,2,0,0,0,0	2,0,0,1,0,1,0,2,2,0	87	75
1369	0,0,0,2,0,1,0,0,1,1	30,34,39,54,38,26,35,34,30,36	0,0,0,0,2,0,0,0,1,0	33,41,29,36,30,37,38,44,39,28	150	75
1370	1,2,2,1,2,2,3,0,0,1	7,5,7,15,8,2,9,13,6,8	3,0,3,3,3,0,6,3,7,1	17,8,12,8,8,14,8,9,4,3	84	75
1372	2,2,0,1,2,1,0,2,2,4	1,0,0,0,0,1,2,2,0,2	2,2,1,4,3,2,0,2,4,1	1,1,1,0,1,1,0,0,0,2	103	75
1374	101,158,83,117,127,102,80,96,113,86	0,0,0,1,0,0,0,0,0,0	111,127,107,133,114,115,181,113,140,128	2,0,0,0,0,0,0,0,0,0	150	75
1375	109,124,134,121,100,67,85,107,86,135	0,0,0,1,4,2,0,1,3,1	138,84,106,98,106,111,116,72,110,72	3,0,0,0,1,1,0,2,3,0	142	75
1376	6,1,2,5,6,2,1,1,2,2	1,1,1,2,3,5,5,1,3,1	0,0,2,2,3,0,1,5,2,5	2,1,2,2,4,3,1,3,5,2	150	75
1378	7,22,21,15,11,11,16,21,28,39	0,0,0,0,0,1,0,0,0,0	17,29,14,20,25,27,22,27,17,23	0,0,1,0,0,0,0,0,0,0	150	75
1380	3,1,1,1,1,0,1,3,2,0	0,0,0,0,0,0,0,0,0,0	0,0,0,2,0,3,1,1,0,0	0,0,0,0,0,0,1,0,0,0	81	75
1381	0,0,0,0,0,0,0,0,0,0	10,10,6,13,6,7,6,3,7,11	0,0,0,0,0,1,0,0,0,0	8,11,3,5,5,10,8,1,5,4	150	75
1383	0,0,0,0,0,0,0,1,0,0	1,1,1,1,3,1,3,1,1,0	0,0,0,0,0,0,0,0,0,0	1,1,0,2,0,1,0,2,1,0	85	75
1385	9,11,10,9,2,3,7,3,5,7	0,0,0,0,0,1,0,0,0,0	5,1,11,3,6,12,4,2,2,4	1,0,0,0,0,0,0,0,0,0	104	75
1386	56,89,85,88,75,40,50,74,53,97	0,0,0,0,0,0,0,2,0,0	84,70,81,78,93,67,86,66,74,47	0,0,0,0,1,0,0,0,0,2	150	75
1389	5,4,4,3,4,4,3,6,8,6	33,22,25,26,20,23,19,18,15,26	6,4,1,5,3,4,8,3,8,5	20,30,17,23,15,18,22,20,21,13	150	75
1391	79,101,94,113,95,130,90,105,109,136	5,7,4,7,9,5,2,5,3,4	111,101,87,98,94,132,111,109,131,104	6,2,6,6,9,6,10,4,3,4	89	75
1393	41,37,42,43,40,41,31,49,39,44	2,3,3,3,5,8,1,2,7,2	46,50,37,61,61,51,48,32,40,60	3,1,4,6,1,7,2,4,3,3	150	75
1394	5,1,1,5,2,1,0,2,5,3	11,3,6,9,7,1,3,7,3,10	2,1,0,5,1,6,0,1,1,0	15,1,0,1,9,7,9,11,2,2	101	75
1395	4,7,4,6,6,3,3,11,9,6	1,0,1,0,0,1,1,0,0,0	9,5,4,14,3,5,4,7,10,4	0,0,0,1,0,0,0,0,0,0	150	75
1396	5,10,7,5,5,7,1,1,3,7	0,0,0,0,0,0,0,0,0,0	4,4,12,5,4,5,9,8,2,2	0,0,0,0,0,0,1,0,0,0	150	75
1397	13,5,7,19,11,14,5,8,8,13	18,18,22,15,18,18,19,14,21,28	12,8,4,9,9,11,13,5,14,18	17,11,20,17,16,21,20,17,23,26	150	75
1398	12,11,9,16,15,10,8,12,15,17	9,9,11,9,4,7,8,10,8,7	16,18,10,15,12,11,16,12,15,23	5,9,5,4,6,7,4,8,11,10	96	75
1399	152,193,178,149,162,156,165,173,160,207	111,136,108,102,113,122,91,103,118,105	162,153,153,175,167,160,216,191,215,215	79,114,91,165,121,137,124,120,142,148	91	75
1401	10,17,9,13,11,10,11,16,14,17	0,0,0,0,0,0,0,1,0,0	10,7,8,13,12,7,12,9,11,17	0,0,0,0,3,0,0,0,0,0	150	75
1402	1,0,0,1,2,1,1,2,0,3	9,10,11,12,7,8,13,10,10,15	1,0,1,0,2,2,1,1,0,2	7,16,12,9,17,13,17,13,25,10	85	75
1403	25,20,16,38,33,24,15,18,15,28	16,18,20,30,19,21,14,18,19,12	17,18,14,15,14,36,30,14,23,16	14,19,27,11,18,15,19,14,14,15	123	75
1404	116,115,113,120,103,70,83,89,88,100	0,0,1,3,0,1,0,0,0,0	106,87,93,125,134,108,94,108,102,59	1,1,0,0,1,1,0,0,0,3	150	75
1405	5,3,3,4,0,5,2,1,2,0	15,11,17,19,16,11,12,15,9,25	0,1,4,3,1,0,2,1,0,5	13,15,11,8,18,12,12,16,14,14	89	75
1406	2,2,1,3,0,3,4,2,2,2	463,568,605,665,598,737,617,655,636,738	2,2,0,2,0,1,2,4,3,1	598,641,575,579,598,608,733,609,898,842	79	75
1407	1,3,0,2,2,0,3,5,3,0	4,4,1,7,5,6,6,3,3,5	1,0,6,2,4,4,5,1,4,3	4,1,3,2,10,4,1,2,7,2	150	75
1409	6,5,12,6,7,4,7,5,7,5	1,2,4,2,2,2,2,1,0,2	7,5,5,4,7,14,7,7,3,1	1,3,3,3,0,0,1,2,0,3	150	75
1410	6,6,12,6,8,3,7,3,9,4	1,0,2,2,1,1,2,1,2,0	8,3,4,8,7,15,10,9,4,2	2,1,1,5,5,3,1,1,1,0	150	75
1411	1,3,4,3,3,2,2,1,2,2	1,0,2,2,1,1,2,1,2,0	2,3,3,7,1,1,4,5,1,4	2,1,1,5,5,3,1,1,1,0	108	75
1413	5,5,8,3,10,6,9,9,9,20	0,0,0,0,0,0,1,0,0,0	8,5,8,6,6,3,14,14,9,12	0,0,1,0,0,0,0,0,0,0	150	75
1414	1,0,1,1,1,0,1,0,0,0	5,4,8,3,9,6,9,8,9,20	0,1,0,0,0,0,0,0,0,1	8,5,8,6,5,3,14,14,9,11	111	75
1415	0,0,0,1,0,0,0,0,0,0	34,51,35,49,41,35,26,32,28,37	0,0,0,0,4,0,0,1,0,0	57,39,29,33,45,42,50,34,31,42	130	75
1416	1,0,0,0,0,0,0,0,0,0	84,134,154,158,147,98,107,125,136,150	0,0,0,0,0,0,0,0,0,0	145,99,118,112,134,111,144,101,113,78	96	75
1418	0,0,1,0,2,1,0,1,0,1	38,50,38,43,40,20,30,28,25,35	1,0,0,3,1,0,1,3,1,0	40,42,28,50,34,35,32,25,29,16	79	75
1420	0,1,0,0,0,0,0,0,0,0	18,13,18,9,10,4,7,14,13,9	0,0,0,0,1,0,0,0,0,0	18,13,13,11,15,11,15,13,7,9	81	75
1421	0,0,0,1,0,0,0,0,0,0	7,10,11,9,14,2,8,12,7,6	0,0,0,0,0,0,0,1,0,0	10,14,7,17,12,8,15,2,10,7	150	75
1423	2,2,4,4,4,0,3,3,3,0	9,13,17,11,16,9,16,19,13,10	4,0,4,4,4,2,2,1,1,1	28,12,22,12,14,14,19,16,8,5	82	75
1424	0,0,0,0,0,0,0,0,0,0	72,58,74,68,60,61,30,54,64,67	0,1,0,0,0,0,0,0,1,0	77,76,51,44,84,63,74,48,80,53	84	75
1425	15,32,23,25,28,18,14,16,24,26	0,0,1,0,0,1,0,0,0,1	36,20,31,24,20,17,19,11,22,23	0,0,0,7,1,0,0,1,0,0	79	75
1426	12,6,10,15,3,6,7,5,7,7	0,0,0,0,0,0,0,1,1,0	7,8,10,11,9,8,14,8,9,5	1,1,0,0,0,0,1,0,0,0	88	75
1427	1,0,1,2,1,0,0,1,0,0	27,18,23,24,19,16,20,20,38,20	0,1,1,0,0,0,0,0,0,0	27,14,15,17,19,19,17,15,21,27	80	75
1428	0,0,0,0,0,1,0,0,0,1	9,8,9,11,9,8,10,17,5,14	0,0,0,0,0,0,0,0,0,0	7,11,14,6,3,8,11,14,5,6	150	75
1429	7,10,15,10,14,7,9,6,10,10	4,8,6,6,5,5,4,0,1,9	11,13,7,11,18,9,12,11,12,7	2,1,3,4,1,3,4,3,3,3	107	75
1430	0,0,0,0,0,0,0,0,0,2	31,17,20,39,25,17,29,28,14,28	0,0,0,0,0,0,0,0,0,0	21,35,23,18,29,41,28,27,23,23	79	75
1431	3,0,3,2,2,2,3,1,2,4	34,34,29,25,28,29,36,24,37,42	4,4,0,0,4,0,4,4,6,1	39,21,28,22,32,32,36,28,18,29	100	75
1433	22,39,22,30,20,15,15,26,22,31	5,7,4,7,5,4,0,2,2,4	23,20,15,26,29,13,23,18,35,37	4,1,1,2,3,2,3,5,6,3	98	75
1434	6,4,5,6,7,4,7,6,5,3	68,104,101,80,107,91,91,104,109,95	8,7,9,7,3,8,10,3,4,16	124,70,88,88,121,119,146,129,115,106	150	75
1436	0,0,0,1,0,3,0,0,0,0	37,25,52,36,49,30,38,72,47,43	1,0,1,1,0,0,0,1,1,0	46,47,36,32,45,49,51,62,56,54	95	75
1437	50,57,59,55,39,41,41,44,68,60	0,0,0,0,0,0,1,0,0,1	61,39,53,51,41,47,52,72,46,62	0,1,0,1,0,0,1,0,0,0	126	75
1439	392,458,420,441,435,383,335,407,419,454	0,0,0,0,0,0,0,0,0,0	439,406,359,476,438,440,465,366,392,362	1,0,0,0,0,0,0,0,0,0	78	75
1440	1,4,3,1,3,0,1,3,1,0	2,5,2,3,5,3,2,1,2,6	2,0,0,1,2,0,1,2,6,2	0,4,3,1,4,2,7,5,3,3	148	75
1441	44,39,31,40,44,38,44,45,43,50	0,0,0,0,0,0,0,0,0,0	35,41,38,50,29,52,50,40,36,38	0,1,0,0,0,0,0,0,0,0	150	75
1442	8,3,4,5,6,1,1,5,0,2	13,25,22,33,30,8,10,12,20,19	1,3,5,2,6,5,6,6,0,2	22,6,15,14,37,26,26,27,18,5	150	75
1443	17,20,8,15,9,14,15,17,10,22	4,5,2,4,2,4,4,2,1,1	9,14,12,13,26,15,17,9,18,14	2,1,3,3,0,5,1,1,1,1	81	75
1445	58,56,68,59,50,60,51,68,43,64	0,0,1,0,0,0,0,0,0,0	76,68,62,63,58,60,61,46,61,69	0,1,0,0,0,0,0,0,0,0	150	75
1446	39,39,29,39,41,28,35,33,29,37	2,2,2,1,1,2,0,3,2,1	33,27,29,36,30,37,37,26,46,44	0,0,3,4,0,1,1,0,3,0	89	75
1447	194,171,188,181,201,180,184,209,198,223	1,0,0,0,0,0,0,0,0,0	202,195,177,187,197,186,200,190,207,223	0,0,0,0,0,2,0,0,0,0	150	75
1449	0,0,0,0,1,0,0,0,2,1	43,47,57,66,50,45,52,36,38,53	0,0,1,0,0,1,0,0,1,1	54,45,45,27,46,60,60,45,66,52	105	75
1450	10,18,7,14,11,6,16,12,11,16	0,0,0,2,0,0,0,0,0,0	12,6,6,10,13,9,16,14,8,9	0,0,0,0,0,0,0,1,0,1	150	75
1451	2,1,5,1,2,4,3,5,2,4	1,0,0,0,0,1,1,0,2,1	3,0,3,2,3,2,2,3,4,2	3,0,0,0,0,5,4,2,3,3	79	75
1452	0,0,0,1,0,1,0,0,2,1	1,0,0,1,0,0,0,0,0,0	1,0,0,0,3,0,1,1,0,0	0,0,0,0,0,0,0,0,0,0	86	75
1453	9,5,6,6,8,4,3,6,6,5	0,0,0,0,0,0,0,0,0,0	5,5,6,8,6,3,4,11,2,4	0,0,0,1,0,0,0,0,0,0	99	75
1454	37,25,34,18,40,37,22,42,31,24	7,17,9,8,10,5,9,9,5,14	38,25,38,29,26,29,39,36,42,26	9,6,2,6,11,7,9,8,14,6	106	75
1455	0,1,2,3,0,0,0,1,1,1	0,0,0,0,0,0,0,0,0,0	2,1,1,0,0,1,1,3,3,0	3,0,0,0,0,0,0,1,1,0	150	75
1456	0,0,0,0,0,1,0,0,0,0	1,0,3,0,0,0,2,1,0,1	0,1,0,0,0,0,0,0,0,0	0,0,3,0,2,0,1,2,0,0	99	75
1457	1,0,1,5,3,0,1,0,2,0	0,0,0,2,0,0,0,0,0,0	1,1,1,0,3,1,1,1,1,2	0,0,0,0,0,0,0,0,0,0	115	75
1458	23,30,31,32,32,35,27,27,25,33	0,0,0,0,0,0,0,0,0,0	31,26,33,37,27,30,29,29,43,33	0,0,0,2,0,0,0,0,0,0	150	75
1459	3,2,3,1,1,3,1,0,0,3	0,0,1,1,0,0,0,0,0,0	2,1,3,0,3,0,1,2,2,3	0,0,0,2,0,0,1,0,0,1	150	75
1460	6,5,8,7,7,5,4,7,7,7	11,6,7,12,7,11,5,12,9,10	7,5,4,8,8,5,12,11,6,8	9,12,7,10,13,7,9,4,19,18	94	75
1461	8,12,16,9,8,8,12,7,10,8	6,10,16,11,4,7,10,11,16,10	12,12,8,9,9,12,7,12,11,4	9,11,12,11,5,7,10,10,8,14	112	75
1462	1,4,9,9,7,2,3,2,4,3	6,13,11,10,10,4,10,12,9,7	6,2,4,3,6,1,4,5,2,1	10,13,9,6,10,7,9,4,3,3	150	75
1463	1,3,9,8,7,1,5,3,5,3	6,13,11,10,10,4,10,12,9,7	6,3,5,3,8,5,5,5,5,2	10,13,9,6,10,7,9,4,3,3	150	75
1464	1,0,3,5,7,3,4,3,3,4	0,1,0,2,0,2,1,0,0,0	6,3,2,0,5,4,4,5,4,4	2,0,1,0,1,0,1,0,0,1	150	75
1466	1,0,1,3,1,0,0,1,0,0	0,0,0,0,0,0,0,0,2,1	0,1,2,1,3,0,1,0,0,0	0,0,0,0,0,0,0,0,0,0	79	75
1468	0,5,6,3,8,7,2,5,2,2	0,0,0,0,1,0,0,1,0,1	3,2,4,1,2,3,3,1,1,6	0,1,0,0,0,1,0,0,0,0	87	75
1470	28,29,26,27,18,5,9,21,11,12	0,0,1,0,0,0,0,0,0,0	21,22,16,23,27,18,32,24,21,9	0,0,0,0,0,1,0,0,0,0	150	75
1471	6,12,10,9,10,6,10,7,8,9	15,16,19,17,9,13,7,6,18,17	8,9,11,5,15,12,10,7,9,2	9,13,11,15,16,10,16,22,15,5	123	75
1472	3,2,0,4,2,0,1,0,2,2	236,298,305,268,285,225,230,268,254,304	1,2,0,0,4,4,3,2,1,5	264,285,249,301,304,300,298,250,269,247	124	75
1473	6,3,6,5,2,5,1,4,5,6	300,362,335,299,349,242,265,273,281,297	5,8,3,6,3,6,5,6,1,0	311,216,288,351,363,307,337,272,290,271	80	75
1474	55,60,63,79,62,48,39,67,40,72	0,0,0,0,0,0,0,0,1,0	80,58,60,66,66,75,72,55,55,45	0,0,0,0,0,0,0,0,0,0	92	75
1475	349,419,392,373,409,285,303,336,316,363	0,0,0,0,0,0,0,0,1,0	386,266,345,411,426,376,404,321,344,316	0,0,0,0,0,0,0,0,0,0	87	75
1478	2,3,5,7,4,1,1,4,4,6	79,69,85,83,51,54,63,85,67,80	5,4,2,1,3,2,4,3,2,6	61,77,84,82,75,77,89,76,105,76	150	75
1479	77,85,69,67,63,31,41,39,62,39	0,0,0,2,0,1,0,1,0,0	61,60,48,70,63,50,63,44,58,30	1,0,0,1,0,1,0,1,0,0	98	75
1481	0,0,0,0,0,0,0,0,0,0	0,2,0,1,0,0,0,0,0,0	0,3,0,0,1,0,0,1,1,0	0,0,1,0,0,1,0,0,0,0	102	75
1482	36,49,54,68,45,49,42,60,44,58	0,1,0,0,0,0,2,0,0,0	56,55,41,47,49,39,51,52,47,51	0,1,0,0,0,0,0,0,0,0	88	75
1483	1,0,1,0,0,0,0,0,0,1	44,55,50,55,33,45,39,51,33,52	0,0,1,0,0,0,1,0,1,0	46,45,49,24,40,43,39,29,68,64	85	75
1484	9,3,16,19,7,9,23,12,12,17	11,7,10,5,5,11,11,17,13,21	15,15,16,13,14,15,16,23,11,21	9,2,11,8,10,9,17,10,10,18	111	75
1487	1,2,3,2,0,1,1,2,5,2	1,0,2,0,0,0,1,0,3,0	3,1,1,1,1,1,0,5,0,1	0,0,0,0,0,0,0,0,1,0	81	75
1488	70,61,55,75,46,79,49,70,73,86	8,7,6,5,5,4,2,2,7,15	70,47,57,56,75,60,60,50,107,79	7,8,4,4,7,5,5,3,10,9	119	75
1489	0,0,1,0,1,0,0,0,0,0	0,0,0,0,0,0,0,0,0,0	0,0,0,0,0,0,1,0,0,0	0,0,0,0,0,0,1,0,0,1	150	75
1492	44,61,51,56,52,49,50,52,35,59	23,30,18,15,27,19,18,25,15,36	37,54,42,60,50,54,54,59,57,66	27,24,15,30,26,27,26,17,28,31	128	75
1493	19,33,31,40,32,25,35,31,19,38	9,8,11,6,9,11,12,12,16,15	19,24,21,39,24,30,25,37,35,43	16,11,9,13,9,9,7,15,11,11	128	75
1494	1,1,4,1,2,0,1,0,2,1	3,5,5,2,0,3,4,7,4,3	0,2,4,1,0,1,0,1,1,2	2,4,4,4,10,3,1,2,2,0	96	75
1496	113,105,112,104,79,90,83,95,104,105	0,1,0,0,1,0,0,0,0,0	102,118,103,90,141,104,124,94,90,92	1,0,0,1,0,0,0,0,1,0	87	75
1497	30,42,44,40,39,39,34,30,32,40	20,30,21,15,18,27,12,18,18,17	50,37,28,51,45,25,41,31,41,60	19,22,17,18,17,20,24,25,18,26	150	75
1498	64,67,69,75,53,41,37,58,43,35	0,0,0,1,1,0,0,0,0,2	67,57,38,57,66,60,46,59,53,46	0,0,2,0,2,2,0,0,0,0	150	75
1499	38,44,55,55,47,23,17,37,22,34	0,0,0,2,1,0,0,0,0,0	52,37,39,34,60,40,50,39,30,23	1,0,1,0,2,1,1,0,1,0	150	75
1500	7,2,4,5,5,5,7,1,1,5	29,22,12,27,12,15,15,18,9,15	6,1,5,1,1,3,6,6,0,0	18,15,16,12,22,17,18,10,17,16	80	75
1501	0,0,0,0,1,1,0,0,0,0	0,0,0,0,0,0,1,0,2,1	0,0,0,0,0,0,0,0,0,0	0,0,0,0,1,1,0,1,1,1	80	75
1504	5,4,5,6,5,11,3,4,5,5	0,0,0,0,0,0,0,0,0,0	4,6,6,4,9,5,8,1,3,9	0,0,0,0,0,1,1,0,0,0	150	75
1506	0,3,4,2,2,1,3,1,1,0	59,83,72,72,84,85,54,64,96,87	2,0,2,0,3,1,1,3,3,8	97,71,84,85,67,71,90,84,91,85	150	75
1507	28,33,40,29,27,17,26,23,26,23	1,0,2,1,0,0,0,1,1,1	24,34,32,25,26,29,45,26,31,18	0,0,1,0,1,0,0,1,0,0	133	75
1508	21,12,18,29,18,9,13,13,14,14	0,1,1,0,1,0,1,1,0,1	25,19,10,20,21,18,27,11,8,13	0,0,1,1,0,0,0,0,0,0	118	75
1509	50,65,72,82,67,71,40,50,60,73	6,6,4,6,4,3,3,8,3,6	53,55,66,53,63,56,60,55,82,51	5,2,1,6,10,3,3,3,4,7	150	75
1510	0,0,0,0,0,0,0,2,0,0	2,1,2,2,2,1,0,5,2,5	0,0,0,0,2,0,2,0,0,0	2,0,0,1,1,3,2,1,0,1	145	75
1511	4,1,2,2,1,5,3,7,3,2	0,0,2,0,0,1,1,0,2,0	4,1,2,1,4,1,3,4,4,3	0,0,0,0,1,0,0,0,0,0	79	75
1512	0,1,0,0,0,1,0,0,0,0	0,0,2,0,0,1,1,0,2,0	0,0,0,2,0,0,0,0,0,0	0,0,0,0,1,0,0,0,0,0	149	75
1513	0,1,0,0,0,0,0,0,0,0	4,1,2,2,1,4,3,7,3,2	0,0,0,2,0,0,0,0,0,0	4,1,2,1,4,1,3,4,4,3	145	75
1514	0,0,0,3,0,1,1,0,0,0	13,12,18,15,16,3,8,15,13,11	0,0,1,2,1,0,1,2,0,0	19,11,12,18,15,12,15,13,14,12	82	75
1516	2,5,1,5,2,2,2,5,4,3	48,46,36,41,42,19,21,32,34,34	5,4,2,2,3,1,3,5,3,3	52,40,28,34,55,37,45,41,47,28	79	75
1517	0,2,2,2,0,2,0,2,1,1	5,4,4,7,2,3,0,2,4,4	0,1,1,2,2,0,1,0,2,2	3,3,8,5,2,0,3,2,5,4	91	75
1518	107,105,107,121,100,118,85,123,120,110	6,14,2,13,10,10,11,11,12,14	117,103,102,89,104,133,111,125,129,128	7,5,7,10,5,12,15,6,13,14	150	75
1519	0,1,3,2,0,3,0,2,1,3	17,10,10,14,13,11,10,16,7,13	1,1,2,2,4,2,1,0,6,2	11,9,14,12,13,6,16,8,12,14	81	75
1520	658,613,669,695,598,709,631,682,588,702	11,14,29,27,16,21,11,20,23,23	675,635,715,629,600,613,704,589,739,777	14,19,26,23,17,23,27,16,25,23	88	75
1521	3,5,1,0,1,1,2,2,1,4	0,0,1,1,1,0,0,0,0,0	2,3,1,2,4,1,5,1,1,0	1,0,0,0,0,0,0,0,0,0	79	75
1523	0,0,0,0,0,0,0,1,0,0	3,6,0,1,3,0,0,1,1,0	0,1,0,0,0,0,0,0,0,0	4,5,1,1,2,0,4,2,0,0	150	75
1524	1,0,5,1,3,1,0,0,0,0	0,0,0,0,0,0,0,0,0,0	1,1,1,2,1,0,0,3,0,0	0,1,0,0,0,0,1,0,0,0	99	75
1525	1,2,4,0,7,0,0,0,1,1	0,0,0,0,0,0,1,0,0,0	2,0,0,1,0,0,1,0,2,0	0,0,0,0,1,0,0,0,0,0	99	75
1526	0,1,0,0,0,0,0,2,1,0	31,44,42,39,39,42,24,23,42,38	0,0,0,0,3,0,1,1,7,1	35,36,33,41,39,27,42,36,33,40	79	75
1527	2,0,0,2,2,0,0,1,1,0	2,0,1,0,0,0,0,2,1,0	1,0,2,0,1,0,1,0,0,1	0,1,0,1,0,0,0,0,0,0	94	75
1528	28,34,32,38,37,30,24,25,35,39	2,0,1,0,0,0,0,2,1,0	28,20,21,41,37,24,26,20,32,28	0,1,0,1,0,0,0,0,0,0	150	75
1529	28,34,33,37,36,31,24,24,34,39	2,0,0,1,0,0,0,0,0,0	27,20,20,41,36,24,25,20,34,27	0,0,0,0,0,0,0,0,0,0	150	75
1530	0,3,2,3,2,4,0,4,2,3	18,10,13,8,13,21,16,13,16,4	0,7,2,2,3,2,2,2,1,3	10,7,5,15,9,11,8,14,7,19	105	75
1532	8,8,2,9,11,7,10,8,3,7	1,0,0,1,0,0,1,0,0,0	9,8,6,14,2,4,12,5,5,7	0,0,1,0,0,0,1,0,0,0	86	75
1533	0,1,2,4,0,3,1,4,0,4	28,29,26,38,25,25,25,32,20,25	3,0,0,1,1,0,0,7,1,0	37,33,32,35,29,17,36,25,31,33	79	75
1534	2,1,3,7,1,3,5,4,0,4	36,30,23,28,26,33,30,20,35,25	3,2,1,1,1,0,2,8,1,0	28,23,30,28,33,35,29,39,21,29	82	75
1535	30,29,27,41,26,25,29,32,20,25	36,30,23,28,26,33,30,20,35,25	37,35,33,35,29,17,38,26,31,33	28,23,30,28,33,35,29,39,21,29	78	75
1536	2,3,0,1,0,1,0,3,0,1	0,0,0,0,1,0,0,0,0,0	2,1,1,0,1,0,0,0,0,0	0,0,1,0,1,0,0,1,2,0	82	75
1537	11,13,18,9,12,9,7,11,8,13	0,0,0,0,0,0,0,0,0,0	9,12,8,10,5,10,9,9,8,5	0,0,0,0,0,0,0,0,1,0	141	75
1538	9,10,18,8,13,8,7,8,8,12	0,0,0,0,0,0,0,0,0,0	7,11,8,10,5,10,9,10,10,5	0,0,0,0,0,0,0,0,1,0	134	75
1539	32,39,50,41,42,44,35,62,29,45	0,0,0,0,0,0,0,1,1,0	34,37,40,40,29,36,39,40,48,50	0,0,1,0,1,0,0,0,0,0	150	75
1540	10,13,18,9,12,9,7,11,8,13	14,14,19,17,24,24,21,24,19,23	9,12,8,10,5,10,9,9,8,5	18,15,22,23,10,17,20,16,25,19	141	75
1542	0,0,0,0,0,0,2,2,0,1	29,37,37,32,27,52,25,29,35,45	0,0,0,0,0,0,0,0,0,0	39,41,32,32,29,25,49,33,33,48	100	75
1544	0,0,0,0,0,0,1,0,0,0	15,27,22,19,24,0,12,4,13,11	0,1,0,0,0,0,0,0,2,2	18,19,10,10,24,9,23,11,12,1	150	75
1545	36,27,35,46,40,7,20,25,15,17	0,0,0,2,0,0,0,0,0,0	50,20,17,26,43,32,44,21,11,7	0,1,0,0,1,1,1,1,0,0	150	75
1546	90,91,118,91,73,64,80,73,78,97	5,4,3,7,3,0,3,11,4,2	85,92,95,120,109,109,101,84,88,67	2,4,2,0,3,4,3,4,7,6	150	75
1547	113,136,154,123,115,86,85,126,89,120	0,0,0,0,0,0,0,0,0,0	139,157,98,85,144,127,117,126,114,112	0,0,0,0,1,0,0,0,0,0	150	75
1548	55,63,45,78,59,24,52,64,63,66	0,0,0,0,0,0,0,0,0,1	60,50,43,53,77,51,52,43,52,38	0,0,0,0,0,0,0,0,0,0	150	75
1549	7,9,7,4,5,9,2,5,4,6	0,1,0,1,0,1,1,0,0,0	9,5,9,2,7,4,5,0,7,2	1,1,1,0,2,0,2,0,1,1	150	75
1550	192,221,238,230,233,154,155,217,193,203	0,0,1,0,0,0,0,0,0,0	224,187,204,190,186,197,240,223,178,134	0,0,0,0,0,0,0,0,0,0	150	75
1553	1,1,0,0,1,1,0,0,1,2	3,3,1,5,3,2,5,4,3,11	1,1,0,0,0,1,0,1,1,2	7,4,2,6,6,3,8,8,4,5	83	75
1554	14,9,18,15,10,12,13,9,23,11	0,0,0,0,0,1,0,0,0,0	10,14,9,6,8,9,14,15,10,14	0,0,0,1,0,1,0,1,1,0	97	75
1555	104,101,101,121,105,85,97,89,100,105	0,0,0,0,0,0,0,0,0,0	104,83,99,121,135,86,124,104,80,93	0,0,0,0,0,0,0,1,0,0	150	75
1556	10,11,6,6,6,2,6,6,5,3	37,67,42,48,51,10,28,29,32,32	4,11,3,12,11,9,9,8,1,1	46,36,36,26,51,35,48,26,19,6	79	75
1557	0,2,2,0,0,0,0,2,1,1	7,5,3,3,0,2,7,2,2,2	0,0,3,0,3,0,1,0,0,0	1,4,2,3,4,6,4,1,4,3	89	75
1558	15,14,15,12,17,11,9,11,22,14	1,0,0,0,0,0,0,0,0,0	16,9,18,16,16,18,14,13,26,13	0,0,0,0,0,0,0,0,0,0	150	75
1559	2,1,2,1,3,0,0,0,0,0	17,14,12,17,11,11,4,9,9,19	1,0,0,1,0,0,1,0,1,0	8,8,6,5,14,7,7,4,14,5	150	75
1561	1,0,0,0,0,0,0,0,0,0	33,27,27,29,29,14,28,23,25,16	0,0,1,0,0,0,2,0,1,0	36,24,23,24,32,28,29,18,18,16	99	75
1562	19,27,18,18,21,8,16,23,26,28	0,0,1,0,1,0,1,0,0,0	21,17,28,18,20,18,18,15,13,9	1,0,0,1,0,0,1,0,0,0	150	75
1563	17,18,12,16,18,9,16,21,21,28	0,0,1,0,0,0,0,0,0,0	16,15,21,13,14,13,14,14,8,6	0,0,0,0,0,0,0,0,0,0	150	75
1564	0,0,1,3,1,1,3,1,0,0	0,0,1,0,0,0,0,0,0,0	1,3,2,3,1,1,1,1,0,0	0,0,0,0,0,0,0,0,0,0	93	75
1565	197,108,137,127,101,101,106,145,170,360	1,0,0,0,0,0,1,0,0,0	334,97,179,113,156,203,173,115,134,125	1,0,1,0,0,0,0,1,0,0	150	75
1566	5,7,8,6,3,1,2,3,3,4	95,102,121,149,115,62,96,78,82,108	1,4,0,7,8,1,3,1,5,2	100,103,82,93,120,117,98,97,80,71	80	75
1567	81,102,90,81,69,81,76,84,80,94	0,2,5,4,3,6,0,5,2,1	78,71,77,100,83,76,107,89,107,95	0,4,2,1,3,2,4,0,7,5	122	75
1568	1,0,0,1,0,0,0,0,1,0	0,0,0,0,2,0,0,0,0,0	0,0,2,0,1,0,0,0,0,2	0,0,0,0,0,1,0,1,0,0	150	75
1569	3,2,2,2,3,1,1,0,1,2	19,20,19,24,12,17,25,17,18,20	2,6,1,4,2,1,3,1,4,1	12,16,17,12,14,22,19,27,22,20	83	75
1571	0,0,0,0,1,0,0,0,0,0	31,37,28,31,32,17,24,21,21,22	0,0,0,0,0,1,0,0,0,0	28,22,14,23,37,25,18,33,37,27	150	75
1572	0,0,0,0,0,0,0,0,0,1	0,0,1,0,0,0,0,0,0,0	0,0,0,0,0,0,0,0,0,0	1,0,0,0,0,0,0,0,1,0	150	75
1573	12,9,14,10,5,7,7,10,4,14	1,1,0,2,1,0,0,0,0,1	5,8,18,9,16,20,10,14,4,6	0,0,0,1,1,0,0,0,1,0	135	75
1574	11,17,7,10,16,0,9,6,6,4	3,5,1,3,1,1,2,2,0,1	17,6,9,12,12,10,11,11,8,0	7,3,3,2,1,3,2,0,4,0	114	75
1576	67,70,98,102,75,66,63,71,87,77	0,4,0,0,0,0,1,0,1,0	77,74,76,87,88,62,84,79,84,79	3,1,0,0,1,0,1,3,0,3	150	75
1577	35,28,16,21,33,16,17,22,30,29	0,0,0,0,0,0,0,0,0,0	26,22,27,28,24,28,31,33,19,21	0,0,0,0,0,0,0,1,0,0	150	75
1578	34,38,27,38,35,12,16,34,41,21	30,28,24,22,27,6,9,16,17,22	26,35,21,21,28,25,30,30,17,18	20,16,14,14,22,8,25,18,16,15	81	75
1579	28,33,27,39,21,24,10,20,28,30	3,3,2,8,5,7,5,4,4,2	29,23,21,40,23,30,31,27,25,34	8,2,3,6,2,2,4,8,5,3	81	75
1580	37,57,70,56,68,21,39,57,47,45	0,0,0,0,0,0,0,0,0,0	52,37,40,58,47,52,54,49,31,24	0,0,2,0,1,0,1,0,0,0	150	75
1581	0,0,0,2,0,1,2,0,2,0	73,107,104,96,78,95,87,97,72,86	0,0,2,2,1,0,1,1,1,1	85,79,84,84,63,75,72,98,95,115	150	75
1583	0,0,2,1,0,0,1,0,1,0	6,12,5,11,4,2,8,5,2,10	3,0,3,2,1,0,2,1,1,1	9,10,9,16,12,8,13,8,9,7	97	75
1584	0,0,3,0,0,0,0,0,0,0	14,11,6,16,13,11,13,11,11,15	0,0,0,0,0,0,0,0,0,1	15,13,9,6,17,14,13,11,19,13	86	75
1585	1,0,3,1,1,2,0,0,0,1	3,2,7,4,2,3,4,3,3,3	2,1,0,2,0,1,2,1,0,1	2,1,0,2,4,3,3,7,4,7	108	75
1586	3,1,4,3,5,1,1,1,3,3	0,0,0,0,0,0,0,1,1,0	3,1,1,4,5,3,2,1,4,3	0,0,0,0,2,0,0,3,0,1	96	75
1587	0,5,0,3,1,2,2,7,4,2	1,0,0,0,0,0,0,1,0,0	0,2,4,4,7,5,1,1,0,4	0,0,0,0,0,0,0,0,0,0	150	75
1588	19,16,28,17,14,12,15,19,10,9	0,2,0,0,1,0,0,1,0,1	20,13,6,26,24,10,23,18,3,9	0,0,1,0,1,0,1,0,0,0	123	75
1589	25,21,29,25,26,31,20,31,23,24	0,1,0,0,2,1,3,0,1,0	27,35,25,26,32,24,30,16,35,19	0,0,0,2,0,0,1,0,1,1	106	75
1591	1,1,0,0,0,0,1,2,1,1	15,13,11,18,12,11,10,10,8,10	0,0,0,0,0,0,0,1,0,0	14,10,14,15,10,14,15,10,17,6	86	75
1593	41,39,54,55,45,40,40,41,44,54	1,1,2,1,0,0,1,1,0,1	57,46,44,42,29,55,34,67,35,32	1,1,0,0,0,1,1,0,0,0	83	75
1594	2,0,1,0,0,0,0,0,2,0	21,16,20,20,22,7,9,16,8,5	0,0,0,0,0,0,0,0,0,0	15,16,14,11,18,22,24,7,12,4	150	75
1595	32,40,24,40,32,30,46,32,28,40	78,92,72,76,73,71,64,62,69,76	41,24,32,23,27,28,32,31,32,35	70,56,83,58,81,74,84,80,76,111	104	75
1596	145,166,151,195,142,132,126,163,138,164	1,0,0,0,0,0,0,0,0,0	161,135,133,147,154,140,168,149,156,175	0,0,0,0,0,0,0,0,0,0	150	75
1597	192,221,200,232,184,174,145,194,182,203	1,0,0,0,0,0,0,0,0,0	191,168,185,184,212,187,220,199,202,251	0,0,0,0,0,0,0,0,0,0	123	75
1598	134,150,134,180,117,149,125,129,118,137	8,8,17,17,7,11,9,15,7,13	162,134,140,121,152,137,155,122,123,124	10,12,9,12,10,15,10,6,10,14	104	75
1599	247,276,261,335,227,251,205,260,228,261	0,0,0,1,2,0,1,0,2,0	282,245,241,245,279,249,291,240,247,264	5,0,4,1,1,0,0,0,0,0	150	75
1600	122,137,145,173,118,114,90,147,120,140	0,0,0,1,2,0,1,0,2,0	131,124,111,138,141,128,146,125,136,154	5,0,4,1,1,0,0,0,0,0	123	75
1601	35,17,38,27,28,32,17,32,34,18	15,2,8,9,5,0,6,9,11,3	29,21,14,27,43,14,39,31,29,35	14,6,6,11,10,3,10,6,6,4	150	75
1602	5,4,4,4,5,4,2,2,3,4	12,19,21,20,15,7,9,11,7,9	11,9,8,3,5,8,6,4,3,6	14,11,15,11,9,11,9,6,12,7	150	75
1603	65,77,74,63,64,57,52,45,61,57	3,6,5,1,2,0,2,8,1,1	50,45,44,46,62,69,72,51,65,55	3,3,1,2,2,0,2,3,1,3	82	75
1604	0,5,1,2,3,2,4,1,5,4	70,77,92,96,66,49,70,82,71,80	2,1,0,1,1,0,2,3,4,1	99,80,76,71,112,81,91,84,87,67	150	75
1605	66,62,83,64,64,57,50,71,47,78	0,0,0,0,0,0,1,0,0,0	64,58,61,43,89,72,71,81,74,60	0,0,0,0,0,0,0,1,1,0	150	75
1607	0,0,0,0,0,0,0,0,0,1	1,2,0,1,1,0,2,2,1,2	0,0,0,0,0,0,0,0,0,0	1,0,1,0,0,0,1,1,0,1	137	75
1611	803,837,759,824,725,659,657,753,678,838	0,0,0,0,0,0,0,0,0,0	833,680,699,707,802,709,854,645,764,697	0,0,0,0,0,0,0,0,1,0	150	75
1612	2,0,0,1,0,1,0,2,1,1	326,363,376,390,350,228,280,320,320,359	0,0,0,1,2,0,2,1,0,0	393,324,281,297,355,356,429,307,281,189	76	75
1613	526,677,627,645,631,230,357,403,425,452	20,20,19,26,22,9,7,15,15,22	594,519,479,528,698,531,702,474,376,191	24,21,6,13,26,13,23,11,16,8	102	75
1614	0,0,0,1,0,0,0,1,0,0	212,279,266,301,279,102,187,200,201,172	0,0,0,0,0,0,0,0,0,0	298,207,221,220,295,250,333,204,160,89	79	75
1615	28,25,23,46,32,27,35,24,35,23	110,115,111,123,93,85,64,96,89,79	32,25,39,25,26,41,30,29,17,25	124,105,102,99,131,100,138,142,101,85	79	75
1617	0,0,0,0,0,0,0,1,2,0	0,1,4,1,0,2,5,2,3,3	1,0,0,0,0,0,0,0,0,0	5,3,4,4,0,3,10,5,3,4	128	75
1618	7,18,12,12,13,18,5,8,9,12	10,11,8,15,6,9,7,9,5,11	9,15,14,7,14,12,10,16,17,13	9,11,11,9,14,9,19,7,10,14	150	75
1619	8,18,12,13,14,18,5,8,10,15	0,0,0,0,0,0,0,0,0,0	10,15,14,8,16,12,10,17,17,13	0,0,0,1,0,0,0,1,0,0	150	75
1620	1,0,1,1,3,1,1,0,1,6	95,73,97,102,82,109,89,102,90,112	4,5,4,1,4,4,2,2,1,3	117,89,80,80,93,98,121,81,122,127	79	75
1623	0,2,0,0,1,0,0,1,2,2	0,0,0,0,0,0,0,0,0,0	1,3,1,1,4,1,1,0,0,0	0,0,0,0,0,0,0,0,1,0	79	75
1624	2,2,1,1,1,2,3,1,1,2	0,0,1,1,0,0,0,0,0,1	0,0,3,0,0,1,5,1,0,2	1,0,0,0,0,0,0,0,0,0	150	75
1625	0,0,0,1,0,0,0,1,0,0	1,2,2,3,2,4,0,2,0,3	1,1,0,1,1,0,0,0,0,0	3,3,0,1,2,1,2,0,0,1	124	75
1628	11,14,9,18,9,6,16,9,10,14	1,0,0,0,0,0,0,0,0,0	10,11,8,11,10,14,14,14,20,7	0,0,0,0,0,1,0,0,0,0	107	75
1629	1,1,2,2,0,4,4,3,3,8	2,1,2,1,1,0,1,0,1,1	6,3,1,1,1,3,2,3,3,1	2,3,0,1,1,3,0,0,1,3	150	75
1630	5,3,4,1,1,0,6,1,6,2	7,3,5,1,2,2,2,3,0,4	4,3,1,3,3,6,0,0,2,5	2,2,1,2,0,3,3,0,1,0	150	75
1633	1,3,1,0,2,0,2,3,0,0	5,7,10,6,5,5,3,9,13,6	1,1,2,1,2,1,3,3,3,1	7,5,7,6,4,7,6,6,3,4	150	75
1635	0,0,0,1,0,0,1,0,0,0	0,2,0,0,0,1,0,1,0,0	0,0,0,0,0,0,0,0,0,0	0,0,0,2,0,0,0,1,0,0	102	75
1637	5,9,19,13,7,7,9,8,11,12	0,0,0,1,1,1,0,1,1,3	11,18,10,13,19,11,17,10,11,9	0,1,1,0,1,0,1,0,5,2	150	75
1638	5,10,21,16,7,9,6,10,11,10	2,1,2,1,2,0,2,1,0,0	10,16,9,13,17,12,18,6,13,9	0,1,0,1,0,2,4,1,6,3	150	75
1640	5,5,9,9,2,2,3,7,2,3	28,25,28,31,21,9,24,24,23,19	3,4,3,6,7,4,2,3,7,3	26,19,13,13,26,17,30,17,8,11	150	75
1641	2,0,0,1,0,1,0,1,0,0	34,34,33,34,29,15,24,18,19,37	0,0,3,2,0,1,0,1,0,0	31,37,30,28,46,28,32,21,26,16	93	75
1642	0,0,0,0,0,0,0,2,0,0	11,18,20,23,20,21,13,19,6,20	0,0,0,0,0,0,0,0,0,0	11,13,15,9,21,10,20,20,15,23	150	75
1643	3,5,4,3,6,2,2,3,0,2	116,114,108,141,111,121,103,105,95,118	3,1,3,0,6,1,7,4,1,11	142,90,102,99,100,113,110,105,126,143	150	75
1644	4,4,2,2,0,1,4,7,3,0	7,14,7,14,11,10,12,7,4,7	3,0,3,0,3,2,1,1,0,3	5,4,6,8,9,8,8,8,7,7	79	75
1645	15,18,26,26,17,18,14,24,19,30	7,4,5,5,4,5,5,5,2,7	19,16,20,17,18,16,19,16,28,14	6,4,5,5,5,5,4,5,6,5	93	75
1647	12,30,29,23,20,21,18,17,29,27	0,0,0,0,0,0,0,0,0,0	21,7,16,19,25,19,20,26,13,27	2,0,0,0,0,0,0,0,0,0	150	75
1650	12,2,4,5,3,3,4,2,8,2	0,0,0,0,0,0,0,0,0,0	0,3,3,5,8,6,6,2,1,5	0,0,0,1,0,0,0,0,0,0	150	75
1651	100,75,137,118,112,67,96,95,111,105	25,32,24,42,22,13,27,19,28,15	96,92,119,95,108,121,98,116,105,105	29,20,27,26,23,30,40,28,33,22	150	75
1652	32,27,43,34,54,27,35,30,40,36	25,32,24,42,22,13,27,19,28,15	40,31,54,48,40,48,37,31,41,43	29,20,27,26,23,30,40,28,33,22	150	75
1653	0,0,0,0,0,0,0,0,0,0	68,48,94,84,58,40,61,65,71,69	0,0,0,0,0,0,0,0,2,0	56,61,65,47,68,73,61,85,66,62	77	75
1654	26,14,27,25,21,27,27,23,26,23	10,13,5,9,10,8,9,5,7,3	32,26,19,34,33,26,36,25,26,25	5,3,8,11,6,6,5,5,13,6	117	75
1655	76,77,79,71,77,73,58,67,73,84	10,13,5,9,10,8,9,5,7,3	92,71,60,91,72,80,91,69,80,61	5,3,8,11,6,6,5,5,13,6	139	75
1656	50,64,52,46,57,47,32,45,47,61	0,1,0,0,1,1,1,1,0,0	60,45,41,57,40,54,56,44,55,36	0,0,0,0,1,0,1,0,1,0	97	75
1657	29,13,28,25,20,26,27,23,29,23	3,2,2,2,2,0,0,2,0,1	32,27,20,35,32,27,35,25,27,26	2,3,1,1,1,2,2,2,2,6	117	75
1658	29,18,31,27,24,29,27,26,30,25	3,2,2,2,2,0,0,2,0,1	36,26,25,35,34,29,37,27,28,25	2,3,1,1,1,2,2,2,2,6	139	75
1659	82,85,87,83,72,98,66,92,87,101	3,2,2,2,2,0,0,2,0,1	103,102,68,109,98,85,110,90,106,81	2,3,1,1,1,2,2,2,2,6	150	75
1660	3,5,4,2,4,3,1,4,4,2	3,0,1,0,0,0,1,1,3,0	4,0,6,1,2,3,2,2,3,0	0,1,1,1,0,1,0,0,2,1	97	75
1661	56,72,61,58,53,72,41,70,61,78	3,0,1,0,0,0,1,1,3,0	72,77,50,77,66,59,75,65,81,56	0,1,1,1,0,1,0,0,2,1	150	75
1662	58,67,58,58,50,70,43,70,59,76	2,0,1,0,0,0,1,0,1,0	72,77,44,78,67,56,76,64,84,57	0,0,0,0,1,0,0,0,0,0	150	75
1663	3,1,1,2,2,2,3,5,3,1	0,0,0,0,0,0,0,0,0,0	6,2,3,4,2,0,5,1,8,1	0,0,0,0,0,0,0,0,0,1	150	75
1665	0,0,0,1,0,0,0,0,0,0	0,0,0,1,0,0,0,0,0,0	1,0,0,0,0,1,0,0,0,0	0,0,0,2,0,0,0,0,0,0	78	75
1668	7,2,6,2,1,1,4,7,5,4	104,120,112,119,91,123,132,119,127,138	9,5,6,4,10,7,5,7,3,8	111,105,129,128,151,146,142,129,113,144	101	75
1669	30,37,32,45,26,17,15,20,29,26	2,0,0,0,0,0,0,0,0,0	28,32,29,10,29,35,30,25,20,8	0,0,0,0,0,0,0,0,0,0	109	75
1670	10,14,15,15,6,11,13,16,16,16	10,8,10,17,3,13,6,11,11,9	11,7,19,14,19,19,11,15,16,17	10,14,10,8,13,13,9,7,11,10	129	75
1671	9,14,10,14,5,7,10,15,15,16	7,4,0,3,2,0,3,10,4,4	9,7,18,14,18,18,10,15,16,16	4,5,0,3,3,5,4,4,1,7	129	75
1672	11,18,19,14,20,12,11,9,11,19	1,0,0,0,0,0,1,0,0,0	17,7,7,14,19,12,26,7,19,7	0,0,0,0,0,0,0,0,0,0	91	75
1673	13,4,5,6,6,7,6,5,4,5	1,0,1,0,0,0,0,0,0,0	6,7,3,1,11,4,5,4,9,5	1,0,0,0,1,0,0,0,0,0	130	75
1675	3,3,7,2,4,2,2,5,3,4	2,6,1,0,1,1,1,2,1,5	4,3,3,5,7,3,3,8,2,2	5,1,4,1,2,4,4,0,0,0	87	75
1676	0,0,0,0,0,0,0,0,0,0	231,236,267,228,228,110,178,177,218,229	0,0,0,0,0,1,0,0,0,0	227,203,209,203,269,224,252,206,200,118	90	75
1678	2,3,3,3,6,1,4,0,4,3	56,46,68,60,56,30,40,39,37,23	4,3,2,3,5,3,1,1,6,7	52,59,51,54,44,61,65,56,32,18	150	75
1679	4,2,3,2,3,2,5,1,2,5	55,52,52,63,67,44,51,53,57,51	1,3,3,0,3,4,1,3,3,4	49,51,42,54,56,72,64,68,58,51	102	75
1682	6,8,12,13,18,13,8,22,15,9	0,0,0,0,0,1,0,0,0,0	17,9,12,6,12,10,9,9,7,18	0,0,0,1,0,1,0,0,1,0	120	75
1684	19,10,15,11,13,10,23,6,13,12	0,2,2,3,0,0,0,0,0,0	19,14,18,11,16,18,14,14,5,15	0,1,1,0,0,0,0,0,2,0	150	75
1687	19,7,17,24,17,12,12,22,16,31	24,25,17,28,23,25,32,25,17,20	16,20,13,18,19,17,14,14,22,20	23,29,17,22,25,17,25,25,35,28	108	75
1688	180,195,212,180,115,123,123,171,192,167	0,0,0,0,0,0,0,0,1,0	158,152,166,199,260,262,224,191,157,144	0,0,0,0,1,0,1,0,0,0	150	75
1689	579,554,575,639,505,707,580,644,676,672	0,0,0,0,0,0,0,0,0,0	615,546,572,537,600,577,701,647,718,753	0,1,0,1,0,0,1,0,0,0	150	75
1690	1,0,0,0,2,0,2,0,1,0	221,267,238,261,232,171,182,209,191,258	1,0,0,3,0,1,1,0,3,3	234,221,232,258,244,209,262,208,186,206	150	75
1692	8,9,6,8,6,3,5,5,4,6	3,5,11,13,4,5,4,9,4,2	7,9,8,9,5,7,5,8,8,6	10,10,7,6,7,9,7,11,14,6	150	75
1695	0,2,0,3,0,0,0,2,3,0	32,24,36,31,26,14,29,31,27,21	1,0,0,0,0,0,0,0,2,1	41,32,23,35,26,34,36,28,22,29	150	75
1696	30,39,41,27,36,33,33,40,26,32	2,3,3,6,4,4,1,4,5,1	32,28,41,28,40,30,35,40,23,21	4,0,1,4,3,1,10,1,4,1	94	75
1697	9,8,4,3,6,1,4,1,6,2	3,4,6,7,7,2,2,4,4,4	5,6,3,5,6,3,2,4,4,2	6,4,5,4,5,7,6,3,2,1	150	75
1698	41,43,58,54,45,53,34,38,57,56	0,0,0,0,1,0,0,0,0,0	48,52,43,62,57,36,57,40,51,44	0,0,0,0,0,0,0,0,0,0	150	75
1699	500,554,525,559,536,369,444,492,507,490	0,0,0,0,0,0,0,0,0,0	517,439,530,469,583,511,615,488,462,412	0,0,0,0,0,0,1,0,0,0	130	75
1701	0,0,0,0,0,0,0,1,0,0	0,1,7,2,2,0,0,2,4,1	0,0,0,0,1,0,0,0,0,0	1,0,2,0,0,2,1,2,2,4	97	75
1702	0,0,0,0,1,0,0,0,0,0	16,22,21,21,11,16,11,24,23,18	0,0,0,0,1,0,0,0,0,0	25,15,14,16,28,18,33,19,13,13	97	75
1703	69,73,64,76,77,69,56,67,64,89	23,44,25,38,33,41,25,29,25,29	80,90,74,89,75,70,96,93,90,54	29,41,32,31,37,37,39,33,43,24	81	75
1704	1,0,0,0,1,0,0,0,0,0	54,35,44,49,29,29,29,33,35,32	1,0,1,1,2,0,0,1,1,0	23,29,33,42,38,32,47,41,37,25	98	75
1705	137,190,155,152,151,143,114,137,165,149	0,0,0,0,0,0,0,0,2,0	143,127,145,156,157,157,169,113,106,128	0,0,0,0,0,0,0,1,0,0	150	75
1706	8,8,15,6,12,8,4,6,6,6	42,49,47,56,47,35,41,50,39,20	1,6,12,10,10,12,12,6,10,6	47,44,44,56,49,52,60,49,40,37	117	75
1708	0,0,0,0,0,0,0,1,0,0	49,55,62,62,52,44,37,62,44,43	0,1,1,0,2,0,0,0,0,0	42,46,49,38,60,47,65,41,55,36	80	75
1710	1,1,2,0,5,1,1,0,0,1	1,1,0,4,1,1,0,0,2,0	1,1,1,0,0,2,1,0,0,1	4,0,1,1,3,3,1,0,3,0	150	75
1711	0,1,0,0,0,0,1,0,1,0	10,0,3,5,6,2,1,5,4,2	0,0,0,0,0,0,0,0,0,0	2,1,8,2,4,4,4,8,4,1	150	75
1712	0,0,0,1,0,0,0,0,1,1	3,11,4,5,8,10,9,13,10,3	1,0,0,0,0,1,2,0,0,1	10,6,4,7,17,16,5,4,21,12	81	75
1713	0,0,1,2,0,1,0,0,2,0	2,0,0,1,1,1,0,0,0,0	0,0,1,0,0,2,1,0,0,3	0,1,1,0,0,0,0,0,0,1	150	75
1714	157,149,164,150,184,120,102,132,136,146	6,4,3,7,9,4,7,6,3,9	183,127,122,140,190,143,163,132,148,120	9,10,2,8,3,5,4,4,6,5	101	75
1716	14,15,16,11,9,8,9,12,13,13	0,0,0,0,0,0,0,0,0,0	18,16,8,14,8,11,23,13,13,18	0,0,1,0,0,0,0,0,0,1	150	75
1717	2,4,2,1,3,1,1,4,4,1	10,10,15,14,24,14,22,15,12,10	3,4,3,1,5,2,1,3,4,1	12,26,14,24,17,11,19,12,21,12	150	75
1718	14,22,11,11,10,9,9,7,6,9	17,7,9,26,9,7,6,17,12,7	13,11,16,11,17,11,11,9,11,8	13,11,9,21,15,9,18,14,14,5	126	75
1719	1,6,3,3,4,6,0,4,5,5	31,22,18,20,26,20,21,25,19,26	5,1,0,3,6,5,7,3,2,6	32,27,21,12,27,22,32,20,30,15	87	75
1720	19,11,4,9,8,8,13,10,12,10	0,0,1,0,0,0,0,0,0,0	13,9,12,8,13,15,16,15,13,7	0,0,0,0,0,0,0,0,0,0	105	75
1721	13,18,13,16,18,15,8,14,7,18	0,5,2,0,3,0,0,0,2,1	20,10,23,8,25,13,13,16,20,21	0,0,4,1,4,1,1,2,0,0	150	75
1722	386,432,405,455,400,354,357,359,428,431	32,38,28,32,38,29,34,26,30,25	435,412,376,392,406,413,452,369,351,386	26,43,33,25,37,35,38,31,26,34	144	75
1723	36,44,53,52,48,22,37,35,27,36	0,0,0,0,0,0,1,2,1,0	39,28,34,31,50,32,44,37,20,12	0,1,1,0,1,0,0,0,0,0	139	75
1724	21,29,32,32,22,10,17,20,18,21	0,0,0,0,0,0,0,0,0,0	26,12,21,18,30,13,28,19,13,7	0,0,0,0,0,0,0,2,0,0	139	75
1725	0,0,0,0,0,2,1,0,0,0	0,0,0,0,0,0,0,0,0,0	0,0,0,0,0,0,0,0,0,0	0,0,0,0,0,1,0,0,0,2	150	75
1727	0,0,0,0,0,0,0,0,0,0	0,0,0,1,2,0,1,3,0,0	0,0,0,0,0,0,0,2,0,0	1,1,0,0,0,0,1,1,0,1	150	75
1728	0,0,1,0,0,0,0,0,0,1	0,0,0,0,0,0,0,1,0,0	0,0,1,0,0,0,0,1,0,0	0,0,0,0,0,0,0,0,0,0	150	75
1731	1,3,1,7,2,2,1,2,0,6	20,31,30,31,38,20,17,17,22,16	0,1,2,3,4,1,4,1,7,0	36,21,21,25,34,25,35,35,18,10	78	75
1732	0,0,0,0,0,0,0,0,0,0	6,5,7,9,7,5,1,5,4,11	0,0,0,0,0,1,0,0,0,0	7,4,7,3,5,10,11,4,2,5	119	75
1733	0,1,0,0,0,0,0,0,0,0	1,0,0,0,0,0,0,0,0,0	0,0,0,0,0,0,0,0,0,0	0,0,0,0,0,0,0,0,1,0	150	75
1736	2,0,0,1,0,2,3,0,1,0	1,0,0,1,1,0,0,0,0,1	0,0,1,0,0,0,0,0,0,2	0,1,0,0,0,0,1,0,1,0	79	75
1738	0,0,1,1,2,0,0,0,1,0	45,44,57,61,39,35,29,40,43,44	0,1,2,0,0,0,0,0,0,0	55,47,53,56,49,53,51,53,39,41	150	75
1748	23,26,18,26,31,10,20,19,25,19	3,0,0,0,1,0,2,0,1,1	26,23,22,16,21,16,24,18,16,11	1,0,3,0,1,4,0,2,2,0	150	75
1749	39,32,31,34,37,16,21,25,25,28	3,8,9,10,4,2,2,6,5,9	34,32,31,27,38,25,40,26,26,14	8,7,8,9,10,8,6,7,7,4	150	75
1750	10,6,15,10,16,4,3,4,7,9	0,2,0,0,0,1,0,0,0,0	6,11,7,16,14,15,8,11,11,9	1,0,0,0,1,0,1,1,0,0	92	75
1751	0,3,1,1,4,0,1,3,5,0	19,20,30,19,24,21,29,28,21,24	2,3,2,1,2,0,3,1,1,3	27,22,25,40,21,24,32,29,26,32	90	75
1752	508,591,532,568,479,633,508,577,609,607	1,1,0,1,0,1,3,1,1,0	612,517,496,495,512,515,635,551,647,725	0,0,0,0,1,2,0,0,0,0	150	75
1753	34,27,40,27,21,6,16,18,12,16	19,16,13,18,21,0,10,11,7,3	29,14,22,15,38,26,39,21,12,9	16,13,13,13,34,11,19,16,6,1	81	75
1757	4,5,8,4,3,4,10,5,3,13	0,0,0,0,0,0,0,0,0,0	7,2,7,6,4,4,5,5,6,4	0,0,0,0,0,1,0,0,0,0	150	75
1758	49,45,44,64,43,38,32,46,44,68	0,0,0,0,1,0,1,0,0,2	54,50,55,43,49,49,46,49,57,35	0,0,0,0,0,2,1,0,0,0	150	75
1759	20,11,18,14,14,6,6,10,12,8	0,0,0,0,0,0,0,0,0,1	7,8,9,14,16,18,13,13,5,5	1,0,1,0,0,0,0,1,0,0	99	75
1760	485,593,522,537,493,383,391,391,460,503	0,0,0,0,0,0,0,0,0,0	464,485,457,492,609,603,557,450,479,398	1,0,0,1,0,0,0,0,0,0	150	75
1761	45,62,54,58,46,40,39,39,51,70	0,0,0,0,0,0,0,1,0,0	43,45,70,41,62,46,59,54,51,48	0,0,0,1,0,0,0,0,0,0	150	75
1763	0,0,0,0,0,1,0,0,0,0	1,1,1,2,1,0,1,5,2,3	0,0,0,0,0,0,0,0,0,0	1,4,1,3,3,0,2,6,2,2	150	75
1765	6,11,13,11,7,10,6,9,8,10	8,0,7,1,2,2,2,0,3,2	8,10,8,12,6,8,9,7,11,8	2,1,2,5,2,1,0,2,3,1	87	75
1767	1,2,2,3,2,0,4,1,3,0	56,44,37,73,39,60,42,49,44,56	3,4,3,1,3,1,3,4,2,0	44,58,51,43,41,61,67,37,44,55	150	75
1771	35,33,38,43,34,21,18,22,21,29	1,0,2,1,3,0,5,0,0,1	25,30,30,23,33,33,22,22,26,13	0,0,0,2,0,0,0,0,1,1	98	75
1772	11,12,16,11,10,8,7,9,9,10	1,0,2,1,3,0,5,0,0,1	9,13,14,8,9,11,11,9,5,5	0,0,0,2,0,0,0,0,1,1	102	75
1773	0,0,0,1,0,0,1,1,0,0	24,21,22,33,24,13,12,14,12,19	2,0,0,0,0,0,0,0,0,0	18,17,16,15,24,22,11,13,21,8	79	75
1774	17,23,12,25,22,8,7,19,19,9	21,16,19,23,22,8,13,14,15,12	11,8,12,14,19,19,14,10,4,7	17,12,19,15,26,12,26,14,9,9	150	75
1782	75,81,83,81,61,89,68,83,84,87	1,2,2,1,2,1,0,4,4,1	73,86,93,85,71,73,96,98,81,112	1,1,3,0,0,1,2,2,0,2	104	75
1784	0,0,1,0,0,0,0,0,0,0	0,0,0,0,0,0,1,0,1,0	0,0,0,1,0,0,0,0,0,0	1,0,0,0,0,0,2,0,0,0	82	75
1785	0,0,0,1,0,0,0,0,0,0	2,3,0,4,0,1,0,0,1,3	0,0,0,0,0,0,0,0,0,0	2,0,5,0,0,2,1,0,2,0	85	75
1787	3,3,2,3,3,6,5,3,6,4	2,0,0,0,0,1,0,1,0,0	1,1,2,6,5,1,3,4,3,6	0,0,0,0,0,0,1,0,1,0	86	75
1788	8,6,4,8,3,9,4,5,9,6	1,0,0,1,0,1,2,0,1,1	3,3,3,8,4,13,11,3,2,6	0,2,0,2,0,2,0,2,0,2	87	75
1789	3,1,2,4,2,2,2,4,0,1	31,25,35,35,32,34,27,47,33,32	0,1,1,3,3,4,5,1,5,3	29,29,27,36,43,26,39,32,38,49	150	75
1791	23,23,49,34,35,31,19,30,24,16	0,0,1,0,0,0,0,0,0,1	22,28,30,20,33,43,44,17,21,16	0,0,0,0,0,0,0,0,1,0	150	75
1792	39,43,38,34,39,27,30,39,38,36	1,3,0,0,2,0,0,1,0,0	51,36,28,28,43,31,45,39,36,25	1,0,0,0,0,0,0,0,0,0	150	75
1793	1,3,0,0,0,1,0,0,3,2	0,0,0,0,0,0,0,0,0,0	1,2,0,0,0,2,0,2,2,1	0,0,0,1,0,0,0,0,0,0	150	75
1794	3,3,3,3,4,2,2,2,8,6	0,2,1,1,1,1,0,0,0,4	4,3,1,2,4,3,5,6,3,1	1,0,0,3,2,1,0,0,3,0	150	75
1795	10,11,22,16,25,11,15,23,9,25	0,0,0,0,0,0,0,0,0,0	21,16,14,20,32,14,18,18,14,6	0,0,1,0,0,0,0,0,0,0	150	75
1796	56,74,51,38,48,43,36,44,46,46	0,0,1,0,1,0,1,0,0,1	47,36,32,52,49,52,61,53,40,35	1,1,0,0,0,0,1,0,0,1	142	75
1797	23,17,25,20,20,14,22,22,14,28	0,0,0,0,0,0,0,0,0,0	30,16,26,17,22,23,19,19,11,11	0,0,0,0,0,0,1,0,0,0	133	75
1798	93,110,106,101,70,85,93,73,82,90	0,0,0,0,0,0,0,0,0,0	115,88,97,120,103,97,116,91,91,110	0,0,0,0,0,0,0,0,0,1	150	75
1800	4,7,6,10,4,4,4,2,4,7	6,6,11,13,9,3,6,9,12,9	12,7,9,5,6,6,5,6,6,6	9,3,6,9,6,4,11,7,10,5	94	75
1801	125,157,159,138,123,192,144,128,155,177	0,1,0,0,0,0,0,1,0,0	162,134,109,175,138,121,162,137,202,214	0,0,0,0,0,1,0,0,0,0	100	75
1802	33,28,21,38,24,17,20,19,35,33	2,1,2,1,1,0,2,1,1,3	35,23,32,25,40,28,43,22,34,17	2,3,0,0,1,0,2,1,1,0	123	75
1803	14,19,5,7,6,8,4,4,12,6	2,0,0,1,1,0,1,1,0,1	11,17,4,6,5,4,14,1,6,7	1,1,0,1,0,0,0,0,0,0	150	75
1804	2,1,0,0,0,1,1,2,2,0	1,7,5,6,1,2,4,2,7,5	2,0,1,2,0,1,0,2,5,1	3,4,3,2,4,2,4,3,3,6	150	75
1809	22,10,23,23,16,6,16,11,23,14	3,3,2,1,0,3,0,0,1,1	13,6,3,10,20,7,6,5,8,13	2,0,0,0,1,1,2,0,4,4	150	75
1810	0,1,0,0,0,0,0,0,0,0	86,127,123,134,146,109,100,131,120,129	0,0,0,0,0,0,0,0,1,1	116,106,91,127,105,109,130,96,133,141	80	75
1813	2321,2796,2787,2998,2643,2734,2546,2513,2622,3090	0,0,0,1,0,0,0,0,0,0	2791,2618,2617,2933,3051,2938,2914,2588,3090,2986	0,0,0,0,0,0,0,1,0,0	150	75
1814	2,3,3,1,1,0,0,2,1,0	0,0,0,0,0,0,0,0,0,1	0,0,3,1,0,2,4,2,1,1	0,0,0,0,0,0,0,0,0,0	91	75
1815	60,66,49,61,35,45,52,51,71,61	1,0,1,2,1,0,0,2,5,4	74,68,70,57,59,67,66,65,69,81	2,1,2,2,0,1,0,2,3,4	150	75
1816	2,2,2,1,0,0,1,1,1,0	1,0,0,0,0,1,1,1,0,1	0,0,3,0,0,0,0,0,3,1	1,1,0,1,1,0,0,1,0,0	150	75
1817	159,179,190,162,161,170,152,159,144,230	0,0,0,0,0,0,0,0,0,1	173,177,183,151,189,151,182,175,171,132	0,0,0,0,0,0,0,0,1,0	84	75
1818	2,5,2,5,5,3,1,3,3,7	11,14,10,8,11,6,4,8,7,9	5,3,4,5,3,2,4,3,11,3	7,4,0,4,8,9,6,12,16,5	150	75
1819	24,20,28,19,26,20,20,26,33,27	0,0,0,1,0,0,0,0,0,0	34,29,26,28,23,22,25,28,22,20	0,0,0,0,0,0,0,1,0,0	150	75
1820	1,1,1,1,0,2,0,1,2,1	14,21,25,24,13,19,20,17,20,15	1,1,1,0,0,1,0,0,1,0	12,18,12,13,15,18,30,20,18,17	92	75
1825	1,0,1,0,0,0,0,0,0,0	10,17,10,18,7,5,7,9,5,4	0,0,0,0,0,0,0,1,0,0	16,5,8,5,11,11,8,10,9,4	150	75
1826	2,1,0,2,3,2,2,2,3,2	146,106,153,161,123,110,107,144,117,135	3,1,3,2,1,2,1,5,2,2	128,117,114,157,151,140,136,114,120,130	150	75
1827	0,1,1,1,0,0,0,0,0,0	3,4,1,1,2,0,4,3,4,1	2,0,1,0,0,2,1,1,0,0	3,8,2,2,9,3,5,5,3,0	108	75
1829	47,47,48,63,47,48,46,60,52,74	9,6,7,12,10,8,7,8,4,21	64,45,44,67,43,52,62,61,51,62	6,9,12,10,13,3,9,6,12,4	150	75
1831	0,1,4,0,0,0,0,1,0,0	31,23,31,37,15,39,32,25,30,40	0,0,0,0,0,0,2,0,1,2	24,31,28,24,25,31,33,24,27,35	150	75
1832	0,0,0,0,0,0,0,0,0,0	3,3,1,2,0,1,0,2,1,2	0,1,0,0,0,0,0,0,0,0	0,1,0,2,2,0,0,2,1,1	93	75
1835	155,202,176,142,157,127,143,170,179,170	4,1,4,8,3,0,5,6,3,1	170,140,154,182,149,168,206,135,160,134	3,3,3,2,1,2,3,6,5,2	144	75
1836	198,279,246,273,215,265,206,259,257,245	3,0,2,0,1,1,1,2,1,0	218,241,214,249,218,219,285,238,250,340	4,2,3,1,1,3,4,3,2,1	105	75
1837	13,11,6,13,6,7,5,7,9,7	3,3,2,0,3,1,5,1,2,6	21,10,11,6,16,13,16,12,9,7	1,2,2,3,4,2,4,1,1,0	108	75
1838	0,0,0,0,0,0,0,0,0,0	1,1,0,0,0,0,0,0,0,1	0,0,1,0,0,0,0,0,0,0	1,0,0,0,0,0,0,0,0,0	133	75
1839	1,1,2,1,2,4,0,0,0,0	11,4,8,11,9,8,4,11,6,12	2,2,3,1,1,1,2,1,3,0	14,9,6,9,6,9,6,9,12,17	146	75
1843	35,25,35,43,51,38,24,36,30,42	0,1,1,0,1,0,2,1,3,2	47,40,36,39,52,42,38,27,31,25	0,0,1,1,1,0,1,1,2,1	150	75
1844	1,5,4,2,3,4,0,1,2,3	0,1,0,2,0,0,0,0,0,0	5,2,1,1,4,4,1,1,2,6	0,1,0,0,0,0,1,1,0,0	100	75
1845	0,0,2,0,1,1,0,0,0,0	0,0,2,0,0,0,0,0,0,0	0,2,1,0,1,0,0,0,1,0	0,0,0,0,0,0,0,0,0,0	82	75
1846	0,2,2,0,2,1,1,0,1,0	3,1,1,2,1,0,3,1,2,5	2,1,1,0,1,0,0,1,3,0	2,2,2,3,3,4,2,1,2,2	82	75
1847	1,0,0,0,1,0,0,0,1,2	0,0,0,0,0,0,0,0,0,1	0,0,0,0,2,0,0,0,0,0	0,0,0,0,0,0,0,0,0,0	80	75
1848	4,2,0,2,2,1,2,1,5,3	7,10,7,14,5,21,16,5,11,10	0,2,1,1,4,2,1,1,2,4	8,4,7,10,15,9,14,4,8,9	80	75
1849	12,18,11,20,10,5,6,20,15,11	56,97,73,67,69,74,71,67,67,99	13,8,13,9,28,8,21,14,18,21	67,74,70,67,59,66,73,76,79,66	146	75
1850	55,71,66,83,57,67,64,69,77,77	0,0,1,2,0,2,1,0,1,3	71,61,74,82,79,63,55,62,68,80	4,2,0,3,3,3,0,5,1,0	150	75
1851	110,166,139,148,126,141,134,136,143,176	0,0,1,2,0,2,1,0,1,3	136,135,142,147,134,128,127,137,147,145	4,2,0,3,3,3,0,5,1,0	150	75
1852	0,1,0,0,0,1,0,0,0,0	27,18,19,30,26,13,10,17,21,10	0,0,0,0,1,0,0,0,1,0	13,14,9,16,21,24,17,17,18,21	81	75
1853	17,10,11,18,12,11,14,9,14,13	29,27,24,26,28,18,22,25,30,28	13,10,5,8,12,12,12,4,16,5	22,28,25,36,44,23,26,26,25,19	150	75
1855	175,183,214,248,173,194,189,212,198,233	3,7,2,5,4,3,4,0,6,2	194,206,213,209,215,178,227,156,226,224	2,4,4,7,5,7,4,0,4,6	142	75
1857	8,6,7,10,7,6,4,4,4,7	60,67,63,79,58,67,53,63,59,87	6,7,3,5,11,8,6,6,7,10	71,45,73,63,70,58,64,51,74,73	150	75
1858	6,6,7,10,5,5,5,4,3,6	1,1,0,1,0,1,0,4,4,0	6,6,3,5,10,8,6,5,5,9	0,0,0,0,2,0,1,0,0,2	150	75
1859	2,3,4,1,2,3,0,3,0,1	39,26,43,45,33,54,36,42,37,43	4,2,4,2,6,1,4,3,0,4	46,35,44,49,41,44,33,37,41,55	108	75
1860	0,1,1,0,1,0,1,0,0,0	25,42,49,50,35,25,26,31,24,33	0,0,2,0,1,0,0,0,0,1	33,38,35,31,30,25,34,21,34,27	84	75
1861	12,11,7,15,16,10,6,6,6,5	0,0,1,0,0,1,0,1,0,0	12,7,7,4,8,13,9,6,7,10	1,0,0,0,0,0,0,0,0,0	150	75
1862	14,8,21,14,9,9,7,18,12,15	12,13,22,10,12,18,15,8,7,8	13,10,15,18,11,8,5,8,14,16	14,18,16,22,12,17,11,20,11,18	87	75
1863	1,0,0,0,0,1,0,0,0,1	9,11,13,13,9,7,5,7,3,3	0,0,1,0,0,0,0,0,1,0	11,7,7,5,11,14,15,4,7,7	98	75
1865	61,73,57,60,58,62,59,64,58,61	3,6,6,3,0,0,3,3,3,0	62,42,68,66,50,50,77,68,72,61	5,2,3,3,2,6,7,4,2,1	150	75
1866	249,268,262,299,232,233,215,237,291,269	0,0,0,0,0,0,0,0,0,0	271,223,246,229,253,275,249,219,262,227	0,0,0,0,1,0,0,0,0,0	150	75
1867	29,15,25,43,23,16,12,22,21,16	1,4,2,1,3,4,2,2,0,2	17,10,15,10,19,29,37,20,19,21	0,3,0,3,3,2,0,1,1,0	150	75
1870	5,2,2,5,0,3,4,4,6,4	0,0,0,0,0,0,1,0,0,0	7,1,3,1,3,5,3,1,5,4	0,0,1,0,0,0,0,0,0,1	150	75
1871	0,1,0,0,0,0,0,0,1,0	0,2,0,2,1,0,0,0,1,1	1,0,0,0,1,0,1,0,2,1	1,1,1,0,3,0,0,0,1,1	90	75
1872	1,1,1,1,0,1,0,3,0,0	103,117,106,113,135,178,124,111,113,180	1,2,1,0,0,3,1,1,1,0	118,167,126,155,133,180,157,108,155,180	121	75
1873	23,23,26,33,30,12,21,21,25,20	0,1,2,0,0,0,1,0,1,1	25,30,18,17,36,22,30,17,17,8	1,0,0,0,2,0,0,0,3,2	150	75
1874	63,95,82,75,76,81,73,72,70,89	0,2,0,0,0,0,0,0,1,0	86,76,88,75,73,75,79,88,86,98	0,1,0,0,0,3,1,0,2,0	150	75
1875	235,266,276,325,223,300,266,287,264,372	0,0,0,0,0,0,1,0,0,0	286,269,239,196,259,301,303,231,320,331	0,0,0,0,0,0,0,0,0,0	150	75
1876	4,1,0,5,0,4,6,3,1,2	79,88,105,101,76,46,46,71,61,67	2,1,3,3,2,2,5,0,2,4	80,65,77,87,89,78,95,68,76,46	117	75
1878	73,83,89,79,73,72,80,80,70,97	1,2,0,2,1,1,0,0,3,2	75,78,77,100,92,89,87,88,89,125	6,0,1,1,0,1,1,0,1,3	150	75
1879	3,4,3,5,3,0,3,0,3,4	105,154,144,131,118,148,126,105,98,180	2,0,1,2,2,2,4,3,9,7	122,123,117,138,152,114,138,143,138,148	85	75
1880	0,0,0,0,0,0,0,0,1,0	1,0,0,1,1,0,0,0,1,1	1,1,0,0,0,0,0,0,0,0	0,2,1,0,1,1,0,0,2,1	98	75
1885	1,0,1,3,0,3,0,2,1,3	0,0,0,0,0,0,0,0,0,0	2,1,1,2,0,2,2,3,3,1	0,0,0,0,0,0,0,1,0,1	78	75
1886	1,2,1,7,0,0,0,2,3,3	2,4,2,2,0,0,0,1,2,1	1,0,2,3,0,2,2,2,3,0	1,1,2,1,1,1,2,3,2,2	78	75
1889	5,7,2,5,4,3,1,2,0,4	34,44,48,40,40,49,39,44,53,50	5,4,5,2,5,1,5,1,4,9	56,47,28,38,41,46,52,33,42,38	100	75
1891	3,0,0,2,0,0,0,0,1,0	10,12,13,5,13,11,15,30,18,20	0,0,0,0,0,0,0,1,0,0	24,18,14,13,13,16,18,21,15,23	109	75
1892	141,169,154,147,129,96,102,150,119,117	0,0,0,0,1,0,0,0,0,0	170,136,114,145,144,129,153,140,110,113	0,0,0,0,1,0,0,0,0,0	150	75
1894	0,0,1,1,0,0,1,0,0,1	31,30,27,24,31,36,22,26,37,45	1,1,0,1,1,0,0,0,1,1	18,34,27,35,45,24,21,33,27,22	88	75
1897	142,154,147,155,138,86,111,131,126,143	0,0,0,0,0,0,0,0,1,0	138,117,137,143,127,134,144,124,133,85	0,0,0,0,0,0,0,0,0,0	150	75
1901	0,0,0,0,1,0,0,1,1,0	0,0,0,0,0,0,0,0,0,0	0,0,0,2,0,0,2,0,0,0	0,0,0,0,1,0,0,0,0,0	116	75
1902	0,1,1,2,1,2,2,2,0,2	1,1,0,1,0,0,0,0,0,0	0,1,0,3,5,1,1,1,0,0	0,1,0,0,1,0,0,0,0,2	84	75
1903	1,4,1,4,2,2,2,3,4,5	1,1,1,1,3,0,0,2,3,2	9,3,1,6,5,4,2,3,2,3	2,0,0,2,1,2,1,0,3,1	90	75
1904	35,45,51,50,47,38,29,39,46,38	27,25,42,34,28,14,26,22,26,43	41,34,33,42,48,29,53,43,34,33	25,35,25,35,29,28,37,22,31,17	123	75
1905	13,11,13,17,12,5,11,16,12,17	0,3,0,0,1,0,0,0,2,0	8,9,9,13,13,2,14,16,9,12	2,1,0,0,1,0,1,1,0,2	123	75
1906	0,3,0,2,0,0,3,0,0,0	0,0,0,0,0,0,0,0,0,0	2,1,0,2,0,0,2,1,1,1	0,0,0,0,0,0,1,0,0,0	79	75
1907	3,3,11,1,10,4,5,4,3,6	0,1,0,0,2,0,0,0,0,0	6,5,6,3,6,3,7,7,5,0	1,0,0,0,1,0,0,2,2,0	83	75
1910	7,15,9,11,7,12,8,8,7,14	0,1,0,0,1,0,0,0,1,0	18,10,13,8,10,9,16,11,18,16	1,1,1,0,1,0,0,0,0,0	150	75
1911	0,0,0,0,0,0,0,0,0,0	0,0,0,0,1,0,0,2,0,0	0,0,1,0,0,0,0,1,0,0	0,0,0,0,4,0,1,0,0,3	150	75
1912	15,14,11,20,14,13,9,22,20,19	32,57,47,37,39,24,29,30,41,34	26,18,17,21,13,15,32,24,24,13	54,45,42,45,38,34,49,53,52,34	121	75
1913	3,0,0,0,0,2,1,0,0,0	1,1,0,0,0,0,2,0,1,0	2,1,2,3,3,0,1,1,0,0	1,2,0,0,1,0,0,1,1,0	150	75
1914	171,191,216,215,202,174,136,213,204,236	4,6,10,9,2,6,6,5,6,0	213,199,175,171,211,183,223,204,196,199	9,5,5,7,6,9,5,4,5,6	150	75
1915	133,185,180,178,148,150,118,180,150,178	14,15,7,11,11,8,11,8,13,14	173,162,139,141,172,162,161,148,165,158	5,14,5,7,10,9,8,14,9,10	150	75
1916	49,81,63,68,44,55,40,56,52,53	14,15,7,11,11,8,11,8,13,14	73,63,42,51,65,64,45,48,58,45	5,14,5,7,10,9,8,14,9,10	150	75
1918	4,4,1,6,0,2,1,0,1,5	279,293,358,360,364,210,260,250,287,317	2,1,3,1,1,1,3,5,0,2	329,307,320,311,426,347,353,292,302,228	122	75
1921	94,111,120,138,136,153,131,123,143,116	0,0,0,0,0,0,0,0,0,0	137,127,133,127,124,115,149,104,123,141	0,0,0,1,0,0,0,0,0,0	150	75
1922	401,502,439,471,421,545,380,409,392,495	2,1,0,2,0,3,2,1,0,0	441,439,386,410,419,424,459,386,501,551	1,1,1,3,3,1,2,2,1,3	150	75
1926	247,255,242,237,218,246,209,265,278,248	0,0,0,0,0,0,0,0,0,0	247,251,218,302,227,246,293,244,270,292	0,1,0,0,0,0,0,0,0,0	150	75
1928	0,0,0,0,0,0,0,0,0,0	0,1,0,0,0,1,0,1,1,1	0,1,0,0,0,0,0,0,0,1	0,0,0,0,1,0,0,0,2,0	133	75
1930	422,443,460,441,420,285,359,393,363,383	0,0,0,0,0,0,0,0,2,0	457,383,371,411,436,439,449,371,395,284	0,0,0,0,0,1,0,0,0,0	99	75
1934	73,75,75,98,110,81,63,74,79,103	0,0,0,0,0,0,0,0,2,0	72,89,63,76,88,94,108,71,76,70	0,0,0,2,0,0,0,0,0,0	117	75
1935	0,0,1,2,1,0,1,0,2,0	11,27,23,21,24,20,11,14,16,9	0,1,0,0,0,0,4,0,0,1	21,18,22,16,28,23,14,16,11,8	80	75
1936	152,175,177,156,154,165,143,138,148,158	1,0,2,5,4,2,3,3,0,0	165,155,146,147,191,160,191,144,168,144	0,1,1,0,3,2,1,1,6,2	108	75
1938	2,2,1,3,4,3,1,3,2,2	88,89,106,102,88,84,83,88,85,69	3,2,1,1,6,2,5,5,1,2	129,84,79,94,108,94,100,100,91,80	150	75
1940	17,26,19,30,29,28,26,32,37,23	0,0,0,0,0,0,0,0,0,0	38,21,33,31,30,31,29,34,29,19	0,0,0,0,0,1,0,0,0,0	150	75
1941	50,65,62,68,54,61,55,43,54,64	191,229,203,234,169,233,193,213,203,209	51,48,45,75,60,49,54,43,72,65	203,197,216,219,208,222,238,201,234,269	87	75
1942	2,2,1,3,2,1,2,5,4,5	1,1,0,0,1,1,0,2,0,0	5,1,1,3,0,2,3,1,4,2	2,0,1,0,1,2,0,1,1,0	105	75
1943	3,2,2,4,3,2,2,5,4,8	1,2,0,1,1,0,1,2,1,2	6,1,1,3,0,4,4,2,5,2	0,1,2,0,1,0,1,1,1,0	122	75
1944	2,1,1,1,2,2,0,2,0,3	1,2,0,1,1,0,1,2,1,2	3,0,1,0,1,4,1,2,2,0	0,1,2,0,1,0,1,1,1,0	92	75
1945	60,85,69,79,69,73,55,63,57,81	0,0,0,0,1,0,0,0,0,0	67,68,61,90,96,70,73,66,122,109	0,0,0,0,0,0,0,0,0,0	150	75
1948	3,0,2,0,0,0,2,1,2,1	42,52,52,60,41,33,39,45,39,34	1,2,1,1,1,0,3,1,0,2	52,42,43,21,34,40,36,32,44,29	91	75
1950	0,1,1,1,0,0,1,0,1,0	60,67,67,51,73,64,56,54,64,76	0,1,1,0,0,0,1,0,0,0	61,81,58,52,58,69,61,50,87,58	80	75
1951	22,16,16,23,17,34,23,19,20,24	20,26,15,31,24,40,34,24,25,30	22,25,15,22,22,15,14,22,40,40	33,34,21,23,24,25,28,22,29,33	105	75
1952	0,0,0,0,0,1,2,0,0,0	0,1,0,1,0,0,0,3,0,1	0,0,0,0,0,1,0,0,0,0	0,1,3,1,0,0,2,1,0,1	79	75
1953	0,1,1,1,0,2,0,0,0,2	35,30,26,44,49,44,33,43,41,49	3,0,1,2,1,3,1,2,2,0	36,44,29,31,40,26,39,27,42,62	79	75
1955	2,0,0,1,0,0,0,0,0,0	0,0,0,0,0,0,0,0,0,0	1,0,0,0,2,1,0,0,0,0	1,0,0,0,0,0,0,0,0,0	93	75
1957	0,0,1,2,1,0,0,1,0,1	19,29,11,14,11,13,9,14,12,18	1,1,0,1,2,0,0,0,0,0	14,11,17,25,19,15,17,19,16,11	117	75
1961	0,0,1,0,0,0,0,1,0,0	3,13,14,7,12,9,7,9,9,10	0,0,0,0,0,0,0,0,0,0	4,4,7,12,10,9,5,3,6,6	117	75
1962	1,1,2,6,3,2,3,3,2,5	3,0,2,4,3,1,3,5,8,3	4,2,0,4,3,2,3,2,4,2	3,3,1,2,4,4,4,4,0,6	150	75
1963	6,5,10,7,2,0,1,9,12,5	17,10,12,8,21,6,20,7,18,15	9,2,3,3,7,5,3,6,6,3	12,10,13,18,25,24,14,14,11,5	84	75
1964	0,2,2,2,3,1,1,3,0,0	5,3,8,8,6,5,3,7,9,6	1,0,1,0,1,5,2,1,0,1	5,11,7,7,4,6,8,5,8,5	80	75
1965	10,15,10,14,5,12,6,4,13,11	0,0,0,0,0,0,0,0,0,0	13,12,8,18,18,3,15,7,14,14	1,0,0,0,0,0,0,0,0,0	150	75
1966	15,17,17,20,7,16,8,5,16,14	1,0,0,0,0,0,0,0,0,1	21,20,16,22,22,7,18,9,19,20	0,1,0,0,0,0,0,0,0,0	150	75
1967	1,1,0,0,0,0,0,0,1,0	9,3,10,4,8,5,4,6,0,10	1,0,1,0,0,0,0,0,0,0	9,2,8,8,3,0,3,9,2,1	91	75
1969	5,15,4,7,2,4,4,6,5,2	2,0,0,0,0,1,1,0,0,0	10,10,7,2,5,8,12,11,7,8	1,1,0,0,3,0,1,1,0,1	150	75
1970	17,16,17,27,22,21,22,20,35,15	1,1,0,0,0,0,0,0,0,0	27,24,22,24,26,27,23,15,13,15	0,0,0,0,0,0,0,0,0,0	150	75
1971	18,10,13,21,25,11,14,14,7,9	0,0,0,0,0,0,0,0,0,0	24,14,12,9,21,13,17,15,9,7	0,0,0,0,0,1,0,0,0,0	150	75
1972	2,3,2,3,0,1,0,1,2,0	26,42,34,48,34,35,31,40,41,40	3,0,2,0,3,1,0,2,2,1	47,30,28,36,39,31,32,34,44,47	122	75
1973	7,11,7,5,10,9,1,7,5,8	0,0,0,0,0,0,0,0,0,0	6,6,11,12,13,4,2,5,5,7	0,0,0,0,0,0,1,0,0,0	150	75
1976	25,27,26,30,35,29,35,42,27,34	0,1,1,0,3,0,3,0,0,2	39,33,29,41,28,34,26,32,32,44	2,2,0,1,1,1,1,0,0,1	150	75
1977	43,53,48,44,43,52,43,47,48,55	1,0,2,0,0,0,0,0,0,0	57,62,44,68,50,46,55,39,52,58	1,1,1,0,0,0,0,0,1,1	86	75
1978	4,8,9,6,3,18,4,8,7,7	11,17,15,12,17,19,16,19,21,19	9,8,7,6,6,12,10,8,14,9	16,18,16,17,8,22,17,10,16,24	79	75
1979	30,30,40,45,36,36,30,36,26,39	0,0,0,1,1,0,2,0,1,0	35,39,27,26,32,27,30,36,26,39	2,1,0,0,0,0,1,0,3,0	150	75
1981	97,105,104,85,64,74,91,115,116,121	3,3,7,7,1,2,3,5,2,7	99,79,108,102,125,163,129,90,141,113	5,3,5,6,5,9,4,2,4,5	150	75
1982	16,10,10,11,16,4,8,13,11,10	4,0,3,10,5,2,3,6,2,7	17,7,5,15,16,23,12,8,16,6	8,9,2,9,8,3,3,1,3,6	78	75
1983	1,1,0,1,0,1,0,1,0,1	0,0,0,0,0,0,0,1,1,0	0,2,0,3,3,2,0,1,0,0	2,1,1,0,1,2,1,0,0,0	80	75
1985	124,153,161,160,119,190,170,141,132,178	0,0,1,0,0,0,0,0,0,0	150,130,106,121,184,123,171,140,176,204	0,0,0,0,1,0,0,0,0,0	150	75
1986	0,0,0,0,0,0,1,0,1,1	3,6,3,4,10,10,2,3,3,1	2,0,2,1,0,0,0,0,0,0	4,10,1,3,11,4,4,3,12,4	79	75
1988	71,79,78,71,59,82,67,77,77,84	0,0,0,0,0,0,2,1,0,0	71,60,66,68,61,87,102,57,64,69	0,0,1,0,0,1,0,2,0,0	150	75
1990	21,10,8,17,11,14,8,15,8,7	1,0,0,1,2,0,0,2,2,2	12,13,15,18,13,16,15,19,8,13	3,0,7,2,0,0,2,2,1,7	150	75
1991	0,0,0,1,0,0,1,0,0,0	27,26,35,30,31,23,18,32,32,30	0,0,0,0,0,0,0,1,0,0	23,25,14,22,28,27,30,22,34,22	150	75
1992	0,3,0,0,2,1,0,0,1,1	18,14,24,10,24,6,4,17,11,9	0,0,0,0,4,1,2,0,0,0	11,9,11,15,10,14,23,10,7,7	100	75
1993	5,6,6,13,8,11,2,14,9,10	0,0,0,0,0,0,0,0,0,0	7,2,1,7,9,13,8,1,5,10	0,0,0,0,0,0,0,0,1,0	150	75
1995	12,11,15,10,11,9,15,15,8,9	1,2,3,0,0,4,3,1,1,0	10,10,14,10,16,11,6,20,14,13	1,1,4,0,3,4,3,2,3,0	122	75
1996	11,12,11,11,20,6,5,9,9,9	0,0,0,0,0,0,1,0,0,0	3,5,2,9,18,8,6,18,13,15	0,0,0,1,0,0,0,0,0,0	150	75
1997	3,3,4,6,5,4,7,5,6,6	0,0,0,1,1,0,0,0,0,0	3,6,2,3,2,4,3,3,5,4	0,0,0,0,0,0,0,2,0,2	150	75
1998	1,1,3,3,0,4,2,3,2,4	0,1,0,0,0,0,0,0,0,0	2,5,0,1,0,3,2,0,3,2	0,0,1,0,0,0,0,0,0,0	150	75
2000	0,1,0,4,0,0,0,1,0,2	4,6,4,5,4,2,2,1,3,2	2,0,1,2,1,3,3,1,1,0	1,2,3,1,3,3,9,9,0,4	90	75
2001	1,0,2,0,1,0,2,0,0,2	20,32,22,21,17,5,14,14,24,28	0,0,1,2,0,1,0,0,0,3	25,18,20,18,22,23,20,22,23,15	82	75
2002	9,8,10,12,11,7,8,5,5,5	0,5,4,4,4,2,1,2,6,4	11,8,12,10,6,8,8,6,7,7	1,4,2,1,4,1,5,1,0,1	150	75
2004	0,3,2,2,0,3,0,4,0,0	2,0,0,0,0,0,0,0,0,0	2,0,3,0,2,1,1,4,3,0	2,1,0,0,1,1,0,1,0,0	150	75
2005	0,0,0,0,4,0,0,3,0,1	0,0,0,0,0,0,1,0,2,0	1,0,0,2,1,1,0,1,3,0	1,0,0,0,1,0,0,0,0,0	96	75
2006	4,4,2,6,12,3,8,11,2,2	16,9,18,20,12,15,14,24,11,21	8,4,1,4,6,6,2,4,6,6	16,7,16,11,9,12,8,7,6,10	96	75
2009	0,0,0,0,0,1,0,0,3,1	6,2,1,5,3,4,4,4,1,3	1,1,1,1,1,2,0,0,1,0	2,4,3,0,4,6,2,6,2,6	79	75
2010	2,0,3,2,1,3,4,1,3,1	6,2,1,5,3,4,4,4,1,3	0,2,0,1,4,2,1,0,1,1	2,4,3,0,4,6,2,6,2,6	150	75
2011	2,0,3,2,1,3,4,1,2,0	0,0,0,0,0,1,0,0,2,0	0,2,0,1,4,1,1,0,1,1	1,1,1,1,1,1,0,0,1,0	150	75
2012	12,8,14,20,11,9,12,9,16,14	40,51,50,50,36,54,32,60,42,54	11,12,8,13,17,18,18,23,23,14	53,45,43,39,55,57,65,40,65,54	79	75
2014	49,43,46,69,44,30,34,40,31,40	2,0,2,6,0,1,1,2,2,0	56,44,38,38,45,42,63,49,45,26	0,0,2,1,1,2,3,0,3,0	77	75
2015	5,2,3,5,5,4,3,5,1,5	0,0,0,0,0,0,0,0,0,0	5,2,2,0,0,7,3,4,1,3	0,0,0,0,0,0,0,0,1,0	150	75
2016	0,0,0,1,1,0,0,1,1,1	2,6,3,2,2,3,0,1,0,2	0,1,0,1,1,0,1,2,1,0	6,6,2,2,2,0,5,0,3,1	150	75
2017	0,0,0,0,0,0,0,0,0,0	55,60,52,56,45,64,46,48,44,59	0,1,0,1,0,1,1,0,0,0	56,58,58,62,60,50,61,47,68,67	79	75
2018	23,29,22,26,16,29,21,22,24,31	10,8,5,7,9,12,4,4,8,6	31,33,22,19,27,17,41,14,29,29	4,5,3,8,7,5,13,2,5,9	150	75
2019	37,35,41,43,40,37,39,30,37,62	0,0,0,0,0,0,0,0,1,0	43,35,47,46,32,37,50,31,43,47	0,0,0,0,0,0,0,0,0,0	150	75
2020	7,10,15,15,5,4,5,12,9,12	1,0,1,0,0,1,0,0,0,0	8,17,13,6,12,9,14,15,12,7	0,0,0,0,0,0,0,0,0,0	107	75
2021	97,113,125,101,117,90,91,107,113,98	0,0,1,0,3,2,1,2,1,2	119,103,100,100,109,115,123,96,101,82	0,1,1,2,1,4,2,1,1,0	150	75
2022	22,15,20,30,15,11,18,18,16,15	0,0,0,1,0,0,1,0,0,0	26,15,12,14,37,22,26,9,19,21	1,0,0,0,0,1,0,0,1,0	150	75
2023	27,40,24,35,26,22,13,25,25,25	0,0,1,0,0,0,0,0,0,0	21,27,31,32,29,23,31,28,17,9	0,0,0,0,0,0,0,0,0,1	150	75
2024	62,86,89,78,85,89,60,64,73,82	0,0,0,0,0,0,0,0,0,1	84,68,67,76,70,86,109,83,85,84	0,0,0,0,0,0,0,0,0,0	132	75
2025	0,0,1,1,0,0,0,0,0,0	2,2,0,2,0,0,2,3,3,0	0,0,0,0,0,2,0,1,0,1	2,1,5,4,4,2,2,3,0,1	150	75
2026	6,12,8,13,6,1,1,12,11,9	21,15,16,13,14,9,9,6,19,14	6,13,10,11,13,13,14,7,1,7	16,14,13,11,16,20,18,12,7,11	150	75
2027	11,9,10,12,5,6,5,5,13,5	0,0,0,0,1,0,0,0,0,0	6,2,13,11,13,10,15,7,6,8	1,0,0,0,0,2,0,0,0,0	150	75
2028	19,23,23,27,19,18,14,14,25,15	0,0,0,0,1,0,0,0,0,0	20,16,26,17,26,21,27,12,16,17	1,0,0,0,0,2,0,0,0,0	150	75
2029	12,17,16,19,18,13,14,13,17,12	0,1,0,0,0,0,0,0,0,0	19,17,19,10,14,16,14,9,13,15	0,0,0,0,0,0,0,0,0,0	92	75
2030	10,15,25,26,14,8,16,18,14,16	0,0,0,0,0,0,0,0,0,0	18,20,4,3,26,12,22,11,20,21	0,0,0,0,0,0,1,0,0,0	150	75
2031	1,0,0,0,2,1,1,0,0,3	0,0,0,1,0,0,0,0,0,0	0,0,1,1,1,0,0,0,0,0	0,1,0,0,0,0,0,0,3,0	87	75
2036	0,1,0,0,0,0,0,0,1,0	23,12,14,8,19,10,9,13,21,18	1,0,0,0,0,0,0,0,0,0	17,11,13,8,13,13,15,13,6,11	80	75
2038	2,5,2,1,3,3,1,1,1,1	20,26,18,28,21,13,17,24,14,16	1,0,2,4,4,3,2,3,0,0	33,20,25,22,24,23,27,14,24,11	150	75
2039	6,7,8,5,6,5,4,7,6,9	1,1,1,0,0,1,0,1,0,0	3,1,6,2,3,7,8,3,3,4	0,0,0,0,1,0,0,1,0,0	150	75
2040	1,1,1,1,4,6,2,2,3,1	0,0,0,0,0,0,0,0,0,0	1,1,2,2,2,0,2,2,2,1	0,0,1,0,0,0,0,0,0,0	110	75
2041	31,47,42,42,28,19,28,33,22,26	1,2,0,3,1,0,0,0,0,0	47,33,37,20,39,37,31,26,27,20	0,0,0,0,0,1,3,2,1,0	150	75
2045	240,261,243,265,251,257,213,240,236,280	0,0,0,0,0,0,0,0,0,0	259,262,269,268,267,228,267,227,264,329	0,0,1,0,0,0,0,0,0,0	150	75
2047	17,17,13,14,15,9,13,12,14,10	4,0,1,5,2,0,1,2,1,3	21,9,10,9,9,10,17,17,8,6	1,0,0,0,2,4,2,4,1,1	100	75
2050	113,120,140,147,112,134,109,109,100,155	0,0,0,0,0,0,0,0,0,0	125,120,113,105,120,103,140,125,140,129	0,0,1,0,0,0,1,0,0,0	150	75
2051	37,27,35,40,21,38,36,34,10,39	0,0,0,1,2,5,1,2,1,2	27,27,27,28,31,20,30,31,52,43	2,2,2,2,2,2,0,1,0,1	150	75
2053	331,324,332,328,269,288,313,305,301,336	196,197,209,213,170,200,196,175,205,208	271,280,271,264,331,299,337,284,303,313	200,186,173,204,206,214,248,197,209,213	96	75
2054	323,304,326,317,261,276,304,291,289,325	19,18,21,21,17,15,23,12,11,17	260,274,263,260,315,288,316,266,292,298	23,19,15,15,24,17,19,15,22,29	93	75
2055	27,38,27,32,25,27,32,26,23,28	196,197,209,213,170,200,196,175,205,208	34,25,23,19,40,28,40,33,33,44	200,186,173,204,206,214,248,197,209,213	78	75
2056	170,183,205,230,210,201,196,216,189,216	1,1,1,0,1,1,0,0,1,0	189,198,194,207,219,164,236,198,224,196	0,1,0,0,1,0,1,0,1,1	78	75
2057	1,0,0,0,0,0,0,0,1,0	6,9,11,6,7,17,10,5,11,15	0,0,0,1,0,0,0,0,0,0	7,15,17,15,15,12,12,23,36,31	150	75
2058	0,1,3,1,2,0,0,1,1,0	11,11,12,16,16,7,8,11,11,12	1,0,2,1,1,1,0,0,2,0	17,10,11,9,16,16,19,16,13,16	117	75
2060	0,0,0,0,0,1,0,0,1,0	46,67,55,73,65,24,45,37,38,44	0,0,0,0,0,0,0,1,0,0	59,57,38,39,70,58,56,50,52,34	150	75
2063	8,10,8,9,8,6,6,16,7,7	3,2,3,0,2,4,1,1,2,2	16,10,12,14,11,16,15,9,16,8	6,5,5,2,4,3,6,2,1,0	112	75
2064	2,4,4,2,4,1,2,5,3,5	3,2,3,0,2,4,1,1,2,2	7,2,7,5,2,5,5,4,7,5	6,5,5,2,4,3,6,2,1,0	150	75
2067	104,118,139,151,113,121,129,137,124,154	0,2,1,0,0,0,2,0,0,2	130,132,109,123,146,147,172,155,148,175	1,2,0,2,0,0,0,0,1,2	150	75
2072	6,7,11,10,4,9,10,10,5,9	17,22,29,26,15,24,18,13,26,27	5,7,15,5,8,4,9,1,13,9	16,26,23,15,22,30,21,13,26,26	150	75
2073	0,1,0,0,0,2,1,1,0,0	7,4,4,2,4,2,3,6,4,10	0,0,1,0,1,0,1,2,0,0	4,3,2,4,3,1,2,3,3,4	93	75
2074	5,2,2,5,2,2,1,0,1,3	0,2,3,3,4,1,4,1,6,1	2,0,3,0,3,0,2,3,3,1	4,2,1,3,2,7,5,1,4,5	88	75
2075	4,0,5,3,1,0,2,0,1,3	0,0,0,0,0,0,0,0,0,1	4,6,4,4,1,3,1,3,0,1	0,2,0,0,1,0,0,0,0,0	80	75
2076	0,0,1,2,2,0,1,0,1,0	3,2,2,1,1,1,0,0,1,0	0,1,0,1,0,0,0,0,0,0	0,1,0,0,0,2,0,2,1,0	79	75
2077	6,6,4,11,4,2,3,9,4,5	0,0,0,0,0,2,0,0,2,0	4,12,3,4,6,4,6,4,1,1	1,0,0,0,0,0,0,0,0,0	150	75
2079	0,0,0,0,0,0,0,0,0,0	0,2,1,0,1,1,1,1,0,1	0,0,0,0,0,0,0,0,1,0	1,1,0,0,0,0,1,0,0,1	97	75
2080	97,105,102,114,88,84,98,95,89,90	0,0,0,0,0,0,0,0,1,0	113,70,69,104,89,90,103,93,95,95	1,0,0,2,0,0,0,0,0,0	150	75
2081	7,22,9,12,8,12,4,17,13,6	0,1,2,1,2,0,0,1,1,0	9,9,15,12,14,17,10,12,9,10	0,0,0,0,0,0,0,1,1,0	144	75
2082	0,0,0,2,0,1,1,2,2,0	0,0,2,0,0,0,1,0,0,1	1,1,0,1,1,1,0,1,2,2	0,0,0,0,0,0,2,0,0,0	128	75
2084	0,0,0,0,0,0,0,0,0,0	0,0,0,0,0,0,0,0,1,0	0,0,0,0,1,0,0,1,0,0	0,0,1,0,0,0,0,0,0,0	150	75
2085	0,0,0,0,0,2,0,1,0,0	7,9,7,4,3,5,8,6,11,7	1,0,0,1,0,0,1,1,0,1	8,3,3,8,11,4,13,9,2,5	76	75
2086	15,12,20,18,13,12,12,13,12,24	22,22,46,38,32,21,24,26,27,35	8,25,11,15,15,17,20,12,13,7	31,27,43,38,38,27,43,29,39,35	150	75
2087	1,1,0,0,1,1,0,0,0,0	32,28,17,23,20,25,21,27,24,25	1,0,0,0,2,0,0,0,0,1	19,33,26,26,35,26,34,41,18,35	150	75
2088	11,12,5,14,4,9,7,8,11,6	43,55,60,46,56,31,29,33,32,27	7,6,6,3,7,7,11,3,2,9	40,34,42,49,58,47,46,34,45,25	84	75
2089	87,106,97,114,94,72,83,89,101,109	1,0,0,0,0,0,0,0,0,0	86,90,79,86,115,100,98,102,96,93	0,0,0,0,0,0,0,0,0,0	150	75
2090	77,103,83,78,71,71,72,70,67,89	0,2,0,1,1,2,3,0,1,0	81,79,61,74,69,77,84,84,97,95	2,0,0,3,1,1,0,1,2,2	150	75
2091	17,32,31,19,19,26,15,27,23,20	2,0,0,0,0,0,1,0,0,0	14,33,29,26,20,25,30,19,19,33	0,0,0,0,0,1,0,0,0,1	150	75
2092	17,31,29,18,21,27,11,30,25,20	0,3,5,6,5,6,3,4,3,3	15,31,37,27,26,26,28,22,20,31	3,5,8,2,4,5,7,4,6,10	84	75
2095	5,0,1,4,1,2,3,0,3,0	23,21,13,10,23,13,4,9,16,23	0,0,2,2,1,2,3,3,0,0	12,19,24,14,16,17,19,11,23,9	84	75
2096	1,2,0,0,1,1,0,0,1,0	2,6,5,8,6,2,2,5,1,4	0,1,0,0,2,1,1,3,0,0	4,5,6,1,2,3,7,3,3,6	84	75
2097	1,2,0,0,0,1,0,0,1,0	33,54,31,31,21,32,21,30,29,34	0,0,0,0,0,0,0,1,1,0	33,40,25,28,28,25,33,36,40,31	82	75
2098	14,7,10,6,5,6,4,7,7,18	42,50,58,59,35,51,59,41,51,72	5,7,7,12,4,7,5,0,13,11	51,48,38,46,55,40,57,35,57,61	96	75
2100	95,111,114,116,106,31,61,85,77,78	2,7,11,9,4,1,2,10,2,3	113,85,89,93,112,89,132,81,44,34	4,4,4,3,6,3,4,5,2,2	150	75
2101	1,0,0,1,0,0,1,2,1,0	31,46,34,31,26,14,16,18,29,23	2,0,0,0,1,0,1,0,1,1	37,34,30,28,39,42,48,14,26,13	106	75
2102	0,0,0,3,0,1,0,0,0,0	46,41,49,46,36,41,44,44,49,41	2,0,1,0,0,1,0,1,1,0	59,33,46,24,49,38,47,43,53,31	84	75
2103	103,126,122,113,111,116,92,102,87,114	2,3,2,4,1,4,5,3,1,0	110,92,71,101,117,79,128,87,97,120	2,1,2,3,1,3,4,3,1,1	150	75
2105	90,93,87,105,74,55,65,74,72,72	0,0,0,0,0,0,1,0,0,0	99,75,93,65,111,70,99,92,75,60	0,0,0,0,0,0,0,2,1,0	150	75
2106	0,0,0,0,3,0,0,0,0,0	130,127,129,122,103,109,82,106,88,135	1,0,1,0,0,1,0,1,1,0	110,92,126,138,136,130,139,119,132,83	150	75
2107	0,2,0,1,0,3,2,1,1,0	6,4,6,7,7,6,4,8,4,7	0,1,0,1,0,0,0,0,1,4	9,6,7,8,11,6,9,6,11,7	150	75
2109	76,73,96,89,85,81,69,80,71,100	9,5,4,3,11,18,5,3,7,12	81,78,84,73,70,76,85,63,81,98	8,6,7,8,6,11,14,4,6,7	114	75
2111	1,1,1,0,2,0,0,0,0,0	0,0,0,2,0,1,0,0,0,2	0,0,0,1,0,0,0,0,0,0	0,0,0,0,1,1,1,1,0,0	140	75
2112	67,55,49,53,50,50,52,65,55,56	9,11,18,13,11,10,10,8,15,26	44,62,56,63,48,42,55,73,73,83	12,5,11,16,17,10,8,13,15,23	84	75
2113	78,74,61,62,60,62,68,77,68,69	4,4,1,7,6,5,3,1,9,6	56,73,64,71,61,49,72,93,87,101	2,3,2,7,1,5,6,5,5,5	108	75
2114	20,30,30,22,21,22,26,20,28,39	4,4,1,7,6,5,3,1,9,6	24,16,19,24,30,17,25,33,29,41	2,3,2,7,1,5,6,5,5,5	99	75
2118	17,31,21,22,16,15,17,17,22,22	3,2,1,5,3,1,0,3,1,5	19,20,30,18,22,27,20,17,22,18	2,1,0,1,5,1,3,1,0,2	128	75
2119	28,44,31,37,31,36,25,21,29,33	0,0,0,0,1,0,0,0,0,0	26,37,27,38,46,39,24,29,41,34	0,0,1,2,0,0,0,0,0,0	150	75
2120	50,37,47,53,53,37,39,37,50,49	0,0,0,0,0,0,0,0,0,0	41,50,41,43,50,33,40,39,26,28	1,0,0,2,0,0,0,0,0,0	150	75
2122	62,50,67,94,78,53,59,45,83,124	135,118,141,169,131,94,97,86,163,251	68,57,58,41,74,53,47,40,66,64	160,138,94,77,132,111,128,83,107,125	79	75
2123	69,93,59,63,63,39,50,61,56,60	1,0,0,0,0,0,0,3,4,2	80,62,61,60,79,59,66,63,44,45	0,1,1,1,0,0,0,0,0,0	110	75
2127	0,0,0,0,0,0,0,0,1,0	0,1,0,0,0,0,0,0,0,1	0,0,0,0,0,0,0,0,0,1	0,0,2,0,0,0,0,0,1,2	84	75
2128	5,6,10,7,4,1,4,8,5,4	14,8,16,13,8,11,5,11,13,11	5,7,9,3,7,7,12,10,3,7	16,7,11,11,15,10,11,5,7,8	145	75
2129	0,2,0,0,0,0,0,0,0,0	0,1,0,0,0,2,0,0,2,0	0,0,0,0,0,0,0,0,0,0	2,0,0,0,0,1,0,1,0,2	150	75
2130	5,4,7,4,6,4,2,8,3,5	53,56,77,80,69,34,52,70,52,72	5,6,7,3,4,5,8,5,3,2	66,53,61,51,82,66,84,42,45,41	101	75
2134	0,0,0,1,0,0,0,0,1,0	11,19,17,12,4,11,8,14,9,10	0,0,0,0,1,0,0,1,0,1	15,13,16,11,10,15,7,15,14,9	133	75
2135	0,0,0,1,0,0,0,0,1,0	11,19,17,12,4,11,8,14,9,10	0,0,0,0,1,0,0,1,0,1	15,13,16,11,10,15,7,15,14,9	150	75
2137	91,124,121,134,102,78,101,99,94,92	5,4,0,1,4,2,1,4,0,6	115,92,94,99,123,110,114,97,96,62	8,3,4,7,2,1,3,6,3,4	150	75
2139	47,44,52,55,21,51,35,30,35,40	0,0,0,0,1,1,0,0,2,0	45,47,45,53,48,39,33,37,58,48	0,0,0,1,0,0,0,0,0,0	150	75
2141	32,39,37,37,30,36,44,31,45,32	1,1,1,0,2,0,2,0,0,1	40,28,34,44,34,46,43,38,51,38	2,1,1,1,0,2,2,0,1,2	147	75
2142	12,12,10,9,9,9,7,9,5,6	1,1,2,2,0,0,0,0,0,0	7,8,9,7,5,10,11,5,7,3	0,2,0,0,0,0,0,0,0,0	117	75
2143	44,44,58,38,41,38,43,32,37,31	8,3,3,3,1,0,6,3,6,7	43,54,31,35,47,46,45,34,39,53	5,10,1,6,5,2,4,2,9,3	123	75
2144	2,0,0,3,2,5,1,0,0,0	25,11,31,14,24,27,18,11,24,18	3,1,3,1,3,0,2,0,1,4	16,21,17,20,33,20,29,22,17,13	150	75
2145	1,0,0,1,0,0,0,1,1,0	0,0,0,1,0,0,0,0,0,0	1,1,1,0,1,1,2,0,2,1	0,0,0,0,0,0,0,3,0,0	150	75
2146	0,1,0,0,2,0,0,0,1,0	2,0,1,0,0,0,1,0,0,0	2,0,0,0,1,0,0,0,3,1	0,0,0,1,0,0,1,0,0,0	150	75
2147	0,1,0,0,2,0,0,0,1,0	0,0,0,0,0,0,1,0,0,0	2,0,0,0,1,0,0,0,1,2	0,0,0,0,0,0,0,1,0,0	150	75
2149	17,12,13,32,12,19,12,24,13,17	14,16,14,16,19,14,12,16,14,14	20,16,19,23,20,16,29,15,14,18	18,11,15,16,13,14,16,6,13,6	150	75
2150	26,18,32,30,26,12,23,13,15,10	0,0,0,1,0,0,0,0,0,0	18,19,12,24,22,15,24,14,12,2	0,0,0,0,0,0,0,0,0,0	78	75
2152	24,16,14,18,21,22,26,22,24,27	0,0,0,1,1,0,0,0,0,0	20,23,20,16,20,20,20,15,27,16	0,0,0,0,1,0,0,0,0,0	142	75
2153	0,0,1,1,1,2,0,0,0,0	0,1,0,0,1,0,2,0,0,0	1,0,0,0,0,2,0,0,1,0	0,1,0,1,2,0,0,1,0,2	86	75
2155	0,0,0,0,1,0,0,0,0,0	16,11,13,14,8,12,12,22,16,14	0,0,0,0,0,1,0,0,0,0	9,13,12,15,18,20,14,7,8,10	82	75
2156	0,1,0,0,0,0,0,1,0,0	2,1,1,0,0,1,0,1,1,3	0,0,0,0,0,0,0,0,0,0	5,3,2,0,1,3,1,0,1,0	105	75
2158	6,2,0,0,1,2,1,2,0,2	4,3,4,9,3,3,2,5,4,5	4,0,1,1,6,3,2,0,4,4	1,6,4,5,8,5,5,3,5,2	104	75
2159	23,22,27,35,26,31,22,22,25,43	3,0,0,1,0,0,0,0,0,1	34,30,18,22,30,28,29,29,32,27	1,2,0,0,0,0,1,1,2,4	138	75
2161	3,2,7,4,5,4,2,3,3,4	4,8,4,4,6,4,9,2,5,6	1,3,1,1,1,0,2,3,12,5	7,5,1,3,5,6,5,4,5,2	150	75
2163	1,0,1,0,0,0,0,1,1,0	20,17,22,18,21,19,19,10,10,15	1,1,0,1,0,1,0,1,1,0	11,12,18,16,10,14,17,14,13,11	79	75
2164	122,154,129,139,122,81,98,87,99,98	0,0,0,0,0,0,0,0,0,0	149,108,115,128,142,116,129,114,108,65	0,0,0,0,0,0,0,0,0,2	150	75
2165	0,1,3,0,0,4,3,4,1,3	0,0,0,0,0,0,0,0,0,0	0,3,1,0,2,2,2,1,1,6	0,2,0,0,0,0,0,0,0,2	150	75
2166	1,6,5,2,4,6,0,4,8,4	5,10,6,11,9,5,6,7,7,18	3,2,3,5,0,2,7,5,3,2	8,8,6,15,5,17,10,10,8,10	79	75
2168	40,54,53,52,45,30,36,43,37,53	0,0,0,0,0,0,0,0,0,0	53,52,38,59,62,47,50,45,39,33	0,0,0,0,0,0,0,1,0,0	150	75
2170	24,24,26,32,25,12,24,23,16,29	0,0,0,0,2,0,0,0,1,1	39,17,24,22,44,28,24,20,17,15	0,1,0,0,1,0,0,0,0,0	150	75
2171	7,8,6,2,5,6,3,6,6,3	28,25,30,31,36,12,27,21,32,34	8,2,5,10,4,7,7,4,1,3	18,32,29,30,28,17,26,37,21,16	150	75
2172	31,41,30,42,30,25,22,29,23,42	0,2,0,0,0,0,0,0,0,0	32,42,29,23,44,25,30,25,39,38	0,0,0,0,0,0,0,0,0,0	150	75
2173	12,21,17,27,13,17,16,21,17,14	0,0,0,0,0,0,0,0,0,0	14,17,18,20,14,13,9,20,19,20	0,0,0,0,0,0,0,0,0,1	90	75
2175	2,4,1,1,2,1,1,2,5,5	438,436,450,474,399,398,408,398,431,526	1,4,2,3,2,3,3,4,4,3	468,425,453,437,460,478,557,479,513,454	79	75
2178	0,2,2,0,0,1,0,2,0,2	2,1,3,1,1,2,1,3,2,3	0,1,1,1,2,0,1,0,0,0	3,3,4,1,2,9,1,0,3,6	124	75
2180	0,1,0,0,0,0,0,0,0,0	1,1,0,0,0,0,0,2,0,1	0,0,0,0,0,0,1,0,0,0	0,0,0,0,0,1,0,0,0,0	150	75
2183	3,1,1,2,0,2,1,6,4,2	1,2,0,2,2,4,1,1,3,1	3,2,3,1,4,2,2,2,4,5	0,3,3,1,7,1,4,4,2,8	150	75
2184	2,6,9,11,3,5,4,11,5,10	2,5,5,6,5,3,4,6,1,8	6,4,5,4,7,5,6,2,2,4	1,5,3,3,1,2,6,2,6,2	149	75
2185	31,20,28,29,27,29,20,26,17,30	0,0,0,0,0,0,0,0,0,1	24,29,16,29,26,26,20,22,37,22	0,1,0,0,0,0,0,0,0,0	150	75
2186	3,2,4,0,3,4,4,7,6,5	0,0,0,0,0,0,0,0,1,0	1,3,1,1,0,4,2,4,3,2	0,0,0,0,2,2,0,0,0,0	150	75
2187	0,0,0,0,0,0,0,0,0,0	0,0,1,1,0,0,1,0,1,0	0,0,0,0,0,0,0,0,1,0	0,0,0,0,0,0,0,0,0,0	105	75
2189	0,1,0,0,0,0,0,0,0,0	1,0,1,1,0,1,1,0,1,0	0,0,0,0,0,1,0,2,0,0	2,0,0,1,1,0,3,0,3,1	122	75
2191	63,81,62,88,67,101,64,78,79,80	1,0,1,2,2,3,0,1,3,0	75,67,74,94,67,75,87,101,103,109	0,8,0,3,2,3,4,2,2,9	79	75
2192	0,0,1,2,0,0,0,0,0,0	40,43,43,43,43,21,35,44,41,37	0,1,0,0,1,1,1,0,0,0	46,54,29,42,45,35,58,29,48,24	84	75
2193	13,12,23,20,21,8,18,10,15,28	233,235,248,268,222,317,224,264,227,297	15,10,15,18,12,21,19,15,22,19	302,248,223,257,235,241,292,256,344,351	150	75
2195	19,15,21,26,17,16,20,21,14,22	0,2,0,2,0,1,0,1,0,0	19,17,19,20,24,19,26,20,24,16	1,1,2,0,0,1,0,0,2,0	150	75
2197	59,51,48,55,48,35,19,29,38,33	1,0,0,0,0,0,1,0,0,0	45,32,25,40,51,53,48,33,25,23	0,0,0,1,0,0,0,0,0,0	79	75
2199	370,449,447,431,442,408,378,356,400,446	5,2,2,4,2,0,2,1,3,6	402,373,394,376,493,392,473,381,425,414	3,1,3,1,4,1,3,6,2,3	150	75
2200	81,94,85,88,83,65,63,87,76,75	0,0,0,1,0,0,0,0,0,0	87,78,98,75,104,109,78,75,87,49	0,0,0,0,0,0,0,0,0,0	150	75
2201	0,0,1,4,2,1,1,2,3,1	13,15,13,13,16,13,9,8,13,10	5,0,2,2,2,4,3,2,0,1	19,12,11,10,12,5,11,10,9,6	99	75
2202	3,11,7,5,5,3,4,3,3,2	2,6,5,4,10,1,2,6,4,4	8,3,6,9,12,9,13,3,3,0	8,4,5,5,8,2,7,6,5,3	87	75
2204	61,84,72,84,72,44,72,66,55,57	0,1,0,0,2,0,0,0,0,0	74,59,62,71,55,53,76,21,73,46	0,0,0,0,0,1,0,1,0,0	117	75
2206	2,0,1,0,0,0,2,0,0,1	66,69,63,59,54,43,45,48,58,43	1,0,0,2,3,0,1,0,2,0	78,68,65,58,68,67,60,68,61,53	139	75
2207	0,0,0,0,0,0,0,0,0,1	43,57,42,55,39,48,36,64,52,63	0,0,0,0,0,0,0,0,0,0	50,53,47,67,60,50,54,49,69,56	80	75
2208	10,8,7,15,5,11,10,3,7,9	19,37,24,23,14,21,20,27,15,20	10,4,5,9,6,5,9,7,7,3	18,20,9,20,26,15,34,25,18,17	150	75
2213	88,68,63,68,72,81,48,47,37,67	0,2,0,5,0,5,2,3,3,3	59,57,87,84,57,51,74,73,83,97	3,4,1,4,7,1,6,6,8,4	150	75
2216	317,318,281,288,214,175,209,233,274,254	0,0,0,0,2,0,1,0,0,0	298,210,234,287,351,318,306,254,241,188	0,1,0,0,0,0,0,1,0,0	110	75
2217	329,339,290,301,225,191,229,249,288,269	0,0,0,0,2,0,1,0,0,0	309,218,260,307,366,347,316,267,250,208	0,1,0,0,0,0,0,1,0,0	114	75
2218	572,612,539,528,493,350,454,491,527,529	0,0,0,0,2,0,1,0,0,0	584,438,512,552,646,616,582,546,461,368	0,1,0,0,0,0,0,1,0,0	118	75
2219	15,23,11,14,12,16,21,17,15,16	3,2,2,1,1,0,1,1,1,1	12,12,28,23,17,29,13,13,12,20	1,4,2,3,2,0,3,0,3,0	79	75
2220	258,296,260,241,280,175,246,259,254,276	3,2,2,1,1,0,1,1,1,1	287,232,280,268,297,298,279,292,223,180	1,4,2,3,2,0,3,0,3,0	83	75
2221	244,278,251,230,271,163,227,246,245,263	1,5,2,3,3,4,2,4,6,3	276,221,261,250,284,278,268,283,214,170	1,1,9,5,4,9,2,4,3,10	79	75
2222	1,6,4,0,3,7,3,6,2,8	3,3,4,4,3,11,2,7,3,3	6,4,8,5,4,6,6,2,5,7	2,2,4,5,1,4,3,3,3,6	115	75
2223	0,1,0,1,0,2,1,0,1,1	1,0,0,0,0,0,0,0,0,0	1,1,1,0,0,1,0,0,0,1	0,0,0,0,0,0,0,0,0,0	107	75
2224	139,159,164,174,141,148,125,147,150,148	0,0,1,1,0,0,0,0,0,0	146,132,155,172,167,148,152,120,166,179	0,0,0,0,0,0,0,0,0,0	150	75
2227	9,4,10,9,9,9,7,5,8,12	0,1,0,0,0,1,0,1,0,0	10,7,6,4,7,8,9,1,8,4	0,0,0,0,0,0,1,0,0,0	90	75
2228	2,2,0,2,0,0,2,1,0,0	2,2,1,3,4,0,1,2,0,3	2,0,0,3,0,0,0,0,0,0	3,2,2,1,2,2,3,2,0,2	150	75
2229	0,2,3,1,1,2,1,0,0,1	0,0,0,0,0,0,0,0,0,1	2,1,4,2,1,0,1,1,2,2	0,0,1,0,0,0,0,0,3,0	96	75
2230	4,14,5,8,6,7,6,4,5,7	18,20,20,28,13,9,10,16,10,23	10,8,10,6,3,2,4,2,7,4	24,20,31,8,17,21,14,25,22,17	96	75
2231	1,4,1,6,2,0,5,2,2,3	173,144,154,154,138,90,111,124,120,143	3,3,1,1,4,0,3,4,3,3	149,126,149,158,158,156,131,125,108,98	100	75
2232	26,39,24,44,30,18,22,17,16,37	4,10,2,2,5,3,2,2,6,2	28,18,23,25,36,33,41,45,40,39	3,5,3,1,7,3,5,4,3,7	122	75
2233	23,20,23,31,25,22,21,13,24,25	1,1,0,1,0,0,0,0,1,0	14,22,21,28,21,23,23,19,26,29	0,0,0,0,0,0,0,0,0,0	94	75
2234	34,47,36,27,46,38,32,33,35,24	1,4,1,1,1,3,1,1,4,2	32,32,37,24,41,37,43,37,48,39	3,2,3,5,4,1,0,4,0,0	150	75
2237	2,1,3,1,2,1,0,1,4,2	0,1,0,0,0,0,0,0,0,0	0,2,1,1,1,1,3,0,3,4	0,0,0,0,0,0,0,0,0,0	150	75
2238	7,8,7,6,4,1,4,3,12,16	6,6,4,0,1,4,5,5,3,11	8,6,6,19,27,21,17,11,9,10	5,3,3,6,2,7,3,5,5,3	150	75
2239	52,75,53,43,43,61,55,42,42,68	9,5,7,13,8,7,12,6,5,4	36,59,66,63,83,61,46,82,89,102	11,9,12,6,10,6,9,7,7,9	150	75
2240	28,20,28,23,19,23,15,18,22,29	38,40,32,22,26,26,18,32,28,35	24,25,26,30,18,25,22,26,31,34	28,30,37,35,30,19,46,34,32,46	84	75
2242	20,31,20,29,23,16,25,17,27,30	0,0,0,1,1,0,2,3,1,0	12,15,13,21,19,12,22,18,21,17	1,2,0,1,1,2,2,0,0,0	150	75
2243	12,16,6,8,13,5,3,8,12,4	0,0,0,0,0,0,0,0,0,0	2,6,11,11,13,14,8,8,12,6	0,0,0,0,1,2,0,0,0,1	150	75
2244	43,57,51,66,51,55,53,51,55,50	0,0,0,2,0,0,0,1,0,3	43,48,58,35,68,47,41,43,56,50	3,3,1,1,3,0,0,0,3,1	77	75
2245	14,16,16,12,16,5,14,15,14,16	35,50,45,64,51,36,26,32,48,55	4,8,6,5,25,10,12,12,8,23	48,32,30,43,51,41,46,41,46,31	150	75
2246	17,24,16,13,19,6,13,18,12,15	0,2,0,0,1,2,3,5,2,1	12,15,11,7,25,10,14,13,20,23	1,6,0,1,2,0,3,0,3,0	150	75
2247	98,106,111,126,103,77,84,97,103,101	0,0,0,0,0,3,0,0,1,0	105,78,100,92,129,113,127,82,78,70	0,0,1,0,0,0,0,0,0,1	150	75
2248	1,1,0,0,0,1,0,0,1,0	0,0,0,1,2,2,2,0,0,3	1,2,0,4,1,3,0,1,0,0	1,0,0,0,1,2,0,1,0,0	79	75
2250	0,1,0,0,0,0,0,0,0,0	0,0,1,5,0,0,0,0,0,2	0,0,0,0,0,0,0,0,0,0	0,1,0,0,0,0,1,0,0,0	84	75
2251	0,0,1,0,1,0,0,0,0,0	13,15,10,11,17,12,10,14,6,11	0,0,0,0,0,3,0,0,0,1	6,8,10,5,12,14,7,11,15,6	147	75
2252	1,2,0,0,0,0,0,0,2,0	0,0,0,0,0,0,0,0,1,0	0,0,0,0,3,0,1,1,1,0	0,0,0,0,0,0,0,0,0,0	77	75
2253	92,113,119,133,99,118,99,87,102,126	4,5,3,2,2,1,5,3,2,3	122,99,117,128,116,116,127,109,130,132	1,3,3,2,5,3,3,3,2,2	81	75
2254	31,27,42,48,43,60,45,60,46,50	18,23,17,12,16,16,22,5,19,20	47,57,51,47,36,49,38,49,56,91	25,12,15,21,26,18,14,15,12,18	81	75
2255	44,54,44,36,45,61,38,45,40,60	5,2,9,13,8,12,5,5,6,4	45,46,53,46,31,40,57,46,78,52	4,8,5,1,3,4,8,4,11,6	87	75
2256	105,126,122,106,88,123,120,112,104,126	4,3,2,4,2,4,0,1,3,1	95,97,119,119,113,97,134,93,149,114	8,2,0,5,2,1,3,4,2,2	150	75
2257	79,83,94,87,60,83,91,78,75,85	4,3,2,4,2,4,0,1,3,1	60,74,74,78,89,66,97,60,94,73	8,2,0,5,2,1,3,4,2,2	150	75
2258	3,2,1,1,0,0,6,6,3,0	0,0,0,0,0,0,0,0,0,0	0,0,0,0,6,0,2,1,0,2	0,0,0,0,0,0,0,1,0,0	87	75
2266	52,63,80,85,88,46,64,62,66,84	0,1,2,2,2,1,2,4,3,0	81,52,63,67,85,76,81,64,44,38	5,3,2,0,0,4,2,3,3,0	118	75
2267	60,46,56,58,43,20,32,45,27,53	8,11,5,8,5,0,2,3,3,4	56,44,44,46,41,46,62,46,36,22	6,4,9,11,8,6,6,4,7,0	138	75
2269	8,14,24,8,4,6,13,8,15,11	0,0,0,0,0,0,0,0,1,0	15,6,10,21,11,18,9,12,19,20	0,0,0,2,0,0,0,0,0,0	150	75
2270	5,3,4,6,5,9,5,4,3,5	0,0,0,0,0,1,0,0,0,0	5,8,4,5,5,2,5,8,6,4	0,0,0,0,0,0,0,0,0,0	150	75
2271	1,0,0,1,0,0,1,1,1,0	0,0,0,0,0,2,0,1,0,0	0,0,0,0,1,1,0,0,1,0	0,1,0,0,0,1,0,0,1,0	99	75
2275	24,27,34,25,26,22,24,26,24,29	1,1,2,1,0,1,1,4,3,6	27,37,36,30,29,41,39,26,21,20	0,2,1,3,2,1,1,2,2,2	150	75
2276	23,29,33,25,22,23,22,27,26,28	1,3,1,1,2,0,4,10,8,3	29,30,33,28,33,39,41,26,22,19	6,2,3,4,4,3,2,4,3,4	150	75
2277	50,52,61,54,43,35,41,49,52,64	28,27,28,36,15,28,33,31,18,26	50,65,53,44,59,61,71,49,47,49	24,20,32,23,14,34,24,18,28,28	150	75
2278	4,7,4,9,9,3,3,5,2,6	11,5,3,3,1,5,6,4,4,3	5,6,8,6,6,2,6,4,4,3	5,2,8,6,6,1,2,4,6,3	150	75
2279	18,25,33,24,21,19,21,24,24,27	4,3,3,3,2,3,4,3,2,4	28,29,32,27,29,36,38,24,20,19	3,1,1,3,2,4,2,3,2,6	150	75
2280	1,0,0,2,0,0,0,0,0,0	2,7,6,11,6,8,11,7,8,9	0,1,0,0,0,0,0,0,0,0	7,5,6,8,5,6,8,6,9,9	150	75
2281	1,0,1,1,1,0,1,1,2,0	12,9,16,8,8,11,11,6,9,15	1,2,0,0,0,0,0,0,0,0	9,6,4,8,6,9,16,10,15,16	150	75
2282	1,2,0,1,2,0,4,0,1,0	20,10,10,10,11,23,13,11,7,18	0,1,0,2,4,0,1,0,1,0	9,9,8,12,12,13,8,14,10,22	83	75
2283	0,0,0,0,0,0,0,0,0,0	0,0,1,0,0,0,0,0,0,0	0,0,0,0,0,0,0,0,0,2	0,0,0,0,0,0,0,0,0,0	116	75
2284	21,23,28,35,21,35,34,16,22,34	31,30,27,29,28,32,15,33,31,24	23,27,22,32,22,30,34,29,26,54	25,23,26,27,24,23,25,22,20,23	101	75
2288	19,14,16,24,12,21,15,21,20,15	0,0,0,2,0,0,0,0,0,1	21,12,16,6,18,17,21,13,16,15	0,0,1,0,0,0,0,0,1,0	150	75
2290	38,36,31,36,32,28,29,41,27,27	6,3,10,5,5,1,4,6,11,4	21,34,19,28,31,31,46,34,38,33	4,10,5,4,9,3,4,7,7,4	93	75
2291	38,33,31,31,32,27,28,39,24,25	0,0,1,1,0,0,1,0,0,0	21,30,19,28,31,31,45,33,36,32	0,0,0,0,0,0,0,0,0,0	93	75
2292	45,37,38,35,39,31,32,43,26,29	0,0,0,0,0,1,2,0,0,0	29,35,27,36,40,38,48,37,44,43	0,0,0,1,0,0,0,0,0,0	102	75
2293	7,4,8,5,7,4,5,4,2,4	0,0,0,0,0,1,2,0,0,0	8,5,8,8,9,7,3,4,8,11	0,0,0,1,0,0,0,0,0,0	84	75
2294	13,7,17,9,12,5,8,10,13,8	6,7,0,4,6,7,5,4,2,4	12,15,13,12,18,10,7,11,15,15	1,5,6,5,2,2,1,1,5,6	84	75
2295	7,6,11,5,8,4,5,4,3,4	1,1,0,3,1,0,2,2,4,3	9,5,8,9,10,7,3,4,9,11	3,1,1,5,3,3,1,2,3,3	84	75
2296	4,2,2,0,5,1,4,1,2,4	2,0,1,2,3,5,2,3,4,4	3,3,3,5,5,10,6,2,1,1	3,3,6,3,5,1,6,4,0,1	150	75
2297	34,29,27,28,32,13,19,18,26,25	6,6,5,17,9,2,6,5,8,10	28,29,32,29,33,31,31,35,30,16	8,6,12,9,17,13,15,10,8,2	150	75
2300	18,17,11,22,13,16,5,13,16,15	1,1,0,0,0,0,0,0,1,2	3,7,7,4,14,6,10,13,13,2	0,0,0,0,0,0,0,2,0,0	124	75
2301	0,0,0,0,0,1,0,0,3,0	3,3,4,6,5,6,1,9,4,7	1,0,0,1,0,2,0,0,1,0	4,2,1,2,2,3,5,5,2,3	150	75
2303	96,117,101,116,114,131,91,107,101,121	0,0,0,0,0,2,0,0,0,0	110,115,97,114,88,83,121,106,91,92	0,0,0,0,0,0,0,0,0,0	129	75
2306	2,0,0,0,1,3,4,0,0,0	128,118,120,112,87,130,100,90,92,128	1,0,0,0,0,1,3,0,1,4	115,123,88,113,120,110,114,109,128,140	125	75
2307	95,94,94,99,77,109,89,88,93,115	0,0,0,1,0,0,0,0,0,2	97,101,72,98,90,101,96,96,113,119	0,0,0,0,0,1,2,0,0,0	150	75
2308	100,97,101,102,81,113,92,93,100,119	0,1,0,0,1,2,0,0,0,1	99,109,77,99,95,107,97,101,117,122	0,0,1,0,0,0,0,0,0,2	150	75
2309	168,140,160,173,140,177,153,156,160,173	2,1,5,1,1,1,1,0,4,2	163,173,123,162,142,166,175,154,173,200	0,1,3,10,4,0,2,1,1,3	150	75
2310	95,96,93,97,78,108,89,88,94,113	0,2,0,2,0,1,1,0,0,0	98,102,75,97,89,101,94,98,113,119	0,0,0,1,1,0,0,0,1,0	150	75
2311	0,0,0,0,0,0,0,0,0,0	10,14,13,14,15,7,11,11,20,12	0,0,0,0,0,0,0,1,0,0	13,10,8,16,19,13,9,7,8,4	150	75
2312	3,3,3,0,0,2,0,2,1,1	76,55,77,67,49,59,57,68,90,81	3,0,0,1,8,2,1,4,1,1	62,72,74,79,77,56,84,57,74,62	115	75
2316	6,4,2,1,2,3,4,3,8,4	14,16,16,4,9,3,8,17,23,12	2,3,2,4,3,2,7,1,5,6	11,7,14,7,18,15,14,13,14,11	134	75
2317	3,2,0,2,0,1,2,0,2,1	50,28,55,38,24,20,33,41,54,54	2,2,0,1,2,2,1,0,2,3	56,37,43,24,43,42,62,50,11,31	134	75
2318	103,159,151,134,99,100,71,88,99,88	1,0,0,0,1,0,1,1,0,0	132,102,112,123,129,108,131,112,131,133	1,0,2,0,1,3,1,0,3,1	80	75
2319	22,16,20,15,20,8,5,13,8,12	46,50,41,51,40,18,16,25,31,22	14,14,16,13,15,20,17,12,12,6	41,33,29,36,35,35,48,35,20,12	120	75
2320	0,0,0,0,0,0,0,0,0,0	0,0,0,0,0,0,0,0,0,1	1,0,0,0,0,0,0,0,0,0	0,0,0,0,0,0,0,0,0,0	150	75
2322	39,42,40,34,43,33,25,33,27,40	0,0,2,1,1,1,0,1,0,1	40,41,33,29,41,49,48,46,37,25	3,1,0,1,0,0,3,0,1,1	117	75
2323	130,141,147,138,126,63,86,92,94,96	7,7,8,7,8,1,9,7,2,5	138,108,106,111,131,120,145,96,105,70	3,4,2,5,10,5,9,1,3,2	87	75
2324	20,25,15,14,20,9,11,12,17,8	30,28,37,24,28,14,16,21,22,19	16,14,5,16,12,14,12,18,9,3	24,26,20,22,27,22,28,28,13,14	93	75
2325	1,0,0,0,1,0,0,0,0,0	72,112,80,97,87,33,65,53,71,65	0,0,0,0,0,0,1,0,0,0	96,65,87,59,110,64,102,39,32,32	150	75
2326	9,13,19,16,18,13,18,14,14,16	24,26,36,25,19,27,21,23,31,30	13,6,12,23,12,13,18,20,14,22	28,15,15,29,20,17,24,23,31,14	120	75
2327	0,3,4,3,6,3,0,4,6,1	0,0,2,0,0,0,0,0,0,0	3,7,4,1,4,4,6,1,4,4	1,2,0,0,0,0,0,0,0,1	84	75
2328	39,36,30,46,45,45,17,35,29,43	15,19,20,17,17,22,10,18,15,15	30,33,32,33,26,28,35,39,51,32	24,20,11,13,16,19,17,21,17,28	84	75
2329	54,60,55,81,57,59,72,70,55,71	2,0,0,0,0,0,0,0,0,0	70,55,54,53,87,74,60,64,75,61	0,0,0,0,0,0,0,0,0,0	150	75
2330	0,2,6,3,0,3,3,2,3,5	38,45,65,72,27,43,24,33,28,55	5,4,4,7,3,3,3,0,14,11	37,33,44,53,42,30,53,31,95,107	150	75
2331	13,20,17,11,15,8,13,15,5,10	0,2,0,2,1,0,0,0,0,0	24,15,11,13,15,15,16,13,15,6	0,0,0,0,0,0,0,0,0,0	90	75
2332	9,9,7,6,3,4,7,10,8,9	2,1,0,0,0,0,0,0,0,0	13,11,5,5,12,6,3,11,7,0	0,0,1,0,0,0,0,0,0,0	90	75
2333	238,276,288,297,229,161,200,204,197,186	0,0,1,0,0,0,0,0,0,0	280,242,261,282,282,256,320,217,185,141	0,0,2,0,0,0,0,0,0,0	87	75
2334	152,132,119,132,109,122,104,122,119,114	1,3,4,0,1,1,0,1,1,2	160,119,128,151,169,142,123,158,169,151	1,1,1,2,5,1,0,2,2,3	109	75
2335	13,10,9,9,0,9,9,9,9,6	0,1,0,0,0,0,2,1,1,0	0,0,0,2,1,0,0,0,0,0	0,0,0,0,0,0,0,0,0,0	134	75
2336	41,38,38,46,29,21,30,33,32,42	0,1,2,1,0,2,0,1,0,0	36,40,23,41,40,42,29,31,32,31	0,1,0,0,2,1,0,1,0,0	127	75
2343	1,2,0,3,1,3,2,2,4,3	4,11,4,4,4,5,4,5,10,8	1,4,3,4,5,3,4,7,3,5	3,4,6,4,3,3,4,6,5,8	87	75
2344	41,57,53,51,60,6,23,28,27,26	10,7,4,6,8,2,3,1,0,2	49,34,34,18,39,53,42,25,16,9	6,3,3,4,9,9,3,6,1,0	102	75
2345	733,761,889,913,759,905,729,819,740,976	18,21,25,25,27,21,30,21,29,28	806,777,722,804,790,770,830,746,832,1082	23,27,27,27,24,26,24,22,24,39	79	75
2346	18,14,14,18,10,17,15,19,15,15	0,0,0,0,0,0,0,0,0,0	13,12,19,10,17,12,22,14,16,29	0,0,0,0,2,0,0,1,0,0	150	75
2349	1,2,2,0,1,0,2,1,2,2	98,98,114,135,92,102,113,116,106,141	3,0,0,1,0,0,0,1,3,1	105,113,109,103,134,140,127,94,96,109	121	75
2350	311,324,336,356,325,320,323,365,350,408	0,1,1,1,3,1,1,0,0,2	373,326,310,299,374,399,356,346,364,357	0,0,2,2,1,1,1,1,0,2	150	75
2352	0,0,0,0,0,0,0,0,0,0	5,4,1,4,8,5,7,6,9,6	0,0,0,0,1,0,0,0,0,0	6,7,4,6,8,3,10,8,8,6	112	75
2353	0,2,1,2,0,2,0,1,0,0	3,7,3,3,3,2,3,5,4,8	2,0,0,0,0,0,0,1,1,2	4,3,0,8,4,3,1,5,2,4	150	75
2354	10,15,14,21,13,8,7,19,12,10	4,6,15,11,8,7,3,3,3,7	12,12,13,8,14,9,15,23,4,7	4,5,0,6,6,8,4,3,5,2	87	75
2355	0,0,0,0,0,0,0,0,0,0	15,11,14,7,13,19,21,13,11,14	0,0,0,0,0,0,0,0,0,1	9,16,11,13,23,16,15,21,12,12	150	75
2356	11,13,18,17,10,8,8,17,15,7	0,0,0,0,0,0,1,1,1,0	15,17,19,9,16,15,16,23,11,27	0,0,0,0,0,0,0,0,0,0	150	75
2357	0,0,0,1,1,0,1,0,0,1	11,10,8,22,15,8,15,4,9,7	0,0,0,0,1,0,0,0,1,0	14,15,9,13,11,7,12,13,14,4	79	75
2358	0,0,0,0,0,0,1,0,0,0	1,1,2,0,0,1,0,2,3,0	0,0,0,0,0,0,0,0,0,0	3,1,0,1,1,1,0,0,3,0	150	75
2359	0,3,2,1,1,2,1,1,1,0	1,2,10,3,4,2,3,0,1,3	1,1,2,2,6,1,2,2,0,5	4,4,0,2,0,3,4,1,2,0	150	75
2360	0,4,2,3,4,3,1,1,1,0	92,103,89,106,84,64,67,73,86,119	2,1,3,2,7,1,2,1,2,5	100,76,78,95,100,116,102,88,75,54	150	75
2361	16,7,18,16,8,12,8,10,10,13	1,2,0,0,1,0,0,0,0,0	20,15,10,11,11,10,18,15,16,11	0,0,0,1,0,0,1,1,0,0	150	75
2362	0,0,0,2,1,0,1,0,0,0	9,9,8,19,10,4,3,15,4,16	0,0,0,0,0,0,0,0,0,2	10,8,7,7,7,6,17,5,8,13	84	75
2366	6,0,3,5,2,0,1,4,2,2	0,0,0,0,0,0,0,0,0,0	3,3,3,0,7,1,3,2,0,2	0,1,1,0,0,0,0,0,0,0	87	75
2367	14,4,20,9,7,15,22,8,13,9	0,0,0,0,0,0,0,0,0,1	11,5,7,9,21,14,13,9,6,10	0,0,0,0,0,1,0,0,0,0	150	75
2368	17,16,20,23,23,14,15,28,26,20	0,0,0,0,1,0,0,0,0,0	23,22,32,13,23,20,17,19,25,32	0,0,0,0,0,0,0,0,0,0	150	75
2372	8,8,9,13,12,6,11,9,5,6	1,2,0,0,0,1,0,0,0,0	11,10,8,11,7,4,9,8,8,4	1,1,0,0,0,0,1,0,0,0	146	75
2374	3,3,3,4,2,3,2,7,1,5	9,10,7,9,10,4,3,5,8,7	4,3,6,3,5,4,3,2,7,2	4,4,8,2,4,3,12,10,8,11	150	75
2375	4,3,3,2,1,3,5,2,2,8	0,5,2,1,2,3,1,1,6,3	4,3,0,1,6,2,2,1,3,5	3,3,0,4,2,2,1,1,2,5	150	75
2377	0,0,1,1,0,0,0,1,2,0	11,7,7,4,8,6,8,8,7,10	0,0,1,0,0,0,2,0,0,0	4,6,7,8,10,5,8,7,13,8	149	75
2379	68,64,71,74,67,53,66,47,77,53	2,0,2,2,2,0,1,0,5,2	66,61,60,66,79,55,53,49,62,60	0,2,0,3,1,0,4,2,1,0	124	75
2381	0,0,0,0,1,1,1,0,0,0	12,12,16,16,15,13,24,12,17,16	0,0,0,1,0,0,0,0,0,0	19,7,21,14,24,15,21,22,15,15	150	75
2383	899,1073,1101,1132,1002,890,847,840,928,1079	1,0,2,0,5,3,0,0,2,3	991,1021,934,995,1063,962,1111,879,996,1013	2,2,2,2,1,2,0,1,0,1	150	75
2384	0,1,0,1,0,1,0,2,0,1	9,16,22,18,14,12,13,11,9,14	0,1,0,0,0,0,1,1,1,0	19,14,11,7,16,8,18,15,12,11	77	75
2385	45,46,50,40,45,28,35,35,35,43	3,2,3,4,2,1,1,3,4,1	46,35,35,33,49,37,46,35,35,25	0,1,0,4,1,5,2,1,1,1	143	75
2386	115,114,125,129,113,89,78,104,103,150	0,0,0,0,0,0,0,0,0,0	137,103,118,100,105,114,113,98,110,87	0,0,1,0,0,0,0,0,0,0	115	75
2387	0,0,0,1,2,1,0,2,1,0	0,2,0,0,2,1,0,1,0,0	1,1,0,1,0,0,1,0,1,2	0,1,0,0,0,0,2,1,1,0	150	75
2388	1,1,1,1,0,0,0,0,0,0	1,0,0,0,1,4,0,1,0,1	0,3,0,0,0,0,0,2,1,2	1,0,0,0,0,1,0,1,0,1	79	75
2389	0,0,1,1,1,0,2,1,1,0	65,77,69,90,95,37,57,54,72,80	0,1,1,0,1,0,0,1,2,0	86,74,79,64,92,82,95,74,58,46	114	75
2390	168,167,160,204,143,142,108,157,150,142	112,134,151,132,126,114,101,116,100,132	166,143,144,170,178,163,154,156,132,138	107,118,96,107,106,99,125,119,103,101	150	75
2391	119,96,93,122,86,98,62,97,90,94	0,0,0,0,0,0,0,0,0,0	100,88,89,99,112,106,89,102,86,70	0,1,0,0,0,0,0,0,0,0	150	75
2393	3,1,1,2,0,3,4,2,1,2	0,0,0,2,0,0,0,0,0,0	3,0,3,1,1,1,1,2,3,0	0,0,0,0,0,0,0,0,1,0	150	75
2394	111,125,140,132,120,158,115,112,104,140	300,405,418,422,368,447,363,312,329,479	125,92,70,115,132,104,129,122,125,91	298,310,298,333,351,387,406,341,376,384	120	75
2395	328,362,340,374,329,265,251,282,286,392	0,2,0,0,0,0,0,0,0,0	289,338,351,360,381,334,371,323,321,390	0,0,0,0,0,0,1,0,0,1	150	75
2396	79,90,96,79,64,65,67,73,60,103	2,1,4,4,3,0,2,7,2,1	73,77,99,99,86,76,97,78,78,75	0,3,5,2,3,4,2,1,2,6	122	75
2397	1,0,0,1,1,1,1,1,1,2	21,11,12,19,9,14,16,11,32,11	0,0,0,0,0,0,2,0,2,0	12,20,10,10,22,21,14,13,17,16	134	75
2398	145,147,155,152,151,76,94,102,123,133	4,7,1,2,2,5,3,3,3,3	123,93,137,128,161,117,162,124,105,86	0,2,1,2,2,5,4,5,1,1	150	75
2399	12,12,12,19,16,7,12,19,13,18	3,1,1,1,2,0,1,0,0,0	18,12,33,14,20,15,25,12,16,16	4,1,1,0,3,2,0,2,1,2	93	75
2400	7,4,4,5,3,2,2,1,5,4	0,0,1,1,0,0,0,1,0,0	4,1,5,6,2,4,7,4,6,3	0,0,1,0,1,0,0,0,2,0	91	75
2402	39,39,49,54,45,61,48,54,32,52	35,32,41,45,42,41,37,47,34,42	47,37,52,53,53,38,50,39,49,59	36,33,41,46,39,44,36,40,40,52	94	75
2403	6,6,7,11,6,2,4,10,4,7	4,11,9,8,2,10,4,6,7,7	12,6,5,5,8,6,8,5,9,8	6,5,3,8,8,2,7,13,6,4	114	75
2404	88,73,73,85,83,66,67,94,74,89	0,0,0,0,0,0,0,1,1,0	92,78,79,64,89,84,72,70,93,72	0,0,0,0,1,1,0,0,1,0	150	75
2405	1,1,0,2,1,3,0,0,0,1	61,42,64,53,34,54,39,49,50,45	1,2,0,1,0,0,1,1,2,0	61,44,43,40,63,56,62,31,46,38	81	75
2407	120,127,168,126,124,97,103,125,144,154	1,1,1,3,1,1,0,4,5,3	136,141,124,106,171,134,137,132,141,103	6,5,5,2,2,2,2,3,1,6	150	75
2408	1338,1439,1533,1526,1342,1439,1201,1349,1354,1502	0,0,2,0,0,0,0,0,0,1	1399,1314,1272,1438,1449,1330,1363,1251,1473,1498	0,1,0,0,0,1,0,1,0,0	150	75
2409	0,1,0,0,1,0,0,0,0,1	3,0,0,2,1,1,1,1,2,2	0,0,0,0,0,0,2,0,0,0	1,3,1,0,1,2,1,0,2,2	82	75
2410	40,49,54,62,46,25,39,36,26,30	4,1,5,4,9,0,7,8,3,7	53,35,41,46,42,39,38,37,30,18	4,8,3,7,7,4,5,6,0,4	134	75
2411	21,11,17,15,16,17,16,18,26,20	7,4,4,8,5,3,10,4,6,6	23,20,18,19,25,23,19,24,30,19	5,3,6,10,13,7,10,6,8,6	150	75
2412	27,21,27,26,31,32,31,22,43,38	7,4,4,8,5,3,10,4,6,6	39,33,32,39,41,43,43,52,37,32	5,3,6,10,13,7,10,6,8,6	150	75
2413	17,10,11,10,15,19,15,14,28,20	7,4,4,8,5,3,10,4,6,6	20,18,14,19,23,18,15,23,21,14	5,3,6,10,13,7,10,6,8,6	150	75
2414	18,12,12,19,21,21,18,14,27,21	7,4,4,8,5,3,10,4,6,6	25,23,16,23,22,25,17,29,28,19	5,3,6,10,13,7,10,6,8,6	150	75
2415	52,46,43,49,44,45,35,30,45,50	5,2,6,5,2,2,1,4,1,2	50,49,43,52,56,54,62,66,52,46	3,2,5,3,5,5,5,2,10,6	127	75
2416	42,35,27,33,28,32,19,22,30,32	5,2,6,5,2,2,1,4,1,2	31,34,25,32,38,29,34,37,36,28	3,2,5,3,5,5,5,2,10,6	129	75
2417	45,40,37,47,36,38,26,27,36,41	5,2,6,5,2,2,1,4,1,2	39,46,31,44,46,37,41,45,48,35	3,2,5,3,5,5,5,2,10,6	150	75
2418	1,1,0,0,1,4,0,0,3,2	11,12,16,16,17,17,16,8,18,20	0,0,1,3,3,0,1,1,1,1	19,15,19,23,21,25,29,30,17,19	77	75
2419	4,6,10,14,9,10,7,5,9,11	11,12,16,16,17,17,16,8,18,20	8,12,8,15,11,8,10,9,13,9	19,15,19,23,21,25,29,30,17,19	106	75
2420	4,6,10,14,9,10,7,5,9,11	1,1,0,0,1,4,0,0,3,2	8,12,8,15,11,8,10,9,13,9	0,0,1,3,3,0,1,1,1,1	104	75
2421	0,0,0,0,0,0,0,0,0,2	0,0,2,0,2,1,0,1,0,1	0,0,0,0,0,0,0,0,0,0	0,0,0,0,0,0,0,0,1,1	150	75
2422	1,0,0,1,1,0,0,0,0,1	0,0,0,0,0,0,0,0,0,0	1,1,0,0,1,0,0,0,1,0	0,0,0,0,0,0,1,0,0,0	150	75
2423	6,3,4,5,6,5,6,5,3,4	0,0,0,0,0,0,0,0,1,0	5,10,13,5,4,4,6,5,8,5	0,0,0,0,0,0,0,0,0,0	146	75
2424	94,92,107,106,109,87,81,109,94,107	0,0,0,0,0,1,0,0,0,0	86,107,72,97,116,91,95,104,95,81	0,0,1,0,0,0,0,0,0,0	150	75
2427	990,1163,1150,1165,1033,1056,1122,1083,1230,1310	47,46,53,39,41,34,30,36,45,56	1116,1141,1095,1181,1321,1297,1403,1236,1235,1441	50,60,43,55,54,43,63,46,61,57	150	75
2428	11,4,7,9,7,6,6,11,3,12	0,0,0,0,0,0,0,0,0,1	11,2,11,15,7,10,10,11,7,4	0,0,0,0,0,0,0,0,0,0	150	75
2429	13,6,5,6,6,6,7,4,8,7	106,119,126,125,115,127,100,125,145,148	6,5,8,6,9,12,5,3,5,8	112,111,118,118,146,133,161,119,133,157	99	75
2430	1,0,0,0,0,2,1,2,6,3	11,10,18,9,8,10,9,16,7,10	0,1,0,0,1,1,1,1,0,3	7,9,16,6,18,12,9,12,8,9	99	75
2431	0,0,0,0,0,0,0,0,1,0	3,4,3,6,1,0,3,1,0,0	0,0,0,0,1,0,0,0,0,0	4,0,1,3,1,1,2,0,3,4	79	75
2432	193,231,209,244,212,201,181,220,184,218	1,0,5,2,2,0,0,4,3,5	212,173,177,196,215,192,265,181,248,252	3,5,5,2,2,3,3,6,5,4	97	75
2433	11,13,23,23,23,20,15,19,27,24	0,0,0,0,0,0,0,0,1,1	19,16,19,18,28,10,23,25,15,14	1,1,1,1,1,0,1,1,1,1	148	75
2434	69,80,65,74,65,21,42,51,41,65	0,0,1,1,0,0,0,0,0,0	56,52,58,59,84,67,88,52,36,34	0,0,0,1,0,1,0,0,0,0	123	75
2435	1,2,1,0,1,1,0,2,0,0	15,25,18,16,19,8,9,10,16,4	5,1,1,0,2,0,1,1,1,0	9,8,12,14,12,9,12,9,12,2	90	75
2436	55,43,47,50,35,49,35,52,46,58	0,1,0,0,1,0,0,0,0,0	54,42,61,45,52,53,58,52,41,42	0,0,0,0,2,0,0,0,0,0	79	75
2437	104,94,129,110,117,102,89,106,101,120	1,0,0,1,0,1,0,1,0,0	128,95,99,105,104,79,127,116,90,89	0,0,0,0,0,0,0,0,0,1	150	75
2440	3,8,1,4,1,4,2,5,4,2	33,38,33,42,54,20,19,40,42,44	0,3,4,1,4,0,0,1,5,0	34,35,29,21,38,55,41,26,26,26	148	75
2444	3,2,6,5,1,7,7,4,1,6	0,0,0,0,0,0,0,0,0,1	3,2,1,0,2,2,4,4,6,2	1,1,1,2,0,0,0,0,0,0	150	75
2445	6,3,4,6,2,5,7,8,13,6	0,0,0,0,0,0,0,0,0,1	11,6,17,7,6,6,17,6,10,4	0,0,0,0,0,0,0,0,0,0	150	75
2446	63,43,33,43,49,38,38,36,54,49	5,8,5,6,6,6,6,10,5,2	36,31,35,36,40,29,45,37,46,42	5,5,5,10,4,3,3,10,9,14	150	75
2447	94,80,63,76,86,82,54,75,82,91	0,2,0,0,0,0,0,2,0,0	80,52,65,63,72,55,78,68,71,76	0,1,0,1,0,0,1,0,1,3	150	75
2448	0,2,0,0,0,0,1,0,1,3	0,0,0,0,0,0,0,0,0,0	0,0,0,0,0,0,0,0,0,0	0,0,0,0,0,0,0,1,0,0	150	75
2449	9,13,13,11,10,8,12,11,9,14	2,0,1,0,1,0,0,0,0,0	5,7,9,5,8,12,14,17,16,12	0,1,0,0,0,0,0,0,0,0	150	75
2450	3,4,5,3,7,1,4,2,2,2	18,35,37,43,32,11,17,20,23,30	6,1,1,0,4,6,7,4,1,4	37,23,18,26,31,27,31,29,24,17	150	75
2451	0,0,1,0,0,1,0,0,1,1	82,117,103,95,83,103,81,115,116,90	0,0,1,0,1,0,0,0,0,0	109,82,83,93,82,85,110,93,118,89	150	75
2454	5,2,9,0,1,3,1,8,5,5	5,1,2,2,1,2,3,4,2,5	4,1,1,4,5,3,5,1,9,1	7,5,2,0,2,4,3,4,6,5	106	75
2455	0,0,0,1,0,0,2,0,0,1	4,6,3,3,2,1,2,4,6,5	0,0,0,1,3,0,0,1,0,0	3,2,4,1,4,6,8,3,2,3	79	75
2457	24,15,22,26,21,24,21,24,14,19	0,0,0,0,0,0,0,0,1,0	15,18,18,21,25,24,22,18,31,22	0,0,0,0,0,0,0,0,0,0	150	75
2458	99,122,136,99,121,42,46,69,81,61	35,45,37,37,26,27,26,11,21,21	91,97,117,106,110,96,117,59,45,51	36,18,31,14,41,27,40,8,24,13	150	75
2459	0,0,5,2,4,4,3,0,3,0	0,0,0,0,0,0,0,1,0,0	2,3,1,4,7,4,6,1,5,3	0,0,0,0,0,0,0,0,0,0	128	75
2460	91,126,115,129,113,103,104,113,91,121	2,1,1,1,3,1,3,2,2,3	97,102,95,113,114,106,88,105,118,93	1,0,1,2,0,0,0,1,1,1	90	75
2465	1,3,0,4,0,6,2,1,0,2	13,9,15,13,10,12,13,10,7,11	1,3,2,1,4,0,1,2,4,2	14,14,10,11,10,10,13,11,10,13	150	75
2466	4,5,1,5,5,1,6,2,1,0	10,5,13,10,6,2,8,8,5,12	0,2,2,5,6,3,2,1,1,4	22,10,8,11,22,13,15,12,9,9	150	75
2467	3,11,5,7,2,9,5,11,4,7	7,1,4,10,3,5,3,4,9,6	2,2,2,9,7,3,2,5,7,3	0,4,5,3,4,6,12,7,3,6	150	75
2468	3,2,2,2,0,2,0,1,1,4	240,256,310,281,244,239,240,273,239,325	2,0,2,0,2,2,1,0,0,0	247,273,294,272,281,263,299,252,281,256	110	75
2470	3,2,0,2,2,4,1,2,4,5	17,32,38,42,27,24,23,39,24,28	3,2,4,2,1,3,2,0,2,1	27,39,34,23,37,28,19,16,20,21	84	75
2471	0,3,1,0,5,3,0,1,2,2	0,0,0,0,0,0,0,0,1,0	1,1,2,0,3,2,0,2,1,0	0,0,0,0,0,0,0,0,0,0	109	75
2473	31,43,41,51,29,29,21,32,45,44	1,1,1,0,0,1,1,0,4,1	38,34,41,26,42,55,45,28,34,29	1,2,0,0,0,1,2,2,1,1	150	75
2474	7,3,7,6,3,6,4,2,1,1	43,42,30,43,40,27,33,31,33,45	2,2,1,4,1,1,6,7,6,5	28,36,35,50,33,39,37,29,28,31	135	75
2475	9,12,16,11,5,2,7,4,19,22	2,0,1,3,2,1,2,4,4,3	20,15,15,12,52,55,29,14,9,15	1,2,3,6,3,4,6,5,2,1	150	75
2476	18,16,27,14,15,15,21,24,22,27	0,3,0,1,0,2,0,0,0,3	32,18,19,12,17,17,22,9,18,32	2,1,1,0,3,1,0,2,1,3	150	75
2477	11,9,8,18,11,11,12,6,6,15	0,0,0,0,0,0,0,0,0,0	17,22,9,5,7,14,10,11,15,11	0,0,0,0,0,1,0,1,0,1	140	75
2478	8,7,5,13,7,9,8,3,8,10	1,0,0,0,0,0,0,0,0,0	7,17,8,5,13,14,8,12,6,5	0,0,0,0,0,0,0,0,0,0	150	75
2481	31,43,42,50,45,44,26,45,35,52	65,73,68,70,86,57,77,55,76,75	49,34,42,35,37,40,40,51,65,36	79,60,66,70,90,77,68,61,83,47	78	75
2482	0,0,0,0,0,0,0,0,0,0	48,43,50,43,34,54,36,29,46,39	0,0,0,0,0,0,0,1,0,0	33,53,40,37,35,40,59,40,29,45	110	75
2483	0,0,0,0,0,1,0,0,0,0	0,3,3,3,4,2,0,1,2,3	0,0,1,0,0,0,0,0,0,0	6,3,1,0,4,1,1,1,2,2	82	75
2484	0,0,0,1,0,0,0,0,0,0	5,2,6,7,6,4,7,5,5,9	0,0,0,0,0,1,0,0,0,0	2,6,3,8,5,13,4,11,0,6	77	75
2485	0,0,0,1,0,0,0,1,0,0	8,6,3,9,11,8,11,8,9,12	0,0,0,0,0,0,1,0,0,0	10,7,9,10,4,8,7,3,10,16	150	75
2486	0,0,2,1,0,0,0,0,0,1	1,0,0,0,0,1,0,0,0,0	0,0,0,0,0,0,0,0,0,0	0,0,1,0,0,0,1,0,0,0	150	75
2487	200,213,224,199,207,218,159,229,189,180	1,0,6,3,2,3,4,1,6,2	212,201,203,186,215,185,238,214,245,240	7,4,2,3,4,1,3,2,1,7	150	75
2489	108,127,105,142,106,153,99,129,107,117	0,0,0,1,2,0,0,0,1,0	134,102,112,114,137,93,131,117,121,146	0,0,0,0,1,0,0,0,1,0	105	75
2490	60,68,63,83,61,69,54,63,60,87	1,0,0,0,0,0,0,0,0,0	71,45,74,64,71,58,64,51,74,74	0,0,0,0,0,0,0,0,0,0	150	75
2493	75,75,81,83,64,75,67,82,79,86	0,0,0,0,1,0,2,2,0,0	79,64,83,77,61,69,75,67,66,120	0,1,0,1,1,0,0,0,0,0	87	75
2494	128,126,128,155,136,116,100,120,119,148	0,0,1,1,0,0,0,1,0,2	140,116,129,123,151,143,147,137,114,96	2,0,0,0,0,0,2,1,0,0	150	75
2495	98,88,103,102,93,89,95,85,99,98	0,1,0,0,1,0,0,1,0,0	115,84,97,101,93,91,93,107,133,119	4,0,2,0,0,3,1,2,0,0	150	75
2496	1,3,3,1,2,2,1,0,0,2	6,3,9,6,3,6,4,5,9,7	2,3,3,0,4,4,1,2,6,6	5,5,3,6,6,6,3,4,5,6	150	75
2497	1,2,3,1,2,1,2,3,2,3	0,0,0,0,0,1,0,0,0,0	3,1,0,4,0,1,5,2,9,2	0,0,0,0,0,0,0,0,1,0	150	75
2498	19,19,20,25,17,24,16,17,21,15	1,1,4,4,7,7,3,5,4,5	23,23,27,15,21,25,21,14,23,27	3,2,7,2,5,4,3,4,8,9	109	75
2499	20,18,29,22,22,20,29,17,32,25	0,1,0,0,0,1,0,0,1,0	26,15,18,23,31,29,30,27,21,15	0,1,0,1,0,0,0,0,1,0	116	75
2500	18,17,24,24,29,24,20,16,27,18	0,0,0,1,0,0,0,0,0,0	26,19,16,19,34,35,27,22,18,15	0,0,0,0,0,2,0,2,0,0	116	75
2501	3,5,1,6,4,4,2,2,2,2	31,43,48,45,41,26,31,35,31,29	4,2,3,5,3,3,0,2,3,2	40,33,28,32,41,45,29,35,35,32	150	75
2502	57,80,69,81,64,57,54,67,64,74	7,6,10,6,7,11,4,9,6,10	57,64,57,79,58,67,96,48,64,60	6,11,5,8,7,7,11,5,9,2	80	75
2503	77,84,81,112,78,68,65,101,78,90	0,0,0,0,0,0,0,0,0,0	92,79,98,80,83,90,101,99,83,84	0,1,0,0,0,0,0,0,0,0	150	75
2505	0,0,0,0,0,0,0,0,0,0	17,16,9,17,13,15,12,24,14,24	2,0,0,1,0,0,1,0,0,0	13,8,11,11,16,17,13,13,21,20	150	75
2506	31,46,35,34,36,26,45,26,31,44	6,9,17,19,13,15,16,12,16,19	44,40,40,25,42,43,22,18,23,24	15,14,13,8,16,14,11,8,9,8	132	75
2507	33,45,41,51,42,40,27,46,31,52	0,0,0,0,0,0,0,0,0,0	43,43,43,37,48,45,49,46,42,46	0,0,0,2,0,0,0,0,0,0	150	75
2508	37,47,42,44,27,20,34,24,31,39	0,0,2,0,0,0,1,0,0,2	35,40,32,52,52,33,44,43,39,34	0,0,0,0,0,0,1,0,0,0	150	75
2510	0,0,0,0,0,0,0,0,0,0	0,0,0,0,0,0,0,1,0,0	0,3,1,0,0,0,0,1,0,1	0,0,0,0,1,0,0,0,0,0	150	75
2511	920,978,929,985,831,1146,896,1024,1008,1132	12,11,13,16,9,9,15,11,24,16	1042,977,934,935,1038,942,1157,907,1148,1322	17,21,19,19,14,14,16,14,24,14	108	75
2514	0,0,0,0,0,0,0,0,0,0	67,93,82,96,96,72,49,66,76,98	1,0,0,0,1,0,0,0,0,0	102,65,92,62,108,85,102,78,80,63	114	75
2515	1,2,0,2,0,0,4,2,0,0	97,114,86,92,100,118,99,98,117,122	1,2,3,2,1,2,4,2,4,0	115,95,95,101,106,85,113,89,106,124	81	75
2517	289,335,322,314,311,271,267,276,284,323	3,0,1,3,2,4,3,3,3,0	346,256,294,296,324,328,357,258,308,259	2,2,2,4,2,4,7,3,3,2	134	75
2518	1017,1210,1169,1357,1145,1208,999,1100,1139,1358	0,0,0,1,0,0,0,0,0,0	1123,1182,1314,1203,1213,1134,1241,1194,1307,1395	0,0,0,0,0,0,0,0,0,0	150	75
2519	0,1,0,1,0,1,2,0,0,1	0,0,0,1,0,0,0,0,0,0	0,0,0,0,1,0,0,0,0,2	0,0,0,0,0,0,0,0,0,0	82	75
2522	7,9,11,6,4,4,9,6,6,10	0,0,0,0,0,0,0,0,0,0	6,7,9,6,6,6,6,3,10,7	0,0,0,0,0,0,0,1,0,0	150	75
2523	1,0,0,2,0,0,0,0,0,0	29,42,55,58,34,66,51,47,47,54	2,0,0,0,0,1,0,0,0,0	43,44,52,39,29,48,67,60,63,52	99	75
2525	21,21,27,24,24,11,16,11,20,9	11,10,7,11,11,14,9,11,9,4	12,16,20,8,18,20,12,16,18,19	9,5,8,8,4,13,15,15,9,11	115	75
2526	12,21,18,21,18,13,24,25,17,18	0,0,0,0,0,0,0,1,0,0	16,14,7,10,18,20,18,14,22,15	0,0,0,0,0,0,0,0,0,0	150	75
2528	0,1,5,5,1,0,0,1,1,2	69,72,80,73,71,76,58,65,73,66	3,0,2,0,5,1,2,3,2,2	82,97,87,67,76,70,106,69,65,83	78	75
2529	1,0,1,0,0,0,0,0,0,0	1,0,0,0,0,0,0,0,0,0	1,1,0,0,1,0,0,0,0,0	0,0,0,0,0,0,0,0,0,0	90	75
2530	0,0,3,0,0,0,0,0,1,1	1,0,0,2,0,1,1,1,0,1	2,1,2,0,1,1,1,0,0,0	0,1,1,0,0,2,1,1,1,0	90	75
2533	45,45,76,55,60,56,47,64,47,51	11,8,8,10,5,7,13,11,13,17	55,45,48,54,65,48,67,59,59,52	14,12,7,11,11,10,16,17,17,22	84	75
2536	2,3,5,4,2,3,2,2,3,3	8,11,10,17,10,2,6,11,9,12	5,0,3,0,6,1,7,1,3,0	7,9,8,8,10,5,16,10,7,1	124	75
2539	72,88,89,122,86,47,61,62,68,71	2,1,3,1,1,3,2,2,3,2	90,51,73,72,102,83,60,66,71,33	2,0,1,1,0,2,1,0,1,1	102	75
2542	48,42,37,46,34,53,46,48,41,48	0,0,0,0,0,0,0,0,1,0	45,58,39,37,43,33,51,53,47,44	0,0,0,1,0,0,0,0,1,0	150	75
2543	163,214,170,202,173,134,139,156,158,163	33,35,52,37,42,28,34,31,42,27	185,130,142,176,205,141,221,120,128,100	40,31,36,36,42,32,52,26,20,17	78	75
2544	18,17,16,28,25,10,22,28,16,26	1,1,1,0,0,0,1,1,0,0	17,12,10,14,36,16,15,12,20,20	0,0,0,0,0,0,0,1,0,0	150	75
2545	267,301,284,276,239,222,210,253,249,275	19,17,20,19,17,19,8,17,19,40	260,217,193,262,287,277,298,245,260,200	20,11,17,22,21,25,17,15,13,17	150	75
2546	151,157,145,170,154,133,128,135,134,164	0,1,0,1,0,0,0,0,1,0	136,146,121,120,151,122,170,167,162,127	0,0,0,0,0,0,0,0,1,0	115	75
2547	14,14,17,23,21,24,14,19,10,11	0,0,0,1,0,0,0,2,0,1	25,20,12,17,14,17,12,12,14,14	1,0,0,0,1,1,1,1,0,0	77	75
2548	0,0,0,1,0,0,1,0,1,0	0,0,0,1,0,0,0,2,0,1	0,2,0,1,0,0,0,0,2,3	1,0,0,0,1,1,1,1,0,0	132	75
2549	0,0,0,1,0,0,1,0,1,0	14,14,17,23,21,24,14,19,10,11	0,2,0,1,0,0,0,0,2,3	25,20,12,17,14,17,12,12,14,14	130	75
2550	15,8,8,19,15,6,8,12,7,5	0,1,0,0,0,0,0,1,0,1	16,7,7,14,10,11,17,11,2,5	0,0,1,0,0,0,0,0,0,0	129	75
2551	2,2,3,0,1,0,6,4,0,3	16,18,10,14,14,12,7,14,13,8	9,0,2,1,2,0,2,2,2,5	17,11,7,11,21,10,28,15,5,0	111	75
2552	35,32,42,39,30,19,26,39,30,44	37,20,37,44,48,28,28,33,34,36	31,41,24,38,40,37,44,31,36,22	54,42,40,23,34,45,42,27,24,12	87	75
2553	3,10,6,8,8,3,5,5,5,10	0,1,1,1,0,1,1,0,0,0	11,4,6,5,5,7,3,11,12,11	1,0,0,1,3,0,2,1,1,0	150	75
2554	5,1,1,1,4,1,3,3,6,1	158,182,182,169,173,135,148,143,157,161	2,2,3,0,5,5,2,2,0,1	192,161,145,165,215,183,217,141,140,124	150	75
2555	1,0,2,0,0,0,1,0,0,3	5,5,5,5,8,0,6,4,7,13	1,0,0,1,2,1,2,1,0,2	7,7,3,9,13,7,9,6,12,6	79	75
2556	52,65,66,104,90,65,71,67,86,99	6,6,5,5,11,5,6,10,3,7	85,83,63,70,72,69,86,64,78,70	9,5,3,1,11,8,9,12,7,14	100	75
2557	45,63,75,59,50,56,41,63,49,74	0,1,0,0,0,0,0,0,0,0	65,76,51,61,49,52,71,46,70,62	0,0,0,0,0,2,0,0,0,0	150	75
2561	1,0,0,0,0,0,0,0,0,0	1,1,0,0,2,3,1,0,0,0	1,0,0,0,0,0,0,0,0,0	2,4,1,2,1,0,1,0,0,0	81	75
2562	0,0,0,4,2,0,1,0,0,0	0,0,1,1,0,0,1,0,1,0	1,0,0,1,1,0,0,0,2,0	0,0,0,0,0,1,0,0,0,0	85	75
2563	17,13,17,19,13,9,9,10,10,15	0,0,0,0,0,0,0,0,0,1	6,12,12,14,4,9,7,6,9,5	0,0,0,0,0,0,0,0,1,0	150	75
2564	9,8,13,8,12,4,7,4,5,12	0,0,0,0,0,0,0,0,0,1	4,6,8,10,1,4,0,3,5,2	0,0,0,0,0,0,0,0,1,0	150	75
2565	0,0,0,0,0,0,0,0,0,0	8,5,4,11,1,5,2,6,5,3	0,0,0,0,0,0,1,0,0,0	2,6,4,4,3,5,7,3,4,3	150	75
2567	4,4,7,3,1,2,2,4,7,3	13,11,11,14,14,12,14,7,10,12	7,8,5,4,3,3,7,2,7,5	16,9,1,7,15,13,9,10,11,9	150	75
2568	29,31,31,35,29,32,25,33,39,44	44,49,50,39,35,48,30,41,49,47	30,26,31,23,29,32,36,45,41,32	42,37,35,33,55,33,54,39,63,35	150	75
2569	25,12,31,16,26,12,14,14,23,16	0,1,0,0,0,0,0,0,1,0	11,13,11,14,18,12,21,18,8,8	0,0,0,1,0,0,0,0,0,0	113	75
2570	76,40,63,56,68,27,31,30,51,47	0,1,0,0,0,0,0,0,1,0	38,48,49,42,47,41,60,43,26,23	0,0,0,1,0,0,0,0,0,0	150	75
2571	58,39,45,48,51,20,22,30,36,38	0,3,4,1,2,1,2,3,3,1	30,49,43,35,39,35,48,34,24,22	2,2,1,1,4,1,1,0,0,1	120	75
2572	0,0,1,0,0,0,0,0,0,0	0,0,0,0,0,0,0,0,1,2	0,0,0,0,0,0,0,0,0,0	2,0,0,0,0,0,0,0,0,0	79	75
2573	7,6,10,6,4,2,10,7,4,6	1,0,0,1,1,0,0,1,0,1	10,9,6,6,11,4,4,10,7,5	0,0,2,1,0,1,1,1,2,0	88	75
2574	2,1,0,2,0,2,1,2,1,1	0,3,0,0,1,2,1,0,1,0	2,0,2,0,2,3,5,1,1,2	2,1,0,1,2,0,3,0,0,0	88	75
2575	15,21,21,20,15,22,18,25,27,24	0,0,0,0,0,0,0,0,0,0	21,17,21,14,26,27,31,29,32,51	0,0,0,0,0,1,0,0,0,0	126	75
2577	11,7,11,14,22,6,5,13,7,6	0,0,0,1,0,0,0,0,1,1	15,13,11,9,16,14,12,10,7,14	0,0,0,0,0,0,0,0,0,1	150	75
2578	0,1,0,0,0,2,3,0,0,2	0,0,0,0,1,0,0,0,0,0	0,0,2,0,0,1,2,1,2,3	0,0,0,0,0,0,0,0,0,0	150	75
2579	97,80,102,139,95,79,95,97,99,85	0,0,0,1,0,0,0,0,0,0	129,92,115,90,100,88,111,84,86,94	0,0,0,0,0,0,0,1,0,0	150	75
2580	0,0,0,0,0,0,0,1,0,0	1,0,3,1,0,1,0,2,1,1	0,0,0,0,0,0,0,0,0,0	1,1,1,1,2,1,1,3,1,1	117	75
2583	6,5,7,6,10,3,12,6,10,7	1,3,4,8,5,2,2,1,2,2	9,4,6,4,9,13,14,10,7,5	4,0,1,2,1,4,2,4,3,0	84	75
2586	0,0,1,0,0,0,0,1,1,0	139,147,155,207,192,73,139,157,134,134	0,1,1,1,0,1,2,0,2,1	179,110,143,146,169,165,163,136,134,79	132	75
2587	227,247,224,210,236,92,127,166,162,184	0,1,0,0,0,0,1,1,0,0	248,181,201,205,289,216,244,185,132,100	0,1,0,0,1,2,0,0,0,0	112	75
2588	49,55,48,80,45,67,55,63,59,73	6,7,6,7,7,12,9,5,7,9	64,55,44,57,57,40,59,60,61,65	13,8,7,7,8,12,13,4,15,6	150	75
2589	1,1,6,6,2,1,5,4,1,1	1,0,0,1,0,0,1,0,0,0	1,2,3,5,1,0,3,2,0,2	0,0,0,0,0,0,1,1,1,0	105	75
2594	52,50,48,48,41,61,31,63,49,46	4,2,6,1,4,2,5,4,5,5	63,39,26,59,41,40,50,49,53,51	2,1,1,1,2,6,3,3,6,5	85	75
2596	1,0,0,0,0,0,0,2,0,0	34,35,29,23,21,48,21,27,23,38	0,0,1,1,1,1,1,1,0,0	26,33,30,16,19,25,21,25,36,25	120	75
2597	0,0,0,1,0,0,0,1,0,1	1,0,1,1,0,0,1,0,0,1	0,0,0,0,0,0,0,0,2,0	1,0,1,1,1,0,1,0,1,1	87	75
2598	15,9,12,9,6,3,4,5,10,6	0,0,0,0,0,0,0,0,0,0	13,3,2,4,7,6,10,2,7,3	0,0,0,0,0,0,0,0,0,1	150	75
2599	7,12,12,6,5,4,4,3,4,4	0,0,0,0,0,0,0,0,1,0	8,1,4,11,6,7,7,4,6,7	0,0,0,0,0,0,1,0,0,0	150	75
2600	4,4,5,0,1,1,1,2,2,1	3,1,2,3,1,0,2,2,0,0	6,0,1,4,4,3,1,5,1,3	1,0,4,2,3,3,2,0,2,3	129	75
2603	1,1,1,1,2,0,0,0,2,1	0,0,2,0,0,0,0,0,0,0	0,0,3,2,1,0,1,1,2,0	0,0,0,1,0,0,0,0,0,0	150	75
2604	1,1,1,1,2,0,0,0,2,1	0,0,1,0,0,0,0,2,0,0	0,0,3,2,1,0,1,1,2,0	3,0,2,1,1,0,0,0,0,0	150	75
2605	0,0,2,0,0,0,0,0,0,0	0,0,1,0,0,0,0,2,0,0	0,0,0,1,0,0,0,0,0,0	3,0,2,1,1,0,0,0,0,0	78	75
2609	0,0,1,2,2,0,1,3,4,1	0,2,0,0,1,1,0,0,2,1	0,1,1,1,0,0,0,3,1,0	1,0,0,1,1,0,1,0,0,0	79	75
2610	0,0,1,2,2,0,1,3,4,1	0,0,0,0,0,0,0,0,0,0	0,2,1,1,0,0,0,3,1,0	0,0,0,0,0,0,0,0,1,0	82	75
2611	0,2,0,0,1,1,0,0,2,1	0,0,0,0,0,0,0,0,0,0	1,1,0,1,1,0,1,0,0,0	0,0,0,0,0,0,0,0,1,0	78	75
2614	8,21,19,14,10,10,4,13,11,5	0,0,0,0,0,0,0,0,0,0	14,14,9,4,20,6,9,5,4,4	1,0,0,0,0,0,0,0,0,0	102	75
2615	97,105,125,122,93,155,99,114,104,113	0,0,0,0,0,0,0,0,0,2	112,124,108,109,102,119,103,114,131,149	0,0,0,0,0,0,0,0,0,0	150	75
2616	221,281,254,272,237,130,166,227,195,241	0,5,1,2,1,4,4,3,1,3	285,224,224,237,258,212,269,223,179,111	1,2,4,3,1,0,3,2,2,0	124	75
2617	0,0,0,0,0,0,0,0,0,0	3,3,7,4,1,1,3,0,3,2	0,0,0,0,1,0,0,0,0,0	3,3,0,2,3,1,4,2,2,0	87	75
2618	1,3,0,2,3,2,1,0,0,3	2,0,0,3,5,2,2,1,0,2	2,0,1,0,2,2,4,0,0,1	1,3,3,1,1,0,0,2,0,0	105	75
2619	9,16,10,11,16,11,7,7,13,13	35,34,36,28,31,18,20,38,28,25	15,7,10,4,12,8,12,5,4,8	36,38,34,29,30,38,42,30,20,22	105	75
2620	1,4,0,0,2,2,0,0,2,0	43,36,37,39,31,37,29,29,38,31	1,1,0,1,2,0,2,0,0,1	27,25,30,31,31,31,40,22,31,40	87	75
2621	3,1,0,0,1,2,0,2,2,3	0,0,0,0,0,0,4,1,0,0	1,3,1,0,5,2,3,0,0,2	0,0,0,0,0,0,0,0,0,0	83	75
2622	1,4,0,1,3,0,0,2,3,0	55,40,24,31,43,51,26,42,43,30	0,3,3,4,1,2,3,2,1,1	51,35,27,34,30,36,49,37,31,50	150	75
2623	2,2,3,0,0,4,1,2,2,2	74,88,76,67,74,44,74,63,48,76	1,0,0,2,1,0,0,0,0,1	92,66,66,62,81,69,67,55,63,66	150	75
2625	0,2,0,1,0,2,1,0,1,3	1,1,2,1,0,1,3,0,1,0	0,1,1,3,3,0,1,0,0,1	1,0,1,0,1,4,1,3,0,1	150	75
2626	16,17,23,33,11,17,17,23,22,16	7,5,9,6,6,5,7,2,9,10	18,15,18,18,13,22,24,11,27,15	12,1,6,4,8,6,11,6,4,3	105	75
2627	1,4,3,4,4,6,2,2,2,4	35,29,34,30,14,32,18,25,27,29	5,1,4,3,1,0,3,6,1,5	20,21,19,32,30,22,28,37,27,38	150	75
2628	39,59,45,45,27,48,30,52,49,47	2,2,4,9,5,8,4,2,4,1	45,40,42,49,43,40,50,57,64,83	3,1,5,5,5,1,4,2,2,11	85	75
2629	101,101,86,89,100,82,63,98,74,83	0,0,0,0,1,0,1,0,0,0	85,77,72,88,82,90,104,83,83,77	0,0,1,0,0,0,0,0,0,0	150	75
2632	122,138,139,151,142,162,118,154,136,155	43,69,60,52,42,68,55,46,57,60	155,165,118,158,139,159,136,142,149,164	53,51,56,53,69,46,54,40,52,78	81	75
2636	46,58,59,65,59,49,42,39,46,53	5,2,5,6,3,7,0,5,1,1	44,58,53,57,64,67,48,56,56,59	0,1,0,2,0,5,2,1,9,2	139	75
2639	0,2,3,2,1,2,2,1,2,1	0,0,0,0,0,0,0,0,0,0	3,0,2,1,2,1,0,4,3,2	0,0,0,0,0,0,1,0,0,0	79	75
2640	5,0,7,4,7,3,4,5,5,1	0,0,0,0,0,0,0,1,0,0	2,2,3,6,4,0,1,2,2,7	0,0,0,0,0,0,0,0,0,0	102	75
2641	1,2,0,2,2,2,0,2,1,1	19,12,25,14,19,5,18,11,20,15	2,1,1,1,5,1,2,1,1,3	26,10,17,15,19,28,24,20,8,5	150	75
2644	3,7,4,1,3,1,3,2,1,4	3,3,5,8,2,0,5,2,3,5	1,1,1,0,3,2,1,2,0,2	7,2,4,2,4,7,6,5,3,3	150	75
2647	4,2,1,1,1,1,0,3,3,3	25,26,33,42,33,17,25,33,21,22	1,1,2,0,3,3,1,3,0,0	16,30,25,21,21,19,35,27,23,21	99	75
2650	2,1,0,1,2,2,0,0,0,0	1,0,1,1,3,0,2,2,1,1	2,0,0,2,2,0,1,0,0,5	0,0,0,0,1,0,0,0,1,0	79	75
2652	6,2,5,2,6,2,5,3,6,2	31,45,39,38,18,31,23,27,29,28	2,2,3,5,5,8,6,6,3,2	21,43,33,29,35,46,40,25,36,40	108	75
2653	6,11,11,13,5,12,8,8,6,12	1,3,0,0,1,1,1,0,4,2	7,9,5,4,6,11,6,5,9,13	2,1,1,1,0,0,1,2,0,5	90	75
2654	141,215,182,204,203,237,167,172,173,208	239,335,312,357,327,349,281,262,245,365	162,217,173,194,176,220,200,214,226,295	251,351,278,304,314,300,306,328,357,433	90	75
2657	9,8,13,16,12,8,6,5,9,6	0,1,0,0,0,0,0,0,0,0	10,9,11,13,7,8,5,7,6,10	0,0,0,0,0,0,0,0,1,0	81	75
2658	14,12,21,8,15,5,14,11,7,6	0,0,0,0,1,0,0,0,2,0	16,10,5,7,13,10,13,9,8,4	0,2,0,0,0,0,0,2,0,0	150	75
2659	33,35,36,29,26,17,33,22,25,52	0,1,0,1,1,2,0,1,1,0	38,27,29,35,26,30,18,21,28,33	0,0,0,0,1,0,0,0,3,0	150	75
2660	94,71,74,76,85,85,54,92,65,114	0,0,0,1,0,0,0,0,0,0	77,68,64,101,102,75,66,70,88,104	0,0,0,0,0,2,0,0,0,0	150	75
2661	0,0,0,1,0,0,0,0,0,0	0,0,1,0,1,1,0,0,0,0	0,1,0,0,0,0,0,0,0,0	0,1,0,0,0,0,0,0,0,0	150	75
2662	1,2,2,1,1,0,0,3,1,1	2,2,2,3,3,0,3,2,1,2	0,2,0,4,2,1,1,1,0,2	3,4,3,0,2,5,0,2,7,2	119	75
2665	434,517,520,519,544,317,330,430,382,472	1,3,5,8,3,0,1,5,1,2	535,438,417,457,524,475,509,488,415,300	5,3,4,4,2,3,0,4,0,0	123	75
2666	0,0,1,0,0,0,0,0,0,0	11,6,12,8,9,4,7,4,3,7	0,0,0,0,0,0,0,1,2,1	8,2,14,4,12,8,10,6,5,1	122	75
2667	0,3,4,2,1,4,0,1,0,3	1,1,2,1,3,2,4,3,1,4	3,2,3,4,4,3,3,7,11,3	1,2,1,0,0,2,5,0,6,3	100	75
2671	58,50,63,69,60,61,46,67,50,58	33,29,38,38,24,36,32,31,30,31	39,47,55,62,49,49,54,52,59,60	34,34,27,39,29,34,32,32,34,35	150	75
2672	10,13,13,6,6,1,5,4,4,3	1,1,1,0,0,0,0,0,0,0	10,7,10,3,15,10,2,8,3,1	0,0,0,1,0,2,0,1,0,0	146	75
2673	0,0,0,0,0,0,0,0,0,0	1,0,1,1,4,0,2,3,3,0	0,0,0,0,1,0,0,0,0,0	3,2,2,3,4,0,5,2,0,1	90	75
2674	1,1,3,0,0,1,0,4,4,3	0,0,1,0,0,0,0,0,1,0	4,0,5,0,4,2,9,0,1,1	0,1,0,0,0,0,0,0,0,0	102	75
2678	174,219,198,235,175,232,191,184,187,202	0,0,0,0,2,1,0,1,2,0	183,214,174,184,200,191,225,168,222,232	1,0,0,1,4,0,2,2,2,0	87	75
2679	25,19,18,22,16,16,11,15,23,38	0,0,0,0,0,1,0,0,0,0	24,18,11,13,34,25,23,20,25,23	0,0,0,0,0,0,1,0,1,0	150	75
2680	0,2,0,0,0,0,0,0,0,2	36,59,71,50,67,61,59,57,62,86	0,0,1,1,0,2,2,1,0,0	60,60,63,68,76,53,57,44,77,69	93	75
2681	102,119,155,120,118,118,103,97,114,129	16,17,14,23,13,10,5,13,11,24	124,105,111,89,130,106,107,115,143,110	15,14,13,11,27,7,18,22,15,18	90	75
2683	39,52,59,47,35,28,35,48,34,37	57,57,49,52,35,40,71,59,66,87	39,42,51,46,49,52,52,37,39,61	74,48,67,67,67,81,76,51,73,65	150	75
2684	13,16,15,14,15,3,16,11,15,13	2,6,3,2,0,4,1,2,1,2	11,15,13,14,20,22,27,10,14,25	2,0,1,4,1,2,1,2,1,2	150	75
2685	216,223,288,247,200,182,206,196,229,247	26,39,42,41,29,43,44,30,47,50	236,246,245,259,230,260,292,193,249,228	45,41,48,39,40,45,41,30,30,45	94	75
2686	49,66,65,67,66,36,48,66,59,51	8,3,7,6,5,2,7,1,4,3	57,47,50,42,86,53,78,72,67,42	7,4,1,5,6,6,3,6,3,5	150	75
2687	116,143,139,148,149,106,106,134,104,150	28,32,39,49,37,22,30,28,30,34	131,114,139,98,168,140,179,149,154,108	36,26,32,47,37,26,37,29,38,31	150	75
2690	69,68,86,60,78,20,39,49,41,36	0,1,2,1,0,0,0,1,2,0	81,57,71,48,79,63,69,42,23,16	0,1,0,2,2,1,2,1,0,0	110	75
2691	6,8,4,1,0,2,4,4,8,3	0,0,0,0,0,0,0,1,0,0	6,2,2,5,4,3,4,2,1,1	0,0,0,0,0,0,0,0,0,0	150	75
2692	517,487,537,637,519,559,490,500,517,480	0,0,1,1,3,5,3,0,0,3	544,546,558,504,506,473,649,566,553,548	2,0,3,2,1,1,1,1,1,2	150	75
2693	3,0,1,2,0,1,1,1,2,3	1,0,0,0,0,0,0,0,0,0	1,0,2,3,1,1,0,2,3,1	0,1,0,1,0,0,0,0,0,0	125	75
2694	46,46,40,41,30,37,32,39,46,34	0,1,0,2,1,0,2,0,1,0	59,39,37,31,49,51,47,27,42,37	3,0,0,0,0,0,0,1,2,0	150	75
2695	10,5,8,6,4,4,4,7,4,5	2,3,7,1,3,0,2,8,5,6	2,4,3,6,4,2,12,5,2,5	1,2,3,2,3,6,0,4,6,5	95	75
2696	32,25,31,24,27,17,16,28,25,34	0,0,0,0,0,0,0,1,0,0	23,23,20,26,40,17,32,21,20,27	0,0,0,0,0,0,0,0,0,0	150	75
2697	1,1,0,0,0,0,0,0,0,0	59,44,53,54,47,27,31,53,45,37	0,0,0,0,0,0,0,1,0,0	28,36,42,44,46,43,34,38,32,32	150	75
2699	2,2,0,1,0,0,0,1,1,1	4,9,15,7,4,2,2,7,6,4	2,3,1,1,1,3,1,0,2,2	7,3,1,4,13,1,8,4,5,0	81	75
2701	47,66,75,53,71,32,26,58,51,50	44,65,62,50,68,33,35,43,39,44	70,48,59,67,64,53,64,76,79,42	56,55,34,56,50,55,66,62,49,32	150	75
2702	10,12,13,8,7,1,4,7,3,3	2,5,5,3,2,1,4,1,3,1	8,6,8,5,6,12,6,9,7,3	2,2,3,0,5,1,3,3,3,1	138	75
2705	121,136,139,135,111,104,99,133,124,142	0,0,0,0,0,0,0,0,0,0	146,137,157,120,177,138,153,136,136,141	0,1,0,1,0,0,0,0,0,0	150	75
2709	29,33,33,19,24,31,23,27,26,28	2,0,1,0,0,0,0,1,0,0	15,18,13,24,45,24,29,35,26,26	1,2,1,1,1,2,0,0,0,0	150	75
2711	0,2,0,0,1,0,0,0,1,1	1,0,0,1,0,1,0,0,1,3	0,0,0,1,2,1,0,1,0,1	0,0,0,0,0,0,0,0,0,0	91	75
2712	1,2,0,1,0,1,1,1,1,0	2,1,0,1,1,0,1,4,0,1	1,0,0,1,0,1,1,0,0,0	0,2,2,1,1,3,2,0,2,2	150	75
2713	2,2,0,3,0,0,1,1,1,0	45,43,34,35,22,32,33,38,46,48	1,0,0,1,0,1,1,0,0,1	35,36,29,35,40,36,48,45,33,38	150	75
2714	0,0,0,0,0,0,0,2,0,0	0,1,0,0,1,0,0,0,0,0	0,0,1,0,0,0,0,0,0,0	0,0,0,0,0,0,0,0,0,0	150	75
2716	48,49,62,60,42,48,52,57,49,68	21,28,29,29,34,25,32,23,20,23	56,49,53,60,54,69,53,46,61,69	19,22,29,27,31,28,24,34,44,34	77	75
2718	20,12,23,27,16,19,24,21,19,23	0,0,0,0,0,0,0,0,0,0	15,16,27,19,14,25,19,13,9,20	1,0,0,0,0,0,0,0,0,0	107	75
2719	52,70,79,77,67,54,63,81,61,67	0,0,0,1,0,2,1,0,0,0	65,63,64,77,79,57,62,65,70,77	0,0,0,0,1,0,0,0,0,1	107	75
2720	3,5,3,6,6,4,2,2,3,8	21,29,21,28,34,21,13,20,25,17	7,1,2,2,4,2,4,4,2,3	24,21,26,30,28,32,34,24,27,18	123	75
2724	5,4,3,3,1,1,3,2,2,6	0,1,0,0,0,0,0,0,0,0	4,3,1,1,2,2,3,1,1,1	0,0,0,0,0,0,0,0,0,0	150	75
2726	172,237,232,207,221,155,205,194,212,234	208,262,258,280,247,172,238,197,238,273	231,216,208,191,284,220,233,228,191,151	278,257,222,217,278,239,290,279,231,154	84	75
2727	2,13,9,1,6,0,5,6,6,2	74,81,69,60,60,18,26,43,44,43	4,9,9,4,6,7,5,5,6,2	83,65,70,48,65,66,76,47,38,13	96	75
2728	3,1,2,4,4,5,2,4,1,3	2,1,7,1,1,0,1,1,1,0	0,2,2,1,1,1,2,5,6,2	4,1,0,2,1,1,0,3,0,0	150	75
2729	3,1,0,4,5,5,2,4,1,4	10,13,21,14,15,7,5,10,9,7	0,2,2,0,1,0,2,4,2,2	14,8,14,8,23,8,8,9,8,3	150	75
2731	0,1,1,2,3,0,2,1,0,0	39,52,42,35,33,17,19,21,19,34	7,1,1,4,1,1,2,4,2,0	42,26,20,39,30,28,27,34,19,8	84	75
2732	17,12,11,10,11,9,11,12,14,20	3,3,2,5,1,1,2,3,4,3	15,9,16,11,20,19,18,4,11,8	4,6,2,7,4,6,1,2,2,2	150	75
2733	10,10,11,5,11,4,8,3,9,10	51,65,61,61,47,42,53,47,65,58	9,10,11,8,8,2,9,6,8,8	59,58,54,53,55,56,47,61,49,33	150	75
2734	1,0,0,3,0,2,0,0,0,0	37,37,40,31,27,16,10,27,31,18	1,0,3,1,2,1,0,0,2,0	34,23,26,29,35,37,23,20,19,10	130	75
2735	1,0,4,3,5,2,4,2,0,2	11,14,14,19,17,16,16,15,9,17	3,2,3,0,1,0,5,0,2,1	10,21,19,3,15,16,13,17,17,17	150	75
2736	3,1,1,0,2,1,1,3,0,2	14,23,14,21,19,22,17,12,24,19	0,1,1,0,0,4,0,2,0,2	20,14,19,13,28,16,19,10,15,14	91	75
2737	165,246,244,241,208,185,165,168,178,231	0,0,0,0,0,0,0,0,0,0	206,215,186,178,200,203,197,190,192,170	0,1,0,0,0,0,0,0,0,0	150	75
2738	23,16,14,29,8,14,17,19,17,11	0,0,0,0,0,0,0,0,0,0	24,11,17,14,22,19,14,17,14,14	0,0,0,0,0,0,1,0,0,0	110	75
2739	25,24,24,32,10,12,17,25,26,14	2,4,2,3,4,3,3,5,3,3	33,18,20,20,29,28,17,23,17,19	3,3,4,2,3,4,3,8,1,3	110	75
2740	44,73,59,82,57,27,28,34,49,62	0,6,1,0,1,1,0,0,0,2	67,58,58,67,70,89,70,42,63,25	1,1,0,0,1,1,3,1,3,0	119	75
2741	1,1,2,0,2,0,0,0,0,3	15,11,18,16,10,11,11,14,16,5	2,1,1,2,0,0,0,1,1,0	24,10,9,18,11,10,13,10,15,18	79	75
2742	0,1,1,0,0,1,0,0,0,0	0,0,0,0,0,0,0,0,0,0	0,0,0,0,0,0,0,1,0,0	0,0,0,1,0,0,0,0,1,0	79	75
2743	0,0,5,1,2,2,0,2,1,3	9,13,16,13,10,23,17,20,12,19	1,0,0,2,0,1,2,7,4,4	13,11,6,7,13,9,18,15,15,12	120	75
2744	0,1,0,0,0,1,0,0,1,0	16,14,16,22,23,16,7,27,12,25	0,0,0,0,0,0,0,0,0,0	19,18,12,15,21,13,27,22,19,35	88	75
2746	5,6,9,11,13,5,3,9,9,16	4,5,11,7,9,3,4,6,7,9	12,7,6,4,10,6,4,6,2,11	4,2,6,14,8,7,8,10,11,9	150	75
2747	8,4,7,9,4,2,10,4,4,5	41,37,44,59,40,13,24,28,38,25	15,6,7,7,11,6,8,5,4,4	43,45,29,32,44,37,46,38,27,15	93	75
2748	8,11,11,12,7,3,6,13,7,8	26,41,34,49,46,27,27,23,29,39	9,17,10,13,5,7,8,5,6,10	53,31,35,28,42,44,43,35,52,19	150	75
2749	0,1,2,2,1,2,3,2,2,1	3,2,2,3,3,3,3,2,3,3	0,4,0,1,0,2,1,0,1,3	7,0,3,2,3,3,1,3,5,4	84	75
2750	2,5,3,2,4,3,2,4,4,4	2,0,0,0,2,0,1,3,2,1	5,3,1,4,4,4,3,5,4,7	1,2,4,3,1,1,1,2,2,4	150	75
2751	5,7,6,5,9,6,6,3,6,8	2,0,0,0,2,0,1,3,2,1	7,5,6,4,9,5,5,5,4,12	1,2,4,3,1,1,1,2,2,4	150	75
2752	4,2,3,4,6,4,4,1,2,4	0,0,0,0,1,0,0,1,0,0	4,2,5,1,7,1,2,0,0,5	1,0,0,1,0,0,0,0,0,0	78	75
2753	2,5,3,2,3,3,2,3,4,4	0,0,0,0,0,0,0,0,0,0	4,3,1,3,4,4,3,6,4,7	0,1,0,0,0,0,0,0,0,0	150	75
2754	2,5,5,5,4,3,6,4,5,4	0,0,0,0,0,0,0,0,0,0	4,3,4,5,5,5,3,6,6,7	0,1,0,0,0,0,0,0,0,0	150	75
2755	1,0,2,4,1,1,4,2,1,0	0,0,0,0,0,0,0,0,0,0	1,0,3,2,3,1,0,1,2,0	0,0,0,0,0,0,0,1,0,0	78	75
2757	2,5,3,5,4,2,2,8,5,4	157,173,176,146,109,156,102,144,128,134	1,7,4,4,6,6,8,2,4,5	164,129,151,191,125,169,141,155,169,177	150	75
2759	15,17,17,20,12,12,15,14,13,19	21,22,15,17,15,19,16,32,9,22	20,13,13,25,19,24,20,17,13,14	16,21,25,18,16,31,24,17,24,19	104	75
2760	11,11,7,8,5,10,10,5,2,11	18,25,21,27,20,16,27,22,29,24	7,13,9,8,9,5,6,10,9,8	16,29,21,17,20,23,28,13,36,32	89	75
2761	1,0,0,0,1,1,1,2,0,0	6,9,7,3,9,2,3,9,4,4	1,0,1,0,0,0,0,1,0,0	6,1,4,2,7,4,6,4,7,4	79	75
2762	167,209,230,216,179,207,183,210,220,211	0,0,0,0,0,0,0,0,0,0	195,196,156,225,221,188,223,206,248,249	0,0,0,0,1,0,0,0,0,0	84	75
2765	4,1,8,1,8,0,4,2,2,1	0,0,0,0,0,0,0,0,0,1	3,3,9,1,6,3,4,2,0,0	0,1,0,1,0,0,0,0,0,0	96	75
2766	15,23,26,26,20,25,26,24,14,19	61,73,61,62,59,51,40,51,51,82	15,23,18,23,23,14,35,14,33,24	60,43,64,74,66,52,80,79,71,70	150	75
2768	35,39,26,31,18,40,29,25,36,42	0,0,1,2,1,3,4,4,2,6	33,22,46,38,29,28,33,32,45,31	2,2,0,2,1,2,0,3,1,1	123	75
2769	53,48,43,39,25,41,23,39,39,61	2,0,1,6,1,3,1,1,3,4	36,22,35,30,40,38,46,33,42,47	1,2,2,2,2,2,2,4,1,5	123	75
2770	32,26,11,27,22,9,15,20,14,19	0,1,1,1,0,0,0,1,0,0	18,22,23,21,14,15,19,11,14,9	0,0,2,0,1,1,0,0,0,0	119	75
2771	41,40,37,43,27,31,33,41,47,41	0,0,0,0,0,0,0,1,1,0	37,31,40,37,49,30,53,42,39,32	1,0,1,0,0,0,0,0,0,0	150	75
2772	3,5,3,2,5,3,1,4,2,6	18,26,15,16,22,5,15,15,15,15	10,5,5,2,6,12,10,8,2,4	31,16,14,21,16,23,24,13,18,9	150	75
2773	92,129,121,116,116,83,81,90,118,120	3,5,2,2,5,6,2,4,4,7	103,99,98,95,107,126,139,112,113,102	3,5,2,3,5,2,2,3,1,3	131	75
2775	4,4,4,7,2,2,1,3,2,0	13,16,13,21,22,9,7,17,13,14	4,2,4,2,5,1,6,3,7,2	18,10,16,9,14,16,18,15,9,7	150	75
2777	42,46,49,64,24,52,53,42,50,33	2,2,1,0,0,0,0,0,0,0	35,50,46,54,56,40,42,37,63,57	0,0,0,2,1,0,1,0,1,4	82	75
2778	131,146,153,137,147,129,109,135,118,165	0,0,1,0,0,0,0,0,1,0	120,111,120,116,139,127,138,107,137,117	1,0,1,0,1,0,1,0,0,0	150	75
2780	586,716,575,599,641,329,429,497,491,446	0,1,0,1,1,0,0,0,1,1	651,480,599,559,704,536,689,453,387,271	0,1,0,1,0,4,0,0,0,0	150	75
2781	532,549,486,504,461,250,331,409,394,352	3,1,5,0,6,0,1,0,1,0	533,389,463,418,548,452,537,359,292,223	2,2,1,3,1,2,5,3,1,0	150	75
2782	0,6,2,4,1,1,4,1,2,3	15,13,18,24,17,7,12,23,17,20	2,2,0,1,8,4,3,1,3,4	15,17,18,17,11,27,21,24,19,26	85	75
2783	6,2,8,4,4,4,4,2,2,4	0,0,0,0,1,0,0,0,1,0	5,6,10,6,4,7,5,3,6,5	0,0,1,0,0,0,0,0,0,0	86	75
2784	0,0,3,0,1,0,0,2,0,1	6,11,4,14,8,17,6,6,1,9	0,0,2,0,0,0,0,0,0,1	16,6,16,16,8,6,10,11,8,13	93	75
2785	51,42,36,39,34,34,45,29,33,42	0,0,0,1,0,0,0,0,0,0	31,41,40,32,42,25,54,32,33,26	0,0,0,0,0,0,0,0,0,0	150	75
2787	0,0,0,0,0,0,1,0,0,1	248,264,248,289,255,317,227,270,291,264	0,0,0,0,0,0,0,0,0,0	310,248,306,274,318,292,311,320,346,315	150	75
2788	31,32,32,30,28,28,27,23,19,32	0,1,1,1,0,0,0,0,1,0	25,31,26,23,29,23,33,29,40,28	0,0,0,0,0,2,0,1,0,1	150	75
2789	0,6,1,5,2,2,2,1,4,5	13,10,5,16,9,3,7,5,8,12	4,3,4,0,2,8,2,5,9,11	13,11,6,8,11,8,5,8,15,2	120	75
2790	52,74,76,82,65,36,57,56,45,56	0,0,0,0,0,0,0,1,0,0	72,49,45,61,82,64,75,65,52,35	0,0,0,0,0,0,2,0,0,0	91	75
2791	0,1,1,2,2,2,0,1,0,1	6,6,7,4,6,6,4,9,4,11	0,0,0,0,1,2,1,1,2,2	10,5,3,3,3,7,6,1,4,3	134	75
2793	36,32,38,31,36,26,27,26,28,26	1,1,1,1,0,0,0,1,1,1	39,27,25,22,43,46,34,22,25,23	1,3,0,0,0,3,1,0,0,1	79	75
2794	0,0,0,0,0,0,0,0,1,0	7,6,7,4,5,6,2,3,5,5	0,0,0,0,0,0,0,0,0,0	2,5,5,8,8,4,6,3,5,4	131	75
2795	0,1,0,0,0,0,0,0,0,0	1,3,2,5,0,3,1,3,3,5	0,2,0,1,0,0,1,0,0,0	3,3,2,2,8,9,3,6,8,4	141	75
2798	10,14,5,11,12,12,9,10,7,10	0,1,1,0,1,2,0,1,1,0	10,12,12,10,15,9,13,6,16,4	3,0,1,0,0,2,0,1,1,1	108	75
2799	0,0,0,2,0,3,0,0,0,0	0,0,0,0,0,0,0,0,0,0	1,0,1,0,1,0,1,0,1,0	2,0,0,0,0,0,0,0,0,0	86	75
2800	3,3,2,8,3,2,5,2,5,3	4,0,0,1,1,3,2,2,0,1	1,2,2,4,1,1,3,2,0,4	0,1,2,0,1,1,1,2,0,2	86	75
2802	4,1,0,0,1,0,0,1,0,1	12,12,11,18,11,11,15,7,20,14	1,1,0,0,2,0,1,0,0,0	15,17,11,11,14,11,9,10,11,11	80	75
2803	96,117,91,119,107,116,86,108,109,96	0,0,0,0,2,0,0,0,0,0	101,98,109,134,89,87,140,106,109,133	0,0,0,0,0,0,0,0,0,0	150	75
2804	1,1,3,0,1,1,1,4,0,2	81,96,87,96,88,119,93,104,93,98	5,0,0,0,0,2,1,1,0,2	100,110,93,120,95,94,116,108,122,143	108	75
2805	1,3,4,1,4,3,2,4,1,1	0,0,1,0,0,0,0,0,0,1	2,2,1,2,2,0,3,2,3,2	1,0,0,0,0,0,0,1,0,0	150	75
2806	0,0,0,0,0,0,0,0,0,0	1,0,0,0,1,1,0,1,1,0	0,0,1,1,0,0,0,0,0,0	1,0,0,0,0,2,0,0,1,1	89	75
2807	12,23,14,17,14,7,10,8,18,19	23,12,18,16,14,12,14,6,11,24	11,19,20,13,20,26,25,17,11,8	16,14,20,19,16,24,19,11,13,9	150	75
2808	2,1,0,1,0,0,1,0,0,1	23,21,25,20,17,27,21,15,38,27	1,0,0,0,0,0,1,0,1,0	33,16,23,29,20,21,26,40,30,28	82	75
2809	17,31,26,18,16,32,19,23,29,29	37,28,30,31,29,39,30,26,27,27	18,17,22,37,33,31,27,21,26,30	39,29,35,40,43,21,33,27,42,45	94	75
2810	4,1,3,6,2,0,2,3,3,1	22,31,16,26,22,26,11,15,15,26	3,4,2,0,2,4,2,0,4,5	19,18,24,31,16,17,20,16,25,29	150	75
2812	31,31,30,26,28,40,25,30,29,34	0,0,0,0,0,0,0,0,0,0	25,25,38,29,23,29,33,36,28,46	1,0,0,0,0,0,0,0,0,0	82	75
2813	171,184,174,195,173,152,153,170,195,214	5,15,6,9,10,9,5,6,8,12	194,157,172,148,211,171,199,157,180,157	3,7,7,9,15,4,6,13,5,7	111	75
2815	88,119,125,122,107,51,64,95,82,107	0,0,0,0,0,0,0,0,0,0	128,94,91,77,109,109,105,60,73,36	0,1,0,0,0,0,0,0,0,0	150	75
2818	0,0,2,2,0,0,1,1,1,0	2,0,0,2,0,2,2,1,2,0	0,0,0,1,0,1,0,1,1,1	2,0,4,0,1,0,1,0,2,1	79	75
2819	0,0,2,2,0,0,0,0,0,2	0,3,0,1,0,2,0,0,0,0	0,0,0,1,0,0,0,1,0,0	0,0,0,0,0,0,0,0,0,0	79	75
2820	0,0,3,4,4,1,1,0,2,2	0,1,0,1,0,0,0,0,0,0	3,0,0,1,1,0,2,6,2,0	1,0,0,0,3,1,0,0,0,0	89	75
2821	5,0,1,5,4,3,5,2,2,2	16,15,17,5,11,9,13,4,12,10	6,1,2,4,1,2,6,4,1,4	5,7,10,6,13,12,9,5,12,5	121	75
2822	13,23,20,32,23,28,24,23,32,34	40,26,24,31,29,26,31,22,25,22	33,27,14,30,21,29,25,33,21,14	28,49,23,24,26,35,37,36,35,26	87	75
2823	0,0,0,0,0,0,0,0,0,0	8,11,6,6,5,8,6,8,8,6	0,1,0,0,0,0,0,0,0,1	10,3,5,3,5,5,10,7,2,7	79	75
2824	0,2,0,0,0,0,0,0,0,0	109,124,144,120,108,70,102,86,102,95	0,0,0,0,0,0,1,0,0,0	98,92,97,99,102,115,135,84,98,94	139	75
2826	0,0,2,1,0,2,2,0,1,0	0,0,0,0,1,0,0,0,0,0	2,0,1,1,2,1,2,1,0,1	0,0,0,0,0,0,0,0,0,0	150	75
2828	50,42,54,66,42,45,49,49,42,69	0,0,0,0,0,1,0,0,0,0	57,32,44,34,56,60,44,30,49,59	0,0,0,0,0,0,0,0,0,0	150	75
2829	5,14,8,7,9,5,4,4,11,10	51,51,51,55,40,39,29,53,32,43	6,5,4,4,13,4,4,6,2,5	53,43,37,41,48,46,42,47,42,27	150	75
2830	62,79,67,58,58,75,58,76,86,72	291,294,252,302,271,311,228,267,300,320	76,81,60,80,63,64,86,52,95,75	292,252,245,383,295,275,271,322,367,347	90	75
2832	13,8,16,20,18,6,14,16,12,10	0,0,0,0,0,0,0,0,0,0	16,10,4,4,11,15,16,9,11,10	1,0,0,0,0,0,0,0,0,0	102	75
2833	1,1,1,4,1,0,0,2,2,2	11,8,3,6,7,7,5,4,5,12	1,3,3,1,5,0,2,2,3,2	8,4,5,6,8,6,5,5,9,6	150	75
2834	30,32,23,26,21,13,22,28,16,23	13,15,16,19,20,8,8,8,19,6	21,25,20,30,37,25,28,19,21,22	17,17,16,11,22,20,24,11,7,7	111	75
2835	1037,1072,1061,1135,930,1172,998,1043,1111,1150	13,13,16,19,21,12,12,16,18,16	1088,1042,1022,996,1042,1027,1123,1032,1234,1350	18,19,12,18,16,11,15,13,18,33	81	75
2836	4,5,5,3,6,6,7,13,8,2	0,0,0,0,0,0,0,0,1,0	8,4,3,9,5,5,7,3,3,5	0,0,0,0,0,0,0,0,0,0	150	75
2839	0,1,1,0,0,0,0,1,0,2	25,23,30,16,22,15,16,19,16,12	2,2,2,1,1,1,0,0,2,1	20,27,22,22,23,21,15,15,9,7	82	75
2840	0,0,2,0,0,1,0,0,0,0	0,0,0,0,0,0,0,0,0,0	2,1,0,0,1,2,0,0,0,0	0,0,0,0,1,0,0,0,0,0	124	75
2843	44,43,45,35,38,46,35,43,32,38	0,0,0,0,0,0,0,0,0,0	35,35,41,37,41,33,44,48,37,39	1,0,2,2,0,0,1,0,0,2	150	75
2844	29,26,32,32,21,26,24,33,30,36	0,0,0,0,0,0,0,0,0,0	22,20,33,37,25,16,25,26,28,29	0,0,0,0,0,0,0,0,1,0	150	75
2847	1,3,4,3,0,4,7,1,0,4	0,0,0,0,0,0,0,0,0,0	3,1,0,2,2,1,0,1,3,0	0,0,0,0,2,0,0,0,0,0	114	75
2851	61,49,68,62,48,42,47,46,55,50	19,17,23,28,17,17,15,17,24,16	82,58,68,69,51,49,60,59,59,42	13,15,20,20,19,21,33,13,13,17	81	75
2852	82,87,98,108,84,72,70,60,68,104	0,0,0,0,1,0,0,0,0,0	79,78,87,75,117,108,109,92,88,65	0,0,0,0,0,0,0,0,2,0	150	75
2853	2,4,5,1,3,1,1,0,1,1	19,20,19,16,17,18,19,24,17,31	3,4,2,2,3,3,4,4,3,2	17,13,13,29,23,25,21,27,30,30	150	75
2854	0,0,0,0,0,3,1,1,0,0	7,11,9,15,10,13,7,4,6,11	0,0,0,1,1,0,0,2,0,1	13,13,9,9,10,19,17,6,14,13	150	75
2855	1,0,0,0,0,0,0,2,0,0	0,0,0,0,0,0,0,1,1,0	0,2,0,0,1,0,0,3,0,0	0,0,0,0,0,0,0,0,0,0	150	75
2856	7,7,12,6,4,7,9,10,13,10	1,2,0,1,0,0,0,1,1,0	11,10,7,4,6,7,9,5,8,9	1,0,0,0,0,0,2,1,1,0	113	75
2857	21,18,22,12,20,12,20,20,13,23	25,20,31,24,30,21,21,22,28,37	19,17,17,13,24,13,19,21,25,7	36,27,30,24,36,25,32,35,25,29	96	75
2858	30,27,27,29,21,14,15,15,19,8	22,22,21,22,30,8,15,13,23,16	29,21,23,22,24,23,28,22,23,7	25,19,15,27,26,27,22,13,13,8	90	75
2859	7,12,10,17,8,13,14,13,13,17	0,0,0,0,0,0,0,0,0,0	15,13,8,21,12,11,12,10,18,9	0,0,0,0,1,0,0,0,0,0	150	75
2863	10,14,10,11,5,13,4,13,5,8	0,2,1,0,1,0,2,0,0,1	7,6,13,12,10,8,5,6,10,7	0,1,1,0,0,0,0,0,1,0	127	75
2864	3,1,1,0,0,0,0,0,1,0	4,3,3,8,5,2,2,2,3,0	0,0,0,0,0,0,0,1,3,0	6,3,5,1,4,7,2,4,4,1	86	75
2865	5,6,10,6,8,4,5,4,5,6	17,26,23,16,14,22,20,15,17,25	8,4,8,3,6,8,8,4,4,4	26,14,18,30,31,35,23,10,15,14	150	75
2866	1,1,0,1,0,0,0,2,0,1	0,0,1,0,1,0,0,1,1,1	1,0,1,0,2,0,0,1,1,0	0,0,0,0,0,0,0,0,0,0	150	75
2868	0,0,2,0,1,1,0,0,2,2	0,0,1,0,3,0,0,0,1,0	3,2,0,1,0,1,1,0,2,0	0,0,0,0,0,2,2,0,0,0	101	75
2870	244,212,215,244,180,259,205,254,256,235	1,1,3,1,0,2,1,0,1,4	203,214,208,229,213,218,266,217,302,309	0,2,0,1,1,1,0,1,0,5	120	75
2871	0,0,0,0,1,0,0,0,0,0	3,8,2,5,7,2,0,2,1,2	0,0,0,0,0,2,0,0,1,0	3,2,3,6,5,8,5,3,0,0	107	75
2873	36,44,41,38,48,18,31,32,21,35	0,0,0,1,0,0,0,1,0,0	37,29,29,26,40,44,26,32,24,19	0,0,0,0,0,0,0,0,0,0	97	75
2874	29,39,42,31,33,27,29,42,38,40	0,0,0,2,0,0,0,0,0,0	41,36,33,48,39,41,47,44,50,44	0,0,0,0,0,0,0,0,0,0	150	75
2875	0,0,0,2,0,0,0,0,0,0	3,3,5,2,4,2,2,3,1,3	0,0,0,0,0,0,0,0,1,0	6,5,5,3,5,1,0,6,0,1	86	75
2877	4,4,6,6,3,7,3,5,4,3	0,2,0,0,0,1,1,0,0,0	5,0,1,2,4,2,11,4,9,11	1,2,0,0,2,2,1,0,0,0	150	75
2878	4,2,3,2,4,3,4,4,1,2	0,0,0,0,1,1,0,1,0,0	7,0,0,6,4,3,7,2,2,4	0,1,1,0,0,1,1,0,0,0	97	75
2879	0,2,2,0,0,0,0,0,0,3	4,0,2,3,1,4,1,3,1,0	0,0,0,2,1,3,0,0,1,0	1,1,1,4,1,5,2,1,1,1	86	75
2880	66,79,95,86,83,64,62,61,72,88	6,11,6,11,6,11,5,11,4,8	73,71,75,87,86,81,97,95,92,80	5,4,2,6,21,10,7,6,3,4	150	75
2881	0,2,1,4,2,1,1,3,1,1	47,58,68,51,61,39,32,44,63,48	2,0,1,0,3,2,0,0,1,1	68,42,50,63,49,51,65,49,57,36	148	75
2883	83,96,93,75,71,88,69,68,72,101	33,10,33,13,21,20,22,20,17,26	98,84,89,98,100,84,94,107,113,78	7,21,14,26,19,16,18,7,14,15	84	75
2884	66,108,89,87,77,80,75,95,87,106	1,0,0,0,0,2,1,2,0,0	99,108,85,98,90,78,97,87,92,85	0,0,0,0,0,2,0,0,0,0	150	75
2885	34,24,44,34,26,25,22,32,42,43	0,1,0,0,1,0,0,1,3,0	31,33,33,32,39,42,33,21,46,39	0,0,0,0,4,0,1,0,0,1	112	75
2887	16,21,31,23,13,18,21,29,28,16	1,1,2,3,1,0,2,0,3,2	15,25,14,11,26,20,30,9,9,14	2,0,1,1,1,1,2,0,1,0	150	75
2888	16,12,18,9,9,13,11,13,11,9	0,0,0,0,0,0,0,0,1,0	20,7,10,14,7,12,22,16,12,13	0,0,0,0,0,0,1,0,0,0	90	75
2889	0,0,0,0,0,0,0,0,0,0	6,17,20,9,8,13,9,8,15,10	0,0,0,0,0,0,0,0,2,0	14,2,10,7,14,12,12,13,6,22	77	75
2890	10,10,10,16,5,5,5,11,6,9	61,79,78,70,52,85,47,65,60,72	5,9,5,5,5,2,2,4,8,10	57,73,61,86,59,71,65,71,70,69	150	75
2891	2,2,5,1,1,2,1,4,2,4	0,0,1,0,0,0,0,0,0,1	3,1,1,1,2,3,3,2,1,0	0,2,0,0,0,0,1,0,1,0	150	75
2892	3,6,7,3,1,1,3,5,2,3	0,0,0,0,0,0,0,0,0,0	3,3,1,1,5,4,2,4,2,1	0,0,0,0,0,0,0,0,1,0	150	75
2893	11,10,10,9,12,9,10,8,8,5	1,2,1,0,1,3,1,0,0,1	9,12,12,3,7,4,4,11,7,5	3,0,0,0,0,0,0,0,1,0	94	75
2894	5,0,8,4,5,3,3,9,3,0	10,13,14,7,15,6,6,8,13,9	2,4,6,3,3,7,2,6,4,2	9,16,11,20,21,12,14,8,20,8	150	75
2895	0,4,2,1,0,1,1,2,5,1	11,8,4,9,5,15,8,8,10,8	1,1,1,1,1,3,1,0,0,1	11,4,3,5,10,7,15,8,5,10	147	75
2896	199,244,241,224,248,112,152,182,179,174	489,580,486,585,563,302,376,459,463,396	222,172,203,214,238,196,238,208,172,116	516,488,449,544,585,553,630,460,504,363	123	75
2897	110,114,115,96,109,43,64,87,74,73	5,7,14,8,3,2,10,8,4,10	107,88,84,106,110,95,117,95,86,58	7,4,6,3,8,2,8,12,11,3	123	75
2898	120,100,104,106,73,104,90,92,88,107	8,4,7,7,4,2,3,9,10,10	110,84,87,115,111,109,136,112,128,102	5,5,4,9,5,7,4,5,11,10	150	75
2899	7,17,12,13,11,4,9,7,12,6	0,1,0,1,1,1,0,0,0,0	11,6,5,9,13,7,8,14,7,20	0,0,0,1,0,0,0,0,0,0	150	75
2900	12,7,9,16,8,3,8,14,5,7	0,0,0,0,0,0,0,0,0,0	9,7,5,2,12,7,8,10,8,3	0,0,0,0,0,0,0,0,0,1	150	75
2901	5,5,4,11,6,2,3,3,7,3	0,0,1,0,0,0,0,0,0,0	7,6,6,4,6,5,8,5,6,6	0,0,0,0,0,0,0,0,0,0	150	75
2902	179,220,193,197,198,205,172,178,195,227	5,3,1,3,3,2,1,2,0,5	164,186,198,176,188,189,208,191,226,218	5,8,2,3,5,1,3,4,14,4	150	75
2904	0,0,0,0,0,0,0,0,0,0	1,0,2,1,0,0,0,1,0,0	0,0,1,0,2,0,0,0,1,0	1,1,0,1,2,2,0,0,1,0	83	75
2907	247,272,229,275,195,151,158,221,232,212	8,9,7,6,10,9,4,2,8,8	262,218,197,258,248,214,272,240,251,172	4,9,8,8,9,9,8,8,4,4	150	75
2908	0,0,1,0,0,0,0,0,0,0	7,13,11,10,6,6,8,9,8,8	0,0,0,0,0,0,0,0,0,0	9,5,14,10,10,11,8,6,6,9	79	75
2909	0,0,0,1,0,0,0,0,0,0	11,11,18,19,15,17,12,24,18,19	0,3,2,0,1,0,1,0,0,1	20,15,13,19,18,14,18,21,20,21	82	75
2911	45,43,46,69,32,31,36,38,35,39	9,8,5,4,5,9,7,4,11,9	41,45,47,69,41,55,51,38,44,29	5,6,6,4,4,7,5,8,6,6	150	75
2912	20,25,25,40,18,21,21,21,19,23	0,0,0,0,0,0,0,0,0,0	20,27,24,44,25,28,30,20,22,19	0,0,0,0,0,0,1,0,0,0	150	75
2913	7,10,6,15,7,10,7,11,8,4	0,0,0,0,0,0,0,1,0,0	8,12,5,9,16,7,11,10,13,13	1,1,2,0,0,0,1,0,0,0	150	75
2914	2,1,1,2,0,2,3,2,1,0	10,7,6,11,5,13,6,9,5,9	2,1,0,2,2,0,0,0,0,0	16,6,10,9,9,6,8,8,11,4	89	75
2917	95,102,107,104,89,54,76,71,90,87	0,0,0,0,0,0,0,0,0,0	100,94,71,88,85,96,107,79,66,52	0,0,0,1,0,0,0,0,0,0	92	75
2921	7,6,9,9,9,18,10,1,7,9	0,0,0,0,0,0,2,0,0,0	9,9,8,7,6,10,8,3,7,7	0,0,0,0,0,0,3,0,0,0	150	75
2922	2,3,2,1,6,3,0,1,0,1	20,9,11,20,4,6,14,14,10,10	0,3,1,2,0,2,1,1,1,2	24,14,14,13,22,8,9,12,11,2	124	75
2923	0,0,1,0,2,0,1,1,0,0	0,1,0,0,0,0,0,1,0,0	0,1,0,1,0,1,1,0,0,0	0,0,0,0,1,0,0,0,0,0	108	75
2925	0,0,2,1,0,0,0,0,1,0	0,0,0,0,0,0,0,0,0,0	0,0,1,0,0,0,1,1,1,0	0,0,0,0,0,0,0,1,0,0	150	75
2926	1,0,2,1,0,0,0,0,1,0	0,0,0,1,0,0,1,2,2,3	1,1,5,1,0,0,2,1,1,1	1,0,0,1,1,1,1,1,3,2	150	75
2928	7,18,16,16,16,24,22,12,16,21	109,108,95,124,120,140,94,101,107,148	27,26,9,12,17,19,13,27,23,18	112,97,103,108,113,107,111,95,121,123	105	75
2929	21,10,15,15,18,5,17,12,19,13	2,3,0,0,0,1,0,0,0,1	12,10,8,11,15,14,20,16,12,7	0,0,0,1,1,1,0,1,0,0	150	75
2930	27,14,19,20,16,15,10,10,26,25	1,0,1,0,0,3,0,0,0,1	25,24,18,28,17,14,26,25,16,16	2,0,0,0,0,0,0,1,0,1	91	75
2932	1,1,2,1,3,3,1,1,1,0	0,0,0,0,0,0,0,0,0,0	3,1,0,1,1,0,1,1,2,2	0,0,0,0,0,0,1,0,0,0	150	75
2933	5,4,1,2,6,1,2,1,3,3	0,0,0,0,0,0,0,0,0,0	3,3,1,2,2,2,5,1,0,3	2,0,0,0,1,0,0,0,1,0	107	75
2934	0,1,0,0,0,0,0,0,0,0	4,1,8,4,4,4,5,1,3,0	0,0,0,0,0,0,0,0,0,0	7,6,5,2,3,2,5,5,2,0	84	75
2935	12,14,5,7,8,3,9,4,11,12	22,28,35,18,22,9,19,24,29,25	12,9,10,14,13,9,25,8,6,7	35,28,22,40,45,65,45,20,19,23	95	75
2939	43,41,59,52,39,39,35,45,37,55	1,0,0,0,0,0,0,0,0,0	46,27,45,41,51,52,46,36,66,44	0,0,0,0,0,0,0,0,0,0	150	75
2940	7,7,6,11,3,1,4,6,6,6	39,37,50,45,36,37,29,43,31,53	11,3,3,5,9,3,7,9,6,13	43,23,44,39,41,49,42,33,62,38	150	75
2941	100,110,136,117,91,120,107,99,115,121	0,1,0,1,0,0,0,0,3,1	127,91,96,109,124,128,114,101,101,100	0,1,0,1,0,0,0,0,0,0	150	75
2942	12,8,10,11,7,2,10,6,8,6	96,106,127,110,88,118,101,97,109,119	10,3,5,13,9,4,9,14,8,17	124,87,95,107,114,125,110,98,97,94	150	75
2943	0,0,2,1,2,0,0,0,0,0	29,12,16,17,14,14,11,13,23,13	3,0,2,2,1,0,2,1,1,0	16,26,19,14,17,20,19,10,6,4	150	75
2944	0,0,3,1,1,0,0,0,0,0	1,1,0,0,0,0,1,1,1,0	3,0,2,1,1,0,2,1,1,0	1,1,0,0,0,0,0,0,2,0	150	75
2945	14,18,9,16,22,28,9,8,15,15	0,1,0,0,0,0,0,0,0,1	11,20,13,18,11,13,22,15,31,15	2,0,1,0,0,0,1,1,0,1	106	75
2946	12,11,13,11,8,14,20,15,14,14	1,0,0,0,0,0,0,0,0,1	17,15,13,15,16,13,15,11,12,28	0,0,0,0,0,2,0,1,0,3	150	75
2947	13,15,13,14,10,16,22,17,15,19	0,0,0,0,0,0,0,0,0,1	19,17,17,19,21,14,18,11,15,26	0,2,0,0,0,0,1,0,0,0	87	75
2948	1,1,0,0,1,0,0,0,0,0	20,20,20,18,21,30,16,20,23,29	1,0,0,0,0,1,1,0,0,0	22,20,19,24,20,12,26,19,38,29	103	75
2951	6,7,2,0,3,2,0,3,4,1	0,0,3,2,3,0,1,1,4,2	5,1,1,0,2,3,7,6,4,5	2,3,0,3,1,0,0,0,0,0	148	75
2953	693,657,717,707,443,672,669,687,703,894	243,239,266,233,147,237,232,251,217,273	702,589,777,758,787,818,832,748,924,916	251,227,264,249,286,277,290,245,279,338	101	75
2954	1734,2047,2141,2183,1878,1935,1630,1797,1700,2056	4,0,2,1,4,1,0,0,0,6	2025,1837,1960,1976,2152,1916,2290,1798,2046,1937	2,2,5,3,4,4,3,4,0,4	150	75
2957	4,0,1,0,0,2,1,2,1,2	30,24,16,27,37,24,15,28,25,16	2,0,0,0,0,0,0,0,0,1	21,28,17,23,20,30,25,30,24,26	150	75
2958	81,80,63,95,66,67,51,71,65,70	450,598,499,499,420,464,399,449,439,463	80,67,77,58,94,71,76,68,62,65	473,453,462,506,491,487,520,416,494,433	87	75
2960	0,1,0,1,1,0,2,0,0,0	14,15,23,28,22,16,16,23,17,25	1,2,1,2,0,1,0,0,0,0	27,28,27,26,30,22,30,28,27,21	150	75
2962	2,1,1,0,2,2,0,0,0,1	8,15,9,17,12,10,11,12,14,8	0,0,2,2,2,0,0,0,0,0	12,14,12,17,22,11,13,15,11,9	86	75
2963	25,49,26,31,25,20,19,30,30,27	145,151,147,149,108,58,89,103,111,97	34,23,29,34,41,33,36,28,18,16	136,105,115,99,146,118,136,123,98,70	150	75
2964	11,18,6,13,10,10,11,9,10,8	0,1,2,1,2,0,1,1,1,0	16,8,9,17,16,11,12,15,5,4	0,0,1,0,0,1,1,1,0,0	150	75
2965	0,0,2,0,0,0,0,0,0,0	0,0,0,0,0,0,0,1,0,0	1,0,0,0,0,0,0,0,0,0	0,0,0,0,0,0,0,0,0,0	145	75
2967	0,0,0,1,0,0,1,0,0,0	1,1,1,3,1,3,0,2,3,3	0,0,0,0,0,2,2,0,1,0	5,3,2,2,5,4,0,5,4,0	150	75
2968	0,0,0,0,0,0,2,2,0,0	1,1,1,3,1,3,0,2,3,3	0,0,1,0,0,2,1,0,3,1	5,3,2,2,5,4,0,5,4,0	150	75
2969	0,0,0,0,0,0,1,2,0,0	0,0,0,1,0,0,0,0,0,0	0,0,1,0,0,0,0,0,2,1	0,0,0,0,0,0,1,0,0,0	112	75
2970	8,12,9,11,9,10,7,8,10,8	1,1,1,0,1,2,0,2,0,0	10,11,5,13,9,8,6,7,7,10	1,3,0,2,1,0,0,0,0,1	150	75
2971	2,1,1,1,0,2,0,0,0,3	12,12,16,8,7,10,11,15,13,10	0,1,0,1,0,1,0,0,0,0	9,20,10,15,10,16,13,11,14,12	150	75
2972	3,7,6,5,9,5,1,4,4,6	1,1,2,0,3,4,1,4,3,2	3,5,6,2,4,0,5,3,0,4	3,7,3,3,5,4,1,6,5,6	105	75
2973	2,4,3,3,1,3,1,1,4,4	8,9,8,8,8,6,7,7,3,13	3,1,0,5,8,2,2,4,2,1	14,14,5,6,13,4,7,12,8,8	111	75
2974	1,0,0,1,0,0,0,0,0,0	6,16,14,6,10,10,6,14,9,11	0,0,2,0,0,1,0,0,0,0	7,10,7,8,9,8,3,2,10,7	86	75
2975	3,3,2,1,1,1,0,0,0,0	41,43,35,48,42,40,39,39,29,35	1,2,4,2,1,1,1,0,2,0	38,44,44,32,44,45,37,51,33,45	117	75
2976	2,4,0,0,1,1,2,0,1,2	43,55,78,58,55,66,57,66,51,59	4,1,0,0,3,1,3,0,4,0	55,61,46,53,64,50,70,50,71,61	150	75
2977	0,1,1,0,0,3,2,0,0,0	6,6,6,6,7,0,2,2,6,1	0,0,0,2,2,1,0,0,1,0	5,11,3,5,7,7,8,5,7,5	80	75
2978	34,36,29,37,32,31,24,18,24,28	0,0,0,0,0,0,0,0,0,0	32,24,39,33,33,30,26,33,20,18	0,0,0,0,0,0,0,3,1,0	150	75
2979	0,0,1,0,1,0,0,2,0,1	41,37,39,38,35,31,28,33,35,41	0,0,0,0,0,0,0,0,0,0	27,41,46,32,37,26,41,35,30,29	95	75
2980	22,29,28,41,35,28,29,32,34,36	0,0,0,0,0,0,0,0,0,0	39,39,23,25,35,33,27,28,26,40	0,0,0,0,0,0,0,1,0,0	150	75
2981	0,0,0,0,0,0,0,0,0,1	0,0,0,0,0,0,0,0,0,0	0,0,0,0,0,0,1,0,0,0	0,0,0,0,1,0,2,1,0,0	106	75
2982	0,0,0,0,0,0,0,0,0,0	0,4,0,3,0,1,2,3,0,0	0,0,0,0,0,0,1,0,0,0	0,2,1,0,0,2,2,1,1,0	106	75
2983	12,15,19,12,6,7,2,10,14,9	0,0,0,0,0,0,0,0,0,0	23,16,14,19,12,12,11,24,17,12	2,0,1,0,1,0,0,2,0,0	89	75
2984	0,0,0,0,0,0,0,0,1,0	74,52,77,75,52,61,54,57,62,86	0,0,1,0,0,0,0,0,0,0	76,64,79,53,75,72,81,71,60,74	79	75
2986	0,0,0,0,0,0,0,0,0,0	33,50,77,57,48,45,42,45,41,44	0,0,0,0,0,0,0,0,1,0	55,40,58,42,44,65,55,44,54,44	103	75
2987	12,6,10,10,2,4,4,7,3,5	120,147,121,92,113,68,80,84,98,63	9,10,6,8,22,5,11,11,4,2	117,101,103,126,123,137,133,94,108,51	96	75
2989	98,138,110,123,102,120,88,106,81,128	1,3,2,2,2,1,4,0,1,3	89,102,126,127,97,89,134,84,117,123	4,0,4,2,0,2,1,2,3,0	119	75
2990	127,119,123,131,113,117,101,110,122,116	3,7,0,8,11,7,3,5,7,6	105,106,124,111,134,114,135,88,113,121	2,5,2,3,6,4,8,4,6,4	150	75
2991	84,62,89,86,72,67,57,60,80,66	3,7,0,8,11,7,3,5,7,6	78,63,71,59,93,79,74,59,71,73	2,5,2,3,6,4,8,4,6,4	150	75
2993	8,6,5,5,9,1,5,8,5,2	10,5,10,12,12,9,6,4,9,4	8,1,3,5,4,7,3,2,6,15	7,10,4,5,5,8,8,13,12,3	150	75
2994	17,10,12,14,9,10,26,8,9,11	5,3,8,3,9,2,1,4,7,2	11,7,14,17,20,13,14,16,10,9	5,2,7,7,7,10,11,7,3,4	90	75
2998	25,25,34,30,24,14,16,20,24,19	0,1,0,0,0,0,0,0,0,0	19,22,22,21,22,13,23,20,17,13	0,0,0,0,0,0,0,0,0,0	84	75
2999	3,3,4,1,4,1,4,3,3,1	92,106,88,91,88,99,78,85,107,97	2,2,7,7,1,5,7,7,3,10	106,72,84,81,97,85,121,107,105,133	119	75
3000	171,201,192,231,190,211,139,181,173,236	0,0,0,0,0,0,0,0,0,1	174,171,211,186,173,184,199,193,225,230	0,0,0,0,0,0,0,0,0,0	150	75
3001	22,27,31,11,11,10,13,24,16,29	1,0,2,1,1,0,2,1,1,1	27,16,15,18,45,44,36,20,23,23	3,0,1,1,1,6,2,1,2,0	150	75
3002	66,88,64,65,53,48,55,52,55,75	1,0,2,0,0,0,0,0,0,1	53,63,71,85,64,78,94,86,84,53	0,0,0,0,2,0,0,0,0,1	137	75
3003	1,0,1,0,1,0,1,1,0,1	55,48,61,69,49,47,40,54,34,25	3,0,0,1,1,2,0,1,1,0	59,57,58,76,39,61,82,61,60,69	83	75
3005	0,1,1,0,1,2,0,1,1,0	61,70,73,89,63,63,31,58,55,70	0,2,0,0,0,1,3,0,1,0	71,51,61,55,70,52,52,58,75,43	89	75
3006	31,28,37,34,29,17,31,22,24,29	0,1,2,0,1,0,0,0,1,2	32,32,16,26,45,32,38,24,23,15	1,0,0,0,1,0,2,1,0,5	133	75
3007	2,0,0,1,1,0,0,0,1,0	23,22,38,35,33,17,22,23,33,18	1,0,0,0,1,0,2,0,0,0	31,19,25,17,33,18,32,25,23,12	110	75
3011	1,0,1,0,0,1,0,0,1,0	0,0,1,1,1,1,0,1,0,2	1,0,0,0,0,0,2,0,0,0	1,1,2,3,0,3,0,1,0,0	127	75
3012	5,4,5,11,2,9,2,4,4,0	13,12,12,8,3,20,10,8,7,12	3,3,1,6,4,6,2,0,10,5	9,15,9,8,15,12,16,11,26,21	150	75
3013	12,13,12,21,13,14,6,17,8,17	1,0,0,0,0,0,0,0,0,0	24,11,13,17,7,5,17,8,15,25	0,0,0,0,0,0,0,0,0,1	79	75
3014	17,25,27,21,23,13,14,20,18,12	166,185,174,185,182,49,102,125,101,143	21,17,20,15,26,24,19,17,15,7	189,128,136,141,173,165,175,145,86,59	99	75
3015	26,21,20,23,23,14,15,33,13,19	0,0,0,0,0,0,0,0,0,0	29,27,21,13,16,21,16,20,13,10	0,1,0,0,0,0,0,0,0,0	150	75
3016	147,131,141,110,132,96,80,130,125,141	0,0,0,0,0,1,0,0,0,1	134,114,139,117,144,117,127,102,117,91	0,0,0,1,0,0,1,1,0,1	104	75
3017	4,3,11,8,11,7,1,4,8,7	0,0,0,0,0,1,0,0,0,0	5,2,6,8,2,4,5,6,7,5	0,0,0,0,0,0,0,0,0,0	150	75
3019	0,0,1,1,0,1,3,2,3,3	448,469,432,472,445,582,433,465,487,501	1,1,0,3,1,0,3,3,1,2	469,473,503,463,530,483,572,420,590,632	150	75
3020	4,11,6,4,3,1,3,7,5,7	0,0,2,0,0,0,0,0,0,0	6,4,5,5,6,10,16,8,7,2	0,1,0,0,2,1,0,1,0,1	150	75
3022	102,121,139,85,62,43,84,90,109,89	25,31,21,18,27,9,11,28,31,32	106,75,75,83,188,182,183,115,72,54	35,24,25,15,52,38,58,32,19,11	150	75
3023	898,944,933,1023,1038,952,821,861,941,1062	0,0,0,0,0,0,0,0,0,0	962,917,907,918,948,965,1114,977,972,929	0,0,0,0,1,0,1,0,0,0	125	75
3024	2,1,1,2,1,1,0,0,4,0	22,17,16,19,15,15,13,31,23,20	2,1,0,3,4,0,2,1,5,0	29,13,16,17,16,19,18,21,27,34	146	75
3025	16,14,12,10,18,17,16,12,13,21	0,0,0,0,0,0,0,0,0,0	14,16,20,21,20,18,16,15,9,18	0,0,1,0,0,0,0,0,0,0	150	75
3028	3,4,0,1,3,2,2,3,3,6	0,0,0,0,0,1,0,0,0,0	2,3,4,3,4,2,3,0,2,1	0,0,0,0,0,0,0,0,0,0	116	75
3030	40,41,41,46,32,37,28,42,38,40	1,4,2,3,6,7,1,4,0,5	35,34,38,32,38,30,38,43,28,54	2,1,4,5,2,2,6,2,2,4	150	75
3032	0,0,1,3,1,0,0,2,0,1	45,33,29,56,43,38,32,37,44,36	1,2,0,1,0,2,1,4,2,3	31,37,36,27,44,28,30,32,40,25	150	75
3034	16,13,28,19,20,18,16,27,16,23	0,3,0,1,0,0,4,0,2,1	25,21,17,25,15,12,25,23,23,24	3,1,1,2,1,2,1,1,1,3	150	75
3038	0,0,0,1,0,1,0,0,0,2	71,72,70,71,74,37,58,75,66,60	0,0,0,0,0,0,0,0,1,2	56,71,69,68,73,86,86,75,55,41	86	75
3039	10,12,12,7,9,9,9,18,6,5	0,0,0,0,0,0,0,0,0,0	14,13,10,15,17,17,15,7,7,19	0,0,0,0,0,0,0,0,1,0	96	75
3040	6,11,7,8,11,2,4,5,5,7	11,16,13,16,10,5,10,10,10,10	9,3,8,6,7,10,6,5,2,1	8,12,5,13,15,12,23,15,8,2	90	75
3041	45,61,74,57,42,72,42,74,52,51	1,1,0,0,0,0,0,0,0,0	59,54,38,42,61,63,53,48,68,65	0,0,0,0,1,0,0,0,1,0	150	75
3042	1,0,0,0,1,0,0,1,0,0	1,1,0,0,0,0,2,0,1,1	0,0,0,0,0,0,0,0,0,1	3,1,0,0,1,0,0,0,0,0	86	75
3043	0,0,2,0,1,0,0,1,0,0	30,27,19,40,29,37,24,25,23,41	1,0,0,0,2,0,0,0,1,0	24,25,25,34,34,34,23,26,43,43	101	75
3044	1,0,1,3,0,1,1,0,0,0	0,1,0,1,0,1,1,1,0,0	1,0,1,2,2,0,0,1,0,3	1,1,0,2,0,0,1,1,1,0	88	75
3045	0,0,0,0,0,0,0,0,1,0	0,0,0,0,0,0,0,0,1,0	0,0,0,0,0,0,0,1,0,0	0,0,0,0,0,0,0,0,0,0	88	75
3046	9,14,14,18,17,7,10,6,14,18	4,3,1,2,2,1,2,3,1,3	22,14,5,10,12,18,16,14,7,14	1,3,1,6,2,1,4,1,0,1	84	75
3047	8,10,12,10,17,5,10,4,13,12	1,1,0,0,0,0,0,0,0,0	18,13,4,7,9,17,16,13,7,12	0,0,0,0,1,0,0,0,0,0	84	75
3048	30,43,44,37,44,29,40,23,38,34	30,27,26,32,38,33,27,26,21,41	51,37,36,45,30,51,47,42,38,38	35,37,24,44,22,36,42,29,39,16	84	75
3049	8,9,12,10,16,5,9,4,13,12	0,0,1,0,1,0,0,0,0,0	18,13,4,7,10,17,16,13,7,12	0,1,0,0,0,0,0,0,0,0	84	75
3051	32,26,35,49,33,43,41,19,23,32	1,0,0,0,0,0,0,0,1,0	29,41,22,32,34,24,24,30,44,53	0,0,0,0,0,0,0,0,0,0	150	75
3052	5,3,2,7,5,5,2,2,1,8	0,0,0,0,0,0,0,0,0,0	2,1,7,2,2,8,3,5,5,4	0,0,0,0,0,0,0,0,1,0	92	75
3053	9,6,12,11,16,13,8,15,12,8	0,0,0,0,0,0,0,0,0,0	16,10,9,20,9,10,13,8,5,7	0,0,0,1,0,0,1,0,0,0	112	75
3054	12,10,15,13,8,19,9,19,19,20	1,0,0,0,0,4,0,0,0,0	9,16,11,12,16,7,16,16,12,19	0,0,0,0,0,0,0,0,0,0	142	75
3055	30,27,32,41,44,41,26,48,37,51	0,0,0,0,0,0,0,0,0,0	28,33,30,26,48,37,47,38,46,43	0,0,0,0,0,0,2,0,0,1	96	75
3056	42,35,43,52,49,55,34,65,52,69	0,0,0,1,0,0,0,0,0,0	36,46,39,35,63,44,58,53,56,60	0,0,0,0,0,0,0,0,0,0	142	75
3057	12,8,11,11,5,14,8,17,15,18	0,0,0,1,0,0,0,0,0,0	8,13,9,9,15,7,13,15,10,18	0,0,0,0,0,0,0,0,0,0	121	75
3058	1,3,0,1,0,1,0,1,0,0	0,0,0,0,0,0,0,0,0,0	0,0,0,0,0,1,1,1,1,1	1,0,0,0,0,0,0,0,0,0	135	75
3059	1,3,2,0,6,4,1,1,2,1	1,5,0,3,3,1,2,0,2,2	1,4,0,6,0,2,2,1,5,1	0,2,1,1,2,1,4,0,0,4	79	75
3060	22,28,28,44,17,23,33,30,30,25	2,1,1,4,6,2,2,7,1,5	26,29,25,30,30,28,34,32,33,42	5,2,2,7,3,2,2,2,7,2	150	75
3061	2,0,0,2,1,0,0,0,0,0	7,6,9,12,9,1,8,11,5,7	1,1,0,0,0,0,0,0,0,0	6,10,9,4,11,7,9,8,0,11	150	75
3062	19,21,22,30,16,11,21,16,16,20	0,0,0,0,0,0,0,0,0,0	19,20,18,21,26,20,21,14,20,13	0,0,0,3,1,0,0,0,2,0	150	75
3063	0,0,1,1,2,0,0,2,0,0	0,0,0,0,0,0,0,0,0,0	2,0,2,0,2,0,0,1,1,0	0,0,0,0,0,1,0,0,0,0	150	75
3064	16,15,15,27,19,11,16,15,16,14	0,4,2,3,4,1,4,0,0,4	13,22,22,17,22,21,17,12,8,11	1,3,1,5,5,4,1,2,2,0	81	75
3065	0,0,0,0,0,0,0,0,0,0	1,0,1,1,0,0,1,0,2,1	0,0,0,0,0,2,0,0,0,0	1,2,1,0,0,0,1,0,2,1	89	75
3066	0,0,0,0,1,0,0,0,0,0	54,70,57,69,67,41,42,53,61,52	0,0,0,0,0,0,0,0,0,0	60,47,41,65,58,68,77,66,62,53	80	75
3067	1,4,2,2,2,6,1,0,2,1	1,0,0,1,2,0,2,1,0,2	9,3,0,4,2,2,1,1,1,1	1,0,1,0,4,0,0,1,0,0	85	75
3068	2,5,0,7,3,7,3,3,3,6	71,78,68,77,59,52,64,65,62,75	14,5,4,9,5,1,4,7,3,4	81,80,74,67,85,79,82,73,64,52	85	75
3069	0,1,1,0,0,0,0,2,2,1	44,41,39,54,41,50,38,45,42,53	1,0,0,1,1,1,0,1,0,0	51,41,30,44,39,47,56,41,63,46	150	75
3070	14,18,26,30,29,10,17,16,13,11	1,0,0,0,0,0,0,0,0,1	19,16,14,17,22,22,29,19,16,7	1,0,0,0,0,1,0,0,0,0	82	75
3073	1,4,0,0,1,1,2,2,0,1	69,73,82,76,61,61,72,76,65,67	0,0,0,0,1,3,0,0,0,1	94,66,86,76,83,69,74,60,76,75	150	75
3074	0,0,1,1,1,0,3,3,2,1	17,10,6,17,14,8,12,5,18,11	3,0,2,1,0,0,0,0,0,1	13,7,4,9,9,18,16,20,7,7	129	75
3075	76,117,114,136,133,89,121,75,85,111	2,1,1,2,0,2,1,1,0,2	63,94,118,95,126,100,91,71,83,74	0,2,1,0,0,0,0,2,2,1	103	75
3077	25,60,39,46,52,50,43,57,40,46	6,1,9,3,6,6,3,7,4,1	37,48,39,38,34,52,39,33,50,40	2,5,1,3,3,4,4,4,3,2	150	75
3078	7,5,13,8,7,2,6,8,4,7	75,62,77,80,45,53,50,62,55,78	11,5,8,4,8,6,8,4,6,8	91,55,55,57,72,59,57,69,82,77	87	75
3079	0,1,3,0,2,0,1,1,0,0	7,5,2,4,5,2,1,3,1,5	0,1,0,0,1,0,0,1,0,0	3,4,0,1,6,3,4,5,3,3	150	75
3080	0,2,1,0,0,0,0,1,2,0	0,2,2,1,1,0,1,2,3,2	1,1,0,0,0,0,0,1,4,1	1,1,0,0,0,4,0,1,0,2	110	75
3081	0,0,0,0,0,0,0,1,0,0	5,3,3,3,4,2,1,1,6,7	2,0,0,0,0,0,0,1,0,0	3,3,7,3,8,1,4,3,0,0	150	75
3082	7,9,10,8,7,0,6,0,4,8	25,30,20,28,19,11,17,20,25,21	3,9,5,6,3,2,6,4,3,1	33,22,25,23,20,30,14,19,28,29	93	75
3085	9,4,7,4,8,2,3,4,9,10	0,0,2,1,0,0,0,1,0,0	4,3,0,7,5,3,4,0,6,3	2,0,2,0,0,0,0,0,0,0	100	75
3086	7,2,4,5,5,0,3,1,7,3	0,1,4,2,3,2,4,4,4,4	1,3,3,1,6,2,0,4,5,1	3,3,4,3,2,3,1,3,1,1	84	75
3088	26,17,16,25,18,9,13,16,23,17	84,91,93,111,79,73,79,87,110,98	18,17,17,14,24,20,19,14,20,16	79,86,87,91,104,110,152,85,104,101	150	75
3093	2,0,3,4,3,3,5,2,5,0	10,4,4,5,5,3,11,12,8,8	3,1,0,4,3,5,0,2,5,0	12,3,4,12,7,6,8,9,8,4	99	75
3094	2,0,0,1,0,0,0,0,0,0	5,4,2,5,7,7,1,8,3,3	0,0,0,0,0,1,0,0,0,0	7,2,1,2,1,5,4,1,4,1	79	75
3095	3,1,3,1,1,1,2,0,1,2	56,63,70,61,45,61,51,55,57,58	1,0,1,0,1,2,0,1,3,0	59,69,60,36,55,76,94,62,66,69	99	75
3096	1,4,1,3,3,0,2,1,4,4	59,44,46,44,47,58,39,57,42,52	1,2,2,2,2,2,4,3,0,2	56,43,40,49,55,48,44,54,41,63	109	75
3099	70,65,85,91,72,91,82,53,69,96	7,4,9,8,4,8,6,9,12,10	65,85,74,115,79,67,90,97,103,99	14,9,4,9,17,5,7,5,9,8	114	75
3100	0,0,0,0,0,0,0,0,0,0	3,1,5,4,1,3,2,6,5,2	0,0,0,0,0,0,0,0,1,0	1,2,2,5,0,2,5,2,5,1	79	75
3102	50,49,45,48,55,30,32,54,48,49	0,0,0,0,1,0,0,0,0,0	63,50,45,38,68,53,61,53,70,37	1,0,0,0,0,0,0,0,0,0	150	75
3104	0,0,0,0,1,0,0,0,0,0	0,0,0,0,0,0,0,0,0,0	0,0,1,0,0,0,0,0,0,0	0,0,0,0,0,1,0,0,0,0	79	75
3106	1,0,0,0,0,0,0,0,1,0	0,0,0,0,0,0,0,1,0,0	0,0,0,0,0,0,0,0,0,0	0,1,0,0,0,0,0,0,0,0	150	75
3107	5,4,8,9,3,3,2,3,7,9	25,19,18,36,24,34,18,28,21,35	9,4,8,7,4,2,5,0,6,8	27,18,20,14,17,19,35,40,26,36	150	75
3108	26,32,34,34,31,42,23,38,33,35	2,4,0,1,1,0,1,1,4,0	38,32,41,54,36,35,33,27,43,51	1,1,0,0,0,0,0,1,3,3	150	75
3109	46,47,44,61,52,73,39,63,51,62	2,4,0,1,1,0,1,1,4,0	56,46,54,62,49,52,63,67,63,79	1,1,0,0,0,0,0,1,3,3	113	75
3110	22,28,27,29,29,41,21,35,30,27	2,0,0,1,0,1,1,1,0,0	29,28,34,51,33,33,28,28,37,43	1,2,1,0,1,0,0,1,1,0	113	75
3111	22,32,27,26,29,46,21,36,30,27	0,0,2,0,1,0,0,0,0,0	36,28,34,48,34,37,30,32,37,45	0,0,0,0,1,0,0,0,0,0	113	75
3112	7,10,5,9,4,7,8,6,5,5	283,226,265,248,202,282,288,313,321,290	11,4,3,6,6,12,4,6,11,3	254,233,290,270,288,291,337,303,299,357	150	75
3113	1,1,2,0,4,2,2,2,6,1	14,14,16,9,12,13,6,8,11,16	0,1,4,4,0,2,2,2,2,0	20,13,9,9,17,11,21,10,14,14	80	75
3114	36,41,32,56,35,28,23,34,45,35	0,0,0,0,0,0,0,0,0,0	38,35,45,41,35,29,32,46,45,32	0,0,0,0,0,0,1,0,0,0	150	75
3115	28,37,32,31,27,40,30,21,32,22	0,0,0,0,0,0,0,0,0,0	19,22,26,27,35,33,45,18,49,32	2,2,0,0,0,0,0,0,0,0	150	75
3116	3,8,3,6,3,6,7,0,3,2	0,0,0,2,0,0,0,0,0,0	3,3,0,3,4,4,2,7,3,1	0,0,0,0,0,0,0,0,0,0	150	75
3117	4,9,6,4,7,5,5,0,4,3	0,0,0,2,0,0,0,0,0,0	2,0,2,7,7,7,3,9,4,2	0,0,0,0,0,0,0,0,0,0	150	75
3118	5,7,7,7,9,4,10,6,9,3	2,3,2,4,1,3,5,0,2,1	7,4,3,12,13,7,6,4,11,7	2,3,0,2,2,1,0,1,3,1	150	75
3120	9,4,5,9,3,5,4,6,4,6	0,0,0,1,0,1,0,0,0,2	4,3,3,6,2,6,9,6,1,5	0,0,0,0,0,0,0,0,2,0	123	75
3122	0,0,3,2,3,1,3,1,1,1	40,32,31,33,30,34,34,37,39,28	0,0,3,1,0,0,4,1,2,0	42,17,38,32,26,19,26,19,29,20	150	75
3124	14,12,15,14,6,11,12,16,11,9	4,8,7,7,7,2,6,2,8,4	22,16,9,17,22,18,13,9,14,19	2,5,4,6,8,7,4,2,4,3	135	75
3125	17,12,13,26,19,6,8,8,12,21	0,0,0,0,0,0,0,0,0,0	20,5,15,16,13,15,13,18,7,16	0,0,0,0,3,0,0,0,0,0	150	75
3126	1,2,1,0,1,0,1,1,1,0	16,32,29,28,34,20,18,14,24,20	0,0,0,0,0,1,3,0,0,1	17,24,20,21,34,24,27,15,19,17	150	75
3131	10,11,13,9,13,5,10,3,10,8	4,3,3,1,3,0,0,4,4,2	12,6,5,9,13,11,10,6,4,4	0,2,1,0,0,2,2,0,2,1	90	75
3133	1,1,0,3,0,0,0,0,1,1	3,2,3,2,1,1,2,2,0,3	0,1,0,0,0,0,1,1,0,0	2,3,2,0,2,0,3,2,1,2	150	75
3134	0,0,0,2,0,0,0,1,3,0	56,75,73,58,62,81,54,50,58,68	0,1,0,1,1,1,1,0,0,0	64,75,41,75,63,58,67,54,56,54	125	75
3136	0,5,1,4,1,2,2,0,0,0	11,12,6,6,4,7,8,8,3,8	0,1,2,1,1,0,3,3,4,1	6,6,12,7,9,6,6,8,3,9	150	75
3137	38,45,51,44,42,33,36,32,40,45	70,75,82,88,96,65,49,71,74,87	52,39,42,38,52,36,48,46,53,42	63,65,61,64,59,58,79,110,82,88	81	75
3139	0,0,0,0,0,0,1,0,0,0	34,24,21,28,23,25,37,26,21,39	0,0,0,0,0,0,0,0,0,0	23,32,21,29,21,27,26,16,21,41	103	75
3140	34,35,24,38,37,26,21,30,27,23	1,3,0,1,2,0,0,0,1,0	21,29,20,33,30,34,35,17,21,34	1,0,0,0,0,0,0,3,0,1	150	75
3142	30,49,36,48,30,22,21,43,31,47	2,3,5,1,4,2,1,1,1,2	26,47,28,29,40,28,40,35,41,35	1,0,1,0,2,1,1,3,5,0	150	75
3143	4,1,0,3,2,0,0,0,0,3	29,31,36,35,28,29,20,25,30,26	2,1,1,1,1,2,0,0,4,2	30,33,33,35,29,34,38,28,34,30	104	75
3144	46,30,48,32,41,30,34,48,37,28	1,1,1,0,1,1,2,0,0,0	28,38,37,36,32,40,43,45,45,26	2,1,0,1,0,0,2,1,2,2	128	75
3145	29,48,49,49,49,37,18,21,25,35	0,0,0,0,0,0,0,0,0,0	32,41,42,35,47,25,59,27,27,22	0,0,0,0,1,0,0,0,0,0	150	75
3146	13,13,18,11,8,4,5,5,14,6	0,0,0,0,0,0,0,0,0,0	17,7,6,8,8,14,10,8,7,6	0,0,1,0,1,0,0,0,0,0	150	75
3147	0,0,1,1,0,0,1,0,0,1	0,0,0,0,0,0,0,0,0,0	0,0,2,0,0,1,1,0,0,0	0,0,1,0,0,0,0,0,1,0	150	75
3149	65,76,68,82,64,59,67,57,53,53	0,0,0,0,0,0,0,0,0,0	66,93,48,56,82,67,63,58,67,63	0,1,0,1,0,0,0,0,0,1	150	75
3150	187,236,232,243,247,225,192,262,216,262	0,0,1,0,0,0,0,0,2,2	250,252,213,227,234,232,247,229,293,243	2,1,0,0,0,1,1,0,0,0	150	75
3151	84,106,78,94,72,86,75,80,87,101	18,31,27,24,19,24,24,20,35,32	100,81,94,110,82,94,99,79,84,78	24,22,15,33,27,25,24,19,22,21	78	75
3152	103,127,95,115,89,98,84,94,100,123	64,69,68,82,59,60,56,73,62,63	115,95,104,131,99,105,112,99,105,95	69,60,50,53,65,71,63,58,69,37	87	75
3153	176,236,183,238,189,187,151,197,200,228	0,0,0,0,0,0,0,0,1,1	207,184,193,225,220,190,220,207,217,191	0,0,0,0,0,0,0,0,0,0	132	75
3154	37,52,44,45,36,36,33,34,48,54	64,69,68,82,59,60,56,73,62,63	39,36,25,54,44,36,37,39,43,38	69,60,50,53,65,71,63,58,69,37	84	75
3155	110,161,132,168,136,125,100,137,148,159	0,0,0,0,0,0,0,0,1,1	131,125,114,148,165,121,145,147,155,134	0,0,0,0,0,0,0,0,0,0	129	75
3156	137,178,156,205,159,149,123,176,162,168	0,0,0,0,0,0,0,0,1,1	161,149,139,147,186,156,171,166,181,133	0,0,0,0,0,0,0,0,0,0	120	75
3157	150,180,168,167,167,117,114,143,145,140	38,28,26,32,43,29,31,26,28,27	145,171,159,196,173,150,171,175,147,119	39,23,32,28,33,41,31,29,38,22	150	75
3159	114,99,123,131,120,146,127,122,96,152	0,0,0,0,0,1,1,0,0,1	124,90,128,122,128,112,112,109,153,149	1,0,0,0,0,0,1,0,1,3	127	75
3160	38,44,52,44,45,13,22,28,22,27	1,1,1,0,0,1,2,1,0,1	34,31,32,31,38,38,35,30,29,12	0,0,0,0,3,2,3,0,0,0	150	75
3161	36,51,46,38,43,51,43,41,40,44	79,87,104,113,81,95,72,76,80,96	46,55,43,28,36,40,46,37,44,56	89,95,78,76,86,92,88,80,112,115	84	75
3163	24,21,18,32,28,22,19,13,17,17	10,13,12,12,11,8,8,12,4,9	13,18,22,20,28,25,20,22,22,20	9,5,15,9,17,11,11,13,11,8	119	75
3164	6,2,4,6,7,3,3,5,2,6	1,5,6,1,1,6,2,0,1,6	5,5,7,1,7,6,5,4,2,6	5,5,2,2,3,10,2,6,8,3	119	75
3168	0,3,3,2,2,0,2,1,2,0	0,1,0,1,1,0,0,1,0,0	1,1,2,0,4,5,2,0,1,1	1,1,0,2,0,0,0,2,0,0	150	75
3172	1,2,1,1,1,0,1,0,5,0	784,835,809,653,559,575,710,689,809,871	0,1,3,0,3,0,0,0,2,1	756,618,688,774,899,874,917,738,762,811	120	75
3173	241,213,253,252,208,201,154,224,177,253	0,1,0,0,0,1,0,0,0,0	244,194,247,225,243,225,233,231,243,204	1,0,0,0,0,0,0,0,0,0	121	75
3174	61,69,69,90,68,64,41,66,59,76	0,0,0,0,0,0,0,0,0,0	69,69,76,78,84,48,75,60,60,88	0,0,0,1,0,0,0,0,0,0	150	75
3175	0,0,0,0,0,0,0,0,0,0	21,12,20,15,12,7,12,10,12,12	0,0,0,0,0,0,0,0,1,0	11,8,14,18,29,4,13,17,8,9	111	75
3178	0,0,0,0,0,0,0,0,0,0	7,7,5,2,3,3,12,8,3,2	0,0,4,0,0,2,0,0,0,0	8,5,5,4,0,2,0,7,6,7	150	75
3181	5,1,0,1,1,2,0,2,2,3	215,218,217,258,189,169,196,227,205,248	2,1,1,2,0,0,5,1,1,3	243,193,219,218,211,205,248,210,199,231	87	75
3182	13,21,20,20,11,9,6,15,17,10	1,0,1,0,0,0,0,0,0,0	24,10,7,19,14,18,33,7,11,14	0,0,0,0,0,1,2,0,0,0	150	75
3183	27,22,25,38,20,21,31,28,24,20	0,0,0,0,0,0,0,0,0,0	16,21,17,23,24,17,30,22,31,41	0,0,0,0,1,0,0,0,0,0	150	75
3184	104,134,144,135,156,151,125,122,128,149	2,0,1,1,3,1,2,1,0,1	137,147,139,142,170,144,133,137,152,154	0,1,3,1,2,5,0,0,2,3	80	75
3185	5,3,10,3,3,8,9,4,4,4	4,1,3,0,4,4,5,4,1,0	9,5,9,2,7,8,6,10,7,7	2,4,5,4,2,4,1,1,1,2	80	75
3187	10,8,5,7,5,3,6,11,5,9	9,10,22,20,26,12,17,21,18,20	6,8,0,6,8,11,9,3,7,1	20,17,10,23,26,11,17,11,24,12	114	75
3188	0,3,2,6,0,1,3,4,2,4	1,0,0,0,0,0,0,0,0,0	3,1,2,5,3,1,1,2,1,2	0,0,0,2,0,0,2,0,0,0	86	75
3189	805,801,835,885,708,777,709,772,752,838	0,0,0,1,0,0,0,1,0,0	836,767,757,721,889,698,826,745,826,858	2,1,0,0,0,0,1,0,0,0	150	75
3190	1,5,3,2,2,6,7,1,2,2	250,193,241,250,198,190,213,223,212,245	4,3,2,4,7,1,2,2,3,2	220,198,211,208,217,223,229,190,217,229	150	75
3191	6,5,4,4,4,4,2,5,2,5	2,0,1,2,0,1,2,0,1,1	6,3,3,2,2,2,2,6,6,1	0,0,0,0,0,2,3,0,0,0	89	75
3192	415,439,428,495,379,589,401,445,428,520	0,0,0,0,1,0,0,0,0,0	452,437,479,439,471,403,472,434,550,619	0,0,0,0,1,0,0,0,0,0	150	75
3193	44,45,46,41,32,33,37,40,40,38	0,2,0,1,0,0,1,0,0,0	36,40,50,35,63,34,43,21,24,35	0,0,0,0,0,0,0,0,1,0	150	75
3194	3,8,3,1,5,3,1,3,3,4	0,0,2,0,0,2,0,0,0,1	5,7,7,3,10,4,4,2,1,2	2,0,0,1,1,2,0,0,0,0	150	75
3195	5,8,3,4,3,2,4,8,5,10	3,3,0,2,2,1,3,0,6,6	10,7,7,4,13,2,5,1,5,1	1,2,1,4,4,1,3,0,6,0	150	75
3196	3,3,4,4,2,2,4,7,4,9	3,3,0,2,2,1,3,0,6,6	8,3,2,2,6,2,3,0,4,0	1,2,1,4,4,1,3,0,6,0	150	75
3197	1,1,2,1,0,4,1,3,2,3	0,0,0,1,0,1,0,0,0,0	1,0,2,1,0,0,5,0,5,1	0,0,0,1,0,0,0,0,0,0	113	75
3199	0,0,3,1,1,1,3,0,0,1	1,0,0,0,0,1,0,0,0,0	1,1,2,2,4,1,1,1,0,0	0,0,0,0,1,0,0,0,0,2	150	75
3200	11,9,14,7,12,12,17,10,14,12	5,8,12,4,2,5,4,4,5,3	8,15,10,10,14,17,20,10,19,8	4,4,3,5,10,1,8,8,6,5	87	75
3201	200,237,236,247,212,257,182,247,214,257	1,0,0,0,0,0,0,0,0,0	261,196,218,233,224,247,263,237,261,252	0,0,0,0,1,0,0,0,0,0	110	75
3202	0,0,0,0,0,0,0,0,0,0	0,0,0,1,1,0,0,0,0,0	1,0,0,0,0,0,0,0,0,0	0,0,0,0,0,1,0,0,0,0	79	75
3203	36,25,30,33,29,19,26,30,28,21	9,9,2,7,5,6,2,7,1,2	28,27,34,38,30,33,35,27,27,35	5,2,4,4,13,3,4,0,13,6	78	75
3205	35,36,49,37,48,25,31,38,33,37	57,27,49,39,44,38,25,39,28,58	40,38,44,39,63,29,44,51,42,51	35,34,52,42,52,47,38,48,44,43	81	75
3206	30,46,45,55,57,31,40,37,53,48	6,12,4,8,9,3,2,4,2,10	63,35,46,26,42,42,37,35,41,29	5,4,2,4,3,6,5,10,4,7	87	75
3207	145,156,164,194,158,203,152,142,159,170	0,0,0,0,0,0,0,0,1,0	178,146,171,158,159,131,195,150,184,205	0,0,0,0,0,0,0,0,0,0	150	75
3208	51,59,64,65,48,58,48,54,52,65	3,0,2,4,2,2,2,1,3,3	59,59,70,41,52,62,48,56,47,55	3,2,1,4,0,1,0,4,1,3	104	75
3209	21,18,19,15,13,13,14,17,22,19	1,0,0,0,0,0,0,0,0,0	21,24,28,24,23,14,15,15,19,24	0,0,0,0,0,0,3,1,0,0	104	75
3210	140,139,171,156,125,138,119,128,137,166	0,0,0,0,1,0,0,0,0,0	120,137,149,126,135,131,164,137,160,120	0,0,0,0,0,0,0,0,0,0	150	75
3211	1445,1539,1576,1530,1369,1167,1155,1441,1365,1287	24,7,4,11,10,9,11,13,13,12	1506,1272,1298,1430,1495,1408,1591,1315,1294,1010	18,11,7,11,12,13,8,8,10,13	141	75
3212	21,14,22,25,18,9,6,17,13,16	12,2,5,3,2,1,2,7,5,3	16,14,16,11,19,15,8,9,5,3	5,5,3,1,2,3,6,10,4,4	79	75
3215	0,0,0,0,0,0,0,1,1,0	0,0,0,0,0,0,0,0,0,0	0,0,0,0,0,0,0,0,0,0	0,0,1,0,0,1,0,0,0,0	112	75
3216	0,0,0,0,0,0,0,1,1,0	0,0,1,0,0,0,0,0,0,0	0,1,0,0,0,0,0,0,0,0	0,0,1,0,0,0,0,0,0,0	112	75
3219	8,17,7,8,9,2,7,9,6,5	1,4,1,2,1,1,1,3,5,3	7,5,6,9,5,8,14,5,10,10	1,2,2,4,2,0,1,2,4,3	90	75
3223	17,7,5,13,10,1,7,12,5,7	59,58,66,74,57,18,34,38,49,26	13,11,9,4,12,9,11,8,4,0	60,53,52,40,63,54,55,46,32,15	108	75
3224	63,46,61,59,34,9,29,43,25,33	0,0,0,0,0,0,0,0,0,0	61,45,37,33,54,44,57,29,26,5	0,1,0,0,0,0,0,0,0,0	150	75
3225	106,97,124,120,83,26,57,70,69,52	0,0,0,0,0,0,0,0,0,0	108,88,80,69,107,91,104,68,54,20	0,1,0,0,0,0,0,0,0,0	126	75
3226	0,1,0,0,0,0,0,0,0,0	0,0,0,0,0,0,0,0,0,0	0,0,0,0,0,0,1,1,0,0	0,0,0,0,0,0,0,1,0,1	84	75
3227	0,0,0,0,0,0,0,0,0,1	1,0,1,1,0,1,0,1,0,1	0,0,0,0,0,0,0,0,0,0	0,0,0,0,2,1,1,1,2,0	150	75
3228	2,3,0,0,0,1,1,0,0,1	33,31,34,57,42,28,20,26,32,33	0,1,0,0,3,0,0,1,1,1	42,38,28,34,46,45,31,35,24,17	150	75
3230	157,155,149,152,132,164,152,119,110,139	0,0,0,0,0,0,0,0,0,0	136,140,117,144,134,140,166,152,141,147	0,0,1,0,0,0,0,0,0,0	150	75
3231	4,1,2,3,1,2,0,3,0,1	43,45,45,50,47,49,35,47,47,46	0,1,0,0,3,0,1,2,1,0	57,34,50,39,43,56,41,27,47,54	150	75
3232	91,126,125,148,106,109,107,111,98,118	0,0,0,1,0,0,0,0,0,0	120,115,94,123,122,118,137,94,131,110	0,0,0,0,0,0,0,0,0,0	150	75
3233	0,0,1,4,0,0,0,0,1,1	0,0,0,0,0,0,0,0,0,0	5,1,1,0,3,0,1,0,2,0	0,0,0,0,0,1,0,0,0,0	150	75
3235	26,22,29,29,24,29,19,18,23,32	0,0,0,1,0,0,0,0,0,0	24,22,12,17,30,20,17,24,20,27	0,0,0,1,0,1,0,0,0,0	78	75
3236	3,4,4,4,4,1,4,5,1,2	0,0,0,1,0,0,0,0,0,1	4,0,3,0,3,6,5,8,4,0	0,0,0,0,0,1,0,0,0,0	118	75
3237	12,14,13,16,10,3,6,7,9,9	0,0,2,0,1,0,0,0,2,0	10,11,2,5,12,3,4,7,7,1	2,1,0,0,0,1,0,2,1,0	150	75
3238	7,18,18,16,14,14,14,13,6,11	5,4,2,2,1,1,2,3,1,2	16,19,11,9,14,8,19,9,14,7	3,4,2,2,3,3,4,1,2,2	93	75
3240	3,1,1,3,1,0,0,1,3,2	0,0,0,0,0,0,0,0,0,0	1,0,1,2,3,4,0,3,1,0	0,0,1,0,0,0,1,1,1,0	117	75
3241	24,26,37,15,25,20,25,28,30,35	9,22,25,25,15,13,9,10,12,11	36,34,26,33,25,32,35,22,29,25	22,20,15,17,29,12,23,11,17,18	150	75
3246	27,25,22,30,44,15,14,26,20,28	3,1,5,4,2,5,1,3,4,4	27,22,30,26,30,24,28,20,31,19	2,3,6,1,1,5,6,3,7,3	95	75
3247	3,2,3,3,2,0,2,3,2,1	0,0,0,0,0,1,0,0,1,0	1,0,1,0,2,1,2,0,1,0	0,0,0,0,0,0,0,0,1,1	150	75
3248	3,5,5,3,6,1,1,2,4,2	4,0,1,1,1,0,1,0,0,5	4,2,4,5,3,1,3,0,1,4	0,0,0,2,1,1,0,1,1,4	150	75
3249	105,167,110,98,101,119,134,107,131,96	31,42,19,25,31,31,39,26,18,20	86,115,85,113,109,104,160,87,115,110	17,17,28,28,20,27,31,25,34,21	79	75
3251	25,28,25,27,25,19,18,17,19,22	12,16,23,25,27,21,18,17,10,23	12,16,16,18,26,14,36,22,21,16	25,21,17,25,30,21,27,28,24,23	105	75
3252	62,82,70,73,70,58,64,55,57,73	1,5,1,4,5,8,1,0,3,2	54,44,60,58,54,46,86,63,57,47	5,3,3,2,1,1,3,1,4,1	150	75
3253	50,71,72,72,72,61,65,57,51,74	1,5,1,4,5,8,1,0,3,2	67,51,62,65,59,54,81,69,60,55	5,3,3,2,1,1,3,1,4,1	126	75
3254	3,4,7,8,6,2,1,1,2,1	2,2,1,6,2,0,1,2,0,3	7,0,1,4,5,9,3,2,1,2	4,1,0,2,1,0,3,3,1,0	150	75
3255	20,26,23,17,19,7,10,15,9,9	0,10,13,4,2,3,4,2,0,3	19,14,9,12,12,12,27,18,17,13	3,5,4,4,6,6,5,2,4,4	150	75
3256	15,18,17,19,8,16,10,16,16,6	1,0,0,1,1,0,0,1,1,0	17,13,9,12,19,12,13,14,13,14	0,0,3,0,0,0,1,0,0,0	150	75
3258	15,17,13,21,14,17,14,9,16,26	0,0,0,0,0,0,1,0,0,0	15,17,15,11,18,12,16,11,23,18	0,0,0,0,0,0,0,0,0,0	150	75
3260	0,0,1,0,1,0,0,0,1,0	19,16,19,19,13,8,8,12,17,11	0,0,0,2,0,0,0,0,2,0	20,15,16,15,14,14,10,22,13,14	86	75
3262	75,77,80,89,87,81,69,76,67,74	1,0,0,0,0,0,0,0,0,0	93,92,78,78,93,88,93,88,105,93	0,0,0,0,0,1,0,0,0,0	150	75
3265	6,7,6,6,8,5,3,7,3,7	0,2,2,3,0,0,1,1,1,2	12,5,2,6,9,13,10,3,1,1	0,1,0,2,1,1,0,0,2,0	84	75
3266	57,56,75,66,62,36,61,71,49,60	0,0,0,0,0,0,0,0,0,0	57,43,42,63,68,53,69,62,63,49	0,0,0,0,0,0,0,0,0,1	150	75
3267	17,32,26,38,33,17,27,21,16,25	11,6,13,14,13,7,9,8,16,11	26,21,15,22,24,33,25,25,20,11	8,8,6,17,13,5,9,12,9,7	90	75
3268	19,24,23,22,25,5,11,9,10,9	9,12,6,11,6,1,1,9,3,2	19,22,13,11,25,14,27,10,8,4	12,4,3,4,8,5,5,6,3,1	90	75
3269	0,0,0,0,1,0,0,0,0,0	6,13,11,13,11,3,10,11,11,11	0,0,0,2,0,0,0,0,0,0	15,13,9,7,11,10,6,12,11,13	91	75
3271	63,56,45,51,39,23,34,37,32,40	0,1,0,0,1,0,0,1,0,0	43,38,40,37,65,45,49,34,25,18	1,0,2,0,1,0,0,1,0,0	150	75
3272	99,108,141,137,117,79,79,124,84,88	0,0,0,1,1,0,1,1,0,0	127,96,124,121,98,94,119,112,81,73	1,0,0,1,0,1,0,0,1,0	103	75
3273	21,21,31,35,25,20,19,35,12,25	0,0,0,0,0,0,0,0,0,0	31,36,24,32,28,22,32,22,15,20	0,1,0,1,0,0,2,2,0,0	103	75
3275	16,21,20,12,12,25,21,15,13,13	0,0,1,0,0,1,0,0,0,0	15,23,19,15,13,17,15,21,21,26	0,0,0,0,0,0,0,0,0,0	150	75
3276	40,39,38,24,34,38,35,26,38,34	4,2,6,2,0,8,3,2,3,7	31,47,36,29,29,40,31,44,56,48	5,2,5,5,1,2,4,10,6,0	150	75
3277	23,32,36,36,28,22,21,19,18,23	2,3,9,2,5,1,1,4,1,7	17,25,51,28,29,25,31,27,20,13	4,2,1,7,3,1,1,2,3,1	84	75
3279	0,0,0,1,1,0,1,0,1,0	0,2,0,0,0,0,0,0,0,1	0,0,0,1,0,0,0,0,0,2	0,1,0,0,0,0,0,0,0,0	150	75
3282	97,89,89,111,93,69,74,80,71,75	8,11,2,7,3,4,0,4,5,2	108,81,88,85,112,110,100,68,79,61	2,5,5,4,4,4,14,2,5,9	150	75
3283	0,1,4,1,2,1,5,2,9,1	27,29,32,36,31,28,18,25,33,34	1,2,1,3,3,2,4,4,5,0	32,42,25,20,47,35,32,21,22,15	111	75
3284	0,0,0,0,0,0,0,0,0,0	0,1,0,0,1,0,1,0,0,0	0,0,0,0,0,0,1,0,0,0	0,0,1,2,0,0,1,0,0,0	79	75
3285	3,0,0,0,3,0,0,0,1,1	14,14,8,7,8,5,4,9,11,13	1,0,0,3,1,1,0,1,3,3	5,14,6,12,3,12,4,15,21,7	79	75
3286	25,32,37,46,24,35,21,28,26,36	3,0,0,2,1,1,0,1,0,2	35,20,34,30,39,34,34,19,33,37	2,0,1,1,1,1,1,0,1,1	150	75
3287	26,34,39,51,26,41,23,28,31,39	4,5,13,4,1,5,3,2,2,7	35,23,37,33,42,34,36,22,34,39	5,4,2,1,2,2,1,6,3,1	150	75
3288	4,2,2,8,3,7,5,1,5,5	4,5,13,4,1,5,3,2,2,7	3,3,4,4,4,2,3,3,2,5	5,4,2,1,2,2,1,6,3,1	112	75
3289	3,2,2,7,4,6,5,0,5,3	6,8,5,5,4,5,7,2,8,4	1,3,3,3,3,1,2,5,2,4	5,3,2,4,6,6,6,3,3,3	112	75
3290	1,2,2,6,2,6,5,1,5,3	29,11,21,32,17,32,32,30,34,32	1,3,3,5,3,1,2,3,1,4	21,28,16,16,25,24,22,23,25,23	112	75
3291	0,0,0,0,0,0,0,0,0,0	3,2,1,3,2,5,0,1,6,4	1,0,0,0,0,0,1,0,0,0	0,1,1,2,2,3,5,0,2,0	100	75
3294	25,24,21,32,32,17,23,21,21,35	2,0,1,0,0,0,0,0,0,0	28,26,17,32,37,18,30,22,25,22	0,0,1,0,1,0,0,1,0,0	150	75
3296	4,2,5,15,6,4,3,3,8,10	321,363,330,417,334,268,293,298,291,369	7,7,0,5,8,3,4,6,3,4	331,331,281,300,332,304,351,300,365,333	100	75
3297	222,279,261,264,258,231,233,243,221,300	0,0,0,0,0,0,0,0,0,0	268,266,243,273,262,250,296,270,293,318	0,0,0,1,0,0,0,0,0,0	142	75
3298	0,0,0,0,0,0,0,0,0,0	9,7,8,7,3,1,10,3,6,8	1,0,0,0,0,0,0,0,1,0	10,7,10,5,6,5,5,5,5,1	91	75
3299	45,25,63,61,44,23,31,40,38,32	3,10,3,5,5,6,2,6,7,4	44,36,38,40,46,33,36,45,36,25	5,6,4,9,7,3,6,8,7,5	132	75
3300	10,15,18,12,17,15,18,17,10,21	3,1,7,1,5,4,0,3,5,0	22,18,6,14,14,21,27,14,21,30	1,0,3,4,2,4,3,1,4,1	144	75
3301	47,53,54,43,51,77,60,68,56,58	612,717,671,710,651,761,715,673,768,755	70,50,36,50,44,55,79,41,67,80	727,732,695,676,766,726,971,854,898,945	144	75
3303	55,67,57,72,75,56,51,61,54,72	1,3,2,5,3,3,0,2,3,6	61,66,67,84,64,68,88,75,55,46	1,3,3,2,5,3,4,4,0,3	150	75
3304	41,31,43,28,37,48,47,27,32,46	0,0,0,1,0,0,0,0,0,0	47,35,51,33,42,31,36,46,37,43	0,0,0,0,0,0,0,0,0,0	126	75
3305	23,17,21,29,32,32,36,35,26,36	1,0,0,1,2,0,0,0,2,0	46,29,27,31,40,26,28,20,36,20	1,0,0,0,0,0,1,0,0,0	150	75
3306	8,9,8,10,2,8,11,12,5,5	5,4,7,7,9,8,7,5,3,6	5,14,7,11,8,6,13,10,14,7	3,6,6,6,5,5,6,6,5,2	78	75
3307	115,112,91,107,106,139,88,107,93,108	0,0,0,0,0,0,0,0,0,1	124,105,111,118,116,103,110,104,129,95	0,0,0,0,0,0,0,0,1,0	150	75
3309	48,40,52,53,32,46,55,37,49,53	1,3,9,11,7,5,3,4,5,6	56,35,53,49,49,43,40,43,48,68	3,3,0,4,10,4,8,5,7,5	118	75
3310	43,50,49,61,37,45,63,47,51,58	0,2,8,1,1,3,2,2,3,6	49,31,35,49,50,60,49,60,53,57	2,3,4,1,2,2,4,3,2,6	150	75
3311	72,81,92,65,66,82,77,75,88,72	4,2,1,1,4,0,0,6,6,3	95,81,69,70,96,83,84,56,83,93	4,2,0,2,1,3,3,4,2,3	118	75
3312	67,91,89,73,71,81,85,85,90,77	2,3,2,3,1,3,1,1,3,0	88,77,51,70,97,100,93,73,88,82	1,1,1,2,2,0,3,2,2,0	150	75
3313	3,1,2,0,0,1,6,2,0,2	4,5,6,7,8,8,8,7,2,15	3,1,0,0,3,1,1,3,2,2	6,11,5,6,7,4,5,3,9,7	96	75
3314	3004,3856,3448,3469,2541,2286,1668,3515,3146,2896	674,708,699,695,491,392,330,675,605,568	3244,2511,1144,476,3002,2674,4150,2551,2603,2312	736,552,228,90,643,508,729,527,562,504	108	75
3317	52,41,54,41,48,52,39,39,39,55	1,2,0,0,2,3,0,0,1,2	47,49,28,32,42,51,43,49,36,53	1,3,2,1,3,0,0,0,0,0	143	75
3318	36,36,38,28,27,27,39,34,26,35	45,33,29,31,33,35,31,29,22,32	54,37,31,41,39,21,38,31,54,28	42,36,30,32,28,30,42,32,27,31	150	75
3319	21,28,25,20,19,13,31,21,23,17	45,33,29,31,33,35,31,29,22,32	38,26,13,32,27,13,23,22,29,17	42,36,30,32,28,30,42,32,27,31	150	75
3320	0,1,2,0,0,0,0,0,5,0	15,9,15,8,8,14,8,13,8,18	0,1,0,1,1,0,2,1,0,0	16,11,18,10,13,8,17,10,25,11	90	75
3321	84,97,76,98,102,84,89,87,86,97	1,0,2,1,1,3,0,2,0,1	118,88,93,126,103,86,98,127,150,136	0,0,2,2,0,0,0,0,1,0	89	75
3322	0,0,0,0,0,0,0,0,1,0	168,130,126,159,137,94,116,146,123,132	0,0,0,1,0,0,0,0,0,1	145,117,131,130,140,133,151,138,114,106	98	75
3323	183,185,178,204,147,138,137,183,173,171	0,7,1,3,9,8,2,5,4,3	181,165,174,188,152,165,193,166,194,174	3,5,2,3,2,3,6,4,7,6	150	75
3324	0,3,0,0,0,0,4,0,1,0	27,25,22,16,18,13,23,11,10,17	0,0,1,0,1,1,0,1,2,0	11,15,13,16,29,25,21,17,23,13	106	75
3325	5,1,3,5,1,1,1,3,3,3	0,0,0,0,0,0,0,0,0,0	3,6,1,2,2,2,4,3,0,1	1,1,0,0,1,0,0,0,0,0	150	75
3326	1,4,0,1,1,4,0,3,0,2	3,1,0,1,0,1,0,0,0,0	2,5,2,2,0,0,1,0,0,0	0,3,0,1,0,2,2,1,0,3	118	75
3328	3,2,1,0,1,2,1,1,1,2	0,0,0,0,0,0,0,1,0,0	1,0,1,0,2,0,0,1,3,1	0,0,0,0,0,0,0,0,0,0	150	75
3334	16,12,13,11,16,13,6,19,11,13	7,11,4,10,4,10,9,2,10,10	15,14,13,28,9,14,11,15,11,11	5,5,3,8,9,7,11,1,5,5	119	75
3335	183,207,194,192,171,139,173,178,205,187	7,6,5,11,4,6,5,9,9,12	174,170,173,197,215,197,217,202,176,174	3,15,6,5,8,11,8,10,4,5	123	75
3336	5,4,7,9,3,1,7,2,10,4	39,42,38,54,34,34,37,55,53,37	4,3,5,7,6,6,1,3,9,6	47,39,45,39,33,36,55,41,49,23	150	75
3337	54,62,64,74,61,58,48,55,42,72	0,0,0,0,0,0,0,0,0,0	52,70,35,53,70,45,79,45,53,53	0,1,0,0,0,0,0,0,0,0	150	75
3338	1,1,0,1,0,0,0,0,0,0	50,62,62,71,60,57,48,54,42,68	0,1,1,0,1,1,1,0,4,3	50,69,35,53,64,44,76,44,49,51	86	75
3339	41,35,55,48,44,44,40,36,43,43	1,1,0,0,0,0,3,0,2,0	43,38,49,41,50,38,45,38,40,41	1,0,0,4,1,0,0,2,0,0	150	75
3341	25,27,17,7,11,6,11,12,13,13	48,44,48,54,54,22,29,32,61,47	17,14,14,16,11,14,8,9,22,14	46,34,34,38,42,38,45,37,43,38	150	75
3342	13,13,10,5,6,4,7,4,6,12	2,3,0,3,1,1,0,1,1,1	10,8,6,7,5,8,2,3,9,9	0,1,0,0,0,1,0,1,1,2	150	75
3344	0,1,1,2,0,2,0,3,1,0	0,0,0,0,3,1,2,0,0,0	1,0,0,0,0,1,1,0,0,0	0,0,1,0,0,0,0,0,0,2	78	75
3349	8,15,6,10,14,7,3,3,5,11	3,2,2,0,4,1,2,3,2,2	12,5,8,10,6,14,19,8,10,7	4,1,0,2,2,1,2,2,1,0	102	75
3350	0,0,1,0,0,0,0,0,0,0	64,64,82,96,66,51,57,60,59,73	1,0,0,1,0,1,0,0,0,0	73,68,79,65,55,84,80,51,49,35	150	75
3351	2,4,2,3,8,3,6,0,3,6	125,105,123,132,117,122,97,144,141,125	4,3,3,7,4,2,6,3,10,5	123,121,111,93,114,134,153,136,155,147	85	75
3353	82,64,71,89,72,52,45,74,52,59	1,2,1,0,0,1,1,6,1,2	51,55,60,49,59,69,72,45,55,44	1,0,2,1,1,0,1,0,1,2	85	75
3354	38,26,33,28,21,47,27,36,28,34	1,0,0,0,0,0,1,0,0,0	33,41,35,32,33,34,39,35,33,45	0,0,0,0,0,0,0,0,0,0	94	75
3355	13,23,20,16,13,5,9,9,6,12	17,21,17,18,16,6,16,10,14,13	22,7,13,7,16,21,21,16,6,7	14,8,23,16,15,12,15,9,11,9	82	75
3356	1,3,4,2,2,0,0,3,0,0	0,3,2,1,3,0,1,3,2,2	0,2,0,0,4,0,0,0,0,0	2,5,0,3,2,2,3,1,1,1	82	75
3357	2,2,4,1,6,0,3,2,1,5	18,25,13,22,20,23,17,22,15,26	4,2,3,2,3,1,4,1,3,0	14,14,18,7,8,13,21,16,15,16	89	75
3358	3,2,3,2,2,0,4,0,0,0	20,21,20,25,21,22,17,15,20,7	0,3,0,0,3,1,0,0,3,1	26,16,15,21,24,15,31,14,25,29	150	75
3359	3,2,2,7,5,6,7,2,3,4	0,0,0,0,1,1,0,0,1,0	2,6,2,2,1,5,6,3,8,3	1,0,0,0,0,0,2,0,1,0	79	75
3360	1,0,0,4,0,1,0,2,0,4	13,17,15,11,5,11,11,16,15,17	3,1,0,0,2,0,2,1,1,0	10,10,16,9,13,14,18,9,12,7	150	75
3362	1,2,5,1,6,3,1,1,2,1	187,201,177,215,207,177,150,150,148,195	3,1,2,2,2,2,4,1,4,2	196,182,187,216,190,162,221,203,182,186	150	75
3363	3,1,1,0,0,0,3,2,2,3	0,2,0,2,0,0,0,1,2,1	0,0,0,2,0,1,0,2,3,1	0,1,1,0,0,1,0,1,3,1	150	75
3364	0,0,0,0,0,0,0,0,0,0	0,1,0,0,0,0,0,0,0,0	0,0,0,0,0,0,0,0,0,1	0,0,0,0,0,0,0,0,0,0	89	75
3366	0,0,0,0,1,0,0,2,0,0	1,1,0,1,0,0,0,1,0,1	0,0,0,0,1,0,0,0,0,0	0,0,0,0,1,1,0,1,1,1	112	75
3367	1,1,0,3,1,0,1,0,1,2	56,46,52,58,46,37,37,48,46,70	1,0,1,2,0,0,1,2,4,2	63,40,52,53,63,49,48,37,41,32	109	75
3369	0,0,0,2,2,0,0,1,0,1	10,18,8,13,9,9,12,14,12,9	0,0,0,1,1,0,1,0,0,3	13,10,12,13,15,10,10,7,10,12	88	75
3370	0,0,1,0,3,0,0,1,0,0	0,0,0,0,0,0,0,0,0,0	0,0,0,0,1,0,0,0,0,1	0,0,0,0,0,0,0,0,1,0	88	75
3372	0,0,1,0,0,0,2,2,1,0	0,0,0,0,0,0,0,0,0,0	0,0,1,0,1,0,1,0,1,0	1,0,0,0,0,0,0,0,0,0	150	75
3375	2,0,1,2,1,2,0,0,0,0	6,2,10,5,5,0,3,0,0,4	3,1,1,0,2,0,0,0,0,0	2,3,4,2,3,3,4,0,1,2	150	75
3376	3,0,1,2,2,3,2,1,2,1	82,67,94,114,84,70,68,93,93,91	0,1,0,2,1,1,1,1,1,1	97,84,96,98,125,96,104,88,97,80	150	75
3378	23,19,26,21,27,18,15,14,21,23	0,0,0,0,0,0,0,1,0,0	27,22,22,21,29,29,29,27,20,17	0,0,3,0,0,0,0,0,0,0	142	75
3379	0,1,1,2,0,0,1,0,2,1	1,1,1,0,2,0,4,1,0,0	5,2,0,1,3,0,5,0,0,3	0,1,0,0,1,1,4,0,2,0	79	75
3380	5,2,2,3,2,4,1,1,5,7	60,42,70,59,61,64,43,67,52,82	4,1,9,3,5,3,5,0,4,4	62,49,48,66,74,71,74,43,66,50	132	75
3381	3,2,1,3,4,4,1,2,5,8	60,42,70,59,61,64,43,67,52,82	5,2,8,3,5,5,4,4,6,4	62,49,48,66,74,71,74,43,66,50	150	75
3382	0,1,1,2,2,1,0,1,2,2	2,1,2,2,0,1,0,0,2,1	2,1,3,2,2,2,1,4,2,1	1,0,3,2,2,0,2,0,0,1	99	75
3385	0,0,1,1,0,0,0,1,1,2	0,0,0,1,0,0,2,1,2,2	2,1,0,0,0,0,0,0,1,1	0,0,0,0,1,1,1,0,0,1	84	75
3386	1,1,0,1,2,2,0,2,0,1	1,2,4,4,2,2,3,3,0,5	3,0,0,2,1,2,1,1,0,0	4,1,4,3,1,4,1,4,6,8	86	75
3387	5,3,3,8,1,1,3,3,5,2	1,1,3,0,0,1,0,0,1,3	5,3,2,2,6,3,5,1,2,2	2,3,0,0,5,3,1,2,2,1	150	75
3388	114,105,100,125,102,108,94,110,123,115	2,1,1,5,3,6,1,3,2,1	123,119,103,103,122,118,127,106,114,132	2,4,3,1,2,2,3,3,1,4	91	75
3390	21,17,26,16,27,20,26,26,20,20	0,4,0,0,3,1,0,4,1,3	19,17,11,22,13,16,19,15,25,22	2,0,3,1,1,1,3,0,2,4	110	75
3391	8,5,11,8,1,6,6,5,6,6	0,0,1,0,0,1,0,1,0,0	5,4,2,5,6,4,11,6,2,2	0,0,1,0,1,0,2,1,0,1	122	75
3392	1,0,0,0,0,0,0,0,0,0	0,2,2,0,1,0,0,3,0,1	0,0,0,0,0,0,0,0,1,0	0,1,2,2,0,1,0,0,2,0	84	75
3393	3,1,1,2,2,1,1,0,0,0	59,80,67,64,62,64,61,69,69,63	2,0,2,2,0,3,0,0,0,0	84,50,55,74,84,62,69,47,69,62	84	75
3394	0,0,0,1,0,0,0,0,0,0	7,16,15,4,13,4,7,8,19,6	0,0,0,0,0,0,0,0,0,0	14,8,9,10,16,6,5,8,4,8	81	75
3395	0,0,0,2,0,0,0,1,0,0	10,12,15,8,7,6,10,5,5,12	0,0,0,1,0,0,0,0,0,0	7,7,9,6,17,5,5,9,7,5	90	75
3397	0,2,0,2,1,0,0,0,0,0	7,6,3,8,3,5,7,14,2,5	0,1,0,1,0,0,0,0,0,1	6,5,10,7,6,4,4,6,6,5	88	75
3398	6,3,1,5,3,8,6,4,3,13	0,1,0,0,1,0,0,1,0,0	3,0,0,4,4,4,3,1,4,1	0,0,0,1,0,0,0,0,0,1	90	75
3399	13,11,23,21,18,26,19,13,15,28	26,22,39,36,40,26,15,25,38,41	18,28,8,19,18,18,16,10,19,13	33,27,34,40,45,28,39,51,38,32	90	75
3400	197,292,241,255,249,233,198,236,222,217	0,1,0,0,0,1,0,1,0,0	223,223,211,223,274,230,286,203,197,208	1,1,0,0,0,0,0,0,0,0	121	75
3406	5,0,1,3,1,6,4,3,5,2	32,35,30,46,34,44,35,33,24,40	1,4,2,2,2,4,1,3,1,6	32,41,38,33,32,31,44,46,37,35	96	75
3407	4,0,0,0,1,2,2,0,1,0	5,3,4,5,1,3,4,5,7,3	0,1,1,1,3,1,0,0,1,3	4,4,2,2,1,3,2,3,0,5	96	75
3410	106,145,115,103,101,76,81,70,93,103	0,0,0,0,2,0,0,0,0,0	108,98,112,125,121,112,109,112,94,71	0,1,0,2,0,0,1,0,0,0	150	75
3411	0,1,2,2,1,0,1,0,0,1	1,1,0,0,0,0,0,0,0,0	1,1,1,2,4,1,4,2,1,2	1,0,0,0,0,0,0,0,0,0	150	75
3412	0,0,0,2,0,0,1,0,0,0	0,0,0,0,0,0,0,0,0,0	0,0,0,1,1,1,3,0,0,0	0,0,0,0,0,0,0,1,0,0	150	75
3415	18,8,14,14,11,18,10,4,8,9	0,0,1,0,1,0,0,0,2,0	10,13,9,14,15,8,14,12,7,9	0,0,0,0,1,0,0,0,1,0	150	75
3416	53,51,46,54,42,20,27,37,24,33	0,0,0,0,0,0,0,0,0,0	35,31,29,35,46,38,47,34,36,56	1,0,0,0,0,0,0,0,0,0	150	75
3417	70,80,76,77,63,52,62,65,68,77	2,0,0,1,0,0,0,0,0,1	75,75,66,69,87,66,71,73,58,55	0,1,0,1,5,0,0,0,1,0	122	75
3418	0,0,1,0,1,1,3,0,1,1	36,46,44,41,35,45,21,56,42,43	0,0,3,0,3,1,1,0,2,1	41,33,51,35,43,38,47,38,57,39	103	75
3419	33,23,22,25,35,16,16,23,21,14	23,27,27,31,21,13,10,15,17,26	28,25,14,28,23,19,20,24,25,12	35,29,16,26,28,29,28,34,27,21	87	75
3427	14,18,13,20,11,4,17,10,8,18	3,2,1,8,3,2,1,3,5,3	20,9,17,6,16,12,10,14,8,8	4,2,2,6,3,3,7,2,0,0	85	75
3428	70,80,78,83,77,82,76,87,58,71	0,0,0,0,1,0,0,0,0,0	61,85,61,80,60,64,94,83,87,117	0,0,0,0,0,0,0,0,0,0	150	75
3429	66,74,74,80,76,75,72,82,55,70	1,1,0,0,1,0,0,1,0,1	59,84,58,78,58,62,89,77,82,108	0,1,0,1,1,0,0,0,0,0	150	75
3430	0,0,0,0,1,0,0,0,0,0	1,1,0,0,1,0,0,1,0,1	0,0,0,0,0,0,0,0,0,0	0,1,0,1,1,0,0,0,0,0	139	75
3431	47,69,61,55,78,85,55,63,61,66	2,1,0,0,2,1,0,0,1,1	47,85,65,66,57,63,77,75,76,93	1,3,1,0,0,0,0,0,3,1	139	75
3432	0,2,0,2,0,1,1,1,1,0	0,0,0,0,0,0,0,0,0,0	0,1,0,2,1,0,1,0,1,3	0,0,0,0,0,0,0,1,0,0	150	75
3434	40,38,44,43,35,40,35,33,37,35	1,5,4,12,8,4,5,7,5,6	29,45,41,37,42,28,52,27,50,36	2,2,1,2,6,3,5,4,2,7	137	75
3435	1,4,0,1,2,0,2,2,1,2	55,87,48,68,66,52,57,72,66,79	1,1,0,1,0,0,2,0,0,0	86,76,55,75,85,73,83,65,71,60	116	75
3436	0,0,1,0,0,0,1,1,0,0	2,3,3,5,3,0,1,5,2,6	0,1,0,0,0,0,0,0,0,2	4,3,1,2,3,3,3,1,8,5	150	75
3437	57,66,56,88,59,41,40,46,49,54	2,1,0,2,1,0,1,1,0,4	54,42,52,65,61,55,48,51,42,39	0,0,1,1,2,1,1,1,1,1	105	75
3438	39,55,62,67,49,48,36,55,60,59	0,0,0,0,1,0,0,0,0,0	59,56,53,54,62,62,52,54,78,69	0,0,0,0,0,0,0,0,0,0	150	75
3440	4,4,4,5,3,5,5,3,7,4	242,252,239,313,290,199,186,231,207,263	6,3,2,4,4,4,6,4,2,5	295,235,258,250,298,263,283,267,257,199	83	75
3442	236,207,244,243,218,150,142,212,190,223	0,0,0,3,2,0,1,1,3,0	242,189,195,201,266,201,270,169,168,141	1,0,0,3,0,0,0,1,0,1	150	75
3443	0,2,0,0,0,0,1,0,0,0	1,1,0,0,0,0,0,1,0,0	0,0,0,0,0,0,0,0,0,0	0,1,0,1,3,0,0,1,0,0	150	75
3444	4,3,5,3,5,1,1,1,5,2	0,0,0,0,0,0,0,1,0,0	4,2,4,0,2,2,1,3,3,3	0,0,0,0,0,0,0,0,2,0	103	75
3445	9,12,10,7,4,4,7,8,4,9	1,2,1,2,0,1,4,2,1,3	9,3,10,5,6,6,3,3,8,2	0,2,0,4,0,1,1,1,3,1	103	75
3446	7,7,15,5,11,5,6,8,8,8	4,3,0,2,0,0,1,0,1,0	11,7,9,6,9,9,14,9,10,5	2,2,2,0,0,3,5,1,5,0	103	75
3447	10,7,16,12,9,3,8,5,13,12	0,0,0,0,0,0,0,0,0,0	10,7,9,6,10,5,14,6,9,11	2,0,0,0,0,0,0,0,0,0	98	75
3448	65,65,65,56,39,49,60,66,81,78	13,9,8,9,3,2,4,7,7,12	82,51,65,58,62,80,81,56,67,85	6,10,6,6,5,5,6,4,10,11	110	75
3449	0,0,1,0,0,1,0,0,0,0	5,2,5,3,4,5,3,6,7,6	0,0,1,0,1,3,0,1,1,0	5,5,6,0,7,5,4,1,2,3	150	75
3451	0,1,0,0,0,1,0,0,0,1	2,3,1,4,3,3,2,0,0,3	1,0,0,0,0,0,0,0,0,0	4,1,2,1,1,3,5,3,0,2	80	75
3452	1,0,1,2,3,1,0,2,1,0	2,1,1,0,5,1,1,1,0,2	0,2,0,0,1,0,3,0,0,0	2,1,0,2,2,3,4,2,0,0	150	75
3454	2,3,0,1,1,3,0,5,1,3	242,207,237,222,155,205,197,211,204,289	6,1,4,1,2,1,3,2,0,2	209,203,216,216,249,235,248,196,282,255	150	75
3455	48,50,66,59,57,16,30,63,39,40	6,12,9,12,10,6,8,11,7,3	49,58,50,47,62,66,51,60,44,33	15,7,8,5,7,7,13,8,8,3	150	75
3456	9,5,5,3,7,6,3,0,5,7	3,1,2,0,1,0,1,2,1,2	0,6,4,6,4,10,3,5,2,5	1,0,1,0,1,2,1,0,1,2	131	75
3458	0,1,1,0,0,1,0,0,0,0	1,4,3,1,0,1,3,0,2,7	0,1,0,0,0,1,0,0,0,1	1,1,2,1,4,3,6,2,1,2	150	75
3459	0,0,0,0,1,2,0,0,3,0	0,0,0,0,0,0,0,0,0,0	0,0,0,0,0,1,1,0,2,1	2,1,0,0,2,0,0,2,0,0	150	75
3461	1,4,3,1,1,3,3,0,5,7	0,0,0,0,0,0,0,0,0,0	1,1,2,1,4,4,7,2,3,3	2,1,0,0,2,0,0,2,0,0	150	75
3464	28,35,39,43,35,20,43,41,30,52	5,1,4,6,7,1,2,2,4,5	39,36,22,23,43,24,42,30,25,32	1,2,6,1,2,1,1,3,2,3	77	75
3469	56,56,68,48,61,59,46,59,43,62	8,13,15,11,12,15,4,19,7,21	64,67,58,67,64,53,58,60,76,93	17,13,10,8,10,19,17,16,17,14	84	75
3471	35,21,26,32,15,24,37,27,46,41	0,0,0,0,0,0,0,1,0,0	17,20,23,21,37,21,23,34,33,31	0,0,0,0,0,0,0,0,0,0	150	75
3472	3,2,1,0,2,2,1,3,4,1	3,3,1,0,2,1,4,5,0,0	2,2,0,1,0,2,5,1,0,0	4,1,1,0,2,2,2,2,1,0	126	75
3473	3,6,4,2,5,1,2,1,5,2	1,1,1,1,2,1,3,1,1,1	6,3,5,1,0,3,4,3,1,2	2,1,1,2,1,1,0,1,2,0	150	75
3474	3,4,5,5,7,1,2,3,6,3	6,9,5,13,9,3,3,8,8,10	9,4,5,1,2,4,6,3,1,2	10,7,11,8,24,13,10,11,9,2	150	75
3475	3,7,4,2,6,1,5,5,1,1	1,1,1,1,2,1,3,1,1,1	8,3,6,1,2,3,3,4,2,2	2,1,1,2,1,1,0,1,2,0	150	75
3476	3,5,5,5,8,1,5,7,2,2	6,9,5,13,9,3,3,8,8,10	11,4,6,1,4,4,5,4,2,2	10,7,11,8,24,13,10,11,9,2	150	75
3477	1,1,4,4,4,1,3,3,2,2	6,9,5,13,9,3,3,8,8,10	5,2,1,2,3,2,2,1,2,0	10,7,11,8,24,13,10,11,9,2	88	75
3478	4,0,3,2,2,2,1,0,1,3	12,14,21,17,16,19,15,19,12,29	0,1,0,3,0,1,2,2,1,0	18,13,17,9,14,9,19,17,22,17	150	75
3479	1,5,3,3,1,3,0,5,2,1	19,29,24,17,32,14,14,20,18,22	2,1,3,1,4,0,4,3,3,1	21,14,18,26,32,24,23,16,24,16	88	75
3480	2,0,1,2,3,1,2,1,5,0	0,0,0,1,0,0,0,0,0,0	1,1,2,1,8,4,1,2,4,1	0,0,0,0,0,0,0,0,0,0	147	75
3481	130,167,154,169,143,74,103,115,135,157	8,11,7,13,11,9,8,8,6,6	135,106,125,129,143,124,174,109,124,65	5,7,8,7,13,13,15,7,11,7	132	75
3482	0,0,0,0,0,0,0,0,0,0	0,0,0,0,0,2,0,0,0,0	1,0,0,0,0,0,0,0,0,0	0,0,0,0,0,0,0,0,0,0	150	75
3483	1,0,0,4,3,0,1,0,1,3	0,1,1,0,0,0,1,0,0,0	0,0,1,2,0,0,1,0,2,0	1,2,0,0,1,0,2,0,4,0	150	75
3485	0,0,1,1,0,0,0,0,0,0	0,0,1,0,0,0,0,0,0,0	1,1,1,0,0,1,1,0,0,0	0,0,0,0,0,4,0,0,0,0	150	75
3489	32,49,52,49,42,21,30,33,33,37	1,0,0,0,0,0,0,0,0,0	31,33,33,39,49,34,43,23,38,36	0,0,0,0,0,0,0,0,0,0	150	75
3490	32,49,52,50,42,21,30,33,33,38	0,0,0,0,0,0,0,0,0,0	31,33,32,39,49,34,43,23,38,36	0,0,0,0,0,0,0,2,0,0	150	75
3491	59,81,89,83,79,39,51,54,55,77	0,0,0,0,0,0,0,0,0,0	68,59,58,64,90,65,74,39,66,56	0,1,0,0,1,0,0,1,0,0	150	75
3494	0,1,1,2,0,1,0,1,0,1	15,11,10,17,13,6,14,14,9,13	0,0,0,0,1,0,1,1,1,0	17,14,12,9,18,16,29,17,7,8	85	75
3495	1,0,3,3,1,2,2,0,5,2	15,18,14,15,22,4,16,13,7,14	2,2,8,4,0,4,5,3,0,0	26,14,26,23,17,16,25,12,6,9	79	75
3496	5,2,3,4,1,2,6,1,4,3	0,0,0,0,0,0,0,0,0,0	4,3,5,4,0,5,1,2,3,3	0,0,0,0,0,0,2,0,0,0	150	75
3497	12,4,13,8,6,1,11,14,3,6	69,79,68,76,55,32,34,42,54,42	8,6,11,6,8,14,5,11,9,0	75,51,46,68,76,65,69,52,43,21	150	75
3498	29,15,16,19,10,7,18,24,5,20	0,0,0,0,0,0,0,0,1,0	25,9,19,16,31,25,17,18,20,21	0,0,0,1,0,1,0,1,1,0	150	75
3500	5,6,1,16,5,7,9,7,6,12	0,0,0,0,1,1,0,0,0,0	8,2,6,5,6,0,6,4,11,4	0,0,0,0,0,1,0,0,0,0	85	75
3501	3,2,3,4,10,7,7,1,3,3	1,0,0,0,0,0,0,0,0,0	2,4,6,2,0,5,1,1,4,6	0,0,0,0,0,0,0,0,0,0	150	75
3502	1,0,2,4,7,7,2,1,2,2	774,900,909,941,779,775,723,876,804,912	2,1,5,1,1,2,0,2,4,5	953,794,784,834,960,817,1003,827,805,588	150	75
3503	1,0,0,1,0,0,0,0,0,0	774,900,909,941,779,775,723,876,804,912	1,0,0,1,1,0,0,1,0,0	953,794,784,834,960,817,1003,827,805,588	126	75
3504	3,4,5,7,3,2,9,3,4,8	19,12,15,15,16,27,19,20,9,19	7,7,2,4,7,4,5,1,6,2	20,19,10,9,15,15,16,22,20,26	150	75
3505	1,4,1,1,8,2,0,1,1,3	28,14,24,25,18,12,12,26,11,22	2,2,3,6,4,1,5,1,2,0	16,7,17,14,13,13,17,14,14,8	105	75
3506	5,3,6,6,5,0,5,3,5,4	0,0,0,0,0,0,0,0,0,0	2,3,5,2,13,7,18,7,7,5	0,0,0,0,0,0,0,0,1,0	82	75
3507	0,0,0,1,0,0,0,0,0,0	9,20,11,3,15,9,10,14,12,12	0,0,2,0,0,0,0,0,0,1	13,9,11,12,8,19,15,13,13,8	86	75
3508	31,30,39,20,34,10,17,26,22,22	18,32,31,24,36,12,21,31,26,26	23,21,36,20,40,18,34,9,26,17	28,24,18,22,30,24,31,25,24,23	90	75
3509	0,0,0,0,0,1,0,0,1,0	13,26,24,26,23,20,25,22,23,30	0,0,1,0,0,0,0,1,0,0	20,16,8,29,24,27,18,15,14,12	136	75
3510	0,0,0,0,0,0,0,1,1,1	24,33,31,37,22,36,23,15,19,34	0,0,0,0,1,2,2,0,0,0	33,29,31,23,29,20,25,18,38,26	98	75
3512	9,10,8,10,8,6,6,8,3,8	13,9,15,12,8,16,10,8,15,23	12,12,5,5,4,7,13,7,12,11	17,12,5,6,10,8,10,9,18,13	79	75
3513	17,22,21,33,27,17,19,26,17,28	3,0,4,0,2,0,0,3,2,5	20,12,19,16,27,15,27,9,21,29	8,1,1,3,5,3,3,7,6,2	91	75
3514	1,2,0,4,0,2,1,0,0,2	6,18,14,18,14,18,15,22,14,21	0,1,0,0,1,0,2,1,1,2	17,19,9,13,10,8,16,15,22,20	143	75
3515	0,0,0,0,0,0,0,1,0,1	30,39,32,34,12,34,29,34,24,22	0,0,0,0,0,2,1,1,0,0	32,21,27,26,20,34,26,34,38,31	149	75
3520	17,22,22,16,14,10,6,15,8,17	1,0,1,0,0,0,1,0,0,1	25,15,28,11,24,12,23,16,10,14	0,0,1,1,2,0,1,1,0,0	150	75
3523	5,4,7,2,4,6,3,6,4,5	141,147,168,165,148,181,130,138,145,176	5,4,1,6,3,4,4,4,5,12	133,148,149,122,126,121,146,149,154,150	104	75
3524	616,696,673,700,652,667,573,660,628,676	0,1,8,2,1,3,1,0,1,0	700,651,724,688,707,694,777,594,669,671	7,3,1,1,0,1,2,1,2,0	93	75
3525	1,0,0,1,0,0,0,0,1,0	1,0,0,1,0,0,1,0,0,0	0,0,0,0,0,0,0,0,0,0	1,0,0,2,2,0,0,0,0,0	150	75
3526	4,1,4,1,4,2,0,2,0,2	46,36,33,37,33,34,39,36,49,37	3,1,0,0,4,2,3,1,4,3	44,31,30,40,38,25,44,37,34,29	118	75
3527	14,10,7,12,7,7,11,9,5,13	2,7,2,3,9,2,6,4,2,4	23,13,14,9,20,17,14,10,6,10	5,2,1,7,9,1,4,2,4,8	103	75
3528	0,0,2,0,0,0,0,0,1,1	3,4,10,8,4,4,2,4,3,6	2,0,0,0,2,0,0,0,0,1	6,0,2,4,3,5,6,3,5,6	119	75
3529	7,7,8,9,8,5,10,5,7,5	0,0,0,0,0,0,0,0,0,1	6,5,4,6,9,13,14,6,5,10	0,0,0,0,0,0,0,0,0,0	150	75
3530	57,52,61,49,43,55,37,60,51,51	0,0,0,0,0,0,1,0,1,0	55,50,47,64,70,56,60,77,67,36	0,0,0,0,0,0,0,0,0,0	150	75
3531	13,18,18,21,23,11,12,26,9,26	0,1,0,1,0,0,0,0,0,0	17,18,17,12,14,15,20,11,13,18	1,0,0,1,0,0,0,0,0,1	150	75
3533	0,0,0,1,0,0,1,0,0,0	13,17,22,27,24,14,23,18,20,28	2,0,0,1,0,0,0,0,0,1	23,28,20,18,21,25,28,23,17,12	117	75
3534	0,0,4,1,5,0,4,0,0,0	17,18,19,32,14,22,20,24,31,22	3,1,0,0,1,1,3,0,0,0	30,22,11,26,31,18,28,11,28,19	92	75
3535	5,4,8,5,6,2,6,3,7,7	1,0,0,2,0,0,0,0,0,1	6,9,6,12,7,7,3,7,4,2	0,0,0,1,0,0,0,0,0,0	150	75
3536	52,40,23,41,34,19,28,37,33,21	26,40,28,29,35,16,22,21,29,29	38,26,29,34,53,35,32,30,26,18	32,30,30,23,27,35,26,27,23,22	150	75
3537	24,24,22,29,27,24,14,43,30,28	0,0,0,0,1,0,0,0,0,0	27,21,22,27,17,34,23,22,23,18	1,0,0,0,0,0,0,0,0,0	150	75
3538	1,8,3,3,1,2,1,2,2,3	7,10,8,5,14,14,3,14,6,17	5,0,0,2,1,0,3,4,4,5	10,8,10,8,10,15,18,8,9,6	79	75
3539	0,0,0,0,0,0,0,0,0,0	17,7,20,5,7,8,8,11,13,8	0,0,0,0,0,0,0,3,0,0	12,13,13,14,13,3,10,11,13,10	79	75
3540	7,7,4,8,6,6,3,1,3,6	44,52,60,71,70,34,32,43,54,44	6,3,5,2,7,3,9,6,4,4	49,52,46,44,75,39,57,36,38,24	87	75
3541	2,2,2,4,2,4,4,1,1,3	87,70,68,80,52,37,35,73,55,73	2,0,1,2,0,0,0,1,4,1	58,63,44,66,71,88,70,62,58,42	87	75
3542	142,115,139,140,136,70,67,129,119,115	1,0,0,0,0,0,0,0,0,0	143,101,96,128,170,105,139,108,90,76	0,0,0,0,0,0,0,0,0,0	150	75
3543	16,26,23,30,22,13,16,31,26,18	2,2,1,2,0,0,0,0,0,1	25,17,21,12,17,21,13,17,30,20	2,2,0,0,1,3,0,1,4,2	150	75
3544	24,18,32,23,17,13,15,16,26,15	1,0,0,0,0,0,0,0,0,0	17,20,15,9,20,15,22,19,16,30	0,0,0,0,0,0,0,0,0,0	150	75
3545	0,0,0,0,0,0,1,0,0,0	3,2,1,5,0,2,4,1,1,4	0,0,0,0,0,0,0,1,0,0	0,3,2,3,3,0,1,2,1,0	99	75
3546	98,130,96,97,113,116,77,110,85,86	10,5,6,10,10,13,9,13,4,13	116,75,78,92,95,109,109,91,84,120	12,12,7,8,12,9,12,6,8,12	106	75
3548	5,7,10,13,6,8,11,9,20,8	0,0,0,0,0,0,0,0,0,0	8,10,10,11,11,11,13,9,14,7	0,0,0,1,0,0,0,0,0,0	150	75
3549	2,0,1,5,1,0,3,1,3,1	5,5,10,4,4,4,1,6,7,9	2,0,1,1,4,1,2,0,4,0	9,5,1,3,2,10,6,6,4,2	150	75
3551	43,59,65,59,59,50,40,60,62,45	0,0,0,0,0,0,0,1,0,0	62,57,41,60,63,59,64,60,52,70	0,0,0,0,0,1,0,0,0,0	150	75
3552	0,0,0,0,0,0,0,0,0,1	102,96,93,101,90,98,94,83,94,107	0,0,0,0,0,0,0,0,0,0	100,85,80,69,89,81,93,86,114,110	77	75
3554	0,2,3,1,1,1,2,0,2,3	105,150,110,158,108,129,98,121,124,120	0,1,2,3,0,2,2,1,0,1	112,101,128,212,88,128,142,179,151,245	112	75
3555	0,1,0,0,0,0,0,0,0,2	0,1,0,2,0,0,0,0,0,0	1,0,0,1,0,0,0,0,0,1	0,0,0,1,0,0,1,0,0,0	96	75
3557	49,63,53,54,79,35,47,41,44,29	3,0,0,0,1,0,1,1,2,0	47,41,47,44,71,48,61,40,43,17	0,1,1,2,0,1,0,0,1,0	104	75
3558	5,4,1,3,3,1,1,4,1,0	58,68,60,75,79,37,61,51,64,74	3,0,0,1,2,4,2,0,3,0	54,49,61,82,83,80,78,55,42,41	100	75
3559	3,12,3,4,9,8,6,3,3,12	2,2,2,5,3,1,3,4,2,3	2,5,5,13,15,12,14,6,5,5	0,0,0,6,4,3,6,1,2,8	84	75
3560	5,6,4,9,0,6,2,5,4,3	158,161,182,233,152,191,163,180,195,175	5,2,1,0,5,2,5,2,1,1	177,178,148,198,185,184,171,180,191,219	144	75
3561	141,158,138,157,163,104,119,126,138,143	2,5,6,6,1,2,2,7,2,5	171,119,140,154,192,181,204,154,141,80	4,3,1,3,4,5,7,2,3,2	150	75
3562	103,99,90,104,92,60,53,80,73,57	2,2,3,6,7,1,4,3,0,2	90,90,108,93,107,91,109,78,84,60	1,2,3,2,0,2,1,2,0,2	126	75
3563	54,58,50,67,59,77,68,71,63,67	1,1,1,0,0,0,1,0,1,1	68,66,51,64,61,56,73,69,87,67	1,0,0,2,3,1,0,0,0,2	84	75
3564	5,6,8,4,7,10,4,7,8,4	0,0,0,0,0,0,0,0,0,0	8,1,2,6,9,3,4,3,7,8	0,1,0,2,0,1,0,0,1,2	100	75
3565	13,23,21,24,18,24,20,18,22,26	4,6,7,4,8,6,9,5,4,6	28,13,14,28,30,18,30,14,24,23	5,4,8,12,4,6,3,4,12,8	100	75
3566	1,1,1,1,0,2,1,2,1,0	0,0,0,0,1,0,0,0,0,0	3,1,2,0,2,0,4,3,5,0	0,0,0,0,0,0,0,1,1,1	108	75
3567	172,148,171,185,143,99,125,146,127,136	0,0,1,1,0,0,0,0,0,0	150,155,135,122,149,140,173,119,109,93	0,1,0,0,0,0,1,0,0,0	150	75
3568	10,25,16,22,26,14,15,19,18,23	1,5,2,2,2,1,3,3,1,3	18,15,11,18,10,20,23,12,13,10	2,3,2,3,0,4,6,4,0,1	90	75
3569	1,2,4,3,3,2,3,2,3,2	1,1,0,3,0,1,0,0,1,0	3,0,0,5,5,5,4,0,0,2	0,1,1,0,0,0,0,0,0,2	109	75
3570	7,5,8,10,9,10,10,15,7,11	0,0,0,0,0,1,0,0,0,0	9,18,8,14,7,7,13,9,3,4	0,0,0,0,0,0,0,0,0,0	108	75
3571	8,4,8,10,10,9,11,14,8,10	0,0,0,0,0,0,0,0,0,0	9,17,8,14,6,7,12,10,3,6	1,0,0,0,0,0,0,0,0,0	108	75
3572	38,34,37,35,38,31,31,33,37,48	14,10,13,8,4,5,9,9,8,11	57,45,27,50,37,44,40,47,30,51	8,10,7,13,14,9,8,9,11,9	108	75
3573	0,0,0,0,1,0,0,0,0,2	0,0,0,0,0,0,0,0,0,0	0,1,0,1,1,0,2,1,0,2	0,0,0,0,0,0,1,0,1,0	84	75
3574	9,3,6,2,12,5,3,3,7,7	4,1,2,0,1,1,2,2,2,0	6,4,7,9,10,18,4,10,3,3	0,0,0,1,1,4,2,1,0,0	84	75
3575	11,17,15,19,7,17,11,14,10,10	0,0,0,0,0,0,1,0,0,0	8,14,14,10,11,8,11,10,14,18	0,0,0,0,0,0,0,0,0,0	150	75
3576	1,0,0,3,1,1,1,1,0,0	1,1,1,1,1,0,2,0,1,1	0,1,0,0,0,0,0,0,0,0	1,0,1,2,2,1,2,1,0,0	99	75
3577	0,1,2,0,2,1,2,1,1,0	7,8,9,7,11,13,9,9,5,9	0,0,0,1,0,1,1,3,2,4	10,8,9,7,6,5,11,7,11,9	150	75
3578	3,4,3,1,3,1,2,0,4,2	25,16,11,19,11,18,10,21,18,15	1,0,0,2,4,1,0,1,13,3	21,20,21,12,15,16,16,25,16,28	150	75
3579	18,9,18,18,11,9,11,23,26,18	1,1,2,4,4,0,0,1,1,2	22,19,13,19,15,15,22,19,19,8	2,3,0,1,1,1,2,3,2,1	81	75
3580	249,349,270,291,289,150,197,224,241,261	3,4,6,2,6,3,2,2,2,5	306,242,261,331,306,308,332,224,228,139	3,6,6,2,4,1,6,1,2,1	84	75
3581	0,0,0,0,0,0,0,0,0,0	0,0,0,0,0,0,0,0,0,1	0,0,0,0,0,0,1,0,0,0	0,0,0,0,0,0,0,0,0,0	150	75
3583	49,57,48,55,32,48,43,54,59,61	33,27,32,32,17,26,33,23,40,30	62,53,51,51,56,50,57,44,62,69	23,22,51,30,40,36,34,33,39,40	150	75
3584	56,34,45,37,25,30,40,40,40,23	1,0,0,0,2,0,0,0,2,1	51,30,36,42,46,53,43,44,42,34	0,0,0,0,1,1,3,0,2,0	104	75
3585	67,76,77,77,67,79,72,65,84,104	0,4,5,5,1,3,1,2,5,0	66,70,77,69,100,73,80,73,94,74	2,2,1,3,2,0,0,2,5,6	116	75
3586	2,7,5,0,1,4,3,4,4,5	293,315,334,324,267,367,282,306,308,337	4,1,1,2,3,1,2,1,1,1	313,317,334,355,316,320,341,322,346,333	108	75
3587	17,17,23,22,19,26,17,19,19,20	0,0,0,0,0,1,0,0,1,0	21,18,23,36,22,22,18,21,26,16	0,0,0,0,0,0,0,0,0,0	108	75
3588	172,155,157,193,171,146,143,134,168,193	0,0,0,0,0,0,0,0,0,0	162,153,174,169,160,182,184,144,159,142	0,0,0,0,0,0,0,0,0,1	150	75
3589	170,155,157,194,169,149,144,134,168,194	1,3,1,3,1,0,0,4,1,0	161,153,174,169,161,182,182,144,158,142	1,0,1,1,1,1,4,1,0,3	150	75
3590	39,26,48,26,32,38,27,25,32,51	1,1,0,1,2,0,0,0,1,1	33,36,25,46,40,26,48,24,28,55	0,0,1,0,2,1,0,0,0,0	150	75
3591	0,5,3,1,1,2,4,1,4,0	18,12,6,14,10,13,9,17,17,12	2,3,0,3,1,2,3,3,5,2	6,21,6,20,11,15,18,8,15,15	101	75
3593	208,226,255,267,214,293,225,247,236,302	82,82,68,83,81,106,86,93,96,96	252,219,259,220,233,240,291,230,289,267	101,87,113,82,87,86,90,93,113,114	84	75
3596	5,8,7,7,9,3,5,4,2,3	1,1,2,6,4,2,2,1,0,3	3,4,3,6,3,4,7,8,5,5	5,2,3,5,2,2,1,1,2,6	81	75
3597	7,4,5,6,6,9,5,7,5,10	5,3,2,8,1,2,3,6,1,5	9,10,4,5,2,8,8,4,12,8	3,1,0,1,1,2,2,2,3,4	150	75
3598	8,4,6,6,5,9,5,7,6,10	3,11,9,11,12,5,9,8,10,10	9,10,3,5,5,9,8,4,13,8	9,6,5,10,10,11,8,8,11,8	150	75
3599	52,72,96,79,95,49,50,53,52,87	5,2,5,6,4,1,9,3,4,5	60,43,72,71,70,65,69,53,47,32	7,1,5,5,8,7,3,4,7,7	86	75
3600	0,0,0,1,1,0,0,0,0,0	28,34,38,28,33,14,24,21,18,14	0,0,0,0,0,0,0,0,0,0	25,24,30,25,36,28,33,20,41,17	150	75
3602	7,5,4,7,4,11,11,10,8,6	1,2,0,0,0,0,1,0,1,2	9,4,7,5,4,6,6,8,9,4	0,0,0,0,3,0,0,0,0,0	109	75
3606	66,62,63,48,40,31,39,39,46,49	2,2,1,1,0,0,1,1,1,3	49,52,46,45,59,46,42,39,47,24	0,0,2,0,2,0,2,2,4,2	150	75
3607	0,0,0,0,0,0,0,0,0,0	2,3,2,4,1,6,4,2,2,2	0,0,0,0,1,0,0,0,0,0	3,2,2,0,1,3,1,3,2,2	79	75
3608	277,358,343,381,323,343,297,290,291,316	3,8,0,3,9,3,2,2,2,5	340,321,271,379,352,383,385,307,256,247	3,3,1,3,3,6,5,2,2,2	100	75
3609	46,80,71,79,60,59,58,59,42,68	0,0,1,0,0,0,1,0,0,0	62,68,57,87,72,81,84,59,57,50	1,0,2,1,1,2,0,2,0,1	100	75
3610	0,1,3,2,0,3,1,0,2,0	47,40,56,75,57,67,39,85,62,80	1,2,3,0,1,0,1,2,0,1	49,62,58,61,38,68,63,61,81,81	150	75
3611	27,27,31,35,26,23,13,25,23,22	1,0,0,0,0,0,0,0,0,0	16,22,23,13,26,29,40,21,26,25	0,0,0,0,1,0,0,0,0,0	79	75
3613	2,2,5,7,2,1,2,5,2,2	0,0,0,0,0,0,0,0,0,0	4,2,3,1,5,2,5,0,1,0	1,0,0,0,0,0,0,0,0,0	87	75
3614	1,0,0,0,1,0,0,1,0,1	2,0,0,0,0,0,1,0,0,1	0,1,0,1,0,0,0,0,0,1	0,0,0,0,0,0,0,0,0,1	150	75
3615	16,8,19,16,17,8,7,10,15,9	1,0,0,0,0,0,0,0,0,0	16,10,13,16,12,11,18,9,6,6	0,0,0,0,0,0,0,0,0,0	150	75
3616	29,23,35,24,30,11,16,23,27,20	1,0,1,1,1,2,0,1,1,0	26,20,19,27,29,24,34,16,9,11	0,0,0,0,1,1,1,0,0,0	150	75
3617	12,12,16,19,9,11,17,14,19,7	0,0,0,0,0,0,0,0,0,0	14,12,14,15,14,14,19,9,12,11	0,0,0,0,1,0,0,1,0,0	150	75
3619	14,14,14,13,8,7,19,11,18,10	1,1,0,0,0,0,0,0,1,0	17,7,9,19,21,21,30,17,20,19	0,0,0,0,0,0,0,0,1,0	141	75
3620	106,111,114,103,102,89,96,90,90,106	15,7,4,12,6,10,7,6,5,4	98,92,107,108,96,104,112,106,105,92	7,7,6,12,8,10,5,14,16,8	150	75
3621	60,64,59,58,52,56,50,47,46,62	1,0,1,0,1,1,0,3,0,0	51,44,48,50,60,59,59,54,49,48	1,0,0,0,0,2,1,0,0,1	150	75
3625	1,1,2,1,6,1,2,2,2,3	219,261,220,202,192,199,187,176,237,228	3,1,1,1,1,0,2,1,0,0	205,197,185,220,207,269,262,224,258,243	150	75
3626	14,10,10,13,7,10,8,10,11,9	0,2,1,0,0,0,0,0,0,0	9,16,5,8,8,7,7,9,13,8	0,0,0,0,0,0,0,0,0,0	150	75
3627	164,172,167,208,148,181,142,145,147,198	0,0,2,2,2,0,0,0,2,0	161,160,153,147,172,167,144,141,189,186	0,0,0,0,0,0,0,3,0,1	150	75
3628	249,283,295,328,252,269,246,257,241,341	44,54,71,61,75,54,47,57,66,85	282,267,256,258,289,287,266,253,310,308	65,63,63,56,69,75,73,54,78,63	120	75
3633	4,4,5,5,2,3,2,3,3,3	0,0,0,0,0,0,0,0,0,1	6,9,7,4,4,3,4,6,5,4	0,0,0,0,0,0,0,0,0,0	132	75
3635	12,7,13,17,17,12,14,18,4,14	0,0,0,0,0,0,0,0,0,0	19,12,12,14,14,7,14,20,17,17	0,1,0,0,0,0,0,0,0,0	150	75
3637	0,0,0,0,1,0,2,0,0,0	12,10,15,7,8,7,3,14,3,11	0,0,0,0,0,0,0,0,3,0	7,6,8,8,11,6,7,6,7,6	150	75
3638	0,0,0,1,0,0,1,0,0,0	5,1,1,6,7,0,2,1,4,4	3,1,0,0,0,0,0,0,3,1	3,2,1,1,6,7,4,3,7,6	150	75
3639	1,0,3,2,0,2,0,0,1,1	70,49,63,59,46,40,51,61,50,47	2,2,0,0,2,0,1,3,0,0	68,41,56,78,53,57,66,53,67,29	79	75
3641	0,0,0,0,0,0,0,0,1,0	1,2,1,0,0,1,0,0,1,0	0,0,0,0,0,0,0,0,0,0	2,2,5,1,1,1,2,1,0,0	150	75
3643	4,5,14,10,4,3,1,6,2,7	37,33,36,31,38,8,28,27,30,18	9,5,11,7,5,10,9,6,1,6	30,20,33,35,34,34,32,23,31,7	150	75
3644	3,4,9,6,2,1,1,3,2,4	0,0,0,1,0,0,0,0,1,0	6,1,5,6,3,7,2,4,1,4	0,0,0,0,2,1,0,0,0,0	150	75
3646	263,307,303,262,269,164,217,218,250,232	0,0,0,0,0,0,0,1,0,0	303,210,270,274,317,306,350,257,251,153	0,0,0,0,0,1,0,0,0,0	150	75
3648	34,27,26,43,34,33,28,37,26,25	0,2,1,0,0,2,0,1,0,0	32,38,49,37,42,20,31,41,26,39	0,2,0,3,1,0,0,0,0,0	146	75
3650	54,46,46,45,34,49,30,47,41,40	2,3,2,3,4,4,4,9,2,2	45,40,44,38,50,39,44,50,51,73	0,2,8,6,4,4,4,2,5,5	150	75
3651	19,27,32,35,31,36,19,16,17,17	0,1,0,7,3,1,0,1,0,1	23,14,22,33,36,31,28,30,27,26	0,1,2,4,1,3,3,0,3,4	109	75
3652	4,4,3,1,3,2,3,3,0,4	18,16,20,21,19,13,14,12,13,16	4,3,5,1,3,3,3,3,3,2	19,18,28,19,23,13,20,19,18,17	150	75
3653	5,5,7,5,1,3,2,3,1,5	31,26,31,22,33,17,21,21,16,22	5,5,7,10,7,2,1,0,3,3	10,14,31,25,29,30,32,19,21,21	150	75
3654	31,19,28,36,28,28,21,30,19,17	0,0,3,0,2,0,3,5,1,5	12,25,17,20,23,22,31,16,21,16	4,1,1,0,1,5,4,0,0,1	149	75
3655	1,1,1,3,3,1,1,1,1,2	9,11,18,14,16,20,10,14,11,17	0,4,2,1,6,2,0,2,1,1	10,11,10,10,14,14,18,10,16,10	89	75
3656	3,2,2,5,0,2,10,3,8,7	10,9,3,6,4,5,2,2,2,7	7,3,1,2,6,0,6,2,6,4	7,6,3,3,12,4,6,4,9,3	82	75
3657	37,61,64,62,49,33,46,47,40,49	0,0,0,0,0,0,0,0,0,0	52,50,40,52,54,49,58,51,55,27	0,0,0,0,0,1,0,0,0,0	150	75
3658	15,13,21,20,16,18,11,13,19,17	14,15,16,15,11,16,11,22,13,13	19,13,12,13,29,13,11,11,19,15	15,16,13,17,20,11,14,15,18,15	87	75
3659	2,1,4,6,0,5,1,2,3,0	1,2,9,7,9,8,8,5,6,9	2,3,3,4,0,1,2,1,3,0	6,10,11,2,11,8,11,9,5,11	150	75
3661	0,0,0,1,0,0,0,2,0,1	14,11,10,19,10,6,7,9,6,7	2,4,0,0,0,0,2,0,1,0	6,5,3,7,8,7,14,9,10,11	117	75
3662	37,42,43,42,37,11,23,29,29,32	1,0,0,0,0,0,0,0,0,0	35,31,29,40,34,32,41,41,27,16	0,0,0,0,0,0,0,0,0,0	150	75
3663	0,0,0,0,0,0,0,1,0,0	1,2,0,0,0,0,0,0,0,0	0,1,0,0,0,0,0,0,0,0	4,0,0,0,0,0,0,0,0,0	142	75
3664	13,23,33,13,7,1,17,16,30,17	0,0,0,1,0,0,0,0,0,0	17,5,18,13,53,51,33,19,18,13	0,1,0,0,0,0,0,0,1,0	150	75
3665	11,15,12,6,8,10,10,11,14,5	0,1,0,0,0,0,0,0,0,0	8,9,8,12,6,13,10,12,9,10	0,0,0,0,0,0,0,0,0,0	105	75
