ID	IJC_SAMPLE_1	SJC_SAMPLE_1	IJC_SAMPLE_2	SJC_SAMPLE_2	IncFormLen	SkipFormLen
0	1,0,0,1,1,0,0,0,0,0	8,4,7,17,14,7,7,9,4,11	2,0,0,0,0,0,0,0,1,0	15,12,5,12,14,13,10,7,11,5	150	75
2	723,838,779,874,725,596,623,614,687,728	78,69,76,65,48,62,58,61,56,92	841,747,811,767,891,760,884,712,680,666	94,79,60,57,68,57,69,64,45,52	150	75
3	2,4,0,2,1,3,2,2,1,1	5,12,5,5,7,12,5,5,5,8	2,1,0,2,6,3,5,0,2,0	10,10,8,8,9,12,7,3,6,7	150	75
4	22,16,26,26,17,24,20,13,11,16	1,0,1,0,0,0,0,0,0,3	16,21,22,16,18,20,24,21,14,17	1,0,1,4,1,0,1,1,5,0	150	75
5	6,8,11,9,6,4,1,5,11,2	83,83,124,121,100,71,86,72,94,113	7,3,4,3,10,10,6,4,8,10	103,100,83,89,115,104,122,97,87,92	150	75
6	1,0,1,3,4,0,1,0,1,2	47,34,45,49,43,47,45,31,37,41	0,4,0,0,0,2,0,2,1,3	31,50,31,41,53,39,47,41,51,41	150	75
7	105,110,125,131,94,96,106,108,97,148	1,3,3,3,8,2,1,3,3,6	123,112,89,96,115,118,125,101,126,121	0,6,5,3,4,1,3,4,1,1	150	75
8	0,0,0,0,0,0,0,0,0,0	12,12,4,15,8,4,6,13,9,21	1,0,0,0,0,0,0,0,0,0	15,8,11,6,13,11,8,9,8,5	150	75
9	0,0,0,0,0,1,0,1,0,0	0,0,0,0,0,0,0,0,0,0	0,0,0,0,1,1,0,0,0,0	1,0,0,0,0,0,0,0,0,0	150	75
10	1,0,0,0,0,0,0,0,0,0	8,3,5,5,3,2,1,4,2,5	2,0,0,0,1,0,0,0,0,0	8,4,4,3,4,6,6,2,2,4	150	75
11	0,1,0,0,0,0,0,0,0,1	9,5,10,5,6,9,5,7,2,7	1,0,1,0,0,1,0,0,0,1	5,4,3,7,8,7,7,8,9,7	150	75
12	12,14,26,18,18,11,16,20,21,26	2,3,3,2,1,0,0,1,2,2	18,20,22,18,20,14,11,18,13,11	1,0,1,1,0,2,2,1,2,1	150	75
13	9,12,6,13,7,7,5,16,5,12	0,3,2,0,1,5,1,2,1,0	12,4,4,7,14,4,9,2,6,16	2,1,0,0,2,0,3,0,1,0	150	75
14	1,1,2,2,3,0,1,2,1,1	135,167,157,178,166,147,154,143,174,188	1,2,1,0,2,0,1,0,0,1	128,147,119,163,170,180,164,141,173,157	150	75
15	0,1,0,0,0,0,0,1,0,0	49,40,45,53,56,30,45,43,36,49	0,0,0,0,0,0,0,0,0,0	51,39,27,36,33,40,46,28,27,40	150	75
16	15,15,19,12,10,17,13,25,14,17	2,2,0,1,0,1,1,0,2,0	7,7,22,8,17,11,10,11,17,23	1,1,0,0,1,1,1,0,0,3	150	75
17	73,106,97,106,112,73,85,77,84,103	1,6,5,1,4,7,2,4,2,5	100,98,86,74,109,94,128,85,84,78	4,3,0,6,3,1,3,4,2,2	150	75
18	1,1,0,0,0,0,0,1,1,0	120,154,128,130,135,73,86,105,115,126	0,2,1,1,0,0,0,0,0,0	94,111,103,124,129,124,144,106,94,86	150	75
19	0,2,1,2,1,1,1,2,7,4	490,562,528,557,473,528,425,438,486,581	6,3,2,3,2,1,1,1,6,4	458,533,478,479,534,504,502,475,507,586	150	75
20	0,0,3,0,1,0,2,1,4,0	602,761,687,784,637,728,669,666,637,868	3,0,0,1,2,0,2,1,0,2	631,747,647,707,741,713,792,710,809,854	150	75
21	24,13,20,14,11,11,11,17,11,21	749,900,843,893,756,890,711,728,736,997	13,14,12,6,19,5,12,10,20,32	763,814,671,838,857,781,965,851,791,954	150	75
22	3,2,1,1,7,0,6,4,1,2	0,0,0,0,0,1,0,0,0,0	1,2,6,4,3,1,3,3,0,2	0,0,0,0,0,0,1,1,0,0	150	75
24	0,0,0,2,0,0,0,0,0,0	6,3,8,11,8,3,2,6,6,5	0,0,0,0,1,2,0,0,0,1	11,8,4,5,5,8,7,2,2,3	150	75
25	2,5,1,1,1,1,3,3,1,0	6,7,6,9,9,0,2,1,6,4	1,1,0,2,1,0,1,1,1,4	8,7,5,4,3,2,9,5,6,3	150	75
26	2,0,0,0,1,0,0,0,1,0	8,5,8,3,2,3,3,3,4,5	0,1,1,0,0,0,0,0,1,0	10,4,1,4,6,3,7,3,1,2	150	75
27	2,0,0,0,1,1,1,0,0,1	55,36,54,55,45,48,40,52,58,51	0,0,1,0,1,2,1,0,3,1	60,41,41,50,53,36,43,35,55,48	150	75
28	10,6,7,6,6,5,7,5,7,8	2,3,1,2,1,0,1,3,5,2	8,9,0,3,11,3,5,8,11,3	0,1,0,1,3,1,1,4,3,1	150	75
29	10,6,7,6,6,5,7,5,7,8	16,18,15,19,14,22,17,16,22,13	8,9,0,3,11,3,5,8,11,3	14,29,21,15,25,12,20,19,22,24	150	75
31	6,6,2,10,3,4,4,3,6,0	316,351,333,347,340,402,337,460,403,394	8,3,4,3,5,3,7,4,11,12	404,322,346,373,420,344,469,419,453,433	150	75
32	0,3,0,1,0,0,0,0,0,0	62,73,58,79,69,64,54,66,58,68	2,0,0,0,1,0,0,1,4,0	71,54,54,74,67,58,75,61,57,72	150	75
33	1,0,0,0,0,3,0,0,1,0	9,7,6,9,5,6,2,7,8,7	0,0,0,0,2,0,0,0,0,0	2,6,6,5,7,5,5,6,5,6	150	75
34	5,9,5,8,7,7,7,5,5,6	5,5,8,2,4,12,5,3,1,9	9,3,4,5,6,5,9,9,11,3	8,2,1,3,3,7,4,2,8,6	150	75
35	0,1,1,2,4,0,0,1,1,0	89,73,55,74,75,85,71,85,58,85	3,1,1,0,0,0,1,2,3,1	71,72,65,81,66,61,59,59,87,87	150	75
36	1,0,0,3,1,0,0,0,0,1	3,0,2,0,0,1,1,3,1,0	1,0,0,0,1,0,0,1,4,1	2,1,2,1,0,3,2,1,2,3	150	75
37	1,1,4,5,1,3,2,5,3,0	1,0,0,1,1,2,0,0,3,0	1,1,0,2,1,0,2,5,7,6	0,1,3,0,2,0,2,0,0,0	150	75
38	3,3,3,2,2,2,0,2,2,1	44,49,33,49,43,38,36,54,58,50	2,0,0,0,2,1,2,3,1,0	37,50,40,48,77,45,43,44,65,58	150	75
39	11,20,10,22,8,10,6,5,11,13	0,2,1,1,2,2,1,1,0,2	16,12,10,10,14,6,10,11,17,14	2,0,0,1,0,2,0,0,3,2	150	75
40	28,24,8,25,25,16,20,18,12,17	176,205,236,273,230,198,197,219,186,250	18,10,10,15,23,18,16,25,18,25	217,229,204,210,206,197,251,217,244,210	150	75
41	1,0,1,5,3,1,2,2,1,3	1,4,0,4,1,4,6,1,1,3	4,1,2,2,4,1,1,1,2,5	5,1,3,4,2,2,4,4,1,3	150	75
42	1,2,1,1,2,0,0,3,0,1	0,0,0,0,0,0,0,0,0,0	0,1,1,1,0,0,0,2,3,3	1,0,0,0,0,0,0,2,0,0	150	75
43	5,7,16,10,11,10,15,7,7,11	124,140,143,173,159,139,120,129,131,171	11,6,2,5,6,4,4,10,7,11	144,134,129,136,154,140,144,144,158,153	150	75
44	0,0,0,0,0,0,0,0,0,1	13,1,5,2,2,1,3,0,2,9	0,0,0,0,0,0,0,0,0,0	4,2,3,1,2,9,8,0,7,0	150	75
47	6,3,4,8,6,6,6,10,5,15	7,4,2,2,6,3,6,4,1,3	8,2,5,9,5,2,11,3,4,3	9,11,6,4,3,4,4,3,3,6	150	75
48	28,29,37,30,25,20,21,29,21,26	0,0,0,0,0,0,1,0,0,0	39,24,13,18,41,23,34,23,29,33	0,0,0,0,0,0,0,0,0,0	150	75
51	0,0,0,0,0,1,1,1,0,3	23,31,17,30,27,10,17,26,21,17	5,1,0,1,2,0,0,0,3,2	14,26,17,14,19,25,27,11,9,16	150	75
52	9,8,11,7,10,6,8,4,4,2	41,39,56,42,55,38,23,37,38,50	7,7,3,7,15,4,7,4,8,6	69,40,49,39,65,39,60,27,62,52	150	75
53	1,0,0,0,0,0,0,0,0,0	12,13,13,8,12,8,7,11,9,11	1,0,0,0,0,0,0,0,0,0	10,4,6,7,18,11,13,13,8,7	150	75
54	1,5,9,5,3,3,0,5,1,7	376,387,421,447,434,397,343,375,348,429	1,9,4,3,3,0,6,2,3,4	393,395,420,433,385,345,451,353,390,393	150	75
55	4,5,8,4,5,5,3,5,8,9	220,256,255,232,206,232,185,203,219,251	6,4,0,5,4,5,7,7,9,6	220,235,252,249,224,210,282,244,260,265	150	75
56	0,0,0,0,0,0,0,0,0,0	221,251,284,249,258,150,164,192,203,222	0,0,0,0,1,0,0,0,0,0	244,230,156,189,280,244,265,181,189,115	150	75
57	1,0,0,0,0,0,1,0,0,2	183,172,176,166,148,131,111,134,129,121	1,0,1,0,4,1,0,1,0,0	166,131,118,132,166,159,198,132,144,81	150	75
58	0,0,1,1,0,0,0,3,1,1	22,15,22,22,19,14,14,15,13,20	1,2,3,0,0,0,0,0,0,3	12,11,13,14,16,19,8,13,13,9	150	75
60	0,1,0,0,1,1,1,0,0,0	27,28,27,32,21,19,29,28,15,25	0,2,1,1,1,0,0,1,1,0	22,22,10,27,25,29,21,29,30,24	150	75
61	1,1,1,1,0,0,2,0,2,1	26,24,20,19,24,12,24,34,27,22	1,0,0,1,0,0,1,0,0,4	29,22,22,34,23,28,21,16,22,11	148	75
62	2,4,4,6,6,1,2,3,2,3	0,2,0,0,0,0,0,0,0,2	5,1,5,1,4,3,2,0,7,5	0,0,0,0,0,0,0,0,1,0	150	75
63	59,64,56,84,60,63,51,59,54,79	0,1,0,1,0,0,1,0,2,1	67,41,64,50,80,77,97,56,85,65	0,2,0,0,0,0,2,0,0,0	150	75
64	0,1,1,0,0,0,0,0,0,0	5,6,9,10,1,6,3,3,3,5	0,0,1,2,0,0,0,0,0,0	3,4,5,1,5,4,3,4,8,7	150	75
66	2,4,0,3,0,1,1,1,1,3	32,39,31,33,38,26,20,26,30,35	1,0,1,0,0,1,0,0,2,1	32,32,41,33,39,33,36,27,23,17	150	75
67	1,2,0,1,3,2,1,1,1,1	0,0,0,2,1,1,0,1,0,1	1,2,2,0,1,1,0,0,2,0	1,1,0,0,0,0,3,0,1,0	150	75
69	0,0,0,1,0,0,1,1,0,0	2,0,0,0,3,3,0,5,1,1	0,0,0,0,0,1,0,0,0,0	2,2,3,1,1,0,1,2,2,2	150	75
70	0,0,0,0,0,0,0,0,0,0	0,0,0,0,1,0,0,0,0,3	1,0,0,0,0,0,0,0,0,0	0,0,0,0,0,0,1,0,1,0	150	75
71	1,0,2,0,0,1,2,0,0,0	1,0,0,0,0,0,0,0,0,0	0,0,0,0,0,2,0,0,0,0	0,0,0,1,1,0,0,0,0,0	147	75
72	10,14,12,9,15,17,4,5,12,15	6,5,8,7,3,13,2,7,8,7	19,10,7,7,17,10,15,13,10,18	7,3,0,9,5,6,5,4,8,4	150	75
74	0,0,0,1,1,1,0,0,0,0	24,19,31,22,19,11,18,27,19,23	0,0,3,2,0,0,1,3,1,0	26,25,17,25,19,21,25,19,26,29	150	75
77	0,1,2,1,1,1,3,2,0,0	103,136,122,131,99,104,105,99,86,142	1,1,0,0,2,1,0,0,1,2	115,127,135,144,131,125,135,119,151,143	150	75
79	0,0,0,2,0,0,0,0,0,0	2,1,2,1,2,2,2,1,0,0	0,0,0,0,0,0,0,0,0,3	4,3,0,2,4,2,0,1,1,2	150	75
80	1,0,0,2,0,0,3,2,1,0	1,0,1,1,2,2,2,2,0,0	0,1,1,1,1,0,0,2,1,0	1,1,1,1,3,2,0,1,2,2	150	75
82	1,0,0,1,0,1,0,1,0,2	1096,1188,1256,1275,1154,1412,1145,1336,1233,1419	0,2,0,0,1,0,1,2,1,0	1129,1145,1248,1254,1274,1185,1381,1182,1474,1632	150	75
83	0,1,0,0,0,1,2,0,1,0	6,5,3,2,4,7,2,3,5,4	0,0,0,0,1,0,1,0,0,0	3,2,4,8,5,2,5,4,2,0	150	75
84	0,1,0,0,1,0,0,0,0,0	9,12,6,13,8,12,10,3,4,9	1,1,0,2,1,0,0,0,2,0	2,6,6,6,9,6,9,5,5,6	150	75
85	28,22,17,31,19,18,22,23,24,17	4,1,3,1,0,4,0,3,1,3	19,15,25,25,40,20,21,31,20,31	2,2,0,2,1,1,3,1,2,3	150	75
86	0,0,1,1,0,0,0,0,1,0	19,17,19,30,18,15,22,27,15,35	0,0,1,1,0,0,2,0,0,1	20,21,23,20,25,18,27,29,36,39	150	75
87	1,0,1,2,0,0,2,1,1,0	22,33,24,23,21,20,22,22,17,31	0,4,1,0,0,0,1,0,2,0	33,22,24,29,29,20,32,28,25,45	150	75
88	5,5,8,7,4,18,13,13,10,14	0,0,0,0,0,0,1,1,0,0	5,8,15,12,6,6,7,7,15,15	0,0,0,0,0,0,1,0,0,0	150	75
90	0,3,3,0,0,0,0,2,1,0	39,28,33,44,50,24,32,26,24,47	1,0,0,0,0,0,1,0,0,0	48,36,39,33,38,39,41,36,41,40	150	75
94	1,0,0,0,0,0,0,1,0,0	8,2,4,3,5,3,2,3,4,7	0,0,0,3,0,0,0,0,0,0	3,2,2,7,3,5,6,1,7,1	150	75
95	6,3,5,5,3,1,2,5,3,3	9,7,7,10,9,1,9,7,9,9	2,7,3,0,3,6,2,1,2,9	8,8,8,4,6,10,13,10,5,8	150	75
96	12,19,15,12,15,15,15,19,16,24	3,4,1,1,4,1,1,3,0,2	16,15,15,16,10,20,21,14,19,19	4,0,4,1,1,4,4,6,1,2	150	75
97	1,0,0,0,0,1,1,2,1,1	99,130,91,107,76,96,74,101,93,122	2,0,0,1,0,1,1,1,0,1	114,93,89,104,85,96,123,100,86,144	150	75
98	34,25,31,37,24,34,23,27,42,55	3,1,1,2,1,2,2,0,1,2	43,34,29,34,40,29,48,57,33,40	1,1,1,1,0,0,1,1,1,0	150	75
100	2,0,3,9,1,2,5,3,3,0	17,20,27,14,26,19,15,11,14,13	4,4,4,5,2,0,2,3,1,0	11,9,19,31,20,16,15,17,18,15	150	75
101	1,2,0,2,1,1,2,2,0,2	142,158,172,197,145,198,152,194,178,200	0,0,0,3,1,1,2,1,4,2	179,184,171,178,178,174,217,183,193,211	150	75
102	1,1,1,3,1,1,0,0,0,1	125,135,156,120,117,160,134,169,119,165	1,1,0,0,0,0,0,2,1,2	127,136,175,158,162,138,175,131,147,169	150	75
103	0,1,1,0,0,0,1,2,1,0	19,26,22,40,21,29,17,13,27,20	1,0,0,0,3,0,0,1,5,1	19,22,14,37,32,26,37,26,29,26	150	75
104	2,2,1,5,2,1,3,2,4,2	26,23,23,17,30,19,16,25,26,28	3,3,7,6,4,2,5,4,4,6	20,22,14,23,31,16,23,22,36,20	150	75
105	1,3,1,3,0,1,2,4,1,3	30,20,20,21,28,35,13,23,20,25	3,4,0,1,4,1,1,0,1,4	11,14,17,16,23,18,25,16,24,27	150	75
106	0,4,4,5,0,1,6,7,1,3	0,0,0,0,0,0,0,0,0,1	3,4,2,1,2,0,2,0,5,6	0,0,0,0,0,0,0,0,0,0	150	75
107	5,2,2,4,2,5,5,5,0,2	22,19,26,19,25,26,19,22,14,29	3,2,1,3,5,0,1,2,3,3	24,21,26,17,21,15,21,21,31,38	150	75
108	46,32,40,29,30,36,34,33,45,31	4,1,2,3,3,0,2,3,5,5	31,44,47,42,56,42,39,19,20,35	4,5,4,3,6,2,3,3,1,3	150	75
109	1,0,0,0,0,0,0,0,0,4	6,9,4,4,5,0,0,7,4,4	0,0,2,0,0,0,0,0,1,1	3,4,2,5,7,1,1,3,5,9	150	75
110	0,0,0,0,0,0,0,0,0,0	3,5,3,4,5,4,4,8,1,5	0,0,0,0,0,0,0,0,2,0	2,7,7,3,2,6,2,4,8,3	150	75
111	1,2,3,1,1,2,2,4,2,2	68,60,66,76,76,71,71,72,58,75	0,1,2,2,2,0,4,2,6,4	76,82,58,65,73,61,68,57,85,87	150	75
112	190,185,191,216,199,234,221,198,207,238	8,8,4,7,10,7,5,7,5,6	205,236,233,235,189,206,238,216,279,292	7,4,3,12,5,11,2,10,5,5	150	75
113	0,0,3,1,3,2,0,2,2,6	298,365,379,408,329,419,357,362,349,422	2,2,1,0,2,0,5,2,2,1	394,381,378,415,385,422,391,355,441,490	150	75
114	18,28,39,34,19,24,29,52,29,38	2,1,0,1,1,0,0,2,1,1	28,19,22,37,41,25,35,43,25,23	1,1,0,0,0,1,4,0,1,0	150	75
115	2,5,3,1,0,1,0,2,6,1	92,105,91,130,80,98,88,81,92,105	5,1,0,0,1,2,2,0,0,2	98,86,101,80,89,102,92,77,112,104	150	75
116	2,1,0,0,0,0,0,0,1,0	28,39,32,31,23,32,29,36,31,26	0,0,0,0,0,1,0,1,1,2	26,30,29,26,31,20,34,27,34,37	150	75
117	6,13,8,6,2,5,6,3,5,3	129,160,127,141,122,152,114,156,97,175	5,6,4,6,5,6,8,7,7,6	120,119,117,112,120,135,121,123,155,162	150	75
118	13,2,3,4,6,15,11,12,10,5	32,30,34,29,42,36,41,34,30,34	5,5,11,6,12,5,10,7,8,7	42,29,37,33,48,41,31,39,31,33	150	75
119	6,1,2,2,4,6,4,7,4,3	0,1,0,0,0,0,0,0,0,1	4,2,6,2,10,7,5,5,7,6	0,0,0,0,0,0,0,0,0,1	150	75
120	0,0,1,1,0,0,0,0,0,1	39,49,43,53,42,48,35,46,31,43	1,0,0,0,0,0,0,1,2,0	42,45,40,54,47,57,44,51,47,28	150	75
121	2,0,0,0,1,1,1,0,1,0	27,40,38,22,30,17,19,23,23,25	1,2,0,0,1,0,1,2,2,0	29,29,28,38,36,26,46,25,34,33	150	75
122	1,0,0,2,0,1,0,1,0,0	25,38,32,23,26,32,12,27,20,22	1,1,1,0,1,0,3,0,1,0	29,34,22,41,21,28,27,25,19,23	150	75
123	1,0,0,0,0,0,0,0,0,0	37,29,32,44,52,29,22,30,26,45	0,1,0,0,0,0,1,0,0,1	30,32,42,36,39,26,41,39,40,41	150	75
124	2,1,0,2,1,0,1,2,0,0	35,47,46,40,36,33,26,34,32,45	1,1,1,1,0,1,1,0,3,0	38,29,38,57,31,34,33,35,45,46	150	75
125	2,1,0,2,0,0,1,3,1,0	0,0,0,0,0,0,0,0,1,0	0,0,1,1,0,1,1,0,1,2	0,0,0,0,0,1,0,0,0,0	150	75
126	0,2,0,0,0,0,1,1,1,0	40,41,47,41,45,51,28,43,46,38	0,0,0,0,0,0,0,0,0,2	54,52,42,50,55,28,46,62,51,59	150	75
127	0,0,0,0,0,0,0,0,0,0	2,5,3,4,0,5,1,5,2,4	0,2,0,0,0,0,0,0,0,0	3,4,5,8,1,1,2,2,2,3	150	75
128	0,1,0,0,0,0,0,0,1,0	0,0,0,0,0,0,0,0,0,1	0,0,0,1,1,0,0,0,2,1	0,0,1,0,3,0,1,0,0,1	150	75
129	2,0,0,1,0,0,0,0,0,0	0,0,4,0,1,0,0,0,0,0	0,2,0,0,0,0,0,0,1,1	0,0,0,0,0,2,0,0,0,0	150	75
130	0,1,1,0,0,0,0,0,0,0	0,0,0,0,0,0,0,0,0,0	0,0,0,0,0,0,1,0,0,0	0,0,1,0,0,0,2,0,0,0	150	75
131	0,0,0,1,0,0,0,0,0,0	0,0,1,0,0,2,0,1,0,1	0,0,1,0,0,0,0,0,1,1	1,0,1,0,1,0,0,0,1,1	150	75
132	0,0,2,0,1,0,0,0,0,0	4,8,0,2,1,2,2,2,2,1	0,1,0,0,0,0,1,0,0,1	2,2,1,0,1,2,1,0,0,1	150	75
133	0,0,0,0,0,0,0,0,0,0	1,3,2,2,1,2,3,2,2,3	0,0,0,0,0,0,0,0,1,0	1,2,2,5,0,4,4,0,3,2	150	75
134	0,0,0,1,0,0,0,0,2,0	2,2,3,2,2,1,3,2,3,3	0,0,0,0,0,0,0,0,0,0	3,4,5,4,2,1,4,4,0,1	150	75
135	0,1,0,0,0,0,0,0,0,0	67,74,73,75,72,49,73,78,51,62	0,0,0,0,0,0,0,0,0,0	81,63,92,78,92,78,64,56,77,52	150	75
136	2,1,1,6,5,2,2,5,2,2	1,4,0,5,1,4,1,5,3,2	4,0,4,0,5,0,3,0,3,4	3,1,4,1,5,2,2,2,4,5	150	75
138	5,2,6,4,6,5,8,6,5,5	0,0,0,0,3,0,2,0,0,0	5,5,5,3,10,5,4,7,9,16	0,2,2,0,0,1,0,0,0,0	150	75
139	5,4,8,7,11,4,10,10,6,9	6,7,8,6,11,5,3,7,7,7	7,6,6,3,10,6,7,8,10,25	9,9,5,6,5,5,4,7,10,5	150	75
141	25,16,34,29,22,22,18,18,19,28	46,42,38,44,30,33,31,24,38,41	27,22,25,24,26,25,30,20,38,27	38,26,31,29,27,23,48,26,34,42	150	75
142	23,25,19,26,15,2,12,7,12,10	0,1,0,1,0,0,0,0,1,1	15,17,22,15,26,18,19,17,6,7	1,0,0,0,4,1,0,0,0,0	150	75
143	12,14,15,18,17,4,10,17,11,25	135,146,155,131,145,111,106,141,127,135	19,9,8,12,23,10,11,13,20,17	148,118,122,147,138,142,150,130,153,114	150	75
144	2,2,2,2,1,1,7,1,3,5	139,173,172,158,167,150,124,165,124,137	8,1,4,3,2,1,2,4,4,2	155,140,180,140,133,167,153,172,139,170	150	75
146	1,2,2,0,1,0,0,2,0,0	0,0,0,0,0,0,0,0,0,0	1,2,1,2,2,4,1,2,2,1	0,0,0,0,1,0,0,0,0,2	150	75
147	1,0,1,0,2,0,0,0,0,1	57,38,27,3,22,6,3,30,30,22	0,0,0,0,0,0,0,0,0,0	10,1,5,14,1,5,42,3,3,2	150	75
148	1,1,5,3,0,0,4,1,1,1	51,59,56,51,35,44,45,48,67,62	2,1,0,3,5,0,0,3,0,3	65,93,45,49,66,58,64,42,67,64	150	75
149	0,0,1,0,0,0,0,1,1,1	49,39,52,62,53,38,59,33,48,58	0,0,2,0,0,0,2,0,0,1	72,49,52,48,68,72,60,40,31,43	150	75
151	2,4,5,1,2,2,3,2,4,0	142,152,130,186,134,174,135,147,172,158	1,0,2,2,4,1,3,0,3,2	166,142,107,142,163,124,162,141,161,217	150	75
152	1,1,2,1,0,0,1,2,0,1	36,37,43,48,52,30,41,30,47,50	1,2,0,0,4,0,1,3,2,2	46,49,33,51,51,49,55,38,48,43	150	75
153	4,3,8,3,8,3,5,5,1,2	0,1,0,0,0,0,0,0,0,0	5,2,3,3,2,3,3,2,3,4	0,0,0,0,0,0,0,1,0,0	150	75
155	4,6,1,4,5,6,5,2,3,4	11,6,7,7,9,19,5,9,8,9	4,3,7,0,4,2,6,2,5,4	20,14,5,16,2,6,12,9,8,10	150	75
156	7,9,8,7,9,12,5,7,7,8	3,2,0,1,0,1,2,1,1,2	9,7,13,13,6,6,13,6,9,12	3,2,1,3,6,1,4,1,3,5	150	75
157	0,0,0,2,0,1,1,5,2,1	26,30,35,29,27,26,21,27,26,30	0,0,0,1,1,1,1,0,0,0	37,14,31,29,31,22,31,19,30,38	150	75
158	1721,1880,1914,2076,1572,1984,1794,1839,1750,1970	52,71,56,80,60,62,48,51,59,50	1782,1901,2031,1918,1881,1952,2072,1736,2078,2226	49,58,66,53,66,50,62,52,56,58	150	75
160	3,1,2,1,2,0,2,4,1,5	25,29,41,29,19,24,27,26,24,20	1,2,1,0,1,2,2,2,1,1	26,27,23,43,22,24,24,26,28,29	150	75
161	5,3,4,8,10,6,6,5,5,6	32,42,41,33,34,38,23,29,45,36	6,1,2,4,5,4,4,4,3,12	39,42,34,35,27,32,33,42,32,42	150	75
162	0,0,0,0,0,0,0,1,0,0	33,25,23,23,31,15,15,27,32,33	0,0,0,1,0,0,0,0,0,0	28,35,25,27,30,34,28,25,31,27	150	75
163	2,2,1,1,1,0,5,2,0,0	33,34,53,50,30,27,34,46,26,48	0,0,2,0,1,1,0,2,1,1	56,42,29,42,49,24,53,39,41,47	150	75
164	0,2,0,1,3,3,0,0,2,3	36,60,49,31,45,51,35,32,44,66	0,0,0,0,1,1,2,1,2,2	51,41,49,39,60,55,47,44,43,37	150	75
165	1,2,2,2,1,0,0,0,0,0	27,28,26,32,43,15,21,17,20,30	1,2,0,3,2,2,0,0,1,4	19,27,39,24,22,27,39,40,28,28	150	75
166	1,2,4,3,1,2,3,2,2,0	1,4,6,0,2,5,1,0,3,2	4,4,1,6,1,0,2,2,2,0	4,3,2,3,0,0,5,2,2,1	150	75
167	2,4,9,4,4,3,13,5,2,2	0,0,0,0,0,0,0,0,0,0	6,3,1,14,7,5,10,4,2,7	0,0,0,0,0,0,1,0,0,0	150	75
168	3,5,7,11,5,2,3,5,5,2	0,0,0,0,0,0,0,1,0,0	8,3,3,6,6,5,10,7,6,4	0,0,0,0,0,0,2,0,0,0	150	75
171	4,6,7,8,2,8,11,4,8,6	329,370,389,416,369,345,372,298,356,427	3,2,3,10,5,5,5,3,3,15	334,386,346,393,359,398,426,380,411,449	150	75
172	0,1,0,0,0,0,0,0,1,0	68,75,54,49,56,58,46,80,74,49	0,0,0,0,1,0,0,1,1,1	60,62,60,80,67,57,76,62,58,68	150	75
174	2,0,0,2,1,0,0,3,3,1	31,20,34,26,36,17,28,22,34,37	3,0,2,1,2,1,2,1,1,0	48,47,43,20,33,26,50,25,37,43	150	75
176	0,0,0,0,1,1,2,1,3,0	4,1,4,4,6,0,3,5,4,2	0,0,0,0,1,0,2,3,1,2	3,2,0,1,1,2,3,6,4,2	150	75
179	34,32,69,62,48,25,47,40,40,37	5,6,9,8,7,4,11,7,6,7	39,24,39,40,50,46,44,29,40,28	9,5,4,7,12,4,6,8,7,5	150	75
181	2,1,3,1,1,2,1,1,2,1	25,26,28,27,19,22,13,26,19,19	1,4,1,0,2,0,3,0,2,0	31,30,18,22,24,27,25,16,36,23	150	75
184	157,190,173,205,158,241,170,175,157,230	1,4,1,0,1,1,2,4,1,2	202,217,193,224,180,187,186,210,288,317	1,0,1,2,2,1,1,0,3,4	150	75
186	0,2,1,1,0,0,0,4,0,0	34,44,55,49,43,39,27,29,37,55	0,2,0,2,0,1,0,0,1,0	51,33,38,32,60,27,44,33,39,35	150	75
187	3,2,3,4,1,1,2,1,5,4	83,118,106,99,101,88,88,95,92,112	3,0,1,0,2,1,1,1,3,3	81,110,109,100,119,122,124,99,118,139	150	75
188	6,2,1,4,2,1,6,3,6,5	1,0,0,1,0,0,0,0,0,0	2,0,2,3,4,3,4,2,8,5	0,0,0,0,0,0,2,0,1,0	150	75
189	10,3,4,5,7,4,8,4,7,8	79,83,96,79,96,103,62,87,72,97	6,3,6,4,6,4,7,8,19,13	104,79,82,69,98,98,86,68,104,99	150	75
190	10,4,11,6,7,2,6,5,9,5	0,0,0,0,0,0,0,0,0,0	10,2,2,4,10,7,9,3,9,7	0,0,0,0,0,0,0,1,0,0	150	75
191	25,18,13,25,11,19,18,16,11,18	121,110,107,111,98,99,98,79,92,101	16,16,17,18,17,12,11,10,20,16	107,101,94,100,100,118,106,95,97,88	150	75
192	3,1,8,8,6,6,3,5,7,4	0,0,0,0,0,0,0,0,0,0	5,6,7,4,8,2,8,8,11,5	0,0,0,0,0,0,0,0,0,1	150	75
193	1,3,8,8,7,6,3,4,7,8	2,6,1,4,8,4,6,5,7,11	3,9,6,3,8,1,8,4,9,8	8,9,5,3,7,8,3,7,8,17	150	75
194	36,38,33,38,27,35,33,37,30,29	0,1,1,0,0,0,0,0,0,1	31,38,39,43,30,36,32,54,52,58	1,0,2,1,0,0,0,0,1,1	150	75
195	0,0,0,0,0,0,3,0,0,0	0,1,1,1,0,1,0,0,2,3	0,0,0,0,0,1,0,0,0,0	0,0,0,4,3,0,1,0,0,1	150	75
196	2,3,0,4,1,0,0,0,1,2	179,172,186,186,157,174,154,164,191,235	7,0,3,0,1,2,0,2,2,0	188,174,192,152,188,212,220,195,209,201	150	75
197	3,4,2,1,0,0,1,0,3,1	150,140,160,143,132,102,111,117,125,155	0,0,1,2,2,0,4,0,3,3	157,159,128,143,139,144,139,126,146,147	150	75
199	1,7,5,1,2,2,1,2,1,0	248,258,284,249,249,223,209,203,258,268	1,1,3,1,1,1,2,2,1,1	260,257,225,246,253,234,281,248,254,245	150	75
200	0,0,1,0,0,0,1,0,0,0	10,9,6,14,11,5,9,9,10,7	0,0,0,0,0,0,0,0,0,0	14,12,8,17,12,12,11,6,2,9	150	75
202	0,1,1,1,2,0,0,0,3,1	2,1,0,0,3,0,0,0,2,1	0,2,0,2,2,4,0,1,3,1	0,0,0,1,0,3,1,0,0,1	150	75
203	0,0,0,0,0,0,0,0,1,0	91,117,117,116,104,106,81,96,97,106	0,0,0,0,0,0,0,1,0,0	113,122,84,129,120,120,151,103,112,108	150	75
204	0,0,1,1,0,0,1,0,0,0	18,23,21,19,15,26,10,18,22,24	0,1,1,0,1,0,1,0,1,2	19,20,20,17,18,16,23,29,16,26	150	75
206	0,0,0,0,2,0,1,1,0,1	24,27,16,26,24,25,20,27,29,19	0,0,0,0,0,0,0,0,0,1	22,16,15,17,20,26,21,19,16,26	150	75
207	2,0,1,0,2,0,0,0,0,0	33,31,32,24,27,16,26,19,29,22	1,1,0,1,1,0,1,0,2,2	28,28,12,34,29,31,32,16,24,26	149	75
208	1,0,3,2,0,2,3,1,1,1	55,51,51,65,68,69,73,66,62,64	3,2,2,3,2,1,1,1,3,3	53,54,52,56,59,38,65,58,75,97	142	75
209	1,0,0,0,2,0,0,2,2,1	30,26,30,39,23,24,27,26,24,32	1,0,0,0,0,0,0,0,1,1	30,27,31,23,29,31,28,26,34,35	150	75
210	27,21,21,18,14,22,10,13,27,20	0,0,0,0,0,0,0,0,0,1	26,27,28,24,21,19,19,17,14,27	0,0,0,0,0,0,0,0,0,0	150	75
211	3,3,4,3,1,7,1,2,4,3	51,36,56,37,34,47,38,32,38,52	3,2,1,3,2,5,2,4,0,1	50,36,32,40,46,44,50,38,47,52	150	75
212	7,8,11,12,10,13,3,7,6,16	41,46,32,42,37,25,25,41,36,50	12,11,7,6,6,9,7,6,4,10	46,31,22,48,39,34,49,39,43,23	150	75
213	4,5,6,10,13,7,1,5,3,8	0,0,0,0,0,0,0,0,0,0	10,7,4,6,4,4,7,7,5,10	0,1,0,0,0,0,0,0,0,0	150	75
214	4,3,7,10,11,4,4,3,3,4	23,38,35,23,31,23,26,33,24,36	7,4,7,6,6,6,6,7,6,10	30,18,32,34,27,34,50,40,20,17	150	75
215	0,0,0,0,0,0,0,0,1,0	7,4,6,4,12,0,5,2,1,7	0,0,0,0,1,0,1,0,0,0	3,3,4,7,3,7,4,3,2,1	150	75
217	1,3,2,3,2,1,5,1,3,1	1,5,4,5,2,3,2,4,4,1	6,0,1,0,5,0,1,0,2,1	5,0,4,1,10,4,3,5,0,2	150	75
218	0,0,0,0,0,1,0,1,2,0	11,5,10,5,8,6,1,7,6,6	0,0,0,0,0,0,0,0,0,0	4,1,0,1,3,9,3,0,7,4	150	75
220	10,6,8,9,13,7,3,5,5,6	4677,5223,5385,5494,5071,5533,4809,4791,4893,5839	7,5,7,3,12,4,7,10,10,11	4966,5220,5230,5492,5248,5469,5795,5316,5824,6251	150	75
221	1,2,0,0,0,0,0,0,0,0	25,30,28,38,25,19,31,29,29,38	1,0,0,2,0,1,0,0,0,0	31,37,27,38,29,32,29,24,21,24	150	75
222	31,41,28,41,36,51,35,33,44,43	67,81,81,80,72,99,65,56,90,87	45,38,55,45,40,65,37,61,44,87	80,89,104,105,55,88,111,90,103,129	150	75
223	31,42,30,41,37,52,36,33,46,45	8,9,7,4,5,9,9,9,8,6	45,39,54,45,40,67,38,60,47,89	9,8,9,15,13,10,7,10,13,14	150	75
224	2,5,4,3,3,6,3,6,5,2	39,52,59,60,63,54,44,50,51,53	15,1,2,1,19,2,3,4,5,4	69,36,54,42,72,48,66,60,48,47	150	75
225	9,12,11,8,11,4,8,5,7,6	0,0,1,1,0,0,1,1,0,0	13,10,6,8,9,4,10,5,8,13	1,1,0,1,0,0,1,0,0,1	150	75
226	6,3,5,6,6,2,7,6,5,7	47,63,60,46,41,53,38,41,44,40	12,7,7,3,3,4,11,2,10,14	36,39,51,47,51,38,56,49,39,53	150	75
227	2,3,3,5,3,2,2,5,0,7	2,1,1,4,1,0,0,0,2,1	8,2,2,1,7,2,8,4,4,7	0,0,0,2,2,1,2,0,0,2	150	75
228	1,0,0,1,2,1,0,1,2,1	48,55,62,67,56,68,58,59,62,71	0,0,0,0,2,1,0,0,1,0	63,56,50,56,67,68,66,58,64,83	150	75
229	0,1,0,0,0,1,0,2,1,3	11,16,15,21,14,14,19,10,15,11	0,1,0,0,0,1,0,1,0,0	25,19,13,20,27,16,16,11,12,14	150	75
231	24,14,15,26,13,15,14,19,13,18	4,0,2,0,2,4,1,1,1,2	20,15,18,24,13,8,14,10,12,14	0,3,0,2,0,2,1,1,0,4	150	75
232	27,16,16,27,12,14,18,18,16,21	6,8,11,7,10,7,9,7,7,8	23,15,18,24,17,7,15,10,13,15	6,9,4,6,8,9,2,7,14,11	150	75
233	7,5,7,5,10,1,4,8,3,3	9,8,8,9,7,8,7,5,6,5	3,3,2,6,5,4,2,4,12,7	4,4,7,6,3,10,4,8,10,10	150	75
234	8,10,12,7,8,9,11,10,4,7	10,18,16,13,12,13,11,9,9,13	18,5,6,5,6,5,9,11,6,6	14,9,12,6,12,7,13,6,23,18	150	75
236	0,0,1,0,0,0,0,0,0,0	18,15,15,19,20,2,12,16,15,17	0,0,0,0,0,0,0,0,0,0	16,16,14,12,19,18,32,6,14,7	150	75
237	0,0,1,0,1,0,0,0,0,0	67,60,51,63,54,68,47,69,59,62	0,0,0,0,0,0,0,0,0,0	62,53,40,37,55,54,58,52,55,58	150	75
238	0,0,0,0,0,0,0,0,1,0	1,0,1,1,2,0,4,0,0,1	0,0,0,0,1,0,1,0,2,0	4,3,4,3,6,2,1,1,4,1	150	75
241	161,196,167,200,194,214,167,201,178,242	6,10,5,7,7,5,8,8,10,7	163,208,186,196,176,180,196,174,227,264	11,4,4,4,3,5,10,7,10,7	150	75
242	11,13,4,6,3,2,3,6,5,3	158,201,185,201,202,215,198,201,200,217	3,2,1,3,5,0,3,1,8,6	167,205,173,167,203,195,219,228,200,232	150	75
243	0,0,1,0,0,1,1,1,0,0	0,0,4,2,1,1,0,2,0,0	3,1,0,0,1,1,0,0,0,0	0,0,0,0,1,1,1,2,0,0	150	75
244	0,0,0,0,0,1,0,0,0,0	1,0,0,0,0,0,2,0,1,0	0,0,0,1,0,0,0,2,1,0	0,0,0,0,1,0,0,0,0,0	150	75
245	12,13,4,13,12,10,9,14,13,9	14,28,24,25,11,26,27,22,18,25	4,13,4,10,16,13,9,10,24,12	18,22,26,22,34,35,20,33,41,36	150	75
246	0,0,2,0,0,0,0,0,0,0	0,0,0,0,0,1,0,0,0,0	0,0,0,0,1,0,0,0,0,0	0,0,0,0,0,0,0,0,0,0	150	75
247	2,1,2,4,0,1,0,0,1,0	2,1,1,0,0,2,0,1,1,2	0,0,1,0,0,0,0,0,3,4	0,2,0,2,2,0,1,2,0,3	150	75
248	2,2,2,1,2,1,0,0,1,1	0,0,0,0,0,1,0,0,0,0	0,0,1,0,0,0,1,0,3,0	0,0,0,0,0,0,0,0,0,0	150	75
249	0,1,0,0,2,0,0,0,0,1	0,2,1,2,1,1,1,1,1,0	0,0,0,0,0,0,1,0,1,0	3,0,1,1,0,2,0,1,1,1	146	75
250	1,0,0,0,0,1,0,0,0,0	0,2,0,0,1,0,0,1,0,0	0,1,0,0,0,0,1,0,0,0	1,2,1,2,1,0,0,5,0,2	150	75
251	0,4,0,4,4,0,1,3,0,1	108,111,97,134,105,34,69,72,70,87	5,0,1,2,3,2,4,1,4,1	111,87,90,94,122,111,125,101,68,55	150	75
252	269,308,293,335,271,209,241,242,249,314	0,1,0,0,0,0,0,0,2,0	294,265,277,297,386,335,342,312,306,190	0,0,0,0,0,0,0,0,0,0	150	75
253	1,1,1,2,1,1,3,1,0,2	366,390,392,418,403,404,368,371,380,433	2,0,1,2,0,0,4,0,1,1	402,382,389,437,428,355,448,411,422,444	150	75
254	0,2,3,2,1,2,0,3,1,5	10,21,10,7,13,5,12,7,6,10	7,2,8,2,2,1,2,0,2,0	10,8,11,12,13,7,15,9,5,1	150	75
255	20,16,17,18,9,21,10,7,19,10	0,1,0,0,0,0,0,0,0,0	16,10,16,22,20,19,16,7,24,22	0,0,0,0,0,0,0,0,0,0	150	75
257	0,0,2,0,0,0,0,0,0,0	84,97,79,95,87,65,56,68,70,95	0,0,0,0,0,1,0,0,0,2	93,97,75,110,73,87,102,88,92,76	150	75
258	0,0,1,2,3,0,1,2,0,2	2,1,0,1,1,2,0,2,4,2	0,1,0,1,0,0,2,0,0,1	1,0,1,6,0,1,1,1,2,3	150	75
259	5,3,3,7,1,0,3,0,5,2	98,91,102,129,109,118,113,128,128,127	1,5,2,5,4,1,1,1,2,7	124,118,114,129,123,89,114,114,118,126	150	75
260	5,3,6,2,0,6,4,3,2,4	10,18,17,27,18,9,22,20,12,17	3,0,6,2,3,1,1,0,4,1	18,19,16,14,22,6,20,22,19,17	150	75
261	0,1,0,0,2,0,1,0,1,0	34,27,30,24,19,23,18,19,31,30	1,0,0,0,1,0,0,0,1,0	25,22,13,23,21,25,26,26,20,34	150	75
262	0,2,0,0,0,0,3,2,0,0	6,4,5,6,5,3,6,4,1,3	3,0,0,1,1,1,3,1,0,2	4,4,6,1,5,4,6,4,2,2	150	75
263	6,3,1,6,4,3,4,4,6,8	1,2,1,3,0,1,0,0,2,0	2,6,2,5,5,4,3,0,0,3	1,1,1,0,3,1,3,0,2,4	150	75
264	3,2,4,8,9,2,3,2,6,3	44,48,44,42,44,49,35,35,33,38	3,2,2,2,6,2,2,1,5,8	42,38,38,41,54,37,45,31,34,34	150	75
265	2,0,2,7,4,3,4,3,3,1	59,52,46,55,39,70,41,42,45,69	1,1,3,0,4,0,3,1,10,6	40,40,51,72,48,47,53,37,42,49	150	75
266	1108,1140,1217,1163,1043,1264,1056,1122,1136,1322	39,40,46,45,36,91,36,63,56,62	1140,1091,1162,1119,1086,1120,1208,1076,1290,1446	54,45,55,51,34,48,64,39,62,63	150	75
267	1059,1124,1176,1151,1025,1262,1003,1091,1087,1281	11,12,14,11,11,19,11,12,8,14	1125,1049,1136,1106,1062,1114,1190,1039,1248,1393	9,9,14,8,10,5,13,13,18,18	150	75
268	1112,1225,1215,1222,1110,1381,1072,1147,1146,1325	14,11,17,11,9,17,11,14,7,14	1219,1133,1200,1175,1139,1153,1253,1096,1318,1480	6,16,11,13,11,11,14,7,11,14	150	75
269	2,4,4,6,8,1,0,4,2,2	528,516,472,572,529,569,488,496,471,544	2,1,2,0,5,3,3,6,4,2	509,503,495,517,465,533,521,497,580,562	150	75
270	0,0,2,1,0,0,2,1,2,0	8,13,18,21,9,7,4,10,9,15	1,0,1,1,1,0,0,0,1,1	7,11,11,8,10,6,5,13,6,5	150	75
271	5,3,2,6,7,2,3,5,5,8	1469,1720,1667,1888,1771,2016,1687,1794,1759,1934	3,2,5,8,4,7,5,2,8,4	1634,1769,1615,1798,1709,1775,1944,1747,2096,1910	150	75
272	2697,3553,3293,3385,3222,2770,2641,2989,2865,3031	152,175,167,169,153,143,145,154,154,162	3056,2812,3008,3005,3395,3120,3648,2938,2998,2838	163,143,171,161,185,140,198,168,170,142	112	75
273	1,1,0,4,1,1,2,1,0,0	2459,2879,2812,2895,2470,2299,2054,2339,2355,2456	1,0,1,2,0,1,1,1,2,0	2454,2430,2303,2663,2928,2622,3031,2537,2487,2232	150	75
274	0,0,0,0,0,0,0,0,1,1	0,0,0,0,0,0,0,0,0,0	0,0,2,0,1,2,0,0,0,1	0,0,1,0,0,0,0,0,0,0	150	75
275	9,10,9,11,2,16,5,10,2,10	0,0,0,0,0,1,0,0,0,0	7,9,9,7,8,9,7,11,6,7	0,0,0,0,0,0,0,0,0,0	150	75
276	2,5,3,3,3,7,1,0,0,0	11,12,8,10,10,10,7,9,8,13	3,0,0,2,2,2,0,2,4,1	18,6,5,6,8,4,5,7,15,14	150	75
277	464,526,519,523,470,348,371,458,402,432	4,3,9,6,2,2,4,6,7,2	550,490,422,451,534,522,535,413,394,275	1,6,2,5,4,5,2,1,3,2	150	75
278	127,148,166,163,171,136,113,136,150,150	79,70,79,74,76,55,64,60,79,90	173,150,119,170,154,155,132,143,146,136	84,71,88,61,67,66,82,68,90,61	150	75
279	3,0,1,2,0,1,0,1,0,0	9,15,4,7,10,3,7,4,8,9	1,0,0,0,0,0,1,0,0,3	12,4,7,3,5,13,6,2,3,0	150	75
280	1,0,1,1,3,1,0,2,0,3	0,0,1,1,1,1,0,0,1,0	0,1,0,2,3,1,1,1,1,2	1,0,0,1,1,0,0,0,2,0	150	75
281	0,0,1,1,2,3,1,1,1,1	17,13,11,23,18,17,8,6,9,18	2,1,0,2,1,3,0,0,1,1	11,10,7,14,17,13,15,9,19,10	150	75
282	49,49,35,64,45,40,36,32,43,57	0,0,0,1,0,1,0,0,0,0	64,39,57,57,52,51,62,39,48,47	0,0,1,0,2,1,3,0,1,0	149	75
283	3,1,6,5,3,3,0,0,1,7	1,1,3,2,0,0,0,0,1,0	4,1,4,1,4,1,5,2,6,4	1,1,0,1,0,0,2,0,1,1	150	75
287	3,3,2,2,2,2,3,2,1,5	69,62,59,65,46,88,77,63,62,91	3,5,1,6,3,2,5,3,1,2	75,66,71,86,62,56,76,60,76,88	148	75
288	8,9,9,18,11,7,7,17,10,13	45,54,61,48,59,67,50,67,55,80	13,13,12,19,17,20,12,15,13,14	51,82,53,60,70,71,54,68,83,93	150	75
289	27,30,29,34,22,34,30,33,17,41	68,74,87,66,74,73,66,72,73,88	38,34,33,26,41,37,27,34,28,41	68,70,72,82,70,73,60,85,86,91	150	75
290	5,9,3,9,2,2,1,5,2,9	56,43,49,67,38,65,48,59,60,56	6,3,4,2,6,3,1,4,4,9	63,48,64,46,60,53,59,54,55,75	150	75
291	1,5,5,1,2,1,3,5,1,0	24,32,41,42,24,42,49,33,33,43	2,0,1,0,1,1,2,0,1,2	30,33,34,62,53,41,35,41,40,56	150	75
292	3,2,0,2,4,1,4,3,3,3	56,70,65,77,71,38,62,52,60,76	0,1,0,2,0,4,2,1,4,2	42,69,79,75,66,57,77,67,59,58	150	75
293	0,0,1,0,0,0,0,1,0,0	39,39,36,33,32,28,28,37,26,51	0,1,0,0,0,0,0,0,0,0	37,36,25,40,34,31,27,34,42,36	150	75
294	15,13,17,19,11,8,17,12,13,13	922,948,1044,1101,958,960,916,938,1002,1177	25,13,8,7,15,24,14,11,21,26	1037,950,917,969,1124,1081,1095,1018,1187,1139	150	75
295	2,0,0,1,0,0,0,1,0,2	0,0,0,1,0,0,0,0,0,0	2,0,0,0,0,0,0,1,0,0	0,0,0,0,0,0,0,1,0,0	150	75
296	1,1,0,2,1,1,0,1,1,1	20,9,29,22,12,8,14,15,13,17	4,1,1,0,6,0,0,0,4,0	17,7,19,21,13,23,20,14,12,29	150	75
299	3,7,3,6,7,12,2,3,2,7	1,0,1,1,0,0,0,0,2,0	6,10,7,6,8,7,1,7,6,3	0,1,2,0,0,0,0,2,0,0	149	75
300	3,7,3,6,6,12,2,3,2,7	0,0,0,0,0,0,1,0,0,0	5,9,6,6,8,7,1,7,5,3	0,0,0,0,0,0,0,0,0,0	133	75
301	12,15,18,7,12,7,5,10,12,14	7,7,15,12,6,13,8,10,2,4	6,12,9,12,16,7,17,8,4,8	11,10,4,8,6,9,10,7,12,7	150	75
302	0,2,3,4,3,0,2,3,3,1	33,34,37,48,43,26,14,31,35,29	4,6,3,1,1,3,3,1,2,9	33,31,36,39,42,30,44,31,31,37	142	75
303	0,1,1,3,1,1,0,0,3,1	25,26,27,11,22,17,22,9,22,14	2,0,0,0,0,0,3,2,1,3	31,12,20,18,18,14,18,18,19,19	147	75
304	8,10,3,8,8,7,3,7,3,3	1,0,1,2,0,0,0,0,0,0	7,3,5,3,9,10,7,3,11,12	0,0,1,0,1,0,0,1,0,0	150	75
305	5,7,2,6,4,1,3,5,3,2	57,65,60,56,56,41,53,39,40,53	3,4,7,3,5,4,5,1,3,8	53,48,38,49,56,56,55,35,43,45	150	75
306	4,2,3,5,5,2,5,2,3,3	47,66,53,54,45,38,52,51,50,54	4,0,0,2,5,5,2,2,4,12	54,37,56,44,45,43,46,41,55,37	150	75
308	0,0,0,0,0,1,0,5,0,0	13,7,12,13,5,8,12,11,14,9	1,0,0,1,1,0,0,1,1,1	19,9,4,1,6,4,9,8,13,7	150	75
309	0,1,1,2,2,1,1,1,0,4	297,319,317,340,285,277,305,324,299,317	1,0,1,1,3,1,0,3,2,1	312,269,281,299,324,270,352,294,316,283	150	75
310	0,0,0,0,1,0,1,0,1,0	3,1,1,2,0,0,0,0,0,2	0,0,0,1,0,0,0,0,0,0	0,0,0,0,0,0,0,0,0,1	150	75
311	2,2,1,1,0,0,0,3,2,1	0,0,1,0,0,1,0,0,1,0	1,0,0,0,0,1,0,2,0,1	0,1,0,1,0,1,0,0,2,0	149	75
313	0,0,0,0,0,0,0,0,0,0	9,6,5,17,10,6,3,10,18,7	2,0,0,0,0,1,0,2,0,1	7,17,4,8,5,8,15,12,9,9	150	75
315	1,0,0,1,1,0,1,1,0,1	44,45,46,45,32,43,43,35,44,42	2,1,0,0,1,1,0,2,3,2	64,48,50,43,42,47,61,52,46,45	150	75
316	23,23,17,19,20,20,16,24,12,23	19,38,30,22,25,25,22,21,29,31	27,16,18,14,25,25,21,12,32,35	26,23,21,33,25,23,34,32,18,39	150	75
317	3,6,8,11,4,3,5,6,4,16	30,31,35,45,25,29,30,31,21,39	4,6,11,7,10,1,2,4,11,7	35,18,26,21,30,32,22,36,30,40	150	75
318	6,4,7,3,3,2,4,6,9,8	11,6,12,4,2,5,10,10,13,16	3,4,5,2,9,11,2,6,2,8	15,12,15,19,13,10,11,10,9,12	150	75
320	9,7,3,10,5,5,6,15,10,11	0,0,0,0,0,0,0,0,0,0	5,5,7,6,10,4,5,7,10,9	0,0,0,0,0,0,1,0,0,0	150	75
321	3,1,2,2,0,1,0,0,0,0	44,51,49,47,30,33,27,35,33,43	1,0,2,0,0,0,1,1,0,0	32,46,38,25,29,26,42,30,30,36	150	75
322	2,0,1,2,1,1,0,0,0,0	0,0,0,0,0,0,0,0,0,0	0,0,1,0,0,0,1,1,0,0	0,0,1,0,0,0,0,0,0,0	150	75
323	0,0,0,0,0,0,0,0,0,0	98,81,123,115,79,87,84,83,64,83	1,2,0,0,0,2,0,1,0,0	99,81,102,89,70,89,104,84,90,71	150	75
324	2,0,1,4,0,0,0,1,1,1	13,20,15,14,13,16,5,16,20,20	4,0,1,3,1,0,2,2,6,2	19,15,17,14,18,12,14,10,18,19	150	75
325	93,75,83,73,63,120,89,89,74,104	0,5,4,5,3,3,2,7,6,3	86,82,103,73,94,79,119,74,118,112	3,3,2,15,0,3,9,3,7,10	150	75
326	1,1,5,1,4,5,2,4,3,2	856,950,892,970,805,977,846,962,914,1036	4,1,2,1,7,4,1,1,3,4	956,869,870,916,838,873,943,844,1026,1212	150	75
327	3,8,6,5,4,6,2,6,3,9	28,21,32,35,28,29,27,24,27,25	2,6,6,5,7,0,2,4,3,5	32,42,20,28,24,25,38,29,36,25	150	75
328	96,106,106,114,115,85,98,94,125,101	36,51,48,47,35,49,42,45,48,54	107,96,79,115,95,102,141,121,131,114	37,43,41,44,48,44,62,42,56,45	150	75
329	5,14,7,5,9,10,10,5,9,11	23,25,29,38,36,45,25,32,26,26	7,5,6,12,13,6,6,8,8,15	28,27,34,30,34,30,29,18,38,28	150	75
331	1,2,2,1,3,1,0,6,5,9	4730,5536,5226,5696,4977,6312,5020,5136,5456,6336	5,5,4,5,4,4,4,1,2,5	4993,5694,5587,5209,5470,5335,6231,5369,6111,6538	150	75
332	9,10,6,8,7,8,12,11,9,10	13,9,8,7,9,7,5,11,5,5	7,13,4,3,10,4,6,6,24,16	6,14,10,12,10,3,15,4,11,12	150	75
333	7,10,9,7,8,4,5,7,5,9	31,27,26,29,25,15,31,20,23,19	14,3,6,6,10,10,7,4,12,11	17,27,31,17,43,19,27,36,19,23	150	75
334	2,4,3,3,3,1,1,2,2,3	2,2,3,0,2,4,1,2,5,1	2,0,2,0,2,1,0,0,1,1	6,3,2,3,1,1,1,3,5,3	150	75
337	290,337,271,323,300,321,271,270,277,321	6,2,7,3,5,3,0,3,4,18	297,292,297,270,297,297,344,260,317,320	4,7,3,8,5,2,2,5,6,4	150	75
338	78,91,119,93,95,91,108,85,99,102	1,2,7,5,4,0,3,1,6,2	123,111,105,113,114,83,108,101,109,102	2,6,1,3,3,6,3,0,4,1	150	75
339	0,0,0,0,0,0,1,1,0,0	0,0,0,0,0,0,0,0,1,0	0,0,0,0,1,1,0,0,1,1	0,0,0,0,0,0,0,0,0,0	150	75
340	2,1,2,6,0,1,1,1,2,2	0,2,0,1,0,1,1,4,2,1	2,3,0,1,2,0,0,2,1,4	6,2,3,1,2,1,0,1,7,2	150	75
343	2,0,4,1,2,1,3,0,2,4	16,20,22,25,16,12,8,26,16,28	4,0,1,1,2,1,1,7,5,2	21,21,13,27,16,28,15,17,20,20	150	75
344	12,13,18,11,7,13,9,6,12,10	0,1,0,0,0,0,0,0,0,0	10,10,7,9,12,13,14,11,11,15	0,0,0,0,0,0,0,0,0,0	150	75
345	56,70,74,79,67,95,67,55,69,65	10,9,4,12,4,14,9,3,6,14	53,80,67,61,68,61,88,95,79,98	7,10,8,11,6,5,9,6,9,9	150	75
346	11,16,20,19,11,16,11,9,16,21	104,123,117,130,121,145,96,110,123,123	15,13,12,16,15,17,23,15,18,21	105,119,94,119,126,118,126,119,162,148	150	75
347	16,12,9,17,10,18,11,11,11,19	104,128,123,132,114,150,105,115,115,130	20,14,12,10,14,9,16,17,13,15	121,124,126,123,149,130,171,114,148,173	150	75
348	24,26,18,23,21,22,25,30,29,24	1,0,0,0,0,1,1,0,0,0	19,21,17,21,24,17,22,24,32,35	1,0,0,0,1,3,3,1,0,2	150	75
349	27,31,28,26,25,31,30,49,38,32	60,93,65,79,71,94,62,70,67,98	32,27,30,35,37,27,32,35,33,50	60,74,60,65,82,76,101,72,92,94	150	75
350	26,29,32,24,28,30,34,47,44,30	1,0,1,0,3,1,3,2,0,1	29,22,28,31,37,23,29,33,36,58	3,5,1,2,0,1,1,1,4,2	150	75
351	21,20,22,32,17,21,26,24,35,24	2,7,2,12,7,4,4,7,5,4	24,25,28,22,26,18,38,29,28,29	4,4,5,8,3,5,7,5,6,6	150	75
352	0,1,0,0,2,0,0,0,0,1	0,0,0,1,2,0,0,1,2,1	2,1,0,1,5,0,0,1,3,3	3,1,2,2,1,0,3,0,0,0	138	75
353	0,1,1,3,3,0,0,0,2,1	32,38,36,44,35,27,16,41,39,36	3,1,0,1,6,3,0,1,3,5	31,41,25,28,28,32,25,20,39,36	150	75
354	3,1,2,0,0,0,1,0,3,2	14,18,13,15,17,13,13,10,16,16	1,0,0,0,1,0,0,0,1,0	14,10,13,16,18,13,10,7,16,11	150	75
355	4,6,6,5,7,2,4,6,8,7	9,10,11,8,6,10,14,6,12,12	4,3,2,2,8,7,3,5,5,11	7,24,15,11,5,4,10,8,9,7	150	75
356	4,8,8,6,8,2,4,7,9,7	11,13,13,14,8,9,5,13,12,12	5,3,2,2,8,7,5,5,6,13	15,8,8,14,7,16,10,9,18,13	150	75
357	1,1,1,0,1,1,2,0,1,2	46,45,45,39,50,60,39,48,53,58	0,0,1,0,2,1,0,1,0,2	64,62,76,53,69,66,54,69,71,60	150	75
358	3,3,5,5,1,3,2,2,1,1	4,2,2,4,1,2,6,3,3,8	1,2,0,2,2,0,2,1,1,0	5,6,3,2,0,6,4,4,1,5	144	75
359	3,1,0,0,0,0,2,0,1,0	19,26,38,30,28,18,25,20,25,23	0,0,0,0,0,0,0,0,1,2	26,20,18,22,28,36,31,26,21,21	150	75
360	2,1,0,0,0,3,0,1,0,0	22,14,19,33,24,18,17,23,21,27	0,0,0,0,0,0,0,0,0,1	29,16,24,10,20,14,21,16,26,22	150	75
361	0,0,3,2,3,1,0,1,1,0	43,37,39,32,35,28,38,34,34,39	0,2,0,0,3,0,0,0,0,2	32,28,34,26,28,42,35,33,34,37	147	75
362	0,0,0,0,0,0,1,0,0,0	55,33,37,43,38,30,49,31,39,59	0,0,0,0,0,0,0,0,0,0	41,38,25,41,52,45,37,36,48,45	150	75
363	57,59,44,68,47,64,62,49,64,61	297,342,336,372,305,373,313,345,339,391	57,52,43,59,46,48,60,54,65,60	350,332,299,311,362,346,344,323,364,461	150	75
364	69,98,74,78,66,93,65,85,85,109	331,348,356,365,346,373,326,331,344,464	89,85,96,73,84,88,81,83,96,108	339,342,317,324,356,312,363,347,355,393	150	75
365	3,3,2,2,1,2,1,2,1,4	79,86,97,137,88,126,76,104,91,149	2,2,0,0,0,2,1,1,3,6	107,77,81,78,127,111,101,91,122,103	150	75
367	2,1,0,3,0,0,0,0,1,2	0,0,0,0,1,0,0,0,0,0	0,0,1,0,4,0,0,1,1,0	0,0,0,0,0,0,0,0,0,0	150	75
368	0,0,1,1,2,0,1,1,0,0	10,8,4,12,6,2,9,10,7,13	0,0,0,0,0,0,0,0,0,0	8,2,5,6,11,12,15,5,7,7	150	75
369	11,20,13,18,12,9,12,14,14,14	6,5,14,9,6,7,4,8,15,9	11,8,10,12,17,6,8,13,14,8	7,7,7,7,16,11,15,11,8,6	150	75
370	11,11,17,18,10,10,18,11,7,8	62,76,78,84,63,73,72,81,78,86	13,11,7,11,15,8,23,6,23,15	91,75,68,76,83,81,74,80,82,81	150	75
371	17,11,9,11,9,6,16,12,12,12	104,94,104,97,82,85,92,92,72,97	10,10,10,17,20,7,14,16,14,20	94,99,81,88,95,111,100,84,120,86	150	75
372	0,1,1,0,0,3,0,0,0,0	1,1,0,1,2,0,0,0,1,0	1,1,0,0,1,0,0,0,2,0	2,3,0,0,1,0,0,0,3,0	150	75
373	4,4,4,11,2,6,6,11,10,6	64,49,78,66,69,69,37,56,63,78	10,5,4,10,6,8,6,4,8,14	60,61,58,62,71,67,64,43,75,72	150	75
374	1,1,2,3,3,1,0,2,0,8	16,10,11,13,10,17,14,16,8,11	1,1,1,1,5,0,3,0,0,2	9,17,11,10,12,12,1,17,17,24	150	75
375	11,11,15,13,14,11,14,15,10,10	3,3,2,6,5,4,0,6,4,6	12,14,19,16,15,11,13,6,15,20	4,4,2,3,1,1,2,2,3,2	150	75
376	1,2,0,0,0,2,0,0,0,0	13,8,7,16,8,4,10,9,13,11	0,1,0,0,0,1,0,0,2,3	14,10,14,6,7,16,13,7,11,13	150	75
377	0,0,0,1,0,0,1,1,0,0	47,56,53,45,59,9,26,35,30,26	0,0,1,0,0,0,0,0,3,0	57,29,30,38,45,42,48,46,29,18	150	75
378	0,4,2,2,1,1,4,4,3,1	7,6,3,1,6,4,2,4,9,8	2,1,4,2,3,4,2,3,2,1	3,2,1,5,2,4,6,2,3,3	150	75
379	0,1,4,2,0,2,1,0,0,1	10,6,10,14,7,3,4,4,8,5	1,0,1,1,1,1,1,2,0,1	5,8,4,7,9,4,6,6,14,11	150	75
380	0,1,4,2,0,2,1,0,0,1	1,0,2,0,1,3,0,1,1,0	1,0,1,2,1,1,1,2,0,1	1,2,0,0,0,0,0,0,2,0	150	75
381	0,0,1,0,0,0,0,0,0,4	20,22,9,25,10,15,21,20,7,29	0,1,0,0,0,0,0,0,1,0	23,13,13,10,18,15,22,9,13,11	145	75
383	1,1,4,2,2,3,2,0,0,3	5,4,6,1,5,3,5,8,2,1	3,3,3,3,2,4,2,3,2,2	3,6,3,7,2,3,3,3,4,4	150	75
384	1,4,3,5,5,1,3,3,0,4	3,2,4,5,2,4,0,2,1,6	5,3,3,2,6,2,3,0,2,4	4,4,2,5,8,2,2,1,4,5	150	75
387	0,0,0,0,0,0,2,0,0,0	0,0,0,0,1,0,0,0,0,0	0,0,0,0,0,0,0,0,0,0	0,0,0,1,0,0,0,1,0,0	150	75
392	13,13,18,19,18,19,3,7,1,18	4,13,25,8,11,11,14,8,10,14	14,11,9,10,13,7,11,8,18,13	18,7,12,11,6,12,11,7,13,8	147	75
394	3,0,2,4,2,0,2,1,0,9	292,306,283,309,273,355,249,283,243,335	1,1,2,0,0,2,1,2,0,4	284,351,270,284,266,273,325,248,305,361	150	75
396	1,2,1,3,1,2,1,1,2,2	19,20,26,25,28,21,20,28,20,14	0,1,0,0,4,2,0,1,0,1	19,13,13,9,16,15,26,20,17,13	150	75
397	1,1,3,4,3,2,0,4,1,4	19,28,41,37,26,54,26,29,32,39	6,4,0,2,1,0,2,2,8,7	34,27,36,25,35,29,44,15,53,42	150	75
398	1,1,0,3,4,1,1,3,5,2	0,0,0,0,0,0,0,0,1,0	3,1,0,2,1,1,1,2,2,4	1,0,0,0,0,0,0,0,0,0	150	75
404	6,10,15,8,9,2,10,11,5,12	0,1,3,0,0,0,0,0,2,0	5,8,9,7,10,8,13,9,8,16	0,1,0,0,0,0,1,0,1,0	150	75
405	0,0,0,0,0,0,1,1,0,0	18,16,19,28,15,12,15,16,15,16	0,0,0,0,0,1,1,1,0,0	21,22,13,13,26,9,25,18,17,19	150	75
406	7,3,3,4,4,7,5,5,2,18	12,27,14,30,13,19,17,15,24,23	3,2,1,0,10,7,3,3,1,2	21,21,20,27,20,22,19,27,15,11	150	75
407	22,24,27,27,29,32,18,25,17,33	17,21,21,23,19,15,21,12,34,20	28,16,20,14,20,24,22,14,15,25	13,20,19,15,22,23,21,26,18,19	150	75
408	29,27,30,29,31,38,24,28,20,34	8,5,6,4,4,2,3,3,3,1	29,22,21,16,26,27,28,17,16,27	3,6,5,7,7,5,6,6,3,4	150	75
409	39,48,35,52,47,41,34,53,42,51	3,2,5,1,1,2,1,2,1,3	54,46,54,40,58,45,38,43,43,54	1,0,1,0,0,2,2,1,2,2	150	75
410	0,1,0,0,0,0,0,0,0,0	21,20,22,35,13,7,14,15,10,15	0,0,0,0,3,0,0,0,0,0	20,19,22,19,27,17,26,8,14,6	150	75
411	2,2,0,5,4,0,2,1,1,5	43,39,49,37,50,54,26,33,40,43	3,3,3,1,3,0,2,3,4,2	45,42,38,42,35,28,42,46,62,44	150	75
412	0,2,0,0,2,0,0,1,2,0	26,36,30,32,24,21,40,29,22,44	1,2,0,0,0,0,1,0,0,1	21,34,19,29,30,28,29,33,32,34	150	75
413	11,11,6,12,10,8,11,13,5,12	6,9,11,10,12,11,16,10,8,7	9,9,8,5,11,10,11,8,12,15	12,6,3,14,16,10,6,6,7,10	150	75
414	2,1,5,5,4,3,1,2,1,1	6,13,8,12,9,14,4,12,7,11	0,2,2,2,2,2,1,3,7,1	10,14,11,10,7,8,13,15,20,11	150	75
417	0,0,0,0,0,0,0,0,0,0	0,0,0,1,1,1,0,0,0,0	0,0,0,0,1,0,0,0,0,0	0,0,0,1,1,0,1,0,0,2	150	75
419	1,0,2,0,0,0,0,2,0,0	14,19,23,20,30,30,18,17,24,14	0,0,1,1,1,1,0,0,0,0	23,25,9,18,22,18,21,10,15,18	150	75
420	1,0,0,0,1,0,3,2,1,0	1,0,0,0,0,0,0,0,0,1	1,0,0,2,1,0,0,1,1,0	0,0,0,0,0,0,0,1,0,0	150	75
421	0,1,1,1,1,2,0,0,0,0	14,15,13,17,16,28,13,16,20,27	1,0,0,0,1,0,0,0,0,0	19,22,24,14,18,14,21,18,25,30	150	75
422	0,1,1,0,1,1,0,0,0,0	1,0,0,0,0,1,0,0,0,0	0,0,0,0,1,0,0,0,0,0	0,0,0,0,3,1,1,0,0,0	150	75
423	5,6,5,13,6,7,2,8,4,6	0,0,1,0,0,0,0,0,2,0	3,4,0,3,8,2,6,3,11,20	0,0,0,0,0,0,0,0,0,0	150	75
424	2,1,1,2,1,1,2,3,0,0	27,25,25,28,27,27,25,23,26,31	3,1,0,3,0,2,2,0,1,1	24,26,30,15,39,29,24,26,35,28	150	75
425	2,2,2,4,3,0,3,2,0,3	37,49,43,50,37,49,39,41,49,51	1,1,1,2,2,2,0,1,5,4	48,46,43,37,57,46,54,38,36,51	150	75
426	1,3,0,3,4,1,0,2,1,2	237,272,250,312,249,259,226,252,258,255	2,1,0,1,0,0,2,0,1,2	260,244,213,233,258,275,267,242,333,270	150	75
431	10,9,10,18,12,7,12,12,11,14	12,12,6,9,3,13,6,6,8,5	20,8,6,9,15,16,15,17,12,13	17,9,6,10,8,9,8,5,13,6	150	75
432	2,5,3,5,3,2,0,3,3,4	94,108,120,106,85,126,98,107,107,126	1,1,4,5,2,3,1,2,9,8	123,111,118,112,151,121,115,100,122,120	150	75
433	1,0,0,2,1,2,0,2,0,0	0,0,3,2,0,4,1,1,0,1	0,0,0,0,2,1,0,0,0,0	1,1,2,1,2,0,1,1,2,1	150	75
434	9,3,4,12,4,0,0,3,6,1	38,48,75,109,59,70,79,99,82,16	6,5,4,1,6,3,5,0,4,4	51,80,85,45,55,77,87,53,42,68	150	75
435	1,1,2,3,3,0,0,2,3,0	11,18,18,23,13,30,8,7,18,31	2,1,1,0,2,0,0,2,0,2	20,17,15,14,21,18,21,5,14,20	150	75
438	0,0,0,1,0,2,1,0,2,1	102,89,116,120,111,68,91,124,125,112	2,0,0,1,1,1,0,0,0,0	115,82,94,76,128,136,159,142,120,92	150	75
439	3,3,0,2,1,6,5,2,4,1	756,997,931,1105,1022,882,871,842,819,1000	9,0,1,0,3,0,5,3,2,2	942,913,832,903,1054,946,1070,944,974,872	150	75
440	3,1,3,1,2,4,0,4,3,7	667,857,805,928,839,794,766,750,747,922	5,3,1,2,5,3,2,5,1,3	864,828,736,849,866,815,871,856,884,850	150	75
441	1,2,1,1,1,3,3,1,5,3	1128,1228,1284,1455,1244,1331,1163,1223,1223,1400	0,2,2,6,3,1,4,1,3,4	1255,1269,1236,1299,1316,1274,1358,1338,1432,1418	150	75
443	0,0,0,0,0,0,0,0,0,0	1,0,2,2,1,0,0,1,0,0	2,0,0,0,0,0,0,0,0,0	0,0,0,0,0,0,0,1,0,1	150	75
444	3,0,5,1,3,0,0,1,2,3	0,0,0,0,0,0,0,0,0,1	5,0,1,0,1,0,0,0,0,0	0,0,0,0,2,0,1,1,0,0	150	75
448	0,0,0,2,1,1,1,0,1,0	135,151,171,194,152,135,159,153,170,172	0,2,0,0,0,1,0,0,0,0	135,156,136,152,161,160,161,136,156,158	150	75
449	73,86,104,112,89,87,82,87,76,83	4,1,1,1,4,6,0,4,2,8	87,111,88,86,73,88,93,89,103,138	3,4,2,6,2,4,3,1,6,3	150	75
450	6,2,5,3,4,5,7,4,4,8	39,42,53,48,46,51,46,55,60,70	7,5,3,7,4,3,2,5,5,6	54,34,46,36,66,48,48,46,40,61	150	75
451	0,0,0,0,2,0,0,0,0,0	102,114,99,117,74,84,72,93,96,126	0,0,0,0,0,0,0,0,0,0	111,92,86,86,99,110,108,96,109,89	150	75
452	3,0,6,11,6,2,1,0,2,4	15,22,7,7,14,14,13,14,16,13	5,7,4,4,6,6,3,4,1,8	10,13,10,16,20,6,12,7,12,14	150	75
453	12,11,11,16,15,18,10,9,9,14	0,1,0,0,1,0,3,2,2,3	11,13,9,13,6,9,10,9,16,23	5,3,3,1,1,2,2,1,1,3	150	75
454	6,9,17,19,13,13,9,6,9,19	0,0,0,0,0,0,0,0,0,1	13,12,6,14,10,12,9,8,10,15	1,0,0,0,0,0,0,0,0,0	150	75
455	14,14,19,24,15,21,14,12,9,21	5,10,7,6,5,5,5,6,5,11	14,20,10,16,9,19,12,8,13,22	13,6,6,4,7,9,11,8,11,2	150	75
456	0,0,0,0,1,0,0,0,0,1	36,35,35,46,30,24,28,29,23,25	0,0,0,1,0,1,2,1,0,2	42,49,31,30,39,31,39,33,27,31	150	75
457	1,2,1,5,1,2,0,1,2,2	75,86,91,95,89,93,89,78,80,92	0,1,0,6,1,3,2,1,0,1	92,83,74,73,80,74,96,81,80,86	150	75
458	2,1,3,1,2,0,0,1,0,0	2,3,1,4,3,0,1,2,1,2	0,0,2,1,0,3,1,0,0,0	3,2,3,1,2,0,1,1,1,0	150	75
459	0,0,2,2,0,0,2,1,1,1	0,3,0,0,2,0,2,1,2,1	2,2,1,0,2,0,1,0,1,1	1,4,0,0,2,1,1,1,0,1	150	75
461	1,2,1,0,2,1,0,2,4,3	111,138,140,129,109,123,117,105,105,141	3,3,0,0,3,1,2,0,5,7	137,117,116,132,150,118,132,105,146,153	150	75
462	0,2,2,1,3,4,3,1,5,2	63,68,58,61,56,36,41,49,49,63	2,2,0,3,4,2,2,2,3,1	61,49,40,41,57,41,53,52,54,51	150	75
463	10,5,14,18,8,8,5,11,11,7	0,0,0,0,0,1,0,0,0,0	9,7,4,7,6,8,15,6,6,15	0,0,0,0,1,0,0,0,0,0	150	75
465	4,3,7,8,1,4,6,2,2,2	8,5,6,2,2,2,5,2,5,2	2,0,2,2,1,5,5,1,4,5	8,5,4,4,6,5,4,2,7,2	150	75
466	1,1,2,1,1,0,5,2,3,0	173,210,207,199,197,187,187,192,189,197	0,0,0,1,0,2,3,2,2,1	220,163,193,184,241,212,197,201,199,229	150	75
467	50,33,47,46,37,33,31,37,40,70	1,0,0,2,0,0,1,1,0,0	37,43,41,48,33,43,36,50,42,44	1,1,0,1,0,2,1,0,1,1	150	75
468	1,0,1,0,1,0,4,1,0,3	10,5,6,9,10,9,12,8,10,12	2,1,2,2,0,0,0,1,2,1	12,17,9,8,10,9,7,2,5,12	150	75
469	0,0,0,0,0,0,0,0,1,0	107,96,106,129,127,81,79,83,83,110	1,0,0,0,1,0,0,0,0,0	62,92,111,104,87,87,116,109,89,95	150	75
470	6,1,1,6,2,0,4,1,3,1	144,146,140,132,122,129,113,108,106,127	2,2,1,2,1,0,0,1,2,2	133,118,112,140,158,150,133,95,125,99	150	75
471	4,3,2,3,7,4,5,7,1,4	16,37,28,36,25,32,17,20,29,29	2,3,1,1,7,1,1,2,2,3	26,20,21,17,32,26,24,29,39,29	150	75
472	2,0,1,4,3,0,2,3,3,1	54,37,41,41,35,37,34,43,47,45	2,2,0,0,3,1,1,3,3,0	55,34,41,43,46,45,34,36,52,33	150	75
473	3,0,3,3,1,3,0,3,4,1	0,0,0,0,0,0,0,0,0,1	2,0,0,0,3,2,0,3,2,4	0,0,0,0,0,0,0,0,0,0	150	75
474	2,1,3,0,0,5,3,1,4,5	30,32,36,52,39,26,38,44,31,42	0,0,0,1,5,2,0,3,3,7	34,31,30,28,46,51,51,36,37,32	150	75
475	70,107,95,81,61,29,46,45,47,50	0,0,0,0,0,0,0,0,0,0	90,52,82,73,116,69,63,46,40,20	0,0,1,0,0,0,0,0,0,0	150	75
477	8,12,10,14,5,12,12,7,12,7	0,0,0,0,0,0,0,0,0,0	6,15,5,6,12,12,7,4,10,10	0,0,0,0,0,0,1,0,0,0	150	75
478	0,1,0,1,1,0,0,1,0,0	2,6,9,7,2,3,7,3,4,6	0,0,0,0,1,0,0,0,0,1	2,2,5,2,5,10,6,2,3,7	150	75
479	0,0,0,0,2,0,1,0,0,0	7,5,5,11,9,4,9,7,5,7	0,0,1,0,1,0,1,0,0,0	11,7,9,2,9,8,14,8,8,2	150	75
480	0,1,2,0,1,0,0,0,0,0	18,23,22,25,22,26,17,23,19,16	0,1,0,0,0,1,0,0,2,1	26,20,23,14,28,25,18,25,23,27	146	75
481	23,25,30,39,32,43,35,23,18,42	0,0,0,0,0,0,0,0,0,1	29,38,26,22,26,33,26,16,38,35	0,0,0,0,0,0,0,0,0,0	146	75
482	5,12,6,8,11,3,3,4,8,11	375,340,348,365,334,408,352,442,379,389	8,7,8,6,10,11,9,4,9,18	399,336,349,325,354,327,390,317,412,444	150	75
487	43,41,43,41,49,39,49,48,50,42	0,1,3,2,0,3,1,0,5,4	42,38,53,55,49,48,54,76,47,63	0,0,3,3,0,4,5,1,1,3	150	75
488	0,0,0,1,4,0,0,1,0,1	15,18,31,39,31,41,25,22,29,21	2,1,0,0,1,1,0,0,1,2	22,29,26,20,35,27,38,33,22,29	150	75
489	0,3,0,2,2,1,3,3,3,1	0,0,0,0,0,0,0,0,0,1	2,4,3,0,3,1,1,3,1,0	0,0,0,0,0,0,1,3,0,0	150	75
490	1,5,4,1,0,5,4,9,0,5	22,26,38,44,33,17,24,21,30,33	1,0,4,0,0,1,2,0,1,2	21,17,21,28,35,29,23,26,22,19	150	75
492	0,6,3,0,1,0,1,3,1,2	13,7,15,20,12,12,10,11,20,19	5,0,2,0,2,5,7,2,4,1	17,10,5,15,11,8,19,9,19,15	150	75
493	1,1,2,4,5,1,3,3,0,1	2,6,2,3,3,4,1,1,2,0	2,2,0,1,0,1,1,0,1,3	2,2,2,3,1,1,3,1,8,1	150	75
494	0,0,1,0,0,0,0,0,3,1	10,12,19,14,11,11,4,15,12,5	1,3,1,1,1,0,0,1,0,2	8,10,10,9,10,6,7,7,18,10	150	75
495	0,1,0,2,0,0,2,0,0,0	2,4,5,3,4,3,7,2,5,5	0,0,1,1,1,1,0,2,1,0	5,4,7,3,7,5,4,4,6,1	150	75
496	0,0,1,0,1,0,0,0,1,1	10,7,6,5,8,6,2,4,6,1	0,0,2,4,0,0,1,0,2,0	11,5,8,13,6,9,3,4,7,5	150	75
497	2,6,4,1,1,2,2,3,3,6	1,0,0,1,1,1,1,0,0,0	3,5,3,0,4,2,3,5,7,11	1,1,1,2,0,0,3,2,0,0	150	75
498	1,1,2,0,1,1,1,1,0,0	18,13,17,22,15,4,15,19,8,20	2,2,0,0,2,0,1,1,0,2	21,20,17,14,18,17,23,11,12,9	150	75
499	11,16,14,15,11,14,8,19,7,19	14,12,16,12,16,11,10,9,15,18	22,11,17,18,17,15,16,14,10,22	9,11,14,19,13,8,10,13,11,17	150	75
500	2,0,1,0,0,0,0,1,1,0	17,16,10,16,11,16,13,10,18,19	0,0,0,0,0,0,2,0,0,3	17,19,19,15,17,18,26,20,23,21	150	75
501	4,0,1,2,3,0,0,2,3,2	1,1,1,0,1,1,1,0,1,3	2,0,0,0,3,1,3,3,0,2	2,1,1,1,2,3,2,3,1,3	150	75
502	3,0,1,1,1,1,0,0,0,1	3,3,0,4,3,5,2,3,1,1	0,0,0,1,0,0,1,0,1,0	1,4,3,0,5,0,3,1,0,2	150	75
504	5,4,4,12,7,6,7,7,12,9	19,20,29,31,16,10,17,12,22,24	7,5,6,4,11,4,5,8,9,12	17,22,16,21,17,17,15,26,13,26	150	75
505	17,15,9,24,20,16,17,15,19,22	1,0,0,0,0,1,0,0,0,0	19,13,18,24,28,17,20,17,13,24	0,1,0,0,1,1,1,1,1,1	150	75
506	1,4,3,1,3,4,0,3,2,1	0,1,1,0,0,0,1,1,0,0	3,1,5,3,1,0,3,1,2,0	1,0,1,0,1,0,2,0,0,0	150	75
507	0,1,0,1,0,0,0,1,0,0	121,121,118,147,118,107,84,130,123,114	1,0,0,1,2,2,1,0,0,0	149,118,104,106,131,111,124,110,127,103	150	75
508	1,1,0,0,1,0,1,3,1,1	25,39,39,34,38,35,29,41,38,49	2,1,1,1,4,1,5,1,2,1	48,33,24,41,43,29,42,28,35,53	150	75
509	1,1,0,0,1,0,1,3,0,1	145,166,117,163,159,183,117,154,158,167	2,1,1,1,4,1,5,1,2,1	145,148,137,142,146,139,173,139,158,151	150	75
510	5,1,1,2,4,0,4,0,4,3	72,92,100,116,82,113,106,81,70,131	0,1,0,1,6,4,0,0,4,2	106,93,93,96,97,91,108,96,119,108	150	75
511	1,0,1,2,0,0,0,0,0,1	90,109,95,103,99,88,73,92,114,83	1,3,2,4,5,4,1,3,1,1	80,97,114,80,102,87,98,90,84,63	150	75
512	6,4,3,4,1,4,5,5,5,2	22,43,34,42,38,28,33,28,34,34	6,2,1,6,4,2,6,3,2,5	36,29,33,33,39,37,34,31,55,51	148	75
513	5,3,4,5,11,3,0,6,2,5	25,12,24,22,23,16,17,18,18,25	9,3,2,1,3,2,1,6,5,4	18,22,15,18,20,23,24,19,22,29	150	75
514	5,1,2,6,1,2,1,4,0,0	35,37,29,44,27,44,27,40,37,27	2,2,1,1,1,2,0,1,0,2	35,23,33,49,37,28,48,34,33,42	150	75
515	2,0,3,7,4,1,3,5,2,3	0,0,0,1,2,1,0,1,1,0	1,6,1,2,5,2,1,2,0,6	1,1,0,0,0,1,0,0,1,1	150	75
516	11,7,5,12,6,5,7,7,6,5	50,39,38,54,36,39,34,36,29,39	5,8,1,2,9,2,2,6,4,17	36,33,31,31,46,29,47,37,47,47	150	75
517	15,8,5,9,3,5,5,8,6,2	0,0,0,0,0,0,0,0,0,0	6,3,0,1,8,1,3,5,4,15	0,0,2,0,0,0,0,0,0,0	150	75
518	18,11,11,15,16,6,15,22,12,19	0,0,0,0,0,1,0,0,0,0	18,6,7,12,12,5,10,11,11,21	0,0,0,0,0,0,0,0,0,0	150	75
519	24,21,17,37,35,22,24,31,27,34	1,0,0,0,1,0,0,1,1,0	34,21,23,27,32,23,24,26,40,42	0,1,1,0,2,0,2,1,1,1	150	75
520	16,11,19,23,21,8,20,25,16,28	18,24,23,28,31,19,20,27,30,23	27,7,9,22,26,7,18,15,18,18	15,35,20,36,30,25,34,31,23,15	150	75
521	148,170,143,142,142,150,126,157,147,134	11,6,13,17,9,19,12,13,21,14	185,111,166,116,141,134,144,124,137,174	10,9,15,10,15,15,10,13,12,23	150	75
522	154,152,121,165,153,147,99,165,139,131	12,8,7,8,7,8,6,6,4,7	155,118,128,138,162,113,170,122,160,176	9,13,12,10,7,5,5,7,11,7	150	75
523	14,23,19,29,13,13,21,10,8,14	67,70,64,81,72,70,61,71,69,69	16,10,11,4,4,6,10,19,13,18	71,55,66,70,64,52,74,49,91,86	150	75
524	0,0,1,0,0,3,0,5,2,2	90,129,114,90,93,89,84,80,73,99	0,1,1,1,1,1,2,1,0,3	74,85,85,74,107,99,93,98,98,75	150	75
525	0,0,1,0,0,3,0,5,2,0	2,0,0,0,0,1,1,1,0,0	0,1,1,1,1,1,0,1,0,3	0,0,0,0,1,0,0,0,0,0	150	75
526	2,5,6,1,5,0,2,3,3,0	26,24,15,19,17,19,19,25,30,20	2,3,2,5,1,2,1,1,0,5	22,19,31,11,28,15,23,14,15,19	150	75
527	1,0,1,0,3,2,1,2,1,0	7,5,8,8,6,7,5,5,9,4	4,1,1,0,6,2,0,1,0,1	3,3,10,7,3,3,7,7,9,6	150	75
528	0,1,1,2,0,1,0,0,1,1	0,0,0,0,0,0,0,0,0,0	1,1,1,0,2,0,0,1,2,0	0,0,0,0,0,0,1,0,0,0	150	75
529	0,0,0,0,1,3,0,0,1,0	15,17,22,24,28,12,20,23,18,29	0,0,0,0,0,1,1,0,0,0	20,28,17,15,32,26,14,17,22,7	150	75
530	75,70,60,75,64,58,67,66,48,65	0,1,0,3,1,1,0,0,3,3	74,62,57,65,66,67,80,64,63,62	0,0,1,0,0,0,1,1,0,1	150	75
531	2,0,1,1,0,0,0,0,2,0	31,24,31,26,17,24,19,48,25,26	1,0,1,1,3,1,1,2,1,1	40,9,18,9,30,23,26,29,24,15	150	75
532	0,2,0,0,1,0,0,0,0,0	28,18,29,35,25,26,23,20,21,20	0,0,0,0,0,0,0,0,0,0	29,19,30,17,26,17,23,27,24,28	150	75
533	0,0,0,0,0,0,0,0,0,0	0,0,3,0,1,0,0,0,0,2	0,0,0,0,0,0,0,1,0,0	0,0,0,0,1,1,0,2,0,1	150	75
534	0,0,0,0,0,0,1,0,0,0	21,23,24,28,27,28,15,15,16,24	0,0,2,1,1,0,1,0,0,0	20,11,28,14,29,23,25,22,19,29	150	75
535	1,0,1,1,0,1,0,1,0,3	26,16,20,25,15,18,11,15,13,29	1,0,0,1,0,2,2,0,1,1	19,20,25,23,21,21,22,28,29,25	150	75
536	0,0,0,0,0,1,0,0,0,0	9,9,8,7,15,9,4,9,9,8	0,0,0,0,0,0,0,0,0,0	9,6,9,13,13,7,9,5,7,7	150	75
537	3,0,1,1,2,0,0,1,1,3	3,3,6,7,3,3,3,4,5,5	1,1,1,1,1,2,2,1,0,1	9,6,6,3,1,9,8,3,8,5	150	75
538	1,0,0,0,0,0,0,0,2,0	0,0,1,1,0,0,0,0,0,1	0,0,1,0,0,0,0,0,0,0	0,0,0,0,0,1,0,0,1,1	149	75
539	0,0,0,0,1,0,0,0,0,3	1,2,0,0,1,2,0,0,1,1	1,0,0,0,0,2,0,0,0,0	1,0,2,1,0,0,1,0,0,0	150	75
541	0,0,0,0,0,0,0,0,0,0	0,0,1,0,1,0,0,1,0,0	0,0,0,1,1,1,0,0,0,0	0,0,0,1,2,0,4,0,0,0	150	75
542	2,0,2,0,1,0,0,3,0,2	61,64,46,63,38,48,47,63,47,66	1,1,1,1,2,2,1,0,1,0	46,59,74,53,45,56,40,50,69,57	148	75
543	3,2,3,2,4,3,0,4,0,5	3,0,2,2,1,0,1,2,0,0	5,4,7,1,5,3,2,5,6,9	0,0,0,2,0,2,1,0,2,0	150	75
544	21,25,26,31,19,23,23,21,26,21	340,307,373,367,328,286,313,304,296,424	19,18,19,12,32,16,23,14,30,40	393,277,271,409,353,377,383,317,374,342	150	75
545	1,1,1,6,0,2,6,3,0,0	2,7,7,10,8,6,5,9,4,9	3,1,0,1,0,1,2,2,3,2	5,9,11,8,13,3,6,6,13,8	150	75
546	1,5,1,9,1,2,7,2,3,1	0,0,0,0,0,0,0,1,0,0	5,2,1,2,1,2,0,0,5,2	1,0,0,0,0,0,0,0,0,0	150	75
547	2,4,1,4,2,1,2,0,7,2	14,15,4,14,12,8,4,10,9,8	3,2,2,1,1,3,0,0,4,2	16,7,5,12,8,13,9,10,16,19	150	75
548	1,1,1,3,1,3,6,4,4,2	5,8,2,4,3,9,4,7,11,8	3,0,3,4,1,1,3,2,6,9	9,6,6,3,5,5,8,3,3,2	138	75
549	0,1,1,0,2,1,0,0,1,0	12,10,8,16,7,13,9,13,6,5	0,0,1,1,1,0,0,0,1,1	16,6,11,15,11,3,9,6,16,11	145	75
552	0,2,3,2,2,2,5,1,0,2	6,11,4,9,5,5,4,6,8,12	1,2,0,3,3,4,1,0,0,5	9,6,6,10,12,6,9,8,4,7	150	75
554	1,2,3,1,1,1,4,4,4,1	79,75,99,96,81,78,71,65,86,98	0,0,0,1,3,3,0,1,1,3	97,89,93,82,93,83,87,70,105,102	150	75
555	0,0,2,0,0,0,0,1,0,0	54,80,77,74,58,94,50,67,62,71	0,1,1,0,0,0,0,0,0,3	71,65,57,66,76,68,64,57,69,97	148	75
556	2,1,0,2,1,7,2,0,2,1	84,83,82,86,74,114,79,72,79,91	6,4,2,2,5,0,3,0,4,6	91,76,83,74,92,84,78,98,92,107	150	75
557	3,5,4,3,3,2,2,2,7,3	53,61,72,57,64,77,62,81,58,58	5,4,0,3,4,1,2,5,3,7	73,78,68,63,50,67,77,58,91,86	144	75
558	3,4,7,3,2,2,1,2,3,1	11,9,5,5,4,4,3,6,6,5	2,3,4,6,4,3,3,4,5,3	9,8,4,12,15,1,9,6,6,7	150	75
559	0,3,0,1,1,0,1,0,0,1	32,30,31,37,35,28,25,37,21,34	2,0,3,2,2,0,0,1,2,2	24,41,32,35,25,33,37,38,45,32	148	75
560	0,0,0,3,0,0,0,0,0,0	1,0,0,1,2,1,1,1,1,0	0,0,0,2,0,1,0,0,0,0	5,1,1,2,5,3,0,0,0,1	150	75
561	7,2,14,11,9,7,3,8,7,8	790,936,860,954,843,872,723,764,883,927	7,6,2,8,8,1,6,5,10,15	872,866,838,886,923,901,969,851,951,919	150	75
563	2,5,3,2,0,1,1,0,3,1	148,162,135,162,147,147,144,163,119,169	2,2,2,0,1,0,1,2,3,0	153,130,158,157,149,158,139,141,165,193	150	75
566	3,0,1,0,1,0,2,2,0,0	2,5,3,2,3,1,3,4,7,3	1,1,1,0,1,2,3,0,0,0	4,2,0,2,3,4,3,1,2,3	150	75
567	2,1,3,4,0,1,2,3,0,0	5,6,9,9,6,6,6,11,6,6	3,1,1,0,1,1,0,1,1,4	5,9,7,4,15,8,14,8,9,1	150	75
569	4,2,7,7,1,3,2,4,2,4	0,0,0,0,0,0,1,0,0,0	4,0,2,2,3,0,8,1,3,4	0,1,0,0,0,0,0,0,0,0	150	75
572	0,0,1,0,1,0,2,0,1,0	35,45,58,61,47,29,38,42,31,44	1,0,0,1,1,0,0,0,0,0	53,44,34,39,45,41,52,42,32,25	150	75
573	2,0,1,1,1,1,0,5,2,2	0,0,0,0,0,0,0,0,0,0	0,1,1,0,1,0,1,0,3,2	0,0,0,0,1,0,0,0,0,0	150	75
574	4,0,0,0,1,1,0,1,1,1	21,23,20,19,17,15,18,22,21,22	3,3,0,1,4,0,0,1,2,2	23,14,15,26,20,27,20,12,16,15	150	75
575	1,3,0,4,1,2,1,2,1,7	39,43,38,46,46,28,26,44,41,37	3,2,0,0,2,3,1,1,0,3	43,45,51,27,26,29,36,42,29,38	150	75
576	1,0,0,1,0,0,0,0,0,1	52,59,47,52,47,62,52,58,53,58	0,0,0,0,0,0,1,0,0,0	68,48,36,61,61,47,52,61,65,63	150	75
577	1,0,1,0,1,0,3,2,4,0	51,76,70,65,55,71,50,64,59,55	4,0,0,1,1,1,2,2,2,2	68,75,54,72,58,49,84,80,75,67	150	75
578	12,13,13,12,10,4,5,9,12,4	6,2,0,0,0,0,2,0,1,1	18,9,8,9,15,6,16,6,7,12	0,3,2,0,0,0,0,0,0,0	150	75
579	10,14,14,11,12,0,2,2,4,5	0,1,0,0,0,0,0,0,0,0	5,5,9,11,5,5,6,1,0,2	0,0,0,0,0,0,0,0,0,0	150	75
581	5,2,0,3,2,1,1,1,0,4	1,0,3,1,2,0,2,0,0,3	0,1,3,2,2,1,0,6,3,1	1,3,1,3,2,0,4,1,0,0	150	75
582	17,15,15,18,23,1,11,12,8,14	8,13,16,13,15,1,2,4,7,5	23,9,13,14,27,26,28,7,10,4	8,3,4,6,8,6,12,8,5,4	150	75
583	0,1,4,3,2,3,2,5,2,0	27,22,14,26,27,20,19,20,31,24	3,0,0,0,0,0,1,0,2,2	24,18,14,20,18,19,17,21,17,32	150	75
584	0,0,2,1,1,0,1,3,0,1	0,0,0,0,0,0,0,0,0,0	2,0,0,0,0,1,0,2,0,2	1,0,0,0,0,0,0,0,0,0	150	75
585	2,1,0,1,1,0,0,0,4,3	29,26,32,25,24,34,19,28,23,26	0,0,0,1,0,3,3,0,0,1	28,27,22,11,26,28,32,26,37,27	150	75
586	14,16,12,6,4,5,5,11,14,11	0,0,0,0,0,1,1,0,0,0	10,5,15,4,14,9,12,12,14,3	1,0,0,0,0,0,0,0,0,0	150	75
587	0,2,1,1,2,3,0,2,0,1	315,435,363,431,314,395,375,306,365,415	4,0,2,3,4,0,1,2,3,6	345,348,347,339,429,336,424,381,431,345	150	75
588	2,2,1,1,1,4,4,1,0,1	398,478,465,500,441,433,394,425,428,510	1,0,0,3,0,1,0,2,1,3	427,446,427,425,497,487,529,442,534,538	150	75
589	0,3,1,1,0,0,0,1,0,1	96,108,98,112,95,128,102,112,105,108	0,2,1,2,0,1,2,0,0,1	96,93,80,75,106,109,109,93,114,89	150	75
590	0,2,0,4,1,2,3,0,2,0	192,199,184,180,162,169,173,200,168,193	0,0,0,2,1,0,3,2,3,0	158,169,207,210,194,197,202,171,200,264	149	75
592	6,14,15,10,16,7,8,12,7,6	0,0,0,0,1,0,3,0,2,2	13,13,12,16,4,7,4,4,12,26	0,2,0,1,0,0,0,0,1,1	150	75
593	6,4,11,9,9,10,7,8,3,7	4,3,0,0,8,1,2,1,0,5	5,2,7,12,2,3,9,7,13,14	1,2,1,3,3,0,2,4,2,2	150	75
597	4,2,2,2,7,2,0,1,0,3	0,0,0,0,0,0,0,0,0,0	3,2,2,5,1,6,5,3,0,3	0,1,0,0,0,0,0,0,0,0	150	75
599	3,5,5,6,4,1,2,2,4,2	635,705,681,759,677,600,524,570,598,606	4,0,2,1,3,0,3,5,11,5	693,568,605,597,739,658,659,560,631,616	150	75
601	0,0,1,1,1,2,2,0,1,3	1,2,3,2,4,2,1,2,0,1	2,1,0,1,1,1,2,2,0,3	1,1,3,3,1,3,1,3,2,2	150	75
602	9,20,12,7,8,7,2,9,11,11	37,48,38,52,53,25,38,47,38,37	13,4,10,5,12,8,9,2,10,4	42,34,29,48,46,34,34,43,32,32	76	75
604	0,0,0,0,0,0,2,1,0,0	17,18,16,14,19,3,6,14,15,4	0,0,0,0,1,0,0,0,0,1	18,8,14,11,16,12,11,9,8,2	150	75
605	3,1,0,1,0,0,1,0,0,0	10,10,13,19,14,12,10,7,13,14	0,3,1,1,0,1,0,1,2,0	18,14,11,8,16,20,9,19,13,10	150	75
606	5,1,0,1,2,2,1,0,0,0	608,766,805,612,361,518,771,662,934,1088	1,0,2,1,3,0,0,1,0,1	833,685,809,764,968,1028,1080,859,953,1158	150	75
607	3,18,14,4,9,2,2,12,7,5	0,1,3,2,0,0,0,2,1,1	11,13,6,8,8,16,16,20,8,3	2,0,1,1,0,1,0,0,0,2	150	75
608	0,1,1,0,1,0,0,1,0,1	24,22,31,30,23,26,27,15,25,23	4,0,0,0,1,1,0,2,0,0	37,27,21,23,35,29,20,25,17,16	150	75
609	1,0,1,0,0,1,0,0,2,0	38,48,46,63,44,33,41,52,51,45	0,0,0,1,1,0,0,0,0,1	43,38,45,50,42,44,45,39,30,54	150	75
610	30,30,22,28,28,16,22,17,25,25	1,1,0,0,0,0,0,1,0,1	20,27,24,17,28,25,24,20,23,8	0,0,0,1,0,0,0,0,1,0	149	75
611	14,14,13,15,10,14,9,13,12,13	282,251,283,245,201,262,241,221,253,246	18,13,15,9,18,13,17,14,15,23	237,222,213,237,272,215,263,223,270,280	150	75
612	9,8,10,9,7,2,8,7,6,8	10,12,12,18,14,11,9,11,4,15	5,8,9,7,10,6,7,11,13,11	15,8,6,12,15,13,17,15,10,11	150	75
614	0,1,0,1,0,0,0,0,1,0	34,50,57,40,66,17,36,27,58,37	0,0,0,0,0,0,0,0,0,0	37,41,30,45,51,36,70,42,33,8	150	75
615	1,0,0,0,1,0,0,0,0,0	59,87,59,54,63,28,37,38,29,49	0,0,0,0,0,0,0,1,1,0	61,38,38,63,73,48,65,37,24,29	150	75
616	3,4,1,3,6,2,1,0,1,2	12,17,24,15,17,22,21,18,10,22	7,1,2,1,1,3,2,0,4,4	26,18,16,12,21,20,20,11,14,16	150	75
617	0,0,3,3,1,1,0,0,3,1	142,134,124,147,133,165,129,119,136,144	1,1,0,1,2,1,1,1,4,2	126,129,132,142,121,126,164,134,130,163	150	75
618	10,15,15,2,6,9,26,14,26,22	4,5,3,1,7,3,7,2,2,5	30,9,21,23,32,26,19,21,18,11	3,2,2,4,3,4,0,4,2,5	125	75
619	0,0,0,0,0,0,0,0,0,0	3,1,3,1,0,0,1,0,2,2	1,0,0,0,0,0,0,0,0,0	2,3,0,1,1,0,1,2,1,0	76	75
620	39,28,27,43,37,37,32,35,30,30	2,7,2,3,2,6,2,3,2,2	37,30,35,57,35,43,54,30,52,37	9,1,0,4,2,6,1,4,2,13	150	75
621	0,0,0,1,1,1,2,0,0,0	34,30,26,31,32,46,20,42,38,45	3,0,0,0,1,2,3,2,1,2	41,29,23,35,36,33,42,27,36,48	150	75
622	0,0,1,0,0,1,0,1,0,0	32,35,33,32,37,13,29,28,34,41	1,0,0,0,0,0,0,0,0,0	27,43,23,37,49,32,45,38,29,23	150	75
623	1,4,3,2,0,0,4,3,1,0	38,46,41,43,39,38,38,49,30,49	3,1,1,0,1,0,0,1,3,4	40,28,35,29,24,30,45,24,39,41	150	75
624	0,0,0,0,0,0,0,1,1,0	32,35,32,33,26,20,24,25,33,31	0,1,0,0,0,0,1,0,0,0	32,28,29,24,42,40,48,33,21,23	150	75
625	0,0,0,0,0,0,0,1,1,0	1,3,0,0,0,1,1,4,0,4	0,1,0,0,0,0,1,0,0,0	2,1,0,1,0,0,1,0,0,1	150	75
626	0,0,0,0,0,0,0,1,1,0	32,37,31,37,47,55,22,41,28,31	1,0,0,0,0,1,0,0,0,1	37,30,31,29,33,37,29,23,45,40	150	75
627	1,1,1,3,1,1,0,2,1,3	1,2,1,2,0,3,0,2,2,0	3,1,2,2,1,1,2,2,2,3	1,0,0,1,5,2,0,3,0,2	150	75
628	0,0,0,2,0,0,0,0,0,0	1,0,0,0,1,4,2,1,5,3	0,0,1,1,0,0,1,0,0,0	2,0,1,1,2,2,3,0,2,0	150	75
630	144,213,218,208,184,201,145,158,177,194	0,0,0,0,0,0,0,0,0,0	157,181,155,202,191,189,189,196,213,227	0,0,0,0,0,0,0,1,1,0	150	75
631	7,5,3,3,1,1,5,6,2,1	57,70,74,67,86,35,38,42,46,45	6,3,1,5,3,6,4,2,2,0	56,49,52,64,67,57,68,71,49,21	150	75
632	2,1,1,3,1,2,0,4,4,3	0,0,0,0,0,0,0,0,0,1	2,2,1,2,2,1,2,4,4,0	0,0,0,0,0,0,0,0,0,0	150	75
633	0,2,4,0,0,3,2,2,1,4	70,46,63,72,52,56,49,42,54,62	1,2,0,1,0,1,0,0,0,0	68,57,40,55,66,59,56,40,61,36	150	75
635	0,1,0,0,0,0,0,0,0,0	2,1,3,0,1,1,0,0,1,1	0,0,0,0,0,0,0,0,0,0	3,1,2,0,0,1,0,4,0,0	150	75
636	0,1,0,0,0,0,0,0,0,0	3,1,2,2,1,1,1,1,1,1	0,0,0,0,0,0,0,0,0,0	0,1,2,0,2,0,1,0,2,0	150	75
637	83,83,63,81,58,41,39,67,67,66	2,1,3,2,2,0,1,0,3,1	55,64,60,39,97,60,81,62,52,61	5,3,1,1,2,2,4,1,1,3	150	75
638	36,45,33,48,30,23,18,38,34,40	2,1,6,0,2,2,0,6,5,3	25,38,31,20,56,32,41,26,25,32	4,5,1,2,1,2,5,5,1,2	150	75
639	38,22,28,38,28,15,14,24,33,20	14,20,7,9,10,9,8,10,10,11	29,21,28,16,42,20,34,26,37,28	15,10,7,5,13,10,16,13,7,6	150	75
640	0,0,0,0,0,0,0,0,0,0	32,26,25,27,26,18,14,21,13,18	0,1,2,0,0,0,0,0,0,0	18,24,22,14,23,14,28,19,17,20	150	75
641	2,3,1,0,1,0,0,2,0,0	0,0,2,0,0,0,0,0,0,0	0,0,0,2,0,2,0,0,0,0	0,0,0,0,0,0,0,0,0,0	150	75
642	2,3,4,2,0,1,3,3,1,0	35,25,27,35,24,41,29,28,27,44	4,1,0,1,3,0,1,3,2,3	30,40,27,31,36,22,27,31,30,35	150	75
643	11,9,9,8,4,8,8,8,5,6	1,0,0,0,0,0,0,0,0,0	7,5,5,6,6,3,1,8,7,9	0,0,0,0,0,0,0,0,0,0	150	75
644	10,13,10,12,6,11,6,10,7,9	11,11,18,13,14,11,15,16,9,13	8,5,11,5,9,7,4,7,11,12	9,12,11,9,16,6,13,9,14,12	150	75
645	10,11,10,9,5,10,6,9,5,6	0,2,1,2,3,2,0,3,3,4	7,5,6,5,6,3,2,6,9,11	0,3,2,1,8,0,4,0,4,6	150	75
646	1,2,1,2,0,0,0,0,2,1	5,10,10,14,6,4,7,6,8,15	0,3,0,5,1,0,0,0,1,0	8,5,11,7,7,3,14,4,8,5	150	75
647	0,0,2,0,0,0,0,0,0,0	4,5,4,3,2,4,0,3,1,2	0,0,0,0,0,1,0,0,0,0	1,2,2,3,4,1,1,3,1,8	150	75
648	1,0,0,0,0,0,0,0,2,0	3,5,0,2,1,0,2,1,1,3	0,1,0,0,0,0,0,1,0,0	1,1,1,3,1,2,1,6,3,4	150	75
650	0,0,0,0,0,0,0,0,0,2	3,2,1,3,0,0,0,0,2,2	0,1,0,0,1,0,0,0,0,0	0,0,0,0,2,0,1,0,4,0	150	75
651	1,3,0,0,0,0,1,0,1,1	49,71,53,49,57,55,42,60,54,51	1,0,0,2,2,0,0,0,3,2	45,57,56,42,51,57,48,47,78,64	150	75
652	0,3,0,1,0,1,0,1,0,0	53,73,62,65,56,70,60,66,61,54	0,0,0,0,0,0,0,0,0,0	61,62,49,68,63,48,65,49,73,71	150	75
653	5,5,5,2,2,3,2,6,6,3	111,101,88,121,77,131,82,113,92,109	5,7,4,9,3,8,4,2,10,6	110,88,86,70,91,70,108,88,102,116	150	75
654	1,1,1,2,0,1,1,1,0,0	40,58,41,57,41,56,51,55,59,63	1,0,0,2,2,2,0,0,0,0	51,43,31,41,53,51,54,53,66,51	150	75
655	2,1,2,2,0,1,2,1,1,1	0,0,0,0,1,0,0,0,0,0	0,0,0,4,2,2,0,0,1,0	0,0,0,0,0,0,0,0,0,0	150	75
656	2,1,3,2,0,1,1,2,4,1	61,77,73,74,70,60,62,56,50,92	0,0,0,3,0,1,0,0,2,0	83,65,65,60,68,68,64,69,89,80	150	75
657	1,1,0,1,2,3,0,2,0,0	94,133,104,109,96,120,104,78,87,136	1,1,1,1,2,1,0,1,0,3	92,106,81,96,100,131,121,112,96,133	150	75
659	1,1,2,4,2,0,1,2,2,3	65,99,86,71,82,62,84,69,85,111	3,1,1,0,1,0,1,3,7,2	90,72,60,64,82,71,101,83,74,81	150	75
660	1,2,6,4,3,5,2,6,3,1	18,16,24,20,23,19,13,23,20,17	5,1,3,2,4,4,0,3,1,4	20,24,22,19,14,27,15,11,13,18	150	75
661	0,0,1,0,3,2,1,0,1,1	2,6,9,13,9,8,7,9,5,1	0,0,0,1,1,0,1,0,0,0	5,7,12,3,7,6,9,6,3,3	150	75
662	4,3,4,5,1,5,6,6,7,9	19,28,24,32,16,25,15,31,21,16	5,4,6,11,10,2,5,9,6,12	17,11,23,31,21,16,25,15,22,15	150	75
663	0,4,4,6,4,8,2,5,3,2	35,26,25,30,27,29,20,32,31,27	2,2,5,2,0,0,5,7,2,3	26,22,23,16,28,19,30,16,21,25	150	75
664	1,0,1,5,0,0,0,4,2,0	10,12,11,10,6,19,10,11,10,5	1,2,0,0,2,1,2,2,0,2	10,10,10,12,11,11,21,9,7,8	150	75
665	1,0,1,5,0,0,0,4,1,0	0,1,0,0,0,0,0,0,0,0	1,2,0,0,1,1,2,0,0,2	0,0,0,0,0,0,0,0,0,0	150	75
666	3,1,2,1,3,4,6,2,5,4	18,23,5,19,15,9,18,18,23,13	2,2,2,3,1,3,2,4,2,2	14,20,15,10,12,11,22,17,13,11	150	75
667	12,7,15,14,10,4,10,9,15,12	0,0,0,0,1,0,0,0,1,0	14,5,12,7,12,5,12,5,8,6	0,0,0,0,0,0,0,0,0,0	150	75
668	9,4,5,4,5,6,1,2,4,1	0,0,0,0,0,0,0,0,0,0	3,1,3,2,5,6,5,4,5,4	0,0,0,0,0,0,0,0,0,1	150	75
669	9,4,11,10,4,19,8,7,6,5	1211,1228,1327,1303,1085,1205,1008,1131,1062,1253	5,5,3,10,5,7,10,6,8,3	1245,1027,1108,1240,1277,1109,1167,1053,1280,1288	150	75
670	15,13,20,25,15,13,7,16,13,11	1074,1145,1170,1168,993,1037,955,1023,1107,1118	19,9,8,10,17,11,13,13,28,20	1101,1064,1018,1093,1050,994,1239,1004,1124,1023	150	75
671	38,61,66,42,25,32,44,40,40,47	151,186,169,152,123,125,121,149,160,171	44,52,39,43,61,54,64,34,50,36	174,148,154,163,187,194,195,153,159,132	150	75
672	1,1,0,1,2,0,3,1,1,0	12,10,18,14,10,18,10,11,16,12	1,2,2,0,1,0,0,2,2,1	15,10,8,14,12,15,10,10,15,20	150	75
673	0,1,0,0,0,0,0,0,0,0	9,20,8,20,19,8,9,11,8,13	1,0,0,0,0,0,0,0,0,0	12,7,10,14,7,11,16,13,14,18	150	75
674	1,0,0,2,3,0,0,3,0,1	3,2,9,6,2,2,6,5,0,9	1,0,0,0,3,0,0,0,0,0	8,1,7,1,10,6,1,1,5,2	150	75
675	0,0,0,3,1,0,0,0,4,0	1,0,0,1,0,0,0,0,0,0	1,1,0,1,1,0,1,3,1,1	0,0,0,0,0,0,0,1,1,1	150	75
676	2,0,2,0,0,0,0,2,0,0	7,5,10,3,9,1,6,3,6,5	3,0,0,1,3,0,1,1,0,4	15,4,9,4,6,3,7,4,3,8	150	75
677	1,0,1,1,0,1,0,3,2,1	86,97,89,76,79,27,42,37,56,53	4,0,0,1,2,0,3,2,0,4	96,48,53,47,115,52,68,54,50,30	150	75
680	6,13,8,9,7,9,5,2,10,0	3,2,1,0,0,0,1,3,0,0	11,2,2,8,9,0,5,3,3,3	2,2,0,2,1,2,3,1,3,2	150	75
682	6,7,8,9,5,3,3,5,4,4	0,1,2,0,0,0,0,0,1,0	7,2,3,5,3,3,8,3,4,2	0,0,1,0,0,0,1,0,0,0	150	75
683	2,3,2,3,2,1,2,2,0,0	49,58,43,56,45,24,33,28,26,48	1,0,1,0,2,1,0,0,0,0	48,41,34,36,44,39,42,32,40,23	150	75
684	8,3,3,10,5,10,7,6,7,7	110,155,142,121,143,147,103,124,118,149	8,4,5,3,8,8,4,2,13,11	135,143,110,132,172,114,167,136,141,116	150	75
685	1,2,3,0,1,1,0,1,3,0	0,0,0,0,0,1,0,1,0,0	1,1,1,1,2,3,1,1,0,2	0,0,0,0,2,0,0,2,0,0	150	75
687	41,32,34,38,28,27,30,39,35,53	5,7,3,4,7,6,5,6,4,5	38,24,35,40,44,32,42,47,37,29	2,5,6,6,4,2,4,3,4,13	150	75
688	1,0,1,2,1,3,0,1,0,2	61,42,43,52,46,43,45,34,41,44	1,1,0,0,0,0,0,0,1,0	44,35,30,40,50,41,44,43,36,45	150	75
689	0,0,2,1,1,0,0,3,1,1	41,46,50,68,51,35,37,54,37,41	1,1,0,1,0,0,1,0,1,1	53,43,57,58,60,75,60,56,47,70	150	75
693	1,0,1,0,1,1,2,0,3,0	16,27,21,34,16,13,12,15,17,18	0,0,3,0,0,1,2,1,0,0	14,21,24,23,24,23,18,15,17,19	150	75
694	1,0,0,0,0,0,0,0,0,0	0,0,0,0,0,0,0,0,0,0	0,0,0,0,0,1,0,0,0,0	1,0,0,0,0,0,0,0,0,0	150	75
695	1,1,0,1,0,1,3,0,0,0	114,153,167,170,163,144,136,143,156,170	1,0,0,1,1,1,1,1,1,0	160,141,133,129,153,133,179,166,182,175	150	75
699	7,7,11,9,4,7,10,2,9,8	83,97,99,98,84,115,92,103,108,108	5,4,5,5,11,3,6,14,4,8	90,121,89,97,100,84,112,94,132,127	150	75
701	1,0,0,0,0,0,0,3,1,0	0,0,0,0,1,0,0,0,0,1	2,1,0,1,0,0,0,0,0,1	0,0,0,0,0,0,0,0,0,0	150	75
702	3,7,4,6,2,7,5,5,7,7	38,35,45,39,48,38,39,52,33,46	2,2,0,7,1,1,7,6,5,9	31,43,35,48,42,45,47,34,47,47	150	75
703	3,0,5,2,0,1,1,3,3,0	2,3,4,3,7,7,7,4,6,9	0,2,2,3,2,1,1,0,1,2	1,3,2,4,8,5,2,4,8,9	150	75
704	2,0,5,0,0,1,0,1,2,0	260,271,254,260,265,288,238,268,273,275	0,1,2,0,2,1,1,0,1,2	224,275,226,246,274,258,326,271,309,233	150	75
705	0,1,2,0,1,2,0,1,1,0	278,270,301,297,272,339,227,254,259,331	5,1,2,4,5,2,1,0,4,5	270,271,292,285,279,244,309,284,292,319	150	75
706	0,1,1,1,0,0,0,1,0,3	300,341,363,356,335,401,307,303,332,370	0,0,1,0,0,0,4,0,2,2	326,335,315,341,384,317,372,331,387,382	150	75
707	5,5,3,6,4,0,3,3,4,6	1,0,0,0,0,2,0,0,0,0	7,0,3,0,4,4,3,1,2,2	0,3,0,0,1,0,0,0,0,2	150	75
708	9,5,7,9,4,0,6,5,5,5	273,287,278,326,253,303,256,255,271,275	9,0,4,1,4,4,3,4,2,3	298,229,275,254,256,256,279,232,285,292	150	75
709	1,0,2,2,1,1,0,0,1,1	58,78,70,82,60,74,54,60,56,54	0,1,0,1,1,1,0,1,2,1	53,68,69,87,55,68,83,81,81,50	150	75
710	0,1,1,2,2,2,2,3,0,4	67,106,75,76,65,74,51,82,78,70	2,1,3,1,2,1,1,4,1,5	60,60,57,102,79,63,97,74,64,73	150	75
711	8,6,7,7,4,4,3,11,5,10	29,30,42,35,30,28,22,33,34,46	6,5,7,8,8,5,3,9,12,4	28,27,38,38,36,34,42,26,36,38	149	75
712	113,118,131,136,137,79,88,99,117,110	10,7,8,12,7,7,5,8,11,4	125,93,121,110,147,118,130,113,120,84	7,10,7,7,13,9,12,14,3,7	150	75
713	2,0,1,1,1,2,0,1,2,0	63,96,83,77,87,69,76,70,64,73	1,0,0,1,4,1,2,0,1,1	74,77,70,79,96,76,71,83,74,72	150	75
714	3,1,2,0,3,1,3,1,1,2	39,44,50,41,43,32,42,42,38,38	8,2,2,3,3,0,0,5,3,4	38,31,37,34,48,30,65,47,35,54	150	75
715	1,2,1,3,1,3,1,4,3,0	52,44,29,48,32,23,32,34,36,34	1,0,0,0,0,0,0,3,1,5	32,37,50,38,35,36,41,27,30,41	150	75
716	10,5,5,4,9,1,5,3,5,2	43,52,57,57,47,67,34,71,50,50	3,3,2,3,1,1,6,5,6,11	40,62,44,51,50,50,54,56,77,90	150	75
717	29,39,39,41,29,48,26,30,32,31	12,6,8,11,6,11,5,8,8,3	46,39,29,29,29,31,33,26,45,51	2,13,6,4,6,10,9,5,9,7	150	75
718	15,8,8,7,5,6,9,9,3,11	1,1,0,1,0,0,1,1,2,2	14,8,8,11,5,10,7,8,8,9	1,1,1,0,1,1,0,1,0,0	150	75
720	2,0,0,0,0,0,0,0,0,1	5,9,6,3,8,4,2,6,3,7	1,0,0,0,0,0,0,0,0,0	8,2,6,6,6,2,1,7,12,2	150	75
721	1,1,3,5,3,1,2,1,0,0	52,55,63,69,67,25,59,59,58,46	1,4,2,1,5,1,3,1,4,4	55,55,41,73,51,66,69,46,40,24	150	75
722	0,0,0,0,0,0,0,0,0,0	0,0,0,0,0,0,0,0,1,0	0,0,2,0,0,0,0,0,0,0	0,0,0,1,0,0,0,0,1,0	150	75
723	3,0,2,0,0,0,0,0,0,0	74,93,93,93,97,80,80,92,97,105	0,0,0,0,0,0,0,0,0,0	96,92,78,71,72,76,99,82,91,87	150	75
724	4,2,1,4,5,1,1,2,1,2	49,57,48,45,58,53,50,62,57,69	5,0,6,1,4,2,1,4,3,3	46,45,53,65,81,58,90,70,57,54	150	75
734	58,56,71,54,48,45,66,55,45,79	22,37,34,28,19,27,22,35,27,32	58,45,54,73,65,65,76,65,80,55	30,25,31,25,30,22,36,22,35,23	150	75
737	6,8,6,10,6,2,8,2,8,10	18,30,26,23,17,15,15,23,13,20	15,5,6,3,7,4,6,8,5,14	29,19,30,34,24,33,28,31,32,27	150	75
738	68,80,73,80,68,86,67,73,77,84	1,3,2,1,0,0,1,2,3,0	76,72,61,74,80,83,84,73,87,88	0,2,1,0,1,0,3,1,1,1	150	75
739	100,99,95,109,97,123,86,107,95,130	0,0,0,3,0,0,0,0,0,2	111,100,84,100,123,129,129,102,123,119	1,0,0,0,0,0,3,2,0,0	150	75
740	1,2,6,1,2,0,0,1,3,6	36,47,49,51,44,52,43,49,33,62	3,1,4,2,1,3,1,1,0,4	37,45,43,59,39,52,56,37,64,80	150	75
741	91,68,61,81,55,79,59,55,75,90	0,1,0,0,0,0,0,0,1,0	47,60,54,67,67,89,72,60,78,92	0,0,0,3,2,0,3,0,0,2	150	75
742	0,1,0,1,0,0,0,0,0,0	23,37,29,29,26,28,23,37,33,33	0,0,0,0,0,0,1,1,0,0	24,23,23,20,41,29,38,28,37,40	150	75
743	2,0,1,3,1,1,0,0,2,2	109,123,137,130,116,111,104,123,90,110	2,2,0,0,1,3,0,0,1,1	85,98,114,98,123,116,125,101,110,93	150	75
744	4,2,0,4,7,4,0,3,3,5	212,231,276,248,235,260,196,257,215,190	5,5,1,5,6,4,5,4,3,10	230,215,224,239,247,246,252,255,283,293	150	75
745	2,7,4,2,5,1,0,3,6,5	0,0,0,1,0,0,0,0,0,0	1,2,1,0,6,0,5,3,6,7	0,0,0,0,0,0,0,0,0,0	150	75
746	1,1,1,0,1,0,1,1,1,0	95,131,152,127,115,115,102,104,112,124	1,1,2,0,2,0,0,1,0,1	127,111,134,150,119,100,146,114,108,115	150	75
747	0,0,1,0,0,1,0,0,2,0	150,104,102,97,99,104,99,95,112,124	1,0,0,0,0,0,1,1,0,0	110,104,99,126,113,84,104,126,89,104	150	75
748	53,48,66,62,51,57,53,46,48,68	0,0,0,0,0,0,0,0,0,0	66,33,51,48,65,45,66,54,62,43	0,0,0,0,0,1,0,0,0,0	150	75
749	1,1,2,5,1,0,1,3,3,2	142,134,142,150,146,165,102,143,148,181	1,4,0,2,1,3,0,0,3,5	110,124,139,139,147,117,126,129,155,163	150	75
750	0,3,0,0,0,0,0,0,0,1	12,21,13,14,15,23,16,10,11,11	1,1,2,0,2,1,0,0,0,2	11,8,12,15,13,12,14,10,7,19	150	75
751	1,1,1,2,0,1,0,1,0,1	4,10,11,8,12,11,9,15,9,10	0,1,0,1,1,0,2,0,0,2	11,13,6,9,12,7,10,8,13,7	150	75
752	1,0,0,2,1,2,2,0,2,1	14,25,19,17,5,19,15,7,15,19	1,0,0,0,0,0,1,2,2,1	10,20,17,9,21,21,22,12,14,9	150	75
753	35,27,22,22,26,36,24,48,26,47	10,2,0,0,8,4,1,7,7,7	40,34,20,36,28,39,42,38,20,35	10,3,0,4,7,4,9,6,5,5	150	75
754	2,3,1,3,2,6,6,1,3,0	45,64,47,51,47,42,41,51,32,46	5,4,1,2,4,0,6,4,4,4	44,49,47,51,44,47,53,48,49,37	150	75
756	15,30,30,23,17,20,24,31,24,25	42,43,33,37,32,34,37,42,41,50	15,21,24,16,25,18,18,18,18,22	41,36,35,44,42,33,34,25,40,35	150	75
758	0,0,0,2,0,1,0,1,1,1	17,15,22,14,14,12,9,20,14,13	0,0,0,0,0,0,0,0,1,0	20,12,18,17,17,26,28,18,14,11	150	75
759	0,0,0,0,0,0,2,0,0,0	19,26,21,23,23,19,23,20,22,22	1,3,0,0,0,0,1,0,1,0	24,24,23,33,32,32,42,22,25,22	150	75
760	0,0,0,0,1,1,0,0,0,0	41,35,50,42,32,19,35,36,53,32	0,1,0,0,1,0,1,0,0,0	42,37,47,51,46,55,59,37,27,23	150	75
761	65,59,54,68,37,72,33,53,56,46	8,6,8,6,5,7,5,8,7,12	35,44,35,37,65,34,71,55,73,55	12,10,4,6,8,1,4,14,13,20	150	75
762	0,0,0,0,0,0,0,0,0,1	24,45,25,28,20,34,17,26,27,21	1,0,0,3,0,0,0,1,1,0	22,25,14,17,29,23,17,27,39,31	150	75
763	0,0,0,0,0,0,0,0,0,0	0,0,1,0,0,0,1,0,0,0	0,0,0,0,1,0,0,0,0,0	0,0,0,0,1,2,0,1,0,1	150	75
764	0,2,1,0,0,0,0,0,0,3	0,0,0,0,0,1,1,0,0,0	0,0,1,1,1,0,0,1,0,0	0,0,0,1,0,0,0,0,0,0	150	75
765	0,2,1,1,0,0,1,0,0,0	50,44,53,59,59,33,51,54,47,57	4,0,3,0,2,0,0,1,0,2	60,53,47,60,71,50,66,48,58,51	150	75
767	2,1,2,0,0,0,0,0,2,0	0,0,0,0,1,0,0,0,0,0	1,2,0,1,3,1,1,2,0,1	0,0,0,0,0,0,0,0,0,0	150	75
768	4,5,0,1,3,2,4,0,2,4	0,0,4,1,3,2,1,2,1,0	3,3,3,3,2,1,5,2,7,5	1,1,3,3,8,0,1,0,1,0	150	75
769	63,71,76,87,83,55,53,82,76,89	424,392,417,523,359,382,330,385,336,450	87,73,76,71,80,101,84,73,73,82	426,379,401,404,359,422,419,354,385,377	150	75
770	0,2,2,2,3,0,3,2,2,1	791,876,857,997,737,709,788,826,748,957	2,1,2,1,0,2,3,1,1,5	875,751,788,824,859,839,901,769,839,730	150	75
771	1,1,0,1,0,1,0,0,0,1	26,14,12,12,20,15,11,15,16,27	2,0,0,0,2,0,6,1,2,2	19,21,11,11,18,11,15,11,14,8	150	75
773	5,3,4,3,0,2,4,8,4,2	17,22,23,8,20,20,11,13,9,17	5,0,2,2,5,1,3,4,3,4	23,18,11,8,17,13,20,7,14,4	150	75
775	54,37,65,57,47,22,28,44,45,39	31,24,28,31,30,14,29,22,30,35	69,44,44,30,62,37,59,61,37,16	20,26,16,16,27,29,35,18,25,9	150	75
776	148,173,156,147,139,129,88,132,119,155	6,11,11,6,10,4,5,12,8,11	138,137,119,142,176,131,143,161,142,103	12,9,7,9,10,5,9,10,6,10	150	75
780	16,13,14,10,18,13,8,10,15,11	0,0,0,0,1,0,0,1,0,0	15,13,6,8,16,17,26,9,9,16	0,0,0,0,1,0,0,0,0,0	150	75
781	0,0,0,1,0,4,0,1,1,0	2,3,4,4,0,0,0,3,2,6	1,1,0,1,1,1,1,1,0,0	9,1,2,4,3,0,3,1,3,2	150	75
782	18,24,19,19,16,20,11,16,14,18	4,6,2,3,3,2,2,0,3,0	12,10,6,9,17,25,17,10,10,20	5,4,2,0,1,2,2,1,2,0	150	75
783	23,30,31,19,24,11,13,20,25,14	4,3,3,1,3,2,0,2,1,0	32,22,19,10,18,27,21,15,18,3	1,5,4,2,1,1,0,1,3,0	137	75
784	32,38,28,34,39,27,28,23,38,40	8,8,12,5,6,6,9,6,8,7	35,30,22,25,32,31,42,31,21,26	9,10,7,6,9,11,11,7,1,6	150	75
785	10,9,6,5,11,9,3,3,7,8	1,0,0,0,0,0,0,1,0,0	7,6,5,6,8,8,9,11,10,6	0,0,0,1,0,0,0,1,0,0	150	75
786	3,3,2,2,3,0,0,1,2,2	8,22,14,17,15,14,11,18,14,17	1,1,1,3,0,2,3,4,2,4	12,14,18,13,11,17,19,20,13,17	150	75
787	3,0,1,1,0,0,0,1,2,0	16,21,17,17,20,8,19,18,13,25	0,0,1,1,2,0,1,0,0,2	15,12,12,17,14,8,22,13,20,17	150	75
789	0,1,0,0,0,0,0,0,0,0	0,0,0,1,0,0,0,0,0,0	0,0,0,0,0,0,0,0,0,0	0,0,1,0,0,0,0,0,0,0	150	75
790	1,1,0,1,0,2,0,2,0,1	11,9,7,10,11,9,11,10,10,14	0,1,0,1,1,0,0,0,1,0	8,5,14,4,13,14,9,10,10,13	150	75
791	0,0,0,0,0,1,0,0,1,0	16,16,14,17,5,9,6,9,11,12	0,0,0,0,1,0,0,0,0,0	12,17,9,14,15,17,18,2,12,17	150	75
792	1,0,1,0,0,0,0,0,0,0	49,70,58,64,70,40,55,58,69,61	2,0,0,2,2,0,2,1,1,0	80,70,45,66,61,75,58,61,66,63	150	75
793	141,172,165,159,117,131,118,113,139,155	0,0,1,2,2,2,1,0,1,0	167,151,126,163,179,181,172,115,147,139	0,2,0,2,0,0,1,3,2,0	150	75
795	0,0,0,0,0,0,0,0,1,0	0,0,1,0,1,0,0,0,0,0	0,0,0,0,0,0,0,0,1,0	0,0,0,0,0,0,0,0,2,0	150	75
796	21,20,22,27,23,26,21,24,30,24	60,69,69,53,43,59,57,43,63,83	44,22,10,15,32,14,24,20,26,37	60,74,59,65,73,58,68,75,52,63	150	75
797	0,3,1,2,4,3,3,6,2,2	41,51,38,49,33,39,36,38,42,43	3,0,1,4,2,2,1,2,4,5	42,37,29,48,49,47,44,51,50,25	150	75
798	0,3,3,0,1,1,2,2,3,5	13,14,19,17,15,14,16,10,19,20	5,1,6,1,10,2,1,1,2,0	13,11,13,19,16,11,16,16,18,17	150	75
799	3,0,3,2,2,4,1,2,5,0	3,1,3,1,1,3,3,4,1,1	3,3,2,0,1,3,3,1,4,8	0,2,0,1,0,4,1,3,2,3	150	75
800	7,7,9,13,18,5,13,9,6,11	1,1,1,0,2,3,3,1,2,1	16,3,4,3,13,6,16,7,19,14	0,1,1,0,3,0,0,6,2,3	150	75
801	13,12,12,19,17,15,20,8,18,14	66,59,63,69,77,71,66,50,59,90	26,5,7,11,27,8,22,13,32,33	72,60,75,61,72,62,71,61,94,85	150	75
804	0,4,1,0,3,0,4,5,1,1	26,38,65,56,47,51,55,55,38,31	3,1,3,2,4,0,0,1,2,0	32,55,70,56,46,50,59,38,39,79	150	75
805	1,1,1,4,1,1,1,0,1,2	1,1,0,0,0,0,0,0,0,0	1,1,3,1,1,0,0,0,2,2	0,0,0,0,0,0,0,0,0,0	150	75
806	0,0,2,0,0,0,0,0,0,0	2,5,4,2,2,3,1,3,8,3	0,0,1,0,2,0,1,0,0,1	4,7,1,3,8,2,5,1,2,2	150	75
807	6,6,8,3,8,10,7,1,7,5	35,46,43,48,35,43,35,43,49,48	9,6,1,2,10,6,7,6,3,5	39,41,32,33,58,47,50,27,46,46	150	75
808	0,1,2,3,2,1,0,1,0,1	3,1,10,4,5,1,3,6,2,5	2,0,0,0,0,1,1,1,2,1	1,2,4,3,3,4,6,2,5,8	150	75
809	0,0,0,0,0,0,1,1,0,0	6,8,6,5,8,3,4,3,5,2	0,0,0,0,1,1,3,0,1,1	12,11,10,5,5,2,6,6,8,5	150	75
810	8,10,4,8,5,4,7,8,3,2	3,3,2,7,2,1,1,3,2,2	2,6,3,2,3,9,6,10,12,7	1,2,3,5,1,4,1,0,0,4	150	75
811	3,1,1,4,2,3,1,2,4,3	167,133,146,171,126,193,173,154,179,186	4,2,0,1,3,2,5,3,1,4	177,123,172,156,172,153,156,151,184,260	150	75
813	4,3,1,2,0,5,1,0,2,2	8,13,9,13,11,20,14,12,12,19	5,3,2,1,0,0,4,0,6,2	14,20,22,23,9,9,14,18,21,28	150	75
815	51,53,57,47,53,53,59,48,40,65	3,6,5,4,3,6,3,6,6,3	45,48,48,51,46,43,55,35,52,46	3,3,2,5,6,7,5,3,0,6	150	75
817	50,35,27,45,38,29,29,38,48,26	5,1,3,2,2,2,0,3,3,3	34,32,22,33,32,40,42,29,42,29	1,1,0,3,3,1,5,0,1,0	134	75
820	43,37,43,52,44,40,47,41,41,68	313,283,341,303,288,348,274,270,294,371	52,35,37,36,30,36,48,24,41,53	378,316,323,311,328,300,334,334,374,287	150	75
821	2,2,1,2,4,1,3,6,2,1	154,156,105,152,147,118,124,145,130,157	4,3,0,0,2,2,2,1,2,2	174,145,120,137,159,139,163,136,137,146	150	75
825	0,1,3,0,0,5,0,1,1,0	50,48,49,59,36,66,36,37,44,44	3,0,0,2,1,0,1,1,3,0	53,46,44,55,44,49,57,44,57,54	146	75
830	56,58,51,71,32,56,37,58,57,63	38,45,34,37,31,41,37,40,33,30	46,69,51,66,50,60,68,54,63,84	32,34,43,30,34,39,35,26,36,56	150	75
831	0,5,8,10,10,8,6,7,7,13	0,0,2,0,1,2,1,1,0,1	12,8,3,5,7,11,8,8,10,16	1,0,0,0,0,0,2,0,1,0	150	75
832	4,11,4,2,3,11,5,6,4,7	16,26,25,30,19,22,20,23,20,27	7,7,3,8,8,2,0,1,12,0	28,29,22,15,21,17,24,16,16,22	150	75
835	0,0,0,0,0,0,0,0,1,0	0,2,1,1,2,1,2,1,0,0	0,0,0,0,0,0,0,0,0,0	4,0,3,0,0,1,2,2,0,2	150	75
836	1,0,0,0,0,0,0,0,0,1	0,0,0,1,0,0,1,0,1,0	1,0,1,0,0,1,0,0,0,0	0,0,0,1,0,0,1,1,0,0	150	75
838	0,0,0,1,0,0,0,0,1,0	27,17,20,31,26,27,16,17,15,25	0,0,0,1,2,1,1,0,0,0	33,32,18,23,30,16,26,19,31,21	150	75
839	2,3,2,0,4,1,1,3,3,4	4,3,1,5,1,1,0,1,1,2	6,0,3,1,1,0,5,0,0,1	1,1,1,2,4,2,3,3,0,2	146	75
840	5,4,3,3,1,0,0,3,3,0	30,48,25,49,30,35,41,32,27,53	1,0,1,1,4,1,1,0,1,1	26,46,37,28,33,38,46,26,50,42	150	75
841	53,41,48,63,44,62,52,38,53,39	0,1,0,0,0,1,1,0,0,0	42,45,45,34,74,38,67,24,31,21	1,1,0,0,0,1,0,1,0,0	150	75
843	0,0,0,0,1,0,0,0,0,0	0,0,0,0,0,0,0,0,1,0	0,0,0,0,0,0,0,0,0,0	0,0,0,0,0,0,0,1,0,0	150	75
844	0,0,0,0,0,0,0,0,0,0	0,0,0,2,1,0,0,0,0,4	0,0,1,0,1,0,0,0,0,1	2,0,0,0,1,1,1,1,0,2	150	75
845	9,1,9,12,10,1,5,10,4,8	38,40,49,28,46,43,47,43,40,51	5,4,6,2,4,5,4,10,7,8	46,45,27,32,47,42,49,29,55,47	150	75
846	9,1,9,11,10,1,5,10,4,8	3,0,3,0,0,1,3,3,4,0	5,4,6,2,4,4,4,10,7,8	0,2,2,0,2,0,1,2,2,2	150	75
847	5,2,2,8,2,6,4,3,7,6	23,30,21,37,22,42,26,23,32,32	6,4,1,3,6,3,5,7,2,11	31,32,15,22,36,22,34,23,36,40	150	75
848	6,7,17,20,13,9,14,13,11,13	233,243,258,290,244,217,215,245,206,225	16,11,9,16,14,7,7,7,19,20	249,226,229,231,244,230,236,211,238,216	150	75
849	6,2,1,4,6,1,1,4,2,4	520,574,613,624,562,581,536,574,556,636	7,1,1,1,6,6,5,2,3,5	586,568,546,649,647,649,612,577,628,731	150	75
850	8,7,8,10,9,3,8,2,8,4	489,521,535,493,427,483,453,470,453,558	14,3,6,1,13,4,8,7,13,10	523,422,471,521,582,541,555,469,528,562	150	75
851	1,0,1,0,1,1,1,2,2,2	2,3,4,5,2,4,1,5,1,6	4,1,1,0,4,1,1,0,2,1	4,2,7,2,8,0,6,1,2,1	150	75
852	2,0,2,3,0,1,1,0,2,2	2,1,0,4,6,6,3,5,4,3	1,1,0,2,0,1,0,0,0,0	8,3,7,3,0,4,10,2,5,4	150	75
853	5,4,0,1,4,4,2,3,7,4	0,0,0,1,0,0,0,0,0,1	5,10,4,4,1,4,3,1,1,1	0,0,0,0,0,0,0,0,0,0	150	75
854	16,18,19,17,23,14,11,11,17,22	1,2,1,4,3,2,2,1,3,3	25,10,8,15,19,20,20,16,11,13	4,2,4,2,2,2,5,1,6,3	150	75
855	16,16,12,12,21,15,5,18,13,12	0,2,3,4,0,1,0,1,0,2	19,10,11,18,9,16,14,14,10,10	4,1,1,3,3,3,1,2,0,0	150	75
856	3,5,3,3,4,3,3,3,4,4	259,270,294,332,249,259,229,236,245,307	0,2,4,4,1,5,1,3,3,6	280,268,272,305,314,288,275,279,308,345	150	75
857	0,1,5,0,1,3,0,3,3,1	334,377,397,429,330,297,271,377,318,424	0,1,2,3,1,2,6,1,4,4	391,358,345,400,376,381,430,354,303,333	150	75
862	1,1,0,3,4,0,0,1,1,1	2,0,0,3,4,2,0,1,1,5	1,0,1,1,2,0,0,0,2,0	0,4,0,0,2,1,0,2,2,5	150	75
863	0,0,1,1,1,0,1,0,4,0	1,0,0,5,1,3,1,2,0,1	2,1,0,0,0,0,0,0,0,0	1,2,2,7,1,1,2,3,2,2	150	75
864	0,0,0,0,0,1,0,0,0,1	3,1,0,4,3,3,0,1,2,5	0,1,0,0,0,0,0,0,0,0	0,2,2,1,4,1,3,2,2,0	150	75
865	3,6,3,4,2,3,1,5,5,3	1,1,0,0,0,0,0,1,0,0	4,3,1,4,3,4,1,1,2,3	0,0,0,0,0,0,0,0,0,0	150	75
866	0,1,0,0,0,1,0,1,0,0	20,21,28,24,26,24,16,24,16,23	0,0,0,0,0,0,0,0,0,0	20,14,17,16,22,14,28,19,24,33	150	75
867	0,2,1,1,0,2,1,1,0,0	1,1,4,3,4,0,3,4,2,1	1,0,2,0,1,2,0,0,0,1	2,5,2,0,5,1,8,1,3,1	150	75
868	2,4,6,7,10,7,3,4,4,3	13,10,8,11,10,8,12,8,13,13	4,9,6,0,8,2,5,1,6,3	9,5,9,20,16,13,22,11,8,11	150	75
869	14,28,31,27,31,23,29,19,20,25	5,11,8,9,6,8,7,4,10,6	21,28,31,22,42,20,51,30,22,17	8,6,6,6,2,7,5,7,6,9	150	75
870	6,7,4,10,4,4,7,8,4,6	3,3,2,2,3,3,4,6,4,2	3,5,10,10,8,9,10,9,8,7	2,7,2,2,7,7,6,3,2,12	150	75
871	0,2,2,3,0,0,1,0,0,0	6,10,8,12,5,11,10,10,7,14	0,2,0,1,1,0,3,0,0,1	9,6,4,6,13,8,8,2,9,12	150	75
872	3,1,4,5,2,2,4,3,5,2	5,8,2,1,3,11,7,5,5,5	1,2,3,4,4,3,2,5,3,4	1,7,4,4,6,4,5,5,1,7	150	75
873	2,2,1,1,1,1,0,0,4,0	0,1,0,0,0,1,0,0,0,0	0,1,0,1,2,0,0,0,2,1	1,0,1,1,3,1,3,0,0,0	150	75
874	0,1,2,0,1,0,1,0,0,0	0,0,1,0,0,0,0,2,0,0	0,1,0,0,0,0,0,0,0,0	0,1,0,0,0,0,1,0,0,0	150	75
875	18,8,16,22,17,19,17,17,12,17	1,2,1,2,0,2,0,2,2,5	15,19,8,14,12,20,18,18,23,13	0,1,3,3,0,0,2,0,1,2	150	75
876	0,0,0,0,0,0,0,0,0,0	0,1,1,0,1,0,0,0,0,0	0,0,0,0,0,0,0,1,0,0	0,0,0,0,0,1,2,1,0,1	150	75
877	0,0,0,0,0,0,0,0,0,0	0,0,0,0,0,0,0,2,0,0	0,0,0,0,0,0,0,1,0,0	0,0,0,1,0,0,0,0,0,0	150	75
880	0,0,1,0,0,0,0,0,0,0	1,0,1,4,2,1,0,0,4,2	0,0,0,0,0,1,0,0,0,0	6,1,10,2,1,3,2,1,2,0	150	75
881	3,1,0,1,1,1,1,2,0,1	54,46,48,54,41,34,39,42,39,50	2,1,0,1,0,2,4,0,1,1	54,38,37,32,59,34,43,37,55,53	150	75
882	34,26,32,40,49,32,38,41,41,33	287,314,320,356,294,326,290,316,325,355	36,36,32,33,51,21,36,36,50,70	316,333,323,293,347,316,340,313,366,358	150	75
883	2,2,1,4,3,3,1,4,2,0	16,16,18,18,12,15,11,14,18,14	3,0,4,2,4,2,3,2,4,6	13,21,15,24,12,12,14,17,21,10	150	75
884	10,12,5,17,16,22,18,20,10,14	1,6,5,10,5,4,3,10,12,4	10,10,10,12,14,25,25,9,10,15	9,3,10,8,7,10,6,7,8,10	150	75
885	19,8,10,17,20,9,5,14,11,7	18,31,23,19,18,18,29,25,21,20	8,11,7,8,13,19,10,10,12,16	15,17,25,22,26,23,12,12,17,19	150	75
886	18,8,10,17,20,9,5,14,11,7	0,0,0,0,0,0,0,0,0,0	8,10,7,8,13,18,10,10,10,16	0,0,0,0,0,1,2,0,1,0	150	75
887	1,2,0,1,3,5,1,2,0,1	1400,1516,1541,1508,1320,1314,1330,1376,1425,1439	1,1,0,0,2,3,1,0,2,1	1505,1324,1470,1387,1648,1557,1553,1308,1491,1248	150	75
888	0,0,2,2,1,0,0,0,0,1	1,1,2,0,0,0,3,0,1,1	1,1,0,1,3,3,2,0,1,1	1,2,0,0,1,1,2,0,2,1	150	75
889	86,78,68,139,82,74,80,81,77,94	169,212,187,200,182,185,167,142,188,185	93,66,60,66,115,64,70,77,119,159	188,209,171,205,210,183,210,154,180,166	150	75
890	0,0,0,2,0,0,0,0,0,1	13,8,1,1,0,16,0,0,1,1	0,0,0,0,0,1,0,0,0,0	11,1,2,1,3,0,6,2,0,1	150	75
892	0,0,1,1,0,0,3,2,0,1	9,9,8,9,8,11,15,9,7,9	1,1,1,0,1,0,1,0,0,3	8,8,4,10,18,10,8,10,5,9	150	75
893	5,1,10,9,10,5,6,12,4,0	0,0,0,1,0,0,0,0,4,0	3,6,6,10,6,5,11,5,4,8	0,0,1,1,1,0,1,1,0,1	150	75
894	5,8,7,7,9,6,8,7,12,5	1,1,0,1,1,2,1,1,0,0	11,9,4,12,13,11,16,9,6,13	0,0,2,0,0,0,1,2,0,0	150	75
895	0,1,3,1,3,0,1,0,1,0	33,47,35,57,34,55,31,41,43,50	2,0,0,3,3,3,3,1,1,5	43,45,55,50,52,40,44,43,42,36	150	75
896	1,0,0,0,1,1,0,1,2,1	19,34,39,37,28,24,33,22,34,32	2,0,1,1,1,1,1,1,0,1	17,26,17,24,30,23,30,19,32,18	150	75
897	11,13,13,12,14,10,8,12,9,10	1,1,0,1,1,1,0,1,1,0	21,10,23,4,11,12,21,14,15,13	2,0,1,0,1,0,0,0,0,1	150	75
898	2,0,1,1,1,4,2,1,0,1	22,17,16,16,18,14,16,13,20,26	3,1,2,1,3,1,1,1,2,0	19,18,17,21,11,18,18,16,16,12	150	75
899	3,4,7,2,3,1,0,1,5,1	0,0,0,0,1,0,0,0,0,0	0,1,0,1,1,3,1,5,1,5	0,0,1,0,0,0,0,0,0,0	150	75
900	3,0,1,3,0,1,1,3,1,2	8,4,4,12,7,1,3,9,4,7	1,3,0,0,2,1,0,0,2,3	10,5,6,2,3,6,2,5,10,2	150	75
901	0,0,1,1,0,0,2,0,0,1	332,285,343,333,247,291,245,285,282,323	0,0,0,0,0,0,2,0,0,1	261,299,263,262,299,302,320,273,343,323	150	75
902	103,87,87,89,51,76,60,71,79,66	157,150,179,200,160,171,156,163,152,203	69,63,62,57,69,72,74,70,67,55	175,190,179,174,180,165,178,159,221,206	150	75
903	0,1,0,0,0,1,0,0,1,0	1,4,0,1,0,0,1,5,3,3	0,0,0,0,0,0,0,0,0,0	2,6,5,6,4,2,3,4,4,6	150	75
904	1,1,3,3,1,0,1,0,3,1	0,1,0,0,0,0,0,0,0,0	1,1,0,1,1,0,1,3,0,1	0,0,0,0,0,1,0,0,0,0	150	75
905	5,9,6,3,2,3,3,2,5,6	0,0,0,0,0,0,0,0,0,0	6,10,3,4,4,6,3,2,7,12	0,0,0,0,1,0,0,0,0,0	150	75
906	0,0,0,0,0,0,1,0,0,0	1,1,1,0,1,0,0,0,2,0	0,3,0,0,0,0,0,0,0,0	0,2,3,0,5,1,6,0,0,0	150	75
908	41,37,31,43,34,27,14,29,29,27	4,1,5,2,1,1,0,7,3,2	35,32,35,30,44,30,28,29,32,40	3,1,3,1,5,4,3,6,10,3	150	75
909	9,10,11,10,21,5,17,7,11,17	24,25,31,26,29,24,29,29,25,23	7,12,10,11,21,10,8,6,13,13	21,23,24,38,25,24,41,34,32,28	150	75
910	4,6,5,2,5,2,2,3,4,2	202,224,235,221,198,227,168,210,181,237	3,1,6,1,0,2,5,2,3,0	212,218,197,219,214,222,229,190,216,174	150	75
912	3,2,6,2,1,4,6,4,1,5	40,23,24,13,17,19,14,21,24,13	4,0,0,3,2,1,2,1,6,2	29,26,19,19,16,13,24,24,17,22	150	75
913	3,1,1,0,2,1,1,1,3,4	11,6,6,9,16,12,6,3,9,6	3,2,3,1,0,2,0,2,3,2	7,10,7,10,6,8,10,8,11,23	150	75
914	8,6,5,8,3,5,3,2,13,8	4,2,0,4,1,3,3,4,1,1	10,3,5,7,6,6,5,5,3,7	3,2,2,3,3,1,3,1,3,2	150	75
915	1,0,0,1,1,0,1,0,1,0	6,8,17,21,21,19,21,15,20,14	0,0,0,0,2,0,0,0,0,1	20,12,13,18,20,20,16,18,20,15	150	75
916	93,94,93,123,93,91,89,96,97,106	1,2,3,5,2,0,2,5,3,2	103,105,71,108,104,92,109,102,100,127	3,4,2,1,3,5,2,1,3,2	150	75
917	4,2,3,2,5,1,4,4,5,4	19,21,19,26,26,14,15,25,28,20	2,2,2,3,2,1,4,7,3,3	27,26,22,31,24,24,23,22,24,25	150	75
918	29,24,35,30,39,38,36,37,29,27	1,3,6,5,2,3,3,2,1,4	34,32,27,43,29,43,21,27,30,40	6,5,4,2,5,1,6,0,1,1	150	75
919	0,0,0,0,0,0,0,0,0,0	21,17,26,29,15,18,30,18,18,33	0,0,0,0,0,0,0,2,0,0	22,23,15,30,33,20,29,28,29,18	150	75
920	2,2,0,2,2,2,5,4,1,2	215,232,242,259,243,106,160,134,174,155	5,2,1,0,2,2,0,0,6,0	236,169,204,173,259,214,235,181,154,78	150	75
922	469,516,561,564,457,460,470,401,440,490	64,59,126,131,133,131,131,75,68,84	533,509,519,495,531,516,517,464,461,467	75,116,139,60,148,89,31,123,155,130	150	75
923	0,2,3,8,1,3,3,3,1,2	3,0,1,2,1,1,0,1,2,0	3,2,2,6,2,1,5,0,3,4	0,2,0,1,2,1,1,0,0,0	150	75
924	4,2,1,1,2,1,2,3,1,0	13,27,26,21,33,19,16,28,29,21	3,0,1,0,3,0,7,3,0,1	16,20,19,26,22,26,32,34,32,26	150	75
925	2,0,0,0,0,0,0,0,0,0	44,46,50,44,28,33,27,33,37,28	1,0,0,1,0,0,0,3,1,2	39,33,41,33,35,48,48,51,42,46	150	75
926	3,0,0,2,1,2,2,2,0,0	144,148,126,150,125,138,126,114,118,170	1,1,1,1,2,0,1,3,2,0	130,133,108,156,143,121,142,151,149,151	150	75
928	41,44,30,42,40,27,24,33,39,37	0,0,0,0,0,1,0,2,0,1	48,37,34,47,45,44,51,41,46,36	2,0,0,1,0,0,0,0,0,0	150	75
929	3,6,8,3,4,0,7,3,0,3	3,2,4,3,1,3,3,2,4,2	3,0,5,3,4,3,3,1,4,1	5,4,3,3,6,7,4,5,5,4	150	75
930	0,0,0,0,0,0,1,0,0,0	9,10,5,14,7,9,3,3,10,8	0,0,0,0,1,0,1,0,0,0	4,16,8,3,10,6,8,8,5,10	150	75
931	0,0,0,0,0,0,0,1,0,1	4,10,9,8,3,11,6,6,6,6	0,0,0,0,1,1,0,1,0,0	6,7,3,6,7,10,14,5,10,10	150	75
932	0,2,2,1,0,0,0,0,0,2	11,7,6,13,8,8,10,7,15,10	0,2,0,0,1,0,1,0,2,2	13,11,12,8,15,12,10,9,12,23	150	75
934	1,2,3,0,1,1,1,0,2,3	39,66,53,52,44,42,47,55,60,63	1,0,0,2,0,1,2,1,2,2	59,48,42,39,37,45,57,56,49,41	150	75
935	1,2,0,3,0,0,2,0,2,4	90,117,82,108,76,129,94,81,61,92	2,4,4,1,3,1,4,1,2,4	85,94,92,98,90,54,87,94,94,123	150	75
936	1,0,1,1,0,0,1,2,0,1	1,0,1,0,1,2,0,1,0,0	0,0,0,0,1,0,0,1,1,0	1,1,0,0,0,2,1,1,2,4	149	75
937	3,0,0,3,2,1,2,0,0,1	0,2,3,1,0,0,0,1,3,4	0,1,0,0,5,0,0,2,0,1	1,1,0,1,1,4,0,0,1,1	150	75
940	0,0,0,4,2,2,1,1,2,1	38,38,28,32,39,27,29,34,30,27	1,1,0,0,3,0,1,0,2,1	35,36,33,30,34,32,34,19,38,28	150	75
941	0,0,0,0,1,3,0,1,0,0	32,40,31,40,31,32,12,27,29,31	0,0,0,1,0,0,0,0,0,0	41,34,31,28,34,27,28,34,37,41	150	75
942	1,1,2,0,0,0,0,0,0,0	2,1,4,1,5,5,1,1,0,0	0,0,0,0,0,0,0,0,0,1	0,1,1,5,4,3,3,2,3,5	150	75
946	0,2,0,1,0,0,0,0,1,3	0,0,0,0,0,0,0,0,0,0	0,0,0,1,0,0,1,0,2,0	0,0,0,0,1,0,0,0,0,0	150	75
947	0,0,1,0,0,0,2,0,0,0	0,0,0,0,0,0,0,0,0,0	2,0,0,0,0,0,0,1,0,1	0,0,0,0,1,0,0,1,0,0	150	75
949	0,0,0,0,0,0,0,0,0,0	8,5,3,2,5,3,6,3,0,3	0,0,0,0,0,0,1,0,1,0	8,5,5,1,7,7,5,7,3,5	150	75
951	0,1,1,0,1,0,0,0,1,1	0,0,0,0,0,0,0,0,0,1	0,1,0,0,1,0,1,0,0,1	0,0,0,0,0,0,0,0,0,0	150	75
952	0,2,1,0,4,1,0,1,1,1	25,40,30,35,24,16,16,30,33,28	1,2,1,3,5,0,1,0,8,5	33,28,25,20,26,26,34,29,36,35	150	75
953	15,14,8,18,9,8,11,18,1,17	2,1,3,1,2,1,1,4,4,2	13,7,6,3,7,10,6,5,15,18	0,1,1,6,4,4,4,1,4,4	150	75
954	1,1,0,2,0,0,3,0,1,1	5,6,8,4,2,10,4,8,2,7	3,1,0,2,0,0,0,1,2,3	4,2,4,3,7,7,8,8,6,1	150	75
958	4,6,18,13,15,6,8,10,14,6	182,221,188,189,157,207,149,198,151,181	8,2,4,9,8,9,6,12,12,10	212,180,193,252,148,181,191,207,254,249	150	75
959	0,0,0,1,0,0,0,0,0,0	33,46,56,40,45,26,28,28,30,36	0,0,0,0,0,0,1,0,0,0	49,37,35,38,42,36,49,45,40,27	150	75
960	0,0,1,1,1,0,0,0,0,0	40,44,52,51,48,52,61,43,48,46	0,1,0,0,0,0,0,0,1,1	37,38,48,48,62,55,72,38,42,60	150	75
961	2,0,2,1,1,0,0,0,1,1	10,14,17,11,12,5,10,4,11,11	0,2,1,0,0,0,0,0,0,1	15,11,13,20,10,7,19,11,11,8	150	75
963	4,5,5,5,2,2,7,6,6,2	44,48,52,62,43,55,38,53,43,60	2,4,6,3,3,3,5,4,4,8	55,59,40,54,55,43,58,44,53,77	150	75
964	0,0,0,1,0,0,0,1,0,1	10,7,3,11,1,3,2,7,4,7	1,0,0,0,1,0,0,4,1,1	9,1,2,9,9,3,6,7,11,4	150	75
965	3,2,2,4,0,2,5,6,3,5	48,61,62,60,61,59,56,47,48,59	2,1,0,0,3,1,2,2,4,1	68,72,55,54,59,64,68,63,53,70	149	75
966	1,1,0,2,1,1,1,0,1,0	378,466,380,387,364,400,364,379,376,447	1,0,0,0,0,0,0,2,1,1	385,362,377,383,402,349,414,355,431,457	150	75
967	0,6,6,5,2,6,4,4,0,5	12,16,10,10,18,16,11,14,20,18	2,2,2,3,2,3,4,2,6,7	14,13,11,21,19,24,25,15,20,16	150	75
968	0,0,1,0,1,0,0,0,1,4	0,4,1,1,3,1,5,4,5,6	1,0,0,1,2,3,2,1,0,1	3,0,2,3,5,2,2,3,2,4	150	75
969	0,1,2,3,0,1,2,0,3,1	35,28,38,38,31,40,29,27,37,42	3,0,0,3,2,1,1,1,1,1	29,32,30,34,46,31,38,33,26,29	150	75
970	0,0,0,1,1,0,0,0,0,0	31,23,22,31,24,20,19,25,35,24	1,1,0,2,1,1,1,0,0,0	30,21,19,22,33,20,31,31,16,21	150	75
973	0,0,0,0,0,0,1,0,0,0	1,1,2,0,0,0,1,0,0,0	0,0,0,0,0,0,0,1,0,0	0,0,0,0,1,1,0,0,0,0	142	75
975	0,0,0,0,0,0,0,0,0,1	1,1,1,1,0,0,0,0,0,1	0,0,0,0,0,1,0,0,0,0	0,0,1,1,0,1,0,0,0,0	150	75
976	0,0,0,0,0,0,0,0,0,0	1,1,1,0,1,1,1,2,0,0	0,0,0,0,0,0,0,1,0,0	1,5,3,1,2,0,0,0,1,2	150	75
977	1,0,1,0,0,0,0,0,0,0	40,37,41,43,23,25,33,36,28,34	1,0,1,0,3,0,2,0,0,0	31,37,23,22,29,47,31,23,30,27	150	75
978	82,82,77,114,52,82,78,82,73,65	355,381,369,415,350,289,332,327,340,440	86,56,62,80,86,63,86,54,96,85	364,371,328,350,396,356,445,409,403,400	150	75
982	1,0,1,0,0,0,0,0,2,1	697,833,789,741,751,500,594,687,626,715	0,0,0,0,1,0,0,1,0,0	775,697,677,688,843,718,817,640,552,367	150	75
983	0,0,2,2,3,1,0,1,1,1	8,9,10,9,7,9,6,4,7,5	4,0,2,0,1,1,0,0,4,1	5,8,9,3,10,7,10,10,7,4	150	75
984	0,1,0,0,1,0,0,1,1,1	5,7,7,10,4,7,12,3,2,3	1,0,0,0,0,0,0,0,0,0	2,6,13,4,6,8,10,10,9,11	150	75
985	0,0,1,0,0,0,0,0,1,1	12,18,22,20,14,8,13,12,12,22	0,0,0,0,0,0,2,0,0,0	16,13,20,17,14,13,12,18,23,14	150	75
986	1,3,1,1,5,0,2,1,2,8	18,18,18,29,28,19,13,17,28,23	2,2,0,1,7,1,2,3,1,3	24,20,25,20,23,17,23,14,28,27	150	75
988	67,67,96,86,73,68,55,84,75,77	3,1,0,2,1,1,0,0,0,0	89,72,68,62,87,59,80,71,98,98	2,1,0,0,0,1,0,0,1,0	150	75
989	281,297,302,307,253,247,257,252,260,243	389,417,430,422,357,474,380,335,418,452	264,233,261,296,304,266,307,262,301,291	483,426,406,429,438,419,368,383,478,518	150	75
990	1,0,2,0,1,1,0,0,0,1	134,143,146,179,122,152,130,140,128,147	1,0,1,1,3,0,3,2,2,3	154,144,137,127,122,130,167,131,143,152	150	75
991	13,22,17,18,8,17,12,19,13,11	603,598,642,649,560,615,544,591,568,633	19,7,16,4,15,13,14,9,17,34	593,576,618,624,625,601,610,554,624,629	150	75
992	5,8,5,8,5,2,4,3,3,6	696,837,718,760,717,873,729,842,795,834	7,3,2,4,7,4,7,2,14,10	751,753,729,762,761,830,908,758,863,931	150	75
993	2,1,2,6,2,5,5,7,5,3	109,100,123,113,113,133,111,154,149,138	6,2,6,2,2,3,5,0,0,6	125,107,112,118,130,116,130,146,151,198	150	75
994	1,1,3,2,1,3,3,2,4,1	0,0,4,0,1,2,0,2,0,4	4,1,5,2,2,1,3,0,0,0	1,0,5,0,1,0,1,1,2,1	132	75
995	0,2,0,1,1,1,4,1,1,3	63,73,79,79,77,82,64,90,80,110	3,1,1,1,0,4,2,2,1,5	71,87,76,62,79,64,71,95,123,130	150	75
996	1,3,3,2,1,2,1,2,1,2	0,0,1,0,0,0,1,0,0,3	0,0,0,1,2,3,0,1,0,5	0,0,1,0,0,0,0,0,0,1	150	75
997	2,1,2,5,1,0,3,1,4,0	49,36,33,34,40,22,32,35,30,30	2,0,1,0,0,2,1,0,4,2	27,35,42,34,42,38,38,32,32,34	150	75
1000	0,0,0,0,0,0,0,0,0,0	15,10,17,20,13,17,19,25,17,18	0,0,0,0,0,1,0,0,1,0	18,18,10,21,17,17,21,17,20,15	150	75
1001	0,0,1,0,0,0,1,0,1,0	58,72,55,88,75,65,61,79,78,78	0,0,0,0,0,0,0,0,0,0	80,64,62,84,104,68,76,73,79,84	150	75
1002	102,151,151,182,150,166,143,157,145,170	7,11,11,19,15,13,7,12,6,11	146,136,169,157,150,175,196,150,176,182	7,9,10,6,9,11,16,10,17,7	150	75
1003	0,4,0,0,0,0,2,0,0,0	10,11,11,15,3,6,8,9,8,5	0,1,1,0,0,1,2,2,0,0	13,12,1,6,7,4,4,10,5,7	150	75
1004	2,1,0,4,2,5,4,0,1,2	36,43,18,39,37,48,32,41,31,44	0,0,2,3,1,3,3,2,2,3	44,29,46,36,45,31,36,42,34,40	150	75
1005	1,0,2,2,1,4,1,3,1,3	25,28,28,25,31,23,21,23,29,24	1,1,1,4,1,0,1,0,0,3	24,26,14,21,20,20,22,16,30,19	150	75
1007	7,1,4,6,3,5,2,4,3,7	0,0,4,0,0,1,0,1,0,0	8,5,3,4,3,1,4,2,8,8	0,0,0,0,1,1,0,1,0,0	150	75
1009	4,5,2,5,7,6,7,11,4,5	50,50,42,32,46,58,29,46,52,53	3,7,8,3,4,11,9,7,10,4	38,48,61,49,48,50,62,48,51,48	150	75
1010	2,3,3,1,6,2,6,5,2,3	143,190,187,171,157,190,164,157,155,175	7,1,3,5,8,2,5,3,6,0	142,149,159,171,162,159,200,154,180,168	150	75
1011	0,3,0,4,3,0,0,0,1,1	43,59,58,62,49,53,31,43,27,56	0,0,0,2,1,0,0,0,0,1	55,49,61,68,46,51,66,60,60,54	150	75
1012	0,1,0,0,0,3,1,0,0,1	123,158,154,150,118,170,133,120,130,145	0,3,0,0,4,0,0,0,1,2	123,138,145,131,138,146,136,128,137,176	150	75
1013	4,7,3,10,6,2,7,11,6,6	21,25,9,21,32,14,9,17,20,14	13,3,1,8,9,4,6,4,8,4	19,17,21,22,28,28,25,12,12,7	150	75
1014	2,11,7,4,4,5,10,6,3,4	158,167,178,183,138,147,172,140,167,157	4,3,5,11,7,7,4,5,11,13	177,157,137,151,172,163,172,156,165,155	150	75
1015	0,0,0,0,0,0,0,0,0,2	3,4,1,2,2,1,3,2,1,2	0,0,0,0,0,0,1,0,0,0	3,1,1,1,0,2,2,0,3,3	150	75
1017	1,3,1,1,0,1,0,0,0,1	19,24,28,22,30,24,23,19,16,24	1,1,4,0,4,2,1,3,5,3	28,30,16,26,23,24,31,32,25,15	150	75
1018	10,15,7,10,12,6,13,12,10,23	0,0,0,0,0,1,1,0,1,0	17,12,13,11,13,7,17,8,15,16	2,0,0,0,0,0,1,1,1,1	150	75
1019	0,0,1,0,0,0,0,0,0,0	41,42,34,37,46,26,29,35,38,45	1,1,0,1,1,0,0,0,1,2	45,28,36,43,26,46,48,48,35,43	150	75
1020	3,1,2,1,0,0,0,1,1,0	41,44,39,42,48,32,26,42,25,29	0,0,0,0,1,0,1,0,1,1	38,34,32,27,37,39,48,53,41,34	150	75
1021	0,0,2,0,0,0,4,1,3,1	54,46,58,78,61,60,53,68,64,67	3,0,1,0,0,1,1,0,1,0	67,64,62,66,63,46,64,67,80,73	150	75
1023	6,6,6,13,7,3,5,9,11,4	45,32,36,45,24,28,29,40,30,34	13,3,4,5,4,6,4,5,4,9	47,44,37,42,48,30,38,41,32,16	143	75
1024	0,2,1,0,0,1,2,2,0,1	50,25,32,27,31,31,28,34,23,35	4,0,3,1,5,2,1,1,2,0	38,23,29,31,34,27,34,19,29,20	150	75
1025	2,1,0,4,0,0,0,0,4,1	37,34,39,36,24,23,19,30,46,40	0,0,0,0,0,4,0,0,6,1	35,30,38,32,34,32,41,30,37,33	150	75
1026	4,4,7,4,5,4,2,5,2,6	36,31,52,61,32,51,37,43,31,60	6,1,3,4,4,2,2,0,14,5	37,48,41,29,55,34,52,28,53,42	150	75
1027	4,3,0,6,2,0,0,5,2,0	25,21,24,40,32,28,12,31,27,25	4,0,2,0,2,1,1,3,10,4	32,22,26,32,15,31,27,19,29,30	150	75
1028	5,5,1,4,3,5,4,9,7,6	96,138,132,143,120,167,127,132,126,165	3,5,4,6,5,2,1,4,3,13	130,117,132,128,110,125,152,129,156,168	150	75
1030	84,61,82,91,81,54,84,90,89,108	2,13,9,4,9,9,8,9,13,7	92,127,75,82,98,82,88,76,93,120	6,23,6,7,18,17,12,11,13,7	150	75
1031	0,0,4,0,0,0,0,0,0,0	35,31,39,58,40,30,40,33,52,54	1,0,0,0,0,2,1,2,0,0	48,55,38,50,50,39,58,50,43,62	150	75
1032	2,5,6,3,4,7,7,5,3,4	112,146,111,113,126,82,89,109,116,84	1,1,2,2,6,2,2,3,2,6	103,126,86,96,118,101,141,99,98,102	150	75
1034	50,36,46,68,37,45,40,56,56,68	18,23,33,30,29,22,25,20,24,25	27,49,47,51,49,66,50,41,58,76	21,22,17,33,31,22,25,22,36,43	150	75
1035	0,1,2,0,1,0,4,1,0,0	0,1,12,2,1,1,3,6,4,2	0,1,0,0,1,0,0,0,0,0	3,4,0,2,4,2,1,5,2,0	150	75
1036	0,0,0,0,0,0,1,0,2,0	0,2,5,2,0,0,0,0,2,0	0,0,2,1,0,0,0,0,0,0	0,2,1,2,4,0,0,1,1,2	150	75
1037	0,0,0,0,0,0,1,0,2,0	216,209,222,198,213,93,174,181,169,178	0,0,2,1,0,0,0,0,0,0	239,170,173,189,245,198,201,207,153,86	150	75
1038	3,5,9,10,3,5,8,3,4,5	34,34,21,37,39,32,24,29,37,32	4,6,3,4,2,1,6,2,6,4	35,34,29,36,32,47,36,36,50,45	150	75
1039	2,4,2,2,1,0,2,1,3,1	69,71,101,110,105,85,93,97,67,110	1,0,0,1,3,0,2,2,2,1	84,58,80,78,108,101,105,110,114,126	150	75
1040	0,0,0,0,0,0,0,0,0,0	40,33,29,42,39,28,35,40,43,48	1,1,0,0,0,0,0,0,1,0	40,44,30,27,41,52,47,44,39,39	150	75
1041	1,3,2,1,1,1,3,3,1,3	0,0,1,0,0,0,0,0,0,0	0,1,0,0,0,0,2,1,1,1	1,0,0,1,0,0,0,0,0,0	150	75
1042	2,0,0,3,1,2,2,2,3,4	100,94,122,135,99,112,103,115,106,118	1,2,0,3,4,0,1,2,3,1	126,97,88,95,123,87,119,93,115,127	150	75
1043	3,0,3,4,5,5,2,0,0,3	96,88,109,150,119,145,103,108,115,138	2,1,1,4,2,1,1,2,4,2	123,104,114,115,127,104,126,97,131,132	150	75
1044	18,21,14,28,15,15,20,27,23,32	118,112,128,151,97,172,153,139,132,129	37,22,18,21,24,15,17,17,30,37	146,185,99,155,115,148,143,111,164,202	150	75
1045	167,144,177,203,152,181,166,168,196,207	36,26,43,47,36,53,35,34,43,84	191,200,148,147,193,170,210,179,249,271	44,40,40,36,40,32,56,35,36,62	150	75
1046	0,1,0,0,0,1,0,0,0,0	26,42,32,46,42,26,38,36,31,36	0,0,0,0,0,0,0,0,0,0	34,27,23,46,40,30,36,31,33,25	150	75
1047	0,0,0,0,0,1,0,0,0,0	8,12,11,11,9,3,9,5,11,2	2,0,0,1,2,0,0,0,0,1	11,10,7,6,8,10,4,9,6,6	150	75
1049	0,0,0,0,0,1,0,2,1,0	1,0,1,0,0,0,0,1,0,0	0,0,0,1,0,0,0,1,1,2	2,0,1,0,0,0,1,1,1,1	150	75
1050	3,1,5,3,1,4,3,0,1,4	0,0,0,0,0,0,0,1,0,1	1,1,1,5,3,4,0,4,5,3	0,1,0,0,0,0,0,0,1,2	150	75
1051	3,5,6,4,6,4,10,7,5,11	65,57,55,54,39,51,38,54,48,60	4,3,6,6,9,4,4,3,4,7	47,57,37,71,47,40,64,41,42,55	150	75
1052	3,8,8,8,8,3,4,12,6,5	56,54,59,42,36,23,45,46,57,52	8,1,1,4,6,3,6,8,9,10	45,46,54,66,44,57,66,32,26,31	150	75
1053	2,3,2,2,2,3,4,0,1,4	27,46,29,32,32,27,25,29,22,32	0,0,2,2,1,1,1,1,1,1	31,35,22,23,37,32,48,30,36,25	150	75
1054	0,1,1,2,4,1,3,1,2,2	0,0,0,0,0,0,0,0,0,0	0,0,1,2,4,1,3,0,2,1	0,0,0,0,0,1,0,0,0,0	150	75
1056	0,1,1,1,0,1,1,1,0,1	2,0,4,1,4,0,3,1,5,3	0,0,0,0,0,0,0,1,1,1	3,4,1,0,2,3,2,0,2,1	145	75
1057	0,0,1,0,1,2,0,0,0,0	27,31,47,48,40,27,36,32,33,39	0,0,0,1,2,0,1,0,1,2	28,38,34,32,29,43,37,32,25,17	150	75
1059	0,0,2,0,0,0,0,0,0,0	1,2,1,0,2,0,0,0,1,2	1,0,0,0,1,0,0,0,0,0	0,3,1,1,2,1,2,1,1,1	150	75
1061	1,1,0,3,1,2,1,1,0,0	80,79,74,98,80,83,76,69,74,111	1,1,0,0,0,1,1,1,0,2	87,78,78,67,83,81,90,75,107,73	150	75
1062	2,2,0,2,0,2,1,2,0,1	46,66,46,50,55,50,42,62,57,69	2,0,1,0,0,0,0,1,2,0	57,57,43,50,53,86,61,57,64,90	150	75
1063	0,0,2,0,0,2,0,0,0,1	2,1,1,4,1,2,0,0,2,0	1,0,0,0,0,0,0,0,0,0	2,1,1,0,4,1,3,2,3,1	150	75
1064	0,2,0,2,1,0,0,0,0,1	2,6,2,0,0,2,1,3,5,2	2,1,0,1,0,0,0,0,0,2	3,1,2,2,1,1,1,3,3,0	150	75
1066	5,2,3,3,3,2,8,2,0,5	178,145,197,193,170,166,133,157,148,178	6,2,2,4,3,0,4,3,7,2	158,156,133,178,215,179,184,146,177,172	150	75
1067	4,2,4,2,4,3,5,0,0,6	1,0,2,2,1,1,0,0,1,0	4,0,1,4,3,0,3,1,4,3	0,0,0,0,1,0,0,0,1,0	150	75
1068	3,2,1,1,1,2,4,0,0,4	110,117,131,129,120,85,94,130,99,108	2,1,0,1,3,0,2,2,0,3	111,97,90,134,132,116,119,94,96,116	150	75
1069	31,19,42,32,11,17,30,25,35,32	40,54,47,48,34,30,41,25,35,52	33,21,14,20,35,32,23,18,24,35	31,43,42,62,42,38,40,45,55,46	150	75
1070	10,11,13,18,7,15,6,12,18,7	91,75,80,96,83,79,58,68,66,104	6,8,6,7,8,14,14,10,20,21	107,80,97,84,95,65,99,70,96,103	150	75
1071	6,3,5,5,7,6,4,3,4,3	69,82,80,83,68,67,66,67,60,84	7,2,5,1,5,3,5,2,13,14	74,86,63,98,85,67,94,86,77,89	150	75
1072	4,3,4,5,7,5,4,3,5,3	4,3,2,4,0,2,3,2,3,2	6,1,3,2,6,4,4,2,12,12	3,1,0,1,1,1,0,3,0,3	150	75
1073	370,349,348,339,333,411,336,410,355,405	8,12,4,12,16,19,11,18,14,12	346,339,375,392,326,340,324,296,425,490	9,17,11,20,7,14,11,13,19,22	150	75
1074	1,1,3,5,0,0,1,0,0,1	377,463,376,427,398,239,281,323,353,347	2,1,0,1,0,0,2,0,1,2	411,385,346,329,452,393,453,334,327,222	150	75
1075	3,1,3,2,3,1,1,3,2,2	452,510,476,555,477,265,328,458,427,422	2,1,0,0,6,0,0,2,0,0	492,445,406,461,583,477,524,375,344,228	150	75
1076	1,0,0,0,0,0,0,0,0,0	16,27,23,22,17,1,12,9,18,7	0,0,1,0,0,0,0,0,0,0	16,14,11,14,17,16,19,13,9,1	150	75
1078	25,17,19,16,10,18,16,6,7,19	62,72,67,86,65,91,58,76,85,54	19,7,8,11,12,6,9,14,12,27	63,93,74,81,77,79,70,64,85,90	150	75
1079	16,11,15,12,6,14,16,5,6,19	5,17,16,15,8,7,16,11,11,19	16,4,8,10,7,4,5,5,13,24	18,8,10,8,13,13,13,11,15,24	150	75
1081	3,0,0,1,1,2,0,0,1,1	23,31,36,36,26,29,29,40,29,29	1,1,1,2,1,1,1,1,0,3	45,43,23,26,30,25,33,19,43,25	150	75
1082	0,1,0,0,0,0,0,0,2,3	40,27,35,37,27,37,35,30,29,23	3,1,1,0,0,0,0,0,0,0	27,22,20,24,26,20,36,27,45,29	150	75
1083	13,27,61,71,17,7,30,8,9,19	615,548,452,393,754,724,479,644,583,768	11,44,36,10,31,28,16,9,38,48	705,501,335,594,546,509,740,589,570,567	150	75
1084	21,14,22,24,11,15,15,16,21,19	1,0,1,0,1,0,0,0,0,0	17,17,13,16,16,15,16,16,11,13	0,0,0,0,0,0,0,0,2,0	150	75
1085	0,0,2,0,0,0,0,0,0,0	0,0,1,0,0,0,0,0,1,0	0,0,0,0,0,0,0,0,0,0	0,0,0,0,0,0,0,0,0,1	150	75
1086	1,1,0,1,1,2,4,0,0,0	43,31,28,54,43,42,30,48,41,66	2,0,2,0,0,3,0,0,1,0	41,43,27,43,31,35,48,41,68,52	150	75
1088	0,0,2,0,0,0,0,0,0,1	1,1,2,0,0,1,2,1,1,2	0,0,0,1,0,0,0,0,0,0	2,2,2,0,0,1,2,2,0,0	150	75
1089	0,0,0,0,0,0,0,0,0,0	2,1,2,0,0,2,0,0,2,1	0,0,0,0,0,1,0,0,0,1	2,2,0,1,0,0,2,0,1,0	150	75
1090	3,2,5,4,6,0,2,0,5,4	72,94,94,115,80,78,72,85,83,104	4,1,3,0,4,0,4,2,5,0	99,82,106,87,105,92,77,79,122,102	150	75
1091	0,0,0,0,1,1,0,1,1,0	78,111,154,147,94,92,84,81,86,129	2,0,0,0,0,0,0,1,1,0	108,98,123,89,129,94,109,92,137,137	150	75
1093	0,0,0,1,1,0,0,0,0,0	3,7,1,3,0,1,2,2,1,4	0,1,0,0,0,0,0,0,0,0	7,4,2,0,3,3,6,5,1,4	150	75
1095	4,0,1,1,1,2,3,1,4,1	24,16,26,12,9,19,21,16,18,20	1,0,1,0,0,0,1,1,2,5	22,21,26,24,24,19,28,13,14,31	150	75
1096	1,1,0,1,2,2,3,2,1,2	0,0,0,0,0,0,0,0,0,0	0,2,1,5,2,0,4,1,1,2	0,0,0,1,0,0,0,0,0,0	150	75
1097	3,5,2,2,7,3,2,5,6,7	746,808,845,870,863,657,646,701,710,772	4,6,4,1,6,5,4,4,6,4	873,773,812,804,822,770,871,730,784,660	150	75
1098	1,0,0,0,0,3,0,0,3,1	73,81,85,83,62,80,70,68,76,93	2,2,1,2,1,1,4,1,1,3	71,48,65,59,79,83,81,70,72,83	150	75
1099	1,3,1,0,4,0,0,2,2,0	100,95,76,92,72,99,61,82,78,89	1,0,0,0,2,0,0,0,0,5	100,93,72,79,101,88,71,113,108,98	150	75
1100	6,3,6,4,3,0,1,2,3,1	16,25,24,21,27,9,18,26,17,17	4,1,3,1,4,4,1,3,8,2	20,20,21,24,39,24,30,23,12,7	150	75
1101	17,10,16,12,14,7,6,10,9,5	1,1,0,3,0,0,1,0,0,0	11,6,10,11,11,9,21,9,16,4	0,0,0,1,0,1,0,3,0,0	150	75
1102	5,4,9,8,2,4,7,5,4,6	448,528,470,504,484,601,400,591,534,524	5,3,2,8,7,4,7,2,8,5	529,485,463,533,473,477,577,565,661,680	150	75
1103	6,4,3,6,1,1,7,8,4,4	533,627,598,601,558,727,510,601,576,670	7,2,1,5,4,5,4,2,9,9	634,633,510,610,545,623,671,571,774,820	146	75
1104	2,2,5,5,3,3,2,3,1,4	396,523,455,466,426,537,394,484,483,477	2,1,0,2,3,6,0,2,2,5	455,489,428,518,468,448,525,448,528,616	150	75
1105	13,15,16,17,13,12,17,13,14,17	0,0,0,0,0,0,0,0,0,0	18,20,5,12,17,11,28,10,15,10	0,0,1,0,1,0,0,1,0,0	150	75
1107	2,2,2,3,0,2,2,0,1,2	347,353,336,407,354,306,278,317,328,286	0,2,0,4,0,1,0,0,4,0	371,352,368,305,367,344,398,312,313,277	150	75
1108	4,11,1,3,2,6,4,7,6,2	520,720,646,677,647,500,477,516,550,536	5,5,4,3,6,3,7,2,6,4	648,541,693,560,664,578,685,508,533,493	150	75
1109	3,2,3,3,2,0,4,1,1,2	26,29,30,29,31,31,26,27,32,25	1,0,3,1,0,1,1,0,1,3	37,32,36,29,28,31,30,19,18,26	150	75
1110	11,9,4,7,6,4,6,6,8,6	28,19,30,28,28,31,37,38,27,42	11,5,12,9,4,8,17,2,5,4	26,33,38,23,27,33,44,38,26,35	150	75
1112	25,28,30,35,35,21,22,16,30,44	0,0,0,1,0,0,0,0,1,0	27,19,33,23,34,34,34,9,33,34	0,0,0,0,0,0,0,0,0,0	150	75
1113	2,0,1,1,2,0,4,0,0,3	0,1,2,1,1,0,0,0,1,0	3,0,1,2,3,1,0,3,1,0	0,3,2,1,0,1,1,0,0,1	150	75
1114	1,1,1,1,7,2,3,1,0,3	8,2,1,4,2,1,1,4,4,2	3,1,3,4,2,1,1,4,0,1	2,2,0,4,3,3,0,4,3,0	150	75
1115	1,1,0,0,6,2,0,1,0,3	0,0,0,0,0,0,0,0,0,0	2,1,3,3,0,0,1,3,2,1	0,0,1,0,0,0,1,0,0,2	150	75
1116	1,4,7,7,10,6,5,4,6,5	0,0,0,0,0,0,1,0,0,0	7,1,2,3,10,4,11,3,3,4	0,3,0,0,0,0,0,0,1,0	150	75
1117	1,4,7,6,10,6,5,3,5,5	3,13,5,7,8,8,8,10,8,7	7,1,2,4,10,4,11,3,3,4	5,6,3,5,3,12,8,4,11,2	150	75
1118	1,4,6,5,9,6,2,3,5,5	0,0,0,0,0,1,0,0,1,0	6,1,2,3,8,3,11,2,5,4	0,0,0,0,0,0,0,0,0,1	150	75
1120	0,0,0,0,0,0,0,0,0,0	21,16,15,27,36,5,13,8,11,13	0,0,0,0,0,0,1,0,0,0	25,29,19,21,29,23,34,21,13,14	150	75
1121	13,5,5,2,5,0,1,5,2,4	3,6,14,5,4,8,10,5,6,4	5,2,3,4,5,3,0,6,5,5	14,4,3,7,3,3,9,3,11,3	150	75
1122	8,6,5,9,7,3,8,1,11,7	46,45,50,48,47,36,33,36,33,58	3,7,2,5,5,7,8,6,11,9	40,42,40,32,45,37,54,34,61,70	150	75
1123	0,2,1,1,1,0,2,0,0,0	0,0,0,0,0,0,0,0,0,0	0,0,0,0,4,0,0,0,0,3	0,1,0,0,0,0,0,0,0,0	150	75
1124	0,0,0,0,0,0,0,1,0,0	36,30,47,35,43,18,31,32,21,38	1,0,0,0,1,0,1,0,1,0	34,33,33,37,38,39,30,29,19,20	150	75
1127	3,1,3,1,0,2,2,1,2,2	4,7,2,3,2,1,1,4,7,6	0,3,2,0,0,3,3,0,0,5	9,0,3,4,5,3,4,3,6,5	150	75
1128	1,0,1,1,0,0,2,0,1,1	0,1,1,0,0,0,0,0,0,0	0,1,0,0,0,1,1,0,0,3	0,1,0,0,0,0,0,0,0,0	150	75
1129	12,14,8,10,12,9,7,17,17,21	5,5,2,5,3,4,4,4,12,4	15,12,7,13,18,12,20,9,11,11	9,4,0,8,3,4,4,3,1,0	150	75
1130	0,1,0,1,0,0,0,1,0,1	0,1,1,0,0,0,0,0,1,1	1,1,0,1,0,1,1,0,0,0	1,0,0,1,0,2,1,0,0,0	150	75
1131	3,6,12,9,3,14,7,15,3,11	120,155,138,121,93,146,115,115,125,122	7,5,5,9,6,2,1,4,12,16	118,142,126,141,147,148,120,99,133,145	150	75
1132	45,55,84,71,44,70,71,63,58,69	0,2,0,0,0,0,2,0,1,0	53,55,43,72,56,51,63,48,64,75	0,0,1,1,0,1,0,1,0,1	150	75
1133	96,102,134,112,87,123,117,109,110,132	2,5,0,0,0,1,1,3,1,0	101,126,96,137,114,111,122,82,102,123	3,1,2,2,1,2,0,2,0,2	150	75
1134	145,163,141,174,159,133,153,139,127,140	4,8,9,0,9,7,4,6,2,4	151,150,140,179,179,155,163,160,158,132	7,4,1,4,12,4,7,2,6,7	150	75
1136	0,0,0,0,2,0,1,1,3,0	109,143,94,105,94,81,98,105,115,124	0,1,0,0,1,1,3,0,0,0	116,107,95,117,117,114,137,90,127,100	150	75
1138	0,1,3,4,2,0,1,3,3,5	15,6,17,13,15,16,18,15,11,13	3,2,0,0,4,1,0,1,1,1	12,16,14,16,10,13,15,13,16,21	146	75
1139	2,4,2,1,1,3,0,2,1,2	3,4,7,13,14,7,6,6,18,13	2,1,3,1,6,4,2,2,0,2	9,11,5,11,5,15,6,11,11,7	150	75
1140	3,1,1,4,3,0,2,1,1,2	0,3,2,3,2,0,1,2,2,1	0,2,0,0,1,0,1,1,2,0	3,1,2,1,4,3,1,3,1,2	150	75
1141	2,2,3,3,0,2,1,8,0,1	0,3,4,3,7,3,4,1,2,0	0,2,1,5,3,1,5,1,0,4	4,3,3,2,4,1,5,2,8,4	150	75
1142	0,0,2,1,1,2,1,0,0,2	9,14,18,14,10,17,8,9,10,19	2,1,0,0,2,0,2,0,0,1	17,12,9,8,13,8,14,8,14,12	150	75
1143	1,1,0,0,1,2,1,0,0,0	1,0,2,1,2,0,2,0,2,2	0,3,0,0,0,0,0,0,0,0	2,1,2,0,1,1,1,0,2,0	150	75
1146	0,0,2,0,0,0,3,3,3,0	19,13,10,17,11,16,5,10,17,8	1,1,3,0,3,2,0,6,3,2	12,14,13,6,11,18,14,11,12,19	150	75
1150	0,1,1,3,2,0,0,1,0,2	7,2,7,7,7,10,5,7,12,10	0,0,1,1,6,0,1,0,0,0	10,8,9,10,8,3,8,9,7,4	150	75
1151	46,44,23,39,38,25,20,26,23,29	0,0,1,0,0,1,0,0,1,0	23,21,30,26,28,32,22,27,15,12	0,0,0,0,1,0,0,0,0,0	150	75
1152	5,4,7,3,6,3,5,8,2,4	161,187,176,201,170,183,172,182,186,177	2,5,2,6,2,2,10,2,5,8	186,177,177,157,176,183,233,180,225,208	150	75
1156	5,8,9,5,6,6,3,4,3,6	22,22,12,16,25,31,22,19,12,33	6,11,3,8,10,3,1,6,7,15	19,14,18,28,22,16,33,28,23,17	146	75
1157	0,0,3,2,0,0,1,0,0,0	58,73,97,76,80,66,71,56,65,71	0,0,0,1,1,2,0,1,0,0	69,58,64,75,95,62,101,60,100,64	150	75
1158	94,103,93,92,58,75,82,93,107,116	23,22,30,29,15,29,19,35,40,31	113,68,91,101,112,101,93,111,127,126	34,26,25,33,32,29,32,43,40,36	150	75
1159	14,11,18,17,15,14,19,17,14,13	91,105,86,112,66,96,90,92,110,110	18,12,16,11,23,9,11,9,31,27	98,87,93,86,101,74,112,95,124,109	149	75
1160	14,16,25,22,24,20,21,22,20,25	63,69,82,61,68,65,53,59,60,77	29,11,14,12,16,14,25,13,36,21	63,65,64,55,61,63,60,61,71,68	150	75
1161	95,81,88,88,64,71,80,69,88,87	79,93,88,85,65,73,80,75,75,83	95,58,91,99,69,61,91,68,84,88	70,67,77,80,76,90,93,85,89,110	150	75
1162	11,15,14,15,15,17,6,16,23,12	82,123,124,107,101,105,101,119,101,110	13,21,14,14,14,16,22,12,17,12	109,97,107,125,120,117,128,129,131,139	150	75
1163	56,53,49,66,38,48,53,56,57,77	60,60,62,77,60,54,60,61,70,67	74,51,58,43,61,63,56,56,77,71	55,52,47,42,56,67,67,58,74,86	150	75
1165	1,2,2,1,2,0,0,0,1,4	21,19,14,32,23,22,15,23,12,17	2,1,0,4,5,1,1,3,1,2	21,19,11,18,24,21,26,21,20,23	150	75
1167	12,6,12,17,5,6,6,8,7,3	0,2,4,3,2,1,3,4,0,3	9,6,8,7,10,4,8,5,8,9	1,3,1,3,1,3,2,4,1,2	150	75
1168	4,1,1,2,3,2,2,2,2,0	4,3,3,6,5,0,1,3,5,5	0,1,0,1,2,1,1,0,0,2	6,5,2,2,1,2,3,3,11,2	150	75
1169	3,1,3,1,4,0,1,0,1,3	0,1,1,1,0,0,0,0,0,0	0,2,0,2,1,2,1,2,1,1	0,0,0,0,0,0,0,0,0,0	150	75
1170	0,1,0,0,2,4,1,1,0,0	3,7,7,1,2,0,2,5,1,1	2,0,0,0,2,0,0,0,0,1	4,4,3,2,7,3,3,3,7,5	150	75
1171	0,3,0,0,0,0,0,0,1,0	3,4,4,0,0,5,1,0,0,4	0,0,0,0,5,0,0,0,1,1	2,5,1,0,4,1,2,1,0,1	150	75
1172	0,1,0,0,0,0,0,0,1,0	0,0,0,0,0,0,0,0,0,1	0,0,0,0,2,0,0,0,0,1	0,0,0,0,0,0,0,0,0,0	150	75
1173	13,11,16,17,12,7,15,17,9,9	0,0,0,0,0,0,0,0,0,0	18,16,13,15,11,8,22,15,14,8	0,0,1,0,0,1,1,0,0,1	150	75
1175	2,5,3,3,1,2,4,10,2,6	102,114,114,122,133,81,82,100,111,73	3,2,4,1,6,0,2,2,2,0	107,101,79,116,134,114,128,111,113,83	150	75
1176	1,1,1,1,2,1,1,0,0,2	1,1,1,0,1,2,0,1,1,1	3,1,0,0,4,1,0,0,1,4	0,2,0,0,1,1,1,1,2,2	150	75
1177	2,0,0,2,1,0,1,0,1,2	2461,2528,2597,2885,2570,3276,2598,3152,2945,3238	2,0,1,1,1,4,1,1,1,1	2807,2742,2589,2471,2952,3002,3409,3160,3630,3435	150	75
1178	9,8,4,10,3,2,11,3,6,6	79,84,60,90,81,80,69,69,85,78	5,0,7,5,6,5,4,4,7,4	65,76,47,71,71,57,73,61,78,71	150	75
1179	9,5,17,15,3,4,3,4,10,6	46,27,62,41,48,22,33,37,42,41	12,11,14,5,28,10,9,8,8,11	45,41,36,42,39,27,36,41,45,21	150	75
1180	0,0,0,2,0,0,0,0,0,0	68,47,56,59,64,36,35,50,38,53	2,1,2,0,0,0,0,0,2,1	62,38,46,46,57,41,58,36,54,31	150	75
1181	2,2,2,3,3,5,4,2,2,6	0,1,0,0,0,0,0,0,0,0	9,4,4,2,2,1,4,0,1,2	0,0,0,0,0,1,0,0,0,0	150	75
1182	4,7,2,1,1,4,4,3,4,15	20,24,20,7,8,8,20,14,29,24	4,4,3,6,11,9,11,6,11,14	19,7,19,12,24,44,26,19,36,34	150	75
1184	3,2,3,2,1,0,1,1,4,1	6,8,18,14,8,13,8,8,10,4	1,0,2,1,1,1,1,0,2,1	8,11,11,5,9,17,14,8,11,10	150	75
1185	2,4,1,8,5,0,3,4,1,8	212,243,262,268,244,229,237,280,226,272	2,4,2,0,10,3,3,1,4,3	254,224,234,224,289,227,270,223,253,291	150	75
1186	4,1,5,3,2,2,4,3,4,3	32,21,40,35,31,19,25,33,32,29	2,5,4,3,4,3,4,3,3,2	39,33,41,33,33,28,32,36,19,20	150	75
1187	1,7,3,8,2,0,0,5,2,1	0,0,0,0,1,0,0,0,0,0	2,1,0,0,5,0,0,2,3,2	0,0,0,0,0,0,0,0,0,0	150	75
1188	3,8,6,8,4,0,3,4,4,5	0,0,0,0,0,0,0,1,0,0	1,2,0,2,6,1,0,4,5,3	0,0,0,1,0,0,0,0,0,0	150	75
1189	2,3,3,3,4,1,3,2,6,4	6,5,8,8,7,4,5,5,8,4	0,5,0,4,3,1,0,3,2,4	6,6,4,5,6,5,4,8,6,12	150	75
1190	1,0,0,0,0,0,0,0,0,0	12,13,13,14,6,15,11,18,13,13	0,1,0,0,0,0,0,0,0,0	15,8,13,13,11,6,15,7,4,8	150	75
1191	0,0,0,0,0,0,0,0,2,0	7,10,9,10,9,4,4,8,12,5	0,0,0,0,0,0,0,0,0,0	10,6,6,9,11,16,4,8,5,10	150	75
1193	9,8,4,4,7,7,9,8,8,7	347,478,452,497,422,432,464,414,416,517	8,9,4,15,12,9,9,5,6,12	488,396,417,436,443,471,517,414,493,464	150	75
1194	0,0,0,0,0,0,0,2,0,0	0,3,2,1,0,2,0,1,0,3	0,0,0,0,0,1,0,0,0,4	1,1,3,0,0,3,2,5,2,2	150	75
1195	19,11,25,23,17,9,18,18,14,14	263,236,264,239,144,242,228,247,222,264	19,9,9,16,18,11,10,18,18,21	259,229,222,199,249,253,244,225,261,294	150	75
1196	1,2,2,3,2,1,1,0,0,1	5,14,3,7,11,1,1,6,6,9	0,0,0,0,0,0,1,0,1,0	9,4,3,7,9,5,8,9,5,3	150	75
1197	7,4,8,11,4,2,2,3,2,1	0,0,0,0,0,0,0,0,0,0	1,2,2,3,5,6,6,6,2,1	0,0,0,1,0,0,2,0,0,0	150	75
1199	2,0,1,2,0,0,0,0,0,0	5,8,9,11,5,4,5,5,5,4	0,0,1,0,1,0,0,0,2,0	7,3,9,7,10,5,4,4,6,4	150	75
1200	3,0,3,7,2,2,0,1,0,2	8,8,5,6,6,5,7,4,4,5	2,0,1,1,3,1,1,2,3,1	8,3,6,7,7,4,6,5,2,0	150	75
1201	2,3,0,2,3,2,5,1,3,1	6,4,9,10,3,5,2,7,8,3	0,1,2,2,1,1,2,0,2,4	6,3,7,7,5,7,4,8,5,12	150	75
1202	2,3,0,2,3,2,4,1,5,1	0,1,0,0,0,0,0,0,0,0	0,0,2,2,1,1,1,0,1,1	1,0,0,0,0,0,0,0,0,1	150	75
1203	0,0,0,1,0,0,3,0,0,0	9,10,7,10,7,0,8,4,1,6	1,3,0,0,0,1,2,1,0,0	11,8,5,7,12,9,9,2,4,8	150	75
1207	5,5,7,4,5,2,4,4,6,7	2,1,2,1,1,0,1,1,0,0	4,2,1,1,7,3,6,10,6,2	0,2,2,1,1,0,1,1,2,1	150	75
1208	2,0,2,0,2,0,0,1,0,2	17,17,28,18,20,7,8,18,16,5	1,0,2,0,0,0,0,0,0,0	18,23,14,19,18,18,20,11,12,10	150	75
1210	3,0,4,0,2,0,4,0,0,2	48,30,35,37,40,30,28,34,44,37	3,0,0,2,1,2,1,0,2,2	41,25,37,33,37,31,44,34,34,31	150	75
1211	5,3,4,5,3,3,4,4,1,0	93,84,94,109,85,90,60,88,75,90	4,2,1,0,3,0,3,1,1,1	84,81,96,81,92,78,106,89,82,80	150	75
1212	1,0,1,0,2,0,0,0,0,1	42,33,39,55,56,40,36,44,40,49	0,0,0,1,5,1,1,1,0,1	35,43,56,51,41,57,42,47,45,41	150	75
1213	9,8,7,8,6,12,7,9,10,9	0,0,0,0,0,0,0,3,0,0	3,7,6,6,5,12,4,6,3,14	0,0,0,0,0,1,0,0,0,0	150	75
1214	3,1,4,4,6,2,4,5,7,0	4,5,2,13,4,9,6,9,7,4	1,2,2,6,3,2,2,4,2,5	7,7,2,6,8,2,8,9,8,4	150	75
1215	2,5,2,6,6,2,6,2,5,3	6,9,16,8,10,8,10,13,6,7	2,4,2,9,5,5,7,1,2,5	11,7,4,8,15,12,5,10,12,19	150	75
1216	3,5,5,10,5,2,2,5,4,3	41,23,29,27,22,27,24,32,48,28	3,4,3,3,3,2,2,2,6,8	24,30,29,19,40,51,33,28,33,42	150	75
1217	14,5,7,14,5,4,8,8,6,5	145,130,131,149,119,153,127,137,163,165	8,4,12,3,13,7,5,2,7,10	112,137,156,113,175,171,177,138,163,172	150	75
1218	13,13,11,24,9,6,16,11,5,8	284,267,265,283,234,333,260,301,305,308	19,7,13,14,22,10,14,11,21,12	271,258,318,250,310,313,317,272,329,353	150	75
1219	16,12,15,21,7,12,11,9,13,11	0,0,0,0,0,0,0,0,0,0	13,5,13,8,17,9,9,13,16,21	0,1,0,0,0,1,0,0,0,0	150	75
1220	19,18,14,26,14,12,15,11,13,13	0,0,0,0,0,0,0,0,0,1	12,9,10,11,19,9,14,14,23,22	0,1,0,1,0,1,0,0,2,0	150	75
1221	6,14,6,12,7,7,10,9,9,10	32,27,40,36,38,32,28,34,40,32	6,6,14,6,11,11,2,6,21,9	39,32,25,26,34,30,34,33,34,49	150	75
1222	3,10,4,11,11,8,5,6,7,11	213,223,221,222,183,261,196,215,210,229	5,7,14,5,5,5,3,4,19,9	188,218,246,229,251,215,207,218,279,347	150	75
1223	2,6,8,12,8,5,9,4,4,3	40,30,43,43,42,39,38,39,39,59	7,6,5,5,5,8,5,3,12,2	44,27,36,30,39,42,42,41,50,65	150	75
1224	4,7,4,8,4,3,0,2,2,2	190,203,197,216,198,244,187,205,199,244	5,0,1,4,4,3,1,1,2,7	204,214,218,188,194,215,205,201,257,315	150	75
1225	1,0,2,3,4,4,8,5,4,3	225,235,224,245,245,300,230,238,245,307	1,4,2,1,3,0,4,1,4,3	247,270,239,236,223,230,267,224,281,357	150	75
1226	15,8,11,8,14,6,9,11,15,7	283,331,329,373,263,358,295,295,300,397	15,6,4,10,20,12,11,4,13,14	324,314,356,285,327,290,343,321,384,429	150	75
1227	2,1,0,0,2,0,2,1,0,0	0,1,3,3,1,1,4,2,3,3	0,0,0,0,1,0,1,0,1,1	2,1,1,2,2,1,4,0,0,5	148	75
1228	0,0,1,2,1,0,2,0,1,0	2,1,0,1,0,0,0,0,0,1	4,2,0,1,0,0,1,0,3,1	2,1,1,0,0,1,1,1,1,2	150	75
1229	1,0,1,1,0,1,3,1,0,3	65,107,90,72,64,75,86,66,70,65	0,0,0,1,0,2,1,0,1,1	78,65,58,66,61,70,86,84,96,86	150	75
1233	1,1,0,1,0,2,0,0,0,1	4,12,8,11,9,7,8,11,5,6	2,0,0,1,1,0,1,0,0,1	10,6,6,13,7,6,12,11,6,18	150	75
1235	0,2,0,1,4,0,1,3,0,0	11,11,10,9,13,13,9,15,17,7	0,0,0,0,0,2,0,2,1,0	13,14,19,13,19,8,18,13,9,4	150	75
1236	0,0,1,0,1,1,1,0,2,2	15,12,25,21,15,16,14,19,16,10	0,0,2,0,1,3,1,0,0,1	17,11,13,8,21,28,19,16,18,16	150	75
1237	1,0,0,2,0,0,0,2,1,2	0,0,0,2,0,0,0,0,1,0	1,0,1,0,1,0,2,0,1,1	0,0,0,1,0,0,2,1,0,0	150	75
1238	0,0,1,0,0,0,0,0,0,0	16,18,12,19,11,10,14,14,7,15	0,0,0,0,0,0,0,1,0,0	14,11,14,13,20,14,6,6,14,10	150	75
1239	25,12,7,10,14,28,11,14,26,26	28,41,30,49,36,36,29,27,27,32	21,8,15,17,16,13,17,10,17,15	32,29,29,28,35,35,37,46,41,44	150	75
1240	40,23,27,20,25,42,19,29,35,31	48,89,73,113,78,88,66,81,63,97	32,23,21,32,28,17,30,24,32,26	83,57,64,54,65,61,69,93,83,110	150	75
1242	0,2,2,1,1,1,5,2,2,0	1,0,0,1,1,1,4,0,1,1	0,0,3,0,1,2,2,0,2,1	2,2,1,0,0,3,1,1,1,2	150	75
1243	0,2,0,0,0,0,0,0,0,0	2,0,1,0,0,0,0,0,0,0	0,0,0,1,1,0,0,0,0,1	0,0,2,2,0,1,1,0,1,1	150	75
1244	0,0,0,0,0,0,1,0,0,0	6,3,1,2,4,1,3,3,2,4	0,1,0,0,0,0,0,0,0,0	6,7,6,0,1,6,0,0,3,7	150	75
1245	0,0,0,0,0,0,0,0,0,0	5,2,11,5,5,7,3,4,9,11	0,0,0,0,0,1,0,0,0,0	3,3,7,2,4,2,4,7,1,5	150	75
1247	0,0,1,1,0,0,0,0,0,0	5,7,9,10,7,5,6,8,6,8	0,0,0,0,0,0,0,0,0,0	4,6,3,7,5,6,5,4,10,1	150	75
1248	45,51,49,46,31,48,31,39,45,51	0,0,0,0,0,0,0,0,0,0	45,48,35,52,43,35,42,40,47,48	0,0,0,3,1,0,3,1,0,0	150	75
1249	2,4,3,1,0,0,0,2,2,3	18,22,21,15,22,8,20,15,18,9	2,2,0,0,2,0,0,0,1,1	25,12,10,31,27,18,37,18,6,11	150	75
1251	0,0,0,0,0,0,1,0,0,0	0,0,0,1,0,2,0,0,0,0	0,0,0,0,0,0,0,0,0,0	0,0,0,0,0,0,2,0,0,0	148	75
1252	61,70,68,56,64,71,60,63,55,50	0,0,1,1,1,0,0,1,1,0	69,62,61,65,63,55,56,51,66,64	0,1,0,0,1,0,0,0,0,0	150	75
1254	1,0,0,0,4,0,0,0,1,0	45,65,65,61,53,64,55,58,47,60	0,0,0,2,0,0,0,0,0,1	69,52,58,56,63,59,71,54,67,50	150	75
1255	1,0,0,0,3,0,0,0,1,0	0,1,0,0,0,0,0,0,0,0	0,0,0,0,0,0,0,0,0,1	0,0,0,1,0,0,0,1,0,0	150	75
1256	0,0,0,0,0,0,0,0,0,0	24,28,42,34,34,23,28,16,20,22	2,0,0,0,0,0,0,0,0,0	38,27,23,23,33,22,26,30,18,9	150	75
1257	0,3,1,4,0,1,0,1,0,0	85,87,70,80,82,60,59,70,79,58	2,0,1,1,3,0,0,1,1,2	64,77,55,57,59,80,80,81,69,73	150	75
1258	22,26,22,29,22,32,19,15,19,21	1,1,0,0,0,2,0,0,1,0	22,31,27,27,32,19,26,35,24,36	2,1,1,1,0,2,1,0,0,0	150	75
1260	0,0,1,0,0,0,0,0,2,0	33,37,38,33,26,28,24,20,25,37	1,0,0,0,0,0,1,0,0,0	23,26,26,29,39,34,17,39,44,28	150	75
1261	1,0,0,0,0,0,0,0,0,0	28,28,26,26,30,30,29,25,26,34	0,0,1,1,0,0,0,1,1,0	25,24,24,25,34,27,26,32,34,25	150	75
1264	6,5,3,1,2,6,2,3,4,2	13,17,17,27,23,21,19,18,22,34	1,0,2,0,2,2,2,1,6,2	28,24,22,14,29,25,21,20,31,13	150	75
1265	1,0,0,0,4,1,1,1,0,0	17,21,16,29,15,17,12,22,19,33	0,2,1,2,2,1,2,0,2,5	24,24,22,19,17,15,13,22,16,23	150	75
1266	5,4,5,7,4,2,5,10,3,5	1,0,1,0,0,2,1,6,0,1	2,1,3,2,1,6,0,4,7,5	0,2,2,2,0,2,1,1,1,0	150	75
1267	5,6,5,7,5,3,5,9,2,6	13,31,24,24,20,22,9,19,23,30	4,1,3,2,1,6,0,4,7,7	30,19,24,20,28,28,22,19,27,29	150	75
1268	16,37,10,33,23,27,21,18,27,41	5,8,9,10,13,8,10,8,4,6	28,12,21,23,18,25,34,24,33,27	8,9,14,9,12,8,7,8,16,5	150	75
1269	45,79,50,75,53,43,52,44,40,67	0,0,0,0,0,0,0,0,0,1	58,51,29,45,64,48,70,50,46,45	0,0,0,0,2,0,0,0,0,0	150	75
1270	2,3,2,1,3,0,0,1,1,2	49,48,67,39,42,18,41,38,17,23	1,3,1,3,1,0,0,2,2,0	56,38,38,45,56,44,49,20,21,15	150	75
1271	0,0,0,0,0,0,1,0,1,1	3,1,5,2,2,1,2,4,3,3	0,0,0,0,2,0,0,0,0,0	3,0,3,3,1,1,4,0,1,0	150	75
1272	8,4,8,10,9,5,8,5,9,4	37,33,40,35,31,29,26,26,24,26	5,3,4,3,7,5,3,5,11,12	47,39,28,17,26,30,47,24,30,30	150	75
1273	7,6,14,9,16,9,7,10,7,8	3,3,3,7,5,2,0,1,2,3	15,13,6,7,6,11,17,5,13,15	4,2,2,5,0,4,6,1,3,1	150	75
1274	4,3,4,2,5,4,4,6,1,1	40,48,52,62,36,46,45,42,57,52	4,3,1,6,6,4,9,0,6,10	56,52,70,42,63,63,42,55,57,43	150	75
1275	0,1,0,1,0,1,0,1,0,0	45,47,39,47,54,22,27,31,48,48	0,0,0,0,3,0,0,0,0,0	59,38,42,33,39,35,42,40,42,26	150	75
1276	1,0,0,0,0,0,0,0,0,0	53,59,61,48,62,42,31,55,56,84	0,0,0,0,0,0,0,0,0,0	55,44,47,58,57,44,59,62,57,53	150	75
1277	12,16,20,18,12,9,5,13,13,14	0,0,0,0,1,0,0,0,0,0	16,4,2,10,22,11,12,13,11,15	0,0,0,0,0,0,0,0,2,0	150	75
1278	8,5,8,6,3,3,5,10,6,6	5,2,2,2,1,0,3,1,2,3	8,1,5,4,8,5,1,6,2,9	2,0,1,2,0,2,3,0,1,1	150	75
1279	1,2,0,2,0,0,1,0,0,1	0,0,0,0,0,0,0,0,0,0	0,0,2,0,0,1,1,0,5,3	0,0,0,0,0,0,0,0,0,1	150	75
1280	0,2,2,0,1,0,0,2,0,0	12,7,11,9,9,5,5,1,6,7	1,2,1,0,2,1,0,0,1,0	9,5,5,5,11,6,1,5,6,5	150	75
1281	1,4,4,0,0,0,0,0,0,0	8,9,18,15,16,7,13,5,7,22	3,1,0,1,0,0,1,0,1,4	8,5,11,17,12,5,12,14,11,15	150	75
1282	0,0,0,1,0,1,0,1,0,0	1,1,0,1,0,0,0,0,0,1	1,0,0,0,1,1,0,0,0,0	0,0,0,0,0,0,0,0,0,0	150	75
1283	0,0,0,1,0,0,0,0,0,0	0,1,0,0,0,0,0,0,0,0	1,0,0,0,0,0,0,0,0,0	0,0,1,1,0,1,0,1,0,0	150	75
1285	6,9,11,13,6,4,12,9,10,6	4,11,11,14,8,5,8,3,4,6	8,3,0,5,11,7,6,5,11,12	5,8,4,5,8,4,3,1,11,8	150	75
1286	20,27,26,44,17,23,23,24,9,34	0,0,0,0,0,1,0,0,0,0	27,10,13,18,31,16,14,15,39,52	0,0,0,0,0,0,0,0,0,0	150	75
1287	7,16,12,20,11,5,8,5,11,12	130,170,144,159,138,190,145,152,148,177	9,2,11,13,21,17,12,12,22,21	203,166,170,158,179,154,171,141,205,221	150	75
1288	5,2,1,2,0,1,0,1,0,1	91,93,108,95,80,91,71,109,84,99	1,0,1,0,2,0,1,0,1,0	84,103,76,109,88,103,103,100,85,104	150	75
1290	5,3,8,4,2,1,3,3,4,9	17,17,18,18,10,19,11,14,13,20	2,6,2,4,1,4,5,0,3,6	22,14,14,16,25,13,18,14,18,10	150	75
1291	5,8,2,2,0,0,4,4,6,7	43,45,45,39,41,27,41,42,35,45	6,4,0,4,6,3,3,1,5,7	24,46,36,49,42,28,56,43,39,36	150	75
1292	4,3,4,0,0,0,0,1,0,3	1,0,0,0,0,0,0,1,0,0	0,1,3,1,3,2,1,2,1,0	0,0,0,0,0,0,0,0,0,1	79	75
1293	4,3,4,0,0,0,0,1,0,3	0,0,1,0,0,1,0,1,0,0	0,1,3,1,3,2,1,2,1,0	0,0,0,0,0,0,0,0,1,0	76	75
1294	7,12,8,12,9,2,9,6,13,4	40,54,45,47,45,35,42,32,40,42	17,9,5,1,11,4,3,4,19,10	37,25,36,31,32,42,43,35,54,33	150	75
1295	15,4,9,10,14,1,7,10,7,9	0,0,0,0,0,0,0,0,1,1	8,9,7,3,14,6,10,5,13,10	0,0,0,0,0,0,0,0,0,0	150	75
1296	11,13,6,13,16,12,6,16,6,19	0,0,0,0,0,0,0,0,0,0	13,10,7,11,18,13,9,10,17,13	0,0,0,0,0,0,1,0,0,0	150	75
1297	2,2,1,2,1,0,1,1,3,2	12,25,16,17,18,10,11,22,18,19	1,2,3,0,2,1,3,1,4,3	12,9,18,21,16,20,26,23,22,21	150	75
1298	3,4,7,7,3,4,4,0,3,6	2,1,1,1,1,0,0,0,0,2	5,1,5,5,4,5,2,1,5,7	1,0,3,0,2,0,5,0,2,1	150	75
1299	5,6,4,6,4,7,6,3,2,10	96,114,135,94,106,134,124,86,116,132	8,4,2,3,6,4,0,4,6,9	114,108,134,156,131,125,138,136,111,191	150	75
1300	2,3,0,2,1,1,1,1,0,1	65,49,63,55,59,52,77,49,65,46	2,0,1,0,2,0,1,2,1,3	50,49,67,60,53,47,70,58,64,98	150	75
1301	36,26,22,23,23,29,25,16,30,24	105,122,115,114,105,109,106,113,101,78	26,24,19,27,27,29,23,37,27,36	111,107,130,135,132,117,136,118,152,129	150	75
1302	3,3,3,2,4,3,1,2,2,1	1,1,0,2,0,0,5,2,0,2	3,4,3,2,2,3,5,5,1,6	1,0,1,1,1,1,0,1,1,0	150	75
1303	0,0,0,0,0,0,1,0,1,1	2,7,3,4,1,6,5,9,3,2	0,0,1,0,0,0,1,0,0,1	7,4,10,2,7,3,2,3,8,1	150	75
1304	0,1,0,0,0,0,0,0,0,0	0,0,0,0,0,0,0,0,0,0	0,1,1,0,1,0,0,0,1,3	0,0,0,0,0,1,0,0,0,0	150	75
1305	1,1,2,1,2,1,2,2,1,2	110,103,106,85,108,120,106,106,104,111	1,0,0,2,1,0,3,0,3,3	103,104,89,115,122,114,113,91,119,133	142	75
1306	0,1,1,0,1,3,0,1,0,3	892,962,1010,1043,913,855,805,829,924,1005	1,3,1,1,1,0,0,0,1,1	860,976,927,968,923,948,1070,929,969,859	150	75
1307	3,4,2,5,4,1,1,1,4,7	128,131,128,137,102,125,134,102,145,153	2,5,3,2,3,2,3,0,6,6	147,162,138,132,135,147,139,134,166,171	150	75
1308	2,2,1,4,6,3,6,5,0,4	114,139,143,153,135,157,122,150,129,195	3,4,5,6,2,1,5,6,3,11	173,156,154,149,163,164,172,167,182,184	147	75
1309	0,0,1,0,2,0,0,0,4,1	2,3,2,0,3,1,1,0,0,4	2,0,0,0,0,1,0,0,0,0	1,2,3,2,4,1,1,1,1,0	150	75
1310	1,0,1,0,0,0,1,1,1,0	1,8,9,8,1,5,3,3,2,5	0,0,0,0,0,1,0,1,0,0	9,5,4,2,10,5,7,2,6,3	150	75
1311	0,1,0,0,1,0,0,1,0,0	11,10,13,11,6,8,10,18,16,13	1,0,0,3,1,0,0,3,1,0	10,14,8,12,14,8,14,16,11,14	150	75
1312	0,1,0,0,0,1,1,1,0,0	2,1,3,2,3,5,2,2,4,3	1,1,1,0,0,0,0,0,1,1	5,1,4,0,4,4,6,2,1,4	150	75
1313	3,2,1,2,2,3,1,0,0,2	78,75,99,93,91,94,105,79,90,75	1,3,2,3,1,5,0,0,0,4	84,71,79,73,80,76,89,62,79,82	150	75
1314	121,97,108,97,82,91,82,103,102,78	0,2,1,0,0,0,2,2,0,1	90,69,87,97,113,90,91,76,101,80	3,2,0,2,3,1,1,1,1,6	150	75
1315	4,2,3,3,1,0,1,1,2,0	33,28,32,24,28,21,18,17,17,16	3,2,3,1,3,0,2,1,6,5	15,13,20,12,32,25,20,14,27,15	150	75
1316	0,0,0,1,0,1,0,0,0,0	19,29,35,21,45,10,31,23,25,29	0,0,0,0,1,0,0,0,0,1	27,17,15,28,20,28,40,22,22,19	150	75
1317	19,10,16,12,20,9,14,12,20,9	0,1,0,0,0,0,0,0,0,0	8,11,12,12,11,13,11,12,11,17	0,0,0,0,0,0,0,0,0,0	150	75
1319	40,45,51,39,62,29,40,43,59,43	4,1,4,2,3,1,1,3,2,2	48,41,32,39,34,45,60,37,50,39	2,2,2,4,3,2,5,2,0,0	150	75
1320	0,0,0,3,0,0,0,0,1,1	24,20,40,21,13,23,13,22,24,14	0,0,0,0,3,0,0,0,0,1	29,22,21,22,31,15,28,19,21,17	150	75
1321	214,187,228,219,114,193,223,200,255,266	0,0,0,0,0,0,0,0,0,0	235,204,246,230,252,232,224,217,306,344	1,0,0,0,0,0,0,0,0,0	150	75
1322	10,11,13,12,12,14,15,9,8,13	129,156,139,138,130,151,92,119,127,162	9,12,19,11,14,10,23,13,11,20	137,127,147,181,129,134,153,139,151,164	150	75
1325	1,1,1,0,2,1,1,0,0,0	13,9,7,14,15,7,6,8,8,14	2,1,2,1,1,1,3,1,1,2	10,11,8,13,9,7,13,13,14,14	150	75
1326	2,1,1,0,0,2,1,1,0,0	0,0,0,0,0,0,0,1,0,0	0,0,0,0,1,0,1,2,0,0	0,0,0,0,0,0,0,1,0,2	150	75
1327	0,1,2,1,1,0,0,1,0,2	41,46,41,43,31,25,35,29,41,42	0,0,0,1,0,1,0,2,4,0	43,50,39,42,41,39,29,39,46,35	145	75
1329	0,5,3,6,3,0,4,2,3,2	0,1,0,0,1,1,0,0,0,0	3,2,3,1,5,1,6,4,0,6	0,1,1,0,0,0,0,0,1,0	150	75
1330	0,0,1,2,1,1,0,1,1,1	70,86,74,97,98,85,76,85,77,94	0,1,0,0,1,0,0,0,1,1	87,94,76,81,81,76,98,73,86,99	150	75
1331	1,0,0,0,0,1,0,1,0,0	58,67,77,78,63,65,51,42,47,50	0,0,0,0,0,0,0,0,0,1	74,49,47,74,81,50,70,55,59,40	150	75
1333	14,18,10,19,15,17,6,16,8,9	0,0,0,0,0,0,1,0,0,1	14,12,6,10,7,6,6,12,21,10	0,0,0,0,0,0,0,1,0,0	150	75
1334	21,22,28,17,25,32,21,15,19,18	4,1,1,0,0,1,1,0,1,1	18,20,11,28,23,16,35,26,21,33	0,1,1,0,1,0,1,0,0,0	150	75
1335	0,0,0,1,0,2,0,0,0,0	56,66,50,54,60,59,52,38,39,48	1,1,0,0,1,0,1,0,1,0	41,39,40,50,48,31,49,42,49,31	150	75
1336	0,2,0,0,0,0,1,1,1,0	30,28,45,55,36,36,27,36,51,44	0,0,0,0,0,0,1,0,1,1	44,44,29,32,38,41,55,33,49,33	150	75
1337	3,0,2,2,1,0,2,0,3,1	19,23,17,27,13,20,24,11,10,21	0,0,0,2,2,2,2,5,2,4	24,23,12,13,26,12,21,21,29,27	150	75
1338	2,1,3,3,8,0,4,6,3,4	15,21,19,18,12,13,10,13,12,7	4,1,2,0,8,2,3,1,2,6	13,11,7,14,11,15,11,9,20,24	150	75
1339	50,57,67,65,49,49,42,55,46,55	2,0,0,0,0,1,0,0,1,1	40,43,33,52,59,46,48,39,56,73	0,0,0,0,0,2,0,1,0,0	150	75
1340	199,241,210,216,74,103,107,87,120,89	0,0,0,0,0,1,0,0,1,0	224,113,70,125,273,120,140,71,74,68	0,0,0,1,0,0,0,0,0,0	150	75
1341	292,278,289,302,239,231,220,267,268,239	5,8,4,5,5,5,4,6,7,13	321,244,220,253,336,243,312,237,258,270	5,6,6,4,8,6,6,1,9,11	150	75
1342	291,277,289,301,239,231,220,266,269,239	145,105,127,162,111,131,118,123,149,130	320,243,220,249,335,243,312,236,258,270	130,123,129,122,132,108,164,133,142,139	150	75
1343	0,0,0,0,0,0,0,0,1,1	17,22,15,18,11,24,21,25,14,25	0,0,2,0,0,1,0,0,0,0	31,16,17,21,16,19,22,17,18,15	150	75
1344	1,6,3,5,2,0,0,3,6,4	27,35,40,36,26,26,21,36,24,38	2,4,2,0,0,1,2,0,3,3	33,38,31,24,42,31,32,31,34,35	150	75
1345	11,11,5,9,4,3,7,6,13,6	15,20,16,34,21,22,19,19,17,24	10,4,3,8,8,3,7,4,10,10	18,21,24,17,25,25,27,21,22,28	150	75
1346	14,18,10,17,15,9,15,19,7,18	5,10,8,7,9,10,8,15,9,10	19,8,5,13,18,11,6,11,20,26	10,3,15,11,6,11,16,12,9,14	150	75
1347	1,2,0,0,1,0,1,0,2,1	1,0,1,0,0,0,0,0,0,0	1,0,0,0,3,0,2,1,0,1	0,0,0,0,0,0,0,0,0,0	150	75
1348	2,1,1,1,0,3,0,2,3,1	7,5,8,5,3,4,5,8,3,5	1,1,1,6,2,1,0,0,1,0	1,2,5,3,5,3,2,1,4,4	150	75
1349	2,1,1,1,0,3,0,1,3,1	3,2,3,8,7,3,5,5,3,8	0,2,1,5,2,1,1,0,1,1	6,5,5,7,7,9,5,4,2,5	150	75
1350	2,2,1,1,0,1,1,2,2,0	2,1,6,3,3,1,2,4,6,1	1,0,0,0,2,2,1,1,0,1	2,5,3,3,1,1,3,2,3,3	150	75
1351	2,1,0,1,0,0,0,1,2,2	47,64,68,75,45,61,45,40,59,72	3,1,2,3,3,1,1,0,0,2	48,54,44,52,40,37,64,52,60,63	150	75
1352	1,2,1,4,2,4,2,1,1,2	137,160,149,152,147,203,134,154,160,169	1,2,1,3,1,1,2,0,1,2	155,160,141,135,165,165,164,150,169,197	150	75
1353	0,3,3,5,1,2,1,3,2,4	0,0,1,0,0,0,0,0,0,1	3,1,4,2,4,2,3,0,1,4	1,0,0,1,0,0,1,2,1,0	150	75
1354	0,2,3,5,1,3,3,4,2,3	152,220,167,197,177,228,178,194,202,219	3,3,5,2,4,2,3,0,2,5	174,217,151,183,215,166,189,185,181,187	150	75
1355	146,192,177,187,149,168,166,152,140,186	0,0,0,0,0,0,0,0,0,0	163,148,147,168,188,170,162,178,180,164	0,0,0,0,0,0,0,0,1,0	150	75
1356	146,193,175,185,148,168,167,153,139,186	0,0,0,0,0,0,0,0,1,0	163,147,144,167,186,169,162,179,180,164	0,0,0,0,0,0,0,0,0,0	150	75
1357	5,4,7,14,4,3,7,5,7,4	0,2,1,0,0,0,0,1,0,0	7,5,5,7,8,7,3,6,7,9	0,0,1,0,0,0,0,0,0,0	150	75
1358	5,6,1,8,4,7,6,4,10,8	126,136,151,164,140,156,142,173,152,159	6,6,1,5,6,8,5,4,7,8	138,137,161,146,158,184,178,193,152,158	150	75
1359	0,0,0,1,3,4,2,1,1,1	324,397,355,374,367,228,279,251,312,334	1,1,1,0,2,0,0,1,0,1	385,283,319,326,361,342,409,297,285,216	149	75
1360	216,258,251,270,241,323,219,225,270,344	0,0,2,0,0,1,1,0,1,3	263,254,292,278,301,284,277,236,324,416	0,0,0,0,0,0,3,2,2,0	150	75
1361	0,0,1,0,0,1,0,0,0,1	1,0,0,0,2,0,2,0,0,0	0,0,0,0,0,1,0,0,0,0	0,0,0,0,0,0,1,0,0,0	150	75
1363	1,0,0,0,0,0,1,1,0,0	4,2,8,7,7,1,3,3,3,4	1,0,0,0,3,1,0,1,0,0	5,1,6,6,2,4,1,0,2,1	150	75
1366	0,0,1,0,0,0,0,0,0,0	0,1,0,0,0,0,0,1,0,0	0,0,0,0,0,0,0,0,0,0	0,0,0,0,0,1,1,0,0,0	150	75
1367	4,1,0,5,2,0,1,1,1,4	49,39,41,57,41,54,36,38,34,34	0,2,6,0,3,3,3,0,1,0	44,31,38,34,38,56,44,38,27,40	150	75
1373	1,5,2,5,1,4,1,1,3,5	69,101,63,100,76,68,64,55,67,91	3,3,1,0,2,0,2,3,3,3	86,97,75,89,93,79,77,72,92,71	150	75
1374	6,3,3,11,7,5,6,7,6,1	140,148,171,146,152,121,137,140,135,159	7,1,10,6,5,10,6,2,7,9	157,141,136,142,149,153,159,112,164,117	150	75
1375	0,0,0,0,0,0,0,0,0,0	35,40,39,55,25,38,33,47,31,35	0,0,0,1,0,0,0,0,0,0	41,44,37,46,47,36,39,51,47,35	150	75
1377	0,0,0,0,0,0,0,0,1,0	72,106,83,106,90,70,64,72,64,68	0,2,0,0,0,0,1,0,1,0	63,86,70,88,90,75,85,81,94,71	150	75
1378	11,15,12,8,7,7,9,11,15,13	122,137,108,134,122,72,108,112,122,125	18,10,9,17,13,11,17,6,7,14	106,106,114,120,133,132,133,124,103,72	150	75
1379	1,2,0,1,3,0,1,1,0,3	116,183,167,159,142,127,140,155,138,150	0,0,0,0,1,0,2,1,2,2	149,142,143,136,151,163,190,153,135,160	150	75
1380	99,114,124,150,120,104,86,123,111,130	9,22,14,20,23,11,16,17,18,10	126,108,143,136,134,112,133,132,151,139	21,16,28,10,16,15,11,18,27,23	150	75
1381	0,1,1,1,0,0,0,2,1,1	0,1,1,1,0,0,1,0,0,0	2,1,0,0,1,0,1,2,0,1	2,0,1,1,1,0,0,0,0,1	150	75
1382	0,0,0,0,0,0,0,0,1,0	3,1,2,4,6,4,1,2,2,1	0,1,0,0,0,1,0,0,0,0	4,2,4,1,0,2,2,0,0,2	150	75
1383	0,1,1,0,0,0,0,0,0,1	1,7,9,10,7,12,9,14,6,9	0,0,1,0,0,0,0,0,1,2	10,9,8,11,9,7,6,10,11,11	150	75
1384	6,2,3,4,3,4,4,5,4,3	4,2,6,9,5,4,4,11,4,3	5,6,4,0,4,6,5,6,2,4	7,2,3,4,5,5,5,8,7,7	150	75
1385	1,1,0,3,0,1,1,1,2,3	26,35,57,36,32,59,38,33,29,55	1,0,0,2,1,0,1,1,1,1	57,40,45,48,41,34,55,42,68,54	150	75
1386	5,8,2,10,3,6,5,7,9,9	2,2,1,1,1,1,0,1,0,4	4,7,6,12,3,10,11,8,6,10	2,1,1,1,4,1,3,5,1,1	150	75
1387	494,573,538,585,476,535,437,447,509,544	1,7,3,0,3,1,4,1,2,2	548,468,496,624,532,493,595,574,591,696	0,1,0,3,2,1,3,3,3,3	150	75
1388	0,0,5,1,0,0,0,0,0,4	25,30,24,17,18,25,15,13,29,9	0,0,0,0,0,0,1,1,0,1	26,16,16,24,26,17,19,16,25,24	150	75
1389	0,0,0,0,0,0,0,0,0,0	0,0,0,0,0,0,0,1,0,0	0,0,0,1,0,0,0,0,0,0	0,0,0,1,0,0,1,0,0,0	150	75
1391	10,12,20,40,12,7,23,15,13,18	263,298,256,277,218,252,208,229,267,255	16,10,12,9,21,10,9,19,32,30	258,253,217,319,281,234,248,285,286,277	150	75
1392	18,11,8,7,16,7,5,11,11,4	91,84,98,93,93,92,77,75,85,88	9,15,7,9,9,7,14,3,15,14	77,84,106,83,77,78,88,91,110,90	150	75
1393	1,6,0,2,4,3,2,1,4,7	18,22,31,32,23,30,26,26,25,28	1,1,9,2,0,2,2,3,2,5	22,24,24,32,31,19,24,20,33,24	150	75
1394	0,1,0,0,0,0,0,0,0,0	2,0,2,0,1,0,2,1,0,3	0,0,0,0,0,0,0,0,0,0	1,2,0,0,2,0,4,0,0,1	150	75
1395	2,0,1,1,1,3,2,0,0,0	0,1,1,0,1,1,0,0,1,1	1,0,0,0,0,0,1,0,0,0	0,0,1,0,0,0,1,0,0,2	150	75
1396	0,1,1,0,1,0,0,0,0,1	16,14,25,26,24,23,14,17,25,17	0,1,1,0,0,0,0,0,0,0	17,19,17,15,17,19,14,21,26,22	150	75
1397	1,1,2,2,2,0,0,1,1,3	1,3,6,1,1,5,3,2,3,3	3,3,2,0,1,0,0,0,1,1	4,2,2,5,4,6,4,3,3,5	150	75
1398	0,1,0,1,1,0,0,0,1,1	12,14,10,15,11,9,6,13,8,10	1,2,0,0,1,0,0,0,0,0	11,7,10,6,8,9,11,11,19,13	150	75
1400	0,1,1,2,1,0,1,1,2,2	455,553,526,526,507,604,439,499,469,566	1,0,0,1,3,1,1,1,1,3	532,542,448,536,510,514,554,514,643,615	150	75
1402	0,0,0,0,0,0,1,0,0,1	1,2,5,1,3,4,3,0,2,1	0,0,0,0,0,0,0,0,0,0	4,5,4,2,6,2,11,5,2,4	150	75
1404	4,4,5,5,0,4,2,1,9,2	200,187,171,179,188,215,165,198,179,236	5,2,2,0,5,2,2,3,1,2	172,165,167,164,196,187,197,213,207,246	150	75
1405	1,0,1,4,2,3,1,1,0,4	124,134,145,149,139,86,94,88,112,104	1,1,0,0,2,0,1,3,1,0	125,103,108,113,141,117,123,131,97,98	150	75
1406	0,0,0,0,1,0,0,0,0,0	125,124,127,129,134,95,95,90,127,98	0,0,0,1,3,0,0,0,0,1	108,106,112,110,112,106,121,118,90,69	150	75
1407	5,4,2,5,2,11,8,2,3,3	1,0,0,0,0,1,0,0,0,0	5,3,8,0,5,5,10,3,5,9	0,0,0,0,0,0,0,3,0,0	150	75
1410	2,0,4,1,2,2,0,2,1,2	105,149,143,156,129,159,127,152,121,164	1,2,1,0,1,2,0,7,3,3	132,142,134,167,109,128,151,152,138,153	150	75
1411	0,0,0,0,0,0,0,0,0,0	8,17,11,18,9,11,8,6,9,12	2,0,1,2,3,0,0,0,1,0	12,9,13,11,16,11,14,3,4,10	150	75
1412	0,1,0,0,0,0,1,0,0,0	11,9,5,16,5,5,15,9,5,15	0,0,0,0,0,0,0,0,1,0	11,11,12,9,20,17,15,9,6,4	150	75
1413	2,0,2,1,0,1,2,1,1,0	18,27,22,22,20,14,22,16,18,16	0,0,0,0,0,0,0,0,1,2	19,13,30,26,34,21,21,25,15,7	150	75
1414	0,1,1,2,2,1,0,2,1,4	2,0,1,5,4,0,2,0,1,0	1,0,0,1,2,1,1,3,1,1	1,1,2,0,4,0,2,4,1,1	150	75
1415	3,1,8,6,6,4,6,9,6,7	17,14,17,23,16,23,22,23,18,21	7,7,3,2,5,5,2,4,3,8	15,14,15,15,19,13,16,17,21,16	150	75
1416	12,5,0,7,0,5,6,3,4,12	0,0,0,0,0,0,0,0,0,0	6,4,3,2,8,6,4,3,5,6	0,0,2,1,1,0,0,0,0,0	150	75
1417	4,8,3,4,6,4,8,2,7,11	19,21,25,24,24,20,29,25,23,24	7,4,3,2,9,5,6,3,3,9	27,25,25,21,35,17,27,26,25,40	150	75
1420	0,0,1,0,1,0,0,0,3,2	1,0,2,1,0,0,3,0,0,0	2,0,0,0,3,0,1,0,0,0	0,1,3,1,0,0,0,1,0,0	150	75
1421	1,0,0,2,1,0,0,0,1,0	7,8,14,9,12,18,15,6,14,17	0,0,1,0,1,0,0,0,3,0	8,5,5,11,9,14,9,12,11,6	150	75
1423	3,11,1,7,8,4,4,6,6,4	39,40,33,46,26,35,30,39,35,53	5,4,1,3,6,4,4,3,5,2	37,32,33,45,41,42,51,36,37,32	150	75
1424	1,0,0,0,1,0,1,0,1,0	0,0,0,0,0,0,0,0,1,0	0,0,0,0,0,0,0,0,2,0	0,0,0,0,0,0,1,0,0,0	150	75
1426	1,0,0,0,0,1,0,0,1,0	54,94,67,82,68,55,48,62,74,79	1,0,0,0,0,0,0,0,0,0	75,70,71,62,60,74,71,64,69,54	150	75
1428	3,1,0,1,2,0,3,2,2,4	110,106,105,103,98,64,81,88,65,92	1,3,0,5,4,0,2,0,2,4	122,92,89,87,84,109,95,78,99,61	150	75
1429	5,1,0,1,1,2,3,3,0,4	31,37,20,28,19,32,27,20,28,23	2,1,1,0,0,3,0,0,1,0	16,28,14,18,19,29,27,21,17,36	150	75
1430	0,3,0,0,0,1,0,1,0,2	21,42,33,44,33,28,32,26,32,38	0,0,0,0,0,2,2,2,1,1	37,33,26,47,43,43,36,38,35,27	150	75
1431	12,24,13,14,10,12,16,19,24,11	4,14,18,7,7,9,8,10,14,15	17,15,14,14,22,17,13,16,22,27	11,9,12,8,16,15,8,11,12,8	150	75
1432	11,5,11,13,11,7,7,14,9,15	11,20,12,9,11,8,7,12,6,13	9,8,5,12,7,7,10,6,13,30	10,11,8,11,16,10,17,10,9,8	150	75
1433	3,1,2,3,0,0,3,0,2,0	17,21,17,11,12,6,4,13,11,7	2,1,0,0,2,0,2,0,0,2	11,9,5,11,12,9,12,5,5,12	150	75
1434	5,1,2,4,2,2,1,3,3,3	13,10,12,10,9,15,10,4,7,11	5,0,0,3,2,0,1,0,3,5	19,3,7,1,9,11,8,6,11,4	150	75
1436	1,2,0,0,1,1,5,1,2,1	6,2,2,3,2,3,2,4,3,1	2,2,0,0,1,0,1,1,4,2	2,2,1,2,1,0,1,1,6,3	150	75
1438	2,1,1,0,2,0,1,0,2,1	536,579,609,632,507,577,547,563,581,718	1,0,1,0,3,1,0,0,1,3	609,574,521,509,615,562,623,568,608,690	150	75
1439	1,0,1,3,0,1,1,0,1,0	5,0,0,0,0,1,0,0,1,3	0,0,0,0,0,0,0,1,1,1	2,1,1,0,2,0,3,1,1,0	150	75
1440	2,2,4,1,0,4,0,1,2,1	2,3,3,5,1,3,1,4,3,2	4,7,1,2,3,0,3,1,0,2	0,2,1,1,3,2,3,0,1,0	150	75
1441	1,1,2,1,0,0,1,0,1,1	2,4,1,5,4,1,1,5,7,5	1,1,0,2,1,0,0,0,0,0	2,6,2,4,2,2,0,5,3,8	150	75
1444	0,1,0,0,0,0,1,0,1,3	42,36,40,49,35,27,28,34,23,57	1,0,0,0,3,1,1,2,1,0	52,39,30,27,58,30,34,32,46,36	150	75
1445	1,1,1,1,0,0,0,0,0,1	0,0,0,0,0,0,0,0,0,1	1,1,1,1,3,0,3,1,0,0	0,0,0,0,0,0,0,0,0,0	150	75
1446	1,1,1,2,1,0,0,1,0,1	32,38,43,27,35,30,22,37,39,40	2,1,1,1,3,0,2,0,0,0	31,35,31,33,31,38,42,30,38,20	150	75
1448	9,14,14,14,12,19,12,12,10,15	0,1,3,1,0,4,6,1,1,2	20,14,8,15,13,11,21,16,11,12	1,2,4,1,2,6,5,0,3,0	150	75
1449	2,2,0,1,2,0,0,0,0,0	52,58,55,79,55,47,52,61,38,55	0,1,1,0,1,0,0,1,0,3	70,57,42,51,68,51,70,52,67,45	150	75
1450	1,0,6,2,1,1,3,1,2,1	40,48,45,46,48,35,52,50,34,57	1,1,1,1,3,0,2,0,4,0	63,35,49,58,53,41,47,31,56,41	150	75
1451	9,0,2,2,0,1,3,4,2,2	70,78,88,77,48,74,58,59,85,80	2,0,0,4,4,2,2,0,4,7	86,82,67,73,69,69,61,80,83,97	148	75
1452	18,22,17,15,9,20,16,18,10,16	0,0,0,0,0,1,2,0,1,2	18,15,16,12,16,16,16,16,14,18	0,0,2,0,1,0,0,0,0,0	150	75
1453	24,26,27,22,14,29,22,26,14,25	2,1,1,4,1,2,0,1,5,2	29,22,28,20,25,25,22,20,22,22	1,2,1,1,4,0,1,1,3,1	150	75
1454	7,10,7,6,7,8,4,7,5,14	80,84,77,94,83,106,76,85,89,96	12,17,4,1,10,11,10,6,11,13	90,100,86,93,92,80,93,84,106,119	150	75
1455	8,1,3,9,4,3,5,6,4,5	93,104,71,71,62,48,70,63,65,90	4,1,6,4,7,5,5,6,6,9	87,75,67,89,79,69,98,92,71,52	150	75
1456	1,0,0,3,0,1,0,1,0,1	59,59,68,45,65,56,56,64,52,74	1,2,0,1,1,1,0,0,2,1	75,62,50,69,58,71,77,58,52,58	150	75
1457	5,3,0,8,1,3,1,2,3,3	5,3,2,9,4,5,1,5,1,4	3,3,5,2,4,1,7,2,4,4	4,9,4,7,5,4,3,2,5,5	150	75
1458	0,0,0,1,0,0,1,1,0,0	67,48,58,80,47,52,39,57,54,50	0,0,0,0,0,0,1,1,1,0	62,45,55,85,70,45,63,60,59,58	150	75
1459	0,0,1,0,1,1,1,1,1,0	75,66,81,92,66,68,66,56,78,66	0,2,1,0,1,0,2,2,4,0	93,71,93,77,97,67,100,84,87,80	150	75
1460	0,0,0,4,0,1,0,0,1,1	34,38,36,38,57,42,30,38,38,37	1,0,3,1,2,1,0,2,3,1	54,36,52,31,31,37,37,41,47,55	150	75
1461	2,0,1,1,6,1,3,2,2,2	109,128,114,131,120,121,110,104,127,131	0,0,1,1,3,3,4,1,2,2	100,153,130,145,112,115,143,146,162,222	146	75
1462	0,0,0,0,0,0,0,0,2,0	106,110,126,137,100,110,120,123,105,112	0,0,0,1,0,0,0,0,0,0	124,104,121,133,128,106,113,104,137,112	150	75
1464	2,0,1,1,0,0,1,2,0,0	0,0,0,0,0,2,0,0,0,0	0,1,3,3,0,0,1,1,4,1	0,0,0,0,1,3,0,0,0,0	150	75
1465	1,0,0,1,0,0,0,1,0,0	50,33,47,48,33,19,37,46,25,34	0,0,0,0,0,0,0,1,3,1	54,34,40,28,49,42,36,30,25,18	150	75
1466	2,1,6,5,2,7,7,3,1,3	23,28,41,29,26,48,15,34,38,30	4,11,5,7,6,1,4,4,5,4	30,34,21,37,27,33,28,43,23,52	150	75
1467	2,1,0,0,0,1,3,0,1,0	7,4,10,8,4,5,2,14,4,5	4,0,1,0,0,0,0,0,2,2	9,6,6,6,10,6,5,5,7,6	150	75
1468	1,1,0,0,0,0,0,0,0,1	71,60,70,86,92,50,84,100,71,50	0,0,0,1,0,1,0,0,0,0	85,77,71,70,96,76,90,72,73,84	150	75
1469	12,10,14,11,11,12,8,8,8,9	1,5,2,6,2,0,3,1,4,1	15,13,10,9,14,16,9,8,6,16	0,1,3,0,1,1,4,1,0,0	150	75
1470	0,0,0,0,0,0,0,0,0,0	4,7,4,6,3,2,4,0,0,4	0,0,0,0,0,0,0,1,0,0	7,5,4,5,1,4,4,8,2,4	150	75
1473	4,0,2,4,3,2,1,1,1,2	6,3,6,8,4,6,2,5,3,5	5,5,1,1,5,0,2,2,6,3	13,7,7,8,2,6,5,2,0,6	150	75
1474	7,4,5,10,8,11,9,7,3,8	55,49,55,73,56,74,58,69,46,75	7,7,5,4,5,5,8,6,8,2	53,63,43,53,61,61,74,58,82,72	150	75
1475	6,6,2,9,5,3,8,3,10,6	77,70,73,102,76,115,60,101,81,108	11,4,2,5,15,5,6,4,10,8	79,78,75,79,72,80,84,59,95,80	150	75
1476	1,2,4,2,5,4,0,2,1,2	9,18,15,10,6,10,7,7,22,13	1,5,0,1,1,2,1,7,0,2	23,7,9,18,14,14,5,8,10,9	150	75
1477	179,162,192,201,159,152,177,143,142,195	3,5,6,3,2,4,3,2,3,13	179,147,189,180,217,163,152,144,203,122	5,4,3,1,4,2,3,5,3,4	150	75
1478	6,7,11,14,9,5,6,7,20,6	0,0,0,0,0,0,0,0,0,0	10,6,5,7,10,13,17,7,16,6	0,1,0,0,0,0,0,0,0,0	150	75
1479	5,8,8,13,8,5,6,7,18,5	213,228,246,257,215,246,182,201,214,255	10,6,6,6,8,12,16,7,15,7	251,249,205,238,222,206,214,188,209,275	150	75
1480	429,194,472,491,408,584,454,476,454,501	140,72,180,172,125,170,125,143,142,182	231,453,475,264,204,447,486,384,275,675	88,141,140,75,66,157,144,152,79,217	150	75
1481	1,0,0,1,0,0,0,0,0,0	75,82,73,85,103,91,97,87,101,83	0,1,0,1,2,0,0,2,0,2	85,68,75,91,95,61,95,94,126,124	150	75
1482	0,3,4,4,3,4,3,3,3,1	85,86,65,87,92,78,70,76,56,86	3,4,2,1,4,3,2,0,1,5	84,63,79,69,70,69,94,80,88,90	150	75
1484	5,8,5,7,2,5,5,3,4,4	1,0,1,4,2,0,1,0,1,3	4,1,7,7,6,5,4,3,4,5	1,0,0,1,0,1,1,0,0,0	150	75
1485	7,8,7,10,3,4,8,8,5,5	0,0,1,0,0,0,0,0,0,0	6,3,1,7,5,10,6,4,3,3	0,0,0,0,0,0,0,0,0,0	150	75
1488	26,73,45,50,44,40,42,29,37,52	2,2,4,4,1,0,5,2,1,1	24,45,36,72,56,49,52,36,31,26	3,3,1,4,4,6,4,3,0,4	150	75
1490	0,0,0,1,0,1,0,0,0,1	13,13,12,15,10,10,9,9,7,11	0,0,0,0,0,0,0,0,0,0	18,10,14,8,11,10,14,15,8,8	150	75
1491	24,23,27,33,19,30,22,32,33,20	1,2,0,0,1,0,2,1,0,0	23,25,27,23,22,20,31,21,30,48	1,0,0,1,2,1,1,2,2,1	150	75
1492	4,7,2,3,2,0,2,1,1,3	39,52,41,46,62,56,48,47,44,44	1,3,0,1,3,2,7,0,1,9	49,42,49,35,44,53,49,40,53,53	150	75
1493	5,1,3,2,0,0,1,1,2,3	46,35,43,49,35,52,29,41,40,58	2,1,1,1,6,0,2,1,1,9	50,28,58,53,41,37,59,45,56,36	150	75
1494	0,0,0,1,0,0,0,0,0,0	0,0,0,0,0,0,0,0,0,0	0,0,0,0,0,1,0,0,0,0	1,0,0,0,0,0,0,0,0,0	150	75
1495	1,0,2,0,0,0,0,0,0,0	17,27,21,25,19,14,11,28,11,20	0,0,0,0,0,1,0,0,0,0	12,23,13,19,26,17,19,12,6,17	150	75
1496	3,2,0,1,1,3,1,1,1,1	4,12,9,6,4,14,5,9,4,10	1,0,2,2,1,0,3,11,8,6	8,4,7,4,17,7,7,11,17,8	150	75
1497	0,0,3,1,0,0,0,1,3,3	2,5,4,10,6,10,3,10,3,4	0,0,3,0,1,0,1,1,0,0	4,3,3,13,1,4,9,5,6,6	150	75
1498	0,0,2,1,0,0,0,0,2,3	0,0,0,0,0,0,0,0,0,0	0,0,1,0,5,0,1,1,0,1	0,0,0,0,0,0,0,0,0,1	150	75
1499	0,0,0,0,0,2,0,1,0,0	6,5,4,8,2,9,2,4,3,3	0,0,2,1,4,2,3,0,0,1	2,6,5,10,4,4,2,1,5,6	150	75
1501	0,0,0,1,0,0,1,1,0,2	7,16,8,8,6,6,6,14,7,10	1,0,0,0,0,1,0,0,0,0	9,6,3,7,17,7,11,9,11,13	150	75
1505	0,0,0,0,0,1,0,2,0,0	13,16,32,20,12,14,12,12,12,25	0,1,0,0,3,1,0,0,0,0	19,19,13,32,19,20,11,16,15,17	150	75
1507	12,4,16,15,14,11,8,10,10,17	400,462,403,420,371,471,372,433,440,474	16,17,11,7,15,14,15,15,21,12	384,421,437,416,429,452,464,451,466,517	150	75
1509	1,1,4,0,0,1,0,1,1,1	140,163,155,169,131,159,131,159,157,179	1,0,1,0,1,2,4,0,1,1	179,159,176,136,168,169,178,159,189,149	150	75
1510	3,6,0,4,2,1,3,3,2,3	3643,3975,3993,4137,3412,3745,3472,3559,3634,4221	9,0,6,2,5,2,3,1,1,11	3704,3652,3821,3733,3872,3812,4067,3737,3876,4398	150	75
1511	4,5,3,6,4,7,4,2,6,7	1677,2145,2100,2367,1819,1748,1979,2078,1683,2217	5,5,2,6,8,8,2,5,7,8	1827,2160,2110,1698,2043,1967,1989,1994,1802,2178	150	75
1512	75,96,104,98,94,111,85,91,98,103	2,4,7,6,10,6,3,10,3,5	105,83,76,98,88,79,103,78,113,119	9,5,2,6,12,8,6,9,5,7	150	75
1513	1,1,1,3,1,2,2,4,1,1	490,647,494,450,465,755,515,499,586,544	3,2,0,1,4,2,2,0,1,9	575,478,663,452,549,467,626,597,620,833	150	75
1515	0,0,0,0,0,0,0,1,0,0	1,0,0,0,0,0,0,0,0,0	0,0,0,0,0,0,0,0,0,0	0,0,0,0,3,0,0,0,0,0	150	75
1517	0,0,0,1,2,1,0,0,0,0	0,0,0,0,0,0,0,1,0,0	0,0,0,0,1,1,1,0,1,1	0,0,0,0,0,0,0,0,0,0	150	75
1519	1,4,0,4,2,2,2,1,1,0	63,59,88,88,80,97,64,76,59,90	2,2,1,5,1,2,2,5,4,5	77,63,61,73,66,68,82,89,88,92	150	75
1520	0,3,2,2,5,5,5,1,3,5	378,361,380,411,350,453,378,412,369,444	7,2,2,3,0,1,4,7,2,4	363,418,411,409,355,364,365,373,460,561	150	75
1521	1,2,0,1,1,1,0,0,0,0	0,0,0,0,1,0,1,0,1,0	0,0,0,0,0,0,2,0,1,0	0,0,0,0,0,1,0,0,0,0	150	75
1522	0,1,2,0,0,1,1,3,1,1	0,0,1,0,2,2,0,0,0,0	4,1,1,0,1,3,1,1,1,3	0,0,0,0,0,0,0,0,0,1	150	75
1523	1,1,0,0,1,1,0,0,0,2	2,3,9,7,6,7,9,5,3,5	0,3,0,3,0,0,1,1,0,1	5,7,4,4,2,7,6,3,5,0	150	75
1524	2,2,1,6,3,2,4,0,1,3	61,69,73,59,55,65,41,58,68,54	1,0,2,3,1,1,2,1,0,2	55,55,67,41,64,54,74,56,62,57	150	75
1525	0,1,2,0,2,1,0,0,0,2	74,75,89,80,68,78,77,62,53,89	0,1,0,0,0,1,4,0,0,1	67,52,72,68,71,69,73,80,73,79	150	75
1526	8,3,6,7,6,4,3,9,8,2	49,47,59,51,55,60,44,46,59,68	3,4,4,3,8,6,3,3,6,7	65,49,47,50,60,48,58,56,40,66	150	75
1527	3,2,2,6,5,5,1,2,1,2	0,0,0,0,0,0,0,0,0,0	3,4,5,2,2,1,3,8,1,6	0,0,0,0,0,0,0,0,0,1	150	75
1528	0,0,1,0,0,0,0,0,0,1	12,10,21,23,11,10,9,12,16,8	1,0,0,0,1,0,0,0,1,0	12,19,10,16,17,19,15,9,7,10	150	75
1529	18,22,31,19,21,9,16,19,18,25	185,221,215,178,184,218,195,188,184,182	30,19,26,12,24,12,25,18,18,26	197,171,175,204,189,185,226,169,216,237	150	75
1530	2,1,0,0,0,0,0,0,1,1	1,0,1,4,1,1,2,1,2,2	1,0,0,0,1,0,1,0,0,1	1,0,1,0,0,0,0,1,1,3	150	75
1531	0,0,0,0,0,0,0,0,0,0	1,1,1,2,2,0,2,2,1,1	0,0,0,0,0,0,0,0,1,1	3,0,0,0,0,1,1,0,0,2	150	75
1532	1,0,0,0,0,0,2,1,0,1	0,0,0,0,0,0,1,0,0,0	2,1,0,0,0,0,0,0,0,0	0,0,0,0,0,0,0,1,1,0	150	75
1533	0,0,1,4,0,1,4,2,2,2	13,14,16,12,18,16,9,15,12,20	3,3,1,1,2,0,1,0,3,1	20,19,13,15,17,12,21,14,10,17	150	75
1535	0,0,2,3,1,1,2,0,2,2	22,30,25,28,28,11,25,23,33,20	1,0,0,0,2,2,0,0,0,1	41,19,29,15,37,33,24,25,13,10	150	75
1536	14,14,12,11,7,5,17,8,26,9	0,0,1,0,0,0,2,1,3,1	8,8,7,17,8,17,14,8,17,13	0,0,1,1,0,1,1,0,2,0	150	75
1537	0,0,0,0,0,0,0,0,0,0	39,37,33,37,42,30,34,44,33,48	0,0,0,0,1,0,0,0,0,0	35,33,32,35,50,41,39,46,34,37	150	75
1538	57,49,46,58,51,42,49,45,50,51	1,1,2,0,0,0,1,3,1,0	57,48,44,40,65,46,53,48,41,50	4,0,3,0,0,2,1,0,0,0	150	75
1539	1,4,0,1,2,1,0,2,1,2	18,18,25,21,11,13,20,14,15,27	1,2,4,3,2,1,1,1,1,5	21,13,11,20,29,29,21,23,24,21	150	75
1540	1,0,0,0,1,0,1,0,0,0	24,15,16,21,19,7,8,13,17,6	1,1,0,1,0,0,0,1,1,1	13,13,16,12,17,20,30,18,8,5	150	75
1541	0,0,0,0,0,0,0,0,0,0	27,38,31,23,33,27,24,29,18,18	0,0,0,1,0,0,0,0,0,0	33,21,41,32,29,26,38,22,40,21	150	75
1542	18,16,23,22,13,7,11,13,16,17	0,0,0,0,0,2,0,0,0,0	13,20,12,17,8,13,22,14,13,13	2,0,0,0,1,0,0,0,0,0	150	75
1547	0,0,2,2,2,2,1,4,1,1	98,99,96,130,80,68,89,88,99,94	0,0,0,1,3,0,1,2,6,2	91,103,83,102,67,98,96,104,104,94	150	75
1548	0,1,1,2,1,1,4,1,0,2	115,113,128,134,112,125,101,114,143,126	1,2,2,2,2,4,0,1,3,4	119,123,131,147,118,103,116,128,112,178	150	75
1549	0,0,0,0,0,1,0,0,0,0	34,21,27,23,28,24,25,23,36,29	0,0,0,0,1,1,1,0,0,0	29,47,25,37,25,29,26,41,38,29	150	75
1550	2,2,5,4,2,3,0,1,2,1	14,14,9,15,7,8,5,8,9,12	3,2,2,1,2,0,2,1,3,4	14,8,11,16,18,17,20,16,8,9	150	75
1551	0,0,0,2,0,0,0,0,0,0	9,11,4,7,5,10,8,11,11,11	0,0,0,0,0,1,0,0,0,2	13,6,13,25,19,5,4,8,8,10	150	75
1552	5,5,6,10,3,8,8,6,7,6	32,44,48,42,42,39,30,36,38,51	9,6,1,4,8,6,3,3,5,16	35,46,46,55,37,33,49,48,71,68	150	75
1553	11,7,9,5,0,9,8,7,5,6	3,2,3,5,2,4,3,3,3,5	15,5,1,4,9,6,5,6,7,12	6,1,5,2,7,1,6,3,6,5	150	75
1554	14,10,11,12,11,6,10,11,9,10	50,53,39,69,38,47,40,45,45,40	17,2,3,5,13,10,8,11,22,18	53,48,73,47,60,51,69,58,58,78	150	75
1555	1,2,0,0,2,1,0,1,1,2	26,26,21,25,22,17,19,20,16,18	1,1,0,0,3,0,1,0,1,0	25,20,16,26,39,14,32,24,14,19	150	75
1556	0,0,0,4,0,2,1,0,1,1	356,379,363,398,313,411,337,394,378,449	0,3,2,0,2,2,0,1,1,5	387,362,358,395,421,397,463,427,506,488	150	75
1557	1,3,3,8,11,3,3,6,2,4	15,35,57,39,25,42,43,42,36,53	2,5,10,3,3,4,2,1,8,2	36,44,26,41,30,36,49,34,59,52	150	75
1558	7,4,6,9,1,10,6,12,6,4	10,18,14,15,9,11,6,5,10,11	10,3,5,8,7,4,4,11,5,10	12,12,9,6,9,9,7,10,2,16	150	75
1559	1,0,0,1,0,1,3,4,1,0	11,16,15,9,17,15,24,10,11,17	2,0,0,2,2,0,1,0,1,0	30,19,19,20,19,13,14,20,20,9	150	75
1560	9,5,5,5,4,2,4,5,3,3	2,1,1,1,1,1,1,4,0,2	5,0,7,2,3,0,7,3,2,2	3,3,0,0,3,1,2,2,1,4	150	75
1561	1,0,0,1,1,0,0,0,1,0	14,11,9,19,9,4,9,7,17,16	1,0,0,0,0,0,0,0,0,0	5,7,9,14,8,7,12,6,7,10	150	75
1562	0,0,0,0,1,2,0,1,0,0	24,21,31,31,28,34,35,34,51,40	0,0,0,1,0,0,0,0,0,0	34,25,28,23,31,35,44,31,38,35	150	75
1563	4,4,11,7,7,2,5,2,3,8	5,8,10,4,7,4,7,7,9,11	11,8,2,2,6,4,4,2,9,6	12,3,4,2,8,9,2,9,5,11	150	75
1564	5,4,6,6,7,13,3,9,11,7	160,144,150,120,121,157,123,133,129,153	8,3,4,7,6,1,13,3,9,7	152,122,137,110,157,128,130,132,164,154	150	75
1565	23,19,23,16,13,20,23,9,8,14	0,0,0,0,0,0,0,0,0,0	19,13,22,14,24,15,13,11,20,33	0,0,0,0,0,0,0,0,2,1	150	75
1566	0,0,0,0,0,0,0,0,0,0	0,2,0,2,0,0,1,2,0,0	1,0,0,0,0,0,0,0,0,0	2,0,1,0,0,0,1,1,1,0	150	75
1568	44,75,47,47,42,31,27,42,31,59	0,1,0,0,0,0,0,0,0,1	48,52,57,48,47,48,43,106,90,62	0,1,1,1,1,0,1,2,3,2	150	75
1569	26,51,33,31,23,17,23,35,17,31	1,0,2,1,2,0,0,1,3,0	31,42,40,30,26,22,27,60,46,39	1,2,0,1,1,1,2,5,2,2	150	75
1570	8,11,10,4,4,2,3,12,6,0	7,11,11,9,9,13,10,12,11,18	8,6,10,9,2,4,8,14,4,7	17,21,19,21,22,16,16,30,11,12	150	75
1571	1,1,2,1,0,0,0,0,0,0	3,2,3,3,1,1,1,2,2,1	0,1,0,1,1,1,0,0,0,0	1,0,1,2,4,5,5,3,4,2	150	75
1572	0,0,0,1,0,1,2,1,1,1	84,94,102,111,83,105,81,93,88,105	1,0,1,1,2,1,1,2,0,0	95,97,99,69,79,78,101,96,110,119	150	75
1573	72,77,93,88,72,101,63,62,85,90	2,2,2,2,3,4,3,1,3,0	61,84,72,88,63,88,96,89,83,98	2,0,1,1,2,2,0,1,0,5	150	75
1574	0,0,0,0,0,0,2,1,1,0	11,5,5,9,8,3,3,6,5,4	0,1,0,2,0,1,0,0,2,0	11,5,3,2,7,7,5,4,7,5	150	75
1575	2,2,2,0,1,3,3,2,3,1	0,0,0,0,1,0,0,0,0,0	0,3,0,2,1,3,3,0,2,2	0,0,0,0,0,0,0,0,0,0	150	75
1576	1,1,1,0,0,1,4,0,3,0	4,2,3,4,5,0,4,2,3,4	0,1,0,0,1,0,0,0,1,0	5,4,6,3,3,6,4,7,4,3	150	75
1577	3,1,3,1,2,2,4,1,3,0	0,0,0,0,0,0,0,0,0,0	0,1,1,0,2,0,3,2,4,2	0,0,0,0,0,0,0,0,1,0	150	75
1579	6,3,5,0,4,5,1,4,3,6	24,45,71,36,27,45,46,25,37,56	3,4,4,0,2,4,2,1,4,3	40,47,38,30,54,41,47,33,48,39	150	75
1581	0,0,0,0,0,0,1,1,0,0	2,4,2,2,0,1,1,2,2,1	0,0,0,0,0,0,0,0,0,0	1,2,0,1,2,1,3,4,1,0	150	75
1582	0,0,2,0,0,0,1,1,0,1	0,0,0,2,1,0,1,3,2,0	1,0,0,0,0,0,1,0,1,0	5,1,1,1,2,1,2,3,2,1	150	75
1584	2,1,9,3,2,1,1,4,0,0	12,17,27,33,15,17,17,31,16,22	2,1,2,0,4,2,3,2,1,1	23,18,13,14,21,16,18,22,20,31	150	75
1585	1,1,2,3,3,1,1,1,0,3	0,0,0,0,1,0,0,0,0,0	0,1,0,0,0,0,1,0,1,3	0,0,0,0,0,0,0,0,0,0	150	75
1586	55,51,39,43,42,27,27,34,50,27	1,2,4,3,0,3,5,0,3,0	40,38,36,44,38,41,45,41,22,20	0,0,2,3,2,2,6,0,2,1	150	75
1587	0,0,0,0,0,0,0,0,3,0	47,52,49,60,29,33,37,65,42,41	2,0,1,0,0,0,0,0,1,1	57,39,54,58,45,47,51,41,53,43	150	75
1588	0,0,0,0,0,1,0,0,0,0	73,96,102,102,90,72,80,90,81,97	0,0,1,0,1,0,0,1,2,0	82,82,86,106,94,71,100,89,89,88	150	75
1589	2,0,2,1,0,1,3,2,1,5	91,93,96,112,100,78,70,89,79,91	1,0,0,0,1,1,0,2,1,2	103,89,72,88,89,96,84,68,72,77	150	75
1590	1,1,3,0,3,5,2,0,0,0	41,46,33,47,36,25,37,38,23,52	0,0,2,1,0,0,0,1,0,2	47,39,48,27,34,38,37,26,37,26	150	75
1591	69,79,104,74,66,43,49,69,63,83	0,0,0,1,4,2,0,1,3,1	91,45,60,72,72,73,79,46,73,47	3,0,0,0,1,1,0,2,3,0	150	75
1592	1,4,2,2,5,1,1,1,0,2	0,0,0,0,1,1,0,0,0,0	1,2,3,2,4,1,2,0,1,1	0,0,0,0,0,0,0,0,0,0	150	75
1593	2,2,7,8,4,7,3,7,11,4	0,0,0,0,0,0,0,0,0,0	5,6,5,8,4,7,7,5,7,12	0,1,0,1,0,1,0,0,0,0	150	75
1594	12,20,14,23,18,14,12,14,15,16	0,0,0,0,1,0,2,0,1,1	15,10,6,18,18,22,21,11,12,6	1,0,0,0,4,0,0,0,0,0	150	75
1595	0,0,3,0,1,1,0,0,0,1	0,0,0,0,1,0,0,0,0,0	0,0,0,0,1,0,1,0,0,0	0,0,0,0,0,0,0,0,0,0	150	75
1596	4,12,6,8,9,7,6,12,8,10	63,71,58,78,54,62,62,69,51,79	4,7,8,3,7,7,3,7,6,13	68,70,50,58,57,59,89,67,74,80	144	75
1597	0,0,0,0,1,0,0,0,0,0	10,7,22,25,9,13,10,14,9,18	0,0,0,0,0,0,0,0,0,0	14,25,11,18,13,14,13,17,9,10	150	75
1598	40,45,48,48,43,37,27,40,24,42	47,62,49,57,53,34,32,51,51,30	44,39,29,27,44,52,37,38,28,32	54,57,60,46,47,52,52,42,54,41	150	75
1600	1,9,7,13,8,7,6,7,9,4	23,32,43,42,42,41,30,29,39,44	7,7,11,5,10,3,6,5,10,12	36,42,39,35,39,40,42,27,20,34	150	75
1601	2,2,4,1,0,7,3,2,0,0	0,1,0,0,0,0,0,0,0,0	0,2,1,1,2,0,0,0,0,3	0,0,0,0,0,1,2,2,0,1	150	75
1602	0,0,0,0,0,0,0,0,0,0	56,63,64,69,45,55,53,55,77,47	0,1,0,0,0,0,1,0,1,1	65,59,57,75,67,55,45,75,58,99	150	75
1606	0,3,2,2,2,1,6,3,0,1	2,0,3,4,1,3,2,0,5,1	2,2,3,4,1,0,1,3,6,4	6,2,2,1,6,5,1,1,4,4	150	75
1607	1,2,0,0,0,1,3,1,1,0	0,0,0,0,0,0,0,0,0,0	1,0,1,2,1,0,1,1,3,2	0,0,1,0,0,0,0,0,0,0	150	75
1608	1,0,0,1,0,0,1,0,1,2	3,6,9,9,5,2,5,6,12,5	0,0,0,1,0,0,0,0,0,1	10,8,5,8,14,4,10,9,14,17	150	75
1609	0,0,1,1,0,0,0,3,1,0	5,1,3,2,6,2,7,6,3,1	1,1,3,1,0,0,0,0,5,2	0,6,2,2,13,2,4,4,1,4	150	75
1611	0,1,1,0,0,0,1,1,1,1	3,2,6,4,8,4,3,5,5,4	0,0,1,0,0,1,1,0,2,0	5,3,1,4,1,4,4,3,4,4	150	75
1612	19,14,29,15,17,10,7,20,13,13	0,0,0,0,1,0,0,0,0,0	21,17,16,15,22,8,13,18,13,13	0,0,0,0,0,0,0,0,0,0	150	75
1613	8,10,8,3,5,4,1,9,5,4	23,23,21,20,17,21,23,20,29,13	4,3,4,3,4,1,4,7,1,7	29,13,26,16,17,19,25,23,26,27	150	75
1614	1,0,0,1,0,0,0,0,0,0	10,14,3,5,3,4,2,15,3,10	1,0,0,1,1,0,1,0,0,0	10,10,7,13,8,6,9,10,1,12	150	75
1615	3,4,1,3,0,0,3,1,1,1	8,3,1,4,3,2,1,4,5,2	2,0,1,1,1,1,0,2,4,4	7,6,1,4,7,6,5,1,3,0	150	75
1616	1,3,3,2,3,3,1,0,4,1	4,0,4,5,3,2,1,1,3,4	1,0,0,2,2,0,1,1,3,2	2,3,3,0,3,2,1,3,6,5	150	75
1617	1,6,5,2,5,2,2,3,2,5	59,37,45,68,79,40,42,43,45,69	0,0,2,9,5,2,3,0,1,4	62,57,54,63,53,55,69,42,36,33	150	75
1618	0,0,1,1,0,2,1,2,0,0	11,7,10,16,11,15,3,11,8,11	1,0,0,0,0,1,1,0,0,3	9,9,10,10,14,14,16,2,10,6	149	75
1620	7,8,15,11,2,1,1,4,7,7	2,0,1,0,1,1,0,0,2,0	1,9,7,2,7,5,7,3,1,2	1,0,0,0,0,0,2,0,1,0	150	75
1621	1,1,1,2,1,1,0,0,0,1	117,141,163,169,139,154,152,134,134,149	0,1,0,0,1,1,0,0,0,0	152,126,122,124,151,122,144,124,156,147	150	75
1622	62,55,76,68,83,77,62,74,74,88	2,5,4,4,3,3,2,6,5,4	68,42,56,73,78,59,59,53,65,62	3,1,7,7,7,5,3,4,4,3	150	75
1623	4,2,0,2,1,0,0,4,2,4	92,72,89,107,92,90,78,85,86,110	0,1,1,2,0,0,0,0,1,3	83,86,79,78,91,89,108,96,111,99	150	75
1624	1,0,1,0,0,2,1,0,0,0	45,41,48,58,51,44,41,44,51,60	2,0,0,2,0,0,0,1,0,0	47,44,41,52,50,44,53,33,53,44	150	75
1625	0,0,0,0,0,0,0,0,0,0	4,3,5,6,3,2,2,4,3,4	0,0,1,0,0,0,0,0,0,0	9,5,6,1,12,3,8,7,4,3	150	75
1626	44,53,56,60,35,29,47,35,42,39	87,99,126,120,108,83,96,106,82,115	62,36,55,49,59,44,56,56,36,39	116,87,109,119,100,103,117,107,101,84	150	75
1627	0,1,0,1,1,0,0,0,1,0	55,48,41,44,37,55,38,42,49,44	0,0,0,1,1,0,0,1,1,1	49,40,45,62,44,49,63,54,44,63	150	75
1628	2,4,2,2,4,2,2,2,3,1	731,845,844,878,891,871,737,861,834,1052	3,4,6,2,4,0,3,0,4,9	761,852,749,767,843,871,889,863,1039,1043	150	75
1629	20,27,21,30,23,20,23,19,20,28	0,0,0,0,1,0,0,0,0,0	22,28,21,16,16,26,24,9,36,21	0,0,0,0,0,0,0,0,0,1	150	75
1630	3,5,3,6,3,3,3,0,6,1	76,78,84,72,87,64,47,75,79,71	6,2,2,6,12,1,0,1,3,3	90,87,76,61,78,99,91,62,59,43	150	75
1631	1,0,1,1,1,0,0,0,0,0	116,136,149,119,115,94,84,130,88,144	1,0,0,1,0,0,0,0,1,1	142,102,99,96,90,96,111,90,88,114	150	75
1632	0,0,0,1,0,0,0,0,0,0	1,2,2,6,5,1,2,6,7,4	0,0,0,0,0,0,0,0,0,0	5,2,4,10,2,4,3,4,8,1	150	75
1633	0,1,1,1,0,0,0,0,0,0	3,5,1,5,3,2,1,2,6,1	0,0,0,0,1,0,0,0,0,0	5,3,2,1,3,0,3,5,1,6	150	75
1634	0,0,0,0,0,0,0,0,0,0	12,5,6,4,6,3,5,4,8,2	0,0,2,0,0,0,1,0,0,0	11,3,8,10,5,13,16,7,5,3	150	75
1635	3,6,2,4,5,4,3,5,4,7	28,32,48,33,35,40,36,21,24,40	6,0,5,1,8,0,6,0,0,3	37,41,35,36,30,28,27,39,52,46	150	75
1636	19,17,22,21,20,13,21,25,18,20	28,31,41,43,30,33,30,42,42,68	23,23,9,15,30,10,17,9,34,28	49,39,45,43,28,29,29,42,50,34	150	75
1638	32,37,35,27,34,28,34,28,29,35	11,17,14,22,12,24,27,17,24,25	32,26,36,35,34,37,41,36,37,45	21,22,14,11,22,21,15,21,16,31	150	75
1639	4,1,3,1,1,0,0,2,2,0	61,65,68,90,69,72,59,59,51,97	3,3,0,3,3,1,0,0,3,4	99,72,67,70,85,69,63,66,66,67	150	75
1640	4,0,0,4,2,2,4,3,1,2	82,86,74,108,75,77,51,71,78,84	8,6,2,1,5,3,1,4,3,1	63,63,70,80,81,74,86,76,85,78	150	75
1641	0,0,0,0,0,0,0,0,0,0	21,44,21,27,23,19,18,19,30,18	0,0,2,0,0,0,0,0,0,0	22,22,20,27,21,20,23,24,14,5	150	75
1643	1,2,2,0,0,0,0,3,3,3	0,0,0,0,0,0,0,0,0,0	0,1,0,0,0,0,2,0,2,1	0,0,0,0,0,0,0,0,0,1	144	75
1644	1,2,2,0,0,0,0,4,3,3	6,4,5,5,10,10,6,4,6,6	0,1,0,0,0,0,3,0,2,1	5,8,2,6,5,12,5,9,13,5	150	75
1645	6,3,6,5,2,5,5,7,2,4	10,17,15,11,16,17,8,18,14,16	8,1,13,5,7,4,3,7,7,8	16,16,17,19,13,10,11,20,26,14	150	75
1646	1,1,1,2,0,3,0,1,1,2	18,17,21,19,15,14,30,20,13,22	0,1,1,1,2,0,0,0,0,0	27,24,18,18,22,21,24,16,14,6	150	75
1647	6,3,5,4,3,0,2,5,2,1	16,20,24,32,16,9,19,17,22,13	3,0,1,3,4,2,2,0,1,5	34,25,7,4,20,15,28,13,17,16	150	75
1648	1,1,1,0,0,1,0,0,1,0	14,12,13,17,13,5,11,14,16,14	0,0,0,0,1,0,0,0,0,1	16,15,18,17,11,14,11,13,22,15	150	75
1649	1,1,1,0,0,1,0,0,1,1	0,1,0,1,1,0,0,0,2,1	0,1,0,0,1,0,0,2,0,1	0,2,1,1,0,0,0,0,1,2	150	75
1651	0,1,1,0,0,0,0,0,1,0	9,19,7,7,5,7,9,15,18,13	1,2,1,0,1,1,2,0,1,1	8,9,9,17,8,16,6,17,12,10	150	75
1652	0,0,0,0,0,1,0,0,0,0	21,25,37,34,29,39,24,28,21,36	0,0,0,0,0,0,0,0,0,0	18,29,14,27,24,27,30,24,23,35	150	75
1653	0,2,0,0,2,0,0,1,3,1	22,18,19,27,20,20,20,24,14,24	2,1,2,1,0,0,2,2,0,1	22,14,24,26,18,18,17,18,22,29	150	75
1654	1,0,0,0,0,0,0,0,0,0	3,7,6,5,3,4,2,4,2,4	0,0,0,0,0,0,0,1,0,1	2,5,1,2,4,7,5,4,5,4	150	75
1655	2,0,1,1,0,0,1,2,1,0	27,25,32,20,31,17,23,26,24,23	1,0,1,2,0,0,0,2,2,1	36,15,26,39,39,32,36,35,24,28	150	75
1657	1,3,3,2,0,0,0,1,2,5	12,11,12,10,10,6,12,13,5,7	2,1,3,6,0,1,3,0,2,4	11,5,8,8,12,5,10,7,17,15	150	75
1658	3,0,2,6,2,1,2,2,3,0	23,22,14,27,18,39,14,28,24,25	1,1,1,1,2,2,6,1,3,6	17,25,19,18,20,27,32,25,27,21	150	75
1659	14,18,11,17,25,11,10,16,18,19	64,75,74,69,66,61,51,60,67,87	20,11,5,11,17,12,21,8,32,23	83,68,57,58,73,59,58,58,67,73	150	75
1660	25,16,11,18,11,10,15,12,12,14	33,50,32,45,42,54,44,37,30,66	11,14,7,24,16,13,16,7,21,19	53,37,31,38,37,50,42,36,28,64	150	75
1661	3,3,3,4,6,2,5,1,0,3	356,359,407,422,325,467,402,436,378,479	8,6,4,1,4,5,1,1,5,3	416,384,386,374,451,422,457,415,496,546	150	75
1662	3,4,8,2,4,4,5,1,5,9	1,0,1,0,0,0,0,0,0,2	0,8,8,7,9,5,7,4,4,10	0,0,0,0,1,0,1,2,0,0	150	75
1663	0,0,0,0,0,0,0,0,0,0	9,15,10,22,10,2,8,8,5,5	1,0,1,0,0,0,0,0,0,0	10,5,9,7,13,9,3,6,2,7	150	75
1664	0,0,0,0,0,2,0,1,3,0	0,0,0,0,0,0,0,0,1,0	1,0,0,0,0,0,0,1,0,0	0,0,0,0,0,0,0,0,0,0	150	75
1667	1,0,0,0,0,0,0,1,0,1	8,9,12,10,11,15,4,10,10,16	1,0,0,0,1,0,0,0,0,0	6,11,12,4,9,10,10,17,17,12	150	75
1668	0,0,0,1,0,0,0,0,0,0	0,1,0,1,0,0,2,0,0,1	0,0,1,1,0,0,0,3,1,0	1,0,0,0,0,0,0,0,0,0	150	75
1670	11,9,12,13,12,12,12,8,6,7	1,3,0,0,0,1,2,1,0,3	8,9,7,18,11,8,4,8,7,12	0,0,1,0,0,1,0,0,0,2	150	75
1671	2,2,0,8,1,1,2,0,3,1	7,7,8,6,16,16,18,9,14,12	2,0,1,1,1,1,1,1,3,3	10,6,10,6,6,7,13,10,10,10	150	75
1672	2,3,0,4,2,0,1,0,0,2	7,4,6,5,9,11,7,7,13,5	2,1,0,1,1,2,2,0,4,1	6,6,6,1,6,2,12,10,11,8	150	75
1673	0,2,0,0,2,0,0,1,0,0	6,3,9,10,3,6,3,4,4,12	1,0,0,0,1,0,0,0,1,1	4,6,5,2,6,2,12,5,10,10	150	75
1674	2,3,0,1,3,3,2,5,1,2	5,4,8,3,9,6,9,8,9,20	1,3,0,0,4,4,1,0,3,4	8,5,8,6,5,3,14,14,9,11	150	75
1675	1,0,1,0,0,0,0,1,0,1	110,93,89,110,111,55,66,98,82,88	1,1,0,2,3,0,1,0,3,0	90,99,99,82,102,93,101,61,82,58	150	75
1676	1,1,2,1,0,1,1,0,1,1	13,17,12,16,12,6,8,9,17,20	2,0,1,1,0,0,1,0,1,0	14,16,16,11,11,6,8,9,13,18	150	75
1677	0,0,0,0,1,2,4,0,0,0	11,6,13,16,7,16,11,17,7,10	1,0,0,0,0,1,1,0,0,0	14,17,11,12,6,6,8,12,14,16	150	75
1678	0,0,3,2,1,1,1,1,0,0	7,9,14,9,9,6,9,10,15,12	0,0,0,0,1,0,0,0,0,0	16,12,10,9,21,9,6,6,11,10	150	75
1679	0,0,0,1,0,0,1,1,0,1	26,11,15,21,17,15,9,21,24,13	0,0,0,0,0,0,0,0,0,0	13,22,15,16,16,13,17,13,19,11	150	75
1680	0,0,0,0,0,0,0,0,0,0	16,12,7,20,6,10,11,15,6,12	0,0,0,0,0,0,0,0,2,0	12,15,15,21,17,7,14,3,10,10	150	75
1681	1,2,0,0,0,0,0,0,1,0	54,67,60,63,73,50,52,55,55,58	0,0,1,0,0,0,0,0,1,0	68,58,49,68,73,65,63,59,39,49	150	75
1684	0,0,0,0,0,0,0,0,0,0	0,2,0,0,0,0,0,0,0,0	0,0,0,0,0,0,0,0,0,1	0,0,0,0,0,0,0,0,0,0	150	75
1686	1,0,0,1,0,0,0,0,0,0	6,6,2,7,6,0,3,12,3,6	0,0,0,0,0,0,0,0,0,0	3,3,2,4,2,2,7,2,5,3	150	75
1689	1,1,0,0,0,0,0,0,0,0	8,12,8,7,7,6,7,12,6,5	0,1,0,0,1,0,1,0,0,0	6,8,6,4,5,4,7,1,6,5	150	75
1692	2,4,4,4,6,3,5,3,7,0	0,0,0,0,0,0,0,0,0,0	0,5,0,1,9,4,1,5,5,3	0,0,0,0,1,1,1,0,0,0	150	75
1693	5,9,11,11,11,12,5,7,9,16	12,22,11,12,17,9,6,9,14,13	5,9,7,4,13,8,9,6,5,6	8,16,12,6,10,11,9,8,12,18	150	75
1694	99,89,90,89,83,67,72,65,112,100	1,2,2,1,3,0,0,1,2,1	86,79,85,87,88,98,108,74,73,59	1,0,0,0,1,0,1,0,0,0	150	75
1696	7,5,4,5,2,5,3,2,7,5	8,4,10,9,8,7,9,8,6,12	6,2,7,3,1,1,6,6,3,13	11,10,7,4,4,7,7,7,4,4	143	75
1697	8,4,3,6,2,10,3,5,8,1	1,0,0,1,0,1,0,0,1,0	5,1,3,3,6,3,2,0,5,10	0,1,0,0,1,0,0,0,1,0	150	75
1698	10,4,6,7,4,11,6,5,6,5	34,34,29,25,28,29,36,24,37,42	9,4,3,2,8,3,5,4,10,11	39,21,28,22,32,32,36,28,18,29	150	75
1699	0,0,1,3,1,1,1,4,1,0	74,85,62,88,79,49,56,63,50,82	1,0,0,0,4,0,0,0,2,0	80,56,70,66,90,60,94,63,97,54	150	75
1700	12,15,10,15,13,9,7,6,7,7	24,29,21,24,31,30,24,22,21,24	8,9,4,8,22,8,8,4,6,17	22,21,26,24,29,23,33,21,26,15	150	75
1701	1,3,0,0,0,2,0,0,1,1	725,764,815,813,578,770,769,795,928,963	0,1,1,1,4,0,0,0,2,2	842,720,786,762,855,823,959,811,871,1053	150	75
1702	5,2,2,3,2,5,2,6,3,5	255,248,277,271,267,319,251,285,249,344	2,2,2,2,4,3,3,1,7,5	273,264,261,283,254,246,295,226,313,346	150	75
1703	3,3,0,1,6,3,0,1,3,0	0,0,1,0,0,0,1,2,0,1	1,1,3,2,2,1,0,1,4,1	0,2,0,0,1,0,0,0,0,1	150	75
1706	3,5,7,5,2,3,3,3,0,6	19,26,20,31,29,23,30,27,21,31	6,4,0,3,3,2,2,3,6,7	27,23,18,21,22,19,27,26,29,32	150	75
1707	5,4,5,3,4,3,4,3,4,0	68,104,101,80,107,91,91,104,109,95	7,3,5,6,4,4,8,3,7,6	124,70,88,88,121,119,146,129,115,106	150	75
1708	5,4,6,3,2,0,2,3,2,0	5,2,2,4,4,1,3,5,3,3	4,5,4,3,3,4,1,5,4,1	3,6,7,3,0,5,3,3,0,11	150	75
1709	21,24,29,32,33,26,30,30,35,30	21,20,21,18,21,19,18,23,13,20	24,27,29,44,25,28,25,14,22,29	15,14,8,14,17,20,22,20,23,26	150	75
1710	3,2,1,7,5,3,5,2,1,6	30,21,33,26,25,32,33,28,23,25	4,1,0,1,2,2,3,2,3,11	30,28,15,28,34,28,28,25,21,33	150	75
1711	1,0,1,0,2,0,1,1,2,0	29,31,33,35,28,19,23,31,29,34	0,0,0,1,0,2,1,1,1,1	34,33,36,32,32,45,30,27,31,25	150	75
1712	2,0,0,0,0,1,1,0,0,1	88,79,104,87,94,51,78,91,72,71	1,0,1,1,2,2,2,1,2,0	79,102,86,107,111,90,100,94,60,67	150	75
1713	1,1,3,2,0,1,3,6,6,1	0,0,1,0,0,0,0,0,0,1	1,6,0,1,1,2,3,1,0,3	0,0,0,0,0,0,0,0,0,0	150	75
1714	1,2,1,3,0,1,0,2,0,1	10,8,11,20,12,14,11,6,9,19	0,0,0,0,1,0,0,1,1,0	14,11,12,10,14,8,10,21,16,19	150	75
1715	0,2,0,0,0,0,0,0,0,0	30,23,39,32,31,39,27,34,19,26	0,2,1,0,0,0,0,0,1,0	31,26,29,29,34,26,23,28,26,23	150	75
1716	0,0,0,0,0,0,1,0,0,0	0,1,0,1,3,2,0,1,0,0	0,0,0,0,0,0,1,0,0,1	0,0,0,0,0,0,0,0,1,2	150	75
1717	123,196,199,179,172,209,150,175,159,184	7,13,10,14,12,20,25,15,10,11	187,211,170,222,167,190,220,206,196,253	18,7,14,12,16,15,14,14,13,17	150	75
1718	1,0,1,1,0,1,1,0,0,0	18,20,19,28,16,12,18,26,22,18	0,3,0,2,2,1,3,1,0,1	20,28,20,29,17,18,8,12,25,22	150	75
1719	0,0,0,2,0,0,0,0,0,0	188,155,166,147,169,119,147,153,146,166	0,0,0,0,0,0,0,0,0,0	160,144,170,157,199,179,198,132,148,113	150	75
1720	11,3,17,25,10,9,10,13,3,10	67,64,64,82,63,71,63,72,60,76	9,12,13,12,16,14,10,9,13,26	56,82,62,70,69,56,61,41,76,73	150	75
1721	4,2,6,3,2,3,4,0,2,2	35,44,39,41,52,37,52,51,49,55	2,1,4,0,5,2,2,1,6,3	42,59,47,39,45,32,56,41,52,62	150	75
1722	0,0,0,1,0,0,0,0,0,0	117,121,121,125,95,111,72,102,93,120	0,0,0,0,0,0,0,2,0,0	112,104,105,106,96,123,137,120,101,95	150	75
1723	1,1,2,2,0,1,1,1,2,2	238,214,221,240,189,238,198,199,203,274	0,1,1,1,1,1,0,1,3,2	215,229,184,207,247,223,238,180,201,226	150	75
1724	11,21,10,15,12,12,10,12,19,7	38,47,53,47,44,36,45,40,36,63	9,21,15,9,6,10,18,27,20,19	39,47,25,29,56,54,42,50,46,35	150	75
1725	5,1,3,1,6,3,4,2,6,5	10,20,19,16,10,26,22,20,14,21	10,3,3,1,6,5,5,1,5,6	14,14,14,22,26,19,25,20,29,28	150	75
1727	0,1,2,1,3,5,4,1,6,3	16,12,15,18,15,9,19,10,15,7	5,2,3,1,3,2,4,2,2,4	21,12,16,16,23,17,17,14,11,11	150	75
1728	25,15,29,19,25,33,27,25,27,28	63,50,64,63,50,75,75,65,62,79	22,20,12,15,28,18,27,12,30,20	69,78,66,52,71,56,69,71,73,100	150	75
1729	2,4,7,3,6,8,10,4,3,5	90,61,73,53,87,100,71,77,83,104	7,5,9,9,7,14,7,5,10,6	69,85,87,77,89,67,94,73,120,104	150	75
1730	1,1,0,1,0,0,2,1,2,2	23,21,22,30,21,19,17,24,24,15	1,0,0,0,1,0,1,0,2,0	23,16,26,32,24,22,29,17,12,17	150	75
1731	2,4,0,1,3,5,1,2,1,1	9,17,6,13,10,5,13,10,9,13	1,2,1,3,2,0,2,3,0,2	12,6,6,6,10,8,16,11,5,8	150	75
1732	2,1,1,1,4,1,4,3,3,3	15,9,4,11,4,12,9,7,13,8	0,0,0,5,5,1,1,3,3,4	9,13,14,9,10,13,16,11,7,9	150	75
1733	4,2,2,4,0,2,1,7,1,2	5,6,5,4,4,6,4,6,6,10	0,1,2,5,2,1,3,1,4,0	5,6,6,5,11,2,6,1,4,9	150	75
1734	8,11,10,11,6,5,9,14,3,5	21,35,26,22,26,22,24,28,25,24	8,7,10,4,11,15,5,3,7,5	23,24,26,19,27,23,37,19,26,24	150	75
1737	1,4,3,1,1,2,0,0,1,3	24,21,21,32,30,28,15,20,16,24	3,1,0,2,0,2,3,0,0,3	32,15,23,19,26,18,25,19,18,23	150	75
1741	3,2,2,5,3,1,3,2,5,4	0,0,0,1,0,0,0,1,2,0	3,4,0,4,4,0,5,2,2,3	0,0,0,0,0,0,1,0,0,1	150	75
1742	4,4,3,4,2,1,3,3,6,3	7,5,8,6,6,3,4,2,8,5	7,2,1,2,2,1,2,0,3,3	5,3,3,5,5,1,11,7,4,7	150	75
1743	4,8,6,2,3,3,3,7,3,6	7,14,18,18,21,19,19,16,10,20	8,1,4,1,4,2,3,2,9,5	19,14,11,19,10,15,15,9,21,21	149	75
1744	6,5,6,2,10,8,3,3,3,8	0,0,0,0,0,0,0,0,0,0	7,3,4,3,6,3,3,3,10,12	1,0,0,0,0,0,0,0,0,0	150	75
1745	3,3,2,7,2,8,1,2,2,3	96,85,79,85,69,66,79,73,85,86	5,0,2,1,7,3,5,1,6,0	89,87,70,63,96,85,86,71,73,84	150	75
1751	45,60,61,58,51,34,35,32,60,56	2,4,1,1,4,0,1,1,1,0	69,59,52,70,56,55,47,45,50,24	3,3,0,1,4,4,3,2,5,2	150	75
1753	4,3,2,6,4,3,4,1,6,4	1,0,0,1,1,0,0,0,0,0	5,1,3,0,5,5,5,4,5,7	0,0,0,0,2,0,0,0,0,1	150	75
1754	5,5,2,7,5,3,4,1,6,5	236,298,305,268,285,225,230,268,254,304	6,3,2,0,7,9,8,6,5,6	264,285,249,301,304,300,298,250,269,247	150	75
1755	7,3,1,5,5,1,4,0,4,4	1,5,3,1,1,1,1,2,2,5	4,3,2,2,6,10,7,5,5,8	0,4,1,3,3,2,1,1,3,1	150	75
1756	281,278,274,263,248,189,212,238,239,237	3,0,3,8,2,2,2,4,6,1	248,237,213,253,282,290,289,224,195,204	1,4,4,5,1,4,1,1,1,2	150	75
1757	1,0,0,1,0,0,0,2,1,0	16,20,14,17,21,9,12,11,18,22	1,0,0,0,0,0,0,0,0,0	25,7,8,20,26,17,24,23,24,17	150	75
1758	0,0,0,1,0,0,0,0,0,0	1,3,2,0,3,0,0,0,1,0	0,0,0,0,0,0,0,0,0,0	1,1,1,1,2,0,2,1,0,0	150	75
1760	3,1,3,2,2,2,0,2,2,1	0,0,0,0,0,0,1,0,0,0	4,0,1,0,2,1,1,1,1,0	0,0,0,0,0,0,0,0,0,0	150	75
1761	3,2,3,2,2,2,0,2,2,1	47,36,36,45,32,35,34,31,38,37	5,1,1,0,2,2,2,1,1,0	51,45,34,37,49,30,32,33,29,43	150	75
1762	1,1,4,2,3,1,1,1,4,0	68,75,60,80,73,64,56,61,66,72	0,0,0,3,3,1,1,2,1,0	68,68,62,80,59,71,74,74,93,82	150	75
1763	2,1,0,0,1,6,1,4,1,2	10,15,16,17,16,24,20,11,11,17	1,0,0,1,3,1,8,0,4,4	14,11,8,9,17,14,18,10,14,19	150	75
1764	1,0,0,1,1,0,1,0,0,2	27,27,41,38,36,18,40,33,26,27	0,0,0,0,1,0,0,0,2,0	32,40,21,37,24,31,38,38,32,20	150	75
1768	8,15,10,14,8,6,14,12,10,8	8,15,9,13,15,10,14,11,16,14	18,5,7,13,10,15,8,9,16,8	9,14,11,8,20,16,16,5,10,7	150	75
1769	9,8,9,11,7,10,9,12,7,8	0,0,0,0,0,1,0,0,0,0	16,10,8,6,8,13,11,6,7,11	0,0,0,0,0,0,0,1,0,1	147	75
1771	6,1,6,14,5,8,2,5,3,7	2,0,0,1,1,0,0,0,0,1	6,7,6,3,7,2,5,3,11,14	0,0,0,2,0,0,0,1,0,1	150	75
1772	1,1,5,11,4,3,2,2,1,1	42,26,48,37,32,48,34,41,38,54	3,4,1,2,1,2,1,2,7,9	49,34,53,26,37,35,39,34,39,53	150	75
1773	8,4,3,1,1,2,4,6,4,1	19,29,27,34,28,32,39,40,39,36	0,10,3,4,1,1,4,4,3,1	44,33,31,36,31,32,41,29,41,31	150	75
1774	11,16,12,10,8,10,4,5,9,11	0,0,1,0,0,0,0,1,0,1	11,9,4,8,9,6,11,12,13,15	0,0,0,0,0,0,0,1,1,0	150	75
1775	0,0,0,0,0,0,0,0,1,0	2,0,0,0,0,0,0,0,0,2	1,0,0,0,1,0,0,0,1,3	0,0,0,0,0,0,0,0,0,0	150	75
1776	0,0,1,0,1,0,0,0,0,1	45,46,55,47,42,57,37,31,31,66	0,0,0,0,0,0,0,1,2,0	59,37,41,51,45,48,54,50,57,57	150	75
1777	1,0,3,2,0,2,0,4,0,3	60,66,77,96,87,44,40,61,61,73	1,2,3,0,1,1,2,4,1,0	62,60,76,71,84,61,62,68,53,51	150	75
1778	1,0,3,0,1,0,2,0,0,0	56,40,50,50,49,26,37,41,42,44	2,0,2,0,1,0,0,1,0,0	44,40,59,40,48,41,44,36,37,26	150	75
1779	4,1,5,4,3,0,4,2,10,7	42,69,56,55,69,27,43,42,47,60	2,0,4,0,3,3,3,5,3,6	55,48,61,52,55,46,58,28,32,27	141	75
1780	12,18,12,17,9,19,10,16,12,12	12,29,39,36,26,28,27,20,18,26	15,8,14,7,9,8,14,8,9,20	37,34,28,26,29,31,29,32,31,43	150	75
1781	20,29,22,30,29,17,25,25,27,27	0,2,1,1,1,0,1,2,1,3	23,25,17,16,27,27,33,20,24,15	0,0,1,0,0,1,1,2,1,0	150	75
1782	30,11,30,30,26,16,26,18,34,47	3,1,4,6,0,1,2,1,2,0	45,20,22,28,33,13,40,13,26,35	6,4,3,2,1,0,4,2,4,3	150	75
1783	28,10,32,28,22,19,28,20,32,42	2,2,2,0,2,0,0,1,0,2	39,20,20,30,30,13,35,17,24,32	0,0,3,0,0,1,2,0,0,0	150	75
1784	31,9,35,23,25,20,31,19,31,42	0,1,2,0,3,0,0,1,0,2	38,23,20,29,29,16,36,16,25,31	1,1,0,1,1,0,3,3,0,3	150	75
1785	31,9,33,22,25,20,31,19,30,41	27,29,22,27,21,30,20,19,15,32	37,23,20,30,29,16,33,16,24,30	37,30,20,31,29,30,30,37,37,23	150	75
1786	5,8,7,9,4,0,2,4,4,8	50,47,51,47,33,42,48,53,39,54	7,2,3,6,6,1,4,5,3,1	62,45,33,43,36,42,56,37,45,57	150	75
1787	1,0,3,3,1,2,1,0,1,1	44,46,36,48,43,38,39,41,55,53	3,0,2,1,1,0,0,1,1,2	50,44,41,32,60,43,60,28,55,59	142	75
1788	2,1,3,1,1,1,0,3,0,0	34,27,40,36,31,51,38,28,34,30	2,1,1,2,2,6,4,4,3,5	55,32,37,43,39,45,31,34,40,63	150	75
1789	0,0,0,0,0,0,0,0,0,0	4,3,2,5,4,2,0,2,1,3	1,0,0,0,0,0,0,0,0,1	1,4,1,0,2,4,2,6,0,4	150	75
1791	214,230,221,207,162,180,135,174,163,187	8,11,10,7,9,8,8,1,5,7	200,193,196,209,174,168,228,268,220,233	10,7,6,6,14,8,7,9,13,5	150	75
1793	5,2,4,3,4,1,2,2,2,4	32,38,39,32,28,38,30,36,24,24	1,0,2,3,3,0,2,1,7,6	38,35,32,36,42,30,31,33,33,39	150	75
1794	29,16,16,26,15,18,20,15,14,19	61,68,77,61,65,40,58,45,70,50	29,12,13,14,27,6,5,8,28,37	54,71,62,58,59,69,74,47,42,34	150	75
1796	1,0,0,0,1,0,0,1,0,0	2,3,2,7,0,5,9,6,3,1	0,0,0,0,0,0,2,0,0,0	7,0,2,3,3,2,1,12,5,6	150	75
1797	0,4,4,1,0,1,1,1,1,0	0,0,0,0,0,0,0,0,0,0	1,2,1,1,2,1,3,1,2,0	0,0,0,0,0,1,1,0,0,0	150	75
1798	0,2,1,0,0,1,1,1,0,0	5,2,2,5,5,11,3,4,4,5	0,1,0,0,1,0,0,1,0,0	3,5,5,3,8,4,5,1,1,9	150	75
1799	1,0,0,1,0,0,0,0,0,2	34,30,44,31,31,39,37,33,34,35	0,0,0,0,0,0,0,0,0,0	18,32,43,35,37,40,32,33,27,32	150	75
1800	9,6,4,10,7,5,10,1,4,7	88,101,84,87,120,104,55,107,88,113	7,5,2,4,3,4,1,3,2,3	92,86,88,117,120,85,100,114,124,99	150	75
1801	0,0,1,0,1,0,1,0,0,0	0,0,0,2,0,1,0,0,0,0	0,0,0,0,1,0,0,1,0,0	0,0,0,0,0,0,0,0,0,0	150	75
1802	11,7,9,12,6,10,14,8,11,14	40,49,46,49,39,59,44,57,49,37	19,3,7,16,11,5,8,9,15,23	49,57,40,55,47,46,45,34,46,65	150	75
1803	0,0,0,2,0,0,0,2,0,0	58,50,56,58,62,36,55,50,69,71	1,0,0,0,0,0,0,0,0,0	73,54,68,84,70,60,89,63,69,38	150	75
1804	1,3,3,7,1,2,2,0,2,3	48,54,51,48,57,49,43,54,55,42	2,0,0,3,7,2,3,2,1,2	69,42,48,38,76,45,65,41,53,47	150	75
1805	1,4,2,7,8,9,3,4,6,6	78,92,84,73,63,76,88,115,91,74	5,3,4,2,6,1,5,0,3,2	103,78,76,83,83,100,85,83,109,117	150	75
1806	9,8,9,11,12,3,13,19,14,18	4,6,0,0,3,5,0,1,1,1	9,16,12,8,10,11,18,7,7,12	2,0,0,7,3,0,0,5,2,1	108	75
1807	0,0,1,0,2,3,1,0,1,1	727,641,715,707,522,801,590,699,760,845	1,0,1,0,1,0,2,1,2,0	731,725,696,705,708,651,750,679,771,999	150	75
1808	3,3,5,2,3,4,4,1,3,2	1098,1041,1086,1111,961,1264,1045,1076,1033,1206	4,3,5,1,1,4,4,2,3,4	1074,1037,1108,1043,1110,944,1164,993,1177,1360	150	75
1809	1,2,2,1,1,0,0,2,2,3	6,6,11,5,2,5,5,4,5,5	2,1,0,0,2,4,10,0,3,5	2,2,2,5,10,4,2,6,5,5	150	75
1811	0,0,1,1,0,1,0,0,1,1	5,10,7,6,1,1,2,4,4,9	2,2,1,1,0,1,1,0,0,1	8,3,5,9,6,3,6,11,7,12	76	75
1812	3,5,1,0,2,2,0,0,1,3	18,22,19,23,18,23,14,18,26,20	3,1,0,1,2,0,1,0,2,2	17,24,25,23,24,23,37,21,24,30	150	75
1813	5,4,4,3,5,8,3,3,4,3	66,67,80,90,69,69,66,69,75,75	5,0,4,2,7,1,2,4,15,7	102,114,82,85,64,90,106,66,88,70	150	75
1814	2,2,2,1,1,1,2,3,3,0	74,81,72,87,79,72,52,61,63,96	2,1,0,1,2,1,1,2,3,1	78,69,70,49,58,77,65,56,90,70	150	75
1815	2,0,3,1,0,0,1,1,0,1	1,0,0,0,1,0,0,0,0,0	0,0,0,0,1,0,3,1,0,0	1,1,0,0,2,0,0,0,0,0	150	75
1816	2,4,4,2,1,0,2,4,4,1	9,5,10,4,7,7,13,8,9,11	0,1,0,1,1,0,2,0,2,1	12,6,11,10,11,6,9,5,6,8	150	75
1817	3,1,1,1,0,1,0,0,0,2	22,12,21,25,15,13,15,22,18,11	0,1,0,2,1,1,1,2,4,1	23,20,17,12,19,24,35,15,18,22	149	75
1818	9,4,5,8,4,3,3,1,5,4	9,16,26,30,22,16,16,35,28,21	7,3,2,0,4,2,7,3,2,5	21,24,20,17,20,19,35,22,18,17	150	75
1819	0,1,3,0,1,0,0,1,0,1	94,82,77,96,76,77,71,78,72,96	4,1,0,0,0,1,0,0,1,0	72,96,79,84,99,109,90,99,91,58	150	75
1820	6,5,6,1,3,0,1,8,5,0	64,68,74,89,74,98,74,91,84,100	5,2,0,2,2,2,3,7,3,4	65,80,65,96,73,86,84,92,91,62	150	75
1821	149,182,186,190,165,91,118,118,120,138	9,9,6,10,2,2,4,6,7,10	191,121,150,143,178,161,170,140,145,88	10,7,6,6,13,5,5,9,4,5	150	75
1822	2,4,4,1,3,1,2,4,5,5	116,136,120,110,106,68,77,87,76,66	1,3,0,2,7,4,6,1,2,1	121,85,121,107,124,91,129,91,62,73	150	75
1823	25,34,35,33,46,26,22,30,24,46	0,1,0,0,0,0,0,0,1,0	18,27,24,33,30,41,30,40,52,24	0,0,0,1,0,0,0,0,0,0	150	75
1824	5,3,2,10,12,2,4,8,7,4	35,31,35,36,36,35,37,26,35,43	4,3,8,5,4,3,5,1,6,6	39,36,31,35,46,35,31,29,42,36	150	75
1825	4,4,0,5,4,7,6,4,5,12	2,1,1,0,1,1,0,1,5,0	3,5,1,9,5,8,9,4,10,7	1,0,1,0,0,1,2,1,0,3	150	75
1826	5,3,1,2,1,3,1,0,2,2	0,1,2,2,0,1,1,4,0,3	1,2,0,2,10,0,0,2,9,2	2,0,0,0,1,0,0,7,1,0	150	75
1827	5,3,1,4,1,5,1,0,2,3	28,29,26,38,25,25,25,32,20,25	2,2,0,3,10,0,0,2,9,2	37,33,32,35,29,17,36,25,31,33	150	75
1828	7,3,2,7,2,5,5,0,2,3	36,30,23,28,26,33,30,20,35,25	2,4,1,3,10,0,2,3,9,2	28,23,30,28,33,35,29,39,21,29	150	75
1829	9,3,9,7,9,5,4,5,6,2	35,42,48,52,36,33,32,32,33,30	6,6,4,7,12,9,3,3,4,11	49,30,29,45,45,35,47,32,33,24	150	75
1830	5,7,6,12,4,5,5,2,4,3	6,5,4,5,7,5,1,3,4,6	6,3,2,2,9,2,4,4,11,8	8,8,4,4,1,2,11,3,6,5	150	75
1831	14,6,23,20,15,12,11,12,11,13	3,2,3,7,4,0,1,3,3,1	19,7,11,11,9,10,24,10,12,4	2,1,2,4,3,2,0,4,0,0	150	75
1832	17,20,23,23,25,19,18,25,20,30	0,0,0,0,0,0,0,0,0,0	28,27,16,26,16,23,20,19,27,30	1,0,0,0,0,0,0,0,0,0	150	75
1833	11,17,15,18,17,10,9,14,12,15	38,39,26,50,30,42,35,42,53,41	18,23,6,14,13,13,13,10,26,19	31,33,47,33,43,38,36,32,46,54	150	75
1834	3,0,1,1,1,2,0,1,1,3	20,25,32,31,27,32,26,49,20,32	2,0,2,2,3,0,0,1,2,8	24,21,32,30,23,26,27,30,37,44	150	75
1835	19,16,17,21,16,28,8,19,8,16	1,0,0,0,0,0,0,0,0,0	20,15,16,15,15,7,9,12,22,17	0,0,0,0,0,0,0,0,0,0	150	75
1837	19,17,16,21,15,29,8,19,8,15	0,0,0,0,1,0,0,0,0,0	22,16,17,14,14,7,9,11,22,17	0,0,1,0,1,0,0,1,2,0	150	75
1838	21,21,30,24,25,29,14,22,13,23	0,0,0,0,0,0,0,0,0,0	27,26,14,21,14,15,17,19,26,18	0,0,0,0,0,0,0,0,1,0	150	75
1839	12,14,19,11,15,12,9,14,10,13	0,0,0,0,0,0,0,1,1,0	11,16,9,12,9,10,12,11,13,10	0,0,1,0,1,0,0,0,0,0	150	75
1840	26,23,26,25,34,28,19,22,17,26	14,14,19,17,24,24,21,24,19,23	24,23,26,21,22,24,31,17,23,16	18,15,22,23,10,17,20,16,25,19	150	75
1841	0,2,3,0,2,0,0,0,0,0	80,83,104,94,53,71,69,72,92,74	2,1,1,0,2,0,0,0,0,0	93,85,74,81,113,86,94,91,71,60	150	75
1842	9,5,2,4,4,0,3,2,8,2	0,0,1,1,0,0,0,0,1,0	5,0,5,4,9,1,5,3,5,6	1,1,0,2,2,0,0,0,2,1	150	75
1843	1,2,0,1,1,0,0,0,0,0	14,15,17,9,6,14,7,8,15,11	1,0,1,1,0,0,0,0,0,1	9,6,11,12,8,7,6,5,4,4	150	75
1844	0,2,1,0,2,2,0,0,0,1	121,127,165,142,108,82,103,100,117,108	1,1,0,3,0,2,3,0,1,1	143,111,132,95,139,120,126,102,110,73	150	75
1846	96,104,117,120,102,99,96,106,101,122	74,68,71,74,75,48,53,47,82,66	99,95,96,114,116,81,138,103,88,94	64,47,46,57,70,65,81,65,53,70	150	75
1847	83,89,92,84,80,56,79,66,68,67	1,2,0,0,1,1,0,0,1,0	80,66,66,72,91,71,91,70,48,51	4,0,1,1,1,0,3,3,1,1	150	75
1848	5,3,3,4,3,1,1,1,2,1	85,71,105,85,71,92,71,81,83,69	3,3,4,2,3,8,5,0,4,2	83,72,79,72,88,84,76,90,88,79	150	75
1849	1,1,0,0,1,1,0,0,1,1	46,60,57,57,39,61,38,44,39,56	2,2,0,0,1,0,1,0,1,1	47,52,42,47,46,50,49,44,70,67	150	75
1851	3,2,4,5,1,3,2,5,8,4	50,59,74,65,70,46,46,43,45,57	11,4,4,6,5,4,6,2,5,7	67,64,57,60,79,56,60,44,52,49	150	75
1852	0,1,0,1,0,0,1,0,1,0	58,56,67,53,84,29,47,41,63,73	0,0,0,0,1,0,0,0,0,2	59,54,48,46,59,54,57,53,44,42	147	75
1854	68,106,89,71,75,95,80,89,83,77	238,250,221,306,217,275,209,216,259,293	77,89,70,86,92,85,104,76,88,81	224,258,241,251,259,228,258,261,263,258	150	75
1855	0,0,2,1,4,3,0,0,1,0	55,71,75,75,64,56,41,69,72,76	0,4,2,2,2,1,1,0,3,1	83,58,56,42,68,68,83,71,87,97	150	75
1856	0,0,0,1,1,1,1,0,0,0	63,66,72,59,67,73,48,52,66,86	0,1,2,0,0,0,0,0,1,0	49,64,53,73,68,63,54,53,80,96	150	75
1857	1,1,0,1,1,0,0,0,0,1	90,112,99,97,112,166,110,122,103,130	0,1,0,0,1,0,0,1,0,1	103,107,88,96,114,91,135,113,144,168	150	75
1858	1,1,6,4,0,4,2,1,2,2	0,0,0,1,0,0,1,0,0,0	4,1,2,0,4,1,1,1,3,3	0,2,0,0,0,0,0,0,1,2	150	75
1860	10,7,10,11,6,8,8,3,3,2	73,113,102,112,89,109,79,91,101,95	15,5,6,7,11,4,8,6,10,16	96,101,117,98,101,120,121,100,97,85	150	75
1861	0,0,0,1,0,0,1,0,0,0	25,26,26,31,27,32,27,21,25,33	1,1,0,2,0,0,0,0,0,0	26,29,26,35,50,42,33,31,30,20	150	75
1862	0,0,0,1,0,0,0,0,0,0	0,1,0,0,0,0,0,0,0,0	1,0,0,0,0,0,1,0,0,0	2,0,0,5,1,0,0,0,0,1	150	75
1864	0,0,0,0,2,0,1,0,0,0	4,6,7,4,5,2,10,10,2,4	0,0,0,0,0,0,0,0,0,0	8,4,2,3,3,3,5,10,3,2	150	75
1865	0,0,0,0,0,0,0,1,0,0	1,1,3,3,1,0,2,4,0,3	0,0,0,0,0,0,1,0,1,0	2,2,1,1,4,0,3,2,0,0	147	75
1866	0,0,0,0,0,0,0,0,0,0	0,0,0,0,0,0,1,2,0,0	0,0,1,0,0,0,0,0,0,0	0,0,0,0,0,0,1,0,0,0	150	75
1868	5,7,5,6,2,2,3,4,3,7	6,12,12,9,6,5,12,11,20,17	7,2,5,6,9,3,7,2,5,4	7,6,11,12,9,15,17,8,10,4	150	75
1869	0,0,0,3,3,2,1,0,3,0	384,465,471,450,396,477,362,432,446,448	0,3,2,0,0,0,1,1,0,1	419,460,391,499,402,434,441,467,498,555	150	75
1870	2,1,1,2,2,3,1,1,2,3	49,45,46,51,43,52,33,51,55,63	2,0,3,3,6,0,5,4,3,3	41,44,42,49,46,48,54,46,52,38	150	75
1871	9,3,1,6,5,5,9,4,9,8	136,167,143,164,135,97,133,117,115,139	5,1,5,3,11,5,6,6,9,13	134,132,107,159,170,143,146,118,114,125	150	75
1872	18,23,30,27,6,18,9,17,24,10	78,82,79,104,78,55,58,79,60,81	12,8,9,12,19,15,9,13,22,23	65,64,76,82,88,62,68,68,87,60	146	75
1873	16,15,30,20,15,15,14,30,23,15	105,87,95,108,87,76,86,87,75,110	23,10,16,9,25,18,13,13,34,32	99,99,86,79,110,87,100,80,89,82	150	75
1874	5,3,11,4,5,2,3,1,5,3	69,82,88,87,82,74,75,77,63,89	1,6,2,1,6,2,2,2,6,5	75,61,79,81,77,64,76,79,94,62	150	75
1875	1,0,1,1,1,0,0,1,0,3	34,20,23,26,15,26,20,29,25,29	0,0,1,1,0,0,0,1,2,0	26,19,17,26,25,29,29,25,39,23	150	75
1876	0,1,2,0,0,0,1,1,0,0	6,6,12,11,6,6,15,8,11,14	1,0,1,0,0,2,0,0,1,0	13,13,8,17,8,10,6,9,7,19	150	75
1877	0,0,1,2,0,0,0,1,1,0	15,12,11,6,10,5,7,10,4,7	0,0,0,0,2,0,1,1,1,0	13,12,10,6,12,7,11,5,6,8	150	75
1878	0,1,0,0,0,0,0,0,0,0	2,4,1,5,2,2,4,0,0,3	0,0,0,0,0,0,0,0,0,0	1,1,5,2,2,1,1,4,1,3	150	75
1879	0,2,2,1,0,2,0,2,1,3	131,148,144,180,178,96,152,127,123,157	1,0,2,1,2,0,2,0,2,0	131,170,142,144,164,129,168,136,114,109	150	75
1880	5,1,2,0,0,2,3,0,4,4	185,251,259,247,266,227,191,210,229,200	4,1,1,0,3,4,0,1,3,1	241,252,214,233,252,258,266,201,237,168	150	75
1881	1,3,3,3,2,3,1,3,3,1	0,0,0,1,0,0,0,0,0,1	4,1,2,2,4,2,3,0,1,3	0,0,0,0,0,0,0,0,0,0	150	75
1882	9,16,12,19,12,12,12,14,13,17	19,26,18,17,13,19,23,16,14,26	14,7,14,8,23,4,18,6,20,24	19,17,13,20,27,11,31,19,17,12	150	75
1883	0,1,0,1,0,1,0,1,0,0	5,5,9,9,8,4,1,8,7,7	0,0,0,1,1,1,2,3,0,0	10,10,10,7,6,6,12,6,8,11	144	75
1884	15,16,16,19,12,16,15,21,8,9	2,0,0,0,1,0,1,1,0,0	15,14,11,13,12,19,18,8,14,8	0,1,0,1,2,0,0,0,0,0	150	75
1885	19,15,27,22,17,17,18,18,20,13	3,1,1,1,1,0,0,0,1,1	24,17,12,15,21,17,14,10,13,7	0,0,3,0,0,0,2,2,0,1	150	75
1888	0,0,1,0,0,0,0,0,2,2	8,0,5,3,2,3,3,1,1,0	0,0,0,0,0,0,0,0,0,1	5,5,4,1,4,2,1,0,1,3	150	75
1889	0,0,1,0,0,0,1,0,0,0	0,0,0,0,0,0,0,0,0,0	1,0,0,0,0,0,0,0,0,0	0,0,0,0,0,2,0,0,0,0	150	75
1892	23,38,40,34,23,15,14,32,20,25	8,11,5,16,9,11,7,12,11,14	24,29,19,25,41,20,24,12,29,36	7,4,6,7,7,9,9,8,10,11	150	75
1893	1,2,0,3,1,0,2,3,2,3	42,38,51,47,49,34,48,47,37,55	0,0,1,1,6,1,0,0,1,1	51,40,56,54,52,63,50,60,58,58	150	75
1894	0,0,0,2,2,2,2,1,0,2	1,0,0,1,0,0,0,0,0,0	0,0,0,1,3,0,1,0,0,1	2,3,1,1,2,0,2,2,0,4	150	75
1895	0,0,1,0,0,0,0,1,1,0	40,46,31,35,45,21,30,30,30,30	0,0,2,2,2,0,0,0,0,2	41,45,48,44,48,31,54,36,30,27	150	75
1896	30,43,39,33,24,24,23,39,27,29	2,0,1,1,1,2,2,0,0,2	36,16,38,22,35,21,29,19,25,30	1,2,2,3,2,4,1,4,0,1	150	75
1897	38,27,37,54,33,37,44,33,38,56	86,144,100,108,96,92,93,113,120,136	41,29,22,34,68,20,33,27,56,53	111,114,124,128,121,137,138,148,139,132	150	75
1899	6,6,7,7,9,2,5,4,5,12	64,49,76,88,63,64,55,73,65,86	5,5,5,6,8,3,10,5,3,11	66,76,58,50,61,72,66,78,76,99	150	75
1900	3,3,4,3,3,3,3,1,5,1	90,80,116,100,88,86,93,92,86,101	0,4,1,0,2,1,2,3,0,1	110,92,94,124,115,115,119,94,98,98	150	75
1901	4,1,5,10,2,3,1,6,3,1	86,89,72,99,66,70,71,63,74,94	1,7,3,2,2,3,5,7,6,5	76,82,63,98,90,80,73,70,74,87	150	75
1904	0,0,2,0,0,1,0,0,2,2	24,38,27,33,26,31,21,26,24,46	0,0,0,0,0,0,1,0,1,0	42,22,29,32,35,28,28,27,21,18	150	75
1905	0,0,1,0,0,0,0,1,1,1	1740,1906,1950,1972,1877,1771,1519,1933,1788,1547	1,0,0,0,0,0,0,0,0,1	1698,1902,1784,2126,1792,1788,2171,1949,2006,1851	150	75
1906	2,7,3,6,5,4,4,3,5,5	3239,3840,3583,3768,3367,3458,3015,3599,3374,3136	1,3,2,1,5,2,7,5,5,7	3077,3353,3302,3991,3486,3429,4106,3710,3834,3967	150	75
1907	75,126,110,101,122,103,90,91,77,90	9,3,11,14,7,9,7,11,4,13	66,73,88,91,110,100,139,115,119,119	6,16,11,7,5,5,9,13,9,15	150	75
1909	412,431,475,508,440,527,424,492,538,617	0,0,2,0,0,0,2,0,1,1	496,488,500,516,477,544,486,462,531,666	1,1,2,0,1,0,1,2,3,1	105	75
1910	1,0,0,1,0,3,2,1,0,3	663,671,711,710,692,584,656,649,610,718	0,0,3,0,0,1,2,3,2,0	793,616,607,646,656,679,874,669,758,561	150	75
1912	16,22,18,10,18,16,21,13,25,21	7,7,4,5,5,5,6,5,3,6	13,17,17,11,15,10,13,20,16,16	2,2,8,6,6,5,10,6,9,5	150	75
1913	0,0,1,0,0,1,1,0,0,0	599,702,773,745,634,512,574,543,613,571	0,1,0,0,2,0,0,2,0,0	649,621,695,660,713,772,861,768,673,581	150	75
1915	0,0,4,4,2,4,2,1,4,4	0,0,0,0,0,0,0,1,0,2	4,1,4,2,4,3,1,2,3,3	0,1,1,0,0,1,0,0,0,1	150	75
1916	470,414,471,464,386,471,386,451,454,532	0,0,0,0,1,0,0,0,1,0	460,394,422,439,459,430,440,424,521,541	0,0,0,0,0,0,0,0,0,0	150	75
1917	0,0,0,0,0,0,0,0,0,0	2,2,2,1,0,0,0,1,0,2	0,0,1,0,0,0,0,0,0,0	4,0,0,2,0,2,2,2,3,2	150	75
1918	0,1,0,0,0,1,0,0,1,0	5,7,3,8,3,2,1,1,3,6	0,1,1,0,0,2,2,0,0,0	4,7,4,7,0,4,3,3,5,2	150	75
1921	1,2,2,3,6,0,3,1,3,1	1,0,0,1,0,0,1,1,0,3	1,6,1,2,2,1,2,4,10,1	2,3,4,3,2,4,0,1,2,2	150	75
1922	0,1,1,0,4,0,0,2,0,0	4,0,0,2,1,1,0,2,0,1	0,0,0,1,0,0,0,0,1,0	0,1,2,2,0,0,1,2,0,1	144	75
1923	0,1,0,0,0,1,0,0,0,0	1,1,2,1,0,1,3,1,1,1	0,1,0,0,0,0,0,0,0,0	0,1,0,1,2,0,0,2,0,1	147	75
1925	5,2,1,2,2,1,3,1,3,0	3,1,1,2,3,3,0,1,1,0	4,2,1,1,1,1,5,2,1,4	0,0,4,4,3,4,5,1,0,0	150	75
1929	1,0,0,0,0,0,0,0,0,1	3,0,2,1,0,4,1,0,0,0	0,0,0,0,0,0,0,1,0,0	0,0,0,2,3,0,0,0,2,2	150	75
1930	0,1,0,0,0,0,0,1,0,0	0,3,0,0,1,1,2,0,1,0	0,1,0,0,0,0,0,0,1,0	2,0,0,1,0,0,0,1,2,3	150	75
1932	1,0,1,2,0,0,0,1,0,0	0,0,3,0,0,1,0,1,0,0	0,0,1,1,0,0,1,1,2,2	0,0,0,0,0,0,0,0,0,0	150	75
1933	2,3,0,1,2,1,0,2,3,2	2,0,0,0,0,0,0,0,0,0	0,1,3,1,0,1,3,0,1,1	0,0,1,0,0,0,0,1,2,0	150	75
1934	0,0,2,0,1,1,0,0,0,0	38,40,33,42,48,40,26,58,32,38	0,2,0,1,0,0,2,2,1,1	42,42,48,35,37,48,48,38,44,30	76	75
1935	3,4,5,5,1,2,3,7,2,5	0,0,0,0,0,0,0,0,0,0	4,9,4,4,9,1,5,5,5,2	1,0,0,0,0,0,0,0,0,0	150	75
1936	7,5,4,3,5,2,4,6,2,6	29,28,30,18,32,23,18,21,22,17	4,6,5,5,8,4,3,5,2,3	28,31,41,33,33,28,20,38,22,30	150	75
1937	1,4,3,5,3,5,1,3,1,3	39,36,50,45,38,26,28,24,29,32	5,1,1,0,5,6,3,2,8,4	49,30,38,43,41,46,33,36,32,39	150	75
1938	0,0,0,3,0,3,1,1,1,1	28,43,38,35,41,28,31,33,27,38	1,2,3,2,1,0,1,1,2,1	33,24,34,22,45,35,25,26,29,30	150	75
1940	0,0,0,0,0,0,0,0,0,0	27,39,48,42,38,25,33,31,28,44	0,0,0,0,0,1,2,2,0,0	34,33,34,39,37,32,40,23,38,34	150	75
1941	51,53,55,52,47,15,25,29,33,23	15,18,24,20,12,5,8,14,10,12	50,45,40,37,58,39,63,28,26,7	20,14,15,15,11,9,17,20,12,7	150	75
1942	4,0,2,2,4,1,3,1,1,0	42,43,41,46,51,47,41,33,46,45	4,1,3,0,4,3,1,5,2,6	39,33,47,46,38,42,39,39,57,51	150	75
1943	0,0,0,2,0,0,0,0,0,0	39,46,52,39,37,26,35,46,35,61	0,0,2,0,1,0,0,0,0,1	55,45,25,49,41,34,45,56,59,44	150	75
1945	1,3,3,3,6,2,3,2,1,1	12,30,29,22,20,21,18,17,29,25	1,1,4,1,3,1,1,1,1,2	21,7,16,19,25,18,20,26,12,27	150	75
1946	1,3,1,3,4,2,1,2,1,2	0,0,0,0,0,0,0,0,0,0	2,1,4,1,3,1,1,1,2,1	0,0,1,0,0,0,0,0,0,0	150	75
1947	0,0,1,2,1,0,0,0,0,2	18,17,12,15,19,24,16,21,12,26	2,0,1,1,1,2,0,0,1,2	18,20,16,13,16,25,29,17,25,22	150	75
1948	3,3,2,2,2,1,3,0,2,0	22,25,24,24,29,21,12,15,23,22	1,0,0,0,0,1,2,1,3,0	32,24,13,24,21,24,20,20,24,24	150	75
1950	32,24,32,33,31,36,31,34,34,36	10,13,5,9,10,8,9,5,7,3	40,33,26,38,40,33,41,30,35,33	5,3,8,11,6,6,5,5,13,6	150	75
1951	6,11,6,8,12,10,6,12,8,13	0,1,0,0,1,1,1,1,0,0	9,8,8,6,8,7,6,5,10,8	0,0,0,0,1,0,1,0,1,0	150	75
1952	8,6,3,8,9,8,8,12,6,11	49,59,49,44,53,44,32,41,44,59	9,8,2,7,9,4,7,4,13,9	56,45,35,56,39,51,54,42,52,36	150	75
1958	2,1,2,1,1,4,4,1,4,4	21,25,28,28,32,24,31,27,23,29	3,2,1,1,2,1,0,1,2,2	35,31,23,34,32,24,35,24,23,30	150	75
1960	0,0,4,4,1,1,2,2,0,2	1,0,0,0,1,0,1,0,1,1	0,1,2,1,4,1,2,0,1,3	1,0,0,1,2,1,0,2,1,1	150	75
1961	1,1,2,4,1,3,2,3,0,5	284,347,341,394,310,333,266,363,368,341	2,0,0,0,2,1,4,2,3,7	401,371,422,385,392,402,414,354,411,366	150	75
1962	2,3,2,1,0,0,3,3,2,2	394,446,398,465,373,485,409,404,423,430	4,0,0,2,3,1,1,3,2,4	453,442,460,453,432,472,517,453,446,495	150	75
1963	27,25,39,30,27,36,32,40,38,33	4,6,3,6,4,2,3,8,3,4	37,30,35,34,18,27,39,25,36,46	5,2,9,4,7,2,1,5,2,10	150	75
1964	2,1,2,0,1,2,0,2,3,2	53,50,62,41,48,46,37,41,37,48	3,2,1,0,1,3,1,2,1,1	40,42,42,53,53,51,63,44,47,49	150	75
1965	0,0,2,3,0,2,1,1,4,2	0,0,0,0,0,0,0,1,0,1	0,3,0,2,0,1,2,1,0,0	0,0,0,0,0,0,0,0,0,0	150	75
1966	5,1,8,1,2,1,5,3,3,2	57,59,51,58,59,32,47,53,62,72	1,1,4,0,4,0,1,1,4,0	72,43,50,56,54,57,56,58,67,39	150	75
1967	1,0,0,0,0,0,0,0,0,0	3,11,7,11,4,9,6,7,12,10	0,0,0,0,1,0,0,0,0,0	4,5,0,3,9,6,1,9,2,13	150	75
1968	0,1,3,2,2,0,2,0,0,0	0,0,1,0,0,0,1,0,1,1	1,1,0,2,1,0,1,0,0,2	0,0,0,0,0,0,0,0,0,0	150	75
1969	0,3,0,2,1,0,3,2,0,1	14,9,11,7,6,4,7,9,7,9	1,0,2,0,1,1,0,0,1,0	5,9,6,5,12,8,5,8,4,5	150	75
1970	5,0,1,1,2,1,2,2,1,4	11,5,2,12,10,5,8,6,6,5	1,1,2,1,2,1,1,0,1,5	9,2,10,9,9,7,4,14,5,7	150	75
1971	1,0,0,7,1,1,2,3,3,5	256,232,242,252,251,254,218,241,215,267	8,0,1,3,0,3,5,2,0,2	268,243,222,255,222,263,272,248,258,247	150	75
1972	0,0,0,1,0,0,0,0,0,0	0,0,0,0,0,0,1,0,0,0	1,0,0,0,0,0,0,0,0,1	0,0,0,0,0,0,0,0,0,0	150	75
1973	0,2,1,2,5,1,0,1,4,1	172,223,240,215,172,243,210,219,201,279	1,0,0,0,0,0,4,1,1,1	223,191,217,237,207,204,248,220,255,290	150	75
1974	1,0,0,0,1,0,1,0,0,1	4,1,3,3,5,2,4,1,1,7	0,1,0,0,0,1,0,0,0,0	0,3,2,8,2,2,1,1,2,0	150	75
1975	0,0,0,2,0,0,2,2,2,0	11,9,5,4,4,5,1,0,9,6	1,0,1,0,0,1,2,2,0,0	11,6,7,6,6,7,5,4,4,4	150	75
1977	4,2,0,0,1,2,1,0,0,0	2,4,11,4,3,1,1,1,3,2	1,2,1,0,3,1,1,2,3,0	10,2,2,5,10,11,6,4,3,1	150	75
1978	3,1,2,6,4,3,2,3,5,7	34,32,44,39,34,26,21,21,24,35	0,0,1,0,9,6,3,4,3,5	25,36,36,30,35,34,25,31,22,14	150	75
1979	1,1,1,1,0,1,1,0,1,1	84,92,81,92,105,90,72,99,105,118	1,0,0,0,1,2,0,1,2,0	70,107,78,86,101,87,105,106,79,112	147	75
1980	6,0,2,2,1,1,1,3,3,4	24,19,26,30,23,20,20,21,19,28	0,0,3,0,2,1,2,1,6,3	12,16,15,24,14,23,25,16,25,25	150	75
1981	22,18,20,13,12,16,13,12,15,18	12,21,20,26,13,17,18,18,22,22	21,11,10,12,19,5,16,10,15,24	20,18,28,15,15,14,12,13,27,20	150	75
1982	0,0,0,2,3,0,2,0,2,2	23,15,21,27,22,23,13,16,20,11	2,1,0,0,1,0,0,1,1,2	23,12,14,20,15,16,14,17,29,24	148	75
1983	9,7,7,18,12,7,2,8,6,7	12,22,24,27,18,23,7,12,17,13	14,10,9,4,6,5,5,6,8,13	21,29,27,14,10,17,24,17,18,26	150	75
1984	75,90,77,70,61,80,55,77,88,97	1,2,2,6,0,2,5,3,2,3	86,93,83,91,81,69,89,66,88,108	3,1,0,1,2,0,3,1,4,1	150	75
1985	1,0,1,0,0,0,0,0,0,0	4,2,2,4,2,1,4,3,0,3	0,0,1,1,0,0,0,0,0,0	1,0,3,2,5,0,3,3,4,6	150	75
1986	2,3,1,0,0,0,0,3,1,0	385,385,390,403,364,465,404,458,459,464	1,1,0,1,1,1,0,0,2,2	428,355,377,401,476,437,527,467,541,508	150	75
1987	0,2,0,0,0,0,0,0,2,1	44,55,43,51,28,41,44,43,65,61	2,0,0,0,5,0,0,0,0,0	42,51,33,38,61,50,50,50,63,41	150	75
1988	2,0,4,2,3,9,4,3,1,2	67,53,52,59,50,75,51,46,60,74	3,1,1,1,1,2,2,2,4,5	62,54,50,51,67,67,71,70,86,74	150	75
1990	1,1,3,1,0,1,2,0,0,1	156,156,142,141,122,172,137,223,198,178	0,1,1,1,0,0,0,1,1,0	196,159,150,163,175,186,197,220,185,198	150	75
1992	22,22,38,42,18,27,15,37,20,21	0,0,0,0,0,0,0,0,0,0	28,23,16,26,28,16,23,26,31,27	0,0,0,0,0,0,0,0,0,1	150	75
1994	2,1,5,0,2,0,1,0,2,0	0,5,0,2,2,0,1,1,0,0	0,3,0,2,2,0,0,0,0,0	1,2,1,1,1,1,0,2,1,0	150	75
1997	1,0,1,5,2,1,1,0,2,1	56,31,51,38,35,44,32,38,27,51	0,4,0,2,3,2,2,1,0,0	40,34,33,35,52,37,51,37,39,43	150	75
1998	3,2,1,3,1,1,2,9,4,2	35,64,67,71,56,72,50,64,70,72	1,1,1,2,3,3,3,2,2,1	76,53,37,42,49,47,61,52,65,47	149	75
1999	1,2,2,1,2,1,3,3,1,1	59,48,51,67,55,56,62,67,59,56	2,4,1,1,0,0,2,2,4,3	62,63,64,54,61,80,77,69,78,81	150	75
2004	4,4,2,2,1,1,2,4,2,6	42,50,44,53,48,37,44,41,54,39	1,5,3,2,5,3,0,4,1,3	44,38,45,56,62,41,59,45,51,32	150	75
2005	1,3,2,1,0,0,3,2,2,1	0,1,1,0,0,0,0,0,1,1	0,0,1,0,2,2,2,1,2,1	1,0,0,0,0,0,0,1,0,0	150	75
2006	6,8,5,2,10,5,3,4,5,4	0,0,0,0,0,0,0,0,0,0	4,2,4,1,7,8,4,6,5,6	0,1,1,0,0,0,0,0,1,1	147	75
2007	1,4,4,4,1,0,2,1,1,1	18,18,39,37,32,28,22,17,36,21	7,0,1,1,7,4,3,1,4,3	27,24,17,13,41,28,19,23,19,17	150	75
2008	0,0,0,2,1,1,0,3,0,0	1,0,0,1,0,0,0,0,0,1	3,1,1,2,3,2,1,0,2,0	0,0,0,0,0,0,0,1,0,0	150	75
2009	1,1,1,0,1,1,2,0,0,0	21,25,20,20,25,17,16,16,23,19	3,0,1,0,2,2,4,1,3,0	16,18,19,19,24,14,17,22,16,23	150	75
2012	1,0,0,0,0,0,0,0,0,1	48,50,48,62,59,46,50,40,50,29	0,0,0,0,2,0,2,1,1,0	55,52,37,51,48,36,38,41,39,43	150	75
2014	0,0,1,0,0,0,1,0,0,0	0,0,1,0,0,0,0,0,0,0	0,0,0,0,0,0,0,0,0,0	0,0,0,0,1,0,0,0,0,2	150	75
2016	3,4,0,7,2,4,0,5,2,1	3,2,1,2,4,1,4,2,6,1	7,1,0,4,4,1,3,0,2,2	2,3,0,0,1,3,4,2,5,3	150	75
2017	1,1,1,0,0,0,0,1,0,0	9,3,6,1,3,5,1,2,3,2	0,1,0,1,1,1,0,0,2,2	1,1,1,2,1,2,1,0,4,4	150	75
2020	2,5,12,8,5,6,8,4,2,6	6,9,4,4,7,5,3,2,2,4	9,3,7,5,7,5,10,5,7,6	4,5,10,4,3,5,3,6,3,7	150	75
2021	8,12,12,18,12,13,9,14,7,17	0,5,2,0,3,0,0,0,2,1	23,5,14,8,27,11,17,11,23,19	0,0,4,1,4,1,1,2,0,0	150	75
2022	4,2,2,5,0,4,4,3,1,5	11,7,13,10,11,6,11,8,10,14	3,4,4,4,7,3,3,1,2,0	8,9,11,6,15,14,13,17,21,13	150	75
2023	1,1,4,5,5,2,3,5,7,7	3,5,2,1,0,1,1,1,2,0	6,6,3,2,7,3,6,8,5,8	1,2,2,5,1,2,3,0,4,2	150	75
2024	3,5,0,1,3,4,4,2,2,3	234,267,317,296,296,293,279,239,245,343	4,0,1,2,2,1,2,0,5,8	277,291,286,266,287,296,298,286,316,308	150	75
2025	0,0,2,1,0,0,0,0,0,1	23,24,29,16,26,31,7,15,18,18	1,0,0,0,0,1,0,0,0,0	26,16,27,21,18,21,12,22,17,29	150	75
2026	0,0,0,2,0,0,0,1,0,0	2,4,3,3,0,3,2,2,2,0	0,0,0,0,0,0,0,0,0,0	1,0,1,4,0,3,1,2,1,0	150	75
2027	0,0,0,0,0,0,0,1,3,0	4,3,3,2,0,2,4,5,1,0	0,0,0,0,0,2,1,0,1,2	1,4,1,0,4,4,0,2,3,1	150	75
2028	4,2,5,5,3,4,4,2,7,3	152,165,173,175,159,166,162,179,120,174	7,3,5,3,5,2,3,2,4,4	162,170,125,158,167,188,166,144,185,164	147	75
2030	0,1,1,0,0,0,0,0,0,0	1,0,1,4,0,2,1,1,0,0	0,0,0,0,0,0,0,0,0,0	5,4,2,1,1,2,0,4,1,0	150	75
2031	1,2,4,0,1,0,1,1,2,2	52,58,63,45,35,48,36,49,39,67	2,1,2,0,0,1,1,1,2,3	70,37,50,37,61,63,53,62,79,52	150	75
2034	1,0,0,1,1,0,0,0,1,3	0,0,0,0,0,0,0,0,0,0	4,5,0,5,1,2,3,0,2,2	1,0,0,0,0,0,0,0,0,0	150	75
2038	2,0,1,2,5,1,0,3,3,2	31,35,46,49,43,38,40,27,37,57	2,0,1,1,2,3,0,1,3,6	27,45,41,50,48,39,34,39,42,44	150	75
2039	51,65,56,61,41,68,49,47,47,50	16,12,14,14,11,8,10,12,6,11	73,42,40,47,58,57,39,42,65,37	13,11,18,13,9,12,26,19,12,15	150	75
2041	1,0,1,0,0,0,0,0,0,0	0,0,0,0,0,1,0,0,0,0	1,0,0,0,0,0,1,0,0,0	0,0,0,0,0,0,0,0,0,0	150	75
2043	0,3,7,4,5,2,2,6,3,3	3,4,4,3,1,6,5,3,12,9	5,4,2,1,6,2,2,0,2,3	2,5,4,1,4,1,3,3,4,4	150	75
2044	0,0,0,0,0,0,0,0,0,0	0,1,0,2,1,1,1,3,2,1	0,0,0,0,0,1,0,0,0,1	0,1,3,1,1,0,0,0,2,0	150	75
2045	0,2,0,0,1,0,1,0,0,3	18,17,24,21,26,16,15,16,15,13	1,0,0,0,2,0,0,1,1,0	29,24,12,23,26,17,14,11,12,6	150	75
2048	42,35,40,39,35,44,29,48,30,40	0,0,2,5,2,2,2,3,1,2	49,35,33,47,33,58,45,38,43,37	1,3,6,2,1,2,5,4,1,1	150	75
2049	1,0,0,0,0,0,0,0,0,0	0,0,0,0,1,0,0,1,0,0	0,0,0,0,0,0,0,0,1,0	0,0,0,2,1,0,0,0,1,0	150	75
2051	8,9,17,8,6,5,12,9,8,11	0,0,0,0,0,0,0,0,0,0	6,9,4,10,5,14,13,12,3,16	0,0,0,0,1,1,0,0,1,0	150	75
2053	1,1,0,0,0,0,0,0,0,1	9,5,6,7,8,5,6,6,2,4	0,1,0,1,1,1,0,0,1,0	9,4,3,5,5,2,6,1,8,5	150	75
2056	3,0,1,0,0,1,0,0,0,0	4,10,12,13,7,6,8,7,10,11	1,0,0,0,0,0,0,0,1,0	16,6,5,5,9,11,12,15,9,6	150	75
2057	0,1,0,2,4,2,1,1,2,2	13,30,11,8,19,19,10,29,12,26	3,2,0,2,1,1,0,1,3,0	22,10,19,25,18,31,14,8,18,10	150	75
2059	2,1,2,3,4,6,2,2,3,4	16,19,25,25,20,29,16,25,20,28	9,2,1,3,6,2,2,4,5,2	23,25,32,16,24,28,22,29,31,44	150	75
2060	18,16,25,13,11,16,13,17,18,13	0,1,0,0,0,0,0,0,0,0	9,9,18,16,18,14,15,13,16,22	0,1,1,0,0,1,0,0,1,0	150	75
2061	4,3,4,5,4,2,5,1,5,4	46,44,46,48,41,21,26,52,29,52	8,0,5,3,4,2,0,8,6,4	54,37,32,37,62,48,51,42,25,18	150	75
2062	0,0,0,0,0,0,0,0,0,2	3,0,0,0,0,0,0,0,0,1	0,0,0,0,1,0,0,0,2,0	0,1,1,1,3,4,0,1,0,0	150	75
2063	3,0,2,1,0,0,3,2,2,1	4,4,4,1,4,4,1,1,5,2	3,1,0,0,0,1,0,1,1,3	2,6,3,2,4,3,2,4,4,3	150	75
2065	10,3,6,9,5,6,5,11,9,4	78,58,82,83,54,74,61,66,57,63	6,4,5,8,5,3,4,7,4,2	58,64,59,59,62,63,72,76,74,100	150	75
2066	44,51,47,39,40,57,46,56,32,64	5,1,1,4,2,4,1,1,2,2	57,48,49,53,23,39,48,41,66,57	0,2,0,0,5,3,1,1,4,2	150	75
2067	6,6,10,3,7,7,10,4,5,6	56,40,42,52,41,51,39,50,41,65	5,0,1,4,6,7,4,7,9,1	31,52,48,51,50,40,42,45,58,47	150	75
2068	6,3,7,4,4,0,2,3,3,1	14,5,9,6,1,6,5,11,9,19	5,0,0,6,4,1,1,3,3,6	6,10,8,8,13,5,8,8,15,15	150	75
2069	9,8,2,6,3,0,1,7,8,5	55,70,72,64,67,64,43,63,59,67	6,3,2,7,2,1,4,2,8,3	71,66,61,65,70,51,82,53,84,84	150	75
2070	49,51,67,60,56,38,60,47,68,52	371,394,393,414,372,308,311,353,314,391	48,50,52,64,68,63,66,56,70,46	436,345,379,410,514,391,476,347,368,334	150	75
2071	0,0,0,0,1,0,0,1,0,2	1,0,1,1,1,1,1,0,0,1	0,1,0,0,0,0,1,0,0,0	1,0,0,0,0,0,1,0,0,3	150	75
2072	44,52,44,43,47,18,41,33,40,49	0,0,0,1,0,0,0,0,0,2	34,47,46,21,40,28,46,44,42,32	0,0,0,0,1,0,0,0,1,0	150	75
2073	35,26,33,27,32,19,35,30,33,41	4,4,6,9,3,3,5,2,4,3	32,28,31,22,35,51,46,29,39,53	5,4,4,6,3,1,7,4,3,4	150	75
2074	1,1,1,1,1,1,2,2,3,3	1326,1358,1392,1381,1128,1723,1328,1330,1273,1579	2,0,2,0,5,3,1,2,3,1	1347,1321,1457,1374,1269,1275,1457,1318,1566,1961	150	75
2075	1,1,1,0,0,1,0,0,2,0	97,134,116,127,110,153,122,131,110,136	1,0,0,0,4,0,0,0,0,1	132,115,135,140,143,136,141,132,158,153	150	75
2077	7,3,2,4,2,1,2,7,0,2	3,4,3,1,6,6,4,9,4,7	4,0,0,3,2,3,6,0,3,1	4,3,4,2,1,9,9,2,3,4	150	75
2078	11,4,2,6,1,2,4,6,3,1	41,45,49,61,41,47,32,39,44,48	5,2,2,4,2,2,8,7,5,3	66,49,47,46,48,40,42,32,47,38	150	75
2079	0,1,2,2,2,2,5,1,0,0	56,44,37,73,39,60,42,49,44,56	3,3,1,0,1,3,0,3,2,1	44,58,51,43,41,61,67,37,44,55	150	75
2080	1,5,2,2,1,4,2,0,2,3	1,2,1,2,1,0,1,0,3,0	1,1,1,2,2,2,0,0,3,1	1,1,2,1,3,0,3,1,2,0	150	75
2081	3,0,2,2,0,1,0,0,0,2	0,0,1,0,0,0,0,0,0,0	0,0,2,1,0,0,1,0,1,2	0,0,0,0,0,0,0,0,0,0	150	75
2082	2,1,3,5,7,6,0,0,2,4	12,15,8,11,10,15,8,12,9,6	2,8,1,2,6,2,2,2,3,7	9,9,9,14,11,12,14,11,13,10	150	75
2083	6,3,0,4,4,0,3,4,3,2	582,773,604,687,653,827,662,638,754,716	2,5,0,2,1,1,3,3,1,6	575,667,689,802,671,627,894,709,877,1034	150	75
2086	26,25,17,28,16,24,19,19,32,21	0,0,1,0,0,3,1,0,2,0	27,29,19,18,29,23,31,30,25,22	1,0,0,0,0,0,2,0,1,0	150	75
2087	4,0,2,0,0,0,0,0,0,0	17,22,13,37,21,21,12,20,18,16	4,0,0,0,1,0,0,0,0,1	17,18,16,12,18,9,26,16,10,17	150	75
2088	2,0,3,3,3,2,4,4,2,4	34,39,29,49,20,31,22,32,41,36	3,1,1,1,3,0,0,4,2,2	41,31,22,28,38,30,30,20,32,29	150	75
2089	3,1,2,3,4,2,2,1,3,2	41,35,58,54,44,58,36,44,32,60	0,3,2,0,5,1,3,0,1,4	39,45,38,33,46,38,35,36,54,49	150	75
2099	22,37,26,28,29,26,22,24,16,26	2,1,1,1,1,0,0,4,3,1	18,22,18,13,34,18,23,29,33,29	2,1,1,0,2,1,1,1,1,1	150	75
2100	54,43,41,55,56,28,20,38,41,28	1,0,0,1,0,1,2,0,1,1	47,41,37,39,40,41,62,35,54,49	0,2,0,2,0,2,0,2,0,2	150	75
2101	52,43,40,51,55,28,19,36,40,28	6,6,3,4,2,9,3,3,8,6	45,41,37,38,38,38,58,34,53,48	1,3,2,7,2,10,7,2,1,5	150	75
2104	1,0,0,1,3,1,3,0,2,2	54,47,41,47,33,31,38,42,45,46	0,1,1,2,1,0,0,1,3,2	49,37,41,38,55,45,48,28,38,47	150	75
2105	0,0,0,0,0,0,0,0,0,1	0,0,1,1,0,1,0,0,1,0	0,0,0,0,0,0,0,0,0,0	1,0,0,0,0,0,0,1,0,0	150	75
2106	0,1,0,0,0,0,0,0,0,0	15,13,10,19,23,26,20,15,17,33	1,0,0,1,0,0,0,0,0,0	22,28,21,14,29,21,21,19,28,32	150	75
2107	0,0,0,0,0,0,2,0,2,1	24,16,39,20,24,24,26,26,22,27	1,0,1,0,0,0,1,0,0,0	30,23,16,34,37,29,31,24,35,41	150	75
2108	3,2,6,4,0,5,3,5,8,2	27,31,31,35,20,19,23,18,30,30	3,3,3,4,2,3,1,1,5,4	37,23,31,35,34,38,47,28,28,38	150	75
2109	69,80,78,67,50,69,73,58,57,62	0,0,0,0,0,0,0,0,0,0	79,68,67,89,69,60,70,64,64,75	0,0,0,0,0,0,0,0,0,1	150	75
2110	0,0,0,0,0,1,0,0,0,0	81,64,73,79,60,64,51,50,75,81	0,1,0,0,0,0,0,0,0,0	53,64,62,64,53,71,61,54,59,70	150	75
2112	1,0,4,0,1,0,0,0,0,0	11,14,14,6,16,19,6,11,9,14	1,0,1,0,0,0,0,0,0,1	8,11,3,14,15,11,11,11,8,6	150	75
2113	1,2,0,5,5,5,2,2,3,2	1,2,1,7,1,0,3,1,0,2	2,2,3,2,3,1,2,6,3,2	4,4,3,3,3,2,2,0,0,0	150	75
2114	0,0,2,0,3,2,1,2,0,0	617,682,664,670,569,721,581,702,646,608	0,2,4,2,0,2,2,1,3,1	650,608,594,598,657,615,686,602,703,821	150	75
2115	2,1,0,1,4,0,1,0,1,2	129,137,139,120,139,136,121,135,128,135	2,1,1,1,3,0,1,2,4,4	132,139,115,114,167,144,163,148,126,128	150	75
2116	484,448,474,541,473,543,448,527,541,582	2,1,0,0,0,2,0,1,1,0	537,509,516,426,472,462,575,497,545,591	1,0,0,0,0,0,0,0,0,0	144	75
2119	57,32,29,44,27,24,28,29,22,35	2,0,1,1,1,0,0,0,0,0	41,22,10,22,46,19,32,17,42,49	1,0,0,0,0,0,0,0,1,0	150	75
2120	70,37,45,59,33,28,42,36,43,44	3,3,2,1,0,3,0,0,1,1	43,23,10,29,52,23,31,19,42,55	2,0,0,0,1,1,2,0,4,4	150	75
2121	0,0,0,0,0,2,1,0,1,1	8,8,9,6,6,8,7,5,7,2	1,0,0,2,1,1,1,0,1,2	9,6,3,3,6,14,10,6,9,6	150	75
2122	3,11,11,4,13,7,8,11,10,15	640,797,916,843,802,883,824,815,816,996	7,10,7,11,15,4,5,10,11,23	877,814,875,869,777,923,948,800,901,885	150	75
2123	3,3,3,3,2,2,3,1,1,0	2,3,3,1,0,0,0,1,0,0	5,0,2,0,4,2,1,3,4,2	0,0,1,1,0,2,3,1,1,1	150	75
2124	3,3,2,3,3,2,3,2,2,0	0,0,0,0,0,0,0,0,0,1	5,0,4,0,4,0,2,4,4,1	0,0,0,0,0,0,0,0,0,0	150	75
2126	198,145,151,161,123,182,152,137,171,148	5,8,3,5,3,7,1,2,4,8	156,122,146,125,140,136,157,150,177,195	6,6,0,4,7,5,5,3,9,7	150	75
2127	6,6,6,8,3,9,4,6,7,4	853,784,713,803,669,837,698,857,872,909	6,4,8,2,5,3,7,10,8,13	817,801,735,753,837,689,798,750,824,923	150	75
2128	3,6,2,3,1,3,0,3,4,2	220,224,229,251,214,216,216,190,195,222	1,2,1,2,1,2,2,2,0,1	208,218,224,229,257,225,257,209,230,243	150	75
2129	312,328,349,364,291,361,303,305,305,361	0,0,0,0,0,1,0,0,0,0	304,324,325,316,336,314,317,293,359,445	0,0,0,0,0,0,0,0,0,0	150	75
2130	12,11,10,21,14,9,10,16,11,17	295,269,320,313,271,344,276,313,286,339	18,10,14,12,19,8,9,9,27,19	292,302,297,290,289,291,317,278,337,377	150	75
2131	6,10,18,16,8,4,7,6,9,8	230,293,305,299,274,261,227,276,317,336	12,10,6,6,7,10,5,10,9,15	273,264,265,249,281,289,315,258,333,342	150	75
2132	3,0,1,0,0,1,2,3,1,0	17,18,22,21,8,10,17,14,19,13	3,1,1,1,2,2,1,2,4,1	15,10,14,14,17,21,15,15,11,17	150	75
2133	1,2,6,5,1,3,1,2,2,1	10,28,16,19,13,29,20,15,25,23	3,1,0,3,1,0,1,1,1,1	18,14,13,20,20,31,26,24,20,24	150	75
2134	0,0,1,0,0,1,0,0,1,0	1,1,0,0,0,2,0,1,1,0	0,1,0,1,2,1,1,0,0,0	0,1,0,0,0,0,0,0,0,0	150	75
2135	0,0,2,1,0,1,0,0,2,1	14,21,25,24,13,19,20,17,20,15	1,1,1,1,1,2,1,0,1,0	12,18,12,13,15,18,30,20,18,17	150	75
2136	8,3,3,7,5,2,3,4,5,3	40,41,41,55,45,35,39,44,48,57	0,3,4,2,5,2,5,5,7,13	36,39,49,41,47,44,58,47,45,32	150	75
2138	72,66,64,75,61,81,64,72,68,86	2,4,6,4,7,3,2,3,1,2	63,72,71,73,76,86,88,60,101,121	2,4,7,6,3,3,6,2,5,6	150	75
2139	0,0,2,2,1,1,0,4,0,7	0,0,0,0,1,0,1,0,0,1	0,0,0,1,5,0,3,0,2,1	0,0,0,0,1,1,0,1,0,1	150	75
2140	1,2,4,0,5,0,2,5,0,0	28,50,37,33,35,38,38,29,36,32	0,3,0,0,1,1,1,0,1,0	43,35,28,33,36,25,41,27,33,35	150	75
2144	8,10,4,6,6,5,5,13,5,7	0,5,2,1,1,1,2,1,0,1	6,8,7,9,8,7,8,8,8,19	2,0,1,0,1,0,3,1,2,1	150	75
2146	2,2,0,0,0,0,1,0,0,4	37,26,24,31,13,25,24,31,27,31	0,1,1,0,0,0,0,0,0,1	32,26,17,30,22,28,27,25,37,50	150	75
2147	0,3,1,2,2,2,1,0,2,4	30,28,29,25,24,24,25,21,25,29	6,2,0,2,3,0,1,4,2,3	21,24,40,31,30,32,25,29,36,28	150	75
2148	0,5,2,2,3,2,1,1,1,2	0,0,1,0,0,1,0,0,1,0	3,3,1,1,4,1,0,4,3,3	0,0,0,0,0,0,0,0,0,0	150	75
2149	0,0,1,1,1,1,0,0,0,1	12,11,12,19,14,17,14,15,12,23	1,0,0,0,0,0,1,0,0,0	12,14,19,19,16,19,14,12,20,21	150	75
2150	0,1,1,3,0,1,0,2,3,0	0,0,2,0,0,4,0,2,0,0	0,0,0,1,3,0,0,1,1,2	0,0,0,0,0,0,0,0,1,0	150	75
2151	21,31,27,40,17,28,27,20,21,45	59,77,75,53,56,68,56,55,47,68	33,17,25,28,34,22,25,38,31,38	52,75,65,58,50,52,84,71,73,71	150	75
2152	8,7,7,8,7,7,6,5,9,7	18,18,24,24,20,20,20,21,17,34	15,3,4,3,1,3,3,3,6,6	28,23,25,23,34,18,36,29,27,33	150	75
2153	6,7,12,2,4,9,2,6,4,8	105,126,97,133,81,139,116,118,141,99	3,3,2,0,3,3,3,4,9,5	91,93,96,127,129,101,134,113,94,121	150	75
2154	297,326,289,317,283,270,270,244,284,260	0,0,0,0,0,0,0,0,0,0	244,253,240,318,311,248,399,300,328,344	0,0,0,0,0,1,0,0,0,0	150	75
2155	30,29,25,24,24,17,17,32,27,20	4,3,3,6,4,7,6,6,3,4	23,17,17,21,43,10,16,17,27,37	5,3,2,4,5,2,1,4,7,2	150	75
2157	379,351,422,346,369,235,259,310,311,290	19,12,17,11,5,10,11,9,10,16	358,339,326,352,433,374,349,323,276,254	20,11,9,13,25,17,11,10,16,11	150	75
2158	0,1,3,3,0,0,0,3,3,0	136,132,158,173,121,91,125,133,129,134	0,0,1,0,0,1,0,0,0,1	134,117,145,172,152,153,163,119,100,89	150	75
2159	1,0,1,0,0,0,1,1,2,4	58,60,74,62,61,52,51,68,57,79	1,0,1,1,2,1,1,1,0,2	50,59,50,71,51,64,74,63,51,44	150	75
2160	13,11,11,14,8,8,10,8,13,12	10,27,22,19,10,14,17,18,15,21	12,9,16,8,10,9,9,11,8,13	14,8,6,19,23,25,22,15,22,15	150	75
2161	0,1,0,1,0,0,0,0,0,1	40,39,40,59,48,24,37,34,28,39	1,1,0,1,1,0,2,2,1,0	44,33,34,25,41,35,38,32,23,19	150	75
2165	66,71,72,71,63,68,77,63,62,78	3,4,3,1,5,2,6,1,6,5	78,72,60,53,68,77,75,58,89,97	1,6,3,1,1,6,8,5,7,3	150	75
2166	11,23,18,36,21,16,29,15,9,17	2,3,1,0,3,1,5,2,1,2	15,15,14,17,25,19,15,22,20,35	1,1,2,2,3,1,0,1,3,1	150	75
2167	23,14,26,31,25,17,30,16,25,19	1,2,0,2,0,0,1,0,1,0	19,10,15,14,26,13,20,16,24,37	2,0,2,2,4,1,1,1,0,1	150	75
2168	29,24,34,42,29,19,32,33,33,29	56,97,73,67,69,74,71,67,67,99	27,14,25,18,47,16,34,23,34,48	67,74,70,67,59,66,73,76,79,66	150	75
2169	70,76,88,103,76,80,86,82,95,95	0,0,1,2,0,2,1,0,1,3	84,67,85,90,95,68,68,69,84,107	4,2,0,3,3,3,0,5,1,0	150	75
2170	5,13,12,10,1,5,3,3,0,7	10,12,17,14,4,9,4,9,9,6	11,7,5,5,9,4,5,4,12,3	10,8,5,11,13,13,13,9,9,7	150	75
2171	7,11,9,10,8,5,10,8,9,6	7,6,2,3,4,5,0,1,3,2	11,6,10,11,16,4,5,10,11,14	4,5,0,1,3,0,2,0,2,1	150	75
2172	0,1,0,0,0,0,0,0,0,1	5,5,6,8,3,2,3,6,8,3	1,0,0,0,0,1,0,0,0,0	11,3,9,7,4,6,3,5,3,6	147	75
2173	2,3,1,1,1,1,1,0,4,0	0,2,5,2,1,1,1,1,1,3	1,1,3,1,0,1,2,0,3,0	3,0,3,0,1,2,3,1,1,0	150	75
2174	1,3,1,1,1,1,1,0,4,0	6,3,6,4,2,2,3,5,4,4	1,1,3,1,0,1,2,0,3,0	3,2,6,4,1,3,3,0,4,3	150	75
2175	39,41,42,32,38,18,33,20,25,23	20,33,38,28,36,29,26,30,26,37	26,22,36,34,29,22,29,23,33,23	28,35,25,36,27,27,20,20,26,33	150	75
2176	3,0,0,1,0,0,0,0,1,2	3,2,2,3,4,3,4,5,4,3	0,0,0,0,1,0,1,2,0,0	1,3,4,6,4,2,5,1,9,8	150	75
2177	1,1,2,2,4,1,3,2,1,6	0,0,3,0,1,1,0,1,0,4	8,1,0,3,1,0,1,4,6,3	0,0,0,1,2,0,1,0,0,2	150	75
2181	0,1,1,2,4,1,3,0,2,2	1,1,1,2,3,1,1,3,1,5	0,0,0,0,1,1,0,3,3,6	2,2,2,3,2,2,2,2,4,2	149	75
2182	58,55,64,83,49,66,55,62,38,70	12,13,22,10,12,18,15,8,7,8	72,58,61,47,62,71,70,45,68,57	14,18,16,22,12,17,11,20,11,18	150	75
2183	62,59,62,81,53,65,61,68,50,67	5,3,10,6,6,5,4,11,11,7	71,69,69,43,60,75,80,51,70,56	5,6,9,8,3,2,1,5,6,7	150	75
2184	1,0,1,4,2,4,4,4,4,11	20,27,32,27,28,21,27,27,42,35	5,3,1,2,4,9,0,1,6,3	33,26,22,24,15,21,34,31,34,37	150	75
2185	8,21,13,23,20,28,33,20,19,20	36,26,25,51,45,57,54,34,36,32	25,19,25,28,15,21,23,30,23,51	45,47,37,38,51,30,45,43,48,48	150	75
2186	0,0,1,0,0,0,0,0,0,0	2,1,4,3,4,1,2,0,1,0	0,0,0,1,0,0,0,0,0,1	2,0,1,1,1,1,0,1,2,5	150	75
2187	0,0,0,0,0,0,0,0,0,0	53,74,70,64,52,44,58,49,60,64	0,1,0,0,0,0,0,0,0,0	45,63,63,62,60,66,59,58,67,42	150	75
2188	0,1,2,0,0,0,0,0,0,0	20,21,29,26,29,27,22,26,26,17	1,1,1,0,0,1,0,0,3,1	22,25,22,15,20,23,36,33,35,29	150	75
2189	54,47,51,48,51,53,46,42,57,44	1,1,0,0,1,1,0,1,1,1	52,40,45,42,59,68,42,51,59,54	1,1,0,1,0,0,1,0,1,0	150	75
2190	52,34,57,65,35,39,46,62,32,49	3,1,4,6,1,5,4,3,0,2	44,36,49,43,47,58,55,44,68,55	1,4,5,2,7,0,2,2,4,5	150	75
2191	75,72,72,95,56,59,73,58,65,68	59,78,74,76,54,65,53,73,54,55	70,67,54,66,75,65,76,61,85,79	62,80,49,70,59,73,66,69,55,73	150	75
2192	3,3,8,5,2,6,8,6,4,2	65,89,85,81,51,64,54,93,87,60	4,3,5,3,2,4,2,8,7,7	85,56,72,75,92,84,90,67,95,47	150	75
2193	178,165,156,174,127,127,132,141,168,165	16,16,18,13,13,13,7,9,10,12	163,123,122,129,142,144,152,131,134,136	14,8,16,13,11,11,17,10,10,13	150	75
2194	9,8,3,6,6,8,3,8,4,14	272,332,304,274,274,225,202,297,277,294	8,4,8,1,9,4,3,3,8,8	287,226,263,340,318,291,321,260,268,277	150	75
2195	1,2,4,1,5,5,2,1,3,4	108,107,91,125,129,120,94,83,98,111	2,3,1,2,0,1,5,1,1,3	114,120,114,95,101,133,134,110,173,151	150	75
2196	14,15,25,9,12,13,15,17,24,17	3,3,3,6,3,7,1,5,9,1	14,25,14,16,15,23,34,19,20,19	0,1,3,0,3,3,7,4,2,3	150	75
2197	24,9,12,22,14,16,18,13,21,16	120,112,117,96,98,134,94,89,112,106	14,13,14,16,15,18,14,11,13,29	112,102,103,87,120,89,107,107,106,106	150	75
2198	20,23,10,17,18,22,9,17,17,18	2,1,2,4,1,0,0,3,3,1	20,22,11,16,8,10,16,13,13,18	3,2,1,1,4,1,1,3,2,0	150	75
2199	16,13,15,20,14,12,13,10,9,13	8,10,4,9,13,7,8,13,8,1	12,14,16,14,12,15,22,10,12,10	13,3,11,6,12,10,12,6,7,3	150	75
2200	1,1,0,1,0,0,2,0,0,0	1,1,1,0,3,0,1,1,3,3	1,0,0,1,0,1,1,0,2,1	2,4,0,0,1,1,2,1,2,0	150	75
2201	6,10,5,7,11,8,10,7,7,9	115,156,134,163,136,163,148,130,152,162	7,5,5,8,10,4,6,7,10,14	159,160,142,142,126,158,164,117,178,210	150	75
2204	0,0,1,2,0,0,0,1,2,2	0,0,0,0,0,0,0,0,0,0	1,0,1,0,0,0,2,0,0,2	0,0,0,0,1,0,0,0,1,0	150	75
2205	0,2,1,1,1,1,1,0,1,1	0,0,1,0,0,0,0,0,0,0	0,0,1,1,0,1,2,0,2,1	0,0,0,0,0,0,0,0,0,0	150	75
2207	0,0,0,0,0,1,0,0,0,0	0,0,0,0,0,1,0,0,0,0	0,0,0,0,0,0,0,0,0,0	0,0,0,0,0,0,0,1,0,0	150	75
2208	5,5,2,4,5,2,1,7,3,3	53,66,51,56,56,48,48,56,49,64	2,1,1,4,4,3,2,2,7,7	79,65,54,57,71,52,62,63,74,60	150	75
2209	9,6,4,6,9,8,8,10,12,8	0,1,2,2,2,3,1,2,0,2	9,13,6,10,9,9,5,8,11,12	1,1,0,1,2,2,2,1,1,2	150	75
2210	3,1,0,0,2,0,2,2,0,2	56,75,73,68,55,71,61,71,61,59	5,1,2,0,3,1,0,1,2,1	71,63,85,63,59,74,89,67,80,88	150	75
2211	25,30,36,29,24,29,25,33,31,27	41,44,37,65,39,67,45,36,53,69	27,22,42,18,31,24,34,36,35,35	59,50,51,53,58,53,53,50,50,49	150	75
2212	1,0,0,0,0,1,0,0,1,0	85,101,104,117,123,81,74,103,96,111	1,0,0,0,0,0,0,0,1,0	101,108,90,95,120,102,121,79,77,72	150	75
2213	1,3,2,4,3,1,1,1,5,3	33,36,36,42,53,40,27,34,35,35	2,2,2,1,1,4,0,0,1,4	38,41,36,38,59,34,43,36,38,37	147	75
2217	3,1,3,1,1,4,1,4,2,2	80,79,94,97,90,130,80,89,105,99	9,2,0,2,4,3,2,0,2,4	84,95,70,71,79,76,87,85,93,118	150	75
2218	12,16,21,27,15,11,26,19,18,27	83,88,105,120,108,101,104,101,92,136	18,18,13,13,14,21,24,13,22,18	112,116,108,96,84,68,116,81,119,122	150	75
2219	0,0,1,5,0,1,1,2,0,0	72,57,72,62,61,42,50,40,54,49	3,1,0,1,2,2,0,0,0,1	66,47,44,64,66,58,61,52,45,60	150	75
2220	19,16,29,18,11,12,16,15,15,13	0,1,1,3,1,1,0,3,0,1	17,19,12,12,19,10,15,5,20,20	4,1,2,2,0,0,4,3,5,2	150	75
2221	19,14,26,18,11,12,17,16,14,14	52,73,57,62,49,58,61,47,48,58	19,19,11,11,18,10,18,6,21,20	49,44,51,69,62,56,69,71,84,93	150	75
2222	0,0,6,1,3,3,1,0,3,2	20,15,20,21,19,10,12,19,15,19	0,1,3,0,0,0,0,4,3,2	28,20,17,11,23,13,14,20,18,16	150	75
2223	3,2,3,8,5,0,2,4,1,3	0,0,0,0,1,2,0,0,0,1	4,1,1,6,5,1,2,1,7,4	0,1,1,0,1,3,0,0,2,0	150	75
2224	0,0,0,1,0,0,0,0,0,0	20,17,17,22,22,16,14,15,12,22	1,0,0,0,0,0,0,0,0,1	21,21,18,13,16,15,25,16,21,20	143	75
2228	0,0,0,0,0,0,0,0,0,0	1,0,0,0,0,0,0,0,0,0	0,0,0,0,0,0,0,0,0,2	0,0,0,0,0,0,1,1,0,0	150	75
2229	15,14,23,21,16,10,16,21,22,16	0,3,2,1,1,1,3,0,1,2	7,6,14,16,16,11,26,12,5,20	2,0,0,2,1,1,3,1,1,0	150	75
2230	1,0,1,5,0,1,0,1,0,0	6,6,3,6,5,11,5,4,7,8	2,0,1,2,1,1,1,2,2,1	3,6,9,5,5,4,5,4,6,4	146	75
2232	0,0,1,1,3,1,1,0,0,0	28,22,23,25,15,14,14,24,27,30	0,2,1,1,0,2,1,0,3,3	30,19,23,19,30,20,25,28,26,31	150	75
2233	1,1,1,4,0,2,6,3,2,4	37,52,48,62,55,45,47,43,49,60	2,1,0,2,2,1,0,1,2,4	50,40,37,42,30,52,71,53,42,50	150	75
2234	18,17,11,29,16,12,8,22,27,12	582,527,549,567,453,456,403,542,511,452	20,11,10,11,18,11,8,16,13,24	535,487,479,409,467,425,546,420,432,447	150	75
2235	3,3,3,2,0,3,1,1,3,3	96,117,112,95,95,112,102,99,101,97	1,0,1,4,2,1,0,1,6,3	103,93,85,98,105,89,119,98,97,86	150	75
2236	1,0,1,1,3,1,0,0,0,1	72,110,110,82,91,80,68,73,68,83	0,1,0,1,2,1,0,0,1,0	109,70,69,76,101,75,97,61,70,34	150	75
2237	1,1,1,1,0,2,1,3,2,0	74,94,87,94,81,51,44,76,57,72	3,2,2,3,1,0,0,0,0,3	96,66,65,67,88,91,83,62,62,41	150	75
2241	2,0,0,1,0,1,0,0,0,0	11,10,8,6,6,8,10,7,7,4	1,1,0,0,0,0,1,1,0,0	6,8,4,6,13,4,7,2,16,8	150	75
2242	1,0,1,0,1,1,2,2,3,1	33,43,53,43,36,26,42,30,35,30	1,0,0,1,1,2,1,1,2,2	39,27,37,24,39,28,32,21,31,23	150	75
2243	5,1,3,1,0,1,0,3,1,2	43,38,44,59,35,23,34,29,38,40	2,1,2,0,2,0,1,4,1,2	48,30,34,25,46,29,41,31,34,35	150	75
2244	0,0,0,0,0,0,1,0,0,1	28,58,36,51,32,45,33,55,32,52	0,0,0,2,0,0,0,1,0,1	37,40,34,42,50,37,52,46,57,43	150	75
2245	0,0,0,2,0,0,0,0,0,0	37,43,33,46,42,59,37,47,42,38	0,0,0,0,0,0,0,0,2,0	38,46,36,35,36,48,47,38,51,44	150	75
2246	2,1,1,1,1,3,1,1,3,1	614,656,650,661,583,831,613,648,612,696	4,2,1,2,4,1,0,1,0,1	694,569,661,628,614,575,709,613,683,801	150	75
2247	2,2,2,1,5,0,1,2,4,2	123,135,170,148,143,194,147,151,138,180	2,3,1,1,4,6,2,1,2,6	145,153,146,154,127,128,161,152,191,235	150	75
2248	150,155,154,125,120,115,96,125,133,124	0,0,0,0,0,0,2,0,0,1	157,125,122,133,147,126,145,122,138,125	0,0,0,0,0,0,0,2,1,3	150	75
2249	0,0,0,0,0,0,0,0,0,0	0,0,0,1,0,0,0,2,1,0	0,0,0,0,0,0,1,0,0,0	0,0,0,1,0,0,0,0,0,0	150	75
2250	1,0,0,1,1,1,0,0,0,0	0,0,0,1,0,0,0,0,0,0	0,0,0,0,1,0,0,0,1,0	1,0,0,0,0,1,0,0,0,0	150	75
2251	1,0,0,1,1,1,0,0,0,0	19,11,16,17,14,11,17,13,13,23	0,0,0,0,1,0,0,0,1,0	17,16,12,19,20,20,13,16,20,10	150	75
2252	0,0,0,0,0,1,2,0,0,1	19,26,16,29,26,15,22,17,22,33	1,0,0,0,0,0,0,0,1,0	19,23,27,27,25,18,37,28,28,22	150	75
2255	1,0,0,0,0,0,2,0,1,0	86,115,108,102,115,81,82,114,80,109	0,0,0,0,0,0,0,0,1,0	111,93,100,100,130,108,116,121,113,68	150	75
2258	0,1,0,1,1,0,1,0,1,0	1,0,0,0,0,0,0,1,0,0	0,0,0,0,1,0,0,0,0,0	0,0,0,0,0,0,0,2,0,1	150	75
2259	0,0,0,1,0,0,0,0,1,0	0,0,1,0,0,0,0,0,1,0	0,0,0,0,0,0,0,0,0,0	0,2,0,0,0,2,0,0,0,0	150	75
2260	10,12,16,12,6,6,11,10,15,12	1,1,0,1,0,0,0,0,0,0	14,14,12,16,10,13,19,10,13,16	0,1,0,0,1,0,0,0,0,2	150	75
2261	10,11,15,10,6,4,9,9,15,10	0,0,0,0,1,0,0,1,0,0	14,13,12,15,5,12,18,10,13,16	0,0,0,0,0,0,0,1,0,0	150	75
2262	3,1,1,1,1,0,4,2,3,4	5,4,4,8,3,3,4,1,2,5	1,2,2,3,3,0,3,1,2,3	3,4,4,6,3,4,5,3,4,8	150	75
2263	0,1,0,0,0,0,0,2,0,0	7,1,8,5,1,1,1,5,1,5	0,0,2,1,2,0,1,2,0,0	6,4,5,3,7,6,8,3,3,10	150	75
2264	16,16,7,15,12,4,11,12,11,10	0,0,0,0,1,0,0,0,0,0	15,4,13,10,11,6,13,7,9,12	0,0,0,0,0,0,0,0,1,0	150	75
2266	0,0,0,0,1,0,0,0,0,0	0,0,0,0,0,1,1,0,0,1	0,0,0,0,0,0,0,0,0,0	0,0,0,1,1,1,0,1,0,0	150	75
2267	3,3,0,2,1,0,2,4,1,2	7,7,10,13,7,16,13,11,10,9	1,0,1,1,1,0,0,0,3,1	15,12,8,14,3,11,9,20,13,16	150	75
2268	0,1,0,0,0,0,2,1,0,1	61,34,61,54,38,48,56,52,43,60	0,0,1,0,1,0,1,0,0,0	56,39,54,50,63,62,50,45,50,60	150	75
2269	6,7,7,10,6,7,8,13,4,8	381,374,355,386,361,358,325,348,361,433	8,10,10,2,9,8,6,2,8,8	398,378,364,391,379,358,430,378,415,384	145	75
2270	0,0,0,1,0,0,0,0,0,0	9,25,14,18,26,12,16,12,14,19	0,0,0,0,0,0,0,0,0,1	19,16,14,23,18,17,18,15,16,15	150	75
2271	3,0,0,0,0,2,1,0,0,0	1,1,0,0,0,0,2,0,1,0	2,1,2,3,4,0,2,1,0,1	1,2,0,0,1,0,0,1,1,0	150	75
2273	0,0,0,1,0,1,1,1,1,0	25,56,33,42,35,23,21,32,21,32	0,1,3,1,2,0,0,1,1,0	31,36,23,39,36,34,28,39,35,34	150	75
2274	18,27,19,19,8,11,6,12,13,10	1,6,0,1,1,2,3,6,0,1	24,15,20,20,18,17,14,19,11,21	4,2,1,2,5,0,2,1,2,5	150	75
2275	0,2,1,0,0,1,0,0,1,0	19,25,17,16,14,16,13,21,23,13	0,0,0,0,1,2,0,0,0,2	21,16,20,7,22,5,17,10,17,19	150	75
2277	0,1,1,0,1,0,2,0,0,3	32,32,24,40,25,23,13,32,17,44	0,2,0,1,0,1,1,0,3,2	22,21,19,23,28,30,40,18,28,23	150	75
2278	1,2,4,0,0,1,2,1,0,3	4,10,6,14,4,8,11,5,8,9	2,1,0,0,3,0,0,0,0,4	9,7,6,9,6,15,4,5,13,5	76	75
2280	0,1,1,6,3,2,1,3,5,1	251,299,272,289,258,364,227,274,240,287	2,4,0,2,0,3,4,2,5,1	282,262,242,244,239,266,313,224,326,351	150	75
2281	150,203,167,187,166,183,154,138,156,208	2,1,0,2,0,3,2,1,0,0	160,178,144,167,180,158,150,164,178,200	1,1,1,3,3,1,2,2,1,3	150	75
2282	2,0,1,3,2,1,1,1,1,2	113,149,126,115,90,93,99,110,89,104	3,0,2,1,1,0,2,4,1,2	116,127,105,117,101,116,144,114,101,84	146	75
2283	0,1,2,1,3,2,1,0,1,0	73,77,72,118,94,87,82,78,85,110	1,1,0,3,0,0,2,3,1,0	79,71,93,73,81,78,89,69,74,78	150	75
2284	9,10,5,11,1,6,7,3,1,3	184,198,204,214,165,179,167,164,169,255	6,8,2,7,3,3,6,4,5,11	171,167,162,181,181,201,195,171,195,184	150	75
2285	1,3,1,1,0,0,0,0,1,0	0,0,0,0,0,0,0,0,0,0	0,0,0,0,0,0,0,0,0,0	0,0,0,0,0,0,1,0,0,0	150	75
2287	0,0,1,1,1,0,0,0,0,0	136,144,128,151,101,85,105,120,115,107	0,0,1,0,0,0,0,1,0,1	125,141,100,125,151,130,125,79,105,76	150	75
2289	1,2,1,2,1,0,0,1,0,0	176,250,231,282,212,247,218,252,252,258	0,0,2,2,0,0,0,0,0,0	227,240,215,271,210,240,290,259,255,265	150	75
2290	4,2,2,2,2,3,2,3,4,3	0,0,0,0,0,0,0,0,0,0	2,1,3,4,1,3,5,1,2,5	1,0,0,0,0,0,0,0,1,0	150	75
2292	3,6,7,2,1,1,3,4,7,5	645,787,838,824,779,1018,738,846,838,1000	0,2,3,4,4,2,2,0,3,7	865,820,804,839,799,837,934,896,1122,1067	150	75
2293	0,0,0,0,0,0,0,1,1,1	41,48,39,41,56,35,38,39,36,50	0,0,0,0,0,1,1,0,1,0	39,48,37,45,59,47,48,39,32,34	150	75
2294	28,16,20,36,11,14,15,21,18,22	2,5,3,2,1,2,0,1,0,2	18,20,17,25,22,17,25,18,27,21	2,1,0,2,2,2,5,0,0,6	150	75
2296	17,8,14,22,14,10,16,18,14,22	38,31,44,41,34,40,35,38,30,31	15,8,10,14,21,9,9,10,21,27	30,50,25,30,36,47,33,42,32,37	150	75
2299	106,85,106,106,103,97,69,112,113,165	4,9,5,10,3,6,4,7,8,14	151,94,110,71,128,115,109,79,116,104	10,9,9,0,4,3,8,3,8,6	150	75
2300	3,0,5,1,0,2,0,4,3,3	47,61,56,44,71,38,37,40,40,37	2,3,4,7,3,2,2,2,1,1	46,52,47,41,61,39,50,50,45,30	150	75
2303	3,3,2,1,4,5,4,5,1,5	15,16,23,17,9,23,15,16,21,11	2,2,2,4,3,4,1,7,1,8	23,21,19,9,22,22,20,20,22,18	150	75
2305	4,1,5,9,6,3,1,2,3,2	0,0,0,0,0,0,0,0,0,0	3,2,3,2,3,1,3,2,2,3	0,0,1,0,0,0,0,0,0,0	150	75
2307	0,1,0,1,1,0,0,1,1,0	28,39,27,32,29,41,35,31,35,53	1,0,0,0,2,0,1,0,0,1	26,30,32,30,29,29,40,33,34,43	150	75
2308	0,0,0,0,0,0,0,0,0,0	0,0,0,0,1,0,0,0,0,0	2,0,0,0,0,0,0,0,0,0	0,0,0,0,0,0,0,1,0,0	150	75
2309	2,0,0,7,3,1,4,4,3,4	144,168,146,205,164,205,145,179,156,181	4,3,1,0,5,4,1,2,6,8	165,169,135,175,161,160,220,190,222,229	150	75
2310	0,2,0,2,1,1,2,1,0,2	144,134,154,140,126,123,94,109,113,134	1,1,1,0,1,0,0,0,0,2	134,135,112,134,172,132,160,135,130,199	150	75
2312	5,2,5,4,6,1,5,8,3,3	42,52,52,60,41,33,39,45,39,34	2,2,1,3,3,0,0,3,2,8	52,42,43,21,34,40,36,32,44,29	150	75
2313	2,2,4,4,6,1,3,8,2,2	0,0,0,0,0,0,0,1,1,0	1,2,0,2,2,0,0,3,2,6	0,2,0,0,0,0,3,1,0,0	150	75
2314	0,3,1,4,2,3,5,8,3,4	50,53,60,54,42,46,38,37,43,54	5,1,4,2,1,2,2,3,6,6	52,54,45,56,59,45,42,49,55,55	150	75
2315	1,0,1,0,0,2,0,0,2,0	19,21,19,14,16,24,18,20,15,16	1,0,0,0,0,0,0,0,0,0	24,15,9,13,17,11,6,17,20,26	150	75
2318	0,0,0,0,0,0,0,0,0,1	1,0,2,1,1,0,3,1,1,2	3,1,0,0,0,0,0,0,3,1	0,1,4,2,1,2,1,5,3,2	150	75
2320	0,0,0,1,0,0,0,1,1,2	0,0,1,0,1,0,0,1,0,1	0,1,0,0,0,0,0,0,0,2	0,1,0,1,0,1,1,0,0,0	150	75
2322	0,0,0,0,0,0,0,0,0,0	27,35,25,38,22,26,16,21,21,21	0,0,0,0,1,0,0,0,1,0	20,26,29,18,24,24,22,20,33,32	150	75
2323	0,2,1,0,1,0,2,1,3,4	23,29,28,34,17,23,27,22,17,24	1,1,4,0,1,2,2,0,0,2	21,14,18,31,21,22,14,16,29,25	150	75
2325	3,5,5,8,3,4,7,3,2,3	9,27,14,15,14,7,8,13,22,18	3,2,2,2,3,2,2,1,2,4	5,13,10,6,20,10,15,13,11,5	150	75
2326	2,0,3,2,1,3,0,1,1,1	14,6,2,8,14,8,5,5,4,13	0,2,0,1,3,1,2,2,0,0	10,7,5,6,10,4,11,3,6,9	150	75
2328	1,1,2,0,2,0,3,0,1,3	102,91,98,108,80,128,84,85,109,111	0,0,1,1,3,0,1,1,2,1	137,90,73,88,93,88,109,82,123,135	150	75
2329	0,0,0,0,0,0,1,1,0,0	6,5,11,12,11,2,3,6,6,4	0,0,0,0,0,0,0,0,0,0	3,5,3,4,16,7,8,4,7,3	150	75
2330	1,1,1,2,2,0,0,3,1,0	18,20,14,13,16,15,8,13,10,16	1,0,1,0,0,0,0,2,2,0	17,12,7,17,15,17,11,8,11,13	150	75
2331	1,2,1,2,2,1,5,2,2,3	22,17,20,24,26,27,19,24,19,20	2,3,2,0,2,3,1,3,1,2	17,27,25,25,25,21,19,22,23,21	150	75
2333	0,0,1,0,0,0,0,1,0,0	3,13,14,7,12,9,7,9,9,10	0,0,0,0,0,0,0,0,0,0	4,4,7,12,10,9,5,3,6,6	150	75
2334	1,0,1,2,0,1,2,0,0,0	1,7,5,6,3,1,7,6,4,6	1,0,2,0,1,0,0,0,1,1	1,5,5,7,3,1,5,1,5,5	150	75
2336	2,1,2,0,3,5,3,0,2,1	0,0,0,0,0,0,0,0,0,0	1,1,2,0,3,3,4,2,0,2	0,0,0,0,0,0,0,0,0,2	150	75
2337	29,34,38,46,30,24,28,27,50,22	1,1,2,0,1,0,1,0,4,0	38,33,30,43,31,42,42,28,30,16	4,0,0,0,0,1,2,0,2,0	150	75
2338	32,30,18,30,32,27,28,13,23,42	20,25,23,21,13,29,24,31,23,29	25,20,31,27,25,39,26,23,21,26	22,25,29,20,33,18,20,18,24,29	150	75
2339	1,3,3,2,2,2,2,2,2,2	20,13,13,15,12,13,12,19,15,26	6,0,1,0,2,0,1,0,1,1	21,20,9,23,17,10,23,18,19,25	150	75
2340	8,8,8,10,7,9,2,3,8,7	0,0,0,0,0,0,0,0,0,0	6,3,10,8,8,6,3,5,7,6	0,0,0,0,0,0,0,0,0,2	150	75
2343	3,8,7,4,9,4,7,4,4,6	37,31,28,27,26,33,7,24,22,36	9,3,4,9,5,11,1,9,5,12	32,26,24,28,20,28,36,22,38,26	150	75
2344	4,15,13,17,22,14,13,16,19,24	3,3,9,4,5,4,3,2,6,7	16,9,20,15,24,28,20,21,18,25	7,1,4,4,6,5,7,4,4,11	150	75
2345	1,3,4,0,0,2,0,3,1,2	19,12,10,10,17,17,10,9,14,18	3,0,1,1,3,0,0,1,2,2	16,15,15,13,15,16,13,13,13,18	150	75
2346	3,1,1,0,1,0,0,0,1,1	26,24,31,38,35,33,19,22,24,40	2,0,3,0,2,4,0,1,0,2	27,34,26,16,28,28,28,18,31,37	150	75
2347	4,4,2,6,6,6,1,6,2,5	1,4,2,1,3,3,2,3,3,0	5,0,5,0,7,6,4,2,4,5	3,1,1,0,4,0,0,3,2,3	150	75
2348	1,3,1,1,0,1,3,3,0,2	6,12,6,6,3,11,9,8,11,9	3,1,0,2,2,0,2,1,2,4	5,10,7,8,7,8,6,4,6,16	148	75
2350	13,10,15,16,15,9,10,9,13,11	1,1,1,0,1,0,0,0,1,1	11,7,2,8,10,16,18,16,11,9	0,0,1,0,2,0,1,1,0,0	138	75
2352	2,3,2,0,6,1,0,1,0,5	8,11,10,9,12,4,5,10,14,13	0,0,3,4,1,4,1,0,4,4	11,12,9,14,21,16,14,6,12,17	150	75
2355	18,8,21,21,11,12,19,17,14,31	104,132,135,145,127,158,116,113,114,143	21,16,17,20,19,15,20,17,27,23	146,145,103,102,139,99,139,125,134,193	150	75
2356	2,8,2,6,1,3,2,5,5,6	99,120,110,111,92,109,129,112,98,132	2,5,0,0,2,1,2,3,4,1	117,101,97,100,113,111,112,114,118,106	150	75
2357	1,0,0,0,0,1,0,0,1,0	11,22,16,12,10,10,5,9,10,13	0,0,1,0,0,2,0,0,3,1	7,21,8,14,7,11,8,7,15,9	150	75
2358	1,2,1,0,0,1,3,0,0,0	5,17,17,10,11,10,12,6,6,12	1,0,0,0,0,0,0,0,1,0	9,13,12,14,9,10,17,19,10,14	150	75
2360	1,6,1,3,1,0,1,3,2,0	17,8,22,12,8,10,9,11,15,17	1,1,5,1,2,1,3,1,3,3	11,7,13,12,20,14,9,2,15,11	150	75
2361	3,3,2,4,2,1,1,1,6,1	16,15,17,16,9,19,17,17,14,13	3,2,2,6,3,1,7,4,4,5	9,9,10,15,9,9,11,8,10,18	150	75
2362	29,11,21,23,20,18,14,15,23,22	0,0,0,1,0,0,0,0,1,1	16,14,11,18,14,13,12,14,16,13	0,0,0,0,0,0,0,2,0,0	150	75
2363	1,0,1,1,0,0,0,2,0,1	0,1,0,0,0,0,0,0,2,1	0,0,0,0,0,1,0,2,2,0	1,1,0,0,0,0,0,1,2,0	150	75
2364	0,0,1,0,0,0,0,1,0,0	8,5,13,6,5,2,4,3,3,5	0,0,0,0,0,0,1,0,0,0	12,3,6,2,9,9,6,6,4,0	150	75
2365	9,4,11,13,6,8,9,5,4,9	71,76,77,71,59,81,67,76,76,84	6,3,2,5,6,4,8,6,22,15	71,60,66,67,61,87,100,55,62,68	150	75
2366	5,5,12,7,3,6,9,6,5,5	0,0,0,0,0,0,2,1,0,0	6,1,2,5,4,3,6,6,18,10	0,0,1,0,0,1,0,2,0,0	150	75
2367	0,3,2,1,1,1,1,2,3,2	95,117,92,111,90,111,78,109,94,101	1,0,3,2,0,0,4,4,2,3	70,101,93,84,93,87,99,85,112,125	150	75
2368	0,1,0,0,1,0,0,0,0,0	16,12,15,14,15,12,7,12,15,15	0,0,1,3,0,0,1,0,0,3	11,9,9,17,12,10,18,14,12,13	150	75
2369	1,1,2,2,1,2,0,2,0,1	54,46,50,56,49,41,35,55,46,43	3,1,1,0,0,0,2,2,2,2	40,48,39,47,53,38,59,47,49,42	150	75
2370	5,10,12,18,12,20,14,12,8,19	5,1,15,13,9,3,9,8,6,6	14,10,9,11,13,10,16,7,8,17	14,6,7,7,10,12,4,7,6,12	150	75
2371	1,1,2,1,1,1,0,1,3,1	35,40,25,26,21,22,24,20,28,36	0,0,1,1,1,0,3,0,0,2	28,28,22,30,33,25,44,31,39,35	150	75
2372	2,1,3,2,3,1,2,6,3,3	13,12,16,25,21,20,14,26,13,13	1,1,5,3,4,3,5,1,2,5	19,20,19,16,28,22,25,15,19,18	150	75
2373	11,2,10,5,3,3,4,4,3,10	61,85,69,72,62,73,58,67,77,80	3,1,4,4,4,2,3,1,10,9	78,63,62,54,64,58,77,65,66,58	150	75
2374	36,30,27,52,38,51,36,42,45,41	38,52,57,46,39,43,31,34,35,59	45,34,36,40,45,41,42,38,47,44	59,46,35,34,35,50,52,44,51,54	150	75
2375	0,0,0,0,0,0,1,0,1,0	1,0,1,1,1,2,1,2,1,0	1,0,0,0,0,0,0,1,0,1	1,0,1,0,0,1,0,0,1,0	150	75
2376	4,2,4,3,2,0,3,0,1,0	1,1,1,2,0,2,0,0,1,1	4,2,0,0,0,4,3,3,1,2	1,1,0,0,0,0,1,0,0,0	150	75
2377	4,4,2,2,2,0,5,0,2,4	30,48,31,29,24,24,22,27,29,27	3,2,0,1,2,4,2,5,4,1	31,42,25,31,22,24,31,39,31,29	150	75
2378	4,2,3,2,0,0,2,0,1,0	1,0,0,1,2,0,0,2,2,2	1,1,0,0,1,4,2,4,1,1	3,0,7,2,0,0,2,2,1,7	150	75
2379	1,0,1,2,2,2,0,1,1,0	17,8,6,15,11,14,6,15,7,7	0,0,1,1,1,0,1,1,2,1	11,12,15,18,13,12,14,16,7,12	150	75
2380	29,23,32,47,38,14,24,18,23,29	0,2,1,2,0,1,1,0,0,0	27,20,23,29,25,31,35,30,24,20	0,0,1,0,0,0,0,0,0,0	150	75
2381	0,1,0,0,0,0,0,0,0,0	13,15,19,21,16,15,25,18,16,13	0,0,0,0,0,0,0,0,0,0	23,16,20,30,17,18,23,15,14,12	150	75
2382	8,6,1,9,4,2,3,3,7,4	4,6,3,6,3,4,5,4,1,4	0,1,2,9,0,1,4,2,4,6	6,5,4,3,6,6,5,3,5,3	150	75
2383	3,0,4,3,2,1,1,3,4,4	0,0,0,0,2,0,0,0,1,2	4,1,1,0,1,4,1,0,1,5	0,0,0,0,0,1,0,0,2,1	150	75
2384	3,0,4,3,2,1,1,3,4,4	8,11,5,8,7,4,9,8,5,5	4,1,1,0,1,4,1,0,1,5	9,8,0,9,8,2,12,3,7,9	150	75
2385	0,0,0,0,0,0,1,0,1,0	2,2,0,1,2,0,0,1,2,2	0,0,0,1,0,0,0,0,0,0	2,1,1,0,2,1,1,0,1,2	150	75
2386	1,1,2,6,2,5,4,3,5,4	1703,2115,2007,2093,1964,2151,1800,1867,1723,2076	1,2,2,4,4,5,5,1,3,4	2053,1953,1751,2029,1948,1905,2160,1907,2165,1908	150	75
2387	1,2,2,2,0,2,0,4,3,1	11,23,20,27,23,31,25,15,21,23	0,3,1,3,0,5,4,1,5,1	20,26,19,25,22,16,27,14,23,17	150	75
2388	0,0,0,0,0,0,0,0,0,2	6,10,8,13,11,7,13,7,7,13	0,0,0,0,0,0,0,0,0,0	10,12,6,11,13,17,6,15,9,2	150	75
2389	1,1,0,1,1,2,0,0,0,0	11,14,10,24,11,10,14,10,12,14	0,0,2,0,0,0,1,0,1,0	18,10,9,11,17,13,11,13,7,8	150	75
2392	128,158,157,169,123,161,128,180,144,160	1,0,0,0,0,0,0,0,1,0	164,132,164,140,153,166,167,167,163,188	0,0,1,1,0,0,0,1,0,3	150	75
2393	0,1,0,2,1,0,0,0,0,1	0,0,0,0,0,0,0,0,0,0	0,2,1,1,1,0,0,1,1,2	3,0,0,0,0,0,0,0,1,0	150	75
2394	11,12,7,3,9,6,8,8,8,18	17,8,26,19,12,16,10,12,12,16	4,9,6,12,6,8,5,12,7,10	4,13,18,11,10,9,17,10,8,10	150	75
2396	3,1,2,4,0,0,2,1,1,1	18,30,28,32,28,21,22,27,16,31	2,0,0,1,3,0,1,2,6,5	32,24,26,19,27,26,27,25,29,34	150	75
2397	10,7,6,5,2,3,7,2,8,7	134,143,104,123,146,118,121,107,134,135	4,3,7,6,6,9,6,2,4,11	128,140,140,116,134,135,134,113,121,123	150	75
2399	5,4,2,5,7,3,3,5,4,6	2,6,6,7,7,7,5,4,2,5	5,3,0,6,2,2,8,3,8,8	7,7,7,9,5,8,3,7,10,9	150	75
2400	1,1,1,3,0,2,1,1,1,1	16,17,10,18,6,13,14,15,15,15	3,0,0,1,7,1,2,1,1,1	17,9,3,11,17,11,14,11,14,10	150	75
2401	7,1,3,0,1,5,1,3,4,1	6,9,11,10,10,9,14,8,11,20	4,4,2,0,1,1,4,3,4,2	14,16,7,15,13,16,14,7,5,5	150	75
2402	2,0,2,0,0,2,1,3,0,2	9,8,10,10,4,3,4,7,5,14	3,0,3,1,0,2,1,1,1,0	7,8,7,6,5,2,5,4,4,6	150	75
2404	0,0,0,0,1,0,0,0,1,0	69,55,65,65,67,40,43,39,33,65	0,1,0,0,1,0,0,0,0,1	66,57,65,70,69,39,59,44,49,32	150	75
2405	0,0,0,2,0,0,0,0,0,0	1,0,0,0,0,0,0,0,0,0	2,0,0,0,0,0,0,0,0,0	2,1,0,0,0,1,1,1,0,1	150	75
2406	2,2,1,11,1,5,2,1,3,4	11,8,13,8,10,14,5,9,10,9	0,8,7,5,3,1,3,2,1,1	12,2,9,6,8,11,5,4,10,11	150	75
2407	16,18,13,24,12,19,11,19,13,25	0,0,0,0,0,0,1,0,0,0	18,21,16,21,19,10,16,10,9,17	0,0,1,0,0,0,0,0,0,0	150	75
2411	1,0,0,0,0,0,0,0,0,0	0,0,0,1,0,0,0,0,0,0	0,0,1,0,0,1,0,0,0,0	0,0,0,1,0,0,1,0,0,1	150	75
2414	1,0,1,0,2,1,1,3,0,0	23,18,23,17,28,22,15,23,28,20	0,0,0,0,2,1,1,0,0,1	9,19,16,28,23,20,11,18,24,11	150	75
2416	0,0,0,0,0,0,2,0,0,0	51,45,47,61,41,45,29,41,38,31	0,0,0,0,0,0,0,0,0,0	39,32,45,49,46,40,37,41,40,34	150	75
2417	2,2,1,2,1,1,0,2,2,5	29,33,25,30,17,26,23,33,24,35	4,1,0,0,4,1,2,0,1,1	27,29,17,20,35,19,23,22,21,40	150	75
2418	5,7,12,6,8,6,6,3,8,4	35,59,48,49,46,48,35,46,39,48	7,3,1,4,5,2,3,5,7,11	51,47,41,44,63,46,54,60,47,55	150	75
2419	2,2,3,0,8,2,2,1,2,1	0,0,0,1,0,0,0,0,0,1	2,3,1,3,4,0,3,0,2,5	1,0,1,0,0,0,1,0,0,0	150	75
2420	1,0,0,1,0,0,0,0,0,2	5,8,2,7,6,4,2,4,11,4	0,0,1,0,0,0,0,1,0,1	13,6,5,1,4,5,6,5,9,6	150	75
2421	0,0,1,0,0,0,1,0,0,1	19,14,19,18,16,17,15,19,17,19	0,0,0,0,0,0,0,0,2,0	16,18,20,11,20,20,16,11,16,10	150	75
2422	2,4,3,8,1,2,3,2,2,1	25,32,41,42,29,22,20,31,21,24	2,4,0,2,3,5,5,0,3,0	25,26,27,34,29,36,31,20,29,30	150	75
2423	1,0,0,1,1,1,0,0,2,0	16,21,24,21,9,15,16,16,17,28	1,0,0,0,2,3,1,0,0,2	18,10,18,12,13,13,20,12,16,12	150	75
2424	0,0,0,0,1,2,0,0,0,1	23,38,35,36,47,20,29,35,21,30	0,1,0,1,0,0,0,0,0,0	34,35,29,38,37,29,31,28,22,21	150	75
2425	50,44,53,71,52,34,35,39,40,60	0,1,0,0,3,0,0,0,0,3	61,45,49,48,59,53,54,49,38,34	0,0,2,0,2,0,1,0,0,1	150	75
2426	43,53,46,62,47,28,38,33,38,41	0,0,0,0,0,0,0,1,0,0	49,41,57,43,63,53,58,31,40,26	0,0,0,0,0,0,0,0,0,0	150	75
2427	50,62,46,58,47,35,29,40,43,43	0,0,1,0,0,0,0,0,0,0	44,44,59,54,65,48,56,40,35,18	0,0,0,0,0,0,0,0,0,1	150	75
2428	3,6,10,9,8,2,11,6,16,6	142,197,136,150,180,150,134,146,144,171	4,3,3,9,5,3,7,17,9,26	183,164,157,178,159,136,173,193,165,146	150	75
2429	1,2,3,1,4,0,0,1,2,4	6,6,10,8,11,8,11,14,8,9	4,1,2,2,3,1,2,4,6,3	12,17,11,9,4,3,11,0,7,11	150	75
2430	0,3,2,4,0,3,0,3,1,2	25,29,31,20,25,24,26,25,23,25	1,0,3,1,2,2,1,0,1,1	22,22,27,16,28,23,35,24,37,18	150	75
2431	4,1,2,3,3,2,5,1,3,5	135,168,133,190,144,51,104,108,102,104	2,0,1,0,1,0,1,0,3,1	172,149,124,122,165,138,165,103,88,40	150	75
2432	0,0,0,0,0,2,0,0,2,0	21,16,33,19,14,17,10,29,15,19	0,0,0,0,1,0,0,0,1,0	18,14,9,2,22,11,23,10,17,22	150	75
2434	1,1,1,0,0,1,1,1,2,1	4,0,2,1,2,2,1,3,2,1	0,0,1,3,0,1,1,0,0,0	5,0,2,2,2,3,3,1,1,2	150	75
2435	0,1,1,0,1,0,2,1,1,2	1,5,7,4,6,3,3,10,3,7	0,0,2,1,1,0,1,0,2,0	7,1,2,7,2,3,3,2,4,3	150	75
2436	0,0,1,0,0,0,0,1,1,0	0,0,0,1,0,0,0,0,1,0	0,0,0,0,0,0,0,0,0,0	0,0,0,0,1,0,1,0,0,0	150	75
2437	21,24,19,18,22,9,16,10,11,18	1,2,1,3,2,2,2,0,0,5	28,20,25,16,29,21,24,9,14,23	0,0,1,2,1,2,1,1,5,0	150	75
2440	2,0,1,0,0,0,4,0,0,0	0,0,0,0,0,0,0,0,0,0	0,0,0,2,1,2,0,4,1,3	0,0,0,0,1,0,0,0,0,0	150	75
2441	0,3,0,3,2,1,1,1,0,1	123,135,138,163,110,112,119,143,135,124	2,2,1,1,1,2,1,2,0,2	147,140,131,159,132,137,141,122,139,178	150	75
2442	0,0,0,1,0,0,0,0,0,0	16,20,19,29,22,32,13,17,31,30	1,1,1,0,0,0,1,0,0,2	17,25,19,18,36,24,39,18,36,23	150	75
2443	1,0,1,0,0,0,4,2,1,2	0,0,0,1,0,0,0,0,0,0	1,1,0,0,0,1,1,0,1,2	1,0,0,0,0,0,0,1,1,0	150	75
2445	3,1,2,3,0,3,0,1,4,2	0,2,1,2,2,0,3,2,3,1	1,0,2,2,3,0,0,2,0,1	2,0,4,1,0,0,1,1,2,2	150	75
2448	0,0,0,3,2,0,2,0,1,1	383,452,382,442,390,313,299,335,326,377	1,0,0,2,0,0,2,2,2,3	354,340,433,415,386,404,420,367,381,386	150	75
2449	1,0,1,1,1,1,3,2,1,1	500,496,622,541,441,489,436,474,492,536	0,0,2,2,2,1,2,2,2,3	539,469,541,543,529,558,609,498,486,568	150	75
2451	6,4,2,9,3,3,5,6,1,0	44,32,39,43,41,48,28,36,35,49	1,4,0,4,1,3,7,1,5,5	28,29,24,47,38,36,36,43,35,51	145	75
2452	2,0,0,2,0,0,2,1,1,2	30,41,47,35,34,52,35,41,37,43	0,1,1,1,1,0,2,2,2,3	37,44,47,42,44,29,36,38,42,43	147	75
2453	3,0,2,2,1,2,5,6,4,2	29,22,23,27,36,30,23,37,20,35	4,1,3,3,3,6,2,1,5,4	37,38,20,24,20,27,24,32,23,42	141	75
2454	2,2,1,0,1,1,1,3,0,0	23,35,27,27,25,23,35,31,30,33	3,0,1,0,1,0,0,1,0,2	27,31,27,27,19,31,22,21,39,41	150	75
2455	0,0,1,1,2,0,0,0,1,2	38,33,31,36,33,50,32,36,35,36	1,1,2,0,2,0,3,0,2,1	38,36,34,39,36,30,37,27,59,45	148	75
2456	0,1,2,0,1,1,2,1,2,0	35,33,48,45,29,32,30,34,36,38	1,2,1,0,1,0,0,1,2,3	26,37,28,45,35,32,40,35,37,25	148	75
2458	1,0,1,0,2,1,0,1,0,0	26,20,30,27,28,21,25,29,21,27	0,0,0,0,0,0,0,1,0,0	32,34,25,27,27,23,45,27,33,28	150	75
2459	1,1,0,2,1,1,0,0,0,2	31,48,35,38,42,14,24,36,35,33	0,1,0,1,1,0,0,0,1,3	40,29,32,26,31,30,41,26,27,30	150	75
2460	1,0,0,4,3,2,2,0,1,2	175,197,196,204,187,125,127,147,151,195	6,2,0,1,3,1,2,3,5,2	215,152,175,142,183,166,196,159,147,92	150	75
2461	1,0,0,2,1,2,1,1,1,2	1,0,0,0,0,0,0,0,0,0	1,1,1,0,1,0,1,3,2,1	0,0,0,0,0,0,0,0,0,0	150	75
2462	0,1,0,1,0,1,1,1,1,1	238,268,258,235,251,260,219,228,255,279	0,0,0,0,1,0,1,0,0,0	222,252,213,266,267,245,269,234,271,296	150	75
2463	0,0,3,0,1,0,1,1,2,0	327,371,286,343,302,424,327,313,317,423	2,1,3,1,0,0,0,0,0,1	324,318,305,328,334,324,364,315,395,307	150	75
2464	6,14,13,8,8,3,4,2,5,8	291,304,349,309,264,305,298,279,308,283	6,8,1,9,8,6,6,5,4,10	274,260,264,317,319,310,290,278,302,331	150	75
2465	3,12,10,7,6,2,3,2,5,7	94,116,94,83,83,69,87,66,81,94	5,7,1,8,7,6,6,5,3,8	91,68,77,60,90,70,91,69,107,93	150	75
2466	2,1,1,0,4,1,2,1,0,0	298,282,288,272,235,242,257,268,249,285	4,0,0,0,2,2,3,2,3,3	231,254,243,235,277,258,285,235,255,268	150	75
2467	33,43,44,56,37,47,58,37,52,51	196,197,209,213,170,200,196,175,205,208	43,26,28,29,54,42,53,51,51,48	200,186,173,204,206,214,248,197,209,213	150	75
2468	1,1,2,1,5,1,2,1,1,2	11,11,12,16,16,7,8,11,11,12	3,3,5,4,4,3,4,1,1,2	17,10,11,9,16,16,19,16,13,16	150	75
2469	1,1,0,1,4,1,2,0,1,5	0,0,1,1,0,0,0,0,0,0	3,3,4,3,3,2,4,1,1,2	0,0,1,0,0,0,0,0,2,0	150	75
2470	4,0,0,1,0,1,0,1,1,0	9,22,18,13,14,9,10,8,13,14	0,0,0,0,3,1,2,1,2,2	13,12,15,17,19,17,15,19,23,15	150	75
2471	6,6,1,2,2,2,5,2,4,6	19,16,10,15,15,14,11,14,9,13	5,4,3,2,5,7,5,3,11,4	19,15,20,6,11,10,18,16,23,15	150	75
2473	91,124,112,134,113,108,90,86,81,124	0,1,0,1,0,1,0,1,0,0	99,96,108,105,108,112,114,80,125,103	5,2,2,1,0,0,3,0,3,2	150	75
2476	0,1,3,1,2,1,0,2,2,1	29,29,23,20,19,16,11,30,25,50	3,5,0,1,2,3,2,0,1,3	21,18,17,20,18,25,20,18,36,28	150	75
2477	93,96,89,90,94,105,91,105,93,127	0,0,0,1,0,0,0,0,0,1	110,93,103,100,115,98,104,83,122,112	2,3,1,0,1,2,0,0,1,0	150	75
2479	13,10,11,15,8,15,7,12,10,18	35,44,45,37,38,18,39,48,40,57	15,7,10,7,15,12,10,9,8,14	38,34,41,34,43,40,31,41,60,44	150	75
2480	0,0,0,0,0,0,1,0,0,0	4,2,3,2,3,1,5,3,0,2	0,0,0,0,0,0,0,0,0,0	6,2,3,3,6,2,4,1,0,1	150	75
2481	57,41,55,45,44,30,47,50,56,50	4,6,1,1,5,1,2,1,3,0	67,45,46,48,64,58,43,45,46,40	4,4,1,4,6,1,7,5,2,1	150	75
2482	1,2,4,6,3,4,2,3,1,10	30,35,36,36,32,21,23,21,29,37	7,0,1,0,10,0,2,1,5,1	21,35,31,41,31,30,25,23,25,32	150	75
2483	1,1,1,0,2,0,1,1,1,0	43,38,39,48,38,24,26,28,36,30	1,0,1,1,0,0,0,1,1,0	26,34,33,31,32,37,48,25,31,35	150	75
2484	4,4,10,2,2,1,8,6,2,3	37,29,28,22,22,26,31,24,19,25	4,2,4,3,2,2,8,1,5,6	30,22,26,14,33,30,28,20,23,22	150	75
2485	0,0,0,3,3,1,5,1,0,0	3,4,4,4,2,5,1,5,2,4	1,0,0,1,1,0,2,1,1,1	6,3,4,6,3,2,5,0,3,1	150	75
2486	0,1,1,1,1,0,1,1,0,2	1,0,0,0,0,0,0,0,0,1	4,1,0,3,1,2,1,2,0,2	1,0,0,0,0,0,0,1,1,0	150	75
2487	4,4,4,2,5,3,3,5,2,5	2,0,0,1,3,0,0,1,1,0	8,4,2,3,2,1,2,3,3,3	0,0,1,0,0,0,0,1,1,0	150	75
2489	0,0,0,0,0,0,0,0,0,0	68,92,77,83,57,58,50,49,64,67	1,0,0,0,0,1,0,0,0,0	66,79,57,103,48,47,72,86,77,56	150	75
2491	0,3,2,1,3,2,1,3,1,3	484,706,670,746,648,340,434,504,546,563	0,2,2,3,6,2,5,0,3,6	636,525,525,553,689,641,718,531,444,308	150	75
2493	0,0,0,0,0,1,0,0,0,0	0,2,1,0,1,1,1,1,0,1	0,1,0,0,0,0,0,0,1,0	1,1,0,0,0,0,1,0,0,1	150	75
2494	0,0,0,0,0,0,0,0,0,0	1,3,4,1,3,2,1,4,1,3	0,0,0,0,0,0,0,0,0,1	0,3,4,2,0,1,2,3,2,3	150	75
2496	0,0,0,1,2,2,1,0,2,0	1,2,0,1,0,4,0,3,2,1	0,0,2,1,1,0,0,0,1,1	3,0,0,0,1,0,0,0,0,1	150	75
2497	0,0,0,0,0,0,0,0,0,0	0,2,0,0,2,1,5,2,4,3	1,0,1,0,0,0,0,0,0,0	1,3,5,0,3,1,3,1,1,4	150	75
2498	42,44,58,66,48,39,35,35,37,42	129,188,165,146,130,146,119,137,125,133	39,31,28,32,42,24,31,27,36,41	155,115,119,132,139,123,148,136,175,168	150	75
2499	6,1,5,1,0,0,3,6,4,0	114,122,112,106,96,71,98,117,119,91	3,1,1,0,7,5,3,1,3,1	93,71,60,114,103,87,124,90,93,71	150	75
2500	1,1,1,2,1,1,1,1,0,0	72,58,67,65,53,55,45,57,62,72	2,0,3,0,0,2,0,1,0,4	68,39,50,74,67,59,58,55,51,63	150	75
2501	0,1,1,0,1,0,1,1,0,0	1,2,0,1,0,0,0,0,1,1	0,0,3,0,0,1,0,0,0,1	3,0,0,1,2,2,2,1,0,1	150	75
2502	18,16,35,31,15,27,29,17,34,32	115,110,150,122,107,77,99,97,112,114	42,25,21,17,28,24,19,24,28,30	142,100,127,109,127,89,122,115,97,92	150	75
2503	4,6,5,12,2,4,2,3,7,6	52,56,50,58,51,49,44,39,51,53	11,6,2,3,5,3,5,3,8,6	57,54,72,55,63,61,66,66,47,57	150	75
2504	0,0,0,3,1,0,1,1,0,2	136,194,160,129,131,114,116,128,148,110	1,0,0,2,0,0,1,1,3,6	158,119,122,157,161,134,169,143,143,135	150	75
2505	12,12,10,11,9,2,5,3,5,8	3,2,2,7,5,8,3,10,2,8	5,9,6,8,14,11,12,9,5,3	5,7,4,4,4,3,3,3,3,2	147	75
2506	0,0,0,0,0,0,0,0,0,0	0,0,0,0,0,0,0,0,0,1	0,0,0,0,0,0,1,0,0,0	0,0,0,0,0,0,2,0,1,0	150	75
2509	47,49,54,61,35,37,53,53,66,44	26,28,27,25,35,35,29,23,31,32	58,51,42,38,52,49,64,41,61,45	37,38,41,28,34,52,37,27,32,34	144	75
2512	1,0,0,0,2,0,1,0,0,1	0,0,0,0,0,0,0,0,0,0	0,0,1,0,0,0,0,1,1,1	0,0,1,0,0,0,1,0,0,0	150	75
2514	0,1,0,0,0,0,0,0,0,0	32,28,17,23,20,25,21,27,24,25	1,0,0,0,1,0,0,0,0,0	19,33,26,26,35,26,34,41,18,35	150	75
2516	0,0,0,2,2,0,0,0,1,0	3,3,6,5,1,2,5,3,1,5	0,0,0,0,1,2,0,0,2,0	4,3,3,4,5,3,8,4,6,6	150	75
2517	0,0,0,0,0,0,0,0,0,2	28,17,36,26,37,18,15,18,20,23	0,0,0,0,0,0,0,0,0,1	31,34,28,27,32,26,23,22,21,17	150	75
2518	0,0,0,1,3,1,0,0,2,0	24,28,33,27,20,20,29,22,32,32	0,1,0,0,0,0,0,0,1,0	21,39,29,25,31,27,35,32,20,29	150	75
2519	3,1,0,1,1,1,1,3,2,1	82,82,93,116,66,81,71,89,80,113	0,1,1,2,4,1,0,0,0,2	64,95,86,95,92,95,87,70,98,100	150	75
2520	1,0,0,0,0,0,0,0,0,0	26,27,27,36,35,24,39,23,22,40	0,0,0,0,0,0,0,0,1,1	25,42,22,29,34,35,33,25,39,35	150	75
2521	11,7,9,6,5,7,15,4,5,6	7,13,6,12,20,16,7,14,13,15	4,5,3,5,1,3,3,3,5,6	13,20,17,14,19,13,18,19,11,25	150	75
2522	0,0,0,0,0,0,0,0,0,0	26,33,25,31,34,27,26,23,29,23	0,0,0,0,1,0,0,0,0,0	37,30,33,35,33,33,38,25,41,29	150	75
2523	0,2,1,0,0,1,1,1,1,2	2,3,6,1,2,1,0,0,0,2	0,1,0,0,0,0,3,3,1,0	1,2,4,5,4,3,2,1,2,5	150	75
2524	6,4,2,4,3,2,8,5,5,4	33,54,31,31,21,32,21,30,29,34	10,3,3,5,6,4,4,4,7,11	33,40,25,28,28,25,33,36,40,31	150	75
2525	6,3,2,4,3,2,8,5,4,4	0,1,0,0,0,1,0,0,0,0	10,3,3,5,6,4,5,3,7,13	0,0,0,0,0,0,0,0,1,0	150	75
2526	1,0,0,2,0,1,0,0,0,0	2,2,2,1,2,1,1,2,2,3	2,0,0,0,0,2,0,0,0,1	2,4,0,1,2,1,0,1,3,4	150	75
2527	9,7,6,13,8,10,7,6,8,15	34,61,65,77,43,70,51,51,54,72	11,5,12,6,11,5,9,7,9,15	62,67,65,48,40,49,56,44,70,66	150	75
2529	8,17,8,15,15,20,10,9,10,9	0,0,0,0,0,1,0,0,1,2	13,17,10,13,10,9,13,14,13,9	1,1,0,0,1,0,0,1,0,0	150	75
2530	0,0,0,0,0,1,1,0,0,0	12,6,7,6,8,6,8,9,4,9	0,0,0,0,0,0,1,0,0,0	4,6,7,12,7,4,16,5,5,3	150	75
2531	1,2,1,2,0,1,1,1,2,1	14,15,24,24,15,12,18,18,15,19	0,3,0,0,2,1,0,0,1,0	19,19,17,13,7,20,21,15,12,13	150	75
2532	6,2,4,5,4,1,9,7,2,3	78,81,84,105,89,56,57,74,66,72	6,2,4,4,1,1,4,4,0,1	87,84,65,97,88,86,93,63,63,59	150	75
2533	5,3,1,3,3,2,3,2,3,6	87,77,71,81,71,73,71,54,68,69	4,1,3,5,3,1,3,4,1,4	89,79,83,57,89,81,79,72,67,87	150	75
2534	1,0,1,1,0,0,0,0,0,0	97,125,123,103,95,77,70,90,88,102	0,2,0,0,0,1,0,0,1,0	135,84,86,102,120,112,115,107,97,76	150	75
2535	3,8,4,7,5,9,4,6,2,9	115,136,173,117,131,121,112,122,102,154	8,4,1,2,13,2,7,1,10,8	131,121,105,112,112,115,124,100,129,106	150	75
2536	19,17,15,28,18,13,12,12,12,15	0,2,1,1,1,0,0,0,2,0	25,20,10,11,27,13,17,12,17,7	0,0,4,0,0,2,0,2,4,1	150	75
2537	0,1,1,1,0,4,2,1,1,0	1,0,1,0,1,0,1,1,0,0	0,0,0,0,0,0,0,0,0,2	0,1,0,0,2,0,0,0,1,1	150	75
2538	0,3,0,1,0,0,0,0,0,0	3,2,2,3,6,3,1,0,4,1	0,0,0,0,0,0,0,0,0,0	2,3,0,3,5,4,3,2,2,6	150	75
2539	11,13,14,19,15,11,8,18,7,16	65,66,45,74,80,48,45,50,74,79	16,6,6,13,14,4,13,12,10,30	46,50,71,65,62,59,74,78,61,73	150	75
2540	1,3,7,4,5,7,4,3,6,5	64,72,79,68,67,52,50,56,53,63	6,4,2,7,2,0,2,2,4,5	73,53,63,67,79,65,57,53,67,55	150	75
2543	17,16,20,14,11,15,19,8,13,15	215,221,291,302,288,191,259,224,282,420	17,12,13,17,29,15,10,12,25,24	317,285,199,186,267,240,287,195,164,217	150	75
2544	0,0,0,0,0,0,0,0,0,2	24,29,28,30,21,14,19,13,27,26	0,0,0,0,0,0,0,0,0,0	34,18,26,22,39,14,21,23,21,9	150	75
2545	0,2,0,0,0,2,0,0,0,0	0,1,0,0,0,2,0,0,2,0	0,0,0,0,0,0,0,0,0,0	2,0,0,0,0,1,0,1,0,2	150	75
2547	1,6,7,5,3,4,3,1,3,2	41,49,57,47,54,61,46,58,42,52	3,2,5,3,0,3,5,2,2,5	43,44,41,43,56,39,54,44,64,66	150	75
2548	0,1,0,0,0,0,1,0,0,0	27,51,41,57,45,40,30,38,41,52	1,1,1,0,0,0,0,0,0,0	48,42,34,29,43,38,61,48,57,49	150	75
2550	0,0,1,0,1,0,1,0,1,0	59,69,68,61,62,56,44,52,38,76	0,0,2,0,4,0,0,1,0,2	62,65,57,66,55,58,70,51,72,77	150	75
2551	0,0,1,2,1,0,0,2,0,1	29,59,64,62,61,43,39,37,42,60	1,2,1,1,0,3,0,0,1,0	53,43,50,37,68,49,61,43,75,52	150	75
2552	1,0,0,0,0,0,0,0,0,0	20,14,18,25,17,12,24,19,18,15	0,0,0,0,0,2,0,0,1,0	16,14,27,16,24,22,12,18,30,24	150	75
2554	0,0,0,0,0,0,0,0,0,0	1,1,0,1,2,2,0,2,0,2	1,0,0,0,0,0,0,0,0,1	2,1,0,0,0,1,2,2,4,0	150	75
2555	0,0,0,0,0,0,0,0,0,0	0,0,0,0,1,0,0,0,0,0	0,0,0,1,0,0,0,0,0,0	0,0,0,0,0,0,0,0,0,0	150	75
2556	0,2,1,1,1,2,0,0,1,1	49,47,48,47,34,60,53,45,32,55	0,2,1,0,1,2,5,0,2,0	44,57,43,45,45,58,54,41,52,53	150	75
2557	3,1,7,4,2,3,2,6,2,1	95,150,121,124,145,139,103,111,105,112	5,4,4,0,4,5,6,1,4,4	126,140,110,115,123,111,160,119,142,139	150	75
2558	33,47,48,56,41,36,42,30,43,51	0,0,0,1,0,0,0,0,0,0	41,31,53,38,71,46,52,54,39,30	0,0,0,0,0,0,0,3,0,0	150	75
2559	52,58,63,78,59,46,62,46,61,79	0,0,0,1,0,0,0,0,1,0	63,51,78,61,107,70,84,75,51,47	0,1,1,0,1,1,2,0,0,0	150	75
2561	0,1,0,0,0,0,0,0,1,0	11,8,5,6,1,9,5,2,9,5	0,0,0,0,0,0,0,0,0,0	2,3,9,1,6,5,5,2,2,3	150	75
2562	0,1,1,0,0,0,0,0,0,1	11,5,3,13,8,17,5,12,14,9	0,0,0,0,0,0,0,0,0,0	8,8,9,13,11,10,12,12,14,19	150	75
2564	0,1,1,2,1,1,1,0,1,0	11,14,15,17,9,9,11,14,6,10	1,0,1,0,2,0,0,0,0,0	11,10,7,6,7,7,13,3,7,15	150	75
2565	1,4,3,2,6,5,1,2,3,6	14,10,11,16,9,7,8,10,14,8	7,0,0,3,2,1,2,1,3,2	12,9,4,13,11,17,11,9,14,14	150	75
2566	7,3,8,6,5,4,2,6,7,12	7,16,10,12,16,6,8,7,4,15	10,4,10,4,5,1,5,6,9,12	22,14,11,3,8,7,13,10,9,13	150	75
2567	7,7,10,11,5,8,6,7,8,10	0,0,0,0,0,0,0,0,0,0	11,5,7,4,5,3,6,10,9,14	0,0,0,0,0,0,1,1,0,0	150	75
2570	1,4,1,10,4,1,5,1,1,2	84,72,71,57,59,55,64,53,68,84	6,0,1,4,4,3,3,2,2,4	56,61,59,81,53,61,59,60,80,64	150	75
2572	2,1,1,5,3,2,0,2,1,3	41,68,55,68,70,45,37,44,54,61	1,0,2,1,2,3,3,5,1,0	55,69,55,51,85,63,77,51,44,36	150	75
2573	41,38,33,40,39,33,43,34,32,41	4,2,3,4,3,2,1,2,2,3	45,24,29,24,37,32,41,43,29,37	3,0,0,2,2,3,2,1,1,3	150	75
2574	0,0,0,1,0,0,2,0,0,1	17,22,29,28,29,20,11,21,18,23	0,2,0,1,0,0,1,0,0,0	34,24,21,19,30,19,28,21,17,15	150	75
2575	1,1,1,0,0,0,2,0,0,2	0,2,0,4,0,0,3,1,1,1	0,0,0,0,3,0,1,0,0,0	1,1,0,0,0,0,0,5,1,2	150	75
2576	0,0,0,0,1,0,0,0,0,0	99,77,67,96,80,49,57,82,73,72	0,1,0,0,0,0,0,0,0,0	104,86,70,80,94,70,93,62,81,44	150	75
2577	0,0,0,1,0,0,0,0,0,0	111,112,109,131,131,67,80,102,100,122	0,0,0,0,0,0,1,0,1,1	156,93,116,117,81,102,123,100,104,58	150	75
2578	2,1,5,0,1,5,4,4,3,5	60,30,44,50,47,45,41,44,48,48	1,3,1,0,2,3,3,1,2,7	44,42,37,35,57,50,51,48,52,46	143	75
2579	9,9,8,11,12,3,9,3,5,10	93,78,108,88,82,81,97,107,85,102	9,8,7,8,9,6,6,2,10,10	99,98,101,88,114,101,104,80,109,114	150	75
2580	82,103,99,104,78,76,80,86,112,85	7,8,5,5,4,8,3,5,8,4	119,109,105,99,137,93,88,76,124,78	5,2,6,6,3,7,11,1,4,6	150	75
2581	13,8,19,11,3,8,8,10,14,14	0,0,0,1,0,0,0,0,0,0	15,15,15,17,16,16,5,10,16,14	0,0,0,0,0,0,0,0,0,0	144	75
2584	0,0,0,1,1,1,1,1,1,0	0,1,0,0,2,0,0,0,0,0	0,2,0,0,0,1,1,0,1,0	2,0,1,0,0,0,0,0,0,0	150	75
2585	195,233,248,266,234,171,195,191,201,312	29,21,28,41,41,27,22,25,25,29	232,249,247,228,264,256,258,232,273,227	36,38,26,27,25,26,20,24,32,22	150	75
2588	1,2,0,0,0,0,2,0,0,1	10,7,10,9,10,7,8,3,5,4	0,2,0,1,0,1,0,0,1,0	5,4,10,11,6,9,5,4,5,5	150	75
2589	0,0,0,0,0,0,0,0,0,0	5,12,17,6,12,7,9,7,14,12	0,0,0,0,0,0,0,0,1,0	16,15,2,7,9,8,10,7,4,3	150	75
2590	9,6,9,8,7,2,6,6,6,4	1,0,1,0,1,0,0,0,1,2	12,5,5,2,3,6,9,7,2,4	1,1,0,2,0,1,0,0,2,0	150	75
2591	10,8,11,25,8,7,9,3,6,9	2,0,3,2,0,0,1,3,2,1	8,11,12,10,2,5,13,2,6,4	2,4,1,0,0,3,1,1,2,1	141	75
2592	5,2,1,2,2,1,4,7,1,3	13,14,12,12,11,17,12,11,16,10	6,3,2,5,3,3,1,1,1,4	13,14,13,21,23,14,5,11,14,13	150	75
2593	0,0,0,0,1,0,1,0,0,1	5,15,14,15,12,16,12,4,12,11	1,0,0,0,2,0,1,0,0,0	15,9,9,12,14,8,11,19,19,20	150	75
2594	0,0,0,0,0,0,0,0,0,0	11,11,6,4,7,7,5,8,6,10	0,1,0,1,1,0,0,1,0,0	8,7,6,4,10,13,16,4,5,2	150	75
2598	0,0,0,1,0,0,0,0,0,0	19,29,25,24,14,15,18,26,18,22	1,0,0,0,0,0,0,0,1,1	20,17,15,18,24,13,20,16,15,20	150	75
2602	0,1,0,1,2,0,1,4,1,1	2,1,5,10,4,0,3,2,2,1	0,0,0,2,1,1,1,0,0,3	2,0,1,0,2,1,2,2,0,0	150	75
2603	126,138,124,161,140,114,111,142,133,147	2,0,2,1,0,1,0,2,1,0	133,104,113,104,160,139,106,119,120,101	3,3,1,0,5,4,0,1,2,1	150	75
2604	0,0,0,0,3,2,1,1,0,0	140,149,136,149,120,144,98,159,131,148	1,2,0,1,4,1,3,1,0,2	138,139,120,145,96,182,162,147,153,164	150	75
2605	10,8,13,13,9,6,9,14,16,19	152,139,138,140,122,139,141,161,148,174	18,9,17,12,11,19,10,9,22,14	155,159,139,174,121,151,174,147,179,152	150	75
2606	35,38,48,48,30,40,26,47,34,36	2,3,2,7,6,3,3,11,8,2	36,40,30,36,35,38,41,35,27,44	6,5,1,3,8,4,8,10,5,8	150	75
2607	1,0,1,2,0,0,0,1,3,0	28,19,36,20,31,21,26,24,29,39	0,0,0,1,1,0,0,0,0,0	43,24,22,32,23,29,39,24,33,40	150	75
2608	1,2,0,0,0,0,2,0,0,0	37,23,33,31,24,25,31,31,24,25	1,0,0,0,2,0,0,0,1,0	33,23,30,26,26,25,30,36,26,41	150	75
2609	0,1,2,0,0,0,0,0,1,0	0,1,0,1,1,0,0,0,0,0	0,0,0,1,0,0,0,0,0,2	0,0,0,0,0,0,0,0,0,0	150	75
2610	0,2,0,0,1,0,3,0,0,0	24,24,39,42,29,38,22,45,34,43	0,0,0,0,2,0,0,0,3,0	29,31,27,42,18,36,37,28,40,38	150	75
2611	3,6,9,13,4,8,9,5,5,11	8,10,12,11,10,15,12,13,10,11	5,2,2,4,5,2,1,3,11,5	11,7,8,9,8,19,20,11,13,11	150	75
2612	0,0,1,0,0,0,0,0,0,0	0,0,0,0,0,0,0,0,1,1	0,0,0,0,1,0,0,0,0,0	0,0,0,0,0,0,0,0,0,0	150	75
2614	8,0,0,8,3,3,1,2,3,1	19,20,19,26,32,26,15,32,22,33	2,3,3,2,3,1,1,3,3,1	28,21,18,19,30,24,29,40,33,15	150	75
2615	3,7,2,7,4,1,0,4,1,2	34,29,33,30,24,33,22,25,27,34	4,4,1,1,2,2,5,3,5,2	39,25,15,32,22,25,28,19,36,41	149	75
2616	3,2,3,4,2,2,4,7,0,4	0,0,0,0,0,0,0,0,0,0	3,1,2,1,2,0,2,0,1,3	0,0,0,1,0,0,0,0,0,0	150	75
2617	1,0,0,0,0,0,0,0,0,0	2,5,4,3,3,2,2,4,6,5	1,0,0,0,0,1,0,0,0,0	5,4,6,7,6,9,6,3,6,3	150	75
2618	0,1,0,1,1,0,0,0,0,0	843,872,741,799,689,883,802,829,878,892	0,0,0,0,1,0,0,1,1,1	870,757,727,806,868,875,890,834,895,905	150	75
2619	0,3,1,0,4,0,2,2,0,3	62,55,59,44,59,62,46,58,52,80	0,1,1,0,2,5,2,1,1,1	52,59,54,59,62,46,59,51,66,91	150	75
2620	1,0,2,0,0,0,3,2,0,0	38,29,39,35,27,37,32,32,33,35	1,1,1,2,0,0,1,0,0,4	35,19,30,31,33,35,43,20,38,37	150	75
2621	0,2,3,2,1,1,0,2,2,1	32,30,35,26,25,21,27,26,19,37	3,3,2,1,2,0,4,2,1,2	31,25,20,27,26,30,33,26,40,42	150	75
2622	8,9,7,7,11,8,4,5,8,7	13,9,9,15,10,10,7,6,9,5	16,6,4,9,14,1,4,1,8,4	10,4,5,13,11,10,14,4,5,11	150	75
2623	5,8,11,12,12,11,9,5,6,10	1,0,0,0,0,0,0,0,0,0	13,8,7,10,17,2,5,1,7,8	0,0,0,0,0,0,1,0,0,0	150	75
2624	17,19,22,27,23,20,13,10,18,11	2,3,4,2,6,1,2,9,5,4	9,11,6,13,21,5,6,9,16,24	2,5,3,1,1,4,4,3,2,8	150	75
2625	17,17,20,25,24,19,15,10,17,11	2,0,6,3,2,0,0,4,2,0	9,11,6,11,18,5,5,10,16,24	0,1,1,1,2,3,2,2,0,5	150	75
2627	1,0,2,1,2,0,0,0,2,0	12,7,16,14,14,19,17,12,17,24	0,0,3,0,0,0,0,0,0,0	18,14,22,12,16,21,18,5,13,11	150	75
2628	0,0,0,1,1,0,0,1,0,0	0,0,0,0,1,0,0,1,0,0	0,0,0,1,0,0,0,1,0,1	1,0,0,0,0,0,0,0,0,0	150	75
2629	0,0,4,0,0,1,0,1,0,0	39,33,25,36,42,25,20,31,23,30	0,1,0,3,0,1,1,1,0,0	33,26,28,40,24,32,37,28,29,25	150	75
2630	0,0,0,0,0,0,0,0,0,0	151,215,191,213,195,161,146,177,153,150	0,0,0,1,1,0,0,0,1,0	174,162,140,212,203,184,224,179,183,164	150	75
2631	1,0,0,0,0,1,0,0,0,4	19,28,21,27,19,11,13,17,12,16	2,1,0,0,2,1,0,0,0,0	25,15,14,14,18,18,28,18,13,15	150	75
2632	3,6,5,6,0,2,2,2,0,1	14,13,11,9,24,6,19,14,19,12	2,3,1,2,3,1,4,1,2,4	18,16,18,15,10,12,20,12,6,7	150	75
2633	2,7,8,11,13,7,12,4,13,13	186,229,243,246,240,208,194,205,211,236	8,7,7,6,12,12,5,10,11,10	198,200,180,205,218,203,217,200,217,203	148	75
2634	2313,3118,2733,2630,2284,2815,2648,2646,2700,3023	120,145,155,128,108,124,120,126,170,152	2564,2351,2328,2819,2785,2920,2807,2866,2688,2713	129,103,143,146,131,166,171,130,126,133	150	75
2635	0,1,3,3,2,5,2,0,1,2	40,42,49,37,40,18,29,42,47,30	0,0,0,1,4,1,4,1,2,1	48,32,29,30,50,46,43,36,35,21	150	75
2636	6,1,1,1,2,0,0,0,1,3	82,85,83,93,74,51,73,72,75,74	1,2,0,4,1,1,4,0,3,0	85,51,78,89,87,93,85,78,67,48	150	75
2637	2,0,0,2,1,0,0,2,1,0	7,7,18,9,14,5,8,17,7,9	0,0,0,0,0,1,0,0,1,0	11,14,12,5,8,11,12,14,11,1	150	75
2638	1,0,0,3,1,1,1,1,2,2	13,15,13,13,16,13,9,8,13,10	4,0,1,0,1,4,2,0,0,2	19,12,11,10,12,5,11,10,9,6	150	75
2639	1,1,0,1,0,0,0,1,0,1	0,0,1,2,1,0,0,1,1,0	0,0,0,0,0,1,0,0,1,1	1,0,1,2,1,1,1,2,0,0	150	75
2640	0,0,0,1,0,0,0,0,1,0	1,1,1,1,2,3,1,2,0,2	3,0,0,0,2,0,1,0,1,0	0,1,0,0,2,1,2,0,3,0	150	75
2641	0,0,0,0,0,0,0,0,0,1	0,0,1,1,2,2,1,0,1,0	0,0,0,0,0,0,0,0,0,0	2,3,1,1,2,2,1,1,0,2	150	75
2642	0,0,0,0,2,0,0,0,0,0	0,0,0,2,1,0,2,0,0,0	2,0,0,0,0,0,1,0,0,2	1,2,2,0,2,1,2,0,0,2	150	75
2643	0,1,5,3,0,1,2,1,1,1	0,1,0,0,0,0,0,0,0,1	1,0,1,1,2,3,1,0,0,0	0,0,0,0,0,0,0,0,1,0	150	75
2644	0,0,0,0,0,0,0,0,0,1	0,0,0,1,0,0,0,1,1,0	0,0,0,0,0,0,0,0,0,0	1,0,1,0,2,1,1,0,0,1	150	75
2645	0,1,0,0,0,1,0,2,1,1	1,0,0,0,0,0,0,0,0,0	3,0,0,0,1,0,3,0,2,0	0,0,0,0,0,0,0,0,0,1	150	75
2646	0,0,0,0,0,0,0,1,0,0	0,0,2,1,2,1,0,0,1,0	1,0,0,0,0,0,0,0,2,0	0,0,0,2,0,0,2,0,0,0	150	75
2650	0,0,0,0,0,0,0,0,0,0	1,1,0,0,0,0,0,0,0,0	0,0,0,0,1,0,0,0,0,0	1,0,0,0,0,0,0,0,0,0	150	75
2655	2,0,0,1,0,0,0,0,1,2	17,20,12,15,10,15,8,17,11,19	2,0,0,1,3,0,0,0,0,0	17,20,14,13,17,19,13,27,21,6	150	75
2657	3,2,1,4,2,2,1,3,3,3	71,54,70,74,50,58,53,66,52,59	0,1,0,1,0,0,0,1,3,2	65,59,42,58,79,60,71,50,62,57	150	75
2658	3,0,6,3,3,3,1,1,0,1	0,0,3,3,2,0,0,1,2,1	2,2,2,0,0,0,1,1,2,0	0,1,1,1,1,1,0,1,0,0	150	75
2660	0,0,0,0,1,0,0,0,0,0	26,24,23,30,26,9,13,19,10,16	0,0,0,0,0,1,0,0,0,0	32,20,22,22,26,29,22,28,17,17	150	75
2661	11,8,14,10,12,3,6,9,13,6	61,59,83,76,55,59,47,77,56,70	8,8,10,7,16,8,9,11,17,15	65,59,63,68,63,59,73,48,68,52	150	75
2662	5,3,0,0,0,2,1,2,4,1	17,11,17,9,12,10,9,13,10,17	2,2,0,0,2,4,0,1,0,1	16,11,11,12,14,12,22,14,10,7	150	75
2663	0,0,1,3,1,0,1,1,0,0	160,168,173,192,144,164,130,190,152,190	0,0,0,0,2,0,0,1,0,0	172,180,153,152,179,162,146,138,181,176	150	75
2664	153,123,168,163,137,152,138,210,166,174	32,15,15,4,9,27,18,20,29,10	169,172,174,132,155,186,189,171,182,239	10,13,10,11,15,15,17,16,18,19	150	75
2665	0,0,0,0,0,0,0,0,2,0	40,39,26,41,34,29,32,35,32,32	1,0,1,0,0,0,0,0,0,0	40,36,23,40,22,32,49,11,26,17	150	75
2666	7,4,4,1,3,5,7,3,6,2	19,8,15,21,13,9,11,12,13,13	3,3,2,5,6,5,5,2,5,8	14,18,10,14,17,19,22,10,21,20	150	75
2667	1,0,0,2,0,1,0,1,0,1	4,11,7,13,15,10,9,19,11,6	0,0,0,0,2,2,0,0,1,1	9,5,8,5,11,7,7,12,10,9	150	75
2668	14,11,14,11,15,8,12,14,19,16	98,103,93,88,96,121,86,116,123,85	19,8,10,9,17,12,14,6,24,26	101,100,91,121,86,86,84,104,122,171	150	75
2669	14,9,9,11,7,8,13,1,7,11	3,0,2,4,5,2,3,3,2,4	12,5,1,10,7,3,7,5,6,4	6,1,3,0,6,1,3,1,1,4	150	75
2671	0,0,1,0,2,0,0,0,0,0	9,11,6,9,14,10,6,7,11,7	1,0,0,0,0,2,0,0,1,0	5,6,12,4,10,12,11,9,13,16	150	75
2672	0,1,0,0,0,1,2,1,1,0	11,15,23,11,20,21,19,16,17,22	0,1,0,0,1,2,1,0,2,1	12,16,15,20,13,21,15,14,24,19	150	75
2675	0,0,0,0,1,1,1,0,0,1	5,5,8,6,6,3,8,7,1,5	1,0,0,1,0,0,0,1,0,0	2,7,2,5,5,2,2,0,3,1	150	75
2676	23,21,26,40,24,23,26,31,25,27	35,69,35,40,34,44,58,47,50,45	33,13,19,29,39,13,26,23,40,31	47,42,41,54,42,47,40,45,42,56	150	75
2677	5,0,3,3,2,0,2,1,3,3	3,7,5,9,3,10,5,5,6,5	2,1,2,3,0,0,1,2,2,5	7,9,6,9,9,6,5,6,8,11	144	75
2679	6,9,2,12,7,5,2,3,6,7	157,143,165,157,112,116,126,138,138,147	11,3,5,3,5,5,7,1,10,10	125,134,123,156,133,128,173,117,119,138	150	75
2680	0,0,2,3,1,2,0,1,1,1	120,142,151,146,128,134,106,125,129,134	0,1,1,3,2,1,0,0,3,1	136,118,140,155,150,131,140,108,138,154	146	75
2681	19,17,15,29,14,14,19,22,22,14	0,0,1,1,0,0,0,0,0,0	10,14,16,18,17,17,12,12,30,26	0,0,0,0,0,0,0,0,0,0	150	75
2682	34,37,40,47,25,35,36,45,41,32	114,120,133,135,129,103,108,119,114,142	31,32,32,35,32,29,30,27,53,46	130,125,118,99,146,133,119,110,148,125	147	75
2683	1,6,3,5,2,2,5,2,0,3	0,0,5,1,6,0,0,0,0,1	0,1,0,1,7,4,3,0,2,2	0,4,1,0,0,0,1,0,0,1	150	75
2684	0,1,1,0,0,0,0,0,0,0	38,53,20,48,35,39,38,35,57,52	0,1,0,0,1,0,0,1,0,0	38,28,36,43,41,27,38,42,54,67	150	75
2685	19,8,8,16,7,15,13,13,17,14	102,114,124,142,97,110,87,111,90,110	17,12,9,15,17,16,17,20,13,23	115,107,93,108,98,95,141,96,104,134	150	75
2686	16,5,18,16,8,18,11,12,6,16	52,68,74,72,69,80,49,57,56,74	12,9,11,11,10,9,13,13,6,11	54,67,78,72,57,47,66,51,65,63	150	75
2687	1,2,0,0,1,0,0,2,1,1	1,0,0,0,0,0,0,0,0,3	0,2,0,1,0,1,0,2,0,1	1,0,0,0,0,0,0,0,0,0	150	75
2689	7,2,3,5,1,3,5,4,3,5	0,0,0,0,0,0,0,0,1,0	3,2,2,4,7,5,5,2,12,6	1,0,1,0,0,0,0,0,0,0	150	75
2690	9,12,13,21,8,9,7,10,12,11	0,1,0,0,0,0,0,0,0,0	8,10,6,4,9,7,12,12,21,30	0,0,0,0,0,0,0,0,0,0	150	75
2691	33,31,42,28,27,20,23,26,23,33	38,42,46,49,43,45,28,45,46,35	24,16,27,25,29,45,28,20,37,22	34,40,36,44,38,35,43,53,38,41	150	75
2692	17,11,10,13,9,18,12,8,12,4	53,55,61,51,54,58,41,42,50,49	10,20,8,16,15,16,18,22,14,20	66,40,50,50,66,52,41,51,61,40	150	75
2693	10,10,15,6,5,9,5,4,6,11	57,40,53,59,38,51,42,53,41,44	12,8,17,6,10,11,8,11,8,6	50,47,62,57,54,46,57,52,39,43	150	75
2694	4,4,1,4,2,3,1,0,5,1	37,23,32,39,33,34,33,35,38,36	3,0,0,3,1,1,1,2,1,0	26,33,42,28,22,23,39,20,33,40	150	75
2695	16,16,22,21,6,5,10,15,16,22	0,0,0,0,0,0,0,0,0,1	20,11,23,22,29,17,31,11,6,5	0,0,0,0,0,0,0,0,0,0	77	75
2697	0,1,3,0,1,2,0,1,2,1	212,190,226,183,157,113,117,154,196,174	2,1,0,2,4,0,2,1,2,2	182,168,153,162,172,192,199,139,136,98	150	75
2699	7,6,15,7,11,6,7,9,2,14	29,26,13,20,19,27,24,28,25,26	6,6,6,7,7,8,4,4,12,2	19,32,29,25,25,20,30,24,23,31	150	75
2700	0,1,0,0,0,0,0,0,0,0	24,18,15,25,18,15,17,25,21,38	0,0,0,0,0,0,0,0,0,0	23,24,22,19,37,29,28,23,23,20	150	75
2702	12,14,11,12,12,12,12,15,16,12	10,19,23,21,16,21,18,22,20,18	8,13,2,15,14,11,4,10,21,22	21,31,24,24,21,20,22,20,30,29	150	75
2703	0,2,2,1,4,0,1,2,2,0	26,45,43,35,27,36,26,31,38,34	3,0,2,2,4,1,2,1,1,2	37,40,27,25,39,29,37,24,34,47	150	75
2705	0,0,1,0,0,0,0,0,0,0	1,3,1,0,0,0,0,0,0,2	0,0,0,0,0,0,0,0,0,0	2,2,0,0,1,1,0,1,1,1	150	75
2706	3,2,3,2,0,1,3,1,3,1	8,7,8,7,6,6,6,9,6,15	6,2,4,1,4,4,5,1,6,3	11,9,4,7,6,5,10,6,10,9	150	75
2707	4,5,1,6,3,1,3,4,0,5	77,72,92,85,90,91,71,82,68,98	1,2,0,3,5,2,5,3,6,8	98,81,90,82,61,76,109,85,79,80	150	75
2708	1,1,0,2,1,0,2,1,0,1	1,0,0,2,0,0,1,0,0,1	1,1,1,1,2,0,0,0,1,2	0,1,0,0,2,0,0,0,0,1	150	75
2709	0,0,0,1,1,0,0,0,0,0	7,7,8,8,14,8,10,6,6,8	0,0,0,0,0,0,1,0,0,0	17,11,13,11,11,8,12,9,12,15	150	75
2710	0,0,1,1,0,0,1,1,1,0	236,258,274,288,251,235,234,214,224,273	0,1,0,1,0,0,2,0,0,0	230,207,233,246,267,250,236,218,268,258	150	75
2711	25,13,17,26,22,12,15,19,15,24	4,1,3,2,1,0,1,1,3,3	27,18,16,15,31,26,26,14,20,12	6,0,2,4,8,3,0,1,6,0	150	75
2712	1,1,1,1,1,3,1,0,2,0	22,29,28,29,30,24,18,20,16,21	1,0,0,1,0,0,0,0,0,2	34,19,17,20,27,18,27,18,25,16	150	75
2713	3,2,2,7,2,6,1,1,0,4	24,34,35,29,23,31,23,32,24,36	0,1,0,3,2,1,2,2,2,0	31,26,32,24,38,21,33,22,30,28	150	75
2714	2,2,3,0,4,1,1,0,0,1	19,39,29,38,29,41,38,40,29,42	2,1,0,1,2,0,3,2,0,0	33,33,26,24,53,25,34,28,35,27	150	75
2717	0,0,0,0,0,0,0,0,1,0	0,0,2,0,1,4,1,1,0,0	0,0,0,0,0,0,0,0,0,0	1,1,2,0,4,0,0,2,0,0	150	75
2718	53,68,68,62,42,63,67,38,51,79	13,18,7,18,10,13,12,12,19,10	62,57,42,65,83,62,52,61,71,78	13,11,14,9,11,13,11,14,14,14	150	75
2719	0,2,0,1,0,0,1,0,1,4	127,117,114,153,92,107,135,117,104,138	0,2,1,1,2,0,1,0,2,2	111,98,113,86,128,103,113,101,128,144	146	75
2720	23,25,26,37,30,22,21,33,24,22	129,151,139,140,133,122,122,130,122,124	20,9,6,17,35,21,14,14,27,36	139,122,118,157,112,127,144,129,144,148	150	75
2721	1,1,0,1,0,1,0,2,0,0	32,32,30,31,34,36,16,27,41,29	1,1,2,1,3,1,1,0,0,0	31,26,23,34,26,35,31,25,32,41	150	75
2722	1,1,1,1,1,0,2,0,0,3	75,42,54,79,63,65,60,87,87,74	0,4,1,1,0,0,1,0,0,1	75,72,64,64,74,71,72,69,71,87	150	75
2723	0,0,1,1,2,0,0,0,3,1	8,8,3,9,11,6,11,7,9,12	0,0,0,0,0,0,1,1,0,2	14,12,7,8,8,5,12,7,10,6	150	75
2724	5,3,8,8,3,6,2,4,4,7	53,55,52,40,44,58,43,58,52,62	6,1,3,5,7,2,3,5,5,9	49,49,56,55,58,40,49,58,54,48	150	75
2725	1,3,1,2,2,1,2,1,2,1	63,47,68,64,59,49,50,51,46,54	2,0,0,0,1,2,1,1,6,1	55,47,48,46,56,54,60,67,52,47	150	75
2727	2,0,0,0,0,1,0,0,0,0	0,0,0,0,2,0,0,0,0,0	0,0,0,0,1,0,0,0,0,0	0,0,0,0,1,0,0,0,0,0	150	75
2728	0,1,0,0,0,0,0,1,0,3	57,73,61,76,55,89,68,72,54,77	0,2,1,0,0,0,2,1,1,0	47,77,71,56,55,71,101,50,73,69	150	75
2729	0,1,0,2,1,0,0,2,1,0	63,72,83,100,76,79,70,66,74,93	0,0,0,0,0,0,0,0,1,0	70,85,80,79,80,80,86,76,96,81	150	75
2730	0,0,0,0,1,0,1,0,0,0	26,27,41,53,39,34,37,31,35,39	0,0,0,0,0,0,1,0,0,1	23,52,36,46,38,42,40,44,55,52	150	75
2731	0,0,0,0,0,0,0,0,0,0	27,32,47,32,25,43,35,34,41,54	0,0,1,0,0,1,0,0,0,0	28,38,22,53,56,49,35,48,44,48	150	75
2732	0,2,3,6,5,2,5,1,5,6	49,80,90,98,77,108,73,77,92,112	7,6,2,1,3,2,2,3,3,5	87,86,76,75,89,83,91,67,96,101	150	75
2733	2,1,0,1,1,1,1,0,1,0	88,97,81,98,85,72,68,77,86,77	1,1,1,1,0,1,0,0,0,0	104,67,74,67,83,79,107,62,84,79	150	75
2735	0,0,0,1,0,0,0,0,0,0	7,7,15,13,13,11,9,14,14,10	0,0,0,0,0,0,0,1,0,0	12,5,15,16,15,15,15,7,12,14	150	75
2736	84,83,63,68,54,30,59,66,79,78	10,4,13,10,12,3,9,7,14,21	68,69,91,64,97,104,102,80,72,55	12,8,9,17,15,9,16,6,7,5	150	75
2737	0,0,0,0,0,0,0,1,0,0	2,0,0,0,0,0,0,0,0,0	0,0,0,0,0,0,0,0,1,0	1,0,0,0,0,0,0,0,0,0	150	75
2738	0,0,0,0,0,0,0,1,0,0	2,0,3,3,2,0,2,0,3,4	0,0,0,0,0,0,0,0,1,0	2,1,0,1,0,1,0,3,2,1	150	75
2739	3,4,1,7,2,3,2,2,5,4	43,34,29,31,17,32,26,28,23,38	4,2,5,2,6,4,4,4,6,5	28,28,25,34,32,19,28,28,18,31	150	75
2740	67,75,58,66,55,45,43,52,60,63	9,5,5,5,3,10,7,4,2,5	56,43,58,43,67,50,59,42,72,40	8,5,5,1,11,6,3,5,4,8	150	75
2741	1,0,2,0,1,0,1,0,0,0	17,16,15,24,23,21,22,26,13,18	1,2,0,0,0,0,1,0,0,2	26,14,19,20,16,15,14,15,15,18	150	75
2742	0,0,0,0,0,0,0,1,0,0	30,32,46,31,20,20,25,29,37,18	0,0,0,0,0,0,0,0,0,1	24,17,33,32,32,40,22,37,13,20	150	75
2743	34,39,22,37,24,20,21,25,25,22	1007,1169,1203,1178,1010,978,855,907,997,1020	22,20,17,14,32,23,30,27,32,51	1183,930,937,1031,1153,992,1145,979,1077,887	150	75
2744	3,8,7,7,3,4,5,3,2,5	533,550,563,605,525,572,450,524,533,624	8,0,1,4,15,4,5,3,12,10	519,510,456,498,519,506,553,463,566,547	150	75
2745	1,2,6,2,1,0,2,1,2,4	8,6,7,5,9,8,7,5,1,6	1,2,4,1,1,3,3,0,2,0	5,7,14,4,4,10,7,15,2,4	150	75
2746	2,0,1,6,0,2,1,0,2,0	142,135,143,140,117,124,123,128,126,132	0,1,0,0,0,0,0,1,3,3	112,114,106,132,122,115,162,113,119,99	150	75
2747	0,0,0,2,0,0,1,0,0,1	8,14,6,3,7,5,6,8,5,14	0,1,0,0,0,0,0,0,1,1	8,5,6,10,21,9,8,6,7,9	150	75
2749	0,0,0,0,0,0,0,0,0,0	1,1,0,1,2,1,4,1,0,2	0,0,0,0,1,1,0,0,0,0	1,1,0,0,4,1,0,0,1,2	150	75
2751	1,2,1,1,0,1,2,1,0,2	0,0,0,0,0,0,1,0,0,0	2,0,1,0,1,0,2,0,0,1	0,1,0,0,0,0,0,0,2,0	150	75
2752	1,2,0,0,0,1,1,2,0,1	0,2,1,0,0,0,3,1,0,1	2,0,1,0,1,0,2,0,2,1	5,1,0,2,3,2,1,1,0,2	150	75
2753	1,0,0,0,0,0,0,3,0,0	30,17,29,29,21,34,17,21,26,20	0,0,0,0,0,0,0,0,0,3	29,19,23,18,32,21,20,25,24,21	150	75
2754	0,0,0,1,0,0,0,2,0,0	18,17,12,21,9,10,10,16,9,9	1,0,1,0,0,0,2,1,0,1	14,13,15,19,14,11,16,13,12,14	145	75
2755	53,67,58,53,45,38,45,31,37,20	0,3,0,5,0,1,1,2,3,2	55,45,32,42,68,38,43,28,31,33	0,4,0,0,0,0,1,1,2,2	150	75
2756	131,151,125,124,99,87,82,103,93,83	0,0,1,1,0,0,1,0,0,0	112,98,76,99,165,100,118,79,71,73	0,0,0,0,0,0,0,0,0,0	150	75
2757	87,99,81,81,73,62,71,66,56,43	6,3,10,5,5,1,4,6,11,4	75,72,50,66,97,63,84,57,63,62	4,10,5,4,9,3,4,7,7,4	150	75
2758	0,0,0,0,0,0,0,0,0,0	43,41,45,42,38,27,30,29,38,30	0,0,0,0,0,1,0,0,0,0	56,46,41,31,43,53,55,32,44,20	150	75
2759	21,13,22,32,22,17,16,16,18,26	44,48,48,48,32,59,43,50,54,40	18,21,29,24,19,24,26,12,23,19	55,35,52,45,53,48,54,44,49,73	150	75
2760	2,3,5,1,10,2,3,5,5,4	45,42,35,39,33,39,30,40,34,42	3,4,0,2,5,4,5,2,3,1	41,36,39,34,38,42,48,38,45,40	150	75
2762	4,8,9,11,7,2,6,4,10,5	39,24,58,38,44,39,36,42,41,45	10,4,4,2,6,9,9,5,6,3	38,48,49,52,44,42,50,53,39,47	150	75
2763	0,0,0,0,0,0,0,0,0,0	32,23,18,22,25,18,27,19,9,30	1,0,0,0,0,0,0,0,0,0	30,28,22,24,30,26,30,22,32,29	150	75
2764	2,0,3,6,8,2,3,1,1,6	68,116,84,84,60,56,46,50,55,58	6,1,3,5,3,7,0,1,4,3	73,73,60,73,90,70,86,75,88,69	150	75
2765	2,0,3,6,7,2,2,1,2,5	4,5,2,0,1,1,3,1,0,3	6,1,1,4,3,4,0,1,4,3	0,1,1,0,3,1,0,0,1,4	150	75
2766	3,1,2,2,6,0,2,0,1,2	1,3,6,2,3,0,2,0,5,3	3,1,2,0,2,2,0,0,2,1	1,1,0,1,4,3,1,1,3,3	150	75
2770	0,2,1,2,0,0,5,5,2,4	5,4,6,5,1,6,2,2,4,2	2,1,0,5,2,0,2,0,2,0	2,3,1,2,3,1,4,3,2,0	150	75
2771	16,9,14,15,8,5,7,15,12,12	0,4,2,4,5,1,5,1,6,7	6,6,6,10,6,3,6,7,4,1	3,1,1,5,3,1,0,2,3,4	150	75
2772	77,94,78,96,89,95,78,80,75,85	0,0,0,0,0,0,0,0,0,0	92,85,77,89,64,60,99,87,65,70	2,0,0,0,0,0,0,0,0,0	128	75
2774	0,2,2,5,2,2,4,2,3,1	0,0,2,0,1,0,0,0,0,0	3,1,3,0,2,2,1,0,4,1	1,0,0,2,0,1,0,0,0,1	150	75
2775	0,3,2,1,2,3,1,1,2,2	1,0,4,2,2,0,1,1,0,0	0,1,2,2,1,3,5,1,3,1	0,0,0,0,0,0,0,0,0,1	150	75
2776	0,0,2,0,1,1,0,0,0,2	0,5,7,1,6,4,5,5,0,3	0,2,0,0,0,0,0,0,0,0	5,4,0,4,3,4,4,2,3,1	145	75
2777	0,0,0,0,1,0,0,0,0,1	5,3,6,1,6,2,6,2,4,7	0,0,0,0,0,0,0,0,0,0	0,4,0,4,3,7,1,3,2,6	150	75
2778	1,0,2,0,0,0,2,0,0,0	2,7,5,0,2,0,0,2,1,1	0,0,0,0,0,0,0,0,0,0	5,2,1,1,0,0,4,0,2,1	150	75
2779	14,15,11,12,7,12,11,10,9,6	0,0,1,0,0,1,0,1,0,0	14,10,15,14,9,11,21,11,11,19	1,1,0,0,3,0,0,1,0,2	150	75
2780	3,2,1,11,2,2,9,3,4,1	222,224,296,272,257,188,164,205,178,270	2,6,2,3,2,3,2,0,7,6	269,244,207,249,260,241,277,226,201,199	150	75
2781	4,4,2,14,4,4,9,5,5,2	1,0,0,0,0,0,0,0,0,0	5,7,4,5,3,4,3,3,9,8	0,0,0,0,0,0,0,0,0,0	150	75
2782	1,0,3,3,0,2,2,3,0,0	31,21,24,30,18,15,20,13,25,20	0,0,1,0,0,0,1,1,2,1	23,21,21,20,30,23,25,12,17,10	148	75
2783	5,3,6,10,4,6,9,4,3,2	17,24,16,23,26,16,11,19,15,20	8,5,1,1,7,5,1,4,3,7	27,16,19,25,33,17,13,13,15,8	145	75
2784	2,1,4,3,1,0,2,2,3,1	21,26,12,21,15,23,14,24,19,35	1,0,3,0,2,1,2,2,3,3	29,16,16,20,17,21,22,25,16,24	145	75
2785	0,0,1,0,2,3,1,2,0,0	25,29,37,36,24,39,26,41,26,33	1,0,1,3,0,1,1,0,1,0	27,35,34,29,26,22,24,22,54,48	150	75
2787	0,1,0,1,0,1,1,0,1,1	73,88,72,105,98,103,70,99,83,127	0,0,0,1,1,2,1,1,1,3	80,83,80,88,91,100,107,107,126,109	150	75
2789	191,231,226,243,204,200,196,231,212,225	9,22,20,6,16,16,8,9,22,18	236,234,206,213,219,208,249,208,242,263	13,15,13,14,11,19,18,15,12,14	150	75
2790	6,2,7,6,4,1,9,6,6,4	33,26,34,34,42,38,26,27,33,17	4,2,12,4,7,4,2,3,4,5	37,30,31,34,33,28,44,30,29,43	150	75
2791	1,1,0,3,2,0,7,3,1,0	36,48,60,49,44,51,40,56,42,47	3,3,2,0,1,0,1,2,2,0	58,49,49,53,36,43,59,46,51,39	150	75
2792	9,8,12,10,4,5,3,7,5,4	39,41,33,47,34,13,29,36,20,29	10,7,9,7,8,8,6,4,6,5	34,28,34,39,44,40,44,33,29,32	150	75
2793	114,116,128,144,127,128,150,116,126,129	122,111,156,144,142,117,111,107,119,153	147,135,124,103,146,118,139,112,132,116	134,103,133,128,132,134,122,129,143,114	150	75
2794	17,30,31,40,25,19,20,38,16,19	0,0,0,0,0,0,0,0,0,0	19,22,15,17,27,33,15,14,33,32	0,0,0,0,0,0,1,0,0,0	150	75
2796	2,2,4,3,6,0,1,5,3,0	52,53,72,60,43,31,52,46,23,50	1,0,3,4,1,1,0,1,0,0	60,30,33,39,62,43,56,35,35,29	150	75
2797	70,74,102,63,49,95,75,65,82,109	156,184,142,148,160,174,128,135,142,162	90,72,74,95,121,121,92,84,136,139	154,143,142,164,166,159,159,114,160,224	150	75
2798	8,2,2,8,4,4,2,4,1,6	232,282,219,236,223,285,215,189,218,226	3,3,4,8,4,1,4,4,7,6	270,233,247,269,310,240,246,256,314,344	150	75
2799	127,125,96,139,125,116,81,107,136,98	0,1,0,1,0,1,0,1,0,0	136,116,110,118,109,109,136,105,96,92	0,1,2,1,0,0,1,0,0,1	150	75
2800	5,3,4,2,5,5,10,4,4,8	417,443,391,482,381,455,436,398,427,497	7,3,5,2,9,2,11,5,6,9	441,421,384,452,442,398,468,427,423,486	150	75
2801	3,3,3,4,8,3,2,1,1,1	15,18,21,19,26,34,16,20,17,24	5,3,0,3,4,6,2,4,4,6	35,20,22,27,19,27,31,22,22,37	150	75
2802	1,0,3,1,3,2,0,1,0,0	31,25,21,27,13,16,19,19,24,34	0,2,1,0,0,0,3,1,0,0	20,26,9,26,30,23,15,17,23,22	150	75
2803	11,13,20,20,18,6,11,15,8,8	0,1,2,1,0,2,0,1,0,0	16,16,14,15,10,19,17,15,9,9	0,1,0,0,2,1,0,1,0,0	150	75
2804	0,0,0,0,1,0,0,0,0,0	10,7,15,16,12,9,1,18,15,7	0,0,0,0,0,0,0,0,0,0	16,18,10,13,10,12,16,13,5,6	150	75
2805	150,154,177,186,107,103,100,102,118,103	2,1,0,1,0,3,1,0,0,3	157,111,119,129,179,173,149,100,88,76	0,4,2,1,2,0,2,2,1,0	150	75
2808	2,1,2,1,0,2,0,0,1,1	20,13,23,17,15,13,17,21,9,27	0,1,0,1,0,0,2,0,0,1	17,14,11,22,18,23,12,15,15,20	150	75
2809	0,0,0,1,0,2,0,0,0,0	42,42,45,37,29,41,18,25,37,52	0,0,0,0,0,1,2,1,1,1	26,30,25,32,38,28,32,32,50,54	150	75
2810	1,0,2,3,0,0,0,2,0,2	9,17,16,12,15,18,14,12,17,26	3,3,0,0,2,0,2,2,2,4	6,15,4,16,15,14,15,5,16,20	150	75
2812	1,5,3,6,1,4,3,5,2,9	26,35,33,38,41,46,30,31,28,45	3,3,4,3,4,2,2,2,7,9	49,32,22,44,39,27,39,40,42,27	150	75
2814	3,4,3,0,10,4,4,3,3,4	921,1016,1022,1058,925,1108,847,910,1010,1193	3,3,4,4,3,2,6,4,8,8	946,1008,947,978,958,937,1081,957,1033,1327	150	75
2815	0,0,0,0,2,0,0,0,1,0	16,16,13,8,15,12,7,19,17,11	0,1,0,0,0,0,0,0,0,0	15,7,11,15,14,17,19,10,14,8	148	75
2816	0,0,0,0,2,0,1,0,1,0	16,10,9,9,9,9,7,9,9,4	2,0,1,0,0,0,0,2,0,0	12,3,14,10,3,6,6,6,12,7	150	75
2817	8,5,8,9,4,9,6,11,16,4	9,12,7,12,10,14,12,11,16,5	8,6,9,6,7,8,9,11,11,18	11,7,9,10,11,8,16,15,14,10	150	75
2821	3,4,5,7,3,3,4,4,4,3	84,84,98,101,100,133,84,95,92,87	7,1,5,4,0,2,4,6,16,11	114,89,84,87,108,95,101,89,121,133	150	75
2824	2,4,7,7,1,3,4,0,4,1	23,22,30,34,16,26,17,21,29,21	4,6,2,0,6,1,3,4,6,4	16,20,16,18,23,22,19,23,27,12	150	75
2825	0,0,0,0,0,0,0,0,0,0	95,119,98,94,94,120,84,106,78,99	0,0,0,0,0,0,1,3,0,0	118,107,87,84,80,99,131,109,125,109	150	75
2826	0,0,0,0,0,0,0,0,0,0	0,0,0,0,0,0,0,1,0,0	1,0,0,0,0,0,0,0,0,0	0,0,0,0,0,0,0,0,0,0	150	75
2827	0,0,0,0,0,0,0,0,0,0	4,2,2,0,1,3,5,6,3,4	0,0,0,0,1,0,0,0,0,0	4,6,7,6,5,6,7,1,2,1	150	75
2828	16,14,18,18,15,20,14,15,14,38	45,28,43,46,29,33,33,44,32,43	23,25,19,21,11,21,26,22,26,14	41,39,37,39,42,51,43,35,41,41	150	75
2829	0,2,0,0,0,1,0,0,0,2	0,1,0,0,0,0,0,0,2,0	1,0,1,0,1,0,0,1,0,3	0,0,1,0,1,0,1,0,1,0	150	75
2831	6,3,7,6,7,6,6,5,9,8	1,0,0,0,0,0,0,0,0,0	6,4,4,7,11,3,4,4,5,10	0,0,0,0,0,0,0,0,0,0	150	75
2832	1,3,4,1,0,1,1,0,0,4	12,14,15,16,15,13,7,11,4,5	0,2,3,1,1,0,2,3,3,1	13,11,9,12,3,15,22,4,6,9	150	75
2833	1,0,2,1,0,1,0,2,2,1	9,13,14,22,15,11,8,12,15,12	0,0,1,2,2,0,0,1,2,0	15,10,9,9,21,15,13,11,9,23	150	75
2835	0,0,2,0,0,0,1,0,0,3	0,0,4,7,3,3,2,3,5,1	0,0,0,1,0,0,0,0,0,0	3,1,2,3,6,2,3,5,5,0	150	75
2836	9,8,10,6,6,6,9,14,4,7	1,2,3,1,2,1,1,1,4,3	9,5,7,9,7,4,7,13,11,17	4,2,0,1,3,4,3,2,4,5	150	75
2837	0,0,0,0,0,0,0,0,0,0	5,0,0,0,3,0,1,1,3,3	0,0,1,0,0,1,0,0,0,0	1,0,1,0,15,9,10,1,2,3	150	75
2838	4,7,2,1,4,3,4,5,5,8	8,11,3,6,10,5,3,2,6,5	7,7,3,3,7,4,4,0,6,5	4,2,7,7,11,3,9,1,4,8	150	75
2840	0,0,0,0,2,0,0,0,0,0	4,3,1,5,5,1,1,2,2,0	0,0,0,0,0,1,1,0,0,0	4,1,2,1,3,1,4,2,1,5	150	75
2841	6,3,3,3,5,1,1,7,13,3	99,102,120,144,121,87,109,110,122,131	4,3,8,4,3,2,2,5,5,7	148,123,116,109,115,135,105,107,121,102	150	75
2842	0,2,0,2,3,0,0,2,4,2	31,31,32,22,29,17,21,36,26,21	2,2,1,1,7,1,4,1,1,1	33,24,27,25,50,38,41,35,26,23	150	75
2843	134,185,160,212,129,132,117,161,154,129	13,27,11,18,7,11,8,16,20,24	166,142,132,154,188,173,200,124,134,116	26,14,12,23,24,19,17,30,11,15	150	75
2844	0,0,3,0,0,1,0,0,0,1	22,12,27,33,17,24,16,16,16,19	0,1,0,0,2,1,1,0,0,0	25,22,11,20,23,21,23,21,18,22	150	75
2845	23,25,31,31,20,9,19,12,18,18	0,1,1,2,0,1,0,0,0,2	26,24,19,18,23,20,28,19,14,23	0,0,0,1,0,0,0,1,0,3	150	75
2846	7,9,7,17,13,12,8,13,7,8	586,557,570,540,506,582,574,546,633,625	16,8,11,15,22,14,19,8,10,28	571,562,610,614,612,675,622,581,665,716	150	75
2847	2,0,1,1,2,2,2,3,2,1	0,0,0,0,0,0,0,0,0,0	4,1,1,0,3,2,1,0,4,2	0,0,0,0,0,0,0,1,0,0	150	75
2848	14,21,20,25,12,14,20,12,10,21	1,3,0,3,0,1,0,0,1,2	33,15,8,14,20,15,11,15,23,12	0,1,2,1,2,1,3,2,2,4	150	75
2849	9,7,10,10,9,5,6,9,12,13	8,10,8,7,7,8,10,12,6,11	10,7,6,8,14,8,9,8,12,14	15,14,12,15,9,6,9,8,8,8	150	75
2850	5,8,7,5,6,4,7,9,8,4	1418,1636,1685,1677,1454,1971,1373,1631,1539,1813	6,1,7,2,7,2,5,9,7,17	1525,1533,1488,1633,1500,1496,1691,1515,1865,2091	150	75
2852	2,0,0,1,0,0,1,0,1,1	8,7,6,9,2,7,7,9,11,10	1,1,1,0,0,0,0,0,0,0	5,6,5,7,6,6,11,10,7,7	150	75
2853	5,6,9,8,13,17,6,9,9,9	0,1,1,1,0,0,0,0,0,0	6,10,8,13,10,13,11,7,12,13	0,0,0,0,0,0,0,0,0,0	150	75
2854	7,5,11,6,11,17,6,7,9,9	0,0,0,0,0,0,0,0,0,0	6,10,8,10,8,13,9,7,12,13	0,0,0,0,0,0,0,1,0,0	150	75
2857	1,0,1,1,3,0,2,1,0,3	9,9,13,10,8,5,5,10,5,8	2,0,2,1,1,3,2,1,0,1	14,6,7,14,10,15,8,7,3,7	150	75
2860	9,8,7,4,4,3,3,3,4,4	2,2,0,3,1,2,0,1,1,2	3,2,7,1,2,4,2,5,4,5	2,0,1,1,0,3,2,1,1,1	150	75
2861	2,2,1,5,3,1,1,0,1,0	81,66,84,79,90,74,63,68,55,94	2,0,1,5,0,0,1,0,0,0	81,71,80,79,86,79,92,70,81,71	150	75
2865	1,0,0,0,0,0,0,0,0,0	0,0,0,2,0,0,0,0,0,0	0,0,0,0,0,0,0,0,0,0	0,0,2,0,1,2,0,0,0,0	150	75
2866	0,2,0,0,1,1,0,1,1,2	150,146,144,159,153,109,130,124,135,150	0,0,0,2,2,0,1,1,0,3	157,162,134,156,166,143,138,143,123,108	150	75
2868	1,2,2,5,0,0,0,0,2,3	23,17,25,22,11,3,11,16,13,19	2,0,0,1,0,1,0,0,1,0	24,12,17,23,30,13,24,18,18,12	150	75
2870	2,2,0,3,1,0,0,1,1,2	1,2,1,0,0,4,0,1,0,0	3,1,1,2,1,0,3,1,3,6	0,0,0,0,0,0,1,0,0,0	150	75
2871	1,0,0,0,0,0,0,0,0,0	7,5,8,5,7,2,1,0,4,4	0,0,0,0,0,0,0,0,0,1	7,6,5,1,2,4,5,2,4,0	150	75
2872	0,0,0,0,0,0,0,1,0,0	83,96,88,98,77,85,84,90,72,95	0,0,0,0,0,0,0,0,0,0	96,75,86,89,114,85,94,62,75,82	150	75
2873	2,4,3,3,0,1,3,2,1,3	11,22,17,13,12,13,15,10,15,12	3,2,2,3,4,6,7,4,2,4	12,9,10,17,14,8,17,7,17,13	150	75
2874	0,1,0,1,0,0,0,1,0,2	167,174,167,193,154,172,128,153,150,170	1,0,1,3,2,0,3,0,0,1	188,156,128,172,175,198,208,164,176,130	150	75
2876	2,1,2,3,3,7,4,5,4,4	90,174,115,124,121,79,89,104,91,145	6,2,4,3,6,1,4,2,2,4	121,121,104,128,133,119,140,125,110,84	150	75
2877	2,0,0,0,0,0,0,0,1,0	20,19,20,28,21,14,23,13,19,28	0,0,0,0,0,0,0,1,0,0	17,17,34,25,26,24,24,23,20,12	150	75
2879	3,1,4,5,0,5,6,2,4,2	0,0,0,0,0,0,1,0,0,0	4,0,3,2,2,2,4,4,3,1	0,0,0,0,0,0,0,0,0,0	150	75
2880	4,1,3,1,0,1,1,2,0,2	128,171,183,172,170,178,124,147,158,204	1,0,1,0,1,2,2,0,1,2	116,145,150,184,174,168,183,137,185,202	150	75
2881	0,0,0,0,0,0,0,0,0,0	29,32,42,41,37,35,47,39,41,55	0,0,1,0,3,0,0,0,1,0	39,28,34,35,37,37,38,36,42,43	150	75
2882	2,0,0,1,1,0,2,0,0,0	6,14,13,16,13,16,13,15,15,13	3,1,0,1,0,1,1,0,0,2	12,23,5,11,11,13,10,9,13,8	150	75
2883	3,0,4,3,2,2,1,3,1,4	63,64,67,52,47,44,52,47,43,74	1,2,3,1,1,2,3,1,3,2	56,53,68,75,64,44,70,58,60,57	150	75
2884	16,26,31,28,19,22,15,27,17,30	2,1,4,4,3,0,2,7,2,1	18,24,33,25,22,34,28,21,21,19	0,3,5,2,3,4,2,1,2,6	150	75
2885	5,9,3,2,1,8,2,6,5,2	0,0,0,0,1,0,0,0,0,0	4,4,5,8,6,8,2,6,4,6	0,0,0,0,0,0,0,0,0,0	150	75
2886	1,1,0,3,2,0,0,0,1,2	863,849,915,960,893,884,854,870,916,917	0,0,0,0,1,0,0,0,4,4	914,920,852,778,852,886,909,883,1000,963	150	75
2887	13,3,17,11,9,8,4,14,9,8	1341,1431,1454,1567,1357,1231,1194,1377,1394,1350	11,3,5,3,10,6,8,12,8,14	1482,1416,1394,1216,1512,1471,1447,1306,1412,1322	150	75
2888	4,1,8,8,6,5,0,3,2,5	1,0,0,0,1,0,0,1,2,2	6,1,4,1,4,2,4,3,5,7	2,1,2,0,0,2,0,0,5,2	150	75
2889	0,2,1,0,2,2,2,0,1,3	77,60,79,67,59,53,50,50,72,68	2,0,0,1,1,0,2,1,2,3	85,62,62,62,75,75,83,60,85,65	150	75
2890	1,1,1,2,1,1,3,0,1,2	99,129,125,124,116,98,131,128,117,121	4,1,2,0,6,2,0,1,2,4	127,116,103,110,134,124,143,106,145,116	150	75
2891	5,10,9,8,13,4,3,5,6,3	4,0,0,0,2,1,2,0,0,0	2,0,2,3,16,5,9,2,4,8	0,0,3,0,2,0,2,2,2,0	150	75
2894	0,3,1,1,1,1,3,1,1,2	25,27,28,30,23,27,16,27,22,23	0,1,1,0,0,0,0,2,3,2	31,22,17,26,31,24,25,28,26,24	150	75
2895	0,1,2,1,0,1,1,0,1,0	40,58,60,42,42,55,57,34,53,73	4,2,0,0,1,1,1,0,0,2	48,45,45,41,40,44,52,61,55,63	150	75
2896	3,2,2,6,0,3,1,1,4,0	6,11,10,6,8,3,2,8,6,3	2,0,0,0,4,2,1,1,2,6	9,7,1,6,12,4,4,1,9,2	150	75
2897	17,10,12,11,15,17,17,15,27,19	7,4,4,8,5,3,10,4,6,6	21,19,13,18,21,21,16,24,22,18	5,3,6,10,13,7,10,6,8,6	150	75
2898	44,38,37,39,30,34,25,28,36,39	5,2,6,5,2,2,1,4,1,2	35,42,28,39,45,33,40,40,42,34	3,2,5,3,5,5,5,2,10,6	150	75
2899	8,6,11,15,8,11,18,11,14,16	11,12,16,16,17,17,16,8,18,20	8,12,9,16,16,9,19,7,19,14	19,15,19,23,21,25,29,30,17,19	150	75
2900	8,6,11,15,8,11,18,11,14,16	1,1,0,0,1,4,0,0,3,2	8,12,9,16,16,9,19,7,19,14	0,0,1,3,3,0,1,1,1,1	150	75
2901	8,4,2,12,6,10,14,8,7,9	2,3,1,9,7,6,3,0,2,3	9,7,6,12,8,9,14,7,16,11	5,5,3,7,2,7,3,7,8,6	150	75
2903	22,17,13,29,12,24,13,24,15,31	219,235,286,241,247,196,218,230,221,259	17,4,10,15,22,15,9,14,40,23	246,232,222,208,255,261,251,251,234,211	150	75
2904	134,101,128,139,110,102,93,103,107,121	6,4,8,6,9,3,7,8,4,9	143,106,94,105,126,112,144,93,126,104	4,6,6,3,5,10,9,3,8,5	150	75
2905	2,1,1,0,6,1,2,2,3,0	30,39,40,39,45,36,33,40,26,49	5,3,0,0,3,4,3,1,1,2	46,44,34,54,38,28,42,36,43,27	150	75
2906	10,10,9,3,10,7,3,7,9,7	70,63,77,77,66,71,76,59,71,64	9,6,4,16,7,12,14,11,8,11	65,86,62,75,71,63,87,71,76,86	150	75
2909	162,109,236,203,116,92,175,239,272,177	0,0,0,0,1,0,0,0,0,0	186,150,182,118,252,271,315,224,177,323	0,0,0,0,0,0,0,0,0,0	150	75
2910	97,118,99,139,74,104,89,113,85,143	1,1,1,0,4,2,1,2,2,0	112,64,65,83,141,75,83,73,144,183	4,4,1,1,2,2,4,2,4,7	150	75
2911	82,98,74,89,48,76,55,69,60,95	96,54,168,164,194,78,182,212,200,83	73,47,43,63,108,42,48,47,84,103	102,116,186,80,91,180,217,214,101,181	150	75
2912	1,1,1,0,0,4,2,2,1,3	41,38,42,59,45,39,48,39,44,56	0,1,1,0,0,0,2,0,4,3	49,32,33,50,47,39,36,30,43,47	150	75
2914	0,0,0,0,0,0,0,0,0,1	0,0,1,0,1,1,0,0,0,0	0,0,0,0,0,0,0,0,0,0	0,0,0,0,3,0,0,0,1,0	150	75
2915	9,13,9,13,5,9,15,18,7,10	297,308,312,348,312,278,266,243,298,328	12,6,4,4,13,6,10,8,13,15	250,288,287,272,292,287,309,276,280,319	150	75
2916	6,5,9,8,6,2,8,3,3,5	57,63,76,93,58,81,55,92,63,73	5,5,2,4,3,6,4,7,9,5	69,73,64,69,68,70,78,78,81,64	150	75
2917	0,1,2,4,5,1,2,1,1,4	8,6,15,11,9,7,12,7,6,5	0,4,3,2,1,0,1,1,1,3	6,9,8,4,9,10,13,3,14,6	150	75
2920	0,0,0,0,0,2,0,0,0,0	0,1,0,0,0,0,0,0,0,1	0,0,0,0,0,0,1,0,0,0	0,0,0,1,0,0,0,0,0,0	150	75
2921	3,5,6,4,1,4,2,5,5,4	112,124,108,110,103,61,80,94,84,85	5,5,6,5,7,8,8,9,7,4	69,94,102,105,102,96,123,97,95,67	150	75
2922	1,0,0,4,1,0,2,1,0,0	33,34,46,43,49,20,28,33,26,14	1,1,0,0,2,1,1,1,0,0	41,33,35,44,49,35,47,34,28,20	150	75
2923	1,1,2,3,1,1,0,1,0,2	39,61,43,44,54,38,55,63,61,55	0,0,0,0,2,2,1,1,0,1	39,57,53,53,54,50,77,57,72,65	150	75
2924	0,0,0,0,0,0,0,1,0,0	13,4,14,15,12,5,4,17,9,8	1,0,0,0,1,0,0,0,0,0	10,8,6,9,7,13,16,6,6,8	150	75
2925	1,0,1,4,0,2,0,0,1,0	3,4,3,2,1,2,4,0,2,5	1,1,2,2,3,1,1,1,0,1	8,7,3,3,9,1,0,3,2,3	150	75
2926	9,4,11,10,9,7,8,5,6,5	208,328,290,308,284,266,257,303,267,285	16,2,4,7,11,3,6,5,10,7	302,278,232,299,274,274,291,243,264,278	150	75
2927	4,5,4,8,11,2,4,5,4,9	170,180,171,149,154,125,90,171,158,152	4,5,4,5,6,3,4,4,8,8	192,127,167,158,195,166,168,130,153,109	150	75
2930	0,1,1,4,0,0,0,1,0,0	53,81,69,73,62,27,43,57,51,63	0,0,1,0,0,2,0,1,0,0	67,55,49,47,96,69,81,45,36,34	150	75
2931	0,0,0,0,0,0,0,0,0,0	10,14,13,8,6,3,6,7,10,4	0,0,0,0,0,0,0,0,1,0	14,8,11,7,11,11,17,9,6,3	150	75
2932	4,4,9,13,9,16,8,7,7,11	516,542,591,567,539,245,364,424,401,454	6,6,5,5,9,7,9,6,14,6	544,478,411,456,524,472,550,442,378,236	150	75
2933	24,30,16,20,21,21,19,14,28,29	0,1,0,1,1,0,1,2,1,1	33,24,35,24,28,26,42,20,26,14	1,2,0,0,0,0,1,0,2,0	150	75
2934	6,0,1,2,4,0,5,0,2,3	25,27,28,22,26,24,17,30,12,39	2,2,1,4,2,1,1,4,5,2	27,18,35,26,20,22,22,19,35,16	150	75
2935	52,39,42,42,46,43,38,31,34,47	1,3,1,4,0,1,0,1,1,0	38,47,32,47,47,36,36,39,44,61	1,1,4,1,2,2,2,0,1,1	150	75
2936	39,28,25,29,31,33,25,24,24,29	7,4,2,2,3,5,3,3,6,3	43,29,41,37,22,31,34,27,46,34	4,4,0,2,1,3,3,2,2,9	150	75
2937	70,65,55,62,68,77,41,63,52,71	0,1,1,0,2,0,0,4,1,1	87,50,71,64,54,57,67,58,71,68	1,2,0,1,1,1,0,0,1,3	150	75
2938	1,0,1,0,2,2,2,2,0,1	0,0,2,1,2,1,2,2,2,4	2,1,1,0,0,0,2,0,1,1	3,2,0,3,2,1,3,0,1,2	150	75
2941	0,0,0,0,0,0,0,0,0,0	187,209,215,251,238,177,159,224,160,207	0,0,0,0,0,0,1,0,0,0	194,248,203,209,251,216,248,193,184,153	150	75
2942	1,6,9,7,5,5,2,9,10,4	41,34,36,45,36,35,52,34,25,29	1,4,3,4,2,1,7,4,5,8	35,40,37,41,39,44,36,41,45,38	150	75
2943	0,0,0,0,0,0,0,0,0,0	0,1,0,0,0,0,0,2,0,0	0,0,0,0,0,0,1,0,0,0	1,1,0,1,0,0,1,1,0,0	150	75
2944	1,5,2,4,3,5,3,3,6,3	0,0,1,0,0,0,0,1,1,0	6,7,3,3,4,5,5,3,4,6	0,0,0,0,1,0,1,0,0,0	150	75
2945	49,47,46,63,46,52,52,53,40,68	1,1,2,4,3,6,1,1,2,3	38,55,43,56,45,53,59,38,56,50	10,7,8,3,2,5,3,2,2,4	150	75
2946	5,8,8,5,8,14,11,14,10,12	1,5,10,4,9,6,1,5,5,4	14,6,7,7,5,9,8,12,11,7	10,7,6,3,4,7,8,7,3,2	150	75
2947	10,5,10,12,14,13,14,9,6,7	9,7,8,6,6,10,2,11,7,10	6,7,6,8,8,13,6,9,16,11	6,5,6,6,10,6,14,9,8,5	150	75
2949	4,16,3,1,3,3,3,7,2,4	6,4,13,21,8,14,7,19,13,10	3,2,1,2,7,4,4,6,7,6	14,14,10,12,8,10,8,17,11,14	150	75
2950	9,24,15,15,13,13,15,13,12,13	17,8,19,9,23,18,13,12,7,15	14,11,10,8,17,12,12,17,26,21	11,13,8,7,9,7,12,10,16,23	150	75
2951	22,24,31,32,24,30,26,17,25,22	1,0,3,0,0,0,0,0,0,0	29,27,17,25,23,20,30,26,39,24	1,0,0,0,1,0,1,1,1,0	150	75
2952	6,6,9,6,7,3,4,9,10,5	38,49,63,44,48,43,50,50,38,44	3,3,3,1,5,7,7,3,1,6	38,37,40,40,56,59,54,68,53,61	150	75
2953	9,4,8,3,4,7,10,3,12,10	1,2,0,0,0,2,0,1,1,1	7,4,6,5,6,3,7,6,5,11	1,3,0,0,1,1,0,0,3,1	150	75
2954	0,1,0,0,0,0,0,0,0,0	1,0,1,0,1,0,0,0,1,0	1,0,1,0,1,0,0,1,0,2	0,0,0,0,0,0,0,0,0,0	150	75
2955	0,1,0,0,0,0,0,0,0,0	0,1,0,0,1,0,0,0,0,0	1,0,1,0,1,0,0,1,0,2	1,0,0,0,0,0,1,0,0,0	150	75
2956	4,3,2,2,7,0,3,3,1,1	0,0,0,0,1,0,0,0,0,0	6,3,4,1,5,2,3,2,0,3	0,1,0,0,0,0,0,0,0,0	150	75
2957	1,3,0,1,4,0,1,2,1,0	1,0,1,2,4,3,4,2,0,2	0,2,1,1,1,0,1,0,0,3	3,3,4,2,4,1,2,1,1,3	150	75
2959	0,3,1,1,0,1,0,0,1,1	71,79,69,93,77,63,77,72,62,120	2,2,0,3,0,2,1,2,1,1	116,89,62,66,76,68,104,83,80,43	150	75
2961	11,8,10,5,8,9,8,10,9,11	0,1,1,0,0,0,0,0,0,0	15,6,16,6,4,8,6,3,20,6	1,0,1,0,0,0,0,0,0,0	150	75
2962	0,0,0,0,0,0,0,0,0,0	0,0,1,0,0,0,1,0,0,0	0,0,0,0,1,0,1,0,0,0	0,0,0,0,0,0,0,0,1,0	150	75
2963	1,2,2,2,1,1,1,0,0,2	0,3,0,1,0,0,1,0,0,0	0,1,0,0,0,1,0,1,1,0	1,0,0,2,0,1,0,0,0,0	150	75
2965	1,2,0,2,1,0,0,1,0,1	148,199,171,192,163,132,148,140,142,167	0,2,0,1,0,0,0,0,0,0	174,147,148,164,188,149,181,119,160,141	150	75
2966	0,3,1,2,0,1,0,2,0,0	0,0,0,0,0,1,0,0,0,0	1,0,2,0,0,0,0,2,3,0	0,0,0,1,0,0,1,0,0,0	150	75
2967	0,0,0,0,0,0,0,1,2,0	61,37,55,73,57,30,36,44,32,41	1,0,1,1,1,0,0,0,1,2	35,38,44,30,76,52,31,31,33,28	150	75
2968	2,1,6,11,6,9,5,7,4,2	2,1,1,3,9,2,4,5,5,4	3,9,2,1,9,1,0,2,7,9	6,7,2,2,9,3,7,2,5,1	150	75
2969	4,0,2,3,3,2,0,4,1,2	0,0,1,1,0,1,1,0,1,0	3,3,3,0,3,2,1,1,8,1	0,1,1,2,1,2,2,2,0,0	150	75
2970	0,0,0,0,0,0,0,1,0,0	4,10,10,8,16,9,6,11,9,8	1,0,1,1,1,0,0,0,1,0	7,10,4,4,14,7,10,8,8,6	150	75
2971	3,0,1,3,1,2,1,3,3,5	6,13,11,10,7,5,2,7,8,5	0,2,0,1,7,2,1,4,3,1	5,7,9,3,2,8,4,6,9,11	150	75
2972	0,0,0,0,0,1,0,0,0,0	0,0,0,0,0,2,0,1,1,1	0,0,0,0,0,0,0,0,0,0	0,1,0,0,3,0,1,0,0,0	150	75
2973	3,9,0,3,1,1,5,1,2,5	0,1,1,0,0,0,0,0,1,1	1,1,1,0,3,2,2,1,1,2	0,0,0,1,0,0,0,1,0,1	150	75
2974	0,1,3,1,0,0,1,0,0,0	19,16,12,16,8,19,11,11,17,14	0,0,0,0,0,0,0,0,1,0	12,11,12,11,17,12,21,13,9,24	150	75
2975	1,1,0,1,0,0,1,0,1,0	12,13,15,19,9,18,14,11,16,14	0,2,0,0,0,1,0,0,0,1	14,18,16,18,23,20,17,23,16,22	150	75
2976	0,2,0,0,0,0,0,1,0,1	8,5,8,3,9,8,10,8,8,7	0,0,0,0,0,0,1,0,0,1	11,7,9,6,2,8,1,7,6,10	150	75
2977	8,8,7,6,11,5,4,4,1,7	1,0,6,3,2,3,4,1,6,2	3,4,7,4,2,2,3,6,3,5	7,4,2,3,4,1,3,2,1,7	150	75
2978	11,10,11,4,13,10,7,8,3,15	200,211,223,195,204,217,159,228,189,178	3,4,4,6,6,3,2,8,8,7	210,199,198,186,214,184,235,212,244,237	150	75
2980	0,1,0,0,0,0,0,0,0,0	10,19,16,21,13,9,7,19,13,9	0,1,0,0,0,0,0,0,2,0	15,13,10,15,11,20,36,13,10,4	150	75
2981	1,1,1,1,0,0,0,0,1,2	11,12,9,6,4,2,11,8,6,10	4,1,1,0,4,3,0,2,1,0	11,12,5,3,5,6,6,9,9,8	150	75
2982	6,3,7,4,7,4,8,5,6,11	2,0,1,0,1,1,0,1,1,0	6,5,7,6,6,5,10,4,5,10	0,0,0,1,1,0,1,0,1,1	150	75
2983	29,32,26,33,32,36,20,44,26,24	0,0,0,1,2,0,0,0,1,0	29,17,11,22,35,25,27,30,29,41	0,0,0,0,1,0,0,0,1,0	150	75
2984	4,2,1,6,3,2,2,1,1,2	83,96,80,114,75,119,80,86,81,95	0,0,1,3,3,0,1,1,1,4	105,85,101,95,105,68,105,88,93,108	146	75
2985	4,11,3,8,11,10,5,1,5,9	1,0,0,0,0,0,0,0,0,0	6,4,5,3,8,5,8,3,2,5	0,0,0,0,0,0,0,0,0,0	150	75
2986	10,16,10,14,13,13,8,5,7,14	60,67,63,79,58,67,53,63,59,87	12,10,7,7,17,13,14,8,7,13	71,45,73,63,70,58,64,51,74,73	150	75
2988	9,15,11,12,14,16,9,9,7,13	2,0,0,0,2,1,0,0,1,2	14,9,11,11,15,8,16,4,9,7	0,1,0,0,1,0,0,1,2,1	150	75
2990	50,73,47,85,54,83,54,67,74,73	106,130,112,121,90,143,109,106,110,160	55,60,80,75,61,87,81,99,94,120	132,131,154,112,119,98,131,115,132,141	150	75
2991	2,4,5,1,5,3,4,2,3,4	0,0,0,0,0,0,0,0,0,0	5,8,4,1,5,4,2,2,9,10	0,0,0,0,1,0,0,0,0,0	150	75
2992	2,4,5,2,4,4,2,0,0,2	6,3,9,6,3,6,4,5,9,7	5,6,3,2,7,8,3,3,7,11	5,5,3,6,6,6,3,4,5,6	150	75
2993	2,3,4,1,4,2,3,3,2,2	0,0,0,0,0,0,0,0,0,1	6,5,1,3,3,4,3,2,4,7	0,0,0,0,0,0,0,0,0,0	150	75
2994	2,7,4,2,4,2,4,1,1,2	10,11,3,3,7,4,6,6,6,11	1,5,5,7,2,2,2,1,1,9	12,5,4,6,9,10,12,3,4,3	146	75
2995	4,1,1,0,6,3,0,3,3,2	10,12,5,12,10,4,3,2,6,5	2,3,1,1,1,2,7,0,2,8	9,8,9,10,13,2,10,7,5,5	150	75
2996	1,2,0,1,0,1,1,0,0,0	5,6,5,3,13,7,6,5,8,7	0,0,0,0,0,0,0,0,1,0	7,5,6,2,8,6,3,4,9,5	150	75
2997	34,28,40,36,30,26,36,43,23,22	51,71,59,58,53,60,50,74,52,71	38,26,29,30,36,34,40,40,29,21	57,69,65,45,61,53,70,78,75,68	150	75
2999	0,1,0,1,1,0,0,0,0,0	18,24,25,22,19,32,15,25,17,18	0,0,0,0,0,0,0,0,1,0	19,19,11,18,14,17,19,13,35,26	150	75
3000	11,5,8,10,7,0,7,5,4,10	17,25,16,29,11,21,26,25,36,37	7,3,3,8,7,5,8,2,3,7	27,25,25,27,28,27,19,16,19,28	150	75
3001	0,0,0,0,0,1,0,0,0,0	0,0,0,2,0,2,0,0,0,0	0,0,0,0,0,0,0,0,0,0	0,0,1,0,0,0,0,0,0,0	150	75
3004	0,0,0,0,0,0,0,0,0,0	37,40,39,40,28,38,29,38,30,35	0,0,0,0,1,1,0,0,0,0	47,27,37,22,43,40,30,32,35,34	150	75
3005	0,0,1,1,0,1,0,0,0,0	23,22,30,27,30,24,23,25,18,22	0,0,0,0,0,1,0,0,1,0	33,31,26,35,19,28,25,32,34,24	150	75
3006	0,1,0,0,0,0,0,0,0,0	0,0,0,0,0,0,0,0,0,0	0,2,0,0,0,0,0,1,1,0	0,0,1,0,0,0,0,0,0,0	150	75
3007	1,0,0,0,1,0,0,0,0,0	35,36,46,48,51,41,41,41,41,44	0,1,0,0,1,0,1,0,1,1	42,44,31,35,50,43,35,29,40,44	150	75
3008	15,9,14,10,7,9,11,17,16,10	4138,4592,4709,4555,4221,4281,3847,3982,4066,4545	8,12,6,9,8,12,10,11,3,19	4322,4034,3923,4140,4520,4320,4675,4049,4529,4627	150	75
3009	0,0,2,0,1,1,0,0,0,0	0,0,0,3,0,1,0,1,0,0	5,0,1,0,1,4,0,0,3,0	1,0,0,0,0,2,1,1,0,1	150	75
3013	3,4,7,8,4,3,10,5,6,3	27,29,41,32,35,16,25,17,27,27	10,4,3,8,12,2,2,1,10,1	29,37,22,27,39,32,30,32,19,15	150	75
3014	1,3,1,2,1,1,2,2,0,0	163,200,220,181,176,186,175,184,190,166	0,1,0,0,1,0,1,0,1,2	151,141,166,185,190,202,209,170,185,230	150	75
3015	1,1,0,0,0,1,0,4,0,0	76,62,72,73,58,61,38,56,69,66	1,2,0,0,1,0,0,0,1,0	53,59,61,73,69,74,78,82,67,50	150	75
3016	1,3,3,0,0,1,1,1,3,1	107,107,122,132,122,105,90,86,101,121	0,2,2,2,1,0,2,3,4,0	106,109,138,89,132,118,134,113,101,126	150	75
3017	2,2,1,3,1,0,2,0,0,1	136,117,112,135,122,122,97,117,116,95	5,1,0,1,0,2,1,1,5,3	120,119,121,126,104,111,118,86,108,99	150	75
3018	0,0,0,2,0,0,0,0,0,0	0,0,0,0,0,0,0,0,1,0	0,0,0,0,3,0,0,0,0,0	0,0,0,0,0,0,0,0,0,0	150	75
3019	0,1,0,2,0,0,0,0,0,0	56,88,82,88,97,60,66,64,70,80	0,0,0,0,3,0,0,0,0,0	71,90,71,83,88,82,94,89,88,65	150	75
3020	4,5,4,3,4,2,2,4,0,3	1,2,0,2,0,0,4,2,0,0	2,3,4,2,4,1,3,1,4,1	1,1,3,2,1,2,3,1,1,0	150	75
3021	4,4,3,3,4,2,2,4,0,3	97,114,86,92,100,118,99,98,117,122	1,4,4,2,4,1,4,2,7,1	115,95,95,101,106,85,113,89,106,124	150	75
3022	1,0,1,1,1,2,2,0,0,5	78,72,72,84,69,93,81,88,74,88	2,1,0,4,1,1,1,0,3,0	80,100,85,68,82,70,72,91,118,100	150	75
3023	7,7,3,1,0,2,5,0,8,11	0,1,2,0,0,0,1,0,0,0	5,3,5,5,26,32,22,2,10,14	1,0,0,0,6,1,0,2,3,0	128	75
3024	2,1,1,3,6,2,5,1,2,2	1595,1622,1722,1810,1559,1742,1478,1651,1541,1838	4,3,0,4,2,5,5,2,3,7	1780,1685,1817,1755,1782,1671,1682,1753,1838,1917	150	75
3025	1,1,0,1,3,1,1,1,1,1	0,0,0,1,0,0,0,0,0,0	2,2,0,1,1,2,0,0,1,1	0,0,0,0,0,0,0,0,0,0	150	75
3026	0,1,0,1,0,0,0,0,0,0	1016,1210,1169,1357,1142,1207,998,1099,1138,1357	2,1,4,0,0,0,1,0,2,1	1122,1181,1314,1202,1212,1132,1241,1194,1307,1395	150	75
3028	0,1,0,0,1,0,1,0,0,0	0,0,0,1,0,0,0,0,0,0	0,0,0,0,3,0,1,0,0,0	0,0,0,0,0,0,0,0,0,0	150	75
3029	0,1,0,0,1,0,1,0,0,0	0,1,0,1,0,1,2,0,0,1	0,0,0,0,3,0,1,0,0,0	0,0,0,0,1,0,0,0,0,2	150	75
3030	1,2,1,0,1,0,0,1,2,3	28,26,27,25,23,23,23,29,30,45	3,1,0,1,0,2,1,2,0,5	23,17,25,28,34,19,28,30,31,32	150	75
3031	9,14,11,15,12,14,12,19,8,14	22,22,23,17,14,25,14,26,9,27	11,8,5,10,12,15,16,14,19,13	23,18,12,14,14,23,27,17,20,29	150	75
3032	7,12,15,17,12,17,12,12,13,17	0,1,0,0,1,1,1,0,1,1	14,14,5,9,13,20,15,15,13,13	0,0,0,0,0,0,0,1,0,1	150	75
3033	0,2,1,0,0,1,0,0,1,1	20,16,28,24,14,12,14,24,29,19	0,0,1,1,1,2,0,0,1,2	17,24,17,19,21,26,13,29,14,18	150	75
3034	7,3,7,6,4,3,4,4,3,5	49,72,57,43,39,63,44,54,56,48	5,5,3,6,3,2,3,3,11,3	72,45,61,54,57,63,58,73,83,73	150	75
3035	7,2,15,4,4,10,3,6,6,4	0,0,0,0,0,0,1,0,0,0	9,2,3,6,7,6,3,3,9,1	1,0,1,1,0,0,0,0,1,1	150	75
3036	3,1,1,0,0,0,0,2,1,0	11,12,14,10,8,6,10,11,6,19	2,0,0,0,0,0,1,1,1,1	7,9,7,4,13,7,11,14,3,6	150	75
3039	1,0,0,0,1,2,0,0,1,2	52,25,29,35,31,31,34,23,27,43	0,1,0,1,4,0,0,0,3,1	38,37,21,32,40,37,39,25,25,26	150	75
3041	19,15,18,17,9,8,17,22,12,14	44,57,46,66,62,53,54,45,52,53	17,8,16,9,23,12,16,11,21,27	61,59,47,61,47,57,43,60,50,43	150	75
3042	0,4,2,1,1,2,0,0,1,1	0,0,0,0,0,0,1,0,1,0	1,0,0,0,2,0,0,1,0,4	2,0,0,0,1,0,0,0,0,0	150	75
3043	2,1,1,0,1,2,1,0,0,1	16,11,13,34,17,18,12,13,15,19	4,3,0,1,2,0,1,2,1,1	14,16,9,7,27,17,19,19,16,17	150	75
3044	5,11,13,13,16,10,11,12,15,10	0,1,0,0,0,2,0,0,0,0	16,7,11,15,13,13,9,17,18,25	1,0,0,0,1,3,0,0,1,1	150	75
3045	0,0,2,1,1,0,3,0,3,0	21,25,30,26,20,14,14,20,13,23	0,0,0,0,1,0,1,0,2,2	19,17,28,24,38,17,27,17,25,20	150	75
3046	24,27,32,38,30,22,33,23,28,34	6,6,5,5,11,5,6,10,3,7	18,38,22,27,18,28,26,28,34,32	9,5,3,1,11,8,9,12,7,14	150	75
3047	13,16,19,14,7,10,11,8,7,17	41,53,53,79,67,51,48,51,65,82	9,14,7,13,8,16,12,10,9,11	74,56,48,56,61,57,70,46,52,48	150	75
3048	0,0,0,0,0,0,0,0,0,0	0,0,0,0,0,0,0,0,1,0	0,0,0,0,0,0,0,1,0,1	0,1,0,0,2,0,2,0,0,0	150	75
3049	0,0,0,0,0,0,0,0,0,0	1,0,0,0,0,0,0,0,0,0	0,0,0,0,0,0,0,1,0,0	0,1,0,0,2,0,0,0,0,1	150	75
3051	0,3,3,2,4,0,3,3,2,1	315,443,376,384,376,378,308,370,328,361	3,0,2,2,4,2,2,2,2,4	317,364,349,363,343,346,422,391,397,396	150	75
3052	0,0,2,0,0,1,3,1,2,1	112,141,129,106,124,63,83,96,87,81	2,0,0,0,2,0,0,0,2,1	128,115,85,112,149,124,118,85,77,34	150	75
3053	0,1,0,0,1,1,0,0,0,0	0,0,0,0,0,0,0,0,0,1	0,0,0,0,0,0,2,0,0,1	0,0,2,0,0,0,0,0,0,0	150	75
3055	0,0,0,0,0,0,1,1,0,0	0,1,0,1,0,2,0,2,1,1	1,0,1,0,1,1,1,0,0,2	0,1,3,0,1,0,3,1,0,0	150	75
3056	1,2,3,0,1,1,0,0,0,0	55,91,74,85,86,47,53,66,54,60	0,0,1,1,3,2,1,0,2,4	76,57,67,63,82,66,87,70,72,41	150	75
3057	0,2,0,0,0,0,0,0,1,0	13,15,11,12,11,9,5,14,6,4	0,0,0,3,1,0,0,0,0,0	15,4,5,15,6,17,11,8,7,2	150	75
3058	40,54,81,78,45,57,54,67,65,72	6,1,2,2,3,3,1,2,0,1	48,71,73,61,62,51,65,79,67,70	2,3,5,3,3,1,2,3,2,2	150	75
3059	1,5,12,12,12,9,12,7,6,11	85,84,71,77,52,96,65,89,100,92	20,14,5,11,17,8,10,6,14,13	70,70,67,86,70,68,102,70,88,103	150	75
3060	14,5,2,10,8,5,11,11,15,15	17,15,16,25,13,22,18,15,23,15	9,12,2,15,13,12,14,13,18,14	14,20,21,13,18,20,19,18,18,19	145	75
3061	3,3,5,4,3,5,3,2,2,3	161,163,164,193,155,122,124,143,140,174	3,4,1,1,3,3,4,0,0,7	150,155,149,136,177,145,146,142,140,151	150	75
3062	1,0,0,0,0,0,0,0,5,1	12,13,10,15,7,9,12,9,4,8	0,0,0,1,0,0,0,0,0,1	5,10,1,11,14,13,10,9,4,10	150	75
3063	2,6,1,3,3,4,3,8,2,5	8,5,3,4,6,1,3,1,11,2	2,3,1,6,5,4,6,2,3,4	7,9,3,5,4,3,8,12,2,1	150	75
3064	3,0,0,1,0,0,0,0,0,0	10,8,13,10,13,6,10,11,11,10	0,0,0,0,0,1,0,0,0,0	15,10,8,7,11,16,9,11,9,16	150	75
3065	0,0,1,2,3,1,0,0,1,3	56,47,55,53,62,37,50,42,48,67	1,2,0,2,0,1,0,0,0,0	68,53,44,53,51,72,66,58,51,15	150	75
3066	0,2,0,1,0,0,0,1,0,0	9,4,4,9,3,5,8,2,4,3	1,0,0,3,0,0,2,0,0,0	1,6,2,3,5,5,5,4,3,6	150	75
3067	14,14,6,19,9,12,10,8,19,12	72,76,83,69,72,67,58,74,69,90	18,4,12,5,12,6,11,4,9,12	81,54,64,81,57,51,79,79,92,97	150	75
3068	11,4,7,10,3,6,7,7,6,5	63,80,94,80,65,65,73,67,60,77	6,9,7,7,8,6,1,2,6,8	58,64,59,78,62,70,78,58,79,96	150	75
3069	6,12,7,10,5,5,7,9,8,7	10,11,11,10,12,9,10,10,5,7	8,2,8,7,8,5,9,10,9,3	10,6,12,4,15,13,16,5,13,17	150	75
3070	1,0,1,1,1,0,0,0,1,2	32,35,32,28,30,17,25,22,32,33	1,0,1,0,2,0,1,1,0,0	34,34,20,29,35,27,53,29,30,33	150	75
3071	0,3,0,1,0,6,5,2,0,1	17,7,12,13,6,16,11,7,11,13	3,0,0,2,3,0,1,2,0,3	5,9,10,7,11,3,8,4,15,16	150	75
3072	1,0,0,1,1,0,0,1,0,0	19,19,29,19,22,26,15,16,36,31	0,0,0,1,3,1,0,1,4,5	27,24,26,32,28,20,21,32,42,32	150	75
3073	0,1,0,0,0,0,2,0,0,0	36,47,48,52,41,54,35,52,27,51	0,0,0,0,0,0,0,0,0,0	49,54,35,39,39,46,51,39,77,57	150	75
3074	7,4,5,4,3,3,2,5,3,2	318,354,323,343,331,191,216,283,264,264	2,2,1,3,4,2,6,5,5,7	337,263,256,313,314,299,386,240,217,202	150	75
3075	2,3,6,3,8,2,2,5,2,2	1,1,4,0,0,2,0,0,0,2	7,5,2,0,1,4,4,0,0,2	1,2,2,0,0,0,1,0,2,0	150	75
3076	2,2,5,3,5,1,1,4,2,1	0,0,1,0,0,0,0,0,2,0	4,6,0,0,0,2,3,2,0,2	0,0,0,0,0,0,0,0,0,0	150	75
3077	1,0,0,0,2,2,1,0,1,0	23,28,18,26,22,31,21,26,30,33	1,0,0,1,0,0,0,0,0,0	21,30,28,30,23,20,24,13,21,24	150	75
3079	2,0,1,1,1,1,0,1,2,2	43,52,54,41,32,41,36,45,45,38	2,3,4,1,0,0,1,1,1,2	55,32,56,57,46,40,60,54,66,32	150	75
3080	390,501,448,464,399,314,369,366,391,410	23,28,27,37,23,14,21,24,11,32	458,369,411,356,504,416,480,372,415,340	24,23,13,26,20,32,31,26,31,22	150	75
3081	0,0,0,0,0,0,1,0,0,0	108,94,106,131,118,117,95,115,99,111	0,0,0,0,0,0,0,0,1,0	98,97,84,95,100,99,100,109,94,103	150	75
3082	8,3,1,7,4,2,2,3,6,6	53,74,67,56,73,55,39,53,50,42	3,2,1,3,1,1,3,5,0,4	55,33,67,37,52,71,71,57,54,45	150	75
3083	3,5,3,6,2,3,4,4,2,4	71,107,84,78,101,103,65,78,53,62	0,5,2,2,3,1,4,5,3,4	90,74,81,76,88,103,87,72,77,75	150	75
3084	0,1,1,4,1,2,2,4,0,3	119,109,115,139,99,103,110,111,111,97	1,3,0,0,3,1,0,0,2,0	121,123,124,109,125,119,131,104,118,96	150	75
3085	1,1,1,0,2,3,2,0,3,0	112,129,131,140,111,91,86,85,104,112	0,1,0,1,0,2,1,3,1,0	125,118,97,138,121,106,141,127,117,104	150	75
3086	2,0,1,1,2,0,0,4,0,0	197,242,237,229,199,165,141,180,191,222	0,0,1,0,0,0,0,2,1,4	225,229,171,243,203,246,244,209,175,185	150	75
3087	0,0,0,0,0,0,0,0,0,0	126,177,155,157,154,93,110,113,112,114	0,1,0,0,1,0,0,0,0,0	157,146,112,132,145,126,159,137,111,116	150	75
3090	0,0,0,0,0,0,1,1,0,1	4,11,13,11,10,4,9,10,13,7	0,0,0,0,0,0,3,0,1,1	16,6,10,13,14,19,9,8,7,4	150	75
3092	1,0,0,0,0,0,0,0,0,0	0,0,0,0,0,0,0,0,0,0	0,0,0,0,0,0,1,0,0,0	0,0,0,0,2,0,0,0,0,0	150	75
3095	0,1,2,2,0,0,0,0,2,1	0,0,0,0,0,0,0,0,0,1	2,1,0,1,4,0,1,0,2,0	0,0,0,0,0,0,0,0,0,0	150	75
3096	3,1,1,0,0,0,5,0,4,0	15,11,14,19,14,10,18,11,16,10	1,1,1,0,6,4,3,1,0,0	19,8,12,15,18,10,8,8,11,7	150	75
3100	36,36,41,34,16,29,36,23,45,42	45,57,35,71,30,42,53,52,53,72	39,32,34,50,46,49,59,32,37,46	51,48,43,45,58,56,58,58,65,66	150	75
3101	0,2,0,0,0,0,2,2,1,1	48,53,64,53,54,37,51,44,46,45	0,0,0,2,2,1,1,1,2,0	64,51,50,38,61,56,50,38,41,31	150	75
3103	1,0,2,1,1,3,0,1,0,1	4,2,4,4,4,0,7,3,2,2	2,2,1,0,1,1,3,0,1,5	3,1,3,3,3,1,4,5,3,5	150	75
3107	9,10,5,10,5,5,11,7,3,10	647,705,627,603,563,619,541,568,611,682	16,3,2,8,9,7,9,4,11,12	622,601,588,595,623,647,711,567,657,673	150	75
3109	25,25,22,25,14,18,7,16,24,23	89,76,106,118,56,49,51,56,65,75	15,18,11,20,18,34,19,8,24,12	76,68,66,79,74,84,74,80,59,44	150	75
3110	25,25,22,25,14,18,7,16,24,23	3,11,3,7,7,3,7,2,8,5	15,18,11,19,18,33,19,8,24,12	7,7,4,15,9,4,5,10,2,7	150	75
3111	8,5,6,6,4,6,2,4,5,7	18,10,25,15,15,11,11,13,14,9	7,5,3,5,2,11,6,4,4,4	18,13,19,21,17,17,20,21,18,11	150	75
3112	8,7,6,18,10,17,10,11,12,20	8,1,7,8,8,4,3,8,5,8	12,9,16,17,10,10,19,6,15,20	12,8,2,4,4,3,9,5,8,9	150	75
3113	1,2,3,1,3,3,1,5,1,0	51,46,48,45,38,57,31,62,48,46	2,2,2,0,3,1,0,3,2,1	63,39,25,54,40,38,48,47,47,47	150	75
3114	2,6,3,4,6,7,1,6,2,0	4,2,6,1,4,2,5,4,5,5	2,2,3,5,4,3,2,5,8,5	2,1,1,1,2,6,3,3,6,5	150	75
3117	2,6,4,2,7,6,3,2,7,0	4,1,0,1,2,2,0,1,1,2	3,0,2,4,13,5,7,1,7,14	2,0,3,4,0,1,1,3,1,1	150	75
3118	0,0,0,0,0,0,0,0,0,0	33,34,39,43,33,36,35,35,36,51	0,0,0,0,0,0,0,1,0,0	34,33,41,36,44,31,49,30,31,26	150	75
3119	0,0,0,0,0,0,0,0,1,0	2,5,9,2,4,4,2,0,2,3	0,0,0,0,1,0,0,0,0,0	3,2,3,3,4,4,3,1,0,1	150	75
3120	2,0,0,1,2,0,1,0,1,0	7,6,6,5,6,7,6,8,5,7	0,2,1,0,1,0,1,0,0,2	3,7,3,11,7,1,10,7,14,14	147	75
3121	0,0,2,0,0,1,1,0,0,1	7,13,7,10,5,7,6,3,0,10	0,0,0,0,1,0,0,0,1,1	2,6,5,4,7,3,6,8,8,13	150	75
3122	1,0,2,0,0,0,0,0,1,0	4,7,6,10,6,6,6,5,3,12	2,0,0,1,0,0,0,0,0,1	9,3,6,2,9,2,4,5,6,5	150	75
3123	1,0,0,4,1,0,0,3,1,1	2,3,5,6,8,1,1,3,3,3	4,3,1,0,0,1,1,3,1,0	3,2,4,2,3,3,2,3,0,0	150	75
3124	1,2,2,1,4,0,2,0,5,0	2,0,0,0,1,0,0,0,1,0	5,2,2,2,2,4,3,1,1,0	1,0,0,0,0,0,1,2,0,1	150	75
3125	3,5,6,1,3,1,2,2,2,1	3,1,2,3,1,0,2,2,0,0	9,0,2,6,5,7,2,4,1,2	1,0,4,2,3,3,2,0,2,3	150	75
3126	0,1,0,2,0,0,1,0,0,1	54,82,80,75,71,87,58,67,81,60	0,1,1,0,0,1,0,1,0,0	60,82,59,54,83,71,84,85,78,88	150	75
3127	1,0,1,0,0,0,3,0,1,1	0,0,1,3,0,0,1,0,0,1	0,1,0,0,0,0,2,0,0,3	3,1,0,0,1,2,0,0,0,0	150	75
3129	3,1,0,2,0,0,0,3,2,2	25,15,23,43,19,18,12,16,19,17	1,0,1,0,3,0,1,0,0,2	19,23,20,21,32,18,26,25,20,28	150	75
3130	0,1,1,0,0,0,0,0,2,0	11,17,15,20,12,22,25,22,19,17	0,0,0,0,0,0,0,0,0,0	26,15,25,19,31,26,21,20,19,24	145	75
3131	2,0,0,2,0,4,0,3,0,2	153,161,179,191,134,119,116,136,153,180	0,0,0,2,1,2,0,0,4,2	140,179,165,161,141,177,174,143,141,153	150	75
3134	3,6,2,5,5,8,4,3,4,4	40,32,25,39,27,39,20,29,32,32	7,2,0,2,6,4,4,1,5,8	33,27,28,47,43,27,35,30,38,55	150	75
3135	2,2,2,1,1,2,1,6,5,0	19,17,19,17,10,18,20,20,21,19	1,0,0,2,7,1,6,2,3,8	19,23,17,25,17,16,24,11,25,15	150	75
3139	7,9,2,11,9,3,2,11,5,9	51,76,67,66,62,34,45,69,50,62	3,3,6,13,8,7,4,7,12,10	64,41,36,50,74,51,72,58,75,39	150	75
3140	358,382,360,375,345,292,324,339,283,395	9,2,6,5,4,3,2,8,2,7	351,299,332,344,402,366,401,335,374,428	2,5,5,0,9,6,4,8,1,3	150	75
3142	56,39,51,44,35,46,31,33,53,58	446,483,511,587,479,617,398,462,453,535	45,36,23,25,36,43,40,46,43,56	543,554,551,534,500,519,536,475,593,665	150	75
3143	1,3,9,2,3,3,3,6,3,4	65,96,103,103,90,131,91,98,90,123	1,2,4,6,3,0,2,1,2,1	108,89,91,107,86,95,82,75,95,119	150	75
3144	4,0,2,1,2,1,0,0,1,4	128,141,144,145,127,198,128,147,138,143	2,0,0,1,2,1,0,3,3,4	142,156,133,128,145,146,143,145,178,191	150	75
3145	2,0,0,3,1,2,4,5,1,5	35,31,43,36,39,13,27,27,32,38	5,1,2,0,2,2,2,1,0,2	39,18,39,26,31,37,43,35,30,19	150	75
3146	0,0,0,0,0,0,0,0,0,0	47,56,45,55,47,45,41,45,42,59	0,0,0,1,0,1,1,0,0,0	45,65,69,57,45,57,46,61,54,41	150	75
3147	1,0,0,0,1,1,2,1,1,1	46,30,43,43,44,27,39,43,51,46	6,0,0,0,1,0,1,1,4,2	46,35,41,45,36,47,31,48,44,43	150	75
3148	1,1,1,1,0,1,1,1,2,3	474,475,469,542,448,510,462,442,483,582	0,2,2,2,0,1,2,0,2,0	483,468,500,473,508,481,525,471,549,629	150	75
3149	4,3,3,4,7,6,3,4,6,5	14,6,9,22,14,15,12,8,11,19	4,4,6,6,4,4,1,4,8,9	15,11,13,16,10,18,14,12,19,18	150	75
3150	5,7,10,9,4,13,12,12,8,12	4,6,3,4,3,2,5,1,4,5	9,13,11,16,14,8,18,9,3,7	4,3,6,6,2,2,3,3,4,7	150	75
3151	7,14,18,23,13,19,10,20,12,23	0,0,0,0,0,0,0,0,0,0	24,14,13,16,9,17,22,19,21,17	0,0,0,0,0,1,0,0,0,0	150	75
3154	10,11,15,9,9,16,11,18,13,7	30,36,43,44,43,36,36,42,35,44	14,12,14,1,17,20,12,9,18,18	40,39,53,42,40,45,40,42,52,47	150	75
3156	5,5,9,7,1,2,5,3,3,5	21,12,17,17,15,16,16,16,14,9	8,5,3,2,5,1,2,1,7,2	19,8,13,19,22,16,23,13,17,9	150	75
3157	2,0,0,1,0,0,3,1,0,0	0,0,0,0,0,0,0,0,0,0	3,0,0,0,0,0,2,1,1,0	0,0,1,0,1,0,0,0,0,0	150	75
3158	2,2,3,5,2,2,8,4,1,2	65,86,58,74,68,66,52,64,61,73	5,4,3,8,4,1,5,2,6,8	65,74,59,70,65,71,73,70,71,65	150	75
3161	1,5,1,3,1,2,3,4,3,3	15,17,8,18,17,9,11,22,10,22	2,1,1,0,3,1,4,1,4,6	16,16,8,19,13,10,16,20,17,19	150	75
3163	0,0,0,0,1,1,0,0,0,0	5,4,4,2,6,4,6,6,1,1	0,0,0,0,0,0,0,0,0,2	5,3,3,6,4,2,2,3,6,5	150	75
3164	0,0,0,1,0,1,0,1,0,1	5,2,3,4,3,2,7,0,4,3	1,0,0,0,0,0,0,0,0,1	3,3,4,2,5,0,7,4,6,3	150	75
3165	2,2,2,0,1,3,0,2,1,0	4,1,0,0,3,0,1,1,0,1	1,1,0,1,1,0,0,0,1,1	0,1,2,0,0,2,0,1,0,0	150	75
3166	2,2,2,1,1,3,0,3,1,1	2,4,1,3,1,4,4,2,1,0	2,1,0,1,1,0,0,0,1,3	2,4,5,3,3,2,2,4,8,1	150	75
3168	0,0,0,0,0,1,0,0,0,0	4,0,3,0,2,5,0,1,0,0	0,0,0,0,0,1,0,0,0,1	0,0,0,1,4,3,4,2,2,1	150	75
3169	1,0,0,1,0,0,0,0,0,0	0,3,1,0,0,3,1,0,0,2	2,1,0,1,0,0,0,0,1,0	1,0,0,0,3,1,2,1,0,0	150	75
3170	2,1,2,2,2,2,5,1,2,4	4,4,9,14,15,8,6,11,10,5	5,1,3,2,1,0,1,1,0,5	8,5,5,8,5,8,13,17,4,12	150	75
3171	0,0,3,4,0,0,0,1,1,1	131,156,166,155,135,107,128,116,136,150	1,0,0,2,3,0,1,1,0,2	165,138,126,151,142,166,156,130,132,86	150	75
3172	1,5,2,3,4,3,3,2,5,3	10,8,12,3,15,3,11,8,10,8	3,4,2,1,1,1,1,3,3,2	12,8,10,4,8,6,14,16,7,6	150	75
3175	129,134,118,139,143,138,110,135,116,123	10,15,15,12,7,10,4,11,12,5	116,126,117,135,123,134,117,133,125,138	11,9,6,5,9,11,7,9,9,12	150	75
3177	0,2,1,0,1,1,0,0,0,0	42,37,51,43,35,45,39,35,33,49	1,0,0,0,1,0,0,0,0,2	40,30,39,45,50,49,36,26,44,23	150	75
3178	4,5,3,8,1,3,1,3,6,4	26,31,22,27,18,29,23,28,28,21	4,1,3,3,3,5,1,4,7,1	16,20,22,18,18,16,23,20,29,22	150	75
3179	0,2,0,4,3,0,1,0,0,2	29,25,26,21,22,24,26,39,17,16	2,0,2,1,2,1,0,0,1,0	42,20,17,14,25,23,11,21,30,36	150	75
3183	6,9,3,10,5,8,3,8,8,3	4,6,2,1,3,3,7,3,2,8	11,1,4,1,8,3,6,0,5,6	2,4,3,2,5,6,3,3,7,2	150	75
3184	3,0,0,0,3,1,2,0,0,0	0,0,0,0,0,0,0,0,1,0	1,0,0,0,3,0,0,0,0,2	0,0,0,0,0,0,2,0,0,0	150	75
3189	1,4,3,0,2,1,0,0,4,1	37,29,39,37,25,48,29,35,33,55	1,1,1,0,1,3,2,3,0,1	39,43,22,31,30,42,32,33,49,30	150	75
3190	3,6,14,7,4,3,1,4,10,9	25,57,50,45,48,77,31,51,49,58	6,5,3,1,8,3,5,1,4,3	49,57,46,70,53,49,67,46,47,55	150	75
3191	0,0,0,0,0,0,0,1,0,1	19,16,25,18,26,4,8,12,11,10	0,0,0,0,0,1,3,0,1,0	17,20,14,12,26,13,26,3,6,10	150	75
3192	4,1,3,6,6,2,1,1,4,8	303,276,337,356,272,265,266,315,347,330	2,1,3,3,5,4,4,5,7,3	298,300,272,276,311,345,401,314,344,331	150	75
3195	3,1,2,2,2,2,4,1,1,3	24,28,23,28,21,16,16,23,33,33	2,1,0,1,2,4,4,5,2,0	22,21,30,24,27,17,28,26,20,20	150	75
3196	2,1,1,1,3,1,5,0,0,0	23,32,27,29,41,25,21,20,24,26	1,1,0,1,3,0,0,0,2,1	29,20,19,9,28,31,22,20,35,17	150	75
3197	7,1,2,6,3,4,5,4,2,2	13,13,20,12,13,18,3,14,10,10	5,3,1,3,3,2,6,2,6,5	23,9,18,13,16,17,7,10,21,9	150	75
3198	1,1,6,2,1,0,2,1,0,2	8,14,12,9,13,4,11,5,13,10	2,2,1,1,6,0,1,1,2,3	8,12,9,5,8,13,9,9,5,7	150	75
3199	0,0,0,1,0,0,1,0,0,1	20,19,18,26,23,12,10,17,22,19	0,0,0,0,0,0,0,0,0,0	35,17,21,10,24,13,19,16,17,10	150	75
3200	7,13,7,7,7,4,4,4,3,7	88,79,59,77,71,86,60,90,73,75	3,4,3,5,4,3,6,10,2,9	80,88,76,51,65,67,69,76,89,109	150	75
3201	2,4,4,5,6,4,3,6,4,3	94,70,74,75,81,85,54,91,65,114	3,1,1,0,3,2,2,1,6,5	76,67,64,101,102,75,66,70,85,104	150	75
3202	2,2,2,5,7,3,1,6,3,1	0,0,0,1,0,0,0,0,0,0	2,1,0,0,0,2,0,1,6,3	0,0,0,0,0,2,0,0,0,0	150	75
3203	0,5,2,3,4,1,2,3,3,5	63,66,63,74,47,56,48,87,66,76	4,5,4,3,3,0,3,1,6,5	80,75,65,61,61,53,74,64,78,63	150	75
3204	12,5,7,10,13,9,16,20,9,8	93,94,68,88,82,81,60,71,68,76	19,7,11,8,6,6,10,10,11,13	84,66,74,79,89,56,78,84,84,54	150	75
3207	14,6,5,17,10,12,10,6,9,12	299,307,294,344,266,331,257,346,310,338	15,10,5,11,17,12,10,6,14,13	328,287,305,305,328,328,337,289,377,327	150	75
3211	320,356,363,323,321,194,283,271,282,286	90,88,131,119,93,66,72,64,102,82	348,261,281,319,367,317,338,312,243,195	112,77,75,101,125,126,106,93,65,61	150	75
3214	0,4,7,1,4,0,4,2,0,1	22,21,13,23,17,26,14,28,12,19	2,1,2,1,0,0,2,2,3,1	9,28,18,35,27,8,17,25,29,36	150	75
3215	1,1,8,0,1,1,3,3,5,0	22,20,17,23,20,30,13,14,20,26	2,1,1,3,0,2,2,2,2,5	22,16,26,24,14,16,24,26,31,54	150	75
3217	1,0,2,0,1,0,1,1,2,0	16,22,19,20,28,15,12,12,23,10	0,0,0,0,0,0,0,0,0,0	24,21,10,24,26,22,23,15,15,5	150	75
3219	35,25,25,30,21,37,21,28,32,33	53,42,50,52,39,44,49,44,54,50	24,26,16,28,26,23,28,27,23,30	59,56,40,51,56,59,58,54,41,53	150	75
3220	8,11,10,15,8,8,8,12,12,12	33,29,38,38,24,36,32,31,30,31	7,4,7,5,8,11,9,10,12,13	34,34,27,39,29,34,32,32,34,35	150	75
3221	4,7,8,7,7,5,3,8,4,8	50,44,55,57,53,53,39,57,38,49	6,1,3,6,6,4,4,7,7,9	34,43,48,58,42,40,47,43,50,52	150	75
3222	13,9,12,14,12,13,21,7,19,27	97,116,126,130,133,153,114,130,131,143	12,10,14,8,13,16,17,13,19,26	122,126,124,120,147,153,119,123,157,164	150	75
3223	1,0,0,2,0,0,0,0,0,0	31,47,47,49,40,25,27,33,51,27	0,1,0,0,1,0,0,0,0,0	40,31,32,35,43,30,44,40,27,31	150	75
3224	0,1,2,0,1,0,0,3,1,3	0,0,0,0,0,0,1,0,0,0	2,1,0,2,2,0,0,0,2,1	0,2,0,0,0,0,1,0,0,0	150	75
3225	0,0,0,0,0,0,0,0,1,0	5,6,7,4,3,1,2,3,1,1	0,0,0,1,0,1,1,0,0,2	8,1,4,0,9,7,1,3,2,0	150	75
3226	5,7,6,2,3,0,3,1,4,2	1,1,1,0,0,0,0,0,0,0	2,6,6,4,6,4,2,5,1,2	0,0,0,1,0,2,0,1,0,0	150	75
3227	0,0,0,1,1,0,1,0,0,2	13,13,20,29,15,18,13,11,13,19	0,0,0,0,0,0,0,0,0,2	14,19,21,20,19,16,20,20,10,27	150	75
3228	14,9,5,11,9,12,13,8,10,9	0,0,0,0,1,0,0,1,0,0	9,9,9,9,8,9,16,8,8,12	1,2,0,2,0,0,0,0,0,0	150	75
3229	0,1,0,1,0,0,0,0,1,1	0,2,3,4,0,1,0,1,0,4	0,0,0,1,0,1,0,0,0,0	0,1,3,0,2,2,0,1,2,1	150	75
3230	0,2,6,1,3,0,0,0,3,1	40,43,46,61,45,41,25,27,29,31	4,1,0,1,1,1,1,1,0,0	52,39,27,34,37,41,43,25,32,21	150	75
3232	0,0,0,0,2,0,0,0,0,0	0,2,0,1,0,0,0,0,0,0	0,0,0,0,1,2,0,0,0,0	0,0,0,2,0,0,0,1,0,0	150	75
3233	0,0,0,0,1,0,1,1,0,0	90,100,107,91,99,69,72,89,80,80	2,2,2,0,0,0,0,0,0,1	87,103,116,83,90,80,114,93,90,78	150	75
3234	0,0,1,1,0,0,0,1,0,0	25,30,32,36,34,30,28,34,31,34	2,0,0,0,0,0,1,0,0,0	33,35,21,39,36,25,35,35,28,36	150	75
3236	1,0,0,0,1,0,1,2,0,0	0,0,0,2,0,0,0,1,1,0	4,0,0,0,0,0,2,0,1,0	0,0,1,0,0,0,0,0,0,0	150	75
3237	1,4,3,1,1,0,1,0,0,0	0,1,1,4,1,0,0,0,0,1	2,0,0,0,0,2,0,1,0,0	2,1,0,0,1,0,1,1,0,0	150	75
3238	0,0,2,3,0,0,3,0,0,2	1,0,0,0,0,1,2,0,0,0	5,2,0,2,1,0,2,1,2,0	0,0,0,0,0,0,0,1,0,0	150	75
3239	1,1,2,5,0,1,4,0,2,3	22,28,23,16,22,12,10,16,22,22	7,2,1,2,1,2,4,1,4,1	22,16,28,21,20,24,17,24,13,19	150	75
3240	15,27,16,21,27,9,14,20,11,24	15,9,15,15,11,9,11,10,28,20	21,10,7,21,25,13,14,10,14,18	16,18,9,17,18,16,15,14,17,19	150	75
3241	22,39,45,49,46,49,22,32,34,32	0,0,0,0,0,0,0,0,0,1	37,36,40,38,39,31,51,36,45,29	0,0,0,0,0,0,0,0,0,0	150	75
3242	0,2,4,0,0,1,0,1,2,1	9,9,3,6,7,9,5,6,10,6	0,2,0,0,4,0,0,1,1,2	7,3,7,4,8,1,8,4,10,10	150	75
3243	0,0,0,0,1,1,0,0,1,1	30,36,41,39,35,26,27,29,34,32	0,0,0,0,0,2,1,3,0,0	27,29,21,24,34,30,41,32,30,23	150	75
3244	2,0,1,0,0,1,2,0,1,3	6,7,3,2,3,1,3,4,3,2	2,0,0,0,1,0,0,0,0,1	5,4,5,4,5,6,3,1,3,4	150	75
3246	4,3,2,11,2,7,3,2,2,3	205,230,206,256,184,194,166,176,184,236	5,5,3,3,7,4,8,4,3,5	191,205,184,207,239,210,217,189,202,224	150	75
3247	2,4,2,3,2,4,1,2,4,3	8,7,8,8,6,4,5,10,3,9	0,1,3,5,0,2,1,5,4,5	5,11,9,9,6,10,8,7,7,7	150	75
3248	10,12,12,16,1,9,16,14,8,12	338,345,336,393,354,363,346,314,322,314	18,11,12,6,15,22,22,24,11,16	395,346,347,328,320,332,403,377,336,307	150	75
3249	2,1,2,5,3,4,3,2,1,1	0,0,0,0,0,0,0,1,0,0	1,2,7,2,2,5,2,3,5,4	0,0,0,0,0,0,0,0,0,0	150	75
3251	3,3,3,3,3,1,0,3,1,0	55,45,42,37,33,33,28,48,25,39	3,2,3,0,4,0,2,1,0,7	38,28,27,22,40,43,40,15,24,28	150	75
3252	3,2,7,5,4,5,4,5,0,1	97,92,81,96,73,83,83,88,65,84	3,6,2,7,8,1,3,6,4,3	101,98,87,100,98,106,103,92,94,94	150	75
3253	0,1,0,0,0,0,0,1,0,0	12,18,22,22,12,11,10,13,11,10	0,0,0,0,0,0,0,0,0,0	11,15,17,28,20,11,17,18,6,9	150	75
3254	1,1,1,1,1,0,1,2,1,1	13,11,11,10,19,15,7,15,16,15	1,0,0,0,3,1,0,1,0,1	12,8,15,10,8,17,22,12,15,13	150	75
3255	0,0,1,0,0,1,0,1,0,0	4,8,5,5,1,5,4,3,7,6	1,2,0,0,0,1,1,0,0,2	6,4,3,5,4,7,7,1,6,6	150	75
3256	0,1,0,0,1,0,0,0,1,0	6,10,8,5,10,5,3,6,0,0	1,1,1,0,2,0,0,0,1,0	4,2,4,4,4,2,7,2,9,4	150	75
3257	0,0,0,0,2,0,1,0,0,0	2,1,2,2,1,1,0,1,1,5	1,1,0,0,0,1,1,0,1,1	1,1,2,4,1,1,0,0,3,2	150	75
3259	0,0,1,2,3,0,0,3,0,2	1,3,0,1,3,1,3,5,4,3	0,0,1,3,3,2,1,0,1,0	0,4,2,1,1,4,1,2,1,2	150	75
3262	0,1,0,0,0,0,0,2,0,0	83,91,107,79,82,60,56,83,78,64	0,1,0,0,0,0,0,1,0,0	84,92,80,94,67,88,87,89,82,62	150	75
3265	1,0,0,1,2,1,3,0,0,1	68,67,73,73,67,83,46,57,75,58	0,1,0,0,0,1,3,5,0,1	71,63,70,56,87,49,46,45,66,71	150	75
3266	6,3,5,3,3,6,0,6,4,6	0,0,0,1,0,1,0,0,1,0	4,3,3,0,9,2,5,0,6,5	1,0,0,0,1,1,0,1,0,0	150	75
3267	0,1,4,1,6,2,0,4,2,2	1,0,0,0,0,0,0,0,0,0	1,2,0,1,1,2,3,0,0,0	0,2,1,0,1,0,0,3,1,0	150	75
3268	1,2,1,1,1,0,2,0,2,1	1,0,0,0,0,2,1,0,0,0	1,1,1,1,2,1,0,0,1,0	1,0,0,1,2,1,0,0,0,0	150	75
3269	5,9,17,7,8,5,8,13,13,15	34,38,29,33,25,20,18,38,23,38	10,13,7,5,9,3,8,7,11,18	38,39,35,32,34,34,30,27,46,39	150	75
3270	1,1,1,1,1,1,0,2,2,0	88,106,94,86,89,85,74,90,105,66	1,0,1,1,0,1,1,0,1,1	66,85,92,83,59,76,86,86,85,83	150	75
3271	3,2,1,0,1,2,0,1,1,1	37,35,43,38,31,31,22,36,33,37	1,0,0,1,0,1,0,0,1,3	35,39,20,32,31,43,33,33,32,22	150	75
3275	0,0,1,0,0,0,0,0,0,0	0,0,1,0,1,0,0,0,0,0	0,0,0,1,0,0,0,0,0,0	0,0,0,0,0,0,0,0,0,1	150	75
3277	5,1,0,3,3,2,3,1,1,3	4,8,10,13,6,11,6,18,10,14	1,4,1,1,3,2,0,0,5,4	7,7,8,7,13,12,10,6,6,7	150	75
3280	2,4,4,3,3,3,1,4,1,3	23,24,33,25,25,12,23,22,11,30	1,0,0,0,2,0,1,3,6,1	32,25,19,33,19,22,18,22,24,15	150	75
3281	0,1,1,1,1,1,0,2,2,1	225,292,256,296,302,201,189,232,233,261	0,3,0,0,1,1,3,0,4,4	295,240,223,254,252,247,299,245,243,218	150	75
3284	0,0,0,0,0,0,0,1,0,0	4,8,8,4,4,8,10,6,7,8	0,0,0,0,0,1,1,2,0,0	11,9,5,7,5,6,9,10,6,7	150	75
3287	1,0,0,0,0,0,0,0,0,0	1,3,0,0,0,2,0,0,1,2	0,0,0,0,0,1,1,0,0,0	3,1,1,1,1,0,1,0,0,1	150	75
3288	7,5,8,4,6,4,7,7,9,5	12,12,11,14,7,10,15,10,15,21	10,12,6,9,6,7,12,7,12,3	32,6,16,8,18,16,18,10,14,18	150	75
3289	1,1,0,0,0,0,0,0,0,0	5,7,4,8,10,8,5,5,5,7	0,0,0,0,1,0,0,0,0,0	4,3,8,4,11,8,5,6,2,6	150	75
3290	0,0,1,0,0,2,0,0,0,0	14,16,25,27,12,15,10,11,11,21	0,1,1,0,1,0,1,2,4,5	10,15,20,15,17,28,16,9,19,27	150	75
3291	2,3,0,4,0,1,0,1,3,0	0,0,4,1,0,2,3,2,0,2	0,1,0,2,4,0,1,0,0,3	3,1,3,0,0,0,4,0,1,0	150	75
3292	2,2,0,3,5,0,1,0,2,0	11,14,14,19,17,16,16,15,9,17	0,1,0,0,2,0,1,0,1,3	10,21,19,3,15,16,13,17,17,17	150	75
3293	2,2,3,4,5,0,3,4,3,0	0,0,1,0,2,3,3,0,0,1	1,4,0,1,3,0,3,0,5,4	2,0,0,0,0,0,0,0,0,0	150	75
3294	1,0,1,0,3,0,0,0,0,1	14,18,14,18,11,12,15,11,13,10	0,0,1,3,2,1,0,2,0,1	20,12,15,16,12,18,18,12,15,13	150	75
3295	2,4,3,3,3,1,0,4,3,3	10,9,20,15,10,19,16,12,9,13	3,5,1,2,7,1,3,1,4,11	10,6,7,7,14,11,9,6,12,10	150	75
3296	0,0,3,0,0,1,0,0,0,0	22,18,20,19,22,23,15,19,22,22	0,0,0,4,0,0,0,0,0,1	15,13,14,14,10,14,14,11,31,22	150	75
3297	0,0,0,0,0,0,1,0,2,0	217,219,266,222,200,249,211,198,182,220	0,5,0,0,0,0,0,0,2,1	238,221,204,216,212,212,237,212,241,248	150	75
3298	1,2,0,0,2,0,0,0,2,1	252,206,236,234,236,195,173,189,188,188	1,2,0,0,2,2,2,2,1,1	215,196,212,199,223,222,241,183,201,169	150	75
3299	2,4,3,5,6,6,8,4,7,7	35,52,39,51,30,61,30,46,43,39	8,3,2,6,6,3,2,2,5,5	32,46,39,29,44,35,29,25,59,38	150	75
3300	0,1,1,0,3,2,1,0,1,0	10,12,14,15,8,7,8,10,11,9	1,0,0,0,0,0,2,0,0,0	18,11,11,11,16,16,8,13,9,8	147	75
3301	0,0,1,0,2,2,1,0,1,0	0,0,0,0,0,0,0,0,0,0	1,0,0,0,0,0,2,0,0,0	0,0,0,0,0,0,1,0,0,0	131	75
3302	15,13,11,17,5,7,10,15,16,5	2,4,2,3,4,3,3,5,3,3	16,7,9,9,13,12,11,10,8,11	3,3,4,2,3,4,3,8,1,3	150	75
3303	1,2,1,1,1,3,2,1,0,1	164,125,147,134,153,173,174,204,240,216	0,0,2,1,2,1,1,1,1,2	171,147,142,173,186,185,217,205,159,212	150	75
3305	1,1,2,1,0,1,0,2,0,1	36,33,27,42,37,7,22,24,29,25	0,0,1,0,3,0,0,3,0,2	32,21,24,20,25,33,41,29,15,21	150	75
3306	0,0,2,1,0,0,0,0,1,0	5,7,5,9,9,6,2,3,6,6	0,2,0,0,0,0,0,0,1,1	12,3,5,6,7,10,6,1,3,5	150	75
3307	1,1,2,2,2,1,6,0,1,0	109,126,114,124,116,138,123,93,110,147	0,0,2,1,4,3,1,2,1,4	126,130,114,106,121,110,127,117,130,160	150	75
3308	17,14,16,16,13,11,12,21,22,9	90,120,108,136,106,120,92,110,107,140	11,17,14,15,12,12,15,8,15,19	115,100,101,106,134,108,127,105,106,102	150	75
3309	0,0,0,0,0,0,0,0,0,0	24,17,18,7,18,19,23,9,19,24	0,0,0,3,1,0,0,0,1,2	15,9,8,18,22,29,28,23,16,22	147	75
3310	0,0,0,1,1,0,1,1,0,0	29,44,44,35,40,35,33,34,43,35	0,0,0,1,1,0,0,0,0,0	34,45,34,40,52,39,42,38,33,43	150	75
3311	2,1,2,1,0,0,2,0,1,0	87,105,122,109,93,63,74,81,98,113	2,0,0,1,2,0,2,0,2,1	98,98,91,106,131,115,109,111,90,83	150	75
3312	1,4,2,4,3,1,3,2,2,1	124,124,106,130,128,101,95,126,125,122	2,2,2,1,0,2,0,0,4,3	127,118,126,127,106,127,133,105,111,102	150	75
3315	0,1,1,0,2,1,0,1,2,0	0,1,0,0,0,0,0,1,0,0	1,1,2,0,2,0,0,2,0,1	2,0,0,0,0,0,0,0,0,0	150	75
3316	0,0,2,0,4,0,1,1,1,0	0,0,0,0,1,0,0,0,0,0	0,1,2,0,1,0,0,0,0,0	0,0,1,0,0,0,1,0,0,0	150	75
3317	32,28,48,33,33,10,17,39,26,20	0,4,7,1,2,2,0,1,3,3	34,25,26,31,33,33,39,18,26,15	0,0,1,2,5,3,1,5,4,1	150	75
3319	6,1,7,8,1,7,3,12,11,9	86,62,68,64,59,46,51,53,50,74	7,4,1,10,9,0,5,7,12,7	86,59,47,72,68,61,83,53,61,57	150	75
3320	7,5,3,9,3,6,8,9,7,5	0,0,0,0,0,0,0,1,1,0	8,5,1,8,10,2,5,8,6,9	1,0,1,0,0,0,0,0,0,0	150	75
3321	12,6,4,8,6,7,11,6,7,6	39,40,36,38,26,29,31,36,43,39	8,6,5,6,7,5,3,8,6,10	36,30,40,32,44,30,51,37,36,29	150	75
3322	3,6,4,3,3,2,2,4,3,6	1,2,0,0,0,0,0,1,1,1	12,4,5,7,6,10,12,4,2,6	1,0,0,0,0,0,0,4,0,0	150	75
3323	0,0,0,1,0,0,0,0,0,0	26,25,22,23,20,17,32,28,20,31	1,0,0,0,0,0,2,1,1,0	24,19,23,30,19,22,31,24,34,24	150	75
3324	10,2,8,10,3,7,3,5,5,6	2,2,1,0,0,0,0,0,0,0	4,3,3,6,11,1,5,9,7,11	0,0,0,2,1,0,1,0,1,4	150	75
3325	3,2,1,7,1,2,1,2,3,1	35,46,42,61,22,47,51,39,48,28	0,1,1,2,2,0,4,5,1,3	31,48,44,50,47,39,41,33,57,49	150	75
3326	1,5,4,2,3,0,1,1,2,5	38,36,36,33,25,41,29,28,26,31	1,2,2,1,1,1,1,3,0,3	32,33,29,45,34,26,40,51,34,54	150	75
3327	5,2,4,3,4,0,4,4,6,7	1,0,0,0,0,0,1,0,0,0	1,3,2,7,2,2,2,2,3,7	0,0,0,0,0,0,0,0,1,1	150	75
3329	7,12,9,12,7,11,4,7,10,21	57,52,56,67,53,48,49,69,49,72	20,13,7,5,15,16,4,10,24,16	69,73,66,58,64,70,66,59,66,61	150	75
3330	277,310,270,272,252,123,192,220,224,203	0,1,0,1,1,0,0,0,1,1	305,214,263,255,323,242,317,188,168,126	0,1,0,1,0,4,0,0,0,0	150	75
3331	1,1,0,1,1,0,1,1,0,2	309,406,305,327,389,206,237,277,267,243	2,2,1,0,1,1,1,0,2,0	347,267,336,304,381,294,373,265,219,145	150	75
3333	0,0,4,1,2,0,0,2,0,0	6,11,4,14,8,17,6,6,1,9	0,3,0,0,2,0,0,0,0,2	16,6,16,16,8,6,10,11,8,13	150	75
3334	1,1,0,0,0,0,0,0,1,1	9,15,5,10,11,18,6,8,12,8	0,0,0,0,1,0,0,0,1,2	17,12,7,10,17,13,17,7,11,15	150	75
3335	1,2,2,0,0,1,0,2,1,2	37,36,51,44,38,31,45,32,24,41	0,3,0,0,1,0,1,1,0,1	45,35,28,33,48,56,41,38,29,32	150	75
3338	8,12,10,16,4,7,11,8,6,16	6,8,5,7,5,2,6,7,7,2	8,7,4,6,18,11,8,9,12,4	7,8,7,6,7,7,10,3,3,6	150	75
3339	4,8,7,10,4,2,6,4,7,8	29,26,24,28,20,16,17,25,21,17	5,2,2,2,9,4,3,1,7,2	25,18,16,17,20,23,21,11,16,23	150	75
3340	0,0,0,0,0,0,0,1,0,0	24,28,17,18,13,14,19,21,9,17	0,0,0,0,0,1,0,1,0,0	22,13,37,19,19,19,25,22,17,24	150	75
3341	5,1,2,4,2,6,0,2,3,3	93,92,100,77,71,100,91,79,76,92	3,7,1,1,3,0,3,2,5,4	82,64,83,87,83,68,112,72,79,100	150	75
3342	1,0,2,0,1,0,2,0,1,1	86,93,102,84,84,110,74,84,82,90	3,1,2,0,0,1,0,0,0,0	86,89,94,92,79,72,127,74,109,90	150	75
3343	8,8,2,4,4,1,3,7,2,1	48,72,50,67,56,51,48,50,46,55	2,1,3,3,3,2,5,3,4,7	60,68,44,50,58,50,57,53,75,65	150	75
3344	1,0,0,1,2,2,2,2,0,4	58,48,41,42,30,39,42,34,52,34	2,0,1,4,1,2,1,3,3,2	40,46,44,45,40,32,46,28,37,35	150	75
3345	1,0,0,2,0,0,2,0,1,2	6,6,11,7,6,6,6,12,10,8	1,1,2,2,1,2,1,1,0,2	11,6,9,7,11,12,8,10,5,12	150	75
3346	0,0,1,1,0,0,0,1,0,0	1,1,2,0,0,1,0,2,1,1	0,2,0,1,0,3,0,0,0,1	2,3,3,1,4,3,4,3,0,1	150	75
3349	4,6,1,7,1,8,6,8,2,7	57,94,62,50,58,85,55,50,64,31	6,5,1,1,10,3,2,9,11,7	49,77,55,61,73,74,78,75,48,92	150	75
3350	8,7,6,7,3,6,7,8,7,9	0,1,1,0,1,0,0,0,1,1	9,4,6,5,15,8,2,4,8,15	0,1,2,0,1,2,0,0,0,0	150	75
3351	2,3,5,5,3,0,5,3,5,2	18,30,25,26,22,10,27,11,26,9	4,1,4,2,3,4,3,1,6,6	18,13,14,37,20,20,18,23,17,28	150	75
3352	0,0,0,4,1,0,0,0,2,1	53,69,50,63,49,46,50,65,74,47	1,1,0,0,0,1,1,1,0,0	56,53,49,68,69,58,56,37,72,58	150	75
3353	1,1,4,4,6,5,3,11,4,7	119,117,122,146,102,101,93,109,104,101	6,4,5,4,9,4,7,6,14,11	127,91,127,108,123,113,126,102,100,88	150	75
3354	2,2,2,1,0,3,1,3,0,0	101,102,122,100,108,97,82,86,84,126	0,0,0,3,0,0,1,0,4,1	97,118,97,98,110,108,105,83,103,100	150	75
3355	3,2,0,1,1,2,1,0,0,3	1,0,1,0,1,0,0,0,0,0	1,0,0,0,0,0,2,2,2,3	0,0,0,0,0,0,0,0,0,0	150	75
3356	13,11,9,13,10,6,7,14,5,13	50,59,65,63,51,77,59,56,61,82	17,12,10,6,8,12,12,9,15,16	50,65,60,67,72,67,95,45,73,68	150	75
3357	6,11,9,11,7,11,7,14,6,11	0,0,1,0,0,0,0,0,0,0	18,14,3,3,7,13,10,8,14,17	0,0,0,0,0,0,1,0,0,0	150	75
3358	7,3,4,3,5,8,2,5,4,1	4,4,1,3,2,0,0,3,2,4	3,2,0,0,7,1,3,1,2,3	5,2,1,1,5,1,1,1,1,2	150	75
3359	21,32,15,29,31,25,19,30,21,36	75,80,80,85,72,68,78,92,90,105	18,16,22,17,34,19,23,21,15,34	81,109,85,61,94,107,97,91,86,89	150	75
3360	3,3,7,7,2,4,6,2,3,2	0,0,0,0,0,0,0,2,0,1	7,4,1,3,7,5,8,2,5,5	3,0,0,0,0,1,0,1,0,0	150	75
3361	4,4,10,7,3,5,6,4,3,2	81,96,87,96,88,119,93,104,93,98	7,3,1,2,7,6,7,2,5,6	100,110,93,120,95,94,116,108,122,143	150	75
3362	5,7,10,2,3,4,8,2,4,3	55,73,62,54,70,64,52,54,45,79	8,1,4,1,4,3,10,1,8,6	73,67,52,85,53,63,79,75,78,79	150	75
3363	2,3,6,2,1,1,5,6,4,4	82,84,82,75,73,68,62,67,63,56	2,2,0,2,2,3,1,1,3,5	66,42,73,85,62,65,81,67,74,82	150	75
3364	7,15,10,23,15,10,7,12,19,15	53,41,43,50,54,35,31,50,30,49	16,13,21,10,11,16,19,9,21,22	48,49,48,43,41,55,45,56,41,58	150	75
3365	0,0,0,0,0,0,1,0,1,0	15,12,20,17,8,9,6,13,14,10	0,0,0,0,0,0,1,0,0,0	10,8,16,13,9,10,13,12,15,8	150	75
3367	230,288,287,334,235,379,265,264,313,290	85,90,96,104,80,132,97,103,97,120	284,283,246,284,287,301,358,334,348,433	97,115,89,114,83,84,116,107,138,148	150	75
3368	23,20,17,20,13,21,24,19,22,22	185,193,189,209,134,219,192,141,185,235	23,17,21,17,30,22,24,11,34,34	209,162,192,195,210,167,201,195,215,245	140	75
3369	8,11,18,15,15,19,19,12,9,11	36,52,39,34,50,45,38,41,49,48	8,10,9,9,13,16,16,8,9,20	36,42,49,31,44,38,51,42,42,39	150	75
3370	0,5,5,6,2,3,2,1,6,5	196,194,213,189,202,116,100,134,142,173	4,2,4,3,3,2,2,2,3,4	131,129,131,160,197,173,185,144,136,91	150	75
3371	0,0,0,0,0,3,0,0,0,0	32,27,29,24,30,20,17,30,21,31	0,1,1,0,0,0,0,2,0,0	27,31,26,27,33,19,22,19,23,28	150	75
3372	1,1,1,0,4,0,1,0,0,0	0,0,0,1,0,0,0,1,0,1	0,2,0,1,0,0,2,0,0,1	0,0,0,0,0,0,0,0,0,0	150	75
3373	61,87,85,71,67,82,58,57,60,72	0,0,0,1,0,0,0,0,0,0	49,58,52,65,61,59,70,62,74,73	0,0,0,1,0,0,0,0,0,0	150	75
3375	1,1,2,1,1,1,2,1,1,2	27,21,21,28,18,18,29,23,26,26	2,2,0,3,3,0,0,0,4,2	23,22,21,21,29,23,21,21,29,26	150	75
3376	46,36,23,45,28,23,22,24,28,44	0,1,0,0,1,1,3,1,2,1	21,28,26,41,37,26,29,33,28,24	0,1,0,0,1,1,0,0,0,0	150	75
3377	10,2,8,8,3,2,6,8,4,4	10,21,20,21,11,10,13,12,13,13	4,5,8,6,2,6,5,2,6,4	21,9,16,28,23,23,14,13,17,12	150	75
3378	0,4,2,2,1,1,0,0,0,0	41,45,36,34,41,28,31,33,32,36	0,0,1,0,4,0,0,0,3,1	45,35,36,36,33,43,64,29,32,20	150	75
3380	0,0,0,0,0,0,0,0,0,0	35,36,35,39,36,28,26,21,24,24	0,0,0,0,2,1,0,0,0,0	31,20,27,24,23,11,19,12,27,35	150	75
3381	2,0,0,0,1,0,0,1,1,0	7,9,10,15,7,20,9,6,9,12	0,0,0,0,0,0,0,0,0,0	11,14,7,3,6,10,8,6,7,7	150	75
3382	1,0,0,2,0,0,0,0,3,1	28,25,31,28,17,28,11,33,25,25	2,0,0,1,2,0,0,0,0,0	27,21,28,24,32,25,24,22,19,34	150	75
3383	0,0,0,0,0,0,0,0,0,0	13,12,14,17,15,18,6,21,17,10	1,0,0,0,0,1,0,0,3,1	19,17,8,9,12,16,18,8,9,15	150	75
3385	0,1,0,1,1,0,0,0,0,0	8,11,6,6,5,8,6,8,8,6	0,1,0,0,0,0,0,0,0,1	10,3,5,3,5,5,10,7,2,7	150	75
3387	1,2,4,1,2,3,2,3,1,2	627,569,594,607,541,606,514,637,661,671	6,1,1,5,4,1,1,4,4,5	537,554,601,525,661,589,704,644,658,833	150	75
3388	0,1,0,0,0,0,1,0,0,0	37,45,48,55,40,38,43,47,47,46	0,0,0,0,1,1,0,0,1,0	56,44,39,34,60,46,62,41,33,32	150	75
3389	5,2,3,2,4,0,4,7,3,2	190,243,211,190,224,204,178,203,165,183	3,6,0,8,5,2,5,2,8,4	177,199,193,170,224,180,195,183,197,182	150	75
3390	5,10,13,8,7,3,12,7,10,10	103,182,155,157,128,170,153,138,119,144	9,4,5,6,8,6,7,11,16,26	155,147,127,137,146,160,136,104,177,163	146	75
3391	12,6,13,10,10,4,11,6,7,13	231,227,212,204,184,201,185,197,195,215	7,5,4,6,9,6,4,6,17,28	198,184,147,178,223,173,157,167,240,228	150	75
3392	1,0,1,0,0,2,0,1,0,0	1,1,0,1,0,0,0,0,1,0	0,0,0,1,0,0,2,2,0,1	1,2,0,1,0,0,2,1,0,1	150	75
3393	0,0,1,0,1,0,2,0,0,0	0,1,0,1,0,1,1,3,2,1	0,0,0,0,0,0,2,0,0,1	0,1,0,0,0,0,1,0,0,2	150	75
3394	1,2,2,1,2,1,5,1,3,4	38,29,46,43,33,50,21,32,31,42	4,2,1,1,4,3,0,3,2,6	36,42,38,38,37,40,38,40,49,47	146	75
3395	18,25,19,16,18,16,23,20,16,23	4,4,4,5,3,15,12,4,6,10	19,22,20,16,23,11,25,21,18,27	12,10,7,4,10,7,13,9,5,9	150	75
3397	1,1,0,1,0,0,0,0,0,1	41,62,45,54,49,48,44,46,42,68	1,0,1,0,1,1,0,2,0,3	44,40,46,44,37,43,59,41,65,61	150	75
3398	1,0,3,2,2,2,0,0,1,0	91,134,101,92,94,124,82,99,84,98	0,0,0,0,1,1,1,1,1,2	87,110,106,100,100,108,83,104,85,125	150	75
3399	4,0,1,0,0,2,1,1,0,0	27,12,26,36,15,21,26,12,18,13	1,0,3,1,0,1,0,1,3,0	32,13,23,21,13,26,26,30,21,20	150	75
3400	2,0,2,0,0,0,1,1,0,0	38,31,39,38,38,34,30,30,36,40	0,0,0,0,0,0,0,0,0,1	29,35,42,31,54,33,26,37,33,38	146	75
3401	3,5,2,3,1,3,7,4,4,2	17,12,15,14,20,25,14,8,12,22	4,1,1,3,5,3,4,3,2,11	21,22,13,15,26,15,22,12,21,16	139	75
3402	3,4,7,6,6,6,5,5,6,4	3,0,4,6,2,3,3,0,1,0	5,4,3,10,5,5,6,5,5,6	0,0,0,0,0,3,1,1,1,0	150	75
3403	11,8,22,15,8,15,18,13,14,12	8,10,7,11,6,10,3,7,5,8	14,15,9,19,12,6,8,15,12,19	7,7,4,5,7,7,5,7,9,8	150	75
3404	0,0,0,1,0,0,1,0,0,0	44,37,40,47,42,25,35,32,27,34	0,0,0,0,0,0,1,1,0,0	32,30,40,31,33,28,52,32,30,30	150	75
3405	6,5,10,10,6,4,3,8,8,6	52,52,48,55,49,46,42,43,46,61	3,1,0,1,7,1,2,2,9,7	47,48,54,46,45,37,53,43,54,65	150	75
3407	1,0,0,5,0,2,2,3,4,0	56,47,36,52,42,27,40,46,38,34	2,2,0,2,2,4,7,4,2,1	50,37,28,33,67,35,37,29,41,25	150	75
3408	0,1,1,1,1,0,1,0,1,0	45,54,51,56,42,30,28,44,42,34	1,0,0,0,1,0,0,0,0,0	37,37,54,36,63,50,58,48,54,29	150	75
3409	24,18,15,19,9,13,12,16,16,14	2,0,2,0,1,1,2,0,0,1	17,2,11,11,10,10,19,8,18,28	3,1,0,0,1,0,1,1,0,1	150	75
3412	6,5,16,6,9,10,8,7,9,8	79,84,74,79,65,74,60,71,72,81	13,10,8,3,13,8,4,19,10,16	57,70,63,61,66,76,74,58,90,87	150	75
3413	1,0,1,2,1,1,0,4,0,4	60,66,63,55,52,50,65,60,51,77	2,0,0,1,1,0,0,1,1,1	85,65,47,65,63,60,72,71,61,53	150	75
3414	3,1,2,8,1,2,0,3,2,4	12,19,15,20,24,24,17,18,11,14	3,6,4,2,5,0,2,2,3,2	18,15,13,10,20,22,25,16,21,24	150	75
3415	4,1,5,10,2,3,1,4,6,5	0,1,1,2,1,1,2,0,1,0	4,6,5,3,8,2,1,1,5,8	0,1,0,0,0,2,0,2,0,5	150	75
3416	4,1,5,6,3,1,5,1,5,4	19,30,27,24,27,29,18,26,25,40	3,3,4,4,4,3,1,0,4,10	33,30,17,26,33,25,23,26,33,30	150	75
3417	0,1,0,0,0,1,1,1,0,1	60,57,56,62,66,57,54,62,71,66	0,0,0,0,0,0,1,0,0,0	57,61,43,67,60,56,62,60,59,52	150	75
3418	2,0,0,1,0,0,0,1,0,1	83,90,92,94,68,52,60,57,61,66	1,0,0,0,0,0,0,0,2,0	85,67,55,85,63,87,111,87,67,48	150	75
3420	2,0,0,2,0,0,0,0,0,0	69,76,84,75,66,47,58,56,65,75	0,0,0,0,0,0,0,1,0,1	75,61,71,66,74,62,85,75,57,40	150	75
3421	7,11,13,17,5,12,13,10,14,13	56,64,51,64,61,42,61,59,51,45	8,8,16,14,14,12,11,8,22,18	77,46,56,59,67,60,80,49,61,43	150	75
3422	90,83,113,88,106,50,63,60,76,92	2,4,6,6,1,2,1,2,3,3	85,71,92,92,92,95,96,85,96,71	5,3,2,4,2,2,3,2,3,3	150	75
3423	0,0,0,0,1,1,0,5,0,1	59,67,77,77,57,73,65,54,90,109	1,1,1,0,5,1,2,0,2,4	84,70,70,85,92,71,92,88,77,79	150	75
3425	3,1,1,2,2,1,3,1,3,4	2,2,1,1,1,0,1,0,0,0	0,2,3,5,2,5,1,0,4,5	1,0,0,0,0,1,0,3,3,2	150	75
3427	0,0,0,2,0,0,0,0,0,1	2,2,5,8,2,3,2,1,0,0	0,0,0,1,1,1,1,0,0,2	0,2,0,2,2,2,5,1,4,2	150	75
3428	0,0,1,0,0,0,0,0,0,0	33,26,36,47,37,6,20,18,15,21	0,0,0,0,0,0,0,0,0,0	32,39,12,38,48,32,35,18,15,7	150	75
3429	102,85,92,83,86,48,82,56,74,79	2,5,3,0,3,5,1,2,5,5	93,79,75,82,123,89,100,84,76,61	2,3,4,1,4,4,7,1,2,3	117	75
3430	12,3,4,3,4,5,6,1,6,7	0,2,6,1,3,3,4,8,2,5	4,5,11,5,6,5,3,7,2,6	4,1,1,4,3,2,7,7,3,8	150	75
3431	11,7,9,18,12,6,8,9,10,11	2,5,3,2,8,9,5,4,4,9	8,10,4,8,10,6,15,10,15,15	6,6,5,7,6,3,3,4,3,5	150	75
3432	2,0,3,1,2,0,2,1,0,0	7,15,24,11,9,14,6,10,8,10	0,0,0,1,2,0,1,2,0,1	11,7,11,11,9,12,18,8,11,12	150	75
3433	12,5,8,13,5,6,3,6,6,6	5,4,2,2,2,4,6,4,2,7	9,3,3,2,10,0,9,7,19,8	1,1,4,4,1,5,0,2,1,0	150	75
3434	2,1,3,3,0,1,2,2,4,3	4,7,6,4,5,4,7,2,5,4	2,2,3,1,3,0,2,4,6,1	4,6,4,3,3,3,7,6,3,9	150	75
3436	0,0,2,1,1,1,1,1,1,0	79,106,86,106,81,93,82,91,97,78	2,0,0,0,0,1,1,0,0,1	114,95,64,96,102,96,136,94,98,95	150	75
3437	0,3,0,1,2,1,1,0,1,0	0,0,0,0,0,0,0,0,1,0	1,1,0,0,1,0,0,1,1,1	1,0,0,1,0,0,0,0,0,0	150	75
3438	0,5,0,1,2,2,2,3,0,1	103,124,110,109,124,101,109,111,127,132	1,1,0,0,2,0,0,4,1,1	104,115,86,131,107,123,163,145,112,122	150	75
3439	2,1,1,0,3,0,0,2,2,1	166,183,198,206,176,222,147,213,175,188	2,1,0,0,1,2,3,0,2,1	157,213,178,188,190,158,209,164,216,236	150	75
3441	9,10,10,13,8,14,8,13,18,17	14,12,14,24,13,3,16,13,18,15	10,18,15,10,14,15,17,4,13,28	14,18,12,13,19,18,15,10,16,9	150	75
3442	25,23,41,35,38,33,12,21,29,30	6,6,2,8,2,3,7,5,5,4	36,29,35,26,38,33,27,24,33,33	1,3,4,2,7,2,6,6,4,4	150	75
3443	1,0,0,0,0,0,0,0,0,0	2,5,9,5,7,4,8,5,8,8	0,0,0,0,1,0,0,0,1,2	3,9,4,18,16,5,1,5,5,6	148	75
3444	2,0,0,1,0,0,0,0,0,0	8,8,7,5,7,8,13,8,5,11	0,0,0,0,0,0,0,0,0,0	5,10,6,17,19,7,7,11,10,12	150	75
3445	4,4,1,2,1,3,1,2,3,1	0,0,0,0,2,0,0,0,0,0	3,0,0,1,3,1,3,1,3,9	0,0,0,1,0,0,0,0,0,1	150	75
3446	4,2,5,4,1,3,3,4,10,1	89,98,92,114,101,92,100,98,84,123	3,1,1,1,7,1,5,2,6,7	100,91,110,79,100,94,116,80,136,137	150	75
3447	1,1,0,2,5,3,8,1,1,1	68,84,81,79,80,66,58,68,65,99	4,1,4,1,3,2,2,0,2,1	86,60,88,58,67,69,89,58,90,95	150	75
3448	1,0,0,0,5,2,4,1,1,1	0,0,0,0,0,1,1,0,0,3	4,1,5,1,4,1,3,0,2,1	0,0,0,1,3,3,0,0,1,0	150	75
3449	1,0,1,1,0,0,0,0,1,0	91,119,99,109,104,81,86,88,86,120	0,0,1,0,1,0,1,0,0,0	97,76,76,88,97,93,93,94,102,131	150	75
3450	1,0,0,0,1,0,1,0,0,0	3,3,4,6,3,1,1,1,2,1	0,0,0,0,1,0,0,0,1,3	7,1,1,3,2,1,3,2,1,0	150	75
3452	0,0,3,1,1,1,0,2,0,1	0,1,0,0,0,0,0,0,0,0	2,2,1,0,2,0,0,3,0,1	0,0,0,0,0,0,0,2,0,0	150	75
3453	1,0,0,1,0,0,0,0,0,0	33,43,36,39,38,32,26,30,36,42	1,0,0,0,0,1,2,1,0,0	51,39,39,41,48,30,40,32,40,37	150	75
3454	11,14,15,17,13,15,13,16,18,15	0,1,0,1,0,0,0,0,0,0	8,16,8,11,13,10,18,11,22,24	0,0,0,0,0,0,1,0,0,0	150	75
3455	5,5,9,7,5,7,9,7,7,4	0,2,0,0,0,1,1,0,0,0	5,1,2,3,4,2,11,7,13,16	1,2,0,0,2,2,1,0,0,0	150	75
3456	9,8,11,12,6,11,6,8,9,5	4,2,3,6,3,1,2,3,7,6	13,1,3,5,10,4,16,6,14,21	5,5,3,5,4,6,2,0,8,7	150	75
3458	2,1,1,0,0,0,0,0,0,0	1,0,0,0,0,0,2,1,0,2	0,0,0,0,0,1,0,0,1,0	1,1,1,0,1,1,1,0,0,0	150	75
3459	0,3,4,8,3,1,2,1,1,2	28,41,42,48,29,54,31,44,43,44	3,0,0,2,1,2,4,0,4,3	56,44,45,42,33,52,38,42,55,46	150	75
3460	3,1,2,2,2,3,1,2,5,1	55,70,61,79,77,59,68,72,76,83	1,2,1,1,1,0,1,1,0,0	98,79,79,72,88,88,69,57,79,50	150	75
3461	0,0,0,0,0,0,0,0,1,1	7,1,8,4,2,6,1,5,1,5	0,0,0,1,1,0,0,0,0,4	2,1,3,3,1,4,3,4,4,2	150	75
3462	2090,2415,2452,2476,2344,2310,2012,2115,2242,2582	0,0,0,0,0,0,0,0,0,0	2273,2312,2209,2285,2692,2465,2676,2374,2616,2343	1,0,0,1,0,0,0,0,1,0	150	75
3463	3,0,2,4,1,2,1,3,2,1	2,4,5,3,5,3,3,6,7,5	1,0,0,4,1,2,1,3,3,1	5,2,3,3,1,5,10,5,6,5	150	75
3464	4,1,2,1,1,4,4,4,3,0	8,13,7,12,6,8,8,8,13,9	1,1,1,1,6,2,0,3,1,1	7,8,12,5,8,8,8,13,10,6	150	75
3465	3,0,0,1,1,1,1,2,2,1	260,255,226,251,199,255,240,234,279,363	0,6,6,1,3,1,1,1,0,3	240,234,236,281,275,269,289,246,345,344	150	75
3466	53,71,99,53,32,44,64,45,75,90	99,95,114,87,67,67,66,85,107,130	83,43,73,49,100,75,78,65,88,79	101,89,91,95,106,99,105,114,102,136	150	75
3467	4,4,6,4,2,2,3,4,1,5	13,15,12,20,19,11,21,22,14,16	2,0,1,0,4,1,3,2,4,3	10,14,10,18,17,12,30,23,14,20	150	75
3468	3,4,6,5,6,5,18,5,1,3	0,2,0,3,0,0,0,0,0,0	9,6,2,2,6,7,3,6,4,8	0,0,2,1,1,1,0,0,0,0	150	75
3469	1,2,4,0,2,3,0,3,2,1	10,3,11,6,3,2,8,9,4,9	2,0,0,2,0,1,0,1,0,0	3,8,4,8,8,5,8,7,3,5	150	75
3471	1,1,3,3,1,1,2,0,1,0	38,26,39,53,31,26,44,44,33,48	2,0,3,3,2,2,1,2,0,2	28,38,38,41,44,46,42,44,42,42	150	75
3473	0,2,2,1,0,1,2,1,0,1	20,23,26,21,21,9,15,21,26,38	1,0,0,1,0,1,0,1,0,2	22,37,17,23,21,19,21,17,16,27	150	75
3474	1,0,2,1,1,1,0,2,2,1	1,1,1,3,2,0,2,0,3,6	1,0,1,0,0,1,2,0,1,1	1,1,0,0,2,1,0,0,4,2	150	75
3475	1,0,0,1,1,1,1,0,0,0	1,0,2,0,2,1,2,4,5,4	0,0,2,0,1,0,0,1,0,0	4,1,0,0,4,1,2,5,1,0	150	75
3476	0,0,0,0,0,0,0,0,1,0	0,0,0,1,1,0,0,0,0,0	0,0,1,0,0,0,0,0,0,1	0,0,2,0,0,1,0,0,0,0	150	75
3477	0,0,0,0,0,0,0,1,1,0	15,21,12,20,25,10,12,19,11,17	1,0,0,0,0,0,0,0,0,0	17,16,13,21,24,16,19,19,20,15	150	75
3478	462,505,501,484,454,517,450,451,435,498	54,50,67,64,60,75,50,68,66,64	481,459,509,507,512,561,536,480,506,489	53,64,74,69,67,62,69,66,68,53	150	75
3479	1,2,2,1,3,2,0,3,3,2	74,64,65,67,42,61,50,57,50,62	0,2,0,3,0,1,3,3,3,5	68,55,46,71,58,61,91,63,74,72	150	75
3480	47,37,41,39,33,43,40,37,39,46	8,4,7,7,4,2,3,9,10,10	42,31,41,46,53,48,47,50,54,31	5,5,4,9,5,7,4,5,11,10	150	75
3481	7,3,2,8,4,1,1,3,6,2	7,1,4,2,4,3,2,3,4,1	5,4,4,0,5,0,2,0,7,0	7,2,2,0,1,2,2,4,4,2	150	75
3482	6,7,3,4,6,2,4,4,8,3	2,2,1,4,4,2,1,0,5,3	5,2,4,2,7,3,2,2,12,1	2,5,3,4,3,4,7,2,4,5	150	75
3483	6,4,3,9,4,1,5,5,8,1	0,0,1,0,0,0,0,0,0,0	9,1,5,0,6,3,2,4,10,1	0,0,0,0,0,0,0,0,0,0	150	75
3484	4,5,9,9,4,2,9,4,5,4	7,5,2,2,2,5,2,1,2,6	6,2,5,2,4,1,3,4,7,5	5,3,3,2,1,4,3,3,3,3	150	75
3485	3,6,3,6,2,2,2,3,0,8	137,160,149,187,154,199,143,169,162,192	5,3,4,2,7,3,1,4,5,5	153,132,131,162,162,163,178,140,147,173	150	75
3486	6,3,2,5,8,5,2,3,1,0	5,2,7,6,1,6,1,6,2,5	2,4,1,2,3,2,2,1,2,9	8,9,4,1,4,5,5,2,9,1	150	75
3488	0,1,0,1,0,0,1,2,1,1	8,7,4,6,11,5,11,8,2,8	2,0,0,0,0,0,0,0,0,0	3,8,2,9,12,9,18,5,12,4	150	75
3489	5,1,3,5,8,7,5,5,2,2	0,0,2,2,0,0,0,1,1,0	6,3,5,2,8,4,0,1,2,3	1,0,1,0,0,0,0,0,0,0	150	75
3490	3,2,1,0,2,0,1,1,3,0	20,19,19,31,20,17,33,24,21,23	1,1,0,0,1,1,1,0,6,2	27,20,19,24,32,19,28,29,28,36	150	75
3491	3,1,0,0,2,4,0,0,4,0	10,11,16,14,8,9,12,16,17,19	5,7,2,0,2,2,2,2,0,2	13,12,5,13,4,8,7,16,13,10	150	75
3492	0,0,0,0,0,0,0,0,0,0	41,50,40,55,50,37,42,50,45,41	0,0,0,0,0,0,0,0,1,0	35,43,46,59,56,66,49,47,47,38	150	75
3493	24,12,17,22,4,10,15,16,13,16	10,5,14,15,7,14,10,7,8,11	15,10,6,5,24,13,6,8,12,9	12,9,10,9,10,13,18,12,5,4	150	75
3497	0,0,0,1,0,0,0,1,0,1	0,1,1,0,0,4,2,1,0,1	0,0,0,0,0,2,0,0,0,1	2,0,0,0,1,0,0,1,2,0	150	75
3498	2,0,3,1,0,0,1,3,1,0	33,45,39,51,30,37,24,34,45,39	0,0,0,0,0,0,0,0,0,0	44,32,29,45,42,42,40,44,42,26	150	75
3499	2,3,5,4,3,3,5,1,1,2	0,3,2,4,1,2,0,0,0,3	5,2,1,2,5,0,2,1,6,5	4,0,3,2,2,1,1,2,3,2	150	75
3501	0,0,0,0,1,0,0,0,0,0	9,9,11,10,6,10,7,6,11,3	0,0,0,0,0,0,0,0,0,0	11,5,4,0,12,7,6,2,5,1	150	75
3502	0,0,0,0,0,0,0,0,0,0	0,0,1,0,0,0,0,0,0,0	0,0,0,1,0,0,0,0,0,0	0,0,0,0,0,2,0,0,0,0	150	75
3504	89,91,98,92,67,58,55,68,72,69	0,0,0,0,0,0,0,0,0,1	90,77,69,72,89,73,101,70,55,47	0,0,0,2,0,0,0,0,0,0	117	75
3506	8,5,7,9,3,5,4,6,5,6	26,19,27,26,14,27,22,29,32,28	6,3,8,3,15,5,7,2,9,8	33,20,29,19,32,33,37,27,37,26	150	75
3507	1,4,2,3,2,1,1,1,2,0	0,0,0,1,0,0,0,0,0,0	7,2,2,3,2,2,2,0,1,3	0,1,0,0,0,0,0,0,0,0	150	75
3508	0,1,0,2,0,0,0,0,0,0	25,14,18,27,28,30,14,15,28,20	0,0,0,0,0,0,0,0,1,0	15,29,16,20,31,17,22,28,23,15	150	75
3509	8,10,17,15,7,2,11,15,8,8	143,153,151,118,84,145,92,124,141,136	8,7,1,3,13,8,8,5,9,8	130,90,133,113,132,124,133,124,128,125	150	75
3510	42,50,63,75,54,43,31,53,45,43	124,104,111,104,102,96,96,101,98,85	48,36,41,33,52,41,37,32,56,52	114,82,96,90,122,82,96,74,103,99	150	75
3511	2,0,0,1,1,1,2,0,1,0	16,15,6,5,8,12,10,6,6,10	2,1,0,0,0,1,0,0,2,3	7,9,13,5,14,10,11,7,17,12	150	75
3512	352,469,424,410,430,548,403,420,412,511	147,153,196,151,101,190,178,153,177,235	472,434,411,417,441,445,462,382,495,588	215,131,186,178,243,238,234,182,241,317	150	75
3515	0,0,0,0,1,0,0,2,0,0	30,17,18,29,35,37,34,24,25,33	0,0,0,1,0,0,0,0,0,0	30,27,29,23,28,33,35,18,26,21	147	75
3517	0,1,0,0,0,0,0,0,0,0	1,1,1,3,0,0,0,0,0,0	1,0,1,0,0,0,1,0,1,0	1,0,0,0,0,0,0,0,0,0	150	75
3518	61,50,47,57,50,70,44,56,64,71	107,88,109,104,87,87,85,77,103,104	65,56,45,43,57,59,55,53,65,67	88,78,84,82,97,101,94,99,110,116	150	75
3519	0,1,0,0,0,0,0,0,0,0	6,3,6,3,8,8,10,9,6,10	1,0,0,1,0,0,0,1,3,1	7,12,5,7,9,6,1,1,11,4	150	75
3520	5,1,2,3,1,2,2,1,3,5	0,0,3,2,3,1,0,0,1,1	2,3,2,1,3,1,3,1,0,0	4,1,2,1,2,1,1,0,0,0	150	75
3521	5,3,1,2,1,3,1,2,3,4	0,1,0,0,1,3,1,1,1,3	4,5,2,1,4,2,4,0,0,0	0,3,0,1,1,3,3,0,1,2	150	75
3526	117,103,101,102,71,92,115,101,109,123	48,39,47,61,47,44,45,60,58,55	95,78,96,125,107,112,110,112,121,121	44,44,47,45,49,45,59,52,65,69	147	75
3527	414,501,391,434,379,347,315,361,359,382	4,2,5,5,1,8,7,8,4,8	411,424,409,420,407,395,482,401,386,494	9,3,5,5,6,6,4,2,7,9	150	75
3528	0,0,2,0,0,0,0,1,0,0	1,0,0,0,1,0,1,0,3,1	0,1,1,0,0,0,0,0,0,0	0,0,0,0,1,1,0,1,0,0	150	75
3529	0,0,0,2,2,0,0,0,0,0	159,168,150,155,140,61,109,125,131,127	1,0,0,0,0,2,1,0,0,0	167,133,139,121,161,158,191,131,87,73	150	75
3530	1,0,0,0,0,0,0,0,0,0	177,191,193,189,154,62,113,155,121,103	0,0,0,0,1,0,0,0,0,0	194,126,133,166,182,161,186,127,121,64	150	75
3531	0,0,0,0,0,0,0,2,1,0	2,2,4,4,3,2,1,2,0,1	0,0,0,0,0,0,0,0,1,0	2,0,4,1,3,2,2,3,0,0	150	75
3532	1,1,2,0,1,1,4,3,7,2	14,13,19,13,13,9,16,16,14,14	2,2,0,1,0,1,4,0,1,0	14,10,16,15,15,9,13,11,11,10	150	75
3533	0,0,1,0,1,0,1,0,0,0	0,0,0,0,0,0,0,1,0,0	1,0,0,0,0,0,0,0,1,0	0,0,0,0,0,0,0,0,0,0	150	75
3534	0,0,1,0,1,0,1,0,0,0	0,0,2,0,0,0,0,0,0,0	0,0,0,0,0,0,0,0,1,0	0,0,0,0,0,0,0,0,0,0	150	75
3535	1,6,1,0,2,2,3,1,3,1	0,1,0,0,0,0,2,1,2,0	4,0,0,2,5,2,2,2,1,3	1,0,0,0,0,3,1,1,1,2	150	75
3536	2,0,3,4,2,1,7,0,2,7	285,251,293,286,231,294,275,307,322,330	2,2,3,2,3,1,0,3,2,2	330,288,291,244,313,327,345,333,316,325	150	75
3537	0,0,0,4,0,0,0,3,0,0	140,166,171,169,144,151,137,117,135,155	0,1,0,0,1,0,2,0,1,1	172,149,125,150,131,143,145,151,172,165	150	75
3538	4,2,4,4,2,2,3,3,3,2	89,87,93,106,83,45,61,83,60,72	4,2,1,1,3,3,3,3,3,2	82,69,83,91,90,74,90,62,86,60	150	75
3540	4,3,0,0,2,5,4,1,4,3	0,1,0,0,1,5,0,1,6,2	4,1,1,0,3,1,3,1,5,5	2,2,1,0,0,1,2,2,4,0	150	75
3541	5,3,0,1,1,1,3,2,1,3	1,1,0,0,0,0,0,0,1,0	4,1,1,1,3,1,3,0,7,2	0,0,0,0,2,0,0,0,0,0	150	75
3542	1,1,4,2,4,3,0,1,0,1	1,0,0,0,1,2,1,1,0,1	1,0,3,0,1,4,3,1,1,3	1,0,1,0,0,0,1,0,1,0	150	75
3543	0,0,1,0,0,0,0,0,0,0	66,52,63,72,41,32,35,40,51,56	0,0,1,0,0,0,2,0,0,1	59,49,46,45,60,57,59,63,50,32	150	75
3544	14,14,13,21,18,20,9,17,16,32	18,20,19,16,24,15,11,19,17,15	15,19,16,14,14,15,17,20,14,11	19,10,24,9,27,12,16,18,20,12	150	75
3545	3,2,5,6,4,4,4,1,2,3	0,0,0,0,0,0,0,0,0,0	4,4,1,1,5,1,3,6,0,3	1,0,0,0,0,0,0,0,0,0	150	75
3546	6,4,9,9,7,15,9,5,4,10	63,54,48,45,52,50,56,51,44,49	5,6,15,5,10,13,13,9,6,9	53,59,53,52,58,45,45,40,62,77	150	75
3548	1,1,2,1,0,0,0,0,1,0	111,122,148,142,110,83,92,122,115,118	0,0,1,0,1,0,1,1,1,3	110,103,121,97,136,125,106,114,101,112	150	75
3549	0,1,0,0,0,1,0,0,0,1	4,1,3,2,4,3,3,5,4,1	0,0,0,1,0,0,0,0,0,0	3,2,2,2,1,4,3,1,3,0	150	75
3550	5,4,1,11,2,3,1,1,3,6	1274,1402,1358,1408,1191,1424,1200,1269,1272,1555	4,4,4,0,3,2,3,1,4,2	1339,1343,1390,1405,1324,1307,1360,1213,1508,1552	150	75
3552	4,3,2,5,3,3,0,3,0,1	80,78,88,93,73,50,63,77,66,71	2,1,0,1,3,2,4,0,4,5	69,83,67,85,101,89,115,81,57,58	150	75
3553	295,253,325,338,257,169,239,256,257,260	13,13,10,13,8,12,11,7,10,15	304,244,261,313,359,264,284,232,234,169	13,17,4,11,12,8,15,14,4,7	150	75
3554	1,0,1,0,0,0,0,1,5,0	15,20,31,15,19,12,16,25,15,26	0,0,1,0,0,0,0,1,1,1	23,20,14,24,23,21,23,24,22,18	150	75
3555	0,0,1,0,1,0,0,0,0,0	0,0,0,1,0,0,0,0,0,0	0,0,0,2,0,1,2,4,1,1	0,0,0,0,0,0,0,0,0,0	150	75
3556	1,3,2,8,1,1,2,4,0,6	65,87,97,96,93,78,59,77,68,85	3,4,5,7,1,1,3,0,2,6	77,73,75,74,72,95,89,70,102,98	150	75
3558	6,9,5,14,8,11,10,9,16,11	2,0,1,2,4,1,2,4,3,4	8,14,6,10,11,12,10,7,8,7	0,2,3,2,0,0,1,0,5,1	150	75
3560	8,12,18,19,14,15,14,13,16,14	0,1,0,0,0,0,0,0,0,0	8,18,6,17,15,14,15,11,11,10	0,0,0,0,0,0,0,0,0,0	150	75
3561	5,8,6,14,8,11,11,10,15,12	22,21,22,25,18,10,13,17,23,17	8,16,5,11,11,12,7,7,9,8	19,20,20,15,18,11,15,16,14,11	150	75
3562	178,208,188,195,179,191,144,177,167,211	2,7,1,5,2,2,2,1,1,1	189,166,207,186,186,206,199,215,218,229	1,3,2,4,2,1,3,2,0,4	150	75
3563	2,0,2,5,0,0,2,4,2,3	47,42,46,78,53,44,40,45,50,49	4,4,3,2,0,5,3,0,2,3	42,39,59,58,48,58,51,57,54,54	150	75
3564	1,0,0,1,0,0,0,0,0,0	0,0,0,1,3,3,1,0,0,0	0,0,0,1,0,0,0,0,0,0	1,0,0,0,0,0,0,0,0,0	150	75
3565	1,0,0,0,0,0,0,0,1,0	0,0,0,1,0,0,0,0,0,0	0,0,0,1,0,0,0,0,0,0	1,0,0,0,0,0,0,0,0,0	150	75
3567	0,0,0,1,0,0,2,1,1,1	37,35,24,36,24,21,14,25,20,28	0,1,2,1,3,0,1,2,0,1	39,41,18,19,18,22,32,25,27,18	150	75
3568	7,9,7,12,8,3,6,8,7,10	74,108,104,104,91,92,93,100,89,84	12,7,5,5,10,15,11,6,6,11	108,59,106,82,104,81,115,70,78,79	150	75
3569	3,6,4,2,11,7,5,4,5,1	61,70,73,89,63,63,31,58,55,70	7,4,2,7,4,6,6,1,6,6	71,51,61,55,70,52,52,58,75,43	150	75
3570	3,5,5,2,12,5,5,4,4,2	0,0,0,0,0,0,0,0,0,0	8,2,2,7,4,5,5,1,5,6	0,0,0,0,0,0,1,0,0,0	150	75
3571	1,3,4,1,2,1,2,0,0,0	2,0,2,0,0,0,0,0,0,1	2,1,1,0,1,2,0,2,6,1	1,0,0,1,5,1,1,1,1,0	150	75
3572	2,0,1,3,0,3,0,0,1,1	10,9,16,9,4,10,9,8,21,13	0,0,2,0,0,1,1,1,0,3	10,8,7,9,12,9,14,9,5,11	149	75
3573	2,4,1,3,0,5,0,2,0,1	27,22,13,17,17,26,21,21,14,17	2,0,2,1,1,1,1,1,3,2	17,16,18,22,16,19,28,15,18,18	150	75
3574	11,4,12,10,7,6,7,7,8,7	6,6,10,6,6,7,4,2,9,5	10,6,6,6,10,6,5,9,10,6	4,3,5,7,2,5,7,9,12,6	150	75
3575	8,4,11,7,8,4,7,7,5,6	12,16,15,16,16,13,11,13,12,13	8,6,5,2,8,6,1,6,8,4	11,5,11,13,17,12,17,5,15,17	150	75
3576	0,0,0,0,0,0,0,0,0,0	1,2,4,5,1,4,1,1,3,1	1,0,0,0,0,0,0,0,0,0	2,4,0,5,1,3,1,4,1,6	150	75
3579	6,9,7,7,5,5,2,5,3,5	15,12,7,10,12,9,3,10,4,11	6,7,5,4,4,7,12,4,13,5	10,6,4,14,7,8,12,10,5,18	150	75
3580	9,7,7,8,5,7,2,8,3,5	0,0,1,0,0,0,0,0,0,0	7,9,5,4,6,5,13,4,13,5	1,2,0,1,1,0,0,0,1,0	150	75
3581	2,3,4,4,2,8,1,9,6,6	3,2,3,3,4,1,6,3,2,1	13,4,1,5,7,4,6,1,5,15	2,0,0,2,1,0,2,1,4,5	150	75
3582	0,2,0,0,1,0,0,0,0,4	11,22,22,21,19,8,21,29,21,15	0,1,0,0,1,0,1,0,1,0	19,19,19,13,17,21,23,10,15,10	150	75
3583	0,0,0,0,0,0,0,0,0,1	40,44,54,48,59,36,36,54,37,42	0,0,1,0,0,0,2,0,0,0	56,52,45,54,45,56,49,47,62,39	150	75
3584	1,0,2,0,0,1,0,1,1,3	90,88,97,87,101,47,57,67,68,86	1,0,2,1,1,0,0,0,1,0	66,93,68,71,112,87,118,98,61,33	150	75
3585	2,1,1,3,0,0,0,0,1,2	11,17,13,16,14,11,7,12,8,12	0,2,0,1,1,1,1,0,2,2	9,9,11,16,16,11,19,12,11,11	150	75
3586	2,2,6,3,7,10,4,2,10,4	99,69,95,81,86,60,69,86,92,70	8,6,0,2,5,5,2,1,7,7	107,85,101,91,112,105,108,70,88,60	150	75
3587	3,3,5,3,6,3,2,1,1,3	1,0,3,0,0,0,0,1,0,0	7,3,0,1,2,5,0,0,5,1	0,0,0,0,0,0,0,1,0,0	150	75
3588	4,5,3,6,5,4,2,4,4,1	99,90,106,95,101,62,68,85,79,88	4,5,3,0,6,6,4,3,8,3	137,73,79,79,94,86,90,64,68,51	150	75
3589	0,0,3,1,0,1,0,0,1,0	4,7,3,5,5,5,6,7,3,5	0,0,0,0,2,0,0,0,4,0	12,2,3,6,8,5,8,7,4,5	150	75
3590	0,0,3,1,1,1,1,1,4,2	0,2,1,0,1,0,0,4,3,3	1,3,0,1,4,3,3,0,5,0	3,1,0,3,2,3,3,0,1,0	150	75
3591	14,5,12,10,7,7,17,10,10,10	0,0,2,0,1,1,3,1,1,0	12,5,6,5,5,9,7,8,15,11	0,0,3,1,3,1,0,1,0,0	150	75
3592	2,1,0,0,0,0,3,1,0,1	8,3,7,11,4,5,6,10,10,4	1,0,0,0,0,0,0,0,0,2	7,10,5,12,8,14,4,6,5,3	150	75
3596	2,1,2,1,1,0,0,1,3,2	1,1,1,0,0,0,1,0,0,0	3,2,1,1,2,3,0,0,2,0	2,0,3,0,1,1,1,2,1,2	150	75
3599	2,4,4,6,7,1,4,6,4,3	24,26,39,25,41,32,31,23,38,28	3,3,4,5,3,5,7,5,4,6	34,22,26,24,33,26,43,51,48,34	150	75
3600	294,314,331,351,368,388,325,330,332,346	0,0,0,1,0,0,1,0,1,1	305,356,370,322,311,361,385,348,440,457	1,0,0,0,0,0,0,0,1,0	150	75
3601	0,1,0,3,1,1,0,2,3,1	10,8,14,12,13,11,11,19,6,14	0,0,0,1,5,1,0,2,1,2	15,13,13,17,11,8,10,9,12,16	150	75
3602	6,5,14,7,7,8,5,9,13,10	0,3,0,1,0,0,4,0,2,1	10,8,4,9,6,5,15,15,12,10	3,1,1,2,1,2,1,1,1,3	150	75
3603	2,1,5,1,2,3,1,2,4,2	10,14,4,12,11,11,13,7,10,5	3,1,1,2,2,4,1,2,2,5	10,9,17,13,7,9,8,10,12,9	150	75
3604	9,5,1,7,6,1,3,6,4,4	43,43,53,46,39,29,29,27,45,41	3,4,4,4,5,5,4,2,1,7	46,39,43,56,50,34,50,44,38,50	150	75
3611	8,8,9,16,9,17,8,12,12,14	38,52,49,34,22,39,56,43,31,34	4,8,7,4,14,16,19,14,16,13	46,19,23,32,36,37,32,20,35,32	150	75
3614	2,1,0,0,0,1,1,0,1,0	0,0,1,0,0,1,1,0,0,1	3,1,1,0,3,1,0,1,2,4	0,0,0,0,0,0,0,0,0,0	150	75
3615	0,1,0,1,2,1,1,1,0,4	24,42,48,38,36,32,38,59,46,44	1,2,0,2,0,1,2,1,3,0	25,33,39,40,45,35,46,39,33,82	150	75
3616	0,0,0,1,0,1,0,1,0,1	0,0,0,3,0,0,0,2,1,0	0,1,1,0,0,1,0,0,1,1	0,0,0,1,0,0,1,0,0,0	150	75
3619	3,4,1,2,3,1,2,2,3,3	22,28,28,38,30,35,22,37,19,20	3,4,0,3,1,5,3,0,3,3	39,35,22,34,27,33,32,26,35,43	150	75
3620	1,4,1,3,1,4,2,2,3,0	148,178,143,159,137,90,90,115,102,138	2,2,4,1,2,0,0,2,5,2	111,119,123,137,145,117,150,135,130,107	150	75
3621	3,6,9,9,5,12,6,9,10,3	162,176,217,226,196,210,176,183,216,227	4,8,4,6,7,8,9,3,8,18	185,158,178,230,232,197,197,203,283,229	150	75
3622	1,0,1,0,0,0,0,0,1,0	0,1,0,0,0,0,0,0,0,0	0,0,0,1,2,0,0,1,1,0	0,0,0,0,0,0,0,0,1,0	150	75
3623	2,0,1,0,1,0,1,0,1,0	4,13,10,9,6,8,9,7,18,8	0,0,0,0,2,0,1,0,0,1	11,5,11,12,17,14,13,9,9,8	150	75
3624	0,2,1,0,1,0,0,0,0,0	0,0,0,1,0,0,0,0,0,0	2,0,0,0,0,0,1,0,0,0	0,0,0,0,0,0,0,0,0,0	150	75
3625	72,69,53,86,50,54,53,60,60,65	2,6,4,4,3,5,1,3,3,5	48,53,51,61,65,52,72,54,54,62	5,4,0,1,4,5,6,0,2,5	150	75
3626	1,0,0,1,0,1,1,0,0,0	87,106,101,121,119,84,84,129,116,130	1,0,0,1,0,1,0,0,1,0	95,96,90,87,102,119,113,108,127,127	150	75
3627	0,0,0,0,0,0,0,0,0,1	0,0,0,0,0,0,0,0,0,0	0,0,0,0,0,0,2,1,0,0	0,0,0,0,0,0,0,0,0,1	150	75
3628	0,0,0,0,0,0,0,0,1,0	8,27,26,26,31,19,22,32,33,23	0,0,0,0,0,0,0,0,0,0	29,13,15,41,33,20,25,23,20,9	150	75
3629	0,0,0,3,0,0,1,3,0,0	65,96,81,78,63,77,70,70,78,77	2,0,1,2,1,2,1,1,0,2	59,100,68,72,84,64,72,86,74,85	150	75
3630	0,1,4,3,1,2,1,3,0,0	107,103,104,100,96,125,110,110,107,125	3,2,1,0,2,2,0,1,1,2	106,117,114,115,131,128,104,112,135,116	150	75
3632	0,1,1,0,0,2,2,0,0,0	15,15,15,14,21,13,10,14,10,16	0,0,0,0,1,0,0,0,0,5	18,9,11,13,18,15,12,13,13,14	150	75
3636	3,1,3,1,0,0,1,1,2,1	3,8,0,5,4,5,6,1,9,3	1,0,0,3,1,0,0,2,3,5	7,4,3,3,5,1,5,6,10,8	150	75
3637	1,2,0,0,0,1,0,0,0,0	9,14,10,7,11,12,5,10,7,7	0,0,0,0,0,0,1,0,0,0	11,8,7,8,6,10,9,6,7,6	150	75
3638	0,0,0,1,0,1,0,0,0,0	9,4,5,6,9,3,6,10,8,8	0,0,0,1,1,0,1,0,0,0	9,4,0,6,8,5,11,11,8,8	150	75
3639	2,0,0,0,1,1,0,0,0,0	0,2,6,6,4,2,1,3,2,3	2,0,0,0,0,0,0,0,1,0	6,2,5,3,5,6,4,3,4,1	150	75
3640	0,0,0,0,0,0,0,0,0,0	59,46,67,63,40,60,33,52,51,62	0,0,0,1,0,0,0,0,1,1	45,38,40,61,60,53,56,53,75,57	150	75
3641	2,0,0,4,1,3,2,0,0,3	1,5,1,1,2,2,6,5,2,7	2,3,0,2,1,3,0,6,2,0	2,1,3,3,4,2,2,0,5,3	150	75
3642	4,1,7,8,3,4,2,4,4,2	15,21,11,21,19,25,15,18,21,19	6,4,2,2,4,7,7,0,4,7	18,19,19,16,16,12,24,23,18,22	150	75
3643	2,1,1,3,2,4,4,0,2,2	174,192,175,219,181,230,155,175,174,218	4,2,0,4,2,5,2,4,1,4	186,186,164,184,221,212,218,170,276,300	150	75
3644	17,12,17,19,12,12,19,21,11,18	0,0,0,0,2,0,0,0,0,1	22,10,17,12,25,9,8,12,21,19	0,0,0,0,0,0,0,0,0,0	150	75
3645	29,21,9,14,10,7,5,6,10,12	56,60,48,54,50,41,28,58,60,50	18,7,7,16,15,4,16,22,11,19	56,42,54,63,47,56,58,58,57,45	150	75
3646	18,26,14,11,26,17,15,13,17,16	31,56,41,45,50,32,40,35,42,39	15,19,12,13,15,4,14,14,7,32	52,37,39,39,36,40,49,29,33,34	150	75
3648	11,8,8,10,7,7,10,6,13,9	98,95,116,104,80,99,87,110,122,132	1,9,6,12,8,6,12,9,3,13	99,105,124,117,109,121,156,106,121,119	150	75
3649	0,1,2,4,0,1,2,1,0,1	0,0,1,1,0,0,0,0,1,0	1,3,1,1,0,2,1,1,2,0	0,0,0,0,0,0,0,0,0,0	150	75
3652	13,7,20,12,4,10,12,9,12,12	0,2,0,1,0,0,0,1,0,0	11,7,6,7,14,8,5,17,6,13	0,0,0,0,0,2,0,0,0,3	150	75
3653	9,7,9,9,6,3,4,3,5,11	32,32,37,44,45,48,38,26,38,54	6,4,3,3,8,8,5,5,6,8	41,41,32,41,33,41,46,35,34,49	150	75
3655	0,0,0,0,0,0,1,0,0,0	0,2,1,1,0,0,2,2,2,3	0,0,0,0,0,0,0,0,0,0	3,2,2,2,1,1,1,1,4,1	150	75
3656	1,1,0,5,2,1,0,0,4,0	5,0,4,2,0,2,1,0,1,1	0,0,3,2,1,2,0,0,1,2	1,0,4,1,6,1,3,0,6,3	150	75
3657	108,110,87,120,84,97,87,112,102,113	114,162,138,163,134,157,131,124,147,176	90,90,105,85,97,101,113,78,77,106	143,161,125,165,153,127,147,114,168,173	150	75
3658	9,6,6,4,3,8,8,3,10,3	56,63,70,61,45,61,51,55,57,58	8,3,8,5,6,12,3,7,7,17	59,69,60,36,55,76,94,62,66,69	150	75
3659	6,7,6,3,2,7,8,3,9,2	0,0,3,0,0,0,0,0,0,1	8,3,7,6,6,11,3,6,4,19	1,0,0,0,0,0,0,0,0,0	150	75
3660	2,7,2,0,3,5,3,3,2,4	51,63,62,68,61,57,62,74,67,56	3,0,2,7,3,2,1,6,2,6	74,63,51,49,56,52,58,65,58,81	149	75
3664	101,116,138,118,108,74,74,96,107,105	0,2,8,5,4,3,0,6,0,1	121,87,91,111,118,82,108,96,86,73	2,3,6,0,2,3,1,2,1,3	150	75
3665	0,2,1,4,0,1,0,0,2,0	26,51,42,37,40,32,38,35,30,27	0,1,0,0,2,0,1,0,0,0	44,35,34,28,26,39,45,38,27,26	150	75
3667	2,5,0,1,1,0,2,2,0,2	38,42,41,51,49,48,40,51,35,50	0,1,1,0,1,1,0,2,1,0	62,44,44,50,31,32,44,46,35,50	150	75
3668	1,0,0,2,0,0,0,0,0,0	28,26,28,21,21,18,15,24,23,29	0,0,0,0,0,0,0,0,1,0	27,25,25,19,29,31,28,27,26,22	150	75
3669	15,12,12,9,12,6,6,9,17,12	0,5,3,12,8,6,7,7,9,9	10,7,7,14,16,15,13,12,15,16	5,6,7,5,11,13,14,5,8,8	150	75
3670	0,1,1,0,0,0,0,0,1,0	1,1,2,1,1,0,1,0,0,2	0,0,0,0,0,1,1,0,0,0	2,1,1,1,0,3,3,3,0,0	150	75
3671	0,0,2,1,0,1,2,0,2,2	1,4,1,1,0,0,0,0,1,1	1,1,2,0,0,1,0,1,0,3	0,0,0,0,1,0,3,1,1,0	150	75
3672	3,6,0,6,0,0,3,4,5,5	1,0,1,4,1,2,0,0,0,0	11,1,5,4,6,3,4,1,5,4	0,0,0,3,1,0,0,1,0,0	150	75
3673	3,6,0,6,0,0,3,4,5,5	1,4,1,1,1,7,0,1,0,0	11,1,5,4,6,3,6,1,5,4	7,0,0,0,2,4,2,5,0,2	150	75
3674	24,34,26,31,28,39,24,39,31,31	2,0,0,1,0,1,1,1,0,0	40,29,38,51,38,36,32,28,42,47	1,2,1,0,1,0,0,1,1,0	150	75
3675	24,34,26,31,28,39,24,39,31,31	0,0,2,0,1,0,0,0,0,0	40,29,38,51,38,36,34,28,42,47	0,0,0,0,1,0,0,0,0,0	150	75
3676	11,15,10,11,14,8,5,10,11,7	1,3,1,0,0,3,1,0,2,0	7,11,15,9,15,7,7,8,6,10	0,1,0,2,5,1,1,0,0,4	150	75
3677	81,71,63,75,69,60,46,60,81,92	2,4,4,4,0,0,0,3,4,0	66,73,64,70,72,61,60,68,82,76	0,1,3,3,2,1,2,1,3,2	150	75
3678	1,0,1,1,0,1,1,0,0,0	92,95,102,99,83,111,81,91,73,103	1,3,0,0,1,0,1,1,2,2	87,113,86,95,99,85,113,78,92,78	150	75
3679	2,2,3,3,3,3,4,1,2,2	121,178,148,173,152,150,115,144,151,143	0,2,1,2,5,1,0,0,3,6	172,153,152,145,144,143,174,136,138,146	150	75
3680	0,1,1,0,0,0,0,1,0,1	5,12,7,16,2,8,6,4,10,8	0,0,0,0,0,0,0,0,0,0	13,4,6,6,11,6,7,6,10,9	150	75
3681	0,0,2,1,2,1,2,0,1,1	0,0,1,3,2,1,0,0,1,0	0,0,2,0,1,0,3,0,1,0	0,0,1,0,0,0,0,0,1,7	150	75
3682	1,4,1,6,5,1,7,0,3,4	49,38,48,64,52,46,57,42,32,35	3,4,8,3,3,1,1,0,2,6	44,41,46,42,51,41,49,38,34,42	150	75
3683	1,0,0,0,1,1,0,2,1,1	32,32,32,22,31,21,22,35,17,20	0,0,0,1,1,0,0,0,0,0	27,24,23,24,29,28,29,25,25,19	150	75
3684	0,0,0,0,1,0,0,1,2,2	27,31,24,28,16,22,22,30,18,29	0,0,0,0,0,0,0,0,0,0	26,25,12,30,28,22,30,22,19,23	150	75
3685	1,1,0,3,0,1,1,0,1,0	19,15,30,22,24,20,13,25,24,16	1,0,0,1,1,0,0,1,2,0	12,35,30,16,22,18,25,13,21,27	76	75
3686	3,3,2,3,1,1,4,1,2,0	0,1,2,2,0,1,0,3,1,1	0,0,4,0,1,1,2,1,2,5	2,3,1,0,4,0,5,1,1,1	150	75
3687	2,0,3,3,3,5,1,3,2,2	100,101,100,87,87,85,81,83,103,96	4,2,4,5,1,2,6,4,4,4	86,72,80,84,93,94,95,91,91,72	150	75
3690	0,4,2,0,0,1,0,2,0,0	109,119,122,104,101,80,66,91,94,93	1,1,0,2,0,0,0,0,0,0	84,86,76,110,109,85,112,97,88,77	150	75
3691	7,3,6,1,5,5,7,8,3,12	24,39,26,38,23,35,17,25,37,24	1,4,5,6,7,4,3,5,9,5	35,23,28,25,28,26,27,30,29,33	150	75
3692	6,2,3,4,3,8,4,5,4,4	29,32,30,30,33,48,27,37,34,34	2,5,3,3,5,1,1,2,8,5	35,33,26,41,27,20,38,23,47,46	145	75
3694	8,13,21,13,16,7,18,15,15,17	40,53,55,70,55,44,51,51,38,38	7,14,9,12,12,10,13,5,5,14	47,49,49,45,34,46,57,58,44,50	150	75
3695	1,1,0,0,0,0,1,0,0,0	21,33,28,28,38,36,24,34,24,31	0,1,0,1,0,1,1,0,0,2	28,23,23,41,30,27,30,25,31,29	150	75
3696	26,44,47,45,29,18,22,34,35,34	1,2,2,1,0,0,0,3,1,1	31,30,30,29,44,40,33,47,30,34	1,1,0,0,0,0,0,0,1,0	150	75
3697	1,2,0,1,4,0,1,3,2,0	17,25,28,27,27,26,29,27,22,24	1,0,1,0,5,1,1,2,3,4	31,12,23,23,22,39,43,31,19,30	150	75
3698	0,0,0,1,0,0,0,2,1,2	32,33,39,25,41,20,18,30,26,35	0,2,0,0,0,0,1,0,0,0	40,23,35,43,36,23,48,44,29,24	150	75
3700	0,0,1,2,1,1,1,0,0,0	24,30,30,17,27,16,13,22,26,13	0,0,3,0,1,1,1,0,1,2	28,11,21,18,28,21,25,22,23,23	150	75
3701	2,1,1,0,5,4,4,3,4,5	0,1,0,0,0,0,0,0,0,1	1,2,5,2,6,1,4,3,0,1	0,0,1,0,2,1,1,0,1,0	150	75
3702	51,46,45,39,53,25,35,51,20,25	15,6,17,18,18,15,7,8,12,10	39,32,31,32,42,35,50,38,27,17	7,13,12,9,19,17,11,17,15,5	150	75
3703	1,2,1,1,1,0,2,1,1,0	0,0,0,0,1,1,3,0,1,0	1,1,1,0,0,0,2,3,4,4	0,1,0,2,1,0,0,1,5,1	150	75
3704	0,0,1,2,0,0,0,1,1,0	79,105,69,110,74,77,68,67,76,91	0,0,0,0,1,0,2,0,1,0	79,94,100,94,82,86,98,79,67,76	150	75
3705	23,24,33,25,18,5,14,21,23,9	2,0,1,0,2,1,0,0,1,0	25,26,15,24,29,22,20,14,7,6	1,1,0,0,1,1,0,2,1,0	150	75
3707	2,7,0,0,4,2,2,2,2,8	3,1,3,0,2,3,9,3,3,5	4,3,6,2,3,2,5,3,2,3	2,3,4,3,5,3,4,2,4,2	150	75
3708	0,2,0,0,1,2,0,1,0,1	3,6,1,2,1,3,1,9,4,1	1,0,1,1,0,0,0,0,0,3	3,4,0,4,5,2,6,6,3,0	150	75
3709	1,4,1,1,0,0,0,0,1,1	0,1,0,0,0,0,0,0,0,0	0,2,2,1,0,0,0,0,0,1	0,0,0,0,0,0,0,0,2,0	150	75
3710	2,2,2,1,0,0,1,3,1,0	5,4,7,7,2,7,1,3,5,3	2,2,1,2,2,1,0,1,1,0	7,6,1,12,6,9,4,9,6,12	150	75
3711	0,0,4,2,1,2,0,3,3,0	84,106,78,94,72,86,75,80,87,101	0,1,0,0,0,1,0,1,2,0	100,81,94,110,82,94,98,79,84,78	150	75
3712	0,0,4,2,1,2,0,3,3,0	18,31,27,24,19,24,24,20,35,32	0,1,0,0,0,1,1,1,2,0	24,22,15,33,27,25,24,19,22,21	150	75
3713	19,21,21,23,18,14,9,17,16,22	64,69,68,82,59,60,56,73,62,63	15,15,10,21,17,12,14,21,23,17	69,60,50,53,65,71,63,58,69,37	150	75
3714	92,130,109,146,118,103,76,117,116,127	0,0,0,0,0,0,0,0,1,1	107,104,99,115,138,97,122,129,135,113	0,0,0,0,0,0,0,0,0,0	150	75
3715	165,215,185,199,181,122,139,165,144,132	0,0,0,0,0,0,0,0,0,0	195,162,164,221,231,154,199,178,167,87	0,1,1,0,1,0,0,0,0,0	123	75
3716	4,1,0,1,1,3,5,0,0,2	74,77,86,68,77,89,86,77,84,88	0,0,1,1,2,0,1,0,1,3	69,75,89,94,75,92,86,71,89,116	150	75
3717	0,3,0,3,0,0,4,1,1,4	58,63,100,64,68,65,88,74,69,71	0,1,0,1,2,0,2,0,1,2	50,86,68,58,65,58,78,62,73,66	146	75
3718	1,1,3,1,1,3,0,0,0,1	104,86,89,93,89,68,69,99,90,97	1,0,1,0,0,1,0,0,1,1	96,82,72,106,106,112,95,80,99,65	150	75
3719	0,0,0,0,0,1,0,0,0,0	69,120,85,87,79,53,55,89,53,92	0,0,0,0,0,0,1,0,0,0	87,80,100,71,84,78,73,69,84,44	150	75
3720	1,2,3,0,2,0,1,1,3,0	26,37,30,34,41,21,29,31,14,33	1,2,3,1,4,3,1,3,4,0	38,21,27,25,36,40,28,30,27,10	150	75
3721	0,3,2,1,1,0,1,2,3,0	0,0,0,0,0,0,0,1,1,1	1,2,1,1,3,1,2,1,2,0	2,0,0,0,1,0,0,0,0,0	150	75
3722	1,3,1,1,2,1,4,3,2,0	48,78,88,60,61,48,47,62,51,56	4,0,1,2,2,0,3,4,4,1	65,69,56,58,34,56,68,54,52,44	150	75
3724	0,0,0,1,0,0,0,1,0,0	61,68,58,76,74,32,54,68,52,70	0,0,0,0,1,0,0,0,1,0	63,37,54,54,63,69,68,67,57,58	150	75
3725	3,5,2,6,3,3,2,5,1,4	114,157,170,162,136,188,128,141,167,186	2,2,3,0,4,2,2,2,2,6	164,151,114,164,138,157,150,136,170,222	150	75
3726	2,2,3,2,2,1,2,0,0,2	36,50,46,36,43,48,42,39,40,43	1,1,0,3,3,1,3,2,2,4	46,54,43,28,36,40,46,37,42,54	150	75
3727	2,3,3,4,2,4,3,2,0,3	79,87,104,113,81,95,72,76,80,96	1,2,0,3,3,1,3,2,4,6	89,95,78,76,86,92,88,80,112,115	150	75
3728	0,0,0,0,0,1,0,2,2,0	0,0,0,0,0,0,0,1,0,1	0,0,0,2,1,0,1,0,1,0	0,0,1,0,0,0,0,0,1,0	150	75
3729	4,3,5,3,4,1,2,3,6,4	1,1,0,0,0,0,0,0,0,0	2,2,0,0,8,1,2,2,3,5	0,0,2,0,0,0,0,0,0,0	150	75
3732	3,2,2,2,0,0,2,0,1,0	5,4,7,6,8,6,11,13,4,10	2,1,1,2,2,0,0,1,0,3	6,6,11,13,10,11,3,4,4,4	150	75
3734	0,0,0,1,1,0,0,0,0,0	10,20,17,8,13,1,9,15,9,10	0,0,0,0,0,0,0,0,1,0	15,10,7,8,9,11,8,12,7,3	150	75
3735	0,0,0,0,0,0,0,0,0,0	3,5,1,4,1,3,3,2,4,4	0,0,0,0,0,0,0,0,2,0	2,0,5,2,2,2,7,3,2,1	150	75
3738	2,5,4,3,2,1,4,1,3,2	784,835,809,653,559,575,710,689,809,871	3,1,3,0,4,1,1,2,2,2	756,618,688,774,899,874,917,738,762,811	150	75
3739	1,3,3,2,1,2,3,2,0,2	0,0,0,0,0,0,0,0,2,0	3,1,0,0,1,1,1,2,0,4	0,1,0,0,0,0,0,0,0,0	150	75
3740	76,71,88,75,66,58,42,68,79,66	0,1,0,0,0,1,0,0,0,0	86,53,79,71,71,82,68,83,93,74	1,0,0,0,0,0,0,0,0,0	150	75
3741	1,2,6,1,2,1,0,1,7,1	166,144,171,178,143,143,112,157,105,188	0,0,0,0,0,0,3,4,6,5	158,141,168,154,172,143,167,151,154,134	150	75
3742	11,9,14,7,8,4,6,5,6,3	0,0,0,0,0,0,0,0,0,0	5,6,5,6,16,8,11,5,4,3	0,0,1,0,0,0,0,0,0,0	150	75
3745	0,1,0,0,0,0,0,0,0,0	7,7,5,2,3,3,12,8,3,2	0,0,4,0,0,2,0,0,0,0	8,5,5,4,0,2,0,7,6,7	150	75
3746	1,0,1,0,0,1,2,1,0,1	25,25,16,25,18,17,16,12,15,20	0,1,0,0,0,1,2,1,0,1	20,19,20,15,23,19,18,17,23,19	150	75
3747	4,5,2,4,7,0,3,6,3,4	6,13,10,5,7,3,4,6,12,4	7,3,1,5,6,6,8,3,3,3	5,5,1,6,2,9,6,2,10,6	150	75
3748	8,7,4,10,6,5,7,9,6,7	11,7,15,18,14,16,11,13,12,11	3,9,4,2,10,4,4,1,22,11	7,10,9,13,8,15,21,13,5,9	150	75
3749	5,4,3,9,4,2,6,7,6,4	0,0,0,0,0,0,0,0,0,0	2,4,3,1,10,1,3,1,10,11	0,0,0,0,1,0,0,0,0,0	150	75
3750	0,2,0,4,4,3,3,2,2,0	22,20,22,30,17,20,26,22,19,16	3,0,1,0,1,0,1,0,5,2	14,17,15,22,15,16,28,21,23,31	150	75
3751	1,2,0,5,1,0,0,2,0,1	12,16,18,14,17,10,16,11,20,24	2,1,1,1,1,0,1,0,3,0	11,19,13,14,19,11,19,15,16,20	150	75
3752	8,10,17,15,3,14,6,8,5,17	794,795,826,875,704,767,703,767,746,830	7,3,3,4,6,8,11,10,11,20	823,764,756,717,880,693,819,733,814,850	150	75
3753	11,6,9,10,4,10,6,5,6,9	0,0,0,1,0,0,0,1,0,0	13,3,1,4,9,5,7,12,12,8	2,1,0,0,0,0,1,0,0,0	150	75
3754	27,20,24,30,12,33,24,27,15,33	1024,1165,1142,1148,1093,1119,1031,1029,985,1202	26,11,11,16,21,20,25,19,29,32	1086,1056,965,1067,1120,1011,1223,969,1167,1160	150	75
3755	4,2,1,2,0,0,0,0,2,1	52,41,50,60,38,34,29,44,38,52	2,0,1,2,0,0,2,1,7,2	38,49,54,45,49,35,45,47,50,48	150	75
3756	1,0,2,6,2,3,2,0,2,4	81,79,94,84,85,71,57,90,67,98	4,0,0,1,1,1,1,0,1,0	85,80,76,87,101,85,87,80,89,74	150	75
3757	2,0,0,0,3,0,1,4,1,0	566,557,577,625,498,683,550,568,561,667	1,2,3,1,0,2,2,1,1,3	615,568,562,575,608,560,589,593,677,751	150	75
3758	2,1,0,0,1,1,0,0,2,1	35,34,36,53,33,29,39,31,27,37	0,0,0,0,0,0,2,0,0,0	53,34,37,40,47,25,35,34,36,27	150	75
3759	4,8,4,18,11,8,10,10,5,12	51,66,47,54,47,68,30,59,59,43	8,4,4,4,8,13,5,7,14,19	41,49,56,50,53,55,62,53,67,63	150	75
3760	6,0,1,0,2,0,1,0,2,2	3,3,4,6,4,5,2,5,4,6	0,2,1,0,3,0,2,1,1,2	5,4,8,4,5,4,5,1,3,6	150	75
3765	91,103,98,132,80,97,95,84,87,89	0,0,1,1,1,0,0,4,1,0	105,85,79,78,80,86,91,87,95,114	1,1,0,0,1,0,0,1,1,0	150	75
3766	2,4,3,4,1,1,3,1,1,6	0,0,0,0,0,2,0,0,0,0	1,3,0,0,5,3,2,2,0,0	0,0,2,0,0,0,0,0,0,0	150	75
3768	1,0,2,0,1,0,0,0,1,2	0,0,0,1,1,0,1,1,0,0	1,0,1,0,0,1,0,1,1,1	0,1,0,0,0,0,0,0,0,0	150	75
3771	1,4,1,3,0,0,0,1,2,0	4,4,10,4,2,1,3,5,5,7	2,3,3,3,3,0,1,0,0,4	4,2,0,2,3,1,2,3,3,4	150	75
3772	4,2,5,6,4,7,5,4,3,3	95,117,95,109,93,131,69,92,111,140	5,3,2,5,3,0,4,3,4,9	110,114,76,130,127,107,107,91,117,114	146	75
3774	2,3,2,4,1,0,1,1,0,0	188,228,195,183,155,137,160,147,147,212	3,1,1,1,5,3,1,2,1,1	154,148,179,165,185,178,171,158,169,147	150	75
3775	0,0,0,1,0,0,0,0,0,0	3,2,2,3,3,1,2,1,3,0	0,0,0,0,0,0,0,0,1,0	4,0,0,2,4,4,4,2,2,0	150	75
3776	0,1,0,0,3,0,4,1,1,0	63,64,60,58,64,49,40,56,44,63	1,1,2,2,0,0,0,0,2,1	58,55,71,50,62,58,63,58,56,67	150	75
3777	2,1,0,0,0,4,1,0,0,0	38,59,37,49,46,40,44,46,32,60	1,1,2,0,3,2,1,0,0,2	37,33,47,41,58,46,53,38,54,50	150	75
3778	0,0,1,0,0,2,0,0,0,2	823,898,847,921,801,899,818,871,830,1056	1,1,0,0,0,1,2,1,0,3	862,895,901,906,910,860,986,840,867,1100	150	75
3779	0,2,0,0,1,0,0,0,0,0	642,713,759,752,640,775,629,672,693,806	0,0,0,2,0,1,1,0,0,0	689,740,689,683,696,704,828,696,752,868	150	75
3780	2,0,1,3,3,1,4,1,2,1	12,16,8,6,9,19,6,8,6,12	2,2,3,0,1,2,2,1,0,3	16,5,2,6,7,11,7,7,10,14	150	75
3781	2,1,2,2,5,1,4,3,4,2	0,0,2,0,0,0,0,0,0,0	2,2,6,2,2,6,5,0,2,3	0,0,0,0,1,0,2,1,0,1	150	75
3782	0,0,2,0,1,1,1,0,0,0	13,9,6,5,6,7,12,5,14,6	2,1,0,1,2,0,0,0,0,0	7,11,5,5,3,7,10,11,7,13	150	75
3783	1,0,0,0,0,0,0,0,0,0	42,40,59,63,51,60,38,45,47,47	0,0,0,0,0,0,0,0,0,0	34,46,49,61,41,44,64,37,66,85	150	75
3784	330,316,279,338,286,261,244,235,248,279	285,312,309,282,238,229,201,218,271,294	325,280,321,287,323,286,357,299,267,204	308,275,258,282,292,264,332,246,231,176	150	75
3785	23,21,11,26,26,16,18,22,14,18	16,27,19,15,16,18,13,26,19,18	15,21,20,16,11,23,16,16,13,19	12,20,15,21,13,22,23,25,18,14	150	75
3786	21,17,10,22,23,12,15,18,14,18	32,46,48,33,27,23,22,43,40,38	12,16,16,12,12,15,11,15,13,18	48,24,31,37,36,32,45,38,23,24	150	75
3787	3,5,6,3,4,9,8,5,4,8	5,8,5,11,8,7,8,8,4,9	5,3,2,4,5,5,4,6,1,5	9,5,11,7,2,6,6,4,5,3	150	75
3789	4,3,2,1,2,2,4,3,2,2	38,37,44,37,23,18,25,35,26,31	1,0,5,3,2,6,6,3,7,5	44,22,25,25,27,32,37,38,22,25	150	75
3790	5,4,1,2,2,0,0,0,3,3	138,135,132,145,122,165,121,137,125,129	0,1,2,0,1,1,0,0,4,4	122,110,123,144,127,126,148,116,165,149	150	75
3793	216,228,290,267,254,73,117,164,144,146	1,0,0,1,0,0,0,0,0,0	218,182,176,178,262,229,241,133,105,33	2,0,0,0,0,0,0,0,0,0	150	75
3794	8,4,3,11,4,3,4,5,7,1	27,35,25,34,24,25,17,21,41,32	5,4,5,2,4,2,2,2,9,4	26,25,23,44,26,25,35,25,20,31	150	75
3795	0,0,2,0,0,0,0,0,0,0	36,33,60,34,37,38,27,40,28,41	0,1,0,1,1,0,0,0,0,1	26,32,32,31,31,32,44,42,35,42	150	75
3796	0,0,0,0,1,0,0,0,0,0	21,8,18,16,17,10,18,12,8,16	0,0,0,0,0,1,0,0,0,0	37,15,21,28,29,7,18,13,16,15	150	75
3797	3,2,1,3,4,1,4,0,0,2	340,355,388,382,343,448,350,370,416,422	3,1,0,2,3,4,5,2,6,2	388,386,398,359,401,380,413,367,434,504	150	75
3798	1,0,1,1,1,0,0,0,1,0	0,0,0,0,1,0,0,1,1,0	0,0,0,0,1,1,2,0,1,1	0,0,2,0,0,0,0,0,0,0	150	75
3799	11,3,5,6,5,6,1,5,4,8	8,6,7,4,4,2,3,1,4,8	3,1,5,2,8,5,4,1,6,7	4,1,3,9,11,5,5,4,7,0	150	75
3800	0,1,2,1,1,1,0,0,2,0	0,0,0,1,0,0,0,0,0,0	1,0,1,0,1,2,0,0,4,0	0,0,0,1,0,1,0,0,0,0	150	75
3801	0,1,2,1,1,1,0,0,2,0	26,22,29,29,24,29,19,18,23,32	0,0,1,0,0,2,0,0,4,0	23,22,12,17,29,20,17,24,20,27	150	75
3802	7,11,8,13,4,2,5,6,6,13	0,0,0,0,0,0,0,0,0,0	5,3,9,6,5,16,3,12,5,4	0,1,1,1,0,1,0,0,1,0	150	75
3803	0,0,0,0,1,0,0,0,0,0	6,7,7,9,8,4,3,5,4,4	0,0,0,0,0,0,0,2,0,0	8,8,7,4,3,7,8,12,5,2	150	75
3809	14,12,19,23,14,15,9,7,17,14	95,104,97,121,126,49,64,72,84,73	14,10,13,13,20,12,13,9,20,25	81,68,93,83,117,90,104,94,56,45	150	75
3812	0,0,0,2,1,0,0,0,1,0	237,339,243,284,239,253,265,239,259,244	0,0,0,0,2,1,0,0,0,0	229,210,200,223,267,251,265,181,228,208	150	75
3813	48,46,58,92,38,48,48,46,37,44	1,3,2,2,0,2,4,3,5,1	58,30,29,33,64,34,43,46,68,77	0,1,2,3,3,2,3,3,5,0	150	75
3814	0,0,0,0,0,0,0,0,0,0	41,48,42,35,40,23,41,44,31,44	0,0,0,0,0,0,0,0,0,1	36,39,41,40,31,29,45,41,38,35	150	75
3815	10,5,3,2,7,3,3,6,7,1	23,26,25,32,29,8,10,11,13,20	11,4,1,1,3,9,9,3,5,4	24,11,25,22,19,20,18,20,16,8	150	75
3817	1,1,3,2,1,2,0,2,1,1	0,0,1,0,0,0,0,0,1,0	3,2,0,2,2,0,0,1,1,1	0,0,0,2,0,0,0,0,2,0	150	75
3818	1,1,3,2,1,2,0,2,1,1	19,16,19,19,13,8,8,12,17,11	3,2,0,2,2,0,0,1,1,1	20,15,16,15,14,14,10,22,13,14	150	75
3819	0,2,0,0,0,0,0,0,0,0	7,5,1,1,4,1,4,1,4,3	0,0,0,0,1,0,0,0,0,0	7,3,4,2,4,2,2,6,6,4	150	75
3820	0,0,0,0,0,0,1,0,0,0	1,1,1,6,8,8,4,4,3,8	0,0,1,0,0,0,0,1,0,0	1,7,3,1,3,1,5,2,4,11	150	75
3821	1,1,1,2,0,1,0,0,0,1	2,1,3,0,0,0,1,1,0,0	0,1,0,2,0,0,0,0,0,0	1,7,0,1,2,1,1,3,0,0	150	75
3822	0,0,0,0,1,0,0,0,1,0	0,3,2,1,1,1,1,3,2,5	0,0,0,0,0,0,0,1,0,2	4,5,0,0,1,0,4,4,0,2	150	75
3823	0,0,1,0,0,0,0,0,0,0	5,4,1,1,3,4,3,3,0,2	1,0,0,0,1,0,0,0,0,0	1,1,5,3,2,4,2,3,1,3	150	75
3824	0,0,0,0,0,1,0,0,0,0	2,0,4,3,2,2,2,1,1,7	0,0,0,0,0,0,0,0,0,0	1,2,0,1,3,0,3,2,0,3	150	75
3826	3,2,1,3,1,0,1,1,0,2	39,39,42,41,40,50,39,43,40,47	2,2,0,0,4,1,0,1,2,0	55,35,36,27,44,45,50,48,40,45	150	75
3827	0,0,0,0,0,0,0,0,0,0	2,1,1,6,2,5,1,3,6,3	0,0,0,0,0,0,0,0,0,2	2,1,2,6,1,2,5,4,3,1	150	75
3828	20,22,13,20,17,28,17,24,13,9	1,0,0,0,0,0,0,1,0,2	15,23,28,16,19,10,23,11,23,15	1,1,0,1,0,3,1,0,0,1	150	75
3829	28,25,18,19,16,28,19,22,11,14	1,2,0,2,4,4,3,2,6,2	18,21,28,18,21,10,24,15,24,17	0,1,0,1,1,3,3,5,7,3	150	75
3830	1,1,0,1,2,2,0,0,2,1	12,26,17,21,16,29,30,21,14,22	0,1,0,0,1,0,1,0,1,2	21,18,20,23,20,17,25,25,26,27	150	75
3832	0,0,0,0,0,0,1,0,0,0	49,53,56,64,58,18,47,34,38,41	0,0,0,0,1,0,0,1,0,0	57,46,44,53,62,47,48,58,33,14	150	75
3833	0,0,1,1,0,1,3,0,2,0	64,81,77,83,76,64,57,86,52,85	1,1,2,3,1,3,2,1,4,3	76,53,62,64,61,60,65,56,94,87	150	75
3834	16,19,18,27,22,14,17,19,14,19	48,46,35,59,42,36,44,38,50,58	29,22,18,11,17,13,24,14,30,56	44,40,45,49,52,33,43,56,54,56	150	75
3835	13,9,16,16,4,5,7,12,10,8	40,50,33,40,49,48,42,39,38,58	13,1,4,13,17,4,12,8,10,19	37,43,35,39,35,50,28,51,54,40	150	75
3836	136,101,105,132,133,104,106,108,115,136	25,19,15,23,12,15,25,14,24,17	137,104,118,114,134,128,130,134,144,126	20,15,11,15,10,14,13,13,14,26	150	75
3842	7,3,2,4,3,0,1,2,0,4	9,12,12,12,5,6,6,3,10,13	3,1,2,1,2,3,2,4,2,1	4,8,12,10,11,13,7,5,10,8	150	75
3844	0,2,4,2,2,1,0,0,2,1	3,2,1,3,1,1,1,3,2,3	2,2,1,2,2,0,0,0,2,1	2,2,5,3,1,2,3,1,3,3	150	75
3846	2,4,9,4,4,0,2,2,4,1	23,31,42,20,21,21,14,29,25,17	2,2,0,0,2,2,4,1,0,4	24,27,31,24,29,19,21,22,28,30	150	75
3847	1,0,0,0,0,0,0,0,0,0	2,7,4,1,5,1,3,1,2,6	0,0,0,0,0,0,1,0,0,0	1,2,2,6,2,0,4,1,1,2	150	75
3848	0,1,2,0,0,0,0,0,0,0	16,8,9,10,6,17,15,7,9,11	0,1,0,0,0,0,0,2,0,1	7,13,13,11,11,11,15,9,13,10	150	75
3849	41,46,44,47,43,42,46,36,30,49	2,0,0,1,2,0,0,0,0,0	46,31,31,37,56,27,44,29,50,46	0,0,0,0,0,0,0,2,1,0	150	75
3850	3,6,6,5,4,3,7,4,3,7	0,0,0,0,0,0,0,1,0,0	6,4,4,1,1,6,6,2,7,12	0,0,0,2,0,0,0,0,0,0	150	75
3851	42,48,46,52,45,48,48,36,35,52	6,8,5,5,4,5,7,2,8,4	46,34,34,40,59,27,46,32,51,48	5,3,2,4,6,6,6,3,3,3	150	75
3852	4,8,8,10,6,9,9,4,8,10	29,11,21,32,17,32,32,30,34,32	6,7,7,4,4,6,8,5,8,14	21,28,16,16,25,24,22,23,25,23	150	75
3853	0,1,0,0,0,0,0,0,2,0	1,0,3,0,1,0,0,0,0,1	0,0,1,4,0,1,0,0,0,1	0,0,0,0,0,0,0,1,0,1	150	75
3854	0,0,0,0,0,1,0,2,0,0	34,51,45,60,34,32,15,35,22,35	0,0,0,1,0,0,0,0,1,0	41,21,21,27,46,16,21,28,46,36	150	75
3855	19,13,13,17,12,13,14,13,13,20	0,0,0,0,0,0,0,0,0,0	18,12,8,16,26,11,26,17,14,12	1,0,0,0,1,0,0,0,0,0	150	75
3856	6,5,1,2,1,2,3,0,1,2	18,15,12,17,13,14,11,11,13,9	0,2,0,1,6,1,0,2,1,0	17,15,7,13,16,14,16,10,15,13	150	75
3857	19,10,11,13,5,9,4,8,8,13	10,11,11,6,12,10,16,4,13,12	9,5,5,6,8,10,2,7,6,5	13,7,9,4,17,6,9,6,7,10	150	75
3858	0,0,0,0,0,0,0,0,2,1	17,13,19,11,13,19,14,15,7,19	0,0,0,0,0,0,0,0,0,0	8,10,12,10,7,4,16,14,14,14	150	75
3861	0,2,0,0,0,0,0,0,0,0	1,0,0,1,0,2,1,1,3,0	0,0,0,0,0,0,0,0,0,0	2,0,0,2,1,1,1,1,1,1	150	75
3862	0,0,0,0,0,0,0,0,0,0	0,0,0,0,0,1,0,0,1,0	0,0,0,0,0,0,0,2,0,0	0,0,0,5,1,0,0,4,0,1	150	75
3863	2,1,1,4,1,5,1,0,1,2	70,69,62,71,77,63,60,80,65,96	2,0,1,0,0,0,0,0,4,2	82,86,59,75,89,67,80,67,79,71	150	75
3864	2,0,1,7,3,4,4,3,1,5	27,20,32,23,24,21,26,11,26,27	0,2,2,4,1,2,5,0,3,0	30,30,23,36,43,27,26,21,26,26	150	75
3865	52,47,45,65,47,40,45,49,60,49	29,36,42,29,26,35,42,33,51,33	47,58,40,34,44,47,47,41,32,33	26,40,43,42,37,22,31,19,39,33	150	75
3866	20,16,13,21,13,19,13,17,22,13	4,5,4,8,7,3,0,2,6,6	9,16,14,11,10,18,15,17,10,8	5,3,5,5,6,4,6,8,2,6	150	75
3867	3,5,0,4,4,5,5,2,5,3	25,30,25,23,20,27,15,19,20,42	1,5,2,2,6,4,2,3,4,3	34,29,14,15,32,28,29,22,21,19	150	75
3868	4,3,0,1,2,3,3,2,3,3	5,3,1,1,3,0,3,5,3,1	0,3,2,1,4,1,1,0,4,3	1,2,3,1,6,5,0,1,0,0	150	75
3869	0,0,0,0,0,0,0,0,0,0	3,1,1,1,1,1,0,0,0,0	0,0,0,0,1,0,0,0,0,0	0,1,3,0,2,0,0,0,4,0	150	75
3870	55,74,71,75,58,68,71,63,71,82	34,44,40,35,33,31,41,26,35,43	75,56,53,62,69,84,81,68,79,85	46,32,24,30,39,31,42,36,54,40	150	75
3871	23,41,38,28,16,27,24,14,27,27	28,29,53,34,32,25,13,33,29,36	34,22,15,19,27,29,22,20,19,25	35,28,18,18,38,34,20,21,38,29	150	75
3872	0,4,2,2,1,3,3,2,1,0	11,16,7,15,11,7,8,15,7,14	1,4,0,2,2,2,1,1,5,5	21,14,8,9,12,4,11,7,10,9	150	75
3873	5,5,2,4,4,4,2,6,3,1	89,75,89,90,87,85,87,84,83,104	3,3,1,1,9,2,3,2,5,2	97,111,78,83,85,57,109,89,91,77	150	75
3875	4,4,5,12,1,9,3,5,4,4	0,2,0,0,0,0,0,0,0,0	7,2,2,3,8,5,1,2,1,6	0,1,0,1,1,0,0,2,2,0	150	75
3877	96,89,98,107,79,56,69,86,81,86	5,7,5,10,5,5,4,8,4,9	83,63,82,75,94,85,76,69,65,47	7,13,7,13,10,6,15,8,9,5	150	75
3878	1,4,1,4,2,2,5,0,4,2	53,59,31,52,67,72,53,54,57,86	1,5,3,4,5,1,2,0,8,5	69,53,60,65,58,60,56,74,90,84	150	75
3879	0,0,5,8,6,1,6,2,4,3	231,279,243,245,257,177,231,230,229,208	4,3,1,3,1,3,4,0,4,4	228,238,223,227,241,225,291,243,236,189	150	75
3880	2,0,0,3,1,0,0,0,0,0	0,1,0,3,0,0,0,0,1,0	1,0,1,1,0,0,0,0,1,0	4,1,1,0,0,3,0,1,3,1	150	75
3882	2,0,0,1,0,0,3,1,1,4	1,0,0,0,1,1,1,1,0,1	0,1,0,1,1,1,2,0,1,0	0,0,0,0,0,0,0,0,1,0	147	75
3883	3,2,1,1,0,1,3,1,1,2	0,0,0,0,0,0,0,1,0,0	1,0,1,1,2,1,0,1,3,1	0,0,0,0,0,0,0,0,0,0	150	75
3884	7,2,1,1,0,3,1,2,2,1	1,0,0,0,0,0,0,0,0,0	2,0,1,0,3,0,0,2,7,2	1,0,1,0,0,0,0,1,0,0	150	75
3885	6,2,1,1,0,2,1,2,1,1	0,0,0,0,0,0,0,0,0,2	2,0,1,0,3,0,0,2,7,2	0,0,0,0,0,0,0,0,0,0	146	75
3886	2,0,1,0,2,0,1,1,0,0	0,1,0,1,1,1,1,0,0,1	0,0,0,0,0,0,0,1,0,0	0,1,0,1,0,1,0,3,1,2	150	75
3889	0,0,0,0,1,0,1,0,1,0	0,0,0,0,3,0,0,0,0,0	0,0,0,0,1,0,2,0,1,0	0,2,2,0,0,1,1,0,0,2	150	75
3890	3,0,1,0,2,0,0,2,0,0	2,2,0,0,0,0,0,0,2,1	0,2,0,0,1,1,2,0,3,6	0,0,0,1,2,3,0,0,0,2	150	75
3891	2,0,1,0,1,2,0,0,0,0	136,131,136,128,132,111,87,106,118,113	0,0,0,0,1,0,1,0,0,0	120,132,104,122,129,103,130,116,111,135	150	75
3892	95,95,96,97,79,64,60,87,88,93	7,6,5,11,4,6,5,9,9,12	71,79,76,85,106,108,83,73,83,76	3,15,6,5,8,11,8,10,4,5	150	75
3893	20,26,23,29,12,14,21,23,24,17	104,127,117,115,99,84,126,106,131,107	16,15,8,18,23,16,15,11,22,15	112,99,104,121,125,104,146,133,108,108	150	75
3894	1,2,1,1,1,0,0,3,0,0	3,5,1,6,3,3,1,2,0,3	0,0,0,0,0,2,0,0,1,0	5,3,2,3,1,3,3,9,3,3	150	75
3896	0,0,0,0,0,0,0,0,0,0	0,4,0,4,2,2,0,2,3,4	0,0,0,0,1,0,0,0,0,0	2,0,5,4,4,2,1,0,2,0	150	75
3898	5,5,3,9,5,4,7,6,5,6	37,55,48,47,35,41,32,32,42,46	7,4,8,8,6,10,8,7,8,5	52,37,24,37,27,58,38,32,39,32	150	75
3899	7,4,6,8,8,3,2,8,8,12	60,72,54,71,45,56,50,56,54,67	9,3,3,1,7,1,10,5,4,5	61,59,45,50,64,49,57,48,50,46	150	75
3900	1,1,0,1,1,0,1,0,0,0	1,0,1,1,1,0,1,0,1,2	0,0,1,0,1,0,1,0,0,0	3,1,0,1,1,0,0,0,1,1	150	75
3901	6,4,2,4,10,2,4,8,6,3	96,118,88,157,98,124,81,76,98,100	7,6,2,3,3,5,6,2,3,7	100,106,82,97,141,96,130,77,146,108	150	75
3903	0,0,0,0,0,0,0,0,0,0	9,10,6,4,3,3,7,0,4,8	2,0,0,0,0,0,1,0,0,0	4,1,10,2,10,3,3,6,3,3	150	75
3904	1,0,1,0,0,0,0,0,0,0	7,10,7,20,10,8,14,5,9,9	0,0,0,0,1,0,0,0,0,0	10,14,10,5,9,5,7,10,8,12	150	75
3905	1,0,2,2,1,2,3,0,4,1	12,12,8,10,11,6,3,7,17,5	0,0,1,0,3,1,1,0,1,1	9,6,7,9,11,9,11,8,10,8	150	75
3906	1,0,2,2,1,2,3,0,4,1	10,9,9,9,4,6,3,10,7,8	0,0,1,0,3,1,1,0,1,1	9,6,10,6,7,16,5,6,10,3	150	75
3907	0,0,0,0,0,1,0,0,1,0	0,0,0,3,0,0,0,0,0,0	0,0,0,0,0,0,0,0,0,1	0,0,0,0,2,0,0,0,0,1	150	75
3908	0,0,0,0,0,0,0,0,0,0	31,43,30,51,35,30,30,38,34,29	0,0,0,0,0,1,0,0,0,0	32,41,29,22,30,40,38,17,34,42	150	75
3909	0,0,0,1,0,0,0,2,0,0	22,28,23,27,24,24,8,35,23,16	0,0,0,1,0,0,0,0,0,1	23,27,18,16,28,26,22,22,23,16	150	75
3913	9,13,11,7,11,3,3,4,10,6	0,0,0,0,1,0,0,0,0,0	13,7,1,0,15,8,12,3,3,2	0,0,0,0,0,0,0,0,0,0	150	75
3915	0,0,0,0,0,0,0,0,0,0	2,2,4,0,2,1,4,9,2,5	0,1,0,0,0,0,0,0,0,0	7,0,1,10,2,5,10,10,3,3	150	75
3916	3,4,1,1,3,0,2,0,2,2	22,22,25,26,20,16,19,15,21,27	1,0,4,1,0,4,0,2,4,0	20,28,15,18,30,26,27,30,21,26	150	75
3917	0,0,6,0,0,2,0,1,0,0	8,12,18,22,14,12,7,21,5,7	0,0,0,0,2,1,0,0,1,0	7,7,5,15,16,10,15,8,13,7	150	75
3918	0,0,0,1,1,0,1,1,2,0	8,8,11,11,6,5,6,15,6,7	1,1,1,0,1,1,0,0,0,2	4,6,7,5,12,5,3,6,5,6	150	75
3919	0,0,1,0,1,1,2,2,4,1	18,22,33,25,37,11,11,16,25,20	2,0,1,1,0,3,0,1,2,0	25,16,39,24,25,20,32,12,17,13	150	75
3920	1,2,1,1,0,0,1,0,0,2	75,112,100,93,82,131,84,118,112,126	2,1,1,0,1,5,2,0,1,3	102,99,104,115,95,110,122,117,133,132	150	75
3921	26,25,20,24,28,42,18,30,21,30	0,0,3,1,3,2,2,4,2,2	38,26,23,27,25,34,31,44,30,49	0,5,2,7,3,3,1,5,1,2	150	75
3922	1,0,1,0,0,0,0,1,0,1	3,8,13,3,10,6,4,4,10,8	0,0,0,0,0,0,0,0,2,0	7,8,14,6,5,9,6,8,11,8	150	75
3926	2,1,5,1,3,2,2,1,1,2	22,23,25,30,23,14,16,26,24,14	1,0,0,1,0,1,2,1,1,0	28,16,18,22,26,22,17,15,19,10	150	75
3927	3,3,3,1,3,4,2,3,6,0	38,25,24,33,46,25,24,31,34,48	2,3,2,0,1,1,6,0,8,7	41,31,16,28,22,30,28,17,34,21	150	75
3928	0,1,0,3,3,1,0,0,2,2	22,17,21,21,17,27,12,25,11,21	2,0,1,1,0,0,1,0,1,0	17,16,16,11,18,21,15,11,10,5	150	75
3929	0,1,0,0,0,3,0,0,0,1	9,21,15,15,22,9,20,17,19,24	0,2,0,0,1,1,0,0,0,0	14,12,13,19,25,12,15,18,24,11	150	75
3930	0,0,1,0,0,0,0,1,1,0	14,19,19,23,15,18,15,16,19,24	1,0,0,1,1,2,0,0,0,0	12,22,11,10,19,16,20,11,19,18	150	75
3931	0,0,1,1,0,0,0,0,0,2	41,49,25,62,37,32,28,46,49,29	1,0,0,1,0,0,0,0,2,0	38,39,41,34,39,43,60,38,44,32	150	75
3932	0,0,5,3,0,0,2,1,2,1	39,48,48,44,26,21,28,34,33,27	0,3,0,1,2,0,3,0,2,1	36,22,27,27,49,35,37,21,32,10	150	75
3933	0,1,0,0,1,1,1,1,0,1	18,19,16,14,15,9,13,16,14,18	0,0,1,0,1,1,0,0,0,1	17,19,8,11,15,12,10,15,11,9	150	75
3934	46,37,33,35,38,10,23,26,25,25	0,1,0,0,0,0,0,0,0,2	35,27,28,23,36,34,28,19,16,3	1,0,0,0,0,0,0,0,0,0	132	75
3936	0,5,1,0,0,1,1,1,0,1	147,112,166,156,130,138,138,145,140,175	1,0,0,1,2,0,1,0,2,2	132,129,116,148,153,123,166,131,150,152	150	75
3937	7,6,7,9,9,8,0,7,3,1	227,278,276,269,247,214,214,215,226,298	10,2,4,0,4,1,3,7,11,5	293,232,287,239,264,251,277,221,248,230	150	75
3938	0,0,0,2,0,0,0,0,1,0	10,14,27,19,12,7,14,34,15,15	1,0,0,0,0,1,0,1,0,0	15,13,16,18,18,15,25,20,24,12	150	75
3939	1,1,2,1,1,0,1,2,2,3	51,58,74,59,36,70,69,63,55,86	4,2,1,2,1,2,3,1,6,3	89,63,83,68,59,63,55,81,84,110	150	75
3941	0,1,1,1,1,1,1,1,0,1	10,12,9,10,10,12,5,13,14,11	2,0,1,0,0,0,0,0,1,3	12,12,8,14,18,14,17,10,15,10	150	75
3942	0,0,0,0,0,1,0,0,0,0	3,5,2,1,9,5,4,2,3,4	0,0,0,2,0,0,0,0,0,0	5,3,4,1,4,5,2,4,3,6	150	75
3944	1,0,0,0,0,0,0,0,0,1	0,0,0,0,0,0,0,0,1,1	0,0,0,0,0,0,0,0,0,2	0,0,0,0,0,0,0,0,0,0	150	75
3945	1,0,0,0,0,0,0,0,0,1	3,4,5,6,10,2,8,8,5,7	0,0,1,0,0,1,0,1,0,2	6,2,5,7,9,7,10,3,7,8	150	75
3946	3,2,0,0,0,0,1,0,0,1	42,45,39,45,54,40,37,49,50,43	0,0,1,0,0,1,0,4,0,2	43,44,37,52,54,38,55,46,33,28	150	75
3947	0,1,0,1,2,0,0,1,0,0	0,1,0,1,2,1,0,0,0,0	1,1,2,0,2,0,0,0,0,1	0,0,0,0,0,1,1,0,1,1	150	75
3948	0,0,0,1,2,0,0,1,0,0	1,0,3,3,0,0,1,0,0,0	1,1,0,0,2,0,0,0,0,1	1,1,1,1,1,1,4,0,7,1	150	75
3949	0,1,0,2,1,2,0,1,2,0	50,46,40,38,38,31,26,32,34,38	2,0,2,2,2,1,1,2,2,0	45,46,42,35,43,35,56,43,51,36	150	75
3950	1,0,0,2,0,0,0,0,0,0	14,12,8,14,12,15,9,16,8,16	0,0,0,0,0,0,0,0,0,0	6,9,15,11,11,18,15,4,18,12	150	75
3951	3,2,3,2,4,3,3,5,1,4	15,5,7,14,5,8,10,4,4,12	4,1,2,3,2,2,1,0,4,4	5,5,8,7,3,9,4,4,11,14	150	75
3952	1,1,0,3,2,4,2,5,1,1	1,0,0,1,0,1,0,0,0,0	4,2,2,2,1,2,1,0,1,5	0,0,0,0,3,0,1,0,1,0	150	75
3953	0,2,2,2,4,4,4,4,2,3	1,4,2,1,0,3,0,3,2,4	2,4,2,4,2,0,2,0,2,3	0,0,6,1,2,0,1,0,4,3	150	75
3954	2,0,1,2,0,1,0,0,1,0	9,8,7,7,5,6,4,8,3,7	0,0,0,0,0,0,0,0,1,0	3,9,2,7,4,4,4,4,3,3	150	75
3955	1,0,0,0,0,0,0,0,0,0	2,2,9,3,3,1,1,1,1,0	0,0,0,0,1,0,0,0,1,0	1,9,0,5,1,3,4,1,1,2	150	75
3956	8,14,9,4,5,11,11,9,7,3	75,81,92,108,100,118,80,105,89,109	13,4,4,5,9,4,6,9,11,14	114,103,75,107,96,81,104,102,78,77	150	75
3957	10,8,3,4,5,5,7,8,2,16	89,82,82,107,87,91,80,95,101,103	14,2,4,6,12,7,9,8,13,12	103,104,85,91,97,108,98,93,102,110	150	75
3958	35,31,21,22,20,22,21,22,24,27	2,1,1,5,3,6,1,3,2,1	34,17,22,18,36,17,38,21,25,33	2,4,3,1,2,2,3,3,1,4	150	75
3959	2,5,9,4,3,3,4,2,2,8	10,16,21,7,17,13,16,19,18,16	3,6,1,3,1,8,1,3,5,3	14,14,9,14,10,10,17,12,18,16	150	75
3960	12,6,10,11,13,9,14,9,3,11	0,4,0,0,3,1,0,4,1,3	8,9,3,10,4,12,3,4,10,8	2,0,3,1,1,1,3,0,2,4	150	75
3962	14,9,7,13,8,5,12,7,8,7	3,0,4,5,2,0,4,0,1,8	11,8,6,3,8,6,5,3,10,15	7,1,4,4,5,1,2,0,0,1	150	75
3967	7,1,4,2,4,2,4,1,2,3	0,1,0,0,0,0,0,1,0,3	2,1,0,2,3,6,3,1,4,3	0,0,1,0,0,0,0,0,0,0	150	75
3968	15,20,25,27,14,16,18,14,16,19	0,0,0,3,1,0,0,0,1,0	20,7,13,14,21,12,16,19,17,13	0,0,0,1,1,0,0,0,0,0	150	75
3972	1,1,0,1,0,1,1,1,0,1	40,43,31,28,32,26,23,29,24,27	2,0,2,1,3,2,0,0,1,0	40,30,31,26,31,38,37,25,43,34	150	75
3974	2,2,1,2,1,1,0,3,2,0	64,107,83,113,77,89,60,72,73,84	0,1,0,3,1,1,0,4,3,3	98,94,102,96,68,90,90,91,74,57	150	75
3975	42,29,35,30,35,13,18,28,26,26	19,21,36,31,29,24,22,15,21,31	49,24,28,40,34,27,29,40,16,22	19,25,37,31,39,40,43,25,37,19	150	75
3976	9,5,4,6,2,3,2,1,5,3	42,60,66,50,40,43,35,50,37,46	10,2,2,0,4,2,5,2,4,1	43,47,35,40,58,48,54,49,44,28	150	75
3978	2,2,2,0,3,1,3,0,2,1	31,28,28,32,31,18,21,41,13,36	2,5,1,2,6,0,2,0,1,2	23,21,19,32,27,23,29,26,34,28	150	75
3979	1,0,0,1,0,0,0,1,1,0	10,14,19,16,16,10,6,11,14,19	2,0,0,0,0,0,1,0,1,1	11,8,9,20,18,19,12,9,8,15	150	75
3980	1,1,0,1,0,4,4,0,0,0	6,6,13,10,8,7,4,9,12,12	2,3,0,0,3,1,3,1,1,1	11,10,18,17,10,11,20,10,8,6	150	75
3983	1,0,0,3,0,4,3,1,6,2	1251,1043,1114,1033,1050,1188,1094,1210,1400,1261	2,1,2,0,0,2,1,0,3,0	1150,1061,1115,1133,1294,1160,1365,1247,1451,1525	150	75
3984	18,23,23,17,13,16,21,15,19,16	0,0,0,1,0,1,0,2,0,0	21,17,11,20,17,21,22,16,22,14	0,1,0,0,1,0,2,1,0,3	150	75
3985	2,1,5,4,7,1,4,4,0,5	23,19,12,25,30,5,13,19,16,11	4,3,3,1,6,4,1,1,2,3	28,14,18,28,30,25,30,22,19,4	150	75
3986	6,8,7,10,2,14,8,7,5,6	10,7,7,12,3,10,6,10,6,13	6,7,7,4,7,8,10,12,12,19	6,12,11,11,15,8,17,8,15,14	150	75
3987	6,9,7,12,3,16,11,8,5,6	47,69,61,55,78,85,55,63,61,66	7,9,8,6,7,10,10,13,12,19	47,85,65,66,57,63,77,75,76,93	150	75
3988	2,3,3,9,2,9,7,3,2,5	2,1,0,0,2,1,0,0,1,1	5,8,5,4,5,8,5,7,7,10	1,3,1,0,0,0,0,0,3,1	150	75
3989	4,5,2,4,2,4,2,3,5,3	1,1,2,9,0,2,1,3,3,0	4,2,4,2,1,2,6,2,8,4	6,2,1,2,2,9,5,1,6,7	150	75
3990	0,0,1,1,1,0,0,0,0,0	6,3,2,4,5,3,3,6,3,5	1,0,0,0,1,0,0,0,1,1	4,5,3,5,7,8,2,1,7,2	150	75
3992	0,0,1,0,0,0,0,1,0,0	190,187,242,185,176,178,173,194,158,189	0,0,0,0,0,0,0,1,0,0	224,185,165,180,180,177,222,196,164,201	150	75
3993	0,1,0,1,3,0,0,0,0,1	1,0,0,1,1,1,0,0,1,4	1,0,0,0,0,0,0,1,0,1	0,0,1,0,2,0,1,2,2,1	150	75
3995	0,0,0,0,0,0,0,2,0,1	0,1,0,0,0,0,0,0,0,0	0,0,0,0,0,0,0,0,0,0	0,0,0,0,2,1,0,1,0,0	150	75
3996	2,5,1,3,0,3,3,0,3,0	104,150,155,109,92,97,119,106,166,188	2,1,2,2,2,0,3,1,4,6	125,115,85,124,136,178,197,151,130,145	150	75
3997	0,0,0,1,0,0,0,0,0,0	4,5,8,7,4,10,5,9,21,14	0,0,0,0,0,0,0,0,0,0	8,9,4,3,8,6,8,3,10,3	150	75
3998	3,1,3,1,2,1,3,0,2,1	62,74,74,77,62,64,59,73,74,83	4,2,0,1,3,5,0,1,1,3	74,69,70,63,72,66,83,73,90,94	148	75
3999	2,3,0,2,3,3,1,3,1,6	148,144,177,183,143,90,109,131,126,153	1,3,0,1,0,1,1,0,3,1	207,127,157,146,163,158,148,137,124,101	150	75
4000	2,4,2,3,3,2,4,0,5,4	36,41,46,68,52,37,25,51,42,35	3,2,1,2,5,1,2,2,3,5	42,47,30,53,45,55,52,38,43,49	150	75
4001	2,1,1,1,2,0,0,3,0,0	29,46,37,34,33,34,29,35,24,30	0,1,0,1,3,1,3,1,4,7	31,36,32,36,34,23,41,27,27,40	150	75
4002	4,5,6,4,6,3,10,5,6,8	53,48,37,51,40,61,29,36,51,51	3,4,6,8,4,3,5,4,2,10	48,48,57,50,52,43,51,49,44,59	150	75
4004	0,0,1,0,0,0,0,0,0,1	0,0,0,0,0,0,0,0,0,2	0,0,0,0,0,1,0,0,0,0	0,0,0,0,0,1,0,0,0,0	150	75
4005	2,1,0,0,0,0,2,1,0,1	36,37,28,62,37,35,34,28,40,39	0,0,0,1,0,1,0,0,1,2	38,28,38,32,44,33,54,26,44,31	150	75
4009	22,31,31,27,25,25,14,27,19,13	1,0,0,3,0,0,1,0,1,0	20,27,13,18,31,18,27,22,21,15	0,0,0,1,1,0,0,1,3,1	150	75
4011	1,2,1,0,0,3,0,0,0,1	1,4,3,1,0,1,3,0,2,7	1,2,0,0,1,1,0,0,1,3	1,1,2,1,4,3,6,2,1,2	150	75
4012	1,1,0,0,1,4,0,0,3,1	0,0,0,0,0,0,0,0,0,0	1,1,0,0,1,1,1,0,3,3	2,1,0,0,2,0,0,2,0,0	150	75
4014	0,0,1,0,0,0,0,0,0,0	11,16,14,12,23,9,19,8,15,11	0,2,0,0,1,0,0,0,0,2	9,8,9,10,12,10,17,12,7,15	150	75
4015	70,59,61,66,79,59,66,75,67,79	33,37,33,28,24,31,28,29,36,32	79,64,88,63,82,92,75,80,90,89	50,23,31,47,40,32,29,21,29,51	150	75
4016	0,0,0,1,1,0,0,0,1,0	55,86,61,71,62,48,49,49,46,57	0,0,0,0,1,0,0,0,1,0	63,61,41,63,40,63,53,46,74,46	150	75
4017	6,7,3,4,1,3,1,3,3,8	37,46,40,25,25,27,34,41,31,39	3,2,2,1,3,7,4,6,10,2	17,30,18,28,35,16,27,45,43,49	150	75
4018	2,0,2,1,0,0,2,3,1,4	3,0,4,3,0,2,3,0,2,3	0,6,2,1,0,1,0,1,1,1	2,3,3,2,0,1,0,2,0,0	150	75
4020	0,4,0,2,4,0,2,0,0,3	11,8,9,16,22,13,16,12,10,15	0,0,1,0,1,2,0,1,6,4	14,11,17,21,22,14,22,14,22,10	150	75
4021	0,2,2,1,5,1,2,1,4,5	13,13,9,21,12,10,8,14,15,11	1,0,0,0,0,0,2,0,1,1	20,13,18,11,15,13,20,16,14,7	150	75
4022	0,0,0,0,0,0,0,0,0,0	0,0,1,2,1,1,1,2,3,0	0,0,0,0,0,0,1,0,0,0	0,0,1,1,6,1,0,0,1,1	143	75
4023	0,2,3,4,2,3,2,0,1,0	39,21,51,45,27,41,41,48,44,56	2,2,1,1,5,2,4,0,1,0	44,35,31,25,44,27,59,38,63,61	150	75
4024	16,6,9,20,11,9,9,9,11,23	2,7,5,2,4,0,3,6,3,5	14,10,5,8,24,13,4,8,15,13	4,1,1,2,0,4,3,2,5,2	150	75
4025	1,2,6,7,2,2,4,5,5,1	0,0,3,0,0,0,0,0,0,1	3,5,7,1,4,6,2,5,2,3	0,0,0,0,0,0,0,0,0,0	150	75
4026	1,0,0,1,2,0,0,0,1,3	0,0,0,0,0,1,0,0,1,0	4,0,1,1,5,0,1,1,0,1	0,0,0,1,0,0,0,0,0,0	150	75
4027	2,0,3,2,1,4,2,0,1,2	99,111,86,97,100,116,96,106,88,125	2,3,1,4,1,0,0,1,2,3	103,113,117,111,101,104,119,81,132,135	148	75
4028	2,2,5,1,0,1,1,1,4,4	116,141,113,130,133,141,125,146,122,143	2,1,1,1,1,0,1,2,2,1	132,128,127,116,161,144,143,132,171,137	150	75
4029	0,0,0,0,0,0,0,0,0,0	0,0,1,1,0,0,0,1,1,0	0,0,1,0,0,0,0,1,0,0	0,0,1,0,1,0,1,0,0,0	149	75
4030	1,1,0,1,0,1,0,0,0,1	16,27,27,31,25,21,30,29,11,23	0,0,0,0,0,0,1,0,0,0	27,40,20,17,20,24,25,24,26,30	150	75
4031	4,2,4,5,3,2,3,2,8,3	1,0,0,0,0,0,0,0,0,0	2,1,4,6,5,8,9,5,2,0	0,0,0,0,0,0,0,0,0,0	150	75
4032	0,1,1,0,0,0,0,0,0,0	64,96,75,84,62,102,66,95,63,84	0,0,0,1,0,0,0,0,0,0	92,83,77,76,63,82,95,72,91,88	150	75
4033	43,49,48,57,52,44,46,40,42,48	1,0,0,0,1,0,0,0,0,0	39,34,39,44,59,58,51,34,50,60	0,0,0,0,0,0,0,0,0,0	150	75
4034	3,1,3,5,2,0,0,1,0,1	36,57,74,69,53,50,40,58,48,69	0,0,5,2,3,1,1,2,0,1	50,55,50,48,47,50,74,43,62,64	150	75
4035	0,0,1,1,1,2,0,0,2,5	29,39,36,34,36,34,33,31,41,43	0,0,0,0,2,2,0,0,0,2	40,46,29,47,53,47,41,38,41,29	150	75
4036	0,0,0,0,0,0,0,0,1,0	1,1,1,0,1,0,3,1,1,0	1,0,0,0,2,1,1,1,0,0	0,0,1,0,1,1,2,0,0,1	150	75
4037	0,2,1,2,0,2,3,1,0,8	1096,1317,1342,1335,1104,1214,1104,1132,1209,1397	2,1,2,1,3,1,0,1,3,3	1183,1156,1199,1274,1290,1300,1259,1213,1178,1222	150	75
4038	20,28,22,25,15,11,11,14,18,24	1,3,1,4,3,1,5,1,2,5	30,21,19,11,26,17,24,19,14,11	1,0,3,1,2,0,0,2,1,2	150	75
4039	1,2,0,1,0,1,1,1,0,2	24,27,36,24,22,17,24,24,20,16	1,0,0,0,0,1,0,1,1,3	24,11,20,17,27,27,25,13,17,13	150	75
4040	0,1,0,0,0,0,1,0,0,0	2,7,6,5,2,2,5,3,3,1	0,0,1,1,0,0,0,0,0,0	4,5,4,8,2,2,6,0,8,2	150	75
4041	0,0,1,1,0,2,0,0,0,0	5,8,7,7,10,4,4,4,4,6	0,1,0,0,1,1,0,0,2,1	6,2,2,9,8,3,4,9,5,5	150	75
4043	14,4,10,3,3,2,9,9,2,9	40,36,51,59,35,22,31,34,26,38	8,3,1,5,15,8,9,10,13,9	57,34,40,47,70,48,56,36,27,23	150	75
4044	7,4,6,5,5,6,2,2,7,6	40,30,37,35,43,27,23,31,35,27	8,2,2,4,5,7,1,5,6,11	53,24,33,44,43,29,33,36,38,40	150	75
4045	0,1,0,1,1,1,0,2,2,1	3,1,5,1,1,1,5,2,4,12	1,1,0,0,1,0,0,0,3,2	4,1,4,2,4,4,3,2,4,6	150	75
4046	1,0,0,0,0,1,1,0,0,0	5,4,5,4,4,5,2,3,2,3	1,0,0,1,1,0,0,0,0,1	1,6,8,2,8,2,0,1,1,1	150	75
4047	4,4,8,7,2,1,6,6,1,2	0,0,0,0,1,0,0,0,0,0	0,6,8,0,3,2,5,4,4,2	0,0,0,0,0,0,0,0,0,0	150	75
4049	0,0,0,1,1,1,0,0,0,3	24,16,23,16,17,13,20,10,15,21	0,0,2,0,1,0,0,1,2,1	18,13,15,14,28,17,19,11,18,9	150	75
4052	3,1,4,4,4,0,4,0,3,1	12,3,10,6,8,6,11,5,7,5	1,2,0,0,3,1,2,2,1,7	11,3,3,7,7,4,9,4,6,3	150	75
4053	2,5,10,11,3,6,11,6,1,5	14,11,16,21,12,10,15,8,5,9	9,6,12,9,10,5,4,6,3,6	22,12,12,13,17,9,10,6,13,12	150	75
4054	3,6,5,7,5,6,3,6,6,3	10,7,8,9,14,5,4,9,9,8	7,3,4,5,1,2,2,6,6,6	9,11,8,4,12,4,9,7,3,6	150	75
4055	31,13,23,25,27,25,23,27,16,32	1567,2109,1834,1949,1753,2001,1615,1776,1744,1993	26,17,21,28,26,10,21,26,45,31	1940,1765,1650,1681,2034,1717,2013,1710,1897,1739	150	75
4056	0,0,1,0,2,0,0,0,0,0	16,15,22,16,27,9,16,23,30,26	0,0,0,0,0,0,0,0,0,0	34,16,23,20,36,21,35,14,23,21	150	75
4057	0,0,0,0,0,0,1,0,0,0	0,2,1,1,0,0,0,0,1,2	0,0,0,0,0,0,0,1,0,0	3,2,0,0,0,0,1,0,1,1	150	75
4058	0,0,0,0,0,0,0,2,0,0	4,0,1,1,1,1,4,2,2,5	0,2,0,0,0,0,0,0,1,0	2,1,1,0,3,0,2,0,1,6	150	75
4059	6,8,8,5,7,1,2,7,9,4	147,187,177,164,172,131,151,166,124,153	8,3,3,8,6,7,3,6,4,5	185,136,161,185,158,140,193,141,147,151	150	75
4061	30,27,29,37,20,22,22,14,18,23	506,700,664,645,578,456,454,494,525,592	28,15,18,19,30,18,14,17,24,39	592,533,522,526,597,544,656,515,524,366	150	75
4062	25,23,34,36,31,19,19,27,32,14	5,3,7,5,17,1,6,2,6,2	38,18,21,27,40,19,27,11,22,6	8,5,0,2,9,7,5,5,0,6	150	75
4063	0,0,1,4,0,2,1,4,1,3	27,27,36,20,33,10,13,20,18,19	1,1,0,0,0,0,3,1,2,2	23,20,33,16,40,18,34,9,26,17	150	75
4064	4,3,4,4,1,2,5,10,5,6	18,32,31,24,36,12,21,31,26,26	1,2,3,4,0,0,3,1,2,2	28,24,18,22,30,24,31,25,24,23	150	75
4065	0,0,0,0,0,0,0,0,2,0	71,78,82,82,70,29,43,65,63,56	0,0,1,1,0,1,0,1,0,0	65,66,72,35,95,66,73,51,45,31	150	75
4066	1,0,0,0,0,2,0,0,0,0	75,69,77,85,74,58,53,67,62,81	1,0,0,1,0,0,0,1,0,0	80,86,55,78,70,58,83,61,65,51	150	75
4067	1,0,0,0,0,2,0,0,0,0	7,2,9,3,5,4,1,5,3,6	1,0,0,1,0,0,0,1,0,0	1,1,2,3,6,1,7,2,2,6	150	75
4068	9,8,9,15,11,8,10,9,9,9	9,10,8,10,6,6,6,8,3,8	11,9,2,6,9,6,6,8,15,13	12,12,5,5,4,7,11,7,12,11	150	75
4069	9,8,9,15,13,8,10,9,9,9	13,9,15,12,8,16,10,8,15,23	11,9,2,6,8,6,8,8,13,11	17,12,5,6,10,8,10,9,18,13	150	75
4070	1,0,1,0,0,0,2,0,0,0	0,0,0,2,0,0,0,0,0,2	0,1,0,0,0,0,1,1,0,4	0,0,0,0,0,0,1,0,0,0	150	75
4071	2,2,1,2,0,2,2,0,0,0	6,18,14,18,14,18,15,22,14,21	0,1,0,0,1,0,2,2,1,3	17,19,9,13,10,8,16,15,22,20	150	75
4072	0,0,0,0,0,0,0,1,0,0	0,0,0,0,0,0,0,0,0,1	0,0,0,3,0,0,0,0,0,0	3,1,0,2,0,1,0,0,0,0	150	75
4073	0,4,2,1,3,2,1,2,3,2	0,3,0,1,4,5,1,5,1,1	1,0,0,1,2,2,3,0,2,3	3,3,2,1,1,0,4,1,2,3	150	75
4075	0,0,0,0,0,1,1,1,1,0	223,223,243,266,237,267,228,267,263,312	3,0,0,1,1,1,4,0,2,1	222,237,278,216,217,195,268,243,279,332	150	75
4076	0,3,0,3,1,1,0,3,0,0	140,160,153,152,132,140,163,178,180,217	0,3,0,1,0,6,2,0,1,2	165,166,187,175,172,176,177,192,193,250	150	75
4077	0,1,0,0,0,0,1,1,0,0	20,22,23,28,11,13,13,19,25,11	0,0,0,0,0,0,0,0,1,0	23,14,12,12,19,28,16,19,17,15	150	75
4078	254,357,345,312,271,297,262,264,262,304	115,138,132,107,117,162,96,116,112,114	261,297,255,316,299,257,301,290,318,256	104,104,104,151,115,102,136,155,196,182	150	75
4080	4,1,7,3,3,1,4,3,8,6	0,1,2,1,2,1,2,0,2,2	8,4,2,5,2,5,9,3,2,9	1,3,1,0,2,4,7,2,0,3	150	75
4081	7,2,5,6,4,6,0,3,3,2	95,107,118,72,92,102,74,99,86,121	5,6,5,5,4,3,3,3,6,2	107,90,105,86,92,83,109,103,131,127	150	75
4082	5,1,1,4,0,0,0,3,1,3	2,2,3,0,2,3,1,4,0,3	1,1,1,0,0,0,2,1,0,3	4,4,0,3,1,2,1,4,2,6	150	75
4083	7,2,5,6,2,3,2,3,5,5	141,147,168,165,148,181,130,138,145,176	2,1,2,3,2,2,5,1,3,7	133,148,149,122,126,121,146,149,154,150	150	75
4084	4,3,2,5,2,1,3,3,5,0	1,1,0,0,1,1,0,3,1,3	2,2,1,3,2,1,2,1,6,4	1,1,2,0,1,1,0,0,0,0	150	75
4085	0,1,0,1,1,1,0,0,0,0	155,160,204,197,153,201,151,192,169,192	1,0,0,1,0,0,0,3,2,2	149,184,178,170,148,186,227,173,202,225	150	75
4086	503,528,516,600,478,527,478,500,545,564	0,1,0,0,1,0,0,0,0,1	563,514,526,542,523,497,574,534,589,656	0,0,0,0,0,0,0,0,0,0	150	75
4088	0,0,0,0,0,0,1,1,0,1	6,8,13,13,11,7,6,11,2,11	2,2,0,1,1,0,5,0,0,1	8,11,11,4,15,7,10,10,5,7	150	75
4089	9,0,4,8,6,3,4,7,4,4	8,10,17,6,11,7,10,11,10,11	3,4,6,7,9,3,5,4,7,12	20,8,14,12,11,9,11,13,15,14	150	75
4094	1,2,4,1,1,1,2,3,0,1	5,7,8,7,7,5,14,3,3,7	1,1,0,2,2,0,1,0,0,0	8,3,4,6,7,8,7,13,6,6	148	75
4095	1,1,4,1,1,0,0,1,3,1	7,11,5,13,9,11,9,11,9,9	2,0,0,1,1,1,4,1,1,0	10,11,11,6,9,9,4,10,7,7	150	75
4096	2,0,2,3,7,5,5,0,6,6	492,541,570,612,473,541,426,450,455,631	1,1,2,2,2,3,2,4,3,7	526,532,445,536,540,511,524,487,528,636	150	75
4097	4,8,10,8,9,3,12,4,7,6	428,447,487,514,439,480,411,446,426,536	4,2,4,5,6,2,4,8,4,8	454,458,458,447,440,469,499,400,512,550	150	75
4098	1,3,4,2,0,1,2,0,1,0	0,0,0,0,0,0,0,0,0,0	1,1,1,1,2,2,2,1,2,1	0,0,0,1,0,0,0,0,0,0	150	75
4100	0,0,0,0,0,0,0,0,0,0	5,2,2,1,1,1,0,4,3,3	0,0,0,0,0,0,2,0,0,0	3,1,4,2,3,1,2,2,2,1	150	75
4101	1,0,1,2,0,0,0,1,0,0	89,115,111,96,79,129,81,105,121,108	0,0,3,0,0,0,0,1,1,1	97,95,90,87,130,95,119,137,109,140	150	75
4102	20,18,32,27,31,20,24,34,21,27	2,1,1,1,2,0,5,3,2,2	24,26,40,26,31,31,42,27,40,16	3,2,3,1,4,6,7,1,0,1	150	75
4103	0,0,0,1,0,1,0,0,0,0	12,17,19,21,17,13,13,19,20,22	0,0,0,0,1,0,0,0,0,0	11,13,33,11,18,15,16,29,24,27	150	75
4104	0,0,1,1,3,3,0,0,0,1	30,27,40,48,37,33,40,38,45,42	0,1,1,0,0,0,1,0,0,0	35,37,39,33,34,40,35,48,56,61	150	75
4105	1,0,1,2,0,3,0,0,0,1	9,15,11,9,16,12,8,10,12,12	0,0,0,0,1,1,0,0,2,1	18,6,8,4,14,7,8,23,18,12	150	75
4106	0,0,0,0,0,0,1,0,1,0	11,7,9,15,6,4,15,8,11,8	0,0,0,0,0,0,0,0,0,0	9,10,10,13,16,12,8,10,8,10	150	75
4107	11,12,14,14,10,17,17,15,17,11	0,0,1,0,0,0,0,0,0,0	20,17,16,18,13,14,19,18,14,18	1,1,0,0,0,0,0,1,0,0	150	75
4108	1,0,1,0,0,1,1,4,1,3	33,32,42,24,24,20,18,27,19,30	1,1,0,1,2,0,5,1,0,5	29,16,22,16,21,32,24,28,24,24	150	75
4109	0,1,0,0,1,1,1,2,0,1	40,52,50,45,44,40,31,37,40,41	0,0,0,0,0,0,0,0,2,2	41,37,29,40,31,46,64,40,44,27	150	75
4110	0,0,0,0,1,0,0,0,0,0	13,6,9,5,6,5,21,13,20,17	1,0,0,0,0,0,0,0,1,0	18,6,7,13,14,14,11,3,13,11	150	75
4111	310,344,343,372,296,235,203,284,280,308	12,11,23,17,16,7,8,15,13,7	341,215,267,322,342,291,301,244,253,173	20,13,13,15,12,14,17,8,6,13	150	75
4112	207,252,270,239,221,180,148,190,203,210	5,3,0,4,3,2,1,1,0,1	237,179,195,212,251,211,234,170,169,137	1,2,2,2,4,0,2,2,3,0	150	75
4113	1,1,3,0,1,1,1,1,1,0	145,134,177,194,134,100,112,128,132,118	1,1,0,0,2,1,1,0,0,1	153,139,149,144,150,130,166,102,113,76	150	75
4115	0,6,1,10,1,2,3,3,1,6	12,6,8,19,12,18,9,12,18,18	5,0,4,1,5,1,6,2,2,6	12,7,21,18,15,22,23,15,11,14	150	75
4116	0,2,2,6,3,2,4,4,1,6	0,0,1,0,1,0,0,1,0,0	4,1,6,3,8,0,6,6,3,7	0,4,1,0,0,1,0,0,0,0	150	75
4117	3,6,1,5,4,6,3,4,3,6	24,18,28,21,17,25,15,16,19,22	5,5,6,4,4,3,6,7,11,6	28,16,20,9,28,16,26,20,18,20	150	75
4118	4,1,1,0,2,0,0,1,6,0	30,12,19,25,28,24,18,26,13,17	2,0,1,1,0,0,0,4,0,0	21,18,22,24,24,23,20,15,23,28	150	75
4119	11,11,7,4,12,11,14,5,19,5	1,1,0,0,1,0,0,0,0,2	13,9,13,12,7,5,16,13,16,11	0,0,1,0,0,0,0,1,0,2	150	75
4120	15,16,18,14,26,15,21,9,23,13	0,1,0,0,1,1,0,0,1,1	20,15,21,14,15,8,24,19,29,19	0,0,0,1,0,0,1,0,0,0	150	75
4121	0,0,0,0,0,0,0,0,2,0	0,0,1,1,2,0,0,4,0,1	0,0,0,0,0,0,0,0,0,0	2,3,1,0,3,5,2,1,9,0	150	75
4124	0,0,0,0,1,0,2,0,0,0	3,2,1,5,0,2,4,1,1,4	0,0,0,0,0,0,0,1,0,0	0,3,2,3,3,0,1,2,1,0	150	75
4125	87,116,99,130,73,74,55,95,85,104	1,1,0,1,2,0,3,2,0,2	98,106,88,94,78,101,118,99,86,94	1,0,2,1,0,0,1,1,2,1	150	75
4126	2,1,3,1,3,1,1,2,0,1	56,52,49,63,46,40,39,45,48,38	2,3,0,3,0,1,0,2,0,3	79,33,45,43,61,51,61,47,60,39	150	75
4128	2,1,0,0,1,0,1,1,1,0	22,26,17,23,26,22,19,34,18,36	2,0,0,0,0,4,0,0,1,1	21,35,28,22,26,31,33,30,37,28	150	75
4129	1,1,5,1,0,0,2,2,3,1	1,0,0,0,0,0,0,2,0,0	3,0,0,0,2,3,3,0,1,0	0,0,0,0,0,0,0,0,0,0	150	75
4130	0,1,1,0,1,1,0,0,3,0	24,28,29,33,18,29,17,25,30,30	2,1,0,1,1,0,0,0,0,1	23,16,26,24,25,18,27,26,28,28	150	75
4131	1,1,0,0,0,0,0,0,1,1	37,46,35,50,39,36,36,40,34,39	0,0,0,0,0,0,1,2,0,2	46,42,58,47,46,41,50,42,44,34	150	75
4132	0,0,0,0,0,0,0,0,0,0	0,1,4,2,1,1,4,2,1,0	0,0,0,0,0,0,1,0,0,2	0,1,0,1,1,6,3,3,0,2	150	75
4134	0,0,0,0,0,0,0,0,0,0	2,0,3,1,1,0,4,1,0,1	1,0,0,0,0,0,1,0,0,0	1,2,2,0,2,0,0,0,3,1	150	75
4135	3,0,0,2,1,0,0,1,1,1	23,28,25,23,25,16,14,19,28,19	1,0,0,3,1,0,1,0,0,2	12,13,14,21,20,27,31,20,27,12	150	75
4138	2,0,1,0,0,0,0,0,1,1	18,16,19,27,15,12,16,13,16,22	1,0,0,1,0,1,0,0,1,0	22,14,11,17,15,22,24,10,13,16	150	75
4139	10,31,64,43,27,34,37,58,60,15	5,5,13,8,5,7,2,13,12,6	23,57,40,54,28,32,63,77,42,82	5,9,3,14,9,6,9,26,18,23	150	75
4140	0,0,0,0,1,0,0,0,1,0	11,5,9,11,9,2,8,10,8,6	0,0,0,2,0,0,0,0,0,0	11,2,15,7,15,3,10,4,8,2	150	75
4142	146,176,184,170,165,75,103,119,120,119	1,0,2,2,1,0,0,1,0,0	205,166,141,149,179,153,165,114,82,68	0,3,2,1,1,0,1,1,0,0	150	75
4143	0,1,0,0,0,0,0,0,0,0	6,7,9,10,10,8,8,4,12,9	0,2,1,0,1,0,0,0,1,1	7,7,3,2,11,6,7,4,14,10	150	75
4144	0,0,0,1,0,0,1,1,0,0	7,2,6,14,14,6,3,7,8,5	1,0,0,0,0,0,0,0,0,0	12,14,2,16,12,2,10,9,5,15	150	75
4145	20,8,11,14,17,11,13,22,14,17	564,530,586,665,519,854,515,636,557,682	16,17,12,13,18,7,21,14,9,11	637,561,645,582,516,575,631,587,693,779	150	75
4146	0,2,0,0,1,0,1,0,1,0	19,7,14,14,8,14,8,13,15,15	0,0,1,0,1,0,0,0,2,0	19,13,12,9,22,12,15,11,12,19	150	75
4147	1,2,0,0,1,1,0,1,2,1	30,25,23,33,25,28,34,27,30,28	2,0,0,1,1,3,4,1,6,5	36,26,33,25,40,32,28,22,44,37	150	75
4148	1,2,2,1,1,0,1,2,4,0	7,10,8,21,8,26,8,15,12,16	3,0,1,1,1,2,2,0,1,0	9,11,9,20,7,20,12,9,20,15	150	75
4149	0,1,0,2,0,1,0,2,0,0	21,23,17,20,13,22,17,21,35,25	1,1,1,0,0,0,1,0,0,0	22,20,28,19,15,31,28,16,24,32	150	75
4150	0,0,0,0,0,0,1,0,0,0	10,14,14,15,17,12,9,15,10,11	0,1,0,0,2,0,0,0,2,0	18,6,13,16,14,17,15,8,13,6	150	75
4151	0,0,0,0,0,2,1,0,0,0	17,16,19,19,11,13,12,30,13,12	0,0,0,0,2,0,1,0,0,1	15,18,13,20,13,15,17,18,29,16	150	75
4152	11,9,10,12,13,3,6,9,5,15	23,21,35,27,32,24,25,24,29,30	5,6,4,4,16,8,6,9,4,15	33,33,27,34,28,16,34,25,31,21	150	75
4153	0,1,0,0,3,0,1,3,1,2	21,23,24,16,24,22,13,31,17,25	2,0,0,2,1,2,0,0,4,1	23,26,16,22,22,35,37,17,15,19	150	75
4154	1,1,1,0,0,0,1,0,0,0	8,21,18,19,20,28,14,11,18,11	1,0,0,0,0,0,0,0,0,0	13,26,14,15,13,17,21,19,22,18	150	75
4155	0,2,1,1,0,0,0,0,0,0	12,12,6,16,18,15,9,22,7,16	0,0,0,0,1,0,0,0,1,3	11,9,10,7,20,10,14,8,16,10	150	75
4156	0,0,0,5,1,2,1,2,0,1	7,7,6,3,5,10,8,8,9,5	2,2,1,0,1,0,4,0,2,4	13,7,6,10,10,10,8,8,6,11	147	75
4157	0,0,0,0,0,0,1,0,0,1	2,9,8,6,4,5,6,7,2,4	0,0,0,0,2,1,0,0,1,1	4,7,5,5,5,4,9,2,1,5	150	75
4158	3,0,1,3,2,1,2,2,0,3	4,9,8,9,4,8,7,6,2,6	5,0,1,1,0,0,4,0,2,1	5,2,5,3,8,2,7,6,2,6	150	75
4159	1,6,2,4,1,4,1,1,0,4	0,0,1,0,1,2,0,2,0,0	2,2,3,1,2,1,0,2,2,3	2,0,0,0,0,0,1,0,0,0	150	75
4160	0,1,1,1,3,0,2,1,1,1	4,6,5,7,8,5,4,4,2,6	2,0,0,0,0,0,0,0,1,3	8,7,6,7,7,7,8,6,4,3	150	75
4165	1,2,0,0,1,0,0,0,1,2	15,6,6,11,14,8,10,5,11,12	1,0,0,0,2,0,1,0,0,0	5,18,8,5,11,8,15,7,11,14	150	75
4169	1,2,7,2,2,2,3,0,0,1	76,101,88,122,125,116,90,87,104,139	2,0,0,1,2,2,1,3,0,3	103,92,116,111,106,122,115,106,117,130	150	75
4170	14,19,11,10,15,7,20,21,10,15	39,34,31,34,31,51,29,45,36,45	20,12,26,15,15,13,13,4,13,29	34,41,45,39,29,26,27,50,53,44	150	75
4172	0,1,0,1,0,0,0,0,0,2	14,9,13,23,9,13,8,15,15,19	0,0,0,0,0,0,2,1,3,1	17,10,11,12,17,11,16,8,15,12	150	75
4173	0,0,0,1,0,0,0,0,0,1	8,6,11,8,11,10,4,7,5,6	0,0,0,0,1,0,0,0,2,0	7,7,6,15,10,9,14,8,9,17	150	75
4174	1,1,0,2,0,1,0,0,1,1	12,12,17,19,16,21,14,14,10,13	0,1,1,0,0,0,1,2,0,0	14,15,13,28,12,16,15,14,22,12	150	75
4175	5,6,6,5,3,6,3,5,10,8	0,0,0,0,0,1,0,0,1,0	7,4,11,8,10,6,4,8,4,4	0,0,0,0,0,0,0,0,0,0	150	75
4176	1,2,1,0,0,2,1,2,0,0	91,78,99,96,94,83,64,77,81,98	2,1,0,0,0,1,0,3,3,4	78,88,78,79,70,81,100,103,88,115	150	75
4177	0,1,0,2,1,1,4,0,0,0	58,37,53,58,56,59,37,58,43,45	3,0,0,2,1,1,0,0,0,2	53,47,46,41,43,42,58,41,54,52	150	75
4178	0,0,0,0,0,0,0,0,1,0	67,80,70,68,60,38,46,60,82,72	0,0,0,0,0,0,0,0,0,0	59,55,64,68,66,65,104,68,39,43	150	75
4179	287,306,307,320,289,392,313,365,312,325	357,368,394,409,351,486,367,431,381,443	355,276,355,339,312,299,341,279,423,473	426,393,438,378,395,364,414,410,519,583	150	75
4181	2,3,2,1,2,3,1,1,1,3	3,2,0,0,1,0,0,0,0,1	1,2,1,1,0,1,2,1,1,2	1,0,1,1,0,2,0,0,0,0	150	75
4182	4,5,6,6,2,2,5,3,6,2	8,11,11,11,11,5,13,15,6,12	5,3,3,3,6,5,7,2,11,1	17,17,12,24,6,6,15,11,14,11	150	75
4184	2,1,3,1,2,3,1,3,0,1	25,29,26,26,25,17,28,22,13,33	2,0,1,2,1,3,2,1,4,6	28,18,17,27,34,26,29,25,29,34	150	75
4185	0,0,2,2,1,0,0,1,1,2	39,44,46,52,37,35,37,26,37,52	1,3,1,0,0,0,0,1,2,4	40,44,49,32,34,36,47,37,42,39	150	75
4186	0,0,1,1,0,0,0,0,0,0	33,23,33,30,14,19,30,33,32,38	0,0,0,0,0,0,0,1,0,0	31,36,19,30,35,24,31,36,36,35	150	75
4187	0,0,0,1,1,1,0,0,0,0	17,19,16,18,18,16,20,15,25,19	0,0,0,0,1,0,0,0,0,0	25,16,13,14,21,16,35,23,23,15	150	75
4188	0,0,1,0,0,0,0,0,0,0	0,0,1,0,0,0,0,0,1,0	1,0,0,0,1,0,0,0,1,1	1,0,0,0,0,0,0,0,0,0	150	75
4189	0,2,0,0,0,0,0,0,0,0	32,40,30,49,47,25,34,49,34,37	0,0,0,1,1,0,0,0,0,0	33,47,37,42,47,27,44,33,45,40	150	75
4190	0,0,0,0,0,0,1,0,0,1	25,34,37,34,37,33,34,45,35,33	0,1,0,0,0,0,0,1,0,0	33,32,42,27,36,41,39,36,42,39	150	75
4191	67,80,80,83,80,65,46,52,51,83	15,7,17,14,15,14,14,17,6,8	62,58,62,60,61,50,77,56,61,51	10,10,10,9,13,10,12,13,6,12	150	75
4194	0,0,1,0,0,0,0,0,0,0	28,30,30,36,44,23,20,31,29,30	0,0,0,0,0,0,0,0,0,0	38,49,25,47,38,30,32,33,28,21	150	75
4195	0,0,2,1,0,0,1,0,1,0	64,69,80,82,55,79,64,71,71,89	2,0,0,0,1,1,0,0,2,0	65,69,61,59,81,67,96,63,82,77	150	75
4196	0,0,2,2,2,0,1,2,3,2	77,70,78,92,77,79,76,71,66,86	1,1,0,2,0,0,1,0,3,2	86,54,81,59,90,68,67,81,98,95	150	75
4203	15,6,17,12,6,20,14,14,9,9	0,0,0,0,0,0,0,0,0,1	21,15,14,11,13,16,18,15,11,10	0,1,0,0,1,0,0,1,0,0	150	75
4204	0,2,1,0,0,0,0,0,0,0	1,0,0,0,0,0,0,0,0,0	0,0,1,0,2,0,0,0,0,0	1,0,0,0,1,0,0,0,0,0	150	75
4205	0,2,1,0,0,0,0,0,0,0	103,103,115,123,105,62,85,104,93,122	0,0,1,0,2,0,0,0,0,0	114,82,67,104,125,121,106,89,94,73	150	75
4208	0,1,1,0,0,0,0,2,0,0	17,10,12,20,13,21,15,11,14,15	0,0,0,1,2,0,0,1,0,0	13,12,7,6,9,7,11,12,12,14	150	75
4209	5,1,5,4,3,4,5,4,5,3	0,2,5,1,0,2,1,0,5,2	4,5,1,4,3,7,9,5,9,2	3,1,2,3,7,3,4,2,3,7	150	75
4210	125,181,191,211,146,243,165,198,173,222	1,1,0,1,0,2,0,0,0,0	179,180,180,183,189,189,203,178,239,287	1,0,0,3,0,0,1,2,0,2	150	75
4211	0,0,0,1,0,0,0,0,0,0	13,7,11,13,6,4,4,8,8,3	0,0,1,0,0,0,0,0,1,0	10,9,13,5,11,6,10,7,3,2	150	75
4215	0,1,0,0,1,0,0,1,0,2	1,2,1,6,6,1,2,3,1,1	2,0,0,0,2,3,2,0,1,0	2,4,2,0,1,2,2,3,0,1	150	75
4217	1,0,0,0,0,0,0,0,0,0	51,55,50,55,55,23,27,45,33,27	0,0,0,0,0,0,0,1,0,0	44,50,36,47,61,62,55,41,27,19	150	75
4218	28,15,21,26,16,8,12,10,13,19	9,24,21,15,20,12,5,13,16,7	28,9,17,6,12,8,16,13,21,32	14,11,14,8,22,15,18,17,14,8	150	75
4222	0,0,0,0,0,0,1,0,0,0	7,0,4,4,3,0,1,2,3,1	0,0,0,0,0,0,0,0,0,0	3,3,3,1,5,3,3,3,0,7	150	75
4225	3,2,1,3,1,3,5,4,3,6	0,0,4,1,2,1,0,0,1,3	0,0,1,1,5,2,2,3,4,5	0,1,0,0,0,1,0,0,1,0	150	75
4226	0,0,3,0,1,0,1,0,0,0	2,1,11,2,10,1,2,5,7,0	0,0,0,0,0,0,0,0,0,0	4,2,10,3,1,3,6,4,5,5	150	75
4227	0,0,0,0,0,0,1,0,0,0	1,0,0,1,1,0,0,0,0,0	0,0,0,2,0,0,0,0,0,0	0,0,0,0,0,0,1,0,0,0	150	75
4229	7,7,7,7,3,5,7,7,7,11	344,399,360,469,410,394,317,347,366,414	9,4,3,3,5,4,2,1,8,7	362,354,338,362,449,428,458,393,448,408	150	75
4230	2,0,0,3,1,0,0,1,0,3	0,0,1,0,0,1,0,1,1,0	0,1,1,0,0,1,2,3,1,2	0,0,0,0,0,0,1,1,0,0	150	75
4231	6,5,5,10,3,8,6,4,8,5	117,160,170,166,126,132,124,121,128,129	9,5,6,8,7,2,6,10,9,11	132,158,117,132,130,156,165,106,117,129	150	75
4232	3,2,3,7,3,3,1,4,3,4	1,2,1,1,0,1,9,0,1,3	3,4,6,8,6,4,3,2,1,4	1,1,1,0,1,0,2,0,0,1	150	75
4234	0,2,0,0,0,1,0,1,0,2	12,25,15,16,19,9,10,13,12,16	1,0,0,2,0,2,0,0,0,2	15,15,17,12,12,13,22,10,21,13	150	75
4235	1,2,1,0,0,0,1,0,0,2	2,1,3,1,3,4,0,0,4,0	0,1,2,0,2,1,1,1,0,0	1,5,1,1,1,5,0,1,0,3	149	75
4238	3,3,0,1,0,0,0,0,1,2	486,565,525,487,459,317,334,394,411,497	0,1,2,0,5,1,1,1,4,1	484,382,429,441,531,471,442,400,359,268	150	75
4240	5,7,6,8,9,2,3,10,2,12	0,0,0,0,0,0,0,0,0,0	10,8,7,8,7,5,10,10,12,12	0,1,0,0,0,0,0,0,0,0	150	75
4241	0,1,0,0,1,0,0,0,0,2	7,1,7,9,9,10,11,8,2,4	1,0,0,1,1,0,0,0,2,0	9,4,5,6,7,2,4,10,7,5	150	75
4242	7,5,4,8,4,3,1,12,5,6	11,10,8,8,6,7,1,7,7,3	9,1,3,6,9,10,12,5,10,10	1,11,5,4,7,4,5,13,8,4	150	75
4243	72,83,85,91,85,98,79,94,106,105	55,57,52,53,47,53,44,38,46,44	101,99,97,99,105,79,99,100,81,95	63,52,66,43,49,44,51,45,59,60	150	75
4244	101,128,107,108,109,113,104,112,120,128	1,0,0,0,1,0,1,1,0,0	132,111,123,135,154,118,133,117,121,139	0,0,0,0,0,2,0,1,1,0	150	75
4246	349,361,347,385,329,191,291,299,315,313	5,7,2,2,4,2,2,2,3,5	441,332,329,415,411,416,423,317,303,207	8,4,1,1,6,5,9,4,5,0	150	75
4248	0,0,0,0,0,1,0,0,0,0	1,1,0,0,0,1,0,2,0,0	0,0,0,0,0,0,0,0,0,0	0,0,1,0,2,0,1,0,0,1	150	75
4249	0,0,0,3,0,1,0,0,0,0	1,3,0,2,4,0,2,2,0,0	0,0,0,0,0,0,0,0,0,0	2,1,3,4,2,0,5,1,2,1	150	75
4250	11,10,20,18,8,8,14,13,11,11	64,58,77,75,56,72,63,74,67,63	19,9,9,10,16,3,15,14,20,15	54,48,52,81,63,60,74,77,96,67	150	75
4251	0,5,1,4,4,1,4,2,2,2	54,71,57,51,47,34,38,56,57,66	1,4,2,2,1,3,2,0,6,1	60,48,47,45,76,49,58,39,36,35	150	75
4253	0,0,1,0,0,1,1,0,3,0	25,29,26,27,14,24,20,27,21,22	1,0,0,0,0,0,0,2,0,0	24,17,25,27,32,22,28,28,31,53	150	75
4254	29,17,21,18,20,25,10,20,21,18	2,3,2,3,4,4,4,9,2,2	22,23,19,11,18,17,16,23,20,20	0,2,8,6,4,4,4,2,5,5	150	75
4255	59,49,48,50,42,53,30,41,41,43	3,4,3,3,2,5,7,3,7,2	55,39,41,39,52,40,33,38,43,52	5,2,1,5,5,5,2,3,4,2	150	75
4256	0,0,1,0,0,1,1,1,1,0	19,15,21,14,21,11,14,17,23,15	1,0,0,0,0,1,1,0,1,4	22,17,22,25,18,19,20,24,21,17	142	75
4257	1,2,2,0,0,0,3,1,3,0	21,28,19,41,19,16,13,23,22,29	1,1,1,2,3,1,1,1,1,2	25,24,31,20,33,22,28,33,35,34	150	75
4258	0,0,1,1,0,0,0,0,1,0	27,29,23,32,32,39,28,24,33,34	0,0,0,1,0,0,1,0,0,0	32,36,57,24,31,29,39,38,29,52	150	75
4259	11,9,4,8,7,12,13,4,8,19	38,33,63,68,57,30,38,54,43,44	17,4,5,10,13,6,4,6,13,4	50,55,69,44,32,55,108,69,56,54	150	75
4260	0,3,0,1,0,1,2,2,0,0	35,31,37,34,33,18,26,23,27,29	2,1,0,0,2,2,2,4,1,1	25,23,19,21,21,31,24,27,25,18	148	75
4261	10,5,13,13,8,4,11,9,7,8	9,11,18,14,16,20,10,14,11,17	10,4,5,7,13,9,1,4,5,10	10,11,10,10,14,14,18,10,16,10	150	75
4262	1,0,3,2,1,2,3,5,2,1	47,36,47,49,52,18,36,28,34,33	3,1,0,1,1,2,0,6,3,1	42,37,24,35,42,29,41,34,30,18	150	75
4265	0,0,2,0,0,0,1,0,0,0	19,20,25,23,17,18,20,18,17,19	0,0,0,0,0,0,0,0,0,2	16,34,9,17,26,17,21,20,23,23	150	75
4266	1,0,0,0,0,0,0,0,0,0	29,29,33,30,42,27,26,32,23,23	0,0,0,0,0,0,0,0,1,0	41,30,25,30,27,23,30,33,20,12	150	75
