ID	IJC_SAMPLE_1	SJC_SAMPLE_1	IJC_SAMPLE_2	SJC_SAMPLE_2	IncFormLen	SkipFormLen
0	7,9,6,10,4,4,1,7,4,3	8,4,7,17,14,7,7,9,4,11	7,5,2,5,7,3,4,2,17,2	15,12,5,12,14,13,10,7,11,5	2532	75
2	4434,5021,4665,4881,4154,3119,3444,3424,3744,4021	78,69,76,65,48,62,58,61,56,92	4781,4314,4494,4197,5264,4467,4989,3821,3322,3121	94,79,60,57,68,57,69,64,45,52	1545	75
3	9,14,7,10,7,12,14,6,10,6	5,12,5,5,7,12,5,5,5,8	10,6,7,12,14,9,12,9,10,9	10,10,8,8,9,12,7,3,6,7	942	75
4	35,33,34,40,31,44,31,24,32,31	1,0,1,0,0,0,0,0,0,3	39,29,36,30,40,29,40,38,29,30	1,0,1,4,1,0,1,1,5,0	222	75
5	6,8,11,9,6,4,1,5,11,2	83,83,124,121,100,71,86,72,94,113	7,3,4,3,10,10,6,4,8,10	103,100,83,89,115,104,122,97,87,92	180	75
6	5,1,5,5,5,2,2,3,2,2	47,34,45,49,43,47,45,31,37,41	3,5,0,0,4,4,3,6,2,3	31,50,31,41,53,39,47,41,51,41	401	75
7	280,288,299,305,249,241,216,246,235,333	1,3,3,3,8,2,1,3,3,6	303,274,227,243,286,246,308,216,296,270	0,6,5,3,4,1,3,4,1,1	282	75
8	0,0,0,2,0,0,0,0,1,0	12,12,4,15,8,4,6,13,9,21	1,0,0,0,0,0,1,0,0,0	15,8,11,6,13,11,8,9,8,5	941	75
9	2,0,0,1,0,1,0,1,0,0	0,0,0,0,0,0,0,0,0,0	0,0,0,0,1,1,0,0,0,0	1,0,0,0,0,0,0,0,0,0	189	75
10	1,3,0,0,0,0,0,1,0,0	8,3,5,5,3,2,1,4,2,5	2,0,0,0,1,0,0,0,0,0	8,4,4,3,4,6,6,2,2,4	299	75
11	0,1,0,0,0,0,0,0,0,2	9,5,10,5,6,9,5,7,2,7	1,0,1,0,1,1,0,0,0,1	5,4,3,7,8,7,7,8,9,7	249	75
12	28,37,37,41,31,20,23,29,35,38	2,3,3,2,1,0,0,1,2,2	38,34,32,34,47,27,24,34,26,18	1,0,1,1,0,2,2,1,2,1	484	75
13	90,80,94,122,67,76,72,101,80,93	0,3,2,0,1,5,1,2,1,0	99,49,34,87,102,56,70,74,103,168	2,1,0,0,2,0,3,0,1,0	1699	75
14	2,4,9,3,7,2,5,4,4,1	135,167,157,178,166,147,154,143,174,188	8,7,3,3,3,4,3,2,3,3	128,147,119,163,170,180,164,141,173,157	579	75
15	0,1,0,0,0,0,0,1,0,0	49,40,45,53,56,30,45,43,36,49	0,0,0,0,0,0,0,0,0,0	51,39,27,36,33,40,46,28,27,40	303	75
16	15,15,19,12,10,17,13,25,14,17	2,2,0,1,0,1,1,0,2,0	7,7,22,8,17,11,10,11,17,23	1,1,0,0,1,1,1,0,0,3	150	75
17	697,836,827,887,732,551,691,645,757,849	1,6,5,1,4,7,2,4,2,5	808,737,715,687,837,740,918,702,665,591	4,3,0,6,3,1,3,4,2,2	1502	75
18	1,2,0,0,0,1,2,2,4,2	120,154,128,130,135,73,86,105,115,126	0,2,1,4,1,0,0,0,1,1	94,111,103,124,129,124,144,106,94,86	380	75
19	1,3,5,6,3,1,8,7,8,8	490,562,528,557,473,528,425,438,486,581	10,6,7,9,3,3,6,3,10,12	458,533,478,479,534,504,502,475,507,586	380	75
20	0,1,6,0,3,1,2,3,4,0	602,761,687,784,637,728,669,666,637,868	3,0,1,1,5,1,2,1,4,2	631,747,647,707,741,713,792,710,809,854	260	75
21	38,27,45,31,21,27,32,26,36,43	749,900,843,893,756,890,711,728,736,997	22,30,20,15,38,19,25,24,47,56	763,814,671,838,857,781,965,851,791,954	293	75
22	5,5,3,5,8,1,7,5,4,4	0,0,0,0,0,1,0,0,0,0	6,4,7,6,5,3,6,3,1,2	0,0,0,0,0,0,1,1,0,0	170	75
24	1,0,2,3,2,3,0,0,0,3	6,3,8,11,8,3,2,6,6,5	7,1,0,1,3,3,0,2,1,4	11,8,4,5,5,8,7,2,2,3	453	75
25	3,5,2,5,1,1,3,4,2,1	6,7,6,9,9,0,2,1,6,4	3,4,1,3,2,1,1,1,2,4	8,7,5,4,3,2,9,5,6,3	215	75
26	3,0,0,0,1,0,0,0,1,0	8,5,8,3,2,3,3,3,4,5	0,1,1,0,0,0,0,0,1,0	10,4,1,4,6,3,7,3,1,2	209	75
27	4,1,0,3,1,1,2,0,1,1	55,36,54,55,45,48,40,52,58,51	1,3,1,0,2,3,2,0,3,1	60,41,41,50,53,36,43,35,55,48	230	75
28	15,8,14,15,12,14,20,15,15,21	2,3,1,2,1,0,1,3,5,2	16,14,7,8,23,12,15,20,23,15	0,1,0,1,3,1,1,4,3,1	303	75
29	15,8,14,15,12,14,20,15,15,21	16,18,15,19,14,22,17,16,22,13	16,14,7,8,23,12,15,20,23,15	14,29,21,15,25,12,20,19,22,24	306	75
31	7,7,2,10,3,4,4,4,7,0	316,351,333,347,340,402,337,460,403,394	9,5,5,3,7,3,7,4,11,13	404,322,346,373,420,344,469,419,453,433	156	75
32	0,3,0,1,0,0,0,0,0,0	62,73,58,79,69,64,54,66,58,68	2,0,0,0,1,1,0,1,4,0	71,54,54,74,67,58,75,61,57,72	162	75
33	2,0,0,0,0,3,0,0,1,0	9,7,6,9,5,6,2,7,8,7	0,0,0,0,2,0,2,0,0,0	2,6,6,5,7,5,5,6,5,6	220	75
34	5,9,5,11,10,7,7,5,5,6	5,5,8,2,4,12,5,3,1,9	9,3,6,5,7,6,11,9,11,6	8,2,1,3,3,7,4,2,8,6	288	75
35	0,1,1,5,7,0,0,1,1,0	89,73,55,74,75,85,71,85,58,85	3,1,3,0,1,1,3,2,3,4	71,72,65,81,66,61,59,59,87,87	282	75
36	1,0,1,5,1,1,1,1,1,1	3,0,2,0,0,1,1,3,1,0	1,1,2,0,2,1,1,2,7,2	2,1,2,1,0,3,2,1,2,3	301	75
37	1,1,4,5,1,3,2,5,3,0	1,0,0,1,1,2,0,0,3,0	1,1,0,2,1,0,2,5,7,6	0,1,3,0,2,0,2,0,0,0	169	75
38	18,13,14,11,8,10,14,12,10,10	44,49,33,49,43,38,36,54,58,50	17,4,11,2,19,9,10,16,11,7	37,50,40,48,77,45,43,44,65,58	1603	75
39	37,51,41,51,35,28,23,38,34,51	0,2,1,1,2,2,1,1,0,2	56,34,32,28,47,32,34,31,49,58	2,0,0,1,0,2,0,0,3,2	559	75
40	39,29,19,43,37,20,27,24,21,27	176,205,236,273,230,198,197,219,186,250	33,18,18,22,29,23,25,33,32,46	217,229,204,210,206,197,251,217,244,210	265	75
41	12,11,6,18,12,9,11,11,12,8	1,4,0,4,1,4,6,1,1,3	15,6,8,9,14,4,10,6,19,18	5,1,3,4,2,2,4,4,1,3	646	75
42	5,6,8,7,6,4,2,9,4,5	0,0,0,0,0,0,0,0,0,0	5,5,5,7,2,3,3,5,10,4	1,0,0,0,0,0,0,2,0,0	415	75
43	5,10,16,10,11,10,16,7,7,12	124,140,143,173,159,139,120,129,131,171	17,7,2,6,6,4,5,12,9,11	144,134,129,136,154,140,144,144,158,153	169	75
44	0,0,1,1,1,2,1,0,3,4	13,1,5,2,2,1,3,0,2,9	0,0,1,0,1,2,1,0,2,0	4,2,3,1,2,9,8,0,7,0	1451	75
47	177,178,188,258,151,152,129,167,174,165	7,4,2,2,6,3,6,4,1,3	193,97,109,96,225,112,100,104,145,144	9,11,6,4,3,4,4,3,3,6	3457	75
48	36,35,50,40,31,34,30,37,31,43	0,0,0,0,0,0,1,0,0,0	49,33,20,25,49,32,47,34,47,50	0,0,0,0,0,0,0,0,0,0	226	75
51	2,6,1,3,1,1,4,1,1,3	23,31,17,30,27,10,17,26,21,17	7,2,2,2,2,0,0,0,5,7	14,26,17,14,19,25,27,11,9,16	565	75
52	38,31,48,42,28,25,34,13,17,14	41,39,56,42,55,38,23,37,38,50	42,29,15,35,55,25,33,20,22,18	69,40,49,39,65,39,60,27,62,52	631	75
53	1,0,0,0,0,0,0,0,1,0	12,13,13,8,12,8,7,11,9,11	1,1,0,0,0,0,3,0,0,0	10,4,6,7,18,11,13,13,8,7	459	75
54	5,7,13,9,12,6,4,7,3,8	376,387,421,447,434,397,343,375,348,429	5,15,9,7,10,1,8,3,9,8	393,395,420,433,385,345,451,353,390,393	280	75
55	4,5,8,4,5,5,3,5,8,9	220,256,255,232,206,232,185,203,219,251	6,4,0,5,4,5,7,8,9,6	220,235,252,249,224,210,282,244,260,265	160	75
56	0,0,0,0,0,0,0,0,0,0	221,251,284,249,258,150,164,192,203,222	0,0,0,0,1,0,0,0,0,0	244,230,156,189,280,244,265,181,189,115	155	75
57	1,0,0,0,1,1,1,1,0,2	183,172,176,166,148,131,111,134,129,121	1,0,1,0,5,1,0,1,0,1	166,131,118,132,166,159,198,132,144,81	283	75
58	0,0,1,1,0,0,0,3,1,1	22,15,22,22,19,14,14,15,13,20	1,2,5,2,0,0,1,0,0,6	12,11,13,14,16,19,8,13,13,9	221	75
60	4,1,11,11,9,7,5,2,4,3	27,28,27,32,21,19,29,28,15,25	12,2,2,2,7,4,6,3,7,3	22,22,10,27,25,29,21,29,30,24	1025	75
61	1,1,1,1,0,0,2,0,2,1	26,24,20,19,24,12,24,34,27,22	1,0,0,1,0,0,1,0,0,4	29,22,22,34,23,28,21,16,22,11	148	75
62	2,4,4,6,6,3,2,3,2,3	0,2,0,0,0,0,0,0,0,2	5,1,5,1,4,3,2,0,7,5	0,0,0,0,0,0,0,0,1,0	168	75
63	59,65,57,84,61,63,51,59,54,80	0,1,0,1,0,0,1,0,2,1	67,41,64,50,81,77,97,56,85,66	0,2,0,0,0,0,2,0,0,0	169	75
64	5,3,3,3,2,1,2,5,2,3	5,6,9,10,1,6,3,3,3,5	2,0,1,3,3,1,4,4,7,3	3,4,5,1,5,4,3,4,8,7	1257	75
66	3,4,0,3,0,1,2,1,2,3	32,39,31,33,38,26,20,26,30,35	3,0,1,0,3,1,1,1,3,1	32,32,41,33,39,33,36,27,23,17	279	75
67	6,13,9,15,12,10,11,9,9,7	0,0,0,2,1,1,0,1,0,1	10,8,12,4,20,9,9,7,19,9	1,1,0,0,0,0,3,0,1,0	2205	75
69	0,0,0,1,0,0,1,1,0,0	2,0,0,0,3,3,0,5,1,1	0,0,0,0,0,1,0,0,0,0	2,2,3,1,1,0,1,2,2,2	155	75
70	0,0,0,0,0,0,0,0,0,0	0,0,0,0,1,0,0,0,0,3	1,0,0,0,0,0,0,0,0,0	0,0,0,0,0,0,1,0,1,0	173	75
71	1,0,2,0,0,1,2,0,0,0	1,0,0,0,0,0,0,0,0,0	0,0,0,0,0,2,0,0,0,0	0,0,0,1,1,0,0,0,0,0	147	75
72	11,19,16,10,23,22,5,9,16,20	6,5,8,7,3,13,2,7,8,7	22,12,10,11,20,14,19,16,17,19	7,3,0,9,5,6,5,4,8,4	203	75
74	4,3,6,6,3,7,0,3,9,3	24,19,31,22,19,11,18,27,19,23	8,8,13,6,3,3,6,11,6,1	26,25,17,25,19,21,25,19,26,29	823	75
77	2,5,3,4,3,1,4,4,5,2	103,136,122,131,99,104,105,99,86,142	3,1,1,0,5,2,0,1,5,5	115,127,135,144,131,125,135,119,151,143	530	75
79	0,0,0,2,0,0,0,0,0,0	2,1,2,1,2,2,2,1,0,0	0,0,0,0,0,0,0,0,0,3	4,3,0,2,4,2,0,1,1,2	159	75
80	1,0,0,2,0,0,3,4,2,0	1,0,1,1,2,2,2,2,0,0	1,2,1,1,1,0,0,2,3,0	1,1,1,1,3,2,0,1,2,2	287	75
82	3,1,0,2,0,1,2,2,1,2	1096,1188,1256,1275,1154,1412,1145,1336,1233,1419	2,3,0,2,1,0,1,4,5,2	1129,1145,1248,1254,1274,1185,1381,1182,1474,1632	832	75
83	0,1,0,0,0,1,2,0,1,0	6,5,3,2,4,7,2,3,5,4	0,1,0,0,1,0,1,0,0,0	3,2,4,8,5,2,5,4,2,0	202	75
84	0,1,0,0,1,0,0,0,0,0	9,12,6,13,8,12,10,3,4,9	1,1,0,2,1,0,0,0,2,0	2,6,6,6,9,6,9,5,5,6	180	75
85	28,23,17,31,20,18,22,23,24,17	4,1,3,1,0,4,0,3,1,3	19,15,25,26,41,20,21,31,21,31	2,2,0,2,1,1,3,1,2,3	246	75
86	0,0,1,1,1,0,0,0,2,0	19,17,19,30,18,15,22,27,15,35	1,0,2,1,0,1,2,1,0,1	20,21,23,20,25,18,27,29,36,39	241	75
87	1,0,1,2,0,0,3,1,1,0	22,33,24,23,21,20,22,22,17,31	0,4,1,0,0,0,1,0,2,0	33,22,24,29,29,20,32,28,25,45	190	75
88	5,5,8,7,4,18,14,14,10,14	0,0,0,0,0,0,1,1,0,0	5,8,15,12,6,6,7,7,15,15	0,0,0,0,0,0,1,0,0,0	221	75
90	0,4,3,0,0,0,0,2,1,0	39,28,33,44,50,24,32,26,24,47	1,0,1,0,0,0,1,0,0,0	48,36,39,33,38,39,41,36,41,40	413	75
94	1,0,0,0,0,0,0,1,0,0	8,2,4,3,5,3,2,3,4,7	0,0,0,3,0,0,0,0,0,0	3,2,2,7,3,5,6,1,7,1	173	75
95	11,8,8,10,9,3,8,9,11,4	9,7,7,10,9,1,9,7,9,9	7,11,7,1,8,8,4,3,6,19	8,8,8,4,6,10,13,10,5,8	443	75
96	15,20,18,16,16,19,18,21,16,29	3,4,1,1,4,1,1,3,0,2	16,21,18,18,15,23,24,14,19,22	4,0,4,1,1,4,4,6,1,2	189	75
97	4,1,6,1,3,4,1,6,3,5	99,130,91,107,76,96,74,101,93,122	4,1,1,4,4,2,2,2,0,2	114,93,89,104,85,96,123,100,86,144	1075	75
98	37,26,37,38,27,37,23,32,44,59	3,1,1,2,1,2,2,0,1,2	45,35,30,37,44,31,49,58,33,41	1,1,1,1,0,0,1,1,1,0	1102	75
100	6,1,4,10,4,4,8,4,5,1	17,20,27,14,26,19,15,11,14,13	5,6,7,8,4,0,5,6,5,3	11,9,19,31,20,16,15,17,18,15	335	75
101	4,4,4,9,8,4,10,5,1,6	142,158,172,197,145,198,152,194,178,200	5,4,2,7,9,7,11,3,10,10	179,184,171,178,178,174,217,183,193,211	705	75
102	1,1,3,3,1,1,0,0,0,2	125,135,156,120,117,160,134,169,119,165	1,2,0,0,0,0,1,2,1,3	127,136,175,158,162,138,175,131,147,169	178	75
103	2,3,1,1,2,0,1,3,1,2	19,26,22,40,21,29,17,13,27,20	2,0,1,0,3,0,1,1,6,1	19,22,14,37,32,26,37,26,29,26	263	75
104	2,4,2,6,3,2,4,2,5,3	26,23,23,17,30,19,16,25,26,28	4,3,7,6,6,4,5,4,4,8	20,22,14,23,31,16,23,22,36,20	250	75
105	3,6,7,8,2,2,10,9,4,6	30,20,20,21,28,35,13,23,20,25	10,5,4,3,10,3,4,3,6,12	11,14,17,16,23,18,25,16,24,27	315	75
106	2,6,7,7,2,2,10,9,3,4	0,0,0,0,0,0,0,0,0,1	5,5,4,2,8,2,4,3,6,11	0,0,0,0,0,0,0,0,0,0	217	75
107	5,3,2,5,2,6,5,5,2,3	22,19,26,19,25,26,19,22,14,29	4,3,2,4,7,0,1,2,3,3	24,21,26,17,21,15,21,21,31,38	211	75
108	61,40,45,45,42,41,42,38,55,33	4,1,2,3,3,0,2,3,5,5	37,54,53,48,67,51,50,27,26,39	4,5,4,3,6,2,3,3,1,3	198	75
109	1,0,2,1,0,1,0,0,1,4	6,9,4,4,5,0,0,7,4,4	1,0,2,0,3,2,2,1,3,3	3,4,2,5,7,1,1,3,5,9	406	75
110	0,0,0,0,0,0,0,0,0,0	3,5,3,4,5,4,4,8,1,5	0,0,0,0,0,0,0,0,2,0	2,7,7,3,2,6,2,4,8,3	159	75
111	1,2,3,1,1,2,2,4,2,2	68,60,66,76,76,71,71,72,58,75	0,1,2,2,2,0,4,2,6,4	76,82,58,65,73,61,68,57,85,87	153	75
112	243,239,247,264,236,289,276,249,260,291	8,8,4,7,10,7,5,7,5,6	243,286,279,283,241,264,283,274,329,344	7,4,3,12,5,11,2,10,5,5	189	75
113	3,4,5,11,7,7,4,3,3,10	298,365,379,408,329,419,357,362,349,422	4,6,2,2,6,1,9,4,4,3	394,381,378,415,385,422,391,355,441,490	738	75
114	85,105,119,118,95,67,89,122,96,113	2,1,0,1,1,0,0,2,1,1	92,88,89,110,119,106,122,127,114,99	1,1,0,0,0,1,4,0,1,0	437	75
115	9,9,7,6,6,5,3,6,12,5	92,105,91,130,80,98,88,81,92,105	11,3,2,0,3,6,4,3,6,8	98,86,101,80,89,102,92,77,112,104	481	75
116	3,2,0,0,1,0,0,2,1,0	28,39,32,31,23,32,29,36,31,26	0,0,0,3,0,1,3,1,1,3	26,30,29,26,31,20,34,27,34,37	305	75
117	53,70,76,59,59,62,48,48,68,36	129,160,127,141,122,152,114,156,97,175	52,48,53,48,57,60,62,45,47,69	120,119,117,112,120,135,121,123,155,162	1493	75
118	135,123,120,124,121,178,128,129,136,130	32,30,34,29,42,36,41,34,30,34	125,122,118,128,128,115,142,128,141,194	42,29,37,33,48,41,31,39,31,33	1563	75
119	128,122,119,121,119,168,121,123,127,127	0,1,0,0,0,0,0,0,0,1	120,119,113,123,124,114,135,125,138,190	0,0,0,0,0,0,0,0,0,1	1543	75
120	0,0,1,1,0,0,0,0,0,1	39,49,43,53,42,48,35,46,31,43	1,0,0,0,0,0,1,1,2,0	42,45,40,54,47,57,44,51,47,28	162	75
121	2,0,0,0,1,1,1,0,1,0	27,40,38,22,30,17,19,23,23,25	1,2,0,0,1,0,1,2,2,0	29,29,28,38,36,26,46,25,34,33	162	75
122	7,0,7,5,2,1,1,4,0,1	25,38,32,23,26,32,12,27,20,22	2,1,2,1,2,2,5,0,1,4	29,34,22,41,21,28,27,25,19,23	592	75
123	1,0,0,0,0,1,1,0,0,1	37,29,32,44,52,29,22,30,26,45	0,1,0,0,0,0,1,0,0,1	30,32,42,36,39,26,41,39,40,41	169	75
124	4,2,1,3,1,0,2,4,1,1	35,47,46,40,36,33,26,34,32,45	3,2,1,1,3,1,1,0,4,1	38,29,38,57,31,34,33,35,45,46	330	75
125	42,48,36,26,28,25,22,30,30,25	0,0,0,0,0,0,0,0,1,0	36,28,36,38,36,26,35,37,40,40	0,0,0,0,0,1,0,0,0,0	544	75
126	0,2,0,0,0,0,1,1,1,0	40,41,47,41,45,51,28,43,46,38	0,0,0,0,0,0,0,0,0,2	54,52,42,50,55,28,46,62,51,59	160	75
127	0,0,0,0,0,0,0,0,0,0	2,5,3,4,0,5,1,5,2,4	0,2,0,0,0,0,0,0,0,0	3,4,5,8,1,1,2,2,2,3	194	75
128	9,13,10,11,5,14,9,25,13,14	0,0,0,0,0,0,0,0,0,1	9,8,17,4,17,9,22,14,14,4	0,0,1,0,3,0,1,0,0,1	591	75
129	2,0,0,1,0,0,0,0,0,0	0,0,4,0,1,0,0,0,0,0	0,2,0,0,0,0,0,0,1,1	0,0,0,0,0,2,0,0,0,0	160	75
130	0,1,1,0,0,0,0,0,0,0	0,0,0,0,0,0,0,0,0,0	0,0,0,0,0,0,1,0,0,0	0,0,1,0,0,0,2,0,0,0	152	75
131	0,0,0,1,1,0,0,0,0,0	0,0,1,0,0,2,0,1,0,1	0,0,1,0,0,1,0,0,1,2	1,0,1,0,1,0,0,0,1,1	362	75
132	0,3,4,2,1,0,0,0,1,0	4,8,0,2,1,2,2,2,2,1	1,1,0,0,1,0,1,0,0,1	2,2,1,0,1,2,1,0,0,1	555	75
133	0,0,0,1,0,0,0,0,0,0	1,3,2,2,1,2,3,2,2,3	0,0,0,0,0,0,0,0,1,1	1,2,2,5,0,4,4,0,3,2	530	75
134	0,0,0,1,0,0,0,0,3,0	2,2,3,2,2,1,3,2,3,3	3,0,0,0,0,0,1,0,0,0	3,4,5,4,2,1,4,4,0,1	386	75
135	0,1,0,0,0,0,0,0,0,0	67,74,73,75,72,49,73,78,51,62	0,0,0,0,0,0,0,0,0,0	81,63,92,78,92,78,64,56,77,52	236	75
136	14,24,37,68,38,24,33,42,37,8	1,4,0,5,1,4,1,5,3,2	49,29,63,30,47,41,34,14,15,38	3,1,4,1,5,2,2,2,4,5	699	75
138	5,2,6,5,6,5,8,6,5,6	0,0,0,0,3,0,2,0,0,0	5,5,5,3,10,6,4,7,9,16	0,2,2,0,0,1,0,0,0,0	160	75
139	5,4,9,8,11,5,11,10,6,10	6,7,8,6,11,5,3,7,7,7	7,6,6,3,10,7,7,8,12,27	9,9,5,6,5,5,4,7,10,5	186	75
141	42,30,43,47,36,35,26,28,31,40	46,42,38,44,30,33,31,24,38,41	43,39,36,38,42,35,35,28,49,42	38,26,31,29,27,23,48,26,34,42	195	75
142	26,33,28,32,22,4,15,12,19,13	0,1,0,1,0,0,0,0,1,1	30,22,25,22,34,27,32,18,8,7	1,0,0,0,4,1,0,0,0,0	201	75
143	56,69,94,97,69,45,67,73,62,79	135,146,155,131,145,111,106,141,127,135	63,38,47,49,85,54,54,55,89,98	148,118,122,147,138,142,150,130,153,114	898	75
144	4,5,3,7,1,2,9,2,3,7	139,173,172,158,167,150,124,165,124,137	13,1,4,3,5,2,5,4,8,7	155,140,180,140,133,167,153,172,139,170	242	75
146	12,17,24,11,14,16,12,17,15,22	0,0,0,0,0,0,0,0,0,0	16,11,16,16,19,18,15,13,12,17	0,0,0,0,1,0,0,0,0,2	684	75
147	1,0,1,0,2,0,0,0,0,1	57,38,27,3,22,6,3,30,30,22	0,0,0,0,0,0,0,0,0,0	10,1,5,14,1,5,42,3,3,2	155	75
148	17,22,27,18,14,26,28,15,13,17	51,59,56,51,35,44,45,48,67,62	16,17,14,27,19,10,14,15,23,25	65,93,45,49,66,58,64,42,67,64	2193	75
149	2,1,5,8,10,2,5,3,5,7	49,39,52,62,53,38,59,33,48,58	1,1,4,1,2,2,11,0,4,2	72,49,52,48,68,72,60,40,31,43	2134	75
151	4,4,5,2,2,2,4,3,4,0	142,152,130,186,134,174,135,147,172,158	2,0,2,2,6,1,3,0,3,2	166,142,107,142,163,124,162,141,161,217	195	75
152	15,12,14,16,8,7,15,9,13,22	36,37,43,48,52,30,41,30,47,50	14,8,8,9,15,7,13,14,16,16	46,49,33,51,51,49,55,38,48,43	1677	75
153	32,37,42,51,59,51,52,43,41,46	0,1,0,0,0,0,0,0,0,0	52,34,33,49,39,31,39,31,49,59	0,0,0,0,0,0,0,1,0,0	1187	75
155	28,31,31,43,27,41,27,42,25,22	11,6,7,7,9,19,5,9,8,9	24,18,37,34,34,34,30,36,28,41	20,14,5,16,2,6,12,9,8,10	953	75
156	31,34,38,46,31,47,27,47,29,26	3,2,0,1,0,1,2,1,1,2	29,22,43,47,36,38,37,40,32,49	3,2,1,3,6,1,4,1,3,5	966	75
157	4,2,3,5,4,3,8,7,3,2	26,30,35,29,27,26,21,27,26,30	2,7,1,1,2,2,2,3,0,1	37,14,31,29,31,22,31,19,30,38	821	75
158	2382,2522,2635,2793,2116,2643,2451,2556,2436,2648	52,71,56,80,60,62,48,51,59,50	2471,2582,2698,2609,2530,2613,2794,2380,2764,2973	49,58,66,53,66,50,62,52,56,58	190	75
160	3,2,2,1,2,0,2,4,2,6	25,29,41,29,19,24,27,26,24,20	1,2,1,0,1,2,2,2,1,1	26,27,23,43,22,24,24,26,28,29	162	75
161	6,3,4,9,10,6,8,6,5,6	32,42,41,33,34,38,23,29,45,36	7,2,2,4,5,6,4,5,4,13	39,42,34,35,27,32,33,42,32,42	219	75
162	1,0,2,1,0,0,1,2,0,0	33,25,23,23,31,15,15,27,32,33	1,0,1,2,0,0,0,0,1,0	28,35,25,27,30,34,28,25,31,27	658	75
163	4,7,8,8,3,8,7,8,9,5	33,34,53,50,30,27,34,46,26,48	13,9,6,3,5,3,4,6,5,10	56,42,29,42,49,24,53,39,41,47	1301	75
164	13,5,9,12,14,9,2,7,5,5	36,60,49,31,45,51,35,32,44,66	15,3,2,10,8,5,9,5,8,9	51,41,49,39,60,55,47,44,43,37	1453	75
165	5,6,5,7,2,4,3,4,4,3	27,28,26,32,43,15,21,17,20,30	7,8,2,5,7,5,2,3,7,9	19,27,39,24,22,27,39,40,28,28	972	75
166	3,5,6,8,3,2,4,2,10,2	1,4,6,0,2,5,1,0,3,2	4,5,3,9,4,1,6,3,3,0	4,3,2,3,0,0,5,2,2,1	348	75
167	18,21,24,27,15,15,21,20,23,16	0,0,0,0,0,0,0,0,0,0	18,29,17,34,33,13,28,14,18,14	0,0,0,0,0,0,1,0,0,0	643	75
168	28,32,38,37,24,16,25,32,40,25	0,0,0,0,0,0,0,1,0,0	30,36,22,44,46,24,42,21,28,24	0,0,0,0,0,0,2,0,0,0	810	75
169	0,0,1,0,0,2,0,0,0,0	7,5,8,1,2,6,3,1,2,3	1,0,0,0,1,0,0,1,2,1	6,3,5,4,2,6,6,2,9,4	538	75
171	12,15,12,20,7,15,16,5,12,16	329,370,389,416,369,345,372,298,356,427	13,2,7,18,10,10,15,7,15,26	334,386,346,393,359,398,426,380,411,449	384	75
172	0,1,0,0,1,0,0,1,1,1	68,75,54,49,56,58,46,80,74,49	0,2,0,0,1,0,1,1,4,1	60,62,60,80,67,57,76,62,58,68	512	75
174	4,0,0,2,1,2,2,4,4,1	31,20,34,26,36,17,28,22,34,37	8,0,2,1,4,1,2,1,2,0	48,47,43,20,33,26,50,25,37,43	311	75
176	2,0,0,0,1,4,3,2,3,0	4,1,4,4,6,0,3,5,4,2	1,0,1,2,1,0,2,3,3,2	3,2,0,1,1,2,3,6,4,2	223	75
179	36,33,71,68,52,29,51,44,49,43	5,6,9,8,7,4,11,7,6,7	44,29,45,45,54,56,49,39,43,32	9,5,4,7,12,4,6,8,7,5	171	75
181	2,1,3,2,1,2,1,2,3,1	25,26,28,27,19,22,13,26,19,19	2,4,1,0,3,0,4,0,3,0	31,30,18,22,24,27,25,16,36,23	261	75
184	160,203,180,222,169,258,176,185,167,238	1,4,1,0,1,1,2,4,1,2	210,230,202,234,191,194,194,220,295,329	1,0,1,2,2,1,1,0,3,4	193	75
186	1,6,3,2,8,2,0,6,1,3	34,44,55,49,43,39,27,29,37,55	2,6,1,4,7,1,2,3,3,1	51,33,38,32,60,27,44,33,39,35	1017	75
187	3,2,3,4,1,1,2,1,5,4	83,118,106,99,101,88,88,95,92,112	3,0,1,0,2,2,1,1,3,3	81,110,109,100,119,122,124,99,118,139	343	75
188	34,31,35,35,39,19,37,27,32,30	1,0,0,1,0,0,0,0,0,0	38,24,21,21,40,25,28,27,54,43	0,0,0,0,0,0,2,0,1,0	672	75
189	22,10,16,17,21,9,20,13,15,14	79,83,96,79,96,103,62,87,72,97	16,11,12,10,18,11,16,10,30,26	104,79,82,69,98,98,86,68,104,99	324	75
190	17,9,13,13,14,6,16,11,13,9	0,0,0,0,0,0,0,0,0,0	12,8,7,9,16,10,12,4,14,15	0,0,0,0,0,0,0,1,0,0	229	75
191	46,38,37,40,25,38,35,33,29,25	121,110,107,111,98,99,98,79,92,101	31,24,26,29,38,19,28,19,53,50	107,101,94,100,100,118,106,95,97,88	452	75
192	6,1,8,8,8,6,3,7,7,4	0,0,0,0,0,0,0,0,0,0	7,6,8,7,8,4,9,10,13,7	0,0,0,0,0,0,0,0,0,1	199	75
193	6,4,9,9,11,9,5,8,8,8	2,6,1,4,8,4,6,5,7,11	7,12,9,7,11,5,11,11,15,11	8,9,5,3,7,8,3,7,8,17	230	75
194	36,38,34,39,28,37,33,39,33,29	0,1,1,0,0,0,0,0,0,1	33,40,42,44,35,37,36,55,54,62	1,0,2,1,0,0,0,0,1,1	161	75
195	1,0,0,1,1,2,4,0,0,0	0,1,1,1,0,1,0,0,2,3	0,1,0,0,0,1,0,0,0,0	0,0,0,4,3,0,1,0,0,1	410	75
196	5,4,0,6,2,0,0,0,2,3	179,172,186,186,157,174,154,164,191,235	7,0,3,1,2,2,0,2,3,1	188,174,192,152,188,212,220,195,209,201	227	75
197	3,6,3,2,1,1,2,1,4,1	150,140,160,143,132,102,111,117,125,155	5,2,1,4,3,0,6,0,8,5	157,159,128,143,139,144,139,126,146,147	303	75
199	1,7,5,1,2,2,1,2,1,0	248,258,284,249,249,223,209,203,258,268	1,2,3,1,1,1,2,2,1,1	260,257,225,246,253,234,281,248,254,245	155	75
200	0,0,1,1,0,0,1,0,0,0	10,9,6,14,11,5,9,9,10,7	0,0,0,0,0,0,0,0,0,0	14,12,8,17,12,12,11,6,2,9	1186	75
202	0,2,1,1,2,1,0,0,3,1	2,1,0,0,3,0,0,0,2,1	0,3,0,2,2,5,1,1,4,2	0,0,0,1,0,3,1,0,0,1	173	75
203	1,2,2,0,0,2,0,1,1,0	91,117,117,116,104,106,81,96,97,106	1,0,0,0,2,0,1,1,5,1	113,122,84,129,120,120,151,103,112,108	1349	75
204	1,2,2,1,2,0,1,0,1,2	18,23,21,19,15,26,10,18,22,24	3,1,1,0,2,0,1,0,1,2	19,20,20,17,18,16,23,29,16,26	363	75
206	2,2,1,2,5,2,3,1,2,1	24,27,16,26,24,25,20,27,29,19	0,2,0,0,2,0,0,0,0,2	22,16,15,17,20,26,21,19,16,26	721	75
207	2,0,1,0,2,0,0,0,0,0	33,31,32,24,27,16,26,19,29,22	1,1,0,1,1,0,1,0,2,2	28,28,12,34,29,31,32,16,24,26	149	75
208	1,0,3,2,0,2,3,1,1,1	55,51,51,65,68,69,73,66,62,64	3,2,2,3,2,1,1,1,3,3	53,54,52,56,59,38,65,58,75,97	142	75
209	1,4,0,0,2,0,0,2,2,1	30,26,30,39,23,24,27,26,24,32	1,0,0,0,0,0,0,0,1,5	30,27,31,23,29,31,28,26,34,35	260	75
210	27,25,21,18,15,22,10,14,27,20	0,0,0,0,0,0,0,0,0,1	26,27,28,24,21,19,19,17,14,31	0,0,0,0,0,0,0,0,0,0	290	75
211	4,3,4,3,1,8,1,5,4,3	51,36,56,37,34,47,38,32,38,52	3,2,1,3,4,5,2,4,0,1	50,36,32,40,46,44,50,38,47,52	163	75
212	24,32,36,42,34,21,15,27,27,32	41,46,32,42,37,25,25,41,36,50	34,37,24,14,39,24,29,29,22,31	46,31,22,48,39,34,49,39,43,23	800	75
213	85,112,103,117,102,70,66,81,90,98	0,0,0,0,0,0,0,0,0,0	104,90,74,74,93,79,115,73,85,79	0,1,0,0,0,0,0,0,0,0	1035	75
214	5,3,7,10,11,4,4,3,3,4	23,38,35,23,31,23,26,33,24,36	7,4,7,6,6,6,6,7,6,10	30,18,32,34,27,34,50,40,20,17	164	75
215	0,0,0,0,0,0,0,0,1,0	7,4,6,4,12,0,5,2,1,7	2,0,0,0,1,0,1,0,1,0	3,3,4,7,3,7,4,3,2,1	1408	75
217	3,3,3,3,3,2,5,3,4,1	1,5,4,5,2,3,2,4,4,1	6,0,2,2,9,0,2,1,7,8	5,0,4,1,10,4,3,5,0,2	305	75
218	1,1,1,0,2,2,2,4,3,1	11,5,10,5,8,6,1,7,6,6	2,0,0,2,0,1,4,0,0,0	4,1,0,1,3,9,3,0,7,4	1025	75
220	10,6,8,9,13,7,3,5,5,6	4677,5223,5385,5494,5071,5533,4809,4791,4893,5839	7,5,7,3,12,4,7,10,10,12	4966,5220,5230,5492,5248,5469,5795,5316,5824,6251	155	75
221	1,4,1,1,0,1,4,0,3,0	25,30,28,38,25,19,31,29,29,38	2,1,2,2,1,1,2,0,0,1	31,37,27,38,29,32,29,24,21,24	591	75
222	34,47,32,46,40,54,37,35,48,49	67,81,81,80,72,99,65,56,90,87	47,43,57,52,47,74,40,64,50,94	80,89,104,105,55,88,111,90,103,129	173	75
223	34,47,32,46,40,52,37,35,48,49	8,9,7,4,5,9,9,9,8,6	47,43,56,52,47,74,40,63,50,94	9,8,9,15,13,10,7,10,13,14	168	75
224	4,6,6,3,3,8,4,7,5,3	39,52,59,60,63,54,44,50,51,53	15,1,3,1,20,4,3,5,8,5	69,36,54,42,72,48,66,60,48,47	225	75
225	10,12,11,8,11,4,8,5,7,6	0,0,1,1,0,0,1,1,0,0	13,10,7,8,9,5,10,5,9,13	1,1,0,1,0,0,1,0,0,1	167	75
226	12,13,16,13,15,6,13,10,7,11	47,63,60,46,41,53,38,41,44,40	23,12,9,12,16,7,17,8,14,21	36,39,51,47,51,38,56,49,39,53	349	75
227	2,3,5,5,4,2,6,5,1,7	2,1,1,4,1,0,0,0,2,1	10,3,2,5,8,2,9,4,5,8	0,0,0,2,2,1,2,0,0,2	213	75
228	5,1,2,1,6,3,3,2,8,1	48,55,62,67,56,68,58,59,62,71	3,1,1,3,5,2,2,1,3,3	63,56,50,56,67,68,66,58,64,83	896	75
229	2,1,2,0,0,1,1,2,1,3	11,16,15,21,14,14,19,10,15,11	0,1,0,0,0,1,0,1,0,0	25,19,13,20,27,16,16,11,12,14	194	75
231	51,32,30,46,31,37,43,44,26,45	4,0,2,0,2,4,1,1,1,2	41,34,36,39,33,26,41,23,34,36	0,3,0,2,0,2,1,1,0,4	387	75
232	55,35,31,49,32,37,48,44,30,49	6,8,11,7,10,7,9,7,7,8	44,35,38,41,37,27,42,23,35,37	6,9,4,6,8,9,2,7,14,11	418	75
233	10,11,10,10,15,5,5,14,6,6	9,8,8,9,7,8,7,5,6,5	6,6,6,8,14,7,6,8,14,9	4,4,7,6,3,10,4,8,10,10	279	75
234	10,14,13,11,12,10,16,11,5,7	10,18,16,13,12,13,11,9,9,13	22,6,9,5,8,7,12,13,7,10	14,9,12,6,12,7,13,6,23,18	215	75
236	1,1,1,0,0,0,0,1,0,0	18,15,15,19,20,2,12,16,15,17	1,0,0,0,0,1,0,0,0,0	16,16,14,12,19,18,32,6,14,7	1218	75
237	0,1,1,1,1,0,1,0,0,0	67,60,51,63,54,68,47,69,59,62	0,2,1,0,0,1,0,0,0,3	62,53,40,37,55,54,58,52,55,58	500	75
238	0,0,2,0,0,0,3,1,3,0	1,0,1,1,2,0,4,0,0,1	0,1,0,3,4,0,2,1,4,2	4,3,4,3,6,2,1,1,4,1	1142	75
241	234,254,236,283,261,270,219,255,229,333	6,10,5,7,7,5,8,8,10,7	250,251,212,237,251,218,252,215,308,353	11,4,4,4,3,5,10,7,10,7	2171	75
242	77,66,72,84,68,58,53,60,54,93	158,201,185,201,202,215,198,201,200,217	90,45,26,43,79,38,58,42,88,95	167,205,173,167,203,195,219,228,200,232	2098	75
243	1,0,2,0,0,1,1,1,0,0	0,0,4,2,1,1,0,2,0,0	3,1,0,0,1,1,0,0,0,0	0,0,0,0,1,1,1,2,0,0	181	75
244	0,0,0,0,0,1,0,0,0,0	1,0,0,0,0,0,2,0,1,0	0,1,0,1,0,0,0,2,3,1	0,0,0,0,1,0,0,0,0,0	298	75
245	15,16,7,16,16,15,16,19,14,11	14,28,24,25,11,26,27,22,18,25	6,17,10,13,16,15,10,15,28,16	18,22,26,22,34,35,20,33,41,36	193	75
246	12,18,20,7,13,12,15,9,9,11	0,0,0,0,0,1,0,0,0,0	10,11,6,8,13,19,7,8,16,8	0,0,0,0,0,0,0,0,0,0	1628	75
247	2,1,2,4,0,1,0,0,1,0	2,1,1,0,0,2,0,1,1,2	0,0,1,0,0,0,0,0,3,4	0,2,0,2,2,0,1,2,0,3	179	75
248	3,2,2,4,4,1,0,1,1,1	0,0,0,0,0,1,0,0,0,0	1,0,1,0,0,0,1,1,4,4	0,0,0,0,0,0,0,0,0,0	353	75
249	0,1,0,0,2,0,0,0,0,1	0,2,1,2,1,1,1,1,1,0	0,0,0,0,0,0,1,0,1,0	3,0,1,1,0,2,0,1,1,1	146	75
250	2,0,1,0,0,1,1,0,0,1	0,2,0,0,1,0,0,1,0,0	0,1,0,0,0,0,3,0,1,1	1,2,1,2,1,0,0,5,0,2	361	75
251	3,8,4,9,7,4,2,5,5,3	108,111,97,134,105,34,69,72,70,87	8,3,4,3,8,6,8,2,5,1	111,87,90,94,122,111,125,101,68,55	1784	75
252	2173,2609,2708,2705,2487,1646,1976,2118,2275,2468	0,1,0,0,0,0,0,0,2,0	2501,2262,2144,2508,2958,2607,2831,2327,2278,1599	0,0,0,0,0,0,0,0,0,0	1245	75
253	5,4,4,10,7,10,8,4,7,6	366,390,392,418,403,404,368,371,380,433	11,3,7,7,10,5,9,2,9,6	402,382,389,437,428,355,448,411,422,444	1173	75
254	107,124,101,143,116,106,80,100,112,95	10,21,10,7,13,5,12,7,6,10	125,79,84,89,109,46,93,73,135,139	10,8,11,12,13,7,15,9,5,1	3130	75
255	83,100,114,127,75,113,84,86,101,92	0,1,0,0,0,0,0,0,0,0	115,80,81,86,97,73,101,47,90,96	0,0,0,0,0,0,0,0,0,0	1130	75
257	1,1,7,3,1,4,1,4,0,2	84,97,79,95,87,65,56,68,70,95	6,3,1,2,6,5,0,4,2,4	93,97,75,110,73,87,102,88,92,76	1182	75
258	0,0,1,2,3,0,1,2,0,2	2,1,0,1,1,2,0,2,4,2	0,1,0,1,0,0,2,0,0,1	1,0,1,6,0,1,1,1,2,3	160	75
259	5,3,5,8,1,2,4,2,5,2	98,91,102,129,109,118,113,128,128,127	2,5,2,6,4,3,2,2,2,7	124,118,114,129,123,89,114,114,118,126	209	75
260	6,6,6,6,1,9,5,6,5,6	10,18,17,27,18,9,22,20,12,17	4,1,7,7,7,2,3,4,9,3	18,19,16,14,22,6,20,22,19,17	311	75
261	0,2,0,0,2,0,1,0,1,0	34,27,30,24,19,23,18,19,31,30	2,0,1,0,2,0,0,0,1,0	25,22,13,23,21,25,26,26,20,34	189	75
262	0,2,0,0,0,0,3,2,0,0	6,4,5,6,5,3,6,4,1,3	3,0,0,1,1,1,3,1,0,2	4,4,6,1,5,4,6,4,2,2	150	75
263	6,3,1,7,4,3,4,4,6,8	1,2,1,3,0,1,0,0,2,0	2,6,4,5,6,5,6,1,0,6	1,1,1,0,3,1,3,0,2,4	188	75
264	9,6,13,21,13,9,7,6,14,9	44,48,44,42,44,49,35,35,33,38	9,10,4,7,8,8,6,5,16,12	42,38,38,41,54,37,45,31,34,34	421	75
265	4,6,8,13,7,7,9,8,5,2	59,52,46,55,39,70,41,42,45,69	7,7,4,6,11,6,12,4,19,13	40,40,51,72,48,47,53,37,42,49	388	75
266	3260,3462,3563,3633,3079,3860,3132,3427,3293,3850	39,40,46,45,36,91,36,63,56,62	3364,3350,3464,3476,3217,3382,3545,3187,3819,4247	54,45,55,51,34,48,64,39,62,63	497	75
267	3138,3342,3432,3514,2992,3745,3009,3313,3173,3709	11,12,14,11,11,19,11,12,8,14	3264,3222,3354,3366,3096,3279,3439,3072,3673,4084	9,9,14,8,10,5,13,13,18,18	478	75
268	3038,3244,3323,3388,2888,3630,2908,3192,3076,3570	14,11,17,11,9,17,11,14,7,14	3157,3120,3220,3268,3006,3159,3312,2965,3547,3926	6,16,11,13,11,11,14,7,11,14	456	75
269	4,5,5,8,8,1,0,4,4,2	528,516,472,572,529,569,488,496,471,544	4,3,3,0,5,5,3,6,4,4	509,503,495,517,465,533,521,497,580,562	260	75
270	0,0,2,1,0,1,2,1,2,0	8,13,18,21,9,7,4,10,9,15	1,0,1,1,1,0,0,0,1,1	7,11,11,8,10,6,5,13,6,5	207	75
271	5,3,2,6,8,2,4,5,5,8	1469,1720,1667,1888,1771,2016,1687,1794,1759,1934	3,2,5,8,5,7,7,2,8,8	1634,1769,1615,1798,1709,1775,1944,1747,2096,1910	188	75
272	2697,3553,3293,3385,3222,2770,2641,2989,2865,3031	152,175,167,169,153,143,145,154,154,162	3056,2812,3008,3005,3395,3120,3648,2938,2998,2838	163,143,171,161,185,140,198,168,170,142	112	75
273	1,1,0,4,1,1,4,2,0,1	2459,2879,2812,2895,2470,2299,2054,2339,2355,2456	1,0,1,2,0,1,1,1,3,0	2454,2430,2303,2663,2928,2622,3031,2537,2487,2232	220	75
274	4,6,6,8,4,15,2,8,5,10	0,0,0,0,0,0,0,0,0,0	6,6,4,6,5,12,3,13,9,13	0,0,1,0,0,0,0,0,0,0	764	75
275	10,13,10,11,3,19,5,10,2,10	0,0,0,0,0,1,0,0,0,0	7,9,9,8,8,9,7,12,7,7	0,0,0,0,0,0,0,0,0,0	220	75
276	2,5,3,3,3,7,1,0,0,0	11,12,8,10,10,10,7,9,8,13	3,0,0,2,2,2,0,2,4,1	18,6,5,6,8,4,5,7,15,14	155	75
277	758,806,835,845,769,582,552,706,649,703	4,3,9,6,2,2,4,6,7,2	837,741,651,757,867,798,847,643,628,449	1,6,2,5,4,5,2,1,3,2	238	75
278	2592,3078,3038,3223,2583,2516,2400,2657,2574,3062	79,70,79,74,76,55,64,60,79,90	2910,2658,2490,2724,3138,2754,3082,2581,2953,2452	84,71,88,61,67,66,82,68,90,61	2359	75
279	3,0,1,2,0,1,0,1,1,1	9,15,4,7,10,3,7,4,8,9	1,0,0,0,1,0,2,0,0,3	12,4,7,3,5,13,6,2,3,0	230	75
280	2,1,1,1,3,1,1,2,0,3	0,0,1,1,1,1,0,0,1,0	1,1,0,2,3,1,1,1,2,2	1,0,0,1,1,0,0,0,2,0	246	75
281	10,7,20,11,11,15,15,7,9,13	17,13,11,23,18,17,8,6,9,18	10,14,4,6,13,9,4,4,11,14	11,10,7,14,17,13,15,9,19,10	1854	75
282	49,49,35,64,45,40,36,32,43,57	0,0,0,1,0,1,0,0,0,0	64,39,57,57,52,51,62,39,48,47	0,0,1,0,2,1,3,0,1,0	149	75
283	42,31,47,45,21,27,25,24,34,36	1,1,3,2,0,0,0,0,1,0	52,20,39,25,40,16,29,32,46,23	1,1,0,1,0,0,2,0,1,1	1511	75
287	3,3,2,2,2,2,3,2,1,5	69,62,59,65,46,88,77,63,62,91	3,5,1,6,3,2,5,3,1,2	75,66,71,86,62,56,76,60,76,88	148	75
288	9,11,10,20,11,7,7,19,12,14	45,54,61,48,59,67,50,67,55,80	14,15,12,22,18,22,14,15,13,14	51,82,53,60,70,71,54,68,83,93	224	75
289	29,32,30,35,23,36,30,35,18,41	68,74,87,66,74,73,66,72,73,88	40,36,37,26,41,37,30,35,30,44	68,70,72,82,70,73,60,85,86,91	167	75
290	7,9,7,12,3,2,1,7,2,10	56,43,49,67,38,65,48,59,60,56	6,3,5,4,9,4,1,6,6,11	63,48,64,46,60,53,59,54,55,75	235	75
291	7,8,13,5,3,3,10,9,4,2	24,32,41,42,24,42,49,33,33,43	10,1,3,4,3,5,7,8,3,8	30,33,34,62,53,41,35,41,40,56	615	75
292	3,2,0,2,4,1,4,3,3,3	56,70,65,77,71,38,62,52,60,76	0,1,1,2,0,4,2,1,4,2	42,69,79,75,66,57,77,67,59,58	159	75
293	0,0,1,1,0,0,0,1,0,0	39,39,36,33,32,28,28,37,26,51	0,1,0,0,0,0,0,0,0,0	37,36,25,40,34,31,27,34,42,36	246	75
294	38,38,30,51,27,22,36,33,30,41	922,948,1044,1101,958,960,916,938,1002,1177	40,31,22,20,38,34,31,25,51,54	1037,950,917,969,1124,1081,1095,1018,1187,1139	482	75
295	12,9,8,13,13,11,8,13,10,13	0,0,0,1,0,0,0,0,0,0	13,6,15,8,10,8,9,10,24,13	0,0,0,0,0,0,0,1,0,0	1155	75
296	1,1,0,2,1,1,0,1,1,1	20,9,29,22,12,8,14,15,13,17	4,2,1,0,6,0,0,0,4,0	17,7,19,21,13,23,20,14,12,29	152	75
299	3,7,3,6,7,12,2,3,2,7	1,0,1,1,0,0,0,0,2,0	6,10,7,6,8,7,1,7,6,3	0,1,2,0,0,0,0,2,0,0	149	75
300	3,7,3,6,6,12,2,3,2,7	0,0,0,0,0,0,1,0,0,0	5,9,6,6,8,7,1,7,5,3	0,0,0,0,0,0,0,0,0,0	133	75
301	16,16,21,7,13,7,7,10,14,15	7,7,15,12,6,13,8,10,2,4	10,13,12,13,17,8,19,10,5,8	11,10,4,8,6,9,10,7,12,7	165	75
302	0,2,3,4,3,0,2,3,3,1	33,34,37,48,43,26,14,31,35,29	4,6,3,1,1,3,3,1,2,9	33,31,36,39,42,30,44,31,31,37	142	75
303	0,1,1,3,1,1,0,0,3,1	25,26,27,11,22,17,22,9,22,14	2,0,0,0,0,0,3,2,1,3	31,12,20,18,18,14,18,18,19,19	147	75
304	21,21,8,21,19,10,5,21,6,9	1,0,1,2,0,0,0,0,0,0	21,11,12,9,18,14,11,12,21,31	0,0,1,0,1,0,0,1,0,0	449	75
305	18,17,7,18,15,4,5,18,6,7	57,65,60,56,56,41,53,39,40,53	17,10,11,9,14,8,9,10,12,27	53,48,38,49,56,56,55,35,43,45	423	75
306	5,2,5,6,5,2,5,4,4,3	47,66,53,54,45,38,52,51,50,54	4,0,2,2,7,6,4,3,6,15	54,37,56,44,45,43,46,41,55,37	222	75
308	0,0,1,0,0,1,0,5,1,1	13,7,12,13,5,8,12,11,14,9	3,0,0,1,1,0,2,1,2,2	19,9,4,1,6,4,9,8,13,7	359	75
309	0,1,2,2,2,1,1,1,0,5	297,319,317,340,285,277,305,324,299,317	2,0,1,1,3,1,0,4,2,1	312,269,281,299,324,270,352,294,316,283	213	75
310	0,0,0,0,1,0,1,0,1,0	3,1,1,2,0,0,0,0,0,2	0,0,0,1,0,0,0,0,0,0	0,0,0,0,0,0,0,0,0,1	150	75
311	2,2,1,1,0,0,0,3,2,1	0,0,1,0,0,1,0,0,1,0	1,0,0,0,0,1,0,2,0,1	0,1,0,1,0,1,0,0,2,0	149	75
312	1,0,1,0,0,0,0,0,0,0	7,5,11,4,6,2,2,6,9,4	0,1,0,0,0,0,0,0,0,0	4,5,4,5,11,2,7,3,9,13	265	75
313	0,0,0,3,0,0,0,0,0,0	9,6,5,17,10,6,3,10,18,7	2,1,0,0,0,1,0,2,0,1	7,17,4,8,5,8,15,12,9,9	515	75
315	3,0,0,2,1,0,1,1,0,1	44,45,46,45,32,43,43,35,44,42	2,1,0,0,1,1,0,2,3,2	64,48,50,43,42,47,61,52,46,45	188	75
316	29,32,19,26,26,23,23,27,17,31	19,38,30,22,25,25,22,21,29,31	31,19,21,18,32,29,28,16,39,38	26,23,21,33,25,23,34,32,18,39	245	75
317	3,7,8,12,4,3,7,6,4,17	30,31,35,45,25,29,30,31,21,39	5,6,12,9,11,1,3,4,12,9	35,18,26,21,30,32,22,36,30,40	155	75
318	8,5,8,3,4,2,5,6,11,9	11,6,12,4,2,5,10,10,13,16	4,5,5,2,10,14,2,6,4,9	15,12,15,19,13,10,11,10,9,12	175	75
320	62,59,58,82,69,64,63,93,53,75	0,0,0,0,0,0,0,0,0,0	61,61,46,55,94,38,68,54,88,64	0,0,0,0,0,0,1,0,0,0	1097	75
321	3,1,2,2,1,1,0,0,1,0	44,51,49,47,30,33,27,35,33,43	1,0,2,0,0,1,1,1,0,0	32,46,38,25,29,26,42,30,30,36	253	75
322	2,0,1,2,1,1,0,0,1,0	0,0,0,0,0,0,0,0,0,0	0,0,1,0,0,1,1,1,0,0	0,0,1,0,0,0,0,0,0,0	238	75
323	0,0,0,0,0,0,0,0,0,0	98,81,123,115,79,87,84,83,64,83	1,2,0,0,0,2,0,1,0,0	99,81,102,89,70,89,104,84,90,71	166	75
324	4,3,5,8,3,6,5,2,1,4	13,20,15,14,13,16,5,16,20,20	6,2,1,4,5,0,4,3,9,2	19,15,17,14,18,12,14,10,18,19	312	75
325	94,75,85,73,63,120,89,89,74,104	0,5,4,5,3,3,2,7,6,3	87,82,104,73,95,79,120,76,118,112	3,3,2,15,0,3,9,3,7,10	184	75
326	1,1,5,1,4,5,2,4,3,2	856,950,892,970,805,977,846,962,914,1036	4,1,2,1,8,4,2,3,3,4	956,869,870,916,838,873,943,844,1026,1212	165	75
327	5,13,11,15,17,10,5,18,10,19	28,21,32,35,28,29,27,24,27,25	11,14,10,6,16,5,9,10,7,12	32,42,20,28,24,25,38,29,36,25	366	75
328	116,129,120,131,131,113,124,119,150,117	36,51,48,47,35,49,42,45,48,54	132,123,101,138,114,128,165,143,169,139	37,43,41,44,48,44,62,42,56,45	192	75
329	18,33,24,31,31,26,27,18,24,32	23,25,29,38,36,45,25,32,26,26	29,18,14,27,28,21,23,19,32,32	28,27,34,30,34,30,29,18,38,28	522	75
331	1,3,7,1,8,2,1,13,6,14	4730,5536,5226,5696,4977,6312,5020,5136,5456,6336	8,5,8,10,6,5,7,2,8,13	4993,5694,5587,5209,5470,5335,6231,5369,6111,6538	307	75
332	41,35,27,57,27,33,38,40,29,49	13,9,8,7,9,7,5,11,5,5	42,35,16,16,40,26,27,25,54,74	6,14,10,12,10,3,15,4,11,12	806	75
333	22,20,34,34,24,16,23,17,20,34	31,27,26,29,25,15,31,20,23,19	32,15,13,23,32,19,19,16,27,31	17,27,31,17,43,19,27,36,19,23	477	75
334	9,11,8,12,13,8,12,8,10,10	2,2,3,0,2,4,1,2,5,1	12,4,6,7,24,4,9,0,13,23	6,3,2,3,1,1,1,3,5,3	474	75
337	948,1021,909,1020,854,991,862,867,927,1060	6,2,7,3,5,3,0,3,4,18	983,904,905,921,960,967,1113,863,975,1026	4,7,3,8,5,2,2,5,6,4	1115	75
338	92,102,135,100,102,101,121,97,106,112	1,2,7,5,4,0,3,1,6,2	134,123,123,127,123,101,130,113,120,117	2,6,1,3,3,6,3,0,4,1	179	75
339	3,4,3,6,3,1,2,3,0,2	0,0,0,0,0,0,0,0,1,0	3,3,3,3,5,3,4,3,4,5	0,0,0,0,0,0,0,0,0,0	1599	75
340	4,1,3,7,1,3,1,4,7,6	0,2,0,1,0,1,1,4,2,1	4,7,1,1,6,0,1,3,6,10	6,2,3,1,2,1,0,1,7,2	287	75
343	3,0,4,1,2,1,3,1,2,4	16,20,22,25,16,12,8,26,16,28	4,0,1,1,2,1,1,8,5,2	21,21,13,27,16,28,15,17,20,20	179	75
344	55,66,72,66,63,75,58,55,63,57	0,1,0,0,0,0,0,0,0,0	50,73,60,59,57,59,84,81,72,90	0,0,0,0,0,0,0,0,0,0	443	75
345	56,71,76,81,73,96,68,60,71,69	10,9,4,12,4,14,9,3,6,14	57,83,69,64,68,65,94,96,84,102	7,10,8,11,6,5,9,6,9,9	244	75
346	11,16,22,20,15,17,11,11,18,21	104,123,117,130,121,145,96,110,123,123	16,13,13,17,15,19,25,16,21,23	105,119,94,119,126,118,126,119,162,148	205	75
347	19,12,15,18,15,20,12,18,12,23	104,128,123,132,114,150,105,115,115,130	20,15,14,13,14,13,18,18,16,17	121,124,126,123,149,130,171,114,148,173	179	75
348	45,43,47,44,42,49,45,65,55,54	1,0,0,0,0,1,1,0,0,0	48,39,40,48,49,39,50,46,53,75	1,0,0,0,1,3,3,1,0,2	334	75
349	34,39,36,35,33,42,39,58,52,40	60,93,65,79,71,94,62,70,67,98	38,33,36,43,43,34,42,42,38,63	60,74,60,65,82,76,101,72,92,94	184	75
350	27,31,32,25,28,31,34,47,44,31	1,0,1,0,3,1,3,2,0,1	29,24,28,32,37,25,31,33,37,59	3,5,1,2,0,1,1,1,4,2	152	75
351	35,35,36,47,29,34,44,35,46,40	2,7,2,12,7,4,4,7,5,4	41,32,37,39,39,33,51,39,46,37	4,4,5,8,3,5,7,5,6,6	299	75
352	0,1,0,0,2,0,0,0,0,1	0,0,0,1,2,0,0,1,2,1	2,1,0,1,5,0,0,1,3,3	3,1,2,2,1,0,3,0,0,0	138	75
353	0,1,1,3,3,0,0,0,2,1	32,38,36,44,35,27,16,41,39,36	3,1,0,1,6,3,0,1,3,5	31,41,25,28,28,32,25,20,39,36	160	75
354	4,2,2,0,0,0,1,0,5,2	14,18,13,15,17,13,13,10,16,16	1,0,1,0,1,0,0,0,1,1	14,10,13,16,18,13,10,7,16,11	175	75
355	4,6,6,5,7,2,4,6,8,7	9,10,11,8,6,10,14,6,12,12	4,3,2,2,8,8,3,5,5,11	7,24,15,11,5,4,10,8,9,7	195	75
356	4,8,8,6,8,2,4,7,9,7	11,13,13,14,8,9,5,13,12,12	5,3,2,2,8,8,5,5,6,13	15,8,8,14,7,16,10,9,18,13	206	75
357	1,1,1,0,1,1,2,0,1,2	46,45,45,39,50,60,39,48,53,58	0,0,1,0,5,1,0,1,0,2	64,62,76,53,69,66,54,69,71,60	181	75
358	3,3,5,5,1,3,2,2,1,1	4,2,2,4,1,2,6,3,3,8	1,2,0,2,2,0,2,1,1,0	5,6,3,2,0,6,4,4,1,5	144	75
359	3,1,0,0,0,0,2,0,1,0	19,26,38,30,28,18,25,20,25,23	0,0,0,0,0,0,0,0,1,2	26,20,18,22,28,36,31,26,21,21	158	75
360	2,1,1,0,0,3,0,1,1,0	22,14,19,33,24,18,17,23,21,27	0,0,0,0,0,0,0,0,0,1	29,16,24,10,20,14,21,16,26,22	188	75
361	0,0,3,2,3,1,0,1,1,0	43,37,39,32,35,28,38,34,34,39	0,2,0,0,3,0,0,0,0,2	32,28,34,26,28,42,35,33,34,37	147	75
362	0,0,0,0,0,0,1,0,0,0	55,33,37,43,38,30,49,31,39,59	0,0,0,0,0,0,0,0,0,0	41,38,25,41,52,45,37,36,48,45	155	75
363	59,59,45,70,47,64,62,50,66,62	297,342,336,372,305,373,313,345,339,391	59,54,44,59,46,48,64,54,66,60	350,332,299,311,362,346,344,323,364,461	165	75
364	162,229,187,194,177,220,144,179,177,229	331,348,356,365,346,373,326,331,344,464	214,177,181,180,181,203,190,190,220,269	339,342,317,324,356,312,363,347,355,393	253	75
365	3,3,2,2,1,2,1,2,1,4	79,86,97,137,88,126,76,104,91,149	2,3,0,0,0,2,1,1,3,6	107,77,81,78,127,111,101,91,122,103	277	75
367	32,32,31,36,34,25,19,32,21,29	0,0,0,0,1,0,0,0,0,0	21,18,26,21,28,16,26,26,32,37	0,0,0,0,0,0,0,0,0,0	1950	75
368	0,0,1,1,2,0,1,1,0,0	10,8,4,12,6,2,9,10,7,13	0,0,0,0,0,0,0,0,0,0	8,2,5,6,11,12,15,5,7,7	155	75
369	14,21,13,20,18,13,15,17,15,17	6,5,14,9,6,7,4,8,15,9	17,10,11,14,17,11,10,14,18,11	7,7,7,7,16,11,15,11,8,6	188	75
370	11,11,17,18,10,10,18,11,7,8	62,76,78,84,63,73,72,81,78,86	13,11,7,11,15,8,23,8,23,15	91,75,68,76,83,81,74,80,82,81	152	75
371	17,11,9,11,9,6,16,12,12,12	104,94,104,97,82,85,92,92,72,97	10,10,10,17,20,7,14,16,14,20	94,99,81,88,95,111,100,84,120,86	150	75
372	3,2,1,5,1,3,2,0,2,1	1,1,0,1,2,0,0,0,1,0	2,4,1,1,1,4,2,5,3,0	2,3,0,0,1,0,0,0,3,0	315	75
373	16,11,13,23,17,18,16,20,17,15	64,49,78,66,69,69,37,56,63,78	24,14,11,21,20,12,17,14,26,35	60,61,58,62,71,67,64,43,75,72	345	75
374	1,1,2,3,3,1,0,2,0,8	16,10,11,13,10,17,14,16,8,11	1,1,1,1,5,0,3,0,0,2	9,17,11,10,12,12,1,17,17,24	151	75
375	13,13,15,16,16,13,14,17,11,10	3,3,2,6,5,4,0,6,4,6	13,16,19,17,17,13,14,7,16,22	4,4,2,3,1,1,2,2,3,2	323	75
376	1,2,0,2,0,2,0,0,0,0	13,8,7,16,8,4,10,9,13,11	0,1,0,0,1,1,0,0,2,3	14,10,14,6,7,16,13,7,11,13	230	75
377	0,0,0,1,1,2,3,1,0,1	47,56,53,45,59,9,26,35,30,26	2,1,3,0,0,0,0,1,4,2	57,29,30,38,45,42,48,46,29,18	629	75
378	1,5,4,3,1,1,6,4,3,2	7,6,3,1,6,4,2,4,9,8	3,1,5,3,7,5,2,3,3,2	3,2,1,5,2,4,6,2,3,3	193	75
379	0,1,6,3,0,3,2,0,1,2	10,6,10,14,7,3,4,4,8,5	1,1,1,1,1,1,1,2,0,3	5,8,4,7,9,4,6,6,14,11	281	75
380	0,1,6,3,0,3,2,0,1,2	1,0,2,0,1,3,0,1,1,0	1,1,1,2,1,1,1,2,0,3	1,2,0,0,0,0,0,0,2,0	286	75
381	0,0,1,0,0,0,0,0,0,4	20,22,9,25,10,15,21,20,7,29	0,1,0,0,0,0,0,0,1,0	23,13,13,10,18,15,22,9,13,11	145	75
383	6,14,14,14,11,11,6,10,7,17	5,4,6,1,5,3,5,8,2,1	14,10,13,10,15,11,10,14,15,21	3,6,3,7,2,3,3,3,4,4	1073	75
384	3,8,6,8,11,3,6,7,6,8	3,2,4,5,2,4,0,2,1,6	7,4,6,4,9,4,4,3,5,10	4,4,2,5,8,2,2,1,4,5	265	75
385	0,0,0,0,0,0,0,0,0,0	1,0,0,1,1,0,0,1,0,0	0,0,0,0,0,0,0,0,1,0	0,0,0,0,0,1,0,0,0,0	750	75
387	0,0,0,0,0,0,2,0,0,0	0,0,0,0,1,0,0,0,0,0	0,0,0,0,0,0,0,0,0,0	0,0,0,1,0,0,0,1,0,0	171	75
392	13,13,18,19,18,19,3,7,1,18	4,13,25,8,11,11,14,8,10,14	14,11,9,10,13,7,11,8,18,13	18,7,12,11,6,12,11,7,13,8	147	75
394	3,0,4,4,2,0,2,1,1,9	292,306,283,309,273,355,249,283,243,335	3,1,2,0,1,2,1,4,3,4	284,351,270,284,266,273,325,248,305,361	293	75
396	28,19,29,26,31,14,20,22,23,30	19,20,26,25,28,21,20,28,20,14	22,15,10,12,32,12,13,13,15,23	19,13,13,9,16,15,26,20,17,13	3234	75
397	16,11,38,45,43,20,32,43,38,25	19,28,41,37,26,54,26,29,32,39	33,22,16,19,27,14,31,23,49,53	34,27,36,25,35,29,44,15,53,42	1516	75
398	16,5,26,38,33,13,26,35,34,16	0,0,0,0,0,0,0,0,1,0	26,17,14,14,21,12,24,17,30,35	1,0,0,0,0,0,0,0,0,0	1211	75
403	0,0,2,0,0,1,1,2,0,0	0,0,0,0,0,0,0,0,0,0	1,0,0,0,0,0,0,0,0,4	0,0,0,0,1,0,0,0,0,0	939	75
404	6,10,15,8,9,2,11,11,5,12	0,1,3,0,0,0,0,0,2,0	5,8,9,7,10,9,13,9,8,16	0,1,0,0,0,0,1,0,1,0	212	75
405	0,0,0,0,0,0,1,1,0,0	18,16,19,28,15,12,15,16,15,16	0,0,0,0,0,1,1,1,0,0	21,22,13,13,26,9,25,18,17,19	179	75
406	38,24,38,45,24,26,35,41,18,50	12,27,14,30,13,19,17,15,24,23	40,30,21,19,51,31,29,19,43,48	21,21,20,27,20,22,19,27,15,11	651	75
407	53,45,62,68,49,51,48,62,33,66	17,21,21,23,19,15,21,12,34,20	66,44,40,33,63,51,49,30,57,71	13,20,19,15,22,23,21,26,18,19	711	75
408	60,48,65,70,51,57,54,65,36,67	8,5,6,4,4,2,3,3,3,1	67,50,41,35,69,54,55,33,58,73	3,6,5,7,7,5,6,6,3,4	714	75
409	497,473,514,548,474,436,439,505,467,541	3,2,5,1,1,2,1,2,1,3	499,488,535,462,596,481,574,479,518,487	1,0,1,0,0,2,2,1,2,2	1187	75
410	0,2,0,0,0,0,0,1,0,0	21,20,22,35,13,7,14,15,10,15	1,0,0,0,3,0,0,0,0,1	20,19,22,19,27,17,26,8,14,6	527	75
411	20,26,15,30,23,27,17,17,14,38	43,39,49,37,50,54,26,33,40,43	24,8,14,13,30,9,12,19,23,41	45,42,38,42,35,28,42,46,62,44	2455	75
412	0,3,0,1,4,7,1,3,4,0	26,36,30,32,24,21,40,29,22,44	3,2,1,0,3,1,1,3,1,5	21,34,19,29,30,28,29,33,32,34	803	75
413	14,11,9,13,12,11,12,13,6,14	6,9,11,10,12,11,16,10,8,7	10,9,8,8,16,11,11,9,21,15	12,6,3,14,16,10,6,6,7,10	294	75
414	4,1,5,5,4,6,1,2,2,3	6,13,8,12,9,14,4,12,7,11	1,2,2,4,6,2,1,3,11,1	10,14,11,10,7,8,13,15,20,11	228	75
417	0,0,1,1,0,0,1,0,0,0	0,0,0,1,1,1,0,0,0,0	0,0,0,0,1,1,0,0,0,0	0,0,0,1,1,0,1,0,0,2	352	75
419	2,0,2,1,0,0,0,2,1,1	14,19,23,20,30,30,18,17,24,14	0,0,1,2,1,3,0,0,0,1	23,25,9,18,22,18,21,10,15,18	1052	75
420	3,0,0,2,3,0,3,2,1,0	1,0,0,0,0,0,0,0,0,1	1,0,1,2,1,0,1,1,1,2	0,0,0,0,0,0,0,1,0,0	279	75
421	1,2,2,1,1,2,1,2,0,2	14,15,13,17,16,28,13,16,20,27	2,0,2,0,1,1,0,0,1,0	19,22,24,14,18,14,21,18,25,30	355	75
422	1,2,2,1,1,2,1,2,0,2	1,0,0,0,0,1,0,0,0,0	2,0,2,0,1,1,0,0,1,0	0,0,0,0,3,1,1,0,0,0	359	75
423	301,281,380,417,268,288,271,330,267,296	0,0,1,0,0,0,0,0,2,0	354,203,160,271,417,236,293,225,420,456	0,0,0,0,0,0,0,0,0,0	3192	75
424	11,3,8,11,2,4,5,8,6,5	27,25,25,28,27,27,25,23,26,31	7,3,0,4,9,6,8,3,9,7	24,26,30,15,39,29,24,26,35,28	538	75
425	3,2,3,8,3,1,3,4,1,4	37,49,43,50,37,49,39,41,49,51	1,2,1,2,3,2,0,1,5,5	48,46,43,37,57,46,54,38,36,51	255	75
426	1,3,1,3,4,1,0,2,1,2	237,272,250,312,249,259,226,252,258,255	3,1,0,1,0,0,2,0,1,2	260,244,213,233,258,275,267,242,333,270	169	75
431	10,10,10,18,12,7,12,13,11,15	12,12,6,9,3,13,6,6,8,5	20,8,6,9,15,16,15,18,12,13	17,9,6,10,8,9,8,5,13,6	172	75
432	5,6,6,14,9,3,4,9,8,8	94,108,120,106,85,126,98,107,107,126	8,2,7,6,4,5,6,2,10,11	123,111,118,112,151,121,115,100,122,120	339	75
433	1,0,2,2,2,2,0,3,0,0	0,0,3,2,0,4,1,1,0,1	0,0,1,0,2,1,0,0,0,0	1,1,2,1,2,0,1,1,2,1	574	75
434	11,15,8,28,16,8,2,13,19,4	38,48,75,109,59,70,79,99,82,16	20,15,17,1,17,7,18,3,6,15	51,80,85,45,55,77,87,53,42,68	444	75
435	13,15,9,19,15,13,15,13,16,23	11,18,18,23,13,30,8,7,18,31	21,12,7,14,19,8,10,13,23,12	20,17,15,14,21,18,21,5,14,20	1622	75
438	0,0,0,1,0,2,1,0,2,1	102,89,116,120,111,68,91,124,125,112	2,0,0,1,1,1,0,0,0,0	115,82,94,76,128,136,159,142,120,92	160	75
439	4,3,0,2,1,6,5,2,4,1	756,997,931,1105,1022,882,871,842,819,1000	9,0,1,0,3,0,5,3,2,3	942,913,832,903,1054,946,1070,944,974,872	155	75
440	8,18,12,15,11,11,8,13,20,20	667,857,805,928,839,794,766,750,747,922	17,7,6,11,19,10,15,15,9,19	864,828,736,849,866,815,871,856,884,850	477	75
441	7,6,3,4,4,5,4,3,6,6	1128,1228,1284,1455,1244,1331,1163,1223,1223,1400	4,4,6,9,5,1,6,6,6,8	1255,1269,1236,1299,1316,1274,1358,1338,1432,1418	314	75
443	2,0,1,1,0,0,0,0,0,1	1,0,2,2,1,0,0,1,0,0	2,0,0,0,0,0,0,0,0,0	0,0,0,0,0,0,0,1,0,1	259	75
444	8,9,7,9,6,2,2,3,4,9	0,0,0,0,0,0,0,0,0,1	10,1,1,1,6,4,8,3,1,0	0,0,0,0,2,0,1,1,0,0	655	75
448	0,0,1,3,1,2,2,0,1,2	135,151,171,194,152,135,159,153,170,172	0,3,0,0,0,1,0,0,0,0	135,156,136,152,161,160,161,136,156,158	251	75
449	73,86,105,113,89,88,83,87,76,85	4,1,1,1,4,6,0,4,2,8	87,112,88,86,73,88,93,89,103,138	3,4,2,6,2,4,3,1,6,3	271	75
450	6,2,5,3,4,6,8,4,4,9	39,42,53,48,46,51,46,55,60,70	7,5,3,9,5,3,3,6,5,6	54,34,46,36,66,48,48,46,40,61	156	75
451	2,3,8,4,5,5,3,2,3,7	102,114,99,117,74,84,72,93,96,126	5,1,0,2,0,2,5,2,4,4	111,92,86,86,99,110,108,96,109,89	2998	75
452	29,37,33,56,34,18,37,26,30,39	15,22,7,7,14,14,13,14,16,13	39,24,13,32,41,33,32,20,28,43	10,13,10,16,20,6,12,7,12,14	958	75
453	22,26,20,31,28,36,15,16,24,28	0,1,0,0,1,0,3,2,2,3	22,24,37,24,21,14,21,22,27,44	5,3,3,1,1,2,2,1,1,3	281	75
454	64,78,72,107,77,74,63,56,70,93	0,0,0,0,0,0,0,0,0,1	78,66,58,73,73,64,72,49,70,104	1,0,0,0,0,0,0,0,0,0	1349	75
455	34,40,39,50,41,56,26,26,39,51	5,10,7,6,5,5,5,6,5,11	38,40,45,40,32,31,40,29,41,60	13,6,6,4,7,9,11,8,11,2	384	75
456	2,6,1,4,1,4,3,5,4,5	36,35,35,46,30,24,28,29,23,25	4,5,1,4,5,3,4,3,2,9	42,49,31,30,39,31,39,33,27,31	1159	75
457	7,13,10,12,12,8,3,9,5,10	75,86,91,95,89,93,89,78,80,92	8,4,4,12,6,9,8,4,6,5	92,83,74,73,80,74,96,81,80,86	790	75
458	2,1,3,1,2,0,0,1,0,0	2,3,1,4,3,0,1,2,1,2	0,0,2,1,0,3,1,0,0,0	3,2,3,1,2,0,1,1,1,0	151	75
459	0,1,5,4,1,0,4,3,3,3	0,3,0,0,2,0,2,1,2,1	3,4,1,1,3,1,3,1,1,2	1,4,0,0,2,1,1,1,0,1	280	75
460	0,0,0,1,0,0,0,0,0,0	12,17,19,16,18,6,12,17,12,11	0,0,0,0,0,0,0,0,0,0	15,20,12,20,22,16,28,17,14,8	180	75
461	5,8,7,11,8,10,8,9,8,12	111,138,140,129,109,123,117,105,105,141	8,12,6,0,8,1,8,4,15,20	137,117,116,132,150,118,132,105,146,153	737	75
462	0,2,2,1,3,4,3,2,5,2	63,68,58,61,56,36,41,49,49,63	2,2,0,3,4,2,2,2,3,1	61,49,40,41,57,41,53,52,54,51	166	75
463	48,35,54,52,34,30,32,40,55,46	0,0,0,0,0,1,0,0,0,0	34,23,33,29,46,49,49,35,51,63	0,0,0,0,1,0,0,0,0,0	533	75
465	36,30,42,52,15,36,33,29,38,37	8,5,6,2,2,2,5,2,5,2	35,19,37,17,35,39,39,24,42,45	8,5,4,4,6,5,4,2,7,2	962	75
466	2,1,3,1,1,1,5,4,3,0	173,210,207,199,197,187,187,192,189,197	1,0,1,1,0,3,3,2,3,1	220,163,193,184,241,212,197,201,199,229	247	75
467	271,265,283,311,256,288,275,250,287,371	1,0,0,2,0,0,1,1,0,0	280,265,262,294,263,279,276,286,315,359	1,1,0,1,0,2,1,0,1,1	1363	75
468	3,0,1,0,1,2,5,2,0,3	10,5,6,9,10,9,12,8,10,12	2,1,2,2,0,0,2,1,2,1	12,17,9,8,10,9,7,2,5,12	247	75
469	1,1,0,0,1,0,0,0,2,1	107,96,106,129,127,81,79,83,83,110	3,1,1,0,2,0,3,1,0,1	62,92,111,104,87,87,116,109,89,95	820	75
470	11,2,6,12,4,2,8,8,12,4	144,146,140,132,122,129,113,108,106,127	9,3,5,3,5,2,0,4,8,7	133,118,112,140,158,150,133,95,125,99	532	75
471	9,10,13,10,15,20,11,21,9,12	16,37,28,36,25,32,17,20,29,29	13,14,5,7,16,6,6,4,15,16	26,20,21,17,32,26,24,29,39,29	542	75
472	4,2,2,6,4,1,3,7,5,3	54,37,41,41,35,37,34,43,47,45	2,2,0,1,4,2,2,3,6,0	55,34,41,43,46,45,34,36,52,33	233	75
473	15,12,25,23,19,13,15,14,19,13	0,0,0,0,0,0,0,0,0,1	15,13,16,15,18,14,15,20,12,14	0,0,0,0,0,0,0,0,0,0	406	75
474	3,1,3,0,0,5,4,1,4,5	30,32,36,52,39,26,38,44,31,42	0,0,1,1,5,2,0,3,3,7	34,31,30,28,46,51,51,36,37,32	155	75
475	115,153,150,132,109,54,79,76,88,85	0,0,0,0,0,0,0,0,0,0	145,93,130,138,178,110,109,87,69,33	0,0,1,0,0,0,0,0,0,0	298	75
477	12,18,12,19,9,21,14,10,16,13	0,0,0,0,0,0,0,0,0,0	9,22,10,8,19,15,8,8,12,12	0,0,0,0,0,0,1,0,0,0	219	75
478	0,2,0,1,1,0,0,1,0,1	2,6,9,7,2,3,7,3,4,6	1,0,0,0,1,2,0,0,0,1	2,2,5,2,5,10,6,2,3,7	276	75
479	2,2,0,0,2,0,1,0,1,0	7,5,5,11,9,4,9,7,5,7	0,0,3,0,1,0,1,0,0,0	11,7,9,2,9,8,14,8,8,2	318	75
480	0,1,2,0,1,0,0,0,0,0	18,23,22,25,22,26,17,23,19,16	0,1,0,0,0,1,0,0,2,1	26,20,23,14,28,25,18,25,23,27	146	75
481	23,25,30,39,32,43,35,23,18,42	0,0,0,0,0,0,0,0,0,1	29,38,26,22,26,33,26,16,38,35	0,0,0,0,0,0,0,0,0,0	146	75
482	16,19,16,21,20,13,10,13,21,21	375,340,348,365,334,408,352,442,379,389	13,15,15,13,16,14,23,12,18,25	399,336,349,325,354,327,390,317,412,444	357	75
486	0,0,0,0,0,1,0,0,0,0	38,46,60,48,49,23,29,25,34,37	0,0,0,0,0,0,0,1,0,0	38,30,48,37,44,38,44,29,25,21	1558	75
487	50,51,50,57,55,48,63,62,65,49	0,1,3,2,0,3,1,0,5,4	56,51,57,63,52,55,64,91,54,71	0,0,3,3,0,4,5,1,1,3	174	75
488	1,2,1,1,4,0,0,2,2,1	15,18,31,39,31,41,25,22,29,21	2,3,0,1,1,1,0,0,1,2	22,29,26,20,35,27,38,33,22,29	355	75
489	67,57,80,90,64,57,57,57,59,67	0,0,0,0,0,0,0,0,0,1	49,34,33,59,86,44,46,38,63,40	0,0,0,0,0,0,1,3,0,0	7508	75
490	1,8,6,3,1,7,9,9,5,7	22,26,38,44,33,17,24,21,30,33	3,0,4,0,2,4,3,0,5,4	21,17,21,28,35,29,23,26,22,19	435	75
492	0,7,3,1,2,0,1,3,1,3	13,7,15,20,12,12,10,11,20,19	8,2,3,1,4,5,7,3,5,1	17,10,5,15,11,8,19,9,19,15	218	75
493	2,2,2,10,5,5,9,12,6,4	2,6,2,3,3,4,1,1,2,0	3,5,2,3,7,4,8,4,7,15	2,2,2,3,1,1,3,1,8,1	369	75
494	1,1,3,3,1,0,1,2,3,2	10,12,19,14,11,11,4,15,12,5	1,3,2,2,3,0,1,2,3,5	8,10,10,9,10,6,7,7,18,10	518	75
495	0,1,0,2,0,0,2,0,0,0	2,4,5,3,4,3,7,2,5,5	0,0,1,1,1,1,0,2,1,0	5,4,7,3,7,5,4,4,6,1	154	75
496	0,0,1,0,1,0,0,0,1,1	10,7,6,5,8,6,2,4,6,1	0,0,2,4,0,0,1,0,2,0	11,5,8,13,6,9,3,4,7,5	164	75
497	119,126,123,114,96,85,93,109,96,106	1,0,0,1,1,1,1,0,0,0	106,96,105,103,139,117,110,102,113,107	1,1,1,2,0,0,3,2,0,0	555	75
498	2,1,4,1,2,1,1,1,0,0	18,13,17,22,15,4,15,19,8,20	2,2,0,0,2,1,2,1,2,2	21,20,17,14,18,17,23,11,12,9	373	75
499	82,102,89,110,90,92,86,110,74,95	14,12,16,12,16,11,10,9,15,18	122,101,113,113,95,104,86,91,120,113	9,11,14,19,13,8,10,13,11,17	1245	75
500	7,3,8,3,0,0,3,4,1,2	17,16,10,16,11,16,13,10,18,19	4,1,2,3,1,1,4,0,0,3	17,19,19,15,17,18,26,20,23,21	542	75
501	9,3,9,5,3,0,3,5,3,4	1,1,1,0,1,1,1,0,1,3	6,1,2,3,4,2,5,3,0,4	2,1,1,1,2,3,2,3,1,3	560	75
502	3,0,1,1,1,1,0,0,1,2	3,3,0,4,3,5,2,3,1,1	1,0,0,1,0,0,2,0,3,1	1,4,3,0,5,0,3,1,0,2	269	75
504	14,18,17,26,21,11,20,18,21,12	19,20,29,31,16,10,17,12,22,24	15,14,10,11,19,10,14,12,19,28	17,22,16,21,17,17,15,26,13,26	346	75
505	26,29,23,39,36,23,33,30,29,29	1,0,0,0,0,1,0,0,0,0	31,23,25,31,37,24,30,22,28,42	0,1,0,0,1,1,1,1,1,1	411	75
506	1,5,3,2,4,4,0,3,2,2	0,1,1,0,0,0,1,1,0,0	4,1,5,3,1,0,4,1,2,1	1,0,1,0,1,0,2,0,0,0	217	75
507	0,1,0,1,0,0,0,1,0,0	121,121,118,147,118,107,84,130,123,114	1,0,0,1,2,2,1,0,0,0	149,118,104,106,131,111,124,110,127,103	151	75
508	2,2,0,0,1,0,1,3,2,1	25,39,39,34,38,35,29,41,38,49	2,3,1,1,4,1,5,1,2,1	48,33,24,41,43,29,42,28,35,53	187	75
509	2,2,0,0,1,0,1,3,2,1	145,166,117,163,159,183,117,154,158,167	2,3,1,1,4,1,5,1,2,1	145,148,137,142,146,139,173,139,158,151	190	75
510	5,1,1,2,4,0,4,0,4,3	72,92,100,116,82,113,106,81,70,131	0,1,0,1,6,4,0,1,4,2	106,93,93,96,97,91,108,96,119,108	158	75
511	2,2,3,7,2,2,2,5,0,3	90,109,95,103,99,88,73,92,114,83	2,3,4,6,8,4,1,5,3,6	80,97,114,80,102,87,98,90,84,63	286	75
512	6,4,3,4,1,4,5,5,5,2	22,43,34,42,38,28,33,28,34,34	6,2,1,6,4,2,6,3,2,5	36,29,33,33,39,37,34,31,55,51	148	75
513	12,13,11,20,18,8,10,12,7,14	25,12,24,22,23,16,17,18,18,25	17,8,5,5,11,8,5,10,10,8	18,22,15,18,20,23,24,19,22,29	421	75
514	5,1,2,7,1,2,1,4,0,0	35,37,29,44,27,44,27,40,37,27	2,2,1,1,1,2,0,1,0,2	35,23,33,49,37,28,48,34,33,42	176	75
515	20,13,7,22,14,14,16,20,13,9	0,0,0,1,2,1,0,1,1,0	13,23,9,8,18,7,6,5,19,32	1,1,0,0,0,1,0,0,1,1	567	75
516	18,12,7,17,14,13,15,19,13,9	50,39,38,54,36,39,34,36,29,39	11,22,8,7,20,6,6,8,20,30	36,33,31,31,46,29,47,37,47,47	401	75
517	27,16,10,26,19,18,18,23,20,15	0,0,0,0,0,0,0,0,0,0	16,23,10,9,28,9,9,11,24,33	0,0,2,0,0,0,0,0,0,0	603	75
518	49,36,36,67,48,37,44,52,42,49	0,0,0,0,0,1,0,0,0,0	54,36,27,41,68,23,30,37,57,66	0,0,0,0,0,0,0,0,0,0	795	75
519	30,28,30,50,44,27,32,39,33,42	1,0,0,0,1,0,0,1,1,0	46,25,25,39,50,25,30,34,51,54	0,1,1,0,2,0,2,1,1,1	224	75
520	19,15,22,28,23,10,22,28,18,30	18,24,23,28,31,19,20,27,30,23	29,9,11,24,34,8,18,17,23,26	15,35,20,36,30,25,34,31,23,15	172	75
521	577,580,548,606,516,532,455,538,469,539	11,6,13,17,9,19,12,13,21,14	609,418,440,429,518,375,497,426,581,673	10,9,15,10,15,15,10,13,12,23	1750	75
522	406,380,392,451,359,349,310,346,294,388	12,8,7,8,7,8,6,6,4,7	398,274,244,295,355,226,332,281,414,469	9,13,12,10,7,5,5,7,11,7	1627	75
523	260,244,277,308,217,207,220,189,160,263	67,70,64,81,72,70,61,71,69,69	253,161,125,161,195,117,170,172,263,302	71,55,66,70,64,52,74,49,91,86	1569	75
524	3,1,1,4,2,5,0,7,3,2	90,129,114,90,93,89,84,80,73,99	0,3,2,4,3,1,6,1,3,5	74,85,85,74,107,99,93,98,98,75	501	75
525	3,1,1,4,2,5,0,7,3,0	2,0,0,0,0,1,1,1,0,0	0,3,2,4,3,1,4,1,3,5	0,0,0,0,1,0,0,0,0,0	489	75
526	2,5,8,1,5,1,3,4,5,3	26,24,15,19,17,19,19,25,30,20	3,3,2,8,2,3,1,3,1,7	22,19,31,11,28,15,23,14,15,19	460	75
527	1,0,1,0,3,2,1,3,2,0	7,5,8,8,6,7,5,5,9,4	4,1,1,0,6,3,0,1,0,2	3,3,10,7,3,3,7,7,9,6	316	75
528	264,308,245,276,251,258,250,292,289,339	0,0,0,0,0,0,0,0,0,0	254,280,294,242,280,265,318,248,284,298	0,0,0,0,0,0,1,0,0,0	601	75
529	2,1,0,4,1,3,3,0,2,1	15,17,22,24,28,12,20,23,18,29	1,1,0,1,2,1,3,1,5,1	20,28,17,15,32,26,14,17,22,7	1308	75
530	463,495,483,532,467,508,470,479,470,605	0,1,0,3,1,1,0,0,3,3	547,465,466,471,542,544,574,486,576,543	0,0,1,0,0,0,1,1,0,1	929	75
531	4,2,4,6,2,0,0,2,4,1	31,24,31,26,17,24,19,48,25,26	3,0,4,1,6,3,2,3,3,1	40,9,18,9,30,23,26,29,24,15	406	75
532	1,2,3,3,1,0,0,0,1,0	28,18,29,35,25,26,23,20,21,20	0,0,0,0,2,2,0,0,1,0	29,19,30,17,26,17,23,27,24,28	526	75
533	0,0,0,0,0,0,0,0,0,0	0,0,3,0,1,0,0,0,0,2	0,0,0,0,0,0,0,1,0,0	0,0,0,0,1,1,0,2,0,1	347	75
534	2,1,2,6,2,0,3,2,3,4	21,23,24,28,27,28,15,15,16,24	2,2,2,2,3,4,2,1,3,4	20,11,28,14,29,23,25,22,19,29	763	75
535	1,0,1,1,0,1,0,1,0,3	26,16,20,25,15,18,11,15,13,29	1,0,0,1,0,2,2,0,1,1	19,20,25,23,21,21,22,28,29,25	153	75
536	0,0,0,0,0,1,0,0,0,0	9,9,8,7,15,9,4,9,9,8	1,0,0,0,0,0,0,0,0,0	9,6,9,13,13,7,9,5,7,7	1540	75
537	11,10,5,9,11,7,6,12,18,19	3,3,6,7,3,3,3,4,5,5	8,10,6,7,13,15,6,9,5,14	9,6,6,3,1,9,8,3,8,5	1734	75
538	1,0,0,0,0,0,0,0,2,0	0,0,1,1,0,0,0,0,0,1	0,0,1,0,0,0,0,0,0,0	0,0,0,0,0,1,0,0,1,1	149	75
539	0,0,0,0,1,0,0,0,0,3	1,2,0,0,1,2,0,0,1,1	2,0,0,0,0,2,0,0,0,0	1,0,2,1,0,0,1,0,0,0	225	75
541	0,0,1,0,0,0,0,0,0,0	0,0,1,0,1,0,0,1,0,0	0,0,1,1,1,1,0,0,2,0	0,0,0,1,2,0,4,0,0,0	267	75
542	2,0,2,0,1,0,0,3,0,2	61,64,46,63,38,48,47,63,47,66	1,1,1,1,2,2,1,0,1,0	46,59,74,53,45,56,40,50,69,57	148	75
543	75,93,92,93,95,88,75,88,90,86	3,0,2,2,1,0,1,2,0,0	81,91,113,112,104,85,98,85,109,110	0,0,0,2,0,2,1,0,2,0	531	75
544	23,31,33,38,31,23,28,25,28,25	340,307,373,367,328,286,313,304,296,424	27,24,21,15,35,21,28,18,37,54	393,277,271,409,353,377,383,317,374,342	184	75
545	1,1,1,7,0,2,6,4,0,0	2,7,7,10,8,6,5,9,4,9	3,2,1,1,0,2,2,2,3,2	5,9,11,8,13,3,6,6,13,8	176	75
546	7,15,18,13,6,11,11,18,13,11	0,0,0,0,0,0,0,1,0,0	11,10,11,9,7,11,8,10,13,12	1,0,0,0,0,0,0,0,0,0	387	75
547	2,4,1,4,2,1,2,0,7,2	14,15,4,14,12,8,4,10,9,8	3,2,2,1,1,4,0,0,4,2	16,7,5,12,8,13,9,10,16,19	154	75
548	1,1,1,3,1,3,6,4,4,2	5,8,2,4,3,9,4,7,11,8	3,0,3,4,1,1,3,2,6,9	9,6,6,3,5,5,8,3,3,2	138	75
549	0,1,1,0,2,1,0,0,1,0	12,10,8,16,7,13,9,13,6,5	0,0,1,1,1,0,0,0,1,1	16,6,11,15,11,3,9,6,16,11	145	75
552	4,3,3,4,2,4,6,2,2,4	6,11,4,9,5,5,4,6,8,12	2,3,2,3,5,4,1,1,0,7	9,6,6,10,12,6,9,8,4,7	282	75
554	1,2,4,1,1,1,4,4,4,1	79,75,99,96,81,78,71,65,86,98	0,0,0,1,3,3,0,1,1,3	97,89,93,82,93,83,87,70,105,102	156	75
555	0,0,2,0,0,0,0,1,0,0	54,80,77,74,58,94,50,67,62,71	0,1,1,0,0,0,0,0,0,3	71,65,57,66,76,68,64,57,69,97	148	75
556	2,1,0,2,1,7,2,0,2,1	84,83,82,86,74,114,79,72,79,91	6,4,2,2,5,0,4,0,4,7	91,76,83,74,92,84,78,98,92,107	169	75
557	3,5,4,3,3,2,2,2,7,3	53,61,72,57,64,77,62,81,58,58	5,4,0,3,4,1,2,5,3,7	73,78,68,63,50,67,77,58,91,86	144	75
558	3,4,7,3,2,2,1,2,3,1	11,9,5,5,4,4,3,6,6,5	2,3,4,6,4,3,3,4,5,3	9,8,4,12,15,1,9,6,6,7	153	75
559	0,3,0,1,1,0,1,0,0,1	32,30,31,37,35,28,25,37,21,34	2,0,3,2,2,0,0,1,2,2	24,41,32,35,25,33,37,38,45,32	148	75
560	0,0,0,3,0,0,0,0,0,0	1,0,0,1,2,1,1,1,1,0	0,0,0,2,0,1,0,0,0,0	5,1,1,2,5,3,0,0,0,1	168	75
561	10,5,16,16,9,8,4,11,9,9	790,936,860,954,843,872,723,764,883,927	12,7,3,8,10,3,6,5,12,23	872,866,838,886,923,901,969,851,951,919	197	75
563	3,7,3,2,1,2,3,1,3,2	148,162,135,162,147,147,144,163,119,169	2,2,2,2,4,0,2,2,4,0	153,130,158,157,149,158,139,141,165,193	250	75
566	3,0,1,1,1,0,2,4,0,0	2,5,3,2,3,1,3,4,7,3	1,1,1,0,1,2,3,0,0,0	4,2,0,2,3,4,3,1,2,3	157	75
567	17,18,17,15,11,18,6,11,15,15	5,6,9,9,6,6,6,11,6,6	15,11,6,7,34,9,3,8,15,11	5,9,7,4,15,8,14,8,9,1	2080	75
569	29,29,22,30,24,33,26,30,30,32	0,0,0,0,0,0,1,0,0,0	34,25,23,24,27,22,31,15,35,40	0,1,0,0,0,0,0,0,0,0	455	75
572	7,3,1,6,4,3,10,3,9,7	35,45,58,61,47,29,38,42,31,44	12,3,2,1,4,6,5,2,7,6	53,44,34,39,45,41,52,42,32,25	2577	75
573	9,2,2,3,4,4,3,9,4,4	0,0,0,0,0,0,0,0,0,0	2,1,1,4,5,0,3,4,5,9	0,0,0,0,1,0,0,0,0,0	662	75
574	12,8,9,13,13,13,11,7,4,16	21,23,20,19,17,15,18,22,21,22	9,10,4,7,10,5,9,7,17,16	23,14,15,26,20,27,20,12,16,15	1053	75
575	10,5,5,14,6,8,12,8,6,14	39,43,38,46,46,28,26,44,41,37	16,6,2,6,11,6,4,5,8,12	43,45,51,27,26,29,36,42,29,38	599	75
576	2,0,0,1,0,0,0,0,0,1	52,59,47,52,47,62,52,58,53,58	1,0,0,0,0,0,2,0,0,0	68,48,36,61,61,47,52,61,65,63	562	75
577	1,1,2,0,2,1,4,2,6,1	51,76,70,65,55,71,50,64,59,55	5,3,0,2,1,2,2,2,3,2	68,75,54,72,58,49,84,80,75,67	293	75
578	45,48,53,56,45,19,23,24,45,29	6,2,0,0,0,0,2,0,1,1	46,27,31,30,52,34,53,29,21,19	0,3,2,0,0,0,0,0,0,0	675	75
579	22,17,20,14,16,2,6,9,12,9	0,1,0,0,0,0,0,0,0,0	10,8,11,14,13,6,9,7,1,6	0,0,0,0,0,0,0,0,0,0	213	75
581	17,19,19,29,27,22,11,15,18,25	1,0,3,1,2,0,2,0,0,3	15,17,16,24,16,16,12,24,26,20	1,3,1,3,2,0,4,1,0,0	1749	75
582	138,169,166,184,166,42,74,79,99,100	8,13,16,13,15,1,2,4,7,5	146,94,125,102,190,157,162,85,75,19	8,3,4,6,8,6,12,8,5,4	818	75
583	0,3,5,5,2,5,8,7,3,2	27,22,14,26,27,20,19,20,31,24	6,0,1,0,1,4,1,3,4,4	24,18,14,20,18,19,17,21,17,32	1175	75
584	0,2,2,2,1,2,6,3,1,2	0,0,0,0,0,0,0,0,0,0	3,0,1,0,1,4,0,3,2,3	1,0,0,0,0,0,0,0,0,0	1111	75
585	24,23,20,22,17,15,17,24,24,23	29,26,32,25,24,34,19,28,23,26	23,10,9,18,19,18,18,12,12,17	28,27,22,11,26,28,32,26,37,27	2674	75
586	18,24,24,11,11,13,11,22,22,24	0,0,0,0,0,1,1,0,0,0	29,14,24,19,30,15,23,21,21,20	1,0,0,0,0,0,0,0,0,0	277	75
587	1,4,4,3,3,3,3,4,0,2	315,435,363,431,314,395,375,306,365,415	4,0,2,4,5,0,3,4,4,6	345,348,347,339,429,336,424,381,431,345	1730	75
588	16,23,15,18,14,18,12,13,12,20	398,478,465,500,441,433,394,425,428,510	16,8,12,16,10,9,13,12,21,25	427,446,427,425,497,487,529,442,534,538	1385	75
589	3,5,11,12,11,3,5,11,7,8	96,108,98,112,95,128,102,112,105,108	10,6,7,6,15,5,16,10,8,8	96,93,80,75,106,109,109,93,114,89	2203	75
590	0,2,0,4,1,2,3,0,2,0	192,199,184,180,162,169,173,200,168,193	0,0,0,2,1,0,3,2,3,0	158,169,207,210,194,197,202,171,200,264	149	75
592	17,23,30,28,26,32,19,25,17,20	0,0,0,0,1,0,3,0,2,2	20,28,16,24,11,13,21,18,28,48	0,2,0,1,0,0,0,0,1,1	395	75
593	9,8,18,14,16,20,13,10,9,14	4,3,0,0,8,1,2,1,0,5	7,9,7,15,6,3,14,13,21,23	1,2,1,3,3,0,2,4,2,2	286	75
597	27,41,30,35,27,30,32,22,21,32	0,0,0,0,0,0,0,0,0,0	40,20,21,17,30,33,38,34,30,38	0,1,0,0,0,0,0,0,0,0	2105	75
598	0,0,0,0,0,0,0,0,0,0	5,21,12,11,17,2,5,3,0,5	0,0,0,0,0,0,0,0,1,0	10,7,8,8,8,9,14,3,7,3	1510	75
599	19,21,25,24,19,17,15,7,12,18	635,705,681,759,677,600,524,570,598,606	26,10,10,10,20,11,9,16,19,19	693,568,605,597,739,658,659,560,631,616	627	75
601	25,33,24,27,21,25,21,33,31,20	1,2,3,2,4,2,1,2,0,1	19,22,11,16,24,21,23,15,26,23	1,1,3,3,1,3,1,3,2,2	3068	75
602	9,20,12,7,8,7,2,9,11,11	37,48,38,52,53,25,38,47,38,37	13,4,10,5,12,8,9,2,10,4	42,34,29,48,46,34,34,43,32,32	76	75
604	0,1,1,4,8,2,2,1,3,0	17,18,16,14,19,3,6,14,15,4	1,1,1,0,4,0,1,1,0,3	18,8,14,11,16,12,11,9,8,2	841	75
605	4,3,9,8,2,4,10,2,4,9	10,10,13,19,14,12,10,7,13,14	11,3,2,1,10,2,3,3,6,9	18,14,11,8,16,20,9,19,13,10	810	75
606	5,1,0,1,2,2,1,0,0,0	608,766,805,612,361,518,771,662,934,1088	1,0,2,1,3,0,0,1,0,1	833,685,809,764,968,1028,1080,859,953,1158	156	75
607	5,19,16,6,16,4,3,15,8,9	0,1,3,2,0,0,0,2,1,1	16,14,8,9,9,19,22,21,10,3	2,0,1,1,0,1,0,0,0,2	255	75
608	0,1,1,1,1,0,0,4,0,1	24,22,31,30,23,26,27,15,25,23	6,0,0,0,1,3,1,2,2,0	37,27,21,23,35,29,20,25,17,16	202	75
609	3,0,3,4,3,4,5,10,4,4	38,48,46,63,44,33,41,52,51,45	4,5,1,1,6,4,4,3,6,8	43,38,45,50,42,44,45,39,30,54	1533	75
610	30,30,22,28,28,16,22,17,25,25	1,1,0,0,0,0,0,1,0,1	20,27,24,17,28,25,24,20,23,8	0,0,0,1,0,0,0,0,1,0	149	75
611	50,43,42,47,34,38,44,42,42,54	282,251,283,245,201,262,241,221,253,246	52,40,54,31,51,47,49,54,61,62	237,222,213,237,272,215,263,223,270,280	401	75
612	12,10,10,13,8,2,11,10,6,9	10,12,12,18,14,11,9,11,4,15	6,8,9,8,10,8,10,15,17,13	15,8,6,12,15,13,17,15,10,11	168	75
614	0,1,0,2,0,0,0,0,1,0	34,50,57,40,66,17,36,27,58,37	0,0,0,0,0,0,0,0,0,0	37,41,30,45,51,36,70,42,33,8	751	75
615	1,0,0,0,1,0,0,0,0,0	59,87,59,54,63,28,37,38,29,49	0,0,0,0,0,0,0,1,1,0	61,38,38,63,73,48,65,37,24,29	176	75
616	4,10,8,13,8,9,5,7,5,10	12,17,24,15,17,22,21,18,10,22	18,3,12,9,12,9,3,3,11,13	26,18,16,12,21,20,20,11,14,16	627	75
617	1,0,3,3,1,1,0,0,3,1	142,134,124,147,133,165,129,119,136,144	2,1,0,1,2,2,1,1,4,2	126,129,132,142,121,126,164,134,130,163	218	75
618	10,15,15,2,6,9,26,14,26,22	4,5,3,1,7,3,7,2,2,5	30,9,21,23,32,26,19,21,18,11	3,2,2,4,3,4,0,4,2,5	125	75
619	0,0,0,0,0,0,0,0,0,0	3,1,3,1,0,0,1,0,2,2	1,0,0,0,0,0,0,0,0,0	2,3,0,1,1,0,1,2,1,0	76	75
620	41,29,27,45,37,38,35,37,31,32	2,7,2,3,2,6,2,3,2,2	39,31,37,58,35,45,57,32,52,39	9,1,0,4,2,6,1,4,2,13	153	75
621	0,0,0,1,1,1,2,0,0,0	34,30,26,31,32,46,20,42,38,45	3,0,0,0,1,2,3,2,1,3	41,29,23,35,36,33,42,27,36,48	216	75
622	0,0,1,0,0,1,0,1,0,0	32,35,33,32,37,13,29,28,34,41	1,0,0,0,0,2,1,0,0,1	27,43,23,37,49,32,45,38,29,23	738	75
623	1,4,5,6,1,1,4,5,1,1	38,46,41,43,39,38,38,49,30,49	4,1,1,0,4,5,0,1,5,9	40,28,35,29,24,30,45,24,39,41	559	75
624	2,0,1,1,0,1,3,1,2,0	32,35,32,33,26,20,24,25,33,31	2,4,0,0,0,0,2,0,0,0	32,28,29,24,42,40,48,33,21,23	497	75
625	2,0,1,1,0,1,3,1,2,0	1,3,0,0,0,1,1,4,0,4	2,4,0,0,0,0,2,0,0,0	2,1,0,1,0,0,1,0,0,1	495	75
626	1,0,1,2,1,0,0,2,1,0	32,37,31,37,47,55,22,41,28,31	2,0,2,2,1,2,1,0,2,2	37,30,31,29,33,37,29,23,45,40	1373	75
627	1,1,1,3,1,1,0,3,1,3	1,2,1,2,0,3,0,2,2,0	4,2,2,2,1,1,2,2,2,5	1,0,0,1,5,2,0,3,0,2	183	75
628	2,0,0,2,0,0,0,0,0,0	1,0,0,0,1,4,2,1,5,3	0,0,1,1,0,0,1,0,0,0	2,0,1,1,2,2,3,0,2,0	234	75
630	3101,3611,3551,3526,3030,2976,2717,3096,3087,3222	0,0,0,0,0,0,0,0,0,0	3138,2925,2752,3459,3289,3003,3407,3271,3295,3112	0,0,0,0,0,0,0,1,1,0	3420	75
631	12,12,10,18,11,11,10,18,7,6	57,70,74,67,86,35,38,42,46,45	14,9,8,13,13,12,14,4,11,12	56,49,52,64,67,57,68,71,49,21	451	75
632	72,67,53,91,66,55,62,58,76,71	0,0,0,0,0,0,0,0,0,1	73,53,67,55,74,71,68,51,68,67	0,0,0,0,0,0,0,0,0,0	1547	75
633	0,2,4,1,1,3,2,2,1,4	70,46,63,72,52,56,49,42,54,62	2,2,2,1,0,1,0,0,0,0	68,57,40,55,66,59,56,40,61,36	180	75
635	0,1,0,0,0,0,0,0,0,0	2,1,3,0,1,1,0,0,1,1	0,0,0,0,0,2,0,0,0,0	3,1,2,0,0,1,0,4,0,0	610	75
636	0,2,0,1,0,0,1,0,0,0	3,1,2,2,1,1,1,1,1,1	1,0,0,0,0,1,0,0,1,0	0,1,2,0,2,0,1,0,2,0	1202	75
637	179,180,174,178,134,119,94,146,156,160	2,1,3,2,2,0,1,0,3,1	152,141,139,97,206,139,173,126,125,126	5,3,1,1,2,2,4,1,1,3	329	75
638	187,177,186,193,140,120,90,150,159,165	2,1,6,0,2,2,0,6,5,3	154,142,142,100,217,142,176,125,139,133	4,5,1,2,1,2,5,5,1,2	1061	75
639	38,24,30,39,29,15,14,24,33,20	14,20,7,9,10,9,8,10,10,11	29,22,28,16,42,20,36,27,38,29	15,10,7,5,13,10,16,13,7,6	776	75
640	0,2,2,1,1,0,0,0,0,0	32,26,25,27,26,18,14,21,13,18	0,1,2,0,0,0,2,1,1,1	18,24,22,14,23,14,28,19,17,20	701	75
641	32,38,15,21,27,21,21,32,19,28	0,0,2,0,0,0,0,0,0,0	24,30,11,27,34,28,23,17,25,31	0,0,0,0,0,0,0,0,0,0	1465	75
642	5,6,5,6,4,3,5,8,3,5	35,25,27,35,24,41,29,28,27,44	5,1,2,3,5,1,3,4,7,3	30,40,27,31,36,22,27,31,30,35	256	75
643	35,37,31,34,22,32,19,42,30,38	1,0,0,0,0,0,0,0,0,0	31,15,27,16,38,26,24,28,46,41	0,0,0,0,0,0,0,0,0,0	559	75
644	15,17,12,15,8,16,8,11,12,15	11,11,18,13,14,11,15,16,9,13	14,7,14,5,14,11,8,7,14,19	9,12,11,9,16,6,13,9,14,12	244	75
645	14,13,11,10,7,13,8,9,9,12	0,2,1,2,3,2,0,3,3,4	10,6,9,5,11,7,4,6,12,15	0,3,2,1,8,0,4,0,4,6	210	75
646	4,3,3,5,1,0,3,2,2,2	5,10,10,14,6,4,7,6,8,15	0,3,1,6,1,0,5,1,3,2	8,5,11,7,7,3,14,4,8,5	575	75
647	1,0,2,0,0,0,0,0,0,0	4,5,4,3,2,4,0,3,1,2	0,0,0,0,0,1,0,0,0,0	1,2,2,3,4,1,1,3,1,8	193	75
648	1,0,0,0,0,0,0,0,2,0	3,5,0,2,1,0,2,1,1,3	0,2,0,0,0,0,0,1,0,0	1,1,1,3,1,2,1,6,3,4	710	75
650	0,0,0,0,0,0,0,0,0,2	3,2,1,3,0,0,0,0,2,2	0,1,0,0,1,0,0,0,0,0	0,0,0,0,2,0,1,0,4,0	168	75
651	1,3,0,0,0,0,1,0,1,1	49,71,53,49,57,55,42,60,54,51	1,0,0,2,2,0,0,0,3,2	45,57,56,42,51,57,48,47,78,64	154	75
652	0,3,1,1,0,2,0,1,1,0	53,73,62,65,56,70,60,66,61,54	1,0,2,0,0,0,0,1,0,3	61,62,49,68,63,48,65,49,73,71	374	75
653	5,5,5,2,2,3,3,6,6,3	111,101,88,121,77,131,82,113,92,109	5,7,4,9,3,8,4,4,14,6	110,88,86,70,91,70,108,88,102,116	182	75
654	1,1,1,2,0,1,1,1,1,0	40,58,41,57,41,56,51,55,59,63	1,0,0,2,2,2,0,1,1,0	51,43,31,41,53,51,54,53,66,51	218	75
655	2,2,3,3,0,2,2,3,3,1	0,0,0,0,1,0,0,0,0,0	1,0,0,4,2,3,0,1,4,0	0,0,0,0,0,0,0,0,0,0	378	75
656	2,1,3,2,0,1,1,2,4,1	61,77,73,74,70,60,62,56,50,92	0,0,0,3,0,1,0,0,3,0	83,65,65,60,68,68,64,69,89,80	172	75
657	1,1,0,1,2,3,0,2,0,0	94,133,104,109,96,120,104,78,87,136	1,1,1,1,2,1,0,1,0,3	92,106,81,96,100,131,121,112,96,133	155	75
659	1,1,8,7,4,2,6,5,3,4	65,99,86,71,82,62,84,69,85,111	6,3,2,2,3,1,1,3,9,7	90,72,60,64,82,71,101,83,74,81	392	75
660	7,5,11,9,6,8,3,7,5,2	18,16,24,20,23,19,13,23,20,17	7,5,6,2,11,4,0,4,6,4	20,24,22,19,14,27,15,11,13,18	377	75
661	0,0,2,0,3,2,1,0,1,1	2,6,9,13,9,8,7,9,5,1	0,0,0,1,3,0,4,0,0,0	5,7,12,3,7,6,9,6,3,3	234	75
662	14,15,12,20,10,11,18,16,15,16	19,28,24,32,16,25,15,31,21,16	10,16,16,18,23,11,21,16,21,28	17,11,23,31,21,16,25,15,22,15	311	75
663	7,6,8,12,6,9,7,9,6,3	35,26,25,30,27,29,20,32,31,27	6,4,9,5,4,6,10,7,5,9	26,22,23,16,28,19,30,16,21,25	406	75
664	1,0,1,6,0,0,0,4,2,0	10,12,11,10,6,19,10,11,10,5	1,2,1,0,2,1,2,2,1,2	10,10,10,12,11,11,21,9,7,8	178	75
665	1,0,1,6,0,0,0,4,1,0	0,1,0,0,0,0,0,0,0,0	1,2,1,0,1,1,2,0,1,2	0,0,0,0,0,0,0,0,0,0	173	75
666	3,1,2,1,3,4,6,4,6,4	18,23,5,19,15,9,18,18,23,13	4,3,2,3,1,3,2,4,2,2	14,20,15,10,12,11,22,17,13,11	171	75
667	22,13,23,20,17,13,19,21,18,25	0,0,0,0,1,0,0,0,1,0	20,10,21,15,23,12,20,10,14,13	0,0,0,0,0,0,0,0,0,0	261	75
668	14,10,12,8,9,8,4,6,11,3	0,0,0,0,0,0,0,0,0,0	7,3,5,7,10,9,9,7,10,7	0,0,0,0,0,0,0,0,0,1	376	75
669	17,15,19,17,14,26,11,18,12,13	1211,1228,1327,1303,1085,1205,1008,1131,1062,1253	13,12,12,12,14,7,14,11,17,12	1245,1027,1108,1240,1277,1109,1167,1053,1280,1288	330	75
670	16,13,20,26,15,13,7,20,17,11	1074,1145,1170,1168,993,1037,955,1023,1107,1118	20,10,8,13,19,11,15,16,31,26	1101,1064,1018,1093,1050,994,1239,1004,1124,1023	232	75
671	40,62,67,42,25,32,47,40,41,48	151,186,169,152,123,125,121,149,160,171	44,52,39,45,64,54,64,34,50,39	174,148,154,163,187,194,195,153,159,132	211	75
672	2,1,2,1,2,1,3,1,1,0	12,10,18,14,10,18,10,11,16,12	1,2,2,1,2,0,0,2,2,3	15,10,8,14,12,15,10,10,15,20	214	75
673	0,1,0,0,0,0,0,0,0,0	9,20,8,20,19,8,9,11,8,13	1,0,0,0,0,0,0,0,0,0	12,7,10,14,7,11,16,13,14,18	212	75
674	6,1,3,3,7,3,1,4,6,3	3,2,9,6,2,2,6,5,0,9	4,4,1,0,7,3,1,0,2,1	8,1,7,1,10,6,1,1,5,2	860	75
675	1,1,1,3,2,0,0,1,4,0	1,0,0,1,0,0,0,0,0,0	2,3,0,1,1,3,2,5,1,1	0,0,0,0,0,0,0,1,1,1	214	75
676	4,3,4,8,0,1,0,2,1,0	7,5,10,3,9,1,6,3,6,5	6,0,0,1,3,1,1,1,1,5	15,4,9,4,6,3,7,4,3,8	379	75
677	4,3,4,9,0,2,0,3,3,1	86,97,89,76,79,27,42,37,56,53	8,0,0,1,3,1,3,2,1,6	96,48,53,47,115,52,68,54,50,30	394	75
680	24,27,27,22,19,21,19,20,16,12	3,2,1,0,0,0,1,3,0,0	26,16,17,19,32,12,14,15,14,14	2,2,0,2,1,2,3,1,3,2	350	75
682	16,19,18,16,9,5,5,11,12,8	0,1,2,0,0,0,0,0,1,0	20,9,13,17,16,24,14,15,13,9	0,0,1,0,0,0,1,0,0,0	485	75
683	11,5,10,6,6,4,3,6,3,8	49,58,43,56,45,24,33,28,26,48	9,4,1,4,6,7,3,2,2,6	48,41,34,36,44,39,42,32,40,23	1403	75
684	8,5,3,12,6,11,9,9,7,9	110,155,142,121,143,147,103,124,118,149	11,5,6,3,9,9,7,4,13,11	135,143,110,132,172,114,167,136,141,116	218	75
685	11,3,6,4,6,7,1,9,8,7	0,0,0,0,0,1,0,1,0,0	4,5,4,8,15,11,13,9,4,9	0,0,0,0,2,0,0,2,0,0	663	75
687	41,32,35,38,29,29,32,39,35,53	5,7,3,4,7,6,5,6,4,5	38,24,35,40,44,33,42,47,38,29	2,5,6,6,4,2,4,3,4,13	233	75
688	1,0,1,2,1,3,2,1,0,2	61,42,43,52,46,43,45,34,41,44	1,1,0,0,0,1,0,0,1,0	44,35,30,40,50,41,44,43,36,45	173	75
689	4,2,6,6,7,5,4,12,3,13	41,46,50,68,51,35,37,54,37,41	2,5,1,12,8,0,1,6,7,6	53,43,57,58,60,75,60,56,47,70	1274	75
693	3,4,8,1,4,4,2,2,5,2	16,27,21,34,16,13,12,15,17,18	0,2,3,1,5,2,2,2,1,5	14,21,24,23,24,23,18,15,17,19	515	75
694	1,3,1,1,2,0,1,0,0,2	0,0,0,0,0,0,0,0,0,0	1,0,0,0,1,2,0,0,1,0	1,0,0,0,0,0,0,0,0,0	777	75
695	1,1,0,1,0,1,3,0,0,0	114,153,167,170,163,144,136,143,156,170	1,0,0,1,1,1,1,1,1,0	160,141,133,129,153,133,179,166,182,175	152	75
699	8,7,11,9,4,7,10,2,9,8	83,97,99,98,84,115,92,103,108,108	5,4,5,5,11,3,6,14,6,8	90,121,89,97,100,84,112,94,132,127	156	75
701	1,1,2,1,1,0,0,7,2,0	0,0,0,0,1,0,0,0,0,1	5,1,1,1,1,1,1,1,0,1	0,0,0,0,0,0,0,0,0,0	737	75
702	3,7,6,6,2,7,5,5,7,7	38,35,45,39,48,38,39,52,33,46	2,2,0,7,1,1,7,7,5,9	31,43,35,48,42,45,47,34,47,47	158	75
703	3,0,5,2,0,1,1,3,3,0	2,3,4,3,7,7,7,4,6,9	0,2,2,3,2,1,1,0,1,2	1,3,2,4,8,5,2,4,8,9	158	75
704	2,0,5,0,0,1,0,1,2,0	260,271,254,260,265,288,238,268,273,275	0,1,2,0,2,1,1,0,1,2	224,275,226,246,274,258,326,271,309,233	154	75
705	0,1,2,1,1,2,0,1,2,0	278,270,301,297,272,339,227,254,259,331	5,1,2,4,5,2,1,0,4,5	270,271,292,285,279,244,309,284,292,319	167	75
706	1,1,1,2,0,0,1,1,0,3	300,341,363,356,335,401,307,303,332,370	0,1,1,0,1,0,4,0,2,2	326,335,315,341,384,317,372,331,387,382	191	75
707	130,85,113,119,100,131,102,105,135,128	1,0,0,0,0,2,0,0,0,0	121,106,101,102,103,84,103,112,121,158	0,3,0,0,1,0,0,0,0,2	888	75
708	30,17,17,24,15,20,15,16,17,21	273,287,278,326,253,303,256,255,271,275	18,18,12,10,27,15,14,16,25,23	298,229,275,254,256,256,279,232,285,292	666	75
709	7,9,3,8,5,8,4,7,11,4	58,78,70,82,60,74,54,60,56,54	6,1,4,2,4,3,4,9,7,15	53,68,69,87,55,68,83,81,81,50	1120	75
710	1,1,4,3,4,6,2,8,2,6	67,106,75,76,65,74,51,82,78,70	2,1,5,3,4,3,2,5,5,16	60,60,57,102,79,63,97,74,64,73	441	75
711	8,6,7,7,4,4,3,11,5,10	29,30,42,35,30,28,22,33,34,46	6,5,7,8,8,5,3,9,12,4	28,27,38,38,36,34,42,26,36,38	149	75
712	134,125,146,147,149,91,100,111,125,118	10,7,8,12,7,7,5,8,11,4	139,99,130,119,165,129,141,119,127,91	7,10,7,7,13,9,12,14,3,7	177	75
713	2,0,1,1,1,2,0,1,2,0	63,96,83,77,87,69,76,70,64,73	1,0,0,1,4,1,2,0,1,1	74,77,70,79,96,76,71,83,74,72	153	75
714	6,2,3,1,6,2,3,3,2,5	39,44,50,41,43,32,42,42,38,38	10,2,2,4,5,0,0,6,8,10	38,31,37,34,48,30,65,47,35,54	215	75
715	1,2,3,6,1,4,2,6,5,2	52,44,29,48,32,23,32,34,36,34	2,0,0,1,1,1,0,3,2,6	32,37,50,38,35,36,41,27,30,41	285	75
716	10,9,6,6,11,2,5,5,9,2	43,52,57,57,47,67,34,71,50,50	7,3,3,7,5,1,7,6,12,16	40,62,44,51,50,50,54,56,77,90	323	75
717	34,44,41,43,35,49,27,32,37,31	12,6,8,11,6,11,5,8,8,3	50,41,30,35,33,31,37,27,53,58	2,13,6,4,6,10,9,5,9,7	391	75
718	15,8,8,7,6,7,9,9,3,11	1,1,0,1,0,0,1,1,2,2	14,8,8,13,6,11,8,8,8,11	1,1,1,0,1,1,0,1,0,0	175	75
720	2,0,0,0,0,0,0,0,0,1	5,9,6,3,8,4,2,6,3,7	1,0,0,0,0,0,0,0,0,0	8,2,6,6,6,2,1,7,12,2	153	75
721	44,55,22,59,28,25,26,24,45,33	52,55,63,69,67,25,59,59,58,46	36,40,17,34,38,17,30,30,44,61	55,55,41,73,51,66,69,46,40,24	2462	75
722	0,3,1,0,1,1,0,2,1,0	0,0,0,0,0,0,0,0,1,0	3,2,5,1,5,3,2,2,1,1	0,0,0,1,0,0,0,0,1,0	1226	75
723	3,0,2,1,0,0,0,0,0,0	74,93,93,93,97,80,80,92,97,105	0,0,0,0,0,0,0,0,0,1	96,92,78,71,72,76,99,82,91,87	292	75
724	34,29,33,29,37,12,27,26,21,21	49,57,48,45,58,53,50,62,57,69	25,11,19,18,34,24,30,16,25,19	46,45,53,65,81,58,90,70,57,54	1308	75
734	60,58,75,58,51,47,66,59,48,83	22,37,34,28,19,27,22,35,27,32	61,45,59,76,71,66,80,67,84,57	30,25,31,25,30,22,36,22,35,23	177	75
737	9,17,12,21,13,6,18,6,20,16	18,30,26,23,17,15,15,23,13,20	20,11,8,12,11,11,10,22,14,19	29,19,30,34,24,33,28,31,32,27	407	75
738	168,190,181,187,169,184,153,174,167,213	1,3,2,1,0,0,1,2,3,0	183,167,154,160,202,197,233,165,219,225	0,2,1,0,1,0,3,1,1,1	998	75
739	146,155,156,164,149,156,130,145,136,191	0,0,0,3,0,0,0,0,0,2	152,149,129,142,176,174,202,144,186,194	1,0,0,0,0,0,3,2,0,0	967	75
740	20,17,23,23,18,8,12,14,17,21	36,47,49,51,44,52,43,49,33,62	14,13,12,11,24,13,26,7,17,31	37,45,43,59,39,52,56,37,64,80	871	75
741	110,83,78,103,71,87,71,68,89,105	0,1,0,0,0,0,0,0,1,0	58,72,62,76,90,99,97,66,95,119	0,0,0,3,2,0,3,0,0,2	918	75
742	3,1,4,2,2,4,1,5,3,2	23,37,29,29,26,28,23,37,33,33	4,5,2,1,4,3,3,2,3,3	24,23,23,20,41,29,38,28,37,40	1878	75
743	4,2,1,3,1,2,0,1,2,2	109,123,137,130,116,111,104,123,90,110	3,3,1,0,1,3,2,0,2,3	85,98,114,98,123,116,125,101,110,93	273	75
744	9,3,4,8,12,8,1,10,4,9	212,231,276,248,235,260,196,257,215,190	6,8,1,6,8,6,6,6,6,14	230,215,224,239,247,246,252,255,283,293	283	75
745	20,27,23,22,25,10,18,14,29,27	0,0,0,1,0,0,0,0,0,0	13,6,11,20,24,11,20,16,28,28	0,0,0,0,0,0,0,0,0,0	979	75
746	7,7,8,10,4,5,7,4,5,6	95,131,152,127,115,115,102,104,112,124	9,5,6,7,11,1,3,5,9,8	127,111,134,150,119,100,146,114,108,115	1659	75
747	0,8,11,5,4,3,5,5,5,11	150,104,102,97,99,104,99,95,112,124	6,5,0,2,5,4,11,3,11,10	110,104,99,126,113,84,104,126,89,104	950	75
748	53,56,76,67,55,59,58,51,51,79	0,0,0,0,0,0,0,0,0,0	71,38,51,50,70,49,76,57,73,53	0,0,0,0,0,1,0,0,0,0	1009	75
749	2,5,5,7,2,2,4,5,6,2	142,134,142,150,146,165,102,143,148,181	3,6,1,4,6,5,3,0,7,5	110,124,139,139,147,117,126,129,155,163	255	75
750	0,3,0,0,0,0,0,0,0,1	12,21,13,14,15,23,16,10,11,11	1,1,2,0,2,1,0,0,0,2	11,8,12,15,13,12,14,10,7,19	161	75
751	1,1,2,2,0,1,0,1,0,1	4,10,11,8,12,11,9,15,9,10	0,1,0,1,1,0,2,0,0,2	11,13,6,9,12,7,10,8,13,7	156	75
752	7,1,0,3,1,5,4,2,3,2	14,25,19,17,5,19,15,7,15,19	4,0,1,0,2,0,3,2,5,5	10,20,17,9,21,21,22,12,14,9	550	75
753	49,30,22,22,35,43,28,63,31,59	10,2,0,0,8,4,1,7,7,7	50,41,20,44,33,46,47,48,24,36	10,3,0,4,7,4,9,6,5,5	162	75
754	5,4,11,13,6,8,11,4,3,3	45,64,47,51,47,42,41,51,32,46	8,9,2,2,8,1,10,5,10,11	44,49,47,51,44,47,53,48,49,37	338	75
756	61,70,67,60,53,58,60,68,61,68	42,43,33,37,32,34,37,42,41,50	61,77,48,58,75,51,58,45,68,62	41,36,35,44,42,33,34,25,40,35	600	75
758	1,5,3,2,0,2,0,5,2,1	17,15,22,14,14,12,9,20,14,13	3,1,1,0,3,1,4,0,3,1	20,12,18,17,17,26,28,18,14,11	1165	75
759	0,0,0,0,0,0,2,0,0,0	19,26,21,23,23,19,23,20,22,22	1,3,0,0,0,0,1,0,1,0	24,24,23,33,32,32,42,22,25,22	157	75
760	3,1,1,1,5,2,4,1,1,2	41,35,50,42,32,19,35,36,53,32	2,1,1,2,1,3,2,0,0,1	42,37,47,51,46,55,59,37,27,23	1038	75
761	72,68,62,72,42,76,41,54,63,51	8,6,8,6,5,7,5,8,7,12	37,46,37,41,74,39,79,57,77,64	12,10,4,6,8,1,4,14,13,20	167	75
762	4,4,9,22,11,9,15,11,6,7	24,45,25,28,20,34,17,26,27,21	4,4,6,8,12,6,7,7,15,14	22,25,14,17,29,23,17,27,39,31	2265	75
763	1,5,2,0,0,2,0,0,5,0	0,0,1,0,0,0,1,0,0,0	2,1,0,0,3,0,0,0,1,0	0,0,0,0,1,2,0,1,0,1	1100	75
764	3,7,5,0,0,4,1,3,7,4	0,0,0,0,0,1,1,0,0,0	3,1,3,4,5,0,1,3,3,1	0,0,0,1,0,0,0,0,0,0	1340	75
765	0,7,7,4,3,7,5,1,7,6	50,44,53,59,59,33,51,54,47,57	7,0,5,1,5,1,2,4,7,6	60,53,47,60,71,50,66,48,58,51	920	75
767	7,8,5,3,1,0,6,4,5,3	0,0,0,0,1,0,0,0,0,0	6,6,4,4,14,6,4,4,3,2	0,0,0,0,0,0,0,0,0,0	584	75
768	31,32,42,46,32,30,20,16,17,31	0,0,4,1,3,2,1,2,1,0	33,19,20,28,44,22,31,16,32,33	1,1,3,3,8,0,1,0,1,0	1527	75
769	66,72,76,88,88,55,56,85,82,96	424,392,417,523,359,382,330,385,336,450	91,77,76,74,85,106,87,76,78,88	426,379,401,404,359,422,419,354,385,377	373	75
770	0,2,2,2,3,0,3,2,2,1	791,876,857,997,737,709,788,826,748,957	2,1,2,1,0,2,3,1,1,5	875,751,788,824,859,839,901,769,839,730	163	75
771	9,11,7,12,8,6,4,6,5,7	26,14,12,12,20,15,11,15,16,27	10,4,2,3,13,7,10,2,15,8	19,21,11,11,18,11,15,11,14,8	1627	75
773	16,17,22,29,10,10,14,31,16,10	17,22,23,8,20,20,11,13,9,17	13,13,8,9,18,7,9,15,24,22	23,18,11,8,17,13,20,7,14,4	562	75
774	0,0,3,1,0,0,0,0,0,0	0,2,2,2,0,0,1,1,1,1	1,1,0,0,0,0,0,0,0,1	1,4,3,0,1,3,2,0,2,3	744	75
775	61,54,75,67,57,26,35,51,53,45	31,24,28,31,30,14,29,22,30,35	82,50,53,33,71,50,72,68,45,25	20,26,16,16,27,29,35,18,25,9	163	75
776	3457,3676,3971,4148,3481,2396,2664,2977,3078,3408	6,11,11,6,10,4,5,12,8,11	3628,3159,3052,3231,4010,3438,3669,3231,3034,2030	12,9,7,9,10,5,9,10,6,10	3238	75
779	0,0,0,0,0,1,0,0,0,0	1,1,0,0,0,0,0,0,0,0	0,0,0,0,0,0,0,0,0,0	0,0,0,0,0,0,0,0,2,1	786	75
780	25,20,25,18,22,24,16,15,19,19	0,0,0,0,1,0,0,1,0,0	21,20,14,18,26,22,35,12,17,21	0,0,0,0,1,0,0,0,0,0	402	75
781	1,2,1,3,0,4,1,1,1,1	2,3,4,4,0,0,0,3,2,6	1,1,0,2,3,1,2,1,0,3	9,1,2,4,3,0,3,1,3,2	273	75
782	36,37,36,28,30,35,24,27,25,30	4,6,2,3,3,2,2,0,3,0	28,24,18,26,35,33,37,19,23,29	5,4,2,0,1,2,2,1,2,0	472	75
783	23,30,31,19,24,11,13,20,25,14	4,3,3,1,3,2,0,2,1,0	32,22,19,10,18,27,21,15,18,3	1,5,4,2,1,1,0,1,3,0	137	75
784	38,48,34,37,48,31,31,33,43,47	8,8,12,5,6,6,9,6,8,7	42,40,22,29,39,34,49,35,26,34	9,10,7,6,9,11,11,7,1,6	193	75
785	18,13,8,11,15,12,5,9,11,15	1,0,0,0,0,0,0,1,0,0	8,8,9,10,11,13,9,14,17,8	0,0,0,1,0,0,0,1,0,0	471	75
786	11,7,4,8,7,3,2,7,6,9	8,22,14,17,15,14,11,18,14,17	2,3,4,7,3,7,3,7,9,6	12,14,18,13,11,17,19,20,13,17	460	75
787	9,3,1,7,1,2,0,4,5,0	16,21,17,17,20,8,19,18,13,25	1,0,1,5,3,1,2,0,1,4	15,12,12,17,14,8,22,13,20,17	844	75
789	0,1,0,0,0,0,0,0,0,0	0,0,0,1,0,0,0,0,0,0	0,0,0,0,0,0,0,0,0,0	0,0,1,0,0,0,0,0,0,0	172	75
790	1,2,0,1,0,2,0,2,1,2	11,9,7,10,11,9,11,10,10,14	0,1,0,1,2,1,0,0,2,2	8,5,14,4,13,14,9,10,10,13	220	75
791	0,0,0,0,1,1,0,0,1,0	16,16,14,17,5,9,6,9,11,12	0,0,0,0,2,0,0,1,0,0	12,17,9,14,15,17,18,2,12,17	199	75
792	1,0,1,0,0,0,0,0,0,0	49,70,58,64,70,40,55,58,69,61	2,0,0,2,2,0,2,1,1,0	80,70,45,66,61,75,58,61,66,63	150	75
793	1501,1647,1588,1585,1081,1249,1107,1051,1350,1330	0,0,1,2,2,2,1,0,1,0	1507,1269,1040,1399,1701,1481,1389,1153,1272,1151	0,2,0,2,0,0,1,3,2,0	1735	75
795	0,0,0,0,0,0,0,0,1,0	0,0,1,0,1,0,0,0,0,0	0,0,0,0,0,0,0,0,1,1	0,0,0,0,0,0,0,0,2,0	246	75
796	127,95,126,152,102,84,85,109,128,99	60,69,69,53,43,59,57,43,63,83	157,76,76,77,144,94,105,72,142,169	60,74,59,65,73,58,68,75,52,63	1358	75
797	0,3,1,2,4,3,3,6,2,2	41,51,38,49,33,39,36,38,42,43	3,0,1,4,2,2,1,2,4,6	42,37,29,48,49,47,44,51,50,25	156	75
798	2,5,4,4,4,3,4,3,5,9	13,14,19,17,15,14,16,10,19,20	9,5,6,2,10,6,3,1,6,3	13,11,13,19,16,11,16,16,18,17	325	75
799	10,10,7,15,8,12,15,7,11,11	3,1,3,1,1,3,3,4,1,1	10,4,7,16,11,7,12,13,22,37	0,2,0,1,0,4,1,3,2,3	886	75
800	432,374,409,448,360,487,366,439,417,489	1,1,1,0,2,3,3,1,2,1	484,393,376,393,392,339,406,364,549,565	0,1,1,0,3,0,0,6,2,3	1037	75
801	14,12,13,25,18,16,21,9,19,20	66,59,63,69,77,71,66,50,59,90	30,6,8,13,28,8,23,16,34,35	72,60,75,61,72,62,71,61,94,85	196	75
802	0,0,1,0,0,0,0,0,0,0	0,0,0,2,0,0,0,0,0,0	0,0,0,0,0,0,0,0,0,0	0,1,0,0,0,1,0,0,0,0	505	75
803	0,0,1,0,0,0,0,0,0,0	1,0,0,0,0,0,0,0,0,0	0,0,0,0,0,0,0,0,0,0	1,0,0,0,0,0,0,0,0,0	509	75
804	0,4,1,1,3,0,4,5,1,1	26,38,65,56,47,51,55,55,38,31	3,2,3,2,4,0,1,1,2,0	32,55,70,56,46,50,59,38,39,79	177	75
805	8,11,5,12,8,5,7,3,7,15	1,1,0,0,0,0,0,0,0,0	9,5,4,2,8,4,10,2,7,3	0,0,0,0,0,0,0,0,0,0	1317	75
806	5,6,7,10,7,3,6,8,3,5	2,5,4,2,2,3,1,3,8,3	8,3,6,3,11,5,7,5,6,6	4,7,1,3,8,2,5,1,2,2	2156	75
807	7,7,8,3,10,11,10,3,8,5	35,46,43,48,35,43,35,43,49,48	11,6,3,2,11,8,8,8,3,8	39,41,32,33,58,47,50,27,46,46	205	75
808	7,10,7,6,13,10,13,9,7,8	3,1,10,4,5,1,3,6,2,5	11,6,6,7,9,8,8,5,11,13	1,2,4,3,3,4,6,2,5,8	1892	75
809	15,8,10,7,9,11,10,19,7,10	6,8,6,5,8,3,4,3,5,2	5,5,6,4,10,6,15,3,6,14	12,11,10,5,5,2,6,6,8,5	1295	75
810	172,170,159,193,165,141,155,165,161,173	3,3,2,7,2,1,1,3,2,2	155,141,117,139,179,157,157,142,167,182	1,2,3,5,1,4,1,0,0,4	1877	75
811	3,1,1,4,2,3,1,2,4,3	167,133,146,171,126,193,173,154,179,186	4,2,0,1,3,2,5,3,1,4	177,123,172,156,172,153,156,151,184,260	153	75
813	58,69,60,83,45,51,48,57,52,59	8,13,9,13,11,20,14,12,12,19	66,44,38,39,71,41,59,36,73,71	14,20,22,23,9,9,14,18,21,28	3267	75
815	634,594,631,695,642,592,518,543,548,611	3,6,5,4,3,6,3,6,6,3	635,576,529,597,582,598,645,473,601,479	3,3,2,5,6,7,5,3,0,6	2031	75
817	50,35,27,45,38,29,29,38,48,26	5,1,3,2,2,2,0,3,3,3	34,32,22,33,32,40,42,29,42,29	1,1,0,3,3,1,5,0,1,0	134	75
820	84,86,93,115,95,78,86,71,93,129	313,283,341,303,288,348,274,270,294,371	107,71,75,87,70,83,97,73,82,105	378,316,323,311,328,300,334,334,374,287	314	75
821	2,3,1,4,7,1,4,9,4,3	154,156,105,152,147,118,124,145,130,157	7,4,0,1,3,4,2,4,2,4	174,145,120,137,159,139,163,136,137,146	268	75
825	0,1,3,0,0,5,0,1,1,0	50,48,49,59,36,66,36,37,44,44	3,0,0,2,1,0,1,1,3,0	53,46,44,55,44,49,57,44,57,54	146	75
830	88,75,81,103,53,88,60,94,77,107	38,45,34,37,31,41,37,40,33,30	91,96,88,95,81,87,106,88,96,124	32,34,43,30,34,39,35,26,36,56	285	75
831	43,33,45,58,42,41,50,39,26,60	0,0,2,0,1,2,1,1,0,1	62,31,34,48,46,33,31,35,64,77	1,0,0,0,0,0,2,0,1,0	415	75
832	6,12,5,4,4,12,9,6,4,10	16,26,25,30,19,22,20,23,20,27	8,7,4,8,9,6,5,1,17,6	28,29,22,15,21,17,24,16,16,22	258	75
834	0,0,1,0,0,0,0,0,0,0	2,1,5,1,0,1,0,1,1,2	0,0,0,0,0,0,0,0,0,0	1,0,4,1,0,3,1,1,1,0	301	75
835	0,0,0,0,0,0,0,0,1,0	0,2,1,1,2,1,2,1,0,0	0,0,0,0,0,0,0,0,0,0	4,0,3,0,0,1,2,2,0,2	168	75
836	2,0,1,0,0,0,0,0,0,1	0,0,0,1,0,0,1,0,1,0	1,1,1,2,0,1,1,0,0,0	0,0,0,1,0,0,1,1,0,0	251	75
838	0,0,0,1,0,0,0,0,1,0	27,17,20,31,26,27,16,17,15,25	0,0,0,1,2,1,1,0,0,0	33,32,18,23,30,16,26,19,31,21	167	75
839	2,3,2,0,4,1,1,3,3,4	4,3,1,5,1,1,0,1,1,2	6,0,3,1,1,0,5,0,0,1	1,1,1,2,4,2,3,3,0,2	146	75
840	5,4,3,3,1,0,0,3,3,0	30,48,25,49,30,35,41,32,27,53	1,0,1,1,4,1,1,0,1,1	26,46,37,28,33,38,46,26,50,42	165	75
841	56,58,51,71,54,71,58,40,66,45	0,1,0,0,0,1,1,0,0,0	47,46,52,43,79,46,75,28,33,28	1,1,0,0,0,1,0,1,0,0	175	75
843	0,0,0,0,1,0,0,0,0,0	0,0,0,0,0,0,0,0,1,0	0,0,0,0,0,0,0,0,0,0	0,0,0,0,0,0,0,1,0,0	1171	75
844	0,2,0,0,1,3,3,1,0,1	0,0,0,2,1,0,0,0,0,4	2,0,1,0,2,2,1,4,1,2	2,0,0,0,1,1,1,1,0,2	1631	75
845	9,1,9,14,10,1,7,11,4,8	38,40,49,28,46,43,47,43,40,51	6,4,6,3,4,5,5,10,7,9	46,45,27,32,47,42,49,29,55,47	176	75
846	9,1,9,14,10,1,7,11,4,8	3,0,3,0,0,1,3,3,4,0	6,4,6,3,4,5,5,10,7,9	0,2,2,0,2,0,1,2,2,2	179	75
847	10,2,4,10,4,11,6,7,9,13	23,30,21,37,22,42,26,23,32,32	8,7,4,7,6,6,9,10,4,22	31,32,15,22,36,22,34,23,36,40	212	75
848	94,83,81,99,75,57,92,62,70,91	233,243,258,290,244,217,215,245,206,225	81,45,62,45,105,51,74,55,123,172	249,226,229,231,244,230,236,211,238,216	891	75
849	11,10,12,13,17,4,11,12,11,7	520,574,613,624,562,581,536,574,556,636	18,5,5,6,12,7,14,5,19,19	586,568,546,649,647,649,612,577,628,731	312	75
850	9,8,12,21,11,7,10,6,10,9	489,521,535,493,427,483,453,470,453,558	15,5,8,3,17,10,17,9,18,21	523,422,471,521,582,541,555,469,528,562	349	75
851	7,1,4,3,4,9,3,4,5,10	2,3,4,5,2,4,1,5,1,6	11,2,3,5,11,3,2,0,4,5	4,2,7,2,8,0,6,1,2,1	545	75
852	2,0,2,4,0,1,1,0,2,2	2,1,0,4,6,6,3,5,4,3	1,1,0,2,0,1,1,0,0,0	8,3,7,3,0,4,10,2,5,4	161	75
853	29,20,20,26,18,23,9,15,18,15	0,0,0,1,0,0,0,0,0,1	17,28,16,18,15,21,14,16,19,24	0,0,0,0,0,0,0,0,0,0	991	75
854	120,118,123,147,143,63,106,120,120,107	1,2,1,4,3,2,2,1,3,3	128,91,111,93,143,112,149,113,108,99	4,2,4,2,2,2,5,1,6,3	1320	75
855	171,183,174,192,192,104,140,170,163,149	0,2,3,4,0,1,0,1,0,2	185,132,158,148,192,163,198,150,148,133	4,1,1,3,3,3,1,2,0,0	1831	75
856	3,5,3,3,4,3,3,3,4,4	259,270,294,332,249,259,229,236,245,307	0,2,5,4,1,5,1,4,3,7	280,268,272,305,314,288,275,279,308,345	203	75
857	2,4,11,2,2,6,1,5,5,3	334,377,397,429,330,297,271,377,318,424	1,3,4,6,4,3,10,1,6,14	391,358,345,400,376,381,430,354,303,333	334	75
859	1,1,0,0,0,0,0,0,0,0	0,0,0,0,0,1,0,0,1,0	0,0,0,0,0,0,0,0,0,0	0,0,0,0,0,0,0,0,1,0	602	75
862	1,4,3,5,5,1,0,3,4,2	2,0,0,3,4,2,0,1,1,5	6,0,1,2,3,1,2,0,3,0	0,4,0,0,2,1,0,2,2,5	451	75
863	0,0,1,1,1,0,1,0,4,0	1,0,0,5,1,3,1,2,0,1	2,1,0,0,0,0,0,0,0,0	1,2,2,7,1,1,2,3,2,2	160	75
864	0,0,0,0,0,1,0,0,0,1	3,1,0,4,3,3,0,1,2,5	0,1,0,0,0,0,0,0,0,0	0,2,2,1,4,1,3,2,2,0	168	75
865	3,7,5,6,2,5,2,5,7,4	1,1,0,0,0,0,0,1,0,0	4,4,1,4,3,4,1,3,2,3	0,0,0,0,0,0,0,0,0,0	296	75
866	0,1,0,0,0,1,0,1,0,0	20,21,28,24,26,24,16,24,16,23	0,0,0,0,0,0,0,0,0,0	20,14,17,16,22,14,28,19,24,33	185	75
867	4,6,2,6,4,6,5,1,1,2	1,1,4,3,4,0,3,4,2,1	2,2,3,2,7,4,2,2,4,4	2,5,2,0,5,1,8,1,3,1	1006	75
868	6,10,9,14,15,12,9,7,5,5	13,10,8,11,10,8,12,8,13,13	5,12,10,2,17,6,7,5,10,9	9,5,9,20,16,13,22,11,8,11	1099	75
869	19,36,36,36,37,28,35,23,24,28	5,11,8,9,6,8,7,4,10,6	23,33,37,24,53,24,55,34,26,24	8,6,6,6,2,7,5,7,6,9	1118	75
870	6,10,6,11,4,4,7,8,5,6	3,3,2,2,3,3,4,6,4,2	4,5,11,10,8,10,10,11,9,7	2,7,2,2,7,7,6,3,2,12	312	75
871	0,5,3,4,0,0,1,0,1,0	6,10,8,12,5,11,10,10,7,14	1,2,1,1,1,1,3,2,1,1	9,6,4,6,13,8,8,2,9,12	276	75
872	30,30,39,42,39,45,35,35,48,45	5,8,2,1,3,11,7,5,5,5	35,44,49,35,36,35,37,41,44,47	1,7,4,4,6,4,5,5,1,7	437	75
873	41,38,31,33,29,36,29,32,20,29	0,1,0,0,0,1,0,0,0,0	25,24,23,24,36,24,44,21,22,23	1,0,1,1,3,1,3,0,0,0	517	75
874	0,1,2,0,1,0,1,0,0,0	0,0,1,0,0,0,0,2,0,0	0,1,0,0,0,0,0,0,1,1	0,1,0,0,0,0,1,0,0,0	396	75
875	80,74,84,89,64,74,66,69,61,71	1,2,1,2,0,2,0,2,2,5	75,66,63,61,79,90,72,69,86,75	0,1,3,3,0,0,2,0,1,2	720	75
876	0,0,0,0,0,0,0,0,0,0	0,1,1,0,1,0,0,0,0,0	0,0,0,0,0,0,0,1,0,0	0,0,0,0,0,1,2,1,0,1	441	75
877	0,0,0,0,0,0,0,0,0,0	0,0,0,0,0,0,0,2,0,0	0,0,0,0,0,0,0,1,0,0	0,0,0,1,0,0,0,0,0,0	436	75
880	0,0,2,1,0,0,1,1,0,0	1,0,1,4,2,1,0,0,4,2	0,0,0,0,0,1,0,0,0,0	6,1,10,2,1,3,2,1,2,0	395	75
881	4,1,0,3,1,6,3,5,1,2	54,46,48,54,41,34,39,42,39,50	2,1,1,1,2,3,7,1,4,2	54,38,37,32,59,34,43,37,55,53	713	75
882	44,35,42,50,62,38,48,56,44,49	287,314,320,356,294,326,290,316,325,355	52,44,36,47,61,27,53,41,72,89	316,333,323,293,347,316,340,313,366,358	208	75
883	5,5,6,10,5,5,4,7,7,2	16,16,18,18,12,15,11,14,18,14	12,7,4,4,8,6,5,4,7,11	13,21,15,24,12,12,14,17,21,10	303	75
884	19,21,10,20,25,31,22,22,17,25	1,6,5,10,5,4,3,10,12,4	15,17,16,20,26,31,35,15,17,19	9,3,10,8,7,10,6,7,8,10	206	75
885	23,8,10,17,22,11,5,16,12,8	18,31,23,19,18,18,29,25,21,20	8,11,7,9,15,20,10,13,12,16	15,17,25,22,26,23,12,12,17,19	165	75
886	23,8,10,17,22,11,5,16,12,8	0,0,0,0,0,0,0,0,0,0	8,11,7,9,15,20,10,13,12,16	0,0,0,0,0,1,2,0,1,0	167	75
887	1,2,1,1,3,6,1,2,0,2	1400,1516,1541,1508,1320,1314,1330,1376,1425,1439	1,3,0,0,2,3,1,0,2,1	1505,1324,1470,1387,1648,1557,1553,1308,1491,1248	256	75
888	10,10,15,29,12,8,9,4,8,15	1,1,2,0,0,0,3,0,1,1	7,10,10,4,13,14,20,12,19,13	1,2,0,0,1,1,2,0,2,1	1802	75
889	86,78,68,139,82,74,80,81,77,94	169,212,187,200,182,185,167,142,188,185	93,66,60,66,115,64,70,77,119,159	188,209,171,205,210,183,210,154,180,166	150	75
890	1,1,0,2,0,0,0,0,0,1	13,8,1,1,0,16,0,0,1,1	0,0,0,4,2,1,1,0,0,0	11,1,2,1,3,0,6,2,0,1	609	75
892	0,0,1,1,0,0,3,2,0,1	9,9,8,9,8,11,15,9,7,9	1,1,1,0,1,0,1,0,0,3	8,8,4,10,18,10,8,10,5,9	156	75
893	6,1,10,11,14,5,8,14,6,1	0,0,0,1,0,0,0,0,4,0	4,8,9,10,6,6,15,8,4,10	0,0,1,1,1,0,1,1,0,1	214	75
894	5,8,8,7,9,6,8,7,12,5	1,1,0,1,1,2,1,1,0,0	11,9,5,12,13,11,16,9,7,14	0,0,2,0,0,0,1,2,0,0	238	75
895	0,1,4,1,3,0,1,0,1,0	33,47,35,57,34,55,31,41,43,50	2,0,1,3,3,3,3,1,2,6	43,45,55,50,52,40,44,43,42,36	229	75
896	5,1,1,5,2,1,1,1,4,4	19,34,39,37,28,24,33,22,34,32	7,0,3,2,4,2,4,2,0,3	17,26,17,24,30,23,30,19,32,18	459	75
897	25,17,22,21,23,21,13,17,9,19	1,1,0,1,1,1,0,1,1,0	32,13,32,7,21,17,25,22,22,20	2,0,1,0,1,0,0,0,0,1	644	75
898	15,4,9,10,9,14,7,5,0,9	22,17,16,16,18,14,16,13,20,26	14,4,11,4,12,5,4,9,8,7	19,18,17,21,11,18,18,16,16,12	612	75
899	7,5,7,10,6,2,0,1,5,2	0,0,0,0,1,0,0,0,0,0	3,5,2,1,4,4,1,8,2,6	0,0,1,0,0,0,0,0,0,0	494	75
900	6,0,3,9,3,3,3,6,5,4	8,4,4,12,7,1,3,9,4,7	3,6,1,0,3,1,4,0,5,8	10,5,6,2,3,6,2,5,10,2	574	75
901	0,0,1,1,0,0,2,0,0,1	332,285,343,333,247,291,245,285,282,323	0,0,0,0,0,0,2,0,0,1	261,299,263,262,299,302,320,273,343,323	153	75
902	104,89,88,90,52,76,60,71,81,66	157,150,179,200,160,171,156,163,152,203	69,63,62,57,69,72,75,70,68,55	175,190,179,174,180,165,178,159,221,206	282	75
903	1,1,1,0,2,2,0,0,1,2	1,4,0,1,0,0,1,5,3,3	3,0,1,1,0,1,3,2,4,0	2,6,5,6,4,2,3,4,4,6	1184	75
904	2,1,4,3,3,2,1,0,3,3	0,1,0,0,0,0,0,0,0,0	4,1,1,2,1,1,4,5,4,1	0,0,0,0,0,1,0,0,0,0	1220	75
905	5,9,8,4,2,3,3,2,5,6	0,0,0,0,0,0,0,0,0,0	6,10,3,4,4,6,3,2,7,12	0,0,0,0,1,0,0,0,0,0	165	75
906	0,0,0,1,0,0,3,0,2,0	1,1,1,0,1,0,0,0,2,0	0,4,1,0,3,0,1,0,2,1	0,2,3,0,5,1,6,0,0,0	1393	75
908	98,100,93,113,111,72,84,95,72,85	4,1,5,2,1,1,0,7,3,2	92,98,77,81,113,87,103,78,114,118	3,1,3,1,5,4,3,6,10,3	716	75
909	18,12,15,29,36,13,25,11,18,23	24,25,31,26,29,24,29,29,25,23	15,21,21,16,31,23,16,16,23,25	21,23,24,38,25,24,41,34,32,28	277	75
910	40,45,52,56,33,31,42,46,53,39	202,224,235,221,198,227,168,210,181,237	43,27,25,29,55,36,36,25,46,44	212,218,197,219,214,222,229,190,216,174	2623	75
912	11,15,11,16,6,13,12,13,12,15	40,23,24,13,17,19,14,21,24,13	13,2,5,5,7,4,7,4,24,7	29,26,19,19,16,13,24,24,17,22	900	75
913	3,3,2,0,2,2,1,1,3,4	11,6,6,9,16,12,6,3,9,6	4,2,3,2,0,2,0,2,5,2	7,10,7,10,6,8,10,8,11,23	222	75
914	9,8,6,8,3,6,3,3,13,8	4,2,0,4,1,3,3,4,1,1	12,3,6,8,6,6,5,5,6,7	3,2,2,3,3,1,3,1,3,2	259	75
915	1,0,0,1,1,1,2,3,2,2	6,8,17,21,21,19,21,15,20,14	1,1,0,0,2,4,0,0,2,1	20,12,13,18,20,20,16,18,20,15	406	75
916	744,861,826,965,695,806,728,762,852,883	1,2,3,5,2,0,2,5,3,2	784,806,723,837,830,828,913,828,863,954	3,4,2,1,3,5,2,1,3,2	952	75
917	8,13,14,9,11,9,5,8,12,13	19,21,19,26,26,14,15,25,28,20	7,5,5,7,8,11,8,8,10,16	27,26,22,31,24,24,23,22,24,25	270	75
918	54,46,56,51,52,62,51,52,52,51	1,3,6,5,2,3,3,2,1,4	50,42,43,55,53,72,38,43,58,67	6,5,4,2,5,1,6,0,1,1	361	75
919	0,0,0,0,0,0,0,0,0,0	21,17,26,29,15,18,30,18,18,33	0,0,0,0,0,0,0,2,0,0	22,23,15,30,33,20,29,28,29,18	215	75
920	7,4,7,3,4,4,7,6,6,3	215,232,242,259,243,106,160,134,174,155	5,8,6,2,4,9,5,1,11,3	236,169,204,173,259,214,235,181,154,78	558	75
922	546,612,637,644,520,533,528,471,487,562	64,59,126,131,133,131,131,75,68,84	613,587,600,554,606,587,581,537,544,529	75,116,139,60,148,89,31,123,155,130	167	75
923	44,37,33,71,33,30,37,36,25,39	3,0,1,2,1,1,0,1,2,0	43,31,23,30,45,16,35,25,40,59	0,2,0,1,2,1,1,0,0,0	1172	75
924	4,3,1,1,2,1,2,3,1,0	13,27,26,21,33,19,16,28,29,21	3,0,1,0,3,0,7,3,0,1	16,20,19,26,22,26,32,34,32,26	160	75
925	3,0,0,3,0,4,4,1,2,1	44,46,50,44,28,33,27,33,37,28	3,0,2,3,1,2,1,3,3,4	39,33,41,33,35,48,48,51,42,46	618	75
926	3,0,0,2,1,2,2,2,2,0	144,148,126,150,125,138,126,114,118,170	1,1,1,1,2,0,1,3,2,0	130,133,108,156,143,121,142,151,149,151	159	75
928	62,74,69,64,61,32,40,44,58,52	0,0,0,0,0,1,0,2,0,1	74,56,58,70,70,67,84,65,69,46	2,0,0,1,0,0,0,0,0,0	283	75
929	17,18,18,16,6,8,16,16,6,14	3,2,4,3,1,3,3,2,4,2	14,11,11,10,16,10,11,16,31,16	5,4,3,3,6,7,4,5,5,4	863	75
930	0,0,0,0,0,0,1,0,0,0	9,10,5,14,7,9,3,3,10,8	0,0,0,0,1,0,1,0,0,0	4,16,8,3,10,6,8,8,5,10	153	75
931	0,0,0,0,0,0,0,1,0,1	4,10,9,8,3,11,6,6,6,6	0,0,0,0,1,1,0,1,0,0	6,7,3,6,7,10,14,5,10,10	190	75
932	5,4,3,4,1,2,1,0,7,6	11,7,6,13,8,8,10,7,15,10	3,6,0,1,5,3,2,2,5,2	13,11,12,8,15,12,10,9,12,23	975	75
934	1,2,3,0,1,1,1,0,2,3	39,66,53,52,44,42,47,55,60,63	1,0,0,2,0,1,2,1,2,2	59,48,42,39,37,45,57,56,49,41	150	75
935	8,11,8,16,7,3,8,2,16,10	90,117,82,108,76,129,94,81,61,92	7,4,8,6,6,5,6,3,5,12	85,94,92,98,90,54,87,94,94,123	359	75
936	1,0,1,1,0,0,1,2,0,1	1,0,1,0,1,2,0,1,0,0	0,0,0,0,1,0,0,1,1,0	1,1,0,0,0,2,1,1,2,4	149	75
937	8,8,7,14,8,5,5,4,5,4	0,2,3,1,0,0,0,1,3,4	6,8,5,6,14,10,6,7,6,5	1,1,0,1,1,4,0,0,1,1	1208	75
940	2,2,1,7,7,6,3,1,2,2	38,38,28,32,39,27,29,34,30,27	3,1,1,2,3,1,7,2,4,3	35,36,33,30,34,32,34,19,38,28	2376	75
941	2,4,2,1,3,6,5,4,2,1	32,40,31,40,31,32,12,27,29,31	1,4,2,1,0,1,1,1,0,1	41,34,31,28,34,27,28,34,37,41	2829	75
942	2,1,4,1,0,0,0,0,6,0	2,1,4,1,5,5,1,1,0,0	1,0,1,1,1,1,2,0,1,4	0,1,1,5,4,3,3,2,3,5	815	75
946	0,2,0,1,0,0,0,0,2,3	0,0,0,0,0,0,0,0,0,0	0,0,0,1,0,0,1,0,2,0	0,0,0,0,1,0,0,0,0,0	255	75
947	2,0,2,0,1,1,2,2,0,1	0,0,0,0,0,0,0,0,0,0	2,0,0,1,0,1,2,3,1,1	0,0,0,0,1,0,0,1,0,0	915	75
949	2,2,2,1,1,2,1,1,1,1	8,5,3,2,5,3,6,3,0,3	5,0,0,2,1,0,2,0,1,2	8,5,5,1,7,7,5,7,3,5	3692	75
951	4,5,11,2,6,3,3,1,2,4	0,0,0,0,0,0,0,0,0,1	7,3,0,0,10,2,2,4,5,6	0,0,0,0,0,0,0,0,0,0	1417	75
952	5,4,12,10,7,5,6,6,11,5	25,40,30,35,24,16,16,30,33,28	9,7,4,9,14,2,3,7,22,17	33,28,25,20,26,26,34,29,36,35	798	75
953	48,37,39,58,43,32,37,53,33,37	2,1,3,1,2,1,1,4,4,2	47,27,19,32,28,28,26,21,59,77	0,1,1,6,4,4,4,1,4,4	561	75
954	1,1,0,2,0,0,3,0,1,1	5,6,8,4,2,10,4,8,2,7	3,1,0,2,0,0,0,1,2,3	4,2,4,3,7,7,8,8,6,1	162	75
958	13,15,46,34,25,15,22,30,32,20	182,221,188,189,157,207,149,198,151,181	29,11,16,19,18,17,24,27,42,25	212,180,193,252,148,181,191,207,254,249	562	75
959	0,0,0,1,0,0,0,0,0,1	33,46,56,40,45,26,28,28,30,36	0,0,0,0,0,0,1,0,0,0	49,37,35,38,42,36,49,45,40,27	1003	75
960	1,2,1,3,3,1,1,0,2,1	40,44,52,51,48,52,61,43,48,46	0,2,0,0,1,0,1,1,1,1	37,38,48,48,62,55,72,38,42,60	610	75
961	2,0,2,1,1,0,0,0,1,1	10,14,17,11,12,5,10,4,11,11	0,2,1,0,0,0,0,0,0,1	15,11,13,20,10,7,19,11,11,8	170	75
963	4,5,5,5,3,2,7,6,6,3	44,48,52,62,43,55,38,53,43,60	2,4,6,3,3,3,5,4,4,8	55,59,40,54,55,43,58,44,53,77	152	75
964	0,0,0,1,0,0,0,1,0,1	10,7,3,11,1,3,2,7,4,7	1,0,0,0,1,0,0,4,1,1	9,1,2,9,9,3,6,7,11,4	153	75
965	3,2,2,4,0,2,5,6,3,5	48,61,62,60,61,59,56,47,48,59	2,1,0,0,3,1,2,2,4,1	68,72,55,54,59,64,68,63,53,70	149	75
966	3,1,0,2,2,2,2,0,1,1	378,466,380,387,364,400,364,379,376,447	1,0,0,0,0,0,0,2,1,1	385,362,377,383,402,349,414,355,431,457	178	75
967	3,10,8,7,3,7,8,7,1,8	12,16,10,10,18,16,11,14,20,18	5,2,3,5,3,6,5,2,11,7	14,13,11,21,19,24,25,15,20,16	244	75
968	0,0,1,0,1,0,0,0,1,5	0,4,1,1,3,1,5,4,5,6	1,0,0,1,2,3,2,1,0,1	3,0,2,3,5,2,2,3,2,4	170	75
969	15,9,16,16,12,9,12,8,14,10	35,28,38,38,31,40,29,27,37,42	16,7,6,14,21,7,14,11,11,15	29,32,30,34,46,31,38,33,26,29	2504	75
970	13,18,16,23,12,16,8,11,14,17	31,23,22,31,24,20,19,25,35,24	16,5,14,12,22,10,10,6,14,17	30,21,19,22,33,20,31,31,16,21	2699	75
973	0,0,0,0,0,0,1,0,0,0	1,1,2,0,0,0,1,0,0,0	0,0,0,0,0,0,0,1,0,0	0,0,0,0,1,1,0,0,0,0	142	75
974	0,3,0,0,0,0,0,0,0,1	22,23,31,23,28,0,19,14,18,7	1,2,1,0,0,0,0,0,0,0	19,10,15,27,25,25,18,11,12,3	1085	75
975	0,0,0,0,0,1,0,0,0,1	1,1,1,1,0,0,0,0,0,1	0,0,0,0,0,1,0,0,1,0	0,0,1,1,0,1,0,0,0,0	296	75
976	0,0,0,2,0,0,1,0,0,1	1,1,1,0,1,1,1,2,0,0	0,0,0,0,0,0,0,1,0,0	1,5,3,1,2,0,0,0,1,2	317	75
977	1,3,3,3,3,7,1,1,1,0	40,37,41,43,23,25,33,36,28,34	4,0,3,4,4,1,4,1,3,4	31,37,23,22,29,47,31,23,30,27	869	75
978	844,784,902,1062,656,660,675,839,742,683	355,381,369,415,350,289,332,327,340,440	905,560,507,617,838,578,699,531,864,864	364,371,328,350,396,356,445,409,403,400	1340	75
982	1,0,1,0,0,0,0,0,2,1	697,833,789,741,751,500,594,687,626,715	0,0,0,0,1,0,0,1,0,0	775,697,677,688,843,718,817,640,552,367	484	75
983	2,1,4,5,6,2,1,2,1,4	8,9,10,9,7,9,6,4,7,5	5,1,2,1,3,4,0,1,4,1	5,8,9,3,10,7,10,10,7,4	365	75
984	0,2,0,0,2,0,0,1,1,1	5,7,7,10,4,7,12,3,2,3	1,0,0,1,0,0,0,0,2,0	2,6,13,4,6,8,10,10,9,11	344	75
985	3,1,5,7,7,2,4,5,3,3	12,18,22,20,14,8,13,12,12,22	5,8,2,5,7,2,8,5,3,5	16,13,20,17,14,13,12,18,23,14	1783	75
986	12,12,10,13,10,5,9,8,14,18	18,18,18,29,28,19,13,17,28,23	11,9,8,6,12,6,9,6,5,14	24,20,25,20,23,17,23,14,28,27	523	75
988	102,126,133,140,123,103,91,139,117,139	3,1,0,2,1,1,0,0,0,0	138,127,96,95,144,100,127,122,148,161	2,1,0,0,0,1,0,0,1,0	260	75
989	4439,5206,4749,4858,4078,5344,4143,4988,4687,4338	389,417,430,422,357,474,380,335,418,452	4459,4400,4461,5271,5080,4752,5526,4800,5696,5961	483,426,406,429,438,419,368,383,478,518	2799	75
990	1,0,2,0,1,1,0,0,0,1	134,143,146,179,122,152,130,140,128,147	1,0,1,1,3,0,3,2,2,3	154,144,137,127,122,130,167,131,143,152	152	75
991	14,26,21,19,12,20,13,20,16,15	603,598,642,649,560,615,544,591,568,633	22,9,21,5,17,16,15,12,24,39	593,576,618,624,625,601,610,554,624,629	173	75
992	5,8,5,8,5,2,4,3,3,6	696,837,718,760,717,873,729,842,795,834	7,3,2,4,7,4,7,2,14,10	751,753,729,762,761,830,908,758,863,931	182	75
993	2,1,3,6,2,5,5,7,6,3	109,100,123,113,113,133,111,154,149,138	6,2,6,2,2,3,5,0,0,6	125,107,112,118,130,116,130,146,151,198	158	75
994	1,1,3,2,1,3,3,2,4,1	0,0,4,0,1,2,0,2,0,4	4,1,5,2,2,1,3,0,0,0	1,0,5,0,1,0,1,1,2,1	132	75
995	0,2,0,1,1,1,4,1,1,3	63,73,79,79,77,82,64,90,80,110	3,1,1,1,0,4,2,4,2,5	71,87,76,62,79,64,71,95,123,130	195	75
996	73,61,87,94,73,66,51,79,79,87	0,0,1,0,0,0,1,0,0,3	85,75,89,72,72,84,87,58,83,136	0,0,1,0,0,0,0,0,0,1	741	75
997	3,4,5,10,1,2,3,2,5,5	49,36,33,34,40,22,32,35,30,30	6,1,1,1,2,2,4,3,8,3	27,35,42,34,42,38,38,32,32,34	411	75
1000	1,4,5,4,2,2,2,5,4,3	15,10,17,20,13,17,19,25,17,18	6,2,4,2,6,3,4,2,3,3	18,18,10,21,17,17,21,17,20,15	1369	75
1001	2,0,1,3,1,2,7,0,5,3	58,72,55,88,75,65,61,79,78,78	0,5,0,4,3,2,4,1,3,4	80,64,62,84,104,68,76,73,79,84	2508	75
1002	121,175,175,215,183,205,170,178,166,195	7,11,11,19,15,13,7,12,6,11	164,168,201,183,176,204,224,180,205,210	7,9,10,6,9,11,16,10,17,7	183	75
1003	0,4,0,0,0,0,2,0,0,0	10,11,11,15,3,6,8,9,8,5	1,1,1,0,0,1,2,2,0,0	13,12,1,6,7,4,4,10,5,7	175	75
1004	2,1,0,4,2,5,4,0,1,2	36,43,18,39,37,48,32,41,31,44	1,0,2,3,1,3,3,2,2,3	44,29,46,36,45,31,36,42,34,40	197	75
1005	6,4,4,6,7,13,9,10,6,18	25,28,28,25,31,23,21,23,29,24	7,9,2,13,6,5,6,4,10,10	24,26,14,21,20,20,22,16,30,19	768	75
1007	25,19,28,41,15,21,16,17,17,32	0,0,4,0,0,1,0,1,0,0	27,20,19,18,27,15,26,15,40,25	0,0,0,0,1,1,0,1,0,0	414	75
1008	0,0,0,0,0,1,0,0,0,1	10,12,14,17,12,9,11,13,9,14	0,0,0,0,1,0,0,0,0,0	10,8,9,7,12,5,13,12,13,8	841	75
1009	7,11,4,7,8,8,7,12,4,8	50,50,42,32,46,58,29,46,52,53	4,10,8,4,6,14,9,9,10,5	38,48,61,49,48,50,62,48,51,48	211	75
1010	9,15,14,21,13,11,16,12,9,14	143,190,187,171,157,190,164,157,155,175	14,5,3,12,23,13,15,8,20,14	142,149,159,171,162,159,200,154,180,168	573	75
1011	21,23,29,27,24,17,14,24,20,16	43,59,58,62,49,53,31,43,27,56	22,7,9,13,30,17,13,8,27,16	55,49,61,68,46,51,66,60,60,54	2784	75
1012	1,2,0,1,0,4,3,0,0,1	123,158,154,150,118,170,133,120,130,145	2,3,0,0,6,0,0,0,4,4	123,138,145,131,138,146,136,128,137,176	329	75
1013	62,62,58,95,81,49,61,60,42,67	21,25,9,21,32,14,9,17,20,14	77,28,28,49,81,45,59,30,82,69	19,17,21,22,28,28,25,12,12,7	1459	75
1014	7,14,18,12,12,12,15,8,8,12	158,167,178,183,138,147,172,140,167,157	10,7,6,13,14,9,12,10,19,25	177,157,137,151,172,163,172,156,165,155	337	75
1015	0,0,0,0,0,0,0,0,0,2	3,4,1,2,2,1,3,2,1,2	0,0,0,0,0,0,1,0,0,0	3,1,1,1,0,2,2,0,3,3	156	75
1017	20,28,21,26,14,27,18,10,10,25	19,24,28,22,30,24,23,19,16,24	25,11,18,16,25,18,11,13,27,20	28,30,16,26,23,24,31,32,25,15	1810	75
1018	10,15,7,10,12,6,13,12,10,23	0,0,0,0,0,1,1,0,1,0	17,12,13,11,13,7,17,8,15,16	2,0,0,0,0,0,1,1,1,1	161	75
1019	11,19,12,7,6,10,9,20,11,17	41,42,34,37,46,26,29,35,38,45	17,15,9,9,13,4,6,7,18,8	45,28,36,43,26,46,48,48,35,43	2556	75
1020	5,9,8,5,3,0,4,5,5,6	41,44,39,42,48,32,26,42,25,29	4,5,1,3,4,3,4,3,2,9	38,34,32,27,37,39,48,53,41,34	1913	75
1021	3,6,5,3,5,2,5,7,12,3	54,46,58,78,61,60,53,68,64,67	9,4,4,3,1,3,8,3,5,4	67,64,62,66,63,46,64,67,80,73	1516	75
1023	6,6,6,13,7,3,5,9,11,4	45,32,36,45,24,28,29,40,30,34	13,3,4,5,4,6,4,5,4,9	47,44,37,42,48,30,38,41,32,16	143	75
1024	0,2,1,0,0,1,2,2,0,1	50,25,32,27,31,31,28,34,23,35	4,0,3,1,5,2,1,1,2,0	38,23,29,31,34,27,34,19,29,20	163	75
1025	2,1,0,4,0,0,0,0,4,1	37,34,39,36,24,23,19,30,46,40	0,0,0,0,0,4,0,0,6,1	35,30,38,32,34,32,41,30,37,33	192	75
1026	4,4,8,4,5,4,2,5,2,6	36,31,52,61,32,51,37,43,31,60	6,1,3,4,4,2,2,0,14,6	37,48,41,29,55,34,52,28,53,42	158	75
1027	9,9,3,10,3,4,3,10,6,3	25,21,24,40,32,28,12,31,27,25	6,2,3,1,4,6,5,7,16,13	32,22,26,32,15,31,27,19,29,30	333	75
1028	34,31,32,33,28,37,24,28,33,40	96,138,132,143,120,167,127,132,126,165	38,32,21,32,40,22,27,29,45,61	130,117,132,128,110,125,152,129,156,168	915	75
1030	127,96,114,146,141,93,121,136,148,170	2,13,9,4,9,9,8,9,13,7	127,183,137,126,154,143,150,121,135,185	6,23,6,7,18,17,12,11,13,7	201	75
1031	0,2,4,0,0,0,0,0,0,0	35,31,39,58,40,30,40,33,52,54	1,0,0,1,0,2,1,2,0,0	48,55,38,50,50,39,58,50,43,62	196	75
1032	3,6,10,3,6,7,9,5,4,7	112,146,111,113,126,82,89,109,116,84	3,1,2,4,6,4,2,5,2,13	103,126,86,96,118,101,141,99,98,102	187	75
1034	56,46,49,79,44,49,42,59,62,76	18,23,33,30,29,22,25,20,24,25	37,55,47,57,54,69,54,47,67,81	21,22,17,33,31,22,25,22,36,43	180	75
1035	0,4,18,3,4,3,6,12,9,0	0,1,12,2,1,1,3,6,4,2	7,4,0,5,4,1,2,3,6,0	3,4,0,2,4,2,1,5,2,0	1197	75
1036	0,0,0,0,0,0,1,0,3,0	0,2,5,2,0,0,0,0,2,0	1,0,2,1,1,1,0,0,0,0	0,2,1,2,4,0,0,1,1,2	459	75
1037	0,0,0,0,0,0,1,0,3,0	216,209,222,198,213,93,174,181,169,178	1,0,2,1,1,1,0,0,0,0	239,170,173,189,245,198,201,207,153,86	462	75
1038	3,7,11,10,3,6,9,3,5,5	34,34,21,37,39,32,24,29,37,32	4,6,4,5,2,3,8,3,9,5	35,34,29,36,32,47,36,36,50,45	160	75
1039	3,6,2,2,1,0,4,1,6,4	69,71,101,110,105,85,93,97,67,110	4,1,0,1,8,1,2,2,6,2	84,58,80,78,108,101,105,110,114,126	266	75
1040	0,0,0,0,0,1,0,0,0,0	40,33,29,42,39,28,35,40,43,48	1,2,0,0,0,0,0,0,1,2	40,44,30,27,41,52,47,44,39,39	658	75
1041	13,22,20,27,20,11,11,11,17,13	0,0,1,0,0,0,0,0,0,0	24,13,11,6,25,10,16,12,19,16	1,0,0,1,0,0,0,0,0,0	3596	75
1042	4,1,1,6,3,4,3,7,4,6	100,94,122,135,99,112,103,115,106,118	3,7,2,5,8,0,1,4,5,4	126,97,88,95,123,87,119,93,115,127	381	75
1043	4,0,3,4,5,5,2,3,0,4	96,88,109,150,119,145,103,108,115,138	4,2,2,4,3,6,2,2,6,2	123,104,114,115,127,104,126,97,131,132	190	75
1044	28,27,19,35,20,21,23,32,25,32	118,112,128,151,97,172,153,139,132,129	42,29,25,22,30,22,20,22,32,47	146,185,99,155,115,148,143,111,164,202	212	75
1045	182,159,186,222,162,189,174,182,210,223	36,26,43,47,36,53,35,34,43,84	208,213,165,160,211,183,225,192,261,297	44,40,40,36,40,32,56,35,36,62	265	75
1046	0,1,0,0,0,1,0,0,0,0	26,42,32,46,42,26,38,36,31,36	0,0,0,0,0,0,0,0,0,0	34,27,23,46,40,30,36,31,33,25	233	75
1047	3,5,2,5,5,3,4,4,4,8	8,12,11,11,9,3,9,5,11,2	5,5,1,3,7,3,4,2,5,5	11,10,7,6,8,10,4,9,6,6	1439	75
1048	0,0,0,0,0,0,0,0,0,1	9,10,8,18,7,14,9,8,6,4	0,0,0,0,0,0,1,0,0,0	9,2,16,15,2,5,12,7,18,13	1125	75
1049	4,9,6,16,4,6,4,7,9,10	1,0,1,0,0,0,0,1,0,0	12,8,6,10,12,5,9,12,17,18	2,0,1,0,0,0,1,1,1,1	1667	75
1050	214,238,221,251,210,243,184,228,209,257	0,0,0,0,0,0,0,1,0,1	252,186,254,199,260,212,281,207,281,237	0,1,0,0,0,0,0,0,1,2	1204	75
1051	4,5,8,10,6,10,10,10,8,13	65,57,55,54,39,51,38,54,48,60	4,7,7,9,13,4,5,3,6,9	47,57,37,71,47,40,64,41,42,55	246	75
1052	12,13,15,19,17,11,12,21,15,11	56,54,59,42,36,23,45,46,57,52	16,8,7,15,23,10,9,17,20,26	45,46,54,66,44,57,66,32,26,31	335	75
1053	5,5,4,8,6,3,8,1,1,8	27,46,29,32,32,27,25,29,22,32	0,1,4,5,4,3,4,1,3,4	31,35,22,23,37,32,48,30,36,25	383	75
1054	0,1,1,2,4,1,3,1,2,2	0,0,0,0,0,0,0,0,0,0	0,0,1,2,4,1,3,0,2,1	0,0,0,0,0,1,0,0,0,0	195	75
1056	0,1,1,1,0,1,1,1,0,1	2,0,4,1,4,0,3,1,5,3	0,0,0,0,0,0,0,1,1,1	3,4,1,0,2,3,2,0,2,1	145	75
1057	0,0,1,0,1,2,0,0,0,0	27,31,47,48,40,27,36,32,33,39	0,0,0,1,2,0,2,0,1,4	28,38,34,32,29,43,37,32,25,17	173	75
1059	0,0,2,0,0,0,0,1,0,1	1,2,1,0,2,0,0,0,1,2	1,0,0,0,1,0,0,0,1,1	0,3,1,1,2,1,2,1,1,1	1206	75
1061	1,1,0,3,1,2,1,1,0,0	80,79,74,98,80,83,76,69,74,111	1,1,0,0,0,1,1,1,0,2	87,78,78,67,83,81,90,75,107,73	262	75
1062	55,61,52,72,45,50,44,55,70,56	46,66,46,50,55,50,42,62,57,69	61,35,18,46,90,33,49,32,63,64	57,57,43,50,53,86,61,57,64,90	8931	75
1063	0,0,2,0,0,2,0,0,0,1	2,1,1,4,1,2,0,0,2,0	1,0,0,0,0,0,0,0,0,0	2,1,1,0,4,1,3,2,3,1	153	75
1064	1,3,1,2,1,0,0,0,0,1	2,6,2,0,0,2,1,3,5,2	2,1,1,1,0,0,0,0,0,2	3,1,2,2,1,1,1,3,3,0	212	75
1065	5,3,5,3,6,4,3,2,7,2	0,0,0,0,1,0,0,0,0,0	2,1,1,3,5,5,5,4,1,2	0,0,0,0,0,0,0,0,0,0	1227	75
1066	9,11,3,9,3,6,10,7,3,8	178,145,197,193,170,166,133,157,148,178	9,2,4,7,4,1,6,8,13,11	158,156,133,178,215,179,184,146,177,172	288	75
1067	115,174,141,154,136,138,123,117,107,163	1,0,2,2,1,1,0,0,1,0	150,121,127,176,180,153,155,119,150,138	0,0,0,0,1,0,0,0,1,0	537	75
1068	4,3,3,2,2,3,4,0,1,4	110,117,131,129,120,85,94,130,99,108	3,1,1,1,4,0,2,2,0,3	111,97,90,134,132,116,119,94,96,116	185	75
1069	62,40,83,70,44,41,59,49,59,79	40,54,47,48,34,30,41,25,35,52	85,44,43,40,68,67,53,56,71,93	31,43,42,62,42,38,40,45,55,46	553	75
1070	14,13,16,21,9,18,9,13,19,11	91,75,80,96,83,79,58,68,66,104	6,12,6,8,12,14,15,12,22,29	107,80,97,84,95,65,99,70,96,103	187	75
1071	6,4,5,6,8,6,4,3,5,3	69,82,80,83,68,67,66,67,60,84	8,2,6,2,7,4,5,2,13,15	74,86,63,98,85,67,94,86,77,89	187	75
1072	4,3,4,5,7,5,4,3,5,3	4,3,2,4,0,2,3,2,3,2	6,1,3,2,6,4,4,2,12,12	3,1,0,1,1,1,0,3,0,3	155	75
1073	1596,1567,1631,1626,1382,1808,1482,1562,1587,1659	8,12,4,12,16,19,11,18,14,12	1566,1507,1624,1582,1585,1535,1642,1479,1918,2004	9,17,11,20,7,14,11,13,19,22	543	75
1074	23,24,26,34,25,17,20,25,15,14	377,463,376,427,398,239,281,323,353,347	24,9,14,14,21,16,16,20,19,14	411,385,346,329,452,393,453,334,327,222	1790	75
1075	11,4,5,3,5,3,2,7,3,5	452,510,476,555,477,265,328,458,427,422	3,4,1,4,8,2,5,3,0,4	492,445,406,461,583,477,524,375,344,228	1462	75
1076	3,0,0,0,0,0,0,1,1,0	16,27,23,22,17,1,12,9,18,7	0,0,1,0,0,1,0,0,0,0	16,14,11,14,17,16,19,13,9,1	434	75
1078	31,22,24,21,13,24,24,9,10,24	62,72,67,86,65,91,58,76,85,54	25,12,10,14,19,9,13,17,17,33	63,93,74,81,77,79,70,64,85,90	224	75
1079	20,15,17,14,8,17,19,7,8,19	5,17,16,15,8,7,16,11,11,19	20,6,8,11,13,6,6,7,15,27	18,8,10,8,13,13,13,11,15,24	198	75
1081	3,0,0,1,1,2,0,0,1,1	23,31,36,36,26,29,29,40,29,29	2,1,1,2,1,1,1,1,0,3	45,43,23,26,30,25,33,19,43,25	171	75
1082	0,1,0,0,0,0,0,0,2,3	40,27,35,37,27,37,35,30,29,23	3,1,1,0,0,0,0,0,0,1	27,22,20,24,26,20,36,27,45,29	165	75
1083	13,27,61,71,19,7,30,8,11,19	615,548,452,393,754,724,479,644,583,768	11,44,36,10,31,30,16,9,38,48	705,501,335,594,546,509,740,589,570,567	154	75
1084	37,20,32,40,25,26,30,33,38,32	1,0,1,0,1,0,0,0,0,0	37,33,26,37,23,26,24,30,24,28	0,0,0,0,0,0,0,0,2,0	357	75
1085	8,9,15,7,9,14,15,12,10,10	0,0,1,0,0,0,0,0,1,0	14,9,13,8,10,8,8,8,11,8	0,0,0,0,0,0,0,0,0,1	2163	75
1086	1,2,0,2,2,2,4,0,0,1	43,31,28,54,43,42,30,48,41,66	3,0,2,0,0,3,0,0,1,1	41,43,27,43,31,35,48,41,68,52	189	75
1088	0,0,2,0,0,0,0,0,0,1	1,1,2,0,0,1,2,1,1,2	0,0,0,1,0,0,0,0,0,0	2,2,2,0,0,1,2,2,0,0	172	75
1089	0,0,0,0,0,0,0,0,0,0	2,1,2,0,0,2,0,0,2,1	0,0,0,0,0,1,0,0,0,1	2,2,0,1,0,0,2,0,1,0	163	75
1090	6,8,5,5,7,3,4,1,5,5	72,94,94,115,80,78,72,85,83,104	4,1,4,0,5,1,4,2,5,0	99,82,106,87,105,92,77,79,122,102	221	75
1091	0,0,0,0,1,1,0,1,1,0	78,111,154,147,94,92,84,81,86,129	2,0,1,0,0,0,0,1,1,0	108,98,123,89,129,94,109,92,137,137	183	75
1093	0,0,0,1,1,0,0,0,0,1	3,7,1,3,0,1,2,2,1,4	1,1,0,0,0,0,0,0,0,0	7,4,2,0,3,3,6,5,1,4	276	75
1095	7,0,1,1,1,2,3,1,5,1	24,16,26,12,9,19,21,16,18,20	1,1,2,0,1,1,1,1,5,6	22,21,26,24,24,19,28,13,14,31	306	75
1096	1,2,0,2,3,3,5,2,3,5	0,0,0,0,0,0,0,0,0,0	1,4,1,7,5,2,6,1,2,4	0,0,0,1,0,0,0,0,0,0	209	75
1097	3,5,2,2,7,3,2,5,6,7	746,808,845,870,863,657,646,701,710,772	4,6,4,1,6,5,4,4,6,4	873,773,812,804,822,770,871,730,784,660	172	75
1098	1,0,0,0,0,3,0,0,3,1	73,81,85,83,62,80,70,68,76,93	2,2,1,2,1,1,4,1,1,3	71,48,65,59,79,83,81,70,72,83	170	75
1099	1,3,2,0,4,0,0,2,2,0	100,95,76,92,72,99,61,82,78,89	1,0,0,0,2,0,0,0,0,5	100,93,72,79,101,88,71,113,108,98	163	75
1100	6,3,8,4,6,4,3,4,4,3	16,25,24,21,27,9,18,26,17,17	5,1,4,3,9,7,2,5,9,3	20,20,21,24,39,24,30,23,12,7	276	75
1101	17,10,18,12,17,11,8,12,10,7	1,1,0,3,0,0,1,0,0,0	12,6,11,13,16,12,22,11,17,5	0,0,0,1,0,1,0,3,0,0	299	75
1102	8,5,10,14,3,4,7,8,5,13	448,528,470,504,484,601,400,591,534,524	6,3,3,12,11,5,10,3,8,10	529,485,463,533,473,477,577,565,661,680	322	75
1103	6,4,3,6,1,1,7,8,4,4	533,627,598,601,558,727,510,601,576,670	7,2,1,5,4,5,4,2,9,9	634,633,510,610,545,623,671,571,774,820	146	75
1104	3,2,5,5,4,3,3,3,1,4	396,523,455,466,426,537,394,484,483,477	2,1,0,3,3,6,0,2,3,5	455,489,428,518,468,448,525,448,528,616	170	75
1105	19,20,23,26,16,13,20,14,17,23	0,0,0,0,0,0,0,0,0,0	22,24,14,15,24,16,30,15,19,15	0,0,1,0,1,0,0,1,0,0	215	75
1107	9,8,14,12,9,8,7,6,7,9	347,353,336,407,354,306,278,317,328,286	10,7,2,4,11,4,5,6,16,6	371,352,368,305,367,344,398,312,313,277	876	75
1108	6,12,2,4,2,6,4,8,6,2	520,720,646,677,647,500,477,516,550,536	7,6,5,3,6,3,7,2,7,4	648,541,693,560,664,578,685,508,533,493	293	75
1109	5,6,14,10,8,6,10,7,5,11	26,29,30,29,31,31,26,27,32,25	10,6,7,3,4,5,7,3,8,7	37,32,36,29,28,31,30,19,18,26	806	75
1110	15,12,9,12,13,11,9,10,8,11	28,19,30,28,28,31,37,38,27,42	16,9,15,12,13,12,23,3,8,7	26,33,38,23,27,33,44,38,26,35	276	75
1112	96,72,78,77,89,61,84,76,89,123	0,0,0,1,0,0,0,0,1,0	102,75,74,82,81,108,98,58,69,85	0,0,0,0,0,0,0,0,0,0	492	75
1113	2,2,2,3,3,0,4,1,0,4	0,1,2,1,1,0,0,0,1,0	4,2,2,3,5,2,0,3,5,2	0,3,2,1,0,1,1,0,0,1	511	75
1114	3,3,2,3,8,2,4,2,0,4	8,2,1,4,2,1,1,4,4,2	4,3,4,5,5,2,1,5,5,3	2,2,0,4,3,3,0,4,3,0	529	75
1115	3,3,1,1,7,2,1,1,0,4	0,0,0,0,0,0,0,0,0,0	2,3,4,4,3,1,1,4,5,1	0,0,1,0,0,0,1,0,0,2	413	75
1116	7,9,11,12,19,9,7,11,11,10	0,0,0,0,0,0,1,0,0,0	15,7,9,11,17,7,15,10,12,7	0,3,0,0,0,0,0,0,1,0	660	75
1117	7,9,11,11,19,9,7,10,10,10	3,13,5,7,8,8,8,10,8,7	15,7,9,11,16,6,15,10,12,7	5,6,3,5,3,12,8,4,11,2	652	75
1118	7,9,10,9,18,9,4,9,10,10	0,0,0,0,0,1,0,0,1,0	13,7,9,10,14,5,15,9,12,5	0,0,0,0,0,0,0,0,0,1	536	75
1120	0,0,0,0,0,0,0,0,0,0	21,16,15,27,36,5,13,8,11,13	0,0,0,0,0,0,1,0,0,0	25,29,19,21,29,23,34,21,13,14	684	75
1121	15,7,8,10,10,3,2,6,2,5	3,6,14,5,4,8,10,5,6,4	10,3,6,4,7,4,3,10,6,6	14,4,3,7,3,3,9,3,11,3	269	75
1122	10,6,5,9,8,3,9,5,13,8	46,45,50,48,47,36,33,36,33,58	3,7,2,5,6,7,9,6,12,9	40,42,40,32,45,37,54,34,61,70	157	75
1123	45,55,61,45,37,47,41,34,49,57	0,0,0,0,0,0,0,0,0,0	42,43,55,41,66,46,62,52,62,61	0,1,0,0,0,0,0,0,0,0	498	75
1124	1,2,2,2,1,1,1,1,0,1	36,30,47,35,43,18,31,32,21,38	4,1,0,0,2,0,1,2,2,2	34,33,33,37,38,39,30,29,19,20	2745	75
1127	4,1,3,1,0,2,2,2,2,2	4,7,2,3,2,1,1,4,7,6	0,3,2,1,0,3,3,1,0,5	9,0,3,4,5,3,4,3,6,5	204	75
1128	5,2,4,4,2,3,2,5,3,4	0,1,1,0,0,0,0,0,0,0	0,3,3,2,1,4,5,4,1,7	0,1,0,0,0,0,0,0,0,0	482	75
1129	18,18,10,15,15,11,13,20,20,25	5,5,2,5,3,4,4,4,12,4	22,17,9,18,26,16,21,20,13,15	9,4,0,8,3,4,4,3,1,0	351	75
1130	3,7,3,4,3,4,1,3,3,3	0,1,1,0,0,0,0,0,1,1	6,3,2,3,3,4,4,1,2,3	1,0,0,1,0,2,1,0,0,0	1089	75
1131	11,13,26,19,10,21,14,26,20,17	120,155,138,121,93,146,115,115,125,122	23,8,10,18,12,7,6,10,22,34	118,142,126,141,147,148,120,99,133,145	356	75
1132	501,536,622,592,525,668,570,524,553,603	0,2,0,0,0,0,2,0,1,0	553,576,503,632,711,569,598,531,579,610	0,0,1,1,0,1,0,1,0,1	884	75
1133	509,538,606,586,523,663,571,522,550,604	2,5,0,0,0,1,1,3,1,0	544,587,512,630,718,580,614,528,569,588	3,1,2,2,1,2,0,2,0,2	551	75
1134	803,1032,980,971,868,854,879,752,776,910	4,8,9,0,9,7,4,6,2,4	866,837,879,953,1200,932,1001,798,914,772	7,4,1,4,12,4,7,2,6,7	690	75
1135	0,0,0,1,0,0,0,0,0,0	0,0,0,0,0,0,0,0,0,0	0,0,0,0,0,0,0,0,0,0	0,0,0,0,0,1,0,0,0,0	686	75
1136	0,3,0,1,3,1,2,3,6,0	109,143,94,105,94,81,98,105,115,124	1,1,1,0,5,1,3,0,0,0	116,107,95,117,117,114,137,90,127,100	647	75
1137	0,3,0,1,1,0,1,2,2,0	0,0,0,0,0,0,0,0,0,0	1,0,1,0,4,0,2,0,0,0	0,0,0,0,1,0,0,0,0,0	495	75
1138	0,1,3,4,2,0,1,3,3,5	15,6,17,13,15,16,18,15,11,13	3,2,0,0,4,1,0,1,1,1	12,16,14,16,10,13,15,13,16,21	146	75
1139	2,5,2,1,1,3,0,2,1,2	3,4,7,13,14,7,6,6,18,13	2,1,3,1,6,4,2,2,0,2	9,11,5,11,5,15,6,11,11,7	154	75
1140	3,1,1,4,3,0,2,1,1,2	0,3,2,3,2,0,1,2,2,1	0,2,0,0,1,0,1,1,2,0	3,1,2,1,4,3,1,3,1,2	150	75
1141	7,4,4,6,2,2,4,10,0,1	0,3,4,3,7,3,4,1,2,0	3,2,4,5,3,2,6,3,0,6	4,3,3,2,4,1,5,2,8,4	304	75
1142	1,3,3,3,2,2,1,0,1,3	9,14,18,14,10,17,8,9,10,19	2,5,1,1,5,1,2,0,1,2	17,12,9,8,13,8,14,8,14,12	266	75
1143	1,1,0,0,1,2,1,0,0,0	1,0,2,1,2,0,2,0,2,2	0,3,0,0,0,0,0,0,0,1	2,1,2,0,1,1,1,0,2,0	254	75
1146	0,0,2,0,0,0,3,3,3,0	19,13,10,17,11,16,5,10,17,8	1,1,3,0,3,2,0,6,3,2	12,14,13,6,11,18,14,11,12,19	151	75
1150	0,1,1,3,3,0,0,1,0,2	7,2,7,7,7,10,5,7,12,10	0,0,1,1,6,0,2,1,0,0	10,8,9,10,8,3,8,9,7,4	167	75
1151	120,90,82,96,112,51,53,66,61,81	0,0,1,0,0,1,0,0,1,0	83,62,78,75,80,87,90,80,51,38	0,0,0,0,1,0,0,0,0,0	559	75
1152	6,4,7,3,6,3,6,8,2,4	161,187,176,201,170,183,172,182,186,177	2,5,2,6,2,2,10,2,5,8	186,177,177,157,176,183,233,180,225,208	201	75
1156	5,8,9,5,6,6,3,4,3,6	22,22,12,16,25,31,22,19,12,33	6,11,3,8,10,3,1,6,7,15	19,14,18,28,22,16,33,28,23,17	146	75
1157	4,2,4,6,0,5,6,1,2,8	58,73,97,76,80,66,71,56,65,71	1,1,6,4,4,4,0,1,5,6	69,58,64,75,95,62,101,60,100,64	2082	75
1158	95,104,93,93,59,75,82,93,108,117	23,22,30,29,15,29,19,35,40,31	114,68,92,103,112,103,96,111,127,127	34,26,25,33,32,29,32,43,40,36	154	75
1159	14,11,18,17,15,14,19,17,14,13	91,105,86,112,66,96,90,92,110,110	18,12,16,11,23,9,11,9,31,27	98,87,93,86,101,74,112,95,124,109	149	75
1160	23,21,27,26,30,22,29,25,22,34	63,69,82,61,68,65,53,59,60,77	36,15,16,14,22,15,26,15,42,26	63,65,64,55,61,63,60,61,71,68	229	75
1161	139,103,110,123,93,95,109,109,125,141	79,93,88,85,65,73,80,75,75,83	133,88,127,136,108,98,125,83,123,118	70,67,77,80,76,90,93,85,89,110	201	75
1162	12,15,14,15,15,18,6,16,24,13	82,123,124,107,101,105,101,119,101,110	13,21,17,14,14,16,23,13,18,14	109,97,107,125,120,117,128,129,131,139	151	75
1163	75,64,73,85,54,62,64,69,71,104	60,60,62,77,60,54,60,61,70,67	89,59,71,60,86,77,70,76,96,92	55,52,47,42,56,67,67,58,74,86	184	75
1165	10,13,14,12,9,5,11,8,6,19	21,19,14,32,23,22,15,23,12,17	16,3,4,10,18,8,10,11,12,16	21,19,11,18,24,21,26,21,20,23	880	75
1167	12,6,13,17,6,6,6,8,7,3	0,2,4,3,2,1,3,4,0,3	9,6,8,7,11,4,8,5,8,9	1,3,1,3,1,3,2,4,1,2	165	75
1168	19,8,7,18,11,19,10,8,14,11	4,3,3,6,5,0,1,3,5,5	20,11,3,12,15,3,7,9,13,23	6,5,2,2,1,2,3,3,11,2	931	75
1169	3,1,3,1,4,0,1,1,1,3	0,1,1,1,0,0,0,0,0,0	0,2,0,2,1,2,1,2,1,1	0,0,0,0,0,0,0,0,0,0	170	75
1170	0,1,0,1,2,4,1,2,1,0	3,7,7,1,2,0,2,5,1,1	2,0,0,1,2,0,0,0,0,6	4,4,3,2,7,3,3,3,7,5	236	75
1171	0,3,0,0,0,0,0,0,1,0	3,4,4,0,0,5,1,0,0,4	0,0,0,0,5,0,0,0,1,1	2,5,1,0,4,1,2,1,0,1	234	75
1172	0,1,0,0,0,0,0,0,1,0	0,0,0,0,0,0,0,0,0,1	0,0,0,0,2,0,0,0,0,1	0,0,0,0,0,0,0,0,0,0	219	75
1173	35,33,53,40,39,18,32,41,30,26	0,0,0,0,0,0,0,0,0,0	32,40,36,40,40,24,43,34,28,25	0,0,1,0,0,1,1,0,0,1	512	75
1174	2,1,3,1,0,0,0,0,0,0	7,6,4,5,12,9,4,4,5,8	3,0,0,1,2,1,1,0,0,0	7,8,6,10,8,4,10,7,3,5	1679	75
1175	16,14,14,14,4,9,14,20,17,15	102,114,114,122,133,81,82,100,111,73	11,7,9,5,27,7,9,8,8,8	107,101,79,116,134,114,128,111,113,83	968	75
1176	1,2,3,4,3,1,2,0,0,2	1,1,1,0,1,2,0,1,1,1	3,3,0,0,6,4,0,0,2,8	0,2,0,0,1,1,1,1,2,2	298	75
1177	2,0,0,2,1,0,1,0,1,2	2461,2528,2597,2885,2570,3276,2598,3152,2945,3238	2,0,1,1,1,4,1,1,1,1	2807,2742,2589,2471,2952,3002,3409,3160,3630,3435	169	75
1178	12,8,9,14,4,5,19,9,8,9	79,84,60,90,81,80,69,69,85,78	11,1,9,8,12,10,6,6,13,5	65,76,47,71,71,57,73,61,78,71	250	75
1179	9,8,18,17,5,5,3,5,11,9	46,27,62,41,48,22,33,37,42,41	15,11,16,6,30,11,10,8,12,16	45,41,36,42,39,27,36,41,45,21	908	75
1180	0,3,1,4,2,1,0,1,1,3	68,47,56,59,64,36,35,50,38,53	5,1,4,1,2,1,1,0,6,6	62,38,46,46,57,41,58,36,54,31	899	75
1181	18,16,16,15,19,28,26,18,21,28	0,1,0,0,0,0,0,0,0,0	26,16,15,8,17,13,26,3,9,10	0,0,0,0,0,1,0,0,0,0	650	75
1182	4,7,2,1,1,4,4,3,5,15	20,24,20,7,8,8,20,14,29,24	4,5,3,6,11,9,11,7,11,14	19,7,19,12,24,44,26,19,36,34	152	75
1184	5,7,9,8,5,3,4,7,7,5	6,8,18,14,8,13,8,8,10,4	6,7,3,3,4,5,7,2,4,11	8,11,11,5,9,17,14,8,11,10	355	75
1185	2,4,1,8,5,0,3,4,1,9	212,243,262,268,244,229,237,280,226,272	2,4,2,0,10,3,3,1,4,3	254,224,234,224,289,227,270,223,253,291	184	75
1186	5,2,6,3,4,2,4,4,5,4	32,21,40,35,31,19,25,33,32,29	2,5,5,4,4,4,4,5,3,5	39,33,41,33,33,28,32,36,19,20	174	75
1187	11,21,26,23,12,6,7,19,16,11	0,0,0,0,1,0,0,0,0,0	14,9,11,9,17,21,12,7,19,16	0,0,0,0,0,0,0,0,0,0	1493	75
1188	26,37,40,41,27,11,18,29,28,27	0,0,0,0,0,0,0,1,0,0	17,21,17,26,34,32,22,18,28,26	0,0,0,1,0,0,0,0,0,0	2150	75
1189	10,13,9,14,11,5,8,8,11,11	6,5,8,8,7,4,5,5,8,4	2,9,4,12,12,9,5,9,6,7	6,6,4,5,6,5,4,8,6,12	627	75
1190	1,0,1,0,1,2,0,2,0,1	12,13,13,14,6,15,11,18,13,13	1,1,1,1,2,1,0,0,1,2	15,8,13,13,11,6,15,7,4,8	750	75
1191	2,0,0,1,1,0,0,1,3,0	7,10,9,10,9,4,4,8,12,5	2,0,1,1,1,1,0,0,0,2	10,6,6,9,11,16,4,8,5,10	741	75
1192	0,2,2,0,1,0,2,0,0,0	1,3,3,1,0,0,0,1,1,2	1,0,0,0,0,0,0,0,0,0	5,0,0,0,1,2,1,0,0,0	1882	75
1193	118,109,145,191,117,133,110,125,123,107	347,478,452,497,422,432,464,414,416,517	154,92,81,123,170,89,126,104,161,165	488,396,417,436,443,471,517,414,493,464	2369	75
1194	7,1,2,4,3,3,3,6,3,2	0,3,2,1,0,2,0,1,0,3	5,3,2,5,2,3,2,8,3,14	1,1,3,0,0,3,2,5,2,2	2677	75
1195	49,45,57,79,59,47,61,61,48,50	263,236,264,239,144,242,228,247,222,264	79,35,36,41,53,41,37,47,59,78	259,229,222,199,249,253,244,225,261,294	507	75
1196	6,5,3,5,6,4,5,1,1,2	5,14,3,7,11,1,1,6,6,9	3,5,3,2,2,0,4,4,6,1	9,4,3,7,9,5,8,9,5,3	499	75
1197	44,48,48,41,33,31,29,33,27,32	0,0,0,0,0,0,0,0,0,0	42,45,33,34,42,35,33,29,36,16	0,0,0,1,0,0,2,0,0,0	968	75
1199	6,0,2,3,0,1,2,1,1,0	5,8,9,11,5,4,5,5,5,4	3,0,3,0,2,0,0,0,3,0	7,3,9,7,10,5,4,4,6,4	429	75
1200	3,1,3,10,4,2,2,1,1,2	8,8,5,6,6,5,7,4,4,5	4,0,2,2,4,2,1,4,5,1	8,3,6,7,7,4,6,5,2,0	206	75
1201	3,5,3,4,11,3,7,3,10,2	6,4,9,10,3,5,2,7,8,3	2,2,3,2,3,2,5,1,9,12	6,3,7,7,5,7,4,8,5,12	677	75
1202	3,4,3,4,11,3,6,3,10,2	0,1,0,0,0,0,0,0,0,0	2,1,3,2,3,2,4,1,8,9	1,0,0,0,0,0,0,0,0,1	654	75
1203	0,0,0,1,0,0,3,0,0,0	9,10,7,10,7,0,8,4,1,6	1,3,0,0,0,1,2,1,0,0	11,8,5,7,12,9,9,2,4,8	263	75
1207	21,15,24,23,15,14,13,14,20,17	2,1,2,1,1,0,1,1,0,0	16,14,12,19,22,14,29,21,13,10	0,2,2,1,1,0,1,1,2,1	474	75
1208	7,7,7,13,7,5,6,7,1,6	17,17,28,18,20,7,8,18,16,5	5,1,5,4,3,6,5,0,2,11	18,23,14,19,18,18,20,11,12,10	1050	75
1209	1,0,0,0,0,0,0,0,0,0	0,0,0,0,0,0,0,0,0,0	0,0,0,0,0,1,0,0,0,0	0,1,0,0,0,0,0,0,0,0	588	75
1210	5,1,4,0,4,0,4,0,0,3	48,30,35,37,40,30,28,34,44,37	3,0,0,2,3,3,1,1,2,3	41,25,37,33,37,31,44,34,34,31	167	75
1211	15,10,17,15,10,8,21,5,9,9	93,84,94,109,85,90,60,88,75,90	17,10,9,5,16,5,10,4,11,17	84,81,96,81,92,78,106,89,82,80	805	75
1212	1,0,1,0,2,1,0,0,0,1	42,33,39,55,56,40,36,44,40,49	0,3,0,1,5,2,1,2,0,1	35,43,56,51,41,57,42,47,45,41	320	75
1213	20,19,18,25,17,22,22,20,21,25	0,0,0,0,0,0,0,3,0,0	10,14,20,13,15,20,14,19,12,27	0,0,0,0,0,1,0,0,0,0	286	75
1214	8,5,11,13,9,7,10,8,9,4	4,5,2,13,4,9,6,9,7,4	5,8,7,14,7,5,3,10,13,20	7,7,2,6,8,2,8,9,8,4	314	75
1215	4,5,2,6,6,2,6,2,5,3	6,9,16,8,10,8,10,13,6,7	2,4,2,9,5,5,7,1,2,5	11,7,4,8,15,12,5,10,12,19	163	75
1216	4,9,5,11,7,2,3,6,5,4	41,23,29,27,22,27,24,32,48,28	4,4,3,7,5,7,2,4,10,10	24,30,29,19,40,51,33,28,33,42	253	75
1217	17,17,17,23,10,13,16,20,18,16	145,130,131,149,119,153,127,137,163,165	20,6,19,9,20,15,8,6,19,20	112,137,156,113,175,171,177,138,163,172	268	75
1218	41,39,35,66,23,21,40,35,22,26	284,267,265,283,234,333,260,301,305,308	35,24,29,26,45,33,33,30,48,38	271,258,318,250,310,313,317,272,329,353	379	75
1219	79,78,82,113,48,45,68,72,54,63	0,0,0,0,0,0,0,0,0,0	72,36,56,45,81,51,48,50,85,87	0,1,0,0,0,1,0,0,0,0	880	75
1220	66,64,65,98,43,33,54,55,36,49	0,0,0,0,0,0,0,0,0,1	52,33,40,39,63,40,42,45,71,69	0,1,0,1,0,1,0,0,2,0	650	75
1221	22,30,27,23,25,24,20,13,19,30	32,27,40,36,38,32,28,34,40,32	25,15,26,11,24,22,12,20,41,31	39,32,25,26,34,30,34,33,34,49	346	75
1222	25,35,35,33,34,31,28,17,26,39	213,223,221,222,183,261,196,215,210,229	32,22,32,15,26,25,15,21,49,36	188,218,246,229,251,215,207,218,279,347	510	75
1223	5,8,10,15,10,8,15,5,9,10	40,30,43,43,42,39,38,39,39,59	8,9,7,6,6,9,6,3,13,6	44,27,36,30,39,42,42,41,50,65	198	75
1224	6,7,5,10,4,4,0,2,2,2	190,203,197,216,198,244,187,205,199,244	8,1,1,6,7,3,2,1,2,10	204,214,218,188,194,215,205,201,257,315	264	75
1225	10,16,16,16,13,15,14,17,9,19	225,235,224,245,245,300,230,238,245,307	10,5,11,13,16,7,14,9,9,22	247,270,239,236,223,230,267,224,281,357	522	75
1226	17,16,17,12,19,8,15,17,21,15	283,331,329,373,263,358,295,295,300,397	27,11,10,17,21,15,16,9,20,30	324,314,356,285,327,290,343,321,384,429	259	75
1227	2,1,0,0,2,0,2,1,0,0	0,1,3,3,1,1,4,2,3,3	0,0,0,0,1,0,1,0,1,1	2,1,1,2,2,1,4,0,0,5	148	75
1228	1,5,5,4,6,2,6,1,4,3	2,1,0,1,0,0,0,0,0,1	7,4,3,4,1,1,1,1,3,3	2,1,1,0,0,1,1,1,1,2	490	75
1229	2,1,2,5,1,1,7,2,2,4	65,107,90,72,64,75,86,66,70,65	1,1,0,2,2,3,4,2,2,5	78,65,58,66,61,70,86,84,96,86	371	75
1233	3,1,0,1,3,5,0,1,1,2	4,12,8,11,9,7,8,11,5,6	3,1,0,4,1,1,2,2,4,1	10,6,6,13,7,6,12,11,6,18	495	75
1235	24,32,27,42,17,18,27,29,22,19	11,11,10,9,13,13,9,15,17,7	25,18,17,10,31,28,28,24,27,33	13,14,19,13,19,8,18,13,9,4	3612	75
1236	3,2,7,2,3,4,5,5,6,3	15,12,25,21,15,16,14,19,16,10	3,1,3,1,4,4,2,2,4,2	17,11,13,8,21,28,19,16,18,16	1430	75
1237	23,15,26,33,19,24,28,24,13,13	0,0,0,2,0,0,0,0,1,0	28,17,22,15,24,13,26,25,22,21	0,0,0,1,0,0,2,1,0,0	1387	75
1238	3,2,2,3,1,1,0,1,3,1	16,18,12,19,11,10,14,14,7,15	0,4,0,0,0,2,1,2,2,2	14,11,14,13,20,14,6,6,14,10	986	75
1239	100,60,63,63,57,115,49,67,96,86	28,41,30,49,36,36,29,27,27,32	83,44,63,81,78,61,78,41,103,94	32,29,29,28,35,35,37,46,41,44	638	75
1240	115,71,83,73,69,130,58,84,106,95	48,89,73,113,78,88,66,81,63,97	96,60,70,98,90,68,93,57,120,107	83,57,64,54,65,61,69,93,83,110	679	75
1242	1,3,7,2,1,3,7,2,3,3	1,0,0,1,1,1,4,0,1,1	4,0,3,1,4,2,4,1,4,3	2,2,1,0,0,3,1,1,1,2	287	75
1243	0,2,0,0,0,0,0,0,0,0	2,0,1,0,0,0,0,0,0,0	0,0,0,1,1,0,1,0,1,1	0,0,2,2,0,1,1,0,1,1	228	75
1244	0,1,0,2,0,0,1,0,0,2	6,3,1,2,4,1,3,3,2,4	0,2,1,0,0,0,0,0,0,0	6,7,6,0,1,6,0,0,3,7	442	75
1245	1,1,0,2,0,0,0,0,1,0	5,2,11,5,5,7,3,4,9,11	1,2,0,0,1,1,0,0,3,0	3,3,7,2,4,2,4,7,1,5	581	75
1247	0,0,1,1,1,0,0,0,1,0	5,7,9,10,7,5,6,8,6,8	0,0,0,0,0,1,1,2,3,0	4,6,3,7,5,6,5,4,10,1	675	75
1248	248,260,261,277,207,227,225,244,264,270	0,0,0,0,0,0,0,0,0,0	242,230,226,292,275,221,255,270,251,289	0,0,0,3,1,0,3,1,0,0	1116	75
1249	20,9,16,13,10,12,11,16,16,12	18,22,21,15,22,8,20,15,18,9	19,12,3,8,22,7,5,2,15,11	25,12,10,31,27,18,37,18,6,11	1671	75
1250	0,0,0,0,0,0,0,0,0,0	0,0,0,2,0,0,1,0,0,0	0,0,0,0,0,0,0,1,0,0	0,2,0,0,0,0,0,0,0,0	357	75
1251	0,0,0,0,0,0,1,0,0,0	0,0,0,1,0,2,0,0,0,0	0,0,0,0,0,0,0,0,0,0	0,0,0,0,0,0,2,0,0,0	148	75
1252	63,73,71,59,69,72,62,64,61,54	0,0,1,1,1,0,0,1,1,0	70,63,64,70,65,58,57,51,69,68	0,1,0,0,1,0,0,0,0,0	574	75
1254	3,3,3,3,8,1,2,1,7,4	45,65,65,61,53,64,55,58,47,60	1,1,3,5,2,3,1,0,3,5	69,52,58,56,63,59,71,54,67,50	505	75
1255	3,3,3,3,7,1,2,1,7,4	0,1,0,0,0,0,0,0,0,0	1,1,3,3,2,3,1,0,3,5	0,0,0,1,0,0,0,1,0,0	475	75
1256	0,0,0,0,0,0,0,0,0,0	24,28,42,34,34,23,28,16,20,22	2,0,0,0,0,0,0,0,0,0	38,27,23,23,33,22,26,30,18,9	308	75
1257	0,4,1,4,0,1,0,1,0,0	85,87,70,80,82,60,59,70,79,58	2,0,1,1,3,0,0,1,1,2	64,77,55,57,59,80,80,81,69,73	159	75
1258	51,69,55,57,36,50,43,45,37,48	1,1,0,0,0,2,0,0,1,0	49,56,70,62,65,47,68,68,55,62	2,1,1,1,0,2,1,0,0,0	401	75
1260	1,1,1,2,1,0,0,0,4,3	33,37,38,33,26,28,24,20,25,37	4,4,0,0,2,1,5,1,3,1	23,26,26,29,39,34,17,39,44,28	936	75
1261	2,1,1,0,0,0,0,0,0,1	28,28,26,26,30,30,29,25,26,34	0,0,1,4,3,0,0,2,1,0	25,24,24,25,34,27,26,32,34,25	451	75
1262	0,1,2,1,2,0,0,0,0,0	29,28,36,27,20,17,25,31,32,45	2,0,0,0,0,0,0,1,0,1	21,32,27,21,39,28,30,31,35,25	869	75
1264	14,13,17,10,3,10,9,17,7,10	13,17,17,27,23,21,19,18,22,34	9,9,8,5,12,10,9,10,18,28	28,24,22,14,29,25,21,20,31,13	717	75
1265	3,2,3,8,6,9,6,6,5,10	17,21,16,29,15,17,12,22,19,33	4,5,4,4,13,5,7,1,11,11	24,24,22,19,17,15,13,22,16,23	842	75
1266	27,31,33,37,35,33,28,35,28,23	1,0,1,0,0,2,1,6,0,1	18,17,17,24,31,22,13,27,44,47	0,2,2,2,0,2,1,1,1,0	1408	75
1267	27,34,33,37,36,34,28,35,28,24	13,31,24,24,20,22,9,19,23,30	20,17,18,24,31,23,13,27,44,50	30,19,24,20,28,28,22,19,27,29	1416	75
1268	39,66,41,66,57,58,46,48,53,59	5,8,9,10,13,8,10,8,4,6	44,28,37,45,48,43,47,49,72,72	8,9,14,9,12,8,7,8,16,5	1472	75
1269	49,83,50,82,59,46,55,46,42,68	0,0,0,0,0,0,0,0,0,1	59,57,34,46,68,51,72,52,48,47	0,0,0,0,2,0,0,0,0,0	166	75
1270	5,6,2,1,4,1,1,1,3,4	49,48,67,39,42,18,41,38,17,23	1,3,1,4,2,0,1,3,2,1	56,38,38,45,56,44,49,20,21,15	379	75
1271	0,0,0,0,0,0,1,0,1,1	3,1,5,2,2,1,2,4,3,3	0,0,0,0,2,0,0,0,0,0	3,0,3,3,1,1,4,0,1,0	153	75
1272	22,11,21,18,15,16,18,11,13,18	37,33,40,35,31,29,26,26,24,26	15,10,15,9,19,8,9,10,22,21	47,39,28,17,26,30,47,24,30,30	317	75
1273	24,16,33,20,27,19,11,20,10,17	3,3,3,7,5,2,0,1,2,3	29,20,17,20,25,19,27,8,28,24	4,2,2,5,0,4,6,1,3,1	575	75
1274	19,13,22,13,16,12,6,14,4,10	40,48,52,62,36,46,45,42,57,52	18,10,12,16,23,12,18,3,20,19	56,52,70,42,63,63,42,55,57,43	558	75
1275	0,1,3,1,1,1,0,1,2,0	45,47,39,47,54,22,27,31,48,48	1,4,0,0,5,0,1,1,0,0	59,38,42,33,39,35,42,40,42,26	476	75
1276	5,0,2,2,3,0,0,1,2,0	53,59,61,48,62,42,31,55,56,84	0,0,0,0,2,1,1,0,0,1	55,44,47,58,57,44,59,62,57,53	2040	75
1277	21,21,23,21,14,12,11,18,23,18	0,0,0,0,1,0,0,0,0,0	25,7,10,14,23,17,16,15,19,20	0,0,0,0,0,0,0,0,2,0	260	75
1278	15,9,10,9,5,5,9,12,15,8	5,2,2,2,1,0,3,1,2,3	14,4,10,7,8,8,4,7,9,13	2,0,1,2,0,2,3,0,1,1	227	75
1279	10,10,5,7,9,3,6,1,3,4	0,0,0,0,0,0,0,0,0,0	3,1,4,1,1,1,2,0,11,7	0,0,0,0,0,0,0,0,0,1	1052	75
1280	0,3,3,0,1,0,0,2,0,0	12,7,11,9,9,5,5,1,6,7	2,2,1,0,2,1,0,0,1,2	9,5,5,5,11,6,1,5,6,5	354	75
1281	1,4,4,0,0,0,0,0,0,0	8,9,18,15,16,7,13,5,7,22	3,1,0,1,0,0,1,0,1,4	8,5,11,17,12,5,12,14,11,15	286	75
1282	0,0,1,1,0,1,0,1,0,0	1,1,0,1,0,0,0,0,0,1	1,0,0,0,2,1,0,0,0,0	0,0,0,0,0,0,0,0,0,0	188	75
1283	0,0,1,1,1,1,0,1,0,0	0,1,0,0,0,0,0,0,0,0	2,0,0,0,0,0,1,0,0,1	0,0,1,1,0,1,0,1,0,0	729	75
1285	117,116,136,166,144,143,124,137,105,155	4,11,11,14,8,5,8,3,4,6	159,124,116,121,154,115,128,114,209,217	5,8,4,5,8,4,3,1,11,8	1176	75
1286	37,44,48,63,39,45,44,37,28,56	0,0,0,0,0,1,0,0,0,0	43,27,25,36,57,30,32,36,76,96	0,0,0,0,0,0,0,0,0,0	320	75
1287	24,25,20,41,17,17,21,8,23,29	130,170,144,159,138,190,145,152,148,177	24,14,21,25,36,24,24,24,55,42	203,166,170,158,179,154,171,141,205,221	366	75
1288	5,2,1,2,0,1,0,1,0,1	91,93,108,95,80,91,71,109,84,99	1,0,1,1,2,0,1,0,1,0	84,103,76,109,88,103,103,100,85,104	157	75
1290	28,21,22,28,29,15,21,21,31,16	17,17,18,18,10,19,11,14,13,20	24,33,13,11,24,21,24,17,23,41	22,14,14,16,25,13,18,14,18,10	814	75
1291	77,54,74,76,50,69,52,54,57,66	43,45,45,39,41,27,41,42,35,45	67,41,24,39,72,53,37,34,67,73	24,46,36,49,42,28,56,43,39,36	2430	75
1292	4,3,4,0,0,0,0,1,0,3	1,0,0,0,0,0,0,1,0,0	0,1,3,1,3,2,1,2,1,0	0,0,0,0,0,0,0,0,0,1	79	75
1293	4,3,4,0,0,0,0,1,0,3	0,0,1,0,0,1,0,1,0,0	0,1,3,1,3,2,1,2,1,0	0,0,0,0,0,0,0,0,1,0	76	75
1294	11,14,8,14,9,3,13,7,14,5	40,54,45,47,45,35,42,32,40,42	19,10,6,2,13,5,5,4,23,14	37,25,36,31,32,42,43,35,54,33	171	75
1295	22,17,35,36,27,17,27,30,19,39	0,0,0,0,0,0,0,0,1,1	29,21,17,13,36,9,19,16,42,36	0,0,0,0,0,0,0,0,0,0	564	75
1296	50,63,61,76,70,65,44,57,69,78	0,0,0,0,0,0,0,0,0,0	76,44,51,58,91,65,59,37,87,52	0,0,0,0,0,0,1,0,0,0	703	75
1297	4,6,2,7,2,3,3,10,7,3	12,25,16,17,18,10,11,22,18,19	2,4,4,1,6,2,6,3,10,9	12,9,18,21,16,20,26,23,22,21	413	75
1298	3,6,8,8,3,4,4,1,3,6	2,1,1,1,1,0,0,0,0,2	5,1,6,7,5,5,3,1,6,9	1,0,3,0,2,0,5,0,2,1	170	75
1299	5,9,14,12,9,8,9,5,4,17	96,114,135,94,106,134,124,86,116,132	12,6,8,7,9,6,3,7,11,15	114,108,134,156,131,125,138,136,111,191	291	75
1300	3,6,1,4,4,1,2,1,3,1	65,49,63,55,59,52,77,49,65,46	2,1,2,5,4,1,2,3,3,6	50,49,67,60,53,47,70,58,64,98	281	75
1301	36,26,22,23,23,29,27,16,30,25	105,122,115,114,105,109,106,113,101,78	26,24,19,27,30,29,23,38,27,36	111,107,130,135,132,117,136,118,152,129	156	75
1302	16,12,6,12,14,11,8,10,6,9	1,1,0,2,0,0,5,2,0,2	12,14,15,9,8,13,12,11,16,15	1,0,1,1,1,1,0,1,1,0	590	75
1303	0,0,1,0,0,0,1,0,1,1	2,7,3,4,1,6,5,9,3,2	0,0,1,0,0,0,1,0,0,1	7,4,10,2,7,3,2,3,8,1	176	75
1304	2,2,1,1,1,1,1,0,1,2	0,0,0,0,0,0,0,0,0,0	1,1,1,5,2,0,1,0,3,5	0,0,0,0,0,1,0,0,0,0	442	75
1305	1,1,2,1,2,1,2,2,1,2	110,103,106,85,108,120,106,106,104,111	1,0,0,2,1,0,3,0,3,3	103,104,89,115,122,114,113,91,119,133	142	75
1306	2,1,1,1,2,3,0,2,0,3	892,962,1010,1043,913,855,805,829,924,1005	1,3,1,2,2,1,1,0,1,2	860,976,927,968,923,948,1070,929,969,859	453	75
1307	3,4,3,5,6,1,3,1,4,8	128,131,128,137,102,125,134,102,145,153	2,5,3,2,4,2,3,3,9,7	147,162,138,132,135,147,139,134,166,171	240	75
1308	2,2,1,4,6,3,6,5,0,4	114,139,143,153,135,157,122,150,129,195	3,4,5,6,2,1,5,6,3,11	173,156,154,149,163,164,172,167,182,184	147	75
1309	0,0,1,0,2,0,0,0,4,1	2,3,2,0,3,1,1,0,0,4	2,0,0,0,0,1,0,0,0,0	1,2,3,2,4,1,1,1,1,0	186	75
1310	1,0,1,0,0,0,1,1,1,0	1,8,9,8,1,5,3,3,2,5	0,0,0,0,0,1,0,1,0,0	9,5,4,2,10,5,7,2,6,3	162	75
1311	0,4,0,1,3,4,0,2,2,0	11,10,13,11,6,8,10,18,16,13	1,0,2,4,4,0,1,3,2,2	10,14,8,12,14,8,14,16,11,14	584	75
1312	0,1,0,0,0,1,1,1,0,0	2,1,3,2,3,5,2,2,4,3	1,1,1,0,0,0,0,0,1,1	5,1,4,0,4,4,6,2,1,4	259	75
1313	3,2,2,2,2,3,1,0,0,2	78,75,99,93,91,94,105,79,90,75	1,3,2,3,1,5,0,0,1,4	84,71,79,73,80,76,89,62,79,82	157	75
1314	188,154,178,185,139,149,127,162,161,132	0,2,1,0,0,0,2,2,0,1	143,126,134,156,163,137,148,116,146,135	3,2,0,2,3,1,1,1,1,6	368	75
1315	4,2,3,3,1,0,1,1,2,0	33,28,32,24,28,21,18,17,17,16	3,2,3,1,3,1,2,1,6,5	15,13,20,12,32,25,20,14,27,15	216	75
1316	0,0,0,1,0,1,0,0,0,1	19,29,35,21,45,10,31,23,25,29	0,0,0,0,1,0,0,0,0,3	27,17,15,28,20,28,40,22,22,19	202	75
1317	35,29,30,36,28,23,31,29,41,24	0,1,0,0,0,0,0,0,0,0	33,30,27,26,34,36,36,29,26,40	0,0,0,0,0,0,0,0,0,0	322	75
1319	51,52,59,56,73,34,50,51,70,46	4,1,4,2,3,1,1,3,2,2	60,47,46,46,45,52,71,43,56,50	2,2,2,4,3,2,5,2,0,0	182	75
1320	0,0,0,3,0,0,0,1,1,1	24,20,40,21,13,23,13,22,24,14	0,0,0,0,3,0,0,0,0,1	29,22,21,22,31,15,28,19,21,17	154	75
1321	226,205,235,236,123,209,230,204,267,280	0,0,0,0,0,0,0,0,0,0	240,218,259,240,269,250,236,232,325,355	1,0,0,0,0,0,0,0,0,0	181	75
1322	18,22,16,14,17,18,18,12,9,16	129,156,139,138,130,151,92,119,127,162	11,13,20,16,17,10,24,16,11,22	137,127,147,181,129,134,153,139,151,164	205	75
1325	7,4,5,7,10,5,3,4,2,2	13,9,7,14,15,7,6,8,8,14	6,2,6,2,2,6,3,4,6,7	10,11,8,13,9,7,13,13,14,14	1026	75
1326	6,4,4,7,8,4,3,4,2,2	0,0,0,0,0,0,0,1,0,0	4,1,4,1,2,5,1,4,5,5	0,0,0,0,0,0,0,1,0,2	955	75
1327	0,1,2,1,1,0,0,1,0,2	41,46,41,43,31,25,35,29,41,42	0,0,0,1,0,1,0,2,4,0	43,50,39,42,41,39,29,39,46,35	145	75
1329	7,14,19,15,16,11,11,15,9,8	0,1,0,0,1,1,0,0,0,0	14,7,16,10,10,11,16,11,17,13	0,1,1,0,0,0,0,0,1,0	543	75
1330	2,3,5,13,7,7,2,2,3,4	70,86,74,97,98,85,76,85,77,94	1,5,3,3,5,3,5,3,7,4	87,94,76,81,81,76,98,73,86,99	1530	75
1331	1,0,0,1,0,2,0,4,1,0	58,67,77,78,63,65,51,42,47,50	2,0,0,0,1,0,0,1,0,1	74,49,47,74,81,50,70,55,59,40	528	75
1333	72,82,72,94,61,62,61,69,46,69	0,0,0,0,0,0,1,0,0,1	93,53,58,50,79,50,59,50,93,93	0,0,0,0,0,0,0,1,0,0	1173	75
1334	58,71,62,64,76,70,68,63,57,48	4,1,1,0,0,1,1,0,1,1	54,57,53,71,68,58,92,84,69,83	0,1,1,0,1,0,1,0,0,0	354	75
1335	0,0,1,1,0,2,0,0,0,0	56,66,50,54,60,59,52,38,39,48	1,1,0,0,1,0,1,0,1,0	41,39,40,50,48,31,49,42,49,31	263	75
1336	0,2,0,1,1,0,1,1,1,0	30,28,45,55,36,36,27,36,51,44	0,0,0,0,0,0,1,0,1,1	44,44,29,32,38,41,55,33,49,33	185	75
1337	9,5,7,11,6,3,5,3,12,4	19,23,17,27,13,20,24,11,10,21	8,6,5,4,13,3,6,12,8,7	24,23,12,13,26,12,21,21,29,27	836	75
1338	9,6,9,9,12,2,5,6,7,9	15,21,19,18,12,13,10,13,12,7	11,4,3,3,16,5,6,3,5,8	13,11,7,14,11,15,11,9,20,24	590	75
1339	452,549,501,572,443,394,405,451,478,426	2,0,0,0,0,1,0,0,1,1	525,404,343,432,621,372,429,350,508,501	0,0,0,0,0,2,0,1,0,0	755	75
1340	448,565,491,567,268,337,314,316,336,331	0,0,0,0,0,1,0,0,1,0	543,264,208,329,613,280,356,273,425,448	0,0,0,1,0,0,0,0,0,0	758	75
1341	1089,1237,1197,1306,779,839,786,845,916,859	5,8,4,5,5,5,4,6,7,13	1275,813,678,893,1401,833,1003,747,948,979	5,6,6,4,8,6,6,1,9,11	932	75
1342	1088,1236,1197,1304,779,839,785,844,915,859	145,105,127,162,111,131,118,123,149,130	1274,812,678,889,1400,833,1003,746,948,979	130,123,129,122,132,108,164,133,142,139	930	75
1343	1,0,1,3,3,1,0,1,1,2	17,22,15,18,11,24,21,25,14,25	0,2,5,1,1,1,1,2,2,1	31,16,17,21,16,19,22,17,18,15	1450	75
1344	18,25,22,33,28,26,19,22,21,27	27,35,40,36,26,26,21,36,24,38	33,22,21,13,29,15,25,15,25,28	33,38,31,24,42,31,32,31,34,35	2019	75
1345	23,24,11,17,20,10,11,18,19,17	15,20,16,34,21,22,19,19,17,24	21,13,8,17,17,7,15,11,19,30	18,21,24,17,25,25,27,21,22,28	272	75
1346	59,74,51,89,47,51,59,68,40,75	5,10,8,7,9,10,8,15,9,10	70,37,27,64,75,39,41,48,82,91	10,3,15,11,6,11,16,12,9,14	467	75
1347	1,3,1,1,3,1,1,0,2,1	1,0,1,0,0,0,0,0,0,0	3,0,1,1,3,0,2,1,1,4	0,0,0,0,0,0,0,0,0,0	316	75
1348	2,1,1,1,0,3,0,2,3,1	7,5,8,5,3,4,5,8,3,5	1,1,1,6,2,1,0,0,1,0	1,2,5,3,5,3,2,1,4,4	156	75
1349	2,1,1,1,0,3,0,2,3,1	3,2,3,8,7,3,5,5,3,8	1,2,1,6,2,1,1,0,1,1	6,5,5,7,7,9,5,4,2,5	159	75
1350	21,20,15,21,12,20,23,20,23,18	2,1,6,3,3,1,2,4,6,1	16,18,13,10,18,14,16,14,28,29	2,5,3,3,1,1,3,2,3,3	2402	75
1351	2,1,0,2,0,0,0,1,2,2	47,64,68,75,45,61,45,40,59,72	3,1,2,3,3,1,1,0,1,2	48,54,44,52,40,37,64,52,60,63	164	75
1352	4,3,3,8,6,9,3,5,1,6	137,160,149,152,147,203,134,154,160,169	4,3,5,4,3,5,6,2,2,8	155,160,141,135,165,165,164,150,169,197	588	75
1353	4,14,26,20,9,13,6,15,9,14	0,0,1,0,0,0,0,0,0,1	17,8,11,8,18,7,14,8,22,29	1,0,0,1,0,0,1,2,1,0	893	75
1354	4,14,26,20,9,14,8,16,9,14	152,220,167,197,177,228,178,194,202,219	17,10,12,8,18,7,14,8,23,30	174,217,151,183,215,166,189,185,181,187	897	75
1355	150,206,200,205,157,180,172,164,148,199	0,0,0,0,0,0,0,0,0,0	177,155,155,174,202,175,173,186,201,192	0,0,0,0,0,0,0,0,1,0	962	75
1356	150,206,197,203,156,179,172,160,147,198	0,0,0,0,0,0,0,0,1,0	174,154,152,172,197,173,171,186,200,191	0,0,0,0,0,0,0,0,0,0	881	75
1357	18,16,17,21,17,9,24,22,16,16	0,2,1,0,0,0,0,1,0,0	23,11,15,16,24,8,13,15,22,20	0,0,1,0,0,0,0,0,0,0	644	75
1358	20,21,17,25,20,15,27,24,21,22	126,136,151,164,140,156,142,173,152,159	26,15,15,18,29,15,17,16,28,26	138,137,161,146,158,184,178,193,152,158	708	75
1359	0,0,0,1,3,4,2,1,1,1	324,397,355,374,367,228,279,251,312,334	1,1,1,0,2,0,0,1,0,1	385,283,319,326,361,342,409,297,285,216	149	75
1360	827,832,845,886,803,1041,834,809,915,1071	0,0,2,0,0,1,1,0,1,3	862,918,918,920,940,910,978,859,1040,1297	0,0,0,0,0,0,3,2,2,0	560	75
1361	0,0,1,0,0,1,0,0,0,1	1,0,0,0,2,0,2,0,0,0	0,0,0,0,0,1,0,0,0,0	0,0,0,0,0,0,1,0,0,0	162	75
1363	1,1,2,1,4,1,1,4,3,2	4,2,8,7,7,1,3,3,3,4	2,2,0,1,5,1,1,2,1,2	5,1,6,6,2,4,1,0,2,1	355	75
1366	3,0,2,0,0,0,0,0,2,0	0,1,0,0,0,0,0,1,0,0	0,0,0,0,0,0,1,0,0,1	0,0,0,0,0,1,1,0,0,0	954	75
1367	15,11,9,19,15,14,3,10,11,15	49,39,41,57,41,54,36,38,34,34	9,4,15,4,17,8,8,2,8,5	44,31,38,34,38,56,44,38,27,40	912	75
1373	28,23,25,30,14,18,14,16,22,37	69,101,63,100,76,68,64,55,67,91	28,19,6,12,34,7,17,12,24,11	86,97,75,89,93,79,77,72,92,71	2659	75
1374	9,12,14,20,13,13,13,16,12,9	140,148,171,146,152,121,137,140,135,159	17,12,17,15,12,17,19,6,13,18	157,141,136,142,149,153,159,112,164,117	303	75
1375	0,0,0,0,1,1,0,0,0,0	35,40,39,55,25,38,33,47,31,35	0,0,0,1,0,0,0,0,0,0	41,44,37,46,47,36,39,51,47,35	1493	75
1376	1,0,0,0,2,1,0,0,0,1	0,0,0,0,0,0,0,0,0,0	0,0,0,1,0,0,0,1,1,0	0,0,0,0,0,2,0,0,0,0	2557	75
1377	1,0,0,0,1,0,0,0,1,1	72,106,83,106,90,70,64,72,64,68	0,2,0,0,0,0,1,1,2,0	63,86,70,88,90,75,85,81,94,71	1088	75
1378	11,16,12,8,7,7,10,11,16,13	122,137,108,134,122,72,108,112,122,125	18,11,9,17,13,11,18,7,7,14	106,106,114,120,133,132,133,124,103,72	195	75
1379	1,2,5,4,6,3,5,8,0,5	116,183,167,159,142,127,140,155,138,150	4,8,0,4,2,1,4,5,5,9	149,142,143,136,151,163,190,153,135,160	572	75
1380	613,639,679,704,630,561,505,626,558,682	9,22,14,20,23,11,16,17,18,10	653,625,649,682,696,612,713,601,690,679	21,16,28,10,16,15,11,18,27,23	909	75
1381	34,31,46,47,45,43,30,42,28,52	0,1,1,1,0,0,1,0,0,0	36,32,47,40,45,45,43,38,57,58	2,0,1,1,1,0,0,0,0,1	491	75
1382	0,0,0,0,0,0,0,0,1,0	3,1,2,4,6,4,1,2,2,1	0,1,0,0,0,1,0,0,0,0	4,2,4,1,0,2,2,0,0,2	188	75
1383	0,1,1,0,0,0,0,0,0,1	1,7,9,10,7,12,9,14,6,9	0,0,1,0,0,0,0,0,1,2	10,9,8,11,9,7,6,10,11,11	165	75
1384	7,4,3,5,3,5,4,7,4,6	4,2,6,9,5,4,4,11,4,3	5,9,6,0,4,6,6,8,3,4	7,2,3,4,5,5,5,8,7,7	183	75
1385	50,56,43,59,42,38,45,49,42,62	26,35,57,36,32,59,38,33,29,55	58,28,20,33,73,30,25,30,55,58	57,40,45,48,41,34,55,42,68,54	2576	75
1386	24,22,26,20,15,22,18,24,20,16	2,2,1,1,1,1,0,1,0,4	20,22,14,22,18,21,26,27,18,28	2,1,1,1,4,1,3,5,1,1	304	75
1387	1160,1358,1228,1292,1100,1239,985,1098,1147,1234	1,7,3,0,3,1,4,1,2,2	1193,1092,1160,1401,1224,1126,1349,1277,1381,1492	0,1,0,3,2,1,3,3,3,3	304	75
1388	0,0,5,1,0,0,0,1,1,4	25,30,24,17,18,25,15,13,29,9	0,0,0,0,0,0,1,1,0,1	26,16,16,24,26,17,19,16,25,24	209	75
1389	0,0,0,0,0,0,0,0,0,0	0,0,0,0,0,0,0,1,0,0	0,0,0,1,0,0,0,0,0,0	0,0,0,1,0,0,1,0,0,0	164	75
1391	30,21,55,73,30,21,46,34,30,38	263,298,256,277,218,252,208,229,267,255	43,22,28,26,48,24,33,44,74,86	258,253,217,319,281,234,248,285,286,277	394	75
1392	59,34,54,34,45,29,28,39,29,27	91,84,98,93,93,92,77,75,85,88	47,35,30,26,40,34,35,18,41,37	77,84,106,83,77,78,88,91,110,90	557	75
1393	4,11,4,6,10,11,7,11,7,14	18,22,31,32,23,30,26,26,25,28	5,6,11,6,4,8,6,3,8,16	22,24,24,32,31,19,24,20,33,24	319	75
1394	0,1,0,0,0,0,0,0,0,0	2,0,2,0,1,0,2,1,0,3	0,0,0,0,0,0,0,0,0,0	1,2,0,0,2,0,4,0,0,1	179	75
1395	3,0,1,1,1,5,5,1,1,4	0,1,1,0,1,1,0,0,1,1	1,1,0,0,1,1,2,1,4,0	0,0,1,0,0,0,1,0,0,2	473	75
1396	0,1,1,0,1,0,0,0,0,1	16,14,25,26,24,23,14,17,25,17	0,1,1,0,0,0,0,0,0,0	17,19,17,15,17,19,14,21,26,22	170	75
1397	8,8,19,14,9,5,5,13,14,10	1,3,6,1,1,5,3,2,3,3	11,8,9,1,10,9,10,9,13,15	4,2,2,5,4,6,4,3,3,5	965	75
1398	6,5,2,2,2,3,0,2,5,1	12,14,10,15,11,9,6,13,8,10	2,2,0,0,5,1,1,0,1,1	11,7,10,6,8,9,11,11,19,13	1083	75
1400	0,1,1,2,1,0,1,1,2,2	455,553,526,526,507,604,439,499,469,566	1,0,0,1,3,1,1,1,1,3	532,542,448,536,510,514,554,514,643,615	157	75
1402	0,3,5,0,5,0,1,1,0,1	1,2,5,1,3,4,3,0,2,1	3,1,0,0,0,3,3,1,2,2	4,5,4,2,6,2,11,5,2,4	774	75
1403	0,0,0,0,0,0,0,0,0,0	4,2,8,5,9,3,2,4,1,1	0,0,0,0,0,0,0,0,2,0	4,2,6,3,3,6,7,6,5,4	1206	75
1404	9,5,7,7,0,7,3,5,11,5	200,187,171,179,188,215,165,198,179,236	8,3,4,2,7,7,4,5,2,8	172,165,167,164,196,187,197,213,207,246	396	75
1405	1,1,3,6,5,3,1,2,1,5	124,134,145,149,139,86,94,88,112,104	3,1,2,2,5,0,4,3,3,3	125,103,108,113,141,117,123,131,97,98	420	75
1406	1,1,1,0,1,0,1,1,1,1	125,124,127,129,134,95,95,90,127,98	0,0,0,1,5,1,2,2,2,4	108,106,112,110,112,106,121,118,90,69	689	75
1407	6,4,2,5,2,11,8,2,3,3	1,0,0,0,0,1,0,0,0,0	5,4,8,1,6,5,11,3,6,11	0,0,0,0,0,0,0,3,0,0	154	75
1410	5,6,6,5,5,5,1,6,6,7	105,149,143,156,129,159,127,152,121,164	5,3,3,5,5,2,2,7,3,15	132,142,134,167,109,128,151,152,138,153	1809	75
1411	6,5,8,7,6,5,9,6,7,7	8,17,11,18,9,11,8,6,9,12	7,3,4,7,12,5,7,1,9,10	12,9,13,11,16,11,14,3,4,10	1499	75
1412	2,1,0,1,0,0,2,1,0,0	11,9,5,16,5,5,15,9,5,15	0,1,0,1,1,0,0,0,1,0	11,11,12,9,20,17,15,9,6,4	651	75
1413	3,1,5,5,4,3,2,1,2,1	18,27,22,22,20,14,22,16,18,16	2,0,0,0,1,1,4,0,1,2	19,13,30,26,34,21,21,25,15,7	989	75
1414	17,21,22,26,22,18,11,18,18,23	2,0,1,5,4,0,2,0,1,0	13,2,6,16,18,11,9,14,15,24	1,1,2,0,4,0,2,4,1,1	992	75
1415	6,5,13,15,7,7,12,10,10,15	17,14,17,23,16,23,22,23,18,21	13,8,6,4,8,10,3,6,8,12	15,14,15,15,19,13,16,17,21,16	219	75
1416	17,8,7,16,0,11,14,8,6,14	0,0,0,0,0,0,0,0,0,0	8,9,7,4,15,10,6,3,15,12	0,0,2,1,1,0,0,0,0,0	206	75
1417	20,16,10,19,7,15,22,9,12,20	19,21,25,24,24,20,29,25,23,24	13,10,9,4,21,13,10,7,16,20	27,25,25,21,35,17,27,26,25,40	285	75
1420	13,20,15,24,16,5,17,11,10,10	1,0,2,1,0,0,3,0,0,0	14,7,9,10,29,12,16,14,12,9	0,1,3,1,0,0,0,1,0,0	2320	75
1421	1,0,0,2,1,0,0,0,1,0	7,8,14,9,12,18,15,6,14,17	0,0,1,0,1,0,0,0,3,0	8,5,5,11,9,14,9,12,11,6	160	75
1423	139,159,124,198,128,133,105,141,131,155	39,40,33,46,26,35,30,39,35,53	156,89,92,113,159,95,129,109,200,199	37,32,33,45,41,42,51,36,37,32	2036	75
1424	1,0,1,0,1,1,1,0,1,0	0,0,0,0,0,0,0,0,1,0	1,1,0,1,0,1,0,0,3,0	0,0,0,0,0,0,1,0,0,0	349	75
1426	4,1,3,2,1,8,1,0,3,2	54,94,67,82,68,55,48,62,74,79	4,2,2,1,2,1,1,1,3,1	75,70,71,62,60,74,71,64,69,54	528	75
1428	6,2,4,5,5,3,5,3,3,5	110,106,105,103,98,64,81,88,65,92	1,7,4,7,5,0,2,1,3,6	122,92,89,87,84,109,95,78,99,61	202	75
1429	6,4,2,1,1,5,3,4,1,5	31,37,20,28,19,32,27,20,28,23	2,3,3,2,1,3,0,0,3,1	16,28,14,18,19,29,27,21,17,36	263	75
1430	13,13,13,17,16,13,10,16,9,23	21,42,33,44,33,28,32,26,32,38	15,12,6,11,25,17,15,15,17,4	37,33,26,47,43,43,36,38,35,27	2248	75
1431	12,24,13,15,10,13,16,21,24,12	4,14,18,7,7,9,8,10,14,15	21,15,14,14,22,17,13,22,23,27	11,9,12,8,16,15,8,11,12,8	169	75
1432	51,33,52,79,37,28,39,57,39,59	11,20,12,9,11,8,7,12,6,13	58,37,28,66,62,32,39,38,70,107	10,11,8,11,16,10,17,10,9,8	717	75
1433	3,1,2,3,0,0,3,0,2,0	17,21,17,11,12,6,4,13,11,7	2,1,0,0,2,0,2,0,0,2	11,9,5,11,12,9,12,5,5,12	150	75
1434	16,7,12,20,10,8,5,7,10,9	13,10,12,10,9,15,10,4,7,11	15,3,5,7,12,2,12,1,11,18	19,3,7,1,9,11,8,6,11,4	641	75
1436	1,2,0,0,1,1,5,1,3,2	6,2,2,3,2,3,2,4,3,1	2,2,1,0,1,0,1,1,4,2	2,2,1,2,1,0,1,1,6,3	190	75
1437	4,1,2,1,0,1,1,0,1,3	9,7,5,7,4,3,4,4,8,14	2,0,1,0,0,1,0,1,0,0	11,5,6,7,11,2,0,5,6,9	1978	75
1438	2,2,1,0,2,0,2,0,2,3	536,579,609,632,507,577,547,563,581,718	2,0,1,0,4,1,0,0,1,5	609,574,521,509,615,562,623,568,608,690	193	75
1439	7,2,3,8,5,5,4,4,2,1	5,0,0,0,0,1,0,0,1,3	1,2,0,6,6,4,1,6,7,7	2,1,1,0,2,0,3,1,1,0	872	75
1440	5,2,4,4,0,7,1,1,3,2	2,3,3,5,1,3,1,4,3,2	4,7,1,6,6,2,3,2,2,3	0,2,1,1,3,2,3,0,1,0	317	75
1441	2,1,3,1,0,0,1,0,1,1	2,4,1,5,4,1,1,5,7,5	1,1,0,2,1,0,0,0,0,0	2,6,2,4,2,2,0,5,3,8	259	75
1444	2,4,4,3,2,1,6,0,6,7	42,36,40,49,35,27,28,34,23,57	4,1,1,5,5,3,2,2,6,1	52,39,30,27,58,30,34,32,46,36	421	75
1445	20,38,26,39,32,18,24,26,26,31	0,0,0,0,0,0,0,0,0,1	37,27,24,31,29,31,33,18,25,16	0,0,0,0,0,0,0,0,0,0	693	75
1446	2,1,2,5,1,0,0,1,1,1	32,38,43,27,35,30,22,37,39,40	2,1,1,2,6,1,2,0,2,0	31,35,31,33,31,38,42,30,38,20	237	75
1448	9,14,15,14,14,19,12,12,10,15	0,1,3,1,0,4,6,1,1,2	20,14,8,15,13,11,21,16,11,13	1,2,4,1,2,6,5,0,3,0	205	75
1449	2,2,1,1,3,0,0,0,0,0	52,58,55,79,55,47,52,61,38,55	0,1,1,0,1,0,0,1,0,3	70,57,42,51,68,51,70,52,67,45	192	75
1450	1,0,6,2,1,1,3,1,2,1	40,48,45,46,48,35,52,50,34,57	1,1,1,1,3,0,2,0,4,0	63,35,49,58,53,41,47,31,56,41	159	75
1451	9,0,2,2,0,1,3,4,2,2	70,78,88,77,48,74,58,59,85,80	2,0,0,4,4,2,2,0,4,7	86,82,67,73,69,69,61,80,83,97	148	75
1452	18,22,17,17,9,20,17,19,10,16	0,0,0,0,0,1,2,0,1,2	18,15,16,13,16,16,16,16,14,19	0,0,2,0,1,0,0,0,0,0	161	75
1453	24,26,27,24,14,29,23,27,14,25	2,1,1,4,1,2,0,1,5,2	29,22,28,21,25,25,22,20,22,25	1,2,1,1,4,0,1,1,3,1	173	75
1454	22,25,28,28,23,31,24,31,27,45	80,84,77,94,83,106,76,85,89,96	36,38,30,23,23,38,28,27,44,50	90,100,86,93,92,80,93,84,106,119	638	75
1455	9,3,5,12,6,3,8,9,7,8	93,104,71,71,62,48,70,63,65,90	6,3,8,9,12,7,7,6,8,11	87,75,67,89,79,69,98,92,71,52	227	75
1456	1,0,0,3,0,1,1,1,0,1	59,59,68,45,65,56,56,64,52,74	1,2,0,1,2,1,0,0,2,1	75,62,50,69,58,71,77,58,52,58	161	75
1457	5,3,0,8,1,3,2,2,3,3	5,3,2,9,4,5,1,5,1,4	3,3,5,2,5,1,7,2,4,4	4,9,4,7,5,4,3,2,5,5	170	75
1458	0,0,0,1,0,0,1,1,0,1	67,48,58,80,47,52,39,57,54,50	1,0,0,0,0,0,1,3,1,0	62,45,55,85,70,45,63,60,59,58	171	75
1459	7,3,12,3,9,6,1,11,8,13	75,66,81,92,66,68,66,56,78,66	10,4,5,2,9,7,9,9,11,7	93,71,93,77,97,67,100,84,87,80	1210	75
1460	0,0,2,4,0,2,0,0,1,1	34,38,36,38,57,42,30,38,38,37	1,0,3,1,2,1,0,2,3,1	54,36,52,31,31,37,37,41,47,55	214	75
1461	2,0,1,1,6,1,3,2,2,2	109,128,114,131,120,121,110,104,127,131	0,0,1,1,3,3,4,1,2,2	100,153,130,145,112,115,143,146,162,222	146	75
1462	0,2,0,1,0,0,0,0,3,0	106,110,126,137,100,110,120,123,105,112	1,1,0,3,1,0,2,0,1,0	124,104,121,133,128,106,113,104,137,112	1387	75
1464	2,0,3,2,2,5,3,3,1,3	0,0,0,0,0,2,0,0,0,0	0,3,5,3,3,2,2,2,6,3	0,0,0,0,1,3,0,0,0,0	468	75
1465	1,0,2,2,2,5,2,2,1,3	50,33,47,48,33,19,37,46,25,34	0,2,2,0,3,2,1,2,5,3	54,34,40,28,49,42,36,30,25,18	464	75
1466	2,1,6,5,2,7,7,4,1,3	23,28,41,29,26,48,15,34,38,30	4,11,5,7,6,1,4,4,5,5	30,34,21,37,27,33,28,43,23,52	158	75
1467	5,1,1,3,1,2,3,0,3,3	7,4,10,8,4,5,2,14,4,5	7,0,2,0,3,2,0,1,2,2	9,6,6,6,10,6,5,5,7,6	483	75
1468	1,1,0,0,0,0,0,0,0,1	71,60,70,86,92,50,84,100,71,50	0,0,0,1,0,1,0,0,0,0	85,77,71,70,96,76,90,72,73,84	159	75
1469	330,341,360,471,262,283,283,260,234,377	1,5,2,6,2,0,3,1,4,1	357,212,201,216,420,222,228,156,290,295	0,1,3,0,1,1,4,1,0,0	3404	75
1470	0,0,0,0,0,0,0,0,0,0	4,7,4,6,3,2,4,0,0,4	0,0,0,0,0,0,0,1,0,0	7,5,4,5,1,4,4,8,2,4	245	75
1473	4,0,2,4,3,2,1,2,1,2	6,3,6,8,4,6,2,5,3,5	5,5,1,1,5,0,2,2,6,3	13,7,7,8,2,6,5,2,0,6	157	75
1474	8,8,8,10,10,12,10,10,5,9	55,49,55,73,56,74,58,69,46,75	8,9,5,6,6,8,11,8,9,6	53,63,43,53,61,61,74,58,82,72	187	75
1475	9,9,7,12,9,4,11,7,15,8	77,70,73,102,76,115,60,101,81,108	12,9,7,8,17,9,9,4,13,13	79,78,75,79,72,80,84,59,95,80	288	75
1476	1,2,7,3,6,4,0,3,1,3	9,18,15,10,6,10,7,7,22,13	3,5,2,3,4,2,1,7,1,2	23,7,9,18,14,14,5,8,10,9	412	75
1477	950,932,1010,977,774,820,868,834,837,969	3,5,6,3,2,4,3,2,3,13	909,813,933,890,1102,921,911,782,954,652	5,4,3,1,4,2,3,5,3,4	909	75
1478	6,9,12,14,14,5,7,7,22,9	0,0,0,0,0,0,0,0,0,0	12,7,5,7,11,14,18,9,17,7	0,1,0,0,0,0,0,0,0,0	165	75
1479	6,10,13,14,14,5,7,9,22,9	213,228,246,257,215,246,182,201,214,255	12,7,6,7,11,14,18,10,17,8	251,249,205,238,222,206,214,188,209,275	184	75
1480	480,205,528,553,454,664,528,526,512,581	140,72,180,172,125,170,125,143,142,182	259,514,549,288,223,490,547,438,304,738	88,141,140,75,66,157,144,152,79,217	171	75
1481	2,0,0,2,0,0,0,0,0,0	75,82,73,85,103,91,97,87,101,83	0,1,0,1,2,0,0,2,0,3	85,68,75,91,95,61,95,94,126,124	176	75
1482	0,3,4,4,3,4,3,3,4,2	85,86,65,87,92,78,70,76,56,86	3,5,2,1,4,3,3,1,3,6	84,63,79,69,70,69,94,80,88,90	179	75
1484	5,8,6,8,2,5,5,4,4,6	1,0,1,4,2,0,1,0,1,3	5,1,7,7,7,6,5,5,4,5	1,0,0,1,0,1,1,0,0,0	167	75
1485	40,49,49,57,46,36,57,42,61,51	0,0,1,0,0,0,0,0,0,0	53,38,40,46,44,44,57,43,45,45	0,0,0,0,0,0,0,0,0,0	994	75
1488	36,91,62,69,51,44,48,36,45,68	2,2,4,4,1,0,5,2,1,1	35,58,46,90,72,66,67,50,43,39	3,3,1,4,4,6,4,3,0,4	190	75
1490	0,0,0,1,0,1,0,0,0,1	13,13,12,15,10,10,9,9,7,11	0,2,0,0,0,0,0,0,0,0	18,10,14,8,11,10,14,15,8,8	157	75
1491	38,28,32,40,31,38,24,37,43,22	1,2,0,0,1,0,2,1,0,0	27,31,32,28,31,23,38,26,38,61	1,0,0,1,2,1,1,2,2,1	180	75
1492	11,14,11,11,7,4,7,9,6,9	39,52,41,46,62,56,48,47,44,44	8,5,4,8,10,7,14,5,8,19	49,42,49,35,44,53,49,40,53,53	310	75
1493	8,4,7,8,4,4,3,2,8,6	46,35,43,49,35,52,29,41,40,58	8,2,6,4,16,2,5,8,11,17	50,28,58,53,41,37,59,45,56,36	404	75
1494	0,0,0,1,0,0,0,0,0,0	0,0,0,0,0,0,0,0,0,0	0,0,0,0,0,1,0,0,0,0	1,0,0,0,0,0,0,0,0,0	252	75
1495	4,0,6,1,0,4,0,2,1,0	17,27,21,25,19,14,11,28,11,20	0,0,0,1,0,1,0,1,1,2	12,23,13,19,26,17,19,12,6,17	1371	75
1496	4,3,0,1,1,4,1,1,1,1	4,12,9,6,4,14,5,9,4,10	1,1,2,2,1,0,3,12,9,8	8,4,7,4,17,7,7,11,17,8	276	75
1497	0,0,3,1,0,0,0,1,3,3	2,5,4,10,6,10,3,10,3,4	0,0,3,1,1,0,2,1,0,1	4,3,3,13,1,4,9,5,6,6	276	75
1498	3,0,4,5,4,3,1,6,5,7	0,0,0,0,0,0,0,0,0,0	2,3,5,3,9,2,5,2,1,3	0,0,0,0,0,0,0,0,0,1	665	75
1499	3,0,1,4,4,3,1,5,2,4	6,5,4,8,2,9,2,4,3,3	2,3,4,2,8,2,5,1,1,2	2,6,5,10,4,4,2,1,5,6	406	75
1501	0,0,0,1,0,0,1,1,0,2	7,16,8,8,6,6,6,14,7,10	1,0,0,0,0,1,0,0,0,0	9,6,3,7,17,7,11,9,11,13	177	75
1505	7,3,6,4,3,2,1,4,3,0	13,16,32,20,12,14,12,12,12,25	3,4,0,2,6,1,0,3,1,7	19,19,13,32,19,20,11,16,15,17	2209	75
1507	16,18,31,33,27,31,18,26,21,29	400,462,403,420,371,471,372,433,440,474	33,30,31,19,27,24,29,28,33,30	384,421,437,416,429,452,464,451,466,517	293	75
1509	3,11,9,3,2,2,6,6,4,8	140,163,155,169,131,159,131,159,157,179	7,2,4,6,8,9,10,4,2,8	179,159,176,136,168,169,178,159,189,149	1093	75
1510	3,6,0,4,2,1,3,3,2,3	3643,3975,3993,4137,3412,3745,3472,3559,3634,4221	9,0,6,2,5,2,3,1,1,11	3704,3652,3821,3733,3872,3812,4067,3737,3876,4398	160	75
1511	4,5,3,6,4,7,4,2,6,7	1677,2145,2100,2367,1819,1748,1979,2078,1683,2217	5,5,2,6,8,8,2,5,7,8	1827,2160,2110,1698,2043,1967,1989,1994,1802,2178	164	75
1512	286,352,321,335,321,371,278,321,316,345	2,4,7,6,10,6,3,10,3,5	368,308,283,342,334,297,355,277,370,458	9,5,2,6,12,8,6,9,5,7	574	75
1513	1,2,3,5,8,4,3,9,3,2	490,647,494,450,465,755,515,499,586,544	3,4,0,1,7,4,2,0,2,11	575,478,663,452,549,467,626,597,620,833	288	75
1515	0,0,0,0,0,0,0,1,0,0	1,0,0,0,0,0,0,0,0,0	0,0,0,0,0,0,0,0,0,0	0,0,0,0,3,0,0,0,0,0	217	75
1516	0,1,0,0,0,0,1,0,1,1	0,0,0,1,1,0,1,0,0,0	3,0,0,0,0,0,0,0,1,1	0,2,0,0,0,0,0,0,0,0	931	75
1517	18,36,34,18,32,27,23,18,29,37	0,0,0,0,0,0,0,1,0,0	29,26,20,26,22,37,43,20,19,20	0,0,0,0,0,0,0,0,0,0	2304	75
1519	2,4,0,4,2,4,2,1,4,1	63,59,88,88,80,97,64,76,59,90	2,2,1,5,1,2,2,8,4,5	77,63,61,73,66,68,82,89,88,92	189	75
1520	0,3,2,2,5,5,5,1,3,5	378,361,380,411,350,453,378,412,369,444	7,2,2,3,0,1,4,7,2,4	363,418,411,409,355,364,365,373,460,561	153	75
1521	4,5,0,2,2,1,0,2,1,2	0,0,0,0,1,0,1,0,1,0	4,1,1,0,2,0,4,0,2,1	0,0,0,0,0,1,0,0,0,0	670	75
1522	0,1,2,0,0,1,1,3,1,2	0,0,1,0,2,2,0,0,0,0	5,1,1,0,1,3,1,1,1,3	0,0,0,0,0,0,0,0,0,1	182	75
1523	4,6,7,13,7,5,5,9,2,9	2,3,9,7,6,7,9,5,3,5	7,7,1,6,8,2,9,1,1,5	5,7,4,4,2,7,6,3,5,0	1870	75
1524	14,11,8,18,10,5,14,5,4,7	61,69,73,59,55,65,41,58,68,54	6,6,3,9,9,3,6,4,7,4	55,55,67,41,64,54,74,56,62,57	700	75
1525	0,1,2,1,2,1,1,0,0,2	74,75,89,80,68,78,77,62,53,89	2,1,0,0,1,2,5,1,0,2	67,52,72,68,71,69,73,80,73,79	371	75
1526	24,16,28,34,27,15,15,19,23,17	49,47,59,51,55,60,44,46,59,68	28,18,19,9,28,11,19,21,25,37	65,49,47,50,60,48,58,56,40,66	911	75
1527	5,4,6,7,6,7,1,4,3,5	0,0,0,0,0,0,0,0,0,0	3,5,6,3,2,1,10,9,1,7	0,0,0,0,0,0,0,0,0,1	224	75
1528	1,2,2,0,0,0,0,1,0,1	12,10,21,23,11,10,9,12,16,8	1,2,0,1,3,0,0,1,1,2	12,19,10,16,17,19,15,9,7,10	297	75
1529	201,224,224,290,236,186,199,182,191,267	185,221,215,178,184,218,195,188,184,182	269,156,158,160,224,146,190,142,238,295	197,171,175,204,189,185,226,169,216,237	2479	75
1530	4,2,0,0,0,0,2,3,1,3	1,0,1,4,1,1,2,1,2,2	2,1,0,1,4,1,1,1,1,3	1,0,1,0,0,0,0,1,1,3	294	75
1531	0,0,1,0,0,0,0,0,0,0	1,1,1,2,2,0,2,2,1,1	0,0,0,0,0,0,1,0,1,1	3,0,0,0,0,1,1,0,0,2	225	75
1532	1,0,0,0,0,0,2,1,0,1	0,0,0,0,0,0,1,0,0,0	2,1,0,0,0,0,0,0,0,0	0,0,0,0,0,0,0,1,1,0	247	75
1533	12,13,14,13,10,10,13,9,11,7	13,14,16,12,18,16,9,15,12,20	21,9,3,8,10,8,4,7,11,10	20,19,13,15,17,12,21,14,10,17	1239	75
1535	1,0,5,4,1,1,3,3,3,3	22,30,25,28,28,11,25,23,33,20	5,1,0,1,5,2,5,0,2,4	41,19,29,15,37,33,24,25,13,10	583	75
1536	57,58,55,52,56,69,71,58,91,53	0,0,1,0,0,0,2,1,3,1	61,66,53,76,58,75,65,61,75,86	0,0,1,1,0,1,1,0,2,0	668	75
1537	3,4,10,3,2,8,0,5,2,4	39,37,33,37,42,30,34,44,33,48	3,6,3,1,11,6,5,2,2,9	35,33,32,35,50,41,39,46,34,37	1551	75
1538	70,62,72,74,66,62,57,67,62,69	1,1,2,0,0,0,1,3,1,0	78,59,63,53,97,67,77,65,58,73	4,0,3,0,0,2,1,0,0,0	1642	75
1539	1,4,0,1,2,1,0,3,1,2	18,18,25,21,11,13,20,14,15,27	1,2,4,3,2,1,1,1,1,5	21,13,11,20,29,29,21,23,24,21	152	75
1540	7,7,10,12,5,0,3,11,6,7	24,15,16,21,19,7,8,13,17,6	8,4,6,4,12,4,2,6,7,5	13,13,16,12,17,20,30,18,8,5	1611	75
1541	0,1,0,3,1,0,0,1,1,0	27,38,31,23,33,27,24,29,18,18	1,0,0,1,1,0,0,0,2,1	33,21,41,32,29,26,38,22,40,21	1000	75
1542	51,43,62,60,40,33,44,32,44,36	0,0,0,0,0,2,0,0,0,0	49,38,24,42,45,45,57,42,38,41	2,0,0,0,1,0,0,0,0,0	585	75
1547	2,2,4,4,4,2,4,6,2,2	98,99,96,130,80,68,89,88,99,94	0,0,1,1,3,2,3,2,8,3	91,103,83,102,67,98,96,104,104,94	435	75
1548	18,6,7,21,4,12,15,8,8,13	115,113,128,134,112,125,101,114,143,126	12,5,4,12,13,11,6,4,20,26	119,123,131,147,118,103,116,128,112,178	719	75
1549	5,7,8,10,8,3,10,3,5,4	34,21,27,23,28,24,25,23,36,29	2,3,9,9,10,7,10,3,8,18	29,47,25,37,25,29,26,41,38,29	1313	75
1550	39,26,35,34,26,38,19,22,20,36	14,14,9,15,7,8,5,8,9,12	34,18,18,20,41,23,28,20,31,27	14,8,11,16,18,17,20,16,8,9	2766	75
1551	1,0,3,3,2,1,1,1,0,0	9,11,4,7,5,10,8,11,11,11	2,1,5,3,2,3,3,1,1,4	13,6,13,25,19,5,4,8,8,10	974	75
1552	12,14,12,24,16,18,18,16,18,11	32,44,48,42,42,39,30,36,38,51	16,10,3,8,23,13,11,13,15,29	35,46,46,55,37,33,49,48,71,68	351	75
1553	132,130,149,164,114,114,119,140,122,103	3,2,3,5,2,4,3,3,3,5	161,89,89,103,156,110,126,120,181,193	6,1,5,2,7,1,6,3,6,5	2548	75
1554	110,101,131,136,92,84,95,115,96,85	50,53,39,69,38,47,40,45,45,40	129,70,72,77,124,87,101,96,143,150	53,48,73,47,60,51,69,58,58,78	2175	75
1555	2,7,5,3,5,7,10,5,4,7	26,26,21,25,22,17,19,20,16,18	6,1,0,0,6,4,2,1,5,6	25,20,16,26,39,14,32,24,14,19	1123	75
1556	1,3,2,7,1,4,3,4,3,3	356,379,363,398,313,411,337,394,378,449	2,4,3,1,3,4,1,6,3,8	387,362,358,395,421,397,463,427,506,488	1243	75
1557	11,18,15,22,27,11,15,16,13,16	15,35,57,39,25,42,43,42,36,53	7,11,18,13,16,9,10,14,19,15	36,44,26,41,30,36,49,34,59,52	576	75
1558	11,7,10,13,5,12,12,15,11,10	10,18,14,15,9,11,6,5,10,11	13,5,6,8,10,8,5,14,8,14	12,12,9,6,9,9,7,10,2,16	992	75
1559	5,3,4,5,4,3,9,7,6,6	11,16,15,9,17,15,24,10,11,17	5,2,1,2,5,4,2,3,3,4	30,19,19,20,19,13,14,20,20,9	983	75
1560	12,10,9,9,10,5,6,8,13,7	2,1,1,1,1,1,1,4,0,2	5,5,10,4,7,5,11,4,15,5	3,3,0,0,3,1,2,2,1,4	306	75
1561	3,1,0,2,3,3,1,1,2,0	14,11,9,19,9,4,9,7,17,16	1,1,1,0,0,1,0,1,2,4	5,7,9,14,8,7,12,6,7,10	1928	75
1562	2,0,1,2,1,2,2,1,0,1	24,21,31,31,28,34,35,34,51,40	2,1,0,1,2,0,1,0,0,1	34,25,28,23,31,35,44,31,38,35	307	75
1563	4,4,12,10,9,2,5,3,4,9	5,8,10,4,7,4,7,7,9,11	11,8,2,2,6,4,4,2,9,6	12,3,4,2,8,9,2,9,5,11	160	75
1564	7,7,7,12,11,14,4,10,16,9	160,144,150,120,121,157,123,133,129,153	10,7,5,8,9,1,13,4,12,7	152,122,137,110,157,128,130,132,164,154	208	75
1565	32,21,32,25,16,26,30,17,18,19	0,0,0,0,0,0,0,0,0,0	26,15,27,25,32,22,20,16,32,39	0,0,0,0,0,0,0,0,2,1	228	75
1566	6,3,3,2,3,7,1,2,3,1	0,2,0,2,0,0,1,2,0,0	3,0,1,4,5,5,5,1,3,7	2,0,1,0,0,0,1,1,1,0	1966	75
1568	107,167,138,112,102,86,99,140,95,155	0,1,0,0,0,0,0,0,0,1	119,125,127,119,135,113,113,258,189,133	0,1,1,1,1,0,1,2,3,2	643	75
1569	175,260,225,199,183,118,144,227,161,224	1,0,2,1,2,0,0,1,3,0	190,182,223,220,204,177,188,450,286,229	1,2,0,1,1,1,2,5,2,2	2029	75
1570	55,77,76,65,66,18,33,68,46,57	7,11,11,9,9,13,10,12,11,18	54,44,82,77,46,52,62,148,74,74	17,21,19,21,22,16,16,30,11,12	1337	75
1571	2,1,2,2,1,1,1,0,0,1	3,2,3,3,1,1,1,2,2,1	2,1,0,1,2,2,0,0,1,0	1,0,1,2,4,5,5,3,4,2	393	75
1572	1,2,2,4,1,3,2,1,1,2	84,94,102,111,83,105,81,93,88,105	2,1,1,2,7,1,3,2,1,3	95,97,99,69,79,78,101,96,110,119	480	75
1573	73,79,95,92,73,104,63,62,85,91	2,2,2,2,3,4,3,1,3,0	63,85,72,90,68,88,98,90,84,101	2,0,1,1,2,2,0,1,0,5	549	75
1574	0,1,0,4,1,3,4,5,3,1	11,5,5,9,8,3,3,6,5,4	1,1,1,4,1,1,0,0,3,1	11,5,3,2,7,7,5,4,7,5	357	75
1575	4,3,6,1,3,5,8,4,4,3	0,0,0,0,1,0,0,0,0,0	2,3,1,3,6,4,7,3,6,5	0,0,0,0,0,0,0,0,0,0	409	75
1576	3,2,5,1,2,3,8,2,4,2	4,2,3,4,5,0,4,2,3,4	2,1,1,1,5,1,4,3,5,3	5,4,6,3,3,6,4,7,4,3	404	75
1577	3,2,3,1,2,3,5,2,3,2	0,0,0,0,0,0,0,0,0,0	1,1,1,1,2,0,4,2,4,3	0,0,0,0,0,0,0,0,1,0	271	75
1579	17,10,14,8,9,7,10,9,8,12	24,45,71,36,27,45,46,25,37,56	12,9,6,3,13,10,12,5,10,18	40,47,38,30,54,41,47,33,48,39	934	75
1581	0,0,0,0,2,0,1,1,0,0	2,4,2,2,0,1,1,2,2,1	0,0,0,0,0,0,0,0,1,0	1,2,0,1,2,1,3,4,1,0	382	75
1582	0,0,2,0,0,0,1,1,1,1	0,0,0,2,1,0,1,3,2,0	2,0,0,1,0,1,1,1,1,1	5,1,1,1,2,1,2,3,2,1	354	75
1584	5,3,16,12,4,7,6,9,3,8	12,17,27,33,15,17,17,31,16,22	13,8,6,9,14,10,6,7,6,8	23,18,13,14,21,16,18,22,20,31	439	75
1585	6,5,8,5,7,3,5,5,2,9	0,0,0,0,1,0,0,0,0,0	3,3,5,3,7,2,2,3,3,7	0,0,0,0,0,0,0,0,0,0	419	75
1586	61,56,47,47,48,29,31,38,52,33	1,2,4,3,0,3,5,0,3,0	43,41,41,47,45,43,46,44,24,25	0,0,2,3,2,2,6,0,2,1	484	75
1587	0,0,0,0,0,0,0,0,3,0	47,52,49,60,29,33,37,65,42,41	2,0,1,1,0,0,0,0,1,1	57,39,54,58,45,47,51,41,53,43	232	75
1588	0,0,0,0,0,1,0,0,0,0	73,96,102,102,90,72,80,90,81,97	0,0,1,0,1,0,0,1,2,0	82,82,86,106,94,71,100,89,89,88	191	75
1589	3,2,2,1,0,1,3,2,2,5	91,93,96,112,100,78,70,89,79,91	1,0,0,0,1,1,0,2,4,3	103,89,72,88,89,96,84,68,72,77	179	75
1590	4,2,4,2,6,6,4,1,1,2	41,46,33,47,36,25,37,38,23,52	4,1,4,2,3,3,2,3,7,6	47,39,48,27,34,38,37,26,37,26	452	75
1591	72,80,105,76,70,48,52,70,64,85	0,0,0,1,4,2,0,1,3,1	95,46,62,73,75,76,81,49,80,52	3,0,0,0,1,1,0,2,3,0	519	75
1592	81,78,94,79,79,83,54,69,69,92	0,0,0,0,1,1,0,0,0,0	84,74,65,57,85,66,64,77,67,65	0,0,0,0,0,0,0,0,0,0	940	75
1593	4,2,8,9,6,7,3,7,11,4	0,0,0,0,0,0,0,0,0,0	5,6,6,9,4,8,8,6,7,12	0,1,0,1,0,1,0,0,0,0	326	75
1594	15,23,26,28,23,17,14,19,20,23	0,0,0,0,1,0,2,0,1,1	18,17,13,22,26,25,29,12,15,11	1,0,0,0,4,0,0,0,0,0	216	75
1595	0,1,3,0,1,1,0,0,1,1	0,0,0,0,1,0,0,0,0,0	0,0,0,0,1,0,1,0,0,0	0,0,0,0,0,0,0,0,0,0	160	75
1596	4,12,6,8,9,7,6,12,8,10	63,71,58,78,54,62,62,69,51,79	4,7,8,3,7,7,3,7,6,13	68,70,50,58,57,59,89,67,74,80	144	75
1597	0,0,0,0,1,0,0,0,0,1	10,7,22,25,9,13,10,14,9,18	3,0,0,0,0,0,0,0,0,0	14,25,11,18,13,14,13,17,9,10	332	75
1598	44,45,50,52,44,37,28,42,26,45	47,62,49,57,53,34,32,51,51,30	45,42,31,30,47,55,39,40,29,33	54,57,60,46,47,52,52,42,54,41	165	75
1600	2,9,7,13,8,7,6,7,9,4	23,32,43,42,42,41,30,29,39,44	7,7,11,5,10,3,6,5,10,12	36,42,39,35,39,40,42,27,20,34	151	75
1601	120,107,136,131,132,64,87,111,104,87	0,1,0,0,0,0,0,0,0,0	131,94,72,115,143,121,107,86,82,57	0,0,0,0,0,1,2,2,0,1	3846	75
1602	0,0,0,0,0,0,0,0,0,0	56,63,64,69,45,55,53,55,77,47	0,1,0,0,0,0,1,0,1,1	65,59,57,75,67,55,45,75,58,99	167	75
1606	5,4,4,6,3,2,11,4,1,2	2,0,3,4,1,3,2,0,5,1	5,4,6,7,6,1,3,3,13,14	6,2,2,1,6,5,1,1,4,4	480	75
1607	7,9,12,14,11,4,14,9,6,6	0,0,0,0,0,0,0,0,0,0	9,7,12,16,17,3,9,8,17,28	0,0,1,0,0,0,0,0,0,0	845	75
1608	1,0,1,1,0,0,1,0,2,2	3,6,9,9,5,2,5,6,12,5	0,0,1,1,0,0,0,1,2,1	10,8,5,8,14,4,10,9,14,17	263	75
1609	0,0,1,1,0,1,1,4,2,0	5,1,3,2,6,2,7,6,3,1	1,1,3,1,0,0,1,2,5,2	0,6,2,2,13,2,4,4,1,4	249	75
1611	0,2,2,2,0,0,1,1,1,2	3,2,6,4,8,4,3,5,5,4	0,0,1,0,1,2,3,0,3,0	5,3,1,4,1,4,4,3,4,4	231	75
1612	22,17,29,16,17,11,7,20,14,16	0,0,0,0,1,0,0,0,0,0	22,17,16,18,23,9,13,18,15,13	0,0,0,0,0,0,0,0,0,0	185	75
1613	9,10,8,3,5,5,1,9,5,4	23,23,21,20,17,21,23,20,29,13	5,3,4,4,5,2,4,7,2,7	29,13,26,16,17,19,25,23,26,27	155	75
1614	1,0,0,1,0,0,0,0,0,0	10,14,3,5,3,4,2,15,3,10	1,0,0,1,1,0,1,0,0,0	10,10,7,13,8,6,9,10,1,12	154	75
1615	5,6,5,6,0,5,4,1,4,3	8,3,1,4,3,2,1,4,5,2	4,0,1,5,3,1,1,2,5,8	7,6,1,4,7,6,5,1,3,0	383	75
1616	3,5,4,3,4,3,4,2,5,1	4,0,4,5,3,2,1,1,3,4	3,0,1,2,2,1,2,2,6,2	2,3,3,0,3,2,1,3,6,5	242	75
1617	8,12,8,11,8,7,5,5,5,5	59,37,45,68,79,40,42,43,45,69	5,4,6,11,8,2,8,4,7,9	62,57,54,63,53,55,69,42,36,33	352	75
1618	0,0,1,1,0,2,1,2,0,0	11,7,10,16,11,15,3,11,8,11	1,0,0,0,0,1,1,0,0,3	9,9,10,10,14,14,16,2,10,6	149	75
1620	9,13,17,17,7,1,2,6,8,8	2,0,1,0,1,1,0,0,2,0	2,11,8,5,8,5,10,3,3,3	1,0,0,0,0,0,2,0,1,0	186	75
1621	1,1,1,2,1,1,0,0,0,1	117,141,163,169,139,154,152,134,134,149	0,1,0,0,1,1,0,0,0,0	152,126,122,124,151,122,144,124,156,147	176	75
1622	67,57,76,70,86,80,62,79,77,88	2,5,4,4,3,3,2,6,5,4	68,42,56,73,80,59,59,54,69,64	3,1,7,7,7,5,3,4,4,3	325	75
1623	6,4,0,4,4,3,0,9,5,4	92,72,89,107,92,90,78,85,86,110	0,1,1,2,2,0,0,1,5,4	83,86,79,78,91,89,108,96,111,99	295	75
1624	2,4,2,4,0,4,3,3,3,3	45,41,48,58,51,44,41,44,51,60	2,2,4,2,5,3,2,4,2,7	47,44,41,52,50,44,53,33,53,44	1031	75
1625	2,1,1,1,0,1,0,0,0,0	4,3,5,6,3,2,2,4,3,4	1,2,1,0,1,0,0,0,1,0	9,5,6,1,12,3,8,7,4,3	2083	75
1626	86,89,93,93,62,47,72,65,79,64	87,99,126,120,108,83,96,106,82,115	89,65,83,86,91,81,100,88,61,67	116,87,109,119,100,103,117,107,101,84	219	75
1627	16,11,10,21,15,15,7,11,11,16	55,48,41,44,37,55,38,42,49,44	26,8,7,15,33,12,10,13,21,19	49,40,45,62,44,49,63,54,44,63	2542	75
1628	19,21,39,30,18,29,16,27,33,32	731,845,844,878,891,871,737,861,834,1052	37,26,22,16,41,23,27,21,31,32	761,852,749,767,843,871,889,863,1039,1043	2348	75
1629	50,58,48,88,55,60,56,69,60,65	0,0,0,0,1,0,0,0,0,0	55,62,57,56,51,63,59,43,87,62	0,0,0,0,0,0,0,0,0,1	305	75
1630	42,44,50,57,41,44,38,32,40,52	76,78,84,72,87,64,47,75,79,71	64,28,18,45,48,21,26,38,66,53	90,87,76,61,78,99,91,62,59,43	1857	75
1631	1,0,1,1,1,0,0,0,0,0	116,136,149,119,115,94,84,130,88,144	1,0,0,1,0,0,0,0,1,1	142,102,99,96,90,96,111,90,88,114	158	75
1632	0,0,0,2,1,0,0,0,0,1	1,2,2,6,5,1,2,6,7,4	0,0,0,1,1,1,0,0,0,0	5,2,4,10,2,4,3,4,8,1	1213	75
1633	3,1,1,3,0,0,0,0,0,1	3,5,1,5,3,2,1,2,6,1	0,0,0,1,1,0,1,0,4,1	5,3,2,1,3,0,3,5,1,6	651	75
1634	0,4,0,0,1,1,0,2,0,0	12,5,6,4,6,3,5,4,8,2	0,1,2,0,1,0,2,0,0,1	11,3,8,10,5,13,16,7,5,3	785	75
1635	9,10,6,9,13,9,5,7,8,13	28,32,48,33,35,40,36,21,24,40	8,4,7,5,13,3,6,1,4,6	37,41,35,36,30,28,27,39,52,46	342	75
1636	54,48,56,72,56,43,51,57,47,75	28,31,41,43,30,33,30,42,42,68	60,59,29,31,68,35,51,22,87,76	49,39,45,43,28,29,29,42,50,34	426	75
1638	32,41,36,29,36,29,34,30,31,39	11,17,14,22,12,24,27,17,24,25	33,28,37,35,34,40,44,37,39,46	21,22,14,11,22,21,15,21,16,31	151	75
1639	6,6,8,1,2,3,2,3,3,0	61,65,68,90,69,72,59,59,51,97	3,4,1,7,6,3,2,2,6,4	99,72,67,70,85,69,63,66,66,67	340	75
1640	4,0,2,5,2,2,5,3,4,2	82,86,74,108,75,77,51,71,78,84	8,7,3,1,5,3,1,5,3,1	63,63,70,80,81,74,86,76,85,78	204	75
1641	0,0,0,0,0,0,0,0,0,0	21,44,21,27,23,19,18,19,30,18	0,0,3,0,0,0,0,0,0,0	22,22,20,27,21,20,23,24,14,5	202	75
1643	1,2,2,0,0,0,0,3,3,3	0,0,0,0,0,0,0,0,0,0	0,1,0,0,0,0,2,0,2,1	0,0,0,0,0,0,0,0,0,1	144	75
1644	1,2,2,0,0,0,0,4,3,3	6,4,5,5,10,10,6,4,6,6	0,1,0,0,0,0,3,0,2,1	5,8,2,6,5,12,5,9,13,5	166	75
1645	6,3,6,5,2,5,5,7,2,4	10,17,15,11,16,17,8,18,14,16	8,3,13,5,8,4,3,7,7,8	16,16,17,19,13,10,11,20,26,14	151	75
1646	1,1,1,2,0,3,0,1,1,2	18,17,21,19,15,14,30,20,13,22	0,1,1,1,2,1,0,0,0,0	27,24,18,18,22,21,24,16,14,6	167	75
1647	6,3,5,4,3,0,2,5,2,1	16,20,24,32,16,9,19,17,22,13	3,0,1,3,4,2,3,0,1,5	34,25,7,4,20,15,28,13,17,16	172	75
1648	4,4,3,1,2,1,2,1,2,6	14,12,13,17,13,5,11,14,16,14	3,3,1,0,2,1,3,3,2,2	16,15,18,17,11,14,11,13,22,15	828	75
1649	4,4,3,1,2,1,2,1,2,7	0,1,0,1,1,0,0,0,2,1	3,4,1,0,2,1,3,5,2,2	0,2,1,1,0,0,0,0,1,2	836	75
1651	0,1,1,1,0,0,0,0,1,0	9,19,7,7,5,7,9,15,18,13	1,2,1,0,1,1,2,0,2,1	8,9,9,17,8,16,6,17,12,10	178	75
1652	0,0,0,0,0,1,0,0,0,0	21,25,37,34,29,39,24,28,21,36	0,0,0,0,0,0,0,0,0,0	18,29,14,27,24,27,30,24,23,35	150	75
1653	0,2,0,0,2,0,0,1,3,1	22,18,19,27,20,20,20,24,14,24	2,1,2,1,0,0,2,2,0,1	22,14,24,26,18,18,17,18,22,29	152	75
1654	1,0,0,0,0,0,0,0,0,0	3,7,6,5,3,4,2,4,2,4	0,0,0,0,0,0,1,1,0,1	2,5,1,2,4,7,5,4,5,4	157	75
1655	2,1,5,5,2,2,2,4,4,2	27,25,32,20,31,17,23,26,24,23	2,3,3,4,3,1,7,10,4,12	36,15,26,39,39,32,36,35,24,28	951	75
1657	3,4,5,3,1,0,1,2,5,7	12,11,12,10,10,6,12,13,5,7	3,1,4,6,1,1,3,0,2,5	11,5,8,8,12,5,10,7,17,15	269	75
1658	3,0,2,6,2,2,2,2,3,0	23,22,14,27,18,39,14,28,24,25	1,1,1,1,2,3,6,1,3,7	17,25,19,18,20,27,32,25,27,21	155	75
1659	146,125,129,182,140,107,133,145,120,187	64,75,74,69,66,61,51,60,67,87	174,95,78,111,174,86,148,104,203,236	83,68,57,58,73,59,58,58,67,73	1618	75
1660	28,20,18,20,13,14,18,15,16,15	33,50,32,45,42,54,44,37,30,66	12,16,11,28,19,16,20,8,24,19	53,37,31,38,37,50,42,36,28,64	213	75
1661	3,3,4,4,7,2,5,1,1,6	356,359,407,422,325,467,402,436,378,479	8,7,5,3,5,5,3,1,6,3	416,384,386,374,451,422,457,415,496,546	221	75
1662	75,75,86,100,75,69,68,79,75,78	1,0,1,0,0,0,0,0,0,2	73,56,67,58,100,75,74,68,84,72	0,0,0,0,1,0,1,2,0,0	2551	75
1663	2,2,1,0,0,0,0,1,1,0	9,15,10,22,10,2,8,8,5,5	2,0,1,2,2,1,1,0,0,0	10,5,9,7,13,9,3,6,2,7	601	75
1664	0,0,1,1,0,2,1,1,5,1	0,0,0,0,0,0,0,0,1,0	1,0,0,0,0,2,3,1,0,0	0,0,0,0,0,0,0,0,0,0	341	75
1667	1,0,0,0,0,0,0,1,0,1	8,9,12,10,11,15,4,10,10,16	1,0,0,0,1,0,0,0,0,1	6,11,12,4,9,10,10,17,17,12	184	75
1668	1,2,0,2,0,1,0,0,1,0	0,1,0,1,0,0,2,0,0,1	0,0,1,5,2,0,0,3,2,2	1,0,0,0,0,0,0,0,0,0	812	75
1669	0,2,3,0,1,5,0,0,1,1	4,3,3,8,12,11,9,8,6,18	1,0,1,1,1,0,1,0,0,1	9,16,11,7,7,7,13,5,10,9	1192	75
1670	60,44,69,71,65,63,63,54,57,59	1,3,0,0,0,1,2,1,0,3	76,49,48,68,72,46,55,43,55,53	0,0,1,0,0,1,0,0,0,2	2369	75
1671	4,8,0,10,3,9,2,0,4,4	7,7,8,6,16,16,18,9,14,12	5,0,4,1,3,1,6,1,4,6	10,6,10,6,6,7,13,10,10,10	273	75
1672	9,11,12,14,15,13,14,6,9,8	7,4,6,5,9,11,7,7,13,5	14,7,11,6,17,14,13,9,20,16	6,6,6,1,6,2,12,10,11,8	912	75
1673	0,2,0,1,3,2,0,5,0,0	6,3,9,10,3,6,3,4,4,12	1,0,1,0,3,1,2,0,1,1	4,6,5,2,6,2,12,5,10,10	326	75
1674	15,13,21,12,18,13,21,23,14,19	5,4,8,3,9,6,9,8,9,20	23,17,13,9,24,16,16,10,20,27	8,5,8,6,5,3,14,14,9,11	1523	75
1675	7,4,4,3,2,1,5,7,4,5	110,93,89,110,111,55,66,98,82,88	8,6,3,2,7,6,5,0,7,6	90,99,99,82,102,93,101,61,82,58	925	75
1676	4,7,4,5,4,3,4,1,2,1	13,17,12,16,12,6,8,9,17,20	4,2,5,6,6,0,6,6,4,2	14,16,16,11,11,6,8,9,13,18	1243	75
1677	3,0,0,0,2,2,7,2,3,1	11,6,13,16,7,16,11,17,7,10	6,2,1,0,2,2,1,1,0,2	14,17,11,12,6,6,8,12,14,16	539	75
1678	0,0,3,2,1,1,1,1,0,0	7,9,14,9,9,6,9,10,15,12	0,0,0,0,1,0,0,0,0,0	16,12,10,9,21,9,6,6,11,10	151	75
1679	1,1,0,1,1,0,1,1,0,1	26,11,15,21,17,15,9,21,24,13	1,0,0,0,0,0,0,0,0,0	13,22,15,16,16,13,17,13,19,11	215	75
1680	0,0,0,0,0,0,0,0,0,0	16,12,7,20,6,10,11,15,6,12	0,0,0,0,0,0,0,0,2,0	12,15,15,21,17,7,14,3,10,10	173	75
1681	2,2,0,1,0,0,1,1,3,2	54,67,60,63,73,50,52,55,55,58	1,1,3,0,0,0,0,0,1,1	68,58,49,68,73,65,63,59,39,49	615	75
1684	5,2,4,5,3,2,3,3,2,1	0,2,0,0,0,0,0,0,0,0	4,1,0,1,3,4,5,1,3,1	0,0,0,0,0,0,0,0,0,0	979	75
1685	0,0,0,0,0,0,0,0,0,0	3,0,6,6,2,1,3,2,1,0	0,0,0,0,0,0,0,0,0,1	2,3,0,1,1,2,5,2,0,1	331	75
1686	1,0,1,1,0,0,0,0,0,0	6,6,2,7,6,0,3,12,3,6	0,0,1,1,1,0,0,0,1,0	3,3,2,4,2,2,7,2,5,3	543	75
1689	1,1,3,0,0,0,0,0,0,1	8,12,8,7,7,6,7,12,6,5	0,1,0,1,2,1,1,0,0,0	6,8,6,4,5,4,7,1,6,5	195	75
1692	28,31,28,36,26,23,29,19,25,22	0,0,0,0,0,0,0,0,0,0	20,25,15,18,41,18,24,21,36,21	0,0,0,0,1,1,1,0,0,0	863	75
1693	6,10,12,13,11,12,5,7,10,16	12,22,11,12,17,9,6,9,14,13	5,9,9,5,15,8,10,6,8,6	8,16,12,6,10,11,9,8,12,18	167	75
1694	157,140,134,131,115,101,117,100,145,140	1,2,2,1,3,0,0,1,2,1	121,121,117,123,131,132,151,106,113,98	1,0,0,0,1,0,1,0,0,0	195	75
1696	7,5,4,5,2,5,3,2,7,5	8,4,10,9,8,7,9,8,6,12	6,2,7,3,1,1,6,6,3,13	11,10,7,4,4,7,7,7,4,4	143	75
1697	12,9,8,14,7,15,9,11,11,5	1,0,0,1,0,1,0,0,1,0	11,2,6,5,11,4,6,7,8,19	0,1,0,0,1,0,0,0,1,0	346	75
1698	14,9,11,15,9,16,12,12,12,9	34,34,29,25,28,29,36,24,37,42	15,5,6,5,14,4,10,11,13,20	39,21,28,22,32,32,36,28,18,29	371	75
1699	4,5,5,6,2,4,4,7,2,6	74,85,62,88,79,49,56,63,50,82	3,0,0,1,5,1,2,2,4,3	80,56,70,66,90,60,94,63,97,54	482	75
1700	40,45,49,58,36,33,32,37,31,39	24,29,21,24,31,30,24,22,21,24	36,26,17,25,51,20,24,19,34,45	22,21,26,24,29,23,33,21,26,15	693	75
1701	2,3,1,1,3,3,0,2,1,1	725,764,815,813,578,770,769,795,928,963	3,3,2,1,5,1,0,0,3,3	842,720,786,762,855,823,959,811,871,1053	271	75
1702	25,27,16,22,14,18,14,29,16,22	255,248,277,271,267,319,251,285,249,344	22,12,13,15,22,13,15,12,32,36	273,264,261,283,254,246,295,226,313,346	1164	75
1703	90,93,98,93,94,83,83,86,88,102	0,0,1,0,0,0,1,2,0,1	108,70,87,67,101,87,108,67,116,77	0,2,0,0,1,0,0,0,0,1	1172	75
1706	15,16,25,20,19,14,20,23,11,19	19,26,20,31,29,23,30,27,21,31	26,13,11,10,25,11,10,8,23,28	27,23,18,21,22,19,27,26,29,32	880	75
1707	42,39,43,66,38,32,32,36,45,22	68,104,101,80,107,91,91,104,109,95	50,27,39,25,49,29,31,30,44,46	124,70,88,88,121,119,146,129,115,106	2515	75
1708	41,35,39,62,33,29,28,34,41,22	5,2,2,4,4,1,3,5,3,3	43,25,32,21,43,23,23,27,40,36	3,6,7,3,0,5,3,3,0,11	2410	75
1709	54,42,62,56,60,59,72,57,55,54	21,20,21,18,21,19,18,23,13,20	45,50,52,66,62,56,55,41,42,63	15,14,8,14,17,20,22,20,23,26	302	75
1710	26,20,25,36,21,21,31,20,17,25	30,21,33,26,25,32,33,28,23,25	27,10,11,24,38,12,21,19,25,32	30,28,15,28,34,28,28,25,21,33	1452	75
1711	6,1,5,1,5,2,2,5,3,3	29,31,33,35,28,19,23,31,29,34	7,3,2,6,1,5,2,5,6,4	34,33,36,32,32,45,30,27,31,25	457	75
1712	7,5,4,7,1,3,2,6,2,4	88,79,104,87,94,51,78,91,72,71	2,6,2,1,9,8,7,5,7,5	79,102,86,107,111,90,100,94,60,67	837	75
1713	3,1,3,2,0,1,3,7,7,1	0,0,1,0,0,0,0,0,0,1	1,6,0,1,1,2,3,1,0,4	0,0,0,0,0,0,0,0,0,0	181	75
1714	4,3,4,8,6,5,1,7,2,6	10,8,11,20,12,14,11,6,9,19	9,3,0,1,5,2,3,2,8,2	14,11,12,10,14,8,10,21,16,19	1339	75
1715	3,3,0,5,2,0,0,4,5,2	30,23,39,32,31,39,27,34,19,26	2,4,3,5,2,0,2,1,5,1	31,26,29,29,34,26,23,28,26,23	915	75
1716	0,1,1,1,2,1,1,0,2,0	0,1,0,1,3,2,0,1,0,0	1,0,0,0,0,0,2,2,0,1	0,0,0,0,0,0,0,0,1,2	985	75
1717	834,963,986,1056,907,891,739,858,810,877	7,13,10,14,12,20,25,15,10,11	969,985,954,1149,980,891,1068,1063,996,1235	18,7,14,12,16,15,14,14,13,17	1186	75
1718	3,1,4,3,2,6,3,2,3,3	18,20,19,28,16,12,18,26,22,18	6,3,3,3,11,1,4,2,2,5	20,28,20,29,17,18,8,12,25,22	808	75
1719	0,0,0,2,0,0,0,0,0,2	188,155,166,147,169,119,147,153,146,166	0,0,0,0,0,0,0,0,0,0	160,144,170,157,199,179,198,132,148,113	256	75
1720	15,9,18,28,11,13,19,17,6,12	67,64,64,82,63,71,63,72,60,76	11,13,18,19,22,21,11,13,15,33	56,82,62,70,69,56,61,41,76,73	187	75
1721	31,16,21,14,11,14,17,20,17,13	35,44,39,41,52,37,52,51,49,55	25,8,12,11,23,9,18,8,18,18	42,59,47,39,45,32,56,41,52,62	818	75
1722	0,0,2,1,0,0,0,0,0,0	117,121,121,125,95,111,72,102,93,120	0,2,0,0,0,0,0,2,0,1	112,104,105,106,96,123,137,120,101,95	988	75
1723	4,10,6,9,1,11,7,7,6,12	238,214,221,240,189,238,198,199,203,274	2,4,2,4,5,1,2,1,14,11	215,229,184,207,247,223,238,180,201,226	692	75
1724	12,22,11,16,12,12,10,12,21,7	38,47,53,47,44,36,45,40,36,63	10,23,15,9,7,11,18,28,21,19	39,47,25,29,56,54,42,50,46,35	168	75
1725	28,36,28,33,28,29,29,34,30,39	10,20,19,16,10,26,22,20,14,21	35,29,22,25,33,29,39,26,35,44	14,14,14,22,26,19,25,20,29,28	2054	75
1727	16,6,12,20,16,16,16,11,16,15	16,12,15,18,15,9,19,10,15,7	25,9,9,8,15,13,10,6,12,18	21,12,16,16,23,17,17,14,11,11	742	75
1728	31,18,37,24,32,37,32,26,30,30	63,50,64,63,50,75,75,65,62,79	32,22,14,25,35,27,36,16,37,26	69,78,66,52,71,56,69,71,73,100	186	75
1729	2,7,12,7,6,11,10,6,5,7	90,61,73,53,87,100,71,77,83,104	9,5,11,11,10,16,9,6,11,12	69,85,87,77,89,67,94,73,120,104	187	75
1730	1,2,0,1,0,0,2,1,2,2	23,21,22,30,21,19,17,24,24,15	2,0,1,0,1,0,1,0,2,0	23,16,26,32,24,22,29,17,12,17	174	75
1731	2,4,0,1,3,6,1,2,1,1	9,17,6,13,10,5,13,10,9,13	2,2,2,3,2,0,2,3,0,2	12,6,6,6,10,8,16,11,5,8	176	75
1732	6,1,1,2,4,3,6,5,3,5	15,9,4,11,4,12,9,7,13,8	0,1,0,5,7,1,2,3,5,7	9,13,14,9,10,13,16,11,7,9	195	75
1733	18,11,9,17,14,19,19,24,13,19	5,6,5,4,4,6,4,6,6,10	5,14,13,17,24,8,12,13,31,14	5,6,6,5,11,2,6,1,4,9	1880	75
1734	23,20,15,28,17,13,16,24,11,13	21,35,26,22,26,22,24,28,25,24	17,13,17,13,26,25,16,9,16,22	23,24,26,19,27,23,37,19,26,24	294	75
1737	5,14,6,5,3,15,3,3,5,11	24,21,21,32,30,28,15,20,16,24	14,3,6,2,7,6,8,3,7,13	32,15,23,19,26,18,25,19,18,23	634	75
1740	2,0,1,0,0,0,1,1,1,0	2,1,0,3,1,0,5,2,2,1	1,1,0,0,0,0,1,0,0,1	0,2,1,0,2,1,3,6,2,0	1212	75
1741	27,18,27,31,23,16,22,26,32,26	0,0,0,1,0,0,0,1,2,0	28,24,19,20,27,23,29,14,20,17	0,0,0,0,0,0,1,0,0,1	432	75
1742	36,33,42,44,35,33,35,40,47,44	7,5,8,6,6,3,4,2,8,5	49,37,31,26,43,41,45,26,39,45	5,3,3,5,5,1,11,7,4,7	622	75
1743	4,8,6,2,3,3,3,7,3,6	7,14,18,18,21,19,19,16,10,20	8,1,4,1,4,2,3,2,9,5	19,14,11,19,10,15,15,9,21,21	149	75
1744	86,81,115,105,94,72,83,89,86,127	0,0,0,0,0,0,0,0,0,0	85,72,80,74,89,87,67,76,113,114	1,0,0,0,0,0,0,0,0,0	1463	75
1745	24,26,16,29,26,27,17,17,14,19	96,85,79,85,69,66,79,73,85,86	23,17,21,12,20,12,22,8,17,16	89,87,70,63,96,85,86,71,73,84	1797	75
1751	45,60,61,58,51,34,35,32,60,56	2,4,1,1,4,0,1,1,1,0	69,59,52,70,56,55,47,45,50,24	3,3,0,1,4,4,3,2,5,2	195	75
1753	23,10,12,12,16,9,8,14,15,9	1,0,0,1,1,0,0,0,0,0	19,4,5,6,10,12,11,8,10,25	0,0,0,0,2,0,0,0,0,1	549	75
1754	25,12,12,15,17,9,9,14,17,11	236,298,305,268,285,225,230,268,254,304	20,6,5,6,12,16,14,10,11,29	264,285,249,301,304,300,298,250,269,247	598	75
1755	25,10,11,13,16,7,9,13,14,10	1,5,3,1,1,1,1,2,2,5	18,6,5,6,10,15,13,8,10,29	0,4,1,3,3,2,1,1,3,1	579	75
1756	283,282,274,265,251,191,212,240,240,240	3,0,3,8,2,2,2,4,6,1	250,238,214,254,282,293,290,225,195,204	1,4,4,5,1,4,1,1,1,2	152	75
1757	1,2,0,2,0,0,0,2,1,0	16,20,14,17,21,9,12,11,18,22	2,1,0,0,1,0,0,1,0,0	25,7,8,20,26,17,24,23,24,17	754	75
1758	0,0,0,1,0,0,0,0,0,0	1,3,2,0,3,0,0,0,1,0	0,0,0,0,0,0,0,0,0,0	1,1,1,1,2,0,2,1,0,0	256	75
1760	13,9,12,12,4,11,11,9,16,7	0,0,0,0,0,0,1,0,0,0	17,2,4,5,12,7,6,3,8,7	0,0,0,0,0,0,0,0,0,0	611	75
1761	13,10,12,12,4,11,11,9,16,7	47,36,36,45,32,35,34,31,38,37	18,3,4,5,12,8,7,3,8,7	51,45,34,37,49,30,32,33,29,43	617	75
1762	4,1,5,2,3,2,1,1,4,1	68,75,60,80,73,64,56,61,66,72	2,0,0,3,3,4,3,3,2,0	68,68,62,80,59,71,74,74,93,82	265	75
1763	7,10,5,6,9,15,8,6,7,9	10,15,16,17,16,24,20,11,11,17	2,5,3,5,9,6,14,12,7,7	14,11,8,9,17,14,18,10,14,19	1062	75
1764	6,5,8,8,6,10,4,5,1,3	27,27,41,38,36,18,40,33,26,27	5,4,2,2,9,3,4,1,5,3	32,40,21,37,24,31,38,38,32,20	1599	75
1768	8,15,10,14,9,10,14,12,10,10	8,15,9,13,15,10,14,11,16,14	18,5,8,13,10,15,8,9,16,8	9,14,11,8,20,16,16,5,10,7	159	75
1769	9,8,9,11,7,10,9,12,7,8	0,0,0,0,0,1,0,0,0,0	16,10,8,6,8,13,11,6,7,11	0,0,0,0,0,0,0,1,0,1	147	75
1771	6,1,7,15,7,9,2,5,3,7	2,0,0,1,1,0,0,0,0,1	6,8,6,3,7,3,6,4,12,14	0,0,0,2,0,0,0,1,0,1	187	75
1772	1,1,6,11,6,4,2,2,1,1	42,26,48,37,32,48,34,41,38,54	3,5,1,2,1,3,2,2,8,9	49,34,53,26,37,35,39,34,39,53	176	75
1773	8,4,3,1,1,2,4,6,4,1	19,29,27,34,28,32,39,40,39,36	0,11,3,4,1,1,6,4,3,2	44,33,31,36,31,32,41,29,41,31	173	75
1774	12,18,12,11,9,10,5,5,10,12	0,0,1,0,0,0,0,1,0,1	11,9,5,8,9,6,11,12,14,18	0,0,0,0,0,0,0,1,1,0	167	75
1775	0,1,0,1,1,2,1,0,1,1	2,0,0,0,0,0,0,0,0,2	4,0,1,0,1,0,0,0,2,4	0,0,0,0,0,0,0,0,0,0	620	75
1776	5,1,2,1,1,4,2,1,2,5	45,46,55,47,42,57,37,31,31,66	1,2,2,1,3,1,2,1,3,3	59,37,41,51,45,48,54,50,57,57	1042	75
1777	1,0,3,2,1,2,0,6,1,3	60,66,77,96,87,44,40,61,61,73	1,2,3,0,1,1,2,4,3,0	62,60,76,71,84,61,62,68,53,51	212	75
1778	1,0,3,0,1,0,2,0,0,0	56,40,50,50,49,26,37,41,42,44	2,0,2,0,1,0,0,1,0,0	44,40,59,40,48,41,44,36,37,26	163	75
1779	4,1,5,4,3,0,4,2,10,7	42,69,56,55,69,27,43,42,47,60	2,0,4,0,3,3,3,5,3,6	55,48,61,52,55,46,58,28,32,27	141	75
1780	118,120,117,117,92,106,107,97,118,111	12,29,39,36,26,28,27,20,18,26	101,60,113,107,125,103,109,71,84,82	37,34,28,26,29,31,29,32,31,43	1141	75
1781	77,91,91,110,79,78,76,84,94,92	0,2,1,1,1,0,1,2,1,3	94,77,81,73,105,87,89,79,87,68	0,0,1,0,0,1,1,2,1,0	548	75
1782	61,41,57,68,53,36,60,48,56,77	3,1,4,6,0,1,2,1,2,0	77,39,39,52,65,31,60,42,52,60	6,4,3,2,1,0,4,2,4,3	275	75
1783	61,43,63,69,54,40,63,51,56,79	2,2,2,0,2,0,0,1,0,2	81,40,39,55,66,31,60,46,54,61	0,0,3,0,0,1,2,0,0,0	287	75
1784	67,43,66,70,58,41,67,51,57,82	0,1,2,0,3,0,0,1,0,2	82,44,39,58,69,34,62,48,55,61	1,1,0,1,1,0,3,3,0,3	304	75
1785	68,43,66,70,58,41,67,51,57,82	27,29,22,27,21,30,20,19,15,32	82,44,39,60,69,34,62,48,55,61	37,30,20,31,29,30,30,37,37,23	313	75
1786	32,31,36,36,30,22,26,24,18,40	50,47,51,47,33,42,48,53,39,54	38,16,12,25,43,15,24,20,30,36	62,45,33,43,36,42,56,37,45,57	1361	75
1787	1,0,3,3,1,2,1,0,1,1	44,46,36,48,43,38,39,41,55,53	3,0,2,1,1,0,0,1,1,2	50,44,41,32,60,43,60,28,55,59	142	75
1788	2,1,3,1,3,1,0,3,0,0	34,27,40,36,31,51,38,28,34,30	2,1,1,2,3,6,4,4,4,5	55,32,37,43,39,45,31,34,40,63	207	75
1789	2,0,1,1,0,0,0,1,0,0	4,3,2,5,4,2,0,2,1,3	1,0,0,0,0,0,0,0,0,3	1,4,1,0,2,4,2,6,0,4	1116	75
1791	3519,4169,3958,3907,3709,2914,2813,3507,3322,4016	8,11,10,7,9,8,8,1,5,7	3760,3474,3926,4393,3828,3392,4005,5166,4512,4542	10,7,6,6,14,8,7,9,13,5	3633	75
1793	16,12,24,13,9,10,15,6,15,19	32,38,39,32,28,38,30,36,24,24	15,1,6,9,15,7,12,10,23,21	38,35,32,36,42,30,31,33,33,39	811	75
1794	59,34,38,62,40,29,39,32,40,45	61,68,77,61,65,40,58,45,70,50	59,22,20,30,45,19,15,22,55,70	54,71,62,58,59,69,74,47,42,34	487	75
1796	2,1,0,0,1,0,0,1,0,0	2,3,2,7,0,5,9,6,3,1	0,0,0,0,0,0,2,0,0,0	7,0,2,3,3,2,1,12,5,6	308	75
1797	3,7,6,2,1,5,2,2,2,1	0,0,0,0,0,0,0,0,0,0	3,2,1,1,3,1,4,4,4,3	0,0,0,0,0,1,1,0,0,0	663	75
1798	2,5,2,1,1,3,2,1,1,1	5,2,2,5,5,11,3,4,4,5	1,1,0,0,2,0,1,4,0,3	3,5,5,3,8,4,5,1,1,9	576	75
1799	2,1,5,2,1,0,3,3,2,3	34,30,44,31,31,39,37,33,34,35	2,0,0,2,1,0,0,0,0,0	18,32,43,35,37,40,32,33,27,32	1898	75
1800	73,62,48,61,56,41,37,27,42,42	88,101,84,87,120,104,55,107,88,113	70,36,35,67,77,42,48,49,48,52	92,86,88,117,120,85,100,114,124,99	1920	75
1801	0,0,2,0,1,0,1,0,0,2	0,0,0,2,0,1,0,0,0,0	2,0,1,0,1,1,0,2,0,0	0,0,0,0,0,0,0,0,0,0	621	75
1802	35,18,30,15,20,22,30,22,16,30	40,49,46,49,39,59,44,57,49,37	40,10,16,24,34,9,16,13,31,38	49,57,40,55,47,46,45,34,46,65	314	75
1803	0,0,0,2,0,0,0,2,0,1	58,50,56,58,62,36,55,50,69,71	1,0,0,0,0,0,0,0,0,0	73,54,68,84,70,60,89,63,69,38	227	75
1804	1,4,3,9,1,2,2,0,3,3	48,54,51,48,57,49,43,54,55,42	2,0,0,6,7,2,3,2,2,2	69,42,48,38,76,45,65,41,53,47	183	75
1805	1,4,2,7,8,9,3,4,6,6	78,92,84,73,63,76,88,115,91,74	5,3,4,2,6,1,5,0,3,2	103,78,76,83,83,100,85,83,109,117	152	75
1806	9,8,9,11,12,3,13,19,14,18	4,6,0,0,3,5,0,1,1,1	9,16,12,8,10,11,18,7,7,12	2,0,0,7,3,0,0,5,2,1	108	75
1807	1,2,1,0,2,3,1,0,1,1	727,641,715,707,522,801,590,699,760,845	1,0,1,1,1,0,2,1,2,0	731,725,696,705,708,651,750,679,771,999	167	75
1808	5,9,6,4,4,6,6,5,8,4	1098,1041,1086,1111,961,1264,1045,1076,1033,1206	6,5,6,1,6,4,7,6,6,4	1074,1037,1108,1043,1110,944,1164,993,1177,1360	281	75
1809	6,4,6,4,2,3,1,7,6,5	6,6,11,5,2,5,5,4,5,5	3,3,0,1,4,6,12,3,8,7	2,2,2,5,10,4,2,6,5,5	331	75
1811	0,0,1,1,0,1,0,0,1,1	5,10,7,6,1,1,2,4,4,9	2,2,1,1,0,1,1,0,0,1	8,3,5,9,6,3,6,11,7,12	76	75
1812	35,31,34,32,39,40,36,31,25,34	18,22,19,23,18,23,14,18,26,20	45,34,20,28,43,20,18,17,42,54	17,24,25,23,24,23,37,21,24,30	6658	75
1813	11,11,16,14,10,13,14,13,11,12	66,67,80,90,69,69,66,69,75,75	16,2,14,10,22,2,10,8,36,19	102,114,82,85,64,90,106,66,88,70	502	75
1814	4,9,5,7,4,1,5,3,6,3	74,81,72,87,79,72,52,61,63,96	6,2,3,3,8,1,1,5,6,7	78,69,70,49,58,77,65,56,90,70	719	75
1815	4,0,9,2,1,2,1,1,2,3	1,0,0,0,1,0,0,0,0,0	0,1,0,0,3,1,5,1,4,5	1,1,0,0,2,0,0,0,0,0	463	75
1816	2,4,4,2,1,0,2,4,4,1	9,5,10,4,7,7,13,8,9,11	0,1,0,1,1,0,2,0,2,1	12,6,11,10,11,6,9,5,6,8	151	75
1817	3,1,1,1,0,1,0,0,0,2	22,12,21,25,15,13,15,22,18,11	0,1,0,2,1,1,1,2,4,1	23,20,17,12,19,24,35,15,18,22	149	75
1818	9,4,5,8,4,3,3,1,5,4	9,16,26,30,22,16,16,35,28,21	7,3,2,0,5,2,7,3,2,5	21,24,20,17,20,19,35,22,18,17	164	75
1819	0,1,4,0,1,0,0,1,0,1	94,82,77,96,76,77,71,78,72,96	4,1,0,0,0,1,0,0,1,0	72,96,79,84,99,109,90,99,91,58	157	75
1820	33,17,21,45,23,22,17,22,30,19	64,68,74,89,74,98,74,91,84,100	31,13,13,20,27,14,23,26,28,46	65,80,65,96,73,86,84,92,91,62	907	75
1821	205,241,242,232,197,128,146,168,158,184	9,9,6,10,2,2,4,6,7,10	256,178,187,185,227,202,226,182,175,121	10,7,6,6,13,5,5,9,4,5	183	75
1822	53,58,40,51,50,48,31,42,33,54	116,136,120,110,106,68,77,87,76,66	53,37,29,32,56,30,32,25,56,48	121,85,121,107,124,91,129,91,62,73	4765	75
1823	65,88,83,73,87,67,45,75,67,101	0,1,0,0,0,0,0,0,1,0	69,57,71,85,79,79,71,103,119,82	0,0,0,1,0,0,0,0,0,0	289	75
1824	5,3,2,10,12,3,4,8,7,4	35,31,35,36,36,35,37,26,35,43	4,3,9,5,4,3,5,1,8,6	39,36,31,35,46,35,31,29,42,36	161	75
1825	5,5,0,6,4,7,6,4,5,12	2,1,1,0,1,1,0,1,5,0	3,5,1,9,7,8,9,5,12,8	1,0,1,0,0,1,2,1,0,3	152	75
1826	24,21,29,12,14,11,23,11,15,17	0,1,2,2,0,1,1,4,0,3	19,11,7,13,24,11,12,19,19,21	2,0,0,0,1,0,0,7,1,0	1012	75
1827	24,21,29,14,14,13,23,11,15,18	28,29,26,38,25,25,25,32,20,25	20,11,7,14,24,11,12,19,19,21	37,33,32,35,29,17,36,25,31,33	1016	75
1828	26,21,30,17,15,13,27,11,15,18	36,30,23,28,26,33,30,20,35,25	20,13,8,14,24,11,14,20,19,21	28,23,30,28,33,35,29,39,21,29	1019	75
1829	21,19,20,21,21,18,13,17,13,10	35,42,48,52,36,33,32,32,33,30	18,9,8,17,35,19,7,16,24,23	49,30,29,45,45,35,47,32,33,24	508	75
1830	53,43,45,63,39,32,40,44,41,33	6,5,4,5,7,5,1,3,4,6	55,23,16,33,69,22,45,28,39,42	8,8,4,4,1,2,11,3,6,5	3303	75
1831	67,49,70,84,55,44,52,57,53,45	3,2,3,7,4,0,1,3,3,1	75,29,27,44,77,32,68,39,51,47	2,1,2,4,3,2,0,4,0,0	3381	75
1832	19,23,25,26,27,19,19,27,22,35	0,0,0,0,0,0,0,0,0,0	28,29,18,26,19,25,21,21,33,30	1,0,0,0,0,0,0,0,0,0	184	75
1833	11,17,16,18,17,10,9,14,12,17	38,39,26,50,30,42,35,42,53,41	18,23,6,14,13,14,13,10,26,19	31,33,47,33,43,38,36,32,46,54	159	75
1834	3,0,1,1,1,2,0,1,1,3	20,25,32,31,27,32,26,49,20,32	2,0,2,2,3,0,0,1,2,8	24,21,32,30,23,26,27,30,37,44	156	75
1835	64,55,51,68,42,72,37,45,33,43	1,0,0,0,0,0,0,0,0,0	53,44,48,46,54,44,49,39,65,74	0,0,0,0,0,0,0,0,0,0	437	75
1837	65,58,51,69,42,73,37,48,33,44	0,0,0,0,1,0,0,0,0,0	55,45,49,46,55,44,49,39,65,74	0,0,1,0,1,0,0,1,2,0	444	75
1838	74,68,69,77,54,81,44,56,41,56	0,0,0,0,0,0,0,0,0,0	62,56,56,56,59,54,58,48,73,79	0,0,0,0,0,0,0,0,1,0	503	75
1839	65,61,58,64,44,64,39,48,38,46	0,0,0,0,0,0,0,1,1,0	46,46,50,47,51,49,53,40,58,71	0,0,1,0,1,0,0,0,0,0	487	75
1840	67,65,59,67,52,65,40,51,38,52	14,14,19,17,24,24,21,24,19,23	45,50,55,48,50,49,59,40,60,64	18,15,22,23,10,17,20,16,25,19	357	75
1841	4,12,7,6,7,2,6,3,3,4	80,83,104,94,53,71,69,72,92,74	4,5,3,1,7,6,6,1,3,3	93,85,74,81,113,86,94,91,71,60	1072	75
1842	60,67,54,50,58,45,51,34,51,53	0,0,1,1,0,0,0,0,1,0	66,49,54,65,77,67,71,44,69,59	1,1,0,2,2,0,0,0,2,1	456	75
1843	1,5,6,7,6,6,2,3,3,4	14,15,17,9,6,14,7,8,15,11	11,2,1,6,6,4,3,3,3,7	9,6,11,12,8,7,6,5,4,4	1559	75
1844	18,20,17,21,16,18,7,9,13,9	121,127,165,142,108,82,103,100,117,108	21,15,5,22,23,10,16,5,24,11	143,111,132,95,139,120,126,102,110,73	4118	75
1846	948,1146,1077,1126,749,750,788,741,893,827	74,68,71,74,75,48,53,47,82,66	949,828,678,919,1113,902,1073,739,730,686	64,47,46,57,70,65,81,65,53,70	1358	75
1847	259,275,238,276,231,166,208,189,217,228	1,2,0,0,1,1,0,0,1,0	227,199,223,185,277,232,264,214,191,169	4,0,1,1,1,0,3,3,1,1	361	75
1848	5,3,3,5,3,1,1,1,2,1	85,71,105,85,71,92,71,81,83,69	3,3,4,2,3,9,5,0,4,2	83,72,79,72,88,84,76,90,88,79	313	75
1849	2,1,3,6,3,5,0,3,3,5	46,60,57,57,39,61,38,44,39,56	7,7,1,2,3,1,3,5,4,6	47,52,42,47,46,50,49,44,70,67	991	75
1850	0,0,0,0,0,0,0,0,0,0	0,0,0,0,0,0,0,0,1,0	1,0,0,0,0,0,0,0,0,0	0,0,0,0,0,0,0,0,0,0	825	75
1851	11,6,14,14,10,10,16,13,19,9	50,59,74,65,70,46,46,43,45,57	19,4,13,13,12,9,17,4,15,14	67,64,57,60,79,56,60,44,52,49	400	75
1852	0,1,0,1,0,0,1,0,1,0	58,56,67,53,84,29,47,41,63,73	0,0,0,0,1,0,0,0,0,2	59,54,48,46,59,54,57,53,44,42	147	75
1854	153,211,202,168,164,194,170,185,209,157	238,250,221,306,217,275,209,216,259,293	151,186,159,175,188,173,204,165,181,186	224,258,241,251,259,228,258,261,263,258	389	75
1855	0,0,2,2,4,3,1,1,2,0	55,71,75,75,64,56,41,69,72,76	1,4,2,2,4,1,1,0,3,2	83,58,56,42,68,68,83,71,87,97	315	75
1856	0,0,0,1,1,1,1,0,0,0	63,66,72,59,67,73,48,52,66,86	0,1,2,0,0,0,0,0,1,0	49,64,53,73,68,63,54,53,80,96	196	75
1857	3,7,3,6,5,5,5,5,5,5	90,112,99,97,112,166,110,122,103,130	6,6,3,6,11,6,1,7,12,15	103,107,88,96,114,91,135,113,144,168	1587	75
1858	394,458,440,503,482,507,477,548,519,564	0,0,0,1,0,0,1,0,0,0	564,502,484,458,511,455,496,461,604,660	0,2,0,0,0,0,0,0,1,2	776	75
1860	41,49,52,62,37,33,44,30,31,37	73,113,102,112,89,109,79,91,101,95	58,40,28,35,46,24,38,30,46,72	96,101,117,98,101,120,121,100,97,85	1249	75
1861	0,0,0,1,0,0,1,0,0,0	25,26,26,31,27,32,27,21,25,33	1,1,0,2,0,0,0,0,0,0	26,29,26,35,50,42,33,31,30,20	157	75
1862	0,0,0,1,0,0,0,1,0,0	0,1,0,0,0,0,0,0,0,0	1,0,0,0,0,0,1,0,0,0	2,0,0,5,1,0,0,0,0,1	599	75
1864	0,0,0,0,2,0,1,0,0,0	4,6,7,4,5,2,10,10,2,4	1,0,0,0,0,0,0,0,0,0	8,4,2,3,3,3,5,10,3,2	265	75
1865	0,0,0,0,0,0,0,1,0,0	1,1,3,3,1,0,2,4,0,3	0,0,0,0,0,0,1,0,1,0	2,2,1,1,4,0,3,2,0,0	147	75
1866	0,0,0,0,0,0,0,0,0,0	0,0,0,0,0,0,1,2,0,0	0,0,1,0,0,0,0,0,0,0	0,0,0,0,0,0,1,0,0,0	242	75
1868	9,10,7,8,3,2,4,8,5,7	6,12,12,9,6,5,12,11,20,17	9,3,6,7,11,6,10,2,8,5	7,6,11,12,9,15,17,8,10,4	228	75
1869	2,3,2,7,4,4,2,2,3,1	384,465,471,450,396,477,362,432,446,448	1,3,2,5,0,1,2,2,0,4	419,460,391,499,402,434,441,467,498,555	674	75
1870	3,3,1,4,7,5,3,1,2,4	49,45,46,51,43,52,33,51,55,63	3,4,5,5,7,1,5,6,7,7	41,44,42,49,46,48,54,46,52,38	258	75
1871	16,13,13,25,13,13,13,14,15,18	136,167,143,164,135,97,133,117,115,139	20,2,11,10,16,9,15,14,20,21	134,132,107,159,170,143,146,118,114,125	299	75
1872	18,23,30,27,6,18,9,17,24,10	78,82,79,104,78,55,58,79,60,81	12,8,9,12,19,15,9,13,22,23	65,64,76,82,88,62,68,68,87,60	146	75
1873	16,15,30,20,15,15,14,30,23,15	105,87,95,108,87,76,86,87,75,110	23,10,16,9,25,18,13,13,34,32	99,99,86,79,110,87,100,80,89,82	160	75
1874	5,3,11,4,6,2,3,1,5,3	69,82,88,87,82,74,75,77,63,89	1,6,2,4,6,2,2,2,6,5	75,61,79,81,77,64,76,79,94,62	153	75
1875	3,1,3,1,2,1,0,4,1,4	34,20,23,26,15,26,20,29,25,29	0,0,4,1,1,1,0,2,3,0	26,19,17,26,25,29,29,25,39,23	306	75
1876	0,1,2,0,0,0,1,1,0,0	6,6,12,11,6,6,15,8,11,14	1,0,3,0,0,2,0,0,1,2	13,13,8,17,8,10,6,9,7,19	193	75
1877	4,4,10,10,5,2,0,6,8,5	15,12,11,6,10,5,7,10,4,7	6,0,5,2,6,4,5,3,6,2	13,12,10,6,12,7,11,5,6,8	2274	75
1878	3,6,7,1,1,4,4,1,2,4	2,4,1,5,2,2,4,0,0,3	7,3,0,2,3,2,6,6,3,4	1,1,5,2,2,1,1,4,1,3	2691	75
1879	3,5,7,4,1,8,1,8,7,8	131,148,144,180,178,96,152,127,123,157	7,3,8,1,5,4,4,1,7,3	131,170,142,144,164,129,168,136,114,109	383	75
1880	24,36,31,24,21,12,17,18,17,23	185,251,259,247,266,227,191,210,229,200	31,20,21,10,32,17,6,13,24,17	241,252,214,233,252,258,266,201,237,168	1676	75
1881	24,31,16,34,15,31,13,20,36,21	0,0,0,1,0,0,0,0,0,1	26,19,9,20,24,15,15,19,26,24	0,0,0,0,0,0,0,0,0,0	2681	75
1882	25,27,23,38,28,20,26,26,27,31	19,26,18,17,13,19,23,16,14,26	34,21,21,15,41,7,31,23,31,44	19,17,13,20,27,11,31,19,17,12	324	75
1883	0,1,0,1,0,1,0,1,0,0	5,5,9,9,8,4,1,8,7,7	0,0,0,1,1,1,2,3,0,0	10,10,10,7,6,6,12,6,8,11	144	75
1884	42,38,52,41,39,33,36,44,39,40	2,0,0,0,1,0,1,1,0,0	41,40,32,29,40,37,37,30,27,28	0,1,0,1,2,0,0,0,0,0	277	75
1885	21,18,28,22,17,18,18,18,20,13	3,1,1,1,1,0,0,0,1,1	24,17,12,15,21,17,14,11,13,9	0,0,3,0,0,0,2,2,0,1	180	75
1886	2,3,0,1,3,1,1,0,1,0	0,2,1,0,1,2,0,0,0,2	2,1,0,0,1,0,0,0,0,1	0,0,0,0,0,0,0,0,0,1	669	75
1888	0,0,1,0,0,0,0,0,2,2	8,0,5,3,2,3,3,1,1,0	0,0,0,0,0,0,0,0,0,1	5,5,4,1,4,2,1,0,1,3	150	75
1889	0,0,1,0,0,2,3,0,0,0	0,0,0,0,0,0,0,0,0,0	1,0,0,0,1,0,0,0,1,0	0,0,0,0,0,2,0,0,0,0	458	75
1892	24,38,41,38,25,17,15,33,21,28	8,11,5,16,9,11,7,12,11,14	25,29,22,25,41,20,25,12,31,39	7,4,6,7,7,9,9,8,10,11	347	75
1893	2,2,1,5,3,2,3,3,3,6	42,38,51,47,49,34,48,47,37,55	1,0,3,1,6,1,1,0,2,3	51,40,56,54,52,63,50,60,58,58	327	75
1894	0,0,0,3,2,2,2,1,1,3	1,0,0,1,0,0,0,0,0,0	1,0,0,1,3,0,1,0,0,2	2,3,1,1,2,0,2,2,0,4	211	75
1895	3,3,5,1,1,1,3,4,1,2	40,46,31,35,45,21,30,30,30,30	3,1,4,4,5,0,1,3,7,3	41,45,48,44,48,31,54,36,30,27	1360	75
1896	38,49,50,36,28,30,34,43,37,36	2,0,1,1,1,2,2,0,0,2	37,21,43,30,42,27,37,24,34,35	1,2,2,3,2,4,1,4,0,1	201	75
1897	418,388,445,516,317,321,344,324,306,401	86,144,100,108,96,92,93,113,120,136	479,215,151,263,620,258,296,171,404,370	111,114,124,128,121,137,138,148,139,132	2355	75
1899	69,64,57,66,54,51,28,51,52,66	64,49,76,88,63,64,55,73,65,86	58,31,27,45,87,31,42,30,73,76	66,76,58,50,61,72,66,78,76,99	1354	75
1900	3,3,4,3,3,3,3,1,5,1	90,80,116,100,88,86,93,92,86,101	0,4,1,0,2,1,2,3,0,2	110,92,94,124,115,115,119,94,98,98	171	75
1901	4,1,5,11,2,3,1,6,3,1	86,89,72,99,66,70,71,63,74,94	1,7,3,2,2,3,5,7,6,5	76,82,63,98,90,80,73,70,74,87	155	75
1904	0,0,2,0,0,1,0,0,2,2	24,38,27,33,26,31,21,26,24,46	0,0,0,0,0,0,1,0,4,1	42,22,29,32,35,28,28,27,21,18	491	75
1905	0,0,1,3,4,0,0,1,1,1	1740,1906,1950,1972,1877,1771,1519,1933,1788,1547	2,2,1,0,0,0,1,0,0,1	1698,1902,1784,2126,1792,1788,2171,1949,2006,1851	365	75
1906	2,7,3,6,5,4,4,3,5,5	3239,3840,3583,3768,3367,3458,3015,3599,3374,3136	1,3,2,1,5,3,7,5,5,7	3077,3353,3302,3991,3486,3429,4106,3710,3834,3967	190	75
1907	75,126,110,101,125,104,91,91,77,90	9,3,11,14,7,9,7,11,4,13	66,73,88,91,110,101,140,116,119,119	6,16,11,7,5,5,9,13,9,15	247	75
1909	412,431,475,508,440,527,424,492,538,617	0,0,2,0,0,0,2,0,1,1	496,488,500,516,477,544,486,462,531,666	1,1,2,0,1,0,1,2,3,1	105	75
1910	1,0,0,1,0,3,2,1,0,3	663,671,711,710,692,584,656,649,610,718	0,0,3,0,0,1,2,3,2,0	793,616,607,646,656,679,874,669,758,561	161	75
1912	66,79,81,83,88,72,81,87,108,117	7,7,4,5,5,5,6,5,3,6	74,63,90,80,93,72,97,100,94,84	2,2,8,6,6,5,10,6,9,5	704	75
1913	0,0,1,0,0,1,1,0,0,0	599,702,773,745,634,512,574,543,613,571	0,1,1,0,2,0,0,2,0,0	649,621,695,660,713,772,861,768,673,581	232	75
1915	71,56,84,91,80,74,67,84,72,61	0,0,0,0,0,0,0,1,0,2	70,53,64,65,98,60,57,68,109,102	0,1,1,0,0,1,0,0,0,1	4972	75
1916	1933,1934,1993,2030,1717,2172,1778,1908,1867,2371	0,0,0,0,1,0,0,0,1,0	2018,1915,1835,1961,1897,1841,2059,1766,2201,2313	0,0,0,0,0,0,0,0,0,0	457	75
1917	0,0,0,0,0,0,0,0,0,0	2,2,2,1,0,0,0,1,0,2	0,0,1,0,0,0,0,0,0,0	4,0,0,2,0,2,2,2,3,2	155	75
1918	0,1,0,0,0,1,0,0,1,0	5,7,3,8,3,2,1,1,3,6	0,1,1,0,0,2,2,0,0,0	4,7,4,7,0,4,3,3,5,2	301	75
1921	1,4,2,4,6,0,4,2,3,3	1,0,0,1,0,0,1,1,0,3	2,8,3,5,4,1,2,6,10,3	2,3,4,3,2,4,0,1,2,2	240	75
1922	0,1,1,0,4,0,0,2,0,0	4,0,0,2,1,1,0,2,0,1	0,0,0,1,0,0,0,0,1,0	0,1,2,2,0,0,1,2,0,1	144	75
1923	0,1,0,0,0,1,0,0,0,0	1,1,2,1,0,1,3,1,1,1	0,1,0,0,0,0,0,0,0,0	0,1,0,1,2,0,0,2,0,1	147	75
1925	7,3,7,3,4,2,4,2,3,1	3,1,1,2,3,3,0,1,1,0	7,2,3,5,1,4,8,7,1,4	0,0,4,4,3,4,5,1,0,0	293	75
1929	2,0,0,0,0,1,1,0,1,1	3,0,2,1,0,4,1,0,0,0	1,0,0,1,0,0,0,1,1,1	0,0,0,2,3,0,0,0,2,2	568	75
1930	0,1,0,0,0,0,2,1,0,0	0,3,0,0,1,1,2,0,1,0	0,1,0,0,2,0,0,0,1,0	2,0,0,1,0,0,0,1,2,3	339	75
1932	3,1,3,4,0,0,1,2,2,1	0,0,3,0,0,1,0,1,0,0	2,0,2,2,1,1,4,1,4,4	0,0,0,0,0,0,0,0,0,0	366	75
1933	8,8,3,4,4,8,2,7,7,6	2,0,0,0,0,0,0,0,0,0	2,4,5,2,5,2,10,2,4,1	0,0,1,0,0,0,0,1,2,0	476	75
1934	0,0,2,0,1,1,0,0,0,0	38,40,33,42,48,40,26,58,32,38	0,2,0,1,0,0,2,2,1,1	42,42,48,35,37,48,48,38,44,30	76	75
1935	25,23,37,31,30,20,30,40,19,25	0,0,0,0,0,0,0,0,0,0	35,29,25,31,39,25,33,26,29,20	1,0,0,0,0,0,0,0,0,0	326	75
1936	7,5,4,3,5,2,4,6,2,6	29,28,30,18,32,23,18,21,22,17	4,6,5,5,8,4,3,5,2,3	28,31,41,33,33,28,20,38,22,30	150	75
1937	50,29,30,45,41,30,23,33,12,38	39,36,50,45,38,26,28,24,29,32	41,22,25,21,32,24,29,26,52,45	49,30,38,43,41,46,33,36,32,39	1654	75
1938	3,3,5,8,2,9,5,4,4,3	28,43,38,35,41,28,31,33,27,38	5,6,6,11,8,3,3,3,9,6	33,24,34,22,45,35,25,26,29,30	627	75
1940	0,0,1,3,1,0,0,0,0,1	27,39,48,42,38,25,33,31,28,44	0,0,0,0,0,1,2,3,0,0	34,33,34,39,37,32,40,23,38,34	446	75
1941	53,56,65,63,51,19,28,35,34,25	15,18,24,20,12,5,8,14,10,12	54,46,44,41,71,42,65,31,29,9	20,14,15,15,11,9,17,20,12,7	174	75
1942	14,12,9,10,11,11,10,10,4,17	42,43,41,46,51,47,41,33,46,45	14,9,9,10,11,11,6,12,11,19	39,33,47,46,38,42,39,39,57,51	799	75
1943	0,0,2,2,0,0,0,0,0,0	39,46,52,39,37,26,35,46,35,61	0,1,2,0,1,0,0,0,0,1	55,45,25,49,41,34,45,56,59,44	226	75
1945	15,19,26,18,24,16,20,11,11,21	12,30,29,22,20,21,18,17,29,25	20,8,10,10,21,12,12,10,19,30	21,7,16,19,25,18,20,26,12,27	1457	75
1946	15,19,24,18,22,15,18,11,11,21	0,0,0,0,0,0,0,0,0,0	20,8,10,10,21,12,12,10,19,29	0,0,1,0,0,0,0,0,0,0	1437	75
1947	0,0,2,2,1,0,0,0,0,2	18,17,12,15,19,24,16,21,12,26	2,0,1,1,2,2,0,0,1,2	18,20,16,13,16,25,29,17,25,22	159	75
1948	3,3,2,2,2,1,3,0,2,0	22,25,24,24,29,21,12,15,23,22	1,0,1,0,0,1,2,1,3,1	32,24,13,24,21,24,20,20,24,24	157	75
1950	51,30,39,45,42,37,36,57,38,40	10,13,5,9,10,8,9,5,7,3	61,43,33,48,55,51,57,42,52,49	5,3,8,11,6,6,5,5,13,6	403	75
1951	25,17,12,20,22,11,10,35,12,17	0,1,0,0,1,1,1,1,0,0	29,17,14,14,23,25,22,17,27,24	0,0,0,0,1,0,1,0,1,0	361	75
1952	24,12,9,18,18,8,10,31,9,15	49,59,49,44,53,44,32,41,44,59	25,17,8,13,22,22,20,15,24,24	56,45,35,56,39,51,54,42,52,36	339	75
1956	0,0,1,0,0,0,0,1,0,0	0,0,0,0,0,0,0,0,0,0	0,0,0,0,1,0,0,0,0,0	0,0,0,0,0,2,0,0,0,0	303	75
1958	2,2,2,2,4,4,5,3,6,7	21,25,28,28,32,24,31,27,23,29	6,2,1,6,3,2,0,1,3,4	35,31,23,34,32,24,35,24,23,30	277	75
1960	1,2,4,4,3,2,2,2,0,4	1,0,0,0,1,0,1,0,1,1	0,1,3,2,4,1,2,0,2,3	1,0,0,1,2,1,0,2,1,1	201	75
1961	7,5,4,12,3,5,8,7,4,7	284,347,341,394,310,333,266,363,368,341	4,0,4,0,5,4,6,6,6,14	401,371,422,385,392,402,414,354,411,366	466	75
1962	4,4,3,7,0,0,4,5,4,2	394,446,398,465,373,485,409,404,423,430	4,0,0,3,3,1,1,3,4,4	453,442,460,453,432,472,517,453,446,495	179	75
1963	29,27,41,30,28,38,33,43,40,35	4,6,3,6,4,2,3,8,3,4	40,31,37,34,23,28,39,27,36,46	5,2,9,4,7,2,1,5,2,10	459	75
1964	3,3,4,0,2,4,1,5,4,4	53,50,62,41,48,46,37,41,37,48	5,2,3,0,6,4,1,3,1,1	40,42,42,53,53,51,63,44,47,49	408	75
1965	0,1,2,3,0,2,1,1,4,2	0,0,0,0,0,0,0,1,0,1	0,3,0,2,0,1,2,1,0,0	0,0,0,0,0,0,0,0,0,0	189	75
1966	7,1,9,1,3,2,7,5,3,2	57,59,51,58,59,32,47,53,62,72	1,1,4,0,5,0,1,1,4,1	72,43,50,56,54,57,56,58,67,39	216	75
1967	1,0,0,0,0,0,0,0,0,0	3,11,7,11,4,9,6,7,12,10	0,0,0,0,2,0,0,0,0,0	4,5,0,3,9,6,1,9,2,13	613	75
1968	0,1,3,3,2,1,2,0,0,0	0,0,1,0,0,0,1,0,1,1	1,1,0,2,1,0,1,0,2,2	0,0,0,0,0,0,0,0,0,0	233	75
1969	5,5,3,5,1,1,7,4,4,3	14,9,11,7,6,4,7,9,7,9	3,3,2,0,1,1,1,2,2,2	5,9,6,5,12,8,5,8,4,5	379	75
1970	8,2,2,4,2,4,4,2,1,7	11,5,2,12,10,5,8,6,6,5	3,1,5,2,3,1,1,1,3,8	9,2,10,9,9,7,4,14,5,7	316	75
1971	4,5,7,9,5,5,3,6,7,10	256,232,242,252,251,254,218,241,215,267	13,1,8,9,5,6,8,5,4,9	268,243,222,255,222,263,272,248,258,247	538	75
1972	6,7,5,11,6,3,1,6,8,2	0,0,0,0,0,0,1,0,0,0	9,8,2,6,3,1,1,0,1,6	0,0,0,0,0,0,0,0,0,0	573	75
1973	11,11,18,15,23,18,14,14,21,8	172,223,240,215,172,243,210,219,201,279	14,11,10,12,15,10,19,11,22,13	223,191,217,237,207,204,248,220,255,290	1142	75
1974	1,0,0,0,1,0,1,0,0,1	4,1,3,3,5,2,4,1,1,7	0,1,0,0,0,1,0,0,0,0	0,3,2,8,2,2,1,1,2,0	155	75
1975	13,13,14,17,20,5,15,10,10,17	11,9,5,4,4,5,1,0,9,6	15,10,14,9,11,13,20,16,18,7	11,6,7,6,6,7,5,4,4,4	1444	75
1977	4,3,0,0,1,2,1,3,0,1	2,4,11,4,3,1,1,1,3,2	1,2,1,0,3,1,1,4,3,0	10,2,2,5,10,11,6,4,3,1	1065	75
1978	20,13,14,25,20,14,12,11,23,26	34,32,44,39,34,26,21,21,24,35	27,12,17,12,27,24,18,15,17,21	25,36,36,30,35,34,25,31,22,14	1337	75
1979	1,1,1,1,0,1,1,0,1,1	84,92,81,92,105,90,72,99,105,118	1,0,0,0,1,2,0,1,2,0	70,107,78,86,101,87,105,106,79,112	147	75
1980	34,26,20,29,24,18,17,24,17,28	24,19,26,30,23,20,20,21,19,28	30,19,14,14,32,15,23,24,40,38	12,16,15,24,14,23,25,16,25,25	1188	75
1981	27,26,31,17,15,19,15,21,20,24	12,21,20,26,13,17,18,18,22,22	25,14,13,18,24,7,21,14,23,25	20,18,28,15,15,14,12,13,27,20	217	75
1982	0,0,0,2,3,0,2,0,2,2	23,15,21,27,22,23,13,16,20,11	2,1,0,0,1,0,0,1,1,2	23,12,14,20,15,16,14,17,29,24	148	75
1983	10,9,11,18,12,8,4,8,8,8	12,22,24,27,18,23,7,12,17,13	17,10,9,5,6,6,7,8,8,15	21,29,27,14,10,17,24,17,18,26	173	75
1984	1248,1266,1311,1370,1290,1333,1082,1242,1271,1479	1,2,2,6,0,2,5,3,2,3	1317,1275,1261,1344,1333,1252,1423,1211,1398,1570	3,1,0,1,2,0,3,1,4,1	1906	75
1985	2,3,2,3,0,3,1,3,0,1	4,2,2,4,2,1,4,3,0,3	3,0,2,2,2,2,2,1,4,2	1,0,3,2,5,0,3,3,4,6	1115	75
1986	7,11,5,8,5,5,2,9,2,6	385,385,390,403,364,465,404,458,459,464	8,7,6,5,7,2,2,1,7,6	428,355,377,401,476,437,527,467,541,508	672	75
1987	0,5,1,0,0,0,2,0,2,1	44,55,43,51,28,41,44,43,65,61	3,1,2,0,5,0,0,0,0,0	42,51,33,38,61,50,50,50,63,41	363	75
1988	7,8,5,7,8,14,12,6,4,7	67,53,52,59,50,75,51,46,60,74	6,2,4,5,5,6,6,3,10,12	62,54,50,51,67,67,71,70,86,74	665	75
1990	1,1,3,1,1,1,2,0,0,1	156,156,142,141,122,172,137,223,198,178	0,1,1,1,0,1,3,1,2,1	196,159,150,163,175,186,197,220,185,198	344	75
1992	71,93,97,120,76,101,59,92,73,84	0,0,0,0,0,0,0,0,0,0	90,90,58,103,101,68,82,86,99,88	0,0,0,0,0,0,0,0,0,1	606	75
1994	2,1,5,0,2,0,1,0,2,0	0,5,0,2,2,0,1,1,0,0	1,3,1,2,2,0,0,0,0,0	1,2,1,1,1,1,0,2,1,0	172	75
1997	6,2,2,9,4,3,4,4,6,4	56,31,51,38,35,44,32,38,27,51	2,5,2,3,7,2,4,2,4,6	40,34,33,35,52,37,51,37,39,43	411	75
1998	3,2,1,3,1,1,2,9,4,2	35,64,67,71,56,72,50,64,70,72	1,1,1,2,3,3,3,2,2,1	76,53,37,42,49,47,61,52,65,47	149	75
1999	1,2,4,2,2,1,4,3,2,1	59,48,51,67,55,56,62,67,59,56	3,4,1,1,0,0,2,3,4,3	62,63,64,54,61,80,77,69,78,81	170	75
2004	23,27,19,28,16,24,26,25,20,25	42,50,44,53,48,37,44,41,54,39	22,17,17,8,26,11,12,22,19,28	44,38,45,56,62,41,59,45,51,32	1334	75
2005	1,5,3,3,0,1,3,2,2,1	0,1,1,0,0,0,0,0,1,1	0,0,1,0,2,2,2,2,2,1	1,0,0,0,0,0,0,1,0,0	192	75
2006	6,8,5,2,10,5,3,4,5,4	0,0,0,0,0,0,0,0,0,0	4,2,4,1,7,8,4,6,5,6	0,1,1,0,0,0,0,0,1,1	147	75
2007	5,11,12,14,10,8,12,10,6,8	18,18,39,37,32,28,22,17,36,21	14,9,2,4,19,11,13,6,12,15	27,24,17,13,41,28,19,23,19,17	613	75
2008	30,22,17,14,20,17,10,17,13,13	1,0,0,1,0,0,0,0,0,1	21,12,13,19,27,19,13,25,25,25	0,0,0,0,0,0,0,1,0,0	1601	75
2009	13,2,6,4,5,1,5,6,4,2	21,25,20,20,25,17,16,16,23,19	11,6,3,2,6,5,5,9,6,6	16,18,19,19,24,14,17,22,16,23	991	75
2012	1,0,0,0,0,0,0,0,0,1	48,50,48,62,59,46,50,40,50,29	1,0,0,0,2,0,2,1,1,0	55,52,37,51,48,36,38,41,39,43	185	75
2014	0,0,1,0,0,0,1,0,1,0	0,0,1,0,0,0,0,0,0,0	0,0,0,0,0,0,0,0,0,0	0,0,0,0,1,0,0,0,0,2	184	75
2016	48,58,47,61,47,59,38,53,34,52	3,2,1,2,4,1,4,2,6,1	62,37,48,58,47,39,69,34,60,43	2,3,0,0,1,3,4,2,5,3	2248	75
2017	2,4,2,3,2,3,5,5,1,2	9,3,6,1,3,5,1,2,3,2	6,5,1,3,2,1,0,0,6,4	1,1,1,2,1,2,1,0,4,4	646	75
2020	3,9,14,9,7,6,14,4,2,8	6,9,4,4,7,5,3,2,2,4	10,3,8,5,16,6,10,6,9,6	4,5,10,4,3,5,3,6,3,7	197	75
2021	16,28,29,27,24,20,28,20,15,33	0,5,2,0,3,0,0,0,2,1	35,18,32,14,50,23,31,18,31,24	0,0,4,1,4,1,1,2,0,0	361	75
2022	6,5,3,9,3,9,4,6,3,6	11,7,13,10,11,6,11,8,10,14	3,7,5,5,7,6,5,2,5,1	8,9,11,6,15,14,13,17,21,13	249	75
2023	1,3,4,6,9,3,3,6,8,8	3,5,2,1,0,1,1,1,2,0	6,6,3,3,8,7,6,10,6,9	1,2,2,5,1,2,3,0,4,2	258	75
2024	6,10,0,2,6,6,4,8,4,3	234,267,317,296,296,293,279,239,245,343	7,2,3,3,6,2,6,3,7,15	277,291,286,266,287,296,298,286,316,308	324	75
2025	4,1,5,6,2,1,3,3,1,5	23,24,29,16,26,31,7,15,18,18	2,0,1,1,0,1,3,1,1,2	26,16,27,21,18,21,12,22,17,29	2425	75
2026	0,0,0,2,0,0,0,1,0,0	2,4,3,3,0,3,2,2,2,0	0,0,0,0,0,0,1,0,0,0	1,0,1,4,0,3,1,2,1,0	568	75
2027	0,1,0,0,0,0,0,1,3,0	4,3,3,2,0,2,4,5,1,0	0,0,0,0,0,2,1,0,1,3	1,4,1,0,4,4,0,2,3,1	268	75
2028	4,2,5,5,3,4,4,2,7,3	152,165,173,175,159,166,162,179,120,174	7,3,5,3,5,2,3,2,4,4	162,170,125,158,167,188,166,144,185,164	147	75
2030	0,2,1,0,1,0,0,0,1,1	1,0,1,4,0,2,1,1,0,0	0,0,0,1,0,0,0,0,0,1	5,4,2,1,1,2,0,4,1,0	685	75
2031	3,2,4,2,1,0,1,2,3,2	52,58,63,45,35,48,36,49,39,67	2,2,3,0,2,1,1,3,2,3	70,37,50,37,61,63,53,62,79,52	226	75
2034	1,0,1,2,1,0,2,1,3,3	0,0,0,0,0,0,0,0,0,0	4,5,0,5,2,2,3,0,2,2	1,0,0,0,0,0,0,0,0,0	562	75
2038	2,0,1,2,5,1,0,3,3,2	31,35,46,49,43,38,40,27,37,57	2,0,1,1,2,3,0,1,3,6	27,45,41,50,48,39,34,39,42,44	157	75
2039	58,69,65,65,47,79,57,54,55,56	16,12,14,14,11,8,10,12,6,11	80,45,46,56,68,59,51,47,77,40	13,11,18,13,9,12,26,19,12,15	174	75
2041	1,0,1,0,0,0,1,0,0,0	0,0,0,0,0,1,0,0,0,0	1,0,0,0,0,0,1,0,0,0	0,0,0,0,0,0,0,0,0,0	248	75
2043	4,6,16,11,14,8,7,8,10,9	3,4,4,3,1,6,5,3,12,9	16,12,11,2,16,11,8,8,7,10	2,5,4,1,4,1,3,3,4,4	368	75
2044	0,0,0,0,0,0,0,0,0,0	0,1,0,2,1,1,1,3,2,1	0,0,0,0,0,1,0,0,0,1	0,1,3,1,1,0,0,0,2,0	231	75
2045	6,9,2,3,8,2,5,8,3,5	18,17,24,21,26,16,15,16,15,13	10,5,0,0,11,2,3,3,4,1	29,24,12,23,26,17,14,11,12,6	1010	75
2048	44,41,43,42,36,46,33,51,33,46	0,0,2,5,2,2,2,3,1,2	50,40,33,49,34,61,49,42,46,40	1,3,6,2,1,2,5,4,1,1	169	75
2049	1,0,0,0,0,0,0,0,0,0	0,0,0,0,1,0,0,1,0,0	0,0,0,0,0,0,0,0,1,0	0,0,0,2,1,0,0,0,1,0	171	75
2051	16,18,29,14,11,16,24,21,16,27	0,0,0,0,0,0,0,0,0,0	15,18,14,19,10,24,26,26,5,22	0,0,0,0,1,1,0,0,1,0	255	75
2053	1,2,0,2,0,0,0,0,2,1	9,5,6,7,8,5,6,6,2,4	2,1,0,1,1,1,0,0,1,0	9,4,3,5,5,2,6,1,8,5	291	75
2056	3,0,1,0,0,1,0,0,0,0	4,10,12,13,7,6,8,7,10,11	1,0,0,0,0,0,0,0,1,0	16,6,5,5,9,11,12,15,9,6	161	75
2057	0,1,0,3,4,3,2,1,2,3	13,30,11,8,19,19,10,29,12,26	3,2,0,2,2,1,1,1,5,0	22,10,19,25,18,31,14,8,18,10	256	75
2058	0,0,0,0,0,1,0,0,0,0	0,0,0,0,0,0,0,0,0,0	0,0,0,0,0,0,0,0,0,0	0,0,0,0,0,1,0,0,1,0	1440	75
2059	2,5,3,6,6,7,4,5,5,7	16,19,25,25,20,29,16,25,20,28	11,4,5,5,6,2,3,6,6,2	23,25,32,16,24,28,22,29,31,44	200	75
2060	47,46,59,40,39,50,41,47,38,48	0,1,0,0,0,0,0,0,0,0	48,42,58,44,48,52,46,31,47,64	0,1,1,0,0,1,0,0,1,0	369	75
2061	29,21,25,36,25,15,26,25,23,23	46,44,46,48,41,21,26,52,29,52	35,15,22,17,23,15,22,23,32,30	54,37,32,37,62,48,51,42,25,18	1061	75
2062	0,0,0,0,0,0,0,0,0,2	3,0,0,0,0,0,0,0,0,1	0,1,0,0,1,0,0,0,2,0	0,1,1,1,3,4,0,1,0,0	176	75
2063	22,22,23,25,17,26,13,22,29,20	4,4,4,1,4,4,1,1,5,2	30,11,9,22,21,16,16,20,27,30	2,6,3,2,4,3,2,4,4,3	1348	75
2065	10,3,6,11,5,6,5,11,10,4	78,58,82,83,54,74,61,66,57,63	7,4,5,8,6,3,4,7,4,3	58,64,59,59,62,63,72,76,74,100	155	75
2066	208,206,219,181,197,255,197,236,190,249	5,1,1,4,2,4,1,1,2,2	222,219,211,192,201,197,232,216,278,270	0,2,0,0,5,3,1,1,4,2	489	75
2067	6,6,10,3,7,7,10,4,5,6	56,40,42,52,41,51,39,50,41,65	5,0,1,4,6,7,4,7,9,1	31,52,48,51,50,40,42,45,58,47	153	75
2068	12,7,14,8,9,2,4,9,9,10	14,5,9,6,1,6,5,11,9,19	13,4,7,10,10,6,5,9,11,15	6,10,8,8,13,5,8,8,15,15	494	75
2069	11,8,3,6,5,0,1,7,10,6	55,70,72,64,67,64,43,63,59,67	7,3,2,7,4,4,4,2,10,4	71,66,61,65,70,51,82,53,84,84	227	75
2070	61,67,77,66,65,41,62,62,77,63	371,394,393,414,372,308,311,353,314,391	60,57,71,73,76,70,71,68,89,48	436,345,379,410,514,391,476,347,368,334	210	75
2071	0,0,0,0,1,1,0,1,0,2	1,0,1,1,1,1,1,0,0,1	0,1,0,0,0,0,1,0,0,0	1,0,0,0,0,0,1,0,0,3	209	75
2072	49,61,47,45,51,20,43,38,43,53	0,0,0,1,0,0,0,0,0,2	39,52,50,23,41,30,50,48,43,33	0,0,0,0,1,0,0,0,1,0	164	75
2073	43,29,43,33,34,24,47,34,39,49	4,4,6,9,3,3,5,2,4,3	38,42,43,34,44,64,55,36,53,71	5,4,4,6,3,1,7,4,3,4	217	75
2074	3,2,3,1,4,3,5,4,5,8	1326,1358,1392,1381,1128,1723,1328,1330,1273,1579	3,1,5,0,8,3,1,5,5,9	1347,1321,1457,1374,1269,1275,1457,1318,1566,1961	310	75
2075	1,2,2,3,1,2,5,0,3,1	97,134,116,127,110,153,122,131,110,136	1,2,0,0,4,2,0,2,1,3	132,115,135,140,143,136,141,132,158,153	303	75
2077	7,3,3,4,4,2,2,9,0,2	3,4,3,1,6,6,4,9,4,7	5,0,0,3,2,6,6,0,4,1	4,3,4,2,1,9,9,2,3,4	177	75
2078	11,5,4,6,4,4,5,12,3,2	41,45,49,61,41,47,32,39,44,48	6,2,2,6,2,6,10,7,7,4	66,49,47,46,48,40,42,32,47,38	206	75
2079	2,7,3,4,2,4,6,2,2,3	56,44,37,73,39,60,42,49,44,56	3,4,3,2,3,3,1,4,5,3	44,58,51,43,41,61,67,37,44,55	286	75
2080	1,6,2,2,1,4,2,0,2,3	1,2,1,2,1,0,1,0,3,0	1,1,1,2,2,2,0,0,3,1	1,1,2,1,3,0,3,1,2,0	175	75
2081	3,0,2,2,0,1,0,0,0,2	0,0,1,0,0,0,0,0,0,0	0,0,2,1,0,0,1,0,2,2	0,0,0,0,0,0,0,0,0,0	162	75
2082	17,17,19,26,24,28,16,16,18,19	12,15,8,11,10,15,8,12,9,6	18,19,10,13,27,7,17,10,30,30	9,9,9,14,11,12,14,11,13,10	1138	75
2083	8,10,5,9,6,4,5,11,3,7	582,773,604,687,653,827,662,638,754,716	8,8,4,2,9,3,11,13,4,13	575,667,689,802,671,627,894,709,877,1034	466	75
2086	27,26,20,31,18,28,22,23,34,22	0,0,1,0,0,3,1,0,2,0	31,29,20,18,33,23,33,37,28,24	1,0,0,0,0,0,2,0,1,0	167	75
2087	4,0,2,0,0,0,0,0,0,0	17,22,13,37,21,21,12,20,18,16	4,0,0,0,1,0,0,0,0,1	17,18,16,12,18,9,26,16,10,17	169	75
2088	4,1,6,3,5,2,4,4,2,6	34,39,29,49,20,31,22,32,41,36	4,1,1,1,3,0,0,4,2,3	41,31,22,28,38,30,30,20,32,29	236	75
2089	3,1,3,3,4,2,2,1,3,2	41,35,58,54,44,58,36,44,32,60	0,3,2,0,5,1,3,0,1,4	39,45,38,33,46,38,35,36,54,49	168	75
2099	47,73,58,56,62,52,38,44,44,57	2,1,1,1,1,0,0,4,3,1	54,49,48,34,72,49,63,52,76,59	2,1,1,0,2,1,1,1,1,1	452	75
2100	59,43,44,56,58,30,21,41,41,31	1,0,0,1,0,1,2,0,1,1	50,41,39,39,41,42,63,36,57,51	0,2,0,2,0,2,0,2,0,2	165	75
2101	57,43,43,52,57,30,20,39,40,31	6,6,3,4,2,9,3,3,8,6	48,41,38,38,39,39,59,35,56,50	1,3,2,7,2,10,7,2,1,5	153	75
2104	3,0,2,1,3,2,5,1,2,3	54,47,41,47,33,31,38,42,45,46	4,3,3,3,3,5,2,1,3,2	49,37,41,38,55,45,48,28,38,47	445	75
2105	0,1,0,0,0,0,0,1,0,1	0,0,1,1,0,1,0,0,1,0	0,0,0,0,0,0,1,0,1,1	1,0,0,0,0,0,0,1,0,0	1239	75
2106	1,4,0,0,1,1,0,0,3,3	15,13,10,19,23,26,20,15,17,33	4,1,2,2,2,0,1,1,1,2	22,28,21,14,29,21,21,19,28,32	602	75
2107	0,0,0,2,2,1,6,0,2,1	24,16,39,20,24,24,26,26,22,27	1,2,1,0,0,0,2,2,1,4	30,23,16,34,37,29,31,24,35,41	475	75
2108	24,13,27,26,14,16,24,25,24,18	27,31,31,35,20,19,23,18,30,30	20,14,9,17,20,12,17,10,29,35	37,23,31,35,34,38,47,28,28,38	897	75
2109	305,321,349,323,301,261,260,277,276,344	0,0,0,0,0,0,0,0,0,0	373,282,355,345,349,320,336,330,377,398	0,0,0,0,0,0,0,0,0,1	1401	75
2110	3,0,0,0,0,1,0,0,0,0	81,64,73,79,60,64,51,50,75,81	0,1,0,1,0,0,1,0,0,0	53,64,62,64,53,71,61,54,59,70	1207	75
2111	1,0,0,0,0,0,0,1,3,0	45,23,31,36,28,38,30,32,34,45	0,0,0,0,0,1,0,1,0,0	25,34,29,32,32,25,37,30,26,33	1009	75
2112	14,8,15,11,11,10,8,5,6,8	11,14,14,6,16,19,6,11,9,14	8,7,9,4,13,7,13,9,19,14	8,11,3,14,15,11,11,11,8,6	2137	75
2113	3,3,5,8,6,6,3,4,3,3	1,2,1,7,1,0,3,1,0,2	2,3,5,2,6,4,2,7,5,4	4,4,3,3,3,2,2,0,0,0	266	75
2114	0,1,2,0,5,3,1,2,1,1	617,682,664,670,569,721,581,702,646,608	0,2,6,3,0,3,2,2,3,2	650,608,594,598,657,615,686,602,703,821	358	75
2115	2,2,0,3,5,1,1,3,3,5	129,137,139,120,139,136,121,135,128,135	2,1,2,1,3,1,3,4,5,5	132,139,115,114,167,144,163,148,126,128	315	75
2116	484,448,474,541,473,543,448,527,541,582	2,1,0,0,0,2,0,1,1,0	537,509,516,426,472,462,575,497,545,591	1,0,0,0,0,0,0,0,0,0	144	75
2119	377,299,335,399,282,242,243,328,281,316	2,0,1,1,1,0,0,0,0,0	341,201,153,188,382,190,233,190,413,452	1,0,0,0,0,0,0,0,1,0	1081	75
2120	823,663,766,926,673,542,588,693,624,741	3,3,2,1,0,3,0,0,1,1	750,449,315,413,852,377,507,455,888,941	2,0,0,0,1,1,2,0,4,4	2381	75
2121	6,13,14,10,13,6,7,11,8,11	8,8,9,6,6,8,7,5,7,2	15,4,7,16,15,5,9,6,12,16	9,6,3,3,6,14,10,6,9,6	1721	75
2122	8,14,27,10,21,14,16,13,17,18	640,797,916,843,802,883,824,815,816,996	14,14,10,18,21,7,12,15,13,35	877,814,875,869,777,923,948,800,901,885	776	75
2123	18,13,13,14,10,6,10,12,9,9	2,3,3,1,0,0,0,1,0,0	11,7,7,6,14,7,6,7,15,11	0,0,1,1,0,2,3,1,1,1	1544	75
2124	18,13,13,14,11,6,10,13,10,9	0,0,0,0,0,0,0,0,0,1	11,7,9,6,14,7,7,8,15,11	0,0,0,0,0,0,0,0,0,0	1560	75
2126	200,146,154,162,123,182,152,137,173,148	5,8,3,5,3,7,1,2,4,8	156,122,147,128,142,137,159,150,177,200	6,6,0,4,7,5,5,3,9,7	196	75
2127	8,7,9,9,3,9,4,6,9,4	853,784,713,803,669,837,698,857,872,909	6,4,9,5,7,4,9,10,8,18	817,801,735,753,837,689,798,750,824,923	191	75
2128	3,6,2,3,1,3,0,3,4,2	220,224,229,251,214,216,216,190,195,222	1,2,1,2,1,2,2,2,0,1	208,218,224,229,257,225,257,209,230,243	210	75
2129	435,441,490,508,428,485,413,432,420,507	0,0,0,0,0,1,0,0,0,0	398,442,435,438,455,417,447,394,508,605	0,0,0,0,0,0,0,0,0,0	833	75
2130	69,56,54,89,68,53,62,79,72,75	295,269,320,313,271,344,276,313,286,339	58,52,57,61,68,51,53,45,79,84	292,302,297,290,289,291,317,278,337,377	725	75
2131	7,10,18,16,8,4,7,6,9,8	230,293,305,299,274,261,227,276,317,336	12,10,6,6,7,10,5,10,9,16	273,264,265,249,281,289,315,258,333,342	152	75
2132	6,1,4,3,1,1,4,4,1,1	17,18,22,21,8,10,17,14,19,13	5,3,2,1,4,2,3,5,7,4	15,10,14,14,17,21,15,15,11,17	318	75
2133	1,2,6,6,1,3,1,2,2,1	10,28,16,19,13,29,20,15,25,23	3,1,0,3,1,0,1,1,1,1	18,14,13,20,20,31,26,24,20,24	160	75
2134	0,0,1,0,0,1,0,0,1,0	1,1,0,0,0,2,0,1,1,0	0,1,0,1,4,1,1,0,0,0	0,1,0,0,0,0,0,0,0,0	161	75
2135	0,0,2,1,0,1,0,0,2,1	14,21,25,24,13,19,20,17,20,15	1,1,1,1,4,2,1,0,1,0	12,18,12,13,15,18,30,20,18,17	178	75
2136	8,3,3,7,5,3,3,4,6,4	40,41,41,55,45,35,39,44,48,57	2,3,4,2,5,2,5,8,7,14	36,39,49,41,47,44,58,47,45,32	153	75
2138	130,95,136,142,114,140,108,124,121,138	2,4,6,4,7,3,2,3,1,2	114,136,133,118,127,149,158,116,162,204	2,4,7,6,3,3,6,2,5,6	321	75
2139	1,1,5,4,1,1,0,7,0,7	0,0,0,0,1,0,1,0,0,1	3,0,1,3,5,0,3,0,2,1	0,0,0,0,1,1,0,1,0,1	245	75
2140	1,2,4,0,5,0,2,5,0,0	28,50,37,33,35,38,38,29,36,32	0,3,0,0,1,1,1,0,1,0	43,35,28,33,36,25,41,27,33,35	161	75
2141	1,0,0,0,1,0,0,0,0,0	0,0,0,0,0,0,0,0,0,0	1,0,0,0,0,0,0,0,0,0	0,0,0,1,0,0,0,0,0,0	1062	75
2144	21,26,15,19,18,21,22,29,21,13	0,5,2,1,1,1,2,1,0,1	15,21,18,19,18,19,24,24,25,33	2,0,1,0,1,0,3,1,2,1	232	75
2146	2,2,0,0,0,0,1,0,0,4	37,26,24,31,13,25,24,31,27,31	0,1,1,0,0,0,0,0,0,1	32,26,17,30,22,28,27,25,37,50	154	75
2147	0,3,1,2,2,2,1,1,2,4	30,28,29,25,24,24,25,21,25,29	6,2,0,2,3,0,1,4,2,3	21,24,40,31,30,32,25,29,36,28	169	75
2148	0,7,2,4,3,2,4,4,3,6	0,0,1,0,0,1,0,0,1,0	9,3,1,3,5,1,2,6,7,5	0,0,0,0,0,0,0,0,0,0	312	75
2149	0,0,1,1,1,1,0,0,0,1	12,11,12,19,14,17,14,15,12,23	1,0,0,0,0,0,1,0,0,0	12,14,19,19,16,19,14,12,20,21	161	75
2150	12,15,14,27,16,12,15,10,11,14	0,0,2,0,0,4,0,2,0,0	14,21,15,14,18,12,16,17,21,24	0,0,0,0,0,0,0,0,1,0	546	75
2151	223,237,222,267,184,202,189,170,182,231	59,77,75,53,56,68,56,55,47,68	250,175,155,215,317,204,206,199,206,201	52,75,65,58,50,52,84,71,73,71	1556	75
2152	18,16,14,16,15,11,10,13,15,15	18,18,24,24,20,20,20,21,17,34	19,9,10,5,8,4,10,7,16,13	28,23,25,23,34,18,36,29,27,33	374	75
2153	9,14,17,10,6,11,7,10,8,12	105,126,97,133,81,139,116,118,141,99	7,5,9,4,11,4,11,5,13,8	91,93,96,127,129,101,134,113,94,121	272	75
2154	304,335,301,327,288,280,277,252,291,268	0,0,0,0,0,0,0,0,0,0	249,258,248,322,320,250,409,305,338,350	0,0,0,0,0,1,0,0,0,0	375	75
2155	373,446,409,425,305,355,295,323,364,312	4,3,3,6,4,7,6,6,3,4	374,301,273,396,449,293,370,301,392,458	5,3,2,4,5,2,1,4,7,2	2647	75
2157	492,477,529,462,484,302,357,390,395,379	19,12,17,11,5,10,11,9,10,16	454,444,428,437,570,482,458,417,368,310	20,11,9,13,25,17,11,10,16,11	195	75
2158	5,5,9,5,3,3,8,5,6,4	136,132,158,173,121,91,125,133,129,134	3,3,2,3,1,2,4,1,0,5	134,117,145,172,152,153,163,119,100,89	1022	75
2159	4,3,4,2,0,2,2,2,2,7	58,60,74,62,61,52,51,68,57,79	3,3,1,2,5,2,3,5,2,9	50,59,50,71,51,64,74,63,51,44	378	75
2160	34,28,21,33,27,24,25,26,24,31	10,27,22,19,10,14,17,18,15,21	30,21,32,22,30,17,17,30,28,36	14,8,6,19,23,25,22,15,22,15	452	75
2161	0,1,0,1,0,0,0,0,0,1	40,39,40,59,48,24,37,34,28,39	1,1,0,1,1,0,2,2,1,1	44,33,34,25,41,35,38,32,23,19	161	75
2165	254,275,291,307,257,355,253,283,280,296	3,4,3,1,5,2,6,1,6,5	283,288,262,269,284,284,327,266,347,371	1,6,3,1,1,6,8,5,7,3	675	75
2166	47,67,65,102,63,71,74,58,57,64	2,3,1,0,3,1,5,2,1,2	61,59,43,59,72,64,74,82,80,103	1,1,2,2,3,1,0,1,3,1	1360	75
2167	163,125,147,180,123,119,143,145,145,143	1,2,0,2,0,0,1,0,1,0	145,118,91,119,155,92,160,119,201,280	2,0,2,2,4,1,1,1,0,1	1083	75
2168	174,141,158,198,133,124,148,165,159,154	56,97,73,67,69,74,71,67,67,99	156,126,102,126,179,99,180,132,219,300	67,74,70,67,59,66,73,76,79,66	1154	75
2169	248,241,258,306,214,216,235,270,259,258	0,0,1,2,0,2,1,0,1,3	251,205,193,232,283,180,255,227,320,412	4,2,0,3,3,3,0,5,1,0	1265	75
2170	76,108,86,92,48,68,42,53,55,50	10,12,17,14,4,9,4,9,9,6	86,57,26,50,91,38,50,27,81,72	10,8,5,11,13,13,13,9,9,7	1466	75
2171	20,20,14,23,15,11,15,19,12,12	7,6,2,3,4,5,0,1,3,2	24,10,12,13,36,10,8,19,20,26	4,5,0,1,3,0,2,0,2,1	748	75
2172	0,1,0,0,0,0,0,0,0,1	5,5,6,8,3,2,3,6,8,3	1,0,0,0,0,1,0,0,0,0	11,3,9,7,4,6,3,5,3,6	147	75
2173	4,5,5,3,2,1,2,1,6,5	0,2,5,2,1,1,1,1,1,3	4,4,6,3,7,3,5,0,6,2	3,0,3,0,1,2,3,1,1,0	614	75
2174	4,5,5,3,2,1,2,1,6,5	6,3,6,4,2,2,3,5,4,4	4,4,6,3,7,3,5,0,6,2	3,2,6,4,1,3,3,0,4,3	617	75
2175	419,455,470,463,401,319,339,342,422,377	20,33,38,28,36,29,26,30,26,37	435,392,367,383,423,405,430,340,314,280	28,35,25,36,27,27,20,20,26,33	2234	75
2176	3,1,0,1,0,0,0,3,1,2	3,2,2,3,4,3,4,5,4,3	0,1,0,0,2,0,2,2,0,0	1,3,4,6,4,2,5,1,9,8	237	75
2177	1,2,4,3,6,3,3,2,1,8	0,0,3,0,1,1,0,1,0,4	10,3,0,3,4,0,2,5,7,10	0,0,0,1,2,0,1,0,0,2	281	75
2181	0,1,1,2,4,1,3,0,2,2	1,1,1,2,3,1,1,3,1,5	0,0,0,0,1,1,0,3,3,6	2,2,2,3,2,2,2,2,4,2	149	75
2182	90,84,92,111,71,82,85,95,75,98	12,13,22,10,12,18,15,8,7,8	95,93,93,72,89,105,103,69,91,81	14,18,16,22,12,17,11,20,11,18	222	75
2183	81,79,81,103,68,78,82,88,74,90	5,3,10,6,6,5,4,11,11,7	87,89,87,62,81,99,99,66,83,72	5,6,9,8,3,2,1,5,6,7	210	75
2184	39,25,37,52,40,29,39,22,29,50	20,27,32,27,28,21,27,27,42,35	26,33,7,23,45,25,27,19,63,61	33,26,22,24,15,21,34,31,34,37	1093	75
2185	57,70,56,96,70,101,92,72,68,84	36,26,25,51,45,57,54,34,36,32	94,80,103,108,90,77,82,82,121,162	45,47,37,38,51,30,45,43,48,48	940	75
2186	0,0,1,0,0,0,0,0,0,0	2,1,4,3,4,1,2,0,1,0	0,0,0,1,0,0,0,0,0,1	2,0,1,1,1,1,0,1,2,5	189	75
2187	0,0,0,0,0,0,0,0,0,0	53,74,70,64,52,44,58,49,60,64	0,1,0,0,0,0,0,0,0,0	45,63,63,62,60,66,59,58,67,42	150	75
2188	1,3,5,1,1,2,1,0,1,0	20,21,29,26,29,27,22,26,26,17	1,1,1,2,1,2,1,1,3,2	22,25,22,15,20,23,36,33,35,29	501	75
2189	55,49,56,49,52,55,47,42,58,44	1,1,0,0,1,1,0,1,1,1	53,40,45,44,60,69,43,52,59,56	1,1,0,1,0,0,1,0,1,0	543	75
2190	58,51,65,79,39,47,51,74,43,59	3,1,4,6,1,5,4,3,0,2	51,49,54,53,60,67,65,53,85,69	1,4,5,2,7,0,2,2,4,5	192	75
2191	113,101,113,143,84,91,113,109,90,100	59,78,74,76,54,65,53,73,54,55	101,98,87,95,108,104,119,92,132,124	62,80,49,70,59,73,66,69,55,73	277	75
2192	24,35,33,35,25,27,27,36,17,23	65,89,85,81,51,64,54,93,87,60	38,20,37,17,19,29,21,41,35,41	85,56,72,75,92,84,90,67,95,47	833	75
2193	207,193,174,196,142,151,143,153,177,199	16,16,18,13,13,13,7,9,10,12	182,137,138,138,162,161,166,142,159,149	14,8,16,13,11,11,17,10,10,13	747	75
2194	33,33,19,26,18,27,14,19,11,44	272,332,304,274,274,225,202,297,277,294	25,17,20,10,25,19,16,13,27,18	287,226,263,340,318,291,321,260,268,277	696	75
2195	29,25,22,22,21,20,18,23,17,33	108,107,91,125,129,120,94,83,98,111	20,17,11,21,30,17,23,18,20,31	114,120,114,95,101,133,134,110,173,151	1161	75
2196	14,15,25,9,12,13,15,17,24,17	3,3,3,6,3,7,1,5,9,1	14,25,14,16,15,23,34,19,20,19	0,1,3,0,3,3,7,4,2,3	152	75
2197	24,9,12,22,15,17,18,15,21,16	120,112,117,96,98,134,94,89,112,106	14,13,15,16,16,18,14,11,15,29	112,102,103,87,120,89,107,107,106,106	158	75
2198	34,47,29,41,35,40,24,38,32,38	2,1,2,4,1,0,0,3,3,1	35,39,30,38,34,29,34,30,36,34	3,2,1,1,4,1,1,3,2,0	369	75
2199	31,30,35,38,36,18,16,24,21,23	8,10,4,9,13,7,8,13,8,1	31,22,28,25,25,30,35,22,20,25	13,3,11,6,12,10,12,6,7,3	344	75
2200	2,2,0,8,2,0,2,0,4,2	1,1,1,0,3,0,1,1,3,3	4,0,0,2,1,1,2,3,2,4	2,4,0,0,1,1,2,1,2,0	1179	75
2201	8,12,9,12,14,11,13,13,9,14	115,156,134,163,136,163,148,130,152,162	11,8,10,12,14,7,10,8,18,24	159,160,142,142,126,158,164,117,178,210	217	75
2204	0,0,1,2,0,0,0,1,2,2	0,0,0,0,0,0,0,0,0,0	1,0,1,0,0,0,2,0,0,2	0,0,0,0,1,0,0,0,1,0	260	75
2205	0,2,2,1,1,1,1,0,1,1	0,0,1,0,0,0,0,0,0,0	0,0,1,1,0,1,2,0,2,1	0,0,0,0,0,0,0,0,0,0	180	75
2207	0,0,0,0,0,1,0,0,0,0	0,0,0,0,0,1,0,0,0,0	0,0,0,0,0,0,0,0,0,0	0,0,0,0,0,0,0,1,0,0	203	75
2208	7,6,2,7,7,3,1,8,3,3	53,66,51,56,56,48,48,56,49,64	2,1,3,5,5,5,3,2,7,10	79,65,54,57,71,52,62,63,74,60	224	75
2209	11,7,4,9,12,9,8,11,12,8	0,1,2,2,2,3,1,2,0,2	9,13,8,11,10,11,7,8,11,15	1,1,0,1,2,2,2,1,1,2	255	75
2210	3,2,0,0,2,1,2,2,0,2	56,75,73,68,55,71,61,71,61,59	5,1,2,1,6,1,0,1,3,2	71,63,85,63,59,74,89,67,80,88	296	75
2211	166,155,188,171,148,194,153,170,169,165	41,44,37,65,39,67,45,36,53,69	174,167,174,166,167,147,212,190,209,239	59,50,51,53,58,53,53,50,50,49	1004	75
2212	1,0,0,0,0,1,0,0,1,0	85,101,104,117,123,81,74,103,96,111	1,0,0,0,0,0,0,0,1,0	101,108,90,95,120,102,121,79,77,72	166	75
2213	1,3,2,4,3,1,1,1,5,3	33,36,36,42,53,40,27,34,35,35	2,2,2,1,1,4,0,0,1,4	38,41,36,38,59,34,43,36,38,37	147	75
2215	0,0,0,1,0,0,0,0,0,0	0,2,2,2,3,4,2,1,2,2	0,0,0,0,0,0,0,0,0,0	3,3,2,0,1,2,3,2,1,0	495	75
2217	3,1,3,1,1,4,1,4,2,2	80,79,94,97,90,130,80,89,105,99	9,2,0,2,4,3,2,0,2,4	84,95,70,71,79,76,87,85,93,118	151	75
2218	24,24,31,37,18,19,29,37,25,35	83,88,105,120,108,101,104,101,92,136	24,33,27,17,18,25,27,21,28,35	112,116,108,96,84,68,116,81,119,122	329	75
2219	3,2,3,7,1,1,2,6,0,2	72,57,72,62,61,42,50,40,54,49	4,3,0,2,3,2,0,2,2,2	66,47,44,64,66,58,61,52,45,60	229	75
2220	76,70,110,98,68,56,63,69,65,76	0,1,1,3,1,1,0,3,0,1	79,71,53,66,70,47,74,45,100,115	4,1,2,2,0,0,4,3,5,2	735	75
2221	77,70,111,100,69,57,64,71,65,78	52,73,57,62,49,58,61,47,48,58	81,72,54,67,70,47,77,46,102,115	49,44,51,69,62,56,69,71,84,93	749	75
2222	1,0,6,1,3,3,1,0,3,3	20,15,20,21,19,10,12,19,15,19	1,1,3,1,2,0,0,4,4,2	28,20,17,11,23,13,14,20,18,16	229	75
2223	17,15,18,34,19,17,12,23,16,16	0,0,0,0,1,2,0,0,0,1	29,19,8,22,18,10,16,19,32,27	0,1,1,0,1,3,0,0,2,0	727	75
2224	0,0,0,1,0,0,0,0,0,0	20,17,17,22,22,16,14,15,12,22	1,0,0,0,0,0,0,0,0,1	21,21,18,13,16,15,25,16,21,20	143	75
2228	0,0,0,0,0,0,0,0,0,0	1,0,0,0,0,0,0,0,0,0	0,0,0,0,0,0,0,0,0,2	0,0,0,0,0,0,1,1,0,0	159	75
2229	808,833,1239,929,824,551,761,1005,1154,723	0,3,2,1,1,1,3,0,1,2	769,861,797,840,943,954,1206,1058,717,720	2,0,0,2,1,1,3,1,1,0	5681	75
2230	1,0,1,5,0,1,0,1,0,0	6,6,3,6,5,11,5,4,7,8	2,0,1,2,1,1,1,2,2,1	3,6,9,5,5,4,5,4,6,4	146	75
2232	0,1,1,1,3,1,1,0,2,1	28,22,23,25,15,14,14,24,27,30	1,2,2,1,0,2,1,2,3,4	30,19,23,19,30,20,25,28,26,31	221	75
2233	4,5,1,6,2,4,9,7,6,6	37,52,48,62,55,45,47,43,49,60	13,1,1,3,3,1,3,1,9,7	50,40,37,42,30,52,71,53,42,50	289	75
2234	33,27,29,40,30,16,19,30,41,22	582,527,549,567,453,456,403,542,511,452	35,15,13,13,33,21,19,19,24,36	535,487,479,409,467,425,546,420,432,447	265	75
2235	3,3,3,2,0,4,2,2,3,3	96,117,112,95,95,112,102,99,101,97	1,0,1,4,2,1,1,1,6,3	103,93,85,98,105,89,119,98,97,86	175	75
2236	1,0,1,1,3,1,0,1,0,1	72,110,110,82,91,80,68,73,68,83	0,1,0,1,2,1,0,1,1,0	109,70,69,76,101,75,97,61,70,34	163	75
2237	1,1,1,3,1,2,4,5,3,0	74,94,87,94,81,51,44,76,57,72	3,3,2,4,2,0,0,4,0,5	96,66,65,67,88,91,83,62,62,41	275	75
2241	5,1,0,2,1,1,0,3,0,0	11,10,8,6,6,8,10,7,7,4	3,1,2,1,0,0,1,1,0,1	6,8,4,6,13,4,7,2,16,8	777	75
2242	1,0,1,0,1,1,3,2,3,1	33,43,53,43,36,26,42,30,35,30	1,0,0,3,1,2,2,1,2,2	39,27,37,24,39,28,32,21,31,23	202	75
2243	6,2,3,4,1,1,2,4,1,4	43,38,44,59,35,23,34,29,38,40	4,2,2,4,6,3,2,4,1,4	48,30,34,25,46,29,41,31,34,35	394	75
2244	0,0,1,2,3,0,4,2,2,3	28,58,36,51,32,45,33,55,32,52	1,0,0,2,1,0,0,5,0,4	37,40,34,42,50,37,52,46,57,43	1047	75
2245	1,1,0,2,2,1,2,0,0,1	37,43,33,46,42,59,37,47,42,38	1,0,2,0,0,2,1,1,2,1	38,46,36,35,36,48,47,38,51,44	436	75
2246	2,4,5,6,3,5,2,4,5,4	614,656,650,661,583,831,613,648,612,696	7,4,4,2,4,2,2,4,2,2	694,569,661,628,614,575,709,613,683,801	605	75
2247	2,2,2,1,5,1,1,2,4,2	123,135,170,148,143,194,147,151,138,180	2,3,1,1,4,6,2,1,2,6	145,153,146,154,127,128,161,152,191,235	154	75
2248	211,224,198,184,161,173,144,177,199,177	0,0,0,0,0,0,2,0,0,1	202,177,170,180,190,170,201,173,196,175	0,0,0,0,0,0,0,2,1,3	215	75
2249	0,0,0,0,0,0,0,0,0,0	0,0,0,1,0,0,0,2,1,0	0,0,0,0,0,0,1,0,0,0	0,0,0,1,0,0,0,0,0,0	395	75
2250	2,0,5,4,7,3,1,2,2,7	0,0,0,1,0,0,0,0,0,0	2,3,2,1,8,0,4,3,4,2	1,0,0,0,0,1,0,0,0,0	835	75
2251	2,0,5,4,7,3,1,2,2,7	19,11,16,17,14,11,17,13,13,23	2,3,2,1,8,0,4,3,4,2	17,16,12,19,20,20,13,16,20,10	838	75
2252	0,0,0,0,0,1,2,0,0,1	19,26,16,29,26,15,22,17,22,33	1,0,0,0,0,0,0,0,1,1	19,23,27,27,25,18,37,28,28,22	175	75
2255	5,2,2,0,1,3,3,3,6,1	86,115,108,102,115,81,82,114,80,109	0,0,0,1,1,1,1,0,3,0	111,93,100,100,130,108,116,121,113,68	1191	75
2258	0,2,0,1,1,0,1,0,1,0	1,0,0,0,0,0,0,1,0,0	0,0,0,0,3,0,0,0,0,1	0,0,0,0,0,0,0,2,0,1	201	75
2259	0,0,0,1,1,0,0,2,1,1	0,0,1,0,0,0,0,0,1,0	0,0,1,3,1,1,0,0,0,0	0,2,0,0,0,2,0,0,0,0	278	75
2260	10,13,16,13,6,6,11,10,16,12	1,1,0,1,0,0,0,0,0,0	14,14,13,18,11,14,19,11,13,16	0,1,0,0,1,0,0,0,0,2	162	75
2261	10,12,15,11,6,4,9,9,16,10	0,0,0,0,1,0,0,1,0,0	14,13,13,15,6,13,18,11,13,16	0,0,0,0,0,0,0,1,0,0	153	75
2262	4,1,2,1,1,0,4,2,3,4	5,4,4,8,3,3,4,1,2,5	1,2,2,3,3,0,3,1,2,3	3,4,4,6,3,4,5,3,4,8	246	75
2263	0,3,1,0,0,0,0,2,0,1	7,1,8,5,1,1,1,5,1,5	0,0,2,1,2,0,1,2,0,0	6,4,5,3,7,6,8,3,3,10	181	75
2264	16,19,8,15,12,4,11,12,11,11	0,0,0,0,1,0,0,0,0,0	15,4,13,11,12,6,13,8,9,12	0,0,0,0,0,0,0,0,1,0	265	75
2266	0,0,0,0,1,0,0,0,0,0	0,0,0,0,0,1,1,0,0,1	0,0,0,0,0,0,0,0,0,0	0,0,0,1,1,1,0,1,0,0	446	75
2267	3,3,0,5,2,0,3,4,1,2	7,7,10,13,7,16,13,11,10,9	2,2,2,1,2,0,1,1,3,3	15,12,8,14,3,11,9,20,13,16	451	75
2268	3,3,5,6,3,5,5,2,1,3	61,34,61,54,38,48,56,52,43,60	1,3,2,0,7,2,7,2,3,4	56,39,54,50,63,62,50,45,50,60	1658	75
2269	6,7,7,10,6,7,8,13,4,8	381,374,355,386,361,358,325,348,361,433	8,10,10,2,9,8,6,2,8,8	398,378,364,391,379,358,430,378,415,384	145	75
2270	1,0,0,4,0,0,1,2,2,0	9,25,14,18,26,12,16,12,14,19	2,1,1,0,1,0,0,0,2,4	19,16,14,23,18,17,18,15,16,15	1651	75
2271	3,0,0,0,1,3,1,1,0,1	1,1,0,0,0,0,2,0,1,0	2,3,2,3,4,0,3,1,2,3	1,2,0,0,1,0,0,1,1,0	328	75
2273	0,1,1,4,4,3,3,8,5,4	25,56,33,42,35,23,21,32,21,32	3,3,5,2,3,0,0,1,3,1	31,36,23,39,36,34,28,39,35,34	614	75
2274	20,27,20,20,8,11,7,12,13,10	1,6,0,1,1,2,3,6,0,1	26,15,21,20,18,17,14,19,11,21	4,2,1,2,5,0,2,1,2,5	336	75
2275	2,2,2,1,0,1,1,0,1,0	19,25,17,16,14,16,13,21,23,13	2,0,1,0,1,2,0,0,0,2	21,16,20,7,22,5,17,10,17,19	275	75
2277	5,3,5,1,4,3,3,1,3,6	32,32,24,40,25,23,13,32,17,44	5,4,0,4,2,6,4,2,8,10	22,21,19,23,28,30,40,18,28,23	541	75
2278	1,2,4,0,0,1,2,1,0,3	4,10,6,14,4,8,11,5,8,9	2,1,0,0,3,0,0,0,0,4	9,7,6,9,6,15,4,5,13,5	76	75
2280	0,1,1,6,3,2,1,3,5,1	251,299,272,289,258,364,227,274,240,287	2,4,0,2,0,3,4,2,5,1	282,262,242,244,239,266,313,224,326,351	151	75
2281	336,388,395,436,374,410,338,356,345,481	2,1,0,2,0,3,2,1,0,0	386,395,349,357,404,368,364,356,431,464	1,1,1,3,3,1,2,2,1,3	301	75
2282	2,0,1,3,2,1,1,1,1,2	113,149,126,115,90,93,99,110,89,104	3,0,2,1,1,0,2,4,1,2	116,127,105,117,101,116,144,114,101,84	146	75
2283	0,1,2,1,3,2,2,0,1,0	73,77,72,118,94,87,82,78,85,110	1,1,0,3,0,0,2,3,2,1	79,71,93,73,81,78,89,69,74,78	184	75
2284	10,10,6,13,3,6,8,5,1,3	184,198,204,214,165,179,167,164,169,255	7,8,2,7,4,3,6,4,5,11	171,167,162,181,181,201,195,171,195,184	157	75
2285	74,77,80,72,47,80,64,55,70,55	0,0,0,0,0,0,0,0,0,0	80,63,67,73,69,67,65,75,86,67	0,0,0,0,0,0,1,0,0,0	589	75
2287	0,0,1,1,1,0,0,0,0,0	136,144,128,151,101,85,105,120,115,107	0,0,1,1,0,0,0,1,0,1	125,141,100,125,151,130,125,79,105,76	217	75
2289	4,4,4,5,1,2,0,4,2,1	176,250,231,282,212,247,218,252,252,258	1,3,4,3,1,0,3,0,1,2	227,240,215,271,210,240,290,259,255,265	454	75
2290	20,19,24,25,20,23,17,25,25,17	0,0,0,0,0,0,0,0,0,0	16,12,15,22,13,14,24,7,17,28	1,0,0,0,0,0,0,0,1,0	1371	75
2292	6,8,13,4,2,6,6,7,14,8	645,787,838,824,779,1018,738,846,838,1000	5,9,6,9,10,8,4,3,9,19	865,820,804,839,799,837,934,896,1122,1067	400	75
2293	0,0,0,0,0,0,0,1,1,1	41,48,39,41,56,35,38,39,36,50	0,0,0,0,0,1,1,0,1,0	39,48,37,45,59,47,48,39,32,34	150	75
2294	37,21,29,48,18,20,18,26,24,28	2,5,3,2,1,2,0,1,0,2	25,24,27,31,29,29,35,24,35,23	2,1,0,2,2,2,5,0,0,6	214	75
2296	18,8,14,23,16,10,17,19,15,23	38,31,44,41,34,40,35,38,30,31	17,8,10,15,22,9,10,10,26,27	30,50,25,30,36,47,33,42,32,37	186	75
2299	137,108,140,133,135,121,87,140,148,207	4,9,5,10,3,6,4,7,8,14	191,126,145,94,160,145,144,109,142,133	10,9,9,0,4,3,8,3,8,6	219	75
2300	4,7,10,4,3,2,5,7,8,8	47,61,56,44,71,38,37,40,40,37	5,6,8,10,7,5,6,4,4,3	46,52,47,41,61,39,50,50,45,30	514	75
2301	1,0,1,1,3,2,4,3,2,1	2,0,0,0,0,0,0,0,0,0	2,0,0,2,0,0,2,0,1,2	0,0,0,0,0,0,0,0,0,0	383	75
2303	25,33,17,26,29,22,17,22,22,23	15,16,23,17,9,23,15,16,21,11	25,13,21,16,24,20,26,24,22,39	23,21,19,9,22,22,20,20,22,18	883	75
2305	18,13,15,21,13,12,11,8,11,11	0,0,0,0,0,0,0,0,0,0	15,6,12,10,12,5,9,4,13,23	0,0,1,0,0,0,0,0,0,0	722	75
2307	2,4,2,4,3,2,3,4,3,3	28,39,27,32,29,41,35,31,35,53	6,1,3,1,5,2,2,6,2,2	26,30,32,30,29,29,40,33,34,43	633	75
2308	0,0,0,0,0,0,0,0,0,0	0,0,0,0,1,0,0,0,0,0	2,0,1,0,0,0,0,0,0,0	0,0,0,0,0,0,0,1,0,0	178	75
2309	2,0,0,7,3,2,4,5,4,4	144,168,146,205,164,205,145,179,156,181	4,3,1,0,5,4,1,2,6,8	165,169,135,175,161,160,220,190,222,229	160	75
2310	0,2,0,2,1,1,2,1,1,2	144,134,154,140,126,123,94,109,113,134	1,1,1,0,1,0,0,0,0,2	134,135,112,134,172,132,160,135,130,199	176	75
2312	6,4,8,8,10,1,6,8,7,3	42,52,52,60,41,33,39,45,39,34	5,6,5,3,6,1,4,6,6,12	52,42,43,21,34,40,36,32,44,29	287	75
2313	3,4,6,8,10,1,4,8,6,2	0,0,0,0,0,0,0,1,1,0	4,6,4,2,5,1,4,6,6,10	0,2,0,0,0,0,3,1,0,0	271	75
2314	0,3,1,4,2,4,5,8,3,4	50,53,60,54,42,46,38,37,43,54	5,1,4,2,1,2,2,3,6,6	52,54,45,56,59,45,42,49,55,55	152	75
2315	3,0,4,3,0,2,4,1,3,1	19,21,19,14,16,24,18,20,15,16	1,5,0,1,1,1,0,0,0,2	24,15,9,13,17,11,6,17,20,26	1315	75
2318	0,1,1,0,0,0,0,0,0,1	1,0,2,1,1,0,3,1,1,2	3,1,0,0,0,0,0,0,3,1	0,1,4,2,1,2,1,5,3,2	168	75
2320	2,0,2,1,0,0,2,2,2,2	0,0,1,0,1,0,0,1,0,1	0,1,0,1,0,0,1,0,0,3	0,1,0,1,0,1,1,0,0,0	596	75
2321	0,0,2,1,0,1,0,0,0,2	2,1,0,1,0,0,3,2,3,2	0,2,0,2,1,3,1,0,1,0	2,1,0,1,2,2,1,0,3,0	3912	75
2322	0,0,0,0,0,0,0,0,0,0	27,35,25,38,22,26,16,21,21,21	0,0,0,0,1,0,0,0,1,0	20,26,29,18,24,24,22,20,33,32	155	75
2323	9,9,13,14,7,6,12,14,8,11	23,29,28,34,17,23,27,22,17,24	8,6,16,8,13,6,14,7,14,8	21,14,18,31,21,22,14,16,29,25	1413	75
2325	4,5,6,8,3,4,7,4,2,4	9,27,14,15,14,7,8,13,22,18	4,2,2,2,3,2,4,1,6,4	5,13,10,6,20,10,15,13,11,5	179	75
2326	3,2,5,4,1,5,2,1,2,5	14,6,2,8,14,8,5,5,4,13	4,2,1,2,6,1,7,4,1,5	10,7,5,6,10,4,11,3,6,9	340	75
2328	1,1,2,1,3,0,4,0,2,3	102,91,98,108,80,128,84,85,109,111	0,1,1,3,5,0,1,1,2,2	137,90,73,88,93,88,109,82,123,135	229	75
2329	0,0,0,0,0,0,1,1,0,0	6,5,11,12,11,2,3,6,6,4	0,0,0,0,0,0,0,0,1,0	3,5,3,4,16,7,8,4,7,3	240	75
2330	1,1,1,2,2,0,0,3,1,0	18,20,14,13,16,15,8,13,10,16	3,0,1,0,0,0,0,2,2,0	17,12,7,17,15,17,11,8,11,13	170	75
2331	36,38,58,45,56,37,35,46,37,51	22,17,20,24,26,27,19,24,19,20	43,47,26,45,48,36,63,44,57,52	17,27,25,25,25,21,19,22,23,21	2666	75
2333	0,0,1,0,0,0,0,1,0,0	3,13,14,7,12,9,7,9,9,10	0,0,0,0,1,0,0,0,1,0	4,4,7,12,10,9,5,3,6,6	236	75
2334	2,3,8,5,1,6,4,4,1,5	1,7,5,6,3,1,7,6,4,6	1,2,2,4,3,2,1,2,4,3	1,5,5,7,3,1,5,1,5,5	1009	75
2336	2,2,2,0,3,5,4,0,2,1	0,0,0,0,0,0,0,0,0,0	1,2,4,0,3,5,4,2,0,3	0,0,0,0,0,0,0,0,0,2	192	75
2337	70,75,85,81,61,45,60,51,90,44	1,1,2,0,1,0,1,0,4,0	62,60,60,81,69,78,78,71,63,33	4,0,0,0,0,1,2,0,2,0	302	75
2338	125,117,117,118,107,108,98,97,120,133	20,25,23,21,13,29,24,31,23,29	114,91,134,134,141,126,126,104,102,150	22,25,29,20,33,18,20,18,24,29	734	75
2339	2,6,5,7,2,8,3,3,6,7	20,13,13,15,12,13,12,19,15,26	6,2,4,4,4,3,5,1,4,5	21,20,9,23,17,10,23,18,19,25	405	75
2340	56,66,65,51,44,49,44,45,51,48	0,0,0,0,0,0,0,0,0,0	62,53,41,43,74,52,74,58,42,57	0,0,0,0,0,0,0,0,0,2	1146	75
2343	8,12,8,7,9,6,10,4,8,6	37,31,28,27,26,33,7,24,22,36	15,4,6,13,12,12,5,10,6,17	32,26,24,28,20,28,36,22,38,26	230	75
2344	12,23,17,21,24,17,17,16,24,24	3,3,9,4,5,4,3,2,6,7	22,11,24,21,32,31,24,25,20,33	7,1,4,4,6,5,7,4,4,11	281	75
2345	1,3,4,0,0,2,0,3,1,2	19,12,10,10,17,17,10,9,14,18	3,0,1,1,4,0,0,1,3,2	16,15,15,13,15,16,13,13,13,18	157	75
2346	3,1,1,0,1,0,0,0,1,1	26,24,31,38,35,33,19,22,24,40	2,0,3,0,2,4,0,1,0,2	27,34,26,16,28,28,28,18,31,37	155	75
2347	5,4,3,6,6,6,1,6,3,5	1,4,2,1,3,3,2,3,3,0	7,0,7,0,8,10,4,3,4,6	3,1,1,0,4,0,0,3,2,3	202	75
2348	1,3,1,1,0,1,3,3,0,2	6,12,6,6,3,11,9,8,11,9	3,1,0,2,2,0,2,1,2,4	5,10,7,8,7,8,6,4,6,16	148	75
2349	1,0,0,0,0,0,0,0,0,0	0,1,1,0,1,1,0,0,2,0	0,0,0,0,0,0,0,0,0,0	0,0,0,0,0,1,0,0,3,0	1626	75
2350	13,10,15,16,15,9,10,9,13,11	1,1,1,0,1,0,0,0,1,1	11,7,2,8,10,16,18,16,11,9	0,0,1,0,2,0,1,1,0,0	138	75
2351	0,0,0,0,0,0,1,0,0,0	8,9,14,10,7,6,6,4,8,12	0,0,0,0,0,0,0,0,0,0	7,5,3,3,6,14,13,7,4,5	551	75
2352	10,7,10,9,17,14,4,13,4,10	8,11,10,9,12,4,5,10,14,13	12,7,8,10,8,9,9,5,10,10	11,12,9,14,21,16,14,6,12,17	1141	75
2355	21,14,28,25,13,18,22,28,16,36	104,132,135,145,127,158,116,113,114,143	29,19,24,25,21,18,25,20,44,35	146,145,103,102,139,99,139,125,134,193	266	75
2356	2,9,6,12,1,5,4,9,7,8	99,120,110,111,92,109,129,112,98,132	5,7,1,2,4,3,8,8,12,2	117,101,97,100,113,111,112,114,118,106	284	75
2357	5,5,1,5,5,3,1,2,4,0	11,22,16,12,10,10,5,9,10,13	6,1,4,3,0,3,3,5,4,4	7,21,8,14,7,11,8,7,15,9	1369	75
2358	2,2,1,7,4,4,3,1,1,2	5,17,17,10,11,10,12,6,6,12	2,1,1,1,6,3,4,2,4,7	9,13,12,14,9,10,17,19,10,14	1273	75
2360	19,42,20,39,18,27,20,17,15,18	17,8,22,12,8,10,9,11,15,17	20,32,25,30,21,20,34,26,28,30	11,7,13,12,20,14,9,2,15,11	1480	75
2361	5,9,6,11,8,7,3,2,10,4	16,15,17,16,9,19,17,17,14,13	3,3,3,9,7,4,11,5,10,7	9,9,10,15,9,9,11,8,10,18	320	75
2362	60,41,47,46,48,40,33,37,52,42	0,0,0,1,0,0,0,0,1,1	42,34,28,44,41,40,36,40,44,35	0,0,0,0,0,0,0,2,0,0	541	75
2363	5,3,6,2,3,0,4,2,0,2	0,1,0,0,0,0,0,0,2,1	1,0,1,0,4,1,2,2,2,1	1,1,0,0,0,0,0,1,2,0	1379	75
2364	2,3,2,0,3,0,1,1,0,3	8,5,13,6,5,2,4,3,3,5	1,0,5,1,1,6,3,3,1,0	12,3,6,2,9,9,6,6,4,0	1074	75
2365	12,5,12,14,8,9,9,10,4,9	71,76,77,71,59,81,67,76,76,84	10,3,2,5,6,5,11,8,24,21	71,60,66,67,61,87,100,55,62,68	264	75
2366	44,39,44,45,36,46,44,48,47,48	0,0,0,0,0,0,2,1,0,0	40,27,42,35,33,27,52,42,61,81	0,0,1,0,0,1,0,2,0,0	608	75
2367	0,5,6,6,2,3,3,4,4,5	95,117,92,111,90,111,78,109,94,101	8,1,3,6,3,2,6,5,9,7	70,101,93,84,93,87,99,85,112,125	299	75
2368	0,1,0,0,1,0,0,0,0,0	16,12,15,14,15,12,7,12,15,15	0,0,2,3,0,0,1,0,0,3	11,9,9,17,12,10,18,14,12,13	237	75
2369	10,10,13,6,18,18,10,10,20,13	54,46,50,56,49,41,35,55,46,43	16,13,9,7,8,6,8,9,11,12	40,48,39,47,53,38,59,47,49,42	1623	75
2370	41,33,41,51,42,45,45,43,36,44	5,1,15,13,9,3,9,8,6,6	53,29,31,30,46,20,40,30,39,50	14,6,7,7,10,12,4,7,6,12	885	75
2371	2,2,2,1,2,1,1,1,4,2	35,40,25,26,21,22,24,20,28,36	0,0,1,1,1,0,3,1,1,6	28,28,22,30,33,25,44,31,39,35	319	75
2372	3,2,3,2,4,1,3,6,4,4	13,12,16,25,21,20,14,26,13,13	1,1,5,3,4,3,5,2,3,9	19,20,19,16,28,22,25,15,19,18	322	75
2373	13,7,15,10,5,8,4,9,6,14	61,85,69,72,62,73,58,67,77,80	9,3,5,10,6,9,4,7,15,17	78,63,62,54,64,58,77,65,66,58	365	75
2374	42,32,31,57,41,54,38,43,47,46	38,52,57,46,39,43,31,34,35,59	47,36,40,41,46,45,48,39,51,47	59,46,35,34,35,50,52,44,51,54	159	75
2375	2,0,0,0,1,1,3,0,3,0	1,0,1,1,1,2,1,2,1,0	2,0,0,0,0,0,0,1,0,2	1,0,1,0,0,1,0,0,1,0	456	75
2376	4,2,5,5,3,0,3,1,2,1	1,1,1,2,0,2,0,0,1,1	5,2,1,2,0,5,3,3,4,4	1,1,0,0,0,0,1,0,0,0	218	75
2377	4,4,5,5,5,0,6,1,3,5	30,48,31,29,24,24,22,27,29,27	7,3,1,3,2,5,4,5,7,4	31,42,25,31,22,24,31,39,31,29	309	75
2378	5,6,7,7,7,2,6,3,3,5	1,0,0,1,2,0,0,2,2,2	7,3,3,4,3,5,5,6,9,5	3,0,7,2,0,0,2,2,1,7	550	75
2379	1,2,2,2,2,2,0,2,1,0	17,8,6,15,11,14,6,15,7,7	0,0,2,1,1,0,1,1,2,1	11,12,15,18,13,12,14,16,7,12	268	75
2380	52,45,62,88,71,34,47,50,48,55	0,2,1,2,0,1,1,0,0,0	50,40,45,54,47,44,65,50,52,48	0,0,1,0,0,0,0,0,0,0	667	75
2381	0,1,0,0,0,0,0,0,0,0	13,15,19,21,16,15,25,18,16,13	0,0,0,0,0,0,1,0,0,0	23,16,20,30,17,18,23,15,14,12	420	75
2382	11,10,4,11,5,2,5,7,10,4	4,6,3,6,3,4,5,4,1,4	1,1,3,10,5,2,5,4,6,13	6,5,4,3,6,6,5,3,5,3	263	75
2383	3,0,4,3,2,1,1,3,4,4	0,0,0,0,2,0,0,0,1,2	4,1,1,0,1,4,1,0,1,5	0,0,0,0,0,1,0,0,2,1	170	75
2384	3,0,4,3,2,1,1,3,4,4	8,11,5,8,7,4,9,8,5,5	4,1,1,0,1,4,1,0,1,5	9,8,0,9,8,2,12,3,7,9	168	75
2385	1,1,0,2,1,0,1,0,2,1	2,2,0,1,2,0,0,1,2,2	2,0,4,1,0,0,1,0,0,1	2,1,1,0,2,1,1,0,1,2	732	75
2386	1,1,2,6,2,5,4,3,5,4	1703,2115,2007,2093,1964,2151,1800,1867,1723,2076	1,2,2,4,4,5,5,1,3,4	2053,1953,1751,2029,1948,1905,2160,1907,2165,1908	159	75
2387	1,2,2,2,0,2,0,4,4,2	11,23,20,27,23,31,25,15,21,23	0,4,1,4,0,5,6,1,5,1	20,26,19,25,22,16,27,14,23,17	215	75
2388	0,0,0,0,1,0,0,0,0,2	6,10,8,13,11,7,13,7,7,13	1,0,0,0,0,0,0,0,0,0	10,12,6,11,13,17,6,15,9,2	367	75
2389	1,2,0,1,1,2,1,0,0,0	11,14,10,24,11,10,14,10,12,14	0,1,2,0,0,0,1,0,1,0	18,10,9,11,17,13,11,13,7,8	202	75
2392	833,920,897,951,772,1049,780,929,915,1016	1,0,0,0,0,0,0,0,1,0	897,874,947,963,966,932,1003,874,1046,1153	0,0,1,1,0,0,0,1,0,3	666	75
2393	4,9,8,6,8,6,7,5,4,16	0,0,0,0,0,0,0,0,0,0	4,13,5,8,9,8,8,4,13,8	3,0,0,0,0,0,0,0,1,0	1153	75
2394	19,18,13,8,13,9,12,12,13,26	17,8,26,19,12,16,10,12,12,16	10,10,7,15,12,13,6,17,9,10	4,13,18,11,10,9,17,10,8,10	253	75
2396	6,2,3,7,0,3,2,4,3,1	18,30,28,32,28,21,22,27,16,31	4,3,0,1,7,1,2,2,11,13	32,24,26,19,27,26,27,25,29,34	316	75
2397	71,78,72,80,81,69,69,84,67,84	134,143,104,123,146,118,121,107,134,135	68,66,61,61,69,72,100,64,88,104	128,140,140,116,134,135,134,113,121,123	1706	75
2399	55,43,50,53,36,33,37,50,39,55	2,6,6,7,7,7,5,4,2,5	45,31,16,43,44,14,54,32,70,62	7,7,7,9,5,8,3,7,10,9	1596	75
2400	4,2,2,7,0,4,2,4,1,4	16,17,10,18,6,13,14,15,15,15	5,0,2,1,9,2,5,1,7,11	17,9,3,11,17,11,14,11,14,10	507	75
2401	10,5,6,9,1,13,2,8,6,4	6,9,11,10,10,9,14,8,11,20	7,9,2,2,8,2,7,5,8,9	14,16,7,15,13,16,14,7,5,5	317	75
2402	2,0,2,0,0,2,1,3,0,2	9,8,10,10,4,3,4,7,5,14	3,0,3,1,0,2,1,1,1,0	7,8,7,6,5,2,5,4,4,6	151	75
2404	1,0,2,1,1,0,0,0,1,0	69,55,65,65,67,40,43,39,33,65	0,1,0,0,2,0,0,0,0,1	66,57,65,70,69,39,59,44,49,32	498	75
2405	1,0,0,3,0,0,0,2,0,0	1,0,0,0,0,0,0,0,0,0	2,1,0,0,0,0,3,1,0,1	2,1,0,0,0,1,1,1,0,1	1640	75
2406	39,29,60,51,36,50,29,38,45,48	11,8,13,8,10,14,5,9,10,9	36,31,40,29,52,27,42,43,45,57	12,2,9,6,8,11,5,4,10,11	2271	75
2407	57,48,74,74,51,73,42,61,62,74	0,0,0,0,0,0,1,0,0,0	57,54,57,51,73,40,59,53,54,74	0,0,1,0,0,0,0,0,0,0	2370	75
2411	1,1,0,2,1,1,0,0,0,1	0,0,0,1,0,0,0,0,0,0	1,0,1,1,1,4,1,1,1,2	0,0,0,1,0,0,1,0,0,1	428	75
2414	11,4,4,5,5,4,8,7,6,5	23,18,23,17,28,22,15,23,28,20	8,2,2,7,14,7,5,1,6,11	9,19,16,28,23,20,11,18,24,11	2007	75
2416	0,1,0,0,1,2,6,1,0,0	51,45,47,61,41,45,29,41,38,31	1,3,1,1,1,0,2,0,0,0	39,32,45,49,46,40,37,41,40,34	2339	75
2417	5,4,5,9,1,2,6,4,2,7	29,33,25,30,17,26,23,33,24,35	5,3,0,2,11,1,3,1,6,8	27,29,17,20,35,19,23,22,21,40	394	75
2418	8,12,16,10,13,8,8,7,10,6	35,59,48,49,46,48,35,46,39,48	11,7,2,8,13,4,5,8,11,19	51,47,41,44,63,46,54,60,47,55	289	75
2419	3,5,7,3,8,4,4,3,3,3	0,0,0,1,0,0,0,0,0,1	6,5,2,6,11,2,4,0,6,11	1,0,1,0,0,0,1,0,0,0	190	75
2420	1,2,1,1,0,0,0,0,1,3	5,8,2,7,6,4,2,4,11,4	5,1,1,0,2,0,0,1,0,1	13,6,5,1,4,5,6,5,9,6	333	75
2421	0,0,1,0,0,0,1,0,0,1	19,14,19,18,16,17,15,19,17,19	0,0,0,0,0,0,0,0,2,0	16,18,20,11,20,20,16,11,16,10	150	75
2422	39,38,27,47,27,22,24,31,24,28	25,32,41,42,29,22,20,31,21,24	29,27,11,5,28,13,27,15,45,38	25,26,27,34,29,36,31,20,29,30	1798	75
2423	8,7,4,8,5,4,4,7,11,9	16,21,24,21,9,15,16,16,17,28	7,2,3,6,7,7,8,6,9,11	18,10,18,12,13,13,20,12,16,12	977	75
2424	5,4,3,5,5,3,5,5,1,3	23,38,35,36,47,20,29,35,21,30	2,1,3,3,6,2,0,3,1,4	34,35,29,38,37,29,31,28,22,21	1545	75
2425	68,68,79,92,64,43,54,62,63,86	0,1,0,0,3,0,0,0,0,3	87,65,67,65,79,81,80,66,55,47	0,0,2,0,2,0,1,0,0,1	201	75
2426	51,61,60,76,54,31,48,40,50,47	0,0,0,0,0,0,0,1,0,0	55,51,62,48,81,61,70,37,45,28	0,0,0,0,0,0,0,0,0,0	183	75
2427	98,121,114,132,107,64,72,77,97,93	0,0,1,0,0,0,0,0,0,0	93,95,115,99,136,108,124,87,82,56	0,0,0,0,0,0,0,0,0,1	306	75
2428	13,19,28,27,31,10,29,25,33,22	142,197,136,150,180,150,134,146,144,171	13,9,8,19,17,9,23,29,25,51	183,164,157,178,159,136,173,193,165,146	344	75
2429	1,2,3,1,4,0,0,1,2,4	6,6,10,8,11,8,11,14,8,9	4,1,2,2,3,1,2,4,6,3	12,17,11,9,4,3,11,0,7,11	153	75
2430	3,9,5,13,4,6,3,7,3,7	25,29,31,20,25,24,26,25,23,25	5,3,5,7,6,8,11,8,7,7	22,22,27,16,28,23,35,24,37,18	445	75
2431	11,13,14,16,12,9,14,10,16,21	135,168,133,190,144,51,104,108,102,104	11,5,13,8,15,5,13,5,16,17	172,149,124,122,165,138,165,103,88,40	1079	75
2432	0,1,2,1,0,2,2,0,4,1	21,16,33,19,14,17,10,29,15,19	0,1,1,0,5,0,2,0,1,1	18,14,9,2,22,11,23,10,17,22	1101	75
2434	1,2,1,0,0,2,1,1,2,1	4,0,2,1,2,2,1,3,2,1	1,0,1,3,2,1,2,0,0,0	5,0,2,2,2,3,3,1,1,2	247	75
2435	0,1,1,0,1,0,2,1,1,2	1,5,7,4,6,3,3,10,3,7	0,0,2,1,1,0,1,0,2,0	7,1,2,7,2,3,3,2,4,3	161	75
2436	2,3,4,4,2,4,3,5,1,5	0,0,0,1,0,0,0,0,1,0	5,5,1,2,6,0,3,0,4,10	0,0,0,0,1,0,1,0,0,0	1988	75
2437	40,53,45,36,44,13,23,28,22,28	1,2,1,3,2,2,2,0,0,5	44,33,44,27,54,39,40,23,22,43	0,0,1,2,1,2,1,1,5,0	257	75
2440	2,1,2,0,1,6,4,1,0,0	0,0,0,0,0,0,0,0,0,0	0,0,0,4,1,3,0,7,1,7	0,0,0,0,1,0,0,0,0,0	302	75
2441	0,3,0,3,2,1,1,1,0,1	123,135,138,163,110,112,119,143,135,124	2,2,1,1,1,2,1,2,0,2	147,140,131,159,132,137,141,122,139,178	161	75
2442	19,5,12,8,4,9,9,12,9,3	16,20,19,29,22,32,13,17,31,30	12,6,9,6,11,4,10,4,10,17	17,25,19,18,36,24,39,18,36,23	2738	75
2443	30,27,39,37,34,35,37,37,41,49	0,0,0,1,0,0,0,0,0,0	61,29,52,27,50,41,34,39,50,44	1,0,0,0,0,0,0,1,1,0	1379	75
2445	5,1,2,3,0,3,0,1,4,2	0,2,1,2,2,0,3,2,3,1	3,0,2,2,3,0,1,3,0,1	2,0,4,1,0,0,1,1,2,2	183	75
2448	3,0,3,10,4,3,2,6,4,4	383,452,382,442,390,313,299,335,326,377	4,0,0,2,3,0,3,2,2,5	354,340,433,415,386,404,420,367,381,386	567	75
2449	1,0,3,1,1,1,3,2,1,1	500,496,622,541,441,489,436,474,492,536	0,0,2,2,2,1,2,2,2,3	539,469,541,543,529,558,609,498,486,568	164	75
2451	6,4,2,9,3,3,5,6,1,0	44,32,39,43,41,48,28,36,35,49	1,4,0,4,1,3,7,1,5,5	28,29,24,47,38,36,36,43,35,51	145	75
2452	2,0,0,2,0,0,2,1,1,2	30,41,47,35,34,52,35,41,37,43	0,1,1,1,1,0,2,2,2,3	37,44,47,42,44,29,36,38,42,43	147	75
2453	3,0,2,2,1,2,5,6,4,2	29,22,23,27,36,30,23,37,20,35	4,1,3,3,3,6,2,1,5,4	37,38,20,24,20,27,24,32,23,42	141	75
2454	2,2,1,0,1,1,1,3,0,0	23,35,27,27,25,23,35,31,30,33	3,0,1,0,1,0,0,1,0,2	27,31,27,27,19,31,22,21,39,41	154	75
2455	0,0,1,1,2,0,0,0,1,2	38,33,31,36,33,50,32,36,35,36	1,1,2,0,2,0,3,0,2,1	38,36,34,39,36,30,37,27,59,45	148	75
2456	0,1,2,0,1,1,2,1,2,0	35,33,48,45,29,32,30,34,36,38	1,2,1,0,1,0,0,1,2,3	26,37,28,45,35,32,40,35,37,25	148	75
2458	1,0,1,0,2,1,0,1,0,0	26,20,30,27,28,21,25,29,21,27	0,0,0,0,0,0,0,1,0,2	32,34,25,27,27,23,45,27,33,28	152	75
2459	1,1,0,2,1,1,0,0,0,2	31,48,35,38,42,14,24,36,35,33	0,1,0,1,1,0,0,0,1,3	40,29,32,26,31,30,41,26,27,30	151	75
2460	16,18,17,26,22,19,14,20,21,23	175,197,196,204,187,125,127,147,151,195	23,13,12,22,31,12,15,18,33,27	215,152,175,142,183,166,196,159,147,92	1151	75
2461	103,104,103,115,90,87,92,104,99,111	1,0,0,0,0,0,0,0,0,0	127,96,88,87,116,86,113,101,110,115	0,0,0,0,0,0,0,0,0,0	2449	75
2462	0,2,1,2,2,6,2,3,2,4	238,268,258,235,251,260,219,228,255,279	2,1,1,1,4,1,2,1,5,3	222,252,213,266,267,245,269,234,271,296	1105	75
2463	1,1,5,6,7,3,2,12,7,1	327,371,286,343,302,424,327,313,317,423	5,4,7,3,3,2,0,1,3,9	324,318,305,328,334,324,364,315,395,307	738	75
2464	8,14,15,9,8,5,5,4,5,12	291,304,349,309,264,305,298,279,308,283	12,9,1,9,9,6,6,6,5,11	274,260,264,317,319,310,290,278,302,331	219	75
2465	5,12,12,8,6,4,4,4,5,11	94,116,94,83,83,69,87,66,81,94	11,8,1,8,8,6,6,6,4,9	91,68,77,60,90,70,91,69,107,93	216	75
2466	2,1,1,0,4,1,2,1,0,0	298,282,288,272,235,242,257,268,249,285	4,0,0,0,2,2,3,2,3,3	231,254,243,235,277,258,285,235,255,268	173	75
2467	35,43,45,56,38,47,58,38,52,51	196,197,209,213,170,200,196,175,205,208	44,26,28,29,56,43,55,51,51,48	200,186,173,204,206,214,248,197,209,213	194	75
2468	1,3,5,3,6,1,2,2,2,6	11,11,12,16,16,7,8,11,11,12	4,3,5,4,6,3,4,1,1,3	17,10,11,9,16,16,19,16,13,16	424	75
2469	1,2,3,3,4,1,2,1,1,6	0,0,1,1,0,0,0,0,0,0	3,3,4,3,5,2,4,1,1,3	0,0,1,0,0,0,0,0,2,0	382	75
2470	4,0,0,1,0,1,0,2,1,0	9,22,18,13,14,9,10,8,13,14	0,0,0,0,4,1,2,1,2,2	13,12,15,17,19,17,15,19,23,15	166	75
2471	7,6,1,2,5,2,6,4,5,9	19,16,10,15,15,14,11,14,9,13	6,5,3,3,6,7,6,3,12,6	19,15,20,6,11,10,18,16,23,15	170	75
2473	101,135,129,160,134,118,106,103,93,148	0,1,0,1,0,1,0,1,0,0	111,111,127,115,124,130,132,92,145,118	5,2,2,1,0,0,3,0,3,2	173	75
2476	6,7,9,11,10,12,5,9,10,6	29,29,23,20,19,16,11,30,25,50	6,12,3,12,5,8,13,4,7,11	21,18,17,20,18,25,20,18,36,28	520	75
2477	126,128,111,118,120,154,110,143,127,154	0,0,0,1,0,0,0,0,0,1	132,125,129,142,171,130,139,119,154,158	2,3,1,0,1,2,0,0,1,0	204	75
2479	15,25,19,21,13,19,12,20,18,28	35,44,45,37,38,18,39,48,40,57	22,16,15,14,18,24,19,14,13,17	38,34,41,34,43,40,31,41,60,44	260	75
2480	0,0,0,0,0,0,2,0,0,0	4,2,3,2,3,1,5,3,0,2	0,0,0,0,0,0,0,0,0,0	6,2,3,3,6,2,4,1,0,1	496	75
2481	75,61,70,66,65,43,63,61,78,70	4,6,1,1,5,1,2,1,3,0	91,64,67,65,98,76,67,63,63,62	4,4,1,4,6,1,7,5,2,1	207	75
2482	13,17,13,30,16,27,8,16,11,23	30,35,36,36,32,21,23,21,29,37	14,13,6,7,33,0,10,6,21,17	21,35,31,41,31,30,25,23,25,32	1176	75
2483	2,1,2,0,3,1,3,1,1,0	43,38,39,48,38,24,26,28,36,30	1,1,1,1,1,1,0,1,1,0	26,34,33,31,32,37,48,25,31,35	262	75
2484	9,9,28,13,3,3,16,10,12,7	37,29,28,22,22,26,31,24,19,25	10,9,11,15,11,8,13,8,11,11	30,22,26,14,33,30,28,20,23,22	559	75
2485	23,19,15,33,17,19,29,20,16,14	3,4,4,4,2,5,1,5,2,4	27,11,13,22,23,18,15,18,16,22	6,3,4,6,3,2,5,0,3,1	1993	75
2486	7,10,17,6,9,6,5,11,5,10	1,0,0,0,0,0,0,0,0,1	17,5,9,8,10,4,7,3,12,8	1,0,0,0,0,0,0,1,1,0	1101	75
2487	13,13,25,9,15,11,7,17,9,18	2,0,0,1,3,0,0,1,1,0	24,11,11,12,13,7,10,5,17,10	0,0,1,0,0,0,0,1,1,0	1207	75
2489	0,0,0,0,0,0,0,0,0,0	68,92,77,83,57,58,50,49,64,67	1,0,0,0,0,1,0,0,0,0	66,79,57,103,48,47,72,86,77,56	307	75
2491	0,4,2,1,3,2,1,3,1,4	484,706,670,746,648,340,434,504,546,563	0,2,2,3,6,2,5,0,3,6	636,525,525,553,689,641,718,531,444,308	154	75
2493	0,0,0,0,0,1,0,0,0,0	0,2,1,0,1,1,1,1,0,1	0,1,0,0,0,0,0,1,1,0	1,1,0,0,0,0,1,0,0,1	207	75
2494	0,0,0,0,0,0,0,0,0,0	1,3,4,1,3,2,1,4,1,3	0,0,0,0,0,0,0,0,0,1	0,3,4,2,0,1,2,3,2,3	320	75
2496	3,4,4,11,8,9,4,3,4,4	1,2,0,1,0,4,0,3,2,1	5,1,4,2,3,2,0,1,8,3	3,0,0,0,1,0,0,0,0,1	735	75
2497	0,0,0,0,0,0,0,0,0,0	0,2,0,0,2,1,5,2,4,3	1,0,1,0,0,0,0,0,0,0	1,3,5,0,3,1,3,1,1,4	176	75
2498	170,131,159,202,129,110,111,116,130,125	129,188,165,146,130,146,119,137,125,133	152,130,86,105,146,89,110,94,122,124	155,115,119,132,139,123,148,136,175,168	660	75
2499	7,10,7,5,5,2,4,7,6,1	114,122,112,106,96,71,98,117,119,91	7,7,1,0,13,12,4,3,5,1	93,71,60,114,103,87,124,90,93,71	328	75
2500	4,5,4,7,5,7,5,2,2,5	72,58,67,65,53,55,45,57,62,72	6,3,5,7,6,3,3,7,4,8	68,39,50,74,67,59,58,55,51,63	1022	75
2501	3,5,4,5,5,6,5,2,2,5	1,2,0,1,0,0,0,0,1,1	4,3,5,7,6,2,3,6,4,5	3,0,0,1,2,2,2,1,0,1	1012	75
2502	67,55,89,90,51,60,83,62,84,100	115,110,150,122,107,77,99,97,112,114	103,57,60,44,74,65,57,56,99,83	142,100,127,109,127,89,122,115,97,92	386	75
2503	112,107,112,130,53,73,71,73,83,61	52,56,50,58,51,49,44,39,51,53	107,69,55,80,130,82,59,51,95,88	57,54,72,55,63,61,66,66,47,57	3375	75
2504	0,0,0,4,6,2,3,2,3,2	136,194,160,129,131,114,116,128,148,110	3,0,1,4,6,0,2,1,3,9	158,119,122,157,161,134,169,143,143,135	440	75
2505	12,12,10,11,9,2,5,3,5,8	3,2,2,7,5,8,3,10,2,8	5,9,6,8,14,11,12,9,5,3	5,7,4,4,4,3,3,3,3,2	147	75
2506	2,0,0,0,0,1,0,0,0,0	0,0,0,0,0,0,0,0,0,1	0,0,0,0,0,0,2,0,0,0	0,0,0,0,0,0,2,0,1,0	1454	75
2507	0,0,0,0,0,0,0,0,0,0	38,68,68,64,37,25,29,41,43,36	0,0,0,0,0,0,1,0,0,0	41,54,35,37,79,56,45,28,39,25	1049	75
2509	47,49,54,61,35,37,53,53,66,44	26,28,27,25,35,35,29,23,31,32	58,51,42,38,52,49,64,41,61,45	37,38,41,28,34,52,37,27,32,34	144	75
2512	9,5,5,3,4,1,2,5,3,3	0,0,0,0,0,0,0,0,0,0	7,1,7,1,8,6,6,2,4,2	0,0,1,0,0,0,1,0,0,0	983	75
2514	2,2,4,0,4,0,0,1,0,3	32,28,17,23,20,25,21,27,24,25	2,1,1,0,3,1,2,0,1,2	19,33,26,26,35,26,34,41,18,35	1838	75
2515	1,0,1,0,1,0,0,1,0,0	1,0,0,0,1,1,0,0,0,0	0,1,0,0,0,0,1,0,1,0	0,0,0,0,1,0,0,0,0,1	1538	75
2516	11,6,10,8,15,6,6,12,11,12	3,3,6,5,1,2,5,3,1,5	20,5,6,8,14,10,5,4,23,10	4,3,3,4,5,3,8,4,6,6	3655	75
2517	0,0,0,0,0,0,0,0,0,2	28,17,36,26,37,18,15,18,20,23	0,0,0,0,0,0,0,0,0,1	31,34,28,27,32,26,23,22,21,17	197	75
2518	5,4,4,11,11,7,3,6,5,1	24,28,33,27,20,20,29,22,32,32	11,4,0,1,2,3,1,1,5,4	21,39,29,25,31,27,35,32,20,29	1460	75
2519	6,2,1,1,1,3,1,4,3,1	82,82,93,116,66,81,71,89,80,113	3,2,3,3,7,3,2,1,6,4	64,95,86,95,92,95,87,70,98,100	346	75
2520	1,0,0,0,0,0,0,0,0,0	26,27,27,36,35,24,39,23,22,40	0,1,0,0,2,0,0,1,2,1	25,42,22,29,34,35,33,25,39,35	660	75
2521	30,19,27,25,16,24,32,23,21,18	7,13,6,12,20,16,7,14,13,15	27,13,18,19,21,11,15,17,29,45	13,20,17,14,19,13,18,19,11,25	618	75
2522	0,2,0,0,1,0,0,0,0,0	26,33,25,31,34,27,26,23,29,23	0,0,0,0,1,1,1,1,0,1	37,30,33,35,33,33,38,25,41,29	849	75
2523	4,3,3,0,0,1,1,2,4,3	2,3,6,1,2,1,0,0,0,2	2,3,1,0,4,1,4,5,2,3	1,2,4,5,4,3,2,1,2,5	243	75
2524	7,5,3,4,4,3,8,6,5,4	33,54,31,31,21,32,21,30,29,34	10,3,4,5,7,4,5,4,7,13	33,40,25,28,28,25,33,36,40,31	195	75
2525	6,4,3,4,4,3,8,6,4,4	0,1,0,0,0,1,0,0,0,0	10,3,4,5,7,4,5,3,7,13	0,0,0,0,0,0,0,0,1,0	188	75
2526	3,2,0,5,1,1,1,1,4,4	2,2,2,1,2,1,1,2,2,3	6,3,0,3,1,4,1,0,1,1	2,4,0,1,2,1,0,1,3,4	1511	75
2527	17,18,12,24,19,21,13,13,19,26	34,61,65,77,43,70,51,51,54,72	21,19,14,9,20,16,21,13,19,29	62,67,65,48,40,49,56,44,70,66	353	75
2529	323,342,295,350,302,293,267,288,268,253	0,0,0,0,0,1,0,0,1,2	321,282,249,272,340,277,302,208,334,290	1,1,0,0,1,0,0,1,0,0	2569	75
2530	0,0,0,0,0,1,1,0,0,0	12,6,7,6,8,6,8,9,4,9	0,0,0,0,0,0,1,0,0,0	4,6,7,12,7,4,16,5,5,3	163	75
2531	6,5,10,11,4,8,5,9,4,5	14,15,24,24,15,12,18,18,15,19	6,6,0,1,7,3,5,5,7,9	19,19,17,13,7,20,21,15,12,13	1465	75
2532	22,33,18,26,18,8,30,20,16,29	78,81,84,105,89,56,57,74,66,72	24,7,18,21,20,13,18,13,17,13	87,84,65,97,88,86,93,63,63,59	952	75
2533	6,3,3,3,3,2,4,3,3,6	87,77,71,81,71,73,71,54,68,69	4,1,3,5,5,1,3,4,3,4	89,79,83,57,89,81,79,72,67,87	187	75
2534	3,1,4,4,0,0,0,1,0,0	97,125,123,103,95,77,70,90,88,102	2,2,0,0,0,1,0,1,1,0	135,84,86,102,120,112,115,107,97,76	468	75
2535	24,21,19,25,16,28,15,14,22,29	115,136,173,117,131,121,112,122,102,154	26,11,11,19,43,9,26,7,33,22	131,121,105,112,112,115,124,100,129,106	876	75
2536	23,26,22,33,20,14,15,14,19,19	0,2,1,1,1,0,0,0,2,0	26,25,11,18,33,14,21,15,21,10	0,0,4,0,0,2,0,2,4,1	199	75
2537	1,5,3,9,1,8,6,3,5,5	1,0,1,0,1,0,1,1,0,0	2,3,2,0,3,5,1,0,5,3	0,1,0,0,2,0,0,0,1,1	1029	75
2538	1,4,0,1,1,0,0,0,0,2	3,2,2,3,6,3,1,0,4,1	0,0,0,1,0,0,4,1,1,1	2,3,0,3,5,4,3,2,2,6	789	75
2539	103,109,110,149,91,90,114,117,100,109	65,66,45,74,80,48,45,50,74,79	122,80,70,94,115,75,110,101,127,165	46,50,71,65,62,59,74,78,61,73	949	75
2540	1,4,7,4,6,7,4,3,6,5	64,72,79,68,67,52,50,56,53,63	6,4,2,7,2,0,2,2,4,5	73,53,63,67,79,65,57,53,67,55	152	75
2542	12,11,4,7,6,7,5,16,11,9	2,0,0,0,0,0,0,0,0,1	11,7,4,6,8,3,14,8,6,12	0,0,0,0,0,0,0,0,0,0	1458	75
2543	73,54,67,86,56,73,60,69,49,76	215,221,291,302,288,191,259,224,282,420	72,61,52,81,88,51,55,52,97,90	317,285,199,186,267,240,287,195,164,217	700	75
2544	0,0,0,1,0,2,0,1,0,2	24,29,28,30,21,14,19,13,27,26	0,0,0,0,0,0,1,0,0,2	34,18,26,22,39,14,21,23,21,9	1904	75
2545	0,2,0,0,0,2,0,0,0,0	0,1,0,0,0,2,0,0,2,0	0,0,0,0,0,0,0,0,0,0	2,0,0,0,0,1,0,1,0,2	593	75
2547	5,10,10,5,5,9,5,2,8,2	41,49,57,47,54,61,46,58,42,52	7,2,13,5,4,5,7,4,9,9	43,44,41,43,56,39,54,44,64,66	280	75
2548	0,1,0,0,0,0,1,0,0,0	27,51,41,57,45,40,30,38,41,52	1,1,1,0,0,0,0,0,0,0	48,42,34,29,43,38,61,48,57,49	164	75
2550	0,0,2,1,1,0,1,0,1,1	59,69,68,61,62,56,44,52,38,76	0,1,2,0,4,0,0,1,0,2	62,65,57,66,55,58,70,51,72,77	344	75
2551	1,1,4,4,2,0,3,4,1,2	29,59,64,62,61,43,39,37,42,60	2,2,1,3,3,4,4,0,2,5	53,43,50,37,68,49,61,43,75,52	448	75
2552	1,0,0,0,0,0,0,3,1,0	20,14,18,25,17,12,24,19,18,15	0,0,0,0,0,2,0,0,1,0	16,14,27,16,24,22,12,18,30,24	1682	75
2554	0,0,0,0,0,0,0,0,0,0	1,1,0,1,2,2,0,2,0,2	1,0,0,0,0,0,0,0,0,1	2,1,0,0,0,1,2,2,4,0	162	75
2555	1,0,0,0,0,0,0,0,0,0	0,0,0,0,1,0,0,0,0,0	0,0,0,1,0,0,0,0,0,0	0,0,0,0,0,0,0,0,0,0	227	75
2556	30,33,25,36,27,22,32,24,27,20	49,47,48,47,34,60,53,45,32,55	28,30,14,25,29,26,41,23,21,28	44,57,43,45,45,58,54,41,52,53	2498	75
2557	22,34,39,33,25,28,13,37,26,24	95,150,121,124,145,139,103,111,105,112	44,19,25,20,26,23,32,24,46,34	126,140,110,115,123,111,160,119,142,139	1597	75
2558	118,132,136,149,123,98,131,116,115,147	0,0,0,1,0,0,0,0,0,0	127,105,142,119,174,148,166,118,106,106	0,0,0,0,0,0,0,3,0,0	516	75
2559	112,128,132,148,121,94,128,105,110,142	0,0,0,1,0,0,0,0,1,0	122,105,140,118,170,143,160,116,98,102	0,1,1,0,1,1,2,0,0,0	377	75
2561	0,1,0,0,0,0,0,0,1,0	11,8,5,6,1,9,5,2,9,5	0,0,0,0,0,0,0,0,0,0	2,3,9,1,6,5,5,2,2,3	237	75
2562	1,2,5,1,1,1,0,1,0,4	11,5,3,13,8,17,5,12,14,9	2,2,0,1,5,1,0,1,1,7	8,8,9,13,11,10,12,12,14,19	1075	75
2564	0,1,1,2,1,1,1,0,1,0	11,14,15,17,9,9,11,14,6,10	1,0,1,1,2,0,0,0,0,0	11,10,7,6,7,7,13,3,7,15	172	75
2565	28,15,12,18,24,19,19,11,12,30	14,10,11,16,9,7,8,10,14,8	22,12,11,17,19,6,12,13,18,38	12,9,4,13,11,17,11,9,14,14	1002	75
2566	15,17,22,22,15,13,15,16,11,20	7,16,10,12,16,6,8,7,4,15	31,12,15,5,23,6,16,21,23,34	22,14,11,3,8,7,13,10,9,13	369	75
2567	14,17,22,22,13,13,15,15,10,18	0,0,0,0,0,0,0,0,0,0	30,12,12,5,22,6,16,21,22,32	0,0,0,0,0,0,1,1,0,0	350	75
2570	12,6,2,14,9,2,8,3,5,7	84,72,71,57,59,55,64,53,68,84	12,2,2,6,10,7,3,6,11,8	56,61,59,81,53,61,59,60,80,64	308	75
2572	5,8,15,17,17,12,8,10,7,8	41,68,55,68,70,45,37,44,54,61	12,13,12,11,23,16,16,14,17,12	55,69,55,51,85,63,77,51,44,36	1577	75
2573	46,40,35,40,40,35,43,34,33,41	4,2,3,4,3,2,1,2,2,3	47,25,29,25,41,32,43,43,29,38	3,0,0,2,2,3,2,1,1,3	155	75
2574	0,0,0,1,1,1,3,0,0,1	17,22,29,28,29,20,11,21,18,23	1,2,3,1,0,0,1,0,0,0	34,24,21,19,30,19,28,21,17,15	483	75
2575	4,2,4,2,1,1,4,1,3,5	0,2,0,4,0,0,3,1,1,1	9,1,0,4,4,4,2,0,0,2	1,1,0,0,0,0,0,5,1,2	986	75
2576	0,0,0,0,1,0,0,0,0,0	99,77,67,96,80,49,57,82,73,72	0,1,0,0,0,0,0,0,0,0	104,86,70,80,94,70,93,62,81,44	179	75
2577	0,0,1,1,0,0,1,1,0,0	111,112,109,131,131,67,80,102,100,122	0,0,0,0,0,0,1,0,1,1	156,93,116,117,81,102,123,100,104,58	921	75
2578	2,1,5,0,1,5,4,4,3,5	60,30,44,50,47,45,41,44,48,48	1,3,1,0,2,3,3,1,2,7	44,42,37,35,57,50,51,48,52,46	143	75
2579	9,9,8,11,12,3,9,3,5,10	93,78,108,88,82,81,97,107,85,102	10,8,7,8,10,6,6,3,10,11	99,98,101,88,114,101,104,80,109,114	173	75
2580	220,205,236,219,176,170,187,189,233,185	7,8,5,5,4,8,3,5,8,4	243,213,259,224,276,215,223,187,231,188	5,2,6,6,3,7,11,1,4,6	323	75
2581	13,8,19,11,3,8,8,10,14,14	0,0,0,1,0,0,0,0,0,0	15,15,15,17,16,16,5,10,16,14	0,0,0,0,0,0,0,0,0,0	144	75
2584	0,0,0,1,2,3,1,3,2,1	0,1,0,0,2,0,0,0,0,0	0,6,0,0,4,3,1,1,1,0	2,0,1,0,0,0,0,0,0,0	578	75
2585	199,239,255,278,248,187,210,200,209,318	29,21,28,41,41,27,22,25,25,29	244,254,250,239,274,264,270,241,286,236	36,38,26,27,25,26,20,24,32,22	156	75
2588	7,9,6,5,4,8,11,6,5,6	10,7,10,9,10,7,8,3,5,4	6,4,3,4,6,2,4,2,5,6	5,4,10,11,6,9,5,4,5,5	1167	75
2589	0,0,0,0,0,0,0,0,0,0	5,12,17,6,12,7,9,7,14,12	0,0,0,0,0,0,0,0,1,0	16,15,2,7,9,8,10,7,4,3	176	75
2590	15,11,11,11,11,3,8,9,9,7	1,0,1,0,1,0,0,0,1,2	13,9,5,5,5,10,12,7,3,4	1,1,0,2,0,1,0,0,2,0	224	75
2591	10,8,11,25,8,7,9,3,6,9	2,0,3,2,0,0,1,3,2,1	8,11,12,10,2,5,13,2,6,4	2,4,1,0,0,3,1,1,2,1	141	75
2592	19,12,14,14,10,4,19,19,5,17	13,14,12,12,11,17,12,11,16,10	15,9,6,11,16,11,10,3,14,21	13,14,13,21,23,14,5,11,14,13	536	75
2593	4,1,3,3,5,0,3,1,1,4	5,15,14,15,12,16,12,4,12,11	1,3,3,5,5,1,3,4,13,4	15,9,9,12,14,8,11,19,19,20	1907	75
2594	0,0,0,0,0,0,0,0,0,0	11,11,6,4,7,7,5,8,6,10	0,1,0,2,1,0,0,1,0,0	8,7,6,4,10,13,16,4,5,2	1369	75
2598	0,0,0,1,0,0,0,0,0,0	19,29,25,24,14,15,18,26,18,22	1,0,0,0,0,0,0,0,1,1	20,17,15,18,24,13,20,16,15,20	159	75
2602	4,4,0,5,3,0,2,7,2,1	2,1,5,10,4,0,3,2,2,1	4,1,0,3,3,4,4,0,2,8	2,0,1,0,2,1,2,2,0,0	790	75
2603	130,147,139,177,159,125,118,152,145,156	2,0,2,1,0,1,0,2,1,0	148,113,123,112,179,148,117,133,129,109	3,3,1,0,5,4,0,1,2,1	169	75
2604	2,6,4,3,7,7,4,7,3,7	140,149,136,149,120,144,98,159,131,148	5,3,3,7,10,5,8,4,3,3	138,139,120,145,96,182,162,147,153,164	953	75
2605	11,9,13,14,9,6,9,14,16,19	152,139,138,140,122,139,141,161,148,174	19,9,17,12,11,19,10,11,22,14	155,159,139,174,121,151,174,147,179,152	158	75
2606	162,158,177,208,157,146,139,204,156,171	2,3,2,7,6,3,3,11,8,2	160,194,168,162,161,172,176,197,183,190	6,5,1,3,8,4,8,10,5,8	575	75
2607	5,1,2,7,1,2,8,3,11,7	28,19,36,20,31,21,26,24,29,39	4,2,1,3,2,1,8,1,7,3	43,24,22,32,23,29,39,24,33,40	801	75
2608	2,3,1,1,4,2,2,2,2,3	37,23,33,31,24,25,31,31,24,25	4,3,2,1,5,1,0,1,3,0	33,23,30,26,26,25,30,36,26,41	646	75
2609	17,13,21,22,12,11,8,13,15,14	0,1,0,1,1,0,0,0,0,0	9,12,10,16,15,10,15,5,25,13	0,0,0,0,0,0,0,0,0,0	4398	75
2610	0,3,1,0,2,1,5,2,1,0	24,24,39,42,29,38,22,45,34,43	1,3,0,2,2,0,0,0,4,1	29,31,27,42,18,36,37,28,40,38	328	75
2611	38,57,57,76,35,42,38,47,46,51	8,10,12,11,10,15,12,13,10,11	53,31,33,37,70,43,46,23,59,58	11,7,8,9,8,19,20,11,13,11	1764	75
2612	0,0,1,0,0,0,0,0,0,0	0,0,0,0,0,0,0,0,1,1	0,0,1,0,1,0,0,0,0,0	0,0,0,0,0,0,0,0,0,0	429	75
2614	18,2,9,17,14,9,9,10,18,3	19,20,19,26,32,26,15,32,22,33	13,6,13,6,12,11,8,10,11,9	28,21,18,19,30,24,29,40,33,15	463	75
2615	3,7,2,7,4,1,0,4,1,2	34,29,33,30,24,33,22,25,27,34	4,4,1,1,2,2,5,3,5,2	39,25,15,32,22,25,28,19,36,41	149	75
2616	3,2,4,4,2,2,5,8,0,4	0,0,0,0,0,0,0,0,0,0	3,1,2,1,3,1,2,3,2,4	0,0,0,1,0,0,0,0,0,0	187	75
2617	2,1,1,0,1,0,0,1,2,0	2,5,4,3,3,2,2,4,6,5	2,1,0,3,2,1,4,1,1,0	5,4,6,7,6,9,6,3,6,3	1295	75
2618	0,1,0,1,1,0,0,0,0,0	843,872,741,799,689,883,802,829,878,892	0,0,0,0,1,0,0,1,1,1	870,757,727,806,868,875,890,834,895,905	290	75
2619	6,10,5,5,6,3,7,6,8,7	62,55,59,44,59,62,46,58,52,80	5,4,4,10,6,9,7,6,10,5	52,59,54,59,62,46,59,51,66,91	615	75
2620	4,2,5,5,1,1,6,7,2,2	38,29,39,35,27,37,32,32,33,35	7,4,2,5,0,1,6,2,8,10	35,19,30,31,33,35,43,20,38,37	675	75
2621	0,2,3,3,1,1,0,3,2,1	32,30,35,26,25,21,27,26,19,37	3,3,2,2,2,0,4,2,3,2	31,25,20,27,26,30,33,26,40,42	161	75
2622	88,88,85,103,90,65,50,82,51,77	13,9,9,15,10,10,7,6,9,5	94,54,39,67,102,39,69,47,85,65	10,4,5,13,11,10,14,4,5,11	1530	75
2623	90,91,90,109,94,70,57,84,52,80	1,0,0,0,0,0,0,0,0,0	95,57,42,70,106,40,72,48,88,70	0,0,0,0,0,0,1,0,0,0	1556	75
2624	104,103,105,126,109,80,61,90,66,84	2,3,4,2,6,1,2,9,5,4	101,63,45,77,116,44,75,56,99,87	2,5,3,1,1,4,4,3,2,8	1605	75
2625	104,103,105,127,110,80,63,91,66,84	2,0,6,3,2,0,0,4,2,0	101,63,45,77,116,44,75,57,99,87	0,1,1,1,2,3,2,2,0,5	1608	75
2627	4,1,4,4,3,5,6,0,3,1	12,7,16,14,14,19,17,12,17,24	6,0,4,2,1,2,1,1,3,5	18,14,22,12,16,21,18,5,13,11	750	75
2628	0,0,0,1,3,0,0,1,1,1	0,0,0,0,1,0,0,1,0,0	0,0,0,1,0,0,1,1,0,1	1,0,0,0,0,0,0,0,0,0	474	75
2629	2,7,12,1,6,6,5,2,6,3	39,33,25,36,42,25,20,31,23,30	7,3,5,8,11,1,6,2,10,4	33,26,28,40,24,32,37,28,29,25	1502	75
2630	2,0,1,1,0,0,0,0,0,0	151,215,191,213,195,161,146,177,153,150	1,0,0,3,5,0,1,1,1,2	174,162,140,212,203,184,224,179,183,164	600	75
2631	3,0,3,5,0,3,3,1,2,7	19,28,21,27,19,11,13,17,12,16	4,3,0,2,6,2,0,1,4,0	25,15,14,14,18,18,28,18,13,15	571	75
2632	19,24,27,39,24,20,19,16,19,31	14,13,11,9,24,6,19,14,19,12	24,27,23,25,36,24,25,12,33,25	18,16,18,15,10,12,20,12,6,7	1402	75
2633	2,7,8,11,13,7,12,4,13,13	186,229,243,246,240,208,194,205,211,236	8,7,7,6,12,12,5,10,11,10	198,200,180,205,218,203,217,200,217,203	148	75
2634	3073,4156,3569,3562,3178,3796,3530,3617,3679,4082	120,145,155,128,108,124,120,126,170,152	3428,3147,3119,3754,3661,3922,3793,3914,3550,3627	129,103,143,146,131,166,171,130,126,133	225	75
2635	1,1,4,3,2,5,2,1,1,2	40,42,49,37,40,18,29,42,47,30	0,0,0,1,4,1,5,1,3,1	48,32,29,30,50,46,43,36,35,21	250	75
2636	13,12,11,11,3,6,6,2,5,4	82,85,83,93,74,51,73,72,75,74	4,6,1,8,8,5,6,5,7,4	85,51,78,89,87,93,85,78,67,48	851	75
2637	10,3,8,7,6,4,3,4,6,4	7,7,18,9,14,5,8,17,7,9	15,3,1,5,5,8,5,10,6,7	11,14,12,5,8,11,12,14,11,1	1288	75
2638	2,1,0,3,3,1,1,2,3,2	13,15,13,13,16,13,9,8,13,10	6,0,2,0,1,4,2,0,1,2	19,12,11,10,12,5,11,10,9,6	250	75
2639	2,1,0,1,2,0,0,1,1,1	0,0,1,2,1,0,0,1,1,0	2,0,1,0,0,1,0,0,1,1	1,0,1,2,1,1,1,2,0,0	226	75
2640	16,17,19,17,19,12,7,14,18,16	1,1,1,1,2,3,1,2,0,2	14,12,12,12,23,13,21,7,13,15	0,1,0,0,2,1,2,0,3,0	3130	75
2641	0,0,0,0,0,0,0,0,0,1	0,0,1,1,2,2,1,0,1,0	0,0,0,0,0,0,0,0,0,0	2,3,1,1,2,2,1,1,0,2	175	75
2642	0,0,0,0,2,0,0,0,0,0	0,0,0,2,1,0,2,0,0,0	2,0,0,0,0,0,1,0,0,2	1,2,2,0,2,1,2,0,0,2	152	75
2643	0,1,5,3,0,1,2,1,1,2	0,1,0,0,0,0,0,0,0,1	1,0,1,1,2,3,1,0,0,0	0,0,0,0,0,0,0,0,1,0	233	75
2644	0,0,0,0,0,0,0,0,0,1	0,0,0,1,0,0,0,1,1,0	0,0,0,0,0,0,0,0,0,0	1,0,1,0,2,1,1,0,0,1	175	75
2645	0,3,0,0,0,1,0,2,1,1	1,0,0,0,0,0,0,0,0,0	3,0,0,0,1,0,3,0,2,0	0,0,0,0,0,0,0,0,0,1	441	75
2646	0,2,0,0,0,0,0,1,0,0	0,0,2,1,2,1,0,0,1,0	1,0,0,0,0,0,0,0,2,0	0,0,0,2,0,0,2,0,0,0	404	75
2650	0,0,0,0,0,0,0,0,0,0	1,1,0,0,0,0,0,0,0,0	0,0,0,0,1,0,0,0,0,0	1,0,0,0,0,0,0,0,0,0	232	75
2655	3,0,0,4,2,1,2,1,1,2	17,20,12,15,10,15,8,17,11,19	2,1,2,3,4,1,0,0,3,1	17,20,14,13,17,19,13,27,21,6	651	75
2657	12,6,10,9,5,7,4,6,4,9	71,54,70,74,50,58,53,66,52,59	3,4,7,6,9,5,6,7,7,7	65,59,42,58,79,60,71,50,62,57	638	75
2658	49,33,45,59,48,40,30,39,28,45	0,0,3,3,2,0,0,1,2,1	46,37,29,47,36,43,51,34,47,40	0,1,1,1,1,1,0,1,0,0	415	75
2660	0,1,0,0,3,0,0,1,0,0	26,24,23,30,26,9,13,19,10,16	0,0,2,0,0,1,0,1,0,0	32,20,22,22,26,29,22,28,17,17	1436	75
2661	51,40,67,40,38,27,30,47,54,44	61,59,83,76,55,59,47,77,56,70	34,39,43,30,64,38,42,35,59,43	65,59,63,68,63,59,73,48,68,52	565	75
2662	5,3,1,0,0,2,1,2,4,2	17,11,17,9,12,10,9,13,10,17	2,2,0,1,2,4,0,1,0,2	16,11,11,12,14,12,22,14,10,7	161	75
2663	0,2,2,3,1,0,3,2,0,1	160,168,173,192,144,164,130,190,152,190	3,0,0,2,2,2,0,1,2,0	172,180,153,152,179,162,146,138,181,176	406	75
2664	153,123,168,163,138,152,138,210,166,174	32,15,15,4,9,27,18,20,29,10	171,172,175,132,156,186,191,172,183,239	10,13,10,11,15,15,17,16,18,19	160	75
2665	0,0,0,0,0,0,0,0,2,0	40,39,26,41,34,29,32,35,32,32	1,0,1,0,0,0,1,0,0,0	40,36,23,40,22,32,49,11,26,17	157	75
2666	15,11,9,9,6,8,14,5,21,6	19,8,15,21,13,9,11,12,13,13	7,10,7,15,14,16,12,7,17,27	14,18,10,14,17,19,22,10,21,20	566	75
2667	2,0,0,2,1,1,0,1,0,1	4,11,7,13,15,10,9,19,11,6	0,0,0,0,2,2,0,0,1,1	9,5,8,5,11,7,7,12,10,9	243	75
2668	14,13,16,17,18,8,13,15,21,17	98,103,93,88,96,121,86,116,123,85	19,12,10,11,18,13,14,8,26,29	101,100,91,121,86,86,84,104,122,171	226	75
2669	41,27,37,53,31,24,33,19,36,42	3,0,2,4,5,2,3,3,2,4	42,23,19,35,35,17,27,12,39,37	6,1,3,0,6,1,3,1,1,4	553	75
2671	6,3,12,2,5,2,5,2,10,4	9,11,6,9,14,10,6,7,11,7	3,7,1,3,5,9,5,4,7,4	5,6,12,4,10,12,11,9,13,16	846	75
2672	0,1,0,0,0,1,2,1,1,0	11,15,23,11,20,21,19,16,17,22	0,1,0,0,1,2,1,0,2,1	12,16,15,20,13,21,15,14,24,19	158	75
2674	0,0,1,2,1,0,0,1,1,0	16,19,24,23,18,14,12,16,11,7	2,0,0,0,0,0,0,0,2,1	13,13,16,6,16,20,19,11,11,10	1258	75
2675	0,0,1,2,2,1,1,1,1,1	5,5,8,6,6,3,8,7,1,5	3,0,0,1,0,0,0,1,2,1	2,7,2,5,5,2,2,0,3,1	1274	75
2676	74,81,79,124,99,64,82,105,79,80	35,69,35,40,34,44,58,47,50,45	94,57,63,71,98,48,80,87,131,120	47,42,41,54,42,47,40,45,42,56	520	75
2677	5,0,3,3,2,0,2,1,3,3	3,7,5,9,3,10,5,5,6,5	2,1,2,3,0,0,1,2,2,5	7,9,6,9,9,6,5,6,8,11	144	75
2679	6,9,2,12,8,5,2,4,6,8	157,143,165,157,112,116,126,138,138,147	11,3,5,3,5,6,7,1,10,10	125,134,123,156,133,128,173,117,119,138	200	75
2680	0,0,2,3,1,2,0,1,1,1	120,142,151,146,128,134,106,125,129,134	0,1,1,3,2,1,0,0,3,1	136,118,140,155,150,131,140,108,138,154	146	75
2681	53,47,57,61,34,53,44,55,48,40	0,0,1,1,0,0,0,0,0,0	38,48,47,47,44,41,40,38,69,55	0,0,0,0,0,0,0,0,0,0	302	75
2682	34,37,40,47,25,35,36,45,41,32	114,120,133,135,129,103,108,119,114,142	31,32,32,35,32,29,30,27,53,46	130,125,118,99,146,133,119,110,148,125	147	75
2683	23,41,30,37,26,20,28,40,24,49	0,0,5,1,6,0,0,0,0,1	20,25,17,27,38,22,37,21,30,55	0,4,1,0,0,0,1,0,0,1	2619	75
2684	0,1,4,3,0,0,1,0,2,1	38,53,20,48,35,39,38,35,57,52	0,1,2,0,1,1,1,3,1,1	38,28,36,43,41,27,38,42,54,67	327	75
2685	22,13,10,19,17,20,19,15,18,16	102,114,124,142,97,110,87,111,90,110	22,13,12,19,20,21,21,23,17,26	115,107,93,108,98,95,141,96,104,134	167	75
2686	18,6,20,16,12,18,11,15,7,16	52,68,74,72,69,80,49,57,56,74	13,11,11,11,10,9,13,15,8,12	54,67,78,72,57,47,66,51,65,63	171	75
2687	1,3,0,1,4,2,0,2,3,3	1,0,0,0,0,0,0,0,0,3	0,2,0,1,0,1,2,2,0,1	1,0,0,0,0,0,0,0,0,0	314	75
2689	19,12,15,14,7,6,15,17,17,15	0,0,0,0,0,0,0,0,1,0	15,12,6,7,18,11,17,7,17,26	1,0,1,0,0,0,0,0,0,0	514	75
2690	155,187,195,204,163,162,137,162,141,161	0,1,0,0,0,0,0,0,0,0	152,145,146,177,166,157,156,153,236,189	0,0,0,0,0,0,0,0,0,0	397	75
2691	33,31,42,30,28,20,25,27,25,35	38,42,46,49,43,45,28,45,46,35	24,17,28,25,30,46,29,21,38,23	34,40,36,44,38,35,43,53,38,41	157	75
2692	21,20,14,16,15,22,15,18,17,13	53,55,61,51,54,58,41,42,50,49	17,24,12,20,23,18,25,29,20,30	66,40,50,50,66,52,41,51,61,40	189	75
2693	10,10,15,6,5,9,5,5,6,12	57,40,53,59,38,51,42,53,41,44	12,8,17,6,10,11,8,11,8,8	50,47,62,57,54,46,57,52,39,43	157	75
2694	4,4,1,4,2,3,1,0,5,1	37,23,32,39,33,34,33,35,38,36	3,0,0,3,1,1,1,2,1,0	26,33,42,28,22,23,39,20,33,40	152	75
2695	16,16,22,21,6,5,10,15,16,22	0,0,0,0,0,0,0,0,0,1	20,11,23,22,29,17,31,11,6,5	0,0,0,0,0,0,0,0,0,0	77	75
2696	1,0,0,0,0,1,0,0,0,0	142,136,143,184,163,110,117,145,147,156	0,0,1,0,0,0,1,0,1,0	134,136,149,158,170,130,170,130,154,84	1208	75
2697	9,8,13,8,4,5,6,8,12,8	212,190,226,183,157,113,117,154,196,174	3,5,4,7,9,3,8,2,9,16	182,168,153,162,172,192,199,139,136,98	1424	75
2699	15,8,17,10,15,9,10,14,9,19	29,26,13,20,19,27,24,28,25,26	7,8,9,12,8,14,10,9,13,10	19,32,29,25,25,20,30,24,23,31	192	75
2700	2,6,0,1,0,0,2,0,2,2	24,18,15,25,18,15,17,25,21,38	2,2,1,1,2,0,1,1,2,0	23,24,22,19,37,29,28,23,23,20	3099	75
2702	307,333,323,377,264,292,250,282,244,297	10,19,23,21,16,21,18,22,20,18	314,253,154,238,289,213,277,213,389,434	21,31,24,24,21,20,22,20,30,29	1840	75
2703	0,2,2,1,5,0,1,2,2,0	26,45,43,35,27,36,26,31,38,34	3,0,2,2,5,1,2,1,1,2	37,40,27,25,39,29,37,24,34,47	154	75
2705	0,0,1,0,0,0,0,1,0,0	1,3,1,0,0,0,0,0,0,2	0,0,0,0,2,1,0,2,0,0	2,2,0,0,1,1,0,1,1,1	533	75
2706	39,35,45,31,30,28,31,36,33,41	8,7,8,7,6,6,6,9,6,15	46,22,19,17,46,25,42,30,47,41	11,9,4,7,6,5,10,6,10,9	2074	75
2707	22,21,21,24,9,17,20,14,9,15	77,72,92,85,90,91,71,82,68,98	24,17,12,10,16,9,11,18,22,29	98,81,90,82,61,76,109,85,79,80	763	75
2708	14,14,9,22,19,11,18,14,11,20	1,0,0,2,0,0,1,0,0,1	16,16,8,16,16,21,23,13,18,26	0,1,0,0,2,0,0,0,0,1	506	75
2709	0,0,0,1,1,0,0,0,0,0	7,7,8,8,14,8,10,6,6,8	0,0,0,0,0,0,1,0,0,0	17,11,13,11,11,8,12,9,12,15	167	75
2710	7,7,4,7,5,1,3,2,2,0	236,258,274,288,251,235,234,214,224,273	11,7,7,1,4,1,5,3,7,5	230,207,233,246,267,250,236,218,268,258	2237	75
2711	36,22,23,40,30,20,18,21,25,37	4,1,3,2,1,0,1,1,3,3	29,29,23,19,40,43,37,22,25,18	6,0,2,4,8,3,0,1,6,0	180	75
2712	10,23,20,25,10,16,8,13,10,16	22,29,28,29,30,24,18,20,16,21	16,4,6,5,13,1,12,10,19,20	34,19,17,20,27,18,27,18,25,16	1051	75
2713	30,23,35,39,34,35,32,33,18,31	24,34,35,29,23,31,23,32,24,36	38,12,14,14,28,15,31,14,28,30	31,26,32,24,38,21,33,22,30,28	2208	75
2714	12,6,12,10,10,4,6,2,5,3	19,39,29,38,29,41,38,40,29,42	7,5,4,2,8,4,5,4,10,10	33,33,26,24,53,25,34,28,35,27	543	75
2717	0,2,1,1,0,1,1,3,2,7	0,0,2,0,1,4,1,1,0,0	1,3,0,0,0,0,0,0,1,2	1,1,2,0,4,0,0,2,0,0	3295	75
2718	53,68,68,62,42,63,67,38,51,79	13,18,7,18,10,13,12,12,19,10	62,57,43,65,83,62,52,61,71,78	13,11,14,9,11,13,11,14,14,14	166	75
2719	0,2,0,1,0,0,1,0,1,4	127,117,114,153,92,107,135,117,104,138	0,2,1,1,2,0,1,0,2,2	111,98,113,86,128,103,113,101,128,144	146	75
2720	122,112,138,168,98,103,96,123,98,105	129,151,139,140,133,122,122,130,122,124	123,69,61,75,129,85,80,75,154,152	139,122,118,157,112,127,144,129,144,148	1051	75
2721	1,1,0,1,0,1,0,2,0,0	32,32,30,31,34,36,16,27,41,29	1,1,2,1,3,1,1,0,0,0	31,26,23,34,26,35,31,25,32,41	167	75
2722	1,1,1,1,1,0,2,0,0,3	75,42,54,79,63,65,60,87,87,74	0,4,1,1,0,0,1,0,0,1	75,72,64,64,74,71,72,69,71,87	156	75
2723	0,0,1,1,2,0,0,0,3,1	8,8,3,9,11,6,11,7,9,12	0,0,0,0,0,0,1,1,0,2	14,12,7,8,8,5,12,7,10,6	155	75
2724	26,20,29,46,14,15,16,19,22,27	53,55,52,40,44,58,43,58,52,62	26,10,8,16,32,11,13,11,27,33	49,49,56,55,58,40,49,58,54,48	547	75
2725	3,10,5,10,5,5,9,5,8,5	63,47,68,64,59,49,50,51,46,54	12,2,6,1,6,3,2,3,11,5	55,47,48,46,56,54,60,67,52,47	624	75
2727	2,0,0,0,0,1,0,0,0,0	0,0,0,0,2,0,0,0,0,0	0,0,0,0,1,0,0,0,0,0	0,0,0,0,1,0,0,0,0,0	192	75
2728	3,2,4,1,1,0,3,2,0,3	57,73,61,76,55,89,68,72,54,77	0,2,1,0,2,1,3,2,2,5	47,77,71,56,55,71,101,50,73,69	946	75
2729	2,5,4,6,4,3,4,3,2,6	63,72,83,100,76,79,70,66,74,93	8,2,1,3,3,3,2,2,11,8	70,85,80,79,80,80,86,76,96,81	872	75
2730	1,0,0,0,1,1,1,0,0,0	26,27,41,53,39,34,37,31,35,39	0,0,0,0,0,0,1,0,0,2	23,52,36,46,38,42,40,44,55,52	1170	75
2731	0,1,0,0,2,0,1,1,0,1	27,32,47,32,25,43,35,34,41,54	0,0,2,0,1,2,0,1,2,3	28,38,22,53,56,49,35,48,44,48	1357	75
2732	0,4,3,6,5,3,5,2,5,7	49,80,90,98,77,108,73,77,92,112	8,6,3,1,4,2,2,3,3,5	87,86,76,75,89,83,91,67,96,101	169	75
2733	2,1,0,1,1,1,1,0,1,0	88,97,81,98,85,72,68,77,86,77	1,1,1,1,0,1,0,0,1,1	104,67,74,67,83,79,107,62,84,79	175	75
2735	0,0,0,1,0,0,0,0,0,0	7,7,15,13,13,11,9,14,14,10	0,0,0,0,0,0,0,1,0,0	12,5,15,16,15,15,15,7,12,14	170	75
2736	169,194,199,151,104,71,134,129,172,166	10,4,13,10,12,3,9,7,14,21	191,148,214,164,225,261,253,167,166,116	12,8,9,17,15,9,16,6,7,5	276	75
2737	0,0,0,0,0,0,0,1,0,0	2,0,0,0,0,0,0,0,0,0	0,0,0,0,0,0,0,0,1,0	1,0,0,0,0,0,0,0,0,0	161	75
2738	0,0,0,0,0,0,0,1,0,0	2,0,3,3,2,0,2,0,3,4	0,0,0,0,0,0,0,0,1,0	2,1,0,1,0,1,0,3,2,1	188	75
2739	3,4,1,7,2,4,4,4,6,6	43,34,29,31,17,32,26,28,23,38	6,2,6,3,7,5,5,5,7,6	28,28,25,34,32,19,28,28,18,31	232	75
2740	612,623,634,547,512,435,402,503,493,505	9,5,5,5,3,10,7,4,2,5	532,390,485,460,599,492,617,391,526,404	8,5,5,1,11,6,3,5,4,8	1004	75
2741	1,0,2,0,1,0,1,0,0,0	17,16,15,24,23,21,22,26,13,18	1,2,0,0,0,0,1,0,0,2	26,14,19,20,16,15,14,15,15,18	154	75
2742	0,0,0,0,0,0,0,1,0,0	30,32,46,31,20,20,25,29,37,18	0,0,0,0,0,0,0,0,0,1	24,17,33,32,32,40,22,37,13,20	152	75
2743	84,82,68,119,66,65,61,76,58,50	1007,1169,1203,1178,1010,978,855,907,997,1020	82,53,56,68,94,56,77,65,103,136	1183,930,937,1031,1153,992,1145,979,1077,887	334	75
2744	21,20,35,32,19,23,25,17,19,18	533,550,563,605,525,572,450,524,533,624	26,19,11,13,45,20,22,14,33,47	519,510,456,498,519,506,553,463,566,547	862	75
2745	4,5,12,11,3,7,6,5,5,4	8,6,7,5,9,8,7,5,1,6	11,4,11,4,5,7,5,6,13,5	5,7,14,4,4,10,7,15,2,4	469	75
2746	4,0,4,6,0,2,1,0,3,0	142,135,143,140,117,124,123,128,126,132	0,1,0,0,0,0,2,1,4,4	112,114,106,132,122,115,162,113,119,99	268	75
2747	9,9,5,12,6,15,8,2,5,6	8,14,6,3,7,5,6,8,5,14	8,6,2,3,5,3,2,7,6,4	8,5,6,10,21,9,8,6,7,9	1560	75
2749	0,0,0,0,0,0,0,0,0,0	1,1,0,1,2,1,4,1,0,2	0,0,0,0,1,1,0,0,0,0	1,1,0,0,4,1,0,0,1,2	210	75
2751	1,2,1,1,0,1,2,1,0,2	0,0,0,0,0,0,1,0,0,0	2,0,1,0,1,0,2,0,0,1	0,1,0,0,0,0,0,0,2,0	155	75
2752	1,2,1,1,0,1,2,2,0,2	0,2,1,0,0,0,3,1,0,1	4,0,1,0,1,0,3,0,2,1	5,1,0,2,3,2,1,1,0,2	195	75
2753	1,0,0,0,0,0,0,3,0,0	30,17,29,29,21,34,17,21,26,20	0,0,0,0,0,0,0,0,0,3	29,19,23,18,32,21,20,25,24,21	155	75
2754	0,0,0,1,0,0,0,2,0,0	18,17,12,21,9,10,10,16,9,9	1,0,1,0,0,0,2,1,0,1	14,13,15,19,14,11,16,13,12,14	145	75
2755	596,706,554,524,435,396,443,415,402,378	0,3,0,5,0,1,1,2,3,2	429,392,349,442,726,464,496,411,450,392	0,4,0,0,0,0,1,1,2,2	1016	75
2756	713,834,655,623,505,465,508,502,475,451	0,0,1,1,0,0,1,0,0,0	520,472,409,527,872,547,592,475,509,448	0,0,0,0,0,0,0,0,0,0	1104	75
2757	634,739,585,555,467,423,471,454,426,403	6,3,10,5,5,1,4,6,11,4	450,422,368,470,757,495,541,444,486,423	4,10,5,4,9,3,4,7,7,4	1034	75
2758	0,0,1,0,0,0,1,0,0,1	43,41,45,42,38,27,30,29,38,30	1,0,0,0,1,2,0,0,0,0	56,46,41,31,43,53,55,32,44,20	2499	75
2759	23,14,24,33,23,18,17,17,19,28	44,48,48,48,32,59,43,50,54,40	20,22,30,26,20,27,29,14,24,20	55,35,52,45,53,48,54,44,49,73	164	75
2760	22,24,39,28,27,22,28,26,18,22	45,42,35,39,33,39,30,40,34,42	26,19,14,21,32,25,14,17,22,23	41,36,39,34,38,42,48,38,45,40	1698	75
2762	14,23,25,28,16,14,19,17,18,17	39,24,58,38,44,39,36,42,41,45	31,14,11,9,20,20,18,14,21,21	38,48,49,52,44,42,50,53,39,47	448	75
2763	0,0,0,0,0,0,0,0,0,0	32,23,18,22,25,18,27,19,9,30	1,0,0,0,0,0,0,0,0,0	30,28,22,24,30,26,30,22,32,29	323	75
2764	5,3,5,6,11,5,4,1,4,6	68,116,84,84,60,56,46,50,55,58	7,2,6,6,5,8,0,3,7,3	73,73,60,73,90,70,86,75,88,69	312	75
2765	4,3,4,6,10,5,3,1,4,5	4,5,2,0,1,1,3,1,0,3	7,2,4,5,5,5,0,3,7,3	0,1,1,0,3,1,0,0,1,4	295	75
2766	4,3,3,2,7,3,3,0,3,2	1,3,6,2,3,0,2,0,5,3	3,2,4,1,3,3,0,2,5,1	1,1,0,1,4,3,1,1,3,3	265	75
2770	1,2,2,2,0,0,5,5,4,4	5,4,6,5,1,6,2,2,4,2	2,1,0,5,2,0,2,0,3,1	2,3,1,2,3,1,4,3,2,0	163	75
2771	23,16,19,22,9,7,17,22,18,18	0,4,2,4,5,1,5,1,6,7	8,8,6,10,10,7,11,7,10,4	3,1,1,5,3,1,0,2,3,4	263	75
2772	77,94,78,96,89,95,78,80,75,85	0,0,0,0,0,0,0,0,0,0	92,85,77,89,64,60,99,87,65,70	2,0,0,0,0,0,0,0,0,0	128	75
2774	0,4,3,6,4,2,4,2,3,1	0,0,2,0,1,0,0,0,0,0	3,2,4,1,4,3,4,0,4,1	1,0,0,2,0,1,0,0,0,1	214	75
2775	2,4,5,1,4,5,3,2,4,4	1,0,4,2,2,0,1,1,0,0	3,2,7,3,5,5,6,1,5,3	0,0,0,0,0,0,0,0,0,1	302	75
2776	0,0,2,0,1,1,0,0,0,2	0,5,7,1,6,4,5,5,0,3	0,2,0,0,0,0,0,0,0,0	5,4,0,4,3,4,4,2,3,1	145	75
2777	0,0,0,0,1,0,0,0,0,1	5,3,6,1,6,2,6,2,4,7	0,0,0,0,0,0,0,0,0,0	0,4,0,4,3,7,1,3,2,6	158	75
2778	2,0,4,2,4,1,2,0,1,8	2,7,5,0,2,0,0,2,1,1	5,0,1,0,1,2,2,0,0,0	5,2,1,1,0,0,4,0,2,1	737	75
2779	29,30,26,31,18,20,21,15,22,19	0,0,1,0,0,1,0,1,0,0	25,20,26,26,23,24,28,18,23,36	1,1,0,0,3,0,0,1,0,2	259	75
2780	46,35,49,71,61,52,49,39,42,51	222,224,296,272,257,188,164,205,178,270	51,31,26,36,57,29,39,27,73,54	269,244,207,249,260,241,277,226,201,199	2670	75
2781	47,37,50,73,63,54,49,41,43,52	1,0,0,0,0,0,0,0,0,0	53,32,28,38,58,29,40,30,75,56	0,0,0,0,0,0,0,0,0,0	2670	75
2782	1,0,3,3,0,2,2,3,0,0	31,21,24,30,18,15,20,13,25,20	0,0,1,0,0,0,1,1,2,1	23,21,21,20,30,23,25,12,17,10	148	75
2783	5,3,6,10,4,6,9,4,3,2	17,24,16,23,26,16,11,19,15,20	8,5,1,1,7,5,1,4,3,7	27,16,19,25,33,17,13,13,15,8	145	75
2784	2,1,4,3,1,0,2,2,3,1	21,26,12,21,15,23,14,24,19,35	1,0,3,0,2,1,2,2,3,3	29,16,16,20,17,21,22,25,16,24	145	75
2785	0,0,1,0,2,3,1,2,0,0	25,29,37,36,24,39,26,41,26,33	1,0,1,3,1,1,1,0,1,0	27,35,34,29,26,22,24,22,54,48	158	75
2787	3,1,1,3,3,1,2,5,6,1	73,88,72,105,98,103,70,99,83,127	1,0,1,1,6,2,1,2,2,12	80,83,80,88,91,100,107,107,126,109	454	75
2789	423,457,442,515,468,483,448,477,468,523	9,22,20,6,16,16,8,9,22,18	492,538,438,450,507,481,566,444,576,578	13,15,13,14,11,19,18,15,12,14	429	75
2790	7,8,11,10,5,4,17,13,12,9	33,26,34,34,42,38,26,27,33,17	11,4,16,9,13,11,5,7,10,11	37,30,31,34,33,28,44,30,29,43	280	75
2791	1,1,1,6,3,1,8,3,2,2	36,48,60,49,44,51,40,56,42,47	4,3,4,2,3,0,2,2,6,0	58,49,49,53,36,43,59,46,51,39	310	75
2792	15,9,16,12,6,5,4,7,6,5	39,41,33,47,34,13,29,36,20,29	10,7,9,9,10,8,9,6,7,7	34,28,34,39,44,40,44,33,29,32	184	75
2793	164,191,218,201,184,196,211,169,182,194	122,111,156,144,142,117,111,107,119,153	211,192,175,153,217,188,201,163,191,163	134,103,133,128,132,134,122,129,143,114	186	75
2794	96,110,120,145,115,85,101,122,93,99	0,0,0,0,0,0,0,0,0,0	117,71,70,62,125,97,96,78,116,138	0,0,0,0,0,0,1,0,0,0	1100	75
2796	2,2,4,4,6,0,1,5,3,0	52,53,72,60,43,31,52,46,23,50	1,0,3,4,1,1,0,2,0,0	60,30,33,39,62,43,56,35,35,29	156	75
2797	72,77,105,65,51,96,77,70,87,111	156,184,142,148,160,174,128,135,142,162	95,78,80,97,128,122,99,89,146,146	154,143,142,164,166,159,159,114,160,224	159	75
2798	8,3,2,8,5,5,3,5,1,7	232,282,219,236,223,285,215,189,218,226	3,5,4,9,4,1,4,5,8,7	270,233,247,269,310,240,246,256,314,344	164	75
2799	139,158,113,168,145,136,97,131,166,124	0,1,0,1,0,1,0,1,0,0	170,142,123,137,132,123,165,117,111,106	0,1,2,1,0,0,1,0,0,1	179	75
2800	8,4,6,6,6,7,12,9,8,9	417,443,391,482,381,455,436,398,427,497	11,6,7,2,11,2,11,7,10,12	441,421,384,452,442,398,468,427,423,486	297	75
2801	6,6,4,7,15,5,5,4,3,2	15,18,21,19,26,34,16,20,17,24	8,5,3,4,10,8,3,7,10,13	35,20,22,27,19,27,31,22,22,37	432	75
2802	1,2,4,1,3,2,1,1,0,0	31,25,21,27,13,16,19,19,24,34	2,4,1,1,2,0,4,1,0,2	20,26,9,26,30,23,15,17,23,22	415	75
2803	11,15,21,20,19,7,12,15,8,8	0,1,2,1,0,2,0,1,0,0	18,18,15,16,12,19,18,15,9,11	0,1,0,0,2,1,0,1,0,0	467	75
2804	0,0,0,0,1,0,1,0,1,0	10,7,15,16,12,9,1,18,15,7	0,0,0,1,0,0,0,0,0,0	16,18,10,13,10,12,16,13,5,6	580	75
2805	203,198,238,241,157,140,129,170,155,159	2,1,0,1,0,3,1,0,0,3	201,150,165,176,224,225,194,152,122,102	0,4,2,1,2,0,2,2,1,0	292	75
2808	7,7,4,8,5,3,5,4,6,8	20,13,23,17,15,13,17,21,9,27	5,4,5,13,8,6,6,4,9,11	17,14,11,22,18,23,12,15,15,20	1045	75
2809	0,0,0,1,0,2,0,0,0,0	42,42,45,37,29,41,18,25,37,52	0,0,0,0,0,1,2,1,1,1	26,30,25,32,38,28,32,32,50,54	167	75
2810	10,2,3,10,8,2,8,8,4,4	9,17,16,12,15,18,14,12,17,26	9,3,2,4,11,5,9,3,9,13	6,15,4,16,15,14,15,5,16,20	548	75
2812	12,25,10,16,15,16,20,17,13,17	26,35,33,38,41,46,30,31,28,45	14,5,16,21,11,10,9,10,25,29	49,32,22,44,39,27,39,40,42,27	872	75
2814	6,7,6,2,12,7,6,6,3,5	921,1016,1022,1058,925,1108,847,910,1010,1193	5,6,4,6,6,2,6,7,10,9	946,1008,947,978,958,937,1081,957,1033,1327	261	75
2815	0,0,0,0,2,0,0,0,1,0	16,16,13,8,15,12,7,19,17,11	0,1,0,0,0,0,0,0,0,0	15,7,11,15,14,17,19,10,14,8	148	75
2816	0,0,0,1,2,0,1,0,1,0	16,10,9,9,9,9,7,9,9,4	2,0,1,0,0,0,0,2,0,2	12,3,14,10,3,6,6,6,12,7	239	75
2817	8,5,8,10,4,9,6,11,16,4	9,12,7,12,10,14,12,11,16,5	8,6,9,6,7,8,9,11,12,18	11,7,9,10,11,8,16,15,14,10	181	75
2821	3,4,5,7,3,3,4,4,4,3	84,84,98,101,100,133,84,95,92,87	7,1,5,4,0,2,4,6,16,11	114,89,84,87,108,95,101,89,121,133	150	75
2824	4,5,12,11,7,7,5,6,6,4	23,22,30,34,16,26,17,21,29,21	9,8,4,7,10,5,8,5,15,9	16,20,16,18,23,22,19,23,27,12	365	75
2825	0,0,0,0,0,0,0,1,0,0	95,119,98,94,94,120,84,106,78,99	0,0,0,0,0,0,1,3,0,0	118,107,87,84,80,99,131,109,125,109	195	75
2826	1,0,0,0,0,0,3,1,2,0	0,0,0,0,0,0,0,1,0,0	1,1,1,1,0,0,0,1,1,1	0,0,0,0,0,0,0,0,0,0	1603	75
2827	2,0,1,0,0,0,1,0,0,0	4,2,2,0,1,3,5,6,3,4	0,0,0,0,1,0,0,0,0,0	4,6,7,6,5,6,7,1,2,1	531	75
2828	18,14,18,18,15,20,16,17,14,38	45,28,43,46,29,33,33,44,32,43	23,26,19,24,14,22,27,23,27,15	41,39,37,39,42,51,43,35,41,41	164	75
2829	1,3,1,1,5,1,0,0,0,5	0,1,0,0,0,0,0,0,2,0	5,0,1,0,1,0,0,2,1,4	0,0,1,0,1,0,1,0,1,0	459	75
2831	61,73,82,87,71,55,52,66,79,77	1,0,0,0,0,0,0,0,0,0	56,58,50,65,79,49,81,59,76,80	0,0,0,0,0,0,0,0,0,0	1090	75
2832	5,6,12,10,7,5,2,10,7,12	12,14,15,16,15,13,7,11,4,5	9,4,8,3,6,2,7,6,13,16	13,11,9,12,3,15,22,4,6,9	604	75
2833	1,0,2,1,0,1,0,2,2,1	9,13,14,22,15,11,8,12,15,12	0,0,1,2,2,0,0,1,2,0	15,10,9,9,21,15,13,11,9,23	150	75
2835	0,0,4,1,0,0,2,0,2,3	0,0,4,7,3,3,2,3,5,1	1,0,0,2,3,0,0,1,0,1	3,1,2,3,6,2,3,5,5,0	1176	75
2836	9,8,10,6,6,6,10,16,5,7	1,2,3,1,2,1,1,1,4,3	10,5,7,9,7,5,7,13,11,17	4,2,0,1,3,4,3,2,4,5	164	75
2837	3,1,1,2,0,0,0,2,0,1	5,0,0,0,3,0,1,1,3,3	0,1,3,1,2,1,1,0,1,3	1,0,1,0,15,9,10,1,2,3	1094	75
2838	54,61,54,82,67,45,63,76,55,54	8,11,3,6,10,5,3,2,6,5	69,39,26,35,79,36,55,36,52,43	4,2,7,7,11,3,9,1,4,8	1209	75
2840	1,0,0,1,2,0,0,1,0,0	4,3,1,5,5,1,1,2,2,0	1,0,0,0,0,1,1,0,0,0	4,1,2,1,3,1,4,2,1,5	290	75
2841	45,42,64,71,53,41,41,61,60,38	99,102,120,144,121,87,109,110,122,131	48,36,55,38,60,47,40,34,62,65	148,123,116,109,115,135,105,107,121,102	2375	75
2842	0,2,1,3,3,1,1,2,5,3	31,31,32,22,29,17,21,36,26,21	4,2,1,2,7,1,5,1,2,1	33,24,27,25,50,38,41,35,26,23	232	75
2843	690,797,651,776,588,516,546,624,622,533	13,27,11,18,7,11,8,16,20,24	658,642,562,699,775,663,774,580,556,511	26,14,12,23,24,19,17,30,11,15	868	75
2844	2,4,5,10,3,3,2,5,2,3	22,12,27,33,17,24,16,16,16,19	2,5,3,0,6,7,3,1,4,0	25,22,11,20,23,21,23,21,18,22	478	75
2845	25,29,34,41,23,12,21,17,20,20	0,1,1,2,0,1,0,0,0,2	28,28,22,18,28,26,30,20,18,23	0,0,0,1,0,0,0,1,0,3	519	75
2846	15,23,22,30,22,21,20,25,25,18	586,557,570,540,506,582,574,546,633,625	31,15,18,23,29,19,33,14,26,55	571,562,610,614,612,675,622,581,665,716	288	75
2847	2,2,1,4,6,7,7,6,8,5	0,0,0,0,0,0,0,0,0,0	6,5,2,3,7,3,2,4,6,4	0,0,0,0,0,0,0,1,0,0	1069	75
2848	20,22,25,32,17,19,26,22,24,28	1,3,0,3,0,1,0,0,1,2	39,17,13,17,32,18,17,19,30,21	0,1,2,1,2,1,3,2,2,4	281	75
2849	10,8,12,14,11,9,10,13,18,13	8,10,8,7,7,8,10,12,6,11	15,7,9,8,19,10,9,10,15,17	15,14,12,15,9,6,9,8,8,8	226	75
2850	10,15,12,9,12,8,11,12,11,6	1418,1636,1685,1677,1454,1971,1373,1631,1539,1813	17,5,8,6,12,8,10,10,11,30	1525,1533,1488,1633,1500,1496,1691,1515,1865,2091	412	75
2851	0,0,0,0,0,0,0,0,0,0	19,24,21,20,18,6,16,9,12,19	0,0,0,0,0,1,1,0,0,0	24,14,17,15,12,11,24,11,13,10	435	75
2852	18,12,13,15,9,17,10,21,18,12	8,7,6,9,2,7,7,9,11,10	15,11,11,9,17,11,15,6,13,21	5,6,5,7,6,6,11,10,7,7	2366	75
2853	21,23,27,24,32,31,27,29,21,31	0,1,1,1,0,0,0,0,0,0	23,26,24,30,31,27,25,21,30,29	0,0,0,0,0,0,0,0,0,0	704	75
2854	32,39,36,47,42,38,42,43,31,40	0,0,0,0,0,0,0,0,0,0	36,35,34,40,46,34,32,36,46,43	0,0,0,0,0,0,0,1,0,0	2021	75
2857	3,0,1,1,3,0,2,1,0,3	9,9,13,10,8,5,5,10,5,8	2,0,3,1,1,3,2,1,0,1	14,6,7,14,10,15,8,7,3,7	156	75
2860	23,34,33,26,18,18,29,18,27,25	2,2,0,3,1,2,0,1,1,2	26,21,21,21,32,24,25,11,19,23	2,0,1,1,0,3,2,1,1,1	910	75
2861	3,5,3,7,7,6,3,3,4,8	81,66,84,79,90,74,63,68,55,94	3,1,1,6,4,0,4,4,1,5	81,71,80,79,86,79,92,70,81,71	347	75
2864	0,2,2,1,1,0,0,0,0,0	0,0,0,1,1,0,0,0,0,0	0,0,0,1,2,0,2,1,0,0	0,0,0,0,0,0,0,1,0,3	1405	75
2865	1,0,0,0,0,0,0,0,0,0	0,0,0,2,0,0,0,0,0,0	0,0,0,0,0,0,0,0,0,1	0,0,2,0,1,2,0,0,0,0	379	75
2866	0,2,0,0,1,1,0,1,1,2	150,146,144,159,153,109,130,124,135,150	0,0,0,2,2,0,1,1,0,3	157,162,134,156,166,143,138,143,123,108	159	75
2868	5,5,6,8,1,2,4,2,9,5	23,17,25,22,11,3,11,16,13,19	6,1,0,6,4,4,4,1,3,4	24,12,17,23,30,13,24,18,18,12	1159	75
2870	2,4,0,5,1,0,0,3,3,3	1,2,1,0,0,4,0,1,0,0	3,2,3,5,1,1,3,2,4,6	0,0,0,0,0,0,1,0,0,0	198	75
2871	2,0,0,2,0,0,0,0,0,0	7,5,8,5,7,2,1,0,4,4	1,0,0,0,1,0,0,1,1,1	7,6,5,1,2,4,5,2,4,0	262	75
2872	1,0,0,1,0,0,0,1,0,0	83,96,88,98,77,85,84,90,72,95	2,0,0,1,2,2,0,1,0,0	96,75,86,89,114,85,94,62,75,82	1294	75
2873	13,8,5,6,11,8,11,6,6,5	11,22,17,13,12,13,15,10,15,12	10,3,8,7,11,12,18,9,8,11	12,9,10,17,14,8,17,7,17,13	497	75
2874	15,6,13,18,7,5,8,8,7,10	167,174,167,193,154,172,128,153,150,170	5,4,7,10,10,6,10,4,10,5	188,156,128,172,175,198,208,164,176,130	1164	75
2875	1,0,0,0,0,0,0,0,0,0	3,1,2,2,0,5,3,0,3,0	0,0,0,0,0,0,0,1,0,0	5,3,3,3,0,1,5,1,1,4	590	75
2876	7,4,9,14,6,10,14,9,11,13	90,174,115,124,121,79,89,104,91,145	8,9,7,6,15,4,8,6,4,9	121,121,104,128,133,119,140,125,110,84	482	75
2877	2,4,1,3,2,1,4,1,3,1	20,19,20,28,21,14,23,13,19,28	2,0,0,0,3,0,4,3,1,1	17,17,34,25,26,24,24,23,20,12	728	75
2879	21,23,38,43,18,22,34,31,29,26	0,0,0,0,0,0,1,0,0,0	25,23,35,22,25,15,24,29,25,28	0,0,0,0,0,0,0,0,0,0	1821	75
2880	7,5,5,4,2,3,5,3,3,9	128,171,183,172,170,178,124,147,158,204	8,2,4,5,3,3,4,1,6,5	116,145,150,184,174,168,183,137,185,202	1111	75
2881	0,1,0,0,0,1,0,0,0,0	29,32,42,41,37,35,47,39,41,55	0,0,1,0,3,1,0,0,1,0	39,28,34,35,37,37,38,36,42,43	447	75
2882	15,15,13,9,20,10,15,9,9,13	6,14,13,16,13,16,13,15,15,13	21,6,7,16,18,8,12,4,4,13	12,23,5,11,11,13,10,9,13,8	1993	75
2883	4,1,7,4,2,2,1,6,1,6	63,64,67,52,47,44,52,47,43,74	2,4,3,1,2,2,4,2,5,2	56,53,68,75,64,44,70,58,60,57	291	75
2884	20,27,36,31,19,23,16,32,18,35	2,1,4,4,3,0,2,7,2,1	19,28,34,25,24,34,31,22,23,20	0,3,5,2,3,4,2,1,2,6	338	75
2885	5,12,5,2,1,8,4,7,7,3	0,0,0,0,1,0,0,0,0,0	5,4,5,8,6,10,4,6,6,8	0,0,0,0,0,0,0,0,0,0	188	75
2886	3,2,3,6,5,0,1,1,5,7	863,849,915,960,893,884,854,870,916,917	3,1,0,3,3,3,4,0,11,7	914,920,852,778,852,886,909,883,1000,963	590	75
2887	32,27,39,31,34,19,17,35,24,33	1341,1431,1454,1567,1357,1231,1194,1377,1394,1350	26,15,25,14,32,13,22,23,26,32	1482,1416,1394,1216,1512,1471,1447,1306,1412,1322	658	75
2888	16,21,22,20,21,11,7,17,13,16	1,0,0,0,1,0,0,1,2,2	13,8,18,10,17,6,12,12,19,20	2,1,2,0,0,2,0,0,5,2	478	75
2889	0,2,1,0,2,2,2,0,1,4	77,60,79,67,59,53,50,50,72,68	3,0,0,1,1,0,2,1,2,3	85,62,62,62,75,75,83,60,85,65	169	75
2890	2,2,1,2,3,2,4,0,2,2	99,129,125,124,116,98,131,128,117,121	4,1,6,1,6,2,2,2,2,4	127,116,103,110,134,124,143,106,145,116	210	75
2891	15,36,29,41,33,19,24,25,19,23	4,0,0,0,2,1,2,0,0,0	32,10,17,18,46,18,18,13,18,31	0,0,3,0,2,0,2,2,2,0	569	75
2894	0,4,2,3,4,4,6,1,1,2	25,27,28,30,23,27,16,27,22,23	1,2,1,0,0,0,4,3,8,4	31,22,17,26,31,24,25,28,26,24	296	75
2895	4,8,9,22,6,5,8,7,8,2	40,58,60,42,42,55,57,34,53,73	12,8,5,5,8,5,9,3,4,18	48,45,45,41,40,44,52,61,55,63	1795	75
2896	4,5,2,8,1,3,3,5,7,1	6,11,10,6,8,3,2,8,6,3	3,1,3,3,5,4,3,2,6,11	9,7,1,6,12,4,4,1,9,2	375	75
2897	127,131,112,154,125,125,116,127,141,137	7,4,4,8,5,3,10,4,6,6	159,140,107,140,157,120,147,128,164,152	5,3,6,10,13,7,10,6,8,6	1038	75
2898	98,97,81,127,86,93,84,94,93,105	5,2,6,5,2,2,1,4,1,2	115,99,80,97,119,91,101,87,119,108	3,2,5,3,5,5,5,2,10,6	943	75
2899	57,63,54,94,59,65,65,72,66,75	11,12,16,16,17,17,16,8,18,20	84,65,56,68,84,62,68,51,84,81	19,15,19,23,21,25,29,30,17,19	891	75
2900	57,63,54,94,59,65,65,72,66,75	1,1,0,0,1,4,0,0,3,2	84,65,56,68,84,62,68,51,84,81	0,0,1,3,3,0,1,1,1,1	889	75
2901	55,60,45,89,57,61,61,67,59,67	2,3,1,9,7,6,3,0,2,3	81,58,51,60,75,61,61,49,79,78	5,5,3,7,2,7,3,7,8,6	860	75
2903	41,32,30,58,34,39,27,35,39,57	219,235,286,241,247,196,218,230,221,259	41,12,17,23,44,28,18,23,79,61	246,232,222,208,255,261,251,251,234,211	516	75
2904	147,108,137,159,128,121,106,118,137,138	6,4,8,6,9,3,7,8,4,9	170,112,105,119,143,126,169,107,158,122	4,6,6,3,5,10,9,3,8,5	160	75
2905	3,1,1,0,7,1,2,3,3,0	30,39,40,39,45,36,33,40,26,49	6,3,0,0,3,4,3,1,1,2	46,44,34,54,38,28,42,36,43,27	244	75
2906	12,13,10,5,10,8,5,10,11,9	70,63,77,77,66,71,76,59,71,64	9,6,6,21,7,12,15,12,10,14	65,86,62,75,71,63,87,71,76,86	164	75
2909	369,243,468,462,308,212,364,478,549,325	0,0,0,0,1,0,0,0,0,0	367,304,365,235,442,481,553,427,352,639	0,0,0,0,0,0,0,0,0,0	248	75
2910	499,587,565,766,399,491,463,476,382,663	1,1,1,0,4,2,1,2,2,0	590,346,291,437,745,335,419,346,725,834	4,4,1,1,2,2,4,2,4,7	668	75
2911	971,1097,1001,1400,753,905,822,925,733,1222	96,54,168,164,194,78,182,212,200,83	1025,672,536,823,1381,666,790,670,1366,1471	102,116,186,80,91,180,217,214,101,181	1377	75
2912	12,14,23,25,13,12,16,14,12,20	41,38,42,59,45,39,48,39,44,56	14,14,13,13,26,11,21,17,20,20	49,32,33,50,47,39,36,30,43,47	2339	75
2914	3,6,4,9,2,7,3,1,1,2	0,0,1,0,1,1,0,0,0,0	4,0,0,1,0,1,1,0,0,1	0,0,0,0,3,0,0,0,1,0	2647	75
2915	9,13,9,13,5,9,15,18,7,10	297,308,312,348,312,278,266,243,298,328	12,6,4,5,13,6,10,8,13,16	250,288,287,272,292,287,309,276,280,319	152	75
2916	9,6,12,9,8,9,11,6,9,8	57,63,76,93,58,81,55,92,63,73	11,9,3,6,8,10,6,11,14,10	69,73,64,69,68,70,78,78,81,64	312	75
2917	1,1,4,4,7,1,2,1,2,5	8,6,15,11,9,7,12,7,6,5	2,4,3,2,4,0,1,2,1,4	6,9,8,4,9,10,13,3,14,6	204	75
2920	0,0,0,0,0,2,0,0,0,0	0,1,0,0,0,0,0,0,0,1	0,0,0,0,0,0,1,0,0,0	0,0,0,1,0,0,0,0,0,0	189	75
2921	65,88,50,58,40,49,58,46,69,68	112,124,108,110,103,61,80,94,84,85	63,37,44,46,103,43,55,30,44,53	69,94,102,105,102,96,123,97,95,67	2262	75
2922	3,3,6,6,6,3,5,4,5,5	33,34,46,43,49,20,28,33,26,14	4,2,3,1,6,3,3,2,2,5	41,33,35,44,49,35,47,34,28,20	1239	75
2923	9,25,29,26,15,12,20,15,10,13	39,61,43,44,54,38,55,63,61,55	21,19,8,12,27,10,12,7,14,19	39,57,53,53,54,50,77,57,72,65	2594	75
2924	0,0,0,0,0,0,0,1,0,0	13,4,14,15,12,5,4,17,9,8	1,0,0,0,1,0,0,0,0,0	10,8,6,9,7,13,16,6,6,8	480	75
2925	7,2,2,8,3,4,6,1,2,4	3,4,3,2,1,2,4,0,2,5	4,3,3,2,6,2,2,1,2,8	8,7,3,3,9,1,0,3,2,3	677	75
2926	15,6,17,13,19,11,14,10,14,10	208,328,290,308,284,266,257,303,267,285	21,5,7,9,16,3,11,10,16,13	302,278,232,299,274,274,291,243,264,278	262	75
2927	21,17,23,28,24,12,16,26,18,18	170,180,171,149,154,125,90,171,158,152	19,15,14,23,17,14,14,30,34,49	192,127,167,158,195,166,168,130,153,109	617	75
2930	1,2,2,5,0,0,3,2,0,2	53,81,69,73,62,27,43,57,51,63	2,0,2,2,3,5,2,1,0,0	67,55,49,47,96,69,81,45,36,34	431	75
2931	0,2,0,0,0,0,0,0,0,0	10,14,13,8,6,3,6,7,10,4	0,0,0,0,0,0,0,0,1,0	14,8,11,7,11,11,17,9,6,3	795	75
2932	75,50,107,124,60,61,67,73,61,101	516,542,591,567,539,245,364,424,401,454	68,49,47,72,107,41,64,50,90,86	544,478,411,456,524,472,550,442,378,236	1857	75
2933	72,75,60,62,78,61,48,55,66,75	0,1,0,1,1,0,1,2,1,1	84,66,74,65,79,77,85,70,57,41	1,2,0,0,0,0,1,0,2,0	260	75
2934	8,2,3,3,4,1,5,1,2,3	25,27,28,22,26,24,17,30,12,39	3,2,1,5,5,2,2,6,7,3	27,18,35,26,20,22,22,19,35,16	218	75
2935	271,234,229,242,241,258,165,241,208,268	1,3,1,4,0,1,0,1,1,0	253,223,239,197,233,198,211,196,232,245	1,1,4,1,2,2,2,0,1,1	728	75
2936	341,285,272,294,289,315,213,292,242,323	7,4,2,2,3,5,3,3,6,3	328,279,300,259,283,253,280,247,303,314	4,4,0,2,1,3,3,2,2,9	861	75
2937	229,205,182,203,198,213,153,187,166,219	0,1,1,0,2,0,0,4,1,1	240,184,200,182,193,182,194,175,205,224	1,2,0,1,1,1,0,0,1,3	483	75
2938	10,12,5,12,8,9,8,7,8,7	0,0,2,1,2,1,2,2,2,4	10,6,2,3,13,5,9,6,4,7	3,2,0,3,2,1,3,0,1,2	1733	75
2941	0,1,0,2,0,0,0,0,0,1	187,209,215,251,238,177,159,224,160,207	1,0,0,0,0,1,1,0,0,0	194,248,203,209,251,216,248,193,184,153	1422	75
2942	16,11,18,13,8,15,9,13,14,9	41,34,36,45,36,35,52,34,25,29	11,21,10,13,14,3,18,9,21,23	35,40,37,41,39,44,36,41,45,38	448	75
2943	0,0,0,0,0,0,0,0,0,0	0,1,0,0,0,0,0,2,0,0	0,0,0,0,0,0,1,0,0,0	1,1,0,1,0,0,1,1,0,0	446	75
2944	11,20,17,17,19,22,16,11,21,15	0,0,1,0,0,0,0,1,1,0	22,23,16,6,22,27,10,8,14,21	0,0,0,0,1,0,1,0,0,0	604	75
2945	67,57,59,86,61,69,61,67,53,77	1,1,2,4,3,6,1,1,2,3	46,67,54,76,59,58,69,54,65,60	10,7,8,3,2,5,3,2,2,4	188	75
2946	12,22,31,18,21,26,24,34,20,28	1,5,10,4,9,6,1,5,5,4	37,17,21,24,22,22,30,22,28,26	10,7,6,3,4,7,8,7,3,2	397	75
2947	10,7,10,12,16,13,15,9,6,8	9,7,8,6,6,10,2,11,7,10	8,8,6,8,9,15,6,9,16,13	6,5,6,6,10,6,14,9,8,5	165	75
2949	15,25,18,15,25,10,10,22,11,13	6,4,13,21,8,14,7,19,13,10	15,7,6,10,15,10,6,19,17,25	14,14,10,12,8,10,8,17,11,14	626	75
2950	248,304,294,315,265,299,254,275,274,278	17,8,19,9,23,18,13,12,7,15	313,202,191,229,320,226,245,248,373,406	11,13,8,7,9,7,12,10,16,23	2416	75
2951	225,265,256,289,225,281,238,243,256,258	1,0,3,0,0,0,0,0,0,0	288,186,171,211,294,206,228,221,350,369	1,0,0,0,1,0,1,1,1,0	1739	75
2952	32,29,35,35,28,24,16,26,28,35	38,49,63,44,48,43,50,50,38,44	23,16,14,13,27,27,30,22,25,37	38,37,40,40,56,59,54,68,53,61	1042	75
2953	397,370,426,455,382,335,446,315,339,390	1,2,0,0,0,2,0,1,1,1	404,331,358,394,451,361,404,339,472,487	1,3,0,0,1,1,0,0,3,1	4416	75
2954	0,1,0,0,0,0,0,0,0,0	1,0,1,0,1,0,0,0,1,0	1,0,1,0,1,0,0,1,0,2	0,0,0,0,0,0,0,0,0,0	172	75
2955	0,1,0,0,0,0,0,0,0,0	0,1,0,0,1,0,0,0,0,0	1,0,1,0,1,0,0,1,0,2	1,0,0,0,0,0,1,0,0,0	190	75
2956	14,6,8,5,12,4,11,4,7,3	0,0,0,0,1,0,0,0,0,0	15,5,11,3,16,6,8,3,7,5	0,1,0,0,0,0,0,0,0,0	1385	75
2957	8,5,5,2,8,4,6,2,4,1	1,0,1,2,4,3,4,2,0,2	7,3,6,3,6,2,4,0,3,5	3,3,4,2,4,1,2,1,1,3	1228	75
2959	1,3,1,1,0,1,1,0,1,1	71,79,69,93,77,63,77,72,62,120	3,2,0,3,0,2,3,2,3,2	116,89,62,66,76,68,104,83,80,43	273	75
2961	11,8,10,5,8,9,8,10,9,11	0,1,1,0,0,0,0,0,0,0	15,6,16,6,4,8,6,3,20,6	1,0,1,0,0,0,0,0,0,0	150	75
2962	0,0,0,0,0,0,0,0,0,0	0,0,1,0,0,0,1,0,0,0	0,0,0,0,1,0,1,0,0,0	0,0,0,0,0,0,0,0,1,0	165	75
2963	29,39,36,36,29,29,22,36,26,33	0,3,0,1,0,0,1,0,0,0	38,37,27,35,36,34,37,30,26,25	1,0,0,2,0,1,0,0,0,0	391	75
2965	2,6,0,4,3,3,1,6,1,3	148,199,171,192,163,132,148,140,142,167	1,2,0,3,3,0,2,1,1,1	174,147,148,164,188,149,181,119,160,141	789	75
2966	2,21,5,13,11,8,8,7,8,8	0,0,0,0,0,1,0,0,0,0	7,4,6,5,9,5,9,8,10,6	0,0,0,1,0,0,1,0,0,0	1894	75
2967	0,1,0,0,1,2,0,2,2,0	61,37,55,73,57,30,36,44,32,41	2,0,1,1,1,0,1,0,1,3	35,38,44,30,76,52,31,31,33,28	537	75
2968	17,11,23,43,22,23,14,18,23,14	2,1,1,3,9,2,4,5,5,4	22,22,15,14,24,6,17,12,29,30	6,7,2,2,9,3,7,2,5,1	404	75
2969	5,0,2,5,4,3,0,6,1,2	0,0,1,1,0,1,1,0,1,0	6,4,4,2,4,4,1,2,9,4	0,1,1,2,1,2,2,2,0,0	545	75
2970	1,0,0,2,1,1,0,2,0,0	4,10,10,8,16,9,6,11,9,8	3,1,1,2,1,2,0,1,2,3	7,10,4,4,14,7,10,8,8,6	513	75
2971	5,6,4,7,3,4,1,4,4,6	6,13,11,10,7,5,2,7,8,5	1,3,0,2,8,2,2,4,4,1	5,7,9,3,2,8,4,6,9,11	228	75
2972	1,0,3,3,1,2,0,0,0,0	0,0,0,0,0,2,0,1,1,1	1,0,0,0,1,0,0,0,1,1	0,1,0,0,3,0,1,0,0,0	1131	75
2973	7,14,5,17,6,11,8,9,10,7	0,1,1,0,0,0,0,0,1,1	9,9,3,1,12,6,10,6,5,10	0,0,0,1,0,0,0,1,0,1	827	75
2974	1,4,3,5,0,1,1,0,1,1	19,16,12,16,8,19,11,11,17,14	2,2,0,0,0,0,0,2,1,2	12,11,12,11,17,12,21,13,9,24	312	75
2975	2,4,2,2,0,0,1,0,1,1	12,13,15,19,9,18,14,11,16,14	0,2,0,0,0,1,0,0,1,2	14,18,16,18,23,20,17,23,16,22	431	75
2976	0,2,0,0,0,0,0,1,0,1	8,5,8,3,9,8,10,8,8,7	0,0,0,0,0,0,1,0,0,1	11,7,9,6,2,8,1,7,6,10	156	75
2977	17,19,21,12,19,16,13,12,10,21	1,0,6,3,2,3,4,1,6,2	10,9,16,7,11,7,10,15,15,15	7,4,2,3,4,1,3,2,1,7	417	75
2978	17,17,20,8,16,15,13,11,10,19	200,211,223,195,204,217,159,228,189,178	8,7,11,7,10,6,7,13,14,12	210,199,198,186,214,184,235,212,244,237	265	75
2980	2,3,1,2,1,3,0,0,0,1	10,19,16,21,13,9,7,19,13,9	2,2,0,1,0,0,0,0,2,0	15,13,10,15,11,20,36,13,10,4	1168	75
2981	3,1,4,2,4,1,1,0,2,2	11,12,9,6,4,2,11,8,6,10	6,4,2,3,9,4,2,2,3,2	11,12,5,3,5,6,6,9,9,8	596	75
2982	11,7,14,6,9,5,11,9,8,15	2,0,1,0,1,1,0,1,1,0	11,6,10,8,9,10,12,10,13,16	0,0,0,1,1,0,1,0,1,1	207	75
2983	29,33,26,34,34,36,21,44,27,24	0,0,0,1,2,0,0,0,1,0	29,17,12,22,35,25,27,30,29,42	0,0,0,0,1,0,0,0,1,0	176	75
2984	4,2,1,6,3,2,2,1,1,2	83,96,80,114,75,119,80,86,81,95	0,0,1,3,3,0,1,1,1,4	105,85,101,95,105,68,105,88,93,108	146	75
2985	22,30,24,31,27,29,21,18,13,26	1,0,0,0,0,0,0,0,0,0	26,20,21,22,33,19,28,16,25,27	0,0,0,0,0,0,0,0,0,0	417	75
2986	16,25,19,22,21,22,16,15,10,21	60,67,63,79,58,67,53,63,59,87	21,17,17,17,27,17,22,12,19,21	71,45,73,63,70,58,64,51,74,73	247	75
2988	9,16,11,12,14,16,9,10,7,13	2,0,0,0,2,1,0,0,1,2	14,9,11,11,15,8,16,4,9,7	0,1,0,0,1,0,0,1,2,1	154	75
2990	53,74,50,86,54,83,56,67,77,77	106,130,112,121,90,143,109,106,110,160	58,64,82,75,64,89,82,99,99,121	132,131,154,112,119,98,131,115,132,141	157	75
2991	3,8,5,2,7,3,6,4,4,5	0,0,0,0,0,0,0,0,0,0	5,9,4,1,5,4,2,4,9,15	0,0,0,0,1,0,0,0,0,0	220	75
2992	4,9,7,3,9,5,7,4,4,6	6,3,9,6,3,6,4,5,9,7	8,12,4,3,8,8,4,5,10,20	5,5,3,6,6,6,3,4,5,6	289	75
2993	2,4,4,1,6,3,4,3,4,5	0,0,0,0,0,0,0,0,0,1	6,8,1,3,4,4,3,2,4,10	0,0,0,0,0,0,0,0,0,0	172	75
2994	2,7,4,2,4,2,4,1,1,2	10,11,3,3,7,4,6,6,6,11	1,5,5,7,2,2,2,1,1,9	12,5,4,6,9,10,12,3,4,3	146	75
2995	9,5,6,4,12,5,11,8,8,8	10,12,5,12,10,4,3,2,6,5	8,6,6,5,7,9,16,4,14,15	9,8,9,10,13,2,10,7,5,5	462	75
2996	5,11,9,10,9,5,7,4,3,6	5,6,5,3,13,7,6,5,8,7	8,3,7,6,6,1,3,3,9,7	7,5,6,2,8,6,3,4,9,5	2618	75
2997	34,28,41,37,32,30,38,44,25,23	51,71,59,58,53,60,50,74,52,71	42,26,30,35,39,35,43,40,30,22	57,69,65,45,61,53,70,78,75,68	162	75
2999	0,1,0,1,1,0,0,0,0,0	18,24,25,22,19,32,15,25,17,18	0,0,0,0,0,0,0,0,1,0	19,19,11,18,14,17,19,13,35,26	291	75
3000	15,13,15,18,18,6,17,19,13,22	17,25,16,29,11,21,26,25,36,37	12,7,7,13,18,15,16,9,10,22	27,25,25,27,28,27,19,16,19,28	416	75
3001	0,0,0,0,0,1,0,0,0,0	0,0,0,2,0,2,0,0,0,0	0,0,0,0,0,0,0,0,0,0	0,0,1,0,0,0,0,0,0,0	283	75
3004	0,0,0,0,0,0,0,0,0,0	37,40,39,40,28,38,29,38,30,35	0,0,0,0,1,1,0,0,0,0	47,27,37,22,43,40,30,32,35,34	166	75
3005	0,0,1,1,0,1,0,0,0,0	23,22,30,27,30,24,23,25,18,22	0,0,0,0,1,1,0,0,1,1	33,31,26,35,19,28,25,32,34,24	238	75
3006	0,1,0,0,0,0,0,0,0,0	0,0,0,0,0,0,0,0,0,0	1,2,0,0,0,1,0,1,1,0	0,0,1,0,0,0,0,0,0,0	313	75
3007	4,2,2,3,4,6,3,5,4,5	35,36,46,48,51,41,41,41,41,44	2,2,1,2,6,5,2,1,5,9	42,44,31,35,50,43,35,29,40,44	1760	75
3008	15,10,14,10,7,10,12,17,16,11	4138,4592,4709,4555,4221,4281,3847,3982,4066,4545	8,12,6,9,8,12,11,11,4,20	4322,4034,3923,4140,4520,4320,4675,4049,4529,4627	170	75
3009	7,6,5,6,6,5,6,7,8,6	0,0,0,3,0,1,0,1,0,0	17,2,5,5,6,9,3,4,6,7	1,0,0,0,0,2,1,1,0,1	791	75
3012	0,0,0,0,0,0,0,1,0,0	0,0,0,0,0,3,0,0,0,0	0,0,0,0,0,0,0,0,0,0	0,0,0,0,0,0,1,0,0,0	2059	75
3013	103,148,135,168,84,115,122,132,117,93	27,29,41,32,35,16,25,17,27,27	144,69,60,99,179,69,101,69,159,124	29,37,22,27,39,32,30,32,19,15	2140	75
3014	1,3,1,2,1,1,2,2,0,0	163,200,220,181,176,186,175,184,190,166	0,1,1,0,1,0,1,0,1,2	151,141,166,185,190,202,209,170,185,230	168	75
3015	5,7,10,13,3,2,11,11,2,10	76,62,72,73,58,61,38,56,69,66	10,6,5,0,10,6,11,7,12,10	53,59,61,73,69,74,78,82,67,50	1707	75
3016	26,24,23,22,11,29,27,19,21,30	107,107,122,132,122,105,90,86,101,121	17,16,17,9,28,8,22,12,32,28	106,109,138,89,132,118,134,113,101,126	2027	75
3017	2,4,3,4,2,1,2,1,1,2	136,117,112,135,122,122,97,117,116,95	7,2,1,1,1,2,2,2,6,5	120,119,121,126,104,111,118,86,108,99	268	75
3018	0,1,2,3,1,0,3,2,3,2	0,0,0,0,0,0,0,0,1,0	2,0,1,1,4,2,0,1,1,4	0,0,0,0,0,0,0,0,0,0	601	75
3019	0,2,2,3,1,0,3,2,3,2	56,88,82,88,97,60,66,64,70,80	2,0,1,1,4,2,0,1,1,4	71,90,71,83,88,82,94,89,88,65	607	75
3020	7,6,6,12,8,6,5,9,4,11	1,2,0,2,0,0,4,2,0,0	5,4,5,5,9,2,9,4,9,7	1,1,3,2,1,2,3,1,1,0	355	75
3021	7,6,6,12,8,6,5,9,4,11	97,114,86,92,100,118,99,98,117,122	5,5,5,5,9,2,10,5,12,7	115,95,95,101,106,85,113,89,106,124	361	75
3022	11,4,11,7,5,11,4,7,4,12	78,72,72,84,69,93,81,88,74,88	8,2,6,10,10,3,2,1,13,12	80,100,85,68,82,70,72,91,118,100	735	75
3023	7,7,3,1,0,2,5,0,8,11	0,1,2,0,0,0,1,0,0,0	5,3,5,5,26,32,22,2,10,14	1,0,0,0,6,1,0,2,3,0	128	75
3024	69,87,79,76,79,55,82,67,78,69	1595,1622,1722,1810,1559,1742,1478,1651,1541,1838	105,43,43,54,96,51,57,57,102,66	1780,1685,1817,1755,1782,1671,1682,1753,1838,1917	5134	75
3025	171,216,203,243,224,203,202,213,188,218	0,0,0,1,0,0,0,0,0,0	243,179,210,181,221,194,228,198,284,255	0,0,0,0,0,0,0,0,0,0	5485	75
3026	2,1,2,1,0,4,0,0,1,4	1016,1210,1169,1357,1142,1207,998,1099,1138,1357	2,1,5,1,0,3,2,1,4,3	1122,1181,1314,1202,1212,1132,1241,1194,1307,1395	350	75
3028	0,1,0,1,1,0,1,0,1,0	0,0,0,1,0,0,0,0,0,0	0,0,0,0,3,0,1,0,1,2	0,0,0,0,0,0,0,0,0,0	282	75
3029	0,1,0,1,1,0,1,0,1,0	0,1,0,1,0,1,2,0,0,1	0,0,0,0,3,0,1,0,1,2	0,0,0,0,1,0,0,0,0,2	275	75
3030	19,15,11,13,21,16,15,11,20,17	28,26,27,25,23,23,23,29,30,45	23,19,10,9,17,15,17,14,14,20	23,17,25,28,34,19,28,30,31,32	760	75
3031	60,84,64,76,60,44,47,60,57,59	22,22,23,17,14,25,14,26,9,27	74,38,46,54,66,47,52,56,88,85	23,18,12,14,14,23,27,17,20,29	718	75
3032	62,87,70,84,62,54,50,60,65,67	0,1,0,0,1,1,1,0,1,1	81,45,47,55,70,56,55,63,93,89	0,0,0,0,0,0,0,1,0,1	760	75
3033	1,2,2,0,1,1,2,0,1,1	20,16,28,24,14,12,14,24,29,19	2,1,1,1,2,2,0,0,1,2	17,24,17,19,21,26,13,29,14,18	1599	75
3034	12,13,15,11,6,9,8,7,5,8	49,72,57,43,39,63,44,54,56,48	11,6,5,9,12,6,9,7,17,6	72,45,61,54,57,63,58,73,83,73	447	75
3035	303,306,215,267,174,215,208,207,233,185	0,0,0,0,0,0,1,0,0,0	244,167,131,225,379,228,222,168,250,189	1,0,1,1,0,0,0,0,1,1	2576	75
3036	7,3,5,2,0,3,6,6,4,1	11,12,14,10,8,6,10,11,6,19	8,3,1,1,4,1,3,2,2,4	7,9,7,4,13,7,11,14,3,6	1935	75
3039	3,0,0,0,1,2,0,0,1,2	52,25,29,35,31,31,34,23,27,43	0,1,0,1,5,0,1,0,4,2	38,37,21,32,40,37,39,25,25,26	344	75
3041	39,27,31,33,21,19,32,28,23,25	44,57,46,66,62,53,54,45,52,53	32,11,25,20,42,18,32,22,41,46	61,59,47,61,47,57,43,60,50,43	409	75
3042	2,7,6,3,3,2,2,1,3,8	0,0,0,0,0,0,1,0,1,0	2,0,1,1,14,0,1,5,7,7	2,0,0,0,1,0,0,0,0,0	315	75
3043	3,1,1,0,1,2,2,1,1,1	16,11,13,34,17,18,12,13,15,19	4,3,0,1,2,0,1,2,1,1	14,16,9,7,27,17,19,19,16,17	203	75
3044	17,21,20,21,26,16,20,23,26,22	0,1,0,0,0,2,0,0,0,0	24,17,15,24,25,21,15,31,31,43	1,0,0,0,1,3,0,0,1,1	380	75
3045	0,1,3,1,1,2,4,0,5,0	21,25,30,26,20,14,14,20,13,23	0,0,1,2,1,0,2,2,2,5	19,17,28,24,38,17,27,17,25,20	289	75
3046	24,28,32,39,30,24,34,24,28,34	6,6,5,5,11,5,6,10,3,7	20,41,22,27,19,28,28,28,35,33	9,5,3,1,11,8,9,12,7,14	180	75
3047	13,16,19,14,7,10,11,8,7,17	41,53,53,79,67,51,48,51,65,82	9,14,7,13,8,16,12,10,9,11	74,56,48,56,61,57,70,46,52,48	155	75
3048	0,0,0,0,0,0,0,0,0,0	0,0,0,0,0,0,0,0,1,0	0,0,0,0,0,0,0,1,0,1	0,1,0,0,2,0,2,0,0,0	390	75
3049	0,0,0,0,0,0,0,0,0,0	1,0,0,0,0,0,0,0,0,0	0,0,0,0,0,0,0,1,0,0	0,1,0,0,2,0,0,0,0,1	378	75
3051	0,5,6,2,5,0,4,3,4,4	315,443,376,384,376,378,308,370,328,361	5,0,2,3,6,3,4,3,2,6	317,364,349,363,343,346,422,391,397,396	229	75
3052	7,17,11,8,5,5,12,10,7,9	112,141,129,106,124,63,83,96,87,81	13,2,5,3,15,7,7,5,18,18	128,115,85,112,149,124,118,85,77,34	919	75
3053	0,1,0,0,1,1,0,0,0,0	0,0,0,0,0,0,0,0,0,1	0,0,0,0,0,0,2,0,0,1	0,0,2,0,0,0,0,0,0,0	211	75
3055	1,0,2,0,0,1,1,1,2,0	0,1,0,1,0,2,0,2,1,1	4,1,1,0,2,1,1,0,1,3	0,1,3,0,1,0,3,1,0,0	430	75
3056	13,10,14,11,8,12,12,11,11,12	55,91,74,85,86,47,53,66,54,60	16,10,15,3,21,7,7,11,11,10	76,57,67,63,82,66,87,70,72,41	1823	75
3057	17,17,18,14,6,9,12,5,9,10	13,15,11,12,11,9,5,14,6,4	20,5,1,11,15,13,6,8,7,14	15,4,5,15,6,17,11,8,7,2	1751	75
3058	240,231,301,287,218,271,243,255,259,308	6,1,2,2,3,3,1,2,0,1	244,287,286,295,282,262,251,260,312,343	2,3,5,3,3,1,2,3,2,2	580	75
3059	1,5,12,12,12,9,12,7,6,11	85,84,71,77,52,96,65,89,100,92	20,15,5,11,17,8,10,6,15,13	70,70,67,86,70,68,102,70,88,103	152	75
3060	14,5,2,10,8,5,11,11,15,15	17,15,16,25,13,22,18,15,23,15	9,12,2,15,13,12,14,13,18,14	14,20,21,13,18,20,19,18,18,19	145	75
3061	3,3,5,4,3,5,4,2,2,3	161,163,164,193,155,122,124,143,140,174	3,4,2,1,3,3,4,0,0,7	150,155,149,136,177,145,146,142,140,151	155	75
3062	1,2,1,1,1,1,0,0,8,1	12,13,10,15,7,9,12,9,4,8	0,1,0,1,2,4,0,1,2,2	5,10,1,11,14,13,10,9,4,10	535	75
3063	19,25,15,21,11,22,16,20,13,28	8,5,3,4,6,1,3,1,11,2	17,15,9,20,38,14,19,10,16,21	7,9,3,5,4,3,8,12,2,1	1249	75
3064	4,0,0,1,1,0,3,1,0,0	10,8,13,10,13,6,10,11,11,10	0,1,0,0,2,1,1,0,0,0	15,10,8,7,11,16,9,11,9,16	960	75
3065	0,0,1,2,3,1,0,0,1,3	56,47,55,53,62,37,50,42,48,67	1,2,0,2,0,1,0,0,0,0	68,53,44,53,51,72,66,58,51,15	307	75
3066	0,2,1,1,0,0,0,1,0,0	9,4,4,9,3,5,8,2,4,3	1,1,1,3,0,0,2,0,0,2	1,6,2,3,5,5,5,4,3,6	246	75
3067	37,27,23,42,21,24,25,24,31,36	72,76,83,69,72,67,58,74,69,90	43,18,31,19,32,19,27,17,36,50	81,54,64,81,57,51,79,79,92,97	446	75
3068	12,7,11,10,3,7,9,11,7,6	63,80,94,80,65,65,73,67,60,77	7,9,7,11,9,7,4,2,8,9	58,64,59,78,62,70,78,58,79,96	171	75
3069	8,13,8,11,8,7,9,11,14,7	10,11,11,10,12,9,10,10,5,7	12,3,10,7,9,5,11,12,10,6	10,6,12,4,15,13,16,5,13,17	196	75
3070	1,0,1,1,1,0,0,0,1,2	32,35,32,28,30,17,25,22,32,33	1,0,1,0,2,0,1,1,0,0	34,34,20,29,35,27,53,29,30,33	186	75
3071	15,22,15,16,8,17,16,19,10,20	17,7,12,13,6,16,11,7,11,13	16,20,5,17,22,7,18,17,17,22	5,9,10,7,11,3,8,4,15,16	989	75
3072	2,0,2,5,1,1,0,1,0,0	19,19,29,19,22,26,15,16,36,31	3,0,0,2,3,2,0,1,7,6	27,24,26,32,28,20,21,32,42,32	228	75
3073	2,1,2,3,2,4,4,1,1,2	36,47,48,52,41,54,35,52,27,51	1,1,0,1,5,1,3,1,2,3	49,54,35,39,39,46,51,39,77,57	1017	75
3074	25,24,29,36,35,16,19,30,21,34	318,354,323,343,331,191,216,283,264,264	38,18,16,14,27,26,33,17,36,35	337,263,256,313,314,299,386,240,217,202	915	75
3075	24,13,23,18,25,10,9,17,12,16	1,1,4,0,0,2,0,0,0,2	28,17,9,11,15,20,13,8,12,7	1,2,2,0,0,0,1,0,2,0	755	75
3076	24,11,20,18,21,9,8,16,11,15	0,0,1,0,0,0,0,0,2,0	24,17,7,11,13,17,11,8,12,7	0,0,0,0,0,0,0,0,0,0	661	75
3077	4,1,2,2,2,3,1,0,1,1	23,28,18,26,22,31,21,26,30,33	1,0,1,1,2,1,2,0,0,1	21,30,28,30,23,20,24,13,21,24	464	75
3079	6,4,8,5,6,5,3,6,10,7	43,52,54,41,32,41,36,45,45,38	9,5,4,1,7,3,4,7,7,11	55,32,56,57,46,40,60,54,66,32	841	75
3080	909,1094,1013,1058,929,736,824,871,844,873	23,28,27,37,23,14,21,24,11,32	991,886,936,878,986,881,1047,798,876,745	24,23,13,26,20,32,31,26,31,22	496	75
3081	0,0,0,0,0,0,1,0,0,0	108,94,106,131,118,117,95,115,99,111	0,0,0,0,0,0,0,0,1,0	98,97,84,95,100,99,100,109,94,103	159	75
3082	16,11,8,13,16,13,17,11,11,15	53,74,67,56,73,55,39,53,50,42	13,5,2,13,14,9,18,8,12,9	55,33,67,37,52,71,71,57,54,45	516	75
3083	14,15,22,27,22,13,15,14,23,12	71,107,84,78,101,103,65,78,53,62	10,16,8,13,22,9,15,13,19,31	90,74,81,76,88,103,87,72,77,75	773	75
3084	0,2,2,6,1,6,2,4,4,4	119,109,115,139,99,103,110,111,111,97	5,4,1,0,6,1,1,2,4,1	121,123,124,109,125,119,131,104,118,96	320	75
3085	2,1,2,4,3,4,2,0,4,0	112,129,131,140,111,91,86,85,104,112	1,3,0,1,2,3,1,4,2,0	125,118,97,138,121,106,141,127,117,104	382	75
3086	2,0,1,1,2,0,0,4,0,0	197,242,237,229,199,165,141,180,191,222	0,0,1,1,0,0,0,2,1,4	225,229,171,243,203,246,244,209,175,185	173	75
3087	3,5,3,3,5,1,6,4,3,0	126,177,155,157,154,93,110,113,112,114	4,3,1,1,2,1,2,2,3,1	157,146,112,132,145,126,159,137,111,116	1944	75
3090	5,2,2,2,1,0,1,1,4,4	4,11,13,11,10,4,9,10,13,7	3,5,1,2,3,1,5,6,3,3	16,6,10,13,14,19,9,8,7,4	3267	75
3092	5,1,0,1,1,1,1,1,3,2	0,0,0,0,0,0,0,0,0,0	1,0,1,2,0,2,1,0,0,0	0,0,0,0,2,0,0,0,0,0	1283	75
3095	3,4,5,4,1,1,5,4,5,1	0,0,0,0,0,0,0,0,0,1	3,2,1,1,7,4,5,2,3,1	0,0,0,0,0,0,0,0,0,0	401	75
3096	3,1,3,0,0,0,5,0,4,0	15,11,14,19,14,10,18,11,16,10	1,1,1,0,6,4,3,1,0,0	19,8,12,15,18,10,8,8,11,7	178	75
3100	36,37,41,35,16,30,36,24,45,42	45,57,35,71,30,42,53,52,53,72	41,34,35,50,47,49,60,32,39,47	51,48,43,45,58,56,58,58,65,66	157	75
3101	11,16,11,11,12,11,12,17,7,8	48,53,64,53,54,37,51,44,46,45	11,6,10,9,12,7,8,2,11,9	64,51,50,38,61,56,50,38,41,31	1279	75
3103	1,0,2,1,1,3,0,1,0,1	4,2,4,4,4,0,7,3,2,2	2,2,1,0,1,1,3,1,1,6	3,1,3,3,3,1,4,5,3,5	170	75
3107	35,26,37,32,22,23,31,25,24,27	647,705,627,603,563,619,541,568,611,682	63,18,18,31,37,23,29,23,40,39	622,601,588,595,623,647,711,567,657,673	513	75
3109	32,29,29,29,20,20,12,19,28,30	89,76,106,118,56,49,51,56,65,75	19,21,14,22,20,37,24,13,25,14	76,68,66,79,74,84,74,80,59,44	326	75
3110	32,29,29,29,20,20,12,19,28,30	3,11,3,7,7,3,7,2,8,5	19,21,14,21,20,36,24,13,25,14	7,7,4,15,9,4,5,10,2,7	323	75
3111	11,9,12,9,10,7,6,6,9,12	18,10,25,15,15,11,11,13,14,9	8,6,5,6,4,12,9,7,4,5	18,13,19,21,17,17,20,21,18,11	262	75
3112	8,8,6,18,11,18,10,11,12,20	8,1,7,8,8,4,3,8,5,8	14,9,16,18,10,10,20,8,16,24	12,8,2,4,4,3,9,5,8,9	157	75
3113	17,22,19,27,29,14,11,11,14,17	51,46,48,45,38,57,31,62,48,46	19,13,8,7,19,7,11,20,20,20	63,39,25,54,40,38,48,47,47,47	1078	75
3114	18,26,19,30,32,18,11,12,15,17	4,2,6,1,4,2,5,4,5,5	19,13,9,12,20,9,13,22,26,24	2,1,1,1,2,6,3,3,6,5	1088	75
3117	174,130,165,159,120,167,165,145,140,152	4,1,0,1,2,2,0,1,1,2	168,119,159,159,182,171,179,155,182,163	2,0,3,4,0,1,1,3,1,1	1082	75
3118	0,0,0,0,0,0,0,0,0,0	33,34,39,43,33,36,35,35,36,51	0,0,0,0,0,0,0,1,0,0	34,33,41,36,44,31,49,30,31,26	154	75
3119	10,5,12,14,8,7,4,8,11,6	2,5,9,2,4,4,2,0,2,3	11,7,5,6,8,16,11,3,7,10	3,2,3,3,4,4,3,1,0,1	2092	75
3120	2,0,0,1,2,0,1,0,1,0	7,6,6,5,6,7,6,8,5,7	0,2,1,0,1,0,1,0,0,2	3,7,3,11,7,1,10,7,14,14	147	75
3121	2,0,2,0,0,1,1,0,0,1	7,13,7,10,5,7,6,3,0,10	0,0,0,1,2,0,0,0,1,1	2,6,5,4,7,3,6,8,8,13	258	75
3122	1,0,3,0,0,0,1,0,1,1	4,7,6,10,6,6,6,5,3,12	2,0,0,1,0,1,0,0,0,1	9,3,6,2,9,2,4,5,6,5	306	75
3123	2,2,2,8,3,0,2,4,4,3	2,3,5,6,8,1,1,3,3,3	5,7,1,1,2,1,1,3,4,3	3,2,4,2,3,3,2,3,0,0	427	75
3124	1,2,4,3,4,0,2,1,6,0	2,0,0,0,1,0,0,0,1,0	5,2,4,2,2,4,4,1,2,1	1,0,0,0,0,0,1,2,0,1	187	75
3125	3,6,9,3,4,1,3,3,7,1	3,1,2,3,1,0,2,2,0,0	10,2,5,6,6,7,4,4,3,3	1,0,4,2,3,3,2,0,2,3	241	75
3126	0,1,0,2,0,0,1,0,1,1	54,82,80,75,71,87,58,67,81,60	0,1,1,0,0,1,0,1,0,1	60,82,59,54,83,71,84,85,78,88	157	75
3127	1,0,1,0,0,0,4,0,1,1	0,0,1,3,0,0,1,0,0,1	0,1,0,0,0,0,2,0,0,3	3,1,0,0,1,2,0,0,0,0	220	75
3129	4,1,4,6,2,3,1,6,4,4	25,15,23,43,19,18,12,16,19,17	5,2,2,0,4,0,2,1,3,2	19,23,20,21,32,18,26,25,20,28	474	75
3130	0,1,1,0,0,0,0,0,2,0	11,17,15,20,12,22,25,22,19,17	0,0,0,0,0,0,0,0,0,0	26,15,25,19,31,26,21,20,19,24	145	75
3131	4,1,4,7,3,4,1,4,1,5	153,161,179,191,134,119,116,136,153,180	4,2,1,4,6,2,1,0,8,2	140,179,165,161,141,177,174,143,141,153	382	75
3134	3,6,2,5,5,8,4,3,4,4	40,32,25,39,27,39,20,29,32,32	7,2,0,2,6,4,4,1,5,8	33,27,28,47,43,27,35,30,38,55	151	75
3135	8,7,6,5,6,5,6,8,13,2	19,17,19,17,10,18,20,20,21,19	5,4,6,4,11,2,9,4,9,17	19,23,17,25,17,16,24,11,25,15	478	75
3139	22,23,10,27,19,13,15,27,13,22	51,76,67,66,62,34,45,69,50,62	20,14,15,20,24,13,12,18,34,38	64,41,36,50,74,51,72,58,75,39	300	75
3140	516,555,538,523,521,440,476,526,430,603	9,2,6,5,4,3,2,8,2,7	506,475,489,485,587,530,602,489,569,594	2,5,5,0,9,6,4,8,1,3	242	75
3142	88,69,96,81,63,87,70,73,88,104	446,483,511,587,479,617,398,462,453,535	90,71,54,52,73,71,81,87,88,111	543,554,551,534,500,519,536,475,593,665	353	75
3143	20,17,30,23,29,19,19,24,15,30	65,96,103,103,90,131,91,98,90,123	26,13,16,24,31,21,15,13,29,27	108,89,91,107,86,95,82,75,95,119	736	75
3144	9,2,4,2,6,4,4,8,5,7	128,141,144,145,127,198,128,147,138,143	3,1,2,5,5,3,3,5,9,10	142,156,133,128,145,146,143,145,178,191	469	75
3145	29,13,20,19,17,9,21,18,14,19	35,31,43,36,39,13,27,27,32,38	23,13,12,7,28,8,16,5,16,22	39,18,39,26,31,37,43,35,30,19	883	75
3146	0,0,0,0,0,0,0,0,0,0	47,56,45,55,47,45,41,45,42,59	0,0,0,1,0,1,1,0,0,0	45,65,69,57,45,57,46,61,54,41	241	75
3147	2,5,1,3,1,3,2,3,2,4	46,30,43,43,44,27,39,43,51,46	9,3,0,3,7,3,2,4,6,4	46,35,41,45,36,47,31,48,44,43	734	75
3148	6,8,7,6,5,3,2,3,6,7	474,475,469,542,448,510,462,442,483,582	7,7,5,8,8,3,3,4,6,5	483,468,500,473,508,481,525,471,549,629	492	75
3149	5,4,3,6,8,10,6,9,8,5	14,6,9,22,14,15,12,8,11,19	4,4,10,6,6,6,3,5,9,13	15,11,13,16,10,18,14,12,19,18	248	75
3150	14,19,18,22,14,23,19,22,31,18	4,6,3,4,3,2,5,1,4,5	14,23,25,27,21,16,31,18,14,18	4,3,6,6,2,2,3,3,4,7	297	75
3151	12,16,24,24,18,25,13,24,15,28	0,0,0,0,0,0,0,0,0,0	27,16,13,18,13,20,23,21,31,17	0,0,0,0,0,1,0,0,0,0	174	75
3154	101,100,123,112,83,91,79,115,91,89	30,36,43,44,43,36,36,42,35,44	118,65,60,55,124,97,93,52,120,130	40,39,53,42,40,45,40,42,52,47	1408	75
3156	13,13,14,14,13,6,14,9,8,18	21,12,17,17,15,16,16,16,14,9	20,11,10,11,14,7,12,11,20,18	19,8,13,19,22,16,23,13,17,9	589	75
3157	2,3,0,4,0,1,5,3,0,0	0,0,0,0,0,0,0,0,0,0	4,3,5,0,0,2,3,4,2,1	0,0,1,0,1,0,0,0,0,0	485	75
3158	5,7,9,11,5,4,12,9,4,12	65,86,58,74,68,66,52,64,61,73	8,8,6,16,10,6,7,3,12,10	65,74,59,70,65,71,73,70,71,65	260	75
3161	4,8,2,4,2,2,6,7,3,4	15,17,8,18,17,9,11,22,10,22	4,2,1,0,6,1,4,3,5,7	16,16,8,19,13,10,16,20,17,19	177	75
3163	0,1,0,0,1,1,1,0,0,0	5,4,4,2,6,4,6,6,1,1	0,0,0,0,0,1,0,0,0,2	5,3,3,6,4,2,2,3,6,5	383	75
3164	0,0,0,2,0,1,0,2,1,3	5,2,3,4,3,2,7,0,4,3	1,0,0,0,1,0,0,0,0,1	3,3,4,2,5,0,7,4,6,3	303	75
3165	6,8,6,6,8,6,5,5,3,3	4,1,0,0,3,0,1,1,0,1	7,3,4,2,9,3,5,4,8,7	0,1,2,0,0,2,0,1,0,0	1188	75
3166	6,8,6,7,8,6,5,6,3,4	2,4,1,3,1,4,4,2,1,0	8,3,4,2,9,3,5,4,8,9	2,4,5,3,3,2,2,4,8,1	1207	75
3168	0,0,0,0,0,1,0,0,0,0	4,0,3,0,2,5,0,1,0,0	0,0,0,0,0,1,0,0,0,1	0,0,0,1,4,3,4,2,2,1	156	75
3169	1,0,2,1,0,1,0,1,0,0	0,3,1,0,0,3,1,0,0,2	4,1,1,2,2,0,0,0,1,0	1,0,0,0,3,1,2,1,0,0	278	75
3170	3,3,2,4,2,3,5,2,2,4	4,4,9,14,15,8,6,11,10,5	7,2,3,5,1,1,1,2,1,5	8,5,5,8,5,8,13,17,4,12	179	75
3171	14,7,10,10,8,5,5,7,11,14	131,156,166,155,135,107,128,116,136,150	3,1,1,6,14,3,6,4,5,4	165,138,126,151,142,166,156,130,132,86	706	75
3172	58,72,56,54,55,34,49,67,70,69	10,8,12,3,15,3,11,8,10,8	78,62,44,39,67,80,61,47,43,46	12,8,10,4,8,6,14,16,7,6	1094	75
3175	330,377,342,363,383,370,310,332,339,442	10,15,15,12,7,10,4,11,12,5	358,341,348,339,336,355,324,351,400,378	11,9,6,5,9,11,7,9,9,12	495	75
3177	6,7,5,6,6,5,3,4,6,8	42,37,51,43,35,45,39,35,33,49	11,0,2,4,3,7,4,0,4,10	40,30,39,45,50,49,36,26,44,23	1269	75
3178	5,5,4,8,2,5,1,5,11,6	26,31,22,27,18,29,23,28,28,21	7,2,4,4,3,8,1,4,10,3	16,20,22,18,18,16,23,20,29,22	225	75
3179	3,5,3,8,6,3,10,3,3,7	29,25,26,21,22,24,26,39,17,16	7,2,3,4,8,4,4,3,11,3	42,20,17,14,25,23,11,21,30,36	861	75
3183	49,49,26,49,42,28,17,25,34,42	4,6,2,1,3,3,7,3,2,8	46,11,19,34,59,22,29,18,30,32	2,4,3,2,5,6,3,3,7,2	1061	75
3184	5,2,2,4,4,4,3,10,1,3	0,0,0,0,0,0,0,0,1,0	4,0,0,1,6,2,2,1,1,6	0,0,0,0,0,0,2,0,0,0	452	75
3189	37,46,40,24,31,15,25,24,30,30	37,29,39,37,25,48,29,35,33,55	22,26,27,31,32,17,25,37,15,27	39,43,22,31,30,42,32,33,49,30	1739	75
3190	16,25,26,18,17,12,7,11,19,14	25,57,50,45,48,77,31,51,49,58	18,9,10,13,15,10,12,10,18,10	49,57,46,70,53,49,67,46,47,55	809	75
3191	0,1,5,3,3,1,1,2,2,1	19,16,25,18,26,4,8,12,11,10	1,1,1,0,2,2,3,2,6,0	17,20,14,12,26,13,26,3,6,10	1197	75
3192	5,3,5,9,6,2,1,2,4,10	303,276,337,356,272,265,266,315,347,330	5,3,3,4,7,4,4,7,12,5	298,300,272,276,311,345,401,314,344,331	209	75
3195	3,2,2,2,2,2,4,1,1,3	24,28,23,28,21,16,16,23,33,33	2,1,0,1,2,4,4,5,2,0	22,21,30,24,27,17,28,26,20,20	160	75
3196	2,1,1,1,3,1,5,1,0,0	23,32,27,29,41,25,21,20,24,26	1,1,1,1,3,0,0,0,2,1	29,20,19,9,28,31,22,20,35,17	166	75
3197	11,6,7,12,9,5,12,8,8,5	13,13,20,12,13,18,3,14,10,10	12,4,7,10,5,5,10,3,10,10	23,9,18,13,16,17,7,10,21,9	350	75
3198	2,1,8,4,2,0,2,1,1,5	8,14,12,9,13,4,11,5,13,10	3,3,2,2,8,1,2,1,5,5	8,12,9,5,8,13,9,9,5,7	253	75
3199	0,0,0,1,0,0,1,0,0,1	20,19,18,26,23,12,10,17,22,19	0,0,0,0,0,0,0,0,0,0	35,17,21,10,24,13,19,16,17,10	150	75
3200	18,26,24,24,19,15,20,16,12,19	88,79,59,77,71,86,60,90,73,75	10,13,8,16,20,12,21,22,15,31	80,88,76,51,65,67,69,76,89,109	332	75
3201	5,5,7,9,9,6,6,7,6,7	94,70,74,75,81,85,54,91,65,114	3,2,3,2,7,5,2,3,9,8	76,67,64,101,102,75,66,70,85,104	278	75
3202	66,89,100,87,91,82,73,92,123,111	0,0,0,1,0,0,0,0,0,0	98,85,85,101,90,77,91,76,130,105	0,0,0,0,0,2,0,0,0,0	619	75
3203	1,8,4,4,4,2,3,5,3,8	63,66,63,74,47,56,48,87,66,76	6,9,4,5,6,1,4,3,10,9	80,75,65,61,61,53,74,64,78,63	243	75
3204	15,9,19,20,17,12,18,25,16,20	93,94,68,88,82,81,60,71,68,76	22,12,18,13,12,12,17,17,19,19	84,66,74,79,89,56,78,84,84,54	230	75
3205	0,0,0,0,0,0,0,0,0,0	0,0,1,0,0,0,0,2,0,1	0,0,0,0,0,0,1,0,0,0	0,0,0,0,0,0,0,0,0,0	340	75
3207	14,7,7,17,10,12,10,6,9,12	299,307,294,344,266,331,257,346,310,338	15,11,5,11,17,12,10,6,14,13	328,287,305,305,328,328,337,289,377,327	152	75
3211	394,428,451,400,399,236,333,342,345,354	90,88,131,119,93,66,72,64,102,82	435,320,333,405,441,381,423,393,297,237	112,77,75,101,125,126,106,93,65,61	186	75
3212	0,0,1,0,0,0,1,0,0,0	3,3,24,7,13,8,9,12,14,3	0,0,0,0,0,0,2,0,0,0	5,12,13,8,2,10,16,10,9,14	512	75
3214	0,4,7,1,4,0,4,2,0,1	22,21,13,23,17,26,14,28,12,19	2,1,3,1,1,0,2,2,4,2	9,28,18,35,27,8,17,25,29,36	204	75
3215	2,1,8,0,2,1,3,3,6,0	22,20,17,23,20,30,13,14,20,26	2,2,1,3,0,2,2,3,2,5	22,16,26,24,14,16,24,26,31,54	154	75
3217	4,1,2,0,3,1,2,4,3,3	16,22,19,20,28,15,12,12,23,10	2,4,0,0,1,1,1,0,5,2	24,21,10,24,26,22,23,15,15,5	878	75
3218	1,0,0,0,1,1,0,0,0,0	13,18,17,19,28,9,11,16,16,10	0,0,0,0,0,0,0,1,0,0	8,19,12,6,17,11,21,17,10,11	3615	75
3219	53,41,46,42,37,57,37,37,47,51	53,42,50,52,39,44,49,44,54,50	40,39,33,34,39,37,39,43,38,57	59,56,40,51,56,59,58,54,41,53	195	75
3220	92,69,82,94,85,89,78,73,77,95	33,29,38,38,24,36,32,31,30,31	85,66,59,77,70,75,82,87,63,117	34,34,27,39,29,34,32,32,34,35	452	75
3221	4,9,8,7,7,5,3,8,5,8	50,44,55,57,53,53,39,57,38,49	6,1,3,7,6,4,4,7,7,9	34,43,48,58,42,40,47,43,50,52	202	75
3222	28,39,38,39,34,30,37,24,36,59	97,116,126,130,133,153,114,130,131,143	34,29,31,32,36,44,30,32,41,54	122,126,124,120,147,153,119,123,157,164	339	75
3223	2,1,4,4,0,0,0,1,6,1	31,47,47,49,40,25,27,33,51,27	2,3,0,0,1,0,7,0,2,3	40,31,32,35,43,30,44,40,27,31	1937	75
3224	10,3,8,7,2,8,2,5,8,3	0,0,0,0,0,0,1,0,0,0	8,5,8,7,6,4,7,6,10,10	0,2,0,0,0,0,1,0,0,0	667	75
3225	3,2,0,0,2,3,5,0,2,2	5,6,7,4,3,1,2,3,1,1	3,0,1,3,0,1,2,2,3,6	8,1,4,0,9,7,1,3,2,0	1685	75
3226	8,9,6,2,5,3,8,1,5,4	1,1,1,0,0,0,0,0,0,0	5,6,7,6,6,4,3,7,4,7	0,0,0,1,0,2,0,1,0,0	1756	75
3227	5,4,6,6,13,5,9,5,4,8	13,13,20,29,15,18,13,11,13,19	5,6,3,6,9,1,10,10,2,8	14,19,21,20,19,16,20,20,10,27	2471	75
3228	19,13,11,16,21,17,21,13,14,17	0,0,0,0,1,0,0,1,0,0	14,15,12,15,17,10,26,18,10,20	1,2,0,2,0,0,0,0,0,0	2532	75
3229	4,3,6,9,1,5,2,3,3,4	0,2,3,4,0,1,0,1,0,4	5,3,1,2,3,6,1,2,3,5	0,1,3,0,2,2,0,1,2,1	1585	75
3230	1,6,15,5,6,6,0,5,8,5	40,43,46,61,45,41,25,27,29,31	12,3,1,5,12,2,4,3,4,3	52,39,27,34,37,41,43,25,32,21	1241	75
3231	0,0,1,0,0,0,0,0,0,0	22,18,15,13,14,6,10,15,13,16	0,1,0,0,0,0,0,0,1,0	16,12,15,15,12,12,26,17,32,13	644	75
3232	0,2,0,1,2,1,0,0,0,0	0,2,0,1,0,0,0,0,0,0	0,0,0,0,1,2,0,0,0,0	0,0,0,2,0,0,0,1,0,0	584	75
3233	1,0,0,0,1,0,1,1,0,0	90,100,107,91,99,69,72,89,80,80	2,2,2,0,0,0,4,0,1,3	87,103,116,83,90,80,114,93,90,78	296	75
3234	7,2,13,7,6,4,5,1,7,9	25,30,32,36,34,30,28,34,31,34	7,8,3,4,11,3,7,2,5,5	33,35,21,39,36,25,35,35,28,36	2242	75
3236	3,9,7,5,5,8,5,8,6,1	0,0,0,2,0,0,0,1,1,0	8,5,0,0,2,6,9,2,3,1	0,0,1,0,0,0,0,0,0,0	1049	75
3237	3,13,10,6,6,8,5,8,6,1	0,1,1,4,1,0,0,0,0,1	8,5,0,0,2,8,9,3,3,1	2,1,0,0,1,0,1,1,0,0	1132	75
3238	4,0,3,6,0,0,4,1,4,4	1,0,0,0,0,1,2,0,0,0	8,2,1,3,4,0,3,1,2,1	0,0,0,0,0,0,0,1,0,0	269	75
3239	5,1,3,8,0,1,5,1,6,5	22,28,23,16,22,12,10,16,22,22	10,2,2,3,4,2,5,1,4,2	22,16,28,21,20,24,17,24,13,19	339	75
3240	59,90,52,57,45,30,42,37,29,55	15,9,15,15,11,9,11,10,28,20	56,34,20,37,78,40,33,37,37,46	16,18,9,17,18,16,15,14,17,19	811	75
3241	526,624,576,663,518,541,492,528,538,575	0,0,0,0,0,0,0,0,0,1	535,533,475,544,623,549,662,532,572,579	0,0,0,0,0,0,0,0,0,0	2077	75
3242	0,2,4,0,0,1,0,1,2,1	9,9,3,6,7,9,5,6,10,6	0,2,0,0,4,0,0,1,1,2	7,3,7,4,8,1,8,4,10,10	156	75
3243	0,0,0,1,1,1,0,0,1,1	30,36,41,39,35,26,27,29,34,32	0,0,0,0,0,2,1,3,0,0	27,29,21,24,34,30,41,32,30,23	195	75
3244	2,0,1,0,0,1,2,0,1,3	6,7,3,2,3,1,3,4,3,2	2,0,0,0,1,0,0,0,0,1	5,4,5,4,5,6,3,1,3,4	198	75
3245	0,0,0,0,0,0,0,0,0,0	0,1,0,0,2,0,0,0,0,2	0,2,0,0,0,0,0,0,0,0	0,1,0,0,0,0,0,0,0,2	1680	75
3246	4,3,3,11,2,8,3,2,2,3	205,230,206,256,184,194,166,176,184,236	5,5,3,3,8,4,8,4,3,5	191,205,184,207,239,210,217,189,202,224	169	75
3247	2,4,2,3,4,5,1,2,5,6	8,7,8,8,6,4,5,10,3,9	0,2,4,7,2,4,2,6,6,5	5,11,9,9,6,10,8,7,7,7	184	75
3248	22,24,36,42,18,17,38,28,21,29	338,345,336,393,354,363,346,314,322,314	29,26,32,20,36,34,41,42,39,38	395,346,347,328,320,332,403,377,336,307	451	75
3249	2,3,2,5,4,4,5,3,2,1	0,0,0,0,0,0,0,1,0,0	1,2,7,2,8,6,2,3,5,5	0,0,0,0,0,0,0,0,0,0	536	75
3250	0,0,0,0,0,0,0,0,0,0	3,3,1,2,2,1,2,4,1,1	0,0,0,0,0,0,0,0,0,1	1,0,3,5,4,0,2,5,2,1	424	75
3251	13,12,9,11,7,4,4,11,9,7	55,45,42,37,33,33,28,48,25,39	12,6,12,7,20,3,7,6,11,13	38,28,27,22,40,43,40,15,24,28	1252	75
3252	3,2,8,5,4,5,4,5,0,1	97,92,81,96,73,83,83,88,65,84	3,6,2,7,8,1,3,6,4,3	101,98,87,100,98,106,103,92,94,94	156	75
3253	1,2,1,0,0,0,0,1,2,1	12,18,22,22,12,11,10,13,11,10	0,0,1,1,0,0,0,0,0,0	11,15,17,28,20,11,17,18,6,9	2316	75
3254	1,1,3,1,4,1,2,2,1,1	13,11,11,10,19,15,7,15,16,15	1,0,0,0,6,2,2,1,0,2	12,8,15,10,8,17,22,12,15,13	377	75
3255	0,0,1,0,0,1,0,1,0,0	4,8,5,5,1,5,4,3,7,6	1,2,0,0,0,1,1,0,0,2	6,4,3,5,4,7,7,1,6,6	168	75
3256	10,21,14,18,14,8,9,10,17,18	6,10,8,5,10,5,3,6,0,0	14,13,10,11,23,11,6,8,17,21	4,2,4,4,4,2,7,2,9,4	3308	75
3257	5,3,8,6,13,7,8,8,3,6	2,1,2,2,1,1,0,1,1,5	7,6,9,8,10,13,12,8,10,6	1,1,2,4,1,1,0,0,3,2	2612	75
3259	18,18,19,25,25,18,13,22,23,21	1,3,0,1,3,1,3,5,4,3	39,22,16,21,25,12,32,19,18,20	0,4,2,1,1,4,1,2,1,2	3908	75
3262	0,1,0,2,0,1,0,3,2,3	83,91,107,79,82,60,56,83,78,64	1,2,1,0,1,1,1,1,0,0	84,92,80,94,67,88,87,89,82,62	2257	75
3265	1,0,0,1,2,1,3,0,0,1	68,67,73,73,67,83,46,57,75,58	0,1,0,0,0,1,3,5,0,1	71,63,70,56,87,49,46,45,66,71	155	75
3266	6,7,8,12,5,8,5,6,9,9	0,0,0,1,0,1,0,0,1,0	7,7,5,3,11,4,6,2,8,10	1,0,0,0,1,1,0,1,0,0	206	75
3267	0,1,4,1,6,2,0,4,2,2	1,0,0,0,0,0,0,0,0,0	1,2,0,1,1,2,3,0,0,0	0,2,1,0,1,0,0,3,1,0	153	75
3268	3,2,1,1,1,0,2,0,2,1	1,0,0,0,0,2,1,0,0,0	1,1,1,1,2,1,0,0,1,0	1,0,0,1,2,1,0,0,0,0	160	75
3269	7,9,17,7,8,7,9,14,13,17	34,38,29,33,25,20,18,38,23,38	10,14,7,7,10,3,9,9,13,20	38,39,35,32,34,34,30,27,46,39	241	75
3270	1,1,2,1,1,1,0,2,2,2	88,106,94,86,89,85,74,90,105,66	1,0,1,1,0,1,1,0,1,1	66,85,92,83,59,76,86,86,85,83	185	75
3271	4,3,3,8,3,3,0,1,1,1	37,35,43,38,31,31,22,36,33,37	5,0,2,4,2,1,1,1,1,4	35,39,20,32,31,43,33,33,32,22	380	75
3274	1,0,0,0,0,0,0,0,0,0	0,0,1,0,2,0,0,0,0,0	0,0,0,0,0,0,0,0,0,0	0,0,1,0,0,0,1,0,1,0	491	75
3275	2,1,2,0,1,0,0,0,1,0	0,0,1,0,1,0,0,0,0,0	1,0,0,1,0,0,0,0,0,2	0,0,0,0,0,0,0,0,0,1	576	75
3277	5,1,0,4,3,2,3,1,1,3	4,8,10,13,6,11,6,18,10,14	1,4,2,1,3,2,0,0,5,4	7,7,8,7,13,12,10,6,6,7	152	75
3280	3,5,6,3,3,3,1,4,1,3	23,24,33,25,25,12,23,22,11,30	3,2,2,1,2,1,2,3,6,2	32,25,19,33,19,22,18,22,24,15	253	75
3281	2,2,1,1,3,1,2,2,3,1	225,292,256,296,302,201,189,232,233,261	3,3,0,2,6,1,6,3,8,5	295,240,223,254,252,247,299,245,243,218	348	75
3284	0,0,0,0,0,0,0,1,0,0	4,8,8,4,4,8,10,6,7,8	0,0,0,0,0,1,1,2,0,0	11,9,5,7,5,6,9,10,6,7	162	75
3286	0,0,0,0,0,0,0,1,0,0	1,0,1,0,0,1,2,0,0,2	1,0,0,0,0,0,0,0,0,0	1,3,0,0,1,2,0,1,0,1	298	75
3287	1,0,0,0,0,0,0,0,0,0	1,3,0,0,0,2,0,0,1,2	0,0,0,0,0,1,1,0,0,0	3,1,1,1,1,0,1,0,0,1	213	75
3288	10,7,13,8,7,10,10,10,15,13	12,12,11,14,7,10,15,10,15,21	18,18,14,10,10,15,16,12,21,9	32,6,16,8,18,16,18,10,14,18	313	75
3289	1,1,0,0,0,0,0,0,0,0	5,7,4,8,10,8,5,5,5,7	0,0,0,0,1,0,0,0,0,0	4,3,8,4,11,8,5,6,2,6	165	75
3290	0,0,1,0,0,2,0,0,0,0	14,16,25,27,12,15,10,11,11,21	0,1,1,0,1,0,1,2,4,5	10,15,20,15,17,28,16,9,19,27	153	75
3291	10,7,5,10,9,1,5,9,8,5	0,0,4,1,0,2,3,2,0,2	5,7,6,7,8,3,8,3,4,11	3,1,3,0,0,0,4,0,1,0	803	75
3292	11,9,5,12,14,2,8,13,11,5	11,14,14,19,17,16,16,15,9,17	7,9,6,9,11,3,12,3,8,15	10,21,19,3,15,16,13,17,17,17	954	75
3293	2,2,3,4,5,1,3,4,3,0	0,0,1,0,2,3,3,0,0,1	2,4,0,2,3,0,5,0,5,4	2,0,0,0,0,0,0,0,0,0	169	75
3294	1,0,1,0,3,0,0,0,0,1	14,18,14,18,11,12,15,11,13,10	0,0,1,5,2,1,0,2,0,1	20,12,15,16,12,18,18,12,15,13	176	75
3295	3,6,5,3,3,1,0,6,3,3	10,9,20,15,10,19,16,12,9,13	4,5,1,2,9,1,4,1,6,11	10,6,7,7,14,11,9,6,12,10	194	75
3296	0,0,3,0,0,1,0,0,0,0	22,18,20,19,22,23,15,19,22,22	0,0,0,4,0,0,0,0,0,1	15,13,14,14,10,14,14,11,31,22	168	75
3297	4,3,7,7,6,2,3,1,5,2	217,219,266,222,200,249,211,198,182,220	2,8,3,2,2,1,5,2,4,8	238,221,204,216,212,212,237,212,241,248	729	75
3298	2,2,3,2,4,2,2,1,3,3	252,206,236,234,236,195,173,189,188,188	4,2,5,0,4,2,4,5,1,3	215,196,212,199,223,222,241,183,201,169	769	75
3299	42,47,43,49,48,68,41,47,48,63	35,52,39,51,30,61,30,46,43,39	61,34,32,46,47,30,40,38,42,59	32,46,39,29,44,35,29,25,59,38	1467	75
3300	0,1,1,0,3,2,1,0,1,0	10,12,14,15,8,7,8,10,11,9	1,0,0,0,0,0,2,0,0,0	18,11,11,11,16,16,8,13,9,8	147	75
3301	0,0,1,0,2,2,1,0,1,0	0,0,0,0,0,0,0,0,0,0	1,0,0,0,0,0,2,0,0,0	0,0,0,0,0,0,1,0,0,0	131	75
3302	15,13,11,17,5,7,10,15,16,5	2,4,2,3,4,3,3,5,3,3	16,7,9,9,13,12,11,10,8,11	3,3,4,2,3,4,3,8,1,3	182	75
3303	1,2,1,1,2,3,2,1,0,1	164,125,147,134,153,173,174,204,240,216	0,1,2,2,2,1,1,1,1,2	171,147,142,173,186,185,217,205,159,212	153	75
3305	1,1,2,1,0,1,0,2,0,1	36,33,27,42,37,7,22,24,29,25	0,0,1,0,3,0,0,3,0,2	32,21,24,20,25,33,41,29,15,21	1237	75
3306	0,1,2,1,0,0,0,1,1,1	5,7,5,9,9,6,2,3,6,6	1,2,0,0,0,1,1,0,2,1	12,3,5,6,7,10,6,1,3,5	293	75
3307	3,1,3,5,7,4,9,2,3,1	109,126,114,124,116,138,123,93,110,147	7,1,2,1,6,6,1,3,3,8	126,130,114,106,121,110,127,117,130,160	301	75
3308	17,15,16,17,15,11,12,23,24,9	90,120,108,136,106,120,92,110,107,140	12,19,14,17,12,13,15,8,17,22	115,100,101,106,134,108,127,105,106,102	156	75
3309	0,0,0,0,0,0,0,0,0,0	24,17,18,7,18,19,23,9,19,24	0,0,0,3,1,0,0,0,1,2	15,9,8,18,22,29,28,23,16,22	147	75
3310	0,0,0,1,1,0,1,1,0,0	29,44,44,35,40,35,33,34,43,35	0,0,0,1,1,0,0,0,0,0	34,45,34,40,52,39,42,38,33,43	160	75
3311	2,2,2,1,0,0,2,1,1,0	87,105,122,109,93,63,74,81,98,113	2,0,1,1,4,0,2,1,2,2	98,98,91,106,131,115,109,111,90,83	324	75
3312	1,4,2,4,3,1,3,2,2,1	124,124,106,130,128,101,95,126,125,122	2,2,2,1,1,2,0,0,4,3	127,118,126,127,106,127,133,105,111,102	152	75
3313	0,0,1,1,0,0,0,0,0,0	0,0,0,1,0,0,0,0,0,0	1,0,0,0,0,1,1,0,2,0	0,0,0,0,1,0,0,0,0,0	991	75
3315	1,2,2,1,6,1,2,1,3,6	0,1,0,0,0,0,0,1,0,0	3,1,3,0,2,0,2,2,0,2	2,0,0,0,0,0,0,0,0,0	228	75
3316	1,2,3,1,10,1,3,2,4,6	0,0,0,0,1,0,0,0,0,0	3,2,4,0,2,0,2,2,0,2	0,0,1,0,0,0,1,0,0,0	300	75
3317	32,28,50,35,33,10,17,40,27,20	0,4,7,1,2,2,0,1,3,3	37,26,26,31,33,35,40,19,27,15	0,0,1,2,5,3,1,5,4,1	159	75
3318	0,0,0,0,0,0,1,0,0,0	0,0,0,0,0,0,0,0,0,0	1,0,0,0,0,0,0,0,1,0	0,0,0,0,0,2,1,0,0,0	765	75
3319	30,33,30,45,23,30,22,37,19,27	86,62,68,64,59,46,51,53,50,74	27,18,11,22,43,21,22,27,36,43	86,59,47,72,68,61,83,53,61,57	777	75
3320	53,55,52,64,40,51,39,60,32,45	0,0,0,0,0,0,0,1,1,0	45,34,27,45,69,41,36,43,52,71	1,0,1,0,0,0,0,0,0,0	1115	75
3321	17,13,15,12,11,9,14,10,8,14	39,40,36,38,26,29,31,36,43,39	13,9,7,10,14,13,10,12,10,23	36,30,40,32,44,30,51,37,36,29	320	75
3322	4,7,5,4,5,4,4,6,3,6	1,2,0,0,0,0,0,1,1,1	16,6,5,7,9,12,13,6,3,7	1,0,0,0,0,0,0,4,0,0	210	75
3323	2,3,2,4,1,3,5,1,4,1	26,25,22,23,20,17,32,28,20,31	2,2,1,3,1,4,2,4,1,2	24,19,23,30,19,22,31,24,34,24	2293	75
3324	11,2,8,10,3,7,3,5,5,6	2,2,1,0,0,0,0,0,0,0	4,3,3,6,11,1,5,9,7,11	0,0,0,2,1,0,1,0,1,4	163	75
3325	4,2,1,7,1,2,1,2,3,1	35,46,42,61,22,47,51,39,48,28	0,1,1,2,2,0,4,5,1,3	31,48,44,50,47,39,41,33,57,49	156	75
3326	1,5,4,2,3,1,1,1,2,5	38,36,36,33,25,41,29,28,26,31	1,2,2,1,1,1,1,3,0,3	32,33,29,45,34,26,40,51,34,54	156	75
3327	24,44,31,42,27,28,37,33,35,42	1,0,0,0,0,0,1,0,0,0	37,34,32,29,24,26,29,29,60,47	0,0,0,0,0,0,0,0,1,1	411	75
3329	8,13,15,14,8,12,8,8,12,21	57,52,56,67,53,48,49,69,49,72	24,13,8,7,17,17,6,10,27,19	69,73,66,58,64,70,66,59,66,61	179	75
3330	677,744,702,718,647,339,483,537,600,517	0,1,0,1,1,0,0,0,1,1	722,567,643,618,730,657,773,510,479,312	0,1,0,1,0,4,0,0,0,0	577	75
3331	1,1,0,2,2,0,2,1,0,3	309,406,305,327,389,206,237,277,267,243	3,2,1,0,1,2,1,0,2,0	347,267,336,304,381,294,373,265,219,145	387	75
3333	5,0,4,1,3,0,1,3,1,1	6,11,4,14,8,17,6,6,1,9	1,5,0,0,3,0,0,1,0,7	16,6,16,16,8,6,10,11,8,13	635	75
3334	2,3,1,3,1,2,1,0,3,3	9,15,5,10,11,18,6,8,12,8	1,0,0,0,2,0,0,0,2,4	17,12,7,10,17,13,17,7,11,15	439	75
3335	1,2,2,1,0,1,0,2,1,2	37,36,51,44,38,31,45,32,24,41	0,3,0,0,1,1,1,1,0,1	45,35,28,33,48,56,41,38,29,32	159	75
3338	21,25,25,35,15,16,21,19,18,29	6,8,5,7,5,2,6,7,7,2	26,19,14,12,27,16,23,15,26,10	7,8,7,6,7,7,10,3,3,6	727	75
3339	17,21,21,27,14,11,16,15,17,21	29,26,24,28,20,16,17,25,21,17	23,14,12,7,18,9,17,7,21,8	25,18,16,17,20,23,21,11,16,23	707	75
3340	2,2,0,3,3,2,0,3,2,2	24,28,17,18,13,14,19,21,9,17	2,6,0,1,0,3,1,2,3,0	22,13,37,19,19,19,25,22,17,24	1240	75
3341	5,2,2,4,2,6,0,2,3,3	93,92,100,77,71,100,91,79,76,92	3,7,1,1,3,0,3,2,5,4	82,64,83,87,83,68,112,72,79,100	192	75
3342	1,0,2,1,1,0,2,0,1,1	86,93,102,84,84,110,74,84,82,90	3,1,2,0,0,2,0,0,0,0	86,89,94,92,79,72,127,74,109,90	175	75
3343	9,12,3,8,6,4,5,8,3,4	48,72,50,67,56,51,48,50,46,55	4,2,4,5,3,2,6,5,7,8	60,68,44,50,58,50,57,53,75,65	172	75
3344	1,0,0,1,3,2,2,2,0,4	58,48,41,42,30,39,42,34,52,34	2,0,1,4,1,2,1,3,3,2	40,46,44,45,40,32,46,28,37,35	159	75
3345	1,0,0,2,0,0,3,0,1,2	6,6,11,7,6,6,6,12,10,8	1,1,2,2,1,2,1,1,0,2	11,6,9,7,11,12,8,10,5,12	213	75
3346	0,0,1,1,0,0,2,1,0,0	1,1,2,0,0,1,0,2,1,1	0,2,0,1,0,3,1,0,0,1	2,3,3,1,4,3,4,3,0,1	227	75
3347	0,0,0,0,0,0,0,0,0,1	8,14,15,12,17,3,5,9,13,8	0,0,0,0,0,0,0,0,0,0	5,13,13,13,19,8,18,9,8,4	1349	75
3349	14,20,12,18,7,22,12,20,13,15	57,94,62,50,58,85,55,50,64,31	17,12,8,11,24,21,9,15,24,32	49,77,55,61,73,74,78,75,48,92	274	75
3350	13,17,12,17,7,15,9,15,13,12	0,1,1,0,1,0,0,0,1,1	14,10,7,11,20,20,7,7,16,29	0,1,2,0,1,2,0,0,0,0	217	75
3351	2,3,6,5,3,1,5,4,5,2	18,30,25,26,22,10,27,11,26,9	5,1,4,2,3,4,3,1,6,6	18,13,14,37,20,20,18,23,17,28	163	75
3352	0,0,0,4,1,0,0,0,2,1	53,69,50,63,49,46,50,65,74,47	1,1,0,0,0,1,1,1,0,0	56,53,49,68,69,58,56,37,72,58	162	75
3353	52,42,87,101,56,62,47,73,48,57	119,117,122,146,102,101,93,109,104,101	70,46,43,50,68,51,66,63,110,95	127,91,127,108,123,113,126,102,100,88	2567	75
3354	3,2,3,1,1,3,1,3,0,0	101,102,122,100,108,97,82,86,84,126	1,0,0,3,0,0,1,0,5,1	97,118,97,98,110,108,105,83,103,100	307	75
3355	6,2,0,3,1,3,1,0,0,3	1,0,1,0,1,0,0,0,0,0	1,0,0,0,0,0,2,2,2,3	0,0,0,0,0,0,0,0,0,0	233	75
3356	123,112,108,142,79,82,97,117,80,110	50,59,65,63,51,77,59,56,61,82	129,73,71,80,101,90,104,79,146,160	50,65,60,67,72,67,95,45,73,68	2007	75
3357	8,14,13,14,8,14,10,15,9,14	0,0,1,0,0,0,0,0,0,0	19,16,4,4,10,14,16,11,17,21	0,0,0,0,0,0,1,0,0,0	197	75
3358	37,23,32,24,24,31,21,35,18,34	4,4,1,3,2,0,0,3,2,4	20,21,16,14,33,15,27,20,25,33	5,2,1,1,5,1,1,1,1,2	763	75
3359	40,40,36,54,43,46,36,54,42,46	75,80,80,85,72,68,78,92,90,105	34,40,45,32,53,46,41,35,36,66	81,109,85,61,94,107,97,91,86,89	343	75
3360	4,3,7,10,4,6,7,4,5,3	0,0,0,0,0,0,0,2,0,1	10,4,2,4,8,8,8,4,5,7	3,0,0,0,0,1,0,1,0,0	189	75
3361	5,4,10,10,5,7,8,6,5,4	81,96,87,96,88,119,93,104,93,98	12,4,2,4,8,9,9,4,5,9	100,110,93,120,95,94,116,108,122,143	222	75
3362	6,7,11,3,3,5,8,2,4,3	55,73,62,54,70,64,52,54,45,79	8,1,5,1,4,3,10,1,8,6	73,67,52,85,53,63,79,75,78,79	164	75
3363	5,4,7,5,3,2,5,6,4,5	82,84,82,75,73,68,62,67,63,56	3,2,0,2,3,3,1,2,3,8	66,42,73,85,62,65,81,67,74,82	209	75
3364	9,17,11,26,16,10,7,14,19,15	53,41,43,50,54,35,31,50,30,49	17,13,22,10,12,18,21,10,22,23	48,49,48,43,41,55,45,56,41,58	152	75
3365	0,0,0,0,0,0,1,0,1,0	15,12,20,17,8,9,6,13,14,10	0,0,0,0,0,0,1,0,0,0	10,8,16,13,9,10,13,12,15,8	159	75
3367	932,1238,1117,1195,878,1237,950,996,1128,990	85,90,96,104,80,132,97,103,97,120	1015,1125,888,1209,1194,1096,1283,1029,1095,1390	97,115,89,114,83,84,116,107,138,148	1485	75
3368	23,20,17,20,13,21,24,19,22,22	185,193,189,209,134,219,192,141,185,235	23,17,21,17,30,22,24,11,34,34	209,162,192,195,210,167,201,195,215,245	140	75
3369	8,11,18,17,16,20,19,12,9,13	36,52,39,34,50,45,38,41,49,48	9,10,15,9,15,16,17,8,10,20	36,42,49,31,44,38,51,42,42,39	179	75
3370	12,25,27,15,12,15,15,8,18,17	196,194,213,189,202,116,100,134,142,173	15,12,7,10,35,10,10,7,13,11	131,129,131,160,197,173,185,144,136,91	1523	75
3371	0,0,0,0,0,3,0,0,0,0	32,27,29,24,30,20,17,30,21,31	0,1,1,0,0,0,0,2,0,0	27,31,26,27,33,19,22,19,23,28	157	75
3372	5,5,3,3,5,10,8,4,3,5	0,0,0,1,0,0,0,1,0,1	6,5,2,4,3,6,6,4,3,2	0,0,0,0,0,0,0,0,0,0	1804	75
3373	71,103,107,98,81,99,70,69,72,93	0,0,0,1,0,0,0,0,0,0	70,74,66,84,88,76,96,75,90,94	0,0,0,1,0,0,0,0,0,0	195	75
3374	0,0,0,0,0,0,0,1,0,1	8,11,8,9,12,4,3,7,5,8	0,0,0,0,0,1,1,1,0,0	7,9,4,8,11,10,10,17,7,7	2227	75
3375	2,2,3,1,1,1,2,1,1,5	27,21,21,28,18,18,29,23,26,26	2,2,0,4,3,0,0,0,4,2	23,22,21,21,29,23,21,21,29,26	250	75
3376	214,204,183,216,170,180,174,174,189,228	0,1,0,0,1,1,3,1,2,1	194,181,165,202,189,187,179,182,189,189	0,1,0,0,1,1,0,0,0,0	695	75
3377	35,31,35,42,29,22,32,44,29,32	10,21,20,21,11,10,13,12,13,13	35,23,33,18,33,21,24,18,46,44	21,9,16,28,23,23,14,13,17,12	1155	75
3378	12,11,8,9,4,8,3,7,10,12	41,45,36,34,41,28,31,33,32,36	4,4,5,4,16,1,5,2,8,5	45,35,36,36,33,43,64,29,32,20	1448	75
3380	0,0,0,0,0,0,0,0,0,0	35,36,35,39,36,28,26,21,24,24	0,0,0,0,2,1,0,0,0,0	31,20,27,24,23,11,19,12,27,35	180	75
3381	2,0,0,0,1,0,0,1,1,0	7,9,10,15,7,20,9,6,9,12	0,0,0,0,0,0,0,0,0,0	11,14,7,3,6,10,8,6,7,7	167	75
3382	2,0,0,2,1,0,0,0,4,2	28,25,31,28,17,28,11,33,25,25	2,0,0,2,3,0,0,0,0,0	27,21,28,24,32,25,24,22,19,34	233	75
3383	0,0,0,0,0,2,2,1,2,0	13,12,14,17,15,18,6,21,17,10	3,0,0,2,1,3,1,1,3,3	19,17,8,9,12,16,18,8,9,15	599	75
3385	1,5,1,1,1,0,0,0,0,1	8,11,6,6,5,8,6,8,8,6	1,3,0,1,2,0,0,0,0,1	10,3,5,3,5,5,10,7,2,7	636	75
3387	3,9,6,5,8,4,9,6,4,11	627,569,594,607,541,606,514,637,661,671	14,5,1,11,9,8,3,7,9,13	537,554,601,525,661,589,704,644,658,833	538	75
3388	0,2,0,0,1,2,2,0,2,4	37,45,48,55,40,38,43,47,47,46	2,0,0,1,2,2,1,6,1,4	56,44,39,34,60,46,62,41,33,32	1458	75
3389	8,5,4,7,9,2,6,12,3,6	190,243,211,190,224,204,178,203,165,183	7,7,3,13,7,4,8,4,12,10	177,199,193,170,224,180,195,183,197,182	246	75
3390	5,10,13,8,7,3,12,7,10,10	103,182,155,157,128,170,153,138,119,144	9,4,5,6,8,6,7,11,16,26	155,147,127,137,146,160,136,104,177,163	146	75
3391	29,30,28,23,22,21,29,25,17,26	231,227,212,204,184,201,185,197,195,215	15,17,11,14,15,12,17,19,44,67	198,184,147,178,223,173,157,167,240,228	412	75
3392	1,0,1,0,0,4,0,1,0,0	1,1,0,1,0,0,0,0,1,0	0,0,0,2,0,0,2,2,0,1	1,2,0,1,0,0,2,1,0,1	181	75
3393	1,0,3,0,1,1,4,0,2,0	0,1,0,1,0,1,1,3,2,1	0,0,0,1,0,0,2,0,3,2	0,1,0,0,0,0,1,0,0,2	646	75
3394	1,2,2,1,2,1,5,1,3,4	38,29,46,43,33,50,21,32,31,42	4,2,1,1,4,3,0,3,2,6	36,42,38,38,37,40,38,40,49,47	146	75
3395	18,25,19,16,18,16,23,20,16,24	4,4,4,5,3,15,12,4,6,10	22,22,20,16,23,11,25,21,18,27	12,10,7,4,10,7,13,9,5,9	187	75
3397	1,2,0,2,0,2,0,1,1,1	41,62,45,54,49,48,44,46,42,68	1,0,1,0,1,2,0,3,0,3	44,40,46,44,37,43,59,41,65,61	355	75
3398	6,7,14,9,10,16,10,10,9,9	91,134,101,92,94,124,82,99,84,98	7,7,3,6,7,7,3,11,9,13	87,110,106,100,100,108,83,104,85,125	1712	75
3399	4,0,1,1,0,2,1,1,0,0	27,12,26,36,15,21,26,12,18,13	1,0,3,2,1,1,0,1,4,0	32,13,23,21,13,26,26,30,21,20	170	75
3400	2,0,2,0,0,0,1,1,0,0	38,31,39,38,38,34,30,30,36,40	0,0,0,0,0,0,0,0,0,1	29,35,42,31,54,33,26,37,33,38	146	75
3401	3,5,2,3,1,3,7,4,4,2	17,12,15,14,20,25,14,8,12,22	4,1,1,3,5,3,4,3,2,11	21,22,13,15,26,15,22,12,21,16	139	75
3402	3,6,11,7,6,6,9,7,10,6	3,0,4,6,2,3,3,0,1,0	7,6,7,14,9,7,10,7,8,7	0,0,0,0,0,3,1,1,1,0	243	75
3403	168,178,214,178,141,138,173,159,176,141	8,10,7,11,6,10,3,7,5,8	183,172,142,200,176,127,158,147,175,191	7,7,4,5,7,7,5,7,9,8	2942	75
3404	0,0,0,1,0,0,1,0,0,0	44,37,40,47,42,25,35,32,27,34	0,0,0,0,0,0,1,1,0,0	32,30,40,31,33,28,52,32,30,30	158	75
3405	7,6,13,11,7,5,5,9,8,6	52,52,48,55,49,46,42,43,46,61	5,1,1,3,9,4,3,4,10,9	47,48,54,46,45,37,53,43,54,65	271	75
3407	1,0,0,5,0,2,2,3,4,0	56,47,36,52,42,27,40,46,38,34	2,2,0,2,2,4,7,4,2,1	50,37,28,33,67,35,37,29,41,25	160	75
3408	1,1,1,1,1,0,1,0,1,0	45,54,51,56,42,30,28,44,42,34	1,1,0,0,1,0,0,0,0,0	37,37,54,36,63,50,58,48,54,29	202	75
3409	433,445,467,532,382,485,350,504,377,407	2,0,2,0,1,1,2,0,0,1	464,324,337,400,469,307,398,405,543,619	3,1,0,0,1,0,1,1,0,1	2089	75
3412	7,5,16,6,9,11,8,7,10,8	79,84,74,79,65,74,60,71,72,81	13,10,8,4,14,9,5,19,12,18	57,70,63,61,66,76,74,58,90,87	164	75
3413	1,1,1,2,1,1,2,4,0,4	60,66,63,55,52,50,65,60,51,77	6,0,0,1,2,1,0,2,2,4	85,65,47,65,63,60,72,71,61,53	253	75
3414	11,10,17,17,5,8,9,12,12,11	12,19,15,20,24,24,17,18,11,14	19,12,7,7,20,2,5,6,17,13	18,15,13,10,20,22,25,16,21,24	766	75
3415	36,25,36,49,25,24,27,20,35,30	0,1,1,2,1,1,2,0,1,0	40,23,20,22,38,20,19,20,47,42	0,1,0,0,0,2,0,2,0,5	1200	75
3416	16,9,12,23,8,10,12,5,15,14	19,30,27,24,27,29,18,26,25,40	13,6,6,8,10,9,7,5,22,19	33,30,17,26,33,25,23,26,33,30	421	75
3417	1,2,5,1,0,1,3,5,0,2	60,57,56,62,66,57,54,62,71,66	2,0,1,0,0,2,2,2,3,0	57,61,43,67,60,56,62,60,59,52	1155	75
3418	2,0,1,1,0,0,0,1,1,1	83,90,92,94,68,52,60,57,61,66	1,1,0,0,0,1,0,0,2,0	85,67,55,85,63,87,111,87,67,48	401	75
3420	3,0,1,3,5,0,1,1,1,1	69,76,84,75,66,47,58,56,65,75	1,3,0,3,1,0,1,2,0,3	75,61,71,66,74,62,85,75,57,40	372	75
3421	20,26,21,30,15,21,19,24,30,30	56,64,51,64,61,42,61,59,51,45	19,12,27,16,18,28,20,16,37,40	77,46,56,59,67,60,80,49,61,43	290	75
3422	103,102,122,106,116,60,73,77,93,112	2,4,6,6,1,2,1,2,3,3	97,77,108,97,105,111,108,94,113,101	5,3,2,4,2,2,3,2,3,3	327	75
3423	2,0,0,0,1,1,0,7,0,1	59,67,77,77,57,73,65,54,90,109	1,1,1,0,5,1,2,0,2,5	84,70,70,85,92,71,92,88,77,79	184	75
3425	37,21,32,25,23,18,20,21,17,25	2,2,1,1,1,0,1,0,0,0	27,26,10,14,26,15,21,15,23,22	1,0,0,0,0,1,0,3,3,2	2165	75
3427	2,1,4,5,1,1,1,5,4,4	2,2,5,8,2,3,2,1,0,0	2,3,3,6,5,4,8,1,4,5	0,2,0,2,2,2,5,1,4,2	902	75
3428	1,0,1,0,0,0,0,0,0,0	33,26,36,47,37,6,20,18,15,21	1,0,0,0,0,0,0,0,0,0	32,39,12,38,48,32,35,18,15,7	1332	75
3429	102,85,92,83,86,48,82,56,74,79	2,5,3,0,3,5,1,2,5,5	93,79,75,82,123,89,100,84,76,61	2,3,4,1,4,4,7,1,2,3	117	75
3430	14,7,6,7,5,7,10,2,10,9	0,2,6,1,3,3,4,8,2,5	7,9,15,9,7,6,4,12,3,12	4,1,1,4,3,2,7,7,3,8	207	75
3431	36,38,37,62,31,34,27,39,26,38	2,5,3,2,8,9,5,4,4,9	41,34,36,28,44,34,41,38,46,65	6,6,5,7,6,3,3,4,3,5	493	75
3432	3,0,3,2,4,1,5,2,0,1	7,15,24,11,9,14,6,10,8,10	1,0,2,2,3,0,1,2,0,1	11,7,11,11,9,12,18,8,11,12	255	75
3433	14,6,10,15,6,10,4,8,11,10	5,4,2,2,2,4,6,4,2,7	10,4,4,2,11,0,10,7,21,9	1,1,4,4,1,5,0,2,1,0	283	75
3434	4,2,5,5,1,5,3,4,8,4	4,7,6,4,5,4,7,2,5,4	3,3,3,1,4,0,3,4,7,2	4,6,4,3,3,3,7,6,3,9	243	75
3436	6,2,6,6,5,4,10,13,7,2	79,106,86,106,81,93,82,91,97,78	9,5,4,5,2,2,9,1,2,4	114,95,64,96,102,96,136,94,98,95	1471	75
3437	6,8,6,7,7,5,11,13,7,3	0,0,0,0,0,0,0,0,1,0	9,6,4,5,4,2,8,5,3,5	1,0,0,1,0,0,0,0,0,0	1600	75
3438	0,6,0,1,2,2,2,3,0,1	103,124,110,109,124,101,109,111,127,132	1,1,0,0,2,0,0,4,1,1	104,115,86,131,107,123,163,145,112,122	153	75
3439	2,5,1,0,3,0,1,2,5,1	166,183,198,206,176,222,147,213,175,188	4,2,5,2,1,2,3,2,2,3	157,213,178,188,190,158,209,164,216,236	373	75
3441	14,18,23,21,21,18,20,25,31,27	14,12,14,24,13,3,16,13,18,15	18,28,27,25,23,21,27,22,25,47	14,18,12,13,19,18,15,10,16,9	255	75
3442	144,145,162,175,152,139,131,130,155,170	6,6,2,8,2,3,7,5,5,4	157,151,149,142,145,133,147,139,164,164	1,3,4,2,7,2,6,6,4,4	670	75
3443	1,0,0,0,0,0,0,0,0,0	2,5,9,5,7,4,8,5,8,8	0,0,0,0,1,0,0,0,1,2	3,9,4,18,16,5,1,5,5,6	148	75
3444	2,0,0,1,0,0,0,0,0,0	8,8,7,5,7,8,13,8,5,11	0,0,0,0,0,0,0,0,0,0	5,10,6,17,19,7,7,11,10,12	165	75
3445	11,20,5,14,7,11,7,9,9,7	0,0,0,0,2,0,0,0,0,0	9,1,1,2,9,2,7,4,9,15	0,0,0,1,0,0,0,0,0,1	491	75
3446	4,2,6,5,1,3,4,4,10,1	89,98,92,114,101,92,100,98,84,123	3,1,1,1,7,1,5,2,6,9	100,91,110,79,100,94,116,80,136,137	176	75
3447	21,24,21,21,14,22,30,12,17,16	68,84,81,79,80,66,58,68,65,99	20,9,20,14,20,14,23,18,31,27	86,60,88,58,67,69,89,58,90,95	1192	75
3448	56,61,49,73,52,65,61,46,49,62	0,0,0,0,0,1,1,0,0,3	58,34,38,41,65,30,58,44,90,48	0,0,0,1,3,3,0,0,1,0	2912	75
3449	35,37,28,53,38,43,31,34,33,46	91,119,99,109,104,81,86,88,86,120	38,25,18,27,45,16,35,26,59,21	97,76,76,88,97,93,93,94,102,131	1744	75
3450	1,3,1,3,3,0,3,0,0,2	3,3,4,6,3,1,1,1,2,1	0,0,0,0,3,1,0,0,3,3	7,1,1,3,2,1,3,2,1,0	740	75
3452	8,4,12,18,4,8,11,7,11,14	0,1,0,0,0,0,0,0,0,0	14,5,2,4,8,0,7,5,9,10	0,0,0,0,0,0,0,2,0,0	1473	75
3453	3,3,0,6,3,4,1,0,0,1	33,43,36,39,38,32,26,30,36,42	3,1,3,0,3,2,2,1,2,3	51,39,39,41,48,30,40,32,40,37	1326	75
3454	31,48,41,41,37,41,26,34,45,43	0,1,0,1,0,0,0,0,0,0	29,29,31,25,53,29,29,29,46,60	0,0,0,0,0,0,1,0,0,0	350	75
3455	50,65,61,66,52,63,33,55,62,57	0,2,0,0,0,1,1,0,0,0	50,39,39,37,84,42,59,40,80,101	1,2,0,0,2,2,1,0,0,0	637	75
3456	12,9,12,14,9,11,6,8,12,6	4,2,3,6,3,1,2,3,7,6	16,1,4,6,15,6,16,6,17,26	5,5,3,5,4,6,2,0,8,7	234	75
3458	2,1,1,0,0,1,0,0,1,0	1,0,0,0,0,0,2,1,0,2	0,0,0,0,0,1,0,0,1,0	1,1,1,0,1,1,1,0,0,0	267	75
3459	4,9,8,13,8,4,4,5,3,8	28,41,42,48,29,54,31,44,43,44	9,1,1,3,3,6,6,5,7,5	56,44,45,42,33,52,38,42,55,46	324	75
3460	7,7,17,8,15,14,9,12,15,7	55,70,61,79,77,59,68,72,76,83	12,10,4,11,12,3,8,7,15,11	98,79,79,72,88,88,69,57,79,50	833	75
3461	2,1,1,3,1,3,0,2,2,3	7,1,8,4,2,6,1,5,1,5	8,5,4,7,5,3,5,5,11,10	2,1,3,3,1,4,3,4,4,2	1757	75
3462	25135,28322,28754,29831,25943,28038,24254,26002,26600,30071	0,0,0,0,0,0,0,0,0,0	26641,27622,26554,28382,29802,28398,31090,27700,31722,30383	1,0,0,1,0,0,0,0,1,0	1940	75
3463	4,0,2,6,1,2,1,3,2,1	2,4,5,3,5,3,3,6,7,5	1,1,0,5,1,2,1,4,3,2	5,2,3,3,1,5,10,5,6,5	214	75
3464	4,1,2,1,1,4,4,4,3,0	8,13,7,12,6,8,8,8,13,9	1,1,1,1,6,2,0,3,1,1	7,8,12,5,8,8,8,13,10,6	159	75
3465	3,0,0,1,2,1,1,2,2,1	260,255,226,251,199,255,240,234,279,363	0,6,6,1,3,1,2,1,0,3	240,234,236,281,275,269,289,246,345,344	175	75
3466	79,87,129,65,38,51,71,61,96,118	99,95,114,87,67,67,66,85,107,130	101,61,91,69,118,96,106,88,103,97	101,89,91,95,106,99,105,114,102,136	171	75
3467	15,13,13,8,11,3,7,11,6,18	13,15,12,20,19,11,21,22,14,16	8,13,11,1,11,3,9,5,18,21	10,14,10,18,17,12,30,23,14,20	718	75
3468	33,32,36,42,40,29,43,44,35,30	0,2,0,3,0,0,0,0,0,0	43,32,20,21,39,41,24,30,39,34	0,0,2,1,1,1,0,0,0,0	457	75
3469	8,13,15,9,11,15,7,10,9,6	10,3,11,6,3,2,8,9,4,9	14,7,5,4,12,9,7,6,8,6	3,8,4,8,8,5,8,7,3,5	981	75
3471	11,17,14,15,14,23,17,15,10,14	38,26,39,53,31,26,44,44,33,48	21,15,12,13,25,10,17,11,17,21	28,38,38,41,44,46,42,44,42,42	2020	75
3473	0,3,2,5,0,1,2,1,0,1	20,23,26,21,21,9,15,21,26,38	2,1,0,5,2,2,0,1,0,5	22,37,17,23,21,19,21,17,16,27	407	75
3474	1,0,3,1,1,2,0,3,3,1	1,1,1,3,2,0,2,0,3,6	3,2,1,1,0,1,4,2,1,1	1,1,0,0,2,1,0,0,4,2	376	75
3475	1,0,0,1,1,1,1,0,0,0	1,0,2,0,2,1,2,4,5,4	0,0,2,0,1,0,0,1,0,0	4,1,0,0,4,1,2,5,1,0	156	75
3476	3,1,2,0,2,0,1,2,1,3	0,0,0,1,1,0,0,0,0,0	1,1,5,3,1,1,1,0,1,2	0,0,2,0,0,1,0,0,0,0	1061	75
3477	0,0,0,0,0,0,0,1,1,0	15,21,12,20,25,10,12,19,11,17	1,0,0,0,0,0,0,0,0,0	17,16,13,21,24,16,19,19,20,15	153	75
3478	574,586,599,603,537,610,539,550,554,592	54,50,67,64,60,75,50,68,66,64	572,555,588,606,617,660,639,565,610,581	53,64,74,69,67,62,69,66,68,53	186	75
3479	1,2,2,1,3,2,0,3,3,2	74,64,65,67,42,61,50,57,50,62	0,2,0,3,0,1,3,3,3,5	68,55,46,71,58,61,91,63,74,72	154	75
3480	113,115,134,139,92,112,100,110,128,142	8,4,7,7,4,2,3,9,10,10	121,115,119,165,114,127,161,133,158,123	5,5,4,9,5,7,4,5,11,10	305	75
3481	9,4,13,13,14,2,2,6,8,9	7,1,4,2,4,3,2,3,4,1	8,6,7,3,8,2,3,2,9,6	7,2,2,0,1,2,2,4,4,2	294	75
3482	6,7,4,7,6,2,5,4,8,3	2,2,1,4,4,2,1,0,5,3	5,2,4,3,8,3,2,2,12,2	2,5,3,4,3,4,7,2,4,5	163	75
3483	21,37,32,31,21,23,27,23,24,22	0,0,1,0,0,0,0,0,0,0	30,22,17,24,30,14,13,23,29,22	0,0,0,0,0,0,0,0,0,0	723	75
3484	4,11,11,11,5,3,10,8,7,5	7,5,2,2,2,5,2,1,2,6	7,7,6,4,5,3,3,5,8,6	5,3,3,2,1,4,3,3,3,3	238	75
3485	11,13,13,16,5,5,8,8,4,13	137,160,149,187,154,199,143,169,162,192	11,8,4,4,14,11,7,5,11,10	153,132,131,162,162,163,178,140,147,173	609	75
3486	6,4,4,6,9,6,5,3,1,0	5,2,7,6,1,6,1,6,2,5	3,5,1,2,5,2,2,2,2,10	8,9,4,1,4,5,5,2,9,1	195	75
3488	0,1,0,1,0,0,1,2,1,1	8,7,4,6,11,5,11,8,2,8	2,0,0,0,0,0,0,0,0,0	3,8,2,9,12,9,18,5,12,4	151	75
3489	12,15,14,16,21,17,17,11,7,19	0,0,2,2,0,0,0,1,1,0	17,8,12,6,21,11,9,6,20,20	1,0,1,0,0,0,0,0,0,0	934	75
3490	3,2,1,0,3,1,2,1,3,0	20,19,19,31,20,17,33,24,21,23	3,1,1,0,1,2,1,3,6,2	27,20,19,24,32,19,28,29,28,36	210	75
3491	4,1,2,0,2,4,1,1,4,3	10,11,16,14,8,9,12,16,17,19	5,7,2,0,4,2,2,2,0,2	13,12,5,13,4,8,7,16,13,10	229	75
3492	0,0,0,0,0,0,0,0,0,0	41,50,40,55,50,37,42,50,45,41	0,0,0,0,0,0,0,0,1,0	35,43,46,59,56,66,49,47,47,38	189	75
3493	172,141,158,184,93,87,100,103,88,114	10,5,14,15,7,14,10,7,8,11	133,71,36,71,209,82,93,46,128,105	12,9,10,9,10,13,18,12,5,4	1534	75
3497	0,0,0,1,0,0,0,1,0,1	0,1,1,0,0,4,2,1,0,1	0,0,0,0,0,2,0,0,1,1	2,0,0,0,1,0,0,1,2,0	160	75
3498	2,0,4,1,0,0,1,3,2,0	33,45,39,51,30,37,24,34,45,39	0,0,0,2,0,0,0,0,0,2	44,32,29,45,42,42,40,44,42,26	1987	75
3499	15,5,18,20,7,6,13,11,10,11	0,3,2,4,1,2,0,0,0,3	13,9,8,10,16,7,10,7,20,15	4,0,3,2,2,1,1,2,3,2	464	75
3501	0,1,0,1,1,0,0,0,0,0	9,9,11,10,6,10,7,6,11,3	0,1,0,0,3,0,0,0,0,0	11,5,4,0,12,7,6,2,5,1	767	75
3502	0,0,0,0,0,0,0,0,0,0	0,0,1,0,0,0,0,0,0,0	0,0,0,1,0,0,0,0,0,0	0,0,0,0,0,2,0,0,0,0	156	75
3504	89,91,98,92,67,58,55,68,72,69	0,0,0,0,0,0,0,0,0,1	90,77,69,72,89,73,101,70,55,47	0,0,0,2,0,0,0,0,0,0	117	75
3506	31,36,38,43,22,28,18,22,24,36	26,19,27,26,14,27,22,29,32,28	36,31,32,28,43,31,44,24,39,49	33,20,29,19,32,33,37,27,37,26	804	75
3507	117,126,115,135,113,130,95,131,101,114	0,0,0,1,0,0,0,0,0,0	147,113,87,131,132,91,125,90,133,139	0,1,0,0,0,0,0,0,0,0	2397	75
3508	2,6,3,6,0,2,0,0,1,1	25,14,18,27,28,30,14,15,28,20	2,0,1,2,2,0,0,0,2,1	15,29,16,20,31,17,22,28,23,15	584	75
3509	10,12,20,15,11,5,13,23,11,11	143,153,151,118,84,145,92,124,141,136	11,7,1,7,14,10,10,6,10,9	130,90,133,113,132,124,133,124,128,125	274	75
3510	71,71,104,104,70,75,54,95,76,70	124,104,111,104,102,96,96,101,98,85	79,65,62,72,81,76,69,55,86,83	114,82,96,90,122,82,96,74,103,99	322	75
3511	2,0,0,2,3,1,4,1,1,1	16,15,6,5,8,12,10,6,6,10	2,1,0,1,0,1,1,2,2,3	7,9,13,5,14,10,11,7,17,12	248	75
3512	3076,3504,3772,3621,3273,3952,3131,3211,3370,4047	147,153,196,151,101,190,178,153,177,235	3636,3305,3134,3334,3741,3313,3543,3161,3929,4241	215,131,186,178,243,238,234,182,241,317	1461	75
3515	0,0,0,0,1,0,0,2,0,0	30,17,18,29,35,37,34,24,25,33	0,0,0,1,0,0,0,0,0,0	30,27,29,23,28,33,35,18,26,21	147	75
3517	1,3,0,5,2,3,1,1,2,0	1,1,1,3,0,0,0,0,0,0	2,0,2,0,4,0,1,0,4,2	1,0,0,0,0,0,0,0,0,0	959	75
3518	61,51,47,57,50,70,45,57,64,72	107,88,109,104,87,87,85,77,103,104	65,56,47,45,57,60,56,53,66,69	88,78,84,82,97,101,94,99,110,116	155	75
3519	0,1,0,0,0,0,0,0,0,0	6,3,6,3,8,8,10,9,6,10	1,0,0,1,0,0,0,1,3,1	7,12,5,7,9,6,1,1,11,4	178	75
3520	21,5,15,18,15,10,16,14,15,21	0,0,3,2,3,1,0,0,1,1	13,14,7,7,12,5,10,9,7,13	4,1,2,1,2,1,1,0,0,0	942	75
3521	22,8,15,18,15,11,16,15,15,21	0,1,0,0,1,3,1,1,1,3	15,16,7,7,13,6,11,9,7,13	0,3,0,1,1,3,3,0,1,2	960	75
3526	117,103,101,102,71,92,115,101,109,123	48,39,47,61,47,44,45,60,58,55	95,78,96,125,107,112,110,112,121,121	44,44,47,45,49,45,59,52,65,69	147	75
3527	13084,15367,14394,14928,13480,11703,11675,12743,12939,13609	4,2,5,5,1,8,7,8,4,8	13820,13516,12589,14929,14693,14355,15655,13698,13834,13486	9,3,5,5,6,6,4,2,7,9	5327	75
3528	0,0,2,1,0,0,0,2,0,0	1,0,0,0,1,0,1,0,3,1	4,1,2,0,1,0,0,0,0,1	0,0,0,0,1,1,0,1,0,0	535	75
3529	0,2,1,5,2,1,1,0,0,0	159,168,150,155,140,61,109,125,131,127	1,0,0,1,0,3,4,1,1,0	167,133,139,121,161,158,191,131,87,73	632	75
3530	6,5,3,3,5,3,4,2,4,0	177,191,193,189,154,62,113,155,121,103	2,0,0,2,6,2,0,2,2,4	194,126,133,166,182,161,186,127,121,64	2289	75
3531	65,98,82,107,80,19,52,65,66,56	2,2,4,4,3,2,1,2,0,1	80,60,70,88,65,80,101,62,51,44	2,0,4,1,3,2,2,3,0,0	1475	75
3532	2,2,2,1,2,3,4,6,9,2	14,13,19,13,13,9,16,16,14,14	6,5,1,1,1,2,6,1,2,2	14,10,16,15,15,9,13,11,11,10	1821	75
3533	0,0,3,0,1,0,1,0,0,0	0,0,0,0,0,0,0,1,0,0	2,0,0,0,0,0,0,0,1,0	0,0,0,0,0,0,0,0,0,0	500	75
3534	0,0,3,0,1,0,1,0,0,0	0,0,2,0,0,0,0,0,0,0	1,0,0,0,0,0,0,0,1,0	0,0,0,0,0,0,0,0,0,0	430	75
3535	70,58,62,80,65,49,53,60,49,64	0,1,0,0,0,0,2,1,2,0	72,42,50,56,80,44,59,39,60,67	1,0,0,0,0,3,1,1,1,2	1972	75
3536	3,1,4,5,3,2,7,0,2,7	285,251,293,286,231,294,275,307,322,330	2,3,4,3,3,1,0,3,2,2	330,288,291,244,313,327,345,333,316,325	179	75
3537	11,7,1,15,1,4,1,6,1,4	140,166,171,169,144,151,137,117,135,155	2,5,0,2,5,4,3,0,5,2	172,149,125,150,131,143,145,151,172,165	1012	75
3538	4,4,5,4,3,3,3,4,3,2	89,87,93,106,83,45,61,83,60,72	4,2,2,1,3,3,3,4,3,2	82,69,83,91,90,74,90,62,86,60	182	75
3540	10,5,4,2,8,9,8,3,5,8	0,1,0,0,1,5,0,1,6,2	8,8,4,2,10,5,9,3,11,7	2,2,1,0,0,1,2,2,4,0	358	75
3541	10,5,4,2,7,5,7,3,2,8	1,1,0,0,0,0,0,0,1,0	8,8,4,2,10,5,9,2,11,4	0,0,0,0,2,0,0,0,0,0	337	75
3542	9,7,7,11,9,7,2,8,7,2	1,0,0,0,1,2,1,1,0,1	9,5,6,3,6,10,4,2,5,10	1,0,1,0,0,0,1,0,1,0	521	75
3543	0,0,1,0,0,0,0,0,0,0	66,52,63,72,41,32,35,40,51,56	0,0,1,0,0,0,2,0,0,1	59,49,46,45,60,57,59,63,50,32	159	75
3544	18,16,14,23,19,20,11,19,17,33	18,20,19,16,24,15,11,19,17,15	15,23,21,18,16,15,19,23,18,12	19,10,24,9,27,12,16,18,20,12	172	75
3545	8,4,8,14,6,7,5,3,6,6	0,0,0,0,0,0,0,0,0,0	5,6,5,2,6,2,5,8,2,9	1,0,0,0,0,0,0,0,0,0	384	75
3546	12,11,17,13,13,20,17,8,12,17	63,54,48,45,52,50,56,51,44,49	11,12,26,9,15,22,24,11,16,16	53,59,53,52,58,45,45,40,62,77	245	75
3548	1,1,4,1,0,1,0,1,1,0	111,122,148,142,110,83,92,122,115,118	1,0,1,2,1,2,2,1,1,5	110,103,121,97,136,125,106,114,101,112	430	75
3549	1,4,0,3,0,1,5,3,2,1	4,1,3,2,4,3,3,5,4,1	2,1,3,1,1,3,2,1,7,1	3,2,2,2,1,4,3,1,3,0	1759	75
3550	5,4,1,11,2,3,1,1,3,7	1274,1402,1358,1408,1191,1424,1200,1269,1272,1555	4,4,4,0,3,2,3,2,5,2	1339,1343,1390,1405,1324,1307,1360,1213,1508,1552	157	75
3552	26,15,28,24,17,18,11,15,21,10	80,78,88,93,73,50,63,77,66,71	18,12,4,16,22,13,17,9,17,27	69,83,67,85,101,89,115,81,57,58	900	75
3553	321,275,354,357,280,180,256,268,280,284	13,13,10,13,8,12,11,7,10,15	328,268,282,330,382,281,299,255,257,183	13,17,4,11,12,8,15,14,4,7	168	75
3554	7,1,4,3,1,3,5,5,7,3	15,20,31,15,19,12,16,25,15,26	3,3,4,1,5,1,0,3,2,4	23,20,14,24,23,21,23,24,22,18	1092	75
3555	0,0,1,0,1,0,0,0,0,0	0,0,0,1,0,0,0,0,0,0	0,0,0,2,0,1,2,4,1,1	0,0,0,0,0,0,0,0,0,0	188	75
3556	14,15,18,26,19,13,25,17,6,14	65,87,97,96,93,78,59,77,68,85	15,12,11,15,21,9,11,14,17,21	77,73,75,74,72,95,89,70,102,98	755	75
3558	84,90,98,125,113,104,111,111,96,91	2,0,1,2,4,1,2,4,3,4	99,86,94,95,126,69,108,101,124,123	0,2,3,2,0,0,1,0,5,1	1825	75
3560	87,94,111,130,119,109,115,115,97,94	0,1,0,0,0,0,0,0,0,0	99,90,96,102,130,71,116,105,129,126	0,0,0,0,0,0,0,0,0,0	1844	75
3561	84,90,99,125,113,105,112,112,96,92	22,21,22,25,18,10,13,17,23,17	99,88,94,96,126,69,108,101,126,124	19,20,20,15,18,11,15,16,14,11	1835	75
3562	189,209,193,203,185,199,151,180,171,216	2,7,1,5,2,2,2,1,1,1	194,170,211,189,192,211,206,225,222,236	1,3,2,4,2,1,3,2,0,4	160	75
3563	23,20,40,27,17,15,24,38,27,24	47,42,46,78,53,44,40,45,50,49	21,13,16,18,17,22,22,15,23,38	42,39,59,58,48,58,51,57,54,54	1054	75
3564	6,2,2,7,2,4,3,2,2,1	0,0,0,1,3,3,1,0,0,0	6,2,2,1,7,1,4,1,2,3	1,0,0,0,0,0,0,0,0,0	1168	75
3565	6,2,2,6,2,4,3,2,2,1	0,0,0,1,0,0,0,0,0,0	6,2,2,1,7,1,4,1,2,3	1,0,0,0,0,0,0,0,0,0	1143	75
3566	0,0,0,1,0,0,0,1,0,0	9,17,18,28,25,8,14,14,10,9	0,0,0,0,0,0,0,0,0,1	18,14,15,18,26,29,21,9,7,7	2889	75
3567	0,2,1,3,2,0,2,1,1,1	37,35,24,36,24,21,14,25,20,28	2,1,3,3,3,0,4,2,4,4	39,41,18,19,18,22,32,25,27,18	318	75
3568	10,11,12,16,11,6,9,10,9,13	74,108,104,104,91,92,93,100,89,84	12,11,8,7,14,20,11,9,10,16	108,59,106,82,104,81,115,70,78,79	186	75
3569	3,6,6,2,13,7,5,5,5,2	61,70,73,89,63,63,31,58,55,70	8,4,2,7,4,6,7,1,6,6	71,51,61,55,70,52,52,58,75,43	164	75
3570	3,5,5,2,12,5,5,4,4,2	0,0,0,0,0,0,0,0,0,0	8,2,2,7,4,5,5,1,5,6	0,0,0,0,0,0,1,0,0,0	150	75
3571	37,35,43,38,20,29,35,38,33,22	2,0,2,0,0,0,0,0,0,1	27,15,24,31,33,36,24,46,51,65	1,0,0,1,5,1,1,1,1,0	3110	75
3572	2,0,1,3,0,3,0,0,1,1	10,9,16,9,4,10,9,8,21,13	0,0,2,0,0,1,1,1,0,3	10,8,7,9,12,9,14,9,5,11	149	75
3573	5,8,7,7,3,8,5,4,6,5	27,22,13,17,17,26,21,21,14,17	3,5,4,2,5,4,2,3,13,8	17,16,18,22,16,19,28,15,18,18	396	75
3574	11,4,14,11,9,7,8,9,9,9	6,6,10,6,6,7,4,2,9,5	11,9,6,6,12,10,5,10,11,8	4,3,5,7,2,5,7,9,12,6	200	75
3575	8,4,13,8,8,5,8,9,6,7	12,16,15,16,16,13,11,13,12,13	9,7,5,2,10,7,1,7,9,6	11,5,11,13,17,12,17,5,15,17	176	75
3576	0,0,0,0,0,0,0,0,0,0	1,2,4,5,1,4,1,1,3,1	1,0,0,0,0,0,0,0,0,0	2,4,0,5,1,3,1,4,1,6	532	75
3579	6,11,7,7,5,5,2,5,4,5	15,12,7,10,12,9,3,10,4,11	7,8,5,4,4,7,12,4,14,6	10,6,4,14,7,8,12,10,5,18	158	75
3580	9,11,7,8,5,7,3,9,5,6	0,0,1,0,0,0,0,0,0,0	8,10,6,6,6,7,13,5,15,7	1,2,0,1,1,0,0,0,1,0	174	75
3581	17,19,22,27,15,30,14,32,19,17	3,2,3,3,4,1,6,3,2,1	29,18,7,23,23,15,16,5,30,30	2,0,0,2,1,0,2,1,4,5	766	75
3582	10,11,6,11,3,13,3,3,3,13	11,22,22,21,19,8,21,29,21,15	6,3,2,6,17,0,2,4,5,5	19,19,19,13,17,21,23,10,15,10	1658	75
3583	0,0,0,0,0,0,0,0,0,1	40,44,54,48,59,36,36,54,37,42	0,0,1,0,0,0,2,0,0,0	56,52,45,54,45,56,49,47,62,39	155	75
3584	6,5,6,1,5,4,3,6,5,7	90,88,97,87,101,47,57,67,68,86	7,2,5,3,4,6,0,4,7,3	66,93,68,71,112,87,118,98,61,33	1950	75
3585	2,2,1,3,1,1,0,0,1,2	11,17,13,16,14,11,7,12,8,12	0,2,1,1,1,1,1,0,3,2	9,9,11,16,16,11,19,12,11,11	197	75
3586	9,4,10,5,8,11,4,3,12,6	99,69,95,81,86,60,69,86,92,70	10,6,0,3,5,7,2,1,9,7	107,85,101,91,112,105,108,70,88,60	279	75
3587	3,3,7,3,6,3,2,2,2,3	1,0,3,0,0,0,0,1,0,0	8,3,0,1,2,5,0,0,5,1	0,0,0,0,0,0,0,1,0,0	192	75
3588	9,6,5,7,8,5,3,4,8,3	99,90,106,95,101,62,68,85,79,88	9,6,5,2,9,8,5,8,8,7	137,73,79,79,94,86,90,64,68,51	260	75
3589	3,5,6,4,3,5,4,5,3,4	4,7,3,5,5,5,6,7,3,5	1,3,2,3,5,0,6,3,10,2	12,2,3,6,8,5,8,7,4,5	656	75
3590	3,5,6,4,4,5,5,6,6,6	0,2,1,0,1,0,0,4,3,3	2,6,2,4,7,3,9,3,11,2	3,1,0,3,2,3,3,0,1,0	675	75
3591	21,10,18,14,7,7,25,11,13,12	0,0,2,0,1,1,3,1,1,0	15,5,9,6,6,9,12,10,17,16	0,0,3,1,3,1,0,1,0,0	1031	75
3592	7,5,6,4,0,0,10,2,3,3	8,3,7,11,4,5,6,10,10,4	3,0,3,1,1,0,5,2,2,5	7,10,5,12,8,14,4,6,5,3	967	75
3596	7,5,11,9,5,6,3,9,7,5	1,1,1,0,0,0,1,0,0,0	8,4,5,3,6,6,4,3,7,5	2,0,3,0,1,1,1,2,1,2	641	75
3599	2,4,4,6,7,1,4,7,4,3	24,26,39,25,41,32,31,23,38,28	3,3,4,5,3,5,7,5,4,6	34,22,26,24,33,26,43,51,48,34	152	75
3600	327,351,374,387,403,433,363,361,376,373	0,0,0,1,0,0,1,0,1,1	341,393,414,369,344,402,430,385,473,504	1,0,0,0,0,0,0,0,1,0	174	75
3601	6,10,8,11,8,6,5,4,11,8	10,8,14,12,13,11,11,19,6,14	16,7,3,5,18,2,7,8,10,10	15,13,13,17,11,8,10,9,12,16	883	75
3602	14,19,33,23,20,15,13,16,23,18	0,3,0,1,0,0,4,0,2,1	27,17,15,17,22,11,27,26,24,21	3,1,1,2,1,2,1,1,1,3	973	75
3603	8,2,10,2,7,4,5,5,8,8	10,14,4,12,11,11,13,7,10,5	11,8,7,9,3,7,5,7,7,14	10,9,17,13,7,9,8,10,12,9	358	75
3604	11,6,3,11,7,2,5,9,5,6	43,43,53,46,39,29,29,27,45,41	4,5,4,5,9,6,4,2,3,9	46,39,43,56,50,34,50,44,38,50	258	75
3611	18,12,16,38,15,26,19,22,18,33	38,52,49,34,22,39,56,43,31,34	15,14,17,13,18,23,27,22,25,26	46,19,23,32,36,37,32,20,35,32	344	75
3614	15,14,15,17,15,21,12,17,21,15	0,0,1,0,0,1,1,0,0,1	18,13,12,14,27,18,10,14,25,19	0,0,0,0,0,0,0,0,0,0	2332	75
3615	0,2,2,2,3,1,2,1,0,4	24,42,48,38,36,32,38,59,46,44	1,3,1,5,1,1,3,1,4,4	25,33,39,40,45,35,46,39,33,82	301	75
3616	0,1,0,1,0,1,0,1,0,1	0,0,0,3,0,0,0,2,1,0	0,1,1,0,0,1,0,0,1,1	0,0,0,1,0,0,1,0,0,0	161	75
3619	9,12,6,3,4,7,4,6,6,7	22,28,28,38,30,35,22,37,19,20	6,5,3,3,6,6,5,2,4,4	39,35,22,34,27,33,32,26,35,43	312	75
3620	30,29,22,31,14,13,18,22,26,19	148,178,143,159,137,90,90,115,102,138	23,16,15,15,39,15,21,15,29,34	111,119,123,137,145,117,150,135,130,107	2609	75
3621	80,83,84,97,61,94,62,78,67,65	162,176,217,226,196,210,176,183,216,227	63,56,61,46,90,58,59,50,89,148	185,158,178,230,232,197,197,203,283,229	1513	75
3622	1,0,1,0,0,1,2,0,1,0	0,1,0,0,0,0,0,0,0,0	0,0,0,1,2,0,0,2,1,0	0,0,0,0,0,0,0,0,1,0	310	75
3623	2,0,1,0,1,1,3,0,2,0	4,13,10,9,6,8,9,7,18,8	0,0,0,1,2,0,1,2,1,1	11,5,11,12,17,14,13,9,9,8	368	75
3624	0,2,1,2,2,1,0,0,2,1	0,0,0,1,0,0,0,0,0,0	4,1,1,5,1,0,2,1,0,1	0,0,0,0,0,0,0,0,0,0	839	75
3625	84,79,63,96,52,60,61,75,70,76	2,6,4,4,3,5,1,3,3,5	54,58,62,69,76,61,81,62,60,75	5,4,0,1,4,5,6,0,2,5	164	75
3626	1,0,0,1,0,1,1,1,0,0	87,106,101,121,119,84,84,129,116,130	1,0,0,1,0,1,0,0,1,0	95,96,90,87,102,119,113,108,127,127	172	75
3627	0,0,0,0,0,0,0,0,0,1	0,0,0,0,0,0,0,0,0,0	0,0,0,0,0,0,2,1,0,0	0,0,0,0,0,0,0,0,0,1	158	75
3628	0,1,0,0,0,1,0,0,1,0	8,27,26,26,31,19,22,32,33,23	0,0,0,0,1,1,0,1,2,0	29,13,15,41,33,20,25,23,20,9	932	75
3629	0,1,0,4,0,0,3,5,0,2	65,96,81,78,63,77,70,70,78,77	2,0,1,2,1,2,1,1,0,2	59,100,68,72,84,64,72,86,74,85	178	75
3630	1,1,4,3,4,2,1,4,0,1	107,103,104,100,96,125,110,110,107,125	3,3,1,0,2,2,1,1,1,2	106,117,114,115,131,128,104,112,135,116	246	75
3632	0,1,1,0,0,2,2,0,0,0	15,15,15,14,21,13,10,14,10,16	0,0,0,0,1,0,0,0,1,6	18,9,11,13,18,15,12,13,13,14	182	75
3635	0,0,0,0,0,0,0,0,0,2	38,27,29,32,23,21,20,24,19,19	0,0,0,0,0,0,0,0,0,0	36,20,19,22,34,21,33,19,12,9	652	75
3636	3,1,3,2,0,0,1,1,2,1	3,8,0,5,4,5,6,1,9,3	1,0,1,4,1,0,0,2,3,6	7,4,3,3,5,1,5,6,10,8	163	75
3637	1,2,0,0,0,1,1,0,0,1	9,14,10,7,11,12,5,10,7,7	0,0,0,0,0,0,1,0,0,0	11,8,7,8,6,10,9,6,7,6	287	75
3638	0,0,0,1,0,1,0,0,0,0	9,4,5,6,9,3,6,10,8,8	1,0,0,1,1,0,1,0,0,0	9,4,0,6,8,5,11,11,8,8	182	75
3639	2,0,1,0,1,1,0,0,0,0	0,2,6,6,4,2,1,3,2,3	2,0,0,0,0,0,0,0,1,0	6,2,5,3,5,6,4,3,4,1	233	75
3640	0,0,0,0,0,0,0,0,0,0	59,46,67,63,40,60,33,52,51,62	0,0,0,1,0,0,0,0,2,1	45,38,40,61,60,53,56,53,75,57	248	75
3641	2,0,0,4,2,4,2,0,0,5	1,5,1,1,2,2,6,5,2,7	2,3,0,2,1,3,0,6,2,0	2,1,3,3,4,2,2,0,5,3	179	75
3642	7,3,7,11,5,7,5,4,5,3	15,21,11,21,19,25,15,18,21,19	9,7,2,7,8,10,7,3,4,8	18,19,19,16,16,12,24,23,18,22	177	75
3643	8,9,3,5,3,9,5,6,2,2	174,192,175,219,181,230,155,175,174,218	5,4,2,4,5,8,5,5,4,7	186,186,164,184,221,212,218,170,276,300	365	75
3644	583,646,711,724,560,690,571,644,659,685	0,0,0,0,2,0,0,0,0,1	659,606,508,632,683,587,668,567,776,846	0,0,0,0,0,0,0,0,0,0	1244	75
3645	85,96,46,49,68,58,34,51,61,44	56,60,48,54,50,41,28,58,60,50	66,29,55,68,49,21,72,73,48,67	56,42,54,63,47,56,58,58,57,45	893	75
3646	143,157,73,105,143,104,75,93,124,95	31,56,41,45,50,32,40,35,42,39	98,88,104,101,75,56,114,114,77,154	52,37,39,39,36,40,49,29,33,34	1101	75
3648	11,8,8,11,7,7,10,7,13,9	98,95,116,104,80,99,87,110,122,132	2,9,7,13,8,8,12,12,6,13	99,105,124,117,109,121,156,106,121,119	157	75
3649	19,18,19,17,15,10,22,15,13,27	0,0,1,1,0,0,0,0,1,0	19,16,13,21,25,16,14,22,24,5	0,0,0,0,0,0,0,0,0,0	701	75
3652	451,560,556,535,481,466,439,454,482,496	0,2,0,1,0,0,0,1,0,0	502,480,452,553,487,469,503,512,524,540	0,0,0,0,0,2,0,0,0,3	1056	75
3653	9,7,9,9,6,3,4,3,5,11	32,32,37,44,45,48,38,26,38,54	6,4,3,3,8,8,5,5,7,8	41,41,32,41,33,41,46,35,34,49	154	75
3655	0,0,0,0,0,0,1,0,0,0	0,2,1,1,0,0,2,2,2,3	0,0,0,0,0,0,0,0,0,0	3,2,2,2,1,1,1,1,4,1	278	75
3656	1,1,0,5,2,1,1,0,4,0	5,0,4,2,0,2,1,0,1,1	0,0,4,2,1,2,0,0,1,2	1,0,4,1,6,1,3,0,6,3	154	75
3657	451,435,484,509,440,475,394,473,480,428	114,162,138,163,134,157,131,124,147,176	442,435,429,433,468,434,527,402,420,479	143,161,125,165,153,127,147,114,168,173	905	75
3658	16,13,12,6,10,14,13,10,14,7	56,63,70,61,45,61,51,55,57,58	13,9,9,14,11,16,9,12,21,37	59,69,60,36,55,76,94,62,66,69	662	75
3659	13,12,12,5,9,13,11,10,13,6	0,0,3,0,0,0,0,0,0,1	13,9,8,14,10,14,9,11,18,37	1,0,0,0,0,0,0,0,0,0	638	75
3660	2,7,2,0,3,5,3,3,2,4	51,63,62,68,61,57,62,74,67,56	3,0,2,7,3,2,1,6,2,6	74,63,51,49,56,52,58,65,58,81	149	75
3664	145,156,187,162,162,119,114,140,142,154	0,2,8,5,4,3,0,6,0,1	170,131,144,156,158,131,162,140,124,97	2,3,6,0,2,3,1,2,1,3	200	75
3665	4,4,2,5,1,1,0,1,6,2	26,51,42,37,40,32,38,35,30,27	2,3,3,0,8,3,1,0,1,1	44,35,34,28,26,39,45,38,27,26	596	75
3666	0,0,0,0,0,0,0,0,0,0	8,3,3,5,6,4,2,4,3,5	0,0,0,0,0,0,1,0,0,0	4,4,4,2,4,8,4,3,3,2	176	75
3667	7,6,2,6,3,5,4,3,2,3	38,42,41,51,49,48,40,51,35,50	7,3,1,2,9,3,4,6,6,4	62,44,44,50,31,32,44,46,35,50	499	75
3668	1,0,0,2,0,0,0,0,0,0	28,26,28,21,21,18,15,24,23,29	0,0,0,0,0,0,0,0,1,0	27,25,25,19,29,31,28,27,26,22	185	75
3669	56,46,42,38,38,31,34,30,44,40	0,5,3,12,8,6,7,7,9,9	35,36,31,33,46,45,46,42,41,49	5,6,7,5,11,13,14,5,8,8	273	75
3670	0,1,1,1,1,0,0,0,1,0	1,1,2,1,1,0,1,0,0,2	0,0,0,0,0,1,2,0,1,0	2,1,1,1,0,3,3,3,0,0	239	75
3671	0,1,3,2,1,1,2,0,2,2	1,4,1,1,0,0,0,0,1,1	1,1,2,0,0,1,2,1,1,3	0,0,0,0,1,0,3,1,1,0	283	75
3672	13,12,9,17,6,9,4,13,8,9	1,0,1,4,1,2,0,0,0,0	17,6,11,8,16,5,14,9,19,11	0,0,0,3,1,0,0,1,0,0	558	75
3673	13,12,9,17,6,9,4,13,8,9	1,4,1,1,1,7,0,1,0,0	17,6,11,8,16,5,14,9,19,11	7,0,0,0,2,4,2,5,0,2	553	75
3674	34,40,35,42,34,48,25,48,38,36	2,0,0,1,0,1,1,1,0,0	46,34,45,56,48,38,42,36,56,54	1,2,1,0,1,0,0,1,1,0	596	75
3675	34,40,35,42,34,48,25,48,38,36	0,0,2,0,1,0,0,0,0,0	46,34,45,56,48,38,42,36,56,54	0,0,0,0,1,0,0,0,0,0	591	75
3676	49,62,52,75,61,65,43,68,48,64	1,3,1,0,0,3,1,0,2,0	56,58,63,48,70,63,56,45,70,85	0,1,0,2,5,1,1,0,0,4	749	75
3677	85,73,64,80,70,62,48,66,85,95	2,4,4,4,0,0,0,3,4,0	70,78,65,73,74,62,65,69,84,76	0,1,3,3,2,1,2,1,3,2	169	75
3678	1,0,2,1,0,1,1,0,0,0	92,95,102,99,83,111,81,91,73,103	1,3,0,0,1,0,1,1,2,2	87,113,86,95,99,85,113,78,92,78	165	75
3679	6,8,10,6,7,7,7,6,8,6	121,178,148,173,152,150,115,144,151,143	9,6,7,9,17,5,8,7,6,17	172,153,152,145,144,143,174,136,138,146	749	75
3680	0,1,3,2,1,0,0,1,0,2	5,12,7,16,2,8,6,4,10,8	1,0,0,0,0,1,1,0,0,1	13,4,6,6,11,6,7,6,10,9	284	75
3681	0,1,3,1,2,2,5,0,3,2	0,0,1,3,2,1,0,0,1,0	1,1,3,3,2,0,3,1,1,3	0,0,1,0,0,0,0,0,1,7	463	75
3682	1,7,1,6,5,1,7,0,3,4	49,38,48,64,52,46,57,42,32,35	5,4,8,3,3,1,1,0,2,7	44,41,46,42,51,41,49,38,34,42	175	75
3683	1,0,0,0,2,1,0,3,1,1	32,32,32,22,31,21,22,35,17,20	0,1,0,2,1,0,0,0,2,1	27,24,23,24,29,28,29,25,25,19	335	75
3684	0,0,0,0,1,0,0,1,2,2	27,31,24,28,16,22,22,30,18,29	0,0,0,0,0,0,0,0,0,0	26,25,12,30,28,22,30,22,19,23	154	75
3685	1,1,0,3,0,1,1,0,1,0	19,15,30,22,24,20,13,25,24,16	1,0,0,1,1,0,0,1,2,0	12,35,30,16,22,18,25,13,21,27	76	75
3686	8,9,16,9,6,7,8,12,6,4	0,1,2,2,0,1,0,3,1,1	7,2,12,1,10,5,7,4,6,12	2,3,1,0,4,0,5,1,1,1	530	75
3687	5,2,6,3,4,7,2,3,3,2	100,101,100,87,87,85,81,83,103,96	5,3,6,6,2,3,8,7,6,7	86,72,80,84,93,94,95,91,91,72	191	75
3690	0,4,2,0,0,1,0,2,0,0	109,119,122,104,101,80,66,91,94,93	1,1,0,2,0,1,0,0,0,0	84,86,76,110,109,85,112,97,88,77	502	75
3691	7,3,7,6,5,6,9,8,3,12	24,39,26,38,23,35,17,25,37,24	3,4,6,6,7,6,6,7,10,6	35,23,28,25,28,26,27,30,29,33	197	75
3692	6,2,3,4,3,8,4,5,4,4	29,32,30,30,33,48,27,37,34,34	2,5,3,3,5,1,1,2,8,5	35,33,26,41,27,20,38,23,47,46	145	75
3694	8,13,21,13,16,7,18,16,15,17	40,53,55,70,55,44,51,51,38,38	7,14,9,13,12,10,13,5,5,14	47,49,49,45,34,46,57,58,44,50	151	75
3695	1,1,0,1,0,1,1,0,1,0	21,33,28,28,38,36,24,34,24,31	0,1,0,1,3,2,1,0,1,2	28,23,23,41,30,27,30,25,31,29	423	75
3696	37,57,71,61,45,30,33,47,47,48	1,2,2,1,0,0,0,3,1,1	48,48,38,35,53,59,45,56,50,51	1,1,0,0,0,0,0,0,1,0	1859	75
3697	11,14,23,17,16,12,10,14,13,14	17,25,28,27,27,26,29,27,22,24	17,18,9,5,13,17,12,11,20,19	31,12,23,23,22,39,43,31,19,30	1780	75
3698	1,1,8,4,4,2,2,7,7,6	32,33,39,25,41,20,18,30,26,35	2,8,5,2,2,3,1,3,6,0	40,23,35,43,36,23,48,44,29,24	1469	75
3700	4,10,8,15,5,7,12,4,4,9	24,30,30,17,27,16,13,22,26,13	13,5,10,9,17,7,7,1,10,7	28,11,21,18,28,21,25,22,23,23	1041	75
3701	19,10,19,14,22,20,17,16,11,36	0,1,0,0,0,0,0,0,0,1	19,15,21,17,28,13,18,12,14,14	0,0,1,0,2,1,1,0,1,0	1605	75
3702	80,85,88,86,88,48,70,77,52,60	15,6,17,18,18,15,7,8,12,10	88,58,64,65,91,71,97,71,61,30	7,13,12,9,19,17,11,17,15,5	348	75
3703	1,2,1,1,1,0,2,1,1,0	0,0,0,0,1,1,3,0,1,0	1,1,1,0,1,0,2,3,4,4	0,1,0,2,1,0,0,1,5,1	184	75
3704	1,0,1,4,0,0,0,1,2,0	79,105,69,110,74,77,68,67,76,91	0,0,1,0,1,0,2,0,1,1	79,94,100,94,82,86,98,79,67,76	265	75
3705	46,50,51,47,39,12,26,36,38,23	2,0,1,0,2,1,0,0,1,0	58,37,22,39,66,43,51,22,31,9	1,1,0,0,1,1,0,2,1,0	265	75
3706	0,0,0,0,0,0,0,0,0,0	38,45,47,46,42,14,41,16,26,27	0,1,0,0,0,0,0,0,0,0	34,24,36,38,42,35,49,21,15,10	1719	75
3707	24,26,16,19,21,15,21,15,20,19	3,1,3,0,2,3,9,3,3,5	17,9,21,7,18,16,16,14,13,25	2,3,4,3,5,3,4,2,4,2	590	75
3708	0,2,0,1,2,3,1,2,1,1	3,6,1,2,1,3,1,9,4,1	1,1,1,1,0,0,0,0,0,4	3,4,0,4,5,2,6,6,3,0	252	75
3709	7,8,3,8,4,7,7,10,6,4	0,1,0,0,0,0,0,0,0,0	10,6,5,3,2,4,3,2,7,7	0,0,0,0,0,0,0,0,2,0	529	75
3710	2,2,2,1,0,1,1,3,2,0	5,4,7,7,2,7,1,3,5,3	2,2,1,2,2,1,0,2,1,0	7,6,1,12,6,9,4,9,6,12	172	75
3711	1,0,6,3,2,3,2,7,4,1	84,106,78,94,72,86,75,80,87,101	0,1,0,0,5,5,0,1,6,3	100,81,94,110,82,94,98,79,84,78	336	75
3712	1,0,6,3,2,3,2,7,4,1	18,31,27,24,19,24,24,20,35,32	0,1,0,0,5,5,1,1,6,3	24,22,15,33,27,25,24,19,22,21	339	75
3713	20,21,23,24,19,15,11,21,17,23	64,69,68,82,59,60,56,73,62,63	15,15,10,21,22,16,14,21,27,20	69,60,50,53,65,71,63,58,69,37	348	75
3714	93,130,111,147,119,104,78,124,117,128	0,0,0,0,0,0,0,0,1,1	107,104,99,115,143,101,122,129,139,116	0,0,0,0,0,0,0,0,0,0	393	75
3715	165,215,185,199,181,122,139,165,144,132	0,0,0,0,0,0,0,0,0,0	195,162,164,221,231,154,199,178,167,87	0,1,1,0,1,0,0,0,0,0	123	75
3716	4,1,0,1,1,3,5,0,0,2	74,77,86,68,77,89,86,77,84,88	2,1,1,1,2,0,1,0,1,3	69,75,89,94,75,92,86,71,89,116	156	75
3717	0,3,0,3,0,0,4,1,1,4	58,63,100,64,68,65,88,74,69,71	0,1,0,1,2,0,2,0,1,2	50,86,68,58,65,58,78,62,73,66	146	75
3718	1,1,3,1,1,3,0,0,0,1	104,86,89,93,89,68,69,99,90,97	1,0,1,0,0,1,0,0,1,1	96,82,72,106,106,112,95,80,99,65	158	75
3719	0,0,0,0,0,1,0,0,0,1	69,120,85,87,79,53,55,89,53,92	1,0,0,0,1,0,1,1,0,2	87,80,100,71,84,78,73,69,84,44	496	75
3720	6,9,5,6,3,1,8,6,7,1	26,37,30,34,41,21,29,31,14,33	7,9,5,6,10,4,3,10,7,3	38,21,27,25,36,40,28,30,27,10	404	75
3721	5,9,4,6,1,1,8,6,6,1	0,0,0,0,0,0,0,1,1,1	7,7,3,6,9,2,3,8,5,3	2,0,0,0,1,0,0,0,0,0	354	75
3722	4,5,5,5,5,4,9,7,5,3	48,78,88,60,61,48,47,62,51,56	7,1,1,4,6,2,8,8,8,5	65,69,56,58,34,56,68,54,52,44	337	75
3724	0,0,0,1,0,0,0,1,0,0	61,68,58,76,74,32,54,68,52,70	0,0,0,0,1,0,0,0,1,0	63,37,54,54,63,69,68,67,57,58	153	75
3725	9,10,9,14,9,7,4,14,10,9	114,157,170,162,136,188,128,141,167,186	8,6,7,2,12,5,6,6,9,9	164,151,114,164,138,157,150,136,170,222	572	75
3726	2,2,3,2,2,1,2,0,0,2	36,50,46,36,43,48,42,39,40,43	1,1,0,3,3,1,3,2,2,4	46,54,43,28,36,40,46,37,42,54	219	75
3727	2,3,3,4,2,4,3,2,0,3	79,87,104,113,81,95,72,76,80,96	1,2,0,3,3,1,3,2,4,6	89,95,78,76,86,92,88,80,112,115	228	75
3728	0,3,0,1,0,1,0,3,2,0	0,0,0,0,0,0,0,1,0,1	0,0,0,2,1,0,1,0,1,0	0,0,1,0,0,0,0,0,1,0	364	75
3729	5,3,6,4,4,1,2,4,6,4	1,1,0,0,0,0,0,0,0,0	4,4,0,1,8,1,2,2,3,6	0,0,2,0,0,0,0,0,0,0	167	75
3732	30,22,30,46,31,33,17,21,25,25	5,4,7,6,8,6,11,13,4,10	23,27,16,17,36,14,13,16,34,26	6,6,11,13,10,11,3,4,4,4	2197	75
3734	0,0,0,2,1,1,1,0,1,0	10,20,17,8,13,1,9,15,9,10	2,0,0,1,1,0,1,1,2,0	15,10,7,8,9,11,8,12,7,3	1411	75
3735	2,0,0,1,0,0,0,0,0,0	3,5,1,4,1,3,3,2,4,4	0,0,0,0,0,0,0,0,2,0	2,0,5,2,2,2,7,3,2,1	426	75
3738	3,8,6,4,7,4,4,4,4,3	784,835,809,653,559,575,710,689,809,871	3,4,3,0,7,1,2,4,3,7	756,618,688,774,899,874,917,738,762,811	309	75
3739	2,6,5,3,6,4,3,4,1,3	0,0,0,0,0,0,0,0,2,0	3,4,0,0,4,1,2,4,1,6	0,1,0,0,0,0,0,0,0,0	264	75
3740	78,76,88,81,70,61,44,70,83,67	0,1,0,0,0,1,0,0,0,0	89,54,79,75,73,83,70,85,99,82	1,0,0,0,0,0,0,0,0,0	358	75
3741	3,7,6,7,5,3,2,3,11,2	166,144,171,178,143,143,112,157,105,188	3,1,0,4,2,1,4,5,10,12	158,141,168,154,172,143,167,151,154,134	312	75
3742	103,100,123,107,99,34,57,89,83,75	0,0,0,0,0,0,0,0,0,0	97,83,94,101,94,70,102,75,59,46	0,0,1,0,0,0,0,0,0,0	1497	75
3745	0,1,0,2,0,1,2,0,0,0	7,7,5,2,3,3,12,8,3,2	1,0,4,0,0,2,0,0,0,0	8,5,5,4,0,2,0,7,6,7	612	75
3746	9,14,4,6,2,11,11,5,4,6	25,25,16,25,18,17,16,12,15,20	4,5,4,11,6,3,5,5,5,6	20,19,20,15,23,19,18,17,23,19	1659	75
3747	4,6,2,4,7,0,4,6,3,4	6,13,10,5,7,3,4,6,12,4	7,3,1,5,6,9,8,3,3,3	5,5,1,6,2,9,6,2,10,6	158	75
3748	14,14,8,20,11,16,13,16,12,17	11,7,15,18,14,16,11,13,12,11	14,13,14,17,16,12,5,5,27,26	7,10,9,13,8,15,21,13,5,9	272	75
3749	14,13,8,23,13,16,15,17,14,17	0,0,0,0,0,0,0,0,0,0	17,10,13,16,17,11,6,5,24,27	0,0,0,0,1,0,0,0,0,0	410	75
3750	0,2,0,4,4,3,3,2,2,0	22,20,22,30,17,20,26,22,19,16	3,0,1,0,1,0,1,0,5,2	14,17,15,22,15,16,28,21,23,31	162	75
3751	2,4,0,9,3,0,0,3,0,3	12,16,18,14,17,10,16,11,20,24	3,2,1,1,3,0,2,0,4,1	11,19,13,14,19,11,19,15,16,20	352	75
3752	8,10,17,15,3,14,6,8,5,17	794,795,826,875,704,767,703,767,746,830	7,3,3,4,6,8,11,10,11,20	823,764,756,717,880,693,819,733,814,850	156	75
3753	391,412,427,485,394,433,369,438,390,490	0,0,0,1,0,0,0,1,0,0	424,409,384,397,385,368,458,343,476,451	2,1,0,0,0,0,1,0,0,0	348	75
3754	27,20,24,30,12,34,24,27,15,33	1024,1165,1142,1148,1093,1119,1031,1029,985,1202	26,11,11,16,21,20,25,19,29,33	1086,1056,965,1067,1120,1011,1223,969,1167,1160	151	75
3755	5,8,2,2,2,0,5,0,3,2	52,41,50,60,38,34,29,44,38,52	6,2,1,3,5,1,6,3,11,7	38,49,54,45,49,35,45,47,50,48	393	75
3756	4,2,2,9,4,3,8,3,4,10	81,79,94,84,85,71,57,90,67,98	5,0,1,2,2,2,1,0,1,5	85,80,76,87,101,85,87,80,89,74	295	75
3757	2,0,0,0,3,0,1,4,1,0	566,557,577,625,498,683,550,568,561,667	1,2,3,1,1,2,2,1,1,3	615,568,562,575,608,560,589,593,677,751	164	75
3758	14,15,7,6,13,16,11,6,12,13	35,34,36,53,33,29,39,31,27,37	15,10,9,6,20,4,8,7,15,13	53,34,37,40,47,25,35,34,36,27	1766	75
3759	14,24,21,31,20,25,22,23,13,25	51,66,47,54,47,68,30,59,59,43	29,8,11,13,33,22,18,12,29,43	41,49,56,50,53,55,62,53,67,63	387	75
3760	7,1,7,3,3,1,2,3,4,4	3,3,4,6,4,5,2,5,4,6	1,4,2,3,5,2,4,2,1,8	5,4,8,4,5,4,5,1,3,6	400	75
3765	360,346,333,397,316,353,298,327,293,304	0,0,1,1,1,0,0,4,1,0	329,336,297,290,296,304,326,283,354,375	1,1,0,0,1,0,0,1,1,0	452	75
3766	8,10,8,11,5,4,9,7,8,10	0,0,0,0,0,2,0,0,0,0	10,10,1,3,8,13,9,4,7,5	0,0,2,0,0,0,0,0,0,0	468	75
3768	220,232,240,253,223,260,187,217,240,271	0,0,0,1,1,0,1,1,0,0	274,248,194,191,269,245,263,221,259,257	0,1,0,0,0,0,0,0,0,0	5301	75
3771	7,5,9,8,7,5,2,5,8,4	4,4,10,4,2,1,3,5,5,7	12,7,3,9,9,7,7,2,7,15	4,2,0,2,3,1,2,3,3,4	528	75
3772	4,2,5,6,4,7,5,4,3,3	95,117,95,109,93,131,69,92,111,140	5,3,2,5,3,0,4,3,4,9	110,114,76,130,127,107,107,91,117,114	146	75
3774	13,10,6,17,9,2,4,14,8,5	188,228,195,183,155,137,160,147,147,212	19,13,6,9,24,7,9,9,7,7	154,148,179,165,185,178,171,158,169,147	1730	75
3775	0,0,0,1,0,0,0,0,0,0	3,2,2,3,3,1,2,1,3,0	0,0,0,0,0,0,0,0,1,0	4,0,0,2,4,4,4,2,2,0	187	75
3776	3,2,4,3,6,4,9,10,2,3	63,64,60,58,64,49,40,56,44,63	7,2,2,4,4,2,3,1,2,3	58,55,71,50,62,58,63,58,56,67	861	75
3777	8,6,6,5,2,6,4,2,1,6	38,59,37,49,46,40,44,46,32,60	3,1,2,1,9,6,3,1,2,3	37,33,47,41,58,46,53,38,54,50	763	75
3778	0,0,1,0,0,2,0,1,0,2	823,898,847,921,801,899,818,871,830,1056	1,1,0,0,0,1,2,1,1,3	862,895,901,906,910,860,986,840,867,1100	413	75
3779	0,2,1,0,1,2,0,0,0,0	642,713,759,752,640,775,629,672,693,806	0,0,0,2,0,1,1,0,0,0	689,740,689,683,696,704,828,696,752,868	250	75
3780	2,3,7,7,6,4,8,2,4,2	12,16,8,6,9,19,6,8,6,12	7,3,6,2,5,4,5,5,3,9	16,5,2,6,7,11,7,7,10,14	433	75
3781	3,4,8,7,8,4,8,5,7,3	0,0,2,0,0,0,0,0,0,0	8,3,9,4,6,8,8,5,5,9	0,0,0,0,1,0,2,1,0,1	468	75
3782	0,0,2,1,1,1,1,0,0,0	13,9,6,5,6,7,12,5,14,6	2,2,0,1,2,0,0,0,0,0	7,11,5,5,3,7,10,11,7,13	159	75
3783	1,1,3,2,1,2,1,2,0,4	42,40,59,63,51,60,38,45,47,47	0,1,3,2,2,0,2,1,1,6	34,46,49,61,41,44,64,37,66,85	1214	75
3784	404,393,367,430,372,334,314,299,323,373	285,312,309,282,238,229,201,218,271,294	426,368,393,381,417,371,443,374,336,271	308,275,258,282,292,264,332,246,231,176	187	75
3785	33,30,20,35,32,28,29,28,24,28	16,27,19,15,16,18,13,26,19,18	21,27,23,25,17,29,26,24,18,24	12,20,15,21,13,22,23,25,18,14	345	75
3786	30,26,18,30,28,24,26,24,24,26	32,46,48,33,27,23,22,43,40,38	18,22,19,21,17,21,21,22,17,23	48,24,31,37,36,32,45,38,23,24	336	75
3787	3,5,8,3,5,10,10,5,4,9	5,8,5,11,8,7,8,8,4,9	6,4,2,5,5,5,4,7,3,6	9,5,11,7,2,6,6,4,5,3	238	75
3789	4,3,3,2,2,6,7,3,3,2	38,37,44,37,23,18,25,35,26,31	1,1,6,3,3,7,7,3,7,6	44,22,25,25,27,32,37,38,22,25	175	75
3790	5,4,1,2,2,0,0,0,3,3	138,135,132,145,122,165,121,137,125,129	0,1,2,0,1,1,0,0,4,4	122,110,123,144,127,126,148,116,165,149	162	75
3793	220,244,299,285,266,75,124,167,147,155	1,0,0,1,0,0,0,0,0,0	228,189,182,184,267,238,249,144,105,34	2,0,0,0,0,0,0,0,0,0	155	75
3794	92,75,99,102,70,54,80,75,67,84	27,35,25,34,24,25,17,21,41,32	73,62,40,55,116,52,69,49,95,80	26,25,23,44,26,25,35,25,20,31	2451	75
3795	1,0,3,0,2,1,0,1,0,1	36,33,60,34,37,38,27,40,28,41	1,2,0,2,1,0,1,0,1,3	26,32,32,31,31,32,44,42,35,42	372	75
3796	0,0,0,0,1,0,0,0,0,0	21,8,18,16,17,10,18,12,8,16	0,0,0,0,0,1,0,0,0,0	37,15,21,28,29,7,18,13,16,15	181	75
3797	4,2,1,5,4,1,5,0,0,2	340,355,388,382,343,448,350,370,416,422	4,1,0,2,6,5,5,3,10,5	388,386,398,359,401,380,413,367,434,504	235	75
3798	2,6,4,7,6,3,4,4,6,0	0,0,0,0,1,0,0,1,1,0	4,3,3,2,5,2,6,3,7,6	0,0,2,0,0,0,0,0,0,0	642	75
3799	12,9,9,12,10,9,5,9,10,8	8,6,7,4,4,2,3,1,4,8	7,4,8,4,12,6,9,4,12,12	4,1,3,9,11,5,5,4,7,0	654	75
3800	1,2,2,2,3,3,0,0,2,2	0,0,0,1,0,0,0,0,0,0	1,1,1,1,3,2,1,0,8,0	0,0,0,1,0,1,0,0,0,0	358	75
3801	1,2,2,2,3,3,0,0,2,2	26,22,29,29,24,29,19,18,23,32	0,1,1,1,2,2,1,0,8,0	23,22,12,17,29,20,17,24,20,27	355	75
3802	7,11,9,13,4,2,5,6,10,13	0,0,0,0,0,0,0,0,0,0	5,7,11,6,5,17,5,12,7,4	0,1,1,1,0,1,0,0,1,0	345	75
3803	2,0,1,0,2,0,0,1,0,0	6,7,7,9,8,4,3,5,4,4	0,0,1,1,0,0,2,2,0,0	8,8,7,4,3,7,8,12,5,2	1093	75
3809	194,214,185,219,109,103,124,144,130,122	95,104,97,121,126,49,64,72,84,73	171,129,88,112,222,109,117,87,131,147	81,68,93,83,117,90,104,94,56,45	1888	75
3812	0,1,0,2,1,0,0,0,2,0	237,339,243,284,239,253,265,239,259,244	0,0,0,0,3,1,0,0,0,2	229,210,200,223,267,251,265,181,228,208	276	75
3813	317,308,377,497,281,274,269,374,276,311	1,3,2,2,0,2,4,3,5,1	402,278,165,229,385,235,295,249,474,508	0,1,2,3,3,2,3,3,5,0	1304	75
3814	0,0,0,0,1,0,1,1,2,1	41,48,42,35,40,23,41,44,31,44	0,0,2,2,2,0,0,0,1,1	36,39,41,40,31,29,45,41,38,35	937	75
3815	17,12,7,7,11,4,4,9,9,2	23,26,25,32,29,8,10,11,13,20	17,6,5,3,7,12,12,4,7,5	24,11,25,22,19,20,18,20,16,8	261	75
3817	3,6,5,10,9,5,5,4,3,5	0,0,1,0,0,0,0,0,1,0	6,5,1,5,4,7,4,4,7,7	0,0,0,2,0,0,0,0,2,0	526	75
3818	3,6,5,10,10,5,5,4,3,5	19,16,19,19,13,8,8,12,17,11	6,5,1,5,4,7,4,4,7,7	20,15,16,15,14,14,10,22,13,14	537	75
3819	0,2,0,0,1,0,0,1,2,0	7,5,1,1,4,1,4,1,4,3	1,0,0,0,4,0,0,0,0,0	7,3,4,2,4,2,2,6,6,4	371	75
3820	0,3,0,3,1,0,1,0,2,1	1,1,1,6,8,8,4,4,3,8	5,1,3,3,1,0,3,2,2,2	1,7,3,1,3,1,5,2,4,11	586	75
3821	1,1,1,2,0,1,0,0,0,1	2,1,3,0,0,0,1,1,0,0	0,1,0,2,0,0,0,0,0,0	1,7,0,1,2,1,1,3,0,0	388	75
3822	0,0,0,1,1,0,0,0,1,0	0,3,2,1,1,1,1,3,2,5	0,0,0,0,1,0,0,1,0,3	4,5,0,0,1,0,4,4,0,2	211	75
3823	0,0,1,0,0,0,0,0,0,0	5,4,1,1,3,4,3,3,0,2	1,0,0,0,1,0,0,0,0,0	1,1,5,3,2,4,2,3,1,3	154	75
3824	0,0,0,0,0,1,0,0,0,0	2,0,4,3,2,2,2,1,1,7	0,0,0,0,0,0,0,0,0,0	1,2,0,1,3,0,3,2,0,3	248	75
3826	3,3,2,3,1,1,1,3,3,3	39,39,42,41,40,50,39,43,40,47	6,2,1,0,4,1,0,2,5,0	55,35,36,27,44,45,50,48,40,45	231	75
3827	0,0,0,0,0,0,0,0,0,1	2,1,1,6,2,5,1,3,6,3	0,0,0,0,0,0,0,0,0,2	2,1,2,6,1,2,5,4,3,1	187	75
3828	30,29,21,35,27,34,38,33,22,14	1,0,0,0,0,0,0,1,0,2	27,35,39,30,31,21,40,22,29,26	1,1,0,1,0,3,1,0,0,1	242	75
3829	40,34,26,37,28,36,41,33,23,20	1,2,0,2,4,4,3,2,6,2	31,38,41,34,34,22,43,26,31,28	0,1,0,1,1,3,3,5,7,3	258	75
3830	1,1,0,1,2,2,0,0,2,1	12,26,17,21,16,29,30,21,14,22	0,1,0,0,1,0,1,0,2,2	21,18,20,23,20,17,25,25,26,27	154	75
3832	0,0,1,0,0,0,1,0,3,3	49,53,56,64,58,18,47,34,38,41	0,0,0,0,1,0,0,1,0,0	57,46,44,53,62,47,48,58,33,14	329	75
3833	2,2,3,2,1,2,4,2,3,1	64,81,77,83,76,64,57,86,52,85	2,6,2,4,4,3,4,3,5,5	76,53,62,64,61,60,65,56,94,87	276	75
3834	344,271,347,394,271,205,328,289,264,301	48,46,35,59,42,36,44,38,50,58	320,210,194,194,363,175,246,153,420,522	44,40,45,49,52,33,43,56,54,56	1518	75
3835	59,50,82,66,43,33,48,50,38,56	40,50,33,40,49,48,42,39,38,58	68,34,20,36,90,37,37,33,44,80	37,43,35,39,35,50,28,51,54,40	941	75
3836	157,117,120,162,142,116,120,135,131,150	25,19,15,23,12,15,25,14,24,17	154,118,131,135,153,141,149,149,166,141	20,15,11,15,10,14,13,13,14,26	177	75
3841	0,0,0,0,0,0,0,0,0,0	1,0,1,2,0,0,0,0,1,3	0,0,0,0,0,0,0,0,0,1	0,0,2,0,1,0,1,0,1,0	1227	75
3842	10,7,5,7,5,3,3,7,2,9	9,12,12,12,5,6,6,3,10,13	7,8,3,2,6,5,5,5,9,3	4,8,12,10,11,13,7,5,10,8	399	75
3844	7,5,7,4,5,3,4,2,6,3	3,2,1,3,1,1,1,3,2,3	4,5,1,2,4,5,3,2,8,6	2,2,5,3,1,2,3,1,3,3	602	75
3846	14,15,22,23,11,11,14,13,15,10	23,31,42,20,21,21,14,29,25,17	26,12,5,6,11,9,19,12,9,17	24,27,31,24,29,19,21,22,28,30	913	75
3847	1,0,0,0,0,0,0,0,0,0	2,7,4,1,5,1,3,1,2,6	0,0,0,0,0,0,1,0,0,0	1,2,2,6,2,0,4,1,1,2	151	75
3848	0,1,4,0,0,0,1,0,0,0	16,8,9,10,6,17,15,7,9,11	0,1,0,0,0,0,2,2,0,1	7,13,13,11,11,11,15,9,13,10	258	75
3849	44,52,53,58,51,50,54,42,37,57	2,0,0,1,2,0,0,0,0,0	53,38,36,44,67,31,47,35,64,58	0,0,0,0,0,0,0,2,1,0	349	75
3850	4,9,10,13,8,7,11,6,6,13	0,0,0,0,0,0,0,1,0,0	11,6,6,7,9,6,6,5,17,17	0,0,0,2,0,0,0,0,0,0	272	75
3851	45,54,55,64,53,56,59,42,42,60	6,8,5,5,4,5,7,2,8,4	54,41,39,47,70,32,49,38,65,62	5,3,2,4,6,6,6,3,3,3	386	75
3852	5,11,12,19,10,13,16,6,11,16	29,11,21,32,17,32,32,30,34,32	12,9,9,10,12,7,8,8,18,21	21,28,16,16,25,24,22,23,25,23	309	75
3853	0,2,1,0,0,0,1,0,3,0	1,0,3,0,1,0,0,0,0,1	1,1,4,6,0,2,0,0,1,1	0,0,0,0,0,0,0,1,0,1	382	75
3854	0,1,1,1,0,2,0,3,0,0	34,51,45,60,34,32,15,35,22,35	0,0,0,1,0,0,0,2,3,2	41,21,21,27,46,16,21,28,46,36	448	75
3855	23,17,14,19,14,14,22,17,15,23	0,0,0,0,0,0,0,0,0,0	19,14,11,18,30,12,29,22,19,18	1,0,0,0,1,0,0,0,0,0	180	75
3856	7,6,1,2,5,3,4,1,2,3	18,15,12,17,13,14,11,11,13,9	1,2,0,1,9,2,2,2,2,1	17,15,7,13,16,14,16,10,15,13	333	75
3857	31,18,18,19,14,17,10,15,20,28	10,11,11,6,12,10,16,4,13,12	23,8,13,13,28,22,11,14,25,19	13,7,9,4,17,6,9,6,7,10	488	75
3858	0,0,0,0,0,0,0,0,2,1	17,13,19,11,13,19,14,15,7,19	0,0,0,0,0,0,0,0,0,0	8,10,12,10,7,4,16,14,14,14	172	75
3861	0,2,0,0,0,0,0,0,0,0	1,0,0,1,0,2,1,1,3,0	0,0,0,0,0,0,0,0,0,0	2,0,0,2,1,1,1,1,1,1	165	75
3862	0,0,0,0,0,0,0,0,0,0	0,0,0,0,0,1,0,0,1,0	0,0,0,0,0,0,0,2,0,0	0,0,0,5,1,0,0,4,0,1	154	75
3863	6,5,9,11,3,7,3,5,1,3	70,69,62,71,77,63,60,80,65,96	10,3,2,1,8,5,2,3,16,5	82,86,59,75,89,67,80,67,79,71	751	75
3864	4,2,3,7,6,4,5,4,2,8	27,20,32,23,24,21,26,11,26,27	4,3,6,7,5,2,8,0,9,7	30,30,23,36,43,27,26,21,26,26	360	75
3865	57,50,45,65,48,41,47,55,62,53	29,36,42,29,26,35,42,33,51,33	48,61,40,35,47,48,49,42,37,40	26,40,43,42,37,22,31,19,39,33	300	75
3866	25,19,13,21,14,20,15,23,23,16	4,5,4,8,7,3,0,2,6,6	10,16,14,12,13,19,17,18,13,14	5,3,5,5,6,4,6,8,2,6	280	75
3867	8,7,0,4,5,6,7,8,6,4	25,30,25,23,20,27,15,19,20,42	2,5,2,3,8,5,4,4,7,7	34,29,14,15,32,28,29,22,21,19	260	75
3868	8,4,0,1,3,4,5,8,4,4	5,3,1,1,3,0,3,5,3,1	1,3,2,2,6,1,3,1,7,7	1,2,3,1,6,5,0,1,0,0	245	75
3869	0,0,0,0,0,0,0,0,0,0	3,1,1,1,1,1,0,0,0,0	0,0,0,0,1,0,0,0,0,0	0,1,3,0,2,0,0,0,4,0	194	75
3870	143,152,171,186,149,156,146,162,161,207	34,44,40,35,33,31,41,26,35,43	187,126,130,150,178,172,171,157,212,201	46,32,24,30,39,31,42,36,54,40	455	75
3871	80,111,84,87,58,70,70,70,83,80	28,29,53,34,32,25,13,33,29,36	83,71,61,56,94,75,82,59,69,79	35,28,18,18,38,34,20,21,38,29	319	75
3872	0,7,7,3,3,3,5,3,3,0	11,16,7,15,11,7,8,15,7,14	2,4,1,2,6,3,1,1,7,7	21,14,8,9,12,4,11,7,10,9	226	75
3873	6,10,9,12,11,7,7,8,4,7	89,75,89,90,87,85,87,84,83,104	10,5,2,6,15,3,13,4,8,9	97,111,78,83,85,57,109,89,91,77	281	75
3874	3,0,0,0,0,0,0,1,0,0	13,10,11,10,12,8,9,14,9,20	0,0,0,0,1,0,0,2,3,0	17,9,10,8,13,10,14,18,11,10	2055	75
3875	16,13,18,31,11,16,9,13,11,9	0,2,0,0,0,0,0,0,0,0	20,10,6,11,19,13,10,11,13,23	0,1,0,1,1,0,0,2,2,0	532	75
3877	140,128,129,148,106,77,103,116,112,107	5,7,5,10,5,5,4,8,4,9	118,91,118,100,134,119,117,107,88,69	7,13,7,13,10,6,15,8,9,5	185	75
3878	1,4,6,4,2,2,5,0,4,4	53,59,31,52,67,72,53,54,57,86	1,5,3,4,5,1,2,1,8,5	69,53,60,65,58,60,56,74,90,84	168	75
3879	14,22,30,35,27,18,20,20,30,23	231,279,243,245,257,177,231,230,229,208	25,9,8,18,15,12,17,12,29,17	228,238,223,227,241,225,291,243,236,189	1385	75
3880	2,0,0,3,1,0,0,0,0,0	0,1,0,3,0,0,0,0,1,0	1,0,1,1,0,0,0,0,1,0	4,1,1,0,0,3,0,1,3,1	210	75
3882	2,0,0,1,0,0,3,1,1,4	1,0,0,0,1,1,1,1,0,1	0,1,0,1,1,1,2,0,1,0	0,0,0,0,0,0,0,0,1,0	147	75
3883	9,2,1,2,0,3,4,3,3,5	0,0,0,0,0,0,0,1,0,0	2,1,1,1,4,1,2,2,8,2	0,0,0,0,0,0,0,0,0,0	314	75
3884	7,2,1,1,0,3,1,2,2,1	1,0,0,0,0,0,0,0,0,0	2,0,1,0,3,0,0,2,7,2	1,0,1,0,0,0,0,1,0,0	164	75
3885	6,2,1,1,0,2,1,2,1,1	0,0,0,0,0,0,0,0,0,2	2,0,1,0,3,0,0,2,7,2	0,0,0,0,0,0,0,0,0,0	146	75
3886	2,0,1,0,2,0,1,1,0,0	0,1,0,1,1,1,1,0,0,1	0,0,0,0,0,1,0,1,0,0	0,1,0,1,0,1,0,3,1,2	199	75
3889	1,1,0,0,2,0,1,1,1,2	0,0,0,0,3,0,0,0,0,0	1,0,0,0,2,1,2,0,1,0	0,2,2,0,0,1,1,0,0,2	233	75
3890	5,1,1,0,3,0,0,2,0,0	2,2,0,0,0,0,0,0,2,1	1,2,0,2,3,2,2,0,3,7	0,0,0,1,2,3,0,0,0,2	247	75
3891	8,4,5,6,5,4,2,3,2,7	136,131,136,128,132,111,87,106,118,113	4,3,5,9,2,1,1,4,2,6	120,132,104,122,129,103,130,116,111,135	1802	75
3892	199,238,228,260,160,145,147,186,181,202	7,6,5,11,4,6,5,9,9,12	205,139,132,198,249,173,171,156,178,148	3,15,6,5,8,11,8,10,4,5	1411	75
3893	120,158,151,183,88,90,100,114,107,122	104,127,117,115,99,84,126,106,131,107	143,68,63,122,159,80,100,87,110,82	112,99,104,121,125,104,146,133,108,108	1363	75
3894	2,2,3,1,1,0,0,3,0,0	3,5,1,6,3,3,1,2,0,3	0,0,0,0,0,2,1,0,1,0	5,3,2,3,1,3,3,9,3,3	230	75
3896	1,2,0,0,0,2,0,0,0,0	0,4,0,4,2,2,0,2,3,4	2,0,0,1,1,0,0,0,4,2	2,0,5,4,4,2,1,0,2,0	1505	75
3898	8,6,6,11,8,7,10,8,6,8	37,55,48,47,35,41,32,32,42,46	9,4,13,10,10,12,11,12,9,11	52,37,24,37,27,58,38,32,39,32	292	75
3899	7,6,6,8,9,4,2,9,9,13	60,72,54,71,45,56,50,56,54,67	9,3,3,2,7,1,10,7,4,7	61,59,45,50,64,49,57,48,50,46	170	75
3900	1,1,0,1,1,0,1,0,0,0	1,0,1,1,1,0,1,0,1,2	0,0,1,0,1,0,1,0,0,0	3,1,0,1,1,0,0,0,1,1	155	75
3901	8,9,3,6,11,4,5,8,6,7	96,118,88,157,98,124,81,76,98,100	10,8,3,4,4,5,8,4,3,8	100,106,82,97,141,96,130,77,146,108	269	75
3903	0,0,0,0,0,0,1,0,0,0	9,10,6,4,3,3,7,0,4,8	3,0,0,0,0,0,1,0,0,0	4,1,10,2,10,3,3,6,3,3	248	75
3904	1,0,1,0,0,0,0,0,0,0	7,10,7,20,10,8,14,5,9,9	0,0,0,0,1,0,0,0,0,0	10,14,10,5,9,5,7,10,8,12	160	75
3905	5,2,6,8,5,4,7,4,5,5	12,12,8,10,11,6,3,7,17,5	4,2,2,3,6,5,6,3,5,2	9,6,7,9,11,9,11,8,10,8	429	75
3906	5,2,6,8,5,4,7,4,5,5	10,9,9,9,4,6,3,10,7,8	4,2,2,3,6,5,6,3,5,2	9,6,10,6,7,16,5,6,10,3	432	75
3907	7,5,10,6,4,6,1,1,3,4	0,0,0,3,0,0,0,0,0,0	4,3,5,2,5,2,2,1,4,4	0,0,0,0,2,0,0,0,0,1	6459	75
3908	0,0,0,0,0,0,0,0,0,0	31,43,30,51,35,30,30,38,34,29	0,1,0,0,0,1,1,0,0,0	32,41,29,22,30,40,38,17,34,42	1013	75
3909	0,0,0,1,0,1,0,2,0,0	22,28,23,27,24,24,8,35,23,16	0,0,0,1,0,0,0,0,0,1	23,27,18,16,28,26,22,22,23,16	178	75
3913	56,87,65,52,43,27,20,38,37,47	0,0,0,0,1,0,0,0,0,0	71,47,4,1,101,39,90,22,35,14	0,0,0,0,0,0,0,0,0,0	2205	75
3915	0,0,0,0,0,0,0,0,0,0	2,2,4,0,2,1,4,9,2,5	0,1,0,0,0,0,0,0,0,0	7,0,1,10,2,5,10,10,3,3	249	75
3916	10,10,10,17,7,16,9,6,6,11	22,22,25,26,20,16,19,15,21,27	7,3,5,3,13,6,1,6,15,13	20,28,15,18,30,26,27,30,21,26	575	75
3917	0,0,6,0,0,2,0,1,0,0	8,12,18,22,14,12,7,21,5,7	0,0,0,0,2,1,0,0,1,0	7,7,5,15,16,10,15,8,13,7	162	75
3918	1,0,0,3,1,0,1,1,2,0	8,8,11,11,6,5,6,15,6,7	1,2,1,0,1,1,0,1,0,2	4,6,7,5,12,5,3,6,5,6	236	75
3919	0,0,1,0,1,1,2,2,4,1	18,22,33,25,37,11,11,16,25,20	2,0,1,1,0,3,0,1,2,0	25,16,39,24,25,20,32,12,17,13	160	75
3920	1,2,1,1,0,0,1,0,0,4	75,112,100,93,82,131,84,118,112,126	2,1,1,0,1,5,2,0,1,3	102,99,104,115,95,110,122,117,133,132	161	75
3921	26,25,20,24,28,42,18,30,21,34	0,0,3,1,3,2,2,4,2,2	38,26,23,27,25,35,31,44,30,49	0,5,2,7,3,3,1,5,1,2	183	75
3922	1,0,1,1,0,0,0,2,0,2	3,8,13,3,10,6,4,4,10,8	1,1,0,0,0,0,0,0,2,1	7,8,14,6,5,9,6,8,11,8	435	75
3926	10,4,11,11,13,9,7,9,9,7	22,23,25,30,23,14,16,26,24,14	20,5,0,3,8,4,10,9,12,10	28,16,18,22,26,22,17,15,19,10	717	75
3927	4,3,4,2,4,5,3,5,8,4	38,25,24,33,46,25,24,31,34,48	3,4,2,2,1,2,7,1,10,10	41,31,16,28,22,30,28,17,34,21	187	75
3928	5,8,8,19,6,11,14,11,10,11	22,17,21,21,17,27,12,25,11,21	11,7,6,3,18,9,10,3,11,13	17,16,16,11,18,21,15,11,10,5	1693	75
3929	0,4,2,8,4,4,2,0,0,2	9,21,15,15,22,9,20,17,19,24	5,6,6,2,3,2,2,0,6,2	14,12,13,19,25,12,15,18,24,11	2310	75
3930	0,0,1,0,0,0,0,2,1,0	14,19,19,23,15,18,15,16,19,24	1,0,0,2,1,2,0,0,0,0	12,22,11,10,19,16,20,11,19,18	217	75
3931	0,1,2,2,0,1,2,0,0,3	41,49,25,62,37,32,28,46,49,29	3,0,0,3,0,0,0,1,2,3	38,39,41,34,39,43,60,38,44,32	425	75
3932	2,0,6,5,1,2,3,2,7,4	39,48,48,44,26,21,28,34,33,27	4,4,3,2,5,1,3,2,5,4	36,22,27,27,49,35,37,21,32,10	440	75
3933	0,1,0,0,2,1,1,2,0,1	18,19,16,14,15,9,13,16,14,18	0,0,2,0,1,1,0,0,0,1	17,19,8,11,15,12,10,15,11,9	204	75
3934	46,37,33,35,38,10,23,26,25,25	0,1,0,0,0,0,0,0,0,2	35,27,28,23,36,34,28,19,16,3	1,0,0,0,0,0,0,0,0,0	132	75
3936	9,16,6,14,9,12,5,9,3,27	147,112,166,156,130,138,138,145,140,175	6,0,4,7,14,3,9,2,10,18	132,129,116,148,153,123,166,131,150,152	982	75
3937	14,6,10,15,11,14,0,10,7,5	227,278,276,269,247,214,214,215,226,298	16,2,14,0,6,1,5,11,14,15	293,232,287,239,264,251,277,221,248,230	355	75
3938	0,1,1,3,2,0,0,3,2,1	10,14,27,19,12,7,14,34,15,15	1,0,0,0,2,1,1,2,0,2	15,13,16,18,18,15,25,20,24,12	324	75
3939	7,10,9,4,6,4,7,5,7,7	51,58,74,59,36,70,69,63,55,86	8,2,2,3,8,7,9,4,14,13	89,63,83,68,59,63,55,81,84,110	487	75
3941	0,1,1,1,1,1,1,1,0,1	10,12,9,10,10,12,5,13,14,11	2,0,1,0,0,0,0,0,1,3	12,12,8,14,18,14,17,10,15,10	159	75
3942	1,3,2,2,4,1,1,0,3,3	3,5,2,1,9,5,4,2,3,4	3,1,1,3,0,0,1,0,1,1	5,3,4,1,4,5,2,4,3,6	1735	75
3944	1,0,0,0,0,0,0,0,0,1	0,0,0,0,0,0,0,0,1,1	0,0,0,0,0,0,0,0,0,2	0,0,0,0,0,0,0,0,0,0	174	75
3945	1,0,0,0,0,0,0,0,0,1	3,4,5,6,10,2,8,8,5,7	0,0,1,0,0,1,0,1,0,2	6,2,5,7,9,7,10,3,7,8	189	75
3946	3,2,0,0,0,0,1,0,0,1	42,45,39,45,54,40,37,49,50,43	0,0,1,0,0,1,0,4,0,2	43,44,37,52,54,38,55,46,33,28	192	75
3947	2,1,1,2,3,0,0,5,2,0	0,1,0,1,2,1,0,0,0,0	4,1,2,0,3,1,2,1,2,1	0,0,0,0,0,1,1,0,1,1	539	75
3948	2,1,1,2,3,0,0,5,2,0	1,0,3,3,0,0,1,0,0,0	4,1,2,0,3,1,2,1,2,1	1,1,1,1,1,1,4,0,7,1	589	75
3949	0,1,0,2,1,2,0,1,2,0	50,46,40,38,38,31,26,32,34,38	2,0,2,2,2,1,1,2,2,0	45,46,42,35,43,35,56,43,51,36	160	75
3950	1,0,0,2,0,0,0,0,0,0	14,12,8,14,12,15,9,16,8,16	0,0,0,0,0,0,0,0,0,0	6,9,15,11,11,18,15,4,18,12	168	75
3951	5,3,4,15,6,5,9,11,5,6	15,5,7,14,5,8,10,4,4,12	8,6,6,3,6,6,2,4,8,10	5,5,8,7,3,9,4,4,11,14	353	75
3952	1,1,0,3,3,4,2,5,1,1	1,0,0,1,0,1,0,0,0,0	4,2,2,2,1,2,1,0,1,5	0,0,0,0,3,0,1,0,1,0	178	75
3953	1,4,4,6,6,5,5,4,5,14	1,4,2,1,0,3,0,3,2,4	6,5,5,6,8,1,9,1,4,6	0,0,6,1,2,0,1,0,4,3	506	75
3954	3,0,3,3,0,1,1,0,1,1	9,8,7,7,5,6,4,8,3,7	1,0,1,0,1,1,0,0,1,1	3,9,2,7,4,4,4,4,3,3	305	75
3955	1,0,0,0,0,0,0,0,0,0	2,2,9,3,3,1,1,1,1,0	0,0,0,0,1,0,0,0,2,0	1,9,0,5,1,3,4,1,1,2	157	75
3956	31,37,41,46,35,36,30,38,36,34	75,81,92,108,100,118,80,105,89,109	48,17,24,31,49,20,33,22,67,68	114,103,75,107,96,81,104,102,78,77	658	75
3957	10,8,3,4,5,6,7,8,2,16	89,82,82,107,87,91,80,95,101,103	17,2,5,6,12,7,10,9,15,13	103,104,85,91,97,108,98,93,102,110	169	75
3958	35,31,21,22,20,23,21,23,24,28	2,1,1,5,3,6,1,3,2,1	37,17,23,18,37,17,39,22,27,35	2,4,3,1,2,2,3,3,1,4	185	75
3959	4,5,11,4,3,3,5,3,4,8	10,16,21,7,17,13,16,19,18,16	4,7,1,3,1,9,2,3,7,4	14,14,9,14,10,10,17,12,18,16	214	75
3960	15,6,16,13,13,10,15,10,6,12	0,4,0,0,3,1,0,4,1,3	9,10,3,11,4,15,4,6,14,10	2,0,3,1,1,1,3,0,2,4	249	75
3962	54,57,57,71,42,56,74,58,52,59	3,0,4,5,2,0,4,0,1,8	59,55,42,53,74,45,41,49,60,83	7,1,4,4,5,1,2,0,0,1	533	75
3967	9,1,4,4,6,3,4,1,2,6	0,1,0,0,0,0,0,1,0,3	2,2,0,2,4,6,3,1,4,3	0,0,1,0,0,0,0,0,0,0	195	75
3968	18,22,32,30,16,17,22,16,17,21	0,0,0,3,1,0,0,0,1,0	23,7,16,15,25,14,22,23,18,13	0,0,0,1,1,0,0,0,0,0	183	75
3969	1,0,1,1,1,0,1,0,1,1	8,9,12,18,13,15,9,8,17,11	2,0,0,1,2,2,3,0,3,0	13,5,5,9,15,7,18,15,12,20	1173	75
3972	3,2,0,1,2,1,2,1,2,1	40,43,31,28,32,26,23,29,24,27	2,0,4,2,3,3,0,1,1,0	40,30,31,26,31,38,37,25,43,34	285	75
3974	14,16,4,12,5,4,3,10,10,13	64,107,83,113,77,89,60,72,73,84	4,3,1,8,17,11,2,10,19,5	98,94,102,96,68,90,90,91,74,57	1234	75
3975	43,30,38,34,35,15,21,30,27,28	19,21,36,31,29,24,22,15,21,31	50,27,28,47,34,28,33,41,17,22	19,25,37,31,39,40,43,25,37,19	168	75
3976	28,25,23,33,19,18,19,25,25,23	42,60,66,50,40,43,35,50,37,46	25,21,13,17,37,18,25,20,33,30	43,47,35,40,58,48,54,49,44,28	1693	75
3978	14,13,19,29,13,11,19,11,18,17	31,28,28,32,31,18,21,41,13,36	18,13,6,20,28,17,11,13,27,22	23,21,19,32,27,23,29,26,34,28	1465	75
3979	1,1,0,1,1,0,0,1,1,0	10,14,19,16,16,10,6,11,14,19	2,0,0,0,0,0,1,0,1,1	11,8,9,20,18,19,12,9,8,15	189	75
3980	5,7,1,3,3,5,8,5,3,2	6,6,13,10,8,7,4,9,12,12	5,5,0,2,7,2,3,3,2,4	11,10,18,17,10,11,20,10,8,6	439	75
3983	1,0,0,3,2,4,3,1,6,2	1251,1043,1114,1033,1050,1188,1094,1210,1400,1261	2,1,3,0,1,3,2,1,4,1	1150,1061,1115,1133,1294,1160,1365,1247,1451,1525	213	75
3984	66,101,65,66,63,96,72,66,69,76	0,0,0,1,0,1,0,2,0,0	73,73,63,72,56,72,90,59,65,76	0,1,0,0,1,0,2,1,0,3	464	75
3985	3,3,8,9,9,5,5,6,2,7	23,19,12,25,30,5,13,19,16,11	6,4,6,1,8,5,1,1,2,4	28,14,18,28,30,25,30,22,19,4	277	75
3986	13,16,14,15,13,25,15,12,10,13	10,7,7,12,3,10,6,10,6,13	14,15,13,8,10,16,14,18,18,24	6,12,11,11,15,8,17,8,15,14	247	75
3987	13,16,14,15,13,25,15,12,10,13	47,69,61,55,78,85,55,63,61,66	14,15,13,8,10,16,14,18,18,24	47,85,65,66,57,63,77,75,76,93	238	75
3988	13,16,14,15,13,25,15,12,10,13	2,1,0,0,2,1,0,0,1,1	14,15,13,8,10,16,14,18,18,24	1,3,1,0,0,0,0,0,3,1	302	75
3989	6,6,5,6,8,9,6,5,9,7	1,1,2,9,0,2,1,3,3,0	10,4,7,8,6,5,8,5,9,9	6,2,1,2,2,9,5,1,6,7	306	75
3990	1,0,7,1,2,0,1,0,1,1	6,3,2,4,5,3,3,6,3,5	4,1,0,1,1,0,0,0,1,3	4,5,3,5,7,8,2,1,7,2	830	75
3992	0,0,1,0,0,0,0,1,0,0	190,187,242,185,176,178,173,194,158,189	0,0,0,0,0,0,0,1,0,0	224,185,165,180,180,177,222,196,164,201	179	75
3993	0,4,0,3,5,1,1,2,0,2	1,0,0,1,1,1,0,0,1,4	1,0,0,0,0,1,1,1,2,1	0,0,1,0,2,0,1,2,2,1	322	75
3995	0,0,0,0,0,0,0,2,0,1	0,1,0,0,0,0,0,0,0,0	0,0,0,0,0,0,0,0,0,0	0,0,0,0,2,1,0,1,0,0	274	75
3996	3,5,1,4,0,3,4,0,3,0	104,150,155,109,92,97,119,106,166,188	2,1,2,2,4,0,3,1,4,6	125,115,85,124,136,178,197,151,130,145	208	75
3997	0,0,0,1,0,0,2,0,0,0	4,5,8,7,4,10,5,9,21,14	0,0,0,0,1,0,0,0,0,0	8,9,4,3,8,6,8,3,10,3	1182	75
3998	3,1,3,1,2,1,3,0,2,1	62,74,74,77,62,64,59,73,74,83	4,2,0,1,3,5,0,1,1,3	74,69,70,63,72,66,83,73,90,94	148	75
3999	5,6,7,7,4,6,9,10,2,9	148,144,177,183,143,90,109,131,126,153	5,6,2,7,4,10,7,6,5,1	207,127,157,146,163,158,148,137,124,101	515	75
4000	2,6,3,3,5,3,5,3,7,8	36,41,46,68,52,37,25,51,42,35	3,4,4,4,8,2,3,2,4,8	42,47,30,53,45,55,52,38,43,49	253	75
4001	2,1,1,1,3,0,0,3,0,0	29,46,37,34,33,34,29,35,24,30	0,1,0,1,3,1,3,1,4,7	31,36,32,36,34,23,41,27,27,40	225	75
4002	11,8,15,10,11,6,15,9,10,16	53,48,37,51,40,61,29,36,51,51	12,7,12,14,12,6,15,9,11,17	48,48,57,50,52,43,51,49,44,59	301	75
4004	0,0,1,2,0,1,1,1,0,1	0,0,0,0,0,0,0,0,0,2	0,0,0,0,1,2,0,0,2,3	0,0,0,0,0,1,0,0,0,0	1367	75
4005	2,1,0,0,0,0,2,1,0,1	36,37,28,62,37,35,34,28,40,39	0,0,0,1,0,1,0,0,1,2	38,28,38,32,44,33,54,26,44,31	156	75
4009	125,174,184,168,133,140,101,151,148,140	1,0,0,3,0,0,1,0,1,0	120,123,90,132,192,146,164,136,141,131	0,0,0,1,1,0,0,1,3,1	1119	75
4011	4,3,5,3,0,3,1,1,1,1	1,4,3,1,0,1,3,0,2,7	5,2,0,0,2,1,0,0,3,4	1,1,2,1,4,3,6,2,1,2	283	75
4012	15,9,18,22,8,16,16,9,20,12	0,0,0,0,0,0,0,0,0,0	22,15,9,12,14,13,21,8,22,16	2,1,0,0,2,0,0,2,0,0	759	75
4014	1,4,2,2,3,4,3,2,0,1	11,16,14,12,23,9,19,8,15,11	1,3,0,4,3,3,1,1,4,2	9,8,9,10,12,10,17,12,7,15	820	75
4015	115,89,101,101,116,89,91,114,94,127	33,37,33,28,24,31,28,29,36,32	118,91,122,103,121,127,104,129,146,145	50,23,31,47,40,32,29,21,29,51	214	75
4016	0,0,0,1,1,1,0,0,1,0	55,86,61,71,62,48,49,49,46,57	0,0,0,0,2,0,0,0,1,0	63,61,41,63,40,63,53,46,74,46	311	75
4017	6,7,3,4,1,3,2,3,3,9	37,46,40,25,25,27,34,41,31,39	3,2,2,1,3,7,6,7,10,3	17,30,18,28,35,16,27,45,43,49	196	75
4018	2,0,2,1,0,1,2,4,1,6	3,0,4,3,0,2,3,0,2,3	0,6,2,1,0,1,1,1,1,2	2,3,3,2,0,1,0,2,0,0	201	75
4020	0,5,0,2,4,0,2,0,0,7	11,8,9,16,22,13,16,12,10,15	0,0,2,0,1,2,0,1,6,6	14,11,17,21,22,14,22,14,22,10	220	75
4021	0,2,3,2,5,1,2,2,5,5	13,13,9,21,12,10,8,14,15,11	3,3,0,0,0,0,2,0,1,1	20,13,18,11,15,13,20,16,14,7	230	75
4022	0,0,0,0,0,0,0,0,0,0	0,0,1,2,1,1,1,2,3,0	0,0,0,0,0,0,1,0,0,0	0,0,1,1,6,1,0,0,1,1	143	75
4023	0,2,3,4,3,3,2,0,1,0	39,21,51,45,27,41,41,48,44,56	2,3,1,1,8,2,4,0,1,0	44,35,31,25,44,27,59,38,63,61	162	75
4024	95,84,98,138,113,75,103,133,94,112	2,7,5,2,4,0,3,6,3,5	111,76,63,73,136,88,79,69,152,160	4,1,1,2,0,4,3,2,5,2	1424	75
4025	17,18,31,30,19,16,21,19,22,18	0,0,3,0,0,0,0,0,0,1	25,29,20,15,16,29,25,19,13,24	0,0,0,0,0,0,0,0,0,0	1093	75
4026	1,0,1,3,3,2,0,0,2,3	0,0,0,0,0,1,0,0,1,0	7,1,1,1,8,1,3,3,0,4	0,0,0,1,0,0,0,0,0,0	251	75
4027	2,0,3,2,1,4,2,0,1,2	99,111,86,97,100,116,96,106,88,125	2,3,1,4,1,0,0,1,2,3	103,113,117,111,101,104,119,81,132,135	148	75
4028	17,20,20,24,24,18,19,17,28,24	116,141,113,130,133,141,125,146,122,143	22,19,17,20,31,9,24,16,17,20	132,128,127,116,161,144,143,132,171,137	1615	75
4029	0,0,0,0,0,0,0,0,0,0	0,0,1,1,0,0,0,1,1,0	0,0,1,0,0,0,0,1,0,0	0,0,1,0,1,0,1,0,0,0	149	75
4030	10,4,8,9,8,10,9,6,5,16	16,27,27,31,25,21,30,29,11,23	11,5,5,6,5,2,9,5,12,5	27,40,20,17,20,24,25,24,26,30	2033	75
4031	4,3,8,6,6,3,4,5,9,10	1,0,0,0,0,0,0,0,0,0	6,1,4,8,9,8,11,5,5,0	0,0,0,0,0,0,0,0,0,0	222	75
4032	0,1,3,0,0,0,0,0,0,0	64,96,75,84,62,102,66,95,63,84	0,1,0,2,0,0,0,1,0,0	92,83,77,76,63,82,95,72,91,88	287	75
4033	45,53,51,59,54,45,47,43,43,52	1,0,0,0,1,0,0,0,0,0	41,34,40,45,63,58,54,35,51,67	0,0,0,0,0,0,0,0,0,0	439	75
4034	5,5,6,7,3,1,1,4,1,5	36,57,74,69,53,50,40,58,48,69	2,0,6,3,6,1,4,3,1,8	50,55,50,48,47,50,74,43,62,64	399	75
4035	1,1,5,2,2,2,1,1,2,6	29,39,36,34,36,34,33,31,41,43	0,3,0,0,2,2,0,0,0,2	40,46,29,47,53,47,41,38,41,29	301	75
4036	6,3,5,4,6,7,4,5,6,1	1,1,1,0,1,0,3,1,1,0	6,8,2,6,7,5,8,6,6,10	0,0,1,0,1,1,2,0,0,1	1175	75
4037	0,5,1,3,0,2,3,1,2,8	1096,1317,1342,1335,1104,1214,1104,1132,1209,1397	2,3,3,1,4,1,0,2,3,8	1183,1156,1199,1274,1290,1300,1259,1213,1178,1222	358	75
4038	63,76,80,82,60,50,43,55,56,72	1,3,1,4,3,1,5,1,2,5	79,65,55,45,85,64,61,57,53,38	1,0,3,1,2,0,0,2,1,2	895	75
4039	2,5,2,2,2,1,2,2,1,2	24,27,36,24,22,17,24,24,20,16	7,2,0,1,3,3,1,2,6,6	24,11,20,17,27,27,25,13,17,13	668	75
4040	0,2,1,1,0,3,3,0,2,2	2,7,6,5,2,2,5,3,3,1	1,0,1,2,0,1,1,2,2,1	4,5,4,8,2,2,6,0,8,2	875	75
4041	0,0,2,1,0,3,0,1,0,0	5,8,7,7,10,4,4,4,4,6	0,1,0,0,1,1,0,0,2,1	6,2,2,9,8,3,4,9,5,5	264	75
4043	126,112,147,156,94,87,94,108,96,119	40,36,51,59,35,22,31,34,26,38	128,68,40,67,163,67,86,66,145,136	57,34,40,47,70,48,56,36,27,23	2065	75
4044	14,10,13,13,10,11,8,7,14,13	40,30,37,35,43,27,23,31,35,27	13,8,7,4,11,12,3,9,10,20	53,24,33,44,43,29,33,36,38,40	362	75
4045	0,1,0,2,2,1,5,6,4,2	3,1,5,1,1,1,5,2,4,12	4,1,0,0,2,0,1,0,6,6	4,1,4,2,4,4,3,2,4,6	665	75
4046	1,0,0,0,0,1,1,0,0,0	5,4,5,4,4,5,2,3,2,3	1,0,0,1,1,0,0,0,0,1	1,6,8,2,8,2,0,1,1,1	160	75
4047	19,13,40,22,15,5,16,31,23,17	0,0,0,0,1,0,0,0,0,0	21,22,14,1,22,15,33,9,15,14	0,0,0,0,0,0,0,0,0,0	750	75
4049	3,0,0,2,1,3,0,0,1,4	24,16,23,16,17,13,20,10,15,21	1,2,2,3,5,1,0,5,3,2	18,13,15,14,28,17,19,11,18,9	410	75
4052	11,9,18,17,8,15,9,11,15,8	12,3,10,6,8,6,11,5,7,5	12,11,10,6,14,16,13,9,11,28	11,3,3,7,7,4,9,4,6,3	691	75
4053	25,14,25,38,22,25,27,21,21,16	14,11,16,21,12,10,15,8,5,9	28,17,26,23,33,23,17,18,18,20	22,12,12,13,17,9,10,6,13,12	586	75
4054	33,26,26,31,23,26,21,27,30,19	10,7,8,9,14,5,4,9,9,8	24,14,19,21,23,21,31,19,22,24	9,11,8,4,12,4,9,7,3,6	707	75
4055	65,57,63,75,61,61,50,71,49,63	1567,2109,1834,1949,1753,2001,1615,1776,1744,1993	66,45,41,56,66,36,48,63,78,82	1940,1765,1650,1681,2034,1717,2013,1710,1897,1739	318	75
4056	3,1,1,0,3,0,1,0,1,0	16,15,22,16,27,9,16,23,30,26	0,0,0,0,1,0,0,0,1,5	34,16,23,20,36,21,35,14,23,21	722	75
4057	0,0,0,0,0,0,1,0,0,0	0,2,1,1,0,0,0,0,1,2	0,0,0,0,0,0,0,1,0,0	3,2,0,0,0,0,1,0,1,1	222	75
4058	0,1,1,0,1,0,0,3,1,3	4,0,1,1,1,1,4,2,2,5	2,2,1,1,1,0,0,0,1,1	2,1,1,0,3,0,2,0,1,6	699	75
4059	59,54,63,55,60,31,52,38,57,74	147,187,177,164,172,131,151,166,124,153	50,45,48,52,54,65,46,46,35,59	185,136,161,185,158,140,193,141,147,151	1311	75
4061	56,42,38,65,38,36,44,29,28,49	506,700,664,645,578,456,454,494,525,592	44,23,39,30,49,24,25,31,43,60	592,533,522,526,597,544,656,515,524,366	289	75
4062	27,23,35,38,32,20,19,28,34,17	5,3,7,5,17,1,6,2,6,2	41,20,21,30,43,22,29,11,23,6	8,5,0,2,9,7,5,5,0,6	168	75
4063	0,0,1,4,1,2,1,4,1,3	27,27,36,20,33,10,13,20,18,19	1,1,0,0,0,0,4,1,2,2	23,20,33,16,40,18,34,9,26,17	167	75
4064	4,3,4,4,2,2,5,10,5,6	18,32,31,24,36,12,21,31,26,26	1,2,3,4,0,0,4,1,2,2	28,24,18,22,30,24,31,25,24,23	182	75
4065	14,8,13,12,15,10,7,10,11,8	71,78,82,82,70,29,43,65,63,56	9,8,7,8,11,5,8,11,10,13	65,66,72,35,95,66,73,51,45,31	1644	75
4066	4,2,7,2,6,4,3,3,0,4	75,69,77,85,74,58,53,67,62,81	6,0,2,1,8,0,2,2,3,5	80,86,55,78,70,58,83,61,65,51	1351	75
4067	4,2,7,2,6,4,3,3,0,4	7,2,9,3,5,4,1,5,3,6	6,0,2,1,8,0,2,2,3,5	1,1,2,3,6,1,7,2,2,6	1348	75
4068	24,18,15,40,25,12,21,21,16,28	9,10,8,10,6,6,6,8,3,8	23,14,8,16,33,20,13,22,43,40	12,12,5,5,4,7,11,7,12,11	324	75
4069	24,18,15,40,27,12,21,21,16,28	13,9,15,12,8,16,10,8,15,23	23,14,8,16,33,20,15,22,43,40	17,12,5,6,10,8,10,9,18,13	328	75
4070	72,63,64,93,57,50,70,67,59,53	0,0,0,2,0,0,0,0,0,2	90,41,36,40,77,49,60,37,75,99	0,0,0,0,0,0,1,0,0,0	2402	75
4071	73,65,64,95,57,52,71,67,59,53	6,18,14,18,14,18,15,22,14,21	90,42,36,40,78,49,61,38,76,101	17,19,9,13,10,8,16,15,22,20	2470	75
4072	0,0,0,1,0,0,0,1,1,0	0,0,0,0,0,0,0,0,0,1	0,0,0,3,0,0,0,0,0,0	3,1,0,2,0,1,0,0,0,0	1845	75
4073	0,6,2,3,5,2,1,2,3,2	0,3,0,1,4,5,1,5,1,1	1,0,1,1,2,3,3,1,3,4	3,3,2,1,1,0,4,1,2,3	187	75
4075	0,0,1,0,0,1,1,1,1,1	223,223,243,266,237,267,228,267,263,312	3,0,0,1,1,1,4,0,2,1	222,237,278,216,217,195,268,243,279,332	215	75
4076	0,3,0,3,1,1,0,4,0,0	140,160,153,152,132,140,163,178,180,217	0,3,0,2,0,6,2,0,1,2	165,166,187,175,172,176,177,192,193,250	160	75
4077	0,1,0,2,0,0,1,1,0,0	20,22,23,28,11,13,13,19,25,11	1,0,0,0,2,1,0,0,1,0	23,14,12,12,19,28,16,19,17,15	553	75
4078	337,458,421,388,375,382,334,339,362,418	115,138,132,107,117,162,96,116,112,114	340,387,340,401,378,343,427,392,419,357	104,104,104,151,115,102,136,155,196,182	195	75
4080	5,1,7,4,3,1,4,3,8,6	0,1,2,1,2,1,2,0,2,2	8,4,2,5,2,5,9,3,2,9	1,3,1,0,2,4,7,2,0,3	154	75
4081	9,2,8,7,5,7,6,7,8,6	95,107,118,72,92,102,74,99,86,121	5,7,8,6,8,6,6,7,12,8	107,90,105,86,92,83,109,103,131,127	232	75
4082	6,1,1,6,5,1,2,5,1,9	2,2,3,0,2,3,1,4,0,3	2,2,1,2,4,0,3,3,1,5	4,4,0,3,1,2,1,4,2,6	335	75
4083	9,3,5,8,7,4,4,7,5,11	141,147,168,165,148,181,130,138,145,176	3,2,2,5,6,2,6,3,4,11	133,148,149,122,126,121,146,149,154,150	364	75
4084	32,17,19,28,16,16,17,19,15,21	1,1,0,0,1,1,0,3,1,3	31,13,11,18,27,7,18,8,17,20	1,1,2,0,1,1,0,0,0,0	1059	75
4085	0,1,0,1,1,2,0,0,0,1	155,160,204,197,153,201,151,192,169,192	1,0,0,2,0,0,0,3,2,2	149,184,178,170,148,186,227,173,202,225	213	75
4086	567,596,588,678,536,617,541,561,626,632	0,1,0,0,1,0,0,0,0,1	642,566,593,628,585,574,664,601,676,729	0,0,0,0,0,0,0,0,0,0	307	75
4088	0,0,0,0,0,0,1,1,1,2	6,8,13,13,11,7,6,11,2,11	2,2,0,2,1,0,8,0,0,1	8,11,11,4,15,7,10,10,5,7	223	75
4089	22,8,18,26,15,17,13,14,24,14	8,10,17,6,11,7,10,11,10,11	12,7,10,10,19,3,11,8,15,19	20,8,14,12,11,9,11,13,15,14	629	75
4094	1,2,4,1,1,1,2,3,0,1	5,7,8,7,7,5,14,3,3,7	1,1,0,2,2,0,1,0,0,0	8,3,4,6,7,8,7,13,6,6	148	75
4095	1,2,4,1,1,1,0,1,3,2	7,11,5,13,9,11,9,11,9,9	2,0,0,1,1,1,4,1,1,0	10,11,11,6,9,9,4,10,7,7	159	75
4096	2,0,2,3,7,5,5,0,7,7	492,541,570,612,473,541,426,450,455,631	1,1,2,2,2,3,2,5,4,9	526,532,445,536,540,511,524,487,528,636	169	75
4097	5,10,11,14,11,8,14,5,8,7	428,447,487,514,439,480,411,446,426,536	4,4,4,7,8,2,6,14,9,9	454,458,458,447,440,469,499,400,512,550	256	75
4098	29,40,46,48,36,33,32,31,31,55	0,0,0,0,0,0,0,0,0,0	38,40,34,37,38,23,56,44,50,26	0,0,0,1,0,0,0,0,0,0	479	75
4100	0,0,0,0,0,0,0,0,0,0	5,2,2,1,1,1,0,4,3,3	0,0,0,0,0,1,2,0,0,0	3,1,4,2,3,1,2,2,2,1	312	75
4101	1,0,1,2,0,0,0,1,0,0	89,115,111,96,79,129,81,105,121,108	0,0,3,0,0,1,0,1,1,1	97,95,90,87,130,95,119,137,109,140	163	75
4102	30,20,36,33,37,22,27,37,24,28	2,1,1,1,2,0,5,3,2,2	30,30,42,30,35,34,45,29,46,21	3,2,3,1,4,6,7,1,0,1	196	75
4103	0,0,0,1,0,1,0,0,0,0	12,17,19,21,17,13,13,19,20,22	0,0,0,0,1,0,0,0,0,0	11,13,33,11,18,15,16,29,24,27	179	75
4104	0,0,1,1,3,3,0,0,0,1	30,27,40,48,37,33,40,38,45,42	0,1,1,0,0,0,1,0,0,0	35,37,39,33,34,40,35,48,56,61	165	75
4105	4,2,5,6,5,7,5,1,3,5	9,15,11,9,16,12,8,10,12,12	2,1,1,5,3,3,3,3,6,5	18,6,8,4,14,7,8,23,18,12	505	75
4106	0,0,0,0,1,1,1,1,2,0	11,7,9,15,6,4,15,8,11,8	0,0,0,0,0,0,0,1,0,0	9,10,10,13,16,12,8,10,8,10	1081	75
4107	11,12,16,15,10,17,17,15,17,11	0,0,1,0,0,0,0,0,0,0	20,18,18,20,14,14,19,18,17,18	1,1,0,0,0,0,0,1,0,0	258	75
4108	1,0,2,1,0,1,1,4,1,3	33,32,42,24,24,20,18,27,19,30	1,1,2,2,3,0,5,1,3,5	29,16,22,16,21,32,24,28,24,24	215	75
4109	0,1,0,0,1,1,1,2,0,1	40,52,50,45,44,40,31,37,40,41	0,0,0,0,0,0,0,0,2,2	41,37,29,40,31,46,64,40,44,27	151	75
4110	7,3,6,7,4,9,6,4,6,2	13,6,9,5,6,5,21,13,20,17	7,0,6,0,6,8,5,3,6,9	18,6,7,13,14,14,11,3,13,11	1331	75
4111	1652,1932,1832,1945,1644,1197,1131,1390,1480,1433	12,11,23,17,16,7,8,15,13,7	1830,1383,1410,1537,1963,1562,1731,1288,1303,984	20,13,13,15,12,14,17,8,6,13	1441	75
4112	579,672,624,674,638,475,401,495,531,560	5,3,0,4,3,2,1,1,0,1	583,529,544,538,633,567,663,486,468,421	1,2,2,2,4,0,2,2,3,0	337	75
4113	9,13,12,18,13,8,4,6,10,6	145,134,177,194,134,100,112,128,132,118	9,4,3,7,22,8,5,4,6,10	153,139,149,144,150,130,166,102,113,76	3774	75
4114	1,0,0,0,0,0,0,0,1,0	2,1,2,2,0,0,0,0,1,2	0,1,0,0,0,0,0,0,0,0	2,2,1,3,3,3,3,0,3,0	264	75
4115	3,11,3,11,2,2,5,5,4,8	12,6,8,19,12,18,9,12,18,18	9,0,4,1,9,2,7,3,4,7	12,7,21,18,15,22,23,15,11,14	275	75
4116	36,31,19,44,23,27,16,21,20,30	0,0,1,0,1,0,0,1,0,0	32,22,15,24,24,20,32,21,31,30	0,4,1,0,0,1,0,0,0,0	762	75
4117	24,16,13,19,16,20,9,12,7,17	24,18,28,21,17,25,15,16,19,22	16,13,11,17,11,13,19,12,21,18	28,16,20,9,28,16,26,20,18,20	448	75
4118	8,4,10,8,3,7,7,7,15,4	30,12,19,25,28,24,18,26,13,17	6,0,5,3,8,4,2,12,8,3	21,18,22,24,24,23,20,15,23,28	821	75
4119	15,14,16,12,13,18,21,11,28,9	1,1,0,0,1,0,0,0,0,2	17,9,17,14,15,9,18,22,24,14	0,0,1,0,0,0,0,1,0,2	854	75
4120	22,20,27,22,28,22,28,16,33,17	0,1,0,0,1,1,0,0,1,1	25,15,26,16,23,12,26,29,37,22	0,0,0,1,0,0,1,0,0,0	886	75
4121	0,0,0,0,0,0,0,0,2,1	0,0,1,1,2,0,0,4,0,1	1,0,0,0,0,1,1,0,0,0	2,3,1,0,3,5,2,1,9,0	427	75
4124	23,11,11,7,14,5,20,17,16,11	3,2,1,5,0,2,4,1,1,4	12,10,5,9,19,10,17,10,11,11	0,3,2,3,3,0,1,2,1,0	4100	75
4125	119,156,139,176,112,102,71,121,111,133	1,1,0,1,2,0,3,2,0,2	140,141,123,125,107,130,148,146,113,126	1,0,2,1,0,0,1,1,2,1	185	75
4126	2,1,3,1,3,1,1,2,0,1	56,52,49,63,46,40,39,45,48,38	2,3,0,3,0,1,0,2,0,3	79,33,45,43,61,51,61,47,60,39	167	75
4128	3,2,3,3,3,3,5,4,3,2	22,26,17,23,26,22,19,34,18,36	4,0,0,1,2,5,2,1,6,2	21,35,28,22,26,31,33,30,37,28	876	75
4129	3,2,9,6,1,4,2,5,4,4	1,0,0,0,0,0,0,2,0,0	5,1,0,7,3,5,6,2,6,3	0,0,0,0,0,0,0,0,0,0	558	75
4130	0,3,3,2,1,1,0,0,4,0	24,28,29,33,18,29,17,25,30,30	3,1,1,3,1,1,0,1,3,1	23,16,26,24,25,18,27,26,28,28	536	75
4131	6,3,7,2,5,1,6,1,6,6	37,46,35,50,39,36,36,40,34,39	2,4,0,1,1,4,7,2,5,7	46,42,58,47,46,41,50,42,44,34	1243	75
4132	0,0,0,0,0,0,0,0,0,0	0,1,4,2,1,1,4,2,1,0	0,0,0,0,0,0,1,0,0,2	0,1,0,1,1,6,3,3,0,2	163	75
4133	0,1,0,1,0,0,0,0,1,0	0,0,0,0,0,0,0,2,0,0	0,0,1,0,0,0,1,0,0,1	0,0,1,0,1,0,0,0,0,0	519	75
4134	0,0,0,0,0,0,0,0,0,0	2,0,3,1,1,0,4,1,0,1	1,0,0,0,0,0,1,0,0,0	1,2,2,0,2,0,0,0,3,1	1237	75
4135	4,0,1,2,2,0,0,2,3,1	23,28,25,23,25,16,14,19,28,19	3,1,0,4,1,0,2,1,2,3	12,13,14,21,20,27,31,20,27,12	637	75
4138	2,0,1,0,0,0,0,0,1,1	18,16,19,27,15,12,16,13,16,22	1,0,0,1,0,1,0,0,1,0	22,14,11,17,15,22,24,10,13,16	163	75
4139	23,53,114,75,50,55,60,101,91,21	5,5,13,8,5,7,2,13,12,6	39,91,68,95,49,62,96,113,89,129	5,9,3,14,9,6,9,26,18,23	215	75
4140	1,1,1,0,2,0,0,0,4,2	11,5,9,11,9,2,8,10,8,6	2,0,0,4,2,2,1,3,0,0	11,2,15,7,15,3,10,4,8,2	1610	75
4142	172,189,199,191,174,83,113,133,126,133	1,0,2,2,1,0,0,1,0,0	220,182,160,174,188,170,179,127,92,69	0,3,2,1,1,0,1,1,0,0	189	75
4143	2,2,4,1,0,1,3,2,0,0	6,7,9,10,10,8,8,4,12,9	3,3,2,1,1,0,0,0,4,5	7,7,3,2,11,6,7,4,14,10	454	75
4144	1,0,0,1,0,0,1,1,0,1	7,2,6,14,14,6,3,7,8,5	2,0,0,0,0,0,0,0,0,0	12,14,2,16,12,2,10,9,5,15	325	75
4145	29,12,17,20,26,15,16,31,21,24	564,530,586,665,519,854,515,636,557,682	25,27,16,16,31,12,26,18,14,19	637,561,645,582,516,575,631,587,693,779	231	75
4146	2,2,0,1,2,1,1,1,1,0	19,7,14,14,8,14,8,13,15,15	0,0,1,1,3,1,1,0,3,0	19,13,12,9,22,12,15,11,12,19	353	75
4147	1,2,0,0,1,1,0,1,2,1	30,25,23,33,25,28,34,27,30,28	2,0,0,1,1,3,4,1,6,5	36,26,33,25,40,32,28,22,44,37	161	75
4148	1,2,3,3,2,0,1,2,4,1	7,10,8,21,8,26,8,15,12,16	6,1,1,1,2,2,3,1,1,0	9,11,9,20,7,20,12,9,20,15	193	75
4149	0,1,0,2,0,1,0,2,0,0	21,23,17,20,13,22,17,21,35,25	1,1,1,0,0,0,1,0,0,0	22,20,28,19,15,31,28,16,24,32	151	75
4150	11,1,7,2,6,3,8,0,3,5	10,14,14,15,17,12,9,15,10,11	3,3,2,6,8,1,6,2,3,4	18,6,13,16,14,17,15,8,13,6	2625	75
4151	0,0,0,0,0,2,1,0,0,0	17,16,19,19,11,13,12,30,13,12	0,0,0,1,2,0,1,0,0,1	15,18,13,20,13,15,17,18,29,16	159	75
4152	57,38,37,68,43,29,44,60,41,64	23,21,35,27,32,24,25,24,29,30	42,36,18,30,69,30,46,32,57,67	33,33,27,34,28,16,34,25,31,21	713	75
4153	0,1,0,0,3,0,1,3,1,2	21,23,24,16,24,22,13,31,17,25	2,0,0,2,1,2,0,0,4,1	23,26,16,22,22,35,37,17,15,19	155	75
4154	1,2,1,0,0,0,1,0,0,0	8,21,18,19,20,28,14,11,18,11	1,0,0,0,0,0,0,0,0,0	13,26,14,15,13,17,21,19,22,18	165	75
4155	0,2,1,1,0,0,0,0,0,0	12,12,6,16,18,15,9,22,7,16	0,0,0,0,1,0,0,0,1,3	11,9,10,7,20,10,14,8,16,10	152	75
4156	0,0,0,5,1,2,1,2,0,1	7,7,6,3,5,10,8,8,9,5	2,2,1,0,1,0,4,0,2,4	13,7,6,10,10,10,8,8,6,11	147	75
4157	0,0,0,0,0,0,1,0,0,1	2,9,8,6,4,5,6,7,2,4	0,0,0,0,2,1,0,0,4,1	4,7,5,5,5,4,9,2,1,5	164	75
4158	3,0,1,4,3,3,2,2,0,3	4,9,8,9,4,8,7,6,2,6	6,0,1,3,0,0,4,0,2,1	5,2,5,3,8,2,7,6,2,6	178	75
4159	6,11,3,8,3,7,9,9,4,10	0,0,1,0,1,2,0,2,0,0	4,15,9,7,8,5,0,4,9,11	2,0,0,0,0,0,1,0,0,0	580	75
4160	0,1,1,1,3,0,2,1,2,1	4,6,5,7,8,5,4,4,2,6	2,0,0,0,2,0,1,0,1,4	8,7,6,7,7,7,8,6,4,3	321	75
4165	1,2,0,0,1,0,0,0,1,2	15,6,6,11,14,8,10,5,11,12	1,0,0,0,2,0,1,0,0,0	5,18,8,5,11,8,15,7,11,14	174	75
4169	1,2,9,4,2,2,3,0,1,2	76,101,88,122,125,116,90,87,104,139	3,0,0,2,3,3,3,3,0,5	103,92,116,111,106,122,115,106,117,130	377	75
4170	14,19,11,11,15,7,20,22,10,15	39,34,31,34,31,51,29,45,36,45	21,12,26,15,16,13,14,5,16,29	34,41,45,39,29,26,27,50,53,44	151	75
4172	2,1,4,1,3,0,0,2,3,6	14,9,13,23,9,13,8,15,15,19	1,1,0,0,2,0,5,2,3,4	17,10,11,12,17,11,16,8,15,12	621	75
4173	0,0,0,1,0,0,0,0,0,1	8,6,11,8,11,10,4,7,5,6	0,0,0,0,1,0,0,0,2,0	7,7,6,15,10,9,14,8,9,17	300	75
4174	1,3,2,4,3,2,1,1,2,1	12,12,17,19,16,21,14,14,10,13	1,6,2,2,2,0,2,2,1,2	14,15,13,28,12,16,15,14,22,12	563	75
4175	6,8,8,7,6,7,4,6,11,8	0,0,0,0,0,1,0,0,1,0	8,9,12,10,12,6,5,9,5,6	0,0,0,0,0,0,0,0,0,0	596	75
4176	1,4,2,5,1,3,3,3,2,0	91,78,99,96,94,83,64,77,81,98	2,1,1,0,1,1,0,4,6,6	78,88,78,79,70,81,100,103,88,115	425	75
4177	1,3,4,6,3,1,5,1,0,1	58,37,53,58,56,59,37,58,43,45	6,1,0,2,1,1,1,0,3,5	53,47,46,41,43,42,58,41,54,52	399	75
4178	0,0,0,0,0,0,0,0,1,0	67,80,70,68,60,38,46,60,82,72	0,0,0,0,0,0,0,0,0,0	59,55,64,68,66,65,104,68,39,43	2528	75
4179	338,354,351,364,336,460,349,422,367,382	357,368,394,409,351,486,367,431,381,443	411,328,393,393,353,336,390,321,500,550	426,393,438,378,395,364,414,410,519,583	162	75
4180	1,0,1,0,0,4,1,0,0,0	12,7,10,11,18,12,13,15,9,10	1,0,1,0,0,0,3,0,0,0	16,6,12,10,12,5,13,8,10,6	3212	75
4181	30,22,21,30,10,23,11,21,14,20	3,2,0,0,1,0,0,0,0,1	16,14,19,11,29,11,20,17,32,23	1,0,1,1,0,2,0,0,0,0	1329	75
4182	5,5,10,6,2,3,5,4,6,2	8,11,11,11,11,5,13,15,6,12	6,3,3,3,6,7,9,3,12,2	17,17,12,24,6,6,15,11,14,11	173	75
4183	0,0,0,0,0,0,0,0,0,0	1,3,2,5,4,3,0,2,2,0	0,0,0,0,1,0,1,0,0,0	9,4,0,2,2,4,2,2,1,2	1294	75
4184	11,18,16,14,12,18,18,12,13,19	25,29,26,26,25,17,28,22,13,33	21,16,8,8,13,14,19,6,19,23	28,18,17,27,34,26,29,25,29,34	567	75
4185	0,0,2,2,1,0,0,1,1,2	39,44,46,52,37,35,37,26,37,52	1,3,1,0,0,0,3,2,2,4	40,44,49,32,34,36,47,37,42,39	184	75
4186	0,0,1,1,0,0,0,0,0,0	33,23,33,30,14,19,30,33,32,38	0,0,0,0,0,0,0,1,0,0	31,36,19,30,35,24,31,36,36,35	156	75
4187	1,2,5,2,4,2,0,0,0,4	17,19,16,18,18,16,20,15,25,19	2,1,1,3,2,0,2,0,3,1	25,16,13,14,21,16,35,23,23,15	862	75
4188	1,3,2,3,4,1,3,3,3,1	0,0,1,0,0,0,0,0,1,0	5,3,2,1,7,0,3,2,4,3	1,0,0,0,0,0,0,0,0,0	695	75
4189	0,2,0,0,0,0,0,0,0,0	32,40,30,49,47,25,34,49,34,37	0,0,0,1,1,0,0,0,0,0	33,47,37,42,47,27,44,33,45,40	152	75
4190	0,0,1,0,1,1,1,0,1,4	25,34,37,34,37,33,34,45,35,33	0,1,0,0,1,0,3,1,2,4	33,32,42,27,36,41,39,36,42,39	413	75
4191	215,225,267,273,243,208,172,212,208,275	15,7,17,14,15,14,14,17,6,8	223,232,192,222,243,210,256,232,246,219	10,10,10,9,13,10,12,13,6,12	608	75
4194	1,0,2,1,0,0,2,0,0,1	28,30,30,36,44,23,20,31,29,30	1,0,0,1,1,0,1,3,0,2	38,49,25,47,38,30,32,33,28,21	2120	75
4195	1,1,2,1,1,0,2,0,1,0	64,69,80,82,55,79,64,71,71,89	3,1,0,0,2,2,0,0,2,0	65,69,61,59,81,67,96,63,82,77	740	75
4196	5,6,10,18,7,7,14,11,12,4	77,70,78,92,77,79,76,71,66,86	11,6,5,3,5,6,9,3,12,15	86,54,81,59,90,68,67,81,98,95	1431	75
4203	45,29,40,34,25,40,33,34,24,40	0,0,0,0,0,0,0,0,0,1	43,40,37,27,37,30,31,50,37,25	0,1,0,0,1,0,0,1,0,0	398	75
4204	1,5,1,1,0,0,5,3,1,3	1,0,0,0,0,0,0,0,0,0	1,1,2,0,5,1,3,3,2,0	1,0,0,0,1,0,0,0,0,0	1051	75
4205	1,5,1,1,0,0,5,3,1,3	103,103,115,123,105,62,85,104,93,122	1,1,2,0,5,1,3,3,2,0	114,82,67,104,125,121,106,89,94,73	1063	75
4208	6,2,2,1,1,0,2,2,3,4	17,10,12,20,13,21,15,11,14,15	5,1,3,5,7,2,4,3,3,4	13,12,7,6,9,7,11,12,12,14	735	75
4209	5,3,6,4,3,4,6,4,6,4	0,2,5,1,0,2,1,0,5,2	6,6,2,4,6,10,12,7,9,2	3,1,2,3,7,3,4,2,3,7	212	75
4210	253,310,323,341,258,441,309,329,321,375	1,1,0,1,0,2,0,0,0,0	329,329,318,330,347,310,359,292,424,526	1,0,0,3,0,0,1,2,0,2	258	75
4211	0,0,0,1,0,1,0,0,0,0	13,7,11,13,6,4,4,8,8,3	0,0,1,0,0,0,0,0,1,0	10,9,13,5,11,6,10,7,3,2	204	75
4214	0,0,0,0,0,1,0,0,0,0	0,2,0,0,1,0,1,0,0,0	2,0,0,0,0,0,1,0,0,0	0,0,0,0,0,0,0,0,1,0	1566	75
4215	9,7,8,10,6,4,10,6,6,5	1,2,1,6,6,1,2,3,1,1	9,6,4,3,15,5,5,2,7,4	2,4,2,0,1,2,2,3,0,1	1680	75
4217	1,0,0,0,0,1,0,0,0,0	51,55,50,55,55,23,27,45,33,27	0,0,0,0,0,1,0,2,1,0	44,50,36,47,61,62,55,41,27,19	1750	75
4218	75,36,60,73,54,57,41,44,41,45	9,24,21,15,20,12,5,13,16,7	61,37,49,30,44,33,54,56,44,76	14,11,14,8,22,15,18,17,14,8	420	75
4221	0,0,0,0,1,0,0,0,0,1	0,1,3,0,4,1,1,1,3,2	0,0,0,0,0,0,1,0,0,0	2,3,0,0,2,3,2,1,3,1	777	75
4222	0,0,0,0,0,0,1,0,0,0	7,0,4,4,3,0,1,2,3,1	0,0,0,0,0,0,0,0,0,0	3,3,3,1,5,3,3,3,0,7	182	75
4225	13,9,13,17,9,19,16,12,7,18	0,0,4,1,2,1,0,0,1,3	6,6,5,7,13,16,8,14,14,21	0,1,0,0,0,1,0,0,1,0	686	75
4226	1,0,4,0,3,0,1,0,2,0	2,1,11,2,10,1,2,5,7,0	0,0,0,0,0,0,3,1,0,0	4,2,10,3,1,3,6,4,5,5	360	75
4227	6,4,9,7,9,10,14,11,7,3	1,0,0,1,1,0,0,0,0,0	9,7,3,4,7,7,13,8,7,11	0,0,0,0,0,0,1,0,0,0	1831	75
4229	33,36,41,40,34,31,28,33,29,28	344,399,360,469,410,394,317,347,366,414	31,22,16,24,31,19,17,18,38,30	362,354,338,362,449,428,458,393,448,408	635	75
4230	2,0,2,3,3,2,0,3,2,5	0,0,1,0,0,1,0,1,1,0	2,2,2,0,3,4,2,4,2,3	0,0,0,0,0,0,1,1,0,0	453	75
4231	36,40,33,48,31,49,33,26,30,39	117,160,170,166,126,132,124,121,128,129	48,18,25,28,44,20,45,24,37,48	132,158,117,132,130,156,165,106,117,129	843	75
4232	69,61,64,68,69,78,91,68,72,72	1,2,1,1,0,1,9,0,1,3	63,72,65,79,78,66,87,75,85,105	1,1,1,0,1,0,2,0,0,1	1024	75
4234	5,2,3,3,0,3,0,2,1,3	12,25,15,16,19,9,10,13,12,16	3,1,1,2,3,3,2,0,0,5	15,15,17,12,12,13,22,10,21,13	348	75
4235	1,2,1,0,0,0,1,0,0,2	2,1,3,1,3,4,0,0,4,0	0,1,2,0,2,1,1,1,0,0	1,5,1,1,1,5,0,1,0,3	149	75
4238	13,18,18,24,11,11,8,10,16,16	486,565,525,487,459,317,334,394,411,497	26,8,10,12,26,11,9,8,21,6	484,382,429,441,531,471,442,400,359,268	2186	75
4240	9,18,11,17,11,4,9,16,10,21	0,0,0,0,0,0,0,0,0,0	17,10,9,13,15,14,16,14,15,27	0,1,0,0,0,0,0,0,0,0	1518	75
4241	3,8,4,7,3,2,5,3,6,6	7,1,7,9,9,10,11,8,2,4	4,2,0,5,4,7,6,1,4,7	9,4,5,6,7,2,4,10,7,5	1401	75
4242	16,17,25,20,16,9,9,20,12,17	11,10,8,8,6,7,1,7,7,3	15,10,6,14,23,17,25,13,22,20	1,11,5,4,7,4,5,13,8,4	747	75
4243	652,671,650,662,596,541,536,589,572,722	55,57,52,53,47,53,44,38,46,44	746,667,759,639,680,619,672,732,652,585	63,52,66,43,49,44,51,45,59,60	1057	75
4244	1922,2027,1971,2149,1715,1904,1715,1874,1750,2244	1,0,0,0,1,0,1,1,0,0	2111,1977,2264,2155,2162,2027,2104,2116,2236,2140	0,0,0,0,0,2,0,1,1,0	2370	75
4246	908,884,907,914,809,449,721,763,821,779	5,7,2,2,4,2,2,2,3,5	1039,823,826,894,1071,1070,1140,853,824,527	8,4,1,1,6,5,9,4,5,0	381	75
4248	0,0,0,0,0,1,0,0,1,0	1,1,0,0,0,1,0,2,0,0	0,0,0,1,0,0,0,0,0,0	0,0,1,0,2,0,1,0,0,1	515	75
4249	0,0,0,3,0,1,0,0,0,0	1,3,0,2,4,0,2,2,0,0	0,0,0,0,0,0,0,0,0,0	2,1,3,4,2,0,5,1,2,1	158	75
4250	28,36,35,47,19,23,25,37,23,21	64,58,77,75,56,72,63,74,67,63	42,25,19,27,38,21,26,42,47,52	54,48,52,81,63,60,74,77,96,67	454	75
4251	2,8,4,6,7,1,6,4,6,6	54,71,57,51,47,34,38,56,57,66	3,5,2,4,3,5,4,0,8,3	60,48,47,45,76,49,58,39,36,35	270	75
4253	0,0,1,0,0,1,1,0,3,0	25,29,26,27,14,24,20,27,21,22	1,0,0,0,0,0,0,2,0,0	24,17,25,27,32,22,28,28,31,53	154	75
4254	93,83,73,81,58,84,54,72,77,69	2,3,2,3,4,4,4,9,2,2	86,67,67,71,77,57,64,76,77,100	0,2,8,6,4,4,4,2,5,5	426	75
4255	69,57,52,55,48,58,37,49,52,47	3,4,3,3,2,5,7,3,7,2	60,44,47,47,57,44,37,45,49,59	5,2,1,5,5,5,2,3,4,2	180	75
4256	0,0,1,0,0,1,1,1,1,0	19,15,21,14,21,11,14,17,23,15	1,0,0,0,0,1,1,0,1,4	22,17,22,25,18,19,20,24,21,17	142	75
4257	2,2,2,0,1,0,3,1,3,0	21,28,19,41,19,16,13,23,22,29	1,1,1,2,3,1,1,5,1,2	25,24,31,20,33,22,28,33,35,34	216	75
4258	0,0,1,1,0,0,0,0,1,0	27,29,23,32,32,39,28,24,33,34	0,0,0,1,0,0,2,0,0,0	32,36,57,24,31,29,39,38,29,52	189	75
4259	59,85,58,70,64,73,49,62,42,135	38,33,63,68,57,30,38,54,43,44	98,47,29,41,111,40,45,37,76,104	50,55,69,44,32,55,108,69,56,54	881	75
4260	0,3,0,1,0,1,2,2,0,0	35,31,37,34,33,18,26,23,27,29	2,1,0,0,2,2,2,4,1,1	25,23,19,21,21,31,24,27,25,18	148	75
4261	100,76,106,131,76,90,92,77,73,93	9,11,18,14,16,20,10,14,11,17	86,49,46,57,123,72,64,35,101,110	10,11,10,10,14,14,18,10,16,10	2196	75
4262	31,29,24,56,29,17,23,33,28,31	47,36,47,49,52,18,36,28,34,33	31,27,20,15,55,23,25,20,27,30	42,37,24,35,42,29,41,34,30,18	2778	75
4264	0,0,0,0,0,0,0,0,0,0	1,0,1,1,0,0,1,0,1,1	0,0,1,0,0,0,0,0,0,0	0,0,0,0,3,0,0,0,4,0	244	75
4265	0,0,2,0,0,0,1,0,0,0	19,20,25,23,17,18,20,18,17,19	1,0,0,0,0,0,0,0,1,2	16,34,9,17,26,17,21,20,23,23	241	75
4266	1,0,0,0,0,0,0,0,0,0	29,29,33,30,42,27,26,32,23,23	0,0,0,0,0,0,0,0,1,0	41,30,25,30,27,23,30,33,20,12	178	75
