ID	IJC_SAMPLE_1	SJC_SAMPLE_1	IJC_SAMPLE_2	SJC_SAMPLE_2	IncFormLen	SkipFormLen
5	7,4,3,5,4,2,1,2,1,5	0,0,2,0,0,0,0,0,0,0	4,3,3,4,5,1,5,1,0,2	0,0,0,0,0,1,0,0,0,0	125	134
6	0,0,0,0,0,0,0,0,0,0	0,0,2,0,0,0,0,0,0,0	0,1,0,0,0,0,0,0,0,0	0,0,0,0,0,0,0,0,0,0	125	134
7	5,8,11,12,12,4,9,5,9,4	10,5,6,5,3,3,8,5,8,1	11,7,9,11,7,10,5,9,4,5	7,7,3,9,8,3,7,5,1,2	184	125
9	197,196,231,210,230,125,173,211,213,207	5,4,2,1,4,0,3,5,2,2	232,179,218,210,225,215,214,217,206,164	3,4,3,4,3,1,5,3,1,2	195	222
10	10,16,20,19,22,9,13,17,12,24	10,11,13,18,13,12,10,18,23,10	12,14,11,10,10,9,21,10,13,13	11,16,11,15,18,12,19,8,16,7	204	168
11	52,49,57,49,43,25,39,40,42,44	52,71,68,78,56,45,48,58,52,52	49,28,26,43,31,43,43,38,35,26	66,55,47,67,63,73,75,52,51,36	280	246
12	55,46,56,51,42,26,40,43,42,47	52,71,67,76,56,45,48,58,53,52	46,32,26,39,31,49,46,39,35,27	67,55,47,67,65,73,75,51,51,37	280	246
13	18,19,16,11,7,10,13,17,22,6	50,56,58,82,55,28,47,53,42,61	8,12,12,15,11,12,17,16,22,8	63,44,54,63,58,51,55,63,53,64	129	276
14	18,19,12,11,7,10,13,16,21,6	33,38,37,58,44,20,34,34,26,41	8,12,11,15,11,12,18,16,22,7	37,32,31,37,40,24,36,35,37,43	129	276
15	185,158,169,152,148,113,109,137,130,148	213,216,251,254,227,164,147,181,195,186	156,159,137,147,162,162,200,144,142,116	199,200,203,208,216,218,268,196,169,151	174	186
16	738,850,886,928,774,367,480,615,573,644	2167,2369,2550,2478,2251,1271,1670,1849,1729,1989	798,670,696,736,834,794,839,608,556,336	2465,2027,2047,2184,2637,2327,2567,1982,1690,1227	477	971
17	2056,2233,2446,2348,2142,1174,1577,1735,1649,1899	318,348,403,400,349,230,285,314,275,398	2311,1920,1963,2057,2473,2218,2404,1866,1578,1147	379,362,375,345,364,385,401,332,312,218	971	237
18	4,4,5,3,2,8,2,2,3,4	6,10,9,8,9,2,7,5,5,5	8,3,5,1,6,4,4,7,8,4	10,9,11,5,11,10,8,9,8,9	179	134
19	74,56,56,64,50,37,39,61,51,43	0,0,0,0,0,0,0,0,1,1	57,38,38,45,50,47,60,48,29,22	0,0,0,0,0,0,0,0,0,0	284	138
20	4,2,1,2,4,2,4,1,4,1	3,1,5,0,1,1,3,3,4,4	5,7,2,3,12,8,3,0,2,3	7,3,1,4,4,3,1,1,4,4	147	161
21	15,17,21,26,25,10,9,17,20,21	27,25,25,22,19,6,13,8,11,18	18,13,12,27,23,18,32,12,16,19	18,17,15,15,18,19,16,13,6,9	171	183
22	10,8,14,6,4,1,3,2,6,9	5,5,7,8,6,1,2,3,0,2	11,8,7,4,12,14,9,7,6,3	10,2,4,2,9,5,8,0,5,1	230	121
23	3,6,8,6,4,1,4,3,6,2	6,7,10,8,7,1,2,4,2,6	1,3,6,7,3,3,4,5,4,1	13,2,6,3,11,6,12,2,6,1	178	121
24	0,0,0,0,0,0,0,0,0,1	36,38,37,42,23,17,24,26,24,27	2,1,0,1,1,1,0,1,0,1	38,29,31,33,41,28,33,26,26,8	121	180
25	6,11,18,5,13,7,9,10,17,8	20,16,10,21,20,9,10,18,14,23	18,15,13,9,14,14,18,11,13,5	20,18,12,13,14,21,17,16,11,7	149	166
26	8,10,9,3,12,2,4,2,5,4	20,27,18,18,31,6,12,22,19,22	8,7,4,3,15,5,10,4,4,3	14,13,15,14,14,18,20,11,10,8	153	165
27	62,65,55,73,60,52,55,44,40,46	75,70,86,84,65,59,58,56,54,70	56,44,58,47,61,53,66,52,45,37	67,76,69,54,78,88,66,47,40,50	180	172
28	1,0,5,0,0,0,1,0,1,0	44,46,55,51,52,14,15,34,24,32	0,1,1,2,4,0,0,0,0,0	43,31,35,26,36,40,40,30,23,10	145	188
29	8,5,7,10,8,1,10,7,4,10	6,7,13,13,16,8,12,16,11,5	8,1,5,3,12,7,13,6,10,4	14,11,6,6,23,17,9,10,4,5	170	196
30	0,0,0,1,0,0,0,1,0,1	8,5,12,10,16,6,6,7,10,9	0,0,0,0,1,0,0,1,0,0	13,9,16,5,10,9,12,8,8,4	102	170
31	6,4,7,6,5,5,3,3,6,2	0,0,0,0,0,0,1,0,0,0	6,5,5,5,10,4,5,6,10,1	0,0,0,0,0,0,0,0,0,0	168	146
32	7,4,7,7,5,5,3,3,6,2	6,4,9,10,5,4,5,7,12,9	6,5,5,5,9,4,5,6,10,1	6,13,7,10,7,9,6,9,10,4	168	408
33	6,5,7,8,6,5,3,4,8,2	7,8,11,2,5,8,2,8,3,7	6,6,5,5,10,4,6,6,10,1	14,12,8,5,10,13,5,8,7,5	168	205
34	6,4,7,6,5,5,3,3,6,2	6,1,4,2,2,4,1,2,1,6	6,5,6,5,9,4,5,6,10,1	8,2,4,3,4,1,3,3,2,5	168	205
35	7,6,11,12,7,5,6,7,14,13	1,1,0,2,0,2,0,0,0,0	11,15,13,12,11,10,8,10,11,5	0,1,0,0,0,2,0,0,1,0	408	122
36	315,321,335,398,320,194,238,304,259,305	6,27,22,23,23,15,29,26,15,18	354,245,299,252,405,313,384,248,269,178	31,24,26,22,18,21,20,13,14,19	755	119
37	11,6,10,3,12,1,2,6,10,9	189,239,232,227,175,168,186,181,190,227	5,9,7,7,13,10,12,5,10,4	238,184,191,195,208,212,225,168,207,142	175	121
38	4,3,5,0,2,1,0,3,6,4	242,292,262,274,229,210,224,217,202,235	2,7,3,5,9,6,6,5,5,3	234,261,235,237,258,252,262,245,257,212	175	121
39	4,3,5,0,2,1,0,3,6,4	58,64,56,61,64,44,58,52,63,91	2,7,3,5,9,6,6,5,5,3	74,69,52,65,75,68,57,81,58,49	175	117
40	242,292,262,274,229,210,224,217,202,235	58,64,56,61,64,44,58,52,63,91	234,261,235,237,258,252,262,245,257,212	74,69,52,65,75,68,57,81,58,49	121	117
41	0,1,0,0,0,1,0,0,0,0	0,0,0,0,0,0,0,0,0,0	0,0,0,0,1,0,0,1,0,0	0,0,0,0,0,0,1,1,0,0	245	248
42	0,0,0,0,0,0,0,0,0,0	116,101,142,124,105,81,91,118,79,85	0,0,0,0,0,0,1,1,0,0	104,100,113,113,142,119,122,105,116,86	220	245
43	61,55,74,58,51,59,48,63,58,72	37,40,41,41,40,35,34,44,46,41	55,37,57,66,59,63,66,62,59,66	34,43,39,30,36,32,52,31,40,46	234	201
44	33,27,28,29,29,34,26,24,30,34	37,40,41,41,40,35,34,44,46,41	30,12,34,31,23,33,31,22,30,29	34,43,39,30,36,32,52,31,40,46	237	201
45	15,16,24,18,12,19,17,16,13,17	42,31,43,41,41,46,43,39,26,58	13,16,16,13,21,16,18,8,20,14	40,35,28,36,36,31,37,29,39,26	99	199
46	22,23,32,24,23,20,18,23,29,25	9,11,11,11,5,6,7,10,5,12	31,23,24,18,44,26,34,27,28,29	3,4,3,11,9,10,2,6,9,5	189	99
47	49,52,52,38,32,30,40,56,27,55	21,24,29,20,19,32,24,28,28,24	46,38,48,49,57,45,55,54,28,30	19,31,30,23,30,16,26,28,33,17	161	156
48	1,3,1,0,2,1,2,0,1,0	9,6,6,10,7,3,8,6,5,5	0,0,2,1,0,0,1,3,1,0	8,11,7,5,11,2,9,9,8,12	156	117
49	31,22,25,34,35,22,28,42,29,31	1,5,1,2,2,1,2,4,3,4	24,27,42,20,39,23,29,40,31,32	3,1,0,1,4,1,2,1,1,2	128	166
50	1,3,3,4,2,3,2,3,5,2	6,4,2,7,4,3,5,9,7,6	3,1,4,2,1,1,0,0,6,0	2,4,1,1,4,4,6,3,6,4	288	297
51	2,2,1,4,0,3,2,0,0,3	6,4,2,7,4,3,5,9,7,6	1,1,1,2,3,0,0,1,0,0	2,4,1,1,4,4,6,3,6,4	138	297
52	2,2,1,4,0,3,2,0,0,3	1,3,3,4,2,3,2,3,5,2	1,1,1,2,3,0,0,1,0,0	3,1,4,2,1,1,0,0,6,0	138	288
53	141,127,171,160,111,140,139,148,131,161	71,83,84,99,83,116,111,84,73,112	158,171,132,138,137,143,201,140,173,205	94,112,77,96,94,101,74,92,103,157	165	141
54	7,16,6,15,10,7,12,13,13,13	160,141,144,170,140,171,130,161,121,169	13,7,12,16,20,15,17,13,16,13	177,140,122,168,183,153,156,117,171,165	87	173
55	11,10,9,15,12,9,7,10,7,12	8,6,6,4,4,2,5,11,4,14	6,8,9,6,14,6,16,8,15,18	11,12,5,5,6,5,9,10,4,5	137	167
56	195,250,225,275,226,161,188,200,192,233	510,518,572,568,489,370,445,414,448,515	194,185,230,204,250,230,255,220,175,136	564,449,444,482,533,476,587,439,451,401	143	228
57	195,250,225,276,226,161,188,200,192,233	234,278,285,285,245,185,203,224,233,251	194,185,230,204,249,230,255,220,175,136	239,231,241,239,272,251,307,240,224,187	143	219
58	241,319,289,326,275,153,216,249,238,269	164,209,188,195,180,131,155,167,185,205	258,237,224,237,286,265,290,250,231,158	186,160,186,207,221,221,236,166,190,138	197	158
59	241,321,288,326,275,153,216,250,239,269	549,635,615,681,579,384,446,517,483,540	258,237,223,237,285,265,292,250,232,158	594,499,552,538,601,582,599,539,521,377	197	296
60	15,16,9,11,10,5,13,4,8,17	47,66,41,56,33,17,63,55,35,44	12,8,5,4,7,11,11,17,4,6	46,38,47,45,38,37,49,55,31,22	138	147
61	19,20,25,27,21,16,22,26,25,19	11,6,14,10,9,5,7,8,10,3	25,21,22,24,18,23,22,22,20,16	8,11,6,8,11,5,8,3,10,0	99	126
62	0,1,1,0,2,0,0,0,0,0	7,4,16,8,7,3,8,6,8,6	1,0,0,0,0,0,0,0,0,0	10,9,4,7,10,6,6,6,8,1	102	126
63	18,28,31,14,17,22,13,19,14,26	106,124,92,108,85,89,89,79,108,107	24,18,11,21,22,20,17,31,20,15	101,85,125,126,129,113,129,155,152,148	186	325
64	1009,1048,1125,1109,923,523,728,816,815,798	1301,1518,1622,1465,1507,945,1056,1132,1201,1311	972,830,906,895,1131,942,1034,772,718,422	1455,1268,1342,1339,1581,1433,1513,1139,1151,817	253	246
65	1008,1048,1125,1109,923,523,728,816,815,798	599,710,719,772,685,417,471,550,554,613	972,830,906,895,1131,943,1034,772,718,422	679,648,616,636,769,734,772,611,485,377	253	164
66	56,67,86,63,67,55,77,49,79,77	141,181,147,176,170,127,107,145,140,157	74,74,61,74,80,68,110,67,78,62	187,173,133,174,161,173,175,136,177,135	162	271
67	59,71,85,64,67,56,80,52,80,78	147,184,148,190,170,125,128,145,135,161	79,76,63,78,86,71,111,72,77,64	193,174,150,175,150,187,192,144,178,149	162	271
68	22,10,28,15,24,19,16,15,23,16	17,11,16,23,10,11,5,5,15,10	15,12,17,19,38,23,16,17,15,12	14,14,6,16,15,11,16,9,15,10	223	213
69	8,14,6,5,10,7,5,7,5,8	36,36,41,52,32,20,18,24,35,25	12,7,5,2,9,4,9,6,4,6	30,30,29,35,43,55,37,20,24,27	108	162
70	41,40,40,29,23,18,17,21,23,23	419,416,420,420,406,177,238,258,291,224	40,18,17,28,25,25,34,27,10,4	397,304,264,296,397,382,412,273,237,124	202	234
71	327,318,333,309,327,143,183,224,222,184	589,650,713,660,633,284,378,480,462,422	311,250,189,242,338,284,327,198,170,100	695,493,505,518,657,548,649,463,349,197	234	315
72	117,115,132,141,151,93,83,113,85,123	372,487,493,578,502,407,398,431,446,511	152,131,113,114,143,110,139,113,127,124	424,424,400,478,500,471,547,417,424,383	190	190
73	7,12,9,3,4,4,7,7,5,5	19,22,19,10,20,10,12,17,15,17	5,7,7,6,9,5,6,3,10,5	14,6,10,9,25,16,23,17,12,12	144	147
74	265,240,260,308,246,225,231,242,237,292	215,254,272,261,278,203,265,248,215,312	330,242,248,219,265,245,234,230,272,240	223,275,244,226,304,273,287,269,279,244	244	208
77	679,851,873,885,745,667,626,688,693,769	962,1186,1084,1117,1047,954,875,946,909,1110	808,693,783,817,878,839,836,715,775,644	1064,1005,966,1045,1187,1114,1135,1016,1075,894	150	178
78	0,1,0,0,0,1,0,1,2,0	0,0,1,0,0,0,0,0,1,1	1,2,1,0,0,0,1,0,1,0	1,0,0,0,0,0,0,0,0,0	271	257
79	553,588,611,693,603,581,475,522,531,618	734,752,759,847,681,682,633,691,665,792	568,564,539,585,655,653,687,519,614,516	631,733,708,686,766,701,835,736,741,757	171	213
80	996,1199,1220,1284,1124,1143,1018,1037,1071,1243	785,870,887,928,811,845,757,751,774,883	1050,1157,1120,1154,1284,1178,1306,1094,1223,1180	753,806,731,777,873,872,944,853,922,919	225	195
81	194,212,167,191,179,85,107,158,138,146	56,86,76,85,83,40,42,63,74,70	187,171,158,169,196,174,205,172,152,114	81,52,66,74,73,79,87,81,77,57	294	174
82	357,409,365,408,357,218,310,290,290,358	723,694,773,719,599,467,546,580,604,592	355,308,339,296,414,346,448,337,301,255	757,590,693,617,763,655,726,580,629,503	206	383
83	259,285,289,303,260,147,186,244,208,243	724,694,773,719,598,466,546,580,603,592	285,262,241,280,319,230,278,222,214,152	757,590,693,617,762,655,726,579,628,503	185	383
84	69,57,73,71,83,49,57,55,56,68	24,20,22,20,18,16,21,22,21,30	56,56,45,61,78,51,81,36,52,51	31,21,18,28,26,18,33,12,25,17	200	141
85	26,20,24,16,25,17,22,11,29,24	95,103,127,129,90,115,75,113,97,118	24,23,24,31,32,33,27,18,29,10	123,86,101,123,129,115,122,115,90,100	102	183
86	130,189,175,176,140,101,104,132,139,142	457,554,579,548,534,292,387,441,452,454	164,149,126,138,174,149,192,127,133,75	572,478,481,493,609,493,567,454,410,312	124	329
87	466,593,620,610,565,316,406,478,531,490	503,575,644,592,561,353,436,505,518,532	566,475,515,503,602,550,622,495,423,311	518,494,491,513,563,586,626,532,509,324	329	309
88	2,2,1,2,2,2,2,1,1,5	13,14,18,16,22,23,25,15,11,10	2,0,0,4,4,2,1,5,3,4	17,17,8,20,14,11,16,11,14,11	113	142
89	14,15,13,18,6,14,11,19,13,11	0,0,1,0,0,0,0,0,0,0	14,15,17,10,15,21,20,25,15,21	0,0,0,0,0,0,0,0,0,0	142	159
90	4,8,16,10,8,4,8,10,9,16	29,22,26,16,23,26,21,34,21,31	16,10,8,13,18,6,6,17,13,6	24,30,22,15,22,19,19,25,18,15	193	234
91	2,3,7,12,4,1,2,1,3,5	2,1,2,4,0,0,2,2,2,1	7,9,6,0,3,10,8,3,3,1	5,1,0,0,1,2,0,1,0,1	134	115
92	8,18,14,13,10,5,6,16,14,22	12,13,15,13,11,14,14,9,7,8	16,9,8,14,19,13,12,9,14,14	12,12,9,12,11,8,4,12,13,11	280	285
93	61,58,54,36,59,43,52,58,56,40	43,67,64,60,51,56,57,54,54,72	56,42,49,48,45,47,62,52,47,38	67,59,51,58,90,68,83,61,57,54	187	176
94	57,47,47,49,42,54,44,55,49,52	34,35,26,43,33,38,33,46,40,30	47,51,53,55,68,51,67,64,58,58	32,35,26,37,40,35,41,17,46,24	176	183
95	0,0,3,7,0,0,3,2,5,4	2,3,6,1,2,3,0,2,2,1	5,0,2,8,3,4,3,1,2,4	0,3,2,0,1,1,2,1,0,0	142	135
96	54,75,78,75,36,38,47,46,58,44	139,164,160,164,103,136,130,125,158,146	78,49,35,58,58,70,69,47,41,50	159,127,127,170,174,173,151,135,132,135	154	183
97	68,95,92,87,68,80,61,80,80,81	202,194,223,236,207,205,183,178,180,183	88,68,73,96,95,99,106,74,82,48	177,198,163,181,192,196,226,191,198,170	183	190
98	260,274,306,245,304,238,244,262,295,297	181,180,208,205,211,177,157,199,192,237	281,247,239,282,313,312,313,285,276,249	205,191,164,195,212,205,221,183,211,180	192	184
99	0,1,0,1,0,0,1,0,0,0	0,0,0,0,0,0,0,0,0,0	1,0,0,0,0,0,1,0,0,2	1,0,0,0,0,0,0,0,0,0	235	118
100	82,78,72,94,65,61,80,71,85,77	6,11,5,8,5,3,4,4,4,6	73,63,69,79,98,88,89,74,61,80	4,6,3,1,9,7,7,6,9,6	149	134
101	23,20,22,16,15,12,15,16,13,21	38,40,36,60,39,31,44,34,46,37	17,8,19,20,22,21,20,18,13,18	37,36,32,37,47,41,50,51,30,34	195	149
102	39,32,31,30,22,19,22,27,27,32	39,40,36,60,39,31,44,34,46,37	33,23,35,34,49,38,46,34,25,31	37,36,32,37,47,42,50,51,30,34	195	149
103	23,25,25,30,17,25,27,28,14,21	23,32,24,34,22,29,15,40,24,42	23,21,18,20,26,17,18,25,28,27	24,25,24,28,28,30,26,25,32,45	138	119
104	677,707,744,825,623,685,652,743,712,856	2122,2076,2089,2232,1876,2072,1875,2032,2069,2325	771,680,760,816,764,784,834,708,783,740	2184,1996,2272,2319,2116,2196,2301,2094,2217,2375	146	233
105	659,652,707,750,566,498,539,563,542,652	342,394,448,429,368,343,319,369,373,404	752,587,675,633,654,633,655,584,590,546	403,332,375,386,387,385,426,310,384,355	516	273
106	20,29,27,40,34,14,20,26,20,21	95,89,96,79,95,56,72,87,85,86	21,23,20,17,34,31,25,23,35,18	74,81,80,86,100,98,92,95,93,65	183	165
107	38,40,48,60,50,20,24,37,32,37	76,75,71,61,62,44,52,58,58,55	43,39,33,42,50,55,44,39,49,34	54,50,67,81,83,89,81,66,56,51	183	153
108	32,34,31,41,40,15,20,29,20,26	95,90,97,79,95,55,73,86,84,86	30,28,24,27,36,36,31,26,35,17	74,82,80,85,99,100,94,95,93,65	183	165
109	10,10,16,13,17,5,6,18,10,9	95,89,96,79,95,56,72,87,85,86	8,15,7,10,6,14,8,14,14,21	74,81,80,86,100,98,92,95,93,65	153	165
110	51,82,74,75,70,47,45,59,59,65	103,95,114,98,106,61,77,95,96,98	59,66,51,57,58,60,72,66,62,66	87,94,92,100,114,117,105,108,108,82	153	165
111	77,122,94,123,103,84,85,89,89,95	115,123,119,131,139,102,108,106,125,120	90,88,85,108,125,91,125,82,107,75	123,122,108,130,145,133,140,103,137,112	185	229
112	14,16,17,17,18,10,19,19,17,13	37,32,57,32,41,36,27,42,34,46	10,20,10,20,26,17,27,21,25,15	34,32,44,38,42,25,44,48,43,50	151	217
113	28,24,29,28,23,17,20,25,14,14	18,21,20,30,18,7,15,13,16,8	40,34,27,29,35,28,26,31,18,15	21,19,27,17,9,17,28,22,20,16	182	139
114	95,143,123,134,114,72,78,91,103,91	164,204,173,205,137,118,131,104,116,112	134,89,107,128,137,132,115,93,70,52	157,162,126,175,202,190,174,110,97,52	147	147
115	1,1,0,0,0,1,0,0,0,0	1,1,0,0,0,0,5,0,1,1	0,0,0,0,0,0,1,0,0,0	4,0,3,0,0,1,2,1,1,0	301	133
117	180,183,188,206,167,149,164,159,161,186	278,271,290,320,303,276,282,281,284,326	194,150,118,130,158,149,174,153,163,157	288,264,269,289,330,330,380,310,377,322	151	166
118	63,60,72,76,54,60,68,65,64,71	490,569,509,673,541,540,500,517,514,648	56,61,75,55,68,65,73,79,68,66	523,563,464,521,581,529,555,528,603,617	166	219
119	282,271,265,271,223,247,232,245,254,311	492,572,513,676,545,543,507,517,517,654	247,255,257,216,276,238,265,295,302,278	527,564,465,524,585,533,557,532,607,622	166	219
120	474,527,477,628,527,512,490,483,492,610	255,286,362,374,288,312,269,314,303,385	517,502,439,513,577,547,595,535,646,572	296,330,309,322,310,291,334,326,332,353	219	195
121	7,17,20,12,8,8,10,9,13,7	11,16,17,11,15,3,9,9,8,8	6,12,22,14,14,6,15,13,10,2	12,5,6,8,10,5,11,10,5,3	242	189
122	44,47,45,64,57,40,38,28,45,52	8,12,9,24,17,5,4,18,5,18	60,43,34,29,59,55,77,53,34,42	9,26,14,19,6,9,18,9,11,11	201	126
123	1,0,0,6,1,1,0,0,1,0	1215,1295,1383,1420,1270,1535,1274,1471,1346,1575	1,2,3,1,1,1,0,1,0,0	1247,1287,1364,1363,1399,1312,1544,1308,1633,1795	136	164
124	6,13,11,12,13,3,3,6,8,9	23,28,27,43,31,8,6,11,15,13	9,4,5,6,7,14,12,6,5,1	27,16,20,15,34,31,31,17,7,2	200	173
125	38,38,28,48,32,43,33,32,32,28	24,40,27,25,24,26,25,25,25,32	22,25,34,32,52,30,34,42,24,41	35,25,28,35,39,26,39,32,32,51	218	163
126	111,116,129,153,111,131,137,129,113,166	154,145,126,148,111,116,118,139,156,163	146,121,141,130,136,141,138,142,144,139	152,124,125,130,150,144,169,124,132,118	183	186
128	18,15,17,15,27,13,15,25,24,15	19,25,31,30,26,18,20,20,16,37	17,25,19,8,25,25,31,15,23,26	14,28,20,22,46,33,25,16,15,15	138	150
129	32,29,21,45,26,20,18,24,28,29	31,29,35,51,22,27,36,26,30,23	26,20,21,22,22,33,29,23,24,26	21,34,36,37,34,29,36,33,23,34	284	230
130	50,45,48,51,36,56,29,37,26,50	17,20,29,14,28,20,16,11,14,13	32,39,42,33,44,30,42,35,36,43	11,9,21,33,21,16,15,18,18,16	247	151
131	19,18,10,16,15,21,12,10,10,16	17,20,29,14,28,20,16,11,14,13	9,13,18,12,10,7,15,16,14,12	11,9,21,33,21,16,15,18,18,16	174	151
132	4,6,9,6,6,6,3,7,7,7	30,17,15,22,13,23,16,9,22,21	2,2,8,7,9,10,5,4,6,5	19,19,22,25,20,27,19,21,17,15	193	210
133	15,8,17,13,10,10,13,12,21,16	30,17,15,22,13,23,16,9,22,21	7,11,17,14,16,15,22,8,14,17	19,19,22,25,20,27,19,21,17,15	263	210
134	88,82,73,71,59,50,68,59,71,74	70,104,85,94,59,74,59,58,74,75	82,67,68,63,101,67,84,82,79,55	86,64,89,78,104,83,75,59,77,73	237	120
135	365,422,397,394,369,317,266,319,324,352	12,11,5,9,9,12,9,4,10,11	365,337,363,423,378,371,439,364,333,313	21,18,12,15,21,14,10,10,4,11	333	243
136	88,83,73,71,59,50,68,59,71,74	372,446,411,406,383,324,272,336,343,379	81,67,68,63,101,67,84,82,79,55	372,344,384,433,399,384,457,366,357,330	237	333
137	16,20,14,17,13,8,15,10,18,12	168,214,169,209,169,107,127,147,148,176	17,13,23,25,25,26,19,9,11,15	208,165,197,200,220,210,209,182,123,84	162	255
138	198,193,196,218,162,208,195,199,204,272	136,147,157,173,147,176,159,146,173,176	221,183,209,184,206,229,253,176,267,243	163,140,158,173,136,132,163,169,186,210	272	149
139	20,21,20,8,5,12,14,19,36,32	136,147,157,173,147,176,157,146,172,172	27,10,15,20,38,29,28,20,19,32	162,139,155,173,136,132,162,169,186,210	118	149
140	19,19,19,8,5,12,16,19,37,35	289,303,300,350,280,359,279,309,323,377	28,11,18,21,37,29,28,20,19,29	332,308,308,294,369,308,351,290,372,382	118	272
141	114,112,109,124,109,95,90,99,93,108	260,262,260,298,269,258,217,268,261,268	104,105,103,116,109,106,140,107,113,144	267,254,281,273,290,239,334,296,292,319	159	310
142	74,70,67,86,73,57,59,62,74,89	13,22,9,17,14,17,12,19,9,14	70,66,48,57,61,66,72,55,89,67	15,18,8,10,17,21,14,13,21,11	326	106
143	102,79,110,124,97,122,78,96,77,111	57,59,61,64,63,77,54,81,59,93	102,123,93,89,87,86,93,93,116,94	75,78,63,55,58,76,78,75,80,73	129	126
144	281,308,256,328,267,290,255,258,249,327	158,186,207,208,193,188,160,151,160,210	332,263,273,301,291,283,296,249,307,339	219,161,170,186,202,156,202,162,201,197	184	129
145	168,125,168,150,132,114,104,136,143,133	24,15,17,18,17,12,8,13,18,13	144,144,123,122,153,126,163,127,118,118	23,18,12,21,15,13,16,12,17,17	229	103
146	11,6,8,8,7,9,5,8,9,3	22,27,33,19,37,14,21,19,23,24	8,6,14,11,19,13,10,9,12,7	16,18,24,30,35,23,30,25,25,23	132	150
147	90,117,117,131,85,115,105,90,101,108	38,33,57,60,37,45,35,40,39,35	112,79,88,116,116,118,126,116,115,145	41,33,43,33,47,52,55,54,56,56	199	175
148	2,2,7,4,4,2,2,3,2,2	27,42,53,33,35,30,30,23,16,24	4,1,5,3,4,2,7,2,2,1	32,25,33,25,31,25,38,19,41,26	116	2821
149	2,2,7,4,4,2,2,3,2,2	8,11,10,6,6,6,12,5,1,7	4,1,5,3,4,2,7,2,2,1	8,6,7,9,8,8,9,4,15,7	116	535
150	2,2,7,4,4,2,2,3,2,2	8,6,6,6,6,5,8,2,1,7	4,1,5,3,4,2,7,2,2,1	3,1,3,3,3,6,6,1,13,3	116	298
151	36,20,32,32,25,19,21,27,21,29	16,21,21,19,14,20,15,30,18,21	32,15,24,11,27,12,25,19,24,22	23,17,23,13,23,16,32,20,14,7	198	192
152	0,0,1,1,0,0,0,0,0,0	7,14,6,6,5,4,7,7,4,4	1,0,0,0,1,0,0,0,0,0	9,5,5,8,4,8,5,4,4,10	348	233
153	39,29,53,44,33,31,35,42,29,46	86,100,114,106,80,98,78,89,90,86	25,25,43,43,28,46,28,32,39,39	89,87,88,77,85,92,96,84,91,108	168	228
154	65,71,58,69,61,86,74,49,58,83	13,21,12,16,17,23,19,18,14,11	73,85,61,59,63,76,79,71,79,63	19,27,10,7,16,14,13,11,23,21	231	169
155	21,28,26,21,23,14,21,13,27,28	7,13,11,19,6,8,10,11,6,15	24,18,22,28,31,19,35,14,20,20	17,14,5,6,17,8,10,8,16,7	122	114
156	1,0,2,0,0,1,1,0,0,0	0,0,4,1,2,0,0,1,0,0	2,0,0,0,0,0,1,0,0,0	2,0,0,1,3,0,1,0,1,0	141	265
157	0,0,0,0,2,0,1,0,0,1	0,0,1,0,0,0,1,0,0,0	1,0,0,0,2,0,1,0,0,0	0,1,0,0,0,0,0,0,0,0	186	141
158	7,4,7,1,3,7,4,2,5,10	30,38,25,39,27,26,28,19,24,33	5,5,2,1,7,1,5,1,7,10	32,25,28,19,34,31,33,28,31,43	133	176
159	4,10,4,9,9,6,7,8,7,5	17,13,21,15,23,19,11,10,14,19	13,3,1,3,5,5,7,7,9,9	17,13,8,7,15,10,15,10,21,18	215	133
160	15,10,4,12,6,6,1,6,7,6	37,63,51,55,43,17,37,27,27,22	15,1,2,6,12,5,8,11,1,2	39,34,36,28,48,40,40,30,17,6	174	319
161	33,30,38,36,27,22,34,38,33,45	0,3,1,1,0,2,0,1,2,3	33,47,43,42,39,40,47,26,27,23	1,0,0,1,1,1,0,2,1,3	129	186
162	54,65,68,65,61,43,44,53,54,69	37,36,38,43,41,15,35,37,38,25	72,38,49,58,64,64,68,33,43,34	35,37,30,40,33,43,42,34,20,18	188	189
163	54,43,37,71,54,32,40,40,40,44	89,113,97,123,79,54,65,69,68,72	37,43,48,35,67,44,45,48,26,21	100,78,89,75,91,76,104,63,61,40	141	188
164	72,69,73,77,63,40,37,39,52,59	18,28,34,26,29,28,22,32,31,38	59,62,61,54,95,54,72,67,48,31	41,21,22,29,34,31,33,11,16,13	213	141
165	103,114,100,127,110,56,84,82,71,81	83,66,71,109,85,53,59,57,61,84	113,101,62,96,131,74,98,74,78,54	65,67,74,67,114,66,75,76,44,31	262	213
166	126,130,154,137,90,126,119,110,135,122	240,286,261,294,213,292,219,267,268,221	145,100,118,108,152,106,140,117,137,123	265,295,201,273,263,256,289,233,281,338	222	246
167	38,62,77,67,62,66,59,66,72,59	98,120,104,120,96,147,130,124,111,112	65,63,61,62,57,55,78,72,79,66	148,124,93,110,85,114,122,103,132,128	123	192
168	0,3,5,5,7,3,6,7,5,0	98,120,104,120,96,147,130,124,111,112	5,2,3,3,5,4,6,8,8,5	148,124,93,110,85,114,122,103,132,128	119	192
169	6,7,14,9,13,3,5,1,11,7	17,6,9,15,16,5,5,11,14,7	5,6,9,9,10,6,6,11,4,7	7,12,15,12,11,15,10,11,9,4	250	253
170	93,94,96,129,120,85,69,87,96,85	34,32,39,39,26,32,29,36,29,23	103,83,98,97,122,74,113,79,84,63	32,23,43,31,36,45,35,30,33,29	194	139
171	77,65,81,87,92,59,66,74,71,70	163,166,175,173,128,92,113,133,135,130	82,61,75,85,84,61,69,70,72,56	165,122,152,146,148,162,185,152,143,124	139	223
172	108,93,123,122,73,62,80,103,82,90	190,198,203,181,176,154,148,184,181,161	106,81,112,102,103,118,123,105,94,87	169,171,206,139,179,207,209,214,198,185	223	286
173	26,28,33,43,39,26,22,25,26,35	23,19,24,15,20,15,27,31,26,36	36,37,39,28,30,34,35,32,32,35	26,34,21,38,23,11,26,24,24,10	196	187
174	25,27,33,41,38,26,21,25,26,35	21,13,22,17,17,18,15,11,15,15	36,38,39,29,29,33,35,32,30,34	14,24,15,18,17,12,15,17,12,24	196	140
175	25,25,18,19,17,14,23,30,20,17	22,14,22,19,18,18,16,11,15,15	27,18,26,27,17,15,24,24,23,9	14,23,15,18,18,13,15,17,15,25	187	140
176	27,34,22,28,21,18,23,19,34,29	34,39,36,33,29,43,28,35,44,30	19,21,21,17,30,26,23,13,23,17	29,35,15,19,35,28,39,43,42,48	174	160
177	48,59,48,72,48,26,34,55,37,33	63,100,67,77,76,44,60,69,62,57	55,49,34,44,50,55,57,45,27,32	75,61,85,67,76,70,85,63,55,41	236	218
178	29,38,32,43,37,27,23,32,27,29	63,100,67,78,76,42,61,68,63,56	40,35,17,29,34,34,36,35,25,17	75,61,85,67,76,70,85,63,55,41	236	218
179	25,27,35,30,23,21,26,23,31,15	62,83,75,89,97,51,64,86,54,66	30,26,30,28,35,29,28,35,27,15	97,76,67,59,80,78,86,77,59,41	152	236
180	25,28,33,19,28,10,16,20,16,24	3,4,7,9,4,7,5,2,2,6	23,17,26,20,22,18,27,32,14,16	10,6,6,7,8,6,8,5,8,0	170	151
181	25,28,35,19,28,10,16,21,17,23	34,32,22,23,21,14,18,24,25,20	23,17,26,20,24,19,27,32,14,16	21,23,12,18,17,14,25,23,18,8	170	156
182	35,64,65,62,45,31,51,35,53,31	14,17,10,5,6,3,8,12,6,13	48,31,31,41,64,37,51,37,36,11	11,11,8,8,7,16,12,8,12,3	184	134
183	20,34,38,27,16,7,21,22,20,26	14,17,9,5,6,3,8,10,6,13	29,19,16,14,37,26,27,5,15,10	11,11,8,6,6,16,12,8,12,3	189	134
184	248,297,296,288,290,172,210,234,229,229	38,35,27,42,47,33,35,33,42,46	280,261,242,309,304,280,327,286,261,180	34,36,33,33,29,46,28,41,26,37	860	202
185	48,71,33,57,52,50,38,41,45,35	122,153,101,97,99,102,88,94,75,103	39,38,62,55,37,62,53,41,46,53	99,115,98,122,115,109,127,133,139,132	168	162
186	46,46,49,68,48,51,27,48,40,47	122,154,101,97,99,102,88,94,75,103	38,40,58,51,43,52,48,50,49,65	101,113,100,121,115,109,128,133,139,133	168	162
187	41,31,35,29,32,25,27,21,39,25	76,90,72,89,80,62,74,60,59,69	32,32,40,32,39,27,30,36,40,25	87,68,63,71,83,73,86,51,87,71	202	139
188	50,36,56,47,40,48,40,44,41,54	34,28,40,32,26,26,29,27,29,41	31,33,35,49,53,36,43,37,50,37	34,45,29,38,32,34,24,22,43,36	111	107
189	128,146,119,139,119,64,87,120,114,113	20,19,23,28,14,16,12,16,22,14	122,98,101,126,123,126,140,103,70,70	18,17,18,16,13,13,19,12,17,14	285	126
190	69,52,60,84,61,46,48,61,55,50	75,92,90,122,85,39,63,51,60,77	67,68,43,80,82,56,60,75,59,39	67,84,60,66,66,81,95,76,57,51	195	192
191	126,138,131,135,128,96,104,92,109,106	125,119,161,155,130,111,91,112,113,109	131,130,116,127,132,117,169,100,94,83	162,150,123,128,161,119,132,122,141,75	153	162
192	18,30,25,18,23,6,22,9,18,19	7,11,17,10,9,3,2,11,7,9	14,17,19,18,19,29,26,15,15,10	8,4,3,10,12,13,11,12,7,3	224	143
193	1,1,3,7,1,0,0,1,4,3	1,7,4,0,3,1,0,1,3,1	2,0,3,1,6,0,1,1,0,2	3,2,3,0,1,2,3,1,1,1	173	189
194	192,191,232,221,218,161,193,150,184,207	122,170,156,181,159,130,137,161,127,168	166,170,171,191,215,195,231,182,159,202	135,151,137,153,178,166,190,174,181,158	154	146
195	203,235,286,270,266,207,224,194,264,299	174,172,192,200,186,181,173,150,185,197	245,212,210,208,315,275,344,265,314,264	176,171,171,201,182,173,260,164,173,171	165	154
196	121,104,131,158,140,81,105,126,121,123	336,331,315,293,290,227,217,236,260,320	118,117,86,125,127,112,158,119,130,80	285,250,206,241,281,260,312,270,255,199	175	180
197	32,28,25,25,16,19,29,21,15,23	14,14,16,14,16,8,12,12,12,17	29,21,26,15,31,27,20,27,20,12	18,12,9,16,23,14,15,15,12,8	267	186
198	88,74,107,88,73,86,93,83,93,90	186,178,236,210,208,154,171,180,215,209	82,66,74,85,100,82,92,72,91,83	230,181,200,176,228,198,256,217,238,196	191	243
199	74,101,98,80,78,55,52,66,64,58	118,146,154,131,122,78,94,96,108,92	91,83,71,73,115,88,92,75,76,47	151,94,143,132,137,129,127,138,118,84	190	257
200	293,274,331,230,217,98,178,177,199,196	67,94,96,100,78,40,54,56,72,54	332,165,208,239,353,302,305,239,221,91	72,58,69,66,80,76,88,84,44,30	1094	235
201	293,274,331,230,217,98,178,177,199,196	19,17,27,15,12,16,19,13,13,9	332,165,208,239,353,302,305,239,221,91	26,21,16,14,20,20,27,19,11,7	1094	166
202	10,6,5,9,8,2,4,6,5,6	14,14,13,9,11,10,9,8,8,9	2,3,7,7,4,3,15,12,2,1	8,7,4,14,7,13,8,12,9,3	151	197
203	33,28,44,24,31,21,29,27,25,27	170,168,223,201,185,114,137,158,128,144	33,20,18,33,33,32,35,36,15,25	207,156,167,170,181,182,188,179,150,128	250	573
204	425,460,533,485,489,338,333,413,397,449	1283,1394,1344,1468,1291,1146,1135,1220,1252,1374	483,416,415,432,466,398,503,408,422,365	1313,1246,1215,1192,1393,1248,1467,1226,1432,1222	166	256
205	128,128,92,130,101,130,86,103,116,98	237,286,226,275,239,306,224,268,300,263	109,109,119,167,108,97,101,177,148,139	247,272,224,334,239,276,336,360,375,318	133	202
206	80,79,69,78,53,60,70,89,51,76	79,106,111,100,103,79,88,101,99,100	65,53,62,69,75,70,64,55,83,69	86,59,98,75,89,101,107,92,89,91	297	271
207	50,53,74,60,44,18,29,41,57,38	34,25,36,30,22,6,20,27,28,19	44,45,45,48,55,41,60,32,32,13	26,16,24,18,39,19,23,14,27,10	234	170
208	36,39,47,42,33,12,18,14,20,29	54,64,59,54,68,20,41,50,39,48	46,23,24,43,48,17,44,24,29,16	43,45,40,33,58,57,34,49,36,20	212	245
209	13,13,6,11,6,9,14,13,11,12	0,0,0,2,1,0,0,0,1,0	7,7,9,3,13,9,7,8,6,11	3,1,0,0,1,3,1,1,2,3	218	141
210	228,254,236,265,248,231,238,213,194,234	237,261,234,272,240,246,227,226,240,279	263,222,232,224,265,222,263,268,260,229	256,212,226,254,272,277,284,241,256,246	241	188
211	2,3,1,5,1,2,3,3,3,2	6,9,6,6,7,5,6,12,3,5	5,3,2,1,2,1,3,2,3,1	3,4,3,7,10,4,12,3,8,10	196	268
212	22,18,23,21,21,21,22,27,19,10	0,3,0,5,1,1,4,2,2,2	24,14,17,23,21,18,30,19,11,7	1,2,1,4,0,0,2,0,1,2	218	204
213	0,0,0,0,0,0,0,0,0,0	18,21,26,18,25,18,15,18,28,19	0,0,0,0,1,0,0,0,0,0	29,16,13,10,20,23,24,32,14,14	119	110
214	3,2,4,2,4,5,1,2,4,2	1998,2164,2345,2514,2241,2215,1971,2082,2133,2602	1,2,5,4,3,3,2,4,6,3	2220,2248,2193,2195,2298,2355,2681,2209,2583,2335	142	181
215	906,1052,1010,1085,1043,1011,960,950,944,1138	1025,1139,1212,1308,1113,1121,995,1080,1050,1278	963,1072,997,969,1036,994,1154,1004,1109,1116	1078,1114,1104,1093,1150,1126,1347,1065,1266,1137	142	181
216	906,1054,1014,1085,1045,1014,960,950,947,1138	1998,2164,2345,2513,2240,2215,1971,2082,2132,2604	964,1073,1000,970,1036,996,1156,1007,1111,1116	2220,2248,2193,2195,2298,2355,2681,2209,2583,2335	142	181
217	10,7,11,8,12,2,6,4,7,7	696,760,698,750,707,453,551,582,654,642	3,9,10,8,9,2,4,4,4,7	716,603,623,717,805,752,789,612,535,397	185	248
218	3,9,7,9,5,4,3,5,5,8	784,837,780,848,789,506,612,691,752,735	3,7,5,3,6,3,11,5,1,2	804,669,706,809,933,838,909,710,619,464	151	248
219	2,2,3,0,3,0,7,2,5,7	698,763,702,753,709,455,556,588,654,646	1,2,5,3,5,2,3,3,2,1	718,608,626,718,809,756,796,613,538,401	151	248
220	726,806,881,879,786,475,631,664,634,746	2460,2687,2833,2899,2639,1949,2085,2414,2443,2637	692,681,714,740,831,799,741,658,602,459	2630,2478,2424,2739,2899,2550,3012,2356,2335,1828	227	606
221	726,806,880,880,786,475,631,664,634,746	1174,1314,1334,1405,1213,1043,1026,1160,1159,1314	692,680,714,740,831,799,741,658,602,458	1269,1167,1100,1228,1284,1232,1304,1167,1260,1035	227	304
222	3,5,4,3,2,1,4,3,4,1	2,3,3,7,5,1,10,4,3,2	11,6,2,2,4,2,5,1,5,4	3,6,4,5,1,5,3,5,4,4	245	198
223	190,202,201,229,183,170,167,178,164,219	463,536,495,560,517,477,437,472,463,568	208,188,171,226,210,167,231,183,186,164	496,482,543,510,529,474,538,417,472,512	142	261
224	12,6,15,7,11,2,9,4,9,10	45,82,77,68,54,29,39,45,40,40	13,6,6,11,10,8,14,10,6,4	59,53,48,23,71,59,59,63,46,23	152	313
225	13,13,14,15,21,7,9,13,9,6	11,21,13,15,14,12,11,11,9,16	12,14,8,17,13,18,11,11,4,5	25,15,12,14,15,14,18,12,7,5	151	152
226	10,21,12,16,9,5,8,10,16,18	13,10,17,7,12,3,8,6,11,11	14,11,9,17,25,11,20,24,10,8	13,6,6,12,10,12,16,11,6,4	213	151
227	66,94,106,61,14,12,67,29,71,105	318,412,367,373,288,162,267,271,264,334	93,52,94,53,183,147,119,73,59,49	320,256,336,322,439,386,403,302,224,132	126	189
228	161,215,234,170,126,64,128,131,174,205	371,395,435,449,380,216,250,299,331,312	177,122,174,180,290,272,252,169,126,90	407,290,365,355,471,386,416,331,281,154	189	178
229	360,446,385,419,316,181,265,285,270,349	693,791,689,709,667,387,485,549,496,592	366,269,329,340,447,383,420,332,248,145	628,533,579,590,737,619,646,522,469,320	178	238
230	972,1101,1089,1141,1097,751,880,885,896,1028	899,937,1104,987,993,756,830,882,856,969	1128,854,1060,1016,1173,1147,1067,966,843,713	984,851,851,882,1045,996,944,805,876,688	288	270
231	537,520,540,568,485,387,417,427,456,490	611,811,754,792,737,703,586,610,636,759	507,452,454,523,505,487,510,462,513,388	750,671,651,713,772,709,759,676,703,584	153	195
232	1,1,1,4,1,2,3,0,2,1	326,398,397,397,351,365,290,366,361,382	0,0,1,1,4,0,0,1,0,0	351,368,315,360,409,384,394,332,421,353	237	149
233	223,274,249,298,241,241,230,254,228,275	326,398,397,397,351,365,290,366,361,382	277,283,221,242,303,277,292,256,261,246	351,368,315,360,409,384,394,332,421,353	140	149
234	113,110,120,117,94,88,96,117,113,130	134,156,133,166,137,148,135,120,154,156	116,91,118,111,138,142,128,123,127,126	171,134,141,167,179,186,158,132,144,156	148	152
235	108,131,137,142,130,125,103,113,93,124	460,495,454,533,439,453,465,413,414,501	112,101,131,127,114,120,99,117,127,113	478,465,469,422,580,542,509,423,522,499	152	196
236	258,289,250,327,230,291,243,235,275,287	147,159,148,169,160,150,160,156,176,195	308,257,283,280,359,343,307,235,285,288	151,154,179,173,171,162,170,167,184,176	196	189
237	369,380,362,392,368,328,374,320,315,388	340,338,347,383,335,350,280,341,331,408	359,362,349,327,426,398,394,337,412,380	335,362,373,387,365,337,354,315,365,393	189	223
238	25,24,32,38,30,27,13,18,17,23	139,150,141,166,150,91,85,129,96,95	20,12,18,12,33,25,18,18,18,15	122,105,119,113,156,133,134,98,102,77	150	675
239	152,165,169,187,164,100,102,147,116,108	436,409,456,430,422,236,291,359,346,359	135,115,137,127,171,153,151,107,119,82	409,372,351,369,415,430,407,302,323,223	675	1324
240	77,93,88,90,82,61,84,82,76,74	49,61,63,70,59,26,35,41,47,59	80,66,61,85,86,101,102,107,67,79	69,62,60,66,53,64,70,56,52,54	211	124
241	0,2,2,1,0,0,1,2,3,2	0,0,2,0,1,1,1,4,1,0	1,1,2,2,1,3,1,1,1,2	1,4,0,1,0,0,0,1,0,0	180	127
242	5,5,11,17,7,5,14,9,11,8	143,101,170,217,207,114,159,118,165,157	7,14,13,2,11,3,3,14,10,6	181,157,174,131,242,140,200,181,153,127	142	153
243	26,35,23,38,23,28,20,24,27,25	54,56,40,58,52,50,49,51,48,43	29,25,31,32,27,23,41,20,34,27	54,50,39,41,42,58,61,52,43,53	173	226
244	123,119,135,125,116,105,134,123,115,145	131,161,167,157,133,125,127,130,132,173	112,112,112,124,139,130,137,127,108,102	141,142,115,146,178,141,167,149,137,114	176	133
245	123,118,135,125,115,105,131,123,114,144	128,158,164,160,154,129,120,132,149,131	113,112,111,124,139,130,138,127,108,100	145,126,134,150,173,136,162,134,163,124	176	132
246	426,542,515,506,478,457,373,411,355,471	91,87,97,106,97,82,63,73,82,97	488,412,432,448,519,403,520,350,450,385	81,81,78,70,109,99,101,84,95,87	156	219
247	426,542,515,506,478,457,373,411,355,471	369,352,360,393,284,346,261,282,343,287	488,412,432,448,519,403,520,350,450,385	353,334,302,386,346,357,377,289,340,338	156	159
248	171,252,225,194,223,198,149,187,171,198	39,42,48,46,36,24,22,35,41,39	201,160,198,183,233,140,215,140,170,157	25,25,28,34,36,31,37,31,26,29	159	159
249	432,443,484,487,400,345,307,366,355,383	145,143,170,167,150,124,120,130,121,164	470,392,360,442,432,404,483,355,366,294	172,109,143,153,168,126,174,144,150,131	158	154
250	432,443,484,487,400,345,307,366,355,383	126,136,135,133,113,116,80,120,86,93	470,392,360,442,432,404,483,355,366,294	120,124,99,109,131,112,137,118,95,94	158	124
251	28,39,37,21,40,22,21,23,28,22	78,95,88,73,65,68,54,56,62,55	31,16,31,26,40,26,33,19,23,19	74,71,52,62,95,65,68,62,49,35	194	256
252	11,7,9,8,8,2,9,18,3,10	3,1,5,4,3,1,1,1,1,3	10,14,4,8,4,13,19,11,5,3	4,0,3,2,0,3,3,0,2,1	214	158
253	35,35,58,44,38,21,22,31,45,52	23,26,28,40,31,25,32,45,36,28	38,37,34,41,35,41,50,31,23,36	33,22,22,24,20,32,38,30,27,28	213	201
254	21,25,36,36,36,21,13,29,17,34	25,21,25,18,19,19,25,15,14,26	33,20,19,20,25,23,26,27,25,24	14,28,14,19,17,18,36,19,15,27	241	187
255	13,19,21,19,9,19,15,23,22,14	19,22,17,28,24,18,21,22,17,25	14,9,16,12,21,13,23,14,14,14	24,20,19,25,30,24,15,15,29,13	191	132
256	51,54,37,58,43,45,56,41,49,45	9,15,10,24,12,11,21,9,20,8	52,54,53,53,43,50,34,51,44,44	17,17,14,12,16,17,11,10,16,10	180	168
257	53,38,40,52,63,50,39,56,45,57	14,13,9,12,6,9,8,7,15,11	59,48,45,70,54,47,71,44,50,40	6,13,11,11,17,17,6,17,14,6	297	243
258	20,30,18,20,30,17,26,27,33,25	45,31,36,26,34,27,23,27,21,24	29,18,13,23,40,18,28,19,20,19	32,24,39,22,32,32,26,21,19,18	174	174
259	19,12,17,21,13,17,9,19,17,16	164,219,193,202,201,173,178,151,191,236	11,12,12,13,15,13,20,21,16,24	147,194,164,198,189,205,229,183,205,303	152	144
260	140,138,166,163,131,131,104,121,131,145	26,34,35,31,14,25,24,23,29,35	131,112,104,140,154,115,168,129,123,91	27,24,24,29,24,27,36,29,34,25	428	197
261	8,10,10,10,4,8,6,4,8,6	0,0,0,0,0,0,0,2,1,0	7,11,11,5,15,8,3,4,8,3	0,0,0,0,0,0,0,0,0,0	150	90
262	72,69,81,82,95,56,47,76,73,94	41,54,58,77,72,39,28,43,39,52	78,74,61,83,95,83,97,77,60,55	40,53,49,33,55,46,63,49,42,36	336	216
263	158,164,187,228,187,91,98,116,123,125	49,51,68,59,70,48,38,60,63,70	175,160,152,136,189,141,148,152,131,84	54,46,46,62,74,69,67,59,46,44	830	336
264	158,163,187,228,186,91,97,116,123,125	64,74,100,82,106,60,55,77,75,91	174,160,152,136,189,141,149,154,132,84	71,66,71,82,96,94,92,84,63,52	830	336
265	2,0,1,0,0,0,0,0,0,0	3,1,0,0,1,0,1,2,4,1	1,2,1,2,0,0,0,0,1,0	0,1,1,0,0,1,2,1,0,0	945	240
266	255,326,312,305,341,154,182,210,236,246	752,941,856,888,928,572,569,625,677,759	271,246,239,278,311,297,346,225,188,125	773,740,712,748,905,778,921,632,632,584	139	230
267	857,955,874,950,829,696,662,723,764,778	468,553,524,522,525,457,405,452,477,503	961,882,898,1048,1018,943,1006,983,941,772	570,476,528,622,578,535,640,580,552,532	301	210
268	63,55,68,58,60,21,42,34,37,52	43,52,48,52,52,20,25,39,28,39	58,48,39,48,50,47,49,42,37,28	61,47,48,35,59,59,50,42,44,24	211	186
269	173,192,212,183,154,124,120,182,160,156	184,202,220,183,178,195,151,168,153,190	196,125,143,178,217,162,196,149,130,112	198,145,167,191,192,147,192,166,175,169	297	270
270	35,26,39,36,26,6,20,21,24,21	43,38,45,52,38,13,16,30,17,23	28,26,25,17,28,26,35,17,16,11	25,26,18,19,41,38,38,22,18,8	203	207
271	27,35,36,32,27,17,14,26,37,30	7,3,6,4,8,5,6,9,8,5	27,16,17,31,38,44,46,33,39,18	8,6,7,8,3,7,9,6,1,3	159	159
272	20,42,40,51,36,29,34,38,21,41	22,15,33,25,18,15,25,21,29,24	41,24,31,41,34,40,41,47,32,29	30,23,12,22,22,24,26,22,22,30	155	118
273	0,1,0,1,0,0,1,0,0,0	46,66,41,61,53,33,41,42,44,61	1,2,0,2,3,1,0,0,2,0	64,29,37,54,63,54,63,54,62,55	128	152
274	60,41,47,46,45,50,56,57,43,73	27,30,26,35,31,23,22,22,26,33	45,52,46,42,68,46,47,56,64,58	43,14,19,35,34,29,47,31,26,28	218	152
275	24,22,19,27,19,14,18,36,16,26	27,30,26,35,31,23,22,22,25,33	27,22,19,15,13,25,24,11,27,22	42,14,19,35,32,29,45,31,26,28	187	152
276	25,22,18,27,18,14,16,36,17,25	46,65,45,54,46,33,55,55,44,68	26,22,18,15,15,25,26,11,27,22	50,51,47,39,62,49,41,58,64,57	187	218
277	22,16,35,24,19,21,16,28,31,26	33,34,38,28,25,27,29,40,30,33	27,19,18,24,29,26,24,22,31,16	40,30,28,26,41,39,31,32,35,38	144	188
278	55,79,48,58,72,48,42,38,54,55	117,133,152,138,125,91,82,89,115,90	63,39,30,52,75,49,61,45,46,41	133,93,96,106,121,116,130,94,89,81	194	312
279	46,33,44,49,41,31,32,30,27,44	44,63,76,64,43,48,46,58,54,52	41,40,27,28,37,34,37,24,35,21	54,49,49,50,52,44,64,38,46,42	302	165
280	65,71,62,69,68,66,55,64,66,62	45,39,56,39,35,52,29,42,49,44	54,46,61,68,79,52,76,56,51,55	43,40,26,45,41,34,36,31,34,28	210	338
282	128,185,179,140,140,52,82,134,126,116	186,226,201,224,195,77,122,121,152,134	152,111,115,154,170,170,157,88,80,48	187,112,133,135,212,179,199,137,108,56	237	199
283	123,193,151,164,132,45,84,119,120,110	61,62,83,78,54,24,46,55,51,43	146,89,103,109,169,141,131,97,75,39	64,43,76,50,74,65,58,48,54,11	199	168
284	743,860,913,782,772,432,581,587,657,606	964,1073,1179,1156,1033,645,746,795,822,898	761,641,665,675,815,731,875,632,530,356	1080,843,910,874,1084,971,1070,828,679,475	290	253
285	819,934,973,846,819,484,613,632,723,668	965,1073,1179,1156,1033,645,746,795,822,898	815,678,726,750,882,788,937,702,578,380	1080,843,910,874,1084,970,1071,828,679,475	290	253
286	739,859,905,781,767,432,572,589,654,612	964,1073,1179,1156,1033,645,746,795,822,898	748,644,662,672,807,724,862,631,528,354	1080,843,910,874,1084,970,1071,828,679,475	290	253
287	805,994,1034,949,730,436,649,656,733,769	120,114,121,122,107,76,69,86,89,106	911,699,731,749,974,835,911,649,634,410	110,96,102,97,120,88,112,85,71,55	316	105
288	769,938,998,907,709,415,616,630,717,743	8,10,10,8,9,6,6,16,6,8	879,677,701,717,934,815,883,633,609,390	3,4,8,10,11,11,11,5,4,4	316	105
289	79,89,84,105,71,97,70,66,89,96	60,68,78,92,67,79,64,72,59,83	85,85,62,74,115,72,112,87,90,98	90,74,77,56,71,69,107,78,73,90	129	111
290	74,82,77,100,62,91,64,60,83,84	218,195,199,212,173,193,162,193,175,198	76,76,61,66,105,64,104,78,81,91	199,183,164,183,190,177,244,163,203,213	129	198
291	217,264,265,292,225,248,209,218,220,261	1,2,1,0,0,1,4,0,0,0	277,241,239,203,259,205,296,212,269,270	0,1,0,0,0,0,0,0,1,1	111	141
292	242,237,247,272,257,285,212,254,262,251	218,195,199,212,173,193,162,193,175,198	276,241,213,257,257,252,300,273,285,289	199,183,164,183,189,177,245,163,203,213	267	198
293	6,5,7,9,7,6,7,5,8,5	285,255,288,285,244,279,222,260,236,270	8,9,4,9,10,3,10,3,7,3	268,247,214,256,258,248,317,240,267,283	150	198
294	3,2,5,2,2,3,2,4,3,1	1,1,2,0,1,1,2,1,1,1	3,4,4,2,3,1,4,3,2,1	3,1,0,1,6,6,3,2,1,6	530	177
295	268,355,318,329,348,260,249,261,292,295	416,540,526,574,536,489,440,431,506,534	280,266,250,285,338,299,334,301,352,282	485,503,500,519,558,532,633,537,572,552	183	195
296	560,655,571,621,604,556,502,563,515,616	364,451,432,438,380,370,326,364,404,391	550,538,539,568,630,606,716,613,650,577	309,368,353,372,429,412,457,425,399,374	201	183
297	15,35,40,34,39,37,27,45,36,46	40,54,53,68,62,45,49,49,57,66	34,46,37,33,31,34,49,50,59,54	52,65,59,73,67,54,69,78,85,76	207	183
298	115,98,115,120,107,53,89,94,96,105	36,38,38,33,30,34,30,37,29,43	106,88,84,115,107,86,108,108,88,82	31,24,38,33,49,37,40,30,37,29	605	248
299	22,20,20,15,22,13,20,21,9,15	36,47,42,39,39,29,38,40,31,33	26,16,7,9,25,18,27,25,13,16	27,41,36,34,40,46,49,26,33,39	341	265
300	0,2,2,1,1,1,0,1,0,1	1,0,1,0,2,0,2,0,0,0	1,2,0,2,3,0,1,1,0,1	0,2,1,0,0,1,1,0,0,0	250	268
301	5,5,0,3,4,2,0,1,3,2	4,6,1,4,3,2,2,3,1,2	1,2,1,1,2,1,1,4,1,0	0,5,5,1,2,4,4,2,2,5	173	146
302	0,3,2,6,4,0,0,2,3,3	3,4,5,5,7,1,6,10,8,5	3,0,2,2,2,1,2,3,1,1	9,1,7,10,7,5,8,2,9,2	180	269
306	873,956,947,1035,935,916,878,936,928,1034	1387,1568,1471,1655,1411,1381,1280,1319,1290,1686	897,879,879,938,1036,996,1103,959,1045,920	1448,1362,1258,1388,1612,1537,1678,1381,1548,1437	184	186
307	471,476,524,543,490,410,402,466,389,474	691,738,741,831,655,641,667,723,652,726	545,440,512,483,496,450,527,456,484,432	810,717,774,723,770,686,817,692,710,704	183	234
308	471,476,524,543,490,410,402,466,389,474	744,773,787,886,697,687,705,776,691,761	545,440,512,483,496,450,527,456,484,432	859,755,813,755,826,726,868,722,745,732	183	243
309	789,824,816,832,686,679,584,672,651,803	194,160,191,182,168,142,148,167,148,164	870,701,826,789,825,706,797,745,714,638	198,143,191,179,177,170,189,179,180,148	228	183
310	789,825,817,832,686,679,585,675,651,803	530,533,568,593,560,440,419,511,491,523	870,701,826,790,825,705,800,746,714,638	580,460,560,504,554,541,553,512,559,463	228	183
311	150,158,157,174,138,149,121,141,119,155	530,533,568,593,560,440,419,511,491,523	163,145,185,149,138,128,150,167,147,145	580,460,560,504,554,541,553,512,559,463	191	183
312	36,41,29,43,41,49,45,54,36,57	75,111,94,89,105,114,78,83,76,109	40,23,49,38,53,45,51,46,33,55	90,98,107,106,117,100,96,92,124,103	122	148
313	77,63,62,84,51,48,57,64,83,73	24,27,21,32,19,28,18,23,24,24	81,59,51,81,75,56,91,72,62,64	20,33,19,29,25,27,31,19,17,26	143	255
314	13,12,3,10,9,9,7,12,17,10	391,404,426,446,406,320,387,368,413,415	10,11,13,7,18,15,10,11,15,6	399,413,417,389,484,433,508,422,428,374	141	247
315	259,248,283,278,268,209,227,237,275,302	573,622,674,770,639,544,481,530,571,635	254,271,295,254,324,289,347,267,292,272	658,657,593,644,688,657,674,648,605,654	247	275
316	534,561,576,646,534,483,495,514,526,537	439,443,484,468,419,397,394,371,413,475	592,540,509,539,629,574,634,569,571,532	438,447,402,468,473,426,492,425,435,404	275	186
317	383,380,417,458,381,359,321,365,362,394	439,444,484,468,419,397,394,371,412,474	434,376,365,387,438,401,429,401,400,402	438,447,401,468,473,426,492,425,434,404	275	186
318	441,518,534,561,485,403,373,381,460,513	190,250,216,262,185,195,167,154,210,232	491,561,473,513,520,508,549,516,448,468	225,208,192,224,247,203,254,172,199,199	186	168
319	23,12,16,16,20,9,17,17,17,13	23,29,28,34,28,14,25,16,14,30	28,9,17,7,22,16,14,7,11,1	24,22,20,25,40,24,32,25,17,8	206	145
320	2607,2954,2905,2960,2454,2739,2283,2307,2497,2818	4053,4748,4611,4939,4434,5154,4139,4239,4423,5180	2793,2488,2574,2743,2887,2730,2864,2578,2782,2888	4535,4622,4397,4506,4755,4423,5094,4642,5334,5453	129	222
321	475,519,566,658,508,583,507,551,512,582	4053,4748,4611,4939,4434,5154,4139,4239,4423,5180	565,545,552,503,508,553,598,531,660,661	4535,4622,4397,4506,4755,4423,5094,4642,5334,5453	176	222
322	4922,5386,5620,5874,5010,5221,4629,4805,5008,5584	1895,2359,2318,2593,2179,2557,2146,2214,2089,2521	5232,5073,5007,5287,5616,5224,5725,4976,5345,5364	2347,2316,2200,2193,2279,2229,2527,2243,2672,2685	297	176
323	4983,5464,5703,5934,5072,5274,4690,4881,5066,5656	2395,3233,2940,3340,3027,3176,2602,2598,2736,3124	5309,5134,5071,5340,5704,5290,5802,5039,5423,5428	3003,2914,2641,2914,3094,2931,3256,2874,3395,3030	297	129
324	4034,4392,4532,4715,4039,4187,3750,3967,4119,4554	2395,3233,2940,3340,3027,3176,2602,2598,2736,3124	4211,4121,4032,4317,4593,4260,4670,4046,4363,4401	3002,2914,2641,2914,3094,2931,3256,2874,3395,3030	297	129
325	181,169,189,157,169,129,123,167,128,169	20,25,22,30,21,20,10,16,19,27	202,152,155,152,201,153,178,117,124,122	25,22,16,15,38,9,17,31,17,12	243	132
326	47,48,55,46,62,36,35,45,37,50	41,45,29,36,34,46,23,35,32,37	63,58,67,51,47,45,57,33,57,62	39,42,39,43,39,29,44,46,45,58	183	136
327	17,16,11,10,11,11,12,20,9,9	58,62,54,64,64,55,51,42,59,72	14,12,7,12,17,11,15,8,12,11	63,56,64,57,54,59,55,59,55,62	152	220
328	5,4,9,2,4,1,3,4,2,4	58,62,54,64,63,56,51,41,59,72	1,7,2,3,1,5,3,3,3,3	63,56,64,57,54,59,55,59,55,62	152	220
329	49,52,40,58,57,51,44,42,47,70	10,10,18,23,15,17,20,10,15,27	50,56,60,57,53,49,42,43,64,44	15,11,11,15,22,12,16,14,17,17	220	134
330	140,153,126,145,125,123,110,129,140,126	115,113,148,158,131,123,133,119,130,152	134,83,135,133,143,118,138,126,133,127	141,110,129,133,129,129,150,123,133,123	199	172
331	112,128,132,146,134,118,118,135,141,117	74,83,82,96,69,104,60,71,66,116	154,118,102,130,147,130,142,109,134,106	104,68,66,55,87,57,92,62,63,67	377	276
332	10,8,6,10,9,3,11,5,6,8	12,3,7,12,4,11,6,4,2,11	9,8,10,17,9,12,4,11,5,10	9,6,4,14,11,8,9,9,7,10	180	237
333	46,55,51,52,45,31,44,38,36,41	19,28,14,13,29,11,12,20,16,21	36,38,41,48,62,54,54,29,26,23	24,9,13,18,20,16,21,9,12,7	150	159
334	46,55,51,52,45,31,44,38,36,41	66,75,67,73,71,43,39,50,51,67	36,38,41,48,62,54,54,29,26,23	73,78,70,64,86,61,70,62,34,34	150	177
335	19,28,14,13,29,11,12,20,16,21	66,75,67,73,71,43,39,50,51,67	24,9,13,18,20,16,21,9,12,7	73,78,70,64,86,61,70,62,34,34	159	177
336	703,770,864,847,720,823,740,716,757,783	16,30,21,28,22,11,14,16,25,22	804,688,781,772,786,816,885,742,844,784	21,28,18,30,20,26,24,23,20,20	261	220
337	858,934,975,844,868,602,682,740,782,746	972,1193,1111,1144,1076,734,848,837,848,991	931,735,794,855,979,824,974,780,717,588	1090,954,970,1030,1160,939,1234,863,937,712	246	177
338	1282,1401,1421,1322,1268,909,1027,1117,1150,1125	972,1193,1111,1144,1075,734,848,837,848,991	1402,1168,1220,1296,1446,1291,1458,1165,1070,859	1090,952,969,1030,1160,938,1234,863,938,712	246	177
339	17,15,17,15,14,10,15,13,14,16	62,73,77,79,87,77,60,75,82,82	11,32,21,24,26,15,22,26,15,26	79,110,103,88,77,65,91,73,88,107	96	192
340	30,24,42,34,39,32,33,29,37,41	378,537,462,574,503,564,423,510,461,595	33,30,38,29,27,33,54,22,39,57	478,474,497,483,522,538,617,576,631,605	129	181
342	247,282,258,257,200,259,239,242,238,266	317,364,326,295,254,283,271,287,266,256	246,240,243,258,241,222,276,268,279,274	296,272,290,352,365,286,310,293,338,309	123	150
343	190,256,266,277,234,307,207,251,220,266	717,1014,869,962,872,952,845,838,839,860	257,260,237,253,262,234,276,261,294,305	861,859,902,966,937,861,985,859,952,1060	114	182
344	7,5,7,3,7,5,5,8,5,10	46,58,56,60,62,58,53,62,55,79	3,4,5,3,2,2,6,2,4,5	60,41,41,61,61,48,43,52,50,53	153	311
345	169,195,180,186,161,92,158,137,172,205	162,157,189,184,178,129,138,166,153,176	180,183,160,194,204,165,193,159,170,140	180,200,184,168,180,203,198,185,169,134	149	154
346	172,188,202,212,177,141,173,159,186,180	679,697,678,745,692,535,557,630,598,831	224,171,159,195,182,195,198,203,167,132	803,688,637,701,721,738,776,734,691,611	154	273
347	237,266,275,299,251,238,224,228,238,290	564,604,653,635,572,535,524,532,537,677	317,240,242,285,270,258,278,233,238,223	656,553,600,612,594,577,587,534,566,526	310	251
348	454,506,521,590,525,460,438,463,452,578	564,604,653,635,572,535,524,532,537,677	647,509,500,554,537,509,575,491,500,445	656,553,600,612,594,577,587,534,566,526	191	251
349	194,228,232,240,202,190,179,185,195,239	564,604,653,635,572,535,524,532,537,677	258,194,194,232,234,216,224,203,192,184	656,553,600,612,594,577,587,534,566,526	170	251
350	10,8,7,10,6,7,8,8,11,13	7,8,8,8,10,5,4,6,7,10	7,2,4,6,13,6,6,8,6,4	12,11,5,14,11,9,18,4,5,6	156	103
351	3,0,1,0,3,1,3,2,4,2	13,15,24,13,13,11,13,21,16,9	1,2,1,1,2,1,3,1,0,2	10,14,15,8,20,15,25,13,5,8	171	156
352	0,0,0,0,0,0,0,0,0,1	0,0,0,0,0,0,0,0,0,0	1,1,0,0,0,0,0,0,0,0	0,0,0,1,1,0,0,0,0,0	111	158
353	338,368,404,408,351,325,371,406,384,387	643,734,705,677,610,635,599,644,650,696	398,386,363,400,435,356,444,337,379,408	701,653,623,630,663,678,837,654,695,775	139	218
354	144,162,153,162,83,153,147,120,118,159	64,77,104,80,71,84,83,89,80,84	153,127,128,145,155,161,137,160,142,160	71,93,71,87,85,104,83,83,92,92	354	204
355	3,2,4,3,5,4,1,1,3,2	0,1,1,1,2,1,0,1,1,0	4,3,5,2,5,2,2,5,2,4	0,0,3,2,2,1,1,4,3,4	153	138
356	6,3,10,3,7,4,1,4,6,2	0,0,0,0,0,0,0,0,0,0	5,5,5,2,8,3,3,6,3,4	0,0,0,1,0,0,0,0,0,0	153	138
357	6,3,10,3,7,4,1,4,6,2	4,2,7,8,4,2,3,1,2,3	5,5,5,2,8,3,3,6,3,4	6,4,10,2,2,4,2,6,5,8	153	255
358	0,0,0,0,0,0,0,0,0,0	4,2,7,8,4,2,3,1,2,3	0,0,0,1,0,0,0,0,0,0	6,4,10,2,2,4,2,6,5,8	138	255
359	146,155,188,183,127,144,154,140,123,164	104,108,110,117,102,105,91,81,111,92	163,152,138,176,183,146,198,149,151,159	102,109,94,112,122,101,134,101,103,127	208	167
360	42,40,33,32,37,44,29,31,29,38	20,38,31,25,28,25,22,21,30,32	40,36,38,27,36,37,41,30,48,53	28,23,21,35,25,26,36,32,21,40	118	150
361	49,35,47,61,28,34,35,41,51,38	74,67,101,95,75,74,87,59,71,73	51,44,48,29,52,49,49,26,54,40	93,94,59,59,81,72,82,80,71,56	201	306
362	23,14,28,40,18,20,22,21,23,24	74,67,101,95,75,74,86,59,71,73	26,23,24,13,37,31,25,13,26,23	93,94,59,59,81,72,82,80,72,56	201	306
363	379,344,337,382,281,332,292,292,282,346	68,96,78,90,62,95,97,77,88,88	348,312,342,294,325,300,336,274,345,334	97,107,98,89,98,98,111,87,94,114	285	210
364	225,254,237,254,240,240,234,271,265,272	284,266,253,281,226,266,216,230,215,259	250,248,276,290,311,243,303,256,265,306	271,240,276,224,247,214,273,209,273,271	271	285
365	226,253,236,254,239,238,234,272,264,269	263,251,231,241,197,235,197,210,194,251	250,247,276,287,311,243,302,256,264,304	250,221,232,199,212,198,232,192,247,238	271	285
366	60,62,67,73,66,78,43,55,71,67	798,803,820,864,640,825,662,861,911,805	54,61,63,89,71,62,78,69,68,66	846,749,677,857,731,811,969,934,895,1088	129	878
367	40,33,46,36,48,37,39,35,50,39	50,43,30,41,41,43,30,43,37,44	47,44,27,51,28,38,32,47,42,43	45,37,49,36,30,41,38,48,42,51	114	111
368	19,23,26,38,17,22,17,15,20,21	48,51,45,52,41,49,41,43,51,47	20,26,14,14,25,10,21,9,18,15	51,53,46,66,67,42,41,47,60,31	255	235
369	18,16,17,13,9,14,5,8,17,10	17,8,8,12,16,8,9,13,14,17	10,8,16,13,15,9,15,18,14,12	13,18,9,10,15,11,14,21,21,14	202	136
370	28,17,15,27,18,12,8,25,18,21	3,3,14,7,2,2,4,3,9,4	30,23,27,18,16,17,24,17,33,17	15,5,3,11,10,5,8,9,5,7	220	129
371	17,28,26,23,18,14,17,23,21,13	39,22,26,27,30,15,13,23,23,11	39,21,17,19,36,18,32,27,18,13	36,23,24,28,25,27,40,18,16,16	168	195
372	38,26,36,33,40,33,22,38,33,28	14,27,20,26,38,22,16,27,18,17	36,30,49,35,37,18,42,30,25,30	27,18,16,20,23,21,29,20,30,22	220	197
373	1,3,0,2,4,0,2,2,0,1	1,0,3,5,1,2,2,0,2,3	4,4,3,2,3,9,4,7,0,3	1,2,4,2,3,1,3,0,2,0	220	129
374	9,4,9,5,14,7,5,2,7,7	236,261,301,277,258,187,192,217,213,237	7,4,10,11,7,3,3,6,5,10	261,236,243,249,266,228,279,200,193,215	246	579
375	5,6,3,8,6,5,5,2,3,7	1,2,0,1,4,0,5,0,2,1	4,2,6,3,8,7,2,7,4,3	2,0,0,1,3,2,4,1,4,5	173	95
376	0,0,0,0,0,0,0,0,0,0	101,112,108,113,125,134,99,109,103,117	0,0,2,0,0,0,0,0,0,0	153,110,103,127,102,114,119,112,130,159	115	142
377	27,22,32,34,24,30,34,35,42,37	101,112,108,113,125,134,99,109,103,117	27,43,51,21,31,36,44,37,40,55	153,110,103,127,102,114,119,112,130,159	142	142
378	5,13,5,10,11,3,11,15,12,7	49,44,46,48,50,54,44,34,42,48	3,8,11,11,12,7,12,14,15,17	66,49,56,44,30,46,42,63,58,62	163	142
379	27,22,32,34,24,30,34,35,42,37	0,0,0,0,0,0,0,0,0,0	27,43,51,21,31,36,44,37,40,55	0,0,2,0,0,0,0,0,0,0	142	115
380	16,18,18,18,7,9,10,12,9,12	18,28,21,26,26,18,17,22,24,20	15,14,13,21,18,17,16,16,23,14	24,16,16,29,16,24,19,25,23,25	203	247
381	27,30,38,33,25,19,12,25,26,24	19,32,28,27,18,18,14,23,26,21	26,26,19,42,18,30,23,30,26,24	25,18,26,25,29,24,28,22,26,17	247	246
382	16,23,24,25,17,5,16,18,21,16	122,118,148,143,136,57,89,84,87,89	28,8,19,31,24,23,23,17,18,12	150,114,108,112,145,125,147,88,101,48	192	381
383	33,40,44,38,30,27,29,26,34,28	84,121,104,111,76,79,71,91,83,90	33,25,30,30,37,42,46,29,28,16	123,83,77,95,104,98,118,88,92,66	134	186
384	4,13,3,8,17,3,6,7,13,1	95,103,100,102,98,65,60,104,91,102	7,5,6,9,18,11,13,13,13,5	95,80,103,93,103,119,115,84,99,56	96	160
385	83,80,94,82,65,58,71,64,96,87	457,551,565,640,574,412,473,428,447,530	90,91,69,82,111,81,97,93,82,68	517,511,489,532,621,594,628,501,543,449	126	222
386	395,459,442,463,448,336,389,353,412,414	474,654,537,616,513,427,419,451,506,534	468,414,388,441,527,560,483,442,439,341	532,537,526,608,635,586,679,597,620,489	222	246
387	395,459,442,463,448,336,388,352,412,414	337,447,357,404,337,299,294,290,330,358	468,413,388,441,526,554,483,442,440,341	370,347,320,375,433,411,419,376,404,295	222	246
388	395,459,442,463,448,336,388,352,412,415	315,447,410,441,409,375,331,334,346,413	468,413,389,441,526,554,483,442,440,341	386,387,435,411,438,457,478,424,459,368	222	201
389	540,702,625,743,610,496,500,505,532,624	315,447,410,441,409,375,332,335,345,413	596,604,586,658,726,673,762,615,671,529	386,388,435,411,439,462,478,424,459,368	246	201
390	540,702,625,743,610,496,500,505,532,624	200,272,243,271,248,203,189,188,202,229	596,604,586,658,726,673,762,615,671,529	196,205,265,237,260,258,271,250,268,204	246	137
391	47,34,44,40,45,24,33,36,41,42	42,34,33,48,31,30,26,40,28,29	47,31,35,41,42,33,43,50,42,41	46,30,38,42,44,35,41,38,43,42	282	230
392	54,70,50,66,57,63,52,55,69,65	89,104,84,74,77,95,86,80,69,105	50,62,47,64,56,57,67,60,90,72	90,75,90,78,68,88,102,81,101,136	101	142
393	54,70,50,66,57,63,52,55,69,65	136,162,140,135,137,174,144,132,124,155	50,62,47,64,56,57,67,60,90,72	132,146,144,129,122,136,174,160,166,216	101	181
394	5,3,7,4,5,6,5,4,10,8	134,159,138,135,135,174,144,129,122,153	9,6,8,7,11,10,13,13,11,7	131,145,143,125,120,134,171,160,164,214	101	181
395	54,70,50,66,57,63,52,55,69,65	137,166,145,146,143,184,150,137,130,164	50,62,47,64,56,57,67,60,90,72	138,149,150,135,126,140,184,166,174,224	101	266
396	165,104,148,142,133,145,124,154,167,195	4,5,0,2,1,10,2,0,3,2	141,147,124,147,203,195,191,212,224,244	2,3,2,2,0,2,4,2,1,5	264	101
397	54,33,44,53,39,41,39,56,52,45	51,55,57,69,59,73,49,53,67,70	39,57,53,36,52,62,43,69,71,65	55,52,48,64,68,57,67,52,74,72	204	101
398	3,6,3,1,3,7,4,3,1,4	40,41,55,73,42,31,32,51,54,59	5,3,4,7,3,7,4,1,3,3	54,48,37,48,35,36,62,50,45,37	95	256
399	33,42,44,41,45,50,37,46,45,43	81,89,97,99,60,97,58,79,65,68	59,54,36,39,33,41,50,37,56,64	101,80,64,87,73,71,87,73,95,78	180	244
400	33,42,44,41,45,50,37,46,45,43	82,87,95,98,59,97,58,77,64,68	59,54,36,39,33,41,50,37,56,64	100,80,64,87,73,71,85,73,94,76	180	233
401	33,39,44,41,44,50,37,46,45,43	75,53,61,66,69,76,50,62,57,67	59,52,36,39,34,41,50,37,56,64	84,57,56,70,67,58,56,62,62,73	180	170
402	41,51,49,48,41,50,33,38,48,62	71,76,79,79,61,65,67,67,71,89	48,41,32,36,56,61,59,39,43,35	62,65,66,64,84,73,90,62,81,86	167	177
403	114,97,140,99,95,42,81,94,75,142	115,108,125,100,91,37,84,81,102,158	143,114,148,109,194,192,187,134,76,60	141,88,132,99,205,180,148,121,99,63	621	768
404	61,83,48,70,52,58,46,48,61,55	0,1,1,0,0,0,0,0,0,2	64,52,60,65,86,56,58,54,61,41	0,0,1,0,0,0,2,0,1,1	385	86
405	61,83,48,70,52,58,46,48,61,55	3,3,2,1,2,0,1,0,1,1	64,52,60,65,86,56,58,54,61,41	0,3,3,3,2,2,0,5,0,0	385	142
408	16,10,17,11,18,9,7,6,13,12	38,46,45,65,47,42,42,46,34,34	8,12,14,13,12,10,13,15,9,12	55,37,31,44,44,44,39,58,53,48	141	243
409	33,45,41,45,30,46,35,41,32,49	51,54,62,73,55,67,52,51,46,56	54,25,44,35,51,49,44,36,52,51	66,73,50,59,81,61,68,52,89,81	169	265
410	38,29,33,44,24,25,27,23,21,30	19,28,10,23,17,15,13,19,21,26	32,18,29,36,37,25,37,18,37,21	17,19,14,18,24,24,16,12,18,26	167	191
411	98,86,77,99,84,33,49,64,67,65	80,68,93,86,78,21,46,34,48,38	80,58,77,67,129,99,106,86,51,25	81,56,48,53,108,67,76,55,30,21	204	194
412	44,45,52,54,58,52,39,60,56,68	71,76,84,86,62,84,70,52,68,103	52,70,51,56,75,64,50,59,76,59	65,69,56,83,90,73,77,74,98,82	128	141
413	200,235,233,254,222,206,199,226,218,264	311,325,334,350,300,349,302,332,319,376	222,215,178,235,205,231,243,230,238,254	304,317,318,361,315,336,381,311,383,442	229	217
414	54,70,63,74,60,29,49,40,37,47	38,40,59,59,60,31,23,28,33,42	60,44,55,51,61,54,45,39,37,39	52,52,42,51,56,52,52,40,40,26	139	171
415	30,18,23,36,29,20,26,26,18,26	21,18,16,22,10,12,14,10,9,17	25,19,28,26,32,25,16,25,20,18	17,10,13,15,22,19,11,9,9,9	215	130
416	18,15,20,12,16,19,13,16,13,21	21,21,20,32,21,20,25,12,17,18	14,13,12,12,14,13,14,12,18,10	30,15,23,25,29,19,13,16,20,18	212	215
417	2,5,5,3,6,5,1,1,2,2	15,11,9,8,8,4,7,6,6,5	2,1,3,3,1,1,1,1,1,0	8,9,5,10,10,6,10,9,1,5	124	222
418	25,12,25,22,14,29,14,23,23,15	41,53,47,36,32,48,30,35,51,46	22,21,18,25,18,27,16,15,10,26	35,38,40,46,34,43,42,36,37,31	167	196
420	22,22,32,37,23,19,30,30,28,25	11,5,14,5,4,8,7,7,6,8	25,14,20,16,27,26,37,24,21,13	10,8,7,8,7,13,9,8,6,11	200	196
421	30,33,25,41,35,28,28,29,34,37	27,25,40,25,31,32,37,30,35,24	43,38,24,38,35,28,40,39,27,36	30,36,38,38,41,28,28,33,38,33	179	158
423	7,8,15,11,7,7,4,8,10,10	43,30,45,40,33,38,36,41,43,32	11,2,2,10,9,12,10,8,9,6	37,38,34,29,43,34,41,29,44,31	168	208
424	7,13,17,22,4,7,14,12,13,20	8,5,5,5,3,3,9,8,6,6	17,14,10,7,13,8,12,11,9,6	10,10,5,13,6,4,6,2,12,11	153	180
425	7,13,17,22,4,7,14,12,13,20	5,4,3,4,2,5,9,2,1,3	17,14,10,7,13,8,12,11,9,6	6,4,4,10,3,2,3,2,5,6	153	182
426	36,38,42,28,29,43,36,50,34,51	167,168,177,172,134,171,136,127,144,161	42,42,38,38,39,46,57,54,42,30	147,155,147,123,174,135,139,138,155,131	146	163
428	70,62,71,84,80,70,73,66,65,37	148,126,182,132,176,102,108,116,117,111	72,59,49,45,62,48,63,63,60,61	138,107,101,123,126,149,154,112,149,98	243	267
429	126,97,164,120,154,95,111,96,101,98	86,92,131,89,94,65,71,93,97,93	113,101,80,111,113,116,138,97,125,94	92,77,67,63,96,90,100,49,80,86	267	219
430	0,0,0,0,0,0,0,0,0,0	73,103,94,80,83,83,65,52,61,49	0,1,0,0,0,0,0,0,0,0	62,74,45,58,82,61,83,88,101,68	119	250
431	3,7,5,11,8,9,1,4,8,4	79,109,99,85,86,90,71,54,62,52	2,5,4,5,4,11,4,8,6,9	63,77,50,65,96,65,88,100,105,79	119	250
432	0,0,0,0,1,0,0,0,0,0	3,3,2,2,3,2,1,4,2,2	1,0,0,0,0,0,0,0,0,1	2,6,2,0,5,0,0,2,3,7	107	119
433	268,277,281,299,283,138,141,199,214,198	289,337,332,321,307,161,209,263,233,281	251,204,205,244,255,199,280,187,171,103	355,286,271,264,356,298,363,248,200,158	155	218
434	70,86,100,96,71,69,75,64,79,84	55,42,44,54,46,44,35,45,48,51	66,69,67,93,71,87,87,77,105,125	47,51,52,44,47,61,57,60,58,65	182	190
435	5,2,2,3,4,5,0,3,10,5	2,1,3,1,0,1,0,2,4,0	2,8,4,2,3,4,2,8,3,3	2,0,1,3,0,0,1,1,4,1	97	158
436	2,0,0,0,0,1,0,0,1,0	2,1,3,1,0,1,0,2,4,0	0,0,0,0,0,0,0,0,0,0	2,0,1,3,0,0,1,1,4,1	162	158
437	9,6,6,4,6,2,5,2,4,5	5,5,3,1,6,3,2,4,3,6	5,5,4,0,8,1,8,5,6,4	5,5,0,5,3,3,4,1,6,2	290	207
439	62,64,69,58,62,29,43,37,61,38	71,79,64,72,77,32,49,63,61,67	52,47,46,60,74,51,55,53,33,17	84,45,60,100,55,78,98,78,48,22	192	157
440	8,7,7,2,2,10,10,8,10,14	16,25,23,16,23,22,15,18,24,15	11,11,14,8,6,6,15,8,3,8	33,26,10,13,22,10,17,24,14,17	254	233
441	147,147,119,130,119,107,72,120,115,118	48,100,52,63,38,56,43,50,56,45	118,145,92,159,117,119,139,124,127,132	48,54,43,87,47,65,72,70,71,62	234	213
442	28,52,53,45,34,17,18,22,33,26	28,51,37,43,38,28,20,44,33,22	29,25,22,31,25,34,44,27,20,27	30,28,20,27,27,34,33,42,15,22	222	229
443	18,25,20,24,18,17,9,14,15,16	19,36,30,30,20,12,11,15,21,15	29,23,14,11,21,22,25,25,11,14	12,13,17,25,15,13,21,16,12,17	214	222
444	3,1,0,1,1,0,1,0,0,0	0,0,2,3,3,2,1,3,1,3	2,0,1,0,0,1,1,2,1,0	1,0,0,0,1,0,1,0,0,3	156	147
445	4565,4608,4750,4733,4126,4733,3842,4325,4271,4815	5746,6452,6602,6912,6070,7713,5950,6328,6118,7194	4721,4456,4214,4454,4648,4385,4622,4147,4749,5002	6473,6470,6183,6611,6184,6474,6783,6167,7413,8217	273	306
446	40,50,62,38,46,52,41,24,33,38	0,2,1,1,0,1,0,2,1,1	44,32,35,27,38,41,46,27,43,46	0,0,0,3,0,1,1,1,0,0	186	160
447	106,148,141,128,96,91,91,104,102,127	31,32,45,31,33,37,33,16,21,27	121,113,99,151,102,137,163,114,113,125	37,22,24,19,25,19,34,19,33,35	186	186
448	204,285,275,308,278,190,205,268,219,241	57,69,72,55,46,35,43,53,49,36	260,234,227,267,244,252,257,226,253,222	57,50,53,74,56,59,82,55,48,67	186	186
449	165,234,201,242,220,152,150,214,169,190	39,49,44,34,31,29,27,32,27,30	217,181,183,207,172,190,200,175,204,164	31,29,33,37,43,38,42,25,30,41	186	186
450	8,8,13,7,8,8,7,7,14,7	110,135,120,152,121,88,98,106,131,130	12,7,2,9,11,7,11,5,8,4	128,118,97,104,117,126,151,131,99,138	169	162
451	338,422,322,381,390,262,289,324,359,353	155,165,191,178,159,109,110,137,180,162	341,335,297,424,422,386,427,362,305,235	147,170,164,197,207,161,208,172,181,157	210	157
452	167,138,154,172,152,133,119,150,135,161	87,84,79,84,82,96,61,57,84,82	188,150,165,148,156,153,150,139,169,134	86,83,59,69,86,62,82,75,93,52	168	133
453	82,99,93,80,92,78,52,85,83,75	101,87,109,119,116,91,83,104,114,108	76,98,82,83,100,83,104,77,62,94	88,99,92,103,90,87,108,97,105,90	143	168
454	180,193,161,181,145,163,139,166,163,160	130,108,116,120,112,102,95,116,101,124	182,158,140,157,156,139,201,151,141,164	153,122,125,116,117,110,110,103,128,113	188	143
455	184,216,192,207,141,154,155,159,186,193	155,161,137,161,136,117,147,120,148,159	195,184,157,197,172,211,187,179,206,168	135,165,136,145,175,152,159,154,157,149	258	141
456	162,193,163,188,125,135,136,137,162,175	146,183,147,162,145,133,147,147,132,164	184,163,143,181,159,196,170,161,184,149	162,145,146,171,127,144,168,173,172,189	258	243
457	104,158,126,109,133,100,105,92,101,115	102,97,101,101,102,62,90,95,78,107	116,106,111,130,123,112,126,108,92,84	109,82,84,103,116,91,117,83,82,59	123	114
458	94,98,104,106,106,85,84,92,78,80	97,96,105,96,105,59,87,98,77,105	88,96,97,87,91,108,112,91,89,74	104,81,83,101,111,94,119,84,84,59	114	114
459	12,16,19,13,15,6,7,7,15,11	22,18,33,29,23,21,23,26,22,23	8,9,8,7,2,9,12,5,7,4	23,16,12,18,30,36,44,5,11,4	131	211
460	76,79,71,81,74,54,70,69,55,72	1,2,1,2,1,2,2,1,0,2	89,84,77,69,75,78,71,59,77,58	0,0,0,2,3,1,1,2,0,0	393	189
461	79,81,75,83,76,56,72,73,56,74	1,2,3,5,2,2,2,1,0,2	91,85,77,68,77,79,73,61,78,61	0,0,0,2,2,1,1,4,1,0	393	189
462	3,4,3,5,7,3,3,2,3,4	0,4,4,1,4,2,0,1,1,2	2,0,2,2,0,5,3,12,1,1	0,2,2,3,4,2,0,1,4,0	189	207
463	3,3,5,7,4,2,2,2,3,4	33,26,39,43,18,23,27,23,16,39	0,0,2,2,0,3,1,7,2,1	30,29,33,29,21,29,33,23,29,35	189	157
464	0,2,1,2,6,2,0,3,0,0	12,17,26,26,15,14,14,11,6,17	0,0,0,1,3,2,2,1,1,0	20,9,13,13,8,19,21,20,14,20	207	157
465	2,1,3,2,1,2,1,1,2,0	31,37,31,37,33,33,28,22,31,21	1,0,1,1,0,1,2,0,0,2	28,26,18,27,37,23,23,18,28,23	120	279
466	61,79,70,98,62,21,30,33,40,46	24,24,34,27,28,6,11,19,21,14	65,50,66,63,87,62,52,29,37,27	26,20,20,25,22,26,29,12,10,12	306	128
467	49,44,61,51,43,51,49,52,62,75	50,45,59,66,54,59,53,49,58,58	47,45,43,39,64,51,59,62,46,56	50,45,42,60,45,53,65,54,41,64	219	187
468	51,61,52,84,73,63,54,57,61,80	56,58,57,64,47,67,57,69,62,87	68,55,79,67,74,79,75,64,76,78	53,50,53,52,57,54,71,69,66,68	262	219
469	39,29,19,27,21,20,25,25,27,14	41,33,41,51,55,28,29,48,36,29	27,30,31,20,33,21,36,13,18,13	49,36,38,39,36,30,40,31,28,29	183	228
470	0,1,1,0,0,1,0,0,0,0	0,0,0,0,0,0,0,0,1,1	0,0,0,0,2,1,1,0,0,1	0,0,1,0,0,0,0,0,0,0	234	106
471	7,6,4,6,8,2,3,6,2,1	1,1,2,7,1,1,2,1,1,4	10,10,3,3,11,2,7,2,4,0	0,0,1,0,5,4,3,2,0,0	170	132
473	27,23,38,35,27,16,29,26,34,20	11,15,14,17,15,10,13,10,13,15	33,32,28,24,40,35,25,18,23,15	21,10,12,13,12,18,14,10,6,2	238	148
474	75,104,103,111,80,38,35,56,55,48	53,49,50,73,61,14,39,33,30,40	93,57,60,55,98,84,88,69,48,24	46,43,34,40,63,44,51,26,32,15	402	233
475	60,78,77,85,58,71,61,64,75,74	127,122,142,160,107,107,116,87,127,133	68,74,56,80,80,63,76,73,73,81	142,114,115,103,149,118,121,127,128,144	130	159
476	8,13,20,22,17,18,10,20,24,26	89,75,91,90,78,84,56,65,71,81	21,16,15,25,28,15,26,18,30,24	60,85,69,84,85,83,73,57,80,94	143	130
477	11,10,13,0,4,1,8,4,19,17	2082,2430,2402,2490,2268,2124,2068,2243,2174,2689	13,5,6,14,42,45,32,13,10,8	2285,2253,2272,2267,2595,2349,2692,2358,2483,2185	132	283
478	7161,8601,8529,8757,8288,5726,6243,6903,7038,7605	2083,2425,2399,2486,2269,2124,2060,2241,2167,2685	7812,7252,6825,7515,9239,8057,8802,7021,7149,5201	2280,2250,2272,2264,2586,2333,2690,2356,2475,2183	2436	283
479	1244,1415,1376,1467,1318,1232,1179,1321,1276,1513	1867,2171,2112,2182,1910,1877,1930,1936,1936,2324	1326,1337,1335,1280,1507,1413,1598,1390,1444,1286	2019,1989,1958,1967,2189,2037,2224,2042,2135,1904	283	214
480	1403,1585,1570,1673,1456,1413,1322,1489,1425,1709	1867,2171,2112,2182,1910,1877,1930,1935,1936,2324	1484,1492,1498,1432,1677,1592,1759,1546,1580,1445	2019,1989,1958,1967,2189,2038,2224,2042,2135,1904	283	214
481	1713,1794,1846,1952,1745,1600,1606,1717,1718,2013	1867,2171,2112,2182,1910,1877,1930,1935,1936,2325	1777,1721,1783,1724,2008,1851,2082,1854,1919,1698	2019,1991,1958,1967,2190,2037,2225,2043,2137,1904	283	214
482	179,207,207,188,196,169,133,171,172,240	59,58,78,64,67,56,49,56,54,63	174,190,154,193,185,193,201,169,201,187	68,66,57,66,73,62,59,49,68,57	203	154
483	67,74,73,71,76,67,63,67,69,67	166,156,148,146,130,122,104,149,125,175	80,94,65,68,59,63,79,66,67,71	127,159,135,117,153,140,151,122,132,143	131	203
484	0,0,0,0,0,0,0,0,0,0	166,156,148,146,130,122,104,149,125,175	0,0,0,0,1,0,0,0,0,0	127,159,135,117,153,140,151,122,132,143	114	203
486	7,2,4,8,8,5,5,3,6,3	5,7,9,3,10,1,6,4,6,5	6,7,9,2,10,5,3,9,5,2	4,5,3,6,4,8,7,6,4,3	168	123
487	31,52,52,42,45,17,25,33,24,33	58,59,63,52,58,22,17,46,27,42	43,31,30,35,29,42,41,42,33,17	52,48,40,41,61,49,45,43,41,15	225	269
488	34,12,26,27,15,4,15,10,17,7	19,15,8,15,14,0,4,13,11,8	19,21,12,13,22,18,16,10,7,0	14,9,5,5,13,13,22,11,6,1	127	157
489	66,54,68,57,62,55,43,72,68,56	23,25,17,25,13,11,11,16,22,16	67,47,56,62,71,58,80,45,61,50	14,17,14,17,22,18,22,11,17,11	246	118
490	131,155,158,189,138,108,107,118,135,109	121,143,145,143,148,97,98,93,107,126	154,146,112,159,170,141,174,147,96,100	123,106,116,151,129,121,147,109,120,105	183	168
491	29,39,40,28,29,31,18,31,41,28	40,50,37,32,50,39,33,34,44,39	26,31,24,39,48,35,34,31,30,20	40,39,38,39,54,45,70,40,51,49	100	108
492	5,3,9,9,5,5,2,1,3,5	27,16,19,9,16,8,8,13,12,18	10,7,1,4,8,9,10,7,0,4	16,17,11,22,24,18,13,4,9,4	114	186
493	627,638,643,662,581,510,481,540,518,605	531,624,625,734,621,603,479,570,536,654	617,537,507,505,624,566,602,514,499,448	585,551,515,557,609,584,620,515,573,531	402	343
494	627,638,643,662,581,510,481,540,518,605	539,629,632,743,628,611,483,579,546,665	617,537,507,505,624,566,602,514,499,448	595,559,523,567,619,586,632,525,579,537	402	348
495	9,4,9,5,9,3,4,4,6,6	33,24,23,35,24,19,21,22,21,28	10,4,3,5,7,8,3,3,4,3	27,15,7,17,36,20,25,22,33,19	152	288
496	0,0,0,0,0,0,0,0,0,0	1,0,0,0,0,0,0,0,0,0	1,0,0,0,0,1,0,0,0,0	0,0,0,0,0,0,0,0,0,0	121	122
497	0,0,0,2,0,0,0,0,0,0	1,0,0,0,0,0,0,0,0,0	0,1,0,1,0,0,0,0,0,0	0,0,0,0,1,1,0,1,0,0	122	137
498	444,548,559,537,481,312,350,391,368,449	258,377,389,402,393,212,268,289,264,324	528,377,443,469,568,525,550,428,339,280	331,284,297,317,371,341,384,266,236,192	308	201
499	313,419,407,404,414,234,247,270,287,304	317,402,406,387,397,235,263,271,326,351	352,291,321,328,416,351,373,306,265,227	305,298,305,339,390,366,406,283,280,251	201	210
500	25,29,28,37,15,20,19,31,21,26	23,13,15,14,16,23,17,13,21,20	17,29,24,16,18,36,26,27,26,32	14,15,16,13,28,14,22,19,20,18	111	108
501	132,144,113,159,137,110,117,139,137,129	44,38,42,30,36,38,37,36,33,37	124,126,114,127,139,151,147,158,129,105	27,39,33,42,37,38,54,40,36,52	217	143
502	0,0,0,0,0,0,0,0,0,0	102,124,141,131,99,84,98,95,105,102	0,0,0,0,0,2,1,0,0,1	88,124,105,108,131,116,148,101,95,91	160	160
503	219,288,280,244,252,112,132,175,184,171	64,77,78,131,103,52,63,82,77,57	232,176,185,197,270,244,263,165,145,104	93,72,73,98,108,92,87,57,42,35	269	159
504	225,225,224,275,227,241,242,248,217,268	179,218,268,211,217,256,188,200,189,236	278,234,233,264,285,260,254,223,238,284	230,214,204,201,284,221,252,197,256,273	230	171
505	105,134,114,140,103,125,109,132,130,179	246,261,249,320,283,273,278,269,251,308	130,114,101,108,100,127,124,123,146,143	324,281,253,273,301,269,325,266,276,347	138	230
506	140,173,189,193,140,201,153,176,153,201	86,73,78,97,74,104,89,94,72,109	180,170,178,169,229,190,184,184,203,199	82,73,78,93,109,97,78,67,89,98	190	138
507	0,0,0,0,2,0,0,0,0,0	1,1,0,1,0,0,1,3,0,0	1,0,1,1,0,1,0,1,0,0	1,0,0,1,0,0,0,0,2,1	170	212
508	44,40,39,51,42,36,42,34,41,49	13,9,16,10,17,9,14,8,7,19	32,48,36,36,31,46,40,35,41,39	11,18,8,14,19,9,14,16,20,10	191	141
509	2,1,4,6,3,2,1,1,3,2	12,9,17,12,15,9,14,8,7,19	2,3,2,1,2,2,3,1,4,2	9,17,8,15,18,8,12,16,18,10	191	141
510	159,195,190,175,171,115,137,173,111,178	221,202,286,226,240,177,174,207,213,222	196,158,165,158,198,191,174,129,147,131	225,211,184,199,236,231,196,196,202,166	192	240
511	5,1,2,6,1,3,0,7,2,3	1,0,0,0,0,0,0,1,0,0	3,4,4,5,3,2,4,0,6,3	0,0,0,0,0,0,1,0,1,0	94	164
512	161,221,198,196,182,109,135,120,143,127	543,493,618,678,661,283,458,422,457,468	185,137,152,172,179,191,171,138,113,102	667,430,536,439,662,560,606,469,391,225	198	267
513	20,24,23,30,16,7,11,25,19,12	29,30,23,18,23,10,12,15,25,15	19,19,22,23,25,16,29,12,14,8	17,16,25,21,33,16,26,16,14,10	220	202
514	12,17,12,15,13,3,9,4,9,11	18,15,25,28,18,8,16,20,19,14	13,5,10,16,7,12,19,12,8,6	15,14,19,23,29,11,21,18,21,10	127	225
515	67,79,55,80,85,63,64,49,68,82	45,48,40,58,77,34,53,53,48,55	64,64,50,71,71,57,78,51,57,62	53,46,44,41,37,42,48,51,40,40	255	197
516	99,144,120,143,125,75,95,113,106,112	92,158,120,165,123,92,84,97,89,99	131,118,105,120,134,97,147,138,113,84	135,131,101,126,107,106,145,131,112,82	240	129
517	34,55,32,37,35,23,25,25,42,25	32,38,49,54,36,17,23,32,34,38	34,33,32,43,33,25,36,45,34,20	45,29,24,49,42,40,40,41,38,34	174	129
518	32,38,48,54,36,17,24,32,35,38	106,155,138,121,113,95,92,105,77,107	45,29,24,49,42,40,40,41,38,34	134,113,100,145,132,97,140,130,100,90	129	126
519	22,15,21,28,24,11,11,19,28,24	173,218,193,225,188,188,146,169,183,179	20,20,12,20,17,26,20,26,13,12	201,216,161,183,210,209,248,214,195,185	175	109
520	15,22,28,45,31,30,24,25,22,25	126,163,155,157,164,138,138,135,140,156	31,35,40,34,33,37,33,38,28,25	136,162,139,191,145,163,150,163,172,175	111	126
521	3,0,2,1,3,3,2,0,0,3	126,163,155,157,164,138,138,135,140,156	2,2,2,1,0,2,4,2,2,3	136,162,139,191,145,163,150,163,172,175	96	126
522	75,92,77,77,73,73,58,61,84,77	280,339,332,364,313,310,299,327,307,394	93,70,55,94,78,80,102,78,101,68	340,337,316,363,361,387,410,349,346,385	126	177
523	22,15,15,12,11,4,12,6,14,17	25,17,24,17,21,11,9,3,12,15	12,6,18,11,24,19,21,6,6,4	24,16,18,15,23,12,26,15,6,2	133	195
524	357,328,347,383,360,288,285,331,327,371	627,770,736,766,750,674,675,572,692,807	338,325,282,274,392,325,377,319,294,329	689,707,674,618,723,659,800,719,765,645	179	274
525	158,171,159,212,158,126,159,128,167,169	355,410,383,385,380,297,318,320,311,373	151,128,140,149,171,137,163,142,161,152	343,317,322,371,384,377,375,374,365,354	186	179
526	319,394,360,386,367,273,317,271,319,335	356,410,383,387,381,298,318,320,311,373	339,302,333,313,397,320,374,288,303,327	344,317,323,371,384,378,375,375,365,355	186	179
527	1743,1856,1925,2079,1690,1429,1558,1631,1712,1743	3089,3701,3594,4084,3573,3261,3196,3371,3255,3836	1833,1749,1669,1705,1933,1805,2049,1675,1724,1367	3525,3409,3446,3490,3748,3583,3985,3520,3634,3477	215	434
528	1743,1856,1925,2079,1690,1429,1558,1631,1712,1743	1647,1951,1937,2154,1917,1855,1757,1817,1746,2103	1833,1749,1669,1705,1933,1805,2049,1675,1724,1367	1841,1831,1866,1926,1907,1932,2119,1976,1934,1918	215	185
529	1736,2111,2048,2265,1990,1943,1895,1921,1901,2259	1131,1230,1284,1457,1247,1332,1163,1225,1224,1403	2014,1923,1910,1997,2068,1986,2292,2072,2050,2060	1255,1269,1237,1301,1319,1275,1360,1338,1433,1419	219	213
530	1744,2128,2059,2280,2001,1953,1902,1934,1920,2276	1167,1255,1311,1372,1111,1340,1102,1157,1289,1315	2032,1930,1915,2007,2087,1997,2308,2087,2059,2078	1179,1176,1185,1253,1275,1242,1371,1223,1396,1507	759	165
531	667,857,805,929,840,794,766,750,747,924	1167,1256,1312,1373,1112,1341,1103,1156,1290,1320	865,828,736,849,867,816,873,857,884,850	1179,1176,1186,1254,1276,1242,1372,1224,1396,1508	213	165
532	49,38,65,34,33,26,32,34,41,51	53,67,59,61,40,38,41,39,51,36	66,39,39,37,62,54,66,55,42,34	64,55,63,47,63,64,67,49,34,45	256	158
533	10,17,13,6,11,7,5,8,6,13	75,67,65,82,75,19,44,43,58,54	8,11,2,9,8,14,11,8,6,3	58,62,47,68,93,47,68,63,40,22	132	169
534	364,442,402,410,371,427,354,358,387,475	231,268,275,287,212,272,238,239,260,293	410,367,346,415,446,395,456,483,435,460	284,269,233,270,252,280,293,269,316,289	201	157
535	31,39,45,30,57,34,36,41,31,44	10,8,7,10,9,7,8,9,9,10	44,40,40,15,38,40,44,49,46,40	13,10,13,6,6,10,7,8,9,4	266	171
536	51,67,68,60,54,54,48,52,47,49	83,78,101,99,86,69,57,68,80,72	57,58,41,56,58,61,54,76,57,48	65,81,82,83,90,71,93,87,74,96	224	237
537	9,11,9,1,3,1,4,6,6,13	107,152,99,142,122,131,98,100,118,125	2,3,5,5,8,15,14,4,11,3	136,112,103,101,111,121,115,128,108,112	108	197
538	17,9,13,20,10,16,16,14,12,13	21,18,26,27,20,45,36,31,27,27	13,14,6,12,19,15,19,20,12,15	13,39,29,28,39,22,27,29,41,36	246	236
539	80,109,97,99,95,71,53,75,79,87	123,146,155,155,160,97,118,127,117,160	73,76,88,89,103,84,113,84,73,63	126,136,148,127,174,140,165,152,140,112	132	155
540	62,46,68,67,64,46,48,57,47,55	102,79,97,95,109,63,79,113,85,94	80,43,53,40,71,52,64,51,49,45	118,87,74,78,81,84,94,98,106,70	266	258
541	90,87,82,87,104,63,69,105,82,100	143,110,141,150,116,106,100,142,122,124	118,87,79,74,87,68,88,106,98,69	178,103,89,116,110,106,130,111,128,122	258	289
542	45,70,75,78,84,59,66,59,58,69	28,34,35,41,38,43,38,50,33,41	85,56,45,61,81,57,73,60,76,73	56,41,39,39,59,41,51,47,60,55	174	180
543	46,73,78,82,89,63,70,62,62,71	7,18,19,13,11,14,14,13,11,17	88,61,48,62,82,61,78,63,76,80	19,12,8,14,10,9,6,13,21,17	174	96
544	58,66,73,65,69,60,73,68,77,84	27,40,43,36,29,31,38,37,40,41	83,65,61,55,61,55,84,70,84,79	39,19,19,30,38,28,40,33,31,43	151	180
545	58,66,73,65,69,60,73,68,77,84	7,18,19,13,12,14,14,13,11,16	83,65,61,55,61,55,84,70,84,79	19,12,8,15,11,9,6,13,20,17	151	96
546	27,40,43,36,29,31,38,37,40,41	7,18,19,13,12,14,14,13,11,16	39,19,19,30,38,28,40,33,31,43	19,12,8,15,11,9,6,13,20,17	180	96
547	87,68,70,88,88,83,72,89,80,76	140,142,144,142,139,142,126,110,137,148	73,90,71,69,98,84,83,74,85,74	116,120,133,141,159,137,171,118,138,124	153	108
548	331,381,445,416,393,299,320,326,309,361	261,253,284,288,300,211,222,218,247,239	438,313,373,330,406,383,423,342,389,278	278,233,228,230,324,307,314,237,274,192	196	207
549	8,10,5,6,8,7,5,3,12,7	9,8,9,5,5,4,7,10,6,10	8,10,4,4,3,8,11,3,9,5	1,6,4,13,4,7,10,9,11,6	264	111
550	468,468,525,565,531,528,412,531,552,528	374,390,402,430,365,440,328,408,408,424	557,524,505,498,548,496,617,521,601,594	459,388,433,409,398,430,431,424,443,461	199	158
551	72,75,92,96,71,103,80,97,91,88	77,63,49,89,76,57,62,62,75,82	93,107,73,67,89,97,93,99,102,108	62,84,70,74,71,77,87,77,82,99	169	168
552	101,99,128,141,96,87,91,103,92,121	319,330,368,355,339,229,243,280,287,366	98,100,104,110,128,89,114,100,105,72	366,306,316,269,338,260,356,255,281,208	294	498
553	65,56,67,76,56,50,60,51,48,65	319,330,368,355,339,229,243,280,287,366	52,59,59,73,70,59,64,55,61,46	366,306,316,269,338,260,356,255,281,208	252	498
554	38,43,43,56,37,45,31,42,41,40	9,12,10,12,10,4,8,6,14,12	43,42,50,44,60,30,49,45,41,46	4,10,8,6,11,15,8,7,16,11	205	169
555	34,36,43,36,30,35,29,29,28,24	41,61,39,57,42,43,40,56,55,50	40,27,24,31,41,25,38,36,36,35	52,45,57,57,64,45,59,48,50,59	173	205
557	51,50,33,56,33,27,30,23,42,45	54,61,73,65,62,58,40,60,42,48	35,32,41,41,49,40,60,51,29,22	53,67,60,59,64,62,75,50,38,39	204	196
558	88,102,108,100,100,51,68,80,89,79	74,87,65,53,78,67,49,61,56,60	91,74,88,96,105,92,101,90,70,80	72,53,62,67,72,74,75,54,55,54	280	246
559	132,123,131,142,120,83,90,123,122,134	109,82,117,112,105,83,77,88,90,103	104,89,100,106,140,138,161,124,97,99	97,69,66,89,133,106,134,93,76,69	176	118
560	130,123,131,142,120,83,90,123,121,134	120,106,103,124,105,92,105,83,89,112	104,89,100,106,139,138,161,124,97,99	105,109,110,94,123,97,111,106,105,81	176	162
561	24,29,28,39,29,23,19,30,21,30	104,105,108,116,79,57,80,80,85,80	40,30,23,18,33,37,25,28,21,14	106,56,92,91,137,118,132,88,92,75	138	123
562	43,43,37,37,48,27,23,34,44,42	55,59,58,74,60,32,35,57,35,49	31,25,27,23,40,38,48,42,28,24	61,55,52,58,84,61,65,47,49,35	123	117
563	60,87,83,85,54,37,52,51,66,68	812,828,857,892,801,519,572,643,628,679	65,54,69,68,94,95,102,79,75,47	790,746,741,814,853,789,908,733,646,520	117	315
564	60,85,83,85,54,36,52,49,64,67	448,462,513,566,451,307,339,404,420,390	65,54,69,68,94,95,101,79,76,47	505,429,455,453,475,489,556,474,401,291	117	219
565	653,642,683,700,628,397,448,502,516,530	448,464,513,566,451,308,339,406,422,391	659,553,570,650,724,618,710,564,527,423	505,429,454,453,475,487,557,474,401,291	315	219
566	652,643,683,700,628,397,448,502,516,530	73,62,64,71,64,46,46,71,68,51	659,553,570,650,723,618,710,564,527,423	61,66,51,62,59,62,71,70,66,56	315	140
567	540,532,566,559,531,336,363,406,446,438	448,462,513,566,451,307,339,404,420,390	541,483,493,540,556,486,584,479,438,339	505,429,455,453,475,487,556,474,401,292	315	219
568	616,621,644,738,604,387,447,536,517,501	108,138,107,134,120,74,111,117,117,122	628,560,595,622,620,649,712,592,487,389	139,117,95,113,143,134,130,138,112,79	219	129
569	95,117,137,126,105,91,86,87,79,110	203,252,236,241,205,136,173,188,215,208	110,111,92,91,127,103,137,120,112,60	249,216,181,228,249,244,237,206,200,128	129	168
570	95,116,137,126,106,91,86,87,78,109	123,132,132,145,139,103,107,115,117,113	110,111,92,91,127,100,136,119,112,60	137,108,138,108,139,121,151,103,107,76	129	156
571	114,103,117,118,106,68,82,96,102,93	125,140,141,151,147,105,109,123,121,116	102,105,96,102,113,116,116,106,96,54	139,117,144,121,145,125,156,110,113,81	129	156
572	297,311,280,373,303,221,244,289,302,283	0,1,0,0,1,0,2,1,1,0	338,277,294,280,325,329,349,300,259,201	2,0,0,1,2,3,4,0,1,1	115	118
573	15,18,24,19,21,25,21,21,24,25	39,30,49,50,30,37,36,37,40,46	23,25,15,30,31,18,23,14,23,14	30,42,33,41,37,43,43,39,36,46	114	135
574	11,11,12,11,6,15,10,7,6,15	11,11,9,13,11,5,8,7,9,15	10,12,4,10,7,4,5,4,13,10	10,14,12,13,16,10,9,11,5,14	225	226
575	19,18,20,26,16,27,20,24,21,24	10,13,14,20,7,8,11,6,12,6	21,27,26,16,19,20,32,17,21,38	15,9,11,7,18,6,16,14,13,16	161	159
576	45,32,42,50,50,54,48,45,36,68	37,30,36,33,25,52,27,23,23,26	54,52,46,48,53,42,47,47,50,71	31,35,33,38,31,24,43,25,48,64	248	161
577	45,55,49,62,40,52,47,54,50,52	25,21,28,41,36,29,32,29,25,47	50,61,41,48,48,59,47,59,57,64	36,41,33,30,32,33,39,28,34,59	217	248
578	70,67,61,72,48,63,42,75,50,42	35,39,33,48,39,29,25,30,25,34	59,44,46,48,68,57,53,62,65,67	42,36,33,32,30,33,35,38,57,33	213	185
579	45,39,48,60,39,46,32,49,30,51	40,60,45,62,46,50,26,42,47,47	58,43,32,42,51,49,65,58,59,49	51,41,38,35,52,36,40,47,57,53	231	213
580	322,398,413,372,370,344,319,325,295,414	70,71,84,71,57,73,65,71,58,80	397,354,343,376,380,302,402,342,378,381	63,72,58,76,63,63,75,63,63,58	199	118
581	37,20,25,29,27,21,23,21,38,29	27,27,29,36,32,25,23,36,29,21	31,29,24,22,36,35,28,27,23,33	19,33,27,23,22,25,26,25,32,17	187	160
582	244,327,350,305,252,317,283,271,255,285	516,585,556,578,532,582,501,518,559,574	280,287,294,302,341,284,334,290,310,333	494,493,531,562,560,477,585,544,587,663	168	117
583	12,17,11,8,7,9,5,10,6,9	22,26,13,30,14,22,19,15,9,19	13,5,7,13,16,8,17,6,13,6	16,19,26,21,22,18,20,21,14,11	121	185
584	67,58,59,69,62,63,59,71,59,79	140,178,164,170,212,216,160,182,165,204	64,63,61,72,73,72,105,81,67,59	188,144,191,192,199,167,222,158,201,193	126	132
585	12,32,25,13,32,7,10,6,16,11	199,238,240,225,243,54,115,117,101,98	23,15,12,16,38,19,28,11,9,6	216,165,138,139,289,201,255,116,69,32	167	167
586	42,39,38,30,12,14,21,23,29,53	206,220,227,226,218,95,202,154,178,196	37,25,24,36,43,55,53,40,20,27	210,164,213,186,251,182,232,212,125,104	168	268
587	24,36,28,32,15,31,23,34,33,42	109,126,126,128,101,116,137,156,137,168	35,31,27,32,29,31,30,43,25,32	148,137,138,126,135,142,146,119,155,136	129	195
588	85,63,80,71,50,64,76,87,92,93	49,58,66,66,63,65,57,58,47,74	83,87,78,77,78,72,71,75,79,87	78,67,49,63,52,61,69,57,70,82	195	162
589	72,101,100,102,85,98,101,121,98,123	90,128,107,126,110,152,122,115,127,147	118,92,95,92,104,120,112,94,124,109	143,116,106,140,132,130,147,142,153,154	162	202
590	213,249,244,286,265,193,221,212,227,233	235,243,285,267,266,201,239,215,237,250	224,238,198,264,249,240,280,207,223,154	225,221,218,257,270,248,278,214,221,218	198	192
591	708,748,799,712,621,561,587,620,554,603	381,370,361,356,316,312,278,335,284,294	782,609,627,637,787,647,724,672,623,525	371,285,292,285,337,311,361,309,352,260	126	113
592	339,383,373,378,333,308,271,368,304,373	726,768,776,709,618,613,559,667,646,661	400,348,352,374,376,350,376,352,316,276	767,589,606,668,699,708,732,597,629,594	129	126
593	21,21,26,28,19,15,16,20,28,31	15,19,32,19,12,12,17,18,11,23	29,12,8,26,20,11,26,17,28,27	29,21,23,27,21,17,26,14,25,17	182	195
594	21,21,26,28,19,15,16,20,28,31	9,10,11,5,4,5,6,10,6,10	29,12,8,26,20,11,26,17,28,27	15,7,10,7,6,3,4,4,16,11	182	254
595	21,16,25,13,9,7,13,10,15,13	23,22,17,30,25,14,19,27,20,28	14,9,12,23,21,18,16,13,13,9	22,16,16,28,23,24,33,23,36,22	166	176
596	16,15,22,18,9,24,24,17,17,22	39,38,46,38,33,27,35,23,36,36	18,18,14,20,22,13,22,26,25,15	34,39,48,52,40,53,41,34,36,40	137	95
597	290,273,302,265,270,209,264,234,272,246	198,173,202,191,156,184,150,207,189,201	266,260,300,289,249,259,289,247,292,235	193,173,207,200,183,191,217,186,213,182	156	134
598	396,375,443,409,336,328,326,360,340,423	357,337,348,381,317,294,307,338,305,361	404,313,416,441,402,416,444,387,414,358	380,350,322,406,381,363,363,359,348,317	134	185
599	8,17,8,7,7,5,7,11,11,9	56,57,45,50,43,31,35,38,33,46	8,8,7,9,16,10,5,10,9,10	40,26,25,34,48,52,48,40,45,31	111	205
600	37,50,48,51,53,30,33,42,27,25	15,17,27,24,31,12,11,17,19,20	51,37,48,41,34,49,52,38,17,21	20,27,20,21,20,26,29,19,16,9	239	146
601	44,42,43,36,46,21,16,37,32,28	13,12,21,15,22,2,7,10,7,10	42,28,36,44,52,36,48,29,22,12	8,9,9,9,8,14,15,14,11,7	204	136
602	5,16,10,9,2,4,9,7,7,10	24,16,27,31,24,14,16,24,24,37	17,9,12,11,13,11,11,17,21,12	30,24,24,38,30,27,24,28,29,28	174	228
603	12,10,9,9,13,13,4,9,11,13	6,8,8,3,9,5,5,4,2,4	10,12,12,8,12,4,9,10,5,4	9,4,4,3,2,4,4,8,4,5	114	90
604	32,42,34,34,34,46,23,37,30,41	6,7,8,3,9,5,5,4,2,4	31,30,32,38,30,30,33,41,37,37	8,5,4,3,2,3,4,8,4,5	114	90
605	100,106,125,142,123,95,102,125,83,135	6,7,8,3,9,5,5,4,2,4	119,93,94,117,107,108,135,114,114,87	8,5,4,3,2,3,4,8,4,5	183	90
606	100,106,125,142,123,95,102,125,83,135	32,42,34,34,34,46,23,37,30,41	119,93,94,117,107,108,135,114,114,87	31,30,32,38,30,30,33,41,37,37	183	114
607	74,73,96,108,85,79,74,101,66,98	33,26,33,36,29,18,32,23,21,41	94,81,68,85,80,81,94,91,84,75	25,28,29,23,41,24,34,26,25,27	183	204
608	324,365,415,455,364,332,272,318,331,360	40,28,47,59,43,31,36,42,26,52	390,370,322,392,362,365,443,387,403,364	45,41,23,29,45,42,68,45,40,36	290	183
609	247,258,261,251,244,212,169,255,202,217	0,1,0,0,0,0,1,0,1,0	212,271,194,235,236,221,253,236,229,195	0,0,0,0,1,0,0,0,0,0	96	96
610	31,22,16,34,32,18,17,32,24,32	29,32,22,38,21,35,21,31,32,24	24,32,21,23,24,30,24,17,32,35	30,20,31,44,28,26,36,23,27,35	141	140
611	0,0,1,0,0,0,0,1,0,0	29,32,22,38,21,36,21,31,32,24	0,0,1,0,1,0,2,0,1,1	30,20,29,44,28,26,36,23,27,35	118	140
612	21,29,28,41,37,28,24,28,34,27	29,32,22,38,21,36,21,31,32,24	24,39,26,44,36,31,37,40,33,22	30,20,29,44,28,26,36,23,27,35	170	140
613	15,14,15,8,10,7,19,9,16,13	52,43,52,51,47,48,34,50,40,48	12,7,7,9,9,11,13,14,12,11	55,39,49,53,54,45,55,39,46,54	203	258
614	60,57,46,38,49,28,46,46,43,47	86,99,115,115,108,76,88,119,93,113	38,39,34,37,40,30,64,29,31,28	105,87,92,89,108,89,127,84,78,59	150	228
615	1,2,1,1,1,2,1,1,0,3	31,35,26,30,19,26,28,32,32,33	2,0,5,2,1,4,3,3,2,0	26,39,24,30,36,21,38,27,31,22	152	122
616	1003,1009,1030,1111,1089,941,916,976,988,1139	682,693,761,895,763,666,669,727,771,801	1073,986,1035,1000,1097,1058,1147,1006,1075,969	790,786,744,748,832,752,811,765,857,755	202	170
617	790,805,821,844,743,628,703,738,727,834	683,693,762,895,763,666,670,728,771,800	732,771,767,742,898,807,874,699,784,701	791,788,744,748,833,752,812,765,857,757	206	170
618	83,97,118,92,81,51,55,61,75,68	86,86,111,90,86,36,70,69,55,64	81,61,76,61,123,97,94,76,65,39	95,57,65,91,122,104,85,60,52,44	192	198
619	78,92,80,83,85,60,57,77,80,80	68,76,90,83,65,48,61,60,63,83	90,64,66,84,89,71,73,65,74,52	84,56,53,68,81,66,60,65,53,42	162	171
620	57,60,48,49,59,50,45,41,45,51	76,57,58,34,50,41,49,55,65,55	63,49,54,48,50,48,51,56,45,51	66,56,64,38,42,43,54,56,44,62	236	252
621	118,102,114,100,115,83,92,133,102,112	254,307,243,251,214,219,223,223,252,235	93,105,119,128,119,122,149,118,121,122	269,258,239,248,276,226,308,226,290,309	185	198
622	65,67,57,48,52,54,56,47,62,52	177,192,195,184,178,145,155,174,174,192	62,61,61,64,56,68,80,77,50,56	214,210,165,196,193,213,219,201,219,219	145	185
623	220,199,203,254,194,214,191,198,213,223	379,447,385,504,356,435,374,424,419,437	209,215,185,227,199,224,238,204,248,222	451,441,443,449,402,440,468,423,465,464	152	167
624	44,54,50,45,48,26,30,45,40,50	70,64,53,75,57,40,55,53,46,52	47,40,40,48,51,47,53,40,52,23	61,52,59,62,69,75,71,53,68,41	193	210
625	2,5,5,0,2,2,3,2,2,0	1,1,1,2,1,2,0,0,0,2	4,2,1,2,6,2,6,6,5,2	2,1,2,0,0,0,3,1,3,2	171	189
626	89,81,88,97,89,92,75,83,69,99	80,103,92,105,80,98,89,103,85,101	81,78,74,80,98,93,98,60,90,99	87,72,94,86,87,70,112,77,96,79	187	204
627	62,97,75,100,79,81,77,112,72,101	40,55,57,43,47,48,34,55,54,60	73,65,64,68,68,63,70,60,76,80	45,44,53,59,52,64,57,52,58,59	204	142
628	1,2,1,0,2,1,4,2,0,5	0,5,0,0,1,2,2,3,1,0	5,1,2,1,1,2,0,0,1,1	1,0,2,0,2,1,3,0,0,0	153	213
629	104,96,113,132,98,102,98,108,113,95	48,38,56,45,30,66,33,47,52,61	103,104,107,124,137,117,124,86,105,88	40,38,49,38,54,50,39,54,52,53	138	150
630	106,102,117,143,106,111,103,111,121,106	48,38,56,45,30,66,33,47,52,61	120,110,124,133,146,127,130,87,118,95	40,38,49,38,54,50,39,54,52,53	169	150
631	3,3,4,5,6,7,6,8,8,6	76,44,81,66,62,32,35,47,43,56	8,1,5,4,2,1,1,7,5,4	65,55,65,55,72,49,70,42,49,26	201	180
632	192,227,231,255,196,138,175,177,225,218	275,315,332,344,314,263,251,277,265,277	241,182,242,204,252,228,241,194,195,168	321,293,296,315,326,313,387,299,284,228	236	201
633	154,194,150,236,174,135,159,151,153,157	766,807,872,912,807,657,611,717,675,804	150,155,143,157,205,179,168,139,136,115	734,737,658,746,822,790,839,665,702,577	232	285
634	296,340,316,420,322,233,267,284,285,301	766,807,872,912,807,657,611,717,675,804	301,288,265,316,363,339,338,293,254,217	734,737,658,746,822,790,839,665,702,577	217	285
635	296,340,315,416,318,234,267,283,281,298	511,524,565,572,488,434,397,435,440,495	300,288,265,315,362,335,337,293,253,217	451,429,429,466,527,517,511,409,451,376	217	285
636	296,340,315,416,318,233,267,283,281,298	185,156,181,185,167,146,132,168,185,186	300,288,265,315,362,335,339,293,253,217	192,186,182,154,167,221,199,174,188,164	217	171
637	522,534,580,588,506,445,410,446,456,512	184,154,182,187,171,146,132,169,189,188	468,439,448,487,545,528,524,429,468,383	193,186,182,155,166,224,200,174,188,164	285	171
638	164,183,175,188,158,169,136,175,190,162	76,93,66,93,72,89,58,86,83,76	181,166,207,201,172,180,204,158,209,190	85,88,70,74,70,75,89,59,91,85	201	151
639	6,17,23,12,12,14,8,23,11,18	5,10,10,14,11,2,3,8,8,5	10,15,19,15,19,8,12,14,19,16	11,6,9,7,6,6,9,4,10,10	207	159
640	71,62,39,76,60,96,57,57,78,89	75,110,102,82,86,90,78,93,73,94	70,78,41,69,67,67,78,67,86,93	80,95,98,88,82,87,108,93,83,126	147	175
641	98,108,85,123,110,149,87,98,108,143	18,21,27,30,22,34,21,25,25,30	115,120,82,119,118,123,133,108,133,145	24,21,22,22,16,24,26,33,34,33	147	132
642	115,153,166,142,154,120,94,121,97,110	82,116,121,103,100,106,87,105,85,71	140,128,138,117,147,133,143,126,127,97	121,99,90,87,112,106,142,104,106,65	234	202
643	267,310,299,336,284,311,273,300,283,299	351,400,433,438,387,383,339,374,378,428	309,307,307,279,325,284,312,276,333,308	420,380,450,383,427,348,402,347,463,427	158	199
644	311,299,318,347,287,295,248,291,269,342	299,374,372,430,366,350,300,363,329,340	336,295,317,333,361,318,349,299,316,334	341,370,389,347,380,355,389,351,364,388	197	221
645	657,604,705,742,617,442,570,659,583,647	676,790,784,753,679,545,587,674,629,684	736,608,650,629,715,659,767,599,618,491	837,682,697,724,843,684,762,633,682,569	393	291
646	453,479,523,488,474,276,369,409,404,460	607,577,662,698,577,438,533,628,565,651	512,424,433,429,522,492,543,421,401,308	666,576,624,566,683,634,727,559,575,445	263	393
647	1221,1208,1249,1367,1133,619,829,969,982,1047	441,451,518,492,438,264,380,407,394,396	1233,998,1107,1017,1295,1090,1221,1043,906,582	519,383,439,440,512,463,502,423,391,313	733	263
648	11,10,11,4,6,7,5,7,6,5	190,177,199,202,175,149,140,180,189,174	7,7,5,4,9,12,11,8,11,7	211,169,149,175,204,173,180,188,164,190	165	2598
649	116,153,124,107,125,41,77,99,85,79	98,134,121,115,104,30,66,69,53,73	93,79,88,91,121,122,123,92,57,30	126,64,77,99,107,96,118,80,61,31	195	189
650	43,61,43,47,53,17,22,27,35,41	43,61,70,51,57,18,26,32,35,29	35,36,19,42,64,38,41,44,28,15	50,33,30,47,51,43,55,32,20,11	132	222
651	43,61,43,47,53,17,22,27,35,41	99,140,127,116,107,31,68,73,58,74	35,36,19,42,64,38,41,44,28,15	129,65,77,101,110,99,122,82,62,31	132	189
652	43,61,70,51,57,18,26,32,35,29	99,140,127,116,107,31,68,73,58,74	50,33,30,47,51,43,55,32,20,11	129,65,77,101,110,99,122,82,62,31	222	189
653	88,118,116,91,91,26,63,80,79,76	101,137,122,116,104,30,67,70,54,72	92,76,62,105,106,92,103,93,37,17	129,66,77,100,109,97,118,80,62,31	222	189
654	17,15,34,26,20,11,14,11,20,18	52,52,54,50,34,44,39,49,33,41	27,27,13,17,30,14,26,16,16,23	48,44,47,42,46,36,50,31,25,35	167	192
655	14,13,18,11,10,15,11,15,9,14	52,52,54,50,34,44,39,49,33,41	25,14,13,15,25,15,15,10,9,14	48,44,47,42,46,36,50,31,25,35	170	192
656	177,246,234,244,192,169,156,173,201,192	49,55,56,54,55,37,49,41,47,60	207,207,208,271,235,191,229,254,264,213	70,38,44,47,63,70,61,46,41,39	246	145
657	4,1,4,3,3,4,1,4,3,5	138,150,161,160,145,82,106,115,128,123	4,7,0,2,6,4,6,5,2,2	132,112,137,147,157,122,171,158,116,87	84	176
658	0,1,0,0,0,0,0,1,0,0	140,155,166,163,150,83,108,116,131,125	1,2,0,0,0,2,2,0,1,1	136,114,142,152,157,124,175,159,117,87	84	176
659	29,44,47,41,32,26,27,36,34,41	345,371,353,382,349,277,292,325,335,335	50,28,28,45,56,60,48,36,34,37	355,323,287,353,352,379,397,347,316,266	158	197
660	86,81,95,88,97,55,64,69,79,81	94,129,139,139,112,105,91,105,115,142	81,67,69,73,90,95,92,75,71,65	150,108,84,133,167,157,140,130,106,104	158	158
661	1,0,1,0,1,0,1,1,4,5	66,86,94,98,80,79,65,70,85,104	3,1,0,1,14,16,8,3,0,2	100,81,57,91,113,104,95,95,74,67	114	158
662	60,51,62,57,66,31,39,46,53,45	68,92,96,100,86,82,67,75,91,110	46,38,48,46,59,55,46,44,48,38	105,86,61,93,120,101,96,97,76,69	158	158
663	13,21,18,15,9,8,18,18,27,17	68,92,96,100,86,82,67,75,91,110	13,12,11,17,28,42,33,24,13,18	105,86,61,93,120,101,96,97,76,69	114	158
664	2,3,5,1,2,0,4,1,4,8	65,86,93,98,80,79,65,70,85,103	3,0,4,4,18,19,8,4,0,4	100,81,57,88,111,98,93,95,73,67	126	158
665	1,1,1,1,0,0,0,1,0,0	65,86,93,98,80,79,65,70,85,103	0,1,0,1,3,2,4,2,0,0	100,81,57,88,111,98,93,95,73,67	114	158
666	13,21,18,15,9,8,18,18,27,17	60,51,62,57,66,31,39,46,53,45	13,12,11,17,28,42,33,24,13,18	46,38,48,46,59,55,46,44,48,38	114	158
667	40,63,63,55,41,34,42,50,55,54	14,14,20,14,16,5,13,19,10,16	59,38,38,62,77,94,77,57,46,53	9,11,13,10,14,11,23,17,21,11	114	158
668	17,25,21,31,24,24,22,11,18,29	38,64,60,58,36,52,48,43,54,47	23,15,17,33,21,22,34,13,25,27	52,46,52,66,50,44,60,46,63,55	182	229
669	2,1,1,1,2,2,2,3,3,0	8,8,11,7,5,5,7,6,11,7	1,2,3,0,9,4,2,0,4,3	11,5,9,6,11,4,9,5,3,6	222	254
670	99,72,95,107,83,79,89,106,91,105	133,116,164,155,119,135,120,159,135,153	82,98,83,90,96,99,98,99,87,118	148,142,155,113,133,122,154,121,182,152	222	264
671	40,36,37,51,32,47,32,37,44,41	37,41,50,47,38,48,24,37,42,54	39,46,50,44,28,34,37,51,48,50	44,27,48,42,46,37,53,59,69,42	119	138
672	93,142,133,127,98,125,88,119,107,120	49,67,56,52,62,54,46,60,49,56	132,126,106,126,99,92,132,134,150,136	61,62,66,59,49,60,61,90,80,99	229	119
673	15,29,24,25,27,14,21,33,22,26	33,30,40,37,37,20,19,23,32,25	24,24,19,30,30,27,24,18,22,17	31,29,26,41,35,31,31,37,28,17	175	211
674	224,225,278,276,249,242,233,246,260,289	161,147,160,186,168,164,139,162,155,197	264,235,235,252,285,242,259,234,225,241	158,175,143,142,167,161,182,136,180,174	232	243
675	3,2,3,0,0,1,0,0,1,1	1,2,6,2,3,0,2,3,3,1	0,1,0,3,1,0,3,1,2,0	1,1,1,4,0,3,3,0,1,0	99	174
676	22,28,23,35,21,17,22,26,14,15	11,19,11,20,11,15,9,12,13,9	28,22,18,21,28,26,24,20,21,28	12,6,13,11,13,12,13,11,16,17	188	134
677	71,53,76,84,78,67,61,60,78,78	97,89,86,110,85,83,83,80,65,106	74,60,59,64,70,69,77,82,63,62	112,81,84,88,90,104,100,88,88,80	141	168
678	118,102,162,135,124,73,86,119,113,118	587,660,640,620,708,342,414,447,496,509	121,96,115,131,187,223,153,120,108,86	516,527,455,581,749,583,687,522,496,343	233	272
679	364,378,383,364,391,226,250,268,315,293	219,234,274,261,259,149,152,184,171,230	311,319,275,362,461,307,423,327,313,186	201,232,219,235,300,207,259,199,201,115	272	158
680	295,373,371,329,395,173,222,251,253,295	350,410,456,416,386,234,261,298,285,291	279,277,246,292,409,360,370,274,247,207	362,294,325,390,457,358,378,273,303,205	158	183
681	127,149,189,183,168,126,126,159,169,168	626,674,745,742,686,560,495,660,656,675	159,157,145,173,214,163,196,149,151,153	650,601,619,628,744,661,737,615,683,693	156	201
682	103,136,135,131,134,65,80,123,101,94	43,58,51,54,53,26,28,46,48,45	131,116,125,121,140,124,128,113,115,81	42,29,45,44,51,43,45,49,36,24	345	192
683	32,24,30,32,25,23,34,26,27,28	47,44,40,50,48,45,40,55,51,48	22,21,26,31,31,19,33,18,35,17	53,38,49,58,50,50,43,48,57,52	141	232
684	75,75,68,79,73,44,50,50,56,81	46,51,39,39,45,23,34,50,32,46	67,59,57,73,78,72,78,54,49,34	44,49,39,40,53,41,56,54,33,39	143	284
685	57,37,46,57,61,33,35,45,50,39	193,220,233,244,253,175,175,174,204,244	54,43,39,39,56,46,57,37,43,33	232,214,203,205,249,199,221,172,186,174	141	255
686	10,8,12,12,6,9,8,7,9,10	8,20,7,11,12,7,10,20,11,11	11,12,9,11,13,8,7,8,11,7	12,10,11,9,16,4,11,12,13,15	176	248
687	10,9,12,13,6,9,8,7,9,11	31,20,32,36,38,38,28,35,34,26	11,12,9,12,15,8,7,8,11,7	35,27,29,37,35,38,27,32,32,31	176	317
688	26,32,21,21,25,21,26,35,19,26	1,0,3,0,0,0,0,1,0,0	27,25,34,20,32,15,26,27,41,35	0,1,0,1,0,0,0,0,1,0	248	153
689	1034,1012,1063,1104,985,821,843,918,1001,1033	404,504,503,541,476,407,415,459,476,465	996,973,920,1001,1092,994,1148,1003,985,880	461,456,377,514,517,507,535,452,410,446	239	143
690	336,406,384,474,379,415,368,392,350,421	808,938,1002,1039,1020,885,841,909,981,1083	363,382,398,392,410,378,453,404,550,440	990,941,863,965,1059,954,1003,915,973,1078	144	168
691	14,19,30,25,20,13,20,21,14,25	56,53,52,49,60,31,35,49,52,38	19,19,30,18,30,18,22,18,18,6	44,31,41,30,59,51,52,33,28,18	231	183
692	248,207,273,265,267,145,174,209,217,286	0,1,0,2,0,0,0,0,0,0	243,243,226,229,292,268,275,244,198,179	0,0,0,0,0,0,0,0,0,0	149	127
693	52,37,54,45,45,27,26,32,41,60	11,18,19,20,22,9,8,21,21,17	44,39,48,50,63,53,43,48,41,17	18,17,13,17,27,16,23,18,17,12	125	149
694	11,7,12,7,10,3,3,16,11,10	168,135,198,185,184,104,124,141,150,206	10,15,8,10,12,10,6,5,12,6	178,175,155,151,195,177,183,179,134,124	130	125
695	0,0,0,0,1,0,1,0,0,0	112,101,112,108,119,58,72,82,94,118	0,0,0,0,1,0,0,0,0,0	95,91,103,113,151,123,119,95,89,72	153	130
696	0,0,0,0,0,0,0,0,0,0	4,7,2,3,3,0,2,1,4,3	0,0,2,0,0,0,0,1,0,0	3,7,3,2,3,3,3,0,2,2	216	153
697	10,9,12,12,14,17,9,13,13,6	44,46,50,61,39,57,43,46,38,45	19,20,14,16,15,15,10,10,14,12	49,46,34,46,46,39,54,42,43,58	138	258
698	57,73,51,67,51,76,66,65,66,73	84,73,68,97,78,88,89,98,85,82	65,57,49,59,58,79,75,75,76,57	96,106,76,82,112,101,80,66,87,87	130	121
699	48,65,46,61,46,68,54,52,59,67	2,1,1,0,0,0,1,1,1,0	55,48,47,52,53,75,64,67,70,50	0,0,0,0,0,0,0,1,0,0	130	121
700	48,65,46,61,46,68,54,52,59,67	327,367,364,402,344,299,306,296,327,348	55,48,47,52,53,75,64,67,70,50	382,343,348,352,395,333,396,333,344,348	130	251
701	233,244,235,254,200,211,188,231,213,227	327,367,364,402,344,299,306,296,327,348	261,207,207,239,228,248,252,223,230,234	382,343,348,352,395,333,396,333,344,348	209	251
702	2,1,1,0,0,0,1,1,1,0	327,367,364,402,344,299,306,296,327,348	0,0,0,0,0,0,0,1,0,0	382,343,348,352,395,333,396,333,344,348	121	251
703	17,9,13,10,11,13,16,11,10,12	3,2,4,3,1,2,4,4,3,3	9,10,13,5,21,12,18,11,11,4	7,1,4,2,1,3,3,2,1,0	247	135
704	538,372,588,650,554,427,378,716,690,431	412,425,452,562,443,524,430,479,473,553	642,592,610,630,612,652,708,398,430,785	504,497,492,477,448,428,498,438,517,702	221	206
705	521,530,563,617,493,449,426,470,440,464	304,332,374,343,294,304,296,330,317,309	493,494,452,461,547,494,558,448,473,450	372,273,312,292,368,315,323,319,315,294	186	136
706	180,173,233,207,202,162,153,165,166,170	128,140,146,173,112,143,113,108,150,153	174,188,149,198,198,216,229,127,140,112	116,157,150,141,162,172,177,111,120,104	212	197
707	113,128,143,148,116,101,95,84,113,133	105,91,136,128,103,114,99,109,110,122	108,97,108,112,106,119,108,95,100,97	100,101,89,87,131,105,149,70,78,87	197	184
708	82,85,84,70,67,32,59,80,75,39	561,557,586,603,498,309,391,404,427,376	62,63,52,72,101,75,81,69,54,21	523,458,451,555,582,526,538,401,390,275	175	358
709	82,85,84,71,67,32,59,80,75,39	441,445,469,459,380,245,325,326,346,302	62,62,52,72,101,75,81,69,54,21	413,356,353,461,460,421,429,326,324,233	175	358
710	610,603,645,609,489,329,436,447,504,421	287,368,363,342,363,215,264,294,315,244	559,474,482,602,655,572,596,461,433,312	323,286,300,339,369,303,404,292,247,194	358	220
711	598,716,696,782,665,437,526,542,604,523	392,498,504,506,475,311,362,400,402,405	673,633,574,680,730,628,703,543,518,357	389,392,412,468,475,422,497,449,373,305	323	267
712	74,95,84,86,79,54,70,68,59,98	7,11,4,8,6,9,5,4,5,4	83,59,63,63,77,66,72,75,60,56	8,12,7,7,6,5,9,8,5,5	154	141
713	55,68,61,70,59,40,50,44,45,72	31,37,38,34,28,17,13,36,27,33	63,41,46,39,44,50,54,57,43,34	35,32,23,21,32,23,25,18,33,20	154	172
714	7,10,12,7,7,6,9,7,5,17	44,52,34,47,34,26,28,41,40,44	7,7,7,7,14,7,9,6,7,6	41,42,34,29,34,37,48,46,43,16	172	131
715	28,25,30,37,19,22,23,22,26,25	17,12,21,23,25,22,16,22,19,25	28,19,22,24,14,18,24,28,18,26	17,19,24,21,16,21,23,18,19,21	214	211
716	3,1,2,3,1,3,0,1,3,2	2,1,2,0,2,0,1,1,0,2	1,0,1,0,2,3,0,1,3,1	5,0,0,1,1,0,0,1,1,0	107	111
717	9,15,17,20,14,15,10,5,15,12	17,18,16,14,19,3,7,14,15,4	12,13,12,11,22,15,11,15,17,11	18,8,14,11,16,12,11,9,9,2	419	149
718	5,7,7,10,10,6,6,5,13,10	17,18,16,14,19,3,7,14,15,4	9,10,9,6,22,10,8,6,6,6	18,8,14,11,16,12,11,9,9,2	213	149
719	5,8,11,7,8,7,3,3,10,8	17,18,16,14,19,3,7,14,15,4	8,8,9,7,18,10,7,3,6,8	18,8,14,11,16,12,11,9,9,2	177	149
720	355,406,441,448,443,371,366,386,372,441	27,33,51,49,49,42,27,27,42,36	407,381,393,415,457,451,444,414,415,380	42,44,34,40,51,44,28,42,34,46	165	156
722	17,12,10,8,16,9,9,8,10,16	10,14,7,11,10,6,10,9,10,14	18,10,4,6,13,9,13,6,8,7	10,13,8,7,12,6,10,6,13,4	152	165
723	0,0,2,0,1,0,2,0,1,0	10,11,6,7,9,6,10,9,8,14	3,0,0,0,0,0,1,1,1,1	8,13,8,8,11,8,10,5,13,4	152	165
724	42,34,41,47,48,25,42,35,27,55	16,24,23,27,24,21,20,20,18,16	39,38,37,22,43,33,51,42,37,28	22,18,26,19,26,28,19,18,19,13	189	129
725	43,45,33,50,47,30,36,36,38,50	24,18,19,24,16,27,17,12,15,31	48,36,43,31,44,37,50,39,41,53	17,26,21,20,19,16,32,17,17,17	174	129
726	7,13,8,11,14,6,3,7,7,9	52,65,64,70,69,27,36,39,42,36	7,3,4,15,8,9,13,4,7,3	46,44,37,57,42,45,50,52,40,22	141	177
727	0,2,1,2,0,3,1,4,1,1	52,69,67,75,74,33,37,39,44,40	2,2,3,1,1,1,3,3,2,1	45,47,41,59,45,51,50,51,40,23	141	177
728	19,34,15,28,19,14,10,6,14,18	52,69,67,75,74,33,37,39,44,40	11,13,19,18,20,8,16,13,15,14	45,47,41,59,45,51,50,51,40,23	159	177
729	19,34,15,28,19,14,10,6,14,18	0,2,1,2,0,3,1,4,1,1	11,13,19,18,20,8,16,13,15,14	2,2,3,1,1,1,3,3,2,1	159	141
730	15,30,17,28,18,13,8,6,14,13	6,8,6,6,7,2,5,8,5,5	12,17,20,22,18,5,17,15,16,9	7,13,6,4,1,9,7,6,5,3	159	141
731	12,12,7,20,11,6,7,9,7,8	110,122,101,100,78,41,67,87,68,48	11,12,5,20,11,7,16,17,6,4	90,57,57,86,102,89,83,77,61,48	105	248
732	1,2,3,5,4,1,0,3,0,1	26,42,47,20,47,14,18,33,22,23	3,1,1,4,4,0,1,2,2,1	33,33,21,27,35,38,41,43,18,12	801	447
733	1,2,3,5,4,1,0,3,0,1	7,6,9,2,5,3,3,4,3,3	3,1,1,4,4,0,1,2,2,1	4,4,4,7,11,4,7,6,3,3	801	108
734	6,12,13,14,13,7,11,10,7,14	7,9,7,7,6,4,6,7,8,5	12,4,9,15,19,9,11,13,17,6	4,9,10,7,9,7,7,8,2,5	302	244
735	5,8,1,2,5,3,6,5,7,6	11,9,8,8,7,4,7,7,8,7	5,4,13,1,6,8,10,2,5,8	4,10,9,9,9,12,8,8,3,5	208	244
736	57,65,46,86,72,63,63,47,65,72	83,96,116,125,91,101,87,102,96,139	55,47,53,69,74,63,76,79,73,69	101,87,118,125,130,91,124,110,118,111	212	238
737	16,10,17,18,16,13,19,5,15,27	36,39,41,37,35,37,40,33,34,41	21,17,19,22,24,15,19,10,11,17	38,35,44,27,41,31,45,46,34,30	328	308
738	19,14,23,16,24,19,17,10,11,27	22,18,39,37,24,38,33,24,27,35	16,15,28,14,35,16,19,10,17,18	26,23,34,41,39,35,33,32,33,19	199	254
739	18,25,19,17,20,13,19,10,17,19	23,20,21,17,26,23,17,26,18,34	15,16,12,13,29,16,13,18,19,8	26,21,37,21,44,24,25,20,16,13	233	230
740	12,18,16,14,18,10,16,8,9,18	23,20,21,17,26,26,18,26,18,36	16,11,12,14,22,14,9,12,14,7	27,21,37,23,46,24,25,19,18,13	233	230
741	78,70,110,72,93,84,89,101,117,88	0,0,0,0,0,0,0,0,0,0	98,63,105,83,80,95,89,97,111,108	0,0,0,0,0,1,0,0,0,0	156	224
742	71,61,65,59,60,45,49,48,53,49	28,29,43,31,35,20,36,24,32,16	67,55,54,61,67,48,61,56,50,32	35,36,21,26,43,24,35,18,11,33	207	147
743	42,64,55,64,59,49,53,52,60,65	318,354,427,390,374,281,352,335,340,381	83,67,53,64,53,65,61,51,51,56	341,378,325,343,376,338,367,292,381,282	141	315
744	111,123,135,126,118,49,72,84,88,96	46,43,54,68,47,18,27,31,32,26	105,73,107,91,118,117,125,98,73,40	49,42,33,41,56,51,46,42,36,23	216	150
745	93,125,158,144,171,54,86,96,94,93	100,127,134,112,98,33,47,84,73,79	161,81,101,109,175,136,160,119,75,58	99,78,94,67,96,98,117,72,67,34	192	216
746	56,41,51,57,42,57,57,66,48,60	76,93,102,100,96,103,89,97,102,101	69,61,56,59,54,54,55,59,54,54	83,96,92,102,106,104,104,99,115,157	123	151
747	85,86,82,68,47,22,34,45,45,59	164,157,168,156,162,78,76,110,118,129	60,45,52,54,101,66,72,53,42,23	144,139,125,137,156,157,182,116,75,50	241	280
748	5,1,3,3,3,1,1,2,1,3	164,157,168,156,162,78,76,110,118,129	7,0,2,4,3,3,6,1,2,1	144,139,125,137,156,157,182,116,75,50	123	280
749	33,42,47,30,31,19,19,27,36,23	57,60,49,53,47,10,33,44,32,35	50,31,21,24,35,35,30,16,8,7	47,47,37,36,50,53,56,33,19,13	123	313
750	86,86,82,68,47,22,34,45,44,59	29,36,36,24,33,6,19,17,24,20	60,45,52,54,102,66,72,54,42,23	25,17,29,19,34,34,34,29,14,17	241	123
751	16,10,11,9,10,1,14,4,7,4	122,149,160,129,141,38,98,105,99,85	10,8,10,9,13,4,10,7,5,5	153,101,105,107,149,114,136,89,67,43	165	622
752	2,0,1,3,0,1,1,1,2,1	18,4,20,13,15,5,5,8,7,8	3,1,1,0,1,1,4,2,0,0	11,7,9,9,17,11,21,12,5,3	139	165
753	0,0,0,1,0,1,1,0,0,1	16,4,17,14,15,5,6,7,6,8	0,0,2,1,1,0,1,2,0,0	11,8,9,9,16,11,20,8,5,3	139	165
754	34,52,48,55,46,25,46,39,32,48	41,42,44,65,39,35,49,50,37,29	42,42,33,24,42,50,45,35,40,21	51,40,33,35,42,34,39,26,33,44	210	249
755	22,36,27,26,26,12,26,18,20,19	41,42,44,65,39,35,49,50,37,29	21,27,15,17,21,26,32,22,23,10	51,40,33,35,42,34,39,26,33,44	207	249
756	2359,2572,2731,3089,2873,1803,1754,2001,2033,2115	73,74,98,95,95,89,78,95,88,105	2716,2602,2421,2306,3006,2466,3025,2272,1913,1539	110,95,87,89,100,83,111,83,99,84	2740	151
757	2686,2953,3137,3555,3319,2004,1992,2308,2293,2355	73,74,98,95,95,89,78,95,88,105	3127,2979,2763,2647,3449,2836,3435,2571,2136,1676	110,95,87,89,100,83,111,83,99,84	3267	151
758	29,34,28,41,38,15,27,27,30,37	16,15,24,11,22,17,13,18,18,18	33,30,40,38,43,35,27,30,26,24	18,27,19,24,22,17,8,16,18,14	148	178
759	29,34,28,41,38,15,27,27,30,37	40,44,45,45,63,40,37,43,48,44	33,30,40,38,43,35,27,30,26,24	66,56,45,53,60,38,40,55,38,37	148	206
760	362,346,370,396,330,355,313,307,364,354	385,459,442,467,391,423,363,437,456,469	363,363,378,353,402,415,456,349,348,387	427,485,462,442,410,445,525,437,410,449	162	153
761	61,61,61,58,52,21,38,40,28,42	47,26,37,46,37,17,27,18,23,27	62,45,33,35,43,48,55,33,31,21	30,25,33,35,44,27,26,36,17,25	229	190
762	64,103,71,84,76,75,70,86,79,90	98,125,100,132,115,156,127,89,112,173	74,95,74,81,84,81,104,76,110,116	97,116,90,119,113,123,127,135,158,163	276	239
763	998,1136,1182,1225,1072,965,899,994,942,1289	987,993,1058,1183,959,926,896,1014,947,1171	1160,996,1002,1009,1089,1057,1212,1040,1058,912	1104,1009,914,991,1114,1003,1156,974,956,978	193	216
764	991,1136,1176,1220,1072,959,897,990,938,1288	492,527,560,587,501,458,475,533,493,606	1156,988,1000,1004,1087,1054,1205,1030,1050,912	589,530,444,528,592,503,594,515,499,514	193	216
765	991,1136,1176,1220,1072,959,897,990,938,1288	443,526,607,589,557,547,552,514,520,654	1156,988,1000,1004,1087,1054,1205,1030,1050,912	591,540,522,571,519,520,593,513,549,555	193	165
766	492,527,560,587,501,458,475,533,493,606	443,526,607,589,557,547,552,514,520,654	589,530,444,528,592,503,594,515,499,514	591,540,522,571,519,520,593,513,549,555	216	165
767	1079,1104,1183,1277,1076,1012,970,1091,1047,1298	821,980,933,1089,934,946,811,890,852,995	1179,1170,959,1105,1201,1079,1252,1104,1088,1040	932,912,834,847,893,859,1006,845,979,895	216	216
768	1073,1103,1174,1272,1064,1003,959,1085,1046,1283	444,526,609,590,556,548,551,514,518,656	1170,1154,956,1100,1193,1075,1249,1099,1083,1041	592,542,526,569,520,520,593,513,549,556	216	165
769	1124,1190,1172,1396,1128,1156,1051,1178,1111,1352	453,529,619,597,569,559,566,524,521,674	1229,1114,1099,1110,1198,1165,1334,1105,1208,1148	605,558,532,580,528,525,605,523,562,561	216	165
770	118,134,175,154,157,167,166,140,139,182	495,594,625,644,564,625,571,538,621,689	173,164,151,172,158,152,175,146,158,155	637,593,566,569,583,550,661,636,693,598	165	139
771	390,473,525,528,503,507,438,453,417,492	584,676,728,736,658,719,670,663,706,803	462,498,432,452,458,427,522,411,491,475	717,672,640,653,675,637,777,712,803,700	165	139
772	2,9,3,2,4,0,1,2,1,3	0,1,0,0,0,0,0,0,0,1	3,0,1,1,6,0,0,4,2,1	0,0,0,0,2,0,0,0,0,0	133	218
773	16,15,14,13,13,8,13,11,15,11	13,14,18,23,19,12,22,25,22,17	14,12,13,13,12,10,18,12,11,6	20,10,15,23,16,18,27,16,21,26	197	156
774	6,3,1,3,3,0,0,1,0,1	36,46,34,53,59,27,24,48,42,46	2,2,3,2,6,0,4,3,1,0	37,54,33,28,26,42,44,44,23,38	158	202
775	1,0,1,0,0,0,0,0,0,1	36,46,34,53,59,27,24,48,42,46	0,0,0,0,0,0,0,0,0,0	37,54,33,28,26,42,44,44,23,38	101	202
776	25,24,24,22,14,8,18,8,17,25	36,46,34,53,59,27,24,48,42,46	11,16,14,15,20,12,31,17,14,14	37,54,33,28,26,42,44,44,23,38	197	202
777	20,14,13,14,15,7,12,9,12,11	36,46,34,53,59,27,24,48,42,46	10,9,17,11,16,9,18,15,7,5	37,54,33,28,26,42,44,44,23,38	222	202
778	1,0,1,0,0,0,0,0,0,1	6,3,1,3,3,0,0,1,0,1	0,0,0,0,0,0,0,0,0,0	2,2,3,2,6,0,4,3,1,0	101	158
779	25,24,24,22,14,8,18,8,17,25	6,3,1,3,3,0,0,1,0,1	11,16,14,15,20,12,31,17,14,14	2,2,3,2,6,0,4,3,1,0	197	158
780	20,14,13,14,15,7,12,9,12,11	6,3,1,3,3,0,0,1,0,1	10,9,17,11,16,9,18,15,7,5	2,2,3,2,6,0,4,3,1,0	222	158
781	11,5,12,9,11,7,9,8,14,8	11,8,3,8,3,6,7,7,5,8	5,14,11,12,10,13,9,12,8,7	2,6,7,13,7,3,5,8,5,7	183	101
782	11,5,12,9,11,7,9,8,14,8	45,39,30,36,42,25,33,33,32,33	5,14,11,12,10,13,9,12,8,7	25,32,41,34,28,30,40,44,29,24	183	222
783	1,0,3,2,1,0,2,2,0,3	45,39,30,36,42,25,33,33,32,33	1,1,4,3,1,0,3,2,0,2	25,32,41,34,28,30,40,44,29,24	171	222
784	45,46,54,43,46,44,25,35,22,58	19,36,18,25,23,35,20,25,12,37	32,42,45,54,49,35,46,58,48,50	18,21,16,19,27,26,22,27,38,36	329	200
785	0,1,0,0,0,0,0,0,0,0	66,60,59,56,42,32,31,36,36,33	0,1,0,1,0,1,0,0,1,0	61,50,27,39,74,46,39,49,52,42	101	517
786	2,1,2,0,1,0,0,0,2,1	47,55,51,72,44,36,34,49,33,29	2,1,0,1,1,0,0,0,0,0	53,31,44,35,52,48,56,51,32,27	245	245
787	56,54,53,67,55,45,46,50,57,73	50,57,44,51,39,43,54,55,32,54	62,52,52,45,65,39,48,27,41,46	54,40,29,39,49,40,43,39,52,49	187	221
788	60,54,46,58,45,48,50,39,52,63	54,61,74,71,57,51,57,56,61,69	44,56,42,48,64,45,57,30,50,51	72,60,52,57,75,46,52,42,56,43	200	187
789	6,11,3,9,2,5,7,5,7,8	31,18,17,14,15,13,22,20,22,17	6,7,4,2,10,7,8,4,6,10	31,20,16,17,27,24,25,18,11,17	124	197
790	0,0,0,1,1,0,0,1,1,1	29,25,16,26,12,17,14,25,30,14	1,1,0,0,0,0,1,1,0,0	29,21,20,16,21,26,26,16,16,12	155	171
791	55,52,65,60,59,43,46,29,55,56	74,93,96,82,99,52,72,80,63,74	51,48,49,54,56,66,61,39,42,35	92,88,63,70,88,62,77,85,73,60	139	144
792	68,55,68,48,43,9,15,37,34,28	221,188,182,183,197,71,83,114,126,96	43,35,40,39,56,43,47,26,25,10	177,133,130,154,221,154,204,119,88,47	126	140
793	17,22,28,23,24,8,7,13,13,12	329,417,338,349,367,107,166,201,217,191	17,17,14,19,23,16,19,15,12,6	355,292,290,266,418,300,373,239,160,84	140	153
794	239,215,220,206,222,86,98,133,142,108	649,747,748,660,738,223,354,451,443,354	201,149,145,181,245,177,231,136,99,59	671,512,535,556,756,577,724,419,329,170	153	360
795	16294,19021,18927,18444,18118,7960,10943,13065,12458,12554	779,1014,871,976,986,617,710,734,753,808	17752,14423,15184,15667,19730,15947,18720,13047,11126,7045	965,765,815,885,962,852,934,806,816,545	3816	282
796	919,1184,1075,1112,1174,712,792,888,913,955	616,709,685,701,640,428,492,572,535,565	1130,874,933,1046,1202,1008,1170,939,1005,663	629,575,682,608,705,641,705,555,554,402	282	210
797	78,82,103,88,77,77,82,82,60,95	108,139,117,118,104,123,89,109,94,121	95,71,57,66,77,86,71,72,81,87	105,113,86,101,111,104,109,115,98,108	180	182
798	107,104,116,107,89,108,103,109,134,128	51,49,77,76,63,58,47,69,59,67	131,98,108,87,129,107,148,90,120,120	69,57,42,63,54,58,73,61,58,64	195	180
799	12,19,16,13,12,17,15,16,13,17	52,50,74,75,61,57,47,67,56,66	17,7,5,13,14,10,12,13,12,13	70,56,44,62,56,57,74,58,56,61	144	180
800	14,21,20,15,14,20,16,17,18,19	112,110,125,104,95,108,108,95,100,126	17,9,6,14,15,10,13,16,14,16	126,100,82,96,100,99,112,73,114,115	144	195
801	35,27,38,39,31,42,21,28,25,35	112,110,125,104,95,108,108,94,99,126	29,31,22,30,28,22,24,30,18,32	124,99,82,96,100,99,112,73,114,112	144	195
802	18,21,16,18,16,12,15,17,15,13	55,56,67,48,46,51,56,67,73,66	18,19,10,11,18,16,16,19,14,16	67,41,70,40,75,64,74,64,58,68	392	144
803	33,29,26,45,22,17,9,15,27,22	155,165,151,180,157,95,106,142,127,154	33,20,29,21,28,21,38,20,19,19	127,128,142,144,160,158,153,137,102,118	135	393
804	1103,1159,1184,1436,1277,974,986,1209,1361,1409	1203,971,1092,1504,1385,1198,1040,1127,1228,1352	1158,1680,1358,1242,1451,1339,1677,1615,1199,1465	1185,1922,1460,1246,1304,1185,1424,1156,1089,1551	506	177
805	126,115,110,150,136,121,120,106,129,115	2056,1701,2004,2671,2359,2018,1830,1989,2196,2388	133,180,183,157,161,156,189,126,108,176	2107,3380,2581,2235,2367,2105,2537,2117,1953,2667	153	177
806	1266,1050,1300,1708,1462,1272,1147,1258,1378,1522	177,146,159,207,239,183,190,179,196,223	1344,2144,1607,1396,1553,1341,1586,1371,1267,1633	187,318,246,218,197,194,255,216,220,247	177	111
807	586,470,541,734,656,631,500,523,568,628	177,146,159,207,239,183,190,179,196,223	565,913,723,623,686,588,710,574,571,764	187,319,246,218,196,194,255,217,219,247	177	111
808	4,1,2,1,2,0,0,2,7,0	296,288,268,391,339,297,257,311,302,329	3,1,1,3,1,2,3,1,1,3	262,434,390,335,366,329,417,314,308,408	111	198
809	573,446,471,652,596,510,464,467,567,587	82,90,64,101,107,82,72,65,107,86	525,814,701,575,564,521,630,514,461,727	82,125,70,98,86,88,107,81,76,104	111	108
810	56,60,50,50,45,41,45,43,46,71	212,207,248,228,239,152,201,201,182,223	60,47,47,58,70,75,58,50,44,42	207,190,230,235,228,210,248,198,204,141	149	265
811	104,129,142,132,104,109,106,129,109,129	94,68,81,88,70,72,68,51,66,71	134,112,112,111,122,138,123,109,114,90	83,78,57,71,87,78,74,60,81,46	273	177
812	127,126,123,125,115,67,58,85,101,100	119,134,127,155,130,79,84,78,91,100	115,121,104,113,117,110,114,115,108,73	113,113,98,107,153,130,158,108,118,82	225	213
813	0,0,2,0,0,0,1,0,0,0	2,6,11,5,3,6,2,4,6,4	0,0,0,0,0,1,0,0,0,1	8,10,6,6,9,7,6,6,3,6	117	216
814	2,4,9,2,1,4,1,4,5,4	56,57,50,77,61,32,45,45,41,51	3,7,3,5,8,2,6,3,2,5	53,55,41,50,43,67,63,49,53,30	216	217
815	0,0,1,1,0,0,1,2,2,1	1,0,0,1,1,0,2,0,0,0	0,2,1,1,1,5,3,1,1,2	1,3,1,0,3,0,0,0,0,1	173	202
816	2,0,0,0,0,0,0,1,2,0	63,69,74,101,72,56,51,71,60,74	1,0,3,1,0,0,0,0,0,0	67,73,50,69,63,53,70,44,54,61	213	246
817	8,11,14,5,8,4,5,12,10,6	46,56,59,37,60,43,35,46,55,40	7,2,6,3,7,10,16,7,6,2	50,43,54,45,53,40,52,51,49,35	102	196
818	2,2,3,4,1,0,4,7,4,2	0,0,0,0,0,0,0,0,0,0	5,1,3,4,1,1,5,5,2,3	0,0,0,0,0,0,0,1,0,0	195	131
819	269,294,301,296,310,147,168,213,216,233	343,362,406,411,322,227,204,280,230,279	291,272,235,223,291,249,328,245,178,122	361,330,310,346,424,343,396,308,252,176	209	208
820	11,8,7,10,5,7,10,4,7,12	41,52,40,52,37,42,30,44,37,60	6,13,4,10,4,6,10,10,5,13	46,49,37,26,41,43,48,41,43,60	171	195
821	24,33,56,36,38,41,37,43,31,34	10,19,22,16,30,26,14,20,18,19	45,54,47,47,43,33,41,38,52,39	31,25,14,20,18,13,16,16,16,23	157	118
822	27,25,29,31,28,15,20,20,25,24	13,13,18,27,12,9,15,13,9,18	12,24,15,18,28,22,20,14,15,24	21,10,7,13,15,19,16,14,7,10	164	170
823	77,64,77,65,67,22,45,45,47,45	41,36,65,53,50,26,30,35,40,42	69,51,49,50,67,49,62,58,27,19	47,39,32,38,45,35,42,36,33,32	480	370
824	47,45,58,68,54,27,37,40,43,47	26,23,23,23,26,5,6,13,18,11	53,36,36,50,56,43,46,47,37,31	15,26,21,14,21,23,16,10,21,12	370	195
825	24,15,27,16,15,6,8,12,17,9	21,21,27,15,19,8,12,16,16,22	13,20,14,13,18,17,15,10,9,11	22,31,27,19,24,16,24,15,5,17	195	243
826	21,21,28,20,26,8,9,17,22,19	18,17,34,30,37,14,24,19,21,16	25,25,22,12,23,20,25,16,21,15	29,18,26,18,31,18,26,24,18,15	243	263
827	14,20,25,16,12,6,7,16,10,12	34,36,51,47,44,19,27,41,32,37	8,17,15,12,11,16,9,19,1,7	43,35,39,22,44,46,44,42,24,30	193	327
828	47,48,40,40,31,22,44,36,44,45	20,19,24,21,23,29,21,19,16,30	30,29,38,28,38,39,38,37,51,56	17,25,21,30,23,24,29,23,23,25	281	176
829	665,779,638,707,711,664,590,681,604,629	231,253,252,233,243,282,229,231,229,207	724,635,759,621,690,547,760,654,659,707	251,235,269,256,217,196,271,216,237,263	123	111
830	1007,1208,1003,1088,1082,905,944,1076,889,964	374,387,374,365,364,334,295,343,312,341	1148,1045,1267,977,1018,849,1200,1036,1009,833	371,340,455,293,357,303,412,322,318,317	196	138
831	366,405,430,398,359,409,314,425,361,422	386,361,450,420,417,442,370,401,431,455	402,373,389,371,409,331,430,342,401,372	446,407,412,410,414,430,448,411,470,455	255	264
832	260,264,216,307,273,215,235,254,212,281	73,70,52,67,49,46,44,49,62,60	279,214,229,259,300,263,297,249,265,195	47,56,52,57,68,68,58,73,60,37	111	114
833	1321,1389,1373,1492,1409,893,1021,1030,1167,1414	434,498,470,525,513,339,355,367,422,502	1358,1318,1400,1196,1517,1365,1526,1144,1032,828	437,402,445,410,449,471,524,424,400,304	196	138
834	85,53,49,57,49,31,47,55,61,52	340,303,359,396,346,222,309,261,315,403	53,41,52,46,59,52,75,62,42,38	355,327,310,304,422,377,396,332,318,201	177	111
835	19,38,34,39,39,46,37,49,41,46	25,24,33,27,28,40,33,40,36,43	44,53,35,52,36,55,53,45,31,45	36,29,35,39,38,31,39,42,36,44	154	141
839	0,1,0,0,0,0,0,0,0,0	0,1,0,0,0,0,0,0,0,0	0,0,0,0,1,0,0,0,0,0	0,0,1,0,0,1,0,0,0,0	132	174
840	402,502,432,447,458,242,249,315,389,321	164,179,121,159,161,105,114,106,123,120	505,386,323,470,423,383,469,380,367,277	148,147,128,149,145,133,132,157,141,123	996	363
841	61,46,52,58,42,23,41,39,48,37	56,44,42,52,62,33,34,40,22,43	54,53,35,38,56,38,57,49,44,26	41,40,40,50,35,39,44,40,30,41	217	147
842	32,33,25,21,21,16,18,40,33,20	92,80,115,118,91,77,72,76,75,98	34,20,26,17,20,29,36,30,19,22	112,105,81,103,120,101,107,83,102,77	303	198
843	8,9,18,4,10,6,6,14,13,11	92,80,115,118,91,77,72,76,75,98	16,11,18,15,19,17,10,10,17,11	112,105,81,103,120,101,107,83,102,77	133	198
844	45,53,45,61,42,27,41,46,40,32	30,33,49,34,39,33,24,41,30,30	48,32,38,52,53,44,51,31,32,32	32,29,27,35,36,29,37,38,39,33	257	238
845	45,53,45,61,42,27,40,46,40,33	78,101,102,76,94,85,88,86,84,75	47,32,37,52,54,44,51,31,32,32	87,98,85,95,104,81,98,59,81,81	257	357
846	26,34,25,23,21,23,21,22,25,20	30,33,49,34,39,33,24,41,30,30	32,22,30,34,31,32,43,24,30,23	32,29,27,35,36,29,37,38,39,33	252	238
847	37,52,40,30,30,28,30,32,34,26	30,31,50,34,39,33,23,40,31,30	43,32,41,44,39,44,54,32,37,29	32,28,27,33,36,29,37,38,40,33	252	238
848	38,54,41,33,31,28,31,35,34,27	77,101,102,75,94,84,88,86,84,75	45,33,41,45,41,45,56,30,37,28	88,97,86,95,101,80,96,59,80,81	252	357
849	1009,1244,1070,1261,1175,1063,999,1076,1124,1064	634,753,721,821,663,601,647,731,691,778	1047,1060,957,1057,1175,1083,1302,1024,1095,1029	696,742,665,702,776,719,861,754,725,672	187	217
850	47,54,60,69,55,53,34,64,57,62	35,30,40,41,32,28,28,40,34,23	50,42,37,62,58,54,65,48,50,40	38,30,23,38,48,43,42,22,30,24	249	258
851	69,87,69,73,74,78,58,73,77,81	65,86,78,83,77,76,73,55,63,96	70,69,72,60,66,68,92,81,58,45	74,72,69,82,75,73,85,83,72,82	240	283
852	15,11,9,16,19,13,10,6,12,13	63,74,66,76,70,30,43,42,56,50	18,14,14,12,14,11,12,6,11,10	58,56,71,48,72,54,74,71,45,29	225	288
853	29,21,28,23,32,12,18,9,26,27	65,63,82,50,57,29,39,35,47,36	24,13,18,16,35,19,29,19,17,12	65,50,50,29,68,47,65,40,35,12	146	276
854	9,25,19,8,18,7,10,8,12,13	26,15,21,16,22,9,15,16,17,21	19,8,9,10,23,13,12,13,6,9	20,18,12,24,19,22,28,16,18,5	154	146
855	117,155,151,124,148,99,88,118,132,105	215,274,213,241,180,158,160,178,187,205	131,135,123,148,116,137,189,116,91,98	277,186,160,192,253,192,245,185,194,137	125	1025
856	104,131,93,115,78,34,43,70,86,72	898,992,903,887,767,430,560,693,684,692	119,68,75,108,77,85,106,54,68,58	961,704,735,808,927,800,1007,644,597,464	159	1184
857	10,9,16,15,16,7,24,13,10,21	56,69,70,84,60,78,95,68,62,70	13,5,20,14,16,11,16,11,15,15	61,69,74,71,70,72,79,83,66,79	120	138
858	63,94,86,109,77,78,84,77,73,58	89,105,82,110,81,82,90,113,83,67	77,80,74,92,82,71,87,70,80,70	90,86,87,106,100,86,107,82,98,71	150	159
859	61,58,75,91,71,54,56,71,53,47	144,134,130,147,112,80,116,111,119,87	65,74,66,52,92,65,71,58,60,35	161,142,142,127,135,94,162,116,108,58	150	165
860	115,118,132,136,105,64,108,97,91,77	75,84,71,89,68,36,53,71,60,59	123,104,134,114,161,133,137,100,80,59	85,59,61,59,101,62,86,54,54,31	207	136
862	8,7,4,8,8,5,7,9,7,5	24,27,27,15,33,17,25,30,22,21	10,6,9,9,3,10,6,7,10,3	16,19,22,22,23,30,19,25,13,23	126	246
864	4,3,2,9,4,1,6,2,3,3	6,8,3,7,4,3,0,6,1,7	7,3,1,3,4,2,2,2,1,3	9,4,5,6,3,9,2,7,5,0	114	126
867	11,7,6,10,7,7,5,4,5,6	18,18,21,20,20,9,9,17,13,8	9,8,7,1,8,8,10,4,6,1	11,19,15,12,16,8,15,13,7,6	154	210
868	18,30,20,18,25,32,12,33,26,20	807,989,960,1097,1006,1224,915,1020,935,1116	32,17,19,25,15,23,22,14,39,37	1029,1000,1013,969,972,983,1060,1014,1143,1388	93	95
869	28,21,22,29,19,23,30,27,29,45	27,39,35,47,31,40,30,36,37,46	20,25,26,20,18,26,39,30,30,29	34,48,50,24,29,35,39,28,42,33	203	181
870	43,37,30,42,37,28,21,26,29,23	414,393,369,397,411,354,324,379,365,409	39,24,26,28,46,33,27,20,30,26	455,375,355,355,369,341,409,343,351,393	243	1472
871	419,438,422,413,200,240,272,212,267,269	238,305,316,329,235,233,272,277,276,319	372,260,213,341,512,342,348,219,211,157	256,232,264,253,336,306,320,272,218,178	201	153
872	460,621,516,506,309,272,303,316,357,290	385,454,375,422,119,177,181,135,222,141	449,364,292,396,691,453,408,266,260,185	350,222,151,254,483,320,279,110,88,81	170	201
873	358,476,427,402,322,257,248,270,338,306	347,390,397,359,208,231,245,211,243,262	428,367,261,302,532,358,397,262,270,183	338,236,208,309,443,307,317,217,223,156	153	170
874	45,41,36,35,19,20,26,28,37,32	37,60,42,51,44,38,57,34,54,37	40,23,47,41,36,40,57,35,39,39	64,41,41,60,58,50,66,44,52,54	180	209
875	76,92,81,92,72,71,88,84,111,70	79,76,75,73,72,82,71,79,93,68	92,69,76,101,96,93,123,76,92,107	94,88,88,102,68,94,101,78,88,79	211	218
876	76,90,80,92,72,71,88,81,109,70	24,25,25,24,22,24,30,25,28,27	91,68,75,101,95,93,123,75,92,105	28,19,18,24,14,23,35,22,31,24	211	192
877	76,90,80,92,72,71,88,80,109,69	45,69,52,62,53,62,45,49,39,44	91,68,75,101,95,93,123,75,92,105	56,54,49,49,60,51,61,44,68,60	211	200
878	66,79,65,92,61,76,60,91,69,75	24,27,26,24,22,24,30,29,29,28	83,75,64,91,52,84,83,60,72,81	29,20,19,24,15,23,36,23,31,26	218	192
879	62,74,63,86,61,73,62,90,67,73	62,66,72,62,79,66,44,93,77,70	77,73,63,91,50,82,79,57,68,77	73,65,77,60,81,60,61,71,70,65	218	263
880	58,46,52,45,50,56,55,48,56,43	66,71,75,68,79,69,44,93,79,71	61,48,60,56,43,52,73,52,61,41	80,67,78,61,83,62,65,74,74,69	192	263
881	57,46,51,45,48,56,55,45,55,43	13,17,14,17,6,23,17,11,18,16	61,46,60,56,40,52,74,52,61,41	9,20,17,17,22,13,25,8,24,14	192	148
882	35,45,41,42,37,22,31,34,31,47	72,75,86,71,89,76,57,104,92,82	32,25,38,35,31,38,32,30,31,52	90,74,82,70,89,68,76,79,88,83	237	263
883	31,30,32,36,42,31,32,27,30,42	47,42,48,42,47,46,33,33,44,52	27,29,31,40,29,28,41,29,32,45	45,51,37,46,48,28,40,37,46,61	300	199
884	5,8,7,3,7,8,2,4,3,7	13,12,10,18,13,22,13,8,11,13	8,12,3,4,11,6,9,1,7,5	13,5,16,13,14,14,15,7,10,12	187	238
885	86,60,88,78,73,73,64,72,77,82	318,326,418,363,350,360,357,397,367,379	76,63,70,88,77,90,87,63,67,74	366,376,357,370,459,382,447,326,341,306	126	223
886	94,90,97,114,92,106,78,86,89,81	318,326,418,363,350,360,357,397,367,379	87,101,95,91,76,94,107,79,93,91	366,376,357,370,459,382,447,326,341,306	208	223
887	173,147,146,164,190,95,92,142,120,164	582,378,597,535,695,370,358,537,533,619	192,133,180,117,143,131,171,138,103,71	668,557,595,492,546,552,621,450,528,298	220	695
888	127,106,89,118,109,55,53,96,69,113	581,378,596,535,695,370,358,537,533,618	141,70,95,86,99,71,130,85,104,42	668,557,595,492,546,552,621,450,528,297	164	695
889	128,106,90,118,109,55,53,96,68,113	183,140,137,175,169,102,98,157,141,178	141,70,95,86,99,71,130,85,104,43	213,145,169,121,163,132,168,156,118,79	164	220
890	204,134,152,165,167,79,86,128,137,204	114,108,98,134,129,67,48,96,83,126	214,119,161,149,144,181,204,133,119,68	132,87,105,92,86,91,139,81,79,46	342	164
891	42,45,36,59,50,29,34,35,40,45	2,5,7,7,7,4,7,3,3,8	45,47,54,36,43,33,36,47,32,27	4,3,1,3,1,1,3,2,1,2	189	108
892	47,48,33,59,55,27,35,33,35,47	20,20,12,20,17,8,10,18,26,16	48,61,51,37,41,34,44,42,38,27	16,18,15,13,13,9,19,14,22,13	189	108
893	2,0,2,0,2,0,1,4,3,0	0,1,3,6,3,2,2,2,4,0	0,1,2,1,4,3,1,1,2,0	3,0,4,3,3,4,4,2,5,5	290	233
894	1,0,2,0,0,0,3,2,3,2	2,1,4,2,2,2,2,0,1,4	0,1,4,0,4,1,2,2,1,0	0,3,0,4,2,1,1,3,1,1	278	225
895	19,8,13,9,14,8,9,14,7,11	0,0,0,1,1,0,0,0,0,0	20,13,10,6,14,17,18,8,16,6	0,0,0,0,0,0,0,0,0,0	127	133
896	19,8,13,9,14,8,9,14,7,11	9,9,12,19,12,10,15,9,10,8	20,13,10,6,14,17,18,8,16,6	15,9,1,4,4,4,11,9,4,6	127	157
897	129,151,163,157,136,117,114,124,121,157	677,825,686,711,628,523,441,594,572,781	158,139,118,141,145,134,167,139,120,124	697,486,417,639,609,597,665,615,643,501	200	274
898	162,210,166,179,139,118,76,126,121,183	675,825,683,711,626,523,442,590,565,781	185,108,89,152,122,108,161,146,124,128	696,486,414,639,606,595,659,614,641,500	200	274
899	600,693,587,594,522,412,387,515,529,670	450,606,496,483,410,372,310,391,402,549	603,393,358,581,511,519,567,552,558,434	456,396,332,446,388,351,431,478,393,399	274	267
900	36,39,43,64,43,40,31,51,37,41	253,282,244,267,248,210,224,253,247,281	38,31,38,46,41,33,46,49,36,33	235,252,223,271,283,261,245,276,282,224	108	183
901	54,57,66,74,73,26,61,64,59,48	174,215,199,175,219,91,143,156,171,185	57,57,42,76,59,77,76,52,40,29	207,168,160,152,209,158,205,165,175,104	144	93
904	154,152,160,168,124,51,90,103,101,108	457,600,612,610,489,186,332,411,352,409	147,135,112,111,148,164,171,124,83,52	525,408,391,437,545,517,533,450,312,155	156	309
905	7,5,5,6,9,2,3,11,4,8	11,23,9,13,7,13,3,2,9,15	9,5,3,4,1,2,5,2,5,5	12,12,8,15,13,11,10,13,9,19	105	144
907	181,172,147,162,134,147,118,177,178,164	112,99,110,106,103,102,85,109,100,119	181,171,152,150,185,150,147,147,153,132	124,96,107,103,92,94,101,80,113,94	348	182
908	2,3,5,2,1,0,2,2,1,4	1,4,3,3,2,0,1,1,0,1	2,1,1,4,7,3,1,1,2,1	1,1,3,0,1,3,4,0,0,1	110	93
909	156,157,161,159,155,159,130,133,161,144	124,120,91,128,126,148,118,125,131,128	142,137,144,138,169,145,172,128,137,153	111,101,132,105,143,136,127,96,125,112	188	187
910	13,25,20,13,11,13,14,8,14,11	13,23,16,34,18,12,17,10,21,20	16,11,15,14,15,14,13,11,11,8	19,19,23,13,25,14,20,23,22,23	126	171
912	129,173,125,162,133,144,146,133,152,155	1,1,1,2,0,1,0,1,0,1	124,143,109,164,134,155,175,134,152,173	0,2,0,0,0,0,0,0,1,2	203	99
913	64,77,64,73,71,76,74,82,84,74	213,273,268,341,221,317,246,261,295,350	70,68,56,62,79,79,109,90,111,98	276,266,289,274,275,276,309,257,322,383	154	149
914	7,13,9,11,5,6,4,12,13,16	375,424,403,500,438,462,410,448,388,512	5,7,3,5,14,9,13,6,16,13	458,416,428,446,460,419,531,401,539,617	154	248
915	4,1,4,7,3,6,5,12,10,8	0,1,0,0,1,1,0,2,3,0	6,7,3,7,2,5,5,6,2,2	1,2,1,0,1,1,2,0,1,1	166	124
916	15,10,19,13,11,9,15,15,12,28	31,25,30,24,20,20,21,25,39,37	18,29,13,13,14,11,14,15,24,18	26,22,23,26,30,15,27,31,43,35	129	183
917	36,34,34,39,31,25,28,33,40,38	43,43,62,47,41,42,39,34,48,53	32,21,40,23,35,30,35,32,32,32	56,45,48,36,41,40,45,58,41,50	238	263
918	62,65,62,66,68,63,48,54,61,82	10,11,12,13,13,19,8,18,10,8	50,49,51,53,66,53,69,62,62,61	8,6,12,11,5,10,12,9,7,8	152	102
919	23,24,28,25,38,33,20,21,25,22	37,51,43,55,52,42,44,65,46,55	27,28,17,25,26,24,45,37,24,41	40,46,38,51,48,45,48,38,92,40	171	220
920	9,17,8,7,7,10,11,14,5,10	23,30,23,21,19,32,32,19,17,16	13,6,8,10,15,8,16,12,11,11	17,13,22,21,22,16,16,20,20,31	149	220
921	144,104,126,155,132,135,122,137,124,144	115,104,112,138,121,121,109,125,111,127	142,145,144,118,150,129,132,149,159,155	118,107,117,112,134,105,122,130,99,132	302	204
922	124,152,174,154,135,163,132,131,136,170	147,113,146,169,125,152,138,167,139,143	143,128,146,132,136,150,173,147,175,114	135,152,159,129,171,167,150,158,155,173	271	302
923	17,6,14,18,7,6,12,7,3,7	26,34,29,29,10,4,9,8,15,8	13,6,8,6,20,17,11,3,12,4	16,15,12,19,37,33,11,5,14,7	142	161
924	10,7,7,7,10,7,10,4,6,16	0,1,0,0,0,0,0,0,0,1	5,7,5,5,11,13,10,12,15,14	1,0,0,0,0,0,0,0,1,1	139	263
925	7,1,3,6,7,11,4,4,2,6	0,0,0,0,0,0,0,1,0,0	4,4,5,2,3,6,4,3,7,2	0,0,0,0,0,0,1,0,0,0	139	263
926	41,40,49,49,40,30,29,33,31,33	56,55,55,53,57,46,55,55,42,48	43,44,26,42,54,30,41,33,31,33	64,57,47,43,53,58,63,48,61,35	162	225
927	447,484,541,518,538,300,385,427,412,518	144,155,162,164,134,93,111,130,131,147	544,455,480,439,551,509,565,467,393,296	169,138,142,116,177,144,165,141,116,114	319	146
928	16,18,29,19,22,9,22,11,12,15	32,35,37,46,38,11,17,31,25,24	31,20,18,24,30,14,36,12,16,10	28,32,24,24,38,40,31,22,15,9	159	229
929	40,41,46,51,37,17,24,35,29,23	42,45,41,32,33,26,23,38,19,24	35,30,32,29,37,37,37,27,22,13	39,32,29,31,43,32,38,16,17,7	229	261
930	19,18,15,24,37,19,24,23,29,18	16,37,30,29,33,29,22,23,32,36	24,22,15,30,29,30,25,29,30,22	31,25,29,22,34,18,25,16,38,29	241	211
931	3,2,8,2,1,7,4,4,3,1	7,5,6,6,3,8,9,5,4,8	2,4,4,2,3,3,3,6,5,2	10,3,5,8,9,6,5,7,1,5	125	181
932	13,25,22,23,30,18,19,19,19,31	32,32,23,29,29,27,17,31,27,36	29,20,24,18,24,23,25,15,17,17	26,31,27,26,28,25,24,26,25,36	214	173
933	23,15,21,18,18,13,16,20,21,24	29,29,21,27,27,27,17,29,24,34	18,19,20,16,17,19,25,22,22,27	26,29,23,25,25,24,21,24,22,33	171	173
934	22,17,19,18,19,10,16,20,20,26	26,31,29,17,31,19,25,22,18,24	16,21,24,15,15,19,27,22,24,28	23,27,25,17,39,25,23,28,19,30	171	214
935	228,261,302,294,270,170,117,185,197,192	83,83,103,101,92,55,69,81,80,75	271,267,225,199,279,227,284,201,120,143	89,73,75,59,91,72,107,91,67,71	2955	5292
936	63,77,82,73,45,54,61,66,66,75	61,77,81,66,55,72,53,73,52,82	66,58,53,62,74,70,71,55,63,63	92,63,66,67,80,66,62,57,73,66	153	147
937	838,865,1006,1064,945,371,572,499,676,714	1448,1246,1520,1548,1518,621,897,931,1031,1101	938,786,670,685,1058,886,955,593,472,309	1490,1045,1196,1088,1593,1327,1439,937,828,535	271	279
938	842,855,1004,1024,926,388,570,524,675,684	1448,1246,1520,1548,1518,621,897,931,1031,1101	960,757,680,692,1062,866,970,591,472,292	1490,1045,1196,1088,1593,1327,1439,937,828,535	268	279
939	1154,985,1166,1236,1178,489,721,757,818,876	0,0,0,0,0,0,1,0,0,0	1150,865,930,862,1240,1063,1151,733,714,399	0,0,0,1,0,0,0,0,0,0	279	135
940	1871,1724,2046,2108,2107,831,1186,1279,1393,1551	13,18,11,20,12,6,11,14,11,16	2082,1513,1471,1506,2162,1880,1958,1396,1154,732	14,10,14,14,6,17,18,13,14,6	219	213
941	1,2,6,1,6,4,2,3,1,2	49,41,52,51,54,27,25,27,33,26	6,2,2,4,4,0,1,2,4,3	48,37,40,44,58,42,67,46,43,44	123	197
942	0,1,2,2,2,0,0,0,1,1	0,0,0,0,0,1,0,1,3,0	1,1,0,2,4,3,3,1,0,2	0,1,0,0,0,1,0,0,0,0	136	178
943	64,89,79,69,92,56,42,79,105,43	79,144,120,107,101,67,66,107,88,70	82,53,61,95,81,62,93,133,103,80	90,85,85,130,61,94,121,132,139,89	186	222
944	73,138,102,83,91,59,63,99,96,58	65,95,84,87,78,49,47,78,70,51	92,75,81,117,64,80,117,140,110,100	81,64,82,103,61,76,98,147,93,61	222	152
945	14,15,15,19,15,8,12,14,16,11	5,5,5,13,7,4,7,6,8,4	19,13,17,10,20,17,8,5,9,5	12,12,4,6,11,8,9,9,5,4	207	147
946	80,87,105,93,64,52,68,75,71,91	95,97,90,80,90,56,46,71,69,80	75,70,76,77,72,79,98,59,53,51	77,66,77,75,85,71,105,51,80,50	219	202
947	105,113,130,131,141,40,66,81,100,60	75,91,83,91,104,17,43,56,51,51	129,90,98,81,153,123,111,67,49,22	89,80,57,63,95,78,92,47,37,14	278	202
948	105,113,130,132,141,40,65,81,100,60	73,62,94,102,81,19,38,41,50,46	129,90,98,81,153,123,111,67,49,22	74,41,60,63,72,69,82,47,46,19	278	186
949	24,29,18,14,25,21,14,25,13,17	22,32,16,37,28,20,18,13,15,26	20,11,22,13,21,23,29,15,16,22	20,24,21,26,47,12,23,23,24,21	160	158
950	16,24,22,14,15,15,8,21,15,13	46,59,62,40,41,35,31,32,46,37	15,11,15,18,19,20,23,14,17,9	49,41,37,37,48,43,46,44,44,37	158	252
951	57,74,51,64,50,43,35,39,47,46	28,37,11,23,14,29,18,25,27,23	59,51,50,48,76,40,52,49,55,46	22,18,31,29,27,21,21,30,21,25	252	179
952	22,21,23,23,31,3,19,23,17,8	29,42,45,38,47,6,13,25,32,22	24,13,16,10,23,15,16,9,10,5	38,26,31,28,48,32,30,23,19,8	185	295
953	825,1022,1047,1097,928,814,826,873,836,1002	1285,1385,1313,1499,1297,1134,1165,1300,1197,1455	936,892,862,924,917,866,1024,855,876,806	1404,1296,1376,1310,1368,1321,1392,1237,1368,1210	139	225
954	337,317,340,321,307,333,263,310,295,342	294,329,382,365,341,319,263,315,291,373	313,307,271,287,362,317,313,296,327,262	322,290,240,263,363,315,346,263,340,304	222	189
955	0,3,0,0,1,1,0,0,2,3	2,3,2,1,1,2,2,2,0,2	0,0,1,0,1,1,1,1,0,1	4,2,2,6,0,3,3,0,1,6	324	311
956	181,165,195,169,166,118,139,146,148,152	347,317,359,362,324,280,262,273,278,313	171,145,159,177,186,183,210,139,141,124	336,305,313,325,378,303,391,326,309,296	160	213
957	249,198,254,276,216,93,144,180,192,174	417,467,473,445,441,224,300,336,353,329	225,169,204,215,229,260,286,180,169,91	426,356,357,369,444,415,499,318,277,213	273	237
958	109,96,89,96,105,55,65,83,73,62	12,15,14,21,11,14,9,12,10,13	98,92,104,96,122,82,95,82,58,54	5,18,17,19,16,22,17,13,13,5	281	140
959	20,25,21,23,16,18,15,14,22,21	19,22,21,28,16,25,13,22,29,18	15,21,20,13,28,19,24,21,19,22	19,20,19,24,21,24,28,16,19,25	167	132
960	33,45,32,48,37,24,25,24,31,44	13,18,25,24,23,12,15,14,12,22	37,45,32,35,40,45,34,40,36,21	23,20,14,24,29,15,14,19,21,10	256	164
961	0,0,3,0,0,0,0,1,0,0	24,21,24,29,14,7,14,14,12,18	0,0,1,0,1,0,2,1,2,0	22,23,22,14,31,23,23,26,16,8	128	227
962	5,5,3,2,3,3,2,5,2,8	17,16,26,22,22,9,20,22,14,13	3,5,2,3,3,8,3,2,0,0	13,19,13,18,21,16,27,17,23,6	132	174
963	21,30,20,26,31,23,20,32,25,26	18,22,28,33,35,27,16,30,26,30	31,28,21,28,27,28,23,23,21,27	13,29,18,17,39,36,30,22,30,22	159	160
964	32,42,45,53,45,36,40,36,40,36	54,48,51,62,57,36,45,44,51,44	49,32,43,39,53,36,44,46,37,30	67,28,30,39,41,50,52,46,48,37	147	188
965	13,14,12,12,12,2,4,4,5,10	20,17,29,29,26,6,11,16,16,19	12,3,7,10,11,10,13,8,2,5	19,20,21,16,19,14,14,12,18,11	195	269
966	20,20,22,26,21,6,15,5,11,11	16,31,24,15,17,8,15,16,10,16	16,16,16,21,24,10,16,8,12,8	11,22,12,20,17,14,12,14,6,7	269	237
967	80,77,84,104,72,37,30,69,51,60	31,18,16,29,24,7,18,22,17,35	104,49,42,24,97,69,106,51,63,25	27,15,8,11,32,14,29,13,16,7	462	198
968	34,29,27,33,38,28,25,32,33,36	49,91,62,72,73,70,58,70,81,62	50,35,33,32,38,35,26,32,40,29	95,61,54,70,83,73,92,65,78,54	126	254
969	37,43,37,48,47,37,21,43,48,49	76,88,76,87,74,56,65,84,65,67	47,39,45,59,43,35,54,47,43,43	89,79,74,64,74,83,86,67,92,75	159	190
970	11,13,14,20,16,5,10,11,15,11	68,50,64,58,56,41,44,52,48,53	14,6,4,4,21,9,14,11,13,13	81,28,17,32,81,39,52,30,58,70	199	224
971	80,74,71,67,42,82,57,68,60,63	51,54,43,55,35,55,47,41,47,67	74,60,52,60,76,45,78,63,86,84	47,36,45,31,66,45,57,57,64,68	194	92
972	9,3,7,9,9,5,8,8,15,8	6,2,0,3,0,6,2,3,2,2	5,8,3,6,7,4,9,7,12,6	2,1,1,2,1,3,3,7,4,5	139	118
973	5,5,8,10,9,4,7,16,12,15	15,4,9,15,11,20,9,13,8,13	10,11,9,9,12,9,9,10,10,6	9,10,13,10,13,10,9,7,17,10	181	161
974	146,161,165,150,113,115,122,132,128,122	233,263,257,256,218,209,221,239,211,226	152,126,121,124,136,123,158,121,130,115	239,234,218,230,265,231,266,220,236,252	202	200
975	154,162,152,163,158,125,114,172,162,184	190,222,205,187,156,151,149,187,152,158	151,153,137,156,175,166,170,158,146,131	202,169,168,180,198,198,206,171,153,159	254	202
976	133,144,124,133,132,95,93,131,126,151	190,221,204,185,156,150,150,183,150,158	131,127,117,124,152,136,140,126,113,106	201,165,165,176,196,193,204,169,151,159	254	202
977	26,25,30,23,19,18,25,31,33,23	190,222,205,187,156,151,149,187,152,158	27,19,33,24,28,22,38,19,30,21	202,169,168,180,198,198,206,171,153,159	182	202
978	151,164,139,143,141,103,107,145,139,158	192,222,206,187,156,150,149,183,151,159	150,147,122,135,161,149,158,134,124,117	201,165,167,178,196,193,205,172,150,160	254	202
979	23,30,31,37,35,13,15,28,15,29	264,289,277,267,237,197,204,253,243,264	35,39,34,28,29,31,27,25,17,22	264,242,225,237,274,244,283,238,228,204	163	254
980	44,36,48,37,39,43,39,33,42,48	12,25,26,24,26,32,25,32,22,26	34,26,34,42,38,31,36,47,37,43	34,20,35,18,26,34,32,25,33,34	202	143
981	19,15,8,8,6,0,9,8,11,11	20,14,25,20,21,8,11,7,19,20	8,6,13,7,9,10,14,6,5,6	21,15,12,10,17,16,19,8,7,11	176	171
982	27,20,29,25,28,21,14,16,20,30	20,14,25,21,20,8,11,7,19,20	21,22,10,21,25,14,23,14,14,16	21,15,12,10,17,16,19,8,7,11	272	171
983	3,6,6,8,3,6,3,0,3,2	6,15,16,20,12,8,16,12,13,18	2,1,2,1,6,1,7,4,0,4	9,16,8,10,18,19,10,15,17,10	171	186
984	17,18,14,27,11,11,15,11,20,12	6,15,16,20,12,8,16,12,13,21	12,13,16,8,14,18,20,11,10,19	9,16,8,10,18,19,10,15,17,10	171	186
985	72,80,84,65,65,32,55,57,62,53	114,149,176,150,137,68,103,118,98,106	74,46,76,66,89,87,98,67,59,43	181,147,130,125,155,142,155,136,86,75	212	254
986	83,93,89,80,79,41,69,54,71,74	187,211,261,222,204,119,171,191,158,197	89,72,83,87,93,97,92,96,67,56	233,199,187,205,219,195,242,215,184,130	231	333
987	82,95,87,96,84,42,71,59,60,91	274,336,382,346,318,188,255,292,254,330	88,80,82,94,96,104,104,91,67,69	338,326,297,321,352,312,368,322,270,190	228	333
988	321,394,424,403,368,220,301,326,289,375	13,7,19,8,26,10,11,7,10,13	396,383,350,366,417,371,415,378,323,218	16,10,17,7,14,5,14,17,7,8	333	171
989	64,75,66,73,72,84,65,76,71,83	64,95,82,72,81,81,73,65,66,72	67,64,67,91,85,71,81,75,79,110	76,66,67,56,80,88,63,65,65,92	219	209
990	67,64,48,66,57,67,62,62,62,72	64,95,82,72,81,81,73,65,66,72	62,52,42,79,65,60,72,57,61,80	76,66,67,56,80,88,63,65,65,92	212	209
991	80,138,107,115,92,135,99,87,107,109	73,75,84,105,90,88,84,71,85,82	100,93,86,103,112,114,97,93,103,114	83,81,67,81,103,85,95,95,72,105	209	234
992	8,11,6,5,13,6,5,7,4,4	33,28,30,31,28,7,9,25,14,10	4,14,14,11,12,9,12,6,6,3	32,12,23,20,22,18,22,12,15,5	139	200
993	0,2,0,1,0,1,2,0,1,1	32,29,30,31,28,7,9,25,14,11	0,1,3,0,1,0,0,0,0,0	32,12,23,20,23,18,22,12,15,5	139	200
994	38,43,44,33,35,10,16,24,16,20	16,30,21,19,20,9,9,14,9,8	21,27,22,29,38,26,48,32,8,14	21,18,6,14,16,12,18,12,11,8	204	139
995	25,32,27,25,30,3,18,22,12,25	36,46,39,26,40,10,16,24,15,17	22,19,24,20,28,23,47,15,17,14	16,31,23,36,37,29,43,28,11,12	204	204
996	17,16,9,6,26,4,8,5,10,8	18,29,22,22,33,8,12,21,12,17	21,14,14,12,13,14,17,17,4,3	21,18,28,16,32,18,44,15,12,13	196	204
997	47,40,44,44,36,19,26,24,22,29	33,64,55,48,45,27,26,41,39,48	34,39,31,36,45,37,39,33,29,19	49,51,45,33,70,45,51,62,30,24	245	252
998	27,29,30,31,23,20,19,32,16,19	168,234,217,220,198,164,190,192,208,217	17,22,25,20,26,18,15,23,25,12	222,202,176,206,203,189,248,183,202,174	98	260
999	633,807,738,801,781,426,488,546,594,616	160,167,194,176,197,86,92,133,154,149	708,678,556,708,722,694,774,595,499,359	164,153,157,177,190,164,186,153,127,81	240	156
1000	51,40,42,53,38,20,24,32,45,43	56,61,74,77,63,28,43,37,42,40	51,49,30,38,54,37,45,40,24,21	56,50,46,59,86,65,59,52,30,8	165	210
1001	1,5,10,4,6,1,1,5,2,6	5,1,0,4,3,1,1,4,0,2	8,4,5,1,3,7,7,4,1,8	7,0,4,3,7,3,8,4,1,5	140	144
1002	85,64,77,71,86,71,79,91,80,107	113,110,124,139,116,139,84,115,131,128	66,97,72,64,67,76,81,56,68,99	129,135,105,121,120,117,144,109,125,140	177	163
1003	78,63,82,73,83,26,44,50,44,43	41,45,37,37,39,19,18,23,15,34	62,43,69,62,75,62,82,68,46,25	41,28,29,21,38,30,30,30,25,11	331	168
1004	28,24,44,25,38,16,21,34,24,22	13,18,24,14,16,15,14,9,7,11	39,34,21,43,44,33,33,21,10,20	19,13,19,11,17,14,24,15,6,9	168	150
1005	15,10,23,15,10,9,8,6,5,10	6,8,7,7,8,6,7,6,5,13	18,11,9,8,17,11,11,15,15,18	4,7,7,8,11,6,5,10,6,9	197	183
1006	5,2,10,8,6,1,2,4,2,4	7,8,8,7,7,6,7,7,5,11	7,6,3,4,6,5,3,3,7,12	4,7,7,8,11,6,5,10,5,9	197	183
1007	18,12,26,16,10,12,14,9,8,11	25,21,28,21,17,20,18,13,12,23	20,16,10,10,20,13,14,16,17,20	17,12,23,21,21,25,22,22,27,22	197	230
1008	8,4,13,9,6,4,8,7,5,5	25,21,28,20,17,20,18,13,11,23	9,11,4,6,9,7,6,4,9,14	17,12,23,20,21,25,22,22,27,22	197	230
1009	58,52,57,46,35,9,31,33,31,40	52,60,65,46,58,16,38,38,42,45	44,45,59,41,46,34,36,44,25,13	66,44,51,57,67,60,54,47,30,12	183	190
1010	212,202,204,211,158,254,171,182,194,194	168,133,146,171,126,193,173,154,179,187	204,196,173,203,202,186,197,192,255,244	177,123,173,157,173,153,156,153,184,260	144	150
1011	145,180,161,172,165,105,100,120,133,171	84,81,104,66,73,39,66,47,61,81	184,126,137,156,163,157,194,153,120,92	55,65,55,57,61,76,78,61,48,36	249	178
1012	2,2,0,3,1,1,1,3,1,2	0,1,3,1,5,1,3,2,0,2	0,3,3,3,2,2,4,3,1,1	1,0,0,0,2,1,0,0,1,1	192	162
1013	0,5,0,6,2,1,1,2,0,4	12,6,10,13,14,8,3,8,4,4	1,1,0,1,1,3,1,3,0,1	15,11,9,11,16,5,14,5,12,8	112	165
1014	416,534,445,461,413,437,387,427,391,435	491,529,524,535,476,491,410,444,482,531	425,366,370,435,478,424,502,441,440,415	503,425,425,493,536,456,539,469,512,529	198	244
1015	216,253,234,267,233,228,229,239,266,247	287,383,305,300,281,286,263,265,280,279	232,214,214,227,263,278,281,246,264,265	274,255,265,283,339,280,352,282,287,294	280	173
1016	4,2,1,1,0,0,3,1,0,4	4,9,8,6,5,6,5,7,5,4	0,2,2,1,1,2,1,0,0,3	6,4,8,8,11,4,9,8,6,9	177	294
1017	0,0,1,0,0,0,0,0,0,0	0,0,1,0,0,0,0,0,0,0	0,0,0,0,0,0,0,0,0,0	0,1,0,0,0,0,0,1,0,0	167	288
1018	27,23,15,23,20,18,11,31,19,24	5,13,9,12,11,8,2,7,8,7	20,18,15,31,15,21,42,15,21,20	4,6,2,4,10,8,12,11,10,7	207	197
1019	14,18,12,21,24,17,16,29,23,23	36,36,12,33,20,17,18,44,28,47	33,12,12,24,21,37,32,7,14,15	33,17,16,28,23,41,47,17,18,15	187	139
1020	10,14,6,7,17,3,11,23,9,11	37,36,12,30,19,17,18,43,30,47	23,10,8,12,9,18,17,7,4,7	32,15,16,28,24,41,48,17,19,15	187	139
1021	8,10,6,7,17,4,11,18,7,8	35,35,12,30,19,18,18,43,28,46	19,9,8,12,8,17,15,7,5,7	32,15,15,28,23,41,47,17,18,15	187	139
1022	9,9,6,7,17,3,11,18,8,9	36,35,12,31,19,17,18,43,28,46	19,8,8,13,8,17,16,5,4,7	32,15,15,28,23,41,48,17,18,15	187	139
1023	430,488,396,373,310,239,256,396,421,449	28,31,26,22,29,19,22,42,27,24	520,282,275,468,349,489,748,295,276,270	45,21,20,42,20,35,51,22,20,23	2205	187
1024	29,38,31,26,31,13,15,31,33,36	28,31,26,22,29,19,22,42,27,24	47,23,22,33,21,28,61,17,17,15	45,21,20,42,20,35,51,22,20,23	275	187
1025	360,422,425,436,401,359,334,400,354,449	541,562,590,575,536,603,518,593,534,677	485,390,409,408,431,429,434,389,455,442	680,555,622,570,576,529,582,522,683,720	256	287
1026	21,27,34,37,25,28,27,20,29,21	541,562,590,575,536,603,518,593,534,677	31,47,42,28,30,34,32,27,20,35	680,555,622,570,576,529,582,522,683,720	154	287
1027	1255,1325,1358,1431,1213,1317,1212,1264,1170,1456	516,525,574,549,498,571,540,483,523,630	1452,1262,1420,1244,1399,1298,1392,1208,1328,1299	545,560,578,578,587,495,549,504,582,592	264	151
1028	1255,1325,1358,1431,1213,1317,1212,1264,1170,1456	318,328,378,391,318,452,355,332,368,356	1452,1262,1420,1244,1399,1298,1392,1208,1328,1299	373,337,333,362,337,362,393,303,419,418	264	232
1029	179,215,231,248,194,164,168,184,192,202	40,48,39,51,53,29,31,26,33,47	204,189,189,205,224,220,246,208,184,181	39,41,34,38,35,41,48,42,38,34	249	122
1030	25,37,31,40,21,32,18,36,33,38	54,53,57,58,50,49,46,44,39,41	40,35,36,19,23,36,42,26,32,32	48,53,41,58,65,42,51,39,32,35	190	209
1031	126,140,121,115,118,134,127,111,122,136	2,3,1,2,0,1,2,1,2,2	109,111,99,104,133,109,150,101,139,114	2,0,1,1,2,0,4,2,2,2	236	151
1032	77,73,77,77,67,16,26,47,48,23	13,12,15,22,14,1,5,17,10,12	75,50,48,63,77,52,59,46,28,18	18,9,16,15,18,23,15,24,8,2	756	256
1033	152,217,198,200,210,88,112,191,143,157	211,273,237,241,207,129,140,194,161,171	165,172,139,168,205,168,232,143,108,97	225,174,157,213,235,180,279,186,149,128	226	225
1034	8,3,6,8,3,4,10,5,3,3	3,5,7,6,3,4,6,3,5,11	9,6,8,4,5,6,11,1,7,5	3,0,1,2,3,7,10,7,9,11	213	232
1035	40,36,44,41,39,39,47,41,51,52	10,11,6,7,9,6,8,6,5,14	44,35,43,33,32,33,42,53,53,47	11,8,9,9,13,6,5,5,5,3	108	169
1036	11,17,15,20,13,16,17,19,17,20	10,11,6,7,9,6,8,6,5,14	21,12,18,11,8,10,17,21,18,13	11,8,9,9,13,6,5,5,5,3	103	169
1037	33,52,32,27,29,45,28,27,25,29	261,311,306,331,328,378,266,283,276,236	41,35,27,44,21,22,35,14,26,24	299,259,235,280,353,274,320,276,317,241	212	239
1038	160,171,157,180,180,218,170,148,155,139	168,214,200,223,200,263,155,216,176,200	171,132,138,152,211,158,169,159,183,136	202,202,153,181,210,204,203,160,238,176	239	188
1039	257,283,301,290,291,303,247,255,278,247	168,214,200,223,200,263,155,216,176,200	300,261,246,267,329,273,313,258,324,223	203,202,153,179,211,204,203,160,239,176	239	188
1040	188,255,242,263,241,291,186,229,216,202	235,229,251,286,307,363,208,261,227,277	236,224,184,214,248,216,242,187,253,185	265,270,188,244,269,262,254,246,280,221	188	183
1041	84,107,99,85,79,50,49,84,81,84	102,139,126,170,108,103,99,125,121,124	83,71,76,65,99,99,102,114,80,51	143,127,110,140,159,131,136,134,121,83	156	130
1042	84,107,98,85,79,50,49,84,81,85	178,214,185,204,212,129,149,141,176,178	83,71,76,65,99,99,102,114,80,51	189,193,191,178,212,197,210,170,158,126	156	170
1043	2,0,2,0,1,2,1,1,1,1	2,3,6,11,9,5,3,3,5,7	2,0,3,0,1,1,1,1,1,3	10,7,5,3,3,3,8,6,4,0	216	282
1044	8,2,6,17,8,2,6,6,8,7	2,3,5,10,10,5,3,3,5,7	5,11,6,1,11,6,11,5,0,1	10,7,5,3,3,3,8,6,4,0	473	282
1045	194,221,198,208,161,204,172,217,218,218	205,218,268,251,194,233,172,213,194,239	183,197,220,206,208,235,241,248,233,239	206,219,193,240,249,217,243,216,234,231	181	210
1046	331,347,314,327,304,266,262,307,267,346	45,79,96,81,75,42,61,69,71,77	354,327,288,291,380,327,334,301,337,225	73,64,83,60,80,66,66,66,68,51	279	156
1047	72,65,85,75,82,43,50,54,68,62	192,185,242,220,213,182,160,182,193,229	68,63,66,57,82,72,110,75,57,35	197,192,199,183,223,229,244,184,186,139	182	242
1048	72,65,85,75,82,43,50,55,68,62	311,329,342,374,350,228,267,277,280,321	68,63,67,57,82,71,110,75,57,36	321,296,289,388,368,320,382,338,302,244	182	271
1049	118,145,159,125,148,143,127,125,120,129	58,61,57,70,62,74,58,66,58,55	134,139,132,145,145,141,132,139,121,116	65,61,57,59,77,54,70,57,64,64	708	236
1050	114,144,154,122,145,135,119,119,118,121	32,44,43,38,36,38,28,37,35,40	126,135,131,140,141,133,126,134,115,111	49,37,42,42,46,38,39,35,50,46	708	235
1051	135,157,179,137,137,83,116,84,116,126	110,127,151,155,163,98,108,154,128,157	183,126,125,115,147,115,158,99,102,83	132,137,146,127,150,168,162,137,146,102	147	171
1052	17,13,15,20,10,7,9,15,11,15	141,164,194,198,208,126,149,184,161,212	20,18,23,11,14,15,17,20,8,4	176,175,180,169,201,221,226,180,186,125	114	171
1053	9,14,9,15,8,9,5,9,15,14	18,18,25,19,24,12,12,18,17,12	5,10,7,8,11,12,15,6,9,12	17,15,23,19,19,15,21,20,14,15	137	258
1054	1,4,10,3,4,2,4,7,2,5	7,4,6,10,10,5,3,5,10,7	7,1,0,1,1,10,2,3,6,5	4,11,5,7,8,8,4,9,8,8	115	146
1055	12,6,10,10,17,10,6,10,10,10	8,10,8,14,11,10,14,10,14,10	8,13,5,10,9,5,17,3,12,4	10,7,9,4,10,12,11,7,4,13	146	164
1056	712,732,741,780,774,638,628,641,686,741	754,901,941,872,829,815,790,746,804,945	749,700,664,722,778,750,861,797,731,699	761,859,772,793,908,855,933,842,900,864	296	245
1057	712,732,741,780,773,638,628,641,686,741	888,1069,1044,1067,957,928,862,876,937,1152	749,700,664,722,779,750,861,797,732,699	902,990,860,932,1084,973,1082,949,1000,922	296	245
1058	1,1,2,3,2,2,2,3,4,1	889,930,978,981,796,805,811,823,889,948	0,2,3,1,1,2,1,5,0,1	884,844,806,882,950,877,979,846,928,936	150	234
1059	1,1,2,3,2,2,2,3,4,1	32,34,49,47,40,36,32,31,47,70	0,2,3,1,1,2,1,5,0,1	60,39,35,30,26,35,34,37,35,39	150	108
1060	1,1,2,3,2,2,2,3,4,1	2,0,2,2,0,0,0,0,0,1	0,2,3,0,1,2,1,5,0,1	1,1,0,0,0,0,1,0,0,1	150	108
1061	1,1,2,3,2,2,2,3,4,1	278,320,358,375,293,333,266,305,313,363	0,2,3,0,1,2,1,5,0,1	345,341,296,303,346,319,382,314,312,305	150	135
1062	889,930,978,981,796,805,811,823,889,948	32,34,49,47,40,36,32,31,47,70	884,844,806,882,950,877,979,846,928,936	60,39,35,30,26,35,34,37,35,39	234	108
1063	2,0,2,2,0,0,0,0,0,1	278,320,358,375,293,333,266,305,313,363	1,1,0,0,0,0,1,0,0,1	345,341,296,303,346,319,382,314,312,305	108	135
1064	72,102,78,81,80,106,82,83,75,97	46,38,50,60,41,41,29,35,33,48	81,79,83,73,96,84,87,83,106,97	34,44,29,38,60,36,47,48,52,69	229	144
1065	31,31,36,37,38,23,34,32,21,38	74,79,90,82,70,71,80,66,78,80	29,34,41,33,36,40,48,28,22,37	63,66,64,65,71,75,88,70,70,88	160	261
1066	45,65,64,68,64,33,37,60,37,62	86,69,83,120,80,51,61,77,66,88	63,40,55,45,54,65,76,61,55,34	87,72,100,99,96,82,96,106,71,44	155	155
1067	54,39,46,56,47,22,28,37,32,39	169,191,191,195,183,139,119,126,162,154	49,27,42,53,56,51,64,47,32,24	188,135,154,181,187,145,185,177,164,115	146	254
1068	159,166,168,157,148,92,98,104,122,129	49,63,54,46,55,32,33,41,43,38	164,131,135,143,150,129,148,120,119,96	41,47,34,33,48,50,59,33,44,23	254	119
1069	61,76,94,79,67,33,71,64,98,64	190,256,212,218,224,173,189,183,191,211	64,72,78,70,107,99,110,86,79,60	210,194,163,213,243,227,280,217,187,183	210	237
1070	61,76,94,79,67,33,71,64,98,64	196,207,216,255,217,136,179,197,192,226	64,72,78,70,107,99,110,86,79,60	230,189,179,205,237,193,235,201,189,163	210	235
1071	47,53,59,49,58,21,46,45,80,43	195,207,215,255,216,136,179,197,189,226	45,56,54,48,78,66,84,59,54,43	230,190,179,200,236,193,234,201,189,162	210	235
1072	86,83,90,115,80,47,64,79,69,73	49,88,72,80,67,54,53,46,61,75	71,77,92,75,109,70,86,54,58,64	60,78,54,72,67,51,87,60,47,32	200	184
1073	188,176,199,205,181,150,154,166,149,185	125,105,150,140,117,93,102,125,120,120	229,137,169,173,241,208,198,191,169,132	103,105,92,115,148,139,127,113,117,89	316	217
1074	954,1027,1052,1041,925,1024,837,861,881,1103	9,9,10,11,4,5,5,12,8,10	953,919,874,1000,1065,907,998,948,1078,1063	6,9,9,1,14,5,9,11,15,10	228	228
1075	181,207,244,180,215,121,133,184,204,186	154,177,196,165,159,158,126,186,175,165	208,171,166,146,236,244,233,179,218,131	152,143,148,168,172,141,186,131,147,87	149	153
1076	54,50,48,66,47,29,44,48,37,50	45,60,55,57,44,37,25,31,30,33	44,36,57,41,54,41,52,33,56,34	52,40,45,33,48,47,45,32,40,23	204	189
1077	46,39,36,47,32,42,39,46,40,45	32,44,50,43,51,40,40,42,45,47	41,57,29,34,52,44,50,49,44,30	43,42,38,63,35,49,52,38,71,54	188	201
1078	114,113,143,130,107,72,79,91,94,100	57,91,86,74,80,61,62,59,63,69	95,114,83,97,132,109,113,95,100,71	92,53,64,82,90,71,74,82,63,54	177	168
1079	54,53,60,62,38,22,33,40,38,40	57,89,86,73,80,60,62,60,63,68	43,30,40,42,51,56,52,46,44,32	92,52,64,81,90,71,74,82,61,53	177	168
1080	186,247,241,214,188,117,141,168,164,227	57,89,86,73,80,60,62,60,63,68	195,207,175,219,262,235,234,167,221,137	92,52,64,81,90,71,74,82,61,53	272	168
1081	186,247,241,214,188,117,141,168,164,227	54,53,60,62,38,22,33,40,38,40	195,207,175,219,262,235,234,167,221,137	43,30,40,42,51,56,52,46,44,32	272	177
1082	187,249,241,214,189,118,140,165,163,228	124,139,136,122,100,59,77,87,87,85	194,208,175,220,262,235,233,167,222,138	108,88,90,100,119,125,129,102,93,75	272	177
1083	48,49,64,50,52,54,43,46,61,60	73,72,60,72,70,80,61,71,71,67	34,44,49,55,74,56,72,55,70,57	70,64,57,64,70,74,86,58,73,72	243	192
1084	113,126,113,114,133,68,67,109,110,142	225,251,243,291,248,197,183,218,214,256	122,121,127,106,109,131,147,121,144,98	289,234,239,248,230,298,309,254,222,233	162	291
1085	1,1,4,2,2,0,1,1,2,0	0,3,1,2,2,2,1,2,4,4	3,0,1,1,2,3,2,0,3,3	2,3,2,2,4,0,2,2,1,2	148	145
1086	819,884,905,965,713,824,760,830,772,932	701,851,761,909,804,797,691,757,687,924	859,777,797,875,937,890,931,802,915,837	748,817,744,796,795,767,838,735,974,887	261	221
1087	434,477,520,529,390,416,409,451,433,457	1078,1357,1309,1325,1187,1270,1066,1167,1157,1368	495,502,425,487,484,469,526,434,478,545	1419,1193,1261,1390,1254,1304,1439,1284,1361,1398	171	503
1088	243,259,254,263,231,279,208,280,286,319	217,221,255,257,221,300,266,280,226,301	274,277,302,294,290,280,264,292,280,323	285,236,242,258,258,273,263,228,316,333	159	139
1089	252,262,256,269,239,285,211,286,296,325	150,215,183,171,184,236,184,196,204,257	279,279,303,295,296,287,268,295,288,327	220,192,184,171,209,187,201,206,241,194	159	152
1090	252,262,256,269,239,285,211,286,296,325	5,12,4,5,9,13,9,9,8,6	279,279,303,295,296,287,268,295,288,327	3,11,5,9,8,7,7,6,4,8	159	134
1091	342,322,363,422,328,342,304,367,330,382	345,398,433,388,389,399,370,379,388,416	353,287,331,305,365,398,362,331,331,319	467,367,387,391,421,373,429,345,390,383	201	204
1092	197,165,219,233,204,190,193,200,178,253	253,303,338,374,323,284,277,336,270,363	251,227,210,215,197,178,213,166,209,189	323,298,309,270,325,286,343,297,334,270	144	201
1093	447,499,424,480,444,427,415,440,436,496	530,627,558,582,574,520,490,503,543,675	509,443,414,428,553,420,517,487,460,390	564,508,513,562,635,545,606,555,594,488	237	240
1094	98,124,123,101,124,45,92,86,85,102	192,224,243,273,231,131,146,167,178,174	121,83,79,99,118,102,120,73,89,57	231,182,203,216,228,244,243,210,128,126	166	178
1095	105,113,152,142,103,125,109,141,124,111	446,500,527,532,467,440,409,427,453,509	109,127,127,117,123,121,101,131,109,110	474,480,424,461,479,514,530,457,537,502	147	204
1096	328,329,338,350,268,288,249,321,293,304	227,243,274,297,263,203,218,262,240,259	305,333,306,279,306,320,320,287,320,324	238,239,245,243,292,237,275,219,285,256	204	148
1097	7,13,9,11,11,5,3,5,7,12	18,24,22,23,18,15,18,20,20,9	9,6,6,3,8,9,12,12,3,0	28,23,27,22,24,23,17,22,23,10	128	237
1098	87,70,53,82,66,36,37,58,55,55	40,67,42,62,68,43,52,51,45,52	72,62,60,78,67,69,61,50,56,40	62,56,55,54,59,52,61,51,48,37	152	177
1099	29,46,36,33,13,25,22,22,31,20	14,13,17,14,11,5,7,8,17,10	31,24,26,20,39,18,28,26,19,18	8,9,10,14,25,5,8,12,16,15	270	178
1100	7,7,15,11,11,2,4,13,13,10	19,19,30,19,16,16,16,13,10,20	6,16,19,11,16,12,13,7,17,15	9,32,31,20,19,40,34,20,35,27	148	244
1101	24,22,11,24,26,14,15,22,10,16	17,23,14,24,27,16,23,9,20,18	17,17,14,10,28,20,25,11,18,14	17,15,13,10,8,12,8,10,19,14	218	167
1102	8,9,10,14,3,8,9,7,8,20	9,20,12,10,8,9,9,10,9,10	12,7,6,6,11,9,10,3,11,6	11,5,5,12,16,6,3,7,8,7	148	230
1103	60,60,58,57,59,41,49,62,43,53	81,89,78,85,65,64,51,75,64,74	63,53,49,53,61,40,65,50,59,43	86,75,66,83,88,82,91,81,80,69	157	185
1104	0,0,0,0,2,0,0,2,1,0	148,133,144,137,144,128,111,139,136,148	0,0,0,0,0,0,0,0,0,0	127,148,125,120,148,138,151,147,133,132	129	187
1105	18,21,26,18,27,20,24,22,21,16	27,40,26,33,34,32,28,20,34,17	10,14,17,37,25,21,37,30,20,22	21,31,20,40,37,35,34,22,32,23	196	254
1106	63,54,59,75,67,64,55,65,43,95	19,21,19,17,11,21,12,17,10,20	46,61,45,49,73,47,42,54,60,67	11,15,23,12,19,15,17,14,12,22	210	105
1107	69,78,72,79,68,66,70,78,82,91	154,195,170,160,172,177,147,129,166,190	91,78,106,71,94,97,96,98,111,100	168,166,197,164,192,173,179,195,172,231	204	240
1108	335,382,386,408,328,468,334,405,325,447	337,400,400,426,372,503,372,355,331,522	367,354,324,393,401,343,409,404,460,449	421,404,358,392,342,351,420,381,496,511	264	205
1109	78,119,130,115,91,125,103,121,96,162	395,464,467,488,402,550,365,471,412,538	125,133,122,121,111,111,138,127,148,151	424,459,398,445,484,416,456,504,542,619	151	264
1110	36,63,47,65,50,25,40,39,42,43	67,68,102,88,95,49,53,62,67,69	66,50,41,39,69,49,58,47,43,19	97,64,72,75,90,67,85,76,73,39	178	238
1111	59,75,76,75,61,30,33,40,59,55	65,73,69,105,83,32,59,59,72,65	58,48,41,50,77,67,74,65,49,34	82,72,52,58,83,86,86,79,51,32	198	178
1112	4,6,2,1,4,0,1,1,2,4	1,3,2,3,3,2,0,0,1,1	1,3,1,1,2,1,2,1,0,1	1,3,2,1,0,3,0,4,1,1	193	148
1113	0,0,1,0,1,0,0,0,1,2	2,2,0,4,4,0,1,10,1,0	1,1,0,0,1,0,1,0,1,0	3,1,0,0,4,4,3,4,1,0	148	167
1114	11,16,22,26,20,11,23,19,12,13	15,30,34,41,27,22,21,36,31,26	23,17,19,14,16,13,14,10,12,2	37,32,32,37,30,44,27,21,18,20	163	208
1115	93,113,115,105,97,49,60,72,78,101	108,111,98,134,98,40,66,91,72,78	99,96,103,88,130,102,109,103,76,38	91,70,66,85,101,80,117,88,74,47	261	210
1116	19,23,22,13,20,8,9,18,10,20	86,129,115,105,102,53,58,78,85,81	31,15,17,18,25,19,20,13,10,13	104,112,86,99,132,96,106,94,85,36	197	261
1117	1361,1516,1819,1648,1139,1233,1476,1466,1544,1715	6293,7056,6946,7545,6895,6345,5855,5833,6359,6859	1703,1489,1656,1554,1870,1805,2014,1696,1759,1565	6824,6680,6531,6968,7486,7073,7835,6956,7362,6729	106	182
1118	15,15,20,17,11,16,12,7,11,25	14,13,23,27,30,22,17,26,29,32	8,13,16,14,8,17,9,16,16,14	21,12,18,20,25,18,18,21,30,32	214	190
1119	24,20,37,23,20,18,20,8,14,22	14,13,23,27,30,22,17,26,29,32	14,15,27,22,16,22,15,22,23,20	21,12,18,20,25,18,18,21,30,32	233	190
1120	119,159,138,134,119,108,70,111,127,148	143,157,139,194,160,121,120,147,134,160	122,114,125,110,123,141,133,150,127,106	151,123,128,139,182,153,181,149,126,102	269	269
1121	101,158,113,148,53,66,83,89,118,56	136,121,166,159,153,112,136,134,113,156	127,98,69,121,177,121,125,64,68,34	144,155,126,145,150,161,146,139,149,138	202	168
1122	0,0,0,0,0,0,0,0,0,1	0,0,0,0,0,0,0,0,0,0	0,0,0,0,0,0,0,0,0,0	1,1,0,0,1,0,0,0,0,0	174	410
1123	71,51,63,64,50,44,45,66,48,59	17,6,15,13,16,18,12,16,15,13	79,67,40,61,77,85,63,50,51,54	17,11,8,16,14,10,12,12,18,7	110	96
1124	65,65,58,62,72,38,66,64,59,87	45,47,48,57,51,19,32,46,41,43	60,53,49,64,86,71,78,62,61,43	39,42,28,41,49,36,48,31,28,21	96	93
1125	51,63,53,53,62,37,53,60,56,77	28,29,28,50,30,18,26,27,24,21	52,46,42,59,77,62,68,56,47,41	38,31,21,28,41,29,28,23,16,29	96	96
1126	40,44,54,54,45,40,37,42,47,39	44,37,52,56,44,20,34,36,33,54	46,47,39,43,42,40,50,36,45,20	42,32,34,45,32,34,52,32,45,35	132	168
1127	75,90,98,81,98,57,78,70,58,93	30,30,32,36,24,18,23,23,19,31	77,72,67,63,81,92,85,69,61,75	23,24,27,31,19,25,26,29,26,15	140	132
1128	53,54,63,58,52,40,42,54,41,48	55,75,97,71,83,31,41,52,58,64	63,55,58,41,71,41,57,48,31,27	71,66,66,61,64,61,61,53,60,43	176	190
1129	47,31,40,32,46,32,26,51,41,41	40,64,58,65,53,50,47,59,38,52	32,38,46,30,43,46,38,30,42,28	47,55,69,70,60,46,43,56,50,43	139	179
1130	56,62,53,56,65,22,43,39,43,45	60,48,61,54,61,44,46,55,47,48	55,43,66,58,64,52,59,40,43,33	54,51,56,49,65,46,63,46,36,42	184	237
1131	36,53,34,52,47,48,35,52,39,53	1,2,0,2,5,1,4,1,3,3	47,48,51,65,49,40,63,27,36,36	1,2,1,3,4,2,2,3,1,2	235	99
1132	495,499,540,549,418,466,471,490,569,645	589,702,712,768,672,686,610,633,631,738	478,544,470,602,677,661,651,592,664,591	649,749,632,667,742,737,781,667,861,782	247	181
1133	606,668,690,643,457,532,622,618,750,895	589,702,712,768,672,686,610,633,631,738	631,697,659,755,932,953,878,759,884,835	649,749,632,667,742,737,781,667,861,782	251	181
1134	2,1,0,0,3,0,1,3,4,0	35,39,43,44,54,40,42,42,47,51	3,3,0,2,1,1,1,1,1,0	39,42,43,53,47,43,42,48,40,49	98	275
1135	162,149,158,168,139,99,138,140,128,136	96,92,88,108,113,65,80,86,81,103	158,134,129,114,143,128,175,102,138,93	90,88,85,82,82,99,98,81,103,75	267	285
1136	0,1,0,1,2,1,2,0,0,0	104,80,105,102,96,46,56,63,71,92	0,0,1,0,0,0,0,0,0,0	84,75,72,73,108,88,94,79,63,30	114	185
1137	57,58,42,44,44,30,37,40,42,50	51,45,56,81,61,42,52,56,47,38	45,40,32,49,51,48,53,53,37,31	76,42,69,64,68,68,80,60,47,43	179	175
1138	20,18,12,20,11,10,17,15,14,18	51,44,56,81,61,41,51,56,47,38	17,17,14,18,24,14,19,17,18,10	76,43,69,64,68,67,80,59,47,43	179	175
1139	23,28,33,27,32,22,20,21,26,19	94,141,108,95,116,62,91,101,83,111	30,21,38,20,30,23,36,19,35,18	142,106,132,109,120,125,141,98,84,72	137	186
1140	36,45,53,31,16,19,29,25,39,34	70,84,74,70,78,28,36,62,54,43	36,21,36,42,71,67,49,35,29,22	74,61,58,71,72,80,102,60,46,28	141	136
1141	13,11,19,16,10,11,8,10,9,8	115,148,117,118,118,54,68,93,90,70	10,10,13,14,9,20,11,11,6,5	136,96,94,132,136,132,159,95,71,52	144	136
1142	19,30,24,27,21,16,11,17,17,18	4462,5299,4824,4708,4730,2118,2923,3717,3581,3353	24,19,13,32,34,23,29,18,13,9	4998,3831,3911,4522,4811,4321,5444,3887,3131,1978	136	1913
1143	11,7,9,8,11,2,8,6,3,2	4462,5299,4823,4705,4729,2118,2922,3716,3579,3352	10,8,11,7,18,9,6,6,5,7	4996,3829,3910,4521,4811,4319,5443,3887,3132,1978	136	1913
1144	70,75,69,89,75,14,24,45,32,40	977,1058,1148,1077,1080,242,501,645,619,551	69,59,57,70,80,53,75,42,24,17	1004,685,746,843,1214,955,1005,622,411,197	165	1791
1145	996,1073,1163,1090,1100,250,504,647,629,570	71,74,62,57,57,21,24,42,44,33	1018,701,759,860,1225,971,1025,632,412,204	66,29,47,63,72,46,50,27,33,18	1791	205
1146	56,57,54,52,61,13,30,40,29,34	85,67,82,86,84,23,34,52,43,33	80,36,40,55,76,35,53,32,35,21	81,61,51,62,79,61,64,47,21,18	208	260
1147	353,339,376,363,329,298,304,304,306,355	669,772,805,828,766,687,680,680,719,843	315,329,330,324,339,296,333,338,322,343	774,699,671,732,823,737,944,751,811,734	147	189
1148	146,147,143,155,144,129,115,132,131,146	150,145,163,158,123,100,124,109,131,170	137,126,149,150,169,143,181,136,155,127	159,104,150,152,140,169,148,125,149,140	273	178
1149	0,0,0,0,0,0,0,0,0,0	22,17,20,13,11,6,11,12,11,19	0,0,0,0,0,0,0,1,0,0	19,6,15,10,18,12,12,10,12,9	182	179
1151	22,45,20,28,40,30,34,19,19,32	63,86,78,81,79,62,63,64,57,65	38,50,27,35,34,26,35,24,19,21	75,58,63,53,78,63,79,53,59,48	168	170
1152	235,252,241,259,242,162,181,226,195,232	148,155,160,178,180,133,119,99,134,149	228,241,216,216,289,245,259,209,173,165	135,136,119,138,164,127,165,128,121,94	348	210
1153	133,146,148,169,150,127,97,84,118,140	12,26,39,28,23,27,17,19,17,20	126,123,119,118,154,108,173,125,115,83	26,27,24,16,33,22,18,32,25,12	210	118
1154	78,63,73,93,81,71,50,51,67,80	12,26,39,28,24,29,17,19,17,20	70,65,58,64,78,57,79,65,55,44	25,27,22,16,33,22,17,31,25,12	210	118
1155	33,46,43,41,42,39,31,37,30,33	3,0,1,0,0,1,2,1,1,2	31,31,31,32,60,33,40,36,44,23	6,0,3,1,5,4,5,3,2,2	132	117
1156	41,53,59,56,62,41,47,26,49,38	105,107,132,109,103,90,85,101,91,112	37,51,39,50,51,42,64,42,48,31	113,115,105,114,125,113,128,89,106,80	118	213
1157	80,60,53,57,76,86,61,61,65,74	123,133,141,125,96,106,90,126,144,128	60,53,67,66,62,83,75,68,56,77	142,125,105,123,142,112,143,106,117,113	140	179
1158	108,107,136,100,92,111,76,111,118,122	120,155,130,138,122,130,123,121,130,174	115,99,90,104,120,106,103,87,102,99	133,129,136,147,121,127,130,111,135,135	179	172
1159	3034,3330,3608,3606,3099,2634,2581,2822,2931,3384	4354,4904,4832,5037,4372,3974,3825,3723,4134,4722	3369,2912,3177,3188,3777,3441,3456,3086,2952,2504	4564,4439,4403,4374,5154,4786,5065,4349,4500,3928	268	232
1160	28,20,30,34,42,26,14,28,25,31	50,52,49,66,65,51,39,57,64,63	31,35,34,32,39,36,43,27,36,31	59,59,52,60,74,55,71,47,61,41	162	205
1161	46,52,60,64,50,28,38,58,41,45	111,116,113,119,109,67,78,75,94,110	60,57,55,53,64,49,67,50,50,49	109,128,79,101,110,113,97,93,98,69	162	236
1162	45,52,62,63,50,29,38,57,41,45	115,122,138,124,101,79,99,99,90,127	60,57,55,53,64,49,67,50,52,49	121,106,96,111,131,110,111,94,102,86	162	202
1163	48,71,47,65,53,34,55,58,51,43	111,148,161,115,110,68,86,97,97,107	70,51,76,50,59,43,57,70,51,34	106,96,123,148,123,96,136,106,92,73	188	252
1164	96,131,156,143,155,75,97,94,100,114	133,163,193,151,148,105,120,131,105,170	124,109,105,110,153,122,132,104,99,57	138,120,116,136,192,168,149,112,121,77	203	235
1165	741,799,889,917,748,536,658,604,743,799	315,387,426,443,376,309,330,333,350,404	768,702,780,802,847,755,927,740,608,546	427,363,336,405,418,380,398,355,343,286	896	333
1166	289,344,357,423,346,316,308,305,336,405	464,464,479,562,434,398,464,438,415,504	372,346,321,356,391,353,386,353,307,274	482,496,501,471,566,514,483,435,459,416	288	329
1167	61,67,66,75,60,30,52,52,45,50	133,148,131,142,140,85,87,93,109,109	70,52,58,47,65,65,69,36,35,24	117,100,113,96,117,120,146,76,83,53	160	188
1168	161,197,174,150,146,94,122,114,113,137	177,160,155,164,152,81,110,119,129,116	158,128,120,109,146,146,173,84,114,62	162,161,144,134,174,184,169,118,109,64	188	278
1169	222,317,282,273,275,241,220,319,270,304	227,248,242,239,242,244,177,223,236,240	279,273,268,287,314,287,312,289,314,282	228,215,240,282,249,235,240,273,254,262	256	174
1170	77,58,63,61,76,80,65,69,60,75	24,30,27,25,20,24,17,25,14,21	61,78,58,60,86,68,89,47,64,62	38,27,26,34,22,24,34,21,24,12	228	149
1171	19,30,17,31,17,14,15,18,22,29	34,33,29,41,27,31,33,29,39,46	18,23,23,26,22,21,22,19,22,25	24,22,29,35,41,39,50,20,24,25	149	179
1172	32,32,28,30,24,29,20,30,21,25	34,48,50,34,38,43,48,44,45,40	43,30,31,39,31,27,42,22,26,14	48,42,24,56,49,37,44,44,49,58	179	216
1173	227,262,251,245,233,218,216,241,246,264	218,274,270,276,265,261,243,206,217,223	239,240,245,314,221,260,275,232,248,267	239,239,248,272,261,245,302,249,280,276	228	210
1174	318,335,350,357,321,250,296,364,312,318	284,306,271,278,259,232,258,276,273,286	371,302,312,389,387,337,377,332,333,319	273,265,302,324,290,264,309,305,292,303	238	228
1177	112,116,152,137,123,116,107,103,100,119	501,477,484,517,487,469,411,466,481,492	135,123,109,134,136,128,150,120,127,137	559,424,436,443,520,440,495,418,547,511	187	560
1178	474,454,455,504,475,458,398,463,471,451	62,67,95,86,105,64,57,68,80,94	534,396,437,443,508,449,496,411,528,498	75,66,85,78,77,77,60,89,93,94	560	137
1179	17,20,18,16,25,13,21,15,21,14	19,15,16,17,17,8,11,13,14,8	25,19,7,20,18,16,22,18,20,7	15,16,14,12,21,7,17,8,10,8	98	239
1180	61,49,72,79,63,58,68,61,79,80	53,45,61,73,42,32,48,50,60,50	69,67,76,59,71,65,79,51,54,43	71,59,46,48,63,53,62,50,51,29	204	121
1181	91,131,78,75,97,92,70,74,69,107	511,805,593,599,510,528,461,501,552,574	89,94,63,134,87,86,99,112,100,87	575,592,428,698,606,593,662,538,591,575	117	379
1182	2,0,0,1,0,3,3,0,0,1	522,812,607,613,522,538,473,512,556,589	1,2,0,1,3,1,2,0,0,0	590,608,441,707,629,617,683,547,602,586	117	379
1183	91,131,78,75,97,92,70,74,69,107	420,739,505,518,422,491,401,466,494,473	89,94,63,134,87,86,99,112,100,87	517,554,374,629,518,513,555,539,528,522	117	325
1184	37,37,29,40,40,35,21,32,37,36	10,8,18,9,7,3,8,13,7,8	38,37,32,33,30,25,47,48,48,50	11,8,5,17,12,18,9,16,17,10	177	136
1185	26,22,19,32,28,22,14,24,22,22	10,8,18,9,7,3,8,13,7,8	25,29,18,15,21,17,30,34,31,27	11,8,5,17,12,18,9,16,17,10	150	136
1186	0,0,1,0,0,0,0,0,1,0	26,32,36,35,29,15,21,21,21,20	0,0,0,0,0,1,1,0,1,0	21,18,31,27,38,26,28,28,18,21	122	279
1187	150,178,157,185,126,85,102,98,147,128	286,328,319,368,321,227,270,275,256,309	127,119,120,126,178,127,167,133,108,87	272,260,272,306,348,299,321,238,263,204	148	203
1188	114,128,127,148,130,89,111,127,111,126	287,328,319,368,322,227,269,276,256,310	131,105,109,117,141,130,135,112,90,92	272,262,272,306,350,299,322,240,264,205	156	203
1189	197,222,206,235,194,152,172,177,184,197	143,163,163,179,164,130,148,161,134,184	210,184,184,205,259,209,223,164,180,148	192,144,130,146,168,157,188,142,136,110	203	137
1190	1,2,0,1,5,3,1,0,3,1	0,1,0,3,1,0,0,0,0,1	0,1,0,0,0,0,3,0,0,2	2,0,0,1,0,0,0,0,1,0	182	189
1191	6781,7448,7701,7460,6149,4641,5903,5842,6586,7219	8360,8865,9486,9472,8119,6999,6966,7458,7786,8978	7364,6151,7150,6866,8044,7754,7827,6232,6024,5024	9157,7915,8941,8781,9310,8870,9074,7614,7892,7205	722	584
1192	8150,8810,9396,9395,8055,6800,6819,7331,7644,8799	907,965,1051,1079,890,946,854,919,853,1042	9094,7830,8742,8730,9260,8755,8915,7547,7777,6983	966,956,1024,1032,1010,964,1019,872,982,867	584	160
1193	43,41,46,46,49,32,29,27,37,53	681,771,941,883,713,598,645,789,719,700	35,34,43,29,38,40,36,41,39,53	769,795,721,858,768,858,1014,822,718,653	186	761
1194	3,8,5,10,5,6,2,4,12,14	8,7,3,4,7,6,4,4,5,3	10,3,10,5,12,11,9,10,10,2	4,1,7,2,9,10,4,6,1,1	147	102
1195	34,47,63,42,48,37,30,43,52,67	44,69,67,77,83,84,70,58,62,57	47,37,43,52,45,48,49,53,55,43	77,61,63,69,58,63,89,75,62,97	158	204
1196	75,60,70,92,84,71,59,58,87,86	321,397,422,411,333,346,305,338,372,345	79,68,64,83,66,84,81,76,74,69	441,357,310,339,463,372,396,359,310,284	153	237
1197	48,40,43,48,54,45,38,43,33,49	0,0,1,1,2,2,0,1,0,0	49,45,40,44,59,69,65,43,57,48	0,0,1,1,0,1,1,3,0,0	169	105
1198	8,9,8,8,7,5,10,11,9,9	0,0,0,0,0,0,0,0,0,0	14,8,4,4,10,10,13,6,10,10	0,0,0,0,0,0,0,1,0,0	138	121
1199	25,24,25,29,14,24,16,21,16,28	10,13,15,14,12,17,12,5,10,12	19,39,21,24,28,28,25,23,23,28	13,12,9,11,12,11,11,6,5,19	172	141
1200	83,91,93,73,72,80,51,74,78,62	38,36,44,36,36,36,40,48,46,54	89,93,67,67,75,85,101,78,84,64	43,40,41,50,43,44,47,38,40,36	181	151
1201	56,54,64,90,33,49,44,59,58,54	116,140,119,123,116,96,77,101,91,126	47,53,46,61,60,74,67,63,70,66	89,112,72,92,108,103,126,95,121,92	171	181
1202	48,56,49,51,38,34,47,32,55,42	122,133,118,118,110,99,79,119,105,124	48,54,48,43,45,52,48,49,61,50	150,127,111,110,121,115,137,106,117,117	186	197
1203	12,11,15,13,7,9,12,16,21,20	8,7,10,7,10,11,10,4,4,10	13,11,15,10,14,9,13,12,17,10	9,6,9,10,8,9,9,11,8,9	175	121
1204	84,98,99,106,107,72,71,117,91,122	69,59,82,89,62,68,56,79,76,82	106,102,103,92,108,99,104,114,105,81	64,61,63,43,75,80,63,73,71,63	346	219
1205	88,92,91,92,93,58,55,86,82,68	5,7,10,5,10,3,6,7,8,7	86,69,86,67,97,94,88,75,72,55	7,6,1,10,4,9,9,13,11,3	150	101
1206	1,2,0,6,0,0,4,1,2,2	2,0,3,2,1,1,3,2,1,3	3,0,4,1,3,0,1,1,3,1	5,4,2,2,2,3,1,2,3,1	250	256
1207	246,258,282,283,252,57,118,149,173,124	192,214,208,181,186,56,81,117,99,120	283,158,175,213,282,221,254,144,96,45	184,124,131,128,247,191,198,127,89,44	439	327
1208	18,32,31,26,25,6,19,26,20,20	14,16,13,18,15,10,12,18,9,7	25,26,17,19,28,24,33,30,22,16	10,13,13,10,25,27,30,17,24,9	196	204
1209	4,11,5,8,4,1,5,6,7,2	9,4,9,8,6,5,2,4,8,8	7,8,2,4,5,9,5,5,9,3	5,8,4,12,10,13,8,6,8,6	232	265
1210	34,75,53,66,71,36,39,45,54,60	45,53,51,61,57,49,35,37,40,53	63,61,38,70,72,51,60,65,66,46	47,53,53,59,55,45,58,67,50,64	186	216
1211	270,306,269,291,290,145,193,225,224,223	94,87,87,91,76,64,64,79,85,49	266,242,213,339,308,274,360,247,197,168	108,80,77,100,97,77,86,88,74,63	284	153
1212	209,259,227,233,224,122,154,168,201,183	93,86,87,92,76,65,63,79,87,49	207,207,193,262,244,213,288,218,162,133	107,80,77,101,97,76,87,88,73,63	284	153
1213	117,145,107,134,119,60,93,101,91,100	314,370,352,366,356,209,226,249,295,265	120,97,94,122,103,117,116,93,100,47	323,310,289,383,372,312,424,317,230,181	186	284
1214	13,17,11,12,17,13,10,10,11,14	19,19,11,20,25,13,14,22,13,18	11,9,12,9,7,13,14,12,11,10	15,11,12,23,19,12,10,17,18,5	182	237
1215	4,11,9,12,8,10,9,9,12,9	115,109,115,114,109,56,83,83,90,117	7,5,8,8,11,8,16,11,7,3	128,103,86,107,135,99,118,102,85,75	144	116
1216	0,1,3,3,1,1,0,7,3,1	115,109,115,114,109,56,83,83,90,117	2,3,2,4,3,2,2,3,3,1	128,103,86,107,135,99,118,102,85,75	205	116
1219	49,65,58,49,56,29,48,30,26,50	0,0,1,1,1,0,0,0,2,1	38,39,52,28,89,37,52,33,42,24	0,0,0,2,0,0,0,2,0,0	149	146
1220	11,15,15,9,16,10,13,8,3,9	0,0,1,1,1,0,0,0,2,1	12,16,6,4,24,6,11,2,7,12	0,0,0,2,0,0,0,2,0,0	115	146
1221	217,229,238,238,218,198,197,223,210,236	85,110,90,82,78,84,73,103,76,72	240,214,227,189,216,233,260,209,198,189	89,83,98,113,94,91,98,88,110,76	111	228
1222	1205,1227,1263,1491,1238,1025,1072,1173,1173,1349	992,1108,1233,1230,1074,911,999,1013,1041,1154	1241,1191,1252,1199,1325,1355,1422,1298,1194,1073	1165,1073,1091,1031,1153,1100,1368,1083,1123,971	258	183
1223	560,554,674,677,613,438,589,591,615,621	351,300,354,388,304,237,279,325,301,337	652,606,585,542,645,621,705,602,546,495	351,344,376,303,341,315,412,283,305,276	232	151
1224	6,5,16,19,9,6,10,5,10,12	288,274,303,319,281,255,270,262,282,279	17,6,13,7,15,14,2,6,11,10	323,269,266,291,302,275,338,297,265,223	182	238
1225	0,2,0,1,2,3,1,1,2,0	98,77,123,96,106,46,47,71,57,84	1,4,2,1,0,0,2,0,0,0	109,66,95,68,99,90,113,92,72,37	123	129
1226	12,25,18,25,34,11,22,30,24,21	123,93,110,113,91,61,75,66,77,86	38,27,25,18,27,28,37,24,16,12	127,97,84,68,120,79,111,69,71,38	129	205
1227	123,89,144,118,138,68,54,85,73,110	0,0,0,0,0,0,1,0,1,0	140,76,115,85,119,108,131,107,91,42	0,0,0,0,0,0,0,0,0,0	205	264
1229	18,23,15,21,21,11,17,18,22,27	101,111,112,100,99,73,91,99,83,98	24,19,20,11,30,32,22,22,29,17	124,104,93,114,96,107,98,102,100,92	234	276
1230	136,122,121,135,138,130,124,106,146,144	108,153,171,144,150,125,138,141,158,182	116,122,127,116,147,143,134,118,133,144	150,151,142,153,150,180,181,141,179,161	181	176
1231	123,172,182,175,168,133,138,143,147,210	90,95,94,99,105,92,86,92,104,131	153,186,150,133,193,166,172,147,143,123	85,119,98,97,125,93,93,96,95,117	211	181
1232	229,216,209,221,202,229,202,242,238,232	541,601,603,592,570,614,560,599,588,691	211,192,200,181,260,222,257,216,225,248	577,589,589,606,623,603,680,574,697,723	239	255
1233	19,36,31,36,37,24,28,34,34,27	122,123,155,146,142,135,105,138,150,158	29,30,28,31,32,32,38,39,42,37	141,137,129,111,137,128,138,113,140,134	189	189
1234	89,132,70,142,97,59,66,84,57,50	289,277,294,321,332,149,163,226,225,212	75,63,59,73,120,72,157,55,14,22	313,241,236,261,293,311,345,229,165,114	182	211
1235	241,268,242,268,301,145,148,169,208,197	221,302,238,302,279,127,163,186,178,220	293,210,208,234,276,246,311,190,157,111	256,227,199,236,274,288,292,211,147,124	211	229
1236	43,78,49,71,57,37,47,36,40,37	82,69,64,52,69,31,56,50,53,35	53,49,45,51,70,72,82,52,40,29	74,67,43,54,80,41,85,35,52,34	109	138
1237	40,68,41,60,51,34,42,35,36,37	579,731,554,637,623,292,347,453,465,468	49,46,41,47,62,65,66,46,35,27	594,525,415,539,633,581,705,460,363,283	109	437
1238	98,89,129,93,102,79,57,87,105,94	582,741,562,649,630,294,352,453,469,468	96,89,77,102,95,107,105,95,67,44	598,530,419,543,642,588,722,466,368,287	138	437
1239	139,119,116,160,131,94,86,96,108,102	130,154,171,153,169,98,97,109,115,119	112,114,92,128,126,156,141,115,99,76	161,142,125,179,175,134,153,137,130,99	144	138
1240	216,214,193,225,210,129,146,154,173,183	467,540,475,506,482,374,381,358,469,437	206,176,134,204,207,216,225,156,172,119	459,533,338,546,473,480,543,463,410,376	138	297
1241	13,11,17,16,17,16,13,23,15,15	14,15,15,13,12,15,11,7,15,23	14,8,23,16,17,6,20,13,22,12	16,10,10,10,10,8,13,10,16,7	364	219
1242	40,20,38,16,15,9,12,21,20,15	71,56,58,60,60,33,57,65,71,47	33,18,23,16,30,23,27,21,17,10	54,39,36,55,59,60,70,53,52,28	257	221
1243	34,38,41,36,36,11,16,19,20,26	50,50,50,66,58,19,21,50,41,46	21,35,28,20,31,37,36,24,13,11	53,50,39,36,72,37,62,31,29,15	209	266
1244	47,41,43,62,50,11,17,32,36,22	31,20,25,26,28,7,14,14,14,17	46,37,31,32,47,39,40,24,21,17	33,21,16,20,20,21,23,13,11,4	266	201
1245	133,181,149,151,135,79,89,112,147,124	20,18,20,21,15,14,15,17,17,10	149,148,119,172,143,130,152,146,101,65	26,14,15,21,18,18,10,15,33,11	594	339
1246	0,3,1,0,0,0,1,0,2,2	234,248,225,256,232,226,177,227,202,258	2,2,4,2,0,1,3,1,1,3	211,244,237,238,248,241,245,253,233,238	157	232
1247	17,19,23,16,12,9,7,12,22,18	75,85,68,75,73,45,26,45,54,56	16,17,13,16,19,17,19,16,14,9	59,71,44,79,62,55,69,55,49,37	148	221
1248	4,9,3,2,4,7,4,1,2,9	1,4,7,3,5,5,6,3,3,7	8,7,8,3,2,2,2,11,1,0	9,6,2,8,1,2,3,5,3,11	158	136
1249	3,6,2,3,3,8,3,1,1,3	7,14,18,19,10,9,11,11,13,12	5,4,5,1,1,2,1,8,1,1	11,12,16,11,3,3,7,10,10,9	158	202
1250	205,240,205,195,208,211,171,205,193,235	181,209,183,191,182,205,164,195,180,206	217,213,219,201,211,236,269,215,252,215	196,208,164,194,179,199,192,184,197,145	276	228
1251	37,20,47,26,15,14,32,27,34,30	56,77,84,71,52,30,34,42,56,33	34,18,35,44,64,60,44,43,39,20	64,52,36,47,63,54,75,42,34,27	157	176
1252	8,7,8,8,8,4,6,7,10,5	8,5,15,12,3,14,11,11,9,8	8,4,9,12,15,15,13,11,9,8	3,4,9,13,13,11,15,7,13,11	355	336
1253	1263,1360,1467,1556,1233,1322,1356,1294,1348,1456	5708,6313,6485,7367,5976,6806,6040,6112,6239,7496	1377,1298,1106,1220,1530,1337,1576,1373,1396,1363	6241,6137,5672,6217,6542,6189,7009,6323,6963,7181	242	291
1254	2091,2314,2445,2681,1930,2199,2216,2047,2161,2312	5707,6315,6485,7368,5976,6808,6040,6113,6243,7496	2271,2088,1881,2121,2586,2246,2576,2154,2148,2121	6241,6141,5672,6217,6542,6189,7009,6323,6963,7181	242	291
1255	141,159,150,164,157,112,116,126,124,150	158,187,177,146,163,135,111,126,127,171	147,114,154,151,147,134,170,169,186,148	160,125,166,176,174,169,154,177,165,160	156	134
1256	79,84,81,84,65,72,54,65,64,87	8,18,22,10,16,11,13,19,11,18	94,59,92,70,79,80,78,85,83,74	13,11,8,26,20,20,19,12,26,27	95	448
1257	79,84,81,84,65,72,54,65,64,87	121,149,154,160,137,118,88,123,122,172	94,59,92,70,79,80,78,85,83,74	147,137,142,175,164,140,151,166,193,171	95	156
1258	2,1,5,6,2,4,3,4,6,1	213,230,211,237,210,175,155,173,177,215	3,4,2,5,1,5,5,1,4,4	229,166,237,197,212,199,235,243,246,202	230	95
1259	224,249,214,254,190,149,185,166,176,199	212,241,213,236,243,161,173,157,180,223	213,181,193,205,226,195,220,188,182,145	215,243,184,235,254,222,230,199,199,140	204	213
1260	0,0,0,1,1,1,3,0,1,0	11,12,15,22,18,13,7,7,10,11	0,1,1,0,0,2,0,2,0,2	16,14,12,16,20,24,14,12,21,17	204	205
1261	103,108,110,154,131,77,96,99,118,120	153,135,147,163,149,117,109,152,146,149	153,116,109,110,130,117,145,83,123,82	148,116,129,138,154,131,165,120,124,114	213	234
1262	31,25,28,21,24,12,30,25,27,27	90,97,109,135,95,61,71,99,118,124	33,21,25,21,34,39,37,23,22,17	129,100,99,101,118,128,118,92,86,80	182	213
1263	41,44,38,53,43,22,27,31,23,44	107,120,129,130,127,55,76,102,106,88	42,37,31,24,57,40,48,32,21,13	117,106,96,100,125,127,134,90,78,32	195	285
1264	186,191,173,209,165,168,162,160,168,160	56,67,70,66,63,47,57,56,63,67	202,192,158,167,192,192,194,163,186,149	73,67,51,65,50,61,67,56,66,74	289	161
1265	184,191,173,208,164,168,162,160,166,155	20,23,19,20,16,13,15,14,15,13	200,190,157,167,190,192,194,162,186,147	21,20,13,12,17,10,15,16,22,15	289	161
1266	184,191,173,208,164,168,162,160,166,155	98,98,129,134,101,97,89,106,121,120	200,190,157,167,190,192,194,162,186,147	140,124,99,118,135,130,131,116,118,118	289	230
1267	20,23,19,20,16,13,15,14,15,13	98,98,129,134,101,97,89,106,121,120	21,20,13,12,17,10,15,16,22,15	140,124,99,118,135,130,131,116,118,118	161	230
1268	127,125,134,147,138,118,93,152,117,137	100,98,129,135,102,96,89,106,123,125	161,136,106,124,127,135,148,132,157,87	142,126,100,118,136,130,131,117,118,120	161	230
1269	52,47,52,75,53,53,45,63,64,70	75,75,71,96,65,58,58,70,70,65	73,60,53,68,75,56,72,59,70,69	77,81,84,76,87,86,86,83,72,88	230	181
1270	86,91,103,120,99,87,87,105,110,119	75,75,71,96,65,58,58,70,70,65	123,105,90,121,106,107,124,98,114,126	77,81,84,76,87,86,86,83,72,88	230	181
1271	86,94,100,100,106,98,101,101,89,103	146,129,142,139,111,123,83,138,135,129	105,104,107,98,129,110,116,89,125,120	124,126,119,145,146,128,153,122,150,170	153	163
1272	164,147,158,166,127,209,155,172,170,199	18,24,27,27,34,43,21,31,24,33	182,162,178,176,178,166,180,149,187,204	28,28,17,29,27,35,45,29,27,37	235	111
1273	5,5,11,9,5,5,8,8,6,14	52,63,67,77,64,75,48,57,63,64	9,12,4,4,13,9,8,9,7,8	47,44,43,51,50,60,61,52,51,68	165	116
1274	5,5,11,9,5,5,8,8,6,14	0,0,0,0,0,0,1,0,0,0	9,12,4,4,13,9,8,9,7,8	0,0,0,0,0,0,0,0,0,0	165	126
1275	5,5,8,4,5,3,8,6,4,12	43,70,58,63,64,93,49,72,58,66	7,10,2,1,11,7,6,8,7,5	62,67,48,74,61,66,84,68,75,91	165	111
1276	52,63,67,77,64,75,48,57,63,64	0,0,0,0,0,0,1,0,0,0	47,44,43,51,50,60,61,52,51,68	0,0,0,0,0,0,0,0,0,0	116	126
1279	18,36,35,39,28,20,29,26,26,24	54,67,66,58,63,35,48,50,56,66	33,18,12,20,41,31,37,24,35,16	70,43,46,51,68,48,75,56,41,33	165	191
1280	17,15,13,16,16,9,7,9,17,5	52,62,59,53,58,35,47,44,48,62	18,13,7,7,25,16,21,15,7,7	65,40,44,50,65,47,70,53,40,32	155	191
1281	416,447,505,530,430,253,277,327,349,327	17,32,34,33,25,18,26,21,24,19	438,340,326,335,514,395,476,328,303,232	28,16,11,19,36,25,34,21,18,15	1493	155
1282	426,452,499,521,424,253,278,326,343,332	17,32,33,34,25,18,26,21,24,19	437,340,328,337,509,399,468,320,299,224	28,16,11,18,36,25,35,21,18,15	1493	155
1283	23,37,35,34,23,28,38,30,34,20	57,43,56,53,41,41,41,32,48,49	40,27,22,26,40,33,43,24,36,21	35,44,29,37,56,49,59,43,45,40	136	136
1285	8,5,4,2,5,5,3,3,3,4	149,167,141,155,150,140,134,136,130,116	1,7,2,5,3,1,4,2,2,2	156,140,142,155,149,159,151,154,159,134	133	325
1286	9,14,19,8,7,8,11,6,9,9	23,20,24,23,17,14,25,26,24,27	17,9,12,20,10,7,17,6,7,11	29,23,16,27,27,27,30,22,38,31	146	168
1287	35,24,30,30,36,34,21,29,24,34	36,43,45,34,36,49,36,46,38,49	25,29,20,23,18,22,35,16,18,25	36,41,32,29,43,52,47,38,37,52	161	175
1288	0,1,0,0,1,0,0,0,1,0	13,19,20,24,19,25,22,14,24,17	0,1,0,1,1,0,1,0,0,0	23,19,20,26,22,20,23,24,24,20	99	99
1289	0,1,0,0,1,0,0,0,1,0	4,7,9,10,2,6,9,5,6,5	0,1,0,1,1,0,1,0,0,0	10,5,6,7,5,9,11,15,8,5	99	162
1290	36,37,28,40,33,12,18,26,39,20	61,77,67,66,71,38,55,54,70,64	25,34,36,23,47,24,32,27,32,17	96,83,71,60,78,81,83,67,57,58	193	178
1291	16,13,20,16,17,10,15,19,10,13	28,41,36,32,32,26,32,33,43,31	26,14,12,5,16,15,20,6,15,14	44,21,33,39,19,42,37,39,38,25	147	279
1292	71,86,99,92,80,30,40,71,57,61	103,93,91,107,92,36,51,36,68,68	75,68,68,48,77,78,71,61,48,27	75,87,71,62,98,58,83,57,38,30	234	222
1293	92,92,80,106,89,30,50,53,71,85	95,77,79,81,86,32,51,51,65,59	76,75,92,71,107,71,97,57,38,22	86,54,68,67,82,96,81,55,34,35	222	251
1294	118,95,102,104,105,37,51,53,76,64	25,16,21,15,12,8,14,15,13,13	102,78,72,71,88,93,96,64,46,46	15,14,24,14,28,22,22,16,17,2	251	135
1295	45,54,57,63,56,60,76,49,54,54	105,107,92,107,89,112,95,85,102,110	49,49,59,52,75,67,82,43,51,67	75,110,103,109,121,88,114,83,113,113	162	192
1296	1190,1508,1292,1282,1264,771,983,976,982,1157	387,471,421,374,426,254,325,305,295,343	1419,1043,1179,1266,1382,1253,1412,1137,973,802	424,335,346,369,467,363,418,345,328,227	294	163
1297	718,600,657,653,599,405,379,545,526,418	33,34,33,21,30,24,16,19,27,22	685,461,460,481,630,456,755,436,511,474	21,17,19,21,34,15,34,18,28,25	1998	186
1298	53,41,28,28,31,35,32,37,46,28	2132,2610,2333,2520,2309,1942,1960,2029,2085,2273	47,26,26,31,33,23,50,21,38,26	2411,2202,2234,2540,2538,2403,2651,2224,2244,1980	186	483
1299	2292,2711,2554,2677,2390,2053,2070,2085,2152,2441	397,495,470,436,401,373,379,367,397,426	2629,2352,2404,2702,2706,2549,2853,2349,2340,2086	481,444,405,484,406,433,455,393,398,372	483	180
1300	1758,2078,1887,1992,1851,1549,1567,1580,1669,1842	393,492,466,430,396,365,377,361,385,414	1957,1750,1797,2005,2072,1869,2133,1760,1776,1581	472,440,403,481,400,426,448,389,394,368	483	180
1301	358,371,365,355,366,312,296,313,311,371	573,601,583,668,583,540,512,572,515,622	392,354,349,436,350,342,416,352,315,323	560,536,556,616,605,630,647,579,645,599	162	159
1302	381,411,425,395,347,329,317,338,328,359	377,488,483,491,460,438,406,457,403,488	388,338,356,407,372,392,397,310,354,333	500,414,463,521,494,483,512,478,527,468	159	156
1303	379,372,336,357,312,277,274,328,326,359	131,119,118,120,104,101,96,118,121,98	323,311,397,304,354,338,365,287,310,293	132,114,119,118,143,124,149,99,128,99	208	115
1304	209,186,228,225,206,196,173,192,208,212	211,201,222,228,216,186,182,201,203,260	215,220,187,216,233,201,225,190,214,163	234,199,248,213,226,228,239,180,205,207	129	208
1305	162,203,161,216,170,171,145,150,152,207	928,889,915,1013,819,664,768,776,783,838	190,193,163,210,205,198,208,169,158,134	953,812,891,905,878,886,1026,780,719,602	115	330
1306	298,269,312,312,259,221,226,224,286,263	927,887,914,1011,817,663,765,776,781,833	327,268,243,262,321,329,328,281,246,195	952,810,889,903,874,882,1022,772,712,600	180	330
1307	299,271,313,314,261,222,229,224,288,267	113,119,92,114,87,73,68,97,89,87	328,270,245,264,325,333,332,289,253,198	98,88,88,95,109,78,93,83,81,90	180	115
1308	73,69,78,72,75,59,66,69,66,72	113,119,92,114,86,73,68,97,89,87	93,72,73,61,82,93,78,73,56,52	98,88,88,95,109,77,93,83,81,90	180	115
1309	196,237,270,164,109,94,190,138,263,282	113,119,92,114,86,73,68,97,89,87	217,140,186,235,378,427,344,191,212,224	98,88,88,95,109,77,93,83,81,90	214	115
1310	196,237,270,164,109,94,190,138,263,282	73,69,78,72,75,59,66,69,66,72	217,140,186,235,378,427,344,191,212,224	93,72,73,61,82,93,78,73,56,52	214	180
1311	196,237,270,164,110,94,190,138,263,282	330,375,328,386,343,290,290,306,328,383	217,140,186,235,379,428,344,191,212,223	388,348,335,347,389,393,380,344,289,267	214	180
1312	153,127,163,154,128,174,142,161,155,145	164,167,173,212,166,211,190,204,190,230	196,158,177,171,164,148,177,162,194,178	200,210,190,181,233,215,210,197,232,226	224	201
1313	6,11,1,7,5,4,7,10,5,6	164,167,173,212,166,211,190,204,190,230	5,11,5,5,4,5,4,9,5,7	200,210,190,181,233,215,210,197,232,226	151	201
1314	87,100,103,93,106,106,88,91,86,132	83,98,98,88,83,112,74,94,91,113	93,97,88,98,108,111,106,95,106,103	82,87,94,92,83,96,101,99,109,101	235	228
1315	85,95,99,91,73,94,79,88,86,109	66,82,77,97,77,89,69,80,83,94	93,95,88,115,95,89,113,92,106,86	68,87,65,86,83,80,106,91,98,117	228	198
1316	150,160,177,159,147,172,148,140,153,193	83,109,95,87,97,103,79,85,76,105	177,183,137,149,143,156,157,160,167,180	89,88,64,103,82,77,91,68,103,98	284	148
1317	106,107,116,110,88,113,81,91,107,106	181,180,200,195,173,196,171,170,186,241	106,109,81,109,109,101,101,105,115,108	210,195,162,166,156,189,186,187,204,230	210	284
1318	0,0,1,3,0,0,0,0,0,2	49,37,48,37,40,40,47,42,41,56	0,1,0,0,1,2,0,1,0,0	36,34,40,46,43,51,39,50,49,46	123	118
1319	20,28,21,29,17,23,25,19,18,33	60,54,63,50,52,50,57,56,54,70	34,25,25,22,28,24,25,31,37,37	51,47,55,57,53,69,60,70,66,59	123	118
1320	31,41,31,57,36,27,28,46,45,47	80,82,88,111,88,87,59,77,75,75	43,28,23,48,58,42,43,41,39,35	83,92,95,99,101,83,110,95,97,77	118	164
1321	97,83,100,85,86,73,79,77,80,101	86,79,74,89,64,79,64,84,90,92	88,67,90,100,83,86,87,97,87,78	91,78,71,76,75,64,82,85,71,98	164	167
1322	64,66,75,87,77,72,50,64,68,61	64,68,47,56,80,67,52,46,57,61	61,87,74,82,90,69,92,81,83,71	58,66,48,72,59,78,66,59,70,70	167	136
1323	11,11,14,14,15,5,8,19,6,9	6,8,2,7,6,5,7,4,7,12	13,16,8,9,13,12,8,14,7,17	3,5,3,14,11,5,2,2,6,7	175	112
1324	66,80,62,84,68,62,50,64,72,66	166,163,179,185,138,138,154,123,141,142	70,68,58,70,85,90,96,67,70,63	166,143,143,159,162,146,158,155,144,160	141	239
1325	57,88,75,81,60,73,54,58,57,74	76,81,74,98,62,71,56,74,60,84	69,57,54,67,71,57,66,53,64,77	62,85,75,72,60,66,88,65,65,70	201	196
1326	3,5,6,7,10,2,1,2,0,7	1,0,0,0,0,0,0,0,0,0	9,8,7,6,7,9,4,11,3,1	0,1,0,0,0,0,0,0,0,0	219	104
1327	6,7,6,13,11,3,3,2,6,2	29,17,29,27,31,9,14,15,18,11	1,6,1,5,2,9,9,5,4,2	31,23,14,22,33,25,29,10,10,8	177	280
1328	18,27,27,32,37,20,27,28,30,29	25,30,29,36,28,24,30,26,15,24	39,22,20,29,24,21,33,23,28,22	29,28,24,37,17,28,35,16,29,19	172	167
1329	22,32,31,26,22,13,22,27,22,15	56,70,75,67,60,51,39,60,56,45	34,24,14,24,26,20,29,25,22,13	52,57,54,45,66,64,53,67,51,53	196	277
1330	20,25,28,38,29,17,18,29,18,24	13,20,18,30,28,7,14,17,26,12	28,29,26,25,32,26,34,16,16,11	25,22,19,22,21,22,31,15,16,7	160	159
1331	287,294,339,337,266,224,259,266,289,343	1589,1980,2061,2144,1922,1607,1688,1651,1792,2133	247,298,273,312,306,266,339,278,295,302	1683,1804,1797,1889,2004,1807,2142,2083,2202,2164	135	300
1332	897,1036,1071,1090,944,749,795,822,834,948	617,742,754,732,659,508,554,586,597,653	925,846,894,906,1177,958,1075,952,879,818	592,568,567,593,751,655,683,653,590,603	209	141
1333	17,18,14,18,12,22,7,13,13,11	3,4,2,3,1,8,3,3,5,8	17,13,21,18,21,11,15,21,11,25	5,1,2,2,5,0,1,2,1,2	132	98
1334	6,9,4,11,2,5,8,6,6,4	3,2,2,6,7,1,2,0,3,7	8,4,5,5,5,15,4,4,11,3	1,4,1,2,5,6,3,2,4,3	133	104
1335	33,25,25,23,24,20,17,14,17,21	45,44,36,38,32,29,33,41,50,42	26,31,27,13,23,16,25,24,21,15	40,39,45,39,45,25,37,40,38,29	207	205
1336	38,29,46,31,24,28,26,29,27,35	12,16,16,10,13,6,8,12,9,13	33,29,33,35,43,27,36,28,39,34	6,13,8,6,11,13,8,11,6,6	145	119
1337	38,30,47,32,26,28,26,29,27,35	1,1,3,2,5,6,0,2,3,2	33,29,33,36,44,27,36,29,39,33	2,1,1,1,1,1,0,1,3,2	145	119
1338	31,51,44,47,37,46,38,33,28,45	39,38,45,44,43,38,32,27,55,45	42,38,27,33,44,35,38,29,33,28	44,39,33,49,42,30,49,38,34,33	119	171
1339	25,35,30,27,28,18,17,25,30,31	97,91,97,92,76,64,51,63,83,78	27,28,22,22,35,21,30,24,22,19	84,63,56,84,75,74,79,68,73,58	171	243
1340	25,35,30,27,28,18,17,25,30,30	56,58,49,62,50,34,25,52,43,44	27,28,22,22,35,22,30,24,22,19	52,33,38,44,51,37,47,26,42,38	171	243
1341	85,87,78,94,80,66,51,74,80,72	44,57,58,68,68,52,43,44,55,51	84,63,64,84,83,58,84,60,66,63	62,62,46,52,42,49,76,51,44,52	243	168
1342	56,75,72,66,64,59,54,57,80,83	46,58,56,67,69,64,56,51,51,70	71,58,54,72,62,63,93,59,75,71	53,57,63,61,91,64,53,51,60,48	167	165
1343	22,39,32,50,26,28,21,30,19,37	13,24,22,31,12,17,15,19,22,23	23,22,25,15,31,37,32,24,29,27	26,18,20,15,19,15,14,14,16,17	215	182
1344	68,87,80,102,77,48,48,59,46,89	38,45,49,36,50,23,40,33,38,39	88,51,62,63,56,88,74,45,54,42	43,37,33,42,41,48,40,30,33,24	162	162
1345	49,51,47,62,44,27,32,39,27,44	569,728,649,684,677,370,446,520,511,578	49,30,40,41,35,57,42,26,32,28	639,543,506,554,658,587,719,544,468,330	162	141
1346	1665,1962,1889,1899,1928,1204,1366,1548,1487,1750	2094,2654,2509,2615,2379,1611,1838,2027,1990,2286	1750,1586,1545,1644,1964,1748,1921,1597,1525,980	2487,2076,2073,2177,2617,2322,2563,2053,1837,1273	231	275
1347	68,83,93,85,82,55,75,91,84,97	190,220,218,183,200,151,162,164,208,205	87,74,76,107,88,86,122,83,70,72	200,177,171,194,218,204,206,194,174,179	184	216
1348	20,14,24,29,22,26,11,26,22,17	20,18,20,31,29,20,13,20,29,25	28,19,16,22,14,14,13,11,15,26	30,21,28,22,25,17,26,17,29,30	196	155
1349	102,77,70,67,76,81,67,66,72,74	177,157,187,199,150,133,138,169,153,172	88,73,73,64,72,72,71,66,78,86	167,160,172,167,190,180,171,146,162,178	120	209
1350	99,103,94,95,111,73,85,122,98,89	44,34,37,24,30,19,20,33,29,33	110,96,112,98,115,112,111,122,116,109	33,42,31,43,29,19,44,31,30,21	147	187
1351	79,82,71,73,83,60,63,94,67,67	44,34,37,24,30,19,20,33,29,33	80,83,75,66,70,85,80,85,76,75	33,42,31,43,29,19,44,31,30,21	150	187
1352	2,3,6,2,2,1,6,2,3,4	6,10,12,17,6,12,10,15,6,9	4,4,5,7,3,4,5,4,6,0	4,10,11,7,17,12,12,4,7,6	184	187
1353	80,64,66,65,60,56,67,71,55,75	23,15,23,25,17,20,24,27,21,21	80,74,55,45,64,63,73,57,77,58	20,19,17,25,20,18,23,26,26,22	194	153
1354	20,17,22,22,15,16,12,16,22,18	44,53,70,53,45,44,41,74,47,46	22,11,18,15,12,11,26,17,15,17	68,63,49,35,59,53,60,36,45,69	167	277
1355	148,142,150,153,122,131,94,121,118,143	156,142,169,161,141,179,145,159,136,169	132,120,130,112,147,120,139,127,148,144	158,160,148,154,151,163,178,128,163,158	133	181
1356	18,16,19,19,25,9,9,11,12,9	38,24,30,30,36,10,28,18,25,21	12,7,14,19,20,14,15,13,11,18	16,26,15,24,24,32,28,17,20,22	132	177
1357	7,11,5,5,6,11,5,12,9,10	5,4,2,6,4,2,2,1,7,3	5,8,11,6,14,15,17,3,8,12	4,2,4,3,7,8,4,5,11,5	165	129
1358	48,39,52,46,33,15,23,34,43,24	83,83,78,69,57,23,36,43,45,49	35,24,50,43,53,34,52,35,29,20	56,49,49,69,88,71,70,59,56,36	270	234
1359	78,65,70,69,59,27,38,38,48,38	33,27,57,38,43,22,20,26,33,21	53,41,36,57,74,51,61,38,48,27	38,36,23,31,47,39,38,29,21,19	234	186
1360	43,55,57,45,46,19,25,19,27,32	131,136,157,116,116,51,71,76,83,90	37,40,34,39,57,51,43,43,37,26	166,97,114,89,132,129,133,99,69,47	186	319
1361	116,105,147,97,106,42,61,71,82,80	70,74,46,72,71,28,57,34,35,45	144,84,93,80,129,114,118,88,55,47	63,55,57,46,69,60,64,45,47,24	319	165
1362	67,67,61,66,59,30,37,31,43,35	95,92,98,93,111,58,62,68,90,72	74,58,65,44,62,66,68,47,44,23	115,64,92,86,150,73,119,85,62,41	165	255
1363	56,51,57,53,46,57,40,41,44,52	81,81,98,114,96,97,83,90,92,96	48,39,72,59,42,58,62,66,57,64	90,91,104,84,89,87,84,121,121,130	167	245
1364	54,36,35,41,45,53,41,46,41,47	44,52,46,42,50,53,35,56,43,60	38,51,52,50,46,52,55,37,46,72	54,45,44,42,35,41,46,50,45,70	171	159
1365	47,46,62,51,60,38,43,65,60,47	58,44,47,56,45,37,31,58,49,55	66,44,53,48,42,41,71,45,50,53	49,43,39,47,47,43,54,47,57,55	198	228
1366	35,33,38,48,47,42,44,39,41,31	41,51,68,43,43,44,31,35,70,34	26,42,45,46,52,70,42,38,44,38	51,45,48,51,55,40,55,42,63,59	122	161
1368	5,6,4,9,3,4,7,6,8,5	45,49,54,70,55,40,56,34,53,51	6,5,2,4,7,5,2,5,3,3	60,52,51,53,45,42,58,48,59,46	240	259
1369	19,27,28,28,13,23,17,18,17,33	17,17,34,33,26,26,35,34,32,36	30,26,20,32,20,24,23,20,39,24	34,32,33,13,27,27,28,24,32,32	177	165
1370	348,324,346,326,289,316,273,283,267,348	868,904,945,893,723,879,751,878,855,901	339,283,290,300,343,289,336,294,258,326	913,798,707,751,793,778,907,726,769,848	152	198
1371	579,689,677,674,606,765,566,684,654,763	488,497,469,452,450,555,422,437,459,532	691,562,598,572,695,639,697,654,721,733	488,418,422,465,479,410,493,461,500,560	189	189
1372	4,5,4,4,3,3,3,2,6,9	108,107,130,128,144,135,103,124,114,142	3,2,4,3,5,4,7,5,6,7	117,126,124,114,112,109,147,127,137,159	138	366
1373	5,8,7,5,7,7,3,6,12,13	108,107,130,128,144,135,104,125,115,141	5,6,2,6,6,7,9,3,7,2	117,126,124,114,111,109,149,128,137,159	138	366
1374	160,176,158,183,185,121,143,137,139,215	265,267,302,274,270,201,199,257,243,259	194,155,149,141,199,155,200,144,123,131	309,251,321,260,302,257,281,244,243,236	173	188
1375	1197,1324,1229,1261,1066,994,974,1124,1141,1142	1665,2005,2006,1955,1780,1729,1678,1777,1727,1929	1247,1099,1173,1234,1404,1210,1378,1143,1036,985	2030,1747,1934,1914,1914,1955,2140,1762,1805,1727	176	223
1376	1507,1735,1653,1675,1410,1519,1337,1503,1514,1641	3476,4183,3983,4016,3592,4080,3550,3568,3584,4334	1597,1333,1573,1509,1666,1559,1641,1527,1599,1538	3914,3518,3791,4153,4177,3965,4107,3797,4078,4482	222	334
1377	37,56,52,45,40,15,39,51,46,37	68,83,94,91,76,46,67,76,72,61	43,36,41,43,48,42,56,46,35,22	78,66,85,69,94,79,85,72,50,43	192	228
1378	68,81,72,68,60,18,35,42,41,36	1522,1570,1644,1684,1662,577,946,1169,1101,1230	60,43,39,54,75,50,58,50,28,10	1630,1319,1300,1379,1706,1477,1752,1345,901,578	228	2341
1379	211,186,245,267,232,194,190,195,191,206	224,255,248,285,220,198,211,225,215,186	209,187,196,233,250,198,265,192,224,226	294,209,221,242,286,207,244,234,234,229	231	279
1380	123,188,158,162,123,128,119,133,140,148	91,106,98,84,97,99,84,82,111,90	144,130,130,126,157,144,129,160,118,154	86,92,74,78,108,95,103,95,103,88	254	156
1381	25,22,18,20,28,8,11,14,20,19	491,561,516,505,473,287,335,377,352,449	13,22,22,11,23,18,23,23,22,15	504,438,448,452,613,537,499,404,349,234	99	271
1382	52,78,47,55,38,29,31,37,46,49	496,569,523,512,482,288,336,380,356,450	55,43,64,74,72,60,73,55,50,16	509,443,454,458,621,548,508,407,350,236	99	271
1383	25,23,29,30,27,11,24,25,15,27	187,235,186,167,132,87,132,114,117,137	27,20,26,16,27,13,28,20,13,7	194,151,171,187,221,197,183,171,118,57	174	99
1384	146,125,137,129,121,55,79,100,124,95	34,53,35,31,26,24,24,18,24,30	141,109,125,143,197,179,156,104,84,64	54,43,32,34,43,33,31,35,19,11	377	99
1385	14,15,12,21,7,7,4,5,11,10	13,22,10,16,22,10,13,13,17,9	13,17,15,7,17,14,9,15,2,6	12,12,10,13,19,20,15,19,12,8	118	171
1386	237,261,313,283,247,252,195,279,227,257	477,525,527,600,474,453,415,485,483,527	244,235,219,243,272,228,293,246,286,255	459,504,429,494,529,500,572,482,543,492	210	295
1387	193,232,266,254,195,164,149,217,183,197	159,163,156,192,157,130,128,142,151,146	229,190,188,234,235,222,295,219,185,158	181,185,152,151,176,171,186,142,141,131	240	180
1388	100,88,121,123,117,67,68,119,66,115	218,268,244,271,226,196,167,244,205,208	116,95,108,116,112,115,114,85,74,75	233,195,218,248,263,207,285,234,224,168	190	240
1389	53,48,51,49,45,32,26,64,33,42	218,268,244,271,226,197,167,244,205,207	62,54,61,50,49,60,60,27,32,34	233,195,218,248,263,207,285,234,224,168	190	240
1390	43,37,65,65,50,19,33,43,46,38	192,214,247,226,180,131,131,226,156,195	36,36,39,55,58,37,58,41,58,31	227,195,201,230,214,231,268,184,166,136	109	190
1391	67,69,93,102,74,38,58,87,83,76	213,260,302,258,237,165,165,219,195,222	83,85,85,78,101,100,90,78,59,34	260,233,243,236,285,248,307,217,194,157	183	276
1392	125,141,187,159,127,81,107,115,121,115	92,107,113,126,97,57,93,88,93,113	137,129,145,121,155,169,148,132,108,89	110,106,92,114,124,117,124,105,91,48	197	183
1393	71,75,73,77,89,41,66,56,64,63	88,82,117,106,95,60,70,88,91,80	79,62,66,55,68,79,83,54,63,35	84,99,108,85,115,127,106,89,68,59	153	197
1394	71,75,73,77,89,41,66,56,64,63	32,30,31,31,30,24,24,37,32,26	79,62,66,55,68,79,83,54,63,35	28,30,33,31,38,37,30,25,19,18	153	167
1395	74,91,77,75,55,35,52,64,84,75	68,75,106,95,69,40,57,67,70,62	64,58,48,65,96,79,82,74,54,54	88,78,79,58,84,88,83,78,64,49	160	153
1396	22,13,13,15,11,13,9,14,15,6	65,86,88,85,66,71,66,62,57,70	12,5,14,13,13,15,19,14,11,15	103,85,82,79,78,66,87,74,80,80	218	159
1397	63,77,73,62,57,70,50,60,54,71	161,184,176,210,160,228,160,163,168,187	81,62,62,62,79,73,81,71,77,100	185,142,161,209,205,205,223,189,232,209	230	245
1398	0,4,0,0,1,0,0,1,0,1	1,2,0,3,0,0,1,2,2,0	2,1,0,2,2,0,1,3,2,0	2,1,1,2,5,1,3,3,3,0	247	187
1399	19,20,12,27,23,17,13,22,23,10	23,16,22,35,27,17,10,25,15,30	25,12,21,27,18,10,16,16,9,8	29,12,18,19,9,19,36,16,19,6	118	148
1400	25,42,49,63,44,26,36,55,46,48	65,61,79,60,58,42,44,52,58,48	56,35,35,34,41,40,51,43,34,20	92,43,40,53,82,47,76,43,54,49	148	207
1401	242,262,295,407,276,289,292,270,307,351	112,121,114,144,133,142,124,127,126,134	279,442,307,326,375,303,380,306,332,490	115,159,124,130,154,122,138,99,137,213	363	172
1402	142,155,143,149,146,58,100,114,100,133	1,1,2,3,1,2,1,3,3,1	161,98,104,124,165,130,146,127,90,39	0,4,0,1,2,0,2,1,1,1	87	90
1403	428,477,466,452,456,241,337,324,309,424	369,353,382,407,377,198,237,312,292,299	509,400,405,372,467,414,484,423,344,215	397,294,330,315,394,369,359,353,291,187	224	247
1404	637,542,582,630,594,663,590,600,594,711	957,1209,1145,1203,1087,1278,1000,1081,1099,1269	606,572,573,557,588,598,659,599,720,705	1024,1109,910,1114,1113,1116,1264,1049,1182,1344	177	188
1405	6,16,13,17,18,4,10,10,11,8	8,8,8,7,6,3,4,4,3,7	13,12,18,19,6,15,16,10,9,5	3,9,3,6,6,7,12,3,1,4	170	167
1406	46,39,46,33,43,28,25,32,29,45	606,540,644,629,482,350,424,509,512,559	37,26,42,39,43,40,32,22,29,13	602,511,543,554,626,573,615,547,525,418	133	860
1407	46,39,46,33,43,28,25,32,29,45	603,534,636,623,478,347,424,506,506,555	37,26,42,39,43,40,32,22,29,13	594,507,540,549,622,567,607,544,521,417	133	857
1408	268,307,270,303,307,231,232,257,256,264	19,27,24,25,19,25,21,24,14,30	345,285,277,298,312,270,325,266,288,258	21,21,16,21,27,23,34,13,10,18	1174	162
1409	8,13,18,18,15,8,11,11,19,17	18,28,27,18,25,11,15,6,12,20	16,8,14,25,16,16,19,21,14,15	22,11,17,21,26,23,23,10,13,11	136	138
1410	29,55,49,48,32,28,40,37,30,44	36,37,40,36,44,21,33,32,35,53	32,36,35,35,53,33,41,45,46,34	27,27,35,46,51,44,48,39,34,40	183	188
1411	1,1,0,1,1,0,1,0,0,1	4,6,6,4,1,4,5,4,9,5	0,0,0,0,1,1,1,1,0,0	6,4,2,4,8,3,11,3,6,1	118	319
1412	70,70,73,65,91,38,55,72,51,76	36,49,45,40,38,27,29,28,30,33	78,56,70,69,86,81,75,64,60,43	22,32,32,33,40,31,24,31,32,18	182	157
1413	16,14,17,25,39,11,14,27,14,18	39,42,40,36,49,35,34,38,34,34	15,24,22,13,29,24,25,22,26,19	37,31,38,38,35,41,34,28,26,13	157	148
1414	104,84,96,99,76,79,71,80,90,95	198,220,187,231,184,157,158,161,152,200	103,81,87,76,117,118,109,94,90,55	198,153,171,189,190,228,198,167,181,147	209	340
1415	202,236,199,237,196,156,166,195,156,189	52,67,50,75,61,48,47,59,45,60	227,181,182,198,191,242,222,163,200,144	55,54,57,52,74,63,82,59,82,45	340	226
1416	92,109,82,112,91,82,73,74,74,96	104,102,83,105,84,77,83,90,67,99	73,74,76,75,102,98,96,94,94,68	96,77,70,88,82,103,108,74,84,102	226	200
1417	55,54,49,66,50,42,53,58,41,61	90,107,119,98,107,94,116,95,76,120	62,48,42,60,54,61,70,52,65,61	106,68,96,81,114,99,109,91,102,87	200	241
1418	149,149,146,140,138,135,119,117,126,170	0,5,3,2,3,3,1,1,2,1	136,138,113,148,115,151,140,118,138,146	2,3,1,3,1,3,1,1,0,1	243	141
1419	41,28,35,43,47,29,15,35,24,38	15,14,20,12,15,12,6,10,10,16	33,33,33,28,34,26,34,29,38,38	12,10,9,16,15,13,9,16,11,12	240	175
1420	795,893,907,938,889,587,660,780,732,816	248,260,301,254,287,200,171,254,240,258	864,824,741,811,941,776,954,786,756,606	246,227,223,249,269,239,293,241,236,221	1008	438
1421	254,232,229,275,234,197,226,217,259,247	239,274,223,265,211,239,194,222,204,239	274,238,217,246,258,249,289,219,242,227	288,218,212,261,234,214,243,222,236,229	232	163
1422	248,233,230,274,231,197,223,215,257,240	327,351,316,374,322,338,294,306,293,369	273,237,217,244,257,246,283,219,238,225	341,347,369,329,323,285,358,322,351,348	232	193
1423	427,441,448,479,424,413,415,432,428,412	241,274,224,265,211,239,194,222,205,239	449,470,483,466,521,428,474,449,454,418	288,218,212,263,235,214,243,222,237,229	260	163
1424	425,439,448,479,424,406,406,434,427,412	332,351,317,372,325,337,296,309,295,376	446,468,485,466,519,421,476,450,452,416	342,347,369,327,324,284,363,322,355,349	260	193
1425	3,0,0,6,0,0,1,2,3,1	3,4,1,1,0,1,2,0,1,0	3,0,0,4,2,1,2,0,3,1	0,1,0,1,2,0,0,6,0,2	146	183
1426	18,20,24,20,18,5,13,23,10,22	60,60,39,47,41,32,21,37,31,45	20,8,18,21,29,14,27,22,23,11	46,29,31,35,39,43,44,31,22,22	218	201
1427	7,13,4,5,5,2,1,6,6,6	391,420,462,488,437,278,323,409,447,333	10,7,8,7,5,3,6,2,0,1	441,330,397,420,491,385,517,491,429,319	124	2030
1428	8,11,7,4,5,5,5,2,9,7	21,27,26,27,23,13,17,25,14,25	9,4,8,8,5,7,8,8,4,4	25,20,20,28,37,16,39,28,28,16	156	263
1429	8,11,7,4,5,5,5,2,9,7	16,19,21,20,18,4,12,20,9,22	9,4,8,8,5,7,8,8,4,4	21,9,15,19,28,13,25,23,23,10	156	218
1430	116,92,118,120,96,68,92,104,78,114	109,121,118,134,109,66,100,104,117,103	98,96,93,97,136,96,99,105,83,43	127,113,125,96,140,99,113,91,89,52	212	179
1431	15,14,20,8,14,10,9,12,8,16	3,4,7,5,9,7,7,4,5,2	7,10,9,5,8,12,9,10,7,9	7,4,4,7,7,9,7,4,7,7	219	238
1432	43,42,38,54,27,28,21,23,24,22	96,102,89,116,84,59,59,84,73,91	47,21,27,35,44,26,43,18,19,9	109,80,63,88,117,93,96,73,94,70	161	307
1433	11,26,21,35,31,14,10,15,24,12	235,295,331,339,263,156,182,180,198,194	32,24,21,10,32,24,24,19,13,7	298,233,237,189,332,240,316,191,142,86	201	1165
1434	33,29,36,38,18,20,14,34,21,22	34,30,37,29,30,18,28,36,31,39	28,25,25,20,28,41,29,16,19,9	51,31,30,26,37,40,37,31,12,9	149	198
1435	410,491,444,469,447,446,363,375,431,446	192,234,244,224,216,205,172,177,175,188	512,426,426,470,437,409,507,462,460,401	224,211,194,188,247,231,208,204,215,238	285	177
1436	50,60,47,55,48,41,39,41,48,45	160,140,131,145,148,106,123,133,128,118	56,46,40,56,55,60,77,41,44,28	152,128,140,138,159,143,155,136,124,116	167	283
1437	51,67,59,62,62,33,47,61,51,58	75,93,102,97,78,48,60,53,65,70	72,60,54,52,75,70,73,55,46,35	72,65,70,79,90,75,104,76,71,53	151	207
1438	72,75,89,91,79,42,49,63,62,55	41,55,75,59,63,32,54,47,38,39	70,60,53,67,94,67,74,79,76,48	62,55,57,57,69,72,56,64,45,39	207	158
1439	23,17,17,22,10,14,16,18,9,16	5,6,4,1,3,3,2,5,2,5	20,8,12,14,14,14,12,14,11,15	2,5,4,4,4,1,1,4,3,3	195	195
1440	34,34,42,51,29,47,37,32,32,42	28,46,54,41,23,48,27,23,16,23	32,26,26,28,42,34,36,48,39,52	17,41,39,23,37,26,24,18,40,35	187	172
1441	583,725,709,721,630,462,524,584,517,610	621,718,734,770,642,540,512,531,566,597	602,584,587,609,671,589,666,586,616,474	669,588,710,648,724,662,629,664,642,557	210	181
1442	327,414,408,458,389,283,285,314,305,345	731,809,807,798,673,453,538,576,574,599	368,356,401,379,381,388,384,360,345,271	639,616,676,654,826,724,723,675,667,464	151	180
1443	551,598,592,640,513,205,338,374,376,370	403,429,421,423,385,206,288,310,314,320	583,403,520,487,634,532,528,469,417,220	363,321,364,388,395,384,430,365,284,184	260	174
1444	89,61,66,83,72,67,62,89,77,79	57,64,66,59,76,61,60,65,63,64	83,89,59,70,66,76,84,50,76,55	65,61,40,70,56,50,62,59,66,79	272	148
1445	175,193,190,220,150,185,150,165,146,172	44,72,65,68,64,66,59,73,56,71	151,171,175,176,182,156,165,163,200,258	56,59,67,63,45,59,78,65,68,64	224	145
1446	57,69,78,77,89,48,44,41,62,77	94,115,124,150,128,101,116,99,91,126	57,61,48,41,68,67,96,68,67,45	114,88,102,114,124,137,125,116,129,77	154	219
1447	56,67,74,65,53,70,44,60,70,67	115,107,102,119,101,51,61,86,83,95	58,44,56,59,79,50,76,57,54,47	78,102,85,79,113,106,92,97,89,88	142	162
1448	50,35,42,52,47,34,36,30,34,36	56,67,86,88,61,55,60,60,58,73	55,50,38,41,47,41,49,34,41,43	87,71,66,56,65,64,46,51,67,63	184	192
1449	73,84,74,79,85,93,68,81,60,88	50,67,53,75,57,60,45,67,41,60	91,77,89,83,74,61,85,64,80,72	62,69,49,54,76,56,54,49,62,63	265	213
1450	64,77,77,85,53,78,53,57,58,71	29,30,29,50,31,34,27,45,39,38	90,61,50,47,85,62,74,57,79,79	39,32,31,32,30,29,38,42,41,42	213	159
1452	4,16,26,29,17,17,17,15,15,27	421,479,498,478,457,353,387,387,429,511	16,10,25,14,24,23,21,16,19,18	438,409,413,442,441,440,511,462,498,448	83	159
1453	110,162,162,138,76,105,131,184,180,198	165,247,206,265,153,258,160,236,253,247	147,117,146,192,207,263,239,187,209,269	220,241,157,222,214,196,262,209,234,311	368	249
1454	0,1,0,0,0,1,0,1,0,2	0,0,1,0,0,1,0,0,1,0	0,3,0,1,0,0,3,1,0,0	0,0,0,0,0,0,0,0,0,0	205	195
1455	21,17,20,28,25,19,14,16,17,19	137,139,140,167,169,152,168,154,157,151	10,16,21,28,17,23,27,28,14,15	151,157,144,148,164,148,191,148,166,144	122	360
1456	10,9,12,10,13,2,4,9,9,15	45,45,33,51,42,21,25,29,40,40	13,16,7,9,11,7,15,9,9,11	32,30,40,28,38,27,48,32,22,20	212	122
1457	48,76,58,50,53,27,37,54,51,49	237,235,261,286,263,83,173,188,175,200	71,51,39,39,99,78,70,38,31,22	261,233,261,227,283,261,277,214,146,112	111	179
1458	51,77,58,53,54,29,38,54,53,51	85,77,87,68,80,34,48,52,42,61	72,51,41,41,102,78,70,40,32,22	80,70,63,83,114,73,70,54,35,26	111	120
1459	62,40,46,19,35,14,25,25,37,31	3,2,1,2,1,2,0,0,1,2	58,37,40,41,43,54,37,33,25,15	0,0,2,1,2,0,0,0,3,0	160	111
1460	61,40,46,20,35,14,25,25,37,31	98,105,111,81,93,33,99,71,73,72	58,37,40,42,44,54,37,33,25,15	108,76,87,93,139,118,91,74,49,27	160	111
1461	6,3,7,2,10,4,2,8,6,6	152,178,162,143,145,50,122,121,119,114	8,7,5,5,7,11,8,9,5,1	174,127,128,122,240,156,145,117,107,60	111	160
1462	0,0,1,1,1,0,0,1,1,0	152,178,162,143,145,50,122,121,119,114	1,0,0,3,1,1,0,3,0,0	174,127,128,123,240,156,145,116,107,60	111	160
1463	25,29,21,26,25,15,11,22,15,18	25,33,24,25,29,22,16,18,24,16	22,21,25,27,30,25,21,21,15,16	20,18,22,19,26,24,33,16,24,18	174	165
1464	43,47,60,40,55,40,42,39,54,60	67,66,84,85,65,78,57,75,78,72	48,55,41,59,52,59,62,50,56,64	74,64,58,63,92,65,73,55,77,91	179	129
1465	87,116,106,97,93,94,96,78,89,104	67,66,84,85,65,78,57,75,78,72	93,107,96,86,108,103,106,109,120,128	74,64,58,63,91,65,73,56,77,91	245	129
1466	108,107,121,145,112,119,90,123,123,132	67,66,84,85,65,78,57,75,78,72	121,105,119,133,110,128,155,131,155,172	74,64,58,65,91,65,73,55,77,91	241	129
1467	950,1127,1207,1280,1150,1103,955,1108,1048,1262	727,823,830,900,889,857,733,811,808,1025	1091,1096,1076,1105,1124,1081,1279,1142,1212,1200	835,834,769,829,851,884,964,859,929,891	177	164
1468	641,753,706,724,725,670,631,625,685,799	736,926,1017,1022,979,875,776,925,842,1100	718,712,680,717,720,708,765,625,796,679	901,909,836,926,953,935,1095,882,1003,988	164	177
1469	18,29,27,17,13,14,11,13,13,17	736,926,1017,1022,979,875,777,924,842,1100	14,12,11,10,30,12,13,8,15,16	901,909,836,926,953,935,1095,882,1003,988	3227	177
1470	63,66,76,59,50,60,46,60,58,69	835,979,1060,1134,984,957,849,996,927,1125	61,55,56,59,70,71,75,53,83,57	964,986,966,964,980,934,1114,1020,1048,1041	162	3227
1471	0,0,0,0,1,0,0,0,0,0	0,0,1,0,0,0,0,0,0,2	0,0,1,0,0,1,0,0,0,0	0,0,0,3,0,0,1,0,1,0	156	101
1472	63,66,77,59,50,60,45,60,58,71	311,338,304,314,319,321,287,268,335,379	61,55,56,62,71,71,76,53,84,57	334,330,326,339,294,328,337,304,371,296	162	156
1473	29,46,27,40,30,26,32,51,38,49	0,0,0,0,0,0,0,0,1,0	42,34,50,51,52,42,54,49,45,37	1,0,0,0,0,0,0,0,0,0	143	162
1480	2,3,5,1,9,0,1,0,3,0	2,0,3,0,0,0,1,0,0,1	1,1,0,0,5,1,1,0,0,0	0,0,0,2,1,0,0,0,2,0	249	162
1481	2,2,4,1,7,0,1,0,2,0	2,0,3,0,0,0,1,0,0,1	1,1,0,0,3,1,1,0,0,0	0,0,0,2,1,0,0,0,2,0	258	162
1482	4,8,7,6,6,4,2,3,1,5	2,0,3,0,0,0,1,0,0,1	4,5,6,1,6,3,5,3,0,2	0,0,0,2,1,0,0,0,2,0	84	162
1486	4,8,7,6,6,4,2,3,1,5	2,3,5,1,9,0,1,0,3,0	4,5,6,1,6,3,5,3,0,2	1,1,0,0,5,1,1,0,0,0	84	249
1487	4,8,7,6,6,4,2,3,1,5	2,2,4,1,7,0,1,0,2,0	4,5,6,1,6,3,5,3,0,2	1,1,0,0,3,1,1,0,0,0	84	258
1488	168,157,210,165,169,39,71,96,110,123	98,127,101,115,92,20,62,75,64,91	180,136,128,131,196,131,154,89,90,34	111,86,89,79,130,94,102,72,57,42	231	185
1489	194,217,212,237,219,56,103,138,140,131	1,1,0,3,0,0,0,0,0,1	232,137,156,154,264,174,209,133,108,49	0,0,0,1,0,0,1,0,0,0	167	167
1490	58,66,54,90,59,68,54,73,77,53	63,75,59,76,77,80,54,65,69,94	65,53,70,91,55,63,65,64,79,88	74,79,62,64,71,65,53,50,85,82	179	162
1491	70,79,70,91,83,95,60,80,88,79	69,66,70,88,56,84,61,70,58,63	82,74,72,64,71,69,81,90,87,88	70,79,60,76,75,65,69,71,80,85	140	179
1492	95,84,75,96,86,50,71,73,70,74	325,377,428,386,355,189,237,299,293,315	97,84,66,84,118,106,96,94,74,35	337,281,269,325,375,371,385,305,266,167	192	238
1493	42,47,54,44,35,48,22,52,45,38	27,15,20,21,25,23,17,23,34,20	49,38,40,50,44,50,60,51,59,58	16,21,24,22,26,18,19,29,21,25	239	122
1494	76,89,66,79,80,63,52,61,76,72	29,63,39,57,50,37,28,35,42,49	101,82,101,92,84,77,103,90,91,87	32,42,45,46,37,42,46,41,33,56	227	142
1495	69,85,75,100,87,74,69,83,65,94	86,84,86,90,98,109,83,106,96,145	81,72,64,64,74,95,89,95,102,92	96,101,83,92,120,96,121,104,125,132	157	151
1496	8,15,17,18,14,19,9,12,14,20	0,2,0,1,0,1,4,2,2,0	27,9,16,14,17,16,17,14,11,18	1,0,0,0,0,1,1,1,3,1	136	139
1497	14,17,21,20,16,5,9,22,22,19	65,61,71,63,51,39,51,74,56,67	17,12,11,7,12,14,16,12,12,13	82,56,48,57,78,69,56,52,46,41	123	210
1498	34,26,25,28,31,14,23,29,27,33	17,12,17,16,20,13,15,18,15,16	27,35,26,33,34,26,21,21,30,17	23,13,17,10,17,17,17,13,20,14	174	123
1499	123,126,105,141,125,71,93,109,151,138	129,146,127,114,93,89,83,127,100,117	125,111,134,135,123,119,124,108,92,104	122,118,90,88,108,88,129,95,99,88	221	245
1500	195,207,214,194,166,240,169,176,174,222	172,156,194,195,169,242,134,174,185,193	204,163,197,189,180,194,221,205,224,291	162,157,197,190,161,159,198,196,207,242	171	176
1501	340,363,347,386,315,401,351,360,334,408	237,301,276,272,249,333,243,267,263,314	400,388,341,366,356,367,400,351,417,473	304,256,265,266,281,258,314,273,299,377	257	171
1502	231,249,267,271,221,263,235,270,233,284	237,300,275,272,247,330,241,264,263,311	275,231,198,246,223,229,264,238,290,319	302,257,264,265,280,257,312,271,298,375	257	171
1503	377,386,409,409,335,413,305,360,373,365	237,300,275,272,247,330,241,264,263,311	372,363,346,369,359,377,415,351,379,481	302,257,264,265,280,257,312,271,298,375	296	171
1504	377,386,409,409,335,413,305,360,373,365	231,249,267,271,221,263,235,270,233,284	372,363,346,369,359,377,415,351,379,481	275,231,198,246,223,229,264,238,290,319	296	257
1505	376,387,410,409,337,415,308,363,373,368	374,396,408,416,330,430,346,397,349,429	374,363,347,372,360,378,417,353,380,484	410,346,330,373,347,367,411,376,446,530	296	257
1506	2,5,3,5,13,6,10,3,3,3	1,2,0,0,3,0,1,1,0,1	5,2,3,0,7,2,3,6,7,2	2,2,1,0,2,1,0,2,3,1	109	121
1507	70,86,85,78,77,37,51,49,65,56	59,52,87,61,75,41,38,42,45,47	75,60,54,58,93,72,91,30,32,32	64,61,44,49,88,66,70,45,39,29	201	214
1508	27,30,18,18,18,3,5,8,5,7	40,38,50,45,43,25,32,24,38,28	13,9,5,14,29,10,14,4,7,3	33,38,34,27,38,37,46,19,13,16	228	155
1509	28,31,20,18,19,3,5,8,5,7	11,11,18,16,14,8,4,13,10,11	13,9,8,15,33,10,16,3,8,3	16,10,9,13,25,6,16,9,16,5	228	194
1510	10,11,13,20,17,18,11,16,11,17	18,7,30,22,17,13,8,8,17,16	13,17,14,14,17,6,14,13,11,16	16,10,10,9,15,8,13,13,12,23	159	177
1511	15,19,27,23,22,23,26,15,18,15	2,5,1,1,4,4,1,0,3,3	28,15,10,20,25,16,16,14,23,25	1,5,1,3,0,1,2,2,1,4	177	116
1512	203,209,228,234,216,209,186,204,206,286	92,84,74,87,89,95,91,92,84,97	212,212,223,222,217,227,238,230,252,218	77,80,68,85,78,64,97,88,102,90	192	137
1513	139,187,159,192,167,175,155,171,171,186	212,212,204,234,174,196,187,181,182,246	158,181,172,182,198,172,184,198,187,196	187,227,209,204,213,213,227,217,243,213	156	192
1514	214,235,204,256,228,211,206,244,221,235	211,211,204,234,174,195,186,179,181,246	209,233,187,202,215,239,242,216,259,247	186,227,207,203,211,211,226,216,240,213	207	192
1515	215,236,204,256,228,212,207,246,222,235	117,114,140,134,133,134,118,122,116,170	211,233,189,203,217,240,243,217,262,247	126,127,125,134,124,131,139,140,141,126	207	156
1516	59,49,54,51,65,70,56,58,61,78	179,158,185,189,164,227,166,184,172,201	58,42,67,41,71,71,70,60,61,61	171,151,147,158,181,171,175,128,212,240	146	214
1517	75,95,92,84,97,123,98,80,83,105	55,53,49,73,53,68,48,58,45,63	71,111,58,112,76,92,89,84,100,104	59,64,60,42,44,53,64,48,43,61	168	177
1518	18,8,12,13,19,6,13,9,16,8	256,282,290,277,254,161,204,230,225,237	17,15,15,19,26,16,24,19,12,12	263,252,243,248,290,255,282,217,210,164	236	195
1519	18,8,13,14,19,7,13,9,16,8	533,601,539,586,529,359,421,455,459,527	17,16,15,19,26,16,24,19,12,12	554,481,512,490,567,525,580,437,399,341	236	236
1520	10,4,5,15,20,3,4,7,4,4	6,7,11,9,11,11,3,5,4,8	8,8,17,9,3,5,10,4,6,7	9,9,7,10,8,14,8,7,11,6	196	470
1521	10,6,10,4,8,6,7,8,3,7	8,2,1,9,11,2,2,2,4,4	10,4,4,2,9,4,7,6,5,1	4,3,14,5,2,3,4,1,5,4	292	196
1522	4,5,5,2,6,5,7,4,4,5	6,6,10,5,5,3,3,7,3,0	9,3,2,11,6,5,1,5,3,4	4,3,5,4,4,7,7,2,4,2	147	144
1523	0,2,0,1,0,1,2,2,0,1	1,3,1,3,1,5,2,5,3,4	0,0,1,2,0,2,2,0,1,2	2,1,9,5,8,5,7,3,4,5	203	303
1524	1,3,3,1,2,3,0,1,2,3	0,0,0,0,0,1,2,1,0,1	1,4,0,2,5,1,11,4,2,2	3,0,0,0,1,1,4,0,3,0	272	206
1525	1,3,3,1,2,3,0,1,3,2	2,5,0,0,2,3,2,1,1,2	2,4,0,2,5,1,11,4,2,2	1,1,0,4,3,1,2,1,2,1	272	234
1526	332,375,377,367,363,233,276,316,301,324	80,89,76,92,87,61,67,78,69,82	390,331,296,336,403,402,428,296,326,229	87,85,72,90,81,66,102,67,73,66	250	195
1527	16,16,26,21,13,8,15,10,17,21	425,520,513,510,495,349,387,455,418,469	18,13,20,27,25,9,21,13,10,10	510,487,390,454,545,512,555,440,442,326	108	250
1528	16,16,26,21,13,8,15,10,17,21	39,55,64,42,38,17,38,25,46,42	18,13,20,27,25,9,21,13,10,10	52,29,48,43,67,61,56,48,37,51	108	178
1529	34,33,29,43,32,26,17,23,31,32	73,60,80,70,69,62,68,82,74,63	31,20,38,30,34,28,29,28,28,25	85,64,67,80,59,58,72,68,81,65	146	308
1530	143,141,125,174,147,144,117,147,138,169	468,424,484,463,387,471,378,394,392,479	161,150,128,129,146,140,156,148,170,163	438,422,471,405,409,466,448,391,451,462	137	239
1531	106,111,137,114,114,120,102,116,141,156	134,149,130,151,126,131,146,156,123,142	111,113,124,113,123,140,152,94,143,139	181,140,107,118,171,147,167,144,149,151	177	137
1532	26,15,22,24,16,15,20,21,21,29	53,59,49,74,61,37,44,56,35,38	31,27,19,25,19,18,27,17,17,12	71,51,46,69,52,50,70,35,49,22	245	208
1533	42,41,34,51,47,19,25,35,19,24	840,944,829,960,825,549,552,816,750,684	52,33,30,33,33,34,39,23,33,20	889,809,748,938,883,869,1060,814,689,556	208	1658
1534	608,708,626,726,648,297,445,494,524,563	475,618,552,561,578,264,433,463,493,495	672,468,590,520,758,692,743,513,455,262	549,455,515,488,737,617,627,480,396,284	265	173
1535	50,63,70,63,47,50,46,56,63,58	20,15,21,36,19,26,16,19,32,23	39,65,58,57,57,56,68,54,57,57	18,28,27,25,23,21,19,26,33,25	386	151
1536	22,39,36,35,21,33,24,28,32,25	20,15,21,36,19,26,16,19,32,23	25,37,33,33,32,31,36,20,27,31	18,28,27,25,23,21,19,26,33,25	197	151
1537	68,84,85,83,68,68,57,64,63,83	20,15,22,36,19,28,18,19,32,26	65,79,70,65,77,68,90,54,88,100	21,28,28,25,23,21,19,26,33,25	197	151
1538	34,45,39,43,39,23,38,40,31,40	91,114,121,103,90,99,79,81,89,113	29,37,31,47,50,41,35,44,45,54	79,83,107,91,118,81,120,91,110,135	151	222
1539	34,45,39,43,39,23,38,40,31,40	0,0,0,0,1,0,0,0,0,0	29,37,31,47,50,41,35,44,45,54	0,0,0,0,0,0,0,0,0,0	151	90
1540	4,5,5,6,7,1,6,3,4,3	0,0,0,0,0,0,0,0,0,0	9,4,5,10,3,8,8,8,1,4	0,0,0,0,1,0,0,0,0,1	138	116
1541	4,4,8,6,2,6,3,5,4,8	38,50,50,44,30,28,25,27,37,28	1,4,8,11,8,4,6,9,5,0	38,40,52,46,21,41,50,20,30,20	138	135
1542	377,396,332,373,413,190,256,289,272,291	567,610,601,590,595,313,386,452,522,487	367,359,331,311,402,346,412,311,231,147	607,515,492,526,641,611,622,484,387,261	210	234
1543	433,454,423,519,475,232,296,367,330,380	126,134,102,114,132,69,82,105,103,95	485,354,368,398,463,440,458,380,279,171	137,102,97,91,128,111,125,87,79,50	225	210
1544	432,453,423,518,475,232,296,367,326,381	344,352,290,328,357,188,226,251,265,250	484,354,368,396,463,439,454,380,279,170	359,266,292,277,356,303,359,227,228,140	225	210
1545	144,155,138,167,127,54,100,128,125,124	8,7,11,6,14,2,5,2,5,7	156,117,119,128,210,148,170,154,84,63	11,7,10,8,5,2,15,7,4,7	160	154
1546	57,52,41,43,44,35,52,35,37,45	115,91,82,93,74,77,77,69,75,99	53,43,51,41,66,39,52,38,43,44	111,86,60,89,90,80,107,97,97,81	141	312
1547	102,115,103,119,119,76,93,91,93,109	39,28,33,39,37,19,23,35,28,31	105,97,114,119,108,86,139,99,114,75	52,26,37,29,41,40,53,29,39,26	283	141
1548	35,32,22,27,24,24,19,26,23,41	25,23,27,27,27,10,18,20,20,11	35,21,28,21,37,27,36,28,19,11	16,21,17,18,23,19,19,12,18,10	221	219
1549	20,29,18,30,14,11,23,21,17,15	38,41,36,26,24,26,22,24,31,37	20,22,19,25,37,22,32,19,13,10	25,19,28,16,47,31,41,26,22,16	213	221
1550	112,131,146,135,150,124,91,119,99,160	43,20,20,32,26,33,32,28,26,40	140,124,143,114,127,141,130,114,144,111	36,27,29,34,27,22,33,41,30,38	270	150
1551	89,77,97,97,82,48,60,64,67,77	78,110,84,102,92,50,50,62,51,68	61,85,78,103,119,92,91,85,76,67	77,61,55,96,86,84,115,95,79,59	309	335
1552	1,2,3,1,1,2,0,1,3,2	0,0,0,2,1,0,0,0,0,1	2,3,5,2,1,3,2,1,1,1	0,0,0,0,0,0,0,0,0,0	138	138
1553	113,93,91,91,99,50,77,84,118,124	183,156,165,183,168,115,126,188,151,152	113,90,97,98,133,94,124,100,114,80	147,154,186,161,179,199,171,164,167,116	153	153
1554	9,24,8,10,11,16,7,2,9,18	4,9,8,11,8,14,10,5,5,10	6,17,7,10,8,6,10,14,14,22	6,9,9,6,3,7,7,9,8,8	135	141
1555	44,46,41,37,30,18,22,26,20,30	24,37,34,32,31,23,21,18,37,23	47,29,23,33,38,32,26,27,34,17	34,30,27,31,40,28,42,27,32,24	123	156
1556	374,483,507,352,187,189,359,313,494,525	440,483,497,474,403,332,375,414,439,445	508,315,465,406,717,858,601,471,495,486	504,435,538,514,491,497,468,426,444,422	765	222
1557	47,42,34,49,28,30,32,38,41,49	59,64,72,65,61,64,54,88,70,68	41,32,47,34,38,30,50,42,38,32	81,89,49,68,72,78,93,76,66,57	158	190
1558	55,68,45,69,38,57,50,66,42,62	124,151,109,139,130,139,126,142,140,180	52,55,55,63,66,56,61,59,72,53	158,137,131,153,157,130,144,143,170,145	226	221
1559	132,148,116,138,105,134,121,152,135,166	124,151,109,139,130,139,126,142,140,180	119,134,140,131,152,148,155,153,169,128	158,137,131,153,157,130,144,143,170,145	261	221
1560	8,11,12,11,11,8,14,13,17,4	4,7,8,7,10,7,11,5,6,2	9,13,8,5,15,11,15,5,11,3	7,4,5,5,4,7,9,5,7,4	142	134
1561	6,7,3,4,5,0,6,0,4,3	2,4,9,5,8,4,9,7,5,2	4,3,2,8,2,4,5,1,3,4	5,5,5,3,4,4,9,4,8,4	153	134
1562	37,52,50,49,48,37,42,50,46,55	17,13,18,26,29,14,15,16,20,33	37,39,28,44,48,41,60,40,36,36	21,22,19,18,21,19,26,23,19,15	170	124
1563	0,1,0,0,0,0,0,0,3,0	1,4,6,1,2,0,2,3,1,4	0,0,0,0,0,0,1,0,0,0	2,4,8,3,4,2,4,2,2,2	104	154
1564	680,725,724,720,681,687,582,671,707,763	2181,2561,2477,2604,2325,2269,2054,2241,2341,2731	718,744,713,701,747,754,765,725,708,747	2388,2484,2429,2523,2357,2482,2653,2536,2639,2872	156	296
1565	119,200,160,194,191,135,126,142,141,186	204,241,284,209,190,136,170,211,181,184	183,144,179,143,189,129,171,151,123,95	206,182,183,181,206,200,226,155,196,122	147	147
1566	15,14,17,13,17,13,9,8,14,10	27,32,27,18,24,25,19,25,28,27	17,9,7,11,9,4,11,3,10,14	20,33,26,18,21,14,23,26,25,26	125	166
1567	4,2,2,4,6,0,2,8,2,3	4,7,4,6,4,0,0,6,3,1	2,1,1,2,9,3,5,2,7,2	4,6,0,1,7,6,7,10,3,1	264	177
1568	749,793,845,888,752,336,531,628,621,639	564,539,615,643,590,298,388,450,422,521	790,624,694,684,776,740,824,654,493,263	591,516,528,486,609,561,620,480,343,209	204	180
1569	1005,1202,1147,1067,1046,349,728,763,772,757	637,661,754,722,651,230,405,503,475,504	1097,811,809,862,1070,951,1080,808,564,284	690,477,523,550,716,591,657,530,391,166	165	153
1570	179,171,194,172,141,88,118,135,146,158	124,111,123,133,92,59,87,81,83,68	149,130,145,128,189,152,177,134,117,66	119,86,77,88,114,92,101,65,94,56	291	184
1571	3,0,1,0,0,0,2,2,2,0	24,15,17,9,19,22,8,7,13,15	2,0,2,0,0,0,2,0,0,2	9,13,5,15,17,15,16,12,17,16	233	154
1572	17,22,15,20,8,8,8,16,13,12	20,11,18,11,13,16,10,16,15,16	15,14,16,14,21,9,12,12,10,29	21,12,18,13,27,15,15,17,12,14	173	174
1573	666,644,715,681,663,387,391,479,561,526	615,663,674,727,687,457,511,627,564,641	670,551,514,601,766,620,707,558,475,336	691,642,608,604,718,645,768,611,559,423	143	219
1574	666,644,715,681,663,387,392,479,561,526	1631,1560,1698,1851,1655,1052,1085,1288,1385,1343	669,551,514,601,766,620,707,558,475,336	1641,1403,1385,1417,1681,1375,1708,1348,1272,916	143	296
1575	343,426,388,455,355,270,344,342,377,348	84,94,89,123,95,76,85,67,91,93	336,401,301,292,355,309,435,359,267,255	78,123,76,95,93,73,101,88,62,58	329	154
1576	169,163,162,159,138,153,134,155,151,183	243,266,276,285,259,306,264,276,241,379	150,156,133,125,146,168,166,175,174,190	290,255,283,263,320,265,325,261,312,313	179	207
1577	23,28,31,51,25,8,19,20,20,19	12,15,8,14,18,5,10,9,12,3	30,22,22,34,34,23,25,31,16,7	18,15,7,7,15,8,14,10,12,11	240	152
1578	27,22,39,26,29,15,14,29,31,28	31,20,25,18,17,18,23,22,26,31	28,25,27,20,30,21,21,34,22,20	30,29,24,17,32,27,29,18,18,18	205	150
1579	94,109,86,116,68,101,94,96,112,115	75,84,84,77,60,72,75,67,68,82	102,89,100,89,103,79,115,96,131,113	62,60,74,73,70,87,84,81,82,98	153	135
1580	28,34,25,25,30,9,21,27,21,14	10,14,21,11,18,12,15,15,13,14	30,36,25,22,41,32,48,18,15,8	21,13,14,12,27,24,21,18,7,5	126	99
1581	37,50,38,48,32,16,27,35,31,27	34,27,47,59,35,32,34,45,35,26	43,30,32,37,35,38,38,47,29,22	39,25,31,37,38,38,43,41,28,23	284	234
1582	48,38,32,56,45,41,43,47,56,45	86,70,87,85,80,77,75,77,88,91	51,59,34,75,40,34,54,71,71,47	76,93,91,63,76,62,90,90,122,92	163	196
1583	48,38,32,56,45,41,43,47,56,45	40,35,43,41,35,43,38,35,46,50	51,59,34,75,40,34,54,71,71,47	32,43,53,28,44,31,45,44,76,33	163	242
1584	42,38,36,31,29,16,26,32,28,25	56,72,74,94,53,54,41,64,42,64	31,17,25,28,27,15,27,17,22,25	49,76,41,65,82,82,67,54,43,39	117	234
1585	0,0,0,1,0,0,0,1,0,1	4,1,5,8,1,4,0,6,0,5	2,0,1,2,1,1,2,0,1,3	4,0,6,4,3,4,4,3,3,3	144	163
1586	8,8,7,14,13,5,5,5,5,6	5,9,11,7,5,10,7,8,4,11	7,14,8,6,4,4,11,6,8,6	11,2,5,9,8,12,6,7,3,6	121	157
1587	56,49,57,61,53,50,31,63,57,53	54,73,70,59,69,76,49,68,50,52	59,45,60,56,41,51,71,53,68,76	53,59,55,83,61,65,91,91,90,85	161	190
1588	120,124,151,143,105,23,57,69,91,61	20,26,27,20,13,4,8,10,13,2	121,83,75,79,148,115,127,56,48,18	20,16,7,5,32,22,19,7,5,5	496	126
1589	42,67,82,64,40,72,61,59,67,69	95,108,131,113,88,122,114,93,128,125	57,61,52,59,62,47,57,55,81,80	102,104,102,119,120,114,114,96,143,136	200	155
1590	112,154,170,139,111,115,125,125,151,138	144,184,173,173,151,140,144,159,131,191	126,127,100,133,132,152,156,142,113,141	151,173,144,150,163,156,171,175,180,142	165	184
1591	13,7,12,13,14,6,5,9,7,11	35,42,40,40,18,17,20,20,22,20	11,21,11,11,14,13,24,10,18,7	23,21,19,20,35,29,28,15,20,17	110	207
1592	649,715,757,799,745,599,561,635,659,679	596,608,649,668,654,506,498,554,548,664	704,657,581,687,726,706,745,671,606,552	550,620,517,579,616,579,664,546,547,477	221	208
1593	686,785,800,806,669,462,578,574,579,674	667,679,730,715,705,572,555,609,648,653	633,639,659,658,717,734,721,617,549,431	698,650,544,707,756,680,746,674,569,521	225	221
1594	776,851,819,916,856,598,691,685,775,886	533,646,624,719,570,453,470,490,499,582	836,795,704,775,1005,898,965,788,629,567	556,541,523,556,606,608,646,510,494,399	212	225
1595	112,192,132,139,141,115,110,127,151,130	158,209,195,212,186,165,133,175,151,233	126,123,144,178,166,134,165,216,156,150	203,178,264,248,221,186,203,345,272,209	253	244
1596	253,354,435,251,121,118,342,173,391,486	2209,2631,2740,2775,2550,2095,2322,2149,2461,2719	307,238,353,337,616,763,563,407,394,448	2576,2444,2391,2439,2892,2914,3019,2518,2455,2097	115	252
1597	1778,2178,2280,2094,1643,1432,1947,1649,2139,2216	670,702,669,795,605,509,596,586,647,731	2131,1867,1940,2026,2627,2658,2626,2076,1984,1752	618,678,678,702,792,713,784,630,620,586	252	135
1598	259,297,331,334,240,234,219,241,290,304	110,121,119,150,117,73,100,111,113,114	308,263,246,272,264,293,324,258,231,209	130,131,95,107,121,113,124,122,101,70	242	126
1599	260,298,331,333,240,234,220,241,290,304	792,851,873,893,831,702,580,676,692,856	308,263,245,272,264,293,324,257,231,209	821,813,765,738,886,814,885,682,692,613	242	412
1600	35,45,38,30,34,20,17,30,36,15	258,249,196,272,234,119,151,144,170,166	29,34,31,29,31,42,45,38,16,32	238,237,211,214,216,230,242,228,208,118	150	249
1601	36,34,42,44,23,30,28,43,41,46	63,78,97,81,70,66,60,66,68,60	35,39,36,54,42,46,60,53,47,39	73,81,73,72,81,63,61,86,81,103	249	212
1602	33,27,36,35,19,31,24,34,33,42	9,6,10,5,2,4,9,10,8,7	35,32,23,37,35,39,53,44,42,30	2,7,10,11,5,7,6,6,8,11	249	159
1603	65,73,76,75,82,67,61,58,80,73	67,79,100,81,71,67,61,66,68,65	82,79,61,94,73,77,85,88,75,86	74,81,73,72,83,63,61,87,81,105	259	212
1604	1,3,0,1,1,0,1,1,1,4	5474,5704,5720,6101,5199,7131,5321,6004,5707,6498	2,0,2,2,2,3,1,3,1,2	6164,5774,5317,5414,6056,5802,6435,5619,7090,6983	289	248
1605	52,81,65,56,75,59,58,60,60,81	25,22,21,30,36,11,23,31,22,38	58,72,63,61,68,66,65,58,97,76	35,27,24,24,25,20,36,31,30,32	166	144
1606	12,29,23,33,16,17,23,21,28,33	6,12,11,9,9,7,7,8,12,5	20,22,17,35,20,22,35,25,25,29	12,7,3,5,13,6,5,8,3,5	135	110
1607	25,35,34,34,35,35,20,30,33,44	56,62,80,72,51,48,57,45,69,67	34,37,25,34,35,37,37,40,44,41	55,65,66,56,71,55,91,67,78,79	110	166
1608	7,13,10,16,4,16,12,8,8,5	1,2,0,1,1,2,0,0,5,2	15,4,7,12,15,6,13,11,7,17	0,0,2,0,2,3,0,0,1,1	160	166
1609	136,128,175,138,137,29,79,74,75,63	102,83,125,130,114,33,65,75,86,66	114,105,113,92,169,119,130,72,56,31	98,86,87,63,107,89,124,58,45,26	407	325
1610	84,110,74,97,98,80,77,85,94,102	81,102,73,76,78,89,68,78,76,101	106,91,105,131,98,81,107,97,123,155	101,73,85,96,79,85,94,118,110,127	215	245
1611	62,103,75,68,76,76,63,72,83,89	62,77,72,75,64,75,53,74,74,67	77,74,66,102,49,65,81,94,115,73	85,69,86,107,71,69,95,102,114,105	182	215
1612	194,203,241,238,202,153,174,178,184,218	269,256,293,267,212,193,245,216,201,245	253,181,224,196,291,212,222,195,224,174	252,213,287,246,288,263,217,208,278,218	222	321
1613	9,5,8,11,4,2,8,9,5,7	51,50,66,71,71,26,51,66,43,41	12,15,15,8,13,7,9,14,7,3	56,55,60,53,66,35,79,43,50,35	200	850
1614	109,156,132,162,135,130,114,123,122,145	49,45,37,49,32,35,29,59,34,50	127,124,128,136,154,139,163,136,129,121	43,36,41,50,40,40,42,35,53,45	272	147
1615	144,194,164,193,172,159,140,155,145,185	49,45,37,49,32,35,29,59,34,50	162,152,174,162,197,165,200,164,149,154	43,36,41,50,40,40,42,35,53,45	308	147
1616	135,180,154,180,164,149,135,141,139,173	0,0,1,0,0,0,0,0,0,0	152,144,152,154,186,155,190,153,144,145	0,0,0,1,1,1,0,1,1,2	308	147
1617	272,283,293,332,319,277,265,270,255,355	135,149,179,217,147,179,155,182,168,214	282,320,243,290,291,292,335,283,322,305	168,168,188,148,167,155,191,174,216,214	206	198
1618	28,26,34,27,40,29,19,28,25,34	33,41,41,40,35,25,33,30,33,30	43,30,34,33,46,30,44,43,27,23	38,24,42,25,37,35,24,25,19,30	264	240
1619	7,0,6,11,3,4,9,2,4,6	7,6,8,5,6,4,4,3,6,4	6,3,8,2,6,7,8,4,4,2	2,2,4,3,5,8,6,1,4,6	238	183
1620	1057,1319,1261,1248,1226,376,705,773,755,926	1252,1295,1330,1397,1419,494,867,912,891,1024	1104,979,951,923,1316,1089,1264,828,562,329	1346,964,1106,1162,1430,1241,1367,888,669,406	222	249
1621	998,1068,1148,1177,1129,389,671,768,687,840	735,697,746,697,670,226,438,450,470,482	1106,881,875,909,1162,981,1116,771,516,308	690,574,560,611,762,648,654,485,307,201	249	167
1622	168,160,206,175,149,90,138,156,182,193	427,454,511,478,466,288,347,381,360,394	240,160,161,164,252,264,216,174,137,114	523,452,393,402,520,435,517,334,336,233	270	326
1623	24,19,19,22,17,17,15,20,26,20	41,41,41,47,29,33,41,40,40,26	18,13,24,23,17,12,15,18,21,24	51,46,29,39,36,41,40,34,50,43	214	257
1625	22,30,39,51,42,34,42,16,31,36	0,0,0,0,0,0,0,0,0,0	23,32,42,42,27,34,35,35,37,42	1,2,0,0,0,0,0,0,1,0	101	144
1626	8,7,3,1,8,5,6,2,4,2	0,0,0,1,0,2,2,0,0,0	4,7,7,6,8,2,7,3,4,7	0,1,0,0,1,0,2,1,1,0	176	128
1627	1487,1482,1618,1607,1466,1273,1371,1381,1433,1720	259,222,249,224,198,217,208,235,221,252	1657,1449,1497,1432,1617,1484,1711,1444,1539,1601	281,227,224,253,244,261,274,225,214,267	663	183
1628	195,226,229,254,204,187,169,201,174,217	286,348,348,343,293,272,268,307,287,343	238,195,196,199,189,198,237,202,215,179	319,260,274,288,320,313,355,332,346,326	188	347
1629	1,0,1,0,0,0,3,0,1,2	343,420,421,421,365,335,335,365,342,393	0,0,1,1,0,0,2,1,0,1	406,311,322,354,378,382,423,403,424,383	196	347
1630	32,22,27,38,25,23,32,31,16,20	41,44,31,44,30,29,23,34,32,60	26,26,31,22,40,28,35,28,33,30	49,36,41,46,42,39,44,47,35,58	197	205
1631	29,20,23,38,20,22,31,27,15,19	16,15,20,26,10,12,14,17,18,33	23,25,27,22,36,26,34,27,33,29	23,15,12,25,21,18,23,19,19,25	197	205
1632	29,20,23,38,20,22,31,27,15,19	27,16,31,19,14,13,15,18,18,16	23,25,27,22,36,26,34,27,33,29	18,21,10,18,19,19,28,21,18,19	197	155
1633	16,15,20,26,10,12,14,17,18,33	27,16,31,19,14,13,15,18,18,16	23,15,12,25,21,18,23,19,19,25	18,21,10,18,19,19,28,21,18,19	205	155
1634	35,27,29,48,27,31,26,36,29,44	30,18,35,20,19,14,17,22,18,17	37,34,25,41,42,37,41,33,32,33	21,22,14,19,23,21,29,22,18,20	205	155
1635	194,218,225,230,204,199,201,226,244,239	315,352,368,400,315,360,362,396,378,413	205,207,176,232,207,185,252,229,258,235	331,323,322,361,429,325,379,398,462,446	192	252
1636	28,13,36,30,27,13,20,20,22,16	354,519,459,433,419,324,310,373,360,393	25,12,25,23,49,38,31,29,18,21	442,396,374,433,435,462,572,453,327,310	143	275
1637	242,353,340,311,311,217,237,253,267,260	70,81,80,74,81,52,55,64,68,70	286,268,291,281,315,316,371,319,234,208	92,82,71,86,76,71,93,69,55,59	275	117
1638	248,327,301,288,296,217,198,258,246,240	70,81,80,75,81,52,55,64,68,71	281,259,238,279,291,299,354,302,236,204	92,82,71,88,76,71,92,69,55,59	275	117
1639	202,292,265,232,259,188,179,213,214,202	70,81,80,74,81,52,55,64,68,70	240,225,218,227,245,270,307,269,194,172	92,82,71,86,76,71,92,69,56,59	275	117
1640	113,181,150,140,111,98,103,125,102,141	239,284,286,305,260,169,193,231,224,213	152,124,127,144,157,151,206,147,102,103	265,227,239,273,253,255,298,251,198,197	117	162
1641	143,183,182,168,168,116,111,128,140,153	375,435,424,445,376,276,304,302,341,341	179,175,151,193,153,166,196,152,122,130	379,400,327,427,398,352,496,374,310,324	162	202
1642	554,635,604,586,610,444,451,528,456,486	57,79,76,66,69,64,47,65,63,65	522,563,595,671,603,545,679,551,495,545	53,67,48,73,53,68,70,68,65,66	308	177
1643	554,635,604,585,610,444,451,530,457,486	0,0,1,0,0,0,0,0,0,0	522,563,595,671,603,545,679,551,495,545	0,0,0,1,0,0,1,0,0,0	308	138
1644	554,635,604,585,610,444,451,530,457,486	283,361,377,308,310,328,243,295,268,305	522,563,595,671,603,545,679,551,495,545	316,333,300,355,282,293,383,325,325,330	308	177
1645	26,21,20,20,12,19,17,20,39,22	129,177,135,135,104,150,148,140,136,170	17,25,23,14,27,38,20,20,29,31	120,147,158,132,154,132,129,173,182,222	112	106
1646	26,21,22,20,12,19,17,20,40,21	70,80,71,76,90,87,81,77,77,99	19,24,23,13,27,38,20,20,27,31	94,77,76,55,55,76,70,71,103,116	112	571
1647	26,21,22,20,12,19,17,20,40,21	0,2,1,1,1,2,2,2,1,1	19,24,23,13,27,38,20,20,27,31	1,1,0,1,1,0,0,0,0,1	112	108
1648	0,3,7,1,1,1,1,3,2,3	147,156,151,174,153,166,149,153,141,202	4,2,1,2,4,3,1,5,2,2	175,143,183,120,165,145,157,176,201,228	108	608
1649	93,83,81,76,63,100,80,92,80,88	138,140,137,158,141,153,137,137,134,185	71,74,104,102,109,79,80,91,117,143	167,140,172,107,150,139,144,168,196,207	103	118
1650	149,170,177,182,150,199,144,160,154,192	150,193,183,221,138,210,171,163,171,216	151,159,179,159,179,166,162,157,196,252	164,180,192,186,177,157,204,162,202,235	608	123
1651	1440,1595,1686,1731,1351,1247,1231,1327,1224,1564	1506,1787,1645,1830,1578,1474,1382,1538,1507,1665	1585,1413,1573,1534,1545,1401,1553,1330,1396,1287	1694,1609,1614,1630,1752,1628,1705,1542,1658,1459	195	204
1652	1704,1918,1955,1968,1707,1561,1569,1678,1505,1879	457,487,500,496,435,393,389,411,401,480	1867,1699,1868,1847,1839,1710,1869,1612,1712,1641	492,467,466,510,527,466,490,428,413,418	204	135
1653	39,34,28,49,43,28,36,41,33,41	20,16,14,22,27,34,19,24,19,34	30,36,32,28,31,30,36,25,30,38	19,28,26,19,25,15,26,21,23,29	198	163
1654	13,14,18,18,15,14,15,12,21,15	44,37,35,42,44,14,18,31,32,27	16,14,19,10,10,16,17,13,3,9	47,43,31,24,41,29,50,27,28,15	170	200
1655	42,59,42,44,42,24,24,30,32,37	78,103,74,101,88,39,62,53,53,49	45,40,40,44,40,32,52,44,51,38	91,66,59,86,80,86,81,70,68,54	160	139
1656	49,71,54,52,58,46,65,60,64,63	166,175,148,184,185,172,173,179,170,183	45,53,49,47,56,82,71,45,67,66	173,185,150,199,190,163,209,153,196,169	178	390
1657	78,73,81,60,52,55,73,73,90,98	65,60,69,78,59,78,58,59,86,64	89,73,55,91,78,82,92,74,96,55	60,69,52,42,59,85,85,37,84,47	231	178
1658	0,2,0,0,0,0,0,2,0,0	4,10,11,9,12,6,3,7,4,6	1,0,0,0,0,0,1,0,0,0	8,11,11,7,1,5,8,2,3,6	178	109
1661	58,84,57,87,64,51,57,77,68,49	29,41,39,33,28,25,21,42,24,29	77,58,43,54,80,56,91,61,58,57	30,24,31,36,41,31,36,34,24,20	3916	186
1662	9,2,4,4,5,0,0,4,2,2	4,1,1,5,1,0,0,2,3,5	3,2,3,0,5,2,5,2,0,1	1,1,0,0,0,2,2,2,0,2	150	150
1663	7,6,8,10,13,4,6,1,9,5	1,1,4,3,5,4,0,2,1,1	10,10,3,4,6,8,15,4,6,3	2,2,0,3,1,6,4,3,0,1	156	150
1664	18,22,26,19,22,11,12,17,11,15	67,55,86,74,57,19,36,40,32,45	17,15,22,16,17,18,17,8,9,12	73,49,50,43,57,45,79,44,30,29	156	372
1665	34,24,43,34,44,11,15,23,20,20	67,55,85,75,57,19,36,40,32,45	29,25,24,22,25,16,26,31,21,16	74,49,50,43,58,45,80,44,31,29	232	372
1666	339,393,368,356,323,240,217,254,283,346	203,223,219,172,176,160,147,151,141,170	307,299,275,290,375,326,410,259,280,213	217,142,157,208,222,154,206,147,134,153	183	150
1667	339,393,368,356,323,240,217,254,283,346	204,223,220,172,176,160,147,151,141,170	307,299,275,290,375,326,410,259,280,213	216,142,157,208,223,154,206,147,134,153	183	147
1668	397,465,406,455,451,349,331,377,396,373	211,229,224,175,181,166,152,155,145,176	463,386,356,389,480,419,447,406,432,304	227,149,164,217,228,158,210,151,143,168	255	150
1669	397,465,406,455,451,349,331,377,396,373	207,226,224,189,185,170,152,154,149,174	463,386,356,389,480,419,447,406,432,304	223,153,165,218,229,158,210,158,142,155	255	147
1670	384,449,404,443,436,334,322,372,386,361	350,405,441,453,439,344,316,345,362,376	451,374,346,374,471,409,429,392,414,295	385,362,322,393,377,397,410,355,361,296	255	204
1671	18,17,12,22,14,13,10,10,13,5	350,405,441,453,439,344,316,345,362,376	16,11,17,5,13,5,14,8,10,10	385,362,322,393,377,397,410,355,361,296	153	204
1672	217,305,288,279,264,209,202,202,237,234	16,17,18,12,16,6,15,8,14,18	246,227,205,236,264,266,301,257,290,207	13,24,11,12,21,7,14,15,24,11	147	87
1673	39,49,65,72,47,68,40,59,58,61	0,0,0,0,0,0,0,0,0,0	54,60,47,68,62,52,65,67,81,57	0,0,0,0,0,1,0,0,0,0	148	152
1674	39,49,65,72,47,68,40,59,58,61	39,62,62,56,53,69,49,68,67,65	54,60,47,68,62,52,65,67,81,57	57,66,58,50,70,56,58,51,70,58	148	148
1675	30,31,38,31,32,31,30,33,37,42	68,63,70,70,84,57,65,77,70,71	33,25,17,28,41,38,31,34,33,40	74,76,51,66,61,93,70,56,86,63	156	148
1676	33,53,33,54,31,20,37,33,26,37	47,53,69,75,51,81,47,65,68,66	32,38,31,31,44,37,42,37,40,38	56,67,50,72,74,61,71,77,89,62	146	156
1677	9,24,23,18,24,17,20,15,15,14	46,53,70,76,51,82,47,64,68,66	20,11,17,13,19,17,14,25,31,28	56,68,50,72,72,61,71,77,89,62	155	156
1678	14,16,11,13,19,13,13,13,7,14	46,53,70,76,51,82,47,64,68,66	13,14,11,7,4,18,15,20,11,12	56,68,50,72,72,61,71,77,89,62	146	156
1679	10,9,14,10,9,7,10,17,13,11	3,3,2,1,2,2,1,3,1,2	9,9,9,15,15,9,18,10,15,17	0,2,3,4,3,3,5,5,0,0	190	146
1680	7,6,10,10,8,12,14,10,8,4	32,42,39,35,27,26,33,32,29,30	9,15,7,10,12,8,12,8,8,10	36,26,23,38,37,40,42,29,38,36	127	190
1681	1,0,0,0,0,0,0,0,0,0	30,37,38,28,26,23,32,34,28,26	0,0,0,0,0,1,0,0,1,0	36,23,22,38,36,39,38,24,35,30	127	190
1682	34,64,50,53,41,39,30,37,38,47	10,11,9,15,10,13,14,6,9,10	47,34,42,46,42,38,49,45,52,45	5,17,5,13,11,5,9,8,10,14	246	127
1683	9,24,23,18,24,17,20,15,15,14	0,1,0,1,0,0,1,1,0,0	19,11,18,13,19,17,14,25,33,28	0,0,0,1,0,0,3,0,0,0	155	136
1684	93,93,98,84,89,57,69,89,83,100	158,151,171,138,135,139,118,140,147,147	89,71,67,61,103,80,80,64,77,58	139,119,134,136,150,149,153,103,144,135	161	194
1685	21,28,32,26,17,18,19,26,20,27	158,151,171,138,135,139,118,140,147,147	19,23,12,14,21,21,19,21,27,26	139,119,134,136,150,149,153,103,144,135	196	194
1686	0,1,0,0,1,2,0,2,0,2	2,3,2,4,3,4,3,4,5,6	0,0,1,2,1,0,0,4,0,2	6,1,2,0,7,3,4,10,6,5	132	162
1687	182,252,238,256,215,210,183,227,215,233	131,140,150,173,127,115,137,144,146,165	210,238,217,228,249,245,250,275,247,243	135,129,147,158,143,161,183,193,178,182	219	192
1688	44,44,49,41,34,41,40,33,43,53	24,22,26,23,25,13,10,22,20,19	44,39,51,39,41,49,38,55,51,33	31,26,21,21,22,24,14,22,39,22	209	125
1689	47,44,51,65,43,20,29,42,38,35	74,61,73,94,82,52,57,48,49,46	48,32,51,52,52,58,67,51,33,26	72,71,61,68,77,56,73,59,42,35	215	257
1690	11,18,19,7,3,0,11,5,17,15	74,61,73,94,82,52,57,48,50,46	16,2,13,6,39,32,24,13,9,13	72,71,60,68,78,56,75,59,43,36	225	257
1691	1,1,0,0,4,1,0,0,2,0	9,13,5,8,12,1,3,4,2,6	0,0,0,0,2,0,0,1,0,1	14,5,4,6,6,6,11,8,2,4	145	187
1692	149,204,164,173,151,169,148,185,167,208	311,345,287,346,301,344,282,284,309,378	159,182,203,201,163,174,160,158,173,162	325,290,355,303,299,350,342,315,312,387	160	162
1693	187,235,262,255,211,230,211,219,226,266	213,254,249,286,237,277,220,282,260,303	251,246,210,247,211,257,239,224,243,252	273,250,254,281,251,255,264,228,306,310	162	230
1694	124,139,118,131,117,83,114,112,117,120	173,213,224,223,158,115,118,135,169,165	128,106,115,97,145,110,161,128,88,58	174,145,128,177,185,182,231,167,141,105	285	294
1695	125,139,142,161,127,107,108,91,123,130	28,50,39,52,35,27,42,44,37,41	145,103,127,122,168,164,166,111,114,70	44,47,35,39,53,42,57,34,51,12	240	150
1696	70,69,52,79,54,29,40,51,51,38	15,18,21,22,13,17,5,17,9,12	61,50,55,56,76,51,59,70,71,40	19,14,8,17,25,21,14,16,15,10	351	171
1697	25,26,26,15,18,11,14,28,14,16	118,109,98,142,92,63,57,75,82,123	28,17,24,21,25,25,30,17,31,12	102,81,89,107,112,131,136,109,117,67	171	435
1698	538,527,551,589,547,460,524,521,494,616	402,315,416,393,379,399,369,391,377,458	591,510,543,485,567,580,604,506,586,491	417,397,410,349,402,410,420,391,421,365	269	189
1699	492,476,555,582,557,445,454,415,442,566	632,623,663,724,677,595,626,613,612,735	550,513,515,469,499,497,535,432,496,400	744,669,676,612,679,734,736,571,718,590	228	269
1700	0,3,2,0,1,0,0,0,0,2	4,2,1,1,4,0,3,4,2,3	0,1,0,0,1,0,2,1,1,0	6,6,2,5,1,3,1,3,5,3	166	163
1701	12,3,5,6,2,3,1,3,4,4	63,59,58,62,46,39,26,55,41,53	6,1,3,4,4,5,6,3,9,3	65,56,28,27,58,40,83,33,30,24	138	729
1702	55,66,83,93,56,53,50,64,62,69	86,93,97,118,101,75,80,90,72,92	80,56,66,78,72,71,71,56,61,43	97,119,97,97,80,74,109,63,93,91	207	204
1703	77,88,104,96,89,91,70,98,71,79	142,197,161,170,184,202,138,163,144,184	104,84,70,83,101,78,90,87,83,89	148,166,139,184,166,137,203,165,201,188	170	179
1704	682,789,683,690,647,541,533,594,590,644	612,646,626,702,607,450,504,552,530,572	704,661,624,695,773,694,786,656,598,569	662,512,552,665,649,618,670,546,560,450	241	258
1705	25,34,21,49,42,18,19,26,21,21	9,9,11,15,8,6,3,6,8,12	22,23,22,30,28,20,40,26,20,17	5,5,6,14,9,6,6,11,10,10	87	93
1706	21,29,33,15,29,21,12,34,20,25	13,21,14,13,15,14,9,19,21,10	23,16,22,15,30,15,27,19,29,15	11,13,14,13,12,13,26,15,14,16	210	153
1707	26,24,21,30,15,13,25,22,15,29	1245,1429,1448,1352,982,1050,1196,1176,1408,1490	22,15,16,18,24,9,24,19,24,21	1354,1192,1267,1341,1571,1549,1635,1365,1466,1456	299	197
1708	11,13,12,14,12,11,13,10,8,16	1245,1429,1448,1352,982,1050,1196,1176,1408,1490	10,6,10,11,10,8,11,17,14,12	1354,1192,1267,1341,1571,1549,1635,1365,1466,1456	200	197
1709	4,10,8,9,3,4,1,2,6,0	2,3,1,4,1,0,2,3,1,1	4,4,2,8,15,3,3,2,0,3	1,7,2,0,3,0,3,1,2,1	134	239
1710	5,3,7,3,9,9,10,7,7,6	8,9,9,5,7,2,7,7,3,11	11,4,6,9,9,9,6,9,7,5	13,9,3,7,11,8,10,5,6,14	128	157
1711	6,13,11,9,14,6,4,8,1,10	14,5,14,8,9,8,10,5,10,5	11,6,9,11,7,8,10,2,5,4	9,11,5,6,11,6,10,9,7,6	128	128
1712	50,37,49,54,48,35,35,49,38,37	35,44,37,50,34,27,31,36,38,31	52,30,40,46,57,57,57,36,38,23	52,37,31,49,51,35,49,37,20,19	280	233
1713	4,7,4,1,6,2,7,9,7,3	24,22,17,28,17,20,17,22,16,26	4,7,2,9,3,6,9,2,3,4	25,18,25,20,34,20,22,14,20,17	120	207
1714	2,6,1,2,3,3,1,5,1,1	24,22,17,28,17,20,17,22,16,26	4,1,0,2,3,3,3,3,2,0	25,18,25,20,34,20,22,14,20,17	182	207
1715	27,19,31,20,23,12,24,20,29,13	49,58,40,49,34,25,39,46,36,29	18,26,15,28,31,29,23,13,9,10	27,33,29,52,46,43,49,31,19,13	194	165
1716	37,46,57,31,40,20,39,33,31,34	104,135,142,128,118,77,112,80,109,93	34,36,30,51,48,38,61,33,9,22	99,92,89,147,124,108,163,92,52,41	165	255
1717	109,136,124,126,107,73,93,91,106,74	52,67,79,68,55,44,43,50,56,32	97,91,81,148,112,97,158,90,47,35	35,37,40,64,54,54,77,44,43,19	255	222
1718	28,33,29,25,41,20,24,43,26,20	32,54,47,23,33,16,29,34,26,24	27,31,17,30,26,34,38,12,22,18	16,24,18,33,35,37,32,23,16,20	167	183
1719	4,6,5,7,5,4,3,2,5,4	0,1,1,1,1,0,0,2,0,0	6,0,2,2,4,4,2,1,4,6	3,1,0,1,2,2,2,0,1,1	190	254
1720	5,8,6,6,7,4,4,7,5,3	193,193,191,173,186,70,117,141,146,121	2,4,3,6,10,10,4,4,2,2	194,139,151,191,192,150,179,153,98,56	152	311
1721	43,60,48,34,36,18,27,38,35,32	53,53,69,44,46,21,43,41,22,26	51,34,40,39,74,56,57,39,32,22	58,40,41,51,63,51,52,23,23,17	183	152
1722	43,63,52,35,39,19,29,42,35,32	44,48,55,53,61,19,37,41,40,30	51,36,38,40,77,59,58,40,32,23	53,35,53,45,56,53,30,40,39,22	183	123
1723	28,27,16,28,15,5,18,19,18,13	34,42,52,33,45,26,28,33,36,53	28,15,13,13,30,22,26,10,14,11	46,21,36,26,66,51,36,40,28,16	178	210
1724	53,68,65,80,78,30,49,63,53,65	63,69,72,95,73,31,65,66,72,73	71,61,81,72,107,81,96,98,75,51	90,72,95,93,126,92,78,117,92,51	196	227
1725	4,4,0,4,1,6,0,2,3,5	96,81,93,106,84,85,69,93,75,96	1,1,2,2,3,4,5,2,4,2	84,78,75,77,99,90,99,73,91,90	203	191
1726	37,53,48,54,31,36,38,41,55,47	35,32,45,36,38,26,29,25,34,45	41,45,38,33,50,37,31,44,36,35	35,45,27,31,47,17,30,38,40,21	239	152
1727	42,57,50,56,41,28,31,43,37,48	22,29,30,26,27,9,29,19,25,23	48,62,38,48,50,55,59,61,53,35	28,17,32,24,40,21,28,24,29,21	284	160
1728	38,73,43,62,51,53,53,41,47,76	69,72,57,72,72,58,44,65,78,73	63,60,75,66,55,51,54,60,59,47	67,68,72,74,61,75,73,92,87,60	207	261
1729	256,271,238,250,258,144,179,198,190,164	221,253,226,269,250,154,170,196,176,177	223,183,213,214,243,223,241,179,171,103	228,201,216,191,293,206,248,193,178,104	174	170
1730	237,302,249,256,304,177,190,219,218,193	118,141,162,180,180,101,81,101,115,136	265,217,227,229,310,240,284,222,205,113	177,153,143,145,172,157,155,116,115,87	170	150
1731	210,210,208,213,237,144,142,159,146,166	223,279,283,319,278,155,208,240,171,225	230,182,175,224,259,221,207,159,160,113	247,222,231,244,284,246,277,212,186,126	157	196
1732	283,338,307,354,311,198,236,274,184,261	417,411,411,384,374,265,266,327,337,353	279,252,258,261,322,292,310,253,223,154	423,302,343,333,408,405,374,325,279,221	196	230
1733	16,18,10,16,7,8,11,10,15,17	2,3,4,1,3,0,2,2,5,2	10,1,8,13,17,10,7,13,17,7	4,0,4,0,2,2,1,2,4,4	259	95
1734	16,16,14,15,9,20,12,15,14,13	13,12,12,8,7,12,8,8,10,11	21,10,9,9,11,17,12,11,20,17	9,6,7,14,18,3,11,6,9,24	226	152
1735	134,168,180,133,95,155,199,145,258,257	514,599,641,625,495,733,531,603,631,666	205,113,183,194,346,409,303,193,203,280	643,542,632,525,659,618,692,597,744,733	173	139
1736	368,423,435,405,325,459,426,418,467,437	336,375,362,389,305,388,351,388,357,438	495,371,424,432,541,519,531,441,491,521	394,361,348,360,375,357,371,320,409,410	139	120
1737	188,175,216,187,158,241,175,199,202,227	801,842,867,964,732,982,811,876,819,1027	203,189,217,183,193,193,227,182,273,263	929,798,927,906,887,812,934,797,948,1137	120	138
1738	102,116,98,131,92,83,100,85,81,96	148,137,148,148,137,94,126,113,114,124	141,94,97,117,115,124,120,106,92,92	164,128,172,151,193,154,147,111,142,93	201	260
1739	46,54,61,71,60,38,52,54,44,56	4,6,4,8,2,3,6,7,7,8	81,52,49,53,69,46,70,38,55,49	4,2,1,6,7,2,7,2,8,4	153	344
1740	97,80,101,105,80,58,66,82,75,87	110,119,137,127,106,80,95,101,112,101	112,76,82,75,97,83,90,73,84,61	110,102,99,108,114,124,96,129,106,72	207	183
1741	17,22,20,12,15,11,11,17,24,12	268,293,280,278,297,180,203,268,240,271	18,13,13,16,23,32,27,15,18,11	304,275,251,273,312,265,274,246,220,149	163	397
1742	15,14,11,10,13,10,14,14,14,11	268,293,280,278,297,180,203,268,240,271	17,10,11,13,23,25,17,10,11,9	304,275,251,273,312,265,274,246,220,149	167	397
1743	6,9,9,8,14,12,8,10,12,5	18,26,36,38,36,29,20,25,25,24	14,15,6,13,15,12,5,2,14,13	28,24,24,29,27,26,31,21,30,29	102	151
1744	43,60,50,54,51,42,50,37,43,51	13,29,26,26,12,17,16,17,12,18	46,32,43,35,41,49,49,41,58,37	26,25,19,19,21,15,16,13,24,30	151	123
1745	42,57,34,43,43,58,53,43,49,47	302,308,325,358,314,431,304,338,341,350	51,50,46,62,44,52,59,54,69,66	295,374,353,398,374,378,389,354,428,497	202	182
1746	316,313,330,292,249,334,267,314,295,282	302,308,325,358,314,431,304,338,341,350	265,304,320,367,316,314,332,314,335,387	295,374,353,398,374,378,389,354,428,497	159	182
1747	63,81,78,74,69,52,69,89,72,82	109,145,134,149,98,114,124,97,102,115	76,67,62,65,96,81,90,67,88,60	138,121,77,110,130,125,114,108,128,117	204	232
1748	29,43,37,36,36,26,28,49,46,39	109,145,134,149,98,114,124,97,102,115	41,35,37,29,48,49,49,33,47,28	138,121,77,110,130,125,114,108,128,117	170	232
1749	22,33,32,35,31,30,33,24,34,52	42,38,38,45,27,38,40,49,41,40	38,29,17,30,32,20,36,21,34,43	39,36,35,31,37,37,36,41,35,47	311	302
1750	43,42,35,52,38,34,36,31,53,44	27,28,25,16,23,27,22,22,13,30	45,46,34,47,47,48,35,33,39,32	28,23,23,26,29,35,29,25,20,23	244	156
1751	2,1,2,3,6,7,4,2,10,4	12,22,4,13,9,8,7,3,3,8	7,0,3,2,8,3,2,4,2,1	5,5,2,5,7,12,7,12,9,6	270	348
1752	137,145,145,143,98,92,97,96,118,133	830,811,828,840,713,598,574,709,685,782	142,123,133,135,145,145,128,125,111,77	654,666,749,774,782,743,815,724,725,661	129	220
1753	662,552,645,687,546,686,653,721,650,743	566,522,545,600,521,660,498,624,503,680	696,551,657,646,736,627,725,678,757,686	550,522,605,559,559,530,663,501,642,678	220	227
1754	13,17,14,15,8,10,8,10,12,6	13,12,16,20,18,26,17,14,13,27	8,8,15,7,22,12,16,20,15,17	20,16,21,17,23,12,17,14,18,21	108	253
1755	33,46,47,36,38,25,38,29,39,37	114,116,111,112,99,68,80,89,92,94	39,36,37,49,57,50,70,41,34,28	108,85,102,122,121,116,141,102,95,66	269	189
1756	173,221,208,226,199,117,150,159,152,168	3954,4133,4300,4054,3217,3087,3218,3343,3595,3649	205,194,210,188,215,172,217,190,158,157	4194,3650,4008,4255,4184,4053,4432,3878,3822,3515	206	2332
1757	49,34,62,47,48,41,40,48,40,50	137,132,130,151,150,112,93,127,130,152	53,41,56,43,42,48,47,36,47,44	126,142,138,125,131,127,140,150,114,127	97	132
1758	290,295,315,335,298,263,268,287,306,279	450,426,419,450,368,388,387,380,425,421	284,287,352,310,314,319,302,275,269,239	410,380,402,418,478,423,481,376,434,435	237	294
1759	394,364,364,376,310,332,359,307,371,374	381,434,425,413,379,349,322,362,360,427	346,342,337,386,398,348,393,343,348,320	430,417,385,406,447,393,452,358,367,442	294	222
1760	78,83,80,84,83,32,51,51,72,64	61,70,61,67,60,36,35,52,52,49	78,60,58,68,86,61,91,63,61,30	64,49,63,43,81,70,83,58,49,24	170	149
1761	137,166,166,174,199,162,139,149,143,175	64,75,64,78,68,70,67,48,66,70	165,174,129,204,181,170,200,173,163,139	83,78,50,69,93,63,71,64,87,63	242	116
1762	191,194,199,208,167,78,142,140,135,154	252,318,268,247,250,152,184,208,194,244	173,152,151,181,186,173,205,193,120,85	264,221,269,253,290,249,294,247,190,138	197	303
1763	228,275,263,236,222,120,154,195,187,211	198,224,220,216,181,85,134,141,145,155	237,173,192,262,223,188,247,184,144,122	210,157,155,179,173,176,215,182,140,96	290	197
1764	33,30,40,34,35,28,27,35,27,46	68,53,58,57,44,60,45,44,47,42	34,29,29,46,25,21,34,31,36,28	56,40,61,44,43,33,56,45,62,48	151	135
1765	89,98,131,96,86,93,71,110,88,111	121,93,123,81,73,93,72,89,82,113	97,78,87,86,81,88,112,76,83,73	88,63,63,79,100,77,87,65,71,73	204	219
1766	89,98,131,96,86,93,71,110,88,111	28,31,40,31,24,31,27,47,40,41	97,78,87,86,81,88,112,76,83,73	37,31,38,53,35,31,35,34,50,34	204	150
1767	29,48,50,27,23,23,27,30,44,56	149,113,129,98,89,68,79,104,102,129	39,33,46,30,37,47,36,42,25,46	95,102,83,98,102,114,101,90,94,76	175	208
1768	1,0,0,0,2,0,1,2,4,6	9,15,13,4,7,4,5,9,13,16	1,1,0,1,0,1,5,0,1,0	6,1,3,3,7,0,10,4,6,4	202	152
1769	135,154,153,164,155,157,118,154,131,156	167,204,213,210,208,228,182,202,224,221	147,155,137,159,147,148,185,169,173,193	214,198,195,256,207,199,242,200,244,276	212	247
1770	14,15,20,11,6,3,8,9,9,22	415,442,549,498,409,139,278,284,321,338	12,5,14,8,30,17,13,15,2,2	422,357,413,328,489,426,478,318,208,108	155	474
1771	71,85,87,78,81,47,62,78,52,84	61,73,53,61,64,58,55,47,50,68	89,74,79,64,68,87,94,74,84,68	58,61,51,51,90,54,65,68,64,77	254	258
1772	26,35,36,29,33,16,23,30,23,34	61,73,53,61,64,58,55,47,50,68	42,32,37,19,22,38,34,28,41,27	58,61,51,51,90,54,65,68,64,77	167	258
1773	2,4,5,2,1,2,2,0,2,3	2,7,9,4,7,3,7,5,9,5	1,0,0,0,1,0,3,1,1,0	7,5,6,5,8,2,2,4,7,2	141	236
1774	5,9,14,15,11,5,5,7,7,2	6,7,7,2,6,2,3,4,2,3	7,5,12,5,4,8,4,5,5,4	5,9,7,8,5,7,6,4,5,2	208	155
1775	44,49,54,35,51,44,35,46,43,32	25,44,52,44,49,45,37,43,40,53	40,43,22,39,46,38,40,46,58,42	45,37,41,29,37,39,50,39,40,32	278	197
1776	67,74,78,60,74,51,59,51,61,86	57,65,83,85,68,52,50,51,51,75	64,64,51,62,85,54,81,64,63,48	84,66,55,62,79,62,64,66,76,61	193	225
1777	71,44,41,63,50,39,33,39,28,43	56,94,63,80,66,54,63,67,72,53	45,30,39,41,61,50,53,45,39,43	62,76,59,59,68,55,64,57,61,59	237	226
1778	12,8,16,11,10,9,5,7,5,3	1,2,1,1,0,0,0,0,0,2	7,8,8,10,8,9,11,8,10,4	1,0,2,0,1,0,0,0,0,0	138	129
1779	24,43,27,33,27,15,19,19,16,20	2373,2789,2686,2905,2624,1315,1422,1908,1860,1753	29,22,26,18,28,28,31,13,6,14	2447,2141,1966,2277,2871,2182,2843,1852,1626,1167	121	2625
1780	54,91,68,76,70,41,38,44,46,62	2373,2789,2686,2905,2624,1315,1422,1908,1860,1753	65,58,50,60,68,59,68,51,39,35	2447,2141,1966,2277,2871,2182,2843,1852,1626,1167	157	2625
1781	0,0,0,0,0,0,0,0,1,0	0,0,0,0,0,0,0,0,0,0	0,0,2,1,0,0,0,0,0,2	1,0,0,0,0,0,0,0,2,0	129	162
1782	0,0,0,0,0,0,0,0,1,0	0,0,0,0,0,0,0,0,0,0	0,0,0,1,0,0,0,0,1,0	1,0,0,0,0,0,0,0,2,0	126	162
1783	4,7,9,5,3,3,9,3,7,4	19,13,21,21,18,10,5,17,13,14	6,5,5,4,4,6,5,4,6,5	20,10,9,17,20,12,13,19,19,20	158	214
1784	1,1,4,4,1,1,0,3,2,2	10,13,9,12,6,8,6,10,8,5	5,0,2,0,3,2,3,1,4,3	11,12,4,6,11,6,6,5,14,11	163	137
1785	19,23,14,17,10,12,13,16,16,12	25,24,20,31,15,25,30,18,11,26	15,6,10,12,23,14,14,19,27,33	26,24,16,18,27,13,25,24,37,31	137	163
1786	5,3,1,5,1,2,4,8,1,8	139,116,165,144,138,151,114,126,136,142	3,4,3,5,4,2,2,4,2,3	147,135,148,138,139,112,161,138,186,172	220	145
1787	7,5,5,11,5,9,1,6,6,4	616,636,686,775,613,679,552,620,597,691	4,4,5,4,5,2,4,4,11,8	701,643,579,645,685,641,731,576,721,743	90	222
1788	6,5,5,12,5,9,1,6,6,4	1042,1242,1253,1357,1087,1275,950,1090,1061,1170	4,4,5,4,5,2,3,4,11,8	1267,1096,1052,1137,1269,1064,1325,1084,1231,1442	90	160
1789	812,861,879,959,816,830,730,786,859,874	11,6,11,14,2,8,1,6,12,10	837,819,642,803,865,777,879,764,875,968	8,4,11,2,10,10,17,3,12,12	161	119
1790	812,861,879,959,816,830,730,786,859,874	13,11,24,22,12,16,4,15,10,15	837,819,642,803,865,777,879,764,875,968	18,15,18,15,20,12,24,17,17,9	161	128
1791	306,272,347,381,309,324,248,344,278,288	8,8,6,5,3,6,7,9,6,12	311,329,284,300,338,280,332,288,363,350	5,2,5,7,4,7,3,4,9,6	128	139
1792	5,8,15,13,8,4,5,6,4,8	16,16,10,14,15,11,5,9,15,5	3,5,6,2,9,4,6,9,6,4	19,15,9,6,16,15,9,11,14,6	128	173
1793	1591,1732,1689,1874,1757,1147,1294,1382,1347,1644	539,676,583,659,566,406,476,489,508,544	1689,1582,1740,1652,1872,1733,1792,1644,1459,1100	608,547,564,536,708,614,639,569,543,383	256	113
1794	6481,7398,7406,7329,6476,4530,5351,5463,5621,6225	1526,1634,1614,1746,1588,1092,1175,1370,1248,1461	7087,6201,7026,6800,7700,7506,7742,5909,5278,4000	1505,1450,1628,1563,1822,1645,1685,1515,1371,1120	834	256
1795	56,48,88,64,64,26,44,47,48,47	2,3,2,2,4,0,0,0,3,0	63,52,50,60,65,71,67,46,38,25	2,0,2,5,4,2,3,4,1,3	204	108
1796	58,47,81,64,63,26,43,47,48,45	4,5,2,1,4,0,1,0,8,3	62,51,51,60,68,70,65,46,37,25	2,0,2,4,0,2,9,2,1,1	204	108
1797	58,47,81,64,63,26,43,47,48,45	23,18,21,15,19,10,24,13,9,12	62,51,51,60,68,70,65,46,37,25	27,21,17,17,21,18,21,25,22,5	204	96
1798	122,92,112,109,107,42,61,64,90,75	23,19,28,15,20,10,25,12,9,14	114,69,85,95,121,115,116,66,54,52	28,22,17,17,22,19,23,25,24,5	171	96
1799	49,31,65,59,50,25,25,35,31,31	10,10,10,7,4,0,4,6,9,6	43,29,26,41,50,45,43,40,28,16	8,9,10,9,2,5,13,6,7,6	189	108
1800	49,31,65,59,50,25,25,35,31,31	73,67,77,67,75,32,65,51,67,52	43,29,26,41,50,45,43,40,28,16	86,61,64,76,71,68,85,79,57,28	189	96
1801	4,5,2,1,4,0,1,0,8,3	23,18,21,15,19,10,24,13,9,12	2,0,2,4,0,2,9,2,1,1	27,21,17,17,21,18,21,25,22,5	108	96
1802	10,10,10,7,4,0,4,6,9,6	73,67,77,67,75,32,65,51,67,52	8,9,10,9,2,5,13,6,7,6	86,61,64,76,71,68,85,79,57,28	108	96
1803	125,156,165,166,120,146,149,148,165,169	129,159,162,185,147,146,127,169,159,196	174,131,121,159,138,142,143,111,153,169	151,165,160,157,161,167,174,142,183,201	157	174
1804	200,191,237,211,207,110,117,144,171,178	618,699,710,741,612,263,406,497,518,595	214,159,163,169,242,247,233,155,142,75	631,516,553,459,729,649,611,472,396,263	164	247
1805	44,54,66,55,44,41,52,48,57,48	21,25,24,27,15,22,20,14,21,36	37,59,29,56,65,45,72,40,52,48	19,19,25,17,21,30,31,12,15,16	248	195
1806	21,24,21,26,14,22,16,14,21,38	9,11,14,9,9,10,4,12,8,3	20,21,27,16,23,27,31,12,13,17	6,1,7,4,11,8,9,6,5,5	195	99
1807	10,12,14,3,9,4,7,10,7,6	20,16,22,14,15,10,9,11,11,13	7,7,7,10,9,7,12,15,5,4	16,13,16,18,17,8,14,12,13,13	157	190
1808	56,86,71,94,76,82,69,81,71,89	49,40,58,74,55,61,49,40,47,58	76,82,84,55,72,73,77,70,88,77	61,57,49,40,57,40,52,54,53,56	201	250
1809	6,6,9,4,5,0,4,4,5,2	17,9,11,7,9,5,10,8,8,3	4,5,3,3,3,5,4,5,2,1	15,16,3,8,7,10,10,4,7,6	159	108
1810	4,0,4,0,2,0,0,3,2,1	35,26,39,42,48,10,24,16,28,19	1,2,1,5,0,0,1,2,2,1	23,31,33,33,21,29,34,23,16,10	159	159
1811	8,1,9,2,4,3,1,3,4,2	57,51,60,61,63,15,33,29,44,39	5,8,3,9,3,3,4,2,2,2	42,40,51,59,41,43,51,34,24,18	159	159
1812	1,0,1,0,1,0,0,0,0,0	33,45,46,32,38,9,17,21,33,25	1,0,0,0,0,1,0,2,1,0	48,44,30,26,45,33,48,26,19,12	135	135
1813	42,44,32,42,42,9,30,20,31,23	1,1,0,0,0,0,0,2,3,0	40,31,38,37,45,25,47,33,8,11	0,1,2,0,0,1,0,0,0,0	179	179
1814	224,269,293,265,252,204,219,242,223,229	175,215,169,213,152,159,202,152,150,202	246,203,256,240,236,266,313,229,273,220	198,189,175,253,179,173,208,212,178,172	174	155
1815	78,116,108,139,80,79,59,84,91,95	178,172,168,213,172,134,147,162,156,199	92,88,68,82,107,102,95,71,66,82	170,162,162,181,178,183,215,147,175,141	232	240
1816	3,2,1,1,2,2,6,4,3,2	76,87,74,100,69,100,74,84,67,93	3,2,1,2,1,2,2,0,0,1	75,80,70,80,89,85,113,73,105,73	140	212
1817	22,16,16,31,20,25,15,18,13,30	37,50,40,45,34,63,37,42,44,44	25,19,23,18,20,19,39,21,24,16	57,35,46,42,41,34,44,37,41,54	212	184
1818	175,189,187,226,183,178,164,163,173,183	104,114,119,130,108,124,113,135,116,129	197,171,179,230,193,180,217,178,190,181	117,116,129,125,121,132,133,155,124,118	143	134
1819	383,420,417,422,424,198,279,296,293,342	148,150,160,142,166,63,91,107,97,142	399,329,343,345,471,369,395,278,217,133	179,107,116,139,129,133,175,123,79,46	156	161
1820	289,351,335,357,318,161,219,243,231,255	230,241,241,238,228,118,163,172,150,190	306,264,271,259,388,291,319,224,175,111	274,203,201,238,270,174,226,167,198,89	156	129
1821	236,196,241,239,228,86,152,165,163,196	324,310,323,302,334,155,223,225,213,277	234,193,196,183,264,208,208,159,130,88	367,266,273,324,352,252,302,222,240,111	161	129
1822	13,15,14,24,6,11,13,15,13,12	1,3,0,3,1,1,0,2,2,2	8,16,11,31,23,17,23,12,10,8	0,1,2,4,2,1,8,0,2,3	240	108
1824	2,1,2,2,1,0,2,2,0,0	5,5,4,11,3,2,8,6,7,6	0,0,0,2,1,3,2,1,2,2	5,8,4,9,11,3,5,5,2,6	87	81
1825	74,104,104,82,99,81,56,95,112,87	88,103,123,129,114,71,86,125,116,102	87,85,111,113,87,111,145,128,113,107	111,98,140,123,95,124,139,179,159,162	213	315
1826	55,64,62,53,52,37,41,70,40,62	62,65,54,61,80,53,51,64,78,54	44,67,52,49,59,62,83,73,65,81	60,77,83,80,54,87,96,101,65,128	146	146
1827	132,155,141,142,139,61,71,99,88,101	13,8,13,13,18,3,10,5,10,13	140,128,102,139,167,133,135,84,85,37	17,12,11,22,16,10,25,13,10,6	237	159
1828	279,357,277,272,245,221,241,263,276,236	419,472,438,417,448,321,331,379,389,374	286,247,283,259,269,207,293,238,211,195	399,329,399,338,374,291,447,390,352,287	214	226
1829	39,46,49,45,32,28,19,26,35,28	41,63,70,50,58,39,49,49,48,51	43,27,21,32,28,51,39,29,25,16	49,36,41,65,56,83,61,38,26,37	156	170
1830	82,102,95,94,86,91,76,92,81,79	67,71,67,94,61,66,58,56,83,81	70,65,54,87,89,78,99,71,91,80	62,64,83,88,88,66,86,60,73,60	148	155
1831	843,931,828,905,886,689,663,657,703,813	655,814,670,715,725,634,565,651,606,734	849,721,768,812,865,828,894,837,826,727	709,672,692,698,717,663,782,785,701,686	312	298
1832	626,674,630,708,661,444,466,499,484,538	499,483,446,486,468,322,321,375,393,378	634,517,597,592,632,615,696,596,554,412	431,360,428,429,445,428,505,419,385,356	343	266
1833	55,60,60,71,58,61,51,48,47,65	49,65,52,73,83,62,57,71,61,68	63,46,38,57,72,79,56,66,64,89	68,62,82,66,71,60,83,49,57,74	170	193
1834	76,80,77,78,73,46,62,72,67,85	183,249,235,241,247,174,209,199,175,243	81,63,78,67,72,74,79,46,73,52	204,262,187,223,230,233,246,176,224,153	125	186
1835	10,4,9,6,8,3,3,2,7,6	193,182,167,142,196,82,105,126,132,83	11,6,3,7,9,12,10,10,1,4	187,102,116,169,189,155,201,121,89,46	171	905
1836	80,82,100,91,105,71,76,58,72,65	1533,1639,1770,1747,1494,1201,1309,1183,1460,1673	88,71,82,83,106,102,83,73,66,63	1614,1585,1585,1665,1878,1649,1706,1545,1405,1439	171	2012
1837	160,172,173,137,122,114,93,124,122,154	1532,1637,1767,1749,1483,1202,1301,1177,1452,1659	154,144,138,121,159,125,159,145,142,108	1608,1589,1581,1657,1882,1642,1699,1543,1400,1431	227	2012
1838	165,183,180,141,141,115,104,131,131,171	104,114,97,137,149,92,94,64,75,118	162,148,151,133,164,139,174,153,153,118	113,92,104,104,129,120,121,89,81,64	227	171
1839	212,233,253,268,226,132,166,177,166,189	117,122,148,120,120,88,86,108,95,117	239,210,203,213,245,206,259,181,198,143	125,104,96,100,132,110,127,106,102,88	261	227
1840	17,8,20,24,6,17,12,18,12,20	91,99,71,76,75,54,67,80,61,63	19,14,19,23,15,15,15,21,15,14	100,73,66,69,91,98,76,82,64,54	126	184
1841	3,2,5,8,5,5,5,3,16,6	24,28,25,34,21,17,31,21,22,19	2,4,3,9,4,1,4,2,4,3	29,31,27,19,29,19,32,28,24,26	127	175
1842	109,127,106,119,115,60,100,99,114,110	171,156,176,149,155,96,119,129,126,138	101,93,108,115,128,131,115,116,94,61	146,162,156,154,163,160,192,129,123,114	130	208
1843	107,126,102,113,114,60,95,98,108,107	181,212,238,204,181,128,165,169,172,184	91,89,99,111,124,124,111,113,92,59	186,212,164,204,198,182,212,199,156,156	130	195
1844	107,126,102,113,114,60,95,98,108,107	59,65,84,70,69,36,58,51,64,65	91,89,99,111,124,124,111,113,92,59	67,74,58,62,62,49,67,69,48,51	130	260
1846	0,0,0,0,0,0,0,0,0,1	0,1,0,0,0,0,0,1,1,0	0,0,0,0,1,0,0,0,0,0	1,0,1,0,0,0,0,0,1,0	174	171
1847	390,464,494,465,374,284,387,369,437,493	524,615,605,634,567,457,473,494,515,629	475,367,435,434,552,556,525,416,419,305	541,527,531,528,690,646,648,529,456,367	236	210
1848	1,1,1,0,2,1,0,1,1,6	0,4,3,6,1,2,1,5,2,7	4,0,2,0,4,2,3,1,0,1	4,4,5,4,5,2,1,4,0,1	174	215
1849	26,23,35,40,26,11,27,20,17,30	87,87,108,86,97,54,49,56,63,83	23,29,23,28,28,23,34,19,16,8	96,68,76,73,93,80,91,62,48,32	133	207
1850	68,65,79,82,75,30,44,57,57,57	71,75,97,86,102,48,75,55,67,63	85,48,54,47,100,56,76,50,51,26	86,83,72,102,104,83,102,79,64,52	207	219
1851	71,78,98,73,100,50,63,51,48,78	49,54,58,50,56,40,32,37,40,53	77,74,80,91,89,74,102,61,40,40	60,62,40,48,65,40,64,35,43,21	219	145
1852	5,2,2,4,10,4,3,7,5,5	17,25,16,15,24,15,13,19,16,7	9,8,8,4,3,3,12,8,13,8	16,12,13,18,22,22,23,24,19,20	187	137
1853	11,7,5,6,15,4,7,10,7,5	17,25,16,15,24,15,13,19,16,7	12,8,10,5,6,7,13,8,15,14	16,12,13,18,22,22,23,24,19,20	167	137
1854	8,4,5,4,11,6,8,7,6,5	17,25,16,15,23,15,13,19,16,8	9,12,10,4,5,3,16,11,12,8	15,11,13,18,22,22,23,24,18,20	167	137
1855	53,73,81,55,63,48,69,66,75,66	88,109,99,106,102,66,63,108,89,111	48,59,66,74,86,61,72,53,59,61	96,76,99,122,109,102,119,86,122,93	195	216
1856	50,77,58,63,51,67,44,54,56,72	0,1,0,0,0,0,0,0,0,0	51,73,66,73,58,65,57,51,52,77	0,0,0,0,0,0,0,1,0,1	132	177
1857	332,403,371,442,394,455,357,399,403,502	125,145,147,144,145,143,116,116,139,157	348,423,356,408,391,417,532,355,437,528	144,145,112,130,138,147,161,139,135,207	231	133
1858	411,540,456,452,419,456,362,370,411,469	9,14,10,20,20,13,7,18,20,19	437,415,470,540,446,451,463,485,480,582	20,6,12,10,13,7,22,16,30,15	155	147
1859	411,540,456,452,419,456,362,370,411,469	68,72,95,85,72,62,43,89,85,71	437,415,470,540,446,451,463,485,480,582	82,54,72,71,73,59,94,61,88,84	155	164
1860	259,347,310,306,277,330,247,313,347,291	1157,1587,1224,1316,1234,1517,1170,1293,1451,1128	248,288,306,373,298,325,424,401,295,299	1158,1260,1166,1718,1109,1254,1634,1425,1410,1415	177	279
1861	4,9,3,4,8,4,7,5,9,11	5,5,3,1,3,5,7,3,5,2	10,9,4,9,11,5,10,4,12,3	7,6,2,1,10,9,4,4,4,3	149	157
1862	56,70,70,56,59,26,28,47,49,44	176,192,184,173,162,103,128,127,101,106	53,43,46,52,69,55,57,42,44,19	174,178,126,133,188,191,163,118,124,60	198	347
1863	118,118,123,113,106,114,86,108,103,139	6,8,7,3,9,7,2,5,5,2	145,116,104,119,111,131,125,86,137,75	5,2,4,3,11,6,5,7,2,5	214	105
1864	7,3,1,2,2,2,2,2,2,3	0,0,0,0,2,0,0,1,1,3	2,4,1,2,2,2,3,1,7,1	1,2,0,0,1,0,0,0,0,2	159	99
1865	78,73,90,83,60,76,60,69,78,83	16,21,30,14,15,14,18,20,17,26	68,72,64,77,96,80,53,57,85,66	18,12,16,12,16,24,15,16,19,16	150	207
1866	18,18,12,19,13,10,8,18,10,15	12,9,14,14,6,4,5,10,5,4	27,19,12,11,15,10,24,11,13,19	8,12,13,11,9,5,13,7,9,4	195	171
1867	21,27,26,21,22,27,16,29,33,19	12,9,14,13,6,4,5,10,5,4	36,27,15,23,26,26,30,22,14,23	8,13,13,11,9,5,13,7,9,4	339	171
1868	20,26,26,22,22,26,15,29,33,19	10,11,13,20,12,8,11,8,11,10	36,27,15,23,26,26,30,21,14,23	15,17,10,10,7,8,15,8,5,4	339	195
1869	22,22,25,22,16,21,18,21,16,11	151,162,200,141,169,163,140,180,173,179	19,15,12,11,18,17,15,17,27,34	167,153,129,186,184,150,185,155,205,190	331	134
1870	199,238,218,240,223,214,168,219,217,263	253,352,317,331,330,350,286,308,315,373	238,204,204,235,222,223,253,204,306,296	310,303,302,354,319,329,391,359,398,452	173	214
1871	44,49,45,61,44,36,47,47,35,50	40,58,47,58,65,22,38,46,25,53	54,46,40,25,63,52,56,40,39,26	48,59,41,40,56,44,64,41,34,36	283	176
1872	130,134,136,165,129,153,117,132,151,139	65,75,69,64,62,63,62,63,76,76	112,125,140,117,144,142,134,133,154,167	65,59,63,68,86,72,72,70,81,82	261	171
1873	22,14,29,21,19,4,16,13,22,21	39,40,50,42,37,25,26,25,46,42	31,20,21,24,31,19,19,23,7,9	53,49,46,35,57,48,41,38,31,21	123	171
1874	62,68,73,73,52,52,67,68,45,70	66,52,62,51,43,55,40,46,34,61	55,62,55,42,68,60,78,72,71,56	61,55,39,45,53,52,48,42,53,52	135	200
1875	191,227,218,201,203,67,116,151,159,124	173,211,237,220,187,93,102,134,151,120	188,175,156,150,214,200,206,139,114,42	164,153,161,199,227,210,217,133,115,67	243	181
1878	150,152,155,165,118,150,114,123,143,149	100,99,79,133,109,130,97,123,89,115	120,157,122,172,128,138,155,138,127,164	106,106,97,120,79,80,96,105,108,134	177	191
1879	89,59,39,46,55,64,69,68,50,65	138,134,142,155,116,162,115,132,142,178	49,44,52,73,53,55,73,47,73,61	113,167,137,161,123,129,183,135,151,182	231	177
1880	121,104,68,77,64,94,87,88,81,91	138,135,142,155,117,162,115,134,142,178	74,61,74,112,75,91,98,61,96,102	113,168,137,163,124,129,184,134,151,184	231	177
1881	28,20,24,25,33,14,14,18,32,18	12,19,12,20,8,7,7,16,13,16	14,34,28,22,15,26,23,18,12,24	21,22,26,9,23,14,14,23,24,11	177	155
1882	18,16,10,17,3,9,5,5,5,14	23,27,25,32,18,14,15,24,23,28	8,26,17,14,14,13,17,14,9,13	32,30,38,16,37,24,32,37,30,21	176	155
1883	271,267,282,247,230,103,124,169,174,122	98,111,94,97,96,30,40,63,56,66	229,198,152,194,199,220,241,128,97,48	96,52,55,82,100,81,102,68,53,37	1093	325
1884	536,700,570,653,492,582,496,574,523,544	1045,1432,1133,1342,1212,1438,986,1094,1115,1472	553,530,595,765,535,549,601,769,765,809	1141,1217,1294,1471,1073,1128,1356,1708,1687,1917	193	273
1885	2,10,1,4,4,4,1,2,0,5	22,44,26,43,41,22,22,28,31,27	2,2,5,7,4,3,3,1,2,4	26,27,16,23,33,19,27,23,25,25	119	231
1886	67,50,51,65,57,55,54,58,70,53	65,72,66,70,51,47,64,61,61,65	41,68,49,49,52,72,61,45,51,47	62,91,44,57,65,52,70,50,68,57	169	156
1887	391,354,405,422,362,350,365,352,364,408	650,661,674,734,670,626,568,585,694,759	399,362,406,355,438,407,375,372,419,367	700,656,641,624,673,627,700,614,746,732	180	292
1888	391,354,405,422,362,350,365,352,364,408	484,454,501,559,497,465,383,401,503,515	399,362,406,355,438,407,375,372,419,367	506,453,442,420,513,459,517,427,548,540	180	245
1889	391,354,405,422,365,349,365,352,365,408	282,342,299,335,303,321,275,298,280,338	400,362,405,355,438,406,376,371,419,367	340,309,301,308,324,307,351,302,352,293	180	161
1895	9,10,4,6,11,4,5,8,8,2	0,0,0,1,0,0,0,0,0,0	5,3,3,7,5,12,10,2,7,2	0,0,0,0,0,0,0,0,0,0	377	262
1896	9,10,4,6,11,4,5,8,8,2	0,1,0,0,0,1,0,0,0,0	5,3,3,7,5,12,10,2,7,2	0,0,0,0,0,0,0,0,0,0	377	476
1897	9,10,4,6,11,4,5,8,8,2	0,1,0,0,0,1,0,0,0,0	5,3,3,7,5,12,10,2,7,2	0,0,0,0,0,0,0,0,0,0	377	371
1900	0,1,0,0,0,1,0,0,0,0	0,0,0,0,0,0,0,0,0,0	0,0,0,0,0,0,0,0,0,0	0,0,0,0,0,0,0,0,1,0	476	195
1901	1,1,0,1,1,0,0,0,0,1	30,32,34,25,24,2,9,22,19,16	0,0,0,0,0,0,0,0,0,0	25,16,19,16,25,30,25,17,11,10	132	303
1902	165,166,225,189,170,115,154,180,162,167	178,189,226,225,227,133,198,204,200,183	194,161,160,155,209,192,255,178,187,138	170,155,172,157,243,183,224,193,205,137	231	234
1903	158,126,197,187,173,53,95,121,101,95	118,111,137,133,138,37,72,80,86,86	132,113,99,95,197,118,156,98,74,85	112,69,79,74,166,93,127,93,59,40	270	249
1904	7,9,6,4,3,5,3,5,9,6	0,0,0,1,0,0,0,0,0,0	8,6,5,3,13,5,9,7,2,4	0,0,0,0,0,0,0,0,0,0	177	143
1905	122,170,174,205,157,113,103,140,151,173	104,114,74,92,84,101,83,83,87,94	164,140,143,152,207,164,178,136,161,123	88,110,97,93,98,101,121,93,108,84	200	206
1906	123,170,175,209,156,113,103,140,150,173	15,35,36,30,22,28,24,30,21,23	164,140,143,152,206,164,178,135,161,123	32,27,30,28,30,32,33,27,37,26	200	172
1907	8,8,7,15,10,6,14,14,6,4	181,223,239,254,206,163,150,181,200,219	9,15,16,8,18,13,16,14,7,14	214,188,190,199,268,219,231,178,212,175	127	200
1908	233,246,250,263,232,215,200,239,258,259	97,109,123,106,90,90,76,87,96,109	282,221,236,262,294,287,316,232,255,202	105,95,83,87,133,99,102,82,103,87	409	200
1909	17,19,19,28,19,8,18,25,15,17	0,4,5,7,5,1,1,6,8,3	19,23,19,22,39,29,21,27,19,17	3,3,6,4,4,3,0,4,3,2	127	572
1910	6,7,7,11,7,7,7,6,7,6	53,58,59,80,39,43,46,53,53,62	5,7,11,9,7,9,8,12,15,12	65,67,57,48,72,51,68,63,63,67	149	220
1911	0,0,0,0,0,0,0,1,0,0	0,0,4,1,0,0,1,0,0,2	0,0,0,0,0,0,0,0,1,0	0,1,0,1,1,1,0,0,0,0	216	141
1912	5,0,0,3,2,0,1,1,2,2	13,8,27,21,14,12,20,19,14,9	1,2,1,2,0,1,2,0,5,0	19,12,16,14,25,12,22,18,8,9	103	163
1913	5,0,0,3,2,0,1,1,2,2	3,2,0,2,0,0,0,0,1,0	1,2,1,2,0,1,2,0,5,0	0,0,0,0,1,0,0,0,2,0	103	103
1914	5,0,0,3,2,0,1,1,2,2	41,41,41,35,23,28,23,34,31,25	1,2,1,2,0,1,2,0,5,0	34,24,21,41,55,22,18,23,40,50	103	1763
1915	13,8,27,21,14,12,20,19,14,9	3,2,0,2,0,0,0,0,1,0	19,12,16,14,25,12,22,18,8,9	0,0,0,0,1,0,0,0,2,0	163	103
1916	13,8,27,21,14,12,20,19,14,9	41,41,41,35,23,28,23,34,31,25	19,12,16,14,25,12,22,18,8,9	34,24,21,41,55,22,18,23,40,50	163	1763
1917	45,38,31,29,30,32,29,39,41,51	34,35,31,45,53,38,22,36,37,44	33,39,30,43,40,38,43,42,49,40	39,37,42,33,36,40,38,45,42,47	171	177
1918	117,112,137,135,104,64,87,119,114,144	87,82,88,108,97,56,75,96,96,91	134,114,109,112,141,128,133,98,83,71	77,86,70,84,70,76,88,66,66,66	293	225
1919	204,237,226,187,151,84,158,163,150,207	322,332,374,314,330,161,224,263,276,297	218,167,198,202,234,250,271,189,147,105	337,284,328,309,361,319,361,349,250,191	374	270
1920	278,290,312,274,279,150,188,256,235,271	108,139,143,145,128,91,114,142,103,132	294,230,295,264,321,287,307,282,222,177	135,143,162,153,156,148,141,174,118,100	270	152
1921	108,107,126,107,113,59,89,83,84,112	186,220,165,217,199,95,178,142,171,180	106,110,99,122,134,105,132,133,98,66	177,171,193,173,198,202,205,208,154,133	152	192
1922	20,36,25,27,20,14,30,29,19,25	163,140,149,152,165,143,129,139,132,158	28,23,18,31,29,18,34,35,24,22	137,143,109,92,140,141,142,138,131,110	126	222
1923	92,82,133,109,103,57,80,87,82,83	85,72,88,80,69,59,46,79,66,73	105,91,95,84,128,114,114,101,68,63	98,77,79,89,79,91,98,83,81,70	156	222
1924	224,259,256,292,225,210,192,238,196,264	171,202,219,215,190,157,166,172,168,226	266,222,250,228,314,276,337,265,276,202	199,182,217,190,216,207,217,202,199,189	315	270
1925	163,170,153,205,155,114,144,167,141,190	123,156,139,147,134,115,102,131,111,146	174,170,202,165,192,180,207,212,198,157	139,123,120,137,180,157,143,129,131,141	270	237
1926	23,12,19,40,20,23,21,23,17,40	91,101,101,95,105,76,80,100,89,88	32,25,19,27,23,23,35,30,34,23	83,102,89,88,95,86,117,71,94,97	160	255
1927	2,0,2,4,2,2,3,2,6,1	1,4,4,1,1,2,1,0,2,0	3,4,1,2,2,3,4,5,3,5	3,2,2,2,2,3,5,0,2,0	194	144
1928	0,0,0,0,0,0,0,0,1,0	111,112,97,113,95,114,100,107,91,111	0,0,0,1,0,0,0,0,0,0	99,111,102,85,133,96,122,74,104,113	118	174
1929	1,0,0,0,0,0,0,0,0,1	57,74,64,85,63,65,60,75,74,96	0,1,0,0,0,2,0,0,0,0	63,66,66,61,82,49,81,66,80,85	255	131
1930	208,148,197,165,114,138,185,150,193,182	203,278,292,280,270,282,266,300,268,305	168,137,174,162,200,182,190,143,235,231	295,282,296,250,304,314,304,272,344,330	136	139
1931	102,100,94,107,90,81,80,111,101,94	54,94,79,71,76,65,54,63,66,66	101,107,105,111,99,113,127,112,117,85	58,81,67,71,68,78,87,79,77,75	289	134
1932	60,76,72,74,82,91,69,93,74,89	34,40,29,24,25,35,30,30,22,34	77,89,67,99,85,76,101,81,100,122	30,25,31,42,47,39,38,44,42,44	162	140
1933	10,14,17,21,6,14,27,10,18,17	33,33,51,51,40,46,31,34,43,38	22,7,13,11,25,19,22,12,14,26	37,33,40,32,32,31,37,34,37,28	165	166
1934	17,18,14,17,24,27,16,24,19,16	8,6,12,10,13,18,16,14,12,11	26,16,18,14,17,14,21,17,19,17	10,6,9,11,10,3,11,12,23,14	219	210
1935	37,32,41,39,25,22,22,29,35,34	15,22,23,18,21,14,19,12,25,9	33,25,42,26,50,29,39,32,26,25	26,22,16,12,29,21,25,14,6,12	252	174
1936	161,187,203,176,172,104,147,151,157,195	386,471,423,401,410,324,325,337,374,417	160,181,159,150,221,150,192,185,187,159	381,374,367,403,413,425,453,385,424,316	192	306
1937	108,161,160,142,140,97,104,116,114,146	17,21,26,21,13,21,15,15,20,9	143,157,110,113,157,128,163,106,139,117	18,11,18,11,16,17,13,17,18,21	202	150
1938	146,161,178,159,157,77,107,102,118,117	0,0,0,0,0,0,0,0,1,0	145,119,122,127,182,149,178,126,94,52	0,0,0,0,0,0,0,0,0,0	155	92
1939	68,50,69,67,55,31,39,41,46,42	174,151,159,160,143,43,106,125,119,121	64,47,53,50,89,59,61,38,38,31	157,104,98,125,171,128,149,84,75,48	155	168
1940	314,387,375,374,334,146,229,218,246,264	18,27,23,17,18,10,12,14,13,13	357,292,328,257,390,333,339,229,215,120	18,12,11,18,24,17,22,20,20,4	249	99
1941	90,94,87,100,55,40,60,69,55,66	38,40,38,25,33,12,24,24,24,34	91,67,71,72,85,89,83,66,68,26	40,30,24,28,51,44,34,29,19,13	99	93
1942	3,0,1,1,2,1,0,1,0,0	1,1,0,2,2,2,0,1,1,1	0,1,1,0,0,0,0,0,0,0	2,2,0,1,1,1,2,0,2,2	141	161
1943	12,11,19,8,3,7,6,12,21,29	180,230,198,177,165,156,161,178,201,252	16,7,17,29,42,50,29,31,22,34	238,198,190,214,215,231,217,291,263,204	160	215
1944	101,104,97,113,92,73,70,87,82,116	201,213,192,200,203,156,131,195,182,230	113,93,99,107,102,111,109,112,129,99	188,195,207,267,230,208,221,272,254,251	150	216
1945	14,12,21,20,25,23,13,17,26,15	45,50,42,44,39,42,44,38,40,50	20,26,20,34,21,23,24,17,28,24	45,48,35,55,55,50,58,48,44,32	113	135
1946	288,399,434,476,408,370,292,375,341,408	47,78,66,69,79,69,59,67,70,73	399,407,329,383,404,423,492,345,412,371	75,64,47,71,75,70,98,49,78,73	184	174
1947	30,29,31,32,25,33,18,23,17,30	31,22,40,32,34,21,30,24,23,36	25,18,20,19,35,32,34,23,17,31	26,37,25,26,21,28,37,33,26,30	218	162
1948	21,21,29,26,31,25,25,23,29,33	70,57,74,70,70,69,64,66,63,84	25,23,27,22,23,25,27,36,20,24	50,60,84,49,61,74,72,58,69,84	168	177
1949	1,1,4,1,1,1,1,2,2,0	2,5,0,2,0,2,0,1,0,0	3,0,0,2,2,2,2,1,1,1	0,0,0,1,0,0,0,1,3,0	135	172
1950	12,5,11,13,7,5,7,11,13,3	44,51,48,43,54,22,44,35,29,32	9,9,4,8,10,10,9,2,2,1	53,41,24,42,69,50,45,29,36,11	296	767
1951	3,6,6,6,3,3,5,5,5,8	5,5,6,6,2,6,10,6,8,3	3,5,7,5,13,5,4,8,12,4	3,10,7,5,12,7,9,2,6,14	273	297
1952	148,165,175,141,174,70,108,178,134,139	179,142,197,148,159,100,112,165,145,146	170,129,148,179,211,138,163,128,115,68	177,174,158,167,187,180,184,149,141,90	231	181
1953	7,2,6,4,4,5,1,3,6,3	13,12,13,18,13,11,12,17,12,24	1,3,1,5,5,0,2,2,3,3	14,14,14,9,12,3,17,13,8,20	220	178
1954	17,2,8,8,12,9,2,4,12,6	13,12,13,18,13,11,12,17,12,24	6,5,1,5,7,3,9,5,8,3	14,14,14,9,12,3,17,13,8,20	172	178
1955	16,2,8,8,12,9,2,4,12,6	3,2,2,3,3,5,0,2,3,2	6,5,1,5,8,3,9,5,8,3	1,1,4,0,1,4,2,0,1,0	172	115
1956	14,7,17,14,4,9,9,17,8,14	4,2,2,3,3,5,0,2,3,2	15,5,7,11,11,18,12,11,8,15	1,1,4,0,1,4,2,0,1,0	178	115
1957	79,123,113,117,96,140,117,116,96,135	217,288,245,290,229,403,233,277,247,302	85,95,85,156,138,133,115,103,135,142	246,263,205,321,313,273,271,269,342,423	161	268
1958	71,126,91,93,48,79,89,71,108,95	136,204,153,186,140,219,174,172,169,184	112,80,77,101,141,123,128,92,125,124	157,151,159,195,182,178,165,149,209,168	188	197
1959	84,66,75,67,71,42,55,50,57,55	18,32,20,19,34,20,11,24,27,18	47,58,67,56,65,60,59,65,54,55	28,19,18,27,32,24,25,23,27,20	198	218
1960	137,122,145,153,124,118,107,117,122,152	372,354,329,326,349,299,252,268,310,364	140,121,126,124,168,157,189,158,126,127	319,310,297,312,353,370,330,302,320,267	189	253
1961	156,154,184,179,176,186,128,142,157,179	372,354,329,326,349,299,252,268,310,364	181,153,149,163,213,191,224,190,186,157	318,310,297,315,353,370,330,302,320,267	189	253
1962	137,122,145,153,124,118,107,117,122,152	53,49,38,44,49,53,37,42,36,47	140,121,126,124,168,157,189,158,126,127	35,41,42,35,59,52,49,36,41,37	189	162
1963	96,128,124,110,96,103,72,81,84,115	223,234,248,256,222,196,175,191,205,242	120,107,98,143,127,99,104,122,122,92	252,229,217,218,279,256,313,258,237,217	267	189
1964	108,113,132,118,113,98,86,80,75,87	183,202,211,218,199,184,148,162,174,210	98,104,101,103,102,107,98,104,105,87	208,197,182,188,241,214,262,210,208,186	255	189
1965	106,110,97,91,75,21,44,48,42,53	18,19,26,37,29,6,1,18,19,5	112,65,66,95,98,83,98,88,54,14	26,21,20,12,27,31,22,13,5,1	177	157
1966	29,35,26,31,33,10,12,18,17,21	30,30,33,40,37,12,16,16,14,20	37,26,27,36,29,32,35,29,18,6	36,27,19,39,29,31,48,25,17,5	177	120
1967	23,44,23,39,38,6,16,16,17,21	31,30,32,41,37,12,17,18,14,19	31,19,26,28,42,37,24,22,10,7	35,27,18,39,29,31,47,25,17,5	177	120
1968	33,42,31,43,16,5,13,11,10,17	22,26,34,42,37,8,1,22,24,10	26,15,17,31,23,28,28,15,7,7	31,33,26,14,34,39,31,19,5,1	197	157
1969	33,42,31,43,16,5,13,11,10,17	0,2,1,1,0,4,0,1,1,0	26,15,17,31,23,28,28,15,7,7	1,0,1,3,3,0,2,2,1,1	197	258
1970	22,26,34,42,37,8,1,22,24,10	0,2,1,1,0,4,0,1,1,0	31,33,26,14,34,39,31,19,5,1	1,0,1,3,3,0,2,2,1,1	157	258
1971	4,7,8,6,11,2,0,4,5,5	106,104,103,100,79,23,48,46,39,51	5,12,7,3,7,8,9,7,0,0	110,66,57,98,99,82,110,84,53,13	157	120
1972	5,6,7,6,9,1,0,3,2,1	45,43,45,55,48,16,20,19,17,24	6,4,2,5,8,3,2,9,1,1	43,31,25,58,34,42,58,29,19,9	157	120
1973	0,2,0,3,2,1,1,1,1,1	6,6,7,17,4,9,4,7,10,5	2,1,1,2,0,0,0,0,1,2	7,5,10,6,7,6,5,4,18,10	107	188
1974	53,57,66,58,53,40,41,61,52,66	48,71,63,58,64,47,40,62,58,63	73,57,71,55,64,63,70,44,55,38	62,60,53,57,49,65,71,46,55,35	223	185
1975	58,63,44,59,52,42,29,50,43,63	87,81,59,64,65,57,61,71,75,68	78,44,59,47,55,67,55,44,47,48	79,46,48,85,83,75,81,61,83,56	147	161
1976	31,36,45,49,34,29,20,34,47,46	82,76,59,88,89,57,64,65,74,71	42,29,33,40,49,39,48,35,45,28	92,65,88,88,81,70,88,71,76,89	161	162
1977	122,104,102,122,94,65,81,90,81,94	115,119,122,121,113,85,104,112,98,114	118,86,93,107,103,98,120,100,86,78	117,119,99,120,136,113,131,112,92,73	206	202
1978	230,242,264,292,255,188,196,229,233,258	206,180,213,190,177,150,128,170,174,182	283,234,230,247,283,249,292,218,265,170	185,176,182,172,204,178,180,176,150,139	252	189
1979	2,3,4,5,3,4,1,3,2,2	317,365,356,354,302,130,227,207,203,215	3,1,7,1,4,5,5,1,2,1	343,289,270,247,376,271,338,258,169,75	132	473
1980	5,7,11,5,3,0,1,5,4,3	317,365,355,354,302,129,228,207,204,215	5,5,4,9,12,9,10,4,4,0	344,289,269,247,377,270,337,258,170,75	132	473
1981	99,78,88,111,97,64,90,81,98,71	85,77,87,92,97,79,95,82,81,68	90,71,79,81,109,108,86,60,92,79	81,73,91,73,100,66,93,87,77,78	161	160
1982	47,55,80,58,67,37,40,46,55,58	2,5,6,10,4,3,4,3,7,4	70,52,46,59,63,65,51,50,47,43	7,5,9,5,8,6,3,2,3,6	746	174
1983	24,30,28,21,24,32,23,25,25,23	20,29,22,20,30,23,8,25,23,24	24,16,17,23,22,32,29,26,24,19	36,19,15,23,23,25,35,20,19,21	271	256
1984	19,21,19,15,18,18,12,16,18,15	20,29,23,20,30,23,8,25,23,23	18,13,12,17,13,14,17,17,21,12	36,19,15,23,22,25,35,20,19,21	271	256
1985	5,24,10,12,11,6,8,7,16,13	5,4,4,5,5,2,0,3,7,4	21,6,9,19,14,15,8,6,18,3	3,10,3,3,7,7,2,2,5,7	169	125
1986	50,81,87,90,84,19,32,55,44,43	79,69,79,78,72,14,38,35,35,45	90,58,44,50,87,83,80,48,43,14	70,54,63,42,79,77,79,40,20,16	157	136
1987	23,10,19,13,17,2,13,14,15,9	40,37,28,37,32,10,22,19,24,18	27,8,12,16,34,26,23,13,9,1	45,29,28,32,48,26,44,23,11,6	116	131
1988	342,269,288,293,256,259,257,284,265,317	355,414,357,408,330,454,361,347,337,434	271,249,294,243,298,274,281,271,290,317	400,367,402,375,404,409,423,354,446,458	297	244
1989	326,338,348,322,321,276,285,329,305,329	399,340,379,355,323,401,326,373,352,393	366,272,341,299,365,337,336,316,303,322	351,334,364,328,361,306,377,338,371,423	371	297
1990	67,87,93,94,78,64,77,79,62,95	207,146,186,232,190,163,136,184,171,187	81,84,80,61,61,80,111,71,76,75	199,160,179,191,163,180,166,191,205,189	108	192
1991	240,203,281,288,223,237,206,226,221,254	170,183,198,201,215,203,153,229,180,184	260,213,241,258,228,259,243,231,260,245	211,198,193,151,202,194,193,188,178,167	192	207
1992	198,158,181,218,201,178,141,193,175,188	357,344,385,389,301,370,322,375,313,381	212,170,186,181,171,173,170,190,204,157	361,352,358,352,372,341,364,334,365,397	207	204
1993	104,93,98,120,106,117,94,101,89,110	103,116,102,121,139,138,131,129,133,117	105,92,104,98,99,79,104,114,127,125	122,103,114,132,132,108,127,127,161,168	171	180
1994	0,0,0,0,0,0,0,0,0,0	0,0,0,0,0,0,0,0,0,1	0,0,1,0,0,0,0,0,0,0	0,0,1,0,0,1,0,0,0,0	169	167
1995	0,0,0,0,0,0,0,0,0,0	0,0,0,0,0,0,0,0,0,1	0,1,0,0,0,0,0,0,0,0	0,0,1,0,0,1,0,0,0,0	244	167
1996	0,1,1,0,0,0,1,1,0,0	0,0,0,0,0,0,0,0,0,0	0,0,0,0,0,0,0,0,0,0	0,0,0,0,1,0,0,0,0,0	290	148
1997	0,1,1,0,0,0,1,1,0,0	0,0,0,0,0,0,2,0,0,0	0,0,0,0,0,0,0,0,0,0	0,0,0,0,1,0,0,0,0,0	290	168
2004	1591,1743,1878,1993,1709,1442,1465,1522,1674,1864	1367,1530,1537,1626,1429,1451,1327,1418,1462,1676	1626,1696,1571,1548,1750,1723,1809,1582,1638,1504	1308,1434,1444,1446,1630,1472,1647,1469,1540,1441	180	205
2005	56,62,39,72,42,46,32,48,51,47	33,36,30,38,24,23,24,35,33,29	60,67,45,65,55,64,61,44,48,57	47,23,45,35,34,21,29,28,35,36	230	211
2006	15,17,21,17,14,15,10,12,13,13	12,32,26,31,20,21,22,23,18,22	17,17,15,26,29,13,15,15,14,7	20,18,20,25,30,18,25,16,20,25	150	162
2007	10,14,16,21,20,14,7,18,16,25	13,11,24,20,18,13,12,14,7,25	19,15,18,19,23,12,24,17,21,10	16,7,19,15,21,10,17,16,17,9	163	164
2008	19,13,25,20,25,9,11,22,16,27	72,69,74,88,66,28,39,38,38,49	19,16,17,13,22,19,25,14,16,7	68,61,67,55,81,50,71,64,46,20	278	305
2009	266,267,290,270,291,158,220,235,193,282	262,226,230,264,240,198,227,225,192,245	302,229,226,253,263,290,302,221,212,144	288,206,203,219,272,241,308,232,214,154	208	219
2010	421,445,452,509,477,316,333,382,360,476	289,312,336,300,291,184,231,249,211,268	488,395,429,385,466,452,531,376,347,239	321,259,251,278,288,316,321,226,246,149	398	208
2011	19,38,41,38,38,20,29,25,35,25	11,20,9,37,12,17,22,23,18,13	34,29,33,26,51,38,29,36,32,29	12,17,14,17,16,14,23,15,20,19	158	157
2012	238,308,314,288,258,227,202,246,253,245	331,379,382,413,378,301,321,314,338,391	245,249,206,267,265,249,284,254,221,265	399,382,310,382,390,390,434,330,387,364	179	207
2013	20,21,28,26,27,34,20,26,17,29	18,8,5,15,11,9,4,17,14,7	27,22,25,21,26,22,27,26,22,36	18,15,7,20,21,9,12,6,11,8	242	175
2014	39,41,37,38,41,16,29,28,21,31	262,288,274,244,270,102,143,160,173,198	39,33,48,41,32,48,48,29,23,14	248,242,173,253,255,205,297,194,148,103	99	146
2015	16,10,6,8,10,5,12,10,9,5	4,10,9,3,6,4,5,3,8,2	11,8,6,7,9,14,9,2,10,6	6,3,7,9,5,7,11,4,6,6	180	142
2016	14,9,6,7,9,5,11,9,7,5	29,29,16,17,16,11,12,20,19,14	10,7,5,7,6,10,8,1,10,6	14,16,17,21,23,24,18,27,13,10	180	179
2017	14,21,14,9,12,9,8,7,13,4	1,1,5,5,2,2,3,1,3,6	13,7,19,17,13,12,16,10,15,9	6,1,1,1,2,1,3,4,1,0	142	114
2019	1,1,2,1,1,1,1,0,1,1	33,38,25,20,22,17,17,23,26,16	0,0,0,0,2,0,1,3,0,0	20,18,25,31,27,31,29,31,20,16	114	179
2020	3,2,0,3,2,0,4,2,4,0	22,18,27,21,21,12,13,11,16,23	4,2,3,3,5,5,1,4,0,1	20,13,18,21,24,32,21,15,15,11	179	197
2021	2,1,5,8,3,3,7,3,5,6	22,17,27,21,21,12,13,11,16,23	8,2,5,6,4,2,3,7,3,1	18,13,18,21,24,32,22,15,15,11	179	197
2022	40,44,27,31,28,18,16,30,21,22	7,11,12,9,8,3,9,13,11,9	21,18,26,31,29,35,29,37,22,19	6,3,14,7,6,10,10,4,11,5	197	123
2023	17,16,26,25,19,11,14,14,17,12	13,25,21,20,21,9,17,14,14,19	19,13,19,15,23,17,18,13,14,4	22,12,12,17,22,22,17,14,10,4	207	238
2024	0,1,0,0,0,0,0,0,0,0	47,36,29,57,23,19,18,42,23,34	0,0,0,0,0,1,0,0,0,0	24,26,32,31,31,21,46,21,20,16	157	198
2025	0,1,0,0,0,0,0,0,0,0	50,41,34,64,31,23,25,47,30,38	0,0,0,0,0,1,0,0,0,0	28,33,37,37,39,25,54,27,25,19	157	181
2026	23,56,22,37,30,35,32,35,28,30	37,40,44,52,39,34,33,42,43,56	40,31,32,29,45,31,35,29,31,31	44,41,33,45,30,36,48,46,40,47	244	202
2027	7,16,8,8,6,6,6,14,7,10	2,5,4,8,6,9,3,10,2,4	9,6,3,7,17,7,11,9,11,14	4,3,3,10,1,3,7,5,5,6	150	133
2028	29,31,21,25,22,11,20,25,24,10	32,45,41,55,49,27,38,25,45,46	23,23,25,24,37,19,37,22,21,15	50,45,30,48,40,55,60,26,26,18	193	256
2029	59,78,66,51,66,46,46,53,57,56	24,20,24,25,14,11,14,22,18,14	64,37,42,36,75,61,61,28,33,35	20,15,8,20,27,19,25,17,16,14	261	156
2030	809,873,827,920,890,489,590,679,645,814	911,963,1039,986,977,508,771,753,788,932	863,693,755,828,916,784,921,718,666,496	943,814,837,807,1016,932,1043,858,784,593	255	308
2031	651,738,777,706,686,345,528,585,576,636	597,616,618,721,650,337,452,495,493,577	685,624,631,619,767,685,792,585,518,368	618,534,614,595,602,579,676,556,468,370	267	255
2032	312,360,358,376,373,208,278,278,320,308	802,848,916,888,878,475,590,680,684,766	374,303,301,300,370,348,369,300,300,166	809,713,739,820,957,802,899,697,670,466	255	267
2033	81,70,84,86,83,88,71,95,89,106	291,327,311,350,287,300,237,326,308,339	102,85,94,76,94,103,92,83,99,89	299,304,254,294,320,312,337,286,304,275	124	208
2034	1,0,0,0,0,0,2,0,1,1	0,1,0,0,0,0,0,0,0,0	2,1,0,0,0,0,0,1,1,0	1,0,0,1,1,1,0,0,0,2	161	253
2035	0,3,0,2,1,0,0,0,2,0	4,2,2,8,2,0,1,1,3,1	0,1,0,0,1,0,0,0,0,0	0,1,3,3,3,2,1,4,2,0	102	105
2036	0,0,1,4,1,0,1,0,0,1	0,4,5,2,3,1,3,4,2,0	0,0,0,0,0,0,0,3,0,0	0,1,5,4,1,3,7,5,5,6	105	114
2037	2,4,3,1,1,3,0,1,0,1	0,2,4,2,3,0,2,3,2,0	3,0,0,3,2,5,3,0,1,1	0,0,3,0,0,3,4,3,3,6	105	114
2038	44,25,26,43,29,32,39,36,37,28	37,43,32,36,23,56,24,30,42,30	39,24,33,33,29,31,40,21,44,19	57,40,18,27,35,38,57,23,39,24	223	166
2039	70,72,70,58,74,44,39,58,55,53	70,76,67,75,66,49,51,52,63,59	80,54,67,66,58,63,88,72,63,53	64,67,62,72,76,72,74,75,69,59	219	248
2040	70,72,70,58,74,44,39,58,55,53	147,172,164,172,187,163,151,165,158,180	80,54,67,64,56,63,88,71,63,53	181,145,154,194,170,178,222,170,137,138	219	310
2041	152,165,155,163,164,146,124,143,136,156	25,23,32,30,21,22,12,13,21,23	162,124,142,178,158,176,202,169,145,114	26,22,21,22,15,20,41,20,25,22	310	158
2042	6,12,9,9,7,8,5,4,5,4	6,9,4,6,2,2,4,2,7,9	9,7,12,9,13,8,9,5,4,9	8,9,7,2,8,0,10,4,5,4	148	153
2043	3,2,5,1,0,1,1,1,1,1	6,3,4,8,3,6,6,5,3,3	12,4,6,6,3,3,5,4,6,1	2,8,6,3,5,4,5,7,2,3	156	148
2044	301,345,332,351,303,314,288,322,362,335	434,563,497,577,501,540,493,527,497,572	328,342,267,336,362,343,353,327,361,397	519,520,478,529,515,515,621,508,564,492	168	201
2045	44,47,40,34,30,28,35,38,30,43	7,8,10,9,8,3,5,5,14,13	36,34,28,34,57,37,57,40,47,22	17,8,8,5,11,12,13,3,7,5	225	118
2046	32,35,29,29,31,21,27,38,31,23	7,7,5,11,12,2,10,12,15,7	39,23,47,37,57,41,38,27,40,22	10,7,10,9,8,7,15,6,14,4	352	130
2047	40,31,46,37,43,42,30,44,36,48	46,43,48,62,39,50,41,49,48,47	38,29,33,31,34,31,50,37,47,45	50,55,51,50,42,58,37,59,69,55	181	182
2048	88,96,110,100,96,80,92,77,96,98	49,52,49,51,63,38,51,51,50,67	115,82,90,112,86,107,110,92,93,90	49,41,35,47,53,43,58,37,55,46	270	181
2049	5,7,10,12,9,10,16,11,12,13	131,141,148,159,148,158,139,135,161,154	9,8,4,4,6,11,11,2,9,11	151,127,105,126,128,125,186,134,163,146	147	204
2050	842,804,925,904,865,678,693,764,852,712	131,140,146,159,148,158,139,136,161,154	686,679,628,597,776,821,981,637,621,609	151,127,105,126,128,125,186,134,164,146	1620	204
2051	5,1,3,3,1,4,1,3,2,3	131,140,146,159,148,158,139,136,161,154	3,3,1,1,2,1,0,0,1,2	151,127,105,126,128,125,186,134,164,146	147	204
2052	852,821,940,917,863,690,713,770,871,713	131,140,146,159,148,158,139,136,161,154	704,693,634,598,795,822,1012,640,621,613	151,127,105,126,128,125,186,134,164,146	1545	204
2053	852,822,942,917,863,690,710,769,871,713	43,39,46,55,53,53,42,38,50,55	704,693,632,598,795,820,1012,640,621,613	41,57,45,41,46,55,46,47,52,46	1545	120
2054	842,805,927,904,865,678,690,763,852,712	43,39,46,55,53,53,42,38,50,55	686,679,626,597,776,819,981,637,621,609	41,57,45,41,46,55,46,47,52,46	1620	120
2055	852,821,940,918,863,691,710,769,872,713	107,83,105,101,84,85,89,75,87,85	704,694,632,598,795,821,1013,640,621,613	81,102,97,64,90,86,111,61,88,84	1545	120
2056	842,804,925,905,865,679,690,763,853,712	107,83,105,101,84,85,89,75,87,85	686,680,626,597,776,820,982,637,621,609	81,102,97,64,90,86,111,61,88,84	1620	120
2057	18,8,13,12,9,17,11,13,13,17	35,19,26,36,23,21,22,29,24,29	15,12,10,9,11,9,11,8,10,7	22,30,19,12,16,13,23,21,22,14	141	135
2058	7,4,6,9,4,5,3,4,4,8	35,19,26,36,23,21,22,29,24,29	6,11,1,0,4,4,3,0,4,4	22,30,19,12,16,13,23,21,22,14	147	135
2059	863,832,951,930,873,700,720,786,880,720	35,19,26,36,23,21,22,29,24,29	712,698,642,609,807,829,1032,657,629,623	22,30,19,12,16,13,23,21,22,14	1545	135
2060	853,815,936,917,875,688,700,780,861,719	35,19,26,36,23,21,22,29,24,29	694,684,636,608,788,828,1001,654,629,619	22,30,19,12,16,13,23,21,22,14	1620	135
2061	7,4,6,9,4,5,3,4,4,8	18,8,13,12,9,17,11,13,13,17	6,11,1,0,4,4,3,0,4,4	15,12,10,9,11,9,11,8,10,7	147	141
2062	863,832,951,930,873,700,720,786,880,720	18,8,13,12,9,17,11,13,13,17	712,698,642,609,807,829,1032,657,629,623	15,12,10,9,11,9,11,8,10,7	1545	141
2063	853,815,936,917,875,688,700,780,861,719	18,8,13,12,9,17,11,13,13,17	694,684,636,608,788,828,1001,654,629,619	15,12,10,9,11,9,11,8,10,7	1620	141
2064	863,832,951,930,873,700,720,786,880,720	7,4,6,9,4,5,3,4,4,8	712,698,642,609,807,829,1032,657,629,623	6,11,1,0,4,4,3,0,4,4	1545	147
2065	853,815,936,917,875,688,700,780,861,719	7,4,6,9,4,5,3,4,4,8	694,684,636,608,788,828,1001,654,629,619	6,11,1,0,4,4,3,0,4,4	1620	147
2066	882,837,965,946,885,710,728,784,898,734	22,16,21,22,20,13,15,16,24,23	726,705,655,608,818,845,1036,662,640,629	21,17,11,6,14,14,11,11,11,17	1545	147
2067	872,820,950,933,887,698,708,778,879,733	22,16,21,22,20,13,15,16,24,23	708,691,649,607,799,844,1005,659,640,625	21,17,11,6,14,14,11,11,11,17	1620	147
2068	40,46,44,43,22,23,22,41,28,34	22,25,31,20,26,26,29,17,21,21	42,48,30,37,29,43,35,30,32,36	23,20,16,23,24,24,29,17,16,20	264	201
2069	87,104,89,83,81,82,55,100,80,76	99,133,118,120,121,116,86,120,117,108	113,90,72,98,84,97,113,133,118,89	120,99,101,129,96,118,131,171,149,103	220	240
2070	151,179,169,167,152,166,186,153,158,170	291,342,354,318,258,314,257,336,326,327	174,158,134,155,146,142,196,152,158,203	281,293,265,365,285,300,364,303,371,346	124	172
2071	3,18,14,6,4,5,14,8,12,18	6,9,5,8,5,13,9,7,6,9	11,12,10,8,18,10,10,6,6,11	11,9,3,8,10,13,3,8,10,10	249	210
2072	13,16,21,27,21,7,16,15,13,15	16,24,20,23,18,14,10,16,25,21	18,8,11,13,21,24,22,28,9,12	29,26,21,23,25,37,22,21,17,13	141	215
2073	1,3,1,1,0,0,0,0,0,1	6,7,6,4,7,2,5,2,3,4	0,0,0,0,1,1,1,0,0,1	11,2,2,3,11,4,3,4,5,4	176	320
2074	47,40,49,55,22,31,26,35,48,40	16,20,12,20,12,18,11,8,9,19	51,46,32,39,48,39,29,26,27,14	13,13,14,22,15,15,21,19,28,16	194	112
2075	47,39,50,56,24,31,26,36,50,40	2,4,6,2,2,1,1,0,1,7	51,47,33,39,47,39,30,26,28,14	3,11,5,6,4,5,6,5,3,6	194	112
2076	47,39,50,56,24,31,26,36,50,40	19,24,18,34,32,31,26,23,23,33	51,47,33,39,47,39,30,26,28,14	32,27,30,35,36,24,39,31,28,30	194	121
2077	2,4,6,2,2,1,1,0,1,7	19,24,18,34,32,31,26,23,23,33	3,11,5,6,4,5,6,5,3,6	32,27,30,35,36,24,39,31,28,30	112	121
2078	19,25,24,23,25,30,13,19,24,27	19,25,18,34,32,31,26,23,22,33	21,32,25,33,16,23,24,23,27,25	32,27,30,35,37,25,39,31,28,30	112	121
2079	2,1,1,1,2,2,3,3,2,5	55,59,37,71,55,54,50,37,38,66	1,3,7,2,1,6,7,0,1,2	53,52,54,73,70,49,77,57,63,58	799	121
2080	29,39,20,34,28,14,16,24,14,29	3,3,6,3,4,4,6,1,1,2	34,32,30,26,30,27,27,18,18,17	2,1,4,3,8,1,5,0,0,3	149	137
2081	89,81,88,97,90,92,75,83,69,99	23,50,38,47,39,33,34,49,31,46	81,78,74,80,98,93,98,60,90,100	33,25,33,32,37,31,34,30,36,31	187	204
2082	98,158,101,82,49,60,56,44,88,52	28,26,27,25,24,30,35,23,35,34	78,69,58,70,139,76,98,60,57,56	22,19,38,35,30,17,38,37,39,34	174	165
2083	0,1,0,0,0,0,0,1,0,0	93,119,121,139,101,124,94,130,124,144	0,0,0,0,0,0,0,0,0,0	121,100,107,109,131,128,122,114,138,155	165	138
2084	0,2,6,6,3,0,0,2,1,0	0,3,5,5,2,1,4,5,3,7	3,1,1,1,2,1,4,0,1,1	4,1,3,3,2,3,1,1,8,6	194	214
2085	0,2,2,4,2,0,1,1,0,0	0,3,4,5,1,0,2,4,1,3	3,1,1,1,2,0,2,0,0,1	3,2,1,1,2,3,2,2,6,4	194	214
2086	31,25,25,24,29,9,9,21,16,14	143,150,143,129,159,55,91,110,102,82	21,13,28,19,27,20,20,13,12,3	150,104,104,119,187,113,162,90,69,27	178	106
2087	3,4,3,7,4,4,3,1,6,1	143,150,143,129,159,55,91,110,102,82	2,0,3,1,2,2,4,0,4,2	150,104,104,119,187,113,162,90,69,27	352	106
2088	3,4,3,7,4,4,3,1,6,1	31,25,25,24,29,9,9,21,16,14	2,0,3,1,2,2,4,0,4,2	21,13,28,19,27,20,20,13,12,3	352	178
2089	5,8,8,9,8,5,2,6,4,3	579,691,685,706,659,668,629,575,655,713	6,7,5,3,7,7,4,5,12,7	640,692,607,670,647,653,743,681,720,783	151	151
2090	12,12,14,19,9,13,20,21,19,15	52,60,61,65,50,45,61,57,59,53	20,19,15,8,18,15,23,15,16,21	45,45,44,65,59,49,57,55,58,75	125	121
2091	600,609,656,695,621,286,398,442,471,465	113,126,145,118,130,67,78,84,86,106	572,497,555,561,647,525,670,525,409,292	110,107,100,110,125,102,127,98,115,90	2422	442
2092	22,32,29,34,29,12,11,26,19,16	592,603,659,695,612,284,400,445,480,472	33,14,24,26,26,17,22,13,15,13	570,504,566,558,642,534,670,527,415,296	163	2422
2093	3,4,10,7,8,6,14,5,12,5	10,12,8,9,4,14,22,9,13,11	5,9,6,11,9,1,10,4,9,6	16,10,10,7,6,11,10,8,11,12	142	177
2094	1025,1122,1180,1154,1023,873,938,1059,1013,1254	910,1056,990,1074,908,890,746,840,917,1002	1154,1074,1037,1022,1195,1131,1262,1079,1083,898	938,869,893,931,945,938,996,882,969,718	286	222
2095	2,3,6,4,0,1,2,3,4,3	8,2,4,6,10,13,3,6,4,6	3,3,4,2,4,0,6,1,1,2	6,7,11,8,3,8,14,9,8,10	105	108
2096	20,16,23,20,17,12,10,7,13,15	45,49,38,57,41,32,39,42,37,50	19,10,16,21,12,14,15,20,18,14	43,46,40,34,37,44,31,45,34,36	124	145
2097	31,22,27,37,26,15,18,14,18,26	12,8,14,12,11,14,12,13,10,14	35,16,23,38,23,18,23,34,31,23	12,5,11,17,21,11,18,11,7,15	124	143
2098	17,19,20,20,18,4,10,10,14,12	16,10,19,19,19,19,10,9,12,12	16,17,24,13,21,22,19,22,17,13	27,19,14,24,13,27,19,20,21,22	176	139
2100	70,87,74,87,73,55,63,41,61,58	78,91,74,87,67,55,70,62,75,77	83,66,50,63,71,75,78,42,58,42	82,87,61,92,78,79,92,74,73,63	219	137
2101	3780,3861,4101,4235,3554,4167,3575,3907,3801,4540	271,245,262,244,202,209,176,235,241,237	3754,3731,3842,3846,3970,3972,4321,3842,4359,4574	248,198,231,214,243,230,272,205,247,276	242	242
2102	1,0,0,0,0,0,0,0,0,0	50,65,72,66,44,50,49,67,50,63	0,0,0,0,0,1,0,0,0,0	51,68,46,68,61,45,52,53,54,75	138	156
2103	1,0,0,0,0,0,0,0,0,0	43,38,44,41,32,30,34,42,33,35	0,0,0,0,0,1,0,0,0,0	30,48,39,39,35,29,39,38,33,54	138	153
2104	6,6,5,12,14,16,3,12,4,16	19,12,17,24,21,12,13,21,10,24	5,8,10,11,8,11,15,8,10,15	17,16,20,22,11,17,22,17,32,28	154	273
2105	30,22,50,42,27,29,19,39,22,43	52,43,67,58,61,54,59,53,60,46	22,38,40,40,24,26,36,30,30,18	76,73,56,66,62,51,62,62,56,78	174	221
2106	624,617,659,629,564,373,462,499,527,526	1197,1296,1248,1296,1222,841,883,1025,1096,1235	630,554,544,589,661,563,651,478,523,381	1293,1152,1098,1166,1287,1235,1303,1071,1064,831	204	232
2107	52,47,51,44,50,29,29,38,47,27	1197,1293,1248,1293,1221,841,882,1024,1096,1235	37,42,50,40,56,46,49,54,33,34	1292,1151,1098,1166,1283,1234,1302,1070,1062,828	130	232
2108	32,22,21,21,16,8,19,14,35,14	1197,1293,1248,1293,1221,841,882,1024,1096,1235	25,15,14,20,44,31,36,24,18,17	1292,1150,1099,1166,1283,1234,1302,1070,1062,828	130	232
2109	32,22,21,21,16,8,19,14,35,14	371,330,389,375,317,218,277,296,305,306	25,15,14,20,44,31,36,24,18,17	347,319,286,348,404,336,385,257,303,224	130	204
2110	32,25,19,24,16,7,19,15,34,14	827,820,953,932,791,566,628,758,705,785	26,17,14,20,48,32,36,25,19,20	836,777,795,786,936,857,927,704,755,563	130	204
2111	2,1,1,1,1,1,1,4,0,3	104,99,92,91,72,69,71,87,64,93	3,3,2,0,3,1,2,2,2,4	82,90,71,85,74,95,79,80,79,79	198	203
2112	9,6,1,12,6,7,6,4,6,5	7,7,3,5,6,10,9,5,10,8	6,5,3,5,9,5,4,2,3,3	7,4,9,8,6,4,3,3,8,8	195	139
2113	731,696,798,832,746,762,625,732,724,772	348,404,423,426,368,453,352,407,378,465	805,764,680,703,772,780,831,724,849,713	430,401,368,382,442,417,429,412,463,458	228	159
2114	908,1082,964,993,859,917,840,915,873,955	853,827,949,942,784,878,752,816,830,982	979,905,856,901,1017,890,1019,876,964,888	940,875,844,812,864,831,962,830,1010,908	177	228
2115	46,50,57,53,37,38,41,36,24,35	60,88,62,81,62,44,45,54,56,61	60,47,27,49,59,50,54,37,42,24	83,64,52,68,82,60,63,61,49,40	273	267
2116	46,48,57,54,37,38,41,35,24,34	24,22,20,24,24,11,19,15,15,26	60,46,27,49,59,49,53,37,42,24	15,19,20,28,20,31,19,19,18,16	273	191
2117	50,60,59,61,63,26,36,49,41,47	23,24,20,24,24,11,19,15,15,27	65,46,47,50,55,59,52,48,36,35	15,20,20,28,20,32,20,18,18,16	267	191
2118	70,77,84,89,83,77,69,78,81,74	32,44,48,54,52,57,34,38,39,54	75,79,75,61,87,75,96,68,73,71	44,44,32,57,61,47,49,39,38,37	210	162
2120	56,48,45,49,53,25,26,55,48,38	39,56,38,46,39,27,34,44,52,40	62,47,29,55,58,41,49,40,39,33	37,41,24,27,47,43,44,33,37,33	177	132
2121	7,3,6,3,4,4,2,10,3,0	42,55,38,46,39,27,34,44,52,37	13,5,7,7,6,3,7,6,5,0	36,41,24,27,47,42,44,33,37,32	177	132
2122	68,83,78,104,79,26,67,60,64,61	56,85,85,85,72,33,67,53,69,64	77,74,83,81,98,64,76,43,54,44	57,69,66,69,98,76,93,70,45,51	256	201
2123	97,107,128,135,106,133,89,142,125,115	50,71,41,56,53,55,65,70,59,53	110,103,105,113,102,109,142,138,135,112	60,56,46,71,40,56,54,55,63,70	306	176
2124	73,103,80,101,79,68,62,73,65,89	166,218,190,234,204,84,153,162,150,184	92,75,68,69,88,81,73,64,57,43	165,155,141,158,208,171,172,172,141,88	151	185
2125	180,206,212,216,191,95,134,147,142,179	215,258,247,254,206,101,159,174,167,173	206,151,153,165,227,163,172,152,110,56	221,201,208,167,240,216,249,212,152,83	313	245
2126	32,41,39,38,41,22,29,36,31,30	197,214,226,237,205,101,152,157,145,188	45,35,30,42,49,39,30,32,24,5	222,142,162,170,232,184,203,164,128,63	136	313
2128	25,34,36,17,20,22,32,20,30,50	11,18,21,23,22,18,14,14,17,27	25,31,22,31,31,27,27,40,20,30	19,19,18,13,18,22,13,7,20,22	151	148
2129	240,276,297,264,257,307,241,250,237,294	458,463,483,472,401,469,374,427,469,461	317,272,273,297,317,271,279,294,320,307	456,447,442,451,451,476,482,410,555,444	193	298
2130	6,10,12,7,11,0,4,1,5,1	11,19,19,17,19,6,8,11,9,11	8,2,3,3,6,11,15,1,2,1	19,9,8,9,14,14,33,15,8,5	124	211
2131	59,37,43,42,38,15,24,23,26,37	103,79,91,98,92,47,73,62,78,70	49,23,42,16,43,29,41,36,33,14	92,69,65,55,114,84,88,59,51,34	189	219
2132	92,54,82,85,60,22,47,43,63,63	61,46,68,50,70,17,39,37,49,45	65,53,48,38,79,67,64,59,31,29	57,39,47,35,73,47,72,42,42,22	243	189
2133	6,12,7,12,13,8,8,8,9,7	4,5,2,7,5,11,9,16,9,7	13,16,9,19,10,13,13,10,15,16	10,7,5,16,6,7,6,8,12,8	175	238
2134	0,0,0,0,0,1,0,0,0,0	1,1,0,1,2,3,0,1,1,3	0,3,0,0,0,0,1,0,0,0	2,1,1,0,1,0,1,0,1,0	123	117
2135	11,17,15,6,13,7,6,23,19,13	2,0,4,3,3,3,2,1,1,4	21,13,15,18,13,16,9,13,9,16	3,1,1,0,4,1,2,1,1,3	90	117
2136	7,7,4,3,5,3,2,15,11,7	0,0,0,0,0,0,0,0,2,0	7,5,6,9,7,8,4,7,6,11	0,0,0,0,0,0,0,1,0,0	90	123
2137	23,22,26,15,17,30,26,28,26,32	37,60,37,51,68,56,53,37,57,62	16,27,28,26,24,18,33,10,21,19	43,44,32,60,45,47,67,38,73,49	157	152
2138	1,0,1,1,1,0,0,0,0,1	0,0,0,0,0,0,1,0,0,1	0,0,1,1,0,1,2,0,2,1	0,0,0,0,0,0,0,0,0,0	115	157
2139	51,52,69,54,41,48,38,31,31,53	64,84,67,89,67,61,52,57,59,68	51,44,53,47,41,32,41,36,33,25	91,65,58,79,67,72,73,77,68,54	159	108
2140	51,52,69,54,41,48,38,31,31,53	19,21,17,26,25,13,20,16,15,13	51,44,53,47,41,32,41,36,33,25	17,12,12,16,24,14,20,14,15,14	159	129
2141	64,84,67,89,67,61,52,57,59,68	19,21,17,26,25,13,20,16,15,13	91,65,58,79,67,72,73,77,68,54	17,12,12,16,24,14,20,14,15,14	108	129
2142	10,9,9,11,8,3,14,11,15,10	10,6,5,9,6,2,4,6,4,10	10,1,13,7,9,11,7,6,4,5	5,6,6,4,5,3,8,6,2,3	222	372
2143	72,55,108,85,93,30,67,56,84,73	9,5,9,9,8,7,5,17,9,3	101,57,52,56,67,75,90,62,41,35	5,6,6,1,10,11,9,6,9,5	1734	231
2145	68,91,80,69,83,85,76,72,62,92	60,79,90,74,68,76,69,78,66,69	71,70,60,74,86,63,83,78,89,79	74,92,78,73,83,73,93,65,79,87	205	161
2146	483,477,551,524,465,412,405,465,458,519	98,96,118,92,104,99,74,93,95,117	485,422,464,469,492,452,495,441,442,389	101,95,98,78,87,79,94,104,90,84	250	177
2147	147,132,158,167,174,77,109,146,141,132	48,65,56,65,50,45,61,53,39,42	167,135,104,140,173,152,156,127,112,81	73,40,56,50,63,60,62,45,50,33	252	141
2148	24,18,19,16,16,11,25,21,20,21	142,141,182,160,133,127,113,103,129,129	34,26,32,18,31,17,31,14,18,11	142,121,132,133,157,156,176,138,102,94	165	174
2149	423,481,454,464,391,460,397,431,397,504	191,218,206,235,211,233,194,208,218,258	459,408,503,461,450,415,492,421,493,462	231,209,209,192,221,185,245,228,267,240	229	131
2150	83,84,103,83,79,50,61,85,60,72	64,69,58,72,50,23,31,27,41,48	100,72,64,76,93,76,81,60,61,45	71,35,52,49,77,44,57,51,39,37	227	178
2151	1,3,1,1,1,0,1,1,0,0	2,0,3,0,1,0,1,0,3,0	4,1,1,1,1,0,0,1,0,0	1,0,2,0,4,0,0,0,0,0	331	164
2152	9,12,15,17,14,11,9,12,3,14	12,10,10,12,18,12,14,21,18,7	17,9,6,12,18,13,9,10,14,10	17,18,13,14,19,19,25,20,13,17	234	195
2153	309,363,358,384,326,228,246,263,303,289	349,380,368,359,160,141,201,159,225,119	365,336,319,385,382,329,418,349,328,236	339,202,162,250,431,266,267,106,96,72	194	244
2154	118,93,145,147,109,75,84,128,111,115	201,168,212,178,177,127,133,142,135,176	129,107,131,112,130,130,140,113,109,73	213,179,140,164,192,176,168,200,153,120	247	264
2155	118,101,150,144,111,107,82,132,105,92	72,53,73,87,72,43,51,73,64,64	136,108,98,115,112,132,129,103,100,75	76,59,76,60,76,77,61,63,58,51	215	247
2156	118,101,151,144,111,107,82,132,105,92	72,54,73,86,72,44,51,74,64,64	136,108,98,115,112,132,129,103,100,75	76,60,76,60,76,76,63,63,58,51	215	247
2157	120,104,153,144,112,108,83,134,105,94	130,113,136,146,124,75,94,118,105,113	140,109,100,116,115,133,131,103,100,76	131,105,124,92,133,133,125,113,103,83	215	247
2158	94,93,96,83,60,57,58,61,67,77	113,81,147,130,87,88,70,112,96,95	87,84,72,57,95,67,88,59,71,56	111,87,112,105,113,126,147,95,96,61	184	215
2159	1317,1429,1528,1634,1265,1298,1201,1372,1406,1383	485,628,609,644,548,619,522,554,482,628	1433,1462,1206,1460,1445,1449,1664,1375,1378,1387	523,612,526,583,568,579,691,562,645,581	431	175
2160	1198,1333,1394,1520,1189,1215,1111,1258,1287,1288	485,627,611,644,545,619,521,554,481,626	1308,1377,1109,1361,1326,1336,1520,1250,1280,1281	522,612,526,582,567,577,691,561,645,581	431	175
2161	486,544,549,597,535,533,471,516,498,575	424,519,531,620,535,523,456,487,529,558	547,556,503,565,546,509,572,545,575,555	537,575,446,513,535,569,686,522,580,586	175	162
2162	190,180,202,225,165,183,161,187,194,181	281,317,310,318,281,270,234,292,278,273	193,208,192,190,208,225,228,206,193,186	259,283,262,324,273,299,311,311,312,322	187	187
2163	112,114,128,137,141,105,100,111,120,117	181,210,195,203,170,162,140,170,146,198	133,123,117,135,124,130,159,117,109,110	179,187,188,190,189,180,215,180,159,188	142	200
2164	120,160,165,171,174,116,102,148,150,158	145,97,118,143,102,123,119,133,96,129	179,133,158,146,157,179,189,141,167,116	120,113,113,122,95,115,149,96,146,98	136	142
2165	172,119,144,181,152,103,114,119,130,153	158,175,160,220,171,143,148,169,127,213	152,151,132,138,148,144,153,105,120,110	184,164,157,175,152,164,175,153,181,173	229	187
2166	176,143,172,206,137,100,117,134,142,148	158,175,160,221,172,143,150,168,127,215	160,144,159,133,172,141,156,116,141,121	185,167,157,175,154,164,176,153,181,171	633	187
2167	1,3,4,5,2,0,0,0,2,0	58,44,61,61,73,31,42,45,49,63	3,3,0,2,2,0,3,0,0,1	77,39,49,56,56,78,47,69,43,24	130	273
2168	13,13,12,11,14,7,9,10,13,10	21,25,23,30,13,11,24,19,15,27	11,13,6,9,20,12,23,8,17,6	29,22,26,13,25,26,34,20,18,16	121	260
2169	34,55,43,55,59,10,20,28,24,22	36,48,38,49,66,11,23,42,40,21	40,34,34,46,50,39,52,40,15,15	41,28,34,44,60,45,48,30,24,11	153	157
2170	79,63,82,62,46,22,47,49,52,51	423,442,421,466,458,183,298,308,299,317	55,45,64,54,63,73,69,59,30,26	445,327,324,362,489,411,465,297,308,173	160	308
2171	306,298,315,326,327,147,210,226,225,237	159,199,194,189,203,62,129,145,135,136	323,238,232,244,328,270,319,226,206,105	182,166,158,160,238,206,207,158,109,75	308	201
2172	574,619,524,615,623,301,380,515,453,515	385,452,460,432,387,271,295,351,392,367	514,476,450,530,575,486,628,517,378,282	431,315,336,392,421,355,449,348,333,217	237	243
2173	297,330,311,300,309,188,231,281,287,290	213,207,201,242,210,130,161,186,165,203	305,233,259,302,311,279,336,270,247,168	188,207,155,176,205,189,238,153,191,106	243	180
2174	398,439,411,408,404,346,312,386,402,450	253,335,247,229,292,219,205,244,227,242	389,367,308,410,392,419,481,339,355,334	249,224,187,227,248,259,293,241,225,195	190	190
2175	256,294,272,268,267,224,215,276,289,312	295,315,294,302,274,264,217,289,307,297	252,232,221,285,266,264,334,239,266,229	293,256,242,291,316,333,344,283,282,269	190	210
2176	104,110,123,128,119,56,117,106,106,102	62,52,55,51,51,48,50,40,61,64	116,122,115,145,132,123,152,116,111,84	68,65,40,60,69,62,69,65,41,50	249	156
2177	119,84,145,149,120,99,90,91,96,118	115,93,125,120,75,79,73,81,85,85	126,126,112,117,154,123,159,115,120,69	117,93,81,91,135,101,130,69,83,40	153	162
2178	26,29,41,34,30,27,25,36,32,32	3,1,3,3,0,3,1,2,0,0	27,23,26,42,38,22,37,25,9,28	0,1,0,1,0,0,1,1,0,1	180	90
2179	4,1,2,2,2,7,4,5,7,4	195,184,194,174,187,132,136,201,177,164	8,0,4,1,5,0,1,2,8,4	217,178,151,138,175,198,204,144,148,122	226	220
2180	8,3,8,6,10,2,3,6,2,4	6,11,8,5,5,8,1,1,7,11	3,5,5,8,6,13,10,4,0,6	12,5,12,5,4,6,11,13,3,2	203	232
2181	57,45,60,59,56,54,43,62,50,59	310,312,299,347,297,288,242,330,310,365	48,41,40,54,52,65,58,73,52,55	301,266,286,311,316,309,323,281,302,350	261	493
2182	60,50,59,33,30,29,47,31,44,46	98,83,84,80,67,64,72,73,58,85	54,38,48,58,54,49,68,43,49,30	90,82,84,85,105,79,74,68,59,64	201	182
2183	67,99,91,97,68,69,65,66,47,104	148,170,163,170,145,155,136,130,147,138	83,66,89,90,92,85,86,83,80,82	163,179,156,133,181,150,190,177,165,153	165	213
2184	282,335,306,323,275,244,227,261,255,283	149,195,182,197,146,118,147,137,154,192	262,263,222,274,290,291,320,254,275,250	153,158,170,165,167,176,185,142,144,143	349	213
2185	177,193,182,199,190,125,157,171,176,179	207,263,276,291,249,213,207,226,222,247	192,160,135,167,186,177,193,166,175,135	231,261,219,242,260,246,300,226,253,206	200	349
2186	90,88,94,105,88,79,87,94,75,88	200,211,187,208,172,127,136,169,163,179	86,87,75,101,102,96,115,97,87,87	172,142,130,174,168,185,189,154,150,150	150	200
2187	17,28,34,17,19,28,15,30,20,24	51,42,39,58,44,38,30,40,43,40	30,30,14,22,27,15,25,26,36,28	44,46,34,36,35,34,48,40,35,49	214	214
2189	37,34,58,44,42,33,34,39,29,51	41,46,38,34,30,13,14,31,32,21	47,45,54,38,42,41,49,41,43,22	23,48,14,37,26,26,33,29,22,20	192	183
2190	43,46,50,40,42,36,29,31,40,37	8,11,15,12,19,10,14,8,8,10	38,31,29,30,42,38,53,30,27,18	13,11,6,13,8,7,7,5,7,4	183	105
2191	13,11,14,13,10,4,3,8,8,9	64,72,68,59,82,29,43,47,49,56	7,19,7,6,8,15,12,10,12,13	67,54,58,52,61,56,74,50,49,46	105	192
2192	43,57,72,59,60,35,47,53,48,65	48,84,73,54,79,53,49,61,53,80	52,59,64,49,53,63,50,42,52,31	58,72,52,61,71,66,87,27,62,55	153	143
2193	10,23,18,20,11,11,19,14,10,13	32,41,30,46,40,39,33,40,25,52	15,16,13,14,15,11,15,10,9,12	32,39,35,36,42,30,43,35,39,45	163	249
2194	26,31,29,33,26,42,26,38,32,42	31,39,30,45,38,39,34,40,25,52	31,25,16,22,30,38,29,24,41,34	32,38,32,36,39,29,41,31,38,43	257	249
2195	43,45,37,32,63,34,20,33,42,50	39,60,56,73,49,58,48,54,46,76	46,32,22,44,65,38,44,39,34,27	60,59,42,53,77,80,73,44,51,38	183	279
2196	56,60,51,53,50,42,44,42,54,46	58,64,95,79,77,50,54,72,69,57	55,48,48,69,36,50,55,52,45,25	85,66,45,69,67,65,67,54,49,35	241	254
2197	36,39,23,40,28,29,37,27,29,30	63,67,55,73,67,52,58,51,60,68	38,35,27,43,39,42,24,28,22,21	75,56,54,71,55,57,67,58,50,48	173	241
2198	29,38,37,43,37,21,30,27,29,32	40,37,31,37,28,31,25,27,32,34	37,40,41,23,36,40,43,27,30,19	46,37,34,56,34,41,26,31,25,21	240	173
2201	12,11,6,10,9,7,8,3,5,11	12,26,26,22,15,17,20,17,19,23	6,6,7,13,6,9,8,3,9,4	20,24,15,19,24,17,18,25,21,22	135	111
2202	48,61,53,48,51,7,23,22,30,23	53,35,65,53,38,5,21,17,26,14	51,35,31,35,63,52,37,23,18,14	47,16,35,19,66,44,40,22,13,17	351	286
2203	0,0,1,0,1,1,0,0,0,0	0,3,3,3,1,0,0,3,1,0	0,0,0,0,1,0,0,0,0,0	1,4,0,3,0,2,5,1,1,0	118	258
2204	51,43,55,36,48,12,34,37,56,32	64,64,61,54,58,21,25,35,34,45	46,35,39,38,58,55,41,38,35,18	55,55,59,52,63,61,64,36,35,12	206	194
2205	31,31,23,27,37,26,24,16,21,33	15,16,20,15,16,7,9,14,18,19	28,24,17,31,40,23,30,27,33,30	17,9,15,16,11,10,16,8,10,12	174	149
2206	9,9,3,11,4,5,2,5,8,4	3,6,9,6,8,5,5,3,6,1	7,5,6,6,3,7,12,6,11,4	7,4,10,5,6,9,7,4,5,4	290	126
2207	9,8,3,11,5,4,2,5,7,3	8,12,13,9,8,6,3,4,9,9	7,5,6,6,3,6,12,6,11,4	10,2,5,4,5,7,9,4,9,4	290	130
2208	0,0,0,0,0,0,0,0,0,0	1,2,1,1,2,2,0,1,1,4	0,0,0,0,0,0,1,0,0,0	4,1,2,3,2,3,1,0,0,1	126	130
2209	0,0,0,0,0,0,0,0,0,0	22,19,25,22,25,7,7,14,18,20	0,0,0,0,0,0,1,0,0,0	24,12,18,17,20,16,25,20,14,0	126	185
2210	1,2,1,1,2,2,0,1,1,4	22,19,25,22,25,7,7,14,18,20	4,1,2,3,2,3,1,0,0,1	24,12,18,17,20,16,25,20,14,0	130	185
2211	3,2,6,5,8,1,2,3,6,6	20,9,9,18,10,7,4,9,8,13	5,3,8,4,8,8,6,5,8,0	17,12,8,11,9,10,10,9,6,5	185	179
2212	11,12,18,13,15,6,5,6,15,14	21,9,9,18,10,7,4,9,8,16	13,5,11,5,10,13,14,9,19,4	18,12,8,12,12,10,10,9,6,5	185	179
2213	11,18,14,18,22,10,13,13,7,15	12,10,6,12,15,13,6,6,8,8	22,12,10,9,9,20,14,9,12,4	22,11,5,15,20,11,13,8,13,9	171	171
2214	4,8,11,11,12,7,4,9,6,8	41,65,54,55,59,33,22,41,41,39	15,10,8,15,12,7,8,6,13,5	53,31,53,57,55,40,49,22,45,25	171	331
2215	8,6,9,5,12,6,4,8,4,8	29,27,33,35,22,23,34,28,23,32	4,8,7,3,3,1,4,3,2,0	36,28,31,22,31,30,28,21,33,23	108	254
2216	165,156,111,156,122,115,91,137,168,159	69,43,30,41,33,39,29,36,52,37	140,112,133,153,92,158,186,107,121,132	59,29,35,44,46,49,58,34,48,43	249	124
2219	5,12,9,11,12,9,5,11,10,13	14,17,27,24,14,12,23,23,16,9	15,5,10,13,9,10,9,13,7,6	13,14,12,19,29,15,24,15,23,10	196	225
2220	5,12,9,11,12,9,5,10,10,13	7,19,20,18,25,15,12,12,9,11	15,5,10,13,9,10,9,13,8,6	13,8,11,21,17,18,16,20,17,8	196	234
2221	8,17,11,7,10,7,5,12,20,9	12,19,16,15,12,9,10,7,15,10	6,13,5,17,14,10,14,7,6,8	11,14,2,19,12,6,14,11,11,6	157	151
2224	83,114,108,106,85,41,47,63,67,51	8,17,16,7,14,7,7,8,5,9	83,72,74,70,114,62,89,60,52,38	18,10,7,13,12,14,11,9,8,7	239	99
2225	65,62,52,67,47,71,74,72,66,75	16,28,25,13,25,23,20,20,20,15	58,49,54,69,51,55,54,62,72,57	16,28,19,17,13,24,22,24,27,35	285	165
2226	19,23,15,28,25,26,27,22,40,24	51,70,57,53,50,64,60,69,68,75	12,18,19,27,22,25,29,23,29,32	51,50,55,62,44,62,50,56,77,63	192	285
2227	61,63,89,91,67,49,63,74,63,87	18,21,32,29,29,18,25,26,30,27	65,61,72,54,83,79,72,64,86,61	22,29,24,16,32,41,26,30,27,29	190	190
2228	323,271,386,329,313,188,259,293,248,281	236,230,267,277,308,201,193,226,208,255	363,268,275,243,339,305,355,263,212,167	251,241,230,198,279,247,262,246,225,173	315	260
2229	625,646,691,725,748,328,440,467,519,534	376,399,443,429,441,189,265,317,338,384	675,484,476,523,766,615,632,469,453,249	465,303,346,339,424,392,414,313,311,204	872	492
2230	346,376,419,397,415,184,243,282,315,372	48,65,59,62,76,35,56,45,51,48	465,302,337,292,418,370,383,305,274,205	72,49,43,62,84,76,59,44,60,46	492	150
2231	67,64,71,75,72,23,46,56,58,57	238,312,256,269,291,144,187,182,204,232	52,37,53,73,64,58,66,34,62,31	255,203,200,240,285,274,267,202,206,141	150	231
2232	241,280,247,301,302,174,190,177,202,236	206,261,246,269,316,165,225,205,224,228	244,213,230,206,255,241,270,226,229,176	254,178,209,243,305,236,221,230,188,141	243	213
2233	306,330,288,335,366,208,219,241,251,286	191,221,208,187,199,151,161,161,177,182	329,291,268,269,334,328,352,315,236,193	207,159,161,163,222,213,207,145,186,140	269	236
2234	283,288,308,301,285,43,118,152,141,137	173,176,209,197,206,51,101,140,130,124	315,182,203,181,341,265,286,171,96,42	238,135,133,136,208,185,196,134,59,21	794	561
2235	158,164,207,173,198,45,90,128,116,113	47,48,46,40,47,10,23,28,31,24	212,126,124,119,210,183,193,128,49,19	31,24,27,32,58,32,48,27,18,3	561	219
2236	52,48,74,82,57,44,29,69,48,51	27,35,26,23,20,32,23,19,20,32	61,44,42,50,46,61,71,63,59,62	28,22,31,28,32,34,29,31,33,41	207	129
2237	150,147,128,143,113,126,122,143,152,146	42,62,54,75,54,40,60,61,51,84	124,113,106,139,132,142,129,131,152,130	55,63,43,48,46,53,62,61,54,46	239	156
2238	55,54,56,62,66,48,44,45,54,49	50,44,64,45,24,34,26,34,25,40	59,54,45,54,60,55,71,50,58,56	40,31,26,39,54,29,41,34,38,24	296	189
2239	65,65,69,74,84,61,53,54,65,66	51,44,64,45,24,34,27,34,25,40	74,69,66,65,73,80,87,68,70,63	39,31,26,39,54,29,41,34,38,24	296	189
2240	48,41,50,57,48,52,38,37,38,61	9,9,15,9,7,7,7,6,5,8	60,44,54,56,64,48,55,65,65,48	14,9,7,7,6,2,4,4,5,9	231	117
2241	67,89,88,107,86,89,81,83,95,109	71,87,75,99,80,79,77,85,55,72	94,85,87,101,97,92,93,95,76,78	88,65,80,83,89,74,88,87,86,82	244	159
2242	9,23,16,19,17,15,14,17,15,14	71,87,75,99,80,79,77,85,55,72	19,17,16,24,25,19,11,23,13,11	88,65,80,83,89,74,88,87,86,82	181	159
2243	54,46,70,73,50,46,39,73,52,51	82,86,71,86,58,74,55,74,75,55	58,58,45,52,56,40,66,54,53,61	63,72,73,84,76,62,67,81,59,51	148	181
2244	33,54,61,61,42,35,35,47,50,58	0,1,1,0,2,0,0,0,0,0	49,48,52,53,51,46,50,48,48,37	0,0,0,0,2,0,1,2,1,3	139	148
2245	312,351,340,363,344,369,275,285,364,352	286,317,325,340,241,341,205,285,273,313	317,362,311,322,316,301,335,281,360,350	277,263,253,288,278,255,293,253,318,402	171	142
2246	274,314,310,325,270,265,263,228,247,318	279,314,322,342,315,356,275,318,301,318	240,285,261,267,308,254,311,242,310,372	294,324,289,331,292,307,341,306,359,366	152	171
2247	151,192,189,200,168,167,194,174,128,203	243,288,282,315,294,301,226,238,303,298	191,178,172,185,150,165,209,193,184,214	256,309,255,276,274,243,283,233,302,301	143	152
2248	174,188,211,232,175,166,172,192,174,215	250,304,289,339,275,258,263,284,316,314	193,186,164,210,199,207,201,212,219,206	284,287,226,268,320,302,331,285,325,310	173	167
2249	0,1,3,0,0,0,1,2,1,1	90,109,106,83,94,53,53,68,85,82	1,0,1,2,0,3,1,1,0,0	76,61,67,61,89,83,102,97,54,51	161	272
2250	144,162,161,140,184,77,102,117,148,156	140,115,103,146,125,73,104,93,102,145	176,141,192,138,156,154,183,156,134,97	115,130,135,131,129,100,139,132,112,97	179	172
2251	26,21,32,23,27,29,24,21,27,28	13,27,19,22,22,19,21,30,29,21	23,22,32,25,20,24,29,22,20,37	23,20,19,22,19,12,26,22,22,24	212	168
2252	141,131,158,160,127,109,129,128,133,136	58,68,68,66,75,54,58,55,58,69	125,132,113,131,140,164,155,142,160,162	54,57,61,57,66,71,84,51,85,72	226	177
2253	5,5,7,8,4,3,7,8,3,8	66,77,67,70,64,61,53,70,65,81	3,5,8,2,11,4,11,2,6,6	73,63,61,65,68,69,88,67,76,78	189	189
2254	4,2,7,6,4,3,5,5,1,5	45,50,37,40,39,44,39,43,45,41	2,4,5,3,10,3,8,2,5,4	49,46,38,35,44,45,57,47,55,50	189	189
2255	183,185,219,202,154,155,163,162,164,195	186,213,225,202,186,233,221,188,208,242	189,164,172,184,230,178,187,170,206,173	188,176,232,189,231,217,220,226,239,213	254	262
2256	33,25,23,30,29,14,26,32,14,32	678,711,657,747,659,518,457,605,536,653	18,29,28,36,39,30,32,20,33,22	705,675,573,650,707,671,661,635,721,587	133	1101
2257	54,78,92,74,66,42,42,58,56,44	156,164,164,176,173,87,118,115,105,137	74,66,53,61,72,54,71,65,41,39	179,121,149,137,173,173,168,140,129,94	195	288
2258	153,178,170,185,185,84,129,123,127,138	213,239,252,281,254,141,163,187,218,229	177,134,152,150,212,179,181,165,135,97	255,190,223,239,308,246,283,224,194,142	288	286
2259	182,206,227,224,190,111,133,155,161,190	89,85,91,102,98,43,44,73,69,49	221,140,190,178,251,199,238,169,146,108	72,59,71,84,98,89,107,63,48,39	286	155
2260	8,9,11,12,16,8,6,9,6,10	5,7,6,2,4,3,5,6,4,4	19,11,9,11,14,5,12,12,14,10	3,4,5,5,4,8,9,5,3,4	221	175
2261	35,31,41,36,36,13,17,17,26,23	128,137,183,144,160,28,73,101,95,76	27,25,41,34,58,40,41,27,9,7	163,100,131,105,177,131,142,80,60,28	108	162
2262	219,202,202,269,193,224,177,215,200,203	133,93,146,144,109,151,108,124,128,145	222,208,236,200,241,189,223,207,240,206	131,120,169,138,113,147,126,125,143,143	195	168
2263	294,335,283,325,273,219,247,295,266,304	332,384,373,329,348,245,300,305,292,344	311,249,316,272,318,281,300,239,249,225	374,360,357,377,389,333,374,319,313,282	269	255
2264	54,64,46,42,37,21,47,32,38,53	19,43,35,45,40,23,28,26,28,46	41,35,34,41,51,41,67,40,34,37	33,39,29,23,34,26,26,28,24,17	196	164
2265	204,172,238,217,172,114,183,205,189,192	133,141,164,186,150,119,134,139,140,140	231,189,188,198,227,197,228,170,160,147	170,155,152,151,165,163,176,142,131,113	292	150
2266	133,114,135,140,118,84,110,112,112,107	133,141,164,186,150,119,134,139,140,140	135,115,130,105,138,115,145,101,98,75	170,155,152,151,165,163,176,142,131,113	196	150
2267	979,1004,1053,1135,1018,1182,996,1033,1105,1257	1234,1315,1415,1465,1212,1588,1222,1463,1320,1528	1084,1032,994,1021,1049,1082,1243,1087,1244,1457	1432,1412,1345,1275,1349,1287,1479,1393,1628,1833	175	231
2268	36,35,44,49,52,16,19,21,29,25	3,16,10,30,18,7,7,9,9,7	44,30,29,27,55,33,44,27,32,6	12,13,16,14,22,12,8,11,6,5	248	210
2269	7,11,4,9,7,8,8,13,8,5	287,307,324,339,288,331,262,307,303,329	5,5,5,9,5,5,11,6,7,7	307,264,300,325,298,303,356,306,373,351	98	231
2270	48,55,56,66,48,44,54,61,70,63	26,10,16,17,13,16,17,19,17,15	48,48,52,48,43,50,72,48,74,70	7,14,11,11,12,8,29,12,20,15	208	98
2271	109,111,104,112,102,88,102,124,121,143	26,10,16,17,13,16,17,19,17,15	114,103,77,112,107,122,131,98,113,150	7,14,11,11,12,8,29,12,20,15	208	98
2272	109,111,104,112,102,88,102,124,121,143	48,55,56,66,48,44,54,61,70,63	114,103,77,112,107,122,131,98,113,150	48,48,52,48,43,50,72,48,74,70	208	208
2273	30,57,58,54,48,38,44,54,44,45	65,66,54,82,79,76,76,90,97,77	50,36,48,56,39,47,63,56,54,42	99,92,71,78,83,81,102,78,83,88	136	208
2274	26,28,38,24,17,24,33,20,40,39	88,79,83,78,80,59,67,87,78,103	32,31,24,25,40,33,38,35,29,36	74,79,50,81,79,88,96,69,83,111	126	136
2275	16,19,17,9,18,14,10,7,17,20	3,5,5,9,6,2,2,3,5,4	13,24,6,14,16,14,24,15,6,12	5,8,2,10,2,4,8,2,3,1	216	131
2276	13,23,17,25,20,23,21,19,22,23	48,50,45,40,34,37,41,44,41,58	19,24,18,14,30,24,20,22,27,24	48,38,32,59,35,45,54,41,46,44	248	485
2277	74,64,63,71,77,74,55,56,60,63	59,52,56,55,50,64,40,49,47,62	58,65,62,66,64,47,83,43,67,82	72,35,40,49,44,50,67,31,62,46	200	199
2278	35,52,24,51,41,37,29,51,51,44	50,42,41,43,55,48,26,37,56,60	42,35,32,40,41,34,49,43,51,32	55,42,49,46,44,51,67,41,63,44	192	192
2279	35,53,24,51,41,39,29,51,51,44	15,32,24,17,17,21,18,21,16,22	42,35,32,40,40,34,51,43,51,32	19,15,10,27,25,21,23,20,28,25	192	171
2280	35,53,24,51,41,39,29,51,51,44	45,40,49,27,47,53,31,54,42,32	42,35,32,40,40,34,51,43,51,32	48,34,46,50,40,43,53,48,56,45	192	202
2281	45,32,41,45,47,30,29,28,34,39	45,40,49,27,47,52,31,54,42,32	49,34,38,37,39,36,44,38,53,33	48,34,46,50,41,43,53,48,56,45	192	202
2282	1,0,0,1,2,1,1,2,5,1	0,0,0,1,1,1,0,1,3,6	0,3,0,1,3,1,0,2,3,1	1,3,1,1,1,3,3,0,1,1	168	249
2283	1,0,0,1,2,1,1,2,5,1	1,0,3,1,1,0,2,2,3,7	0,3,0,1,3,1,0,2,3,1	1,2,4,1,3,3,4,2,1,1	168	225
2284	33,27,29,28,37,26,31,24,23,22	31,50,47,55,35,33,46,29,48,57	34,33,19,17,32,26,38,32,23,26	42,37,37,32,48,44,40,22,24,25	210	274
2285	38,36,45,54,27,37,40,32,30,29	25,33,37,42,45,28,45,38,41,46	39,37,37,27,38,36,41,28,36,31	44,48,31,41,39,36,37,35,31,27	249	207
2286	28,42,27,46,28,35,27,32,39,30	66,79,89,81,62,84,59,61,70,76	38,36,46,31,40,36,42,28,34,49	72,80,65,83,46,72,93,87,88,105	136	215
2287	60,78,64,73,57,54,50,70,70,68	46,44,33,48,39,54,40,56,37,61	68,70,61,69,47,79,82,66,69,85	40,61,52,30,42,38,61,55,62,50	215	185
2288	16,21,11,17,19,11,4,16,12,10	24,35,24,36,32,8,19,31,20,24	16,12,9,8,14,15,16,10,7,4	23,20,19,24,52,31,32,24,15,12	157	208
2289	20,36,22,30,27,13,14,22,15,17	6,11,11,7,9,4,8,12,8,6	23,25,24,21,36,21,22,20,14,7	7,13,7,4,10,8,7,2,3,2	208	131
2290	20,36,22,30,27,13,14,22,15,17	7,23,16,18,13,2,9,10,9,5	23,25,24,21,36,21,22,20,14,7	12,7,6,8,17,18,6,7,12,6	208	458
2291	20,36,22,30,27,13,14,22,15,17	25,45,47,40,38,15,28,39,28,29	23,25,24,21,36,21,22,20,14,7	35,22,20,18,43,35,31,21,31,19	208	1004
2292	24,24,32,29,35,19,19,22,17,22	66,76,77,70,54,46,57,54,62,68	23,23,29,29,28,29,31,20,31,32	67,96,55,89,72,62,88,63,56,49	126	135
2293	152,177,215,211,220,178,157,221,195,225	172,189,207,193,189,201,160,156,165,188	237,196,216,190,202,201,239,234,253,205	152,151,145,182,184,189,165,168,239,220	264	186
2294	6,0,5,0,4,6,5,4,1,4	3,3,3,5,0,0,1,3,5,1	7,8,5,1,10,5,3,5,3,2	4,1,4,1,1,5,3,2,2,1	246	156
2295	36,49,27,47,38,40,32,40,47,46	39,36,46,51,40,30,46,49,31,43	41,34,40,47,36,32,65,58,47,35	58,40,34,37,42,43,48,36,49,61	191	219
2296	260,311,374,354,337,297,293,297,313,342	346,339,315,379,312,293,319,309,336,410	338,272,313,301,368,316,364,271,302,284	368,287,305,318,386,321,413,339,303,297	195	200
2297	37,31,46,39,42,28,27,40,29,30	41,49,52,42,38,46,46,31,34,73	52,48,45,37,36,45,47,39,42,53	38,39,42,30,52,31,47,46,44,47	166	192
2298	33,44,28,54,53,23,28,21,38,46	77,93,106,98,83,44,53,79,72,70	39,43,40,34,40,47,35,41,27,18	94,77,74,102,104,80,107,77,59,48	183	189
2299	41,53,34,66,58,26,35,23,44,46	77,93,106,98,83,44,53,79,72,70	47,49,45,37,46,52,48,43,31,26	94,77,74,102,104,80,107,77,59,48	174	189
2300	95,98,78,107,89,108,76,102,90,112	5,7,8,5,4,6,4,6,7,1	100,104,89,127,114,110,116,106,109,128	5,6,6,4,7,3,5,4,4,4	187	132
2301	35,40,45,38,41,38,25,25,35,45	39,34,40,29,33,37,37,30,36,31	42,37,24,40,42,35,28,36,36,45	32,37,51,40,38,38,45,35,47,53	172	231
2302	25,20,25,22,20,9,15,17,17,30	14,18,17,24,31,4,13,25,18,25	35,17,23,21,35,15,27,17,14,11	37,16,19,21,32,23,24,22,16,10	172	168
2303	23,29,29,29,31,9,21,31,20,24	75,90,89,100,80,53,65,72,73,72	30,21,19,23,36,48,32,18,22,13	69,62,91,59,107,99,100,84,60,44	168	429
2304	25,28,26,35,22,37,25,19,28,33	44,42,53,58,44,32,43,53,42,46	23,34,26,25,30,29,27,39,27,22	57,45,37,35,51,37,41,42,43,36	164	140
2305	11,10,9,8,9,13,7,0,9,8	44,42,53,58,44,32,43,53,42,46	5,9,6,13,8,8,6,10,15,8	57,45,37,35,51,37,41,42,43,36	181	140
2306	87,81,101,102,92,67,81,96,86,98	61,70,81,83,67,72,62,78,59,78	94,104,78,77,99,75,75,75,79,95	90,82,59,70,77,60,77,67,71,73	263	191
2307	87,81,101,102,92,67,81,96,86,98	25,22,27,15,22,23,22,18,15,20	94,104,78,77,99,75,75,75,79,95	34,28,18,23,28,21,26,15,24,22	263	178
2308	62,66,62,67,64,55,52,57,64,65	176,180,178,197,154,162,178,143,174,165	80,73,52,58,73,62,78,77,81,68	154,166,147,196,198,183,201,152,190,147	172	172
2309	409,489,420,479,443,441,444,413,456,473	126,132,112,160,133,141,77,132,105,151	499,482,489,419,430,449,514,487,471,448	103,136,112,102,138,124,150,135,138,133	292	139
2310	302,278,296,314,289,265,215,253,306,319	168,168,164,178,144,228,113,145,159,211	251,246,276,299,299,279,334,252,315,327	158,169,154,203,172,144,198,158,199,213	303	194
2311	273,255,279,279,245,272,214,254,280,292	197,252,208,252,229,222,168,222,240,278	254,248,225,258,258,231,285,229,278,286	217,195,210,229,213,212,221,178,240,261	194	200
2312	273,255,279,279,245,272,214,254,280,292	88,100,63,109,77,78,59,95,106,113	254,248,225,258,258,231,285,229,278,286	89,78,75,83,87,93,94,84,92,93	194	227
2313	5,9,7,8,6,5,10,5,6,5	12,8,12,12,11,5,11,6,10,18	10,5,7,8,9,8,10,5,13,1	17,11,16,11,15,7,9,12,7,8	210	222
2314	1110,1195,1183,1248,1138,973,884,1081,995,1238	1309,1501,1451,1631,1464,1265,1126,1355,1286,1596	1204,992,1068,1015,1259,1222,1251,967,1064,966	1541,1413,1395,1344,1520,1482,1569,1298,1527,1303	309	380
2317	33,34,43,41,31,18,23,26,41,39	19,25,27,23,18,14,20,20,20,20	40,28,44,39,52,44,35,43,22,22	15,12,20,20,11,15,22,14,10,8	211	205
2318	55,54,74,72,50,61,67,51,51,54	47,29,40,35,40,50,30,40,38,48	64,55,42,55,57,62,67,58,79,71	49,35,33,31,55,51,34,38,39,29	247	158
2319	64,48,64,80,53,40,41,60,44,46	38,32,51,47,45,18,49,31,31,26	66,66,57,66,63,62,70,61,46,22	41,38,43,47,54,38,58,37,33,13	138	122
2320	67,52,80,97,72,35,58,59,57,54	33,24,30,33,39,22,20,27,12,38	88,52,71,55,81,81,84,78,34,40	28,35,25,29,33,36,38,30,31,9	188	138
2321	183,220,220,244,200,101,120,145,127,160	33,38,35,40,31,18,33,30,18,23	228,167,186,164,206,160,199,223,144,106	39,46,24,39,44,28,36,38,29,9	286	96
2322	53,62,51,65,45,34,24,42,41,45	98,123,104,116,102,62,75,106,74,96	58,39,42,24,75,50,46,38,39,38	133,70,101,98,119,109,127,87,75,66	147	226
2323	82,82,94,85,84,59,48,76,53,77	92,111,95,101,86,51,71,58,69,73	116,56,77,79,89,88,85,82,65,59	75,57,60,96,96,87,96,72,57,50	226	191
2324	11,12,8,9,11,14,9,11,3,11	18,27,20,20,19,24,14,12,18,22	5,8,14,13,17,17,13,9,7,7	19,20,14,19,20,24,34,23,22,36	174	302
2325	12,12,10,7,9,12,8,8,8,12	14,8,5,10,4,5,8,5,1,6	3,10,15,15,9,13,22,4,15,6	7,3,10,13,12,10,10,5,7,6	197	174
2326	17,25,11,14,27,17,17,21,15,16	22,13,17,30,14,22,17,16,19,23	18,13,16,28,24,14,22,19,16,22	10,11,19,31,10,24,24,15,26,13	302	227
2327	110,135,142,125,106,90,120,103,104,116	13,8,13,12,3,7,12,15,11,11	122,107,96,94,156,113,112,88,135,127	15,13,6,10,14,10,15,11,13,21	187	87
2328	64,52,54,52,79,62,57,57,49,64	55,49,56,55,58,44,60,74,60,75	79,64,78,52,65,64,67,58,77,68	69,44,55,63,54,63,64,51,61,61	235	228
2329	28,19,17,24,31,12,21,21,10,29	19,26,26,29,20,29,21,11,21,24	30,16,11,21,33,27,20,22,22,23	30,24,34,25,26,39,42,31,26,29	141	150
2330	22,26,28,29,38,27,24,21,15,30	13,17,15,19,21,11,18,15,18,25	28,14,27,23,19,18,39,20,23,15	26,17,8,28,32,19,21,11,13,24	137	147
2331	16,24,19,19,5,13,12,11,12,23	13,17,15,19,21,13,19,14,18,25	23,15,20,14,19,23,24,14,17,18	26,17,8,27,33,19,21,11,14,24	171	147
2332	17,20,21,25,21,21,16,34,19,23	62,49,45,64,41,46,44,45,53,50	17,26,11,21,31,29,28,18,31,17	55,59,35,50,49,43,53,65,63,60	140	205
2333	0,0,0,0,0,0,0,0,0,0	44,53,68,41,46,41,36,50,45,47	0,0,0,0,0,0,0,1,0,0	57,46,53,43,50,59,44,42,58,37	154	210
2334	23,22,17,22,18,25,29,16,25,18	108,152,136,142,116,153,124,132,113,149	20,20,15,22,18,19,24,18,24,23	140,115,114,113,124,114,165,121,160,115	90	201
2335	2,0,0,1,0,1,1,0,0,1	110,153,137,147,119,157,126,133,111,155	0,2,0,1,0,1,0,0,2,0	140,116,115,116,127,116,167,124,163,116	90	201
2336	29,29,23,29,15,27,19,20,27,26	110,153,137,147,119,157,126,133,111,155	21,25,30,34,16,35,37,34,29,26	140,116,115,116,127,116,167,124,163,116	93	201
2337	29,29,23,29,15,27,19,20,27,26	2,0,0,1,0,1,1,0,0,1	21,25,30,34,16,35,37,34,29,26	0,2,0,1,0,1,0,0,2,0	93	90
2338	29,31,23,29,15,26,20,20,29,26	6,11,3,10,5,13,11,9,5,7	23,25,30,34,17,35,38,34,29,25	10,16,5,5,9,8,5,8,14,9	93	90
2339	0,0,0,0,2,0,0,0,1,0	4,10,3,9,4,11,9,8,2,3	0,0,1,0,1,0,0,0,0,0	10,14,4,3,8,7,2,5,11,9	93	90
2340	53,49,69,64,45,68,53,70,45,54	4,10,3,9,4,11,9,8,2,3	54,63,63,57,60,48,51,45,53,51	10,14,4,3,8,7,2,5,11,9	206	90
2341	53,49,69,64,45,68,53,70,45,54	0,0,0,0,2,0,0,0,1,0	54,63,63,57,60,48,51,45,53,51	0,0,1,0,1,0,0,0,0,0	206	93
2342	53,47,68,60,43,65,52,70,48,52	9,11,11,9,14,15,19,21,17,6	52,63,63,56,58,48,51,45,53,50	14,13,14,16,10,9,8,13,11,21	206	93
2344	10,9,12,8,10,6,14,8,12,11	33,39,39,41,43,35,22,33,40,42	15,13,6,15,9,20,11,8,17,11	35,47,31,44,47,35,36,35,40,32	111	153
2345	148,156,183,165,147,72,101,137,140,132	319,334,357,331,325,192,227,230,221,263	138,128,100,160,165,161,149,116,100,77	284,262,248,318,321,336,350,212,187,149	158	199
2346	703,852,760,813,807,485,628,644,663,657	319,334,357,331,325,192,227,230,221,263	751,707,620,799,871,905,924,563,517,368	285,262,249,317,320,336,350,212,187,149	377	199
2347	703,851,759,813,807,485,627,644,663,657	135,183,184,201,150,98,145,141,168,148	751,707,620,800,872,905,924,563,517,368	147,154,126,163,159,173,171,104,107,75	377	158
2348	283,350,343,349,333,147,223,256,286,239	697,857,787,808,782,456,589,642,674,646	301,279,252,299,363,337,433,252,188,109	711,706,606,815,868,879,882,556,495,359	263	377
2349	372,424,447,436,423,189,280,310,347,297	698,855,787,808,782,456,589,642,674,647	392,356,325,388,427,444,558,321,231,160	712,707,606,815,868,880,884,556,496,359	263	377
2350	80,91,101,94,96,76,68,80,111,123	449,542,497,514,462,371,341,423,446,464	95,90,87,112,134,117,125,90,86,71	406,438,399,443,519,515,517,429,450,401	144	148
2351	41,45,33,36,39,10,9,24,26,23	122,83,94,99,122,28,39,57,79,60	48,34,23,25,44,25,44,17,13,4	113,68,95,79,107,99,129,70,47,25	192	373
2352	82,57,58,62,60,16,32,53,45,43	63,68,47,52,63,21,32,41,39,38	65,63,60,56,63,66,55,35,44,14	65,67,54,36,53,65,74,57,31,29	273	198
2353	60,63,40,46,54,23,24,51,28,30	75,68,77,72,70,39,49,67,57,64	65,37,48,35,43,59,65,31,31,16	79,68,76,77,69,70,79,54,30,27	198	284
2355	31,31,39,32,36,17,18,19,22,20	123,202,184,201,196,113,120,154,152,181	18,31,35,39,45,27,35,28,22,19	135,159,159,186,183,162,215,159,164,117	165	174
2356	224,300,294,266,297,341,245,289,337,319	112,110,95,135,100,136,95,128,96,132	296,324,202,282,310,282,338,279,350,394	99,114,107,115,107,111,126,122,129,175	208	118
2357	3,5,1,5,2,2,2,5,4,2	21,21,21,30,30,13,22,34,19,29	5,3,2,2,3,1,3,6,2,3	19,16,22,17,27,32,26,23,24,22	148	100
2358	181,197,207,219,201,122,152,152,146,168	89,103,100,125,95,74,87,101,105,89	181,161,176,151,184,190,208,157,181,135	100,90,75,97,111,109,98,93,77,78	228	180
2359	17,14,18,18,12,9,6,10,17,9	10,7,10,5,7,8,10,5,5,6	6,11,20,6,15,10,20,13,10,14	8,3,10,10,9,5,14,8,2,4	166	192
2360	123,130,132,147,125,135,106,108,130,141	159,196,182,155,155,155,154,133,160,159	129,97,114,99,124,133,129,87,101,122	165,143,160,132,185,150,182,132,165,153	213	240
2361	12,23,13,24,14,20,22,25,23,23	72,69,58,77,62,75,45,70,81,73	21,9,18,20,19,23,32,27,29,24	68,63,63,57,59,79,64,82,82,76	156	127
2362	6,9,11,11,4,10,11,14,11,10	102,115,129,116,109,113,111,90,104,118	14,4,11,10,14,11,17,22,16,10	121,131,110,133,120,109,133,104,140,115	156	137
2363	6,9,11,11,4,10,11,14,11,10	3,0,0,3,0,0,2,1,1,1	14,4,11,10,14,11,17,22,16,10	1,1,1,0,1,4,2,1,2,0	156	127
2364	2,3,1,2,1,2,0,2,2,3	102,115,129,116,109,113,111,90,104,118	2,0,0,2,0,2,4,6,3,5	121,131,110,133,120,109,133,104,140,115	152	137
2365	43,56,36,34,31,37,51,63,53,40	108,129,131,129,119,123,122,101,116,132	56,40,39,51,39,50,41,41,63,64	128,136,117,143,125,121,148,109,153,129	127	137
2366	5,7,1,6,3,3,8,4,6,4	2,6,3,2,3,3,0,1,1,1	5,3,2,5,2,3,4,2,2,1	2,3,1,2,2,2,2,4,1,1	189	115
2367	209,243,249,260,234,185,148,196,162,208	128,163,147,165,192,114,123,155,134,182	195,179,155,173,227,210,223,170,183,155	153,132,131,127,188,167,150,138,157,93	254	216
2368	125,188,161,179,157,112,126,132,130,176	142,143,167,160,147,120,86,139,134,186	176,119,122,126,177,145,140,147,140,102	137,131,121,164,201,192,184,151,155,120	216	258
2369	5,7,12,14,14,10,11,12,11,11	27,38,36,52,33,36,34,33,40,40	12,12,13,16,13,11,9,12,13,10	34,28,30,37,37,41,32,22,41,31	162	225
2370	16,12,13,22,11,14,18,15,15,18	303,267,315,318,258,309,272,280,309,328	14,22,13,20,21,24,22,12,13,15	302,307,269,292,328,322,310,269,300,335	130	839
2371	93,96,107,133,100,88,86,87,87,93	17,26,25,28,23,22,20,18,21,20	99,95,80,80,105,96,94,71,97,76	24,22,23,24,17,20,24,25,17,23	307	130
2372	112,95,106,118,105,65,68,73,87,119	22,21,19,18,24,12,9,20,14,23	109,84,89,112,106,109,100,89,86,69	24,16,22,9,23,25,21,18,23,20	179	112
2373	83,67,72,68,62,62,52,51,57,85	99,84,95,105,88,74,100,80,86,110	83,67,76,57,78,86,75,61,90,79	94,98,101,86,94,95,86,95,108,101	133	149
2374	2964,3230,3336,3298,2833,3317,2725,2961,3038,3604	2101,2507,2532,2585,2372,2652,2282,2466,2356,2838	3275,3076,2892,3039,3214,3126,3383,3069,3517,3331	2481,2478,2299,2442,2496,2484,2714,2469,2878,2879	194	200
2375	171,162,150,174,157,73,84,111,92,104	72,61,59,81,59,41,44,42,34,33	169,136,117,136,173,156,175,125,121,57	59,40,54,48,58,52,43,36,39,27	161	116
2376	185,194,194,196,175,87,110,141,123,142	66,64,97,80,80,39,33,60,52,75	201,167,170,166,205,177,197,140,119,92	97,70,99,65,57,74,98,47,65,35	170	161
2377	96,96,99,75,89,57,55,61,76,63	196,192,175,206,179,87,101,139,112,123	90,61,63,96,106,98,102,75,72,38	181,160,136,157,207,185,194,150,138,73	192	170
2378	54,64,54,64,43,61,44,53,56,54	13,11,12,12,9,18,8,6,9,21	55,63,53,47,61,62,62,62,66,93	9,18,17,12,21,13,3,15,10,32	263	114
2379	28,34,38,42,26,40,23,31,38,44	38,33,41,35,34,24,35,28,31,44	35,36,35,42,37,37,37,25,39,35	34,28,23,33,33,40,33,37,28,28	199	161
2380	148,180,192,174,184,146,147,167,159,192	162,168,231,218,160,172,147,167,163,178	174,165,174,158,191,162,201,188,189,141	195,157,178,170,166,180,171,153,178,170	284	256
2381	84,86,114,106,93,92,73,89,89,105	165,178,212,178,210,163,158,171,160,203	103,94,104,81,96,108,114,93,100,74	174,164,175,182,197,180,203,176,196,152	192	284
2383	3,2,1,4,3,2,3,1,3,0	20,16,20,29,12,27,26,30,23,30	6,1,2,4,3,1,2,3,3,3	33,23,19,9,26,23,17,14,35,25	192	211
2384	223,245,254,222,222,146,173,212,202,236	617,763,795,767,696,473,536,638,576,677	222,205,206,204,273,261,278,216,212,146	711,707,628,568,793,697,755,584,631,489	262	474
2385	56,52,60,60,52,39,51,41,57,53	0,1,1,1,0,0,0,0,1,0	56,56,51,61,73,62,58,53,35,48	1,2,1,1,0,1,1,2,2,0	176	124
2386	36,39,45,46,34,21,34,29,41,33	31,36,35,48,37,30,26,34,26,40	32,33,34,43,56,48,46,31,23,24	41,35,30,32,43,38,48,38,25,24	176	141
2387	38,39,45,46,34,21,34,29,41,33	11,6,8,7,16,7,14,12,8,15	32,34,34,43,57,48,46,31,22,24	7,10,8,6,10,7,12,7,9,6	176	141
2388	36,39,45,46,34,21,34,29,41,33	99,118,107,117,101,83,60,89,79,100	33,33,34,43,56,48,46,31,22,24	112,104,84,86,113,98,115,102,104,72	176	297
2389	24,13,18,15,23,21,23,14,19,27	60,67,54,85,65,27,60,68,67,73	25,28,20,19,19,15,15,22,15,26	65,56,49,55,86,58,60,49,58,44	141	267
2390	61,75,73,95,75,47,56,72,58,80	103,119,110,118,107,86,66,91,82,107	85,70,47,59,94,72,81,66,54,47	115,109,87,87,115,99,118,102,106,73	267	297
2391	88,98,88,124,97,63,66,75,89,98	27,30,35,42,41,22,30,33,27,40	94,86,86,80,105,87,99,89,106,67	36,43,25,28,43,40,32,21,33,18	297	195
2392	31,28,18,24,25,4,8,15,17,8	43,59,37,42,49,23,15,23,32,37	25,23,8,18,19,24,34,11,14,7	51,26,31,44,30,34,34,34,36,18	207	204
2393	23,26,20,24,19,9,13,7,14,18	30,47,21,38,22,18,18,19,20,20	30,14,13,12,22,19,15,7,12,17	40,21,18,29,23,18,20,17,26,11	125	216
2394	203,187,188,194,219,121,125,189,184,156	123,120,115,126,97,75,86,102,101,99	201,157,155,204,174,188,205,145,143,112	99,97,96,105,124,90,133,89,95,80	288	210
2395	18,28,19,28,26,17,11,14,21,30	60,60,57,63,59,22,50,44,35,52	25,14,20,11,33,43,20,20,18,25	51,68,41,40,52,45,56,34,33,24	204	259
2396	0,2,4,1,4,0,1,1,2,2	24,25,32,30,30,15,19,19,21,28	0,0,0,2,2,2,3,2,2,0	30,30,30,17,29,28,26,21,14,19	202	204
2397	8,15,19,15,11,28,9,14,20,16	34,45,40,37,32,53,27,33,44,48	10,15,15,21,26,15,18,23,17,17	41,51,29,46,56,47,53,42,35,32	102	117
2398	158,185,213,265,168,182,175,187,185,238	201,229,231,259,228,165,182,197,240,209	188,221,196,237,206,217,242,215,199,217	198,189,192,223,248,213,247,229,192,175	157	229
2399	24,23,31,39,41,9,23,15,17,18	47,43,48,52,53,10,29,37,35,22	39,25,34,21,37,32,28,29,21,7	43,41,39,29,51,37,44,23,23,7	132	125
2400	18,16,23,16,27,8,13,20,22,18	53,47,48,42,61,29,31,40,40,42	23,31,22,12,18,12,17,18,13,5	43,37,45,36,67,44,53,30,49,22	155	205
2401	26,34,35,40,25,10,21,25,25,23	31,31,28,32,32,17,25,20,16,25	30,31,30,25,28,34,41,30,29,13	44,34,30,35,40,37,26,29,15,13	152	155
2402	447,541,539,555,464,550,444,512,464,598	524,540,534,593,463,597,511,474,500,593	457,473,520,477,537,480,548,466,546,559	509,524,537,500,518,503,566,472,573,702	212	189
2403	95,93,100,108,87,50,64,70,84,72	115,159,158,146,125,77,65,93,110,100	100,66,71,87,105,72,112,68,70,37	109,133,103,95,139,139,148,79,103,58	301	245
2404	40,44,46,41,34,29,23,28,28,36	31,25,35,20,25,10,30,17,28,17	36,27,20,23,44,26,28,29,26,18	42,30,29,32,36,29,30,36,19,27	200	227
2405	13,14,13,14,15,7,11,11,10,15	58,86,66,81,53,39,52,57,70,68	12,11,10,13,15,18,16,10,16,4	80,57,74,58,72,62,74,45,71,29	162	247
2406	18,34,32,31,28,25,23,38,23,39	59,63,57,51,52,58,52,50,58,61	40,30,33,21,31,25,29,41,39,33	59,50,51,79,59,56,70,67,63,69	230	329
2407	19,32,25,32,30,21,18,20,21,12	14,18,13,25,22,10,15,17,19,17	28,21,13,26,26,12,32,13,18,13	13,16,11,12,16,16,19,6,15,8	280	184
2408	260,272,312,367,321,248,271,261,277,310	198,229,230,232,251,197,200,198,216,262	295,278,285,241,320,274,301,288,265,235	228,226,226,204,245,219,223,218,238,194	281	225
2409	4,12,9,8,4,10,3,8,5,8	5,6,4,5,8,6,5,4,2,3	6,7,12,14,4,10,5,7,14,4	2,0,3,6,3,7,3,5,10,2	168	185
2410	7,11,9,6,12,9,10,14,6,10	91,97,104,103,85,78,89,85,73,87	7,13,4,3,4,6,15,10,14,9	93,77,78,84,78,115,101,83,107,96	108	170
2411	17,20,18,21,11,14,23,12,16,21	78,56,52,63,50,69,51,58,50,59	10,15,17,13,10,20,18,24,22,17	64,66,52,61,48,67,78,70,63,68	126	224
2412	78,86,81,100,75,56,68,68,66,61	46,35,34,36,27,31,27,33,26,33	82,65,64,61,84,63,78,74,87,64	34,20,38,35,57,39,46,41,29,22	213	159
2413	32,37,43,54,39,28,31,36,28,37	80,111,94,116,84,67,79,83,73,91	49,37,34,40,39,52,43,36,25,36	95,87,73,74,96,97,103,74,83,72	153	213
2414	21,19,19,27,15,18,19,12,18,31	54,54,44,66,52,58,36,46,56,59	17,15,19,18,30,23,32,16,17,23	74,41,50,46,70,52,57,43,61,51	175	275
2415	1,0,0,0,0,0,0,0,0,0	1,3,1,2,4,1,0,1,1,0	0,0,0,0,0,0,0,0,0,0	4,2,1,1,0,1,2,6,5,1	99	266
2416	62,82,96,96,73,77,75,74,62,75	353,406,543,473,379,366,370,483,444,456	77,64,95,87,86,55,92,99,87,77	372,410,495,432,403,425,522,613,495,495	233	836
2417	449,436,435,481,423,360,399,434,481,469	626,657,656,651,592,579,567,659,650,697	408,476,432,482,550,516,518,490,416,417	659,644,633,668,621,629,788,676,643,606	285	249
2418	44,72,51,60,64,46,63,67,66,56	1,1,1,0,0,0,0,0,0,0	64,58,60,44,83,54,80,60,57,38	0,0,0,0,0,0,0,0,0,0	84	84
2419	42,55,50,48,42,23,35,28,44,42	174,161,186,161,197,89,134,142,131,170	39,40,57,44,50,74,59,37,33,20	196,152,178,177,232,210,217,151,174,101	189	408
2420	87,92,107,90,72,54,72,69,80,108	259,253,253,290,229,158,182,192,194,208	80,62,72,72,99,80,97,69,68,52	248,197,182,234,263,206,277,219,188,127	180	330
2421	84,75,88,55,50,34,45,53,47,56	74,67,73,73,74,44,47,64,49,73	62,50,43,53,57,63,61,43,47,25	65,56,58,65,89,54,68,62,66,30	231	411
2422	575,646,639,688,578,297,398,501,473,524	56,48,48,27,24,19,28,26,20,23	671,514,476,549,731,558,673,525,478,264	31,30,22,23,28,36,38,24,27,13	739	231
2423	559,636,621,672,569,286,384,482,462,507	54,47,51,32,21,23,27,33,25,18	666,496,459,538,708,551,665,512,468,257	39,29,24,33,45,49,51,29,21,16	739	231
2424	34,24,26,29,22,10,17,34,19,21	529,600,603,623,553,266,372,462,453,498	31,26,29,13,33,32,31,20,17,10	625,459,452,520,675,532,622,490,441,255	140	739
2425	147,155,135,167,145,90,154,142,106,143	26,30,34,40,30,18,26,28,29,35	132,130,157,120,181,145,162,124,122,86	18,25,30,36,43,37,34,31,35,17	284	143
2426	9,22,12,20,13,17,22,18,20,18	12,12,21,13,16,19,8,13,16,11	27,26,24,18,18,25,23,23,24,19	14,10,18,16,11,12,18,4,21,12	188	141
2427	75,79,70,84,78,56,56,81,74,75	113,122,166,154,121,100,101,120,122,128	88,77,57,92,83,69,93,72,93,73	113,111,125,143,151,101,137,110,135,117	197	179
2428	20,28,31,22,23,12,20,26,20,24	22,37,45,36,38,27,24,35,26,42	27,24,25,18,25,14,26,17,20,12	24,41,37,40,43,37,26,36,29,26	171	188
2429	1,0,0,1,0,0,1,1,0,1	151,148,168,133,157,72,70,118,121,116	0,0,1,0,2,0,0,0,2,3	136,143,119,106,106,113,140,114,124,121	226	220
2430	588,659,654,673,586,406,478,558,535,604	214,226,214,224,205,167,163,214,177,227	626,550,579,603,655,642,650,557,576,368	206,230,198,246,226,230,227,213,192,161	236	147
2431	588,659,654,673,586,407,478,557,535,604	256,240,239,299,212,163,195,200,225,232	626,550,579,605,655,642,650,557,576,368	214,207,221,195,265,249,246,208,216,149	236	161
2432	8,12,15,10,7,6,11,3,6,13	137,160,153,177,139,115,117,144,124,145	15,6,5,17,8,5,15,13,4,8	150,151,122,133,153,152,197,152,159,111	123	654
2433	402,481,506,472,437,350,347,418,355,347	566,690,680,624,591,521,428,521,525,519	449,417,398,444,472,463,483,352,363,305	592,566,531,608,669,641,667,519,615,471	210	1937
2434	27,36,38,50,33,22,22,25,19,25	23,32,32,29,35,20,25,29,26,27	19,29,11,15,35,29,24,9,17,16	30,21,18,18,25,35,22,22,13,20	277	261
2436	121,104,108,115,101,64,86,77,91,130	124,138,135,145,141,84,100,109,115,100	130,89,105,125,128,111,110,80,90,85	112,106,117,120,128,86,133,125,100,80	276	333
2437	162,172,148,166,166,93,114,124,145,129	37,36,47,50,40,39,27,34,39,31	136,113,141,165,152,108,187,148,114,104	46,44,47,40,53,39,54,36,35,46	333	229
2438	162,172,148,166,166,93,114,124,145,129	38,41,45,47,36,37,30,39,40,29	136,113,141,165,152,108,187,149,114,104	48,42,43,42,52,35,57,39,34,50	333	229
2439	64,71,67,75,68,63,48,58,62,51	48,60,52,56,47,47,41,59,52,60	76,64,61,63,84,58,77,65,54,66	45,56,34,40,67,59,62,60,44,47	229	150
2440	1,1,1,0,0,2,0,0,0,2	48,60,52,56,47,47,41,59,52,60	0,0,2,0,0,0,0,1,0,0	45,56,34,40,67,59,62,60,44,47	124	150
2441	18,11,11,17,12,17,7,13,15,19	50,64,55,91,59,48,53,61,64,64	16,11,18,20,14,11,18,12,15,14	56,60,62,64,77,76,70,58,61,65	111	170
2442	10,14,10,17,15,18,9,16,13,13	20,17,18,24,19,18,6,18,15,15	13,20,17,15,16,11,11,12,17,8	11,17,12,11,28,16,18,11,18,19	106	147
2443	185,137,171,176,171,188,133,148,165,191	200,186,218,188,205,204,189,180,195,234	207,151,151,144,161,156,193,139,154,189	170,208,182,199,242,234,193,188,212,232	182	248
2444	40,39,42,35,36,31,34,35,40,40	5,15,8,11,5,2,5,13,12,14	35,29,29,48,35,44,38,32,52,47	9,15,5,15,7,5,13,16,10,10	296	143
2445	0,1,1,0,1,0,0,0,0,0	0,0,0,1,0,1,1,0,0,0	0,0,1,2,1,0,2,0,0,0	0,0,0,0,1,0,0,0,2,0	150	128
2446	0,1,1,0,0,0,0,0,1,0	2,1,0,1,1,0,3,1,0,2	2,0,1,0,0,0,0,0,0,1	4,1,0,4,2,1,0,1,1,1	170	150
2447	0,0,0,1,0,0,1,2,0,0	0,1,0,0,1,0,0,0,0,0	0,0,1,1,1,1,0,0,0,0	0,0,1,2,1,0,2,0,0,0	159	170
2448	2,4,5,1,1,0,1,3,2,2	0,1,0,0,1,0,0,0,0,0	2,1,1,5,6,4,4,0,1,3	0,0,1,2,1,0,2,0,0,0	174	170
2449	11,9,22,6,11,9,8,20,11,16	26,21,14,25,23,21,12,21,17,15	7,13,10,26,14,9,9,12,16,19	30,18,13,16,16,23,22,18,16,25	151	149
2450	13,5,3,7,7,14,3,10,12,9	8,4,12,13,11,6,8,11,5,10	8,6,7,4,7,18,10,9,8,15	13,11,8,15,16,9,11,15,9,15	160	151
2451	303,345,323,354,329,187,243,262,261,308	109,152,126,138,145,83,97,103,101,98	347,292,306,317,341,302,305,331,294,224	119,101,117,142,152,115,115,148,112,86	277	164
2452	312,305,302,285,279,205,187,231,228,222	62,73,81,70,86,62,63,64,52,92	269,241,249,293,286,272,285,257,273,240	86,58,71,75,63,77,55,84,97,67	300	169
2453	112,132,135,121,120,95,111,91,114,139	42,55,41,50,33,32,40,31,47,47	107,130,86,137,130,107,172,94,122,106	58,38,32,54,37,65,32,38,45,42	203	130
2454	2,3,3,1,2,1,1,0,1,0	4,2,3,5,3,0,1,3,4,0	2,2,1,3,2,5,0,0,0,0	0,2,2,3,7,3,4,5,1,3	155	147
2455	39,46,26,37,30,42,29,28,42,42	22,29,29,28,17,20,28,22,21,16	43,31,37,34,36,42,44,36,37,56	23,26,26,21,29,11,26,25,30,22	199	174
2456	13,16,13,27,17,16,12,10,14,14	14,21,13,21,16,12,11,16,20,12	9,11,6,11,12,12,19,21,14,14	23,13,17,8,22,10,14,15,13,12	193	182
2457	28,19,34,29,23,10,15,24,26,21	17,14,29,20,20,8,10,8,18,17	48,22,33,33,42,36,22,22,11,9	17,16,30,13,24,15,19,11,6,3	339	146
2458	14,9,9,8,15,2,8,4,7,7	23,21,45,38,17,6,25,32,17,28	10,11,12,8,9,9,11,11,7,3	34,17,44,21,44,37,35,20,15,4	146	219
2460	11,13,5,15,12,12,12,9,9,2	37,40,48,39,48,57,54,38,56,54	3,10,2,9,4,5,13,16,18,14	42,66,41,53,49,44,60,53,65,78	93	193
2461	602,538,689,663,551,480,513,501,546,489	161,148,185,195,112,142,148,151,178,160	662,468,428,470,641,551,590,471,522,311	154,122,134,133,193,134,144,121,138,115	561	219
2462	63,74,75,83,73,59,65,67,49,54	146,152,170,175,133,113,121,145,132,149	79,58,53,74,68,78,70,82,71,50	170,143,147,151,186,160,179,157,162,135	129	216
2463	63,74,75,83,73,59,65,67,49,54	76,80,79,81,70,66,55,64,66,73	79,58,53,74,68,78,70,82,71,50	73,64,71,81,75,79,90,76,80,69	129	314
2464	43,31,45,55,40,34,29,39,29,34	34,25,18,45,20,32,26,36,16,35	57,44,25,32,57,43,58,33,35,41	31,26,29,26,32,31,24,38,34,26	297	250
2465	14,21,26,23,36,27,18,21,17,16	34,25,18,45,20,32,27,35,16,35	27,20,25,19,24,24,28,24,18,16	31,26,29,26,32,31,24,38,34,26	188	250
2466	43,31,45,55,40,34,29,39,28,35	39,47,46,42,24,32,32,41,34,33	57,44,25,32,57,43,58,33,35,41	39,43,36,33,50,48,54,33,50,54	297	233
2467	14,21,26,23,36,27,18,21,17,17	35,34,35,38,38,31,26,39,36,37	27,20,25,19,24,24,28,24,18,16	44,34,28,25,53,45,52,32,39,26	188	297
2468	14,16,11,14,16,14,13,12,11,15	7,8,10,15,8,12,13,10,8,10	11,8,18,9,11,6,20,8,12,18	14,12,8,11,9,10,16,12,26,15	129	258
2469	19,23,13,22,19,22,18,18,18,20	7,8,10,15,8,12,13,10,8,10	19,15,21,14,19,10,29,9,23,22	14,12,8,11,9,10,16,12,26,15	188	258
2470	1,0,1,2,0,0,2,0,1,0	0,2,1,3,1,1,2,5,1,0	0,0,1,2,2,1,2,3,0,0	1,1,0,1,2,3,3,0,0,1	140	176
2474	40,64,30,59,55,65,65,39,40,72	21,28,39,40,40,27,36,20,32,26	39,56,72,61,56,54,64,62,41,73	29,27,23,33,28,33,39,28,35,29	143	135
2475	1,1,0,1,1,2,0,1,0,0	4,6,3,2,2,6,1,1,8,0	0,1,1,0,0,0,1,0,2,1	4,5,5,6,9,6,6,5,8,2	204	204
2476	1,1,0,0,0,0,0,3,1,0	4,6,3,2,2,6,1,1,8,0	2,0,0,0,1,0,1,0,3,1	4,5,5,6,9,6,6,5,8,2	189	204
2477	1,1,0,0,0,0,0,3,1,0	1,1,0,1,1,2,0,1,0,0	2,0,0,0,1,0,1,0,3,1	0,1,1,0,0,0,1,0,2,1	189	204
2478	720,662,660,696,679,479,548,665,557,678	409,495,475,489,496,392,375,436,402,498	754,553,604,533,681,610,715,579,653,451	482,412,394,413,470,437,466,416,506,359	147	120
2479	481,538,601,635,584,412,451,530,464,536	1126,996,1085,1129,1053,841,849,1066,912,1040	682,454,483,509,543,538,671,486,479,367	1224,952,916,977,1007,1055,1257,871,969,721	170	198
2480	140,241,204,218,189,133,131,147,151,161	219,310,333,302,273,173,201,218,217,232	188,168,137,195,197,212,210,183,168,130	269,236,213,269,307,246,273,241,220,180	117	138
2485	34,29,35,35,45,30,28,26,31,37	7,11,6,7,4,9,9,7,10,4	33,31,42,28,37,46,46,34,31,17	3,10,5,8,9,9,6,6,9,4	223	193
2486	27,24,27,28,38,25,26,21,22,25	49,50,58,50,37,33,38,37,28,44	25,27,31,20,30,36,36,27,25,16	47,26,51,38,48,45,54,40,36,17	223	323
2487	2074,2269,2215,2392,2115,2681,2191,2334,2383,2377	1331,1380,1388,1399,1157,1701,1376,1463,1349,1455	2172,2301,2097,2313,2326,2266,2524,2498,2810,3367	1252,1363,1416,1520,1348,1285,1528,1456,1688,2093	181	192
2488	339,324,352,341,337,62,168,205,188,177	118,126,150,132,125,27,76,102,66,70	357,228,261,285,404,293,439,234,138,54	137,99,93,113,154,128,145,85,43,20	183	146
2489	231,324,280,305,303,85,151,204,173,174	409,474,426,477,440,119,231,274,247,258	297,213,271,245,341,278,352,258,143,39	491,312,363,394,448,396,497,316,197,83	162	234
2490	664,884,848,913,741,867,732,760,790,839	975,1268,1164,1313,1078,1462,1108,1073,1120,1342	867,775,761,819,874,822,1036,833,1000,887	1232,1208,1185,1258,1218,1178,1460,1285,1593,1627	236	237
2491	6,6,3,8,4,8,4,3,6,5	153,184,188,189,190,162,165,157,173,168	3,7,3,7,7,8,12,5,3,6	166,186,164,159,182,184,189,173,185,163	134	134
2492	180,199,190,201,197,143,147,149,156,189	0,0,1,0,0,0,0,0,0,0	222,186,216,189,238,160,211,189,179,138	0,0,0,0,0,1,0,0,0,0	144	123
2493	180,199,190,201,197,143,147,149,156,189	264,281,282,308,254,186,204,267,224,213	222,186,216,189,238,160,211,189,179,138	324,217,231,278,268,250,283,218,235,218	144	222
2494	340,378,368,391,309,251,273,282,290,288	53,45,42,49,41,26,31,31,30,39	397,300,305,387,371,326,368,344,300,274	45,39,46,34,45,36,44,27,41,37	222	107
2495	220,233,232,259,201,212,191,222,178,213	33,34,52,51,39,46,36,34,33,52	242,198,204,230,233,213,259,223,236,195	33,42,46,31,52,35,49,40,25,34	165	170
2496	164,168,167,150,163,145,152,125,140,183	42,46,52,74,57,58,47,59,37,44	189,168,140,118,188,142,147,115,150,144	53,43,60,37,55,58,54,37,40,59	231	156
2497	128,107,85,123,116,95,105,109,85,135	168,189,185,219,193,157,197,153,161,220	106,101,92,84,109,111,78,87,129,100	241,170,165,152,219,164,178,156,193,158	177	231
2498	1,3,2,5,3,0,4,0,1,3	5,8,3,5,5,4,6,3,3,3	2,8,3,4,4,1,2,6,9,3	2,6,8,6,5,3,2,5,6,2	238	168
2499	50,62,41,61,45,58,31,49,58,45	81,75,66,78,56,65,64,77,70,92	46,58,58,47,57,52,68,43,60,55	67,64,73,65,73,75,84,69,79,66	143	190
2500	100,90,110,108,84,81,82,83,85,107	93,103,82,97,89,100,98,80,91,94	86,90,94,98,92,108,144,91,107,76	115,77,92,90,107,94,112,93,117,78	189	194
2501	121,133,148,154,118,155,136,153,118,140	122,193,180,183,169,199,171,169,158,195	165,127,131,127,163,145,157,145,181,156	184,185,164,187,185,170,196,165,192,219	176	176
2502	3,1,1,0,2,4,2,1,3,3	8,5,10,6,2,4,4,5,2,2	1,1,4,1,1,1,1,1,0,0	10,6,6,4,7,5,5,3,3,9	231	236
2503	327,327,325,335,290,366,313,343,311,349	8,5,8,6,0,2,5,4,2,2	395,318,330,346,338,337,370,309,412,396	5,5,6,3,5,3,4,3,3,7	237	236
2504	135,105,118,100,100,85,96,83,99,122	156,168,159,168,194,136,111,147,153,198	133,103,106,101,111,95,118,95,119,115	192,165,145,127,160,166,160,155,183,140	169	191
2505	1,0,0,0,0,0,3,2,2,2	0,0,0,0,0,0,1,0,0,0	0,0,0,0,2,1,1,2,0,1	0,0,0,0,0,0,1,0,0,0	132	141
2506	1,0,0,1,2,0,0,0,3,2	0,0,2,0,0,0,0,0,3,3	1,0,0,0,0,0,0,2,0,0	1,0,1,0,1,0,1,1,0,0	126	111
2507	0,1,0,0,0,0,0,1,0,1	0,0,2,0,0,0,0,0,3,3	0,1,0,1,1,0,0,0,0,0	1,1,0,0,1,0,1,1,0,0	126	111
2508	0,0,1,1,1,0,0,0,0,0	0,1,3,1,2,0,0,2,1,3	0,0,1,0,0,0,0,0,0,1	0,1,1,1,1,1,0,0,0,2	102	126
2509	2,1,0,0,0,0,0,0,0,0	0,0,2,1,2,0,0,1,1,3	1,1,0,0,0,6,0,0,0,0	1,0,1,0,0,1,0,0,0,0	111	126
2510	55,63,57,58,33,60,54,58,63,78	1,0,0,0,0,1,0,1,1,0	64,55,55,63,67,55,62,53,62,77	0,0,0,1,0,1,1,1,0,1	174	149
2511	32,14,27,35,25,39,22,23,31,27	53,81,63,89,50,94,60,82,76,76	24,13,28,23,17,31,23,25,31,29	73,90,68,81,83,73,70,73,89,118	146	174
2512	53,64,67,75,68,57,70,64,63,52	199,283,265,262,229,239,215,248,216,244	62,63,59,59,72,68,73,69,60,73	257,232,209,249,249,238,300,227,250,277	108	182
2513	1,5,0,3,4,1,1,1,2,2	0,3,1,1,0,1,0,0,1,1	1,4,1,1,5,2,2,0,3,0	1,1,0,1,1,0,1,0,2,0	226	172
2514	436,446,498,575,539,450,390,476,477,441	630,632,707,624,694,516,511,562,570,623	517,480,532,470,520,475,585,433,513,381	624,562,655,586,651,557,664,508,611,503	228	281
2515	113,79,132,118,123,88,97,89,95,105	136,130,156,140,125,136,130,112,109,152	108,97,89,102,147,100,104,104,117,96	122,116,121,97,161,128,139,111,123,104	142	210
2516	24,16,21,30,33,18,12,25,19,26	17,19,24,24,24,9,12,20,8,14	23,20,19,15,21,19,31,13,25,29	13,19,13,8,15,13,14,13,12,13	192	129
2517	6,12,1,7,11,11,11,9,10,12	18,18,20,22,19,30,20,13,16,21	14,12,11,7,8,3,8,9,14,13	11,21,15,19,19,15,32,28,24,36	131	195
2518	19,30,32,22,25,24,18,20,19,30	20,8,13,12,7,25,11,10,16,22	25,32,17,20,40,22,28,22,27,27	21,15,12,9,19,6,20,12,9,18	313	197
2519	21,30,32,23,27,25,18,22,19,34	20,8,13,12,7,25,11,10,16,21	27,34,18,22,42,24,29,25,29,32	21,15,13,9,18,7,20,12,9,18	313	197
2520	1,2,2,3,3,2,1,5,5,2	28,33,38,39,26,23,23,30,28,30	1,2,1,4,3,0,0,4,0,0	28,32,26,40,39,33,45,43,47,24	217	341
2524	17,11,13,20,20,7,12,13,16,14	22,12,19,19,19,14,12,18,17,16	16,11,13,8,25,11,11,10,9,4	12,27,11,13,17,15,20,8,11,14	154	176
2525	20,24,18,17,17,13,25,15,21,28	1,1,0,2,0,0,0,3,0,3	22,15,20,16,22,16,20,22,29,24	4,1,2,0,0,1,0,2,3,3	241	225
2526	21,32,35,37,20,15,33,35,21,31	123,181,160,169,144,160,146,154,141,157	24,19,25,24,42,36,31,32,37,30	158,155,158,169,169,153,169,117,140,163	235	226
2527	22,33,34,37,20,15,33,36,21,32	97,135,143,140,159,174,142,135,142,168	25,19,25,24,42,36,31,32,37,30	147,125,113,135,151,147,180,127,169,169	235	163
2528	21,32,35,37,20,15,33,35,21,31	31,51,45,42,35,47,31,30,50,38	24,19,25,24,42,36,31,32,37,30	32,44,35,38,49,29,45,35,37,55	235	174
2529	31,51,45,42,35,47,31,30,50,38	123,181,160,169,144,160,146,154,141,157	32,44,35,38,49,29,45,35,37,55	158,155,158,169,169,153,169,117,140,163	174	226
2530	40,65,56,61,42,71,46,41,68,50	97,134,144,140,159,174,142,134,141,168	45,53,54,52,60,42,65,48,51,72	147,125,113,135,150,146,180,127,169,169	174	163
2531	10,16,24,14,21,15,17,18,17,23	20,20,14,11,11,13,12,7,13,12	15,16,16,12,37,21,16,26,19,20	12,14,9,14,12,16,20,18,10,24	141	190
2532	18,22,22,25,13,8,13,11,15,22	36,26,40,33,34,25,16,17,29,19	24,14,16,22,37,41,18,20,20,14	25,18,17,30,26,28,30,24,25,11	231	187
2533	60,69,83,70,74,60,55,68,74,62	42,47,49,40,37,37,39,36,32,24	86,56,66,47,67,62,87,73,79,58	40,46,28,38,41,41,52,32,43,25	168	165
2534	73,62,80,79,64,52,67,69,53,59	93,82,113,91,71,77,67,97,73,85	72,54,68,53,66,75,76,54,61,56	93,90,82,78,101,94,107,98,93,82	165	213
2535	37,51,61,38,50,34,23,45,29,36	53,58,74,77,53,44,60,50,71,60	57,38,59,57,41,53,49,53,39,41	55,57,56,58,62,69,69,61,58,60	121	173
2536	25,13,8,25,19,13,10,16,12,9	29,37,36,43,31,37,32,44,38,36	20,17,18,9,19,9,14,11,9,14	41,34,34,34,43,49,48,34,40,33	147	149
2537	4,16,9,8,3,7,6,4,7,6	29,37,36,43,31,37,31,43,37,36	9,6,4,7,9,6,9,11,6,4	41,34,33,35,43,47,48,34,40,34	147	149
2538	16,19,20,20,17,25,17,35,29,18	130,137,125,153,114,164,107,155,106,137	15,21,15,17,34,30,42,40,19,31	131,117,112,120,122,140,133,103,162,140	154	146
2539	14,26,16,16,23,20,15,24,15,30	48,39,39,42,36,41,26,30,53,34	19,17,26,22,22,19,23,13,20,26	38,37,41,57,43,42,43,31,35,39	154	192
2540	16,14,20,13,17,13,7,14,21,22	14,14,5,7,8,5,10,6,6,15	22,13,13,16,18,12,10,4,9,19	15,11,4,7,9,10,15,5,5,6	231	184
2541	23,30,25,18,26,17,14,26,22,14	68,97,68,63,46,36,46,45,49,43	30,22,31,24,29,22,22,19,25,18	67,68,36,62,83,56,82,57,44,40	206	158
2542	120,107,104,117,121,111,101,128,135,138	85,78,75,78,68,67,69,67,58,79	136,105,121,103,126,119,133,121,141,107	79,63,68,68,68,62,91,61,68,86	251	141
2543	143,118,113,135,138,117,111,157,141,152	85,78,75,78,68,67,69,67,58,79	160,121,130,116,148,141,154,136,165,129	79,63,68,68,68,62,91,61,68,86	570	141
2544	8,12,3,7,7,1,3,3,4,3	87,80,77,80,70,67,69,69,58,80	4,0,6,8,4,4,5,2,13,5	81,66,69,68,69,63,93,63,70,92	130	141
2545	36,41,35,25,37,32,25,27,27,41	86,78,76,78,68,67,70,67,59,79	38,32,29,32,26,34,39,25,29,22	79,63,68,67,69,61,91,61,68,86	130	141
2546	50,56,52,50,39,57,36,59,53,65	144,149,152,169,160,173,137,157,144,174	52,66,37,58,57,47,63,53,68,49	165,122,134,134,165,115,164,153,181,167	141	239
2547	0,1,0,1,1,0,1,0,0,0	4,2,1,2,1,3,1,2,2,1	0,0,0,1,0,1,0,0,0,0	2,2,0,0,0,0,2,2,0,3	135	238
2548	0,1,0,1,2,0,1,0,0,0	1,3,0,2,0,0,1,5,0,0	0,0,0,0,0,1,0,0,0,0	4,3,0,1,2,0,1,0,1,0	135	169
2549	1,0,0,0,0,0,0,2,1,0	0,0,0,0,1,1,1,3,1,0	0,0,0,1,0,0,0,0,1,0	2,0,0,1,0,2,1,1,0,1	138	126
2550	83,82,108,88,80,75,80,79,62,99	140,156,137,160,132,121,118,145,103,146	124,95,91,87,114,107,92,100,113,96	139,114,129,129,175,135,142,133,177,153	141	265
2551	426,453,531,502,436,496,403,408,445,438	816,920,908,912,783,957,788,841,832,895	439,468,513,537,512,471,568,451,447,565	778,871,840,916,840,859,934,855,924,943	188	219
2552	57,77,60,62,44,50,68,59,64,73	709,835,816,846,697,784,683,713,695,745	55,50,62,79,75,81,74,63,67,76	701,801,850,908,803,778,862,725,829,887	123	188
2553	6,9,7,1,7,5,2,7,1,6	11,7,10,5,11,6,6,7,11,6	11,7,3,7,9,3,4,5,8,3	9,6,10,10,4,8,7,4,11,4	235	321
2554	1130,1291,1271,1299,1272,1027,1091,1108,1146,1349	1417,1478,1643,1587,1368,1314,1181,1344,1339,1533	1256,1095,1112,1102,1329,1258,1336,1229,1241,1035	1418,1338,1382,1356,1508,1365,1571,1377,1447,1248	159	186
2555	16,18,23,19,15,22,21,18,22,24	17,15,10,22,16,21,8,20,9,11	11,15,3,8,18,18,12,22,11,30	19,10,10,13,18,12,20,11,18,15	151	151
2556	9,8,13,18,6,7,23,6,13,14	3,3,1,4,2,0,0,1,1,1	14,3,12,9,15,12,16,4,9,5	1,1,3,0,2,0,3,0,0,3	1022	293
2557	9,6,14,19,9,8,24,7,15,14	3,3,1,4,2,0,0,1,1,1	14,3,13,9,16,12,19,4,9,5	1,1,3,0,2,0,3,0,0,3	1068	293
2558	2,0,1,1,1,2,2,3,0,3	8,4,1,11,6,3,7,5,3,1	2,1,1,4,0,1,3,4,0,4	4,1,7,6,6,3,1,10,2,3	87	131
2559	4,2,6,10,8,4,7,3,4,8	4,5,4,3,3,7,1,2,10,7	9,5,4,12,5,12,8,4,11,8	3,4,11,5,6,7,3,5,4,2	220	185
2560	67,68,63,98,62,80,60,66,74,69	112,124,125,133,114,154,116,130,118,132	83,78,57,56,67,65,75,72,91,122	113,123,122,139,120,113,128,118,151,182	174	247
2561	39,49,42,52,43,51,33,48,55,52	86,111,98,144,102,107,89,99,102,99	43,53,38,47,41,47,59,52,49,58	119,108,88,86,116,100,102,108,140,153	141	174
2562	54,67,48,49,60,35,48,44,55,40	46,30,38,29,35,25,25,35,31,39	53,55,54,50,49,48,80,48,46,43	36,35,34,34,44,38,27,29,27,31	136	186
2563	121,130,143,128,138,88,100,100,106,114	77,87,106,113,108,53,87,70,77,90	112,126,109,98,162,127,135,110,108,97	99,73,90,85,100,71,118,108,73,65	298	170
2564	134,145,130,172,142,104,125,108,125,139	9,9,9,5,3,3,4,6,9,6	143,136,113,108,186,112,157,97,145,101	11,7,5,4,4,11,5,11,3,4	175	112
2565	127,123,142,121,105,68,107,96,99,101	29,44,28,24,29,21,17,25,33,21	130,107,102,114,104,132,135,75,80,32	36,32,21,25,37,37,42,27,17,15	183	132
2566	290,345,321,293,316,236,231,268,281,336	5208,6357,6239,6325,5651,4241,4664,5192,5028,5387	319,292,261,345,334,327,359,280,267,199	5867,5446,5179,5808,6380,5998,6695,5488,5560,4501	192	3879
2567	8,8,13,1,5,3,10,8,5,4	8,20,16,12,13,10,9,13,15,17	8,3,6,8,14,3,10,5,13,2	15,10,13,8,16,15,12,7,8,15	150	159
2568	11,9,13,7,11,7,5,8,7,9	33,45,44,47,29,30,32,29,28,39	8,10,8,12,13,6,8,10,11,9	38,42,29,37,39,32,46,41,26,31	102	225
2569	7,6,6,4,3,1,1,6,6,4	9,8,11,12,9,10,8,5,8,3	4,5,6,3,5,2,0,6,6,4	6,6,15,3,9,8,6,8,2,5	159	120
2570	14,19,20,6,20,16,13,7,8,13	9,8,11,12,9,10,8,5,8,3	16,20,12,23,21,10,15,8,15,8	6,6,15,3,9,8,6,8,2,5	159	120
2571	14,19,20,6,20,16,13,7,8,13	7,6,6,4,3,1,1,6,6,4	16,20,12,23,21,10,15,8,15,8	4,5,6,3,5,2,0,6,6,4	159	159
2572	28,36,34,29,40,28,19,22,17,29	10,9,7,8,6,4,2,11,8,7	34,34,17,39,32,30,33,30,27,19	10,9,8,5,8,5,6,11,7,5	159	159
2573	34,29,32,24,32,16,23,25,27,22	0,0,0,1,0,0,0,0,0,0	33,25,23,16,39,33,38,25,21,15	0,0,0,0,0,1,0,0,0,0	135	135
2574	1,6,1,5,4,2,0,4,1,2	25,25,34,17,31,16,16,22,32,15	4,3,5,0,5,4,2,0,3,1	32,22,27,18,34,28,22,19,23,9	179	179
2575	177,193,196,196,204,172,151,173,201,214	233,243,249,245,236,225,228,212,203,293	147,217,165,186,217,194,227,207,178,208	207,214,226,236,270,253,320,248,226,285	176	147
2576	281,310,348,318,281,254,268,289,310,332	477,570,562,570,541,485,433,457,441,530	324,285,247,264,325,243,360,266,335,272	527,489,446,475,588,545,517,465,552,517	225	140
2577	0,0,2,4,1,0,2,2,0,0	1,0,2,3,2,4,1,1,0,3	1,2,0,4,0,0,0,1,3,2	3,0,0,1,1,2,1,1,0,0	240	176
2578	289,293,276,284,238,289,229,274,250,281	371,488,442,428,394,408,387,416,407,445	295,256,295,292,281,278,316,266,293,274	423,385,412,429,459,405,455,390,467,427	195	193
2579	12,11,11,13,16,3,12,10,8,15	120,107,111,110,123,99,77,109,99,100	21,8,12,7,20,20,19,9,15,20	127,111,116,114,127,117,150,113,126,132	180	324
2581	23,10,19,20,12,8,10,15,11,13	31,41,36,42,39,11,36,23,15,17	23,19,18,19,22,22,31,14,10,11	46,22,36,35,43,38,37,28,38,20	209	188
2582	0,0,0,0,0,0,0,0,1,0	2,4,0,1,1,0,0,1,2,1	0,0,0,0,0,0,0,2,0,0	2,2,2,5,1,2,1,1,0,0	138	138
2583	3,4,1,2,1,0,1,2,0,0	0,1,0,0,0,0,0,0,0,0	3,4,1,3,1,2,1,4,0,1	0,0,0,0,0,0,0,0,0,0	138	87
2584	2,1,1,1,1,0,1,1,0,0	0,0,0,0,0,0,0,0,1,0	2,4,0,1,1,2,0,3,0,0	0,0,0,0,0,0,0,0,0,0	138	87
2585	154,200,175,246,190,176,186,173,206,200	303,392,359,426,371,341,337,337,317,353	182,207,190,245,227,200,219,218,208,198	317,347,283,318,351,363,363,329,373,352	134	148
2586	261,248,286,347,285,278,260,272,252,341	297,311,320,318,294,322,280,277,317,360	295,276,284,269,315,281,344,292,288,303	284,323,304,292,338,291,327,270,290,388	148	163
2587	40,38,37,42,43,23,34,23,37,34	136,141,129,141,120,89,102,115,127,120	36,27,24,28,48,37,39,28,33,22	149,136,126,111,133,110,151,120,138,91	135	207
2588	9,5,11,4,9,1,8,8,15,11	24,24,20,27,29,28,33,14,22,24	10,11,8,6,6,6,11,11,7,12	26,11,25,20,22,30,18,21,23,22	146	164
2589	7,5,13,6,5,1,6,6,9,8	11,11,13,13,16,6,14,13,2,5	10,10,13,6,9,2,10,5,5,4	17,14,10,12,12,9,14,11,8,7	171	150
2590	4,7,7,1,5,1,6,5,5,4	309,341,377,342,356,124,209,217,239,241	5,4,7,4,1,7,11,3,3,3	346,292,321,314,399,348,343,236,206,116	150	237
2591	136,155,179,124,158,53,114,114,106,94	92,113,118,117,119,39,59,81,91,89	148,145,139,139,170,146,149,113,89,49	113,89,79,105,150,120,120,84,68,40	237	129
2592	183,211,216,189,200,67,139,141,150,132	92,113,118,118,119,39,59,81,93,90	187,189,196,193,225,193,207,139,117,51	113,89,78,105,150,120,120,84,68,40	237	129
2593	183,211,215,188,200,67,139,141,150,132	192,203,223,208,207,88,132,160,151,136	187,189,196,193,224,193,207,139,118,51	198,154,175,160,249,197,214,147,113,63	237	212
2594	122,130,136,164,135,44,71,77,91,101	61,87,92,93,80,45,65,70,62,49	151,114,126,129,144,145,134,89,86,51	75,72,90,68,80,81,100,61,39,34	129	126
2595	2,6,3,7,4,3,5,10,8,4	61,87,91,92,80,45,65,70,62,49	8,6,10,5,6,6,6,1,6,2	75,72,90,68,79,81,100,61,39,34	129	126
2596	94,109,113,110,128,47,59,73,70,77	228,268,257,269,250,93,154,177,159,171	98,74,117,99,151,119,119,87,63,36	206,205,243,196,245,213,279,188,156,81	126	200
2597	207,269,268,281,248,107,165,182,192,188	271,306,311,345,306,138,201,242,216,209	240,233,218,222,286,223,285,194,149,91	318,211,288,272,375,307,295,233,188,136	200	245
2598	358,392,414,430,403,169,265,265,313,285	156,193,174,196,180,77,117,145,118,114	367,316,352,395,407,332,403,260,237,170	164,157,147,146,172,135,174,163,114,97	231	144
2599	254,238,278,237,179,137,161,159,165,154	302,377,380,382,369,178,267,264,291,286	223,208,198,188,225,219,218,154,137,67	352,321,332,303,400,313,402,271,219,163	144	232
2600	13,12,14,17,14,1,8,7,7,9	156,145,130,143,135,98,82,115,87,138	11,18,7,7,24,11,12,9,5,8	132,107,122,128,158,122,143,114,118,72	175	121
2601	23,23,24,20,25,3,11,11,15,11	304,301,303,335,284,193,203,245,196,267	15,19,13,14,37,20,21,12,13,10	295,284,285,265,298,287,319,259,259,168	175	121
2602	1305,1377,1394,1500,1288,893,1112,1165,1289,1314	1022,1171,1088,1074,1127,895,838,922,911,1028	1205,1268,1203,1309,1442,1344,1553,1302,1356,1192	991,1091,963,1052,1167,1059,1212,1045,1036,1056	236	189
2603	2,2,3,9,1,3,0,3,3,3	21,24,19,29,23,18,9,20,17,12	1,5,3,2,1,10,2,5,2,1	16,22,14,19,18,14,21,20,20,11	171	150
2604	4,2,1,1,1,1,2,0,4,1	33,34,39,44,24,17,22,31,33,24	2,2,1,3,7,6,5,1,1,0	37,32,32,26,37,27,43,27,20,13	164	213
2605	35,27,32,29,27,10,12,26,24,11	395,446,396,480,418,196,298,295,332,323	26,25,27,26,35,32,29,24,16,14	388,355,383,387,465,426,455,329,299,201	102	225
2606	30,22,25,28,15,9,15,13,22,19	39,41,60,58,46,30,47,44,49,43	25,26,14,19,23,25,25,11,22,23	49,53,29,40,36,41,63,38,59,69	216	216
2607	2,0,1,1,0,1,2,1,2,0	39,54,45,35,35,37,31,38,38,21	1,2,1,1,1,1,2,0,1,0	41,33,30,40,45,56,36,35,26,27	179	169
2608	21,25,28,29,18,30,13,30,26,30	230,279,259,292,232,276,223,263,241,303	19,30,21,27,16,24,20,25,33,28	229,276,263,306,267,260,304,267,286,348	150	248
2609	3,4,4,2,2,4,9,4,5,9	10,11,12,7,8,11,10,10,5,5	9,10,2,8,3,8,9,8,9,5	14,9,7,10,15,7,21,13,5,13	156	189
2610	2,0,2,0,0,1,4,1,2,2	10,11,12,7,8,11,10,10,5,5	2,1,0,2,1,2,5,5,3,2	14,9,7,10,15,7,21,13,5,13	154	189
2611	158,158,146,142,123,177,140,226,202,186	0,0,0,0,0,0,0,0,0,0	201,164,153,170,180,189,203,227,187,201	0,1,0,1,0,0,1,0,0,0	151	250
2612	61,90,62,60,55,34,52,42,56,45	26,43,33,36,13,19,21,17,23,27	63,64,38,54,68,68,72,50,39,24	27,12,15,23,37,24,24,20,9,7	196	120
2613	50,69,83,70,62,44,49,61,53,63	35,42,34,38,34,42,23,35,30,31	73,56,60,65,62,54,73,67,68,59	49,44,40,25,28,34,46,36,29,38	196	156
2614	16,8,14,17,10,6,13,10,5,6	67,79,90,90,67,52,50,60,61,63	8,9,11,9,12,13,7,8,12,5	61,61,66,69,71,60,76,68,75,62	177	196
2615	194,298,218,271,232,182,189,184,187,215	122,140,112,132,118,97,94,106,117,114	226,210,169,212,230,205,255,223,203,164	125,97,108,156,125,122,147,108,102,111	252	173
2616	34,25,15,23,36,20,16,38,32,43	196,135,110,97,149,162,120,164,160,171	31,22,15,24,24,38,34,35,29,35	152,117,91,154,140,165,174,151,120,165	159	277
2617	42,14,0,1,27,14,14,23,17,36	196,135,110,97,149,162,120,164,160,171	25,17,0,23,14,32,37,21,14,21	152,117,91,154,140,165,174,151,120,165	156	277
2618	149,194,195,180,175,134,151,200,183,165	1146,1172,1209,1337,1199,918,910,1075,1015,1176	181,135,179,156,218,188,240,163,175,147	1285,1177,1143,1052,1234,1139,1258,1034,1007,938	212	334
2619	1361,1394,1401,1541,1410,1051,1100,1230,1216,1351	303,329,331,360,360,250,267,313,323,330	1466,1313,1353,1240,1456,1326,1496,1221,1174,1084	336,278,337,298,352,303,358,294,317,280	334	168
2620	47,58,52,52,52,56,53,60,56,49	24,18,26,27,18,25,22,31,39,37	76,59,46,62,54,49,64,62,64,54	30,18,40,21,24,33,23,36,36,34	205	179
2621	11,14,16,20,12,8,10,8,13,12	2124,2571,2347,2364,2063,1778,1791,1929,1875,2129	16,5,12,8,15,17,16,17,9,13	2391,1898,2313,2329,2587,2152,2381,2477,2265,1793	205	5602
2622	55,58,56,67,48,36,38,35,43,40	217,230,249,230,266,139,130,191,135,169	65,59,53,72,64,68,57,56,40,20	239,182,186,218,216,212,212,184,170,95	184	346
2623	112,148,139,118,136,54,74,107,108,111	113,124,134,137,145,60,74,65,104,97	135,107,123,118,163,116,134,102,92,64	108,103,118,95,120,112,132,90,81,41	254	242
2624	77,73,83,88,75,68,67,80,73,84	68,105,78,81,81,85,59,70,60,80	102,101,75,86,109,87,70,60,64,50	77,98,75,88,86,92,88,77,78,61	205	204
2625	77,73,83,88,75,68,67,80,73,84	114,134,117,119,125,113,90,108,99,140	102,101,75,86,109,87,70,60,64,50	128,147,117,146,124,125,145,137,125,91	205	210
2626	124,147,124,120,115,146,100,116,138,131	104,134,125,155,104,122,92,104,88,140	129,107,116,112,128,136,148,110,141,149	141,116,121,124,112,124,137,123,128,173	198	176
2627	116,117,130,128,112,139,129,137,152,126	275,324,262,303,277,377,284,306,287,381	134,120,142,127,121,134,137,151,120,173	293,301,322,313,313,316,308,305,381,415	176	298
2628	37,39,31,46,32,39,34,37,32,46	6,12,16,14,10,12,7,11,12,9	36,31,30,28,54,43,38,34,38,33	5,12,7,9,15,9,13,10,14,14	880	237
2629	4,4,3,9,3,6,2,0,2,4	1,2,1,0,3,2,2,1,2,4	6,4,0,2,0,1,4,1,2,2	0,1,0,2,2,0,1,0,3,5	300	213
2630	46,57,54,57,63,56,58,62,47,50	57,56,52,58,43,35,30,41,44,52	58,45,37,57,52,57,51,58,43,56	54,33,45,35,53,62,57,40,44,53	172	145
2631	194,229,213,205,244,131,169,189,187,176	9,5,7,6,5,6,9,5,3,2	177,187,151,211,222,201,198,187,188,153	5,7,4,4,9,4,10,3,1,4	247	247
2633	0,2,2,0,2,1,1,1,2,1	41,52,65,40,48,43,61,55,53,75	4,2,0,2,0,1,0,1,2,0	63,35,55,56,51,59,44,46,63,44	169	221
2634	75,68,97,107,82,74,94,88,94,124	44,63,69,44,56,53,70,68,63,78	82,93,87,113,91,104,91,94,92,95	72,41,59,63,68,75,48,50,84,55	144	171
2635	181,201,185,200,199,107,130,142,136,151	100,98,84,76,68,47,52,49,47,62	160,155,155,180,179,173,203,149,132,101	84,80,57,79,85,75,82,68,66,38	208	164
2636	164,175,178,168,154,81,107,131,121,155	100,98,84,76,68,47,52,49,47,62	146,145,147,173,150,143,158,146,114,93	84,80,57,79,85,75,82,68,66,38	220	164
2637	147,185,146,174,146,91,107,99,129,123	1,1,1,3,1,0,3,2,3,1	134,141,151,168,146,136,161,135,90,81	2,3,0,1,3,0,3,2,0,0	115	118
2638	1,3,1,1,0,0,3,5,1,1	505,575,528,524,529,246,300,385,382,412	3,2,0,0,4,4,3,2,0,1	510,475,421,520,549,494,588,420,340,231	126	300
2639	234,254,270,279,244,269,235,265,256,282	314,374,402,396,352,424,360,396,365,500	283,257,250,327,259,257,261,247,320,324	378,374,329,457,391,358,403,393,494,503	290	314
2640	73,65,65,83,59,72,72,69,64,75	68,70,82,67,63,75,66,52,68,61	58,62,52,77,64,45,66,69,69,104	69,55,64,61,60,75,69,64,91,76	174	120
2641	162,169,142,180,149,182,136,162,177,175	52,70,57,61,62,58,54,55,59,59	161,150,147,168,174,156,177,135,198,201	65,51,52,61,54,40,66,69,58,95	246	174
2642	56,111,87,110,83,117,86,81,77,97	74,111,82,127,82,120,79,81,94,91	95,98,62,122,65,105,102,115,109,154	89,112,65,148,66,87,109,123,144,148	260	228
2643	171,132,156,131,108,58,90,111,100,125	196,227,265,239,231,134,198,186,175,184	119,97,101,121,123,142,139,115,99,74	218,202,214,266,263,251,239,217,182,145	229	285
2644	26,23,19,24,23,7,8,10,16,17	0,0,0,0,0,0,0,0,0,0	16,21,22,11,24,18,28,21,19,14	0,1,0,1,1,0,0,0,0,2	195	147
2645	111,112,126,120,113,73,72,99,98,73	39,30,32,52,20,21,19,30,38,18	91,104,104,90,107,125,116,100,111,76	25,23,27,34,57,35,33,30,32,15	168	123
2646	28,31,26,28,47,8,16,27,25,31	34,27,27,32,43,15,20,27,36,32	22,23,22,28,38,27,42,31,18,14	26,21,31,27,29,36,39,26,33,19	216	209
2647	10,12,12,16,16,6,9,8,6,6	15,17,21,24,24,17,19,14,17,22	15,15,12,7,12,11,6,5,6,8	22,15,19,15,21,17,13,17,27,19	170	218
2648	8,9,3,10,5,2,4,9,4,2	19,25,23,32,29,19,20,16,17,29	7,8,4,5,6,4,2,3,3,6	26,25,24,20,27,23,20,23,35,20	170	250
2649	3,1,2,3,5,3,1,1,5,2	17,11,3,8,7,8,13,10,12,6	6,2,3,3,4,2,1,0,2,1	7,8,12,7,13,10,15,14,11,7	247	160
2650	97,103,112,90,99,15,56,59,72,61	86,97,98,67,100,11,47,40,50,51	101,70,98,85,123,88,104,68,35,36	79,59,69,60,96,68,76,48,33,17	159	180
2652	12,8,6,9,11,7,14,10,4,7	30,22,43,26,24,17,17,32,17,23	6,7,10,5,12,9,11,4,3,0	31,28,18,20,51,29,26,18,21,12	121	152
2653	21,22,30,29,32,17,17,20,19,20	47,50,55,60,45,16,30,38,33,23	28,21,18,25,26,27,24,21,9,12	63,56,39,40,46,49,39,31,29,20	152	220
2654	119,68,38,66,71,122,123,124,113,107	148,122,128,127,116,161,157,171,137,202	122,21,112,101,129,132,125,63,144,110	156,111,170,134,173,153,187,134,209,190	161	245
2655	24,11,4,16,16,33,22,12,20,27	148,122,128,127,116,161,157,171,137,202	22,8,24,16,26,26,19,10,43,25	156,111,170,134,173,153,187,134,209,190	309	245
2656	314,338,291,305,313,196,239,244,280,252	945,988,996,991,786,537,700,779,781,836	378,272,328,262,383,338,335,248,238,160	976,798,961,955,1035,910,916,777,665,540	142	366
2657	158,144,164,177,166,183,140,151,127,167	145,159,167,170,159,161,154,173,119,174	171,160,169,140,170,145,163,125,178,175	160,167,122,154,161,185,158,140,181,162	172	148
2658	157,144,164,177,165,183,140,151,127,168	93,74,102,93,85,132,98,98,89,115	171,159,172,140,170,145,162,125,178,175	128,79,80,72,116,86,74,96,103,116	172	297
2659	157,144,164,177,165,183,140,151,127,168	89,72,97,88,81,128,95,96,82,111	171,159,172,140,170,145,162,125,178,175	122,76,75,69,111,85,71,94,99,112	172	152
2660	40,37,39,39,36,34,43,45,42,42	21,28,23,38,26,23,27,26,26,44	52,43,35,31,43,44,38,46,42,31	27,22,23,31,29,22,41,35,37,37	180	153
2661	7,4,11,4,5,7,4,8,8,10	0,0,1,2,1,4,3,5,2,3	7,7,1,12,6,7,7,6,2,4	1,2,0,4,2,0,1,0,2,3	235	138
2662	23,21,21,9,14,15,17,19,19,22	47,57,38,46,37,28,27,37,36,50	25,8,19,17,27,16,18,30,30,19	53,42,53,50,57,31,43,54,67,52	234	300
2663	78,83,84,110,81,78,60,92,89,97	145,198,206,225,157,173,154,164,163,233	83,88,72,73,105,70,80,76,83,73	175,189,165,187,179,158,227,192,177,185	186	296
2664	5,4,1,3,1,3,2,2,3,1	9,6,7,7,13,2,8,7,6,4	0,0,0,3,0,2,2,0,3,0	9,13,6,8,7,5,10,9,8,12	268	240
2665	105,112,137,100,106,55,85,76,87,69	102,112,112,123,101,72,52,76,83,81	99,84,87,105,123,102,139,85,81,59	113,72,94,115,124,103,117,116,74,84	237	294
2666	288,333,306,301,263,243,213,257,271,294	271,286,301,313,289,279,278,288,253,363	332,257,304,249,293,265,285,259,280,268	323,268,289,278,280,269,313,259,263,329	198	237
2667	168,166,141,169,110,103,113,161,126,130	74,71,75,92,53,42,65,62,55,84	144,123,148,149,130,122,156,124,127,138	87,76,88,71,66,89,64,73,46,76	165	129
2668	374,464,413,430,375,229,276,334,350,301	3,5,3,3,10,4,5,6,9,2	443,366,351,413,372,394,424,350,314,233	3,2,2,6,5,5,2,4,3,3	213	210
2669	37,51,33,45,34,21,20,20,33,45	275,290,279,256,253,169,202,228,247,250	41,38,29,41,30,35,42,36,29,22	319,255,263,290,306,278,317,270,269,201	96	205
2670	7,13,9,8,6,5,3,4,3,1	18,19,18,21,7,8,10,10,9,4	4,10,7,4,16,7,13,8,2,1	15,13,14,14,16,11,9,8,4,2	131	174
2671	2,3,7,3,3,2,3,2,1,2	18,18,18,19,7,8,10,10,9,4	3,1,5,4,3,6,6,1,2,2	15,13,14,13,17,10,9,8,4,2	131	174
2672	31,31,28,28,21,10,12,21,14,15	2,11,12,14,7,1,5,3,4,8	28,22,18,18,28,26,28,16,14,4	11,5,5,7,11,7,14,5,1,2	174	172
2673	13,14,9,17,12,9,8,9,16,7	35,38,32,40,33,25,32,38,31,28	16,11,16,10,14,6,12,9,14,16	38,28,35,32,35,38,32,32,31,38	138	232
2674	19,32,29,49,38,30,28,29,35,36	28,40,28,33,36,20,30,20,7,30	24,25,25,27,29,36,23,26,35,26	30,24,11,26,31,20,28,31,30,41	201	181
2675	58,40,70,67,54,46,60,57,67,76	115,122,118,130,122,161,126,113,121,167	56,57,62,44,55,48,90,55,57,55	112,143,123,122,129,140,173,120,123,184	149	152
2676	0,3,0,2,2,2,1,1,0,0	1,1,4,2,1,1,1,1,2,1	1,3,1,4,1,5,6,2,1,1	1,1,1,4,2,0,1,2,4,3	218	173
2677	0,0,0,0,2,0,0,0,0,0	2,1,4,3,1,1,1,1,3,1	0,0,0,0,0,0,0,0,0,0	3,1,2,4,2,0,1,2,4,2	144	173
2678	7,6,12,18,19,12,10,6,1,12	6,8,4,12,18,6,8,7,9,9	16,17,12,6,8,14,19,10,3,11	8,13,10,7,16,9,5,9,11,7	239	195
2679	144,159,169,184,136,103,75,95,129,133	234,238,250,209,233,153,180,192,186,200	146,121,112,131,161,138,171,100,117,79	222,225,195,220,231,210,249,207,182,150	183	216
2680	85,119,90,103,83,56,80,64,96,73	155,170,170,199,153,116,105,116,129,129	106,78,71,63,85,89,88,62,70,42	151,141,129,132,136,174,186,121,127,89	156	183
2681	72,42,70,70,73,52,78,60,67,63	69,46,75,57,45,35,45,79,61,53	51,58,66,68,56,68,98,81,66,77	63,44,56,54,41,76,59,55,54,55	268	177
2682	456,456,466,460,439,250,377,413,430,451	494,458,464,504,427,308,396,405,448,396	459,428,466,457,546,493,528,432,394,320	507,403,460,451,525,456,507,424,430,295	319	233
2683	240,233,268,231,215,284,205,234,258,306	222,254,297,286,236,321,267,243,239,297	264,238,281,260,263,262,245,253,277,348	256,285,280,264,283,249,316,263,353,348	182	152
2684	15,16,10,17,26,3,15,11,6,13	43,42,57,54,46,35,29,34,35,33	19,17,8,6,14,12,13,11,9,7	58,34,33,46,54,47,39,26,33,14	174	174
2685	39,56,41,39,46,42,33,48,29,36	124,108,124,130,125,126,92,113,113,118	49,33,42,45,47,48,45,60,50,42	140,113,116,175,117,113,125,152,130,146	228	261
2686	57,60,53,56,44,40,46,53,51,38	66,65,68,70,66,24,40,47,32,40	75,54,52,47,74,47,72,62,38,32	51,67,51,53,70,54,62,54,44,26	186	152
2687	33,34,38,38,35,37,42,64,26,53	47,66,56,59,72,75,54,49,49,69	39,39,37,33,45,33,45,36,37,46	49,73,63,40,73,55,70,66,70,69	125	129
2688	0,0,0,0,0,0,0,0,0,0	0,0,0,0,0,0,1,0,0,0	0,0,0,0,0,0,0,1,0,0	0,0,0,0,0,0,0,0,1,0	180	188
2689	32,43,36,43,39,25,18,33,28,44	41,58,54,34,51,24,23,28,39,39	42,38,31,40,34,41,45,27,27,28	37,41,38,57,51,45,46,31,29,15	168	220
2690	32,43,36,43,39,25,18,33,28,44	41,58,51,34,51,24,23,28,38,38	42,38,31,40,34,41,45,27,27,28	37,41,36,56,51,44,45,31,29,15	168	217
2691	32,43,36,43,38,25,18,33,28,43	25,34,34,12,29,13,9,16,23,23	42,38,29,40,32,39,45,27,27,28	22,28,25,40,31,21,23,15,22,5	168	217
2692	45,52,55,29,48,26,22,32,36,39	58,64,77,66,66,43,37,52,47,73	51,47,43,59,57,44,38,31,34,16	64,50,53,61,72,66,53,61,50,57	220	261
2693	82,72,76,76,88,80,72,64,87,86	43,32,48,29,38,59,29,47,43,37	76,101,84,85,84,76,95,81,62,79	41,39,50,30,44,38,37,36,54,60	274	212
2694	9,9,12,17,17,8,10,16,17,16	61,57,48,56,64,56,50,55,65,57	19,17,19,20,15,16,11,13,15,11	52,84,56,60,65,56,73,61,50,56	138	274
2695	9,9,12,18,17,8,10,16,17,16	83,100,77,88,85,88,80,87,99,88	19,17,19,20,15,16,11,13,14,9	87,112,87,85,104,93,116,91,89,92	138	274
2696	75,82,99,85,93,59,76,74,65,81	157,176,179,185,148,110,123,114,151,148	86,64,95,83,96,84,95,76,75,78	151,131,171,170,141,154,170,170,163,106	264	299
2697	67,67,80,71,65,52,53,60,59,66	157,176,179,185,148,110,123,114,151,148	70,56,81,72,88,72,80,65,58,71	151,131,171,170,141,154,170,170,163,106	267	299
2698	96,90,108,90,80,11,42,43,48,46	87,104,89,84,86,16,46,55,39,40	74,58,56,65,114,83,93,36,33,14	85,67,49,62,94,74,91,39,30,15	246	268
2699	260,292,249,275,249,166,251,259,253,278	304,373,337,372,349,232,256,317,302,416	242,236,227,251,343,280,330,247,258,183	319,294,307,340,434,369,363,311,314,276	283	299
2700	11,12,11,13,10,3,5,12,9,5	27,25,26,27,33,24,23,34,14,18	9,7,2,5,18,12,15,9,10,15	21,18,32,23,23,21,16,22,19,22	161	293
2701	78,91,94,76,61,46,63,69,75,69	60,64,72,79,46,67,46,61,59,59	86,75,62,88,96,80,93,80,85,78	56,59,46,56,74,81,62,58,65,47	243	166
2702	0,0,1,1,0,0,0,0,2,0	3,0,0,0,0,0,0,0,0,1	2,2,1,0,2,1,1,0,2,1	0,4,1,2,3,4,1,1,1,1	137	162
2703	49,61,53,64,50,42,47,43,39,45	60,102,61,82,64,58,72,66,76,77	62,58,42,39,42,62,50,63,48,48	85,62,86,81,83,97,92,80,62,69	174	138
2704	66,78,77,80,65,45,66,67,59,53	61,107,67,86,68,59,76,69,82,79	85,79,59,53,49,88,65,79,64,62	87,66,89,84,90,102,97,81,62,71	174	138
2705	10,8,7,9,9,8,3,5,9,4	21,17,16,21,12,13,6,8,18,10	6,10,9,4,10,6,3,8,10,10	13,8,4,15,7,10,14,12,13,11	183	163
2706	57,63,58,68,67,42,53,62,48,61	47,45,44,35,30,36,17,45,27,40	58,49,54,67,61,51,55,56,61,38	27,50,27,38,43,18,37,34,39,22	196	153
2707	142,138,140,152,121,80,87,125,108,134	58,65,81,65,53,47,56,67,47,63	125,108,122,104,127,131,150,147,121,90	68,53,52,62,76,58,68,59,74,42	312	196
2708	13,34,26,18,17,4,7,11,10,22	11,14,12,13,6,4,9,4,4,9	18,10,27,16,21,24,20,10,10,4	15,8,11,14,18,4,8,9,5,4	137	183
2709	14,19,17,20,26,22,14,25,16,29	5,3,8,3,8,7,5,4,6,6	22,33,15,26,23,24,26,19,22,38	5,2,4,11,8,5,4,8,5,11	199	109
2711	52,37,54,51,33,21,42,38,49,46	67,64,67,73,54,47,55,59,66,61	32,34,42,57,36,39,56,40,43,48	78,53,53,50,58,80,75,72,61,43	190	116
2712	199,262,227,271,217,281,197,252,200,265	16,22,16,26,18,19,14,23,20,24	232,233,220,230,274,219,294,255,273,249	28,18,12,9,29,20,18,18,30,21	231	150
2713	202,268,231,277,221,285,198,254,198,266	65,68,48,47,81,69,46,60,61,69	231,232,225,230,276,223,299,260,276,249	69,77,79,72,58,78,73,65,74,77	231	150
2714	71,119,120,127,95,114,85,111,87,138	68,96,83,102,84,85,100,84,98,92	130,113,88,99,124,123,120,118,141,134	85,85,66,76,122,92,90,90,98,91	150	235
2715	136,187,166,172,176,183,130,171,148,207	45,51,48,51,48,57,57,35,52,44	198,190,164,171,182,201,192,183,214,210	44,35,38,38,53,54,41,38,57,37	150	235
2716	61,73,63,75,65,76,69,57,70,68	134,140,166,149,128,143,152,134,132,163	71,51,50,47,81,72,58,56,86,57	151,121,137,139,171,156,148,137,167,177	235	308
2717	6,13,10,8,5,6,4,6,1,8	3,4,10,4,5,10,5,7,6,12	10,4,6,5,3,11,7,15,8,7	6,12,15,6,10,6,14,3,2,1	165	217
2718	0,1,1,0,0,0,0,2,0,0	1,0,0,3,0,0,0,0,0,0	0,0,2,2,0,0,0,1,1,0	0,2,0,0,1,1,0,0,1,0	159	119
2719	42,44,46,51,55,21,28,33,41,43	85,73,96,116,104,49,65,61,76,99	37,43,32,32,42,35,40,31,28,27	82,83,68,74,99,74,87,72,70,87	253	265
2720	95,97,113,107,103,92,88,82,58,107	36,21,20,24,28,20,32,15,30,29	96,71,76,88,88,86,114,91,104,74	27,32,24,25,30,37,36,29,22,28	209	148
2721	47,58,54,75,50,68,57,48,47,66	170,218,217,238,190,247,186,238,223,267	58,60,55,66,60,62,51,40,84,69	214,188,194,238,210,255,234,207,220,279	178	258
2722	192,216,224,234,203,248,183,244,225,278	133,179,184,158,165,204,129,162,150,200	205,195,192,236,214,244,236,200,222,303	167,165,141,150,168,139,199,184,214,204	258	189
2723	3969,4292,4368,4605,4054,3995,3767,3868,4072,4687	3018,2913,3127,3137,2580,3254,2721,2783,2922,3365	3877,4088,4136,4227,4469,4460,4798,4410,4561,4601	2781,2816,3072,3132,3100,2891,3136,2932,3241,3890	224	214
2724	117,87,163,110,139,52,74,69,93,77	496,428,595,539,548,247,375,355,382,400	132,90,84,68,145,115,97,73,49,22	496,412,367,359,588,502,498,358,318,149	377	1161
2725	41,47,33,34,45,38,35,35,38,63	2,2,4,5,0,3,3,5,3,3	30,47,40,56,57,30,64,26,62,34	1,8,0,1,2,4,1,7,0,0	135	126
2726	29,46,38,46,53,20,19,36,36,32	53,68,74,69,95,32,45,49,57,52	41,39,43,26,49,38,41,23,25,15	78,48,78,43,84,58,75,36,49,26	147	147
2727	28,40,58,28,43,33,43,36,32,50	25,24,22,29,17,13,15,8,14,38	48,42,53,34,65,37,31,38,43,29	29,13,19,15,26,22,20,16,30,17	269	169
2728	491,614,532,600,497,658,565,598,637,719	656,758,827,820,674,886,740,751,707,844	593,562,542,560,672,591,731,630,714,756	791,708,748,715,793,654,798,721,762,931	155	161
2729	28,34,23,19,36,27,17,18,23,27	22,20,20,21,13,9,8,13,8,14	27,35,36,26,35,33,33,18,26,14	23,12,8,9,14,13,18,19,10,13	242	155
2730	0,1,0,1,0,1,0,0,1,1	7,6,9,13,6,11,12,12,6,9	0,0,1,0,0,0,1,0,0,0	14,6,10,7,10,16,7,17,14,16	186	362
2731	0,0,1,1,1,3,2,1,1,0	7,6,9,13,6,11,12,12,6,9	2,2,1,2,0,1,1,1,0,1	14,6,10,7,10,16,7,17,14,16	159	362
2732	636,651,742,734,630,551,606,565,643,680	454,589,546,595,502,503,485,418,511,558	666,632,695,683,748,727,795,654,574,514	484,514,505,576,576,539,661,543,512,526	236	145
2733	0,1,0,0,0,0,0,0,0,0	2,0,0,0,1,0,0,1,0,0	0,0,1,0,1,0,0,0,0,0	0,1,0,2,0,1,1,1,1,1	174	163
2734	6,8,3,8,11,18,7,5,13,11	13,12,20,15,16,24,13,16,17,12	8,11,1,10,9,9,4,4,12,10	10,9,3,20,11,8,12,14,17,25	253	357
2735	6,8,3,8,11,18,7,5,13,11	12,9,18,12,13,19,8,14,11,8	8,11,1,10,9,9,4,4,12,10	9,8,1,14,6,7,10,10,15,19	253	346
2737	191,189,208,167,143,179,170,157,168,240	220,272,236,301,216,288,188,279,291,296	162,180,142,159,185,181,211,138,171,129	208,228,241,231,217,265,254,207,198,204	219	228
2738	151,209,242,233,191,175,122,194,187,249	57,47,55,54,55,48,48,55,41,78	207,143,176,200,199,223,214,155,193,154	49,48,41,43,59,44,57,35,32,50	197	143
2739	3,7,4,5,3,0,3,3,1,1	2,0,4,2,3,3,0,8,7,1	0,4,5,3,2,2,4,0,2,3	4,1,3,6,3,2,3,4,2,1	136	165
2740	34,22,28,36,24,21,23,23,27,29	10,7,18,11,8,2,8,7,11,8	38,34,31,20,26,30,35,23,25,9	11,5,8,9,12,8,11,10,6,11	156	132
2741	79,99,82,82,60,72,52,67,81,78	126,99,117,125,113,120,103,120,122,124	88,65,67,75,81,77,72,73,93,79	144,106,105,143,104,112,133,90,115,120	179	206
2742	79,99,82,82,60,72,52,67,81,78	111,91,111,118,103,108,90,104,118,117	88,65,67,75,81,77,72,73,93,79	126,90,100,126,93,104,126,82,105,108	179	181
2743	15,15,12,13,16,11,18,18,22,20	56,75,85,85,71,69,73,82,59,92	14,22,7,5,18,14,15,19,17,15	76,61,64,82,62,75,73,69,95,74	186	207
2744	60,60,56,93,61,50,44,62,45,59	110,122,112,133,111,81,90,126,108,103	51,59,59,65,64,78,65,63,77,65	107,110,107,135,107,95,103,103,101,76	233	272
2745	52,44,48,36,48,34,47,51,41,36	61,69,47,89,70,49,62,81,43,65	55,48,43,40,50,47,51,39,52,37	64,58,45,59,54,71,74,59,71,50	164	233
2746	36,35,35,37,35,26,54,40,38,35	54,69,70,61,59,36,41,45,42,52	36,37,36,39,36,43,34,28,30,15	55,40,45,58,66,54,55,43,52,37	183	145
2747	91,93,87,106,90,55,73,80,77,80	54,69,70,61,59,36,41,45,42,52	77,76,74,86,100,75,108,79,85,56	55,40,46,59,66,54,57,43,52,37	232	145
2748	89,93,86,103,89,58,73,81,76,81	40,65,75,70,37,33,43,48,44,50	77,75,76,83,100,73,109,77,85,56	68,39,55,64,74,51,49,53,38,27	232	219
2749	55,56,45,55,45,26,34,48,34,48	42,65,77,73,38,33,43,48,45,50	55,40,37,44,49,54,55,40,37,33	68,40,55,67,74,53,48,56,38,27	145	219
2750	298,322,317,262,274,110,159,189,215,153	221,246,277,273,228,108,156,159,151,135	262,242,233,253,373,235,328,197,134,78	248,181,184,191,277,269,261,175,135,62	201	183
2751	222,284,265,241,213,72,143,142,133,138	274,311,316,273,295,97,145,204,181,134	223,184,174,222,253,218,268,174,134,61	256,229,216,249,337,247,314,206,147,73	195	201
2752	23,19,23,20,32,13,21,19,15,13	33,30,32,27,29,13,21,28,18,25	19,17,12,8,34,20,21,18,12,11	33,22,22,28,53,21,21,12,23,12	195	196
2753	166,189,205,168,152,80,111,134,146,136	270,198,289,264,304,92,142,205,224,284	191,170,159,167,202,182,192,173,135,118	263,244,260,278,304,314,320,160,140,144	212	188
2754	154,209,212,220,228,121,140,153,156,159	19,21,28,34,38,15,23,18,25,17	170,156,161,168,203,205,258,160,137,107	23,29,20,27,34,17,23,21,15,25	188	107
2755	155,209,212,220,228,121,140,153,155,158	269,327,313,324,296,157,212,222,236,287	170,156,160,168,203,205,258,160,137,107	308,270,244,281,352,322,328,281,227,145	188	248
2756	58,76,75,63,81,40,34,50,58,43	269,329,314,326,296,157,213,222,237,288	72,48,56,63,83,62,86,49,31,44	309,270,245,281,353,320,329,281,227,147	192	248
2757	272,375,334,372,327,205,240,230,259,284	395,482,514,354,320,209,379,331,368,340	336,298,277,314,371,319,355,303,245,171	474,354,466,399,528,597,596,390,370,280	248	631
2758	459,463,486,473,439,393,357,378,368,446	56,62,53,75,48,61,38,64,40,68	414,458,450,454,470,457,493,428,469,385	54,51,48,50,63,74,86,56,50,55	249	150
2759	448,513,489,547,474,463,363,420,442,515	192,215,242,231,229,241,190,223,205,236	471,439,507,498,500,504,537,456,523,571	236,209,226,266,266,245,255,248,253,316	207	149
2760	89,88,97,80,79,51,57,87,55,94	31,30,40,28,37,24,31,30,27,41	92,74,88,77,87,79,92,84,89,56	38,28,39,42,32,35,35,33,41,28	229	136
2761	60,54,78,82,71,29,65,39,58,68	89,117,117,112,127,55,67,80,97,122	80,66,56,51,70,72,59,42,63,44	111,87,81,95,92,109,132,99,81,67	204	196
2762	16,23,20,15,11,12,12,13,14,14	13,11,9,7,9,8,6,5,16,7	19,11,12,17,21,20,25,15,8,9	9,16,18,14,13,5,5,16,13,7	204	108
2763	16,23,20,15,11,12,12,13,15,14	64,53,58,50,61,23,30,46,53,51	19,11,11,17,21,20,25,15,8,9	70,47,71,48,59,54,47,58,45,40	204	108
2764	23,33,30,33,27,13,22,16,23,25	24,22,26,25,30,10,9,15,23,22	31,17,20,27,36,23,41,19,11,15	30,15,27,20,22,23,22,26,19,19	204	108
2765	60,54,78,82,71,29,64,39,58,69	23,33,30,33,27,13,22,16,22,25	80,66,56,50,70,72,59,42,63,44	31,17,21,27,36,23,41,19,11,15	204	204
2766	100,85,110,107,103,43,85,70,88,97	47,47,45,48,43,24,27,29,30,47	120,99,100,78,107,103,84,75,90,66	36,28,31,39,52,39,51,42,23,28	204	204
2767	63,62,65,56,70,62,47,71,61,85	25,25,18,25,21,30,14,15,28,37	60,72,62,66,67,59,70,83,74,54	28,23,12,23,17,21,25,23,22,25	242	112
2768	76,87,83,98,105,80,61,70,61,97	24,24,17,23,19,24,13,13,25,37	81,85,63,77,76,81,73,73,89,89	25,20,12,22,15,19,24,22,17,20	234	112
2769	78,88,84,100,107,86,63,72,65,97	74,90,83,75,80,73,55,79,68,110	84,88,63,79,78,83,75,74,94,94	78,77,79,78,85,74,72,95,97,92	234	242
2770	22,37,26,18,21,26,21,36,27,31	76,90,84,75,83,71,54,83,69,114	28,20,17,29,21,26,32,23,36,29	81,77,81,79,87,75,72,97,98,90	138	242
2771	21,38,26,18,21,29,22,36,27,31	76,90,82,85,114,93,70,78,74,98	28,20,17,29,21,26,32,23,36,32	86,91,68,78,89,81,84,88,96,80	138	234
2772	669,638,796,730,742,275,430,548,523,513	89,104,110,91,127,38,73,83,95,81	652,528,507,599,766,703,792,537,471,241	113,84,70,83,93,99,126,93,56,41	1174	199
2773	211,207,233,235,156,190,189,222,203,216	446,492,486,502,503,462,405,451,456,558	194,194,191,211,252,204,240,181,180,182	457,470,437,462,502,483,534,447,513,524	171	171
2774	140,165,163,130,87,103,138,113,147,161	601,611,621,692,582,649,491,632,582,718	139,126,136,138,182,159,156,145,151,137	688,613,572,574,630,625,653,583,696,649	151	353
2775	552,570,558,579,519,529,465,569,495,598	439,416,410,453,396,416,357,408,391,471	625,540,506,502,567,561,582,495,622,571	441,397,375,390,433,404,422,383,454,410	353	192
2776	552,570,558,579,519,528,464,569,495,598	164,176,207,194,173,235,187,196,166,249	625,540,506,502,567,561,582,496,622,571	194,218,192,199,184,198,229,189,227,218	353	148
2777	392,453,462,489,431,420,376,411,329,532	164,176,207,195,173,235,187,197,165,249	460,424,358,420,445,421,439,417,487,485	194,218,192,199,184,198,229,189,227,218	167	148
2778	392,453,462,489,431,420,376,411,329,532	350,366,373,367,371,432,338,395,348,454	460,424,358,420,445,421,438,417,488,485	426,372,380,353,405,347,385,309,444,449	167	175
2779	230,232,226,290,241,267,203,231,209,273	350,366,373,367,371,432,338,395,348,454	266,223,220,247,236,265,247,231,275,253	426,372,379,353,405,346,386,309,444,449	148	175
2780	4,5,12,9,6,5,9,7,13,8	15,8,12,7,7,5,8,6,18,7	7,6,6,5,8,3,13,9,8,10	16,10,6,9,12,11,9,5,9,6	184	166
2781	20,14,21,28,16,20,15,22,20,23	15,8,12,8,7,5,9,6,18,7	16,32,14,9,14,20,31,21,11,20	16,10,7,9,12,12,9,5,9,5	196	166
2782	2,1,1,1,0,1,3,0,1,1	5,1,0,1,4,2,2,4,3,2	0,1,0,1,3,2,1,2,1,2	3,2,3,1,6,1,3,3,2,4	180	130
2783	90,108,106,113,118,102,77,94,91,80	99,96,107,109,99,92,71,79,72,85	100,103,95,90,104,107,76,99,111,86	112,94,78,103,96,102,116,91,85,88	215	191
2784	8,9,3,9,2,4,5,4,8,4	3564,3714,3809,3803,3493,2653,2920,3171,3224,3769	5,4,6,7,4,7,7,2,5,3	3629,3075,3253,3434,3938,3712,3844,3288,3422,2640	150	194
2785	2050,2406,2539,2427,2135,1749,1973,2006,1877,2408	1319,1518,1426,1584,1395,1236,1259,1377,1311,1585	2391,1983,2070,2287,2502,2514,2418,1986,2169,1789	1426,1384,1350,1422,1497,1466,1560,1311,1562,1282	163	162
2786	1072,1307,1442,1379,1213,1419,1236,1262,1259,1539	3451,3978,3869,3919,3435,4116,3618,3625,3886,4323	1410,1289,1375,1365,1304,1454,1465,1257,1437,1417	3936,3656,3636,3887,4232,4127,4203,3550,4417,4163	186	203
2787	83,101,105,126,77,83,69,76,73,96	10,29,22,21,15,32,22,18,29,25	98,92,75,87,90,74,75,61,79,67	20,16,18,22,22,31,29,28,23,25	372	155
2788	21,23,37,25,29,26,21,31,39,30	12,21,15,26,20,9,31,13,18,22	38,31,30,31,26,20,28,31,23,22	18,14,22,37,12,19,23,18,20,20	298	124
2789	0,0,0,0,0,1,0,0,0,1	17,15,25,16,16,22,22,19,19,23	0,0,0,0,1,0,0,1,1,0	23,23,14,22,25,13,19,22,17,22	133	147
2790	1,3,4,2,4,3,4,2,2,1	12,21,15,26,20,9,31,13,18,23	1,0,2,1,6,1,4,1,3,7	17,14,22,36,12,19,23,18,20,20	147	124
2791	98,150,139,154,122,90,104,109,109,148	36,36,33,42,45,42,29,27,31,32	115,129,99,138,146,112,124,138,129,119	36,40,36,30,40,41,43,26,31,37	270	140
2792	64,78,73,83,68,42,44,55,57,56	85,88,102,95,71,52,67,75,54,66	60,66,63,63,99,65,73,55,54,30	95,68,90,84,102,85,97,64,66,53	210	183
2793	60,41,47,56,53,23,37,49,59,38	105,103,109,115,103,60,66,71,87,95	60,37,47,49,61,41,54,33,38,26	77,100,100,95,130,104,111,89,88,58	186	210
2794	334,351,381,369,362,137,218,291,252,253	471,523,507,498,458,199,303,351,354,311	373,258,304,317,393,348,422,227,192,150	496,391,414,439,479,422,565,350,253,197	227	243
2795	559,535,555,532,505,236,340,420,395,328	9,5,11,7,15,3,8,8,10,4	534,397,442,503,535,526,589,376,322,238	6,5,11,15,18,8,8,6,7,5	156	99
2796	16,3,15,16,16,3,6,7,8,10	452,487,451,447,462,194,268,352,325,282	10,6,14,7,4,12,10,5,8,3	444,334,395,455,458,434,463,307,269,195	99	144
2797	12,20,12,21,17,6,9,13,8,10	149,171,162,193,129,119,125,132,131,132	20,7,8,8,14,11,8,10,10,5	181,138,135,149,164,142,180,102,124,86	165	1203
2798	5,9,2,7,7,8,2,2,2,7	0,0,2,1,1,0,3,3,0,1	7,5,4,6,9,5,7,5,7,11	0,2,1,2,2,0,2,2,1,0	138	97
2799	45,48,51,55,49,24,43,38,35,61	179,167,228,180,195,138,155,152,147,200	52,47,41,51,44,40,55,43,45,41	202,171,177,173,204,160,233,166,174,177	137	290
2800	259,322,349,339,341,275,235,269,262,273	3,3,5,7,4,4,3,9,7,4	281,272,278,271,363,293,310,255,300,272	0,15,4,8,3,7,9,6,9,4	301	114
2801	260,323,355,345,339,279,235,272,265,277	17,21,20,20,33,20,12,23,20,16	286,278,281,272,366,298,315,258,296,275	23,20,23,19,28,16,27,20,16,20	301	114
2802	82,86,71,74,68,39,51,78,75,60	104,117,114,112,139,77,68,120,90,93	83,63,60,78,107,64,93,69,81,57	116,97,95,109,143,119,135,84,121,91	186	223
2803	4,7,5,4,1,6,5,6,2,1	42,64,57,63,44,47,50,47,30,42	5,1,3,4,10,3,10,2,2,0	49,45,52,65,55,56,47,60,50,45	132	224
2805	1,2,4,3,1,2,2,2,2,0	0,0,0,0,0,0,0,0,0,0	3,2,0,1,4,2,3,2,2,2	0,0,0,2,0,0,0,0,0,0	192	228
2806	5,1,8,3,7,3,0,2,4,5	6,5,2,5,6,2,1,3,3,0	2,4,5,4,1,4,6,2,7,0	5,2,2,4,6,6,1,5,8,3	179	204
2807	5,1,7,3,6,3,0,2,2,5	7,4,3,6,5,3,1,2,3,1	2,4,5,4,1,4,7,2,5,0	5,3,3,3,6,7,4,4,7,4	179	204
2808	5,4,4,5,4,4,4,3,1,5	3,1,1,4,3,3,1,1,0,0	5,0,3,3,4,3,1,3,5,8	1,0,1,1,0,2,3,1,3,1	234	179
2809	1,0,0,0,2,0,2,0,1,0	7,6,9,5,6,8,4,8,2,8	0,0,0,0,2,3,2,0,0,1	5,4,7,6,3,3,5,4,5,8	177	234
2810	1,0,0,0,1,0,1,0,0,0	10,7,12,6,7,10,7,5,5,8	1,0,0,2,1,2,1,0,0,0	4,5,7,7,3,4,9,4,6,9	177	234
2811	138,173,152,149,143,143,114,154,145,165	49,55,46,59,54,56,34,53,53,50	142,134,107,147,149,140,146,136,167,153	39,42,44,54,58,55,53,38,51,45	202	132
2812	164,160,212,198,172,145,129,154,155,152	49,55,46,58,54,56,34,54,53,50	172,174,150,205,182,145,208,173,179,163	37,42,44,54,58,55,53,38,51,45	227	132
2813	164,160,212,199,171,145,129,154,155,152	85,115,101,99,101,91,69,95,82,117	174,174,150,205,182,145,208,173,179,163	99,89,78,96,106,80,94,104,109,87	227	202
2814	1550,1752,1768,1882,1538,1189,1135,1391,1411,1653	172,192,189,186,168,179,152,169,178,175	1718,1486,1465,1548,1767,1661,1834,1550,1477,1239	175,178,142,208,189,171,200,159,180,184	2030	227
2815	0,0,0,0,0,0,0,0,0,1	58,67,65,80,61,42,41,46,54,60	0,0,0,0,0,0,0,0,0,0	65,46,57,76,63,57,89,66,73,57	141	184
2817	96,100,98,112,108,83,92,119,116,129	176,224,212,169,178,143,172,197,205,190	109,95,105,98,92,96,117,103,91,84	198,158,172,225,175,194,242,159,196,159	150	282
2818	50,65,67,58,50,26,37,39,50,66	84,100,105,95,85,64,68,76,70,90	70,53,39,53,53,33,49,57,49,43	94,85,71,104,107,82,102,97,98,67	147	238
2819	48,38,49,39,44,17,30,25,15,30	29,33,26,25,25,9,12,17,23,17	43,33,30,39,59,36,38,25,30,22	34,21,22,11,26,18,33,18,19,12	273	222
2820	15,14,25,22,17,10,19,20,16,13	30,37,26,27,25,9,14,20,22,19	20,17,15,29,24,14,20,13,10,8	34,23,22,15,27,20,34,18,17,12	246	222
2821	372,371,448,432,338,240,308,315,310,333	334,319,338,297,288,187,218,282,280,279	395,343,348,400,454,397,428,341,311,263	306,259,258,329,310,290,337,269,248,203	257	222
2822	17,6,9,12,10,6,4,7,8,5	15,12,17,13,17,5,15,9,15,9	11,11,8,10,11,8,12,3,9,4	15,14,25,14,26,13,10,16,9,5	118	128
2823	12,7,10,17,13,15,8,15,6,16	21,25,23,16,21,10,11,15,13,18	18,13,7,13,12,11,11,13,17,24	9,15,16,26,8,14,21,22,23,30	179	191
2824	27,26,33,33,44,16,9,35,20,21	31,27,44,24,27,17,12,32,28,31	30,26,22,22,23,31,35,24,26,11	33,26,27,24,19,28,31,20,24,14	181	204
2825	2,2,1,3,1,5,1,4,1,2	33,60,50,44,30,46,39,48,39,42	4,2,1,2,3,1,3,0,6,5	39,30,30,40,48,45,61,49,57,49	134	194
2826	108,130,98,144,152,138,124,123,150,151	192,185,166,224,169,216,178,167,184,233	150,157,109,154,145,134,142,160,158,165	211,202,200,197,181,185,207,203,179,248	172	212
2827	1,0,0,1,0,2,1,0,2,0	3,5,6,3,6,1,7,2,2,5	3,0,0,4,1,1,0,0,0,1	7,5,9,5,8,2,5,4,6,3	232	155
2828	41,45,48,55,39,24,26,42,32,40	82,70,71,73,69,56,66,58,54,76	42,40,37,46,46,40,65,37,30,29	71,76,77,65,60,75,67,63,64,57	214	261
2829	36,46,43,37,40,44,43,39,40,45	38,41,35,63,35,43,40,31,42,46	36,38,36,55,32,39,50,29,53,50	48,56,42,37,39,33,54,38,53,62	240	141
2830	13,15,26,24,29,22,17,20,15,23	46,47,45,81,42,56,45,38,54,60	10,22,21,18,11,10,22,19,13,25	59,71,59,44,44,47,64,52,71,78	117	141
2831	13,15,25,25,28,22,17,20,14,24	40,51,43,37,45,53,56,44,44,44	10,22,20,18,11,10,23,19,14,25	39,37,39,62,34,55,64,41,64,61	117	240
2832	26,26,23,23,26,23,28,35,18,31	104,129,128,137,109,108,105,118,105,111	37,24,21,23,30,35,33,26,40,23	140,110,110,109,130,119,115,102,97,99	131	188
2833	7,6,10,10,7,2,7,3,6,11	2,7,7,2,4,4,1,2,2,3	5,6,4,12,9,12,8,3,6,5	8,2,2,1,4,5,2,2,2,6	244	187
2834	7,6,10,10,7,2,7,3,6,11	1,3,3,2,1,0,1,1,0,0	5,6,4,12,9,12,8,3,6,5	3,1,1,0,0,1,2,2,0,0	244	162
2835	21,14,14,17,11,19,8,16,16,24	38,36,46,29,23,44,26,34,26,49	24,10,16,10,9,5,19,8,9,24	28,34,26,30,33,28,37,24,32,33	170	220
2836	20,14,14,17,10,19,8,16,15,23	38,36,46,29,23,44,26,34,26,49	24,10,16,10,7,5,19,8,9,24	28,34,26,30,33,28,37,24,32,33	165	220
2837	960,1085,1168,1242,1081,1256,996,1076,1062,1322	734,908,800,905,794,1038,749,845,848,985	1086,1092,1178,1108,1156,1198,1209,1062,1354,1332	829,840,856,858,859,861,957,930,1053,1131	170	163
2839	13,23,21,16,13,18,15,11,13,13	2,5,1,9,6,2,4,7,4,8	15,15,7,23,20,15,25,17,20,7	6,3,0,1,3,4,4,1,5,5	108	194
2841	4,5,13,14,5,5,1,5,5,3	1,0,1,0,1,0,0,0,2,0	3,9,4,7,5,2,5,3,1,2	0,0,0,1,1,0,0,1,0,0	125	136
2842	4,2,5,5,3,3,3,5,6,4	3,2,5,0,3,0,0,1,3,6	5,3,5,2,2,10,3,4,3,4	3,1,4,1,2,8,0,0,8,1	387	153
2843	73,67,73,79,63,60,55,55,55,76	196,210,201,212,170,191,155,176,194,217	57,77,58,51,66,58,74,69,63,66	190,208,207,175,205,185,237,158,220,243	135	160
2844	73,67,73,79,63,60,55,56,56,77	168,175,200,243,164,189,182,203,196,220	58,77,60,52,66,58,75,69,63,66	190,196,210,204,209,176,221,151,211,214	135	212
2845	2,1,4,1,2,1,2,3,2,5	168,175,200,243,164,189,182,203,196,220	1,0,8,2,2,0,1,0,0,0	190,196,210,204,209,176,221,151,211,214	160	212
2846	73,67,73,79,63,60,55,56,56,77	2,7,2,5,4,3,3,0,6,2	58,77,60,52,66,58,75,69,63,66	2,3,5,7,5,7,3,0,3,6	135	145
2847	2,1,4,1,2,1,2,3,2,5	2,7,2,5,4,3,3,0,6,2	1,0,8,2,2,0,1,0,0,0	2,3,5,7,5,7,3,0,3,6	160	145
2848	135,118,144,136,102,99,111,101,142,120	101,123,128,133,121,127,114,106,103,147	119,109,102,136,113,96,135,92,134,159	117,116,104,114,126,98,139,108,129,135	145	135
2849	36,43,32,45,37,46,33,60,43,35	62,71,67,82,61,72,56,65,61,90	36,29,23,30,42,37,36,46,36,49	76,48,76,65,73,60,69,54,79,75	125	174
2850	36,43,32,45,37,46,33,60,43,35	11,13,12,13,12,12,10,7,6,13	36,29,23,30,42,37,36,46,36,49	12,12,9,8,16,11,11,12,17,17	125	267
2851	21,24,18,11,20,26,9,38,20,32	33,20,30,34,24,54,35,30,36,34	22,18,19,16,14,8,29,22,30,24	28,26,41,23,27,25,21,34,33,39	184	126
2852	12,24,15,15,14,16,9,13,11,16	38,60,60,57,33,39,30,49,44,45	14,14,16,19,23,23,12,9,20,12	51,50,43,43,41,54,34,53,47,57	120	171
2853	20,20,26,26,15,9,10,13,20,23	25,51,49,58,39,27,35,31,32,48	24,12,20,14,24,17,21,26,24,21	54,31,38,41,47,37,46,30,32,28	171	144
2854	1,0,2,0,3,0,1,1,2,0	38,46,51,41,29,58,44,34,31,45	0,2,0,1,0,0,0,2,3,0	39,29,39,37,45,33,48,49,52,55	147	156
2855	3,1,0,0,1,3,0,2,3,1	4,4,3,5,1,5,2,8,1,3	0,1,1,1,5,3,2,3,0,4	1,5,4,7,3,8,0,5,2,9	169	240
2856	704,779,783,793,728,659,712,694,736,828	972,1076,1068,1146,1004,1053,919,1008,963,1253	713,727,645,769,794,734,744,679,732,726	1044,1056,1018,1023,1047,994,1222,1007,1136,1031	165	195
2857	140,140,130,139,110,129,104,143,113,129	204,285,244,239,180,267,191,269,232,220	117,148,106,146,121,139,177,144,167,115	222,206,226,262,246,223,262,186,258,196	146	183
2858	328,315,320,348,301,400,317,353,353,369	97,116,86,103,124,147,117,109,137,144	331,330,315,330,391,285,399,326,388,438	102,127,110,112,142,97,141,111,123,165	188	122
2859	88,132,75,79,87,60,66,77,66,82	46,59,58,42,45,35,32,51,37,56	82,83,83,82,90,78,86,84,87,71	40,52,48,56,51,61,60,32,43,40	327	213
2860	101,154,150,142,128,132,139,128,115,142	343,380,392,410,328,324,320,376,351,377	129,133,126,148,156,112,141,137,164,122	382,340,338,336,434,372,409,359,415,356	211	432
2861	1,0,4,5,3,1,1,0,1,0	0,0,0,0,0,1,0,0,0,0	1,1,0,1,0,0,2,2,0,1	0,0,0,0,0,0,0,1,0,0	213	135
2862	83,85,89,72,58,71,98,67,98,103	47,52,49,51,38,63,59,71,46,63	73,72,78,82,102,89,95,73,78,120	60,42,66,55,53,43,40,59,73,45	281	153
2863	46,56,57,49,32,61,43,47,46,54	50,44,40,63,32,39,40,50,46,43	46,34,58,43,57,36,58,54,38,38	53,34,36,44,60,45,52,47,43,45	174	153
2864	0,1,0,0,2,1,0,0,1,1	5,13,5,4,5,4,7,7,1,8	1,4,0,1,3,7,2,1,0,2	11,7,5,3,6,5,7,6,2,5	192	351
2865	50,43,58,45,49,54,48,64,43,63	193,263,236,269,213,259,229,219,211,225	73,50,39,30,60,50,54,62,50,71	253,249,264,254,233,207,281,238,290,308	156	141
2866	48,49,34,43,35,16,28,48,30,39	192,210,229,224,222,163,156,197,207,208	36,52,40,35,47,36,37,39,19,31	249,198,213,246,198,227,240,227,215,204	161	161
2867	4,0,2,4,2,0,4,6,3,0	3,0,2,2,2,2,3,1,1,0	4,1,3,1,3,1,5,4,5,4	2,2,1,1,2,0,0,1,0,0	133	146
2868	190,211,191,179,207,112,107,144,106,137	312,374,286,325,306,214,229,250,230,256	166,159,132,187,203,168,158,147,164,117	332,301,275,338,321,303,299,355,328,234	207	273
2869	15,12,14,15,10,18,7,11,13,14	10,5,11,6,7,5,1,12,9,6	12,7,15,16,14,12,14,16,7,18	9,11,5,9,12,12,7,8,7,10	226	209
2870	141,148,165,142,145,112,129,117,142,157	345,343,351,365,290,248,301,267,273,336	174,134,129,141,183,164,151,138,127,107	307,284,265,320,333,347,360,304,323,269	176	265
2871	1,1,2,3,1,1,0,0,2,1	3,6,4,6,3,2,0,3,5,2	1,1,2,1,3,0,0,0,1,1	2,6,1,5,4,2,5,1,2,1	111	141
2872	2,5,9,7,6,2,3,5,6,1	1,6,2,2,3,2,0,3,4,2	1,8,7,4,4,5,8,5,4,4	0,4,1,4,3,0,3,0,1,1	164	141
2873	8,3,7,12,6,3,6,5,4,4	2,0,3,6,1,0,0,1,1,1	8,9,7,5,11,12,6,11,5,1	3,2,0,1,1,2,2,1,1,0	256	164
2874	66,63,53,58,53,60,67,47,65,46	15,6,18,12,9,10,9,9,14,12	74,59,51,56,73,70,83,63,63,73	7,10,24,17,7,12,18,12,11,11	177	193
2875	62,55,59,60,49,56,54,48,48,64	74,54,49,67,59,63,58,67,77,67	45,63,68,53,59,67,69,61,53,52	66,58,64,60,72,61,62,65,61,66	193	129
2876	8,3,3,4,7,0,2,5,5,5	1,2,1,4,2,1,1,8,1,4	3,5,9,6,5,4,5,3,3,2	4,1,5,5,1,4,3,0,3,3	270	145
2877	33,52,56,61,49,50,46,42,43,42	3,9,4,5,4,4,10,3,7,6	53,41,32,33,60,38,40,29,39,40	9,8,3,2,4,6,1,6,2,5	536	144
2878	30,35,27,32,32,18,22,24,17,27	25,13,17,17,15,7,14,8,16,9	32,47,26,22,54,38,26,25,34,19	23,14,19,17,13,13,14,17,14,14	162	129
2879	28,32,23,32,27,17,21,21,14,24	25,28,35,39,43,21,39,29,26,37	29,41,27,21,50,34,25,24,33,19	45,32,30,33,49,39,29,32,34,29	162	156
2880	19,12,14,15,14,5,13,13,10,15	27,31,39,38,44,21,39,30,29,39	15,9,9,16,11,19,13,14,16,7	45,32,27,33,53,41,30,33,33,29	129	156
2881	59,93,102,83,87,53,70,72,56,95	48,49,58,46,57,37,40,52,44,51	97,63,68,60,70,85,80,82,63,43	56,36,43,48,67,42,57,58,49,39	221	199
2882	267,257,279,295,243,308,276,294,309,322	8,5,10,19,7,11,13,8,12,17	308,291,286,241,263,273,335,264,300,321	8,13,11,22,7,5,15,7,12,15	228	88
2883	28,32,31,39,25,41,31,36,25,38	22,17,26,26,31,23,14,22,24,22	22,29,40,25,38,37,38,26,40,25	22,27,20,11,8,14,26,13,27,28	88	103
2884	33,45,52,56,43,58,36,44,44,59	319,338,401,417,325,433,370,397,366,508	44,42,54,54,47,39,51,47,55,43	402,379,372,303,345,411,443,338,434,461	103	247
2885	314,398,389,438,384,219,300,286,301,349	507,521,572,633,578,378,410,410,488,501	367,352,318,332,376,352,443,333,293,230	587,528,485,509,573,538,573,480,445,379	150	170
2886	59,75,57,72,53,39,69,61,51,49	159,164,169,168,151,89,121,139,138,174	71,67,65,50,74,64,94,58,48,34	170,164,135,166,177,160,177,160,163,130	227	187
2887	95,115,117,94,115,37,61,80,56,88	149,158,187,179,162,78,102,130,113,127	88,88,70,91,106,99,110,88,67,43	153,145,136,149,176,179,182,151,98,75	235	207
2888	24,20,28,18,21,8,19,11,21,21	9,10,4,6,9,4,5,8,5,10	14,19,15,16,23,23,21,21,11,15	5,6,10,7,8,7,7,8,5,2	226	102
2889	75,86,101,84,87,67,78,82,74,78	0,1,2,0,1,1,0,0,1,0	84,80,72,95,88,91,94,80,68,72	1,0,0,0,1,1,3,0,1,0	158	158
2890	64,51,62,57,51,61,49,47,36,42	53,64,79,76,63,70,60,64,73,55	49,47,32,53,46,34,51,50,51,55	47,67,53,71,70,59,66,54,71,86	192	198
2891	160,169,176,191,161,172,138,165,135,174	263,257,287,290,243,243,245,253,235,262	183,158,184,198,163,156,168,163,190,241	241,221,268,314,274,266,274,261,276,390	255	309
2892	25,30,32,34,35,35,26,24,23,37	263,257,287,290,243,243,245,253,235,262	39,25,23,37,24,19,30,26,23,41	241,221,268,314,274,266,274,261,276,390	165	309
2893	89,99,107,112,94,115,97,109,97,98	252,324,319,317,233,307,255,261,213,340	97,98,105,95,101,79,112,87,119,125	278,283,273,310,317,247,293,287,308,347	239	240
2894	29,20,29,28,21,16,27,15,21,24	22,19,24,27,23,10,15,22,17,23	26,26,13,18,24,17,20,22,19,25	31,21,20,15,29,15,17,22,21,20	189	174
2895	26,16,12,23,15,26,22,24,21,28	59,54,66,72,51,64,59,35,42,55	21,19,22,26,15,19,19,26,19,17	70,49,62,57,53,72,63,60,59,68	160	239
2896	93,104,82,112,111,81,77,94,82,78	76,81,91,80,84,49,70,88,72,69	97,94,78,88,112,106,104,107,83,82	78,72,85,70,90,87,90,77,84,63	245	162
2897	3,4,10,5,5,7,2,7,1,8	7,10,6,8,4,4,6,10,5,10	2,1,2,5,5,8,4,9,4,8	2,4,8,8,4,4,8,4,10,4	209	221
2898	6,3,3,8,5,3,4,6,4,9	1,4,4,6,8,3,4,1,3,5	1,7,4,3,3,6,10,8,6,5	3,4,6,4,4,3,3,5,7,6	301	185
2899	43,45,32,49,46,44,32,38,37,26	37,46,39,41,50,30,34,41,27,34	45,34,35,38,25,43,44,26,43,35	28,38,38,44,45,32,40,28,47,35	270	232
2900	18,14,13,19,17,20,19,10,21,23	11,23,20,15,16,17,24,13,19,24	13,21,32,17,33,30,23,13,21,16	17,11,18,16,23,18,16,17,14,13	150	189
2901	13,16,20,20,20,15,24,14,23,23	6,4,10,10,4,10,7,6,3,6	25,14,25,13,24,20,18,16,26,23	11,13,5,11,13,7,10,7,11,12	189	114
2902	35,44,48,40,36,46,28,49,42,58	9,11,13,3,9,13,6,6,7,13	43,41,53,44,38,47,53,44,52,64	18,18,11,2,15,4,12,10,13,20	135	114
2903	162,174,147,137,128,201,157,166,171,185	114,90,89,112,95,118,107,88,110,125	156,145,134,146,161,165,187,137,185,211	109,90,99,94,111,94,130,109,126,130	165	146
2904	23,23,15,20,18,19,23,18,24,26	111,137,134,129,117,107,96,76,93,111	19,18,16,18,40,21,25,16,22,17	98,120,87,115,113,89,121,117,93,104	218	238
2905	145,154,180,183,138,156,136,143,158,172	317,352,439,434,326,456,348,404,360,465	173,181,155,150,180,168,162,116,166,207	396,372,357,357,335,345,380,361,429,506	183	253
2906	46,40,54,51,37,40,42,50,68,39	152,183,168,169,181,164,139,160,163,148	50,43,38,45,50,55,64,73,55,52	184,171,158,163,157,153,178,221,185,228	183	218
2907	2,3,0,2,0,1,0,1,1,5	154,226,193,202,169,178,132,184,200,215	1,0,0,0,3,2,2,0,0,2	172,187,165,186,148,178,229,219,183,206	151	210
2908	154,204,172,175,158,142,108,159,183,179	153,184,168,169,181,165,139,160,164,150	147,158,149,190,145,133,212,182,164,157	184,171,158,163,157,154,179,221,185,228	210	218
2909	36,43,44,38,41,41,32,33,38,50	47,59,57,49,48,54,47,45,51,67	49,31,23,35,52,39,27,24,34,42	51,40,39,46,57,48,61,41,50,64	973	252
2910	18,29,21,26,16,16,17,17,16,12	20,24,28,34,18,13,15,17,14,23	20,20,23,25,30,23,33,21,19,9	34,26,21,23,25,22,29,21,14,10	84	96
2911	198,207,151,154,155,60,94,118,109,121	9,16,15,21,19,7,8,13,11,12	184,143,124,168,176,130,194,145,99,78	24,26,12,17,17,12,19,17,9,9	187	96
2912	188,227,225,198,181,170,145,173,151,210	71,88,89,94,63,95,69,97,72,109	224,187,184,191,209,218,193,171,168,188	90,81,62,83,81,61,90,90,87,67	222	145
2913	29,23,49,47,49,47,35,36,35,60	219,261,260,265,265,270,258,250,231,356	36,35,45,44,44,41,50,37,48,46	344,256,236,233,305,268,293,207,270,257	163	171
2914	233,260,267,238,190,200,219,201,238,234	2745,2964,3125,3065,2588,3180,2457,2802,2794,3094	251,186,227,237,289,262,250,243,248,224	2976,2745,2689,2855,3012,2996,3117,2595,3026,3133	258	1335
2915	2833,3098,3296,3261,2695,3257,2596,2929,2928,3279	72,66,61,75,60,84,72,79,78,77	3163,2869,2806,2953,3181,3100,3266,2752,3162,3229	70,61,72,89,94,70,83,61,70,85	1335	150
2916	30,36,42,34,50,42,37,51,45,40	51,38,31,47,34,42,37,41,27,44	51,45,35,47,35,47,41,43,42,25	42,48,26,41,44,38,39,36,42,38	170	141
2917	288,319,323,268,313,328,281,273,306,305	484,516,442,492,435,498,413,445,460,502	347,288,273,291,289,288,304,303,313,301	461,518,432,420,435,462,556,421,448,479	343	269
2918	4656,4964,5064,5084,4908,2478,3162,3840,3630,3847	236,239,224,267,258,193,199,209,189,237	4897,4066,4204,4196,5296,4763,5493,3939,3111,1949	244,207,229,237,248,227,303,242,224,192	3947	220
2919	224,245,220,251,208,156,163,162,205,197	89,78,121,120,118,103,96,100,77,137	217,203,206,222,218,227,241,191,208,183	93,100,111,91,127,99,116,90,121,105	225	183
2920	251,316,279,339,288,293,204,263,247,305	508,452,425,546,486,458,423,451,474,526	305,277,289,303,286,286,287,274,302,317	501,478,449,435,499,492,537,486,543,513	122	153
2921	286,334,278,236,251,199,178,237,220,244	186,209,175,209,156,123,123,174,154,185	224,238,215,261,269,256,273,236,268,251	176,148,167,182,174,176,182,169,181,156	234	193
2922	78,96,56,87,75,53,39,64,67,72	202,251,181,223,206,153,155,204,176,208	81,71,57,80,71,63,83,73,67,69	193,205,214,219,189,197,197,189,237,202	222	210
2923	205,234,182,215,184,161,144,152,173,179	250,308,241,261,250,188,193,245,219,248	210,168,159,241,184,195,250,197,186,165	230,243,252,268,241,270,271,231,283,234	222	234
2924	52,53,34,46,37,27,41,34,30,30	294,314,277,288,221,132,175,216,199,229	43,34,36,27,42,26,37,48,38,24	288,257,231,263,281,269,311,224,223,169	126	280
2925	449,467,445,506,478,403,357,419,418,572	657,698,764,814,762,693,694,753,704,907	424,468,434,426,493,489,551,469,465,427	699,732,796,720,850,749,897,737,799,747	202	204
2926	528,496,561,505,510,364,429,408,447,536	509,543,561,590,581,391,482,487,549,616	493,482,466,475,595,554,571,441,468,409	531,510,505,551,641,582,636,527,542,484	207	210
2927	26,30,30,30,22,29,25,25,20,28	98,82,99,82,84,73,78,71,88,94	28,18,27,26,29,38,31,22,25,20	70,79,83,101,110,84,92,87,109,66	144	177
2928	0,0,0,1,1,0,0,1,0,0	98,82,99,83,84,71,78,71,88,93	0,0,2,0,2,3,0,2,0,0	70,79,83,101,110,84,91,87,108,65	144	177
2929	51,36,46,67,46,33,29,41,39,50	38,59,51,51,63,42,43,38,45,59	48,48,48,49,68,42,46,42,60,50	38,38,43,41,60,44,52,41,43,57	144	144
2930	2,0,0,1,6,2,1,2,0,0	1,0,4,6,2,1,0,0,1,1	2,1,2,2,0,6,4,1,2,1	1,0,2,1,6,3,0,2,8,1	315	87
2931	23,13,18,19,15,7,10,5,11,17	0,0,1,2,1,1,2,0,0,2	26,12,16,11,15,11,19,8,7,6	0,2,0,0,3,3,0,0,1,1	234	87
2932	12,8,14,16,10,8,8,2,9,13	0,0,1,2,1,1,0,0,0,1	15,4,11,9,9,8,18,6,2,5	0,0,0,1,3,3,0,0,0,1	234	87
2933	11,16,18,6,8,8,8,14,7,9	0,0,1,2,1,1,0,0,0,1	7,12,4,9,12,14,15,4,11,6	0,0,0,1,3,3,0,0,0,1	156	87
2934	11,16,18,6,8,8,8,14,7,9	12,8,14,16,10,8,8,2,9,13	7,12,4,9,12,14,15,4,11,6	15,4,11,9,9,8,18,6,2,5	156	234
2935	10,16,17,6,6,6,9,13,6,9	10,8,17,19,10,7,8,2,10,12	6,12,3,9,11,12,14,3,12,3	15,2,13,9,9,8,16,8,10,3	156	234
2936	406,464,460,531,451,487,411,429,396,559	294,377,384,398,366,482,374,346,380,426	460,470,404,416,484,449,438,421,506,543	389,374,361,348,390,329,388,339,415,438	255	206
2938	18,31,23,24,32,35,13,14,28,31	57,51,56,64,55,68,61,55,52,77	26,26,10,20,25,23,33,27,29,33	61,49,57,62,65,57,64,66,71,83	122	269
2939	275,366,348,347,300,358,290,263,288,354	434,477,469,523,457,556,409,444,428,530	330,309,316,341,386,359,344,334,392,339	456,483,453,452,507,466,523,449,581,544	177	219
2940	296,359,305,340,334,323,286,304,301,303	320,361,353,407,313,371,336,342,346,387	298,268,274,321,339,288,319,340,356,337	346,339,333,351,403,399,413,408,408,411	204	216
2941	275,366,348,347,300,358,290,264,288,354	298,351,347,376,362,354,294,331,319,358	329,309,316,341,385,360,344,334,392,339	327,338,306,323,336,343,396,350,394,379	177	204
2942	168,134,165,158,146,139,119,131,151,146	321,377,344,391,305,288,284,275,303,338	142,128,144,143,158,126,167,147,138,116	314,312,353,353,338,380,399,308,342,305	182	238
2943	254,251,246,268,186,164,222,222,286,244	273,337,330,368,332,278,258,282,273,331	270,199,226,231,295,270,298,219,233,187	286,283,273,323,311,286,293,267,316,258	201	197
2944	255,251,246,267,186,164,222,223,285,244	445,521,515,492,459,404,396,401,430,481	270,199,226,231,295,270,299,219,233,188	436,439,412,513,478,549,471,505,480,398	201	182
2945	37,45,38,38,42,33,23,43,38,36	34,38,54,46,30,32,35,45,38,32	32,30,28,46,33,37,30,47,32,31	41,46,28,39,47,31,35,36,39,38	151	169
2946	1,6,5,0,2,0,2,1,3,3	8,5,9,4,8,7,6,8,6,4	0,1,6,2,1,6,9,3,4,1	5,9,7,5,11,5,9,8,13,3	219	342
2947	0,3,2,1,0,3,1,2,2,1	9,5,8,5,8,7,6,8,6,4	2,0,0,0,1,1,0,0,2,2	5,9,6,5,11,5,9,8,14,4	189	342
2948	210,229,211,269,233,278,225,254,292,237	455,520,491,495,435,500,414,516,513,482	224,249,237,246,242,244,320,228,236,251	444,500,459,532,500,451,590,495,498,540	158	193
2949	97,96,114,103,67,61,71,86,85,88	21,9,20,19,8,15,7,14,10,12	81,57,83,61,99,77,92,75,65,38	14,11,7,11,17,6,16,9,7,7	329	114
2950	64,80,91,88,44,50,57,73,67,66	21,9,20,19,8,15,7,14,10,12	60,41,63,50,80,57,72,60,47,27	14,11,7,11,17,6,16,9,7,7	293	114
2951	347,363,400,391,293,185,272,331,260,297	686,853,753,829,763,525,554,630,633,700	337,286,291,301,381,309,344,299,276,183	740,639,582,668,755,701,802,625,691,479	168	210
2952	78,95,125,112,105,57,59,54,80,89	1,0,1,0,0,0,1,0,0,0	101,74,102,101,118,87,113,82,77,48	2,2,0,0,2,4,0,0,0,1	147	138
2953	0,0,1,2,1,0,0,2,0,1	20,43,46,45,39,22,37,40,38,26	1,1,1,1,2,0,1,0,0,2	44,39,32,57,42,43,48,42,35,27	144	87
2954	1,1,1,0,2,5,2,2,1,1	4,10,16,12,10,7,12,6,5,11	2,1,2,4,2,3,0,3,1,3	4,7,12,4,3,3,6,11,10,15	169	143
2955	59,45,63,66,52,56,50,64,56,60	84,77,78,90,56,78,53,65,57,78	52,69,43,49,68,64,54,67,47,57	88,94,83,67,77,62,76,56,86,104	199	237
2956	82,100,97,92,112,81,68,106,83,76	50,75,71,56,55,52,46,47,53,69	98,80,89,90,95,87,93,82,92,84	62,46,58,64,59,50,79,39,79,67	181	152
2957	97,111,87,90,100,90,84,99,115,107	146,142,159,159,146,128,133,138,134,156	115,98,78,68,109,97,118,101,92,92	152,165,134,126,164,151,146,140,183,165	163	265
2958	9,4,5,4,2,1,1,2,2,5	9,12,5,10,8,4,3,7,2,7	6,3,1,3,1,4,3,5,6,7	6,4,6,7,6,8,3,15,10,7	147	182
2959	31,47,46,41,42,16,21,26,21,34	99,82,101,91,58,40,68,60,79,64	40,35,30,30,46,42,37,23,24,23	87,75,79,87,123,91,87,59,48,39	156	223
2960	102,97,122,99,81,47,71,67,64,91	208,249,270,259,279,126,176,168,179,216	91,58,92,89,117,119,102,77,54,41	217,202,199,175,286,236,251,199,176,91	223	359
2961	211,241,277,239,235,104,185,154,185,197	159,206,238,227,215,113,127,135,117,193	214,208,195,184,303,225,239,184,159,88	196,172,156,133,236,211,242,199,136,85	359	274
2962	26,32,24,26,17,16,15,25,23,20	86,89,90,99,130,62,89,83,74,89	30,23,27,20,26,18,10,12,21,11	111,106,101,88,111,108,97,74,87,65	223	229
2963	0,1,1,1,0,1,0,0,0,2	1,2,1,0,0,0,0,0,1,2	1,2,0,1,1,1,1,0,1,0	0,1,0,0,0,1,0,0,1,0	118	163
2964	30,33,45,36,32,23,17,30,21,32	24,33,30,31,31,22,38,30,33,36	32,27,27,29,33,35,39,34,17,13	41,26,25,45,44,31,26,36,33,20	138	152
2965	12,5,2,2,3,8,2,3,2,4	11,2,7,11,6,7,1,2,7,2	6,4,1,1,5,2,0,0,2,6	10,2,3,5,8,7,4,6,4,5	173	164
2966	45,47,47,57,57,59,42,45,57,47	153,153,147,206,142,214,153,160,187,163	45,46,38,57,61,57,59,47,60,64	153,156,130,174,165,166,164,157,189,182	143	284
2967	143,135,170,172,152,109,101,122,126,122	81,76,83,71,82,43,43,50,54,67	164,155,174,184,176,162,184,106,127,88	67,68,67,58,85,67,77,53,46,51	157	138
2968	100,82,113,100,102,71,69,70,84,86	15,21,19,29,24,15,9,26,14,18	90,79,100,79,98,94,111,87,68,54	31,17,16,13,19,16,19,12,11,16	123	114
2969	100,82,113,100,102,71,69,70,84,86	0,0,0,0,0,0,1,0,0,0	90,79,100,79,98,94,111,87,68,54	1,0,0,0,0,0,2,0,1,0	123	180
2970	15,21,19,29,24,15,9,26,14,18	0,0,0,0,0,0,1,0,0,0	31,17,16,13,19,16,19,12,11,16	1,0,0,0,0,0,2,0,1,0	114	180
2971	33,46,46,51,43,24,28,40,26,40	0,0,0,0,0,0,1,0,0,0	50,44,20,26,33,43,54,23,24,23	1,0,0,0,0,0,2,0,1,0	114	180
2972	70,80,78,55,59,41,34,66,71,48	35,31,39,40,44,33,16,39,34,31	72,54,53,56,94,63,70,51,44,25	41,18,24,24,33,39,38,26,41,20	230	148
2973	112,107,91,80,96,59,62,87,110,73	35,31,39,40,44,33,16,39,34,31	106,89,81,80,115,90,106,74,85,44	41,18,24,24,33,39,38,26,41,20	284	148
2974	45,61,48,40,40,22,15,26,31,27	140,145,143,133,122,94,96,142,133,97	47,35,27,58,51,48,41,34,27,33	159,135,101,134,173,128,165,112,119,76	138	284
2975	31,24,32,34,30,25,22,24,24,27	27,16,16,19,23,15,11,10,21,13	27,30,28,27,39,24,37,25,20,16	21,16,22,21,17,17,21,20,18,7	150	138
2976	111,142,151,149,127,170,138,149,152,187	114,108,131,142,112,123,106,126,129,124	132,153,139,148,163,174,167,173,204,238	105,138,116,124,128,132,113,134,149,143	158	178
2977	26,38,35,40,39,50,36,21,32,42	114,108,131,142,112,123,106,126,129,124	31,52,47,41,56,44,56,45,61,60	105,138,116,124,128,132,113,134,149,143	161	178
2978	112,142,151,150,127,170,138,150,151,187	43,43,33,51,40,53,42,38,39,43	132,153,139,148,163,174,167,174,204,238	47,45,40,49,38,46,45,67,55,70	158	116
2979	27,38,35,41,39,50,36,22,31,42	43,43,33,51,40,53,42,38,39,43	31,52,47,41,56,44,56,46,61,60	47,45,40,49,38,46,45,67,55,70	161	116
2980	325,352,358,405,350,250,263,264,261,317	717,728,772,728,576,491,543,583,615,578	332,316,269,324,341,301,330,306,293,173	657,584,574,639,751,648,780,584,616,454	235	436
2981	94,118,120,124,122,100,95,96,87,111	717,727,771,728,576,491,543,583,615,578	123,121,96,129,110,119,137,105,118,62	657,584,574,639,751,648,782,584,617,452	235	436
2982	139,168,149,165,145,89,132,121,107,110	249,296,296,298,275,197,209,239,213,269	134,119,141,155,157,145,166,138,123,68	271,278,211,267,280,242,307,242,226,158	205	235
2983	497,440,538,484,436,289,347,405,425,373	248,296,296,298,275,197,208,239,213,269	432,377,410,430,555,423,471,375,405,277	271,278,211,267,279,242,307,242,226,158	202	235
2984	81,92,103,102,78,58,78,72,69,70	248,296,298,298,275,197,208,239,213,269	89,70,84,90,97,93,100,81,78,36	271,278,211,268,279,242,307,242,226,158	205	235
2985	139,168,149,165,145,89,132,121,107,110	470,466,526,530,436,295,339,374,411,403	134,119,141,155,157,145,164,138,122,68	448,397,379,415,521,382,424,389,380,249	205	202
2986	81,92,103,102,78,58,78,72,69,70	470,466,526,529,437,295,339,374,411,403	89,70,84,90,97,93,98,81,77,36	448,397,379,413,521,382,424,389,380,249	205	202
2987	107,105,143,90,60,61,97,70,122,112	470,466,526,529,437,295,339,374,411,403	116,71,93,99,170,149,182,111,99,75	448,397,379,413,521,382,424,389,380,249	154	202
2988	24,44,38,41,31,26,37,27,27,44	49,67,71,42,49,52,37,38,42,45	37,46,35,39,38,37,43,48,30,29	63,51,53,50,59,64,43,43,66,43	178	251
2989	39,39,25,55,34,33,36,27,36,30	1,1,1,0,1,0,1,1,1,0	38,26,34,30,29,29,31,29,28,24	0,1,1,0,0,2,0,0,0,0	116	102
2990	177,208,234,147,93,92,140,147,211,195	212,240,212,202,214,178,195,187,192,220	205,148,187,181,272,200,258,183,176,185	221,191,222,223,216,213,239,219,221,167	300	162
2991	102,127,132,140,134,93,122,120,124,125	539,649,642,672,497,517,449,561,552,561	149,109,128,114,149,106,149,111,131,102	639,521,584,585,623,503,606,492,571,520	162	216
2992	18,27,20,23,15,33,19,26,29,31	39,52,41,33,55,66,38,47,33,44	26,28,40,42,30,27,29,39,38,46	54,39,36,46,50,39,36,48,58,99	191	256
2993	18,27,19,23,15,32,19,26,29,31	24,36,27,15,27,38,21,29,21,24	26,28,40,43,30,28,29,39,38,46	30,23,21,32,33,24,20,25,36,55	191	256
2994	588,693,776,853,592,783,748,734,737,780	722,754,905,1008,746,860,873,970,893,1006	696,778,797,654,661,730,852,614,716,772	763,961,886,750,797,883,994,734,921,959	178	190
2995	917,1011,1219,1226,916,1044,1036,1068,1098,1182	725,839,980,1051,733,870,877,916,926,1041	1024,1088,1152,1021,1021,1175,1234,992,1109,1121	787,899,927,813,856,943,1068,745,823,909	228	178
2996	435,524,600,630,433,463,529,549,580,585	872,973,1190,1263,932,1126,1100,1137,1107,1139	493,526,581,441,543,570,636,442,558,539	1049,1111,1220,982,1029,1111,1232,963,1062,1119	173	228
2998	1,6,7,3,1,3,3,7,7,7	4,3,5,8,4,8,6,4,1,3	3,1,2,3,4,2,3,0,2,6	5,4,3,0,5,6,5,10,2,8	145	168
3000	187,208,190,191,196,137,133,164,159,181	144,187,153,159,167,97,134,146,128,137	165,189,144,173,203,158,199,137,141,106	144,134,135,138,180,163,178,164,160,116	183	152
3001	138,138,140,153,127,102,121,134,140,118	144,170,152,149,146,99,104,136,143,145	137,145,115,107,144,117,162,121,110,96	133,137,94,134,154,147,145,141,106,72	167	183
3002	375,388,446,456,389,272,298,359,317,385	359,446,425,465,424,317,326,390,346,416	398,327,363,364,402,432,385,320,293,233	425,371,374,362,434,402,511,382,402,263	215	219
3003	163,151,153,179,165,104,103,150,145,149	534,601,653,613,560,372,407,448,448,592	155,149,131,145,173,153,164,120,127,105	542,485,528,550,553,582,549,469,431,367	124	215
3004	285,317,306,361,270,193,202,236,246,284	173,228,259,282,211,154,166,183,198,253	333,263,255,315,310,308,281,278,206,189	238,226,187,200,256,252,226,177,153,144	196	169
3005	294,379,385,388,316,217,234,284,275,308	296,360,302,334,295,212,213,256,241,267	387,311,324,302,357,383,365,278,272,180	313,262,277,279,330,299,299,279,214,188	199	196
3006	225,253,204,256,216,131,161,199,164,222	364,445,430,465,366,265,263,332,314,375	233,193,190,187,243,209,256,178,153,126	433,358,358,359,395,455,402,362,280,248	138	199
3007	323,348,323,334,306,163,179,237,249,280	132,151,170,165,135,80,104,118,126,133	330,285,298,285,353,299,351,259,219,197	172,133,133,151,162,145,155,108,121,69	170	138
3008	193,219,212,216,245,141,138,197,203,216	347,377,334,402,337,192,216,302,283,323	214,177,189,226,210,188,222,169,146,116	350,316,319,300,416,324,379,280,265,206	155	170
3009	209,244,254,302,289,143,174,203,229,241	215,236,205,208,202,109,134,139,140,194	269,211,252,205,280,235,281,218,182,117	230,173,183,192,191,189,243,167,122,129	170	155
3010	526,581,592,594,476,292,331,423,453,456	216,236,205,208,202,109,134,139,140,194	488,436,441,438,582,575,538,489,413,246	230,173,183,192,191,189,241,167,122,129	321	155
3011	478,519,525,534,432,264,300,386,415,421	222,267,271,265,291,175,185,236,241,258	441,396,399,403,511,523,488,434,380,232	252,224,241,253,275,242,279,210,180,139	321	170
3012	6,5,7,4,4,1,2,4,10,7	633,691,700,763,650,364,412,532,586,596	5,2,3,3,1,7,5,5,1,6	642,542,572,550,702,680,693,597,513,311	107	321
3013	63,65,59,59,51,27,27,55,37,46	50,56,45,41,45,14,30,41,33,40	50,51,34,50,64,53,72,34,36,22	45,45,35,58,70,46,46,45,25,16	201	173
3014	115,96,89,109,94,98,111,100,97,112	58,66,54,69,59,75,38,50,57,72	110,90,87,125,107,88,106,131,108,131	64,54,42,57,54,45,79,75,61,56	172	158
3015	60,48,69,67,47,48,51,54,55,51	87,107,100,121,110,122,120,99,80,141	53,40,52,71,53,65,64,45,50,47	109,97,100,109,107,111,123,80,102,126	158	181
3016	61,46,67,65,45,47,48,53,54,50	42,52,65,57,53,73,50,53,50,82	51,39,52,68,51,62,63,45,49,45	49,56,41,42,55,39,62,52,71,88	158	165
3017	126,104,124,119,138,87,93,98,118,117	81,61,75,107,92,64,63,78,83,86	155,125,145,144,115,140,149,116,136,151	88,85,86,126,84,107,100,79,89,80	222	174
3018	0,1,0,0,2,1,0,1,1,0	4,9,9,13,6,4,6,6,10,3	0,0,0,1,0,1,0,0,0,0	5,5,5,9,6,6,13,5,12,8	129	156
3020	0,0,0,1,3,1,0,1,1,0	19,27,18,43,23,25,18,31,27,30	0,0,0,0,3,2,0,0,0,0	27,22,19,31,28,20,30,19,32,34	138	156
3021	28,47,49,53,70,35,51,43,46,33	15,27,12,24,21,20,10,15,27,25	33,31,41,40,41,52,52,51,38,34	20,14,20,24,22,14,22,20,31,16	177	187
3022	28,47,49,53,70,35,51,42,46,34	32,47,39,41,34,35,31,33,35,43	34,31,41,40,41,52,52,51,38,34	41,35,47,44,42,24,60,41,55,36	177	187
3023	53,76,85,111,70,90,85,91,89,96	34,27,22,31,31,38,21,24,25,25	65,75,75,77,84,70,103,105,127,143	24,32,33,25,30,25,24,25,28,32	212	178
3024	20,26,36,33,32,10,16,24,25,16	45,52,51,59,49,34,30,41,52,47	28,23,17,30,34,26,35,19,17,13	43,45,43,43,44,46,51,49,51,28	184	225
3025	345,438,433,417,380,361,314,449,392,530	148,157,144,189,157,137,107,126,123,186	434,361,459,438,423,410,506,456,396,387	174,127,145,153,165,142,180,164,172,149	405	177
3026	89,92,88,112,113,107,71,97,92,125	933,974,1031,1082,985,887,926,1000,885,1159	111,85,98,105,98,90,126,95,122,102	1082,965,1126,1057,1204,1008,1154,1037,1008,999	177	1818
3027	89,92,88,112,113,107,71,97,92,125	172,176,175,171,174,178,141,175,139,218	111,85,98,105,98,90,126,95,122,102	205,166,160,190,163,151,188,155,179,174	177	218
3028	0,0,0,0,0,0,1,1,1,0	2,2,1,0,1,0,0,2,0,0	0,0,0,0,1,1,1,1,0,0	1,0,0,2,0,0,0,0,0,1	219	207
3029	0,0,0,0,0,0,0,0,0,0	0,0,2,1,0,1,0,0,2,1	1,0,0,0,0,0,1,0,0,0	5,3,0,1,0,2,0,1,0,4	90	93
3031	15,15,13,5,15,4,15,10,10,9	22,45,35,37,45,24,21,33,15,26	20,19,16,12,19,12,16,10,14,5	40,30,41,44,53,30,29,40,36,21	234	208
3032	25,25,37,37,29,18,26,31,24,15	112,121,110,118,135,83,89,102,84,128	35,27,35,31,24,30,28,47,37,23	115,95,137,126,146,87,121,129,131,115	210	606
3033	3,9,11,9,5,2,5,5,6,6	7,5,6,5,7,2,3,5,8,6	5,7,3,1,6,1,3,4,7,7	4,6,4,5,6,9,9,5,5,1	110	123
3034	71,59,61,59,65,38,42,42,54,44	60,87,74,75,67,46,63,64,66,74	60,40,46,66,59,61,53,55,49,40	57,71,58,65,79,55,66,83,57,48	269	303
3035	39,44,38,33,25,27,25,26,20,37	27,43,23,32,14,8,21,30,33,20	46,21,29,36,29,31,31,34,44,28	20,39,15,34,31,25,24,23,18,18	194	172
3036	127,129,124,134,101,127,110,94,114,136	212,211,207,220,224,254,167,205,221,198	141,115,113,117,135,120,149,105,125,145	200,217,217,201,175,158,209,181,182,245	130	193
3037	8,11,7,10,9,8,7,4,7,9	17,23,24,16,16,15,15,15,17,12	6,9,7,5,6,9,7,8,6,3	19,13,18,14,16,18,19,22,11,9	177	215
3038	90,138,95,116,94,42,64,72,66,75	175,166,160,176,154,82,111,110,114,122	109,107,79,107,129,87,106,75,67,41	173,131,146,151,158,129,180,127,91,69	204	282
3039	94,87,113,103,87,52,67,73,79,91	179,191,225,201,193,87,124,145,143,167	89,99,90,91,125,99,92,67,67,44	211,169,159,203,202,212,223,174,115,80	171	237
3040	7,10,6,14,5,8,3,4,5,10	1,2,1,0,3,2,2,1,2,4	7,5,4,3,3,1,7,3,6,5	0,1,0,2,2,0,1,0,3,5	330	213
3041	0,1,0,0,0,0,0,0,0,0	1,0,0,3,1,0,0,3,2,0	0,0,0,1,2,0,0,1,0,0	2,0,2,0,1,0,1,2,0,2	225	258
3042	18,10,17,19,17,19,17,20,16,23	58,51,47,59,55,57,36,41,41,41	14,27,16,16,15,16,23,18,22,26	57,45,53,45,48,36,53,65,44,77	116	225
3043	5,4,1,0,3,3,3,2,0,3	5,1,3,5,2,6,3,1,1,5	4,4,3,0,4,1,1,4,0,6	4,5,2,1,0,2,5,7,3,3	113	116
3044	11,19,24,14,6,2,7,6,16,8	7,3,5,7,6,6,2,3,3,9	22,9,18,12,15,10,21,14,13,12	2,4,4,4,5,5,6,11,5,4	146	145
3045	612,619,661,692,597,583,535,624,575,677	2330,2515,2553,2813,2518,2417,2146,2249,2354,2672	623,591,573,594,645,637,670,659,646,606	2542,2486,2249,2412,2504,2405,2631,2351,2535,2535	154	194
3046	59,58,87,67,59,73,60,67,60,82	52,63,59,64,66,56,70,70,68,63	91,66,58,69,59,64,76,61,89,89	71,55,63,70,79,77,65,65,62,84	235	431
3047	469,457,519,538,492,340,367,434,408,456	588,603,672,688,703,460,476,514,473,633	538,410,430,431,520,549,525,392,358,262	713,548,648,556,707,698,674,570,568,422	180	189
3048	231,151,209,211,187,149,140,178,179,201	560,539,608,617,592,415,460,471,498,586	221,175,193,157,214,215,227,135,174,144	642,515,540,517,590,611,667,514,538,386	113	152
3049	722,647,752,707,693,515,552,547,592,687	753,812,858,868,730,530,646,581,620,776	812,661,682,594,840,766,750,628,676,498	848,688,672,705,953,811,812,665,704,550	152	164
3050	86,117,99,92,100,84,97,109,81,110	136,148,155,168,139,144,111,190,138,160	103,96,91,105,122,119,131,94,123,98	167,126,152,150,160,148,160,131,141,179	226	122
3051	142,191,162,144,138,130,147,184,140,164	252,264,280,298,233,242,226,285,228,272	157,145,145,170,193,207,216,150,200,166	287,232,264,249,270,257,272,256,249,302	226	163
3052	25,33,44,17,7,19,22,16,38,27	86,116,95,90,99,84,96,108,81,108	24,13,27,22,35,43,21,27,27,23	103,93,89,103,120,119,130,91,122,96	194	226
3053	134,129,160,128,82,97,121,130,186,199	220,250,245,221,223,207,218,236,195,258	150,111,167,153,156,195,154,155,182,139	248,233,235,247,246,245,275,204,269,239	276	226
3054	93,92,101,86,103,67,73,96,83,109	750,778,756,714,863,482,650,671,703,843	103,71,95,72,113,110,112,85,72,65	811,722,709,771,941,727,879,728,723,506	229	388
3055	133,161,166,179,159,105,120,141,125,175	82,97,94,100,79,60,68,78,82,86	178,134,167,158,174,161,192,149,145,106	85,76,89,86,94,87,99,86,90,66	252	223
3056	31,55,39,54,46,25,38,42,40,43	26,28,25,14,19,18,16,25,29,21	33,45,27,33,63,45,37,47,35,34	35,18,14,23,35,28,33,28,24,14	185	158
3057	11,12,11,21,9,7,19,14,13,6	5,6,10,6,5,6,8,9,2,6	15,14,10,7,13,7,15,14,6,13	3,4,12,11,13,3,2,6,3,7	145	118
3058	8,9,8,20,9,6,18,13,10,4	7,14,9,11,8,10,5,7,5,15	12,13,10,7,12,8,13,14,5,12	14,15,13,8,4,12,10,4,9,13	145	168
3059	39,40,42,49,38,19,32,28,38,27	19,10,11,11,12,10,15,10,13,12	30,29,37,26,33,44,32,32,35,16	20,8,8,6,24,19,11,11,9,5	255	152
3060	300,370,351,362,285,233,237,274,257,278	7,17,8,12,8,8,10,7,11,10	272,258,265,316,299,297,354,262,267,182	10,11,4,16,4,7,13,8,16,6	267	108
3061	302,375,355,363,286,237,240,278,263,280	392,485,452,471,417,338,388,408,386,415	272,264,268,320,301,298,356,263,272,184	451,451,412,429,464,420,484,425,447,344	267	270
3062	77,94,95,75,88,93,71,77,83,85	111,95,114,117,103,79,85,104,108,79	86,85,80,84,96,109,96,66,98,67	98,95,96,85,102,113,129,115,96,89	222	400
3063	66,93,78,74,71,54,78,56,96,100	99,91,101,103,103,60,72,75,79,84	73,54,66,68,104,105,87,84,67,65	87,75,73,90,88,98,118,97,73,74	186	132
3064	19,25,21,31,23,12,21,25,27,14	12,20,23,37,22,4,17,16,16,21	19,25,15,24,26,19,29,14,25,19	17,24,12,15,19,21,17,7,17,17	228	242
3065	21,17,16,27,15,6,10,14,18,17	16,18,10,21,18,9,11,19,20,10	22,14,15,11,24,21,16,21,16,12	16,23,8,19,19,17,18,7,23,9	219	228
3066	1,2,0,0,0,0,0,1,1,0	15,20,22,25,17,8,12,19,18,14	1,2,0,2,2,2,1,1,6,0	18,12,18,14,19,14,22,20,13,16	117	219
3067	118,136,128,153,117,159,143,160,133,135	0,1,1,1,0,0,0,0,0,0	111,127,115,86,128,133,157,120,156,174	0,0,0,0,2,1,0,0,0,1	141	84
3068	0,0,0,0,0,0,0,0,0,0	57,76,66,54,66,64,62,61,63,66	0,0,0,0,0,0,0,0,0,1	69,57,60,47,80,61,79,61,69,67	81	403
3069	181,226,205,232,186,177,173,206,205,223	120,133,155,156,132,139,107,112,138,163	239,204,197,196,246,247,224,217,225,215	143,122,122,113,154,137,158,130,175,125	313	256
3070	124,159,151,156,138,80,82,120,99,130	24,45,44,32,34,27,24,16,29,43	160,111,109,117,133,125,157,118,85,52	29,29,13,23,32,29,22,24,19,11	156	127
3071	14,25,15,16,13,14,24,25,26,29	67,69,61,80,54,55,54,50,65,56	25,19,23,26,17,14,29,17,16,20	83,79,55,80,72,72,65,82,75,67	173	256
3072	2,0,1,2,2,2,2,5,1,1	10,4,10,13,6,7,6,3,11,11	3,1,0,4,2,2,2,3,4,0	5,10,8,14,12,12,7,8,11,13	95	212
3073	1127,1309,1279,1392,1240,1386,1136,1357,1270,1474	1154,1297,1263,1335,1204,1381,1174,1257,1322,1373	1381,1316,1191,1352,1287,1243,1442,1265,1518,1479	1253,1258,1230,1297,1293,1207,1373,1206,1465,1397	161	163
3074	164,226,218,202,194,120,141,166,189,159	198,215,246,238,215,127,169,189,168,187	206,170,170,170,233,235,248,193,171,132	224,188,211,183,233,194,223,203,183,132	213	189
3075	78,80,80,92,94,15,41,46,44,47	32,34,27,27,34,6,18,25,11,21	71,50,53,59,81,59,81,37,30,15	35,28,24,25,37,23,32,26,11,8	216	141
3076	3,3,3,5,6,2,6,4,7,3	16,5,7,4,8,4,12,11,8,14	1,2,4,2,3,2,6,4,3,3	20,10,6,9,13,7,15,10,15,11	168	273
3078	1,6,2,5,1,3,7,4,5,6	0,0,0,0,0,0,0,0,1,0	5,7,0,10,4,6,4,5,5,8	0,0,0,0,0,0,0,0,0,0	180	180
3080	123,85,111,125,113,108,105,121,99,123	118,152,132,135,118,128,115,155,123,159	138,110,132,118,103,130,104,129,127,149	155,148,125,145,128,114,156,141,143,165	212	143
3082	12,8,9,10,9,4,7,14,10,10	12,14,10,8,4,6,7,13,6,7	9,8,8,20,8,9,11,16,8,7	9,9,8,11,10,2,16,13,7,3	168	190
3083	220,278,245,263,259,144,189,198,192,237	244,258,285,284,250,156,195,172,220,230	266,230,237,268,322,252,268,177,214,130	273,243,263,233,294,243,242,202,202,162	241	278
3084	36,39,41,46,25,29,42,38,49,40	3,4,3,4,1,6,1,3,2,2	39,36,37,49,53,40,41,45,37,24	6,1,2,3,1,2,2,4,0,1	118	125
3085	12,21,29,21,27,26,22,22,17,26	15,8,12,12,17,6,5,10,9,11	22,29,22,18,26,18,16,15,22,30	15,17,20,9,9,10,15,9,21,15	239	173
3086	76,64,72,63,76,40,48,91,48,69	68,85,79,76,83,48,72,69,53,105	70,66,75,60,92,78,81,63,54,46	92,75,68,84,78,87,91,72,74,42	159	159
3087	180,210,212,233,207,69,111,132,138,130	149,143,166,142,113,45,91,101,87,83	178,151,134,152,195,183,203,121,120,65	164,104,91,135,179,126,131,110,103,55	537	360
3088	26,43,45,46,43,14,21,27,28,21	67,89,70,64,58,23,41,43,44,41	46,29,34,31,37,38,50,37,22,13	49,44,66,62,68,49,62,61,47,24	231	243
3089	63,63,74,76,68,57,52,54,81,56	4,3,3,6,6,9,5,7,5,9	59,59,51,67,68,52,78,58,69,61	5,11,8,4,5,7,2,3,6,2	1151	149
3090	41,42,45,56,49,44,35,35,58,43	4,12,9,1,1,3,6,5,4,4	32,37,38,45,48,32,57,41,39,41	3,1,5,0,10,7,5,4,11,1	832	122
3091	64,63,75,76,69,59,52,54,84,57	4,12,9,1,1,3,6,5,4,4	60,61,51,67,70,52,78,60,69,61	3,1,5,0,10,7,5,4,11,1	1151	122
3092	42,33,46,48,27,14,31,30,42,38	30,17,25,27,18,11,14,15,8,13	39,30,33,32,28,35,53,44,28,28	34,25,17,15,18,23,28,16,19,8	246	126
3093	57,51,56,62,39,24,49,48,64,50	34,20,28,27,20,11,13,15,9,14	50,48,49,45,45,49,65,60,32,35	33,24,17,16,19,23,28,16,19,8	246	126
3094	21,25,20,22,23,2,14,19,18,16	35,41,47,49,64,36,28,35,37,49	25,18,26,21,26,19,26,10,22,17	59,44,45,45,38,53,46,35,34,35	126	161
3095	59,59,57,81,57,54,51,60,53,60	154,154,164,223,164,176,134,183,136,189	60,48,57,51,63,72,84,54,79,64	174,189,185,148,168,154,219,154,202,190	138	288
3096	135,157,172,157,169,155,172,155,178,213	179,161,172,200,155,174,171,176,153,211	170,176,169,185,185,160,186,144,132,163	166,173,195,157,191,150,191,178,165,206	159	146
3097	252,290,240,271,241,284,227,277,220,272	176,190,198,192,196,203,159,180,176,274	240,278,249,238,252,223,280,239,258,294	213,204,160,203,192,198,206,158,169,223	220	159
3098	35,25,30,38,22,18,31,36,28,22	19,14,14,17,11,25,16,13,10,20	26,35,27,29,26,40,46,23,27,31	13,11,11,11,16,15,11,13,4,13	232	170
3099	27,15,19,17,16,13,21,23,20,12	13,7,7,14,6,11,10,5,7,14	12,15,22,18,14,29,27,7,18,19	9,8,9,7,8,8,5,9,4,7	225	170
3100	27,15,20,17,16,13,20,23,20,12	19,14,14,17,11,25,16,13,10,20	12,15,22,18,14,29,27,7,18,19	13,11,11,11,16,15,11,13,4,13	225	170
3101	7,7,6,3,10,5,6,2,4,3	31,22,25,23,24,14,16,30,14,17	6,1,9,3,11,10,5,5,8,6	32,30,19,20,29,35,22,24,21,12	142	160
3102	71,80,74,74,79,80,69,61,67,77	31,32,40,30,28,22,23,24,37,20	74,50,84,62,87,78,90,64,85,66	41,20,19,18,31,32,31,16,23,20	204	195
3103	35,37,24,38,28,28,23,33,18,20	73,79,97,56,61,54,39,47,53,58	25,27,28,18,32,26,19,19,24,19	74,59,48,74,47,49,83,67,80,59	105	288
3104	3,4,4,7,5,1,6,5,2,4	72,79,97,56,62,54,39,47,53,56	4,4,4,4,7,3,3,0,2,0	73,58,48,74,48,49,83,65,79,59	105	288
3105	7,12,7,15,12,18,7,12,15,15	72,79,97,56,62,54,39,47,53,56	16,13,17,18,9,17,12,11,16,5	73,58,48,74,48,49,83,65,79,59	127	288
3106	7,12,7,15,12,18,7,12,15,15	3,4,4,7,5,1,6,5,2,4	16,13,17,18,9,17,12,11,16,5	4,4,4,4,7,3,3,0,2,0	127	105
3107	8,12,7,15,12,18,7,12,15,17	13,13,10,11,14,13,11,5,9,14	17,14,17,18,7,16,12,13,17,5	13,12,10,15,18,7,10,11,12,6	127	105
3108	34,30,37,40,42,31,29,21,47,43	1,0,0,1,0,0,0,0,1,1	34,29,33,21,51,48,45,25,31,23	1,1,0,0,0,1,0,1,1,0	163	127
3109	34,30,37,40,42,31,29,20,47,43	22,23,34,43,22,25,17,16,26,16	34,29,33,21,50,48,45,25,31,23	26,17,30,41,25,21,24,27,26,21	163	127
3110	45,42,49,58,47,39,45,36,40,74	65,57,67,85,63,68,63,90,64,66	53,45,50,51,40,48,57,34,48,50	88,62,61,65,63,74,68,63,82,70	157	176
3111	55,78,60,71,56,55,43,61,61,58	37,39,37,49,27,34,35,31,30,46	64,60,58,58,82,62,75,76,64,70	44,47,26,29,48,28,51,17,41,44	158	547
3112	55,78,60,71,56,55,43,61,61,58	19,16,16,22,19,16,12,10,14,19	64,60,58,58,82,62,75,76,64,70	16,16,7,16,18,16,21,5,12,16	158	157
3113	66,77,67,70,54,53,45,56,82,60	19,16,16,22,19,16,12,11,13,19	59,62,51,52,74,67,69,64,73,73	16,16,7,16,18,16,21,5,12,16	460	157
3114	8,7,10,11,7,3,5,10,12,3	4,7,2,3,4,2,2,3,4,3	5,9,2,4,6,9,9,7,8,6	4,5,3,4,6,1,3,3,3,8	182	163
3115	101,111,97,116,119,94,120,91,111,103	187,236,223,234,220,215,178,211,199,214	112,108,96,128,127,122,138,116,113,124	223,231,192,233,260,207,220,205,253,207	169	180
3116	96,107,80,98,85,97,77,77,88,86	87,93,89,109,84,80,87,74,91,101	111,91,98,91,99,91,124,95,95,98	99,100,98,96,82,90,103,102,108,82	133	169
3117	0,1,2,1,0,0,1,2,1,1	14,16,6,8,11,12,4,7,9,8	1,0,0,2,1,2,2,1,0,1	10,5,8,5,16,9,11,10,10,8	142	271
3118	35,36,31,31,32,17,27,41,26,31	15,14,22,14,14,12,19,15,10,14	36,30,27,38,27,33,30,37,23,36	12,13,14,21,20,14,20,22,11,21	511	346
3119	255,286,339,306,261,190,203,246,253,276	305,324,336,329,319,213,278,254,252,324	305,281,233,261,326,281,305,239,230,204	309,285,284,308,318,324,348,268,266,228	171	164
3120	2,5,4,6,6,3,2,5,4,3	242,288,275,266,275,165,166,235,169,199	2,3,3,4,4,1,5,1,5,1	260,241,250,242,257,220,238,216,192,151	130	227
3121	2,1,1,1,0,0,1,0,0,1	88,75,85,62,89,47,36,57,68,48	1,1,1,0,0,1,3,2,0,0	75,73,53,67,88,68,77,54,47,36	221	139
3122	165,141,166,166,169,152,118,161,144,153	176,235,220,241,195,177,179,174,192,224	156,162,156,139,193,157,184,170,186,162	193,188,183,191,189,197,229,194,210,193	171	139
3123	0,1,1,0,1,1,0,0,1,0	15,15,10,26,18,13,5,13,14,8	0,1,0,0,2,0,1,0,0,1	15,9,8,10,12,10,12,7,9,24	156	415
3124	22,14,18,23,18,11,10,11,18,20	22,23,41,39,40,12,27,21,17,20	22,15,15,14,19,16,13,11,9,12	25,26,23,23,28,30,38,18,30,18	178	260
3125	49,46,48,49,53,36,47,40,32,35	60,70,56,61,70,43,46,61,54,63	33,43,47,41,51,46,55,51,37,53	70,64,55,51,71,64,68,70,61,60	113	150
3126	49,47,48,48,53,36,47,40,31,35	0,0,0,0,0,0,0,1,0,0	33,43,47,41,50,46,54,51,37,53	1,0,0,0,2,0,1,1,0,0	113	150
3127	10,15,10,8,4,3,5,3,8,12	2,4,11,11,2,8,4,1,5,2	11,6,7,7,7,7,11,4,4,7	8,11,9,3,15,5,7,7,3,2	149	168
3128	55,61,66,51,59,43,41,43,48,50	42,57,47,46,33,55,31,30,35,32	49,45,54,44,41,37,44,46,55,43	64,31,39,45,33,38,64,43,39,27	168	175
3129	148,166,145,157,179,158,143,120,149,142	169,218,178,192,191,194,148,160,139,153	148,141,100,175,170,166,177,145,129,122	185,181,137,181,194,173,217,142,164,147	216	200
3130	1,0,0,0,0,0,3,0,0,1	20,17,21,18,17,30,18,22,26,22	1,0,0,0,0,0,0,0,0,0	24,21,15,29,21,16,12,22,20,26	231	120
3131	47,44,55,51,36,21,27,49,35,33	130,121,134,133,127,68,79,95,100,102	57,45,42,38,54,51,60,29,30,17	139,79,65,123,106,104,138,94,86,56	195	277
3132	30,24,31,28,18,11,16,19,17,17	130,120,134,133,127,68,79,95,100,102	33,25,25,23,27,31,29,26,21,8	139,79,65,123,106,104,138,94,87,56	195	277
3133	2,1,3,1,0,1,1,1,3,2	1,3,4,0,3,0,3,3,1,3	3,3,1,0,4,3,0,0,1,0	1,1,4,1,2,0,4,1,5,1	243	249
3134	119,117,102,114,94,33,84,65,74,74	122,162,147,143,145,34,77,95,87,125	108,80,99,96,121,133,129,96,36,31	134,114,131,105,180,128,130,110,64,24	259	189
3135	80,78,72,68,69,86,66,59,88,81	87,129,108,148,99,138,73,95,108,120	55,65,53,45,75,60,80,60,78,66	115,103,98,87,114,89,109,91,123,131	182	163
3136	0,0,0,0,0,0,0,0,0,1	259,261,301,329,261,301,220,256,251,300	0,0,0,0,0,0,0,0,0,0	272,344,290,274,281,261,311,273,322,336	117	205
3137	49,58,61,77,49,45,36,63,56,55	259,262,302,329,261,305,220,257,252,301	44,41,56,44,58,48,67,67,69,75	272,345,292,275,281,261,310,274,323,336	117	205
3138	176,184,193,256,190,217,151,169,184,202	259,261,301,329,261,301,220,256,251,300	184,198,185,206,197,195,194,185,198,226	272,345,290,274,282,261,310,273,322,336	144	205
3139	69,75,76,71,64,62,55,77,49,71	244,263,243,263,252,260,212,243,239,282	63,67,54,84,76,50,73,74,76,78	262,268,269,268,270,229,268,228,268,328	131	152
3140	2,3,2,1,2,6,1,4,3,2	3,3,4,1,0,3,0,1,1,0	3,2,4,0,4,4,6,1,7,5	2,2,0,1,6,3,1,0,2,1	182	125
3141	215,213,198,211,214,134,143,183,192,193	41,42,43,42,27,33,28,33,35,48	181,222,176,192,218,211,243,182,174,151	32,41,21,30,48,31,34,30,37,23	235	138
3142	212,265,266,285,240,165,182,181,231,243	250,246,249,239,217,159,162,210,211,230	215,228,190,193,262,239,237,201,224,165	218,248,195,213,253,210,279,190,201,150	225	235
3143	63,79,70,78,67,64,55,60,55,76	55,79,74,105,91,60,62,84,68,89	59,77,61,59,56,74,78,73,66,65	84,97,83,97,96,77,96,96,89,81	171	187
3144	0,0,0,0,1,0,0,0,0,0	11,9,13,9,8,9,5,10,9,6	0,2,0,1,1,1,3,0,0,0	7,3,11,12,7,9,8,10,12,18	180	164
3145	46,36,56,41,27,34,46,42,62,95	375,435,402,407,402,433,308,474,388,369	63,29,59,57,88,111,88,59,80,59	472,403,325,400,444,378,474,368,496,400	147	143
3146	276,295,288,286,268,230,223,247,256,310	247,280,218,223,221,173,213,217,225,266	293,270,280,264,281,285,284,259,245,212	246,213,213,230,252,265,235,210,232,167	192	152
3147	0,2,1,5,1,0,6,1,3,4	193,216,221,229,180,187,169,189,182,257	3,2,4,4,1,1,4,5,0,0	195,189,206,174,231,195,222,207,186,187	152	138
3148	40,50,62,51,52,53,56,53,55,72	53,53,70,70,74,75,63,48,58,78	68,49,61,37,65,66,56,62,65,58	68,89,44,70,91,43,52,62,73,68	203	176
3149	4,4,8,3,1,3,2,2,4,3	0,3,0,0,0,0,2,0,0,0	6,7,5,7,2,6,7,7,4,6	0,1,4,2,1,1,1,1,0,5	268	155
3150	4,5,4,4,5,1,4,2,5,5	133,111,138,126,104,71,92,100,107,100	7,2,4,10,2,4,7,2,4,2	123,100,125,128,104,133,139,116,95,81	118	102
3152	3,11,9,9,4,9,11,10,8,6	95,116,118,134,60,139,73,118,98,122	5,10,5,5,6,10,8,15,7,10	102,124,98,92,117,110,136,122,134,127	100	184
3153	102,119,147,136,149,129,105,112,117,137	185,189,227,224,200,199,161,190,154,250	125,106,135,133,173,155,162,156,121,132	200,181,204,180,201,186,234,165,214,198	141	192
3154	18,28,27,18,22,15,25,29,18,19	59,73,55,65,84,44,51,63,69,69	22,21,21,19,26,23,32,21,16,13	74,74,68,67,72,70,84,72,61,52	140	252
3155	0,3,6,5,5,2,6,2,4,2	3,6,4,9,7,3,2,4,3,4	3,6,4,4,6,5,4,6,5,5	6,7,2,3,13,4,2,7,7,4	174	153
3156	427,430,405,424,384,288,316,312,367,361	388,418,420,426,342,294,328,323,340,362	444,390,481,402,398,406,430,400,324,310	420,367,401,445,413,404,382,369,304,269	182	212
3157	31,30,47,30,27,35,30,30,27,52	157,209,201,194,182,192,172,187,199,219	35,30,23,23,23,27,48,33,36,35	191,190,168,189,221,208,182,193,194,258	240	735
3158	44,47,47,50,30,44,49,41,46,53	49,55,74,47,42,59,49,41,37,70	53,52,36,54,46,58,45,43,52,40	60,43,38,41,34,55,66,46,59,42	283	240
3159	7,23,14,14,9,12,15,17,22,18	64,59,53,59,50,30,41,40,50,58	17,16,13,10,26,23,20,15,9,12	51,50,41,44,65,53,66,36,31,41	222	225
3160	57,42,45,41,39,33,36,36,43,48	58,70,64,71,59,44,47,62,58,79	45,41,27,40,55,46,60,33,19,31	74,70,71,59,79,78,66,62,58,52	225	243
3161	343,372,328,430,393,422,342,370,340,439	179,217,215,243,211,227,193,196,216,271	377,407,310,364,400,370,406,337,405,435	213,191,204,178,214,202,233,211,232,256	303	226
3162	83,115,106,133,117,148,115,141,88,146	199,209,170,241,227,228,196,202,187,232	132,118,109,126,109,119,153,132,152,136	222,225,173,211,218,219,217,209,206,266	128	303
3163	10,5,5,7,6,5,8,5,5,12	4,6,3,2,1,3,3,5,1,2	4,3,9,7,6,9,8,8,6,8	5,3,5,2,1,5,2,3,0,4	90	114
3164	247,296,315,343,296,144,211,238,228,235	281,333,332,331,258,151,190,245,246,250	289,250,218,273,314,298,315,233,209,139	293,242,207,288,305,280,331,244,202,127	180	171
3165	238,268,288,323,282,140,194,227,211,221	189,188,215,207,177,97,133,166,153,147	280,231,202,262,292,284,297,213,201,127	173,157,147,187,217,217,218,164,153,107	180	177
3166	146,166,163,169,149,78,110,138,132,130	198,215,243,227,191,101,150,178,170,162	132,128,117,119,162,141,175,137,102,66	184,174,164,200,239,232,236,185,161,120	171	177
3167	97,96,105,95,107,69,78,80,90,87	41,46,45,70,24,25,31,30,23,28	103,93,56,87,112,109,122,91,78,41	42,35,20,35,70,31,47,22,19,8	236	162
3168	3,10,9,12,12,3,15,8,9,9	77,93,99,87,87,68,68,73,82,81	11,9,12,4,9,7,9,10,16,9	101,82,52,72,104,121,110,82,60,31	134	236
3169	93,90,97,106,89,52,79,78,59,100	34,17,21,21,24,11,18,21,19,13	99,77,70,71,95,95,107,75,68,54	18,23,11,22,29,18,26,19,28,13	314	134
3170	72,90,118,118,83,50,70,77,71,86	59,60,54,71,52,31,56,70,56,63	68,105,89,68,112,93,93,78,74,43	55,53,48,54,60,58,73,45,40,26	262	169
3171	24,24,23,27,22,22,28,21,14,21	42,44,47,68,35,37,49,43,47,62	19,15,22,23,28,16,27,29,22,22	41,44,42,39,53,52,52,36,42,38	175	223
3172	5,9,6,9,12,6,2,9,4,4	22,26,31,32,28,12,20,23,20,21	6,5,6,2,12,10,16,10,6,6	35,18,12,24,37,18,30,18,20,10	87	87
3173	211,229,215,219,197,101,155,149,179,162	618,540,593,636,614,309,406,488,495,544	199,178,168,178,255,199,209,163,150,92	538,509,452,532,641,546,627,514,464,334	150	573
3174	0,0,2,0,0,1,0,0,1,1	141,154,184,173,178,99,144,131,158,145	0,0,1,0,1,0,0,0,0,0	158,155,124,150,212,179,184,162,128,107	141	135
3175	25,34,26,36,22,22,17,19,30,32	60,52,64,63,56,33,38,40,66,64	22,21,20,19,23,29,30,16,33,23	65,43,66,35,68,51,66,53,46,45	183	297
3176	116,151,136,141,133,111,128,120,122,126	106,92,88,110,100,82,80,99,82,87	142,130,129,106,142,132,142,113,134,93	91,84,80,87,95,100,106,92,99,64	185	149
3177	163,160,172,171,140,121,110,158,119,151	106,101,140,141,124,101,115,110,112,108	162,133,118,139,160,131,166,133,129,118	124,118,108,95,119,113,145,108,131,94	236	185
3178	41,45,57,57,65,15,21,38,28,33	66,61,76,64,75,22,48,49,48,39	59,43,37,39,46,43,48,40,42,11	66,56,51,52,90,53,66,54,52,23	190	196
3179	491,589,585,555,499,518,484,513,565,591	345,436,396,414,369,384,345,395,340,421	485,535,493,523,592,487,590,508,491,554	329,351,361,398,398,383,474,346,438,390	182	159
3180	38,55,50,58,53,32,30,48,50,45	54,54,70,86,44,43,38,69,48,60	44,40,39,47,58,47,59,48,36,25	55,52,56,52,46,53,65,39,54,44	129	192
3181	105,112,125,137,102,59,61,92,94,100	33,22,27,40,21,18,19,24,26,34	98,97,93,85,134,100,125,84,90,41	27,28,30,26,31,30,27,29,23,16	210	129
3182	129,131,134,167,137,84,89,92,104,122	93,136,132,204,128,80,93,94,117,103	142,116,135,101,131,119,138,97,110,82	143,120,107,111,163,113,168,109,130,68	202	209
3183	110,129,152,150,124,65,76,103,91,73	93,135,132,204,129,79,90,94,115,102	123,109,107,111,114,116,117,84,86,62	143,119,107,111,162,113,169,109,130,67	212	209
3184	110,130,152,150,124,66,79,103,93,73	162,202,175,219,170,109,110,120,125,136	123,110,107,111,115,116,117,84,86,63	173,155,172,161,164,166,183,129,152,110	212	202
3185	101,81,128,120,119,47,65,69,80,77	194,198,198,198,180,87,121,126,165,121	102,76,105,106,130,100,126,96,67,27	170,140,114,147,229,168,176,137,93,76	178	299
3186	201,211,207,231,206,83,126,144,156,127	75,50,57,73,50,28,30,41,44,46	199,144,150,162,229,174,181,129,103,78	57,51,45,43,86,60,61,60,38,22	299	144
3187	47,42,42,49,35,29,33,34,48,41	94,89,131,94,97,51,87,75,62,66	48,34,32,40,53,45,48,39,18,21	110,66,86,72,99,91,108,81,61,42	144	185
3188	41,43,59,64,57,38,42,34,44,41	70,85,89,89,81,64,55,55,56,76	47,37,46,48,49,49,55,37,43,30	72,79,57,74,77,91,80,87,75,62	126	144
3189	0,1,0,0,0,1,0,0,0,0	161,172,127,139,151,96,106,119,149,153	2,0,2,0,2,0,0,6,3,0	150,133,118,116,170,161,140,137,126,92	133	223
3190	36,37,44,38,37,18,29,31,35,34	20,29,32,35,28,13,22,23,25,33	38,34,30,25,40,47,36,35,22,17	34,24,23,23,22,29,22,28,15,21	156	152
3191	10,15,18,23,22,14,7,15,20,28	28,21,28,39,26,13,15,20,23,27	15,14,20,9,26,14,17,12,13,14	26,23,17,23,30,28,31,22,22,21	148	156
3192	1,0,0,2,0,0,0,0,0,0	49,42,41,46,33,16,30,35,44,39	0,0,0,1,0,0,0,0,0,0	55,30,29,33,45,35,48,33,31,26	98	202
3193	21,28,21,28,25,12,24,22,14,27	49,42,41,46,33,16,30,35,44,39	27,22,18,21,25,20,15,28,13,14	55,30,29,33,45,35,48,33,31,26	179	202
3194	7,12,16,13,7,5,8,9,6,6	27,32,47,38,31,19,19,22,28,24	16,8,7,6,16,9,11,5,11,7	37,39,26,27,46,30,34,29,25,19	115	215
3195	7,12,16,13,7,5,8,8,6,6	42,56,64,60,51,28,41,43,39,47	16,8,7,8,16,9,11,5,11,7	63,59,41,45,67,45,45,46,34,33	115	215
3196	151,157,152,157,152,88,119,126,102,149	112,91,102,102,91,52,99,82,94,97	152,141,124,116,162,149,152,111,155,98	124,92,88,88,134,107,114,79,98,85	220	381
3197	271,283,276,268,228,140,209,216,217,297	0,0,0,0,0,0,0,0,0,0	280,243,229,233,308,311,297,206,241,201	0,0,0,0,0,0,0,1,0,0	220	134
3198	353,408,390,417,372,199,295,294,321,371	0,0,0,0,0,0,0,0,0,1	437,325,327,366,431,416,380,335,333,231	0,0,0,0,0,0,0,0,0,0	209	134
3199	15,14,14,17,16,8,6,10,8,19	30,22,34,31,32,15,26,24,22,27	14,16,14,11,18,18,9,7,9,15	30,17,26,22,31,24,28,19,16,25	161	150
3200	9,5,7,10,4,3,2,10,6,5	2,0,0,0,0,0,0,2,2,4	7,9,13,3,10,10,7,3,9,5	1,1,2,3,2,4,4,5,0,0	165	118
3201	14,10,18,11,8,8,13,6,17,17	10,15,14,6,7,14,15,10,11,17	18,10,12,17,8,10,11,15,7,17	13,10,12,6,5,15,22,7,11,17	249	189
3202	10,12,9,11,10,8,11,7,7,11	10,15,13,6,8,14,15,10,12,17	13,6,3,7,8,6,7,5,11,14	13,10,12,6,5,15,20,8,11,17	174	189
3203	10,12,10,11,10,8,11,7,7,11	13,14,14,11,10,6,10,10,14,12	13,6,3,7,8,6,9,5,11,14	16,9,12,18,8,11,16,12,6,12	174	249
3204	1,2,3,4,4,2,5,2,8,1	2,6,8,11,10,11,10,15,9,8	4,2,2,3,4,7,7,3,4,7	13,10,5,4,4,7,10,6,14,6	174	221
3205	35,32,33,30,28,7,21,18,17,20	0,0,1,0,0,2,2,1,0,2	28,14,24,25,25,17,28,20,11,7	0,0,0,0,2,0,0,0,0,1	215	212
3207	45,47,50,55,45,32,29,43,41,40	55,49,48,59,75,42,40,40,56,53	53,40,44,46,64,54,56,31,31,34	55,61,41,59,55,67,51,52,59,32	159	221
3209	40,65,57,66,52,61,49,54,47,56	24,28,25,31,26,24,17,24,30,33	56,45,43,75,64,69,70,51,80,93	38,34,32,25,20,34,30,42,40,36	192	149
3210	5,11,5,2,6,6,4,4,5,3	54,54,38,38,35,47,35,33,43,42	3,12,6,3,6,4,11,6,2,6	37,28,33,43,53,33,45,35,39,26	112	121
3211	41,34,49,28,27,23,28,27,39,40	213,253,255,272,238,160,187,186,227,234	46,28,32,31,48,36,35,28,32,15	252,211,199,230,339,232,282,207,199,139	148	196
3212	38,45,33,41,34,16,39,26,43,52	202,196,230,225,222,146,157,184,163,206	43,35,49,32,39,31,44,33,31,14	221,201,192,186,234,226,233,191,189,143	152	189
3213	183,205,191,217,203,130,161,153,192,193	329,357,384,390,335,225,272,280,266,366	215,184,179,196,272,188,218,185,152,122	340,291,311,288,372,323,337,268,250,222	189	253
3214	81,83,124,107,97,119,117,118,104,120	253,250,244,213,197,247,195,212,233,229	82,99,113,117,70,103,113,135,153,150	208,200,197,228,221,177,236,231,255,263	149	217
3215	104,86,85,90,75,47,64,63,71,69	202,201,203,206,206,113,134,194,179,170	85,65,74,63,81,90,95,57,66,49	188,169,169,184,218,179,223,154,176,107	201	321
3216	79,81,78,92,59,44,61,50,64,63	100,83,87,85,93,33,74,76,83,76	78,61,67,65,84,96,85,50,57,32	92,73,64,66,101,72,100,80,73,55	213	201
3217	13,7,12,4,4,2,8,4,7,7	21,24,11,21,25,7,13,20,14,16	13,6,9,6,14,11,7,5,9,3	20,12,10,18,24,20,22,13,8,10	188	228
3218	16,13,4,11,10,2,5,14,6,13	8,11,4,14,15,1,7,5,6,5	17,10,7,11,14,9,9,8,2,3	7,11,3,2,15,4,7,3,5,4	228	156
3219	4,6,7,4,6,7,5,7,6,5	1,5,3,1,1,1,1,1,2,1	4,8,7,4,7,5,10,7,2,5	2,0,1,0,2,4,1,3,0,2	153	101
3220	2,2,3,1,1,2,5,2,1,0	7,2,7,14,8,6,4,8,14,3	3,2,0,3,3,3,0,0,2,1	9,7,10,9,9,10,9,5,6,0	122	153
3221	2,3,1,3,1,0,1,4,2,5	5,2,4,2,4,4,4,4,2,4	1,3,6,3,3,3,2,0,5,1	6,4,5,4,2,4,3,8,3,2	170	177
3222	0,0,0,1,0,0,1,0,0,0	35,26,26,21,21,18,17,20,32,29	0,1,0,0,0,0,0,0,0,0	25,22,24,25,31,26,35,16,22,15	275	87
3223	10,11,13,4,4,1,2,4,13,7	8,6,3,6,9,5,3,6,10,11	12,9,7,4,8,4,8,7,6,5	8,6,7,5,8,11,7,7,10,3	102	87
3224	1568,1873,1926,1833,1481,1347,1590,1526,1653,1964	108,116,130,160,115,114,126,106,103,132	1824,1548,1794,1741,2146,1968,2009,1670,1846,1486	122,124,111,136,167,143,128,130,116,103	498	179
3225	240,257,296,262,254,176,178,217,181,212	392,432,457,476,438,314,340,364,371,437	234,198,198,205,312,227,276,219,181,158	443,370,394,402,479,362,440,393,364,272	247	383
3226	260,286,304,288,254,259,252,266,249,310	122,124,97,102,145,123,95,114,108,131	272,255,290,308,268,274,293,240,313,282	131,113,114,125,132,112,149,122,151,115	220	145
3227	167,185,188,205,213,162,179,204,175,228	230,260,273,312,253,271,250,256,250,271	193,198,198,175,182,173,199,208,223,198	266,245,278,280,257,255,280,220,251,282	181	220
3228	213,219,264,266,246,193,191,262,203,237	298,391,340,366,361,325,326,337,368,384	265,231,229,233,249,251,280,225,231,203	363,324,314,345,417,370,383,352,409,295	249	218
3229	113,108,114,134,105,97,99,119,104,105	346,362,423,424,382,307,369,387,332,376	124,107,96,109,120,116,122,104,108,97	398,376,358,394,403,391,428,339,360,310	187	249
3230	60,82,68,75,69,64,61,67,68,73	106,126,114,121,99,91,94,89,103,117	59,66,72,61,74,97,75,64,77,51	87,112,116,119,121,132,113,107,91,110	204	201
3231	55,61,60,61,61,59,53,41,51,76	103,104,104,84,115,99,75,78,82,114	51,58,63,60,64,74,56,50,45,39	105,104,104,99,121,97,95,95,112,108	201	198
3232	124,143,143,123,137,116,93,103,120,135	37,41,42,36,35,39,24,43,36,46	126,129,136,140,152,142,128,137,116,141	51,41,50,38,42,49,45,43,52,34	198	171
3233	81,83,88,73,91,55,66,65,65,91	81,95,73,83,89,59,58,58,70,75	80,84,72,72,102,87,93,77,102,90	84,64,77,67,76,83,88,65,107,70	171	216
3234	477,588,566,571,517,487,469,497,480,579	946,1095,1055,1087,991,1022,944,1062,1020,1068	475,512,506,515,585,561,563,548,558,496	1125,1032,1023,1018,1100,1038,1092,979,1047,1119	220	282
3235	13,9,9,13,11,7,8,8,9,8	158,167,164,205,182,112,130,165,142,154	11,8,11,9,16,8,17,4,10,10	145,152,151,156,165,159,165,138,144,126	120	303
3236	54,44,40,54,39,51,47,48,64,65	57,34,45,39,27,48,45,43,40,49	56,57,41,49,48,51,58,47,67,50	59,49,43,52,40,42,54,40,32,62	220	190
3237	46,46,26,43,51,33,36,48,31,46	58,41,57,59,46,54,41,65,58,62	33,34,47,41,40,32,39,43,50,33	50,50,48,53,58,58,55,58,63,64	231	220
3238	44,34,37,34,25,20,23,25,29,24	48,40,50,42,50,35,53,36,41,42	49,32,19,40,34,34,33,56,33,36	60,43,55,38,50,54,52,75,51,51	206	193
3239	2,2,3,0,3,2,1,2,4,0	59,69,60,72,60,43,60,56,60,55	4,0,2,3,3,6,4,5,2,1	61,59,66,63,71,70,78,64,49,48	177	333
3240	5,11,5,2,5,2,1,6,5,3	59,69,60,72,60,43,60,56,60,55	12,3,4,4,5,8,12,7,2,4	63,59,66,63,70,72,79,63,49,48	177	333
3241	56,65,83,74,68,74,53,58,82,101	50,48,50,59,44,34,38,34,37,50	86,81,79,81,68,66,87,81,66,91	46,42,35,53,58,51,61,40,55,47	141	126
3242	6,7,6,8,13,4,5,11,7,6	0,1,0,0,0,0,0,0,0,0	7,10,4,5,6,8,7,8,11,10	0,0,0,0,0,0,0,0,0,0	196	128
3243	0,0,0,0,1,0,0,2,0,0	0,0,0,2,1,1,2,0,0,3	0,1,2,3,0,0,2,0,0,0	0,0,0,0,0,1,3,0,0,4	285	151
3244	0,0,0,3,1,1,0,0,0,0	2,5,6,6,5,1,2,1,5,3	0,0,0,0,0,1,1,0,0,3	5,1,6,4,1,4,3,2,3,3	151	143
3245	0,0,0,2,0,0,0,0,0,1	2,1,4,4,5,1,1,2,3,2	0,0,0,0,0,0,0,0,0,0	0,0,3,2,1,2,2,0,1,0	151	143
3246	0,0,0,0,1,0,0,1,0,0	17,13,12,14,12,9,6,5,8,10	1,0,0,0,0,0,0,0,1,0	12,8,13,5,11,14,14,7,5,4	179	198
3247	835,1153,999,992,896,877,741,855,840,946	572,621,600,615,554,596,482,582,526,575	987,835,819,1039,1034,974,1083,863,1070,873	651,545,578,618,617,650,656,519,651,579	258	193
3248	990,1157,1033,1053,1024,635,739,829,813,799	211,303,218,241,266,161,179,217,161,221	1183,882,846,1014,1146,1034,1046,926,844,586	250,227,194,219,273,255,257,222,235,173	312	136
3249	214,303,281,302,273,177,197,204,187,210	219,251,237,214,236,155,149,204,181,184	261,225,209,233,250,265,268,207,230,119	277,203,204,220,259,222,270,162,182,111	177	141
3250	202,274,240,266,232,166,200,221,214,230	264,307,334,299,275,214,256,257,238,283	247,249,247,291,252,251,273,243,214,167	257,263,271,291,307,293,364,294,269,201	303	306
3251	152,148,161,189,152,72,105,114,127,128	92,130,104,127,133,73,83,100,98,109	131,158,160,141,168,169,157,146,126,103	132,107,116,112,105,133,144,146,94,64	557	241
3252	0,1,0,0,2,1,1,1,0,1	77,84,86,85,81,23,40,67,45,69	1,0,1,3,2,1,2,0,0,0	90,57,68,58,77,54,64,42,40,25	159	159
3253	0,1,0,0,2,1,1,1,0,1	57,63,64,60,58,18,33,53,36,60	1,0,1,3,2,1,2,0,0,0	66,36,54,53,60,47,50,29,38,17	159	156
3254	23,24,28,29,25,10,10,21,16,16	169,176,198,195,203,91,120,134,116,145	29,23,20,12,20,13,16,17,7,9	166,123,161,145,234,166,187,123,113,64	159	205
3255	0,2,3,2,2,4,0,0,2,2	131,140,141,159,168,71,100,105,92,116	2,0,0,0,2,1,0,0,0,0	131,97,125,113,181,126,152,95,95,56	159	205
3256	3,3,6,4,2,5,3,7,7,7	169,176,198,195,203,91,120,134,116,145	5,2,6,7,3,6,2,4,5,1	166,123,161,145,234,166,187,123,113,64	156	205
3257	171,168,158,192,179,174,150,157,165,206	0,0,0,1,0,0,0,1,0,0	172,169,141,183,178,153,202,175,198,161	0,0,0,0,2,1,1,1,0,1	135	161
3258	67,63,80,87,77,9,50,32,50,36	135,134,151,117,141,31,56,83,109,80	54,55,52,56,74,52,79,40,20,16	104,101,120,110,158,131,118,79,51,34	167	306
3259	135,118,109,101,135,74,74,119,114,105	88,113,85,72,106,65,71,71,91,73	104,83,116,127,102,92,133,129,71,65	95,77,81,79,87,74,93,84,69,57	255	208
3260	35,67,54,45,54,44,37,53,41,34	86,108,75,116,108,96,102,106,111,102	43,39,55,41,52,35,42,44,40,47	113,81,108,100,114,91,115,113,93,90	177	152
3261	242,220,253,256,208,169,221,209,210,231	466,441,528,543,383,442,415,384,389,413	276,209,245,243,283,258,269,209,215,230	486,417,454,451,514,460,495,388,461,391	218	296
3262	68,95,76,81,64,47,48,66,60,63	77,120,89,94,79,54,50,76,67,66	72,47,61,74,61,49,77,54,33,38	72,73,69,75,73,67,91,69,60,63	195	185
3263	176,205,186,165,151,121,124,146,150,137	70,88,68,67,68,52,47,64,64,67	197,167,161,172,171,163,197,175,160,75	76,65,61,67,62,64,83,53,59,38	645	198
3264	78,84,68,51,43,44,52,56,43,55	32,60,32,49,41,31,26,43,38,45	73,64,62,83,47,68,54,65,54,33	50,50,34,38,39,46,47,44,43,30	198	198
3265	42,69,51,55,43,60,39,67,56,55	63,77,67,51,48,64,41,67,56,66	66,45,54,49,33,64,63,55,75,54	64,60,50,60,55,69,73,66,51,52	198	198
3266	39,66,48,54,41,58,39,67,56,53	58,57,39,38,35,56,42,48,51,40	66,44,54,49,33,63,63,55,75,54	62,46,58,43,44,61,67,51,48,46	198	198
3267	3,14,3,7,2,9,9,8,7,7	36,33,37,36,49,42,31,33,35,39	3,6,1,6,3,3,9,8,12,11	28,34,26,37,34,24,29,21,26,39	216	241
3268	69,81,82,85,78,60,50,74,59,59	71,74,75,81,70,61,52,77,61,63	88,70,63,79,64,71,75,66,67,54	60,54,69,56,86,68,67,70,64,43	272	245
3269	37,22,24,27,21,17,16,24,16,20	93,109,102,119,122,69,85,103,81,90	23,23,24,24,32,25,24,21,14,15	133,98,97,115,81,88,108,84,97,90	148	272
3270	279,328,311,333,259,221,253,275,286,240	304,312,294,341,309,258,251,297,273,323	294,265,249,323,354,287,367,286,300,211	319,288,266,282,324,306,353,297,347,275	263	234
3271	230,244,216,236,214,197,170,178,203,241	305,381,372,350,303,262,276,303,294,320	230,198,206,264,242,222,271,228,244,198	295,270,271,321,321,309,333,305,306,291	166	261
3272	0,0,0,0,0,0,1,0,0,0	1,0,0,0,0,2,0,0,0,0	0,0,0,1,0,1,0,0,0,0	0,0,0,0,0,0,0,0,0,0	150	177
3273	4,7,8,7,2,1,8,2,7,4	153,177,159,161,140,58,77,113,98,103	3,3,9,6,15,10,11,2,1,4	152,111,116,149,192,134,168,129,64,42	120	365
3274	1,1,0,0,1,0,0,0,0,0	12,23,17,17,15,9,4,19,17,20	0,0,1,1,0,0,1,3,0,1	14,13,9,21,15,13,15,9,28,15	182	139
3275	2,1,5,5,4,3,2,1,3,6	2,2,2,2,2,2,0,2,2,4	3,3,4,3,8,6,7,3,3,4	3,3,2,3,3,2,1,2,0,3	184	158
3276	360,481,418,442,426,478,453,434,481,467	231,229,260,252,207,245,234,234,290,235	452,450,398,404,418,421,486,433,486,540	239,238,189,231,251,184,266,257,274,265	138	195
3277	835,1047,890,941,957,995,905,945,958,1051	230,269,270,250,301,270,229,259,266,282	907,940,725,953,1069,875,1139,957,1152,1191	212,230,223,280,240,245,279,228,273,276	156	138
3278	15,27,20,13,20,9,20,16,11,13	2,2,1,1,1,0,3,1,1,1	18,6,23,14,15,22,21,18,12,9	2,1,2,1,2,1,0,0,1,1	171	93
3279	148,147,191,179,126,160,143,172,178,175	98,134,100,120,106,165,111,141,111,132	165,163,145,204,144,137,142,163,163,177	131,108,130,116,114,126,117,130,170,164	134	135
3280	61,85,70,75,70,76,64,64,67,92	52,60,72,52,60,69,48,70,60,79	75,64,69,65,75,91,94,63,109,102	62,71,38,53,80,48,63,55,65,51	207	185
3281	18,23,35,19,21,28,19,26,26,20	34,39,38,42,40,31,26,38,40,22	30,25,23,19,28,15,20,25,30,18	32,37,58,23,26,35,47,41,35,52	171	194
3282	80,120,97,106,88,76,91,68,91,98	0,0,0,0,0,0,0,0,0,0	103,84,81,84,106,109,95,87,62,41	0,1,0,0,1,2,0,0,1,0	153	153
3283	3,3,3,1,8,2,4,2,7,2	7,8,6,3,6,5,5,8,0,4	6,3,2,5,11,3,8,3,1,0	2,3,2,0,4,9,2,5,2,2	250	174
3284	1,3,2,2,6,1,0,4,2,3	5,7,6,3,6,5,5,7,0,3	5,0,2,5,1,2,5,3,4,0	2,3,2,0,4,9,2,4,2,2	195	174
3285	305,378,331,381,311,355,321,329,319,430	153,199,168,202,158,234,159,203,146,232	344,326,320,339,354,362,386,333,356,352	205,175,194,167,186,144,207,178,199,179	207	168
3286	298,281,280,284,265,204,194,227,214,287	79,81,81,96,71,58,61,83,79,69	246,220,236,251,275,254,283,230,252,238	70,84,65,90,89,92,96,97,87,58	315	156
3287	1,4,3,1,1,0,1,2,0,0	1,1,3,3,2,0,1,1,0,2	2,1,0,1,2,0,1,2,2,0	2,3,2,1,9,3,5,1,2,1	147	145
3288	53,72,82,66,54,39,61,63,60,61	22,18,24,23,12,14,15,14,21,16	69,68,62,57,96,73,65,54,66,58	19,12,20,17,21,23,14,20,22,19	288	137
3289	227,227,230,239,229,215,241,220,198,279	106,95,126,137,98,95,93,110,111,134	247,205,235,207,252,230,261,226,244,212	124,103,135,100,101,124,116,107,105,130	273	201
3290	163,128,170,165,145,101,113,117,99,129	73,66,93,78,74,48,62,78,80,76	153,127,117,125,159,146,142,106,99,75	78,82,69,48,97,76,78,78,75,52	266	170
3291	125,156,145,169,135,105,91,117,115,114	322,354,336,339,307,254,233,263,272,306	136,135,127,144,147,132,142,133,119,97	329,303,287,341,335,292,306,258,287,274	198	247
3292	248,265,257,268,232,182,188,188,217,244	171,194,194,214,191,157,121,141,156,186	275,227,233,223,281,253,268,231,202,161	185,194,161,200,192,165,183,165,172,137	424	198
3293	247,267,269,257,228,175,192,186,218,263	171,194,194,214,191,157,121,141,156,186	291,221,236,230,305,279,289,230,203,175	185,194,161,200,192,165,183,165,172,137	424	198
3294	239,255,252,256,223,174,186,181,207,240	171,194,194,216,191,157,121,141,156,186	267,218,223,209,272,241,260,215,191,156	185,194,161,200,192,164,183,165,172,137	424	198
3295	97,94,108,140,110,62,70,85,123,106	197,205,186,187,214,123,150,154,149,146	111,115,98,101,114,109,128,96,110,87	181,175,161,201,218,209,222,181,155,171	229	301
3296	48,59,48,68,63,60,43,58,58,69	59,60,59,55,44,61,51,50,54,62	55,50,44,57,54,52,70,55,59,60	57,66,56,58,68,44,58,66,67,46	164	153
3297	0,1,0,1,1,1,2,4,3,3	2,1,3,5,2,2,2,2,1,2	4,0,0,0,2,1,1,1,0,3	5,1,1,0,8,2,0,0,2,2	283	250
3298	11,4,12,8,11,4,11,3,2,9	18,18,12,19,20,10,14,10,12,16	16,6,1,9,19,12,15,7,3,2	22,16,14,12,14,11,15,9,8,7	204	246
3300	116,162,143,131,146,122,134,139,136,155	84,93,72,99,106,95,67,86,80,110	134,115,122,138,132,117,145,132,174,148	87,87,85,69,98,98,88,70,113,98	238	158
3301	48,35,49,52,50,43,35,43,61,49	30,56,44,48,46,34,33,42,40,57	46,50,42,45,51,45,56,41,36,25	34,46,34,53,41,44,41,46,42,46	146	116
3302	53,62,53,72,63,25,29,46,39,47	8,27,7,13,15,7,3,5,11,9	48,45,44,52,65,46,64,42,25,22	13,11,10,10,9,15,10,3,7,4	176	155
3303	20,17,17,27,24,9,9,16,9,8	18,34,22,18,33,4,13,25,18,21	18,5,21,19,22,21,21,9,7,2	21,10,24,18,26,32,26,14,4,6	132	141
3304	17,7,12,16,9,2,9,5,5,8	31,22,30,36,35,5,10,18,19,14	13,4,15,9,25,13,15,11,5,2	36,23,29,27,38,29,32,22,12,12	184	171
3305	10,5,12,13,8,13,8,24,10,9	35,34,50,61,30,49,33,45,50,48	8,12,7,12,12,10,15,14,13,18	47,44,57,47,56,38,56,45,55,31	132	220
3306	29,34,34,25,16,37,30,32,20,30	6,18,11,16,21,16,21,20,15,20	19,26,32,22,35,31,22,24,40,39	25,18,14,20,14,18,12,16,20,24	168	147
3307	8,12,6,11,11,5,12,7,7,11	3,1,2,3,5,3,2,7,4,4	7,7,4,2,11,11,7,3,6,12	7,8,2,8,2,1,3,3,8,3	113	113
3309	5,5,6,1,4,5,7,7,5,6	10,21,21,20,12,22,23,21,28,17	1,4,6,4,7,2,1,7,8,7	25,24,26,13,32,15,23,12,20,16	101	184
3310	64,46,57,76,63,19,39,29,41,40	41,33,38,31,33,10,18,22,21,18	68,38,50,42,89,50,68,33,14,13	41,27,26,26,44,25,34,19,14,7	207	176
3311	52,33,73,37,52,13,17,32,34,30	35,38,42,54,36,13,12,16,21,20	68,38,32,40,65,33,51,14,21,7	51,25,25,35,48,33,30,13,8,6	258	207
3312	10,5,7,10,8,4,8,11,10,4	40,50,32,53,41,18,29,26,30,25	13,9,4,5,10,13,12,3,5,4	35,33,32,32,46,26,43,27,31,26	152	212
3313	83,92,85,80,85,33,70,73,72,95	85,92,93,117,90,43,73,69,61,78	81,73,73,70,93,62,92,71,67,41	93,94,97,95,103,91,86,84,63,64	151	168
3314	108,81,70,102,87,51,65,91,75,81	226,235,211,222,197,145,172,156,182,214	112,90,75,86,104,78,98,73,91,49	254,204,195,186,228,210,228,227,169,156	154	196
3315	169,196,216,238,221,169,172,157,170,226	108,94,126,125,126,91,88,117,113,113	222,177,185,206,200,190,204,174,188,223	89,100,108,115,113,103,119,91,113,126	216	192
3316	59,93,66,97,78,76,82,65,64,111	123,104,138,116,137,111,86,105,102,115	91,78,70,71,91,82,87,83,88,94	118,108,95,120,117,130,102,118,128,131	136	216
3317	11,9,18,25,18,6,12,14,14,13	13,19,18,15,14,5,11,12,13,11	14,14,10,9,18,14,28,15,8,4	11,8,21,17,14,19,17,14,11,9	132	177
3318	0,0,0,0,0,0,0,0,0,0	5,8,12,13,8,3,9,4,1,3	0,0,0,0,0,0,0,1,0,0	10,3,4,6,15,4,7,8,8,3	88	136
3319	232,273,259,295,249,218,235,252,234,257	248,240,270,278,231,253,203,244,250,308	282,235,237,240,263,253,301,215,278,316	288,257,254,250,268,227,265,255,257,321	289	235
3320	36,46,36,55,48,30,29,42,27,40	33,33,39,31,34,25,17,35,26,31	41,33,45,46,52,43,37,36,43,28	41,36,34,42,39,39,31,30,33,21	127	162
3321	22,16,18,14,15,4,10,18,17,13	51,35,46,42,34,26,15,36,19,41	13,13,7,11,13,11,12,4,2,16	45,30,22,38,33,26,33,32,20,14	207	340
3322	21,31,22,18,17,7,11,25,11,16	26,23,27,29,16,12,16,17,19,24	14,17,16,7,29,19,26,19,12,10	39,23,14,19,13,21,24,19,23,9	178	291
3323	26,29,29,49,46,21,35,28,26,29	36,43,46,53,49,33,41,49,32,46	28,33,28,33,56,26,34,29,26,28	60,45,42,38,73,46,57,43,32,43	163	205
3324	26,29,29,47,46,22,35,28,26,29	52,52,55,49,51,41,46,35,38,36	28,33,28,33,56,26,34,29,26,28	49,48,43,49,68,39,62,38,41,42	163	151
3325	79,70,51,74,64,56,41,62,62,65	59,77,57,64,55,41,36,41,44,64	66,52,65,76,76,62,54,66,69,70	52,60,56,48,68,45,62,45,66,60	242	192
3326	5,3,4,7,9,7,5,4,3,4	69,52,43,55,40,58,33,48,56,53	8,0,5,8,9,5,3,6,7,6	52,47,50,65,61,47,36,50,54,55	101	242
3327	21,19,15,29,15,32,19,33,26,27	21,38,22,30,32,34,24,27,27,14	12,39,17,34,23,27,19,40,31,24	33,37,30,49,29,22,29,31,34,40	226	168
3328	12,30,19,24,26,19,17,24,17,10	58,57,43,44,44,85,41,58,46,68	18,22,20,27,15,11,11,28,23,25	43,43,60,73,53,51,68,72,92,70	168	215
3329	229,216,242,215,212,174,193,218,217,255	364,417,430,469,401,293,348,325,387,461	222,181,217,218,262,226,258,210,205,168	427,392,345,399,411,450,476,393,347,262	147	138
3330	13,17,15,14,19,10,10,9,7,14	76,94,112,115,104,59,85,87,83,88	11,13,11,11,24,13,16,13,10,10	70,103,88,87,134,83,121,94,101,69	148	137
3331	13,16,15,15,19,10,10,9,7,14	66,68,77,75,53,46,58,50,75,53	11,13,12,11,24,12,16,13,12,11	66,64,69,61,74,68,54,61,52,41	148	160
3332	45,61,48,54,51,39,37,51,53,51	65,69,77,75,53,46,58,50,75,53	51,45,46,40,67,44,54,43,38,45	66,64,69,60,73,69,54,60,52,41	137	160
3333	44,61,48,54,50,39,36,51,53,51	28,18,23,37,17,15,20,21,17,18	51,45,45,39,68,43,53,43,38,45	26,14,14,23,28,30,16,16,29,13	137	160
3334	44,61,48,54,50,39,36,51,53,51	69,57,76,72,71,71,69,54,56,61	51,45,45,39,68,43,53,43,38,45	72,66,59,50,78,75,65,59,45,53	137	165
3335	28,18,23,37,17,15,20,21,17,18	69,57,76,72,71,71,69,54,56,61	26,14,14,23,28,30,16,16,29,13	72,66,59,50,78,75,65,59,45,53	160	165
3336	119,127,153,165,145,87,115,121,110,118	70,57,76,71,72,71,72,54,56,61	108,138,111,128,171,126,160,124,141,86	72,66,59,51,78,76,66,59,43,52	160	165
3337	96,114,138,144,133,77,97,103,99,104	95,125,124,133,124,105,89,102,101,125	88,129,103,114,153,105,150,112,121,75	143,116,106,129,123,106,156,122,114,102	160	135
3338	73,80,88,77,63,58,70,61,81,59	118,137,139,154,136,117,105,120,112,140	76,74,79,61,80,80,66,75,52,46	163,125,114,143,143,127,166,134,135,113	165	135
3339	15,11,22,34,19,16,20,28,10,27	57,92,80,83,70,62,72,66,74,84	16,21,20,32,18,19,24,28,25,21	82,68,78,73,72,60,92,82,84,71	104	174
3341	559,562,583,623,499,521,527,509,556,673	529,498,546,564,478,528,484,491,473,597	601,576,596,547,609,623,703,588,631,589	509,515,549,524,581,502,516,535,573,629	158	154
3342	184,154,200,143,143,158,157,181,172,186	121,125,101,134,102,107,105,117,120,111	149,177,150,166,200,173,174,173,172,184	97,98,93,122,113,100,144,98,110,122	199	183
3343	301,300,335,371,282,203,229,260,255,263	517,549,610,627,557,375,487,425,483,545	247,259,308,274,316,309,348,277,263,244	503,547,478,447,598,510,626,494,444,438	347	313
3344	22,38,34,23,27,23,21,23,13,20	96,107,119,111,108,64,59,84,86,71	22,21,26,15,24,15,25,17,22,14	101,80,79,94,127,91,127,85,52,64	162	220
3345	2,5,2,2,4,1,1,1,3,5	91,88,64,87,96,70,63,61,83,97	4,3,3,4,3,5,6,3,4,3	106,86,65,57,101,73,107,74,73,80	169	878
3346	1,3,0,3,3,0,1,2,4,0	21,28,18,32,27,18,25,26,36,35	5,0,4,1,1,4,2,2,4,5	27,36,37,29,34,35,37,28,23,21	295	164
3347	22,25,16,18,26,14,11,10,13,24	21,28,19,32,27,18,25,26,36,36	25,27,17,15,34,20,23,31,21,20	27,37,37,29,33,35,37,28,23,21	151	164
3348	58,36,61,50,41,29,37,32,34,43	78,67,65,82,72,59,60,48,41,62	41,33,46,45,57,54,50,30,19,19	68,70,65,61,98,75,56,38,53,39	173	177
3349	22,21,35,37,27,14,13,26,20,21	31,21,37,21,26,13,6,26,11,13	34,19,29,23,43,20,42,39,26,20	21,22,23,21,28,25,33,25,19,12	181	206
3350	35,38,22,34,34,20,25,29,36,34	34,53,39,44,45,29,30,39,35,35	25,23,29,24,23,38,42,38,30,33	37,36,25,50,55,35,57,30,43,33	152	222
3351	183,196,226,213,150,164,192,212,223,207	152,139,138,140,122,139,141,161,148,174	214,214,190,230,191,218,267,207,188,250	155,159,139,174,121,151,174,147,179,152	207	150
3352	9,19,10,13,11,12,9,12,18,8	105,139,98,118,116,139,95,100,112,148	5,21,12,11,9,18,11,9,19,14	116,107,114,125,118,98,122,89,122,123	93	186
3353	0,1,0,0,0,0,0,0,0,1	0,1,0,2,0,1,0,0,0,0	0,0,0,2,0,0,1,2,0,0	1,0,0,0,0,0,0,0,0,0	145	105
3355	47,53,33,43,48,20,29,27,40,49	1,0,2,1,0,1,0,0,1,1	57,44,52,48,42,57,58,47,58,22	0,0,0,0,1,1,1,1,0,0	213	138
3356	288,313,334,356,312,135,186,186,228,228	25,27,33,30,24,10,16,13,22,22	367,258,288,264,368,297,331,268,195,129	21,18,21,24,34,14,17,13,16,14	564	117
3357	5,2,4,5,7,2,4,6,3,9	6,11,5,2,5,5,4,11,7,5	5,1,3,3,6,9,10,7,6,7	4,3,7,5,6,1,7,7,5,5	141	161
3358	87,100,75,94,77,85,62,73,60,81	3,1,1,2,4,1,0,2,4,1	104,69,60,88,69,86,93,85,115,105	2,3,1,4,4,2,2,3,6,0	129	195
3359	22,40,29,24,23,20,36,24,18,17	21,17,18,21,28,16,25,14,15,25	25,18,32,26,33,18,22,24,26,31	20,15,20,9,23,28,13,12,13,17	137	130
3360	53,47,52,49,51,41,45,41,48,35	47,43,48,48,35,33,31,43,39,55	42,32,33,38,43,26,49,39,69,37	38,47,32,33,52,27,42,44,45,48	144	142
3361	13,13,17,21,14,14,11,12,19,13	8,13,13,11,8,11,5,10,12,10	25,21,11,10,17,19,22,5,13,13	9,8,13,9,9,8,13,12,3,7	137	217
3362	13,13,17,21,14,14,11,12,19,13	27,31,43,37,26,30,40,31,37,46	25,21,11,10,17,19,22,5,13,13	28,22,30,34,31,39,41,38,23,26	137	194
3363	66,98,80,91,76,53,64,66,67,77	30,37,36,39,34,15,32,37,29,24	107,74,69,59,122,87,88,65,70,55	35,46,20,36,35,26,45,26,39,21	209	139
3364	66,98,80,91,76,53,64,66,67,77	0,0,0,0,0,0,0,0,0,0	107,74,69,59,122,87,88,65,70,55	0,1,0,0,1,0,0,1,0,0	209	148
3365	1579,2000,2150,1988,1636,2373,1833,2029,1908,2390	551,678,614,751,667,802,683,697,675,718	2170,1906,2054,1980,2034,1963,2205,2014,2483,2675	695,680,666,656,713,662,750,664,805,804	205	114
3366	27,35,42,26,24,12,20,25,35,21	0,0,0,0,0,0,3,1,1,0	42,31,36,20,38,30,51,22,22,9	2,1,0,0,0,0,0,0,0,0	207	192
3367	52,46,32,31,44,35,36,39,39,35	40,32,33,35,37,42,24,27,45,38	53,46,42,38,49,37,50,38,33,32	46,44,42,31,41,28,39,31,34,28	221	159
3368	44,50,40,31,45,35,38,46,44,35	40,33,33,35,37,42,24,27,44,40	52,47,47,33,52,37,56,37,36,32	46,44,42,31,41,28,39,31,34,28	221	159
3369	44,50,40,31,45,35,37,47,45,35	96,109,112,106,81,86,61,91,107,93	52,47,47,33,52,37,56,36,36,32	100,108,72,90,111,110,110,74,88,85	221	279
3370	18,18,21,16,25,22,23,22,18,19	96,109,111,106,81,85,62,91,107,93	19,18,18,28,26,24,19,18,15,19	100,108,72,90,111,110,110,75,88,85	159	279
3371	96,85,110,101,79,96,61,79,104,102	103,102,117,114,76,79,93,91,114,126	106,113,76,86,102,89,112,85,88,72	105,96,103,107,109,98,100,101,95,73	279	234
3372	93,111,90,88,73,71,67,78,97,102	79,76,79,77,82,81,63,90,83,83	89,86,79,97,97,99,80,67,76,72	89,79,82,77,78,93,94,62,72,69	234	234
3373	24,12,19,15,10,14,11,24,21,12	14,19,17,20,26,16,14,30,18,20	12,17,18,12,16,23,15,6,18,20	18,16,12,9,23,19,30,16,12,14	171	169
3374	33,45,41,45,34,29,27,30,24,41	30,41,37,44,41,41,38,26,35,31	38,28,37,41,34,37,39,34,35,32	44,33,22,43,30,45,25,41,38,45	202	194
3375	150,148,166,189,148,113,132,119,138,166	27,27,29,23,28,31,31,27,34,41	159,149,145,121,171,140,157,119,142,120	32,22,32,26,30,35,39,13,27,28	928	243
3376	120,121,119,140,117,143,119,123,145,132	28,23,36,28,18,19,18,33,24,35	133,139,136,138,145,138,149,150,159,161	35,35,33,37,34,26,26,30,31,31	162	144
3377	11,9,14,12,11,4,10,7,10,10	16,23,22,13,24,13,13,13,18,16	20,11,12,8,12,11,11,10,16,5	14,16,8,11,14,15,17,17,11,5	146	145
3378	9,12,11,10,15,15,7,12,15,18	14,15,14,10,12,11,14,13,16,7	13,9,10,10,11,13,22,9,11,16	14,7,15,11,14,12,6,13,15,7	240	221
3379	304,323,327,315,258,348,264,308,338,383	87,114,100,127,107,126,99,119,104,165	328,312,275,286,328,322,361,311,367,320	115,107,93,98,110,120,124,111,160,131	235	126
3380	21,13,18,27,18,21,8,13,16,24	16,17,16,16,14,16,14,7,14,20	30,18,17,8,15,12,19,22,15,24	19,18,17,13,14,16,15,21,17,19	164	166
3381	137,130,163,185,141,158,114,145,140,162	209,190,185,207,164,180,205,195,162,195	167,161,149,162,171,135,151,130,152,179	194,162,178,233,220,202,221,213,187,204	248	180
3382	218,199,254,277,216,254,182,230,222,264	209,190,185,207,164,180,205,195,162,195	250,259,227,251,266,216,251,206,254,269	194,162,178,233,220,202,221,213,187,204	229	180
3383	14,8,14,13,11,8,14,11,12,14	145,157,154,162,139,121,126,160,162,151	9,12,16,12,15,8,6,10,11,12	143,133,115,160,167,176,160,138,165,153	169	164
3384	13,11,17,16,11,12,15,15,15,15	145,157,154,162,139,121,126,160,161,151	13,13,17,12,17,9,7,11,13,15	144,133,117,160,167,176,160,138,165,153	169	164
3385	52,56,62,57,45,47,37,55,64,58	145,157,154,162,139,121,126,160,161,151	42,45,63,37,70,53,57,59,50,54	143,133,117,160,167,176,160,138,165,153	169	164
3386	1,4,2,4,3,2,3,1,2,2	0,0,0,1,0,1,0,1,0,1	5,0,4,3,1,6,3,3,1,3	0,1,1,0,0,1,0,1,1,2	123	204
3387	0,0,2,0,0,1,0,0,0,1	8,6,7,14,8,9,7,11,12,10	0,0,2,1,0,3,4,1,0,1	8,8,8,7,7,6,10,7,11,5	123	183
3388	3,8,9,6,8,8,6,5,6,3	1,1,0,4,5,2,3,2,3,6	5,3,4,4,9,6,6,2,7,6	1,1,2,4,4,3,4,1,1,3	136	122
3389	301,354,334,385,364,346,287,361,321,392	219,241,251,279,242,188,234,227,201,266	368,354,379,393,333,336,406,385,372,355	274,268,254,300,288,257,262,273,264,266	159	138
3390	361,302,319,329,277,178,301,295,315,332	492,512,533,588,541,414,440,477,422,569	376,283,360,280,388,320,359,312,272,273	563,530,506,513,563,530,568,476,504,422	167	158
3391	130,128,132,138,99,75,98,119,153,127	492,512,533,588,541,413,439,477,422,569	138,98,137,137,195,146,173,149,109,119	564,530,506,511,563,528,568,474,504,422	206	158
3392	130,128,132,137,99,76,99,119,153,127	331,305,360,366,309,240,336,337,302,384	138,98,137,138,195,148,173,151,109,119	410,337,374,372,375,363,399,368,282,298	206	167
3393	2202,2545,2466,2633,2523,2205,2024,2089,2197,2728	679,685,740,731,665,593,608,633,665,676	2365,2353,2392,2339,2569,2575,2785,2321,2605,2224	716,707,692,706,722,702,771,653,662,605	197	157
3394	1511,1588,1669,1777,1695,1363,1304,1309,1386,1680	2140,2280,2377,2460,2346,1983,1916,2087,2093,2423	1597,1525,1518,1489,1667,1639,1814,1446,1575,1337	2233,2127,2235,2236,2347,2400,2636,2222,2353,1993	167	234
3395	43,55,54,55,49,52,50,58,50,68	55,51,46,68,66,39,52,60,56,66	57,65,47,51,47,60,52,46,77,69	64,50,56,68,53,39,56,54,65,75	133	179
3396	35,32,45,27,27,26,22,32,35,33	1,0,0,0,0,0,0,0,0,0	26,35,28,28,43,39,28,27,34,21	0,0,0,0,1,0,1,0,0,1	136	256
3397	57,71,65,49,57,31,42,37,37,36	200,231,240,233,266,101,153,185,167,176	47,44,55,48,62,48,64,39,39,19	254,165,194,212,260,233,264,156,157,84	204	388
3398	69,65,73,76,72,44,48,36,60,73	116,111,119,106,103,71,105,99,87,112	65,52,52,49,82,63,69,67,55,43	134,100,101,81,112,86,92,102,105,61	140	233
3399	78,91,68,85,61,56,69,70,54,90	16,28,23,14,27,20,21,24,30,27	73,52,53,81,83,78,77,77,80,61	26,19,20,21,26,22,27,22,23,11	204	108
3400	97,120,88,87,72,81,97,91,97,102	80,89,78,73,82,64,87,70,78,86	87,70,83,103,80,62,83,85,112,85	70,70,58,84,103,90,95,71,81,60	244	204
3401	98,100,124,134,132,113,101,99,140,151	154,186,196,209,190,162,164,191,191,186	123,112,113,119,137,111,131,81,109,112	220,216,191,192,207,201,228,174,208,181	160	202
3402	81,98,107,108,69,113,86,99,111,121	116,111,110,141,118,101,85,101,98,136	97,93,87,107,98,92,136,96,81,93	116,119,117,105,97,148,133,112,117,124	126	160
3403	57,43,59,46,39,37,37,46,60,49	7,15,16,20,14,19,20,26,22,18	49,38,38,39,72,58,63,71,52,44	16,16,21,16,20,13,14,19,18,11	180	105
3404	15,23,25,26,23,24,20,23,26,30	7,15,16,20,14,19,20,26,21,19	25,23,17,18,33,23,28,30,23,22	16,16,21,16,20,13,14,19,17,11	180	105
3405	173,162,137,181,161,136,174,164,155,170	148,146,141,134,123,91,105,106,123,126	182,142,162,169,176,187,211,155,171,161	147,127,126,127,144,131,145,142,140,123	201	182
3406	173,162,137,181,161,136,174,164,155,170	84,77,79,75,69,48,62,58,65,84	182,142,162,169,176,187,211,155,171,161	70,59,61,71,79,64,86,74,81,70	201	246
3407	168,169,230,148,144,53,101,109,113,124	244,263,276,242,241,91,145,176,153,179	148,133,135,158,199,156,174,137,107,64	232,159,179,201,279,223,244,163,147,89	156	201
3408	32,37,43,54,44,18,29,18,32,32	253,270,281,248,249,92,147,180,160,187	48,30,41,32,61,50,37,38,25,19	235,163,180,213,283,231,249,166,149,90	102	201
3409	138,152,142,154,139,52,63,105,91,114	271,256,309,321,276,132,186,161,198,206	127,102,95,115,155,127,139,89,98,54	260,238,254,258,310,232,242,226,163,116	201	218
3410	247,268,266,278,269,100,153,192,165,191	271,257,309,321,276,134,186,160,198,207	253,193,213,226,317,253,255,195,169,103	261,238,254,258,310,232,242,226,163,116	201	218
3411	12,14,15,10,6,11,7,9,14,9	0,0,0,0,0,0,0,0,0,0	6,7,9,7,8,12,17,14,6,15	0,0,0,0,1,0,0,0,0,0	181	209
3412	220,226,264,228,236,66,132,135,144,134	98,84,93,87,81,30,65,62,44,62	207,212,171,196,266,217,245,196,126,72	91,67,65,67,98,67,86,52,48,26	742	263
3413	21,27,23,11,21,9,13,14,14,8	227,252,282,249,255,71,146,136,148,149	17,16,10,18,38,17,27,18,15,8	235,219,177,216,278,248,264,199,139,78	185	742
3414	6,6,2,4,5,6,1,9,4,5	3,1,1,2,3,2,2,1,1,4	9,6,5,2,9,6,5,4,5,2	3,2,3,0,2,3,5,2,3,5	180	168
3415	46,49,55,51,48,38,43,54,50,46	125,129,128,123,119,98,89,113,92,126	37,53,44,57,74,51,53,45,38,44	120,115,99,105,119,112,126,96,139,93	221	257
3416	29,44,38,38,40,40,27,34,33,43	25,37,35,37,34,31,29,27,31,37	39,29,37,47,48,40,46,34,31,34	57,43,28,28,40,29,50,23,43,39	179	177
3417	33,43,47,48,36,43,34,31,34,33	19,26,25,16,19,16,15,28,26,28	47,45,41,34,35,41,53,32,45,41	25,21,13,25,20,17,16,15,28,21	177	117
3418	33,43,47,48,36,42,34,31,34,33	26,20,14,22,14,23,19,17,23,18	47,47,41,34,35,41,53,32,45,41	19,31,12,22,28,18,12,21,19,14	177	129
3419	480,562,477,445,435,392,426,409,445,457	719,753,745,794,734,723,609,652,587,771	460,427,467,465,540,438,547,415,425,421	720,659,783,697,787,634,786,699,697,702	131	168
3420	753,879,808,826,699,723,635,770,744,878	661,726,738,702,615,713,601,643,646,763	753,723,862,809,881,770,856,774,807,820	804,695,757,729,767,606,760,669,769,833	218	151
3421	15,10,11,10,16,9,6,13,19,11	15,6,20,16,14,7,12,9,12,15	14,12,10,15,17,14,17,6,5,6	13,12,14,8,11,13,9,6,4,5	141	175
3422	92,103,125,108,105,76,73,75,75,93	119,154,144,153,137,95,112,125,109,120	87,81,83,98,95,129,95,89,107,70	124,108,84,118,128,133,159,124,115,117	254	216
3423	81,68,71,73,68,74,58,56,66,85	92,106,99,124,131,126,111,122,115,135	72,75,69,77,85,78,76,75,89,93	117,111,114,136,118,105,122,124,159,150	162	174
3424	22,20,24,16,17,16,21,21,25,16	35,43,50,37,44,46,34,46,55,41	24,15,23,19,24,23,17,18,17,18	47,30,38,41,48,35,43,47,39,51	149	257
3425	10,7,20,13,18,5,8,13,7,8	11,21,22,20,25,22,11,14,14,17	11,14,6,7,10,8,14,13,10,11	19,9,19,9,15,18,20,15,12,18	204	211
3426	151,176,178,182,139,135,138,156,172,167	46,40,51,59,63,44,45,45,44,54	157,149,116,181,197,169,170,152,185,155	56,53,40,54,55,54,62,52,51,45	259	162
3427	0,0,0,0,0,0,2,1,0,3	2,0,0,0,0,1,0,0,0,1	0,0,0,2,0,1,0,0,1,1	0,0,0,0,0,0,1,1,1,0	201	210
3428	0,0,0,0,0,0,2,1,0,3	2,0,0,0,0,1,0,0,0,1	0,0,0,2,0,1,0,0,1,1	0,0,0,0,0,0,1,1,1,0	201	210
3429	143,165,152,169,137,105,85,119,127,177	743,885,762,851,716,495,580,619,636,670	158,140,129,157,183,199,157,170,155,137	767,694,717,826,907,746,861,832,781,676	266	632
3430	41,29,55,56,47,32,30,32,48,41	43,41,45,59,44,27,32,52,36,60	41,38,46,30,53,38,44,38,55,40	50,43,28,42,47,34,52,45,50,44	140	142
3431	19,25,19,26,19,3,5,9,13,17	5,10,9,8,11,3,2,5,5,2	24,7,10,9,26,23,8,7,6,6	12,4,3,7,8,9,9,2,4,3	207	139
3432	160,207,212,202,171,127,143,160,160,186	78,110,128,97,96,77,87,82,95,97	188,189,185,171,199,210,213,201,170,141	95,102,110,88,126,95,157,112,86,69	195	147
3433	22,44,28,38,28,19,24,23,19,28	34,57,33,28,32,25,27,33,32,28	24,24,37,16,26,27,25,32,36,16	24,29,35,35,43,32,38,41,38,24	171	147
3434	14,14,13,15,6,3,8,15,6,18	50,61,63,38,27,28,44,41,50,51	18,14,15,8,14,15,9,19,15,14	47,31,61,51,56,46,47,57,50,40	120	171
3435	10,6,8,7,4,3,9,8,7,4	2,5,3,6,3,2,6,4,6,2	9,11,3,9,6,11,7,10,9,6	6,5,2,2,6,2,6,2,2,3	111	105
3436	20,43,34,27,21,10,33,18,22,20	2,1,1,1,3,1,1,4,0,2	24,28,38,18,40,29,45,31,25,21	2,1,4,8,2,1,5,2,1,1	177	111
3437	32,52,45,54,34,27,36,46,38,29	40,39,32,47,25,17,33,29,25,28	39,44,44,39,58,43,53,31,39,29	42,29,28,31,36,38,29,21,34,31	288	177
3438	52,46,31,45,78,35,33,40,33,43	36,40,31,43,44,32,40,28,32,45	58,47,55,36,54,42,49,42,50,46	62,32,56,31,53,31,47,43,52,46	158	181
3439	21,18,21,17,8,10,23,8,27,21	0,0,2,5,1,3,3,0,5,7	27,10,22,17,34,27,36,21,24,19	4,5,2,1,11,2,1,4,5,4	193	110
3440	96,112,97,104,84,75,89,98,107,94	155,159,137,157,125,128,136,135,136,153	102,63,95,113,94,114,93,95,84,91	159,149,126,146,183,174,160,154,160,124	187	243
3441	70,76,90,93,55,53,90,68,82,79	103,143,102,109,92,108,104,99,118,78	73,67,79,93,84,85,91,65,86,65	115,82,87,127,129,121,120,92,107,95	228	187
3442	8,13,12,7,7,12,18,5,13,13	106,107,116,135,79,71,106,99,101,109	17,9,17,15,12,19,17,13,7,12	107,73,110,127,101,109,90,94,101,73	123	228
3443	37,35,29,24,30,20,34,25,30,32	22,32,43,44,40,27,33,34,25,49	41,33,24,24,22,39,35,33,32,21	38,33,44,37,47,28,44,49,47,36	224	181
3444	36,34,28,24,28,19,33,25,30,31	22,24,21,32,24,20,22,15,21,28	38,31,21,24,19,40,34,29,28,20	30,20,20,30,27,20,19,22,21,20	224	127
3445	19,31,41,37,33,23,38,33,21,45	23,25,22,31,26,20,23,15,21,29	35,19,39,31,40,25,38,43,44,32	31,22,23,30,30,20,22,26,25,21	181	127
3446	41,31,40,63,34,19,36,55,40,58	3,12,9,16,11,12,10,17,16,9	49,34,44,48,38,37,47,43,44,41	14,13,10,7,19,8,9,8,10,7	171	119
3447	17,16,25,18,13,11,23,20,7,14	7,12,9,15,11,12,10,18,15,8	15,17,18,14,23,14,12,13,22,15	14,14,10,10,19,10,10,8,14,7	125	119
3448	17,16,25,19,13,11,23,20,7,14	17,9,9,9,9,9,8,10,19,12	14,17,18,14,23,14,12,13,22,15	17,17,18,13,14,12,20,4,11,10	125	196
3449	14,15,16,18,14,18,20,17,15,32	18,9,9,9,9,9,8,10,19,12	24,20,16,24,17,15,23,25,20,13	18,17,17,13,14,12,20,4,11,10	119	196
3450	1307,1581,1500,1531,1453,1312,1256,1396,1266,1638	1835,2316,2287,2340,2067,2120,1981,2045,2042,2519	1490,1389,1425,1432,1612,1468,1695,1405,1449,1366	2290,2107,2144,2179,2352,2245,2456,2172,2281,2317	328	325
3451	385,462,430,430,342,451,378,366,431,447	1211,1252,1343,1304,1120,1410,1138,1164,1319,1440	418,407,401,454,409,427,458,428,454,515	1234,1202,1252,1324,1275,1305,1418,1239,1393,1649	162	333
3452	399,510,476,517,456,590,465,465,480,529	1211,1252,1343,1304,1120,1410,1138,1164,1319,1440	452,465,578,560,468,519,553,454,512,658	1234,1202,1252,1324,1275,1305,1418,1239,1393,1649	159	333
3453	85,89,79,88,78,109,56,87,60,76	125,142,124,94,91,121,107,98,96,144	82,82,67,126,78,80,78,104,132,131	64,111,128,136,141,103,117,145,177,212	129	303
3454	85,89,79,88,78,109,56,87,60,76	29,26,25,28,23,23,27,13,18,24	82,82,67,126,78,80,78,104,132,131	19,20,25,25,25,12,24,29,27,32	129	162
3455	33,30,35,32,12,12,19,19,30,39	5,2,6,5,2,5,3,2,10,4	32,26,35,26,54,50,55,29,35,41	2,1,3,2,3,6,2,8,10,4	230	140
3456	12,12,14,11,6,10,12,10,11,7	22,28,19,29,21,28,24,30,22,24	16,18,11,13,9,11,6,10,7,11	16,10,12,15,28,20,20,20,33,30	144	211
3457	19,14,30,14,19,12,13,20,20,17	20,27,23,29,29,9,26,13,21,24	22,20,25,14,26,12,21,14,20,9	29,20,32,18,37,25,24,25,18,16	245	232
3458	42,40,31,48,42,33,34,28,35,36	12,18,15,10,15,9,12,9,11,6	36,22,48,31,40,43,47,40,27,26	11,13,10,12,12,7,16,10,7,8	292	149
3459	9,10,14,7,11,3,8,10,15,7	51,37,48,47,30,27,32,37,43,38	8,10,5,11,13,14,8,11,6,10	45,30,47,37,46,39,43,42,26,29	218	292
3460	16,9,11,13,17,12,10,11,11,13	166,178,205,247,194,275,197,216,196,237	9,14,10,17,11,9,11,13,10,25	238,195,169,178,222,240,219,216,243,259	95	160
3461	101,94,118,114,91,114,79,87,93,116	164,166,194,207,187,173,136,120,156,223	99,93,99,69,100,86,107,108,131,139	151,165,138,164,182,173,215,183,203,235	160	159
3462	434,462,422,439,446,321,322,366,388,407	46,67,43,51,60,49,37,47,38,49	450,376,505,357,420,326,456,484,437,373	38,41,61,44,58,32,46,57,53,48	915	193
3463	0,0,1,0,0,0,0,0,3,1	0,0,0,1,1,0,1,0,2,0	1,0,1,1,1,0,0,0,1,0	0,0,0,0,0,0,0,0,1,0	287	132
3464	12,12,12,11,10,10,12,9,10,21	22,19,20,17,17,17,14,17,19,15	15,7,12,15,9,7,9,9,12,12	19,17,14,15,25,19,16,20,25,11	166	157
3465	12,12,13,11,10,11,13,9,10,23	10,5,6,16,13,4,7,9,6,9	15,7,13,16,9,6,10,11,13,13	7,14,13,13,11,14,9,20,14,7	166	118
3466	198,225,246,294,246,216,218,249,224,275	587,650,725,669,665,595,523,610,619,681	269,227,270,236,247,255,280,263,255,213	617,595,556,622,672,639,732,626,626,615	178	189
3467	586,666,658,794,695,746,602,671,671,874	310,363,379,470,412,409,358,379,393,466	701,755,662,641,712,699,784,664,773,825	362,411,354,352,357,397,421,401,469,511	201	177
3468	1,2,1,0,0,1,3,0,0,0	121,137,122,151,134,110,78,94,109,90	1,0,0,0,0,1,2,0,3,1	114,116,103,121,144,129,149,105,108,86	108	180
3469	347,354,432,375,287,248,293,289,392,396	499,558,634,618,580,531,485,446,526,563	364,315,355,376,436,420,433,393,380,379	550,529,539,530,578,576,680,526,536,603	193	138
3470	12,8,15,4,15,9,11,10,14,11	5,0,1,7,3,1,4,3,4,3	13,18,7,13,8,16,14,18,11,4	4,1,5,0,2,3,4,0,3,4	185	96
3471	10,10,12,18,5,4,6,11,10,3	7,11,6,12,10,0,5,3,3,13	12,12,1,5,9,8,10,12,3,5	15,3,3,9,10,4,7,5,9,8	196	206
3472	201,193,188,194,205,149,143,156,172,187	133,164,157,160,163,117,135,114,157,170	186,180,174,177,215,189,194,170,187,174	143,105,140,154,184,157,170,168,165,140	271	265
3473	36,54,64,47,31,14,42,24,39,46	161,156,203,164,187,58,84,115,104,100	69,36,38,49,103,99,73,40,23,17	165,144,120,123,207,158,182,129,82,33	200	220
3474	70,60,53,63,60,64,49,50,66,70	28,43,33,38,33,45,30,37,33,34	52,58,56,84,61,60,76,72,90,79	32,36,35,42,39,27,37,34,35,30	184	165
3475	24,22,23,23,17,21,26,28,25,27	27,42,28,37,31,41,29,34,31,32	25,17,15,26,29,19,37,17,28,19	31,31,31,39,38,25,32,33,34,26	173	165
3476	27,29,27,29,30,20,22,20,29,21	54,65,64,71,57,64,58,67,63,68	22,22,31,33,27,24,32,27,14,29	61,54,56,58,59,62,91,58,81,77	151	184
3477	297,284,261,314,260,164,228,206,194,259	58,71,77,69,53,48,46,49,55,68	283,278,344,285,290,230,329,277,222,193	69,64,75,87,54,60,83,63,61,68	276	157
3478	32,44,28,50,38,33,29,36,41,40	97,102,95,91,78,82,82,88,77,115	41,56,40,39,51,32,44,37,41,36	110,100,111,89,133,80,95,96,110,103	137	234
3479	2,2,2,4,4,8,3,2,4,1	3,0,0,1,1,0,3,1,0,0	3,0,2,2,8,3,3,5,7,5	0,1,0,0,1,0,1,0,1,0	112	159
3480	16,16,33,28,12,16,22,22,17,7	31,35,24,37,25,17,30,22,20,25	24,13,12,16,26,20,22,23,22,22	29,25,38,18,23,37,31,24,24,27	129	148
3481	58,58,58,67,59,49,32,50,53,54	29,42,41,43,36,30,32,30,36,44	54,41,48,54,53,57,67,54,48,72	34,36,24,27,48,38,36,31,51,33	220	143
3482	31,38,34,34,35,32,29,32,35,38	29,42,41,43,36,30,32,30,36,44	29,29,30,35,29,42,32,41,28,36	34,36,24,27,48,38,36,31,51,33	217	143
3483	28,23,35,46,28,32,35,32,33,46	47,46,61,73,50,32,39,43,45,49	34,41,45,45,44,31,52,27,38,42	46,55,48,68,51,45,45,42,46,51	143	215
3484	28,23,33,46,28,32,34,33,33,43	24,26,37,39,27,15,18,27,16,26	34,40,45,45,43,31,52,27,39,42	26,32,25,33,25,23,23,15,24,26	143	215
3485	54,65,73,82,61,49,50,54,52,69	102,100,113,94,82,86,84,70,81,83	60,65,49,58,72,60,58,47,72,53	98,89,77,86,116,90,95,87,79,89	215	253
3486	74,87,82,83,89,48,51,87,73,86	62,61,56,74,72,37,51,48,49,62	74,74,75,70,78,77,74,64,69,76	58,43,69,72,64,73,68,69,63,41	205	185
3487	16,12,11,17,12,16,16,16,15,14	12,17,30,14,13,18,19,15,8,21	22,17,18,13,15,11,17,14,22,14	17,13,14,14,13,9,22,15,13,21	223	141
3488	34,22,32,41,28,35,32,27,45,38	14,17,30,14,14,19,19,15,8,21	41,33,37,29,40,30,47,34,34,38	17,13,14,14,13,9,22,15,13,21	223	141
3489	14,23,30,16,10,13,21,14,24,19	14,17,30,14,14,19,19,15,8,21	25,15,17,28,18,24,21,18,31,27	17,13,14,14,13,9,22,15,13,21	178	141
3490	10,4,10,18,16,18,15,17,11,8	2,2,8,4,8,3,3,2,1,4	23,11,3,14,21,13,14,11,20,22	7,3,1,5,3,8,3,8,16,9	906	342
3491	10,4,10,18,16,18,16,17,11,9	5,6,7,7,9,5,2,2,6,6	23,11,3,14,22,13,14,11,20,21	10,6,8,6,7,4,13,15,5,5	906	177
3492	471,533,542,537,414,406,418,405,471,554	609,619,632,661,646,515,541,587,570,684	469,462,483,465,511,547,612,531,452,473	620,614,683,654,644,724,791,715,582,582	272	275
3493	89,140,142,84,36,46,105,90,104,105	452,518,479,514,474,348,387,406,444,471	113,71,137,102,180,157,128,122,86,90	499,442,451,492,490,471,517,469,389,325	172	225
3494	319,367,364,359,339,235,262,217,261,371	34,32,27,32,38,31,23,25,26,25	414,284,416,359,436,386,361,348,354,236	31,24,29,38,40,28,31,47,31,26	987	190
3495	319,367,364,359,339,235,262,217,261,373	95,117,95,89,101,73,66,72,68,94	415,284,416,358,437,386,361,348,354,236	112,68,103,132,126,82,119,91,100,80	987	260
3496	27,15,17,14,10,14,18,12,16,11	26,20,19,14,14,18,24,17,22,29	15,19,23,14,17,15,17,9,13,18	25,16,18,15,18,25,28,16,18,19	202	167
3497	18,10,14,11,9,9,12,8,12,8	142,121,167,153,115,115,120,122,134,174	10,17,15,8,11,14,15,5,7,15	135,137,126,147,153,140,163,123,142,151	202	142
3498	17,17,19,22,14,10,14,15,15,19	22,19,19,14,15,14,27,23,26,31	16,16,19,13,21,12,21,9,13,18	28,16,19,17,18,25,26,18,18,22	294	167
3499	22,18,19,22,19,12,16,14,14,15	26,20,19,14,14,18,24,17,22,29	17,23,23,14,19,16,22,9,13,18	25,16,18,15,18,25,28,16,18,19	294	167
3500	833,907,923,911,818,665,689,758,691,755	1320,1538,1468,1622,1475,1201,1102,1237,1238,1428	847,701,750,812,918,825,758,663,758,650	1498,1368,1168,1330,1526,1368,1494,1271,1289,1063	175	210
3501	1288,1484,1492,1485,1427,1147,1071,1243,1225,1440	2150,2360,2416,2481,2201,1998,1809,2084,2020,2248	1513,1320,1247,1378,1473,1332,1496,1285,1235,1084	2407,2017,1982,2141,2444,2231,2484,2025,2294,1968	210	274
3502	1636,1747,1851,1933,1696,1688,1499,1642,1563,1972	672,726,769,819,688,772,624,635,621,823	1781,1617,1555,1646,1771,1656,1873,1683,1938,1774	698,693,645,685,775,691,738,677,763,784	220	130
3503	1,1,0,1,1,1,0,0,1,0	672,726,769,819,688,772,624,635,621,823	1,0,0,1,0,1,3,1,1,0	698,693,645,685,775,691,738,677,763,784	130	130
3504	8,4,11,7,8,2,8,8,2,8	10,6,8,8,7,2,7,6,3,9	2,6,6,4,10,11,9,4,8,1	7,9,5,10,11,9,7,6,1,5	136	165
3505	149,158,146,175,150,106,109,114,112,155	1,0,3,0,1,0,2,1,2,2	195,102,101,104,215,86,113,76,142,157	1,0,0,1,5,0,1,1,1,2	355	238
3506	46,50,38,65,49,39,37,37,34,46	1,0,3,0,1,0,2,1,2,2	65,36,47,34,68,25,37,21,46,56	1,0,0,1,5,0,1,1,1,2	222	238
3507	10,17,21,10,7,9,12,20,17,24	7,8,13,13,13,9,6,10,5,18	12,14,10,11,15,12,9,15,10,12	11,8,13,7,17,11,13,8,8,10	157	147
3508	40,59,54,64,44,51,63,63,50,57	241,335,259,286,285,264,233,238,257,316	66,42,58,55,55,68,73,56,74,41	309,249,250,273,288,272,300,253,307,260	144	194
3509	62,100,103,106,89,68,78,89,80,106	98,129,107,123,109,95,129,116,118,129	71,70,49,84,88,65,88,62,70,61	147,133,115,140,133,115,135,126,134,99	159	153
3510	104,130,134,117,121,112,81,124,114,134	119,169,158,162,158,120,130,121,124,165	132,97,91,112,96,121,110,100,100,92	136,166,164,159,130,157,162,144,144,123	153	186
3513	35,27,58,44,41,25,41,26,35,36	53,58,52,53,44,59,43,57,43,56	45,41,36,32,41,55,42,41,33,40	57,55,59,34,58,45,67,41,57,58	197	265
3514	359,478,519,432,406,456,330,443,498,526	148,198,181,160,138,177,140,165,155,167	479,381,376,420,427,409,493,404,436,413	164,153,169,145,142,130,198,142,162,140	221	152
3515	301,373,374,290,267,308,296,279,308,303	439,546,596,506,502,502,378,519,497,552	305,303,271,299,300,301,334,282,311,280	503,472,435,494,480,448,550,449,495,434	190	221
3516	16,29,22,33,40,23,26,14,19,40	17,24,13,19,19,31,16,21,26,36	31,21,29,38,29,23,40,31,19,30	24,30,15,22,17,24,15,38,28,25	171	179
3517	78,74,99,87,103,47,62,69,64,78	107,117,135,126,95,81,89,89,78,101	76,72,82,75,101,102,101,81,75,63	95,100,103,98,131,122,111,126,102,77	270	392
3518	45,35,53,48,43,47,34,46,54,50	1,3,3,1,1,3,8,3,3,2	65,50,44,49,55,49,46,36,79,57	1,7,4,1,1,3,1,1,0,2	213	129
3519	284,294,341,393,343,148,210,237,244,291	284,295,355,366,320,193,215,239,247,277	318,258,260,274,334,312,305,247,189,135	327,312,301,251,339,275,319,253,234,179	189	176
3520	338,381,367,420,371,188,265,310,291,330	423,445,515,512,453,253,340,348,331,425	368,330,311,273,386,310,345,316,239,185	487,379,391,420,529,381,458,339,322,211	192	216
3521	497,536,545,578,601,458,491,516,515,625	630,730,697,665,685,574,549,535,587,743	539,516,479,484,583,552,635,526,536,510	650,614,676,613,672,651,679,664,667,653	203	211
3522	421,416,417,460,434,371,378,360,398,491	497,636,659,640,551,510,528,521,537,607	417,392,424,434,454,436,465,456,423,406	576,573,493,599,635,648,660,575,612,521	211	203
3523	0,0,0,0,0,0,0,0,0,0	0,0,0,1,0,0,0,0,0,0	0,0,0,2,0,0,0,0,0,0	0,0,0,0,0,0,0,0,0,0	245	148
3524	200,186,221,172,130,22,112,104,156,141	1013,1090,1060,1138,1169,242,606,705,707,696	190,140,155,172,278,240,238,141,82,34	1025,822,839,776,1225,939,1043,742,464,171	241	830
3525	399,405,516,484,437,464,417,416,459,494	786,843,916,793,766,910,776,759,743,872	452,399,458,418,525,474,495,399,520,482	943,843,864,834,927,858,834,773,944,918	209	243
3526	28,27,32,25,21,13,21,14,22,28	97,85,125,106,76,44,63,54,60,66	25,30,19,28,31,36,20,21,22,12	96,75,65,70,100,87,94,58,52,52	230	244
3527	1,2,2,0,0,2,0,1,2,4	70,56,59,73,68,56,62,50,62,71	2,2,0,2,0,0,3,0,0,0	63,63,75,65,67,54,64,59,57,84	150	150
3528	1,2,2,0,0,2,0,1,2,4	193,189,180,229,223,182,192,152,173,197	2,2,0,2,0,0,3,0,0,0	188,191,200,181,216,193,220,183,193,244	150	155
3529	37,27,29,47,35,41,34,42,38,53	19,23,29,23,23,24,40,21,19,37	47,40,43,29,45,44,54,35,37,46	22,18,15,27,34,22,22,22,17,38	210	187
3530	18,33,34,27,23,11,18,22,25,31	11,27,36,30,28,16,20,25,22,26	30,19,37,24,38,34,27,25,29,25	21,16,37,21,38,23,26,24,15,18	162	162
3531	43,64,60,72,51,68,36,47,58,45	27,27,31,34,29,27,28,40,30,37	61,53,45,54,49,57,64,59,54,61	23,23,18,29,34,35,39,20,36,26	258	229
3533	100,144,142,110,103,68,64,128,94,126	161,147,135,153,144,118,126,114,102,152	106,89,88,83,137,100,115,82,113,99	144,134,129,111,157,130,159,114,122,129	216	241
3534	3,2,0,0,2,0,2,1,6,1	20,20,16,6,12,4,13,11,18,10	2,1,0,1,6,4,4,2,2,0	15,12,17,4,21,15,22,12,9,3	121	156
3535	1,1,3,2,1,0,0,2,0,0	6,8,4,6,5,1,5,3,4,1	4,1,0,0,1,2,2,2,1,0	3,1,2,2,2,0,6,2,1,1	126	280
3536	76,85,80,84,70,28,37,46,56,39	135,124,113,131,107,53,77,62,93,64	76,62,53,66,71,71,75,56,33,24	116,82,91,106,131,109,146,81,53,37	210	255
3537	173,211,223,254,206,206,172,229,191,256	65,81,68,89,72,76,55,82,66,70	221,211,201,182,207,198,244,208,267,223	68,51,60,64,64,81,81,51,80,71	195	105
3538	89,82,86,88,79,49,66,112,93,106	177,160,178,222,186,163,145,197,177,216	98,81,79,95,107,92,92,79,81,65	209,196,160,174,216,171,217,198,213,185	175	207
3539	133,169,153,159,135,130,116,118,121,148	176,204,202,189,163,181,172,152,187,171	130,108,117,173,171,130,159,130,139,131	200,177,180,221,215,193,217,176,183,203	258	297
3540	133,169,153,159,135,130,116,118,121,148	176,204,202,188,163,181,173,152,187,170	130,108,117,173,171,130,159,130,139,131	200,177,180,221,215,193,217,176,183,203	258	294
3541	172,212,216,180,163,185,171,151,185,187	62,59,73,64,63,73,50,68,58,67	206,171,182,207,217,190,204,174,179,196	60,68,52,77,60,80,68,52,52,65	297	177
3542	151,187,184,158,142,178,156,126,152,151	62,59,73,64,63,73,50,68,58,67	173,151,151,183,182,161,179,154,147,169	60,68,52,77,60,80,68,52,52,65	294	177
3543	50,55,43,51,54,32,36,50,42,44	90,99,114,118,109,49,50,82,80,74	69,35,37,37,53,46,43,48,38,34	104,79,77,94,111,124,133,103,85,60	216	159
3544	135,148,155,159,126,42,96,100,109,95	134,129,141,137,119,50,74,82,88,106	173,108,127,130,181,138,177,114,87,61	132,78,89,99,112,102,157,95,77,64	212	189
3545	140,128,144,118,120,70,94,96,88,98	134,129,141,137,119,50,74,82,88,106	113,93,98,105,139,105,143,71,88,65	132,78,89,99,112,102,157,95,77,64	258	189
3546	135,148,155,159,126,42,96,100,109,95	140,128,144,118,120,70,94,96,88,98	173,108,127,130,181,138,177,114,87,61	113,93,98,105,139,105,143,71,88,65	212	258
3547	48,43,65,66,70,64,48,55,66,56	46,43,33,59,47,44,39,47,41,55	59,57,58,53,60,48,64,61,66,59	43,52,49,44,68,52,72,32,74,51	144	140
3548	42,44,59,63,67,52,39,57,54,74	65,76,74,66,65,70,69,78,91,94	68,49,45,47,68,46,60,56,60,76	74,85,72,71,66,67,88,74,78,75	128	144
3549	53,58,62,65,73,55,53,56,58,70	88,86,95,88,104,103,56,97,95,92	58,64,63,62,69,67,76,58,72,77	105,81,89,89,99,84,105,77,91,102	105	138
3550	31,28,25,28,22,19,25,30,15,40	81,107,94,96,100,61,71,78,92,83	21,21,28,37,20,22,30,15,17,12	106,100,61,102,93,107,98,83,80,96	114	153
3551	205,211,254,257,235,184,245,229,218,263	119,107,153,143,141,113,107,105,116,147	243,232,210,194,262,237,280,218,263,218	129,103,132,125,128,132,117,129,140,113	148	147
3552	141,122,147,139,173,128,141,123,134,165	283,235,297,305,277,270,241,285,249,314	154,138,144,107,154,139,157,132,158,121	290,282,283,241,321,296,263,276,292,269	147	356
3553	1,0,0,0,0,0,0,0,0,2	3,1,5,4,1,0,2,8,2,6	2,0,1,1,1,2,1,2,0,1	2,1,2,0,1,1,6,1,3,3	95	182
3554	120,106,112,141,122,63,83,102,94,122	201,196,224,242,192,131,171,170,127,197	143,91,104,102,157,131,112,94,89,54	234,159,172,161,236,193,202,153,160,103	332	431
3555	16,16,16,10,21,13,12,13,4,13	24,14,21,15,10,11,24,14,16,22	20,13,18,13,14,19,17,15,18,6	22,6,12,8,30,16,13,16,10,1	109	214
3556	1219,1344,1231,1324,1176,617,787,916,944,886	1024,1219,1104,1248,1117,592,832,843,842,748	1271,1046,1226,1306,1402,1176,1459,1075,851,568	1120,979,1008,1096,1219,1103,1369,964,757,516	318	317
3557	4,1,2,5,5,0,6,1,12,4	3,5,8,5,11,2,4,6,5,3	5,7,5,10,8,2,6,3,5,1	6,2,5,4,2,2,7,3,8,2	108	117
3558	2,1,2,2,3,1,2,2,2,1	305,311,114,102,241,270,98,90,115,84	1,2,4,0,1,2,2,2,0,0	294,92,98,276,257,96,121,257,304,280	129	135
3559	10,19,11,12,11,19,21,18,10,23	49,43,38,36,47,44,47,38,39,52	15,31,15,17,17,10,14,10,14,16	40,54,46,44,55,38,53,45,45,53	135	170
3560	19,36,24,33,25,22,17,29,30,29	15,5,12,19,17,9,13,12,5,24	29,31,14,29,29,22,33,22,19,27	18,11,8,8,17,12,16,8,8,16	158	127
3561	58,75,69,65,62,52,72,66,62,57	301,361,352,365,333,276,305,296,332,324	63,59,67,74,69,66,81,74,45,68	292,329,296,316,350,313,374,320,279,254	136	214
3563	10,12,11,11,7,2,1,5,6,5	11,20,19,23,24,13,13,15,15,25	2,3,1,4,9,12,10,4,3,2	27,21,24,8,28,20,28,13,16,7	172	194
3564	954,1100,1056,1126,1057,909,886,901,955,1070	3,2,1,0,7,0,2,4,1,4	1093,907,947,1006,1036,1002,1215,1005,1034,862	1,1,2,3,3,5,6,3,1,1	147	147
3565	923,1010,1126,1131,938,854,875,930,946,958	317,370,362,393,347,240,290,243,328,325	972,794,844,852,978,964,1134,884,829,659	330,301,305,353,389,333,382,323,332,241	205	134
3566	722,817,844,805,756,545,645,638,689,777	670,810,864,914,752,650,655,715,702,806	737,666,634,708,804,814,821,717,647,497	743,634,666,658,804,743,854,727,681,564	245	205
3567	0,0,0,0,0,0,0,0,0,0	933,995,1122,1014,900,772,839,860,949,936	0,0,0,2,1,2,0,0,0,1	968,822,838,927,996,1012,1072,879,809,659	147	245
3568	417,425,407,484,464,350,352,418,399,411	938,1003,1128,1020,914,775,844,864,954,941	421,397,376,410,432,386,480,414,393,298	970,827,843,933,1002,1018,1080,888,818,663	147	245
3569	659,768,736,759,673,528,545,628,616,683	234,263,280,281,259,168,206,201,211,265	704,624,573,619,764,694,817,617,578,441	242,214,194,217,267,269,276,253,211,150	190	147
3570	108,82,96,93,52,107,92,85,98,113	555,535,560,601,495,663,492,610,593,682	126,102,103,78,113,120,92,102,118,111	644,613,561,527,589,604,634,571,739,647	147	285
3571	600,625,672,666,588,383,377,497,460,451	62,62,71,76,68,45,51,56,46,63	696,451,462,489,663,532,595,502,460,284	91,49,43,36,73,61,70,59,45,45	759	154
3572	31,26,39,40,47,11,22,33,29,23	122,125,153,114,129,46,71,66,85,86	40,25,30,30,30,31,37,20,24,15	122,97,105,99,134,100,112,73,43,28	172	286
3573	23,29,26,25,39,14,18,18,22,23	2,4,5,9,8,3,2,6,4,7	29,16,32,33,32,17,30,18,16,11	4,3,5,3,12,2,2,4,2,2	108	123
3574	40,54,60,53,67,43,28,42,32,37	57,82,72,71,76,69,54,60,59,60	70,57,60,69,57,56,62,46,49,57	51,51,47,87,62,69,72,68,64,53	208	234
3575	31,51,48,26,31,27,28,36,25,33	57,82,72,73,76,69,54,60,59,59	41,38,32,32,36,35,49,53,37,51	51,51,47,87,62,69,72,68,64,53	158	234
3576	16,26,37,24,34,26,20,18,23,16	57,82,72,73,76,69,54,60,59,59	37,25,28,39,33,29,31,22,18,23	51,51,47,87,62,69,72,68,64,53	208	234
3577	31,51,48,26,31,27,28,36,25,34	39,44,59,52,67,51,40,42,35,33	41,38,31,32,36,35,49,53,37,51	58,40,50,68,58,50,58,48,46,53	158	208
3578	23,55,40,54,38,22,18,31,19,30	61,55,78,58,47,31,32,49,40,47	37,30,22,40,33,36,46,44,28,20	59,54,50,68,67,52,71,53,57,28	197	199
3579	23,55,40,54,38,22,18,31,19,30	18,23,12,19,13,3,5,15,15,15	37,30,22,40,33,36,46,44,28,20	16,14,23,17,12,18,27,19,15,7	197	221
3580	70,59,77,49,63,25,50,42,60,50	75,69,80,85,93,61,60,61,73,97	52,61,62,51,79,67,64,46,59,32	97,73,90,47,98,91,81,61,69,30	219	281
3581	316,330,283,339,336,149,232,215,222,315	54,59,45,38,65,20,49,34,37,47	328,266,306,205,422,296,296,206,235,133	49,43,60,34,71,41,50,30,38,19	961	222
3582	1,0,0,0,3,0,0,0,0,0	18,11,16,17,17,6,15,9,14,17	0,0,0,1,0,0,0,0,0,0	18,14,9,13,23,22,18,7,8,7	159	156
3583	50,66,72,51,48,61,47,35,55,54	45,53,46,43,28,60,47,40,44,56	44,51,33,65,55,40,68,48,74,81	51,48,47,53,64,34,42,29,49,61	277	200
3584	90,85,104,73,85,64,69,72,67,84	35,28,36,29,35,20,21,41,28,32	79,74,101,97,84,74,95,77,78,57	39,24,31,24,38,39,29,17,35,32	293	183
3586	66,65,79,96,67,83,58,76,70,78	250,292,234,266,239,307,232,274,245,300	81,68,67,70,57,68,72,78,83,82	280,274,255,259,260,287,285,243,280,343	172	263
3587	207,231,202,207,187,227,166,225,181,216	161,186,161,185,145,203,156,154,173,171	202,212,190,207,196,199,214,189,214,249	157,156,180,148,149,142,182,154,185,242	263	181
3588	41,42,43,44,55,40,44,39,45,46	24,26,26,17,39,24,29,21,24,26	110,85,76,85,93,95,104,91,88,88	45,44,40,48,52,50,53,47,45,49	239	183
3589	41,42,43,44,55,40,44,39,44,47	35,27,42,46,43,38,29,35,26,41	110,85,76,85,93,95,104,91,88,88	66,63,54,81,71,64,72,51,49,76	239	197
3590	41,42,43,44,55,40,44,39,44,47	33,27,39,47,44,39,29,34,25,41	110,85,76,85,93,95,104,91,88,88	65,61,53,80,67,62,72,51,49,74	239	200
3591	8,8,13,12,14,3,13,10,17,6	25,25,26,15,31,19,16,22,23,16	13,9,14,5,19,17,16,5,7,3	29,25,26,23,20,27,31,18,17,13	205	170
3592	114,134,121,150,91,95,102,119,102,116	141,142,177,167,130,117,106,121,108,154	131,106,122,113,140,142,150,93,128,88	126,147,118,142,165,154,188,109,102,120	323	257
3593	114,133,121,150,89,92,101,117,102,112	182,191,186,171,172,165,158,168,146,185	130,103,119,110,136,138,147,91,123,86	174,159,143,183,190,159,201,134,154,148	323	301
3594	180,192,222,208,168,144,145,169,131,193	0,0,0,1,0,0,0,0,1,0	175,183,149,177,199,194,237,139,140,150	0,0,0,1,0,0,1,0,1,1	257	171
3595	45,42,43,39,53,28,25,45,34,39	50,63,100,83,50,47,63,71,51,70	40,39,49,34,53,46,42,32,32,26	68,94,67,56,66,86,64,52,57,69	110	111
3596	26,22,23,23,8,20,19,15,18,16	9,8,11,13,10,7,6,9,8,14	18,19,15,18,21,17,25,12,16,15	6,6,5,6,10,10,3,10,15,9	195	138
3597	57,72,48,66,58,55,48,50,61,66	148,146,183,174,111,138,121,132,137,191	57,63,62,71,57,79,62,59,67,65	165,139,160,158,176,138,167,148,177,175	122	189
3598	175,234,217,212,198,243,185,217,195,255	58,78,65,64,68,101,57,85,77,95	222,219,202,239,211,194,235,218,280,261	53,66,82,76,76,95,78,83,82,83	199	109
3599	18,14,11,20,20,12,7,3,11,13	19,21,19,24,23,5,9,9,14,23	14,2,9,14,13,17,16,13,11,5	17,16,19,14,23,19,35,15,6,5	165	223
3600	48,58,55,46,34,36,27,37,55,47	283,305,374,367,387,188,274,257,309,346	54,49,43,47,74,48,57,50,35,25	354,305,327,289,422,354,387,316,301,173	156	305
3601	89,102,87,102,82,62,65,71,82,115	321,358,380,417,386,233,312,275,316,378	95,72,75,90,93,109,100,81,72,50	402,322,329,314,456,394,354,292,320,243	143	296
3602	53,83,87,95,71,48,55,56,62,53	494,569,513,568,457,364,380,459,461,412	87,64,57,54,87,76,78,52,56,30	520,444,396,324,484,464,582,442,453,277	143	278
3603	53,82,87,95,71,48,56,56,62,53	168,247,213,218,228,157,175,197,200,204	87,64,57,54,87,76,77,52,56,30	195,176,157,137,229,231,200,169,150,111	143	219
3604	156,203,173,192,157,108,158,127,146,124	215,244,219,203,194,158,163,187,166,163	144,125,151,105,172,166,192,141,104,57	222,153,151,125,199,172,204,169,140,91	235	158
3605	342,457,360,436,356,258,286,310,314,277	215,244,219,203,194,158,163,187,166,163	336,291,298,203,385,360,409,275,255,134	222,153,151,125,199,172,204,169,140,91	296	158
3606	53,83,87,95,71,48,55,56,62,53	245,339,271,321,260,176,229,216,236,203	87,64,57,54,88,76,77,52,56,30	244,208,222,147,284,255,307,206,173,96	143	296
3607	53,82,87,95,71,48,55,56,62,53	395,491,441,471,385,271,335,357,347,328	87,64,57,55,87,76,77,52,56,30	388,327,325,220,428,412,469,305,280,145	143	296
3608	97,123,121,105,81,81,69,87,80,109	0,0,0,0,2,0,0,1,0,0	104,89,91,79,117,113,126,71,69,40	2,0,0,1,0,0,0,1,1,0	191	143
3609	11,14,23,17,16,24,14,20,21,15	23,13,22,24,20,21,12,18,9,20	14,18,19,14,15,22,15,17,11,29	22,20,17,12,16,13,15,18,15,27	180	219
3610	74,75,85,69,67,33,49,50,50,69	59,62,76,71,78,46,46,58,66,69	65,80,60,57,87,65,73,61,60,34	76,63,53,52,69,64,90,50,50,41	172	170
3611	40,51,62,35,28,18,46,35,51,37	63,60,68,61,57,26,39,43,36,59	45,30,41,42,75,79,46,41,44,40	53,66,56,39,69,48,59,50,47,23	198	183
3612	334,368,365,352,320,281,310,300,333,368	262,324,308,327,330,319,300,307,293,361	336,332,283,360,340,292,361,327,317,309	301,314,324,282,324,332,388,317,344,303	241	205
3613	332,443,414,400,412,331,337,380,336,471	359,365,390,381,322,357,315,341,302,413	412,363,370,365,423,375,470,390,397,327	380,365,404,352,416,400,388,347,374,384	205	189
3614	0,0,0,0,0,0,0,0,0,1	1,0,0,0,1,0,0,0,0,1	1,0,2,1,0,0,0,0,0,0	0,0,1,0,0,0,0,0,0,0	150	100
3615	30,36,46,46,42,28,37,36,40,44	18,18,23,18,19,18,19,18,17,28	39,39,46,32,43,34,43,42,53,51	15,16,15,14,20,22,26,18,21,14	150	126
3616	425,432,427,445,495,302,377,350,376,388	958,1024,1052,1046,1027,704,845,881,931,1032	469,379,429,486,469,498,502,428,390,350	1052,862,980,1002,1040,1086,1063,1040,989,839	147	192
3617	420,402,462,467,395,294,362,429,402,421	601,613,621,629,567,422,529,615,558,603	430,408,470,471,487,485,494,451,390,362	623,608,607,663,686,714,710,587,616,487	144	147
3618	361,325,319,300,333,223,263,292,276,277	402,418,410,421,476,286,352,339,343,360	356,275,308,355,399,308,365,300,278,214	448,347,418,466,448,475,475,413,361,328	132	144
3619	0,2,2,0,0,0,1,0,0,0	402,418,410,421,476,286,352,339,343,360	1,1,1,0,2,0,0,0,0,0	448,347,418,466,448,475,475,413,361,328	262	144
3620	84,94,105,84,89,60,71,70,76,79	78,79,67,81,79,55,44,49,57,59	112,75,72,92,89,86,67,88,79,53	56,70,53,46,59,70,56,62,55,38	203	231
3621	13,12,20,21,17,8,8,15,9,16	43,23,58,42,47,28,36,49,39,37	22,14,5,22,18,19,20,13,12,10	27,38,33,29,49,51,48,51,36,21	111	139
3622	53,43,69,84,52,44,48,42,33,48	63,69,62,87,62,54,52,52,53,68	54,50,51,48,70,63,62,45,25,17	45,56,49,63,78,63,59,56,49,37	144	150
3623	76,83,121,101,110,48,52,78,57,68	114,117,155,137,130,59,94,104,89,113	78,92,72,78,92,109,134,87,57,43	137,87,97,78,136,106,159,99,65,44	196	254
3624	81,75,72,80,64,51,51,75,69,51	153,135,131,152,116,88,90,127,129,112	58,72,70,75,71,90,58,75,60,40	136,113,133,129,148,129,113,129,132,88	188	223
3625	214,202,188,176,175,153,141,198,146,154	173,191,163,171,168,134,128,157,134,166	192,168,177,173,189,170,195,155,166,162	186,126,177,139,197,169,180,176,163,143	245	207
3626	171,191,180,182,149,172,124,163,151,165	133,146,130,161,122,112,101,139,115,148	177,161,177,212,165,166,166,171,170,133	140,111,146,116,125,131,160,131,137,101	222	192
3628	1662,1862,1934,1960,1792,2014,1831,1848,1918,2245	2698,3089,3166,3243,2893,3527,2736,2793,2862,3599	1845,1972,1814,1907,1895,1929,2160,1874,2232,2398	3014,3025,2936,2980,3097,3011,3390,2814,3317,3934	189	165
3629	4565,5557,5215,5804,5131,5793,4864,4945,5185,6024	1994,2169,2329,2415,2091,2609,2087,2218,2123,2727	5033,5558,4770,5187,5375,5220,6143,5172,6047,6210	2098,2306,2214,2228,2274,2183,2558,2215,2544,2867	252	189
3630	3207,3173,3522,3596,3257,3473,2955,3255,3157,3715	4116,4922,4693,5072,4510,5057,4414,4439,4724,5430	3232,3212,3122,3136,3380,3408,3691,3145,3397,3688	4623,4919,4283,4635,4754,4672,5416,4624,5467,5708	198	252
3631	54,87,68,68,72,96,55,58,68,77	72,71,73,79,49,84,67,61,67,94	67,79,54,52,69,59,73,75,65,101	84,71,57,55,54,61,73,71,80,101	160	134
3632	7,9,15,14,11,11,11,7,16,13	5,4,8,12,15,6,7,10,5,14	13,13,4,16,12,9,9,4,7,11	5,5,11,9,15,11,10,5,6,3	153	148
3633	20,17,22,17,7,13,15,11,14,17	56,59,61,67,52,30,36,55,50,48	10,20,15,13,13,13,15,13,24,9	54,54,35,44,47,46,59,50,46,33	114	183
3634	78,65,66,75,51,44,51,44,64,73	56,56,60,66,52,30,36,53,51,48	58,58,59,59,69,66,65,59,56,61	53,54,33,44,45,46,57,49,46,32	237	183
3635	0,0,0,1,1,0,0,1,1,0	0,0,0,0,0,0,0,0,0,0	4,1,3,0,0,0,0,1,0,1	1,0,0,0,0,0,0,0,0,0	170	99
3636	0,0,1,2,1,1,0,1,1,0	0,0,0,1,0,1,0,0,0,0	5,2,3,2,1,0,0,0,0,1	0,0,1,0,0,0,1,0,0,0	170	99
3638	31,29,19,22,25,30,12,23,19,33	44,48,37,40,48,13,26,28,35,30	30,22,19,21,34,15,24,17,17,8	45,32,29,30,52,43,39,26,17,22	121	149
3639	40,48,67,40,42,41,39,44,47,45	58,66,56,43,43,38,44,38,49,54	50,47,43,44,59,52,39,31,28,25	48,54,57,52,55,43,49,34,33,32	153	152
3640	44,72,63,53,63,75,58,71,84,69	201,212,219,262,202,192,170,207,216,246	68,49,71,48,74,67,90,68,65,61	211,220,207,200,237,223,225,201,225,177	136	190
3641	210,202,238,240,218,172,175,190,186,244	199,212,217,263,202,192,170,209,216,244	224,250,192,194,270,232,262,206,228,171	211,220,207,201,238,223,225,201,225,177	197	190
3642	210,202,237,240,218,172,175,190,186,244	251,237,238,290,283,194,219,214,224,261	223,250,192,194,271,231,261,206,228,171	234,268,234,224,234,266,267,250,212,199	197	271
3643	8,9,8,11,5,9,3,7,17,10	0,3,0,0,1,1,3,0,2,3	8,14,7,7,8,2,9,5,5,8	0,0,1,0,3,1,4,0,0,4	333	201
3644	13,12,18,14,8,9,10,15,11,12	13,27,20,22,16,24,13,15,24,18	11,11,24,16,9,14,15,8,7,13	25,21,24,33,28,17,32,20,23,12	184	210
3645	8,15,11,7,4,11,8,10,6,6	19,33,22,26,17,26,17,17,21,21	8,11,10,12,10,16,8,13,3,10	19,33,25,17,19,26,26,11,16,12	131	184
3646	182,81,82,96,182,93,64,178,154,169	235,135,114,148,203,138,118,212,226,249	165,86,71,166,88,170,151,143,182,85	244,129,131,250,124,207,243,215,257,170	169	234
3647	549,663,603,667,571,734,528,637,593,681	393,498,486,523,455,531,412,466,454,501	643,655,513,600,637,665,765,662,736,714	464,473,470,479,486,434,511,449,522,591	155	143
3648	213,236,181,200,208,204,198,189,220,277	336,411,386,385,304,441,366,352,335,423	171,212,227,212,208,195,239,226,257,240	319,354,338,338,363,334,390,366,429,509	141	163
3649	851,905,956,974,900,921,813,921,808,1025	187,178,187,205,189,195,138,179,172,205	1007,936,812,948,1045,917,1026,830,1044,891	189,180,161,183,192,179,194,169,202,190	798	224
3650	83,65,82,75,78,72,53,65,66,75	857,906,970,981,916,954,813,904,820,1021	85,64,59,60,78,56,75,64,63,55	1001,927,808,931,1039,909,1036,825,1044,921	158	798
3651	124,118,148,144,101,110,114,127,111,140	68,64,63,72,50,45,52,81,58,82	160,132,112,147,136,117,138,112,132,101	86,68,67,71,71,64,70,63,77,55	224	158
3652	68,53,79,73,50,47,56,65,58,90	68,64,63,72,50,45,52,81,58,82	95,74,52,78,71,58,58,57,60,42	86,68,67,71,71,64,70,63,77,55	221	158
3653	76,97,87,88,67,72,74,82,86,82	149,159,165,186,164,166,157,156,158,205	102,90,89,89,93,96,95,87,103,71	175,179,156,182,198,164,166,176,166,208	164	205
3654	94,91,118,130,109,62,86,76,77,106	96,89,112,100,89,79,66,75,70,98	115,120,115,94,127,107,114,73,71,71	124,90,106,76,98,85,92,67,94,59	185	184
3655	56,72,54,91,73,27,54,55,36,65	153,140,150,155,142,60,113,107,120,128	67,59,57,63,72,54,67,64,49,29	157,114,132,145,151,149,125,115,123,60	166	273
3656	0,1,0,0,0,0,0,0,0,0	110,104,111,149,114,28,69,61,75,56	0,0,0,0,0,0,0,0,0,0	120,104,69,75,115,100,104,76,64,32	141	171
3657	48,46,56,64,42,12,21,37,30,23	110,104,111,149,114,28,69,61,75,56	40,31,34,27,51,42,37,32,25,15	120,104,69,75,115,100,104,76,64,32	159	171
3658	34,37,44,42,18,48,29,30,33,48	34,31,32,38,39,30,27,23,35,30	31,44,37,40,31,29,48,37,32,39	34,37,25,34,35,34,35,29,30,23	228	175
3659	101,82,74,102,72,79,81,70,85,100	40,38,38,41,33,46,39,32,33,49	92,86,92,75,107,72,82,71,96,95	32,44,38,43,35,28,38,33,41,40	357	228
3660	1,3,2,1,1,2,2,1,0,1	0,1,1,1,2,0,0,0,1,1	1,3,1,0,1,1,1,2,1,0	1,1,3,0,1,0,1,0,0,1	237	135
3661	52,71,57,69,60,56,53,50,54,71	16,23,19,24,26,17,27,15,15,18	50,64,63,62,76,53,48,50,61,44	17,16,18,13,17,20,26,18,15,21	233	137
3662	37,49,35,38,37,38,53,48,54,37	44,57,52,71,47,64,41,47,58,63	44,37,43,38,47,53,54,43,27,40	55,60,55,67,44,63,63,58,58,49	192	303
3663	57,66,79,60,50,15,33,44,40,46	56,60,51,82,57,27,27,32,29,41	84,52,61,54,89,68,89,53,32,39	58,44,58,47,68,47,45,36,27,29	276	171
3664	102,114,97,80,79,86,79,87,96,89	201,267,241,292,234,215,238,233,223,269	75,78,83,89,95,66,100,90,85,87	242,275,225,286,272,237,298,243,274,282	153	239
3665	34,45,40,32,39,25,43,34,35,50	63,59,63,75,67,64,74,64,76,90	46,27,29,40,49,36,48,30,44,43	71,80,38,73,73,79,83,48,78,64	186	231
3666	30,29,28,32,38,19,23,30,40,28	95,105,107,131,121,59,82,71,98,113	35,43,33,18,36,23,33,28,21,18	113,108,117,96,131,115,139,110,76,77	196	194
3667	267,289,294,282,299,144,196,230,221,231	59,44,55,40,65,23,34,49,51,49	326,244,271,243,339,312,324,214,189,116	66,54,48,34,70,51,54,39,32,31	817	196
3668	2,3,2,0,0,0,2,1,3,1	1,0,0,1,1,0,1,0,1,0	2,2,2,1,0,0,0,0,0,0	0,0,1,0,0,0,2,1,0,1	175	121
3669	1332,1507,1503,1552,1474,1068,1085,1213,1261,1291	672,778,772,825,756,572,622,625,685,749	1371,1387,1266,1396,1548,1469,1591,1201,1244,1119	759,706,678,703,856,786,836,701,669,673	327	177
3670	1486,1641,1628,1704,1584,1196,1161,1342,1379,1408	672,778,772,825,756,572,622,625,685,749	1499,1503,1377,1530,1690,1603,1703,1327,1353,1207	759,706,678,703,856,786,836,701,669,673	420	177
3671	11,8,10,10,20,6,16,13,6,10	17,28,28,32,29,29,20,28,26,31	13,6,10,4,8,16,15,12,9,13	26,26,21,21,31,24,26,27,36,26	165	324
3672	2,6,4,4,0,6,4,2,4,3	8,8,1,6,10,6,7,10,4,11	1,4,7,5,6,5,6,2,1,4	7,13,9,5,9,9,3,11,12,13	100	111
3673	24,33,27,32,28,3,12,10,18,10	94,135,114,134,83,47,60,71,78,78	19,22,24,25,25,22,19,16,22,7	105,86,64,122,134,97,87,78,70,34	237	597
3674	92,93,81,114,87,70,64,71,76,92	158,189,161,176,174,172,133,163,137,169	73,74,81,82,106,86,94,76,94,84	164,150,149,188,180,170,164,191,176,181	153	192
3675	139,130,161,156,127,135,124,149,119,155	204,233,223,232,210,217,189,204,206,248	158,159,150,136,141,131,173,156,135,145	249,188,206,216,224,203,248,214,208,218	213	279
3676	47,72,59,66,62,61,72,65,61,61	28,28,40,44,34,27,44,37,39,53	49,54,42,53,58,63,66,58,65,78	37,24,33,27,34,38,35,37,40,38	180	135
3677	27,21,23,31,17,25,31,23,41,17	27,29,29,34,35,33,36,46,39,29	22,35,20,21,48,34,34,22,26,25	41,33,38,27,45,36,35,26,44,43	188	187
3678	411,454,441,449,383,272,309,382,380,368	1044,1173,1172,1245,1106,848,906,997,1058,1056	439,386,327,412,502,498,470,382,293,198	1098,1060,953,1076,1281,1238,1303,980,979,702	207	306
3679	32,30,33,31,23,31,25,24,33,38	45,23,45,58,44,46,50,43,36,66	25,23,20,22,40,26,25,29,31,31	35,44,45,39,38,48,46,34,41,54	115	166
3680	1,2,4,0,2,2,0,1,0,3	3,2,1,0,0,1,0,1,0,0	1,3,1,1,2,2,2,3,3,0	2,1,0,0,1,1,0,0,1,1	258	240
3681	345,375,386,424,386,307,305,302,360,399	1153,1341,1446,1458,1402,1056,1002,1080,1093,1368	370,339,330,353,422,378,431,384,413,346	1259,1222,1176,1245,1375,1303,1343,1333,1367,1176	190	324
3682	470,531,514,566,531,416,414,427,479,548	415,554,514,513,502,410,400,429,420,488	533,489,477,493,573,513,585,542,579,482	425,426,440,449,458,503,526,473,478,370	190	190
3683	11,19,19,13,9,9,13,26,15,15	21,11,20,20,12,20,6,14,19,18	16,17,9,22,9,23,21,14,16,17	8,21,8,13,20,25,17,8,15,16	146	108
3684	106,123,106,120,76,112,94,103,91,111	21,11,20,20,12,20,6,14,19,18	110,94,78,114,96,118,120,95,114,112	8,21,8,13,20,25,17,8,15,16	171	108
3686	12,10,6,8,7,11,3,6,11,8	32,45,29,31,26,51,35,35,31,31	10,2,6,12,9,6,8,9,6,7	29,32,24,37,47,23,36,40,44,50	150	288
3687	40,35,50,59,35,47,30,57,41,42	32,57,39,60,33,51,44,37,41,59	43,51,39,30,43,43,64,42,43,66	42,59,40,42,50,58,58,28,40,52	191	175
3688	1087,1287,1243,1256,1201,1119,979,1098,1001,1196	179,192,227,261,187,207,187,182,167,269	1205,1060,1050,1155,1212,1100,1246,1081,1178,1107	227,186,228,201,211,240,257,202,242,230	147	129
3689	68,55,72,52,37,22,35,26,30,39	34,22,40,29,31,20,27,24,19,27	32,29,35,60,53,44,61,38,25,18	45,32,19,26,42,40,46,29,19,18	184	150
3690	1,4,4,2,2,1,1,2,0,2	195,217,229,251,196,69,115,149,128,101	1,4,6,1,10,7,8,2,1,1	219,149,170,156,206,181,197,137,113,63	114	589
3691	0,0,0,0,0,0,0,0,0,0	0,1,1,1,1,0,0,1,0,1	0,0,0,0,1,0,0,0,0,0	1,0,0,0,1,2,0,1,1,0	153	181
3692	595,599,610,620,566,674,545,606,577,744	559,585,585,626,594,672,541,588,547,711	610,571,574,551,606,603,631,649,670,655	596,587,572,531,608,585,587,562,651,732	205	182
3693	16,21,15,9,8,12,14,25,25,26	389,373,383,404,337,388,319,360,389,431	22,16,20,29,19,25,23,13,17,13	384,357,375,362,425,382,384,372,396,439	99	120
3694	889,958,993,804,565,609,830,760,1099,1042	389,373,383,404,337,388,319,360,389,431	939,772,923,981,1434,1504,1207,923,1066,1153	384,357,375,362,425,382,384,372,396,439	2402	120
3695	981,1159,1143,1156,1027,1050,1117,1072,1228,1299	51,51,57,52,47,42,47,35,57,37	1105,1139,1084,1167,1314,1287,1393,1228,1230,1439	34,44,42,68,38,69,43,39,50,52	148	120
3696	43,42,44,59,46,39,49,42,49,60	153,120,129,132,119,117,103,147,116,130	50,35,33,50,53,42,37,31,46,51	122,111,107,123,153,115,139,115,146,109	153	181
3697	7,6,8,11,7,10,11,6,21,11	81,93,87,108,88,80,59,89,84,100	11,2,8,2,4,12,13,9,7,8	95,93,70,63,98,81,98,82,103,74	107	153
3698	197,232,243,236,254,187,169,226,185,274	214,193,234,237,206,237,231,220,251,334	237,233,210,194,226,212,242,203,226,171	255,232,224,230,260,211,223,230,239,170	183	219
3699	21,25,26,39,24,22,23,26,21,20	14,11,9,12,15,11,16,9,11,20	35,25,32,18,28,29,27,28,22,9	13,17,11,12,25,11,18,11,18,13	171	90
3700	38,51,47,63,46,34,34,40,29,45	14,11,9,12,15,11,16,9,11,20	62,52,55,43,43,46,52,44,40,32	13,17,11,12,25,11,18,11,18,13	228	90
3701	73,86,82,83,67,54,51,54,62,64	14,11,9,12,15,11,16,9,11,20	95,73,81,72,75,64,90,71,62,55	13,17,11,12,25,11,18,11,18,13	258	90
3702	37,47,39,53,42,29,30,43,36,31	9,6,4,3,8,1,4,5,4,5	65,38,52,40,55,40,46,43,47,32	8,3,8,6,9,10,11,4,8,1	171	159
3703	89,108,95,97,85,61,58,71,77,75	9,6,4,3,8,1,4,5,4,5	125,86,101,94,102,75,109,86,87,78	8,3,8,6,9,10,11,4,8,1	258	159
3704	106,119,126,125,115,127,100,126,145,148	297,308,312,348,312,278,267,243,299,328	112,111,118,118,146,133,161,119,133,158	251,288,287,272,292,287,310,276,281,319	199	177
3705	11,10,18,9,8,10,9,17,7,10	297,308,312,348,312,278,267,243,299,328	7,9,16,6,18,12,9,12,8,10	251,288,287,272,292,287,310,276,281,319	194	177
3706	11,13,15,16,16,13,15,10,11,22	208,207,189,206,233,230,193,209,211,252	13,15,9,15,19,27,9,15,12,20	185,203,216,207,205,227,282,230,224,311	122	140
3707	53,53,54,61,36,46,59,43,60,88	104,103,127,144,97,125,95,164,102,128	68,45,41,57,80,111,73,71,62,97	117,108,107,114,115,131,129,126,140,113	198	198
3708	10,16,13,20,17,16,15,15,15,15	74,63,47,69,60,51,61,62,63,46	17,18,22,20,16,12,14,12,19,13	55,49,53,38,54,50,62,39,50,49	138	274
3709	21,22,26,38,22,31,27,28,30,40	46,38,28,35,29,51,35,30,39,51	37,22,33,28,35,23,27,33,25,20	31,37,28,33,48,29,35,32,47,33	172	196
3710	7,10,7,5,7,9,11,6,11,5	2,5,3,7,8,5,6,7,4,10	5,6,1,6,9,4,6,6,4,5	9,3,7,12,11,9,11,8,10,8	167	202
3711	287,375,390,374,324,227,273,248,265,241	78,57,84,62,49,66,45,60,56,64	319,278,270,322,441,329,408,306,262,208	62,62,52,65,81,52,86,69,58,46	286	190
3712	90,103,129,107,82,65,62,87,72,86	127,161,156,146,157,102,102,125,99,127	116,71,77,86,105,122,124,81,79,49	135,129,122,147,179,145,165,152,141,92	117	165
3713	87,104,96,113,101,89,87,87,85,94	93,114,119,113,108,57,83,85,79,71	111,93,93,123,147,131,127,106,110,92	104,84,88,95,121,95,125,100,91,45	154	135
3714	393,465,463,480,397,370,351,381,353,334	297,349,321,314,295,283,302,303,276,278	407,388,361,465,458,376,436,421,440,379	315,304,271,349,349,315,359,312,363,319	372	199
3716	30,29,38,32,32,26,27,37,28,33	0,1,1,0,0,2,0,1,1,0	24,33,28,17,35,24,31,34,37,12	1,0,0,1,0,0,1,0,2,1	220	93
3717	137,152,189,194,165,123,140,137,144,139	83,87,130,100,87,93,68,85,105,105	203,152,146,127,207,154,192,135,121,108	96,69,64,74,95,103,127,80,65,71	330	220
3718	63,74,59,75,41,35,35,47,57,64	173,157,208,219,190,178,143,157,155,160	64,45,46,50,65,54,72,50,34,33	206,149,160,149,197,163,202,142,157,122	172	326
3719	31,39,44,30,57,34,36,41,31,44	4,2,4,1,5,4,1,1,5,3	44,40,40,15,38,40,44,49,47,40	5,5,4,4,3,6,0,3,4,3	266	171
3720	230,259,313,253,273,242,281,259,241,251	271,300,314,318,375,321,308,303,318,297	312,237,229,228,256,271,291,263,240,201	311,316,310,304,283,358,393,327,365,293	132	153
3721	23,20,13,32,16,14,13,15,8,19	6,10,14,19,6,11,9,5,5,9	22,19,13,13,15,18,24,10,19,21	13,5,14,8,11,14,14,9,14,12	291	134
3722	23,20,13,32,16,14,13,15,8,19	96,91,77,141,86,67,75,82,82,93	22,19,13,13,15,18,24,10,19,21	83,115,69,100,83,84,131,70,100,105	291	802
3723	9,12,11,20,9,5,5,14,8,12	22,29,14,34,22,17,15,18,18,19	10,10,12,11,9,12,9,10,14,8	25,25,22,15,18,17,26,17,20,34	174	291
3724	21,22,16,30,16,14,23,19,17,20	10,9,13,18,14,5,7,7,2,11	36,22,14,29,15,14,27,19,24,19	14,10,9,8,10,9,14,6,8,5	183	174
3725	25,28,29,35,23,21,17,22,21,19	11,7,10,9,3,4,12,5,3,7	25,19,16,22,17,22,28,23,13,24	10,12,4,10,4,4,9,8,3,5	256	183
3726	25,28,29,35,23,21,17,22,21,20	17,15,16,23,8,8,12,12,8,15	25,20,16,20,17,22,28,22,13,24	16,18,11,16,10,14,16,14,15,11	256	183
3727	6,6,14,15,10,7,6,8,4,9	21,31,27,40,27,21,20,29,29,26	14,10,10,14,15,11,17,8,12,4	39,21,22,28,20,23,38,28,28,31	160	256
3728	19,27,15,24,18,15,10,15,17,24	13,14,24,15,16,6,5,19,13,17	11,11,12,12,10,17,25,6,10,10	7,5,15,14,21,12,11,8,13,6	161	168
3729	14,30,32,20,25,14,15,22,14,17	55,41,53,43,38,35,35,27,35,74	24,18,7,22,27,18,18,16,21,13	51,33,35,59,42,43,51,46,46,37	171	210
3730	256,283,260,241,256,198,155,265,229,237	132,169,186,168,127,140,123,146,134,115	283,214,243,253,285,260,264,202,243,189	159,174,119,119,143,119,157,161,117,114	183	159
3731	65,71,71,92,66,96,47,81,55,76	88,106,102,89,85,117,90,73,84,104	71,70,77,70,75,83,82,75,85,90	80,83,110,94,86,96,100,91,121,122	167	190
3732	42,63,60,70,50,36,23,48,27,46	21,26,19,34,28,19,16,16,9,34	56,57,47,42,74,52,47,56,28,34	37,28,26,30,29,20,20,12,14,19	216	138
3733	25,31,40,21,15,13,7,24,14,24	79,91,87,71,69,49,37,67,43,65	26,12,24,36,43,42,23,21,14,24	75,66,65,57,110,81,50,60,57,46	158	216
3734	326,397,425,410,459,66,162,192,185,157	4501,4978,5724,5162,5332,1636,2807,3272,3310,3115	385,265,240,241,507,330,400,184,114,77	4539,3798,3308,3842,6009,4686,5469,3257,2533,1521	786	7508
3735	100,137,156,155,143,124,131,126,119,192	126,131,136,148,167,148,119,134,130,205	105,123,110,153,146,140,168,140,146,127	143,145,124,127,162,134,168,151,174,142	166	201
3736	329,335,322,355,366,150,232,317,268,261	305,335,331,383,305,159,208,272,270,315	303,257,274,278,388,342,366,266,237,181	297,281,284,315,398,300,363,281,266,195	256	154
3737	601,808,677,699,643,659,574,553,636,734	84,105,107,92,90,99,87,93,85,109	620,627,583,670,731,636,755,647,728,647	85,112,106,111,103,92,96,116,98,105	183	93
3738	531,634,597,576,560,529,456,528,503,623	1,0,0,0,0,0,0,0,0,0	558,553,564,625,630,591,642,588,635,599	0,0,0,0,0,0,1,0,0,0	93	93
3739	173,217,194,214,191,168,143,166,151,201	226,242,273,208,203,221,174,218,226,229	189,173,177,207,225,201,218,191,200,204	213,194,214,235,232,211,231,204,216,233	93	193
3740	0,1,0,1,1,0,1,3,1,1	19,10,18,12,15,13,16,11,26,10	1,2,0,0,0,0,1,1,2,1	16,14,12,14,13,10,16,17,16,11	193	180
3741	129,107,115,110,113,125,72,136,86,140	151,114,96,116,112,122,107,107,104,133	112,112,134,99,105,91,107,85,127,106	130,109,115,118,103,103,130,100,127,130	310	325
3742	129,107,115,110,113,125,72,136,86,140	87,64,54,62,67,69,62,58,75,81	112,112,134,99,105,91,107,85,127,106	58,56,50,57,52,49,62,51,57,69	310	192
3743	379,327,318,332,331,364,250,340,270,392	109,108,99,97,99,111,65,125,109,110	373,317,352,302,314,291,314,275,345,349	102,96,96,81,84,74,103,93,126,137	835	236
3744	379,327,318,332,331,364,250,340,270,392	50,42,45,41,22,39,22,44,39,34	373,317,352,302,314,291,314,275,345,349	37,34,34,26,32,31,38,25,49,57	835	147
3745	379,327,318,332,331,364,250,340,270,392	3,3,2,4,7,6,0,6,4,3	373,317,352,302,314,291,314,275,345,349	4,3,1,5,3,4,7,3,3,3	835	165
3746	109,108,99,97,99,111,65,125,109,110	3,3,2,4,7,6,0,6,4,3	102,96,96,81,84,74,103,93,126,137	4,3,1,5,3,4,7,3,3,3	236	165
3747	50,42,45,41,22,39,22,44,39,34	3,3,2,4,7,6,0,6,4,3	37,34,34,26,32,31,38,25,49,57	4,3,1,5,3,4,7,3,3,3	147	165
3748	51,44,47,44,23,40,23,47,42,35	3,3,2,4,7,7,0,6,3,3	42,36,36,26,33,36,39,26,53,58	4,3,1,5,3,4,7,3,3,3	147	165
3749	13,15,21,18,14,12,11,17,18,19	102,142,109,113,120,104,111,115,108,105	22,12,18,15,12,11,20,14,13,27	102,105,84,131,118,110,143,110,145,134	161	231
3750	55,61,59,72,64,33,44,71,61,52	59,51,54,67,62,40,31,65,44,52	58,45,45,77,62,67,66,60,54,43	45,43,42,68,53,59,64,56,47,42	198	170
3751	46,46,32,39,46,34,18,46,30,45	68,72,83,106,68,50,66,73,77,51	36,37,32,38,56,44,49,47,37,32	64,41,54,75,63,87,87,70,62,49	192	198
3752	6,0,5,5,4,2,4,3,2,10	12,5,3,13,8,5,4,12,9,11	2,3,2,2,3,2,3,1,4,3	8,6,7,7,14,13,2,3,4,5	124	238
3753	12,3,4,16,7,5,8,6,9,12	0,0,1,0,0,1,1,2,2,0	2,6,10,7,7,10,7,7,4,7	2,0,1,1,0,0,2,0,0,0	238	133
3754	2,2,16,9,9,0,7,4,6,3	252,302,279,281,265,168,212,202,187,229	7,12,8,5,9,6,5,5,9,2	246,228,218,267,280,236,364,239,247,156	186	199
3755	9,10,11,18,12,3,10,10,11,11	2,0,2,5,3,0,2,2,3,2	17,12,9,9,14,10,8,1,6,3	3,2,3,1,8,0,2,3,0,1	162	105
3756	13,22,21,28,23,8,11,17,18,19	0,1,3,3,2,0,0,1,2,2	24,20,20,12,22,19,17,10,14,2	3,1,6,1,4,1,2,3,0,1	162	105
3757	13,6,23,14,21,2,15,6,9,10	0,1,3,3,2,0,0,1,2,2	14,26,15,10,17,11,13,10,13,6	3,1,6,1,4,1,2,3,0,1	186	105
3758	13,6,23,14,21,2,15,6,9,10	13,22,21,28,23,8,11,17,18,19	14,26,15,10,17,11,13,10,13,6	24,20,20,12,22,19,17,10,14,2	186	162
3759	0,0,0,0,0,0,0,0,0,0	13,22,21,28,23,8,11,17,18,19	0,1,1,0,0,0,0,0,0,0	24,20,20,12,22,19,17,10,14,2	133	162
3760	4,2,17,10,10,0,9,5,7,3	7,16,15,17,14,6,6,10,8,13	7,14,8,5,14,7,5,5,9,2	10,12,14,8,12,10,12,9,11,1	186	162
3761	0,0,0,0,0,0,0,0,0,0	13,6,23,14,21,2,15,6,9,10	0,1,1,0,0,0,0,0,0,0	14,26,15,10,17,11,13,10,13,6	133	186
3762	89,106,117,117,119,36,57,78,88,71	1,4,0,0,0,0,1,0,1,0	108,77,61,70,87,89,97,75,81,55	3,0,1,0,2,4,4,3,0,1	183	137
3763	57,67,73,69,78,23,31,50,54,49	1,4,0,0,0,0,1,0,1,0	77,43,41,47,64,60,68,57,53,37	2,0,0,0,2,2,3,3,0,1	183	137
3764	47,43,52,62,62,27,36,35,44,39	1,4,0,0,0,0,1,0,1,0	54,33,41,33,56,35,42,36,36,26	2,0,0,0,2,2,3,3,0,1	93	137
3765	47,43,52,62,62,27,36,35,44,39	44,36,43,30,53,13,19,33,33,22	54,33,41,33,56,35,42,36,36,26	48,21,23,21,38,39,43,32,30,24	93	270
3766	47,43,52,62,62,27,36,35,44,39	57,67,73,69,78,23,31,50,54,49	54,33,41,33,56,35,42,36,36,26	77,43,41,47,64,60,68,57,53,37	93	183
3767	50,50,74,47,52,18,24,44,41,45	86,75,91,85,85,27,59,70,58,78	52,53,40,28,65,42,66,43,34,21	99,57,66,65,100,81,111,83,60,30	150	147
3768	22,14,9,13,20,10,14,15,13,16	2,0,0,0,0,1,0,1,0,0	20,8,5,12,12,7,22,8,13,14	0,0,0,0,0,0,0,0,0,1	199	124
3769	9,10,9,10,6,4,4,8,8,9	24,18,15,20,19,14,8,20,27,18	8,4,5,6,10,3,9,7,6,4	20,14,20,16,31,14,16,11,9,12	165	127
3770	0,0,0,0,0,1,1,0,0,0	24,18,15,20,19,14,8,20,27,18	0,0,0,0,0,0,1,1,1,1	20,14,20,16,31,14,16,11,9,12	137	127
3771	3,1,4,6,6,2,2,4,3,1	10,7,9,9,9,6,8,9,4,8	2,2,4,4,5,3,5,3,5,2	9,8,9,12,10,9,6,4,12,7	101	106
3773	102,139,121,118,104,102,113,111,118,125	116,143,138,129,142,117,116,113,110,158	107,128,94,93,122,100,99,113,89,102	125,124,147,169,153,131,148,124,102,148	297	297
3774	52,75,56,80,69,40,34,50,50,62	11,13,10,13,11,6,10,6,15,13	59,69,39,73,59,70,78,60,52,46	14,11,8,8,11,12,9,18,12,8	161	96
3775	0,2,0,3,0,0,0,1,3,0	1,0,1,0,2,0,1,0,1,1	0,2,0,0,1,0,0,1,1,0	0,0,0,0,0,0,0,0,0,0	148	112
3776	20,36,28,31,18,9,18,23,27,28	43,54,62,63,36,20,32,27,41,39	39,29,34,27,36,38,34,20,28,17	50,35,29,36,55,33,64,45,28,14	114	167
3777	48,62,49,75,50,20,32,38,32,37	91,143,106,119,110,47,54,94,83,83	54,45,45,37,44,35,59,40,35,18	80,106,85,96,109,83,147,71,62,56	167	265
3778	85,136,109,110,90,40,54,67,90,81	57,77,60,61,51,32,29,38,60,40	88,72,66,83,105,80,148,87,56,49	55,56,44,55,83,61,49,39,25,18	265	216
3779	172,204,231,193,136,82,141,120,180,198	519,571,576,580,521,302,412,474,472,495	194,134,173,165,309,243,224,187,154,118	536,494,499,506,607,595,613,507,417,319	172	114
3780	290,352,400,310,233,150,262,226,319,348	519,571,576,580,521,303,411,474,472,494	363,258,318,286,531,496,445,324,273,214	536,494,499,506,608,595,614,507,418,319	172	114
3781	303,298,355,363,284,191,270,298,305,311	1025,1231,1212,1281,1116,740,865,1003,912,1134	347,301,322,296,389,385,415,309,282,217	1143,1118,1093,1045,1231,1149,1351,961,953,659	114	182
3782	17,26,19,15,21,12,15,16,21,17	55,43,57,47,57,59,43,54,39,41	31,13,29,18,19,24,12,23,22,9	60,54,56,53,46,49,44,35,50,48	135	224
3783	10,4,4,11,7,10,3,7,10,8	20,27,26,29,17,16,27,25,25,26	3,5,5,5,5,7,16,7,6,6	26,22,20,22,27,21,27,22,25,35	162	168
3784	171,193,176,174,175,111,128,167,127,138	0,0,0,1,0,0,0,0,1,0	160,172,189,154,177,164,191,118,171,121	3,1,0,0,2,0,0,0,1,0	117	119
3785	312,353,384,357,351,219,260,321,257,323	151,203,173,200,190,141,124,161,159,156	317,316,299,362,350,314,382,327,308,246	176,153,184,168,206,179,192,156,145,145	208	153
3786	354,341,373,366,342,245,274,284,330,365	205,191,192,172,162,115,166,154,175,148	321,327,350,372,359,349,374,349,346,298	184,193,178,194,207,207,231,194,175,147	239	190
3787	717,679,714,711,658,729,595,709,729,717	865,947,933,995,830,1017,833,937,942,983	658,621,639,707,673,722,786,705,819,783	831,827,828,907,953,892,986,876,969,994	232	190
3788	252,265,281,270,285,350,236,308,286,311	303,335,337,386,312,448,333,359,295,411	267,267,259,290,312,263,316,284,349,371	353,349,338,290,329,324,372,330,418,484	145	162
3789	191,194,186,210,182,274,209,216,187,194	242,257,263,251,222,297,264,266,244,293	224,198,200,182,216,182,220,199,235,255	253,265,235,261,275,239,285,249,301,304	135	145
3790	211,211,221,201,220,237,201,263,224,222	216,234,252,241,245,296,216,263,244,263	192,217,217,180,211,202,253,220,222,293	239,234,226,236,275,227,270,248,307,306	177	135
3791	46,61,51,59,52,56,37,51,58,47	291,281,269,289,282,399,283,321,296,303	40,41,41,44,57,58,62,56,67,65	303,287,290,274,318,261,333,294,350,403	181	177
3792	82,137,116,130,103,86,102,79,92,125	35,44,30,43,47,36,46,22,27,36	88,86,110,93,153,133,120,97,121,50	33,34,23,30,48,33,58,28,36,38	370	195
3793	77,75,88,92,73,75,80,70,60,69	90,86,102,99,84,93,97,84,68,128	74,71,51,55,73,81,90,59,101,87	92,99,83,81,104,85,101,73,83,116	223	265
3794	78,75,89,93,73,78,82,70,62,71	24,20,28,32,40,27,27,39,34,37	74,71,52,55,73,82,92,59,102,88	32,37,32,28,44,27,39,31,41,27	223	174
3795	39,52,33,44,55,43,25,45,40,39	36,62,56,64,72,56,43,54,44,58	60,42,20,38,59,53,51,46,38,42	42,59,40,54,54,70,55,48,70,53	179	202
3796	317,420,392,405,349,360,299,349,371,423	308,367,354,365,330,332,334,345,366,376	376,377,350,383,432,398,432,379,419,361	351,344,348,310,386,368,385,334,402,400	252	236
3797	318,416,390,401,347,356,298,347,370,418	221,251,255,273,204,185,203,226,218,284	375,374,347,377,428,398,430,378,418,355	207,258,250,222,266,236,273,240,235,207	252	236
3798	179,204,227,222,199,166,155,174,178,199	230,299,287,311,262,274,230,243,274,320	173,170,213,182,194,214,230,174,204,194	303,295,252,285,343,315,329,299,333,259	207	252
3799	179,204,227,222,198,166,155,174,178,199	384,500,484,513,447,455,412,425,458,513	174,170,214,182,194,214,230,174,202,194	473,454,407,449,530,497,516,478,556,427	207	252
3800	310,396,340,375,293,170,253,257,262,251	204,205,251,292,261,121,172,169,202,208	333,300,291,344,380,291,365,261,186,120	218,228,207,189,273,223,270,201,163,103	222	207
3801	91,78,112,102,95,33,61,79,52,50	0,3,4,2,2,1,1,2,0,1	71,76,89,48,125,95,99,68,66,20	1,0,3,0,2,1,2,2,0,1	2069	251
3802	8,8,3,5,2,5,7,4,3,8	34,35,31,41,34,22,25,32,33,35	8,9,12,4,1,6,15,7,8,4	31,29,29,25,29,25,27,32,22,36	142	365
3803	12,10,13,12,10,1,8,12,8,12	10,11,7,8,9,7,4,12,4,8	14,8,13,8,14,15,14,8,9,10	12,6,7,6,8,9,13,7,10,6	169	207
3804	119,149,112,157,154,73,94,88,92,89	11,25,19,11,15,8,10,13,10,12	112,85,134,116,168,114,145,126,105,57	21,15,20,18,16,22,22,9,9,5	234	159
3805	100,124,87,140,128,54,74,64,73,67	6,10,10,3,9,3,4,8,4,6	83,55,106,90,135,96,112,100,87,48	10,2,12,11,12,5,9,4,6,4	234	159
3806	100,124,87,140,128,54,74,64,73,67	17,28,42,44,42,16,26,26,30,31	83,55,106,90,135,96,112,100,87,48	41,29,22,28,37,31,39,26,29,14	234	132
3807	6,10,10,3,9,3,4,8,4,6	17,28,42,44,42,16,26,26,30,31	10,2,12,11,12,5,9,4,6,4	41,29,22,28,37,31,39,26,29,14	159	132
3808	39,42,37,34,51,14,23,25,29,24	37,53,61,66,67,31,38,43,46,50	38,23,30,38,30,29,43,26,20,20	64,49,45,56,61,49,67,54,42,22	159	132
3809	61,83,59,80,55,56,58,64,61,77	62,52,50,80,42,55,49,47,57,44	61,65,59,74,71,52,77,44,62,76	47,47,36,52,60,55,54,38,43,55	147	284
3810	94,108,109,139,103,112,95,97,110,91	65,62,75,80,61,77,72,84,55,58	111,119,69,126,94,110,108,82,107,102	75,64,49,61,56,48,83,49,73,75	174	147
3811	18,25,29,37,16,22,15,20,20,16	64,62,75,80,61,77,72,83,55,57	17,29,18,33,20,21,20,21,14,16	75,63,49,61,56,49,83,49,73,75	174	147
3812	7,20,15,18,16,14,9,13,14,15	18,25,29,37,16,22,15,20,20,15	9,19,18,26,11,18,12,18,18,21	17,29,18,32,20,21,20,21,15,16	144	174
3813	8,20,15,18,16,14,9,14,14,16	68,92,76,89,68,67,70,75,74,83	9,20,18,26,10,18,12,18,18,21	73,81,65,87,82,57,93,57,69,81	144	174
3814	47,67,55,48,57,55,53,47,49,74	68,92,76,89,68,67,70,75,74,84	54,55,42,32,50,55,70,42,63,46	73,81,65,88,82,57,93,57,68,81	144	174
3815	0,0,0,0,0,0,0,0,0,0	119,149,135,144,143,145,132,123,138,149	0,0,0,0,0,0,0,0,1,0	148,143,93,125,124,143,157,103,155,132	126	144
3816	0,0,0,0,1,0,2,0,0,0	41,41,44,54,47,48,41,52,39,52	0,0,0,0,0,0,0,0,0,0	39,46,44,54,48,26,63,47,53,45	267	229
3817	79,67,85,77,79,64,69,74,62,85	6,4,4,3,11,12,4,5,7,6	91,73,76,77,67,68,65,56,65,66	7,5,3,13,10,5,6,4,6,9	770	219
3818	21,23,39,25,30,22,21,32,23,26	6,4,4,3,11,12,4,5,7,6	24,29,23,25,19,27,19,15,24,21	7,5,3,13,10,5,6,4,6,9	371	219
3819	2940,3603,3486,3473,3248,3220,3009,3181,3098,3532	4404,5039,4730,5204,4590,4625,4019,4337,4175,4862	3446,3124,3310,3297,3878,3423,4066,3556,3680,3302	4650,4542,4706,4759,4990,4715,5310,4740,5061,4694	294	255
3820	152,154,131,142,140,121,116,128,111,132	65,38,47,49,46,43,40,43,46,63	163,123,135,141,136,133,158,145,132,156	40,51,38,45,38,50,54,52,57,47	264	147
3821	45,50,46,55,49,12,23,29,30,26	115,135,139,155,142,46,83,100,99,81	39,32,42,49,64,35,49,38,26,11	118,119,109,101,136,117,136,93,77,29	118	173
3822	21,13,23,21,15,15,16,18,13,13	35,38,52,60,21,27,26,34,32,34	20,18,16,10,21,19,36,20,21,4	46,28,37,45,47,32,49,27,23,20	193	296
3823	23,25,21,35,30,17,13,11,29,25	53,73,67,69,64,37,27,33,40,36	26,18,23,23,19,31,28,17,17,10	48,56,44,55,52,60,67,55,28,24	138	195
3824	1,0,0,0,0,0,0,0,1,1	75,104,74,90,69,58,59,80,72,76	0,0,0,0,0,1,0,2,0,0	93,98,79,72,95,89,89,91,73,51	128	169
3825	21,20,14,38,19,5,7,16,22,16	21,15,16,8,28,6,14,12,11,10	21,9,25,18,20,7,25,23,12,7	16,16,13,16,18,12,18,13,14,5	189	176
3826	97,109,106,100,86,45,66,70,78,87	43,40,49,30,40,20,34,18,24,28	97,84,73,97,127,125,107,85,77,44	47,27,27,37,50,33,38,28,31,14	340	192
3827	49,39,52,33,32,15,25,26,28,31	37,58,51,57,44,33,39,35,47,33	42,26,33,33,56,42,38,27,22,15	42,42,44,41,42,36,53,46,34,25	192	210
3828	178,213,207,208,217,100,155,155,189,190	247,263,299,275,240,120,184,206,204,275	206,153,152,167,199,184,206,147,121,79	275,217,208,212,296,259,277,223,164,124	198	236
3829	61,52,49,75,59,32,51,50,48,59	78,52,58,61,57,45,68,61,50,60	49,37,52,40,74,53,52,47,57,48	57,65,66,56,73,49,61,44,62,52	227	247
3830	108,85,101,103,71,55,95,78,80,74	147,189,176,163,163,147,182,114,147,193	82,82,77,57,110,62,81,67,69,68	179,158,176,129,185,208,159,130,175,114	247	334
3831	98,102,98,107,103,91,86,107,85,108	59,59,51,87,73,64,44,66,65,63	92,82,110,91,82,116,129,114,120,103	67,75,65,58,77,52,77,76,90,73	201	133
3832	53,75,68,83,69,81,57,71,78,81	43,60,61,67,63,63,50,60,54,54	85,91,69,72,80,86,97,81,91,75	49,70,55,58,52,55,82,59,78,67	157	143
3833	56,70,68,66,64,42,48,63,47,58	75,86,97,65,70,92,47,75,68,83	62,44,54,54,55,43,62,53,63,77	77,79,72,73,85,70,75,70,64,103	172	175
3834	214,236,233,260,240,154,180,209,184,197	223,265,249,287,234,135,170,192,197,191	225,208,198,229,255,208,247,193,197,104	234,219,198,236,236,248,256,198,198,141	282	183
3835	136,188,162,205,157,141,119,129,120,182	140,164,159,161,155,141,121,142,135,154	123,187,173,166,148,163,223,161,175,156	165,127,126,134,152,154,185,140,118,158	231	151
3836	100,110,101,99,124,102,86,113,106,123	140,164,159,161,155,141,121,142,135,154	104,98,118,114,125,127,169,125,111,114	165,127,126,134,152,154,185,140,118,158	178	151
3837	98,108,99,95,123,102,86,111,104,122	103,112,106,108,95,100,90,98,121,136	102,95,117,114,123,126,166,123,111,112	99,107,95,111,130,117,104,126,114,131	178	152
3838	98,108,99,95,123,102,86,111,104,122	186,224,199,226,177,198,167,173,187,262	102,95,117,114,123,126,166,123,111,112	166,213,202,214,221,198,249,218,214,218	178	231
3839	177,251,217,206,229,191,196,191,253,244	138,119,99,116,102,103,84,113,106,101	189,210,250,239,209,244,261,186,222,175	98,112,129,106,123,102,139,113,126,91	177	145
3840	14,25,29,22,27,16,20,19,25,33	13,25,20,31,22,22,11,18,24,29	19,16,12,19,29,28,27,20,29,23	27,24,18,17,27,27,25,24,20,27	206	147
3841	30,34,30,35,38,28,26,38,31,47	13,25,20,31,22,22,11,18,24,29	29,17,20,27,40,37,30,29,48,38	27,24,18,17,27,27,25,24,20,27	203	147
3842	7,10,6,5,5,6,5,4,2,5	4,4,8,10,9,3,5,4,3,11	5,9,3,1,4,5,5,4,1,1	7,8,4,3,6,5,2,10,4,2	164	108
3843	254,262,186,212,198,256,132,210,211,192	75,84,84,94,50,85,51,72,61,60	252,183,194,251,189,234,310,300,250,270	93,66,64,89,51,83,99,97,91,117	494	217
3844	254,262,186,212,198,256,132,210,211,192	75,84,83,94,49,83,51,71,61,60	252,183,194,251,189,234,310,300,250,270	93,64,62,88,51,83,98,97,91,117	494	216
3845	49,40,51,55,43,36,37,38,51,43	23,24,18,23,30,23,19,23,23,23	48,48,36,50,59,57,45,58,51,53	23,20,20,23,29,27,25,22,22,18	254	105
3846	59,48,54,61,48,38,39,43,53,45	23,24,18,23,30,23,19,23,23,23	52,57,42,57,60,63,55,60,52,58	23,20,20,23,29,27,25,22,22,18	209	105
3847	46,39,47,54,39,34,35,36,45,41	23,24,18,23,30,23,19,23,23,23	43,45,38,49,54,56,46,53,48,46	23,20,20,23,29,27,25,22,22,18	206	105
3848	0,0,0,0,0,1,0,1,0,1	0,0,0,0,0,0,0,0,0,0	0,0,0,1,1,0,0,0,0,0	0,1,0,0,0,0,0,0,0,1	139	124
3849	117,129,136,126,97,98,94,119,120,143	214,200,241,267,244,213,193,216,216,288	154,126,107,122,142,145,142,154,122,135	217,203,206,258,270,233,278,267,237,237	153	180
3850	450,464,506,474,429,224,277,351,347,363	187,207,182,227,196,107,159,160,162,183	432,384,429,408,479,424,453,387,291,213	201,177,149,195,219,191,211,177,156,106	195	147
3851	2,1,1,1,0,1,1,1,0,1	7,1,3,2,2,1,0,2,4,3	0,1,5,4,5,1,1,2,1,1	3,2,1,4,2,2,5,0,1,1	112	98
3852	95,89,114,112,91,107,91,101,116,132	94,107,86,139,98,94,80,97,84,129	140,94,87,130,128,136,165,107,90,107	84,105,81,89,117,93,105,96,105,99	154	142
3853	46,47,70,47,34,30,46,51,50,49	158,188,189,208,173,152,116,160,151,176	63,38,42,54,77,82,86,52,64,47	202,164,139,159,193,157,190,114,132,128	154	154
3855	26,24,30,27,37,18,36,36,25,27	76,63,85,98,95,70,86,80,77,88	37,26,21,26,27,14,26,31,27,30	87,59,77,81,95,81,94,78,88,70	117	207
3856	49,35,61,44,36,23,41,49,59,46	79,70,89,113,72,61,77,69,66,86	65,47,44,61,74,50,60,42,24,27	92,75,74,56,94,85,85,55,62,34	217	202
3857	42,58,58,43,45,8,26,26,29,24	37,25,36,40,45,13,25,21,22,17	39,41,43,44,48,38,52,51,23,17	24,19,20,24,46,34,27,27,18,15	177	183
3858	24,64,66,46,34,16,45,22,45,45	171,208,215,195,229,138,152,169,164,172	55,51,37,46,77,69,60,50,48,43	215,183,177,164,227,192,212,197,165,146	204	236
3859	109,124,128,131,126,82,97,102,96,114	171,208,215,195,229,138,152,169,164,172	99,116,114,125,140,120,134,108,121,76	215,183,177,164,227,192,212,197,165,146	279	236
3860	97,129,127,125,129,93,85,103,94,116	117,140,151,147,146,65,112,109,116,140	132,116,98,104,147,110,133,125,92,78	137,117,142,133,130,137,149,122,121,103	236	195
3861	195,203,221,231,226,150,151,170,172,198	117,140,151,146,147,66,112,109,116,140	237,198,195,198,251,211,224,194,185,155	136,117,142,133,130,137,149,122,121,103	236	195
3862	140,216,205,231,185,134,156,168,149,198	513,605,609,657,596,437,477,535,474,604	200,207,174,162,269,201,230,200,225,180	608,535,568,599,733,656,601,570,628,487	207	543
3863	563,686,686,746,671,496,519,582,535,689	102,120,122,130,105,98,81,94,93,136	697,591,648,646,825,731,691,635,701,545	127,98,126,108,153,138,128,123,141,94	543	192
3864	39,52,42,48,54,39,31,46,43,51	176,171,188,217,169,156,170,146,143,184	48,32,55,52,59,47,54,52,47,32	189,175,152,170,189,186,194,168,179,157	192	174
3865	86,59,65,83,40,70,75,86,101,94	82,78,68,71,62,85,65,81,61,102	104,74,69,76,106,130,95,79,101,95	89,77,75,72,63,77,88,43,85,83	210	152
3866	0,0,0,1,1,2,0,1,0,1	1,3,5,5,1,2,1,1,2,2	0,1,1,0,0,0,2,0,4,2	5,1,0,2,13,2,0,4,2,1	203	159
3867	2081,2189,2346,2357,2095,2156,2042,2145,2055,2324	1883,2049,2188,2179,2018,2098,1805,1951,1881,2308	2314,2110,2360,2346,2296,2322,2401,2151,2214,2183	2054,2087,2193,2160,2095,2060,2313,2115,2195,2224	150	171
3868	2740,3404,3310,3349,2994,3039,2757,2837,2799,3234	4479,4892,4834,5133,4530,5030,4121,4295,4238,5244	3450,3100,3205,3228,3262,3214,3536,3119,3217,3210	4697,4673,5175,4984,4804,4730,5067,4717,5265,5098	171	231
3869	3611,3866,4012,4193,3682,3970,3316,3512,3548,4346	1670,1688,1810,1908,1634,1836,1547,1719,1629,1927	3842,3774,4165,4028,3924,3795,4265,3915,4232,4094	1857,1760,1931,1836,1839,1746,1765,1830,1899,1985	231	159
3870	2451,2744,2612,2789,2501,2800,2307,2358,2288,2812	1122,1343,1300,1531,1291,1354,1128,1257,1254,1511	2536,2610,2859,2721,2596,2615,2750,2562,2830,2813	1267,1325,1486,1340,1341,1277,1420,1339,1494,1585	159	151
3871	24,26,30,27,23,11,18,28,27,24	0,0,0,0,1,0,0,0,1,0	28,19,19,23,24,16,34,17,36,19	0,0,0,0,0,0,1,0,0,0	210	210
3872	17,13,13,15,16,15,8,14,23,19	27,16,16,27,29,22,28,18,23,32	14,8,9,11,19,14,15,10,24,24	18,18,18,21,27,32,28,20,18,29	263	255
3873	87,57,85,99,77,75,68,77,71,82	68,74,122,94,75,80,60,81,77,86	99,75,79,61,98,77,98,82,93,78	74,64,89,73,104,86,83,74,73,71	180	181
3874	87,57,85,98,77,75,68,77,71,82	73,78,91,94,67,103,87,76,76,89	99,75,79,61,98,77,98,82,93,78	86,86,86,67,69,90,110,89,105,80	180	170
3875	28,52,36,24,26,32,23,31,37,33	83,111,109,100,103,88,73,74,81,73	31,36,36,36,47,35,38,25,40,29	86,63,74,88,98,90,95,90,80,75	215	296
3876	41,43,53,50,46,41,47,58,49,62	41,47,43,47,61,60,48,38,56,54	46,49,53,52,37,52,67,43,50,69	55,45,23,41,36,28,49,33,50,44	207	195
3877	54,58,48,57,52,42,47,52,57,73	12,6,7,5,11,13,8,6,11,9	52,42,39,44,60,42,50,50,58,51	13,8,12,7,7,9,11,6,7,8	175	213
3879	205,265,216,226,220,126,170,182,191,197	158,160,189,177,181,96,121,155,141,172	209,179,163,190,257,212,214,164,151,105	204,147,157,171,225,161,187,127,130,95	360	281
3880	169,195,201,183,203,104,136,143,159,163	20,23,36,36,21,21,28,21,26,29	194,159,160,166,234,161,183,141,130,97	35,32,19,29,29,25,29,26,19,19	281	129
3881	23,19,28,39,19,18,17,28,20,24	141,162,165,197,152,117,146,133,144,141	43,21,25,20,25,27,36,19,30,19	158,131,122,137,178,166,182,124,123,77	129	246
3882	145,172,168,193,175,203,136,159,167,172	105,97,112,124,90,103,89,101,98,104	174,149,130,162,189,155,208,160,176,154	101,106,70,97,103,113,115,97,92,87	271	242
3883	134,173,161,166,146,152,128,154,149,171	209,254,245,258,227,239,207,210,210,223	161,156,121,163,164,147,182,128,153,134	227,217,215,245,250,200,286,164,206,231	242	316
3884	176,179,168,204,155,152,142,176,157,211	273,215,290,286,247,231,175,246,210,279	205,154,182,201,187,165,174,182,157,165	275,235,226,249,257,201,265,213,230,211	234	234
3885	211,220,270,271,253,157,194,215,229,244	9,10,17,20,19,13,18,9,18,8	217,216,206,214,235,234,262,209,210,154	12,13,12,6,14,21,18,20,11,13	147	147
3886	313,342,384,370,325,227,249,298,313,377	66,82,55,81,62,26,43,35,45,44	337,302,260,312,328,352,333,303,276,218	65,68,67,48,68,71,70,33,33,38	144	198
3887	50,66,46,60,39,42,47,56,46,53	161,152,168,175,197,130,129,163,165,186	58,56,54,55,67,55,57,62,37,53	168,140,159,121,186,156,163,141,130,143	189	168
3888	22,31,30,22,20,22,13,28,15,16	12,9,11,5,14,2,8,0,7,10	26,21,21,32,26,28,27,20,19,13	6,7,2,2,9,9,14,7,7,5	180	118
3889	299,350,287,250,254,341,247,246,300,259	498,463,538,419,416,552,438,440,421,500	360,274,333,305,322,288,338,320,323,318	567,458,531,493,566,476,503,516,562,593	181	210
3890	334,354,383,364,348,349,291,318,322,338	370,337,321,301,314,331,277,284,262,285	406,343,380,438,460,367,363,409,443,359	379,322,396,352,403,331,337,344,401,340	222	229
3891	375,352,343,338,320,281,299,329,307,331	317,327,360,351,310,325,301,301,341,350	419,319,381,387,427,376,358,408,404,298	390,329,402,372,445,345,351,381,410,354	257	222
3892	381,388,396,435,377,292,301,364,369,390	994,1119,1131,1226,1075,849,907,956,963,1108	409,352,415,398,420,407,433,369,360,334	1130,1036,1089,1114,1206,1048,1247,1053,1028,982	270	384
3893	818,901,950,1033,886,682,723,787,806,875	570,639,640,689,610,496,522,560,569,597	935,843,892,928,1007,902,1040,913,852,825	638,584,622,653,680,627,716,583,663,572	384	198
3894	342,372,425,417,373,362,336,318,402,436	352,394,431,453,405,381,374,386,373,445	408,388,379,371,418,375,493,352,454,376	385,398,415,430,431,413,469,439,468,385	194	186
3895	481,616,554,659,573,364,449,478,459,517	244,272,234,238,215,134,190,185,205,219	571,515,519,519,590,592,647,457,455,294	247,209,210,245,267,227,250,214,183,151	159	240
3896	382,499,447,526,478,301,374,390,368,429	120,148,130,139,120,81,108,88,111,115	469,422,414,419,486,485,538,376,384,240	136,131,127,132,155,128,127,114,85,94	159	240
3897	243,276,255,296,237,151,218,190,223,206	335,398,397,383,290,193,294,313,334,339	260,220,235,240,291,249,257,215,187,168	373,315,389,352,457,423,430,333,340,246	240	240
3898	192,244,237,253,190,127,166,176,199,202	336,364,365,403,280,259,282,330,343,362	223,180,238,223,258,236,262,195,184,141	378,357,333,385,431,370,389,355,351,280	240	240
3899	220,259,242,224,193,119,179,184,207,220	339,372,373,408,283,261,288,329,348,364	236,165,217,240,271,236,282,220,215,147	382,357,334,389,436,378,395,361,355,283	240	240
3900	329,382,396,382,358,299,332,288,288,395	575,601,674,681,526,548,551,567,626,647	363,359,336,336,404,377,372,367,337,340	659,567,604,635,674,655,635,567,584,545	178	226
3901	283,305,293,334,291,243,265,292,285,361	1,2,1,2,4,3,2,2,1,1	287,271,288,322,342,277,311,288,344,343	0,1,3,2,2,1,3,1,4,3	174	138
3902	185,180,173,219,176,154,167,179,161,228	875,924,942,931,796,917,780,809,839,853	170,166,192,184,204,172,188,156,202,199	839,914,857,868,807,804,933,821,936,962	174	247
3903	12,16,12,18,8,10,7,8,8,8	74,94,102,82,96,51,59,64,55,81	13,11,12,19,10,13,19,10,10,7	101,86,71,64,99,89,103,71,50,38	108	217
3904	45,44,54,41,39,20,21,35,28,36	1,0,0,0,0,0,0,0,0,0	40,39,49,42,49,57,60,44,28,17	0,0,1,0,0,0,0,0,0,0	108	147
3905	45,44,54,41,39,20,21,35,28,36	1,1,0,0,0,0,0,0,0,0	40,39,49,42,49,57,60,44,28,17	0,0,1,0,0,0,0,0,0,0	108	135
3906	6,9,9,7,7,3,8,9,13,12	2,4,3,7,4,1,3,7,3,4	8,7,9,7,13,3,9,5,4,6	6,6,6,6,9,4,7,7,3,4	144	171
3907	6,9,7,7,7,3,7,9,13,7	11,24,22,24,13,8,19,11,11,13	8,7,9,6,12,3,8,4,5,6	12,16,35,32,16,16,27,21,11,11	144	171
3908	550,589,590,588,554,252,405,395,408,387	111,139,163,137,165,64,91,100,126,89	524,443,455,480,705,563,565,391,304,186	130,129,132,100,160,127,139,104,82,72	886	228
3909	22,29,26,30,23,8,16,14,11,16	111,139,163,137,165,64,91,100,126,89	28,16,15,24,33,36,23,13,17,4	131,129,132,100,159,127,139,104,82,72	152	228
3910	22,28,26,31,23,8,16,14,11,16	534,558,576,571,527,251,383,376,398,372	28,16,15,24,33,36,23,13,17,4	514,425,437,454,667,535,541,377,298,180	152	886
3911	41,56,57,63,63,37,40,41,57,55	376,408,444,457,443,354,347,411,406,477	61,50,60,63,58,44,51,44,48,38	414,399,379,417,458,439,482,429,434,395	151	151
3912	57,74,77,98,57,67,60,80,61,87	184,186,218,233,195,158,164,181,177,224	98,70,77,72,88,104,77,81,77,50	216,188,223,221,246,249,221,177,205,169	236	244
3913	164,168,181,179,151,129,167,142,138,189	149,152,131,179,98,126,101,135,123,137	162,146,185,183,188,171,196,147,115,115	187,149,169,144,184,184,142,132,125,108	162	236
3914	21,17,16,16,22,10,13,15,13,12	36,47,56,50,36,16,30,27,22,31	14,11,11,16,18,11,14,7,10,5	40,32,33,44,48,39,38,24,19,20	156	150
3915	17,16,17,12,12,11,13,12,23,22	103,91,106,107,99,101,92,110,80,112	14,13,6,17,13,18,15,9,17,10	117,93,110,88,107,91,120,105,85,111	196	248
3916	14,14,15,9,10,10,10,8,20,18	103,91,106,107,99,101,92,110,80,112	14,12,4,12,9,14,14,9,12,10	117,93,110,88,107,91,120,105,85,111	193	248
3917	5,14,7,11,13,2,8,5,2,4	6,3,12,9,7,1,2,9,1,6	18,9,4,10,9,3,14,8,6,6	4,2,4,4,2,2,10,3,6,1	229	165
3918	23,8,8,12,18,18,8,7,19,10	12,6,6,5,11,4,0,5,5,3	17,10,11,4,9,13,15,12,11,7	7,4,14,11,8,1,6,7,6,3	280	161
3919	24,37,31,32,17,11,19,27,17,19	38,34,47,42,40,21,28,39,39,32	32,28,22,28,27,29,19,21,16,17	37,36,40,46,53,37,62,48,34,17	131	183
3920	273,349,307,319,325,272,268,261,279,337	6,8,6,8,5,12,8,4,9,10	297,305,295,326,309,358,379,309,297,292	7,0,6,9,11,7,6,9,6,7	268	105
3921	272,351,306,318,324,269,269,260,277,337	30,24,33,26,31,45,15,30,19,35	296,303,291,325,307,358,381,306,295,289	20,36,17,32,29,20,37,22,30,25	268	105
3922	100,98,97,124,104,123,77,111,84,113	9,10,12,12,19,19,9,9,9,16	88,110,75,116,112,96,126,90,101,85	13,13,13,16,12,12,12,8,12,14	105	133
3923	307,295,386,332,338,282,282,320,313,366	215,256,292,264,264,234,219,243,225,304	349,352,296,291,369,334,357,291,283,256	248,213,221,231,321,256,261,239,250,237	255	285
3924	3,3,1,4,5,0,1,0,2,3	0,0,0,0,0,0,0,1,1,0	7,2,5,2,2,5,3,2,2,1	0,0,1,0,0,0,0,0,0,0	133	111
3925	5,8,10,6,6,6,9,5,2,19	33,25,23,30,27,45,14,29,24,27	7,3,4,9,3,6,9,7,11,8	29,24,35,34,30,39,27,32,37,53	132	209
3926	41,50,51,74,62,47,47,47,61,76	115,150,176,160,149,149,118,147,169,173	69,48,44,49,55,52,66,44,49,43	162,156,157,145,148,159,172,154,165,163	142	233
3927	105,151,157,161,141,119,123,139,146,136	79,88,100,95,99,74,71,87,78,84	137,136,148,131,156,140,187,164,176,156	78,85,89,88,87,83,98,103,95,110	210	147
3928	109,101,109,98,105,64,81,96,76,100	185,203,229,241,228,126,137,165,160,191	119,105,95,85,114,107,103,76,70,63	208,194,158,158,211,180,231,180,180,106	198	212
3929	0,0,0,0,0,0,0,0,0,0	1,0,1,0,0,0,0,0,0,0	0,0,0,0,2,0,1,0,0,0	0,0,0,0,0,0,0,0,0,0	248	189
3930	14,16,22,18,8,6,15,11,14,13	40,40,57,48,47,13,23,25,32,31	9,15,18,19,17,11,21,18,5,8	39,30,22,37,28,30,31,26,28,19	192	138
3931	13,12,14,12,5,4,10,11,10,6	40,40,56,48,46,13,23,25,32,31	4,12,11,12,12,8,10,9,5,8	39,30,22,37,28,30,31,26,28,19	192	138
3932	10,1,3,3,2,2,2,0,2,3	45,31,48,31,23,11,20,19,19,24	1,4,0,2,5,2,6,1,0,1	23,29,32,29,34,16,40,33,22,23	167	192
3933	66,81,74,75,85,67,52,70,62,81	107,112,95,99,118,88,80,94,94,77	76,89,89,64,65,78,94,76,83,62	79,104,118,106,131,86,113,78,79,91	225	183
3934	323,308,303,288,238,154,197,221,226,220	214,235,249,203,225,141,183,204,174,211	290,245,259,298,319,247,292,233,192,207	225,196,194,230,233,206,192,160,155,156	186	190
3935	15,19,12,21,17,11,9,20,9,17	48,41,44,43,26,29,30,36,25,36	11,23,15,16,15,11,15,7,15,16	50,21,30,38,48,33,34,34,20,25	213	366
3936	25,28,31,34,30,10,8,15,26,16	198,182,194,161,195,45,136,122,121,137	48,21,20,20,32,32,28,17,15,3	222,137,149,130,232,193,171,139,87,35	186	345
3937	100,108,112,118,110,54,73,79,94,100	42,58,51,62,64,29,42,31,58,69	108,89,78,83,125,99,93,99,72,64	51,57,42,55,79,55,57,45,38,37	177	164
3938	88,100,67,80,102,80,81,87,78,82	73,75,79,84,67,77,69,75,56,79	98,93,97,84,99,87,87,72,87,76	74,72,63,58,83,80,82,68,88,75	168	170
3939	22,14,14,15,15,6,7,15,8,10	91,86,86,91,120,78,86,88,84,86	16,10,16,18,14,8,11,8,15,15	98,104,86,86,114,86,107,84,81,92	118	168
3940	12,12,4,10,8,7,13,5,12,13	92,86,87,92,119,78,88,88,85,86	10,12,10,7,7,8,10,13,14,3	98,105,86,86,114,86,107,84,82,93	118	168
3941	23,17,23,18,21,10,17,11,20,33	60,78,38,52,65,53,58,69,53,62	18,15,16,11,29,14,21,18,20,14	63,61,64,40,49,50,61,61,61,45	123	118
3942	82,93,93,99,75,67,94,91,97,63	33,44,25,29,49,35,38,51,27,37	81,76,75,70,80,82,80,87,82,92	40,37,32,19,30,27,39,31,26,27	220	118
3943	653,703,735,766,605,671,595,620,630,721	1380,1637,1605,1652,1370,1691,1389,1552,1407,1691	662,637,588,643,772,629,703,596,732,755	1483,1587,1343,1491,1592,1478,1654,1500,1778,1898	127	266
3944	0,1,0,1,0,0,1,0,1,0	0,0,0,1,0,0,2,0,0,0	0,0,0,0,0,0,1,0,0,0	0,1,0,0,0,1,0,0,1,0	167	167
3945	15,14,9,15,9,10,11,14,11,12	11,12,10,8,11,9,4,9,4,14	8,4,9,7,15,13,11,9,7,12	4,12,5,6,15,8,13,6,5,10	174	202
3946	14,31,35,28,25,29,22,23,17,22	80,119,92,107,84,90,64,90,91,111	26,21,27,27,21,29,31,31,30,35	81,91,94,87,98,75,123,104,89,102	165	287
3947	33,42,55,23,25,27,29,26,31,27	1685,1852,1862,1969,1673,1443,1550,1602,1704,1862	18,24,30,42,43,31,60,53,32,34	1720,1646,1608,1730,1922,1813,2050,1770,1721,1510	181	181
3948	64,89,71,53,59,23,44,39,37,63	33,50,30,31,21,9,33,24,43,39	74,36,53,52,59,67,58,44,65,37	40,41,38,36,39,25,39,25,27,19	204	198
3949	27,50,31,23,33,19,22,21,21,15	6,2,10,7,9,0,2,5,3,2	49,20,24,30,31,34,26,22,26,21	3,6,6,3,8,1,7,7,2,10	198	114
3950	303,387,323,349,300,230,244,308,297,223	171,181,182,198,174,105,129,153,180,132	319,289,263,259,342,307,387,299,246,199	186,148,161,175,173,161,195,164,118,135	219	146
3951	363,489,430,493,471,286,347,396,409,358	509,578,517,560,521,342,358,472,450,393	450,405,358,427,427,378,518,352,380,254	545,446,423,485,544,494,635,431,376,327	192	219
3952	275,324,274,321,269,176,186,240,216,234	251,341,302,306,280,186,219,257,277,210	336,220,212,273,302,258,309,222,207,178	280,256,237,253,243,243,312,230,221,168	171	192
3953	123,185,160,134,129,82,100,104,122,137	334,440,356,438,408,249,282,350,335,340	152,131,108,111,127,157,148,129,98,86	420,340,289,354,430,350,452,295,313,226	187	171
3954	124,155,140,125,118,75,88,93,114,117	659,744,739,881,825,498,501,620,603,570	135,110,99,97,107,131,128,110,91,83	839,697,592,653,738,711,952,598,614,483	187	270
3955	121,186,162,134,129,84,101,106,123,140	659,743,739,881,827,498,501,620,604,570	154,133,109,113,127,158,149,131,98,86	839,697,592,653,740,712,952,598,615,483	187	270
3956	123,154,138,125,117,73,87,91,113,114	574,656,630,720,624,391,409,523,491,505	133,110,99,95,107,130,127,108,91,83	732,569,477,543,586,607,787,502,505,415	187	270
3957	18,6,7,14,12,4,2,7,14,4	99,117,92,107,81,56,66,72,88,78	8,6,7,9,16,12,12,10,8,13	107,80,88,89,95,83,99,75,64,55	147	180
3958	207,174,200,196,178,64,98,114,136,123	103,128,106,120,99,33,64,63,64,72	202,136,134,152,183,156,212,111,103,45	99,76,70,57,108,96,99,62,65,17	233	164
3959	137,123,138,131,112,111,115,107,106,110	114,99,107,128,98,84,82,86,83,106	134,101,106,116,127,122,155,109,114,111	100,89,111,99,112,101,87,79,83,116	193	174
3960	0,0,0,0,0,0,0,0,0,0	34,31,31,33,28,29,33,27,25,33	0,0,1,0,0,0,0,0,0,0	27,32,18,29,28,30,35,27,29,33	126	138
3961	13,13,14,13,9,19,3,16,16,19	40,50,45,57,37,43,40,46,41,48	14,16,18,11,16,19,10,13,19,16	56,49,53,38,51,54,55,54,53,78	117	238
3962	309,341,351,379,314,177,265,299,290,316	280,305,310,355,327,168,253,233,257,295	322,275,346,300,321,315,344,293,313,189	290,264,274,305,334,319,362,266,237,214	211	221
3963	310,347,302,319,281,199,267,294,308,278	70,49,58,66,55,43,36,74,44,59	370,294,294,312,357,331,353,316,297,245	51,51,71,57,57,58,64,64,59,44	207	157
3964	58,62,66,52,45,44,47,59,68,53	70,49,58,66,55,43,36,74,44,59	76,71,44,59,64,59,60,57,49,44	51,51,71,57,57,58,64,64,59,44	244	157
3965	270,241,249,273,254,231,195,283,219,260	329,370,362,375,358,273,281,335,299,379	238,230,267,238,285,240,275,271,239,185	384,362,310,358,391,356,392,341,335,271	161	207
3966	84,80,116,99,44,90,90,100,95,117	93,90,114,119,82,110,90,93,90,125	111,75,104,105,102,112,132,97,129,118	112,105,98,88,85,99,94,85,103,104	319	163
3967	52,70,59,63,50,45,51,47,48,47	43,57,57,63,53,52,54,46,41,58	76,57,48,55,70,51,81,48,37,44	60,69,41,63,57,48,77,66,55,38	170	173
3968	1,1,0,0,1,0,0,0,1,0	5,3,3,8,8,1,0,2,3,4	0,0,0,1,0,1,0,1,0,0	8,1,2,3,8,0,6,2,1,4	119	195
3969	129,143,130,159,128,134,117,100,145,165	168,181,173,205,149,182,165,144,149,211	128,127,109,138,142,134,171,124,147,154	157,178,170,177,155,172,206,158,143,173	173	209
3970	25,27,29,32,29,32,25,31,22,22	0,5,5,4,3,1,2,6,3,2	37,17,15,15,29,27,28,29,22,13	2,1,2,1,1,1,2,1,1,1	235	147
3971	63,49,68,70,52,50,45,56,54,44	61,61,64,47,63,40,31,60,54,49	55,50,50,65,61,52,60,56,46,56	66,43,46,56,50,44,57,58,38,56	114	141
3972	47,62,53,39,43,41,38,29,35,27	38,44,35,42,42,35,27,33,36,28	35,29,22,33,35,43,52,26,42,23	37,38,26,50,23,38,40,31,41,23	141	135
3973	38,42,42,28,40,31,19,49,40,37	61,73,72,73,81,58,54,55,84,61	53,33,33,38,37,27,45,45,29,37	80,59,60,69,55,60,61,52,39,44	135	138
3974	0,0,0,2,0,0,0,0,2,1	1,0,1,2,3,2,2,0,0,0	0,0,0,0,0,1,0,0,0,1	1,1,0,1,1,0,3,0,3,0	167	200
3975	175,168,193,188,192,132,172,157,157,168	87,93,95,123,89,52,94,93,73,97	196,184,171,185,209,192,186,176,169,149	91,74,77,88,88,104,100,82,79,77	214	173
3976	31,38,38,30,30,33,22,29,19,40	103,142,130,137,123,189,123,145,126,181	21,29,29,40,28,33,39,27,35,35	132,131,120,162,125,140,151,139,154,171	171	240
3977	64,85,65,56,74,102,76,79,83,69	76,98,99,89,90,78,67,94,103,96	71,89,94,96,76,83,72,60,59,66	95,81,106,93,65,93,104,110,79,101	190	261
3978	4,8,4,6,2,5,13,5,6,4	0,2,4,2,1,4,0,0,2,1	1,4,4,3,14,4,8,4,7,4	1,3,4,0,1,0,1,2,0,2	211	142
3979	9,11,7,12,11,1,7,6,7,5	7,1,5,9,1,4,2,6,4,5	11,10,5,10,12,10,11,11,3,9	2,1,1,5,6,5,9,5,4,4	246	190
3980	217,254,264,264,216,168,209,188,207,231	129,135,181,169,200,112,118,138,134,148	231,200,211,232,264,277,240,204,205,165	171,134,145,148,188,148,165,132,131,105	108	180
3982	18,22,28,23,13,12,23,14,22,21	57,60,76,50,60,35,36,54,49,55	20,9,18,24,36,36,32,32,22,14	55,46,41,62,55,59,61,48,62,51	200	275
3983	53,64,62,56,39,35,39,50,53,44	28,25,31,25,23,35,15,33,30,24	49,38,37,63,52,57,55,49,58,50	32,29,20,26,25,31,36,27,26,17	275	160
3987	77,65,62,74,66,37,44,62,46,59	164,180,191,204,208,77,121,159,131,155	74,42,51,58,80,73,85,47,36,30	183,142,126,156,193,171,186,134,123,71	246	335
3988	84,93,110,85,98,73,63,69,74,85	137,143,170,180,166,116,121,120,125,133	91,82,68,83,103,92,102,66,59,37	179,123,122,135,153,149,165,116,133,78	180	210
3989	24,20,22,30,23,21,28,23,17,21	32,14,26,31,21,8,14,30,13,18	23,8,13,13,23,26,21,16,22,16	25,18,18,14,21,21,17,32,37,15	148	173
3990	277,240,282,303,284,247,209,305,256,311	263,277,298,306,276,281,227,262,251,299	288,294,309,286,275,258,281,266,280,279	281,277,301,288,288,273,290,278,294,298	266	198
3991	65,64,60,66,76,33,50,71,56,57	61,68,77,77,56,35,38,41,35,42	76,81,72,59,95,63,82,87,61,40	80,52,60,65,91,63,75,50,44,27	274	270
3992	60,60,55,69,69,29,48,65,54,47	61,68,77,77,55,34,38,41,35,42	63,76,66,62,83,56,81,81,59,41	80,52,60,66,91,63,75,50,44,27	274	270
3993	97,78,106,96,84,52,47,60,60,56	32,48,53,58,44,25,20,23,28,36	113,74,86,86,100,73,100,88,73,62	50,44,40,23,38,37,42,49,38,30	180	163
3994	15,11,13,16,17,16,9,8,8,6	9,12,8,6,15,2,6,7,2,11	15,19,12,14,13,16,16,15,10,3	8,8,12,12,13,9,11,8,6,2	170	150
3995	200,207,209,266,217,196,169,161,197,266	158,178,151,196,161,188,160,155,166,212	206,235,201,222,207,230,235,206,204,228	159,153,193,148,181,181,187,169,196,207	246	191
3996	89,83,103,84,76,95,74,83,82,107	106,134,147,161,124,142,144,121,139,153	74,95,93,77,95,95,79,74,91,96	113,122,139,134,148,144,140,133,123,159	191	160
3997	7,5,8,7,5,4,8,1,8,7	3,9,10,4,4,6,2,3,5,5	6,8,13,5,6,6,2,5,5,7	2,6,8,8,4,9,7,1,5,13	191	187
3999	2,2,4,3,3,1,3,3,4,1	8,10,4,8,1,3,6,8,10,5	3,4,2,2,4,1,3,4,0,1	10,2,6,5,7,5,8,4,6,2	149	198
4000	2,1,4,3,2,1,3,3,4,1	5,4,2,4,0,1,1,3,6,3	3,4,2,2,4,1,4,4,0,1	4,0,5,4,2,3,5,0,2,0	149	198
4001	6,6,7,7,3,7,5,10,9,5	10,11,14,11,10,7,3,6,7,6	7,7,7,5,6,11,7,3,4,3	10,12,6,4,6,10,5,6,5,5	198	185
4002	39,52,40,38,45,14,28,31,34,27	21,35,25,29,20,10,13,10,21,15	34,30,27,36,44,31,46,28,21,20	13,16,11,19,24,15,16,16,16,6	226	191
4003	68,71,68,73,57,8,24,27,40,33	72,61,59,73,87,22,43,45,36,58	66,47,54,45,81,60,74,54,36,18	71,54,60,52,82,61,62,51,28,17	114	126
4004	48,44,39,42,40,22,46,25,29,40	67,81,76,85,83,53,75,59,68,78	59,46,42,36,41,27,49,34,30,19	83,74,64,76,72,76,99,79,71,37	176	201
4005	48,45,39,42,40,22,47,25,29,40	37,49,54,55,53,15,26,36,31,39	58,46,42,36,42,27,49,34,30,19	49,35,39,53,38,25,40,42,33,27	176	177
4006	52,44,40,42,40,22,47,25,29,40	7,14,10,25,13,3,4,6,14,12	58,47,42,38,43,27,51,35,33,19	6,16,18,19,22,9,22,9,10,8	176	121
4007	59,84,65,74,89,42,45,68,57,53	52,35,42,49,31,19,38,28,29,43	58,54,57,58,83,75,67,44,49,41	49,33,39,28,50,29,43,29,24,16	186	176
4008	5,9,13,18,4,5,7,11,12,10	54,59,70,63,65,41,49,48,54,50	13,9,9,11,9,10,12,17,4,1	55,56,31,37,66,67,43,46,48,37	125	195
4009	0,1,3,0,1,1,0,2,0,0	52,58,70,63,64,40,49,49,52,49	0,0,0,0,1,1,0,0,1,1	53,55,30,37,65,64,40,45,46,37	125	195
4010	19,8,17,14,19,12,12,11,13,18	52,58,70,63,64,40,49,49,52,49	11,13,9,12,14,13,12,10,14,6	53,55,30,37,65,64,40,45,46,37	119	195
4011	19,8,17,14,19,12,12,11,13,18	0,1,3,0,1,1,0,2,0,0	11,13,9,12,14,13,12,10,14,6	0,0,0,0,1,1,0,0,1,1	119	125
4012	17,9,15,9,18,12,10,10,13,16	17,14,29,28,16,9,21,11,19,19	13,11,9,11,14,16,11,7,13,5	23,15,20,17,29,32,37,17,17,7	119	125
4013	0,1,0,1,1,0,0,1,1,1	0,0,0,0,0,0,0,1,0,0	0,0,0,0,0,0,1,0,0,0	0,0,0,0,0,1,0,0,0,0	198	158
4014	0,2,0,0,0,0,0,0,0,0	110,104,89,111,101,97,79,85,91,88	0,0,0,0,0,0,1,0,0,0	101,79,92,102,70,80,104,83,129,93	129	271
4015	975,1063,1041,1023,1019,719,686,788,767,824	213,245,250,237,230,168,202,209,200,214	954,853,848,905,1061,994,1123,841,713,580	199,208,192,214,243,229,256,230,209,206	978	771
4016	369,419,454,433,401,519,411,476,409,466	256,301,309,313,274,364,295,292,305,360	449,445,399,434,423,352,464,413,553,611	281,301,305,285,310,267,314,303,395,432	235	165
4017	385,465,456,533,453,533,432,422,465,552	417,488,486,458,433,571,442,511,438,531	429,464,440,485,496,497,505,468,553,616	495,487,423,467,473,427,504,439,587,676	196	235
4018	497,506,558,509,452,466,454,432,450,524	146,174,191,178,143,171,145,170,160,174	534,430,430,438,501,483,496,487,484,509	159,147,143,174,180,119,161,158,185,158	243	129
4019	215,242,245,233,216,178,181,193,195,211	289,366,347,330,307,255,241,294,281,310	234,203,196,221,214,232,217,223,177,164	270,313,297,318,336,313,343,299,300,297	183	203
4020	180,260,239,214,201,129,186,157,172,177	272,369,370,397,360,202,309,309,311,329	216,192,149,172,214,186,229,172,173,99	397,325,318,304,370,340,411,314,314,214	165	195
4021	271,267,312,271,262,111,185,216,207,206	300,354,388,373,340,133,243,255,277,234	273,205,245,204,313,231,249,218,187,123	330,263,263,288,396,334,390,279,223,127	205	208
4022	99,116,145,126,107,44,68,97,82,71	217,255,255,283,274,71,136,190,181,186	92,93,83,95,118,100,118,91,75,38	245,213,201,224,284,217,262,186,150,71	141	172
4023	68,68,74,87,57,57,38,68,88,110	42,59,61,64,66,68,63,42,55,83	68,52,82,64,102,102,104,79,75,88	62,67,75,73,73,78,76,72,59,58	255	153
4024	74,76,77,76,69,23,49,47,75,54	79,47,86,67,68,24,44,47,51,53	88,51,61,73,93,81,91,54,44,39	72,42,78,42,73,51,75,69,44,31	239	232
4025	146,168,166,160,131,100,113,101,139,165	57,67,56,64,57,46,47,55,41,64	180,129,174,158,181,149,171,180,155,134	63,60,54,71,71,60,75,65,63,50	267	129
4026	47,58,50,69,67,54,42,41,49,64	28,27,26,30,32,23,26,24,17,17	62,65,43,50,54,57,49,53,54,40	29,25,25,28,40,26,32,17,36,15	129	124
4027	51,74,54,58,57,23,28,26,31,35	64,74,66,78,68,34,49,48,41,48	59,57,35,37,80,51,65,55,28,18	71,56,39,58,84,62,67,57,34,13	144	201
4028	41,46,40,32,49,9,22,29,27,22	64,68,60,63,75,22,43,41,35,40	43,17,35,31,39,35,42,38,8,11	47,46,53,39,53,49,49,37,31,14	183	196
4029	42,46,40,32,48,9,22,29,27,23	32,26,54,44,45,7,22,22,23,25	43,19,35,30,40,35,42,38,8,11	50,33,34,27,56,34,35,24,13,1	183	128
4030	0,0,0,1,1,1,0,0,0,1	5,3,2,5,4,4,4,3,7,6	0,0,1,1,0,1,1,0,0,0	4,2,3,2,4,6,6,1,4,1	129	141
4031	7,13,10,9,10,10,9,6,6,12	25,11,19,22,16,18,19,11,18,17	11,8,23,9,12,18,14,7,9,9	26,18,13,23,16,16,14,30,19,18	135	119
4032	33,35,42,34,31,24,25,23,37,40	9,7,11,9,4,4,4,4,7,2	44,28,25,25,45,28,33,37,38,28	12,6,4,14,4,4,7,11,7,7	221	119
4033	24,28,42,33,36,19,21,25,22,34	45,34,41,71,41,32,37,46,61,53	23,35,30,13,35,36,28,34,29,24	54,60,39,41,50,42,54,37,46,46	192	204
4034	28,36,40,43,40,21,24,33,29,35	74,63,79,105,73,58,72,71,103,100	30,48,29,23,25,38,50,36,40,30	89,97,71,74,90,84,94,63,65,78	192	282
4035	24,28,42,33,36,19,21,25,22,34	73,63,77,103,75,56,74,70,103,101	23,35,30,13,35,36,28,34,29,24	87,93,71,73,89,80,91,62,65,78	192	282
4036	33,30,29,46,32,21,28,31,33,40	43,52,54,47,55,28,41,41,31,50	33,36,23,38,48,50,45,34,43,36	45,51,50,34,51,59,65,55,46,42	219	192
4038	1037,1000,1147,1258,991,877,871,953,988,1190	1797,1920,2092,2114,1685,1752,1607,1831,1891,2206	1049,956,969,967,1093,1008,1131,983,978,799	1966,1758,1858,1687,2008,1746,2046,1724,1856,1827	453	537
4039	57,65,61,54,66,27,42,54,45,49	56,49,51,40,49,20,39,34,32,41	84,49,60,54,67,68,74,67,41,42	56,32,35,42,51,45,56,39,33,21	204	140
4040	57,65,59,54,63,24,41,53,45,49	107,115,105,115,107,62,79,104,86,97	84,48,62,54,67,68,74,65,40,42	128,98,104,125,99,115,113,93,74,49	204	177
4041	215,218,217,205,198,154,137,184,159,219	191,220,199,209,216,149,187,194,192,236	205,194,214,200,232,185,225,184,175,140	234,187,187,220,209,230,235,205,206,168	197	154
4042	367,456,415,440,413,295,303,337,363,408	280,313,327,335,321,243,235,255,240,296	420,354,352,386,394,353,422,358,400,275	288,278,316,320,310,288,349,283,304,223	206	197
4043	365,420,371,386,332,273,313,321,330,359	274,364,321,311,316,224,220,271,257,332	416,358,333,394,437,376,422,336,349,266	299,267,285,292,316,278,309,288,297,212	244	206
4044	134,131,131,153,93,95,129,145,131,146	390,408,383,432,362,274,313,350,348,388	150,106,150,135,153,152,147,154,133,118	443,378,366,405,422,354,443,346,357,258	230	244
4045	55,80,53,40,46,51,40,55,68,44	150,161,118,114,95,99,105,127,109,118	55,48,46,78,65,59,61,69,57,65	119,133,121,140,154,114,136,85,117,112	150	222
4046	28,30,30,36,55,16,21,28,27,27	33,36,51,51,60,22,36,49,42,35	30,17,20,20,35,27,31,27,23,9	73,34,45,44,48,53,63,59,39,27	159	181
4047	0,0,1,0,0,0,0,0,0,0	44,42,39,43,55,22,42,32,34,37	0,0,0,0,0,0,0,0,0,0	32,33,34,31,48,42,50,38,37,19	127	156
4048	12,14,14,15,21,9,8,10,13,14	41,43,40,43,53,23,43,34,35,39	10,17,7,9,14,15,14,10,5,4	33,35,35,35,50,42,56,39,39,21	127	159
4049	0,0,1,0,0,0,0,0,0,0	47,50,52,47,60,28,46,36,44,39	0,0,0,0,0,0,0,0,0,0	37,41,38,35,56,49,55,43,41,20	127	159
4050	0,0,0,0,0,0,0,0,0,0	41,40,40,41,53,22,41,31,34,37	0,0,0,0,1,0,0,0,0,0	33,33,34,30,47,40,50,38,36,19	127	159
4051	71,64,51,86,59,29,43,50,50,54	11,14,15,17,20,10,13,11,8,12	69,57,59,42,80,72,64,67,51,34	19,10,5,5,12,9,18,12,13,6	233	127
4052	72,64,70,70,82,39,47,51,46,42	11,14,14,17,20,10,13,11,8,12	48,66,60,54,69,64,69,53,42,28	19,10,5,5,13,9,18,12,13,6	202	127
4053	24,16,25,29,30,8,20,29,15,22	63,56,58,68,87,35,39,51,56,53	41,23,19,18,40,26,26,18,22,8	51,50,46,45,71,69,54,59,36,24	143	233
4054	24,16,26,29,30,8,20,29,15,22	59,55,52,52,68,32,37,36,38,31	41,23,19,18,39,26,26,18,22,8	35,48,43,47,54,46,51,42,28,21	143	202
4055	50,48,54,62,60,13,30,34,33,31	60,52,65,84,57,23,45,44,55,44	57,56,41,40,64,55,53,45,29,16	56,32,45,47,58,58,55,34,44,15	165	168
4056	12,6,5,5,4,4,6,2,1,3	41,35,44,56,40,15,20,34,26,35	8,3,3,5,11,7,5,4,6,5	40,38,32,26,34,27,41,24,22,18	159	165
4057	19,27,37,32,34,14,31,27,32,20	46,38,48,51,53,14,26,29,29,21	32,31,21,29,37,38,31,29,24,10	52,46,36,34,63,45,46,40,27,13	183	159
4058	25,32,40,33,34,15,34,26,32,22	13,25,27,17,20,6,8,20,16,7	35,33,21,31,41,44,33,31,26,15	19,16,12,11,22,20,21,18,13,11	183	126
4059	49,37,58,42,52,11,25,30,31,26	13,23,26,17,21,6,8,20,14,7	47,43,30,31,54,36,47,51,31,17	19,16,12,11,22,19,20,18,13,11	196	126
4060	79,93,100,109,102,80,64,100,74,98	54,49,48,49,37,37,43,43,32,54	97,82,78,80,96,95,74,114,122,93	42,43,40,31,43,48,41,40,45,51	168	124
4061	4,3,3,5,3,7,2,5,2,9	24,27,20,26,19,19,29,34,22,29	0,3,5,7,5,3,3,4,7,12	20,20,25,22,22,18,20,18,30,28	108	147
4062	1,0,1,1,2,0,1,0,1,0	24,27,20,26,19,19,29,34,22,29	2,0,0,0,2,5,3,0,1,1	20,20,25,22,22,18,20,18,30,28	407	147
4063	10,8,20,10,16,9,9,7,9,15	7,8,7,10,6,4,12,14,8,10	12,12,11,7,6,11,7,10,8,13	8,8,2,10,14,9,6,6,3,0	176	143
4064	17,36,23,32,27,30,30,22,31,38	58,54,77,64,55,47,61,51,50,70	34,29,28,33,30,33,30,36,35,30	59,66,42,67,66,64,50,40,64,55	117	181
4065	9,12,17,19,8,17,17,14,14,22	22,32,26,39,33,25,30,33,42,34	12,12,15,12,11,17,16,14,12,18	28,31,36,37,23,37,41,29,33,30	167	223
4066	28,23,31,24,26,45,35,34,29,38	6,9,8,11,8,5,5,6,2,11	39,37,27,25,36,40,42,27,19,31	5,9,7,7,4,7,8,3,4,7	228	167
4067	37,51,36,43,48,48,51,35,38,46	24,24,36,30,16,45,35,31,32,40	46,27,49,54,40,38,36,35,36,34	32,37,26,23,30,40,35,28,22,36	242	228
4068	11,14,11,9,5,9,7,6,7,6	13,18,11,13,12,10,11,7,11,13	10,4,12,12,12,7,10,9,9,9	8,6,13,18,12,4,12,6,9,12	186	193
4069	469,521,506,562,489,306,342,439,322,410	42,43,47,48,41,31,36,39,33,41	500,398,424,451,554,429,468,394,369,295	39,24,35,31,49,50,43,39,27,29	2062	187
4070	42,36,43,51,46,27,22,23,26,31	63,65,73,69,60,51,52,63,72,73	30,23,29,34,39,38,35,33,32,26	68,66,40,52,76,62,69,59,70,34	187	258
4071	31,31,29,26,28,37,30,29,31,49	6,3,5,7,6,9,2,3,6,4	39,50,26,44,32,55,47,34,45,45	7,2,7,4,6,7,1,7,6,2	334	115
4072	21,14,26,18,25,16,11,16,11,23	7,5,8,8,9,10,4,6,8,9	11,19,13,10,25,17,21,29,17,23	4,6,5,7,7,8,8,5,7,8	255	173
4073	580,616,615,570,576,571,547,579,572,657	679,770,758,801,737,802,664,666,654,849	599,593,605,578,650,674,666,592,579,643	776,729,715,771,813,781,842,724,794,776	197	189
4074	42,56,35,42,47,25,50,35,43,37	256,272,264,266,235,197,225,186,256,254	37,43,33,40,49,27,53,52,48,38	263,198,238,274,228,217,254,252,211,274	120	273
4075	160,172,172,153,146,112,134,104,152,153	117,138,157,143,157,128,141,115,139,142	139,120,144,165,131,124,148,163,110,165	145,141,133,138,127,137,146,145,140,135	273	181
4076	179,197,187,189,165,140,162,142,172,190	117,138,157,143,157,129,141,114,139,142	183,152,168,205,171,155,177,194,146,188	145,141,135,138,127,137,146,145,140,135	273	181
4077	27,32,22,30,28,16,24,9,27,24	188,202,202,217,223,87,112,174,165,199	35,21,18,12,18,23,27,17,21,8	226,161,189,182,197,182,278,169,167,82	97	768
4079	4,2,4,2,6,1,7,5,1,5	60,67,90,72,60,61,57,59,75,61	7,0,4,1,3,3,3,2,3,1	52,68,55,67,73,55,65,58,60,34	147	147
4080	6,14,14,20,9,11,12,17,13,13	15,14,19,13,13,16,14,10,7,9	7,8,8,6,6,13,10,10,9,8	10,12,4,8,13,12,10,10,14,11	128	106
4081	38,26,28,28,29,18,32,26,32,31	22,23,22,22,25,22,24,35,30,25	37,22,20,26,35,28,26,19,41,30	23,32,32,11,24,18,24,21,24,34	120	155
4082	75,83,87,95,79,36,57,60,62,62	35,43,25,33,36,16,27,29,28,28	95,96,54,74,92,82,89,49,49,22	28,32,21,25,35,31,37,21,20,5	247	155
4083	27,37,44,42,35,15,22,25,19,21	35,43,26,33,36,16,27,30,28,30	33,26,24,34,41,41,35,26,14,13	28,32,23,25,37,32,38,22,21,5	160	155
4084	30,42,47,43,35,17,26,29,20,23	103,111,117,141,121,49,63,98,80,119	41,25,29,38,44,42,34,26,18,13	102,117,72,85,142,122,128,81,63,46	160	463
4085	37,42,33,38,30,15,34,27,17,26	102,111,117,143,123,48,62,98,80,118	33,46,22,38,39,26,40,27,24,21	102,118,72,85,142,121,129,81,63,47	155	463
4086	41,35,50,61,50,24,29,43,37,42	122,133,148,153,123,68,84,111,92,118	45,48,21,36,72,54,57,44,24,22	153,124,94,106,139,131,128,98,83,57	189	255
4087	11,10,13,15,8,7,17,15,17,9	18,22,20,27,24,27,20,28,23,29	16,19,7,12,16,10,19,14,10,21	25,28,28,27,24,26,24,20,27,15	232	260
4088	3,1,1,2,1,1,0,1,0,1	1,2,4,5,3,1,8,6,6,5	2,1,1,1,2,0,3,2,3,2	4,1,3,4,4,3,2,1,5,8	137	184
4089	7,8,13,9,4,3,6,7,10,2	35,33,36,33,28,16,27,24,32,32	6,13,3,10,9,8,7,7,6,6	50,22,18,27,48,25,30,20,24,24	159	227
4090	4,6,3,4,4,4,5,5,1,4	2,2,3,3,7,1,3,2,8,5	2,2,5,1,6,2,4,1,1,3	4,3,3,6,6,3,3,2,9,0	266	213
4091	6,3,5,5,5,3,2,4,1,1	5,3,7,5,10,0,1,0,1,1	9,1,2,1,10,7,4,2,6,4	3,3,4,2,2,3,5,1,2,1	200	107
4092	1,0,0,0,0,2,1,0,0,0	0,0,0,0,0,0,0,1,0,0	1,0,0,0,0,0,0,1,1,0	0,0,0,0,0,0,0,1,0,0	272	119
4093	5,3,7,13,7,2,3,7,3,8	10,6,5,12,9,5,3,2,3,1	1,6,4,4,4,9,12,13,2,8	11,3,5,4,9,8,5,9,3,2	243	256
4094	9,12,5,11,0,4,0,6,4,7	18,30,21,17,18,11,11,15,15,17	4,3,2,9,14,6,8,3,2,3	26,13,9,5,20,15,23,7,21,18	288	368
4095	118,135,155,132,106,129,102,129,119,149	172,194,163,156,146,165,156,168,191,167	140,131,139,146,138,125,171,133,148,108	165,167,166,200,186,171,169,171,169,168	175	208
4096	118,137,157,134,107,129,104,129,120,148	76,84,78,85,77,88,87,92,98,95	140,131,139,147,138,125,172,133,148,108	89,88,90,102,101,93,90,86,86,91	175	208
4097	13,4,7,6,6,7,9,5,5,20	8,4,10,6,6,5,2,6,5,2	7,8,20,13,9,9,6,11,8,13	5,5,6,3,5,2,6,4,3,3	281	202
4098	9,4,3,4,6,2,2,3,3,4	13,11,9,10,10,11,9,4,9,19	3,9,11,3,2,8,8,6,8,2	10,9,18,10,15,6,7,10,10,20	203	281
4099	430,578,548,569,555,649,486,470,444,604	372,469,466,527,464,526,502,469,402,560	451,616,551,550,558,580,578,657,621,781	389,467,496,476,523,478,481,553,610,774	213	156
4100	533,709,688,735,684,773,606,566,522,772	372,472,465,527,465,527,501,467,406,561	546,758,660,664,702,672,689,776,759,932	390,467,496,477,523,478,481,555,610,779	213	156
4101	351,515,510,558,461,441,392,407,361,488	550,714,721,732,747,790,646,623,583,802	428,502,483,467,469,498,492,474,514,616	591,753,736,675,743,681,748,785,842,1008	159	213
4102	346,507,499,545,457,431,385,399,359,478	550,714,721,732,747,790,646,623,583,802	423,494,479,464,463,487,487,471,505,608	591,753,736,675,743,681,748,785,842,1008	144	213
4103	529,730,699,785,644,633,659,587,509,809	140,215,180,203,202,235,167,169,173,208	521,665,675,609,703,624,670,714,769,914	160,216,173,193,175,219,200,213,224,295	192	159
4104	529,730,699,785,644,633,659,587,509,809	209,288,268,296,277,294,247,218,217,316	521,665,675,609,703,624,670,714,769,914	202,304,239,265,272,256,264,280,308,370	192	144
4105	108,167,165,154,141,103,109,117,126,134	187,221,214,205,197,169,179,196,133,195	126,141,137,135,145,153,153,138,106,99	184,167,162,221,212,210,212,180,181,136	156	174
4108	0,0,0,0,0,0,0,0,0,0	0,0,0,0,0,3,0,1,0,0	0,0,0,0,0,0,0,1,0,0	0,0,0,0,0,0,0,0,0,0	132	205
4109	0,0,0,1,1,0,0,0,0,0	0,0,1,0,0,0,0,0,0,0	0,0,0,0,0,0,0,0,1,0	0,0,0,0,0,0,0,0,0,0	273	140
4111	0,0,0,0,2,0,0,0,0,0	0,0,0,1,1,0,0,0,0,0	0,0,0,0,0,0,0,0,0,0	0,0,0,0,0,0,0,0,1,0	241	273
4112	0,0,0,0,1,0,0,0,0,0	1,1,0,1,2,0,0,0,1,0	0,0,0,0,0,0,0,0,0,0	0,0,0,0,0,0,0,0,1,0	241	273
4113	287,295,377,323,307,364,263,334,322,365	260,274,322,266,294,302,251,312,275,290	297,313,301,315,349,315,314,321,421,348	258,281,298,266,285,340,367,283,294,304	129	111
4114	112,110,136,152,119,116,119,118,108,129	176,161,204,212,154,123,140,161,144,185	131,118,123,100,106,135,140,129,97,131	192,165,163,158,172,162,194,144,190,165	158	166
4116	139,163,140,161,159,165,132,149,143,160	149,159,137,162,138,144,138,158,132,182	138,140,130,164,155,150,177,133,168,225	135,155,155,169,172,158,169,163,172,214	158	179
4117	509,503,536,515,465,253,358,409,452,407	433,517,520,518,542,317,330,430,382,472	527,394,402,484,519,503,522,452,366,302	534,438,417,457,524,475,509,488,414,300	294	196
4118	2,5,2,8,4,2,5,6,6,10	172,278,228,201,191,213,193,171,185,233	4,4,4,6,6,3,6,3,6,2	193,197,208,162,249,297,284,214,202,167	141	289
4120	19,29,21,35,32,23,15,16,27,30	51,51,56,64,48,35,26,50,42,48	20,25,21,19,23,28,38,23,26,25	40,49,46,44,35,58,28,39,58,57	116	200
4121	66,65,69,76,51,38,41,51,71,56	639,672,711,733,676,542,508,567,603,701	64,40,50,71,59,73,48,64,63,61	647,626,591,638,668,655,686,655,608,648	200	999
4122	66,65,69,76,51,38,41,51,71,56	128,159,156,173,155,136,139,144,140,165	64,40,50,71,59,73,48,64,63,61	139,198,177,147,142,177,155,163,145,180	200	258
4123	639,672,711,733,676,542,508,567,603,701	128,159,156,173,155,136,139,144,140,165	647,626,591,638,668,655,686,655,608,648	139,198,177,147,142,177,155,163,145,180	999	258
4124	669,706,741,768,712,564,526,599,623,736	128,162,157,174,157,138,140,145,141,165	678,661,626,666,688,689,707,675,644,685	140,199,179,148,143,177,156,164,147,183	999	258
4125	87,78,95,117,74,84,72,84,59,98	236,242,249,306,251,239,251,222,217,255	108,80,89,87,97,93,98,107,89,70	224,238,247,234,237,258,241,205,223,248	162	173
4126	216,193,216,252,205,209,158,190,186,208	375,385,361,438,332,375,340,347,355,394	189,186,203,176,200,222,212,175,194,191	380,344,347,342,377,336,365,307,382,337	173	210
4127	372,472,444,473,498,538,474,464,461,561	316,350,340,406,340,460,364,381,365,432	476,464,426,423,523,494,538,454,631,588	357,391,334,353,400,363,453,352,474,517	189	183
4128	0,0,0,0,0,2,0,0,0,0	4,1,8,5,3,2,4,6,4,2	0,0,0,0,0,0,0,0,0,0	7,0,9,6,5,4,9,0,3,4	345	192
4129	65,70,71,92,75,76,57,63,76,70	64,52,59,70,54,75,52,56,52,67	68,94,52,83,66,70,89,69,94,78	54,49,55,54,60,48,63,61,54,63	234	183
4130	48,65,64,63,43,65,65,61,47,61	106,144,127,135,119,161,118,113,127,160	54,48,49,71,57,59,64,68,81,75	115,99,138,173,138,118,155,131,178,207	156	141
4131	9,7,10,10,9,8,3,11,6,12	1,2,2,8,4,3,2,2,5,0	20,16,10,6,12,20,7,13,5,2	3,1,0,1,1,1,4,1,3,1	155	108
4132	4,12,12,13,13,4,14,10,11,7	6,13,14,12,8,17,13,9,12,10	16,11,9,10,9,10,12,11,8,9	10,3,13,6,9,13,10,13,15,19	140	108
4133	2,3,4,1,3,5,6,6,6,3	512,506,581,580,492,582,490,550,509,595	4,4,7,2,7,4,5,4,4,5	508,475,541,589,496,490,539,484,557,687	145	249
4134	1,1,2,1,1,0,2,0,4,1	512,506,581,580,492,582,489,550,509,595	1,0,0,0,2,1,3,5,0,1	509,475,541,589,496,490,539,484,557,687	145	249
4135	58,57,67,74,56,45,62,34,39,100	2,0,1,1,0,0,0,1,0,0	53,78,67,81,65,79,69,75,67,97	0,0,0,1,2,1,0,0,0,2	172	99
4136	165,193,178,241,201,208,170,186,195,206	33,32,30,24,28,42,30,34,32,36	191,204,192,220,247,220,216,195,214,199	20,26,24,26,43,31,38,26,33,28	157	166
4137	165,193,178,241,201,208,170,186,195,206	207,251,228,259,201,273,221,217,217,238	191,204,192,220,247,220,216,195,214,199	202,240,198,209,239,222,261,192,253,260	157	178
4138	233,251,224,283,243,279,236,221,214,238	33,32,30,24,29,42,30,34,32,35	233,251,226,247,247,244,285,264,278,304	20,26,24,26,43,31,40,26,33,28	184	166
4139	233,251,224,283,243,279,236,221,214,238	207,251,228,259,202,273,221,217,217,237	233,251,226,247,247,244,285,264,278,304	202,240,198,209,239,222,263,192,253,260	184	178
4140	141,159,149,150,140,182,147,163,152,180	70,97,88,91,85,96,95,84,93,109	144,160,140,138,155,176,191,132,170,164	104,94,72,80,111,95,132,82,113,107	178	144
4141	126,108,136,145,134,164,118,169,141,135	90,83,85,105,80,105,82,104,98,120	121,130,116,147,133,133,168,143,144,166	75,101,95,86,81,108,109,95,139,123	188	140
4142	126,108,136,145,134,164,118,169,141,135	44,60,48,56,59,61,76,71,62,88	121,130,116,147,132,134,168,143,144,166	62,64,66,51,68,72,81,72,84,81	188	155
4143	59,68,64,73,69,65,55,56,60,66	48,62,51,85,43,54,30,52,36,43	50,97,63,66,60,71,89,73,78,75	50,72,42,53,64,52,59,41,50,38	164	150
4144	94,119,118,160,105,119,84,140,107,112	5,13,5,8,12,7,8,7,8,9	113,131,108,124,117,111,134,131,129,107	6,8,13,12,12,5,10,7,11,13	269	164
4145	94,119,118,160,106,116,84,140,107,112	31,44,33,49,48,27,37,39,37,40	113,131,108,124,117,111,134,130,129,107	39,44,56,46,57,49,43,45,57,48	269	164
4146	12,11,9,15,13,8,10,11,10,16	30,39,29,29,28,24,24,31,20,40	11,15,4,11,12,12,22,11,12,10	36,25,37,34,31,32,25,24,31,25	144	176
4147	34,43,55,31,34,32,32,34,25,32	12,25,21,36,21,21,14,22,22,25	31,48,27,44,30,36,51,27,37,27	16,27,27,27,27,14,34,25,24,25	176	142
4148	304,340,308,308,259,188,241,254,252,272	722,770,715,712,692,625,552,620,660,647	337,264,273,281,312,307,342,249,282,187	748,659,687,675,740,767,723,649,688,639	766	1010
4149	22,34,28,32,27,23,25,34,40,15	73,71,56,71,52,46,36,57,61,62	44,28,24,28,20,26,39,30,27,20	70,72,53,68,34,55,62,84,59,37	180	207
4150	27,26,26,33,22,10,25,19,31,30	30,46,28,25,34,23,22,33,27,31	32,20,27,33,12,28,25,25,14,15	42,32,29,43,14,27,42,45,26,25	153	180
4151	27,41,28,37,29,14,17,28,23,26	31,36,42,27,27,25,27,20,33,19	27,30,23,34,23,35,16,33,25,14	24,23,31,43,38,18,38,30,17,18	174	174
4152	7,6,4,6,9,7,2,5,4,0	13,13,11,15,12,4,5,12,2,6	9,6,10,6,9,4,20,11,5,2	17,21,13,9,17,13,16,20,7,4	224	330
4153	55,48,65,68,63,3,27,37,41,26	46,49,53,54,68,16,31,33,28,36	45,39,41,38,63,68,40,25,15,7	55,40,27,32,64,38,66,33,19,9	208	214
4154	67,100,97,86,83,45,54,84,69,51	58,74,51,66,69,29,32,43,51,39	88,57,54,87,85,77,93,56,50,36	55,39,40,59,63,45,57,35,34,17	207	150
4155	87,104,105,131,112,64,49,85,67,86	105,108,124,135,128,37,82,84,92,86	88,99,90,80,113,85,109,96,73,24	131,111,78,97,139,123,122,93,66,42	272	299
4156	1699,1898,1905,2070,1838,2207,2027,1959,1942,2199	2156,2061,2179,2241,1879,2458,2073,2064,2111,2463	1884,2040,2000,1954,1908,2006,2249,2104,2497,2514	2127,2094,2254,2255,2260,2278,2315,2261,2691,3023	206	177
4157	125,116,142,131,147,63,85,106,115,127	57,71,75,62,58,31,57,57,64,68	108,130,109,104,161,134,147,111,83,49	64,58,71,68,73,68,76,73,54,34	243	180
4158	110,123,129,103,125,24,60,71,59,66	95,101,117,130,104,28,59,77,71,78	105,82,73,83,132,85,88,88,47,22	111,89,101,92,112,84,102,69,42,30	207	243
4159	47,51,56,54,61,19,34,35,32,35	95,101,117,130,104,28,59,76,71,78	45,44,39,36,59,39,34,41,26,8	112,90,100,92,112,84,102,69,42,30	207	243
4160	65,43,60,38,35,18,30,33,36,39	78,101,119,101,108,32,58,57,58,56	42,33,33,39,53,42,69,39,18,5	96,86,82,62,101,73,73,65,48,14	162	207
4161	0,0,0,0,0,0,0,0,0,0	127,126,137,127,126,34,78,91,70,78	0,0,0,1,0,1,0,1,0,1	139,98,111,75,152,99,129,80,42,27	200	230
4162	90,107,140,136,115,31,62,70,63,68	104,107,113,103,98,29,59,73,58,59	102,96,77,75,128,92,104,79,48,11	118,82,90,64,124,89,106,65,35,22	204	230
4163	0,0,0,0,0,0,0,0,0,0	58,59,53,68,48,14,39,43,31,42	0,0,0,1,0,1,0,1,0,1	58,42,40,29,75,37,62,39,19,11	200	195
4164	90,107,140,136,115,31,62,70,63,68	35,40,29,44,20,9,20,25,19,23	102,96,77,75,128,92,104,79,48,11	37,26,19,18,47,27,39,24,12,6	204	195
4165	131,117,123,165,117,75,100,108,103,122	49,55,50,71,47,30,32,46,52,61	108,127,92,123,115,99,145,106,105,112	66,55,36,41,55,54,42,55,39,42	278	141
4166	33,20,40,43,37,12,12,31,26,22	86,77,99,113,100,46,55,76,63,71	37,27,23,32,29,21,41,31,16,17	103,87,77,71,105,85,116,66,46,53	179	222
4167	48,45,66,54,54,19,20,41,42,39	29,44,36,31,29,14,23,27,17,21	51,38,33,39,52,41,55,36,33,22	30,32,34,27,44,19,40,27,13,20	163	179
4168	129,132,143,104,95,105,87,102,92,92	68,74,65,84,83,52,69,62,54,60	120,121,109,120,143,127,110,88,122,64	95,69,72,75,69,72,83,78,62,70	217	174
4169	866,878,902,996,822,564,550,643,663,776	88,86,86,92,78,55,65,67,77,64	886,770,726,757,950,696,817,686,663,516	79,76,82,78,79,76,93,79,91,60	1447	217
4170	882,898,919,1014,838,576,559,660,677,794	88,86,85,92,78,56,65,67,77,64	906,782,747,763,971,716,838,705,679,522	79,76,83,78,80,76,95,79,91,60	1447	217
4171	15,15,10,10,13,17,12,14,15,13	47,46,70,72,53,40,50,67,55,66	11,7,20,13,11,13,24,11,9,14	44,61,39,43,62,57,60,48,49,59	173	205
4172	98,87,107,113,97,93,110,95,92,133	182,189,172,201,170,197,176,161,156,200	99,86,82,101,124,95,104,94,99,95	175,156,159,163,178,155,193,172,196,192	199	217
4173	53,57,50,62,52,50,51,44,46,91	182,189,172,201,170,197,176,161,156,200	46,45,43,60,60,55,48,34,46,60	175,156,159,163,178,155,193,172,196,192	177	217
4174	110,118,116,126,94,89,88,111,126,112	95,81,83,91,79,74,69,70,93,88	129,124,104,128,100,105,166,140,99,74	75,86,81,85,75,77,79,62,73,71	224	182
4175	109,117,116,125,94,89,86,111,126,111	128,121,124,161,131,119,103,126,118,119	128,124,103,127,100,105,166,140,99,74	133,108,136,132,132,110,149,102,153,137	224	199
4176	81,64,79,95,66,82,59,67,57,81	150,145,164,161,156,176,129,146,141,189	84,67,88,94,72,70,83,68,64,71	137,135,164,162,179,129,180,134,157,177	202	295
4177	673,693,715,813,736,724,649,584,653,585	669,580,703,708,582,725,618,600,645,568	766,724,692,661,652,639,786,775,735,685	619,643,613,580,622,624,695,668,639,638	207	181
4178	25,18,25,30,25,17,11,19,18,15	31,33,38,31,41,22,22,16,28,28	37,16,19,19,23,27,31,27,23,8	37,22,26,25,38,37,43,32,30,21	145	125
4179	177,193,204,168,187,145,135,168,157,205	266,289,305,318,282,239,211,238,250,230	207,180,141,182,170,154,237,153,133,152	245,282,225,251,248,281,314,241,217,195	179	229
4180	303,403,367,425,379,255,227,299,281,305	171,173,186,210,187,146,146,142,168,194	377,320,272,336,371,334,408,318,285,226	208,189,158,192,173,153,232,121,152,137	316	179
4181	302,394,376,424,369,254,229,301,288,298	171,173,187,210,187,145,146,142,168,194	373,320,282,335,369,342,405,316,292,226	208,189,158,192,173,153,233,121,152,136	316	179
4182	279,375,348,401,350,235,208,277,271,282	171,173,186,211,187,145,146,142,168,194	346,294,264,309,337,310,375,298,271,216	208,189,158,192,173,153,232,121,152,136	316	179
4183	114,83,140,110,95,85,61,104,93,77	81,93,67,109,82,59,48,67,78,57	89,79,81,96,99,111,125,109,72,102	81,66,78,81,96,81,101,71,83,57	238	200
4184	72,77,64,87,74,39,46,73,75,58	72,79,62,56,73,47,46,47,70,53	75,70,75,76,80,72,101,72,66,53	60,56,57,67,57,50,85,48,53,67	200	184
4185	20,23,37,59,28,23,40,37,29,32	20,30,33,32,35,30,39,25,18,34	34,35,51,36,33,34,43,28,34,20	36,32,37,28,39,31,31,26,36,36	200	171
4186	0,1,1,1,0,2,2,2,1,0	0,1,1,1,0,1,2,2,1,1	0,0,1,2,1,1,2,2,1,1	3,1,1,4,4,3,0,0,1,0	86	116
4187	0,0,0,0,0,0,0,0,0,0	2,3,5,4,0,5,4,4,2,6	1,0,1,0,0,1,1,1,0,1	6,4,1,4,6,5,1,2,4,1	87	105
4188	132,142,102,130,126,103,100,109,103,130	79,95,83,96,65,63,58,67,52,77	108,118,134,151,151,116,141,132,115,125	82,62,78,88,75,76,95,91,92,83	225	156
4189	1,2,12,3,4,5,2,6,5,4	0,2,2,2,2,2,0,1,2,2	4,2,3,4,4,8,8,4,8,4	2,1,0,2,3,0,1,2,1,3	180	170
4190	8,3,11,9,8,6,10,10,14,13	9,12,21,13,9,2,12,12,5,9	12,9,8,6,13,8,9,17,10,6	6,7,14,8,9,11,14,7,3,6	222	223
4191	36,57,47,53,47,40,50,45,58,61	154,157,167,176,160,188,126,134,150,166	49,54,43,44,57,39,45,50,53,43	155,153,141,168,172,165,186,123,154,167	136	215
4192	130,130,138,146,122,114,87,119,121,117	153,157,166,176,156,187,126,133,149,164	102,124,110,119,138,140,142,107,134,112	155,153,140,167,171,164,185,123,152,167	269	215
4193	130,130,139,145,126,115,87,120,122,119	21,32,26,35,23,27,27,28,20,21	102,125,111,119,138,141,139,106,135,112	26,30,47,42,29,24,34,21,24,29	269	136
4194	99,84,106,88,61,109,68,86,113,84	155,142,145,142,136,149,113,126,140,155	84,86,77,88,99,77,109,85,83,111	180,123,119,128,137,145,145,125,153,132	166	194
4195	74,63,84,46,57,63,67,67,76,88	132,171,144,152,131,158,127,162,148,151	68,47,58,54,76,71,89,76,71,62	175,149,145,152,187,152,156,161,142,185	236	166
4196	17,27,15,28,26,21,19,24,22,24	194,284,202,178,190,168,133,157,180,196	28,14,23,35,25,22,30,26,30,24	235,182,178,257,225,211,204,220,279,220	147	355
4197	86,89,100,97,113,64,58,61,67,88	47,51,53,53,46,47,42,43,42,36	97,86,78,79,97,90,119,89,76,71	45,37,40,52,59,39,47,52,51,35	168	133
4198	86,89,100,97,113,64,58,61,67,88	62,69,75,66,59,57,54,54,57,48	97,86,78,79,97,90,119,89,76,71	53,44,50,69,73,51,56,69,68,45	168	150
4199	130,130,135,143,146,59,91,78,111,86	110,103,133,117,113,57,72,71,90,74	121,100,97,125,164,126,121,94,74,65	107,86,99,78,141,94,113,101,96,63	324	276
4200	106,148,123,113,138,80,98,126,112,113	50,51,57,55,45,33,39,51,50,38	123,121,118,117,150,134,153,122,123,119	53,61,42,58,40,56,50,59,40,44	161	121
4201	29,33,30,47,34,24,37,19,35,37	106,123,131,122,104,97,92,124,114,131	28,22,37,32,39,38,40,24,36,37	136,125,147,107,171,123,144,120,125,125	121	142
4202	69,77,94,68,70,53,49,69,64,53	118,121,129,125,129,97,92,100,104,119	75,78,69,78,58,75,75,73,70,45	109,119,115,109,124,122,128,129,139,95	142	220
4203	211,313,254,270,242,219,199,234,230,261	137,132,137,129,114,117,87,133,124,119	234,276,221,267,252,289,274,239,262,256	121,145,129,137,140,155,130,153,130,129	237	155
4204	76,97,98,104,83,60,77,88,85,110	9,7,16,16,13,17,12,7,8,16	99,79,83,87,101,107,110,90,80,78	14,8,8,18,17,10,16,16,18,8	157	166
4205	57,45,47,62,38,35,46,46,45,75	95,118,103,101,71,77,104,110,99,97	58,39,44,44,56,63,67,43,46,43	104,111,89,89,86,103,127,95,92,87	157	166
4206	57,45,47,62,38,35,46,46,45,75	28,37,36,45,37,32,24,39,26,40	58,39,44,44,56,63,67,43,46,43	43,33,31,45,39,35,51,32,25,36	157	166
4207	50,59,53,70,60,49,41,69,56,60	132,181,166,160,119,107,144,164,149,155	77,51,63,65,70,63,81,71,46,57	163,163,133,145,145,163,190,153,136,130	166	166
4208	264,312,270,313,289,245,249,290,319,292	443,551,564,576,529,538,492,523,521,600	238,277,274,269,304,270,338,249,272,293	520,521,473,536,552,517,628,570,561,612	175	321
4209	383,519,438,438,419,495,374,448,424,439	743,1022,752,889,768,839,653,732,749,869	465,415,416,500,420,417,441,542,596,521	813,768,891,1007,761,758,914,1137,1117,1136	194	193
4210	15,16,13,9,15,2,10,9,9,2	9,13,7,13,9,5,4,15,9,3	12,6,5,7,7,6,11,7,8,8	11,13,4,11,11,6,14,8,11,11	209	233
4211	324,389,362,389,323,333,318,344,310,394	597,685,607,671,620,662,622,589,632,729	389,347,324,373,358,361,372,310,404,359	656,612,613,667,570,647,655,613,703,617	192	267
4212	324,388,362,389,323,332,317,344,309,394	435,497,451,469,451,499,439,425,463,517	388,346,325,373,358,359,371,310,403,358	476,438,449,502,409,479,451,453,493,426	192	267
4213	496,584,586,652,588,500,480,539,522,658	317,420,392,388,343,358,315,318,328,404	646,522,530,538,541,614,565,545,583,502	378,345,337,325,350,384,413,342,375,317	267	166
4214	367,502,452,523,463,407,361,379,427,445	544,603,656,677,625,545,529,609,521,704	462,449,370,440,463,459,514,439,484,368	696,584,558,623,592,630,571,569,622,570	189	267
4215	14,11,13,23,22,5,10,5,14,11	482,450,541,517,537,215,369,418,428,457	17,10,10,13,25,23,19,14,9,3	458,398,414,472,541,492,525,462,323,267	229	1631
4216	14,11,13,23,22,5,10,5,14,11	2,0,4,3,2,0,2,1,0,4	17,10,10,13,25,23,19,14,9,3	2,3,1,0,0,2,1,0,0,0	229	136
4217	482,450,541,517,537,215,369,418,428,457	2,0,4,3,2,0,2,1,0,4	458,398,414,472,541,492,525,462,323,267	2,3,1,0,0,2,1,0,0,0	1631	136
4218	490,463,554,531,551,219,383,425,435,464	0,0,0,0,0,0,0,1,1,1	466,408,418,483,550,503,534,468,325,269	0,0,0,0,0,1,0,0,0,0	1631	228
4219	490,463,554,531,551,219,383,425,435,464	2,0,4,3,2,0,3,1,0,4	466,408,418,483,550,503,534,468,325,269	3,4,2,0,0,2,2,0,0,0	1631	136
4220	461,423,524,510,522,204,358,392,406,443	39,29,48,43,30,19,32,31,32,27	445,389,402,456,517,477,507,444,308,259	42,22,17,34,37,35,29,39,30,29	1631	214
4221	0,0,0,0,0,0,0,1,1,1	2,0,4,3,2,0,3,1,0,4	0,0,0,0,0,1,0,0,0,0	3,4,2,0,0,2,2,0,0,0	228	136
4222	48,51,59,57,51,17,32,50,37,38	142,172,169,157,178,67,109,147,118,119	57,55,48,45,55,51,55,46,29,22	147,124,160,155,170,155,178,145,114,56	195	301
4223	142,171,139,154,127,163,147,143,149,152	160,192,204,175,165,147,140,168,157,201	166,131,139,206,184,137,197,154,161,139	182,187,175,212,212,197,232,176,201,212	165	135
4224	6,5,4,5,4,3,8,3,5,2	316,387,378,328,301,301,291,307,336,380	4,4,5,3,5,2,1,6,5,4	343,338,311,393,402,369,399,354,367,395	156	135
4225	45,54,51,52,48,44,42,52,47,66	8,25,18,20,16,14,13,16,18,19	48,38,63,53,61,58,73,56,61,58	18,19,15,14,13,12,15,15,15,20	288	186
4226	21,25,19,21,17,12,10,15,15,7	18,43,19,32,25,12,23,16,27,26	14,16,10,14,11,20,19,21,19,12	27,33,25,23,23,29,34,23,18,32	178	179
4227	83,86,79,103,105,96,90,99,106,110	143,145,160,153,116,139,127,165,143,184	101,100,105,98,111,111,98,109,108,116	144,129,146,153,161,161,149,143,170,185	216	244
4228	83,86,79,103,105,96,90,99,106,110	116,124,127,122,108,116,107,131,114,139	101,100,105,98,111,111,98,109,108,116	107,102,122,120,138,120,120,131,153,150	216	242
4229	6,5,16,24,11,10,4,9,9,13	2,3,3,2,3,0,1,2,1,3	15,5,13,15,10,9,12,8,10,5	0,3,3,1,2,4,2,2,0,3	306	138
4230	1,0,4,0,0,2,2,4,2,2	5,8,4,3,2,6,5,1,4,7	2,4,1,3,3,3,4,0,7,1	6,4,7,5,4,5,4,4,10,10	138	225
4231	5,9,6,3,5,6,3,2,6,9	4,5,3,3,12,2,3,1,4,11	4,5,10,3,6,9,2,4,2,10	3,5,1,2,1,1,3,9,2,7	225	165
4232	43,81,73,58,71,43,59,60,59,58	118,101,111,126,117,84,62,98,109,93	78,68,50,66,59,64,71,53,52,42	126,93,117,114,145,114,140,84,104,58	186	241
4233	274,255,271,257,238,175,170,225,261,212	409,480,443,431,418,263,292,361,349,346	282,238,239,244,285,239,281,247,196,130	432,370,345,389,421,420,430,359,365,256	206	223
4234	26,28,24,24,27,26,12,14,23,16	23,23,25,32,26,29,17,16,21,22	23,21,8,14,26,21,20,16,19,17	14,18,25,25,30,28,38,29,18,25	163	170
4235	17,10,17,13,8,11,12,16,13,16	12,8,17,15,14,7,16,19,7,9	19,12,17,5,8,14,16,4,16,4	13,14,13,11,10,14,15,16,10,10	162	99
4236	76,74,103,93,92,72,78,95,95,92	40,45,43,38,57,36,44,35,45,33	86,95,88,81,104,76,94,113,93,81	55,34,39,39,55,46,52,61,48,37	218	173
4237	273,255,269,321,268,220,261,223,267,332	69,58,68,87,81,48,48,50,60,54	306,301,286,227,315,271,316,244,285,238	88,66,69,60,80,69,82,51,65,63	406	146
4238	73,51,94,69,67,66,48,52,52,81	98,89,100,123,100,97,100,93,91,125	63,74,66,56,68,69,82,63,56,56	117,91,90,93,101,115,100,97,103,89	152	195
4239	175,233,201,222,191,209,217,192,223,226	231,305,282,291,265,326,281,285,300,314	197,204,218,190,176,172,230,242,284,251	232,298,262,302,303,269,334,296,370,387	198	242
4240	418,403,430,448,459,199,265,273,292,329	1125,1246,1221,1281,1140,566,804,844,890,942	369,325,359,385,434,307,398,326,245,127	1113,1001,1014,1025,1271,1092,1226,903,743,571	186	317
4241	263,252,245,288,239,311,247,259,265,304	256,245,256,268,220,295,250,236,258,274	284,259,241,273,235,259,295,270,280,339	220,263,235,224,270,246,267,244,275,321	177	155
4243	6,16,13,9,14,11,10,17,19,16	19,20,30,32,22,12,19,11,20,26	15,14,19,13,18,15,21,25,19,10	18,19,13,22,22,23,18,10,23,14	96	177
4244	323,348,408,391,331,210,281,299,277,336	180,246,241,224,238,165,220,203,221,245	327,308,311,302,415,316,368,311,317,169	244,227,217,204,295,238,243,240,201,161	257	163
4245	835,841,938,937,873,583,666,743,727,925	180,246,241,224,238,166,220,203,221,244	843,786,830,757,1002,861,944,836,804,651	245,228,217,204,295,238,243,240,201,161	395	163
4246	323,348,408,391,331,210,281,299,277,336	216,271,267,297,264,182,253,206,247,284	327,308,311,302,415,316,368,311,317,169	291,268,231,230,289,257,300,291,241,164	257	154
4247	835,841,938,937,873,583,666,743,727,925	216,271,267,297,264,183,253,206,247,283	843,786,830,757,1002,861,944,836,804,651	292,269,231,230,289,257,300,291,241,164	395	154
4248	224,241,272,250,221,65,111,143,141,160	598,668,775,730,679,279,436,475,508,503	221,196,209,176,238,198,230,170,132,64	673,589,529,586,819,647,714,528,380,184	237	514
4249	239,250,284,296,255,81,127,163,150,187	599,668,775,730,681,279,436,475,508,504	216,214,192,217,284,217,230,194,124,76	673,589,529,586,821,648,714,528,380,184	237	514
4250	17,22,27,22,26,8,13,9,17,15	307,322,362,374,323,107,170,205,193,223	26,16,17,16,27,17,27,17,9,7	296,267,240,261,373,285,288,250,166,93	99	237
4251	36,27,31,25,14,10,14,11,19,17	3,5,5,7,4,0,2,2,1,4	21,16,27,22,44,22,41,25,16,11	5,6,5,4,8,4,4,3,2,2	93	105
4252	3,7,6,5,12,1,5,7,8,3	19,27,30,30,26,14,12,16,10,32	6,3,7,5,7,9,5,8,8,4	11,19,21,22,22,25,10,21,23,23	269	151
4253	7,7,7,10,10,5,15,2,6,5	9,3,6,4,2,3,4,9,5,2	10,7,11,13,15,5,12,3,8,6	7,5,3,2,6,8,6,5,4,2	212	154
4254	8,4,2,7,1,4,6,6,5,4	5,4,8,7,5,6,3,6,4,4	4,4,6,6,2,5,4,4,4,2	4,8,2,4,9,6,6,5,6,3	154	244
4255	8,4,2,7,1,4,6,6,5,4	5,4,8,7,5,6,3,6,4,4	4,4,6,6,2,5,4,4,4,2	4,8,4,4,9,6,8,5,6,3	154	165
4256	687,701,709,746,674,591,563,553,600,682	701,657,736,682,654,580,609,590,580,702	673,632,639,604,714,675,754,595,649,677	704,697,688,659,706,694,763,684,678,679	196	227
4257	1135,1037,1079,1133,1052,848,897,895,901,947	570,670,605,665,636,563,576,480,594,616	1115,963,972,939,1085,1050,1143,872,945,856	655,588,627,569,728,632,772,572,638,561	308	201
4258	164,162,174,207,174,148,112,136,137,134	1075,967,1032,1032,1004,813,816,807,847,880	169,175,177,155,191,170,210,175,145,157	1061,858,906,855,1013,944,1073,776,858,787	160	308
4259	49,41,67,68,65,22,35,36,38,53	41,45,67,64,57,14,27,48,34,26	55,38,59,40,67,51,67,44,33,20	52,31,42,37,63,54,50,54,34,23	257	212
4260	23,27,19,30,25,26,21,24,26,19	43,35,40,31,30,15,34,45,37,37	25,23,25,21,23,27,28,21,17,23	27,38,30,35,41,33,36,36,30,17	225	160
4261	3,5,9,3,4,2,4,7,4,2	60,49,68,78,56,25,64,48,66,56	6,2,7,3,13,14,15,6,2,8	52,65,55,64,54,65,80,66,60,38	165	218
4262	43,32,36,29,21,26,30,34,48,65	34,44,34,50,43,56,32,38,51,56	37,28,36,31,46,48,51,25,49,45	56,47,37,30,48,42,56,44,49,53	167	120
4263	2,0,0,1,0,2,0,0,0,0	26,40,22,30,33,13,15,18,15,38	0,1,1,0,0,1,1,1,0,1	30,26,21,22,23,30,21,30,19,25	92	224
4264	391,397,439,436,400,406,361,370,361,415	16,14,21,27,8,20,9,23,21,31	408,422,387,411,390,395,459,390,458,424	27,18,23,28,23,15,21,19,13,18	240	231
4265	130,188,177,115,129,103,106,93,109,91	1,7,5,0,1,2,4,4,3,0	159,153,152,117,176,152,108,165,120,108	6,1,2,1,6,7,5,6,0,0	220	220
4266	0,3,0,2,4,2,0,0,3,3	51,59,68,69,67,42,41,41,57,76	0,1,0,0,1,1,2,2,1,1	62,53,50,57,59,60,57,43,50,36	188	252
4267	72,49,57,54,60,53,53,54,64,41	43,74,51,56,78,68,70,56,63,67	61,56,67,59,60,51,82,59,61,56	58,50,56,57,73,53,50,56,58,50	239	204
4268	3,8,0,4,5,3,3,7,7,9	20,11,14,13,15,10,13,18,17,22	3,3,4,10,14,10,10,7,12,8	20,14,14,12,22,20,19,14,19,14	103	131
4269	66,57,66,50,46,57,55,54,52,82	107,67,93,87,93,91,70,99,77,106	66,43,64,53,53,74,78,56,52,52	92,83,78,80,81,76,91,80,77,95	186	136
4270	14,15,7,0,6,20,6,10,17,10	26,28,6,3,19,20,15,20,16,21	13,4,8,13,6,7,11,20,3,12	28,2,10,14,8,7,18,22,9,17	150	166
4271	0,1,0,3,1,0,0,0,0,0	44,36,44,52,43,17,19,31,25,28	0,0,0,0,0,0,0,0,0,0	43,29,35,45,53,37,52,29,36,12	135	147
4272	26,30,34,36,29,12,23,19,19,32	15,20,12,13,24,10,14,15,7,8	32,24,25,34,33,25,27,27,35,14	8,16,13,11,10,20,15,15,12,9	144	120
4273	2,9,4,7,5,6,3,4,3,3	10,14,25,32,23,9,12,15,18,22	2,7,6,7,2,2,11,3,1,4	17,13,28,19,32,31,23,20,21,8	156	111
4274	1,0,0,2,2,0,0,0,0,0	37,41,44,51,43,33,28,45,37,46	0,0,0,0,0,2,1,1,0,0	43,42,39,58,54,55,60,39,36,21	162	153
4275	7,16,13,11,8,6,7,4,13,6	15,17,18,22,20,21,9,18,11,19	6,17,7,5,5,11,14,11,8,6	15,19,14,12,11,13,21,9,14,10	180	236
4276	7,14,13,9,12,11,7,11,12,7	7,9,12,12,9,5,5,9,9,10	3,8,13,7,5,10,7,14,9,8	9,6,10,5,10,6,12,6,12,6	246	180
4277	14,15,12,26,20,7,5,12,15,10	15,23,15,28,19,7,14,11,16,13	14,15,8,20,15,13,11,9,10,8	28,12,18,14,10,27,24,13,13,11	118	154
4278	3,10,8,7,13,2,4,5,6,7	2,4,9,4,5,2,3,7,3,8	9,10,4,12,10,6,14,5,5,3	8,4,3,5,6,3,7,3,6,5	154	169
4279	170,200,198,211,153,84,106,132,133,132	211,189,216,198,189,109,145,152,161,164	188,133,134,150,193,134,161,129,127,65	225,158,168,183,230,191,228,185,150,95	237	207
4280	1,6,3,3,4,0,2,3,3,5	8,6,5,10,11,2,3,3,4,6	4,3,2,3,1,3,4,5,1,0	6,5,3,3,9,8,7,2,2,2	150	117
4281	583,642,632,640,541,454,493,527,537,680	66,54,49,53,61,57,63,71,60,65	586,551,549,552,652,587,589,521,559,519	58,56,54,54,65,50,64,39,56,54	542	125
4282	204,238,236,259,229,163,170,238,216,246	95,92,100,111,76,78,73,83,79,102	210,192,189,231,247,217,235,188,248,180	83,70,61,84,98,97,92,104,93,84	347	225
4283	54,57,63,52,57,18,34,39,37,44	135,145,167,135,137,67,76,114,96,97	44,36,31,45,53,41,51,49,26,21	130,108,104,103,152,137,136,90,118,58	170	278
4284	40,74,74,55,77,30,41,47,54,42	82,71,82,60,69,35,46,55,53,41	62,62,34,53,88,65,58,47,39,37	72,48,54,60,77,60,71,60,53,28	200	234
4285	65,64,53,58,52,61,65,47,65,45	85,54,93,96,65,73,54,80,79,92	71,55,52,55,79,66,83,67,61,76	73,67,74,70,55,76,80,61,76,81	177	193
4286	66,63,53,58,53,60,67,47,65,46	68,51,46,65,58,59,55,65,74,67	74,59,51,56,73,70,83,63,63,73	65,56,60,58,65,60,58,59,60,60	177	129
4287	11,13,16,15,19,9,8,14,10,19	49,57,65,60,50,48,46,42,41,55	14,15,18,9,16,11,20,13,13,20	49,48,41,51,45,44,50,55,51,45	125	203
4288	20,22,30,42,44,30,28,24,31,30	10,18,10,16,20,18,15,13,16,28	30,23,23,17,26,36,42,26,37,29	20,13,24,22,17,17,30,21,20,18	171	138
4289	108,124,135,116,109,30,47,75,72,33	362,406,381,389,435,129,190,244,259,289	100,78,71,82,122,87,92,46,42,31	348,295,266,314,435,367,414,243,172,130	174	273
4290	72,58,65,55,46,35,38,39,40,46	46,41,54,44,48,22,29,30,34,52	54,42,52,48,65,55,62,59,46,23	42,41,29,40,53,43,52,35,32,24	144	111
4291	39,59,50,59,66,13,33,43,35,36	55,52,55,60,51,22,45,36,37,47	56,40,52,29,64,49,53,41,33,17	48,51,59,44,68,48,51,40,32,24	188	181
4292	71,97,64,64,71,41,48,59,64,52	98,139,137,117,114,74,57,85,80,82	68,60,73,54,57,64,64,53,58,34	97,99,101,86,88,100,89,88,67,64	135	130
4293	117,189,160,178,157,86,106,111,107,142	12,33,24,32,19,14,12,24,15,13	152,125,111,119,144,162,135,117,146,57	17,27,22,29,20,19,18,20,25,16	148	148
4294	0,0,3,1,3,0,1,3,0,1	64,97,100,92,84,76,60,67,70,75	0,0,0,0,0,1,4,1,1,2	90,53,59,71,88,79,70,75,72,55	108	135
4295	548,720,725,720,692,464,524,569,544,574	512,551,556,581,514,380,386,452,458,488	654,627,579,537,717,659,715,599,609,482	522,550,523,519,582,522,613,514,448,383	291	234
4296	1899,2200,2217,2228,2219,1367,1496,1795,1682,1793	733,845,908,871,836,584,650,723,684,713	2099,1746,1744,1896,2224,2019,2402,1798,1566,1239	818,750,711,701,897,807,882,767,737,595	1101	291
4297	17,19,12,16,11,11,15,12,15,21	22,17,15,19,20,9,21,18,21,13	14,6,15,13,14,14,19,17,9,9	23,14,11,8,34,16,19,13,12,14	187	203
4298	6,11,6,4,7,5,7,4,6,8	144,152,122,123,108,66,84,97,93,86	3,6,3,0,4,3,4,6,9,1	115,92,107,132,129,155,133,133,93,74	165	164
4299	71,91,112,98,70,95,62,70,53,92	45,42,47,70,41,46,36,59,53,60	79,79,83,75,83,91,101,68,105,76	62,56,49,49,59,43,64,55,60,54	171	141
4300	19,27,34,18,25,26,18,25,15,28	45,42,47,67,42,46,37,59,53,62	22,18,18,13,21,22,26,14,35,15	61,57,49,50,59,44,64,54,60,52	171	141
4301	58,61,71,90,63,57,62,65,58,53	74,62,76,64,61,68,54,76,50,75	76,66,59,55,84,72,69,54,64,62	70,55,60,49,54,49,88,52,72,56	216	171
4302	4,7,9,8,9,15,8,8,9,12	43,48,55,64,46,42,43,47,47,33	11,13,10,8,10,9,5,15,5,5	50,48,40,38,56,39,53,41,44,42	112	216
4303	5,6,10,9,9,19,8,8,11,12	96,111,134,142,92,115,88,92,87,99	12,12,12,7,10,10,5,15,6,5	107,109,107,100,118,110,128,94,115,101	112	216
4304	53,53,67,58,70,52,24,61,59,72	103,102,121,118,107,146,98,137,109,113	63,59,48,55,62,52,76,55,63,62	124,122,125,107,123,120,115,122,150,136	166	231
4305	173,248,179,249,218,236,210,227,217,269	154,160,152,163,126,197,143,176,138,147	233,199,214,215,239,185,268,203,277,273	186,143,153,146,163,175,169,146,156,227	238	165
4306	87,74,69,64,76,77,80,65,77,84	83,140,98,141,106,128,86,113,105,99	64,66,42,92,73,65,88,72,71,83	97,103,91,127,115,103,126,103,137,120	156	165
4308	21,26,22,25,25,28,29,25,30,14	14,15,16,19,12,8,14,13,12,18	30,26,19,24,23,26,35,23,26,15	19,14,13,23,17,23,16,17,12,15	193	176
4309	81,121,110,96,99,66,77,79,79,96	57,55,58,51,52,38,56,48,56,63	86,88,82,102,112,97,96,91,82,59	50,53,45,59,75,51,71,68,69,30	159	147
4310	9,9,13,16,10,7,10,7,10,9	11,17,15,19,22,10,16,10,25,13	23,9,9,14,22,11,10,7,8,10	17,19,18,16,22,10,13,9,14,9	225	186
4311	23,16,20,31,21,18,14,12,12,19	23,22,22,27,20,14,16,23,13,12	23,24,15,20,21,25,19,23,14,22	28,29,14,17,24,21,28,18,17,23	184	188
4312	8,17,8,17,15,13,15,15,15,13	22,27,31,36,41,38,19,21,19,20	18,21,16,17,20,21,26,14,11,11	35,21,31,29,26,32,30,29,25,26	177	184
4313	826,933,904,960,904,593,680,839,777,941	994,985,999,1009,974,741,786,932,879,993	954,749,751,828,969,835,936,824,862,644	1060,821,836,875,1107,911,998,831,959,803	153	200
4314	106,116,116,117,129,63,86,109,78,108	250,261,274,262,247,115,178,207,212,219	128,102,87,116,127,111,143,97,108,64	261,215,207,226,238,218,225,212,210,168	102	99
4315	71,90,82,57,89,77,64,76,87,85	18,27,12,22,22,19,13,21,18,34	83,67,92,105,79,84,110,92,107,93	24,26,18,20,15,20,19,22,26,16	165	129
4316	52,71,78,87,65,68,56,66,69,101	48,61,52,50,58,72,47,56,65,74	70,77,54,48,65,59,73,56,74,77	51,62,47,52,42,44,81,50,72,68	139	166
4317	51,71,77,87,65,68,56,66,69,101	9,15,15,12,10,14,11,14,9,15	68,77,54,47,65,59,73,56,75,76	16,9,3,7,8,10,20,5,15,12	139	166
4318	18,15,20,16,15,13,13,17,17,9	45,49,43,45,32,41,34,49,48,43	16,15,17,16,24,12,14,10,15,14	41,37,49,45,56,38,55,41,42,34	126	168
4319	41,48,35,28,33,12,14,28,23,35	71,71,62,51,84,47,29,58,61,49	49,24,18,43,39,43,43,26,24,29	79,62,44,57,58,70,77,53,47,37	112	141
4320	103,139,130,107,127,78,81,81,106,65	82,101,89,77,69,59,48,53,68,54	145,92,70,118,134,119,148,97,79,72	84,58,50,80,85,89,94,71,69,44	226	167
4321	43,52,47,37,37,24,33,36,29,30	1,2,2,2,5,4,1,3,2,0	58,29,24,38,42,50,50,30,32,22	6,3,2,4,3,4,12,4,1,3	186	166
4322	43,52,47,37,37,24,33,36,29,30	1,1,1,2,3,1,1,0,2,0	58,29,24,38,42,50,50,30,32,22	0,2,1,0,1,4,2,2,0,0	186	105
4323	92,52,71,85,79,45,48,47,33,64	15,10,16,15,15,10,16,27,13,18	87,66,65,63,63,75,84,44,61,42	20,7,10,17,18,12,11,11,11,9	189	114
4324	541,616,581,619,610,272,459,467,439,580	47,47,36,61,48,22,31,35,39,50	590,526,507,520,643,563,639,517,458,323	39,43,30,33,40,33,51,40,35,18	315	95
4325	334,379,361,399,375,165,269,300,278,363	47,45,36,61,48,22,31,35,39,50	366,332,332,317,404,357,393,320,282,199	39,43,30,33,40,34,51,40,35,18	315	95
4326	755,765,805,814,736,360,518,618,605,640	280,268,269,325,270,156,185,233,199,202	750,582,621,668,864,773,824,593,578,338	255,218,214,234,306,220,268,227,193,123	315	147
4327	144,153,192,185,139,147,129,172,160,199	105,89,106,97,75,67,85,89,83,108	186,167,174,169,193,179,175,150,178,164	105,94,76,93,83,98,89,73,88,85	258	181
4328	21,26,18,16,19,9,12,8,13,19	42,47,44,45,46,13,33,34,24,41	17,12,16,18,24,22,37,14,13,9	42,46,40,45,55,53,69,35,42,22	306	306
4329	1,0,4,0,5,4,0,1,1,6	1,5,6,3,2,3,2,1,1,1	0,5,4,2,2,0,6,2,4,1	3,4,1,1,0,2,2,4,2,0	230	198
4330	0,0,0,0,1,0,0,0,1,1	6,7,7,3,3,0,3,6,3,4	0,0,0,0,0,0,0,0,0,1	2,8,1,12,4,8,4,1,2,13	129	146
4331	86,113,129,113,116,131,95,107,120,128	105,118,155,156,121,130,140,127,121,151	98,102,111,118,112,119,118,104,102,94	131,123,135,116,147,125,138,89,134,162	402	369
4332	171,185,218,207,168,205,130,149,184,185	340,391,388,402,392,368,336,372,415,433	215,163,173,158,201,185,201,141,193,199	369,364,359,398,462,433,416,400,485,426	164	258
4333	5653,6956,6357,6920,6015,5240,5081,5557,5461,6415	4383,5216,4901,5082,4591,4597,4197,4595,4523,5140	6346,6010,6357,6177,6676,6199,6770,5885,5821,5493	4872,4731,4926,4734,4920,4648,5236,4554,5042,5260	193	175
4334	42,43,38,41,60,34,38,32,47,47	132,117,143,133,107,74,103,122,122,107	54,39,29,43,55,44,40,36,32,28	125,141,142,126,152,103,128,118,77,71	207	233
4335	2,1,1,2,1,0,0,1,2,1	1,1,0,1,1,0,0,1,1,1	2,0,0,0,2,1,2,1,0,0	1,0,1,0,1,1,1,2,0,2	135	123
4336	1003,1120,1065,1163,1043,1073,934,991,1046,1214	728,767,807,772,751,859,722,826,795,916	1037,1095,1024,1101,1129,1093,1199,1099,1198,1187	680,707,764,748,779,705,889,765,916,996	239	201
4337	20,24,24,28,25,27,26,31,27,26	126,139,111,175,141,130,123,118,130,154	30,32,33,22,27,44,32,22,30,31	139,178,137,146,128,154,137,139,144,150	132	219
4338	125,187,175,178,137,94,122,131,107,154	44,55,68,66,58,28,43,46,52,73	142,171,143,150,167,157,206,139,131,83	58,57,53,57,76,75,51,52,48,46	296	155
4339	23,18,23,29,23,10,24,18,27,26	146,187,169,181,155,104,132,143,129,170	34,23,16,17,28,19,26,20,19,10	162,171,164,172,195,157,205,160,158,88	196	296
4340	73,68,62,88,47,86,76,71,75,84	219,180,236,217,208,290,205,262,224,252	68,68,81,78,74,60,74,68,73,75	234,237,205,204,236,245,265,237,328,308	165	257
4341	113,87,118,125,82,113,83,104,99,96	71,72,60,80,50,77,68,86,80,97	117,97,92,104,93,82,105,94,106,120	72,67,72,67,63,90,63,58,83,84	172	142
4342	79,90,95,99,93,49,56,64,71,66	45,54,33,47,44,35,20,53,37,30	70,85,78,79,115,78,107,70,61,39	53,34,40,47,47,33,54,44,21,25	244	234
4343	39,51,30,40,34,23,19,41,29,27	77,78,72,74,85,43,44,41,44,76	39,35,28,42,41,25,47,43,25,22	66,56,54,76,92,57,84,45,44,41	234	237
4344	67,70,62,65,77,39,41,33,42,64	81,88,74,95,111,59,56,71,76,71	62,54,47,67,84,52,78,41,39,39	109,75,67,79,93,97,112,89,68,61	237	230
4345	68,68,60,71,81,43,40,46,53,58	80,89,75,94,111,60,55,71,72,68	70,58,47,56,71,48,73,44,30,47	107,76,67,80,93,97,113,90,69,61	237	230
4346	77,63,64,52,43,63,44,63,66,52	7,13,13,8,6,17,14,12,12,22	65,63,71,31,44,51,57,52,55,65	4,12,13,11,9,7,12,7,19,14	150	112
4348	122,132,145,173,137,132,121,156,121,133	113,125,161,135,128,114,127,117,126,135	170,131,109,123,178,148,170,128,164,132	138,130,99,100,142,83,122,115,137,132	196	164
4349	118,100,123,93,89,76,108,110,108,121	80,73,74,76,79,81,78,78,79,96	107,88,107,123,127,104,120,133,135,128	86,61,93,82,73,86,97,87,100,92	184	124
4350	54,53,56,49,50,47,49,50,53,51	80,72,75,75,78,79,76,78,79,96	50,48,45,66,53,46,57,57,60,63	86,61,93,81,73,87,97,85,101,91	184	124
4351	1,1,0,0,0,0,0,1,0,1	38,67,61,66,67,43,46,69,66,56	1,2,1,0,3,0,1,2,0,0	66,61,55,59,60,54,59,52,53,64	132	186
4352	200,240,224,214,240,156,203,195,197,264	107,114,129,115,137,100,101,127,118,120	230,194,189,210,266,251,286,210,250,154	102,109,136,152,171,119,170,116,133,103	185	168
4353	41,28,29,43,37,31,29,41,33,33	41,48,52,52,38,51,32,36,42,44	28,38,24,39,43,36,38,31,25,22	41,45,51,40,52,43,42,30,33,34	174	204
4354	292,352,406,374,322,166,231,240,266,288	204,182,195,208,163,90,121,128,130,136	347,262,262,283,309,324,374,293,234,136	190,161,134,146,190,176,201,137,91,57	170	150
4355	272,306,303,335,284,133,199,234,266,272	320,402,392,402,354,170,250,274,282,281	315,236,215,229,304,296,322,214,202,141	369,292,254,298,398,346,405,295,212,132	171	170
4356	172,179,181,173,168,65,126,140,140,119	292,342,395,364,326,171,219,256,271,309	199,112,121,113,154,188,171,129,117,80	354,252,268,274,286,323,391,283,230,141	190	171
4357	140,140,155,164,143,55,97,113,116,96	292,343,396,364,326,171,218,256,271,309	173,95,122,105,123,162,124,118,78,73	355,252,268,273,286,324,391,283,231,141	190	171
4358	19,26,25,11,21,21,15,24,21,10	80,67,63,78,63,69,55,67,58,88	17,16,29,24,24,21,26,23,26,34	68,53,71,47,73,63,75,53,78,75	132	157
4359	0,4,3,1,1,2,0,4,4,2	12,13,24,20,10,8,14,10,13,15	3,0,2,2,2,5,3,4,2,1	12,12,14,23,17,22,12,16,14,8	124	219
4360	194,255,220,268,220,132,166,188,174,178	225,226,223,240,203,125,137,206,210,180	240,207,222,177,255,238,237,167,140,96	207,214,213,202,235,211,241,179,156,108	204	204
4361	40,51,44,56,36,22,32,43,26,37	233,230,232,251,211,129,142,210,214,189	44,46,35,37,39,45,56,37,27,19	219,225,218,209,249,216,249,194,158,111	105	204
4362	119,130,135,131,128,71,82,117,124,97	140,180,163,174,153,98,95,124,133,140	117,137,136,133,149,124,143,119,92,66	135,138,146,128,187,166,193,136,99,81	204	189
4363	252,307,278,295,306,167,170,245,237,232	140,179,163,174,153,98,95,124,133,141	247,278,269,261,299,292,313,235,210,146	135,138,146,127,187,166,193,136,99,81	204	189
4364	236,260,264,287,260,144,176,190,186,249	278,333,344,307,315,147,226,213,223,290	236,216,226,227,267,220,265,203,181,117	266,288,243,245,303,304,295,229,173,125	254	211
4365	459,475,531,526,490,231,338,345,361,450	278,332,344,307,315,147,226,213,223,290	464,421,446,444,537,440,468,388,297,230	266,288,243,245,303,304,295,230,174,125	254	211
4366	3,4,4,6,6,1,2,7,5,3	655,741,766,766,747,340,516,507,548,656	8,1,7,0,1,7,6,4,1,1	684,623,632,650,800,654,711,565,460,351	158	254
4367	187,192,225,221,171,229,200,228,211,201	587,693,744,765,590,757,613,652,641,778	171,207,173,213,239,229,300,227,273,287	617,706,690,782,700,686,776,749,799,904	194	192
4368	186,190,225,220,171,229,200,228,211,205	1083,1309,1308,1352,1101,1499,1174,1166,1196,1373	171,207,174,214,239,230,299,227,275,287	1149,1263,1184,1405,1193,1188,1459,1318,1480,1700	194	271
4369	1031,1257,1260,1298,1034,1462,1117,1167,1176,1278	477,561,569,580,507,689,459,547,505,570	1085,1186,1080,1372,1193,1180,1424,1270,1471,1582	469,556,511,594,590,572,650,528,693,745	271	158
4370	490,567,545,598,508,639,485,479,488,603	353,391,397,422,417,487,386,406,408,452	509,577,558,586,510,533,599,535,598,784	326,404,380,476,392,353,455,409,498,487	158	134
4371	358,420,438,442,376,524,332,405,387,418	326,368,402,426,364,513,366,443,386,444	352,424,384,441,443,401,498,397,528,553	341,434,392,459,389,404,417,458,476,607	134	224
4372	358,420,437,442,377,524,332,405,387,418	1253,1601,1520,1606,1241,1726,1314,1404,1470,1437	352,424,384,441,443,401,498,397,528,550	1327,1523,1273,1641,1588,1503,1647,1455,1527,1974	134	1691
4373	85,78,97,88,75,88,73,94,94,100	155,170,163,174,139,160,133,135,143,158	99,76,84,103,78,87,96,69,118,109	153,153,124,157,151,140,164,132,175,176	144	145
4374	14,10,11,15,16,9,7,11,18,22	18,25,16,17,14,11,22,24,22,19	21,10,10,16,15,13,19,10,17,9	24,20,11,26,23,23,30,11,10,17	136	191
4375	32,37,19,45,24,33,27,29,26,28	97,127,98,136,94,112,86,119,79,123	28,29,23,25,41,25,33,26,21,24	111,123,102,117,135,100,137,114,114,91	144	213
4376	266,272,311,335,278,266,251,260,264,296	120,158,172,164,127,124,129,146,128,145	335,270,235,304,330,287,347,267,289,259	146,154,148,160,171,178,170,141,136,114	279	198
4377	31,37,46,42,41,19,26,22,19,12	19,27,29,29,28,9,22,23,14,31	22,28,18,36,29,36,31,19,29,14	29,21,18,20,38,28,28,26,16,11	176	153
4378	22,27,25,27,29,6,23,24,31,36	44,45,35,50,40,22,27,23,23,33	28,22,26,28,35,32,35,27,17,17	27,29,30,42,41,52,55,25,26,14	205	176
4379	3,1,0,4,0,2,0,0,0,0	60,121,72,83,58,71,66,93,60,58	1,1,1,1,3,0,3,4,2,0	94,83,71,98,69,64,88,167,99,113	119	2496
4380	53,33,57,58,48,38,38,38,42,48	37,44,24,42,50,30,17,29,27,38	46,39,34,43,45,50,50,42,40,29	29,28,36,28,27,29,36,33,25,17	264	207
4381	25,23,24,14,19,12,19,9,18,19	12,12,16,15,14,8,7,11,15,18	12,16,16,14,18,17,16,7,20,9	26,9,13,18,9,7,15,15,13,9	177	166
4382	1,2,1,2,2,0,0,3,2,0	17,10,13,25,15,17,10,21,25,20	2,1,4,1,1,1,0,1,0,3	25,14,15,12,25,19,11,12,22,14	166	195
4383	8,11,10,14,8,10,8,10,12,11	17,10,13,25,15,17,10,21,25,20	11,11,12,17,7,10,13,7,11,5	24,14,15,12,25,19,12,12,22,14	166	195
4384	45,43,33,34,23,37,16,33,27,32	90,110,113,122,97,72,71,89,81,121	33,21,28,44,43,27,33,37,44,21	109,102,91,92,107,78,112,109,105,88	156	344
4385	0,0,0,0,1,0,0,2,1,0	2,5,1,2,0,2,5,3,1,4	0,0,0,0,1,0,0,0,0,0	3,2,6,1,7,0,1,1,4,3	99	114
4386	122,174,120,141,86,68,91,67,92,64	208,207,218,227,173,137,161,189,185,189	110,107,63,108,151,97,108,77,81,63	192,193,186,209,238,202,254,212,213,167	204	245
4387	124,174,120,140,86,68,92,67,90,63	87,79,77,91,99,63,78,66,98,74	110,107,64,105,150,97,108,77,81,63	71,71,73,90,93,77,118,73,87,74	204	151
4388	554,591,531,556,529,539,498,525,543,586	20,35,37,26,38,41,33,43,39,41	540,538,522,571,514,539,557,496,610,560	27,44,39,35,46,41,37,31,53,45	642	171
4389	22,24,28,21,17,27,14,31,24,23	572,600,554,590,529,543,514,549,550,613	20,24,24,28,22,28,18,20,29,18	560,564,550,576,543,563,570,526,621,573	123	642
4390	154,211,194,194,146,181,168,188,186,208	44,38,39,61,32,47,46,40,44,43	182,198,156,205,197,181,207,167,215,224	37,54,37,44,49,37,52,41,38,52	375	168
4391	54,32,38,52,49,45,39,48,39,40	66,92,64,70,60,58,61,71,59,89	35,36,32,40,43,36,53,53,56,61	72,80,71,75,72,69,84,59,69,74	168	182
4392	154,187,130,180,166,99,99,145,111,118	12,8,17,17,3,16,15,16,11,16	154,149,119,173,153,157,208,133,115,84	7,20,11,13,14,11,10,17,7,8	204	135
4393	53,21,35,35,54,9,23,35,32,24	12,10,9,11,12,12,6,9,10,4	46,22,17,30,57,34,46,31,21,10	18,13,17,12,17,13,11,6,5,4	219	133
4394	53,21,35,35,54,9,23,35,32,24	10,12,13,6,19,16,7,9,8,12	46,22,17,30,57,34,46,31,21,10	24,16,10,12,15,14,13,11,11,4	219	131
4395	66,70,70,81,74,61,46,55,64,64	59,81,47,55,58,53,48,57,50,66	69,83,55,67,73,83,92,64,79,36	50,51,46,54,52,56,72,46,46,37	241	171
4396	191,207,173,209,178,89,129,131,143,127	47,41,45,54,46,35,31,32,45,36	188,152,127,165,225,173,182,121,102,70	52,38,29,35,47,43,54,32,30,16	693	108
4397	61,52,59,61,56,26,34,41,44,29	36,54,47,35,46,12,39,28,26,14	54,39,41,45,62,53,68,41,38,17	40,35,25,32,61,22,32,18,19,11	192	156
4398	30,59,52,56,42,46,67,57,41,59	69,75,95,75,88,91,74,72,67,99	50,64,79,59,57,53,47,52,53,74	90,92,71,67,87,71,90,68,86,103	156	153
4399	190,173,220,258,207,220,203,176,193,233	68,75,95,75,88,91,74,71,66,99	200,198,194,207,223,215,233,206,254,235	90,92,71,66,88,71,90,67,86,100	165	153
4400	34,32,42,67,45,30,50,46,33,43	206,239,209,237,214,180,188,174,152,228	42,29,32,34,36,40,42,58,47,38	241,217,208,227,270,223,215,212,238,191	126	182
4401	109,94,94,99,86,70,83,76,94,104	48,32,45,43,35,44,32,38,38,47	111,91,91,91,122,107,101,84,84,72	43,48,37,35,42,60,48,62,45,33	172	126
4402	68,64,69,74,65,46,56,46,70,73	231,257,273,312,259,195,240,207,218,224	79,62,59,56,87,91,87,80,73,41	277,252,243,230,292,261,312,255,256,222	154	308
4403	436,386,467,457,377,398,350,435,389,435	463,430,458,515,411,472,381,379,407,458	391,437,430,400,425,399,477,448,483,476	434,429,414,418,458,441,436,393,482,413	195	178
4404	471,513,591,549,522,473,421,435,452,509	693,854,782,917,804,727,761,769,691,797	575,427,445,528,513,494,520,457,476,437	796,723,708,812,812,703,891,816,837,690	210	234
4405	1899,2161,2000,2034,1886,1717,1664,1825,1920,1991	887,965,919,958,908,918,810,927,904,958	2095,1907,1974,1842,2047,1912,2200,1751,1946,1741	1009,891,972,910,1012,991,1057,843,929,945	302	198
4406	87,89,99,94,87,111,89,100,71,107	105,123,99,126,119,166,130,159,96,154	90,113,88,102,78,83,84,71,106,128	134,134,115,123,110,136,153,135,157,178	135	165
4407	192,301,244,265,239,232,174,234,211,261	86,114,90,114,100,102,92,93,88,100	268,229,213,238,227,236,257,264,280,271	99,93,101,102,75,105,107,95,121,115	234	135
4408	75,92,91,96,86,88,90,101,83,87	220,264,239,253,218,271,194,235,224,276	86,107,78,71,77,87,110,81,102,97	246,260,221,229,224,230,237,208,270,290	156	234
4409	126,122,110,115,86,101,78,106,113,111	112,114,124,109,108,89,107,147,116,143	131,114,104,120,112,124,128,131,109,108	127,105,122,102,115,99,122,97,129,117	180	177
4410	55,83,70,66,45,42,66,56,88,91	143,132,168,166,135,131,136,120,146,135	70,48,60,84,101,85,91,75,68,58	145,148,125,139,152,160,163,138,131,155	210	183
4411	418,463,446,396,313,334,334,354,359,401	438,480,504,422,411,425,369,453,445,448	420,310,308,433,410,360,428,363,391,374	453,390,396,450,448,428,448,423,494,485	178	142
4412	409,488,456,420,373,478,366,437,407,468	187,202,159,195,192,195,144,172,183,235	469,396,348,504,448,424,462,457,527,516	176,156,159,238,205,171,177,226,254,213	171	115
4413	409,488,456,420,373,478,366,437,407,468	49,64,53,47,41,57,42,55,59,46	469,396,348,504,448,424,462,457,527,516	57,56,46,70,44,52,61,37,70,56	171	130
4414	89,144,113,143,117,153,148,114,131,158	542,618,566,602,528,683,582,598,586,618	122,137,137,138,123,141,162,150,165,190	590,592,535,669,639,547,660,574,741,886	111	183
4415	99,105,126,81,85,38,55,75,63,93	120,135,163,130,163,56,91,107,72,122	120,62,95,89,117,127,121,88,62,40	144,124,117,112,187,164,165,84,61,47	153	144
4416	129,136,183,159,98,90,152,131,139,170	302,389,357,374,303,326,311,289,322,362	185,158,152,153,215,222,175,163,153,153	345,286,362,316,380,357,379,288,318,326	199	187
4417	275,322,309,339,286,267,271,272,315,305	1239,1440,1436,1458,1321,1351,1255,1272,1236,1436	298,234,310,282,360,312,318,260,300,267	1400,1352,1336,1312,1554,1383,1490,1316,1397,1151	187	419
4418	1109,1350,1330,1386,1169,1210,1116,1170,1137,1320	432,531,525,536,468,500,439,474,453,519	1312,1221,1237,1199,1402,1311,1408,1184,1263,1089	544,468,487,469,535,512,496,435,539,506	419	262
4419	587,657,697,663,664,670,626,597,587,683	421,500,500,522,452,538,532,431,444,503	659,637,654,603,728,658,661,618,715,615	551,428,469,507,546,495,533,436,511,490	262	234
4420	17,19,15,14,16,22,9,8,14,9	14,12,11,8,9,10,9,4,9,9	11,9,10,23,12,13,14,8,15,15	15,10,10,8,13,5,6,11,7,9	237	187
4422	10,16,9,17,14,13,12,8,5,9	20,23,22,25,25,15,10,17,23,19	19,14,8,14,14,7,19,7,14,5	21,18,25,25,29,20,30,26,23,9	132	87
4425	60,51,50,52,47,80,59,55,56,62	42,57,51,58,57,79,50,68,57,84	76,68,57,57,62,45,67,72,73,59	78,47,54,81,79,70,86,47,80,76	150	147
4426	35,53,39,39,33,21,37,44,38,40	29,26,34,31,21,26,25,31,30,33	43,30,32,39,44,41,39,47,28,21	23,21,33,38,25,16,26,26,28,30	154	152
4427	10,16,6,14,6,5,9,9,7,10	7,10,9,11,5,4,8,7,11,15	10,17,0,17,14,13,9,9,11,6	9,15,13,12,15,11,12,3,20,9	246	269
4428	17,12,15,14,11,20,19,10,16,13	20,10,5,19,16,15,20,9,15,18	23,21,30,24,27,18,19,18,25,24	14,11,22,15,14,10,13,13,16,7	171	192
4429	57,81,64,72,69,71,60,93,80,72	33,37,39,60,35,50,36,45,64,44	99,81,72,62,85,73,79,68,66,99	49,41,54,34,34,48,71,35,53,57	225	171
4430	4,2,2,1,2,7,5,6,4,7	0,0,0,0,0,0,0,0,0,1	2,3,3,8,3,2,4,8,3,2	0,0,0,0,0,0,1,0,0,0	163	239
4431	732,812,910,870,762,455,607,597,682,693	882,914,952,1052,939,701,716,727,753,832	789,703,687,695,866,780,830,686,610,417	955,806,875,875,1000,879,1012,817,771,556	228	213
4432	7,6,10,6,8,14,11,7,9,8	37,52,39,49,40,37,47,40,29,51	11,14,8,9,12,12,10,10,9,16	47,36,30,49,31,31,47,54,69,58	98	132
4433	1,4,3,6,1,5,1,1,5,7	1,2,3,2,4,1,0,0,0,2	6,5,4,4,4,7,8,7,5,4	0,3,0,0,3,1,1,0,0,0	162	207
4434	4,4,7,3,1,6,2,2,6,4	5,2,3,2,2,5,4,11,4,5	2,2,1,2,7,2,5,7,10,9	3,2,1,3,6,6,5,3,7,2	222	98
4435	13,19,19,12,9,8,12,12,16,13	5,2,3,2,2,5,4,11,4,5	19,18,13,13,21,18,22,19,27,18	3,2,1,3,6,6,5,3,7,2	155	98
4436	1,4,3,6,1,5,1,1,5,7	5,2,3,2,2,5,4,11,4,5	6,5,4,4,4,7,8,7,5,4	3,2,1,3,6,6,5,3,7,2	162	98
4437	123,131,110,156,154,117,84,125,116,140	191,236,212,257,228,201,188,205,225,236	125,140,144,125,159,151,166,146,137,127	216,248,223,236,231,242,248,224,279,233	198	252
4438	8,18,13,8,8,12,8,6,6,9	17,18,17,8,13,6,12,11,12,16	15,10,6,14,7,3,14,4,12,13	11,11,11,15,13,11,12,10,13,18	189	182
4439	99,120,139,123,118,110,138,93,120,148	55,70,59,64,75,67,64,44,58,73	87,115,113,118,104,123,144,106,134,139	56,64,42,52,44,64,70,41,64,53	166	150
4440	59,87,89,77,76,62,65,73,74,85	96,95,93,88,73,68,69,82,68,92	66,73,67,73,100,81,84,72,97,104	82,91,74,85,88,100,108,90,93,104	150	214
4441	7,1,9,4,4,2,2,7,8,11	9,13,10,7,13,10,7,15,8,17	5,3,4,6,11,4,4,1,4,6	15,10,6,8,18,8,7,3,11,11	170	257
4442	1521,1538,1705,1682,1142,1225,1313,1456,1588,1648	658,598,682,638,595,561,540,565,514,665	1656,1466,1506,1512,1785,1644,1737,1511,1615,1441	639,605,582,585,622,606,701,586,659,586	360	176
4445	57,88,73,73,62,49,52,58,66,66	30,35,34,37,22,19,39,26,25,34	89,62,52,63,67,59,89,77,92,69	37,20,32,33,35,45,34,27,18,26	203	210
4446	51,63,48,49,30,30,40,24,47,44	28,39,33,25,38,33,23,27,34,40	43,31,37,49,47,51,43,38,24,20	47,43,31,37,41,47,50,49,45,36	210	163
4447	207,228,232,260,284,231,208,192,210,309	96,146,112,134,139,117,102,104,106,164	240,206,240,217,234,222,222,224,282,245	116,114,92,131,150,138,124,138,184,165	276	189
4449	40,65,78,60,63,55,58,52,52,44	39,69,51,52,31,43,45,41,49,50	66,55,49,61,63,55,73,45,60,48	46,44,40,43,35,44,59,52,62,41	176	173
4450	49,39,42,50,28,53,30,27,37,46	51,79,59,58,52,47,50,43,46,43	44,40,30,42,48,29,42,35,44,31	59,58,54,67,64,74,59,47,60,42	185	176
4451	61,83,79,79,71,90,68,104,86,95	15,23,24,34,25,39,22,33,33,25	74,75,68,76,77,68,89,100,95,99	27,27,38,31,20,26,30,31,39,46	142	127
4452	60,83,51,43,47,72,41,62,47,52	42,72,47,53,62,48,40,42,69,61	61,49,31,37,38,54,59,68,79,67	58,56,40,40,57,62,77,63,79,76	150	125
4453	39,26,14,20,25,6,16,15,20,20	13,25,27,21,25,7,12,17,19,13	32,24,14,12,27,21,32,9,13,7	23,21,21,15,28,23,24,16,9,8	220	185
4454	49,55,69,61,56,45,50,76,68,79	117,96,119,112,120,79,86,88,108,109	65,53,53,50,71,70,96,73,84,77	119,107,93,101,126,83,137,100,114,95	135	198
4455	12,10,12,16,20,12,10,14,12,8	55,74,75,73,80,64,69,78,77,100	13,11,15,5,10,8,10,9,17,11	82,72,66,65,88,84,78,72,86,72	138	135
4456	1,1,4,2,0,3,2,4,2,2	48,66,74,62,72,57,60,69,68,88	3,1,2,3,2,2,1,4,1,3	73,65,61,62,79,76,72,69,75,68	138	135
4457	22,15,28,19,21,11,10,15,14,20	48,66,74,62,72,57,60,69,68,88	17,16,12,15,26,18,12,5,21,10	73,65,61,62,79,76,72,69,75,68	126	135
4458	6,7,6,2,8,3,3,6,0,4	70,86,84,79,90,78,80,101,83,115	4,5,7,1,6,4,13,3,6,4	104,95,82,82,112,97,100,89,94,89	138	135
4459	22,15,28,19,21,11,10,15,14,20	1,1,4,2,0,3,2,4,2,2	17,16,12,15,26,18,12,5,21,10	3,1,2,3,2,2,1,4,1,3	126	138
4460	30,26,33,33,28,19,18,22,25,31	22,23,39,36,21,30,13,25,22,33	25,24,17,20,36,25,19,14,32,16	21,24,28,24,32,31,27,24,24,23	126	138
4461	19,21,27,24,24,22,18,19,13,24	15,12,18,21,25,14,8,19,13,7	19,13,18,24,13,25,25,18,21,13	17,13,16,9,12,8,18,12,23,10	126	126
4462	65,84,85,86,107,50,72,67,75,101	93,114,113,133,130,83,84,111,111,97	81,83,83,77,92,87,89,95,83,58	118,115,116,117,102,118,112,124,109,88	147	216
4463	78,82,99,72,80,65,57,83,92,83	91,110,113,106,99,83,84,99,92,108	75,71,85,75,96,91,102,88,83,66	112,86,71,89,115,89,108,98,78,64	171	147
4464	15,14,24,16,22,8,8,15,15,17	326,364,375,376,398,226,281,368,314,336	21,21,12,18,34,11,28,15,14,11	373,277,291,323,390,358,392,309,303,212	158	2039
4465	12,16,16,21,15,16,8,9,10,22	18,10,21,18,17,6,11,9,12,9	10,21,12,20,15,13,16,13,17,9	17,13,13,13,13,8,15,9,6,4	201	187
4466	0,0,0,0,0,0,0,0,1,0	1,0,2,0,0,0,0,1,1,0	0,0,0,0,0,1,0,0,0,1	0,0,0,0,0,0,0,1,1,0	137	335
4467	45,48,48,51,48,57,38,45,61,48	148,138,137,158,137,129,139,124,151,170	39,52,54,59,67,56,58,39,45,51	162,160,134,155,131,118,188,176,182,184	177	249
4468	31,21,35,34,17,19,20,14,21,26	185,160,170,168,153,142,122,133,141,157	21,29,12,18,26,20,27,24,28,20	187,148,152,152,174,186,169,180,171,176	191	178
4469	91,96,110,115,98,98,72,94,92,99	133,115,130,146,115,123,119,142,111,155	127,98,96,102,111,129,114,118,116,114	171,120,130,118,175,150,151,103,127,128	178	173
4470	47,42,43,68,58,29,32,46,34,49	133,115,130,145,115,123,119,142,112,153	57,48,46,56,57,46,44,48,47,51	169,120,130,118,175,149,152,101,127,128	178	173
4471	134,107,114,97,100,93,97,84,93,116	254,239,230,265,239,252,220,226,257,259	114,86,103,84,127,109,102,104,97,107	229,241,208,267,294,252,260,267,326,269	173	254
4473	6,12,3,8,7,3,3,8,3,4	5,3,9,8,0,3,9,2,3,2	2,5,5,6,2,5,4,7,1,10	5,6,2,3,7,5,8,5,8,6	152	222
4474	226,259,222,263,243,188,191,190,193,243	144,140,143,153,125,111,135,126,167,170	278,187,234,258,284,216,223,185,226,167	155,121,136,113,139,161,156,121,147,125	259	183
4475	14,5,10,9,4,1,8,11,6,2	0,0,0,1,1,1,2,0,2,0	7,5,6,8,13,14,6,8,8,10	2,2,0,0,1,0,0,0,1,1	290	153
4476	12,5,10,9,4,1,8,11,6,2	1,3,6,10,4,3,5,3,3,4	8,5,6,8,13,14,6,8,8,10	4,6,4,6,5,5,12,1,9,1	290	279
4477	2,1,0,6,2,2,1,1,3,6	1,2,5,2,4,2,1,0,1,3	3,0,2,4,4,1,2,2,2,0	2,2,2,1,3,3,0,1,3,2	93	189
4478	154,173,199,177,169,183,144,167,178,216	374,358,359,376,308,314,281,317,333,359	184,161,177,190,223,157,212,164,187,179	363,350,366,356,410,324,411,323,335,301	155	201
4479	13,9,20,26,22,14,20,21,18,32	18,7,36,22,30,26,18,26,32,19	20,23,30,13,27,16,21,13,32,11	30,39,26,18,26,28,27,26,30,22	232	213
4480	14,8,33,12,12,14,9,16,13,15	18,7,27,27,28,18,16,11,20,27	8,28,15,4,13,13,12,13,15,14	19,19,23,13,25,22,22,13,28,15	190	232
4481	6,2,2,4,12,10,3,5,7,6	17,8,30,21,21,17,21,23,18,25	4,7,2,2,13,3,11,6,7,3	17,31,28,7,21,19,20,15,31,14	148	190
4482	44,53,64,59,62,58,53,57,59,44	120,110,120,131,102,130,88,97,131,147	72,52,75,54,65,57,57,58,55,60	126,125,142,128,148,115,144,111,172,154	144	252
4483	308,370,358,401,368,309,313,325,311,400	110,103,124,141,127,98,95,116,112,115	327,324,319,343,376,348,373,349,371,250	112,107,97,89,144,116,130,130,119,89	223	137
4484	15,39,31,30,21,19,24,32,32,34	15,18,20,20,22,17,29,15,19,19	23,20,29,18,29,28,31,20,32,26	29,18,21,10,12,19,19,19,19,33	182	135
4485	2,6,3,7,3,3,4,2,6,1	23,33,46,26,24,19,28,34,29,23	4,4,1,6,6,1,9,4,5,1	26,31,17,21,37,25,34,14,17,18	163	270
4486	13,26,22,23,19,19,12,28,20,19	27,25,28,46,31,29,19,34,26,24	28,18,16,25,25,16,35,19,17,5	28,23,21,24,29,33,32,16,26,21	182	228
4487	17,22,15,13,25,16,9,12,16,12	27,25,29,46,31,29,18,34,26,24	18,20,19,18,21,24,17,17,17,5	28,23,21,24,29,33,32,16,26,21	182	228
4488	135,189,153,132,142,153,120,136,130,146	236,346,263,321,263,315,244,261,290,339	134,127,116,165,134,168,170,143,187,175	301,268,275,391,321,305,367,287,371,345	162	213
4489	146,197,172,194,167,132,130,163,160,160	196,205,201,193,197,127,132,142,152,140	157,153,143,191,220,184,197,160,146,137	158,174,141,214,191,182,231,170,153,157	216	183
4490	146,198,162,191,166,107,128,138,152,138	88,115,107,131,106,81,63,95,73,90	169,151,118,183,173,140,214,149,133,110	100,94,88,114,108,112,156,92,78,76	242	163
4491	93,119,105,127,102,70,93,88,102,93	87,116,106,131,106,81,63,95,73,90	108,110,80,129,105,102,143,104,83,68	100,94,88,114,108,112,156,92,78,75	242	163
4492	137,167,170,181,136,112,89,132,125,115	161,204,187,206,175,114,143,141,157,151	141,156,112,167,196,164,189,154,110,95	174,180,131,222,189,182,246,159,152,110	302	242
4493	137,173,172,182,132,111,91,128,135,121	161,203,187,206,175,114,143,142,157,150	135,156,113,174,204,170,189,158,106,99	174,181,131,220,189,182,246,159,152,110	302	242
4494	138,171,162,180,129,111,94,131,131,114	162,203,187,206,175,116,142,141,157,150	132,151,106,166,198,165,193,156,108,100	175,182,131,221,190,182,248,159,152,110	302	242
4495	4,13,6,15,10,12,10,4,6,5	161,203,187,206,175,114,142,141,157,150	9,10,13,15,9,11,10,13,10,3	174,180,131,220,189,182,247,159,152,110	197	242
4496	13,14,8,13,14,9,15,11,13,7	161,203,187,206,175,114,142,141,157,150	16,11,16,15,32,24,24,16,8,13	175,180,131,220,189,182,248,159,152,110	172	242
4497	135,164,158,173,126,108,84,126,123,109	161,203,187,206,175,114,142,141,157,150	126,145,104,158,194,159,180,148,101,89	175,180,131,220,189,182,248,159,152,110	302	242
4498	16,21,14,28,20,22,14,21,25,23	224,297,252,267,223,169,153,205,219,182	25,16,10,27,22,20,15,17,22,22	218,219,166,245,309,223,300,242,186,146	387	302
4499	14,23,22,25,20,16,10,20,18,11	224,297,252,267,223,169,153,205,219,182	10,15,9,19,22,20,24,11,17,12	218,219,166,245,309,223,300,242,186,146	230	302
4500	8,7,1,1,0,0,3,6,1,2	224,297,252,267,223,169,153,205,219,182	6,7,2,5,6,1,6,2,3,1	218,219,166,245,309,223,300,242,186,146	179	302
4501	14,23,22,25,20,16,10,20,18,11	16,21,14,28,20,22,14,21,25,23	10,15,9,19,22,20,24,11,17,12	25,16,10,27,22,20,15,17,22,22	230	387
4502	8,7,1,1,0,0,3,6,1,2	16,21,14,28,20,22,14,21,25,23	6,7,2,5,6,1,6,2,3,1	25,16,10,27,22,20,15,17,22,22	179	387
4503	18,35,36,34,26,19,16,21,30,24	20,26,26,36,30,26,18,27,27,29	20,26,20,35,35,33,33,21,22,22	41,28,20,34,27,27,24,23,31,28	230	387
4504	8,7,1,1,0,0,3,6,1,2	14,23,22,25,20,16,10,20,18,11	6,7,2,5,6,1,6,2,3,1	10,15,9,19,22,20,24,11,17,12	179	230
4505	10,10,2,4,1,1,4,7,1,2	7,17,8,18,12,14,15,9,14,9	6,7,3,5,6,1,5,5,3,2	12,14,12,20,13,14,24,19,17,11	179	197
4506	10,13,9,5,10,8,5,8,10,8	10,4,8,14,10,9,5,12,15,8	10,12,10,10,14,8,15,8,6,7	13,14,6,3,7,9,12,4,8,3	138	189
4507	708,900,839,805,759,595,585,675,697,603	462,569,577,547,473,365,371,456,418,498	744,729,665,905,923,746,829,739,800,606	527,492,460,542,564,526,598,473,486,419	156	189
4508	75,60,55,62,53,50,39,70,54,56	6,8,10,17,9,14,12,14,11,8	53,53,42,63,78,57,63,54,54,47	19,14,16,7,11,19,11,12,12,12	301	187
4509	14,22,16,14,15,17,9,16,14,18	31,31,28,47,31,22,31,31,28,34	20,16,23,15,18,13,17,19,21,17	31,28,26,40,36,25,40,20,30,35	173	173
4510	9,8,5,6,1,2,2,9,7,4	10,22,17,13,14,5,16,9,13,6	4,8,11,5,4,3,10,11,9,1	18,11,6,10,21,9,13,5,12,1	157	139
4512	141,197,179,189,188,133,143,136,134,200	54,51,67,53,61,44,36,51,47,57	192,141,147,140,187,153,172,132,144,109	54,57,53,42,60,55,52,58,56,37	276	136
4513	39,46,59,59,32,31,33,32,40,43	124,173,155,166,151,109,133,123,110,165	49,43,27,39,73,49,44,47,37,28	147,113,135,121,161,137,156,120,129,99	156	276
4514	66,69,63,88,79,52,46,59,69,94	48,56,65,66,65,46,46,41,54,67	80,70,54,66,74,75,81,69,64,30	74,59,33,47,56,53,51,39,44,35	213	156
4515	2,0,0,1,0,0,1,4,0,0	155,198,160,184,133,161,140,161,137,152	0,0,1,1,1,1,0,4,0,1	153,152,167,172,167,174,173,155,161,185	81	81
4516	2,0,0,1,0,0,1,4,0,0	323,399,379,374,332,308,314,284,325,385	0,0,1,1,1,1,0,4,0,1	379,304,356,343,338,356,380,286,332,335	81	144
4517	155,198,160,184,133,161,140,161,137,152	323,399,379,374,332,308,314,284,325,385	153,152,167,172,167,174,173,155,161,185	379,304,356,343,338,356,380,286,332,335	81	144
4518	379,449,453,447,342,316,370,333,413,525	1003,1093,1087,1113,907,879,891,961,925,1107	456,371,423,444,515,501,491,460,484,500	1117,929,1093,1124,968,986,1131,964,986,1092	165	200
4519	19,25,17,19,18,5,14,15,25,13	18,35,30,25,30,14,21,10,27,16	19,18,19,20,28,28,26,30,20,10	26,33,24,24,40,29,45,21,21,17	191	195
4520	3,4,7,6,3,6,1,3,5,6	3,2,1,0,2,1,1,1,3,3	7,12,6,7,10,4,5,7,3,7	0,0,0,1,2,0,1,1,0,1	166	163
4521	15,22,15,16,25,21,20,13,15,25	31,22,23,28,17,19,22,18,28,33	24,18,23,19,25,19,25,11,26,13	21,27,33,15,22,30,29,25,22,29	257	304
4522	19,16,12,13,12,12,13,13,15,16	34,33,39,39,31,19,24,28,33,32	8,9,12,10,9,17,12,18,12,10	29,29,33,38,23,41,30,27,30,19	131	192
4523	10,8,7,9,7,3,6,9,4,7	9,15,18,10,17,9,9,11,17,16	3,3,6,6,5,10,8,10,6,4	8,11,10,13,7,14,9,9,8,9	131	192
4524	30,32,26,34,22,37,25,28,24,34	40,33,35,52,34,45,38,43,45,48	33,20,20,21,38,29,20,17,35,22	51,38,45,54,56,47,62,33,41,40	144	229
4525	6,15,13,16,10,7,12,19,10,11	62,74,73,86,68,46,32,67,55,73	16,21,16,9,15,16,19,14,11,5	99,71,68,87,66,73,71,70,51,29	166	217
4526	65,54,67,66,64,37,39,59,46,59	49,68,72,65,70,34,47,68,53,53	74,65,45,60,69,61,59,65,40,24	63,65,61,56,55,58,73,56,37,20	217	200
4527	135,121,121,130,102,73,77,109,102,126	531,591,622,602,566,397,422,470,483,576	123,118,101,98,137,109,139,101,111,85	557,490,523,523,656,581,587,475,488,397	164	260
4528	19,31,19,34,15,22,14,25,21,19	19,19,15,24,17,22,20,14,17,7	16,17,22,20,21,20,19,28,25,17	32,23,15,20,19,16,18,11,12,18	206	175
4529	14,27,16,29,14,18,11,19,17,16	23,20,18,25,18,22,18,15,19,7	13,17,20,16,18,20,19,21,16,18	32,24,15,21,20,17,16,11,14,19	206	175
4530	22,19,18,25,30,3,16,22,22,18	33,46,40,29,34,10,14,23,21,20	26,21,28,25,28,24,17,15,7,12	24,25,26,28,43,29,29,19,15,7	194	211
4531	45,61,53,61,47,14,39,31,31,40	50,51,55,56,37,13,25,28,36,22	46,44,35,40,55,49,56,25,25,20	32,34,44,35,54,39,54,16,15,10	241	280
4532	125,140,148,154,124,70,73,107,112,83	152,151,146,194,163,67,112,136,130,101	108,90,113,110,132,105,142,108,91,70	146,159,102,133,170,148,189,111,117,99	216	198
4533	46,58,46,57,56,32,31,23,40,51	2573,3093,3100,3120,2937,2150,2269,2419,2296,3014	50,28,46,53,48,47,53,40,51,27	2727,2523,2518,2517,3145,2717,3151,2549,2543,1850	155	193
4534	2787,3037,3085,3095,2901,1863,2142,2474,2307,2578	1962,2519,2495,2636,2442,1545,1706,1794,1850,2255	2917,2447,2677,2601,3139,2869,3219,2524,2255,1512	2177,1927,1905,2097,2567,2278,2429,2017,1843,1227	255	260
4535	769,992,855,920,893,542,621,691,766,782	1961,2516,2495,2636,2442,1544,1705,1794,1850,2255	903,798,712,757,979,871,881,789,697,460	2177,1927,1905,2098,2567,2278,2428,2016,1841,1227	141	260
4536	770,995,855,921,893,543,622,691,766,782	3447,3753,3735,3778,3628,2350,2579,3061,2939,3284	903,798,712,757,980,870,882,790,699,460	3618,3006,3366,3248,3981,3511,3906,3162,2876,1933	141	255
4537	606,639,695,649,599,341,395,497,536,486	3442,3750,3732,3776,3624,2345,2574,3059,2934,3279	617,554,499,547,665,567,606,508,440,283	3617,3004,3360,3246,3976,3507,3900,3158,2874,1930	176	255
4538	1527,1470,1648,1463,1396,845,1009,1184,1212,1198	3442,3750,3733,3776,3624,2345,2574,3059,2934,3279	1444,1219,1252,1296,1607,1371,1513,1179,1083,732	3617,3004,3360,3246,3976,3507,3900,3159,2875,1930	176	255
4539	631,686,756,676,628,367,419,532,559,523	711,765,814,792,729,469,530,668,592,616	644,585,533,575,693,609,654,534,462,307	746,658,653,674,743,702,848,654,534,386	176	141
4540	1532,1473,1651,1464,1400,850,1014,1187,1217,1203	711,769,817,793,735,469,533,670,598,618	1445,1221,1258,1297,1611,1376,1519,1183,1085,735	755,660,658,676,746,704,853,659,536,388	176	141
4541	0,0,1,1,2,1,0,0,0,0	0,1,0,0,0,0,0,0,0,0	1,0,1,0,0,0,1,0,2,0	0,0,0,0,0,0,0,0,0,0	167	167
4542	43,39,39,43,42,29,34,37,38,40	39,71,51,67,60,60,26,51,40,68	54,45,34,36,44,31,34,48,38,28	58,52,62,64,55,66,80,54,61,41	192	225
4543	3,1,6,10,2,2,2,4,1,4	8,4,11,7,9,12,10,8,11,4	6,3,1,5,4,1,5,4,0,4	10,3,12,6,15,12,15,8,3,2	144	180
4544	6,3,5,5,2,8,7,7,2,1	9,26,10,23,11,14,10,20,12,19	3,6,0,2,7,4,8,2,2,5	14,19,8,12,20,9,16,9,13,15	81	111
4545	71,85,89,95,86,49,65,73,79,73	6,6,6,11,7,10,6,2,4,8	96,62,66,84,100,85,79,65,67,55	4,2,3,5,9,7,7,7,5,3	143	119
4546	40,45,51,60,37,28,34,29,47,42	6,6,6,11,7,10,6,2,4,8	48,36,31,34,58,41,29,31,29,25	4,2,3,5,9,7,7,7,5,3	212	119
4547	1,1,0,0,0,1,0,0,0,1	6,6,6,11,7,10,6,2,4,8	1,0,0,0,0,0,0,1,3,0	4,2,3,5,9,7,7,7,5,3	109	119
4548	1,1,0,0,0,1,0,0,0,1	71,85,89,95,86,49,65,73,79,73	1,0,0,0,0,0,0,1,3,0	96,62,66,84,100,85,79,65,67,55	109	143
4549	1,1,0,0,0,1,0,0,0,1	40,45,51,60,37,28,34,29,47,42	1,0,0,0,0,0,0,1,3,0	48,36,31,34,58,41,29,31,29,25	109	212
4551	12,3,17,8,9,4,6,3,8,5	13,9,7,6,16,10,7,10,10,14	8,9,7,9,5,6,9,7,6,3	9,2,11,13,9,9,16,10,9,9	198	198
4552	8,6,14,6,11,6,2,8,13,3	17,18,6,16,9,5,6,11,14,10	8,10,5,4,7,7,5,4,5,8	15,16,9,10,17,11,11,17,10,9	223	239
4553	577,761,692,747,646,645,598,677,617,807	846,918,1038,1051,901,901,812,913,872,996	717,664,683,646,666,744,760,696,710,624	934,956,890,841,893,864,986,920,937,970	190	202
4554	16,27,40,21,24,12,29,19,26,33	35,46,57,54,49,32,30,45,43,54	18,23,28,19,40,17,32,22,29,15	69,36,48,38,49,36,39,44,34,36	218	243
4555	3,0,1,2,0,0,0,1,1,1	2,0,2,1,0,3,3,1,0,1	0,1,0,0,5,1,2,1,1,1	0,0,0,2,0,2,2,0,1,0	149	169
4556	62,35,47,43,44,34,30,48,36,48	41,44,49,37,39,24,33,39,31,29	47,44,31,35,44,41,39,39,40,28	38,28,33,43,42,41,28,29,27,24	174	169
4557	50,49,56,33,31,25,35,32,44,54	51,62,39,51,37,25,22,32,39,27	44,29,25,36,59,72,62,36,45,43	42,36,28,39,61,61,40,22,30,14	170	168
4558	0,0,0,1,0,0,0,0,0,0	80,98,64,71,56,33,46,48,67,55	1,0,0,0,0,0,0,0,0,0	73,63,46,63,102,83,65,39,46,26	164	168
4559	39,44,32,24,24,11,29,19,36,30	291,325,373,375,340,313,291,328,322,311	44,31,20,29,57,34,33,21,23,14	337,322,332,349,419,335,387,334,333,276	168	509
4560	9,8,7,4,5,3,5,4,8,2	284,318,371,372,336,304,283,325,317,306	13,5,2,5,16,12,8,4,7,2	332,319,330,343,411,330,382,331,327,273	168	509
4561	5,6,5,18,11,2,11,12,6,9	494,486,556,502,449,371,395,400,437,530	10,5,11,8,6,10,13,9,7,6	523,501,508,510,562,515,561,411,509,468	93	303
4562	370,455,487,508,448,346,330,353,369,413	429,410,458,416,350,306,339,331,368,438	453,432,454,439,497,466,481,442,417,431	436,425,430,414,471,436,460,341,419,391	256	303
4563	168,181,170,196,183,93,139,137,118,151	183,179,223,238,206,164,160,174,182,202	164,167,176,170,206,184,170,131,164,143	227,207,199,248,220,234,247,175,194,171	156	189
4564	282,341,350,349,321,236,280,272,306,313	452,554,559,543,512,390,377,435,444,512	355,310,287,289,353,341,345,329,271,230	537,499,485,502,569,543,571,502,436,317	288	249
4565	84,110,111,105,127,77,93,102,84,114	47,47,67,61,68,33,41,33,45,59	111,93,104,91,114,83,138,120,99,85	43,65,35,40,62,46,71,49,41,56	243	163
4566	25,45,43,33,30,27,30,33,34,38	76,92,79,103,94,46,59,78,73,71	50,32,43,31,30,40,43,59,45,43	98,75,101,116,91,98,87,70,75,80	237	306
4567	131,131,112,117,126,84,96,122,111,113	244,230,256,252,250,199,201,225,218,230	105,107,99,114,116,120,140,103,99,85	207,250,237,231,291,208,280,211,203,189	167	265
4568	141,149,197,189,180,90,107,122,88,158	81,106,94,92,92,42,53,58,78,54	169,133,132,138,177,178,183,131,105,62	99,52,79,81,87,82,82,66,72,44	207	213
4569	110,132,141,117,117,54,82,99,110,108	213,248,254,256,221,128,148,150,153,190	131,106,89,136,162,189,144,127,94,66	219,199,186,164,253,224,256,178,131,87	266	279
4570	0,0,0,0,0,1,0,0,0,0	0,0,1,1,1,0,0,0,0,1	0,0,0,0,0,0,0,0,0,0	0,1,2,0,2,2,0,0,1,0	143	195
4571	29,22,22,25,13,16,14,17,18,17	10,5,10,14,5,7,6,10,7,10	25,18,12,17,17,15,26,26,24,16	10,6,9,13,5,11,15,10,15,12	202	171
4572	10,20,19,11,7,4,9,8,21,14	19,14,23,20,19,6,15,14,21,14	21,7,20,14,27,30,22,14,12,13	23,23,17,14,14,16,23,10,13,8	100	161
4573	50,37,44,49,37,23,33,39,45,32	6,11,6,7,1,1,2,1,1,1	37,31,45,45,52,45,42,45,27,20	3,3,2,2,6,5,5,4,0,2	161	108
4574	64,57,59,67,44,28,39,50,64,39	6,12,6,7,1,1,1,1,1,1	57,48,57,56,71,66,78,62,38,33	3,3,2,2,6,5,5,4,0,2	161	108
4575	66,48,39,40,55,21,24,40,40,40	53,34,47,39,55,37,28,41,40,31	54,32,45,45,69,45,53,39,27,25	35,50,34,38,50,41,57,39,28,22	193	179
4576	45,41,39,45,36,26,34,38,41,45	49,40,59,51,39,35,32,41,40,49	35,29,36,38,48,36,44,32,33,26	45,24,41,39,57,32,47,32,25,32	222	223
4577	3,2,0,0,2,2,3,3,3,1	16,8,11,12,16,17,5,10,9,13	4,3,0,0,1,2,1,0,1,3	11,15,10,15,8,16,24,12,25,11	146	153
4579	3,1,2,2,1,3,0,4,0,3	8,11,3,8,8,14,8,8,2,3	4,1,2,3,0,4,3,2,3,2	9,12,12,9,11,10,15,10,19,7	153	130
4580	17,17,12,11,9,12,10,15,8,17	2,13,4,10,9,15,6,4,9,6	16,4,7,12,12,11,13,14,13,10	9,8,7,7,6,6,7,8,13,6	153	119
4582	2,1,4,4,3,3,3,4,4,2	8,11,3,8,8,15,8,8,2,5	3,5,3,1,5,7,10,2,8,1	10,12,12,9,11,10,15,10,19,7	119	130
4583	196,236,290,203,129,242,253,224,264,331	53,62,82,54,51,81,48,55,73,64	301,194,298,260,350,395,356,244,357,465	67,75,68,61,80,63,79,56,78,72	112	210
4584	920,1086,1262,827,378,708,1080,778,1455,1656	106,109,147,106,77,137,126,98,115,154	1165,766,1255,1276,1902,2159,1659,1211,1551,2151	139,92,129,133,147,163,154,125,168,193	291	112
4585	795,912,1101,729,346,605,937,654,1265,1399	4,17,11,14,15,11,8,16,8,15	992,644,1070,1111,1617,1867,1394,1056,1284,1791	16,13,17,17,12,16,19,13,22,15	291	112
4586	2301,2786,2735,2745,2671,2761,2288,2402,2460,2740	1696,1815,1980,2053,1882,1954,1764,1925,1722,2088	2578,2381,2471,2594,2886,2686,2951,2635,2964,2713	1932,1853,1889,1839,1943,1848,2068,1844,2174,2119	189	185
4587	70,51,76,61,79,70,52,54,56,82	2571,3035,3086,3056,2808,3091,2568,2699,2699,3178	65,69,61,84,64,67,73,68,75,69	2977,2713,2808,2953,3135,2930,3324,2827,3277,3090	87	189
4588	1734,2036,2177,2281,2060,2061,1772,1841,1669,2053	1583,1827,2019,2051,1758,1778,1429,1597,1680,2005	2025,1972,1910,1953,2123,2077,2326,1841,2185,1918	1964,1719,1845,1830,1963,1846,1919,1737,1849,1869	214	162
4589	588,648,655,693,618,501,506,561,574,662	2733,3288,3343,3475,3059,3095,2664,2851,2687,3200	696,532,478,590,668,578,622,595,627,531	3197,2955,2982,3064,3369,3140,3560,2877,3317,2993	214	214
4590	588,648,655,693,618,501,506,561,574,662	826,985,990,1064,978,972,842,875,813,952	696,532,478,590,668,578,622,595,627,531	958,910,834,877,1008,1010,1027,904,1011,866	214	127
4591	4687,5105,5385,5264,4832,3888,3690,4259,4212,4774	1412,1684,1765,1730,1587,1372,1310,1421,1487,1543	5090,4333,4434,4772,5503,4931,5392,4438,4749,3736	1712,1390,1409,1562,1773,1631,1797,1520,1578,1380	279	174
4592	555,593,567,661,620,535,509,527,526,689	488,580,617,614,537,552,470,578,519,600	555,601,524,575,685,552,641,577,604,516	565,587,548,565,611,533,635,519,630,536	238	204
4593	434,518,546,548,484,500,434,498,437,563	301,336,314,380,294,301,265,302,298,375	510,465,494,524,519,497,577,462,529,497	338,268,281,264,340,326,358,268,323,268	204	214
4594	2498,3106,2696,2847,2581,2264,2028,2318,2360,2470	744,911,841,817,739,676,609,695,783,763	2647,2467,2448,2808,2870,2623,2987,2636,2473,1962	774,683,762,823,818,777,827,696,742,692	411	189
4595	1348,1528,1550,1591,1282,1196,1184,1365,1259,1555	910,962,964,1022,948,822,828,860,855,1016	1511,1373,1358,1329,1531,1441,1541,1277,1397,1137	986,922,858,930,1040,938,1014,888,949,865	288	237
4596	466,470,567,560,505,332,374,424,449,422	330,343,343,344,302,239,273,296,301,309	526,435,473,493,562,493,568,436,443,355	354,304,274,310,324,314,350,279,263,197	156	151
4597	142,145,165,158,115,69,120,149,163,181	674,747,744,789,728,424,579,637,608,722	164,133,170,158,212,203,188,170,133,100	757,613,612,641,808,777,782,605,630,416	220	189
4598	1,0,3,1,2,0,4,0,1,1	59,70,78,52,84,26,30,45,36,47	1,1,1,0,1,6,1,2,0,0	65,46,41,30,58,63,85,45,36,27	97	459
4599	44,49,41,55,42,40,50,50,47,46	181,208,240,221,185,234,189,217,199,242	53,48,37,44,46,39,50,42,79,63	220,202,180,179,240,239,244,192,211,189	111	180
4600	64,63,86,74,74,60,66,70,63,82	94,93,87,90,113,97,102,91,89,114	61,62,58,53,80,73,85,46,69,47	92,98,87,92,96,104,94,68,64,66	161	174
4601	25,21,17,16,17,9,14,15,15,16	95,93,88,90,113,96,102,91,89,114	15,15,13,14,20,14,26,11,17,12	92,98,87,92,96,103,94,68,64,66	161	174
4602	69,73,71,76,59,53,32,63,57,72	78,80,82,66,81,49,68,60,59,83	59,79,58,66,82,70,70,39,60,35	60,60,63,66,80,54,91,52,59,58	142	161
4603	10,6,10,10,8,6,4,11,8,12	12,11,12,17,9,6,10,14,12,9	11,5,9,4,10,9,15,14,7,9	7,15,13,9,12,18,11,7,11,5	131	107
4604	143,130,149,180,151,121,120,112,129,151	3,2,2,2,5,0,1,0,5,4	153,106,141,136,164,131,153,122,119,104	2,7,2,0,1,1,0,3,1,3	249	153
4605	43,40,47,53,58,32,36,47,53,61	93,93,91,102,84,61,75,78,92,83	53,57,49,45,47,36,57,53,39,53	104,87,82,105,96,88,89,70,105,93	153	181
4606	3,5,5,9,6,3,9,8,1,1	151,179,186,187,180,188,162,182,175,172	10,6,10,3,3,8,8,9,5,9	187,170,157,177,187,158,193,150,188,208	241	168
4607	227,249,269,261,249,272,217,210,249,258	189,203,216,216,207,224,179,210,227,230	267,233,244,232,273,249,264,229,292,289	228,193,191,203,209,202,204,227,206,233	168	185
4608	4,10,5,8,3,13,12,5,10,10	1,0,5,3,3,8,2,1,0,7	3,3,8,20,18,8,6,17,9,31	0,5,1,8,6,3,2,13,10,11	339	270
4609	43,53,42,45,39,34,36,31,32,49	73,77,65,88,60,36,55,63,53,57	54,41,43,47,55,43,55,59,40,28	66,69,50,53,71,72,77,78,57,39	193	256
4610	3,2,3,7,4,8,5,2,5,9	13,15,9,25,12,17,9,13,15,21	4,3,3,3,3,4,3,0,5,2	18,13,13,17,24,18,16,11,11,27	192	318
4611	3,2,3,7,4,8,5,2,5,9	12,13,6,23,10,18,10,13,15,23	4,3,3,3,3,4,3,0,5,2	12,13,11,17,22,19,17,11,12,29	192	300
4612	196,214,180,192,180,75,134,150,170,157	31,23,28,31,31,15,20,23,20,26	195,171,159,154,207,205,230,158,111,83	35,24,28,19,29,39,47,30,10,11	171	170
4613	34,22,36,22,26,23,34,23,34,15	27,23,31,25,26,29,24,30,25,19	33,29,22,30,23,35,39,19,17,21	23,26,33,25,37,28,33,27,29,41	249	162
4614	3,3,3,3,1,3,5,2,5,3	0,0,0,1,0,0,0,0,0,0	3,6,2,2,2,0,3,1,1,2	1,0,0,1,1,1,0,0,0,1	178	171
4615	50,41,39,40,40,34,34,45,29,37	59,50,61,63,68,46,59,51,41,50	38,33,34,33,50,38,46,26,28,36	51,46,48,68,75,58,55,54,65,42	184	241
4616	57,69,52,62,69,31,43,43,53,36	98,129,95,108,98,62,85,99,99,95	66,44,58,48,57,62,64,47,45,32	122,87,89,86,101,117,122,94,98,59	340	347
4617	93,109,110,123,105,91,91,78,91,130	35,54,45,49,31,39,38,40,52,42	114,79,90,110,113,101,112,107,114,54	43,43,43,39,55,44,50,42,56,27	220	151
4618	9,10,12,4,7,5,7,10,4,3	4,1,4,3,7,4,3,6,4,7	5,12,7,13,7,2,7,7,5,8	3,4,3,6,7,9,3,6,10,6	169	214
4619	14,19,22,19,19,16,15,17,13,21	24,17,27,22,21,22,12,12,13,22	32,28,17,14,30,12,22,24,23,18	19,15,33,23,32,26,21,28,24,21	223	190
4620	69,56,60,75,77,34,63,73,70,82	42,48,59,48,42,28,36,31,40,41	54,67,68,79,68,81,63,60,69,58	41,55,39,50,44,34,49,26,57,39	198	131
4621	277,310,312,371,315,285,331,328,302,370	162,114,165,161,116,104,120,188,135,166	288,345,318,253,385,321,367,328,389,331	152,176,145,132,140,136,161,139,162,162	270	209
4622	50,48,33,40,42,27,47,38,39,30	88,74,120,112,98,44,69,69,72,68	55,37,38,38,69,44,55,28,28,20	108,77,94,69,113,97,96,78,73,25	166	202
4623	23,21,19,23,23,12,18,23,22,11	8,14,12,14,12,4,1,8,5,8	14,16,15,19,33,22,26,20,17,13	9,7,13,13,7,13,11,17,10,10	153	130
4624	40,61,55,62,70,32,39,29,51,46	28,24,35,35,34,18,26,19,24,23	64,47,47,48,50,58,56,51,49,42	22,21,27,28,28,25,27,25,20,16	229	153
4625	187,180,166,174,139,193,186,170,202,194	188,209,199,240,179,229,183,191,216,235	201,178,175,170,165,180,179,171,216,206	226,218,209,203,203,187,211,167,218,252	139	151
4626	170,159,174,161,136,183,155,154,167,162	108,112,160,143,133,144,129,111,148,137	185,159,160,153,166,176,171,153,210,179	146,136,141,149,129,145,140,128,142,131	127	139
4627	55,72,54,61,47,9,40,37,46,34	28,23,18,23,33,4,8,19,14,15	45,35,41,36,56,59,65,34,32,10	28,18,16,14,23,30,22,12,5,17	181	112
4628	14,19,18,18,16,6,10,10,8,11	129,124,125,149,119,53,48,82,77,82	15,11,14,12,13,18,24,13,6,8	138,98,95,123,112,119,120,95,51,40	112	213
4629	135,108,94,122,104,42,37,68,63,61	50,81,71,76,61,28,27,40,34,44	135,80,75,103,102,116,111,73,41,37	49,41,61,38,53,49,71,58,45,11	213	146
4630	23,23,29,14,15,9,15,20,26,23	584,599,591,595,499,253,372,395,413,481	26,16,13,20,36,33,35,14,13,11	632,458,490,526,605,519,610,494,417,230	120	367
4631	165,222,209,200,141,118,152,201,194,188	132,162,176,190,160,154,167,184,163,181	242,170,171,193,215,203,247,179,179,161	169,149,163,174,162,143,198,149,167,151	228	179
4632	166,222,209,199,142,118,152,199,193,187	213,204,181,192,201,175,161,204,179,217	241,168,171,192,214,203,248,178,179,159	190,183,209,218,197,215,243,186,202,197	228	156
4634	45,35,67,54,27,13,35,31,47,59	213,233,247,228,252,88,141,169,175,184	48,36,37,33,80,77,73,34,26,30	228,135,175,200,264,228,231,170,121,68	159	195
4635	61,78,89,92,83,95,82,93,105,107	172,230,222,257,222,252,214,187,210,261	90,94,96,90,93,96,108,82,85,128	252,232,199,264,240,196,239,253,261,253	156	238
4636	153,166,192,171,172,43,90,114,125,104	180,182,223,210,196,64,125,122,112,145	174,103,135,105,190,156,166,93,86,37	196,140,149,132,207,186,173,133,113,41	250	237
4637	91,96,82,77,66,18,45,50,49,56	26,27,21,25,21,5,13,21,20,21	73,50,48,53,79,76,93,44,27,15	20,15,20,16,32,19,24,13,11,6	313	160
4638	31,38,30,21,15,9,26,18,27,37	1,4,3,1,0,2,6,1,1,2	37,23,28,35,44,53,30,21,21,8	2,2,2,0,1,1,6,1,0,2	93	105
4639	22,35,35,14,14,15,25,11,22,22	53,48,40,35,55,26,37,47,46,34	25,20,23,33,51,38,26,23,14,16	61,38,49,53,51,47,57,37,34,25	105	147
4640	288,304,308,345,291,297,228,286,278,344	252,278,251,269,208,242,225,229,223,298	304,303,278,281,340,259,329,297,334,289	295,232,250,269,267,257,297,245,254,271	297	233
4641	1,3,0,6,5,2,4,5,2,1	5,1,3,1,4,2,0,5,2,5	0,0,3,3,3,2,2,1,1,4	1,0,1,1,3,1,4,1,2,1	223	203
4642	19,12,8,19,13,7,12,14,9,5	60,66,57,87,68,78,65,66,54,76	7,8,9,7,12,8,12,10,12,11	82,67,64,59,68,80,77,53,87,68	171	144
4643	26,39,35,51,36,44,36,44,39,44	27,28,28,33,33,36,19,26,31,30	48,40,37,36,43,29,51,34,31,31	23,39,13,36,38,22,33,36,31,35	202	155
4644	60,88,66,63,67,51,57,63,66,58	117,171,104,118,95,65,79,90,120,93	61,45,70,86,84,87,79,75,63,39	99,103,69,137,119,129,117,112,109,60	195	243
4645	354,341,360,314,255,97,227,232,286,232	582,686,682,674,674,241,381,479,474,444	338,242,289,324,394,337,393,267,181,121	704,500,520,568,692,659,665,484,400,203	170	207
4646	633,694,704,692,682,271,405,483,516,474	375,368,390,396,364,148,222,300,275,236	750,513,524,627,765,713,735,514,415,207	374,310,294,329,407,335,381,310,202,115	207	222
4647	545,561,563,555,539,393,391,462,450,440	202,222,212,188,189,147,164,169,156,114	611,456,509,545,597,532,620,516,480,327	183,147,168,171,212,182,207,157,144,122	195	180
4648	2243,2427,2509,2552,2069,2635,2407,2365,2548,2792	3292,3973,3739,4025,3631,4062,3514,3755,3548,4346	2519,2432,2626,2730,2751,2874,2973,2527,3067,3062	3788,3692,3949,4008,4032,4117,4388,3891,4435,4468	225	231
4649	2392,2561,2670,2693,2203,2765,2540,2546,2743,2920	3291,3970,3737,4022,3630,4055,3514,3753,3545,4345	2696,2573,2809,2882,2949,3051,3197,2708,3238,3302	3786,3690,3948,4006,4029,4116,4387,3890,4433,4466	225	231
4650	4716,5374,5119,5586,4823,5803,4868,5213,5018,6002	2052,2606,2463,2611,2285,2225,2083,2140,2141,2428	5267,5178,5453,5596,5576,5680,5916,5399,6282,6546	2442,2154,2411,2596,2754,2494,2700,2365,2276,1924	231	295
4651	2015,2653,2394,2598,2282,2176,2041,2085,2120,2359	595,729,696,695,687,625,553,644,639,710	2406,2084,2394,2485,2731,2483,2695,2266,2329,1854	732,616,648,737,717,706,759,667,710,627	295	182
4652	76,102,76,91,100,103,85,90,92,81	100,160,130,161,100,144,116,134,110,132	87,102,66,81,90,75,88,72,68,108	128,119,109,124,132,128,151,109,128,104	129	129
4653	36,58,44,52,44,57,49,36,60,70	22,27,31,21,27,33,20,33,23,33	47,53,39,23,46,48,38,45,57,62	23,25,27,17,21,28,30,35,44,37	173	224
4654	3,3,2,6,1,1,1,4,3,1	10,2,6,6,5,5,0,4,7,4	1,4,2,2,5,8,3,2,1,1	6,6,3,2,8,4,8,8,8,8	207	195
4655	890,1015,1086,1083,926,974,804,909,977,1044	91,122,116,134,112,98,85,109,128,139	991,1002,1015,916,988,1005,1146,1021,1070,1069	109,107,108,91,126,128,125,127,139,150	383	164
4656	253,244,279,318,244,210,208,249,248,255	91,122,116,134,112,98,85,109,128,140	283,253,279,241,258,264,286,268,279,261	108,107,108,91,126,127,125,127,139,150	136	164
4657	227,273,288,255,205,211,175,249,212,207	478,519,524,549,466,423,403,463,440,532	223,199,221,231,247,234,298,244,239,202	483,474,527,466,509,517,575,467,543,510	235	288
4658	411,424,388,411,372,284,281,324,340,375	426,422,475,501,418,347,346,371,388,456	364,364,335,362,396,419,421,376,371,321	440,444,413,401,443,463,473,423,449,413	211	235
4659	206,274,294,248,228,217,168,208,204,194	394,429,417,466,416,323,323,371,413,398	209,201,242,229,222,236,293,228,247,217	360,397,382,389,434,431,473,409,426,399	235	211
4660	69,69,73,71,79,55,46,56,73,47	228,274,288,254,206,212,175,249,213,207	68,78,69,70,80,78,71,72,74,55	223,199,222,232,247,235,298,243,239,202	206	235
4661	71,68,73,71,78,54,45,56,73,47	386,438,440,414,351,302,266,371,328,352	68,78,69,66,77,78,71,72,74,55	373,330,341,370,387,392,450,381,363,298	206	235
4662	38,51,48,46,53,29,31,30,47,41	43,38,54,55,56,54,37,36,36,47	50,41,26,41,41,39,41,36,46,28	44,44,51,50,60,40,44,44,41,54	138	190
4663	46,62,83,68,61,42,50,70,52,58	23,24,23,33,25,20,27,30,27,32	60,55,72,51,60,56,50,64,77,64	29,30,23,14,41,28,21,24,29,36	203	171
4664	78,96,93,113,94,70,81,91,80,89	106,149,153,183,152,109,125,142,127,153	105,94,84,102,102,99,115,79,95,96	169,151,143,141,196,154,184,121,156,159	152	218
4665	2,0,0,0,0,0,0,0,1,0	50,55,56,48,55,39,48,55,37,51	1,0,0,0,0,0,1,0,0,0	40,53,48,53,57,57,47,52,46,41	152	214
4666	5,4,7,7,6,7,6,8,6,5	0,1,3,1,2,3,0,0,0,0	15,13,4,3,4,6,7,1,6,5	0,0,0,1,1,0,4,1,1,1	239	161
4667	125,105,96,85,81,36,57,75,78,65	226,143,214,143,158,84,102,148,159,150	96,53,56,69,70,65,100,57,46,21	184,139,137,148,176,155,174,105,102,76	166	208
4668	224,158,191,184,184,76,126,163,156,168	224,188,206,173,150,75,123,134,144,151	166,138,129,146,173,196,198,130,85,70	176,119,136,155,143,158,197,99,115,63	208	210
4669	177,127,156,109,128,79,87,142,130,133	205,173,175,158,153,95,121,143,138,123	144,104,106,95,140,91,149,95,91,79	149,134,120,145,141,145,209,97,102,76	178	176
4670	217,167,219,167,174,111,109,181,162,153	294,254,289,228,239,188,176,269,220,259	186,144,166,185,151,162,208,144,138,77	249,213,228,178,260,250,292,165,173,166	176	246
4671	142,134,136,163,156,94,100,123,119,150	190,219,195,187,198,118,149,151,157,203	140,124,102,115,160,143,151,121,129,58	204,169,168,228,256,178,196,167,154,81	203	150
4672	139,139,144,128,134,60,72,92,110,99	292,306,299,309,315,135,175,239,231,218	148,105,71,99,160,135,131,94,111,39	297,219,220,289,319,256,292,227,234,113	201	240
4673	122,149,169,171,137,49,98,104,86,91	277,292,288,293,297,127,168,234,216,209	173,107,101,128,150,134,133,111,82,50	281,204,210,266,302,244,270,217,227,108	189	240
4674	58,61,88,73,53,24,45,34,43,43	277,292,288,293,297,127,168,234,216,209	76,51,43,63,79,65,64,53,36,13	281,204,210,266,302,244,270,217,227,108	192	240
4675	136,142,142,148,153,75,88,90,96,92	184,157,168,156,150,78,81,99,115,96	151,97,127,136,156,122,137,112,94,51	164,119,103,125,164,129,132,99,111,48	168	201
4676	123,149,171,171,138,49,98,104,86,91	183,154,168,156,149,78,81,102,114,97	174,107,104,128,150,134,133,111,82,50	164,118,102,125,165,130,130,99,111,48	189	201
4677	59,61,90,73,54,24,45,34,43,43	183,154,168,156,149,78,81,102,114,97	77,51,46,63,79,65,64,53,36,13	164,118,102,125,165,130,130,99,111,48	192	201
4678	123,152,169,171,137,49,98,104,87,91	118,119,128,111,109,45,56,89,84,80	173,108,102,129,150,134,135,111,82,50	123,84,72,97,135,115,104,90,90,32	189	168
4679	59,64,88,73,53,24,45,34,44,43	118,119,128,111,109,45,56,89,84,80	76,52,44,64,79,65,66,53,36,13	123,84,72,97,135,115,104,90,90,32	192	168
4680	307,375,369,369,339,192,219,291,264,290	539,600,684,690,627,345,424,519,475,510	368,264,307,309,354,351,427,246,213,143	635,474,546,540,655,548,642,466,475,232	264	344
4681	56,48,46,48,45,23,43,44,52,48	152,153,136,153,154,74,92,110,106,117	57,51,62,60,86,56,59,72,53,33	155,130,113,149,160,149,177,112,107,84	173	221
4682	44,34,33,27,32,13,31,34,41,38	85,80,56,74,63,51,63,77,69,82	39,28,35,39,31,51,41,30,30,19	84,71,61,70,78,65,94,64,72,52	135	183
4683	186,175,246,197,202,94,137,148,164,161	160,181,183,185,193,95,135,151,126,168	182,189,179,192,212,186,228,194,149,119	162,169,151,146,170,183,168,169,144,98	207	230
4684	31,44,30,27,30,30,27,21,34,43	18,39,31,27,32,23,22,32,35,32	32,25,25,30,33,28,30,24,33,34	41,29,20,25,37,18,33,37,33,35	254	254
4685	54,72,52,67,63,38,51,57,67,56	6,12,8,3,4,7,1,4,1,10	53,39,42,58,81,67,75,42,61,51	7,2,6,4,4,8,6,6,6,3	251	171
4686	32,21,27,30,22,14,24,16,16,14	10,8,7,4,7,3,8,1,4,3	25,15,20,29,20,14,22,8,18,17	6,0,3,4,13,7,8,2,3,1	163	129
4687	12,14,14,9,5,3,6,2,5,4	17,21,16,31,30,8,13,20,15,23	9,5,4,8,16,8,6,4,4,2	19,25,16,20,26,19,27,19,9,8	161	170
4688	60,61,50,57,55,19,33,37,40,38	273,316,288,279,273,88,171,225,230,189	69,40,38,58,61,53,61,37,38,29	335,226,207,231,363,301,352,244,143,83	238	121
4689	259,301,315,251,267,116,182,162,214,212	516,614,589,558,623,242,337,352,363,408	290,228,210,188,370,272,302,225,170,81	540,468,466,468,599,501,571,441,295,179	199	139
4690	287,348,339,314,304,127,180,229,191,189	241,291,298,340,333,136,232,248,223,237	321,251,256,255,364,301,347,264,174,77	297,254,275,257,325,281,385,230,197,116	139	136
4691	153,162,132,144,162,66,86,100,105,123	651,742,797,776,682,283,422,489,435,486	131,113,96,101,136,128,149,90,68,37	751,525,575,607,837,671,712,519,374,238	160	210
4692	1282,1759,1641,1657,1638,794,1042,1098,1126,1230	2324,2642,2625,2680,2527,1346,1778,1933,1888,2098	1452,1263,1189,1291,1704,1443,1847,1291,990,629	2396,1995,2017,2325,2754,2224,2728,1992,1655,1153	212	402
4693	76,108,81,86,76,27,59,53,51,48	116,152,144,135,166,52,80,95,81,87	88,66,71,50,91,84,94,55,36,14	147,116,126,120,147,133,141,102,57,33	157	192
4694	139,161,146,136,170,66,75,90,104,88	64,54,60,59,64,18,25,40,25,43	170,122,160,108,173,154,152,107,77,37	56,46,43,40,84,50,67,33,30,19	192	135
4695	52,66,59,66,54,21,39,33,35,33	65,70,72,73,94,35,45,51,42,37	58,41,48,59,53,54,58,40,27,15	63,67,67,65,92,67,76,59,30,14	135	117
4696	85,106,112,110,113,51,53,86,82,100	59,61,88,80,80,28,57,54,46,69	96,73,88,89,125,110,98,78,67,30	84,40,66,52,58,62,90,50,39,16	152	96
4697	2,1,9,3,5,10,5,3,2,9	37,37,34,30,34,45,38,29,32,29	5,6,4,6,5,5,8,6,4,7	31,34,36,27,26,45,35,45,36,47	181	197
4699	70,108,153,117,91,33,53,51,54,79	123,226,254,208,187,107,127,125,124,157	67,105,54,96,67,72,80,81,58,63	156,227,121,206,163,160,160,158,138,114	209	225
4700	47,105,94,103,96,49,45,46,56,76	53,135,234,131,132,67,46,64,69,90	49,126,50,100,43,42,57,87,61,57	79,234,74,153,64,66,76,124,71,65	189	181
4701	51,130,186,136,129,55,49,69,66,101	75,225,296,211,150,106,97,84,85,102	80,198,58,137,78,72,59,133,69,62	113,295,74,166,82,105,100,180,92,109	181	218
4702	134,114,145,145,119,105,100,112,120,120	183,176,172,165,160,176,115,163,195,158	137,120,130,128,129,124,127,99,142,135	151,167,133,167,187,195,165,165,174,165	330	273
4703	136,142,150,140,142,134,90,116,157,130	192,208,196,185,185,193,164,193,192,214	127,134,109,145,153,144,142,135,130,143	222,202,172,185,178,198,222,167,213,204	273	294
4704	15,28,22,29,16,21,15,24,12,16	97,106,113,119,118,150,95,103,104,162	22,17,18,24,14,11,19,20,23,33	117,107,112,136,114,110,118,130,169,157	112	227
4705	34,35,23,34,34,11,22,33,22,32	60,52,46,70,54,33,38,50,51,45	31,18,16,22,34,18,21,30,14,25	42,34,44,34,73,42,62,50,38,39	207	285
4706	2,2,2,0,2,2,0,5,3,5	8,5,11,10,6,5,3,10,5,6	5,1,0,0,3,3,5,1,1,1	3,5,2,2,3,8,9,4,4,4	146	237
4707	77,76,105,80,60,89,59,76,84,88	107,93,105,97,79,116,92,99,103,101	88,76,78,75,92,92,85,74,106,66	98,92,120,98,91,89,105,92,102,103	183	216
4708	18,35,27,32,31,26,22,24,30,22	13,14,17,5,6,6,10,10,6,8	19,28,18,21,26,28,27,21,18,21	10,3,11,6,15,13,14,3,7,7	272	225
4709	5,3,3,0,5,3,2,6,1,3	1,0,2,2,3,3,2,0,1,1	2,2,2,2,2,3,1,1,3,3	0,0,2,3,4,2,2,1,3,1	211	139
4710	87,80,89,80,90,39,77,55,87,56	52,60,67,61,71,53,54,47,43,68	95,73,90,78,102,93,101,74,61,45	73,51,65,64,58,51,66,54,57,87	242	137
4711	91,148,123,127,121,65,80,83,87,94	57,53,62,68,60,46,45,49,47,56	109,104,84,99,120,111,142,101,85,56	54,56,46,46,67,44,57,46,57,36	223	163
4712	56,79,68,68,64,49,58,46,65,83	52,59,67,61,71,53,54,47,43,68	62,72,59,52,82,61,74,55,56,40	73,51,65,64,58,52,66,54,58,87	163	137
4713	56,88,68,73,72,97,73,67,86,77	51,62,53,59,60,72,52,40,46,58	88,70,62,87,79,71,102,68,83,67	70,64,43,60,60,48,62,52,52,62	168	127
4714	27,38,57,33,42,43,34,46,33,55	132,202,182,198,182,191,157,147,171,192	35,28,37,37,49,42,32,31,34,56	155,173,169,152,200,175,195,183,179,190	127	225
4715	80,68,63,62,54,44,41,53,42,56	73,63,81,69,44,48,53,59,54,70	46,36,37,37,59,45,51,35,78,72	67,52,61,54,84,40,55,56,72,88	318	307
4716	59,56,53,55,50,36,36,47,40,52	73,63,80,69,45,48,53,59,54,70	41,32,33,28,56,39,46,29,66,56	67,52,61,54,84,40,55,56,72,88	318	307
4717	5,5,8,5,4,3,4,2,9,7	73,70,72,67,60,56,47,51,50,61	6,6,4,4,8,13,4,5,25,9	49,45,38,35,66,54,59,48,75,66	136	318
4718	1,0,0,1,0,0,1,0,0,1	81,73,55,81,60,43,56,69,60,70	2,0,0,1,0,1,0,1,4,1	77,63,65,82,77,84,69,51,67,37	177	126
4719	45,46,44,52,54,56,34,46,55,70	163,179,187,188,147,207,176,133,162,197	44,44,47,45,50,41,50,46,40,38	186,140,179,156,180,191,193,158,148,183	129	234
4720	119,118,98,115,112,125,118,94,128,153	48,49,56,37,34,48,38,34,38,53	142,112,116,110,135,106,105,95,124,136	47,41,41,36,48,40,46,35,32,34	261	129
4721	100,116,145,105,80,82,140,101,171,158	956,1062,1001,1015,897,1036,900,909,1021,1026	132,111,143,164,170,161,219,170,183,191	975,951,966,968,1157,1037,1154,1050,1130,1119	123	188
4722	53,48,49,49,51,56,41,44,66,33	0,0,1,0,0,1,2,1,0,0	48,44,37,61,59,55,59,53,65,71	0,0,1,0,2,1,3,0,2,0	203	166
4723	1095,1074,1298,1213,1230,673,875,904,925,950	259,231,289,281,283,229,239,191,231,255	1225,1003,1162,932,1421,1219,1235,1043,938,686	205,273,245,239,338,232,305,199,262,225	1142	250
4724	68,79,78,85,78,66,63,76,79,71	32,27,29,30,24,25,30,35,27,20	87,70,73,78,83,75,77,65,68,67	26,21,26,26,29,29,34,25,23,32	199	123
4728	61,56,73,70,51,57,41,54,50,54	63,48,60,64,49,53,35,47,68,52	67,58,57,59,63,68,66,47,54,56	71,65,57,57,54,61,75,47,52,64	218	186
4729	77,96,95,93,105,97,86,90,96,75	6,9,6,10,7,8,14,12,9,20	106,69,83,93,97,72,108,70,97,101	13,15,7,10,12,11,10,7,16,10	990	109
4730	3,4,3,1,3,2,8,1,3,7	5,4,4,4,3,0,1,3,1,1	7,3,3,2,4,6,4,1,2,3	1,2,0,1,4,3,2,4,1,1	200	108
4731	26,24,28,37,25,19,14,21,20,23	1,0,1,1,1,0,0,0,0,1	31,24,32,22,35,24,25,18,16,13	0,0,0,0,1,1,0,0,0,1	315	138
4732	61,61,62,85,91,71,55,83,80,99	8,14,25,16,23,17,19,22,27,13	60,69,68,67,82,86,83,78,80,77	10,17,12,15,10,19,23,18,18,18	253	136
4733	31,36,34,46,50,34,30,37,47,48	8,14,25,16,23,17,19,22,27,13	33,39,39,43,35,49,41,41,36,36	10,18,12,15,10,19,23,18,18,18	253	136
4734	29,26,30,35,38,38,29,41,29,43	8,14,25,16,23,17,19,22,27,13	28,29,42,29,38,34,43,27,29,37	10,18,12,15,10,19,23,18,18,18	146	136
4735	29,26,30,35,38,38,29,41,29,43	31,36,34,46,50,34,30,37,47,48	28,29,42,29,38,34,43,27,29,37	33,39,39,43,35,49,41,41,36,36	146	253
4736	41,36,44,47,46,56,38,60,48,61	56,62,53,69,74,51,48,62,61,63	37,45,52,40,53,41,58,42,41,56	46,57,60,61,65,73,60,60,63,67	213	253
4737	229,247,257,253,245,193,154,196,204,232	163,170,158,206,154,120,128,156,160,189	255,222,233,215,260,233,261,206,222,207	162,176,176,159,160,170,181,139,136,120	284	233
4738	169,175,165,174,181,84,136,145,162,178	244,232,269,241,256,151,188,186,200,257	198,156,169,178,215,169,195,129,154,112	266,256,257,245,276,246,270,223,211,137	213	221
4739	80,57,71,80,56,96,67,94,83,91	110,154,145,158,110,150,133,140,146,147	67,69,95,79,71,76,93,66,75,82	126,137,136,138,133,166,165,140,173,149	181	201
4740	21,32,28,20,24,16,19,20,25,27	29,23,40,19,19,28,24,35,31,37	28,16,32,24,21,23,28,29,21,15	32,24,27,22,20,28,38,25,25,23	194	165
4741	6,7,9,4,7,9,13,9,8,11	29,23,40,19,19,28,24,35,31,37	4,1,9,6,8,5,4,8,3,3	32,24,27,22,20,28,38,25,25,23	208	165
4742	11,10,14,10,14,16,11,12,9,18	29,23,40,19,19,28,24,35,31,37	12,9,8,10,13,10,12,15,11,10	32,24,27,22,20,28,38,25,25,23	233	165
4743	250,290,298,292,241,213,248,203,224,274	182,197,183,203,161,106,161,140,173,200	289,246,237,245,285,279,286,259,254,158	198,177,157,177,192,206,248,213,211,170	254	206
4744	34,50,33,31,43,31,35,40,27,31	22,39,24,29,29,33,25,35,37,20	38,46,41,40,32,43,44,35,42,39	19,30,31,22,23,21,29,25,34,22	228	168
4745	55,53,44,59,31,79,73,65,60,59	36,28,43,49,29,51,29,30,30,38	42,56,65,56,66,62,71,72,70,58	36,46,29,31,40,46,35,40,44,38	237	197
4746	5,3,6,7,8,2,4,3,8,1	31,26,21,35,28,28,22,30,21,32	4,0,2,5,6,3,2,3,3,3	49,34,33,26,28,29,25,26,35,27	229	231
4747	8,15,16,16,13,10,12,10,25,9	31,26,21,35,28,28,22,30,21,32	15,5,13,17,23,17,14,12,11,10	49,34,33,26,28,29,25,26,35,27	171	231
4748	58,58,59,43,41,40,52,40,49,55	64,86,88,97,80,72,66,76,73,76	54,47,52,47,50,53,53,52,37,44	49,85,74,93,85,84,90,74,90,91	163	171
4749	79,82,135,126,95,99,89,62,97,101	293,314,338,325,307,308,296,296,281,345	75,65,88,83,98,95,89,86,101,66	289,276,292,293,373,326,338,336,376,270	162	260
4750	57,90,75,74,63,32,42,40,38,38	278,301,307,279,256,118,184,198,183,179	56,56,51,46,57,59,69,53,38,17	265,191,232,199,363,297,292,177,144,62	135	210
4752	1,2,2,1,1,2,1,0,0,1	7,5,3,6,2,2,4,3,3,0	2,1,3,1,6,2,0,1,1,2	6,2,3,4,3,5,4,0,1,1	242	261
4753	1,2,2,1,4,3,1,0,1,2	4,1,2,5,2,2,0,3,2,4	1,1,2,1,2,0,1,2,0,0	3,5,5,2,7,0,5,4,4,1	181	278
4754	96,82,128,78,65,58,64,93,72,84	158,169,203,253,175,165,176,179,163,216	81,69,72,78,108,98,112,86,66,75	179,181,199,180,187,189,225,172,163,198	201	181
4755	53,47,58,78,54,56,43,62,49,61	131,129,131,157,142,114,111,114,118,148	74,62,60,45,69,62,65,46,56,46	129,138,131,126,142,132,143,138,130,112	156	201
4756	53,47,58,78,55,55,43,62,49,61	158,170,203,253,175,165,176,179,164,216	73,62,60,45,70,62,65,46,56,46	179,180,199,181,187,190,225,172,163,198	156	181
4757	98,97,97,125,115,89,90,100,101,130	139,156,133,162,173,105,119,101,129,143	115,111,106,96,114,113,137,103,94,92	135,164,118,145,162,148,171,138,122,134	181	169
4758	12,9,15,19,13,12,20,20,17,13	44,41,39,54,41,50,37,45,42,53	12,12,15,13,15,12,18,25,14,11	51,41,30,44,39,47,56,41,63,48	133	149
4759	12,9,15,19,13,12,20,20,17,13	0,1,1,1,1,0,0,2,2,1	12,12,15,13,15,12,18,25,14,11	1,0,1,1,2,2,0,1,0,3	133	354
4760	74,93,84,98,104,75,71,113,102,102	44,42,40,55,42,50,37,47,42,55	79,83,75,71,89,107,94,95,105,105	51,41,31,45,39,47,57,42,63,47	140	149
4761	74,93,84,98,104,75,71,113,102,102	0,2,2,2,2,0,0,4,2,3	79,83,75,71,89,107,94,95,105,105	1,0,2,2,2,2,1,2,0,2	140	354
4762	295,369,372,375,326,352,291,347,318,385	453,505,484,567,451,526,451,429,412,503	314,311,285,348,354,352,390,370,416,335	456,472,419,454,531,434,484,450,543,556	210	201
4763	7,11,8,11,6,2,11,5,7,6	16,13,13,12,16,13,8,12,18,23	9,10,5,8,6,10,9,8,10,10	22,7,9,10,15,9,14,9,9,6	163	226
4764	63,66,68,64,61,32,54,54,58,52	98,81,100,93,103,63,71,69,62,90	62,63,67,53,72,42,63,42,36,21	104,72,113,82,92,90,90,87,72,52	182	185
4765	71,67,69,59,63,42,48,51,67,54	69,63,82,77,66,54,73,48,57,80	62,74,69,53,68,54,56,50,52,32	89,61,75,61,80,64,73,61,54,33	147	182
4766	97,70,48,84,72,29,62,58,63,66	28,24,27,31,27,12,17,34,22,24	70,65,85,60,77,71,89,63,60,30	27,29,31,21,28,18,30,22,14,6	157	147
4767	1,3,1,4,1,1,1,2,0,2	4,3,3,6,4,5,1,5,3,3	1,0,1,0,5,0,1,2,2,2	0,5,6,3,2,7,5,3,2,1	133	129
4768	59,43,50,81,59,51,56,47,36,72	73,84,85,109,114,89,106,72,91,109	34,75,56,39,66,43,51,31,57,62	44,89,90,90,90,74,63,87,90,90	149	151
4769	16,6,15,12,12,3,6,6,2,5	18,18,19,15,24,4,21,7,8,16	8,3,11,14,13,4,19,6,5,3	17,18,13,14,18,20,16,8,8,4	127	176
4770	1,3,5,3,4,3,4,5,3,1	42,56,47,63,43,23,32,24,37,32	14,8,2,5,5,4,7,2,7,4	48,28,23,28,53,35,35,39,24,21	128	243
4771	25,29,28,33,35,31,27,17,31,38	32,21,25,44,22,33,29,35,30,31	24,40,19,30,37,35,42,24,42,40	26,21,23,23,29,26,20,27,34,29	175	188
4772	16,23,21,20,33,30,18,18,17,29	14,17,23,21,16,20,14,14,24,29	23,21,21,21,17,20,29,17,21,24	23,20,32,12,14,22,25,9,19,14	152	175
4773	34,50,48,39,38,35,25,23,46,37	51,46,50,57,44,39,48,39,38,56	58,30,42,32,39,33,33,32,36,27	56,56,31,35,57,60,44,38,38,33	139	183
4774	21,21,28,18,19,12,13,20,7,15	41,31,31,38,45,17,30,33,33,36	15,13,15,17,22,22,16,21,10,16	34,34,35,32,47,44,41,30,18,26	132	178
4775	68,61,78,69,70,59,66,60,69,82	49,48,63,64,37,62,34,46,56,47	81,65,54,79,71,68,80,74,84,83	40,44,40,48,49,59,55,47,47,58	176	136
4776	5,2,6,7,9,10,8,7,3,14	49,48,63,64,37,62,34,46,56,47	9,4,9,2,9,4,2,4,11,4	40,44,40,48,49,59,55,47,47,58	152	136
4777	128,155,131,142,151,109,122,140,132,167	48,68,51,76,69,44,37,38,43,56	157,146,133,141,155,165,171,140,148,120	48,47,47,73,66,39,82,73,63,54	222	114
4778	197,208,176,198,230,158,159,177,189,205	48,67,51,74,68,44,36,38,42,56	212,187,199,214,207,213,215,198,177,147	44,46,45,73,65,39,79,72,59,55	228	114
4779	197,208,176,198,230,158,159,177,189,205	83,85,92,85,89,56,71,87,89,108	212,187,199,214,207,213,215,198,177,147	87,89,80,85,94,99,98,89,89,73	228	222
4780	195,208,176,197,227,157,159,175,188,204	179,183,199,188,187,124,152,156,167,213	216,188,201,214,207,212,218,198,179,148	181,177,174,177,172,191,190,180,180,142	228	222
4781	106,127,127,120,117,91,96,81,116,110	130,141,111,147,158,123,120,133,132,148	135,93,102,111,126,120,140,110,108,77	168,131,125,153,168,144,169,138,125,111	172	228
4782	499,545,586,574,449,492,452,498,472,489	306,312,351,347,325,380,285,321,325,371	488,502,430,509,509,451,492,422,542,560	257,343,322,367,323,258,329,286,330,369	204	183
4783	499,545,586,574,447,492,453,497,472,489	19,20,36,21,29,18,21,22,14,31	488,501,431,507,509,450,488,422,541,560	10,27,21,16,25,13,15,34,23,38	204	99
4784	501,546,588,576,447,492,453,497,472,490	116,175,216,221,183,148,155,99,152,259	491,504,430,510,509,450,488,427,541,560	90,153,146,131,212,91,135,184,179,178	204	183
4785	499,545,586,574,447,492,452,497,472,490	189,214,226,249,205,252,202,218,234,268	488,501,430,507,509,450,488,422,541,561	240,229,234,241,199,196,208,245,256,269	204	147
4786	106,109,176,155,160,123,126,105,126,212	249,299,280,314,257,355,244,286,291,306	65,162,119,111,155,73,87,149,124,144	312,277,303,330,237,285,323,279,346,354	183	147
4787	11,6,9,18,10,20,9,11,14,23	324,390,397,468,377,456,396,381,377,410	13,18,6,13,12,6,6,17,10,18	344,360,417,417,341,308,355,382,443,526	147	186
4788	2,1,2,2,0,0,1,0,0,3	317,375,383,442,361,445,382,363,364,395	3,3,0,3,0,0,0,5,0,0	333,347,398,403,327,296,344,362,432,501	147	186
4789	91,146,174,175,146,116,137,81,116,207	318,375,384,442,361,446,382,363,364,394	74,126,127,103,166,72,114,150,150,140	334,348,398,403,327,296,344,362,432,500	147	186
4790	7,5,8,5,13,5,4,3,6,2	14,16,23,20,24,8,15,11,13,9	12,5,10,9,7,8,12,5,9,3	13,14,14,22,14,19,15,11,12,2	182	221
4791	25,38,51,43,31,25,27,29,32,62	41,63,59,71,45,42,60,45,42,62	33,28,38,43,35,34,42,38,25,26	50,41,43,57,73,56,51,50,72,49	196	182
4792	25,39,51,44,32,26,27,29,32,62	34,37,40,41,32,27,36,33,37,51	34,28,38,43,36,34,42,39,25,26	33,30,22,31,43,32,43,28,42,41	196	155
4793	24,19,28,30,23,20,20,14,22,34	22,37,52,43,32,23,23,31,34,36	29,29,22,21,29,20,29,30,22,21	40,32,34,47,45,31,44,39,34,30	144	196
4794	17,12,13,27,10,6,7,12,10,19	8,14,14,18,6,13,4,15,9,5	19,12,7,7,20,10,24,12,9,7	11,12,10,4,16,8,21,14,9,11	243	210
4796	2884,3299,3182,3179,2646,2923,2662,2830,2827,2952	732,880,848,823,666,935,726,783,841,835	3023,2829,2656,3125,3297,2804,3337,2664,2834,2613	773,800,669,857,817,805,867,715,910,895	1379	265
4797	37,39,39,41,31,33,36,35,36,38	44,61,58,57,49,55,41,39,44,56	35,23,41,35,39,41,31,37,54,38	55,57,53,67,49,46,53,51,46,55	160	180
4798	50,62,69,60,62,54,39,58,41,52	24,31,32,46,19,42,28,32,46,28	70,59,34,71,49,48,54,47,69,45	35,30,42,26,37,35,33,33,50,32	180	194
4799	32,23,14,23,35,19,15,13,20,23	2,2,3,4,2,2,8,5,1,5	28,14,21,32,19,33,31,25,23,15	3,2,3,7,0,0,2,2,3,1	193	168
4800	0,0,0,1,0,0,0,0,0,0	3,4,6,6,4,3,8,6,1,6	0,0,0,0,0,0,0,0,0,0	4,2,5,9,1,3,2,2,3,1	108	168
4801	5,7,1,1,5,1,3,3,5,6	3,3,3,1,1,0,0,1,2,0	1,1,0,2,3,5,2,1,1,1	0,0,0,0,0,1,1,0,0,1	204	102
4802	133,164,181,191,154,88,111,140,131,153	172,163,181,205,185,132,134,141,136,180	163,156,143,138,170,173,195,146,123,83	154,156,149,153,194,160,190,142,110,100	197	354
4803	254,295,280,211,167,171,199,211,271,243	303,337,314,334,293,216,281,255,250,305	264,199,256,255,296,288,307,254,256,183	357,273,283,364,334,301,320,303,289,251	259	176
4804	459,480,435,433,361,380,380,358,391,399	545,820,635,668,649,643,560,599,642,733	400,405,401,506,425,403,490,403,397,394	681,653,600,740,614,631,690,638,725,669	185	235
4805	459,480,435,432,361,380,380,358,391,399	477,572,461,500,516,528,463,475,480,573	400,406,401,506,425,403,490,403,396,394	521,502,521,592,558,449,595,562,533,658	185	212
4806	669,902,738,722,676,700,627,661,715,760	477,570,461,500,516,528,463,474,480,573	753,733,686,831,750,697,825,713,763,720	521,502,521,592,558,447,595,562,534,655	235	212
4807	0,2,3,2,2,2,2,4,2,3	0,9,2,3,1,4,2,2,1,1	3,0,1,0,1,0,5,0,3,0	0,0,1,2,0,1,1,1,4,0	250	326
4808	29,31,34,42,36,40,34,27,34,50	35,31,37,33,24,33,33,43,35,38	35,30,25,36,28,37,42,30,25,45	27,49,35,43,37,25,43,36,39,47	136	178
4809	591,579,567,581,541,407,407,463,464,511	181,204,237,218,197,166,193,205,156,206	601,488,557,560,647,546,624,467,487,393	194,164,203,202,230,155,218,152,184,129	210	144
4810	205,185,258,203,213,140,137,190,163,180	403,418,452,447,425,320,294,353,362,383	188,155,177,222,223,191,197,169,172,158	371,373,372,396,434,449,423,356,318,275	144	195
4811	10,22,18,24,12,3,11,17,9,24	0,1,2,0,0,1,1,0,1,1	25,17,15,17,11,16,23,14,10,5	0,0,0,0,0,2,3,1,1,0	156	105
4812	12,10,20,16,9,6,11,7,6,5	3,3,0,1,3,0,1,1,1,2	9,8,9,15,11,9,11,10,4,5	5,2,5,1,3,3,1,2,1,0	99	221
4813	83,89,89,109,78,71,79,79,95,99	77,87,94,91,81,80,73,64,79,85	81,90,89,80,96,81,83,77,102,93	83,97,82,57,89,107,123,91,83,99	178	157
4814	193,236,241,193,177,192,185,226,188,224	231,252,274,280,234,288,210,244,223,264	183,192,199,187,212,210,214,181,183,182	274,237,275,237,238,244,259,245,279,258	196	205
4815	17,12,18,17,18,5,21,12,13,7	37,51,38,55,45,17,29,31,36,40	16,20,14,19,20,9,17,10,8,9	53,27,28,36,45,41,50,50,35,16	132	200
4816	31,26,27,41,19,11,22,14,28,12	9,12,9,8,8,9,6,8,9,8	21,21,12,15,29,28,26,27,15,13	5,3,9,3,9,7,7,7,8,3	208	132
4817	19,23,28,27,28,23,23,23,24,33	20,16,20,20,14,16,21,27,21,35	28,21,27,27,20,21,36,16,17,13	20,26,26,28,32,21,34,18,24,27	204	179
4818	28,27,30,37,35,30,28,39,34,44	36,25,29,33,33,24,30,31,25,47	32,34,44,35,41,50,44,30,47,34	47,33,30,20,30,35,21,37,47,33	179	183
4819	28,28,27,38,29,30,29,40,35,43	9,9,8,14,9,8,10,13,8,17	34,27,43,35,41,53,44,31,46,35	12,8,7,7,9,6,12,16,16,10	179	183
4820	25,26,25,37,28,30,28,38,33,42	8,8,7,16,9,7,10,13,8,17	32,27,41,33,40,47,42,28,43,34	12,8,6,7,9,6,12,15,16,10	179	183
4821	21,14,15,22,14,14,19,23,16,35	5,4,5,0,9,1,0,1,1,2	24,19,18,18,20,13,25,21,24,23	1,7,3,6,1,4,2,3,4,1	183	137
4822	22,15,15,22,14,15,19,23,16,35	18,26,21,32,20,21,20,27,26,18	24,19,19,18,20,13,25,22,24,23	28,22,33,16,22,25,24,22,31,25	183	223
4823	21,14,14,24,14,14,19,23,16,35	24,27,26,22,20,24,16,23,20,28	24,19,18,18,20,13,25,21,24,23	28,17,19,12,30,29,15,15,20,23	183	170
4824	20,14,16,15,18,10,19,11,12,28	21,30,25,36,23,24,23,30,32,21	25,21,19,12,11,24,7,20,22,14	32,23,36,18,24,28,29,26,37,32	137	1319
4825	19,21,14,24,17,15,16,20,19,13	5,8,2,6,6,5,9,5,4,4	23,12,22,19,14,20,21,19,24,25	4,4,6,2,5,3,4,5,3,3	1319	150
4826	28,27,21,39,25,33,29,35,26,26	5,8,2,6,6,5,9,5,4,4	43,25,37,24,28,26,30,30,36,31	4,4,6,2,5,3,4,5,3,3	223	150
4827	5,13,12,12,10,11,10,15,13,9	24,27,26,22,20,24,16,23,20,28	10,12,16,4,11,9,8,8,14,9	28,17,19,13,30,28,15,15,20,23	150	170
4828	5,12,11,12,8,9,8,10,13,8	2,11,4,9,1,10,4,9,5,7	10,11,15,4,11,9,8,8,13,8	5,9,7,7,13,10,11,8,11,13	150	137
4829	32,17,18,23,23,15,30,28,25,33	29,35,28,28,26,29,22,28,24,32	26,33,19,31,32,31,34,20,34,29	32,21,25,14,35,31,19,20,23,26	196	170
4830	146,132,146,144,132,86,110,155,134,132	136,121,117,124,88,86,102,101,97,101	125,116,138,117,176,141,156,124,108,57	146,96,99,139,129,107,159,85,84,82	428	243
4831	382,487,420,413,396,275,293,387,347,432	158,252,209,229,195,154,121,148,175,205	485,416,393,499,411,436,562,604,407,364	230,178,188,227,225,204,241,269,225,180	234	177
4832	0,0,0,0,0,0,0,0,0,1	20,8,15,12,10,13,14,14,15,12	0,0,0,0,0,0,0,0,0,0	15,11,12,10,14,10,17,9,10,5	193	150
4833	25,15,20,28,19,13,18,21,23,22	40,46,48,33,58,43,36,44,54,55	30,25,22,23,20,26,29,20,32,12	45,61,47,50,55,37,53,42,51,49	223	184
4834	22,15,22,30,16,35,23,25,25,32	33,28,29,28,26,31,27,29,25,22	19,22,26,35,24,24,29,31,27,23	26,25,26,28,23,19,22,20,29,27	185	150
4835	48,45,73,68,55,56,57,35,65,69	77,79,64,80,63,77,67,66,58,91	67,70,45,51,50,58,79,64,60,61	66,84,66,62,72,66,96,54,93,92	150	195
4837	17,26,20,16,29,8,10,18,17,28	13,16,29,34,17,12,25,10,24,18	16,12,17,11,30,34,25,15,12,15	23,27,21,17,23,25,15,17,18,17	258	233
4838	124,138,119,132,115,112,111,129,100,127	101,108,91,107,93,106,88,93,83,125	153,135,116,109,119,119,124,131,125,98	116,105,107,90,113,69,136,90,98,80	160	161
4839	315,319,302,323,304,265,232,307,296,343	136,131,103,160,99,108,104,134,115,130	313,289,270,323,355,317,309,279,301,226	124,119,111,97,120,106,132,94,118,98	206	160
4840	107,99,94,85,101,68,75,79,120,114	420,468,546,534,439,303,376,416,392,492	106,70,83,96,130,142,123,114,108,63	476,412,385,385,503,441,476,413,425,310	153	184
4841	97,134,108,141,102,71,78,72,108,108	132,135,144,178,155,102,102,123,145,142	121,108,99,83,170,162,143,93,105,68	148,165,145,140,159,198,171,153,141,111	173	209
4842	164,156,178,191,170,59,86,97,118,110	120,128,145,154,131,56,75,60,72,82	171,147,151,134,214,181,177,147,91,54	160,119,97,89,173,125,165,92,80,38	194	234
4843	6,4,8,4,12,5,5,3,10,6	268,288,277,323,264,239,173,264,273,278	8,5,7,5,14,3,6,8,4,7	270,276,282,264,313,283,300,264,322,300	129	639
4844	198,201,161,214,188,142,113,168,175,205	62,56,64,83,74,71,57,67,76,67	187,195,197,182,203,174,176,186,197,182	69,62,77,69,84,72,77,53,86,50	390	198
4845	194,189,152,197,180,136,108,161,164,196	114,122,131,112,106,87,107,123,99,125	177,189,184,166,190,163,172,173,190,176	117,116,136,124,104,109,120,118,141,132	390	174
4846	285,307,267,317,266,243,178,269,278,293	114,122,131,112,106,87,107,123,99,125	271,281,280,272,319,280,308,276,326,291	117,116,136,124,104,109,120,118,141,132	639	174
4847	251,279,251,291,246,229,161,250,262,265	106,116,120,105,99,83,102,118,95,124	249,253,260,242,289,262,275,246,303,270	104,100,123,120,97,103,112,113,139,122	639	174
4848	0,0,0,0,1,0,0,0,0,1	0,0,0,0,0,0,0,0,0,0	0,0,0,0,0,0,2,0,0,0	0,0,0,0,0,1,0,0,0,0	154	157
4849	0,0,0,0,1,0,0,0,0,1	0,0,0,0,0,0,0,0,0,0	0,0,0,0,0,0,2,0,0,0	0,0,0,0,0,1,0,0,0,0	154	154
4850	0,0,0,0,0,0,0,0,0,0	3,0,0,1,0,0,1,0,0,1	0,0,0,0,0,1,0,0,0,0	0,0,0,1,2,0,0,0,2,1	154	201
4851	40,47,43,41,33,10,15,32,25,31	13,23,21,14,15,4,11,14,4,11	55,32,34,43,71,51,50,30,24,25	27,13,10,25,24,15,23,11,8,3	311	179
4853	7,2,0,4,2,2,3,6,1,2	2,4,6,4,2,6,4,2,5,5	3,5,1,2,2,0,4,0,3,4	2,4,5,2,2,4,7,6,2,1	216	156
4854	8,8,10,9,9,11,7,8,4,13	0,0,0,1,0,1,0,0,0,0	4,5,9,16,15,16,15,11,5,6	0,0,0,0,0,0,1,0,2,0	260	127
4855	8,8,10,9,9,11,7,8,4,13	8,3,5,8,3,5,3,6,4,6	4,5,9,16,15,16,15,11,5,6	4,3,3,6,2,6,10,5,1,4	260	175
4856	0,1,0,0,0,0,1,0,0,0	0,0,0,0,3,0,0,0,1,1	0,0,1,0,0,0,1,0,0,0	0,0,0,0,0,1,0,0,0,0	161	195
4857	4,5,9,3,4,5,4,5,7,2	22,21,16,43,30,16,17,19,21,33	5,4,6,4,7,4,10,5,7,7	25,17,19,25,23,32,26,24,14,19	200	204
4858	443,449,493,486,433,430,369,356,394,436	51,39,58,41,27,37,31,31,30,33	435,467,408,427,424,437,491,401,438,441	42,36,32,37,36,45,39,39,45,43	249	162
4859	445,434,464,483,461,428,367,354,386,438	51,39,58,41,27,37,31,31,30,33	429,468,410,409,432,415,512,409,450,449	42,36,32,37,36,45,39,39,45,43	252	162
4860	247,294,268,309,291,202,238,244,225,255	277,257,267,289,264,225,218,193,237,293	264,247,242,251,294,310,312,259,284,221	269,232,255,277,252,241,267,239,256,225	252	176
4862	247,294,271,313,291,205,240,244,225,255	31,52,54,43,44,22,29,26,33,36	264,248,242,251,294,310,313,259,284,221	46,32,36,36,49,34,50,30,31,38	252	90
4863	218,193,253,275,230,144,183,178,185,238	31,52,54,39,44,20,29,26,33,36	220,199,223,223,260,229,244,218,188,180	43,31,36,36,49,34,47,28,29,38	243	90
4864	218,193,253,275,230,144,183,178,185,238	158,190,148,165,156,112,140,150,131,152	220,199,223,223,260,229,244,218,188,180	140,152,132,137,165,168,164,142,152,139	243	252
4865	218,194,253,278,230,146,183,178,185,238	272,327,307,320,301,229,238,267,244,286	223,200,221,223,260,229,247,220,190,180	279,276,254,281,302,308,312,272,281,269	243	252
4866	87,101,96,96,63,40,66,93,89,66	44,42,57,61,58,35,35,38,36,55	87,69,60,85,89,93,90,92,72,54	46,38,41,35,49,56,47,37,37,29	212	110
4867	87,101,96,96,63,40,66,93,89,66	54,58,65,57,67,36,41,48,52,70	87,69,60,85,89,93,90,92,72,54	52,57,53,52,76,50,63,50,45,38	212	188
4868	50,61,55,59,53,19,23,41,31,42	39,53,68,42,46,21,31,38,45,42	34,44,49,36,60,44,61,31,20,20	37,28,47,39,56,56,41,43,22,8	249	176
4869	3,10,10,6,6,0,2,5,2,4	39,53,68,42,46,21,31,38,45,42	4,5,5,7,11,8,9,9,2,5	37,28,47,39,56,56,41,43,22,8	167	176
4870	191,218,190,194,177,139,146,163,165,216	186,184,199,176,177,221,165,203,172,197	182,169,165,202,200,218,208,165,190,194	185,184,173,193,219,205,258,200,199,210	192	153
4871	124,117,140,150,130,99,93,137,136,131	104,126,113,115,105,93,110,114,95,135	146,116,126,153,140,147,136,131,158,106	80,115,104,84,115,114,96,101,109,96	248	252
4872	38,42,47,48,43,31,43,36,37,47	34,57,43,48,39,42,22,39,31,64	36,53,40,59,35,41,48,41,51,55	38,44,41,49,37,35,44,35,48,52	200	151
4873	49,57,59,70,48,49,46,44,42,49	42,52,59,68,52,42,48,57,63,62	70,45,47,55,59,46,54,47,42,36	49,47,64,48,65,53,66,29,57,55	193	177
4874	563,432,617,702,622,350,539,361,513,516	370,299,436,436,438,264,366,274,347,422	575,550,571,415,848,567,574,458,378,303	375,336,311,296,542,411,406,327,330,237	861	567
4875	161,128,190,188,173,86,127,95,137,177	562,451,625,706,643,348,559,392,532,543	177,169,181,111,258,179,185,121,88,70	600,561,593,436,875,581,609,482,397,318	290	861
4876	49,41,63,50,52,28,43,37,54,47	151,116,184,189,169,99,129,82,140,155	43,45,55,32,73,57,58,33,25,21	165,156,165,110,238,176,161,129,89,81	230	290
4877	65,85,81,82,78,83,50,81,73,84	45,44,35,46,44,54,39,44,48,56	73,72,74,78,85,86,91,69,83,82	30,45,39,44,61,29,67,33,53,37	190	183
4878	57,53,69,90,57,50,47,64,61,51	100,86,107,100,73,101,61,100,99,113	80,51,45,54,65,65,64,58,61,51	97,101,98,91,104,102,113,101,93,90	177	190
4879	83,111,96,101,105,86,84,108,85,103	62,87,73,96,73,73,50,83,69,70	96,103,95,95,94,90,111,96,90,98	82,60,64,71,78,82,82,61,89,78	192	177
4880	39,50,41,55,42,46,30,43,31,40	24,28,24,27,17,20,22,31,23,21	53,33,26,50,30,47,41,38,40,48	31,24,17,25,25,18,31,29,28,25	183	139
4881	42,38,50,31,39,32,31,34,42,36	33,32,34,40,30,48,22,34,25,30	43,28,41,46,43,44,41,37,46,42	39,37,16,37,37,33,47,35,31,25	163	183
4882	5,18,16,9,17,22,13,18,13,14	38,68,43,61,64,40,51,38,46,44	15,14,11,24,16,9,12,15,19,10	39,39,40,51,48,50,55,43,42,38	130	181
4883	0,0,1,0,0,0,0,0,0,1	37,65,43,60,62,40,51,38,45,44	0,0,0,0,0,0,0,0,0,0	38,39,40,51,48,51,55,40,42,37	130	181
4884	19,26,20,21,16,17,16,17,17,21	37,65,43,60,62,40,51,38,45,44	24,21,9,16,17,22,26,12,17,11	38,39,40,51,48,51,55,40,42,37	126	181
4885	19,26,20,21,16,17,16,17,17,21	0,0,1,0,0,0,0,0,0,1	24,21,9,16,17,22,26,12,17,11	0,0,0,0,0,0,0,0,0,0	126	130
4886	20,29,20,22,18,17,16,17,17,21	17,21,13,19,16,12,9,14,16,5	25,21,9,16,17,22,26,15,17,12	9,19,8,15,16,15,16,6,9,13	126	130
4887	77,89,86,88,82,81,66,78,67,89	43,41,34,54,42,38,34,47,48,57	83,90,74,81,78,81,76,82,97,105	39,41,38,37,44,45,50,37,37,52	293	238
4888	38,44,36,50,38,36,58,36,53,42	37,43,51,42,40,36,29,34,49,35	47,37,38,28,50,46,56,47,52,41	37,44,38,39,44,45,48,40,48,36	200	193
4889	88,84,71,78,83,61,73,62,63,82	95,104,90,102,91,69,74,66,72,99	66,72,70,74,95,79,96,70,69,41	102,81,91,81,114,101,104,94,84,63	251	237
4890	53,62,88,53,29,58,86,79,92,105	218,196,221,235,188,274,222,226,242,289	88,61,83,75,108,123,110,88,113,138	228,201,211,205,226,232,232,224,304,276	136	179
4891	1,3,7,4,4,0,6,7,3,4	1,0,0,0,2,0,2,0,4,1	3,5,0,0,3,3,4,6,4,2	0,1,2,0,4,0,2,0,0,2	117	188
4892	20,33,39,27,18,13,29,23,31,36	49,38,49,30,48,24,36,46,32,26	31,15,25,22,33,36,30,19,40,27	61,28,35,28,38,49,30,20,50,24	132	145
4893	27,25,21,22,25,17,23,15,37,18	64,55,75,60,62,52,61,71,59,49	25,27,19,16,27,40,28,14,22,20	92,57,68,51,66,78,64,63,93,51	145	234
4894	72,74,72,66,67,48,49,67,61,68	93,81,108,73,91,97,108,92,115,70	68,43,47,49,78,73,59,54,82,73	107,77,70,77,114,100,74,76,103,117	210	235
4895	8,10,14,15,13,6,15,9,14,13	19,15,18,19,17,9,11,13,18,16	7,5,15,2,11,18,8,5,5,11	20,19,16,14,13,16,21,15,17,16	196	131
4896	84,80,81,73,76,54,53,58,69,77	92,99,105,89,98,89,81,87,82,78	88,62,73,81,80,66,73,73,66,61	93,86,92,109,113,91,99,114,88,63	169	167
4897	81,77,97,99,87,87,66,53,72,82	77,100,91,74,59,68,71,76,71,83	83,62,69,63,96,94,72,83,91,81	88,75,74,74,87,85,71,64,105,69	215	168
4898	110,137,122,123,104,60,62,73,110,98	203,270,229,254,224,167,174,184,180,193	93,95,94,125,99,101,91,102,80,72	226,193,206,211,234,207,220,202,192,164	163	207
4902	228,257,312,279,285,209,247,224,237,277	216,264,265,257,233,232,194,201,248,287	262,267,238,223,298,269,311,241,253,228	253,250,247,257,291,298,280,211,225,252	249	196
4903	198,309,285,249,260,207,195,220,269,288	399,437,400,464,406,345,342,381,365,448	255,260,292,255,319,274,295,255,233,268	380,360,373,404,419,376,466,405,475,374	196	255
4904	15,8,13,10,11,8,10,16,7,17	9,5,4,10,7,4,8,5,9,11	11,8,13,13,24,7,14,12,19,27	11,9,6,7,7,4,6,1,7,11	253	218
4905	98,136,113,154,123,105,80,127,120,141	231,303,278,288,308,270,242,320,256,334	116,114,101,122,144,101,126,140,135,123	297,297,257,279,289,288,308,283,332,294	159	234
4907	7,5,6,8,5,2,4,6,1,6	4,6,5,4,5,6,7,7,0,1	3,8,7,4,3,5,4,5,4,2	3,7,2,2,10,9,3,3,2,2	256	174
4908	0,0,0,0,0,1,1,0,0,0	149,138,174,121,136,134,110,134,149,166	0,0,1,0,0,0,0,0,0,0	132,138,117,173,147,163,168,125,137,128	126	138
4909	68,66,63,65,45,46,38,51,63,60	149,138,174,121,136,134,110,134,149,166	55,53,37,63,60,68,60,45,58,62	132,138,117,173,147,163,168,125,137,128	102	138
4910	42,29,38,40,29,24,38,35,40,32	97,108,107,92,93,50,97,75,67,115	37,33,40,33,38,29,43,35,31,29	99,90,92,106,107,101,88,77,69,53	156	171
4911	34,45,51,63,37,31,42,48,44,51	56,83,84,84,88,54,50,60,63,99	52,55,43,50,34,45,37,38,61,28	90,51,68,54,84,71,74,74,63,55	156	114
4912	26,30,50,29,34,36,28,32,34,36	12,19,8,11,13,17,14,12,20,16	48,33,37,29,37,50,33,27,39,35	13,7,15,6,16,12,11,10,19,19	219	174
4913	9,27,24,28,15,31,18,21,16,15	18,19,11,10,9,17,6,19,16,15	16,16,19,24,28,31,23,17,22,21	10,9,5,13,14,12,14,12,8,8	147	84
4914	172,180,190,217,180,176,153,191,158,200	147,141,165,161,135,155,114,140,147,167	203,169,157,165,219,160,173,193,194,166	157,125,136,154,142,136,153,137,184,118	201	129
4915	11,3,6,7,7,7,2,3,2,8	98,110,103,113,100,26,59,66,89,69	7,0,10,3,10,6,5,0,1,1	67,80,78,70,108,83,120,69,64,36	172	172
4917	8,4,6,12,9,1,5,6,4,8	5,2,3,7,5,8,3,2,3,4	8,8,7,11,9,2,12,3,5,3	6,8,9,10,6,5,10,7,4,6	267	158
4918	89,97,97,114,72,65,65,67,77,85	6,10,6,3,8,6,5,5,7,5	92,63,74,76,93,84,97,111,69,56	9,1,5,2,9,4,10,2,5,4	209	95
4919	2,5,3,4,2,1,1,3,3,4	2,3,3,3,3,0,6,5,5,1	0,1,1,4,4,2,2,1,1,1	0,6,3,4,1,2,6,5,3,0	152	237
4920	68,78,71,79,78,47,56,33,68,72	37,55,34,52,41,17,32,28,31,40	78,61,54,51,65,59,88,68,69,30	30,49,31,31,44,42,25,20,38,21	158	118
4921	6,10,8,3,7,1,1,3,11,2	11,7,10,6,11,8,11,14,15,4	4,5,1,6,2,9,6,2,9,6	18,7,10,15,15,15,12,15,9,7	136	142
4922	11,16,18,18,5,9,4,12,14,8	19,23,21,19,20,15,21,13,21,12	21,7,6,14,12,12,26,5,9,13	15,9,10,24,26,29,23,21,17,31	142	194
4923	1195,1210,1233,1312,1058,1157,1098,1157,1152,1315	309,362,375,375,310,384,373,361,326,387	1242,1157,1098,1110,1325,1083,1295,1112,1288,1290	354,316,320,361,350,375,385,329,374,396	181	119
4925	1380,1548,1529,1588,1472,1506,1370,1434,1357,1642	309,362,375,375,309,384,372,361,327,387	1478,1451,1335,1444,1478,1351,1649,1282,1604,1559	354,316,320,361,350,375,385,329,374,396	191	119
4926	673,644,685,651,586,624,550,692,587,651	125,159,170,161,130,155,134,147,159,161	601,578,609,598,703,628,754,623,677,647	160,178,124,121,181,153,216,137,155,155	127	120
4927	4,4,2,2,2,3,3,2,2,1	3,1,4,0,2,3,3,1,2,1	1,0,4,2,0,2,1,2,1,2	1,0,0,3,0,5,1,1,3,4	195	166
4928	0,0,0,0,0,0,0,0,1,0	25,26,29,29,17,13,12,14,11,16	0,1,0,0,1,1,2,0,0,0	14,13,18,16,22,24,18,17,10,5	90	144
4930	16,24,40,34,24,19,11,30,31,37	7,13,16,12,15,17,9,10,17,12	23,31,35,32,30,24,34,24,26,31	10,12,11,14,12,11,10,8,14,14	243	165
4931	26,36,42,29,29,21,28,24,37,41	79,108,101,111,89,87,63,93,71,109	37,27,35,36,56,41,57,48,42,42	77,101,105,104,104,98,88,102,123,90	238	317
4932	95,92,83,99,70,126,92,103,118,134	566,557,577,625,498,683,550,568,561,667	125,96,94,96,136,113,160,142,128,147	615,569,562,575,608,560,589,593,677,751	177	172
4933	0,0,0,0,1,0,0,0,0,0	189,208,210,249,181,290,203,235,203,234	0,0,0,0,1,0,0,0,0,0	207,214,250,239,245,200,245,210,271,323	172	123
4934	175,181,149,164,144,120,133,141,157,151	309,314,348,375,306,284,232,284,274,353	149,149,143,145,147,147,186,140,151,146	329,330,292,289,308,287,337,291,310,317	195	214
4935	60,60,67,56,52,26,45,48,43,51	69,64,78,81,84,29,39,63,51,81	45,55,59,69,58,50,56,47,38,28	71,51,41,50,75,68,65,64,60,42	222	192
4936	24,22,14,16,18,11,13,11,17,20	22,11,19,23,18,13,16,14,19,22	12,13,11,10,19,16,16,8,17,17	15,21,17,16,17,18,16,15,14,17	615	273
4937	31,36,33,43,42,25,21,44,34,43	41,38,39,52,35,39,43,41,50,55	40,38,40,42,57,28,47,37,37,27	39,48,46,39,50,40,54,36,29,46	223	210
4938	0,0,0,1,0,0,2,0,1,0	0,0,0,0,1,0,0,0,0,0	0,0,1,0,0,1,0,0,0,1	1,0,0,0,0,0,0,0,0,0	159	135
4939	0,0,0,1,0,0,2,0,1,0	0,0,0,1,2,0,0,0,0,0	0,0,1,0,0,1,0,0,0,1	0,0,0,0,0,1,0,0,0,0	159	131
4940	1,1,0,1,1,0,1,1,1,0	5,5,5,8,6,5,8,10,10,6	1,0,0,1,0,0,0,3,0,0	6,4,7,9,2,5,8,8,5,3	111	290
4941	406,413,407,460,367,406,332,344,408,458	245,308,319,347,319,338,316,343,328,360	400,398,384,355,432,447,439,374,430,413	302,336,313,295,327,340,362,322,377,327	183	143
4942	406,414,407,460,366,408,331,343,408,458	548,609,661,764,645,702,601,614,660,804	400,399,384,355,432,447,439,374,431,413	721,715,638,605,704,739,738,679,740,762	183	211
4943	2,3,6,14,7,3,4,4,4,3	29,7,23,33,26,4,9,11,10,8	6,8,3,7,7,4,5,5,2,1	25,9,13,10,28,10,20,14,8,5	84	93
4944	44,46,48,38,42,10,18,30,26,19	138,98,124,128,110,33,69,83,52,79	42,26,37,46,37,32,41,35,20,15	122,76,104,77,107,82,120,79,39,25	114	241
4945	25,23,29,18,21,10,13,19,11,15	11,10,15,13,15,2,3,8,9,6	29,17,22,9,31,18,20,19,16,12	16,12,5,9,9,14,10,5,2,2	134	114
4946	34,16,19,29,32,5,7,13,14,17	48,49,51,48,47,12,23,39,29,22	26,16,17,23,19,12,18,8,7,3	55,33,36,44,43,36,41,28,22,13	109	134
4947	39,39,34,26,34,14,17,23,12,31	32,22,18,22,15,5,11,10,12,14	34,29,38,22,34,21,33,18,18,14	21,15,28,15,31,20,28,18,16,12	123	109
4948	16,15,26,26,22,13,8,13,12,14	15,20,22,12,22,10,10,15,14,12	22,17,21,26,37,26,31,11,9,3	28,13,13,13,18,16,9,13,11,4	113	123
4949	19,11,13,11,12,7,10,16,5,9	37,24,28,34,44,8,12,17,12,29	19,20,14,10,22,8,13,12,6,9	31,20,30,24,21,20,25,13,7,6	117	113
4950	69,79,99,84,85,13,32,33,49,35	31,33,26,20,23,10,12,16,7,21	84,45,48,52,90,59,56,47,37,28	25,23,25,20,33,16,27,15,16,13	183	117
4951	21,16,26,30,29,8,9,12,11,12	53,60,75,73,74,26,34,42,32,43	32,20,16,24,22,13,26,14,9,12	69,51,56,59,95,60,75,47,31,22	144	183
4952	22,27,25,28,27,11,10,14,22,11	39,43,53,44,38,6,15,13,26,12	28,26,18,20,20,11,19,17,12,9	46,23,18,23,42,26,18,16,15,14	130	144
4953	179,171,162,170,122,107,116,138,140,159	106,134,130,135,124,82,72,104,108,131	156,126,155,148,187,132,172,163,158,117	136,107,119,168,140,137,139,137,131,105	285	258
4954	56,64,68,73,91,46,49,55,51,86	43,44,55,54,50,32,32,32,47,51	65,64,72,69,95,53,59,67,66,42	53,48,54,44,63,43,36,43,38,26	284	224
4955	1,3,1,4,1,2,0,2,3,0	2,2,5,0,1,1,1,0,3,1	0,3,2,6,1,2,2,0,0,1	1,1,0,0,2,5,3,1,0,1	207	139
4956	77,89,83,86,74,48,43,56,52,77	30,38,39,52,35,20,29,28,34,33	72,56,53,70,79,65,69,45,48,33	36,27,28,21,42,36,42,27,24,12	301	201
4957	33,26,37,30,23,20,17,32,27,22	45,55,50,55,44,36,43,50,66,61	24,22,26,29,17,24,37,22,25,23	45,62,44,56,48,52,73,41,48,54	193	278
4958	8,19,11,7,6,13,14,10,10,9	46,68,44,46,44,35,38,50,50,49	10,16,8,14,10,15,15,14,12,9	39,46,37,49,41,45,61,35,52,42	180	741
4959	24,27,28,27,30,16,28,27,31,25	36,23,26,24,29,19,17,24,26,29	31,34,20,44,35,23,35,32,31,44	32,18,27,35,23,27,28,30,23,26	270	187
4960	15,12,21,15,13,9,6,16,12,8	12,15,17,8,7,8,4,12,9,14	15,7,7,13,22,8,13,17,10,8	18,10,14,8,19,13,12,8,11,19	270	248
4961	76,66,70,71,73,55,66,63,62,64	84,120,123,126,109,102,97,67,92,99	62,76,55,62,76,57,70,74,60,54	101,113,57,85,106,71,118,107,102,93	145	243
4962	33,39,31,46,41,25,29,24,35,21	27,38,48,49,40,30,29,34,33,35	27,36,32,34,35,28,47,33,27,23	46,38,34,35,40,34,37,37,37,31	122	117
4963	54,61,58,49,57,40,37,46,55,40	24,25,23,18,22,15,10,15,21,25	42,54,40,57,55,46,73,51,63,46	23,22,19,18,30,16,28,18,25,15	141	122
4964	24,29,25,21,13,15,9,15,9,18	44,55,45,58,40,34,39,34,37,36	24,15,19,22,13,22,23,13,20,17	35,53,44,41,49,30,50,42,35,26	109	141
4965	37,30,44,55,40,29,36,31,24,32	37,41,30,32,41,22,26,26,33,25	36,26,25,29,38,31,35,37,31,28	31,32,27,29,35,29,46,33,33,23	168	109
4966	0,0,0,0,1,0,2,0,0,2	1,1,0,1,0,0,0,0,0,0	0,3,0,0,0,0,1,0,0,0	0,1,0,0,0,1,0,0,0,0	252	141
4967	22,17,17,13,15,8,20,14,26,31	140,191,171,166,152,139,110,170,146,166	19,15,19,13,29,36,29,15,18,18	171,156,143,135,193,163,184,145,160,134	137	148
4968	1,0,0,0,0,1,0,0,2,2	0,1,1,0,1,0,2,0,2,0	0,1,0,1,0,0,0,0,0,2	3,2,0,3,2,4,2,0,0,1	254	176
4969	1,2,0,3,1,1,1,2,1,3	0,1,1,0,1,0,2,0,2,0	0,1,0,2,0,1,0,0,0,2	3,2,0,3,2,4,2,0,0,1	704	176
4970	114,151,120,133,107,108,97,116,86,131	260,343,333,319,360,263,277,283,275,333	118,120,98,115,117,144,143,104,106,107	306,302,291,333,311,328,348,254,316,269	111	162
4971	15,12,17,16,14,5,13,7,13,6	110,104,134,103,133,63,75,106,90,78	17,6,11,15,16,13,29,15,10,8	131,100,87,77,116,109,119,62,71,39	186	520
4972	109,131,111,113,98,88,92,100,86,133	85,76,80,71,57,75,71,83,66,83	111,109,83,80,123,130,103,95,102,86	68,72,50,65,71,65,75,69,63,55	213	171
4973	166,217,176,207,161,138,144,150,181,180	115,145,143,143,122,104,130,118,117,154	202,154,168,187,192,176,179,144,159,116	143,112,116,110,150,147,117,142,149,97	261	213
4974	106,131,109,113,122,85,81,92,114,122	145,209,203,205,177,132,126,132,138,174	119,110,105,105,113,111,109,82,97,61	201,170,169,160,169,157,182,123,127,82	259	242
4975	116,88,84,94,75,54,49,51,72,47	40,61,42,51,15,13,24,12,26,17	81,72,40,76,110,75,81,59,42,33	35,20,21,24,57,29,38,15,16,11	263	134
4976	1579,1561,1604,1826,1625,1127,1420,1355,1390,1472	85,85,85,120,106,73,82,98,105,91	1680,1429,1345,1454,1664,1608,1845,1496,1433,1138	103,71,106,93,104,99,104,73,104,64	719	150
4977	1579,1561,1604,1826,1625,1126,1420,1355,1390,1472	506,490,542,555,472,426,456,421,463,476	1679,1429,1345,1454,1662,1608,1845,1496,1434,1138	469,430,458,438,507,542,567,440,469,428	719	218
4978	1614,1601,1649,1858,1644,1146,1450,1384,1436,1502	85,85,85,120,106,73,82,98,105,91	1721,1460,1385,1479,1704,1648,1875,1522,1462,1150	103,71,106,93,104,99,104,73,104,64	716	150
4979	1614,1601,1649,1858,1644,1145,1450,1384,1436,1502	506,490,542,555,472,426,456,421,463,476	1720,1460,1385,1479,1702,1648,1875,1522,1463,1150	469,430,458,438,507,542,567,440,469,428	716	218
4980	159,158,165,194,177,116,137,157,146,163	506,490,542,555,472,427,455,421,464,476	156,153,126,129,141,152,171,151,136,87	470,430,458,438,509,542,567,440,469,428	150	218
4981	364,362,347,418,373,298,317,307,378,341	721,805,835,847,794,658,693,596,692,825	342,305,352,327,359,400,405,309,360,297	781,697,731,734,758,828,923,719,707,679	218	261
4982	633,628,777,724,635,575,629,545,573,699	146,176,193,183,160,162,160,173,150,195	677,576,629,601,684,753,796,610,616,593	174,154,152,147,177,186,193,187,149,150	261	171
4983	15,22,22,13,23,8,14,25,15,14	41,41,57,38,56,33,46,35,33,57	21,14,15,13,11,14,21,16,12,13	27,49,31,36,42,33,53,43,44,44	186	216
4984	14,24,39,18,30,19,30,21,18,33	0,0,0,0,0,0,0,0,0,0	14,30,19,21,25,19,37,23,20,28	0,0,0,0,2,1,1,0,0,0	216	133
4985	41,47,60,40,57,34,37,38,38,52	2,0,0,0,0,0,0,0,0,0	35,58,38,40,51,40,57,35,42,47	0,0,0,0,0,0,0,0,0,0	216	133
4986	344,377,401,444,383,227,293,273,321,373	166,178,174,193,179,70,155,89,141,145	359,409,435,425,413,446,489,330,317,279	117,162,214,184,195,152,209,166,115,113	148	129
4987	27,44,28,48,45,19,36,25,30,43	761,966,975,1132,937,485,694,637,818,875	32,38,36,40,34,41,41,30,50,32	873,869,1026,917,971,983,1152,849,716,673	95	182
4988	552,568,585,711,608,403,495,481,556,639	638,752,756,810,739,452,678,607,695,861	546,622,712,633,655,675,755,640,519,523	652,776,846,769,826,836,958,737,657,651	222	191
4989	950,1122,1160,1162,919,842,869,943,908,940	739,980,856,914,739,740,686,801,792,823	1096,939,934,1065,1070,1069,1111,812,1033,850	823,780,781,873,864,884,920,757,826,700	363	330
4990	73,65,82,72,81,68,58,64,69,63	36,28,50,39,30,26,23,35,26,37	82,56,53,53,69,59,70,67,84,72	33,41,27,44,41,39,32,34,26,36	266	159
4991	24,24,38,58,44,38,26,32,45,45	49,66,66,65,67,67,65,59,48,89	36,27,45,36,39,44,33,26,43,33	62,44,63,47,76,67,66,59,73,85	179	225
4992	195,216,224,187,218,61,141,104,122,132	214,196,237,222,229,46,116,117,148,117	228,140,137,141,233,163,172,116,95,47	210,133,148,151,229,169,194,119,71,47	369	372
4993	154,145,178,148,153,104,128,131,125,145	424,435,389,433,387,271,306,350,361,384	144,176,153,135,182,174,177,155,126,87	428,352,326,379,483,418,443,366,332,215	155	197
4994	0,0,1,1,2,0,1,2,0,1	0,0,1,1,1,0,1,0,2,0	1,2,0,2,3,3,0,0,1,1	0,1,1,0,2,1,3,3,2,2	243	234
4995	170,213,217,227,96,96,114,92,163,101	106,108,104,140,108,97,90,92,116,101	163,160,110,143,228,167,171,120,69,65	117,117,82,114,121,108,131,101,91,79	185	159
4996	179,141,203,202,205,113,114,142,147,144	47,54,59,66,58,28,45,41,42,43	190,153,156,138,205,128,192,152,110,75	40,34,41,25,63,43,49,34,32,24	357	129
4997	199,187,224,237,229,120,128,168,162,155	47,54,59,66,60,29,46,41,42,43	221,172,177,168,235,150,221,173,128,85	42,36,40,25,64,43,50,34,32,24	357	129
4998	5,3,3,1,2,0,4,0,2,3	238,236,277,304,281,140,154,206,208,191	2,3,1,2,2,4,5,2,1,2	268,205,235,211,286,192,267,202,155,104	139	357
4999	11,18,29,16,15,15,13,18,14,29	18,18,12,22,7,3,5,12,14,11	12,6,26,19,23,11,15,19,20,19	16,7,17,19,13,14,14,16,10,13	188	205
5000	99,127,144,110,128,59,66,100,107,90	196,251,230,242,234,103,133,177,191,147	106,95,89,118,164,114,153,82,77,48	196,161,149,203,271,207,214,170,163,99	198	231
5001	150,183,179,199,163,30,84,84,74,67	166,195,176,176,204,32,83,93,91,115	175,99,86,96,203,132,153,79,35,10	174,142,121,116,224,160,210,88,47,19	204	167
5002	16,17,11,20,6,0,6,10,3,6	279,338,346,293,340,52,143,154,154,174	15,9,7,10,21,8,15,7,3,3	301,211,197,196,385,258,328,147,82,30	167	167
5003	46,46,61,49,61,31,47,41,50,47	191,217,186,223,191,143,154,169,188,177	58,48,53,53,44,51,58,43,37,28	217,217,185,189,216,211,217,152,176,125	169	435
5004	68,63,61,79,75,37,50,44,47,68	52,47,50,61,60,34,59,53,56,45	71,66,78,73,57,66,64,67,69,39	73,61,53,65,51,50,54,42,49,46	191	169
5005	119,117,140,142,133,32,85,92,91,87	109,115,127,127,144,30,85,78,80,75	145,103,121,93,157,136,107,85,61,29	118,83,97,74,156,126,125,118,58,30	275	328
5006	86,109,114,102,111,65,79,86,91,105	281,295,304,342,284,236,241,272,277,336	96,97,102,98,103,108,122,81,85,84	322,290,322,344,349,358,429,329,324,241	188	311
5007	95,106,113,86,115,68,79,81,76,97	281,295,304,342,284,235,241,272,277,334	111,106,105,95,122,110,127,75,98,81	322,290,323,344,349,358,429,329,324,241	188	311
5008	117,150,147,151,140,86,103,106,132,141	234,236,275,284,300,170,189,201,223,254	145,111,148,150,172,149,183,140,122,84	264,245,244,267,256,249,335,265,241,184	138	188
5009	65,107,86,94,84,67,87,69,81,74	113,98,113,146,99,84,70,71,97,114	75,85,103,99,96,97,109,76,70,53	92,102,117,140,94,126,131,116,72,52	147	258
5010	5,5,4,3,5,3,5,4,4,2	113,98,113,146,99,84,70,71,97,114	9,7,1,8,2,8,5,6,5,1	92,102,117,140,94,126,131,116,72,52	159	258
5011	23,40,37,29,22,24,27,22,26,19	110,98,112,146,98,81,70,70,95,115	29,37,40,25,30,39,32,25,30,21	91,102,117,140,94,123,129,116,72,51	147	258
5012	152,231,217,224,212,117,141,163,193,228	110,98,112,146,98,81,70,70,95,115	187,203,191,242,217,223,229,190,140,141	91,102,117,140,94,123,129,116,72,51	165	258
5013	25,38,38,31,22,26,27,25,26,22	110,98,116,146,98,85,71,71,96,117	32,36,43,28,31,40,33,25,32,22	93,102,121,141,97,125,131,117,72,52	147	258
5014	66,101,103,107,96,52,62,82,73,102	110,98,116,146,98,85,71,71,96,117	86,77,102,105,100,104,99,102,66,63	93,102,121,141,97,125,131,117,72,52	165	258
5015	120,150,147,151,140,86,103,108,132,141	110,98,116,146,98,85,71,71,96,117	145,110,148,151,172,149,185,140,124,84	93,102,121,141,97,125,131,117,72,52	138	258
5016	5,5,4,3,5,3,5,4,4,2	65,107,86,94,84,67,87,69,81,74	9,7,1,8,2,8,5,6,5,1	75,85,103,99,96,97,109,76,70,53	159	147
5017	152,231,217,224,212,117,141,163,193,228	23,40,37,29,22,24,27,22,26,19	187,203,191,242,217,223,229,190,140,141	29,37,40,25,30,39,32,25,30,21	165	147
5018	66,101,103,107,96,52,62,82,73,102	25,38,38,31,22,26,27,25,26,22	86,77,102,105,100,104,99,102,66,63	32,36,43,28,31,40,33,25,32,22	165	147
5019	120,150,147,151,140,86,103,108,132,141	25,38,38,31,22,26,27,25,26,22	145,110,148,151,172,149,185,140,124,84	32,36,43,28,31,40,33,25,32,22	138	147
5020	4,3,4,3,4,2,4,3,4,0	83,126,114,117,112,85,96,93,97,99	7,5,1,8,3,6,3,3,3,2	85,93,107,135,138,109,138,97,98,64	159	147
5021	112,185,156,170,166,93,98,127,149,181	41,59,64,49,49,41,35,46,41,43	148,160,138,195,163,183,184,141,109,108	39,43,41,61,72,46,61,46,58,32	165	147
5022	117,150,147,151,140,86,103,106,133,142	43,57,65,51,49,43,35,49,41,46	145,110,148,150,172,149,184,140,122,84	42,42,44,64,73,47,62,46,60,33	138	147
5023	120,150,147,151,140,86,103,108,132,141	66,101,103,107,96,52,62,82,73,102	145,110,148,151,172,149,185,140,124,84	86,77,102,105,100,104,99,102,66,63	138	165
5024	117,152,147,152,141,86,103,106,132,141	65,125,91,122,113,69,81,91,82,111	145,111,148,150,172,149,183,140,123,84	92,85,115,132,112,124,128,104,77,61	138	165
5026	109,104,125,114,103,38,60,61,78,82	85,96,85,94,71,35,56,67,65,53	103,88,101,98,113,108,145,101,79,53	70,66,82,96,101,87,105,73,65,33	156	144
5027	166,182,199,190,180,186,146,169,167,196	74,62,67,75,57,67,66,82,71,77	162,169,161,185,183,175,197,174,207,177	63,99,61,70,73,64,85,70,58,82	174	194
5028	64,75,68,71,90,62,74,59,64,78	82,67,74,100,74,68,63,88,83,73	70,104,59,50,76,77,96,78,66,77	84,63,69,74,87,80,102,77,68,80	120	144
5029	429,485,487,484,423,376,497,383,428,534	439,458,479,467,487,409,440,458,452,481	470,420,384,434,534,511,538,464,518,402	442,431,386,383,537,500,490,445,523,359	190	206
5030	39,59,49,60,46,20,39,32,43,38	28,38,27,21,21,21,19,38,33,16	47,40,41,46,53,44,58,46,34,37	38,35,28,29,42,31,47,20,28,23	352	149
5031	18,26,25,28,24,14,28,29,13,25	25,31,27,30,24,21,15,38,26,25	27,25,25,22,22,22,32,30,30,18	26,34,28,25,24,37,45,22,35,32	144	132
5032	20,34,29,36,28,16,17,27,29,25	33,53,36,44,35,31,35,29,24,29	22,33,21,23,33,28,31,32,21,16	36,36,23,36,46,43,34,25,30,28	117	144
5033	1,0,1,1,0,0,0,0,1,0	33,53,36,44,35,31,35,29,24,29	2,0,1,1,0,0,0,0,2,2	36,36,23,36,46,43,34,25,30,28	388	144
5034	49,44,55,65,56,34,42,34,41,35	24,30,23,21,27,14,16,18,18,15	46,35,39,35,62,35,33,29,30,29	25,13,13,16,36,23,20,12,20,28	218	151
5035	30,41,44,51,55,40,28,40,40,52	20,15,19,26,19,19,13,11,22,32	51,45,34,28,39,50,34,35,44,38	17,19,14,28,26,25,23,17,16,14	171	162
5036	45,72,49,67,47,30,40,49,46,40	38,34,38,41,26,44,29,28,33,29	58,64,42,50,47,52,42,32,49,47	31,31,17,19,32,36,40,16,22,29	213	171
5037	255,282,288,307,249,145,233,183,223,278	197,217,234,253,226,140,164,172,158,221	323,212,218,248,379,298,310,227,211,157	225,199,204,177,273,226,202,185,180,131	245	189
5038	82,109,86,92,108,64,77,82,98,70	145,147,139,136,143,79,108,104,118,149	115,93,88,99,100,84,100,81,87,45	150,132,122,140,168,176,155,133,105,99	159	227
5039	135,142,153,123,162,62,102,114,102,138	88,118,102,141,149,59,81,97,110,98	123,134,90,106,142,130,134,128,108,75	97,116,103,100,122,111,116,93,94,54	223	159
5040	55,62,58,61,43,29,42,40,42,41	40,69,52,62,53,36,31,23,28,31	59,48,44,63,65,60,80,54,49,28	51,30,36,27,56,41,36,47,45,22	230	177
5041	57,69,64,51,81,30,56,43,45,41	34,50,45,53,40,13,22,28,25,29	61,55,53,57,71,65,69,49,38,35	40,29,27,39,47,30,33,23,25,18	229	180
5042	33,36,33,37,51,10,23,20,33,20	58,63,50,65,60,25,29,36,28,35	31,23,17,31,37,32,27,24,17,12	51,42,38,61,69,42,79,37,32,20	180	252
5043	66,101,82,97,76,96,75,62,69,92	596,781,731,746,619,681,542,580,592,793	74,88,68,85,97,97,86,74,95,79	647,689,590,701,661,615,719,659,713,748	287	1278
5044	576,766,711,725,609,637,526,567,580,750	16,31,26,21,22,38,29,31,31,38	622,664,560,667,639,614,707,635,680,718	29,30,18,30,25,37,35,32,28,40	1278	149
5045	51,53,60,65,42,75,43,35,37,70	23,44,32,32,16,42,19,29,26,31	50,52,60,63,51,45,44,47,68,60	33,41,24,34,37,40,32,36,43,34	149	151
5046	76,96,96,97,67,77,64,56,67,63	56,56,58,61,42,38,51,44,56,59	71,53,55,50,98,63,80,68,41,69	57,36,44,43,47,50,67,53,59,46	249	162
5047	54,77,57,73,60,50,48,57,72,72	59,69,57,62,44,29,26,43,56,42	72,49,76,56,78,56,74,57,59,61	57,44,41,49,62,49,46,28,31,32	160	234
5048	3,4,1,2,2,3,2,0,2,3	64,70,57,63,68,54,40,59,78,65	1,2,3,1,7,2,1,0,0,3	83,67,61,63,77,44,85,81,59,62	102	207
5049	15,29,21,33,13,9,12,8,9,18	50,67,99,75,65,27,35,46,42,46	28,12,14,12,27,20,24,18,6,3	73,55,48,66,60,48,61,46,27,11	174	261
5050	16,23,20,23,27,2,4,23,18,9	2,7,2,1,2,0,0,0,1,2	39,9,14,12,14,22,30,22,6,4	1,1,0,0,1,0,3,1,0,0	120	150
5051	277,316,334,345,320,246,290,258,243,343	85,72,86,79,85,68,57,60,61,88	335,294,337,277,379,318,341,297,302,293	94,84,88,73,72,70,88,71,77,74	390	185
5052	271,252,250,244,219,159,142,177,180,204	103,103,108,120,138,78,77,74,92,84	226,206,183,218,264,184,231,184,203,121	86,83,96,87,118,84,100,91,92,61	312	192
5053	25,20,28,14,24,5,16,18,13,19	278,250,242,253,219,143,155,195,172,188	16,14,17,17,15,17,16,6,19,20	227,222,172,209,245,184,213,162,193,122	90	312
5054	17,20,39,19,20,9,11,26,29,15	30,28,27,40,36,28,29,31,38,21	22,14,24,26,23,27,24,13,16,15	34,33,28,49,50,36,44,31,30,26	158	205
5055	17,20,39,19,21,9,11,26,29,15	34,28,34,41,43,26,23,27,25,36	22,14,24,27,23,27,24,13,15,15	31,28,38,25,34,30,33,30,27,11	158	206
5056	16,18,25,17,20,17,16,26,6,21	22,12,39,24,20,13,15,18,29,16	10,21,15,19,21,20,19,17,23,12	35,23,20,22,26,28,21,22,10,9	178	158
5057	18,24,25,26,25,18,23,23,28,14	39,30,31,37,51,19,20,36,29,44	37,10,21,26,28,19,37,36,24,11	37,29,42,33,39,30,42,31,41,27	129	210
5058	18,24,25,26,25,18,23,23,28,14	15,6,14,11,9,9,7,13,13,20	37,10,21,26,28,19,37,36,24,11	12,10,18,8,10,11,20,14,17,11	129	190
5059	26,20,25,35,24,12,22,17,22,33	16,19,21,14,12,7,15,9,10,9	24,15,24,31,30,25,31,22,21,17	21,22,12,24,22,13,15,9,8,10	139	129
5060	24,20,20,25,18,19,11,19,19,9	21,30,31,30,34,28,25,32,32,24	27,23,23,25,31,15,29,22,19,10	43,15,30,34,37,30,47,35,30,16	157	139
5061	23,21,24,21,29,16,15,12,20,21	21,22,18,11,12,15,10,16,10,19	29,9,18,16,16,14,14,20,13,16	22,13,19,15,20,10,18,14,13,7	405	192
5062	80,78,98,113,95,46,34,52,56,68	47,48,64,71,46,24,27,36,35,29	94,62,85,59,81,74,78,70,44,37	53,43,58,45,62,51,50,49,48,24	369	225
5063	25,24,19,24,22,9,19,27,20,30	9,6,3,9,9,2,8,13,5,8	27,27,15,22,39,31,27,20,22,20	9,6,8,8,13,6,8,5,16,6	292	163
5064	24,27,25,34,22,13,12,21,20,20	18,25,23,29,21,21,16,13,25,30	29,35,19,20,20,22,22,33,24,21	25,34,26,28,21,21,41,27,26,9	187	201
5065	16,14,14,13,14,11,6,13,19,10	25,18,38,40,33,24,25,26,23,38	10,15,8,25,26,8,21,16,16,12	25,27,32,24,26,32,30,29,29,20	150	173
5066	1,4,1,3,2,0,0,1,0,2	1,0,0,0,0,0,0,0,0,0	3,1,1,0,0,0,1,1,0,1	0,0,0,1,0,0,0,1,0,0	272	140
5067	72,70,59,75,62,72,67,66,72,66	123,147,155,162,140,142,135,125,157,145	60,47,52,50,71,58,73,67,63,64	172,145,153,151,138,135,175,157,141,158	111	190
5068	167,209,225,206,165,207,175,182,199,209	69,71,77,80,64,79,74,71,82,89	183,195,199,193,194,163,250,219,211,211	83,64,86,80,61,69,81,79,87,97	190	162
5069	16,15,9,15,15,9,10,10,15,14	13,22,14,24,20,13,16,11,17,21	15,14,10,13,9,15,22,14,10,19	18,21,12,15,15,10,25,6,17,15	240	231
5070	62,63,79,75,77,37,37,62,49,50	64,75,86,90,104,68,63,79,78,69	53,51,52,47,74,70,57,44,50,44	85,85,57,77,49,77,95,89,57,53	168	177
5071	56,58,69,59,48,34,34,41,46,45	80,86,83,72,71,47,50,61,58,62	57,52,45,55,55,39,60,41,42,41	64,58,49,57,82,67,75,76,54,48	207	211
5072	15,9,19,19,15,17,20,16,19,28	94,120,86,127,108,85,83,91,90,108	32,15,22,15,26,13,24,18,15,20	107,110,85,92,99,88,101,95,110,95	189	309
5073	3,4,6,4,6,5,10,6,5,10	94,120,85,127,106,82,83,91,88,108	12,7,7,5,6,4,9,2,7,6	105,111,84,92,97,88,99,95,110,95	189	309
5074	34,31,35,28,21,32,31,34,25,30	26,34,42,36,35,29,40,25,32,48	29,28,27,23,34,36,39,17,37,31	46,26,31,33,41,29,38,30,37,32	198	189
5075	27,27,17,30,28,15,18,31,29,21	27,34,42,35,33,28,40,25,32,47	26,24,30,19,27,33,19,23,35,18	46,26,31,33,41,29,37,30,36,32	171	189
5076	41,40,31,36,42,36,30,42,31,47	9,6,4,8,6,5,4,7,9,7	36,29,39,49,42,41,30,29,31,24	8,6,7,3,7,5,4,10,6,1	253	171
5077	1,1,1,0,1,1,3,0,4,3	0,4,2,3,5,5,7,4,11,8	2,2,2,4,2,1,3,2,1,2	4,4,3,4,8,7,7,5,7,6	113	108
5078	28,34,27,40,28,18,24,30,19,22	1,0,0,2,0,0,0,0,1,0	21,21,23,27,23,21,36,16,16,20	1,1,0,0,2,2,1,2,1,3	180	207
5079	21,32,17,30,21,16,30,22,19,28	51,76,65,65,60,52,43,76,59,65	14,30,30,12,35,20,33,23,19,35	72,63,51,67,57,55,87,60,62,66	108	198
5080	57,65,69,114,74,65,72,70,57,70	92,131,127,108,122,92,100,102,78,118	63,55,67,67,85,62,71,64,67,54	104,99,81,99,108,107,121,101,95,134	108	123
5081	24,18,18,12,22,13,14,11,25,21	45,53,39,50,58,41,49,49,48,53	16,24,18,14,19,23,17,23,35,22	64,44,56,62,46,48,47,46,46,32	144	201
5082	0,1,1,0,0,0,0,1,1,0	51,67,77,70,66,26,43,45,63,43	0,0,0,1,0,0,0,0,0,0	39,56,46,42,64,57,65,51,40,19	157	247
5083	451,459,471,488,413,311,352,401,380,373	940,1092,1054,1132,1025,719,761,866,910,863	460,385,423,461,507,467,547,473,400,282	1047,906,1021,1082,1063,1028,1151,934,988,776	230	404
5084	451,459,471,488,413,311,352,401,380,373	138,171,156,170,161,116,102,101,128,111	460,385,423,461,507,467,547,473,400,282	129,122,128,142,155,130,155,109,124,102	230	179
5085	451,459,471,488,413,311,352,401,380,373	528,609,584,603,545,439,417,472,477,494	460,385,423,461,507,467,547,473,400,282	592,506,539,546,546,545,603,548,428,375	230	273
5086	56,53,61,59,55,19,29,45,32,33	28,42,46,41,30,12,11,25,28,26	56,32,45,41,59,47,59,50,40,24	40,27,37,39,36,37,35,34,31,10	264	261
5087	0,2,2,0,3,4,0,0,0,2	0,0,1,0,0,0,0,2,0,0	0,0,1,1,2,1,0,0,0,0	0,0,0,0,0,0,0,0,0,1	207	161
5088	2,1,4,0,0,0,1,0,1,0	1,0,2,4,2,0,0,0,1,1	2,0,0,1,1,0,1,1,1,0	2,0,0,1,2,3,4,1,0,1	189	188
5089	63,50,66,59,63,56,31,61,44,52	49,34,52,46,35,24,25,41,38,44	58,41,61,61,67,48,68,61,64,73	56,39,36,39,47,41,36,62,55,24	186	189
5090	64,49,66,59,63,56,32,61,44,53	33,43,34,38,27,17,19,25,25,29	59,41,61,61,66,49,67,61,64,73	28,37,29,28,42,29,25,33,40,25	186	189
5091	46,49,59,57,36,39,25,41,48,55	98,110,128,94,91,107,54,94,96,100	56,55,47,55,63,55,33,54,65,58	120,91,95,90,105,77,110,113,85,109	189	224
5092	46,49,59,57,36,39,25,41,48,55	90,95,120,86,80,94,49,83,84,95	56,55,47,55,63,55,33,54,65,58	106,84,84,79,87,65,98,103,74,93	189	200
5093	2,4,5,2,0,3,4,7,1,2	9,7,7,7,2,0,10,5,10,1	2,2,5,3,3,3,2,2,5,1	4,2,1,0,10,3,6,3,8,3	270	229
5096	17,14,27,18,15,6,13,11,6,16	19,18,23,23,17,4,11,12,19,16	16,17,18,9,25,18,14,14,8,15	29,13,21,17,20,31,25,18,11,16	140	123
5097	20,18,25,28,16,11,13,4,21,20	52,38,47,69,54,30,34,29,44,48	12,20,20,25,27,29,31,19,10,10	54,42,48,47,62,43,65,30,34,19	123	200
5099	19,19,13,25,15,23,20,20,44,18	21,32,32,27,27,33,37,31,36,25	13,24,18,29,28,25,26,10,29,18	17,20,26,37,25,34,23,22,25,40	159	151
5100	55,65,65,57,49,64,56,58,70,72	217,240,240,263,225,302,232,250,240,240	59,74,64,53,62,60,84,69,64,78	254,235,213,227,221,226,247,217,298,331	148	208
5101	0,0,0,0,0,0,0,1,0,0	7,8,7,14,8,6,13,6,6,6	0,0,0,0,0,0,0,0,0,0	6,9,4,6,8,10,6,9,5,10	175	172
5102	51,53,58,66,61,63,55,52,50,53	27,27,36,38,31,22,37,29,43,37	62,53,79,60,62,50,72,61,83,69	29,33,34,21,45,34,40,25,33,31	229	178
5103	84,77,86,68,69,80,54,56,63,86	975,894,1013,929,828,1062,907,885,951,997	73,57,56,80,59,56,76,47,72,70	942,921,881,888,934,931,985,876,1019,1186	90	316
5104	405,361,446,480,372,377,337,351,402,458	105,91,99,89,90,99,81,89,72,95	441,363,328,386,380,374,393,375,484,463	91,72,65,86,116,91,74,81,114,98	176	90
5105	34,33,47,59,54,35,29,49,51,60	202,171,170,191,167,154,126,200,179,192	58,43,41,41,53,38,55,47,33,38	193,156,179,168,185,173,192,177,186,203	87	138
5106	10,22,23,10,19,12,21,20,20,19	18,28,8,16,9,16,11,9,13,7	16,18,11,16,17,18,19,12,18,17	13,12,16,8,9,14,15,6,20,11	204	196
5107	109,130,104,127,158,108,114,139,144,155	394,447,477,491,476,389,408,428,416,488	160,119,136,124,148,139,155,138,162,120	479,438,414,501,562,437,506,464,539,410	113	139
5108	4,4,7,10,6,3,7,8,5,5	12,18,16,16,12,8,11,13,10,11	5,0,0,5,6,2,2,6,6,2	13,10,14,13,14,11,9,8,15,9	148	155
5109	13,16,12,22,12,4,18,11,11,17	0,0,0,1,0,0,0,0,0,0	22,15,20,12,18,10,12,7,11,7	0,0,2,0,0,0,0,0,0,0	220	129
5110	60,51,67,67,55,46,49,61,57,93	30,25,46,47,42,25,37,27,33,43	49,60,51,38,60,54,62,47,60,65	49,24,41,32,39,45,38,30,32,31	267	197
5111	54,35,59,37,47,48,46,40,42,62	37,26,39,40,46,44,27,28,28,35	48,51,28,40,54,37,50,38,37,32	39,36,25,27,42,47,39,45,35,25	214	191
5112	0,0,0,0,0,0,0,1,0,1	70,55,86,92,83,75,52,50,68,76	0,0,0,0,0,0,2,0,0,0	86,72,56,53,85,83,88,67,73,54	219	196
5113	54,35,59,37,47,48,46,40,42,62	55,42,59,60,57,58,41,35,39,49	48,51,28,40,54,37,50,38,37,32	53,53,35,44,56,58,56,61,49,36	214	196
5114	167,191,191,201,178,186,163,177,169,198	340,347,370,421,353,358,306,341,355,461	148,176,151,155,207,201,174,128,187,146	346,393,271,396,381,405,398,330,381,349	132	187
5115	89,103,120,94,113,54,77,84,95,78	83,68,103,89,92,52,61,75,68,62	85,87,74,77,105,111,115,73,67,57	69,80,69,79,84,86,71,64,58,46	150	159
5116	61,61,83,84,68,36,51,67,58,65	72,64,85,80,76,71,54,71,77,64	62,64,46,69,69,57,74,56,47,39	47,59,52,54,62,89,64,67,67,34	159	165
5117	186,201,181,248,169,179,153,182,202,213	464,534,541,541,519,513,482,536,484,588	183,184,173,179,187,182,199,185,185,167	531,507,533,505,534,588,578,502,594,485	174	194
5118	17,11,13,18,14,8,3,14,16,6	14,15,17,24,12,15,11,9,13,9	10,14,13,16,6,14,12,10,9,8	20,17,22,13,13,14,14,20,11,10	204	227
5119	2,2,6,1,4,4,0,3,5,3	145,177,167,184,167,168,147,189,172,192	4,4,4,3,8,1,5,6,3,4	159,147,151,191,168,159,203,176,173,190	127	158
5120	2,2,6,1,4,4,0,3,4,4	174,163,157,173,161,207,134,169,155,177	4,4,4,3,8,1,5,6,3,4	181,183,164,167,175,166,193,160,213,162	127	209
5121	32,15,20,33,23,19,32,17,19,32	26,27,43,28,35,28,43,25,30,43	22,14,29,27,23,22,29,21,15,21	29,27,32,21,47,47,44,39,30,26	143	153
5122	91,122,80,126,109,119,77,98,98,102	33,47,48,59,64,53,37,45,46,63	97,91,82,102,110,114,137,128,127,98	46,40,47,51,52,52,57,54,46,49	271	198
5123	120,163,117,139,122,135,127,122,126,142	63,51,66,74,59,101,51,75,62,76	143,135,107,157,113,127,144,121,151,173	82,82,48,77,63,65,87,74,85,81	262	187
5124	119,163,117,139,122,135,127,122,126,142	45,58,63,54,43,47,15,50,51,49	143,134,107,157,114,126,144,121,151,173	38,45,28,36,38,44,57,46,53,51	262	319
5125	119,163,117,139,122,135,127,122,126,142	11,14,12,9,7,12,12,9,15,6	143,134,107,157,114,126,144,121,151,173	18,5,10,11,10,7,6,9,19,18	262	162
5126	45,58,63,54,43,47,15,50,51,49	11,14,12,9,7,12,12,9,15,6	38,45,28,36,38,44,57,46,53,51	18,5,10,11,10,7,6,9,19,18	319	162
5127	80,84,92,88,65,76,93,63,84,95	26,41,46,36,40,57,31,29,37,32	102,65,77,79,86,73,79,79,100,106	36,45,30,33,26,35,38,35,47,28	187	138
5128	217,252,265,285,218,249,247,226,242,311	24,38,44,33,39,54,30,28,34,32	277,203,215,236,259,241,253,243,295,316	35,44,29,31,24,35,35,33,46,28	641	138
5129	28,62,50,47,39,51,51,29,36,58	24,38,44,33,39,54,30,28,34,32	36,47,36,38,36,30,49,46,39,55	35,44,29,31,24,35,35,33,46,28	149	138
5130	425,451,465,522,424,415,391,415,394,439	24,38,44,33,39,54,30,28,34,32	461,390,355,408,489,402,425,370,455,411	35,44,29,31,24,35,35,33,46,28	483	138
5131	30,63,44,49,39,51,50,28,36,52	70,81,92,65,66,82,74,75,88,71	35,45,33,39,36,28,48,45,39,49	95,79,69,70,94,82,81,57,81,91	149	187
5132	2,2,1,0,0,1,2,2,0,1	3,3,3,5,1,2,5,1,4,3	1,3,0,0,1,3,0,2,1,0	1,9,3,7,4,3,3,3,4,1	145	108
5133	62,67,88,86,80,69,69,73,55,83	53,62,57,60,52,52,50,48,48,62	73,79,71,84,63,63,67,72,93,81	50,48,53,42,60,60,50,45,67,65	169	196
5134	33,41,45,47,33,25,21,28,37,42	138,162,171,182,170,122,138,145,159,143	34,31,36,38,31,37,50,28,30,23	160,157,124,166,161,169,169,154,151,140	141	217
5135	5137,6399,5681,5643,4396,3210,2418,5693,5167,4777	1442,1714,1573,1494,1039,1003,753,1536,1447,1287	6071,4220,1687,696,5186,4280,6477,4086,4222,3322	1434,1039,494,226,1375,1146,1802,1126,1088,1075	177	134
5136	5137,6399,5681,5643,4396,3210,2418,5693,5167,4777	399,375,378,366,263,216,182,336,303,304	6071,4220,1687,696,5186,4280,6477,4086,4222,3322	403,298,150,46,358,271,381,265,293,259	177	101
5137	2,2,3,6,2,3,2,1,8,4	2,6,5,1,0,2,2,4,1,3	2,2,3,2,5,1,3,4,3,4	4,3,4,7,1,5,4,3,1,1	191	131
5138	10,27,14,20,18,23,18,16,17,17	2,6,5,1,0,2,2,2,1,3	21,25,22,20,19,23,21,13,14,29	4,2,4,7,1,4,3,4,1,1	227	131
5139	10,27,14,20,18,23,18,19,17,17	2,0,3,3,1,2,1,0,6,1	21,26,22,20,19,24,21,13,14,29	2,1,3,1,4,1,2,2,1,1	227	191
5140	15,22,19,9,19,11,16,17,17,11	11,17,12,16,15,22,15,13,15,14	13,17,15,11,10,11,16,11,20,17	17,20,18,21,14,13,14,10,9,28	153	227
5141	525,518,605,689,546,510,474,514,509,653	454,564,543,492,519,528,459,471,484,554	518,534,545,553,607,585,538,514,593,527	574,521,478,536,485,539,599,518,587,522	202	171
5142	517,665,624,654,578,583,561,559,588,673	502,470,539,560,461,483,444,479,460,551	616,593,526,606,643,626,721,573,682,570	500,454,486,459,516,486,521,454,521,458	171	198
5143	99,100,105,116,91,114,91,126,105,136	128,135,125,148,107,129,136,133,109,144	117,100,114,98,116,99,104,115,113,121	141,138,127,134,118,108,144,112,144,151	216	219
5144	114,113,119,116,114,64,72,87,71,87	90,89,92,81,91,61,65,59,66,65	112,107,106,90,122,88,96,91,85,52	87,72,62,76,113,81,81,72,56,49	203	172
5145	315,347,315,322,320,245,296,295,309,287	252,307,281,278,234,215,249,269,296,258	314,296,302,298,303,296,372,322,300,239	249,229,247,248,282,221,271,230,241,229	176	183
5146	46,48,53,49,58,43,42,32,32,55	45,55,70,54,53,42,41,39,36,52	47,37,48,36,49,52,49,40,36,19	60,48,66,55,49,47,67,46,50,47	202	143
5147	9,3,4,9,10,1,6,3,5,6	84,113,120,114,96,81,81,70,75,86	1,12,6,2,6,2,1,6,2,3	103,90,110,92,89,90,131,80,91,77	297	143
5148	23,43,39,42,30,29,26,22,29,22	60,81,85,84,77,40,71,62,65,56	29,29,29,32,29,26,42,20,33,20	85,76,80,63,105,99,81,72,50,47	143	156
5149	11,9,9,11,14,4,7,12,4,7	60,81,85,83,77,39,71,62,65,56	5,10,17,10,13,15,11,11,7,5	86,76,80,63,105,99,81,71,50,47	143	156
5150	68,77,88,77,72,55,59,57,54,71	253,243,261,301,279,170,187,193,216,246	85,69,86,69,66,70,100,69,63,62	297,224,230,231,279,272,265,216,196,180	156	289
5151	213,208,227,245,223,122,181,160,178,190	50,65,74,57,63,35,52,59,49,57	253,209,216,198,258,240,228,182,155,142	80,58,51,74,69,79,71,77,54,53	289	161
5152	109,126,128,152,142,99,91,106,112,122	224,234,268,265,238,154,161,176,219,205	150,102,106,124,141,155,136,112,104,99	222,234,226,241,260,263,284,230,176,176	161	230
5153	51,44,41,53,43,49,48,46,49,55	50,80,71,67,55,84,65,79,63,71	57,51,48,47,44,40,44,48,47,65	64,84,76,57,72,62,68,60,55,76	176	136
5154	436,469,502,477,408,328,448,379,401,401	92,111,103,126,98,82,116,71,100,109	449,435,431,413,537,430,584,424,429,336	116,110,95,84,113,100,118,100,105,108	633	213
5155	27,25,29,34,28,10,19,15,43,22	40,32,27,34,43,26,25,20,30,36	23,42,23,36,30,30,31,31,22,7	37,28,24,40,26,29,42,36,35,21	149	180
5156	2,2,0,4,1,0,1,0,0,1	1301,1604,1556,1600,1605,1173,1139,1322,1222,1369	0,0,3,1,0,0,0,2,1,2	1449,1277,1315,1370,1474,1432,1601,1315,1286,1049	118	217
5157	4,6,13,4,8,4,9,10,2,6	2,3,1,4,2,3,2,3,2,1	7,2,8,6,4,7,9,7,5,6	1,2,1,3,3,1,0,0,2,0	212	133
5158	107,102,110,124,91,98,78,90,72,81	38,44,37,54,34,34,37,54,53,36	113,85,90,93,91,83,108,63,81,66	47,38,43,38,33,36,55,40,47,22	319	146
5159	90,82,51,66,45,59,50,58,69,70	24,37,42,38,28,32,26,29,30,37	65,47,48,54,69,69,80,59,66,55	36,27,20,30,20,38,31,21,25,24	146	131
5160	105,105,115,88,84,102,98,94,84,94	171,233,207,199,184,207,196,158,187,213	142,104,95,93,136,105,88,102,126,106	195,193,187,181,221,183,180,175,207,179	147	234
5161	19,36,32,31,28,25,23,38,24,39	76,84,78,68,69,71,66,70,73,79	40,31,33,21,31,25,29,41,39,33	79,61,68,94,74,66,90,80,77,87	230	329
5162	85,76,78,83,79,80,70,71,60,66	65,66,65,95,82,89,61,78,86,89	59,85,70,78,93,72,94,75,63,78	80,78,76,75,97,79,89,72,89,87	196	208
5163	15,18,13,21,16,9,14,16,18,17	51,52,59,74,43,59,40,65,45,75	16,11,22,22,13,16,17,6,10,12	56,54,41,43,64,62,61,36,53,71	153	153
5164	38,64,67,59,40,32,45,50,58,54	225,256,231,221,286,219,197,211,222,296	66,52,65,56,80,81,70,64,50,55	251,199,241,214,306,279,333,277,267,257	152	222
5165	36,61,67,55,39,31,42,50,58,51	182,239,197,233,245,177,198,178,211,204	61,49,61,56,80,76,67,61,48,52	201,175,176,199,234,205,252,200,222,151	152	214
5166	8,2,9,15,6,4,12,11,5,1	5,5,15,4,9,2,4,5,5,3	12,6,5,5,10,2,5,10,0,6	7,10,8,3,16,2,9,9,10,7	167	199
5167	41,33,35,47,35,44,42,52,48,50	31,63,45,66,42,49,39,46,47,54	50,36,46,48,47,24,39,36,48,49	50,48,46,48,54,57,62,49,68,55	328	303
5168	17,36,19,35,27,23,12,21,17,15	5,1,9,5,9,3,2,6,11,5	34,24,23,33,20,21,28,28,39,24	8,11,7,5,10,8,8,7,5,7	258	258
5169	0,0,2,0,0,0,0,0,0,0	12,19,13,9,16,6,7,12,2,7	1,1,0,0,0,1,0,0,0,0	9,18,10,8,13,5,15,3,5,8	153	99
5170	6,5,6,13,5,3,4,5,2,9	2,2,2,2,1,2,3,3,0,0	3,3,2,2,5,4,5,1,1,4	3,3,2,0,3,1,3,0,3,3	134	99
5171	0,0,1,0,0,1,0,0,0,0	2,2,2,2,1,2,3,3,0,0	0,0,0,0,0,0,2,0,0,0	3,3,2,0,3,1,3,0,3,3	143	99
5172	0,0,1,0,0,1,0,0,0,0	6,5,6,13,5,3,4,5,2,9	0,0,0,0,0,0,2,0,0,0	3,3,2,2,5,4,5,1,1,4	143	134
5173	1,1,0,0,2,0,0,3,1,1	1,3,2,3,0,0,0,0,0,1	0,3,0,1,1,1,0,2,0,1	0,0,1,1,0,2,1,1,0,1	126	126
5175	78,68,78,67,73,60,64,59,44,80	36,46,35,37,24,31,24,21,32,32	71,64,92,91,92,69,81,90,71,71	31,37,37,49,50,38,35,50,48,39	742	332
5176	9,16,19,12,15,6,8,16,16,13	18,16,18,25,19,22,13,16,28,10	10,13,17,14,7,15,8,14,16,9	20,23,26,18,24,15,21,32,44,23	286	219
5177	204,185,195,222,218,105,139,174,189,201	233,287,230,250,231,148,210,225,217,262	183,164,137,152,219,211,215,161,158,108	260,242,236,249,266,228,269,226,184,147	218	191
5178	117,161,139,133,129,133,112,119,92,153	158,217,202,205,168,172,166,153,174,208	131,122,120,110,130,112,159,113,99,120	153,156,147,174,167,159,210,167,173,172	160	268
5179	11,19,16,17,20,9,11,15,12,21	58,76,57,64,89,48,48,53,66,66	19,13,12,20,13,17,16,20,20,10	65,70,49,52,96,90,81,58,71,37	102	178
5180	50,60,73,64,75,37,58,47,44,57	14,18,17,10,14,8,8,16,22,16	63,51,43,51,83,54,72,55,57,24	18,10,15,11,26,18,13,19,8,11	149	102
5181	65,101,84,98,93,46,66,67,57,88	37,38,37,50,44,27,30,35,24,53	82,87,66,76,89,92,86,84,73,47	54,38,35,35,40,46,39,41,49,30	205	149
5182	64,86,64,66,58,44,34,59,42,51	56,87,77,75,59,45,49,53,57,59	79,70,48,75,76,66,88,64,59,33	73,58,59,72,80,60,68,77,66,45	161	184
5183	6,4,10,3,1,2,7,4,3,4	3,4,8,6,3,2,4,5,8,4	5,6,3,8,5,4,3,4,3,5	4,4,2,5,7,4,6,2,7,2	192	202
5184	2,1,3,4,1,2,2,2,5,0	27,37,34,44,33,28,18,27,23,30	1,2,2,1,2,2,2,0,2,1	45,34,31,32,35,34,33,24,39,10	141	186
5185	99,108,121,123,148,99,115,120,109,116	69,84,86,103,94,66,85,84,66,114	120,116,130,121,133,130,118,115,135,120	92,81,78,73,68,107,91,89,91,85	212	143
5186	124,122,141,136,128,124,128,144,134,141	133,151,153,153,174,142,134,165,156,151	125,137,154,153,150,143,165,162,154,145	158,149,181,153,176,189,181,154,184,172	195	212
5187	106,108,117,101,96,38,58,77,69,60	145,131,144,129,111,53,68,79,97,80	96,60,68,91,111,88,126,47,45,34	114,99,83,98,144,113,113,70,67,36	341	363
5188	3,11,11,11,9,1,2,6,5,6	39,41,47,54,51,27,27,44,36,36	11,8,3,11,9,4,10,5,5,3	43,28,25,56,36,36,45,22,20,16	150	139
5189	6,13,13,8,9,0,11,9,6,5	39,41,46,54,51,27,27,44,36,36	8,10,6,7,11,9,11,3,4,4	43,28,26,56,37,37,45,23,20,16	150	139
5190	7,13,15,9,8,0,10,9,4,3	39,41,46,54,51,27,27,44,36,36	6,7,6,4,13,7,8,2,3,3	43,28,26,56,37,37,45,23,20,16	157	139
5191	857,996,955,1007,851,1053,888,1024,919,1022	842,984,1023,1133,933,1149,896,988,888,1165	1093,946,861,926,1019,915,1020,952,1219,1053	1078,967,802,941,996,928,1043,939,1382,1154	225	188
5192	541,655,628,665,566,646,575,634,606,665	1016,1125,1188,1210,1039,1320,1035,1221,1062,1286	673,520,504,547,645,648,678,606,713,588	1281,1139,970,1052,1159,1138,1159,1168,1511,1241	308	225
5193	99,74,104,103,82,80,106,93,109,116	182,213,215,247,219,227,194,203,176,294	111,93,103,108,106,129,100,103,119,105	213,217,189,234,263,245,241,173,237,232	184	167
5194	62,66,78,87,74,36,49,59,75,61	34,27,43,46,44,15,24,27,23,38	59,58,69,47,86,68,87,62,42,44	36,30,31,30,37,38,37,36,22,27	247	161
5195	46,64,56,46,56,20,36,35,34,44	103,97,105,86,94,47,63,71,67,92	47,51,51,47,41,56,52,55,44,17	93,103,81,87,108,84,87,73,75,36	186	180
5196	120,137,130,133,123,63,70,105,103,111	55,73,62,79,60,33,50,59,50,45	133,109,106,112,117,119,145,109,106,37	67,47,67,62,56,59,60,66,40,22	238	184
5197	0,1,0,1,0,4,0,0,0,0	3,4,5,6,4,4,1,6,3,2	3,2,1,3,2,0,1,1,0,1	3,2,4,1,4,1,7,2,2,4	183	269
5198	2,2,6,6,3,4,1,3,3,5	0,0,0,0,0,1,0,0,0,0	1,3,1,3,3,3,0,3,3,0	2,1,0,1,1,0,0,1,0,0	298	183
5199	2,3,6,5,3,4,1,3,3,5	0,0,0,1,0,1,0,0,1,3	1,3,1,3,3,3,0,3,3,1	3,1,0,5,3,0,0,1,1,0	298	183
5200	2,2,3,1,3,1,1,1,6,0	1,1,2,1,0,0,0,2,0,1	0,2,2,1,1,2,3,1,2,2	0,2,1,1,2,0,0,2,1,0	351	351
5203	37,54,33,50,49,51,22,33,36,46	275,299,297,316,275,287,270,198,215,353	27,32,25,22,39,39,37,35,42,42	297,258,271,278,345,252,331,271,317,364	114	345
5204	60,43,38,57,50,41,39,34,39,57	36,43,32,35,42,32,28,38,29,43	42,38,44,53,52,48,52,37,58,52	49,38,50,36,43,30,45,34,40,42	138	114
5205	1,4,1,3,3,6,5,1,2,1	62,88,50,60,57,66,48,61,47,72	2,3,3,1,0,2,3,0,2,2	59,59,53,56,56,58,58,53,67,59	147	144
5206	56,69,63,43,55,68,51,66,63,68	150,167,205,188,189,191,156,186,171,248	56,56,52,64,69,62,84,57,83,80	190,187,198,210,177,191,198,210,224,266	191	401
5207	78,97,88,77,74,37,66,66,57,68	201,209,200,217,207,91,136,131,141,139	81,61,54,66,87,64,83,67,47,28	210,150,170,170,224,201,200,174,128,76	185	247
5208	14,21,12,15,16,10,18,24,19,18	16,27,16,18,11,8,12,11,8,13	20,13,18,17,18,13,12,19,17,18	16,14,17,11,9,15,17,10,17,7	163	157
5209	27,31,15,25,19,18,13,31,20,24	19,15,8,27,26,18,16,14,23,23	25,25,21,21,23,24,22,20,19,16	27,15,19,18,18,10,27,25,22,17	203	170
5210	37,42,40,54,53,27,38,40,39,32	159,200,186,188,176,84,106,131,119,155	56,48,32,41,69,48,43,37,38,18	194,132,116,143,189,145,154,132,74,61	200	219
5211	78,87,83,105,63,31,61,55,75,69	161,200,186,190,176,84,107,132,119,154	94,72,73,70,118,94,91,55,57,30	194,133,116,143,189,148,155,132,74,61	200	219
5212	99,89,91,95,91,38,74,84,77,59	75,62,63,77,73,25,38,63,55,47	100,77,83,87,80,82,128,83,58,33	75,49,67,46,79,68,79,51,37,33	240	181
5213	481,417,479,473,464,198,286,360,361,345	105,93,100,103,106,51,65,100,76,76	537,417,432,374,486,443,530,346,281,180	106,99,96,96,96,85,133,88,65,44	1015	240
5214	347,347,359,373,330,127,192,240,237,284	105,131,122,130,107,43,84,99,87,107	362,238,279,299,394,280,333,218,185,104	135,101,94,90,129,118,125,89,79,45	231	129
5215	34,47,34,47,30,25,31,33,39,35	40,26,34,28,36,22,28,26,27,27	28,33,30,34,59,48,54,33,30,29	37,28,30,23,35,30,37,27,31,24	149	134
5216	10,23,23,30,15,18,9,16,16,16	0,1,0,0,0,1,0,4,1,0	13,13,17,13,11,19,12,17,19,15	1,0,1,0,0,0,0,1,3,1	212	161
5217	40,67,53,51,41,37,63,57,53,50	33,22,28,32,26,14,21,22,15,28	62,45,72,42,62,49,54,44,45,36	21,25,22,19,24,18,28,24,36,25	186	184
5218	9,18,17,13,15,13,19,6,10,25	82,114,92,111,85,72,83,88,93,110	18,11,18,16,15,10,18,17,14,14	107,83,95,78,92,97,93,108,110,61	189	186
5219	6,5,0,5,6,4,1,4,2,7	47,54,47,67,35,42,39,50,53,60	5,3,3,4,4,4,1,1,2,2	72,40,49,40,90,58,56,38,40,32	144	132
5220	7,6,9,10,4,8,11,7,6,12	14,18,7,11,15,15,9,11,12,18	7,6,10,5,8,5,9,4,5,8	20,13,11,13,19,22,10,17,15,13	214	224
5221	80,97,88,85,95,58,65,67,81,62	24,30,33,15,25,8,6,9,18,11	82,78,76,81,107,71,77,84,55,63	17,18,4,24,22,27,19,16,9,20	215	170
5222	4,5,2,3,1,0,1,4,2,1	1,2,2,0,2,1,1,0,2,2	3,1,3,4,3,2,2,5,3,3	0,2,0,0,1,4,1,5,1,1	174	125
5223	83,90,82,113,95,103,75,82,81,96	50,72,58,78,58,74,44,59,70,61	100,102,87,87,98,119,120,91,119,111	58,89,52,67,69,53,67,86,65,78	255	177
5224	26,27,30,26,45,32,27,31,37,35	90,110,99,117,95,115,82,92,99,104	31,27,24,16,34,27,41,26,28,39	96,115,94,111,105,125,111,98,125,117	134	255
5225	186,196,187,254,220,231,159,176,171,248	213,191,233,249,188,233,199,234,185,250	213,228,199,202,184,200,241,184,203,222	216,236,234,190,216,217,203,225,267,238	189	223
5226	147,134,132,173,128,140,105,139,140,141	171,253,195,247,211,249,211,210,226,285	148,173,130,126,143,153,147,141,155,149	223,253,233,232,205,214,271,206,223,269	186	189
5227	10,9,17,19,10,10,12,10,12,13	9,10,9,8,5,6,6,8,4,8	15,15,10,3,20,11,7,7,9,12	4,10,5,7,7,5,7,4,8,4	210	172
5228	56,63,54,59,54,41,36,47,46,54	48,80,76,84,75,42,68,78,58,70	51,51,38,46,56,62,81,42,42,34	73,72,60,63,72,73,82,50,62,67	130	139
5229	7,11,7,11,9,5,6,3,4,9	23,20,20,18,23,6,8,9,13,15	6,5,7,5,8,4,10,5,5,4	22,19,20,18,21,13,21,14,13,8	119	155
5230	7,11,7,11,9,5,6,3,4,9	9,5,2,4,7,0,2,2,2,3	5,5,7,5,8,4,10,5,4,4	9,5,0,4,3,6,5,5,3,0	119	155
5231	7,11,7,11,9,5,6,3,4,9	21,31,24,32,23,18,24,18,19,13	5,5,7,5,8,4,10,5,4,4	21,20,18,24,24,21,24,26,18,13	119	213
5232	9,5,2,4,7,0,2,2,2,3	21,31,24,32,23,18,24,18,19,13	9,5,0,4,3,6,5,5,3,0	21,20,18,24,24,21,24,26,18,13	155	213
5233	37,23,25,26,20,16,20,23,17,28	23,27,25,25,16,12,9,14,15,14	34,23,12,17,19,18,28,29,13,5	32,11,17,16,21,22,16,16,10,11	155	142
5234	37,23,24,26,20,14,20,23,17,26	0,0,0,0,0,0,0,0,0,0	34,23,12,18,19,18,28,27,13,5	0,0,0,0,0,0,0,0,1,0	155	142
5235	37,23,24,26,20,14,20,23,17,26	20,22,26,27,23,11,18,21,24,12	34,23,12,18,19,18,28,27,13,5	26,20,21,23,23,11,20,19,21,11	155	161
5236	2,6,8,1,4,0,4,6,3,1	26,33,30,45,22,12,9,19,36,18	1,7,6,7,4,3,6,4,4,2	38,19,29,32,32,27,32,28,21,13	102	212
5237	0,0,0,0,0,0,0,0,0,0	20,22,26,27,23,11,18,21,24,12	0,0,0,0,0,0,0,0,1,0	26,20,21,23,23,11,20,19,21,11	142	161
5238	13,11,18,11,16,6,6,7,10,11	26,33,30,45,22,12,9,19,36,18	12,14,18,13,17,9,10,9,10,8	38,19,29,32,32,27,32,28,21,13	142	212
5239	43,51,51,63,36,19,16,29,37,28	20,22,26,27,23,11,18,21,24,12	60,28,36,43,43,41,51,31,22,23	26,20,21,23,23,13,20,19,21,11	212	161
5240	19,24,30,44,34,14,25,22,16,22	27,34,29,39,27,14,20,25,39,15	36,19,23,33,26,19,25,25,22,13	38,23,33,30,34,19,25,30,29,13	213	161
5241	30,38,38,46,50,29,27,26,27,53	104,118,104,135,107,83,101,111,90,125	39,39,33,40,40,38,33,32,44,36	102,111,88,122,118,120,135,110,130,103	123	197
5242	65,66,55,54,40,23,34,53,52,54	51,64,59,60,57,40,34,52,48,43	64,46,57,55,83,67,74,47,79,62	53,47,61,50,59,49,55,53,45,57	238	136
5243	29,41,38,31,28,47,36,39,45,41	84,100,99,93,72,102,66,98,80,87	38,31,32,46,40,39,44,38,36,28	90,90,96,59,79,88,90,81,106,110	192	218
5244	1,3,0,2,3,1,2,0,1,0	19,28,22,27,31,6,9,17,11,20	4,2,1,0,1,2,1,0,0,0	22,20,18,19,24,16,21,14,9,7	108	235
5245	9,8,17,16,8,9,13,5,6,8	13,19,19,15,25,12,11,11,17,16	13,11,9,6,12,8,8,12,8,8	19,15,21,13,23,11,11,10,14,14	165	157
5246	20,23,26,31,28,18,18,16,22,22	18,11,8,17,14,13,7,10,8,12	48,22,15,32,27,19,14,19,20,18	12,10,10,8,11,11,9,5,6,9	232	171
5247	15,15,20,14,14,11,13,7,7,17	14,19,19,15,27,12,11,11,17,17	14,13,11,8,20,8,9,10,8,7	19,14,21,13,23,11,11,9,14,14	171	157
5248	63,84,71,53,66,62,52,66,62,82	46,38,40,57,48,36,33,22,38,40	72,60,49,66,72,69,56,62,84,78	36,38,37,43,58,37,45,39,46,41	246	177
5249	45,30,38,46,38,24,23,35,38,30	50,62,50,71,49,56,39,34,53,62	28,39,32,40,48,41,42,29,37,26	56,56,59,52,46,48,65,61,50,55	188	216
5250	2,6,2,3,2,1,6,2,7,2	5,6,10,8,8,7,4,3,6,7	4,5,5,6,4,7,8,4,5,7	11,7,5,8,7,7,8,12,4,7	93	123
5251	2,6,2,3,2,1,6,2,8,2	17,18,10,16,18,11,14,13,9,9	5,4,5,6,4,7,8,4,5,7	18,11,18,16,13,14,14,17,19,31	93	135
5252	0,1,0,0,0,0,0,0,0,0	1,3,4,2,1,2,4,2,0,1	0,1,0,0,0,1,0,0,0,0	4,0,1,1,2,2,3,1,5,2	141	153
5253	1,3,0,1,1,1,1,2,0,0	14,22,13,24,27,30,15,15,17,24	1,0,0,0,1,2,0,1,3,1	33,18,15,15,17,16,27,8,19,16	153	141
5254	0,0,2,1,0,0,0,0,0,0	8,12,4,11,16,22,13,10,11,15	0,0,1,0,2,2,0,1,0,0	22,9,10,9,8,11,19,6,11,10	153	141
5255	47,49,49,62,48,61,52,46,40,65	43,60,43,46,63,65,49,67,44,65	56,49,55,64,58,57,60,49,76,75	46,68,43,56,48,58,54,64,82,75	168	168
5256	53,70,76,55,41,46,54,62,60,67	8,10,13,13,10,6,15,17,14,20	71,44,64,47,61,66,59,76,64,93	6,9,6,4,12,17,17,14,9,6	172	242
5257	1,3,1,1,1,3,1,1,5,2	8,8,5,9,11,8,3,7,11,8	1,3,0,0,2,1,1,2,2,0	11,12,12,11,10,5,5,3,6,7	170	180
5258	197,206,211,282,196,205,173,197,191,230	223,270,263,312,264,321,226,257,271,241	183,191,177,179,192,207,250,202,247,191	249,315,253,261,249,289,283,241,304,289	141	199
5259	1,4,6,4,1,5,2,6,6,6	1,2,1,2,4,1,2,2,3,3	3,1,7,7,5,4,2,6,5,6	1,0,0,1,0,3,0,2,1,0	218	167
5260	397,468,427,428,384,200,276,302,260,337	717,770,752,742,731,359,457,507,471,582	397,326,345,381,438,414,388,306,258,200	722,554,603,675,758,638,756,549,506,323	171	231
5261	392,536,482,444,445,173,290,354,299,345	151,147,147,142,130,65,71,98,82,119	412,351,310,344,509,448,453,316,245,193	160,118,107,117,146,119,150,87,86,69	258	124
5263	404,460,435,418,378,274,296,312,297,370	524,648,516,583,532,387,378,407,443,523	395,352,377,464,450,363,416,385,391,270	545,489,536,582,573,499,543,527,514,357	420	1634
5264	62,91,82,67,70,46,62,49,69,70	362,426,403,380,341,266,266,299,278,352	85,48,66,63,77,73,86,74,81,41	402,357,366,425,413,365,395,370,338,261	231	420
5265	36,29,43,35,31,34,33,25,24,44	12,4,13,9,9,10,8,10,14,13	27,36,30,33,45,42,33,34,29,28	17,11,9,13,11,9,11,9,13,17	192	140
5266	168,202,202,183,136,99,116,158,137,141	628,666,727,699,678,402,498,545,539,572	232,156,181,185,199,200,199,165,155,129	692,582,552,620,695,641,709,619,512,354	164	222
5267	134,166,174,125,127,88,140,135,156,167	323,404,370,387,350,199,281,298,288,337	173,119,159,152,180,241,194,161,134,92	394,293,368,322,394,420,416,336,272,208	194	164
5268	0,1,3,2,3,2,1,1,1,0	23,44,27,33,33,12,18,21,19,24	1,1,0,1,0,0,4,1,0,0	40,13,17,30,28,20,29,16,17,6	106	141
5269	6,9,4,6,10,2,7,4,4,4	123,134,134,122,111,40,85,108,78,67	10,3,2,8,2,4,5,3,3,3	109,83,59,99,142,126,126,48,43,21	141	284
5270	15,32,29,25,19,8,8,14,19,11	123,134,134,122,111,40,85,108,78,68	16,13,7,14,15,17,25,11,8,3	109,83,59,99,142,126,126,48,43,20	141	284
5271	122,142,130,119,102,43,84,99,80,79	127,174,189,130,136,47,96,91,104,78	121,80,66,99,141,111,129,58,49,18	127,117,74,102,126,106,151,104,77,42	284	279
5272	128,184,180,158,158,50,103,107,97,87	176,206,224,213,178,77,119,151,128,116	146,120,69,111,134,121,150,99,65,41	182,145,147,163,179,174,179,116,86,39	279	289
5273	119,155,166,153,131,52,88,99,98,84	68,47,74,82,80,26,42,47,36,35	131,98,107,112,125,134,133,94,67,30	54,50,43,50,63,45,46,49,24,19	289	185
5274	142,180,206,162,151,58,99,111,122,90	68,47,74,81,80,26,42,47,36,37	141,111,122,132,147,155,164,107,91,40	54,50,42,50,63,45,46,49,24,19	289	185
5275	142,180,206,162,151,58,99,111,122,90	37,22,39,47,47,12,28,29,17,20	141,110,122,132,148,155,164,107,91,40	33,22,28,29,36,21,26,21,16,9	289	185
5276	94,73,97,107,94,37,59,81,47,50	17,18,17,7,13,5,10,14,9,7	84,70,68,80,90,61,72,43,35,18	5,11,12,6,13,13,10,9,9,3	185	90
5277	91,72,95,103,93,37,57,80,47,50	675,784,835,765,720,330,467,521,499,462	84,69,62,80,89,61,71,41,34,18	699,610,481,628,718,662,763,469,399,223	185	876
5278	7,9,8,11,12,4,4,7,5,4	28,44,32,36,28,22,15,41,21,27	0,0,0,0,0,0,0,0,0,0	1,0,2,0,2,1,1,2,0,3	204	127
5279	119,144,130,139,120,123,111,137,138,141	179,234,211,220,243,220,198,197,229,264	107,162,125,138,154,155,145,122,139,112	213,200,192,219,236,215,274,258,207,205	223	222
5280	132,125,148,148,129,72,82,134,92,112	62,85,67,87,73,60,67,78,66,90	129,117,128,136,140,120,153,149,98,86	86,76,65,76,88,77,81,77,75,49	349	178
5281	90,128,119,128,110,85,106,101,108,140	184,201,190,214,173,124,133,206,158,215	130,108,90,121,124,118,121,114,103,73	191,181,152,172,184,194,241,182,167,105	196	273
5282	46,43,60,69,63,38,44,55,67,62	87,102,113,102,111,95,97,113,117,130	72,50,56,61,55,76,82,63,65,61	93,119,86,103,90,97,114,95,94,111	135	155
5283	122,121,102,132,116,69,104,128,129,107	1386,1303,1347,1419,1190,940,1132,1263,1313,1353	118,107,101,102,136,126,151,133,119,86	1578,1246,1230,1313,1536,1371,1588,1314,1311,943	176	953
5284	47,55,44,70,62,30,60,68,49,51	1386,1303,1347,1419,1190,940,1132,1263,1313,1353	55,40,47,53,60,67,64,65,54,39	1578,1246,1230,1313,1536,1371,1588,1314,1311,943	206	953
5285	35,25,27,17,37,25,27,23,24,30	181,207,238,227,176,147,156,172,160,195	37,23,17,32,23,33,37,25,21,21	200,168,195,203,209,186,202,183,152,136	123	239
5286	40,25,25,47,25,26,33,23,17,35	10,17,8,12,7,17,12,10,14,8	36,19,37,33,40,23,31,21,23,27	13,7,11,5,13,4,16,8,9,12	238	132
5287	293,285,283,308,286,195,230,250,248,274	462,497,473,535,439,361,369,380,424,489	264,248,294,327,332,269,357,243,227,187	473,454,485,504,471,459,577,457,442,337	234	301
5288	177,166,194,192,158,142,164,181,138,205	111,94,106,96,102,81,78,84,98,128	216,181,178,172,238,225,223,186,199,144	135,110,74,105,115,98,113,109,106,51	108	144
5289	142,123,128,137,131,70,78,121,114,108	174,206,187,237,204,120,159,199,191,198	142,108,89,88,129,136,140,114,99,76	267,181,187,194,240,176,230,177,148,96	135	130
5290	7,8,21,7,11,6,14,11,12,17	22,22,22,20,14,18,16,25,17,23	17,15,10,10,11,16,19,9,17,11	21,10,15,16,16,13,13,15,17,15	179	158
5291	7,6,10,5,3,2,9,4,7,11	17,14,17,16,13,16,13,20,16,19	11,12,6,4,4,12,10,4,14,6	15,11,8,15,12,10,11,16,14,14	179	158
5292	24,27,25,28,32,8,15,15,13,10	22,20,22,32,29,14,8,15,19,17	30,23,19,19,30,27,26,10,12,4	37,20,24,24,26,20,27,13,14,10	199	182
5293	0,1,0,1,0,0,0,0,0,0	2,3,1,4,6,1,3,1,3,6	0,0,0,0,0,0,0,1,0,0	1,1,0,1,4,3,3,2,1,0	126	181
5294	0,1,0,0,1,0,0,0,0,0	2,3,1,4,6,1,3,1,3,6	0,0,0,1,0,0,1,1,0,0	1,1,0,1,4,3,3,2,1,0	122	181
5295	76,74,74,78,78,85,79,76,64,73	49,67,64,58,68,80,47,63,54,48	58,58,67,50,71,73,59,74,75,102	71,84,54,59,56,59,80,61,76,91	149	142
5296	8,8,4,7,4,3,6,12,11,8	10,10,13,19,15,6,9,12,2,13	6,9,5,3,10,2,7,9,2,3	21,9,8,9,13,13,10,5,7,11	141	155
5297	165,159,177,178,163,177,173,168,163,189	103,96,92,121,93,108,103,102,99,106	166,180,164,186,167,149,208,160,162,143	84,110,91,95,113,116,104,94,121,114	308	180
5298	0,0,1,1,0,0,0,0,0,0	0,0,0,0,0,0,0,0,0,1	1,0,1,0,0,0,0,0,0,0	0,1,0,0,0,0,0,1,0,1	193	206
5299	32,28,28,35,30,18,26,27,24,22	13,5,8,20,12,13,10,17,9,14	28,36,22,27,30,28,26,28,18,25	16,14,13,10,9,20,19,15,9,13	204	160
5300	151,123,117,177,156,125,127,111,136,154	192,165,173,197,173,178,143,155,194,218	124,169,136,151,143,143,199,124,128,153	167,187,177,164,178,168,208,189,156,194	246	259
5301	66,72,63,59,47,46,55,54,62,61	27,39,31,26,33,38,34,39,48,50	67,43,43,57,40,53,56,33,58,68	29,43,40,40,25,34,32,32,29,33	210	244
5302	168,196,212,216,205,195,195,184,195,180	67,56,71,65,61,60,62,51,48,57	154,204,187,217,220,173,240,223,196,261	62,65,73,35,53,46,65,58,68,58	175	166
5303	90,94,80,99,71,56,64,96,75,92	49,53,60,46,54,37,32,60,45,54	93,88,76,59,92,77,93,78,97,66	58,46,46,39,59,46,50,54,41,46	325	294
5304	15,30,13,19,14,2,5,14,10,6	24,23,29,36,26,6,8,20,15,15	12,14,9,8,15,11,13,9,7,5	26,10,29,12,25,19,21,15,12,7	203	281
5305	17,10,14,23,22,3,6,10,7,7	15,15,25,18,12,1,7,10,15,8	9,11,7,7,14,8,10,8,2,2	10,12,6,8,16,22,14,15,7,2	240	203
5306	2,2,7,8,7,5,5,4,3,4	3,6,5,4,4,5,6,4,0,2	7,5,3,4,6,3,4,4,3,7	9,5,7,8,3,1,7,2,10,5	152	101
5307	13,11,11,8,8,17,16,9,11,15	46,50,66,47,49,43,49,54,69,65	16,6,11,13,19,22,22,19,17,11	53,54,68,53,60,58,68,55,68,58	123	170
5308	105,152,135,148,112,122,95,111,102,136	31,32,37,34,26,21,29,26,24,31	131,108,119,118,119,113,137,153,151,148	38,22,34,31,26,29,34,31,25,44	220	195
5309	307,313,309,302,321,166,194,194,218,272	145,176,208,137,98,67,114,160,165,218	331,235,252,281,342,331,296,261,201,129	197,148,152,155,254,279,229,173,168,123	207	303
5310	248,257,251,253,266,135,148,159,165,225	121,152,174,116,83,61,96,135,141,191	274,193,201,235,275,281,249,226,162,110	160,129,130,129,221,231,201,154,146,106	207	303
5311	248,257,251,253,266,135,148,159,165,225	642,675,768,581,466,281,445,483,547,701	274,193,201,235,275,281,249,226,162,110	679,502,554,648,820,795,794,617,564,415	207	444
5312	253,260,258,261,274,137,148,161,168,230	119,150,175,116,83,59,93,134,139,186	275,195,207,240,282,284,252,230,166,111	159,128,130,128,220,230,199,149,146,103	207	303
5313	253,260,258,261,274,137,148,161,168,230	554,585,656,484,391,241,380,397,460,596	275,195,207,240,282,284,252,230,166,111	580,422,468,567,692,672,673,515,463,349	207	444
5314	39,30,23,38,33,9,16,19,24,24	175,183,247,176,130,78,126,171,181,243	45,26,39,30,33,24,38,20,29,16	211,165,176,188,277,303,256,197,175,126	198	303
5315	121,152,174,116,83,61,96,135,141,191	642,675,768,581,466,281,445,483,547,701	160,129,130,129,221,231,201,154,146,106	679,502,554,648,820,795,794,617,564,415	303	444
5316	119,150,175,116,83,59,93,134,139,186	554,585,656,484,391,241,380,397,460,596	159,128,130,128,220,230,199,149,146,103	580,422,468,567,692,672,673,515,463,349	303	444
5317	149,157,214,155,115,70,105,145,155,211	605,636,710,531,442,268,425,430,506,639	173,145,154,161,243,254,226,173,153,106	631,460,517,606,754,717,713,538,498,362	303	444
5318	149,157,214,155,115,70,105,145,155,211	284,265,275,249,293,139,191,216,234,251	173,145,154,161,243,254,226,173,153,106	270,215,225,244,270,266,266,259,208,158	303	198
5319	605,636,710,531,442,268,425,430,506,639	284,265,275,249,293,139,191,216,234,251	631,460,517,606,754,717,713,538,498,362	270,215,225,244,270,266,266,259,208,158	444	198
5320	572,607,686,503,402,245,399,421,479,624	286,268,275,249,293,141,193,217,236,256	612,438,489,588,722,716,696,527,481,363	271,216,226,246,272,267,268,264,208,161	444	198
5321	40,48,56,49,55,39,52,47,42,46	41,44,37,58,46,52,31,32,51,37	39,43,47,54,46,44,44,34,43,56	44,46,39,38,48,35,37,34,47,47	179	172
5322	57,56,48,66,46,58,33,40,40,39	47,40,42,47,47,52,42,59,39,52	39,36,45,54,42,38,49,35,54,55	41,45,57,48,60,36,49,40,51,58	172	225
5323	7,12,19,15,3,3,6,4,6,19	23,27,16,17,18,25,16,16,21,23	8,13,15,11,13,15,10,22,20,15	21,22,26,13,23,30,39,16,28,18	236	185
5324	239,300,302,308,315,227,245,278,283,279	221,288,245,280,250,227,203,257,264,233	277,266,273,297,294,303,333,306,308,272	237,245,222,266,242,283,290,258,240,239	224	212
5325	233,263,206,239,223,194,191,213,224,257	249,304,316,289,278,229,216,284,297,283	236,216,182,243,252,249,247,230,235,205	280,250,232,285,242,258,342,299,298,249	229	224
5326	182,205,171,196,207,165,147,185,166,220	220,276,243,296,244,226,212,257,252,259	185,193,172,199,229,200,204,178,196,161	278,236,224,260,290,258,290,223,266,224	184	280
5327	16,22,23,26,17,18,23,28,23,24	49,50,49,48,54,35,48,50,45,52	24,19,28,20,26,38,18,19,20,20	57,63,40,43,54,39,46,61,72,60	180	250
5328	0,0,1,0,0,0,0,0,0,0	189,201,237,226,221,159,136,211,179,210	0,0,0,0,0,0,0,0,0,0	211,206,199,169,221,213,244,224,225,217	135	405
5329	52,50,43,51,28,49,46,49,68,51	80,67,68,68,71,71,64,67,81,88	57,58,37,53,52,51,52,55,57,54	68,75,67,77,66,63,83,75,78,93	194	195
5330	28,15,32,24,22,36,15,24,14,30	68,65,80,101,97,95,82,68,83,94	26,23,15,17,40,24,33,15,21,31	94,80,61,71,105,77,97,81,88,88	132	169
5331	39,43,34,36,31,11,20,41,40,39	145,202,150,168,136,70,103,123,130,130	31,33,35,34,53,34,52,46,28,22	146,118,172,131,151,137,179,142,112,90	144	153
5332	1515,1700,1697,1631,1696,1507,1272,1435,1454,1708	9059,9967,9618,10450,9364,10221,8430,9042,9682,10478	1404,1419,1366,1506,1722,1486,1673,1444,1621,1499	10374,9281,8872,9561,10647,10075,11767,9979,11520,10204	193	193
5333	789,774,846,818,833,732,657,713,725,873	5224,5835,5513,6028,5420,5828,4752,5207,5550,6046	702,755,687,779,846,751,810,694,776,732	5883,5348,5044,5520,6110,5713,6790,5633,6625,5678	193	193
5334	140,140,128,163,150,122,106,136,121,142	135,177,168,195,162,134,139,142,141,140	155,129,124,153,170,152,145,154,135,94	160,149,159,145,142,177,172,140,175,124	169	195
5335	92,85,76,101,64,55,66,88,78,76	236,274,284,296,241,147,160,234,209,254	83,70,82,88,104,99,91,81,57,58	285,256,213,244,262,269,296,288,186,143	168	261
5336	47,40,45,52,38,24,52,37,37,39	85,92,93,121,74,69,61,78,82,83	52,44,35,42,56,42,54,47,38,25	108,82,97,95,116,107,110,71,78,60	137	168
5337	0,1,1,0,1,0,0,0,0,0	2,5,7,4,3,7,3,1,7,6	0,0,0,0,2,1,1,2,0,0	5,3,5,3,4,9,6,4,3,5	131	171
5339	1,0,2,1,2,6,1,0,1,2	2,5,4,2,4,5,5,1,3,4	2,0,1,1,3,0,1,0,1,0	2,3,5,1,1,2,3,3,3,2	163	301
5340	85,84,85,91,52,69,81,67,72,101	126,87,89,105,113,103,78,93,76,113	96,51,86,80,97,90,106,73,90,86	102,95,82,92,80,93,118,85,103,115	196	168
5341	1,2,1,5,1,0,1,1,5,0	0,0,5,1,1,0,1,0,1,0	1,2,0,1,1,4,0,2,2,3	2,0,0,2,3,3,1,1,1,0	213	219
5342	62,84,62,89,78,76,64,75,72,107	33,49,44,56,36,52,39,34,45,66	79,88,123,104,75,84,95,87,97,114	49,31,56,48,57,43,60,62,57,78	285	173
5343	61,70,72,102,71,72,74,51,74,82	75,103,94,85,79,85,78,93,93,130	62,79,102,96,86,90,71,109,99,100	98,104,149,144,91,97,130,113,119,153	279	285
5344	11,10,15,8,12,5,5,16,8,10	75,98,87,85,109,57,77,74,73,102	18,16,22,7,12,17,14,7,11,8	86,74,74,79,104,60,77,88,79,68	133	221
5345	2,2,4,2,7,4,2,1,2,1	10,7,13,4,11,4,7,4,15,4	1,5,1,4,4,3,4,6,4,3	8,6,10,4,10,6,6,8,2,5	133	188
5346	212,204,226,204,185,156,199,209,231,231	232,230,223,283,220,208,189,231,198,234	245,197,222,227,247,220,241,229,233,167	259,172,249,202,243,222,234,213,249,196	225	203
5347	188,187,219,192,170,141,197,213,217,221	232,232,224,282,221,207,188,231,198,234	222,190,201,217,222,215,220,191,231,155	259,173,249,200,242,222,233,215,249,195	225	203
5348	81,113,114,121,112,71,82,93,70,94	97,86,110,85,70,72,66,74,86,92	104,80,99,91,104,86,108,76,98,73	84,87,69,95,107,84,85,83,84,74	299	301
5349	174,177,211,230,206,318,214,224,244,281	116,160,154,156,146,242,163,165,159,203	199,256,198,275,233,234,236,243,329,388	185,174,153,219,162,153,169,184,244,266	291	202
5350	54,63,76,87,62,88,70,63,71,80	53,63,77,84,71,97,74,79,75,72	81,88,59,69,73,81,94,81,94,107	96,85,88,101,79,92,69,77,119,105	183	194
5351	71,81,90,88,91,64,64,78,64,89	83,83,118,101,123,102,98,126,101,118	97,86,65,85,93,98,78,81,117,90	134,113,77,139,143,129,125,98,133,116	182	191
5352	29,30,40,26,17,17,21,25,30,37	35,46,37,49,47,48,31,63,38,38	44,25,29,28,22,37,37,29,26,22	57,51,36,65,48,43,57,46,31,42	246	145
5353	233,267,254,268,217,220,224,208,241,256	184,230,183,225,169,176,169,167,172,198	237,215,218,244,254,268,280,262,264,244	176,156,148,188,208,174,180,169,212,166	231	234
5354	31,43,35,31,25,17,20,27,23,37	46,23,41,26,40,18,16,33,24,33	37,28,37,24,29,34,32,25,30,16	33,25,27,34,37,25,39,31,30,18	150	159
5355	0,3,2,2,4,3,1,8,4,4	75,57,69,78,66,83,58,65,81,99	4,4,1,3,1,2,5,0,3,5	63,61,91,63,69,85,70,69,71,96	174	150
5356	51,51,66,60,56,33,47,46,45,55	98,116,112,132,117,105,113,107,117,129	62,46,54,31,56,51,61,35,45,41	135,121,103,102,142,129,140,93,113,112	183	252
5357	60,80,57,57,50,38,43,41,54,39	95,89,84,52,75,69,60,64,56,63	53,42,45,42,63,53,47,41,48,30	98,74,52,81,108,43,71,75,43,37	150	203
5358	35,33,29,33,32,24,34,31,41,25	47,70,77,65,44,50,52,57,54,59	34,40,31,25,38,26,23,22,35,30	60,49,64,54,79,55,58,47,73,62	205	153
5359	29,14,22,22,26,24,25,18,13,17	59,63,51,76,38,58,56,59,61,58	7,18,24,16,23,17,21,16,17,8	57,63,55,61,70,50,43,54,56,67	147	205
5360	15,11,16,14,16,11,8,4,20,17	16,24,24,16,18,19,14,18,8,21	26,13,14,14,10,10,9,9,12,8	21,12,10,24,15,5,18,16,15,13	105	121
5361	22,18,18,22,13,14,8,13,11,17	10,9,12,7,9,14,3,5,9,9	19,16,9,14,14,23,13,19,17,10	6,7,4,7,8,5,7,5,2,7	111	105
5362	58,59,86,66,75,72,88,76,86,70	163,183,189,224,225,203,191,194,203,237	85,84,64,70,84,79,98,76,75,74	175,179,161,176,190,211,189,215,188,187	194	193
5363	214,243,239,246,260,203,217,205,209,236	952,1054,961,1056,916,987,854,948,930,1062	228,228,208,205,244,241,259,224,247,215	1047,994,848,953,978,946,1027,895,1054,1102	193	567
5364	158,213,239,173,126,123,177,153,197,219	248,284,291,299,277,313,259,275,258,359	202,125,166,176,227,231,227,192,203,193	258,273,252,259,273,286,299,292,301,348	266	260
5365	41,34,44,55,38,14,32,36,30,25	90,83,102,89,72,51,64,78,71,69	36,33,30,29,40,31,47,33,25,20	92,75,56,70,76,96,73,77,51,42	204	284
5366	21,26,19,39,35,22,26,33,33,31	28,28,31,37,34,29,34,30,23,37	29,32,20,25,22,29,24,43,40,39	29,31,33,40,27,20,47,39,28,58	153	190
5367	101,106,135,104,87,36,71,79,82,65	564,574,609,624,539,231,365,392,426,415	97,85,67,98,107,95,111,94,58,43	528,430,488,441,583,509,589,469,391,196	143	296
5368	100,106,135,104,87,36,71,78,83,65	354,349,348,356,341,158,225,235,260,267	97,85,67,98,107,95,111,94,58,43	323,241,297,250,360,301,363,271,233,123	143	296
5369	439,470,479,461,426,195,298,315,336,346	202,264,252,243,247,118,192,176,197,188	426,318,382,347,465,411,479,351,312,166	245,213,187,206,276,228,233,179,149,76	296	158
5370	222,237,273,278,210,82,150,174,182,155	270,284,283,266,266,126,188,188,203,218	223,202,209,201,241,222,233,213,166,77	278,224,206,243,257,223,252,204,177,111	158	213
5371	34,54,28,35,41,34,33,50,46,17	54,46,55,52,66,48,61,39,60,47	41,50,36,36,41,50,46,28,28,35	47,55,46,58,58,55,54,43,55,48	259	292
5372	3,2,4,4,4,2,3,5,4,6	3,0,2,0,5,0,1,2,2,2	5,2,5,1,2,3,8,6,3,1	3,2,1,5,4,0,4,0,1,2	179	232
5373	504,690,591,618,565,286,411,452,462,471	275,349,347,398,303,196,251,281,282,272	528,507,495,503,651,575,638,473,384,265	282,284,305,331,338,254,397,318,200,170	360	234
5374	124,138,165,175,127,108,145,138,109,157	119,155,131,150,139,139,127,118,116,136	138,127,140,147,171,165,151,124,160,145	129,129,113,134,173,165,116,107,145,133	190	128
5375	25,32,26,31,37,36,21,32,28,33	93,106,90,112,79,108,88,83,92,86	28,30,22,26,23,27,33,22,33,23	112,93,83,77,107,77,111,69,106,89	153	189
5376	54,69,64,86,78,69,57,89,74,81	64,62,62,57,53,52,52,80,63,68	92,56,86,64,68,72,101,73,61,57	60,57,55,60,56,60,64,55,46,54	184	153
5377	42,53,43,55,52,50,44,66,53,56	64,60,59,57,53,52,50,79,62,65	70,39,59,48,47,52,58,48,43,38	60,56,55,60,56,60,64,55,45,54	184	153
5378	65,83,81,87,77,75,52,73,88,87	66,81,65,80,87,80,62,92,78,86	84,55,67,79,89,87,87,94,73,84	91,66,77,70,66,77,88,64,70,61	148	184
5379	0,2,3,0,0,0,2,1,1,3	66,81,65,80,87,80,62,92,78,86	0,1,0,0,0,0,0,0,1,0	91,66,77,70,66,77,88,64,70,61	133	184
5380	65,83,81,87,77,75,52,73,88,87	0,2,3,0,0,0,2,1,1,3	84,55,67,79,89,87,87,94,73,84	0,1,0,0,0,0,0,0,1,0	148	133
5381	0,0,0,0,0,0,0,0,0,0	0,2,3,0,0,0,2,1,1,3	3,0,0,0,0,0,0,0,0,0	0,1,0,0,1,0,0,0,1,0	148	133
5382	30,30,34,44,28,24,31,28,24,25	12,14,18,27,21,17,12,21,18,22	25,38,26,32,35,22,40,23,37,25	20,14,25,16,19,18,37,21,16,16	183	133
5383	105,99,111,129,102,82,84,94,86,106	38,45,41,43,36,38,40,36,45,47	105,124,81,110,105,80,123,84,102,76	49,32,45,43,41,50,67,40,35,46	183	148
5384	103,97,110,124,100,82,82,88,85,104	38,45,41,43,36,38,40,36,45,47	101,121,80,106,102,75,117,84,102,75	49,32,45,43,41,50,67,40,35,46	175	148
5385	65,72,73,63,56,60,56,66,72,72	95,113,115,131,105,99,83,100,112,112	61,50,71,51,88,78,84,59,58,64	106,93,93,111,124,109,127,117,111,109	171	183
5386	182,189,179,195,161,83,98,124,129,133	312,339,363,332,343,170,272,225,253,288	168,159,145,148,211,150,198,113,112,65	326,273,295,244,339,321,346,295,216,132	152	200
5387	349,420,434,420,360,191,281,233,277,323	110,163,156,151,182,91,102,113,100,133	391,302,355,311,419,351,385,321,274,158	144,137,132,147,155,156,166,122,115,72	200	135
5388	458,436,470,500,499,290,348,372,415,431	197,235,238,260,197,135,171,163,179,197	526,416,437,427,538,465,481,400,359,266	220,180,176,180,258,206,239,200,157,124	246	219
5389	0,1,3,5,1,1,1,0,0,4	0,2,3,2,3,5,5,4,5,4	1,2,7,1,1,4,4,1,1,8	1,9,3,2,4,5,9,7,4,5	171	152
5390	2,0,2,2,5,5,2,3,3,2	22,28,23,42,41,27,13,27,14,33	5,5,4,5,5,0,2,6,1,2	30,41,26,20,36,34,25,30,30,22	162	252
5391	0,0,0,0,0,0,0,0,0,0	22,28,23,42,41,27,13,27,14,33	0,0,0,1,0,0,0,0,0,2	30,41,26,20,36,34,25,30,30,22	121	252
5392	4,10,3,4,5,2,2,1,3,3	21,11,22,23,9,9,16,14,10,19	4,1,5,7,8,11,5,6,4,3	14,23,15,9,12,22,17,10,8,9	147	147
5393	10,10,16,17,17,13,4,8,16,12	25,37,24,30,28,18,24,29,32,29	8,10,15,5,11,17,10,11,10,13	36,28,20,35,21,18,25,30,37,38	189	201
5394	36,30,30,38,28,21,26,25,34,46	20,12,20,22,19,12,22,25,26,17	28,31,20,27,31,26,37,29,35,38	25,23,12,16,17,20,23,22,26,31	214	228
5395	17,28,20,22,22,24,19,28,32,20	19,24,26,22,20,34,20,19,17,23	27,21,22,28,19,20,23,16,13,25	8,27,14,20,15,24,30,21,31,31	218	203
5396	96,95,134,139,82,105,111,87,100,108	106,103,115,132,102,124,108,137,93,129	95,111,103,115,114,105,124,110,144,146	93,140,109,128,115,123,144,125,137,161	117	117
5397	121,85,114,91,96,93,75,101,75,89	124,101,121,110,116,56,74,94,98,122	94,92,93,107,111,114,121,96,99,80	123,101,124,99,111,104,107,85,82,92	132	138
5398	16,20,10,9,24,11,10,16,21,8	124,101,121,110,116,55,74,94,98,122	17,12,26,22,20,17,22,10,16,16	123,101,124,99,111,104,107,86,81,92	132	138
5399	104,117,133,117,111,77,93,109,92,94	124,101,121,110,116,55,74,94,98,122	108,103,83,105,125,100,138,116,103,73	123,101,124,99,111,104,107,86,81,92	153	138
5400	104,117,133,117,111,77,93,109,92,94	16,20,10,9,24,11,10,16,21,8	108,103,83,105,125,100,138,116,103,73	17,12,26,22,20,17,22,10,16,16	153	132
5402	36,42,50,65,48,34,39,34,43,47	13,12,10,16,13,6,6,9,14,20	39,46,47,38,54,55,35,44,33,33	10,20,8,6,5,9,4,9,13,6	416	139
5403	8,18,22,23,16,5,8,9,10,14	30,35,42,50,40,30,33,29,37,39	10,15,8,11,17,17,14,10,12,7	33,36,37,32,44,50,31,37,22,25	167	416
5404	18,16,16,21,16,14,17,11,17,10	8,10,10,20,10,7,6,7,7,8	20,19,11,16,17,12,23,20,12,9	7,12,10,10,11,9,8,8,13,8	230	167
5406	1702,1882,1825,1887,1627,2167,1804,1853,1910,2081	1827,2290,2206,2539,2201,2991,2121,2196,2092,2635	1917,1793,2111,1769,2017,2053,2108,1844,2192,2303	2458,2251,2720,2530,2202,2442,2666,2254,2727,3149	150	174
5407	363,423,405,429,430,502,400,467,432,489	2961,3016,2970,3291,2852,3756,2800,3200,2975,3385	457,400,537,456,487,582,540,521,593,594	3023,3143,3574,2954,3250,3237,3350,2912,3695,3873	129	150
5408	4855,5547,5894,6029,5514,5142,4696,4841,4903,5977	7503,7757,8204,8293,6788,7222,6703,7078,7401,8401	5519,5352,5245,5297,5731,5509,6105,5080,5917,5200	7567,7241,7335,7604,8057,7795,8192,7453,8264,7896	267	406
5409	106,110,93,113,115,109,91,98,113,129	219,234,231,256,219,268,231,213,216,256	122,98,99,79,130,117,125,121,134,147	246,211,202,229,224,199,276,192,218,279	143	152
5410	1899,2161,2000,2034,1886,1717,1664,1825,1920,1991	271,270,254,260,257,254,238,267,277,282	2095,1907,1974,1842,2047,1912,2200,1751,1946,1741	316,243,249,223,305,298,282,250,262,274	302	180
5411	8,10,12,10,10,4,15,13,4,9	6,7,8,12,8,9,3,11,9,7	12,11,5,3,13,8,15,5,5,3	4,7,5,3,11,8,15,6,4,3	204	218
5412	75,71,66,70,53,42,63,77,79,78	104,102,121,120,119,67,94,82,102,100	72,60,61,46,87,73,83,80,55,35	113,89,80,87,112,111,127,96,124,85	148	146
5413	142,124,117,146,122,94,104,120,112,116	174,178,204,210,154,140,151,153,195,209	119,124,126,110,137,151,151,108,92,106	169,178,177,180,175,180,214,155,200,142	133	183
5414	8,13,7,13,9,3,5,12,9,7	89,98,97,110,82,65,72,76,94,96	16,10,13,6,11,11,9,17,6,2	88,84,93,92,107,73,99,74,90,78	151	210
5415	98,100,94,104,111,69,71,83,91,97	37,71,38,43,65,26,29,34,45,34	107,70,99,88,126,102,106,86,75,74	34,44,45,45,49,48,55,50,31,32	198	144
5416	85,86,74,83,73,69,61,72,66,80	34,32,30,20,23,29,28,31,24,39	75,64,87,62,70,75,95,67,92,77	33,22,37,33,33,29,38,19,32,32	270	139
5417	5,3,3,1,1,2,0,3,2,6	1,0,0,0,1,0,0,0,0,0	1,4,6,1,5,1,2,4,4,3	3,1,0,1,0,0,0,0,0,0	144	144
5418	254,264,298,272,230,269,198,273,252,304	194,214,249,280,219,256,200,242,227,298	275,251,245,273,280,288,246,255,238,319	276,233,242,248,212,247,266,234,229,282	141	114
5419	6,3,5,5,2,1,3,5,1,0	227,210,248,230,194,218,176,210,216,278	7,2,8,0,7,3,5,3,3,4	238,213,245,207,296,239,251,190,206,190	166	166
5420	72,105,100,116,98,96,74,87,102,112	100,122,106,149,97,132,114,138,124,160	106,82,104,84,88,82,118,94,123,85	113,116,96,106,138,99,143,120,133,133	176	162
5421	254,276,315,283,260,224,242,315,271,245	99,135,98,99,91,93,65,102,81,75	326,238,239,215,256,239,336,203,241,206	107,85,93,85,83,103,124,81,103,99	366	207
5422	4,8,11,13,12,10,1,10,7,11	35,44,33,36,33,16,7,27,26,22	9,6,3,2,8,7,4,5,6,4	33,16,21,34,35,27,30,11,28,15	210	231
5423	2,1,2,0,0,2,1,2,0,0	1,5,0,1,0,1,0,0,5,1	1,2,0,1,1,0,3,2,1,2	0,3,4,3,2,1,0,0,1,4	108	375
5424	7,11,12,11,9,6,6,7,7,7	13,15,25,24,9,7,8,6,13,21	5,13,10,12,11,8,12,9,4,2	15,11,10,10,14,14,22,11,10,7	201	210
5425	812,864,905,1045,830,992,804,811,819,1025	118,195,163,216,179,183,149,188,177,238	868,887,846,894,791,936,931,850,997,1071	167,200,186,179,168,190,200,161,220,233	279	129
5426	508,538,595,673,570,657,552,520,525,683	118,195,163,216,179,183,149,188,177,238	588,591,562,612,507,579,616,584,650,719	167,200,186,179,168,190,200,161,220,233	276	129
5429	1,1,3,1,3,4,2,5,0,9	3,5,3,3,2,4,3,2,3,11	2,3,3,2,3,3,4,2,3,4	4,1,8,2,3,4,1,4,3,2	153	200
5431	4,0,3,3,2,2,0,1,3,0	8,11,7,7,9,2,4,12,10,2	2,0,3,1,2,5,1,1,4,0	9,8,10,2,5,11,12,7,15,5	116	129
5432	3,1,3,3,2,2,0,1,2,0	42,36,57,41,26,18,37,35,28,26	2,0,3,0,2,5,1,1,4,0	44,38,42,20,24,38,41,43,35,49	116	230
5433	247,281,279,291,283,153,162,238,200,231	271,285,300,279,279,169,162,206,230,196	248,192,217,211,307,211,298,188,195,133	249,191,203,244,297,216,253,198,182,138	210	210
5434	80,96,106,120,115,48,64,92,69,66	310,302,374,365,358,184,200,308,284,293	95,82,80,74,90,88,99,84,71,38	364,265,283,289,400,333,378,283,242,197	155	234
5435	246,281,279,291,283,153,162,238,200,229	332,331,396,408,379,199,215,320,300,306	248,192,217,211,307,211,298,188,195,133	385,287,307,298,430,348,397,296,256,210	210	4013
5436	251,284,285,292,286,157,162,242,203,229	163,153,193,220,145,111,124,138,141,125	253,193,217,216,310,218,302,191,196,133	170,158,170,151,160,144,184,114,122,79	210	155
5437	80,87,80,83,90,47,51,56,59,59	188,209,252,242,228,119,142,198,159,193	94,69,79,69,89,83,76,71,67,41	203,155,169,156,235,169,229,171,151,101	124	210
5438	165,180,202,181,196,72,92,149,135,144	68,93,73,74,91,40,48,60,53,55	154,124,135,129,199,115,149,115,103,88	81,54,70,74,90,58,96,54,68,42	158	124
5439	357,326,379,351,329,179,192,257,257,220	158,177,165,190,188,89,88,135,119,127	363,267,267,248,359,330,348,233,200,139	155,138,144,143,176,157,153,125,125,80	272	158
5440	361,325,384,365,330,183,195,261,264,213	158,177,165,190,189,89,88,135,119,127	369,270,274,256,359,336,351,234,199,143	156,138,145,142,176,157,153,125,125,80	272	158
5441	360,322,384,362,328,176,191,263,261,212	158,177,165,190,188,90,88,135,119,127	366,269,274,251,364,334,352,229,198,139	155,138,144,142,176,157,153,125,125,80	272	158
5442	416,392,430,404,391,196,228,294,289,255	158,177,166,190,188,89,88,135,119,128	431,307,314,291,423,393,400,289,242,164	155,138,146,142,177,157,153,126,125,80	272	158
5443	16,8,19,11,13,6,5,9,8,14	488,463,537,492,490,236,268,384,376,328	11,11,10,8,14,7,9,10,5,3	495,364,373,351,524,424,469,324,278,213	111	272
5444	248,208,273,265,267,145,174,209,217,287	3829,4533,4521,4906,4540,3028,3437,3428,3968,4667	243,243,226,232,292,269,275,243,200,179	3756,4168,3976,4431,4975,4677,5063,4147,3591,3381	149	472
5445	54,39,56,44,48,28,26,32,44,64	254,293,322,346,263,170,208,261,251,301	48,40,48,52,63,53,46,49,42,20	232,234,297,267,314,270,323,262,213,197	125	149
5446	49,35,55,47,54,12,26,25,49,35	246,293,313,340,257,167,208,247,242,294	46,35,44,52,60,36,64,27,32,26	223,226,290,259,305,263,322,257,201,193	130	149
5447	17,9,19,10,13,11,6,22,22,15	169,135,198,185,183,105,124,141,150,206	13,14,15,17,12,12,16,17,13,8	178,176,156,151,196,177,185,179,134,124	130	125
5448	57,38,64,52,60,15,26,40,57,42	172,137,200,187,183,105,127,144,151,207	55,42,51,61,71,43,67,32,43,30	180,180,157,153,194,180,186,179,140,127	130	125
5449	112,137,153,148,121,90,111,133,141,130	322,395,354,412,380,243,283,301,315,311	114,96,114,130,159,129,150,129,103,68	373,293,315,333,364,392,413,307,285,276	165	192
5450	74,52,75,80,77,74,71,68,69,60	36,35,41,44,36,51,27,33,41,31	68,56,81,68,70,61,78,60,89,90	49,27,42,38,44,32,41,29,24,44	306	218
5451	38,31,50,51,40,39,39,38,43,40	36,35,41,44,36,51,27,33,41,31	36,29,48,33,39,33,42,36,50,53	49,27,42,38,44,32,41,29,24,44	273	218
5452	30,25,39,41,25,36,32,33,39,31	36,35,41,44,36,51,27,33,41,31	28,23,38,32,31,30,35,28,37,43	49,27,42,38,44,32,41,29,24,44	241	218
5453	25,27,45,31,26,20,21,24,28,16	52,57,54,63,46,32,51,44,45,53	26,31,19,33,25,18,30,36,24,18	58,50,38,39,69,56,61,55,77,34	114	129
5454	127,179,156,124,129,151,139,126,126,133	57,78,71,77,69,85,62,58,75,87	163,138,126,148,141,148,175,140,141,162	62,74,59,74,81,73,86,66,85,83	321	182
5455	149,202,177,151,141,170,166,149,153,162	57,78,72,77,69,86,61,58,75,88	181,164,145,170,164,167,207,155,170,177	62,74,59,74,82,73,86,67,85,83	321	182
5456	1,4,1,5,5,5,6,3,4,1	202,279,236,215,187,214,213,195,197,226	2,5,4,7,2,3,8,2,7,2	243,212,214,221,208,214,277,202,217,233	174	321
5457	8,9,12,14,7,3,5,5,7,4	9,5,5,5,6,2,7,9,3,8	11,3,4,4,11,4,8,6,7,2	5,7,7,4,10,7,7,2,4,0	201	147
5458	5,13,9,18,9,4,4,7,11,10	162,180,165,195,182,122,133,159,160,169	14,9,11,12,5,12,10,13,7,11	183,151,144,189,195,159,183,134,152,118	99	251
5459	9,12,21,26,25,13,12,10,13,16	40,46,33,53,27,31,31,38,23,37	15,15,17,18,20,22,29,11,15,12	40,34,28,33,45,28,58,28,37,24	174	222
5460	40,35,28,42,26,23,12,21,28,31	5,2,9,9,10,1,5,7,6,5	33,18,22,25,38,39,38,36,37,36	5,8,2,12,6,3,13,10,5,18	156	105
5461	12,27,26,24,18,21,16,23,21,25	2,2,1,4,3,3,2,1,0,3	23,22,25,23,21,17,32,19,21,11	1,1,3,4,7,0,2,2,0,1	117	153
5462	30,28,41,35,28,20,30,36,27,43	37,50,47,61,35,32,47,46,37,45	26,29,31,34,34,21,28,27,36,21	38,33,33,26,51,32,36,30,39,40	188	183
5463	41,40,50,52,41,32,40,49,45,55	80,78,83,104,82,90,85,68,87,95	40,29,35,32,44,45,44,52,31,39	104,82,108,93,96,83,106,81,91,91	183	309
5464	982,1208,1062,1207,1054,1018,981,1024,1021,1195	197,216,203,218,217,146,183,212,218,223	1138,1046,1092,1194,1210,1169,1206,1117,1223,1048	220,207,220,224,206,240,231,194,226,197	207	176
5465	384,418,424,389,418,210,268,326,330,381	263,345,363,355,354,206,224,279,310,308	388,331,334,369,439,414,386,347,295,178	316,323,253,309,354,315,333,265,249,162	308	201
5466	345,416,448,416,411,236,256,319,303,376	327,390,399,341,400,191,234,281,305,364	398,362,299,373,452,355,431,342,304,187	349,305,315,321,389,384,357,334,291,179	201	207
5468	71,75,78,81,59,43,56,61,68,61	244,224,281,272,248,178,191,196,215,238	83,42,77,64,82,51,71,54,70,79	257,230,241,231,245,270,273,265,278,245	219	242
5469	254,243,281,257,212,281,187,216,226,264	148,183,158,209,193,185,152,150,175,166	265,245,260,298,245,255,299,245,256,258	215,199,169,198,179,187,208,171,202,171	83	141
5470	937,1114,1062,1204,1061,1042,1014,921,984,1136	826,801,788,898,774,672,727,793,750,874	1154,1060,1008,1026,1103,1162,1265,1044,999,944	857,770,780,776,789,798,834,846,788,795	150	160
5471	266,339,262,313,324,301,199,259,312,279	319,495,286,347,405,381,256,357,378,379	271,307,275,430,273,295,381,388,316,450	346,402,329,535,334,402,488,477,446,505	256	242
5472	263,362,251,272,337,350,217,303,303,303	148,206,157,205,163,192,134,161,177,163	291,347,300,431,270,289,418,407,442,600	164,164,178,286,137,169,202,241,198,350	213	171
5473	263,362,251,272,337,350,217,303,303,303	43,58,50,48,56,64,38,40,55,46	291,347,300,431,270,289,418,407,442,600	52,64,52,77,49,43,62,63,47,106	213	208
5474	4,7,0,2,8,1,0,2,0,8	1,2,0,0,2,1,0,0,0,0	0,5,4,5,3,3,0,5,4,3	1,1,1,0,0,2,0,0,3,0	181	239
5475	4,6,11,5,4,2,2,4,7,3	241,319,254,276,262,106,161,220,182,167	2,4,3,6,7,6,7,3,2,1	270,192,179,247,282,219,245,211,180,114	190	2496
5476	32,29,30,35,22,9,10,19,30,17	30,32,42,37,39,13,28,25,26,29	33,28,17,31,19,22,32,26,15,17	32,19,30,27,45,34,47,26,21,22	235	158
5477	10,4,7,7,3,5,11,12,6,11	109,133,127,124,111,151,148,120,110,147	8,12,6,8,6,2,15,2,8,7	122,131,97,132,130,132,150,107,151,186	133	183
5478	10,5,8,8,3,5,11,12,6,11	180,227,193,226,147,246,180,168,201,178	9,12,6,8,6,2,16,3,9,8	202,190,139,182,248,186,220,160,182,163	133	187
5479	1,1,0,2,0,2,1,1,0,1	0,1,0,0,1,0,0,1,0,0	1,0,0,1,0,0,0,0,0,1	0,0,0,0,0,0,0,0,0,1	132	111
5480	76,112,124,106,78,42,73,71,73,68	33,36,40,40,37,23,25,26,24,31	90,89,72,101,115,99,103,90,54,49	27,25,31,31,48,29,32,24,24,19	219	112
5481	0,0,1,0,0,0,0,0,1,0	1,0,0,0,0,0,0,0,0,0	0,2,2,0,1,0,2,2,0,0	0,0,0,0,0,0,0,3,1,0	339	294
5483	0,1,0,0,0,0,0,0,0,0	35,38,54,47,43,20,26,21,28,40	0,0,1,2,1,0,0,0,0,0	41,29,38,32,62,40,44,36,19,14	123	99
5484	69,44,60,62,69,24,51,47,54,52	4,3,4,10,5,1,9,10,5,6	61,44,49,43,53,62,84,36,42,33	12,6,4,8,10,5,9,3,6,4	183	138
5485	0,4,2,0,9,4,7,0,6,7	0,3,1,4,2,5,3,4,1,2	0,0,0,6,7,7,10,0,0,0	1,1,2,8,5,7,4,2,1,1	152	123
5486	1,6,0,0,10,2,6,0,2,10	3,12,2,5,10,3,8,3,9,14	0,1,0,14,7,5,2,0,0,0	2,2,0,5,17,6,6,3,3,2	123	169
5487	307,354,389,404,352,428,293,426,402,408	631,629,676,697,573,786,589,602,677,735	362,389,352,385,392,375,451,401,449,454	716,632,632,640,641,644,748,566,773,870	190	236
5489	86,145,103,103,82,65,62,98,90,88	13,15,18,9,6,7,9,4,6,10	97,103,77,110,107,88,116,102,80,61	6,9,8,14,21,12,8,9,5,8	234	90
5490	24,24,19,33,28,27,25,41,27,41	50,60,43,49,49,57,56,44,54,62	31,31,21,31,41,32,27,32,33,50	51,51,57,54,58,54,57,50,57,54	104	157
5491	52,65,58,70,64,66,61,70,77,74	132,146,128,138,121,139,126,114,113,154	64,64,81,56,72,72,66,56,72,88	98,124,128,140,133,119,139,134,120,143	157	197
5492	348,388,387,443,458,322,311,358,330,363	112,124,131,139,128,73,88,108,101,112	375,350,359,390,430,401,431,396,376,303	143,123,139,127,149,127,137,127,116,119	282	181
5493	216,218,229,248,244,153,174,190,199,169	296,323,333,372,379,255,266,298,282,346	218,228,198,194,221,198,254,194,211,158	334,309,313,331,363,337,354,319,306,240	225	282
5494	246,255,277,260,266,169,181,178,191,239	143,176,176,211,155,113,106,127,143,128	254,198,187,224,272,245,257,197,200,194	149,134,128,153,166,147,160,129,146,107	254	190
5495	244,291,266,270,294,173,225,198,229,222	278,249,270,293,244,192,204,194,207,246	251,273,256,285,286,276,263,209,234,183	286,207,216,224,274,263,268,206,229,194	204	254
5496	146,173,203,228,170,130,128,144,137,163	206,239,210,233,246,137,195,172,192,188	181,127,143,166,169,174,174,160,136,93	237,207,214,195,220,223,227,154,205,128	172	194
5497	53,65,60,68,57,41,40,38,48,60	129,147,144,198,138,107,117,123,132,136	57,34,55,41,69,55,61,46,37,27	153,161,131,152,161,139,172,135,113,91	145	172
5498	64,69,73,94,87,59,45,65,58,70	129,147,145,198,138,107,117,123,132,136	79,55,59,75,111,68,82,57,75,47	153,161,131,152,160,139,172,135,113,91	145	172
5499	23,41,23,26,34,19,24,34,19,32	189,213,244,277,226,167,154,179,170,205	23,37,44,34,36,25,36,37,27,20	226,162,174,216,251,209,215,185,178,127	138	145
5500	1,1,1,0,0,0,1,0,0,0	132,151,179,199,148,116,113,124,120,140	0,2,3,1,0,1,1,1,0,1	161,114,124,143,150,154,152,131,116,85	151	145
5501	31,42,32,48,41,28,16,36,24,34	62,50,43,58,59,31,41,44,35,55	36,44,30,44,34,34,36,50,27,25	55,42,53,49,61,52,54,50,30,35	165	156
5502	27,45,28,33,28,28,21,29,33,35	46,43,35,40,49,30,27,35,45,36	27,26,37,25,39,38,31,27,29,26	33,38,34,45,51,43,44,41,38,29	161	165
5503	47,43,53,50,46,35,47,40,49,56	35,50,36,54,45,32,21,47,32,46	50,47,23,61,53,48,63,43,36,26	47,47,38,47,41,37,44,56,31,28	209	161
5504	8,9,7,10,9,6,7,6,14,7	26,30,30,19,22,33,28,23,28,24	8,8,13,13,13,8,11,15,8,7	27,32,23,10,19,23,33,27,33,33	170	326
5505	8,9,7,10,9,6,8,6,14,7	3,10,9,9,11,7,7,18,8,6	8,8,13,13,13,8,13,15,9,7	7,15,9,10,8,7,14,11,14,7	170	119
5506	8,9,7,10,9,6,7,6,14,7	26,30,31,19,21,31,27,23,28,24	8,8,13,13,13,8,11,15,8,7	27,32,23,9,17,23,32,27,33,33	170	198
5507	47,64,59,43,43,28,34,53,37,54	48,38,33,60,39,32,38,48,49,46	50,32,43,43,55,56,43,45,49,56	51,39,43,26,61,42,62,37,49,55	227	152
5508	7,4,8,7,5,4,4,6,8,3	13,19,16,13,21,9,6,23,16,11	6,5,2,3,6,4,1,10,5,5	30,9,17,10,17,10,15,14,13,5	150	209
5509	12,7,12,16,5,5,4,8,3,6	13,19,16,13,21,9,6,23,16,11	10,9,5,10,4,2,9,9,3,0	30,9,17,10,17,10,15,14,13,5	153	209
5510	21,11,14,19,19,9,14,10,17,10	121,139,124,136,124,75,78,82,89,85	22,15,24,22,11,19,21,17,13,7	123,103,99,103,120,93,122,104,84,63	177	188
5511	121,104,121,128,116,67,92,95,101,84	121,139,124,136,124,75,78,82,89,85	143,113,138,117,124,114,119,107,90,64	123,103,99,103,120,93,122,104,84,63	181	188
5512	186,174,175,189,211,111,172,162,175,175	121,139,124,136,124,76,78,82,89,85	232,177,199,142,218,199,242,171,178,85	123,102,99,103,120,93,122,104,84,63	244	188
5513	186,173,175,189,211,111,172,162,175,175	94,88,98,119,109,52,75,69,76,73	232,178,199,142,218,199,242,171,177,85	98,74,105,79,114,78,108,77,64,56	244	181
5514	4,2,6,3,6,4,9,4,4,3	12,7,8,6,4,5,6,6,1,14	6,2,4,3,3,4,5,1,2,4	7,11,6,11,6,8,9,8,4,9	127	114
5515	87,83,81,104,93,48,47,74,56,71	9,14,20,13,13,8,12,6,11,9	115,90,63,92,164,88,114,85,57,32	14,15,12,10,14,15,14,10,6,8	289	185
5516	5,7,8,4,2,1,4,1,1,6	9,13,8,8,9,5,4,4,7,16	2,4,5,2,4,3,3,6,2,2	9,2,2,1,8,5,4,9,13,6	104	162
5517	11,12,11,6,6,4,6,9,8,11	364,387,408,441,343,184,296,267,324,355	7,10,7,12,14,5,16,8,1,8	312,329,307,307,379,357,386,322,224,171	177	301
5518	5,5,10,2,5,0,4,5,1,3	358,382,410,431,343,185,287,266,307,348	5,4,5,3,6,3,6,3,0,3	307,312,296,307,356,348,381,318,219,163	177	301
5519	69,58,55,69,42,70,49,59,56,57	29,26,38,34,23,35,25,41,40,40	53,63,59,67,70,41,61,49,45,50	39,33,40,26,42,37,34,24,33,27	369	165
5520	55,57,58,46,29,65,44,48,50,41	29,26,38,34,23,35,25,41,40,40	43,47,47,56,58,33,54,42,37,41	39,33,40,26,42,37,34,24,33,27	306	165
5521	0,0,0,1,0,0,0,1,0,0	55,53,53,64,45,37,31,51,38,53	0,0,0,0,0,0,0,0,0,0	61,52,46,33,42,57,55,58,41,52	223	220
5522	6,10,6,4,3,7,5,5,6,0	27,46,48,31,43,23,18,31,26,34	4,6,4,3,1,2,6,6,1,4	40,33,28,30,36,36,43,51,31,22	153	199
5523	68,67,59,75,67,33,31,54,55,52	47,52,57,50,41,35,42,48,39,45	60,74,56,50,82,64,65,73,52,52	45,46,34,55,45,47,46,55,46,18	393	245
5524	97,93,111,89,90,100,89,96,112,131	97,94,99,116,71,106,67,87,87,129	97,83,93,90,87,95,105,79,107,135	106,86,95,89,83,73,127,96,118,127	159	133
5525	47,65,46,52,43,63,34,58,44,33	7,8,8,16,9,7,7,12,6,10	45,54,54,55,62,64,49,47,51,25	9,14,7,4,12,3,10,11,4,8	158	108
5526	67,52,54,46,45,41,54,51,60,38	8,8,6,16,6,7,7,11,5,9	68,46,50,52,63,59,70,53,53,44	7,14,7,3,12,3,10,10,4,8	193	108
5527	27,30,24,25,27,20,19,28,34,24	7,8,6,16,6,7,6,12,5,9	24,24,19,22,31,23,34,23,21,24	7,14,7,3,12,3,10,10,4,8	193	108
5528	1797,2115,1991,2180,1873,1819,1771,1910,1774,1970	3602,4174,4115,4488,3915,3898,3801,3937,3946,4270	1960,1867,1774,1913,2182,1950,2283,1992,2098,1875	4202,3850,3988,4003,4315,4028,4629,4174,4302,4014	160	249
5529	89,120,140,105,114,87,88,84,129,101	1561,1939,1918,2052,1781,1804,1737,1796,1678,1956	80,96,123,100,136,119,130,98,92,86	1991,1820,1803,1821,1969,1872,2176,1901,1928,1848	153	160
5530	28,36,45,31,40,26,27,16,29,27	1554,1936,1914,2050,1781,1803,1735,1794,1676,1955	23,25,27,19,42,29,28,24,23,19	1989,1821,1799,1821,1967,1871,2175,1902,1925,1846	153	160
5531	342,366,405,392,360,276,302,350,330,359	1575,1803,1718,1904,1631,1545,1536,1632,1546,1703	354,361,385,402,434,383,461,432,383,344	1684,1612,1538,1656,1942,1716,1978,1759,1819,1597	364	153
5532	56,61,75,68,75,44,61,57,56,82	1573,1799,1716,1900,1626,1539,1534,1630,1543,1701	67,82,67,94,92,71,72,68,82,52	1683,1607,1537,1653,1941,1713,1976,1755,1816,1594	189	153
5533	58,65,76,71,79,50,63,60,58,83	342,395,419,393,376,291,293,360,368,368	68,85,68,95,94,74,74,70,85,55	342,375,408,420,442,403,482,418,376,337	189	364
5534	12,21,13,19,22,7,8,14,17,18	342,395,419,392,376,290,292,359,368,366	23,11,19,9,20,20,19,16,21,14	342,375,408,419,443,403,482,418,376,337	107	364
5535	16,8,19,24,24,21,19,28,18,35	141,165,159,167,165,131,118,151,165,167	37,24,25,24,20,28,25,17,22,18	164,153,135,154,155,171,193,141,170,156	156	273
5536	47,37,50,54,47,14,30,35,48,29	39,59,60,59,52,26,41,28,34,35	38,33,43,39,55,46,51,34,37,11	48,46,37,43,54,36,51,28,29,13	214	192
5537	287,384,323,371,303,340,271,289,293,336	519,549,521,470,437,529,453,427,509,527	367,310,307,299,322,277,352,297,352,302	545,488,472,480,542,479,513,471,558,524	141	201
5538	615,660,741,600,547,314,433,547,520,598	587,672,649,618,603,352,418,533,432,535	686,467,501,546,656,677,703,557,446,290	663,511,513,582,620,675,637,513,466,328	316	254
5539	125,118,145,139,108,117,96,92,101,148	191,127,214,216,157,162,112,159,141,194	100,107,95,78,148,124,127,76,94,84	171,160,117,148,209,162,185,136,125,127	318	357
5540	17,19,19,16,17,16,17,18,18,20	129,116,129,130,115,114,104,81,92,136	18,15,10,21,31,10,11,11,9,16	98,109,106,76,158,110,122,70,97,78	141	318
5541	26,36,42,33,34,18,27,30,37,37	15,12,14,13,20,11,7,7,9,11	28,17,26,37,28,24,43,25,22,15	10,9,15,10,24,16,19,8,14,5	265	196
5542	28,25,22,29,31,12,11,13,13,23	20,17,19,19,18,12,16,17,18,22	17,17,18,17,33,18,24,9,23,12	13,17,12,6,15,14,33,10,9,2	196	219
5543	20,18,15,20,26,17,15,21,16,19	29,29,56,33,44,16,29,33,40,25	12,15,19,10,26,19,35,13,13,3	27,42,33,33,43,30,51,17,29,17	219	309
5544	2579,2628,2759,2894,2478,2998,2436,2893,2684,2875	1690,1919,1855,2140,1777,2400,1882,1946,1859,2164	3042,2491,2740,2839,2924,2715,3167,2857,3329,3557	2139,1906,1888,1949,2032,1864,2246,2028,2365,2622	316	217
5545	3,5,3,4,3,0,3,3,3,1	7,14,16,8,10,10,4,7,12,9	3,2,1,4,2,1,4,2,0,1	14,9,9,7,11,6,8,3,5,1	123	238
5546	54,56,59,49,62,42,55,53,37,74	99,109,103,88,83,72,77,86,96,104	41,54,61,52,45,48,50,50,58,48	88,93,99,89,94,108,94,107,100,112	201	249
5547	63,71,81,56,54,50,53,56,62,71	26,26,26,48,26,24,21,26,24,35	71,65,70,65,69,67,64,71,71,81	26,27,19,34,34,26,37,34,29,34	249	127
5548	49,33,39,51,26,36,32,31,40,45	129,141,149,169,135,141,160,135,124,143	46,36,23,42,43,43,32,35,34,18	163,133,123,142,142,148,136,118,109,95	147	274
5549	350,371,371,369,353,159,238,242,244,303	51,56,59,56,44,28,29,37,38,41	369,299,337,302,424,355,382,302,261,151	59,54,49,38,57,33,46,55,52,23	424	201
5550	25,28,32,40,42,24,20,25,20,31	38,31,48,30,35,40,28,28,37,53	26,23,35,27,29,27,29,28,24,34	33,37,25,50,41,25,50,25,31,53	156	161
5551	109,131,111,116,84,69,104,92,105,104	82,70,109,101,91,63,83,82,77,81	102,108,111,88,118,114,117,106,91,106	68,113,92,104,111,97,105,72,88,82	141	144
5552	18,21,17,16,14,27,18,16,27,30	287,303,289,377,308,412,278,334,298,389	20,23,18,25,20,31,21,28,34,31	330,287,335,308,343,333,392,319,374,340	105	150
5553	23,17,9,14,14,7,16,10,16,11	0,0,0,1,1,1,0,1,0,0	21,11,11,20,16,13,22,10,15,17	1,1,1,0,0,0,2,0,0,0	246	109
5554	11,20,16,21,32,16,12,19,15,17	18,20,21,15,8,12,11,12,15,8	24,15,21,12,18,19,17,24,15,20	15,13,8,10,6,9,15,18,7,7	375	202
5555	10,20,16,21,32,16,12,19,15,18	63,52,56,54,47,37,37,38,54,54	24,15,21,12,18,19,17,24,15,16	74,41,55,43,75,68,72,52,58,41	375	212
5556	13,4,16,14,9,14,13,8,16,16	5,7,2,2,3,4,9,9,4,3	16,9,11,13,16,10,10,16,13,12	4,2,2,1,6,5,2,1,7,6	135	155
5557	5,4,3,2,4,1,2,0,2,1	23,42,47,38,51,4,20,29,14,20	5,1,0,1,7,2,3,0,0,1	52,33,19,18,36,27,33,27,21,12	138	120
5558	107,114,110,117,114,68,101,95,92,107	33,28,38,28,37,18,17,31,26,28	117,81,81,96,135,129,145,75,82,50	32,29,29,27,32,28,38,23,25,17	230	158
5559	36,26,39,45,32,29,25,30,24,31	189,230,243,232,227,145,173,201,186,234	27,31,23,22,38,28,30,31,41,16	200,166,186,202,240,200,219,164,165,122	158	318
5560	149,162,174,160,154,107,130,167,148,176	180,163,174,178,178,106,122,152,146,168	155,144,134,146,187,147,170,127,138,102	193,162,164,165,186,177,199,165,154,110	318	262
5561	169,169,214,209,209,117,121,155,147,174	91,126,123,120,85,65,76,83,93,127	191,140,167,166,193,180,199,153,147,96	116,121,120,92,116,90,106,77,88,55	262	213
5562	92,108,86,96,76,59,74,80,81,102	38,69,64,57,68,32,31,47,56,53	93,95,102,93,95,101,94,94,70,55	41,52,37,56,59,64,54,37,47,34	213	141
5563	51,69,73,60,61,35,39,40,53,78	79,74,54,85,64,56,70,68,57,72	69,68,64,51,67,45,60,40,55,36	86,77,87,66,69,86,75,61,58,48	141	188
5564	18,22,20,29,20,17,27,16,26,18	16,27,21,23,15,26,19,16,12,24	19,26,17,13,30,16,17,14,12,15	24,15,22,21,23,15,15,21,21,20	218	188
5565	22,22,25,33,25,23,23,22,29,47	37,38,38,46,20,34,33,41,37,45	30,22,25,26,18,16,30,29,34,34	42,38,46,26,45,47,28,23,22,38	138	155
5566	217,236,246,208,184,153,167,208,205,238	113,139,152,203,166,128,133,136,129,175	267,193,209,214,247,213,233,221,219,209	167,160,144,129,160,178,179,168,139,153	212	218
5567	795,933,956,918,856,672,648,725,670,827	753,916,849,924,855,678,676,815,718,854	866,779,788,837,869,835,896,703,748,614	897,734,733,802,830,885,872,698,759,707	257	301
5568	79,81,95,106,95,66,75,82,79,93	54,48,67,62,49,48,34,46,49,61	91,83,67,79,93,73,95,72,82,59	66,43,55,38,50,59,62,35,43,27	187	173
5569	33,52,41,47,36,32,33,44,33,50	35,40,33,41,42,33,34,36,39,29	45,37,47,51,42,42,33,36,45,30	39,39,28,46,39,37,38,36,42,36	210	196
5570	32,42,48,38,47,63,49,51,46,63	112,158,147,125,106,140,130,130,103,130	56,44,50,56,54,67,60,58,54,58	129,141,110,118,135,93,132,128,141,152	152	156
5571	948,1010,1029,1184,1092,741,815,889,841,969	901,1045,1203,1176,1021,797,876,860,889,988	990,923,922,987,1091,1070,1120,911,798,640	1055,938,965,890,1137,1043,1106,912,785,643	204	178
5572	1120,1178,1324,1315,1198,732,864,978,895,1032	1384,1730,1777,1956,1723,1024,1290,1329,1323,1513	1170,1026,953,1037,1270,1170,1256,1025,840,570	1605,1460,1432,1516,1777,1627,1712,1359,1206,851	226	249
5573	130,139,149,155,164,146,130,165,139,170	111,112,142,135,112,123,103,117,133,126	136,154,161,128,167,147,154,140,174,182	116,108,134,120,125,121,130,122,139,161	193	159
5574	0,2,1,0,0,0,0,0,0,0	111,112,142,135,112,123,103,117,133,126	0,0,0,0,0,1,0,0,0,0	116,108,134,120,125,121,130,122,139,161	141	159
5575	19,17,18,15,15,21,15,19,21,19	21,12,19,18,20,15,12,12,13,16	27,24,24,24,13,14,18,17,20,11	10,18,10,21,22,11,18,20,10,11	141	90
5576	149,154,168,170,179,168,145,186,161,190	21,12,19,18,20,15,12,12,13,16	165,179,185,153,181,160,172,156,196,193	10,18,10,21,22,11,18,20,10,11	193	90
5577	21,12,20,19,15,25,14,21,23,17	35,33,27,34,15,15,13,8,20,16	22,17,5,25,18,19,13,19,10,10	24,20,11,18,18,21,17,11,9,19	127	131
5578	97,117,130,119,85,97,100,100,104,118	45,48,52,41,44,47,33,40,40,37	108,93,113,123,137,108,112,122,131,125	58,50,39,53,62,51,37,35,41,44	278	168
5579	290,356,333,333,296,200,260,241,258,257	3,1,0,1,0,0,0,1,1,1	322,273,275,337,322,320,332,304,280,182	1,1,0,0,1,1,0,0,0,0	269	204
5581	178,186,160,215,172,113,122,146,151,157	57,84,69,66,52,55,53,54,50,59	183,146,164,171,162,174,212,147,162,126	67,58,43,63,76,45,65,60,53,44	258	128
5582	53,49,75,58,59,37,46,45,47,52	183,197,185,201,162,93,123,168,160,166	81,60,43,47,52,63,63,56,64,33	164,162,138,166,186,176,209,144,153,121	167	258
5583	55,60,68,64,51,40,35,52,51,44	81,99,92,99,83,56,62,73,90,84	65,52,54,55,60,62,56,30,40,25	107,83,67,87,103,90,105,84,69,45	147	163
5584	10,18,28,27,15,8,16,18,20,21	14,12,14,10,7,2,8,5,7,5	14,12,11,10,14,14,14,15,12,19	10,5,13,6,12,8,9,7,4,3	208	204
5586	260,295,273,314,281,158,209,216,196,237	145,187,169,189,175,103,132,133,155,164	289,210,250,223,281,288,271,245,225,134	170,137,134,149,177,162,174,168,139,95	203	188
5587	45,47,40,40,33,43,49,44,49,67	148,183,165,170,134,153,150,145,140,172	57,48,36,40,47,48,53,37,41,72	168,145,144,158,146,144,167,128,151,164	199	201
5588	85,132,107,104,94,100,106,103,103,132	147,183,165,172,134,152,150,142,140,173	120,113,94,100,111,99,134,90,106,136	167,145,144,161,146,142,166,129,151,163	199	201
5589	147,185,161,186,166,155,143,144,131,190	210,241,229,231,241,226,219,230,215,243	182,170,173,179,177,189,182,171,198,193	239,215,221,268,216,214,239,248,233,260	183	180
5590	753,915,853,966,826,875,778,858,870,956	410,469,475,503,472,499,409,428,429,467	870,825,816,979,870,853,973,964,1041,1004	419,446,392,495,446,473,471,491,508,520	262	169
5591	1,1,0,0,1,3,0,0,0,0	0,1,0,0,0,0,1,1,0,0	0,0,0,0,2,2,0,1,1,2	2,0,0,1,1,0,0,0,0,0	132	135
5592	208,255,217,222,215,153,151,173,215,145	1547,2020,1677,1755,1511,1155,1222,1439,1562,1116	185,239,149,277,233,227,367,220,171,167	1540,1695,1242,2139,1536,1746,2161,1357,1305,1246	148	415
5593	471,546,530,577,425,566,444,503,526,420	527,654,615,620,481,693,525,596,626,510	429,521,407,727,493,514,665,494,555,640	515,629,506,810,506,594,756,556,659,859	201	201
5594	1155,1583,1350,1489,1163,1367,1172,1284,1414,1029	316,406,327,341,294,409,301,377,370,269	1217,1417,1050,1770,1122,1475,1721,1252,1404,1671	312,337,283,466,341,312,445,340,374,503	294	177
5595	1157,1583,1349,1489,1163,1370,1172,1286,1413,1029	532,669,623,628,494,704,534,602,645,519	1218,1418,1049,1770,1123,1476,1721,1252,1404,1672	525,644,514,827,512,606,771,563,664,871	294	201
5596	532,782,599,657,533,725,516,562,580,499	523,655,615,619,481,693,525,596,627,510	549,621,512,803,535,615,778,548,650,801	515,629,508,809,506,593,756,556,658,859	177	201
5597	524,778,593,652,525,721,504,558,575,495	477,767,542,591,517,689,546,583,593,526	543,610,505,795,526,614,762,542,641,796	512,616,471,712,496,621,744,567,677,792	177	183
5598	543,625,546,538,454,643,474,557,610,437	483,770,548,596,525,690,558,585,598,530	497,534,458,735,521,481,666,517,562,755	517,626,477,720,504,623,760,573,686,796	201	183
5599	37,48,37,39,33,53,42,52,32,35	37,31,48,58,46,67,43,52,49,55	41,26,33,49,48,42,47,37,50,34	57,59,43,47,54,52,50,56,53,62	201	213
5600	32,43,50,49,43,43,33,31,33,60	404,467,508,541,518,384,388,428,445,509	47,33,43,36,48,40,52,58,37,38	458,438,436,414,497,508,526,499,488,453	217	1209
5601	389,444,496,528,483,366,367,419,428,499	16,20,18,24,27,26,26,26,15,36	451,429,422,405,484,498,510,494,484,447	26,27,20,20,20,23,30,32,16,28	1209	180
5602	18,26,28,21,23,6,20,20,20,11	17,21,13,19,16,10,14,12,10,16	25,10,16,18,21,18,15,12,16,9	21,10,14,13,21,11,18,13,13,5	125	145
5603	28,33,32,24,33,15,18,28,20,30	26,21,30,31,28,10,16,14,31,21	25,15,19,22,31,19,32,15,16,17	30,28,19,18,38,28,23,32,15,11	145	154
5604	26,33,32,24,33,15,18,28,20,30	16,16,15,22,10,9,4,9,5,7	25,15,20,22,31,19,32,15,16,17	10,13,10,15,15,19,7,16,10,5	145	137
5605	81,50,90,71,63,52,68,67,86,77	22,21,19,23,17,19,7,17,25,18	83,67,69,79,83,87,90,72,80,60	22,14,20,21,18,15,21,20,24,14	247	136
5607	19,18,25,26,21,4,7,14,10,13	114,140,146,108,126,46,74,94,71,75	20,20,16,22,22,13,17,21,10,8	109,101,99,103,110,124,121,63,79,16	149	149
5608	80,94,92,78,86,44,51,53,67,77	17,11,20,16,5,6,8,8,9,9	57,46,43,60,93,64,80,62,64,29	24,9,10,13,22,16,10,6,17,5	544	146
5609	4,1,4,5,6,5,7,4,2,2	2,3,7,0,5,3,5,3,2,1	7,3,2,4,4,2,3,2,4,2	2,5,3,5,4,2,1,1,4,2	129	150
5610	97,102,85,93,99,56,74,74,90,108	87,108,130,122,104,92,102,106,104,103	92,80,72,74,97,88,105,76,73,71	91,112,104,84,117,101,112,106,102,76	131	141
5611	583,572,603,665,574,350,423,443,520,551	322,288,352,326,320,207,224,268,280,294	568,476,461,513,673,514,551,489,463,301	309,274,251,302,343,314,329,270,241,164	192	122
5612	6,7,5,6,4,7,4,2,3,5	39,48,34,49,25,32,28,38,27,43	11,2,5,6,8,5,6,10,7,3	36,40,66,65,39,43,50,54,67,41	123	239
5613	171,144,195,193,154,147,145,163,179,184	270,295,308,341,280,327,287,273,310,334	191,150,153,168,173,172,164,141,193,164	323,285,265,282,318,321,334,250,306,369	181	243
5614	143,234,167,168,171,119,91,149,126,140	89,135,86,112,116,96,65,92,83,106	123,147,132,218,153,136,179,171,155,144	113,85,89,130,103,82,129,120,90,93	221	204
5615	94,123,111,117,110,63,79,104,109,105	97,102,85,95,86,49,58,81,88,83	121,90,130,107,129,107,116,95,64,68	80,81,83,98,99,90,104,68,73,95	161	158
5616	167,152,196,220,188,101,124,128,149,128	169,180,185,234,232,92,141,174,152,174	186,161,139,145,197,178,164,176,142,92	190,167,151,149,230,188,209,159,145,79	198	204
5617	95,122,138,113,151,51,92,105,123,114	155,176,207,210,177,94,150,145,121,137	133,116,110,111,127,120,114,115,105,77	177,152,179,155,171,147,188,153,121,99	144	198
5618	108,102,119,122,111,48,49,88,84,80	190,214,246,226,247,111,156,173,148,207	106,76,82,91,121,82,100,72,78,46	229,207,182,191,246,236,262,196,185,134	201	220
5619	25,36,40,22,27,17,25,24,24,25	79,87,81,87,67,36,59,47,60,75	30,23,24,22,25,28,32,23,22,8	95,57,81,97,102,79,88,87,59,32	179	209
5620	0,0,1,0,1,1,1,0,1,0	3,0,2,3,3,1,5,2,0,3	1,0,0,1,0,1,0,0,1,2	3,1,2,3,2,5,2,0,3,2	194	291
5621	35,21,21,13,20,26,14,16,21,28	130,154,146,182,158,122,127,135,176,129	23,14,19,27,24,20,18,15,24,15	159,159,133,124,173,160,157,139,152,138	101	172
5622	14,11,10,8,11,5,6,10,4,7	4,5,8,8,3,0,1,3,2,8	14,9,14,10,12,14,16,9,9,5	7,5,4,7,4,4,2,6,2,0	158	115
5623	269,266,272,269,251,250,267,255,249,315	217,208,208,230,211,203,167,190,202,194	273,254,246,269,312,274,306,288,316,271	237,200,219,217,229,211,266,187,216,183	280	151
5624	128,108,146,102,107,93,80,94,110,123	39,56,40,52,46,51,37,33,49,48	124,109,103,106,114,105,129,117,117,69	60,62,38,41,57,48,45,45,41,39	192	141
5625	47,50,49,47,45,26,34,45,35,25	45,71,72,66,62,40,45,48,43,54	45,30,52,55,63,50,49,37,56,23	57,57,50,61,67,60,70,55,59,30	125	157
5626	15,26,24,15,19,6,4,13,12,15	7,4,8,4,10,0,6,3,7,6	15,8,12,8,19,17,21,11,5,5	5,5,2,5,5,3,4,2,3,6	244	180
5627	14,6,4,8,8,6,12,5,4,4	44,33,48,51,47,34,25,48,57,50	6,9,9,5,9,3,7,11,10,6	55,55,41,35,35,38,55,56,46,40	129	170
5628	113,73,90,120,77,57,94,108,88,105	207,165,217,256,181,169,189,186,186,263	118,84,91,72,99,91,109,74,118,65	225,195,198,136,233,203,227,187,202,165	170	245
5629	5,4,2,6,1,3,6,6,6,3	222,189,232,302,237,163,215,197,149,299	5,3,6,2,14,6,3,7,6,7	278,154,216,157,264,223,237,196,203,146	168	195
5630	175,214,174,210,203,76,124,139,139,122	125,142,143,156,157,49,74,100,108,119	201,141,129,164,206,186,205,125,87,55	119,129,104,99,148,141,148,99,59,31	174	164
5631	137,114,130,118,125,37,67,107,102,67	124,142,143,155,157,48,74,100,108,119	113,78,112,98,136,115,124,74,51,29	119,126,104,99,149,140,148,99,59,31	152	164
5632	9,23,14,22,17,10,13,8,13,12	8,18,15,13,21,2,7,10,8,10	14,14,14,10,30,13,22,6,6,4	11,12,14,10,22,9,15,12,9,6	141	121
5633	0,2,2,0,2,2,0,1,0,1	9,11,4,10,10,13,7,5,9,11	2,0,0,1,2,2,2,4,4,2	8,8,9,10,12,7,9,9,7,13	177	158
5634	8,7,5,4,3,9,5,5,13,9	8,5,2,3,1,4,3,1,4,5	4,9,5,20,10,5,9,7,12,11	3,3,3,5,8,3,5,1,3,8	141	158
5635	4,8,6,5,6,17,5,3,9,13	8,5,2,3,1,4,2,1,5,5	7,7,11,13,11,11,18,8,7,15	3,3,3,5,6,3,5,1,4,8	180	158
