ID	IJC_SAMPLE_1	SJC_SAMPLE_1	IJC_SAMPLE_2	SJC_SAMPLE_2	IncFormLen	SkipFormLen
0	8,8,12,8,20,7,22,12,8,8	0,0,0,0,0,0,0,0,0,0	9,14,14,15,10,12,14,9,13,14	0,0,0,1,0,0,0,0,0,0	150	75
1	0,2,1,2,0,0,1,2,0,1	6,16,11,12,12,14,19,11,23,6	0,0,0,2,2,1,0,1,0,0	8,14,15,6,13,15,13,15,7,12	150	75
3	908,872,942,898,795,827,771,754,860,902	108,95,82,116,69,96,83,72,93,84	758,1042,837,812,838,941,917,853,867,713	97,104,98,73,91,73,101,104,90,71	150	75
4	0,4,3,0,3,1,1,3,2,1	12,9,12,9,12,10,15,11,10,17	4,5,3,6,5,4,1,3,1,2	12,17,6,18,10,9,13,3,21,9	150	75
5	26,26,22,15,21,23,23,24,24,23	1,2,2,1,1,4,1,2,4,1	30,23,27,34,17,13,28,27,28,24	3,4,2,6,4,0,1,4,2,5	150	75
6	13,11,7,4,13,6,18,14,9,3	151,121,124,76,100,90,112,107,121,126	4,11,8,5,6,5,10,7,5,6	129,113,118,118,127,102,123,89,109,109	150	75
7	0,5,1,2,1,4,3,0,8,2	47,52,51,50,46,32,46,34,29,52	0,2,3,2,2,2,1,1,0,3	60,47,42,50,48,59,48,37,49,37	150	75
8	138,168,155,147,114,131,106,107,111,131	4,4,6,2,2,6,4,2,6,5	116,123,93,120,132,150,131,124,122,116	4,3,2,9,5,4,8,6,4,4	150	75
9	0,0,0,0,0,0,0,0,0,0	19,15,11,9,9,10,7,7,7,7	0,0,0,0,1,0,0,0,0,0	17,13,9,7,11,11,10,7,8,14	150	75
10	1,1,0,0,0,0,1,0,0,0	0,1,1,0,0,0,0,0,0,0	0,1,0,0,0,0,1,0,0,1	0,0,0,0,0,0,1,0,0,0	150	75
11	0,0,0,1,0,0,1,0,0,1	2,2,9,6,1,8,6,9,7,7	0,0,0,0,0,0,1,0,0,0	4,4,1,4,7,4,5,5,4,9	150	75
12	0,1,0,0,0,0,0,0,0,0	10,5,6,7,6,10,8,6,6,8	0,2,0,0,0,0,0,0,0,0	6,16,6,7,9,8,7,10,5,10	150	75
13	33,19,22,27,21,24,8,24,26,25	4,2,0,4,5,3,0,2,4,3	19,25,24,15,24,25,31,23,20,23	2,3,3,4,2,4,4,0,4,4	150	75
14	18,16,17,11,12,12,16,11,5,2	0,3,1,2,1,1,3,2,2,4	13,20,9,17,7,12,10,15,17,14	1,0,2,4,3,3,1,2,0,3	150	75
15	4,0,3,3,1,0,4,7,3,2	178,212,188,157,182,176,137,137,177,191	1,1,4,4,1,0,3,2,2,1	166,178,165,168,182,163,169,184,153,192	150	75
16	0,0,0,0,1,0,0,1,1,2	66,60,78,45,42,53,58,56,53,42	0,0,1,1,0,0,0,0,1,2	56,66,48,59,76,57,57,54,52,39	150	75
17	11,22,18,19,17,16,14,12,9,19	4,1,4,1,1,1,0,1,2,0	15,25,16,19,25,10,14,11,11,13	1,4,0,0,0,1,1,2,0,4	150	75
18	128,122,117,114,126,102,87,121,108,114	12,6,5,5,4,1,3,5,5,5	106,120,104,101,113,120,134,118,103,100	7,3,7,7,8,4,2,0,8,4	150	75
19	0,0,1,3,1,1,0,0,3,0	139,150,144,124,161,139,127,104,111,152	2,1,2,2,1,0,0,1,0,0	150,138,145,145,175,131,114,125,127,98	150	75
20	7,2,1,9,2,3,5,4,3,1	677,603,680,527,545,545,536,467,578,565	4,3,0,3,1,2,3,0,5,5	602,610,553,575,612,558,603,537,567,576	150	75
21	4,3,3,2,0,3,2,3,4,1	984,933,1004,757,787,738,682,680,789,849	4,1,1,3,0,1,1,2,2,2	731,826,813,799,876,892,926,826,794,850	150	75
22	27,32,21,36,30,23,28,27,34,17	1081,983,1070,857,893,843,754,725,886,910	11,33,23,29,17,23,25,20,38,32	864,1015,892,925,962,928,1020,797,863,886	150	75
23	5,5,3,4,4,5,5,4,5,1	1,1,0,0,0,2,0,0,0,1	5,7,0,3,4,3,10,4,5,0	0,0,0,1,0,0,0,0,0,0	150	75
25	2,2,0,0,0,1,1,0,3,0	7,10,2,3,3,8,4,8,15,6	0,0,0,1,1,0,1,0,1,0	5,6,12,8,2,9,10,10,8,6	150	75
26	3,6,2,7,2,2,3,3,3,1	8,14,7,8,7,7,3,8,6,7	2,2,0,2,4,1,1,1,7,0	7,7,3,11,7,4,8,6,3,7	150	75
27	1,0,0,2,0,2,1,1,0,0	4,8,1,1,4,4,1,5,7,5	0,0,0,2,0,0,0,3,1,0	6,7,1,8,1,5,4,6,8,4	150	75
28	1,0,0,0,1,0,1,3,0,4	48,44,58,32,50,34,41,47,40,45	2,1,3,1,1,0,1,3,0,2	43,58,51,53,40,52,41,46,53,37	150	75
29	12,8,10,7,7,7,22,16,8,10	1,2,2,1,3,2,3,2,1,3	11,7,15,8,5,12,6,10,7,9	1,1,3,1,1,2,0,1,1,0	150	75
30	12,8,10,7,7,7,21,16,8,10	38,29,18,17,20,22,15,19,24,28	11,7,15,9,5,12,6,10,7,9	14,16,15,22,16,30,21,11,19,16	150	75
32	6,8,4,10,6,5,8,7,6,6	509,491,483,449,479,481,372,394,444,336	8,5,5,5,6,7,13,10,7,4	389,607,351,396,320,448,465,433,367,434	150	75
33	0,2,1,0,0,0,0,0,1,0	87,90,79,65,65,62,63,56,71,83	1,0,1,0,0,0,1,1,0,0	56,55,67,64,79,72,73,74,68,66	150	75
34	0,0,0,0,0,1,0,0,2,0	4,8,9,5,2,2,3,1,5,9	0,0,0,0,2,0,0,0,0,0	2,4,2,3,5,9,6,12,6,3	150	75
35	9,7,8,10,8,9,4,6,10,5	5,3,7,2,4,7,4,3,3,10	6,9,4,7,13,7,10,7,4,13	3,2,7,2,3,2,6,3,2,7	150	75
36	3,3,1,5,1,2,2,2,3,0	87,89,98,60,79,90,52,67,74,80	2,3,1,2,8,3,4,2,0,4	89,67,65,85,77,84,71,70,84,76	150	75
37	1,4,1,1,1,2,0,1,0,0	2,2,1,1,1,1,1,1,0,0	1,2,0,0,1,1,0,0,0,2	0,0,1,1,1,0,2,4,1,0	150	75
38	4,4,6,5,2,1,2,3,5,2	1,0,1,1,0,0,2,0,0,0	2,2,1,2,2,2,4,5,3,3	1,0,0,1,2,0,0,1,2,1	150	75
39	0,2,1,2,1,1,1,0,0,0	54,46,68,46,50,48,35,39,30,51	1,0,1,4,0,0,4,1,0,3	46,58,40,35,54,68,61,42,39,43	150	75
40	18,17,13,10,22,14,12,17,15,17	1,1,0,0,0,0,0,1,1,1	22,13,18,13,17,11,15,17,16,10	1,2,1,2,2,0,1,2,2,0	150	75
41	18,36,22,29,20,6,29,30,18,11	225,259,308,270,214,254,226,170,224,211	17,22,11,33,11,16,22,28,27,33	218,209,239,193,253,294,208,242,206,237	150	75
42	8,2,1,1,2,4,5,4,1,2	2,2,3,3,2,3,3,4,4,1	4,4,3,5,5,1,2,3,6,6	6,4,0,2,1,0,8,3,2,1	150	75
43	2,5,2,3,4,4,3,0,4,2	0,0,0,2,0,0,0,0,0,0	3,7,3,2,1,4,0,2,5,4	0,0,0,0,0,0,0,0,0,0	150	75
44	15,22,20,21,23,19,17,25,22,18	292,259,295,157,245,218,193,188,267,247	19,26,20,24,21,6,22,19,28,21	266,211,239,241,245,253,232,236,206,245	150	75
45	1,0,0,0,0,0,1,0,0,0	11,9,8,4,3,4,7,1,8,3	0,0,0,0,0,0,2,1,0,0	5,5,2,0,1,11,13,0,5,0	150	75
48	8,8,5,8,9,13,11,10,8,10	12,6,8,11,10,6,1,7,4,6	15,15,10,9,13,10,7,15,12,10	11,6,11,6,4,12,3,12,10,5	150	75
52	0,0,1,3,0,0,2,3,2,1	24,31,30,33,37,22,28,25,29,31	3,1,0,2,0,0,3,3,2,1	37,42,30,24,27,34,34,30,24,27	150	75
53	7,7,5,6,1,6,13,5,3,9	42,30,37,31,44,44,42,33,37,33	7,5,4,8,6,7,11,6,11,3	41,43,44,32,45,24,59,37,56,37	150	75
54	0,0,1,0,0,0,1,0,0,0	47,33,33,30,38,29,26,41,45,30	1,0,1,1,0,1,0,2,1,0	25,32,29,49,35,28,31,40,30,34	150	75
55	8,1,3,3,3,2,1,4,2,2	280,302,291,271,247,310,270,245,268,225	4,4,2,3,6,3,5,4,1,5	319,298,256,254,265,243,293,287,292,241	150	75
56	7,2,6,2,7,0,14,10,4,1	186,202,191,178,136,182,172,141,127,158	8,9,4,7,7,8,12,5,4,4	178,183,168,170,160,177,185,160,163,147	150	75
57	1,0,0,0,0,1,1,0,0,0	315,311,333,288,250,297,298,220,248,315	0,0,0,0,0,0,0,1,0,1	271,305,272,224,285,325,308,240,306,209	150	75
58	1,0,0,0,0,0,0,3,0,4	216,207,195,171,169,177,154,144,172,193	0,1,0,1,1,0,0,1,1,0	199,184,165,153,180,179,176,154,160,133	150	75
59	1,3,0,0,1,0,0,0,1,1	8,8,7,17,15,15,21,10,11,6	2,0,0,1,2,0,1,1,0,1	16,14,13,9,8,13,13,8,15,6	150	75
61	0,0,2,2,2,2,3,1,2,0	22,17,28,20,25,27,14,17,20,27	1,2,0,3,0,2,1,1,6,1	23,17,19,18,22,27,26,20,20,16	150	75
62	1,5,1,0,1,2,1,1,1,0	28,21,29,22,24,26,19,21,18,30	1,1,5,1,0,0,1,4,1,0	20,22,21,30,36,22,17,29,21,15	148	75
63	8,7,5,4,6,5,10,10,6,6	0,0,0,0,0,0,0,0,0,0	5,5,5,4,3,5,5,3,10,4	1,0,0,1,0,1,0,0,0,0	150	75
64	76,66,84,88,75,69,85,55,81,60	1,1,1,0,0,1,1,0,0,1	73,66,53,56,81,59,72,64,67,52	1,1,0,1,0,0,2,0,0,0	150	75
65	0,0,0,2,0,1,0,0,0,0	2,2,1,6,2,4,2,2,4,1	1,2,0,1,1,0,0,2,0,2	2,2,3,5,3,9,2,6,4,1	150	75
67	0,2,1,4,1,0,1,1,2,7	44,46,56,48,46,41,41,43,35,44	2,4,0,3,1,2,4,1,3,3	39,51,36,39,37,35,35,52,42,27	150	75
68	3,2,3,1,2,1,2,1,2,0	3,2,0,2,1,0,5,1,2,3	1,2,5,0,2,3,2,3,2,2	0,2,1,0,4,2,1,1,2,2	150	75
69	0,2,0,0,1,0,1,0,0,1	4,0,1,3,4,3,2,3,3,1	0,0,0,0,0,0,0,0,0,0	0,5,1,3,2,6,5,0,3,4	150	75
72	0,0,0,0,0,0,5,0,1,0	0,0,0,0,0,0,0,0,0,2	1,0,1,1,0,0,0,0,0,0	0,0,0,0,0,0,0,0,0,0	147	75
73	21,16,18,14,5,11,16,11,16,14	13,6,9,6,5,9,6,10,7,7	10,15,10,17,15,20,17,8,12,14	13,7,9,12,10,6,13,7,9,11	150	75
74	0,0,0,1,0,0,0,0,0,0	0,1,3,3,0,1,0,3,1,1	0,0,0,0,0,0,0,0,0,0	2,2,1,1,0,2,0,0,1,3	150	75
75	3,2,0,3,2,1,1,2,2,0	27,26,28,26,30,32,25,31,29,39	1,3,1,2,1,3,1,2,1,3	23,32,29,27,26,22,21,31,27,24	150	75
77	0,0,1,0,0,0,0,0,0,0	1,0,0,0,0,0,1,0,1,0	0,0,0,0,0,0,0,1,0,0	0,0,0,0,0,0,0,0,0,0	150	75
78	1,1,5,1,2,0,1,2,2,2	112,132,133,139,111,114,90,106,106,144	1,1,1,2,0,1,2,1,2,1	127,104,129,126,110,133,116,135,109,114	150	75
80	0,0,0,0,0,1,0,1,0,0	4,6,4,3,2,0,1,1,1,0	0,0,0,0,0,0,0,0,1,0	5,2,3,0,0,3,3,0,0,0	150	75
81	1,0,1,0,1,1,1,0,0,0	4,6,2,1,2,0,0,0,0,0	0,0,0,0,0,0,0,0,2,0	6,4,1,0,0,1,2,1,0,0	150	75
83	1,1,2,0,1,0,1,0,0,0	1552,1377,1494,1455,1319,1437,1182,1129,1259,1285	0,0,0,0,0,0,1,0,0,1	1363,1473,1334,1222,1314,1392,1417,1276,1226,1310	150	75
84	0,0,0,0,0,0,0,0,0,2	3,5,3,5,3,1,1,1,3,2	0,0,0,2,0,1,0,0,0,1	1,6,4,2,0,0,2,2,2,2	150	75
85	0,2,0,2,1,0,0,0,2,0	7,2,4,3,4,5,4,4,3,3	0,0,0,0,0,0,0,0,1,0	1,16,4,4,4,2,7,2,2,2	150	75
86	14,9,19,14,7,8,16,10,14,11	0,0,1,0,0,0,0,1,2,0	8,13,9,7,7,15,13,8,10,9	0,0,1,0,0,3,0,1,1,0	150	75
87	0,0,0,0,0,0,0,1,1,0	18,11,16,10,10,16,8,9,10,10	0,0,0,2,0,0,0,0,0,0	15,16,10,11,7,16,9,13,9,8	150	75
88	0,0,0,1,0,0,0,0,0,0	25,11,17,8,6,13,11,16,9,14	0,0,0,0,1,1,1,1,0,0	9,20,10,9,12,2,15,17,9,10	150	75
91	1,2,0,1,0,1,0,0,0,1	37,35,33,43,35,42,34,25,34,33	0,0,1,0,1,0,0,0,2,0	39,35,44,30,32,37,34,34,34,33	150	75
95	1,0,0,0,0,0,0,0,1,1	7,4,5,5,3,5,6,6,3,3	0,0,0,2,0,0,0,0,0,0	2,3,1,6,3,3,5,3,7,5	150	75
96	7,2,2,2,1,2,6,0,4,0	8,13,7,13,15,13,12,12,13,8	3,4,5,6,5,2,6,4,8,7	9,13,10,7,15,13,8,10,10,4	150	75
97	19,19,14,14,21,15,18,16,17,13	2,0,1,3,3,3,3,2,1,2	9,7,7,14,11,9,16,12,11,12	4,5,1,2,2,3,1,3,0,2	150	75
98	1,2,2,3,1,2,1,1,3,0	116,115,125,90,98,121,90,74,92,92	1,2,2,1,0,0,0,2,2,0	103,109,85,101,97,93,90,104,106,95	150	75
99	38,47,30,38,44,51,22,27,43,33	0,3,0,1,1,0,0,0,1,0	40,48,34,31,26,37,28,35,40,36	2,2,0,0,3,2,1,0,1,0	150	75
101	2,1,2,0,1,1,4,2,1,3	14,10,13,19,16,27,13,16,19,17	1,3,5,2,2,1,6,4,1,4	16,19,15,17,12,13,21,15,18,15	150	75
102	4,3,5,0,3,5,0,2,7,0	254,214,233,213,208,240,188,205,207,157	4,7,1,3,5,1,2,5,2,1	219,271,174,192,182,227,215,183,209,227	150	75
103	1,1,0,2,0,0,1,1,0,3	180,190,187,162,139,154,167,104,127,145	2,1,1,4,1,0,2,0,3,2	144,153,131,124,132,186,160,132,127,118	150	75
104	7,1,4,2,1,2,3,6,2,1	53,46,61,36,40,38,40,50,45,39	2,0,4,1,3,2,2,5,1,6	45,39,45,34,39,43,45,36,29,38	150	75
105	5,5,9,7,6,6,7,3,4,0	31,22,35,35,21,36,27,30,37,31	6,8,4,2,5,6,6,2,10,6	39,30,25,32,30,33,30,39,22,27	150	75
106	5,4,2,2,4,0,3,6,1,2	44,28,39,21,32,30,25,25,42,48	0,2,2,7,8,2,2,1,3,2	32,36,31,30,26,40,18,27,22,29	150	75
107	5,3,1,3,3,2,5,7,4,4	0,0,0,0,0,0,0,0,0,0	2,2,2,8,8,3,3,3,5,3	0,1,0,0,0,0,0,0,0,1	150	75
108	3,2,6,5,3,3,1,3,1,4	33,32,41,39,34,28,31,29,18,54	7,4,5,4,5,10,4,4,5,3	37,34,31,32,35,35,32,35,29,30	150	75
109	51,69,52,59,58,69,48,71,51,67	4,8,2,5,4,2,3,2,1,3	53,67,62,53,81,60,47,66,46,55	5,7,7,9,9,4,4,5,5,3	150	75
110	0,2,1,0,0,0,0,1,1,1	1,4,3,7,4,5,4,1,4,4	0,1,0,1,0,0,0,0,0,0	6,8,2,7,2,7,4,12,8,2	150	75
112	0,2,0,2,0,1,3,4,3,3	69,84,99,70,68,54,74,48,58,72	0,1,1,0,5,2,0,1,5,1	70,69,66,60,69,82,55,51,68,72	150	75
113	211,171,187,163,186,185,140,153,157,172	2,3,4,7,9,4,7,2,6,4	189,170,174,161,177,161,191,166,147,194	7,7,3,7,5,3,4,1,3,7	150	75
114	1,2,0,2,4,2,2,4,2,1	375,335,331,263,322,340,279,292,288,323	1,0,3,5,3,1,1,1,0,3	366,379,352,265,324,326,285,314,325,311	150	75
115	27,29,29,26,38,34,30,37,27,28	0,1,1,2,2,1,0,2,2,1	38,28,36,19,48,21,30,33,43,36	1,2,2,5,1,2,3,1,2,0	150	75
116	1,2,6,1,3,1,6,3,3,1	98,93,103,90,75,76,67,77,67,94	2,1,2,5,1,2,1,2,2,3	77,109,77,91,92,62,93,76,91,83	150	75
117	1,0,0,0,0,1,1,0,0,3	36,25,28,23,29,29,35,28,24,30	1,1,1,0,0,1,0,0,0,0	38,17,20,22,25,31,32,16,26,25	150	75
118	12,8,7,9,10,10,13,7,16,4	145,113,128,121,146,104,123,121,110,122	9,19,9,5,6,3,11,9,4,6	129,147,110,110,137,153,138,111,113,126	150	75
119	13,12,7,16,8,14,7,14,11,7	50,32,40,36,33,28,39,34,26,36	12,15,11,8,12,8,19,5,13,10	40,48,36,27,42,30,34,47,39,23	150	75
121	2,0,1,0,0,0,0,1,2,0	33,51,59,39,24,45,40,52,39,45	0,0,0,0,0,1,0,0,0,1	41,53,42,49,45,37,29,37,49,38	150	75
122	0,0,0,0,2,0,0,1,2,0	20,26,25,28,19,20,21,23,29,30	1,0,2,1,1,2,1,0,1,0	22,34,35,29,24,35,22,30,25,38	150	75
123	1,1,1,0,3,0,0,0,2,0	33,28,37,25,17,31,18,16,29,16	1,0,0,0,0,0,0,1,2,2	27,32,20,26,22,32,18,29,22,19	150	75
124	1,2,1,0,1,0,1,1,0,0	33,39,39,35,25,29,32,19,37,27	1,0,0,1,3,0,0,0,0,1	21,42,37,20,29,22,32,44,28,43	150	75
125	0,2,0,0,1,0,0,1,0,1	36,43,29,33,27,35,21,35,30,49	2,1,0,2,0,0,0,0,0,2	26,33,43,37,31,30,35,35,24,34	150	75
126	1,0,0,0,1,0,0,0,0,1	0,0,0,0,0,2,0,0,1,0	3,1,0,2,0,1,0,3,0,1	0,1,0,0,0,0,1,0,0,0	150	75
127	1,0,0,0,1,0,1,1,1,0	52,58,39,35,41,41,33,23,33,44	3,0,0,0,1,1,0,3,0,0	43,49,32,32,22,33,47,40,41,43	150	75
128	0,0,0,0,0,0,0,0,0,0	1,6,3,3,3,1,2,5,1,0	0,0,0,0,0,0,0,0,0,1	3,6,1,4,2,8,2,5,7,2	150	75
130	0,0,0,0,0,0,0,0,0,0	0,0,0,0,0,2,0,0,0,0	1,0,0,0,0,0,0,0,0,0	0,1,0,1,0,0,0,0,0,0	150	75
131	0,0,0,0,0,0,0,0,0,1	0,0,0,0,0,1,0,0,0,0	0,0,2,0,1,0,0,0,0,0	0,0,0,2,0,0,0,0,0,0	150	75
132	0,0,1,0,1,0,0,0,0,0	1,0,0,0,0,0,0,0,0,0	0,0,0,0,0,0,0,0,0,0	1,0,0,0,0,1,1,1,1,0	150	75
133	0,2,0,1,0,0,0,0,0,0	1,0,3,2,7,2,6,0,2,0	0,0,0,0,0,1,0,0,0,0	1,2,2,0,0,3,1,1,0,1	150	75
135	0,0,0,1,0,0,0,1,0,0	3,5,0,6,3,2,1,7,1,1	1,0,0,0,2,0,0,0,0,0	2,1,3,3,1,3,1,3,0,1	150	75
136	0,0,1,0,0,0,0,0,0,0	86,52,69,56,59,68,53,42,53,66	0,0,0,0,0,0,0,1,0,0	66,50,45,54,65,56,71,60,53,39	150	75
137	1,1,0,0,0,0,2,0,0,0	1,1,2,2,1,0,0,1,0,3	0,1,0,0,0,0,1,0,0,1	0,0,1,1,1,0,0,1,0,2	150	75
139	3,10,10,12,1,4,10,19,2,5	0,0,1,1,0,1,4,1,0,1	9,8,4,8,6,6,6,7,7,9	0,1,1,0,0,0,2,1,1,1	150	75
140	4,11,11,14,1,6,15,23,3,8	10,4,9,7,7,6,7,1,8,9	15,8,6,10,10,10,9,8,12,8	5,5,3,3,11,5,5,2,10,8	150	75
142	22,19,20,27,31,6,20,18,29,22	41,53,39,35,46,44,31,43,28,43	23,15,14,23,19,26,24,10,13,16	48,54,36,38,34,51,39,34,32,47	150	75
143	21,16,21,27,14,18,34,9,22,20	2,0,0,2,0,1,0,0,0,0	23,20,18,20,15,24,22,24,17,18	0,1,1,0,1,0,1,0,2,0	150	75
144	15,14,16,16,11,10,18,16,20,11	144,94,137,122,119,109,74,87,99,139	11,24,12,12,18,17,14,16,17,19	110,125,89,91,105,93,136,101,107,98	150	75
145	5,2,0,3,1,5,6,3,2,2	131,134,104,97,127,100,93,106,94,112	3,4,4,4,2,3,1,1,2,0	117,134,91,101,107,129,110,102,131,127	150	75
147	1,4,2,1,7,5,1,0,2,1	0,0,0,0,0,1,0,0,0,0	3,1,3,2,3,0,2,0,4,0	0,0,2,1,0,0,0,0,1,0	150	75
148	0,0,2,0,0,0,0,0,0,0	1,6,1,0,1,2,2,1,1,2	0,1,0,0,0,0,1,0,0,0	1,1,2,0,2,4,4,1,3,1	150	75
149	1,0,3,0,3,3,6,0,2,1	63,60,56,53,69,45,56,40,55,73	1,2,0,1,0,1,2,4,0,2	58,72,76,76,65,72,66,80,70,64	150	75
150	0,1,1,1,1,1,3,1,4,0	69,65,64,71,71,72,39,44,58,69	1,0,0,0,0,0,2,3,0,0	65,59,77,75,53,66,81,68,68,61	150	75
152	3,2,3,2,2,1,1,3,4,4	140,175,148,132,156,150,122,103,151,139	2,5,4,2,2,1,1,4,1,5	124,160,133,129,142,116,160,145,135,128	150	75
153	1,1,6,6,1,1,2,0,2,2	91,62,84,70,81,82,62,60,83,57	1,3,0,4,5,3,0,1,0,0	81,64,74,57,69,78,74,73,78,71	150	75
154	2,2,9,6,3,6,6,10,9,6	0,0,0,0,0,0,0,0,0,0	3,5,5,9,9,12,4,2,8,4	1,1,0,1,0,0,0,0,0,0	150	75
156	6,4,4,9,4,3,1,3,10,5	15,21,24,23,23,16,16,11,17,16	3,4,3,5,3,4,5,4,3,4	15,25,13,7,13,16,7,9,7,9	150	75
157	13,11,11,15,9,15,8,6,17,8	5,5,2,1,2,5,6,5,3,2	6,8,11,5,4,7,15,12,7,10	2,5,1,3,9,5,2,6,2,2	150	75
158	1,1,0,1,2,2,2,1,2,2	50,34,50,33,34,38,41,33,39,38	1,1,3,0,1,2,3,1,1,1	33,49,37,24,37,45,36,29,31,21	150	75
159	2107,2061,2102,1728,1752,1698,1620,1657,1793,1911	71,67,74,80,54,73,65,55,65,70	1590,2304,1776,1727,1708,2010,1834,1581,1617,1663	56,70,62,55,65,64,71,71,47,48	150	75
161	0,8,2,4,2,2,1,6,5,2	25,25,13,26,27,26,37,24,20,24	1,2,2,3,3,1,1,4,1,4	26,26,28,29,29,35,27,19,23,29	150	75
162	6,12,10,11,10,6,9,9,9,6	52,50,42,64,33,43,37,38,41,50	8,9,7,8,6,4,8,4,4,9	36,41,45,33,48,33,38,35,29,41	150	75
163	0,0,0,0,0,0,0,0,1,0	25,15,23,21,24,17,10,22,25,23	1,1,0,1,0,1,0,0,0,0	27,28,34,19,35,26,33,24,24,14	150	75
164	2,0,0,2,2,0,1,1,2,3	46,32,76,35,42,40,35,34,39,39	0,1,1,2,0,2,2,1,0,3	37,37,28,37,39,37,42,35,35,28	150	75
165	0,1,3,4,1,2,4,2,3,0	48,32,43,39,25,41,48,48,37,38	0,5,3,1,1,6,1,0,1,0	36,39,38,33,57,36,36,36,32,28	150	75
166	2,1,0,0,0,1,3,1,3,1	17,29,33,9,20,15,17,21,21,20	0,1,1,3,0,1,1,0,1,0	16,19,9,19,18,13,27,16,16,28	150	75
167	6,4,2,3,5,4,4,6,3,3	3,1,1,3,7,6,2,1,2,2	3,5,4,6,1,4,2,4,6,2	2,1,1,1,7,6,3,3,2,2	150	75
168	8,16,6,7,10,8,8,12,11,9	0,0,0,0,0,0,0,0,0,0	5,5,7,14,9,8,12,6,6,7	0,0,0,0,0,0,0,0,0,2	150	75
169	11,13,6,8,9,8,12,6,7,13	0,0,0,0,0,0,0,0,1,0	8,7,8,17,6,5,6,8,4,8	0,2,0,1,0,0,0,0,0,0	150	75
170	0,0,0,0,0,0,0,0,0,0	5,4,6,2,8,6,4,4,6,6	1,0,0,0,1,0,0,0,0,0	4,5,6,4,5,5,2,6,4,5	150	75
172	8,5,3,11,3,7,5,8,9,2	430,403,421,369,365,335,366,253,323,334	11,17,6,9,5,5,4,12,4,7	373,384,410,367,369,360,428,341,312,362	150	75
173	0,0,0,0,0,0,0,1,2,0	57,83,77,68,57,60,57,67,62,63	0,2,0,0,0,0,1,1,1,1	63,74,66,69,56,76,50,52,69,54	150	75
175	2,1,0,2,1,1,0,2,1,1	19,12,25,19,15,9,21,20,17,10	0,3,0,0,0,0,1,0,2,0	15,24,11,19,16,27,15,15,15,9	150	75
177	1,0,3,0,3,1,2,0,2,0	1,3,6,3,4,3,2,5,8,2	1,0,4,2,1,0,3,2,4,1	2,7,2,4,9,6,3,5,6,2	150	75
180	48,49,65,48,58,40,45,47,43,52	8,6,9,6,7,4,6,4,8,12	62,60,53,49,47,49,50,36,28,44	8,8,4,9,11,12,5,7,8,6	150	75
182	4,1,6,3,1,1,1,2,0,2	20,26,15,21,29,17,21,29,13,9	1,1,2,2,1,0,0,1,0,7	25,18,17,15,27,20,24,18,17,22	150	75
185	133,166,188,167,157,183,169,155,143,163	6,1,2,1,4,1,1,5,2,2	150,150,149,147,191,148,155,170,186,146	1,4,1,1,2,1,2,0,0,2	150	75
187	2,1,1,3,1,3,2,0,0,1	46,51,44,35,40,39,44,34,34,50	2,1,0,4,2,3,0,3,3,0	41,57,46,38,51,38,50,53,34,53	150	75
188	4,4,8,2,2,3,5,3,4,0	108,107,133,85,106,82,108,76,89,94	2,1,1,6,2,4,5,6,3,10	114,107,97,83,102,100,109,81,92,91	150	75
189	8,5,12,13,5,6,8,12,10,5	3,1,0,0,0,0,0,0,0,0	2,3,4,9,9,7,2,9,7,8	1,1,0,0,0,0,0,0,0,0	150	75
190	11,6,11,14,9,8,13,16,14,6	105,85,105,74,77,101,97,59,91,83	4,9,7,11,10,8,1,16,17,10	85,84,54,74,79,59,62,61,96,62	150	75
191	31,25,14,21,16,14,27,18,15,31	106,90,121,107,96,130,84,88,74,106	25,10,14,29,29,13,19,15,35,25	119,103,91,98,90,111,86,97,89,82	150	75
193	3,3,3,5,6,3,2,4,6,2	3,1,1,1,0,9,7,7,3,4	0,3,4,2,5,7,4,3,1,4	5,3,7,1,3,2,6,4,4,4	150	75
194	19,12,15,20,19,23,24,18,13,9	0,0,0,0,1,1,0,0,0,0	12,20,23,13,14,17,23,4,13,18	0,1,0,0,0,0,1,0,0,0	150	75
195	0,1,2,0,0,0,0,0,0,1	1,0,0,3,0,0,0,2,1,0	0,2,0,0,0,0,0,1,0,0	1,0,1,1,0,0,1,0,2,1	150	75
196	0,0,1,1,1,4,1,3,0,0	207,209,229,187,200,149,163,169,184,195	0,3,0,2,5,2,2,2,4,2	175,189,167,185,197,207,205,199,181,175	150	75
197	8,4,1,8,1,2,2,1,4,2	132,163,150,123,154,134,124,96,144,161	2,5,1,1,3,1,1,0,6,2	124,135,127,141,147,145,138,137,123,122	150	75
198	0,1,0,0,0,0,0,0,0,0	0,0,0,0,1,0,0,1,0,0	0,1,0,0,0,0,0,0,0,0	0,0,0,0,0,0,0,1,0,0	137	75
199	3,0,4,2,4,3,3,3,0,1	261,206,263,212,226,198,186,163,197,241	2,1,4,3,4,1,0,2,2,1	195,244,193,250,225,227,235,211,236,202	150	75
202	1,0,1,1,2,4,2,3,2,3	2,1,2,1,2,1,2,1,0,0	0,5,2,1,2,1,2,0,3,0	0,2,6,0,1,2,1,1,1,0	150	75
203	1,0,1,0,0,0,1,0,0,0	131,111,149,86,99,119,77,92,95,107	0,1,1,0,0,0,1,0,0,0	103,128,104,121,110,113,147,110,99,120	150	75
204	0,1,0,2,1,0,1,2,2,1	24,24,19,19,21,26,11,14,20,19	2,1,0,0,0,0,0,0,1,0	23,9,19,19,18,18,29,10,18,16	150	75
206	0,0,0,0,0,0,1,1,0,0	26,17,17,18,25,19,24,24,26,19	0,1,1,1,0,0,1,2,0,1	15,26,19,28,24,29,35,25,14,28	150	75
207	4,1,0,2,0,1,1,0,0,1	38,19,36,36,32,23,31,22,32,28	1,1,0,1,1,1,2,0,0,1	30,27,17,24,20,29,33,18,31,23	149	75
208	1,3,1,1,0,1,3,5,3,4	49,68,69,53,71,52,64,40,66,55	0,2,1,2,0,4,1,3,2,3	54,67,66,56,59,51,65,61,58,46	142	75
209	0,2,2,2,2,0,1,1,0,0	40,46,64,51,64,47,47,36,50,49	0,1,3,1,0,0,0,0,2,1	36,58,45,38,52,40,42,33,40,36	150	75
210	31,24,31,26,34,31,23,17,22,24	0,0,0,0,0,0,0,0,0,0	18,35,30,20,23,21,31,19,27,22	0,0,0,0,1,0,0,0,0,0	150	75
211	1,3,5,3,4,3,6,3,5,4	55,42,74,58,68,73,56,38,38,52	1,4,2,3,1,2,2,0,3,6	58,53,60,75,72,52,41,51,49,51	150	75
212	10,10,10,4,11,4,8,12,11,9	54,71,62,47,35,39,36,40,43,44	11,8,7,7,15,16,5,17,14,14	47,44,32,32,45,27,58,29,44,41	150	75
213	8,5,5,13,5,2,8,8,8,5	0,0,0,0,0,0,0,0,0,0	7,6,8,6,10,12,1,13,10,10	0,0,2,0,0,0,0,0,0,0	150	75
214	12,7,5,15,9,4,10,3,7,4	41,32,30,29,25,29,25,27,32,40	11,6,9,11,12,5,5,3,14,9	40,21,28,31,22,43,52,24,33,17	150	75
215	0,0,1,0,0,0,0,1,0,0	4,8,10,5,3,4,8,5,6,5	0,0,0,0,0,0,0,0,0,0	2,8,3,9,3,1,6,5,6,0	150	75
217	4,2,1,4,0,0,3,0,2,2	2,6,11,2,0,1,4,2,2,5	1,1,1,0,1,0,0,0,0,3	2,2,1,3,2,10,3,3,0,2	150	75
218	0,0,0,0,0,0,1,0,0,0	2,6,8,8,1,6,3,4,5,7	0,0,1,0,0,0,0,0,1,0	1,4,4,0,4,2,4,1,3,2	150	75
220	10,6,7,6,8,10,16,5,4,11	4980,4995,5263,4607,4368,4773,4317,3629,4427,4483	7,7,6,8,8,5,7,5,7,11	4724,4812,4559,4206,4760,4924,4796,4348,4329,4236	150	75
221	0,6,0,1,0,5,1,0,2,3	32,34,47,23,28,39,38,30,28,33	1,0,0,0,0,0,1,2,0,0	37,40,31,32,33,31,36,32,38,23	150	75
222	33,47,43,31,45,46,32,29,21,44	87,101,94,73,82,102,55,85,82,85	38,54,34,47,27,32,38,39,37,43	98,94,111,109,83,85,55,88,71,62	150	75
223	32,48,43,32,45,47,33,30,22,45	15,12,10,6,9,11,6,8,9,6	39,56,37,47,28,34,37,39,37,44	10,19,13,16,11,8,9,11,10,8	150	75
224	4,8,8,5,6,3,6,8,5,4	76,64,68,52,63,53,42,51,69,36	2,9,6,5,5,4,5,8,7,5	48,51,61,48,53,57,63,57,54,50	150	75
225	14,11,9,11,3,13,16,11,12,9	2,1,2,0,0,1,0,0,0,3	11,14,9,10,13,9,18,15,8,16	0,0,1,2,1,0,1,1,0,0	150	75
226	11,7,8,13,5,13,14,8,10,7	55,38,47,42,26,35,35,27,39,42	7,11,8,8,8,5,11,13,4,11	34,47,46,34,29,54,39,34,32,32	150	75
227	1,2,1,6,2,8,7,6,3,0	2,1,8,0,0,2,0,1,1,1	3,9,4,6,7,2,6,6,1,3	1,2,1,2,0,1,0,3,0,0	150	75
228	0,0,1,0,0,0,4,2,0,0	55,60,57,43,35,41,45,52,40,45	0,1,3,1,0,0,1,1,1,1	29,49,40,46,56,35,60,44,62,59	150	75
229	2,0,1,2,1,3,3,0,0,1	19,12,17,17,14,11,14,10,18,17	1,0,1,2,2,2,1,1,5,3	14,11,18,7,21,20,13,13,20,16	150	75
231	10,9,17,22,17,7,12,13,16,12	4,1,3,2,1,1,1,2,2,1	11,16,16,14,13,18,12,17,9,12	0,0,0,2,4,0,2,0,0,2	150	75
232	13,10,18,21,23,9,15,20,16,13	5,11,14,9,6,7,8,4,1,9	12,18,18,19,12,18,18,19,12,16	13,14,11,17,11,7,10,11,11,10	150	75
233	7,7,3,7,5,4,12,4,3,3	12,9,10,12,7,6,3,3,3,11	4,5,3,4,4,8,5,5,4,1	12,6,4,6,11,10,12,9,6,12	150	75
234	11,9,10,12,11,4,16,8,4,6	12,15,15,7,9,8,13,9,18,18	7,10,7,12,9,3,7,12,1,11	8,15,19,15,12,10,10,8,14,15	150	75
236	0,0,0,0,1,0,0,0,0,0	28,20,27,19,20,15,24,28,16,26	0,0,0,0,0,0,0,0,0,0	24,15,19,16,21,28,27,21,17,17	150	75
237	1,0,0,0,0,0,2,0,0,0	60,73,47,56,63,54,52,50,74,55	0,1,0,0,0,0,1,0,0,0	37,63,66,52,42,61,52,53,43,51	150	75
238	0,0,0,0,0,2,0,2,0,0	3,5,4,4,3,2,3,1,2,7	0,1,1,0,0,0,0,1,0,0	1,4,1,5,4,9,7,1,5,2	150	75
241	275,268,331,260,272,232,238,208,254,279	8,13,11,12,7,13,8,5,9,6	269,326,256,221,277,266,288,221,243,214	6,12,2,12,6,9,13,12,5,10	150	75
242	7,11,12,11,9,5,8,4,11,18	298,263,304,229,269,229,221,203,267,269	5,9,8,4,5,2,4,5,9,5	256,299,285,242,245,281,281,242,233,211	150	75
243	1,0,0,0,1,3,0,0,1,4	0,1,4,1,0,3,1,1,0,2	0,2,0,0,0,4,4,0,2,0	1,0,0,2,0,4,2,0,0,0	150	75
244	0,0,0,0,0,0,0,2,0,0	1,4,1,0,0,0,2,1,1,0	0,0,0,0,0,1,0,0,1,0	1,0,0,1,0,0,1,0,0,0	150	75
245	8,19,17,9,5,14,16,14,4,15	23,20,22,24,31,22,40,26,21,23	10,9,12,12,12,11,15,14,12,20	19,38,19,19,22,34,26,47,17,27	150	75
247	1,1,2,0,0,1,1,0,1,1	0,3,2,1,2,1,1,1,0,3	2,1,1,4,0,0,0,3,0,0	0,2,0,2,0,1,0,2,1,0	150	75
248	1,0,1,2,0,1,0,1,0,0	1,0,0,0,0,1,0,1,1,0	0,0,0,0,0,0,0,0,0,0	0,1,1,2,1,0,1,0,2,0	146	75
249	0,0,0,0,0,0,0,1,0,0	1,1,1,2,2,1,1,0,1,1	0,0,1,0,0,0,1,1,0,2	2,0,0,2,1,0,1,0,1,1	150	75
250	5,1,2,4,3,0,1,3,5,3	79,89,104,74,85,97,73,83,96,86	3,2,2,3,0,4,5,4,2,5	82,64,94,68,78,94,78,71,88,70	150	75
251	268,251,279,273,234,250,209,229,239,201	0,0,0,0,0,0,0,0,0,0	220,273,202,231,246,246,219,239,233,206	0,0,0,0,1,0,0,0,1,0	150	75
252	1,2,0,3,0,1,1,0,1,0	301,316,398,309,283,314,279,275,275,291	0,0,0,0,2,1,0,0,0,2	342,306,316,300,337,339,336,327,283,339	150	75
253	1,4,1,4,7,8,5,4,2,3	18,10,10,12,11,23,8,17,22,7	3,2,1,6,3,4,3,5,1,6	6,14,16,15,18,10,16,12,17,9	150	75
254	19,25,17,21,33,32,15,15,26,21	0,0,0,0,0,0,0,0,0,0	25,24,17,13,18,12,21,16,13,17	0,0,0,0,0,0,0,2,0,1	150	75
256	0,0,0,0,0,0,1,1,1,0	100,90,110,100,71,90,78,92,79,95	0,0,1,0,2,0,0,0,2,0	66,105,77,96,91,116,117,89,90,74	150	75
257	0,1,0,0,1,0,0,3,3,1	0,0,2,1,1,3,2,1,6,2	0,1,0,0,1,1,2,0,0,1	1,1,0,1,0,1,2,0,1,3	150	75
258	1,4,5,2,10,4,4,7,4,4	138,127,128,101,129,120,106,116,123,113	6,3,8,1,6,3,1,4,5,3	119,111,104,119,125,117,125,120,96,111	150	75
259	4,1,4,3,5,6,2,4,7,4	17,16,18,20,13,19,15,18,16,33	4,7,2,3,2,2,4,3,4,6	18,17,26,20,24,23,24,21,23,12	150	75
260	0,2,1,2,4,0,0,2,0,0	25,21,23,28,22,21,12,21,22,17	0,0,2,2,0,1,2,0,0,1	16,20,18,19,23,19,32,18,15,20	150	75
261	4,2,1,1,0,2,3,1,8,2	5,3,5,2,2,0,2,6,6,7	0,0,2,1,2,0,2,2,1,2	0,4,6,5,3,8,7,5,6,5	150	75
262	11,2,6,7,5,3,2,4,3,6	4,1,0,4,1,1,3,1,1,2	7,8,3,3,3,10,10,2,10,3	3,3,0,1,2,1,4,2,1,0	150	75
263	7,9,3,5,5,3,9,8,8,4	50,41,53,35,43,47,38,31,32,42	6,8,2,6,5,2,5,7,9,11	39,33,33,44,32,39,42,24,42,34	150	75
264	2,1,4,5,5,3,11,1,13,2	49,63,38,35,32,49,36,37,35,34	4,7,1,2,0,3,4,2,3,13	47,54,44,48,41,41,45,33,44,28	150	75
265	1365,1236,1336,1101,1136,1152,966,998,1037,1150	48,52,49,40,35,43,39,40,36,33	1104,1386,1146,982,1121,1146,1065,1032,1099,1181	67,53,43,33,47,42,35,40,55,38	150	75
266	1341,1181,1286,1086,1077,1105,921,955,1011,1118	9,15,22,10,17,14,16,12,11,7	1054,1327,1103,959,1107,1114,1049,1010,1074,1136	10,7,9,10,7,2,6,10,13,11	150	75
267	1408,1265,1370,1152,1159,1217,974,1005,1078,1207	11,5,12,5,9,10,6,12,7,7	1131,1414,1187,1004,1125,1201,1087,1092,1161,1208	8,11,5,10,4,9,12,3,6,9	150	75
268	4,5,5,1,5,5,5,1,5,2	600,573,613,528,560,543,471,470,500,567	1,3,3,3,2,1,5,5,3,3	582,633,520,545,594,598,513,513,550,485	150	75
269	3,2,2,2,1,0,2,2,1,1	22,27,20,13,20,13,9,8,18,19	2,6,1,0,3,2,0,3,1,2	14,25,16,17,15,16,15,18,14,18	150	75
270	6,9,5,9,12,3,8,10,9,7	2143,2032,2047,1899,1892,1793,1687,1604,1925,1866	2,6,5,6,5,5,8,7,6,4	1854,2027,1934,1887,1870,2016,2058,1756,1844,1901	150	75
271	3980,3706,3973,3658,3475,3344,3276,3172,3658,3435	163,170,171,155,158,157,152,178,174,151	3376,3571,3499,3618,3527,3643,3656,3433,3435,3350	189,213,142,177,163,180,173,135,210,136	112	75
272	0,2,1,3,1,0,1,1,1,0	3025,2955,3004,2701,2564,2603,2430,2416,2848,2573	0,1,0,0,1,2,0,0,1,2	2720,2952,2746,2722,2886,2860,2894,2526,2677,2452	150	75
273	8,4,7,4,3,6,8,7,8,4	0,0,0,0,0,0,0,0,0,0	6,9,9,3,7,6,10,4,8,4	0,0,0,0,0,1,0,0,0,0	150	75
274	7,1,2,3,2,1,4,2,3,0	8,11,20,5,16,14,9,8,17,16	2,6,3,1,4,0,3,0,2,4	13,6,8,8,11,9,9,7,16,8	150	75
275	578,551,607,477,469,429,480,490,410,472	7,4,8,1,7,14,4,4,3,4	476,522,445,477,492,556,491,451,495,493	5,4,3,6,5,3,11,6,5,5	150	75
276	168,163,140,163,139,147,138,122,143,104	95,66,87,79,75,70,52,76,69,67	146,161,132,140,131,169,132,115,151,151	65,68,51,70,68,76,69,70,73,51	150	75
277	4,0,1,0,2,0,0,0,1,0	1,3,3,6,14,7,8,5,11,10	0,0,0,1,0,0,0,0,0,0	7,7,4,6,8,6,7,11,9,6	150	75
278	0,3,1,3,3,1,1,2,1,1	4,0,1,0,0,0,0,1,0,1	0,1,5,0,5,2,2,0,3,1	2,1,0,0,1,2,0,1,0,2	150	75
279	1,1,0,3,3,2,1,1,1,2	14,14,10,8,11,12,9,11,8,10	0,1,3,2,1,0,1,3,0,2	16,22,14,8,10,10,18,16,12,13	150	75
280	60,63,61,47,47,50,55,28,36,45	1,2,1,0,0,1,0,1,1,1	51,56,63,37,68,57,72,53,57,54	0,0,2,0,1,1,0,0,0,0	149	75
281	2,2,5,5,1,6,7,2,4,1	0,1,1,0,3,0,2,2,0,0	6,2,6,8,4,2,6,5,4,4	0,2,1,0,0,1,1,2,0,1	150	75
285	2,4,4,1,7,1,0,4,4,5	79,68,90,50,54,75,51,43,64,83	2,3,1,0,5,2,2,2,3,3	55,63,47,48,63,70,66,57,54,57	148	75
286	16,10,14,12,6,13,11,10,12,11	75,73,90,71,38,47,62,45,54,46	8,12,9,14,5,9,11,8,6,10	69,56,58,33,57,66,62,49,46,51	150	75
287	33,36,20,19,20,26,27,22,32,18	68,80,83,60,74,69,45,74,59,72	24,24,30,30,22,26,25,23,33,25	71,69,48,55,96,65,100,63,57,70	150	75
288	2,4,3,2,2,10,10,8,4,5	70,72,63,46,39,51,46,34,42,54	10,8,1,6,4,3,4,3,7,0	47,53,44,51,46,54,48,43,44,51	150	75
289	1,2,3,0,0,0,1,0,0,1	19,13,16,13,10,13,12,7,13,13	0,1,0,0,0,0,1,0,0,0	12,16,15,13,12,15,20,14,7,11	150	75
290	0,2,2,1,2,1,1,5,1,1	82,66,63,51,43,59,48,45,61,56	1,4,2,1,0,2,4,3,2,1	59,70,62,62,57,65,52,60,65,48	150	75
291	0,0,1,0,0,0,0,0,0,0	26,32,28,29,22,33,35,28,26,28	0,0,0,0,0,0,0,0,0,0	20,21,31,25,30,30,40,30,24,27	150	75
292	16,15,17,18,17,12,19,18,20,12	1057,1047,1143,964,978,1003,882,744,942,957	9,19,10,21,7,15,20,22,24,15	962,1015,1030,990,1030,1020,1003,875,915,903	150	75
293	3,4,3,3,4,0,2,4,0,1	17,21,14,17,13,13,13,17,15,12	1,2,1,5,2,4,1,2,1,2	20,16,16,12,14,26,12,20,19,18	150	75
294	0,0,1,0,0,0,0,1,0,2	0,0,0,0,0,0,0,0,0,1	1,0,0,0,0,0,0,0,1,0	1,0,0,2,0,1,0,0,0,0	150	75
296	13,12,9,12,10,8,5,11,8,6	0,0,0,1,0,0,0,3,0,0	5,8,6,11,9,8,11,12,4,2	1,0,1,1,2,1,0,0,3,0	149	75
297	12,11,9,12,10,8,5,10,8,5	0,0,0,1,0,0,0,0,0,0	4,7,6,9,7,7,9,12,4,2	0,0,0,0,1,0,0,0,0,0	133	75
298	14,22,15,15,13,20,7,10,16,19	9,14,14,18,5,11,8,9,8,8	17,10,10,19,14,8,19,11,8,12	13,11,3,11,9,6,14,8,13,3	150	75
299	3,2,6,4,1,1,8,7,6,4	53,47,34,43,49,42,34,30,48,43	6,4,3,10,5,6,5,2,2,3	38,42,43,39,35,41,32,47,41,42	142	75
300	3,3,2,3,3,1,0,2,4,1	36,26,22,19,22,13,22,15,31,28	1,2,2,1,5,1,0,1,4,4	23,21,20,22,29,21,19,26,22,14	147	75
301	12,13,8,5,7,10,8,10,3,10	0,1,0,0,0,0,0,0,0,0	5,10,7,10,5,13,7,8,6,10	0,2,0,0,1,1,0,1,0,2	150	75
302	6,7,6,3,4,5,7,2,4,0	53,69,68,61,60,52,45,48,48,54	3,10,4,6,4,2,4,5,3,8	59,67,76,57,61,56,57,48,61,46	150	75
303	8,3,2,9,5,0,6,0,4,2	61,50,80,49,56,47,48,45,57,64	6,7,3,1,4,2,6,2,5,3	51,65,52,55,58,55,55,60,61,46	150	75
305	1,1,2,3,1,1,1,1,0,1	16,14,29,13,22,14,11,14,19,17	1,1,0,2,0,1,1,3,2,0	14,24,7,22,13,16,16,18,13,13	150	75
306	0,3,4,5,3,0,6,1,2,1	345,334,350,293,332,301,266,286,295,281	1,4,0,1,3,5,1,3,0,5	339,347,277,313,309,321,349,313,295,295	150	75
307	0,1,0,0,0,0,3,0,1,0	0,1,1,0,3,0,0,0,0,2	0,0,0,0,2,0,0,0,0,0	1,4,1,1,0,0,0,0,0,0	150	75
308	1,3,1,3,1,0,2,0,2,1	1,0,0,0,0,1,0,0,0,1	0,1,0,2,3,0,1,4,1,0	2,2,2,1,1,4,0,0,0,0	149	75
310	1,0,0,0,0,0,0,0,0,0	11,6,9,11,6,12,10,4,6,6	0,0,0,0,0,0,0,0,0,1	11,16,6,6,3,5,12,10,7,9	150	75
311	0,2,0,0,0,0,0,0,0,2	0,0,0,0,0,0,0,0,0,0	0,0,0,0,0,0,0,0,0,0	1,0,0,1,0,0,0,0,0,0	150	75
313	3,3,3,0,2,2,0,2,2,3	57,51,52,40,44,57,40,46,35,47	1,1,0,1,2,5,2,1,1,5	45,75,50,49,59,49,47,42,51,38	150	75
314	33,50,48,40,24,23,28,33,43,26	47,39,49,37,28,36,38,28,50,42	25,23,29,36,25,37,35,30,37,28	32,50,42,40,41,37,40,34,50,32	150	75
315	8,8,12,9,12,14,12,8,5,9	52,50,57,60,51,53,38,40,42,56	6,15,3,14,9,7,6,4,5,11	47,42,56,56,43,43,55,50,47,42	150	75
316	3,8,3,7,12,6,8,1,8,10	31,23,10,15,26,16,15,20,21,28	2,9,11,8,5,9,11,3,10,8	15,24,13,22,16,11,18,18,15,16	150	75
317	4,2,6,6,5,0,7,3,6,2	0,0,0,0,0,0,0,1,0,0	2,8,3,6,4,6,1,6,1,5	0,0,0,0,0,0,0,0,0,0	150	75
318	17,8,12,17,13,7,15,19,16,6	1,0,0,0,0,0,0,0,3,0	10,4,9,11,5,7,16,12,13,13	0,0,0,1,1,1,0,0,0,0	150	75
319	0,3,1,1,1,0,2,0,1,0	52,44,29,15,32,42,32,41,38,30	0,2,1,2,0,0,1,0,0,0	30,38,39,32,28,29,39,37,24,23	150	75
320	0,3,0,0,0,0,2,0,0,0	0,1,0,0,0,0,1,0,0,0	0,0,1,1,0,0,1,1,0,0	0,1,1,0,0,0,0,1,0,0	150	75
321	0,2,0,1,1,0,0,0,0,1	101,96,98,76,108,102,80,76,69,86	0,0,0,0,0,0,0,0,0,3	94,99,89,93,92,81,80,81,86,91	150	75
322	1,1,5,2,1,2,3,0,3,1	7,4,12,22,10,4,6,19,13,15	4,6,2,2,1,2,1,2,2,3	15,13,13,9,12,10,16,10,22,17	150	75
323	117,133,91,95,99,113,96,87,92,100	5,11,5,5,8,5,5,6,8,10	85,112,94,113,109,91,88,110,102,128	3,9,5,4,9,2,13,2,6,9	150	75
324	3,3,2,6,5,3,2,2,2,1	1092,1103,1067,933,923,1164,855,862,942,1076	5,3,7,6,9,4,4,6,1,6	911,1042,925,938,967,1028,1054,1007,973,885	150	75
325	7,2,1,1,6,3,7,7,10,2	32,15,33,28,34,36,20,21,23,16	1,3,2,4,5,6,2,8,2,6	31,30,20,22,27,31,27,32,24,30	150	75
326	139,171,123,134,123,136,122,133,145,103	72,70,63,64,50,73,42,52,69,56	112,122,125,163,134,133,162,156,148,160	63,79,52,60,49,69,85,63,79,68	150	75
327	12,14,15,11,13,7,12,6,8,11	30,26,30,30,24,26,22,19,22,31	8,8,5,11,11,11,11,12,8,10	35,22,18,42,30,19,27,23,17,24	150	75
329	2,3,5,3,2,6,7,4,3,3	6942,6114,7624,6343,6552,6877,5926,6069,6591,6654	11,8,6,2,1,8,4,1,5,6	5790,7976,6429,5645,5836,7179,6136,5795,5707,5355	150	75
330	10,24,20,12,16,14,18,16,13,10	29,14,7,21,6,9,10,17,13,11	14,23,10,17,17,20,14,7,26,24	9,18,10,23,16,19,12,16,9,27	150	75
331	14,7,7,15,9,6,16,16,19,10	35,36,33,37,31,38,33,36,27,36	14,20,9,14,14,20,6,11,15,14	30,26,33,27,34,42,33,28,31,17	150	75
332	1,2,3,3,2,1,1,3,2,1	1,6,1,2,1,1,3,2,3,6	4,4,2,3,3,1,3,4,3,2	1,3,3,2,1,4,2,3,4,3	150	75
333	16,12,10,14,18,18,12,17,19,17	0,0,0,0,0,2,0,0,0,0	15,21,15,13,10,8,30,21,17,15	0,0,1,0,0,0,0,0,0,0	150	75
335	470,450,475,451,424,473,362,361,376,415	7,5,17,15,8,10,8,5,4,5	377,433,376,361,387,384,401,405,367,334	10,10,6,10,5,5,6,3,7,13	150	75
336	99,69,112,77,85,84,61,85,97,96	1,4,5,0,2,2,3,4,0,2	78,96,79,81,89,114,116,106,99,85	1,3,1,1,2,2,1,1,8,4	150	75
338	0,1,4,3,2,2,0,1,8,2	4,1,1,1,1,1,2,0,1,1	0,2,1,2,0,2,3,3,5,3	1,2,2,1,0,6,0,2,2,2	150	75
341	2,2,1,3,2,2,3,0,5,1	10,16,18,10,15,16,19,8,21,20	1,1,0,1,1,1,5,2,2,2	11,17,19,13,15,11,24,12,14,11	150	75
342	74,65,63,48,55,60,41,57,45,50	3,10,11,8,9,3,9,4,2,8	52,54,40,62,53,52,66,53,55,63	5,7,13,1,6,6,4,7,2,8	150	75
343	13,15,9,8,16,18,16,9,6,9	112,99,99,102,91,95,84,75,59,74	12,12,15,18,10,16,8,5,9,16	91,109,78,81,96,82,95,99,83,109	150	75
344	10,8,6,8,11,11,9,12,8,10	117,110,99,107,93,113,97,87,106,93	6,14,15,12,8,12,15,9,16,9	85,112,101,119,95,105,125,111,94,99	150	75
345	20,15,17,27,24,25,15,15,16,22	0,1,0,0,0,0,0,0,0,0	13,27,24,18,21,23,26,25,22,22	1,0,0,1,0,0,0,0,0,0	150	75
346	29,25,26,41,26,41,23,21,30,27	61,67,57,71,61,61,37,51,67,64	31,40,29,27,23,36,35,37,27,30	70,71,57,62,61,63,60,62,56,54	150	75
347	30,30,28,35,29,39,25,22,29,27	1,0,1,2,1,2,0,1,1,0	25,32,29,21,23,51,42,32,29,32	1,1,3,1,0,1,1,0,3,1	150	75
348	27,21,24,21,21,18,12,18,13,19	3,4,2,4,3,8,2,3,2,8	20,20,16,21,25,29,19,15,13,29	7,6,2,1,4,4,3,2,2,9	150	75
349	3,2,4,1,1,2,2,4,1,3	2,0,4,2,0,0,2,0,1,1	0,1,0,3,1,1,1,1,0,2	2,0,2,0,1,1,0,0,0,3	138	75
350	5,4,4,1,4,2,4,4,2,3	43,50,49,54,28,42,32,39,40,38	1,2,4,6,1,2,1,4,2,3	49,50,36,35,33,38,35,30,36,34	150	75
351	1,0,2,1,1,1,2,0,3,0	12,9,14,12,12,12,16,14,13,15	0,2,2,0,2,0,0,0,0,1	14,8,16,12,14,14,12,13,11,19	150	75
352	5,10,13,8,10,5,11,4,9,10	12,19,6,8,9,12,10,7,18,19	9,5,7,4,6,6,5,7,16,11	19,13,16,11,10,9,12,11,13,16	150	75
353	5,10,18,9,10,6,14,4,9,10	14,8,8,6,11,10,12,7,15,6	10,8,9,4,9,7,5,7,17,12	15,14,12,16,13,13,8,10,17,8	150	75
354	1,1,3,1,1,2,1,3,1,0	48,29,33,19,21,30,27,30,19,32	1,1,0,0,0,0,0,1,0,4	43,26,24,30,41,43,39,23,24,55	150	75
355	7,1,2,5,3,3,7,3,1,3	4,6,4,4,0,4,4,1,7,1	3,0,4,1,1,3,1,3,4,5	2,12,4,2,3,3,1,6,3,5	144	75
356	1,3,1,1,1,1,2,0,2,1	39,26,31,28,32,34,20,25,44,20	0,1,1,1,2,1,2,0,1,0	37,34,25,29,42,36,38,30,23,24	150	75
357	0,0,0,0,0,1,2,0,0,1	35,29,27,34,23,24,22,22,26,26	2,0,1,0,0,0,0,1,0,2	26,24,24,20,29,33,30,15,21,28	150	75
358	0,0,0,0,4,1,4,2,1,0	46,26,48,46,28,31,45,20,29,37	2,0,2,3,0,0,1,3,3,2	39,47,31,31,46,39,40,28,36,44	147	75
359	0,0,0,0,0,0,1,1,2,2	52,43,55,45,30,46,55,42,43,31	1,0,0,0,0,0,0,1,0,0	48,44,49,43,60,42,46,63,41,44	150	75
360	58,78,66,58,69,65,56,51,57,68	331,317,356,234,274,309,247,269,246,253	56,77,62,69,53,60,69,53,65,66	299,320,224,235,271,298,306,254,296,260	150	75
361	85,79,88,80,84,72,81,82,85,90	356,318,315,224,268,303,236,232,274,291	69,93,89,83,76,67,92,87,88,89	303,349,256,281,288,332,310,274,310,279	150	75
362	5,6,4,2,4,3,3,2,4,0	117,113,109,100,110,109,126,80,86,100	0,3,2,5,0,2,1,2,1,1	97,115,89,70,102,87,92,76,81,80	150	75
363	6,11,9,15,16,11,11,9,15,17	0,1,0,1,0,0,0,0,1,0	11,14,14,13,8,7,5,12,13,10	1,0,0,0,0,0,1,0,0,0	150	75
365	0,6,1,2,3,0,3,2,1,0	1,0,1,0,0,0,0,0,0,0	2,1,0,1,3,0,0,3,1,0	0,0,0,0,0,0,0,0,0,0	150	75
366	3,0,1,0,1,0,2,2,1,2	12,10,8,9,11,10,5,12,11,22	0,2,0,0,0,2,0,0,1,4	7,19,14,6,8,5,15,11,10,10	150	75
367	20,14,10,17,13,10,18,9,12,13	15,13,13,9,7,9,5,7,15,7	18,18,18,10,12,5,19,8,7,9	4,12,7,5,13,8,14,11,14,7	150	75
368	19,23,19,16,16,11,16,14,15,7	67,66,66,88,74,71,58,53,62,63	16,17,10,11,15,12,9,11,27,18	72,73,71,75,94,60,93,53,63,73	150	75
369	16,19,21,15,14,8,7,17,15,13	75,91,115,75,81,85,70,84,71,84	14,14,8,18,21,9,7,16,25,8	70,87,77,63,95,87,82,82,88,79	150	75
370	0,1,1,0,1,3,0,1,1,2	0,1,1,0,1,2,2,0,0,1	1,3,0,2,1,0,0,0,0,1	2,2,1,0,1,1,1,2,0,0	150	75
371	12,16,10,10,11,6,16,13,19,10	79,60,92,55,76,61,46,55,59,77	8,16,13,13,12,16,9,7,21,14	83,68,73,58,74,63,65,52,82,69	150	75
372	3,2,2,3,4,0,4,4,8,1	12,20,7,14,9,16,12,10,10,10	2,3,2,3,5,3,3,6,2,5	11,12,14,10,18,12,12,10,14,12	150	75
373	11,11,14,13,7,21,17,13,13,16	4,4,0,3,0,1,3,1,9,2	11,17,9,17,14,17,14,16,19,16	4,1,5,1,3,0,3,2,1,1	150	75
374	0,1,0,2,1,0,1,1,1,0	8,11,10,7,10,11,7,9,13,13	0,0,0,0,1,0,0,1,2,0	7,13,5,6,8,11,5,10,13,12	150	75
375	0,0,0,0,0,0,0,0,1,0	47,34,54,41,28,28,38,49,33,49	0,0,0,0,0,0,0,1,0,2	39,48,57,55,47,48,43,40,35,30	150	75
376	1,5,5,6,4,4,4,1,2,5	2,4,8,5,4,7,0,4,2,5	1,3,2,4,0,0,0,1,5,1	3,3,10,3,7,5,4,6,1,6	150	75
377	1,1,0,0,0,0,0,1,2,1	7,8,6,8,8,11,4,6,3,4	0,1,2,0,3,3,0,0,1,2	3,5,11,8,2,7,6,8,4,2	150	75
378	1,1,0,0,0,0,0,1,2,1	0,1,0,1,0,1,0,0,0,1	0,1,2,0,3,3,0,0,1,2	1,0,2,0,1,0,0,0,1,0	150	75
379	0,0,0,1,0,0,0,0,0,0	24,15,26,39,19,23,17,11,6,26	0,0,0,0,1,1,0,1,0,0	31,17,13,18,21,13,15,16,19,20	145	75
381	1,6,1,1,4,0,4,2,2,1	3,1,1,2,2,2,6,2,1,1	3,2,4,1,6,2,3,4,2,1	1,2,3,3,3,3,6,5,2,2	150	75
382	2,2,1,2,2,2,4,3,2,5	1,3,3,2,1,4,4,6,2,5	2,4,4,2,4,2,3,1,3,4	1,1,2,0,1,3,1,3,1,4	150	75
390	20,11,15,11,6,9,14,14,21,8	12,7,14,5,9,5,6,5,7,12	14,21,7,10,7,11,5,14,17,13	8,5,6,7,8,1,7,4,6,9	147	75
392	4,3,1,5,4,1,6,1,4,1	330,341,332,252,321,293,272,243,287,302	1,6,2,0,2,3,5,2,2,2	317,350,275,267,288,288,324,319,241,267	150	75
394	2,3,5,2,2,0,2,2,0,1	29,28,33,24,31,34,33,26,33,26	0,3,6,6,1,1,0,5,0,3	32,32,27,29,23,34,47,20,24,22	150	75
395	10,23,9,9,6,18,16,16,13,6	0,0,0,0,0,0,0,0,0,0	7,30,8,19,9,6,14,16,8,14	0,1,0,0,0,0,0,0,0,0	150	75
396	3,0,2,3,5,3,2,3,0,2	32,29,23,26,37,33,19,27,24,30	1,3,1,3,0,3,3,2,3,7	28,32,29,31,26,29,30,29,29,37	150	75
397	2,4,5,2,3,1,2,1,3,0	0,0,0,1,0,0,0,0,0,0	3,6,6,2,0,1,3,2,1,4	0,0,0,0,0,0,0,0,1,0	150	75
403	12,6,9,9,9,12,9,4,10,13	3,2,0,0,2,1,1,1,1,0	6,11,11,7,5,16,14,14,11,5	0,0,0,0,0,0,3,1,1,0	150	75
404	0,1,1,0,0,1,2,0,0,0	24,27,13,17,20,20,15,21,22,26	0,0,0,1,0,0,0,1,3,0	25,13,22,24,20,32,19,21,19,16	150	75
405	8,6,10,9,5,9,15,5,7,5	23,22,24,23,27,11,26,27,15,25	5,5,3,9,3,7,5,6,11,7	25,22,11,25,23,18,31,10,26,12	150	75
406	31,28,34,23,24,26,35,14,27,18	33,28,33,36,29,33,32,19,20,23	16,27,16,28,30,24,32,31,28,27	29,29,25,29,36,31,38,27,38,30	150	75
407	35,36,39,25,34,27,38,16,31,19	5,4,8,6,7,14,13,6,9,4	20,31,20,30,31,29,34,35,29,36	5,8,12,7,3,5,12,4,9,4	150	75
408	44,37,58,57,43,41,41,31,33,42	2,1,1,0,1,0,3,0,1,2	34,41,42,41,41,41,45,48,37,47	0,4,0,0,1,2,1,1,1,0	150	75
409	0,0,0,0,2,0,1,2,0,1	23,20,19,28,18,25,27,20,25,21	0,0,0,0,3,0,0,1,2,1	20,26,14,15,23,27,20,29,26,18	150	75
410	5,4,1,10,5,6,1,1,4,3	65,53,61,46,51,53,49,47,43,44	3,7,1,1,3,1,3,3,2,3	51,60,48,46,53,55,65,73,61,58	150	75
411	2,3,0,0,0,1,1,1,0,0	40,36,33,33,37,45,31,26,40,48	1,0,0,1,0,1,1,0,4,2	39,39,35,32,47,27,28,33,32,25	150	75
412	25,13,13,17,13,21,16,6,16,8	12,9,12,6,13,10,11,5,16,8	9,11,11,12,11,11,16,11,11,12	7,14,6,6,16,13,12,9,14,13	150	75
413	7,2,5,8,4,2,11,3,2,3	11,5,7,8,6,9,7,10,5,14	5,7,2,8,3,3,6,5,1,4	11,8,6,2,8,8,14,14,9,9	150	75
416	0,0,0,0,0,0,0,0,0,0	0,0,1,2,1,1,1,0,0,0	1,0,0,0,0,0,0,0,0,0	1,0,1,0,1,0,1,0,0,1	150	75
418	1,1,0,1,1,0,0,0,0,0	20,31,22,19,15,21,21,10,29,24	1,1,1,0,1,0,0,0,0,0	26,26,27,22,16,15,26,12,30,14	150	75
419	3,0,1,0,1,1,0,0,0,3	1,0,0,0,0,0,0,0,0,0	2,1,4,0,0,2,0,0,1,1	0,0,1,0,0,0,0,1,1,0	150	75
420	0,0,1,1,2,1,0,0,0,2	20,19,22,15,19,37,17,23,18,20	0,1,0,1,0,0,2,0,0,1	28,31,26,14,20,33,30,20,15,26	150	75
421	0,0,1,1,2,1,0,0,0,1	0,2,2,1,0,0,0,1,1,1	0,0,0,1,0,0,2,0,0,1	0,0,0,0,0,2,0,0,0,0	150	75
422	12,10,9,7,7,6,12,9,12,4	0,1,0,1,2,0,0,1,1,1	12,13,4,13,9,7,9,9,12,10	1,0,0,0,0,1,1,1,0,1	150	75
423	2,3,1,0,3,7,2,6,1,6	27,26,21,35,29,32,30,23,26,28	1,3,3,4,8,2,2,0,5,2	29,25,20,33,29,28,33,30,23,30	150	75
424	5,3,9,11,3,2,3,3,3,3	39,44,52,40,50,38,36,36,33,46	3,4,1,3,0,2,2,3,2,3	51,55,54,42,54,47,30,43,37,32	150	75
425	1,3,3,0,1,0,4,0,5,2	324,307,318,270,285,273,245,232,278,300	1,3,0,0,6,4,1,3,2,1	286,272,305,279,300,317,307,285,253,283	150	75
430	8,15,5,12,18,12,15,15,9,16	8,16,13,15,7,12,8,8,10,6	19,12,11,13,16,16,13,12,16,10	9,9,12,15,10,15,7,12,7,10	150	75
431	8,1,3,5,9,4,9,6,8,4	121,115,114,115,107,114,94,92,101,87	12,3,1,3,4,4,2,2,4,4	127,96,119,94,120,107,115,92,97,116	150	75
432	0,1,1,1,0,2,0,1,0,1	3,1,3,0,2,4,2,7,1,3	1,1,0,2,1,0,1,0,1,1	3,10,1,1,4,4,5,1,1,4	150	75
433	4,2,2,4,2,0,1,2,0,3	23,14,45,38,27,17,40,23,20,6	0,1,0,4,1,1,3,3,1,6	21,24,22,17,22,30,37,11,10,27	150	75
434	0,0,0,0,1,0,0,2,6,1	28,21,28,18,19,16,15,13,17,26	1,3,1,1,0,0,1,1,2,1	20,21,23,19,26,19,26,13,14,11	150	75
436	0,0,0,0,0,0,0,0,0,3	0,0,0,0,1,0,0,0,0,1	0,0,1,0,0,0,0,0,0,0	0,0,0,0,0,0,0,0,0,0	150	75
437	0,1,0,2,1,1,1,1,1,0	183,177,151,149,127,169,142,125,151,108	3,0,2,0,0,3,1,5,0,3	142,222,124,155,124,140,142,149,133,155	150	75
438	5,6,2,6,4,5,6,5,4,5	1173,1255,1193,1055,1028,1058,963,881,985,1003	2,15,5,3,8,5,7,4,7,3	1153,1099,1122,1013,1045,1146,1177,1125,1047,954	150	75
439	1,7,3,3,5,1,3,2,4,1	911,994,972,863,861,960,867,770,790,849	3,9,0,5,6,1,2,3,5,2	905,904,899,897,975,932,997,897,934,811	150	75
440	5,3,2,5,4,4,5,7,3,8	1397,1533,1514,1266,1256,1498,1265,1053,1206,1186	2,9,1,6,10,3,2,3,4,4	1352,1398,1326,1481,1461,1379,1466,1328,1291,1301	150	75
442	0,0,0,0,0,1,0,0,0,0	0,2,0,0,0,0,0,0,0,0	0,0,0,0,0,0,2,0,0,0	0,0,0,0,0,2,1,1,0,0	150	75
447	2,2,0,0,0,0,0,1,1,0	179,184,152,146,180,152,115,131,139,150	0,0,2,3,0,0,0,2,2,2	163,160,143,136,147,160,147,169,163,149	150	75
448	118,74,103,91,77,77,83,78,86,87	3,1,8,5,4,2,3,5,5,1	86,99,88,81,73,96,102,87,91,78	6,3,3,3,6,4,3,0,4,2	150	75
449	6,6,5,3,2,6,5,3,9,8	48,72,41,36,57,45,31,41,53,42	4,5,8,5,6,5,5,2,6,6	46,61,40,47,45,33,59,44,49,41	150	75
450	0,1,0,0,0,0,0,1,2,0	106,136,112,92,82,93,84,92,85,80	0,0,0,0,0,1,1,0,0,1	105,98,83,75,101,101,90,89,84,80	150	75
451	10,4,2,12,4,4,8,8,7,9	11,16,19,9,11,18,12,13,8,12	4,9,8,4,10,4,3,5,7,7	12,17,23,10,16,9,17,17,14,13	150	75
452	20,14,12,15,8,7,12,9,9,14	0,0,0,0,0,0,0,0,0,0	9,13,12,14,14,10,15,13,12,14	1,0,0,0,0,0,0,0,0,0	150	75
453	25,20,22,18,17,14,14,13,13,13	2,1,2,1,2,5,2,1,2,4	18,15,11,21,18,15,21,15,17,18	1,4,1,1,2,3,1,1,2,1	150	75
454	17,13,15,17,16,21,20,14,28,18	0,0,1,0,1,0,1,1,0,1	11,19,18,23,15,15,12,24,16,13	0,0,1,0,1,0,0,0,0,0	150	75
455	22,19,25,20,25,28,22,18,32,17	10,8,8,11,7,8,3,7,9,14	20,21,17,30,19,20,18,26,21,17	9,8,10,8,7,8,11,9,4,5	150	75
456	0,2,1,2,0,1,1,0,1,0	36,29,47,38,37,35,31,26,37,36	0,1,0,0,0,0,0,0,3,1	43,33,29,25,39,37,46,37,23,18	150	75
457	3,1,3,1,2,2,6,3,3,5	101,104,113,92,95,106,103,83,105,100	4,4,2,4,1,1,1,4,3,1	90,93,88,104,94,102,112,92,96,82	150	75
458	2,1,1,2,4,0,3,1,3,4	0,2,2,0,0,1,3,0,1,4	3,1,1,1,0,0,2,2,0,2	0,2,0,0,0,0,0,0,1,1	150	75
459	0,1,3,1,2,1,4,1,1,4	1,0,0,0,0,0,0,0,0,0	4,1,1,4,0,0,1,3,0,1	0,0,0,0,0,0,0,0,0,0	150	75
460	0,2,3,1,1,1,1,1,3,2	1,0,0,1,0,2,0,0,1,1	1,1,1,3,0,3,3,2,0,1	0,2,1,0,0,1,0,1,0,0	150	75
462	3,2,2,5,2,4,1,3,4,3	163,163,184,152,140,135,115,135,135,143	3,2,6,5,2,2,3,1,2,6	164,150,141,156,141,144,146,130,128,115	150	75
463	5,13,8,1,1,6,4,5,3,6	53,45,56,40,40,52,42,51,43,41	5,9,3,7,3,4,4,1,4,4	49,61,38,48,48,36,44,52,42,43	150	75
465	5,7,2,7,5,1,2,8,2,4	6,8,7,10,3,4,5,2,0,2	3,4,2,8,3,1,5,0,8,3	1,4,6,9,2,5,4,6,2,6	150	75
466	0,2,0,2,2,1,2,0,3,0	205,212,229,197,194,257,182,165,151,179	1,4,1,6,1,2,1,0,1,1	199,221,183,164,198,198,197,169,181,199	150	75
467	31,27,34,23,24,30,25,26,17,40	0,0,0,1,1,1,0,0,0,0	25,42,38,38,31,32,34,44,38,47	0,0,0,1,0,0,0,2,3,1	150	75
468	4,3,0,1,3,2,2,0,2,0	19,13,11,7,14,15,12,10,9,5	0,0,1,1,1,0,2,1,0,1	9,17,9,10,9,9,12,9,11,13	150	75
469	0,0,0,2,0,0,0,0,0,1	107,127,122,92,109,93,91,71,100,115	0,1,0,0,0,0,0,0,0,0	118,83,94,99,96,133,119,117,74,86	150	75
470	0,1,4,1,3,2,4,4,2,2	126,142,144,115,144,104,108,112,119,147	0,0,1,3,0,3,2,3,2,1	116,127,109,124,132,149,115,115,127,133	150	75
471	5,3,1,6,6,10,5,3,3,0	29,41,38,28,37,41,24,30,34,23	2,10,5,10,6,2,4,4,5,0	29,47,27,27,24,37,43,29,47,35	150	75
472	4,4,2,3,1,1,3,3,2,1	41,40,36,36,36,29,33,32,40,46	2,0,3,2,2,2,1,1,1,0	53,52,49,45,41,34,38,31,47,38	150	75
473	1,1,2,1,2,3,5,6,1,6	53,49,35,38,42,35,47,26,37,40	4,5,2,3,3,1,1,2,3,8	40,58,40,39,41,43,38,46,30,33	150	75
476	15,15,18,17,10,17,7,8,10,10	0,0,1,0,0,0,0,0,0,0	12,18,10,13,21,13,13,9,22,16	0,0,0,0,0,0,1,0,0,0	150	75
477	0,1,0,0,0,0,0,0,0,1	5,2,6,7,6,3,5,1,5,9	0,0,0,0,1,0,0,0,1,2	3,4,3,3,3,6,4,8,3,3	150	75
478	0,0,2,0,0,2,0,1,1,0	6,2,2,3,12,5,4,7,6,3	0,0,0,0,0,0,0,0,0,0	7,5,6,7,12,6,13,1,3,8	150	75
479	2,0,1,0,1,0,2,1,2,0	28,16,29,16,19,29,24,23,25,15	0,1,0,2,0,1,0,2,1,0	17,29,18,23,28,19,26,13,27,21	146	75
480	45,37,33,25,43,35,24,28,27,35	0,0,0,0,0,1,0,0,0,0	27,49,33,31,43,32,29,24,26,26	1,0,0,0,0,0,2,0,0,0	146	75
481	7,5,11,9,7,5,9,5,9,13	414,391,406,338,338,419,336,324,354,399	9,12,4,11,10,6,2,9,14,10	374,417,344,354,362,407,433,413,364,359	150	75
483	1,0,0,0,0,0,0,0,0,0	1,0,0,0,0,0,0,0,0,0	0,0,0,0,1,0,0,1,0,0	0,0,1,0,0,2,0,0,0,0	150	75
485	0,0,0,0,0,0,1,0,0,0	31,45,45,28,32,37,31,38,23,42	0,0,0,0,0,0,0,0,0,0	27,39,30,25,33,40,53,39,33,34	150	75
486	64,58,69,73,84,52,74,86,66,69	2,0,2,2,1,0,3,3,2,5	65,88,61,55,46,87,63,90,53,76	4,2,2,2,4,7,5,0,3,2	150	75
487	2,0,1,1,0,0,2,0,0,2	38,44,26,45,31,45,33,25,34,26	0,1,2,2,0,0,1,0,2,1	24,30,29,32,33,29,47,24,31,38	150	75
488	0,6,1,1,0,1,4,1,6,2	0,1,0,0,0,0,0,1,0,0	1,3,1,1,2,2,1,2,3,4	1,1,0,0,0,1,1,0,0,0	150	75
489	3,1,1,5,1,4,4,3,4,0	49,31,47,43,33,21,25,37,25,32	2,0,4,3,3,4,0,0,3,4	42,41,41,37,62,34,42,39,34,37	150	75
490	0,0,1,0,0,0,0,0,0,0	8,4,5,0,1,3,5,4,5,1	0,0,0,0,0,0,0,0,0,0	5,0,1,3,4,4,15,1,2,10	150	75
491	9,2,9,7,10,3,10,7,4,4	30,35,24,19,26,28,23,20,31,24	3,9,5,10,4,5,9,8,6,4	30,39,28,27,25,22,30,29,31,28	150	75
492	8,4,3,5,6,1,7,6,7,4	8,10,9,10,10,7,10,7,8,8	6,3,2,5,2,0,2,2,10,6	18,7,3,7,7,3,6,9,12,5	150	75
493	0,0,1,1,2,1,3,1,4,1	21,22,15,21,15,21,11,19,21,14	4,1,2,4,4,0,5,0,2,2	24,19,22,19,9,19,22,18,25,16	150	75
494	0,2,0,3,0,1,0,1,0,1	2,3,6,6,2,8,10,7,2,4	0,1,0,0,1,2,0,0,0,0	4,6,2,8,7,8,5,8,7,6	150	75
495	1,0,0,0,3,0,1,1,0,0	2,4,9,12,4,5,5,5,5,5	0,0,0,3,0,0,1,4,1,2	7,10,9,9,4,6,9,5,9,10	150	75
496	3,6,6,3,5,1,2,1,6,3	2,1,2,0,1,0,0,1,0,0	1,6,1,3,3,4,7,5,2,3	0,0,0,0,0,0,1,0,0,0	150	75
497	1,3,0,4,0,0,0,0,0,3	20,12,13,12,15,14,21,18,17,18	0,1,1,1,0,1,1,1,1,3	12,16,14,16,15,15,17,11,12,16	150	75
498	13,15,20,14,19,17,12,7,16,13	27,17,20,16,15,14,13,16,15,19	8,18,16,12,12,10,19,17,13,13	14,21,21,18,20,25,18,17,18,11	150	75
499	1,0,3,1,1,1,4,0,0,0	17,26,20,15,23,19,13,20,19,17	0,0,2,2,0,3,3,2,0,1	17,28,16,16,14,34,19,23,15,24	150	75
500	4,3,6,2,1,4,4,1,3,0	2,3,1,1,4,0,2,2,0,4	1,1,2,3,0,5,3,4,1,0	1,1,2,4,0,3,1,1,0,7	150	75
501	2,0,0,2,3,4,0,1,3,1	3,1,2,2,2,0,1,0,0,0	0,0,1,0,1,0,0,1,1,0	1,5,2,0,1,2,0,2,3,2	150	75
503	7,5,10,6,6,5,6,3,11,10	17,22,22,17,15,14,8,8,17,18	7,7,4,8,2,2,6,5,5,19	15,15,17,13,7,19,15,12,18,11	150	75
504	20,19,14,5,17,8,18,13,20,26	1,0,1,0,1,1,0,1,0,0	20,16,21,19,6,10,19,20,17,25	1,0,0,0,2,1,0,0,1,1	150	75
505	5,1,7,0,1,2,4,5,2,6	5,2,8,4,1,1,0,4,12,5	2,4,0,1,3,2,4,4,1,1	6,13,4,3,1,7,0,1,8,3	150	75
506	1,1,1,1,2,1,2,0,4,0	139,132,147,138,94,128,117,108,103,116	3,1,2,2,1,1,1,0,4,2	123,96,113,114,116,120,126,91,118,105	150	75
507	2,6,2,2,2,0,4,0,3,1	60,47,31,47,28,42,22,40,40,36	2,1,1,2,0,3,3,4,4,2	48,33,34,28,36,32,39,32,41,25	150	75
508	2,6,2,2,2,0,4,0,3,1	160,150,161,151,135,161,142,133,100,158	2,1,1,2,0,2,3,2,4,2	146,165,157,142,151,129,141,113,149,164	150	75
509	4,4,6,4,3,2,9,3,3,1	96,109,89,95,80,94,93,69,79,100	2,4,4,3,5,3,10,6,2,5	94,77,88,104,96,133,95,95,89,82	150	75
510	0,7,0,6,2,5,6,3,2,3	110,132,141,88,116,117,98,102,109,123	4,2,4,5,0,0,2,2,5,4	112,152,110,105,111,127,109,113,121,89	150	75
511	6,3,11,6,6,2,9,1,3,3	27,29,25,28,23,22,32,25,36,25	11,6,2,8,4,3,9,4,4,2	20,37,27,31,13,20,27,22,28,35	148	75
512	2,2,5,5,4,0,3,5,6,6	13,12,18,12,14,10,19,9,16,14	5,4,1,2,9,3,5,8,3,1	8,20,12,14,17,21,10,12,11,12	150	75
513	3,0,2,2,0,1,2,1,0,5	25,30,38,33,36,36,32,33,39,33	0,0,5,0,2,0,3,1,7,2	33,33,29,25,39,29,39,28,42,33	150	75
514	3,3,5,7,1,1,8,5,3,5	0,0,0,1,3,0,1,2,1,1	1,2,1,3,1,3,6,4,4,4	0,0,0,0,2,0,0,2,1,2	150	75
515	2,7,7,14,4,9,15,12,6,3	26,39,28,32,35,23,40,23,43,21	1,8,1,7,5,5,4,9,7,4	36,33,22,34,34,25,35,35,31,33	150	75
516	3,4,4,8,3,9,11,8,4,2	0,0,0,0,0,0,0,0,0,0	1,7,1,10,8,3,0,7,6,2	0,0,2,0,0,0,0,0,0,0	150	75
517	26,40,36,36,21,28,33,28,31,20	0,0,1,2,4,2,4,1,2,0	21,23,20,33,39,28,10,26,30,35	0,2,0,1,0,0,1,2,1,0	150	75
518	19,17,25,15,19,18,21,21,22,14	25,15,25,16,21,12,9,19,22,21	11,18,13,20,20,12,10,13,17,26	13,18,20,8,21,19,24,19,20,21	150	75
519	194,215,187,164,171,169,186,166,170,152	11,20,17,10,23,31,21,16,28,9	174,225,152,161,176,153,189,180,166,198	20,19,16,16,34,32,29,19,20,13	150	75
520	195,197,200,174,164,197,201,147,189,172	9,11,10,7,20,9,12,11,9,11	183,212,196,191,183,166,209,192,177,178	12,13,7,14,10,12,15,10,11,5	150	75
521	36,22,23,24,26,29,28,27,21,24	65,96,86,67,73,72,74,69,91,65	28,30,26,29,14,16,12,23,17,35	80,96,76,64,108,83,89,85,81,79	150	75
522	0,0,0,0,0,0,1,0,0,1	41,32,37,37,49,31,13,23,20,22	0,0,0,1,0,0,0,1,0,0	30,31,30,27,27,39,35,24,19,15	150	75
523	0,0,0,0,0,0,0,0,0,1	0,0,0,0,0,0,0,0,0,0	0,0,0,0,0,0,0,0,0,0	0,1,0,0,0,0,0,1,2,0	150	75
524	3,5,5,4,7,3,5,7,5,8	31,30,31,26,25,23,14,21,24,29	2,8,0,3,5,2,7,7,7,3	27,25,22,29,22,18,26,14,28,16	150	75
525	1,3,2,2,2,1,2,2,0,2	7,5,7,14,15,12,6,5,5,8	4,3,1,1,2,2,4,4,3,4	11,8,10,7,9,8,5,8,1,8	150	75
526	0,0,0,0,0,0,0,0,0,1	21,31,22,24,22,19,19,19,23,26	1,0,0,0,0,0,0,0,0,0	26,23,20,20,27,19,28,29,24,24	150	75
527	75,71,75,58,78,71,67,50,69,60	0,1,1,2,0,0,3,0,0,0	51,67,86,66,72,50,86,60,68,57	0,0,1,0,0,3,0,2,4,1	150	75
528	0,3,2,2,1,3,3,0,4,1	34,27,23,26,22,24,24,26,23,26	1,6,2,2,3,1,1,0,2,1	20,28,23,27,18,29,22,21,19,19	150	75
529	0,0,0,0,0,0,1,0,0,0	15,25,20,25,14,15,22,31,21,15	0,1,0,0,0,0,0,0,0,1	24,32,19,22,29,33,31,28,20,18	150	75
531	0,0,0,0,1,2,0,1,0,0	22,29,20,19,34,23,22,23,21,16	2,0,0,0,0,3,0,2,0,0	23,19,31,30,23,27,23,21,25,24	150	75
532	1,2,3,2,0,1,4,0,0,1	25,37,20,19,21,24,14,14,20,22	1,1,0,1,2,1,2,2,2,1	17,26,15,12,24,23,16,24,19,20	150	75
534	0,1,2,6,1,0,4,0,1,0	11,5,1,5,7,5,4,6,7,6	1,1,0,1,2,0,1,1,1,2	8,7,2,6,1,6,6,5,10,4	150	75
535	1,0,0,1,0,1,0,0,1,0	0,3,1,2,0,0,0,3,1,2	1,2,0,1,0,0,0,2,0,0	3,0,1,2,2,0,0,0,0,1	149	75
536	1,0,1,1,0,1,0,0,2,0	0,2,0,0,0,1,1,0,1,2	0,1,0,2,0,0,1,0,0,5	0,0,0,0,1,0,0,0,0,2	150	75
537	0,2,0,3,2,4,0,2,6,0	0,0,0,0,0,0,0,0,0,0	1,7,4,3,2,2,4,1,1,5	0,0,0,0,0,0,0,1,0,0	150	75
538	0,0,1,0,0,0,0,0,0,0	1,1,3,1,0,1,0,0,0,1	0,0,0,0,0,0,0,0,0,0	0,0,0,0,0,1,2,2,1,0	150	75
539	0,1,1,5,2,0,2,4,2,1	39,31,41,41,34,40,40,33,22,51	2,1,1,3,1,2,0,1,2,3	39,45,34,45,36,43,40,32,41,46	148	75
540	4,3,3,5,3,1,5,8,3,4	1,1,3,1,1,0,2,0,0,2	4,10,3,2,2,5,1,5,5,8	1,0,1,2,0,0,2,4,0,0	150	75
541	30,23,27,32,29,25,46,41,28,21	311,327,327,315,308,328,298,268,305,348	24,30,18,30,26,25,30,32,49,39	327,241,267,269,308,335,351,318,279,276	150	75
542	3,3,1,2,0,1,5,1,4,1	7,10,13,10,13,18,2,3,11,11	2,3,5,1,2,1,2,2,4,6	4,2,9,13,8,11,10,10,10,8	150	75
543	4,5,5,3,2,2,5,4,5,0	0,1,0,0,0,0,0,0,0,0	0,1,5,2,2,2,3,4,5,5	0,0,0,0,0,0,0,0,0,0	150	75
544	4,6,7,3,2,1,6,3,3,0	15,11,13,8,14,14,3,14,16,11	0,1,5,4,2,4,3,3,4,4	7,11,7,8,8,14,4,7,7,16	150	75
545	4,2,4,5,1,2,7,0,6,5	10,8,7,9,1,9,4,5,12,9	2,11,3,5,4,3,3,8,7,9	2,3,5,10,5,11,0,13,4,6	138	75
546	1,0,3,3,1,1,2,2,3,0	13,10,13,13,6,13,11,7,12,6	1,4,2,2,0,0,2,4,1,0	15,14,9,9,12,11,13,13,16,8	145	75
549	3,1,3,4,2,4,4,0,2,1	12,17,14,12,9,12,9,4,9,6	0,2,3,3,1,1,6,0,0,3	9,11,3,9,7,5,11,8,8,10	150	75
551	6,1,5,2,2,6,1,3,2,2	101,80,98,72,105,75,87,73,79,82	1,0,0,4,1,2,0,5,2,1	117,104,87,75,82,73,81,77,81,88	150	75
552	0,0,1,2,1,0,0,2,0,1	73,65,70,59,59,74,52,55,77,77	0,0,0,1,0,0,2,0,1,0	69,71,74,71,59,62,67,51,85,62	148	75
553	4,2,5,1,5,4,2,8,4,4	87,87,95,91,70,84,69,89,77,81	0,3,4,3,1,1,2,2,1,6	95,82,75,68,92,84,95,73,78,99	150	75
554	8,6,3,6,1,2,6,7,5,1	82,65,69,66,55,72,65,64,60,62	7,5,6,6,3,8,6,10,8,4	83,59,76,70,69,68,68,65,55,65	144	75
555	12,11,6,8,2,3,14,8,10,6	0,0,0,0,0,0,0,0,0,0	6,10,7,9,5,9,6,8,9,9	0,0,0,0,0,0,0,0,0,1	150	75
556	3,2,3,1,4,2,3,6,3,1	8,4,4,10,4,5,3,1,4,6	3,4,2,4,5,5,3,3,2,1	4,4,7,5,15,9,5,5,9,2	150	75
557	0,1,0,0,1,0,1,3,2,1	43,48,30,24,31,43,36,24,30,40	1,1,1,3,2,4,3,2,1,0	31,44,28,33,45,30,30,33,25,35	148	75
558	0,0,0,0,2,0,0,0,0,0	1,3,1,1,2,2,0,2,0,0	0,0,1,0,1,1,1,0,1,1	0,0,0,3,1,1,1,1,1,0	150	75
559	14,16,15,12,8,13,13,12,19,13	1202,1107,1157,1224,1078,1081,938,821,975,1148	9,10,12,15,11,8,13,12,18,9	1142,1181,1059,993,1145,1180,1107,1041,996,1002	150	75
560	2,0,0,0,0,0,0,0,1,0	2,0,1,1,0,0,2,1,1,2	0,1,0,1,0,0,1,0,0,0	1,1,1,4,1,0,0,0,0,0	150	75
561	1,1,1,0,2,2,2,2,4,2	179,166,182,159,146,158,151,133,153,175	1,3,2,4,2,1,1,3,4,0	140,174,153,154,127,150,150,161,168,135	150	75
564	2,0,1,0,0,0,0,0,1,0	1,1,4,4,4,2,2,2,0,0	0,0,0,0,0,3,2,0,0,0	4,2,0,0,1,1,7,2,0,2	150	75
565	1,1,1,1,3,2,2,3,3,0	9,2,4,9,4,8,8,10,9,8	2,2,1,5,7,2,1,0,1,4	6,11,9,9,9,7,10,10,8,4	150	75
567	7,7,6,5,6,0,5,8,7,4	0,0,1,0,0,0,0,0,2,0	4,8,0,5,7,1,2,8,5,10	0,0,0,0,1,1,0,0,0,0	150	75
570	0,0,0,0,1,0,1,1,0,0	47,47,44,51,35,37,25,39,42,33	2,3,2,0,0,0,0,1,0,1	30,31,41,32,35,44,49,38,18,40	150	75
571	3,0,1,1,1,1,0,0,4,0	0,0,0,0,0,0,0,0,0,0	1,2,2,0,2,0,2,1,1,1	0,0,0,0,0,1,0,0,0,0	150	75
572	4,0,0,1,0,1,1,2,0,5	17,8,11,17,9,11,18,8,13,15	0,1,1,2,1,4,0,0,3,2	7,20,11,22,14,10,13,17,12,17	150	75
573	2,5,1,3,7,1,3,5,3,0	35,38,43,32,26,25,34,28,23,21	2,1,2,6,3,1,3,0,3,3	18,38,34,32,24,21,33,31,44,27	150	75
574	0,1,0,0,0,1,0,0,0,0	40,35,38,22,26,24,41,35,45,32	1,0,2,1,0,2,0,0,0,0	27,46,41,36,28,34,42,32,26,38	150	75
575	0,1,0,2,1,1,0,3,1,0	67,73,63,49,62,71,47,54,48,51	1,1,0,1,0,2,1,0,1,2	68,73,52,59,53,68,58,62,47,70	150	75
576	29,41,48,27,37,38,27,33,29,30	2,0,7,3,4,8,1,3,2,3	28,47,43,22,35,28,30,24,31,33	5,8,2,2,1,5,3,2,4,2	150	75
577	27,17,23,33,20,28,15,13,25,19	0,0,0,0,1,0,1,0,0,0	24,37,20,30,17,28,20,22,20,12	3,0,0,2,0,0,0,0,0,0	150	75
579	2,1,2,4,2,2,2,2,2,3	2,0,2,0,3,1,2,1,0,3	2,2,2,2,4,1,0,2,3,2	0,0,2,1,1,1,3,1,1,2	150	75
580	31,22,22,20,31,11,25,25,27,18	9,12,9,10,6,13,18,8,8,7	20,29,18,11,23,17,21,30,21,20	11,18,8,11,10,22,11,12,10,6	150	75
581	4,2,1,0,2,1,1,0,2,1	35,20,36,14,23,20,17,10,24,29	0,0,1,2,3,0,2,0,2,4	28,19,14,18,23,17,31,17,21,18	150	75
582	0,0,1,1,1,2,1,0,0,1	0,0,0,0,0,0,0,0,0,0	0,1,1,1,2,2,1,2,2,0	0,0,0,0,1,0,0,0,0,1	150	75
583	0,5,0,0,3,1,0,1,0,0	24,21,26,24,20,33,20,21,17,21	2,0,0,0,1,1,1,2,2,1	22,33,18,22,30,24,29,28,29,25	150	75
584	9,6,10,7,10,10,7,6,5,5	0,2,0,0,0,0,0,0,0,0	12,11,7,7,11,9,14,6,10,13	0,0,0,0,0,0,0,0,0,2	150	75
585	0,8,3,2,4,1,1,0,1,5	434,433,471,346,383,444,374,318,364,446	5,1,2,3,1,2,1,1,1,1	424,399,416,372,336,403,380,399,405,415	150	75
586	0,5,1,1,4,3,2,1,1,2	472,484,543,392,433,423,393,329,387,439	4,1,1,2,2,0,3,3,4,2	491,486,466,380,445,430,402,449,423,479	150	75
587	1,0,0,2,1,2,1,2,0,1	136,115,114,118,127,119,94,102,114,98	1,2,0,1,0,0,0,0,2,0	110,155,121,97,98,114,118,116,126,130	150	75
588	0,1,0,0,2,1,1,1,2,0	197,208,221,192,195,197,133,147,139,206	0,1,1,1,0,0,1,4,1,0	161,184,146,164,177,192,164,185,162,153	149	75
590	21,33,20,20,27,28,22,20,28,32	1,1,3,3,4,1,1,4,3,4	20,31,18,24,12,27,20,17,17,27	1,0,3,2,2,2,1,0,2,2	150	75
591	13,23,13,11,24,26,18,15,18,16	9,7,3,11,9,7,6,6,3,8	17,27,12,8,6,18,13,8,9,17	1,10,1,4,3,5,5,4,3,4	150	75
595	0,0,0,0,0,0,0,0,0,0	34,38,36,48,40,44,20,28,25,36	0,0,0,0,0,0,0,0,1,0	25,30,33,35,47,36,48,31,38,19	150	75
596	8,1,2,5,9,4,8,6,8,5	689,674,745,586,608,599,627,543,593,688	7,10,4,4,6,3,2,3,5,7	682,690,594,589,664,655,694,621,586,626	150	75
598	2,1,3,0,1,1,0,1,1,0	6,1,3,1,0,4,4,3,5,4	1,6,3,1,0,3,2,1,3,1	6,7,2,5,3,3,5,3,5,3	150	75
599	10,10,14,9,19,11,5,6,8,15	65,77,65,71,65,65,51,53,64,60	13,14,13,9,19,11,12,14,12,8	64,57,56,58,63,64,70,55,75,51	76	75
600	14,13,18,11,21,12,6,9,9,19	1,0,0,0,0,0,0,0,0,0	18,15,17,12,27,11,15,17,18,11	0,0,0,0,0,0,0,0,0,0	79	75
601	2,4,2,0,0,0,2,2,0,0	15,17,12,17,20,16,18,15,10,19	0,2,1,2,0,1,0,0,0,2	14,13,20,14,23,24,14,19,14,14	150	75
602	5,0,3,0,1,4,5,0,2,0	18,21,16,14,15,13,15,16,18,13	1,5,4,2,0,0,2,2,1,0	12,9,14,14,15,11,13,14,13,19	150	75
603	1,2,3,0,2,1,2,1,1,3	998,824,741,913,987,1148,1032,954,1028,1246	1,5,1,0,0,1,2,2,0,3	856,898,929,1137,970,1007,1065,1200,1064,866	150	75
604	18,35,23,24,33,31,15,20,22,18	2,4,7,2,5,4,0,1,2,2	31,32,30,28,36,28,14,34,24,11	2,5,2,2,3,1,3,3,2,0	150	75
605	1,2,3,1,3,1,1,0,5,0	35,34,46,29,25,27,36,33,24,41	1,0,0,3,0,4,2,0,0,3	30,43,29,23,29,27,28,27,32,28	150	75
606	0,0,1,1,0,0,2,0,0,1	53,62,51,41,41,36,43,47,35,43	2,0,4,0,0,0,0,0,1,0	46,59,49,40,46,52,41,39,29,38	150	75
607	31,28,26,32,20,31,22,22,35,24	0,0,0,1,1,0,0,0,0,1	28,29,27,21,34,22,26,25,35,27	1,0,0,0,0,1,0,1,0,0	149	75
608	17,20,15,14,19,16,20,12,15,22	301,322,269,255,248,336,215,193,230,243	11,23,11,22,11,15,13,20,15,14	266,333,258,258,260,229,247,244,220,265	150	75
609	9,14,8,13,11,7,15,6,4,13	18,15,15,15,12,17,17,8,10,20	10,18,10,16,14,13,9,19,10,12	11,8,17,13,13,16,19,17,12,11	150	75
611	1,0,0,0,1,3,1,0,1,2	0,0,0,0,0,0,0,0,0,0	1,1,0,0,2,0,0,0,1,1	0,0,0,0,0,0,0,1,0,0	150	75
612	1,0,0,0,0,1,0,0,0,0	78,77,62,72,81,57,46,76,64,53	0,0,0,0,0,0,0,0,0,0	69,70,53,73,59,77,63,52,58,61	150	75
613	0,1,0,0,0,0,0,1,0,0	99,102,86,83,61,70,65,76,92,71	0,1,0,0,0,0,0,0,0,0	87,95,67,91,64,58,88,70,77,67	150	75
614	3,4,6,6,9,3,4,1,3,3	25,21,10,17,17,22,17,12,13,24	1,2,2,4,3,0,2,1,4,3	16,17,15,16,14,19,21,14,17,22	150	75
615	3,0,5,4,4,1,2,0,0,0	166,169,180,124,137,134,130,115,135,111	4,3,3,3,1,1,3,3,1,3	115,185,119,127,127,106,146,132,124,170	150	75
616	15,13,8,1,8,13,34,15,29,30	5,5,3,1,6,5,3,3,4,2	19,15,11,30,17,9,11,27,25,9	4,5,5,2,2,4,6,3,4,5	125	75
617	0,0,2,0,1,0,0,0,0,0	8,6,9,1,2,4,5,6,4,5	2,2,0,0,0,0,2,0,1,0	2,7,9,4,2,4,2,4,5,4	76	75
618	36,54,42,45,54,31,36,40,28,48	9,6,6,4,3,1,1,10,3,10	34,59,38,35,38,42,42,42,42,45	3,5,2,2,8,7,6,3,0,2	150	75
619	1,2,1,0,2,0,0,0,0,1	54,55,54,40,40,54,45,40,44,53	0,3,1,0,0,0,4,0,5,1	38,49,59,49,41,60,45,31,38,45	150	75
620	0,0,1,0,0,0,0,1,0,0	45,24,36,45,29,36,34,31,32,43	0,0,0,0,0,0,0,0,0,0	35,24,32,47,31,39,64,35,37,36	150	75
621	1,0,1,1,0,2,1,1,1,0	40,47,51,39,46,43,18,37,33,41	0,1,0,2,1,1,0,0,2,4	57,55,27,40,44,33,44,48,58,48	150	75
622	0,0,0,1,0,0,0,1,1,1	63,43,69,51,52,50,40,45,45,50	1,1,1,1,0,0,0,0,0,0	31,59,51,44,57,46,86,41,43,33	150	75
623	0,0,0,1,0,0,0,1,1,1	5,0,4,1,1,2,0,0,0,2	1,1,1,1,0,0,0,0,0,0	0,1,1,0,1,4,1,4,0,1	150	75
624	0,1,0,0,0,0,0,1,0,0	57,44,65,42,53,64,54,42,54,54	1,0,1,2,5,0,0,0,1,1	42,57,54,44,62,57,63,43,46,55	150	75
625	0,2,1,2,1,1,1,2,1,1	2,2,1,1,4,1,2,1,4,2	0,1,2,3,0,1,1,1,2,2	2,0,1,2,0,2,0,1,2,1	150	75
626	1,0,0,0,0,0,0,0,0,0	0,0,1,4,4,1,2,1,3,2	0,2,0,0,1,0,0,1,0,0	2,1,3,2,0,1,1,0,2,0	150	75
628	244,208,247,195,188,163,196,173,212,223	0,0,0,0,0,0,0,0,1,0	181,225,208,205,227,212,235,228,206,229	0,0,0,0,0,1,0,0,0,0	150	75
629	10,7,8,5,9,5,7,4,5,9	94,80,114,77,87,82,63,60,84,53	9,3,2,3,1,2,5,4,5,6	82,81,68,83,80,91,92,90,83,66	150	75
630	1,4,6,3,5,6,6,7,5,4	0,0,0,0,0,0,0,0,0,0	2,2,3,7,6,5,0,4,0,1	0,0,0,0,0,0,1,0,0,0	150	75
631	1,0,0,1,1,1,3,2,0,1	47,49,68,47,45,39,34,32,49,59	1,0,5,0,2,3,0,0,0,0	52,45,59,48,50,62,43,41,52,44	150	75
633	0,1,0,0,0,0,0,0,0,0	3,0,1,0,0,0,0,3,2,2	0,0,0,0,0,0,0,0,0,0	0,1,1,1,1,1,0,3,0,0	150	75
635	44,70,39,54,50,34,32,47,45,47	2,4,0,8,2,3,3,1,1,2	37,34,38,40,57,42,73,73,53,54	4,2,3,2,3,1,1,3,2,3	150	75
636	21,40,23,29,25,20,17,29,21,26	1,4,1,0,1,2,0,1,1,1	18,16,24,21,32,20,42,48,24,29	0,2,2,1,1,2,1,5,0,0	150	75
637	33,42,21,32,23,34,22,19,21,26	4,5,4,9,6,3,6,5,10,4	21,14,22,22,26,16,35,32,23,21	4,8,4,5,8,6,7,8,9,9	150	75
638	0,0,0,1,0,0,2,0,0,1	21,31,13,21,15,19,22,12,18,21	1,1,1,0,1,0,1,1,1,0	16,12,10,7,26,13,32,25,14,19	150	75
639	1,5,0,6,3,2,4,1,2,1	26,20,37,37,24,29,49,29,26,34	0,0,0,6,2,4,1,4,3,0	24,31,31,20,31,34,28,19,32,37	150	75
640	9,12,5,9,13,5,11,6,13,5	0,0,0,0,0,0,0,0,1,0	3,6,3,9,5,8,4,4,8,12	0,1,0,0,0,0,0,0,0,0	150	75
641	17,14,8,12,15,15,14,9,17,8	18,16,12,7,15,15,9,14,7,11	6,9,5,13,8,11,8,8,16,17	10,19,17,18,7,16,18,6,16,18	150	75
642	10,11,7,9,12,10,8,6,15,6	1,8,3,5,1,5,5,5,4,2	3,7,4,10,3,8,6,6,13,14	5,5,1,1,5,8,3,4,8,3	150	75
643	0,0,0,0,0,0,0,4,0,0	6,6,7,9,8,5,8,9,9,6	1,0,0,3,2,0,0,3,0,0	6,9,8,7,6,8,9,5,3,10	150	75
644	0,0,0,1,0,0,1,0,0,0	1,2,3,5,1,2,3,1,2,0	1,0,0,1,0,0,0,1,0,0	4,2,1,0,5,3,3,4,0,0	150	75
645	0,0,0,0,0,0,1,0,0,0	6,3,3,3,4,6,2,2,2,3	0,2,0,0,0,0,0,0,0,0	3,2,1,2,5,3,1,5,3,1	150	75
646	0,0,0,0,0,0,0,0,1,0	1,0,2,4,0,3,0,3,0,6	1,0,0,0,0,0,2,0,0,0	3,1,0,3,0,6,4,4,0,0	150	75
647	0,1,0,0,0,0,0,1,0,0	1,2,1,1,0,0,0,0,1,0	0,0,0,0,0,0,1,0,1,0	0,1,0,0,0,0,0,0,0,1	150	75
648	1,1,2,4,1,0,1,0,2,1	53,53,59,46,53,57,55,40,61,55	0,4,1,1,0,0,1,0,1,0	45,44,39,50,51,58,55,50,52,66	150	75
649	0,0,0,1,1,0,0,0,1,0	76,73,73,75,58,57,62,28,72,79	0,0,0,3,1,1,0,0,0,1	77,94,58,59,56,73,73,55,70,61	150	75
650	6,15,9,7,6,9,10,10,7,4	137,127,123,105,89,121,107,88,105,137	4,3,10,1,3,4,9,5,6,5	131,145,127,129,121,138,118,118,107,117	150	75
651	1,1,0,2,1,1,3,1,3,0	69,63,69,53,71,69,50,65,56,58	2,2,0,0,1,0,0,1,1,1	66,85,54,47,59,66,47,57,67,69	150	75
652	1,2,2,2,2,0,0,5,2,2	80,90,91,100,83,78,76,74,79,93	2,4,0,2,2,6,7,3,2,4	74,110,60,92,86,105,91,72,65,71	150	75
653	3,4,1,4,2,2,1,1,5,0	133,136,144,92,125,109,94,98,122,120	1,0,1,1,1,1,1,0,3,1	99,126,105,133,147,121,114,122,110,105	150	75
655	4,2,5,1,0,4,4,1,2,2	97,113,111,98,81,71,109,80,76,76	1,1,0,5,1,3,2,4,5,0	79,101,97,89,82,104,89,82,98,76	150	75
656	4,8,7,9,5,5,11,4,9,3	38,19,34,23,32,37,19,27,18,21	5,1,1,3,6,4,1,6,4,2	29,27,33,32,17,18,25,22,39,38	150	75
657	1,0,2,0,1,3,1,0,1,3	5,6,13,4,12,6,5,5,4,12	0,0,1,1,0,0,0,0,4,1	7,6,5,12,8,8,7,7,7,10	150	75
658	6,6,10,9,11,0,25,12,5,3	33,27,36,21,20,24,24,35,41,30	11,9,13,16,4,10,9,7,9,28	40,24,17,23,19,33,41,27,19,29	150	75
659	3,5,4,3,6,1,9,3,4,4	61,48,49,35,34,40,26,46,36,40	5,9,7,7,4,5,7,4,6,4	42,38,29,51,33,51,52,42,35,51	150	75
660	6,2,3,3,4,1,3,0,2,2	11,20,22,7,12,20,7,14,14,5	1,2,4,5,1,6,4,0,4,6	10,11,10,12,9,13,20,14,11,10	150	75
661	6,3,3,2,4,1,3,0,2,2	0,0,0,0,0,0,0,0,0,0	1,2,4,3,1,6,4,0,4,5	0,0,0,0,0,0,1,0,0,0	150	75
662	4,4,5,5,4,9,10,6,13,6	21,32,25,17,21,25,17,18,16,24	4,4,3,8,7,6,7,9,5,6	25,27,24,20,26,31,19,11,13,14	150	75
663	22,11,17,19,6,13,13,10,14,16	2,1,0,0,0,2,1,1,0,1	9,14,9,16,8,14,11,5,11,10	0,0,0,0,1,1,0,0,1,0	150	75
664	8,6,7,8,5,9,6,4,6,6	0,0,0,0,0,0,0,1,0,1	3,7,10,3,2,7,8,8,4,9	0,0,0,0,1,0,0,0,0,0	150	75
665	9,7,10,13,13,4,14,11,16,2	1355,1194,1275,1077,1167,1096,967,999,1098,1264	6,9,8,9,4,5,7,6,10,12	1206,1351,1023,1080,1185,1132,1110,939,1147,1075	150	75
666	29,24,18,33,22,19,39,33,21,27	1337,1127,1231,992,977,1026,954,939,1029,1168	20,32,23,21,25,23,15,23,32,23	1127,1241,940,1052,973,1088,1188,866,1003,1024	150	75
667	58,42,47,42,44,49,47,65,49,55	219,208,214,200,202,162,213,190,211,223	58,53,47,51,50,51,58,52,54,47	191,220,208,204,235,256,220,211,247,174	150	75
668	2,5,1,2,1,0,2,0,0,4	17,22,16,17,15,16,11,12,19,27	1,0,2,0,3,1,2,4,1,1	20,22,18,16,23,16,18,13,23,25	150	75
669	0,0,0,0,2,0,0,1,0,2	17,10,15,18,15,5,18,15,16,15	0,0,0,0,0,1,0,1,0,0	13,14,13,24,9,12,15,20,14,14	150	75
670	1,0,0,1,1,1,1,0,1,0	2,3,5,2,4,5,2,5,1,6	2,2,0,0,0,0,1,0,0,2	3,2,0,0,5,4,6,4,1,1	150	75
671	1,2,4,2,0,0,0,1,1,0	0,1,0,0,0,0,0,0,0,0	0,1,0,0,0,0,0,0,1,1	0,2,0,0,0,0,1,0,0,0	150	75
672	0,1,0,1,0,1,3,1,1,1	5,4,8,8,7,13,7,5,6,8	0,1,1,1,3,3,1,1,2,5	10,2,4,2,2,3,3,4,9,4	150	75
673	1,2,0,1,1,7,6,2,2,1	77,62,85,67,61,56,72,58,58,70	1,2,1,1,2,1,1,2,4,2	50,73,55,66,78,54,69,61,58,44	150	75
676	4,9,12,11,7,13,12,10,6,5	0,1,0,0,1,0,0,0,1,0	11,9,11,7,7,5,4,6,13,7	5,2,2,0,0,3,0,0,2,0	150	75
678	10,10,10,9,11,7,8,3,10,5	1,0,1,0,0,0,0,0,0,1	6,11,6,6,4,10,6,3,5,5	0,2,2,1,0,1,0,0,0,0	150	75
679	1,1,3,0,1,0,2,3,2,3	55,51,81,50,43,61,44,45,49,51	2,3,0,1,1,2,1,1,4,0	69,42,53,44,54,55,54,47,54,45	150	75
680	10,5,6,10,7,3,11,8,13,2	160,140,147,132,107,136,106,106,121,115	8,8,10,7,5,5,8,9,5,11	144,148,127,128,128,130,125,107,124,142	150	75
681	5,5,3,1,3,3,4,2,1,1	0,0,0,2,0,0,0,0,0,0	6,2,2,4,2,3,3,3,1,2	0,1,0,0,2,0,0,0,0,0	150	75
683	44,36,43,30,32,36,26,23,30,25	6,2,4,13,3,3,4,6,4,4	35,33,30,29,35,31,28,27,25,28	6,7,5,8,6,4,2,7,2,4	150	75
684	2,1,0,4,1,1,0,2,1,0	62,46,50,46,27,33,37,51,33,57	0,1,0,0,2,3,1,0,1,0	40,47,45,34,48,48,37,28,38,25	150	75
685	1,1,0,0,0,1,1,0,0,1	36,43,50,35,49,37,49,35,47,55	1,0,0,0,0,2,2,0,3,1	56,47,38,41,54,63,53,34,42,51	150	75
689	0,1,0,0,2,0,1,1,0,0	29,17,14,14,15,7,13,11,9,21	0,2,0,0,2,1,2,1,0,4	10,11,11,15,18,24,21,10,6,18	150	75
690	0,1,0,0,0,0,0,0,1,3	0,0,0,0,0,0,0,0,0,0	1,0,0,2,0,0,1,1,1,1	1,0,0,0,0,0,0,0,0,0	150	75
691	2,2,0,2,4,1,1,1,2,4	202,191,181,174,176,184,136,125,175,148	2,2,2,1,0,0,2,1,2,1	149,177,160,183,156,155,170,178,188,159	150	75
694	0,0,0,0,0,0,0,0,0,0	0,0,0,0,0,0,1,0,0,0	0,0,0,1,0,0,0,0,0,0	0,0,0,0,0,0,0,0,0,0	150	75
695	9,4,2,2,5,6,14,1,11,6	103,84,94,87,51,84,72,70,96,76	6,9,5,5,15,13,8,6,7,11	80,83,66,79,85,75,99,76,80,101	150	75
697	0,2,1,0,0,1,1,1,0,0	1,1,1,0,0,0,0,0,0,0	2,0,0,2,1,2,0,0,0,3	1,0,1,0,2,0,0,0,0,0	150	75
698	10,11,10,7,10,12,3,5,6,9	57,65,53,36,35,45,43,49,51,56	10,13,16,15,12,16,11,13,12,17	41,51,50,50,42,61,71,42,49,58	150	75
699	4,0,2,2,2,5,5,1,2,2	6,5,6,6,8,9,7,2,8,3	1,2,7,1,0,3,3,0,1,3	9,5,4,2,6,8,8,3,4,6	150	75
700	4,0,1,0,2,5,4,1,1,1	399,357,405,299,312,351,270,263,290,254	1,2,4,1,0,1,1,0,0,2	329,377,305,312,323,335,319,351,306,286	150	75
701	0,1,3,2,0,2,1,2,1,0	268,285,305,253,270,284,229,190,211,234	2,0,0,0,3,1,1,1,2,2	296,234,190,191,268,255,265,230,219,231	150	75
702	2,1,1,0,2,2,1,2,2,0	356,388,368,321,312,327,317,256,267,361	0,2,2,0,1,1,1,1,0,0	315,334,290,297,333,369,347,331,299,300	150	75
703	7,2,1,4,7,4,4,5,6,1	0,0,0,0,0,1,1,0,0,1	1,7,3,1,7,4,1,3,6,4	0,1,0,1,0,0,0,0,0,1	150	75
704	10,3,5,9,7,5,7,7,9,5	271,254,314,237,237,267,228,200,235,216	3,9,3,4,8,3,2,7,10,6	244,295,247,226,260,269,241,245,251,223	150	75
705	2,1,1,2,0,1,6,1,3,2	81,84,84,80,97,96,52,62,73,121	2,5,1,2,12,2,2,1,2,0	84,98,117,68,87,76,61,75,82,67	150	75
706	2,3,7,4,4,4,1,3,5,5	117,89,103,121,111,125,69,75,83,99	4,4,3,7,4,2,2,6,5,3	110,120,106,96,101,119,84,110,85,60	150	75
707	11,7,7,11,6,5,4,7,3,8	38,26,22,21,29,25,25,16,30,32	4,10,8,7,6,7,10,4,11,5	19,36,23,40,22,29,32,18,39,30	149	75
708	150,153,178,145,143,124,149,126,141,132	7,12,4,8,10,15,4,8,5,8	118,163,136,136,137,128,174,99,136,122	17,12,7,11,20,5,18,5,11,11	150	75
709	0,2,2,3,1,3,3,0,0,2	94,90,84,83,71,76,77,69,80,69	0,4,1,8,1,5,1,3,3,3	74,103,82,84,81,87,78,76,73,82	150	75
710	5,8,1,9,5,5,3,6,10,6	62,32,47,35,49,40,36,33,32,27	5,13,9,8,2,4,1,9,5,6	39,50,40,33,53,44,56,45,39,23	150	75
711	4,5,0,0,1,1,1,2,1,1	48,43,32,21,35,28,28,30,25,29	4,2,2,4,1,1,0,2,1,3	28,37,45,28,32,22,33,32,25,26	150	75
712	7,5,5,2,7,5,12,5,4,0	60,49,58,53,53,49,58,43,50,43	3,6,4,7,5,3,5,7,6,6	60,62,52,28,47,36,50,46,43,66	150	75
713	32,39,33,23,36,34,24,38,34,35	6,11,8,5,6,4,9,5,7,9	35,28,23,39,28,35,29,40,32,28	12,5,3,5,3,4,7,2,6,12	150	75
714	12,13,19,13,16,12,11,11,13,12	3,1,5,1,2,0,3,1,1,3	6,14,7,10,16,5,19,11,11,12	1,2,4,2,1,4,0,2,1,2	150	75
716	0,2,0,2,1,0,0,1,0,0	11,8,6,4,9,8,3,8,1,5	0,0,1,2,0,0,0,1,0,0	7,11,12,2,6,10,8,7,9,3	150	75
717	3,1,2,4,0,1,3,2,2,2	135,122,166,150,137,124,89,86,69,119	2,4,0,1,4,0,1,0,2,4	118,148,148,120,131,132,104,105,121,97	150	75
718	0,2,0,0,0,0,0,0,0,0	0,0,0,0,0,0,0,0,0,0	0,0,0,0,0,0,0,0,0,0	2,0,0,0,0,0,0,0,0,0	150	75
719	0,0,0,0,0,0,0,0,0,0	118,105,116,76,84,76,65,62,81,87	0,0,2,0,0,0,0,1,0,0	93,105,95,72,93,88,99,82,81,95	150	75
720	2,1,4,1,3,1,9,2,2,1	82,73,81,76,73,90,63,55,66,51	2,3,5,2,6,4,1,1,3,5	74,92,52,76,51,64,80,62,57,71	150	75
731	75,63,58,54,39,48,55,44,46,53	37,28,26,23,32,29,26,34,21,29	59,64,61,49,66,49,48,53,66,51	25,24,29,34,29,34,21,28,26,21	150	75
734	14,8,7,18,9,8,7,5,10,8	36,26,41,31,30,24,15,21,36,28	7,10,13,9,14,4,8,12,11,11	40,31,40,39,28,34,40,57,42,18	150	75
735	98,106,118,89,106,90,84,75,83,81	1,1,0,0,0,0,1,2,2,2	80,104,107,95,79,86,111,79,113,105	0,0,0,2,2,0,1,2,1,0	150	75
736	134,125,125,116,111,130,97,99,101,113	0,1,0,0,1,0,0,0,0,1	106,120,125,118,112,133,120,105,133,125	1,1,1,3,2,5,1,0,0,0	150	75
737	5,2,1,3,4,3,1,4,3,2	62,64,54,56,48,67,54,33,57,50	2,7,5,4,3,2,1,3,2,5	67,50,60,67,47,51,45,71,50,45	150	75
738	74,70,75,57,83,76,54,59,79,60	1,0,0,0,2,1,2,1,0,1	80,71,64,86,80,71,70,63,66,75	2,0,0,1,1,0,2,1,0,2	150	75
739	1,0,0,1,0,1,0,0,0,1	46,49,51,52,35,45,38,42,36,46	0,0,0,1,0,1,0,0,0,3	48,59,59,47,36,50,51,48,44,40	150	75
740	2,0,3,2,0,1,3,0,0,3	125,104,125,109,114,112,123,95,96,115	3,2,1,2,1,0,2,1,2,0	104,112,135,109,107,109,104,96,123,100	150	75
741	4,2,7,2,2,1,4,8,7,5	237,202,249,244,227,211,244,199,218,219	1,4,3,3,3,3,5,1,3,6	242,242,226,235,252,240,243,219,264,232	150	75
742	4,5,5,7,7,4,3,8,6,5	0,0,0,0,0,0,1,1,0,0	3,4,12,4,3,1,6,8,3,12	0,0,0,0,0,0,0,0,0,0	150	75
743	0,1,2,1,0,2,2,0,1,0	97,112,112,89,63,67,83,71,84,64	0,3,1,2,0,0,2,1,0,0	103,99,83,84,88,89,87,75,92,99	150	75
744	0,1,1,1,1,0,1,1,0,0	106,89,74,97,82,91,68,80,66,54	0,1,0,2,0,2,0,2,3,0	85,98,74,80,73,92,85,70,65,101	150	75
745	52,54,60,56,44,49,37,40,46,45	0,0,0,0,0,0,0,0,0,1	50,58,45,39,39,49,50,61,53,30	0,0,0,0,0,0,0,0,0,0	150	75
746	0,4,2,1,5,3,5,0,0,4	108,114,112,118,97,98,90,75,98,84	0,1,0,1,1,0,1,1,1,2	104,120,93,95,103,108,114,104,103,113	150	75
747	0,0,0,0,1,0,0,1,1,1	13,17,16,7,5,20,11,12,12,16	0,2,0,0,0,0,0,0,0,0	15,23,16,15,12,10,8,14,12,15	150	75
748	0,0,1,3,1,0,1,0,1,3	14,5,5,7,9,12,8,2,15,3	1,3,0,1,1,1,1,2,0,0	11,16,11,3,4,8,2,6,14,5	150	75
749	1,1,2,1,1,0,2,1,5,4	10,17,13,15,14,12,11,11,12,10	1,0,1,1,3,2,0,1,1,0	12,9,13,16,25,13,9,11,17,11	150	75
750	43,41,43,23,52,38,27,44,56,52	10,7,0,0,6,8,6,7,16,14	35,42,31,51,35,67,60,43,32,43	9,6,0,6,4,14,11,17,8,8	150	75
751	5,2,7,6,1,3,6,3,5,2	55,67,44,78,40,61,48,53,49,82	4,0,3,2,1,2,1,6,2,5	63,70,45,54,73,46,61,51,38,49	150	75
753	26,21,27,23,27,27,17,13,22,30	40,39,50,51,38,45,25,28,33,34	23,23,7,22,15,22,15,22,19,26	60,36,36,38,34,50,55,43,40,33	150	75
755	0,0,0,3,1,2,0,1,1,0	29,28,19,17,17,20,29,11,17,25	0,0,0,0,1,0,0,1,0,0	23,20,12,8,30,33,19,27,23,22	150	75
756	0,0,1,0,0,2,0,0,1,1	25,24,30,27,26,39,24,21,35,30	0,0,1,0,1,0,0,0,0,0	23,30,42,30,33,34,35,24,28,26	150	75
757	2,0,0,1,0,0,0,0,0,0	42,31,35,15,29,30,30,30,35,20	0,1,0,0,0,0,0,0,3,0	29,29,30,29,15,32,34,27,20,32	150	75
758	15,39,35,29,21,31,19,21,31,17	5,7,1,4,4,7,12,4,10,2	17,26,13,30,24,23,35,31,23,27	5,6,5,5,2,7,6,4,8,2	150	75
759	0,1,0,0,0,0,0,0,0,0	6,12,13,18,6,9,10,4,13,10	0,0,0,0,0,0,0,0,0,0	12,15,7,18,11,9,10,16,13,23	150	75
760	0,2,0,1,0,2,0,1,1,0	0,0,1,1,0,2,0,0,0,1	0,0,1,0,0,0,0,1,0,0	0,0,0,0,0,0,0,0,0,0	150	75
761	1,0,0,0,0,4,0,1,1,0	1,0,0,0,0,0,0,0,0,0	1,2,1,3,0,2,5,0,1,0	0,0,1,0,0,0,0,0,0,0	150	75
762	0,2,2,0,0,0,1,0,1,0	68,52,42,63,50,39,50,45,50,36	1,0,0,1,2,2,0,0,3,1	41,57,31,48,53,59,59,61,56,40	150	75
763	0,0,0,0,0,0,0,0,0,1	2,0,0,0,0,1,1,0,0,1	0,0,0,0,0,0,0,0,0,0	0,0,0,0,0,2,0,1,0,0	150	75
765	2,2,3,5,2,6,4,4,5,3	4,4,2,1,1,2,6,4,2,0	2,6,2,4,3,2,8,0,4,1	2,2,1,1,4,3,2,1,3,1	150	75
766	76,59,60,67,58,48,71,45,59,71	322,287,318,293,259,263,237,237,247,275	56,54,60,53,46,47,66,51,56,61	278,283,268,259,281,284,288,280,244,278	150	75
767	1,5,2,2,2,1,2,2,3,1	742,677,767,567,567,562,613,534,606,607	2,1,1,1,5,3,0,1,1,1	667,611,609,565,673,680,657,532,613,587	150	75
768	2,3,0,0,0,2,4,3,0,2	17,9,19,17,15,14,18,14,12,19	2,3,0,0,1,0,1,0,1,1	12,16,15,13,10,13,14,19,15,14	150	75
770	3,4,8,3,4,2,6,10,7,4	17,18,19,17,20,20,12,12,12,17	3,6,1,6,2,1,5,2,7,4	15,20,12,14,29,17,22,10,23,14	150	75
771	0,0,0,0,0,0,0,0,0,0	2,3,3,1,2,5,0,0,1,0	0,0,0,0,0,0,1,0,0,0	0,0,1,5,1,1,3,5,0,0	150	75
772	52,64,68,57,50,55,62,59,44,46	34,32,22,34,36,31,31,22,23,27	59,51,71,63,57,58,63,73,65,39	25,34,18,30,19,28,23,35,29,17	150	75
773	137,120,170,130,133,154,121,113,82,113	9,15,9,13,14,6,8,13,15,11	124,126,155,112,135,127,138,118,120,106	13,10,17,13,10,16,19,10,12,13	150	75
778	2,1,1,0,0,0,3,2,1,1	1,0,1,0,2,3,1,5,0,1	2,1,0,1,2,3,2,1,0,3	2,6,2,2,0,2,2,1,1,0	150	75
779	20,23,26,14,16,16,13,14,16,17	1,4,0,1,2,1,1,3,3,2	18,19,17,16,14,18,13,17,15,8	1,0,2,2,0,0,2,2,1,2	150	75
780	27,24,28,15,27,24,31,18,31,19	2,2,4,2,0,2,2,5,1,1	32,30,17,17,28,29,33,20,19,17	0,2,1,0,0,3,2,0,3,0	137	75
781	36,23,22,29,21,30,30,17,25,32	7,16,11,7,13,9,3,7,6,5	37,38,29,27,32,27,24,25,30,24	5,11,4,5,13,6,3,5,3,9	150	75
782	8,15,10,4,9,12,13,9,4,8	0,0,0,1,1,0,1,1,0,0	11,12,6,12,8,13,8,11,8,12	0,0,0,1,0,1,0,0,0,0	150	75
783	2,4,2,3,3,6,5,5,1,1	20,21,31,19,24,26,16,13,15,29	2,4,0,5,3,3,1,8,5,5	19,20,26,29,27,12,19,22,17,18	150	75
784	0,1,0,0,2,1,2,1,0,0	23,17,14,17,20,30,26,16,16,17	1,1,1,2,0,0,1,1,0,0	15,18,17,14,23,15,16,17,19,12	150	75
787	3,1,4,1,1,2,4,3,1,0	16,17,15,14,8,15,16,11,10,19	0,3,2,3,3,1,0,3,2,2	15,25,21,11,21,14,13,23,17,21	150	75
788	1,0,0,0,0,0,0,0,0,1	16,19,18,27,17,25,22,18,23,31	0,0,1,0,0,0,0,0,0,0	22,29,31,22,22,26,26,19,24,22	150	75
789	0,0,1,0,0,0,0,1,0,1	92,86,81,62,69,74,80,72,83,90	0,1,0,0,1,4,0,2,1,1	96,75,97,89,86,97,93,82,65,60	150	75
790	106,66,101,74,94,116,75,101,68,73	0,1,0,0,0,0,0,0,0,0	119,91,88,87,78,86,79,83,111,110	0,1,2,1,0,0,0,1,0,1	150	75
793	45,24,37,52,59,36,38,44,48,39	95,103,66,73,64,74,64,66,73,82	43,59,55,56,19,33,29,38,45,53	85,94,77,87,61,82,100,75,93,79	150	75
794	0,4,1,0,2,4,5,3,1,5	64,38,38,49,43,52,37,30,55,38	6,3,0,1,4,2,1,3,0,2	40,37,40,51,51,38,46,44,49,38	150	75
795	2,5,4,1,4,1,2,0,3,2	12,16,17,8,20,19,19,15,13,13	0,1,4,3,2,0,2,4,0,3	14,15,17,16,18,17,16,14,8,16	150	75
796	4,4,2,5,1,5,6,4,4,5	4,2,1,1,2,3,2,2,2,0	1,6,4,2,3,4,3,9,7,14	4,2,0,2,4,1,4,2,4,3	150	75
797	9,5,8,10,13,1,4,7,10,11	4,2,1,3,1,0,0,1,2,1	11,14,4,12,6,4,5,5,15,15	2,1,2,0,1,1,3,2,2,3	150	75
798	13,13,16,18,15,21,16,17,20,17	55,69,64,61,60,89,55,42,56,53	15,12,12,18,12,11,9,10,28,20	78,62,79,61,73,66,70,50,67,54	150	75
801	4,1,2,0,2,3,0,0,1,2	52,60,67,53,71,50,43,47,51,41	0,2,1,0,1,1,1,1,0,1	54,61,54,53,53,64,55,54,52,55	150	75
802	2,3,3,2,2,0,1,2,3,1	12,9,12,3,14,4,7,10,11,13	1,1,1,3,1,2,6,6,4,1	8,6,6,6,7,5,8,6,6,5	150	75
803	6,7,5,3,7,6,9,3,4,7	57,61,50,47,52,44,38,43,49,33	5,5,4,2,5,3,7,4,7,7	58,51,46,39,36,53,51,42,54,36	150	75
804	1,0,0,1,1,0,0,2,2,1	3,7,2,3,4,1,2,3,1,2	1,1,2,1,0,2,1,3,4,1	3,3,5,0,5,5,2,3,1,1	150	75
805	1,1,1,1,0,0,0,0,0,0	5,7,3,6,4,4,7,7,2,6	0,0,0,0,1,0,0,0,0,0	8,3,3,7,4,13,5,7,7,5	150	75
806	8,3,6,10,7,7,10,8,9,9	4,5,6,5,4,4,5,2,5,7	5,8,5,3,3,5,3,6,15,9	3,4,6,5,2,9,6,1,3,0	150	75
807	5,2,3,5,4,2,2,2,4,3	178,182,146,177,178,159,124,124,152,165	2,3,2,1,4,2,1,6,4,5	170,204,126,156,164,153,166,160,123,142	150	75
809	5,2,3,10,2,6,1,2,8,6	29,23,19,22,16,28,5,15,21,11	6,1,5,4,1,2,2,3,2,5	15,27,25,19,30,19,25,19,19,13	150	75
811	51,46,42,40,30,36,25,31,42,37	8,3,3,1,4,7,4,1,3,7	43,46,28,20,31,36,36,37,40,44	9,10,4,5,4,3,6,2,2,5	150	75
813	26,46,46,50,35,66,29,38,37,35	1,3,1,3,2,4,1,3,4,5	38,47,29,34,34,38,59,38,36,32	1,3,3,2,2,4,3,3,3,1	134	75
816	81,75,89,83,86,82,63,62,59,74	462,452,567,477,470,590,390,344,392,422	75,81,82,78,48,74,52,54,72,71	518,468,490,434,513,442,391,445,482,358	150	75
817	3,13,1,7,6,0,4,4,9,1	223,245,211,228,231,221,207,164,193,166	3,6,2,9,7,3,2,8,11,2	237,232,250,215,208,189,176,186,223,162	150	75
821	2,1,1,1,0,0,0,0,1,0	33,31,46,41,36,34,26,35,41,46	1,0,1,0,0,1,0,2,1,0	43,31,36,45,38,51,39,35,29,47	146	75
826	78,66,68,56,69,68,51,65,61,62	56,44,64,38,54,55,39,37,41,57	65,79,68,65,61,72,66,66,64,79	52,47,45,47,32,72,48,51,50,38	150	75
827	6,3,2,6,2,5,4,7,6,8	0,0,0,1,0,0,1,0,1,0	6,4,3,4,7,3,3,6,3,6	0,0,1,0,0,0,1,0,0,0	150	75
828	5,1,1,1,1,5,3,4,4,3	11,8,9,14,9,17,10,4,11,12	0,4,3,6,0,2,8,4,5,2	15,11,5,5,12,7,15,11,10,9	150	75
830	0,0,0,0,0,0,0,0,0,0	5,1,2,0,1,0,2,3,4,1	1,0,0,0,0,0,0,0,0,0	0,2,1,0,0,2,2,1,2,2	150	75
832	0,1,0,0,0,0,0,0,0,0	0,1,2,2,0,0,0,0,5,1	0,1,0,0,0,0,0,1,0,1	0,0,0,0,1,1,1,0,1,2	150	75
834	0,0,0,0,0,0,0,1,1,0	11,12,14,20,9,5,12,4,13,10	0,0,0,0,0,0,0,0,0,0	10,13,12,15,10,17,11,10,9,6	150	75
835	2,4,1,4,1,2,3,1,1,2	1,2,0,1,1,0,0,1,3,0	2,1,3,3,1,3,3,2,1,3	1,2,1,0,0,0,1,0,0,1	146	75
836	4,3,1,0,3,2,3,1,5,0	46,54,49,47,33,31,47,31,29,47	4,4,1,3,4,2,4,3,2,2	48,39,32,33,42,37,38,27,32,38	150	75
837	46,33,32,41,38,36,50,21,23,42	1,2,0,0,0,0,1,1,0,0	33,31,31,33,34,48,42,45,38,26	0,0,3,0,0,0,0,0,0,0	150	75
840	0,0,0,0,0,0,0,0,0,0	0,1,0,2,0,0,0,1,1,1	0,4,0,0,0,0,0,0,0,0	2,1,1,0,0,0,0,0,0,2	150	75
841	7,9,12,6,12,8,13,13,15,8	49,38,50,48,46,46,37,40,32,43	5,10,11,14,6,4,6,11,5,8	35,54,24,41,37,43,42,38,46,45	150	75
842	7,9,12,6,12,7,13,12,15,8	1,3,3,4,2,4,1,1,2,2	4,10,10,13,6,4,6,11,5,7	4,1,4,2,4,0,0,3,2,0	150	75
843	0,5,7,4,5,5,4,4,13,7	36,43,29,32,24,28,27,36,29,35	5,13,12,9,3,5,6,7,8,7	28,32,28,26,33,40,27,22,18,25	150	75
844	19,5,13,14,15,12,26,14,18,23	272,280,288,250,243,250,218,186,234,252	11,16,15,14,15,16,15,15,23,19	272,265,210,251,248,233,243,206,232,227	150	75
845	5,4,5,5,6,3,3,4,2,1	634,634,656,534,543,584,531,506,499,549	4,4,1,3,5,3,2,2,3,5	518,606,559,536,586,617,553,527,584,530	150	75
846	13,11,8,13,10,2,15,7,6,11	533,510,524,423,410,458,423,408,446,443	7,11,6,7,5,6,6,8,8,7	476,538,377,464,456,463,452,453,388,460	150	75
847	2,1,3,1,0,1,3,1,2,1	4,4,3,8,1,3,2,3,2,2	1,2,3,4,1,0,1,1,0,5	2,5,3,3,3,4,2,2,5,1	150	75
848	6,10,1,3,0,1,7,3,0,4	0,6,3,5,8,5,6,3,4,2	10,0,0,0,3,0,7,9,3,7	6,2,1,3,5,5,13,5,4,7	150	75
849	0,1,2,0,0,2,1,2,4,2	0,0,0,0,0,0,0,1,0,0	2,3,0,4,4,4,3,0,0,2	0,0,0,0,0,0,0,0,0,0	150	75
850	13,13,8,17,5,14,14,13,13,11	1,0,1,2,3,2,3,3,2,1	11,18,14,16,12,9,18,10,17,14	0,0,2,2,1,2,6,3,1,3	150	75
851	8,10,19,13,6,12,12,11,7,10	1,0,0,1,0,0,1,2,0,0	12,12,13,14,5,12,14,9,10,12	1,3,1,3,1,1,2,0,0,1	150	75
852	1,4,3,1,2,1,4,5,3,3	172,204,220,179,196,194,174,146,197,194	2,4,0,0,2,4,3,3,4,5	215,180,196,180,185,214,213,187,172,195	150	75
853	6,3,2,5,3,3,8,5,9,2	305,305,294,272,263,278,269,259,251,266	2,3,2,4,2,3,2,5,6,6	303,281,285,298,310,297,325,239,286,237	150	75
854	0,1,4,1,3,0,4,0,4,1	0,0,0,0,0,0,1,0,0,0	0,0,0,0,0,2,0,1,1,2	0,0,0,0,0,0,0,0,0,0	150	75
858	0,0,0,0,0,1,0,0,0,0	0,1,1,0,3,0,1,2,3,2	0,0,0,0,0,0,0,0,0,0	0,2,2,2,0,0,1,0,1,2	150	75
859	2,3,1,3,2,0,2,1,0,4	5,0,0,1,4,1,1,4,1,3	2,0,1,0,1,0,0,2,1,0	1,2,0,1,0,1,1,0,2,2	150	75
860	0,2,3,2,1,1,1,2,0,0	0,2,2,1,0,2,0,2,0,1	0,1,1,0,0,0,1,0,1,0	1,3,4,1,0,2,6,0,1,2	150	75
861	0,1,0,0,1,1,0,1,0,0	1,2,1,0,2,1,3,3,4,0	0,1,0,0,0,0,2,1,0,0	0,3,0,1,0,1,3,0,3,3	150	75
862	4,3,0,1,4,4,2,4,2,4	1,0,0,1,0,0,0,1,0,0	3,12,2,2,3,0,1,3,0,2	0,2,0,1,0,0,0,0,0,0	150	75
863	1,0,0,0,1,0,0,0,0,0	26,29,42,24,21,24,26,18,29,31	0,0,0,0,0,0,0,0,1,0	29,28,29,20,13,13,25,29,25,13	150	75
864	1,1,0,2,1,3,0,0,1,0	5,3,1,2,1,3,4,3,1,7	0,2,4,1,1,0,2,0,2,1	5,6,3,2,5,0,5,0,5,2	150	75
865	3,7,9,9,9,6,4,5,9,7	17,22,15,7,14,10,9,16,15,15	5,9,7,1,5,1,6,6,7,2	12,10,5,10,12,13,14,9,14,11	150	75
866	33,24,31,45,20,30,32,27,37,30	8,12,11,8,5,5,8,7,10,8	22,27,25,30,34,27,48,28,28,26	4,5,6,6,2,4,11,6,5,7	150	75
867	11,9,11,9,4,15,2,7,5,14	6,4,5,7,4,2,4,3,3,3	11,12,5,6,8,8,13,10,16,2	5,8,2,4,2,7,4,8,3,4	150	75
868	0,1,2,0,1,3,0,1,0,1	9,8,14,10,15,3,5,8,10,16	0,1,0,0,0,0,0,1,0,0	10,14,12,8,9,9,3,8,5,10	150	75
869	0,0,1,3,2,2,5,1,1,2	3,3,2,1,5,1,2,0,5,2	1,1,0,2,1,0,3,0,1,2	4,1,2,1,1,2,1,3,2,3	150	75
870	1,0,1,1,2,0,3,0,0,1	2,1,1,1,0,0,1,0,0,0	0,2,2,1,0,2,4,1,1,2	0,2,1,1,2,1,0,0,0,0	150	75
871	0,1,0,0,0,0,2,0,0,0	0,0,0,2,0,0,0,0,0,0	0,0,0,0,0,0,1,1,3,0	0,0,0,0,0,0,2,2,0,1	150	75
872	14,12,13,8,18,20,12,9,14,10	1,0,0,3,2,0,0,2,1,0	9,20,11,9,7,13,9,8,9,7	0,0,3,0,1,1,0,1,3,1	150	75
877	0,0,0,0,1,0,1,1,0,0	3,2,1,2,1,2,1,3,2,3	0,0,0,0,1,0,0,1,0,0	0,3,0,3,0,3,2,1,0,1	150	75
878	1,1,1,2,3,1,1,3,1,0	47,46,54,43,36,45,54,39,52,39	1,3,0,0,1,1,1,4,0,1	37,42,43,22,25,45,61,45,26,40	150	75
879	46,33,47,36,42,36,46,54,44,39	268,252,262,232,208,254,243,207,210,218	48,52,26,52,43,35,39,60,45,59	244,257,231,219,275,247,242,259,215,235	150	75
880	1,7,5,1,7,2,4,2,7,5	22,25,20,20,18,23,17,17,24,16	0,6,5,7,3,6,5,10,3,3	14,35,16,16,29,26,16,21,20,18	150	75
881	20,15,19,9,10,14,12,8,6,12	16,13,12,7,14,4,7,9,5,14	16,19,11,27,20,18,15,6,12,25	14,10,6,12,10,13,7,9,9,3	150	75
882	10,24,11,7,9,14,10,6,19,9	20,28,34,31,26,33,19,15,28,30	9,12,16,16,11,29,20,19,10,26	32,40,15,25,17,21,16,31,25,33	150	75
883	10,24,11,7,9,14,10,6,19,9	0,0,0,0,1,0,1,0,1,0	9,12,15,16,11,29,20,19,10,26	0,0,0,0,0,0,0,0,0,0	150	75
884	2,4,0,4,3,0,1,2,2,3	1643,1607,1608,1441,1503,1462,1400,1280,1288,1527	1,3,2,3,1,1,0,1,2,4	1411,1760,1357,1425,1418,1545,1404,1268,1448,1399	150	75
885	4,0,2,2,1,0,2,1,5,2	2,0,1,1,3,0,1,1,1,2	0,4,1,1,0,2,3,1,0,0	0,3,2,0,0,3,1,0,3,3	150	75
886	124,144,128,160,131,108,167,158,171,90	377,412,365,297,321,346,296,253,294,260	115,188,168,183,146,116,126,202,198,190	304,340,357,347,308,338,268,259,320,222	150	75
889	2,2,0,1,0,0,2,1,2,1	13,7,8,10,11,9,13,11,7,5	4,0,0,1,0,2,0,2,2,2	12,12,17,11,8,8,20,6,14,17	150	75
891	10,6,7,8,6,5,13,3,7,8	1,1,1,0,1,1,0,0,2,0	13,8,6,8,7,4,4,8,8,11	1,1,0,0,0,0,1,0,0,0	150	75
892	3,1,0,1,1,0,5,0,3,3	57,29,60,37,35,35,35,58,45,42	3,1,2,1,0,0,1,2,1,3	48,54,42,27,52,34,51,47,40,41	150	75
893	1,1,1,3,2,1,4,3,1,0	31,26,25,26,24,28,21,23,30,21	4,1,3,4,1,2,1,1,5,2	23,21,26,31,23,31,23,22,33,24	150	75
894	21,11,13,14,14,15,11,7,4,12	1,3,1,1,3,1,5,2,2,0	3,15,9,13,11,13,10,13,7,10	0,1,2,3,0,1,2,0,0,3	150	75
895	1,3,5,3,2,2,2,1,3,3	17,12,22,19,13,20,22,17,24,21	0,3,2,2,1,2,1,1,2,3	17,30,16,18,15,27,17,14,22,15	150	75
896	4,2,7,2,1,2,4,8,4,4	0,0,0,0,0,1,1,0,0,0	1,1,4,2,0,1,1,2,3,3	0,0,0,0,0,0,0,1,0,0	150	75
897	4,1,1,5,1,0,4,6,3,3	2,8,9,4,9,11,3,13,8,3	3,3,4,1,6,1,1,2,3,2	6,4,4,8,6,9,12,5,5,16	150	75
898	0,1,1,0,1,1,0,0,0,0	290,322,368,294,289,279,260,262,300,312	3,0,0,1,1,1,0,1,0,0	286,297,266,290,307,285,308,288,248,274	150	75
899	58,74,83,58,72,62,45,54,59,61	179,214,255,216,180,176,189,138,185,188	70,69,50,63,59,57,51,45,55,54	179,196,168,171,208,173,210,163,176,174	150	75
900	1,0,1,1,0,0,1,1,0,0	11,7,7,4,2,1,1,3,3,1	0,1,0,0,0,0,0,1,1,0	6,3,4,4,3,2,6,2,6,6	150	75
901	1,0,0,0,4,4,3,5,4,2	1,0,0,0,0,0,0,0,0,0	1,1,4,1,2,3,0,3,3,0	0,0,0,0,0,0,0,0,0,0	150	75
902	6,3,1,2,2,4,4,2,1,4	0,0,0,0,0,0,0,0,0,0	2,3,3,5,3,2,6,4,1,3	1,0,0,0,0,0,0,2,0,0	150	75
903	0,0,0,0,0,0,0,0,0,0	9,1,1,4,9,3,0,4,8,8	1,0,0,0,0,0,0,0,0,0	0,7,7,5,1,5,0,3,2,3	150	75
905	28,45,40,30,30,26,31,34,35,35	5,11,3,3,4,3,2,2,3,5	41,36,37,34,37,25,30,37,34,37	2,5,0,3,2,6,2,4,4,1	150	75
906	7,13,13,12,11,10,11,12,15,14	34,33,40,22,24,30,25,22,28,28	12,16,16,13,16,15,13,4,10,9	24,26,20,30,25,21,25,20,19,17	150	75
907	1,1,2,3,6,3,5,3,1,1	196,223,182,201,156,176,153,149,166,182	1,1,1,0,1,0,1,2,10,6	176,166,172,175,176,193,173,177,181,143	150	75
908	1,0,0,0,1,1,0,0,0,1	0,0,0,0,0,0,0,0,0,2	0,0,0,0,0,0,0,2,0,0	0,1,0,0,0,0,0,0,0,0	150	75
909	4,3,4,4,9,0,4,3,5,2	21,33,31,21,23,23,17,13,16,13	4,5,4,1,3,5,0,1,4,5	19,26,19,22,15,29,26,23,13,23	150	75
910	2,3,7,4,1,1,3,2,3,1	14,11,11,13,12,8,10,9,10,8	1,4,3,4,2,1,4,3,8,2	7,17,8,4,9,14,15,11,11,6	150	75
911	7,9,15,8,7,7,9,9,9,7	3,1,2,2,2,2,2,0,1,3	12,6,7,7,6,4,9,12,19,11	2,1,1,0,1,3,4,1,1,1	150	75
912	0,0,0,0,0,0,1,0,1,0	7,7,11,13,10,11,8,6,9,3	0,0,0,0,0,0,0,0,2,0	10,5,10,7,13,9,6,6,12,7	150	75
913	103,105,141,96,84,107,91,62,86,83	3,3,6,6,4,3,2,2,1,1	106,107,94,90,91,122,113,87,99,116	6,1,2,3,4,2,3,3,2,3	150	75
914	5,5,6,8,7,6,3,9,5,10	36,22,24,25,15,33,23,19,17,10	6,8,4,5,8,3,4,6,9,3	21,31,16,20,16,33,21,26,25,24	150	75
915	42,40,45,45,37,37,34,38,34,35	4,3,7,4,1,2,2,4,0,3	26,38,38,35,28,49,42,29,32,36	5,4,1,4,4,4,5,1,1,5	150	75
916	0,0,0,0,0,0,0,0,0,0	28,32,38,27,29,36,23,28,23,27	0,0,0,0,0,0,1,0,0,0	30,28,37,31,36,22,28,24,34,27	150	75
917	0,3,5,4,2,3,3,6,3,1	241,228,258,195,217,196,186,207,216,237	1,5,2,9,1,1,0,6,3,4	230,199,237,225,224,235,215,159,220,148	150	75
919	152,150,162,156,122,171,171,129,99,114	30,24,57,68,45,70,63,17,38,27	222,166,123,132,142,154,183,127,158,175	26,41,37,25,53,29,11,55,33,43	150	75
920	2,3,3,1,1,0,1,1,3,1	1,2,1,0,2,1,3,2,1,0	1,2,1,1,2,0,7,3,3,2	0,0,0,0,3,1,1,1,0,0	150	75
921	3,4,2,3,3,1,3,2,0,1	30,23,26,25,27,25,19,21,26,29	0,1,1,1,4,1,2,2,2,2	22,38,19,28,24,31,36,23,17,19	150	75
922	1,0,0,0,1,0,0,1,0,0	29,30,26,31,32,27,26,40,32,33	1,1,2,0,0,1,1,1,0,1	21,25,22,29,35,32,41,24,23,23	150	75
923	3,4,0,0,0,3,1,1,2,5	145,146,107,141,115,128,129,118,118,114	0,0,3,1,0,3,0,1,1,0	114,134,135,119,116,142,143,117,96,99	150	75
925	29,31,27,31,33,18,33,34,25,36	0,2,0,2,0,3,0,2,0,2	24,33,22,22,21,40,25,34,24,25	1,1,0,1,0,1,0,0,0,0	150	75
926	5,6,4,6,6,4,8,10,2,4	9,6,7,5,10,4,1,4,4,1	5,9,7,6,3,8,3,4,4,4	2,8,7,10,3,7,9,8,10,8	150	75
928	0,0,0,0,1,2,0,0,0,0	7,7,3,7,5,8,5,5,7,2	0,0,0,0,0,1,0,0,0,0	2,4,6,7,5,7,9,4,3,9	150	75
929	0,1,0,1,0,0,0,1,2,0	12,5,14,17,10,8,12,8,7,10	0,1,0,2,1,0,0,0,2,0	11,21,12,15,27,12,15,6,7,14	150	75
931	3,2,1,0,0,0,0,1,0,1	50,48,54,49,40,48,30,51,54,40	3,2,1,2,1,2,2,0,1,2	58,58,37,45,58,33,63,42,50,47	150	75
932	1,2,6,2,1,0,2,1,2,2	99,84,103,94,103,80,80,76,81,67	4,6,1,2,3,3,3,2,0,6	87,88,80,86,106,101,96,62,96,85	150	75
933	0,0,0,0,0,0,0,0,0,0	0,0,0,0,0,0,2,1,0,3	1,1,0,0,0,0,0,0,2,1	0,0,1,0,0,2,0,1,1,0	149	75
934	1,0,0,2,2,1,1,1,0,0	0,2,0,0,0,0,2,1,0,0	1,2,2,1,2,1,0,1,1,1	0,4,2,2,0,1,0,0,1,0	150	75
936	0,0,0,0,1,0,0,0,0,0	0,0,0,0,2,0,0,0,0,1	1,0,0,1,0,1,0,0,0,0	2,0,0,1,0,0,0,0,1,0	145	75
937	0,0,0,0,0,0,1,1,0,0	43,51,36,26,31,23,35,36,28,32	0,1,0,2,1,0,2,0,2,1	42,42,37,37,41,32,33,40,41,32	150	75
938	1,0,0,0,0,1,0,0,0,0	44,33,33,36,37,49,36,32,46,27	0,0,0,3,0,1,2,0,0,1	37,29,45,40,34,32,38,30,32,26	150	75
939	1,0,0,0,0,0,1,1,0,0	2,2,4,2,2,0,3,2,0,2	1,0,0,0,1,0,0,1,1,5	0,2,4,1,4,2,5,4,8,3	150	75
941	0,1,0,0,0,0,0,0,0,1	0,0,0,0,0,0,0,0,0,0	1,0,0,0,0,0,0,0,0,0	0,1,0,0,0,0,0,0,0,0	150	75
943	0,0,1,1,0,0,0,0,0,2	0,1,0,0,0,0,0,0,0,0	0,0,0,0,0,0,0,1,0,1	0,0,0,0,0,0,0,1,0,0	150	75
945	0,1,0,0,0,0,0,0,1,1	0,0,0,1,0,0,0,0,0,0	0,0,0,1,0,0,0,1,0,0	0,0,0,0,0,0,0,0,0,0	150	75
946	0,1,0,0,0,0,0,0,0,1	1,3,7,8,1,3,4,5,3,10	0,0,0,0,0,0,0,0,0,0	5,2,3,2,3,3,4,4,8,4	150	75
948	0,1,0,0,2,1,4,3,5,0	0,0,0,0,0,0,0,0,0,0	2,1,0,0,0,1,0,0,2,0	0,0,1,0,0,0,0,0,0,0	150	75
949	1,3,6,0,4,0,3,7,3,1	29,35,29,29,32,28,20,24,22,23	3,3,4,3,1,1,0,4,3,0	31,29,33,23,34,27,22,35,27,32	150	75
950	27,19,23,12,16,16,28,21,19,11	1,4,5,2,5,3,3,3,6,5	9,18,18,23,17,10,11,11,13,20	1,5,1,4,3,3,3,0,3,2	150	75
951	0,3,2,1,1,1,1,0,0,0	9,4,3,3,6,9,0,5,3,4	3,1,1,2,2,1,2,0,1,0	3,11,3,4,9,4,5,6,2,2	150	75
955	15,11,11,6,9,7,11,8,13,9	161,138,144,136,157,170,120,144,139,147	7,8,7,10,13,7,12,19,9,8	153,131,154,150,173,159,121,154,168,140	150	75
956	0,0,0,0,0,0,0,0,0,0	44,43,38,43,32,42,25,26,44,28	0,0,0,0,0,1,0,0,0,0	46,36,39,40,38,39,44,30,44,45	150	75
957	2,1,0,1,0,1,1,1,0,1	63,40,66,59,55,52,35,38,33,55	1,0,1,1,1,0,0,1,0,0	44,34,48,41,48,30,57,34,42,50	150	75
958	0,0,1,3,0,0,0,1,0,0	22,9,14,10,21,15,13,9,16,7	1,0,2,0,0,0,1,1,0,0	12,15,15,9,16,15,19,21,10,9	150	75
960	3,9,4,3,4,4,4,4,3,0	59,58,53,51,55,71,45,41,40,61	3,6,4,2,2,10,3,3,5,4	44,50,34,46,54,55,56,53,58,53	150	75
961	0,0,0,0,0,0,1,0,0,0	2,4,1,3,2,6,2,1,2,0	0,0,0,0,0,0,0,0,0,0	1,3,1,2,2,0,3,3,1,3	150	75
962	3,2,2,6,5,0,5,5,4,8	75,80,73,71,56,67,58,52,61,56	2,5,3,4,5,6,2,5,3,6	57,66,57,57,61,55,68,58,65,64	149	75
963	1,0,3,4,1,2,3,3,0,1	558,562,542,426,452,508,452,431,471,521	1,2,2,0,1,0,0,2,0,1	470,525,484,468,535,487,466,402,474,428	150	75
964	5,5,9,7,7,5,15,11,9,12	21,29,23,20,15,19,13,17,15,20	10,2,4,11,3,4,3,8,6,6	14,13,22,14,12,21,23,12,23,17	150	75
965	0,0,0,0,1,1,1,1,1,0	2,2,3,2,3,6,2,4,8,6	0,1,1,5,1,1,3,0,2,0	7,2,5,3,3,2,9,4,6,6	150	75
966	0,1,4,1,4,1,1,1,1,1	39,42,32,38,38,32,27,24,35,40	2,0,1,0,4,3,1,2,0,5	31,44,33,39,26,33,38,28,37,34	150	75
967	0,1,1,0,1,2,0,2,0,0	42,26,37,25,34,26,22,20,22,29	0,1,0,0,2,0,1,0,1,0	37,39,24,32,32,18,27,28,30,34	150	75
970	0,0,0,0,0,0,0,1,0,0	0,0,0,0,0,1,0,0,0,0	0,0,0,0,0,0,0,0,1,0	0,0,0,0,0,0,0,0,0,0	142	75
971	0,0,0,0,0,0,0,0,0,0	21,21,18,16,18,14,22,25,22,35	0,0,1,0,0,0,1,0,0,0	24,28,22,15,28,21,30,22,20,16	150	75
972	0,0,0,0,0,1,0,0,0,0	0,0,0,0,0,1,0,0,2,3	0,0,0,0,0,0,0,0,0,0	0,2,0,0,0,0,1,1,0,0	150	75
973	0,0,0,0,0,0,0,0,1,0	2,2,0,3,1,0,3,0,3,1	0,0,0,0,1,0,0,0,1,0	1,0,0,2,1,1,1,1,0,1	150	75
974	0,0,0,0,1,0,1,0,0,1	29,33,44,32,36,27,31,31,33,48	1,0,0,2,1,0,0,0,0,0	39,36,33,38,40,36,38,28,35,22	150	75
975	126,117,119,178,133,151,108,171,124,103	400,460,451,408,360,389,408,316,397,399	130,151,135,141,82,146,105,166,171,146	394,431,427,398,490,434,451,410,362,381	150	75
979	1,0,2,0,1,1,1,2,0,0	1119,1162,1243,1063,1113,1074,862,830,959,961	0,0,0,0,1,3,2,1,1,1	1126,1052,999,979,1063,1056,1034,1043,1025,888	150	75
980	2,1,1,1,3,0,3,0,1,1	7,2,9,3,6,7,4,1,9,7	2,4,3,0,0,1,3,2,1,1	7,5,7,4,1,5,5,5,2,5	150	75
981	0,2,0,1,0,0,0,1,0,0	8,7,5,2,6,2,8,0,4,3	0,0,0,1,1,0,0,1,0,0	4,8,3,3,4,5,1,4,4,8	150	75
982	0,0,1,0,0,0,0,0,0,0	20,24,26,23,11,16,24,24,16,27	0,1,0,2,0,0,0,2,0,0	14,30,25,18,18,25,30,22,11,22	150	75
983	4,1,1,4,6,6,4,7,3,8	24,36,25,15,25,23,24,17,30,16	4,2,4,1,1,4,5,3,1,8	32,16,19,17,33,24,39,13,23,19	150	75
985	91,96,100,79,89,83,72,62,70,90	0,2,2,2,2,0,0,0,0,0	100,108,66,64,89,72,95,64,63,89	0,0,0,1,1,1,1,1,0,0	150	75
986	355,314,326,269,306,316,263,245,262,260	301,335,353,255,238,306,251,243,287,317	303,350,303,297,278,284,293,316,310,328	330,263,253,271,247,291,315,259,229,283	150	75
987	1,1,0,0,2,0,1,2,1,0	158,176,187,130,127,146,121,154,139,181	1,1,2,1,2,1,0,0,2,0	123,160,137,130,150,140,139,136,163,138	150	75
988	24,20,16,30,21,9,21,11,25,18	491,495,579,453,443,513,386,372,445,413	19,17,24,21,17,9,12,14,15,21	497,500,409,471,480,461,449,467,488,423	150	75
989	11,17,5,12,9,7,5,9,10,16	698,760,769,609,630,679,571,510,603,595	6,14,4,6,9,4,9,14,14,13	652,705,652,654,636,657,679,655,664,689	150	75
990	7,3,4,2,3,4,2,5,5,0	115,79,113,99,99,88,100,104,107,88	2,7,3,3,0,4,8,3,2,3	115,118,85,89,97,103,82,99,95,114	150	75
991	1,0,1,1,2,1,1,3,2,0	0,1,0,0,3,0,2,0,0,0	3,4,3,2,0,3,4,0,1,2	0,0,0,0,0,2,1,2,0,0	132	75
992	0,1,2,7,2,2,3,2,0,2	81,66,82,58,83,57,68,44,59,78	0,0,0,3,3,1,4,1,2,10	79,63,65,59,76,82,84,76,69,70	150	75
993	0,0,1,0,1,0,0,1,2,1	0,1,0,0,1,0,0,0,0,0	3,1,0,1,1,2,0,0,2,1	0,1,0,1,0,0,0,1,0,0	150	75
994	1,7,3,0,4,2,5,2,3,1	51,48,37,32,44,55,46,43,37,52	2,0,7,1,4,2,0,6,3,5	35,51,39,34,43,46,53,43,45,48	150	75
997	0,0,0,0,0,0,0,3,0,0	20,24,23,20,18,35,27,18,18,18	0,0,1,0,0,0,0,0,1,0	32,29,40,32,22,28,20,22,22,24	150	75
998	0,0,1,0,0,0,0,0,0,0	61,65,89,77,65,77,65,64,82,83	0,1,0,1,1,1,0,0,0,0	65,58,61,79,80,79,93,87,68,64	150	75
999	244,208,229,185,212,215,173,148,154,148	19,18,13,20,8,11,5,11,10,20	196,219,149,171,187,183,205,177,149,163	10,12,10,17,14,14,11,14,16,12	150	75
1000	1,0,0,1,1,0,1,2,1,0	8,8,4,3,11,9,9,2,6,8	0,1,0,0,1,0,0,0,1,0	5,4,6,6,13,12,6,10,6,8	150	75
1001	3,4,5,1,2,7,1,4,6,6	64,80,53,64,75,75,53,50,72,91	1,6,2,6,4,4,2,4,6,1	57,68,50,58,43,69,63,71,68,66	150	75
1002	1,2,1,1,3,1,2,0,0,0	25,24,24,19,15,25,23,19,23,23	1,1,3,0,0,0,2,1,0,0	26,21,32,20,24,23,34,19,22,21	150	75
1004	4,4,6,11,6,3,7,9,1,1	2,1,0,0,0,2,2,0,2,1	11,8,5,7,10,9,0,6,5,5	0,0,0,0,0,0,0,1,2,1	150	75
1006	3,2,4,9,6,6,7,2,2,5	47,53,32,53,57,55,33,36,44,30	0,6,2,3,5,5,11,4,6,4	35,50,42,40,41,48,43,55,35,32	150	75
1007	8,1,3,3,3,4,2,4,5,6	152,199,203,154,154,181,148,141,146,167	5,5,5,6,4,4,7,3,3,3	192,152,185,154,175,170,174,162,147,142	150	75
1008	0,1,0,1,0,1,3,2,1,1	68,92,73,59,76,57,60,79,61,64	1,0,2,2,3,1,3,3,0,3	67,63,70,73,65,65,69,68,71,64	150	75
1009	1,0,1,0,1,0,1,0,0,2	149,135,119,98,89,120,100,83,96,98	0,0,0,0,0,0,1,0,1,0	108,108,94,125,127,114,99,99,95,101	150	75
1010	4,13,6,10,10,4,8,10,9,6	21,24,14,15,19,27,13,18,25,24	11,15,7,4,3,7,2,6,10,5	19,25,10,26,27,19,23,15,22,25	150	75
1011	9,8,7,12,4,11,9,7,3,7	202,173,181,159,166,143,135,145,143,149	12,8,4,10,4,6,9,9,4,13	165,171,154,146,160,176,145,140,136,137	150	75
1013	5,3,1,1,11,0,0,11,6,4	1,0,0,0,0,0,0,2,0,0	3,15,3,0,0,5,2,0,0,0	0,0,0,0,0,0,0,0,0,0	150	75
1014	3,1,1,1,2,2,1,1,2,4	24,27,38,27,18,31,21,12,25,26	2,2,2,2,1,0,1,0,1,4	22,35,32,27,31,32,29,23,29,24	150	75
1015	19,16,18,18,25,17,12,27,23,23	0,1,4,1,2,0,0,2,0,2	15,25,26,15,11,38,19,18,18,19	1,2,1,1,0,3,0,1,1,1	150	75
1016	1,1,1,0,2,0,2,3,4,1	51,32,42,37,34,46,39,31,39,49	1,1,2,0,1,0,0,0,1,1	35,44,44,39,37,55,43,47,45,46	150	75
1017	4,0,0,0,0,0,0,1,1,3	48,31,51,29,26,40,28,43,30,29	4,3,0,0,1,1,0,1,2,1	23,39,46,33,39,44,43,42,40,32	150	75
1018	0,2,1,1,1,0,0,0,2,1	90,79,87,61,71,65,52,65,62,67	1,3,0,0,3,3,0,0,0,1	76,76,53,69,78,73,54,69,47,51	150	75
1020	4,10,4,9,9,5,9,6,11,6	32,28,38,30,36,37,22,20,22,21	8,11,6,11,3,3,9,4,8,8	39,47,20,27,25,25,23,20,26,25	143	75
1021	3,1,2,4,3,2,4,2,5,4	0,0,0,0,0,0,0,0,0,0	7,4,2,3,1,2,5,1,2,6	0,0,1,0,0,0,0,0,0,0	150	75
1022	1,0,1,3,1,1,2,0,1,0	34,32,32,25,21,27,22,20,21,20	0,0,2,0,0,1,1,1,1,1	35,29,22,21,30,18,27,17,21,17	150	75
1023	2,0,0,0,1,0,0,4,1,0	47,34,25,21,24,31,32,29,36,28	3,1,0,2,2,1,0,2,2,0	24,28,28,38,19,41,24,28,34,27	150	75
1024	5,1,9,6,5,3,7,6,6,4	28,38,34,40,41,36,47,23,26,29	8,2,4,4,3,4,2,2,2,5	37,29,33,36,39,36,39,28,42,36	150	75
1025	1,7,5,6,14,6,4,5,6,2	35,20,33,24,22,16,21,18,22,15	1,2,0,7,7,4,4,4,5,6	22,40,13,19,22,19,21,26,23,20	150	75
1026	6,5,9,3,10,4,4,5,7,9	116,111,136,127,119,103,106,73,97,107	2,4,6,9,9,4,7,6,7,8	122,119,120,106,129,99,121,99,117,112	150	75
1028	175,133,185,197,133,171,232,179,152,202	17,23,25,19,16,31,31,37,22,26	123,363,152,136,115,259,128,103,134,131	11,28,24,9,16,39,22,6,18,16	150	75
1029	0,3,1,0,2,1,2,2,0,2	83,91,83,86,75,88,114,105,105,102	0,1,0,1,0,2,0,0,1,0	65,172,74,56,64,141,73,47,65,70	150	75
1030	6,2,4,5,1,3,12,6,11,9	130,141,132,165,130,123,106,99,117,120	9,3,4,7,3,2,5,1,8,4	118,116,114,118,133,110,111,109,116,73	150	75
1032	57,70,70,58,62,50,55,39,56,62	37,36,41,34,26,32,31,39,38,34	39,55,63,64,53,66,55,41,51,33	24,45,38,41,38,43,36,48,36,39	150	75
1033	0,4,2,1,0,1,0,1,5,0	0,2,0,3,0,1,6,1,4,1	3,3,0,0,0,1,0,1,0,0	1,2,0,4,2,1,1,8,0,0	150	75
1034	0,2,0,1,0,1,2,1,2,0	2,1,3,1,3,1,1,3,0,0	0,1,0,0,0,3,0,0,2,1	0,2,2,2,1,2,1,0,2,5	150	75
1035	0,2,0,1,0,1,2,1,2,0	215,191,244,220,154,172,198,171,187,187	0,1,0,0,1,3,0,0,2,1	222,218,159,182,197,218,211,190,184,152	150	75
1036	4,3,4,7,7,2,9,3,6,5	26,40,32,23,18,30,18,25,24,21	5,7,3,5,4,3,6,4,7,1	25,32,28,42,31,35,27,48,29,28	150	75
1037	3,2,1,4,1,1,0,0,3,2	87,48,95,80,65,56,77,70,65,53	2,4,2,3,2,0,2,1,1,6	68,62,69,69,61,82,69,77,57,89	150	75
1038	0,1,0,0,0,0,0,0,0,0	43,32,35,32,31,30,32,31,34,33	0,1,0,1,0,2,1,1,0,0	28,31,36,40,34,44,30,38,40,27	150	75
1039	2,2,0,4,2,0,2,0,4,0	0,0,0,0,0,0,0,0,1,0	2,2,1,6,0,2,0,2,6,1	1,0,0,0,0,0,0,0,0,0	150	75
1040	3,0,1,5,2,0,8,2,5,7	135,129,156,126,114,114,160,155,124,175	4,3,0,3,2,4,3,4,2,5	112,199,90,79,98,170,132,97,97,106	150	75
1041	0,2,2,2,4,2,5,4,2,5	117,119,169,160,119,130,141,136,143,160	3,6,3,1,0,1,2,4,3,8	119,207,107,87,98,187,142,88,90,119	150	75
1042	16,26,32,34,25,13,39,26,27,23	157,138,195,222,154,153,220,175,152,176	22,50,12,21,21,17,19,13,28,19	140,286,153,124,109,200,175,133,124,110	150	75
1043	228,212,268,270,238,274,308,292,249,286	61,60,49,53,44,43,66,62,49,68	205,395,189,173,177,312,242,192,217,175	33,54,41,26,42,69,54,27,39,24	150	75
1044	1,1,1,1,1,2,1,1,0,2	47,29,48,37,47,56,33,19,22,46	1,0,3,0,0,0,1,0,1,1	35,54,46,38,34,34,31,30,62,31	150	75
1045	0,0,3,0,0,0,1,0,1,0	15,11,21,18,10,11,9,6,16,14	0,0,1,0,1,0,1,1,0,1	10,12,9,15,10,11,19,13,7,9	150	75
1047	0,2,1,0,0,1,2,0,0,0	0,1,0,2,2,0,1,0,2,2	0,1,0,1,0,0,1,2,0,0	0,0,0,0,2,0,0,0,0,0	150	75
1048	4,3,3,3,7,4,2,4,8,2	0,0,0,0,0,0,0,0,0,1	2,10,3,2,1,9,2,5,2,3	0,0,1,0,0,0,0,0,0,0	150	75
1049	15,7,14,13,10,8,6,12,4,13	58,72,44,60,62,58,40,39,44,46	6,14,10,5,10,7,8,7,7,8	42,64,74,50,50,58,68,45,39,56	150	75
1050	9,7,9,10,4,4,9,11,11,3	56,49,78,43,50,47,37,50,40,61	7,11,5,9,22,9,10,6,9,8	41,63,69,58,46,48,37,40,56,46	150	75
1051	5,4,2,3,1,4,3,6,5,2	39,42,30,42,35,31,33,32,43,37	4,2,1,2,1,1,4,1,3,3	33,51,46,31,44,40,33,43,33,28	150	75
1052	1,1,3,0,2,2,2,0,1,1	0,0,1,0,1,0,0,0,0,0	0,2,0,1,3,4,2,2,1,0	0,0,0,0,0,0,0,0,0,0	150	75
1054	1,0,1,0,0,1,0,1,0,1	0,2,2,1,1,2,3,1,2,2	0,1,1,0,0,2,0,0,0,0	4,4,1,0,0,1,2,4,1,0	145	75
1055	0,3,1,1,1,1,0,1,0,0	35,46,38,42,45,35,38,18,47,40	1,0,1,1,0,0,1,1,0,2	37,34,31,39,23,47,36,33,46,35	150	75
1056	4,0,2,1,1,0,2,2,2,4	0,0,0,0,0,0,0,0,0,1	2,1,0,1,1,1,2,0,2,2	0,0,0,0,0,0,0,0,0,0	150	75
1057	0,0,0,0,0,0,0,0,0,0	3,0,0,2,1,0,0,4,3,2	1,0,0,0,1,0,0,0,0,0	6,2,0,2,0,2,0,1,3,5	150	75
1059	3,2,0,0,1,1,2,1,1,2	129,86,101,81,80,85,77,89,87,79	1,2,0,2,2,0,2,0,4,2	119,91,89,75,87,82,103,73,77,83	150	75
1060	0,2,0,2,2,1,2,0,2,3	60,54,59,40,48,51,50,35,59,55	0,3,0,2,0,4,0,1,0,0	48,33,62,48,65,43,70,51,52,47	150	75
1061	1,0,0,0,1,0,1,0,1,1	2,2,4,3,1,2,5,1,3,2	0,0,0,0,0,0,0,0,0,3	4,2,4,5,2,1,5,3,2,1	150	75
1062	1,0,2,1,0,0,2,1,3,0	4,1,1,0,2,1,2,1,3,4	1,1,1,2,4,0,0,1,3,0	1,6,4,1,0,4,1,1,0,2	150	75
1063	4,0,6,2,4,3,6,3,6,4	233,221,215,178,182,160,162,174,201,197	2,8,1,6,7,2,6,4,1,9	231,224,181,226,171,236,216,178,180,205	150	75
1064	1,1,9,3,2,2,6,5,5,3	1,0,0,0,1,0,0,1,0,0	2,5,1,4,5,4,3,4,2,6	0,0,0,0,0,0,0,0,3,0	150	75
1065	1,3,3,4,3,0,4,6,1,1	154,127,129,131,126,106,107,101,144,147	1,3,1,1,3,5,3,2,2,3	123,145,102,105,112,139,132,117,147,106	150	75
1066	18,31,13,24,23,25,21,18,38,17	25,19,29,25,36,34,25,20,22,22	20,29,29,21,26,18,26,25,33,21	25,44,21,27,25,20,24,32,30,39	150	75
1067	10,7,8,11,12,9,12,14,5,3	68,71,80,63,62,62,60,56,40,58	10,6,4,11,12,15,13,7,10,10	62,79,73,65,67,80,55,69,74,76	150	75
1068	5,5,7,5,8,2,5,6,7,10	60,77,69,61,59,72,50,55,61,72	5,14,8,7,0,8,4,9,6,5	65,59,63,67,65,70,60,69,58,55	150	75
1069	5,5,5,3,7,3,5,6,6,10	3,1,1,1,2,0,2,1,0,3	3,12,5,12,0,6,3,11,6,4	0,0,0,1,1,4,0,2,2,1	150	75
1070	355,350,323,297,325,337,316,289,314,334	27,26,13,14,12,21,18,17,24,17	278,372,299,316,325,301,342,296,293,360	18,15,13,15,10,14,23,12,17,16	150	75
1071	0,0,2,4,2,1,5,0,3,2	415,465,426,390,364,308,322,339,329,369	2,1,4,3,2,2,2,1,2,4	395,407,370,359,375,389,389,331,371,275	150	75
1072	1,3,1,6,3,2,4,4,1,0	509,476,532,504,433,440,429,417,427,457	0,4,0,1,1,2,4,1,0,0	474,523,460,424,468,537,491,435,472,338	150	75
1073	0,0,0,0,1,0,1,0,0,0	26,27,31,22,20,13,15,22,27,29	0,0,0,0,0,0,0,0,0,1	32,30,13,15,13,21,28,28,36,18	150	75
1075	18,19,15,17,12,15,11,14,19,12	84,94,83,55,59,84,66,82,72,82	17,18,18,24,14,18,9,11,20,13	70,93,69,63,86,84,73,92,71,72	150	75
1076	17,18,15,7,13,17,7,11,16,9	6,12,15,9,18,18,13,15,8,13	13,17,12,14,7,12,8,14,18,9	17,14,18,17,11,16,15,8,12,11	150	75
1077	0,0,0,0,1,0,0,0,0,0	56,45,44,29,54,47,51,48,42,43	0,0,0,0,0,0,0,0,0,0	45,58,43,57,49,44,38,32,54,42	150	75
1078	2,2,1,1,1,0,3,0,2,0	31,38,45,27,34,45,29,35,35,28	0,1,2,5,3,2,0,2,1,0	27,33,41,26,26,38,43,29,42,22	150	75
1079	0,0,0,0,0,0,1,0,0,1	37,38,46,43,33,45,27,30,34,20	1,0,0,0,1,1,0,0,0,2	45,38,31,33,44,38,44,30,44,30	150	75
1080	12,46,63,63,15,2,25,11,13,9	617,403,375,292,438,445,393,393,506,461	13,31,65,7,27,45,8,7,29,35	515,470,312,391,412,422,528,459,350,383	150	75
1081	20,25,24,23,12,20,18,24,16,20	1,0,0,0,0,0,0,1,0,0	21,20,16,22,15,25,24,20,21,18	0,0,0,0,0,0,0,0,0,0	150	75
1082	0,0,1,0,1,0,0,0,0,0	0,1,0,0,0,0,0,0,0,0	1,0,0,3,0,0,1,0,0,0	0,0,0,1,0,0,1,0,0,0	150	75
1083	2,2,6,2,2,3,2,0,0,2	47,55,45,37,51,41,44,47,36,35	3,3,0,2,2,0,5,2,1,2	32,48,43,44,51,41,55,46,51,35	150	75
1085	0,0,0,2,1,0,0,0,0,0	3,1,1,2,2,0,0,0,0,3	0,0,0,0,0,0,0,0,1,0	1,2,0,1,2,5,2,0,0,0	150	75
1086	0,0,0,0,0,0,0,0,1,1	1,3,3,1,1,1,3,2,1,2	0,1,0,0,2,0,0,1,1,2	1,1,1,0,0,1,0,2,6,0	150	75
1087	6,2,2,4,5,6,3,6,5,6	85,113,112,106,72,90,79,85,89,72	1,9,1,6,5,6,3,8,4,10	77,78,108,65,87,100,74,92,81,119	150	75
1088	0,1,1,0,1,1,0,1,0,1	109,122,144,116,82,103,93,82,112,75	0,0,2,0,0,0,0,0,1,1	89,126,106,105,112,116,105,100,91,119	150	75
1090	0,0,0,0,2,0,0,0,0,1	1,2,2,5,2,0,1,0,3,3	0,0,0,0,0,0,0,0,0,0	1,8,3,1,2,0,4,0,0,4	150	75
1092	0,0,1,0,0,0,1,1,0,2	22,19,21,14,18,21,12,12,9,16	2,0,3,1,0,1,1,0,3,1	19,26,17,21,20,24,18,21,20,17	150	75
1094	4,5,7,8,2,11,0,3,2,2	781,724,765,741,679,757,641,605,662,610	5,3,2,2,3,1,4,6,4,7	699,732,708,717,688,778,692,628,694,609	150	75
1095	1,4,1,2,3,0,3,0,2,3	71,65,70,64,57,61,53,40,72,69	3,0,0,4,0,4,0,2,0,3	60,93,59,77,65,79,70,76,55,55	150	75
1096	0,1,1,0,3,0,0,1,0,0	74,96,89,78,77,97,61,62,87,63	2,5,0,1,1,1,1,1,0,0	82,87,75,64,90,96,88,77,79,80	150	75
1097	5,4,6,4,6,1,8,2,8,5	28,21,24,16,15,23,19,21,30,20	5,5,4,4,3,8,7,5,9,3	24,24,25,23,21,20,23,32,28,20	150	75
1098	12,9,14,15,13,11,13,10,18,10	0,0,1,0,0,1,0,3,0,4	10,11,6,6,11,23,20,14,14,10	2,1,0,1,0,0,0,2,0,0	150	75
1099	9,8,2,6,10,6,9,5,8,4	615,662,684,532,544,629,516,462,528,641	4,9,4,3,8,3,4,12,4,4	592,605,595,561,570,626,619,528,604,549	150	75
1100	0,4,6,7,8,12,6,9,7,4	787,792,794,669,687,853,611,619,640,833	5,3,3,5,2,8,4,2,3,4	741,702,719,691,741,768,709,659,767,674	146	75
1101	3,4,5,6,4,1,10,5,7,11	559,534,557,466,480,649,433,384,463,539	1,6,5,4,1,4,4,8,4,4	574,570,494,468,514,506,476,495,510,484	150	75
1102	24,35,42,18,20,26,26,16,25,19	0,0,0,0,1,1,0,0,1,0	24,23,25,10,22,23,24,13,10,24	0,0,0,0,0,0,1,0,0,0	150	75
1104	3,3,4,2,5,1,4,0,7,2	419,375,413,366,381,344,308,314,339,354	6,1,5,2,3,4,4,4,2,2	342,318,343,311,366,356,382,354,298,312	150	75
1105	6,0,7,6,6,2,9,6,9,10	735,647,753,691,619,611,646,643,662,642	5,4,10,7,3,6,4,12,10,5	661,709,695,652,705,778,846,701,581,535	150	75
1106	2,1,3,3,0,1,1,1,2,3	36,35,41,34,21,46,34,22,29,25	1,3,0,1,3,0,2,4,1,4	29,43,22,23,30,32,18,26,28,41	150	75
1107	6,11,5,7,9,9,10,8,8,11	32,34,41,20,25,27,31,33,26,24	6,11,14,15,5,4,12,10,3,6	40,41,41,27,33,32,33,33,34,28	150	75
1109	34,29,26,26,37,22,21,23,33,25	1,0,0,0,0,0,0,0,0,0	31,27,26,32,29,36,50,34,21,23	0,0,0,0,0,0,0,0,0,1	150	75
1110	3,5,3,0,2,3,6,2,6,3	3,1,5,2,1,1,0,3,1,2	7,5,2,2,1,1,3,2,2,3	1,0,1,1,1,3,1,2,0,1	150	75
1111	1,5,3,0,2,2,4,1,6,3	5,1,0,8,2,0,2,7,3,3	7,5,1,2,2,3,4,3,2,2	0,3,1,3,6,0,5,6,3,4	150	75
1112	1,5,3,0,1,1,2,2,5,1	0,1,0,0,0,0,0,0,1,0	0,4,1,2,1,5,3,2,0,1	0,0,0,0,0,0,0,0,0,0	150	75
1113	3,11,6,7,11,7,12,7,9,4	0,0,1,0,1,0,1,0,1,0	13,8,7,6,17,15,5,8,5,5	0,0,0,0,0,1,2,0,0,1	150	75
1114	3,11,5,7,11,6,12,6,8,4	20,10,11,12,15,5,12,10,13,10	13,7,6,6,16,11,5,7,5,5	10,10,12,9,9,10,9,14,15,9	150	75
1115	3,11,5,7,10,5,10,7,7,2	1,0,0,0,0,0,0,0,0,0	6,6,6,6,15,13,4,6,3,4	0,0,0,0,0,0,0,2,0,0	150	75
1118	5,5,2,4,5,3,9,3,5,6	9,16,8,2,9,8,5,3,8,6	3,5,5,6,5,3,8,8,5,8	12,9,8,7,7,3,15,1,10,9	150	75
1119	3,9,8,4,9,8,3,4,3,12	64,46,47,20,57,39,45,22,43,48	4,8,9,3,7,7,5,4,11,3	46,43,43,42,45,36,52,54,36,44	150	75
1120	1,2,1,1,0,0,1,0,0,0	36,36,35,33,49,26,32,28,33,35	0,3,0,0,0,0,0,0,0,0	41,31,31,29,31,36,35,28,25,39	150	75
1123	1,1,0,3,0,1,1,1,2,2	2,3,0,2,3,5,3,3,8,4	2,1,5,2,4,1,1,1,2,5	4,6,1,2,6,2,4,4,3,2	150	75
1124	0,1,0,3,0,0,0,1,0,2	2,0,0,1,1,1,0,0,0,0	0,1,1,1,1,1,1,0,1,3	0,0,0,1,0,0,1,0,0,0	150	75
1125	13,9,6,3,10,7,12,7,9,9	8,4,2,0,9,7,1,8,7,7	18,5,5,10,9,8,14,8,6,7	5,5,1,2,3,4,2,3,0,3	150	75
1126	0,2,0,0,0,2,0,1,0,1	2,1,0,0,0,0,1,2,2,0	0,0,0,0,0,0,0,0,0,0	1,0,2,0,0,2,0,1,1,0	150	75
1127	15,9,6,7,5,7,9,15,13,7	119,99,102,103,94,97,79,85,85,90	5,15,9,11,19,3,4,13,7,19	113,105,89,97,96,78,111,76,93,68	150	75
1128	76,83,81,52,47,49,52,57,47,55	0,1,0,0,1,0,0,0,0,1	55,67,51,65,74,52,63,42,47,67	2,1,1,2,0,1,0,0,0,2	150	75
1129	129,142,128,90,92,78,88,82,102,107	0,1,3,0,0,0,2,1,1,1	116,114,88,117,115,92,104,79,96,102	0,1,1,0,1,1,4,0,2,0	150	75
1130	163,165,188,114,147,126,155,108,141,139	6,10,8,3,5,2,5,5,10,2	135,166,138,131,146,121,153,149,135,125	6,3,2,2,2,1,7,5,4,6	150	75
1131	3,3,0,0,0,1,0,1,0,4	1,0,0,2,2,0,1,2,0,0	2,3,3,3,4,2,1,0,3,4	4,1,0,1,1,5,2,1,1,1	150	75
1132	2,5,0,0,1,3,3,0,0,1	141,158,141,134,113,156,112,121,111,126	0,1,0,1,2,2,0,0,0,2	101,150,118,133,127,147,137,113,145,105	150	75
1133	1,0,0,0,0,2,0,0,0,1	0,0,0,0,0,1,0,0,0,0	0,0,0,0,0,1,0,0,0,0	0,0,0,0,0,0,1,0,1,0	150	75
1134	1,3,1,2,1,3,2,3,4,1	12,15,13,16,11,9,14,16,11,13	3,2,4,6,7,1,2,4,3,8	11,11,12,16,10,14,13,23,19,20	146	75
1135	2,3,1,3,0,2,6,3,0,2	1,5,2,5,8,3,5,8,1,4	1,3,2,1,0,4,3,2,2,2	4,5,3,7,3,4,5,5,8,4	150	75
1136	3,1,0,5,1,0,5,4,3,3	2,3,5,3,3,5,2,4,4,1	1,0,1,1,1,0,0,1,1,0	7,5,2,2,1,3,0,1,3,2	150	75
1137	3,4,5,1,2,7,5,3,3,4	7,3,1,3,5,3,2,1,3,4	2,4,4,2,5,3,5,1,2,1	10,4,3,2,3,3,2,4,8,1	150	75
1138	0,0,0,3,2,0,0,0,2,0	18,13,11,21,16,19,22,13,11,16	2,1,1,1,1,1,0,1,3,1	13,23,18,19,19,10,16,11,13,26	150	75
1139	0,0,0,0,0,0,0,0,0,0	1,1,0,0,1,0,1,0,0,0	0,1,0,0,2,0,0,0,0,0	0,1,0,0,2,0,1,1,0,0	150	75
1142	1,1,10,4,3,2,0,1,1,2	28,18,20,23,22,11,16,27,22,24	2,5,1,0,2,0,2,2,4,8	12,29,10,16,11,16,15,10,10,8	150	75
1144	41,30,52,44,44,51,34,42,53,38	1,0,0,0,0,0,0,0,0,0	52,58,58,40,40,55,57,55,37,39	0,0,0,0,0,0,0,0,0,0	150	75
1146	0,0,4,1,0,3,0,2,1,1	7,13,7,10,7,6,8,4,14,15	0,3,3,1,2,1,1,2,3,4	7,5,7,11,8,4,3,11,5,10	150	75
1147	25,16,24,22,23,27,24,27,13,22	1,0,0,0,0,0,1,0,0,0	20,28,12,24,21,23,23,22,18,20	0,1,0,1,0,0,0,0,0,0	150	75
1148	3,8,1,8,5,4,5,12,3,3	186,159,171,154,174,152,136,131,151,184	5,6,1,7,3,4,3,5,5,0	175,170,168,150,161,219,138,156,173,166	150	75
1152	9,11,6,11,14,4,9,6,3,6	19,21,29,17,19,22,15,13,17,17	7,7,10,8,5,8,6,5,3,4	24,29,16,22,29,22,18,13,15,27	146	75
1153	0,0,2,0,0,0,2,0,1,0	59,49,69,43,48,66,54,40,63,61	0,0,1,0,0,1,0,0,0,0	62,59,50,46,59,54,63,52,66,42	150	75
1154	76,59,64,71,66,86,81,65,82,72	22,25,22,21,31,23,24,39,30,25	57,62,51,62,66,74,84,77,71,77	27,20,14,35,25,24,34,31,27,27	150	75
1155	16,16,24,20,18,14,21,26,20,11	80,70,80,42,53,62,66,56,72,48	15,15,7,13,14,10,20,10,11,20	72,72,48,50,64,62,53,46,60,64	149	75
1156	18,30,13,27,21,19,30,31,24,6	34,44,36,45,29,27,46,30,28,30	16,31,12,26,10,11,19,21,21,23	48,47,26,42,37,32,29,36,34,49	150	75
1157	49,39,44,58,35,59,54,39,34,38	68,75,73,56,47,64,53,54,56,45	51,46,44,47,58,46,49,50,48,52	72,41,56,55,44,67,55,63,50,62	150	75
1158	15,12,15,15,14,11,22,8,14,16	73,98,78,66,60,69,95,76,72,96	10,12,9,13,9,12,21,17,13,14	93,72,63,73,66,64,76,78,88,69	150	75
1159	51,42,45,39,34,45,44,30,42,41	36,45,43,38,27,44,48,41,47,42	41,34,22,21,31,32,39,38,23,43	38,35,41,41,42,59,42,39,25,52	150	75
1161	3,1,1,4,1,6,2,0,2,4	15,30,43,24,37,20,26,28,22,28	1,2,2,2,1,2,2,2,4,5	25,29,26,33,24,25,27,30,33,21	150	75
1163	6,9,9,14,6,3,18,9,5,4	2,3,2,2,1,6,2,0,0,2	5,10,3,10,6,8,8,5,5,17	1,2,1,1,5,3,0,1,1,2	150	75
1164	1,1,0,1,0,0,1,2,4,2	5,5,8,8,1,1,7,4,8,4	1,2,3,3,2,2,0,1,1,1	5,1,4,5,1,4,4,2,2,7	150	75
1165	0,0,0,0,1,0,0,0,0,0	0,0,0,0,0,0,0,0,0,0	0,0,0,0,0,0,1,0,1,0	0,0,0,0,1,0,0,0,0,0	150	75
1166	2,2,3,2,3,1,1,0,1,5	0,0,0,1,0,0,0,0,0,0	0,4,4,2,1,4,2,0,4,2	0,0,0,0,0,0,0,0,0,0	150	75
1167	1,2,0,0,0,0,1,1,0,0	2,2,5,3,3,3,3,2,2,1	0,2,3,1,0,0,0,0,1,0	1,2,1,5,4,2,7,3,6,2	150	75
1168	1,3,0,0,0,2,0,1,0,0	4,1,3,0,5,2,3,0,2,3	1,0,0,0,0,0,0,0,0,0	0,3,0,2,3,2,0,0,1,0	150	75
1169	1,0,0,0,0,1,0,0,0,0	0,0,0,1,0,0,0,0,0,0	0,0,0,0,0,0,0,0,1,0	0,0,1,0,0,0,0,0,0,0	150	75
1170	14,21,23,17,19,16,9,20,13,23	2,0,0,0,0,0,0,0,2,0	17,21,16,12,21,27,22,20,14,15	0,0,0,2,1,0,0,0,2,0	150	75
1171	0,1,0,0,1,0,0,0,0,0	9,4,10,11,9,5,8,5,11,11	0,0,0,0,0,0,0,0,0,0	13,7,4,10,14,9,11,8,9,16	150	75
1172	6,4,3,5,6,6,5,4,4,4	117,83,97,103,101,93,79,66,107,98	4,3,2,2,0,2,5,9,6,3	83,94,113,83,116,97,94,88,90,74	150	75
1173	4,6,2,4,4,2,4,5,2,1	3,1,2,0,1,0,0,1,1,2	1,3,2,3,2,2,3,2,4,2	2,3,1,1,2,2,1,2,1,5	150	75
1174	0,4,1,1,2,1,1,1,1,1	3625,3379,3751,2948,3244,3604,2529,2603,2464,2479	4,0,0,0,0,0,1,2,0,1	3318,3732,2673,2801,2510,2970,3158,2616,2568,2886	150	75
1175	8,6,5,4,8,6,3,9,6,4	82,108,94,66,84,75,72,68,91,64	4,17,4,8,6,11,3,3,9,5	64,103,74,85,88,79,73,82,77,84	150	75
1176	15,13,17,7,16,16,4,10,8,8	58,51,58,70,41,51,57,54,51,36	9,10,11,18,10,16,16,14,9,9	58,48,45,52,56,47,52,65,57,47	150	75
1177	1,1,2,0,0,0,0,0,1,1	60,64,58,67,69,52,39,53,46,47	1,1,0,0,0,0,2,1,2,0	47,46,52,56,65,57,50,33,59,45	150	75
1178	2,8,4,4,3,11,3,7,8,10	0,0,0,0,0,0,1,0,0,0	6,6,2,2,9,4,10,4,4,2	0,0,0,0,0,0,0,0,0,0	150	75
1179	8,9,8,5,7,8,9,5,9,15	32,13,12,28,19,19,25,23,21,31	6,5,4,5,4,6,2,9,15,6	19,24,27,27,20,27,32,28,31,19	150	75
1181	2,2,1,1,2,0,1,9,2,6	14,11,9,19,16,12,9,3,9,6	4,3,0,3,2,1,2,3,2,1	13,24,11,7,16,17,14,16,13,5	150	75
1182	7,10,4,6,5,1,12,7,3,5	252,262,261,216,235,252,218,201,222,237	2,6,4,7,6,3,3,6,8,6	281,257,237,233,238,241,260,235,237,194	150	75
1183	2,2,3,3,2,2,3,2,1,6	46,37,39,48,41,40,42,29,36,44	4,6,3,6,4,3,0,3,8,3	39,37,34,40,46,43,25,37,43,28	150	75
1184	2,7,3,7,3,4,7,7,2,4	0,0,0,0,1,0,1,0,0,0	6,5,4,7,3,2,4,5,4,5	0,0,0,0,0,0,0,0,0,1	150	75
1185	3,3,6,5,0,3,8,2,4,4	11,7,3,6,7,12,6,5,4,3	7,7,3,3,7,2,3,6,2,1	5,5,5,6,9,6,5,8,6,8	150	75
1186	0,0,0,0,0,0,1,1,1,0	15,11,18,15,4,15,13,11,18,20	0,0,0,0,0,0,0,1,0,1	26,18,11,9,17,22,11,12,10,10	150	75
1187	0,0,3,0,1,0,0,0,0,0	15,13,12,10,13,10,10,13,12,12	0,1,0,1,0,0,0,0,3,0	16,11,12,16,17,19,7,13,4,6	150	75
1189	4,8,11,6,9,10,8,5,10,4	382,335,363,325,342,370,295,333,287,335	9,12,9,6,8,8,3,11,5,6	370,322,326,327,317,332,316,323,389,347	150	75
1190	4,1,0,6,0,1,1,2,3,2	20,12,7,5,7,9,8,3,8,8	3,4,0,2,1,0,2,0,3,4	5,9,3,6,12,10,5,6,9,5	150	75
1191	32,26,22,18,23,17,38,24,41,16	410,333,340,316,370,299,325,307,318,367	36,21,33,25,18,26,27,41,17,25	343,342,294,377,315,343,328,320,330,407	150	75
1192	2,1,2,1,2,2,0,1,1,3	10,3,9,10,7,5,5,3,8,9	1,4,1,4,0,1,1,0,0,4	5,3,5,8,12,11,12,5,10,8	150	75
1193	4,9,10,4,12,4,8,5,5,6	0,0,0,0,1,0,0,0,0,0	6,8,4,8,1,4,5,4,3,7	1,1,0,0,0,0,0,0,0,3	150	75
1195	0,1,2,1,0,2,0,0,0,1	6,8,12,11,3,5,8,13,10,5	0,2,0,0,0,0,1,2,1,0	8,7,9,12,7,8,12,4,5,3	150	75
1196	6,2,3,5,0,1,1,8,5,3	12,6,8,7,6,8,7,4,8,12	4,1,2,3,5,1,0,5,8,2	8,12,2,3,3,6,5,8,6,3	150	75
1197	0,1,4,2,4,2,3,3,6,4	12,8,9,8,12,16,8,3,8,7	3,3,1,3,2,3,2,2,5,2	7,11,9,3,9,6,8,5,8,4	150	75
1198	0,0,2,2,3,2,2,3,6,4	0,0,0,1,0,0,0,1,0,0	1,2,1,2,2,1,2,2,4,2	0,0,1,1,0,0,0,1,1,0	150	75
1199	0,0,0,2,0,1,1,0,0,0	5,8,6,8,10,12,8,6,11,5	0,0,0,0,0,0,0,0,0,1	7,13,7,9,11,5,9,3,7,4	150	75
1202	7,5,6,14,5,4,7,1,4,7	1,0,0,0,2,0,0,1,0,1	5,10,2,6,7,1,7,11,5,4	0,0,0,0,0,1,0,0,0,0	150	75
1203	8,3,6,8,8,7,6,5,9,10	0,0,0,1,1,0,0,0,1,0	6,11,4,12,11,5,7,6,4,8	0,1,0,0,1,0,1,1,0,0	150	75
1204	1,5,1,2,0,1,1,0,2,1	23,15,15,23,23,20,22,12,23,17	1,3,0,0,2,0,0,0,1,2	18,27,26,28,23,20,26,24,24,11	150	75
1206	4,3,0,5,3,2,8,4,3,1	45,40,46,21,39,27,29,31,33,52	2,4,0,2,1,1,2,6,1,2	33,31,38,37,33,33,46,35,31,24	150	75
1207	2,3,3,5,0,4,4,2,5,1	97,94,106,88,73,91,86,87,91,91	2,1,0,7,5,4,1,2,5,7	103,100,104,94,96,86,93,96,101,84	150	75
1208	2,0,0,0,0,0,0,0,0,0	44,25,42,23,34,35,29,23,42,21	2,0,0,0,1,2,0,0,0,1	32,34,23,33,31,38,56,46,29,25	150	75
1209	3,7,5,12,13,8,8,7,11,9	0,0,0,0,0,0,0,0,0,1	3,10,9,10,7,6,8,5,3,7	0,0,0,0,0,0,1,1,0,0	150	75
1210	4,5,5,1,2,4,4,4,3,4	11,9,5,5,8,6,7,13,10,6	3,7,6,10,3,4,1,4,5,2	3,4,8,5,6,9,12,9,6,7	150	75
1211	5,5,1,6,7,6,4,2,3,4	17,9,19,9,15,10,17,18,9,9	3,6,1,4,8,5,8,6,6,1	8,17,7,17,12,15,19,10,6,14	150	75
1212	1,4,6,10,7,5,10,3,6,3	57,55,26,38,38,46,42,33,47,33	6,6,13,4,4,9,7,7,5,4	30,98,40,40,31,49,31,31,20,52	150	75
1213	14,12,8,12,8,5,16,9,9,8	207,215,191,190,211,204,175,178,208,159	6,11,11,13,6,13,3,12,10,8	175,316,190,195,144,206,174,167,135,217	150	75
1214	20,17,26,13,23,14,37,20,27,10	411,393,428,382,397,388,343,338,360,345	23,28,25,21,25,20,12,14,20,20	395,511,338,368,297,379,349,364,310,419	150	75
1215	33,32,26,33,25,18,35,19,17,15	0,0,1,0,0,2,0,0,1,0	7,21,20,15,13,22,17,19,17,20	0,0,2,0,0,1,0,0,0,0	150	75
1216	33,32,35,32,30,21,41,22,26,14	0,0,0,0,0,0,0,1,0,0	14,34,19,21,23,24,20,17,19,22	0,1,1,0,0,1,0,2,1,0	150	75
1217	15,18,15,22,14,16,12,12,16,11	51,40,53,41,49,44,50,47,48,65	15,12,8,17,14,18,10,18,19,18	23,76,34,41,40,50,53,38,25,29	150	75
1218	14,12,15,20,12,6,11,13,13,13	292,320,332,274,259,298,248,223,320,286	7,15,8,11,15,13,9,6,21,10	277,342,236,274,320,301,302,297,265,314	150	75
1219	8,12,17,12,10,10,17,4,5,9	67,59,53,55,47,60,69,50,80,68	10,13,13,17,10,13,9,17,15,9	47,91,42,42,47,59,71,47,44,38	150	75
1220	5,7,7,5,3,2,3,5,3,3	316,291,310,284,228,290,257,240,312,314	8,11,5,6,2,10,3,4,10,8	247,300,241,260,289,299,300,266,272,270	150	75
1221	1,3,6,7,4,3,5,5,8,1	367,345,349,329,319,362,267,309,334,344	5,4,1,2,7,4,2,5,3,7	299,340,316,358,312,323,287,318,356,351	150	75
1222	15,15,23,11,24,17,25,12,15,15	482,446,508,401,405,419,345,394,444,421	19,23,20,12,25,23,23,17,18,20	418,457,409,436,410,401,402,431,426,450	150	75
1223	6,7,6,6,7,5,5,9,4,9	6,5,8,13,6,5,6,7,8,5	3,5,3,13,5,4,9,8,7,1	3,8,9,9,9,3,7,10,10,6	148	75
1224	12,10,4,12,8,12,4,5,6,1	1,7,4,2,2,6,5,1,4,1	5,13,7,6,10,10,8,11,9,7	1,2,6,4,1,2,0,1,5,6	150	75
1225	1,2,0,3,1,1,0,1,0,1	71,73,98,68,84,97,66,62,76,69	0,3,0,1,1,4,3,0,1,2	74,85,74,69,63,103,76,62,59,59	150	75
1228	3,2,2,0,2,0,0,0,3,0	0,0,0,0,1,4,0,0,0,0	2,0,0,2,0,0,0,4,0,0	0,0,0,0,0,0,0,0,0,0	150	75
1229	5,3,3,3,1,1,1,0,2,0	15,8,12,4,13,14,11,8,11,11	1,2,0,0,1,4,0,1,3,0	6,5,9,6,9,11,7,15,6,7	150	75
1231	0,1,0,5,1,2,0,0,0,0	16,20,29,23,9,20,14,23,13,14	1,0,1,1,0,0,1,1,1,0	15,22,13,24,17,26,20,10,19,19	150	75
1232	1,0,1,0,0,0,0,1,1,1	24,20,20,14,22,11,14,32,24,18	0,0,1,0,4,1,2,2,3,0	12,21,12,13,21,21,15,24,25,12	150	75
1233	3,1,1,2,6,3,1,5,5,2	1,1,0,4,0,2,1,0,1,1	3,3,3,2,2,2,6,4,1,2	0,1,0,1,0,0,0,1,0,1	150	75
1234	0,0,0,3,3,0,0,0,0,1	14,26,20,18,18,17,17,11,20,15	0,0,0,0,0,0,0,0,0,1	16,11,18,23,14,16,14,10,11,14	150	75
1235	23,9,8,14,12,15,9,17,28,10	33,34,50,35,36,26,39,37,34,38	26,21,15,17,8,15,20,16,24,8	39,52,57,41,43,50,50,39,31,34	150	75
1236	43,20,12,23,26,27,21,29,36,21	81,84,102,90,81,75,58,69,82,68	39,31,33,24,22,22,27,25,40,22	77,74,97,68,84,84,93,97,84,68	150	75
1238	4,0,1,4,0,1,0,2,1,3	0,0,2,0,1,2,1,4,0,1	0,4,1,0,1,1,1,0,0,0	0,2,1,2,2,1,4,0,3,0	150	75
1239	0,0,0,0,0,0,0,0,0,0	3,0,1,1,2,0,0,1,2,0	0,0,1,0,0,1,0,0,0,0	3,2,1,0,1,3,2,1,0,1	150	75
1240	0,0,2,0,0,0,0,0,0,0	7,5,8,3,1,4,7,7,3,1	0,0,0,0,0,0,0,0,0,0	2,2,2,1,1,4,7,0,1,2	150	75
1241	1,0,0,2,0,1,1,0,0,0	6,5,9,9,2,4,1,2,0,4	0,0,0,0,0,0,0,0,1,0	18,4,5,5,4,6,8,7,6,6	150	75
1242	0,0,0,0,0,0,0,0,0,0	9,6,8,10,5,4,5,3,9,7	0,0,0,1,0,1,0,0,0,0	6,10,7,10,7,3,5,4,9,4	149	75
1243	0,0,0,0,1,0,0,0,0,0	7,5,8,4,17,12,2,10,3,7	0,0,0,0,0,0,0,0,0,0	5,9,5,9,7,9,10,7,4,7	150	75
1244	51,55,50,48,40,34,41,44,42,45	0,1,1,0,0,3,1,1,1,0	51,53,38,37,38,60,48,54,37,51	3,2,0,0,0,1,0,2,0,0	150	75
1245	3,4,2,2,2,5,2,3,6,2	24,20,15,17,26,15,22,29,22,27	1,0,0,2,1,2,1,1,0,2	31,17,26,14,22,33,24,22,14,20	150	75
1247	0,0,0,0,0,1,1,0,0,0	0,1,0,2,1,0,0,1,2,1	0,0,1,0,0,0,0,0,0,0	0,0,1,1,3,0,0,1,0,0	148	75
1248	70,82,89,82,75,88,74,59,78,62	2,1,0,1,0,0,0,1,0,0	85,93,73,82,87,80,95,92,85,59	0,0,0,0,0,0,2,0,1,0	150	75
1249	0,0,2,2,2,1,0,1,3,1	0,0,0,0,0,0,0,0,0,0	1,2,0,0,1,2,1,1,3,0	0,0,0,0,2,0,0,0,0,0	150	75
1250	0,0,2,2,2,1,0,1,3,1	91,95,100,76,85,66,71,73,85,69	1,2,0,0,1,2,1,1,3,0	77,93,83,73,67,81,88,77,47,65	150	75
1251	0,0,1,3,2,2,0,1,2,1	0,0,1,0,0,0,0,0,0,0	1,0,0,1,1,1,1,1,3,0	0,0,0,0,0,0,0,0,0,0	150	75
1252	0,0,1,0,0,0,0,1,0,0	35,21,26,19,28,22,23,22,40,24	1,1,0,0,0,0,0,0,1,0	25,19,22,19,38,24,27,25,20,22	150	75
1253	1,4,4,2,1,1,1,0,0,2	107,77,115,85,99,93,74,85,83,73	0,0,0,3,1,0,1,3,0,1	91,93,91,92,76,114,89,98,98,90	150	75
1254	19,21,27,9,27,17,13,16,21,26	1,0,4,3,1,1,0,0,5,1	17,22,23,17,24,20,25,17,17,18	1,1,2,1,1,3,3,0,1,1	150	75
1256	1,1,0,0,0,0,0,1,0,1	44,29,32,39,42,32,30,20,33,26	0,0,0,0,1,0,0,0,1,1	26,41,36,26,34,35,39,40,36,41	150	75
1257	0,1,1,0,0,1,2,0,2,1	37,39,53,35,43,38,39,35,38,44	1,1,1,0,0,2,2,0,1,0	36,44,37,18,31,26,38,29,36,50	150	75
1258	0,0,0,0,0,0,0,1,0,0	44,43,33,35,31,29,29,21,33,38	0,0,0,0,0,0,0,0,1,0	37,32,36,31,40,25,36,33,28,20	150	75
1260	2,3,1,10,7,3,6,3,4,3	28,19,26,30,20,21,27,14,20,21	2,3,12,4,2,2,2,6,2,6	28,22,24,25,30,17,19,21,20,25	150	75
1261	2,0,1,2,0,4,4,2,2,0	21,24,28,21,15,27,29,19,17,22	1,6,2,3,2,0,3,1,1,2	28,17,21,17,20,32,15,14,27,24	150	75
1262	0,0,1,0,0,0,0,0,0,0	0,0,0,0,0,0,0,0,0,0	2,0,0,2,0,1,0,0,0,0	0,1,0,0,0,0,0,0,0,0	150	75
1263	4,2,1,3,6,3,2,2,8,9	2,2,1,2,0,0,2,0,2,0	3,5,3,2,3,2,0,4,3,3	1,2,5,3,0,0,0,2,2,1	150	75
1264	4,2,2,5,8,3,2,2,10,11	18,30,18,21,31,16,18,26,24,24	4,5,4,3,3,3,0,6,3,4	23,32,29,19,25,29,17,29,26,21	150	75
1265	26,28,26,25,34,21,24,31,23,28	9,8,10,9,10,11,9,2,11,9	40,27,17,24,25,26,26,29,28,21	11,7,9,9,7,18,15,11,5,11	150	75
1267	0,0,0,0,1,1,1,2,0,1	16,14,18,17,8,15,11,11,12,22	0,0,0,1,0,0,0,1,1,0	16,20,14,13,28,21,13,20,18,15	150	75
1268	0,1,0,0,1,0,0,0,0,0	1,4,2,3,3,3,4,1,1,0	0,0,0,0,0,0,0,0,0,0	3,4,3,4,1,9,2,4,0,1	150	75
1269	7,10,6,5,8,5,11,8,10,4	31,37,38,30,26,26,37,21,29,36	9,7,1,9,6,9,9,6,4,8	23,31,40,32,37,25,37,28,29,34	150	75
1270	6,7,12,8,11,8,12,5,13,8	4,1,4,5,0,1,2,0,3,4	8,10,13,10,8,4,14,7,9,11	5,1,4,3,0,1,1,4,1,1	150	75
1271	8,5,6,5,5,3,8,2,4,4	64,54,72,39,70,54,43,44,41,58	1,1,4,9,1,2,2,4,4,4	44,61,62,50,49,58,65,45,59,54	150	75
1272	0,1,0,0,0,1,0,3,0,0	60,69,62,51,41,47,46,54,52,65	0,2,0,0,2,3,0,0,1,0	47,63,48,61,76,59,68,40,55,37	150	75
1273	1,0,0,0,1,1,0,0,0,2	58,70,81,63,59,61,57,51,68,59	0,0,0,0,0,0,1,0,0,0	62,71,68,83,68,62,61,61,69,66	150	75
1274	10,16,5,11,13,8,15,5,17,15	1,0,0,0,0,0,0,0,0,1	11,18,7,23,8,8,9,11,12,14	1,0,3,1,0,2,0,0,0,0	150	75
1275	5,11,2,5,2,4,8,3,3,6	1,3,0,0,1,0,4,4,1,2	6,11,3,5,3,4,4,4,11,4	4,2,2,0,0,3,3,0,0,3	150	75
1276	2,3,0,0,1,0,1,1,0,0	7,5,11,3,9,3,5,5,12,4	0,0,1,1,0,1,0,0,1,0	2,7,4,6,6,10,4,6,10,12	150	75
1277	0,2,3,4,2,1,1,1,2,0	6,8,10,9,12,10,8,10,11,2	2,1,0,1,4,0,0,0,1,0	5,7,12,7,7,5,15,10,4,12	150	75
1278	0,0,0,2,0,0,0,0,0,0	0,0,0,0,1,1,1,0,0,1	0,0,0,0,1,0,0,0,0,1	0,0,0,0,0,0,0,0,0,0	150	75
1279	1,0,0,0,0,0,1,0,0,0	2,0,0,0,0,0,0,0,0,1	0,1,0,0,0,0,1,0,0,0	0,0,0,1,0,0,0,0,0,0	150	75
1281	8,12,10,6,11,4,13,10,9,13	9,8,11,8,7,4,11,10,9,7	9,11,5,12,8,12,8,15,11,15	12,14,9,8,18,9,5,8,16,15	150	75
1282	42,30,27,50,36,25,47,43,42,28	0,0,0,0,0,0,0,0,0,0	26,45,26,25,34,30,25,35,61,34	0,0,1,0,1,0,0,0,0,1	150	75
1283	12,20,16,9,14,13,20,7,25,16	223,256,272,168,239,218,226,207,207,205	11,16,12,18,6,15,7,12,21,4	241,197,233,217,204,210,208,201,230,204	150	75
1284	2,0,0,2,1,0,0,1,2,3	78,90,77,86,79,64,62,60,61,64	0,2,0,3,2,1,2,2,4,2	84,96,66,85,63,67,55,60,64,78	150	75
1286	5,8,5,8,4,1,5,7,6,9	19,19,25,15,21,23,21,13,11,26	7,12,3,4,4,7,9,8,2,4	11,18,29,23,16,13,22,14,22,28	150	75
1287	3,8,4,2,4,6,7,8,1,8	55,61,58,52,58,61,58,54,64,58	4,3,5,7,3,8,5,4,8,4	50,61,55,47,36,63,64,57,45,52	150	75
1288	2,3,1,0,0,1,2,1,1,1	0,1,1,0,0,0,0,0,1,0	0,3,1,2,0,2,3,3,0,2	1,0,0,0,1,0,0,0,1,0	79	75
1289	2,3,1,0,0,1,2,1,0,1	0,0,1,0,1,0,0,0,0,0	0,3,1,2,0,2,3,3,0,2	0,1,0,0,0,0,0,0,0,0	76	75
1290	16,11,4,16,12,9,16,18,12,11	29,34,48,28,35,46,37,39,38,35	10,12,6,11,10,10,6,7,20,10	35,47,38,32,41,35,29,35,43,30	150	75
1291	11,14,14,22,9,10,19,18,16,13	0,0,0,0,0,0,0,0,0,0	5,10,10,15,17,15,10,11,15,14	0,0,0,0,0,0,0,0,2,0	150	75
1292	4,5,4,1,4,0,1,0,2,0	24,24,31,30,17,30,30,20,8,28	0,1,5,4,3,1,1,4,3,0	26,35,10,17,15,13,17,26,22,27	150	75
1293	5,10,6,5,10,2,5,3,3,8	1,2,2,0,0,0,0,1,1,0	1,3,7,4,8,3,4,12,3,7	1,3,2,0,2,0,1,0,2,1	150	75
1294	5,9,14,8,11,1,7,7,4,11	142,179,209,175,130,150,162,113,168,131	7,3,6,10,14,3,2,6,8,6	145,212,144,168,153,188,169,165,139,195	150	75
1295	3,1,5,3,1,0,0,3,0,3	67,87,106,81,74,51,80,52,78,61	4,1,2,0,2,2,1,1,0,1	67,84,70,85,76,84,90,84,56,81	150	75
1296	16,33,20,22,10,34,27,18,25,26	104,114,82,92,87,84,77,91,74,79	26,21,25,18,28,35,22,27,11,28	98,127,96,95,102,87,94,109,88,81	150	75
1297	1,3,3,6,1,1,3,2,2,0	1,1,0,2,1,0,0,1,0,0	0,6,0,3,0,4,1,2,1,1	2,1,0,2,0,0,3,2,1,0	150	75
1298	3,0,1,0,0,0,0,0,0,0	3,6,5,3,5,7,4,1,2,5	0,0,1,0,0,0,1,0,1,0	3,2,5,3,1,2,2,4,4,4	150	75
1300	1,2,3,1,3,2,1,0,3,2	92,86,115,87,75,108,61,69,70,82	4,1,0,2,2,3,1,1,3,2	85,92,64,81,83,95,99,86,75,112	142	75
1301	0,4,0,1,1,2,1,0,2,0	1001,966,1024,922,834,878,825,709,770,868	0,0,0,2,1,3,0,3,0,0	930,1001,861,808,911,927,862,791,818,877	150	75
1302	6,4,4,4,3,3,2,2,4,9	146,125,124,129,131,133,136,107,107,131	4,1,3,1,3,3,2,1,1,2	131,133,138,134,142,151,143,130,97,101	150	75
1303	2,7,3,5,6,2,3,5,1,8	197,173,186,183,164,188,146,135,163,168	3,6,4,4,3,2,2,2,4,4	200,191,167,157,175,164,162,157,158,146	147	75
1304	0,0,1,0,0,0,1,0,1,0	1,0,2,1,1,1,2,1,0,0	0,1,1,1,1,0,0,0,0,0	0,1,3,1,4,1,3,2,1,0	150	75
1305	1,0,0,0,0,0,0,0,0,0	4,3,3,2,1,4,4,2,8,5	0,0,0,1,0,0,1,0,0,3	2,5,3,0,7,2,8,4,5,6	150	75
1306	1,1,0,0,0,0,0,0,1,0	11,12,11,4,11,12,5,6,6,14	0,0,0,0,2,0,1,1,0,1	3,4,2,7,7,15,11,9,9,15	150	75
1307	2,0,0,0,0,0,3,1,0,0	2,3,2,2,0,0,0,2,1,3	0,0,0,0,0,0,1,0,0,0	3,0,0,4,4,3,2,3,2,2	150	75
1308	0,2,1,2,2,1,1,0,1,0	76,61,44,61,38,63,80,65,67,62	0,1,1,0,1,0,0,1,2,0	49,58,51,63,73,65,66,59,56,94	150	75
1309	56,68,50,63,63,49,65,82,56,72	0,1,0,0,0,0,0,0,1,0	68,66,59,67,80,66,70,65,55,79	0,2,0,0,1,0,0,1,0,1	150	75
1310	3,2,2,1,3,0,4,2,2,2	17,15,20,19,15,17,11,15,23,16	1,3,3,5,2,1,0,7,1,4	12,7,12,13,23,13,25,14,11,11	150	75
1311	0,3,0,1,0,0,1,0,0,0	37,37,52,32,25,24,39,30,39,34	0,0,0,1,0,0,0,0,0,0	25,42,26,25,35,42,31,28,27,36	150	75
1312	20,18,27,10,8,17,15,18,12,17	0,0,0,1,0,1,0,0,0,2	10,24,12,13,15,9,13,10,12,4	0,0,1,0,0,1,0,0,0,0	150	75
1314	73,62,81,52,30,50,47,54,48,43	5,5,1,4,3,2,2,1,2,4	42,83,52,50,50,75,51,38,59,51	3,4,3,5,4,2,4,1,2,0	150	75
1315	0,0,2,0,0,0,0,0,0,0	21,17,26,21,18,5,21,24,26,22	0,1,0,0,2,0,2,0,0,1	13,26,20,12,27,25,26,15,25,13	150	75
1317	16,13,9,11,11,20,16,2,9,10	135,128,149,101,124,141,111,102,130,117	7,11,11,9,17,19,10,10,14,9	119,146,113,117,112,116,138,92,100,112	150	75
1320	5,4,1,1,4,0,0,0,0,1	16,18,12,11,17,11,7,10,10,16	0,0,3,1,1,0,1,1,0,1	8,24,9,13,9,13,17,19,5,8	150	75
1321	1,0,0,0,0,0,0,0,0,0	0,0,0,0,1,0,0,1,1,0	0,0,2,1,2,0,1,0,0,1	0,0,0,0,1,0,0,1,0,1	150	75
1322	0,0,0,1,0,0,2,2,0,1	64,59,54,44,34,41,44,43,51,41	0,1,1,2,3,1,1,1,1,0	48,52,44,39,38,45,45,36,44,46	145	75
1324	4,2,1,4,1,1,3,1,4,5	0,4,1,0,0,0,1,0,0,1	1,0,1,3,0,1,0,3,2,5	0,0,0,0,0,0,0,0,0,1	150	75
1325	0,1,1,0,0,1,0,0,0,0	89,99,106,84,80,90,76,75,89,100	1,0,1,0,0,1,1,0,1,0	110,93,86,86,95,78,92,95,97,90	150	75
1326	0,0,1,1,0,0,0,1,0,0	80,81,84,63,58,56,65,60,59,66	0,0,0,0,0,1,0,0,0,0	80,69,66,63,60,71,60,57,90,47	150	75
1328	33,27,18,26,18,39,41,34,18,31	1,0,1,0,0,0,0,2,3,0	30,35,23,30,29,30,28,25,23,31	1,0,0,0,3,0,0,0,1,0	150	75
1329	0,1,1,1,0,0,1,1,4,0	35,45,37,51,45,49,57,24,42,42	0,1,0,0,0,0,1,1,1,0	41,50,39,40,36,37,54,26,53,46	150	75
1330	1,1,0,0,0,0,0,4,1,0	35,42,41,58,29,34,39,33,42,30	0,1,0,0,0,0,1,0,0,0	45,39,35,34,43,50,37,28,22,46	150	75
1331	4,4,1,4,2,0,1,0,1,0	32,41,32,16,11,18,25,27,28,17	6,1,2,1,0,2,2,1,1,2	22,18,12,34,17,23,22,26,44,22	150	75
1332	3,3,1,5,4,2,1,2,0,5	13,26,25,12,16,20,27,29,18,19	4,4,7,1,3,4,3,4,4,3	12,24,21,22,10,15,22,14,24,25	150	75
1333	64,53,42,56,35,47,44,53,54,54	0,0,1,0,0,1,0,0,0,0	63,52,60,60,73,47,50,66,92,64	0,0,0,0,1,2,0,0,0,0	150	75
1334	152,110,117,195,155,181,131,120,81,85	0,0,0,1,0,0,0,0,0,0	255,222,130,117,83,97,77,98,256,160	1,0,0,0,0,0,0,0,0,1	150	75
1335	343,288,308,277,253,317,266,288,246,237	8,5,8,6,6,6,6,3,8,2	303,318,286,287,253,262,305,247,312,308	7,6,9,7,7,7,3,7,8,8	150	75
1336	342,287,308,275,254,317,265,287,244,238	180,165,141,117,137,133,129,123,128,102	302,318,286,286,254,262,304,247,311,305	138,138,132,146,134,148,132,132,161,165	150	75
1337	0,0,0,0,0,0,0,0,0,1	18,23,23,26,15,12,16,23,20,15	1,0,1,0,0,0,0,0,0,0	16,28,16,12,17,23,25,22,16,19	150	75
1338	4,0,0,5,4,0,0,0,3,2	38,38,36,44,38,36,38,18,40,32	2,4,3,2,1,3,2,2,0,0	33,36,46,40,35,43,49,31,41,29	150	75
1339	8,17,8,7,12,1,17,8,14,7	28,23,16,38,29,15,22,16,33,16	9,15,14,17,13,12,10,12,18,8	9,21,13,21,24,17,28,32,16,25	150	75
1340	19,15,16,34,22,18,26,23,18,25	9,7,6,2,5,7,6,7,5,6	10,26,14,23,13,24,22,24,17,23	5,7,8,7,4,2,5,5,1,3	150	75
1341	0,0,4,4,2,1,5,4,2,0	2,0,0,2,1,0,0,0,0,1	2,1,1,0,2,1,2,2,4,3	0,2,2,0,1,0,0,1,0,0	150	75
1342	0,1,1,1,2,0,1,0,3,2	15,2,10,2,4,8,2,1,2,1	2,1,0,0,1,1,1,4,3,2	8,6,3,0,5,1,1,4,2,2	150	75
1343	0,1,2,1,2,0,2,0,3,3	7,5,7,3,3,2,5,9,1,4	2,1,0,0,2,1,1,4,4,2	5,6,3,3,5,5,3,4,3,2	150	75
1344	0,0,3,2,1,3,1,2,6,3	4,5,5,0,2,2,2,1,1,3	3,2,1,1,0,1,2,3,4,1	4,7,2,4,2,5,0,1,4,1	150	75
1345	2,2,1,3,0,0,1,3,0,0	78,77,65,43,64,51,66,52,43,64	2,2,1,2,3,6,0,3,3,3	63,59,32,61,54,53,68,64,45,57	150	75
1346	3,2,3,1,1,3,1,2,1,0	179,160,163,115,154,164,133,126,136,150	1,1,0,0,0,1,0,0,2,1	153,151,136,109,129,147,151,151,159,140	150	75
1347	5,3,5,2,5,2,4,3,5,1	2,1,1,0,0,0,0,0,0,0	2,6,2,4,1,4,3,3,4,6	1,0,0,0,0,1,1,0,1,0	150	75
1348	5,3,6,3,6,4,5,3,6,1	208,216,211,163,172,186,149,142,175,196	4,6,2,4,3,6,4,3,4,7	180,200,210,177,142,163,188,189,177,177	150	75
1349	1,0,2,2,7,6,4,5,6,3	0,0,0,0,0,1,0,0,0,0	6,3,1,3,3,5,7,2,5,3	0,1,0,0,0,0,0,0,0,0	150	75
1351	10,15,2,7,5,18,12,8,10,19	1,0,0,0,0,0,0,0,0,0	12,11,14,10,5,3,4,6,10,6	0,0,0,0,1,0,0,0,0,0	150	75
1352	7,12,8,10,8,21,9,7,13,8	183,168,205,140,143,157,125,109,144,139	11,6,7,7,8,6,7,6,12,5	143,138,153,131,133,140,169,155,125,121	150	75
1353	1,4,3,0,3,1,5,2,1,1	567,468,538,438,436,370,397,433,476,474	2,2,0,0,1,1,0,0,3,7	387,428,437,461,419,482,435,402,420,388	149	75
1354	269,233,294,206,251,262,238,188,220,241	1,0,0,0,0,1,0,2,0,0	255,275,251,259,226,272,260,214,215,240	0,1,1,1,0,0,0,1,0,1	150	75
1355	2,1,1,0,0,1,0,0,0,0	1,3,0,0,1,0,0,0,0,2	0,0,1,1,0,0,2,2,1,1	1,0,1,2,0,0,1,1,1,0	150	75
1357	1,0,0,1,0,3,2,2,1,0	5,7,10,4,5,2,7,7,3,7	0,2,0,1,2,1,1,0,2,0	6,8,5,7,10,9,5,4,2,3	150	75
1360	0,0,0,2,0,0,0,0,0,0	0,1,0,0,0,0,0,0,0,3	0,0,0,0,0,0,0,0,0,0	1,0,0,2,0,0,1,1,1,0	150	75
1361	4,0,1,2,4,1,1,3,5,0	43,45,44,43,21,35,36,30,30,44	3,6,2,2,5,2,2,0,0,2	42,44,26,37,39,26,27,37,33,30	150	75
1367	1,6,0,1,2,2,4,6,2,4	87,101,94,80,98,105,76,59,81,81	1,3,2,4,6,3,5,3,4,3	77,114,89,76,85,72,96,86,83,78	150	75
1368	6,3,4,5,5,4,5,6,2,2	146,154,172,141,134,156,133,146,140,147	9,7,8,5,6,6,3,5,12,5	153,177,144,123,158,184,161,152,154,149	150	75
1370	0,0,0,0,0,0,0,0,0,0	0,0,0,1,0,0,0,0,0,0	1,0,0,0,0,0,0,0,0,0	0,0,0,0,1,0,1,0,1,0	150	75
1371	0,0,0,0,0,0,0,1,1,0	81,75,87,77,78,72,66,71,82,85	1,0,0,0,0,0,0,0,1,1	103,63,84,88,69,87,98,57,79,73	150	75
1372	10,8,9,14,13,19,12,14,8,9	143,130,114,114,118,115,107,89,125,94	19,23,8,15,6,11,15,14,14,15	119,134,126,113,121,104,102,124,98,95	150	75
1373	0,2,2,3,2,0,5,1,2,1	155,167,151,145,124,111,129,109,125,152	1,2,1,3,1,1,1,0,0,0	126,148,153,110,125,123,166,119,144,152	150	75
1374	104,122,119,117,101,87,82,66,111,111	16,20,24,21,16,14,9,12,13,10	102,128,70,97,95,112,96,95,82,103	23,27,14,19,15,16,28,9,15,14	150	75
1375	1,0,0,4,0,1,2,0,1,0	0,1,2,1,0,2,0,0,1,0	1,0,0,3,0,2,1,2,1,0	0,3,0,1,1,1,1,0,1,0	150	75
1376	0,0,0,0,0,0,0,0,0,0	5,4,5,2,5,3,4,2,10,4	2,0,0,0,0,0,0,0,2,0	3,2,4,2,5,2,11,2,6,0	150	75
1377	0,0,0,1,0,0,0,0,0,2	6,9,12,11,4,6,6,6,11,12	1,0,0,0,0,0,0,4,0,1	5,13,5,9,8,16,7,6,7,2	150	75
1378	3,8,8,0,3,4,1,4,3,2	6,8,3,3,5,12,5,7,2,8	2,4,6,3,1,1,5,0,1,6	4,7,6,3,8,7,10,4,7,3	150	75
1379	4,3,0,0,1,3,1,1,4,2	63,56,48,45,49,57,46,48,34,48	4,4,3,2,1,3,0,1,3,1	62,32,45,37,49,57,53,56,51,44	150	75
1380	6,10,4,5,6,1,4,4,7,4	2,3,3,1,2,1,1,1,0,2	2,6,2,5,5,5,5,8,13,3	1,0,2,1,0,3,0,3,0,0	150	75
1381	429,440,461,430,399,432,332,356,388,416	2,5,4,1,1,2,3,2,1,3	422,428,448,373,457,462,435,441,406,433	1,3,1,4,1,4,4,2,2,3	150	75
1382	1,0,1,2,0,0,1,1,2,0	33,37,32,28,25,33,29,29,36,23	0,1,1,0,1,2,0,3,1,1	22,31,22,20,28,29,23,15,24,28	150	75
1383	0,0,0,1,0,0,0,0,0,0	1,0,0,1,2,1,0,3,1,3	0,0,0,0,0,0,0,0,0,0	1,0,0,0,2,3,1,1,0,2	150	75
1385	33,34,29,43,29,25,57,35,41,17	319,336,338,290,248,279,236,239,292,255	27,42,20,39,35,19,31,37,42,47	275,309,285,299,291,301,267,292,318,266	150	75
1386	34,19,31,13,23,17,28,20,18,13	160,145,156,150,132,147,144,94,129,127	19,24,19,17,15,15,10,16,17,20	131,159,193,142,149,145,134,115,152,144	150	75
1387	5,6,2,6,7,6,2,2,4,3	29,23,23,23,24,23,18,13,23,32	2,5,1,4,2,3,6,4,6,5	20,19,22,14,23,22,24,26,21,25	150	75
1388	1,0,2,1,0,0,1,0,0,0	0,3,0,1,0,1,0,0,4,0	0,0,0,0,0,0,0,0,0,1	1,0,0,0,0,0,0,1,0,0	150	75
1389	1,0,0,1,0,0,0,0,0,0	0,0,0,0,0,0,1,0,0,0	1,0,0,1,0,2,0,0,0,0	2,0,0,0,0,0,2,0,0,0	150	75
1390	0,0,0,2,1,1,0,0,0,0	21,14,24,11,13,17,21,12,15,5	0,1,0,1,0,0,0,1,1,0	10,25,13,12,18,23,14,10,7,7	150	75
1391	1,5,3,0,4,3,8,0,4,2	1,2,2,1,3,0,3,0,6,4	2,6,0,3,1,2,0,1,2,1	1,2,2,7,2,2,1,3,2,3	150	75
1392	0,0,1,0,0,0,1,1,2,1	18,11,22,11,19,16,5,8,14,11	0,0,1,0,1,2,0,0,1,0	10,19,7,10,18,10,17,2,14,18	150	75
1394	0,0,1,0,0,0,3,0,1,0	455,466,518,442,408,437,350,414,386,410	1,1,1,1,1,0,2,2,0,1	427,442,434,384,418,480,459,412,409,408	150	75
1396	0,0,0,0,1,0,1,0,0,1	2,1,5,4,2,4,2,3,4,0	0,0,0,1,0,0,0,0,0,0	4,4,1,1,3,3,2,6,2,2	150	75
1398	6,6,2,13,2,8,5,9,4,10	301,311,294,239,255,286,254,169,185,292	6,7,4,5,5,4,3,1,6,5	261,253,281,231,223,263,246,252,225,246	150	75
1399	1,0,0,2,0,2,1,0,3,2	173,181,198,148,131,118,138,149,141,149	1,0,0,4,0,0,2,2,5,1	156,172,174,160,141,164,152,158,151,118	150	75
1400	0,1,0,0,0,0,1,1,0,1	125,122,94,119,105,102,90,103,118,110	1,1,1,2,0,0,0,0,1,1	96,146,93,96,119,102,111,90,115,95	150	75
1401	7,3,2,2,3,5,3,2,4,3	0,1,0,0,0,0,0,0,0,0	1,5,3,3,5,5,1,8,5,5	0,0,0,1,2,0,1,0,0,0	150	75
1404	1,2,0,1,0,0,0,1,1,2	50,53,56,44,44,72,53,27,47,46	0,2,0,0,0,0,0,2,1,0	52,47,33,43,60,46,81,61,43,72	150	75
1405	0,1,0,0,0,1,0,1,1,0	15,16,12,8,15,5,19,11,11,23	0,1,1,0,1,0,1,0,1,0	26,9,23,24,14,18,10,12,18,6	150	75
1407	0,1,0,0,0,0,0,0,1,0	15,21,27,20,12,25,11,18,25,21	0,0,0,0,0,0,0,0,0,1	19,31,18,12,32,20,23,24,21,18	150	75
1408	1,7,2,1,1,5,3,1,5,1	2,1,0,3,4,4,4,2,1,2	0,3,1,2,5,1,0,0,5,6	2,4,3,1,2,1,4,0,5,3	150	75
1409	7,8,7,6,5,3,7,8,8,3	24,16,14,22,22,18,17,15,21,21	6,11,5,7,9,2,5,7,2,14	21,27,21,19,21,22,22,16,16,14	150	75
1410	3,6,6,5,4,5,7,3,4,5	0,0,0,0,1,0,0,0,0,0	4,6,6,9,4,3,7,3,4,5	1,0,0,0,2,0,0,0,0,0	150	75
1411	5,4,14,3,11,9,15,3,8,5	30,38,26,19,26,28,32,31,22,35	4,7,5,4,6,4,6,4,5,6	28,26,25,20,28,19,19,23,37,25	150	75
1414	1,1,0,2,1,4,1,0,0,2	0,0,1,1,2,0,1,2,1,1	0,1,2,0,2,1,0,3,0,1	0,1,1,3,1,2,0,2,0,0	150	75
1415	1,1,2,0,0,0,0,0,0,2	11,14,9,11,11,11,10,7,12,6	2,0,2,1,2,2,5,2,1,0	16,10,16,15,11,17,19,17,17,11	150	75
1417	7,8,9,7,11,7,9,7,9,7	48,51,41,50,34,46,37,38,41,36	6,7,6,6,7,10,8,7,9,3	55,38,31,36,52,46,42,46,35,54	150	75
1418	0,0,0,2,0,0,1,0,0,0	0,0,0,2,0,0,1,0,0,0	0,0,0,0,0,0,1,1,0,0	0,0,0,0,1,0,0,1,1,0	150	75
1420	0,1,2,0,2,0,2,1,0,2	84,55,74,68,70,83,59,69,85,77	0,1,0,0,2,1,3,0,0,1	83,92,78,73,71,78,78,71,71,67	150	75
1422	1,5,4,4,2,2,1,5,2,4	137,109,102,92,102,113,103,75,88,113	1,2,4,5,4,2,2,3,1,3	129,118,103,93,103,118,105,102,112,84	150	75
1423	3,1,2,3,1,1,4,0,2,1	32,29,27,32,26,17,24,21,24,27	2,2,3,1,1,2,2,2,4,6	32,31,28,25,29,32,25,25,12,32	150	75
1424	1,1,0,0,3,0,2,1,1,0	26,23,21,28,13,19,21,12,18,11	1,0,0,1,0,0,0,2,0,3	17,15,9,14,30,20,22,12,24,21	150	75
1425	8,12,7,6,8,10,7,9,9,3	2,2,1,0,0,4,5,4,5,2	10,10,4,13,7,10,10,6,8,8	7,11,2,0,3,3,4,1,1,6	150	75
1426	12,6,9,18,11,7,23,18,12,6	9,15,11,10,10,9,11,12,4,16	8,15,15,9,7,16,7,8,25,22	13,17,3,21,14,10,21,9,12,9	150	75
1427	0,0,0,5,1,1,1,1,3,1	7,14,16,11,15,5,12,13,8,17	3,0,1,2,3,0,3,2,4,1	14,20,6,12,13,9,11,11,11,15	150	75
1428	6,4,3,7,1,4,4,4,8,3	12,10,10,13,14,10,16,9,13,15	4,4,3,5,0,5,3,4,10,5	9,16,9,17,7,10,16,13,14,17	150	75
1429	0,0,0,0,1,0,0,0,0,0	0,0,0,0,0,0,0,0,0,0	0,0,0,0,0,0,0,0,0,0	0,0,0,0,1,0,0,0,2,1	150	75
1430	1,1,0,3,4,2,4,2,3,4	3,1,2,5,5,3,3,1,1,1	3,1,0,4,2,1,3,4,4,2	2,2,3,2,3,5,3,6,2,2	150	75
1431	0,0,0,1,0,1,1,1,0,0	4,6,4,6,4,8,4,8,6,8	0,0,0,0,0,0,0,0,0,0	7,6,5,2,8,10,8,2,8,0	150	75
1432	1,2,2,2,2,3,2,2,2,1	653,640,656,592,618,552,538,513,538,546	5,4,0,2,0,2,0,2,3,2	638,661,565,504,613,638,574,514,496,590	150	75
1433	1,8,3,2,5,3,5,5,2,2	4,5,3,3,1,7,5,3,0,1	2,4,4,3,2,3,1,5,8,6	2,5,0,3,4,1,4,5,2,2	150	75
1434	7,3,10,4,4,7,10,11,9,2	7,2,5,3,4,2,5,3,2,3	2,7,5,7,7,9,5,4,6,6	4,3,8,8,6,4,4,6,5,3	150	75
1435	1,5,3,0,1,1,3,4,3,0	12,10,21,8,17,9,17,6,8,13	1,2,2,6,2,0,0,1,2,0	7,10,9,2,10,16,7,7,13,6	150	75
1436	0,0,1,0,0,0,0,0,0,0	0,0,0,0,0,1,0,1,0,0	0,0,0,0,0,0,0,0,0,0	0,0,0,0,1,0,0,0,0,0	150	75
1438	2,0,0,0,0,1,0,2,2,1	34,52,48,30,55,39,22,39,56,42	0,1,0,2,1,1,0,2,1,3	40,47,41,47,39,47,44,33,33,40	150	75
1439	2,0,3,1,0,0,0,1,2,0	47,58,37,33,30,36,34,34,32,37	0,0,3,3,0,0,0,3,1,1	36,34,25,27,41,42,50,34,33,26	150	75
1441	9,12,17,11,13,14,13,12,17,8	3,4,1,1,5,2,2,2,5,5	16,13,15,14,11,9,5,6,11,12	2,1,3,6,0,1,1,2,2,5	150	75
1442	1,2,2,6,3,2,0,1,2,3	59,45,53,46,54,56,47,28,48,49	3,2,2,1,1,3,1,0,2,1	68,58,71,41,60,57,59,42,64,56	150	75
1443	3,1,2,2,0,1,1,2,4,2	49,56,60,57,55,40,36,47,41,44	0,4,3,1,1,0,0,1,2,0	50,55,41,49,38,54,53,47,58,45	150	75
1444	3,10,3,4,8,5,4,4,10,0	80,65,77,67,63,77,57,53,87,81	6,4,5,5,2,4,5,6,4,4	66,73,48,52,62,62,59,58,55,69	148	75
1445	18,24,16,18,22,10,17,16,17,25	0,1,1,0,0,1,1,0,0,0	22,17,14,15,16,10,20,14,17,10	2,1,2,0,1,0,0,3,0,0	150	75
1446	23,30,24,23,26,19,23,19,21,30	3,1,1,2,0,0,1,0,5,2	25,23,20,20,24,17,29,19,25,18	1,1,2,1,1,0,1,0,0,1	150	75
1447	9,3,9,11,8,9,10,8,10,8	78,61,76,72,67,90,66,55,81,95	8,8,8,10,1,7,3,4,4,7	74,73,86,77,89,82,75,73,75,81	150	75
1448	6,14,7,12,8,8,14,11,15,6	78,86,98,56,71,76,71,77,75,70	8,11,4,11,9,7,9,11,7,15	60,95,86,92,78,75,77,74,73,72	150	75
1449	1,1,0,4,2,1,3,3,3,4	82,71,60,77,67,81,64,50,61,61	2,1,0,0,0,0,2,0,2,1	59,60,45,69,60,52,61,64,72,52	150	75
1450	3,5,3,9,3,5,8,8,3,7	9,3,7,5,6,2,1,6,5,5	5,5,5,3,0,2,5,3,5,2	6,2,7,4,7,4,8,6,4,4	150	75
1451	0,0,0,1,0,0,1,0,0,1	59,49,67,55,46,69,50,46,29,33	0,0,1,0,0,0,0,0,0,0	45,39,55,43,52,52,39,50,50,51	150	75
1452	1,3,1,1,3,2,3,1,0,2	77,91,96,75,76,75,59,55,75,59	0,2,2,4,1,2,1,3,1,4	92,99,67,61,69,74,98,70,87,77	150	75
1453	0,1,0,0,0,1,0,0,2,0	19,17,22,29,17,16,14,14,21,45	1,0,1,0,1,0,0,2,0,1	25,23,31,18,17,24,15,29,22,23	150	75
1454	3,1,5,0,1,2,0,2,5,2	91,83,120,75,105,83,89,66,91,83	3,1,2,4,1,0,0,0,0,1	79,99,84,101,87,100,102,86,94,83	146	75
1455	0,0,0,0,0,0,0,1,0,0	123,139,152,124,117,137,98,98,116,114	0,0,0,0,0,0,1,0,0,0	119,152,129,113,113,101,129,133,154,123	150	75
1457	1,1,1,1,0,2,0,1,0,2	1,0,0,2,0,0,0,0,1,0	1,2,3,1,3,1,4,0,0,0	1,0,0,0,4,0,0,0,0,0	150	75
1458	1,1,0,1,0,1,0,1,0,1	45,47,50,37,28,34,37,43,36,32	0,1,2,1,1,1,0,0,0,0	35,53,38,40,26,35,44,35,39,38	150	75
1459	5,5,7,7,3,3,5,4,3,1	37,38,31,27,17,23,17,29,27,16	2,4,3,10,3,2,2,4,3,4	23,18,17,29,22,26,20,27,34,35	150	75
1460	2,0,1,4,1,1,3,6,9,4	12,13,15,13,7,14,13,14,10,10	2,4,2,5,2,7,1,7,2,2	14,13,12,12,15,9,9,6,11,17	150	75
1461	0,1,0,0,0,0,0,0,0,0	103,90,91,83,90,81,74,66,78,55	0,1,0,1,0,1,0,2,0,0	78,86,94,76,79,88,82,91,74,78	150	75
1462	23,18,17,11,16,20,19,12,23,17	5,6,2,4,1,7,6,3,2,7	21,19,3,11,6,11,6,16,20,15	5,6,1,4,3,6,2,4,1,1	150	75
1463	1,0,0,0,0,0,1,0,0,0	4,7,2,3,4,1,4,7,1,1	0,0,0,0,0,0,0,0,0,0	4,2,3,1,3,1,6,0,1,2	150	75
1466	6,0,3,2,5,5,3,5,1,1	7,7,15,4,5,7,1,5,4,9	2,2,3,3,8,2,3,6,1,5	6,15,2,7,9,5,10,10,5,8	150	75
1467	5,9,4,7,6,4,6,13,9,4	71,76,65,43,43,42,49,46,64,57	10,12,5,12,6,7,6,9,6,6	67,65,58,66,52,53,58,66,79,84	150	75
1468	6,8,8,5,8,3,11,10,12,6	84,98,71,67,75,88,68,63,65,73	6,7,4,7,12,10,5,6,10,3	88,67,68,93,79,72,83,74,89,78	150	75
1469	5,4,4,1,4,6,5,1,2,2	8,10,10,17,13,15,5,4,8,4	3,0,5,1,4,2,3,5,3,1	18,6,8,25,12,29,7,5,24,10	150	75
1470	111,123,84,128,90,140,121,84,71,79	0,2,1,1,5,1,3,1,3,1	85,65,80,73,112,64,140,112,84,108	5,2,0,2,4,4,3,7,2,1	150	75
1471	6,11,6,10,12,16,11,6,7,9	1,0,0,0,0,0,0,0,0,0	12,7,16,13,12,13,5,8,8,14	0,0,0,0,0,0,1,0,0,0	150	75
1472	9,11,6,9,11,17,13,6,8,8	207,205,261,177,204,228,186,202,190,213	12,7,14,8,12,13,5,7,8,11	201,202,203,180,190,211,233,190,199,230	150	75
1473	442,211,421,415,380,457,379,357,345,419	134,63,127,101,118,118,108,95,114,107	206,373,370,199,203,420,417,367,175,403	45,121,91,55,67,110,137,134,50,119	150	75
1474	1,1,1,0,0,1,3,1,2,4	62,70,87,60,68,87,52,67,61,62	0,0,0,1,0,1,1,1,0,1	75,50,63,71,82,72,66,66,75,59	150	75
1475	4,1,6,2,2,4,1,3,0,2	61,52,57,51,48,61,65,41,50,58	4,2,2,2,2,3,1,6,4,2	58,48,49,63,38,46,54,57,66,49	150	75
1477	12,4,15,11,7,5,4,6,3,4	1,3,1,0,2,4,3,0,2,0	6,10,9,7,6,7,4,8,7,4	4,1,3,2,0,1,2,1,0,2	150	75
1479	0,2,0,3,1,3,0,3,0,1	1,0,0,0,0,0,0,1,0,0	1,1,1,2,1,2,1,0,0,0	0,0,0,0,0,1,0,0,0,0	150	75
1480	0,0,0,0,0,0,0,0,0,1	2,3,4,3,3,4,4,1,1,5	0,0,0,0,0,0,0,0,0,0	4,2,0,0,0,2,4,3,2,0	150	75
1481	76,73,73,55,69,47,65,61,67,77	4,4,8,5,4,5,6,3,2,2	57,74,46,72,55,63,57,41,69,66	2,4,4,3,11,1,2,3,4,5	150	75
1483	0,2,0,0,0,0,0,0,0,0	10,12,17,13,17,10,13,12,9,20	0,0,0,1,0,0,0,0,0,0	8,17,10,10,21,15,9,5,10,9	150	75
1484	38,27,39,32,35,18,35,29,37,33	0,0,3,1,3,1,1,4,1,4	25,49,32,33,19,40,25,33,31,26	5,4,3,3,0,4,4,3,4,2	150	75
1485	5,3,3,2,6,4,5,3,5,2	55,57,44,58,51,67,54,45,62,49	1,4,4,3,2,6,2,4,4,13	50,47,54,55,61,67,51,53,55,64	150	75
1486	2,2,10,5,2,3,7,2,4,5	63,50,42,51,46,57,40,41,49,50	5,3,3,3,2,1,3,5,4,6	61,50,66,68,37,47,64,44,39,67	150	75
1487	0,1,0,0,0,0,0,0,0,0	0,0,1,1,0,0,0,0,0,0	2,1,2,1,0,0,0,1,1,0	0,0,0,0,0,1,0,0,0,0	150	75
1488	0,1,0,1,1,0,0,0,0,1	20,17,20,10,11,10,7,5,17,17	0,0,0,0,0,0,0,1,0,0	17,17,8,9,24,19,14,19,17,6	150	75
1489	3,3,4,1,9,2,5,12,3,1	5,11,10,8,10,23,14,6,10,13	2,3,5,3,3,5,3,4,4,6	10,15,8,10,12,15,10,9,13,9	150	75
1490	4,2,2,0,3,1,0,2,2,2	10,4,5,7,3,11,7,11,2,2	1,3,4,1,3,0,1,0,0,2	15,11,5,6,15,15,2,6,8,13	150	75
1492	1,3,1,0,0,2,2,5,1,3	6,15,12,6,4,11,6,9,2,7	1,5,4,4,3,1,1,2,4,5	9,8,5,7,4,4,7,7,11,8	150	75
1493	4,1,2,0,1,0,0,1,2,2	0,0,0,0,0,0,0,0,0,0	1,1,1,1,3,0,1,0,0,2	0,0,1,0,0,0,0,0,0,0	150	75
1494	0,1,0,1,1,0,0,0,1,0	14,11,8,18,14,30,16,25,21,9	0,2,0,1,0,0,0,0,0,1	11,14,15,16,9,12,9,15,13,11	150	75
1498	0,0,0,0,0,0,0,1,0,1	23,15,17,15,19,15,11,9,10,24	0,0,1,1,1,0,0,0,0,0	14,19,10,13,10,18,24,18,18,22	150	75
1500	21,20,14,10,13,22,18,23,15,11	542,558,545,492,486,516,463,395,432,449	15,21,25,9,8,13,15,8,23,20	453,527,531,438,497,527,469,445,471,449	150	75
1502	1,2,2,2,2,0,0,2,3,1	199,171,201,161,164,192,150,166,165,172	2,4,2,5,1,2,3,0,2,2	192,194,161,164,189,170,160,166,172,154	150	75
1503	8,9,4,3,4,2,3,2,10,8	4904,4733,4986,4368,4456,4683,4107,3900,4133,4532	3,4,5,6,1,4,2,3,2,3	4192,5067,4620,4444,4636,4756,4555,4439,4127,4087	150	75
1504	4,8,9,10,6,3,4,5,6,15	2581,2901,3106,2612,2725,2414,2319,2071,2067,2658	2,8,8,9,10,8,4,5,6,7	2336,3130,2549,2232,2639,2689,2270,2624,2148,2371	150	75
1505	125,113,106,78,96,107,110,83,101,103	11,4,8,5,6,5,3,2,1,13	94,125,84,76,107,106,104,106,68,86	9,10,5,5,2,6,3,9,11,6	150	75
1506	2,4,4,7,1,1,4,5,1,4	895,960,853,680,931,1053,762,635,775,744	4,2,3,3,4,1,2,2,1,3	754,762,721,713,726,651,769,797,697,744	150	75
1508	0,0,0,0,0,0,0,1,0,0	0,0,0,0,0,0,0,0,0,0	0,0,0,0,0,0,0,0,0,0	0,0,1,1,0,0,0,0,0,0	150	75
1510	0,0,0,0,0,0,0,0,0,0	0,0,0,0,0,0,0,0,1,0	1,1,0,1,1,0,3,0,1,0	0,0,0,0,0,0,0,0,0,0	150	75
1512	2,1,0,2,2,3,1,1,0,1	0,0,0,0,0,0,0,0,0,0	1,2,0,2,1,0,0,0,2,0	0,0,0,0,0,0,0,0,1,0	150	75
1513	2,3,0,2,1,3,0,2,3,1	81,85,96,64,71,85,66,61,78,73	5,3,0,3,3,1,2,0,9,5	70,71,92,67,72,80,97,72,67,64	150	75
1514	5,5,8,6,3,2,5,3,1,3	342,277,407,309,310,312,290,248,267,301	5,4,2,3,6,6,4,2,3,4	330,335,294,262,302,314,310,319,285,302	150	75
1515	1,0,0,1,0,0,0,1,0,0	0,0,0,0,0,0,0,0,0,0	1,1,0,1,1,1,0,1,3,0	0,0,0,0,1,0,0,0,0,0	150	75
1516	2,1,0,0,0,0,0,2,0,2	0,0,2,0,0,0,1,0,0,0	1,2,1,1,0,1,2,0,1,1	0,0,0,0,1,0,0,0,0,1	150	75
1517	3,3,2,3,1,1,1,1,1,1	11,7,10,8,6,4,7,3,13,6	2,0,1,2,2,2,1,0,0,0	6,10,8,9,10,6,7,11,6,4	150	75
1518	2,6,1,4,3,4,0,4,2,1	73,61,79,38,27,42,59,42,52,58	2,1,4,1,0,0,4,3,2,2	53,54,59,52,59,45,63,44,59,42	150	75
1519	2,0,0,0,0,0,2,1,2,0	77,72,69,61,62,68,51,53,57,65	2,2,2,0,0,2,0,1,0,4	58,54,56,63,61,72,66,56,54,65	150	75
1520	11,5,9,5,11,6,15,9,10,2	47,62,54,46,34,52,44,46,47,46	11,6,9,10,12,7,3,8,8,4	52,66,27,50,45,65,66,38,42,46	150	75
1521	2,6,5,4,4,5,5,2,3,8	1,0,0,0,0,0,0,0,0,0	3,3,4,3,2,7,1,1,3,3	0,0,0,0,0,0,0,0,0,0	150	75
1522	0,2,0,0,1,1,0,0,0,1	23,15,22,20,15,25,25,13,18,13	0,0,0,0,0,0,1,0,1,1	20,23,15,16,25,16,25,17,13,17	150	75
1523	36,28,35,34,21,15,33,28,26,27	298,304,326,278,304,296,260,243,276,326	29,23,32,27,24,25,28,23,24,35	250,335,286,285,264,273,258,289,261,263	150	75
1524	4,0,4,1,0,0,3,6,2,0	2,4,0,2,0,1,2,3,2,1	4,2,0,0,2,2,1,2,3,2	1,3,2,3,7,4,4,0,1,3	150	75
1525	1,0,0,0,1,0,0,0,0,0	2,1,2,0,8,2,7,1,3,0	0,1,0,0,0,0,0,0,1,1	3,2,4,6,1,2,3,0,2,1	150	75
1526	0,1,0,0,0,1,0,1,1,1	0,1,0,2,0,2,0,0,0,0	0,1,0,1,0,0,1,1,1,2	0,3,0,3,0,0,0,0,0,1	150	75
1527	1,3,4,2,2,2,2,4,2,1	24,21,26,27,19,22,13,13,22,15	1,6,1,1,1,3,2,4,0,1	19,27,20,15,12,16,17,25,13,23	150	75
1529	2,1,0,0,1,0,1,1,0,1	21,21,29,26,16,16,19,14,20,26	0,2,1,0,1,1,0,4,4,1	32,24,21,21,29,32,37,30,26,17	150	75
1530	7,8,10,5,10,8,6,8,9,12	0,1,0,1,0,0,2,2,0,1	16,16,8,23,15,12,14,11,14,8	0,0,0,0,0,1,1,1,0,0	150	75
1531	0,2,1,0,0,1,1,0,0,0	43,43,46,35,53,48,50,41,43,48	0,0,1,0,0,0,3,0,0,1	35,52,31,43,43,50,44,41,41,32	150	75
1532	60,76,66,55,52,73,62,56,46,58	1,1,1,0,2,1,0,0,0,1	50,48,49,61,65,44,59,36,47,53	3,0,0,1,0,0,2,0,2,1	150	75
1533	1,0,1,1,2,1,3,1,2,4	33,17,16,14,19,20,19,17,15,23	2,2,5,0,2,1,4,3,0,1	20,20,12,21,10,14,18,19,15,22	150	75
1534	0,3,2,1,1,1,1,1,0,2	21,30,24,14,14,14,14,7,12,28	0,0,0,2,1,1,1,5,0,2	12,12,17,10,15,18,21,14,8,15	150	75
1535	0,0,0,0,0,0,0,0,0,0	26,35,24,25,26,25,14,26,30,32	0,0,0,0,1,0,0,1,0,1	27,27,25,27,23,20,27,21,37,36	150	75
1536	21,19,11,17,11,10,14,10,13,11	1,0,0,0,0,0,0,0,0,1	6,22,7,22,13,11,15,12,9,16	1,0,0,0,1,0,0,0,0,0	150	75
1541	1,1,1,0,2,1,2,1,5,1	75,85,108,73,89,94,73,64,85,98	1,0,1,3,2,1,1,1,1,7	74,88,92,65,103,102,92,66,87,67	150	75
1542	2,0,4,2,1,2,5,3,3,2	112,114,86,103,72,131,60,80,96,88	1,1,0,6,1,5,2,5,2,2	104,98,97,104,101,87,89,90,80,87	150	75
1543	1,1,0,0,0,0,1,1,3,1	26,43,33,40,40,25,29,41,33,29	0,0,0,0,0,1,0,0,0,1	26,35,32,53,18,34,36,44,47,38	150	75
1544	1,0,2,2,0,1,4,5,0,0	19,15,20,14,10,25,13,13,19,10	1,3,2,3,4,4,2,1,2,2	13,12,15,18,8,10,13,7,20,13	150	75
1545	1,1,0,0,0,0,0,0,0,1	5,7,6,3,6,7,9,10,4,7	0,0,0,0,1,0,0,0,2,0	11,4,1,3,7,14,16,9,4,5	150	75
1546	10,6,8,3,6,11,11,13,10,4	59,48,60,34,31,30,39,50,33,47	3,9,10,1,13,4,3,3,5,5	41,49,69,35,62,37,45,48,21,35	150	75
1547	14,9,10,4,9,10,11,15,14,5	4,6,4,7,3,3,4,2,3,6	7,14,11,5,9,5,12,7,11,9	4,4,5,4,1,2,3,2,3,1	150	75
1548	17,16,12,13,9,10,19,10,23,10	62,43,74,49,47,48,44,49,54,59	19,18,7,12,12,11,19,16,23,16	50,69,47,49,46,50,60,66,52,73	150	75
1549	3,1,1,0,2,1,1,3,5,0	28,23,39,27,35,27,29,28,23,35	1,2,0,2,0,0,1,1,4,1	29,36,27,20,29,28,21,41,36,27	150	75
1550	0,0,2,0,0,0,0,5,2,0	426,364,401,334,426,400,348,288,310,383	1,2,1,3,1,0,0,0,3,0	383,426,319,341,312,353,386,347,376,362	150	75
1551	3,2,6,6,3,5,9,2,2,5	70,40,53,34,49,37,46,29,41,50	4,7,3,9,7,3,6,9,3,5	54,49,41,58,66,64,40,56,55,51	150	75
1552	6,16,3,9,6,0,4,7,9,1	11,6,1,1,5,8,10,5,8,5	3,4,0,3,5,3,9,7,5,1	7,2,8,6,5,9,8,5,6,4	150	75
1553	0,5,0,0,0,0,0,2,0,0	13,13,20,18,6,11,9,15,16,5	1,0,0,0,0,0,4,0,1,0	9,9,15,6,14,11,15,22,7,11	150	75
1554	4,9,10,12,5,10,6,6,7,10	3,2,3,2,0,1,2,2,1,2	5,8,4,7,5,0,4,8,3,2	0,1,6,1,0,1,2,0,0,4	150	75
1555	0,0,0,0,0,0,0,0,0,1	5,7,4,5,7,10,10,6,5,8	0,0,0,1,0,0,0,0,0,1	12,6,3,3,4,2,6,8,8,4	150	75
1556	0,0,0,0,1,1,0,0,3,0	51,38,46,38,45,53,36,32,30,29	0,0,0,1,1,2,0,0,1,1	40,52,41,23,34,39,34,29,30,47	150	75
1557	5,4,7,3,8,4,7,7,11,6	10,13,15,9,13,7,8,4,10,6	11,5,4,3,6,4,7,11,5,6	6,12,6,3,16,5,7,7,8,12	150	75
1558	4,2,7,5,4,5,6,4,6,5	88,98,117,71,100,90,106,75,84,80	2,7,3,5,7,3,6,5,5,5	118,88,89,77,115,99,115,79,100,98	150	75
1559	9,18,10,10,9,14,11,14,14,6	0,0,0,0,0,0,0,0,0,0	16,19,13,14,10,17,11,13,11,15	0,0,0,1,0,0,0,0,0,0	150	75
1560	1,0,1,0,0,1,0,1,0,0	1,0,0,5,2,3,1,0,0,2	0,0,0,0,1,0,2,0,1,0	0,1,1,0,0,3,0,0,0,0	150	75
1562	50,53,55,38,55,30,40,43,48,51	2,0,1,2,1,1,1,4,1,1	45,44,33,50,47,44,55,35,47,50	0,0,0,1,2,1,1,3,5,1	150	75
1563	32,25,27,21,40,20,30,28,35,31	1,1,0,1,2,0,0,0,1,0	25,20,21,34,28,31,36,26,31,29	0,1,0,6,0,0,1,4,2,5	150	75
1564	6,4,7,5,7,4,6,6,8,3	13,10,11,14,8,13,4,13,13,14	2,2,2,8,3,9,5,10,5,7	11,15,6,13,11,9,18,9,12,11	150	75
1565	0,0,1,0,1,1,0,1,1,0	4,5,2,1,1,4,0,4,1,4	3,2,1,0,0,1,1,0,1,2	0,3,1,4,6,3,3,4,3,7	150	75
1566	1,0,0,0,0,0,0,1,0,0	97,94,82,85,65,97,60,92,83,87	2,2,0,3,0,2,0,3,0,1	77,96,54,82,88,85,91,80,69,84	150	75
1567	82,58,80,57,58,73,53,79,77,82	3,2,2,1,5,0,3,3,4,2	71,89,56,64,79,76,66,64,64,77	3,4,2,2,0,2,7,1,2,0	150	75
1568	1,4,4,2,3,1,1,0,0,1	5,13,8,7,13,3,6,7,6,10	2,3,0,1,0,1,0,2,2,0	4,12,8,3,5,11,5,6,2,4	150	75
1569	7,8,2,3,2,6,3,5,5,2	1,0,0,1,0,0,0,0,0,0	3,1,1,2,4,5,4,0,3,11	0,0,0,0,0,0,0,0,0,1	150	75
1570	3,5,0,2,2,2,2,2,0,0	3,6,4,5,6,4,2,5,4,1	2,1,1,1,2,3,1,0,2,8	10,11,7,6,5,4,7,5,5,7	150	75
1571	2,3,0,3,4,0,1,6,2,1	0,0,0,0,3,0,0,0,0,0	3,9,3,3,0,11,3,1,2,10	0,0,0,0,0,0,0,0,0,0	150	75
1573	3,2,2,5,2,4,5,3,2,4	50,59,64,55,40,72,57,48,58,61	4,7,1,2,3,3,4,1,8,8	50,60,61,63,51,53,64,67,47,52	150	75
1576	0,0,0,0,2,0,1,0,0,0	3,1,1,0,1,0,1,0,4,4	1,0,0,2,0,0,0,0,0,2	1,2,2,0,1,0,2,0,4,1	150	75
1578	0,1,0,2,1,0,1,1,1,3	7,22,19,7,9,18,15,9,13,21	2,2,1,3,3,2,6,2,4,3	16,14,10,14,21,9,23,29,8,13	150	75
1579	44,60,44,41,41,34,27,29,47,33	1,3,2,2,0,0,5,1,1,1	29,44,29,57,36,46,49,31,43,52	0,4,2,1,0,5,3,2,1,4	150	75
1580	0,0,0,0,1,0,1,0,0,0	73,46,41,32,39,42,36,37,62,51	0,0,0,1,1,1,0,0,1,1	46,48,38,73,36,37,49,66,33,43	150	75
1581	0,0,0,0,0,0,1,0,0,0	96,108,106,72,88,76,63,78,107,77	0,0,0,0,0,0,0,0,0,0	98,97,90,111,66,88,118,110,87,92	150	75
1582	4,1,5,9,2,0,2,4,9,1	94,101,74,86,61,92,75,79,101,104	3,4,2,2,2,2,2,6,2,0	70,84,74,90,88,99,95,67,78,75	150	75
1583	0,1,1,3,1,2,3,0,1,6	32,37,41,52,43,43,30,32,43,48	0,6,0,0,1,3,0,0,2,1	32,42,39,33,42,43,37,36,39,26	150	75
1584	76,92,95,79,87,86,86,55,102,93	0,0,1,1,1,0,1,2,1,1	83,63,90,72,91,80,76,72,69,47	2,2,2,2,0,1,3,1,0,0	150	75
1585	2,7,3,3,6,4,4,1,5,1	0,0,1,0,0,0,0,0,0,0	4,2,1,7,3,4,7,2,0,3	0,1,1,0,0,0,0,0,1,0	150	75
1586	2,7,3,2,6,4,4,1,4,1	0,0,0,0,0,0,0,0,0,1	4,2,0,5,3,3,7,1,0,3	0,1,0,0,1,0,0,0,1,1	150	75
1587	30,11,26,11,18,2,4,28,14,18	0,0,3,0,1,0,0,1,3,0	5,31,13,10,12,30,11,4,3,4	0,0,0,0,0,0,1,0,0,1	150	75
1588	27,22,17,32,9,24,28,25,15,19	1,0,2,0,1,2,2,0,2,0	40,17,9,15,28,19,51,28,20,25	0,0,0,0,0,1,0,3,0,0	150	75
1589	0,0,0,0,0,0,0,0,0,2	0,0,0,0,1,0,0,0,0,0	0,0,0,0,0,0,1,0,0,1	0,0,0,0,0,0,0,0,0,0	150	75
1590	6,21,17,16,13,10,18,11,14,6	86,83,107,63,95,97,51,57,68,82	9,12,9,14,13,10,12,12,10,10	64,93,54,66,76,74,69,69,74,95	144	75
1592	101,89,92,104,113,96,92,80,96,87	112,115,119,120,112,122,78,95,107,102	94,81,90,90,86,87,86,79,99,55	117,95,103,118,114,101,111,109,127,62	150	75
1594	15,16,18,16,15,10,10,25,20,14	57,49,65,55,48,44,74,54,61,51	10,21,10,16,19,18,13,15,14,9	62,45,46,56,46,64,45,55,62,43	150	75
1595	2,1,6,8,4,1,3,0,0,5	0,0,0,0,0,0,0,0,1,0	4,4,2,2,4,3,1,0,1,3	0,0,1,0,0,0,0,0,0,0	150	75
1596	0,0,0,0,0,0,0,0,0,0	64,66,64,67,66,60,40,48,56,61	0,2,2,2,0,2,1,0,0,0	55,71,64,60,64,56,68,43,59,68	150	75
1600	0,2,0,5,2,3,2,3,0,3	4,1,1,3,1,2,7,1,2,1	2,6,4,0,11,4,2,8,6,1	0,5,2,1,7,3,4,5,5,1	150	75
1601	0,2,1,2,1,2,2,0,0,3	0,0,0,1,0,0,0,0,0,0	1,3,3,0,4,2,2,9,6,6	0,0,0,0,0,0,0,0,0,0	150	75
1602	0,0,1,1,0,0,2,2,0,0	3,13,10,13,7,12,16,7,7,6	1,1,1,0,2,0,0,1,3,5	5,8,11,9,14,2,7,8,8,7	150	75
1603	2,1,3,3,0,0,6,2,0,5	2,5,4,6,6,3,6,3,2,0	0,3,5,1,0,1,1,1,0,1	3,9,5,7,4,4,3,8,4,5	150	75
1605	0,1,0,2,0,0,0,0,1,0	8,8,4,6,6,3,2,6,3,4	1,2,0,0,1,0,0,1,1,0	1,3,2,9,2,2,4,2,6,0	150	75
1606	15,14,18,24,11,17,25,11,13,15	0,0,0,1,1,1,0,1,0,0	7,9,12,17,12,21,21,11,10,26	1,0,0,0,0,0,0,0,0,1	150	75
1607	1,7,7,7,4,8,5,5,3,3	27,19,15,22,31,15,18,21,12,18	3,6,1,5,4,9,7,5,3,11	21,16,19,13,17,13,22,26,30,17	150	75
1608	0,0,0,0,0,0,1,1,0,0	3,10,6,11,9,11,10,8,9,13	0,2,1,1,0,0,0,0,0,0	5,12,5,9,7,6,10,3,17,8	150	75
1609	1,3,2,2,2,0,6,1,4,2	2,4,6,6,0,1,6,6,5,4	4,4,2,2,1,0,2,3,2,5	2,4,0,5,4,5,4,7,5,5	150	75
1610	2,4,4,3,4,0,1,1,2,1	8,3,3,2,2,5,2,4,5,9	0,3,1,2,2,5,2,0,1,4	1,2,2,3,3,6,3,3,1,3	150	75
1611	6,2,3,5,3,1,1,2,1,4	62,53,58,47,59,48,47,46,47,66	1,3,3,5,1,7,2,4,3,3	66,82,54,56,53,69,52,39,52,48	150	75
1612	2,3,4,0,0,1,4,0,0,0	9,13,10,10,8,8,8,7,11,11	0,0,0,0,0,0,2,0,0,0	7,9,4,8,4,6,9,7,9,10	149	75
1614	8,8,11,14,13,14,10,5,19,4	0,2,1,2,1,4,1,0,1,1	6,7,5,6,12,11,16,8,10,6	2,1,1,0,2,0,0,2,4,0	150	75
1615	0,1,0,0,0,0,0,2,0,0	136,148,155,128,128,137,147,149,138,134	2,0,0,3,1,0,0,2,0,0	142,149,141,139,152,153,141,140,128,121	150	75
1616	72,69,88,62,47,76,76,77,81,78	6,2,6,3,6,4,1,6,4,4	73,69,57,71,74,74,72,76,51,66	6,1,2,4,5,1,6,2,2,3	150	75
1617	3,3,2,0,2,0,2,0,0,2	112,99,104,91,85,79,70,76,98,89	2,4,3,3,0,1,2,3,2,6	97,92,67,87,93,95,94,95,92,84	150	75
1618	0,0,0,1,1,1,1,0,0,0	74,59,66,56,55,40,63,45,58,60	0,0,0,0,0,0,0,0,0,1	43,55,60,63,56,55,46,43,48,40	150	75
1619	0,0,0,0,0,0,0,0,0,2	7,5,5,9,3,4,7,7,7,6	0,0,0,0,0,0,0,0,0,0	6,6,5,6,7,2,3,6,3,5	150	75
1620	59,51,56,59,52,41,33,32,47,54	126,126,142,117,134,132,89,91,113,112	56,45,51,35,52,54,49,47,52,42	132,127,112,120,127,121,131,111,140,101	150	75
1621	0,1,1,0,1,0,0,0,1,0	54,50,62,43,49,56,37,33,43,62	0,2,1,0,0,0,1,1,1,1	53,52,49,59,49,44,41,48,44,46	150	75
1622	7,2,2,2,2,2,2,1,3,0	636,606,649,549,497,527,550,504,575,593	6,2,3,4,0,4,4,1,4,3	574,554,475,510,571,702,654,544,525,618	150	75
1624	6,9,3,5,5,6,4,9,8,7	119,100,102,76,90,79,70,80,80,94	6,3,1,9,5,5,8,12,8,8	79,90,75,77,106,76,94,65,85,79	150	75
1625	0,2,1,1,1,1,1,1,0,1	132,133,158,107,129,134,99,106,109,125	0,1,2,1,2,2,1,0,1,0	128,142,87,107,119,112,156,101,98,102	150	75
1626	0,0,0,0,0,0,0,0,1,0	4,5,4,2,7,3,5,5,5,2	1,0,0,0,1,0,0,0,0,0	5,7,3,5,2,4,3,2,3,7	150	75
1627	1,1,1,1,0,2,0,0,0,2	3,3,5,3,5,3,6,1,1,2	0,0,2,0,0,0,0,0,1,1	4,3,4,3,3,4,3,3,1,2	150	75
1628	0,0,0,0,0,0,0,0,0,0	9,15,20,14,5,13,16,9,7,5	0,2,0,1,0,0,0,0,0,0	11,12,8,10,9,9,7,9,13,10	150	75
1629	10,6,4,11,1,5,9,2,6,8	58,40,58,36,35,33,51,33,32,54	9,7,7,6,8,5,4,6,6,2	44,33,39,32,38,32,45,36,45,33	150	75
1630	25,18,16,15,21,20,23,21,21,20	43,54,63,41,38,36,38,34,45,56	36,28,18,16,20,23,17,15,19,27	41,40,37,30,45,50,39,33,35,27	150	75
1632	43,35,37,35,25,26,28,22,34,20	26,34,20,19,20,22,24,14,17,17	24,39,31,38,27,32,38,34,41,33	25,24,15,16,28,20,26,24,15,17	150	75
1633	6,3,6,5,3,2,0,1,4,1	81,69,85,63,63,64,61,63,44,61	3,2,2,2,0,2,1,3,1,6	80,74,77,57,71,74,60,42,51,65	150	75
1634	7,2,5,8,6,2,8,4,3,6	73,71,80,61,68,74,66,49,85,62	1,0,4,3,4,4,2,5,1,3	75,56,49,75,70,70,64,61,62,62	150	75
1635	0,0,0,0,0,1,0,0,0,0	46,27,29,24,15,21,25,29,27,43	0,0,0,0,0,0,0,0,0,0	16,45,25,30,25,26,26,24,17,11	150	75
1637	6,1,3,1,0,0,0,3,2,1	0,0,0,0,0,0,0,0,0,0	4,0,0,2,1,0,1,0,0,2	0,0,0,0,2,0,1,0,0,0	144	75
1638	6,1,3,1,0,0,0,3,2,1	17,18,7,9,8,5,2,6,10,11	4,0,0,2,1,0,2,0,0,2	7,18,6,12,14,5,3,6,8,8	150	75
1639	8,7,6,7,7,5,14,9,10,4	22,23,14,19,16,24,19,11,14,16	6,11,3,10,7,7,4,4,4,8	14,30,19,18,20,12,9,16,7,17	150	75
1640	1,0,0,1,0,0,1,1,0,0	19,22,36,25,24,22,29,22,23,25	0,0,4,0,1,3,0,0,1,0	18,28,21,26,31,21,25,24,23,15	150	75
1641	6,4,4,4,5,6,5,2,6,1	29,28,25,13,22,22,24,27,17,24	2,2,0,6,2,1,2,0,2,3	14,29,17,20,20,15,12,18,23,17	150	75
1642	3,0,0,1,0,0,2,1,0,2	16,24,29,21,14,18,19,14,15,26	2,0,0,3,0,2,2,0,0,0	14,21,15,17,14,20,22,11,19,18	150	75
1643	3,0,0,0,0,0,2,1,0,2	1,0,0,0,0,0,0,0,0,0	2,0,1,3,0,2,2,1,0,0	0,1,1,0,2,1,0,2,0,0	150	75
1644	0,0,0,0,0,0,0,0,1,0	0,0,0,0,0,0,0,0,0,0	0,0,0,0,0,1,0,0,0,0	0,0,0,0,0,0,1,0,0,0	150	75
1645	3,3,0,3,1,4,0,3,1,0	7,9,10,4,16,12,8,7,7,8	1,0,0,3,0,1,1,1,1,2	14,15,12,10,14,6,10,17,8,15	150	75
1646	1,0,0,2,0,0,0,0,0,0	24,27,37,26,27,22,14,41,34,35	0,0,0,0,0,0,0,0,1,0	18,32,30,21,21,28,34,28,25,38	150	75
1647	3,0,2,1,0,1,0,0,2,1	22,31,19,16,11,29,22,15,27,12	0,0,1,0,0,0,4,1,0,0	22,23,15,14,25,15,15,22,20,22	150	75
1648	0,0,4,1,0,0,0,1,0,0	3,5,2,3,1,5,3,4,3,1	0,0,0,2,0,0,0,0,1,0	4,5,1,7,2,0,4,2,1,3	150	75
1649	3,0,1,3,0,0,2,0,1,0	8,13,19,12,12,21,17,13,9,13	0,1,3,1,1,0,1,0,0,0	16,18,13,11,13,14,11,14,18,20	150	75
1651	1,0,1,2,0,1,5,3,0,0	7,17,16,14,7,10,7,12,12,8	0,4,2,3,1,4,0,0,4,3	15,10,9,12,14,8,16,13,5,11	150	75
1652	1,4,6,8,4,1,6,4,6,3	17,30,22,27,21,24,13,28,21,25	0,2,2,4,4,6,3,2,3,3	28,21,14,20,26,24,30,23,25,23	150	75
1653	16,23,9,13,24,17,22,23,20,7	63,77,75,54,50,78,68,59,58,76	9,28,22,18,11,11,18,22,23,26	63,70,59,52,77,69,55,61,57,62	150	75
1654	14,18,12,18,17,12,21,19,10,14	59,57,49,41,51,43,52,37,40,43	14,27,19,14,13,11,10,14,17,16	55,45,36,53,56,38,33,48,42,25	150	75
1655	4,2,2,4,6,4,4,4,7,2	441,456,446,398,363,447,383,388,391,334	6,2,4,9,4,4,6,6,6,2	419,494,359,317,329,427,401,369,349,413	150	75
1656	0,5,16,7,9,4,10,6,5,3	0,1,3,0,0,3,0,0,0,0	10,9,3,3,5,3,5,3,6,4	0,0,0,0,0,0,0,1,0,0	150	75
1657	2,0,0,2,0,0,1,1,0,1	13,9,14,8,11,17,6,12,15,22	1,0,0,1,0,1,1,0,0,0	8,6,14,13,13,12,14,7,14,6	150	75
1659	1,1,1,2,1,1,1,1,3,0	0,0,0,0,0,0,0,0,0,0	1,0,1,1,0,0,0,0,0,0	0,0,2,0,0,0,0,0,0,0	150	75
1661	0,0,0,2,0,0,0,0,0,3	19,13,11,17,4,6,6,8,8,12	0,0,0,1,0,2,0,1,0,0	10,10,5,9,8,10,11,12,8,14	150	75
1662	0,1,0,0,0,0,1,0,1,0	1,0,0,0,1,1,0,0,1,0	2,1,2,0,0,0,0,0,0,1	0,0,1,0,0,0,1,0,0,0	150	75
1663	0,1,0,0,0,1,0,0,0,0	13,10,11,15,12,11,7,14,10,5	0,0,0,0,0,0,0,0,0,0	12,16,19,8,9,12,8,6,15,10	150	75
1664	16,7,9,11,17,13,14,18,9,8	1,2,0,2,1,1,0,1,0,1	14,9,11,10,11,10,11,12,13,6	1,1,0,0,1,1,1,2,1,0	150	75
1665	2,5,3,4,3,1,10,5,10,2	21,19,8,9,12,17,11,13,9,6	5,1,3,4,3,5,4,9,2,2	14,12,20,12,15,10,10,14,8,11	150	75
1666	0,0,3,3,3,2,4,4,8,2	0,0,0,0,0,0,0,0,0,0	4,1,2,5,3,3,3,6,2,0	1,0,0,0,0,0,0,0,0,0	150	75
1667	0,0,2,0,1,2,1,1,4,4	11,17,3,10,10,7,6,13,11,2	1,0,0,3,3,0,2,4,2,0	15,5,7,6,10,8,13,12,2,12	150	75
1668	0,0,2,2,4,0,0,0,1,1	7,13,6,6,10,11,7,7,13,6	1,1,0,0,1,0,0,1,3,2	12,6,3,6,11,1,10,5,7,6	150	75
1669	4,0,3,2,1,2,7,0,2,0	14,11,11,11,10,22,6,9,14,10	2,4,2,2,3,1,2,5,5,4	15,13,15,15,11,1,13,5,13,10	150	75
1670	1,2,1,0,1,3,2,0,0,0	107,111,98,103,82,84,66,74,79,89	0,0,0,2,1,0,1,1,2,1	74,92,96,87,94,95,108,74,78,64	150	75
1671	0,0,1,0,1,0,2,0,0,2	17,24,18,11,22,21,17,11,19,16	1,1,2,0,0,2,2,2,0,0	16,19,18,13,13,9,13,10,23,10	150	75
1672	2,2,0,0,0,2,2,1,0,1	18,19,11,17,7,19,10,17,20,11	0,1,0,0,0,1,0,5,0,0	19,19,14,13,9,11,11,15,19,19	150	75
1673	3,4,1,5,0,0,2,3,1,4	16,18,15,18,19,13,19,17,11,15	0,1,5,0,0,2,0,2,1,3	18,22,18,12,10,9,21,10,11,16	150	75
1674	0,1,0,0,1,0,3,1,1,0	18,22,21,27,17,24,19,19,24,34	0,1,0,1,1,1,0,0,4,0	31,22,14,20,29,21,24,21,23,19	150	75
1675	0,0,0,0,0,0,0,0,0,0	12,16,17,13,18,11,9,10,12,18	1,0,0,0,0,0,0,0,0,0	20,12,11,13,21,14,17,11,10,14	150	75
1676	0,0,0,0,0,1,1,0,2,0	88,63,66,80,72,81,73,55,71,77	2,0,0,0,0,0,1,2,1,0	71,85,62,70,72,72,47,76,90,80	150	75
1684	3,2,1,0,0,1,0,1,0,0	12,7,9,10,4,17,7,5,5,9	0,1,1,0,0,1,1,0,0,0	6,3,5,6,10,11,12,11,8,7	150	75
1687	2,10,7,13,3,2,7,4,12,5	0,0,0,0,0,0,2,0,0,0	8,3,5,4,1,7,6,6,9,5	1,0,0,0,0,0,0,0,0,0	150	75
1688	19,12,16,7,12,12,5,14,5,9	39,9,26,15,16,20,18,16,16,15	9,15,8,9,6,9,8,3,8,8	14,17,23,14,12,21,18,9,18,13	150	75
1689	144,133,132,97,139,148,93,132,114,115	0,1,3,0,1,1,0,2,1,0	145,127,125,133,89,113,106,117,116,116	0,2,1,0,0,0,1,0,0,1	150	75
1691	5,5,3,4,6,2,8,5,12,6	10,8,9,5,3,8,9,10,9,8	1,7,4,6,5,4,5,3,4,4	10,6,9,10,5,9,9,5,11,9	143	75
1692	1,2,3,5,4,1,5,7,9,4	2,1,2,0,0,0,1,1,1,1	4,7,2,5,5,3,2,2,3,4	0,0,3,0,2,1,1,1,1,0	150	75
1693	4,4,8,7,5,1,6,6,12,6	20,31,27,22,36,38,23,13,20,21	5,7,3,9,5,5,2,5,5,6	15,33,24,33,16,29,17,35,30,24	150	75
1694	5,1,5,4,2,0,3,3,2,1	71,73,71,56,51,64,67,63,59,62	0,4,1,2,1,1,0,5,2,4	63,65,52,53,75,66,55,64,54,69	150	75
1695	180,119,118,80,160,81,100,90,181,119	284,250,342,228,301,209,172,151,289,296	101,141,109,166,94,96,91,84,160,141	252,334,283,273,292,228,228,214,276,258	150	75
1696	1,1,2,1,1,0,1,0,2,4	999,939,809,837,989,1007,849,796,936,971	1,1,1,0,1,1,1,1,0,0	894,1079,805,924,882,850,931,942,862,871	150	75
1697	3,4,6,6,6,5,3,5,1,8	311,310,369,300,289,308,233,240,270,277	5,6,1,12,7,7,5,1,1,5	309,328,243,308,299,290,280,271,274,283	150	75
1698	1,2,1,3,4,0,2,2,8,1	0,1,0,0,1,0,1,2,1,0	0,5,0,6,3,4,4,5,1,3	0,0,0,0,1,0,2,1,3,0	150	75
1701	3,3,6,5,2,5,10,6,7,3	27,28,26,27,24,17,22,26,22,24	4,0,2,4,2,5,7,4,5,2	21,38,29,22,21,19,29,32,21,26	150	75
1702	10,7,12,6,2,3,11,4,4,0	137,121,126,109,93,110,99,91,97,70	4,0,3,4,3,6,7,3,3,5	85,139,103,86,84,103,96,101,79,95	150	75
1703	6,8,5,5,1,1,10,2,4,3	1,2,4,3,4,3,3,3,3,8	2,5,0,2,2,2,2,3,1,6	3,6,4,1,10,3,5,4,3,1	150	75
1704	19,34,31,23,27,27,22,23,30,20	19,30,30,14,17,23,12,19,19,18	20,31,32,23,32,22,17,35,23,30	17,20,30,27,14,13,34,16,20,31	150	75
1705	4,1,12,1,1,1,2,5,8,3	40,36,35,29,37,20,21,17,25,22	3,9,3,4,2,4,2,2,0,4	31,35,26,34,37,36,34,12,14,26	150	75
1706	0,1,0,3,3,1,4,4,1,0	34,53,45,31,41,39,39,46,27,31	3,2,1,2,1,0,2,1,0,0	39,44,40,46,37,64,40,49,45,40	150	75
1707	1,1,3,1,0,2,2,0,1,0	117,97,115,106,99,98,85,79,86,115	4,2,0,3,3,1,1,1,0,1	101,104,87,92,92,105,94,93,108,82	150	75
1708	3,3,5,2,3,3,2,2,5,1	0,0,0,0,0,0,0,0,0,0	0,6,7,5,4,4,0,1,3,3	1,0,0,0,0,0,0,0,0,0	150	75
1709	2,2,2,0,2,0,0,3,1,0	18,21,19,12,23,8,17,13,20,12	1,1,0,0,0,0,0,0,0,1	13,16,10,19,25,23,15,6,14,6	150	75
1710	0,1,1,0,1,1,1,1,0,1	38,33,44,24,29,41,35,24,17,28	1,1,1,1,0,0,0,0,1,1	33,44,29,45,35,25,19,24,37,39	150	75
1711	0,0,0,0,0,0,0,1,0,0	0,2,5,0,0,1,3,0,1,0	0,0,0,0,0,0,0,0,0,0	2,0,0,0,3,0,0,1,1,0	150	75
1712	128,130,135,127,122,128,119,111,107,115	12,9,22,9,6,10,5,8,7,5	108,154,121,137,145,141,98,132,128,98	8,13,12,9,6,9,9,10,5,11	150	75
1713	0,1,4,1,4,1,3,0,2,2	24,18,20,18,31,23,30,18,32,22	2,2,0,4,0,1,2,0,2,5	21,16,20,15,16,18,19,20,19,20	150	75
1714	0,0,0,0,0,0,0,0,2,0	208,175,206,163,152,170,139,142,162,192	1,0,0,0,0,0,0,0,0,0	175,157,141,179,199,237,205,181,158,172	150	75
1715	16,22,13,10,11,14,16,12,14,13	73,68,76,62,78,88,57,43,89,92	11,20,9,15,10,9,10,9,12,7	62,73,73,66,73,72,90,62,62,55	150	75
1716	16,5,7,6,5,2,5,4,4,1	65,67,60,49,60,51,45,45,49,43	3,7,2,3,3,4,2,5,2,3	62,57,54,58,46,54,50,65,51,60	150	75
1717	0,0,0,0,0,0,0,0,0,0	102,117,104,103,99,115,86,84,102,122	1,0,0,0,0,0,0,0,0,0	91,126,91,109,119,99,95,85,78,100	150	75
1718	3,0,1,1,2,4,4,1,0,4	200,235,220,172,175,174,177,176,174,200	1,1,2,0,1,2,1,1,0,1	196,200,186,157,189,216,215,153,156,175	150	75
1719	20,20,24,15,19,13,11,12,15,11	68,66,67,44,31,75,55,39,50,58	6,14,8,14,14,9,19,19,14,25	46,80,59,46,57,47,57,55,43,51	150	75
1720	4,5,12,4,10,3,0,7,5,1	21,14,32,23,24,17,25,19,22,12	5,8,2,6,3,6,7,4,9,3	13,24,29,21,25,16,19,17,21,19	150	75
1721	25,22,20,18,23,27,18,23,27,43	0,0,0,0,0,1,0,0,0,0	18,25,18,22,21,23,20,12,19,19	0,0,0,0,0,0,0,0,0,0	150	75
1722	6,7,3,5,5,6,5,5,3,4	7,15,15,12,13,10,10,9,6,12	3,3,1,3,2,3,4,5,4,3	8,7,3,8,5,9,9,13,16,12	150	75
1723	18,13,23,15,19,10,13,9,9,7	39,45,45,40,49,57,49,36,35,54	12,11,19,26,16,13,16,14,10,7	53,60,43,38,37,50,61,50,52,49	150	75
1724	8,2,7,7,2,1,5,6,4,5	59,60,63,49,58,63,59,47,40,56	2,8,3,1,7,5,6,5,2,2	69,72,42,54,51,49,59,42,48,54	150	75
1725	2,1,2,1,0,1,0,0,2,0	25,19,24,15,28,12,14,20,22,24	2,0,1,1,1,0,0,2,0,0	19,28,18,22,33,18,20,26,11,22	150	75
1726	2,1,2,3,0,1,0,0,1,2	10,6,8,12,7,13,4,8,9,11	1,2,4,0,0,3,1,2,0,2	9,14,6,11,10,9,8,11,17,8	150	75
1727	1,2,1,2,2,3,0,2,4,3	15,8,7,8,4,2,4,5,0,8	1,1,1,2,1,0,2,4,5,4	6,11,21,11,7,5,8,11,5,12	150	75
1728	9,1,4,2,3,3,2,6,0,4	6,4,3,5,4,4,3,4,8,3	1,1,1,4,3,2,0,0,0,0	4,8,3,4,3,8,7,3,8,3	150	75
1729	0,2,2,4,7,3,4,3,4,5	9,14,13,7,9,11,6,13,11,12	3,2,1,4,4,2,2,0,3,0	5,14,8,12,7,11,21,11,9,13	150	75
1732	6,6,0,4,6,5,6,3,2,2	26,20,18,23,19,22,24,15,25,24	1,2,1,4,0,3,3,3,2,5	23,19,12,22,29,16,20,25,26,16	150	75
1735	0,0,0,0,0,0,0,0,0,0	1,0,0,2,2,0,0,3,0,1	0,0,0,0,0,0,1,0,0,0	0,1,2,2,0,5,0,0,2,1	150	75
1736	4,5,4,2,2,5,10,1,13,3	0,0,1,0,0,1,0,0,0,0	6,8,1,7,1,2,4,4,6,4	0,0,0,0,0,0,0,0,1,0	150	75
1737	4,5,5,2,3,6,7,2,12,3	9,7,5,5,6,8,7,8,6,5	4,3,1,5,2,1,3,3,3,3	5,11,5,8,6,3,2,5,12,5	150	75
1738	5,9,4,2,5,3,6,4,10,4	19,19,15,19,17,22,15,18,11,31	4,6,3,2,4,2,1,2,4,2	13,12,13,25,23,20,19,19,14,23	149	75
1739	6,15,4,13,6,6,6,7,6,14	0,0,0,0,0,0,0,0,0,1	9,9,7,3,14,3,7,6,6,4	0,0,0,0,0,0,1,0,0,0	150	75
1740	4,9,5,2,3,1,4,2,2,7	85,83,86,47,65,107,72,60,78,78	9,5,1,2,6,2,1,4,11,7	79,87,61,63,57,80,83,65,67,78	150	75
1746	64,63,92,62,68,59,48,60,63,80	8,4,1,3,2,0,3,1,4,3	74,61,53,67,65,72,70,57,69,47	4,6,1,7,2,3,3,2,0,3	150	75
1748	3,5,11,4,5,2,12,8,2,6	0,0,3,1,1,1,0,0,2,0	2,4,5,5,6,4,6,6,2,5	1,1,2,0,0,0,0,0,1,0	150	75
1749	2,8,11,9,6,6,7,8,6,5	361,327,343,275,302,274,238,201,266,284	3,5,5,3,4,5,2,6,6,5	337,308,316,285,312,298,264,268,268,277	150	75
1750	2,8,10,10,6,6,7,7,8,4	3,3,1,3,5,2,2,1,0,3	3,6,6,2,4,2,4,4,8,3	1,1,0,3,2,1,2,0,4,1	150	75
1751	312,311,320,251,259,223,225,185,232,236	3,0,6,2,1,1,0,1,0,0	293,315,269,281,235,257,288,241,241,294	6,5,1,2,0,3,1,3,4,0	150	75
1753	0,0,0,0,0,0,1,0,1,0	0,1,1,1,0,1,2,1,1,1	0,0,0,0,0,0,0,0,0,0	0,0,2,0,0,0,0,2,0,2	150	75
1756	0,8,4,6,1,3,5,4,4,5	45,35,37,42,35,37,41,29,38,34	3,5,7,1,6,3,4,2,2,1	55,44,43,41,39,42,36,38,37,44	150	75
1757	2,0,3,2,1,1,1,4,7,1	66,79,75,71,60,71,39,60,58,67	5,3,0,2,2,1,0,4,4,2	65,68,79,65,77,56,94,91,77,74	150	75
1758	0,0,2,1,1,2,0,1,0,2	6,9,6,3,4,8,10,4,6,8	3,0,0,0,2,2,2,2,0,1	8,7,4,6,14,5,8,10,3,11	150	75
1759	0,0,0,0,0,0,0,1,0,0	40,42,47,40,50,38,32,37,48,38	1,1,0,0,4,2,0,1,0,0	49,43,35,44,43,45,57,37,50,43	150	75
1763	10,7,9,10,8,1,18,6,14,10	12,14,13,15,8,13,7,9,15,15	12,14,6,10,15,10,13,12,10,12	18,2,16,14,23,10,12,6,13,9	150	75
1766	7,9,4,5,6,4,10,4,7,6	1,0,1,1,0,1,0,0,0,1	6,5,3,3,5,6,4,5,9,5	0,0,0,0,1,0,0,0,0,2	150	75
1767	4,8,0,1,3,2,5,1,4,4	35,38,52,43,41,46,39,33,38,42	3,2,2,1,2,3,2,4,7,3	50,28,36,24,36,45,49,30,31,55	150	75
1768	3,3,6,3,2,2,4,0,1,2	49,38,54,28,27,37,42,28,32,30	3,3,6,1,3,4,1,2,6,2	44,36,43,23,30,39,31,33,35,30	150	75
1769	15,10,17,8,18,19,11,7,6,7	0,0,0,0,0,0,0,0,1,0	8,12,9,11,7,6,9,7,8,10	0,0,0,0,0,0,0,0,0,0	150	75
1770	0,0,2,0,1,0,2,0,0,0	2,0,1,0,0,0,0,0,0,0	0,0,0,0,0,0,0,0,0,0	0,0,0,0,0,0,1,0,0,0	150	75
1771	0,1,0,0,1,1,4,2,0,1	49,49,36,46,33,37,49,34,61,46	0,1,1,0,0,2,0,1,1,0	48,42,33,35,52,45,49,48,36,48	150	75
1772	0,1,3,2,3,2,9,1,6,4	97,82,62,71,51,66,59,67,78,75	4,2,0,1,3,4,4,5,2,5	86,65,69,54,74,71,62,66,68,67	150	75
1773	0,1,2,2,0,0,1,1,0,1	54,44,51,51,40,32,51,40,43,41	2,1,1,1,2,1,1,2,0,1	36,44,48,49,42,41,50,42,28,32	150	75
1774	1,0,4,7,7,5,8,9,9,1	51,40,72,48,54,38,38,32,48,54	3,4,5,7,5,10,5,2,7,7	55,52,48,38,87,62,45,33,46,43	141	75
1775	19,18,20,19,16,17,9,9,18,13	36,44,40,42,40,32,32,19,25,24	15,16,11,14,18,11,15,14,6,9	25,29,41,23,16,39,33,20,38,15	150	75
1776	37,30,30,34,28,32,20,33,28,32	1,2,0,1,3,0,0,0,2,1	22,37,33,23,27,17,17,29,32,17	3,4,0,2,0,0,0,1,1,3	150	75
1777	22,22,40,23,33,30,26,37,33,27	1,3,9,1,2,1,4,0,3,4	28,37,25,21,24,24,18,25,32,34	1,4,3,2,2,7,3,2,3,3	150	75
1778	22,17,47,26,32,28,29,35,34,26	1,1,1,2,3,5,3,3,2,1	31,35,24,21,22,26,20,23,27,33	2,1,1,0,1,2,1,0,1,1	150	75
1779	26,18,48,29,30,32,31,30,37,24	1,2,3,0,1,2,2,0,1,1	31,39,22,24,24,29,20,25,27,35	2,2,4,3,1,1,1,3,5,1	150	75
1780	24,18,46,26,30,31,32,30,36,24	33,31,23,31,26,31,16,27,23,32	31,37,22,24,23,28,22,25,24,35	20,23,21,25,38,29,28,32,25,19	150	75
1781	4,8,2,3,3,3,10,7,3,4	43,48,34,37,45,49,47,37,33,34	4,5,7,6,1,3,3,3,2,3	42,43,42,36,50,36,52,32,38,47	150	75
1782	0,3,0,7,2,1,1,4,2,0	37,49,48,38,32,53,40,34,38,41	0,2,1,0,1,2,0,1,3,1	44,44,28,40,35,36,46,35,36,47	142	75
1783	3,2,1,4,4,1,2,1,2,6	21,25,35,27,34,43,38,28,24,35	3,1,5,4,0,3,1,0,4,3	39,40,31,41,39,28,20,40,32,44	150	75
1784	0,1,0,0,0,0,4,1,0,1	5,1,2,0,1,2,3,1,2,2	0,0,1,3,0,0,0,1,2,0	2,0,2,3,0,1,0,0,1,3	150	75
1786	229,210,212,232,199,199,196,178,182,168	5,5,9,14,8,2,4,4,9,13	149,219,193,188,177,190,209,163,217,230	6,9,9,2,6,14,11,1,3,2	150	75
1788	1,4,2,5,1,0,3,4,1,4	33,33,27,23,12,17,33,20,22,25	2,7,0,4,2,4,2,4,6,8	23,30,16,19,24,20,23,17,23,21	150	75
1789	38,29,35,51,22,23,52,29,40,26	58,73,56,64,61,44,34,58,53,59	26,41,34,42,25,24,20,41,35,39	45,60,56,60,47,52,43,47,63,34	150	75
1790	0,0,0,0,0,1,0,0,0,0	0,1,0,0,0,0,0,0,0,0	0,1,0,1,0,1,0,0,0,0	0,0,0,0,0,0,0,0,1,0	150	75
1791	0,0,0,0,0,1,3,1,0,0	8,1,4,5,9,5,3,2,2,0	0,1,0,1,0,1,0,0,0,0	1,3,3,6,1,2,1,3,4,2	150	75
1792	5,2,3,2,2,7,4,6,5,4	1,0,1,1,2,0,0,0,1,3	1,6,4,4,1,4,3,1,4,2	0,3,1,0,1,1,0,0,0,0	150	75
1793	2,1,1,1,2,2,1,3,1,6	10,11,11,14,11,7,9,11,8,8	0,1,3,2,0,1,0,1,0,0	8,15,6,4,6,8,11,5,7,5	150	75
1794	0,0,0,0,0,0,0,1,0,0	61,43,37,36,48,35,34,43,44,42	0,0,0,0,2,0,0,0,1,0	30,22,49,31,41,35,44,50,47,36	150	75
1795	7,5,8,6,6,9,4,5,3,9	116,135,95,98,111,114,110,90,97,90	10,6,2,2,12,8,7,3,2,9	92,102,94,113,110,92,97,91,114,114	150	75
1796	1,0,0,0,1,0,1,0,0,2	0,0,0,0,0,0,0,0,0,0	0,0,0,1,0,0,0,0,2,0	0,0,0,0,0,0,2,0,0,0	150	75
1797	9,11,9,10,9,7,19,17,10,5	30,21,25,19,31,23,19,22,27,21	11,6,10,12,17,3,8,15,4,17	31,29,29,22,35,24,28,22,27,30	150	75
1798	0,0,0,1,0,0,0,0,0,0	69,49,42,56,54,37,59,46,43,30	0,0,0,0,0,0,0,0,0,0	63,66,38,38,38,36,61,37,42,50	150	75
1799	3,3,2,2,1,4,5,2,7,4	84,89,67,63,61,85,62,70,76,61	1,4,10,4,2,5,0,3,7,2	68,77,72,64,75,79,78,62,70,72	150	75
1800	7,5,1,0,4,6,2,1,6,3	102,83,87,77,67,90,68,63,73,59	3,1,5,4,2,4,8,12,4,6	98,97,72,87,76,82,85,89,76,74	150	75
1801	11,12,10,22,13,9,8,22,16,20	8,2,0,0,5,4,0,0,0,0	7,22,13,4,9,26,17,10,9,11	2,0,0,5,5,0,1,5,7,6	108	75
1802	1,0,1,4,0,3,0,1,1,0	697,682,736,631,608,700,621,629,680,731	3,0,1,1,1,0,0,0,2,1	654,790,686,690,777,734,739,646,676,669	150	75
1803	4,6,4,8,6,1,2,3,1,1	1193,1126,1304,1153,1039,1206,1065,1017,1207,1283	2,9,6,2,2,4,3,3,1,0	1090,1312,1075,1110,1225,1185,1222,1169,1090,1097	150	75
1804	2,2,2,1,6,7,3,4,3,1	5,7,4,11,6,10,4,0,5,7	0,8,5,2,1,2,1,7,2,2	7,13,3,6,9,8,6,14,5,1	150	75
1806	1,0,3,0,0,0,1,1,3,1	8,12,6,3,6,9,3,9,2,2	0,1,0,1,0,1,0,1,0,2	4,7,4,7,8,5,1,8,5,8	76	75
1807	2,2,1,0,1,1,1,3,3,3	28,30,33,21,9,23,22,13,16,17	3,2,1,3,4,1,2,6,0,1	26,23,32,22,24,18,28,23,24,17	150	75
1808	1,2,0,1,0,0,2,0,1,0	20,24,21,27,17,18,6,16,22,12	0,1,2,0,0,0,1,3,2,2	21,26,19,17,20,10,18,28,12,6	150	75
1809	0,1,0,0,1,0,0,0,0,0	9,21,14,15,18,19,15,10,11,6	0,0,0,0,0,0,0,3,0,0	21,18,11,13,21,15,22,19,14,8	150	75
1810	1,2,1,0,0,1,1,1,1,0	1,0,1,1,0,1,0,0,0,2	0,0,2,0,1,0,2,1,1,0	1,0,0,0,0,0,0,0,0,0	150	75
1811	2,2,1,3,1,3,1,4,1,1	16,11,11,14,11,7,12,10,7,9	0,1,0,1,2,0,0,1,0,0	7,19,12,15,11,16,7,8,9,5	150	75
1812	0,1,1,3,0,0,0,4,1,2	27,18,17,23,17,16,28,24,33,19	0,0,1,2,3,2,3,0,1,1	17,27,16,21,26,35,26,23,25,26	149	75
1813	5,3,6,8,9,4,3,10,11,0	20,22,18,22,22,19,15,21,33,23	1,8,4,11,2,11,7,10,6,6	16,31,26,21,24,26,26,20,26,26	150	75
1814	0,4,1,0,1,0,1,1,3,1	86,78,87,93,107,85,90,72,94,63	1,5,1,1,2,0,1,1,0,0	71,103,103,99,83,84,99,87,90,66	150	75
1815	3,6,4,5,9,2,7,5,1,6	94,62,104,73,88,92,77,71,84,65	8,7,6,4,5,4,5,6,6,7	77,94,62,93,91,85,93,57,66,61	150	75
1816	183,212,185,201,187,204,151,145,151,179	10,17,10,14,6,8,14,13,7,11	171,208,185,202,161,201,174,192,194,163	13,4,17,3,4,4,11,11,4,8	150	75
1817	4,5,4,8,5,3,5,1,6,4	117,135,138,121,114,140,96,111,125,132	4,8,9,1,5,1,1,4,15,5	133,121,124,112,127,146,128,136,122,94	150	75
1818	26,63,38,30,28,29,25,33,25,35	0,0,0,0,0,0,0,0,1,0	40,39,30,31,34,36,32,30,30,34	2,0,0,1,0,0,0,3,0,0	150	75
1819	11,4,3,4,4,3,7,5,6,3	56,49,34,26,42,52,26,33,27,41	2,3,6,8,6,8,9,5,13,13	40,30,25,29,29,41,36,30,46,38	150	75
1820	1,0,2,1,3,0,2,1,2,0	0,0,1,0,0,0,0,0,0,0	4,0,4,1,1,3,5,0,0,5	0,0,0,0,0,1,0,0,0,0	150	75
1821	7,9,6,1,5,3,5,3,4,4	2,3,3,0,2,3,2,2,2,0	2,5,3,4,1,7,3,3,3,6	0,1,0,2,0,3,0,1,1,0	150	75
1822	7,12,6,1,7,3,5,3,4,4	37,26,32,29,30,44,24,25,31,29	2,5,3,6,1,7,3,3,5,7	36,40,31,44,38,27,30,43,40,21	150	75
1823	14,12,6,4,7,5,7,4,5,5	36,35,43,24,20,32,28,37,33,29	4,6,3,7,3,7,3,3,8,9	33,42,45,31,33,33,25,37,43,30	150	75
1824	24,14,7,14,10,10,9,6,9,11	34,36,37,46,46,43,37,20,36,48	16,5,11,12,11,3,4,15,14,8	43,46,32,44,41,33,24,28,31,31	150	75
1825	5,4,4,4,4,2,10,1,6,11	7,6,12,9,5,2,8,7,2,8	8,5,5,6,4,3,7,8,5,9	8,7,3,4,6,7,3,5,8,8	150	75
1826	17,22,31,20,19,10,16,25,22,14	5,2,7,4,5,4,6,6,3,7	10,26,18,9,23,19,22,10,24,20	4,8,3,6,6,4,3,4,2,2	150	75
1827	19,17,16,10,8,19,19,16,11,11	38,49,46,43,39,45,32,39,41,42	16,21,13,14,11,11,12,12,12,16	47,56,37,39,47,40,42,45,48,59	150	75
1828	4,1,1,3,4,3,2,1,1,4	36,41,40,20,28,32,26,29,31,22	5,1,1,2,1,2,2,3,2,5	37,42,43,27,27,30,36,37,35,14	150	75
1829	16,17,33,17,25,23,7,15,15,17	0,0,0,0,0,0,0,0,0,0	12,11,17,12,19,11,17,9,22,20	0,0,0,1,0,0,0,1,0,0	150	75
1830	19,18,30,18,20,28,18,20,10,10	0,0,0,0,0,0,0,0,0,0	17,19,15,11,19,16,19,13,25,13	0,0,0,0,1,0,0,0,0,0	150	75
1831	15,17,33,17,23,23,7,15,12,16	0,0,0,2,1,0,3,0,0,2	12,12,16,12,19,10,19,9,23,17	0,1,0,2,0,0,1,0,0,0	150	75
1832	19,21,35,17,29,26,8,19,19,21	0,0,0,0,0,0,0,0,0,0	20,21,24,24,21,11,22,12,26,28	0,0,0,0,0,0,0,0,0,1	150	75
1833	12,8,11,11,14,13,5,11,10,10	3,1,0,0,2,0,2,1,0,2	16,15,11,17,9,9,12,8,9,16	0,0,0,0,0,1,1,2,0,1	150	75
1834	22,22,32,18,24,31,19,24,14,14	19,29,18,16,23,32,22,12,25,16	25,29,22,23,21,16,24,16,29,21	23,30,30,21,15,17,20,17,18,9	150	75
1835	0,1,1,1,1,0,0,4,3,0	80,73,102,77,69,101,81,65,78,49	0,0,3,1,0,3,0,2,0,1	99,100,71,91,66,98,88,63,95,81	150	75
1836	6,5,1,0,5,3,5,1,4,2	1,2,0,0,0,1,0,0,0,0	3,1,5,0,2,7,2,1,1,2	0,2,0,3,0,0,0,2,0,0	150	75
1837	1,1,0,3,2,1,0,1,0,1	11,11,17,17,14,12,10,12,12,16	0,2,1,1,1,0,1,0,1,1	11,17,16,15,15,14,10,11,8,13	150	75
1838	3,2,1,1,0,2,2,1,1,0	118,130,127,127,105,107,103,123,121,119	1,1,1,1,2,0,2,0,0,2	105,128,128,134,113,120,122,126,136,125	150	75
1840	138,87,136,116,110,115,117,101,118,87	71,77,69,60,61,83,65,53,59,63	101,125,101,104,96,106,108,125,101,90	60,50,75,63,70,68,84,73,75,48	150	75
1841	86,60,82,65,70,88,67,78,63,66	0,0,2,0,0,1,0,5,0,0	64,104,79,70,63,72,75,74,49,56	0,1,0,2,2,0,1,1,1,1	150	75
1842	2,8,4,5,3,3,3,2,5,5	117,96,111,86,113,128,107,102,86,128	6,3,4,6,5,7,1,5,5,5	105,139,122,110,110,144,88,100,124,94	150	75
1843	2,1,3,0,2,0,1,1,2,0	62,66,65,69,58,67,47,61,52,78	0,0,1,1,0,3,1,0,1,0	68,102,86,61,78,79,72,76,71,53	150	75
1845	9,4,2,8,4,3,7,8,4,3	61,66,65,56,61,65,54,68,68,65	8,8,2,3,3,8,7,4,7,11	58,59,64,37,62,51,80,61,80,52	150	75
1846	0,1,0,0,1,0,2,0,0,0	60,58,65,52,59,64,58,50,69,67	0,0,1,0,0,1,1,0,0,0	74,70,56,70,56,58,59,66,72,52	147	75
1847	0,0,0,0,0,0,0,0,0,0	12,7,14,14,9,11,12,14,19,10	0,0,0,0,0,0,0,0,1,0	4,12,8,4,12,12,8,5,2,5	150	75
1848	63,59,52,39,57,43,55,53,57,53	199,164,179,163,169,155,145,131,149,138	48,53,58,58,54,59,84,57,52,60	153,146,145,147,146,170,168,135,164,184	150	75
1849	1,1,4,1,1,1,0,1,1,3	95,66,87,56,73,82,66,63,68,69	1,2,3,5,2,1,1,3,1,2	80,71,77,70,96,77,81,73,78,63	150	75
1850	0,0,1,0,0,0,1,0,0,0	60,63,57,61,70,47,46,50,48,58	0,0,1,0,1,1,0,0,0,0	47,60,59,60,60,54,62,74,45,60	150	75
1851	0,1,0,1,0,0,0,0,0,1	131,132,156,120,124,128,108,88,127,139	0,0,1,0,2,1,0,0,1,0	120,134,115,113,136,122,118,115,124,134	150	75
1852	2,3,0,3,1,4,8,7,3,3	0,0,1,0,0,0,0,0,1,0	3,4,2,4,7,0,6,2,5,4	1,0,1,0,1,0,0,2,1,1	150	75
1854	6,13,7,8,7,3,6,11,8,5	114,113,118,87,101,111,91,76,80,115	6,13,12,7,9,12,8,5,13,9	79,113,102,93,95,96,93,76,78,82	150	75
1855	0,0,0,0,0,0,1,0,0,0	30,51,45,48,32,37,18,30,31,39	0,0,0,2,0,0,0,0,0,0	39,29,20,35,38,37,31,41,37,31	150	75
1856	0,0,0,0,0,0,0,0,0,1	1,0,0,0,1,1,0,0,1,0	0,0,0,0,0,1,0,0,0,0	0,1,0,0,0,3,0,0,0,0	150	75
1857	0,0,0,0,0,0,0,0,0,0	1,4,1,2,1,1,2,4,3,4	0,1,0,0,0,0,0,0,0,0	1,3,0,1,1,4,0,1,1,1	150	75
1858	0,0,0,0,0,0,0,1,0,0	16,8,13,4,10,9,10,1,6,7	0,0,0,0,2,0,0,0,0,0	9,10,11,6,14,9,4,3,3,3	150	75
1859	0,1,0,0,1,0,0,0,0,0	0,6,2,1,4,5,2,0,2,3	0,0,0,0,0,0,0,0,0,0	1,13,3,1,2,3,7,8,3,1	147	75
1862	3,5,4,4,2,7,8,6,6,3	11,5,6,13,16,13,5,12,10,6	8,5,2,5,2,5,5,6,8,4	11,10,5,8,7,13,20,18,17,9	150	75
1863	0,0,0,0,0,0,0,1,0,1	458,425,441,414,378,409,372,333,397,351	2,0,1,1,2,1,0,2,0,1	389,455,425,404,372,402,397,407,410,392	150	75
1864	0,3,2,2,4,3,5,1,6,4	76,64,65,44,50,76,61,68,71,43	4,3,3,5,2,4,3,6,8,1	69,65,53,57,52,53,66,69,75,65	150	75
1865	7,11,9,5,12,6,11,12,5,6	132,142,112,125,104,128,91,117,109,113	9,11,5,5,9,3,11,7,5,7	103,134,126,137,126,126,140,114,128,113	150	75
1866	20,22,26,20,16,11,22,12,17,7	79,62,54,54,55,53,52,42,51,61	21,28,23,6,10,10,8,14,16,32	50,75,55,65,62,66,68,55,57,56	146	75
1867	32,24,29,26,19,18,30,31,23,27	67,102,86,69,76,83,67,52,57,89	30,37,34,21,28,26,29,33,32,36	67,90,78,71,97,82,83,71,79,88	150	75
1868	4,3,9,6,1,2,5,6,2,12	82,83,69,68,62,75,63,44,78,70	3,5,5,4,3,7,7,4,4,3	75,76,82,89,73,77,65,63,66,88	150	75
1869	1,2,2,2,2,2,1,2,4,0	29,27,42,24,29,29,31,18,34,37	0,1,0,0,0,2,4,1,0,3	28,37,50,37,39,29,35,31,53,31	150	75
1870	1,0,1,0,1,0,2,0,1,0	16,15,16,9,10,15,14,11,22,14	0,2,1,0,3,0,0,1,1,1	14,15,23,11,17,13,18,14,7,12	150	75
1871	0,0,0,1,1,1,1,3,1,1	10,13,15,18,11,5,8,10,14,7	1,0,0,0,0,0,1,0,0,2	13,8,11,6,14,13,8,9,8,15	150	75
1872	0,0,0,0,0,0,0,0,0,0	2,3,2,3,2,3,3,3,2,0	0,1,1,1,0,0,1,0,0,0	3,4,0,1,7,0,0,0,0,3	150	75
1873	1,3,1,1,1,0,0,5,4,1	185,145,189,130,175,137,130,118,134,145	1,3,1,2,1,2,2,0,0,2	153,126,116,123,166,167,162,116,129,115	150	75
1874	0,2,6,2,2,3,2,3,1,2	167,164,182,134,109,153,138,113,134,154	5,0,1,2,0,2,1,2,8,1	144,122,132,130,128,156,163,116,127,122	150	75
1875	2,2,6,4,3,1,6,3,1,6	0,0,1,0,0,0,0,0,0,0	5,1,2,5,4,2,1,5,5,4	0,0,0,0,0,0,0,0,0,0	150	75
1876	22,15,13,21,12,12,22,12,10,8	19,24,21,19,26,16,21,26,24,31	17,14,21,12,14,16,24,23,9,23	18,24,18,13,29,23,25,20,27,31	150	75
1877	1,1,0,1,2,1,4,3,2,2	11,14,13,8,4,16,10,8,5,14	0,2,0,1,1,2,1,1,1,0	6,20,13,11,10,10,14,9,8,6	144	75
1878	21,11,20,23,15,20,12,18,13,12	1,1,1,0,0,0,4,1,1,2	12,12,20,12,13,19,13,21,14,24	1,0,0,0,0,0,1,1,0,1	150	75
1879	22,23,17,21,28,15,20,18,6,17	1,2,0,0,0,2,0,0,0,1	14,28,21,8,19,16,17,21,14,23	0,1,0,2,0,0,0,2,1,0	150	75
1880	1,0,0,0,0,0,0,0,0,0	5,0,5,0,2,0,0,1,1,3	1,0,0,0,0,0,0,0,0,0	3,1,1,2,0,2,2,1,0,0	150	75
1882	2,1,0,2,0,0,1,0,2,0	3,3,1,3,6,2,1,1,6,4	0,0,0,0,0,1,1,1,0,0	2,2,4,6,2,0,5,3,3,4	150	75
1883	2,0,0,0,0,0,0,1,1,0	0,0,0,0,0,0,0,0,1,0	0,0,0,1,0,0,0,0,0,0	0,0,0,0,0,0,0,0,0,0	150	75
1884	2,0,0,0,0,0,0,1,1,0	0,0,0,0,0,0,0,0,0,1	0,0,0,1,0,0,0,0,0,0	1,0,0,0,0,0,0,0,0,0	150	75
1886	21,28,21,34,20,26,22,24,31,15	14,13,8,14,13,8,6,12,9,11	21,42,24,18,33,32,11,29,31,13	17,5,8,7,9,16,13,7,11,9	150	75
1887	2,2,0,2,4,0,2,0,1,1	74,61,70,71,37,87,69,46,61,50	0,4,2,3,1,0,0,2,3,1	66,67,64,56,39,84,63,63,54,50	150	75
1888	0,1,2,2,2,0,0,1,2,0	0,1,2,0,1,1,0,0,1,0	0,3,0,2,1,0,0,0,2,2	1,1,1,2,0,0,0,1,0,0	150	75
1889	0,0,2,2,0,0,0,0,0,1	35,49,32,35,33,36,36,25,44,36	0,0,1,0,2,1,0,1,0,0	39,57,39,37,42,50,36,39,42,32	150	75
1890	22,19,20,17,12,17,13,11,19,12	5,1,1,1,3,0,1,0,0,1	18,25,15,14,15,14,12,17,17,18	5,1,1,1,0,2,0,0,1,0	150	75
1891	68,68,61,95,65,48,86,53,82,65	123,101,116,91,128,104,86,103,127,121	66,77,48,80,48,58,64,56,75,47	112,116,119,112,95,111,130,170,136,140	150	75
1893	10,6,10,8,10,3,10,9,12,6	82,68,76,78,68,75,67,67,65,65	12,13,4,11,7,5,8,3,12,9	83,86,63,63,74,82,88,80,82,81	150	75
1894	0,3,1,0,2,2,2,0,4,2	76,69,111,66,93,78,85,79,72,90	1,0,1,3,2,1,2,1,6,4	84,92,98,79,93,80,88,98,93,87	150	75
1895	2,2,8,1,1,3,5,5,7,1	70,66,91,87,71,71,46,48,59,59	1,5,4,1,7,6,7,7,5,5	72,71,54,65,70,78,69,53,55,68	150	75
1898	0,2,0,0,1,0,1,0,0,0	37,39,36,30,27,31,28,35,40,26	0,0,3,1,0,0,1,0,3,0	24,43,37,37,32,39,34,31,39,27	150	75
1899	0,0,0,0,2,0,0,0,1,0	1852,1810,1951,1593,1650,1624,1410,1489,1570,1491	0,0,0,1,0,0,1,0,0,0	1520,2023,1596,1816,1562,1838,1874,1851,1672,1828	150	75
1900	1,0,3,3,4,1,0,5,5,4	3181,3285,3424,2888,2785,2946,2655,2787,3099,2622	3,5,3,3,4,1,8,2,2,3	2693,3270,2992,3352,2891,3105,3406,3158,3128,3224	150	75
1901	105,87,111,79,97,83,82,88,102,90	8,11,2,5,5,5,8,9,7,8	84,73,107,109,93,95,115,139,103,104	9,1,5,6,7,5,7,5,3,13	150	75
1903	610,685,724,746,720,728,568,475,554,662	0,0,2,0,0,2,0,0,1,3	633,785,752,771,661,569,539,649,595,579	2,1,1,2,2,1,1,0,0,0	105	75
1904	3,2,2,4,1,2,4,2,9,4	1208,1147,1224,1153,1195,1339,999,1002,947,1083	0,1,1,3,4,1,2,1,4,1	1297,1109,1215,1053,1102,1086,1015,1066,1187,784	150	75
1906	11,21,17,12,8,22,14,11,19,11	9,13,9,1,11,4,3,6,3,4	8,18,13,15,8,16,22,23,31,17	9,5,10,4,5,1,4,8,4,2	150	75
1907	0,0,0,0,0,0,0,0,0,0	249,255,227,213,180,223,204,218,223,193	0,1,0,0,0,0,0,0,0,0	205,268,231,209,215,230,264,206,231,209	150	75
1909	2,1,6,1,5,1,2,3,2,6	0,0,0,0,3,0,0,0,0,2	8,4,3,3,5,4,6,3,1,12	0,1,1,0,0,1,0,0,2,1	150	75
1912	1,1,0,1,0,0,1,0,1,0	9,7,7,5,7,0,1,6,6,3	1,0,1,0,0,0,0,0,1,0	4,5,8,1,4,10,4,2,3,2	150	75
1915	3,1,0,2,2,1,4,0,2,3	1,1,3,0,0,0,1,0,0,0	1,2,5,2,3,1,1,1,2,3	0,0,0,0,0,1,0,2,0,0	150	75
1916	0,0,0,0,0,0,1,1,0,0	2,1,0,1,1,0,2,0,0,0	2,0,1,1,1,0,0,0,0,0	3,1,1,1,0,1,1,0,0,1	144	75
1917	0,1,1,0,0,0,0,1,0,1	1,0,1,0,0,1,1,2,1,1	0,0,0,0,0,0,0,0,0,2	0,0,1,3,2,1,0,0,0,0	147	75
1919	5,2,6,4,5,1,3,2,2,5	7,2,4,6,9,0,0,1,1,7	5,10,1,3,5,0,1,3,5,2	3,10,3,1,2,3,3,3,1,1	150	75
1922	0,0,0,0,0,0,0,0,0,0	0,1,0,0,0,0,0,0,0,0	0,1,0,0,0,0,0,0,0,1	0,1,0,0,0,0,0,0,2,1	150	75
1923	0,5,3,1,2,0,2,0,0,0	0,4,1,1,0,1,3,1,0,0	0,0,0,3,1,1,0,0,0,0	2,1,6,5,0,0,0,2,1,1	150	75
1924	0,2,0,0,0,0,0,0,1,0	0,3,2,4,1,3,1,0,0,0	0,0,0,0,1,0,0,0,0,1	5,0,0,7,1,0,3,0,2,1	150	75
1926	1,4,4,0,1,4,2,1,0,0	0,1,0,1,1,0,0,0,1,0	1,0,2,2,1,0,3,2,6,3	0,0,2,0,0,0,1,2,0,1	150	75
1927	4,8,6,1,5,4,0,2,2,4	0,1,0,0,0,1,0,0,0,1	0,3,4,2,3,5,0,4,1,2	0,0,0,0,0,1,0,0,1,0	150	75
1928	3,1,2,1,0,2,1,3,1,1	91,86,89,69,79,73,49,67,74,70	4,2,1,1,2,2,1,1,3,1	84,85,85,63,77,82,81,63,80,81	76	75
1929	8,13,2,10,3,5,11,10,13,10	0,0,0,0,0,0,0,0,0,0	1,13,9,8,9,8,3,9,8,8	0,0,0,0,2,0,0,0,0,0	150	75
1930	8,15,4,11,4,6,16,9,14,8	23,22,27,36,31,29,15,21,16,32	2,8,8,6,8,5,7,8,12,7	37,20,21,20,28,16,29,25,31,19	150	75
1931	7,8,10,6,4,4,12,3,11,3	49,43,65,45,34,40,37,38,34,40	2,2,5,7,5,5,5,12,6,10	42,46,40,37,56,43,33,37,38,27	150	75
1932	3,2,0,1,2,1,5,2,2,0	30,37,46,37,38,34,41,33,27,38	2,2,0,1,1,0,0,1,3,3	45,26,27,29,42,31,55,30,29,33	150	75
1934	0,0,1,1,0,0,0,0,0,0	44,38,48,42,38,55,42,43,32,55	0,0,0,0,0,0,0,0,0,1	53,32,37,36,36,58,37,39,34,55	150	75
1935	54,40,40,47,61,52,56,43,51,49	21,22,25,19,17,14,10,13,20,16	53,58,31,43,39,59,56,31,39,24	17,26,11,18,21,28,21,19,19,18	150	75
1936	3,9,4,5,5,1,3,1,3,4	40,48,27,40,38,35,31,42,33,43	2,7,2,3,4,4,3,5,3,3	39,35,26,33,36,40,34,30,44,45	150	75
1937	0,0,0,0,0,2,3,0,0,1	59,52,68,44,53,52,48,51,52,72	0,1,0,0,1,1,0,0,0,1	54,62,64,43,68,52,47,55,46,43	150	75
1939	2,2,5,3,1,1,3,0,0,1	21,22,21,22,19,22,24,14,21,27	4,0,2,0,2,1,2,2,0,1	29,17,31,20,15,17,19,32,17,19	150	75
1940	3,2,4,2,1,1,3,0,0,1	0,0,0,0,0,0,0,0,0,1	4,0,1,0,2,0,2,2,0,1	0,0,0,0,1,0,0,1,0,0	150	75
1941	0,2,1,0,1,1,1,1,3,1	20,20,20,21,17,14,19,12,16,25	0,0,1,1,1,0,3,3,3,0	18,17,18,27,38,23,16,24,24,34	150	75
1942	1,1,0,2,0,1,2,3,0,4	19,30,28,16,21,20,19,16,19,25	0,1,2,2,0,0,2,4,0,3	11,21,14,23,16,14,23,14,27,10	150	75
1944	43,47,33,36,30,39,25,29,27,41	10,8,19,6,6,7,4,9,8,5	37,53,24,27,39,32,35,47,33,30	5,2,9,5,8,4,14,8,13,7	150	75
1945	9,12,8,9,6,5,5,7,10,11	0,2,1,0,2,0,0,0,0,0	8,16,7,6,9,8,9,14,8,9	0,1,0,0,0,0,0,0,0,1	150	75
1946	5,8,5,10,8,3,2,6,7,7	60,61,48,44,53,42,35,37,49,54	13,12,8,5,7,5,6,16,6,10	53,53,40,39,43,56,48,36,34,46	150	75
1952	4,4,3,5,5,1,3,2,3,1	47,41,32,25,33,41,32,45,31,28	3,4,2,3,3,2,2,0,4,4	37,47,51,28,39,34,40,33,33,24	150	75
1954	0,1,2,1,6,1,0,0,2,1	0,1,0,0,1,2,0,1,0,0	2,1,1,1,1,1,2,2,1,0	0,0,1,0,0,0,1,0,0,0	150	75
1955	2,2,1,1,1,0,3,2,3,0	498,390,470,377,381,399,319,297,324,399	2,0,2,2,3,0,3,4,4,0	442,534,529,425,351,376,351,368,408,383	150	75
1956	0,1,3,1,3,1,1,2,3,3	467,445,476,421,432,425,323,361,386,392	3,1,1,3,3,0,2,2,0,1	467,500,566,469,428,438,396,404,395,396	150	75
1957	23,32,38,31,26,28,23,27,17,42	2,7,3,3,4,3,2,4,1,5	31,35,16,22,21,29,28,22,17,25	1,4,5,2,9,8,3,4,6,4	150	75
1958	0,0,4,3,5,1,3,1,4,8	41,36,38,45,34,36,23,30,23,38	4,1,2,2,1,3,3,1,3,9	30,26,41,38,51,45,41,36,28,38	150	75
1959	2,3,0,0,5,2,1,2,4,2	1,0,0,0,2,0,1,0,0,0	1,6,2,1,1,0,1,2,5,2	1,0,0,0,0,1,1,0,1,2	150	75
1960	4,3,5,2,4,2,4,3,6,0	36,61,62,48,51,29,54,40,48,59	1,1,2,1,2,2,3,2,0,4	57,55,54,54,58,59,52,68,39,61	150	75
1962	3,0,2,0,0,1,5,0,1,1	1,0,0,1,1,0,0,1,1,2	1,2,0,2,1,3,1,1,1,0	0,1,0,0,1,1,1,0,0,0	150	75
1963	3,2,1,1,2,0,0,1,3,0	13,13,11,6,6,13,8,5,7,6	0,0,0,1,3,1,1,1,2,0	5,2,4,7,5,5,5,8,6,5	150	75
1964	3,3,2,3,0,1,1,4,2,1	4,10,1,8,6,14,7,5,4,6	3,9,1,0,3,2,1,2,3,0	4,11,8,7,0,5,12,4,8,9	150	75
1965	3,1,3,7,2,3,8,2,6,6	0,0,2,0,0,0,0,1,0,0	6,6,3,3,8,5,7,3,2,1	0,0,0,0,0,0,0,0,0,0	150	75
1966	5,4,1,5,5,0,3,7,5,2	281,283,262,203,235,241,188,247,225,229	1,3,3,3,0,4,6,3,2,3	218,262,258,266,248,257,244,234,213,236	150	75
1967	4,2,3,0,6,1,4,2,0,0	211,230,199,205,201,210,168,171,210,210	1,0,1,7,0,3,2,3,2,0	158,227,230,213,199,237,224,185,221,189	150	75
1968	1,1,2,2,0,0,0,1,1,0	2,6,4,7,4,4,2,1,6,1	0,0,1,0,0,1,1,1,0,2	1,2,1,5,2,2,6,3,0,1	150	75
1969	6,0,0,1,1,1,0,2,1,2	5,13,5,11,4,8,5,9,10,10	1,7,0,1,3,4,2,2,3,3	0,15,6,8,5,11,11,3,7,3	150	75
1971	0,2,3,2,0,1,3,2,2,0	8,8,10,9,18,3,12,13,8,10	0,0,0,0,1,0,1,1,0,1	6,13,16,6,15,9,11,5,9,4	150	75
1972	7,3,2,1,8,2,10,6,6,4	35,33,26,41,35,16,28,31,31,33	5,3,4,10,9,4,8,3,9,7	32,34,27,30,34,36,48,23,30,23	150	75
1973	2,2,0,0,1,3,0,1,2,1	118,103,129,133,84,101,111,74,95,120	2,1,4,0,2,1,1,2,2,1	94,91,97,98,97,100,107,93,106,119	147	75
1974	3,2,1,1,3,0,0,2,5,0	29,24,20,24,27,31,23,31,31,21	2,6,2,3,2,1,2,5,2,2	29,35,12,17,21,22,24,24,22,33	150	75
1975	21,23,19,11,11,10,22,10,24,25	18,25,28,16,17,11,14,11,23,21	11,20,21,27,29,11,12,17,19,16	23,17,11,17,14,22,15,7,17,9	150	75
1976	5,0,0,0,0,0,2,1,3,0	15,14,23,11,18,27,15,15,29,13	3,1,1,0,4,0,0,2,2,0	17,22,17,20,13,30,15,13,20,23	148	75
1977	7,9,3,13,11,4,8,6,20,6	14,24,22,7,19,19,18,14,27,12	10,16,14,9,5,7,7,10,10,20	17,25,15,22,23,16,20,28,20,23	150	75
1978	90,73,72,71,80,80,73,86,86,85	3,3,6,0,6,2,6,3,0,2	69,74,58,90,91,62,68,68,72,71	6,1,3,3,4,1,4,2,2,2	150	75
1979	2,0,0,0,0,0,1,0,0,0	9,8,6,9,8,7,7,10,7,10	0,0,0,0,0,1,0,0,1,0	5,13,3,14,7,8,6,5,15,5	150	75
1980	4,0,0,4,0,2,0,3,0,2	608,569,597,527,547,653,433,453,482,430	2,1,1,2,2,1,0,2,0,2	553,558,451,433,442,548,550,457,510,530	150	75
1981	1,0,0,0,0,1,0,0,0,0	72,59,63,46,76,64,48,47,50,60	0,0,0,0,0,0,0,1,1,1	62,62,53,46,48,50,57,38,59,50	150	75
1982	3,2,3,5,4,1,1,1,5,2	71,64,74,51,59,52,51,48,58,54	5,3,5,4,2,2,1,2,3,4	56,67,74,57,62,58,72,73,58,55	150	75
1984	0,0,4,0,0,6,1,3,1,0	209,209,196,167,229,226,214,147,183,126	2,0,0,0,1,0,0,2,1,1	198,319,130,173,121,162,162,170,123,156	150	75
1987	0,0,1,2,1,1,3,4,3,3	4,4,2,2,4,2,5,0,3,5	3,1,1,2,4,0,4,2,1,1	1,2,2,2,3,1,2,3,2,1	150	75
1990	1,1,0,1,6,2,2,3,0,2	32,41,36,30,41,30,32,32,32,34	1,2,1,3,2,0,3,1,3,2	37,40,31,29,30,37,33,28,31,34	150	75
1991	1,1,1,1,7,1,2,4,1,1	46,45,48,40,61,52,37,45,50,52	4,3,2,4,0,1,6,6,1,1	61,53,52,47,57,44,43,51,43,49	149	75
1992	2,4,2,5,3,2,3,4,3,3	88,85,92,91,69,96,72,74,75,64	3,2,6,3,3,1,3,2,7,1	82,70,86,62,71,89,79,79,58,79	150	75
1997	8,4,6,4,2,3,11,7,7,2	58,62,57,44,35,40,54,39,56,41	5,5,7,11,4,7,5,5,1,12	46,70,56,35,35,40,45,45,38,49	150	75
1998	1,2,0,0,1,2,2,1,0,0	0,0,0,0,1,2,1,1,0,0	0,1,0,1,0,3,0,1,0,1	0,1,0,1,0,0,0,0,0,1	150	75
1999	9,8,4,12,5,4,3,6,3,5	0,0,2,0,0,0,0,0,0,0	2,4,5,3,2,5,4,4,5,5	0,0,0,0,1,0,0,0,0,0	147	75
2000	11,3,1,5,0,2,12,5,6,1	32,31,40,28,27,26,20,24,23,25	4,4,1,7,6,0,3,1,8,5	30,22,32,22,37,35,19,18,32,21	150	75
2001	3,1,1,1,2,6,2,3,3,0	1,0,0,0,2,1,1,0,0,0	1,2,1,2,5,1,4,2,2,0	0,0,0,0,1,1,0,1,0,0	150	75
2002	0,3,0,1,0,1,0,0,2,0	23,30,25,26,20,16,30,21,19,25	0,0,1,3,1,0,1,2,1,0	16,20,14,21,26,27,23,18,15,14	150	75
2005	1,1,0,0,1,0,0,0,0,1	61,54,51,45,41,36,34,36,40,32	0,0,0,0,0,0,0,0,0,0	41,53,27,35,40,47,31,47,41,36	150	75
2007	1,0,0,1,1,0,0,0,0,0	0,0,2,0,1,0,0,1,0,0	0,2,0,0,0,1,0,0,0,0	0,1,0,0,0,0,0,0,0,0	150	75
2009	7,2,1,4,1,5,4,5,4,2	1,3,1,2,1,0,3,1,4,1	3,3,3,4,3,1,4,6,4,5	3,4,1,2,1,2,1,1,3,5	150	75
2010	0,3,4,1,5,0,1,3,4,4	2,9,6,8,8,8,7,4,4,2	3,3,3,1,1,3,0,2,2,2	7,7,3,7,5,7,10,4,4,8	150	75
2013	13,5,8,6,8,4,11,5,10,5	4,5,10,1,3,2,6,3,3,2	5,6,9,6,5,12,3,6,5,8	3,3,1,6,4,7,5,4,5,5	150	75
2014	24,13,16,11,21,13,16,22,12,12	2,1,1,1,2,0,0,1,4,3	10,9,8,13,13,14,11,13,9,17	1,4,2,4,2,1,2,3,2,1	150	75
2015	5,2,3,4,3,4,4,5,4,3	16,8,11,8,6,12,10,5,12,6	5,2,1,5,1,2,0,0,3,5	10,18,11,18,15,9,10,19,21,8	150	75
2016	9,5,5,4,4,2,5,6,3,3	1,3,1,3,1,0,1,0,2,0	8,9,1,2,3,6,7,9,6,15	2,0,0,1,0,3,3,1,1,0	150	75
2017	1,2,6,1,5,2,3,3,1,5	263,222,271,192,202,230,213,178,235,222	1,0,1,7,2,1,3,7,2,2	249,241,235,229,211,222,251,205,207,209	150	75
2018	0,0,1,0,0,0,1,1,0,0	35,24,32,21,27,20,11,17,21,29	0,0,0,0,0,0,0,0,0,0	16,39,25,14,14,30,24,27,14,4	150	75
2019	0,0,0,0,0,0,0,0,0,0	3,2,0,3,2,2,1,0,0,3	0,0,0,0,1,0,0,0,0,0	0,3,1,2,3,0,0,1,2,2	150	75
2020	0,0,2,0,1,0,1,0,0,0	1,1,1,3,2,4,1,1,3,1	0,0,0,0,0,3,0,0,0,0	2,0,0,1,4,0,4,0,1,2	150	75
2021	4,7,8,5,9,6,7,7,15,4	170,177,202,141,167,198,169,146,152,158	10,13,7,7,10,15,2,23,12,7	172,198,127,133,175,146,178,152,156,165	147	75
2023	0,0,0,0,0,0,1,0,1,0	0,2,1,2,4,3,0,2,0,4	0,0,0,0,0,0,0,0,0,0	2,2,1,3,2,2,1,4,1,0	150	75
2024	3,2,5,4,2,0,1,2,6,2	60,69,64,49,69,62,51,52,68,54	5,1,3,1,5,3,0,3,2,3	76,74,61,55,61,66,58,58,71,59	150	75
2027	0,1,2,1,3,1,3,3,2,0	0,0,0,0,0,0,0,0,0,0	1,2,0,4,1,1,0,1,1,0	0,0,0,0,0,0,1,0,1,0	150	75
2029	0,0,0,0,0,0,0,0,0,0	0,0,0,0,1,0,0,0,0,0	0,1,0,0,0,0,0,0,0,0	0,1,0,0,0,0,0,0,0,0	150	75
2031	2,1,2,1,0,0,0,1,2,0	52,36,35,27,44,36,40,38,31,58	0,2,0,0,0,0,2,0,1,1	44,37,39,25,50,47,41,30,34,37	150	75
2032	53,54,52,36,51,40,54,47,51,43	18,11,10,11,13,5,8,12,15,18	50,54,49,41,44,54,51,62,70,45	10,16,12,13,10,12,15,20,17,20	150	75
2033	0,0,0,0,0,0,0,0,0,0	39,54,55,49,39,30,34,36,38,50	0,0,0,0,0,0,0,0,2,0	39,44,47,32,52,31,44,35,44,29	150	75
2034	0,0,0,0,0,0,1,0,0,0	1,0,0,0,0,0,0,0,0,1	1,0,0,0,0,0,0,0,0,0	0,0,0,0,0,0,0,0,0,0	150	75
2036	12,2,5,2,3,5,4,3,6,4	8,9,6,4,6,1,4,5,11,10	7,1,6,2,8,2,7,3,5,3	5,17,7,6,4,1,9,7,6,5	150	75
2037	0,0,0,0,0,1,0,1,0,0	2,0,5,0,0,2,1,1,0,1	0,0,0,0,0,0,0,0,0,0	0,1,0,0,1,0,1,0,0,4	150	75
2038	1,4,1,1,1,1,2,1,0,1	21,27,25,24,29,26,15,28,22,25	1,1,3,3,0,1,1,3,1,2	25,22,13,18,26,29,34,18,19,25	150	75
2041	40,23,46,27,29,37,38,34,34,51	2,1,2,2,0,0,0,0,4,2	52,46,43,37,42,24,42,35,31,27	0,0,3,0,3,0,2,1,0,2	150	75
2044	7,10,11,14,4,7,16,7,13,6	0,0,0,3,0,0,2,0,0,1	10,12,7,11,11,9,14,7,7,11	0,1,1,0,0,0,0,1,0,0	150	75
2046	0,0,0,0,0,0,2,0,0,0	2,0,5,2,1,6,6,2,0,3	0,0,1,2,0,0,1,0,0,1	8,2,3,4,5,7,2,1,2,4	150	75
2049	0,0,0,0,0,0,1,2,0,0	6,0,3,0,4,0,1,5,3,3	2,0,0,0,0,0,0,0,0,0	0,5,1,2,0,2,3,3,0,1	150	75
2050	1,0,0,0,0,0,0,0,1,1	8,6,2,4,1,5,8,6,4,5	2,1,1,1,0,0,0,1,1,0	8,2,2,3,4,5,2,4,5,5	150	75
2052	5,4,2,5,1,4,0,5,5,5	15,28,16,18,16,19,11,18,16,21	6,3,2,6,6,2,1,4,3,3	21,28,20,16,19,19,27,23,20,13	150	75
2053	24,18,22,12,13,15,21,13,21,12	1,1,0,1,0,2,0,1,0,0	15,12,8,9,15,16,17,18,13,18	1,0,0,0,1,0,0,0,1,0	150	75
2054	5,2,10,12,8,7,5,7,6,10	67,90,64,59,59,68,44,63,61,70	14,12,4,9,13,11,14,9,11,8	64,66,59,65,80,51,62,71,50,45	150	75
2055	0,0,1,0,0,0,0,0,0,0	2,0,0,0,0,1,0,0,1,1	0,0,0,0,0,0,0,0,1,0	1,2,1,0,0,0,0,0,0,0	150	75
2056	2,2,1,1,0,1,1,2,2,1	6,5,5,9,4,3,4,5,1,2	2,3,0,1,5,4,6,2,1,2	3,2,1,3,1,3,4,1,2,2	150	75
2058	11,11,13,9,6,8,4,7,10,6	83,79,89,64,73,84,64,74,77,68	5,11,10,5,9,5,8,5,10,9	69,106,96,88,78,83,65,63,63,58	150	75
2059	63,45,43,50,50,47,48,36,36,36	1,3,2,1,2,2,1,0,2,5	48,44,46,37,46,41,35,50,46,40	2,2,0,5,0,4,3,2,2,2	150	75
2060	4,10,9,1,7,12,12,5,10,8	49,55,62,35,36,36,49,44,39,37	8,13,8,10,3,3,9,5,14,9	58,57,52,47,53,48,40,43,44,37	150	75
2061	9,10,4,3,3,3,4,11,9,4	4,9,16,2,10,8,10,4,9,15	3,10,8,7,9,5,2,7,2,4	7,9,7,4,10,7,3,6,9,10	150	75
2062	5,13,7,6,4,8,8,7,4,6	79,61,78,52,64,63,63,73,65,63	4,8,10,7,4,12,3,10,2,9	66,85,58,67,52,69,64,51,55,65	150	75
2063	64,47,56,45,55,49,52,35,37,43	329,341,389,286,302,315,267,263,265,294	47,47,45,45,41,59,47,46,52,45	309,303,278,272,303,337,348,247,301,270	150	75
2064	0,1,0,0,0,1,0,0,0,0	0,0,1,1,1,0,0,0,0,2	0,0,0,1,0,0,0,1,0,0	0,0,0,0,0,0,0,0,0,0	150	75
2065	48,54,55,46,33,55,39,44,38,40	0,0,0,0,0,0,0,0,0,0	40,47,31,40,49,41,50,45,47,42	0,1,0,0,0,0,0,0,0,2	150	75
2066	38,30,21,37,38,37,18,27,33,38	2,7,7,2,4,2,4,2,3,6	38,29,35,47,24,32,43,40,39,33	4,8,1,1,0,3,2,4,4,4	150	75
2067	1,2,1,1,3,0,1,3,1,3	1466,1448,1432,1194,1205,1501,1064,1072,1320,1258	2,1,1,1,3,1,2,2,5,1	1328,1455,1199,1250,1308,1292,1528,1291,1233,1304	150	75
2068	1,1,2,1,2,1,0,1,1,0	119,99,116,105,95,113,94,91,130,111	2,2,1,2,0,1,0,2,1,3	105,110,104,112,119,159,100,93,110,100	150	75
2070	2,1,0,1,2,0,1,1,1,3	4,5,2,2,3,5,3,0,1,5	1,2,8,0,2,5,0,1,0,2	4,3,1,0,0,4,6,1,2,2	150	75
2071	5,7,1,1,4,2,5,1,1,5	43,48,48,40,26,50,24,33,46,40	3,2,9,3,2,10,3,0,6,0	43,34,38,39,39,41,43,41,39,47	150	75
2072	2,3,2,2,1,3,0,1,2,1	56,54,50,52,39,56,40,39,51,52	0,1,1,2,1,4,2,3,2,1	60,53,64,63,67,55,48,43,39,47	150	75
2073	1,2,2,3,0,2,1,1,0,4	2,2,0,3,0,0,1,1,0,0	1,2,1,1,1,2,3,3,2,1	0,1,1,1,0,0,1,1,0,1	150	75
2074	1,2,0,1,0,0,0,2,0,0	0,0,0,0,1,0,0,0,0,0	1,0,0,1,1,0,0,1,2,1	0,0,0,0,0,0,0,0,0,0	150	75
2075	2,4,5,3,2,1,1,2,1,3	7,9,6,15,8,9,9,5,15,10	3,8,2,3,1,2,0,5,4,2	12,12,16,10,20,17,6,4,18,5	150	75
2076	3,1,3,1,3,1,1,3,3,0	718,773,692,579,597,664,568,611,776,600	4,3,3,1,2,1,2,8,5,7	527,696,591,736,535,653,794,681,555,713	150	75
2079	23,35,39,19,24,23,22,26,20,29	0,1,1,0,0,0,2,0,0,1	19,29,29,27,24,22,40,23,22,21	0,0,0,0,0,0,3,0,0,2	150	75
2080	1,2,1,2,0,1,1,0,0,0	22,28,22,29,19,16,23,21,21,27	2,0,0,2,1,2,0,1,1,0	18,28,12,25,26,23,15,15,18,17	150	75
2081	3,0,1,5,3,2,5,3,9,2	45,41,41,45,42,39,43,34,21,28	2,7,2,6,1,2,4,1,3,8	26,26,28,27,30,35,40,32,35,23	150	75
2082	3,3,3,5,2,2,5,6,4,1	53,50,46,53,51,26,50,39,47,46	1,5,3,3,1,0,3,3,1,2	44,56,52,48,59,43,51,47,50,45	150	75
2092	28,28,31,28,29,21,25,21,21,30	1,1,2,0,2,1,1,1,1,0	26,29,28,31,22,38,28,38,23,33	2,1,1,3,1,4,2,0,1,1	150	75
2093	46,53,37,38,29,43,34,39,45,27	2,0,3,0,0,0,0,0,0,4	32,59,31,31,45,33,56,28,47,45	0,2,0,0,0,3,0,1,0,0	150	75
2094	45,50,32,35,29,42,34,37,42,26	2,3,7,2,6,5,3,8,3,4	32,57,31,30,44,32,53,26,47,45	6,0,6,1,1,1,6,4,4,2	150	75
2097	3,2,1,0,1,2,1,2,0,3	58,43,44,52,50,38,49,53,45,50	1,4,1,1,0,0,1,1,0,2	42,64,36,41,51,52,58,52,40,46	150	75
2098	0,1,2,1,0,1,0,0,1,0	2,1,2,1,0,4,0,1,1,0	0,2,0,0,0,0,0,1,0,0	0,0,0,3,0,0,1,0,0,1	150	75
2099	1,0,1,1,0,1,1,0,0,0	20,32,21,21,20,21,14,14,22,18	1,0,0,3,1,0,0,0,0,1	21,30,20,22,19,31,16,24,21,10	150	75
2100	1,1,1,1,1,0,0,1,0,0	50,36,51,51,37,45,31,21,30,43	0,5,1,1,1,1,0,2,0,2	33,44,71,46,38,54,26,41,45,52	150	75
2101	2,4,2,2,4,4,3,1,6,2	74,59,63,62,48,65,21,30,41,47	1,11,9,3,3,5,1,2,3,5	45,55,72,50,56,68,44,50,53,40	150	75
2102	123,120,135,110,120,94,97,97,115,120	0,0,0,0,0,0,0,0,0,1	131,157,168,118,130,138,102,130,118,127	0,0,0,0,0,0,0,0,0,0	150	75
2103	0,1,2,0,0,0,0,0,0,0	65,80,47,60,49,57,52,46,51,43	0,0,0,0,0,0,0,0,0,0	56,44,44,36,47,71,63,46,56,49	150	75
2105	0,0,0,1,0,2,0,1,2,0	9,22,19,13,14,14,18,12,8,17	1,0,1,0,0,0,0,0,0,0	11,11,16,12,11,19,18,9,10,14	150	75
2106	6,1,6,3,1,3,3,3,2,6	3,4,3,2,3,2,3,1,2,1	1,2,2,2,2,3,4,2,5,2	1,1,3,3,8,3,2,3,2,2	150	75
2107	3,3,1,0,0,1,2,3,4,0	937,891,847,756,786,854,680,706,768,773	3,1,2,1,1,1,4,0,3,1	791,893,770,737,767,867,775,737,790,729	150	75
2108	2,3,4,4,2,6,2,2,7,1	174,107,154,125,137,116,106,136,140,122	0,1,2,3,5,2,1,0,0,0	127,160,120,161,145,159,150,113,118,124	150	75
2109	595,526,574,497,493,536,421,461,489,543	0,2,1,0,0,1,0,0,0,0	501,601,472,510,527,524,615,471,489,558	1,0,0,2,0,1,2,1,1,1	144	75
2110	1,1,0,0,3,0,0,1,1,0	1,0,1,1,1,0,0,3,2,2	0,4,0,0,0,1,0,0,0,0	0,5,0,0,0,4,0,0,0,0	150	75
2112	43,77,46,64,44,45,46,56,60,40	0,0,0,0,0,0,1,1,0,1	45,65,30,51,36,36,42,54,43,63	1,1,1,0,0,2,0,3,0,0	150	75
2113	49,79,52,72,48,54,69,76,69,44	1,5,3,3,0,6,4,1,1,3	53,73,37,62,44,39,44,50,50,64	2,1,5,0,2,5,2,6,6,3	150	75
2114	2,0,2,3,3,0,5,5,0,3	6,7,4,4,5,6,4,5,8,11	3,7,2,3,0,0,2,4,2,0	13,4,8,9,8,5,1,5,3,5	150	75
2115	11,6,8,9,9,7,12,6,10,14	793,799,950,732,789,796,676,554,675,771	5,14,12,10,12,6,12,15,8,8	808,729,801,732,726,795,710,675,682,759	150	75
2116	1,5,0,4,5,7,1,0,0,5	3,1,2,0,0,1,1,1,2,2	1,4,0,3,1,1,0,2,0,0	2,2,2,3,0,3,1,0,0,1	150	75
2118	2,0,2,0,0,0,0,1,2,0	0,0,1,0,0,0,0,0,1,1	1,2,1,2,1,1,0,1,0,0	0,0,0,0,0,0,0,0,0,1	150	75
2119	178,193,161,129,117,170,116,136,128,148	3,2,4,7,6,7,2,3,1,2	128,179,124,134,162,152,144,138,130,169	1,0,0,3,8,8,3,5,6,4	150	75
2120	6,9,9,4,4,8,7,9,2,4	910,871,913,805,768,923,727,698,732,740	4,9,4,2,10,5,6,4,4,5	787,911,690,747,728,828,873,752,802,828	150	75
2121	5,2,2,3,2,2,2,4,0,0	170,198,186,166,165,163,172,131,145,167	0,1,1,2,2,1,1,4,4,1	161,195,162,161,156,154,180,137,155,183	150	75
2122	303,367,334,315,318,316,300,268,296,306	0,0,0,0,0,0,0,0,0,0	319,334,296,302,334,309,302,287,280,322	0,1,0,0,0,0,0,0,0,1	150	75
2123	13,24,19,19,22,18,30,23,27,19	318,361,375,318,268,329,266,250,280,295	17,18,17,21,10,18,13,21,19,23	355,299,278,284,341,280,289,269,268,306	150	75
2124	14,21,17,10,9,15,17,13,6,12	294,312,321,267,218,271,258,236,286,236	8,18,8,19,18,10,11,9,6,19	295,276,244,272,313,299,292,274,233,263	150	75
2125	3,5,2,2,2,2,6,3,1,2	20,29,21,15,20,13,16,11,12,24	1,4,1,3,8,2,0,3,3,2	7,10,26,16,18,16,13,21,18,23	150	75
2126	3,2,2,0,2,0,5,1,0,1	45,34,28,24,29,25,19,11,19,27	4,2,0,3,1,5,4,0,1,0	20,24,17,25,27,16,19,27,21,24	150	75
2127	2,2,3,0,3,1,0,2,0,0	3,4,0,3,0,0,2,0,1,0	1,3,1,0,0,1,0,1,0,0	1,1,2,0,0,1,1,1,1,1	150	75
2128	2,2,4,2,1,0,0,2,1,0	14,31,12,9,14,20,19,9,15,12	1,3,1,0,2,2,0,1,0,3	15,13,16,14,9,22,16,23,15,26	150	75
2129	5,4,6,5,6,4,4,8,4,8	44,42,48,45,30,50,38,29,50,45	9,7,8,7,4,8,5,7,8,6	48,54,45,48,54,33,36,33,37,41	150	75
2130	0,0,0,0,0,0,0,0,1,0	92,67,63,68,61,51,60,67,55,56	0,0,0,1,0,0,1,0,0,0	65,58,57,65,72,66,66,63,52,58	150	75
2131	110,88,127,83,77,107,103,91,129,106	11,9,6,7,4,4,2,5,7,1	92,160,81,101,83,109,109,78,103,88	4,7,4,8,5,2,6,4,9,2	150	75
2132	4,6,2,3,0,4,1,4,3,3	1,1,3,1,0,0,1,0,0,0	0,3,3,2,3,2,1,0,0,1	1,2,0,0,2,3,4,1,1,2	150	75
2133	1,2,1,2,0,0,1,1,2,1	22,21,29,21,27,24,20,25,20,30	0,1,1,2,2,0,2,1,0,1	20,27,27,21,33,46,18,20,21,17	150	75
2137	8,9,7,7,13,10,3,10,4,7	0,1,1,0,1,2,3,0,0,0	5,6,8,11,9,7,5,12,7,4	0,0,0,0,0,0,0,0,2,2	150	75
2138	8,5,6,7,14,11,1,7,16,10	0,0,1,0,0,0,0,0,0,0	9,7,5,13,10,9,7,8,6,10	0,0,0,0,0,0,1,0,0,0	150	75
2139	0,2,0,0,0,0,0,1,0,1	28,26,37,31,27,24,17,22,22,30	0,0,0,3,1,1,0,2,0,1	27,28,21,20,23,20,18,24,22,29	150	75
2140	1,3,1,2,4,4,5,2,0,1	27,43,16,37,24,20,25,17,15,23	0,1,1,2,0,0,1,6,2,1	20,26,16,23,29,29,17,22,26,24	150	75
2141	0,0,0,1,1,0,2,0,0,1	11,18,26,16,10,10,15,10,9,15	0,0,0,2,0,0,0,0,1,0	9,19,15,16,18,10,13,9,9,11	150	75
2142	1,0,0,0,1,0,0,0,2,1	1,1,0,0,0,0,0,0,0,0	1,1,1,4,0,2,1,1,0,1	1,2,0,0,0,0,0,0,0,0	150	75
2143	24,40,22,28,31,34,33,22,35,28	50,60,74,42,58,62,58,68,51,45	27,18,30,31,36,26,30,18,28,31	52,62,53,59,66,66,66,39,74,63	150	75
2144	4,0,9,7,4,3,11,6,7,4	23,29,25,20,24,23,28,16,30,14	4,5,12,12,3,11,2,4,8,6	24,21,17,19,16,27,22,18,17,19	150	75
2145	5,10,3,5,2,9,13,6,7,9	168,194,181,163,143,174,139,127,133,146	6,11,6,6,7,10,6,6,12,14	119,178,144,177,134,172,178,168,150,147	150	75
2147	45,41,47,50,45,27,50,48,49,30	3,3,4,8,7,4,3,7,3,8	40,51,24,35,45,28,31,44,48,44	8,6,1,10,4,7,6,8,9,5	150	75
2149	304,277,317,271,256,257,260,246,257,254	10,12,15,9,14,5,18,13,7,10	288,296,232,239,262,307,305,311,251,263	12,14,10,14,10,9,11,17,8,8	150	75
2150	1,0,0,0,1,0,0,1,1,1	109,124,114,98,114,109,111,105,85,106	0,2,1,0,0,0,0,2,1,1	97,112,86,107,87,101,119,101,105,100	150	75
2151	2,1,2,0,1,4,5,2,2,0	60,72,57,55,43,49,44,50,59,58	0,6,2,3,3,1,1,4,2,3	75,66,52,63,61,58,70,48,75,54	150	75
2152	12,13,9,10,3,11,13,8,12,11	16,22,21,20,12,20,14,12,13,17	16,13,11,16,15,6,11,12,12,10	14,17,24,14,18,12,21,4,14,9	150	75
2153	1,0,2,2,2,1,1,2,1,0	63,67,69,51,73,59,55,42,44,66	1,1,1,0,0,2,1,2,1,0	38,45,61,68,51,58,39,50,57,44	150	75
2157	63,51,62,58,56,50,61,33,67,38	3,5,6,6,5,8,2,2,1,6	44,42,51,38,43,51,57,61,48,53	1,5,2,1,3,3,4,3,3,3	150	75
2158	18,18,21,25,18,29,25,16,28,9	3,1,3,3,2,1,3,0,1,2	24,15,18,19,19,15,20,20,24,27	0,2,0,1,3,4,2,1,1,0	150	75
2159	32,25,23,25,24,18,28,24,19,30	1,0,4,0,0,2,0,0,1,1	32,26,21,28,17,20,28,29,31,26	0,1,3,0,0,2,1,1,0,1	150	75
2160	47,46,31,32,26,22,46,35,44,44	83,90,84,85,65,85,55,60,70,65	38,44,28,31,30,44,34,33,36,37	65,60,74,60,78,66,68,54,74,75	150	75
2161	88,104,102,84,71,79,93,70,72,80	5,0,1,2,0,2,2,1,3,4	89,90,94,95,98,85,63,85,82,72	0,2,4,2,5,4,4,1,0,4	150	75
2162	14,16,9,25,15,10,13,12,12,7	14,16,14,11,15,13,8,13,6,12	15,15,14,12,7,8,12,10,17,10	12,10,6,17,6,14,17,18,13,13	150	75
2163	16,10,20,21,17,18,20,21,21,21	5,9,6,6,2,4,14,3,5,10	14,22,25,22,13,15,9,12,28,24	6,6,3,2,5,2,3,4,6,1	150	75
2164	0,0,4,3,1,2,1,3,2,0	3,5,12,8,8,3,6,10,14,9	0,1,0,1,0,3,2,0,0,2	9,6,4,9,12,9,13,3,6,5	147	75
2165	0,2,1,1,1,2,2,1,1,2	3,0,2,0,0,4,0,3,2,2	1,2,0,1,3,0,1,0,0,1	1,1,2,0,3,1,2,2,0,1	150	75
2166	0,2,0,1,1,2,2,1,1,2	8,3,4,7,6,5,4,1,6,5	1,2,0,1,3,0,1,0,0,0	2,6,3,4,2,3,7,4,3,4	150	75
2167	30,47,32,45,29,35,31,35,47,37	35,37,54,44,37,44,43,28,41,33	41,50,37,50,36,44,50,35,56,45	30,42,41,48,47,50,60,45,37,29	150	75
2168	1,1,2,2,1,0,1,0,1,0	4,6,5,4,7,9,7,4,6,2	1,0,0,1,1,2,0,2,0,1	6,1,6,8,10,6,7,3,11,4	150	75
2169	3,2,5,2,4,3,5,6,3,3	3,2,4,4,1,1,1,1,1,4	0,1,1,5,3,4,2,5,4,5	2,1,0,1,2,1,4,2,0,2	150	75
2173	2,5,3,1,5,4,4,2,3,2	2,4,1,1,3,3,3,0,1,3	4,4,7,9,3,4,0,5,7,4	1,2,0,2,0,3,1,0,1,2	149	75
2174	49,47,54,38,44,44,56,39,31,44	11,12,10,13,8,5,4,7,10,16	36,47,45,58,65,67,47,59,38,38	6,7,5,14,6,11,14,6,12,12	150	75
2175	60,46,60,40,49,45,56,40,34,44	9,7,3,7,9,3,6,4,2,4	43,50,48,55,69,70,49,60,40,44	10,8,7,1,11,10,7,7,2,13	150	75
2176	4,4,3,7,2,2,4,4,4,8	18,21,25,22,18,19,25,18,16,38	1,6,6,3,9,12,5,5,8,6	24,26,21,19,28,19,30,22,34,22	150	75
2177	13,17,12,9,13,7,12,12,9,13	26,33,41,21,31,24,28,26,23,34	8,14,17,8,12,15,20,19,9,19	35,48,19,42,34,31,37,37,41,34	150	75
2178	0,0,0,0,1,0,0,0,0,0	1,0,1,3,0,0,1,1,2,0	0,0,0,1,0,0,0,0,0,0	0,3,1,2,0,0,5,0,0,2	150	75
2179	0,0,0,0,0,0,2,0,1,0	58,74,50,42,53,61,44,45,45,52	1,0,0,0,0,0,0,0,0,0	43,56,47,58,52,42,55,49,48,46	150	75
2180	0,2,2,0,1,1,0,0,1,0	33,37,26,26,22,21,15,13,22,22	0,0,0,0,3,0,0,0,0,1	17,27,16,24,20,19,26,27,18,18	150	75
2181	53,66,53,48,57,47,55,46,45,52	0,1,0,1,0,1,0,0,0,0	46,58,43,44,46,39,48,36,60,37	0,0,1,2,1,1,0,0,0,1	150	75
2182	34,31,33,30,35,27,36,20,36,41	0,2,1,3,0,4,2,5,1,7	33,47,42,34,24,23,36,30,36,26	1,1,4,0,3,2,3,2,1,6	150	75
2183	50,58,31,53,39,50,44,45,45,51	47,67,41,64,46,58,53,42,45,65	53,59,48,45,38,33,54,37,49,46	83,53,46,43,60,46,53,45,87,66	150	75
2184	11,16,13,10,22,14,19,15,10,11	138,151,123,128,148,163,101,112,124,124	23,21,23,23,19,18,15,22,14,17	128,133,137,154,123,134,145,124,142,135	150	75
2185	188,171,177,158,167,169,135,135,151,157	9,16,4,8,6,14,10,12,10,11	172,177,167,157,171,152,189,150,169,184	16,8,15,5,10,10,10,8,17,10	150	75
2186	3,11,5,3,3,8,15,7,5,16	373,344,387,286,294,307,273,270,242,349	10,5,1,14,12,3,5,9,15,7	344,346,329,330,317,281,341,328,302,262	150	75
2187	3,4,13,9,6,1,9,5,5,2	116,115,136,106,120,144,100,98,121,115	6,3,4,2,3,1,2,2,3,1	116,101,137,113,112,117,136,123,162,135	150	75
2188	18,18,18,17,21,21,12,11,5,15	4,15,6,2,4,6,5,5,3,4	16,15,9,16,21,12,20,10,15,13	5,6,0,2,2,2,6,3,4,7	150	75
2189	13,14,29,17,14,26,11,11,14,15	129,124,121,125,104,116,110,95,109,99	16,18,14,10,18,22,21,14,17,19	105,111,99,125,115,121,101,109,85,119	150	75
2190	16,18,21,23,18,26,12,17,20,17	2,2,7,1,6,1,1,1,4,6	8,19,17,21,21,13,15,20,13,7	2,7,3,4,1,5,6,2,2,2	150	75
2191	11,3,17,9,13,15,10,10,8,11	14,6,12,9,13,11,17,6,13,6	8,5,11,8,10,12,15,7,15,10	7,16,2,9,10,15,14,8,12,9	150	75
2192	3,3,1,0,1,0,0,2,0,0	2,0,4,0,3,0,1,2,5,3	1,2,0,1,2,0,0,3,0,0	0,3,2,0,4,2,1,3,2,1	150	75
2193	15,12,12,10,12,10,17,11,9,9	154,141,161,152,139,171,139,107,138,154	13,14,14,13,7,8,11,16,20,13	145,168,124,156,144,186,146,159,121,162	150	75
2195	0,1,0,0,0,0,0,0,0,0	0,1,0,1,0,0,0,0,0,0	0,0,0,0,0,0,0,0,0,0	0,0,1,0,0,0,0,0,0,0	150	75
2196	0,0,0,0,0,1,0,1,1,0	0,0,3,0,0,1,1,0,0,1	0,0,0,1,2,0,1,1,1,1	0,1,0,1,0,0,0,0,0,0	150	75
2200	4,2,8,4,2,3,5,2,6,1	70,51,64,54,51,75,53,50,52,51	2,4,1,2,6,1,2,2,2,4	53,56,48,66,61,58,64,62,46,55	150	75
2201	7,7,10,9,8,5,10,5,9,14	2,1,1,1,2,2,2,1,2,5	4,7,6,7,10,6,10,4,4,5	0,0,0,0,2,0,3,2,3,0	150	75
2202	0,2,2,1,2,4,1,3,1,2	69,57,68,55,63,56,47,46,53,65	0,1,1,1,0,2,0,3,0,2	59,74,69,56,71,77,56,60,70,60	150	75
2203	21,16,19,37,19,19,25,19,17,15	37,37,42,37,37,36,49,37,31,43	17,28,19,16,21,22,24,22,17,20	38,46,40,37,38,36,41,38,36,34	150	75
2204	0,0,0,0,0,0,0,1,0,1	96,118,88,89,103,95,82,84,92,93	1,0,0,1,0,0,0,0,0,2	106,93,89,98,84,109,101,82,85,79	150	75
2205	3,0,1,3,2,3,3,4,6,1	30,45,43,30,47,41,35,29,30,30	4,1,2,2,2,2,0,1,2,7	42,30,30,42,42,24,34,42,35,37	147	75
2207	1,0,1,0,0,0,0,0,0,0	21,10,20,11,15,5,7,19,17,25	0,0,0,0,0,0,0,0,0,0	5,24,20,11,5,31,8,10,10,6	150	75
2209	3,1,6,0,2,6,2,2,4,2	112,113,119,103,102,104,74,97,90,95	3,2,3,6,4,1,5,5,2,2	104,108,82,73,90,90,99,105,83,95	150	75
2210	22,24,23,26,18,15,29,26,33,20	101,101,115,113,81,101,103,77,93,98	16,25,22,26,15,21,21,10,13,28	112,107,93,115,97,133,75,88,102,96	150	75
2211	0,0,0,2,1,3,3,6,2,6	50,73,56,59,63,69,37,48,34,74	1,4,1,0,1,1,2,4,2,0	48,71,58,49,57,61,64,56,61,44	150	75
2212	22,18,14,20,15,13,18,31,17,19	4,3,2,2,0,0,3,0,3,3	12,27,16,16,15,13,17,13,30,14	1,0,1,0,2,0,5,0,2,1	150	75
2213	25,15,14,21,16,12,15,32,17,18	60,56,55,51,41,56,49,41,46,56	13,22,15,17,14,12,17,10,30,14	55,53,42,50,53,51,49,46,44,56	150	75
2214	5,0,1,3,0,0,6,6,4,5	21,19,26,27,24,22,17,25,18,26	1,5,2,5,1,1,1,0,1,4	20,28,25,18,20,21,21,15,24,12	150	75
2215	1,2,6,6,3,7,3,3,4,3	0,0,0,1,2,0,0,1,2,0	1,6,2,7,2,6,5,1,1,8	0,1,2,1,2,1,0,0,0,0	150	75
2217	0,0,1,0,0,0,0,0,0,0	22,33,19,34,29,23,25,17,27,13	0,0,0,0,0,0,0,0,0,0	12,25,21,21,15,26,26,14,16,25	150	75
2221	16,20,19,23,25,18,15,18,18,14	2,3,0,1,0,4,0,2,0,1	8,25,19,11,14,21,26,22,27,14	0,3,0,1,0,2,5,2,2,3	150	75
2222	1,2,2,2,1,0,0,1,0,0	4,7,4,7,9,6,14,4,4,3	1,0,0,2,4,0,1,1,1,2	4,10,6,7,2,4,9,4,4,7	146	75
2223	26,23,21,23,14,20,13,17,27,25	0,0,0,0,0,0,0,0,0,0	18,24,16,6,26,17,21,12,8,20	0,0,0,0,1,0,0,0,1,0	150	75
2224	0,1,0,2,1,0,1,1,2,0	25,24,14,23,20,16,25,20,25,19	1,0,1,0,1,2,2,2,0,0	19,24,24,30,36,18,32,22,21,22	150	75
2225	3,3,3,0,5,4,3,3,2,1	49,51,53,59,44,38,60,57,57,50	3,4,2,3,3,0,2,3,3,3	59,43,50,45,50,47,53,49,45,42	150	75
2226	21,29,23,28,28,11,28,27,29,17	616,590,538,502,466,535,427,447,521,502	24,26,17,20,20,21,26,27,22,30	458,561,430,452,503,516,560,560,427,444	150	75
2227	4,6,1,1,0,1,2,2,1,2	113,89,108,117,107,117,81,91,82,82	1,5,2,5,2,1,1,4,3,2	90,112,101,103,88,91,114,100,106,89	150	75
2228	0,0,1,1,1,0,0,0,0,0	104,98,102,111,99,89,94,76,68,91	3,1,0,2,0,1,0,1,2,0	93,105,83,83,98,94,88,93,99,72	150	75
2229	1,2,0,3,4,2,0,4,4,0	106,94,104,88,82,92,75,71,87,84	3,1,4,5,2,4,2,4,3,2	88,88,81,88,64,79,71,86,80,72	150	75
2233	0,1,0,2,0,0,0,0,0,0	17,13,12,9,16,16,9,9,5,11	0,0,0,0,0,0,1,0,1,0	15,9,11,11,8,10,11,16,8,8	150	75
2234	1,2,2,0,2,3,1,1,0,0	46,48,35,29,34,29,42,30,24,40	0,2,2,3,2,0,0,0,1,1	35,46,32,37,29,31,33,22,37,17	150	75
2235	1,4,2,1,2,1,3,2,6,4	0,0,0,0,0,0,0,0,0,0	4,7,2,7,7,5,4,7,10,4	1,0,0,0,0,0,0,0,0,0	150	75
2236	4,1,1,2,0,0,2,6,2,2	33,44,43,30,59,36,40,25,31,26	0,1,2,3,1,3,3,1,3,2	54,40,47,46,34,47,41,33,36,32	150	75
2237	0,1,1,0,0,0,0,1,0,1	43,37,48,33,32,31,46,24,38,35	0,0,0,0,0,0,0,0,0,0	51,45,38,42,50,48,44,42,42,40	150	75
2238	0,0,3,1,1,0,0,2,1,0	52,36,38,35,34,36,18,29,39,31	2,1,4,2,0,1,2,2,1,0	32,33,40,25,28,32,37,21,31,27	150	75
2239	2,4,0,1,4,0,3,0,3,0	893,848,859,762,785,884,724,623,781,773	2,0,4,1,1,0,2,1,0,4	748,910,723,707,799,805,753,798,692,796	150	75
2240	6,6,2,3,4,7,3,2,5,0	149,179,164,112,138,146,120,118,132,153	3,5,2,3,3,4,2,2,2,3	145,154,130,130,135,168,145,146,126,157	150	75
2241	135,127,169,132,118,131,105,135,115,140	3,1,0,1,0,3,2,0,0,1	140,146,139,125,137,152,121,112,126,119	1,2,3,1,1,1,0,0,0,1	150	75
2243	1,0,0,2,0,0,4,0,0,0	0,0,2,0,0,0,1,0,0,0	3,0,0,0,0,0,2,1,0,1	0,0,0,0,0,0,0,0,0,0	150	75
2244	1,0,0,2,0,0,4,0,0,0	26,22,15,16,17,15,13,9,23,21	3,0,0,0,0,0,2,1,0,1	6,21,10,21,9,24,15,11,11,17	150	75
2245	3,1,0,2,0,1,0,4,0,0	27,29,21,24,22,24,18,29,23,16	1,1,0,0,0,0,0,0,1,1	19,37,23,34,22,17,22,18,18,29	150	75
2248	0,0,0,1,0,0,0,1,1,1	120,98,124,86,110,101,89,96,112,121	0,1,1,0,0,1,1,0,3,0	107,116,121,94,107,118,108,103,113,112	150	75
2251	1,0,0,0,0,0,0,0,0,0	2,1,0,2,0,1,2,3,0,0	0,0,0,0,0,0,0,0,0,0	2,0,0,0,0,1,1,0,0,0	150	75
2252	0,1,0,0,0,0,3,0,2,0	4,0,3,0,0,0,0,1,0,0	0,0,0,0,0,1,0,0,0,0	1,0,0,0,0,1,0,0,0,1	150	75
2253	21,16,24,13,13,9,19,20,13,15	0,0,0,0,0,0,0,0,0,0	13,28,9,12,15,18,15,10,16,12	0,0,0,1,0,0,0,0,0,2	150	75
2254	21,15,24,13,13,9,19,18,12,14	0,0,0,0,0,0,0,0,0,0	12,27,9,10,14,18,12,8,16,11	0,0,0,1,0,1,0,0,0,0	150	75
2255	7,5,4,1,3,0,1,4,4,2	4,2,3,1,7,0,4,2,3,2	5,4,2,1,3,2,3,5,0,3	1,7,4,5,7,3,6,5,1,2	150	75
2256	1,1,0,0,1,0,1,4,1,0	5,2,2,6,3,5,3,6,3,8	0,3,1,1,0,0,0,0,1,1	4,3,4,4,7,5,10,7,8,5	150	75
2257	15,10,13,19,17,7,13,11,5,15	0,0,0,0,0,0,0,0,0,0	8,16,16,8,8,10,15,14,5,8	0,0,0,0,0,0,0,0,1,0	150	75
2258	0,1,0,0,0,0,1,0,0,0	3,10,5,1,4,3,5,2,4,2	0,0,0,1,0,0,0,0,0,0	4,4,8,6,8,4,2,4,5,4	150	75
2259	0,0,0,0,0,0,0,0,0,0	0,0,0,0,0,0,0,0,0,1	0,0,0,1,1,0,0,1,0,0	0,1,0,0,0,2,0,0,0,0	150	75
2260	1,0,1,1,4,1,0,0,3,0	12,19,6,15,15,18,9,9,19,21	0,4,0,3,3,0,0,0,4,3	18,13,9,9,12,18,13,9,9,9	150	75
2261	1,2,0,0,0,0,1,1,0,0	45,46,40,34,46,38,36,31,42,29	0,2,0,0,1,0,0,0,0,0	36,30,21,27,37,42,42,35,32,33	150	75
2262	9,7,12,7,5,8,12,15,13,2	331,370,349,331,289,407,304,301,266,323	6,10,12,8,9,7,15,6,3,9	314,347,332,268,324,349,307,332,319,314	145	75
2263	0,0,0,0,2,0,0,0,1,0	23,30,25,29,30,23,23,13,21,15	0,1,0,0,0,1,0,0,0,1	25,23,30,17,24,19,28,30,26,24	150	75
2264	2,3,4,0,1,3,5,2,3,2	4,0,1,2,1,0,2,0,0,1	3,2,2,3,0,6,4,2,3,0	1,2,0,0,3,0,3,1,2,2	150	75
2266	0,0,0,1,2,0,1,1,1,2	43,23,44,27,28,30,30,30,32,42	2,2,0,1,1,2,1,2,1,4	33,51,46,52,50,36,40,42,37,53	150	75
2267	24,22,26,23,19,24,14,20,10,12	4,5,3,2,5,4,1,4,1,1	10,19,19,19,12,14,19,31,25,13	3,6,1,4,5,1,3,4,2,5	150	75
2268	4,2,1,3,0,1,1,3,2,0	12,18,19,11,11,22,11,19,21,12	2,0,0,2,1,1,0,2,1,4	16,14,17,14,20,17,14,20,12,16	150	75
2270	1,1,0,1,1,0,1,1,1,0	0,0,0,0,0,0,0,0,0,0	1,0,0,1,0,3,1,1,0,0	0,0,0,2,0,0,0,0,0,0	150	75
2271	3,2,3,1,1,1,8,1,3,2	30,15,19,24,15,17,20,16,29,24	2,4,3,4,2,1,1,1,3,3	24,24,23,19,20,15,23,14,20,10	150	75
2272	0,0,0,1,0,0,0,2,1,1	15,9,4,8,5,7,4,5,4,11	0,2,0,1,0,0,0,1,1,0	9,4,4,6,4,10,6,6,7,6	76	75
2274	4,4,3,2,1,1,4,3,0,2	321,335,385,316,320,355,296,276,296,310	2,6,0,4,2,4,4,1,1,3	297,295,279,272,350,305,335,297,281,270	150	75
2275	201,174,224,191,190,196,162,150,190,179	1,5,3,0,0,3,5,1,5,2	172,187,170,177,179,182,152,212,177,167	5,3,4,1,2,3,1,1,3,2	150	75
2276	5,6,5,4,2,4,7,5,3,1	138,134,154,117,131,112,111,116,100,140	2,3,2,6,0,1,2,5,2,6	136,138,126,146,125,112,138,133,120,101	146	75
2277	0,2,0,3,0,0,0,0,0,3	122,106,127,105,100,119,105,88,96,107	0,1,2,2,6,1,0,0,3,0	121,107,110,100,93,102,100,99,85,104	150	75
2278	7,6,8,12,11,8,9,7,9,9	232,203,225,221,197,217,168,172,192,217	6,9,8,12,3,3,12,6,4,7	188,222,199,169,226,232,206,200,200,203	150	75
2279	2,0,0,0,0,0,0,0,2,0	0,0,0,0,0,0,0,0,0,0	1,5,1,1,1,0,1,0,0,0	0,1,0,0,0,1,0,0,0,0	150	75
2281	0,0,1,0,0,1,0,0,1,0	165,159,174,151,155,144,115,138,111,143	1,0,0,0,0,0,0,0,1,0	141,171,142,161,137,144,159,157,137,164	150	75
2282	0,0,0,1,0,0,1,2,0,1	0,0,0,0,0,0,1,0,0,0	1,1,1,2,2,1,2,2,1,0	0,0,0,0,0,0,0,0,0,0	150	75
2283	1,1,1,2,1,0,1,0,0,2	262,317,253,270,256,269,242,201,271,229	0,0,1,1,0,5,0,1,3,2	236,257,274,288,252,269,321,292,256,233	150	75
2284	0,2,3,4,2,2,3,4,1,3	0,1,0,0,0,0,0,0,0,0	4,0,2,4,2,1,6,6,4,5	0,0,0,0,1,0,0,0,0,0	150	75
2286	7,8,2,7,2,2,5,8,5,8	782,803,840,770,707,770,714,630,685,746	5,10,3,8,9,4,5,8,1,4	773,728,732,701,816,755,791,751,708,698	150	75
2287	1,0,1,1,2,2,1,2,2,0	56,52,40,41,44,38,44,37,54,37	0,0,0,0,0,0,1,1,1,1	51,49,52,69,53,60,63,45,40,31	150	75
2288	19,25,31,13,20,25,17,21,15,20	1,1,5,4,1,3,1,1,0,8	21,18,15,17,15,17,32,24,23,17	3,4,3,0,2,0,4,2,3,4	150	75
2290	28,21,23,22,22,17,30,35,26,24	38,48,67,42,50,62,49,39,32,50	20,27,13,30,20,22,22,12,26,36	43,62,46,54,52,41,47,30,46,34	150	75
2293	75,49,78,30,54,32,58,50,72,78	6,4,3,4,7,2,0,2,1,4	72,69,52,60,41,77,82,49,65,65	2,1,4,2,0,4,3,1,3,3	150	75
2294	2,2,0,1,2,2,3,3,5,1	71,75,67,61,56,76,58,51,51,70	3,3,3,3,2,2,0,1,3,7	49,83,68,64,58,57,54,61,60,67	150	75
2295	1,0,0,0,1,2,0,0,1,2	0,0,0,0,1,0,0,0,0,0	1,0,1,0,3,0,0,1,0,0	0,0,0,0,1,0,1,0,0,0	150	75
2297	5,5,6,6,3,0,2,2,4,3	31,24,27,21,21,17,15,17,18,18	4,6,2,8,5,7,4,2,5,4	13,19,26,19,13,25,24,19,19,15	150	75
2299	4,1,3,2,1,5,2,3,6,6	1,0,0,0,0,0,0,0,0,0	2,2,2,6,2,2,3,6,3,2	0,0,0,0,0,1,0,1,0,0	150	75
2301	2,1,0,1,0,0,0,0,0,0	20,22,17,20,30,21,24,24,18,22	0,0,1,0,0,0,1,0,0,0	19,26,18,23,13,23,25,23,19,31	150	75
2302	0,0,0,0,0,0,0,0,1,0	3,0,2,0,0,0,0,0,0,0	0,0,0,1,0,0,0,0,0,2	0,2,0,0,0,0,1,0,1,0	150	75
2303	7,3,3,4,2,3,4,5,3,2	119,133,167,124,141,171,144,124,110,129	5,3,4,0,3,3,4,4,5,2	138,139,143,125,135,153,164,146,133,144	150	75
2304	0,1,0,1,2,1,0,1,0,3	126,116,104,116,83,146,93,99,112,79	1,3,1,1,0,2,0,1,1,2	105,126,112,107,89,89,92,103,104,107	150	75
2306	8,4,1,8,5,3,11,7,9,4	48,53,44,38,52,35,34,29,37,32	7,8,1,3,5,7,2,3,11,4	31,47,33,49,45,40,36,38,52,54	150	75
2307	6,4,2,6,5,2,11,7,8,2	1,0,0,1,0,1,0,1,0,1	7,5,1,2,5,7,1,2,7,4	0,0,0,0,1,1,0,0,0,0	150	75
2308	1,3,5,6,9,2,5,3,4,3	65,50,63,52,43,42,51,36,50,39	2,5,6,4,1,5,5,4,5,8	33,39,49,60,63,46,56,38,45,32	150	75
2309	0,0,0,0,0,0,1,0,0,2	17,19,11,17,31,16,16,21,20,14	0,0,1,1,0,0,0,1,0,0	17,14,16,21,14,15,19,11,14,25	150	75
2312	0,0,0,1,0,0,0,0,0,0	1,4,2,0,0,0,6,1,3,1	2,0,0,0,0,0,0,2,0,0	0,6,1,1,3,1,1,2,1,0	150	75
2313	0,0,0,0,0,0,0,0,0,0	3,7,0,3,1,1,3,2,5,1	0,0,0,0,0,0,0,0,0,1	1,3,2,2,0,1,2,0,3,3	150	75
2314	0,1,0,0,0,0,1,0,0,0	1,1,3,1,0,1,2,1,1,1	0,0,1,2,0,1,0,0,0,2	1,0,0,1,0,0,1,0,2,1	150	75
2316	0,0,0,0,0,0,0,0,0,0	25,20,21,35,21,26,23,21,16,39	0,0,0,0,1,0,0,1,0,0	18,22,20,26,34,28,23,21,26,32	150	75
2317	4,5,3,0,4,0,1,1,1,1	30,26,29,26,21,26,22,21,24,34	1,4,1,1,0,1,7,1,2,1	23,23,16,18,12,21,12,11,16,26	150	75
2319	4,5,3,4,6,4,2,2,3,2	17,12,23,21,19,19,22,18,16,13	7,0,1,1,6,0,3,1,0,1	14,17,15,22,17,18,21,11,12,14	150	75
2320	0,2,1,1,0,0,3,2,4,1	9,15,16,14,15,13,12,10,7,5	1,3,0,3,0,1,2,0,0,0	15,7,10,8,8,7,3,3,7,10	150	75
2322	0,3,1,0,4,1,2,3,2,2	123,125,109,89,97,107,75,79,90,113	3,0,1,1,2,6,0,0,1,3	126,133,85,96,103,108,82,104,103,98	150	75
2323	0,0,0,0,0,0,0,0,0,0	6,5,10,5,12,5,9,7,12,10	0,0,0,1,1,0,0,2,0,0	3,17,5,8,9,2,4,4,6,5	150	75
2324	1,0,0,0,0,0,0,0,0,0	0,0,0,0,0,0,0,1,0,0	0,0,0,2,0,0,1,0,0,0	0,0,0,0,0,0,0,0,0,0	150	75
2325	0,2,2,2,1,0,2,3,1,0	23,13,13,6,14,7,3,12,9,20	0,0,0,0,2,1,0,0,1,1	8,27,11,13,14,13,17,11,11,10	150	75
2326	3,2,3,2,1,1,4,1,4,4	18,17,20,17,10,13,27,15,14,8	4,1,4,5,0,3,1,1,4,1	22,14,10,19,27,18,15,19,19,21	150	75
2327	0,0,0,0,1,0,0,0,0,0	0,0,0,0,0,0,0,0,0,0	0,0,0,0,0,0,0,0,0,1	0,1,0,0,1,0,0,0,0,0	150	75
2328	0,1,0,2,1,2,0,0,0,1	7,5,5,3,9,13,5,5,2,4	0,0,0,0,0,0,1,1,0,0	7,8,8,8,8,10,12,4,4,8	150	75
2329	0,0,1,2,0,0,0,0,0,0	7,6,1,6,8,7,0,8,5,3	0,0,1,0,1,0,0,0,0,0	5,6,4,3,8,3,3,1,3,9	150	75
2330	15,10,19,18,16,16,10,11,7,19	0,0,0,0,0,0,0,0,0,0	16,18,13,12,10,17,11,8,11,11	0,0,0,0,0,1,0,0,0,0	150	75
2331	5,1,2,0,2,4,3,2,3,4	1,0,0,0,0,0,0,0,0,0	1,0,2,1,2,2,1,0,3,2	0,0,0,0,0,0,0,0,0,0	150	75
2332	48,45,58,38,34,43,36,35,34,35	1,0,2,0,0,1,1,1,1,2	27,25,36,45,45,43,50,37,36,35	1,1,0,1,1,1,0,0,1,0	150	75
2333	27,30,27,33,25,28,26,25,29,25	31,21,18,26,21,19,9,20,17,20	29,29,25,21,33,36,32,27,36,25	19,18,18,15,22,23,26,15,22,25	150	75
2334	3,2,4,1,2,2,2,0,0,3	17,11,18,23,17,20,24,19,16,18	3,1,1,1,1,1,1,0,1,2	17,29,18,8,17,19,24,11,18,16	150	75
2335	11,5,7,4,7,4,8,7,9,11	0,0,0,0,1,0,0,0,0,1	6,7,2,11,8,9,4,9,9,4	2,0,0,1,0,0,0,0,0,0	150	75
2338	10,7,4,8,4,1,8,9,6,4	22,19,31,24,22,32,25,21,26,31	12,7,7,6,5,7,3,16,6,4	27,24,23,34,33,17,19,20,24,26	150	75
2339	22,21,17,14,16,16,20,29,16,18	4,4,4,4,6,4,5,1,8,6	22,23,26,14,18,16,16,29,15,12	4,7,4,6,9,8,7,2,3,6	150	75
2340	1,3,0,1,0,3,2,0,1,2	19,18,17,19,20,20,12,15,18,22	2,3,2,1,0,0,1,1,0,4	24,21,14,8,15,9,11,21,12,18	150	75
2341	2,3,6,0,1,2,0,0,3,2	28,27,26,24,26,21,32,15,22,34	2,1,0,0,1,1,2,4,1,0	23,27,21,22,15,15,25,35,27,24	150	75
2342	6,5,2,3,3,4,3,2,5,6	2,1,4,2,5,1,2,1,5,1	5,4,2,2,10,3,5,8,2,4	3,3,0,2,3,1,1,1,7,4	150	75
2343	4,0,0,0,1,2,1,1,0,0	7,10,10,5,8,4,5,11,6,15	1,3,3,3,1,2,0,2,7,1	8,6,9,9,10,6,4,11,1,5	148	75
2344	1,0,0,0,0,0,0,0,0,0	0,3,0,1,0,0,0,0,1,0	0,0,0,0,0,0,0,0,0,0	0,1,0,1,1,0,0,0,0,1	150	75
2345	19,18,12,19,13,14,13,15,16,11	1,0,1,1,2,1,1,0,2,2	20,19,12,7,9,15,13,17,16,17	0,2,0,1,0,3,2,0,1,1	138	75
2346	0,0,1,0,0,0,1,0,0,0	13,11,9,14,9,11,11,8,12,9	0,0,1,0,0,0,0,0,0,0	4,16,4,6,9,14,9,11,12,15	150	75
2347	5,4,5,0,4,1,10,4,3,0	11,18,14,12,8,9,13,12,11,6	5,4,3,4,1,2,4,1,2,4	17,14,20,13,17,9,8,15,13,10	150	75
2350	24,12,27,20,27,8,35,20,12,12	121,126,142,114,117,138,94,81,105,98	18,23,20,25,19,19,23,25,29,25	131,148,101,119,113,108,115,113,121,123	150	75
2351	2,5,5,4,2,0,5,4,4,2	102,131,121,89,95,114,73,86,84,106	3,8,1,5,5,4,2,3,4,4	116,123,111,87,100,94,92,83,101,94	150	75
2352	0,1,0,0,0,0,0,0,0,1	15,9,14,11,9,11,12,11,3,13	3,1,0,0,2,0,2,0,1,0	5,16,17,16,21,16,16,16,13,14	150	75
2353	0,0,0,1,1,3,3,0,0,0	8,16,8,12,11,13,33,12,19,5	0,0,0,0,0,2,0,3,0,1	15,14,11,18,20,19,18,15,13,15	150	75
2355	2,3,1,2,4,10,3,2,4,6	30,32,35,20,20,27,20,27,34,20	5,1,3,3,3,2,3,7,2,3	31,27,23,30,23,15,34,26,23,26	150	75
2356	7,6,5,7,5,9,6,9,9,6	32,28,29,18,28,27,25,26,22,20	5,7,8,6,5,2,1,11,8,6	20,22,11,33,35,19,28,16,12,22	150	75
2357	29,33,42,23,31,45,22,35,42,30	0,2,0,0,0,0,1,0,0,1	37,26,26,32,32,17,25,33,26,39	0,0,0,0,1,0,0,0,0,0	150	75
2358	0,1,0,1,0,0,1,0,0,0	0,0,0,0,0,0,0,0,0,2	0,0,0,0,0,0,1,0,1,0	1,2,1,1,0,1,0,0,1,0	150	75
2359	0,1,1,0,0,0,0,0,1,2	9,13,8,6,5,7,5,5,7,12	0,0,2,1,0,0,0,0,0,0	9,10,6,8,4,8,8,10,9,8	150	75
2360	9,10,7,6,7,6,10,9,9,5	65,77,78,87,70,86,76,73,66,75	6,17,6,7,6,14,11,6,10,12	67,80,60,72,66,80,71,65,79,62	150	75
2362	3,1,2,6,4,5,5,3,4,0	106,137,106,110,69,122,90,83,103,93	6,4,3,3,6,0,1,2,3,6	84,99,85,86,92,120,117,89,97,116	150	75
2363	0,0,0,2,0,0,0,1,0,1	16,11,20,22,23,13,8,9,13,13	0,0,0,2,2,2,0,0,1,1	11,21,18,10,19,13,17,20,19,9	150	75
2364	1,0,3,1,6,1,2,1,3,4	49,40,53,42,31,52,36,40,36,42	0,2,1,3,1,1,1,1,3,2	35,53,60,30,45,46,33,44,47,45	150	75
2365	10,12,15,22,23,8,11,12,13,12	10,7,12,5,11,5,12,15,9,13	15,14,14,13,10,6,11,15,7,18	13,12,14,16,10,12,11,10,17,16	150	75
2366	0,0,1,0,2,0,1,2,0,2	32,34,35,26,41,35,19,20,36,24	1,3,0,1,1,0,0,0,1,1	25,48,27,32,27,30,39,30,21,31	150	75
2367	1,4,3,3,3,4,3,3,3,4	25,12,30,21,23,21,28,18,24,21	2,5,2,1,2,1,0,1,6,2	24,16,26,17,28,18,24,10,19,21	150	75
2368	4,9,5,4,2,5,10,11,15,3	74,91,88,72,84,70,93,68,69,75	4,9,8,7,7,6,11,10,4,17	69,89,91,88,98,74,68,52,66,74	150	75
2369	39,39,39,23,45,34,33,27,30,34	60,54,67,39,47,81,55,54,47,54	42,43,48,35,32,39,32,36,43,52	46,60,52,46,67,68,44,54,49,52	150	75
2370	0,0,0,1,0,0,1,1,0,0	0,0,1,2,0,2,0,0,2,0	0,0,0,0,1,2,1,0,0,0	2,0,1,1,1,1,1,4,0,4	150	75
2371	1,0,2,2,2,1,4,1,4,3	0,1,3,2,0,0,1,2,0,2	0,0,2,2,3,0,1,2,3,3	2,1,1,1,1,1,0,0,2,0	150	75
2372	3,4,3,4,3,4,7,4,4,5	27,38,47,34,47,37,31,35,34,29	0,6,4,5,4,2,9,3,6,5	30,31,30,26,30,39,34,28,35,25	150	75
2373	2,0,1,2,0,1,7,1,3,2	0,0,1,3,1,1,1,1,1,1	0,0,2,2,1,0,3,2,3,3	1,0,4,2,0,1,1,3,1,2	150	75
2374	1,1,1,2,1,0,3,2,2,1	11,8,14,10,10,15,19,7,9,9	0,1,0,5,2,0,3,0,3,0	11,11,10,13,9,11,14,9,16,9	150	75
2375	29,42,30,33,30,33,36,23,23,32	0,0,0,0,1,1,0,0,1,0	25,21,37,31,24,24,39,27,32,30	0,0,1,0,0,0,0,0,0,0	150	75
2376	0,0,0,0,0,0,2,0,0,0	28,21,32,19,18,36,25,11,17,19	0,0,0,0,0,0,0,0,0,0	22,28,38,21,32,25,11,17,23,20	150	75
2377	6,5,13,9,6,6,10,11,10,2	12,6,5,7,6,5,5,5,10,9	4,9,9,8,2,12,6,10,8,8	10,8,2,6,5,3,6,5,7,5	150	75
2378	3,3,1,6,3,1,2,4,2,9	2,0,0,1,5,0,2,2,1,1	6,2,2,2,8,3,3,3,5,1	1,0,0,1,2,1,0,2,4,2	150	75
2379	3,3,1,6,3,1,2,4,2,9	17,14,8,10,11,3,5,11,18,16	6,2,2,2,8,3,3,3,5,1	17,16,15,13,6,8,13,17,9,7	150	75
2380	1,1,0,0,0,1,0,0,0,0	4,0,0,2,2,1,1,3,2,1	0,1,0,0,0,0,0,0,0,1	5,5,1,1,2,5,2,0,0,1	150	75
2381	4,4,2,5,5,2,2,3,5,3	2342,2199,2377,1866,1984,2125,1786,1667,1790,1999	2,4,4,2,1,7,4,3,5,1	2137,2029,2023,2004,2026,2156,2123,1825,1995,1954	150	75
2382	0,4,2,3,2,2,3,3,2,1	33,34,33,31,29,30,32,29,29,26	5,0,0,0,6,2,3,5,3,0	24,31,37,29,28,29,32,21,35,31	150	75
2383	0,0,0,0,0,0,0,0,1,0	10,19,17,8,12,12,12,10,9,16	0,0,0,0,0,0,0,0,0,1	13,7,11,11,15,4,10,10,8,9	150	75
2384	3,0,1,0,0,1,2,1,2,0	14,11,9,15,19,15,10,11,18,15	4,1,1,1,1,1,2,0,2,3	12,3,13,13,12,11,13,11,16,15	150	75
2387	118,130,150,112,107,117,110,111,113,125	0,0,0,0,0,1,0,0,0,1	118,112,114,135,126,123,119,124,106,154	0,0,1,0,0,0,0,0,0,0	150	75
2388	1,1,0,1,2,0,1,0,1,0	0,0,2,0,0,0,0,0,0,0	0,0,1,0,0,4,1,1,0,0	0,0,0,0,0,0,0,0,0,0	150	75
2389	6,5,4,2,3,12,3,4,7,5	19,16,15,15,13,12,8,19,16,14	3,3,3,4,13,1,5,6,6,12	11,19,9,6,12,17,13,9,9,16	150	75
2391	2,3,0,2,3,2,2,4,0,2	35,28,26,22,25,21,26,21,30,18	0,7,4,2,1,2,2,4,2,1	17,27,27,24,14,29,27,31,25,18	150	75
2392	6,6,4,7,8,8,10,7,9,8	163,168,150,136,136,134,153,112,122,160	4,11,4,7,7,10,3,10,9,5	145,173,134,136,149,153,160,141,146,133	150	75
2394	12,10,14,10,17,15,9,6,7,11	3,14,10,7,10,5,2,8,9,9	11,13,8,9,8,4,9,15,9,9	8,12,7,6,3,13,14,8,13,12	150	75
2395	4,2,0,5,2,2,2,0,1,1	16,16,14,11,17,14,10,14,11,11	1,0,0,1,1,2,0,0,0,2	23,20,17,9,18,14,9,15,17,10	150	75
2396	1,4,1,3,2,1,1,2,1,2	10,17,11,15,13,23,9,14,8,15	2,3,3,2,1,5,0,4,0,1	14,16,17,15,19,12,13,4,13,5	150	75
2397	1,0,0,2,0,0,2,2,2,2	11,11,10,7,7,12,7,3,6,4	3,3,1,0,2,2,0,2,0,1	9,8,4,4,4,4,9,3,5,8	150	75
2399	0,0,0,0,1,0,0,2,0,0	45,28,39,32,34,62,47,32,42,45	0,0,0,0,0,0,0,0,0,1	32,48,41,39,44,36,52,47,35,43	150	75
2401	1,2,1,2,0,3,0,0,4,3	8,11,10,1,12,7,3,8,6,11	0,0,0,8,3,4,2,1,1,11	12,8,10,10,9,11,17,16,11,16	150	75
2402	11,21,14,18,17,17,16,14,16,21	0,0,0,0,0,0,0,0,0,2	16,15,13,22,16,13,15,9,23,24	0,0,0,0,0,0,0,0,0,0	150	75
2403	0,0,0,0,0,1,1,0,0,0	0,0,0,0,0,0,0,0,0,1	0,1,0,0,0,0,1,0,0,0	0,0,0,0,0,0,0,0,0,0	150	75
2408	4,1,1,4,7,6,4,1,1,2	0,0,0,0,0,0,0,0,0,0	2,4,4,3,3,3,3,3,7,7	0,0,0,0,0,0,0,1,1,0	150	75
2410	0,1,3,0,0,0,2,0,1,0	36,21,19,19,22,22,17,20,25,30	2,0,0,1,0,0,0,3,0,0	27,23,16,23,20,18,21,18,10,21	150	75
2413	3,2,2,2,1,2,1,6,4,1	28,31,27,29,27,21,23,24,29,21	6,3,3,3,2,2,1,2,6,3	32,23,26,23,25,29,21,30,26,32	150	75
2414	8,4,6,7,10,9,6,3,3,8	63,57,42,39,51,46,45,33,49,43	6,11,9,9,2,5,7,4,6,5	49,56,49,35,47,57,36,39,41,33	150	75
2415	4,4,7,4,4,4,3,2,1,3	0,2,0,0,1,0,0,0,0,0	6,1,3,5,3,3,1,2,2,5	1,1,0,0,0,0,0,0,0,1	150	75
2416	0,1,3,2,1,0,0,1,1,0	12,5,7,7,8,6,6,8,6,5	0,0,1,0,0,0,0,0,2,0	5,7,6,3,2,3,12,2,9,6	150	75
2417	0,1,0,1,0,0,0,0,1,2	23,23,19,11,21,18,15,19,15,25	0,0,0,0,1,0,1,0,0,0	24,25,16,12,20,20,23,23,20,12	150	75
2418	9,1,4,5,2,4,3,7,1,5	48,32,35,44,31,36,25,24,17,27	1,7,2,0,3,2,3,5,2,2	31,36,26,28,30,35,41,22,27,26	150	75
2419	3,1,1,0,3,1,0,0,2,4	14,18,17,27,13,14,17,16,16,23	2,5,0,4,2,3,3,2,0,1	17,23,19,15,20,11,23,20,22,16	150	75
2420	0,0,0,0,1,0,0,0,0,0	49,31,47,43,32,50,44,37,39,37	0,0,0,2,1,2,0,1,0,0	39,38,51,36,44,40,41,38,31,27	150	75
2421	79,57,71,71,65,63,64,51,62,65	2,0,0,0,1,0,0,0,1,1	60,74,63,58,56,57,57,74,52,35	1,2,3,1,1,0,0,0,0,1	150	75
2422	67,59,45,47,47,48,57,57,69,46	3,0,0,0,0,0,0,0,0,0	35,66,65,56,52,69,62,43,54,37	0,0,0,0,0,0,1,0,0,0	150	75
2423	68,70,57,62,57,39,65,48,63,50	0,0,0,0,0,0,0,0,0,0	44,61,52,54,54,50,66,46,59,35	0,0,1,0,0,0,0,0,0,0	150	75
2424	10,23,14,20,15,27,23,22,20,17	249,322,310,316,287,359,231,206,228,264	10,25,16,19,18,17,23,27,17,16	309,273,289,273,292,266,250,284,300,241	150	75
2425	3,5,3,4,10,7,7,3,4,10	16,21,16,15,14,17,7,8,16,19	2,8,9,4,2,0,3,3,5,5	12,14,11,22,24,16,15,16,26,17	150	75
2426	3,0,0,0,0,0,2,1,2,1	27,31,27,26,25,26,26,20,32,21	2,2,2,0,0,3,0,4,2,2	29,28,15,14,17,31,19,16,16,15	150	75
2427	1,4,1,5,1,1,4,4,1,5	165,172,163,133,142,148,125,126,130,159	5,4,0,5,4,2,1,5,4,0	147,150,127,162,146,162,134,118,171,111	150	75
2430	0,0,0,1,1,0,0,1,0,0	2,3,4,3,1,3,0,4,0,1	0,0,0,0,2,2,0,0,0,0	1,1,3,1,2,1,3,1,1,0	150	75
2431	0,1,0,0,0,2,1,1,2,0	1,3,1,3,5,4,3,2,4,7	1,0,1,0,0,0,1,0,0,0	3,4,0,2,6,2,2,5,1,2	150	75
2432	0,0,0,0,0,2,1,0,2,0	0,0,0,0,0,0,0,0,0,0	0,0,1,0,0,0,0,0,0,0	0,0,0,0,0,1,3,0,0,0	150	75
2433	29,14,22,27,27,17,19,10,18,24	2,0,1,0,1,4,3,3,2,3	23,20,13,19,18,19,18,23,22,13	1,5,0,2,1,0,0,2,2,0	150	75
2434	0,0,0,0,1,0,0,0,0,2	0,0,0,0,0,0,0,0,0,0	0,2,1,0,1,0,0,2,1,2	0,1,0,0,0,0,0,0,0,0	150	75
2435	2,0,2,1,1,0,1,0,0,2	0,0,0,0,1,0,0,0,0,0	0,1,0,3,0,0,1,4,0,1	1,0,0,0,0,0,0,0,1,0	150	75
2436	1,0,2,1,2,0,1,0,0,2	0,0,0,1,0,0,0,0,0,1	0,0,1,4,0,0,1,2,0,0	0,0,0,0,1,0,0,0,1,0	150	75
2437	2,1,3,2,0,0,3,0,2,1	173,149,158,128,130,145,148,134,146,151	2,3,1,1,3,2,1,5,0,5	122,188,149,152,127,196,164,139,104,145	150	75
2438	0,1,2,0,0,1,0,0,0,1	35,31,39,23,26,24,10,13,18,31	0,0,1,2,0,0,0,2,0,2	31,23,18,26,22,29,29,23,23,28	150	75
2439	0,0,0,0,0,3,0,0,1,0	1,0,0,0,0,0,0,0,0,0	0,0,0,0,0,1,1,1,0,1	0,0,2,0,0,0,0,0,1,0	150	75
2440	0,1,0,0,1,0,0,0,1,1	1,0,0,0,0,0,0,0,0,0	1,0,0,1,0,2,1,0,1,0	0,0,0,0,0,0,0,0,0,0	149	75
2441	1,3,3,3,1,2,1,1,5,0	2,3,8,5,6,3,3,4,5,10	1,3,1,2,3,1,3,2,4,0	3,5,5,2,3,1,0,5,2,6	150	75
2444	1,0,1,2,2,1,1,0,4,1	260,273,282,365,284,288,265,229,282,264	1,1,1,0,4,1,1,0,2,4	245,288,208,285,274,291,290,292,306,268	150	75
2445	3,1,2,1,4,2,3,3,2,1	403,387,416,421,384,397,355,303,349,380	3,0,3,0,2,1,1,3,0,1	386,402,357,386,350,364,377,380,375,399	150	75
2447	3,3,4,6,4,3,4,8,5,5	42,55,40,43,42,34,39,32,40,54	6,5,4,1,6,1,4,9,4,3	19,39,36,35,35,33,48,36,50,39	145	75
2448	1,6,6,0,2,2,3,4,4,1	57,48,48,32,36,25,34,35,36,41	1,12,3,1,4,3,4,3,3,2	34,37,30,34,41,29,39,29,36,40	147	75
2449	6,5,11,7,8,1,8,8,6,4	30,21,24,22,31,18,29,22,27,29	6,2,6,2,3,3,4,2,8,9	22,20,10,18,30,17,22,25,19,14	141	75
2450	3,1,0,2,2,1,0,0,2,3	20,29,41,23,31,29,21,21,31,14	3,1,1,5,0,1,3,2,3,4	23,37,23,38,20,33,32,21,30,34	150	75
2451	0,3,0,1,1,0,1,1,2,2	39,44,41,26,32,26,24,38,31,25	1,3,0,0,3,0,0,3,2,0	40,45,25,33,30,42,38,36,29,45	148	75
2452	1,4,2,4,0,0,2,1,1,1	29,29,45,22,28,26,36,27,32,34	0,0,0,0,1,1,0,0,1,2	27,30,29,38,43,26,46,22,30,42	148	75
2454	0,0,2,1,0,0,0,0,1,0	42,31,30,23,34,23,30,38,23,28	1,1,0,0,1,1,0,2,0,1	20,24,29,22,22,26,35,35,34,31	150	75
2455	0,0,0,2,1,2,3,6,1,1	37,47,38,38,27,29,34,25,32,26	1,4,0,0,2,0,3,0,2,2	34,37,34,34,25,43,27,32,23,36	150	75
2456	3,2,3,1,2,4,2,6,7,0	221,201,210,187,173,161,186,183,159,197	2,4,1,5,6,1,3,1,7,6	174,186,166,155,196,203,165,160,136,147	150	75
2457	1,1,0,0,0,0,0,0,0,0	296,277,293,278,219,255,211,177,215,230	2,0,2,1,0,0,0,1,1,2	285,259,254,196,278,287,276,246,244,267	150	75
2458	1,0,1,4,3,0,1,0,1,0	369,358,359,329,313,337,267,294,298,316	1,0,1,2,0,0,4,1,2,1	305,358,340,303,354,321,327,304,316,342	150	75
2459	14,10,16,7,4,9,12,6,7,8	318,338,325,307,281,312,264,242,245,316	6,21,10,14,8,11,8,13,9,15	287,308,276,313,313,301,285,270,298,269	150	75
2460	13,9,12,8,4,9,8,6,5,8	109,99,92,78,76,77,69,72,85,105	7,16,12,11,7,7,5,10,8,13	92,90,92,66,109,89,84,44,86,53	150	75
2461	2,0,3,2,1,5,0,0,1,4	311,255,319,262,255,264,233,223,269,290	1,5,1,3,3,0,1,0,2,1	257,291,220,267,264,276,315,268,271,291	150	75
2462	55,50,64,55,59,44,51,46,49,43	241,231,229,202,239,241,197,159,177,224	47,57,48,47,49,59,54,36,32,61	224,229,212,198,268,217,227,242,205,192	150	75
2463	4,2,5,6,3,2,7,4,5,3	15,14,18,17,14,17,21,10,10,17	1,3,5,3,4,9,3,0,4,5	22,19,19,16,17,19,4,16,12,18	150	75
2464	1,3,4,2,2,2,4,4,5,3	0,0,0,0,0,0,0,1,0,0	2,4,3,3,2,7,2,0,3,5	1,0,0,0,0,0,0,0,0,0	150	75
2465	2,3,3,1,1,3,1,1,2,1	16,16,30,9,15,20,15,19,14,14	2,1,1,2,2,3,1,0,1,4	15,15,20,15,19,25,27,15,21,23	150	75
2466	5,10,7,1,1,4,5,5,6,2	13,12,19,23,20,12,11,10,14,16	6,6,2,1,3,5,7,7,2,4	19,12,11,16,14,23,17,21,19,20	150	75
2467	22,30,25,20,14,28,24,27,26,16	0,0,0,0,0,0,0,0,0,0	21,29,21,32,29,17,31,23,29,17	0,0,0,0,0,0,1,0,0,0	150	75
2468	119,119,127,118,105,120,91,97,140,122	1,3,4,1,0,0,1,5,3,1	96,128,118,126,99,136,143,90,136,112	2,1,2,5,0,0,0,0,1,3	150	75
2471	3,0,3,2,0,4,5,2,0,2	21,17,16,12,13,22,14,16,15,9	4,2,1,2,3,7,0,3,4,2	13,16,15,10,9,9,17,9,19,17	150	75
2472	133,139,140,120,115,178,150,112,131,103	1,0,1,0,0,0,2,0,2,1	157,141,121,151,122,140,139,124,123,133	0,2,0,0,1,0,2,2,0,0	150	75
2474	6,11,16,8,5,15,19,7,7,7	45,45,52,44,37,43,43,25,50,47	11,10,4,11,12,9,11,12,8,18	39,55,53,44,51,50,43,34,47,59	150	75
2475	0,0,0,0,0,0,0,0,0,0	6,7,2,6,3,2,1,4,5,4	0,1,0,1,0,0,0,0,0,0	6,11,3,1,6,4,3,1,8,1	150	75
2476	47,46,70,43,41,35,55,46,50,44	1,2,1,0,0,3,1,7,3,6	36,45,41,39,47,49,55,57,48,59	2,1,2,5,4,1,2,3,2,1	150	75
2477	9,6,6,6,3,5,4,9,7,7	40,30,32,33,39,27,28,27,33,30	4,6,5,7,3,8,4,4,8,0	39,42,42,31,34,38,30,33,16,41	150	75
2478	0,2,0,3,2,1,1,0,2,0	29,28,45,41,29,26,35,33,45,38	0,0,0,3,1,1,1,2,1,0	34,46,44,44,34,38,39,45,43,36	150	75
2479	6,5,8,2,8,3,6,3,7,10	40,32,37,29,22,36,31,28,29,30	3,7,4,9,3,7,4,13,6,7	33,43,24,34,27,24,29,35,31,47	150	75
2480	2,1,2,4,0,4,2,1,3,1	12,1,3,3,2,2,6,2,5,3	2,2,1,0,2,2,2,2,3,0	4,5,2,4,7,5,6,3,8,1	150	75
2481	4,0,3,1,1,2,5,1,0,2	0,0,0,2,0,1,1,0,0,0	0,2,0,1,3,0,1,5,4,2	0,1,0,0,0,0,0,0,0,1	150	75
2482	4,6,5,2,0,7,5,4,2,4	1,0,3,0,2,1,1,1,1,0	2,8,3,2,2,4,6,10,5,3	0,1,3,0,1,0,0,1,0,0	150	75
2483	12,11,7,4,4,7,5,1,3,6	0,0,1,1,0,0,0,0,0,0	4,6,4,6,5,3,3,5,7,6	0,0,0,0,1,1,0,1,0,0	150	75
2484	0,1,0,0,0,0,0,0,0,0	80,81,86,79,87,71,42,54,73,88	0,0,0,0,0,0,0,0,1,1	93,62,66,83,96,73,70,60,58,60	150	75
2486	2,4,4,9,5,9,2,3,0,3	892,797,971,814,878,825,750,665,709,879	2,3,7,1,4,5,6,4,1,6	812,771,922,774,784,797,714,748,846,602	150	75
2487	0,0,0,0,1,0,0,1,1,0	0,0,0,0,0,0,0,0,0,0	0,1,0,0,0,3,0,0,0,0	0,0,0,1,0,0,0,0,0,0	150	75
2488	1,0,0,0,1,1,0,1,1,1	1,0,4,0,0,0,2,0,0,2	0,1,0,0,0,1,0,0,0,0	1,3,2,2,2,1,0,2,1,1	150	75
2489	0,0,0,0,0,0,0,0,0,1	1,3,6,3,5,3,2,2,3,1	0,0,0,0,1,0,0,0,0,0	3,2,5,6,3,7,6,9,1,6	150	75
2491	0,0,0,0,4,2,2,2,1,0	2,0,0,0,5,3,3,0,0,1	1,1,0,2,1,0,1,1,3,0	0,1,1,1,0,0,0,4,0,1	150	75
2492	0,0,0,0,0,0,1,0,0,0	6,8,7,2,2,4,5,5,5,0	0,0,0,0,0,0,0,0,0,0	8,3,1,2,5,9,8,2,4,5	150	75
2493	65,32,51,56,56,35,65,48,63,67	196,178,196,165,126,175,154,142,136,159	46,65,52,53,47,56,64,58,51,58	154,143,142,135,164,153,166,149,138,132	150	75
2494	4,4,7,2,3,3,7,4,5,1	134,156,130,115,113,152,138,122,137,109	2,3,1,0,2,5,1,0,1,8	124,167,112,126,114,112,122,113,119,133	150	75
2495	2,1,1,0,4,2,2,0,0,0	72,58,70,51,58,64,59,44,49,68	1,2,3,0,0,1,0,1,0,0	71,56,56,42,56,51,60,65,68,45	150	75
2496	2,1,0,0,5,2,2,0,0,0	1,2,2,2,5,1,1,0,2,2	1,1,1,0,0,1,0,0,0,2	2,3,1,3,3,0,0,2,0,0	150	75
2497	28,20,16,11,29,12,31,16,21,14	80,88,70,64,77,68,68,56,44,64	17,24,25,13,24,20,15,15,19,15	69,73,76,79,63,63,75,48,70,54	150	75
2498	4,14,14,8,4,7,13,6,5,8	78,52,73,75,57,70,49,62,60,63	6,9,6,13,4,4,4,7,4,9	60,61,51,52,79,81,68,60,57,56	150	75
2499	0,1,0,0,1,0,2,0,0,0	104,149,131,100,113,156,82,107,119,128	0,1,1,0,1,2,3,0,0,0	112,117,111,111,128,98,108,137,116,123	150	75
2500	7,8,6,7,9,10,8,6,8,4	5,8,6,7,4,2,9,7,5,9	10,10,7,11,11,11,3,6,4,6	3,1,3,2,8,2,5,4,3,4	147	75
2504	63,54,71,57,67,67,50,51,66,78	49,47,48,41,34,40,33,21,35,41	58,70,66,64,67,69,71,78,54,74	38,30,28,37,44,39,51,39,29,33	144	75
2506	1,1,0,0,2,1,0,0,1,0	0,0,0,0,0,0,0,0,0,0	2,0,0,3,0,0,2,0,2,2	0,0,0,0,1,0,0,0,0,0	150	75
2507	2,1,1,0,0,2,1,1,0,0	0,0,1,0,0,0,0,0,0,0	1,0,0,2,1,0,2,0,3,0	0,0,0,0,0,0,0,0,0,0	150	75
2509	0,0,0,0,1,0,0,0,0,0	31,29,46,24,32,18,31,16,31,24	0,1,0,0,0,0,2,0,0,0	24,45,26,30,37,32,43,27,16,25	150	75
2511	0,1,0,0,0,0,1,0,2,0	11,3,2,3,4,5,2,2,3,3	0,1,0,1,0,1,2,0,1,1	5,4,6,3,3,7,3,2,1,1	150	75
2512	0,0,0,0,0,0,0,0,0,0	38,35,37,25,31,29,25,30,38,36	0,1,0,0,0,0,0,0,0,0	30,30,27,35,37,17,28,25,29,17	150	75
2513	0,0,0,0,0,0,0,1,0,0	42,31,55,35,38,29,23,42,26,37	0,0,1,1,1,0,0,0,0,0	28,36,29,34,35,32,36,30,23,42	150	75
2514	0,1,1,2,0,2,2,5,4,4	94,91,95,77,77,109,82,66,81,81	3,3,5,3,3,2,1,1,0,1	70,80,70,116,78,84,83,62,77,61	150	75
2515	0,1,0,1,0,0,0,0,1,0	42,36,28,29,32,35,30,30,29,28	0,0,0,0,0,0,1,0,0,2	32,41,31,41,38,31,33,32,25,25	150	75
2516	7,8,4,6,3,3,7,8,8,6	21,16,17,14,12,13,12,12,13,27	2,11,4,11,6,4,5,12,7,8	18,18,21,23,15,19,24,25,18,17	150	75
2517	0,1,0,0,1,0,0,0,0,0	27,35,30,26,23,10,14,23,32,29	0,0,0,0,0,0,0,0,0,0	18,32,24,30,23,33,22,18,32,26	150	75
2518	1,3,0,1,1,0,0,2,0,0	2,1,6,4,2,2,2,4,3,2	0,3,1,4,0,1,0,1,0,1	1,2,3,1,3,4,1,1,1,0	150	75
2519	9,4,5,8,6,9,8,10,6,3	32,37,26,31,25,34,34,33,25,27	11,8,7,6,8,4,2,4,8,5	24,36,24,27,34,22,35,19,38,33	150	75
2520	7,5,5,5,6,9,9,7,6,3	0,1,1,3,0,0,0,0,0,0	11,8,8,7,8,3,2,5,7,5	0,0,0,1,3,1,0,1,0,3	150	75
2521	0,0,0,2,0,0,1,0,1,0	0,1,2,3,2,1,0,1,0,2	0,1,0,0,0,0,0,0,0,1	0,1,1,2,0,0,2,1,1,0	150	75
2522	12,6,11,8,15,12,18,13,14,9	76,47,70,42,50,43,56,49,41,76	10,6,12,11,8,19,8,10,11,17	42,48,41,42,73,49,43,39,60,37	150	75
2524	24,13,18,19,19,14,22,12,8,5	0,1,0,0,0,0,1,0,0,2	10,28,10,9,18,13,15,19,23,14	0,0,1,1,1,0,0,1,0,0	150	75
2525	0,0,0,1,0,0,0,0,0,0	21,16,12,10,12,15,9,4,14,9	0,1,0,0,0,0,0,1,0,0	11,15,12,12,7,17,17,14,9,13	150	75
2526	1,3,2,3,1,0,0,1,0,1	16,24,25,21,29,21,14,12,16,15	1,3,5,2,2,0,2,3,1,0	20,27,17,18,16,23,24,19,18,28	150	75
2527	8,7,10,5,3,4,5,6,7,4	88,96,113,89,91,101,75,85,93,86	6,7,4,10,11,2,5,4,8,6	69,87,89,86,106,84,89,101,98,83	150	75
2528	3,3,2,1,6,0,3,3,2,1	36,39,47,27,33,34,33,27,39,35	2,3,1,5,3,0,0,3,4,0	29,18,36,32,40,52,41,33,45,39	150	75
2529	3,2,2,0,1,0,3,0,3,0	133,123,141,119,129,122,111,124,153,138	0,1,1,3,6,2,0,3,0,2	137,153,123,114,124,175,143,121,135,114	150	75
2530	12,14,8,14,9,6,19,15,18,4	151,134,164,103,128,122,127,118,137,130	5,9,4,13,5,10,2,8,9,10	159,129,122,147,147,148,131,124,164,117	150	75
2531	24,10,20,22,25,24,15,19,9,14	0,4,0,2,0,1,3,2,0,0	16,19,22,9,16,15,14,14,22,13	3,0,1,0,1,0,0,0,1,0	150	75
2532	1,0,0,0,0,0,0,1,2,1	0,2,1,0,1,2,0,1,0,0	2,6,1,1,3,1,0,1,0,0	0,2,0,0,1,2,0,0,1,0	150	75
2533	0,0,0,1,0,0,1,0,0,0	2,7,1,2,5,2,4,3,1,5	0,0,0,0,0,0,0,0,0,0	1,5,5,5,6,0,5,0,4,1	150	75
2534	20,32,30,25,17,19,28,20,24,14	62,76,73,67,75,61,56,73,72,101	16,29,19,23,21,25,18,22,26,22	60,94,92,93,74,79,99,88,78,81	150	75
2535	6,4,3,9,6,6,4,2,11,3	53,61,59,57,42,59,53,51,48,55	3,3,8,7,8,14,1,7,4,6	53,48,37,58,62,62,67,46,63,71	150	75
2537	35,28,29,34,18,19,33,16,23,26	298,291,365,324,373,246,279,156,283,515	22,30,22,34,17,35,18,21,31,27	363,293,279,182,364,335,222,180,172,160	150	75
2538	1,0,0,2,0,0,0,0,0,1	31,30,31,26,19,32,22,24,19,27	0,0,0,0,0,0,0,0,1,0	21,26,31,11,21,24,29,26,30,22	150	75
2541	4,3,1,9,6,2,8,6,0,2	38,51,52,42,36,47,34,48,30,46	4,7,4,4,4,4,5,5,3,7	47,42,51,47,41,50,47,52,63,45	150	75
2542	0,0,0,1,0,0,0,0,0,2	48,61,46,47,49,44,27,35,40,44	2,0,0,0,0,0,1,0,0,1	49,51,44,46,37,40,46,47,46,39	150	75
2544	0,0,0,2,1,2,0,0,0,2	64,45,75,49,42,50,39,51,56,65	1,0,0,0,0,0,0,1,0,0	54,45,56,46,73,68,65,45,45,48	150	75
2545	0,0,2,0,3,2,0,1,1,3	62,56,48,44,44,58,38,44,58,44	1,0,1,0,0,0,0,0,0,0	63,58,48,39,64,60,56,40,50,46	150	75
2546	0,0,0,0,1,1,0,0,0,0	19,25,11,19,12,25,22,13,14,23	1,0,0,0,0,0,0,0,0,0	12,18,18,23,29,24,19,12,20,15	150	75
2548	1,0,0,0,0,0,1,0,0,0	2,0,0,0,2,0,0,1,2,2	0,0,0,2,0,0,0,0,1,0	0,2,0,1,1,0,2,0,1,2	150	75
2549	0,0,0,1,0,0,0,0,0,0	0,3,1,0,0,0,0,0,0,0	0,0,0,0,0,0,0,0,0,0	0,0,0,0,0,0,0,0,1,0	150	75
2550	2,3,4,0,0,3,1,0,2,3	56,59,55,40,38,59,35,39,53,49	2,1,2,4,5,1,4,2,2,4	41,51,36,41,63,48,49,42,61,39	150	75
2551	2,3,3,5,1,1,6,3,2,1	154,136,160,104,106,136,101,122,119,115	2,6,3,2,7,1,4,1,3,1	138,154,152,136,143,143,148,122,116,114	150	75
2552	42,60,51,45,45,54,28,32,49,50	0,0,0,0,0,1,1,0,0,0	45,56,58,49,30,35,36,41,33,36	0,0,0,0,0,0,0,1,0,0	150	75
2553	74,76,80,57,65,80,51,48,63,67	0,0,1,0,0,1,0,0,0,0	70,87,82,69,57,52,47,62,49,49	0,0,1,0,0,1,0,0,0,2	150	75
2554	40,55,51,66,54,54,50,54,71,44	0,0,0,0,0,2,0,0,0,0	46,56,50,43,61,45,64,63,44,49	0,0,0,0,0,0,0,0,0,0	150	75
2555	0,0,0,0,0,0,0,1,0,0	9,6,6,5,5,5,4,7,8,2	0,0,0,0,0,0,0,0,0,0	4,6,5,2,5,5,5,9,2,10	150	75
2556	0,0,0,1,0,0,0,0,0,0	6,10,11,5,7,10,12,5,13,4	0,0,0,1,0,0,1,1,0,2	12,6,14,5,3,4,1,5,9,4	150	75
2558	2,3,2,0,1,2,6,0,0,0	14,18,11,11,9,14,15,11,11,14	1,2,2,1,2,1,0,2,0,0	7,7,9,16,5,8,13,6,17,9	150	75
2559	6,3,3,1,3,1,7,3,4,4	15,11,8,18,16,9,19,15,8,13	6,4,2,4,5,2,1,0,6,3	10,12,10,6,4,9,12,9,6,9	150	75
2560	13,18,16,11,9,14,19,10,9,13	14,13,8,6,11,9,7,11,9,18	8,7,14,21,19,10,7,6,18,15	10,12,9,11,5,9,16,13,7,9	150	75
2561	15,14,14,15,9,13,25,11,9,15	0,0,0,0,0,0,0,0,0,2	9,11,16,25,15,12,11,6,23,17	0,0,0,0,0,0,0,0,0,0	150	75
2562	12,24,13,10,14,21,16,14,13,18	0,0,0,0,0,2,0,0,0,0	11,8,10,22,16,17,16,12,14,18	0,0,0,1,0,2,0,0,0,0	150	75
2565	2,9,8,7,7,2,5,2,4,5	70,52,77,67,46,67,68,58,64,56	4,4,3,4,11,6,4,8,4,1	44,52,58,66,83,75,64,79,77,62	150	75
2567	1,5,3,1,1,4,1,0,0,1	83,87,77,86,93,73,67,59,80,91	1,3,1,3,4,2,1,7,1,1	81,75,74,75,86,92,78,78,75,61	150	75
2568	56,41,39,47,37,54,48,43,36,51	4,5,0,1,2,3,0,1,1,3	41,50,45,41,38,51,47,43,44,39	5,4,1,4,6,3,1,3,2,0	150	75
2569	2,2,1,0,0,0,0,0,0,0	45,22,52,29,35,29,20,45,43,50	0,0,0,1,0,0,2,0,0,0	39,54,39,32,17,33,16,23,35,14	150	75
2570	2,5,1,2,2,2,7,3,4,0	0,1,2,2,0,3,0,1,0,0	1,3,0,2,0,1,0,5,1,2	2,2,2,2,1,1,0,0,1,1	150	75
2571	0,0,0,0,0,0,0,0,0,0	172,128,157,135,152,133,93,131,132,169	0,0,0,1,0,2,0,1,1,0	119,165,135,127,139,129,147,118,125,97	150	75
2572	0,0,0,0,0,0,0,0,0,0	88,85,64,64,64,66,57,58,65,52	0,1,0,0,0,0,0,0,0,0	80,68,62,77,72,61,79,87,57,63	150	75
2573	1,3,3,4,8,8,4,5,4,2	33,35,39,33,31,24,30,36,20,24	1,8,3,3,1,4,3,8,5,3	38,37,41,26,43,30,31,23,32,32	143	75
2574	10,13,5,4,3,6,9,11,8,5	69,64,80,77,81,82,56,54,58,76	5,4,8,9,4,4,5,13,12,8	73,88,78,60,70,62,62,67,54,75	150	75
2575	110,99,110,101,78,105,92,70,100,118	4,1,3,4,4,7,5,6,5,3	108,83,101,83,94,103,85,83,87,86	4,7,10,2,5,3,4,8,2,1	150	75
2576	1,0,0,0,0,1,0,0,1,0	0,0,0,0,0,0,0,0,0,1	0,0,0,0,0,0,0,1,0,0	0,0,0,0,0,0,0,0,0,0	150	75
2578	0,0,1,0,0,0,1,0,0,0	0,0,1,0,0,0,2,1,0,0	1,0,0,0,0,0,0,0,0,0	0,1,0,0,0,2,1,1,0,0	150	75
2579	263,232,250,201,176,234,182,147,212,184	47,31,40,41,19,36,26,28,42,36	211,217,186,213,236,221,251,198,217,180	34,37,48,24,35,26,35,34,31,46	150	75
2582	1,1,0,1,0,2,1,1,0,0	6,8,6,2,6,3,3,1,4,7	2,0,0,1,0,1,1,0,1,0	7,8,4,9,10,3,6,7,10,6	150	75
2584	13,6,10,5,9,7,10,8,3,5	0,2,0,1,0,0,0,3,0,0	14,9,14,7,7,11,6,7,8,6	1,0,0,0,0,1,2,1,1,1	150	75
2585	5,11,9,8,11,9,6,13,5,10	2,0,2,2,0,0,1,1,3,4	9,10,15,10,9,5,12,9,11,8	1,3,4,1,2,1,1,0,5,1	141	75
2586	0,1,2,3,7,4,7,7,5,1	16,12,6,18,13,18,14,6,20,21	4,9,2,3,6,2,4,8,4,3	27,20,21,16,10,18,17,16,14,21	150	75
2587	1,0,0,1,3,0,1,0,0,1	33,20,16,16,18,26,19,13,11,13	0,0,1,0,0,0,0,0,0,0	16,17,28,15,27,19,19,23,23,13	150	75
2588	0,0,0,0,0,0,1,0,0,0	14,15,10,8,7,6,4,4,9,9	0,0,0,0,0,0,0,1,0,0	11,11,7,11,9,6,9,12,8,7	150	75
2592	0,0,1,0,0,0,0,1,0,0	27,31,25,25,28,18,16,22,24,24	0,0,0,1,0,0,0,0,0,0	26,24,19,24,25,19,27,30,16,12	150	75
2596	3,3,4,7,1,3,1,3,3,3	3,3,3,6,4,5,2,4,2,2	4,3,0,1,3,1,3,1,3,2	3,5,3,2,2,3,1,2,4,0	150	75
2597	156,137,135,128,133,118,109,102,111,139	0,4,4,3,0,0,0,1,2,3	104,119,117,119,127,124,127,112,137,107	3,0,0,1,0,6,2,2,2,0	150	75
2598	0,0,0,1,0,0,0,0,1,0	81,80,65,54,63,56,54,67,73,63	0,0,0,1,0,1,0,0,0,0	69,62,52,78,74,73,80,76,69,70	150	75
2599	6,8,3,2,4,3,4,3,1,4	74,88,92,62,59,59,79,60,71,67	4,6,3,8,5,6,2,2,8,5	78,84,85,75,71,96,93,64,75,84	150	75
2600	47,35,48,39,48,38,21,29,31,47	9,4,4,6,6,14,9,3,7,7	49,34,33,21,30,35,34,35,24,34	8,4,7,7,6,5,1,4,8,2	150	75
2601	1,0,7,0,1,0,3,0,2,0	38,39,38,22,41,24,29,26,30,37	0,1,0,0,2,0,1,1,1,3	41,27,37,28,37,39,36,33,40,48	150	75
2602	2,0,2,0,2,2,1,0,0,2	38,41,43,35,45,30,24,22,29,34	2,0,2,1,6,0,0,1,0,1	32,38,28,26,36,32,24,30,36,24	150	75
2603	1,1,1,0,1,0,0,0,0,0	0,0,0,0,0,0,0,0,0,0	0,1,1,1,0,0,0,0,1,1	0,0,1,0,0,0,1,0,0,0	150	75
2604	0,1,0,0,1,2,3,0,1,0	38,38,43,36,34,30,54,28,53,24	0,1,0,1,0,1,0,1,1,0	36,45,40,38,42,41,60,35,30,40	150	75
2605	6,8,11,17,12,11,13,11,3,3	15,13,14,16,7,11,15,13,13,13	10,10,6,8,6,10,3,6,5,9	13,14,11,8,3,9,9,5,12,9	150	75
2606	0,0,0,0,0,0,0,1,0,0	2,0,0,0,0,0,1,0,0,2	0,0,0,0,1,0,0,0,0,0	0,1,2,0,0,1,0,4,0,0	150	75
2608	2,1,2,3,7,7,8,5,2,3	31,24,22,22,32,41,12,21,26,21	7,4,5,3,6,6,7,14,4,2	29,22,22,24,23,16,26,27,22,21	150	75
2609	6,3,3,5,6,7,6,2,3,8	33,36,37,22,30,27,32,21,22,25	6,4,4,1,4,3,2,2,7,1	21,26,30,22,27,34,26,24,31,33	149	75
2610	3,3,2,3,3,3,5,3,5,0	0,0,0,0,0,0,0,0,0,0	2,3,4,2,4,3,3,2,4,4	0,0,0,0,0,0,1,0,0,0	150	75
2611	0,3,0,1,0,0,0,0,0,0	6,8,1,6,1,5,3,4,4,1	0,0,0,0,0,0,0,1,0,0	5,6,4,8,8,8,6,8,7,3	150	75
2612	0,1,0,0,0,0,0,0,0,1	1167,1131,1131,960,1009,1160,919,869,937,895	0,1,0,0,1,0,0,2,0,0	1026,1185,909,979,988,1014,1037,1008,969,1021	150	75
2613	1,5,4,4,1,5,2,1,1,1	62,67,71,75,51,50,39,39,55,46	1,2,2,2,2,2,1,4,3,3	61,77,49,46,54,44,65,47,61,53	150	75
2614	2,1,2,0,0,1,0,3,2,2	29,32,34,30,32,28,17,26,28,26	1,0,0,2,0,1,0,1,2,3	21,32,29,24,23,29,20,18,27,29	150	75
2615	1,2,1,3,4,4,2,4,6,2	29,31,28,30,28,23,23,26,26,28	2,1,6,4,3,0,2,1,6,2	24,25,17,26,29,23,28,21,23,30	150	75
2616	20,18,8,13,12,12,17,10,12,7	8,7,10,7,15,6,9,10,5,5	16,16,11,11,15,5,10,11,12,6	14,8,4,7,5,10,21,9,6,13	150	75
2617	19,16,9,13,15,13,16,13,13,11	0,0,0,0,0,0,0,0,0,2	12,18,8,12,14,7,10,10,13,13	0,0,0,1,0,0,0,0,0,0	150	75
2618	27,17,24,23,24,14,24,16,13,20	8,4,2,4,6,3,6,3,6,4	19,23,20,17,26,20,16,18,12,23	3,6,2,5,2,7,2,5,4,2	150	75
2619	29,18,24,22,24,14,22,15,10,20	1,3,3,0,2,1,3,1,3,1	18,20,19,17,24,17,17,18,14,22	3,2,2,3,2,2,7,3,2,5	150	75
2621	0,2,0,0,0,3,1,0,1,0	19,23,14,17,20,19,14,12,20,15	1,0,0,0,0,0,1,0,1,0	9,14,10,12,13,19,13,8,10,15	150	75
2622	0,0,1,0,0,1,0,1,0,1	0,1,0,0,0,1,0,1,0,0	1,0,0,1,0,0,0,1,0,0	0,0,0,1,0,0,0,0,1,1	150	75
2623	3,0,0,4,1,0,0,1,0,1	34,34,35,42,39,43,40,27,33,41	0,0,1,3,2,2,2,1,1,2	31,41,42,32,40,21,36,41,42,29	150	75
2624	1,1,0,0,2,1,0,0,1,1	206,199,206,174,174,178,180,151,155,142	0,0,0,0,0,0,2,2,0,2	171,166,161,186,171,182,200,176,169,173	150	75
2625	0,0,4,1,0,1,3,0,2,0	30,28,19,20,20,18,11,18,22,18	0,1,0,3,2,0,1,0,0,1	22,22,16,21,20,31,29,21,17,11	150	75
2626	1,5,7,0,3,8,1,2,2,5	14,9,12,12,10,4,6,3,9,4	0,2,7,4,3,5,1,5,9,3	6,11,2,6,6,12,5,8,4,8	150	75
2627	12,5,17,5,18,8,4,8,9,7	271,235,249,207,213,193,198,163,227,201	6,16,10,6,8,14,9,11,6,7	253,222,182,166,207,205,223,202,195,204	148	75
2628	3182,3607,3116,2868,2866,3509,2950,2937,3129,3303	168,200,154,139,105,153,158,133,168,158	2960,3136,2964,3139,3031,3464,2816,2931,2705,2601	120,149,141,147,146,155,132,133,119,137	150	75
2629	3,0,0,1,5,4,5,4,3,5	68,55,45,78,64,55,52,60,48,53	1,4,6,9,1,2,1,2,4,1	56,70,50,61,60,66,59,49,59,46	150	75
2630	9,3,2,2,0,1,1,0,0,6	83,93,90,64,70,78,68,86,89,69	2,4,0,1,2,1,1,4,3,7	94,94,83,91,84,79,65,74,81,72	150	75
2631	0,0,0,0,0,0,0,1,1,2	13,14,9,13,20,16,17,9,15,9	0,2,2,1,2,0,1,0,1,1	17,13,10,8,15,7,21,7,18,13	150	75
2632	2,0,2,2,1,3,1,1,1,0	17,18,12,15,8,14,10,17,7,12	2,5,0,4,1,0,0,5,1,1	14,10,11,16,16,15,15,16,10,19	150	75
2633	4,0,0,0,0,1,2,0,0,2	1,1,1,1,0,0,1,2,2,1	2,4,0,1,0,0,0,1,0,0	1,3,1,4,0,1,1,2,3,1	150	75
2634	1,0,0,1,0,0,0,2,0,0	3,1,0,7,0,3,1,3,3,4	1,1,0,0,2,0,0,1,0,0	2,0,2,3,0,3,2,1,2,4	150	75
2636	2,1,0,1,0,0,0,1,0,0	2,0,0,0,0,1,0,0,0,0	0,0,0,0,2,0,0,1,0,0	0,2,0,0,0,0,0,1,0,0	150	75
2637	1,2,3,0,2,0,0,1,0,1	0,0,0,1,0,0,1,1,0,0	0,0,0,1,0,0,1,1,0,0	0,0,0,0,0,0,0,0,0,0	150	75
2638	0,1,1,0,0,0,0,0,1,0	0,0,1,0,0,0,0,1,1,1	0,0,0,0,0,0,0,0,0,0	0,2,1,1,0,0,1,1,1,1	150	75
2639	1,1,0,1,0,1,0,0,3,1	1,1,0,0,0,0,0,0,0,0	1,1,1,0,3,0,1,0,2,0	0,0,0,0,0,0,0,0,0,0	150	75
2640	0,0,0,0,0,0,0,0,3,0	0,0,1,2,0,0,0,1,0,1	0,1,0,0,2,0,0,0,1,0	0,0,2,0,1,0,0,0,0,0	150	75
2641	1,0,0,0,0,0,0,0,0,0	0,0,0,0,0,1,0,0,0,0	0,0,0,0,0,0,1,0,1,0	0,0,0,0,0,0,1,0,0,0	150	75
2644	0,0,0,0,0,0,0,0,0,0	7,0,1,3,0,0,0,0,0,2	0,2,0,0,0,0,0,0,0,0	0,0,3,0,0,0,5,0,1,1	150	75
2646	0,0,0,0,2,0,0,0,0,0	2,0,3,0,1,0,0,0,1,1	0,0,0,0,0,0,0,0,0,0	0,2,1,0,0,0,0,1,1,1	150	75
2647	0,0,0,0,2,0,0,0,0,0	0,0,0,1,0,2,0,0,0,0	1,0,1,0,0,0,0,0,0,0	0,0,0,0,0,0,0,1,0,1	150	75
2649	0,1,0,1,1,0,0,0,0,0	7,15,18,13,17,16,12,7,22,18	0,0,0,1,1,1,1,1,1,1	8,13,11,10,13,18,11,6,12,9	150	75
2651	0,0,0,2,3,0,0,0,1,3	65,72,71,51,57,73,54,40,62,68	1,5,2,1,1,0,1,1,3,2	52,67,57,52,60,68,72,47,52,49	150	75
2652	1,5,2,4,2,2,3,1,6,3	3,2,1,0,1,0,1,0,0,1	0,1,2,4,2,2,1,1,2,1	1,0,0,1,1,1,2,1,0,1	150	75
2653	0,0,0,0,0,0,0,0,0,0	78,75,90,64,78,76,52,70,63,65	0,0,0,0,0,0,0,0,0,1	80,74,84,68,60,78,95,89,92,85	148	75
2654	0,0,0,0,0,0,0,0,0,0	22,18,30,23,19,18,12,18,24,16	0,1,0,0,0,0,0,0,0,0	22,17,20,33,25,15,28,22,21,16	150	75
2655	20,20,18,16,22,22,21,25,11,14	76,64,65,55,44,63,47,47,62,52	21,17,18,13,19,17,13,19,14,12	60,63,56,51,74,52,63,62,51,35	150	75
2656	3,0,2,1,1,0,3,1,3,2	27,21,24,18,12,18,19,18,18,14	0,2,2,1,3,0,2,1,2,2	18,27,21,27,22,23,12,15,14,20	150	75
2657	0,0,0,1,0,1,0,0,0,0	187,156,164,152,157,177,144,132,169,183	0,2,0,1,0,0,2,2,0,0	165,175,148,140,161,170,187,151,141,139	150	75
2658	201,194,156,167,179,178,136,121,139,140	15,12,11,10,21,8,11,11,6,17	152,254,137,143,115,170,154,153,114,172	9,27,8,13,10,9,12,9,6,15	150	75
2659	0,2,0,1,0,0,1,0,0,0	21,31,30,24,32,31,37,28,22,18	0,0,0,1,0,0,0,0,0,0	31,30,23,17,35,32,27,14,18,27	150	75
2660	3,2,1,1,3,4,6,0,4,2	12,13,10,7,5,10,15,14,9,13	3,4,3,1,1,0,1,3,2,5	13,8,7,12,10,9,10,9,5,14	150	75
2661	4,1,3,4,1,1,2,0,1,5	22,15,24,19,13,19,17,9,21,15	0,3,0,1,2,1,0,0,2,1	15,18,18,20,17,16,16,16,16,20	150	75
2662	19,16,21,19,26,18,21,23,28,17	124,143,145,103,96,102,86,117,97,96	14,31,8,31,20,11,13,18,25,21	103,113,98,147,93,121,112,116,99,117	150	75
2663	10,12,15,9,7,6,18,17,4,8	4,2,2,5,6,4,12,2,2,5	12,17,7,17,11,6,11,13,12,17	4,8,1,5,10,4,4,3,2,3	150	75
2665	0,3,0,0,0,0,2,3,1,0	12,13,15,7,16,13,13,10,9,8	0,2,0,0,0,1,0,2,1,0	16,15,8,16,5,15,11,10,18,10	150	75
2666	0,1,0,0,0,0,0,0,0,0	11,22,22,20,20,12,11,16,10,9	1,0,0,2,0,1,0,0,1,1	15,13,18,14,15,12,16,15,13,21	150	75
2667	24,22,24,17,19,12,17,13,16,9	0,0,2,0,0,0,0,0,0,0	30,18,10,18,16,19,17,13,22,16	0,0,1,0,0,0,0,0,0,0	150	75
2668	0,0,0,0,1,0,0,0,1,0	17,20,12,16,16,19,17,15,21,12	0,0,0,0,0,0,0,0,0,0	19,22,10,20,22,14,13,9,17,12	150	75
2669	24,23,24,17,19,13,18,13,16,10	0,0,0,2,0,0,0,0,0,0	30,20,10,20,18,20,19,14,22,16	0,0,0,0,0,0,0,0,0,0	150	75
2670	0,1,0,0,1,1,1,0,1,1	3,1,3,3,4,4,6,0,1,0	0,2,0,2,2,1,2,1,0,0	6,6,7,6,1,5,6,0,0,4	150	75
2671	20,28,28,24,11,18,42,33,36,14	32,47,39,39,34,38,37,35,37,39	20,27,21,29,19,12,14,25,20,23	37,53,38,26,53,50,55,34,41,42	150	75
2672	3,2,3,1,4,1,4,2,3,1	9,14,8,9,6,10,9,1,7,7	3,2,4,3,5,2,1,3,5,3	6,5,10,5,3,5,11,8,12,16	144	75
2674	6,16,13,11,8,8,10,8,12,10	154,117,127,147,102,139,106,108,120,112	10,11,7,5,8,7,7,5,3,12	119,144,113,106,125,110,124,113,103,104	150	75
2675	0,1,1,1,0,1,0,1,0,0	130,163,146,114,120,113,110,110,115,121	1,0,0,2,1,0,0,0,1,3	109,121,125,127,120,123,147,100,99,102	146	75
2676	24,26,13,22,16,10,18,22,14,11	0,0,0,0,0,0,0,0,0,0	13,25,19,24,21,27,23,17,12,25	0,0,0,0,1,0,0,0,0,1	150	75
2677	40,37,26,37,35,34,41,41,28,25	132,124,133,139,108,116,116,120,128,127	29,44,43,37,41,50,44,47,37,49	121,144,122,117,101,133,105,97,93,117	147	75
2678	1,4,9,2,4,4,7,5,9,2	0,4,0,0,1,4,0,0,2,0	2,2,3,4,0,2,3,6,6,4	0,1,4,3,0,0,0,4,0,2	150	75
2679	1,1,2,0,1,1,0,2,0,2	60,49,39,27,37,36,31,29,39,40	0,2,0,0,1,1,1,2,1,2	43,62,28,42,36,40,43,41,36,43	150	75
2680	21,13,19,11,11,9,7,14,17,27	145,147,170,117,149,159,115,125,115,153	18,20,18,17,29,18,16,16,21,25	127,168,131,134,144,140,120,108,136,119	150	75
2681	15,8,13,8,16,19,22,11,11,12	84,77,65,56,85,70,63,56,50,72	11,8,16,11,9,12,13,20,16,15	92,81,67,57,74,80,65,80,55,68	150	75
2682	0,0,0,0,0,0,1,1,0,1	0,0,1,1,0,0,0,1,0,0	0,1,0,0,0,1,0,1,1,0	1,0,0,1,0,0,0,0,1,0	150	75
2684	3,8,5,9,4,3,5,3,5,3	0,0,0,0,1,0,0,0,2,0	5,4,7,15,18,5,5,7,14,7	2,0,0,0,0,0,0,0,2,0	150	75
2685	36,30,15,24,13,15,25,31,37,14	0,0,0,0,0,0,0,0,0,0	20,28,12,34,23,17,19,28,24,31	0,0,0,1,0,1,0,0,0,0	150	75
2686	13,17,29,24,14,25,30,22,28,24	48,49,46,61,49,41,37,27,45,37	34,36,31,29,29,39,28,18,25,23	39,47,40,25,47,42,36,39,42,43	150	75
2687	10,20,16,19,10,13,16,10,14,18	56,59,68,44,68,64,57,52,56,44	9,20,8,15,9,18,25,16,13,15	50,61,50,50,49,57,51,56,52,49	150	75
2688	13,14,4,7,7,8,7,10,7,14	50,51,72,48,45,66,36,39,47,54	8,12,10,7,8,9,9,9,5,5	55,86,42,50,47,52,70,52,43,58	150	75
2689	2,1,3,2,5,0,2,2,3,4	36,45,65,23,39,39,26,27,38,40	0,4,0,2,7,2,1,5,4,2	45,40,39,51,39,42,41,24,23,40	150	75
2691	0,1,0,1,0,1,0,0,0,0	129,118,150,119,91,141,96,101,129,142	0,0,0,0,0,0,0,1,0,0	106,120,107,106,127,132,139,134,109,108	150	75
2692	3,1,1,5,2,2,1,2,1,2	127,133,163,135,120,123,121,134,96,118	0,4,1,1,2,1,0,3,1,2	133,138,130,136,156,159,153,142,134,108	150	75
2694	6,6,9,7,8,16,12,6,8,11	25,34,29,21,17,32,7,26,27,24	8,13,13,6,10,3,12,11,5,8	22,24,24,17,28,30,12,28,30,27	150	75
2697	20,21,13,14,10,17,17,14,17,18	23,29,30,25,14,22,22,19,32,27	14,17,12,14,22,9,18,14,11,23	24,28,15,16,13,19,28,28,22,29	150	75
2698	2,0,2,2,1,0,0,0,1,0	67,62,54,48,38,47,33,42,31,54	1,0,0,1,1,1,1,1,0,0	37,34,42,40,49,31,37,33,37,50	150	75
2699	1,0,1,0,0,0,0,0,0,0	0,3,3,2,2,0,0,1,4,3	0,0,0,0,0,0,0,0,2,0	4,4,2,3,0,4,1,1,2,1	150	75
2700	1,0,1,0,0,1,0,0,0,0	3,9,1,2,2,1,3,3,5,3	0,1,0,0,0,0,0,0,1,2	3,4,4,2,4,1,0,1,2,5	150	75
2701	1,3,3,4,5,0,1,6,7,3	8,9,9,10,15,7,7,10,8,7	2,2,4,4,3,4,2,2,2,1	12,11,8,6,8,10,6,5,8,5	150	75
2702	7,6,6,9,4,9,5,5,9,9	124,129,133,119,117,109,88,99,102,66	5,6,8,10,6,5,6,4,7,4	106,123,99,101,123,128,99,116,110,113	150	75
2703	2,4,0,2,0,2,1,3,0,0	1,0,1,0,0,0,0,1,0,1	0,3,0,1,3,2,0,1,2,1	0,1,0,0,0,0,0,1,1,0	150	75
2704	0,0,1,0,0,0,0,0,0,1	5,6,10,9,7,9,4,4,6,8	0,0,0,1,2,0,0,3,1,0	14,9,8,4,11,6,9,10,9,5	150	75
2705	1,1,1,1,3,1,0,1,4,3	203,224,257,209,218,177,161,135,178,171	0,1,1,1,0,2,0,2,1,2	226,217,189,195,212,206,211,190,163,185	150	75
2706	30,20,16,11,13,9,16,12,9,11	3,2,2,1,3,0,0,0,2,0	16,17,16,15,20,22,14,16,12,13	0,0,3,1,0,1,1,1,2,0	150	75
2707	1,1,4,4,2,1,1,4,5,2	29,24,30,29,25,35,29,23,26,31	2,2,5,0,1,1,1,1,2,3	29,44,29,41,29,31,33,21,30,31	150	75
2708	4,5,2,7,2,3,5,3,4,3	41,21,32,28,27,36,26,28,27,34	3,6,2,8,6,2,3,3,5,1	28,42,32,18,45,33,30,22,29,28	150	75
2709	2,3,5,4,2,1,3,2,1,1	0,0,0,0,0,0,0,0,0,0	5,0,3,4,3,3,3,4,3,2	1,0,0,0,0,0,0,0,0,0	150	75
2710	2,4,5,4,2,1,1,4,3,4	49,55,33,52,48,33,19,34,54,49	5,2,4,5,0,5,2,4,1,4	47,35,42,33,35,34,31,24,30,37	150	75
2714	54,48,54,52,47,47,42,39,46,56	12,11,12,9,12,20,12,22,12,12	44,55,32,56,54,65,49,42,52,62	14,21,11,10,14,12,15,16,12,16	150	75
2715	2,3,0,0,1,2,2,1,2,0	125,110,105,102,104,109,85,102,100,104	0,3,0,2,2,0,0,1,3,0	88,107,103,80,95,97,103,118,88,122	146	75
2716	36,33,29,34,47,31,35,38,31,29	125,141,131,107,99,90,102,112,115,120	37,35,25,45,28,29,16,31,44,28	117,109,116,115,118,129,115,101,108,101	150	75
2717	2,2,1,1,2,1,0,4,1,1	63,41,52,48,37,52,35,38,33,42	0,2,3,0,3,1,1,1,1,0	44,41,37,41,40,30,44,40,34,46	150	75
2718	0,4,3,1,0,0,0,1,1,2	62,93,81,71,84,60,55,56,77,65	0,1,3,0,2,1,2,2,0,0	67,80,62,72,65,69,83,79,73,78	150	75
2719	2,3,1,1,1,0,4,0,2,2	16,8,11,15,12,6,9,16,7,10	2,1,3,0,3,1,1,1,3,3	20,9,5,6,13,19,12,10,16,14	150	75
2720	13,8,4,6,6,3,11,6,7,7	63,61,43,49,57,45,44,53,35,36	4,9,3,8,3,3,8,8,4,8	45,46,55,44,36,35,55,35,46,45	150	75
2721	1,0,3,0,0,2,3,6,1,0	42,49,52,47,51,49,56,44,41,50	1,3,1,3,1,3,2,0,4,1	58,59,52,46,46,42,44,37,43,43	150	75
2723	0,1,0,1,0,0,1,0,0,0	0,0,0,0,1,0,0,0,1,0	1,0,0,0,0,0,0,1,0,0	0,0,0,0,1,0,0,1,0,0	150	75
2724	0,1,0,2,2,0,2,0,0,3	82,87,85,76,74,84,63,64,99,77	2,1,2,0,1,0,1,2,2,0	67,74,67,99,61,112,79,78,69,82	150	75
2725	0,2,1,0,0,0,0,0,2,1	111,82,119,79,78,91,72,75,86,69	2,0,0,2,0,1,2,1,0,1	87,98,84,90,82,112,87,82,92,93	150	75
2726	0,0,0,0,0,0,0,0,1,0	40,50,47,35,33,31,40,22,39,35	0,0,1,0,0,0,0,0,0,0	37,34,41,36,55,34,38,30,35,41	150	75
2727	0,0,1,0,0,0,0,0,0,1	41,32,46,30,40,24,27,23,28,37	0,0,0,0,0,0,0,1,0,0	27,39,31,37,30,30,33,31,19,30	150	75
2728	5,5,2,3,1,8,3,7,1,3	84,91,132,97,72,71,82,87,79,83	5,4,4,3,4,3,6,5,2,5	122,89,87,84,101,87,84,78,82,79	150	75
2729	2,0,0,5,0,2,1,0,1,2	98,74,95,91,107,97,81,68,95,103	2,2,0,1,4,2,3,1,1,1	81,109,79,73,98,73,106,102,79,90	150	75
2731	0,0,3,0,2,0,0,0,1,0	19,15,15,16,13,13,18,20,15,13	0,0,0,0,0,0,0,0,1,0	10,16,16,18,17,6,12,14,11,18	150	75
2732	86,91,88,91,111,116,101,86,84,117	19,21,14,21,11,14,14,10,10,11	90,107,90,126,73,75,101,110,123,87	13,18,12,14,6,10,10,7,14,8	150	75
2733	0,0,0,0,0,1,0,0,0,2	0,0,0,0,0,0,0,0,0,0	0,1,0,0,0,0,0,0,0,0	0,0,0,0,0,0,1,0,0,0	150	75
2734	0,0,0,1,0,0,0,0,0,0	6,3,4,2,3,0,1,0,5,4	0,1,1,0,0,0,0,0,0,0	4,2,1,2,1,0,3,9,2,3	150	75
2735	3,8,6,14,5,6,4,10,8,6	43,30,48,31,40,38,22,33,29,42	4,14,15,8,7,6,6,8,3,15	41,34,38,37,19,43,31,39,45,38	150	75
2736	85,72,87,63,76,78,64,59,60,73	7,20,6,6,14,6,8,7,9,6	81,93,93,53,65,55,64,61,90,75	5,12,10,8,8,10,9,10,13,4	150	75
2737	1,2,0,0,3,1,0,1,1,3	25,19,26,24,19,17,17,22,29,23	1,1,1,0,0,3,1,2,4,0	25,25,20,29,27,25,15,28,32,23	150	75
2738	1,0,0,0,0,0,0,0,0,0	44,26,29,30,40,32,21,28,40,28	0,0,0,0,0,1,1,0,0,0	20,23,32,36,30,29,40,19,30,37	150	75
2739	30,43,43,40,31,39,40,43,43,37	1286,1274,1308,1028,1068,1140,960,854,1042,1258	31,41,27,39,27,22,26,46,41,58	1290,1218,1039,1019,1124,1162,1202,1028,1089,1019	150	75
2740	9,10,6,12,11,11,15,4,6,8	615,614,639,504,514,523,522,435,506,635	9,4,9,13,5,4,7,7,4,5	547,569,495,547,553,536,550,528,481,508	150	75
2741	6,2,4,4,3,2,2,3,2,2	8,6,10,8,12,5,7,7,13,3	0,2,3,2,1,1,3,2,2,1	7,6,12,7,6,7,7,6,15,11	150	75
2742	0,0,0,0,0,0,0,0,0,1	79,75,89,74,45,61,60,49,61,66	0,0,0,1,0,0,2,0,1,1	72,77,65,62,76,57,76,65,47,53	150	75
2743	0,1,0,0,0,1,0,0,0,0	15,9,12,11,5,12,20,6,10,8	1,1,0,0,1,0,0,0,0,0	7,13,10,5,11,14,16,10,11,9	150	75
2745	2,0,1,0,0,0,0,1,0,1	0,1,4,1,0,0,1,1,0,2	0,0,1,1,0,2,0,2,0,1	0,3,2,0,1,1,2,1,1,2	150	75
2747	1,4,0,0,0,0,1,1,1,0	0,0,0,0,0,0,0,0,0,0	0,0,0,0,1,0,1,0,0,1	0,0,0,0,0,0,1,0,0,0	150	75
2748	1,4,0,0,3,0,1,1,1,0	1,6,1,1,1,0,2,1,2,1	0,0,0,0,2,1,0,0,0,1	2,0,3,3,1,2,0,1,4,2	150	75
2749	0,1,1,0,0,0,1,0,1,1	12,26,24,26,19,24,21,27,18,26	0,1,1,1,0,0,0,1,0,1	18,23,14,28,28,30,22,28,22,20	150	75
2750	1,1,0,1,0,2,0,0,0,0	11,13,9,14,17,6,6,4,8,11	0,0,0,0,0,0,0,2,0,0	5,17,12,16,5,19,5,7,6,10	145	75
2751	56,45,48,48,53,59,55,35,29,42	1,2,2,0,2,4,1,1,0,4	51,65,54,56,53,37,39,47,66,54	3,2,2,5,0,0,0,0,0,1	150	75
2752	127,108,123,120,118,136,123,88,81,82	0,1,1,0,0,0,0,0,1,1	133,166,113,124,97,101,103,100,151,102	0,0,0,0,0,0,0,0,0,0	150	75
2753	92,80,85,74,82,93,92,57,63,70	7,2,7,9,6,8,9,10,12,8	79,94,79,84,83,70,80,83,101,87	5,3,7,7,7,12,6,9,13,3	150	75
2754	1,0,0,0,0,0,0,0,0,0	55,54,64,58,53,40,38,35,54,45	0,0,0,0,0,0,0,0,0,0	50,47,46,47,59,62,49,40,46,49	150	75
2755	15,11,16,11,15,14,9,9,10,10	63,60,53,56,41,58,37,42,42,36	5,9,9,3,16,12,10,8,7,11	35,56,42,40,55,36,51,42,39,52	150	75
2756	3,6,6,2,8,6,1,5,7,2	37,30,39,24,30,35,30,28,35,31	3,9,0,6,1,4,2,4,3,2	36,32,31,34,25,40,43,33,31,32	150	75
2758	8,4,7,6,5,3,9,7,8,4	43,42,36,22,24,28,20,41,28,22	3,4,6,10,6,4,6,5,8,13	26,35,33,42,39,35,36,39,29,21	150	75
2759	0,0,0,0,0,0,3,0,0,0	28,21,17,28,29,21,16,32,22,35	0,0,0,0,0,0,0,0,0,0	28,30,21,19,26,28,26,22,15,20	150	75
2760	2,1,0,0,0,1,3,1,8,0	45,33,40,32,16,24,34,37,45,35	0,0,0,4,5,3,3,2,1,3	34,44,32,30,45,37,36,27,38,35	150	75
2761	1,1,0,0,0,1,3,1,8,0	0,1,0,2,1,1,0,2,5,2	0,1,0,4,3,3,3,2,1,3	2,4,0,0,0,1,1,1,1,0	150	75
2762	0,1,0,0,0,1,1,0,4,0	1,0,3,1,1,0,0,1,1,1	0,1,0,3,1,2,1,2,1,2	0,0,0,1,0,2,0,2,0,0	150	75
2766	2,4,5,4,5,2,9,2,3,5	4,0,2,0,3,1,3,2,6,4	0,3,0,4,3,3,1,4,0,1	2,4,2,2,2,0,1,2,0,0	150	75
2767	20,21,19,15,12,12,18,5,19,15	5,3,6,8,0,3,6,3,5,2	4,8,5,7,15,8,10,14,5,10	1,3,3,2,2,0,3,0,0,1	150	75
2768	84,88,76,66,89,64,62,62,77,83	0,0,0,0,0,0,0,1,0,0	84,74,77,74,46,86,79,73,57,70	0,0,0,0,0,0,0,0,0,0	128	75
2770	1,0,1,0,1,0,0,0,0,0	1,0,2,2,3,0,0,0,2,0	0,1,1,0,0,0,1,0,0,1	0,1,1,2,0,1,1,3,3,4	150	75
2771	1,1,0,1,1,0,0,1,1,0	0,2,1,1,1,0,3,1,2,0	0,0,1,1,0,1,0,0,0,0	0,4,1,2,2,0,1,1,0,5	150	75
2772	3,0,0,0,1,2,0,1,4,1	15,13,19,6,15,3,8,37,21,14	1,2,3,1,0,2,2,2,0,5	14,23,17,12,6,26,7,7,5,6	145	75
2773	0,0,0,0,0,0,0,1,0,0	11,12,4,2,10,2,10,29,21,11	0,1,0,0,0,0,0,0,0,0	8,27,10,11,14,24,11,10,6,9	150	75
2774	0,1,0,0,0,1,0,0,0,0	1,2,1,1,0,1,1,0,2,1	0,1,0,0,0,0,2,1,0,1	3,6,1,1,1,1,3,0,2,1	150	75
2775	13,16,18,14,17,16,12,19,16,13	0,0,1,1,1,0,1,0,0,0	13,9,22,12,10,18,13,14,16,16	1,0,1,1,0,2,1,4,0,0	150	75
2776	4,3,2,8,3,4,2,3,2,4	292,252,268,228,269,231,216,224,263,234	6,1,2,4,2,2,4,6,5,5	232,234,192,260,242,230,232,186,214,203	150	75
2778	2,4,3,2,2,4,1,2,4,1	27,23,27,21,16,26,25,13,21,25	0,3,0,2,0,0,2,7,1,2	17,24,12,18,28,24,14,12,18,26	148	75
2779	1,8,2,2,2,2,5,5,3,3	0,0,0,0,0,1,0,0,0,0	2,2,2,3,6,0,2,1,4,4	0,0,0,0,0,0,0,0,0,0	150	75
2780	7,7,6,5,6,5,8,10,7,3	29,14,23,12,11,16,14,17,14,16	4,8,1,7,6,7,4,5,1,7	15,16,16,17,13,25,17,19,16,19	145	75
2781	3,2,0,5,1,2,3,2,6,3	29,23,18,24,8,21,20,23,19,17	1,4,1,0,1,1,3,2,6,2	22,14,24,22,9,19,18,17,13,16	145	75
2782	1,1,0,3,2,0,0,0,0,0	41,26,43,34,26,33,37,29,31,24	0,0,1,1,3,0,0,1,1,1	14,31,27,37,34,31,38,33,25,27	150	75
2784	0,1,1,1,4,0,3,2,4,1	106,81,63,70,66,70,80,52,81,90	2,0,0,3,0,1,1,5,0,1	70,79,74,79,73,92,83,61,100,94	150	75
2786	176,204,209,179,174,176,167,152,170,173	17,13,17,7,17,5,18,11,14,6	178,250,188,195,217,243,236,178,213,224	16,14,11,9,12,14,6,8,9,16	150	75
2787	7,12,4,7,5,4,7,4,6,5	31,33,26,34,32,31,23,32,25,16	7,4,1,7,9,3,2,7,5,5	24,31,29,40,22,24,22,28,27,23	150	75
2788	3,11,3,4,3,3,6,5,4,5	0,0,0,0,0,0,1,1,0,0	7,5,0,2,6,5,3,6,2,4	0,0,0,0,0,0,0,0,0,0	150	75
2789	1,3,2,8,2,2,3,8,1,4	44,63,52,41,50,50,47,44,35,51	4,4,1,4,3,5,1,3,4,5	49,60,52,56,48,57,44,50,49,47	150	75
2790	10,12,10,8,6,9,11,5,8,7	50,48,45,49,41,34,53,45,46,34	5,10,11,2,12,8,12,13,9,12	53,38,36,39,52,56,57,46,43,26	150	75
2791	112,126,115,98,133,118,126,89,112,81	133,145,147,123,132,141,116,116,124,128	110,126,124,101,119,115,97,91,117,115	132,137,126,143,147,176,154,123,118,140	150	75
2792	27,35,23,25,33,18,35,49,36,26	0,0,0,0,2,0,0,0,0,0	22,39,22,21,21,26,30,19,27,34	0,0,0,0,0,0,0,0,1,0	150	75
2794	1,4,7,2,2,1,3,1,0,0	68,51,42,58,71,53,65,44,53,37	5,0,4,2,3,0,2,3,2,1	75,56,55,67,52,72,42,57,71,53	150	75
2795	98,70,73,83,105,114,94,101,87,137	182,195,146,146,153,148,118,123,138,159	102,75,72,99,97,93,79,98,101,83	167,197,155,179,170,172,161,165,158,154	150	75
2796	6,5,5,14,6,4,14,11,6,5	321,307,265,237,307,296,225,199,265,283	9,5,3,5,9,3,8,6,13,7	313,248,256,278,288,269,298,280,264,254	150	75
2797	179,143,148,127,143,116,148,123,138,151	1,2,2,0,1,1,1,0,1,1	127,168,146,119,115,156,119,133,119,131	0,1,1,0,0,2,0,0,0,1	150	75
2798	4,9,5,6,3,9,12,10,6,5	535,488,560,463,482,471,419,355,406,473	8,7,4,2,7,5,5,6,11,6	502,534,441,453,434,470,459,413,438,467	150	75
2799	8,4,3,1,7,5,8,2,7,2	34,32,36,22,26,27,11,17,30,25	4,4,2,8,4,4,3,4,6,3	32,22,25,25,29,27,19,22,25,27	150	75
2800	0,0,0,2,1,1,3,2,3,0	37,26,26,14,26,15,22,21,17,34	1,5,0,1,1,2,0,0,0,0	25,30,20,23,23,27,10,19,24,15	150	75
2801	9,8,13,17,11,8,14,11,9,9	2,3,0,0,2,1,0,0,0,0	11,19,13,15,21,8,10,5,15,12	0,1,1,1,0,1,1,2,1,0	150	75
2802	0,0,1,0,2,0,0,0,0,0	20,20,18,24,13,11,10,13,13,17	0,0,0,0,0,0,0,2,0,2	15,26,12,15,17,14,25,20,17,10	150	75
2803	110,138,142,142,122,139,111,90,71,86	0,0,3,0,3,0,1,0,1,1	161,132,155,97,76,109,134,81,155,114	2,3,0,1,1,1,0,1,1,1	150	75
2806	0,1,2,0,1,0,1,1,1,1	0,0,0,0,0,0,0,0,0,0	0,0,0,0,0,0,1,0,0,0	0,0,0,0,1,0,0,0,0,0	150	75
2807	2,2,0,1,3,1,1,0,0,2	24,13,14,7,16,12,16,18,8,12	0,3,0,1,1,0,0,0,2,0	14,25,9,14,23,12,13,17,13,20	150	75
2808	1,3,1,0,1,0,0,1,0,0	48,30,28,29,19,31,25,23,39,38	0,1,0,0,0,0,1,1,0,0	28,31,33,28,31,24,31,23,19,32	150	75
2809	0,3,1,2,2,0,0,5,2,2	13,21,11,15,10,18,8,8,13,7	2,2,3,3,3,0,1,0,1,0	13,13,16,10,17,13,16,11,6,8	150	75
2810	0,2,0,1,1,1,0,4,1,0	0,0,0,1,0,0,0,0,0,0	1,0,0,1,0,0,0,0,1,0	0,0,0,0,0,0,0,0,0,0	150	75
2811	3,3,9,1,2,1,7,6,6,3	31,24,40,31,29,28,25,29,31,17	4,2,3,5,2,3,6,2,5,3	32,32,36,31,30,22,33,19,28,22	150	75
2813	3,4,4,8,3,8,6,4,4,3	1254,1207,1279,1137,1119,1071,1046,909,1060,1190	5,7,5,10,5,5,5,3,3,4	1068,1212,1067,1055,1173,1199,1162,1066,990,1041	150	75
2814	1,1,0,0,1,0,1,0,0,0	14,14,19,25,11,10,18,16,21,18	1,3,1,1,2,1,1,0,0,0	11,10,14,14,9,8,12,13,16,9	148	75
2815	1,1,1,2,1,0,0,1,0,0	9,4,7,7,5,7,3,9,8,4	2,1,0,1,0,0,0,0,1,2	17,9,8,8,15,7,6,6,12,7	150	75
2816	13,8,10,13,11,8,8,8,10,8	12,14,17,11,8,11,16,10,18,7	7,9,7,9,3,11,5,6,8,12	16,9,16,13,10,9,18,5,5,11	150	75
2820	9,9,4,4,7,8,9,6,6,4	122,137,130,93,113,116,86,102,105,100	6,14,7,10,10,9,14,13,7,12	136,119,96,128,117,136,115,100,117,100	150	75
2821	1,0,2,0,0,1,1,1,1,4	0,0,0,0,0,0,2,0,0,0	0,0,2,0,1,5,0,0,2,0	0,0,0,0,0,0,0,0,0,0	150	75
2823	3,10,2,2,7,6,4,7,5,2	27,34,20,13,17,17,26,16,25,21	4,2,1,3,0,7,7,7,5,5	22,17,12,15,24,18,18,18,24,17	150	75
2824	1,2,0,1,0,0,0,0,0,0	118,123,134,85,87,123,116,126,106,119	0,2,0,0,0,0,1,0,0,0	111,91,122,120,118,126,136,119,122,107	150	75
2825	0,0,0,1,0,0,2,0,0,0	1,0,0,1,0,0,0,0,0,0	0,2,0,0,0,0,0,0,2,0	0,0,0,0,0,0,0,0,0,0	150	75
2826	0,1,0,0,0,0,0,0,0,0	6,7,11,8,3,1,7,6,15,5	0,0,1,0,1,0,0,0,1,0	2,2,2,5,5,6,6,5,7,7	150	75
2827	13,23,18,19,24,16,12,24,9,24	60,57,34,45,43,44,36,45,40,43	14,26,21,16,31,23,21,15,35,22	39,62,44,57,49,42,44,47,47,51	150	75
2828	3,1,1,2,3,0,2,2,5,2	3,3,5,1,3,3,2,7,2,3	3,2,5,2,0,2,1,0,3,1	4,7,1,3,1,1,4,0,1,2	150	75
2830	9,16,2,6,10,4,17,11,9,9	0,0,0,0,1,0,0,0,0,0	2,7,6,8,9,4,12,7,13,11	0,0,0,0,0,0,2,0,0,0	150	75
2831	2,4,2,9,1,2,2,3,5,1	24,13,8,7,17,9,14,10,13,14	3,4,1,1,5,0,2,3,5,1	8,25,13,12,12,10,19,12,6,17	150	75
2832	3,0,1,3,0,0,1,3,2,0	22,23,22,15,15,15,10,17,20,22	0,2,1,0,1,0,0,0,2,0	12,20,18,27,10,19,21,13,8,14	150	75
2833	2,0,0,0,1,0,0,2,0,1	0,0,0,0,0,0,0,0,0,1	1,0,3,0,1,0,1,0,0,2	0,0,0,0,0,0,0,0,0,0	150	75
2834	1,1,0,0,0,0,0,0,0,0	5,2,6,1,2,7,3,2,9,4	0,0,0,0,0,0,0,2,0,0	2,1,4,2,3,1,7,4,12,6	150	75
2835	14,8,13,7,7,9,9,6,13,11	2,0,1,4,1,3,2,1,1,3	13,17,5,9,9,4,11,5,8,12	0,3,4,1,1,1,1,1,2,1	150	75
2836	0,0,1,0,0,0,0,0,0,0	0,0,0,1,2,1,6,8,1,13	0,0,0,0,0,0,0,0,0,0	1,1,0,3,0,1,2,5,7,1	150	75
2837	9,9,1,13,4,14,10,5,2,4	4,3,9,9,2,6,5,6,4,5	13,13,5,10,5,5,2,9,3,9	2,9,4,1,9,3,2,2,8,3	150	75
2838	0,1,2,0,0,0,0,0,0,3	0,0,1,0,0,0,0,0,2,1	0,0,0,1,0,1,1,0,0,0	0,1,0,0,0,4,0,1,0,0	150	75
2839	2,0,0,0,1,0,0,0,0,0	3,2,6,5,1,5,7,5,6,5	1,0,1,0,0,0,0,1,0,1	2,5,1,3,7,1,0,4,7,5	150	75
2840	3,4,7,9,9,10,5,5,5,6	116,96,141,105,98,105,91,110,91,117	4,4,4,7,5,4,6,7,6,3	135,125,130,120,124,118,117,141,119,126	150	75
2841	2,4,6,2,1,4,0,1,1,1	44,46,50,36,29,29,28,26,41,34	2,1,2,1,3,1,2,2,2,4	46,50,28,32,31,31,36,31,25,43	150	75
2842	191,178,153,187,180,182,128,167,129,142	18,16,22,21,26,25,21,16,23,27	196,219,203,184,125,168,183,149,169,179	20,30,30,16,15,20,19,11,35,24	150	75
2843	1,0,1,2,3,1,0,0,1,1	14,21,19,30,28,47,20,13,14,22	3,0,1,1,0,0,0,0,1,0	26,23,21,31,13,24,18,25,32,21	150	75
2844	28,17,24,33,27,31,20,17,15,23	1,0,0,0,0,0,0,1,0,1	29,31,28,30,15,37,24,19,20,41	2,3,0,0,1,0,1,1,2,0	150	75
2845	8,6,6,8,7,6,12,8,4,6	371,407,423,429,358,425,328,266,302,383	5,14,5,13,8,10,12,8,2,3	396,405,396,349,343,394,309,357,373,368	150	75
2846	0,0,2,0,0,0,1,0,0,0	0,0,0,0,1,0,0,1,0,0	0,0,0,1,0,1,0,0,0,1	0,1,0,0,0,0,0,0,0,0	150	75
2847	24,15,19,12,14,7,17,18,18,18	1,4,3,2,6,3,1,0,0,0	19,23,9,24,11,15,27,18,21,17	0,2,2,0,0,5,1,1,1,3	150	75
2848	18,6,13,9,8,4,15,15,14,13	11,8,4,13,11,7,8,7,9,12	7,25,15,18,7,10,12,11,17,14	19,6,5,18,5,8,10,8,6,5	150	75
2849	4,14,5,12,15,4,9,11,9,10	1830,1691,1773,1577,1495,1493,1451,1282,1492,1586	2,3,2,9,7,6,7,10,6,4	1684,1613,1501,1584,1648,1611,1699,1408,1534,1607	150	75
2850	0,0,0,0,0,0,0,1,0,0	14,16,25,19,11,21,7,16,13,26	0,0,0,0,0,0,1,0,0,1	23,21,16,17,7,16,7,19,16,23	150	75
2851	1,0,1,2,1,0,1,0,0,0	5,7,15,6,11,4,4,11,5,9	1,0,0,0,1,0,0,0,1,0	5,6,11,9,5,14,9,10,4,14	150	75
2852	15,13,8,8,14,16,16,8,8,11	0,0,1,0,0,0,1,0,0,1	5,9,10,13,18,13,20,16,12,14	0,2,0,0,0,0,0,2,0,1	150	75
2855	1,2,0,2,1,0,1,0,3,0	11,14,9,10,10,5,10,9,15,14	4,0,0,1,0,0,4,0,1,0	16,7,3,2,12,9,15,8,12,4	150	75
2858	8,8,14,9,6,3,8,6,8,9	1,3,2,1,2,3,2,2,2,4	12,11,2,6,8,4,12,6,7,6	1,3,5,2,2,3,1,0,0,2	150	75
2859	3,3,2,6,3,0,3,1,6,3	95,114,95,86,86,83,90,86,88,91	0,2,2,3,4,1,4,2,2,2	111,95,102,92,100,83,101,85,74,80	150	75
2860	3,6,4,0,1,2,2,5,3,1	0,0,0,0,0,0,0,0,0,0	7,0,3,2,2,2,1,4,6,3	0,0,0,0,0,0,0,1,0,0	150	75
2861	4,2,3,1,6,2,3,3,4,3	1,0,0,0,0,0,0,0,0,0	1,6,1,4,2,2,2,2,3,1	0,0,0,0,0,0,0,0,0,0	150	75
2863	0,0,0,0,0,0,0,0,2,0	1,0,0,0,0,0,0,0,0,0	0,0,0,0,0,0,0,0,0,0	0,0,0,0,0,0,1,1,0,0	150	75
2864	1,1,2,1,2,0,0,0,2,2	183,146,180,133,128,129,121,112,181,141	1,0,0,1,1,5,0,1,2,2	142,175,171,170,162,172,165,170,148,152	150	75
2866	1,1,2,0,3,0,1,4,0,0	11,13,12,10,8,8,14,17,14,10	1,2,1,2,3,1,1,1,2,0	9,22,19,20,25,9,10,11,14,19	150	75
2868	0,4,2,1,4,0,1,1,0,1	0,0,0,0,0,0,0,0,1,0	1,3,4,2,0,0,2,1,2,4	0,0,0,0,1,0,0,0,0,0	150	75
2870	0,0,0,0,0,1,0,0,1,0	85,87,79,77,60,79,58,60,75,72	0,0,0,0,0,0,0,0,0,0	95,81,79,87,80,82,99,79,62,92	150	75
2871	3,4,4,0,3,1,1,0,4,0	14,25,17,18,16,20,6,15,14,21	3,4,3,2,2,5,2,7,3,2	9,10,16,11,9,14,13,10,8,6	150	75
2872	2,2,0,3,1,1,0,2,0,2	274,237,262,212,258,246,227,211,197,245	1,0,2,1,2,0,0,1,2,0	243,204,239,206,284,275,210,213,232,185	150	75
2874	2,5,5,4,6,4,11,6,7,8	142,161,148,115,119,107,98,103,136,121	2,3,2,1,3,5,5,8,4,3	136,99,137,110,124,111,120,114,116,125	150	75
2875	0,0,1,0,0,0,0,1,0,0	29,36,52,40,39,33,33,26,30,36	0,4,0,1,0,0,0,2,1,0	28,38,36,33,39,41,39,31,27,25	150	75
2878	5,0,3,0,2,4,4,2,1,2	158,159,199,138,140,125,136,128,166,175	1,4,3,1,2,0,0,2,0,0	165,171,161,146,201,187,155,120,176,137	150	75
2879	1,0,0,0,0,0,0,0,0,0	45,35,35,30,38,36,53,43,44,43	0,1,0,0,0,0,1,0,0,0	39,47,30,41,33,44,39,33,27,44	150	75
2880	2,4,1,1,2,0,0,2,4,0	18,15,27,18,18,21,19,10,16,11	1,1,0,1,0,0,2,1,2,0	14,17,12,11,13,18,25,13,9,9	150	75
2881	1,6,1,1,4,3,1,7,1,0	75,73,71,67,67,59,51,65,45,59	1,4,0,5,0,3,1,4,6,3	58,75,70,62,54,65,60,69,60,59	150	75
2882	23,28,36,30,30,38,23,29,34,25	2,0,2,6,1,3,2,5,4,2	28,27,17,25,18,33,31,27,23,19	1,5,3,4,7,3,3,3,1,0	150	75
2883	5,9,5,4,4,3,5,2,6,5	1,0,0,3,0,0,1,0,1,0	5,6,3,10,10,3,8,4,7,9	0,1,1,0,0,1,2,1,2,0	150	75
2884	1,1,1,2,1,1,0,0,1,2	1226,1061,1193,1040,1047,1125,945,925,1107,984	3,3,0,1,0,0,0,1,0,1	1068,1172,1035,975,1251,1171,1142,989,964,947	150	75
2885	10,13,17,13,8,10,15,12,11,18	1946,1646,1959,1733,1718,1614,1420,1333,1604,1484	10,14,18,16,19,7,10,19,9,22	1786,1877,1603,1505,1774,1827,1747,1633,1542,1459	150	75
2886	4,3,5,11,0,6,11,7,6,6	0,3,0,2,2,0,3,3,2,2	5,13,8,11,5,4,4,9,6,8	1,1,2,1,0,0,2,1,4,1	150	75
2887	0,1,1,1,2,0,2,3,3,0	67,104,94,87,62,67,77,56,84,58	1,5,1,2,1,1,2,1,4,1	80,77,64,67,91,88,80,65,68,62	150	75
2888	2,3,2,3,1,3,2,2,3,0	152,153,202,163,143,141,148,138,140,181	1,1,5,3,1,3,1,1,1,5	182,159,164,151,159,190,152,161,154,129	150	75
2889	6,8,9,6,9,7,6,6,10,7	2,1,0,0,0,0,0,0,0,1	5,4,4,15,6,11,6,7,5,8	0,3,0,3,1,1,1,0,1,0	150	75
2892	3,1,1,2,0,1,3,3,1,0	23,27,27,23,18,21,35,22,12,22	0,1,1,1,1,4,1,2,0,3	17,35,18,17,18,22,32,26,24,14	150	75
2893	2,0,1,0,0,0,2,0,2,0	47,48,68,44,37,44,47,56,36,35	0,2,0,0,1,2,0,2,0,0	39,38,54,48,37,41,43,44,42,51	150	75
2894	0,2,1,1,0,0,0,6,3,0	6,6,1,1,1,1,0,9,2,7	0,1,0,2,0,2,0,0,0,1	1,4,5,0,3,5,3,1,3,1	150	75
2895	17,21,15,17,13,10,34,14,12,8	8,10,11,8,10,5,9,5,10,7	18,25,24,24,16,28,26,19,17,15	8,13,5,7,4,8,10,8,5,6	150	75
2896	42,39,31,42,21,33,41,34,26,27	1,3,2,2,5,2,1,2,3,2	40,35,31,37,37,33,27,39,36,40	6,5,4,7,5,6,2,4,7,3	150	75
2897	13,15,10,17,8,12,12,15,9,11	20,13,18,25,17,7,17,14,6,15	15,17,11,19,16,16,11,20,15,13	17,17,18,12,16,19,9,13,20,12	150	75
2898	13,15,10,17,8,12,12,15,9,11	0,2,4,1,1,0,0,2,3,0	15,17,11,19,16,16,11,20,15,13	0,0,2,0,1,1,0,1,1,2	150	75
2899	7,8,9,10,10,8,10,12,10,9	2,4,4,4,6,4,5,3,3,5	13,13,10,15,12,13,9,17,12,9	5,3,8,1,2,7,4,8,8,2	150	75
2901	20,19,14,19,19,13,21,25,21,12	179,160,142,138,130,130,143,152,143,111	12,14,16,21,13,6,18,22,21,15	157,137,118,151,149,142,198,149,145,158	150	75
2902	155,157,129,114,124,129,107,102,110,126	6,10,5,12,5,8,4,7,3,1	125,158,94,110,130,131,135,110,111,116	1,1,5,2,11,6,7,4,8,8	150	75
2903	4,4,1,2,6,2,4,2,3,4	40,41,43,47,31,34,32,45,31,53	1,2,0,1,6,0,2,5,3,3	57,39,31,48,54,42,35,26,51,30	150	75
2904	6,8,7,4,3,7,14,10,6,8	98,79,82,86,80,85,72,56,69,72	5,5,12,5,4,13,15,8,13,11	79,83,69,78,84,89,82,75,65,61	150	75
2907	288,163,315,302,319,296,475,404,346,252	0,0,0,0,0,0,0,0,0,0	188,312,216,223,206,377,412,362,235,291	0,1,0,0,0,0,0,0,0,0	150	75
2908	130,204,157,144,86,127,158,126,126,142	4,5,0,3,2,1,7,0,1,1	137,159,96,151,154,104,95,86,156,130	1,3,5,3,0,0,0,2,5,1	150	75
2909	82,113,95,100,50,73,93,69,77,95	184,90,310,196,260,126,285,244,291,89	78,101,67,95,96,63,58,55,111,74	156,239,191,117,152,309,385,259,104,177	150	75
2910	0,0,1,1,2,1,4,2,2,0	61,47,53,47,38,55,42,43,32,47	2,1,0,0,0,0,3,1,2,3	55,60,38,51,45,42,51,41,40,45	150	75
2912	0,0,2,1,1,0,0,2,1,2	11,2,4,4,2,0,0,8,5,10	2,2,0,0,1,0,0,0,0,0	0,6,3,4,0,4,3,0,0,1	150	75
2913	17,16,14,15,14,25,15,9,18,12	325,325,361,287,264,281,316,198,239,323	12,21,16,13,18,10,23,11,19,9	286,327,274,284,311,281,284,293,279,253	150	75
2914	6,4,4,8,2,3,12,3,4,4	71,82,73,49,48,59,58,37,52,60	4,9,6,8,7,4,4,5,4,9	68,84,53,66,84,72,66,60,66,67	150	75
2915	5,1,3,1,2,3,1,0,2,1	6,9,5,10,12,5,9,6,9,16	7,2,3,1,2,3,6,5,5,1	4,14,3,5,4,6,9,4,5,5	150	75
2916	0,0,0,0,0,0,0,0,0,0	1,0,0,0,0,1,0,3,0,1	0,0,0,0,0,3,0,0,0,0	0,3,0,1,0,0,0,0,2,0	150	75
2918	0,0,1,2,2,0,0,1,0,0	0,0,0,0,0,0,0,0,2,0	1,2,0,0,0,0,0,0,0,0	0,0,1,0,0,0,0,0,0,0	150	75
2919	4,3,1,6,1,0,4,1,3,6	57,60,66,39,43,50,46,34,42,42	2,2,2,5,6,0,2,6,3,0	45,54,49,52,55,63,53,56,71,56	150	75
2920	3,2,1,1,2,1,2,1,1,4	49,44,47,42,49,43,45,35,39,35	3,1,2,0,1,1,2,0,1,1	40,27,50,44,52,69,42,40,40,29	150	75
2921	0,3,0,1,2,3,2,0,0,1	78,84,65,54,52,75,55,60,60,71	4,0,1,2,2,2,0,5,0,0	57,56,71,62,66,63,61,51,53,61	150	75
2923	1,1,1,2,0,1,2,0,4,4	6,4,5,3,5,10,7,4,11,5	2,1,2,6,1,1,2,1,2,2	3,7,6,6,4,5,11,9,3,7	150	75
2924	10,7,7,8,7,6,6,7,8,3	271,237,219,170,178,189,168,228,210,211	5,12,4,7,7,5,3,1,1,2	233,232,207,197,192,236,194,183,198,173	150	75
2925	3,2,1,6,3,0,5,6,5,3	119,127,124,102,86,90,72,82,103,102	3,13,5,5,6,12,1,4,4,9	89,118,90,84,93,103,99,104,87,102	150	75
2928	2,2,2,4,0,0,1,0,3,4	83,66,70,74,75,60,72,54,72,58	2,4,0,2,1,0,0,2,2,3	65,71,70,88,57,90,63,59,79,54	150	75
2929	0,0,1,0,0,0,0,0,0,0	49,33,42,30,40,26,22,26,39,33	0,0,0,0,0,0,0,0,0,0	39,56,23,38,30,33,37,20,38,21	150	75
2930	4,10,12,17,9,8,12,14,13,9	517,525,532,463,433,404,382,439,473,446	10,12,9,6,10,8,7,9,19,23	453,498,470,450,417,468,519,394,443,418	150	75
2931	30,17,28,20,27,19,30,21,23,24	1,0,3,1,0,2,0,1,0,0	33,32,31,26,31,33,29,29,24,26	0,1,2,1,2,0,0,0,0,0	150	75
2932	4,6,4,1,3,2,0,1,1,0	37,40,34,28,52,32,16,30,39,45	4,1,1,2,1,2,0,3,3,7	23,43,35,20,31,30,38,30,32,35	150	75
2933	55,60,49,34,59,35,32,41,33,38	0,0,1,1,0,1,1,1,2,0	49,40,42,31,32,42,50,29,36,43	1,0,0,0,0,1,0,2,0,0	150	75
2934	91,93,69,61,98,84,61,79,63,82	0,0,0,0,0,0,0,0,0,0	90,71,76,65,66,65,90,59,82,74	0,0,0,1,0,0,0,0,0,0	150	75
2935	50,32,32,33,45,40,21,30,44,43	6,4,4,2,6,6,3,0,0,3	41,35,44,32,40,24,31,36,40,37	5,6,7,1,2,5,10,2,4,0	150	75
2936	86,65,52,60,84,89,50,68,74,87	4,6,7,3,0,3,0,2,1,0	82,66,78,66,74,47,71,66,86,68	0,3,1,2,2,0,0,2,2,5	150	75
2937	2,0,0,1,4,0,2,0,5,0	0,1,2,3,2,1,5,1,0,0	2,2,2,0,0,0,0,1,0,0	1,1,2,2,2,1,2,0,1,1	150	75
2940	0,0,1,0,0,0,2,0,0,0	211,230,269,210,235,198,200,132,197,211	0,0,0,0,1,0,0,0,0,0	225,244,207,203,217,221,223,208,200,185	150	75
2941	10,6,3,4,4,8,15,9,11,2	41,37,57,46,35,33,33,21,40,21	3,8,3,8,3,2,3,3,3,7	36,45,28,46,36,36,43,27,41,25	150	75
2942	0,0,0,0,0,0,0,0,0,0	0,0,0,0,1,1,0,0,0,1	0,0,0,0,0,0,0,1,0,0	0,0,3,1,0,0,0,0,1,0	150	75
2943	7,3,8,1,5,7,4,8,3,6	0,0,1,0,0,0,0,0,0,0	5,4,2,12,7,8,4,2,6,4	0,0,0,0,0,0,0,0,0,0	150	75
2944	51,64,61,45,49,58,79,57,53,41	2,3,2,2,4,0,3,6,0,4	36,76,30,45,42,71,59,39,35,51	3,6,6,0,0,7,5,5,2,3	150	75
2945	8,13,7,10,9,13,10,12,13,10	11,6,7,4,8,10,6,5,6,4	10,9,9,5,10,10,7,6,9,10	3,3,4,5,4,5,7,7,5,6	150	75
2946	10,10,6,14,7,11,15,8,5,2	8,14,8,14,8,15,11,11,6,4	0,10,5,10,5,6,11,12,7,14	7,9,3,5,11,2,7,9,1,11	150	75
2948	8,8,8,8,8,7,10,7,13,2	19,19,21,32,19,19,25,18,22,15	9,14,3,9,7,3,19,4,13,8	17,21,17,23,18,16,27,21,18,19	150	75
2949	19,35,31,24,31,24,32,38,44,18	17,14,18,16,14,10,10,8,9,26	34,48,25,38,24,27,48,51,38,44	11,13,14,13,13,16,5,20,13,14	150	75
2950	41,55,53,39,45,47,51,47,44,36	1,1,0,1,1,0,0,1,1,0	51,95,40,54,43,41,55,68,46,63	0,1,0,1,2,2,0,1,0,0	150	75
2951	8,5,4,5,3,5,4,2,8,6	43,47,59,34,34,48,40,36,39,49	1,12,2,7,1,6,4,6,5,7	41,54,58,46,52,43,40,43,38,37	150	75
2952	6,7,12,4,6,5,3,5,8,10	0,1,3,2,0,1,0,2,0,0	3,14,6,8,7,1,3,8,6,14	0,0,0,0,0,0,1,0,1,1	150	75
2954	1,1,0,0,1,1,0,0,1,0	1,0,0,1,0,0,0,0,0,1	0,0,0,0,1,0,0,0,1,0	0,0,0,0,0,1,1,0,0,0	150	75
2955	0,2,2,2,5,1,2,1,4,3	0,0,0,0,0,0,0,0,0,0	2,3,3,1,3,1,0,0,0,3	0,0,0,0,0,0,0,0,1,0	150	75
2956	0,1,0,0,0,1,1,0,0,0	3,4,0,0,1,1,1,2,2,5	0,0,0,0,0,0,1,0,0,0	0,0,4,2,0,0,1,1,2,0	150	75
2958	2,0,0,1,6,0,4,0,2,0	85,77,67,83,91,87,71,79,59,72	0,4,3,2,4,2,0,0,1,0	89,84,98,78,86,85,80,71,69,89	150	75
2960	6,8,9,15,5,11,7,6,7,5	0,0,0,0,0,2,0,0,0,0	8,3,6,4,6,5,7,4,9,7	0,0,0,2,0,1,0,2,0,0	150	75
2961	0,0,0,0,0,0,1,0,0,0	1,0,1,0,0,2,0,0,0,1	0,0,0,0,0,0,0,1,0,0	1,0,0,0,0,0,0,1,0,0	150	75
2962	3,3,1,2,0,0,2,0,0,0	1,1,0,0,1,0,1,1,0,0	0,1,4,1,1,1,5,2,0,2	0,0,0,0,1,1,0,2,0,0	150	75
2964	1,0,0,0,0,1,0,0,2,0	156,156,175,165,139,141,142,132,122,135	2,2,0,0,0,1,2,0,3,3	169,176,169,153,157,146,157,147,142,125	150	75
2965	1,0,2,2,3,1,2,3,3,0	0,1,1,0,0,0,0,1,1,0	2,2,0,2,2,2,2,1,0,1	0,1,0,0,2,0,0,0,1,0	150	75
2966	1,0,2,0,0,1,0,1,3,0	36,38,32,25,32,37,31,36,29,20	0,0,1,0,0,1,1,0,2,0	38,40,38,32,47,25,35,30,32,27	150	75
2967	6,9,5,8,5,5,4,12,6,4	7,3,2,6,2,3,5,3,2,3	6,14,8,8,7,6,2,12,7,13	2,6,4,0,2,2,2,2,2,4	150	75
2968	6,0,4,4,2,1,4,1,0,2	0,1,4,0,0,0,1,2,1,1	3,1,3,3,1,3,1,3,3,0	1,3,0,0,1,1,1,0,1,0	150	75
2969	3,0,0,1,0,0,0,0,0,1	12,11,10,6,12,3,6,16,9,6	0,2,1,0,0,0,0,0,1,0	10,12,15,11,9,1,5,8,5,8	150	75
2970	1,3,3,4,2,2,3,1,4,2	9,4,11,5,5,4,2,8,5,10	4,1,1,1,5,4,0,1,2,2	7,9,5,4,6,8,9,7,4,6	150	75
2972	8,1,3,1,2,4,0,2,2,0	0,2,0,0,2,2,0,0,1,0	1,4,1,2,0,3,3,1,2,2	0,0,0,0,1,0,0,2,0,1	150	75
2973	0,1,1,4,0,0,1,0,1,3	15,12,12,5,10,12,19,11,15,11	0,3,0,1,3,2,1,1,0,2	13,13,10,13,13,12,13,16,12,18	150	75
2974	0,0,0,0,1,0,0,0,0,0	18,24,20,13,17,23,12,15,28,13	0,0,2,0,0,0,0,0,2,1	17,26,23,17,19,22,26,14,18,17	150	75
2975	0,2,1,1,0,1,2,0,0,2	13,7,5,4,4,9,5,5,4,4	0,0,1,0,0,1,0,0,1,0	2,5,4,6,6,3,12,1,6,6	150	75
2976	22,16,11,9,11,10,16,8,12,5	6,10,3,8,7,14,8,1,7,2	14,9,14,6,11,9,10,15,10,7	6,5,2,9,11,10,6,9,10,12	150	75
2977	28,16,14,13,16,17,28,19,14,9	246,227,281,263,253,256,234,234,225,232	16,16,22,11,16,11,17,14,14,13	326,264,265,252,236,283,259,250,259,261	150	75
2979	0,1,2,0,0,0,0,0,0,0	17,17,17,18,21,13,16,13,18,9	0,0,0,0,2,0,0,1,0,1	24,15,10,14,15,12,16,12,22,16	150	75
2980	3,1,0,1,0,5,3,1,1,1	8,16,11,12,6,12,6,8,9,10	1,1,3,1,0,2,1,0,3,3	13,4,10,3,8,12,13,11,8,9	150	75
2981	10,6,10,12,8,12,2,4,12,2	0,2,1,1,1,1,1,1,1,0	3,14,14,12,7,7,11,3,10,7	1,0,0,0,0,4,2,2,0,0	150	75
2982	30,23,27,24,42,23,22,34,34,33	0,2,1,1,0,1,0,2,0,0	31,37,30,34,35,22,29,23,34,28	0,0,1,0,1,0,0,0,0,1	150	75
2983	3,3,1,7,2,3,6,6,1,9	125,112,121,99,96,118,95,82,98,103	1,12,2,1,3,1,1,1,8,3	96,110,104,91,115,110,95,84,88,83	146	75
2985	15,11,15,9,15,14,16,9,13,16	88,82,82,81,67,77,81,49,70,80	9,15,11,11,12,14,12,9,7,9	70,91,66,69,77,63,82,70,68,62	150	75
2987	10,8,11,16,18,12,14,8,13,18	0,2,2,1,0,1,2,1,0,1	6,13,9,9,12,11,13,9,8,8	0,1,2,3,2,1,2,0,0,0	150	75
2989	58,65,60,50,56,49,44,37,51,41	78,92,95,81,76,99,77,81,66,83	43,43,53,49,54,62,55,52,47,80	90,99,79,89,102,95,86,84,85,90	150	75
2990	5,2,3,3,2,4,8,3,3,3	0,0,1,0,0,0,0,0,0,1	3,1,3,5,6,6,5,0,7,1	0,0,0,0,0,0,0,1,1,0	150	75
2991	2,2,4,1,1,5,7,0,3,4	6,5,6,11,8,6,7,9,7,16	1,1,3,7,3,4,4,3,4,3	7,10,0,7,8,7,9,12,7,5	150	75
2992	3,2,1,3,2,3,5,4,2,8	0,0,0,0,1,1,1,0,0,0	2,0,3,3,3,5,9,3,3,3	0,0,0,1,1,0,0,0,0,0	150	75
2993	3,2,2,5,3,4,11,7,10,5	11,14,13,6,11,5,4,13,13,10	4,5,5,6,5,6,5,3,7,3	9,4,6,10,12,8,5,8,3,8	146	75
2994	3,2,2,2,4,1,1,2,3,4	9,9,13,19,5,13,12,7,17,6	3,3,4,0,9,2,2,1,4,4	9,16,9,16,7,5,12,15,8,13	150	75
2995	0,1,0,1,1,0,0,0,1,1	4,11,18,9,7,7,4,5,2,9	0,0,0,1,1,4,3,1,0,2	11,13,8,6,8,8,6,8,6,9	150	75
2996	36,45,35,36,32,37,37,34,43,29	76,79,61,88,66,90,66,63,62,84	39,41,31,30,58,43,37,50,36,27	82,82,76,64,67,53,91,83,77,69	150	75
2998	0,0,2,0,0,0,0,0,0,0	35,33,28,25,30,24,26,38,29,22	1,0,0,0,0,0,1,0,0,0	26,32,20,31,32,30,25,17,23,32	150	75
2999	12,12,5,6,14,3,15,7,14,4	37,42,29,20,25,25,29,36,44,46	8,10,4,9,4,9,8,15,9,19	31,46,31,40,36,33,51,29,23,31	150	75
3001	71,67,75,77,51,79,95,96,61,67	0,0,0,0,0,0,0,0,0,0	45,152,80,66,59,123,66,72,52,45	0,0,0,0,0,1,0,1,0,0	150	75
3003	0,0,0,0,1,0,1,0,1,0	55,51,62,42,46,37,40,30,44,41	0,0,0,0,0,0,1,0,1,0	47,33,37,29,38,44,40,44,49,31	150	75
3004	0,0,0,0,0,0,3,0,0,0	29,27,32,20,18,21,16,14,9,14	0,0,1,1,0,0,0,1,0,0	28,25,19,24,19,18,27,24,31,16	150	75
3005	0,1,1,0,0,0,0,2,0,0	0,0,0,0,0,0,0,0,0,0	0,0,0,0,0,0,0,0,0,1	0,1,0,0,0,0,0,0,0,0	150	75
3006	0,1,2,1,1,0,0,0,0,0	45,49,49,65,55,54,52,27,35,32	0,1,1,1,1,0,0,1,1,0	41,39,37,37,38,42,46,34,40,27	150	75
3007	14,15,16,16,18,19,15,10,11,10	4492,4398,4760,3848,4033,3995,3441,3188,3674,3951	13,15,14,26,19,22,16,11,19,24	3985,4332,4076,3821,4073,4079,4050,3468,3742,3859	150	75
3008	0,3,0,5,1,0,0,0,1,3	1,0,0,2,2,0,0,1,2,3	3,2,0,4,1,2,0,2,0,0	3,2,1,0,0,1,0,0,6,0	150	75
3011	0,0,1,0,0,2,0,0,0,0	0,1,0,0,1,1,1,0,0,1	0,2,0,0,0,0,0,0,0,0	1,1,0,0,1,0,0,0,0,2	150	75
3012	5,6,5,5,8,7,1,4,2,3	44,43,46,29,42,28,39,39,37,40	7,12,4,9,7,7,1,9,18,13	33,35,34,27,29,36,37,26,37,39	150	75
3013	2,0,5,2,1,2,2,2,0,0	198,190,200,139,164,190,159,164,179,157	1,2,0,0,0,0,1,0,1,2	174,206,209,222,165,187,204,212,164,186	150	75
3014	3,0,1,1,0,0,2,2,0,0	94,98,93,68,48,72,62,52,73,70	0,1,0,0,1,0,1,0,2,0	49,83,74,54,69,77,83,78,66,56	150	75
3015	1,2,3,1,1,2,2,1,0,0	111,98,101,95,77,91,109,81,103,72	0,2,2,2,2,1,0,1,0,3	78,74,93,71,99,124,110,83,89,75	150	75
3016	3,7,1,1,2,3,1,4,3,5	143,132,142,92,115,101,120,102,118,130	2,3,2,3,4,2,0,3,3,1	109,120,116,113,118,116,114,100,114,89	150	75
3017	2,0,0,0,0,1,0,0,2,1	0,0,0,0,0,0,0,0,0,0	2,0,1,1,0,0,1,0,0,1	0,1,0,0,0,0,0,0,0,0	150	75
3018	3,1,0,0,0,1,0,0,2,1	77,68,117,77,68,88,66,78,70,80	2,0,1,1,0,0,1,0,0,1	68,85,87,68,88,82,86,101,68,81	150	75
3019	2,4,4,4,3,11,3,8,12,2	2,1,1,1,2,0,3,0,0,0	7,5,4,6,9,3,2,8,7,2	5,0,0,1,2,3,2,1,2,2	150	75
3020	2,4,4,4,3,11,3,8,12,2	163,148,141,124,133,179,128,116,119,146	7,5,4,6,11,3,2,8,7,2	138,157,142,136,172,179,171,161,105,148	150	75
3021	0,3,2,0,0,0,4,0,0,2	63,72,57,76,63,51,59,57,44,48	5,4,0,1,2,0,2,2,1,3	63,74,68,61,66,59,53,71,60,50	150	75
3022	2,2,3,6,5,14,19,14,17,32	0,0,1,0,0,1,1,2,0,5	4,5,9,18,5,7,8,22,22,2	1,0,1,4,0,2,0,1,0,0	128	75
3023	8,4,6,6,2,3,9,2,4,2	1276,1285,1261,1230,1140,1321,1101,976,1024,1077	4,3,1,2,3,4,4,3,8,5	1196,1338,1128,1114,1195,1103,1278,1106,1056,1167	150	75
3024	0,0,0,0,0,0,0,1,0,1	918,947,1019,836,847,938,820,771,769,839	0,2,1,1,1,0,1,1,0,1	892,945,854,890,925,849,1013,860,823,821	150	75
3026	2,1,0,0,1,0,0,1,3,1	0,0,0,0,0,0,0,0,0,0	1,0,0,2,0,1,0,0,0,0	0,1,0,0,0,0,0,0,0,0	150	75
3027	2,1,0,0,1,0,0,1,3,1	0,0,0,1,0,0,1,0,0,0	1,0,0,2,0,1,0,0,0,0	0,0,0,0,0,0,1,1,0,0	150	75
3028	2,1,0,4,2,0,6,2,3,1	30,27,39,34,26,26,23,21,20,21	5,0,1,3,2,1,2,1,4,1	37,34,20,21,29,29,29,17,23,30	150	75
3029	10,6,16,16,18,10,15,13,13,21	18,20,27,18,18,19,15,9,10,17	21,13,5,13,12,11,12,12,11,13	15,17,17,13,22,21,15,9,9,12	150	75
3030	14,10,17,14,16,14,16,6,18,20	0,0,0,1,1,1,1,0,1,0	23,13,11,16,12,14,9,16,15,12	0,0,0,0,1,0,0,0,0,2	150	75
3031	1,2,0,0,0,0,1,0,0,1	32,17,21,23,19,25,35,26,22,23	1,0,0,1,4,2,0,1,0,0	32,28,19,24,25,21,19,20,19,23	150	75
3032	9,7,1,7,1,5,11,4,6,5	60,52,49,50,38,48,51,51,47,59	5,11,5,5,6,7,4,5,6,4	50,62,57,66,55,59,55,72,49,51	150	75
3033	9,6,1,5,7,8,11,2,5,6	0,0,0,0,0,0,0,0,0,0	4,4,12,6,7,4,5,4,7,6	1,0,0,0,0,0,0,0,0,0	150	75
3034	1,0,1,0,1,0,0,0,0,0	13,10,9,11,11,17,11,13,8,8	0,0,1,0,3,0,1,1,0,0	7,11,8,9,11,9,13,7,7,13	150	75
3037	0,2,1,0,1,1,1,0,0,0	22,33,43,26,30,53,27,27,36,37	1,0,1,1,1,0,1,0,0,0	42,51,40,40,37,40,40,30,35,30	150	75
3039	33,29,35,35,22,29,38,37,26,25	75,52,69,59,48,49,51,59,46,50	29,33,34,39,22,27,22,27,37,25	37,56,62,58,50,59,77,53,56,50	150	75
3040	3,2,2,3,5,2,4,1,7,0	0,0,0,1,0,0,0,1,0,0	5,3,1,3,4,1,3,0,2,1	1,0,0,1,0,1,1,0,2,0	150	75
3041	1,2,2,1,2,2,1,1,0,1	19,16,18,14,12,7,5,13,15,9	1,4,1,1,0,0,1,2,1,0	12,7,5,10,14,17,16,15,12,10	150	75
3042	21,18,14,20,16,20,16,20,18,8	3,0,0,0,0,0,0,0,1,0	23,16,12,18,18,18,14,14,13,15	1,0,3,1,3,0,0,0,0,1	150	75
3043	2,1,0,0,0,0,1,0,0,0	21,12,21,16,13,12,21,24,13,18	0,0,0,0,2,0,0,1,1,1	20,13,14,19,17,12,24,17,26,17	150	75
3044	26,28,52,26,33,22,31,18,30,28	12,11,9,8,4,4,7,8,7,13	21,32,35,30,24,16,35,27,33,25	8,9,7,3,6,12,11,12,9,5	150	75
3045	9,13,14,5,11,10,8,9,12,10	55,54,66,56,65,59,59,56,59,74	13,9,15,11,13,7,12,10,16,5	79,62,47,56,53,77,70,57,56,55	150	75
3049	2,0,2,1,3,2,3,3,3,3	443,484,448,412,414,405,327,345,382,409	2,1,1,3,4,1,1,4,3,5	461,469,457,406,436,481,406,408,391,394	150	75
3050	2,2,2,2,1,2,0,4,2,0	196,178,216,222,203,188,125,134,160,153	1,3,0,3,0,2,2,2,1,2	190,172,173,163,180,164,183,181,194,120	150	75
3051	0,0,0,0,1,1,1,0,0,0	0,0,2,0,0,0,0,0,0,0	0,0,1,0,0,0,1,0,0,1	0,0,0,0,0,0,0,0,0,0	150	75
3053	0,1,0,0,1,2,1,0,1,0	1,1,4,0,0,2,0,0,2,2	0,2,2,1,1,0,0,0,0,0	0,2,1,1,1,1,1,3,1,0	150	75
3054	1,0,1,1,1,1,1,0,0,0	80,98,95,69,59,76,72,59,80,85	3,1,1,3,1,3,0,2,3,0	94,68,75,56,68,72,72,79,70,67	150	75
3055	0,1,0,0,0,2,1,1,0,0	5,9,10,13,14,17,7,5,7,7	1,0,0,0,0,2,0,1,1,0	10,9,13,8,10,4,15,7,12,11	150	75
3056	52,67,79,64,32,54,46,48,44,45	1,2,3,3,4,4,1,0,1,1	45,66,58,54,59,53,63,62,45,64	2,5,2,5,0,3,1,3,3,1	150	75
3057	14,10,9,9,4,10,12,9,15,6	104,95,91,85,97,98,51,76,70,91	7,14,9,9,13,2,16,9,5,10	99,101,70,97,82,87,94,73,93,71	150	75
3058	18,5,14,4,12,4,18,13,23,11	20,23,24,27,21,23,19,15,19,26	7,13,19,13,21,18,18,8,16,15	21,24,20,26,19,24,17,22,17,23	145	75
3059	5,7,2,2,8,3,6,2,7,3	153,167,170,175,156,146,128,107,144,159	8,3,1,6,5,1,6,5,3,0	175,141,136,136,167,155,144,155,159,138	150	75
3060	0,0,0,1,1,1,1,1,0,0	3,16,14,12,0,7,7,7,6,7	0,0,0,0,0,1,0,0,0,0	6,17,8,5,11,6,8,10,6,6	150	75
3061	2,5,8,3,4,2,6,4,5,7	6,7,6,8,3,1,6,8,5,7	3,6,2,5,4,1,7,7,7,3	6,7,3,3,4,12,3,11,3,2	150	75
3062	1,0,0,0,0,1,0,1,0,0	14,21,15,13,22,16,16,13,15,12	1,0,0,0,0,0,1,1,1,0	18,11,14,9,18,19,14,10,14,12	150	75
3063	0,0,2,0,0,0,1,0,0,2	42,20,39,24,30,25,26,26,32,40	1,0,0,0,0,0,0,0,0,0	28,35,32,35,23,31,31,26,35,43	150	75
3064	2,0,1,1,0,0,0,0,0,0	7,2,4,4,1,6,4,3,5,2	0,0,0,0,0,0,0,0,0,0	6,5,3,2,2,3,9,2,2,3	150	75
3065	8,8,13,11,15,9,15,12,12,6	57,55,68,51,52,59,53,48,40,63	19,7,4,16,12,14,10,10,14,13	52,57,58,56,43,45,55,41,47,59	150	75
3066	9,12,5,10,9,11,12,18,8,4	73,55,67,53,49,54,50,45,54,52	6,8,7,7,7,10,8,12,9,15	56,49,51,42,61,53,61,67,56,55	150	75
3067	6,9,6,4,10,6,14,2,9,5	15,11,8,6,3,2,9,5,7,6	1,2,6,4,7,9,2,10,8,10	16,14,5,13,10,9,10,11,6,14	150	75
3068	1,1,0,3,1,2,0,2,0,2	0,0,0,0,0,0,0,0,1,0	2,0,0,1,0,2,0,0,0,1	0,0,0,0,0,0,0,0,0,0	150	75
3069	2,4,0,0,3,0,0,0,0,2	43,48,43,41,38,32,41,45,36,45	1,0,1,0,0,0,0,3,3,0	28,50,35,25,26,54,45,30,34,34	150	75
3070	3,2,0,3,1,4,1,1,1,0	6,10,5,6,10,6,4,6,7,9	3,4,2,1,2,1,0,1,2,0	9,13,5,8,10,13,10,5,6,14	150	75
3071	0,0,1,0,1,1,1,2,1,1	12,14,16,5,12,13,19,14,20,13	1,2,0,1,0,1,0,0,2,0	12,9,12,11,9,18,23,13,14,13	150	75
3072	0,1,0,0,1,0,0,0,0,0	58,60,60,49,62,39,44,49,41,57	0,0,0,0,0,3,2,1,0,0	55,54,41,52,42,66,49,44,36,39	150	75
3073	8,7,5,7,9,3,10,5,5,9	344,346,358,335,319,336,340,289,320,336	3,6,4,10,5,8,4,5,5,2	337,302,245,293,322,334,345,265,366,258	150	75
3074	6,12,7,12,11,12,12,8,8,9	1,3,1,0,3,4,2,1,7,1	4,12,4,1,1,9,7,2,4,2	2,3,0,1,0,1,0,1,2,0	150	75
3075	5,11,6,7,12,7,8,6,4,7	0,0,1,0,1,0,1,0,1,0	4,10,3,1,3,6,5,1,3,2	0,0,0,0,1,0,0,0,3,0	150	75
3076	0,0,2,0,1,0,3,0,1,0	26,29,36,26,27,35,16,26,25,30	1,0,0,0,2,0,0,0,0,0	19,33,27,23,23,30,25,19,25,33	150	75
3078	2,4,1,5,0,3,4,1,3,0	37,38,60,38,40,33,49,25,54,33	2,0,3,2,1,1,5,1,0,1	52,50,31,42,45,42,49,53,38,39	150	75
3079	444,490,424,453,394,452,461,393,439,446	41,32,32,33,34,32,33,20,25,25	430,408,411,427,480,458,531,451,482,419	34,30,24,18,25,29,28,27,19,19	150	75
3080	0,0,0,0,0,0,0,0,0,0	107,77,97,73,95,91,75,81,77,88	0,0,0,0,0,0,0,0,1,1	71,117,90,82,76,70,78,77,75,75	150	75
3081	5,9,4,10,2,9,11,8,9,4	74,66,72,81,74,76,64,48,60,80	3,9,12,7,4,4,4,5,12,13	73,68,75,86,81,76,55,71,65,50	150	75
3082	11,8,2,6,2,3,7,5,8,4	113,119,117,126,93,142,90,80,88,112	2,10,11,7,12,6,11,11,13,1	108,102,126,120,133,104,102,111,120,97	150	75
3083	8,2,3,5,5,2,8,6,2,3	175,186,193,195,189,228,149,130,150,162	4,10,5,3,2,6,4,2,8,9	192,183,201,190,196,163,148,168,195,176	150	75
3084	2,1,0,1,0,1,1,4,3,1	122,135,112,127,120,112,93,82,114,116	0,3,0,2,3,1,3,1,4,1	124,124,110,123,129,123,130,130,115,110	150	75
3085	0,2,1,0,0,0,0,1,1,0	248,237,257,216,247,201,200,185,242,219	1,0,2,2,2,0,1,2,1,0	217,235,208,235,215,231,233,235,221,225	150	75
3086	1,0,2,1,2,1,0,1,0,0	187,171,178,142,157,149,136,141,135,124	1,1,0,1,1,0,0,1,1,1	152,191,154,158,153,150,172,165,150,135	150	75
3089	0,0,1,0,0,0,0,0,0,1	24,17,28,16,11,24,13,13,16,22	2,1,0,0,0,0,0,0,0,0	13,26,14,20,15,13,15,18,16,14	150	75
3094	1,3,2,0,3,0,3,0,1,2	10,17,14,15,22,13,13,10,14,6	1,2,2,3,1,4,3,1,0,0	9,20,10,13,14,10,20,14,19,6	150	75
3098	38,21,33,31,29,30,32,30,31,28	67,59,53,77,49,67,57,48,53,74	29,33,23,39,30,32,27,34,45,37	59,68,48,45,54,58,56,66,59,69	150	75
3099	1,4,1,3,2,1,2,0,2,1	63,50,51,57,55,60,32,52,46,55	1,1,2,1,1,1,0,4,0,2	43,43,51,48,47,48,51,55,41,47	150	75
3101	1,4,5,1,1,0,7,1,1,2	6,4,3,4,3,5,3,5,4,4	3,2,0,1,1,1,2,3,1,4	7,2,2,2,1,5,2,3,5,4	150	75
3103	0,2,2,2,0,2,0,1,0,1	0,0,0,0,0,0,0,0,0,0	0,2,0,0,0,0,1,2,0,0	0,0,0,1,0,0,0,0,0,0	150	75
3106	14,15,15,14,14,7,14,11,8,23	755,730,710,640,638,748,567,589,648,657	9,9,7,11,11,4,9,9,9,13	628,761,612,625,721,733,685,696,605,650	150	75
3108	21,28,23,19,11,23,23,19,31,24	66,71,70,63,79,68,44,70,63,66	23,26,25,25,14,6,30,17,26,15	76,76,68,71,70,77,71,67,68,57	150	75
3109	20,28,23,18,11,23,23,18,30,24	6,9,7,5,3,5,7,8,5,4	21,24,25,25,14,6,29,16,26,15	2,8,7,12,2,3,5,6,7,11	150	75
3110	7,7,6,2,4,7,5,4,7,4	15,16,12,10,12,15,22,14,19,15	9,4,4,6,4,5,9,3,6,3	15,18,10,21,9,17,15,10,10,8	150	75
3111	15,11,11,7,5,23,9,10,8,6	6,6,7,13,8,4,5,4,8,12	19,15,15,15,16,5,11,14,14,16	15,3,4,5,4,10,11,2,6,6	150	75
3112	7,3,2,7,9,8,4,5,6,2	59,48,58,40,47,51,34,34,60,53	3,5,3,5,3,4,3,10,2,5	61,31,35,53,46,37,38,40,51,56	150	75
3113	9,5,5,8,11,8,5,5,5,6	4,8,9,2,5,9,9,5,10,3	4,7,3,6,3,7,6,13,1,8	3,6,8,2,5,7,7,2,5,4	150	75
3116	5,5,2,2,6,4,6,11,6,2	3,1,2,1,0,1,0,0,0,0	4,3,7,5,8,0,5,2,4,6	0,2,1,4,1,0,1,0,1,2	150	75
3118	0,0,0,0,0,1,0,0,2,0	5,3,6,4,0,3,3,1,1,4	0,1,0,0,0,0,0,0,0,0	5,4,4,4,4,4,1,2,6,4	150	75
3119	0,0,1,0,0,2,4,1,1,0	4,3,1,5,3,5,12,5,4,2	1,0,0,1,0,1,0,1,0,1	3,10,6,2,4,1,9,4,3,3	147	75
3120	1,0,2,1,1,0,1,0,0,0	6,8,8,5,2,4,4,3,3,10	0,1,0,1,1,0,0,0,0,0	2,5,7,7,8,4,4,5,8,3	150	75
3121	0,0,0,0,0,0,0,0,0,0	7,5,5,2,10,5,7,5,4,4	0,1,0,0,0,0,0,0,0,1	3,9,7,5,6,6,3,4,5,2	150	75
3122	2,0,1,2,1,1,3,0,2,1	3,2,1,4,5,3,4,2,2,1	0,0,0,1,1,0,1,1,0,3	2,3,2,2,2,4,2,10,3,1	150	75
3123	2,2,1,2,1,4,1,2,1,3	0,0,1,4,0,1,1,0,2,0	2,1,0,2,2,2,1,4,1,1	0,0,1,0,0,1,0,0,0,0	150	75
3124	4,6,2,8,3,4,4,5,1,3	1,3,1,1,2,2,1,1,1,2	3,1,2,2,4,3,1,4,4,5	2,3,1,2,1,2,1,0,1,5	150	75
3125	0,1,1,2,1,1,0,0,0,0	97,78,91,70,74,85,65,48,58,76	2,1,2,0,0,0,0,3,1,0	74,66,80,58,77,73,82,74,62,64	150	75
3126	2,2,3,3,0,2,1,1,1,2	2,0,0,0,0,2,3,1,0,3	2,2,0,1,0,0,3,4,3,1	1,2,2,0,0,3,0,4,1,0	150	75
3128	1,2,2,4,1,1,4,4,2,2	35,24,25,30,23,40,23,24,30,19	0,0,0,3,0,2,0,0,3,2	17,22,18,18,35,19,17,26,26,28	150	75
3129	3,0,1,2,1,0,1,1,1,0	29,31,28,23,22,20,25,26,29,33	1,0,3,0,2,1,0,2,1,0	28,20,20,18,17,31,25,30,30,28	145	75
3130	1,2,1,1,1,1,1,4,0,2	140,168,164,139,142,153,148,116,124,179	2,3,0,1,2,2,1,0,2,2	126,177,147,148,134,164,156,154,143,149	150	75
3133	2,2,4,5,7,4,8,5,4,6	25,40,31,35,26,25,24,23,34,44	6,9,2,10,6,8,3,4,7,4	26,35,17,39,43,26,29,25,39,31	150	75
3134	4,3,5,2,4,2,3,1,2,1	30,32,28,19,17,17,18,21,12,16	3,5,2,6,1,2,3,1,2,6	32,25,18,19,15,17,26,18,18,13	150	75
3138	9,16,14,14,12,9,25,19,11,6	81,69,89,93,49,66,60,69,82,66	11,17,12,17,8,12,7,15,11,19	75,86,64,71,80,84,71,62,85,49	150	75
3139	411,402,379,374,399,374,413,347,394,372	9,8,2,2,3,8,5,4,3,10	402,405,330,376,432,347,353,324,401,376	6,2,6,6,3,5,4,9,1,1	150	75
3140	0,0,0,0,0,0,0,0,0,0	2,0,1,0,2,1,0,1,0,0	0,0,0,0,0,0,0,0,0,1	0,0,1,0,0,0,0,0,1,0	150	75
3141	28,49,58,52,53,43,37,30,41,46	429,428,412,392,366,391,329,295,352,340	35,40,41,50,45,58,56,40,35,43	410,395,346,319,406,372,399,334,406,363	150	75
3142	1,8,9,4,4,4,6,4,3,7	104,128,123,92,88,96,89,73,71,104	4,7,8,10,3,6,1,2,3,8	93,94,97,79,96,106,114,91,82,88	150	75
3143	2,0,1,2,1,4,1,1,2,0	168,167,156,148,134,145,109,106,135,138	1,1,4,2,3,0,2,1,2,1	153,163,129,116,140,120,147,135,117,120	150	75
3144	1,3,2,4,2,4,3,2,9,3	29,29,17,20,20,17,21,20,21,17	3,4,3,3,0,3,0,3,7,3	35,30,26,28,25,22,35,27,29,22	150	75
3145	0,0,0,0,0,0,0,0,1,0	53,59,48,58,62,54,42,40,43,65	0,0,0,1,1,0,0,0,0,0	49,61,65,58,64,73,58,54,58,53	150	75
3146	0,2,3,2,5,0,4,1,5,3	38,42,46,46,31,44,29,27,45,42	1,0,1,4,1,1,3,3,1,2	37,39,29,39,42,46,34,47,39,25	150	75
3147	3,1,3,4,5,3,5,0,0,1	598,569,570,514,468,606,473,461,496,432	3,4,3,3,3,2,0,3,6,1	567,562,460,482,515,522,563,458,412,509	150	75
3148	7,6,6,6,3,6,6,9,8,3	15,23,18,15,24,27,15,21,21,14	4,10,6,3,5,5,4,5,5,6	20,20,20,18,14,17,17,16,17,18	150	75
3149	10,10,11,15,11,11,17,17,15,16	13,4,6,3,10,7,2,3,1,6	6,15,12,15,13,13,17,13,18,16	3,10,3,2,1,5,4,7,6,2	150	75
3150	34,9,36,18,29,27,17,23,24,18	0,0,0,0,0,0,0,1,0,1	19,32,20,26,23,33,16,12,11,19	0,0,0,0,0,0,0,0,0,0	150	75
3153	23,15,23,23,17,19,22,21,23,20	92,63,69,52,52,74,44,45,46,54	18,23,21,20,15,19,20,19,21,25	59,63,50,57,52,76,48,48,70,55	150	75
3154	0,2,0,0,0,1,1,3,0,0	0,0,1,1,0,0,0,0,0,0	0,1,0,1,0,1,1,0,1,0	0,0,0,0,0,0,0,0,0,0	150	75
3155	4,4,4,6,5,3,7,7,4,2	26,24,21,14,13,16,15,10,14,18	2,6,14,10,12,9,3,6,3,3	11,9,14,13,19,17,15,13,18,12	150	75
3156	1,1,1,1,0,1,0,0,0,2	0,0,0,0,0,0,0,0,0,0	3,3,0,2,1,0,2,1,6,0	0,0,0,0,0,0,0,2,0,0	150	75
3157	7,16,5,10,4,2,7,3,6,5	88,84,99,115,93,104,92,80,88,102	6,5,8,7,3,4,2,1,8,7	102,80,97,75,102,121,83,97,98,64	150	75
3160	4,3,7,1,1,2,7,2,3,0	25,17,25,20,17,17,19,19,27,18	2,4,3,1,3,3,9,4,1,3	7,27,18,15,16,22,19,23,26,18	150	75
3162	0,1,0,1,0,0,0,1,1,1	13,7,11,8,10,13,8,2,11,2	1,1,0,1,0,0,0,2,0,0	4,9,8,2,10,5,7,6,13,3	150	75
3163	1,0,0,0,0,1,1,1,1,0	8,4,5,6,2,4,5,6,11,7	1,0,0,0,1,0,0,1,2,1	5,8,2,4,6,8,11,11,2,9	150	75
3164	1,3,1,4,0,0,1,0,3,1	0,2,0,1,2,0,2,2,0,0	0,1,0,3,7,4,3,2,0,2	0,0,1,0,0,0,2,1,0,0	150	75
3165	1,3,1,5,0,0,1,2,5,1	3,7,3,2,4,4,3,1,3,9	0,1,0,5,8,5,3,3,0,2	3,5,5,2,3,6,7,3,4,5	150	75
3166	3,0,0,0,0,0,2,2,3,0	0,0,0,0,1,0,0,1,0,0	0,6,0,0,0,1,0,0,1,0	0,0,0,0,1,0,0,0,0,0	150	75
3167	0,0,1,0,0,0,0,0,2,0	0,1,0,0,0,2,5,1,1,1	1,0,0,0,1,0,0,0,0,0	0,1,1,4,0,0,0,0,0,0	150	75
3168	0,1,0,1,1,0,0,1,1,0	0,0,1,0,2,0,2,2,2,2	0,0,0,1,0,0,0,0,1,0	1,1,1,1,2,2,0,0,1,3	150	75
3169	5,1,4,6,2,5,2,3,2,1	15,4,17,10,11,11,13,8,11,7	2,1,4,3,2,1,3,5,2,0	15,18,10,5,16,8,24,9,6,10	150	75
3170	0,1,0,1,3,3,3,3,0,1	142,155,168,118,147,143,109,147,159,172	3,3,0,1,0,2,0,1,5,0	166,154,139,145,163,163,181,132,136,124	150	75
3171	2,3,3,4,9,5,4,9,6,1	9,15,20,8,11,10,8,13,15,4	6,4,4,0,13,2,5,6,3,5	8,25,8,6,5,5,11,8,10,11	150	75
3174	138,125,139,118,119,130,126,91,107,147	12,9,12,10,9,7,4,8,5,4	135,133,137,141,138,148,134,142,139,137	12,8,5,3,14,11,6,12,10,4	150	75
3176	0,3,2,3,0,1,1,1,3,0	67,51,48,50,49,43,44,42,45,28	0,2,0,1,2,2,1,2,2,0	65,63,51,43,46,56,59,39,55,41	150	75
3177	4,5,3,3,5,2,5,3,7,6	27,27,28,20,17,34,21,22,19,16	4,5,2,1,5,5,2,3,3,6	25,34,16,25,27,32,30,21,19,18	150	75
3178	1,2,1,0,1,1,0,0,3,1	23,33,12,15,22,24,19,23,21,23	0,0,0,2,0,2,0,0,0,0	23,22,20,21,30,25,26,14,20,25	150	75
3182	13,14,11,14,6,7,6,11,13,12	11,8,9,2,3,8,8,4,6,10	8,13,8,6,10,6,10,5,14,14	7,5,1,4,6,7,2,0,4,5	150	75
3183	3,2,2,2,3,2,4,6,1,5	2,0,0,0,1,1,0,0,0,2	2,3,0,3,2,1,0,4,4,2	2,0,0,0,0,0,0,0,1,0	150	75
3188	3,5,1,1,4,2,6,5,4,1	35,45,34,35,38,37,26,33,26,30	0,0,2,0,1,2,4,4,1,4	40,42,33,28,43,43,37,41,36,48	150	75
3189	3,5,6,8,9,8,12,4,9,4	55,55,57,42,42,38,33,42,43,40	8,10,2,2,5,6,1,7,4,6	47,43,45,43,45,47,42,35,47,39	150	75
3190	0,1,0,0,1,0,0,0,0,2	21,23,37,33,33,13,30,22,27,21	0,0,0,0,0,0,0,0,1,0	23,24,19,20,23,24,32,25,29,9	150	75
3191	2,2,7,7,5,3,5,8,6,3	394,417,398,366,369,405,347,284,344,312	5,4,5,6,2,7,5,3,4,7	341,488,350,373,325,362,390,366,330,350	150	75
3194	3,2,2,5,1,0,0,0,4,1	33,21,27,10,16,9,10,13,23,22	1,4,3,2,5,4,2,1,1,2	16,22,20,24,22,22,18,10,22,25	150	75
3195	1,2,1,7,2,6,3,4,4,1	34,30,28,15,26,26,31,34,21,30	5,0,0,0,3,2,2,4,6,1	32,38,38,29,43,22,24,24,32,31	150	75
3196	2,6,1,5,2,6,3,2,6,3	27,21,15,20,19,21,26,15,17,16	4,5,2,3,4,4,4,4,4,3	18,18,19,15,18,16,23,16,24,22	150	75
3197	6,4,5,2,4,6,2,3,2,2	18,12,13,9,6,6,15,8,8,12	2,1,1,5,4,0,3,2,1,10	12,11,14,9,13,6,9,13,10,8	150	75
3198	1,1,0,0,0,0,1,3,0,0	30,19,20,22,23,18,24,24,16,21	0,2,0,0,1,0,0,0,0,1	27,19,23,31,27,24,20,27,31,21	150	75
3199	8,5,9,3,6,10,6,6,8,6	79,73,71,71,60,72,66,51,57,73	9,10,11,6,11,5,6,10,7,3	63,67,74,52,62,63,58,80,71,69	150	75
3200	9,4,4,3,5,2,5,2,1,3	58,67,74,64,70,47,59,54,43,69	0,7,3,3,4,0,2,7,3,2	85,54,61,45,68,58,61,60,71,62	150	75
3201	3,7,4,5,7,3,5,3,1,2	0,0,0,0,0,1,0,0,1,1	1,2,2,5,3,4,4,3,7,5	0,0,0,0,0,0,0,0,0,0	150	75
3202	1,7,7,7,8,7,4,5,6,4	72,62,102,72,56,61,52,39,43,59	3,2,5,5,3,5,5,3,5,8	71,68,47,49,69,58,74,75,70,49	150	75
3203	6,11,18,23,9,14,20,11,7,6	79,82,73,79,64,77,68,53,71,63	9,20,13,13,12,15,14,10,10,10	91,81,66,67,77,74,70,71,78,79	150	75
3206	8,14,11,13,10,13,10,16,12,8	316,343,350,327,267,342,309,303,295,297	14,12,9,8,15,12,8,9,13,12	344,347,283,317,351,289,296,279,294,331	150	75
3210	147,191,157,161,127,166,167,155,134,134	46,40,48,48,30,44,46,35,42,54	173,145,122,162,170,178,179,173,155,159	43,48,41,57,47,40,57,52,36,52	150	75
3213	1,5,0,3,0,1,1,1,2,1	11,29,25,10,26,21,19,16,17,22	2,2,2,1,1,1,2,1,2,0	18,25,15,21,15,21,11,26,17,29	150	75
3214	2,2,2,5,4,6,5,3,4,3	21,16,20,17,14,25,15,18,20,16	2,3,4,1,5,2,3,0,0,3	16,20,23,26,24,20,20,16,23,27	150	75
3216	0,0,0,0,0,0,1,2,2,0	38,29,32,32,26,30,30,23,22,40	0,2,0,2,0,0,0,0,0,1	29,26,22,27,26,33,24,24,28,18	150	75
3217	0,0,0,0,0,0,0,0,0,0	92,167,102,47,86,46,95,66,111,103	0,1,0,0,0,0,0,0,2,0	96,82,68,96,149,90,102,124,111,164	150	75
3218	7,13,16,16,18,22,11,14,17,12	30,20,35,37,17,36,26,25,25,29	11,21,8,13,25,16,8,16,17,20	22,27,19,34,24,30,32,35,25,29	150	75
3219	3,8,2,6,5,5,2,3,6,3	6,12,20,11,6,15,14,7,9,10	2,8,3,9,10,5,5,6,10,3	15,19,6,9,13,17,15,12,12,10	150	75
3220	9,12,3,2,5,5,3,7,5,4	31,22,30,22,23,24,18,12,22,19	2,7,4,5,7,5,4,3,9,4	32,29,18,26,31,17,30,15,38,30	150	75
3221	8,7,12,1,12,10,9,5,3,12	76,59,61,71,84,60,73,60,64,55	10,8,8,4,8,15,5,6,6,2	80,71,53,52,57,64,78,58,52,63	150	75
3222	1,0,2,0,0,0,0,0,0,0	69,67,64,70,60,60,41,53,43,58	1,0,0,0,1,0,0,1,0,0	57,54,54,54,63,68,62,54,60,53	150	75
3223	0,1,0,0,0,7,3,0,0,0	0,0,0,0,0,0,2,0,0,1	3,3,2,1,2,5,2,1,2,0	0,0,0,0,0,0,0,0,0,0	150	75
3224	0,1,0,1,0,0,2,0,0,0	2,3,8,2,8,4,2,3,6,3	2,0,0,0,1,0,0,0,0,0	4,5,5,2,1,1,3,7,5,4	150	75
3225	6,6,2,7,2,3,3,8,3,3	0,3,1,0,0,0,1,0,0,1	2,1,7,1,2,11,3,4,5,7	1,1,0,0,0,0,0,0,0,0	150	75
3226	1,1,1,1,0,0,0,0,0,0	16,13,19,16,18,20,11,12,20,15	1,0,1,0,3,1,0,0,0,0	24,28,14,21,15,16,14,9,23,23	150	75
3227	15,17,9,10,12,12,7,10,12,16	1,0,0,0,0,0,0,1,0,0	7,16,6,13,7,12,11,8,7,12	1,0,0,1,0,0,0,0,0,0	150	75
3228	0,1,1,0,0,1,0,1,0,0	5,1,1,2,0,3,2,5,8,1	0,2,0,0,1,0,1,0,0,1	2,3,0,4,0,5,6,0,1,0	150	75
3229	0,3,1,2,2,3,2,2,3,0	76,65,82,76,64,62,65,55,52,58	3,1,2,5,6,1,1,2,0,3	64,62,50,53,60,84,59,61,68,43	150	75
3230	0,0,0,0,0,0,0,0,0,0	22,27,34,26,12,22,21,23,21,29	1,0,0,0,0,0,0,0,0,0	21,22,21,22,11,19,22,18,18,20	150	75
3231	1,0,0,0,0,0,0,0,0,2	9,5,16,6,9,0,1,15,6,15	2,1,0,1,0,2,0,1,0,1	2,17,2,9,0,6,8,2,0,2	150	75
3232	0,3,1,5,0,1,3,1,3,0	197,169,207,143,164,164,123,157,157,190	0,1,0,1,3,0,0,2,2,4	129,196,145,165,186,172,155,156,149,139	150	75
3233	0,0,0,0,3,0,1,0,0,1	33,37,44,33,29,34,32,29,29,24	0,0,0,2,0,1,0,0,0,0	28,39,41,25,30,34,39,30,43,38	150	75
3235	0,0,0,0,2,0,0,1,0,0	0,0,0,0,0,0,0,2,0,0	0,0,0,0,0,0,0,1,0,0	2,0,0,0,0,0,1,0,0,0	150	75
3236	1,0,1,1,1,0,0,3,0,0	1,0,0,1,1,0,0,2,0,0	0,1,0,0,0,0,1,1,1,3	0,0,0,0,0,0,1,1,0,0	150	75
3237	2,4,1,3,1,0,0,2,2,0	0,0,0,1,0,0,0,1,0,0	2,0,1,1,0,0,0,0,2,1	0,1,0,0,0,0,0,0,0,0	150	75
3238	7,4,3,4,2,1,1,4,4,0	23,15,28,20,19,15,19,15,18,11	2,1,2,1,2,0,1,0,2,2	15,27,11,18,23,17,17,16,25,19	150	75
3239	40,51,34,45,36,20,39,31,37,36	17,19,19,21,15,16,22,15,24,16	28,42,33,46,38,42,23,45,40,39	10,16,28,12,19,12,18,14,13,19	150	75
3241	0,0,2,1,4,3,1,1,2,1	14,11,18,13,13,18,9,9,14,20	1,0,0,0,3,1,1,0,1,3	13,21,15,5,16,12,8,13,11,13	150	75
3242	2,1,1,2,1,1,1,3,2,2	41,46,36,41,36,42,35,37,35,25	1,1,4,1,1,1,0,4,5,0	26,26,31,38,40,40,40,30,36,41	150	75
3243	0,0,0,1,0,0,2,0,0,0	5,5,2,7,2,1,4,3,7,6	0,1,0,0,1,0,0,1,4,0	4,2,1,2,6,1,4,5,3,2	150	75
3245	4,7,4,4,4,6,7,6,4,8	299,259,270,248,259,229,221,208,218,237	9,5,2,7,4,2,9,11,5,3	240,247,211,218,257,216,250,242,194,230	150	75
3246	3,3,8,7,2,5,3,3,2,2	4,1,3,7,5,9,5,7,11,8	1,0,3,7,6,2,4,6,1,12	11,5,8,10,6,5,7,4,6,8	150	75
3247	1,2,2,3,0,4,5,2,0,1	62,72,75,63,65,100,77,55,62,47	1,1,2,6,1,2,4,4,3,3	74,82,43,65,60,63,73,69,41,71	150	75
3248	4,5,5,3,4,2,0,1,4,1	0,0,0,0,0,0,0,0,0,0	4,1,2,1,1,5,1,2,0,3	1,0,0,0,0,0,0,0,0,0	150	75
3249	0,0,0,0,0,0,0,0,1,0	0,2,3,0,0,0,1,0,3,0	0,0,0,0,0,0,0,0,0,0	3,1,2,1,4,3,1,1,1,1	150	75
3250	4,2,4,5,0,1,7,4,4,3	44,32,30,30,30,29,24,30,32,28	1,7,1,3,1,4,0,4,4,7	39,34,21,29,30,37,30,29,32,29	150	75
3251	6,4,5,2,3,6,3,2,1,3	99,80,69,93,81,77,63,73,65,80	7,0,1,2,3,2,2,2,2,3	88,96,85,69,80,85,102,75,78,78	150	75
3252	0,0,0,2,1,0,0,0,0,0	8,12,12,20,15,6,11,13,7,5	0,0,0,1,0,0,0,0,0,0	22,12,9,17,12,10,15,13,15,10	150	75
3253	1,0,0,0,0,0,0,2,0,1	20,6,5,6,6,14,8,6,14,12	0,0,2,0,2,0,1,1,2,1	12,8,9,13,7,9,8,10,8,16	150	75
3254	1,0,0,0,0,0,0,0,0,0	8,17,8,5,1,11,7,10,8,12	0,0,0,0,0,0,1,0,0,0	3,4,11,12,7,11,12,8,7,12	150	75
3255	1,0,1,0,0,1,2,2,1,3	4,5,9,5,8,3,9,12,6,3	0,2,0,0,0,2,1,1,0,0	6,5,7,9,7,7,5,10,6,7	150	75
3256	0,0,0,0,0,1,0,2,1,0	3,2,1,0,4,1,3,2,1,1	1,0,3,0,0,0,0,0,0,0	2,2,1,3,0,1,2,1,1,0	150	75
3258	1,2,2,1,0,0,0,2,0,0	0,4,0,2,1,4,1,1,1,0	0,0,1,1,1,2,0,2,0,0	0,3,1,1,0,1,0,1,0,2	150	75
3261	0,1,0,0,0,0,0,0,0,0	77,85,66,74,78,77,66,63,63,80	0,0,0,0,1,0,0,0,1,0	63,82,59,67,63,77,75,72,82,80	150	75
3264	0,3,0,2,2,0,1,2,1,1	85,66,80,64,56,44,52,54,62,102	2,1,1,1,0,0,1,0,0,2	46,126,54,56,60,78,52,58,46,64	150	75
3265	3,6,11,5,8,3,2,0,9,1	1,0,0,2,1,0,2,0,0,2	6,5,9,7,6,4,4,4,2,5	1,0,2,2,2,0,0,0,0,1	150	75
3266	4,3,2,3,0,0,3,7,1,3	3,3,4,0,2,0,0,5,1,0	3,1,4,4,0,1,3,5,2,2	0,0,2,0,0,4,0,2,0,0	150	75
3267	2,3,1,0,1,3,1,0,1,2	1,0,2,1,0,0,0,1,0,4	3,4,0,5,0,0,0,0,0,2	0,5,0,0,3,2,0,0,1,3	150	75
3268	11,10,21,13,20,4,30,29,26,34	46,66,46,35,27,40,38,38,46,39	13,19,20,20,10,14,17,20,17,24	46,47,41,42,40,45,55,34,40,49	150	75
3269	1,0,0,2,0,0,0,0,1,0	71,75,65,54,65,67,45,68,72,53	2,1,2,0,0,1,0,0,0,1	57,73,56,68,59,75,59,75,53,64	150	75
3270	4,3,2,3,2,2,1,1,3,1	71,39,54,31,50,40,36,26,38,42	1,4,2,3,1,1,2,2,3,2	29,56,40,50,49,46,44,36,45,45	150	75
3273	0,0,0,0,0,0,0,0,0,3	0,0,0,2,0,0,2,0,1,0	0,0,0,0,3,0,0,0,0,0	0,0,0,0,0,0,0,0,0,0	150	75
3274	0,0,1,0,0,1,0,0,0,0	0,0,0,0,0,0,0,0,0,0	0,0,0,0,0,0,0,0,0,0	1,0,0,0,0,0,0,0,0,0	150	75
3276	2,2,2,0,2,1,2,0,2,0	5,7,3,5,2,2,4,4,10,1	1,1,3,1,1,3,0,0,1,1	5,6,2,3,4,7,7,0,7,4	150	75
3279	0,1,3,2,2,0,1,2,1,3	22,18,16,13,16,10,18,11,21,15	2,5,2,2,1,2,0,5,1,2	13,17,23,20,28,12,20,12,16,12	150	75
3280	2,3,2,3,3,0,5,0,2,2	244,225,225,244,218,238,220,218,230,241	1,5,2,2,0,3,1,1,5,3	244,235,217,221,239,233,255,229,222,199	150	75
3286	1,0,0,0,0,0,0,0,0,0	3,3,3,1,2,1,2,0,0,2	0,0,0,0,0,0,0,0,1,0	0,0,1,2,1,1,1,4,1,0	150	75
3287	7,5,8,9,15,5,12,7,9,12	27,22,18,9,19,19,16,31,15,28	9,3,7,5,6,4,12,13,11,4	13,18,18,20,17,8,19,13,13,10	150	75
3288	0,0,0,0,0,0,1,0,0,0	19,8,12,10,13,8,11,10,4,13	1,0,0,0,0,1,0,0,0,0	8,7,5,2,10,10,12,8,4,12	150	75
3289	0,1,0,0,0,0,0,1,1,1	18,9,11,8,13,11,14,7,17,7	1,2,0,0,0,2,1,0,0,1	20,15,11,14,8,10,10,7,14,10	150	75
3290	1,2,3,2,2,1,5,3,3,1	1,3,1,1,1,1,0,1,1,0	3,3,1,2,5,0,1,3,6,5	0,0,0,1,0,0,2,0,0,1	150	75
3291	2,2,3,3,0,3,2,1,2,0	16,5,8,18,8,10,9,5,17,9	3,3,1,0,3,1,7,2,6,4	11,9,9,7,15,8,10,7,10,10	150	75
3292	1,4,1,2,2,2,3,1,2,1	2,0,1,0,1,0,0,0,0,1	3,3,2,4,4,1,7,2,2,2	0,0,0,1,0,0,0,0,2,0	150	75
3293	2,2,1,3,3,0,1,0,5,3	17,11,15,10,10,6,12,7,14,10	0,2,0,0,0,1,1,2,0,2	11,12,13,17,15,15,9,7,11,8	150	75
3294	4,5,3,1,6,4,4,2,1,0	19,13,14,6,11,14,11,20,6,13	4,0,3,0,2,7,2,2,6,1	11,8,10,10,8,13,12,9,12,7	150	75
3295	2,0,0,0,2,1,0,0,1,0	15,16,17,15,13,15,14,16,23,16	0,1,0,1,0,0,1,0,1,3	14,21,21,18,19,22,24,17,13,27	150	75
3296	0,2,1,0,0,0,2,2,2,3	199,223,202,200,167,184,158,142,181,190	0,0,0,1,2,0,0,1,0,0	185,212,168,177,198,214,216,183,173,188	150	75
3297	3,1,1,0,0,0,0,0,2,0	191,215,229,177,205,171,172,192,177,173	1,0,1,3,0,2,4,0,1,2	187,201,178,154,202,191,214,150,177,158	150	75
3298	5,0,3,4,9,3,3,9,1,1	33,18,18,33,23,33,22,23,19,19	4,9,2,4,4,1,4,9,7,7	25,27,23,30,34,25,16,33,21,29	150	75
3299	1,1,1,2,0,0,5,0,0,0	4,9,10,12,11,13,3,6,9,12	2,1,1,0,0,0,5,2,1,1	6,9,8,6,5,9,12,3,8,6	147	75
3301	12,6,16,8,11,9,13,8,6,4	1,2,3,1,1,1,0,2,6,1	7,14,9,5,5,6,8,8,5,10	4,2,1,1,1,1,1,0,0,2	150	75
3302	2,2,0,1,3,1,0,1,2,0	202,238,176,142,192,186,198,176,212,192	5,2,2,1,1,3,2,1,1,1	228,247,138,205,137,204,247,193,103,175	150	75
3304	1,1,1,0,1,1,1,0,0,1	61,34,48,39,48,23,39,37,38,52	1,0,0,1,1,1,0,1,1,0	39,63,42,43,36,41,39,44,50,43	150	75
3305	0,0,1,1,0,0,0,1,1,1	6,9,12,9,3,4,8,5,4,7	0,2,0,0,0,2,1,0,0,4	10,6,8,10,15,9,9,5,9,11	150	75
3306	0,0,3,2,4,2,1,1,2,6	129,127,139,124,122,134,124,113,95,106	1,2,0,1,1,3,2,1,0,4	106,130,111,97,117,116,155,122,140,125	150	75
3307	28,29,30,14,27,14,19,24,34,35	132,132,134,135,117,108,105,117,117,120	18,28,20,20,9,26,24,18,18,17	123,102,137,109,118,127,129,99,98,137	150	75
3308	1,1,0,0,0,0,0,0,1,0	22,23,18,10,20,26,11,15,28,27	0,0,0,0,1,1,0,0,0,0	22,10,9,15,26,27,31,20,19,21	147	75
3309	0,0,0,4,0,1,0,0,0,0	48,49,57,44,53,48,25,40,49,68	0,3,1,0,1,2,0,0,0,0	47,32,37,43,43,42,42,47,45,38	150	75
3310	1,1,2,1,3,0,3,3,6,7	118,111,121,102,90,131,94,84,91,100	1,2,1,0,1,0,1,2,0,1	120,100,100,116,111,101,128,100,88,104	150	75
3311	2,4,1,3,0,2,2,2,2,3	109,96,117,90,117,101,114,94,91,101	2,5,3,3,2,0,1,2,0,3	97,124,115,111,151,104,114,107,122,87	150	75
3313	18,22,12,4,12,6,13,20,17,13	3,2,1,1,3,1,1,3,1,3	16,12,5,12,18,22,20,14,8,20	3,1,0,3,5,2,3,3,0,1	150	75
3314	13,8,5,3,11,9,8,8,11,11	2,0,2,2,1,0,1,2,0,1	8,7,9,10,10,7,7,10,2,14	0,0,3,2,1,0,0,0,0,2	150	75
3315	27,21,25,32,38,30,32,24,36,31	9,4,2,6,2,3,1,4,0,2	35,25,21,39,25,35,39,23,29,40	3,2,1,1,2,0,4,3,4,2	150	75
3317	12,15,9,16,7,9,7,14,5,13	63,51,62,40,61,51,41,49,49,49	11,16,10,9,8,7,9,5,7,11	59,64,64,64,71,59,63,42,55,61	150	75
3318	7,9,5,13,5,5,10,7,9,7	0,0,0,0,1,0,0,0,0,0	11,5,9,7,8,8,8,9,2,16	0,1,2,0,0,0,0,0,0,0	150	75
3319	8,13,8,15,8,6,15,14,17,5	49,49,30,28,31,34,15,27,39,35	9,6,9,12,10,5,8,12,4,18	42,40,23,31,31,25,27,21,31,22	150	75
3320	3,4,2,2,0,5,6,2,8,3	0,2,0,0,0,0,0,0,0,0	3,0,0,2,8,5,5,4,4,5	1,0,0,0,0,0,0,0,0,0	149	75
3321	4,5,2,2,1,8,3,2,6,4	0,0,0,2,0,1,0,2,0,0	2,1,2,4,4,4,7,3,4,5	0,0,1,0,0,0,0,1,0,0	150	75
3322	0,1,0,0,0,0,1,1,1,1	23,43,36,30,36,26,32,13,27,24	0,2,0,0,0,0,0,0,1,0	20,44,23,24,17,34,28,19,20,26	150	75
3323	3,7,5,3,3,3,4,8,8,1	0,0,0,1,1,3,1,0,1,0	6,4,5,3,5,4,7,4,2,2	0,1,0,3,2,0,2,2,0,1	150	75
3324	0,6,4,1,1,0,2,2,1,0	36,44,54,42,25,33,35,24,37,39	3,1,5,0,1,3,4,1,3,0	50,36,40,39,42,30,36,37,35,33	150	75
3325	2,2,2,0,3,1,0,2,1,1	33,38,43,33,34,41,18,16,20,29	2,3,2,1,1,6,1,2,1,0	19,34,24,18,24,35,20,32,28,35	150	75
3326	3,6,3,2,6,1,2,9,5,2	0,0,0,0,0,0,0,0,0,0	3,1,4,3,1,7,1,4,4,4	0,0,0,0,0,0,0,0,1,0	150	75
3328	17,34,22,31,14,9,18,15,15,18	105,105,111,78,96,75,80,63,82,90	18,16,15,16,19,21,11,22,24,12	87,77,81,88,95,96,95,63,86,82	150	75
3329	378,309,266,272,337,236,299,246,355,318	1,1,1,1,0,0,0,0,1,0	351,305,288,315,329,285,328,276,283,288	0,4,0,0,0,1,2,1,2,0	150	75
3330	0,1,4,0,1,5,0,1,1,1	452,459,423,399,411,330,362,358,411,408	1,2,0,1,2,1,1,0,1,0	389,456,325,378,397,377,475,386,356,380	150	75
3332	0,1,0,0,0,1,0,0,1,0	16,9,10,10,21,15,17,12,19,22	1,2,2,0,2,0,1,0,1,1	14,16,11,14,9,15,10,17,22,16	150	75
3333	0,0,1,1,0,1,0,0,0,0	13,13,8,10,14,13,8,10,13,9	0,0,0,0,1,0,1,0,0,0	18,12,19,12,5,16,10,24,15,14	150	75
3334	3,3,3,1,2,3,5,4,2,0	77,50,45,49,56,48,58,50,47,55	4,0,1,1,0,1,3,1,1,3	59,74,51,47,59,60,62,43,57,52	150	75
3337	11,11,10,15,18,8,13,19,14,17	11,8,18,7,6,7,6,9,5,9	10,7,13,18,19,16,13,10,12,7	13,8,11,9,11,12,3,10,4,7	150	75
3338	4,8,9,10,9,5,12,9,10,9	30,16,24,33,25,27,31,14,27,27	6,8,9,9,15,7,8,8,9,4	20,33,35,21,23,33,34,32,26,18	150	75
3339	0,0,0,0,0,0,0,0,0,0	30,21,22,21,17,21,30,31,25,20	1,0,0,0,0,0,0,0,0,0	10,21,22,20,12,16,26,31,21,32	150	75
3340	1,2,2,6,2,3,3,1,0,1	142,95,96,103,112,112,82,116,94,102	5,7,4,3,1,0,3,0,3,3	89,164,103,89,70,127,85,96,76,91	150	75
3341	0,4,1,5,0,0,2,2,2,0	83,79,95,87,68,58,84,72,75,74	0,0,3,0,1,1,2,0,0,2	70,80,74,70,68,69,84,75,70,73	150	75
3342	2,6,4,7,4,5,6,3,6,7	52,50,47,49,29,34,45,38,35,38	2,3,3,5,2,3,3,2,4,5	40,37,43,31,57,44,43,37,49,56	150	75
3343	0,3,2,3,2,3,2,3,3,3	24,18,37,42,31,29,28,30,29,24	1,3,1,3,1,0,4,4,1,0	36,32,25,25,19,24,34,22,27,34	150	75
3344	2,1,1,1,1,1,2,2,1,2	17,6,15,9,7,4,10,5,6,7	0,3,0,1,0,0,2,1,1,0	11,11,4,7,4,11,12,13,9,11	150	75
3345	0,0,0,0,0,2,0,1,0,0	4,2,4,0,1,3,2,2,0,1	3,2,0,1,2,0,0,0,0,2	3,1,0,0,2,2,3,1,1,1	150	75
3346	0,0,0,0,0,0,0,0,0,0	13,16,13,12,9,12,11,10,14,9	0,0,0,0,0,1,0,0,0,0	11,16,13,15,7,13,16,15,16,9	150	75
3348	5,0,3,3,0,0,4,3,4,2	27,34,20,32,30,39,34,24,19,27	3,3,3,2,8,6,1,4,5,7	18,24,36,32,32,40,23,25,26,32	150	75
3349	6,1,5,3,4,0,8,5,6,3	1,0,1,0,1,0,0,0,0,1	8,6,4,4,3,3,2,2,2,4	0,0,0,0,0,1,0,1,0,0	150	75
3350	1,1,0,3,1,0,4,0,3,2	12,11,12,13,11,12,7,7,8,6	1,2,0,1,1,3,1,0,3,2	8,6,10,11,8,10,11,6,10,12	150	75
3351	1,0,0,0,0,0,2,0,1,0	30,26,27,25,19,34,25,21,25,16	0,0,1,2,0,0,0,0,1,0	31,30,20,27,21,29,26,25,26,34	150	75
3352	3,4,3,4,3,5,7,6,8,6	69,86,72,65,48,65,80,40,49,64	1,6,3,2,5,7,7,8,4,7	72,46,38,67,62,55,85,51,53,66	150	75
3353	0,4,2,3,2,0,3,0,1,0	103,85,94,78,93,69,57,67,92,100	1,1,0,0,1,1,1,1,0,3	84,77,79,92,75,100,106,105,97,94	150	75
3354	0,0,1,0,2,0,1,1,2,3	3,0,0,1,0,0,0,0,1,0	0,1,0,0,0,0,1,1,1,0	0,0,0,0,0,0,0,0,0,1	150	75
3355	14,14,17,27,20,8,16,20,17,12	62,94,89,69,84,74,54,62,47,68	8,26,15,8,10,16,14,17,16,16	78,82,71,71,77,94,70,71,61,71	150	75
3356	16,15,17,21,14,7,18,17,18,13	1,0,0,0,0,2,0,0,0,1	8,19,7,9,12,17,9,19,15,15	0,0,0,0,0,0,0,0,1,0	150	75
3357	6,3,3,8,4,4,6,4,5,3	1,3,6,2,0,1,3,2,2,2	4,4,4,3,3,2,5,4,2,3	4,0,2,0,2,0,1,0,5,1	150	75
3358	23,21,33,24,20,16,14,15,23,18	100,107,92,69,82,85,84,67,85,58	26,40,24,19,18,20,25,28,21,30	66,121,78,82,70,80,88,66,53,85	150	75
3359	5,6,4,7,4,4,8,4,6,3	0,0,0,0,0,0,0,0,0,0	4,7,4,6,1,4,7,4,8,5	0,1,1,0,0,0,0,0,1,0	150	75
3360	3,10,9,8,7,4,9,11,4,3	93,99,89,91,89,91,75,89,79,108	5,10,4,7,3,4,9,5,10,6	91,105,78,89,77,100,91,83,109,100	150	75
3361	2,4,3,6,3,4,7,2,0,2	0,0,0,0,0,0,0,0,0,0	2,2,3,0,2,4,3,1,8,3	0,0,0,1,0,0,0,0,0,0	150	75
3362	5,4,0,4,6,2,1,6,6,3	0,0,0,0,1,0,0,0,0,0	0,2,6,7,1,2,3,5,9,5	0,0,0,0,0,0,0,0,0,0	150	75
3363	1,8,4,6,2,1,7,4,4,4	96,81,90,78,69,89,74,75,69,66	3,4,2,10,2,6,3,3,7,6	79,70,79,92,86,84,80,68,91,77	150	75
3364	7,8,8,7,5,5,6,10,6,16	95,85,104,90,62,73,67,51,73,78	2,5,6,3,4,1,3,1,4,5	62,91,76,82,74,87,85,80,92,77	150	75
3365	23,18,13,22,12,19,18,16,21,14	64,58,66,50,40,43,57,48,54,43	18,12,16,15,16,20,17,11,18,15	63,44,59,49,45,43,61,42,46,28	150	75
3366	1,1,0,0,1,0,1,0,1,0	19,16,16,14,15,10,13,11,9,5	0,0,0,0,2,0,0,0,0,2	19,14,17,12,4,10,9,8,9,13	150	75
3368	251,242,228,218,218,223,223,175,221,231	121,97,111,95,105,108,83,75,92,115	251,227,216,256,219,252,247,224,267,236	111,121,125,135,77,89,86,81,107,92	150	75
3369	18,23,24,20,22,14,19,17,20,22	155,171,173,141,160,165,118,120,137,162	11,30,25,22,22,23,21,26,28,24	177,163,172,138,151,147,131,152,148,171	140	75
3370	13,17,13,15,18,11,17,12,18,23	59,68,66,59,61,71,34,47,64,41	18,17,30,16,15,21,12,21,9,15	54,64,45,51,67,50,59,53,56,57	150	75
3371	3,5,3,7,7,4,5,2,4,14	335,320,338,338,307,292,244,200,261,318	4,4,3,6,5,10,4,9,9,6	273,302,276,281,297,265,280,264,278,209	150	75
3372	0,1,0,0,0,0,2,3,1,2	32,23,17,27,19,24,22,19,19,25	1,2,0,0,0,0,0,0,0,2	24,36,28,25,19,25,31,30,13,29	150	75
3373	0,0,0,0,0,0,1,1,0,1	1,0,2,0,0,1,0,0,0,0	2,1,0,0,0,0,0,0,0,2	1,0,1,1,0,0,0,0,0,0	150	75
3374	61,72,71,65,64,67,56,49,67,66	0,1,0,0,0,0,0,0,1,0	59,85,56,73,57,83,70,64,61,55	0,0,0,2,0,0,0,0,0,0	150	75
3376	1,3,1,4,0,0,5,0,5,3	28,23,20,19,23,32,21,20,24,29	0,2,1,5,1,2,2,3,2,7	27,21,16,29,27,26,18,28,27,16	150	75
3377	32,39,42,36,42,36,40,30,24,49	0,2,0,4,0,1,2,1,0,1	33,41,43,40,32,28,30,39,24,46	0,0,1,0,0,1,0,3,0,0	150	75
3378	7,16,9,7,8,6,5,10,13,7	14,15,19,15,12,12,14,15,11,10	4,6,5,8,6,3,10,9,10,13	8,11,14,15,22,15,7,17,13,14	150	75
3379	0,0,1,2,1,1,4,1,0,0	45,39,39,32,45,34,33,32,49,47	0,2,0,0,1,1,0,2,2,0	44,49,36,29,29,33,35,33,41,27	150	75
3380	0,2,0,0,0,1,1,0,0,0	0,0,0,0,0,0,0,0,0,1	1,3,0,0,2,3,1,0,0,0	0,0,0,0,0,0,0,0,0,0	150	75
3381	0,0,1,0,0,0,0,0,0,3	30,30,19,20,20,27,13,24,32,19	0,0,0,1,1,0,0,0,0,0	27,38,21,19,31,36,28,23,25,15	150	75
3382	0,1,2,2,0,1,0,0,2,0	9,14,8,6,7,15,6,6,10,11	0,2,0,3,1,1,0,2,0,0	8,10,7,10,13,9,7,6,10,10	150	75
3383	0,0,0,2,0,0,3,0,2,1	37,26,44,40,20,21,29,20,29,34	1,0,0,0,3,0,0,0,0,3	28,22,23,22,26,18,20,23,23,27	150	75
3384	0,0,4,1,0,0,0,0,0,0	27,32,14,17,14,16,12,19,17,17	0,1,1,1,0,1,1,0,0,0	14,10,7,6,12,21,14,9,12,8	150	75
3386	0,1,0,0,2,0,0,1,1,0	6,9,8,6,8,12,6,6,6,3	0,0,0,0,0,0,0,0,2,0	6,11,9,9,8,16,9,7,10,6	150	75
3388	3,6,4,4,7,3,5,2,1,3	722,746,762,649,710,708,568,556,653,506	5,4,4,3,4,2,2,3,2,1	663,789,519,607,568,697,701,631,512,691	150	75
3389	0,0,1,0,0,1,0,0,0,0	67,47,55,47,44,54,50,39,54,52	0,0,0,0,0,0,0,0,0,0	57,69,61,52,52,57,69,60,56,59	150	75
3390	15,12,16,14,15,11,18,14,13,20	848,805,851,795,860,758,658,541,674,768	11,11,14,7,10,15,6,11,18,17	799,856,834,750,809,779,656,633,785,651	150	75
3391	39,68,49,50,56,44,85,58,56,39	597,589,644,528,638,547,394,337,432,519	33,72,51,84,40,54,42,59,91,78	559,575,606,532,615,487,457,441,511,470	146	75
3392	44,48,43,45,55,44,75,58,60,26	699,707,784,593,712,695,544,402,535,656	24,61,34,55,38,35,40,61,68,59	701,778,735,595,729,621,533,533,613,528	150	75
3393	1,0,1,1,1,2,0,1,0,1	0,2,0,1,1,0,1,0,0,1	0,0,0,1,0,0,0,2,0,1	0,0,1,1,3,1,3,2,3,1	150	75
3394	0,1,0,0,0,0,0,1,1,0	4,2,1,1,0,2,1,2,0,5	1,1,0,0,0,1,0,0,1,0	1,0,0,3,2,2,0,2,0,3	150	75
3395	3,3,2,2,3,4,4,4,5,1	38,28,45,30,26,52,35,41,41,41	1,5,1,2,4,1,3,2,2,6	41,39,35,30,39,37,36,29,27,43	146	75
3396	21,18,19,15,19,19,26,9,25,24	10,10,15,15,4,10,10,9,8,3	27,24,10,19,18,18,20,20,24,27	3,9,8,9,5,14,11,6,9,1	150	75
3398	3,2,2,0,1,1,1,2,2,0	57,45,52,41,56,56,48,51,60,50	1,2,0,1,1,0,1,0,0,0	47,48,43,53,51,46,53,61,51,52	150	75
3399	0,1,0,0,4,2,1,0,1,0	117,103,98,97,93,112,100,89,105,111	4,2,2,0,1,1,1,4,0,0	112,107,102,131,101,117,101,99,104,95	150	75
3400	1,6,4,1,0,1,2,3,4,3	33,26,35,22,22,21,22,21,26,19	2,0,0,3,0,2,4,5,2,2	20,40,30,20,33,33,24,19,13,16	150	75
3401	0,0,0,0,0,0,1,0,2,0	38,53,49,35,47,29,39,31,34,32	0,1,0,0,0,0,0,0,0,0	37,43,45,43,40,56,39,37,44,33	146	75
3402	3,4,6,5,3,0,4,11,5,0	14,19,30,15,20,13,26,17,22,27	2,7,3,4,4,5,4,5,3,1	9,17,10,19,18,17,16,17,20,18	139	75
3403	4,5,6,6,7,9,8,4,10,4	0,3,0,2,0,1,1,0,4,0	6,4,1,8,5,11,8,8,4,5	1,1,0,2,5,1,3,1,3,0	150	75
3404	21,21,28,25,27,36,17,18,24,26	11,20,12,17,6,6,9,7,9,7	23,26,19,33,24,26,27,20,27,26	12,15,10,11,15,12,11,19,8,14	150	75
3405	1,0,0,0,0,0,0,0,0,0	37,26,33,33,30,26,49,22,23,31	0,0,0,0,2,0,1,0,0,0	33,29,12,15,33,34,29,27,24,29	150	75
3406	10,10,3,5,8,14,1,9,2,3	45,40,56,50,59,41,51,37,38,38	7,10,6,4,7,3,6,7,6,10	49,38,38,36,38,38,47,66,37,49	150	75
3408	1,1,2,3,2,2,1,5,1,1	27,34,31,30,23,30,50,19,30,38	1,1,0,2,2,2,3,3,2,2	31,36,31,33,36,40,35,51,43,36	150	75
3409	0,0,0,0,0,1,1,0,1,0	46,55,51,44,36,44,38,32,55,42	1,1,0,0,0,0,0,1,2,2	32,26,44,27,50,46,52,42,40,39	150	75
3410	9,11,18,23,14,13,17,21,14,18	0,2,1,0,0,2,0,2,1,1	7,19,15,15,14,11,18,22,19,14	3,1,0,1,1,1,0,1,0,0	150	75
3411	0,0,1,0,0,0,0,0,0,0	4,2,1,0,3,0,0,0,0,1	0,0,0,0,0,0,0,0,0,0	2,1,2,3,0,3,0,0,2,1	150	75
3412	1,0,0,0,0,0,0,1,0,0	2,2,2,0,1,0,0,1,0,2	0,0,0,0,0,0,0,0,0,0	0,3,2,1,1,0,2,0,2,3	150	75
3413	11,19,12,23,16,10,25,15,24,7	67,72,82,52,46,81,75,56,70,75	14,27,21,27,10,12,10,23,26,26	73,71,64,73,61,76,82,65,60,50	150	75
3414	3,4,2,3,1,0,6,2,4,2	0,1,0,0,0,0,0,0,0,0	7,0,3,2,3,1,3,3,6,5	0,0,0,0,0,0,0,0,0,0	150	75
3415	1,3,0,0,2,1,4,0,3,0	82,82,69,76,76,57,75,60,66,81	3,0,0,0,3,1,0,1,1,0	68,86,64,67,74,77,75,64,66,69	150	75
3416	1,3,5,3,2,5,3,6,2,2	15,13,14,13,16,18,13,11,18,12	4,2,2,3,3,2,3,3,4,4	14,20,11,18,15,20,16,9,22,16	150	75
3417	4,2,5,8,3,8,10,10,6,5	1,2,1,1,0,0,1,2,2,1	10,4,3,7,5,2,6,3,9,8	0,1,2,3,1,0,1,2,1,0	150	75
3418	6,5,3,9,6,7,9,10,9,6	20,26,28,23,38,26,18,30,33,34	9,3,4,9,7,2,4,2,10,11	35,30,17,12,28,32,25,25,21,21	150	75
3419	1,0,0,0,1,1,0,0,1,1	89,80,96,86,83,86,69,65,80,73	0,0,0,0,1,0,0,1,0,0	69,86,78,54,90,101,61,56,65,75	150	75
3420	3,0,1,2,1,1,1,1,0,0	94,93,99,89,123,100,61,99,88,94	1,0,2,0,0,0,1,3,1,0	104,110,90,82,96,107,101,83,98,87	150	75
3422	0,0,1,0,0,0,0,0,0,0	64,66,67,64,66,52,65,64,52,71	0,0,0,0,1,0,0,0,1,1	50,69,93,72,71,83,42,59,63,49	150	75
3423	15,11,15,26,13,13,33,16,22,4	56,63,74,48,49,50,43,53,39,45	6,13,16,25,21,14,12,25,11,10	90,72,62,41,65,72,63,67,54,49	150	75
3424	100,110,108,102,108,81,106,79,69,91	1,4,1,4,2,3,3,5,0,7	75,116,92,96,104,68,82,94,92,78	1,6,4,2,6,3,2,1,1,3	150	75
3425	1,0,5,3,4,2,4,2,0,0	99,87,87,104,77,88,75,71,82,81	2,0,2,1,0,1,2,1,1,5	84,81,87,84,89,101,86,72,87,95	150	75
3427	6,5,4,7,6,5,1,2,5,1	0,0,0,0,3,0,3,1,2,0	4,5,4,7,5,4,10,7,9,3	3,0,0,1,1,0,1,2,1,0	150	75
3429	0,0,2,2,0,0,3,2,2,0	3,2,3,0,4,1,1,4,1,3	1,1,0,0,0,0,2,1,1,0	5,7,0,1,3,2,5,2,3,2	150	75
3431	94,78,100,86,90,102,76,69,87,86	4,3,1,1,1,2,6,1,1,0	86,86,91,73,69,89,99,97,81,79	1,3,1,3,2,4,1,4,0,1	117	75
3432	5,3,5,5,7,6,1,6,6,9	4,2,4,2,1,4,1,6,2,5	2,3,5,6,4,3,4,4,5,4	1,3,3,4,5,4,4,6,1,1	150	75
3433	6,16,13,15,12,9,11,12,13,7	8,8,9,4,7,6,7,12,8,7	7,19,14,7,9,16,12,10,17,13	5,10,7,5,5,3,4,6,6,3	150	75
3434	1,5,2,0,2,1,3,0,5,0	20,16,12,16,19,22,20,24,13,12	1,2,3,0,1,2,0,0,4,1	20,20,15,12,15,18,15,17,16,20	150	75
3435	1,9,6,3,8,10,10,9,13,8	5,3,3,5,5,7,0,5,2,1	6,12,4,11,8,7,16,7,4,7	4,4,4,4,3,6,3,4,4,8	150	75
3436	0,4,4,1,0,2,3,3,2,1	12,7,6,11,8,4,3,4,5,10	2,7,1,3,1,2,3,4,2,3	3,7,14,4,5,5,8,10,5,8	150	75
3438	1,1,1,3,0,0,0,0,2,0	124,134,112,107,129,124,83,108,97,88	0,2,1,1,1,1,0,2,1,3	114,131,90,118,104,126,124,111,106,103	150	75
3439	1,1,5,6,1,1,1,1,3,0	0,0,0,0,0,0,0,1,0,0	1,4,2,1,0,0,0,1,0,5	0,0,0,0,0,0,0,0,2,0	150	75
3440	2,1,7,5,1,1,3,5,3,0	161,183,161,123,147,164,144,108,181,155	1,3,2,1,0,1,0,4,1,3	184,165,137,132,178,155,155,140,154,156	150	75
3441	2,0,1,0,2,0,1,1,3,1	224,266,206,205,201,200,163,175,218,190	3,5,1,2,0,2,1,4,3,0	170,222,225,228,216,200,209,210,162,198	150	75
3443	13,15,14,9,11,11,7,11,7,19	20,18,11,5,13,15,9,12,7,10	6,12,8,9,20,9,13,11,7,7	15,18,10,10,11,10,7,9,12,8	150	75
3444	33,28,27,20,20,15,22,16,21,28	5,6,6,4,5,6,5,5,3,11	26,31,24,24,21,23,23,22,28,45	3,2,7,6,3,4,4,2,2,4	150	75
3445	0,0,0,0,1,0,1,0,0,0	1,0,0,0,3,5,2,0,0,4	0,0,0,0,0,0,1,0,0,0	1,4,7,1,1,1,3,0,0,3	148	75
3446	0,0,0,0,2,0,0,0,0,0	4,0,1,1,4,7,4,1,0,2	0,0,0,1,0,0,0,0,0,0	0,0,7,0,0,1,3,2,0,4	150	75
3447	4,3,2,6,6,1,6,2,6,7	0,0,1,0,0,0,0,0,0,0	1,7,0,7,0,6,1,6,3,3	0,0,0,0,0,0,0,0,1,0	150	75
3448	1,0,4,0,5,2,8,5,4,4	107,101,90,81,95,87,74,62,72,78	3,0,6,6,0,2,6,3,3,3	91,83,86,94,100,89,85,81,102,87	150	75
3449	3,1,8,6,3,5,3,2,2,0	94,91,81,54,79,54,54,64,80,86	5,2,2,3,5,5,0,5,2,2	58,70,80,70,74,98,74,71,77,96	150	75
3450	3,1,10,4,4,4,2,3,2,0	0,0,2,0,0,3,0,0,0,0	4,2,2,4,4,5,0,3,2,0	0,1,1,1,1,0,1,1,0,1	150	75
3451	0,1,4,2,2,0,0,1,0,0	116,105,124,70,78,95,68,106,97,102	1,0,1,2,0,1,1,0,1,0	116,87,99,100,96,121,103,116,109,98	150	75
3452	0,0,0,0,0,0,1,1,0,0	1,2,2,2,0,1,3,2,0,1	0,0,0,0,0,1,0,0,0,0	0,2,2,3,0,3,2,2,1,1	150	75
3454	1,1,0,0,0,0,2,2,3,0	0,0,1,1,0,0,0,1,1,0	0,2,0,1,1,1,0,0,1,2	0,0,1,0,0,0,0,2,0,0	150	75
3455	0,0,3,1,0,0,1,0,0,0	45,47,58,39,43,55,30,43,47,40	1,0,1,0,2,1,0,2,0,0	46,41,47,50,40,36,50,51,39,57	150	75
3456	15,17,16,15,15,20,18,23,21,21	0,0,0,1,0,0,0,1,0,0	14,15,17,16,17,9,15,9,16,25	0,0,0,0,0,0,0,1,1,0	150	75
3457	8,9,4,9,3,8,17,10,14,5	0,0,1,1,2,0,1,0,0,0	2,4,8,7,8,10,11,7,10,8	0,0,2,0,2,1,1,1,0,1	150	75
3458	13,15,6,12,4,14,17,11,15,6	8,5,1,5,5,5,7,3,15,5	9,7,7,13,17,15,9,8,12,20	9,8,0,2,5,6,3,5,5,1	150	75
3460	1,0,3,0,0,0,2,1,2,1	0,1,0,1,0,0,0,2,1,0	0,0,0,0,1,0,0,0,0,3	0,0,1,1,0,0,0,0,2,0	150	75
3461	2,9,2,1,7,2,1,2,3,3	39,37,50,29,26,29,34,35,26,33	2,3,1,3,0,2,2,2,4,3	45,49,32,40,33,30,37,29,32,40	150	75
3462	2,2,2,3,2,1,2,0,1,4	107,102,97,92,61,73,78,68,93,70	0,2,2,0,1,0,2,1,5,0	91,66,92,82,95,102,73,59,103,78	150	75
3463	0,0,0,0,1,0,1,1,0,0	3,2,0,1,1,1,3,0,2,2	0,0,0,0,0,0,0,0,0,0	4,0,0,0,0,0,1,1,1,1	150	75
3464	2484,2373,2481,2117,2185,2267,1938,1804,1906,2172	0,0,0,0,0,0,0,0,1,0	2167,2194,2157,2119,2209,2177,2297,2026,2106,2232	0,0,0,0,0,0,0,0,0,1	150	75
3465	1,2,0,4,3,5,5,3,1,5	5,5,6,3,5,5,5,12,7,8	1,6,5,5,4,2,2,4,1,4	5,5,4,5,3,4,9,6,3,3	150	75
3466	7,11,7,8,7,8,8,4,7,4	25,32,25,26,23,37,24,24,25,15	6,3,11,2,6,5,10,16,4,6	24,22,24,30,25,18,27,23,13,15	150	75
3467	1,3,0,1,0,5,0,0,1,0	247,206,224,197,206,243,207,178,223,230	1,1,1,1,1,2,0,3,2,1	203,230,225,204,268,241,240,229,239,207	150	75
3468	27,42,27,41,52,40,66,50,53,67	70,75,96,93,91,98,87,96,72,115	40,52,28,58,41,52,39,39,53,50	75,103,117,97,91,77,93,106,104,88	150	75
3469	6,4,1,5,4,5,1,2,4,3	18,11,26,15,16,18,11,18,20,17	1,7,4,2,3,1,2,4,8,2	18,17,21,10,19,23,18,12,15,22	150	75
3470	7,19,7,10,6,11,13,4,8,9	1,3,1,0,3,0,0,0,1,0	1,7,7,3,5,6,8,6,5,8	1,0,0,0,0,0,0,0,0,0	150	75
3471	3,2,4,1,4,3,0,2,2,0	6,8,6,7,8,12,7,3,4,7	1,7,0,4,2,3,3,1,2,2	5,14,6,10,7,2,7,10,6,7	150	75
3473	1,3,1,1,0,1,3,2,2,2	38,36,56,39,35,41,37,31,30,24	2,2,2,1,4,2,4,2,0,5	34,39,30,45,42,37,36,44,43,49	150	75
3475	0,1,1,2,1,0,4,2,3,3	29,36,32,19,17,23,17,23,18,15	0,2,1,2,0,0,4,2,0,3	19,32,19,22,29,27,8,22,20,19	150	75
3476	1,0,0,1,1,0,0,0,0,0	0,0,2,2,1,3,5,0,1,0	0,0,1,1,0,0,0,0,0,0	1,1,2,0,2,3,0,1,2,0	150	75
3477	1,0,0,0,0,0,0,0,0,0	2,1,2,2,4,3,3,0,1,2	0,0,0,2,0,0,1,0,0,2	5,3,2,2,1,0,2,3,2,3	150	75
3478	0,0,0,0,0,0,0,0,1,0	0,2,0,0,0,0,0,1,0,0	0,0,0,0,1,0,1,0,0,0	1,0,0,3,0,0,1,0,0,0	150	75
3479	0,1,0,0,1,0,0,0,0,0	36,31,31,22,19,29,19,31,26,30	0,0,0,0,0,0,0,1,1,0	26,38,25,20,25,24,22,32,24,21	150	75
3480	414,415,415,361,353,401,373,326,346,356	73,72,79,80,84,72,59,59,68,70	377,400,389,340,391,386,420,306,347,355	78,84,70,66,67,69,77,68,60,70	150	75
3481	5,4,4,1,3,2,1,2,2,1	58,76,96,57,63,64,66,38,58,65	2,2,1,2,0,5,3,0,4,2	64,71,68,49,68,79,75,51,64,64	150	75
3482	58,67,65,40,54,48,36,50,43,27	7,5,12,7,3,6,1,6,9,8	42,78,58,38,36,57,45,56,49,45	1,5,13,6,5,2,6,6,8,6	150	75
3483	3,5,3,7,2,5,4,4,2,4	4,5,6,4,6,1,5,2,5,1	4,4,4,4,1,1,4,9,5,2	4,1,1,6,3,4,2,4,2,6	150	75
3484	3,7,4,7,7,7,9,3,4,9	6,3,5,3,3,1,0,2,3,2	4,9,1,5,4,4,3,7,1,3	3,3,4,3,4,10,4,4,2,9	150	75
3485	7,7,5,4,9,4,6,4,7,8	0,0,0,0,1,0,0,0,0,0	5,6,1,6,4,6,2,4,4,3	0,0,0,0,0,0,0,2,0,0	150	75
3486	11,5,5,2,7,3,11,3,9,5	4,7,3,1,2,4,8,2,5,7	2,7,1,9,6,8,1,7,3,6	5,2,3,5,6,2,4,4,2,5	150	75
3487	4,4,3,4,2,5,8,2,2,4	168,167,179,146,189,162,135,123,158,176	0,10,0,3,4,4,2,6,5,8	159,173,160,177,176,199,171,162,179,139	150	75
3488	7,4,6,2,5,2,0,1,6,9	6,7,3,8,6,6,4,3,5,5	6,4,4,10,2,5,5,7,8,5	7,9,5,5,9,8,7,4,6,6	150	75
3490	0,0,0,1,0,2,1,1,5,1	13,11,14,10,12,5,11,10,7,4	1,1,1,0,1,1,0,0,0,1	15,12,6,8,9,9,6,12,7,8	150	75
3491	1,1,4,2,2,7,4,4,2,7	0,1,0,0,0,0,1,1,0,1	5,9,6,4,2,8,5,2,8,3	1,1,0,1,0,1,0,1,0,0	150	75
3492	1,2,3,1,0,1,1,1,1,1	36,31,31,38,32,23,23,21,20,34	1,1,0,3,2,2,1,1,3,2	27,29,33,27,30,38,23,36,35,36	150	75
3493	2,4,0,5,3,2,2,3,2,1	13,16,8,9,5,12,16,12,10,8	1,4,0,3,3,0,2,2,5,0	9,13,8,11,13,14,18,11,9,7	150	75
3495	14,14,14,11,9,12,16,15,19,11	8,7,8,12,15,15,12,12,9,9	14,9,19,12,3,2,10,6,15,16	14,15,9,11,7,10,14,4,18,10	150	75
3496	68,57,89,50,76,75,93,47,58,47	0,0,0,0,0,0,0,0,0,0	69,60,48,52,48,65,56,66,52,62	1,0,0,0,0,0,0,0,0,0	150	75
3497	2,0,1,0,1,0,0,2,1,0	0,0,0,0,0,0,0,0,0,0	0,2,0,1,0,3,0,0,0,1	0,0,0,0,0,0,0,0,0,1	122	75
3499	0,0,1,1,0,0,0,1,1,0	2,3,1,0,0,1,0,3,2,0	0,2,0,0,0,1,1,1,1,3	1,4,0,0,1,4,3,1,0,0	150	75
3500	4,2,0,0,2,3,3,1,2,4	103,76,120,89,84,110,66,71,60,87	3,0,2,2,1,3,4,1,1,2	115,90,77,93,87,90,81,87,82,65	150	75
3501	0,0,1,4,1,4,2,4,4,1	0,1,0,0,0,0,1,1,0,0	0,0,0,1,3,1,0,4,5,0	2,0,0,0,0,0,0,1,0,0	150	75
3503	0,0,0,0,0,0,0,0,0,0	2,13,0,2,1,3,1,1,3,2	0,0,0,0,0,0,0,0,1,0	4,5,2,3,6,4,6,11,2,3	150	75
3504	1,0,0,0,1,0,0,1,0,0	0,1,0,0,0,0,0,0,0,0	0,0,1,2,1,0,0,0,0,0	0,0,0,0,0,0,0,0,0,0	150	75
3506	91,83,105,75,72,62,71,73,70,84	0,0,0,1,0,0,0,0,0,1	92,83,78,83,79,99,110,88,78,63	0,0,0,0,1,0,0,0,0,0	117	75
3508	6,5,4,6,5,11,3,8,10,5	33,31,25,30,20,29,27,30,18,23	8,4,8,2,3,9,2,6,11,4	32,39,28,34,24,28,37,30,26,36	150	75
3509	7,6,8,7,7,14,2,7,16,5	0,0,0,0,0,0,0,1,0,0	8,5,11,2,3,11,3,6,11,8	0,0,0,0,0,0,0,0,0,0	150	75
3510	0,2,0,1,1,0,0,2,0,2	31,23,26,24,21,18,25,27,27,14	0,1,0,3,0,1,0,0,0,0	29,30,20,23,27,23,30,31,19,19	150	75
3511	16,10,14,26,7,11,21,15,23,19	148,159,130,122,149,136,144,132,128,141	9,15,9,16,18,8,10,11,17,14	143,120,146,120,171,127,128,124,133,112	150	75
3512	52,37,50,55,55,48,77,43,56,51	91,102,125,103,91,93,94,69,76,89	61,54,33,29,58,37,51,44,57,40	88,110,83,97,100,78,88,93,82,75	150	75
3513	2,1,0,3,2,2,0,2,2,1	14,14,11,12,10,16,22,13,14,13	1,2,2,2,1,2,0,3,4,3	15,13,14,11,24,20,15,10,11,17	150	75
3514	394,387,455,391,372,368,313,306,382,387	142,124,124,131,143,151,159,125,131,167	402,364,370,356,389,388,356,371,372,376	144,149,113,133,128,129,150,141,148,130	150	75
3517	0,0,1,0,0,0,0,0,0,0	31,32,28,25,17,31,36,27,25,37	0,0,0,0,0,0,0,0,0,0	37,13,31,30,36,30,27,17,30,21	147	75
3519	1,0,0,0,0,0,2,0,0,0	2,3,0,0,1,2,1,1,0,0	0,0,0,1,0,1,0,0,0,0	1,1,1,0,2,0,0,0,0,0	150	75
3520	70,79,75,56,76,59,60,59,46,63	125,98,112,101,103,123,98,83,83,102	57,81,70,70,63,66,61,67,59,69	96,92,85,98,109,99,106,103,81,88	150	75
3521	0,5,0,0,1,1,0,1,1,0	7,7,11,3,6,5,9,7,6,4	0,0,0,2,0,0,1,0,1,0	14,3,7,2,8,9,4,8,8,9	150	75
3522	3,4,4,7,2,0,4,3,5,0	0,1,0,1,0,0,4,2,2,1	2,5,2,6,4,0,2,5,4,3	0,0,0,0,0,0,0,3,0,1	150	75
3523	7,5,6,8,4,1,4,4,8,1	2,0,1,1,0,0,3,0,1,0	3,6,3,5,4,0,2,7,3,3	0,1,3,0,1,2,0,2,0,1	150	75
3528	113,118,107,104,99,124,91,93,100,99	70,69,82,54,72,76,46,47,66,55	122,120,125,83,112,93,97,98,95,131	66,87,70,68,68,59,55,78,64,54	147	75
3529	583,565,611,509,539,530,450,451,504,504	8,7,3,3,4,5,5,3,16,12	561,598,547,616,505,560,545,531,527,457	5,10,7,4,5,6,0,4,6,10	150	75
3530	0,0,1,1,0,0,1,1,1,1	2,1,1,1,1,0,1,0,0,1	0,0,3,1,1,0,0,0,0,0	1,0,3,0,0,0,0,0,2,1	150	75
3531	0,2,0,2,0,1,0,2,1,0	287,270,278,235,260,202,171,205,211,211	1,2,1,0,0,1,1,1,0,0	225,248,249,257,250,247,239,225,254,182	150	75
3532	0,0,1,2,0,0,0,0,0,0	303,271,293,255,263,198,192,186,254,229	0,0,0,0,0,1,0,0,0,0	268,276,255,266,280,300,213,243,239,201	150	75
3533	0,0,1,0,0,1,3,0,1,0	2,6,3,3,3,3,5,2,4,1	1,1,0,0,0,1,0,1,1,0	1,0,1,3,2,4,1,2,1,1	150	75
3534	3,1,4,2,5,1,6,1,4,7	13,20,27,24,17,28,22,16,22,14	3,3,0,0,6,4,2,5,3,1	22,34,14,18,32,20,27,12,22,18	150	75
3535	0,0,0,0,0,1,0,0,0,0	0,0,0,0,0,0,0,0,1,0	0,0,0,0,0,0,0,0,0,0	0,0,0,0,0,2,0,0,0,0	150	75
3537	0,2,1,3,4,2,3,2,4,3	0,2,2,2,4,1,0,0,0,1	3,3,1,1,2,4,1,3,1,1	0,0,0,4,1,1,0,1,0,0	150	75
3538	1,4,3,4,2,3,4,1,1,3	428,404,371,340,402,433,309,330,353,294	3,5,3,5,4,2,3,2,5,3	391,518,302,389,271,357,356,321,275,379	150	75
3539	0,1,1,0,0,1,1,0,0,1	158,172,162,147,144,159,137,129,138,161	1,0,0,2,1,2,0,1,2,0	151,163,127,153,136,143,155,158,168,163	150	75
3540	2,10,4,8,2,7,4,3,5,1	83,104,115,71,85,68,66,79,90,103	6,6,5,7,6,5,3,3,5,7	73,99,86,76,91,76,90,71,92,75	150	75
3542	3,0,8,2,2,4,2,5,3,4	0,1,0,2,3,2,2,0,3,2	7,2,6,5,3,0,1,3,3,2	3,3,1,0,0,0,3,2,2,1	150	75
3543	3,2,5,3,2,3,2,6,3,3	0,2,0,0,1,1,0,0,0,0	6,1,7,6,2,0,1,3,5,3	0,1,0,0,0,1,0,0,0,1	150	75
3544	1,0,4,0,1,5,5,1,0,3	0,1,2,0,2,1,0,0,0,1	2,2,0,3,3,2,5,2,1,1	3,0,1,0,0,0,0,0,0,0	150	75
3545	1,0,0,1,2,0,0,2,0,2	65,57,59,71,61,46,47,57,61,74	0,0,1,0,0,0,0,0,0,0	61,39,77,56,57,62,70,42,57,51	150	75
3546	19,10,24,15,20,17,15,9,9,28	24,17,17,18,21,18,8,18,10,14	9,24,14,20,17,18,22,16,13,10	16,29,22,12,13,24,14,10,14,7	150	75
3547	5,9,9,9,6,6,11,9,11,11	56,57,70,43,35,52,36,46,43,47	10,8,9,7,8,8,6,8,14,4	37,70,38,42,53,46,47,30,44,31	150	75
3549	1,2,1,1,1,1,1,0,0,1	119,112,109,110,113,96,114,73,106,110	2,3,1,1,1,0,0,1,1,2	128,103,104,99,119,104,101,107,103,90	150	75
3550	0,1,0,0,0,0,0,1,1,0	2,0,3,1,2,1,1,3,2,3	0,0,0,0,0,0,0,0,0,0	1,4,4,2,6,3,3,1,0,0	150	75
3551	4,8,5,1,3,5,1,2,2,4	1282,1203,1409,1164,1172,1210,1098,998,1077,1102	9,7,5,3,5,7,1,4,0,3	1170,1323,1131,1056,1169,1205,1259,1153,1141,1174	150	75
3553	5,3,2,3,4,2,5,3,4,1	99,73,104,86,76,81,77,70,81,84	4,10,4,6,2,3,7,7,2,4	87,75,86,81,94,101,88,74,88,62	150	75
3554	324,309,319,279,241,252,266,229,226,301	16,27,13,12,17,15,17,8,10,19	293,294,271,274,275,257,281,259,262,262	16,11,19,14,23,15,18,12,11,15	150	75
3555	1,0,0,0,0,0,1,0,1,0	26,22,18,36,13,18,19,20,15,20	0,0,0,0,0,0,1,0,0,0	17,20,23,19,33,21,17,30,19,15	150	75
3556	1,0,0,1,1,0,0,0,0,0	0,0,0,0,1,0,1,0,0,0	0,1,0,0,0,4,0,2,0,0	0,0,1,0,0,0,0,0,0,0	150	75
3557	4,2,3,9,6,3,4,1,3,2	100,92,129,77,82,118,78,66,62,90	5,2,3,3,2,4,3,0,3,4	92,103,90,90,79,87,66,81,83,81	150	75
3559	19,12,15,6,17,10,21,15,16,14	2,5,11,6,6,1,0,3,0,9	15,15,12,11,16,12,16,14,13,8	6,6,5,5,6,1,8,3,1,0	150	75
3560	41,39,45,33,44,31,29,32,31,23	0,0,0,0,0,0,0,0,0,0	25,32,34,44,30,32,42,32,45,35	0,0,0,0,0,0,0,1,0,0	150	75
3561	25,19,20,10,17,16,21,20,17,19	0,0,0,0,0,0,0,0,0,0	18,24,18,20,19,16,20,19,14,12	0,1,0,0,0,0,0,1,0,0	150	75
3562	19,13,14,6,15,12,18,15,15,14	24,37,37,28,24,30,24,17,35,37	13,15,12,11,12,11,15,14,12,8	26,54,32,43,37,14,34,21,21,19	150	75
3563	194,173,230,154,172,162,168,152,151,148	1,2,6,5,1,2,2,3,0,2	140,173,170,151,160,175,193,161,155,162	4,3,7,1,2,3,5,3,3,6	150	75
3564	8,4,3,3,1,0,4,4,5,1	56,42,58,51,51,53,47,48,43,55	9,6,1,0,1,1,0,1,4,4	36,54,41,40,62,42,57,48,50,53	150	75
3565	0,0,0,0,0,0,0,0,0,0	0,1,0,0,2,0,0,1,1,0	1,1,0,0,0,0,2,0,0,0	0,0,0,0,0,0,0,0,0,0	150	75
3567	0,0,0,0,0,0,0,0,0,0	30,20,20,17,22,22,16,25,26,19	0,0,1,0,0,0,0,0,0,0	21,26,26,27,19,24,29,20,25,15	150	75
3568	1,1,0,1,1,0,4,0,2,2	21,18,39,24,28,22,24,23,26,18	1,1,3,1,1,0,3,0,2,2	29,32,26,26,36,36,24,26,22,16	150	75
3569	8,10,13,8,10,4,9,9,12,9	118,95,117,114,88,99,78,90,101,90	10,8,5,3,2,16,3,8,10,12	65,106,80,102,87,94,101,90,75,77	150	75
3570	7,4,2,12,1,3,6,8,4,8	64,85,62,66,66,48,56,48,53,64	6,8,4,2,6,0,8,12,7,8	62,88,67,71,68,76,76,56,51,51	150	75
3571	6,4,1,7,1,3,6,7,4,6	0,0,0,0,0,0,0,0,0,0	7,6,2,4,10,0,8,15,8,10	0,0,0,0,0,0,0,0,1,0	150	75
3572	0,1,0,5,0,0,3,1,1,1	0,1,1,0,1,0,0,0,0,1	1,1,3,3,0,2,2,0,0,1	0,1,1,0,0,0,0,2,0,0	150	75
3573	0,5,1,0,3,1,1,2,2,1	13,5,12,9,6,10,3,5,8,3	3,4,0,0,0,2,0,1,0,1	10,13,11,7,11,7,10,9,6,4	149	75
3574	4,3,3,2,3,4,6,3,2,2	13,25,25,31,25,18,15,13,21,13	0,5,4,2,2,1,2,5,3,3	14,27,10,17,16,17,16,13,13,18	150	75
3575	4,10,14,10,11,7,9,10,6,9	13,7,6,4,4,8,6,9,8,6	5,5,12,6,11,7,10,11,5,10	8,10,9,7,5,14,4,4,6,6	150	75
3576	4,14,10,8,8,7,10,6,7,9	16,9,22,7,13,7,8,5,10,13	4,0,10,5,9,5,6,10,4,10	14,12,15,15,10,13,17,16,9,6	150	75
3577	0,2,0,0,1,1,0,0,0,0	4,4,3,0,5,1,1,1,5,2	0,0,0,0,0,0,0,0,1,0	1,5,4,4,3,8,4,3,2,8	150	75
3580	11,15,7,10,4,8,10,4,3,2	17,14,5,14,11,8,6,11,9,14	1,7,4,14,7,10,11,8,8,7	20,10,2,11,13,13,15,13,10,15	150	75
3581	11,15,9,10,3,8,12,4,5,4	0,1,0,0,1,0,1,2,3,1	1,7,4,15,7,14,13,10,9,12	0,2,2,0,0,1,1,1,2,1	150	75
3582	13,7,7,10,4,6,11,6,10,5	5,4,1,3,5,7,0,2,7,2	4,6,4,4,5,4,5,6,12,10	3,4,4,5,5,2,5,2,2,3	150	75
3583	1,1,0,1,0,0,1,1,0,0	22,25,28,19,21,15,12,28,26,25	0,0,0,0,0,2,1,0,1,3	28,27,19,11,17,23,22,23,20,21	150	75
3584	0,0,0,1,0,1,0,1,1,0	50,58,48,57,62,34,50,52,62,56	0,1,0,0,2,0,0,3,0,0	50,70,54,48,41,53,49,55,69,57	150	75
3585	1,0,0,2,0,0,1,0,0,0	92,92,84,89,82,83,91,81,90,97	1,0,0,0,1,0,3,1,0,0	67,85,110,103,82,91,106,98,80,68	150	75
3586	0,2,0,0,1,0,2,0,1,1	20,11,15,12,12,16,11,10,20,20	0,0,2,0,1,0,0,0,1,2	17,14,15,6,19,14,19,21,20,18	150	75
3587	3,6,7,1,8,1,4,2,10,2	83,86,85,73,67,61,58,67,79,81	4,8,1,4,3,8,3,5,4,2	89,102,58,70,68,99,62,63,72,53	150	75
3588	1,2,3,0,5,1,0,0,3,0	0,0,0,0,0,1,0,1,0,0	0,9,0,1,4,2,2,2,5,2	0,0,1,0,0,0,0,0,1,0	150	75
3589	3,3,5,9,5,5,6,9,3,3	89,73,83,51,59,56,58,69,94,89	9,10,4,5,4,8,6,2,5,3	81,115,83,79,61,106,71,66,64,52	150	75
3590	1,0,2,0,0,0,1,0,0,2	5,5,5,6,10,3,6,5,4,8	0,1,2,0,0,0,1,3,0,1	2,4,2,3,9,7,4,4,11,2	150	75
3591	0,5,3,0,0,0,2,0,0,2	3,1,1,2,1,0,1,0,0,2	2,3,2,2,1,2,1,4,0,2	3,2,2,2,2,5,2,2,1,0	150	75
3592	8,11,14,11,12,3,9,6,8,13	0,2,0,0,1,0,2,0,1,1	14,17,16,6,16,18,15,6,11,15	1,0,1,0,3,2,0,0,0,2	150	75
3593	0,1,0,3,0,0,1,0,0,1	13,9,7,7,6,9,5,9,6,9	0,3,0,2,1,0,1,0,1,2	2,2,2,2,7,12,13,12,4,8	150	75
3594	0,0,0,0,0,0,0,0,0,0	1,1,1,1,1,1,0,0,2,0	0,3,0,0,0,0,0,0,0,0	0,0,1,1,1,1,0,0,0,0	150	75
3597	1,0,1,0,0,0,1,2,0,1	3,0,0,2,0,0,2,0,0,0	0,0,0,3,2,1,0,0,1,2	0,0,0,0,3,0,0,0,2,0	150	75
3600	8,1,3,4,6,4,6,5,8,3	44,40,34,40,31,30,39,37,26,43	4,4,5,3,8,3,4,4,4,8	35,37,27,29,36,24,42,24,34,37	150	75
3601	447,443,478,428,442,453,421,440,380,442	0,0,0,0,0,0,0,0,0,0	380,550,439,355,319,426,349,356,317,356	0,4,0,0,1,1,0,0,0,0	150	75
3602	2,5,3,2,3,4,0,1,4,1	14,19,20,11,24,21,24,15,12,23	6,2,0,4,2,3,3,0,4,2	19,24,21,12,20,19,23,21,17,18	150	75
3603	24,18,18,13,20,19,16,21,15,14	2,3,1,1,2,0,1,1,1,2	15,29,21,20,9,16,18,11,18,15	0,4,2,6,4,0,0,2,3,7	150	75
3604	0,4,4,1,0,2,2,0,4,7	13,14,19,25,17,27,10,17,14,31	3,2,3,3,3,3,2,3,3,0	19,18,14,15,12,31,13,16,12,27	150	75
3605	3,4,3,5,3,5,4,3,2,6	50,42,38,27,27,31,33,38,40,49	3,10,2,5,4,4,2,1,5,5	37,40,22,34,40,41,35,41,45,31	150	75
3611	0,0,1,0,0,0,0,0,0,0	391,329,386,373,338,351,363,304,328,344	0,0,0,0,0,0,0,0,0,0	386,366,382,356,387,381,369,336,374,344	150	75
3612	11,12,7,13,15,7,7,5,4,8	46,34,45,32,29,42,54,39,27,24	9,12,8,10,13,7,8,9,12,12	48,37,28,28,43,48,32,23,23,20	150	75
3615	0,1,2,3,0,1,2,1,3,2	0,1,1,1,0,0,3,0,0,0	0,0,2,0,0,0,4,0,2,0	0,0,0,0,0,0,0,0,0,0	150	75
3616	0,0,0,1,3,1,1,0,1,1	42,54,41,35,47,49,35,40,32,47	0,1,0,1,0,0,6,2,3,0	30,38,29,34,37,36,30,41,43,32	150	75
3617	2,2,1,0,0,0,3,0,3,0	0,0,0,0,0,0,0,0,1,2	3,0,3,1,1,1,1,1,0,3	0,1,0,1,0,0,3,0,0,0	150	75
3620	10,2,5,3,2,4,5,3,4,1	24,29,41,22,23,23,15,17,25,38	3,6,2,4,2,2,5,3,2,4	34,26,26,23,15,29,34,21,37,26	150	75
3621	6,0,1,6,4,3,3,6,3,0	137,141,155,108,124,119,86,89,111,138	1,2,2,3,5,2,4,4,5,4	151,131,136,139,132,118,130,142,141,136	150	75
3622	14,13,10,9,11,6,13,12,3,11	191,182,200,175,172,188,144,126,164,188	3,15,12,8,12,10,13,10,10,19	186,224,198,165,197,173,193,184,203,189	150	75
3623	1,1,0,0,0,1,0,0,1,0	1,0,0,0,0,0,0,0,0,0	0,0,0,0,0,0,0,0,1,0	0,0,0,0,0,0,0,0,0,0	150	75
3624	1,1,0,0,0,1,1,0,1,0	14,10,12,8,11,17,8,11,6,24	0,1,0,0,0,0,0,0,0,1	11,21,14,5,9,19,7,6,9,15	150	75
3626	64,54,63,47,53,49,58,39,40,49	2,2,3,2,2,3,3,2,3,3	68,53,41,55,36,66,56,50,51,51	2,1,4,5,4,5,4,4,6,1	150	75
3627	0,2,0,0,0,1,0,0,1,0	141,131,139,106,142,139,108,90,87,113	1,0,1,0,0,2,1,0,0,0	110,147,111,120,113,106,145,111,123,119	150	75
3628	0,0,0,0,0,0,0,0,1,0	0,0,0,0,0,0,0,0,0,0	0,0,0,0,0,0,1,0,0,0	0,0,0,1,0,0,0,0,0,0	150	75
3630	1,0,3,0,0,2,2,0,1,2	100,115,119,126,88,103,78,86,92,107	1,0,0,0,0,0,5,0,2,0	78,91,88,85,99,99,123,90,103,88	150	75
3631	2,2,1,0,1,0,3,1,3,1	82,99,92,79,78,80,75,85,72,92	4,2,0,0,0,0,1,2,1,0	101,98,95,76,81,99,82,87,88,82	150	75
3633	0,0,0,0,1,0,1,0,0,0	13,9,15,9,9,12,13,12,13,8	0,0,2,0,0,0,0,2,1,0	11,10,10,10,8,11,10,25,10,12	150	75
3637	1,1,6,1,4,1,2,3,3,4	8,5,3,4,4,5,3,4,3,5	0,4,3,6,3,3,6,4,2,2	3,3,4,5,4,3,9,12,2,5	150	75
3638	0,0,0,1,0,0,1,0,1,0	15,25,9,8,12,6,8,12,17,12	0,0,0,0,0,0,0,1,0,0	7,10,11,19,5,7,9,8,12,9	150	75
3639	1,0,0,0,0,0,1,0,0,0	5,8,12,5,4,4,4,4,4,6	0,0,0,0,0,1,1,0,2,1	7,3,4,5,5,4,6,13,6,9	150	75
3641	0,2,0,0,0,0,0,0,0,1	77,66,79,50,48,59,39,45,48,66	0,1,0,1,0,0,0,0,0,0	57,68,63,49,69,51,56,59,57,55	150	75
3642	1,2,1,2,2,2,1,0,0,0	3,2,3,1,0,3,4,1,3,1	0,0,3,1,0,0,2,0,1,1	0,2,0,2,3,2,1,1,4,2	150	75
3643	7,5,6,6,5,6,4,3,5,3	31,18,26,27,32,28,19,21,21,19	3,7,3,7,4,5,4,5,3,3	21,20,25,17,20,22,28,21,26,13	150	75
3644	1,0,4,2,2,1,1,3,1,2	216,208,242,217,219,210,192,170,227,230	3,1,2,4,0,1,0,3,4,1	183,194,194,192,234,233,194,210,188,193	150	75
3645	48,37,36,24,29,36,18,32,39,19	58,62,65,58,78,43,49,57,37,50	25,33,28,29,16,25,21,44,29,27	50,64,55,42,46,51,66,57,49,58	150	75
3646	24,28,22,38,29,35,15,26,44,28	53,47,64,45,55,46,38,47,41,49	32,20,25,20,21,16,30,30,32,25	42,37,38,41,37,51,38,37,47,32	150	75
3648	5,14,11,10,9,8,8,6,9,6	135,153,145,144,143,140,132,115,143,156	9,13,5,7,10,10,16,9,9,7	136,197,147,137,135,160,136,135,118,129	150	75
3649	1,4,3,0,3,0,0,0,0,2	0,0,2,1,0,2,0,0,0,0	0,3,0,0,3,4,0,2,3,2	0,0,0,0,0,2,0,0,2,0	150	75
3652	3,1,3,1,4,0,4,7,4,5	0,0,0,0,0,0,0,0,0,0	5,2,4,3,5,5,3,11,4,8	0,0,0,1,0,0,0,2,0,0	150	75
3653	7,2,7,6,11,6,8,11,7,1	42,40,49,28,28,32,33,38,45,22	2,5,3,6,4,11,9,3,4,7	41,36,41,38,34,40,36,34,31,28	150	75
3656	1,2,0,4,2,2,0,2,0,2	3,0,3,2,0,1,1,4,0,0	3,1,2,2,2,2,0,1,3,3	3,0,0,2,0,2,0,1,1,2	150	75
3657	114,120,128,117,105,94,122,114,123,102	152,164,153,124,153,154,142,122,155,157	91,115,80,85,78,124,103,104,103,122	166,203,129,137,133,179,152,123,170,131	150	75
3658	6,12,7,7,10,15,4,12,4,9	54,44,60,48,51,54,48,43,39,53	9,9,6,8,12,4,8,10,4,6	48,47,43,62,51,37,53,43,67,52	150	75
3659	4,10,7,3,8,14,4,10,3,9	0,0,2,1,0,0,0,0,0,0	7,9,5,8,5,7,7,9,5,4	0,1,0,1,0,0,1,0,0,1	150	75
3660	5,4,3,4,2,3,3,3,7,1	60,47,62,43,50,61,54,38,47,45	7,3,8,4,12,6,4,5,3,7	47,64,36,49,52,48,66,38,40,51	149	75
3664	85,125,93,104,74,94,104,106,108,91	3,1,3,2,2,7,0,4,2,2	85,109,98,119,91,106,96,103,100,84	2,3,3,4,1,1,7,3,3,3	150	75
3665	0,0,0,2,0,1,0,2,1,0	32,32,36,46,50,32,35,32,41,34	0,1,1,0,0,1,1,1,0,0	32,41,38,35,29,48,36,45,42,35	150	75
3666	0,0,0,0,0,0,0,0,0,0	3,3,6,10,9,3,3,3,7,10	0,1,0,0,1,0,0,0,0,0	6,6,5,13,5,8,5,4,4,4	150	75
3667	1,1,6,1,0,1,0,4,0,3	56,46,49,32,52,44,29,39,28,38	0,1,2,2,0,1,3,1,0,0	43,32,28,38,47,33,37,36,31,39	150	75
3668	0,1,1,3,0,0,1,1,2,2	22,33,21,21,20,27,27,20,17,21	0,1,0,1,0,1,0,3,0,1	15,26,22,21,17,20,24,18,20,17	150	75
3669	14,19,13,5,13,10,14,15,16,16	10,7,3,9,5,8,6,5,12,8	12,11,3,9,13,4,13,21,12,9	8,10,8,4,11,9,4,9,9,12	150	75
3670	1,1,0,0,0,2,1,0,2,0	1,2,1,1,2,4,0,1,0,0	1,0,1,0,1,1,0,0,1,4	2,0,0,0,1,1,2,3,4,2	150	75
3671	0,3,0,0,2,1,2,4,3,4	0,0,0,2,1,1,5,3,1,0	2,3,3,0,3,1,2,0,2,4	1,0,0,0,0,1,2,0,1,1	150	75
3672	4,11,2,7,2,3,4,3,11,5	2,2,0,1,0,2,0,1,0,1	4,3,5,3,5,2,4,7,9,4	1,1,0,0,2,1,0,2,1,0	150	75
3673	4,11,2,6,2,3,4,3,11,4	2,2,0,1,1,4,2,1,1,5	4,3,5,3,5,2,4,7,8,4	1,2,0,3,1,1,1,2,3,1	150	75
3674	30,44,31,31,38,26,40,31,52,42	0,1,0,1,0,4,0,0,1,1	33,45,47,30,48,43,37,54,30,50	0,1,1,1,1,1,1,0,3,0	150	75
3675	30,44,31,30,38,26,40,31,52,41	0,0,0,0,0,0,0,0,0,2	33,45,47,30,48,43,37,54,29,50	0,2,0,0,1,0,1,0,0,1	150	75
3676	14,15,16,13,18,14,11,11,11,10	4,1,1,2,3,1,1,1,0,1	11,16,20,15,18,14,16,10,9,18	2,1,1,0,2,1,0,0,0,0	150	75
3677	56,45,58,58,57,71,56,63,67,56	4,0,0,1,0,2,0,2,1,1	58,53,57,66,61,59,62,62,57,61	0,1,1,1,1,0,1,1,1,0	150	75
3678	1,1,0,0,2,1,0,0,0,0	95,93,110,90,79,87,65,80,86,84	0,1,0,0,0,1,0,2,0,1	82,96,72,70,90,86,90,95,103,82	150	75
3679	1,2,6,1,3,1,5,1,0,1	143,152,157,133,140,163,135,112,139,125	2,2,5,5,3,1,2,4,10,4	140,176,128,133,144,159,151,141,168,131	150	75
3680	0,1,1,1,1,0,2,0,1,1	6,12,11,17,8,15,7,3,5,11	2,2,0,1,0,0,0,0,0,1	12,16,5,8,11,12,5,9,8,4	150	75
3681	1,1,1,1,3,0,1,0,2,0	1,0,0,0,2,0,2,0,1,0	0,0,1,1,1,0,0,0,1,1	1,0,3,0,1,0,1,0,0,0	150	75
3682	3,2,4,6,3,2,3,4,2,2	51,49,53,48,66,39,34,47,40,57	3,2,0,4,8,5,4,6,4,1	45,33,50,48,46,46,55,39,47,32	150	75
3683	2,0,0,0,1,1,0,1,0,0	35,41,40,31,38,25,18,32,37,43	0,1,0,0,0,0,0,0,0,1	51,39,37,23,39,26,34,24,31,20	150	75
3684	1,1,0,0,1,0,1,0,0,0	34,31,37,24,30,28,26,39,23,31	0,0,0,0,1,0,0,0,1,0	28,29,29,32,29,33,27,27,37,29	150	75
3685	0,0,1,1,0,2,0,2,0,0	20,22,32,23,15,18,18,17,28,15	0,0,2,0,0,1,1,1,0,1	18,21,26,18,27,25,24,32,13,24	76	75
3686	0,1,6,4,4,2,1,5,3,3	2,4,3,1,2,2,3,0,2,5	4,2,4,3,1,0,1,1,5,1	1,6,2,1,8,6,1,3,8,3	150	75
3687	0,3,1,3,3,3,3,3,2,3	71,103,93,95,99,68,69,59,79,79	0,4,3,5,2,2,1,2,1,1	101,101,72,89,94,79,80,96,78,97	150	75
3689	0,0,0,0,0,0,0,0,1,0	0,1,0,0,1,0,2,1,1,0	0,0,0,0,0,0,0,0,0,0	0,0,1,1,0,0,1,0,0,2	150	75
3690	1,1,0,2,0,0,2,1,0,0	128,136,135,110,117,97,113,99,100,109	0,1,0,0,0,0,0,1,0,0	112,108,109,97,120,132,129,103,110,93	150	75
3691	3,3,4,7,2,6,3,3,9,3	30,34,35,27,30,21,25,36,24,30	7,8,8,5,4,12,4,4,6,1	20,31,21,27,26,37,35,27,26,38	150	75
3692	3,2,7,3,5,4,12,9,9,4	39,36,31,38,43,29,34,23,33,32	4,5,5,4,3,9,9,9,3,6	41,34,38,34,35,18,29,22,46,27	145	75
3694	8,18,9,13,8,12,10,5,9,5	57,62,66,49,55,56,42,32,49,58	5,13,8,13,5,5,8,10,7,17	56,39,42,62,54,50,50,48,48,44	150	75
3695	0,0,1,1,1,1,2,1,0,0	37,49,38,47,30,45,33,34,34,27	1,0,2,2,0,0,1,2,0,2	26,30,32,51,35,30,39,32,31,37	150	75
3696	37,47,41,41,24,29,39,30,36,23	1,1,0,2,1,1,0,2,0,4	34,39,34,36,32,38,43,39,31,39	0,1,0,0,3,3,0,0,0,1	150	75
3697	6,2,1,4,1,0,8,1,2,1	19,25,34,29,32,37,19,22,36,28	3,0,4,2,6,2,2,0,6,1	24,24,24,26,23,54,28,32,25,32	150	75
3698	2,1,0,0,0,1,0,0,0,0	31,30,32,34,31,42,44,37,34,47	0,1,0,0,1,0,0,3,0,2	31,41,47,31,40,38,42,43,34,29	150	75
3700	0,1,0,3,0,1,3,0,2,1	30,18,26,18,19,19,20,15,10,19	0,0,0,1,0,1,0,0,2,2	34,27,25,19,22,15,17,18,34,26	150	75
3701	4,5,5,2,1,2,0,3,3,1	0,0,0,0,0,2,0,1,0,1	3,1,0,2,3,0,1,0,0,0	0,0,0,0,1,0,0,0,0,0	150	75
3702	53,40,48,36,33,40,37,38,38,33	14,12,18,12,17,17,10,13,14,17	45,40,37,29,37,38,35,29,32,27	14,11,4,9,11,19,8,10,13,9	150	75
3703	1,4,0,0,0,0,2,1,1,1	0,2,0,0,3,0,0,2,2,0	2,1,1,2,1,1,2,2,2,0	0,1,2,0,0,3,0,1,0,1	150	75
3704	0,2,0,0,0,0,0,0,0,0	96,79,95,51,67,60,72,52,73,49	0,0,0,3,0,1,0,2,1,0	58,70,73,76,83,93,67,56,61,73	150	75
3705	28,16,22,24,23,29,23,12,16,25	0,0,2,0,0,2,0,0,1,0	33,30,26,32,30,24,31,24,34,23	0,4,0,1,0,1,0,1,0,0	150	75
3707	2,4,6,4,2,5,4,4,5,0	2,1,3,2,2,1,2,7,2,2	4,10,5,7,2,4,3,4,3,2	3,4,3,2,2,0,2,3,2,4	150	75
3708	0,2,1,1,3,0,0,2,1,1	5,6,2,4,3,3,1,5,4,4	1,2,1,1,1,2,0,4,5,2	2,3,9,5,1,1,4,5,3,7	150	75
3709	3,1,0,0,1,3,0,3,5,1	0,0,0,1,0,0,0,0,0,0	1,1,3,1,1,0,2,1,2,2	1,0,0,0,0,1,0,1,0,0	150	75
3710	3,2,0,1,2,6,2,2,5,0	6,3,6,5,7,7,4,6,7,4	2,1,3,0,1,0,2,0,0,3	3,13,3,8,6,7,3,6,4,5	150	75
3711	0,1,1,0,0,0,2,1,0,1	84,107,97,84,82,95,68,74,93,75	0,1,1,0,1,0,0,5,3,0	88,85,112,80,98,77,97,97,101,85	150	75
3712	0,2,1,0,0,0,2,1,0,1	16,33,28,20,24,27,20,18,16,17	0,1,1,0,1,0,0,5,3,0	22,20,26,21,23,27,26,26,28,23	150	75
3713	12,15,20,20,17,8,11,12,10,16	63,40,45,42,40,50,45,37,46,44	18,11,18,15,17,15,16,15,19,16	65,48,46,62,48,43,49,57,57,51	150	75
3715	216,180,224,175,196,172,169,152,167,188	0,0,0,0,0,0,1,0,0,0	165,185,191,168,203,221,182,204,183,150	0,0,0,0,0,0,0,0,0,0	123	75
3716	2,2,3,0,0,0,4,1,0,1	91,80,83,73,63,78,71,71,64,80	1,1,2,0,1,0,0,1,0,2	87,77,70,82,81,66,63,68,82,102	150	75
3717	4,4,4,2,2,1,3,1,3,1	64,56,72,57,62,59,57,62,55,82	1,1,1,1,2,0,1,3,3,0	62,76,84,60,74,54,64,53,65,67	146	75
3718	1,3,0,1,1,1,0,0,1,1	112,79,81,80,76,117,77,71,76,83	1,0,0,0,3,0,1,0,0,0	78,86,82,81,97,98,91,64,93,85	150	75
3719	0,0,0,0,0,0,0,0,0,0	94,81,90,63,81,72,61,63,73,87	0,0,0,0,0,0,1,0,0,0	72,82,95,73,70,78,90,67,100,59	150	75
3720	2,1,0,6,2,1,4,2,2,1	31,42,39,29,42,25,42,21,29,18	1,2,0,1,1,2,3,1,1,2	26,30,27,34,33,27,39,21,25,26	150	75
3721	2,1,0,4,0,0,3,1,2,1	1,0,1,0,0,0,1,0,1,0	1,3,1,1,1,2,2,2,2,0	0,0,0,0,0,0,2,0,0,1	150	75
3722	1,2,2,3,2,3,4,1,1,2	64,53,62,64,75,53,70,57,43,55	3,2,4,3,2,0,0,3,0,0	49,59,66,52,49,46,68,41,53,50	150	75
3724	0,0,1,0,0,0,1,0,3,0	72,65,71,65,56,67,50,62,73,72	1,2,0,0,0,1,1,3,0,2	70,75,71,54,69,62,64,63,69,63	150	75
3725	4,7,2,2,4,5,3,4,6,4	156,152,208,138,140,150,130,133,152,160	4,4,0,5,2,2,5,1,2,4	146,143,168,174,161,155,178,137,156,147	150	75
3726	0,2,3,2,3,0,1,1,3,5	39,45,62,52,37,46,28,28,45,50	0,1,0,0,0,4,1,2,2,3	37,51,36,43,37,53,44,42,42,38	150	75
3727	1,3,4,2,4,1,1,1,4,6	105,77,89,68,92,93,66,67,74,92	0,4,1,0,3,7,3,3,2,4	69,89,88,89,94,75,75,86,65,98	150	75
3728	4,3,0,1,0,1,1,2,2,2	4,0,3,3,2,1,1,1,1,2	0,2,3,4,0,0,0,1,0,0	0,2,0,1,0,4,0,0,2,0	150	75
3729	4,3,6,2,2,2,6,4,0,3	0,0,1,0,0,0,0,0,0,0	0,2,2,0,1,0,2,1,1,1	0,0,0,0,0,0,0,0,0,1	150	75
3731	2,4,1,0,3,3,3,6,2,5	0,0,0,0,0,0,0,0,0,1	1,1,2,2,4,3,3,2,1,1	0,0,1,0,0,0,0,0,0,0	150	75
3732	0,0,0,6,0,0,5,1,1,0	6,2,9,9,2,7,10,7,5,2	3,0,0,0,1,0,2,0,1,0	9,1,0,5,1,4,13,1,7,4	150	75
3734	1,2,1,2,0,0,0,0,0,0	51,45,65,32,45,35,35,47,35,31	0,0,1,0,1,2,4,0,0,0	38,45,33,36,34,40,54,32,22,20	150	75
3735	0,0,2,0,1,0,0,0,0,0	1,4,0,3,5,3,0,5,2,3	0,0,0,0,0,0,0,0,0,0	2,10,2,3,2,9,0,5,2,1	150	75
3738	5,2,5,6,0,2,6,1,3,2	803,753,775,696,791,783,707,673,676,760	3,1,1,2,0,4,2,8,5,1	799,792,699,701,671,738,795,765,780,772	150	75
3739	4,2,7,4,2,1,5,3,3,3	1,0,0,0,0,0,0,0,1,0	3,2,1,0,0,4,2,4,6,2	0,0,1,0,0,0,0,0,0,0	150	75
3740	59,61,54,62,44,55,51,61,48,77	0,2,0,1,0,0,0,0,0,0	41,54,56,50,61,58,65,35,61,64	0,0,1,0,1,0,0,1,0,1	150	75
3741	1,3,1,4,1,1,5,3,2,7	121,114,136,139,116,119,105,100,102,117	3,1,1,4,1,0,3,1,1,8	114,118,147,118,131,128,118,124,123,109	150	75
3744	0,1,0,0,1,0,0,0,3,0	1,0,0,0,0,0,0,0,0,0	0,1,0,0,0,0,0,0,0,0	0,0,0,0,0,0,0,0,0,0	150	75
3745	0,1,0,0,0,0,0,0,0,1	6,7,1,2,5,3,6,2,4,10	0,1,0,0,0,0,1,0,0,0	5,5,3,4,10,6,1,7,1,6	150	75
3746	4,3,2,0,0,1,0,0,0,0	25,18,26,19,17,30,19,18,18,17	1,0,0,1,0,1,2,1,0,0	22,22,20,25,20,24,32,19,18,13	150	75
3747	4,4,6,4,4,7,6,10,3,6	6,10,12,7,7,8,10,4,9,14	4,3,1,7,3,4,8,0,6,6	8,5,9,6,12,10,8,6,3,7	150	75
3748	10,10,1,16,4,9,10,5,6,7	19,16,10,24,14,19,11,14,6,18	6,8,10,4,12,15,7,8,9,10	13,16,16,16,7,6,11,13,10,17	150	75
3749	2,0,2,1,1,2,2,0,0,0	41,39,29,34,20,30,31,22,19,31	1,2,2,1,5,1,6,4,1,0	21,22,25,32,15,21,25,28,23,22	150	75
3750	1,1,0,1,0,2,2,2,1,0	25,21,13,23,17,10,17,22,11,22	0,2,1,1,0,2,2,3,0,0	19,15,13,16,15,17,12,15,22,18	150	75
3751	10,12,10,16,11,9,14,16,16,4	690,667,640,575,575,597,556,537,553,585	19,26,13,15,14,11,9,19,8,17	600,681,550,540,653,628,655,533,515,588	150	75
3752	7,12,13,12,3,1,12,12,11,14	0,0,1,0,2,1,1,0,0,0	18,13,5,9,5,11,8,5,5,7	1,0,0,0,0,1,0,0,0,1	150	75
3753	28,37,31,31,17,19,44,29,25,35	985,1057,1036,877,874,1004,931,843,898,937	34,36,22,31,25,15,25,25,27,38	907,941,871,857,984,946,990,834,888,992	150	75
3754	0,4,0,3,2,0,3,1,1,0	62,67,60,56,63,39,43,50,76,48	1,2,0,1,1,2,2,1,1,2	43,63,48,53,71,54,50,50,52,46	150	75
3755	5,3,4,2,3,4,3,2,1,1	98,84,112,108,86,92,59,60,84,80	5,2,0,2,5,1,2,0,2,1	73,104,65,84,84,96,91,80,80,75	150	75
3756	2,4,3,2,1,1,0,1,2,0	674,656,650,587,562,596,530,518,594,621	1,0,1,0,0,1,2,0,1,0	597,651,464,569,558,556,609,607,546,505	150	75
3757	1,1,2,0,1,0,4,3,3,0	46,53,66,39,46,65,52,52,47,48	1,4,2,2,0,3,1,0,0,1	54,53,30,54,46,56,56,56,42,38	150	75
3758	15,9,11,12,3,11,11,10,11,10	65,57,46,48,50,68,36,64,42,52	10,15,6,17,11,10,5,9,10,15	44,48,37,41,38,42,54,56,44,52	150	75
3759	0,1,0,1,2,1,4,2,3,0	7,2,1,7,3,1,4,3,5,2	1,0,0,2,1,1,0,1,3,0	7,3,4,1,2,2,5,4,1,2	150	75
3764	144,126,129,108,132,127,81,89,101,116	2,3,2,1,3,2,0,0,0,0	129,136,101,115,120,123,101,115,94,107	4,3,2,0,2,1,0,0,2,0	150	75
3765	0,0,2,0,2,1,0,2,1,4	0,0,0,0,1,0,0,0,1,0	0,4,0,0,2,0,5,2,0,1	0,0,0,0,0,0,0,0,0,0	150	75
3767	0,3,1,0,0,0,2,1,0,0	1,0,0,1,0,0,1,0,0,0	1,2,0,0,1,4,0,0,2,1	0,2,0,3,2,3,0,0,1,1	150	75
3770	0,0,1,1,2,0,0,6,2,0	2,7,4,11,6,2,4,5,1,0	0,0,2,0,4,0,2,0,0,4	2,3,2,3,7,1,5,3,4,4	150	75
3771	4,2,7,5,1,1,4,7,5,3	115,126,113,114,80,131,88,71,88,121	3,11,2,3,1,4,5,7,2,8	127,130,119,87,114,102,82,85,111,98	146	75
3773	2,3,1,2,1,0,2,0,1,5	219,253,224,188,212,225,220,166,188,219	5,4,4,7,0,2,2,2,3,0	205,254,260,196,207,235,240,187,222,216	150	75
3775	2,1,0,2,3,1,3,2,1,0	93,73,87,77,57,78,57,66,55,70	1,2,0,1,1,3,0,5,4,1	66,55,63,57,66,74,71,55,66,56	150	75
3776	0,0,1,1,2,0,0,2,1,3	51,60,75,48,55,73,42,52,37,47	3,1,0,1,1,1,0,0,2,1	53,53,51,43,59,50,53,62,40,50	150	75
3777	0,0,2,2,0,1,0,0,0,1	1113,1049,1173,932,923,1088,827,848,956,1013	0,0,0,0,0,0,0,0,0,1	910,1142,865,969,1109,1086,1055,917,872,968	150	75
3778	0,0,2,0,0,0,0,0,0,1	991,939,957,856,825,921,754,740,846,873	0,0,0,0,2,2,2,0,0,0	804,891,794,790,849,964,930,871,775,870	150	75
3779	4,2,1,1,1,1,4,4,3,1	12,9,13,9,12,11,13,8,6,13	2,1,2,0,2,4,2,7,0,4	3,11,6,7,10,6,10,13,14,11	150	75
3780	6,2,3,1,1,2,3,5,5,2	0,0,0,0,0,0,0,0,1,0	3,3,3,0,5,4,2,9,0,6	0,0,0,0,0,0,0,0,0,0	150	75
3781	3,1,0,0,0,1,0,0,0,0	11,3,13,3,11,13,7,4,5,20	0,0,2,0,0,0,1,0,0,0	5,14,11,6,10,8,13,7,16,11	150	75
3782	0,0,0,0,0,0,0,0,0,0	54,80,58,66,56,59,47,61,61,50	0,0,1,0,0,0,0,0,0,0	60,56,67,65,62,65,66,74,68,54	150	75
3783	382,448,395,417,338,426,344,274,289,393	307,333,360,365,303,331,266,258,251,291	384,396,371,337,421,372,388,365,312,305	369,316,348,313,347,323,284,307,315,272	150	75
3784	12,18,11,13,11,15,17,8,17,9	11,23,20,16,15,20,20,14,17,15	15,17,12,9,17,17,17,14,17,16	20,15,14,20,21,26,19,11,16,5	150	75
3785	9,16,10,11,9,11,14,8,14,6	42,47,52,30,29,33,36,26,35,38	12,16,11,7,14,17,12,9,15,15	49,38,34,40,34,37,29,38,38,37	150	75
3786	4,6,2,6,2,3,7,6,8,2	5,2,6,4,5,8,0,4,4,1	5,5,4,2,7,1,6,3,3,6	2,4,5,2,3,3,7,4,4,6	150	75
3787	4,0,2,2,2,1,4,5,4,2	0,0,0,0,0,0,0,0,1,0	1,3,5,5,0,5,0,4,1,0	0,0,0,0,0,0,0,0,0,0	150	75
3788	4,0,2,2,2,1,4,5,4,2	29,23,29,21,21,28,31,22,29,20	1,3,5,5,0,5,0,4,1,0	31,43,17,21,19,36,29,32,19,21	150	75
3789	1,2,3,1,0,0,2,6,1,4	156,124,153,120,130,143,102,87,119,149	1,1,1,3,1,0,0,2,0,2	160,141,114,118,133,122,152,125,120,120	150	75
3792	226,197,192,201,205,156,158,148,208,195	0,1,0,0,0,0,0,0,0,0	232,183,159,170,180,205,214,181,221,129	0,0,0,0,1,0,1,0,0,0	150	75
3793	6,6,9,7,4,5,6,5,8,8	32,43,36,24,36,39,33,36,33,39	10,12,5,5,11,0,3,4,5,9	34,38,38,27,28,37,30,33,30,25	150	75
3794	0,1,0,0,0,0,0,1,0,0	35,30,50,37,37,44,37,33,36,34	1,0,0,2,0,0,0,1,1,1	30,48,28,23,24,38,34,23,28,30	150	75
3795	0,0,0,1,0,0,0,0,0,0	25,17,17,19,22,8,11,23,25,23	0,0,0,0,0,0,0,0,0,0	17,31,23,13,20,18,25,17,14,15	150	75
3796	5,4,8,2,4,2,5,5,4,5	449,461,387,367,352,416,360,358,359,365	3,7,5,2,3,3,3,1,8,6	370,445,372,377,376,427,427,412,411,347	150	75
3797	0,0,3,1,0,1,2,2,0,1	0,0,0,0,1,0,0,0,0,0	0,1,2,1,1,0,0,1,0,5	0,0,0,0,0,0,0,0,0,0	150	75
3798	3,6,7,6,3,4,7,9,8,5	4,7,8,9,1,6,7,6,5,4	6,2,5,4,7,4,4,7,3,9	8,2,5,9,9,10,6,6,9,0	150	75
3799	0,0,2,2,2,0,2,0,0,1	0,1,0,1,2,0,0,1,0,1	0,2,2,1,1,0,1,0,1,3	0,0,0,1,0,0,0,0,1,0	150	75
3800	0,0,2,2,2,0,1,0,0,1	21,19,31,14,20,24,22,14,27,23	0,1,1,1,1,0,1,0,1,2	23,27,8,28,19,17,19,19,17,20	150	75
3801	3,3,2,3,4,0,1,2,2,3	0,0,0,0,0,0,0,1,0,0	1,3,3,2,2,5,3,6,2,4	0,0,0,1,0,0,0,0,0,0	150	75
3802	0,1,0,0,0,0,0,0,1,0	5,7,11,5,6,1,7,5,7,14	1,0,0,0,0,2,0,0,0,0	10,9,7,3,3,15,5,7,2,6	150	75
3808	26,25,26,37,17,29,19,21,28,19	100,136,125,112,130,126,99,90,115,124	17,26,16,28,21,23,21,14,28,29	96,114,117,75,126,115,137,89,100,62	150	75
3811	0,1,1,0,2,1,1,0,0,0	350,398,322,259,248,295,308,250,311,274	1,0,0,0,2,0,0,0,0,0	278,314,263,262,326,254,267,187,237,228	150	75
3812	85,51,69,94,71,63,83,78,77,53	5,8,8,2,5,3,2,5,3,1	67,107,58,90,56,81,43,68,122,94	6,2,1,4,5,4,0,1,1,2	150	75
3814	3,5,9,2,5,2,11,4,1,2	17,25,34,19,23,15,20,20,26,26	4,5,6,5,4,12,10,4,8,2	35,27,28,27,22,13,23,32,31,7	150	75
3816	4,2,1,0,0,0,1,3,4,4	1,1,0,1,0,0,0,0,1,1	3,2,2,4,0,2,1,0,0,3	1,0,0,1,0,0,0,0,0,0	150	75
3817	4,2,1,0,0,0,1,3,4,4	21,29,13,7,10,11,20,15,26,15	3,2,2,4,0,2,1,0,0,3	11,21,8,17,12,14,18,12,14,11	150	75
3818	0,3,0,0,2,1,0,0,0,1	0,4,2,3,2,4,3,0,2,0	1,0,0,0,1,1,0,0,0,0	3,4,3,3,1,2,2,4,3,1	150	75
3819	0,1,0,0,0,1,0,1,1,0	2,6,4,4,3,1,3,4,3,2	0,0,1,0,0,0,0,0,0,1	1,2,3,4,3,2,4,7,6,1	150	75
3820	1,1,0,0,0,0,2,1,0,0	0,2,2,0,0,0,1,5,1,0	0,0,0,0,0,0,0,0,0,0	2,2,1,1,4,2,3,0,1,2	150	75
3821	0,1,1,0,0,0,2,0,0,0	1,4,1,0,2,3,0,4,2,0	0,0,0,0,0,0,0,0,0,0	0,2,1,1,1,2,3,1,3,2	150	75
3822	0,1,0,0,0,0,2,0,0,0	3,6,4,0,3,2,2,6,1,4	0,0,0,0,0,0,0,1,0,0	6,7,0,2,4,4,3,1,1,2	150	75
3823	0,0,0,0,0,0,0,0,0,0	0,1,2,2,2,6,3,3,5,1	0,0,0,0,0,0,0,2,0,0	1,5,7,0,1,2,1,1,2,2	150	75
3825	1,4,0,1,3,3,1,5,2,1	49,30,48,48,51,36,44,38,37,41	2,2,0,2,3,6,5,0,0,1	52,58,40,46,36,71,46,44,49,44	150	75
3827	8,15,5,14,3,19,9,14,11,14	0,0,1,0,4,1,0,0,0,0	7,10,5,10,10,7,13,9,7,10	0,0,0,1,0,3,1,0,0,0	150	75
3828	10,14,6,15,2,18,10,15,11,16	0,1,1,0,2,4,1,4,1,3	7,12,6,9,11,8,15,7,8,10	1,0,0,3,2,3,1,1,4,1	150	75
3829	0,2,0,3,1,4,0,1,1,2	43,23,19,25,26,31,21,22,28,20	3,3,1,2,0,0,1,0,0,1	31,22,16,24,19,22,37,20,20,33	150	75
3831	0,0,0,0,0,1,1,0,0,0	41,66,48,54,46,49,53,58,46,44	0,0,0,1,0,0,0,0,0,0	45,46,48,50,51,40,53,51,48,40	150	75
3832	2,1,3,4,5,1,4,4,4,4	79,61,78,69,55,66,72,68,53,46	2,5,2,7,3,3,2,2,2,3	56,67,59,70,59,68,52,67,72,70	150	75
3833	25,23,17,24,22,24,34,38,46,21	41,35,44,39,37,21,36,26,32,25	19,36,18,25,21,20,16,19,37,33	24,31,34,34,30,45,28,38,34,29	150	75
3834	16,15,16,17,20,7,27,13,18,10	30,38,45,27,38,32,40,33,36,32	13,10,16,15,6,9,10,12,29,20	40,44,41,42,32,56,30,27,36,34	150	75
3835	121,123,110,110,108,94,136,109,117,119	29,21,19,26,18,19,20,22,25,21	99,115,116,107,114,112,118,107,129,122	19,17,22,15,15,27,20,26,15,22	150	75
3837	43,26,44,36,35,29,36,52,31,33	0,0,0,0,0,0,0,2,0,0	32,36,38,34,42,42,30,40,24,36	0,0,0,0,0,0,0,0,1,0	150	75
3841	11,6,2,4,8,8,4,1,2,7	7,11,12,6,12,9,8,9,11,16	4,3,3,8,1,1,8,0,6,5	10,8,7,6,6,12,13,8,12,8	150	75
3843	2,3,2,2,2,3,3,5,0,3	5,4,2,5,1,5,4,2,4,3	0,2,0,2,0,2,2,3,2,1	1,4,4,6,3,3,4,7,0,2	150	75
3844	0,1,1,0,0,0,0,0,0,1	0,0,0,0,0,0,0,0,1,0	0,0,0,0,0,0,0,0,0,0	0,1,0,0,0,0,0,0,0,0	150	75
3845	1,3,5,4,1,3,1,4,3,5	28,29,34,21,14,31,20,20,12,28	2,3,5,5,2,3,5,5,0,1	26,24,23,27,20,26,14,21,19,23	150	75
3846	1,0,1,2,1,1,1,1,1,0	5,3,4,2,4,9,3,7,6,4	0,4,1,0,0,1,0,0,1,1	8,0,2,3,6,4,5,3,4,3	150	75
3847	0,1,0,0,0,1,0,0,1,0	0,0,0,0,0,0,0,0,0,0	2,0,0,0,0,0,0,0,0,0	0,0,0,0,0,0,0,1,0,0	150	75
3848	1,2,1,0,0,0,0,0,1,0	7,7,9,10,5,8,9,4,6,6	1,3,0,2,0,1,1,0,0,0	5,7,4,5,7,4,8,8,5,8	150	75
3849	74,62,64,54,63,40,51,45,52,63	0,0,0,0,0,0,1,2,0,0	53,70,61,38,50,54,44,38,48,36	0,0,0,0,1,0,0,1,0,0	150	75
3850	75,69,67,61,65,41,54,51,54,65	10,3,3,6,10,6,5,2,2,4	58,71,61,40,52,61,44,39,49,37	9,6,7,3,2,4,4,2,4,2	150	75
3851	5,14,9,13,9,4,8,10,10,10	25,32,38,23,16,27,22,23,26,20	9,7,8,10,12,13,5,4,10,9	13,17,29,17,28,25,27,24,24,14	150	75
3852	0,0,1,0,2,1,0,0,0,0	0,0,0,0,2,0,0,2,0,0	0,0,1,1,0,0,1,0,0,0	0,1,0,0,0,1,0,0,0,0	150	75
3853	0,0,0,0,0,1,0,1,0,0	38,61,40,63,37,41,51,42,54,56	1,0,1,0,0,0,0,0,2,0	39,50,42,49,39,58,36,46,43,39	150	75
3854	17,15,19,14,8,19,15,16,19,21	1,0,0,0,0,0,0,0,0,0	8,14,19,10,13,14,18,19,16,7	0,1,0,0,0,0,0,0,0,0	150	75
3855	2,1,0,3,2,0,6,4,6,2	21,17,13,15,11,5,14,6,25,16	7,1,2,3,1,1,2,1,1,4	10,15,9,11,23,20,17,20,10,11	150	75
3856	14,20,17,20,18,13,11,12,12,8	17,19,10,13,9,14,17,13,12,19	7,12,13,7,11,9,3,12,14,10	7,15,13,8,5,8,6,10,5,9	150	75
3857	1,0,0,0,0,0,0,0,0,0	16,17,19,13,21,25,13,9,16,7	0,1,0,0,0,0,0,1,0,0	20,22,13,14,25,20,14,11,20,20	150	75
3860	0,0,0,0,1,0,0,0,0,0	2,0,0,0,1,0,2,1,0,0	0,0,0,0,0,0,0,0,0,0	0,0,1,2,0,0,0,0,0,2	150	75
3862	6,2,4,6,1,1,2,3,2,2	86,104,107,71,70,76,72,75,69,78	1,4,0,3,0,0,1,2,1,1	75,101,86,93,83,90,82,72,66,72	150	75
3863	4,0,6,1,1,0,5,2,3,5	21,35,42,32,23,34,16,22,16,27	7,4,1,3,4,5,3,3,2,1	24,29,34,35,22,25,20,19,37,35	150	75
3864	56,51,59,37,35,40,41,27,48,52	48,43,31,37,45,39,37,28,24,19	46,58,34,49,59,42,51,47,41,22	41,41,44,32,33,48,28,39,22,29	150	75
3865	14,22,13,9,12,9,11,9,18,19	5,9,9,3,4,8,4,3,5,6	12,17,4,11,14,12,18,15,6,8	2,5,4,5,1,4,3,3,5,6	150	75
3866	1,3,0,2,2,3,5,3,3,2	32,35,21,20,26,21,13,24,23,18	6,6,3,3,2,3,5,5,2,2	27,23,18,18,23,27,42,16,18,22	150	75
3867	1,2,0,1,1,2,0,1,3,0	2,4,1,2,2,2,0,0,2,1	2,7,1,2,2,2,1,4,1,0	4,7,0,1,0,3,5,2,0,1	150	75
3868	0,0,1,0,0,0,0,1,0,1	0,0,1,2,0,1,1,0,0,0	0,0,0,0,0,0,0,0,0,0	0,1,0,0,0,0,0,0,0,1	150	75
3869	86,70,58,95,70,57,57,78,82,79	30,45,35,41,38,50,43,20,38,37	77,70,69,76,74,68,80,64,67,73	32,26,36,31,38,36,36,31,48,28	150	75
3870	27,24,31,32,26,24,28,34,31,27	36,42,34,35,20,35,34,28,24,28	29,38,26,27,41,28,23,18,36,28	29,38,24,33,32,35,33,38,30,34	150	75
3871	2,7,2,2,2,1,3,2,1,1	17,7,10,12,19,15,10,7,10,17	1,2,3,3,2,1,4,4,1,5	15,19,13,16,8,8,7,19,21,12	150	75
3872	1,1,2,3,7,1,5,2,4,4	118,112,85,83,76,92,88,82,86,106	5,2,1,1,5,5,4,4,7,3	108,102,68,104,93,108,94,78,94,100	150	75
3873	0,0,0,0,0,0,0,0,0,0	11,14,7,12,17,8,10,8,10,7	1,1,0,0,0,0,0,0,1,0	8,14,11,5,7,7,11,12,3,10	150	75
3874	3,1,2,3,4,5,8,8,3,11	0,1,0,1,0,0,1,0,0,0	9,5,2,4,2,8,7,5,5,5	0,0,0,0,1,0,1,1,0,1	150	75
3876	103,98,123,106,110,112,83,85,99,115	8,10,15,11,5,12,6,6,3,10	113,116,99,104,103,97,95,99,116,91	14,13,11,10,4,12,17,7,9,3	150	75
3877	1,0,3,2,3,5,2,5,3,1	64,50,49,44,53,53,51,50,43,61	4,1,3,1,0,4,1,2,8,7	43,60,48,54,62,51,46,54,59,61	150	75
3878	2,7,0,5,1,5,5,4,3,6	244,258,282,225,240,246,235,209,222,246	0,2,6,7,2,0,2,10,2,3	230,283,226,215,249,254,255,218,232,235	150	75
3879	1,1,1,0,1,0,0,1,2,0	0,1,0,2,0,4,0,1,1,3	1,0,1,0,1,1,1,0,0,0	3,2,0,0,1,0,3,2,0,0	150	75
3881	0,0,0,0,0,0,0,0,1,1	0,1,0,0,0,0,0,0,0,0	0,0,0,0,0,0,0,0,0,0	0,0,0,0,0,0,0,0,0,1	147	75
3882	0,1,0,0,0,0,0,0,0,0	0,0,0,0,0,0,0,0,0,0	1,0,0,0,0,1,0,0,0,1	0,0,0,0,1,0,0,0,0,0	150	75
3883	0,1,1,0,0,0,0,0,0,1	0,0,0,0,0,0,0,0,1,0	1,0,0,0,0,1,0,0,0,1	0,0,0,0,0,0,0,0,0,0	150	75
3885	0,0,0,0,0,0,0,0,0,0	0,0,0,0,0,0,1,0,0,1	0,0,0,0,0,0,2,0,0,1	1,0,0,0,0,0,1,0,1,0	150	75
3887	0,0,0,0,0,0,0,0,2,0	0,0,0,0,0,0,0,0,0,0	0,0,0,0,0,0,0,0,0,0	0,0,0,0,0,0,0,0,0,1	150	75
3889	0,0,0,0,0,0,0,2,0,3	0,0,0,0,0,0,0,0,1,0	0,0,0,0,2,0,0,0,0,0	0,0,0,0,0,0,0,0,0,0	150	75
3890	0,0,0,0,0,0,0,0,0,0	1,0,1,0,0,0,0,0,0,0	0,0,1,0,0,0,0,1,0,0	0,0,0,0,0,3,0,0,0,1	150	75
3891	0,0,0,0,0,0,0,0,0,1	116,135,130,117,104,104,89,79,108,117	0,0,2,1,0,0,0,0,0,1	107,133,112,114,104,118,134,116,113,99	150	75
3892	80,95,96,90,97,73,104,81,84,77	7,9,9,9,12,5,7,7,4,7	93,89,80,86,83,91,97,77,78,86	11,4,8,11,11,5,10,5,4,5	150	75
3893	30,40,26,31,16,28,45,33,42,36	123,143,115,110,109,99,117,116,125,123	25,23,22,29,27,35,21,20,28,25	107,136,130,109,146,128,135,111,123,107	150	75
3894	0,1,1,0,1,0,0,0,3,2	2,7,4,5,6,6,8,4,6,7	0,2,0,3,1,0,1,0,2,0	3,5,9,4,5,3,5,7,2,5	150	75
3896	0,1,0,0,0,0,2,0,0,1	1,3,3,3,3,6,6,5,4,7	0,0,1,0,0,0,0,0,1,0	1,8,9,2,6,4,4,1,4,4	150	75
3898	6,11,5,5,12,11,5,3,9,6	67,72,43,34,45,41,41,37,60,53	6,9,6,7,5,6,4,11,9,15	44,49,38,43,49,53,52,49,44,35	150	75
3899	6,10,1,7,6,14,8,6,4,8	66,76,74,48,49,64,45,54,60,54	9,6,9,7,9,6,8,12,6,7	58,76,55,55,45,53,61,52,46,58	150	75
3900	0,0,0,0,0,0,0,0,1,0	1,2,1,0,1,1,1,2,0,2	0,1,0,0,0,0,0,0,0,2	1,2,0,5,1,3,0,0,1,2	150	75
3901	6,4,10,10,7,9,7,14,8,8	154,125,137,110,111,123,101,90,120,133	4,9,12,9,4,6,4,2,19,9	117,127,91,104,116,129,104,101,116,104	150	75
3903	1,0,0,0,0,0,0,0,0,1	11,18,5,11,10,11,10,5,10,6	0,0,0,0,0,1,0,0,1,0	4,9,9,6,3,13,16,16,8,7	150	75
3904	0,1,0,0,0,0,0,0,0,0	17,16,9,12,15,13,11,7,11,8	0,0,1,0,0,1,0,1,0,0	23,19,14,22,11,15,16,12,13,13	150	75
3905	1,0,1,0,2,0,1,0,2,4	6,6,7,5,6,6,2,8,6,9	0,2,3,3,6,1,2,2,3,2	10,12,9,7,7,9,9,10,11,10	150	75
3906	1,0,1,0,2,0,0,0,2,4	7,8,7,5,1,8,2,6,9,4	0,2,3,3,6,1,2,2,3,2	3,6,9,12,10,4,7,7,3,6	150	75
3907	0,0,2,0,0,1,0,0,0,0	0,0,0,0,0,1,0,0,0,0	0,0,0,0,0,0,1,0,0,0	0,0,0,1,1,0,1,0,0,0	150	75
3908	0,0,0,0,0,0,0,0,0,0	52,50,48,51,30,51,39,37,44,38	0,0,0,0,0,1,0,0,1,0	44,62,49,36,28,41,56,37,32,36	150	75
3909	1,1,1,0,0,0,0,2,1,0	34,42,38,40,34,23,27,29,36,47	2,0,1,2,0,0,0,2,0,1	29,56,29,34,32,37,36,25,33,30	150	75
3911	0,2,0,2,0,1,1,1,0,1	0,1,0,0,0,0,0,0,0,0	5,0,0,0,1,0,0,1,0,0	0,0,0,0,0,0,0,0,0,0	150	75
3915	0,0,0,0,0,0,0,0,0,1	8,3,8,5,3,16,5,2,6,4	0,0,1,0,0,0,0,0,0,0	4,3,7,5,13,7,10,7,6,2	150	75
3916	6,6,4,6,2,5,3,3,2,5	22,15,34,16,24,27,19,19,19,16	3,5,1,3,4,4,1,4,6,1	27,28,21,28,25,29,32,19,31,30	150	75
3917	2,1,0,0,2,0,0,0,2,0	16,8,10,5,9,6,14,6,10,11	0,1,0,1,0,0,0,1,0,1	6,12,4,6,14,8,14,15,14,10	150	75
3918	2,1,1,0,1,0,4,0,0,1	5,5,14,10,9,7,5,3,9,1	1,0,0,3,1,0,0,0,0,0	7,2,4,1,3,10,6,7,5,5	150	75
3919	0,1,0,0,0,2,1,1,0,1	20,17,22,19,26,11,24,20,21,28	1,1,0,2,1,0,0,2,2,1	20,21,23,12,28,25,14,11,29,23	150	75
3920	1,1,0,3,2,3,2,2,3,0	115,116,103,113,116,112,90,92,112,96	1,2,2,2,0,1,1,3,3,0	103,129,109,103,111,99,116,92,134,98	150	75
3921	30,43,40,28,33,28,23,30,31,21	2,0,3,2,0,4,6,2,2,1	33,44,28,29,27,32,26,31,26,27	2,5,2,2,4,3,4,1,1,4	150	75
3922	1,0,0,0,1,0,1,1,0,1	7,4,7,7,9,13,6,10,6,2	0,0,1,1,0,0,0,1,2,0	14,7,3,7,3,6,11,12,8,10	150	75
3926	1,1,0,1,2,0,1,0,1,1	22,35,36,21,14,25,19,18,22,38	1,2,0,1,2,0,1,2,1,2	28,30,28,22,25,26,29,19,19,30	150	75
3927	2,2,5,2,4,1,6,3,1,2	28,39,40,28,36,29,29,27,33,42	3,4,2,6,2,3,1,3,3,3	23,43,24,28,33,33,28,22,24,29	150	75
3928	4,3,1,1,1,1,4,3,0,2	17,14,14,20,24,19,18,13,15,14	0,4,3,1,2,1,2,2,0,1	11,12,18,18,16,17,24,23,13,15	150	75
3929	1,0,0,0,0,0,0,0,0,3	16,17,20,14,14,13,16,17,20,16	0,0,0,2,0,0,0,0,1,0	12,18,18,16,19,21,14,13,24,15	150	75
3930	2,0,0,0,0,0,0,0,0,0	21,15,13,15,13,25,15,20,12,18	1,0,0,0,0,0,0,0,0,1	11,16,17,17,22,19,26,11,18,13	150	75
3931	1,3,3,4,0,2,3,1,4,0	46,54,35,43,53,58,43,32,53,47	4,0,2,1,0,0,1,0,5,1	46,57,33,34,46,36,49,48,45,37	150	75
3932	1,0,2,5,2,1,2,2,6,1	40,44,42,26,39,43,31,32,37,45	1,4,2,1,1,2,2,0,3,3	43,28,35,33,30,47,36,34,36,31	150	75
3933	1,0,0,2,1,0,1,1,1,1	21,14,17,18,20,12,21,12,17,13	1,0,0,3,0,0,1,1,1,1	18,23,16,11,17,20,10,11,12,15	150	75
3934	41,54,46,41,40,26,52,43,29,45	3,1,0,1,0,0,0,0,1,0	30,58,19,33,41,36,41,28,34,27	0,0,0,0,1,0,0,0,0,2	132	75
3936	2,0,0,1,2,1,3,1,0,0	138,152,171,115,116,146,123,109,143,141	2,1,0,1,0,1,1,0,0,0	151,132,123,149,149,174,139,125,144,130	150	75
3937	5,3,7,8,5,8,3,8,9,9	220,223,219,215,192,210,174,154,189,208	5,4,5,5,6,4,3,7,4,5	183,195,199,179,204,198,202,184,149,189	150	75
3938	0,1,0,0,0,0,1,0,1,1	19,32,27,23,28,18,24,22,21,12	0,3,0,1,0,0,0,2,2,1	17,31,29,24,27,20,28,8,17,12	150	75
3939	2,5,1,2,4,1,2,3,5,7	66,64,62,74,63,61,64,63,79,53	1,5,5,2,2,1,1,3,3,6	78,68,64,76,68,63,78,78,57,55	150	75
3941	1,1,1,0,0,1,1,2,2,1	16,12,7,8,16,11,12,7,12,12	0,1,4,0,2,1,1,0,0,0	8,12,11,14,8,15,11,10,8,10	150	75
3942	0,0,0,0,0,0,0,0,0,0	5,10,7,5,5,5,6,3,6,4	0,0,0,0,0,0,0,0,0,1	3,4,4,4,3,6,3,6,8,0	150	75
3943	0,0,0,0,0,0,0,0,0,0	1,0,0,1,0,1,0,0,1,0	0,0,0,0,1,0,0,0,0,0	0,0,0,0,0,0,0,0,0,0	150	75
3944	0,0,1,1,0,0,2,0,0,0	0,1,1,0,1,0,1,0,0,0	1,0,0,0,0,0,0,0,0,0	0,2,0,1,0,0,0,0,0,2	150	75
3945	0,0,1,1,0,0,3,0,0,0	7,7,7,12,12,8,6,10,8,9	1,0,0,0,0,0,0,0,0,0	7,5,8,9,13,10,9,7,11,7	150	75
3946	0,0,1,1,0,0,4,0,1,0	73,47,67,60,58,59,41,45,56,68	1,0,0,0,0,1,0,0,0,0	52,70,42,53,44,59,42,54,50,47	150	75
3947	0,0,1,1,0,3,0,2,1,1	0,0,1,0,0,1,0,0,0,0	0,0,0,0,1,2,1,1,3,1	0,0,0,0,2,0,0,0,0,0	150	75
3948	1,0,1,0,0,3,1,4,1,3	2,5,1,2,0,0,4,1,6,2	1,0,0,0,2,1,0,1,2,1	4,2,3,3,3,4,7,1,1,4	150	75
3949	2,0,1,1,0,0,1,1,2,0	45,53,46,46,61,58,42,45,46,60	4,2,0,1,0,1,0,0,2,0	45,53,33,33,36,58,61,39,46,41	150	75
3950	0,1,0,0,1,0,0,0,1,0	22,25,15,15,14,14,29,25,16,20	0,0,0,0,0,0,0,0,0,0	17,27,10,12,16,12,25,13,8,19	150	75
3951	4,7,3,7,3,5,5,3,2,6	9,13,7,12,7,8,7,3,6,5	2,3,1,0,3,2,4,7,2,2	3,6,8,5,8,15,8,5,8,4	150	75
3952	2,5,3,4,2,3,5,3,2,3	0,0,0,0,1,0,1,2,0,1	1,3,3,0,1,0,4,2,6,3	1,2,0,0,0,1,0,0,0,0	150	75
3953	2,4,5,1,0,2,3,2,1,1	2,1,3,3,0,5,0,2,0,6	9,0,3,1,4,1,1,1,3,2	1,1,0,0,0,0,1,0,2,0	150	75
3954	0,3,0,3,2,0,0,0,1,0	1,5,6,5,6,3,5,3,4,7	0,1,1,0,1,0,0,1,0,1	3,5,6,3,8,5,2,7,4,1	150	75
3955	0,0,0,0,0,0,1,0,0,0	1,6,1,4,2,1,1,0,6,4	0,0,0,0,0,0,0,0,0,0	1,4,3,0,3,1,1,1,2,1	150	75
3956	10,11,10,12,7,4,21,13,14,10	111,95,99,88,86,80,79,57,75,90	8,21,7,11,8,6,9,14,15,23	75,87,86,66,107,99,83,84,92,94	150	75
3957	21,19,11,10,12,6,8,10,13,11	90,120,106,92,102,85,93,83,76,117	9,11,3,9,12,12,5,15,7,6	103,95,76,84,108,96,90,78,80,87	150	75
3958	23,37,27,18,27,21,19,20,24,19	4,2,1,4,3,1,1,3,2,1	29,31,16,23,25,23,23,31,16,21	2,3,2,2,4,1,3,0,2,0	150	75
3959	2,4,4,4,2,5,4,6,1,8	34,9,28,30,14,19,17,16,24,21	14,2,6,4,1,11,2,5,3,3	19,18,17,16,13,9,21,17,20,18	150	75
3960	6,14,5,8,10,8,9,10,6,13	1,4,3,2,2,0,0,2,5,6	16,8,8,6,7,20,8,14,11,12	3,6,2,1,0,1,4,2,3,5	150	75
3962	11,16,8,15,9,7,16,12,18,17	1,5,1,0,0,3,4,4,0,3	4,12,5,12,10,9,6,10,8,17	2,4,2,0,0,2,1,1,1,0	150	75
3964	1,0,1,0,0,0,0,2,0,2	0,0,0,0,0,0,0,2,0,2	0,3,0,0,0,0,0,0,0,0	0,1,0,0,0,2,0,0,0,0	150	75
3965	1,0,2,0,0,0,0,2,0,3	0,0,0,0,0,0,0,0,0,0	0,3,1,0,0,0,0,0,0,0	0,1,0,0,0,0,0,0,0,0	150	75
3969	13,15,12,20,10,7,13,6,16,18	0,0,0,0,0,0,0,0,0,1	18,8,14,16,11,10,9,8,13,12	0,0,1,0,0,0,1,0,0,0	150	75
3970	0,0,0,0,0,0,0,0,0,0	9,6,5,6,13,6,5,6,5,15	0,0,0,1,0,0,0,0,0,0	11,5,9,7,6,9,13,4,6,12	150	75
3973	2,2,0,3,1,0,2,1,1,1	49,39,50,47,44,51,26,29,36,41	0,2,1,0,0,2,2,1,1,2	46,50,46,40,45,58,45,44,43,59	150	75
3975	0,2,1,0,0,2,0,1,4,1	83,61,88,41,71,42,50,51,57,55	2,3,2,1,1,0,2,1,1,0	83,68,73,72,57,57,67,63,77,65	150	75
3976	30,27,24,36,39,25,28,31,37,27	32,28,33,34,24,23,24,18,36,21	32,45,42,42,30,49,36,45,38,42	32,21,17,21,24,31,33,15,20,20	150	75
3977	7,3,10,11,5,9,6,4,5,5	40,49,56,53,30,46,56,27,47,42	3,9,2,1,3,4,2,1,2,2	55,47,35,32,49,59,57,39,41,42	150	75
3979	2,5,2,2,1,2,5,6,3,1	46,37,39,24,30,26,16,32,17,9	0,1,1,4,4,2,4,3,2,4	25,26,31,39,25,31,30,24,20,29	150	75
3980	0,1,3,1,2,1,1,2,0,0	18,23,16,13,19,10,13,19,16,10	2,1,1,2,1,2,2,5,1,1	20,22,13,22,18,10,17,17,23,14	150	75
3981	0,1,1,2,2,2,3,2,6,5	12,18,18,4,12,15,14,16,13,16	3,1,2,1,1,1,0,0,0,1	10,18,15,22,14,12,9,11,13,18	150	75
3984	3,3,1,2,1,0,2,1,2,1	1568,1506,1497,1381,1510,1580,1293,1202,1372,1267	1,0,2,1,2,0,2,1,3,3	1435,1932,1272,1413,1263,1424,1415,1349,1219,1597	150	75
3985	46,41,41,47,48,51,25,45,34,39	2,0,1,3,1,3,2,0,1,2	44,60,42,43,38,21,30,34,44,35	1,1,5,5,4,0,0,2,3,2	150	75
3986	2,6,5,10,7,1,11,5,14,4	37,27,27,30,19,22,21,32,29,31	8,6,3,1,2,6,4,3,8,4	32,39,30,19,28,35,26,11,37,19	150	75
3987	9,8,7,3,7,12,4,4,11,8	10,14,15,11,7,12,6,12,10,5	11,7,6,2,8,10,5,11,13,18	13,18,9,11,10,14,9,7,11,15	150	75
3988	11,10,7,3,7,12,4,4,12,9	92,91,81,67,76,73,54,48,61,71	12,7,6,5,10,10,7,13,14,20	71,81,64,63,66,66,81,75,72,68	150	75
3989	9,7,1,2,3,6,2,2,6,3	0,1,1,1,1,0,1,1,3,0	8,2,1,5,7,7,4,7,12,12	1,0,1,1,0,1,2,0,0,0	150	75
3990	1,1,0,3,0,0,0,0,2,0	1,1,0,0,1,2,0,1,0,0	5,0,1,0,2,1,1,1,0,1	5,1,0,1,0,0,1,3,0,1	150	75
3993	0,0,0,0,0,0,0,1,0,0	257,231,251,221,204,277,214,183,229,211	1,0,1,0,2,0,0,0,0,0	229,236,216,200,194,217,266,224,217,197	150	75
3994	0,0,0,1,2,1,0,2,0,3	1,0,2,2,5,0,0,4,0,4	0,5,0,1,0,1,2,2,0,1	0,0,0,0,1,6,0,1,2,1	150	75
3996	0,0,0,0,0,0,0,0,0,0	0,0,0,0,3,0,0,0,2,0	0,0,0,1,0,0,0,0,0,0	0,0,0,0,0,0,0,0,0,1	150	75
3997	4,6,4,5,1,5,4,5,3,5	176,139,166,153,176,164,139,119,134,184	0,4,0,2,3,4,2,0,2,1	174,192,152,149,135,161,187,170,154,134	150	75
3999	3,2,1,5,4,3,7,2,6,2	75,75,91,75,74,95,82,82,83,68	2,2,1,2,2,0,3,3,4,3	78,84,91,106,94,75,92,89,77,86	148	75
4000	0,1,3,3,1,3,3,2,0,0	121,118,108,109,85,134,116,99,81,99	2,3,4,2,1,3,5,2,0,1	103,99,75,88,115,103,135,109,103,113	150	75
4001	2,3,1,7,5,4,3,6,5,2	53,66,52,47,52,55,40,45,36,34	4,2,0,1,5,4,0,4,6,8	46,64,38,41,54,35,70,49,50,48	150	75
4002	0,3,3,3,2,1,4,2,2,3	34,43,33,40,38,24,29,33,33,30	1,2,3,1,2,3,0,5,3,6	31,29,27,29,37,41,41,25,28,45	150	75
4003	8,8,6,10,11,3,12,10,6,12	41,57,42,48,55,46,50,33,39,50	13,13,7,10,7,7,4,4,11,6	45,53,50,48,48,63,42,33,41,49	150	75
4004	0,1,0,0,0,0,0,0,0,0	0,0,0,0,0,0,0,0,1,0	0,0,0,0,0,0,0,0,0,0	0,0,0,0,0,1,0,0,0,1	150	75
4006	0,2,1,2,0,1,0,0,0,0	69,53,41,39,45,47,30,28,43,40	1,1,0,1,1,2,3,1,1,1	59,56,38,42,40,49,59,36,32,52	150	75
4010	21,39,26,38,35,26,37,26,21,21	0,0,3,0,2,2,1,1,1,0	44,32,27,41,23,27,38,40,34,32	2,3,2,2,0,3,1,1,2,1	150	75
4011	1,4,4,0,2,2,3,1,6,3	0,0,0,0,0,0,0,0,0,0	1,2,2,1,3,0,1,3,3,2	0,0,0,0,0,0,0,0,1,0	150	75
4012	1,4,2,1,1,1,4,0,7,1	4,0,11,2,2,1,5,4,1,1	0,5,2,1,2,1,1,1,1,0	5,9,2,7,1,8,3,8,4,3	150	75
4013	2,4,2,1,1,1,2,0,8,2	1,2,1,1,0,1,0,1,2,0	0,4,2,0,2,0,2,0,2,0	1,0,1,0,0,0,0,2,0,0	150	75
4015	0,0,3,0,3,2,1,0,1,0	16,24,24,14,18,26,22,16,14,12	1,1,1,0,2,0,0,1,0,0	31,25,10,18,15,20,14,18,17,21	150	75
4016	70,80,61,72,67,82,71,65,81,66	38,30,35,38,24,31,33,30,38,37	67,73,69,59,71,79,70,81,63,86	38,41,41,35,39,26,39,35,42,37	150	75
4017	1,0,1,0,0,0,0,1,0,0	96,73,97,69,57,46,49,77,84,88	0,0,0,0,0,0,0,0,0,0	65,80,63,66,52,77,99,46,51,57	150	75
4018	9,10,1,9,2,1,9,5,3,5	55,43,38,38,25,56,43,43,53,53	2,5,5,3,1,4,5,7,6,6	21,31,31,29,50,34,53,36,27,38	150	75
4019	0,0,0,0,1,0,0,0,2,2	1,2,1,1,2,2,0,4,3,1	2,2,3,1,0,1,1,1,0,0	2,1,1,6,0,3,1,3,1,4	150	75
4020	0,1,0,1,1,0,0,0,0,0	24,20,24,21,12,13,11,12,22,19	0,0,0,1,0,1,0,0,0,0	20,17,21,13,18,16,24,19,20,19	150	75
4021	0,0,3,4,1,0,0,1,2,1	20,12,16,8,14,6,13,7,16,12	1,1,0,1,0,1,2,1,2,1	23,22,19,15,22,18,15,12,17,11	150	75
4022	6,2,5,2,1,2,0,1,1,0	18,15,13,13,16,11,19,10,14,7	0,1,2,3,3,1,0,0,3,2	9,19,13,12,12,19,17,15,12,13	150	75
4023	0,0,0,0,2,0,0,3,0,0	0,4,1,4,0,1,0,1,0,1	0,1,0,0,0,0,0,0,0,1	3,2,0,1,0,1,3,0,2,0	143	75
4024	3,4,3,4,2,1,2,4,4,1	41,42,80,67,63,39,63,80,53,56	3,1,1,3,2,7,5,7,10,2	47,54,42,46,49,64,76,60,66,68	150	75
4025	26,14,12,24,13,28,28,13,27,7	5,4,10,0,1,3,0,4,3,5	20,10,20,21,16,10,15,22,23,22	1,3,5,6,6,5,3,2,5,1	150	75
4026	1,0,0,0,0,1,0,1,0,0	0,0,0,0,0,0,1,0,0,0	0,1,2,2,0,1,1,0,0,0	0,0,0,0,0,0,0,0,0,0	150	75
4027	0,1,3,2,0,1,2,0,1,0	0,0,0,1,0,0,1,0,0,0	0,2,0,0,0,1,3,4,2,0	0,0,0,0,0,1,0,0,0,1	150	75
4028	2,2,6,3,4,1,1,4,6,3	112,140,134,95,92,98,124,115,104,112	3,1,2,6,2,2,1,2,4,0	100,137,103,97,96,97,99,89,101,96	148	75
4029	4,2,4,8,0,2,1,0,1,1	154,162,138,110,101,151,114,128,130,99	2,2,2,2,2,2,1,8,2,1	118,117,103,129,143,128,137,114,124,146	150	75
4030	0,1,0,0,0,1,0,0,0,0	1,2,1,1,1,1,1,1,1,1	1,0,0,2,0,0,0,0,2,0	3,0,0,1,0,0,1,0,0,1	149	75
4031	3,0,0,0,0,1,0,0,0,0	29,35,25,25,31,40,37,29,37,34	0,1,0,1,1,0,0,0,3,0	36,38,31,30,43,55,42,39,49,40	150	75
4033	2,0,0,0,2,0,2,0,0,0	68,84,86,72,79,81,52,58,61,64	1,0,0,0,0,0,0,1,1,0	59,77,63,73,65,85,73,68,71,79	150	75
4034	61,55,69,50,53,66,53,40,47,71	0,0,0,0,0,1,0,0,0,0	53,61,64,70,38,59,57,68,62,52	0,0,0,1,1,0,0,0,0,0	150	75
4035	4,2,2,3,4,2,2,1,2,2	62,76,75,63,62,60,62,50,66,59	1,6,3,6,1,1,1,4,0,1	73,75,79,69,67,47,71,60,61,63	150	75
4036	3,0,4,3,0,0,5,2,0,0	46,48,65,63,42,40,51,63,57,58	2,4,2,1,1,3,0,1,1,1	53,71,51,55,45,74,45,39,39,52	150	75
4037	2,4,4,3,7,0,2,2,2,2	1,0,1,0,1,1,1,0,3,1	0,1,2,0,0,2,0,0,1,0	0,2,0,2,0,0,0,1,0,0	150	75
4038	0,0,1,0,0,0,0,0,0,2	0,0,0,0,0,0,0,0,0,0	1,2,0,0,0,0,1,0,1,0	0,0,0,0,0,0,0,1,0,0	150	75
4039	6,3,5,5,0,5,6,2,2,5	1444,1426,1455,1343,1201,1422,1251,1126,1279,1462	4,5,0,9,2,5,1,1,2,5	1271,1323,1326,1301,1494,1279,1381,1356,1271,1187	150	75
4040	23,13,37,35,26,15,15,29,25,21	1,1,2,2,1,2,1,1,0,1	29,23,16,29,11,21,30,34,29,30	1,3,2,0,2,2,6,5,4,2	150	75
4041	1,0,1,2,2,0,2,1,3,0	33,36,27,29,22,25,24,29,10,16	0,4,0,2,1,1,4,2,3,6	31,23,23,22,29,31,24,12,24,26	150	75
4042	0,0,1,0,0,0,0,1,0,1	2,7,8,3,2,3,1,2,2,1	0,1,0,1,0,0,0,0,2,0	1,2,1,2,2,1,2,2,1,2	150	75
4043	1,0,0,0,0,1,0,1,0,0	1,3,4,1,2,3,1,2,0,2	0,0,0,0,0,0,0,0,0,0	2,4,2,4,0,5,1,2,2,2	150	75
4045	5,4,9,3,5,9,9,9,17,2	32,20,25,21,17,18,25,24,18,20	9,9,6,7,5,3,7,7,8,7	26,25,14,19,15,25,15,27,16,21	150	75
4046	5,4,0,4,2,2,5,5,3,3	25,24,21,12,8,11,15,21,15,27	4,4,0,1,1,2,1,3,1,12	23,12,12,10,13,22,28,12,17,12	150	75
4047	4,2,0,0,0,1,1,1,1,1	5,3,1,3,5,3,5,1,4,3	3,1,0,1,0,0,0,2,0,1	1,5,5,1,1,3,1,1,1,3	150	75
4048	1,0,0,0,0,1,0,1,3,1	3,2,4,2,2,2,0,3,2,6	0,1,0,0,1,0,0,0,0,3	3,2,2,5,3,1,3,2,1,2	150	75
4051	1,0,0,4,2,2,2,1,0,0	15,24,14,9,12,27,17,14,21,22	1,2,0,0,0,0,0,1,1,1	16,25,10,22,25,16,18,16,11,11	150	75
4054	0,1,3,3,0,2,1,3,2,2	3,4,3,5,5,5,3,3,4,4	2,3,0,3,1,1,5,0,0,2	5,7,4,2,3,8,6,0,5,1	150	75
4055	5,6,4,8,8,9,5,7,8,8	10,12,9,8,12,6,4,10,4,11	4,8,9,8,1,7,4,2,5,6	6,11,10,8,8,11,12,6,9,12	150	75
4056	6,6,6,2,11,9,3,5,12,7	8,11,6,3,1,5,6,5,5,4	8,7,5,8,5,2,5,4,6,7	13,3,4,4,5,4,4,8,2,9	150	75
4057	31,42,44,32,29,30,33,31,37,31	2100,2092,2114,1885,1734,2027,1669,1680,1758,1818	31,26,28,39,22,31,35,30,40,48	1981,1853,1788,1750,1856,1946,1989,1687,1879,1778	150	75
4058	0,0,0,0,1,0,0,0,0,2	31,17,25,31,35,27,30,29,42,27	3,0,1,0,0,1,0,0,1,0	23,24,38,21,35,40,23,35,26,30	150	75
4060	0,0,0,1,0,0,1,0,0,1	4,4,2,2,4,2,2,4,2,1	0,0,0,0,0,0,0,0,0,0	2,4,2,3,1,0,2,2,1,1	150	75
4061	6,7,7,5,8,10,9,6,10,13	187,191,216,185,205,208,148,164,170,169	6,6,1,5,7,7,10,8,5,6	192,197,194,174,200,153,187,196,170,181	150	75
4063	47,55,41,61,49,34,87,52,47,36	983,981,1089,825,840,773,739,689,847,923	37,52,56,36,55,61,40,47,63,58	927,957,859,822,900,935,868,768,835,751	150	75
4064	31,33,32,28,39,23,45,26,22,38	11,3,8,6,5,8,8,5,11,11	29,37,23,32,31,31,28,24,31,14	10,8,6,7,6,5,5,3,4,3	150	75
4065	4,4,0,0,0,2,4,1,2,1	33,26,42,34,31,38,32,33,36,35	1,0,2,2,1,1,3,2,4,2	31,28,26,34,33,42,36,37,36,30	150	75
4066	9,6,4,1,7,3,6,6,5,4	35,28,36,37,35,24,33,47,33,42	2,0,2,3,6,3,4,5,5,5	22,31,36,28,25,25,47,41,32,23	150	75
4067	0,0,2,2,0,0,0,1,0,0	68,56,69,74,67,65,70,55,74,57	1,2,0,4,0,0,1,0,3,2	38,68,59,69,62,62,76,80,73,50	150	75
4068	0,0,2,1,0,0,0,0,1,2	85,88,98,79,72,86,65,65,79,87	1,0,0,0,1,0,0,0,2,0	82,95,87,77,57,71,86,87,69,79	150	75
4069	0,0,1,1,0,0,0,0,1,2	9,4,9,6,6,9,1,3,3,5	1,0,0,0,1,0,0,0,2,0	7,4,4,8,5,2,6,4,2,4	150	75
4070	2,3,3,4,4,5,4,5,6,5	0,0,0,0,0,0,0,0,0,0	1,10,3,3,3,4,1,0,4,3	0,0,0,0,0,0,0,0,3,0	150	75
4071	11,12,11,17,17,9,14,9,14,11	7,12,4,12,10,7,14,9,12,8	11,12,12,17,15,13,9,14,11,6	9,14,5,11,19,7,12,7,9,15	150	75
4072	11,12,11,17,17,9,14,9,14,10	16,15,17,7,13,13,13,9,11,10	11,12,12,17,16,14,9,14,11,6	14,13,16,10,13,17,12,7,10,18	150	75
4073	3,0,2,1,2,0,1,2,0,1	0,0,0,0,0,0,1,1,0,1	0,1,1,0,0,0,0,1,0,1	0,0,0,0,0,0,0,0,0,0	150	75
4074	2,0,3,0,1,1,4,3,0,5	22,25,24,23,19,16,22,18,16,14	0,0,1,3,2,1,2,3,1,2	26,31,15,20,19,13,13,19,14,12	150	75
4076	1,1,2,2,0,4,2,2,1,2	1,4,2,3,0,1,2,5,1,0	0,3,0,4,0,1,1,2,1,1	0,2,0,1,0,1,1,3,0,3	150	75
4078	3,0,0,0,2,2,0,1,4,1	289,347,279,284,254,289,244,228,266,254	3,1,0,5,2,2,1,0,3,2	296,300,268,261,264,272,274,251,250,266	150	75
4079	0,1,2,3,0,0,4,3,1,3	263,216,237,190,223,234,185,187,196,221	0,4,3,4,1,1,2,2,5,2	220,270,224,185,177,169,189,174,180,217	150	75
4080	0,1,0,1,0,0,1,1,2,0	21,26,23,26,16,32,14,22,27,28	0,2,0,0,1,0,0,0,0,0	29,19,28,21,21,32,32,40,23,34	150	75
4081	338,312,390,331,300,307,274,287,342,340	163,143,170,119,143,167,129,129,166,112	299,324,280,310,328,339,302,272,300,268	144,136,126,144,139,172,141,133,153,142	150	75
4083	4,9,2,5,2,7,7,6,8,3	1,4,2,0,0,5,1,0,4,1	4,4,5,10,3,4,2,8,2,6	4,5,0,1,1,0,1,3,1,4	150	75
4084	8,5,3,6,7,5,1,2,5,0	126,111,97,105,61,80,78,96,82,83	4,2,2,3,0,2,2,4,1,5	82,109,88,90,105,93,86,104,82,101	150	75
4085	1,5,4,2,0,2,1,1,1,0	4,7,3,5,5,2,2,0,3,6	3,4,4,1,2,2,1,1,1,0	4,3,4,6,2,2,2,5,4,2	150	75
4086	9,8,7,9,0,3,3,2,5,0	160,152,162,134,124,130,120,116,114,149	5,8,5,4,5,4,2,6,4,1	172,157,129,130,118,128,126,109,138,136	150	75
4087	2,3,8,8,5,1,4,4,2,6	0,0,0,1,0,1,0,1,2,2	4,6,2,5,9,6,3,4,4,8	1,0,0,0,2,0,2,1,1,3	150	75
4088	0,1,0,1,1,2,1,1,1,0	213,224,187,179,192,218,154,168,194,180	0,1,1,1,1,0,2,0,0,0	187,243,205,191,184,197,173,210,192,206	150	75
4089	615,665,633,551,538,644,491,528,513,522	1,0,1,0,1,0,0,0,0,0	553,608,518,546,567,562,605,557,582,574	1,0,0,2,1,2,0,0,0,0	150	75
4090	222,200,210,197,180,162,153,131,175,185	1,0,0,0,0,0,0,0,0,1	161,199,173,185,177,197,171,173,127,162	0,0,2,0,0,0,0,0,0,0	150	75
4091	2,0,0,1,2,0,1,0,0,1	15,15,10,9,14,7,9,5,6,13	0,1,0,0,1,0,1,0,0,1	8,10,14,11,12,12,10,6,10,10	150	75
4092	9,7,5,7,4,9,13,10,14,6	8,12,11,5,13,16,10,10,15,14	9,8,6,10,12,7,9,7,9,5	10,12,9,9,17,10,9,10,10,14	150	75
4097	1,3,1,1,1,0,0,5,2,1	8,16,14,13,7,11,6,6,6,7	2,2,1,1,2,2,0,1,0,2	5,10,5,15,5,6,7,9,7,8	148	75
4098	3,0,1,1,5,2,3,0,1,0	15,6,15,18,15,8,8,16,6,11	2,1,0,0,2,1,1,0,0,1	4,12,10,7,7,12,10,8,4,16	150	75
4099	3,4,5,0,1,3,5,3,2,2	552,547,638,489,513,470,427,385,458,499	3,4,5,4,1,3,3,4,7,6	581,535,574,450,582,493,466,467,472,443	150	75
4100	10,10,13,6,9,6,7,5,5,8	449,486,474,399,453,417,350,330,372,431	6,10,7,6,9,6,4,7,3,3	438,449,437,396,411,429,396,388,402,407	150	75
4101	1,0,0,2,4,1,4,2,1,3	0,1,0,0,0,0,0,0,0,0	2,1,1,2,4,2,0,0,2,4	0,0,0,0,0,0,0,0,0,0	150	75
4103	0,0,0,0,0,0,0,0,0,1	0,0,3,1,2,1,1,3,0,7	0,0,0,0,0,0,0,0,0,0	1,2,2,1,1,2,0,0,3,0	150	75
4104	2,2,1,4,0,1,2,0,2,0	107,85,96,118,90,100,66,71,105,59	2,0,2,2,0,1,0,3,1,0	64,85,75,87,77,121,108,90,83,94	150	75
4105	23,18,28,18,17,9,25,14,29,17	0,0,4,3,0,1,1,0,0,0	12,23,12,17,24,31,22,14,14,9	0,0,0,2,1,0,2,1,0,0	150	75
4106	0,0,0,0,1,0,0,0,0,0	7,14,20,14,7,5,11,8,12,12	0,0,1,0,0,1,0,0,1,1	7,17,9,10,14,10,9,9,14,6	150	75
4107	0,0,0,0,0,0,0,0,1,0	18,28,25,34,27,16,17,14,23,19	1,0,0,0,1,0,0,0,0,0	24,16,15,21,12,11,20,29,18,14	150	75
4108	1,1,2,3,2,0,2,7,2,1	15,18,19,17,10,21,13,9,17,21	2,5,2,2,1,0,0,0,1,0	14,10,10,20,12,12,16,17,10,12	150	75
4109	0,0,0,0,0,1,0,0,1,0	12,13,14,7,12,12,7,10,8,16	0,0,0,0,0,0,0,0,0,0	12,26,12,11,18,12,13,9,8,5	150	75
4110	16,19,15,22,14,22,11,11,13,14	2,2,0,0,0,0,0,0,0,0	16,22,16,21,17,26,22,15,10,12	0,1,0,1,3,0,1,1,0,0	150	75
4111	2,3,0,1,0,1,2,1,0,1	30,33,32,37,35,34,26,32,33,35	1,3,4,4,5,1,0,2,1,0	36,32,24,41,26,38,15,22,30,27	150	75
4112	2,4,1,1,2,0,0,0,0,1	65,59,65,52,58,61,45,41,53,64	1,1,0,0,0,2,2,2,0,0	50,58,40,51,54,64,49,43,51,43	150	75
4113	0,0,0,0,0,0,0,1,1,1	17,7,21,13,7,10,12,11,10,10	0,0,1,0,0,0,1,0,0,0	6,11,10,11,12,14,14,13,9,11	150	75
4114	429,392,435,392,427,379,289,333,323,366	19,10,9,28,17,25,17,17,10,12	363,398,363,325,337,360,375,387,324,308	22,25,17,24,23,19,25,27,21,13	150	75
4115	323,274,319,278,295,264,220,223,257,243	0,0,0,0,1,2,0,2,1,1	273,287,292,295,292,266,280,283,278,235	2,2,1,2,4,4,2,2,0,2	150	75
4116	1,1,2,2,0,3,1,0,4,2	221,185,233,213,184,183,178,180,247,207	1,1,1,2,1,1,0,1,2,0	203,230,228,204,202,228,231,188,224,159	150	75
4117	0,2,0,0,0,0,0,0,1,0	1,2,3,6,3,2,0,1,4,3	0,0,0,0,0,1,0,0,2,0	1,2,3,2,3,5,1,6,0,2	150	75
4118	6,6,4,9,4,8,4,6,4,3	22,19,22,22,23,12,16,19,15,17	1,3,6,5,8,0,4,9,2,5	19,16,19,14,25,19,20,16,14,17	150	75
4119	4,10,8,8,6,11,3,7,3,4	0,3,0,0,0,1,0,0,0,2	2,5,6,6,6,3,3,8,2,7	0,1,0,2,0,1,0,0,0,0	150	75
4120	2,6,10,7,5,6,4,4,3,4	29,19,21,23,15,28,20,23,19,27	2,5,2,5,4,5,3,8,4,7	18,27,13,17,19,25,11,23,21,19	150	75
4121	2,0,1,4,1,2,4,2,1,2	26,29,15,26,21,10,33,14,22,24	3,3,0,0,0,0,0,1,1,0	19,19,21,24,24,23,22,24,15,21	150	75
4122	19,8,20,11,13,11,19,17,11,20	1,0,0,0,0,1,0,0,1,0	11,17,14,9,13,17,20,13,11,9	1,1,1,1,2,0,1,0,0,1	150	75
4123	33,11,25,13,20,20,22,25,18,29	3,0,0,0,0,1,0,0,1,0	13,29,22,15,19,26,30,20,18,19	2,1,1,0,2,3,0,0,0,0	150	75
4124	1,0,0,0,0,0,0,0,0,0	1,2,2,0,1,1,1,1,1,3	3,0,0,0,0,0,0,0,0,0	1,3,6,2,2,2,1,3,1,0	150	75
4127	0,0,0,0,0,1,2,4,0,0	2,1,2,1,3,0,1,3,6,3	0,3,0,0,0,1,0,0,0,1	2,4,1,0,3,9,3,2,2,0	150	75
4128	96,107,103,102,98,99,84,88,97,98	2,1,4,2,2,1,1,1,2,0	97,103,88,91,92,93,95,102,86,91	0,0,0,1,0,0,4,1,2,0	150	75
4129	0,0,1,0,0,2,2,0,2,1	48,59,55,48,45,51,39,42,43,44	1,1,1,2,1,3,2,0,1,1	52,43,38,45,48,49,54,41,35,49	150	75
4131	0,0,0,1,0,0,1,0,2,0	18,28,24,26,18,20,18,17,25,19	0,1,0,0,0,0,0,2,0,2	23,28,15,20,16,34,22,18,17,24	150	75
4132	3,2,2,2,3,2,3,2,2,2	0,0,0,0,1,1,0,1,1,0	4,1,4,4,4,5,3,2,3,2	1,0,0,0,0,0,1,1,0,0	150	75
4133	0,0,2,0,0,2,0,1,0,2	39,31,25,38,20,26,23,32,22,28	0,1,0,2,0,2,1,0,3,0	26,33,26,30,30,19,25,29,22,19	150	75
4134	0,0,3,1,2,0,1,0,1,0	62,58,52,40,44,54,45,33,41,52	0,0,1,0,0,1,1,1,1,0	56,62,43,56,54,56,38,45,40,49	150	75
4135	0,0,0,1,0,0,0,0,0,0	2,2,1,1,2,1,3,0,4,1	0,0,0,0,0,0,0,0,0,0	2,5,0,1,0,1,3,0,1,0	150	75
4137	0,0,0,0,0,0,0,0,0,0	0,1,1,1,1,0,2,0,1,2	0,0,0,0,1,0,0,0,0,0	0,0,1,1,0,0,0,2,0,1	150	75
4138	0,1,1,1,1,4,1,0,0,0	41,31,35,17,30,22,25,25,26,39	0,4,1,0,0,1,1,0,1,0	21,40,28,19,16,36,27,22,20,29	150	75
4141	0,0,0,0,0,0,0,1,0,0	5,13,13,14,12,13,21,13,12,5	1,2,0,1,0,0,0,0,0,0	15,13,10,9,15,8,20,17,11,9	150	75
4142	15,13,22,12,8,18,7,19,16,8	1,4,3,8,2,6,1,4,2,2	6,14,9,15,10,27,19,17,11,30	1,3,1,8,3,1,4,7,4,13	150	75
4143	0,0,0,0,0,0,0,0,0,0	4,6,11,4,10,3,6,13,5,10	0,0,2,0,0,0,0,0,0,0	6,10,8,12,4,6,9,7,13,9	150	75
4145	189,181,175,167,161,180,140,160,182,179	0,0,2,1,0,0,1,4,2,2	176,153,142,153,150,182,199,174,167,137	2,1,1,0,2,1,0,1,3,0	150	75
4146	1,0,0,1,2,0,1,0,0,0	11,7,7,8,5,12,8,4,8,13	2,0,0,0,0,0,0,1,0,1	6,14,6,10,9,12,9,9,7,7	150	75
4147	0,0,0,0,0,1,1,1,3,0	16,23,18,16,16,20,12,17,19,25	1,0,0,1,0,0,1,1,1,1	14,41,14,9,15,31,16,17,21,15	150	75
4148	9,8,15,10,14,13,11,10,12,17	765,714,757,606,657,798,588,538,608,676	10,4,9,7,8,14,5,5,7,10	678,675,578,620,633,670,686,642,658,668	150	75
4149	0,2,0,3,1,1,1,0,3,0	10,13,12,13,13,10,14,17,8,9	4,0,0,0,3,1,1,2,0,3	18,12,10,14,11,13,13,13,17,11	150	75
4150	2,1,3,2,1,0,4,2,1,2	33,33,38,30,21,37,33,35,24,35	2,3,1,3,3,3,4,1,2,1	22,37,30,29,35,33,25,36,28,22	150	75
4151	2,2,4,0,0,5,0,2,1,2	11,8,14,10,8,9,6,10,11,16	0,2,0,2,1,2,0,1,2,1	9,8,13,8,7,9,15,13,15,10	150	75
4152	1,0,0,1,0,1,0,1,1,1	32,17,22,12,25,16,19,28,19,23	2,2,0,0,2,0,0,0,1,1	25,23,20,19,25,27,17,16,31,24	150	75
4153	0,1,0,0,0,0,0,0,2,0	27,16,23,19,11,24,10,10,18,19	0,0,0,1,1,0,0,0,1,0	15,20,16,13,27,17,10,17,19,25	150	75
4154	0,1,2,1,0,1,0,0,1,0	13,18,19,13,20,13,16,16,17,23	1,1,0,0,0,1,1,0,0,0	16,16,12,19,24,28,21,19,25,10	150	75
4155	8,15,10,11,11,9,23,21,16,10	44,27,51,37,34,33,33,20,33,29	11,15,9,11,10,10,5,6,15,15	32,35,39,28,39,24,42,33,38,28	150	75
4156	5,0,0,3,0,0,2,3,1,2	28,32,32,34,41,22,20,34,21,36	1,3,0,3,2,1,0,2,2,0	23,52,21,18,31,33,21,25,23,18	150	75
4157	0,1,0,0,0,0,1,2,0,0	15,16,19,14,18,15,9,15,21,10	0,1,0,1,0,1,0,0,1,0	10,14,11,18,10,9,16,12,8,13	150	75
4158	1,0,0,0,1,0,0,0,0,0	12,13,9,8,14,21,6,5,8,12	0,0,0,1,0,0,1,1,1,0	6,7,5,7,9,11,11,8,3,5	150	75
4159	1,1,3,0,0,1,0,1,1,1	6,10,7,2,3,6,2,6,5,5	0,3,0,2,1,3,0,0,0,1	7,7,4,3,7,6,11,12,1,5	147	75
4160	0,0,0,0,2,0,0,0,4,1	2,10,6,13,5,4,3,6,5,6	0,0,0,0,0,0,1,0,0,1	6,8,3,5,3,3,6,7,2,6	150	75
4161	0,2,2,1,0,1,3,1,0,2	10,4,6,3,5,2,4,3,4,1	1,0,0,0,0,2,3,1,0,4	5,4,1,6,2,7,2,5,4,1	150	75
4162	4,1,1,2,0,0,0,4,2,3	1,0,0,0,2,1,0,0,0,0	1,2,2,4,3,3,0,1,1,1	2,0,1,0,1,3,0,1,0,2	150	75
4163	2,6,2,3,1,0,4,1,0,1	19,54,25,25,18,18,15,12,25,22	0,4,2,1,0,3,2,3,4,1	26,25,23,24,13,21,46,15,6,15	150	75
4164	0,0,0,0,0,0,1,1,0,1	25,61,33,24,19,25,15,31,11,28	0,1,0,0,0,0,1,0,0,0	18,24,25,15,17,40,76,25,26,12	150	75
4168	0,0,0,0,0,0,2,1,0,0	4,4,3,4,2,6,6,8,2,2	0,1,0,0,0,0,1,0,0,1	7,0,1,1,5,2,5,3,2,7	150	75
4172	3,4,1,0,1,3,1,0,0,1	128,135,148,105,124,126,109,102,103,138	2,2,2,0,0,3,1,0,1,0	113,135,108,104,113,118,112,96,106,97	150	75
4173	16,13,21,12,15,13,15,8,19,16	45,32,32,40,35,36,26,50,22,39	16,22,26,18,18,14,10,6,22,16	33,38,40,37,41,35,31,29,28,32	150	75
4175	0,0,0,0,0,0,2,2,0,0	14,6,12,13,11,16,16,18,19,15	0,2,1,1,0,2,0,0,0,1	16,14,14,20,10,12,12,13,12,11	150	75
4176	0,0,0,0,1,1,0,0,0,0	9,6,8,13,8,7,10,11,15,8	0,0,0,1,0,0,0,1,2,0	15,12,7,8,11,11,9,8,6,2	150	75
4177	2,1,0,0,0,2,2,2,0,2	21,20,19,17,17,16,13,16,11,10	0,4,2,0,1,0,0,3,1,1	20,17,14,10,15,13,23,20,18,13	150	75
4179	0,1,1,2,0,0,4,1,1,0	100,133,99,93,132,85,92,89,116,108	3,5,1,2,3,1,2,1,2,1	84,126,113,95,123,122,98,130,92,94	150	75
4180	0,3,1,0,0,1,2,0,0,0	52,64,53,51,49,50,39,52,48,59	1,2,0,1,0,0,0,0,0,0	52,63,51,49,54,62,55,58,38,68	150	75
4181	0,1,0,0,0,0,0,0,0,0	85,94,91,72,72,73,79,91,79,98	0,0,0,0,0,0,0,0,0,0	69,124,79,55,68,109,79,65,50,63	150	75
4182	260,281,288,276,230,301,251,233,217,257	388,471,415,404,342,433,370,381,332,387	297,227,291,265,299,257,242,248,295,297	421,408,402,320,386,368,337,363,354,365	150	75
4183	0,0,0,0,0,0,0,0,0,0	10,15,11,15,9,9,13,9,11,10	1,0,0,0,0,0,0,0,0,0	17,9,11,22,17,21,14,14,18,11	150	75
4184	3,2,2,0,0,1,3,2,4,1	4,0,2,1,1,1,2,2,3,5	3,2,4,2,2,3,6,1,7,1	1,1,0,1,1,0,0,0,3,1	150	75
4185	4,9,8,5,9,2,4,4,8,10	16,13,9,12,21,16,13,10,17,19	7,5,6,6,7,6,6,3,2,2	16,19,15,14,16,11,14,19,18,16	150	75
4187	6,5,5,5,2,7,7,5,2,2	30,27,20,22,23,31,14,22,16,30	2,6,6,8,3,3,3,4,10,1	23,28,21,27,25,16,13,17,16,27	150	75
4188	0,4,0,2,3,1,1,0,2,1	47,41,41,32,45,33,36,37,30,32	0,0,4,3,2,3,0,0,1,1	26,42,41,30,21,25,43,41,34,29	150	75
4189	0,0,0,0,0,0,0,0,0,0	43,27,28,31,21,17,24,17,22,31	0,0,0,0,0,1,0,0,0,0	21,28,19,18,24,27,29,26,24,26	150	75
4190	0,0,0,0,0,1,0,1,1,1	25,21,23,18,22,23,19,19,29,18	1,0,0,0,0,2,0,0,0,0	21,24,5,15,16,26,24,25,18,21	150	75
4191	1,0,1,1,0,2,1,0,0,0	0,0,0,0,2,1,2,0,0,0	2,2,0,0,0,0,0,0,0,0	0,2,0,0,0,1,1,1,0,0	150	75
4192	1,3,1,0,0,0,0,0,0,0	38,49,50,36,34,40,32,44,29,51	0,0,0,0,0,1,1,0,0,0	43,44,34,32,49,52,51,39,34,43	150	75
4193	0,0,2,3,0,1,3,2,3,0	36,37,40,41,35,47,30,35,37,38	2,0,0,0,2,0,1,1,2,4	51,44,45,41,56,54,54,45,44,40	150	75
4194	60,57,81,54,59,76,55,65,64,72	11,16,13,15,11,11,4,12,16,14	71,83,67,55,74,86,71,53,62,59	11,17,12,10,10,17,21,21,15,11	150	75
4198	0,0,1,2,1,0,0,0,0,0	68,83,76,53,63,73,69,67,62,74	1,0,0,1,0,1,0,0,0,1	65,68,73,56,49,61,89,55,74,62	150	75
4199	0,0,0,4,1,1,0,1,1,1	70,71,84,64,63,62,66,50,76,62	1,0,2,0,2,0,2,2,2,2	62,59,59,60,73,89,60,67,70,74	150	75
4206	16,20,19,16,17,28,14,16,11,11	1,0,0,1,0,1,0,0,1,0	14,22,8,13,11,10,10,9,18,12	0,3,1,0,0,0,0,0,0,0	150	75
4207	0,0,0,1,0,0,1,0,2,0	2,0,0,0,0,0,0,0,1,0	0,0,0,0,0,0,0,0,0,1	0,0,1,0,0,0,2,2,0,0	150	75
4208	1,0,0,1,0,0,2,0,2,0	133,131,142,108,114,126,92,97,124,109	0,0,0,1,0,0,0,0,0,1	123,119,98,96,128,132,112,127,122,86	150	75
4211	0,0,0,1,1,0,0,0,0,0	13,11,7,9,13,12,5,3,11,15	0,1,0,0,0,1,0,1,0,0	7,10,8,8,20,8,9,4,9,16	150	75
4212	3,2,4,7,0,7,2,4,2,7	3,0,2,1,3,6,4,1,1,4	4,11,5,11,2,7,10,7,5,5	2,1,1,1,2,1,2,1,3,0	150	75
4213	1,1,1,1,0,1,0,2,1,0	0,0,0,0,0,0,0,0,0,0	3,3,2,1,2,2,1,3,2,1	0,0,0,0,0,0,0,1,0,0	150	75
4214	157,180,188,152,113,164,143,143,149,116	0,1,3,1,1,1,0,1,2,0	162,153,159,138,185,152,159,117,138,145	1,0,1,0,1,0,0,2,0,0	150	75
4215	1,0,3,0,1,2,0,0,0,1	5,15,10,9,16,6,17,7,14,13	0,0,0,0,0,0,0,0,0,1	10,13,14,4,12,7,8,13,14,6	150	75
4218	0,1,0,0,0,0,0,0,0,0	0,1,1,1,0,0,0,2,1,0	0,0,1,0,0,0,0,0,0,0	0,0,0,0,0,1,0,0,0,0	150	75
4219	0,0,2,3,0,0,0,1,0,0	2,1,6,3,3,1,7,3,1,6	0,0,1,1,0,0,4,0,0,0	5,11,2,7,1,7,4,3,4,6	150	75
4221	0,0,0,0,0,0,0,0,0,0	59,67,63,43,71,50,44,33,58,57	0,0,0,0,0,0,1,0,0,0	68,73,63,57,67,83,78,73,78,48	150	75
4222	23,21,33,30,23,33,31,27,15,19	18,15,19,20,15,17,11,18,22,14	24,23,16,18,15,24,23,24,19,25	19,21,17,17,16,13,15,24,19,15	150	75
4226	0,0,0,0,0,1,0,0,0,0	4,3,1,1,3,5,3,2,9,8	0,0,0,0,1,0,0,0,0,0	2,4,4,3,4,5,3,2,4,0	150	75
4229	1,3,1,2,5,3,4,1,1,2	0,0,1,0,1,1,1,1,2,3	3,6,0,1,1,2,2,3,5,4	2,2,0,1,0,0,1,0,1,1	150	75
4230	0,0,0,0,0,0,0,0,1,0	4,3,8,4,2,8,5,5,4,3	1,0,1,0,0,0,0,1,0,2	5,4,1,1,1,4,2,3,3,9	150	75
4233	12,8,12,10,6,6,15,12,8,5	432,385,378,350,336,379,333,275,337,352	9,20,7,8,5,14,11,11,11,10	361,357,340,338,351,382,402,341,385,297	150	75
4234	4,0,6,1,1,1,0,0,2,1	0,1,0,0,0,0,0,4,0,1	0,1,0,3,0,1,2,2,1,0	0,2,1,0,0,2,0,0,0,1	150	75
4235	5,8,7,4,8,8,7,6,7,5	168,116,138,139,122,140,124,127,74,128	9,8,7,9,3,8,7,5,8,7	141,132,149,119,106,113,135,102,129,127	150	75
4236	2,6,6,4,6,4,2,1,3,4	0,0,0,0,0,1,0,0,1,0	4,5,2,6,2,5,7,2,4,6	0,0,0,0,2,0,0,0,0,1	150	75
4237	4,4,0,1,2,3,0,2,3,1	0,0,0,0,0,0,0,0,0,0	0,0,1,1,4,1,1,2,3,1	0,0,0,1,0,0,0,0,0,0	150	75
4238	3,2,0,2,2,3,0,1,0,1	9,25,21,16,11,22,16,8,10,17	1,5,1,3,1,4,4,1,3,0	18,17,20,16,13,17,20,13,17,12	150	75
4239	0,0,0,0,0,1,0,0,4,1	0,3,3,1,3,2,0,1,1,1	0,2,0,0,0,0,0,0,0,0	1,1,1,1,0,3,0,0,0,0	149	75
4242	2,1,2,2,1,1,1,0,2,0	456,437,515,424,381,409,368,381,398,423	1,0,1,0,1,0,3,1,2,1	510,418,388,392,460,437,444,422,438,365	150	75
4245	0,1,2,0,2,0,1,1,1,1	10,20,5,12,5,7,3,7,5,10	2,2,1,2,2,1,1,2,0,0	15,14,6,7,9,6,9,13,11,2	150	75
4246	5,7,5,4,4,7,10,6,6,7	15,5,6,7,11,7,6,7,10,11	3,7,8,7,8,6,3,3,5,12	8,3,6,8,0,9,9,5,5,8	150	75
4247	71,79,48,92,51,57,63,58,64,74	28,25,27,21,24,22,23,15,18,45	50,68,49,62,73,69,79,62,70,67	16,24,21,18,21,25,31,20,29,17	150	75
4248	91,89,76,101,68,66,77,62,84,78	0,0,0,0,0,1,0,0,0,0	70,73,49,72,96,83,98,65,73,81	1,0,1,1,0,0,0,0,1,0	150	75
4250	152,157,190,145,134,149,146,120,151,150	0,1,0,1,1,1,0,0,2,0	146,165,152,137,138,156,170,158,140,134	2,0,1,1,1,2,1,1,5,2	150	75
4251	0,0,0,0,0,0,0,0,0,0	1,0,0,0,0,0,0,0,0,0	0,0,0,0,0,0,0,2,0,0	0,0,0,0,0,0,0,0,0,0	150	75
4252	0,0,0,0,0,0,1,0,0,0	3,1,0,1,1,1,1,1,2,0	0,0,0,0,0,0,0,0,0,0	0,1,3,0,2,0,1,1,0,0	150	75
4253	0,0,0,0,0,1,0,0,0,0	1,2,1,1,3,3,0,2,3,0	0,0,0,0,0,0,0,0,0,0	1,2,2,3,3,2,1,2,1,1	150	75
4254	19,15,7,20,9,12,24,27,19,12	67,78,83,63,56,68,53,57,50,43	7,24,16,11,13,16,16,14,13,23	67,66,61,58,59,63,77,64,66,55	150	75
4255	2,1,3,4,5,7,1,4,5,2	52,57,61,39,31,41,46,40,39,53	0,1,1,0,2,3,3,2,5,4	45,50,37,48,36,45,47,50,53,40	150	75
4256	0,0,0,0,0,0,1,0,0,0	33,47,53,48,48,47,37,48,46,45	0,0,0,0,0,0,0,0,0,0	33,45,39,48,50,48,53,33,44,52	150	75
4257	0,0,2,1,1,1,1,0,1,0	21,25,32,31,21,26,16,31,28,26	0,0,2,1,0,1,0,0,0,1	22,31,35,29,27,28,21,21,30,24	150	75
4258	24,16,26,17,22,21,23,19,17,13	3,4,2,8,6,3,1,5,8,0	17,17,18,27,20,24,15,16,16,23	1,5,5,5,6,8,2,1,4,4	150	75
4259	46,41,63,48,50,33,41,33,39,36	7,10,4,4,4,10,2,2,2,3	36,53,46,45,45,53,39,43,41,58	11,3,4,3,7,4,5,7,5,5	150	75
4260	0,1,1,1,2,1,1,1,2,0	21,22,21,24,17,18,15,11,20,30	0,1,0,3,0,2,1,1,3,0	22,31,19,26,17,24,19,22,18,19	142	75
4261	1,3,0,2,1,1,1,2,5,1	49,27,36,29,24,20,24,20,29,41	2,3,0,1,2,0,4,1,4,3	31,46,34,33,35,39,35,25,45,20	150	75
4262	0,1,0,0,0,0,2,0,1,0	43,26,44,43,39,49,31,32,28,48	0,1,1,0,0,0,1,0,1,0	34,50,44,22,33,36,48,35,33,38	150	75
4263	9,21,19,14,7,12,14,15,13,17	58,32,55,63,43,50,38,58,61,59	16,22,9,17,16,15,12,24,14,10	45,48,57,57,57,66,61,49,63,55	150	75
4264	1,0,2,0,0,3,3,1,3,2	40,34,30,28,31,27,22,42,39,28	1,3,2,2,4,0,0,0,0,4	22,32,24,36,32,31,35,39,34,20	148	75
4265	12,13,11,12,9,1,9,9,18,8	10,14,11,8,11,5,5,13,13,10	6,14,13,7,6,10,10,7,5,9	8,10,7,10,11,17,12,11,7,11	150	75
4266	1,3,0,1,4,0,2,1,1,1	37,32,27,26,27,37,49,32,34,28	1,1,1,6,1,5,2,1,0,3	38,31,38,42,30,28,48,31,41,30	150	75
4268	0,0,0,0,0,0,0,0,0,0	0,1,0,2,0,0,0,2,1,1	0,0,0,0,0,0,1,0,0,0	0,3,0,0,0,1,0,2,1,1	150	75
4269	0,0,0,0,0,0,0,0,0,0	26,35,24,26,28,24,17,30,21,26	0,0,0,0,0,1,0,1,0,0	28,25,25,24,20,34,30,34,25,23	150	75
4270	0,0,0,0,0,0,0,0,1,0	49,48,43,44,31,39,24,31,47,31	1,1,0,0,0,0,0,0,1,0	40,38,28,28,28,30,50,44,30,36	150	75
