ID	IJC_SAMPLE_1	SJC_SAMPLE_1	IJC_SAMPLE_2	SJC_SAMPLE_2	IncFormLen	SkipFormLen
0	64,65,70,74,70,39,94,78,75,58	0,0,0,0,0,0,0,0,0,0	50,57,59,75,51,67,52,57,110,79	0,0,0,1,0,0,0,0,0,0	1247	75
1	12,13,13,9,13,3,8,6,9,6	6,16,11,12,12,14,19,11,23,6	8,8,5,10,9,14,7,7,16,6	8,14,15,6,13,15,13,15,7,12	2532	75
3	5112,4849,5283,5104,4853,4959,4324,4216,4548,4804	108,95,82,116,69,96,83,72,93,84	4817,5882,4702,4807,4632,5297,5174,4745,5089,4250	97,104,98,73,91,73,101,104,90,71	1545	75
4	23,23,14,18,19,18,18,21,8,7	12,9,12,9,12,10,15,11,10,17	13,17,20,15,16,14,15,17,15,15	12,17,6,18,10,9,13,3,21,9	942	75
5	51,48,46,38,30,52,38,40,52,46	1,2,2,1,1,4,1,2,4,1	58,41,53,57,43,38,48,49,54,45	3,4,2,6,4,0,1,4,2,5	222	75
6	13,11,7,4,13,6,18,14,9,3	151,121,124,76,100,90,112,107,121,126	4,11,8,5,6,5,10,7,5,6	129,113,118,118,127,102,123,89,109,109	180	75
7	5,7,2,3,8,5,4,3,9,5	47,52,51,50,46,32,46,34,29,52	0,5,5,3,3,4,6,4,3,4	60,47,42,50,48,59,48,37,49,37	401	75
8	340,353,365,300,292,276,251,224,255,305	4,4,6,2,2,6,4,2,6,5	290,282,235,271,320,289,311,294,282,321	4,3,2,9,5,4,8,6,4,4	282	75
9	0,0,0,0,0,0,1,0,0,0	19,15,11,9,9,10,7,7,7,7	0,1,0,0,1,0,0,0,0,0	17,13,9,7,11,11,10,7,8,14	941	75
10	1,1,0,0,1,0,1,0,0,0	0,1,1,0,0,0,0,0,0,0	0,2,0,0,2,0,1,0,0,1	0,0,0,0,0,0,1,0,0,0	189	75
11	0,1,0,1,0,0,2,0,0,1	2,2,9,6,1,8,6,9,7,7	0,1,0,0,2,0,1,0,1,0	4,4,1,4,7,4,5,5,4,9	299	75
12	0,1,0,0,0,0,0,0,0,1	10,5,6,7,6,10,8,6,6,8	1,3,0,1,0,0,0,1,0,0	6,16,6,7,9,8,7,10,5,10	249	75
13	51,39,41,44,36,42,19,38,39,46	4,2,0,4,5,3,0,2,4,3	42,62,56,48,38,59,57,41,41,47	2,3,3,4,2,4,4,0,4,4	484	75
14	117,148,106,108,122,125,146,122,127,82	0,3,1,2,1,1,3,2,2,4	119,134,93,170,110,100,100,162,148,116	1,0,2,4,3,3,1,2,0,3	1699	75
15	9,5,7,10,8,3,12,12,9,5	178,212,188,157,182,176,137,137,177,191	8,12,12,12,6,2,6,5,9,6	166,178,165,168,182,163,169,184,153,192	579	75
16	0,1,0,2,1,0,0,3,1,2	66,60,78,45,42,53,58,56,53,42	0,0,1,1,0,0,0,0,2,2	56,66,48,59,76,57,57,54,52,39	303	75
17	11,22,18,19,17,16,14,12,9,19	4,1,4,1,1,1,0,1,2,0	15,25,16,19,25,10,14,11,11,13	1,4,0,0,0,1,1,2,0,4	150	75
18	1096,972,1126,1001,992,882,709,768,874,975	12,6,5,5,4,1,3,5,5,5	969,1036,924,930,885,974,997,880,918,800	7,3,7,7,8,4,2,0,8,4	1502	75
19	0,1,1,3,1,1,0,1,4,0	139,150,144,124,161,139,127,104,111,152	3,1,3,4,3,2,0,2,0,1	150,138,145,145,175,131,114,125,127,98	380	75
20	14,7,6,12,6,8,13,8,4,7	677,603,680,527,545,545,536,467,578,565	7,8,5,10,5,7,8,1,8,13	602,610,553,575,612,558,603,537,567,576	380	75
21	4,4,5,4,0,4,6,6,7,1	984,933,1004,757,787,738,682,680,789,849	5,1,3,4,2,1,4,2,3,4	731,826,813,799,876,892,926,826,794,850	260	75
22	69,64,71,80,50,49,65,69,70,42	1081,983,1070,857,893,843,754,725,886,910	32,83,46,67,42,46,61,45,73,71	864,1015,892,925,962,928,1020,797,863,886	293	75
23	8,8,5,5,5,8,8,7,6,3	1,1,0,0,0,2,0,0,0,1	11,9,1,4,8,6,13,7,6,2	0,0,0,1,0,0,0,0,0,0	170	75
25	5,7,1,0,1,2,6,3,5,2	7,10,2,3,3,8,4,8,15,6	1,7,0,3,2,5,2,3,2,3	5,6,12,8,2,9,10,10,8,6	453	75
26	5,8,3,10,3,2,3,6,6,4	8,14,7,8,7,7,3,8,6,7	3,2,2,6,5,4,3,2,9,1	7,7,3,11,7,4,8,6,3,7	215	75
27	1,0,0,3,0,2,2,2,0,0	4,8,1,1,4,4,1,5,7,5	0,0,0,2,0,0,0,3,1,0	6,7,1,8,1,5,4,6,8,4	209	75
28	3,0,0,0,5,0,3,3,0,10	48,44,58,32,50,34,41,47,40,45	3,1,4,1,1,0,1,3,2,2	43,58,51,53,40,52,41,46,53,37	230	75
29	34,26,26,22,29,16,43,34,25,18	1,2,2,1,3,2,3,2,1,3	26,26,31,23,15,22,16,25,21,23	1,1,3,1,1,2,0,1,1,0	303	75
30	34,26,26,22,29,16,43,34,25,18	38,29,18,17,20,22,15,19,24,28	26,26,31,24,15,22,16,25,21,23	14,16,15,22,16,30,21,11,19,16	306	75
32	7,8,5,10,7,5,8,8,6,6	509,491,483,449,479,481,372,394,444,336	8,5,5,5,6,7,13,10,7,5	389,607,351,396,320,448,465,433,367,434	156	75
33	0,2,1,0,0,0,0,0,1,0	87,90,79,65,65,62,63,56,71,83	1,0,1,0,0,0,1,1,1,0	56,55,67,64,79,72,73,74,68,66	162	75
34	0,0,0,0,0,1,0,0,2,0	4,8,9,5,2,2,3,1,5,9	0,0,0,0,2,0,0,0,0,0	2,4,2,3,5,9,6,12,6,3	220	75
35	9,7,8,10,8,9,5,7,10,5	5,3,7,2,4,7,4,3,3,10	6,11,5,8,14,8,10,9,4,14	3,2,7,2,3,2,6,3,2,7	288	75
36	3,3,1,5,1,2,3,3,3,0	87,89,98,60,79,90,52,67,74,80	2,5,2,3,9,4,4,4,0,5	89,67,65,85,77,84,71,70,84,76	282	75
37	3,6,1,1,2,2,1,3,1,1	2,2,1,1,1,1,1,1,0,0	3,4,0,1,4,3,2,3,1,3	0,0,1,1,1,0,2,4,1,0	301	75
38	4,4,6,5,2,1,2,3,5,2	1,0,1,1,0,0,2,0,0,0	2,2,1,2,2,2,5,5,3,3	1,0,0,1,2,0,0,1,2,1	169	75
39	20,16,18,23,15,18,18,12,19,17	54,46,68,46,50,48,35,39,30,51	16,17,11,19,18,12,17,12,19,17	46,58,40,35,54,68,61,42,39,43	1603	75
40	57,62,42,41,58,37,40,50,53,45	1,1,0,0,0,0,0,1,1,1	50,49,47,42,44,40,46,50,53,44	1,2,1,2,2,0,1,2,2,0	559	75
41	32,44,38,33,29,11,45,46,28,18	225,259,308,270,214,254,226,170,224,211	34,43,20,43,22,30,31,39,34,49	218,209,239,193,253,294,208,242,206,237	265	75
42	21,14,12,18,14,11,18,24,20,8	2,2,3,3,2,3,3,4,4,1	16,14,8,24,13,10,9,12,14,19	6,4,0,2,1,0,8,3,2,1	646	75
43	8,13,10,11,10,15,14,6,11,10	0,0,0,2,0,0,0,0,0,0	10,32,9,7,6,14,6,5,11,13	0,0,0,0,0,0,0,0,0,0	415	75
44	16,22,22,24,25,20,22,25,23,18	292,259,295,157,245,218,193,188,267,247	20,26,21,27,21,6,24,23,35,24	266,211,239,241,245,253,232,236,206,245	169	75
45	4,2,0,0,2,1,2,0,4,1	11,9,8,4,3,4,7,1,8,3	0,0,0,0,2,0,4,1,3,0	5,5,2,0,1,11,13,0,5,0	1451	75
48	262,240,222,266,226,258,278,260,237,214	12,6,8,11,10,6,1,7,4,6	253,295,233,272,252,202,189,262,333,257	11,6,11,6,4,12,3,12,10,5	3457	75
52	4,9,2,9,4,3,7,9,7,6	24,31,30,33,37,22,28,25,29,31	6,5,4,11,4,1,7,8,8,9	37,42,30,24,27,34,34,30,24,27	565	75
53	29,28,20,39,23,29,37,25,20,22	42,30,37,31,44,44,42,33,37,33	37,22,31,35,15,16,32,22,42,23	41,43,44,32,45,24,59,37,56,37	631	75
54	0,0,2,0,0,0,2,1,1,0	47,33,33,30,38,29,26,41,45,30	1,0,2,1,0,1,1,3,2,0	25,32,29,49,35,28,31,40,30,34	459	75
55	13,2,8,10,3,5,9,5,6,10	280,302,291,271,247,310,270,245,268,225	4,8,4,5,7,3,5,13,3,10	319,298,256,254,265,243,293,287,292,241	280	75
56	7,2,6,2,7,0,14,10,4,1	186,202,191,178,136,182,172,141,127,158	8,9,5,7,7,8,12,5,5,4	178,183,168,170,160,177,185,160,163,147	160	75
57	1,0,0,0,0,1,1,0,0,0	315,311,333,288,250,297,298,220,248,315	0,0,0,0,0,0,0,1,0,1	271,305,272,224,285,325,308,240,306,209	155	75
58	1,0,0,0,0,0,0,3,0,4	216,207,195,171,169,177,154,144,172,193	3,1,2,2,2,0,0,2,1,0	199,184,165,153,180,179,176,154,160,133	283	75
59	1,3,1,1,3,0,2,1,3,2	8,8,7,17,15,15,21,10,11,6	2,0,0,2,2,0,2,2,1,2	16,14,13,9,8,13,13,8,15,6	221	75
61	3,9,5,8,4,6,15,8,9,3	22,17,28,20,25,27,14,17,20,27	4,9,4,8,7,6,4,4,19,9	23,17,19,18,22,27,26,20,20,16	1025	75
62	1,5,1,0,1,2,1,1,1,0	28,21,29,22,24,26,19,21,18,30	1,1,5,1,0,0,1,4,1,0	20,22,21,30,36,22,17,29,21,15	148	75
63	8,9,6,4,6,5,10,10,6,6	0,0,0,0,0,0,0,0,0,0	5,7,5,5,4,6,5,3,10,4	1,0,0,1,0,1,0,0,0,0	168	75
64	78,66,85,88,75,69,86,56,82,60	1,1,1,0,0,1,1,0,0,1	73,68,54,56,81,59,73,64,69,52	1,1,0,1,0,0,2,0,0,0	169	75
65	1,1,1,4,0,6,4,0,0,2	2,2,1,6,2,4,2,2,4,1	3,4,2,5,2,1,1,7,4,3	2,2,3,5,3,9,2,6,4,1	1257	75
67	1,3,2,6,1,2,5,2,2,11	44,46,56,48,46,41,41,43,35,44	2,5,0,5,2,3,6,1,3,5	39,51,36,39,37,35,35,52,42,27	279	75
68	25,32,16,14,20,22,37,27,34,30	3,2,0,2,1,0,5,1,2,3	17,25,22,26,29,21,19,27,23,24	0,2,1,0,4,2,1,1,2,2	2205	75
69	0,2,0,0,1,0,1,0,0,1	4,0,1,3,4,3,2,3,3,1	0,0,0,0,0,0,0,0,0,0	0,5,1,3,2,6,5,0,3,4	196	75
72	0,0,0,0,0,0,5,0,1,0	0,0,0,0,0,0,0,0,0,2	1,0,1,1,0,0,0,0,0,0	0,0,0,0,0,0,0,0,0,0	147	75
73	23,19,20,16,9,13,16,13,18,16	13,6,9,6,5,9,6,10,7,7	17,19,13,18,20,23,19,12,14,19	13,7,9,12,10,6,13,7,9,11	203	75
74	0,0,0,1,0,0,0,0,0,0	0,1,3,3,0,1,0,3,1,1	0,0,0,0,0,0,0,0,0,0	2,2,1,1,0,2,0,0,1,3	284	75
75	17,8,12,4,11,7,10,14,8,4	27,26,28,26,30,32,25,31,29,39	7,18,5,9,13,8,8,14,6,10	23,32,29,27,26,22,21,31,27,24	823	75
77	1,0,1,2,0,0,1,1,0,0	1,0,0,0,0,0,1,0,1,0	1,0,0,0,1,0,1,1,0,0	0,0,0,0,0,0,0,0,0,0	852	75
78	4,3,7,4,6,2,6,6,6,10	112,132,133,139,111,114,90,106,106,144	4,5,9,4,4,2,4,4,3,7	127,104,129,126,110,133,116,135,109,114	530	75
80	0,0,0,0,0,1,0,1,0,0	4,6,4,3,2,0,1,1,1,0	0,0,0,0,0,0,0,0,1,0	5,2,3,0,0,3,3,0,0,0	159	75
81	4,0,1,0,2,3,1,0,0,0	4,6,2,1,2,0,0,0,0,0	0,0,0,0,1,2,0,1,4,0	6,4,1,0,0,1,2,1,0,0	287	75
83	2,3,3,0,3,2,3,1,1,4	1552,1377,1494,1455,1319,1437,1182,1129,1259,1285	3,2,2,0,1,0,3,0,1,1	1363,1473,1334,1222,1314,1392,1417,1276,1226,1310	832	75
84	0,0,0,0,0,1,0,0,0,2	3,5,3,5,3,1,1,1,3,2	0,0,0,2,0,1,0,0,0,1	1,6,4,2,0,0,2,2,2,2	202	75
85	0,2,0,2,1,0,0,0,2,0	7,2,4,3,4,5,4,4,3,3	0,0,0,0,0,0,0,0,1,0	1,16,4,4,4,2,7,2,2,2	180	75
86	14,11,19,14,7,8,16,10,14,11	0,0,1,0,0,0,0,1,2,0	8,13,9,7,7,15,13,8,11,9	0,0,1,0,0,3,0,1,1,0	246	75
87	0,1,0,0,0,0,0,1,1,0	18,11,16,10,10,16,8,9,10,10	0,0,0,2,0,0,0,0,0,0	15,16,10,11,7,16,9,13,9,8	241	75
88	0,0,0,1,0,0,2,0,0,0	25,11,17,8,6,13,11,16,9,14	0,0,0,0,1,1,1,1,0,0	9,20,10,9,12,2,15,17,9,10	190	75
91	1,2,0,1,0,1,0,0,0,2	37,35,33,43,35,42,34,25,34,33	0,0,1,0,1,0,0,0,4,1	39,35,44,30,32,37,34,34,34,33	413	75
95	1,0,0,0,0,0,0,0,1,1	7,4,5,5,3,5,6,6,3,3	0,0,0,2,0,0,0,0,0,0	2,3,1,6,3,3,5,3,7,5	173	75
96	15,4,8,7,12,9,8,4,6,3	8,13,7,13,15,13,12,12,13,8	5,7,8,14,9,10,10,6,12,14	9,13,10,7,15,13,8,10,10,4	443	75
97	21,21,15,19,22,20,20,19,18,17	2,0,1,3,3,3,3,2,1,2	10,10,7,14,14,10,19,14,14,14	4,5,1,2,2,3,1,3,0,2	189	75
98	3,5,3,11,6,6,15,4,10,4	116,115,125,90,98,121,90,74,92,92	5,6,6,5,1,2,4,5,8,9	103,109,85,101,97,93,90,104,106,95	1075	75
99	40,50,31,47,49,56,36,31,50,37	0,3,0,1,1,0,0,0,1,0	45,52,38,35,27,39,32,39,48,45	2,2,0,0,3,2,1,0,1,0	1102	75
101	4,2,3,4,8,4,6,5,5,10	14,10,13,19,16,27,13,16,19,17	4,5,6,7,7,1,8,5,4,7	16,19,15,17,12,13,21,15,18,15	335	75
102	15,6,11,6,9,12,11,13,17,4	254,214,233,213,208,240,188,205,207,157	12,16,5,7,9,7,4,13,6,9	219,271,174,192,182,227,215,183,209,227	705	75
103	1,2,1,2,0,2,1,2,0,3	180,190,187,162,139,154,167,104,127,145	3,2,1,5,1,0,3,0,3,2	144,153,131,124,132,186,160,132,127,118	178	75
104	9,1,8,4,3,6,4,7,3,4	53,46,61,36,40,38,40,50,45,39	3,3,7,3,4,3,2,8,2,7	45,39,45,34,39,43,45,36,29,38	263	75
105	7,6,10,9,7,7,11,7,8,1	31,22,35,35,21,36,27,30,37,31	9,9,7,5,7,8,6,3,10,6	39,30,25,32,30,33,30,39,22,27	250	75
106	15,10,10,9,9,7,11,12,8,9	44,28,39,21,32,30,25,25,42,48	7,6,4,15,18,9,6,4,14,8	32,36,31,30,26,40,18,27,22,29	315	75
107	13,8,7,9,8,7,10,10,8,9	0,0,0,0,0,0,0,0,0,0	6,6,3,11,15,9,5,4,12,8	0,1,0,0,0,0,0,0,0,1	217	75
108	3,2,6,7,3,4,1,3,1,5	33,32,41,39,34,28,31,29,18,54	7,4,7,4,7,13,6,4,5,3	37,34,31,32,35,35,32,35,29,30	211	75
109	63,82,58,73,68,82,65,79,64,89	4,8,2,5,4,2,3,2,1,3	65,92,77,60,95,73,59,89,66,64	5,7,7,9,9,4,4,5,5,3	198	75
110	0,3,3,2,0,3,2,2,1,1	1,4,3,7,4,5,4,1,4,4	0,2,1,2,1,3,1,1,1,1	6,8,2,7,2,7,4,12,8,2	406	75
112	0,2,0,2,0,1,3,4,3,3	69,84,99,70,68,54,74,48,58,72	0,1,1,0,5,2,0,1,5,1	70,69,66,60,69,82,55,51,68,72	153	75
113	251,209,234,193,213,220,161,179,190,218	2,3,4,7,9,4,7,2,6,4	238,224,215,191,211,192,227,204,177,239	7,7,3,7,5,3,4,1,3,7	189	75
114	8,4,3,4,7,3,4,5,4,10	375,335,331,263,322,340,279,292,288,323	6,2,3,11,7,4,8,4,5,5	366,379,352,265,324,326,285,314,325,311	738	75
115	88,126,108,92,109,133,101,118,98,100	0,1,1,2,2,1,0,2,2,1	112,113,104,87,127,101,108,113,126,110	1,2,2,5,1,2,3,1,2,0	437	75
116	2,8,11,6,9,2,10,8,5,6	98,93,103,90,75,76,67,77,67,94	6,5,4,12,3,7,8,9,7,6	77,109,77,91,92,62,93,76,91,83	481	75
117	2,1,1,0,0,1,1,0,0,3	36,25,28,23,29,29,35,28,24,30	2,1,1,2,1,1,0,0,0,1	38,17,20,22,25,31,32,16,26,25	305	75
118	73,74,72,78,63,62,59,54,79,65	145,113,128,121,146,104,123,121,110,122	54,81,67,59,66,57,73,56,56,61	129,147,110,110,137,153,138,111,113,126	1493	75
119	158,167,168,179,164,205,170,165,159,155	50,32,40,36,33,28,39,34,26,36	141,197,167,135,170,179,189,175,167,165	40,48,36,27,42,30,34,47,39,23	1563	75
121	2,0,1,0,0,0,0,1,2,0	33,51,59,39,24,45,40,52,39,45	0,0,0,0,0,1,0,0,0,1	41,53,42,49,45,37,29,37,49,38	162	75
122	0,0,0,0,2,0,0,1,2,0	20,26,25,28,19,20,21,23,29,30	2,0,2,1,1,2,1,0,1,0	22,34,35,29,24,35,22,30,25,38	162	75
123	6,2,6,4,4,2,6,4,4,2	33,28,37,25,17,31,18,16,29,16	2,2,5,7,3,1,2,4,6,5	27,32,20,26,22,32,18,29,22,19	592	75
124	1,2,1,1,1,0,1,2,1,0	33,39,39,35,25,29,32,19,37,27	1,0,0,1,3,0,0,0,0,3	21,42,37,20,29,22,32,44,28,43	169	75
125	4,3,5,1,5,0,3,4,2,3	36,43,29,33,27,35,21,35,30,49	4,2,0,3,2,2,0,0,2,3	26,33,43,37,31,30,35,35,24,34	330	75
126	34,37,28,37,25,18,29,28,18,28	0,0,0,0,0,2,0,0,1,0	38,37,25,27,42,44,28,30,33,31	0,1,0,0,0,0,1,0,0,0	544	75
127	1,0,0,0,1,0,1,2,1,0	52,58,39,35,41,41,33,23,33,44	3,0,0,0,1,1,0,3,0,0	43,49,32,32,22,33,47,40,41,43	160	75
128	0,0,0,0,0,0,0,0,0,0	1,6,3,3,3,1,2,5,1,0	0,0,0,0,0,0,0,0,0,1	3,6,1,4,2,8,2,5,7,2	194	75
129	13,13,15,24,12,12,6,9,10,16	0,0,0,0,0,0,0,0,0,0	9,21,8,14,7,28,12,13,12,10	0,0,1,0,0,2,0,1,0,0	591	75
130	0,0,0,0,0,0,0,0,0,0	0,0,0,0,0,2,0,0,0,0	1,0,0,0,0,0,0,0,0,0	0,1,0,1,0,0,0,0,0,0	160	75
131	0,0,0,0,0,0,0,0,0,1	0,0,0,0,0,1,0,0,0,0	0,0,2,0,1,0,0,0,0,0	0,0,0,2,0,0,0,0,0,0	152	75
132	2,1,2,0,1,0,0,1,0,0	1,0,0,0,0,0,0,0,0,0	0,0,0,1,0,0,0,0,0,0	1,0,0,0,0,1,1,1,1,0	362	75
133	0,2,0,1,0,1,2,0,0,0	1,0,3,2,7,2,6,0,2,0	0,0,0,0,1,1,0,0,1,0	1,2,2,0,0,3,1,1,0,1	555	75
134	0,0,0,0,0,0,0,0,0,0	2,1,5,1,2,4,3,2,6,1	0,0,1,0,0,0,0,0,0,0	0,2,1,6,3,2,3,1,4,1	530	75
135	0,0,0,2,1,0,0,1,2,0	3,5,0,6,3,2,1,7,1,1	1,0,0,0,6,0,0,0,0,0	2,1,3,3,1,3,1,3,0,1	386	75
136	0,0,1,0,0,0,0,0,0,0	86,52,69,56,59,68,53,42,53,66	0,0,0,0,0,0,0,1,0,0	66,50,45,54,65,56,71,60,53,39	236	75
137	4,12,9,9,10,4,12,6,6,3	1,1,2,2,1,0,0,1,0,3	10,16,15,3,5,4,8,7,7,13	0,0,1,1,1,0,0,1,0,2	699	75
139	3,10,10,12,1,4,10,19,3,7	0,0,1,1,0,1,4,1,0,1	9,9,4,8,6,6,6,8,7,9	0,1,1,0,0,0,2,1,1,1	160	75
140	5,11,11,15,1,6,15,23,4,10	10,4,9,7,7,6,7,1,8,9	15,10,6,10,10,10,9,9,12,10	5,5,3,3,11,5,5,2,10,8	186	75
142	31,28,25,35,42,25,27,30,41,29	41,53,39,35,46,44,31,43,28,43	32,25,24,32,30,33,32,14,26,20	48,54,36,38,34,51,39,34,32,47	195	75
143	29,23,30,35,22,26,39,15,30,34	2,0,0,2,0,1,0,0,0,0	27,30,23,28,24,40,32,40,30,23	0,1,1,0,1,0,1,0,2,0	201	75
144	85,80,76,101,60,48,80,73,88,49	144,94,137,122,119,109,74,87,99,139	65,89,63,65,79,66,68,67,80,79	110,125,89,91,105,93,136,101,107,98	898	75
145	8,2,3,6,1,5,9,3,3,4	131,134,104,97,127,100,93,106,94,112	5,4,6,5,3,4,1,3,7,4	117,134,91,101,107,129,110,102,131,127	242	75
147	22,25,27,11,16,19,16,11,17,18	0,0,0,0,0,1,0,0,0,0	15,19,17,13,21,13,24,12,17,17	0,0,2,1,0,0,0,0,1,0	684	75
148	0,0,2,0,0,0,0,0,0,0	1,6,1,0,1,2,2,1,1,2	0,1,0,0,0,0,1,0,0,0	1,1,2,0,2,4,4,1,3,1	155	75
149	15,14,23,19,20,25,21,17,26,19	63,60,56,53,69,45,56,40,55,73	22,27,18,18,12,22,18,17,35,23	58,72,76,76,65,72,66,80,70,64	2193	75
150	5,10,6,12,13,6,10,9,13,7	69,65,64,71,71,72,39,44,58,69	11,5,7,9,7,3,7,12,13,6	65,59,77,75,53,66,81,68,68,61	2134	75
151	0,0,0,0,0,0,0,0,0,1	78,90,109,99,54,82,75,72,67,75	0,0,0,0,0,0,0,0,0,0	65,84,69,70,81,92,73,71,68,75	162	75
152	3,2,3,2,2,1,2,3,4,4	140,175,148,132,156,150,122,103,151,139	2,5,4,2,2,1,1,4,1,5	124,160,133,129,142,116,160,145,135,128	195	75
153	22,38,35,29,24,15,20,15,26,21	91,62,84,70,81,82,62,60,83,57	17,24,23,35,20,23,24,23,34,28	81,64,74,57,69,78,74,73,78,71	1677	75
154	47,58,67,55,49,57,68,66,73,49	0,0,0,0,0,0,0,0,0,0	63,48,56,63,62,71,43,53,70,56	1,1,0,1,0,0,0,0,0,0	1187	75
156	51,36,23,35,39,30,26,32,46,27	15,21,24,23,23,16,16,11,17,16	27,37,36,33,32,30,48,32,52,35	15,25,13,7,13,16,7,9,7,9	953	75
157	58,43,30,41,44,42,33,35,54,30	5,5,2,1,2,5,6,5,3,2	30,41,44,33,33,34,58,40,56,41	2,5,1,3,9,5,2,6,2,2	966	75
158	2,5,4,3,7,6,5,6,11,8	50,34,50,33,34,38,41,33,39,38	5,7,6,3,8,2,7,8,7,7	33,49,37,24,37,45,36,29,31,21	821	75
159	2829,2722,2786,2346,2321,2308,2115,2205,2376,2537	71,67,74,80,54,73,65,55,65,70	2201,3155,2344,2349,2293,2678,2426,2089,2185,2246	56,70,62,55,65,64,71,71,47,48	190	75
161	0,8,2,4,2,2,1,6,5,2	25,25,13,26,27,26,37,24,20,24	1,2,2,3,3,1,1,4,1,4	26,26,28,29,29,35,27,19,23,29	162	75
162	9,14,11,14,10,7,10,10,11,7	52,50,42,64,33,43,37,38,41,50	9,12,7,9,6,5,9,5,7,11	36,41,45,33,48,33,38,35,29,41	219	75
163	0,0,1,1,0,0,2,1,4,1	25,15,23,21,24,17,10,22,25,23	2,1,0,3,0,1,2,0,0,0	27,28,34,19,35,26,33,24,24,14	658	75
164	12,4,9,9,7,8,8,6,10,6	46,32,76,35,42,40,35,34,39,39	5,6,9,7,4,9,5,10,6,10	37,37,28,37,39,37,42,35,35,28	1301	75
165	5,5,10,10,13,9,9,11,11,5	48,32,43,39,25,41,48,48,37,38	13,10,8,8,12,10,11,8,5,2	36,39,38,33,57,36,36,36,32,28	1453	75
166	5,4,1,2,3,6,11,6,6,5	17,29,33,9,20,15,17,21,21,20	1,3,3,7,9,3,6,1,3,2	16,19,9,19,18,13,27,16,16,28	972	75
167	7,8,2,9,10,6,6,9,8,5	3,1,1,3,7,6,2,1,2,2	7,7,8,8,3,6,2,5,11,4	2,1,1,1,7,6,3,3,2,2	348	75
168	26,33,27,28,31,31,22,25,34,28	0,0,0,0,0,0,0,0,0,0	24,27,25,37,27,30,37,21,38,27	0,0,0,0,0,0,0,0,0,2	643	75
169	40,52,42,41,49,45,38,35,44,46	0,0,0,0,0,0,0,0,1,0	39,38,38,57,38,44,53,38,51,45	0,2,0,1,0,0,0,0,0,0	810	75
170	3,1,0,1,0,0,0,0,1,0	5,4,6,2,8,6,4,4,6,6	1,0,0,0,1,3,0,0,0,1	4,5,6,4,5,5,2,6,4,5	538	75
172	24,20,19,16,7,15,15,18,19,9	430,403,421,369,365,335,366,253,323,334	19,28,13,18,13,14,12,21,22,19	373,384,410,367,369,360,428,341,312,362	384	75
173	0,0,0,2,0,0,0,1,3,0	57,83,77,68,57,60,57,67,62,63	0,2,0,0,0,0,2,1,1,3	63,74,66,69,56,76,50,52,69,54	512	75
174	0,0,1,0,0,0,0,0,0,0	0,1,2,2,0,0,0,1,0,1	0,0,0,0,0,0,0,0,0,0	0,1,0,0,0,1,1,0,1,0	1140	75
175	2,2,0,4,1,1,0,2,1,1	19,12,25,19,15,9,21,20,17,10	0,3,0,0,0,0,1,1,2,0	15,24,11,19,16,27,15,15,15,9	311	75
177	2,2,3,0,3,1,4,2,4,0	1,3,6,3,4,3,2,5,8,2	2,0,5,2,1,0,3,6,5,1	2,7,2,4,9,6,3,5,6,2	223	75
180	54,53,75,52,68,47,53,51,48,54	8,6,9,6,7,4,6,4,8,12	66,63,59,56,50,55,52,40,38,46	8,8,4,9,11,12,5,7,8,6	171	75
182	4,1,6,3,1,2,3,2,0,2	20,26,15,21,29,17,21,29,13,9	1,2,2,2,1,0,0,1,0,9	25,18,17,15,27,20,24,18,17,22	261	75
185	143,171,196,170,164,190,174,161,147,169	6,1,2,1,4,1,1,5,2,2	159,158,156,155,196,156,162,174,196,149	1,4,1,1,2,1,2,0,0,2	193	75
187	5,4,2,6,7,5,9,3,4,4	46,51,44,35,40,39,44,34,34,50	2,6,6,7,4,6,0,4,3,4	41,57,46,38,51,38,50,53,34,53	1017	75
188	4,5,9,2,2,3,5,3,4,0	108,107,133,85,106,82,108,76,89,94	3,1,1,6,2,5,5,6,3,10	114,107,97,83,102,100,109,81,92,91	343	75
189	40,34,56,44,39,40,42,45,50,30	3,1,0,0,0,0,0,0,0,0	27,40,23,34,23,31,32,46,45,48	1,1,0,0,0,0,0,0,0,0	672	75
190	23,16,26,26,18,13,30,27,29,10	105,85,105,74,77,101,97,59,91,83	20,19,13,24,15,16,15,31,23,21	85,84,54,74,79,59,62,61,96,62	324	75
191	48,49,34,41,39,32,64,38,39,57	106,90,121,107,96,130,84,88,74,106	59,50,36,58,45,34,33,31,72,56	119,103,91,98,90,111,86,97,89,82	452	75
193	4,4,8,7,6,7,2,4,7,2	3,1,1,1,0,9,7,7,3,4	2,5,4,3,8,7,4,4,2,8	5,3,7,1,3,2,6,4,4,4	230	75
194	21,14,19,20,20,26,24,18,13,9	0,0,0,0,1,1,0,0,0,0	12,21,23,13,14,19,23,4,14,18	0,1,0,0,0,0,1,0,0,0	161	75
195	0,1,2,1,0,0,1,0,0,2	1,0,0,3,0,0,0,2,1,0	0,2,0,0,3,1,0,1,0,2	1,0,1,1,0,0,1,0,2,1	410	75
196	1,0,3,1,1,6,5,7,0,0	207,209,229,187,200,149,163,169,184,195	0,3,0,4,5,2,2,2,5,4	175,189,167,185,197,207,205,199,181,175	227	75
197	13,6,6,11,5,5,3,3,8,4	132,163,150,123,154,134,124,96,144,161	2,6,2,4,3,2,2,2,8,5	124,135,127,141,147,145,138,137,123,122	303	75
198	0,1,0,0,0,0,0,0,0,0	0,0,0,0,1,0,0,1,0,0	0,1,0,0,0,0,0,0,0,0	0,0,0,0,0,0,0,1,0,0	137	75
199	3,0,4,2,5,3,3,3,0,1	261,206,263,212,226,198,186,163,197,241	2,1,5,3,5,1,0,2,3,5	195,244,193,250,225,227,235,211,236,202	155	75
200	1,0,0,0,0,0,0,0,1,1	20,17,18,13,11,14,8,13,13,9	0,1,0,0,0,0,0,0,0,0	14,11,9,16,20,14,16,6,12,10	1186	75
202	1,0,1,1,2,4,2,3,2,3	2,1,2,1,2,1,2,1,0,0	0,5,2,2,2,1,2,0,7,0	0,2,6,0,1,2,1,1,1,0	173	75
203	2,1,3,3,3,2,4,4,5,1	131,111,149,86,99,119,77,92,95,107	1,4,1,0,0,2,2,3,1,2	103,128,104,121,110,113,147,110,99,120	1349	75
204	0,1,1,2,1,0,1,2,2,1	24,24,19,19,21,26,11,14,20,19	3,1,2,0,1,0,0,0,1,0	23,9,19,19,18,18,29,10,18,16	363	75
206	1,0,1,1,0,2,1,1,1,1	26,17,17,18,25,19,24,24,26,19	1,2,1,2,1,2,4,5,3,2	15,26,19,28,24,29,35,25,14,28	721	75
207	4,1,0,2,0,1,1,0,0,1	38,19,36,36,32,23,31,22,32,28	1,1,0,1,1,1,2,0,0,1	30,27,17,24,20,29,33,18,31,23	149	75
208	1,3,1,1,0,1,3,5,3,4	49,68,69,53,71,52,64,40,66,55	0,2,1,2,0,4,1,3,2,3	54,67,66,56,59,51,65,61,58,46	142	75
209	0,4,2,2,3,0,1,1,0,0	40,46,64,51,64,47,47,36,50,49	1,1,3,3,2,2,2,0,2,1	36,58,45,38,52,40,42,33,40,36	260	75
210	31,26,31,26,35,31,23,17,22,24	0,0,0,0,0,0,0,0,0,0	19,35,30,22,25,23,33,19,27,22	0,0,0,0,1,0,0,0,0,0	290	75
211	1,3,5,4,4,3,6,4,6,4	55,42,74,58,68,73,56,38,38,52	1,6,2,3,2,2,2,0,3,6	58,53,60,75,72,52,41,51,49,51	163	75
212	23,28,31,24,37,31,35,29,24,35	54,71,62,47,35,39,36,40,43,44	31,46,34,33,36,38,33,37,51,34	47,44,32,32,45,27,58,29,44,41	800	75
213	118,105,129,96,112,90,103,100,87,111	0,0,0,0,0,0,0,0,0,0	104,111,82,107,98,98,118,84,113,75	0,0,2,0,0,0,0,0,0,0	1035	75
214	12,7,5,15,9,4,10,3,7,4	41,32,30,29,25,29,25,27,32,40	11,7,9,11,12,5,5,6,14,9	40,21,28,31,22,43,52,24,33,17	164	75
215	2,0,1,0,0,0,0,2,3,0	4,8,10,5,3,4,8,5,6,5	0,2,0,0,0,0,1,1,0,0	2,8,3,9,3,1,6,5,6,0	1408	75
217	4,2,2,6,0,0,8,0,7,2	2,6,11,2,0,1,4,2,2,5	2,4,1,1,3,2,0,1,3,4	2,2,1,3,2,10,3,3,0,2	305	75
218	0,1,0,3,0,0,2,2,2,0	2,6,8,8,1,6,3,4,5,7	0,0,2,1,0,1,0,2,2,1	1,4,4,0,4,2,4,1,3,2	1025	75
220	12,6,7,6,8,10,16,5,5,11	4980,4995,5263,4607,4368,4773,4317,3629,4427,4483	8,8,6,8,8,5,8,5,7,11	4724,4812,4559,4206,4760,4924,4796,4348,4329,4236	155	75
221	1,6,1,1,3,5,1,0,3,3	32,34,47,23,28,39,38,30,28,33	2,1,0,0,2,2,1,3,4,0	37,40,31,32,33,31,36,32,38,23	591	75
222	34,48,43,34,47,52,35,32,27,46	87,101,94,73,82,102,55,85,82,85	40,61,39,48,30,34,40,40,38,46	98,94,111,109,83,85,55,88,71,62	173	75
223	33,48,43,33,47,52,35,32,27,46	15,12,10,6,9,11,6,8,9,6	40,61,39,48,30,34,38,40,38,46	10,19,13,16,11,8,9,11,10,8	168	75
224	7,10,12,8,8,3,8,11,9,7	76,64,68,52,63,53,42,51,69,36	4,10,8,6,7,5,8,11,9,9	48,51,61,48,53,57,63,57,54,50	225	75
225	15,11,9,12,3,13,17,12,12,10	2,1,2,0,0,1,0,0,0,3	11,15,9,10,13,9,18,15,8,16	0,0,1,2,1,0,1,1,0,0	167	75
226	16,14,10,19,6,19,24,18,14,11	55,38,47,42,26,35,35,27,39,42	14,23,12,17,19,12,22,22,12,20	34,47,46,34,29,54,39,34,32,32	349	75
227	1,3,2,7,3,8,8,8,3,1	2,1,8,0,0,2,0,1,1,1	4,12,4,8,7,3,7,8,4,4	1,2,1,2,0,1,0,3,0,0	213	75
228	2,2,2,2,5,1,4,5,5,1	55,60,57,43,35,41,45,52,40,45	2,4,3,5,1,4,4,6,6,3	29,49,40,46,56,35,60,44,62,59	896	75
229	4,2,1,2,1,3,3,0,0,2	19,12,17,17,14,11,14,10,18,17	1,0,1,2,2,2,1,1,7,3	14,11,18,7,21,20,13,13,20,16	194	75
231	35,35,31,42,32,27,40,31,46,22	4,1,3,2,1,1,1,2,2,1	30,36,35,34,32,35,30,29,38,37	0,0,0,2,4,0,2,0,0,2	387	75
232	38,37,33,46,38,29,43,38,46,23	5,11,14,9,6,7,8,4,1,9	31,38,39,39,32,35,36,32,41,41	13,14,11,17,11,7,10,11,11,10	418	75
233	13,19,9,15,7,9,22,7,7,7	12,9,10,12,7,6,3,3,3,11	6,14,5,14,5,13,6,10,9,2	12,6,4,6,11,10,12,9,6,12	279	75
234	14,12,13,16,14,9,20,13,7,11	12,15,15,7,9,8,13,9,18,18	12,12,9,14,14,4,10,16,2,18	8,15,19,15,12,10,10,8,14,15	215	75
235	0,0,0,0,0,0,0,0,0,1	5,10,9,12,9,7,11,11,20,13	0,0,0,0,0,0,0,0,0,0	16,10,8,9,7,9,8,10,15,7	831	75
236	3,0,0,0,1,0,0,0,0,0	28,20,27,19,20,15,24,28,16,26	1,0,0,1,0,3,1,0,0,2	24,15,19,16,21,28,27,21,17,17	1218	75
237	1,0,0,0,0,1,3,1,0,0	60,73,47,56,63,54,52,50,74,55	0,4,0,0,0,0,1,0,1,0	37,63,66,52,42,61,52,53,43,51	500	75
238	1,2,1,0,0,4,1,3,1,4	3,5,4,4,3,2,3,1,2,7	1,3,1,5,1,1,3,1,1,0	1,4,1,5,4,9,7,1,5,2	1142	75
241	393,399,447,382,380,327,392,304,366,403	8,13,11,12,7,13,8,5,9,6	377,474,355,347,390,363,370,321,363,307	6,12,2,12,6,9,13,12,5,10	2171	75
242	124,141,121,133,116,98,160,99,119,133	298,263,304,229,269,229,221,203,267,269	112,156,101,130,117,98,85,105,129,98	256,299,285,242,245,281,281,242,233,211	2098	75
243	2,0,0,0,1,3,0,0,1,6	0,1,4,1,0,3,1,1,0,2	0,2,0,0,0,5,4,0,2,0	1,0,0,2,0,4,2,0,0,0	181	75
244	1,0,0,0,0,3,0,2,3,1	1,4,1,0,0,0,2,1,1,0	0,1,0,0,0,1,0,1,3,0	1,0,0,1,0,0,1,0,0,0	298	75
245	12,23,22,14,8,15,19,15,8,16	23,20,22,24,31,22,40,26,21,23	10,10,15,13,14,13,19,17,16,25	19,38,19,19,22,34,26,47,17,27	193	75
246	17,17,17,6,17,5,5,14,16,9	0,0,0,0,0,0,0,1,0,0	23,22,12,10,10,16,12,14,15,8	0,0,0,0,0,0,0,0,0,0	1628	75
247	2,1,2,3,0,1,1,0,1,1	0,3,2,1,2,1,1,1,0,3	2,1,1,4,0,0,0,3,0,0	0,2,0,2,0,1,0,2,1,0	179	75
248	1,0,1,2,0,1,0,1,0,0	1,0,0,0,0,1,0,1,1,0	0,0,0,0,0,0,0,0,0,0	0,1,1,2,1,0,1,0,2,0	146	75
249	0,0,0,0,1,0,0,3,0,0	1,1,1,2,2,1,1,0,1,1	1,0,1,0,1,2,3,1,4,3	2,0,0,2,1,0,1,0,1,1	361	75
250	10,3,7,10,6,4,4,4,10,5	79,89,104,74,85,97,73,83,96,86	6,8,5,10,6,9,10,10,8,9	82,64,94,68,78,94,78,71,88,70	1784	75
251	2213,2039,2268,2208,1951,2001,1824,1768,1829,1804	0,0,0,0,0,0,0,0,0,0	2017,2041,1907,1921,2015,2106,2114,1827,2035,1755	0,0,0,0,1,0,0,0,1,0	1245	75
252	6,10,5,11,4,2,4,5,7,5	301,316,398,309,283,314,279,275,275,291	3,12,2,2,6,5,7,3,2,6	342,306,316,300,337,339,336,327,283,339	1173	75
253	205,208,168,192,194,194,191,184,228,163	18,10,10,12,11,23,8,17,22,7	188,211,130,238,145,154,164,218,204,178	6,14,16,15,18,10,16,12,17,9	3130	75
254	125,141,124,117,128,127,90,101,122,120	0,0,0,0,0,0,0,0,0,0	125,143,108,86,126,102,131,109,88,108	0,0,0,0,0,0,0,2,0,1	1130	75
256	3,4,1,1,1,7,5,4,4,1	100,90,110,100,71,90,78,92,79,95	3,1,4,4,5,3,1,3,13,8	66,105,77,96,91,116,117,89,90,74	1182	75
257	0,1,0,0,1,0,0,3,3,1	0,0,2,1,1,3,2,1,6,2	0,1,0,0,1,1,2,0,0,1	1,1,0,1,0,1,2,0,1,3	160	75
258	1,7,7,3,11,4,6,7,5,4	138,127,128,101,129,120,106,116,123,113	6,3,9,4,8,3,2,5,5,4	119,111,104,119,125,117,125,120,96,111	209	75
259	9,4,5,6,10,7,5,10,13,6	17,16,18,20,13,19,15,18,16,33	5,11,6,8,5,4,7,10,8,11	18,17,26,20,24,23,24,21,23,12	311	75
260	0,2,1,2,4,1,0,2,0,0	25,21,23,28,22,21,12,21,22,17	0,0,3,2,0,1,2,0,2,1	16,20,18,19,23,19,32,18,15,20	189	75
261	4,2,1,1,0,2,3,1,8,2	5,3,5,2,2,0,2,6,6,7	0,0,2,1,2,0,2,2,1,2	0,4,6,5,3,8,7,5,6,5	150	75
262	11,3,6,7,6,3,2,5,4,6	4,1,0,4,1,1,3,1,1,2	7,8,3,3,4,10,11,3,11,3	3,3,0,1,2,1,4,2,1,0	188	75
263	21,16,8,12,10,7,20,24,15,6	50,41,53,35,43,47,38,31,32,42	9,18,7,12,7,5,7,16,21,22	39,33,33,44,32,39,42,24,42,34	421	75
264	8,7,12,15,8,6,20,7,21,3	49,63,38,35,32,49,36,37,35,34	7,11,8,10,5,9,10,9,5,23	47,54,44,48,41,41,45,33,44,28	388	75
265	3831,3691,4022,3254,3368,3550,2848,2880,3171,3491	48,52,49,40,35,43,39,40,36,33	3324,4010,3424,3157,3364,3553,3344,3284,3209,3433	67,53,43,33,47,42,35,40,55,38	497	75
266	3712,3559,3887,3157,3224,3432,2740,2774,3068,3380	9,15,22,10,17,14,16,12,11,7	3199,3851,3312,3067,3257,3459,3238,3184,3100,3321	10,7,9,10,7,2,6,10,13,11	478	75
267	3592,3447,3754,3042,3130,3331,2655,2684,2961,3289	11,5,12,5,9,10,6,12,7,7	3094,3733,3186,2969,3146,3366,3117,3090,3009,3208	8,11,5,10,4,9,12,3,6,9	456	75
268	6,6,5,2,8,10,5,1,8,3	600,573,613,528,560,543,471,470,500,567	5,5,4,5,3,1,8,7,7,9	582,633,520,545,594,598,513,513,550,485	260	75
269	3,2,2,2,1,0,2,2,1,1	22,27,20,13,20,13,9,8,18,19	2,6,3,0,3,2,0,3,1,2	14,25,16,17,15,16,15,18,14,18	207	75
270	7,9,5,9,13,3,9,10,9,7	2143,2032,2047,1899,1892,1793,1687,1604,1925,1866	2,6,8,6,6,5,9,7,7,5	1854,2027,1934,1887,1870,2016,2058,1756,1844,1901	188	75
271	3980,3706,3973,3658,3475,3344,3276,3172,3658,3435	163,170,171,155,158,157,152,178,174,151	3376,3571,3499,3618,3527,3643,3656,3433,3435,3350	189,213,142,177,163,180,173,135,210,136	112	75
272	0,2,3,3,1,0,1,1,1,0	3025,2955,3004,2701,2564,2603,2430,2416,2848,2573	1,1,0,0,1,2,0,0,1,2	2720,2952,2746,2722,2886,2860,2894,2526,2677,2452	220	75
273	13,4,9,4,4,6,9,9,9,4	0,0,0,0,0,0,0,0,0,0	6,11,12,4,8,6,10,4,8,6	0,0,0,0,0,1,0,0,0,0	220	75
274	7,1,2,3,2,1,4,2,3,0	8,11,20,5,16,14,9,8,17,16	2,6,3,1,5,0,3,0,2,4	13,6,8,8,11,9,9,7,16,8	155	75
275	885,832,929,755,703,672,713,754,669,727	7,4,8,1,7,14,4,4,3,4	756,847,696,748,779,844,827,697,767,734	5,4,3,6,5,3,11,6,5,5	238	75
276	2942,2783,2776,2514,2295,2486,2442,2257,2487,2341	95,66,87,79,75,70,52,76,69,67	2730,2553,2271,2295,2543,2560,2878,2284,2542,2545	65,68,51,70,68,76,69,70,73,51	2359	75
277	4,0,1,0,2,1,0,0,1,0	1,3,3,6,14,7,8,5,11,10	1,0,0,1,0,0,1,0,0,0	7,7,4,6,8,6,7,11,9,6	230	75
278	6,5,2,4,3,1,1,3,4,2	4,0,1,0,0,0,0,1,0,1	0,5,5,1,5,3,2,0,3,2	2,1,0,0,1,2,0,1,0,2	246	75
279	15,10,17,17,23,12,19,17,25,12	14,14,10,8,11,12,9,11,8,10	9,16,17,29,17,11,16,18,29,23	16,22,14,8,10,10,18,16,12,13	1854	75
280	60,63,61,47,47,50,55,28,36,45	1,2,1,0,0,1,0,1,1,1	51,56,63,37,68,57,72,53,57,54	0,0,2,0,1,1,0,0,0,0	149	75
281	54,37,45,43,51,42,45,23,33,40	0,1,1,0,3,0,2,2,0,0	44,50,43,48,32,42,37,47,46,23	0,2,1,0,0,1,1,2,0,1	1511	75
285	2,4,4,1,7,1,0,4,4,5	79,68,90,50,54,75,51,43,64,83	2,3,1,0,5,2,2,2,3,3	55,63,47,48,63,70,66,57,54,57	148	75
286	18,11,14,14,6,13,11,12,13,11	75,73,90,71,38,47,62,45,54,46	8,12,9,14,5,9,12,8,6,10	69,56,58,33,57,66,62,49,46,51	224	75
287	36,37,21,20,21,27,27,23,35,23	68,80,83,60,74,69,45,74,59,72	24,24,31,32,24,26,28,25,33,26	71,69,48,55,96,65,100,63,57,70	167	75
288	3,7,4,3,5,13,12,9,5,8	70,72,63,46,39,51,46,34,42,54	14,12,3,7,6,4,5,7,8,6	47,53,44,51,46,54,48,43,44,51	235	75
289	3,7,4,4,0,3,4,5,2,4	19,13,16,13,10,13,12,7,13,13	1,10,1,4,0,2,4,4,1,4	12,16,15,13,12,15,20,14,7,11	615	75
290	0,2,2,1,2,1,1,5,1,1	82,66,63,51,43,59,48,45,61,56	1,4,2,1,0,2,4,3,2,2	59,70,62,62,57,65,52,60,65,48	159	75
291	0,0,1,0,0,0,0,0,0,0	26,32,28,29,22,33,35,28,26,28	0,0,0,0,0,0,0,0,0,0	20,21,31,25,30,30,40,30,24,27	246	75
292	36,35,38,42,35,22,45,38,48,33	1057,1047,1143,964,978,1003,882,744,942,957	20,50,25,57,31,32,36,43,54,48	962,1015,1030,990,1030,1020,1003,875,915,903	482	75
293	3,4,3,3,4,0,3,4,0,1	17,21,14,17,13,13,13,17,15,12	1,2,1,5,3,4,1,2,1,3	20,16,16,12,14,26,12,20,19,18	152	75
294	0,0,1,0,0,0,0,1,0,2	0,0,0,0,0,0,0,0,0,1	1,0,0,0,0,0,0,0,1,0	1,0,0,2,0,1,0,0,0,0	279	75
296	13,12,9,12,10,8,5,11,8,6	0,0,0,1,0,0,0,3,0,0	5,8,6,11,9,8,11,12,4,2	1,0,1,1,2,1,0,0,3,0	149	75
297	12,11,9,12,10,8,5,10,8,5	0,0,0,1,0,0,0,0,0,0	4,7,6,9,7,7,9,12,4,2	0,0,0,0,1,0,0,0,0,0	133	75
298	17,23,17,16,14,21,10,12,16,20	9,14,14,18,5,11,8,9,8,8	18,14,12,21,16,9,21,11,9,15	13,11,3,11,9,6,14,8,13,3	165	75
299	3,2,6,4,1,1,8,7,6,4	53,47,34,43,49,42,34,30,48,43	6,4,3,10,5,6,5,2,2,3	38,42,43,39,35,41,32,47,41,42	142	75
300	3,3,2,3,3,1,0,2,4,1	36,26,22,19,22,13,22,15,31,28	1,2,2,1,5,1,0,1,4,4	23,21,20,22,29,21,19,26,22,14	147	75
301	26,28,19,19,22,15,24,22,23,14	0,1,0,0,0,0,0,0,0,0	17,24,20,24,13,17,16,20,17,26	0,2,0,0,1,1,0,1,0,2	449	75
302	20,22,17,16,19,10,23,14,23,4	53,69,68,61,60,52,45,48,48,54	14,23,16,20,11,6,13,17,13,24	59,67,76,57,61,56,57,48,61,46	423	75
303	9,5,3,10,6,1,7,0,5,4	61,50,80,49,56,47,48,45,57,64	6,9,4,1,5,6,7,3,6,5	51,65,52,55,58,55,55,60,61,46	222	75
305	2,3,4,3,4,1,3,1,3,1	16,14,29,13,22,14,11,14,19,17	2,3,0,3,0,4,1,5,3,5	14,24,7,22,13,16,16,18,13,13	359	75
306	2,4,4,5,4,0,6,2,2,1	345,334,350,293,332,301,266,286,295,281	2,4,0,2,3,6,1,3,0,5	339,347,277,313,309,321,349,313,295,295	213	75
307	0,1,0,0,0,0,3,0,1,0	0,1,1,0,3,0,0,0,0,2	0,0,0,0,2,0,0,0,0,0	1,4,1,1,0,0,0,0,0,0	150	75
308	1,3,1,3,1,0,2,0,2,1	1,0,0,0,0,1,0,0,0,1	0,1,0,2,3,0,1,4,1,0	2,2,2,1,1,4,0,0,0,0	149	75
309	1,0,0,0,0,0,0,0,0,0	8,7,7,8,8,5,4,3,3,7	0,0,0,0,0,0,0,0,0,0	3,7,4,3,4,6,7,4,4,4	265	75
310	1,1,0,0,0,0,0,0,0,1	11,6,9,11,6,12,10,4,6,6	0,0,0,0,0,0,0,0,0,1	11,16,6,6,3,5,12,10,7,9	515	75
311	3,6,0,3,3,1,3,3,6,7	0,0,0,0,0,0,0,0,0,0	1,0,3,1,6,7,2,2,2,4	1,0,0,1,0,0,0,0,0,0	1345	75
313	3,3,3,1,2,2,1,2,2,3	57,51,52,40,44,57,40,46,35,47	1,2,2,1,2,5,2,1,1,5	45,75,50,49,59,49,47,42,51,38	188	75
314	38,56,54,46,33,34,39,43,52,36	47,39,49,37,28,36,38,28,50,42	37,30,30,46,30,44,45,37,42,39	32,50,42,40,41,37,40,34,50,32	245	75
315	9,8,12,9,12,15,12,8,5,11	52,50,57,60,51,53,38,40,42,56	7,16,3,15,10,7,7,5,8,13	47,42,56,56,43,43,55,50,47,42	155	75
316	3,8,3,7,13,7,8,1,8,11	31,23,10,15,26,16,15,20,21,28	4,10,11,9,5,11,11,3,11,8	15,24,13,22,16,11,18,18,15,16	175	75
317	9,4,9,9,7,3,11,9,8,6	0,0,0,0,0,0,0,1,0,0	6,16,6,8,9,8,4,12,4,8	0,0,0,0,0,0,0,0,0,0	243	75
318	102,90,78,83,86,63,96,99,116,69	1,0,0,0,0,0,0,0,3,0	82,89,92,95,80,77,83,93,82,79	0,0,0,1,1,1,0,0,0,0	1097	75
319	0,3,1,1,1,0,2,0,1,0	52,44,29,15,32,42,32,41,38,30	0,3,2,2,0,0,1,1,0,0	30,38,39,32,28,29,39,37,24,23	253	75
320	0,3,0,0,0,0,2,0,0,0	0,1,0,0,0,0,1,0,0,0	0,1,2,1,0,0,1,1,0,0	0,1,1,0,0,0,0,1,0,0	238	75
321	0,2,0,1,1,0,0,0,1,1	101,96,98,76,108,102,80,76,69,86	0,0,0,0,0,0,0,0,0,3	94,99,89,93,92,81,80,81,86,91	166	75
322	5,3,5,5,4,6,7,4,7,1	7,4,12,22,10,4,6,19,13,15	5,11,4,5,4,5,3,5,4,3	15,13,13,9,12,10,16,10,22,17	312	75
323	119,133,91,95,99,113,96,87,92,100	5,11,5,5,8,5,5,6,8,10	87,114,94,113,110,91,89,112,102,128	3,9,5,4,9,2,13,2,6,9	184	75
324	3,3,2,6,5,3,2,2,2,1	1092,1103,1067,933,923,1164,855,862,942,1076	6,3,7,6,9,4,5,7,1,6	911,1042,925,938,967,1028,1054,1007,973,885	165	75
325	13,8,12,5,13,7,13,12,13,7	32,15,33,28,34,36,20,21,23,16	6,9,8,9,10,13,8,12,6,11	31,30,20,22,27,31,27,32,24,30	366	75
326	160,204,149,161,140,161,138,161,168,127	72,70,63,64,50,73,42,52,69,56	138,150,145,185,159,155,194,188,179,196	63,79,52,60,49,69,85,63,79,68	192	75
327	38,38,42,26,27,20,36,19,36,28	30,26,30,30,24,26,22,19,22,31	30,32,20,34,30,31,25,38,27,37	35,22,18,42,30,19,27,23,17,24	522	75
329	3,6,7,5,5,11,10,12,4,7	6942,6114,7624,6343,6552,6877,5926,6069,6591,6654	17,10,6,6,5,12,4,4,8,8	5790,7976,6429,5645,5836,7179,6136,5795,5707,5355	307	75
330	57,64,65,52,59,48,72,65,54,51	29,14,7,21,6,9,10,17,13,11	43,68,46,56,58,52,46,51,68,77	9,18,10,23,16,19,12,16,9,27	806	75
331	46,41,31,44,29,21,55,46,48,33	35,36,33,37,31,38,33,36,27,36	41,45,28,34,45,42,21,35,51,42	30,26,33,27,34,42,33,28,31,17	477	75
332	17,21,23,13,17,7,28,25,23,15	1,6,1,2,1,1,3,2,3,6	23,25,17,30,18,17,12,27,20,18	1,3,3,2,1,4,2,3,4,3	474	75
333	16,12,10,14,19,18,13,17,19,17	0,0,0,0,0,2,0,0,0,0	15,23,15,13,11,8,30,21,21,15	0,0,1,0,0,0,0,0,0,0	160	75
335	1465,1326,1411,1321,1314,1465,1047,1040,1129,1244	7,5,17,15,8,10,8,5,4,5	1215,1467,1278,1160,1195,1269,1253,1200,1263,1104	10,10,6,10,5,5,6,3,7,13	1115	75
336	104,80,122,88,93,91,68,93,106,106	1,4,5,0,2,2,3,4,0,2	81,100,88,84,100,123,125,123,117,93	1,3,1,1,2,2,1,1,8,4	179	75
338	4,3,6,8,2,3,2,2,10,4	4,1,1,1,1,1,2,0,1,1	2,8,2,5,2,4,7,5,6,4	1,2,2,1,0,6,0,2,2,2	287	75
341	2,2,1,3,2,2,3,1,6,1	10,16,18,10,15,16,19,8,21,20	1,1,0,1,1,2,5,2,2,2	11,17,19,13,15,11,24,12,14,11	179	75
342	75,65,64,50,58,61,45,58,48,50	3,10,11,8,9,3,9,4,2,8	55,57,44,65,55,54,69,54,57,68	5,7,13,1,6,6,4,7,2,8	244	75
343	13,15,10,10,18,18,18,9,9,9	112,99,99,102,91,95,84,75,59,74	12,13,16,20,10,18,9,6,9,17	91,109,78,81,96,82,95,99,83,109	205	75
344	11,9,6,10,13,13,9,17,8,12	117,110,99,107,93,113,97,87,106,93	7,15,16,14,8,12,18,12,18,11	85,112,101,119,95,105,125,111,94,99	179	75
345	41,41,36,45,41,51,35,39,35,38	0,1,0,0,0,0,0,0,0,0	32,46,46,36,31,67,59,45,46,51	1,0,0,1,0,0,0,0,0,0	334	75
346	41,38,34,44,32,52,30,26,35,32	61,67,57,71,61,61,37,51,67,64	35,45,35,36,25,60,50,44,37,45	70,71,57,62,61,63,60,62,56,54	184	75
347	32,32,30,35,29,41,26,22,29,27	1,0,1,2,1,2,0,1,1,0	26,33,30,23,23,54,42,33,29,39	1,1,3,1,0,1,1,0,3,1	152	75
348	34,29,32,27,26,29,20,28,21,24	3,4,2,4,3,8,2,3,2,8	30,31,29,28,35,36,29,29,23,36	7,6,2,1,4,4,3,2,2,9	299	75
349	3,2,4,1,1,2,2,4,1,3	2,0,4,2,0,0,2,0,1,1	0,1,0,3,1,1,1,1,0,2	2,0,2,0,1,1,0,0,0,3	138	75
350	5,4,4,1,4,2,4,4,2,4	43,50,49,54,28,42,32,39,40,38	1,2,4,6,1,2,2,4,2,3	49,50,36,35,33,38,35,30,36,34	160	75
351	1,1,3,1,1,1,2,0,3,1	12,9,14,12,12,12,16,14,13,15	0,2,2,0,2,0,0,1,0,1	14,8,16,12,14,14,12,13,11,19	175	75
352	5,10,13,10,10,6,11,4,9,10	12,19,6,8,9,12,10,7,18,19	9,5,7,4,6,6,5,7,16,11	19,13,16,11,10,9,12,11,13,16	195	75
353	5,10,18,11,10,7,14,4,9,10	14,8,8,6,11,10,12,7,15,6	10,8,9,4,9,7,5,7,17,12	15,14,12,16,13,13,8,10,17,8	206	75
354	1,2,3,1,3,2,1,3,1,0	48,29,33,19,21,30,27,30,19,32	1,1,0,0,0,0,0,1,0,4	43,26,24,30,41,43,39,23,24,55	181	75
355	7,1,2,5,3,3,7,3,1,3	4,6,4,4,0,4,4,1,7,1	3,0,4,1,1,3,1,3,4,5	2,12,4,2,3,3,1,6,3,5	144	75
356	1,3,1,1,1,1,2,0,2,1	39,26,31,28,32,34,20,25,44,20	0,1,1,1,2,1,2,0,1,0	37,34,25,29,42,36,38,30,23,24	158	75
357	0,0,0,1,0,1,2,0,0,1	35,29,27,34,23,24,22,22,26,26	2,0,1,0,0,0,1,1,0,2	26,24,24,20,29,33,30,15,21,28	188	75
358	0,0,0,0,4,1,4,2,1,0	46,26,48,46,28,31,45,20,29,37	2,0,2,3,0,0,1,3,3,2	39,47,31,31,46,39,40,28,36,44	147	75
359	0,0,0,0,0,0,1,1,2,2	52,43,55,45,30,46,55,42,43,31	1,0,0,0,0,0,0,1,0,0	48,44,49,43,60,42,46,63,41,44	155	75
360	59,78,66,60,70,66,60,51,59,69	331,317,356,234,274,309,247,269,246,253	56,77,63,71,56,61,69,54,65,67	299,320,224,235,271,298,306,254,296,260	165	75
361	202,207,177,190,171,164,174,168,191,186	356,318,315,224,268,303,236,232,274,291	179,222,191,164,179,176,186,190,182,197	303,349,256,281,288,332,310,274,310,279	253	75
362	5,6,4,2,4,4,3,2,4,0	117,113,109,100,110,109,126,80,86,100	0,3,2,5,0,2,2,2,1,2	97,115,89,70,102,87,92,76,81,80	277	75
363	86,99,87,87,66,96,102,78,71,97	0,1,0,1,0,0,0,0,1,0	113,105,78,70,79,83,69,89,87,86	1,0,0,0,0,0,1,0,0,0	351	75
365	37,57,42,46,49,18,45,43,48,19	1,0,1,0,0,0,0,0,0,0	45,32,25,50,39,20,28,62,61,36	0,0,0,0,0,0,0,0,0,0	1950	75
366	3,0,1,0,1,0,2,2,1,2	12,10,8,9,11,10,5,12,11,22	0,2,0,0,0,2,0,0,1,4	7,19,14,6,8,5,15,11,10,10	155	75
367	22,17,17,18,17,13,19,10,14,19	15,13,13,9,7,9,5,7,15,7	19,21,19,14,18,7,24,11,10,11	4,12,7,5,13,8,14,11,14,7	188	75
368	19,23,19,16,16,12,16,14,15,7	67,66,66,88,74,71,58,53,62,63	16,17,10,11,15,12,9,12,27,18	72,73,71,75,94,60,93,53,63,73	152	75
369	16,19,21,15,14,8,7,17,15,13	75,91,115,75,81,85,70,84,71,84	14,14,8,18,21,9,7,16,25,8	70,87,77,63,95,87,82,82,88,79	150	75
370	1,3,5,2,3,3,1,3,2,3	0,1,1,0,1,2,2,0,0,1	3,3,0,3,4,1,0,2,0,2	2,2,1,0,1,1,1,2,0,0	315	75
371	33,30,36,24,23,19,33,35,39,22	79,60,92,55,76,61,46,55,59,77	23,36,25,35,33,27,23,18,42,40	83,68,73,58,74,63,65,52,82,69	345	75
372	3,2,2,3,4,0,5,4,8,2	12,20,7,14,9,16,12,10,10,10	2,3,2,3,5,3,3,6,2,5	11,12,14,10,18,12,12,10,14,12	151	75
373	11,14,15,16,9,21,19,16,15,17	4,4,0,3,0,1,3,1,9,2	13,20,10,21,19,17,17,17,22,16	4,1,5,1,3,0,3,2,1,1	323	75
374	0,1,0,3,1,0,2,2,1,0	8,11,10,7,10,11,7,9,13,13	1,0,0,0,1,0,2,1,2,0	7,13,5,6,8,11,5,10,13,12	230	75
375	2,1,0,3,0,0,2,1,1,1	47,34,54,41,28,28,38,49,33,49	3,0,0,0,0,4,0,2,0,3	39,48,57,55,47,48,43,40,35,30	629	75
376	6,5,7,6,7,4,9,2,4,7	2,4,8,5,4,7,0,4,2,5	2,4,2,4,1,0,0,2,8,1	3,3,10,3,7,5,4,6,1,6	193	75
377	2,2,0,0,0,0,0,2,2,1	7,8,6,8,8,11,4,6,3,4	0,1,3,0,4,3,0,0,1,2	3,5,11,8,2,7,6,8,4,2	281	75
378	2,2,0,0,0,0,0,2,2,1	0,1,0,1,0,1,0,0,0,1	0,1,3,0,4,3,0,0,1,2	1,0,2,0,1,0,0,0,1,0	286	75
379	0,0,0,1,0,0,0,0,0,0	24,15,26,39,19,23,17,11,6,26	0,0,0,0,1,1,0,1,0,0	31,17,13,18,21,13,15,16,19,20	145	75
381	9,10,10,11,14,8,19,10,14,4	3,1,1,2,2,2,6,2,1,1	13,17,15,5,15,13,7,8,12,8	1,2,3,3,3,3,6,5,2,2	1073	75
382	6,6,3,7,4,8,7,5,6,8	1,3,3,2,1,4,4,6,2,5	7,4,7,6,7,5,6,3,6,7	1,1,2,0,1,3,1,3,1,4	265	75
390	20,11,15,11,6,9,14,14,21,8	12,7,14,5,9,5,6,5,7,12	14,21,7,10,7,11,5,14,17,13	8,5,6,7,8,1,7,4,6,9	147	75
392	4,5,2,6,5,2,6,2,7,2	330,341,332,252,321,293,272,243,287,302	2,7,2,0,3,3,7,2,2,3	317,350,275,267,288,288,324,319,241,267	293	75
394	33,60,32,37,47,25,50,36,50,32	29,28,33,24,31,34,33,26,33,26	34,39,39,49,33,28,28,52,61,45	32,32,27,29,23,34,47,20,24,22	3234	75
395	170,164,189,156,168,187,142,151,142,129	0,0,0,0,0,0,0,0,0,0	161,188,134,131,134,177,163,143,128,150	0,1,0,0,0,0,0,0,0,0	1718	75
396	39,26,30,41,40,30,41,32,33,24	32,29,23,26,37,33,19,27,24,30	27,44,30,36,31,35,38,34,36,42	28,32,29,31,26,29,30,29,29,37	1516	75
397	27,21,22,32,32,24,33,22,30,17	0,0,0,1,0,0,0,0,0,0	21,38,28,27,24,20,30,28,28,33	0,0,0,0,0,0,0,0,1,0	1211	75
403	12,6,9,9,9,13,11,4,10,13	3,2,0,0,2,1,1,1,1,0	6,11,11,7,5,16,14,14,12,6	0,0,0,0,0,0,3,1,1,0	212	75
404	0,1,1,0,0,1,2,0,0,0	24,27,13,17,20,20,15,21,22,26	0,0,0,1,0,0,0,1,3,1	25,13,22,24,20,32,19,21,19,16	179	75
405	46,68,71,53,48,59,52,31,61,43	23,22,24,23,27,11,26,27,15,25	42,35,37,51,44,37,26,41,71,39	25,22,11,25,23,18,31,10,26,12	651	75
406	70,91,96,70,67,77,72,41,81,58	33,28,33,36,29,33,32,19,20,23	53,58,51,70,71,58,53,67,91,60	29,29,25,29,36,31,38,27,38,30	711	75
407	74,99,101,72,77,79,76,43,85,59	5,4,8,6,7,14,13,6,9,4	57,62,55,73,72,63,55,71,92,69	5,8,12,7,3,5,12,4,9,4	714	75
408	463,450,545,521,453,432,423,377,419,407	2,1,1,0,1,0,3,0,1,2	408,466,465,436,431,462,477,456,435,448	0,4,0,0,1,2,1,1,1,0	1187	75
409	0,1,2,0,3,0,2,2,0,1	23,20,19,28,18,25,27,20,25,21	0,0,0,0,3,0,0,2,3,1	20,26,14,15,23,27,20,29,26,18	527	75
410	26,34,28,37,37,34,38,32,22,24	65,53,61,46,51,53,49,47,43,44	35,51,14,29,35,19,29,38,33,26	51,60,48,46,53,55,65,73,61,58	2455	75
411	2,8,1,3,0,1,2,3,7,1	40,36,33,33,37,45,31,26,40,48	1,4,1,5,1,3,4,0,5,4	39,39,35,32,47,27,28,33,32,25	803	75
412	28,16,14,20,16,24,25,9,17,13	12,9,12,6,13,10,11,5,16,8	12,14,13,19,14,13,17,18,15,13	7,14,6,6,16,13,12,9,14,13	294	75
413	9,5,5,10,5,4,15,4,3,6	11,5,7,8,6,9,7,10,5,14	5,7,3,10,5,4,7,8,5,4	11,8,6,2,8,8,14,14,9,9	228	75
416	0,0,0,0,0,0,0,1,0,0	0,0,1,2,1,1,1,0,0,0	1,0,0,0,0,0,0,0,0,0	1,0,1,0,1,0,1,0,0,1	352	75
418	2,1,1,1,3,0,1,0,0,0	20,31,22,19,15,21,21,10,29,24	1,2,1,0,1,0,0,2,0,1	26,26,27,22,16,15,26,12,30,14	1052	75
419	6,1,1,0,1,1,0,3,2,3	1,0,0,0,0,0,0,0,0,0	2,2,5,0,0,3,2,0,1,2	0,0,1,0,0,0,0,1,1,0	279	75
420	0,3,2,4,2,3,0,3,1,4	20,19,22,15,19,37,17,23,18,20	1,1,0,1,0,3,2,1,1,2	28,31,26,14,20,33,30,20,15,26	355	75
421	0,3,2,4,2,3,0,3,1,4	0,2,2,1,0,0,0,1,1,1	1,1,0,1,0,3,2,1,1,2	0,0,0,0,0,2,0,0,0,0	359	75
422	476,471,399,540,419,381,548,538,435,351	0,1,0,1,2,0,0,1,1,1	418,645,414,674,349,443,342,570,679,578	1,0,0,0,0,1,1,1,0,1	3192	75
423	8,9,6,7,11,11,8,11,5,7	27,26,21,35,29,32,30,23,26,28	2,8,8,16,11,7,6,4,12,8	29,25,20,33,29,28,33,30,23,30	538	75
424	6,6,14,19,4,2,7,6,10,6	39,44,52,40,50,38,36,36,33,46	6,4,5,5,2,3,4,4,5,7	51,55,54,42,54,47,30,43,37,32	255	75
425	2,3,3,0,1,0,4,1,5,2	324,307,318,270,285,273,245,232,278,300	1,3,1,0,6,4,1,3,2,1	286,272,305,279,300,317,307,285,253,283	169	75
430	8,15,5,13,18,12,15,15,9,17	8,16,13,15,7,12,8,8,10,6	20,12,11,13,17,16,13,12,16,10	9,9,12,15,10,15,7,12,7,10	172	75
431	12,8,7,15,15,9,14,12,11,10	121,115,114,115,107,114,94,92,101,87	15,8,5,9,7,7,2,3,7,6	127,96,119,94,120,107,115,92,97,116	339	75
432	1,2,1,1,0,2,0,3,0,3	3,1,3,0,2,4,2,7,1,3	2,6,0,2,1,2,1,0,1,2	3,10,1,1,4,4,5,1,1,4	574	75
433	8,10,4,8,3,4,6,5,3,7	23,14,45,38,27,17,40,23,20,6	0,5,4,4,4,3,5,5,3,16	21,24,22,17,22,30,37,11,10,27	444	75
434	17,23,9,17,24,16,21,16,20,12	28,21,28,18,19,16,15,13,17,26	13,18,8,14,6,12,16,14,19,11	20,21,23,19,26,19,26,13,14,11	1622	75
436	1,0,0,0,0,0,0,0,0,3	0,0,0,0,1,0,0,0,0,1	0,0,1,0,0,0,0,0,0,0	0,0,0,0,0,0,0,0,0,0	219	75
437	0,2,0,2,1,1,1,1,1,0	183,177,151,149,127,169,142,125,151,108	3,0,2,0,0,3,1,5,0,3	142,222,124,155,124,140,142,149,133,155	160	75
438	5,6,3,6,5,5,8,5,4,5	1173,1255,1193,1055,1028,1058,963,881,985,1003	2,15,5,3,8,6,7,4,8,4	1153,1099,1122,1013,1045,1146,1177,1125,1047,954	155	75
439	15,16,16,25,22,14,18,14,14,12	911,994,972,863,861,960,867,770,790,849	21,31,16,19,20,18,17,21,15,20	905,904,899,897,975,932,997,897,934,811	477	75
440	6,5,4,8,6,8,8,11,6,8	1397,1533,1514,1266,1256,1498,1265,1053,1206,1186	3,11,1,11,13,3,2,4,9,5	1352,1398,1326,1481,1461,1379,1466,1328,1291,1301	314	75
442	0,0,0,0,0,1,0,0,0,0	0,2,0,0,0,0,0,0,0,0	0,0,0,0,0,0,3,0,0,0	0,0,0,0,0,2,1,1,0,0	259	75
447	2,2,0,0,0,0,1,1,1,0	179,184,152,146,180,152,115,131,139,150	0,0,2,4,0,0,0,2,2,2	163,160,143,136,147,160,147,169,163,149	251	75
448	118,74,103,91,77,77,84,78,86,87	3,1,8,5,4,2,3,5,5,1	86,99,88,82,73,96,102,87,92,78	6,3,3,3,6,4,3,0,4,2	271	75
449	6,7,6,3,2,6,5,3,10,8	48,72,41,36,57,45,31,41,53,42	4,8,10,5,7,5,5,2,6,6	46,61,40,47,45,33,59,44,49,41	156	75
450	4,6,2,5,1,2,2,5,5,3	106,136,112,92,82,93,84,92,85,80	6,3,4,3,4,1,2,3,4,3	105,98,83,75,101,101,90,89,84,80	2998	75
451	52,46,45,52,35,34,53,49,54,34	11,16,19,9,11,18,12,13,8,12	39,54,37,59,40,35,46,46,55,52	12,17,23,10,16,9,17,17,14,13	958	75
452	101,91,83,95,73,57,82,83,85,65	0,0,0,0,0,0,0,0,0,0	74,86,72,97,79,61,89,83,80,96	1,0,0,0,0,0,0,0,0,0	1246	75
453	47,44,37,41,35,23,29,33,29,28	2,1,2,1,2,5,2,1,2,4	33,32,35,38,39,26,42,36,24,43	1,4,1,1,2,3,1,1,2,1	281	75
454	120,104,101,114,91,85,104,102,117,86	0,0,1,0,1,0,1,1,0,1	89,108,94,121,101,77,114,106,98,109	0,0,1,0,1,0,0,0,0,0	1349	75
455	66,57,55,60,53,51,51,52,61,49	10,8,8,11,7,8,3,7,9,14	48,54,57,62,61,42,67,59,42,56	9,8,10,8,7,8,11,9,4,5	384	75
456	6,10,5,12,3,8,8,6,11,15	36,29,47,38,37,35,31,26,37,36	8,3,2,3,7,8,8,3,7,7	43,33,29,25,39,37,46,37,23,18	1159	75
457	16,20,13,14,14,11,16,13,16,13	101,104,113,92,95,106,103,83,105,100	13,20,11,9,9,7,10,9,22,10	90,93,88,104,94,102,112,92,96,82	790	75
458	2,1,1,2,4,0,3,1,3,4	0,2,2,0,0,1,3,0,1,4	3,1,1,1,0,0,2,2,0,2	0,2,0,0,0,0,0,0,1,1	151	75
459	6,3,4,3,7,1,6,6,7,7	1,0,0,0,0,0,0,0,0,0	7,4,2,5,2,4,7,8,1,4	0,0,0,0,0,0,0,0,0,0	474	75
460	1,2,3,1,2,1,2,5,4,3	1,0,0,1,0,2,0,0,1,1	4,2,1,4,2,3,5,4,1,2	0,2,1,0,0,1,0,1,0,0	280	75
462	6,19,9,12,9,14,10,16,13,9	163,163,184,152,140,135,115,135,135,143	11,11,11,10,6,5,7,13,13,22	164,150,141,156,141,144,146,130,128,115	737	75
463	6,14,8,2,1,6,4,5,3,7	53,45,56,40,40,52,42,51,43,41	5,9,3,7,3,4,4,1,4,4	49,61,38,48,48,36,44,52,42,43	166	75
465	54,44,40,41,50,28,41,38,28,46	6,8,7,10,3,4,5,2,0,2	35,47,39,36,50,40,35,30,49,48	1,4,6,9,2,5,4,6,2,6	962	75
466	0,2,0,4,5,1,3,1,3,0	205,212,229,197,194,257,182,165,151,179	1,5,2,6,1,3,3,0,1,1	199,221,183,164,198,198,197,169,181,199	247	75
467	233,215,254,234,204,238,193,172,192,234	0,0,0,1,1,1,0,0,0,0	241,242,235,205,215,228,223,236,206,241	0,0,0,1,0,0,0,2,3,1	1363	75
468	4,3,0,1,4,3,2,2,4,0	19,13,11,7,14,15,12,10,9,5	0,5,2,1,1,0,2,1,0,1	9,17,9,10,9,9,12,9,11,13	247	75
469	1,2,1,4,2,1,0,1,0,3	107,127,122,92,109,93,91,71,100,115	0,1,1,2,0,0,0,0,0,0	118,83,94,99,96,133,119,117,74,86	820	75
470	9,5,17,16,7,7,16,6,4,6	126,142,144,115,144,104,108,112,119,147	2,8,8,10,6,9,7,6,10,7	116,127,109,124,132,149,115,115,127,133	532	75
471	22,14,21,18,16,18,17,12,13,8	29,41,38,28,37,41,24,30,34,23	14,27,18,17,16,8,15,18,14,15	29,47,27,27,24,37,43,29,47,35	542	75
472	8,6,2,6,3,1,5,4,2,1	41,40,36,36,36,29,33,32,40,46	3,0,3,3,2,4,2,5,1,1	53,52,49,45,41,34,38,31,47,38	233	75
473	3,1,2,1,2,3,5,6,1,6	53,49,35,38,42,35,47,26,37,40	4,5,2,3,3,1,1,2,3,8	40,58,40,39,41,43,38,46,30,33	155	75
476	24,20,24,20,16,20,11,14,15,18	0,0,1,0,0,0,0,0,0,0	15,22,20,18,28,22,20,18,25,21	0,0,0,0,0,0,1,0,0,0	219	75
477	1,1,0,0,0,0,0,0,0,1	5,2,6,7,6,3,5,1,5,9	0,0,1,0,1,1,0,0,1,2	3,4,3,3,3,6,4,8,3,3	276	75
478	0,0,2,2,0,2,0,1,1,0	6,2,2,3,12,5,4,7,6,3	0,0,0,1,0,0,1,0,0,0	7,5,6,7,12,6,13,1,3,8	318	75
479	2,0,1,0,1,0,2,1,2,0	28,16,29,16,19,29,24,23,25,15	0,1,0,2,0,1,0,2,1,0	17,29,18,23,28,19,26,13,27,21	146	75
480	45,37,33,25,43,35,24,28,27,35	0,0,0,0,0,1,0,0,0,0	27,49,33,31,43,32,29,24,26,26	1,0,0,0,0,0,2,0,0,0	146	75
481	13,14,23,18,14,11,15,15,16,19	414,391,406,338,338,419,336,324,354,399	20,26,12,19,21,16,10,15,24,19	374,417,344,354,362,407,433,413,364,359	357	75
482	0,1,0,0,0,0,0,0,0,0	0,0,1,0,0,0,1,0,0,1	0,0,0,0,0,0,0,0,0,0	1,2,2,0,0,2,1,0,1,1	196	75
483	1,0,0,0,0,0,0,0,0,0	1,0,0,0,0,0,0,0,0,0	0,2,0,0,1,1,0,1,0,0	0,0,1,0,0,2,0,0,0,0	225	75
485	0,0,0,0,0,0,3,1,0,0	31,45,45,28,32,37,31,38,23,42	1,1,0,0,0,0,0,0,0,0	27,39,30,25,33,40,53,39,33,34	1558	75
486	88,74,91,88,93,83,86,105,86,81	2,0,2,2,1,0,3,3,2,5	78,101,76,68,57,106,79,98,65,91	4,2,2,2,4,7,5,0,3,2	174	75
487	5,3,3,2,4,1,4,2,1,2	38,44,26,45,31,45,33,25,34,26	0,3,2,4,0,0,2,0,3,1	24,30,29,32,33,29,47,24,31,38	355	75
488	59,104,90,85,70,77,116,87,92,72	0,1,0,0,0,0,0,1,0,0	79,72,72,82,85,76,66,88,83,86	1,1,0,0,0,1,1,0,0,0	7508	75
489	6,6,2,6,3,5,7,6,7,0	49,31,47,43,33,21,25,37,25,32	5,1,7,4,7,6,2,2,7,6	42,41,41,37,62,34,42,39,34,37	435	75
490	0,0,1,0,0,0,0,0,0,0	8,4,5,0,1,3,5,4,5,1	0,0,0,0,0,0,0,0,0,0	5,0,1,3,4,4,15,1,2,10	171	75
491	11,3,13,7,11,4,10,10,7,7	30,35,24,19,26,28,23,20,31,24	6,12,7,12,4,8,10,8,12,9	30,39,28,27,25,22,30,29,31,28	218	75
492	21,10,13,13,16,4,23,15,21,8	8,10,9,10,10,7,10,7,8,8	16,13,10,14,15,15,13,13,20,28	18,7,3,7,7,3,6,9,12,5	369	75
493	3,6,6,5,2,4,17,10,10,8	21,22,15,21,15,21,11,19,21,14	13,5,3,14,5,2,8,6,5,5	24,19,22,19,9,19,22,18,25,16	518	75
494	0,2,0,3,0,1,0,1,0,1	2,3,6,6,2,8,10,7,2,4	0,1,0,0,1,2,0,0,0,0	4,6,2,8,7,8,5,8,7,6	154	75
495	1,0,0,0,3,0,1,1,0,0	2,4,9,12,4,5,5,5,5,5	0,0,0,3,0,0,1,4,1,2	7,10,9,9,4,6,9,5,9,10	164	75
496	93,96,88,73,84,89,68,76,61,63	2,1,2,0,1,0,0,1,0,0	85,93,67,71,78,50,87,63,64,89	0,0,0,0,0,0,1,0,0,0	555	75
497	3,5,0,5,0,2,0,2,3,3	20,12,13,12,15,14,21,18,17,18	0,2,1,4,0,1,1,2,1,4	12,16,14,16,15,15,17,11,12,16	373	75
498	98,108,112,123,93,102,93,94,101,92	27,17,20,16,15,14,13,16,15,19	126,125,110,97,99,110,112,122,111,97	14,21,21,18,20,25,18,17,18,11	1245	75
499	7,2,13,3,4,3,11,3,2,0	17,26,20,15,23,19,13,20,19,17	1,4,8,4,3,4,4,4,3,5	17,28,16,16,14,34,19,23,15,24	542	75
500	10,5,16,4,4,6,11,4,5,0	2,3,1,1,4,0,2,2,0,4	2,5,8,5,3,8,5,7,4,5	1,1,2,4,0,3,1,1,0,7	560	75
501	2,0,3,2,3,6,1,1,3,1	3,1,2,2,2,0,1,0,0,0	0,2,3,1,1,1,1,2,1,1	1,5,2,0,1,2,0,2,3,2	269	75
503	22,16,21,11,14,10,17,19,27,15	17,22,22,17,15,14,8,8,17,18	10,15,9,14,10,7,18,11,14,30	15,15,17,13,7,19,15,12,18,11	346	75
504	37,30,28,13,25,16,32,31,38,34	1,0,1,0,1,1,0,1,0,0	25,25,26,26,16,15,33,26,26,42	1,0,0,0,2,1,0,0,1,1	411	75
505	6,1,10,1,1,2,4,7,3,9	5,2,8,4,1,1,0,4,12,5	3,5,0,1,6,4,4,5,2,1	6,13,4,3,1,7,0,1,8,3	217	75
506	1,1,1,1,2,1,2,0,4,0	139,132,147,138,94,128,117,108,103,116	3,1,2,2,1,1,1,0,4,2	123,96,113,114,116,120,126,91,118,105	151	75
507	2,7,2,2,5,0,4,1,3,3	60,47,31,47,28,42,22,40,40,36	2,1,1,2,0,3,3,5,4,2	48,33,34,28,36,32,39,32,41,25	187	75
508	2,7,2,2,5,0,4,1,3,3	160,150,161,151,135,161,142,133,100,158	2,1,1,2,0,3,3,5,4,2	146,165,157,142,151,129,141,113,149,164	190	75
509	4,4,6,4,3,2,9,3,3,1	96,109,89,95,80,94,93,69,79,100	2,4,4,3,5,3,10,6,2,5	94,77,88,104,96,133,95,95,89,82	158	75
510	4,11,5,16,4,7,13,6,7,3	110,132,141,88,116,117,98,102,109,123	12,4,6,9,4,6,4,9,12,13	112,152,110,105,111,127,109,113,121,89	286	75
511	6,3,11,6,6,2,9,1,3,3	27,29,25,28,23,22,32,25,36,25	11,6,2,8,4,3,9,4,4,2	20,37,27,31,13,20,27,22,28,35	148	75
512	9,10,12,12,14,7,16,17,14,14	13,12,18,12,14,10,19,9,16,14	11,14,5,9,15,14,15,22,10,9	8,20,12,14,17,21,10,12,11,12	421	75
513	3,0,2,2,0,1,2,1,0,5	25,30,38,33,36,36,32,33,39,33	0,1,5,1,2,0,3,1,7,2	33,33,29,25,39,29,39,28,42,33	176	75
514	10,15,15,26,16,15,33,14,15,18	0,0,0,1,3,0,1,2,1,1	8,16,13,17,15,13,12,18,19,16	0,0,0,0,2,0,0,2,1,2	567	75
515	8,16,14,28,16,14,32,16,15,14	26,39,28,32,35,23,40,23,43,21	8,16,8,17,13,13,9,18,15,16	36,33,22,34,34,25,35,35,31,33	401	75
516	14,18,24,36,20,16,42,20,19,17	0,0,0,0,0,0,0,0,0,0	11,20,12,26,18,21,15,20,21,21	0,0,2,0,0,0,0,0,0,0	603	75
517	34,45,56,41,28,38,38,37,40,23	0,0,1,2,4,2,4,1,2,0	27,30,25,39,46,34,16,27,38,46	0,2,0,1,0,0,1,2,1,0	224	75
518	23,20,33,19,19,21,22,23,23,14	25,15,25,16,21,12,9,19,22,21	13,20,15,21,25,14,11,13,18,29	13,18,20,8,21,19,24,19,20,21	172	75
519	831,845,831,751,751,741,860,723,742,724	11,20,17,10,23,31,21,16,28,9	791,880,683,770,675,614,670,755,750,713	20,19,16,16,34,32,29,19,20,13	1750	75
520	604,605,602,559,539,538,649,537,537,551	9,11,10,7,20,9,12,11,9,11	587,629,507,569,464,437,449,544,552,498	12,13,7,14,10,12,15,10,11,5	1627	75
521	430,425,414,400,383,362,464,406,360,392	65,96,86,67,73,72,74,69,91,65	418,431,326,397,288,279,247,364,384,345	80,96,76,64,108,83,89,85,81,79	1569	75
522	1,2,2,0,0,1,1,0,0,2	41,32,37,37,49,31,13,23,20,22	0,2,1,2,0,1,0,2,0,0	30,31,30,27,27,39,35,24,19,15	501	75
523	1,2,2,0,0,1,0,0,0,2	0,0,0,0,0,0,0,0,0,0	0,2,1,1,0,1,0,1,0,0	0,1,0,0,0,0,0,1,2,0	489	75
524	5,5,5,7,9,3,7,7,5,8	31,30,31,26,25,23,14,21,24,29	4,11,3,7,6,4,7,7,10,3	27,25,22,29,22,18,26,14,28,16	460	75
525	1,3,3,2,2,1,2,2,1,6	7,5,7,14,15,12,6,5,5,8	4,3,1,1,2,3,5,4,3,4	11,8,10,7,9,8,5,8,1,8	316	75
526	2,3,3,4,0,3,5,3,5,5	21,31,22,24,22,19,19,19,23,26	2,6,2,3,1,3,2,0,6,6	26,23,20,20,27,19,28,29,24,24	1308	75
527	537,591,532,504,493,535,490,454,480,537	0,1,1,2,0,0,3,0,0,0	499,553,534,494,582,471,552,533,515,503	0,0,1,0,0,3,0,2,4,1	929	75
528	4,5,4,4,6,4,3,0,4,3	34,27,23,26,22,24,24,26,23,26	1,11,5,7,4,4,2,2,2,6	20,28,23,27,18,29,22,21,19,19	406	75
529	2,0,0,0,0,1,1,2,1,4	15,25,20,25,14,15,22,31,21,15	1,1,1,1,2,1,0,0,0,1	24,32,19,22,29,33,31,28,20,18	526	75
530	0,0,0,0,0,1,0,0,0,0	0,0,1,0,0,0,0,0,0,0	0,0,0,0,0,0,1,0,0,0	0,0,0,0,1,0,2,0,1,0	347	75
531	6,3,1,5,3,9,2,2,1,1	22,29,20,19,34,23,22,23,21,16	4,3,5,1,3,4,2,6,1,4	23,19,31,30,23,27,23,21,25,24	763	75
532	1,2,3,3,0,1,4,0,0,1	25,37,20,19,21,24,14,14,20,22	2,2,0,1,2,1,2,2,2,1	17,26,15,12,24,23,16,24,19,20	153	75
533	0,1,0,0,0,0,0,0,3,0	4,10,9,9,3,9,9,8,5,5	0,0,0,0,0,0,0,0,0,0	3,19,11,9,12,13,9,4,7,12	1540	75
534	12,12,18,17,11,6,14,5,12,7	11,5,1,5,7,5,4,6,7,6	4,8,5,4,8,5,10,7,12,12	8,7,2,6,1,6,6,5,10,4	1734	75
535	1,0,0,1,0,1,0,0,1,0	0,3,1,2,0,0,0,3,1,2	1,2,0,1,0,0,0,2,0,0	3,0,1,2,2,0,0,0,0,1	149	75
536	2,0,1,2,1,2,0,0,2,0	0,2,0,0,0,1,1,0,1,2	0,1,1,2,0,0,1,0,0,5	0,0,0,0,1,0,0,0,0,2	225	75
537	2,6,2,12,4,12,6,4,11,5	0,0,0,0,0,0,0,0,0,0	4,10,9,3,7,8,12,8,4,13	0,0,0,0,0,0,0,1,0,0	464	75
538	0,1,1,0,0,0,0,0,0,3	1,1,3,1,0,1,0,0,0,1	1,0,1,0,0,0,0,0,1,0	0,0,0,0,0,1,2,2,1,0	267	75
539	0,1,1,5,2,0,2,4,2,1	39,31,41,41,34,40,40,33,22,51	2,1,1,3,1,2,0,1,2,3	39,45,34,45,36,43,40,32,41,46	148	75
540	67,73,78,79,51,68,60,56,74,80	1,1,3,1,1,0,2,0,0,2	69,77,62,70,86,71,75,78,87,67	1,0,1,2,0,0,2,4,0,0	531	75
541	34,27,33,37,36,27,53,54,34,27	311,327,327,315,308,328,298,268,305,348	32,35,28,40,37,30,37,41,58,47	327,241,267,269,308,335,351,318,279,276	184	75
542	3,3,1,2,0,1,5,1,5,3	7,10,13,10,13,18,2,3,11,11	2,3,6,1,2,2,2,2,4,6	4,2,9,13,8,11,10,10,10,8	176	75
543	26,14,19,14,10,11,21,12,12,11	0,1,0,0,0,0,0,0,0,0	10,13,19,15,15,16,16,7,13,13	0,0,0,0,0,0,0,0,0,0	387	75
544	4,6,7,3,2,1,6,3,3,0	15,11,13,8,14,14,3,14,16,11	1,1,6,4,2,4,3,3,4,4	7,11,7,8,8,14,4,7,7,16	154	75
545	4,2,4,5,1,2,7,0,6,5	10,8,7,9,1,9,4,5,12,9	2,11,3,5,4,3,3,8,7,9	2,3,5,10,5,11,0,13,4,6	138	75
546	1,0,3,3,1,1,2,2,3,0	13,10,13,13,6,13,11,7,12,6	1,4,2,2,0,0,2,4,1,0	15,14,9,9,12,11,13,13,16,8	145	75
549	3,2,6,4,7,4,7,0,4,1	12,17,14,12,9,12,9,4,9,6	1,6,3,4,5,2,9,0,6,4	9,11,3,9,7,5,11,8,8,10	282	75
551	6,2,5,2,2,6,1,3,3,2	101,80,98,72,105,75,87,73,79,82	1,0,0,4,1,2,0,5,2,1	117,104,87,75,82,73,81,77,81,88	156	75
552	0,0,1,2,1,0,0,2,0,1	73,65,70,59,59,74,52,55,77,77	0,0,0,1,0,0,2,0,1,0	69,71,74,71,59,62,67,51,85,62	148	75
553	4,2,5,1,5,4,3,8,4,4	87,87,95,91,70,84,69,89,77,81	0,3,4,3,2,1,2,2,1,6	95,82,75,68,92,84,95,73,78,99	169	75
554	8,6,3,6,1,2,6,7,5,1	82,65,69,66,55,72,65,64,60,62	7,5,6,6,3,8,6,10,8,4	83,59,76,70,69,68,68,65,55,65	144	75
555	75,62,78,70,52,51,70,46,54,59	0,0,0,0,0,0,0,0,0,0	61,65,70,48,58,69,62,50,56,55	0,0,0,0,0,0,0,0,0,1	376	75
556	3,2,3,1,4,2,3,6,3,1	8,4,4,10,4,5,3,1,4,6	3,4,2,4,5,5,3,3,2,1	4,4,7,5,15,9,5,5,9,2	153	75
557	0,1,0,0,1,0,1,3,2,1	43,48,30,24,31,43,36,24,30,40	1,1,1,3,2,4,3,2,1,0	31,44,28,33,45,30,30,33,25,35	148	75
558	0,0,0,0,2,0,0,0,0,0	1,3,1,1,2,2,0,2,0,0	0,0,1,0,1,1,1,0,1,1	0,0,0,3,1,1,1,1,1,0	168	75
559	14,19,17,17,10,17,22,15,22,15	1202,1107,1157,1224,1078,1081,938,821,975,1148	14,11,13,18,13,11,18,15,22,11	1142,1181,1059,993,1145,1180,1107,1041,996,1002	197	75
560	2,0,0,0,0,0,0,0,1,2	2,0,1,1,0,0,2,1,1,2	0,1,0,2,0,0,1,0,0,0	1,1,1,4,1,0,0,0,0,0	175	75
561	1,1,1,1,3,4,2,3,4,3	179,166,182,159,146,158,151,133,153,175	1,5,4,7,2,1,1,5,5,2	140,174,153,154,127,150,150,161,168,135	250	75
564	2,0,1,0,0,0,0,0,1,0	1,1,4,4,4,2,2,2,0,0	0,0,0,0,0,3,2,1,0,0	4,2,0,0,1,1,7,2,0,2	157	75
565	15,15,19,24,20,21,19,18,31,23	9,2,4,9,4,8,8,10,9,8	23,20,12,28,14,18,9,12,30,20	6,11,9,9,9,7,10,10,8,4	2080	75
567	43,33,41,34,33,40,37,45,37,34	0,0,1,0,0,0,0,0,2,0	47,41,35,34,40,29,35,38,23,40	0,0,0,0,1,1,0,0,0,0	455	75
569	0,0,0,0,1,0,0,0,0,0	17,23,12,25,15,27,27,19,23,37	0,0,0,0,0,0,0,0,0,0	19,26,24,15,12,16,18,15,23,12	419	75
570	5,5,4,7,5,1,9,8,12,7	47,47,44,51,35,37,25,39,42,33	6,10,4,11,7,6,5,4,8,7	30,31,41,32,35,44,49,38,18,40	2577	75
571	9,2,3,4,6,1,6,4,10,3	0,0,0,0,0,0,0,0,0,0	6,9,3,3,2,3,2,4,5,5	0,0,0,0,0,1,0,0,0,0	662	75
572	11,9,8,8,6,5,15,7,14,10	17,8,11,17,9,11,18,8,13,15	13,8,9,21,9,16,7,8,25,22	7,20,11,22,14,10,13,17,12,17	1053	75
573	6,16,3,11,15,5,13,18,7,4	35,38,43,32,26,25,34,28,23,21	6,8,5,13,4,8,7,6,18,8	18,38,34,32,24,21,33,31,44,27	599	75
574	2,1,3,1,0,1,1,0,0,0	40,35,38,22,26,24,41,35,45,32	1,1,2,2,1,2,2,3,1,0	27,46,41,36,28,34,42,32,26,38	562	75
575	0,1,2,2,1,2,2,7,2,1	67,73,63,49,62,71,47,54,48,51	1,1,0,1,0,3,1,3,2,3	68,73,52,59,53,68,58,62,47,70	293	75
576	107,141,139,112,111,122,104,112,98,107	2,0,7,3,4,8,1,3,2,3	107,154,128,109,119,132,112,100,108,92	5,8,2,2,1,5,3,2,4,2	675	75
577	37,24,28,40,30,35,24,30,41,30	0,0,0,0,1,0,1,0,0,0	38,60,37,46,25,42,33,32,37,19	3,0,0,2,0,0,0,0,0,0	213	75
579	30,29,34,24,25,14,33,24,20,33	2,0,2,0,3,1,2,1,0,3	18,25,25,32,25,16,16,22,17,24	0,0,2,1,1,1,3,1,1,2	1749	75
580	180,169,164,180,160,130,172,148,157,159	9,12,9,10,6,13,18,8,8,7	151,189,177,158,153,175,169,208,177,125	11,18,8,11,10,22,11,12,10,6	818	75
581	8,7,5,5,6,3,6,4,5,2	35,20,36,14,23,20,17,10,24,29	2,6,6,8,6,4,4,9,5,7	28,19,14,18,23,17,31,17,21,18	1175	75
582	4,5,5,5,5,2,6,4,3,1	0,0,0,0,0,0,0,0,0,0	2,6,5,6,3,4,2,9,3,3	0,0,0,0,1,0,0,0,0,1	1111	75
583	30,24,22,21,31,21,29,22,35,14	24,21,26,24,20,33,20,21,17,21	18,40,16,29,17,19,17,20,30,24	22,33,18,22,30,24,29,28,29,25	2674	75
584	15,15,17,16,25,16,13,13,11,15	0,2,0,0,0,0,0,0,0,0	17,14,20,18,19,23,20,12,19,21	0,0,0,0,0,0,0,0,0,2	277	75
585	1,11,3,4,4,4,3,3,2,9	434,433,471,346,383,444,374,318,364,446	6,1,3,12,3,2,2,5,3,2	424,399,416,372,336,403,380,399,405,415	1730	75
586	22,26,22,10,24,23,22,18,9,16	472,484,543,392,433,423,393,329,387,439	20,15,18,18,17,14,20,13,23,18	491,486,466,380,445,430,402,449,423,479	1385	75
587	13,10,15,16,23,15,25,15,6,10	136,115,114,118,127,119,94,102,114,98	11,22,13,20,12,11,11,12,14,15	110,155,121,97,98,114,118,116,126,130	2203	75
588	0,1,0,0,2,1,1,1,2,0	197,208,221,192,195,197,133,147,139,206	0,1,1,1,0,0,1,4,1,0	161,184,146,164,177,192,164,185,162,153	149	75
590	54,56,60,45,76,63,58,53,72,66	1,1,3,3,4,1,1,4,3,4	47,90,36,39,29,57,46,31,38,53	1,0,3,2,2,2,1,0,2,2	395	75
591	26,35,33,27,45,42,32,34,36,29	9,7,3,11,9,7,6,6,3,8	28,50,15,16,11,34,29,16,22,26	1,10,1,4,3,5,5,4,3,4	286	75
595	1,0,0,0,1,0,0,0,0,0	34,38,36,48,40,44,20,28,25,36	0,0,0,0,0,0,0,0,1,0	25,30,33,35,47,36,48,31,38,19	1510	75
596	25,27,20,24,28,26,42,23,29,18	689,674,745,586,608,599,627,543,593,688	27,31,21,24,17,31,22,22,23,17	682,690,594,589,664,655,694,621,586,626	627	75
598	30,37,29,32,39,27,35,27,39,21	6,1,3,1,0,4,4,3,5,4	37,42,37,36,30,28,52,35,23,26	6,7,2,5,3,3,5,3,5,3	3068	75
599	10,10,14,9,19,11,5,6,8,15	65,77,65,71,65,65,51,53,64,60	13,14,13,9,19,11,12,14,12,8	64,57,56,58,63,64,70,55,75,51	76	75
600	14,13,18,11,21,12,6,9,9,19	1,0,0,0,0,0,0,0,0,0	18,15,17,12,27,11,15,17,18,11	0,0,0,0,0,0,0,0,0,0	79	75
601	6,9,3,7,0,0,5,2,1,2	15,17,12,17,20,16,18,15,10,19	2,3,6,5,0,2,2,0,2,6	14,13,20,14,23,24,14,19,14,14	841	75
602	13,6,8,9,9,7,15,13,10,5	18,21,16,14,15,13,15,16,18,13	5,8,14,6,6,9,7,10,6,6	12,9,14,14,15,11,13,14,13,19	810	75
603	1,2,3,0,2,1,2,1,1,3	998,824,741,913,987,1148,1032,954,1028,1246	1,5,1,0,0,1,2,2,0,3	856,898,929,1137,970,1007,1065,1200,1064,866	156	75
604	25,39,34,29,40,39,22,25,28,22	2,4,7,2,5,4,0,1,2,2	40,42,35,35,43,37,18,42,26,15	2,5,2,2,3,1,3,3,2,0	255	75
605	1,2,3,1,3,1,1,1,6,0	35,34,46,29,25,27,36,33,24,41	5,0,0,3,0,6,2,1,0,5	30,43,29,23,29,27,28,27,32,28	202	75
606	12,2,9,7,3,6,9,8,5,9	53,62,51,41,41,36,43,47,35,43	4,6,9,6,2,5,6,4,12,9	46,59,49,40,46,52,41,39,29,38	1533	75
607	31,28,26,32,20,31,22,22,35,24	0,0,0,1,1,0,0,0,0,1	28,29,27,21,34,22,26,25,35,27	1,0,0,0,0,1,0,1,0,0	149	75
608	73,78,51,68,55,58,78,38,57,72	301,322,269,255,248,336,215,193,230,243	47,84,44,69,62,59,70,82,58,54	266,333,258,258,260,229,247,244,220,265	401	75
609	13,19,11,15,14,9,21,6,10,14	18,15,15,15,12,17,17,8,10,20	11,24,12,16,17,17,11,21,13,15	11,8,17,13,13,16,19,17,12,11	168	75
611	105,103,116,105,80,109,83,80,105,103	0,0,0,0,0,0,0,0,0,0	104,107,95,97,102,116,94,93,113,105	0,0,0,0,0,0,0,1,0,0	2714	75
612	1,0,0,0,0,1,0,0,0,0	78,77,62,72,81,57,46,76,64,53	0,0,0,0,0,0,0,0,0,0	69,70,53,73,59,77,63,52,58,61	751	75
613	0,1,0,0,0,0,0,1,0,0	99,102,86,83,61,70,65,76,92,71	0,1,0,0,0,0,0,0,0,0	87,95,67,91,64,58,88,70,77,67	176	75
614	12,8,13,11,23,7,14,10,14,9	25,21,10,17,17,22,17,12,13,24	6,6,9,17,6,3,7,10,9,8	16,17,15,16,14,19,21,14,17,22	627	75
615	3,2,5,5,4,1,2,0,0,0	166,169,180,124,137,134,130,115,135,111	4,3,3,3,3,1,4,3,1,4	115,185,119,127,127,106,146,132,124,170	218	75
616	15,13,8,1,8,13,34,15,29,30	5,5,3,1,6,5,3,3,4,2	19,15,11,30,17,9,11,27,25,9	4,5,5,2,2,4,6,3,4,5	125	75
617	0,0,2,0,1,0,0,0,0,0	8,6,9,1,2,4,5,6,4,5	2,2,0,0,0,0,2,0,1,0	2,7,9,4,2,4,2,4,5,4	76	75
618	38,56,43,47,55,32,38,43,31,48	9,6,6,4,3,1,1,10,3,10	35,65,38,36,40,43,45,42,43,45	3,5,2,2,8,7,6,3,0,2	153	75
619	2,2,1,0,4,1,0,0,0,1	54,55,54,40,40,54,45,40,44,53	0,3,1,0,0,0,4,0,5,1	38,49,59,49,41,60,45,31,38,45	216	75
620	0,0,2,0,1,0,0,1,0,0	45,24,36,45,29,36,34,31,32,43	0,1,0,0,0,0,0,0,0,2	35,24,32,47,31,39,64,35,37,36	738	75
621	5,0,4,7,2,2,3,3,3,4	40,47,51,39,46,43,18,37,33,41	2,5,1,3,3,3,1,2,6,5	57,55,27,40,44,33,44,48,58,48	559	75
622	0,1,0,4,2,1,2,3,3,2	63,43,69,51,52,50,40,45,45,50	2,1,1,5,1,2,3,0,1,0	31,59,51,44,57,46,86,41,43,33	497	75
623	0,1,0,4,2,1,2,3,3,2	5,0,4,1,1,2,0,0,0,2	2,1,1,5,1,2,3,0,1,0	0,1,1,0,1,4,1,4,0,1	495	75
624	1,5,2,1,0,2,3,2,0,0	57,44,65,42,53,64,54,42,54,54	2,3,5,3,5,1,3,3,5,6	42,57,54,44,62,57,63,43,46,55	1373	75
625	0,4,1,2,1,2,1,3,3,1	2,2,1,1,4,1,2,1,4,2	1,1,2,3,0,1,1,1,2,2	2,0,1,2,0,2,0,1,2,1	183	75
626	1,1,0,0,0,0,1,0,1,1	0,0,1,4,4,1,2,1,3,2	0,2,0,0,1,0,0,1,0,0	2,1,3,2,0,1,1,0,2,0	234	75
628	4255,4135,4016,3292,3550,3376,2986,2991,3319,3385	0,0,0,0,0,0,0,0,1,0	3538,3929,3583,3733,3523,3462,3792,3587,3495,3726	0,0,0,0,0,1,0,0,0,0	3420	75
629	22,13,15,16,21,14,17,27,18,11	94,80,114,77,87,82,63,60,84,53	19,7,7,12,6,10,7,17,17,16	82,81,68,83,80,91,92,90,83,66	451	75
630	85,93,100,95,70,99,68,73,68,71	0,0,0,0,0,0,0,0,0,0	69,89,71,63,72,96,58,83,102,77	0,0,0,0,0,0,1,0,0,0	1547	75
631	1,1,0,1,1,1,3,2,2,1	47,49,68,47,45,39,34,32,49,59	1,0,5,0,2,3,0,0,0,0	52,45,59,48,50,62,43,41,52,44	180	75
633	0,1,0,0,0,0,0,0,0,0	3,0,1,0,0,0,0,3,2,2	1,0,0,1,0,0,0,0,0,0	0,1,1,1,1,1,0,3,0,0	610	75
634	0,1,1,2,0,1,0,1,0,0	1,1,0,1,0,1,0,3,1,3	0,0,0,0,0,0,2,1,0,0	1,0,0,1,0,1,3,1,0,1	1202	75
635	121,159,104,131,107,113,99,99,95,91	2,4,0,8,2,3,3,1,1,2	86,72,79,101,120,88,173,152,108,131	4,2,3,2,3,1,1,3,2,3	329	75
636	141,174,115,137,110,135,112,108,97,101	1,4,1,0,1,2,0,1,1,1	90,74,86,107,129,91,187,166,108,131	0,2,2,1,1,2,1,5,0,0	1061	75
637	34,44,24,33,23,34,25,21,21,27	4,5,4,9,6,3,6,5,10,4	23,14,22,22,29,16,35,35,23,21	4,8,4,5,8,6,7,8,9,9	776	75
638	1,2,3,2,0,0,4,2,0,2	21,31,13,21,15,19,22,12,18,21	3,1,1,0,3,0,1,3,1,0	16,12,10,7,26,13,32,25,14,19	701	75
639	2,8,3,13,4,2,8,5,4,2	26,20,37,37,24,29,49,29,26,34	1,1,2,7,3,9,3,5,6,0	24,31,31,20,31,34,28,19,32,37	256	75
640	34,37,35,45,29,31,39,31,29,30	0,0,0,0,0,0,0,0,1,0	28,38,18,35,21,41,31,32,51,40	0,1,0,0,0,0,0,0,0,0	559	75
641	20,19,11,16,16,19,14,12,20,11	18,16,12,7,15,15,9,14,7,11	8,10,8,15,9,15,11,12,23,22	10,19,17,18,7,16,18,6,16,18	244	75
642	13,15,8,12,12,13,8,9,17,8	1,8,3,5,1,5,5,5,4,2	5,8,6,11,4,8,8,6,17,17	5,5,1,1,5,8,3,4,8,3	210	75
643	5,2,3,0,3,0,2,7,2,0	6,6,7,9,8,5,8,9,9,6	1,3,4,5,3,2,1,4,3,2	6,9,8,7,6,8,9,5,3,10	575	75
644	0,0,0,1,0,0,1,0,0,0	1,2,3,5,1,2,3,1,2,0	1,0,0,2,0,0,0,1,1,0	4,2,1,0,5,3,3,4,0,0	193	75
645	2,0,2,0,1,1,1,0,0,0	6,3,3,3,4,6,2,2,2,3	0,2,0,1,0,1,0,0,0,1	3,2,1,2,5,3,1,5,3,1	710	75
646	0,0,0,0,0,0,0,0,1,0	1,0,2,4,0,3,0,3,0,6	1,0,0,0,0,0,2,0,0,0	3,1,0,3,0,6,4,4,0,0	209	75
647	0,1,0,0,0,0,0,1,0,0	1,2,1,1,0,0,0,0,1,0	0,0,0,0,0,0,1,0,2,0	0,1,0,0,0,0,0,0,0,1	168	75
648	1,1,3,4,1,0,1,0,2,1	53,53,59,46,53,57,55,40,61,55	0,4,1,1,0,0,1,0,1,0	45,44,39,50,51,58,55,50,52,66	154	75
649	0,2,0,1,1,0,1,1,1,1	76,73,73,75,58,57,62,28,72,79	0,0,0,3,1,1,0,3,1,1	77,94,58,59,56,73,73,55,70,61	374	75
650	6,16,9,7,6,9,10,10,7,4	137,127,123,105,89,121,107,88,105,137	4,3,10,1,3,4,9,5,6,6	131,145,127,129,121,138,118,118,107,117	182	75
651	2,1,1,2,1,1,3,1,4,0	69,63,69,53,71,69,50,65,56,58	2,2,0,0,1,1,0,2,1,2	66,85,54,47,59,66,47,57,67,69	218	75
652	2,2,2,2,2,0,0,5,2,2	80,90,91,100,83,78,76,74,79,93	2,6,0,2,2,7,7,3,2,4	74,110,60,92,86,105,91,72,65,71	172	75
653	3,4,1,4,2,2,1,1,5,0	133,136,144,92,125,109,94,98,122,120	1,0,1,1,1,1,1,0,3,1	99,126,105,133,147,121,114,122,110,105	155	75
655	5,3,6,3,4,8,9,2,8,3	97,113,111,98,81,71,109,80,76,76	3,7,7,8,1,3,4,8,12,3	79,101,97,89,82,104,89,82,98,76	392	75
656	8,16,11,13,7,9,13,8,13,6	38,19,34,23,32,37,19,27,18,21	8,4,3,11,8,8,4,7,12,8	29,27,33,32,17,18,25,22,39,38	377	75
657	1,0,2,1,1,3,4,1,1,4	5,6,13,4,12,6,5,5,4,12	1,1,4,1,0,0,2,0,6,1	7,6,5,12,8,8,7,7,7,10	234	75
658	23,18,26,32,23,11,38,21,16,10	33,27,36,21,20,24,24,35,41,30	23,23,28,33,11,21,18,18,16,41	40,24,17,23,19,33,41,27,19,29	311	75
659	7,6,6,8,8,5,13,8,10,14	61,48,49,35,34,40,26,46,36,40	6,17,11,15,9,7,10,13,14,8	42,38,29,51,33,51,52,42,35,51	406	75
660	6,3,3,3,7,2,4,0,2,2	11,20,22,7,12,20,7,14,14,5	1,3,6,6,1,6,4,0,5,6	10,11,10,12,9,13,20,14,11,10	178	75
661	6,3,3,2,7,2,4,0,2,2	0,0,0,0,0,0,0,0,0,0	1,3,6,4,1,6,4,0,5,5	0,0,0,0,0,0,1,0,0,0	173	75
662	4,4,5,5,4,10,10,7,14,7	21,32,25,17,21,25,17,18,16,24	4,5,3,9,7,7,7,9,5,6	25,27,24,20,26,31,19,11,13,14	171	75
663	31,15,30,29,22,21,27,19,23,27	2,1,0,0,0,2,1,1,0,1	18,28,22,25,19,28,23,15,18,15	0,0,0,0,1,1,0,0,1,0	261	75
664	13,13,9,17,9,16,10,10,18,14	0,0,0,0,0,0,0,1,0,1	9,18,17,10,3,14,14,11,12,13	0,0,0,0,1,0,0,0,0,0	376	75
665	16,20,22,20,20,10,32,27,23,4	1355,1194,1275,1077,1167,1096,967,999,1098,1264	16,28,15,18,11,15,15,18,19,25	1206,1351,1023,1080,1185,1132,1110,939,1147,1075	330	75
666	30,28,19,33,24,19,42,39,22,30	1337,1127,1231,992,977,1026,954,939,1029,1168	21,36,26,25,31,26,18,31,32,31	1127,1241,940,1052,973,1088,1188,866,1003,1024	232	75
667	59,42,47,42,45,49,48,65,50,57	219,208,214,200,202,162,213,190,211,223	58,54,47,51,50,52,58,53,55,47	191,220,208,204,235,256,220,211,247,174	211	75
668	2,5,1,2,1,0,2,0,0,4	17,22,16,17,15,16,11,12,19,27	1,0,2,0,4,1,4,4,1,1	20,22,18,16,23,16,18,13,23,25	214	75
669	0,0,0,0,2,1,0,1,0,2	17,10,15,18,15,5,18,15,16,15	2,0,0,0,0,1,0,1,0,0	13,14,13,24,9,12,15,20,14,14	212	75
670	5,1,2,3,2,4,10,2,3,0	2,3,5,2,4,5,2,5,1,6	8,4,0,0,1,0,4,2,8,4	3,2,0,0,5,4,6,4,1,1	860	75
671	1,3,4,4,0,0,1,1,2,2	0,1,0,0,0,0,0,0,0,0	0,1,0,0,0,1,0,0,1,1	0,2,0,0,0,0,1,0,0,0	214	75
672	2,7,4,6,0,1,6,2,5,1	5,4,8,8,7,13,7,5,6,8	2,6,6,5,3,4,2,4,5,7	10,2,4,2,2,3,3,4,9,4	379	75
673	3,8,4,7,1,7,9,3,6,1	77,62,85,67,61,56,72,58,58,70	3,7,7,5,4,4,2,5,8,8	50,73,55,66,78,54,69,61,58,44	394	75
676	21,22,19,20,25,31,27,19,12,20	0,1,0,0,1,0,0,0,1,0	24,27,20,9,19,15,14,17,26,23	5,2,2,0,0,3,0,0,2,0	350	75
678	16,16,18,22,19,11,22,18,19,18	1,0,1,0,0,0,0,0,0,1	15,12,8,13,16,21,17,10,12,12	0,2,2,1,0,1,0,0,0,0	485	75
679	12,14,18,7,8,10,16,15,15,11	55,51,81,50,43,61,44,45,49,51	11,22,14,13,5,14,8,8,10,7	69,42,53,44,54,55,54,47,54,45	1403	75
680	15,7,6,15,7,3,13,11,14,2	160,140,147,132,107,136,106,106,121,115	11,10,10,7,6,5,10,9,5,12	144,148,127,128,128,130,125,107,124,142	218	75
681	13,11,11,10,14,15,8,8,17,10	0,0,0,2,0,0,0,0,0,0	11,18,9,15,8,8,12,10,13,7	0,1,0,0,2,0,0,0,0,0	663	75
683	46,37,43,32,32,36,27,26,30,25	6,2,4,13,3,3,4,6,4,4	35,34,30,29,36,33,29,27,25,29	6,7,5,8,6,4,2,7,2,4	233	75
684	2,1,0,4,1,1,1,3,1,0	62,46,50,46,27,33,37,51,33,57	0,1,0,0,2,3,1,0,1,1	40,47,45,34,48,48,37,28,38,25	173	75
685	2,9,2,11,2,9,8,4,0,13	36,43,50,35,49,37,49,35,47,55	10,10,3,7,14,9,2,4,9,6	56,47,38,41,54,63,53,34,42,51	1274	75
689	4,5,2,3,2,2,4,3,4,3	29,17,14,14,15,7,13,11,9,21	3,3,3,3,3,2,6,3,0,9	10,11,11,15,18,24,21,10,6,18	515	75
690	6,5,0,2,3,2,5,3,7,7	0,0,0,0,0,0,0,0,0,0	5,2,1,4,0,1,5,3,2,7	1,0,0,0,0,0,0,0,0,0	777	75
691	2,2,0,3,4,1,1,1,2,4	202,191,181,174,176,184,136,125,175,148	2,2,2,1,0,0,2,1,3,1	149,177,160,183,156,155,170,178,188,159	152	75
694	0,0,0,0,0,0,0,0,0,0	0,0,0,0,0,0,1,0,0,0	0,0,0,1,0,0,0,0,0,0	0,0,0,0,0,0,0,0,0,0	562	75
695	9,4,2,2,6,7,14,1,11,6	103,84,94,87,51,84,72,70,96,76	6,10,5,6,15,14,8,6,7,11	80,83,66,79,85,75,99,76,80,101	156	75
697	4,6,9,3,4,1,5,5,3,2	1,1,1,0,0,0,0,0,0,0	4,4,0,5,1,2,1,2,3,4	1,0,1,0,2,0,0,0,0,0	737	75
698	10,12,10,7,10,12,3,5,6,9	57,65,53,36,35,45,43,49,51,56	12,13,16,15,12,16,11,13,12,17	41,51,50,50,42,61,71,42,49,58	158	75
699	4,0,2,2,2,5,5,1,2,2	6,5,6,6,8,9,7,2,8,3	1,2,7,1,0,3,3,0,1,5	9,5,4,2,6,8,8,3,4,6	158	75
700	4,0,1,0,2,5,4,1,1,1	399,357,405,299,312,351,270,263,290,254	1,2,4,1,0,1,1,0,0,2	329,377,305,312,323,335,319,351,306,286	154	75
701	0,1,3,2,0,2,1,2,1,0	268,285,305,253,270,284,229,190,211,234	2,0,0,0,3,1,1,1,2,2	296,234,190,191,268,255,265,230,219,231	167	75
702	2,2,1,0,3,2,2,2,3,0	356,388,368,321,312,327,317,256,267,361	0,2,2,0,1,1,1,1,0,0	315,334,290,297,333,369,347,331,299,300	191	75
703	126,120,115,129,94,110,106,105,116,98	0,0,0,0,0,1,1,0,0,1	93,124,89,92,111,114,114,112,104,96	0,1,0,1,0,0,0,0,0,1	888	75
704	37,17,33,30,27,22,30,29,26,16	271,254,314,237,237,267,228,200,235,216	17,35,23,25,23,24,15,30,28,24	244,295,247,226,260,269,241,245,251,223	666	75
705	13,10,10,25,22,13,21,16,19,13	81,84,84,80,97,96,52,62,73,121	19,26,10,20,25,15,12,18,21,10	84,98,117,68,87,76,61,75,82,67	1120	75
706	7,12,12,12,12,8,10,17,14,5	117,89,103,121,111,125,69,75,83,99	9,10,11,13,6,6,5,9,11,6	110,120,106,96,101,119,84,110,85,60	441	75
707	11,7,7,11,6,5,4,7,3,8	38,26,22,21,29,25,25,16,30,32	4,10,8,7,6,7,10,4,11,5	19,36,23,40,22,29,32,18,39,30	149	75
708	161,165,194,161,163,134,164,138,151,140	7,12,4,8,10,15,4,8,5,8	135,175,143,153,150,142,191,110,146,133	17,12,7,11,20,5,18,5,11,11	177	75
709	0,2,2,3,1,3,3,0,0,2	94,90,84,83,71,76,77,69,80,69	0,4,1,8,1,5,1,3,3,3	74,103,82,84,81,87,78,76,73,82	153	75
710	8,12,3,17,6,9,5,6,11,8	62,32,47,35,49,40,36,33,32,27	5,16,12,11,4,8,1,12,11,7	39,50,40,33,53,44,56,45,39,23	215	75
711	7,7,0,3,3,3,4,3,2,1	48,43,32,21,35,28,28,30,25,29	5,4,3,6,1,2,2,3,2,6	28,37,45,28,32,22,33,32,25,26	285	75
712	10,12,9,5,11,7,16,10,8,1	60,49,58,53,53,49,58,43,50,43	5,8,8,10,6,5,7,10,14,11	60,62,52,28,47,36,50,46,43,66	323	75
713	38,48,37,27,44,38,34,45,39,36	6,11,8,5,6,4,9,5,7,9	37,34,29,44,30,39,33,46,42,35	12,5,3,5,3,4,7,2,6,12	391	75
714	13,13,19,13,17,15,11,11,13,12	3,1,5,1,2,0,3,1,1,3	6,14,7,10,17,6,19,11,11,12	1,2,4,2,1,4,0,2,1,2	175	75
716	0,2,0,2,1,0,0,1,0,0	11,8,6,4,9,8,3,8,1,5	0,0,1,2,0,0,0,1,0,0	7,11,12,2,6,10,8,7,9,3	153	75
717	53,60,40,59,58,35,42,44,55,35	135,122,166,150,137,124,89,86,69,119	60,44,36,62,39,31,32,45,51,50	118,148,148,120,131,132,104,105,121,97	2462	75
718	0,3,0,1,1,0,0,0,0,0	0,0,0,0,0,0,0,0,0,0	0,0,1,1,1,0,1,0,1,1	2,0,0,0,0,0,0,0,0,0	1226	75
719	0,0,0,0,0,0,0,0,0,1	118,105,116,76,84,76,65,62,81,87	1,0,2,0,0,0,0,1,1,0	93,105,95,72,93,88,99,82,81,95	292	75
720	29,47,48,48,47,37,60,47,57,33	82,73,81,76,73,90,63,55,66,51	33,48,43,39,48,22,27,40,38,34	74,92,52,76,51,64,80,62,57,71	1308	75
724	0,1,0,0,0,4,0,0,1,3	0,0,0,0,0,0,0,0,0,0	2,1,0,0,1,0,1,0,2,0	0,1,0,0,0,0,0,0,0,0	762	75
731	80,68,61,59,41,55,57,46,50,58	37,28,26,23,32,29,26,34,21,29	61,66,62,52,69,52,51,55,70,58	25,24,29,34,29,34,21,28,26,21	177	75
733	0,1,0,1,0,0,0,0,0,1	0,0,1,0,0,0,0,0,0,1	0,0,0,0,0,0,0,0,0,1	0,0,2,0,0,1,0,0,0,0	1050	75
734	25,22,23,22,15,19,19,9,22,26	36,26,41,31,30,24,15,21,36,28	15,25,28,19,28,14,19,23,23,21	40,31,40,39,28,34,40,57,42,18	407	75
735	252,222,237,204,223,222,190,194,199,198	1,1,0,0,0,0,1,2,2,2	192,249,213,209,196,218,235,201,217,261	0,0,0,2,2,0,1,2,1,0	998	75
736	220,177,192,175,179,194,158,166,168,179	0,1,0,0,1,0,0,0,0,1	161,208,180,178,171,192,190,175,184,213	1,1,1,3,2,5,1,0,0,0	967	75
737	30,13,22,19,24,22,21,28,20,16	62,64,54,56,48,67,54,33,57,50	13,36,20,21,18,11,21,27,16,29	67,50,60,67,47,51,45,71,50,45	871	75
738	99,81,96,73,103,96,74,83,96,74	1,0,0,0,2,1,2,1,0,1	91,100,79,103,95,80,90,87,80,99	2,0,0,1,1,0,2,1,0,2	918	75
739	2,3,8,5,3,1,8,3,1,5	46,49,51,52,35,45,38,42,36,46	0,5,1,2,4,2,4,15,6,5	48,59,59,47,36,50,51,48,44,40	1878	75
740	2,0,3,2,0,1,3,0,1,3	125,104,125,109,114,112,123,95,96,115	4,2,1,2,2,0,3,1,5,1	104,112,135,109,107,109,104,96,123,100	273	75
741	6,5,9,4,5,3,6,9,7,7	237,202,249,244,227,211,244,199,218,219	2,6,4,4,6,5,7,1,8,7	242,242,226,235,252,240,243,219,264,232	283	75
742	42,26,34,39,28,17,29,34,43,13	0,0,0,0,0,0,1,1,0,0	25,34,33,30,15,26,31,56,36,40	0,0,0,0,0,0,0,0,0,0	979	75
743	4,10,13,5,9,6,16,6,6,4	97,112,112,89,63,67,83,71,84,64	10,7,5,15,1,11,8,8,9,7	103,99,83,84,88,89,87,75,92,99	1659	75
744	9,11,11,7,5,7,11,13,3,5	106,89,74,97,82,91,68,80,66,54	6,8,10,12,9,13,2,5,18,10	85,98,74,80,73,92,85,70,65,101	950	75
745	61,64,70,62,48,56,48,52,49,50	0,0,0,0,0,0,0,0,0,1	56,66,55,49,48,60,52,64,69,40	0,0,0,0,0,0,0,0,0,0	1009	75
746	4,7,4,2,8,6,6,2,1,4	108,114,112,118,97,98,90,75,98,84	2,3,3,3,5,2,2,2,1,4	104,120,93,95,103,108,114,104,103,113	255	75
747	0,0,0,0,1,0,0,1,1,1	13,17,16,7,5,20,11,12,12,16	0,4,0,0,0,0,0,0,0,0	15,23,16,15,12,10,8,14,12,15	161	75
748	0,0,1,3,1,0,1,0,1,3	14,5,5,7,9,12,8,2,15,3	1,3,0,1,1,1,1,2,0,0	11,16,11,3,4,8,2,6,14,5	156	75
749	4,3,4,4,5,1,7,6,6,8	10,17,13,15,14,12,11,11,12,10	3,6,3,3,5,6,2,4,4,2	12,9,13,16,25,13,9,11,17,11	550	75
750	50,45,43,23,60,48,29,47,60,60	10,7,0,0,6,8,6,7,16,14	41,52,31,61,40,77,67,53,34,45	9,6,0,6,4,14,11,17,8,8	162	75
751	9,9,14,14,5,4,10,5,12,5	55,67,44,78,40,61,48,53,49,82	5,10,4,11,2,8,5,13,11,12	63,70,45,54,73,46,61,51,38,49	338	75
753	76,58,63,47,60,67,61,34,56,65	40,39,50,51,38,45,25,28,33,34	55,60,44,52,52,59,54,62,53,62	60,36,36,38,34,50,55,43,40,33	600	75
755	3,4,1,7,2,6,1,2,5,0	29,28,19,17,17,20,29,11,17,25	3,1,2,1,3,0,1,7,3,1	23,20,12,8,30,33,19,27,23,22	1165	75
756	0,0,1,0,0,2,0,0,1,1	25,24,30,27,26,39,24,21,35,30	0,0,1,0,1,0,0,0,0,0	23,30,42,30,33,34,35,24,28,26	157	75
757	5,3,3,2,1,0,6,1,1,4	42,31,35,15,29,30,30,30,35,20	1,3,1,1,1,4,3,1,3,2	29,29,30,29,15,32,34,27,20,32	1038	75
758	17,42,37,29,22,34,20,23,33,18	5,7,1,4,4,7,12,4,10,2	17,27,15,32,26,24,37,40,23,32	5,6,5,5,2,7,6,4,8,2	167	75
759	4,5,3,4,7,2,4,3,2,4	6,12,13,18,6,9,10,4,13,10	4,5,1,8,2,1,6,2,7,9	12,15,7,18,11,9,10,16,13,23	2265	75
760	1,5,3,8,1,3,1,2,5,1	0,0,1,1,0,2,0,0,0,1	4,5,1,2,1,1,1,6,2,2	0,0,0,0,0,0,0,0,0,0	1100	75
761	5,17,7,12,3,13,3,3,6,1	1,0,0,0,0,0,0,0,0,0	6,13,4,11,4,3,7,7,7,4	0,0,1,0,0,0,0,0,0,0	1340	75
762	4,10,3,4,2,2,6,2,2,1	68,52,42,63,50,39,50,45,50,36	4,6,2,2,7,6,7,4,6,3	41,57,31,48,53,59,59,61,56,40	920	75
763	0,0,1,0,2,0,0,0,0,1	2,0,0,0,0,1,1,0,0,1	0,0,0,0,0,0,0,0,0,1	0,0,0,0,0,2,0,1,0,0	418	75
765	47,62,41,52,37,33,59,49,56,37	4,4,2,1,1,2,6,4,2,0	38,59,26,55,44,31,34,35,59,30	2,2,1,1,4,3,2,1,3,1	1527	75
766	82,65,65,69,63,49,81,48,66,74	322,287,318,293,259,263,237,237,247,275	57,62,65,54,48,51,68,55,59,66	278,283,268,259,281,284,288,280,244,278	373	75
767	1,5,2,2,2,1,2,2,3,1	742,677,767,567,567,562,613,534,606,607	2,1,1,1,5,3,0,1,1,1	667,611,609,565,673,680,657,532,613,587	163	75
768	11,9,8,10,6,8,19,11,16,2	17,9,19,17,15,14,18,14,12,19	4,20,15,14,8,11,11,8,12,6	12,16,15,13,10,13,14,19,15,14	1627	75
770	19,20,24,24,19,30,32,33,20,12	17,18,19,17,20,20,12,12,12,17	13,27,10,22,17,8,26,29,28,23	15,20,12,14,29,17,22,10,23,14	562	75
771	0,0,0,0,0,0,0,0,2,0	2,3,3,1,2,5,0,0,1,0	1,0,0,0,0,1,2,0,0,0	0,0,1,5,1,1,3,5,0,0	744	75
772	54,72,77,65,57,62,72,66,53,55	34,32,22,34,36,31,31,22,23,27	65,64,78,76,70,68,73,77,69,47	25,34,18,30,19,28,23,35,29,17	163	75
773	3609,3390,3775,3381,3299,3422,3088,2774,2849,3036	9,15,9,13,14,6,8,13,15,11	3301,3347,3380,3267,3602,3361,3360,3333,3548,2949	13,10,17,13,10,16,19,10,12,13	3238	75
776	0,0,0,0,0,0,0,0,1,0	0,0,0,0,0,0,0,1,0,0	0,0,1,0,1,0,0,0,1,0	0,1,1,0,0,0,1,0,2,0	786	75
778	3,2,1,2,0,2,3,4,3,5	1,0,1,0,2,3,1,5,0,1	2,1,1,2,2,3,2,1,0,5	2,6,2,2,0,2,2,1,1,0	273	75
779	36,32,42,28,23,30,24,29,29,30	1,4,0,1,2,1,1,3,3,2	32,35,27,24,31,31,23,21,30,18	1,0,2,2,0,0,2,2,1,2	472	75
780	27,24,28,15,27,24,31,18,31,19	2,2,4,2,0,2,2,5,1,1	32,30,17,17,28,29,33,20,19,17	0,2,1,0,0,3,2,0,3,0	137	75
781	43,28,26,32,27,36,34,23,30,34	7,16,11,7,13,9,3,7,6,5	47,45,34,31,40,30,31,31,38,31	5,11,4,5,13,6,3,5,3,9	193	75
782	11,25,17,10,20,17,26,16,9,12	0,0,0,1,1,0,1,1,0,0	18,23,10,19,13,18,12,19,13,20	0,0,0,1,0,1,0,0,0,0	471	75
783	5,14,9,9,13,11,18,11,6,5	20,21,31,19,24,26,16,13,15,29	8,15,4,12,7,8,5,16,9,12	19,20,26,29,27,12,19,22,17,18	460	75
784	4,6,1,10,6,5,11,4,6,4	23,17,14,17,20,30,26,16,16,17	4,5,2,5,3,4,2,7,3,1	15,18,17,14,23,15,16,17,19,12	844	75
787	4,3,5,2,3,2,4,3,2,0	16,17,15,14,8,15,16,11,10,19	0,3,2,4,3,1,0,5,2,4	15,25,21,11,21,14,13,23,17,21	220	75
788	1,0,0,1,0,0,0,0,0,1	16,19,18,27,17,25,22,18,23,31	0,0,1,0,0,0,1,1,0,0	22,29,31,22,22,26,26,19,24,22	199	75
789	0,0,1,0,0,0,0,1,0,1	92,86,81,62,69,74,80,72,83,90	0,1,0,0,1,4,0,2,1,1	96,75,97,89,86,97,93,82,65,60	150	75
790	890,650,792,688,736,862,642,697,638,604	0,1,0,0,0,0,0,0,0,0	920,909,753,700,703,781,748,675,909,911	0,1,2,1,0,0,0,1,0,1	1735	75
793	176,131,179,192,225,168,215,219,187,110	95,103,66,73,64,74,64,66,73,82	198,236,176,214,122,165,170,194,220,222	85,94,77,87,61,82,100,75,93,79	1358	75
794	0,4,2,0,2,4,5,3,2,5	64,38,38,49,43,52,37,30,55,38	6,3,0,1,4,2,1,3,0,2	40,37,40,51,51,38,46,44,49,38	156	75
795	6,8,8,2,4,7,2,1,5,3	12,16,17,8,20,19,19,15,13,13	4,5,4,5,3,1,4,5,1,5	14,15,17,16,18,17,16,14,8,16	325	75
796	15,19,11,20,18,14,16,18,17,10	4,2,1,1,2,3,2,2,2,0	13,26,21,21,11,13,20,24,30,25	4,2,0,2,4,1,4,2,4,3	886	75
797	387,372,336,363,330,344,360,328,297,303	4,2,1,3,1,0,0,1,2,1	410,437,319,339,332,348,300,320,366,351	2,1,2,0,1,1,3,2,2,3	1037	75
798	16,19,16,20,22,21,25,20,20,17	55,69,64,61,60,89,55,42,56,53	15,12,13,19,13,12,10,16,30,22	78,62,79,61,73,66,70,50,67,54	196	75
799	0,0,0,0,0,0,0,0,0,0	1,0,0,0,0,1,0,0,0,0	0,0,0,0,0,0,0,2,0,0	0,0,1,0,1,1,0,1,0,0	505	75
801	4,1,4,0,2,3,0,0,1,2	52,60,67,53,71,50,43,47,51,41	0,2,1,0,1,1,2,1,0,1	54,61,54,53,53,64,55,54,52,55	177	75
802	21,47,27,26,26,38,28,34,29,21	12,9,12,3,14,4,7,10,11,13	22,30,18,49,38,20,50,39,32,26	8,6,6,6,7,5,8,6,6,5	2156	75
803	7,9,7,5,16,11,10,5,7,10	57,61,50,47,52,44,38,43,49,33	7,6,6,3,7,6,7,6,8,8	58,51,46,39,36,53,51,42,54,36	205	75
804	12,14,13,9,17,13,16,16,10,6	3,7,2,3,4,1,2,3,1,2	9,13,7,12,9,8,12,16,13,15	3,3,5,0,5,5,2,3,1,1	1892	75
805	10,6,10,7,5,5,5,9,13,7	5,7,3,6,4,4,7,7,2,6	6,11,3,7,10,10,8,8,15,7	8,3,3,7,4,13,5,7,7,5	1295	75
806	153,171,194,208,188,147,181,194,189,144	4,5,6,5,4,4,5,2,5,7	156,202,171,160,158,199,157,188,162,159	3,4,6,5,2,9,6,1,3,0	1877	75
807	5,2,3,5,4,2,2,2,4,3	178,182,146,177,178,159,124,124,152,165	2,3,2,1,4,2,1,6,4,5	170,204,126,156,164,153,166,160,123,142	153	75
809	81,89,87,90,75,85,86,85,82,73	29,23,19,22,16,28,5,15,21,11	86,104,86,93,63,66,77,91,93,95	15,27,25,19,30,19,25,19,19,13	3267	75
811	488,438,567,418,421,462,412,395,362,373	8,3,3,1,4,7,4,1,3,7	450,472,361,377,439,422,489,453,425,453	9,10,4,5,4,3,6,2,2,5	2031	75
813	26,46,46,50,35,66,29,38,37,35	1,3,1,3,2,4,1,3,4,5	38,47,29,34,34,38,59,38,36,32	1,3,3,2,2,4,3,3,3,1	134	75
816	164,159,160,171,183,148,138,130,121,172	462,452,567,477,470,590,390,344,392,422	155,153,174,149,110,146,105,109,153,127	518,468,490,434,513,442,391,445,482,358	314	75
817	7,18,1,14,8,2,12,8,14,2	223,245,211,228,231,221,207,164,193,166	5,10,2,13,8,6,3,13,19,7	237,232,250,215,208,189,176,186,223,162	268	75
820	0,0,0,0,1,0,0,0,0,0	0,0,0,0,0,0,0,0,0,0	0,1,0,0,0,0,0,0,1,0	0,0,0,0,0,0,0,0,1,0	830	75
821	2,1,1,1,0,0,0,0,1,0	33,31,46,41,36,34,26,35,41,46	1,0,1,0,0,1,0,2,1,0	43,31,36,45,38,51,39,35,29,47	146	75
826	120,126,111,90,105,104,94,90,99,89	56,44,64,38,54,55,39,37,41,57	95,115,93,102,96,116,105,97,103,113	52,47,45,47,32,72,48,51,50,38	285	75
827	25,23,25,29,18,27,33,30,29,20	0,0,0,1,0,0,1,0,1,0	26,20,15,26,21,26,13,18,20,34	0,0,1,0,0,0,1,0,0,0	415	75
828	5,1,1,3,1,6,5,5,4,3	11,8,9,14,9,17,10,4,11,12	1,8,5,6,2,3,9,4,6,2	15,11,5,5,12,7,15,11,10,9	258	75
830	0,0,0,0,0,0,0,1,0,0	5,1,2,0,1,0,2,3,4,1	1,0,0,0,0,0,0,0,0,1	0,2,1,0,0,2,2,1,2,2	301	75
832	0,1,1,0,0,0,2,0,0,0	0,1,2,2,0,0,0,0,5,1	0,1,0,2,0,0,0,1,0,1	0,0,0,0,1,1,1,0,1,2	251	75
834	0,0,0,0,0,0,0,1,1,0	11,12,14,20,9,5,12,4,13,10	0,0,0,0,0,0,0,0,0,0	10,13,12,15,10,17,11,10,9,6	167	75
835	2,4,1,4,1,2,3,1,1,2	1,2,0,1,1,0,0,1,3,0	2,1,3,3,1,3,3,2,1,3	1,2,1,0,0,0,1,0,0,1	146	75
836	4,3,1,0,3,2,3,1,5,0	46,54,49,47,33,31,47,31,29,47	4,4,1,3,4,2,4,3,2,2	48,39,32,33,42,37,38,27,32,38	165	75
837	50,35,37,43,41,42,52,24,29,46	1,2,0,0,0,0,1,1,0,0	44,32,35,35,40,52,46,49,41,33	0,0,3,0,0,0,0,0,0,0	175	75
839	4,0,0,1,0,0,0,0,0,0	0,0,1,0,0,0,0,1,1,0	0,0,0,0,0,0,0,0,0,0	1,0,0,0,0,0,0,0,0,0	1171	75
840	0,2,0,3,1,1,2,4,2,1	0,1,0,2,0,0,0,1,1,1	2,8,2,0,2,0,2,1,3,3	2,1,1,0,0,0,0,0,0,2	1631	75
841	10,9,12,8,12,8,13,14,17,9	49,38,50,48,46,46,37,40,32,43	7,11,12,15,7,5,7,11,5,8	35,54,24,41,37,43,42,38,46,45	176	75
842	10,9,12,8,12,8,13,14,17,9	1,3,3,4,2,4,1,1,2,2	7,11,12,15,7,5,7,11,5,8	4,1,4,2,4,0,0,3,2,0	179	75
843	7,8,9,8,9,6,10,14,16,11	36,43,29,32,24,28,27,36,29,35	11,18,15,11,6,7,9,9,12,11	28,32,28,26,33,40,27,22,18,25	212	75
844	113,111,112,134,109,77,141,121,96,94	272,280,288,250,243,250,218,186,234,252	97,126,92,122,89,116,84,115,131,125	272,265,210,251,248,233,243,206,232,227	891	75
845	10,16,19,12,14,5,22,14,10,10	634,634,656,534,543,584,531,506,499,549	11,14,11,13,13,17,4,7,11,26	518,606,559,536,586,617,553,527,584,530	312	75
846	19,19,19,19,14,7,21,18,14,13	533,510,524,423,410,458,423,408,446,443	13,18,12,12,7,14,12,16,15,11	476,538,377,464,456,463,452,453,388,460	349	75
847	7,7,7,7,6,6,9,5,7,12	4,4,3,8,1,3,2,3,2,2	3,6,8,6,3,5,5,7,5,12	2,5,3,3,3,4,2,2,5,1	545	75
848	6,11,1,5,0,2,7,3,0,4	0,6,3,5,8,5,6,3,4,2	13,0,0,0,3,0,8,9,4,10	6,2,1,3,5,5,13,5,4,7	161	75
849	10,18,4,6,7,16,11,13,12,6	0,0,0,0,0,0,0,1,0,0	7,9,10,16,16,14,12,14,6,14	0,0,0,0,0,0,0,0,0,0	991	75
850	75,117,101,99,73,69,104,100,107,70	1,0,1,2,3,2,3,3,2,1	87,103,75,83,81,93,100,91,88,94	0,0,2,2,1,2,6,3,1,3	1320	75
851	112,152,151,137,97,99,139,136,138,99	1,0,0,1,0,0,1,2,0,0	125,135,105,110,102,131,145,116,131,125	1,3,1,3,1,1,2,0,0,1	1831	75
852	3,4,3,2,2,1,4,5,3,3	172,204,220,179,196,194,174,146,197,194	2,4,0,1,2,4,3,3,4,5	215,180,196,180,185,214,213,187,172,195	203	75
853	6,6,8,7,8,6,16,14,14,7	305,305,294,272,263,278,269,259,251,266	6,7,5,8,5,6,4,15,12,7	303,281,285,298,310,297,325,239,286,237	334	75
854	1,1,6,2,5,0,6,2,4,1	0,0,0,0,0,0,1,0,0,0	3,0,1,1,3,5,0,3,2,3	0,0,0,0,0,0,0,0,0,0	462	75
858	0,0,0,0,0,1,0,0,0,0	0,1,1,0,3,0,1,2,3,2	0,0,0,0,0,0,0,0,0,0	0,2,2,2,0,0,1,0,1,2	164	75
859	3,7,3,3,4,3,5,3,1,6	5,0,0,1,4,1,1,4,1,3	4,0,3,3,3,3,2,5,3,1	1,2,0,1,0,1,1,0,2,2	451	75
860	0,2,3,2,1,1,1,2,0,0	0,2,2,1,0,2,0,2,0,1	0,1,1,0,0,0,1,0,1,0	1,3,4,1,0,2,6,0,1,2	160	75
861	0,1,1,1,1,1,0,1,0,0	1,2,1,0,2,1,3,3,4,0	0,1,0,0,0,0,2,1,0,0	0,3,0,1,0,1,3,0,3,3	168	75
862	4,3,3,2,5,5,2,7,3,4	1,0,0,1,0,0,0,1,0,0	3,12,2,2,3,0,2,6,2,2	0,2,0,1,0,0,0,0,0,0	296	75
863	1,0,0,0,1,0,0,0,0,0	26,29,42,24,21,24,26,18,29,31	0,0,0,0,0,0,0,0,1,0	29,28,29,20,13,13,25,29,25,13	185	75
864	5,12,6,10,5,8,11,4,5,7	5,3,1,2,1,3,4,3,1,7	8,16,7,7,6,2,6,8,10,9	5,6,3,2,5,0,5,0,5,2	1006	75
865	10,22,15,19,14,14,17,10,15,15	17,22,15,7,14,10,9,16,15,15	14,27,14,9,11,6,13,14,18,13	12,10,5,10,12,13,14,9,14,11	1099	75
866	41,40,39,57,29,40,45,32,45,39	8,12,11,8,5,5,8,7,10,8	32,46,35,38,40,33,55,37,40,38	4,5,6,6,2,4,11,6,5,7	1118	75
867	11,9,12,9,5,17,3,7,6,14	6,4,5,7,4,2,4,3,3,3	11,12,5,8,12,10,13,10,18,4	5,8,2,4,2,7,4,8,3,4	312	75
868	0,1,3,0,2,4,1,1,1,1	9,8,14,10,15,3,5,8,10,16	0,1,0,2,4,2,0,1,2,2	10,14,12,8,9,9,3,8,5,10	276	75
869	22,24,26,36,14,19,26,19,22,30	3,3,2,1,5,1,2,0,5,2	22,30,24,27,15,24,33,17,16,31	4,1,2,1,1,2,1,3,2,3	437	75
870	36,30,29,35,26,35,30,31,25,24	2,1,1,1,0,0,1,0,0,0	32,24,26,27,30,35,28,32,33,25	0,2,1,1,2,1,0,0,0,0	517	75
871	0,1,0,0,2,0,2,0,1,0	0,0,0,2,0,0,0,0,0,0	0,0,0,0,0,0,1,1,3,0	0,0,0,0,0,0,2,2,0,1	396	75
872	60,67,66,45,60,67,64,37,61,67	1,0,0,3,2,0,0,2,1,0	53,75,49,46,51,61,49,38,52,45	0,0,3,0,1,1,0,1,3,1	720	75
877	2,0,0,0,1,0,1,1,1,0	3,2,1,2,1,2,1,3,2,3	0,0,1,1,1,0,0,1,0,0	0,3,0,3,0,3,2,1,0,1	395	75
878	5,8,2,4,4,3,1,5,4,3	47,46,54,43,36,45,54,39,52,39	2,6,1,1,2,5,5,5,1,3	37,42,43,22,25,45,61,45,26,40	713	75
879	56,38,58,51,50,42,56,62,56,54	268,252,262,232,208,254,243,207,210,218	56,74,37,65,52,48,46,71,51,66	244,257,231,219,275,247,242,259,215,235	208	75
880	4,16,13,8,11,10,11,14,16,8	22,25,20,20,18,23,17,17,24,16	4,7,9,16,6,10,10,16,11,7	14,35,16,16,29,26,16,21,20,18	303	75
881	28,22,23,15,20,23,21,18,13,17	16,13,12,7,14,4,7,9,5,14	28,33,20,33,27,26,25,6,24,28	14,10,6,12,10,13,7,9,9,3	206	75
882	11,24,13,7,9,14,11,7,20,9	20,28,34,31,26,33,19,15,28,30	9,13,18,17,13,30,20,21,10,27	32,40,15,25,17,21,16,31,25,33	165	75
883	11,24,13,7,9,14,11,7,20,9	0,0,0,0,1,0,1,0,1,0	9,13,18,17,13,30,20,21,10,27	0,0,0,0,0,0,0,0,0,0	167	75
884	2,6,0,6,3,0,1,2,4,3	1643,1607,1608,1441,1503,1462,1400,1280,1288,1527	1,3,3,3,2,1,1,1,3,5	1411,1760,1357,1425,1418,1545,1404,1268,1448,1399	256	75
885	28,15,26,12,27,7,15,29,42,29	2,0,1,1,3,0,1,1,1,2	13,45,7,21,8,35,12,10,14,14	0,3,2,0,0,3,1,0,3,3	1802	75
886	124,144,128,160,131,108,167,158,171,90	377,412,365,297,321,346,296,253,294,260	115,188,168,183,146,116,126,202,198,190	304,340,357,347,308,338,268,259,320,222	150	75
889	2,2,0,1,0,0,2,1,2,1	13,7,8,10,11,9,13,11,7,5	4,0,0,1,0,2,0,2,2,2	12,12,17,11,8,8,20,6,14,17	156	75
891	10,6,7,8,8,5,15,3,7,8	1,1,1,0,1,1,0,0,2,0	13,8,6,8,7,4,5,11,8,11	1,1,0,0,0,0,1,0,0,0	238	75
892	3,1,0,1,3,0,7,0,3,3	57,29,60,37,35,35,35,58,45,42	3,1,2,1,0,0,2,5,1,3	48,54,42,27,52,34,51,47,40,41	229	75
893	2,4,3,7,5,3,8,9,7,2	31,26,25,26,24,28,21,23,30,21	7,2,4,5,4,4,3,4,12,3	23,21,26,31,23,31,23,22,33,24	459	75
894	30,21,22,23,24,24,17,16,14,24	1,3,1,1,3,1,5,2,2,0	11,24,17,21,21,20,16,19,13,25	0,1,2,3,0,1,2,0,0,3	644	75
895	10,12,13,12,11,11,8,10,10,12	17,12,22,19,13,20,22,17,24,21	8,12,8,8,11,9,7,7,7,17	17,30,16,18,15,27,17,14,22,15	612	75
896	10,3,8,5,7,4,9,10,4,5	0,0,0,0,0,1,1,0,0,0	3,3,5,4,4,1,1,4,6,6	0,0,0,0,0,0,0,1,0,0	494	75
897	15,1,6,10,9,1,7,17,8,5	2,8,9,4,9,11,3,13,8,3	6,7,7,11,8,3,3,6,9,7	6,4,4,8,6,9,12,5,5,16	574	75
898	0,1,1,0,1,1,0,0,0,0	290,322,368,294,289,279,260,262,300,312	3,0,0,1,1,1,0,1,0,0	286,297,266,290,307,285,308,288,248,274	153	75
899	59,74,84,58,72,62,45,54,59,61	179,214,255,216,180,176,189,138,185,188	71,69,50,63,59,58,51,52,58,55	179,196,168,171,208,173,210,163,176,174	282	75
900	1,4,2,4,6,3,2,5,2,1	11,7,7,4,2,1,1,3,3,1	2,5,4,3,2,2,2,4,5,3	6,3,4,4,3,2,6,2,6,6	1184	75
901	1,4,2,4,10,7,4,9,6,3	1,0,0,0,0,0,0,0,0,0	3,5,8,4,4,5,2,7,8,3	0,0,0,0,0,0,0,0,0,0	1220	75
902	6,4,1,2,2,5,7,2,1,4	0,0,0,0,0,0,0,0,0,0	2,3,3,5,3,2,6,4,1,3	1,0,0,0,0,0,0,2,0,0	165	75
903	2,1,3,1,0,0,2,2,3,1	9,1,1,4,9,3,0,4,8,8	2,1,1,1,1,2,2,0,0,0	0,7,7,5,1,5,0,3,2,3	1393	75
905	129,139,104,101,117,79,93,96,98,86	5,11,3,3,4,3,2,2,3,5	98,119,108,112,100,89,93,110,104,128	2,5,0,3,2,6,2,4,4,1	716	75
906	18,31,22,25,26,20,25,21,22,30	34,33,40,22,24,30,25,22,28,28	16,31,32,19,23,30,24,15,15,17	24,26,20,30,25,21,25,20,19,17	277	75
907	49,33,46,64,36,49,61,53,60,30	196,223,182,201,156,176,153,149,166,182	50,47,34,46,38,35,34,45,68,52	176,166,172,175,176,193,173,177,181,143	2623	75
908	12,6,6,3,6,1,3,5,9,7	0,0,0,0,0,0,0,0,0,2	4,10,6,4,1,5,2,5,0,1	0,1,0,0,0,0,0,0,0,0	2083	75
909	24,15,16,12,19,14,19,20,22,9	21,33,31,21,23,23,17,13,16,13	12,25,18,19,14,18,6,16,13,19	19,26,19,22,15,29,26,23,13,23	900	75
910	2,3,7,4,2,1,4,2,3,1	14,11,11,13,12,8,10,9,10,8	2,4,4,6,5,1,4,4,9,3	7,17,8,4,9,14,15,11,11,6	222	75
911	8,9,15,10,8,7,10,9,9,7	3,1,2,2,2,2,2,0,1,3	13,8,8,10,10,4,10,13,20,12	2,1,1,0,1,3,4,1,1,1	259	75
912	1,0,2,0,0,0,1,0,2,0	7,7,11,13,10,11,8,6,9,3	0,0,0,1,0,1,0,0,2,0	10,5,10,7,13,9,6,6,12,7	406	75
913	931,841,958,803,756,824,750,598,695,720	3,3,6,6,4,3,2,2,1,1	855,866,791,714,780,848,893,824,772,847	6,1,2,3,4,2,3,3,2,3	952	75
914	11,9,15,15,18,10,13,16,10,22	36,22,24,25,15,33,23,19,17,10	11,21,9,11,11,6,9,9,16,11	21,31,16,20,16,33,21,26,25,24	270	75
915	63,49,68,61,67,57,54,56,50,60	4,3,7,4,1,2,2,4,0,3	48,60,65,52,49,63,58,40,49,58	5,4,1,4,4,4,5,1,1,5	361	75
916	0,0,0,0,0,0,0,0,0,0	28,32,38,27,29,36,23,28,23,27	0,0,0,0,0,0,1,0,0,0	30,28,37,31,36,22,28,24,34,27	215	75
917	7,10,10,8,5,5,10,15,9,4	241,228,258,195,217,196,186,207,216,237	4,14,3,13,5,5,2,11,15,9	230,199,237,225,224,235,215,159,220,148	558	75
919	173,168,182,186,143,196,191,142,126,131	30,24,57,68,45,70,63,17,38,27	253,194,149,151,161,172,200,143,181,198	26,41,37,25,53,29,11,55,33,43	167	75
920	44,33,41,28,22,22,38,36,46,22	1,2,1,0,2,1,3,2,1,0	31,41,18,34,24,29,36,36,32,40	0,0,0,0,3,1,1,1,0,0	1172	75
921	3,4,2,3,3,1,3,2,0,1	30,23,26,25,27,25,19,21,26,29	0,1,1,1,4,1,2,3,3,2	22,38,19,28,24,31,36,23,17,19	160	75
922	3,0,1,0,3,0,1,1,2,2	29,30,26,31,32,27,26,40,32,33	1,4,2,2,2,1,1,2,1,1	21,25,22,29,35,32,41,24,23,23	618	75
923	3,4,0,0,0,4,1,1,2,5	145,146,107,141,115,128,129,118,118,114	0,0,4,1,0,3,0,1,1,1	114,134,135,119,116,142,143,117,96,99	159	75
925	64,46,46,40,50,35,52,50,44,52	0,2,0,2,0,3,0,2,0,2	38,49,38,33,40,57,38,53,29,33	1,1,0,1,0,1,0,0,0,0	283	75
926	25,32,19,34,24,21,27,33,28,19	9,6,7,5,10,4,1,4,4,1	18,28,24,28,21,24,22,26,36,27	2,8,7,10,3,7,9,8,10,8	863	75
928	0,0,0,0,1,2,0,0,0,0	7,7,3,7,5,8,5,5,7,2	0,0,0,0,0,1,0,0,0,0	2,4,6,7,5,7,9,4,3,9	190	75
929	3,3,5,3,3,6,3,6,4,3	12,5,14,17,10,8,12,8,7,10	2,4,0,4,6,3,3,7,5,7	11,21,12,15,27,12,15,6,7,14	975	75
931	3,2,1,0,0,0,0,1,0,1	50,48,54,49,40,48,30,51,54,40	3,2,1,2,1,2,2,0,1,2	58,58,37,45,58,33,63,42,50,47	150	75
932	8,9,9,8,10,8,11,11,8,5	99,84,103,94,103,80,80,76,81,67	7,17,3,8,11,11,9,8,4,14	87,88,80,86,106,101,96,62,96,85	359	75
933	0,0,0,0,0,0,0,0,0,0	0,0,0,0,0,0,2,1,0,3	1,1,0,0,0,0,0,0,2,1	0,0,1,0,0,2,0,1,1,0	149	75
934	4,5,2,5,6,9,6,2,0,2	0,2,0,0,0,0,2,1,0,0	5,5,4,6,4,7,5,6,5,2	0,4,2,2,0,1,0,0,1,0	1208	75
936	0,0,0,0,1,0,0,0,0,0	0,0,0,0,2,0,0,0,0,1	1,0,0,1,0,1,0,0,0,0	2,0,0,1,0,0,0,0,1,0	145	75
937	1,3,5,2,1,2,5,2,7,6	43,51,36,26,31,23,35,36,28,32	3,9,0,6,3,1,2,4,3,5	42,42,37,37,41,32,33,40,41,32	2376	75
938	9,4,7,4,5,3,7,8,4,1	44,33,33,36,37,49,36,32,46,27	4,5,1,5,6,5,3,3,6,7	37,29,45,40,34,32,38,30,32,26	2829	75
939	2,0,2,0,1,0,2,2,2,4	2,2,4,2,2,0,3,2,0,2	1,3,1,2,1,2,2,2,2,6	0,2,4,1,4,2,5,4,8,3	815	75
941	3,4,0,1,0,1,3,1,5,2	0,0,0,0,0,0,0,0,0,0	2,3,1,1,0,2,1,2,0,0	0,1,0,0,0,0,0,0,0,0	920	75
943	0,0,1,1,1,0,2,2,0,2	0,1,0,0,0,0,0,0,0,0	0,0,0,0,1,0,0,1,0,1	0,0,0,0,0,0,0,1,0,0	255	75
945	0,1,0,2,1,2,1,1,6,4	0,0,0,1,0,0,0,0,0,0	4,0,0,2,2,2,2,6,0,0	0,0,0,0,0,0,0,0,0,0	901	75
946	1,3,2,0,2,0,1,1,0,2	1,3,7,8,1,3,4,5,3,10	0,0,0,1,1,1,1,1,6,0	5,2,3,2,3,3,4,4,8,4	3692	75
948	9,5,3,13,2,4,10,5,10,6	0,0,0,0,0,0,0,0,0,0	6,6,5,4,4,10,5,3,8,4	0,0,1,0,0,0,0,0,0,0	1417	75
949	8,13,13,17,15,9,16,15,13,10	29,35,29,29,32,28,20,24,22,23	15,16,5,20,8,10,4,12,11,10	31,29,33,23,34,27,22,35,27,32	798	75
950	67,59,73,51,57,41,93,82,64,35	1,4,5,2,5,3,3,3,6,5	52,78,51,69,47,47,48,47,77,77	1,5,1,4,3,3,3,0,3,2	561	75
951	0,3,3,1,1,1,1,0,0,0	9,4,3,3,6,9,0,5,3,4	3,1,1,2,2,1,2,0,1,0	3,11,3,4,9,4,5,6,2,2	162	75
955	27,27,33,25,29,21,33,21,34,21	161,138,144,136,157,170,120,144,139,147	23,36,26,30,31,29,33,32,36,23	153,131,154,150,173,159,121,154,168,140	562	75
956	1,0,1,0,0,0,0,1,1,0	44,43,38,43,32,42,25,26,44,28	0,1,0,0,0,1,0,0,0,0	46,36,39,40,38,39,44,30,44,45	1003	75
957	2,1,0,3,2,1,2,3,1,1	63,40,66,59,55,52,35,38,33,55	2,1,1,2,4,1,0,1,2,3	44,34,48,41,48,30,57,34,42,50	610	75
958	0,0,1,3,0,0,0,1,0,0	22,9,14,10,21,15,13,9,16,7	1,0,2,0,0,0,1,1,0,0	12,15,15,9,16,15,19,21,10,9	170	75
959	1,0,0,0,0,1,0,0,0,0	0,0,0,0,0,0,0,0,0,0	0,0,0,0,0,0,0,0,1,0	0,0,0,0,2,0,0,0,0,0	1512	75
960	3,9,5,4,4,4,4,5,3,0	59,58,53,51,55,71,45,41,40,61	3,8,4,2,2,10,3,3,5,5	44,50,34,46,54,55,56,53,58,53	152	75
961	0,0,0,0,0,0,1,0,0,0	2,4,1,3,2,6,2,1,2,0	0,0,0,0,0,0,0,0,0,0	1,3,1,2,2,0,3,3,1,3	153	75
962	3,2,2,6,5,0,5,5,4,8	75,80,73,71,56,67,58,52,61,56	2,5,3,4,5,6,2,5,3,6	57,66,57,57,61,55,68,58,65,64	149	75
963	1,1,4,5,1,2,3,3,1,1	558,562,542,426,452,508,452,431,471,521	1,2,2,0,1,0,0,3,0,1	470,525,484,468,535,487,466,402,474,428	178	75
964	9,11,11,11,8,7,17,15,13,15	21,29,23,20,15,19,13,17,15,20	13,5,6,17,7,4,10,9,10,11	14,13,22,14,12,21,23,12,23,17	244	75
965	0,0,0,0,1,1,1,1,1,0	2,2,3,2,3,6,2,4,8,6	0,1,1,5,1,1,3,0,2,0	7,2,5,3,3,2,9,4,6,6	170	75
966	13,22,20,27,28,14,26,14,17,18	39,42,32,38,38,32,27,24,35,40	19,23,17,18,40,15,11,20,13,20	31,44,33,39,26,33,38,28,37,34	2504	75
967	26,39,23,18,18,21,20,18,14,8	42,26,37,25,34,26,22,20,22,29	17,26,25,17,24,14,18,14,32,19	37,39,24,32,32,18,27,28,30,34	2699	75
968	2,0,0,0,1,0,0,0,1,0	0,0,0,0,0,0,0,0,0,0	0,0,1,1,1,0,2,1,0,0	0,0,0,0,0,0,2,0,0,0	1829	75
970	0,0,0,0,0,0,0,1,0,0	0,0,0,0,0,1,0,0,0,0	0,0,0,0,0,0,0,0,1,0	0,0,0,0,0,0,0,0,0,0	142	75
971	0,0,1,1,0,0,0,0,0,1	21,21,18,16,18,14,22,25,22,35	1,2,1,0,1,0,1,0,1,1	24,28,22,15,28,21,30,22,20,16	1085	75
972	0,0,0,0,0,1,0,0,0,0	0,0,0,0,0,1,0,0,2,3	0,0,0,0,0,0,0,0,0,0	0,2,0,0,0,0,1,1,0,0	296	75
973	0,0,0,1,0,0,0,0,1,0	2,2,0,3,1,0,3,0,3,1	0,0,0,0,1,0,0,1,1,0	1,0,0,2,1,1,1,1,0,1	317	75
974	1,2,2,3,3,0,5,2,1,5	29,33,44,32,36,27,31,31,33,48	1,3,1,3,4,3,0,2,1,3	39,36,33,38,40,36,38,28,35,22	869	75
975	1356,1216,1228,1509,1234,1328,1297,1568,1343,1016	400,460,451,408,360,389,408,316,397,399	1182,1590,1184,1428,932,1226,1067,1411,1629,1412	394,431,427,398,490,434,451,410,362,381	1340	75
979	1,2,2,0,1,2,2,2,1,0	1119,1162,1243,1063,1113,1074,862,830,959,961	0,0,0,0,1,3,3,1,1,1	1126,1052,999,979,1063,1056,1034,1043,1025,888	484	75
980	2,3,5,3,4,0,3,0,4,1	7,2,9,3,6,7,4,1,9,7	3,6,4,1,1,2,4,3,2,1	7,5,7,4,1,5,5,5,2,5	365	75
981	0,2,3,1,0,0,0,1,1,0	8,7,5,2,6,2,8,0,4,3	0,0,0,2,2,0,0,1,0,1	4,8,3,3,4,5,1,4,4,8	344	75
982	9,2,10,12,4,5,3,14,5,3	20,24,26,23,11,16,24,24,16,27	5,11,7,6,3,6,3,14,6,6	14,30,25,18,18,25,30,22,11,22	1783	75
983	13,19,11,19,15,11,13,11,13,18	24,36,25,15,25,23,24,17,30,16	15,9,11,12,13,14,13,8,8,18	32,16,19,17,33,24,39,13,23,19	523	75
985	144,148,151,124,126,122,111,100,109,124	0,2,2,2,2,0,0,0,0,0	142,154,101,105,123,116,156,113,106,121	0,0,0,1,1,1,1,1,0,0	260	75
986	6352,6171,6185,5203,5296,6608,4649,4693,4989,4659	301,335,353,255,238,306,251,243,287,317	5610,6023,5749,5947,5356,5677,5710,5725,5762,5685	330,263,253,271,247,291,315,259,229,283	2799	75
987	1,1,0,0,2,0,1,2,1,0	158,176,187,130,127,146,121,154,139,181	1,1,2,1,2,1,0,0,2,0	123,160,137,130,150,140,139,136,163,138	152	75
988	25,21,21,33,24,11,27,15,31,21	491,495,579,453,443,513,386,372,445,413	23,22,28,28,21,11,14,18,19,23	497,500,409,471,480,461,449,467,488,423	173	75
989	11,17,5,12,9,7,5,9,10,16	698,760,769,609,630,679,571,510,603,595	6,14,4,6,9,4,9,14,14,13	652,705,652,654,636,657,679,655,664,689	182	75
990	7,3,4,2,3,4,2,6,5,0	115,79,113,99,99,88,100,104,107,88	4,7,3,3,0,4,8,3,2,3	115,118,85,89,97,103,82,99,95,114	158	75
991	1,0,1,1,2,1,1,3,2,0	0,1,0,0,3,0,2,0,0,0	3,4,3,2,0,3,4,0,1,2	0,0,0,0,0,2,1,2,0,0	132	75
992	0,1,2,7,2,3,3,2,1,2	81,66,82,58,83,57,68,44,59,78	0,0,0,3,3,1,4,1,2,10	79,63,65,59,76,82,84,76,69,70	195	75
993	83,70,87,67,68,59,64,59,59,71	0,1,0,0,1,0,0,0,0,0	69,74,37,72,74,75,76,42,74,86	0,1,0,1,0,0,0,1,0,0	741	75
994	3,11,5,2,8,5,11,7,5,6	51,48,37,32,44,55,46,43,37,52	4,3,11,8,7,6,3,11,7,5	35,51,39,34,43,46,53,43,45,48	411	75
997	8,8,3,6,5,7,5,9,3,6	20,24,23,20,18,35,27,18,18,18	3,3,1,8,3,4,3,2,8,10	32,29,40,32,22,28,20,22,22,24	1369	75
998	5,7,4,1,0,2,2,2,4,2	61,65,89,77,65,77,65,64,82,83	2,6,2,7,2,3,1,4,7,4	65,58,61,79,80,79,93,87,68,64	2508	75
999	278,247,264,219,248,251,208,167,182,174	19,18,13,20,8,11,5,11,10,20	225,254,173,199,207,215,232,207,175,189	10,12,10,17,14,14,11,14,16,12	183	75
1000	1,0,0,1,1,0,1,2,1,0	8,8,4,3,11,9,9,2,6,8	0,1,0,0,1,0,0,0,1,0	5,4,6,6,13,12,6,10,6,8	175	75
1001	3,4,5,1,2,7,1,4,7,6	64,80,53,64,75,75,53,50,72,91	1,8,2,6,4,4,3,4,6,2	57,68,50,58,43,69,63,71,68,66	197	75
1002	8,7,10,15,14,8,22,17,11,6	25,24,24,19,15,25,23,19,23,23	9,24,7,13,12,3,5,10,14,14	26,21,32,20,24,23,34,19,22,21	768	75
1004	30,34,34,36,24,28,37,26,25,17	2,1,0,0,0,2,2,0,2,1	28,39,24,24,29,26,19,24,21,29	0,0,0,0,0,0,0,1,2,1	414	75
1005	0,0,0,0,0,0,0,1,0,0	11,17,13,10,15,13,14,14,11,11	0,0,0,1,0,0,0,0,1,0	11,8,13,12,9,6,14,9,7,10	841	75
1006	5,4,6,10,6,7,8,2,5,5	47,53,32,53,57,55,33,36,44,30	1,8,3,8,9,5,13,4,8,4	35,50,42,40,41,48,43,55,35,32	211	75
1007	20,3,14,18,12,11,8,10,22,14	152,199,203,154,154,181,148,141,146,167	22,13,10,10,12,14,17,13,15,14	192,152,185,154,175,170,174,162,147,142	573	75
1008	24,27,23,30,18,14,28,25,15,23	68,92,73,59,76,57,60,79,61,64	27,21,18,20,27,16,25,30,27,36	67,63,70,73,65,65,69,68,71,64	2784	75
1009	1,0,1,1,2,3,3,0,2,2	149,135,119,98,89,120,100,83,96,98	1,1,0,1,0,0,1,0,1,2	108,108,94,125,127,114,99,99,95,101	329	75
1010	60,90,84,101,74,61,86,85,80,54	21,24,14,15,19,27,13,18,25,24	76,100,47,92,68,57,36,55,82,76	19,25,10,26,27,19,23,15,22,25	1459	75
1011	23,20,15,15,14,18,18,18,12,16	202,173,181,159,166,143,135,145,143,149	15,22,8,13,10,11,19,10,8,27	165,171,154,146,160,176,145,140,136,137	337	75
1013	7,4,3,2,13,0,0,14,11,10	1,0,0,0,0,0,0,2,0,0	3,22,3,0,0,6,4,0,0,0	0,0,0,0,0,0,0,0,0,0	533	75
1014	15,24,20,18,25,20,24,17,18,27	24,27,38,27,18,31,21,12,25,26	20,26,16,35,22,22,15,15,30,25	22,35,32,27,31,32,29,23,29,24	1810	75
1015	19,16,18,19,25,17,12,27,23,23	0,1,4,1,2,0,0,2,0,2	15,25,26,15,11,38,19,18,18,19	1,2,1,1,0,3,0,1,1,1	161	75
1016	23,35,8,17,9,17,24,21,23,28	51,32,42,37,34,46,39,31,39,49	13,18,12,21,21,6,6,16,13,17	35,44,44,39,37,55,43,47,45,46	2556	75
1017	10,9,6,6,4,5,5,6,7,12	48,31,51,29,26,40,28,43,30,29	10,11,7,5,11,4,6,5,9,2	23,39,46,33,39,44,43,42,40,32	1913	75
1018	8,7,1,9,6,0,14,3,4,3	90,79,87,61,71,65,52,65,62,67	11,9,5,7,9,5,5,9,5,3	76,76,53,69,78,73,54,69,47,51	1516	75
1020	4,10,4,9,9,5,9,6,11,6	32,28,38,30,36,37,22,20,22,21	8,11,6,11,3,3,9,4,8,8	39,47,20,27,25,25,23,20,26,25	143	75
1021	5,13,7,12,8,6,8,11,11,6	0,0,0,0,0,0,0,0,0,0	10,12,10,13,3,3,9,6,7,13	0,0,1,0,0,0,0,0,0,0	495	75
1022	1,0,1,3,1,1,2,0,1,0	34,32,32,25,21,27,22,20,21,20	0,0,2,0,0,1,1,1,1,1	35,29,22,21,30,18,27,17,21,17	163	75
1023	2,0,0,0,1,0,0,4,1,0	47,34,25,21,24,31,32,29,36,28	5,1,0,2,2,1,0,2,2,0	24,28,28,38,19,41,24,28,34,27	192	75
1024	5,2,9,7,5,4,7,6,8,5	28,38,34,40,41,36,47,23,26,29	8,3,4,4,4,4,2,3,2,8	37,29,33,36,39,36,39,28,42,36	158	75
1025	8,12,11,13,23,9,9,13,13,6	35,20,33,24,22,16,21,18,22,15	3,10,5,12,8,15,11,14,12,8	22,40,13,19,22,19,21,26,23,20	333	75
1026	44,43,34,33,47,40,38,28,42,39	116,111,136,127,119,103,106,73,97,107	39,45,47,46,37,37,39,35,52,44	122,119,120,106,129,99,121,99,117,112	915	75
1028	279,218,286,316,225,276,397,295,270,335	17,23,25,19,16,31,31,37,22,26	195,573,254,219,202,429,221,181,211,200	11,28,24,9,16,39,22,6,18,16	201	75
1029	0,3,2,1,2,1,2,2,0,2	83,91,83,86,75,88,114,105,105,102	0,1,1,1,0,2,0,0,1,0	65,172,74,56,64,141,73,47,65,70	196	75
1030	9,4,6,5,1,4,14,6,11,11	130,141,132,165,130,123,106,99,117,120	9,4,6,8,5,7,6,7,11,6	118,116,114,118,133,110,111,109,116,73	187	75
1032	61,81,82,65,67,59,72,51,67,70	37,36,41,34,26,32,31,39,38,34	48,63,71,73,61,79,61,52,65,39	24,45,38,41,38,43,36,48,36,39	180	75
1033	0,7,9,1,2,2,5,13,11,1	0,2,0,3,0,1,6,1,4,1	3,14,0,3,1,6,3,11,2,0	1,2,0,4,2,1,1,8,0,0	1197	75
1034	1,2,0,2,0,3,3,3,2,0	2,1,3,1,3,1,1,3,0,0	0,1,0,0,0,4,1,0,2,2	0,2,2,2,1,2,1,0,2,5	459	75
1035	1,2,0,2,0,3,3,3,2,0	215,191,244,220,154,172,198,171,187,187	0,1,0,0,1,4,1,0,2,2	222,218,159,182,197,218,211,190,184,152	462	75
1036	5,4,5,7,11,2,9,4,7,5	26,40,32,23,18,30,18,25,24,21	5,7,3,6,6,6,6,4,7,1	25,32,28,42,31,35,27,48,29,28	160	75
1037	7,2,2,7,4,1,3,1,11,4	87,48,95,80,65,56,77,70,65,53	3,5,3,4,2,0,2,6,3,8	68,62,69,69,61,82,69,77,57,89	266	75
1038	1,2,0,2,0,2,0,0,0,0	43,32,35,32,31,30,32,31,34,33	0,2,0,1,2,2,1,1,0,0	28,31,36,40,34,44,30,38,40,27	658	75
1039	23,26,25,37,31,20,30,28,25,24	0,0,0,0,0,0,0,0,1,0	35,39,22,32,19,22,23,25,38,28	1,0,0,0,0,0,0,0,0,0	3596	75
1040	5,3,1,9,6,1,19,8,8,11	135,129,156,126,114,114,160,155,124,175	5,6,6,7,5,7,4,5,5,5	112,199,90,79,98,170,132,97,97,106	381	75
1041	0,3,4,4,4,2,6,6,5,5	117,119,169,160,119,130,141,136,143,160	3,7,4,1,1,1,3,4,3,10	119,207,107,87,98,187,142,88,90,119	190	75
1042	18,30,34,39,30,18,44,30,32,30	157,138,195,222,154,153,220,175,152,176	29,55,14,25,27,25,27,19,32,25	140,286,153,124,109,200,175,133,124,110	212	75
1043	234,227,280,291,249,283,332,304,263,298	61,60,49,53,44,43,66,62,49,68	221,426,196,182,193,324,264,202,226,190	33,54,41,26,42,69,54,27,39,24	265	75
1044	1,1,1,1,1,2,1,2,0,2	47,29,48,37,47,56,33,19,22,46	3,0,3,0,0,0,1,0,1,2	35,54,46,38,34,34,31,30,62,31	233	75
1045	11,9,7,14,6,8,6,10,11,3	15,11,21,18,10,11,9,6,16,14	7,12,6,7,9,6,6,13,3,8	10,12,9,15,10,11,19,13,7,9	1439	75
1046	0,0,0,0,1,0,0,1,0,0	7,6,9,8,6,11,11,11,7,8	0,0,0,0,0,0,0,0,0,0	6,7,7,7,2,8,11,10,7,12	1125	75
1047	8,10,8,9,8,6,13,12,7,7	0,1,0,2,2,0,1,0,2,2	11,10,6,12,9,5,11,9,11,7	0,0,0,0,2,0,0,0,0,0	1667	75
1048	305,231,293,237,253,276,235,281,269,238	0,0,0,0,0,0,0,0,0,1	253,355,254,228,274,288,228,233,217,219	0,0,1,0,0,0,0,0,0,0	1204	75
1049	15,12,19,18,13,10,9,14,8,15	58,72,44,60,62,58,40,39,44,46	7,19,11,8,13,11,12,12,10,9	42,64,74,50,50,58,68,45,39,56	246	75
1050	24,20,21,24,14,6,31,32,33,16	56,49,78,43,50,47,37,50,40,61	16,29,16,22,38,19,16,30,30,27	41,63,69,58,46,48,37,40,56,46	335	75
1051	5,7,8,4,5,4,9,12,9,5	39,42,30,42,35,31,33,32,43,37	6,10,2,5,3,5,7,2,9,4	33,51,46,31,44,40,33,43,33,28	383	75
1052	1,1,3,0,2,2,2,0,1,1	0,0,1,0,1,0,0,0,0,0	0,2,0,1,3,4,2,2,1,0	0,0,0,0,0,0,0,0,0,0	195	75
1054	1,0,1,0,0,1,0,1,0,1	0,2,2,1,1,2,3,1,2,2	0,1,1,0,0,2,0,0,0,0	4,4,1,0,0,1,2,4,1,0	145	75
1055	1,3,1,2,1,1,0,1,1,0	35,46,38,42,45,35,38,18,47,40	1,0,1,1,0,0,1,1,0,2	37,34,31,39,23,47,36,33,46,35	173	75
1056	10,5,4,5,5,6,10,8,9,13	0,0,0,0,0,0,0,0,0,1	9,7,4,16,10,10,7,10,9,8	0,0,0,0,0,0,0,0,0,0	351	75
1057	0,0,0,1,1,0,1,0,0,0	3,0,0,2,1,0,0,4,3,2	1,0,0,5,1,0,0,0,2,0	6,2,0,2,0,2,0,1,3,5	1206	75
1059	3,2,0,0,1,1,2,1,1,2	129,86,101,81,80,85,77,89,87,79	1,2,0,2,2,0,2,0,4,2	119,91,89,75,87,82,103,73,77,83	262	75
1060	44,77,56,64,59,71,80,53,42,46	60,54,59,40,48,51,50,35,59,55	57,59,49,56,51,58,29,60,63,56	48,33,62,48,65,43,70,51,52,47	8931	75
1061	1,0,0,0,1,0,1,0,1,1	2,2,4,3,1,2,5,1,3,2	0,0,0,0,0,0,0,0,0,3	4,2,4,5,2,1,5,3,2,1	153	75
1062	1,0,4,1,0,0,2,1,4,0	4,1,1,0,2,1,2,1,3,4	1,1,2,3,4,0,0,1,3,0	1,6,4,1,0,4,1,1,0,2	212	75
1063	12,3,12,10,13,3,13,5,13,4	233,221,215,178,182,160,162,174,201,197	3,16,4,10,12,13,10,11,11,17	231,224,181,226,171,236,216,178,180,205	288	75
1064	176,157,189,166,180,148,169,123,196,152	1,0,0,0,1,0,0,1,0,0	194,190,139,170,191,208,183,165,164,171	0,0,0,0,0,0,0,0,3,0	537	75
1065	1,4,4,5,3,0,6,6,2,1	154,127,129,131,126,106,107,101,144,147	1,3,2,1,3,6,3,3,3,4	123,145,102,105,112,139,132,117,147,106	185	75
1066	59,70,44,69,61,64,80,64,78,57	25,19,29,25,36,34,25,20,22,22	53,92,52,60,58,59,55,73,81,71	25,44,21,27,25,20,24,32,30,39	553	75
1067	11,8,15,13,19,13,14,14,7,6	68,71,80,63,62,62,60,56,40,58	10,9,8,14,14,22,13,9,14,14	62,79,73,65,67,80,55,69,74,76	187	75
1068	5,5,7,5,9,3,6,6,9,11	60,77,69,61,59,72,50,55,61,72	5,15,8,12,0,9,5,12,6,5	65,59,63,67,65,70,60,69,58,55	187	75
1069	5,5,5,3,7,3,5,6,6,10	3,1,1,1,2,0,2,1,0,3	3,12,5,12,0,6,3,11,6,4	0,0,0,1,1,4,0,2,2,1	155	75
1070	1570,1605,1522,1399,1450,1549,1361,1203,1370,1446	27,26,13,14,12,21,18,17,24,17	1382,1606,1336,1387,1402,1429,1540,1292,1278,1475	18,15,13,15,10,14,23,12,17,16	543	75
1071	27,24,29,38,24,15,36,27,21,21	415,465,426,390,364,308,322,339,329,369	16,26,31,27,18,15,16,24,32,24	395,407,370,359,375,389,389,331,371,275	1790	75
1072	5,13,5,7,7,9,8,11,5,5	509,476,532,504,433,440,429,417,427,457	12,11,1,9,3,3,9,3,4,0	474,523,460,424,468,537,491,435,472,338	1462	75
1073	1,0,0,0,1,1,1,0,1,0	26,27,31,22,20,13,15,22,27,29	0,0,0,0,1,0,0,0,0,1	32,30,13,15,13,21,28,28,36,18	434	75
1075	27,28,19,19,17,23,14,20,23,14	84,94,83,55,59,84,66,82,72,82	24,27,22,32,17,21,15,21,24,22	70,93,69,63,86,84,73,92,71,72	224	75
1076	21,22,17,8,15,18,7,14,19,10	6,12,15,9,18,18,13,15,8,13	20,23,14,19,10,14,11,20,19,14	17,14,18,17,11,16,15,8,12,11	198	75
1077	0,0,0,0,1,0,1,0,0,0	56,45,44,29,54,47,51,48,42,43	0,0,0,0,0,0,0,0,0,0	45,58,43,57,49,44,38,32,54,42	176	75
1078	2,4,1,1,1,0,3,0,2,0	31,38,45,27,34,45,29,35,35,28	0,2,2,5,3,2,2,2,1,0	27,33,41,26,26,38,43,29,42,22	171	75
1079	0,0,0,0,0,0,1,0,0,1	37,38,46,43,33,45,27,30,34,20	1,0,1,0,1,1,0,0,0,2	45,38,31,33,44,38,44,30,44,30	165	75
1080	12,46,63,63,15,2,25,11,13,9	617,403,375,292,438,445,393,393,506,461	14,31,65,8,27,45,8,7,30,35	515,470,312,391,412,422,528,459,350,383	154	75
1081	41,48,37,41,27,34,37,38,38,27	1,0,0,0,0,0,0,1,0,0	30,36,28,32,25,33,34,28,31,32	0,0,0,0,0,0,0,0,0,0	357	75
1082	9,12,18,17,17,19,23,16,21,8	0,1,0,0,0,0,0,0,0,0	10,22,18,25,17,14,19,19,17,14	0,0,0,1,0,0,1,0,0,0	2163	75
1083	2,2,6,2,2,3,2,0,0,2	47,55,45,37,51,41,44,47,36,35	3,3,1,2,2,0,5,2,1,2	32,48,43,44,51,41,55,46,51,35	189	75
1085	0,0,0,2,1,0,0,0,0,0	3,1,1,2,2,0,0,0,0,3	0,0,0,0,0,0,0,0,1,0	1,2,0,1,2,5,2,0,0,0	172	75
1086	0,0,0,0,0,0,0,0,1,1	1,3,3,1,1,1,3,2,1,2	0,2,0,0,2,0,0,1,1,2	1,1,1,0,0,1,0,2,6,0	163	75
1087	7,2,7,8,6,9,3,10,10,7	85,113,112,106,72,90,79,85,89,72	1,9,1,6,7,7,4,8,5,12	77,78,108,65,87,100,74,92,81,119	221	75
1088	0,1,1,0,1,1,0,1,0,1	109,122,144,116,82,103,93,82,112,75	0,0,2,0,1,0,0,0,1,1	89,126,106,105,112,116,105,100,91,119	183	75
1090	0,0,0,0,2,0,0,0,0,1	1,2,2,5,2,0,1,0,3,3	0,0,0,0,0,0,0,0,0,0	1,8,3,1,2,0,4,0,0,4	276	75
1092	0,2,3,2,0,0,2,1,2,3	22,19,21,14,18,21,12,12,9,16	3,1,3,1,1,2,3,2,3,1	19,26,17,21,20,24,18,21,20,17	306	75
1094	4,5,7,8,2,11,0,3,2,2	781,724,765,741,679,757,641,605,662,610	5,3,2,2,3,1,4,6,4,7	699,732,708,717,688,778,692,628,694,609	172	75
1095	1,4,1,2,4,0,3,0,3,3	71,65,70,64,57,61,53,40,72,69	4,0,0,4,0,4,0,2,0,3	60,93,59,77,65,79,70,76,55,55	170	75
1096	0,1,1,0,3,0,0,1,0,0	74,96,89,78,77,97,61,62,87,63	2,5,0,1,1,1,1,1,0,0	82,87,75,64,90,96,88,77,79,80	163	75
1097	9,7,9,6,10,2,13,5,12,7	28,21,24,16,15,23,19,21,30,20	8,10,5,7,6,9,12,6,11,6	24,24,25,23,21,20,23,32,28,20	276	75
1098	16,12,17,18,17,12,20,13,23,12	0,0,1,0,0,1,0,3,0,4	13,17,8,9,14,24,26,15,16,13	2,1,0,1,0,0,0,2,0,0	299	75
1099	10,17,6,14,15,10,16,10,17,7	615,662,684,532,544,629,516,462,528,641	7,15,6,4,9,4,8,13,5,12	592,605,595,561,570,626,619,528,604,549	322	75
1100	0,4,6,7,8,12,6,9,7,4	787,792,794,669,687,853,611,619,640,833	5,3,3,5,2,8,4,2,3,4	741,702,719,691,741,768,709,659,767,674	146	75
1101	4,4,5,7,4,1,11,5,7,11	559,534,557,466,480,649,433,384,463,539	2,6,5,5,2,5,4,9,4,4	574,570,494,468,514,506,476,495,510,484	170	75
1102	32,39,50,30,25,30,30,20,32,22	0,0,0,0,1,1,0,0,1,0	29,33,28,13,26,28,28,16,13,27	0,0,0,0,0,0,1,0,0,0	215	75
1104	20,16,15,13,16,19,19,16,23,13	419,375,413,366,381,344,308,314,339,354	17,17,16,15,9,11,11,12,12,12	342,318,343,311,366,356,382,354,298,312	876	75
1105	6,0,7,8,8,3,12,7,11,13	735,647,753,691,619,611,646,643,662,642	8,6,13,8,3,7,4,14,11,6	661,709,695,652,705,778,846,701,581,535	293	75
1106	8,11,11,11,10,6,16,8,14,9	36,35,41,34,21,46,34,22,29,25	10,14,1,9,8,8,7,11,7,19	29,43,22,23,30,32,18,26,28,41	806	75
1107	11,14,10,17,14,17,13,11,11,17	32,34,41,20,25,27,31,33,26,24	9,15,16,20,12,10,18,13,6,7	40,41,41,27,33,32,33,33,34,28	276	75
1109	136,91,86,81,116,86,92,107,116,99	1,0,0,0,0,0,0,0,0,0	106,117,65,91,95,132,130,107,57,103	0,0,0,0,0,0,0,0,0,1	492	75
1110	5,8,6,0,5,5,8,4,8,4	3,1,5,2,1,1,0,3,1,2	10,6,2,7,1,5,5,4,2,3	1,0,1,1,1,3,1,2,0,1	511	75
1111	6,9,6,0,5,5,8,4,8,4	5,1,0,8,2,0,2,7,3,3	10,6,2,7,2,7,6,6,2,3	0,3,1,3,6,0,5,6,3,4	529	75
1112	6,6,6,0,4,3,5,4,7,2	0,1,0,0,0,0,0,0,1,0	2,4,2,5,1,6,5,3,0,2	0,0,0,0,0,0,0,0,0,0	413	75
1113	10,24,17,17,23,15,20,12,20,10	0,0,1,0,1,0,1,0,1,0	22,18,13,17,25,25,18,20,9,11	0,0,0,0,0,1,2,0,0,1	660	75
1114	10,24,16,17,23,14,20,11,19,10	20,10,11,12,15,5,12,10,13,10	22,17,12,17,24,21,18,19,9,11	10,10,12,9,9,10,9,14,15,9	652	75
1115	10,21,16,17,22,12,17,11,18,8	1,0,0,0,0,0,0,0,0,0	14,15,12,15,23,20,17,16,7,10	0,0,0,0,0,0,0,2,0,0	536	75
1116	0,0,0,0,0,0,0,0,2,0	18,20,19,14,8,18,15,26,14,19	0,0,0,0,0,0,0,0,0,0	7,11,9,8,11,11,13,4,8,14	597	75
1118	7,10,4,5,11,6,12,6,7,9	9,16,8,2,9,8,5,3,8,6	4,6,7,8,8,5,8,10,5,10	12,9,8,7,7,3,15,1,10,9	269	75
1119	3,9,9,4,9,9,6,4,4,15	64,46,47,20,57,39,45,22,43,48	5,9,9,3,7,7,7,4,13,3	46,43,43,42,45,36,52,54,36,44	157	75
1120	3,8,3,3,4,1,4,4,1,1	36,36,35,33,49,26,32,28,33,35	2,5,4,4,3,2,5,2,4,3	41,31,31,29,31,36,35,28,25,39	2745	75
1123	1,1,0,3,0,1,1,1,3,2	2,3,0,2,3,5,3,3,8,4	4,1,5,2,4,1,1,2,3,5	4,6,1,2,6,2,4,4,3,2	204	75
1124	4,5,3,7,0,3,5,7,3,6	2,0,0,1,1,1,0,0,0,0	7,7,5,4,9,6,5,5,4,5	0,0,0,1,0,0,1,0,0,0	482	75
1125	16,13,9,4,15,13,18,13,12,15	8,4,2,0,9,7,1,8,7,7	29,7,6,14,12,9,18,10,6,11	5,5,1,2,3,4,2,3,0,3	351	75
1126	2,8,7,4,5,7,5,6,12,5	2,1,0,0,0,0,1,2,2,0	4,3,4,3,4,3,2,1,3,3	1,0,2,0,0,2,0,1,1,0	1089	75
1127	37,28,15,20,17,16,31,25,25,15	119,99,102,103,94,97,79,85,85,90	14,24,22,28,24,13,16,28,23,48	113,105,89,97,96,78,111,76,93,68	356	75
1128	579,570,553,466,483,467,437,409,447,494	0,1,0,0,1,0,0,0,0,1	474,540,503,507,484,430,548,391,484,518	2,1,1,2,0,1,0,0,0,2	884	75
1129	556,558,551,456,472,461,416,389,443,491	0,1,3,0,0,0,2,1,1,1	483,538,489,496,473,423,538,371,482,482	0,1,1,0,1,1,4,0,2,0	551	75
1130	979,979,1001,752,811,834,764,717,806,802	6,10,8,3,5,2,5,5,10,2	846,893,787,831,857,730,842,740,811,772	6,3,2,2,2,1,7,5,4,6	690	75
1131	7,6,3,3,8,7,2,3,2,11	1,0,0,2,2,0,1,2,0,0	4,8,5,5,10,6,2,1,5,5	4,1,0,1,1,5,2,1,1,1	686	75
1132	2,5,1,1,2,6,5,0,3,2	141,158,141,134,113,156,112,121,111,126	4,1,1,1,2,6,0,0,1,2	101,150,118,133,127,147,137,113,145,105	647	75
1133	1,0,1,1,1,3,2,0,3,2	0,0,0,0,0,1,0,0,0,0	1,0,1,0,0,5,0,0,1,0	0,0,0,0,0,0,1,0,1,0	495	75
1134	1,3,1,2,1,3,2,3,4,1	12,15,13,16,11,9,14,16,11,13	3,2,4,6,7,1,2,4,3,8	11,11,12,16,10,14,13,23,19,20	146	75
1135	2,3,1,3,0,2,6,3,0,2	1,5,2,5,8,3,5,8,1,4	1,3,2,1,0,4,3,2,2,2	4,5,3,7,3,4,5,5,8,4	154	75
1136	3,1,0,5,1,0,5,4,3,3	2,3,5,3,3,5,2,4,4,1	1,0,1,1,1,0,0,1,1,0	7,5,2,2,1,3,0,1,3,2	150	75
1137	5,9,9,3,8,10,10,4,7,7	7,3,1,3,5,3,2,1,3,4	7,5,8,7,9,5,7,5,3,2	10,4,3,2,3,3,2,4,8,1	304	75
1138	1,1,1,6,3,3,1,0,3,2	18,13,11,21,16,19,22,13,11,16	4,2,2,4,2,3,2,2,3,3	13,23,18,19,19,10,16,11,13,26	266	75
1139	0,0,0,0,0,0,0,0,0,0	1,1,0,0,1,0,1,0,0,0	0,1,0,0,2,0,1,0,0,0	0,1,0,0,2,0,1,1,0,0	254	75
1142	1,1,10,4,3,2,0,2,1,2	28,18,20,23,22,11,16,27,22,24	2,5,1,0,2,0,2,2,4,8	12,29,10,16,11,16,15,10,10,8	151	75
1144	51,36,62,58,58,65,45,57,58,43	1,0,0,0,0,0,0,0,0,0	59,72,64,52,47,65,63,68,45,51	0,0,0,0,0,0,0,0,0,0	177	75
1146	1,2,4,3,0,7,0,2,1,2	7,13,7,10,7,6,8,4,14,15	0,3,4,2,3,1,1,2,3,4	7,5,7,11,8,4,3,11,5,10	167	75
1147	62,51,56,52,51,52,58,51,44,41	1,0,0,0,0,0,1,0,0,0	51,52,31,51,60,42,80,49,46,45	0,1,0,1,0,0,0,0,0,0	559	75
1148	5,9,1,8,5,5,7,12,5,3	186,159,171,154,174,152,136,131,151,184	5,7,2,7,3,4,4,6,6,2	175,170,168,150,161,219,138,156,173,166	201	75
1152	9,11,6,11,14,4,9,6,3,6	19,21,29,17,19,22,15,13,17,17	7,7,10,8,5,8,6,5,3,4	24,29,16,22,29,22,18,13,15,27	146	75
1153	9,3,7,6,3,7,6,2,6,7	59,49,69,43,48,66,54,40,63,61	4,5,5,4,3,5,1,3,6,2	62,59,50,46,59,54,63,52,66,42	2082	75
1154	77,60,64,71,67,86,83,65,83,72	22,25,22,21,31,23,24,39,30,25	57,62,51,62,66,76,84,77,71,78	27,20,14,35,25,24,34,31,27,27	154	75
1155	16,16,24,20,18,14,21,26,20,11	80,70,80,42,53,62,66,56,72,48	15,15,7,13,14,10,20,10,11,20	72,72,48,50,64,62,53,46,60,64	149	75
1156	21,36,19,34,29,20,37,38,30,10	34,44,36,45,29,27,46,30,28,30	17,37,15,30,12,13,22,22,29,33	48,47,26,42,37,32,29,36,34,49	229	75
1157	67,61,58,76,46,77,72,59,42,46	68,75,73,56,47,64,53,54,56,45	67,61,58,63,74,61,70,59,60,68	72,41,56,55,44,67,55,63,50,62	201	75
1158	15,12,16,15,14,11,22,10,14,16	73,98,78,66,60,69,95,76,72,96	11,12,9,13,9,12,21,19,13,14	93,72,63,73,66,64,76,78,88,69	151	75
1159	58,54,61,51,41,59,48,43,51,47	36,45,43,38,27,44,48,41,47,42	58,46,31,35,39,40,54,49,39,63	38,35,41,41,42,59,42,39,25,52	184	75
1161	20,7,11,18,25,21,10,14,12,17	15,30,43,24,37,20,26,28,22,28	13,14,10,19,18,10,8,13,19,20	25,29,26,33,24,25,27,30,33,21	880	75
1163	6,10,10,14,6,3,18,9,5,5	2,3,2,2,1,6,2,0,0,2	5,10,3,10,6,8,8,5,5,19	1,2,1,1,5,3,0,1,1,2	165	75
1164	15,13,18,17,4,6,21,23,27,16	5,5,8,8,1,1,7,4,8,4	10,23,12,20,11,11,22,13,12,13	5,1,4,5,1,4,4,2,2,7	931	75
1165	9,10,10,7,9,7,7,8,11,11	0,0,0,0,0,0,0,0,0,0	7,9,4,14,12,9,11,7,10,16	0,0,0,0,1,0,0,0,0,0	2675	75
1166	2,2,3,2,3,1,1,0,1,5	0,0,0,1,0,0,0,0,0,0	0,4,4,2,1,4,2,0,4,2	0,0,0,0,0,0,0,0,0,0	170	75
1167	1,2,0,0,1,0,2,1,1,0	2,2,5,3,3,3,3,2,2,1	1,2,3,1,0,0,3,1,1,0	1,2,1,5,4,2,7,3,6,2	236	75
1168	1,3,0,0,0,2,0,1,0,0	4,1,3,0,5,2,3,0,2,3	1,0,0,0,0,0,0,0,1,0	0,3,0,2,3,2,0,0,1,0	234	75
1169	1,0,0,0,0,1,0,0,0,0	0,0,0,1,0,0,0,0,0,0	0,0,0,0,0,0,0,0,1,0	0,0,1,0,0,0,0,0,0,0	219	75
1170	42,55,51,45,55,39,31,42,39,51	2,0,0,0,0,0,0,0,2,0	58,64,42,48,49,59,58,49,40,41	0,0,0,2,1,0,0,0,2,0	512	75
1171	2,2,1,3,3,2,5,2,2,1	9,4,10,11,9,5,8,5,11,11	1,2,0,2,3,1,1,1,5,1	13,7,4,10,14,9,11,8,9,16	1679	75
1172	22,13,19,31,20,23,28,19,24,14	117,83,97,103,101,93,79,66,107,98	13,28,13,24,10,10,22,24,30,11	83,94,113,83,116,97,94,88,90,74	968	75
1173	6,10,9,8,5,2,6,7,5,3	3,1,2,0,1,0,0,1,1,2	1,6,3,10,3,2,4,2,5,2	2,3,1,1,2,2,1,2,1,5	298	75
1174	0,4,1,1,2,1,1,1,1,1	3625,3379,3751,2948,3244,3604,2529,2603,2464,2479	4,0,0,0,0,0,1,2,0,1	3318,3732,2673,2801,2510,2970,3158,2616,2568,2886	169	75
1175	12,14,9,9,10,8,5,12,9,6	82,108,94,66,84,75,72,68,91,64	7,18,8,9,9,11,4,8,12,9	64,103,74,85,88,79,73,82,77,84	250	75
1176	15,16,22,11,17,24,7,14,13,10	58,51,58,70,41,51,57,54,51,36	11,13,12,20,14,18,16,16,13,15	58,48,45,52,56,47,52,65,57,47	908	75
1177	1,4,7,4,1,8,3,4,6,3	60,64,58,67,69,52,39,53,46,47	3,4,1,2,4,2,2,3,6,6	47,46,52,56,65,57,50,33,59,45	899	75
1178	22,25,28,26,21,47,29,27,26,32	0,0,0,0,0,0,1,0,0,0	39,30,18,23,33,16,37,15,35,15	0,0,0,0,0,0,0,0,0,0	650	75
1179	8,9,8,5,7,8,9,5,10,15	32,13,12,28,19,19,25,23,21,31	6,5,4,5,4,6,2,10,15,6	19,24,27,27,20,27,32,28,31,19	152	75
1181	4,9,2,7,8,0,6,14,8,12	14,11,9,19,16,12,9,3,9,6	5,5,3,7,8,2,6,8,5,4	13,24,11,7,16,17,14,16,13,5	355	75
1182	7,10,4,6,5,1,12,7,3,5	252,262,261,216,235,252,218,201,222,237	2,6,4,8,6,3,3,6,8,6	281,257,237,233,238,241,260,235,237,194	184	75
1183	2,2,3,4,3,3,3,4,6,6	46,37,39,48,41,40,42,29,36,44	6,7,4,6,5,4,0,3,11,3	39,37,34,40,46,43,25,37,43,28	174	75
1184	39,53,36,41,40,34,46,35,28,33	0,0,0,0,1,0,1,0,0,0	36,56,25,36,38,34,31,41,44,20	0,0,0,0,0,0,0,0,0,1	2150	75
1185	17,18,15,17,8,10,19,16,16,17	11,7,3,6,7,12,6,5,4,3	11,20,13,13,20,7,7,13,19,3	5,5,5,6,9,6,5,8,6,8	627	75
1186	0,1,3,2,2,2,2,1,2,6	15,11,18,15,4,15,13,11,18,20	1,3,1,4,3,5,0,2,0,2	26,18,11,9,17,22,11,12,10,10	750	75
1187	0,0,8,3,2,0,0,0,1,2	15,13,12,10,13,10,10,13,12,12	0,3,0,4,0,1,0,3,4,0	16,11,12,16,17,19,7,13,4,6	741	75
1188	0,1,0,0,0,0,1,0,0,0	0,0,1,1,1,0,0,1,0,0	2,0,0,0,0,0,0,0,0,0	0,0,0,0,0,0,0,0,0,0	1882	75
1189	107,110,143,135,108,115,161,133,153,77	382,335,363,325,342,370,295,333,287,335	90,147,137,124,95,108,104,121,129,144	370,322,326,327,317,332,316,323,389,347	2369	75
1190	27,13,7,23,16,19,20,25,37,24	20,12,7,5,7,9,8,3,8,8	26,21,8,29,15,13,23,19,23,41	5,9,3,6,12,10,5,6,9,5	2677	75
1191	105,103,113,88,72,77,134,87,120,71	410,333,340,316,370,299,325,307,318,367	99,103,85,117,100,81,91,114,82,121	343,342,294,377,315,343,328,320,330,407	507	75
1192	7,2,7,4,5,5,3,5,5,8	10,3,9,10,7,5,5,3,8,9	4,5,2,8,1,2,3,3,4,6	5,3,5,8,12,11,12,5,10,8	499	75
1193	59,45,59,41,51,40,45,36,41,50	0,0,0,0,1,0,0,0,0,0	47,55,37,28,47,45,42,30,33,32	1,1,0,0,0,0,0,0,0,3	968	75
1195	0,7,2,5,1,5,1,2,0,3	6,8,12,11,3,5,8,13,10,5	2,4,0,4,1,4,2,2,3,3	8,7,9,12,7,8,12,4,5,3	429	75
1196	8,4,5,7,5,4,2,11,8,4	12,6,8,7,6,8,7,4,8,12	4,2,4,3,5,3,4,6,9,4	8,12,2,3,3,6,5,8,6,3	206	75
1197	6,7,10,9,7,5,11,12,13,11	12,8,9,8,12,16,8,3,8,7	10,15,6,7,9,7,5,12,14,6	7,11,9,3,9,6,8,5,8,4	677	75
1198	6,6,8,9,6,5,10,12,13,11	0,0,0,1,0,0,0,1,0,0	8,14,6,6,9,5,5,12,12,6	0,0,1,1,0,0,0,1,1,0	654	75
1199	0,0,0,3,0,1,2,0,0,0	5,8,6,8,10,12,8,6,11,5	0,0,0,0,0,0,0,0,0,3	7,13,7,9,11,5,9,3,7,4	263	75
1202	16,10,21,18,18,11,14,12,14,11	1,0,0,0,2,0,0,1,0,1	14,18,12,18,18,6,14,16,17,9	0,0,0,0,0,1,0,0,0,0	294	75
1203	20,28,35,24,27,26,21,18,26,20	0,0,0,1,1,0,0,0,1,0	32,31,17,40,24,31,25,30,18,25	0,1,0,0,1,0,1,1,0,0	474	75
1204	9,15,14,13,11,14,13,13,14,12	23,15,15,23,23,20,22,12,23,17	4,15,5,20,10,6,9,5,7,11	18,27,26,28,23,20,26,24,24,11	1050	75
1206	4,3,0,5,3,2,8,4,3,1	45,40,46,21,39,27,29,31,33,52	3,4,0,4,1,1,2,6,1,2	33,31,38,37,33,33,46,35,31,24	167	75
1207	16,22,14,22,12,12,26,18,22,11	97,94,106,88,73,91,86,87,91,91	16,7,14,24,16,14,22,25,27,16	103,100,104,94,96,86,93,96,101,84	805	75
1208	2,0,1,0,0,0,0,0,1,1	44,25,42,23,34,35,29,23,42,21	3,0,0,0,1,4,0,2,2,1	32,34,23,33,31,38,56,46,29,25	320	75
1209	17,20,25,29,37,18,17,23,21,23	0,0,0,0,0,0,0,0,0,1	12,28,23,18,21,11,17,12,11,14	0,0,0,0,0,0,1,1,0,0	286	75
1210	16,15,14,11,7,7,18,13,15,6	11,9,5,5,8,6,7,13,10,6	4,11,13,16,6,12,12,20,15,14	3,4,8,5,6,9,12,9,6,7	314	75
1211	5,5,1,6,7,6,4,2,3,4	17,9,19,9,15,10,17,18,9,9	3,6,1,4,8,5,8,6,6,1	8,17,7,17,12,15,19,10,6,14	163	75
1212	11,9,12,17,10,8,15,10,11,5	57,55,26,38,38,46,42,33,47,33	12,14,18,6,6,11,10,9,12,6	30,98,40,40,31,49,31,31,20,52	253	75
1213	27,38,27,29,21,14,30,27,26,25	207,215,191,190,211,204,175,178,208,159	18,36,23,30,19,17,11,22,23,16	175,316,190,195,144,206,174,167,135,217	268	75
1214	48,63,64,54,56,37,77,48,59,40	411,393,428,382,397,388,343,338,360,345	51,71,50,58,57,46,45,58,55,53	395,511,338,368,297,379,349,364,310,419	379	75
1215	105,137,120,120,106,69,146,94,108,84	0,0,1,0,0,2,0,0,1,0	88,147,100,107,93,82,80,101,101,98	0,0,2,0,0,1,0,0,0,0	880	75
1216	80,103,97,93,88,58,122,71,87,62	0,0,0,0,0,0,0,1,0,0	73,115,80,83,80,70,71,81,80,84	0,1,1,0,0,1,0,2,1,0	650	75
1217	49,48,41,57,41,36,34,27,49,47	51,40,53,41,49,44,50,47,48,65	42,51,30,55,39,40,35,45,46,45	23,76,34,41,40,50,53,38,25,29	346	75
1218	57,55,55,64,48,40,51,32,54,57	292,320,332,274,259,298,248,223,320,286	49,61,39,65,46,50,38,53,63,53	277,342,236,274,320,301,302,297,265,314	510	75
1219	10,15,19,14,12,13,25,6,8,12	67,59,53,55,47,60,69,50,80,68	14,15,14,18,11,16,9,21,21,12	47,91,42,42,47,59,71,47,44,38	198	75
1220	6,8,8,6,7,5,3,8,6,4	316,291,310,284,228,290,257,240,312,314	13,14,6,6,4,10,5,5,12,9	247,300,241,260,289,299,300,266,272,270	264	75
1221	23,21,21,21,24,15,15,24,21,25	367,345,349,329,319,362,267,309,334,344	29,24,15,22,18,14,15,31,26,21	299,340,316,358,312,323,287,318,356,351	522	75
1222	26,24,34,16,31,22,28,18,22,20	482,446,508,401,405,419,345,394,444,421	29,31,24,18,35,28,33,27,23,32	418,457,409,436,410,401,402,431,426,450	259	75
1223	6,7,6,6,7,5,5,9,4,9	6,5,8,13,6,5,6,7,8,5	3,5,3,13,5,4,9,8,7,1	3,8,9,9,9,3,7,10,10,6	148	75
1224	23,32,20,23,32,27,21,27,12,18	1,7,4,2,2,6,5,1,4,1	20,25,22,16,20,16,20,30,18,18	1,2,6,4,1,2,0,1,5,6	490	75
1225	3,5,0,4,2,3,4,3,1,2	71,73,98,68,84,97,66,62,76,69	4,5,1,2,3,4,5,1,5,2	74,85,74,69,63,103,76,62,59,59	371	75
1228	10,4,5,4,4,3,3,4,8,2	0,0,0,0,1,4,0,0,0,0	4,2,3,3,4,2,1,9,4,3	0,0,0,0,0,0,0,0,0,0	528	75
1229	5,7,3,4,1,3,3,0,3,5	15,8,12,4,13,14,11,8,11,11	2,3,1,4,2,7,0,4,4,3	6,5,9,6,9,11,7,15,6,7	495	75
1231	31,48,29,59,33,42,41,29,30,23	16,20,29,23,9,20,14,23,13,14	37,47,32,26,49,37,25,39,61,38	15,22,13,24,17,26,20,10,19,19	3612	75
1232	2,2,5,8,6,1,4,3,4,2	24,20,20,14,22,11,14,32,24,18	9,3,6,7,9,2,4,9,6,5	12,21,12,13,21,21,15,24,25,12	1430	75
1233	29,30,35,35,47,30,36,35,33,24	1,1,0,4,0,2,1,0,1,1	39,37,38,41,39,31,32,32,49,36	0,1,0,1,0,0,0,1,0,1	1387	75
1234	0,3,0,3,3,0,1,0,1,1	14,26,20,18,18,17,17,11,20,15	1,1,2,2,6,1,2,1,3,4	16,11,18,23,14,16,14,10,11,14	986	75
1235	89,62,66,60,56,63,80,65,110,46	33,34,50,35,36,26,39,37,34,38	94,87,67,80,54,77,94,55,104,63	39,52,57,41,43,50,50,39,31,34	638	75
1236	111,73,74,69,72,77,93,79,122,57	81,84,102,90,81,75,58,69,82,68	107,100,85,89,69,87,104,65,121,77	77,74,97,68,84,84,93,97,84,68	679	75
1238	5,2,1,6,3,2,2,3,4,6	0,0,2,0,1,2,1,4,0,1	3,6,2,4,3,2,1,2,1,0	0,2,1,2,2,1,4,0,3,0	287	75
1239	0,0,0,0,1,1,0,0,0,0	3,0,1,1,2,0,0,1,2,0	1,0,1,0,0,1,0,0,0,0	3,2,1,0,1,3,2,1,0,1	228	75
1240	0,1,2,1,1,1,1,0,0,0	7,5,8,3,1,4,7,7,3,1	0,0,0,1,0,2,4,0,0,2	2,2,2,1,1,4,7,0,1,2	442	75
1241	2,0,1,3,0,1,2,0,2,0	6,5,9,9,2,4,1,2,0,4	0,2,0,1,0,1,0,0,1,1	18,4,5,5,4,6,8,7,6,6	581	75
1242	0,0,0,0,0,0,0,0,0,0	9,6,8,10,5,4,5,3,9,7	0,0,0,1,0,1,0,0,0,0	6,10,7,10,7,3,5,4,9,4	149	75
1243	0,0,0,0,1,1,0,0,1,0	7,5,8,4,17,12,2,10,3,7	1,0,0,4,0,0,1,2,4,1	5,9,5,9,7,9,10,7,4,7	675	75
1244	294,296,295,248,258,243,250,233,261,236	0,1,1,0,0,3,1,1,1,0	218,284,208,232,230,288,279,254,237,235	3,2,0,0,0,1,0,2,0,0	1116	75
1245	27,27,20,18,17,18,25,18,19,22	24,20,15,17,26,15,22,29,22,27	17,29,9,33,18,18,18,16,13,29	31,17,26,14,22,33,24,22,14,20	1671	75
1246	0,0,0,1,1,0,0,0,0,1	0,1,2,0,0,0,0,0,0,0	0,0,0,0,0,0,0,0,0,0	0,0,0,3,2,0,1,0,0,0	357	75
1247	0,0,0,0,0,1,1,0,0,0	0,1,0,2,1,0,0,1,2,1	0,0,1,0,0,0,0,0,0,0	0,0,1,1,3,0,0,1,0,0	148	75
1248	74,88,91,87,86,92,80,65,81,65	2,1,0,1,0,0,0,1,0,0	87,99,75,88,92,81,99,103,96,64	0,0,0,0,0,0,2,0,1,0	574	75
1249	4,6,4,6,13,5,6,6,5,4	0,0,0,0,0,0,0,0,0,0	3,6,2,6,6,3,4,11,13,5	0,0,0,0,2,0,0,0,0,0	511	75
1250	4,6,4,6,13,5,6,6,5,4	91,95,100,76,85,66,71,73,85,69	3,6,2,6,6,3,4,11,13,5	77,93,83,73,67,81,88,77,47,65	505	75
1251	4,6,3,6,13,5,6,6,4,4	0,0,1,0,0,0,0,0,0,0	3,4,2,6,6,2,4,11,13,5	0,0,0,0,0,0,0,0,0,0	475	75
1252	0,2,1,0,1,0,0,1,0,0	35,21,26,19,28,22,23,22,40,24	2,1,0,0,0,0,0,0,1,0	25,19,22,19,38,24,27,25,20,22	308	75
1253	1,5,4,2,1,1,2,0,0,2	107,77,115,85,99,93,74,85,83,73	0,0,0,5,1,0,1,3,0,1	91,93,91,92,76,114,89,98,98,90	159	75
1254	49,53,52,36,45,42,36,42,40,51	1,0,4,3,1,1,0,0,5,1	36,56,39,49,47,47,59,48,44,45	1,1,2,1,1,3,3,0,1,1	401	75
1256	4,4,3,2,5,3,3,2,4,2	44,29,32,39,42,32,30,20,33,26	6,9,0,5,5,2,5,5,7,3	26,41,36,26,34,35,39,40,36,41	936	75
1257	1,1,2,0,0,2,2,0,4,1	37,39,53,35,43,38,39,35,38,44	1,2,2,3,1,2,2,2,1,1	36,44,37,18,31,26,38,29,36,50	451	75
1258	0,0,3,1,2,0,4,1,1,1	44,43,33,35,31,29,29,21,33,38	1,0,1,1,0,0,1,1,5,0	37,32,36,31,40,25,36,33,28,20	869	75
1260	9,23,13,26,29,13,30,16,11,8	28,19,26,30,20,21,27,14,20,21	9,29,21,24,18,7,10,23,32,25	28,22,24,25,30,17,19,21,20,25	717	75
1261	6,12,6,14,8,13,14,13,7,10	21,24,28,21,15,27,29,19,17,22	8,12,12,10,12,6,7,13,11,9	28,17,21,17,20,32,15,14,27,24	842	75
1262	8,15,8,11,12,11,12,5,7,9	0,0,0,0,0,0,0,0,0,0	6,7,5,13,6,7,10,13,15,7	0,1,0,0,0,0,0,0,0,0	1180	75
1263	33,32,39,34,33,26,54,37,51,30	2,2,1,2,0,0,2,0,2,0	32,43,48,28,36,27,28,28,34,44	1,2,5,3,0,0,0,2,2,1	1408	75
1264	34,32,40,36,35,26,54,37,53,33	18,30,18,21,31,16,18,26,24,24	33,43,49,29,36,28,28,30,34,45	23,32,29,19,25,29,17,29,26,21	1416	75
1265	59,59,64,58,64,45,76,67,68,54	9,8,10,9,10,11,9,2,11,9	69,68,64,51,59,52,54,54,60,65	11,7,9,9,7,18,15,11,5,11	1472	75
1267	1,2,1,0,2,1,1,4,0,1	16,14,18,17,8,15,11,11,12,22	0,1,0,1,0,0,2,2,1,0	16,20,14,13,28,21,13,20,18,15	379	75
1268	0,1,0,0,1,0,0,0,0,0	1,4,2,3,3,3,4,1,1,0	0,0,0,0,0,0,0,0,0,0	3,4,3,4,1,9,2,4,0,1	153	75
1269	19,23,17,25,20,15,18,14,18,17	31,37,38,30,26,26,37,21,29,36	22,19,8,23,14,22,14,15,11,20	23,31,40,32,37,25,37,28,29,34	317	75
1270	19,16,21,19,23,17,22,13,30,20	4,1,4,5,0,1,2,0,3,4	21,26,21,26,16,19,21,24,21,17	5,1,4,3,0,1,1,4,1,1	575	75
1271	18,14,15,16,17,11,18,10,21,16	64,54,72,39,70,54,43,44,41,58	14,17,12,19,9,16,9,20,14,9	44,61,62,50,49,58,65,45,59,54	558	75
1272	0,1,0,4,1,3,0,3,3,1	60,69,62,51,41,47,46,54,52,65	0,4,1,1,2,4,0,0,1,0	47,63,48,61,76,59,68,40,55,37	476	75
1273	5,5,1,7,3,3,1,2,1,9	58,70,81,63,59,61,57,51,68,59	0,0,3,4,4,5,4,1,7,4	62,71,68,83,68,62,61,61,69,66	2040	75
1274	12,24,10,13,17,10,18,8,20,18	1,0,0,0,0,0,0,0,0,1	16,24,9,28,14,11,11,15,22,16	1,0,3,1,0,2,0,0,0,0	260	75
1275	6,14,6,6,5,5,10,5,5,8	1,3,0,0,1,0,4,4,1,2	10,16,4,9,8,4,4,6,16,6	4,2,2,0,0,3,3,0,0,3	227	75
1276	2,3,1,0,1,0,2,1,2,0	7,5,11,3,9,3,5,5,12,4	0,1,1,1,0,1,0,1,1,0	2,7,4,6,6,10,4,6,10,12	354	75
1277	0,2,3,4,2,1,1,1,2,0	6,8,10,9,12,10,8,10,11,2	2,1,0,1,4,0,0,0,1,0	5,7,12,7,7,5,15,10,4,12	286	75
1278	0,0,0,2,0,0,0,0,0,0	0,0,0,0,1,1,1,0,0,1	0,0,0,0,1,0,0,0,0,1	0,0,0,0,0,0,0,0,0,0	188	75
1279	1,0,1,0,0,0,1,2,0,0	2,0,0,0,0,0,0,0,0,1	0,1,0,2,0,0,1,0,1,1	0,0,0,1,0,0,0,0,0,0	729	75
1281	186,207,178,194,165,172,184,174,188,163	9,8,11,8,7,4,11,10,9,7	203,189,165,184,166,155,167,178,190,199	12,14,9,8,18,9,5,8,16,15	1176	75
1282	76,56,47,73,59,56,79,77,69,45	0,0,0,0,0,0,0,0,0,0	55,82,43,51,56,52,44,59,109,72	0,0,1,0,1,0,0,0,0,1	320	75
1283	21,43,32,31,31,33,41,31,42,22	223,256,272,168,239,218,226,207,207,205	22,38,15,33,17,26,13,23,38,18	241,197,233,217,204,210,208,201,230,204	366	75
1284	3,0,0,2,1,0,0,1,2,3	78,90,77,86,79,64,62,60,61,64	0,2,0,3,2,1,2,2,4,2	84,96,66,85,63,67,55,60,64,78	157	75
1286	38,29,27,32,33,26,51,42,49,22	19,19,25,15,21,23,21,13,11,26	28,36,21,41,20,40,27,28,34,34	11,18,29,23,16,13,22,14,22,28	814	75
1287	102,117,110,103,88,88,140,140,115,113	55,61,58,52,58,61,58,54,64,58	72,115,65,82,63,84,85,73,86,85	50,61,55,47,36,63,64,57,45,52	2430	75
1288	2,3,1,0,0,1,2,1,1,1	0,1,1,0,0,0,0,0,1,0	0,3,1,2,0,2,3,3,0,2	1,0,0,0,1,0,0,0,1,0	79	75
1289	2,3,1,0,0,1,2,1,0,1	0,0,1,0,1,0,0,0,0,0	0,3,1,2,0,2,3,3,0,2	0,1,0,0,0,0,0,0,0,0	76	75
1290	16,11,6,17,13,11,22,23,13,20	29,34,48,28,35,46,37,39,38,35	14,16,7,11,11,10,8,7,23,13	35,47,38,32,41,35,29,35,43,30	171	75
1291	39,36,39,43,41,32,45,54,38,32	0,0,0,0,0,0,0,0,0,0	30,28,30,47,39,34,26,27,45,41	0,0,0,0,0,0,0,0,2,0	564	75
1292	10,7,6,5,4,1,3,4,4,8	24,24,31,30,17,30,30,20,8,28	6,3,11,11,9,9,6,11,15,7	26,35,10,17,15,13,17,26,22,27	413	75
1293	5,10,6,5,10,3,5,3,3,8	1,2,2,0,0,0,0,1,1,0	2,4,9,4,8,3,5,12,3,7	1,3,2,0,2,0,1,0,2,1	170	75
1294	8,12,18,12,15,5,9,9,8,16	142,179,209,175,130,150,162,113,168,131	12,9,16,13,18,4,6,15,12,9	145,212,144,168,153,188,169,165,139,195	291	75
1295	7,2,6,5,5,0,0,6,4,5	67,87,106,81,74,51,80,52,78,61	5,3,3,2,5,6,1,3,5,3	67,84,70,85,76,84,90,84,56,81	281	75
1296	16,33,20,22,10,34,27,18,26,26	104,114,82,92,87,84,77,91,74,79	26,21,25,18,28,35,23,29,11,28	98,127,96,95,102,87,94,109,88,81	156	75
1297	4,7,8,15,4,4,7,6,12,4	1,1,0,2,1,0,0,1,0,0	10,12,6,8,2,8,12,5,4,12	2,1,0,2,0,0,3,2,1,0	590	75
1298	3,0,1,1,0,0,0,0,0,0	3,6,5,3,5,7,4,1,2,5	0,0,1,0,0,0,1,0,1,0	3,2,5,3,1,2,2,4,4,4	176	75
1300	1,2,3,1,3,2,1,0,3,2	92,86,115,87,75,108,61,69,70,82	4,1,0,2,2,3,1,1,3,2	85,92,64,81,83,95,99,86,75,112	142	75
1301	0,6,0,1,1,3,3,1,4,1	1001,966,1024,922,834,878,825,709,770,868	1,0,2,3,1,3,0,3,0,0	930,1001,861,808,911,927,862,791,818,877	453	75
1302	7,4,4,5,3,3,3,4,4,9	146,125,124,129,131,133,136,107,107,131	4,1,3,1,4,6,2,1,1,3	131,133,138,134,142,151,143,130,97,101	240	75
1303	2,7,3,5,6,2,3,5,1,8	197,173,186,183,164,188,146,135,163,168	3,6,4,4,3,2,2,2,4,4	200,191,167,157,175,164,162,157,158,146	147	75
1304	0,0,1,0,0,0,1,0,1,0	1,0,2,1,1,1,2,1,0,0	0,1,1,1,1,0,0,0,0,0	0,1,3,1,4,1,3,2,1,0	186	75
1305	1,0,0,0,0,0,0,0,0,0	4,3,3,2,1,4,4,2,8,5	0,1,0,1,0,0,1,0,0,3	2,5,3,0,7,2,8,4,5,6	162	75
1306	5,2,1,0,3,1,2,0,8,1	11,12,11,4,11,12,5,6,6,14	3,1,1,0,3,0,2,3,0,4	3,4,2,7,7,15,11,9,9,15	584	75
1307	2,0,0,0,0,0,3,1,0,0	2,3,2,2,0,0,0,2,1,3	0,0,0,0,0,0,1,0,0,0	3,0,0,4,4,3,2,3,2,2	259	75
1308	0,2,1,3,2,1,1,0,2,1	76,61,44,61,38,63,80,65,67,62	2,1,2,1,1,0,0,1,2,0	49,58,51,63,73,65,66,59,56,94	157	75
1309	98,107,91,96,94,77,106,121,100,123	0,1,0,0,0,0,0,0,1,0	105,116,89,109,122,103,126,104,91,125	0,2,0,0,1,0,0,1,0,1	368	75
1310	3,2,2,1,3,0,4,2,2,2	17,15,20,19,15,17,11,15,23,16	1,3,3,5,2,1,0,7,1,4	12,7,12,13,23,13,25,14,11,11	216	75
1311	0,3,0,1,0,0,1,1,0,0	37,37,52,32,25,24,39,30,39,34	0,0,0,1,0,0,0,0,0,0	25,42,26,25,35,42,31,28,27,36	202	75
1312	38,38,49,34,23,38,30,41,33,44	0,0,0,1,0,1,0,0,0,2	23,56,40,25,34,40,34,22,31,26	0,0,1,0,0,1,0,0,0,0	322	75
1314	83,72,94,63,37,63,57,69,58,63	5,5,1,4,3,2,2,1,2,4	49,96,66,61,59,86,63,45,64,57	3,4,3,5,4,2,4,1,2,0	182	75
1315	0,0,2,0,0,0,0,1,0,0	21,17,26,21,18,5,21,24,26,22	0,1,0,0,2,0,2,0,0,1	13,26,20,12,27,25,26,15,25,13	154	75
1317	18,19,14,12,13,22,20,7,9,12	135,128,149,101,124,141,111,102,130,117	8,14,12,10,20,22,14,12,17,10	119,146,113,117,112,116,138,92,100,112	205	75
1319	0,0,3,1,0,0,0,0,2,3	0,0,0,0,0,0,0,0,0,0	1,3,2,0,1,0,1,0,0,1	0,0,0,0,1,0,0,0,0,0	1024	75
1320	8,9,2,6,9,1,7,3,1,3	16,18,12,11,17,11,7,10,10,16	4,7,7,8,3,4,7,5,4,6	8,24,9,13,9,13,17,19,5,8	1026	75
1321	4,5,1,5,5,1,7,3,1,2	0,0,0,0,1,0,0,1,1,0	4,7,6,8,3,4,7,4,4,5	0,0,0,0,1,0,0,1,0,1	955	75
1322	0,0,0,1,0,0,2,2,0,1	64,59,54,44,34,41,44,43,51,41	0,1,1,2,3,1,1,1,1,0	48,52,44,39,38,45,45,36,44,46	145	75
1324	13,5,12,15,12,9,16,9,10,12	0,4,1,0,0,0,1,0,0,1	5,13,6,16,5,11,15,9,11,7	0,0,0,0,0,0,0,0,0,1	543	75
1325	2,3,6,3,8,6,5,7,2,5	89,99,106,84,80,90,76,75,89,100	1,4,4,3,5,5,3,1,8,6	110,93,86,86,95,78,92,95,97,90	1530	75
1326	0,1,2,2,0,0,2,1,0,0	80,81,84,63,58,56,65,60,59,66	1,0,0,2,0,1,0,0,0,0	80,69,66,63,60,71,60,57,90,47	528	75
1328	73,74,64,66,60,87,90,92,65,77	1,0,1,0,0,0,0,2,3,0	63,73,76,70,80,85,71,58,61,78	1,0,0,0,3,0,0,0,1,0	354	75
1329	0,1,1,1,1,0,1,1,4,2	35,45,37,51,45,49,57,24,42,42	1,2,0,1,0,0,1,1,1,0	41,50,39,40,36,37,54,26,53,46	263	75
1330	1,1,0,0,0,0,0,4,1,0	35,42,41,58,29,34,39,33,42,30	0,2,0,0,0,1,1,1,1,0	45,39,35,34,43,50,37,28,22,46	185	75
1331	10,8,7,10,7,6,10,8,3,3	32,41,32,16,11,18,25,27,28,17	12,6,11,13,3,11,4,11,10,12	22,18,12,34,17,23,22,26,44,22	836	75
1332	5,7,2,14,8,6,5,5,5,10	13,26,25,12,16,20,27,29,18,19	19,9,13,6,7,7,4,5,15,8	12,24,21,22,10,15,22,14,24,25	590	75
1333	566,576,485,501,428,487,520,460,454,446	0,0,1,0,0,1,0,0,0,0	594,598,463,524,448,461,489,508,593,605	0,0,0,0,1,2,0,0,0,0	755	75
1334	436,416,392,482,338,454,480,420,339,272	0,0,0,1,0,0,0,0,0,0	571,600,353,452,283,346,319,347,670,529	1,0,0,0,0,0,0,0,0,1	758	75
1335	1164,995,1036,1126,912,1154,1088,941,819,763	8,5,8,6,6,6,6,3,8,2	1275,1303,1008,1102,817,889,977,880,1443,1219	7,6,9,7,7,7,3,7,8,8	932	75
1336	1163,994,1036,1124,912,1154,1086,939,817,763	180,165,141,117,137,133,129,123,128,102	1273,1303,1008,1101,817,889,976,880,1442,1216	138,138,132,146,134,148,132,132,161,165	930	75
1337	2,0,0,1,1,1,2,2,6,2	18,23,23,26,15,12,16,23,20,15	2,3,2,1,1,0,0,1,1,0	16,28,16,12,17,23,25,22,16,19	1450	75
1338	35,33,12,32,37,23,28,25,34,27	38,38,36,44,38,36,38,18,40,32	35,36,29,23,19,24,24,34,17,30	33,36,46,40,35,43,49,31,41,29	2019	75
1339	18,43,15,24,22,8,40,24,34,22	28,23,16,38,29,15,22,16,33,16	28,36,34,42,34,30,19,23,41,30	9,21,13,21,24,17,28,32,16,25	272	75
1340	82,88,69,92,75,81,96,73,73,78	9,7,6,2,5,7,6,7,5,6	68,89,68,89,61,85,70,76,79,78	5,7,8,7,4,2,5,5,1,3	467	75
1341	0,2,6,8,7,2,11,4,5,1	2,0,0,2,1,0,0,0,0,1	3,9,2,1,3,5,5,2,6,3	0,2,2,0,1,0,0,1,0,0	316	75
1342	0,1,1,1,2,0,1,0,3,2	15,2,10,2,4,8,2,1,2,1	2,1,0,0,1,1,1,4,3,2	8,6,3,0,5,1,1,4,2,2	156	75
1343	0,1,2,1,2,0,2,0,3,3	7,5,7,3,3,2,5,9,1,4	2,1,0,0,2,1,1,4,4,2	5,6,3,3,5,5,3,4,3,2	159	75
1344	25,17,27,30,17,31,34,29,22,22	4,5,5,0,2,2,2,1,1,3	29,31,28,25,20,25,25,24,25,27	4,7,2,4,2,5,0,1,4,1	2402	75
1345	4,2,1,3,0,0,1,3,0,0	78,77,65,43,64,51,66,52,43,64	3,2,1,3,3,6,0,3,3,4	63,59,32,61,54,53,68,64,45,57	164	75
1346	9,9,5,4,8,7,7,8,7,4	179,160,163,115,154,164,133,126,136,150	3,10,7,7,7,8,5,7,5,8	153,151,136,109,129,147,151,151,159,140	588	75
1347	22,9,23,17,18,9,21,18,20,14	2,1,1,0,0,0,0,0,0,0	13,24,15,14,9,16,17,18,20,18	1,0,0,0,0,1,1,0,1,0	893	75
1348	22,9,24,18,19,11,22,18,21,14	208,216,211,163,172,186,149,142,175,196	15,24,15,14,11,19,18,18,20,19	180,200,210,177,142,163,188,189,177,177	897	75
1349	17,5,20,17,17,11,19,15,18,13	0,0,0,0,0,1,0,0,0,0	14,18,13,12,11,18,17,17,18,14	0,1,0,0,0,0,0,0,0,0	816	75
1351	24,41,24,31,24,34,37,42,34,44	1,0,0,0,0,0,0,0,0,0	29,31,38,28,22,22,17,27,30,20	0,0,0,0,1,0,0,0,0,0	644	75
1352	29,44,32,39,30,43,43,45,41,46	183,168,205,140,143,157,125,109,144,139	32,34,40,33,26,27,23,32,38,22	143,138,153,131,133,140,169,155,125,121	708	75
1353	1,4,3,0,3,1,5,2,1,1	567,468,538,438,436,370,397,433,476,474	2,2,0,0,1,1,0,0,3,7	387,428,437,461,419,482,435,402,420,388	149	75
1354	966,866,945,743,794,846,734,607,729,822	1,0,0,0,0,1,0,2,0,0	805,879,806,807,808,856,839,650,736,819	0,1,1,1,0,0,0,1,0,1	560	75
1355	2,1,1,0,0,1,0,0,0,0	1,3,0,0,1,0,0,0,0,2	0,0,1,1,0,0,2,2,1,1	1,0,1,2,0,0,1,1,1,0	162	75
1357	1,3,3,3,3,5,3,2,2,0	5,7,10,4,5,2,7,7,3,7	2,7,4,4,4,1,1,1,5,5	6,8,5,7,10,9,5,4,2,3	355	75
1358	0,0,0,0,0,0,0,0,0,0	1,0,0,0,1,0,0,1,0,0	2,0,0,0,0,0,0,0,0,0	0,1,2,0,0,1,1,0,0,0	510	75
1360	0,0,0,2,0,0,1,0,1,1	0,1,0,0,0,0,0,0,0,3	0,0,0,0,0,1,0,1,0,1	1,0,0,2,0,0,1,1,1,0	954	75
1361	27,9,10,12,19,2,9,12,18,14	43,45,44,43,21,35,36,30,30,44	13,16,9,18,16,11,7,16,13,14	42,44,26,37,39,26,27,37,33,30	912	75
1367	30,37,28,32,33,22,32,28,33,21	87,101,94,80,98,105,76,59,81,81	24,38,37,29,38,20,33,37,37,34	77,114,89,76,85,72,96,86,83,78	2659	75
1368	11,11,13,13,11,11,8,14,12,12	146,154,172,141,134,156,133,146,140,147	15,20,14,11,14,12,10,8,21,12	153,177,144,123,158,184,161,152,154,149	303	75
1369	0,2,0,0,0,0,1,0,0,1	41,34,43,39,35,28,32,30,34,39	0,0,0,0,0,1,0,0,1,0	51,34,51,21,38,44,49,32,38,37	1493	75
1370	0,2,0,1,0,0,2,1,1,1	0,0,0,1,0,0,0,0,0,0	2,1,0,0,0,1,0,1,2,0	0,0,0,0,1,0,1,0,1,0	2557	75
1371	0,0,0,1,0,0,1,2,2,0	81,75,87,77,78,72,66,71,82,85	2,1,0,0,0,0,0,1,2,1	103,63,84,88,69,87,98,57,79,73	1088	75
1372	13,9,9,14,14,19,12,14,8,9	143,130,114,114,118,115,107,89,125,94	19,23,8,15,6,11,15,15,15,15	119,134,126,113,121,104,102,124,98,95	195	75
1373	7,9,7,7,3,4,11,7,6,4	155,167,151,145,124,111,129,109,125,152	4,11,3,7,3,2,5,4,3,4	126,148,153,110,125,123,166,119,144,152	572	75
1374	570,635,577,542,478,537,441,424,532,543	16,20,24,21,16,14,9,12,13,10	526,600,475,508,499,528,557,510,477,508	23,27,14,19,15,16,28,9,15,14	909	75
1375	51,47,40,47,36,32,41,36,35,47	0,1,2,1,0,2,0,0,1,0	26,35,48,39,43,27,50,43,29,34	0,3,0,1,1,1,1,0,1,0	491	75
1376	0,0,0,0,0,0,0,0,0,0	5,4,5,2,5,3,4,2,10,4	2,0,0,0,0,0,0,0,2,0	3,2,4,2,5,2,11,2,6,0	188	75
1377	0,0,0,1,0,0,0,0,0,2	6,9,12,11,4,6,6,6,11,12	1,1,0,0,0,0,0,4,0,1	5,13,5,9,8,16,7,6,7,2	165	75
1378	3,9,8,1,3,4,1,5,4,2	6,8,3,3,5,12,5,7,2,8	2,4,6,5,1,2,5,0,1,7	4,7,6,3,8,7,10,4,7,3	183	75
1379	61,78,62,31,61,50,65,56,46,54	63,56,48,45,49,57,46,48,34,48	52,67,59,86,58,71,53,58,84,58	62,32,45,37,49,57,53,56,51,44	2576	75
1380	12,19,19,25,12,9,15,17,17,11	2,3,3,1,2,1,1,1,0,2	16,14,9,17,11,17,11,18,22,12	1,0,2,1,0,3,0,3,0,0	304	75
1381	919,1002,965,947,894,918,779,755,855,941	2,5,4,1,1,2,3,2,1,3	960,969,970,839,982,964,1007,939,870,988	1,3,1,4,1,4,4,2,2,3	304	75
1382	1,0,1,3,0,1,1,1,2,0	33,37,32,28,25,33,29,29,36,23	0,1,1,0,1,2,0,4,1,1	22,31,22,20,28,29,23,15,24,28	209	75
1383	0,0,0,1,0,0,0,0,0,0	1,0,0,1,2,1,0,3,1,3	0,0,0,0,0,0,0,0,0,0	1,0,0,0,2,3,1,1,0,2	164	75
1385	76,65,70,94,67,46,113,74,105,44	319,336,338,290,248,279,236,239,292,255	56,91,56,80,79,51,64,97,87,112	275,309,285,299,291,301,267,292,318,266	394	75
1386	71,69,96,66,88,70,84,61,81,79	160,145,156,150,132,147,144,94,129,127	68,86,59,61,75,76,61,69,74,59	131,159,193,142,149,145,134,115,152,144	557	75
1387	10,17,10,17,15,13,8,8,5,4	29,23,23,23,24,23,18,13,23,32	10,6,2,7,5,11,14,11,10,8	20,19,22,14,23,22,24,26,21,25	319	75
1388	1,0,2,1,0,0,1,0,0,0	0,3,0,1,0,1,0,0,4,0	0,0,0,0,0,0,0,0,0,1	1,0,0,0,0,0,0,1,0,0	179	75
1389	2,1,0,1,3,0,3,0,0,1	0,0,0,0,0,0,1,0,0,0	2,2,0,1,0,3,1,0,0,4	2,0,0,0,0,0,2,0,0,0	473	75
1390	0,0,0,2,1,1,0,0,0,0	21,14,24,11,13,17,21,12,15,5	0,1,0,1,0,0,0,1,1,0	10,25,13,12,18,23,14,10,7,7	170	75
1391	7,13,10,9,17,13,28,16,21,11	1,2,2,1,3,0,3,0,6,4	7,11,10,11,8,9,11,6,13,10	1,2,2,7,2,2,1,3,2,3	965	75
1392	5,0,8,3,3,1,1,4,7,10	18,11,22,11,19,16,5,8,14,11	2,6,3,2,2,13,4,1,3,3	10,19,7,10,18,10,17,2,14,18	1083	75
1394	0,0,1,0,0,0,3,0,1,0	455,466,518,442,408,437,350,414,386,410	1,1,1,1,1,0,2,2,0,1	427,442,434,384,418,480,459,412,409,408	157	75
1396	0,1,0,0,1,0,2,1,2,1	2,1,5,4,2,4,2,3,4,0	0,0,0,5,2,2,2,0,1,0	4,4,1,1,3,3,2,6,2,2	774	75
1397	0,0,0,0,0,0,0,0,0,0	13,1,5,9,5,4,3,3,3,4	0,0,0,0,1,0,0,0,0,0	4,3,4,4,5,8,3,6,6,3	1206	75
1398	11,9,4,18,9,14,9,14,10,16	301,311,294,239,255,286,254,169,185,292	17,12,8,11,8,7,5,4,16,10	261,253,281,231,223,263,246,252,225,246	396	75
1399	4,2,4,5,4,3,2,1,5,5	173,181,198,148,131,118,138,149,141,149	4,0,2,5,3,5,2,4,7,3	156,172,174,160,141,164,152,158,151,118	420	75
1400	1,1,1,2,0,0,1,1,0,3	125,122,94,119,105,102,90,103,118,110	2,1,2,5,3,1,0,0,3,3	96,146,93,96,119,102,111,90,115,95	689	75
1401	7,4,2,2,3,5,3,2,5,3	0,1,0,0,0,0,0,0,0,0	4,5,4,3,5,5,3,9,6,5	0,0,0,1,2,0,1,0,0,0	154	75
1404	6,4,1,4,1,0,0,3,3,2	50,53,56,44,44,72,53,27,47,46	2,3,2,0,0,3,1,4,2,0	52,47,33,43,60,46,81,61,43,72	1809	75
1405	9,8,5,12,4,11,8,8,7,8	15,16,12,8,15,5,19,11,11,23	5,11,8,18,7,14,8,9,8,7	26,9,23,24,14,18,10,12,18,6	1499	75
1406	0,1,0,0,0,0,0,0,2,0	11,17,12,18,11,14,13,13,13,12	0,0,0,0,0,0,0,0,2,1	11,9,9,6,13,20,11,2,4,21	651	75
1407	3,2,2,5,4,1,1,4,4,0	15,21,27,20,12,25,11,18,25,21	0,10,1,6,1,3,1,0,1,6	19,31,18,12,32,20,23,24,21,18	989	75
1408	33,30,21,26,26,19,40,37,31,22	2,1,0,3,4,4,4,2,1,2	12,29,18,20,23,20,13,21,29,29	2,4,3,1,2,1,4,0,5,3	992	75
1409	10,16,14,15,8,7,19,14,13,7	24,16,14,22,22,18,17,15,21,21	7,17,13,12,14,6,9,13,9,22	21,27,21,19,21,22,22,16,16,14	219	75
1410	5,11,10,19,12,12,9,6,7,5	0,0,0,0,1,0,0,0,0,0	5,9,13,13,9,4,11,4,8,8	1,0,0,0,2,0,0,0,0,0	206	75
1411	8,15,22,20,21,21,24,8,13,8	30,38,26,19,26,28,32,31,22,35	7,15,16,15,13,6,17,8,11,10	28,26,25,20,28,19,19,23,37,25	285	75
1414	10,20,19,25,18,19,28,22,29,16	0,0,1,1,2,0,1,2,1,1	18,21,26,31,23,12,17,18,24,19	0,1,1,3,1,2,0,2,0,0	2320	75
1415	1,1,2,0,0,0,0,0,0,2	11,14,9,11,11,11,10,7,12,6	2,0,2,2,2,2,5,2,1,0	16,10,16,15,11,17,19,17,17,11	160	75
1417	248,218,221,221,193,155,217,259,199,165	48,51,41,50,34,46,37,38,41,36	164,264,149,207,144,177,151,209,240,181	55,38,31,36,52,46,42,46,35,54	2036	75
1418	1,1,0,3,0,0,1,0,0,0	0,0,0,2,0,0,1,0,0,0	0,0,1,0,1,0,1,1,1,0	0,0,0,0,1,0,0,1,1,0	349	75
1420	1,3,7,4,5,2,4,4,4,3	84,55,74,68,70,83,59,69,85,77	3,3,4,2,8,3,4,8,3,3	83,92,78,73,71,78,78,71,71,67	528	75
1422	4,5,6,4,5,4,3,6,3,5	137,109,102,92,102,113,103,75,88,113	2,5,8,6,8,3,4,3,3,5	129,118,103,93,103,118,105,102,112,84	202	75
1423	4,2,5,3,1,1,6,1,4,1	32,29,27,32,26,17,24,21,24,27	6,3,4,1,1,2,4,5,5,8	32,31,28,25,29,32,25,25,12,32	263	75
1424	10,10,13,17,13,5,16,4,18,5	26,23,21,28,13,19,21,12,18,11	13,12,9,15,12,12,12,8,14,15	17,15,9,14,30,20,22,12,24,21	2248	75
1425	9,14,7,6,8,13,7,9,9,3	2,2,1,0,0,4,5,4,5,2	10,10,4,14,7,12,12,6,8,8	7,11,2,0,3,3,4,1,1,6	169	75
1426	53,35,39,62,46,36,102,75,80,34	9,15,11,10,10,9,11,12,4,16	47,59,52,61,43,53,55,47,83,79	13,17,3,21,14,10,21,9,12,9	717	75
1427	0,0,0,5,1,1,1,1,3,1	7,14,16,11,15,5,12,13,8,17	3,0,1,2,3,0,3,2,4,1	14,20,6,12,13,9,11,11,11,15	150	75
1428	14,13,12,18,8,12,16,19,19,5	12,10,10,13,14,10,16,9,13,15	15,15,14,9,8,22,6,9,21,16	9,16,9,17,7,10,16,13,14,17	641	75
1429	0,0,0,0,1,0,0,0,0,0	0,0,0,0,0,0,0,0,0,0	0,0,0,0,0,0,0,0,0,0	0,0,0,0,1,0,0,0,2,1	166	75
1430	1,1,0,3,4,2,4,2,4,5	3,1,2,5,5,3,3,1,1,1	3,2,0,4,2,1,3,4,4,2	2,2,3,2,3,5,3,6,2,2	190	75
1431	2,7,2,3,1,3,1,1,2,0	4,6,4,6,4,8,4,8,6,8	4,4,1,0,3,0,3,2,2,2	7,6,5,2,8,10,8,2,8,0	1978	75
1432	1,2,2,2,2,3,2,2,3,2	653,640,656,592,618,552,538,513,538,546	5,4,2,2,0,2,2,2,3,3	638,661,565,504,613,638,574,514,496,590	193	75
1433	14,26,10,23,16,16,21,24,19,15	4,5,3,3,1,7,5,3,0,1	9,15,24,26,13,10,13,22,25,22	2,5,0,3,4,1,4,5,2,2	872	75
1434	12,10,12,4,8,10,12,15,11,6	7,2,5,3,4,2,5,3,2,3	2,12,6,9,7,11,7,7,15,8	4,3,8,8,6,4,4,6,5,3	317	75
1435	2,6,3,0,1,3,3,4,3,1	12,10,21,8,17,9,17,6,8,13	1,3,2,7,3,1,0,1,2,1	7,10,9,2,10,16,7,7,13,6	259	75
1436	1,0,1,0,0,0,0,0,0,0	0,0,0,0,0,1,0,1,0,0	0,0,0,0,0,0,0,0,0,0	0,0,0,0,1,0,0,0,0,0	482	75
1438	4,1,1,1,3,1,1,3,6,5	34,52,48,30,55,39,22,39,56,42	4,1,0,3,1,1,2,2,2,5	40,47,41,47,39,47,44,33,33,40	421	75
1439	2,1,3,1,1,0,1,1,2,0	47,58,37,33,30,36,34,34,32,37	0,0,3,3,1,0,0,3,1,1	36,34,25,27,41,42,50,34,33,26	237	75
1441	10,15,17,14,13,16,13,12,17,8	3,4,1,1,5,2,2,2,5,5	16,13,15,15,13,10,6,6,15,13	2,1,3,6,0,1,1,2,2,5	205	75
1442	2,4,2,7,3,3,0,1,2,3	59,45,53,46,54,56,47,28,48,49	3,2,2,2,3,4,2,0,6,2	68,58,71,41,60,57,59,42,64,56	192	75
1443	3,1,4,2,0,1,1,2,4,2	49,56,60,57,55,40,36,47,41,44	0,5,4,1,1,0,0,1,2,0	50,55,41,49,38,54,53,47,58,45	159	75
1444	3,10,3,4,8,5,4,4,10,0	80,65,77,67,63,77,57,53,87,81	6,4,5,5,2,4,5,6,4,4	66,73,48,52,62,62,59,58,55,69	148	75
1445	18,24,16,18,22,10,19,16,17,25	0,1,1,0,0,1,1,0,0,0	22,18,14,15,16,11,20,14,18,11	2,1,2,0,1,0,0,3,0,0	161	75
1446	23,31,25,23,26,19,25,21,24,30	3,1,1,2,0,0,1,0,5,2	25,24,20,23,24,18,29,20,27,19	1,1,2,1,1,0,1,0,0,1	173	75
1447	34,24,28,45,27,35,28,21,32,32	78,61,76,72,67,90,66,55,81,95	21,38,28,38,22,31,22,19,32,33	74,73,86,77,89,82,75,73,75,81	638	75
1448	9,15,9,20,11,10,26,17,21,7	78,86,98,56,71,76,71,77,75,70	8,16,10,14,9,9,11,18,10,19	60,95,86,92,78,75,77,74,73,72	227	75
1449	1,1,0,4,2,1,3,3,3,4	82,71,60,77,67,81,64,50,61,61	2,1,0,0,0,0,2,0,2,1	59,60,45,69,60,52,61,64,72,52	161	75
1450	3,5,3,9,3,5,8,8,3,7	9,3,7,5,6,2,1,6,5,5	5,5,5,3,0,2,5,3,5,2	6,2,7,4,7,4,8,6,4,4	170	75
1451	0,0,0,1,0,0,1,0,0,1	59,49,67,55,46,69,50,46,29,33	0,0,1,0,0,0,0,0,0,0	45,39,55,43,52,52,39,50,50,51	171	75
1452	8,15,12,13,16,9,17,8,14,12	77,91,96,75,76,75,59,55,75,59	13,11,12,14,9,8,8,18,8,10	92,99,67,61,69,74,98,70,87,77	1210	75
1453	0,1,0,0,0,1,0,0,2,0	19,17,22,29,17,16,14,14,21,45	1,0,1,0,1,0,0,2,0,1	25,23,31,18,17,24,15,29,22,23	214	75
1454	3,1,5,0,1,2,0,2,5,2	91,83,120,75,105,83,89,66,91,83	3,1,2,4,1,0,0,0,0,1	79,99,84,101,87,100,102,86,94,83	146	75
1455	4,2,0,0,2,2,4,3,2,2	123,139,152,124,117,137,98,98,116,114	1,1,0,4,3,0,3,5,1,1	119,152,129,113,113,101,129,133,154,123	1387	75
1457	6,3,6,5,0,3,3,5,1,4	1,0,0,2,0,0,0,0,1,0	3,5,5,4,5,2,6,4,1,4	1,0,0,0,4,0,0,0,0,0	468	75
1458	6,3,5,5,0,2,3,5,1,3	45,47,50,37,28,34,37,43,36,32	2,4,4,4,3,2,2,4,1,4	35,53,38,40,26,35,44,35,39,38	464	75
1459	5,5,7,7,3,3,5,4,3,1	37,38,31,27,17,23,17,29,27,16	2,4,3,11,3,2,2,4,3,4	23,18,17,29,22,26,20,27,34,35	158	75
1460	11,6,3,7,6,1,6,9,10,4	12,13,15,13,7,14,13,14,10,10	5,5,6,7,7,13,2,11,11,5	14,13,12,12,15,9,9,6,11,17	483	75
1461	0,1,0,0,0,0,0,0,0,0	103,90,91,83,90,81,74,66,78,55	0,1,0,1,0,1,0,2,0,0	78,86,94,76,79,88,82,91,74,78	159	75
1462	479,449,405,501,392,426,496,420,414,394	5,6,2,4,1,7,6,3,2,7	374,542,347,477,375,348,360,424,469,470	5,6,1,4,3,6,2,4,1,1	3404	75
1463	1,1,0,0,0,0,1,0,0,0	4,7,2,3,4,1,4,7,1,1	0,0,0,0,0,0,0,0,0,0	4,2,3,1,3,1,6,0,1,2	245	75
1466	6,0,3,2,5,5,3,5,3,1	7,7,15,4,5,7,1,5,4,9	2,2,3,3,9,2,3,6,1,5	6,15,2,7,9,5,10,10,5,8	157	75
1467	6,13,9,9,11,4,7,16,15,5	71,76,65,43,43,42,49,46,64,57	11,13,10,15,8,10,9,12,8,7	67,65,58,66,52,53,58,66,79,84	187	75
1468	11,15,12,12,13,8,22,12,17,7	84,98,71,67,75,88,68,63,65,73	14,14,14,12,24,16,6,13,17,6	88,67,68,93,79,72,83,74,89,78	288	75
1469	5,6,4,2,4,7,8,2,4,4	8,10,10,17,13,15,5,4,8,4	3,3,5,1,4,3,3,9,3,4	18,6,8,25,12,29,7,5,24,10	412	75
1470	560,652,498,692,511,720,580,434,356,464	0,2,1,1,5,1,3,1,3,1	511,363,430,404,651,354,754,606,490,609	5,2,0,2,4,4,3,7,2,1	909	75
1471	7,15,6,10,12,17,11,7,7,13	1,0,0,0,0,0,0,0,0,0	16,7,17,14,13,13,7,9,8,15	0,0,0,0,0,0,1,0,0,0	165	75
1472	11,16,6,10,13,20,14,7,8,13	207,205,261,177,204,228,186,202,190,213	16,9,17,14,14,13,8,9,9,15	201,202,203,180,190,211,233,190,199,230	184	75
1473	492,235,480,469,419,496,424,399,398,461	134,63,127,101,118,118,108,95,114,107	232,432,421,225,228,472,474,418,203,459	45,121,91,55,67,110,137,134,50,119	171	75
1474	1,1,1,0,0,1,3,1,2,4	62,70,87,60,68,87,52,67,61,62	0,0,0,1,0,1,1,1,0,1	75,50,63,71,82,72,66,66,75,59	176	75
1475	4,1,6,2,2,4,2,4,0,2	61,52,57,51,48,61,65,41,50,58	4,2,2,2,2,3,1,8,4,4	58,48,49,63,38,46,54,57,66,49	179	75
1477	13,4,16,12,10,6,7,6,4,4	1,3,1,0,2,4,3,0,2,0	6,10,9,7,8,9,6,11,10,5	4,1,3,2,0,1,2,1,0,2	167	75
1479	0,2,1,3,1,3,0,3,0,1	1,0,0,0,0,0,0,1,0,0	1,1,1,2,1,2,1,0,0,0	0,0,0,0,0,1,0,0,0,0	162	75
1480	0,0,0,0,0,0,0,0,0,1	2,3,4,3,3,4,4,1,1,5	0,2,0,0,0,0,0,0,0,0	4,2,0,0,0,2,4,3,2,0	350	75
1481	94,91,98,68,87,59,74,71,85,92	4,4,8,5,4,5,6,3,2,2	66,101,56,93,67,85,76,55,84,87	2,4,4,3,11,1,2,3,4,5	190	75
1483	0,2,0,0,0,0,0,0,0,0	10,12,17,13,17,10,13,12,9,20	0,0,0,1,0,0,0,0,0,0	8,17,10,10,21,15,9,5,10,9	157	75
1484	43,31,52,34,43,24,44,41,48,41	0,0,3,1,3,1,1,4,1,4	30,61,37,39,23,49,34,37,37,38	5,4,3,3,0,4,4,3,4,2	180	75
1485	12,15,9,14,19,13,19,11,17,9	55,57,44,58,51,67,54,45,62,49	12,21,24,13,4,14,7,14,21,30	50,47,54,55,61,67,51,53,55,64	310	75
1486	6,13,14,14,9,10,17,10,13,9	63,50,42,51,46,57,40,41,49,50	14,8,9,10,7,9,13,9,10,13	61,50,66,68,37,47,64,44,39,67	404	75
1487	0,1,0,0,0,3,0,0,0,0	0,0,1,1,0,0,0,0,0,0	2,1,3,2,0,0,1,1,1,0	0,0,0,0,0,1,0,0,0,0	252	75
1488	0,5,1,2,2,0,2,1,4,2	20,17,20,10,11,10,7,5,17,17	0,1,1,2,1,0,0,3,2,4	17,17,8,9,24,19,14,19,17,6	1371	75
1489	3,3,4,2,10,2,9,15,3,3	5,11,10,8,10,23,14,6,10,13	3,5,6,10,5,8,4,6,4,6	10,15,8,10,12,15,10,9,13,9	276	75
1490	4,2,2,1,5,1,0,5,2,2	10,4,5,7,3,11,7,11,2,2	1,3,4,1,3,0,1,0,0,2	15,11,5,6,15,15,2,6,8,13	276	75
1492	5,5,3,1,1,3,7,7,5,5	6,15,12,6,4,11,6,9,2,7	7,8,9,6,9,2,3,6,7,12	9,8,5,7,4,4,7,7,11,8	406	75
1493	9,6,5,3,7,3,5,11,8,7	0,0,0,0,0,0,0,0,0,0	8,11,10,8,12,2,4,6,7,15	0,0,1,0,0,0,0,0,0,0	842	75
1494	0,1,0,1,1,0,0,0,1,0	14,11,8,18,14,30,16,25,21,9	0,2,0,1,0,0,0,0,0,1	11,14,15,16,9,12,9,15,13,11	177	75
1498	2,7,5,5,1,3,7,7,4,2	23,15,17,15,19,15,11,9,10,24	4,10,6,10,3,8,5,8,5,7	14,19,10,13,10,18,24,18,18,22	2209	75
1500	43,34,24,26,20,34,38,29,25,26	542,558,545,492,486,516,463,395,432,449	21,35,39,22,28,25,22,29,35,41	453,527,531,438,497,527,469,445,471,449	293	75
1502	8,13,6,8,6,9,16,12,10,2	199,171,201,161,164,192,150,166,165,172	7,12,6,11,9,6,11,5,9,8	192,194,161,164,189,170,160,166,172,154	1093	75
1503	8,9,5,3,4,2,3,2,11,8	4904,4733,4986,4368,4456,4683,4107,3900,4133,4532	3,4,5,6,1,4,2,3,2,3	4192,5067,4620,4444,4636,4756,4555,4439,4127,4087	160	75
1504	4,8,9,10,6,3,4,5,6,15	2581,2901,3106,2612,2725,2414,2319,2071,2067,2658	2,8,8,9,10,8,4,5,6,8	2336,3130,2549,2232,2639,2689,2270,2624,2148,2371	164	75
1505	423,375,369,296,323,388,353,286,325,334	11,4,8,5,6,5,3,2,1,13	337,361,306,303,354,331,324,310,305,341	9,10,5,5,2,6,3,9,11,6	574	75
1506	3,7,8,8,2,5,7,9,3,4	895,960,853,680,931,1053,762,635,775,744	4,7,4,3,5,2,3,3,3,3	754,762,721,713,726,651,769,797,697,744	288	75
1508	0,0,0,0,0,0,0,1,0,0	0,0,0,0,0,0,0,0,0,0	0,0,0,0,0,0,0,0,0,0	0,0,1,1,0,0,0,0,0,0	217	75
1509	1,0,1,0,2,0,1,1,2,0	2,0,0,0,0,0,0,0,0,0	0,0,0,0,0,0,0,0,0,0	0,0,0,0,1,0,0,0,0,0	931	75
1510	23,31,37,32,33,22,30,19,32,20	0,0,0,0,0,0,0,0,1,0	29,23,27,32,25,34,37,30,32,22	0,0,0,0,0,0,0,0,0,0	2304	75
1512	18,18,6,17,18,17,19,14,16,5	0,0,0,0,0,0,0,0,0,0	15,13,7,18,13,12,9,14,22,22	0,0,0,0,0,0,0,0,1,0	1450	75
1513	4,3,0,2,1,3,0,2,3,1	81,85,96,64,71,85,66,61,78,73	8,3,0,5,4,1,2,1,9,5	70,71,92,67,72,80,97,72,67,64	189	75
1514	5,5,8,6,3,2,5,3,1,3	342,277,407,309,310,312,290,248,267,301	5,4,2,3,6,6,4,2,3,4	330,335,294,262,302,314,310,319,285,302	153	75
1515	2,2,0,2,2,0,1,1,1,3	0,0,0,0,0,0,0,0,0,0	2,2,3,1,2,1,0,1,8,0	0,0,0,0,1,0,0,0,0,0	670	75
1516	2,1,0,0,0,0,0,2,0,2	0,0,2,0,0,0,1,0,0,0	1,2,1,1,0,1,2,0,1,1	0,0,0,0,1,0,0,0,0,1	182	75
1517	16,11,12,16,7,5,6,10,13,10	11,7,10,8,6,4,7,3,13,6	9,15,8,13,14,10,8,4,7,14	6,10,8,9,10,6,7,11,6,4	1870	75
1518	12,16,11,14,14,9,10,11,14,4	73,61,79,38,27,42,59,42,52,58	4,8,6,12,9,8,14,5,9,5	53,54,59,52,59,45,63,44,59,42	700	75
1519	3,0,1,0,0,0,6,2,2,2	77,72,69,61,62,68,51,53,57,65	3,3,2,1,1,2,0,1,0,5	58,54,56,63,61,72,66,56,54,65	371	75
1520	38,18,26,30,29,31,36,39,40,23	47,62,54,46,34,52,44,46,47,46	28,30,29,40,38,26,19,22,27,33	52,66,27,50,45,65,66,38,42,46	911	75
1521	6,7,8,5,6,6,8,9,4,10	1,0,0,0,0,0,0,0,0,0	5,3,7,6,4,9,4,4,7,5	0,0,0,0,0,0,0,0,0,0	224	75
1522	0,2,0,0,2,4,1,1,0,2	23,15,22,20,15,25,25,13,18,13	0,0,0,1,1,0,1,0,2,3	20,23,15,16,25,16,25,17,13,17	297	75
1523	313,294,274,332,304,216,337,277,280,289	298,304,326,278,304,296,260,243,276,326	291,371,243,338,236,246,245,259,296,321	250,335,286,285,264,273,258,289,261,263	2479	75
1524	4,1,5,4,1,0,5,9,3,1	2,4,0,2,0,1,2,3,2,1	5,6,0,0,6,6,1,3,4,5	1,3,2,3,7,4,4,0,1,3	294	75
1525	1,0,0,0,1,0,0,0,0,1	2,1,2,0,8,2,7,1,3,0	0,1,0,0,0,0,0,0,1,2	3,2,4,6,1,2,3,0,2,1	225	75
1526	0,1,0,0,0,1,1,2,2,1	0,1,0,2,0,2,0,0,0,0	0,1,0,1,0,0,2,1,1,2	0,3,0,3,0,0,0,0,0,1	247	75
1527	19,14,18,12,12,7,15,17,13,8	24,21,26,27,19,22,13,13,22,15	21,20,11,13,10,17,13,15,15,8	19,27,20,15,12,16,17,25,13,23	1239	75
1529	5,4,2,1,3,3,5,3,0,4	21,21,29,26,16,16,19,14,20,26	3,4,3,4,1,2,2,8,8,3	32,24,21,21,29,32,37,30,26,17	583	75
1530	46,57,51,35,37,56,35,44,58,56	0,1,0,1,0,0,2,2,0,1	56,81,40,74,57,48,49,38,51,63	0,0,0,0,0,1,1,1,0,0	668	75
1531	7,9,3,8,8,6,8,7,6,3	43,43,46,35,53,48,50,41,43,48	5,7,9,12,8,1,10,4,6,7	35,52,31,43,43,50,44,41,41,32	1551	75
1532	79,95,87,70,73,95,78,74,62,71	1,1,1,0,2,1,0,0,0,1	63,71,63,87,87,56,80,50,64,73	3,0,0,1,0,0,2,0,2,1	1642	75
1533	1,0,1,1,2,1,3,1,2,4	33,17,16,14,19,20,19,17,15,23	2,2,5,1,2,1,4,3,0,1	20,20,12,21,10,14,18,19,15,22	152	75
1534	7,14,7,13,8,14,7,8,8,9	21,30,24,14,14,14,14,7,12,28	8,15,9,14,10,6,8,8,14,13	12,12,17,10,15,18,21,14,8,15	1611	75
1535	1,0,0,0,1,1,0,1,1,0	26,35,24,25,26,25,14,26,30,32	0,1,1,0,1,0,1,1,1,1	27,27,25,27,23,20,27,21,37,36	1000	75
1536	45,53,38,43,29,22,35,43,35,33	1,0,0,0,0,0,0,0,0,1	27,52,26,43,29,39,41,40,24,38	1,0,0,0,1,0,0,0,0,0	585	75
1541	3,11,4,2,5,3,7,3,7,1	75,85,108,73,89,94,73,64,85,98	3,7,1,12,4,3,5,4,4,9	74,88,92,65,103,102,92,66,87,67	435	75
1542	13,18,16,20,23,16,25,17,33,12	112,114,86,103,72,131,60,80,96,88	14,16,10,17,10,17,20,24,27,22	104,98,97,104,101,87,89,90,80,87	719	75
1543	8,16,5,8,18,8,14,5,13,6	26,43,33,40,40,25,29,41,33,29	13,13,12,7,5,10,4,12,7,19	26,35,32,53,18,34,36,44,47,38	1313	75
1544	40,47,39,41,26,34,35,42,31,29	19,15,20,14,10,25,13,13,19,10	30,36,26,42,42,37,31,32,43,34	13,12,15,18,8,10,13,7,20,13	2766	75
1545	1,3,2,0,0,1,0,4,2,1	5,7,6,3,6,7,9,10,4,7	3,0,1,2,3,1,2,1,6,5	11,4,1,3,7,14,16,9,4,5	974	75
1546	15,20,16,16,14,22,25,26,17,9	59,48,60,34,31,30,39,50,33,47	15,22,21,13,22,14,13,11,12,19	41,49,69,35,62,37,45,48,21,35	351	75
1547	148,136,143,179,134,147,199,169,186,122	4,6,4,7,3,3,4,2,3,6	132,202,133,165,142,126,135,158,145,174	4,4,5,4,1,2,3,2,3,1	2548	75
1548	119,105,125,149,108,110,168,137,163,98	62,43,74,49,47,48,44,49,54,59	113,170,100,138,107,106,103,134,120,146	50,69,47,49,46,50,60,66,52,73	2175	75
1549	6,4,9,5,12,1,8,9,17,3	28,23,39,27,35,27,29,28,23,35	6,12,3,5,4,4,4,4,9,5	29,36,27,20,29,28,21,41,36,27	1123	75
1550	1,3,2,3,3,4,2,8,6,2	426,364,401,334,426,400,348,288,310,383	8,5,5,8,4,1,1,1,7,4	383,426,319,341,312,353,386,347,376,362	1243	75
1551	12,15,23,16,15,22,27,12,10,25	70,40,53,34,49,37,46,29,41,50	19,22,21,29,18,12,18,23,22,23	54,49,41,58,66,64,40,56,55,51	576	75
1552	15,19,8,18,12,4,8,11,13,5	11,6,1,1,5,8,10,5,8,5	7,6,2,5,9,10,15,11,7,4	7,2,8,6,5,9,8,5,6,4	992	75
1553	9,8,5,9,6,4,4,6,4,4	13,13,20,18,6,11,9,15,16,5	5,2,2,2,4,7,10,4,3,3	9,9,15,6,14,11,15,22,7,11	983	75
1554	12,17,14,18,9,14,13,12,13,17	3,2,3,2,0,1,2,2,1,2	11,9,7,18,12,5,6,16,7,5	0,1,6,1,0,1,2,0,0,4	306	75
1555	1,1,4,1,2,0,1,0,3,2	5,7,4,5,7,10,10,6,5,8	0,0,1,1,1,0,2,0,0,1	12,6,3,3,4,2,6,8,8,4	1928	75
1556	3,0,0,1,2,1,0,1,4,0	51,38,46,38,45,53,36,32,30,29	2,1,0,1,1,4,0,1,3,1	40,52,41,23,34,39,34,29,30,47	307	75
1557	5,6,8,3,9,6,7,8,11,7	10,13,15,9,13,7,8,4,10,6	13,5,4,4,7,5,7,12,5,6	6,12,6,3,16,5,7,7,8,12	160	75
1558	7,2,10,6,5,7,7,6,8,6	88,98,117,71,100,90,106,75,84,80	2,7,3,5,8,6,9,6,8,7	118,88,89,77,115,99,115,79,100,98	208	75
1559	14,20,13,14,14,19,15,20,21,10	0,0,0,0,0,0,0,0,0,0	20,21,23,19,13,20,15,16,20,20	0,0,0,1,0,0,0,0,0,0	228	75
1560	4,2,2,4,4,6,6,4,6,2	1,0,0,5,2,3,1,0,0,2	5,3,2,5,7,4,5,2,4,7	0,1,1,0,0,3,0,0,0,0	1966	75
1562	118,125,118,107,95,90,111,107,114,112	2,0,1,2,1,1,1,4,1,1	125,100,88,113,118,108,116,93,106,130	0,0,0,1,2,1,1,3,5,1	643	75
1563	193,177,195,189,156,150,197,180,183,169	1,1,0,1,2,0,0,0,1,0	180,147,167,177,173,180,207,181,166,229	0,1,0,6,0,0,1,4,2,5	2029	75
1564	55,41,59,63,54,46,68,60,59,52	13,10,11,14,8,13,4,13,13,14	38,38,65,53,43,62,76,75,53,78	11,15,6,13,11,9,18,9,12,11	1337	75
1565	0,0,1,3,1,1,0,1,2,1	4,5,2,1,1,4,0,4,1,4	3,2,1,1,0,1,1,0,2,4	0,3,1,4,6,3,3,4,3,7	393	75
1566	2,0,1,1,2,2,2,1,2,2	97,94,82,85,65,97,60,92,83,87	2,6,4,6,2,2,0,5,3,2	77,96,54,82,88,85,91,80,69,84	480	75
1567	84,58,81,58,60,75,55,79,79,84	3,2,2,1,5,0,3,3,4,2	72,93,60,68,81,78,66,67,67,78	3,4,2,2,0,2,7,1,2,0	549	75
1568	6,7,5,3,5,3,3,3,2,1	5,13,8,7,13,3,6,7,6,10	3,6,2,2,2,4,0,2,4,0	4,12,8,3,5,11,5,6,2,4	357	75
1569	13,14,3,7,6,9,8,13,8,3	1,0,0,1,0,0,0,0,0,0	6,10,5,8,6,16,12,3,8,19	0,0,0,0,0,0,0,0,0,1	409	75
1570	9,10,1,6,6,5,7,10,3,1	3,6,4,5,6,4,2,5,4,1	5,10,5,7,4,14,9,3,7,16	10,11,7,6,5,4,7,5,5,7	404	75
1571	6,5,1,5,6,3,3,9,3,1	0,0,0,0,3,0,0,0,0,0	5,10,5,5,2,12,7,2,6,12	0,0,0,0,0,0,0,0,0,0	271	75
1573	19,13,12,14,11,17,16,10,9,12	50,59,64,55,40,72,57,48,58,61	14,16,11,12,12,13,10,11,22,16	50,60,61,63,51,53,64,67,47,52	934	75
1575	2,0,0,0,0,0,0,0,0,0	0,1,4,2,0,1,2,1,1,3	0,0,0,0,0,0,1,0,1,0	2,1,3,0,2,5,0,1,2,3	382	75
1576	0,1,0,1,5,1,3,2,0,0	3,1,1,0,1,0,1,0,4,4	1,1,3,2,0,0,3,1,0,3	1,2,2,0,1,0,2,0,4,1	354	75
1578	8,6,11,8,5,6,2,5,5,6	7,22,19,7,9,18,15,9,13,21	7,3,7,8,6,11,13,3,11,7	16,14,10,14,21,9,23,29,8,13	439	75
1579	48,65,47,44,46,35,30,30,53,35	1,3,2,2,0,0,5,1,1,1	32,49,30,60,38,47,50,31,46,60	0,4,2,1,0,5,3,2,1,4	484	75
1580	0,0,0,0,1,0,1,0,1,0	73,46,41,32,39,42,36,37,62,51	2,0,0,1,1,1,0,0,3,2	46,48,38,73,36,37,49,66,33,43	232	75
1581	0,0,0,0,0,0,1,0,1,0	96,108,106,72,88,76,63,78,107,77	0,0,0,0,0,0,0,0,0,0	98,97,90,111,66,88,118,110,87,92	191	75
1582	5,2,5,9,3,0,2,5,10,1	94,101,74,86,61,92,75,79,101,104	3,4,2,2,2,2,2,6,2,0	70,84,74,90,88,99,95,67,78,75	179	75
1583	3,4,5,9,3,6,6,2,7,9	32,37,41,52,43,43,30,32,43,48	1,8,0,8,8,4,2,7,6,6	32,42,39,33,42,43,37,36,39,26	452	75
1584	79,96,99,85,89,92,89,57,108,100	0,0,1,1,1,0,1,2,1,1	84,67,90,80,99,81,78,79,74,53	2,2,2,2,0,1,3,1,0,0	519	75
1585	94,77,78,75,96,65,76,82,83,62	0,0,1,0,0,0,0,0,0,0	71,75,63,73,78,96,90,75,83,73	0,1,1,0,0,0,0,0,1,0	943	75
1586	94,77,78,74,96,65,76,82,82,62	0,0,0,0,0,0,0,0,0,1	71,75,62,71,78,95,90,74,83,73	0,1,0,0,1,0,0,0,1,1	940	75
1587	33,15,28,15,24,3,6,32,20,22	0,0,3,0,1,0,0,1,3,0	5,40,14,11,12,34,12,4,3,4	0,0,0,0,0,0,1,0,0,1	326	75
1588	32,32,23,44,11,29,36,34,19,24	1,0,2,0,1,2,2,0,2,0	50,21,13,20,40,25,69,33,23,32	0,0,0,0,0,1,0,3,0,0	216	75
1589	0,0,0,2,0,0,0,0,0,2	0,0,0,0,1,0,0,0,0,0	0,0,0,0,0,0,1,0,0,1	0,0,0,0,0,0,0,0,0,0	160	75
1590	6,21,17,16,13,10,18,11,14,6	86,83,107,63,95,97,51,57,68,82	9,12,9,14,13,10,12,12,10,10	64,93,54,66,76,74,69,69,74,95	144	75
1591	0,0,0,1,0,0,0,0,0,0	23,11,15,11,12,20,16,22,16,11	0,0,0,0,0,0,0,1,0,0	13,16,14,11,16,15,14,14,16,15	332	75
1592	102,91,105,116,124,106,93,82,100,91	112,115,119,120,112,122,78,95,107,102	101,84,95,92,88,94,87,82,106,60	117,95,103,118,114,101,111,109,127,62	165	75
1594	15,16,19,17,15,10,10,25,20,14	57,49,65,55,48,44,74,54,61,51	10,21,11,16,19,19,14,15,17,9	62,45,46,56,46,64,45,55,62,43	151	75
1595	154,154,152,145,134,140,124,131,113,110	0,0,0,0,0,0,0,0,1,0	127,144,124,147,127,133,115,110,97,115	0,0,1,0,0,0,0,0,0,0	3846	75
1596	0,0,0,0,0,0,0,0,1,0	64,66,64,67,66,60,40,48,56,61	0,3,2,2,0,2,1,0,0,0	55,71,64,60,64,56,68,43,59,68	167	75
1600	2,4,4,16,9,5,12,8,3,5	4,1,1,3,1,2,7,1,2,1	6,14,15,1,15,7,4,16,10,4	0,5,2,1,7,3,4,5,5,1	480	75
1601	5,11,13,25,11,11,29,16,15,13	0,0,0,1,0,0,0,0,0,0	9,26,18,6,29,17,10,26,20,17	0,0,0,0,0,0,0,0,0,0	845	75
1602	1,1,2,3,0,0,5,2,0,0	3,13,10,13,7,12,16,7,7,6	1,2,1,1,4,2,0,1,4,7	5,8,11,9,14,2,7,8,8,7	263	75
1603	2,2,3,5,1,1,7,2,0,5	2,5,4,6,6,3,6,3,2,0	0,3,5,3,0,1,1,2,1,2	3,9,5,7,4,4,3,8,4,5	249	75
1605	0,1,0,3,0,0,0,0,1,0	8,8,4,6,6,3,2,6,3,4	1,2,0,0,1,0,0,1,2,0	1,3,2,9,2,2,4,2,6,0	231	75
1606	15,16,20,25,15,20,25,12,13,16	0,0,0,1,1,1,0,1,0,0	7,12,14,17,12,23,22,13,12,34	1,0,0,0,0,0,0,0,0,1	185	75
1607	1,8,8,8,8,10,5,5,3,4	27,19,15,22,31,15,18,21,12,18	3,6,3,5,4,11,7,5,3,14	21,16,19,13,17,13,22,26,30,17	155	75
1608	0,1,0,0,0,0,1,1,0,0	3,10,6,11,9,11,10,8,9,13	0,2,1,1,0,0,0,0,0,0	5,12,5,9,7,6,10,3,17,8	154	75
1609	3,5,5,4,5,1,8,6,7,2	2,4,6,6,0,1,6,6,5,4	8,14,3,7,2,2,4,4,7,8	2,4,0,5,4,5,4,7,5,5	383	75
1610	4,7,5,4,5,1,3,1,4,2	8,3,3,2,2,5,2,4,5,9	0,5,4,2,5,7,3,0,3,5	1,2,2,3,3,6,3,3,1,3	242	75
1611	10,8,6,10,9,5,12,7,10,9	62,53,58,47,59,48,47,46,47,66	4,10,5,13,8,8,4,14,6,9	66,82,54,56,53,69,52,39,52,48	352	75
1612	2,3,4,0,0,1,4,0,0,0	9,13,10,10,8,8,8,7,11,11	0,0,0,0,0,0,2,0,0,0	7,9,4,8,4,6,9,7,9,10	149	75
1614	11,15,14,22,16,19,10,11,26,4	0,2,1,2,1,4,1,0,1,1	12,11,12,7,18,12,17,12,13,8	2,1,1,0,2,0,0,2,4,0	186	75
1615	0,1,0,0,0,0,0,2,0,0	136,148,155,128,128,137,147,149,138,134	2,0,0,3,1,0,0,2,0,0	142,149,141,139,152,153,141,140,128,121	176	75
1616	75,70,88,62,50,78,78,79,82,81	6,2,6,3,6,4,1,6,4,4	74,71,61,73,75,75,74,76,51,69	6,1,2,4,5,1,6,2,2,3	325	75
1617	5,4,2,0,4,2,4,2,1,5	112,99,104,91,85,79,70,76,98,89	3,6,7,5,1,1,4,3,2,9	97,92,67,87,93,95,94,95,92,84	295	75
1618	5,3,6,4,5,2,6,4,3,4	74,59,66,56,55,40,63,45,58,60	2,2,9,5,5,2,8,10,6,5	43,55,60,63,56,55,46,43,48,40	1031	75
1619	1,0,1,1,0,0,0,1,0,3	7,5,5,9,3,4,7,7,7,6	0,1,0,1,1,0,0,1,0,0	6,6,5,6,7,2,3,6,3,5	2083	75
1620	88,76,76,85,70,66,75,59,84,91	126,126,142,117,134,132,89,91,113,112	83,78,86,68,86,84,97,71,92,67	132,127,112,120,127,121,131,111,140,101	219	75
1621	20,21,26,25,20,18,18,12,24,12	54,50,62,43,49,56,37,33,43,62	12,29,19,19,23,8,12,18,14,17	53,52,49,59,49,44,41,48,44,46	2542	75
1622	45,31,36,29,34,30,54,25,35,26	636,606,649,549,497,527,550,504,575,593	40,48,36,37,18,26,33,36,41,37	574,554,475,510,571,702,654,544,525,618	2348	75
1624	84,104,63,66,84,67,67,85,90,96	119,100,102,76,90,79,70,80,80,94	85,70,52,93,74,75,58,105,111,83	79,90,75,77,106,76,94,65,85,79	1857	75
1625	0,2,1,1,1,1,1,1,0,2	132,133,158,107,129,134,99,106,109,125	0,1,2,1,2,3,1,0,2,0	128,142,87,107,119,112,156,101,98,102	158	75
1626	3,4,0,1,5,0,1,5,5,3	4,5,4,2,7,3,5,5,5,2	2,2,1,1,2,0,1,0,2,3	5,7,3,5,2,4,3,2,3,7	1213	75
1627	1,2,1,2,1,4,0,2,4,2	3,3,5,3,5,3,6,1,1,2	3,4,5,2,1,2,1,3,5,3	4,3,4,3,3,4,3,3,1,2	651	75
1628	0,3,5,3,1,1,2,0,1,5	9,15,20,14,5,13,16,9,7,5	9,5,2,4,1,0,2,2,2,1	11,12,8,10,9,9,7,9,13,10	785	75
1629	13,9,6,16,8,7,18,11,9,13	58,40,58,36,35,33,51,33,32,54	15,10,10,12,17,13,8,14,10,15	44,33,39,32,38,32,45,36,45,33	342	75
1630	69,54,75,46,64,48,62,53,71,55	43,54,63,41,38,36,38,34,45,56	82,68,51,52,57,71,59,54,70,58	41,40,37,30,45,50,39,33,35,27	426	75
1631	1,0,0,0,0,0,0,0,0,0	3,12,7,8,7,5,4,5,14,15	0,0,0,0,0,0,0,0,0,0	7,7,6,5,5,11,6,8,7,3	328	75
1632	45,37,39,36,25,30,29,25,36,23	26,34,20,19,20,22,24,14,17,17	24,41,34,40,30,34,44,36,43,35	25,24,15,16,28,20,26,24,15,17	151	75
1633	6,6,6,5,3,3,1,2,5,2	81,69,85,63,63,64,61,63,44,61	4,5,3,5,4,3,2,6,6,10	80,74,77,57,71,74,60,42,51,65	340	75
1634	8,2,5,11,9,2,8,7,4,7	73,71,80,61,68,74,66,49,85,62	1,0,4,3,4,6,2,6,2,3	75,56,49,75,70,70,64,61,62,62	204	75
1635	0,0,0,0,0,1,0,0,0,0	46,27,29,24,15,21,25,29,27,43	0,0,0,0,0,0,0,0,0,0	16,45,25,30,25,26,26,24,17,11	202	75
1636	0,0,0,1,0,0,0,0,0,0	7,2,2,1,3,1,6,0,1,4	0,0,0,0,0,0,0,0,0,0	1,1,2,3,1,3,2,5,0,3	348	75
1637	6,1,3,1,0,0,0,3,2,1	0,0,0,0,0,0,0,0,0,0	4,0,0,2,1,0,1,0,0,2	0,0,0,0,2,0,1,0,0,0	144	75
1638	6,1,3,1,0,0,0,3,2,1	17,18,7,9,8,5,2,6,10,11	4,0,0,2,1,0,2,0,0,2	7,18,6,12,14,5,3,6,8,8	166	75
1639	8,7,6,7,7,5,14,9,10,4	22,23,14,19,16,24,19,11,14,16	6,11,3,10,7,7,4,4,4,8	14,30,19,18,20,12,9,16,7,17	151	75
1640	1,0,0,1,0,1,1,1,0,0	19,22,36,25,24,22,29,22,23,25	0,0,4,0,2,3,0,0,2,0	18,28,21,26,31,21,25,24,23,15	167	75
1641	6,5,4,4,5,6,5,2,6,1	29,28,25,13,22,22,24,27,17,24	2,2,0,6,2,1,2,0,2,3	14,29,17,20,20,15,12,18,23,17	172	75
1642	8,5,2,2,2,3,5,5,0,4	16,24,29,21,14,18,19,14,15,26	4,3,1,4,2,2,7,2,6,3	14,21,15,17,14,20,22,11,19,18	828	75
1643	8,5,2,2,2,3,5,5,0,4	1,0,0,0,0,0,0,0,0,0	4,3,2,4,2,2,7,3,6,3	0,1,1,0,2,1,0,2,0,0	836	75
1644	0,0,0,1,0,0,0,0,2,0	0,0,0,0,0,0,0,0,0,0	0,0,0,0,2,1,1,0,0,0	0,0,0,0,0,0,1,0,0,0	1087	75
1645	3,3,1,3,1,4,0,4,1,0	7,9,10,4,16,12,8,7,7,8	1,0,0,3,0,1,1,1,1,2	14,15,12,10,14,6,10,17,8,15	178	75
1646	1,0,0,2,0,0,0,0,0,0	24,27,37,26,27,22,14,41,34,35	0,0,0,0,0,0,0,0,1,0	18,32,30,21,21,28,34,28,25,38	150	75
1647	3,0,2,1,0,1,0,0,2,1	22,31,19,16,11,29,22,15,27,12	0,0,1,0,0,0,4,1,0,0	22,23,15,14,25,15,15,22,20,22	152	75
1648	0,0,4,1,0,0,0,1,0,0	3,5,2,3,1,5,3,4,3,1	0,0,0,2,0,0,0,0,1,0	4,5,1,7,2,0,4,2,1,3	157	75
1649	6,1,4,5,2,4,8,3,3,2	8,13,19,12,12,21,17,13,9,13	3,4,4,3,7,2,4,2,5,6	16,18,13,11,13,14,11,14,18,20	951	75
1651	2,1,1,2,3,4,5,3,3,3	7,17,16,14,7,10,7,12,12,8	0,5,3,4,1,4,1,1,7,3	15,10,9,12,14,8,16,13,5,11	269	75
1652	1,4,6,8,5,1,6,4,8,3	17,30,22,27,21,24,13,28,21,25	0,2,2,4,4,6,3,2,3,3	28,21,14,20,26,24,30,23,25,23	155	75
1653	220,210,149,213,219,141,276,232,205,140	63,77,75,54,50,78,68,59,58,76	181,239,173,214,137,134,155,207,249,212	63,70,59,52,77,69,55,61,57,62	1618	75
1654	17,20,12,23,18,19,23,21,11,16	59,57,49,41,51,43,52,37,40,43	18,31,26,17,16,12,16,16,19,18	55,45,36,53,56,38,33,48,42,25	213	75
1655	6,2,3,4,8,4,6,4,9,2	441,456,446,398,363,447,383,388,391,334	6,4,5,9,6,4,6,7,7,5	419,494,359,317,329,427,401,369,349,413	221	75
1656	86,109,116,89,90,104,120,91,116,93	0,1,3,0,0,3,0,0,0,0	79,114,101,91,84,92,102,112,91,95	0,0,0,0,0,0,0,1,0,0	2551	75
1657	4,3,0,3,0,3,3,3,6,2	13,9,14,8,11,17,6,12,15,22	1,1,1,5,1,1,1,1,1,0	8,6,14,13,13,12,14,7,14,6	601	75
1659	2,1,4,2,2,1,1,3,3,1	0,0,0,0,0,0,0,0,0,0	1,2,1,1,0,1,1,1,0,0	0,0,2,0,0,0,0,0,0,0	488	75
1661	0,0,0,2,0,0,0,0,0,3	19,13,11,17,4,6,6,8,8,12	0,0,0,1,0,2,0,1,0,1	10,10,5,9,8,10,11,12,8,14	184	75
1662	2,1,4,0,3,1,2,0,1,0	1,0,0,0,1,1,0,0,1,0	6,2,4,1,0,0,0,2,1,1	0,0,1,0,0,0,1,0,0,0	812	75
1663	2,5,1,0,2,1,2,3,3,2	13,10,11,15,12,11,7,14,10,5	4,0,1,2,1,0,0,2,2,3	12,16,19,8,9,12,8,6,15,10	1192	75
1664	76,80,74,91,100,85,93,68,65,65	1,2,0,2,1,1,0,1,0,1	76,96,80,77,73,57,73,92,76,61	1,1,0,0,1,1,1,2,1,0	2369	75
1665	5,8,9,7,6,6,14,8,13,3	21,19,8,9,12,17,11,13,9,6	8,8,3,8,6,9,4,10,5,5	14,12,20,12,15,10,10,14,8,11	273	75
1666	25,31,27,23,20,17,34,25,31,23	0,0,0,0,0,0,0,0,0,0	26,26,21,28,26,30,11,27,21,19	1,0,0,0,0,0,0,0,0,0	1144	75
1667	20,25,19,17,15,11,21,18,22,20	11,17,3,10,10,7,6,13,11,2	18,18,18,21,20,21,9,21,17,14	15,5,7,6,10,8,13,12,2,12	912	75
1668	0,3,3,6,4,3,0,0,4,2	7,13,6,6,10,11,7,7,13,6	2,4,3,1,1,1,0,1,4,2	12,6,3,6,11,1,10,5,7,6	326	75
1669	21,18,21,29,24,22,31,17,24,17	14,11,11,11,10,22,6,9,14,10	16,27,23,28,22,17,27,25,27,18	15,13,15,15,11,1,13,5,13,10	1523	75
1670	6,10,5,8,2,7,6,6,1,2	107,111,98,103,82,84,66,74,79,89	2,5,3,6,4,5,3,3,5,12	74,92,96,87,94,95,108,74,78,64	925	75
1671	6,2,6,7,6,2,7,6,4,4	17,24,18,11,22,21,17,11,19,16	5,10,7,4,3,9,6,5,6,7	16,19,18,13,13,9,13,10,23,10	1243	75
1672	2,6,3,0,4,4,5,3,1,6	18,19,11,17,7,19,10,17,20,11	3,1,2,0,3,2,0,8,3,1	19,19,14,13,9,11,11,15,19,19	539	75
1673	3,4,1,5,0,0,2,3,1,4	16,18,15,18,19,13,19,17,11,15	0,1,5,0,0,2,0,2,1,3	18,22,18,12,10,9,21,10,11,16	151	75
1674	1,3,0,0,1,0,3,1,1,1	18,22,21,27,17,24,19,19,24,34	0,1,0,1,1,1,0,0,5,0	31,22,14,20,29,21,24,21,23,19	215	75
1675	0,0,0,0,0,0,0,0,0,0	12,16,17,13,18,11,9,10,12,18	1,0,0,0,0,0,0,0,0,0	20,12,11,13,21,14,17,11,10,14	173	75
1676	2,2,3,4,0,3,5,5,6,0	88,63,66,80,72,81,73,55,71,77	3,1,2,0,0,3,3,5,4,2	71,85,62,70,72,72,47,76,90,80	615	75
1679	11,5,12,5,12,6,4,9,5,6	0,0,0,0,0,0,0,0,0,0	8,8,2,5,3,4,9,4,6,5	0,0,0,1,0,0,0,0,0,0	979	75
1680	0,0,0,0,0,0,0,0,0,0	2,2,3,2,2,1,4,2,1,1	0,0,0,1,0,0,0,0,0,0	5,0,0,1,2,3,6,3,3,1	331	75
1681	0,1,0,1,0,0,0,0,0,0	2,4,2,8,5,7,4,2,0,4	2,0,0,0,0,0,0,1,1,0	1,2,0,1,6,6,8,2,4,8	543	75
1684	3,3,1,0,2,1,0,2,2,0	12,7,9,10,4,17,7,5,5,9	0,1,1,0,1,3,1,0,0,0	6,3,5,6,10,11,12,11,8,7	195	75
1686	1,0,1,0,0,0,0,1,0,0	0,0,0,0,0,0,0,0,0,0	0,2,0,1,0,0,1,0,0,0	0,0,0,0,0,0,0,1,0,0	1208	75
1687	34,32,37,40,43,30,50,43,41,23	0,0,0,0,0,0,2,0,0,0	37,47,23,30,28,33,33,37,42,41	1,0,0,0,0,0,0,0,0,0	863	75
1688	20,15,19,7,12,14,6,14,6,11	39,9,26,15,16,20,18,16,16,15	10,17,9,9,7,11,9,4,9,8	14,17,23,14,12,21,18,9,18,13	167	75
1689	219,210,186,144,183,214,138,182,173,181	0,1,3,0,1,1,0,2,1,0	212,190,177,210,153,160,153,176,172,166	0,2,1,0,0,0,1,0,0,1	195	75
1691	5,5,3,4,6,2,8,5,12,6	10,8,9,5,3,8,9,10,9,8	1,7,4,6,5,4,5,3,4,4	10,6,9,10,5,9,9,5,11,9	143	75
1692	2,6,7,17,12,4,15,12,21,8	2,1,2,0,0,0,1,1,1,1	7,18,6,10,8,5,7,9,11,8	0,0,3,0,2,1,1,1,1,0	346	75
1693	5,8,12,20,13,4,16,12,24,10	20,31,27,22,36,38,23,13,20,21	8,19,7,14,9,7,7,12,14,11	15,33,24,33,16,29,17,35,30,24	371	75
1694	11,2,9,10,2,3,10,11,5,7	71,73,71,56,51,64,67,63,59,62	2,4,8,7,4,7,0,8,9,11	63,65,52,53,75,66,55,64,54,69	482	75
1695	592,476,508,267,491,243,381,367,628,442	284,250,342,228,301,209,172,151,289,296	406,539,374,584,346,369,308,296,526,511	252,334,283,273,292,228,228,214,276,258	693	75
1696	2,2,3,2,3,2,1,1,2,6	999,939,809,837,989,1007,849,796,936,971	1,3,2,2,1,1,3,2,0,3	894,1079,805,924,882,850,931,942,862,871	271	75
1697	29,26,26,39,32,18,32,26,27,27	311,310,369,300,289,308,233,240,270,277	21,21,23,33,33,29,23,31,25,33	309,328,243,308,299,290,280,271,274,283	1164	75
1698	102,73,101,109,86,90,82,98,108,85	0,1,0,0,1,0,1,2,1,0	91,106,89,100,83,91,101,103,73,88	0,0,0,0,1,0,2,1,3,0	1172	75
1701	19,11,26,16,9,23,23,19,27,13	27,28,26,27,24,17,22,26,22,24	18,16,11,17,6,15,17,14,20,13	21,38,29,22,21,19,29,32,21,26	880	75
1702	44,60,36,61,32,26,55,45,43,39	137,121,126,109,93,110,99,91,97,70	42,40,54,44,40,38,35,36,39,37	85,139,103,86,84,103,96,101,79,95	2515	75
1703	38,54,28,53,28,22,48,39,38,36	1,2,4,3,4,3,3,3,3,8	33,38,48,40,38,33,27,35,36,36	3,6,4,1,10,3,5,4,3,1	2410	75
1704	58,57,61,47,41,48,53,45,63,41	19,30,30,14,17,23,12,19,19,18	49,52,60,50,70,40,51,61,52,57	17,20,30,27,14,13,34,16,20,31	302	75
1705	22,25,25,15,16,15,32,24,27,19	40,36,35,29,37,20,21,17,25,22	17,34,20,31,22,13,15,22,24,33	31,35,26,34,37,36,34,12,14,26	1452	75
1706	6,3,4,7,11,7,9,6,9,8	34,53,45,31,41,39,39,46,27,31	5,9,2,5,6,4,4,7,0,2	39,44,40,46,37,64,40,49,45,40	457	75
1707	4,6,9,6,7,11,8,3,10,5	117,97,115,106,99,98,85,79,86,115	10,11,9,14,13,6,7,10,8,4	101,104,87,92,92,105,94,93,108,82	837	75
1708	5,3,8,2,4,3,2,2,5,1	0,0,0,0,0,0,0,0,0,0	0,6,7,5,4,5,0,1,4,3	1,0,0,0,0,0,0,0,0,0	181	75
1709	7,12,13,4,10,6,8,11,8,7	18,21,19,12,23,8,17,13,20,12	1,9,4,11,3,6,4,6,6,6	13,16,10,19,25,23,15,6,14,6	1339	75
1710	4,7,6,4,4,6,4,5,3,1	38,33,44,24,29,41,35,24,17,28	3,2,1,8,0,2,2,2,5,4	33,44,29,45,35,25,19,24,37,39	915	75
1711	2,0,1,1,0,0,1,1,0,0	0,2,5,0,0,1,3,0,1,0	1,2,1,0,1,1,1,0,1,1	2,0,0,0,3,0,0,1,1,0	985	75
1712	736,671,681,687,616,650,588,586,603,542	12,9,22,9,6,10,5,8,7,5	640,738,670,668,649,674,642,739,664,673	8,13,12,9,6,9,9,10,5,11	1186	75
1713	3,4,6,4,7,3,7,3,9,4	24,18,20,18,31,23,30,18,32,22	6,5,3,6,2,6,5,1,8,10	21,16,20,15,16,18,19,20,19,20	808	75
1714	0,0,0,0,0,0,0,0,3,0	208,175,206,163,152,170,139,142,162,192	2,0,0,1,0,0,0,0,0,0	175,157,141,179,199,237,205,181,158,172	256	75
1715	21,24,15,11,15,19,20,16,16,13	73,68,76,62,78,88,57,43,89,92	17,24,16,19,16,11,14,12,13,11	62,73,73,66,73,72,90,62,62,55	187	75
1716	33,26,27,33,23,18,27,14,13,16	65,67,60,49,60,51,45,45,49,43	22,30,14,23,27,25,22,16,15,17	62,57,54,58,46,54,50,65,51,60	818	75
1717	0,0,0,0,0,1,2,0,0,0	102,117,104,103,99,115,86,84,102,122	1,0,0,1,0,0,0,0,0,0	91,126,91,109,119,99,95,85,78,100	988	75
1718	5,8,4,8,7,8,8,2,7,10	200,235,220,172,175,174,177,176,174,200	1,9,5,3,2,7,1,1,3,4	196,200,186,157,189,216,215,153,156,175	692	75
1719	20,21,25,15,19,13,11,14,17,11	68,66,67,44,31,75,55,39,50,58	8,20,8,14,15,10,19,20,14,27	46,80,59,46,57,47,57,55,43,51	168	75
1720	42,39,43,36,44,36,43,38,33,43	21,14,32,23,24,17,25,19,22,12	28,51,41,41,39,30,40,48,39,35	13,24,29,21,25,16,19,17,21,19	2054	75
1721	53,44,51,44,51,54,45,48,50,65	0,0,0,0,0,1,0,0,0,0	42,51,54,45,42,52,47,41,38,32	0,0,0,0,0,0,0,0,0,0	274	75
1722	20,18,12,21,24,20,29,15,18,14	7,15,15,12,13,10,10,9,6,12	16,21,11,16,19,17,15,21,19,20	8,7,3,8,5,9,9,13,16,12	742	75
1723	20,17,27,20,22,17,14,11,13,10	39,45,45,40,49,57,49,36,35,54	14,13,25,30,17,17,19,18,11,9	53,60,43,38,37,50,61,50,52,49	186	75
1724	13,5,8,9,5,6,5,6,4,5	59,60,63,49,58,63,59,47,40,56	2,9,3,1,8,7,6,5,3,2	69,72,42,54,51,49,59,42,48,54	187	75
1725	2,1,2,1,0,1,0,0,2,0	25,19,24,15,28,12,14,20,22,24	2,1,1,2,1,0,0,2,0,0	19,28,18,22,33,18,20,26,11,22	174	75
1726	2,2,2,3,0,2,0,0,1,2	10,6,8,12,7,13,4,8,9,11	1,2,5,0,0,3,1,2,0,2	9,14,6,11,10,9,8,11,17,8	176	75
1727	1,3,2,4,4,3,1,3,5,3	15,8,7,8,4,2,4,5,0,8	2,1,1,3,1,0,3,5,5,4	6,11,21,11,7,5,8,11,5,12	195	75
1728	24,9,12,13,10,13,19,23,12,12	6,4,3,5,4,4,3,4,8,3	10,13,15,11,13,19,11,11,8,9	4,8,3,4,3,8,7,3,8,3	1880	75
1729	5,5,8,6,11,9,9,13,6,7	9,14,13,7,9,11,6,13,11,12	5,7,3,8,9,6,4,1,4,3	5,14,8,12,7,11,21,11,9,13	294	75
1732	19,12,7,20,10,10,9,9,6,9	26,20,18,23,19,22,24,15,25,24	8,9,5,14,3,7,8,19,7,14	23,19,12,22,29,16,20,25,26,16	634	75
1735	0,0,2,0,0,0,0,0,1,0	1,0,0,2,2,0,0,3,0,1	0,1,0,1,0,0,2,0,0,1	0,1,2,2,0,5,0,0,2,1	1212	75
1736	25,38,30,37,22,32,46,25,32,24	0,0,1,0,0,1,0,0,0,0	36,40,24,36,20,30,22,21,41,31	0,0,0,0,0,0,0,0,1,0	432	75
1737	46,57,52,44,43,47,74,34,51,44	9,7,5,5,6,8,7,8,6,5	52,57,44,51,48,43,28,31,63,50	5,11,5,8,6,3,2,5,12,5	622	75
1738	5,9,4,2,5,3,6,4,10,4	19,19,15,19,17,22,15,18,11,31	4,6,3,2,4,2,1,2,4,2	13,12,13,25,23,20,19,19,14,23	149	75
1739	115,130,123,116,102,77,101,96,102,122	0,0,0,0,0,0,0,0,0,1	93,118,96,97,119,88,87,114,94,97	0,0,0,0,0,0,1,0,0,0	1463	75
1740	33,37,25,27,35,25,22,28,28,30	85,83,86,47,65,107,72,60,78,78	33,31,17,30,34,31,18,26,27,36	79,87,61,63,57,80,83,65,67,78	1797	75
1746	64,63,92,62,68,59,48,60,63,80	8,4,1,3,2,0,3,1,4,3	74,61,53,67,65,72,70,57,69,47	4,6,1,7,2,3,3,2,0,3	195	75
1748	10,21,31,23,13,7,23,19,18,9	0,0,3,1,1,1,0,0,2,0	15,14,16,14,15,14,17,18,18,21	1,1,2,0,0,0,0,0,1,0	549	75
1749	11,25,36,28,16,11,23,22,23,9	361,327,343,275,302,274,238,201,266,284	17,17,17,15,15,15,17,19,24,23	337,308,316,285,312,298,264,268,268,277	598	75
1750	11,25,34,27,16,11,22,21,23,8	3,3,1,3,5,2,2,1,0,3	17,16,17,14,14,11,16,17,24,21	1,1,0,3,2,1,2,0,4,1	579	75
1751	313,314,325,254,262,223,226,185,233,237	3,0,6,2,1,1,0,1,0,0	294,320,270,282,238,260,293,241,241,294	6,5,1,2,0,3,1,3,4,0	152	75
1752	2,1,0,2,2,5,1,1,3,0	15,16,18,18,13,10,19,16,16,9	0,2,0,3,2,2,0,3,1,1	18,16,22,23,15,22,16,15,15,22	754	75
1753	0,0,0,0,0,0,1,0,1,0	0,1,1,1,0,1,2,1,1,1	0,0,0,0,0,0,0,0,0,0	0,0,2,0,0,0,0,2,0,2	256	75
1756	13,17,24,12,11,11,18,12,11,10	45,35,37,42,35,37,41,29,38,34	13,15,16,13,20,13,6,17,15,5	55,44,43,41,39,42,36,38,37,44	617	75
1757	2,2,5,4,4,3,7,9,10,1	66,79,75,71,60,71,39,60,58,67	12,6,2,6,3,2,0,7,6,4	65,68,79,65,77,56,94,91,77,74	265	75
1758	2,2,4,4,1,4,3,8,1,3	6,9,6,3,4,8,10,4,6,8	6,0,5,1,4,4,13,6,3,5	8,7,4,6,14,5,8,10,3,11	1062	75
1759	8,7,6,9,5,6,10,6,7,6	40,42,47,40,50,38,32,37,48,38	12,11,3,7,11,11,11,10,6,8	49,43,35,44,43,45,57,37,50,43	1599	75
1763	10,7,9,12,8,1,18,6,14,11	12,14,13,15,8,13,7,9,15,15	12,14,6,10,15,10,14,13,10,14	18,2,16,14,23,10,12,6,13,9	159	75
1766	8,11,5,5,6,8,11,4,7,6	1,0,1,1,0,1,0,0,0,1	6,7,3,4,8,8,5,5,10,5	0,0,0,0,1,0,0,0,0,2	187	75
1767	5,10,1,1,3,4,6,1,4,4	35,38,52,43,41,46,39,33,38,42	3,4,2,2,4,5,3,4,7,3	50,28,36,24,36,45,49,30,31,55	176	75
1768	3,3,6,4,2,2,4,0,1,4	49,38,54,28,27,37,42,28,32,30	3,3,7,1,3,4,1,2,6,2	44,36,43,23,30,39,31,33,35,30	173	75
1769	15,12,17,10,18,21,11,7,7,7	0,0,0,0,0,0,0,0,1,0	8,12,9,12,7,6,9,7,9,11	0,0,0,0,0,0,0,0,0,0	167	75
1770	2,1,5,1,2,0,3,2,3,0	2,0,1,0,0,0,0,0,0,0	1,0,0,0,0,1,3,1,0,1	0,0,0,0,0,0,1,0,0,0	620	75
1771	7,8,3,10,4,4,11,3,6,5	49,49,36,46,33,37,49,34,61,46	4,4,4,4,2,5,0,8,10,4	48,42,33,35,52,45,49,48,36,48	1042	75
1772	1,1,3,2,3,3,10,1,9,5	97,82,62,71,51,66,59,67,78,75	4,2,0,2,5,4,6,6,5,7	86,65,69,54,74,71,62,66,68,67	212	75
1773	0,1,2,2,0,0,1,1,0,1	54,44,51,51,40,32,51,40,43,41	2,1,1,1,2,1,1,2,0,1	36,44,48,49,42,41,50,42,28,32	163	75
1774	1,0,4,7,7,5,8,9,9,1	51,40,72,48,54,38,38,32,48,54	3,4,5,7,5,10,5,2,7,7	55,52,48,38,87,62,45,33,46,43	141	75
1775	145,114,135,133,136,124,109,86,115,117	36,44,40,42,40,32,32,19,25,24	102,114,147,121,111,118,132,97,111,117	25,29,41,23,16,39,33,20,38,15	1141	75
1776	129,118,125,121,114,98,91,82,106,100	1,2,0,1,3,0,0,0,2,1	101,115,113,93,123,88,98,83,102,79	3,4,0,2,0,0,0,1,1,3	548	75
1777	51,51,71,49,63,51,55,62,54,43	1,3,9,1,2,1,4,0,3,4	61,52,57,46,50,52,50,62,59,52	1,4,3,2,2,7,3,2,3,3	275	75
1778	53,51,80,53,67,52,59,65,57,45	1,1,1,2,3,5,3,3,2,1	67,54,60,48,50,54,54,65,60,53	2,1,1,0,1,2,1,0,1,1	287	75
1779	59,53,82,56,68,57,62,67,62,45	1,2,3,0,1,2,2,0,1,1	67,60,61,51,52,58,56,70,62,57	2,2,4,3,1,1,1,3,5,1	304	75
1780	59,53,82,56,68,57,63,67,62,45	33,31,23,31,26,31,16,27,23,32	67,60,61,51,52,58,58,70,62,57	20,23,21,25,38,29,28,32,25,19	313	75
1781	42,57,28,41,39,22,56,36,32,41	43,48,34,37,45,49,47,37,33,34	35,49,37,38,29,28,29,27,50,37	42,43,42,36,50,36,52,32,38,47	1361	75
1782	0,3,0,7,2,1,1,4,2,0	37,49,48,38,32,53,40,34,38,41	0,2,1,0,1,2,0,1,3,1	44,44,28,40,35,36,46,35,36,47	142	75
1783	3,2,3,4,4,1,2,1,2,6	21,25,35,27,34,43,38,28,24,35	3,4,5,4,0,3,1,0,4,3	39,40,31,41,39,28,20,40,32,44	207	75
1784	0,9,4,5,1,3,9,9,1,3	5,1,2,0,1,2,3,1,2,2	2,3,3,3,4,0,2,2,10,2	2,0,2,3,0,1,0,0,1,3	1116	75
1786	4384,4329,4388,3932,3749,4073,3759,3406,3667,3696	5,5,9,14,8,2,4,4,9,13	3739,4446,4025,4117,3913,4145,4123,4285,4233,4333	6,9,9,2,6,14,11,1,3,2	3633	75
1788	19,16,19,22,15,8,23,21,23,17	33,33,27,23,12,17,33,20,22,25	14,19,11,28,18,18,16,17,23,35	23,30,16,19,24,20,23,17,23,21	811	75
1789	66,55,63,93,54,50,111,71,77,47	58,73,56,64,61,44,34,58,53,59	47,81,68,78,48,53,44,71,68,75	45,60,56,60,47,52,43,47,63,34	487	75
1790	1,0,0,0,0,1,0,0,0,0	0,1,0,0,0,0,0,0,0,0	0,1,0,1,0,1,0,0,0,1	0,0,0,0,0,0,0,0,1,0	282	75
1791	1,0,0,0,0,1,3,1,0,0	8,1,4,5,9,5,3,2,2,0	0,1,0,1,0,1,0,0,0,1	1,3,3,6,1,2,1,3,4,2	308	75
1792	7,8,9,9,10,11,10,12,9,14	1,0,1,1,2,0,0,0,1,3	4,10,10,6,2,10,3,5,6,10	0,3,1,0,1,1,0,0,0,0	663	75
1793	3,5,5,4,5,4,4,8,5,8	10,11,11,14,11,7,9,11,8,8	2,4,7,4,0,4,0,3,2,4	8,15,6,4,6,8,11,5,7,5	576	75
1794	0,1,0,2,3,1,2,3,2,4	61,43,37,36,48,35,34,43,44,42	2,4,1,2,5,0,0,1,2,0	30,22,49,31,41,35,44,50,47,36	1898	75
1795	80,75,50,48,71,61,55,48,45,60	116,135,95,98,111,114,110,90,97,90	73,64,50,59,73,71,62,56,65,65	92,102,94,113,110,92,97,91,114,114	1920	75
1796	3,3,1,0,1,0,1,3,0,3	0,0,0,0,0,0,0,0,0,0	1,0,1,4,0,1,0,3,2,0	0,0,0,0,0,0,2,0,0,0	621	75
1797	24,19,18,21,20,14,35,32,27,10	30,21,25,19,31,23,19,22,27,21	26,17,21,30,30,14,21,24,23,31	31,29,29,22,35,24,28,22,27,30	314	75
1798	0,0,0,1,0,0,1,0,1,0	69,49,42,56,54,37,59,46,43,30	0,0,0,0,0,0,0,0,0,0	63,66,38,38,38,36,61,37,42,50	227	75
1799	3,3,2,3,1,4,5,3,7,4	84,89,67,63,61,85,62,70,76,61	1,4,10,5,2,5,1,4,8,2	68,77,72,64,75,79,78,62,70,72	183	75
1800	7,5,1,0,4,6,2,1,6,3	102,83,87,77,67,90,68,63,73,59	3,1,5,4,2,4,8,12,4,6	98,97,72,87,76,82,85,89,76,74	152	75
1801	11,12,10,22,13,9,8,22,16,20	8,2,0,0,5,4,0,0,0,0	7,22,13,4,9,26,17,10,9,11	2,0,0,5,5,0,1,5,7,6	108	75
1802	1,0,1,4,0,3,0,1,1,0	697,682,736,631,608,700,621,629,680,731	4,0,1,1,1,0,0,0,2,1	654,790,686,690,777,734,739,646,676,669	167	75
1803	9,10,11,10,9,2,7,10,6,1	1193,1126,1304,1153,1039,1206,1065,1017,1207,1283	4,12,11,8,6,6,7,8,4,4	1090,1312,1075,1110,1225,1185,1222,1169,1090,1097	281	75
1804	9,6,7,7,9,9,8,11,11,2	5,7,4,11,6,10,4,0,5,7	2,15,7,6,5,5,4,8,8,4	7,13,3,6,9,8,6,14,5,1	331	75
1806	1,0,3,0,0,0,1,1,3,1	8,12,6,3,6,9,3,9,2,2	0,1,0,1,0,1,0,1,0,2	4,7,4,7,8,5,1,8,5,8	76	75
1807	53,48,54,50,56,39,46,54,59,33	28,30,33,21,9,23,22,13,16,17	34,63,43,48,35,38,32,64,41,54	26,23,32,22,24,18,28,23,24,17	6658	75
1808	1,4,0,1,4,1,3,3,5,1	20,24,21,27,17,18,6,16,22,12	0,9,4,2,1,5,2,6,7,3	21,26,19,17,20,10,18,28,12,6	502	75
1809	1,3,1,1,2,0,0,0,0,0	9,21,14,15,18,19,15,10,11,6	0,0,2,1,3,2,0,5,2,0	21,18,11,13,21,15,22,19,14,8	719	75
1810	1,3,3,1,0,1,1,2,2,2	1,0,1,1,0,1,0,0,0,2	1,0,3,0,3,1,2,1,2,1	1,0,0,0,0,0,0,0,0,0	463	75
1811	2,2,1,3,1,3,1,4,1,1	16,11,11,14,11,7,12,10,7,9	0,1,0,1,2,0,0,1,0,0	7,19,12,15,11,16,7,8,9,5	151	75
1812	0,1,1,3,0,0,0,4,1,2	27,18,17,23,17,16,28,24,33,19	0,0,1,2,3,2,3,0,1,1	17,27,16,21,26,35,26,23,25,26	149	75
1813	5,3,6,8,9,4,3,10,11,0	20,22,18,22,22,19,15,21,33,23	1,8,4,11,2,11,8,10,6,6	16,31,26,21,24,26,26,20,26,26	164	75
1814	2,4,1,0,1,0,1,1,3,1	86,78,87,93,107,85,90,72,94,63	1,5,1,1,2,0,1,1,0,0	71,103,103,99,83,84,99,87,90,66	157	75
1815	36,49,45,35,49,24,67,43,43,31	94,62,104,73,88,92,77,71,84,65	31,46,25,32,38,30,28,37,43,45	77,94,62,93,91,85,93,57,66,61	907	75
1816	224,272,238,249,241,274,187,199,193,238	10,17,10,14,6,8,14,13,7,11	235,264,234,246,212,265,228,232,244,215	13,4,17,3,4,4,11,11,4,8	183	75
1817	62,88,81,82,73,79,91,60,67,64	117,135,138,121,114,140,96,111,125,132	72,89,64,80,94,55,53,87,112,68	133,121,124,112,127,146,128,136,122,94	4765	75
1818	87,108,78,89,74,69,63,83,84,86	0,0,0,0,0,0,0,0,1,0	75,82,84,78,73,88,89,105,88,81	2,0,0,1,0,0,0,3,0,0	289	75
1819	12,4,3,5,4,3,8,7,7,3	56,49,34,26,42,52,26,33,27,41	2,3,8,8,6,8,9,5,14,13	40,30,25,29,29,41,36,30,46,38	161	75
1820	1,0,2,1,3,1,2,1,2,0	0,0,1,0,0,0,0,0,0,0	4,1,4,1,1,3,5,0,0,5	0,0,0,0,0,1,0,0,0,0	152	75
1821	33,34,28,12,22,18,26,19,18,20	2,3,3,0,2,3,2,2,2,0	19,26,14,29,19,26,16,28,24,31	0,1,0,2,0,3,0,1,1,0	1012	75
1822	33,37,28,12,24,18,26,19,18,20	37,26,32,29,30,44,24,25,31,29	19,26,14,31,19,26,16,28,26,32	36,40,31,44,38,27,30,43,40,21	1016	75
1823	40,37,28,15,24,20,28,20,19,21	36,35,43,24,20,32,28,37,33,29	21,27,14,32,21,26,16,28,29,34	33,42,45,31,33,33,25,37,43,30	1019	75
1824	52,31,27,33,20,39,34,27,31,22	34,36,37,46,46,43,37,20,36,48	29,25,27,30,27,13,14,37,32,41	43,46,32,44,41,33,24,28,31,31	508	75
1825	55,42,70,61,53,45,94,46,71,46	7,6,12,9,5,2,8,7,2,8	50,53,52,56,45,44,65,57,38,53	8,7,3,4,6,7,3,5,8,8	3303	75
1826	73,64,102,82,73,55,113,77,92,60	5,2,7,4,5,4,6,6,3,7	60,80,68,64,69,65,87,67,63,71	4,8,3,6,6,4,3,4,2,2	3381	75
1827	19,17,17,10,8,19,19,16,11,11	38,49,46,43,39,45,32,39,41,42	16,21,13,15,11,11,12,13,13,16	47,56,37,39,47,40,42,45,48,59	159	75
1828	4,1,1,3,4,3,2,1,3,4	36,41,40,20,28,32,26,29,31,22	5,1,1,2,1,2,2,3,2,5	37,42,43,27,27,30,36,37,35,14	156	75
1829	50,40,84,54,54,70,45,46,45,32	0,0,0,0,0,0,0,0,0,0	54,47,38,43,57,54,47,38,51,58	0,0,0,1,0,0,0,1,0,0	437	75
1830	43,31,62,45,36,57,42,40,35,17	0,0,0,0,0,0,0,0,0,0	50,43,27,36,46,51,38,34,38,43	0,0,0,0,1,0,0,0,0,0	291	75
1831	50,40,85,55,54,72,45,46,45,32	0,0,0,2,1,0,3,0,0,2	54,49,38,43,57,54,50,38,52,58	0,1,0,2,0,0,1,0,0,0	444	75
1832	58,48,95,62,63,79,49,55,53,40	0,0,0,0,0,0,0,0,0,0	66,61,49,57,65,62,57,43,60,72	0,0,0,0,0,0,0,0,0,1	503	75
1833	51,35,71,56,48,66,46,47,44,29	3,1,0,0,2,0,2,1,0,2	62,54,36,49,53,60,46,39,43,60	0,0,0,0,0,1,1,2,0,1	487	75
1834	51,39,73,53,45,66,46,49,43,25	19,29,18,16,23,32,22,12,25,16	62,57,38,50,54,59,48,39,47,57	23,30,30,21,15,17,20,17,18,9	357	75
1835	4,3,5,10,11,7,10,5,11,5	80,73,102,77,69,101,81,65,78,49	6,5,5,15,6,10,1,6,3,8	99,100,71,91,66,98,88,63,95,81	1072	75
1836	56,42,38,38,53,45,39,36,42,32	1,2,0,0,0,1,0,0,0,0	50,33,52,42,35,44,47,46,51,53	0,2,0,3,0,0,0,2,0,0	456	75
1837	6,9,8,8,9,9,7,5,6,7	11,11,17,17,14,12,10,12,12,16	6,9,4,14,6,2,4,4,6,14	11,17,16,15,15,14,10,11,8,13	1559	75
1838	18,34,26,21,19,26,32,23,24,14	118,130,127,127,105,107,103,123,121,119	24,22,20,25,19,23,14,20,17,30	105,128,128,134,113,120,122,126,136,125	4118	75
1840	994,888,957,939,936,1128,838,823,731,817	71,77,69,60,61,83,65,53,59,63	1032,1156,871,868,838,852,902,853,979,838	60,50,75,63,70,68,84,73,75,48	1358	75
1841	255,222,260,219,241,266,213,234,208,242	0,0,2,0,0,1,0,5,0,0	252,308,239,234,235,263,261,248,237,213	0,1,0,2,2,0,1,1,1,1	361	75
1842	2,8,4,5,3,3,3,2,5,5	117,96,111,86,113,128,107,102,86,128	6,3,4,6,5,7,1,5,5,6	105,139,122,110,110,144,88,100,124,94	313	75
1843	7,2,6,1,4,2,6,11,7,1	62,66,65,69,58,67,47,61,52,78	5,13,4,7,2,4,2,3,2,3	68,102,86,61,78,79,72,76,71,53	991	75
1845	20,10,9,19,11,9,16,21,19,8	61,66,65,56,61,65,54,68,68,65	16,20,11,10,10,19,17,8,9,25	58,59,64,37,62,51,80,61,80,52	400	75
1846	0,1,0,0,1,0,2,0,0,0	60,58,65,52,59,64,58,50,69,67	0,0,1,0,0,1,1,0,0,0	74,70,56,70,56,58,59,66,72,52	147	75
1847	0,0,0,0,0,0,0,0,0,0	12,7,14,14,9,11,12,14,19,10	0,1,0,0,0,0,0,0,1,0	4,12,8,4,12,12,8,5,2,5	435	75
1848	119,116,110,78,128,88,109,105,107,89	199,164,179,163,169,155,145,131,149,138	104,120,109,119,91,108,142,118,104,132	153,146,145,147,146,170,168,135,164,184	389	75
1849	3,3,5,2,5,1,1,1,1,3	95,66,87,56,73,82,66,63,68,69	2,3,4,6,2,1,1,4,1,2	80,71,77,70,96,77,81,73,78,63	315	75
1850	0,0,1,0,0,0,1,0,0,0	60,63,57,61,70,47,46,50,48,58	0,0,1,0,1,1,0,0,0,0	47,60,59,60,60,54,62,74,45,60	196	75
1851	5,21,8,9,8,5,3,5,8,8	131,132,156,120,124,128,108,88,127,139	5,3,3,8,9,8,5,4,3,4	120,134,115,113,136,122,118,115,124,134	1587	75
1852	693,643,661,571,654,637,572,505,509,648	0,0,1,0,0,0,0,0,1,0	629,620,615,515,568,610,609,549,541,546	1,0,1,0,1,0,0,2,1,1	776	75
1853	0,1,0,0,0,0,0,0,0,0	2,2,0,0,0,0,0,0,0,0	0,0,0,0,0,0,0,0,0,0	0,0,1,0,0,0,0,0,3,0	618	75
1854	47,51,43,58,34,44,59,50,46,24	114,113,118,87,101,111,91,76,80,115	34,69,44,55,49,54,34,40,58,56	79,113,102,93,95,96,93,76,78,82	1249	75
1855	0,0,0,0,0,0,1,0,0,0	30,51,45,48,32,37,18,30,31,39	0,0,0,2,0,0,0,0,0,0	39,29,20,35,38,37,31,41,37,31	157	75
1856	0,0,0,3,0,0,0,0,0,1	1,0,0,0,1,1,0,0,1,0	0,2,0,0,0,2,1,0,0,0	0,1,0,0,0,3,0,0,0,0	599	75
1857	0,0,0,0,0,0,0,0,0,0	1,4,1,2,1,1,2,4,3,4	0,1,0,0,0,0,0,0,0,0	1,3,0,1,1,4,0,1,1,1	190	75
1858	0,0,2,0,0,0,0,1,1,1	16,8,13,4,10,9,10,1,6,7	0,2,0,1,2,1,0,1,0,0	9,10,11,6,14,9,4,3,3,3	265	75
1859	0,1,0,0,1,0,0,0,0,0	0,6,2,1,4,5,2,0,2,3	0,0,0,0,0,0,0,0,0,0	1,13,3,1,2,3,7,8,3,1	147	75
1862	5,7,5,4,4,7,10,8,9,3	11,5,6,13,16,13,5,12,10,6	8,6,4,6,6,5,6,6,8,6	11,10,5,8,7,13,20,18,17,9	228	75
1863	0,0,4,5,0,3,1,4,1,1	458,425,441,414,378,409,372,333,397,351	3,2,2,1,3,2,2,4,2,2	389,455,425,404,372,402,397,407,410,392	674	75
1864	4,7,3,5,8,4,9,4,11,7	76,64,65,44,50,76,61,68,71,43	6,5,7,8,3,4,4,12,9,2	69,65,53,57,52,53,66,69,75,65	258	75
1865	19,27,18,19,18,17,19,33,13,11	132,142,112,125,104,128,91,117,109,113	19,25,12,16,13,8,21,15,11,17	103,134,126,137,126,126,140,114,128,113	299	75
1866	20,22,26,20,16,11,22,12,17,7	79,62,54,54,55,53,52,42,51,61	21,28,23,6,10,10,8,14,16,32	50,75,55,65,62,66,68,55,57,56	146	75
1867	33,24,29,26,20,19,30,31,23,27	67,102,86,69,76,83,67,52,57,89	30,37,34,21,28,26,29,33,32,36	67,90,78,71,97,82,83,71,79,88	160	75
1868	4,3,9,6,1,2,5,6,2,12	82,83,69,68,62,75,63,44,78,70	3,5,5,4,3,7,7,4,4,4	75,76,82,89,73,77,65,63,66,88	153	75
1869	1,3,3,3,3,2,2,3,6,1	29,27,42,24,29,29,31,18,34,37	3,1,0,0,1,4,7,5,1,3	28,37,50,37,39,29,35,31,53,31	306	75
1870	1,0,1,1,1,0,2,0,2,0	16,15,16,9,10,15,14,11,22,14	0,2,1,0,3,0,0,1,2,1	14,15,23,11,17,13,18,14,7,12	193	75
1871	6,6,3,9,5,5,7,6,7,3	10,13,15,18,11,5,8,10,14,7	7,12,8,5,6,4,6,5,11,6	13,8,11,6,14,13,8,9,8,15	2274	75
1872	7,7,3,5,3,4,4,3,2,5	2,3,2,3,2,3,3,3,2,0	3,4,2,6,9,5,6,3,5,4	3,4,0,1,7,0,0,0,0,3	2691	75
1873	2,8,10,4,4,5,5,17,12,3	185,145,189,130,175,137,130,118,134,145	3,7,2,8,2,6,5,4,5,7	153,126,116,123,166,167,162,116,129,115	383	75
1874	25,27,19,31,17,16,17,14,16,21	167,164,182,134,109,153,138,113,134,154	21,12,14,21,15,16,11,27,36,15	144,122,132,130,128,156,163,116,127,122	1676	75
1875	20,42,26,51,38,22,58,42,29,27	0,0,1,0,0,0,0,0,0,0	35,41,17,43,37,25,20,40,37,26	0,0,0,0,0,0,0,0,0,0	2681	75
1876	47,37,40,43,32,40,35,37,24,29	19,24,21,19,26,16,21,26,24,31	31,32,34,25,29,32,44,49,39,51	18,24,18,13,29,23,25,20,27,31	324	75
1877	1,1,0,1,2,1,4,3,2,2	11,14,13,8,4,16,10,8,5,14	0,2,0,1,1,2,1,1,1,0	6,20,13,11,10,10,14,9,8,6	144	75
1878	47,40,38,53,45,50,34,38,29,37	1,1,1,0,0,0,4,1,1,2	31,47,47,23,36,39,29,42,33,51	1,0,0,0,0,0,1,1,0,1	277	75
1879	24,23,18,24,29,16,21,19,6,19	1,2,0,0,0,2,0,0,0,1	14,28,22,8,19,18,17,22,16,24	0,1,0,2,0,0,0,2,1,0	180	75
1880	7,11,4,1,9,6,2,3,2,5	5,0,5,0,2,0,0,1,1,3	2,3,1,0,0,1,1,6,2,1	3,1,1,2,0,2,2,1,0,0	669	75
1882	2,1,0,2,0,0,1,0,2,0	3,3,1,3,6,2,1,1,6,4	0,0,0,0,0,1,1,1,0,0	2,2,4,6,2,0,5,3,3,4	150	75
1883	2,0,0,0,0,0,0,2,1,0	0,0,0,0,0,0,0,0,1,0	0,1,1,1,1,0,0,0,0,0	0,0,0,0,0,0,0,0,0,0	458	75
1884	2,0,0,0,0,0,0,2,1,0	0,0,0,0,0,0,0,0,0,1	0,1,1,1,1,0,0,0,0,0	1,0,0,0,0,0,0,0,0,0	455	75
1886	21,29,26,34,21,26,23,27,32,17	14,13,8,14,13,8,6,12,9,11	21,45,24,18,33,33,12,31,32,16	17,5,8,7,9,16,13,7,11,9	347	75
1887	2,2,5,2,5,0,3,3,2,2	74,61,70,71,37,87,69,46,61,50	0,7,2,3,1,1,1,3,4,4	66,67,64,56,39,84,63,63,54,50	327	75
1888	0,1,4,2,2,0,1,1,2,1	0,1,2,0,1,1,0,0,1,0	0,3,0,2,1,0,1,1,3,2	1,1,1,2,0,0,0,1,0,0	211	75
1889	4,4,3,7,4,2,5,4,1,3	35,49,32,35,33,36,36,25,44,36	2,2,2,3,6,7,0,1,2,4	39,57,39,37,42,50,36,39,42,32	1360	75
1890	26,24,22,19,14,20,13,11,20,18	5,1,1,1,3,0,1,0,0,1	20,27,16,21,19,17,12,27,21,20	5,1,1,1,0,2,0,0,1,0	201	75
1891	545,502,514,630,555,438,680,505,499,474	123,101,116,91,128,104,86,103,127,121	596,670,424,592,442,448,384,404,719,495	112,116,119,112,95,111,130,170,136,140	2355	75
1893	88,79,86,86,75,62,92,77,101,80	82,68,76,78,68,75,67,67,65,65	71,109,64,95,61,53,43,62,72,69	83,86,63,63,74,82,88,80,82,81	1354	75
1894	0,3,1,1,2,2,3,0,4,2	76,69,111,66,93,78,85,79,72,90	1,0,2,3,2,1,2,1,6,4	84,92,98,79,93,80,88,98,93,87	171	75
1895	2,2,8,1,1,3,5,5,8,1	70,66,91,87,71,71,46,48,59,59	1,5,4,1,7,6,7,7,5,5	72,71,54,65,70,78,69,53,55,68	155	75
1898	0,2,0,3,1,0,2,0,1,2	37,39,36,30,27,31,28,35,40,26	1,0,4,2,2,1,1,0,3,0	24,43,37,37,32,39,34,31,39,27	491	75
1899	1,0,0,0,4,0,2,0,1,0	1852,1810,1951,1593,1650,1624,1410,1489,1570,1491	2,1,0,1,1,2,2,1,1,0	1520,2023,1596,1816,1562,1838,1874,1851,1672,1828	365	75
1900	1,0,3,3,4,1,0,5,5,4	3181,3285,3424,2888,2785,2946,2655,2787,3099,2622	3,5,3,4,4,1,8,2,2,3	2693,3270,2992,3352,2891,3105,3406,3158,3128,3224	190	75
1901	105,87,111,79,97,83,82,88,102,90	8,11,2,5,5,5,8,9,7,8	84,74,107,110,93,95,115,139,103,104	9,1,5,6,7,5,7,5,3,13	247	75
1903	610,685,724,746,720,728,568,475,554,662	0,0,2,0,0,2,0,0,1,3	633,785,752,771,661,569,539,649,595,579	2,1,1,2,2,1,1,0,0,0	105	75
1904	3,2,2,4,1,2,4,2,9,4	1208,1147,1224,1153,1195,1339,999,1002,947,1083	0,1,1,3,4,1,2,1,4,1	1297,1109,1215,1053,1102,1086,1015,1066,1187,784	161	75
1906	79,73,102,101,99,122,85,82,95,90	9,13,9,1,11,4,3,6,3,4	88,88,78,91,71,101,93,116,106,108	9,5,10,4,5,1,4,8,4,2	704	75
1907	0,0,0,0,0,0,0,0,0,0	249,255,227,213,180,223,204,218,223,193	0,1,0,0,0,0,0,0,0,0	205,268,231,209,215,230,264,206,231,209	232	75
1909	129,99,119,131,99,110,110,146,161,91	0,0,0,0,3,0,0,0,0,2	91,123,128,172,96,105,109,171,166,176	0,1,1,0,0,1,0,0,2,1	4972	75
1912	1,1,0,1,0,0,1,0,1,0	9,7,7,5,7,0,1,6,6,3	1,0,1,0,0,0,0,0,1,1	4,5,8,1,4,10,4,2,3,2	301	75
1915	4,1,0,2,2,1,4,1,3,3	1,1,3,0,0,0,1,0,0,0	4,2,7,2,3,1,1,1,2,4	0,0,0,0,0,1,0,2,0,0	240	75
1916	0,0,0,0,0,0,1,1,0,0	2,1,0,1,1,0,2,0,0,0	2,0,1,1,1,0,0,0,0,0	3,1,1,1,0,1,1,0,0,1	144	75
1917	0,1,1,0,0,0,0,1,0,1	1,0,1,0,0,1,1,2,1,1	0,0,0,0,0,0,0,0,0,2	0,0,1,3,2,1,0,0,0,0	147	75
1919	10,4,9,5,10,3,9,5,4,7	7,2,4,6,9,0,0,1,1,7	9,15,4,6,7,1,5,5,9,2	3,10,3,1,2,3,3,3,1,1	293	75
1922	0,0,0,0,0,0,0,0,0,0	0,1,0,0,0,0,0,0,0,0	0,1,0,0,0,0,0,0,0,1	0,1,0,0,0,0,0,0,2,1	198	75
1923	1,6,3,4,3,1,6,1,2,0	0,4,1,1,0,1,3,1,0,0	1,0,0,3,2,3,3,2,0,0	2,1,6,5,0,0,0,2,1,1	568	75
1924	0,2,1,0,0,0,0,0,1,0	0,3,2,4,1,3,1,0,0,0	0,0,0,0,1,0,0,0,0,1	5,0,0,7,1,0,3,0,2,1	339	75
1926	3,5,8,2,4,7,7,3,1,4	0,1,0,1,1,0,0,0,1,0	2,1,6,3,4,2,6,6,12,7	0,0,2,0,0,0,1,2,0,1	366	75
1927	14,11,10,4,11,9,0,8,4,8	0,1,0,0,0,1,0,0,0,1	0,17,9,3,9,18,3,4,3,4	0,0,0,0,0,1,0,0,1,0	476	75
1928	3,1,2,1,0,2,1,3,1,1	91,86,89,69,79,73,49,67,74,70	4,2,1,1,2,2,1,1,3,1	84,85,85,63,77,82,81,63,80,81	76	75
1929	40,47,26,32,28,29,42,28,32,46	0,0,0,0,0,0,0,0,0,0	19,43,37,26,34,32,29,26,36,28	0,0,0,0,2,0,0,0,0,0	326	75
1930	8,15,4,11,4,6,16,9,14,8	23,22,27,36,31,29,15,21,16,32	2,8,8,6,8,5,7,8,12,7	37,20,21,20,28,16,29,25,31,19	150	75
1931	49,53,42,58,56,47,86,82,65,45	49,43,65,45,34,40,37,38,34,40	45,53,50,54,39,44,51,80,81,65	42,46,40,37,56,43,33,37,38,27	1654	75
1932	10,9,4,7,6,6,10,9,12,1	30,37,46,37,38,34,41,33,27,38	7,6,3,13,8,2,5,8,16,13	45,26,27,29,42,31,55,30,29,33	627	75
1934	0,1,4,1,0,0,1,0,0,1	44,38,48,42,38,55,42,43,32,55	0,0,0,1,0,0,0,1,0,2	53,32,37,36,36,58,37,39,34,55	446	75
1935	62,51,46,58,63,57,61,49,58,54	21,22,25,19,17,14,10,13,20,16	61,64,38,51,43,63,65,36,46,31	17,26,11,18,21,28,21,19,19,18	174	75
1936	14,16,14,15,12,4,14,12,13,17	40,48,27,40,38,35,31,42,33,43	4,21,9,17,24,15,5,20,15,12	39,35,26,33,36,40,34,30,44,45	799	75
1937	0,1,1,0,0,2,4,0,0,1	59,52,68,44,53,52,48,51,52,72	0,3,0,0,1,1,0,0,0,1	54,62,64,43,68,52,47,55,46,43	226	75
1939	18,26,22,17,18,17,31,28,19,16	21,22,21,22,19,22,24,14,21,27	24,10,12,26,19,23,24,26,23,15	29,17,31,20,15,17,19,32,17,19	1457	75
1940	18,26,21,16,18,17,31,28,19,16	0,0,0,0,0,0,0,0,0,1	24,10,11,26,19,22,24,26,23,15	0,0,0,0,1,0,0,1,0,0	1437	75
1941	0,2,1,0,1,1,1,1,3,1	20,20,20,21,17,14,19,12,16,25	0,0,1,1,1,0,3,3,3,0	18,17,18,27,38,23,16,24,24,34	159	75
1942	1,1,0,2,0,1,2,4,0,4	19,30,28,16,21,20,19,16,19,25	0,1,2,3,0,0,2,4,0,3	11,21,14,23,16,14,23,14,27,10	157	75
1944	58,56,40,50,41,48,31,40,38,57	10,8,19,6,6,7,4,9,8,5	52,63,36,34,48,40,44,66,45,43	5,2,9,5,8,4,14,8,13,7	403	75
1945	24,21,15,22,17,14,11,17,21,27	0,2,1,0,2,0,0,0,0,0	22,25,18,13,17,15,18,31,20,22	0,1,0,0,0,0,0,0,0,1	361	75
1946	19,15,11,21,17,12,8,14,16,19	60,61,48,44,53,42,35,37,49,54	21,21,17,11,14,11,14,27,16,22	53,53,40,39,43,56,48,36,34,46	339	75
1952	5,6,4,5,10,3,5,5,4,3	47,41,32,25,33,41,32,45,31,28	9,7,8,3,6,4,6,5,5,8	37,47,51,28,39,34,40,33,33,24	277	75
1954	0,1,5,1,6,1,1,1,3,1	0,1,0,0,1,2,0,1,0,0	2,1,1,1,3,1,3,2,1,0	0,0,1,0,0,0,1,0,0,0	201	75
1955	4,10,2,2,4,2,5,3,5,2	498,390,470,377,381,399,319,297,324,399	3,4,5,5,4,6,3,6,12,3	442,534,529,425,351,376,351,368,408,383	466	75
1956	1,1,5,2,5,2,1,3,4,5	467,445,476,421,432,425,323,361,386,392	3,1,2,4,4,0,2,2,0,1	467,500,566,469,428,438,396,404,395,396	179	75
1957	26,33,39,34,28,30,25,27,17,46	2,7,3,3,4,3,2,4,1,5	37,39,17,24,28,31,31,23,19,27	1,4,5,2,9,8,3,4,6,4	459	75
1958	3,1,4,5,6,3,3,1,4,10	41,36,38,45,34,36,23,30,23,38	10,5,2,3,8,5,5,2,5,10	30,26,41,38,51,45,41,36,28,38	408	75
1959	3,3,0,0,5,2,2,2,4,2	1,0,0,0,2,0,1,0,0,0	1,6,2,1,1,0,1,2,5,2	1,0,0,0,0,1,1,0,1,2	189	75
1960	5,3,5,2,4,3,5,4,10,0	36,61,62,48,51,29,54,40,48,59	1,1,2,1,2,2,5,2,0,5	57,55,54,54,58,59,52,68,39,61	216	75
1961	0,0,0,0,0,0,0,0,0,0	4,9,5,3,6,7,2,3,2,3	0,0,0,0,0,0,0,0,0,1	3,2,2,3,6,3,3,8,6,4	613	75
1962	3,0,4,0,0,1,5,0,2,1	1,0,0,1,1,0,0,1,1,2	1,2,0,2,3,3,1,1,1,0	0,1,0,0,1,1,1,0,0,0	233	75
1963	9,5,6,1,5,1,3,1,3,2	13,13,11,6,6,13,8,5,7,6	1,3,1,3,5,5,3,2,6,2	5,2,4,7,5,5,5,8,6,5	379	75
1964	7,4,5,7,2,2,1,7,3,1	4,10,1,8,6,14,7,5,4,6	8,11,4,2,3,3,3,6,8,5	4,11,8,7,0,5,12,4,8,9	316	75
1965	101,95,97,106,81,82,83,80,105,89	0,0,2,0,0,0,0,1,0,0	80,91,101,106,84,80,123,108,81,84	0,0,0,0,0,0,0,0,0,0	1305	75
1966	9,10,5,16,12,2,8,12,11,8	281,283,262,203,235,241,188,247,225,229	4,17,14,9,6,7,12,10,7,9	218,262,258,266,248,257,244,234,213,236	538	75
1967	25,17,24,17,29,30,24,26,13,10	211,230,199,205,201,210,168,171,210,210	11,19,10,30,25,24,24,22,27,14	158,227,230,213,199,237,224,185,221,189	1142	75
1968	1,1,2,2,0,0,0,1,1,0	2,6,4,7,4,4,2,1,6,1	0,0,1,0,0,1,1,1,0,2	1,2,1,5,2,2,6,3,0,1	155	75
1969	26,17,14,20,27,21,15,16,26,21	5,13,5,11,4,8,5,9,10,10	23,36,24,7,21,20,21,31,23,21	0,15,6,8,5,11,11,3,7,3	1444	75
1971	0,3,3,3,1,2,6,2,2,0	8,8,10,9,18,3,12,13,8,10	1,0,0,2,1,0,1,1,0,1	6,13,16,6,15,9,11,5,9,4	1065	75
1972	19,24,35,23,37,18,34,34,26,18	35,33,26,41,35,16,28,31,31,33	28,23,28,37,32,19,38,30,36,40	32,34,27,30,34,36,48,23,30,23	1337	75
1973	2,2,0,0,1,3,0,1,2,1	118,103,129,133,84,101,111,74,95,120	2,1,4,0,2,1,1,2,2,1	94,91,97,98,97,100,107,93,106,119	147	75
1974	29,32,35,28,20,15,26,33,33,23	29,24,20,24,27,31,23,31,31,21	24,28,22,27,24,22,20,22,37,24	29,35,12,17,21,22,24,24,22,33	1188	75
1975	25,29,24,21,17,15,29,16,28,33	18,25,28,16,17,11,14,11,23,21	15,32,21,36,39,20,16,27,26,21	23,17,11,17,14,22,15,7,17,9	217	75
1976	5,0,0,0,0,0,2,1,3,0	15,14,23,11,18,27,15,15,29,13	3,1,1,0,4,0,0,2,2,0	17,22,17,20,13,30,15,13,20,23	148	75
1977	7,13,3,15,14,5,10,6,20,8	14,24,22,7,19,19,18,14,27,12	10,17,16,10,6,9,7,15,12,23	17,25,15,22,23,16,20,28,20,23	173	75
1978	1495,1373,1461,1345,1179,1351,1248,1216,1266,1308	3,3,6,0,6,2,6,3,0,2	1292,1361,1286,1257,1374,1339,1416,1292,1266,1289	6,1,3,3,4,1,4,2,2,2	1906	75
1979	5,2,5,0,4,2,6,2,3,1	9,8,6,9,8,7,7,10,7,10	2,5,2,4,0,3,3,2,3,0	5,13,3,14,7,8,6,5,15,5	1115	75
1980	6,7,10,16,3,10,9,5,4,7	608,569,597,527,547,653,433,453,482,430	12,5,8,5,6,4,9,10,6,8	553,558,451,433,442,548,550,457,510,530	672	75
1981	1,1,0,0,2,1,0,0,0,0	72,59,63,46,76,64,48,47,50,60	0,1,1,1,0,0,1,1,1,1	62,62,53,46,48,50,57,38,59,50	363	75
1982	12,7,9,11,9,7,5,6,10,8	71,64,74,51,59,52,51,48,58,54	13,8,9,12,6,9,10,10,10,11	56,67,74,57,62,58,72,73,58,55	665	75
1984	0,1,5,1,1,7,3,5,1,3	209,209,196,167,229,226,214,147,183,126	3,3,0,1,1,1,2,2,1,1	198,319,130,173,121,162,162,170,123,156	344	75
1987	0,0,1,2,1,1,3,4,3,4	4,4,2,2,4,2,5,0,3,5	3,1,1,2,4,0,4,3,1,1	1,2,2,2,3,1,2,3,2,1	172	75
1990	4,6,3,4,7,6,7,9,5,5	32,41,36,30,41,30,32,32,32,34	7,5,2,5,5,3,7,4,4,5	37,40,31,29,30,37,33,28,31,34	411	75
1991	1,1,1,1,7,1,2,4,1,1	46,45,48,40,61,52,37,45,50,52	4,3,2,4,0,1,6,6,1,1	61,53,52,47,57,44,43,51,43,49	149	75
1992	3,5,3,5,4,3,3,4,3,6	88,85,92,91,69,96,72,74,75,64	3,2,7,4,4,2,5,2,7,1	82,70,86,62,71,89,79,79,58,79	170	75
1997	35,43,42,45,32,29,48,36,35,16	58,62,57,44,35,40,54,39,56,41	28,34,27,44,32,34,27,44,21,33	46,70,56,35,35,40,45,45,38,49	1334	75
1998	1,2,1,0,1,2,2,1,1,0	0,0,0,0,1,2,1,1,0,0	0,1,0,1,0,3,0,1,0,1	0,1,0,1,0,0,0,0,0,1	192	75
1999	9,8,4,12,5,4,3,6,3,5	0,0,2,0,0,0,0,0,0,0	2,4,5,3,2,5,4,4,5,5	0,0,0,0,1,0,0,0,0,0	147	75
2000	18,16,8,21,13,5,23,12,12,11	32,31,40,28,27,26,20,24,23,25	19,14,12,16,17,8,12,12,17,16	30,22,32,22,37,35,19,18,32,21	613	75
2001	18,18,24,30,28,23,29,41,34,17	1,0,0,0,2,1,1,0,0,0	21,26,21,24,25,22,22,27,29,19	0,0,0,0,1,1,0,1,0,0	1601	75
2002	7,9,6,5,6,6,6,7,8,2	23,30,25,26,20,16,30,21,19,25	8,8,7,8,4,3,3,9,9,8	16,20,14,21,26,27,23,18,15,14	991	75
2005	1,1,0,0,1,0,0,0,0,1	61,54,51,45,41,36,34,36,40,32	0,0,0,1,0,0,1,0,0,0	41,53,27,35,40,47,31,47,41,36	185	75
2007	1,0,0,1,3,0,0,0,0,0	0,0,2,0,1,0,0,1,0,0	0,2,0,0,0,1,0,0,0,0	0,1,0,0,0,0,0,0,0,0	184	75
2009	82,76,62,72,76,80,85,59,67,64	1,3,1,2,1,0,3,1,4,1	69,90,65,88,83,50,69,69,81,83	3,4,1,2,1,2,1,1,3,5	2248	75
2010	9,11,12,10,17,6,8,4,15,8	2,9,6,8,8,8,7,4,4,2	11,16,10,7,6,6,8,7,8,5	7,7,3,7,5,7,10,4,4,8	646	75
2013	14,5,8,6,11,5,13,7,14,6	4,5,10,1,3,2,6,3,3,2	6,7,12,8,5,13,4,7,7,11	3,3,1,6,4,7,5,4,5,5	197	75
2014	39,23,22,24,33,18,30,26,25,27	2,1,1,1,2,0,0,1,4,3	19,16,24,23,19,26,23,26,20,30	1,4,2,4,2,1,2,3,2,1	361	75
2015	9,3,3,5,3,5,6,6,8,3	16,8,11,8,6,12,10,5,12,6	9,4,3,6,2,4,3,1,7,10	10,18,11,18,15,9,10,19,21,8	249	75
2016	11,6,5,5,5,3,5,6,4,4	1,3,1,3,1,0,1,0,2,0	10,11,2,3,5,6,9,10,6,15	2,0,0,1,0,3,3,1,1,0	258	75
2017	6,10,13,4,8,9,9,9,11,10	263,222,271,192,202,230,213,178,235,222	3,7,4,12,4,7,5,9,7,5	249,241,235,229,211,222,251,205,207,209	324	75
2018	4,5,5,3,1,3,2,4,2,2	35,24,32,21,27,20,11,17,21,29	4,4,4,5,2,0,2,1,0,2	16,39,25,14,14,30,24,27,14,4	2425	75
2019	1,0,0,0,0,0,0,0,1,0	3,2,0,3,2,2,1,0,0,3	0,0,0,1,2,0,2,0,0,1	0,3,1,2,3,0,0,1,2,2	568	75
2020	0,0,2,1,1,1,2,0,0,0	1,1,1,3,2,4,1,1,3,1	0,0,0,2,0,4,0,0,1,0	2,0,0,1,4,0,4,0,1,2	268	75
2021	4,7,8,5,9,6,7,7,15,4	170,177,202,141,167,198,169,146,152,158	10,13,7,7,10,15,2,23,12,7	172,198,127,133,175,146,178,152,156,165	147	75
2023	2,1,0,0,0,0,1,1,1,0	0,2,1,2,4,3,0,2,0,4	0,0,0,0,0,1,0,0,0,0	2,2,1,3,2,2,1,4,1,0	685	75
2024	5,4,5,5,2,0,2,3,7,2	60,69,64,49,69,62,51,52,68,54	6,2,5,2,5,5,0,4,2,3	76,74,61,55,61,66,58,58,71,59	226	75
2027	0,1,2,1,3,4,3,5,3,1	0,0,0,0,0,0,0,0,0,0	1,2,0,8,1,1,0,2,1,0	0,0,0,0,0,0,1,0,1,0	562	75
2029	0,0,0,0,0,0,0,2,0,0	0,0,0,0,1,0,0,0,0,0	0,2,0,0,0,0,0,0,0,0	0,1,0,0,0,0,0,0,0,0	314	75
2031	2,1,2,1,0,0,0,1,2,0	52,36,35,27,44,36,40,38,31,58	0,2,0,0,0,0,2,0,1,1	44,37,39,25,50,47,41,30,34,37	157	75
2032	59,58,59,37,57,45,56,50,53,54	18,11,10,11,13,5,8,12,15,18	56,61,53,45,52,62,58,66,75,53	10,16,12,13,10,12,15,20,17,20	174	75
2033	0,0,1,0,0,0,1,0,0,0	39,54,55,49,39,30,34,36,38,50	0,1,0,0,0,0,0,0,2,0	39,44,47,32,52,31,44,35,44,29	1004	75
2034	0,0,0,0,0,1,2,0,1,0	1,0,0,0,0,0,0,0,0,1	1,1,0,1,0,0,0,0,0,0	0,0,0,0,0,0,0,0,0,0	248	75
2036	25,6,17,11,5,14,9,11,10,10	8,9,6,4,6,1,4,5,11,10	12,11,9,7,14,5,12,9,15,12	5,17,7,6,4,1,9,7,6,5	368	75
2037	0,0,0,0,0,1,0,1,0,0	2,0,5,0,0,2,1,1,0,1	0,0,0,0,0,0,0,0,0,0	0,1,0,0,1,0,1,0,0,4	231	75
2038	7,12,15,16,7,7,9,14,10,9	21,27,25,24,29,26,15,28,22,25	14,8,9,14,6,9,4,9,13,11	25,22,13,18,26,29,34,18,19,25	1010	75
2041	41,24,51,29,33,37,40,35,38,53	2,1,2,2,0,0,0,0,4,2	53,47,44,39,44,25,48,36,31,32	0,0,3,0,3,0,2,1,0,2	169	75
2044	20,19,23,20,13,13,26,18,23,13	0,0,0,3,0,0,2,0,0,1	19,26,13,21,17,18,24,20,12,16	0,1,1,0,0,0,0,1,0,0	255	75
2046	0,0,0,0,2,0,2,0,0,0	2,0,5,2,1,6,6,2,0,3	0,0,1,2,0,0,1,4,0,1	8,2,3,4,5,7,2,1,2,4	291	75
2049	0,0,0,0,0,0,1,2,0,0	6,0,3,0,4,0,1,5,3,3	2,0,0,0,0,0,0,0,0,0	0,5,1,2,0,2,3,3,0,1	161	75
2050	1,0,0,0,1,0,0,2,1,1	8,6,2,4,1,5,8,6,4,5	2,1,1,2,0,0,1,2,1,0	8,2,2,3,4,5,2,4,5,5	256	75
2051	0,0,0,0,0,0,0,0,2,0	0,0,0,0,0,0,1,0,0,0	1,1,0,1,0,1,0,1,0,0	0,0,0,0,0,0,0,0,0,0	1440	75
2052	5,4,3,6,3,5,2,7,6,6	15,28,16,18,16,19,11,18,16,21	8,3,6,7,6,5,3,4,3,4	21,28,20,16,19,19,27,23,20,13	200	75
2053	71,49,67,42,42,42,53,44,53,56	1,1,0,1,0,2,0,1,0,0	53,46,33,46,48,53,51,47,39,57	1,0,0,0,1,0,0,0,1,0	369	75
2054	58,54,51,61,42,48,61,64,49,52	67,90,64,59,59,68,44,63,61,70	48,57,57,51,48,43,40,55,51,39	64,66,59,65,80,51,62,71,50,45	1061	75
2055	0,0,1,0,0,0,0,0,0,0	2,0,0,0,0,1,0,0,1,1	0,0,0,0,0,0,0,0,1,0	1,2,1,0,0,0,0,0,0,0	176	75
2056	27,37,20,40,27,26,48,28,31,35	6,5,5,9,4,3,4,5,1,2	36,26,27,34,40,29,40,24,43,27	3,2,1,3,1,3,4,1,2,2	1348	75
2058	11,11,13,9,6,8,5,7,10,7	83,79,89,64,73,84,64,74,77,68	5,13,10,5,10,5,8,5,10,9	69,106,96,88,78,83,65,63,63,58	155	75
2059	232,209,190,192,189,204,177,153,154,180	1,3,2,1,2,2,1,0,2,5	210,217,217,172,156,175,159,197,203,189	2,2,0,5,0,4,3,2,2,2	489	75
2060	4,10,9,1,7,12,12,5,10,8	49,55,62,35,36,36,49,44,39,37	8,13,8,10,3,3,9,5,14,9	58,57,52,47,53,48,40,43,44,37	153	75
2061	16,20,16,7,12,9,13,19,15,8	4,9,16,2,10,8,10,4,9,15	15,17,14,17,16,14,12,14,14,12	7,9,7,4,10,7,3,6,9,10	494	75
2062	5,14,7,7,4,8,9,9,4,6	79,61,78,52,64,63,63,73,65,63	4,10,10,8,4,13,4,10,2,12	66,85,58,67,52,69,64,51,55,65	227	75
2063	78,58,61,53,61,52,58,41,37,48	329,341,389,286,302,315,267,263,265,294	52,50,54,55,44,69,51,52,59,56	309,303,278,272,303,337,348,247,301,270	210	75
2064	0,1,0,0,0,1,0,0,0,0	0,0,1,1,1,0,0,0,0,2	0,0,0,1,0,0,0,1,0,0	0,0,0,0,0,0,0,0,0,0	209	75
2065	53,66,61,47,37,63,42,44,42,45	0,0,0,0,0,0,0,0,0,0	43,51,38,46,52,43,53,47,52,42	0,1,0,0,0,0,0,0,0,2	164	75
2066	50,31,28,42,43,46,24,34,38,49	2,7,7,2,4,2,4,2,3,6	43,36,39,55,32,42,54,45,43,46	4,8,1,1,0,3,2,4,4,4	217	75
2067	2,4,2,1,12,1,6,3,2,4	1466,1448,1432,1194,1205,1501,1064,1072,1320,1258	4,4,3,3,3,4,2,5,7,8	1328,1455,1199,1250,1308,1292,1528,1291,1233,1304	310	75
2068	2,4,4,2,3,2,0,2,4,1	119,99,116,105,95,113,94,91,130,111	5,5,1,3,0,3,1,4,2,4	105,110,104,112,119,159,100,93,110,100	303	75
2070	2,2,0,1,2,0,1,1,2,3	4,5,2,2,3,5,3,0,1,5	1,2,9,1,2,5,3,2,1,3	4,3,1,0,0,4,6,1,2,2	177	75
2071	5,8,1,2,4,2,5,1,2,5	43,48,48,40,26,50,24,33,46,40	3,3,10,4,3,10,6,2,7,3	43,34,38,39,39,41,43,41,39,47	206	75
2072	4,5,4,6,1,3,4,1,2,5	56,54,50,52,39,56,40,39,51,52	2,5,3,3,2,7,3,7,4,4	60,53,64,63,67,55,48,43,39,47	286	75
2073	1,2,2,3,0,2,2,1,0,4	2,2,0,3,0,0,1,1,0,0	1,2,1,1,1,2,3,4,2,2	0,1,1,1,0,0,1,1,0,1	175	75
2074	1,2,0,1,0,0,0,2,0,0	0,0,0,0,1,0,0,0,0,0	1,0,0,1,1,0,0,1,2,1	0,0,0,0,0,0,0,0,0,0	162	75
2075	20,30,22,37,28,14,27,19,8,31	7,9,6,15,8,9,9,5,15,10	25,31,25,22,11,15,5,27,24,29	12,12,16,10,20,17,6,4,18,5	1138	75
2076	6,8,8,6,6,5,5,11,7,4	718,773,692,579,597,664,568,611,776,600	9,8,6,8,6,5,3,11,13,12	527,696,591,736,535,653,794,681,555,713	466	75
2079	24,38,45,21,26,27,24,29,21,32	0,1,1,0,0,0,2,0,0,1	22,30,30,33,28,23,40,23,22,23	0,0,0,0,0,0,3,0,0,2	167	75
2080	1,2,1,2,0,1,1,0,0,0	22,28,22,29,19,16,23,21,21,27	2,0,0,2,1,2,0,1,1,0	18,28,12,25,26,23,15,15,18,17	169	75
2081	3,0,1,5,4,2,7,3,11,2	45,41,41,45,42,39,43,34,21,28	2,8,2,7,2,4,4,1,6,8	26,26,28,27,30,35,40,32,35,23	236	75
2082	3,4,3,5,2,2,5,6,4,1	53,50,46,53,51,26,50,39,47,46	1,5,3,3,1,0,3,3,2,3	44,56,52,48,59,43,51,47,50,45	168	75
2092	53,66,66,51,53,42,52,41,46,59	1,1,2,0,2,1,1,1,1,0	64,51,46,58,56,64,50,63,52,59	2,1,1,3,1,4,2,0,1,1	452	75
2093	50,55,37,40,29,46,36,43,46,29	2,0,3,0,0,0,0,0,0,4	33,61,31,31,46,36,56,30,49,46	0,2,0,0,0,3,0,1,0,0	165	75
2094	49,52,32,36,29,45,36,40,43,28	2,3,7,2,6,5,3,8,3,4	33,59,31,30,45,35,53,28,49,46	6,0,6,1,1,1,6,4,4,2	153	75
2097	3,4,2,3,2,2,4,3,1,5	58,43,44,52,50,38,49,53,45,50	2,5,1,2,2,0,1,2,1,4	42,64,36,41,51,52,58,52,40,46	445	75
2098	0,2,3,1,1,1,1,0,1,3	2,1,2,1,0,4,0,1,1,0	0,5,0,1,1,1,0,2,4,0	0,0,0,3,0,0,1,0,0,1	1239	75
2099	1,11,3,3,2,4,8,3,1,3	20,32,21,21,20,21,14,14,22,18	1,3,0,9,2,1,0,0,2,2	21,30,20,22,19,31,16,24,21,10	602	75
2100	3,3,2,3,6,1,3,5,3,2	50,36,51,51,37,45,31,21,30,43	2,13,3,6,1,2,0,6,3,4	33,44,71,46,38,54,26,41,45,52	475	75
2101	23,20,18,23,37,22,32,24,37,20	74,59,63,62,48,65,21,30,41,47	18,40,34,38,20,14,15,20,32,33	45,55,72,50,56,68,44,50,53,40	897	75
2102	601,583,615,596,585,475,415,409,544,583	0,0,0,0,0,0,0,0,0,1	648,735,824,597,547,555,467,490,602,547	0,0,0,0,0,0,0,0,0,0	1401	75
2103	0,1,2,0,0,0,0,0,0,0	65,80,47,60,49,57,52,46,51,43	0,1,0,0,0,0,0,1,0,0	56,44,44,36,47,71,63,46,56,49	1207	75
2104	0,0,0,0,0,0,0,0,0,1	34,33,31,23,20,33,21,22,20,29	0,0,0,0,1,1,1,0,0,0	30,36,28,28,27,35,49,31,28,18	1009	75
2105	22,19,7,24,12,9,19,10,18,10	9,22,19,13,14,14,18,12,8,17	11,29,11,18,7,13,10,18,17,21	11,11,16,12,11,19,18,9,10,14	2137	75
2106	7,4,6,4,2,3,5,3,5,9	3,4,3,2,3,2,3,1,2,1	3,4,3,2,3,5,5,5,7,3	1,1,3,3,8,3,2,3,2,2	266	75
2107	3,3,2,0,1,1,3,5,5,2	937,891,847,756,786,854,680,706,768,773	4,3,3,3,2,1,5,0,3,3	791,893,770,737,767,867,775,737,790,729	358	75
2108	2,6,6,6,3,8,6,3,7,4	174,107,154,125,137,116,106,136,140,122	1,3,3,5,6,3,3,1,0,1	127,160,120,161,145,159,150,113,118,124	315	75
2109	595,526,574,497,493,536,421,461,489,543	0,2,1,0,0,1,0,0,0,0	501,601,472,510,527,524,615,471,489,558	1,0,0,2,0,1,2,1,1,1	144	75
2110	2,1,0,0,5,0,0,2,2,0	1,0,1,1,1,0,0,3,2,2	0,4,2,0,0,1,2,1,0,0	0,5,0,0,0,4,0,0,0,0	289	75
2112	418,489,414,447,413,347,553,456,507,397	0,0,0,0,0,0,1,1,0,1	352,554,323,426,375,341,363,412,475,457	1,1,1,0,0,2,0,3,0,0	1081	75
2113	1025,1158,992,985,929,788,1305,1119,1156,913	1,5,3,3,0,6,4,1,1,3	857,1199,734,1072,857,815,773,941,1114,1026	2,1,5,0,2,5,2,6,6,3	2381	75
2114	19,27,12,20,22,18,23,27,19,14	6,7,4,4,5,6,4,5,8,11	15,21,10,23,9,7,14,23,16,21	13,4,8,9,8,5,1,5,3,5	1721	75
2115	16,16,18,20,20,11,27,11,13,21	793,799,950,732,789,796,676,554,675,771	13,21,20,21,20,14,20,21,21,17	808,729,801,732,726,795,710,675,682,759	776	75
2116	9,18,12,17,11,17,16,14,13,21	3,1,2,0,0,1,1,1,2,2	10,16,13,20,10,7,14,9,18,16	2,2,2,3,0,3,1,0,0,1	1544	75
2118	2,2,5,0,2,0,0,2,3,1	0,0,1,0,0,0,0,0,1,1	1,4,1,5,1,7,1,3,2,1	0,0,0,0,0,0,0,0,0,1	447	75
2119	178,196,165,131,117,174,117,136,128,148	3,2,4,7,6,7,2,3,1,2	130,180,125,134,163,153,144,139,131,169	1,0,0,3,8,8,3,5,6,4	196	75
2120	6,12,13,6,4,12,8,9,2,4	910,871,913,805,768,923,727,698,732,740	6,10,5,2,10,6,6,5,5,5	787,911,690,747,728,828,873,752,802,828	191	75
2121	5,2,2,3,2,2,2,4,0,0	170,198,186,166,165,163,172,131,145,167	0,1,1,2,2,1,1,4,4,1	161,195,162,161,156,154,180,137,155,183	210	75
2122	458,571,497,456,477,471,478,416,446,449	0,0,0,0,0,0,0,0,0,0	451,486,425,434,484,443,435,421,401,456	0,1,0,0,0,0,0,0,0,1	833	75
2123	94,118,95,93,112,103,141,108,101,87	318,361,375,318,268,329,266,250,280,295	83,86,80,100,76,84,87,97,78,87	355,299,278,284,341,280,289,269,268,306	725	75
2124	15,21,17,10,9,15,17,14,6,12	294,312,321,267,218,271,258,236,286,236	8,18,8,19,18,10,11,10,6,19	295,276,244,272,313,299,292,274,233,263	152	75
2125	3,8,3,6,2,2,8,6,3,4	20,29,21,15,20,13,16,11,12,24	4,5,3,10,11,4,1,4,6,4	7,10,26,16,18,16,13,21,18,23	318	75
2126	3,2,2,0,2,1,5,1,0,2	45,34,28,24,29,25,19,11,19,27	4,2,2,4,2,5,4,1,2,1	20,24,17,25,27,16,19,27,21,24	160	75
2127	2,2,3,0,4,1,0,2,0,0	3,4,0,3,0,0,2,0,1,0	1,3,1,0,0,1,0,1,0,0	1,1,2,0,0,1,1,1,1,1	161	75
2128	3,2,4,2,4,1,0,2,1,0	14,31,12,9,14,20,19,9,15,12	1,3,1,0,2,2,0,1,0,3	15,13,16,14,9,22,16,23,15,26	178	75
2129	6,4,6,5,6,5,4,8,4,8	44,42,48,45,30,50,38,29,50,45	9,7,8,7,4,8,5,7,8,6	48,54,45,48,54,33,36,33,37,41	153	75
2130	0,0,0,0,0,0,0,0,1,0	92,67,63,68,61,51,60,67,55,56	0,0,0,1,0,0,1,0,0,0	65,58,57,65,72,66,66,63,52,58	161	75
2131	177,140,211,132,138,181,191,164,205,187	11,9,6,7,4,4,2,5,7,1	141,266,137,162,148,188,174,144,197,153	4,7,4,8,5,2,6,4,9,2	321	75
2132	6,7,3,4,0,7,2,6,3,8	1,1,3,1,0,0,1,0,0,0	1,5,5,3,3,3,3,0,2,2	1,2,0,0,2,3,4,1,1,2	245	75
2133	1,2,1,2,0,0,1,1,2,1	22,21,29,21,27,24,20,25,20,30	0,1,1,2,2,0,2,1,0,1	20,27,27,21,33,46,18,20,21,17	161	75
2137	24,22,24,23,30,24,16,17,8,28	0,1,1,0,1,2,3,0,0,0	18,19,28,19,21,27,23,26,25,23	0,0,0,0,0,0,0,0,2,2	232	75
2138	127,130,126,132,132,133,97,109,126,114	0,0,1,0,0,0,0,0,0,0	150,134,108,118,105,107,131,134,98,109	0,0,0,0,0,0,1,0,0,0	1097	75
2139	0,2,0,0,0,0,0,1,0,1	28,26,37,31,27,24,17,22,22,30	0,0,0,3,1,1,0,2,0,1	27,28,21,20,23,20,18,24,22,29	154	75
2140	2,3,1,4,4,4,5,2,1,3	27,43,16,37,24,20,25,17,15,23	0,2,2,2,0,0,1,6,4,1	20,26,16,23,29,29,17,22,26,24	169	75
2141	1,0,0,1,1,0,2,0,0,1	11,18,26,16,10,10,15,10,9,15	0,0,0,2,0,0,0,0,1,0	9,19,15,16,18,10,13,9,9,11	161	75
2142	15,18,22,14,15,8,17,15,10,19	1,1,0,0,0,0,0,0,0,0	15,18,12,15,8,17,15,24,24,15	1,2,0,0,0,0,0,0,0,0	546	75
2143	235,259,222,239,214,259,214,157,192,208	50,60,74,42,58,62,58,68,51,45	226,238,207,193,250,186,218,168,223,199	52,62,53,59,66,66,66,39,74,63	1556	75
2144	11,5,14,16,8,5,15,12,9,7	23,29,25,20,24,23,28,16,30,14	7,18,15,16,5,16,6,8,14,13	24,21,17,19,16,27,22,18,17,19	374	75
2145	13,23,12,14,8,10,25,16,15,13	168,194,181,163,143,174,139,127,133,146	13,20,11,21,12,14,16,12,18,25	119,178,144,177,134,172,178,168,150,147	272	75
2147	540,533,556,549,504,457,561,507,516,440	3,3,4,8,7,4,3,7,3,8	506,645,475,581,485,434,481,592,696,576	8,6,1,10,4,7,6,8,9,5	2647	75
2149	404,353,410,353,324,342,342,295,334,339	10,12,15,9,14,5,18,13,7,10	358,365,299,303,349,396,389,395,352,332	12,14,10,14,10,9,11,17,8,8	195	75
2150	8,11,6,5,3,2,8,7,7,3	109,124,114,98,114,109,111,105,85,106	2,3,12,5,1,2,2,5,3,4	97,112,86,107,87,101,119,101,105,100	1022	75
2151	5,2,4,4,2,9,13,10,7,3	60,72,57,55,43,49,44,50,59,58	3,11,4,7,4,2,1,9,4,5	75,66,52,63,61,58,70,48,75,54	378	75
2152	34,30,25,36,19,36,32,23,33,22	16,22,21,20,12,20,14,12,13,17	36,31,25,38,32,20,29,36,36,31	14,17,24,14,18,12,21,4,14,9	452	75
2153	2,0,2,2,2,1,1,2,2,0	63,67,69,51,73,59,55,42,44,66	1,1,1,0,0,2,1,2,1,0	38,45,61,68,51,58,39,50,57,44	161	75
2157	279,227,247,214,193,206,231,173,223,192	3,5,6,6,5,8,2,2,1,6	220,196,163,155,218,202,243,211,212,197	1,5,2,1,3,3,4,3,3,3	675	75
2158	79,82,85,65,72,103,91,63,71,65	3,1,3,3,2,1,3,0,1,2	63,69,85,84,70,73,81,79,94,101	0,2,0,1,3,4,2,1,1,0	1360	75
2159	189,164,193,184,159,140,204,204,199,150	1,0,4,0,0,2,0,0,1,1	165,195,177,197,168,180,174,198,199,247	0,1,3,0,0,2,1,1,0,1	1083	75
2160	211,187,204,198,170,147,226,224,228,171	83,90,84,85,65,85,55,60,70,65	179,217,185,206,186,204,189,208,211,263	65,60,74,60,78,66,68,54,74,75	1154	75
2161	316,305,310,282,246,241,326,304,306,255	5,0,1,2,0,2,2,1,3,4	282,322,288,307,298,311,261,295,300,334	0,2,4,2,5,4,4,1,0,4	1265	75
2162	150,175,109,157,130,103,134,142,121,102	14,16,14,11,15,13,8,13,6,12	105,157,106,128,106,93,101,101,148,136	12,10,6,17,6,14,17,18,13,13	1466	75
2163	28,26,28,43,30,32,34,33,33,42	5,9,6,6,2,4,14,3,5,10	28,38,44,40,22,26,23,29,51,35	6,6,3,2,5,2,3,4,6,1	748	75
2164	0,0,4,3,1,2,1,3,2,0	3,5,12,8,8,3,6,10,14,9	0,1,0,1,0,3,2,0,0,2	9,6,4,9,12,9,13,3,6,5	147	75
2165	1,3,2,1,4,6,6,4,4,3	3,0,2,0,0,4,0,3,2,2	2,3,2,2,6,0,1,0,4,2	1,1,2,0,3,1,2,2,0,1	614	75
2166	1,3,2,1,4,6,6,4,4,3	8,3,4,7,6,5,4,1,6,5	2,3,2,2,6,0,1,0,4,2	2,6,3,4,2,3,7,4,3,4	617	75
2167	508,529,534,553,474,535,470,467,443,452	35,37,54,44,37,44,43,28,41,33	535,609,556,526,493,515,567,604,582,585	30,42,41,48,47,50,60,45,37,29	2234	75
2168	2,1,2,2,1,0,1,1,1,0	4,6,5,4,7,9,7,4,6,2	1,0,0,1,1,3,0,2,1,1	6,1,6,8,10,6,7,3,11,4	237	75
2169	4,4,7,6,6,4,8,10,6,6	3,2,4,4,1,1,1,1,1,4	1,2,3,10,4,6,4,9,7,7	2,1,0,1,2,1,4,2,0,2	281	75
2173	2,5,3,1,5,4,4,2,3,2	2,4,1,1,3,3,3,0,1,3	4,4,7,9,3,4,0,5,7,4	1,2,0,2,0,3,1,0,1,2	149	75
2174	79,72,77,55,72,65,83,69,61,58	11,12,10,13,8,5,4,7,10,16	53,76,71,73,84,90,70,79,59,66	6,7,5,14,6,11,14,6,12,12	222	75
2175	75,68,74,54,68,58,78,61,56,51	9,7,3,7,9,3,6,4,2,4	51,70,63,62,80,84,66,76,55,62	10,8,7,1,11,10,7,7,2,13	210	75
2176	41,48,42,61,31,32,66,47,49,36	18,21,25,22,18,19,25,18,16,38	27,55,31,36,25,36,34,49,50,42	24,26,21,19,28,19,30,22,34,22	1093	75
2177	42,46,41,36,46,54,48,43,33,37	26,33,41,21,31,24,28,26,23,34	46,61,46,47,39,46,50,53,49,62	35,48,19,42,34,31,37,37,41,34	940	75
2178	0,0,0,0,1,0,0,0,0,0	1,0,1,3,0,0,1,1,2,0	0,0,0,1,0,0,0,0,0,0	0,3,1,2,0,0,5,0,0,2	189	75
2179	0,0,0,0,0,0,2,0,1,0	58,74,50,42,53,61,44,45,45,52	1,0,0,0,0,0,0,0,0,0	43,56,47,58,52,42,55,49,48,46	150	75
2180	2,9,5,3,2,5,4,1,3,1	33,37,26,26,22,21,15,13,22,22	1,2,1,3,5,0,3,3,1,3	17,27,16,24,20,19,26,27,18,18	501	75
2181	55,74,57,51,59,51,59,47,47,53	0,1,0,1,0,1,0,0,0,0	47,60,44,47,50,39,51,39,61,40	0,0,1,2,1,1,0,0,0,1	543	75
2182	43,44,38,42,42,35,45,30,42,46	0,2,1,3,0,4,2,5,1,7	42,55,47,40,30,29,46,39,45,33	1,1,4,0,3,2,3,2,1,6	192	75
2183	82,91,55,86,61,79,67,66,73,83	47,67,41,64,46,58,53,42,45,65	78,90,67,69,61,50,85,67,81,65	83,53,46,43,60,46,53,45,87,66	277	75
2184	109,82,106,115,116,93,91,93,110,88	138,151,123,128,148,163,101,112,124,124	91,122,106,104,79,93,91,143,98,104	128,133,137,154,123,134,145,124,142,135	833	75
2185	218,201,197,178,185,193,161,150,168,187	9,16,4,8,6,14,10,12,10,11	205,198,183,176,191,166,200,177,203,202	16,8,15,5,10,10,10,8,17,10	747	75
2186	31,34,24,20,20,29,39,19,21,37	373,344,387,286,294,307,273,270,242,349	36,25,17,28,28,16,15,30,41,23	344,346,329,330,317,281,341,328,302,262	696	75
2187	26,30,42,36,40,20,51,28,34,11	116,115,136,106,120,144,100,98,121,115	35,30,40,23,29,27,23,37,41,26	116,101,137,113,112,117,136,123,162,135	1161	75
2188	18,18,18,17,21,21,12,11,5,15	4,15,6,2,4,6,5,5,3,4	16,15,9,16,21,12,20,11,15,13	5,6,0,2,2,2,6,3,4,7	152	75
2189	13,14,32,18,15,27,11,11,15,16	129,124,121,125,104,116,110,95,109,99	16,18,14,10,18,22,21,15,17,21	105,111,99,125,115,121,101,109,85,119	158	75
2190	46,42,42,65,40,54,39,35,48,33	2,2,7,1,6,1,1,1,4,6	40,43,41,42,42,26,38,48,47,32	2,7,3,4,1,5,6,2,2,2	369	75
2191	22,16,22,12,18,30,22,16,15,24	14,6,12,9,13,11,17,6,13,6	14,10,28,13,17,21,20,11,28,20	7,16,2,9,10,15,14,8,12,9	344	75
2192	7,8,5,5,7,3,2,4,3,2	2,0,4,0,3,0,1,2,5,3	7,8,7,1,5,4,4,3,6,0	0,3,2,0,4,2,1,3,2,1	1179	75
2193	18,17,18,14,16,12,21,14,18,14	154,141,161,152,139,171,139,107,138,154	20,19,18,19,11,13,17,22,24,24	145,168,124,156,144,186,146,159,121,162	217	75
2195	0,1,0,0,0,0,0,0,0,0	0,1,0,1,0,0,0,0,0,0	0,0,0,0,0,0,0,2,0,0	0,0,1,0,0,0,0,0,0,0	260	75
2196	0,0,0,0,0,1,0,1,1,0	0,0,3,0,0,1,1,0,0,1	0,0,0,1,2,0,1,1,1,1	0,1,0,1,0,0,0,0,0,0	260	75
2200	4,2,9,5,2,3,5,3,7,2	70,51,64,54,51,75,53,50,52,51	2,4,2,4,7,2,3,2,2,4	53,56,48,66,61,58,64,62,46,55	224	75
2201	7,9,11,10,8,5,10,6,12,15	2,1,1,1,2,2,2,1,2,5	5,7,7,9,11,7,11,5,4,5	0,0,0,0,2,0,3,2,3,0	255	75
2202	0,3,2,2,3,4,1,4,1,2	69,57,68,55,63,56,47,46,53,65	0,1,1,2,1,2,0,3,1,5	59,74,69,56,71,77,56,60,70,60	296	75
2203	119,97,109,146,100,113,118,115,88,98	37,37,42,37,37,36,49,37,31,43	107,146,105,105,98,124,132,143,117,110	38,46,40,37,38,36,41,38,36,34	1004	75
2204	0,0,0,0,0,0,0,1,0,1	96,118,88,89,103,95,82,84,92,93	1,0,0,1,0,0,0,0,0,2	106,93,89,98,84,109,101,82,85,79	166	75
2205	3,0,1,3,2,3,3,4,6,1	30,45,43,30,47,41,35,29,30,30	4,1,2,2,2,2,0,1,2,7	42,30,30,42,42,24,34,42,35,37	147	75
2207	1,0,2,0,0,0,0,0,0,0	21,10,20,11,15,5,7,19,17,25	0,0,0,0,0,0,0,0,0,0	5,24,20,11,5,31,8,10,10,6	495	75
2209	3,1,6,0,2,6,2,2,4,2	112,113,119,103,102,104,74,97,90,95	3,2,3,6,4,1,5,5,2,2	104,108,82,73,90,90,99,105,83,95	151	75
2210	36,38,35,44,24,21,37,32,44,30	101,101,115,113,81,101,103,77,93,98	23,45,46,33,27,36,31,20,23,37	112,107,93,115,97,133,75,88,102,96	329	75
2211	1,3,2,4,2,4,4,9,4,7	50,73,56,59,63,69,37,48,34,74	2,4,4,1,3,2,2,7,3,2	48,71,58,49,57,61,64,56,61,44	229	75
2212	89,98,87,97,62,81,91,87,103,59	4,3,2,2,0,0,3,0,3,3	67,92,58,79,67,56,62,65,85,72	1,0,1,0,2,0,5,0,2,1	735	75
2213	92,98,87,99,64,81,91,91,104,59	60,56,55,51,41,56,49,41,46,56	69,92,59,80,67,56,63,65,87,73	55,53,42,50,53,51,49,46,44,56	749	75
2214	8,3,1,3,1,2,7,11,7,5	21,19,26,27,24,22,17,25,18,26	1,5,3,6,2,1,2,2,1,5	20,28,25,18,20,21,21,15,24,12	229	75
2215	25,36,30,36,30,25,42,33,33,17	0,0,0,1,2,0,0,1,2,0	24,41,25,35,27,24,22,37,36,37	0,1,2,1,2,1,0,0,0,0	727	75
2217	0,0,1,0,0,0,0,0,0,0	22,33,19,34,29,23,25,17,27,13	0,0,0,0,0,0,0,0,0,0	12,25,21,21,15,26,26,14,16,25	167	75
2221	1065,932,1257,1121,1053,1011,913,826,909,897	2,3,0,1,0,4,0,2,0,1	930,1197,1178,949,912,1159,1107,1079,1016,973	0,3,0,1,0,2,5,2,2,3	5681	75
2222	1,2,2,2,1,0,0,1,0,0	4,7,4,7,9,6,14,4,4,3	1,0,0,2,4,0,1,1,1,2	4,10,6,7,2,4,9,4,4,7	146	75
2223	1006,858,853,786,795,935,774,781,733,781	0,0,0,0,0,0,0,0,0,0	817,921,822,680,858,849,850,751,818,873	0,0,0,0,1,0,0,0,1,0	3371	75
2224	1,1,0,2,1,0,1,1,4,0	25,24,14,23,20,16,25,20,25,19	1,0,2,0,1,2,2,2,0,0	19,24,24,30,36,18,32,22,21,22	221	75
2225	5,7,4,3,6,6,9,6,5,3	49,51,53,59,44,38,60,57,57,50	4,7,5,3,3,3,3,4,6,8	59,43,50,45,50,47,53,49,45,42	289	75
2226	37,49,29,45,45,18,43,33,46,31	616,590,538,502,466,535,427,447,521,502	30,36,31,38,35,29,35,45,35,49	458,561,430,452,503,516,560,560,427,444	265	75
2227	4,7,1,1,0,1,2,2,1,2	113,89,108,117,107,117,81,91,82,82	1,5,2,5,2,1,1,5,5,2	90,112,101,103,88,91,114,100,106,89	175	75
2228	0,0,1,1,1,0,0,0,0,0	104,98,102,111,99,89,94,76,68,91	3,1,0,2,0,1,0,1,2,0	93,105,83,83,98,94,88,93,99,72	163	75
2229	2,4,2,6,4,2,3,6,5,0	106,94,104,88,82,92,75,71,87,84	3,3,5,7,2,6,4,6,3,4	88,88,81,88,64,79,71,86,80,72	275	75
2233	4,2,0,4,1,5,3,1,3,1	17,13,12,9,16,16,9,9,5,11	1,0,3,0,4,0,3,0,2,1	15,9,11,11,8,10,11,16,8,8	777	75
2234	3,2,2,2,3,3,2,2,0,0	46,48,35,29,34,29,42,30,24,40	0,2,2,3,2,1,1,0,2,3	35,46,32,37,29,31,33,22,37,17	202	75
2235	14,18,24,10,15,17,21,11,20,18	0,0,0,0,0,0,0,0,0,0	25,20,15,22,18,17,23,13,26,16	1,0,0,0,0,0,0,0,0,0	338	75
2236	6,5,2,4,4,1,5,10,8,2	33,44,43,30,59,36,40,25,31,26	2,5,5,7,5,6,7,3,5,6	54,40,47,46,34,47,41,33,36,32	394	75
2237	0,4,4,3,1,0,0,3,1,1	43,37,48,33,32,31,46,24,38,35	1,2,3,2,1,2,1,0,1,2	51,45,38,42,50,48,44,42,42,40	1047	75
2238	2,3,8,2,4,0,2,5,1,2	52,36,38,35,34,36,18,29,39,31	2,2,6,2,2,4,4,3,3,1	32,33,40,25,28,32,37,21,31,27	436	75
2239	5,8,0,2,11,2,5,5,5,5	893,848,859,762,785,884,724,623,781,773	3,4,9,4,5,3,4,4,4,6	748,910,723,707,799,805,753,798,692,796	605	75
2240	6,6,2,3,4,7,3,2,5,0	149,179,164,112,138,146,120,118,132,153	3,5,2,3,3,4,2,2,2,3	145,154,130,130,135,168,145,146,126,157	154	75
2241	194,166,209,178,145,184,153,180,162,195	3,1,0,1,0,3,2,0,0,1	189,200,188,167,180,211,158,146,173,158	1,2,3,1,1,1,0,0,0,1	215	75
2242	0,0,0,0,0,0,0,0,0,0	0,0,4,0,0,1,2,0,1,2	0,1,0,0,0,0,0,0,0,0	2,2,2,2,0,1,0,0,2,1	395	75
2243	7,3,8,8,8,6,9,9,4,2	0,0,2,0,0,0,1,0,0,0	9,3,0,3,10,3,9,2,3,4	0,0,0,0,0,0,0,0,0,0	835	75
2244	7,3,8,8,8,6,9,9,4,2	26,22,15,16,17,15,13,9,23,21	9,3,0,3,10,3,9,2,3,4	6,21,10,21,9,24,15,11,11,17	838	75
2245	3,1,0,2,1,1,1,4,0,0	27,29,21,24,22,24,18,29,23,16	1,1,0,0,0,0,0,0,1,1	19,37,23,34,22,17,22,18,18,29	175	75
2248	6,4,1,5,1,1,3,2,3,2	120,98,124,86,110,101,89,96,112,121	3,5,2,4,1,2,1,2,7,5	107,116,121,94,107,118,108,103,113,112	1191	75
2251	2,0,0,1,0,0,1,0,0,0	2,1,0,2,0,1,2,3,0,0	0,0,0,0,0,0,0,0,0,0	2,0,0,0,0,1,1,0,0,0	201	75
2252	0,3,1,0,3,0,5,0,2,1	4,0,3,0,0,0,0,1,0,0	0,0,0,1,0,1,0,1,0,0	1,0,0,0,0,1,0,0,0,1	278	75
2253	24,17,26,14,15,9,19,21,13,16	0,0,0,0,0,0,0,0,0,0	13,28,9,12,16,19,15,10,16,13	0,0,0,1,0,0,0,0,0,2	162	75
2254	23,16,25,14,15,9,19,19,12,15	0,0,0,0,0,0,0,0,0,0	12,27,9,10,14,18,12,8,16,12	0,0,0,1,0,1,0,0,0,0	153	75
2255	8,5,4,1,3,0,1,5,5,2	4,2,3,1,7,0,4,2,3,2	5,4,2,1,4,2,3,5,0,4	1,7,4,5,7,3,6,5,1,2	246	75
2256	1,1,0,0,1,0,1,5,1,0	5,2,2,6,3,5,3,6,3,8	0,3,1,1,0,0,0,0,1,1	4,3,4,4,7,5,10,7,8,5	181	75
2257	16,11,13,19,17,7,13,15,6,15	0,0,0,0,0,0,0,0,0,0	8,18,17,9,8,10,15,14,6,9	0,0,0,0,0,0,0,0,1,0	265	75
2258	0,1,0,0,0,0,1,0,0,0	3,10,5,1,4,3,5,2,4,2	0,0,0,1,0,0,0,0,0,0	4,4,8,6,8,4,2,4,5,4	158	75
2259	0,0,0,0,0,0,0,0,0,0	0,0,0,0,0,0,0,0,0,1	0,0,0,3,1,0,0,1,0,0	0,1,0,0,0,2,0,0,0,0	446	75
2260	1,1,2,3,5,2,2,3,4,3	12,19,6,15,15,18,9,9,19,21	2,7,0,3,3,1,3,1,7,5	18,13,9,9,12,18,13,9,9,9	451	75
2261	4,8,4,4,5,6,3,7,1,6	45,46,40,34,46,38,36,31,42,29	5,6,2,4,3,1,1,1,6,3	36,30,21,27,37,42,42,35,32,33	1658	75
2262	9,7,12,7,5,8,12,15,13,2	331,370,349,331,289,407,304,301,266,323	6,10,12,8,9,7,15,6,3,9	314,347,332,268,324,349,307,332,319,314	145	75
2263	3,2,2,1,2,2,3,3,3,0	23,30,25,29,30,23,23,13,21,15	3,4,1,1,4,3,1,6,4,4	25,23,30,17,24,19,28,30,26,24	1651	75
2264	5,3,4,3,3,4,5,3,6,2	4,0,1,2,1,0,2,0,0,1	8,4,2,7,1,8,4,2,4,2	1,2,0,0,3,0,3,1,2,2	328	75
2266	16,2,5,7,5,1,5,7,6,4	43,23,44,27,28,30,30,30,32,42	6,4,4,5,3,4,4,3,9,8	33,51,46,52,50,36,40,42,37,53	614	75
2267	25,23,27,23,21,26,15,20,12,13	4,5,3,2,5,4,1,4,1,1	10,22,19,20,13,15,19,32,25,18	3,6,1,4,5,1,3,4,2,5	336	75
2268	4,3,2,3,2,3,2,3,2,1	12,18,19,11,11,22,11,19,21,12	2,3,0,2,1,1,0,2,1,6	16,14,17,14,20,17,14,20,12,16	275	75
2270	18,22,29,18,26,16,36,25,29,12	0,0,0,0,0,0,0,0,0,0	19,24,25,28,22,28,30,24,22,26	0,0,0,2,0,0,0,0,0,0	6678	75
2271	10,8,9,11,7,6,18,10,11,12	30,15,19,24,15,17,20,16,29,24	8,12,10,10,9,3,8,7,12,10	24,24,23,19,20,15,23,14,20,10	541	75
2272	0,0,0,1,0,0,0,2,1,1	15,9,4,8,5,7,4,5,4,11	0,2,0,1,0,0,0,1,1,0	9,4,4,6,4,10,6,6,7,6	76	75
2274	4,4,3,4,1,1,4,3,0,2	321,335,385,316,320,355,296,276,296,310	2,6,0,4,2,4,4,1,1,3	297,295,279,272,350,305,335,297,281,270	151	75
2275	444,415,493,409,400,445,393,346,418,440	1,5,3,0,0,3,5,1,5,2	429,432,400,397,446,426,391,417,388,402	5,3,4,1,2,3,1,1,3,2	301	75
2276	5,6,5,4,2,4,7,5,3,1	138,134,154,117,131,112,111,116,100,140	2,3,2,6,0,1,2,5,2,6	136,138,126,146,125,112,138,133,120,101	146	75
2277	0,2,0,3,1,0,0,0,0,3	122,106,127,105,100,119,105,88,96,107	0,2,2,3,6,2,0,0,4,0	121,107,110,100,93,102,100,99,85,104	184	75
2278	8,7,10,15,12,10,11,8,9,9	232,203,225,221,197,217,168,172,192,217	7,10,10,15,3,5,12,8,6,9	188,222,199,169,226,232,206,200,200,203	157	75
2279	45,46,71,48,29,50,49,45,59,60	0,0,0,0,0,0,0,0,0,0	55,42,40,39,63,51,61,60,33,54	0,1,0,0,0,1,0,0,0,0	589	75
2281	0,0,1,0,0,1,0,1,1,0	165,159,174,151,155,144,115,138,111,143	3,0,0,0,0,0,0,0,1,0	141,171,142,161,137,144,159,157,137,164	217	75
2282	2,3,3,8,3,2,5,4,5,2	0,0,0,0,0,0,1,0,0,0	5,6,2,4,6,2,3,2,3,6	0,0,0,0,0,0,0,0,0,0	763	75
2283	2,3,2,4,5,0,3,3,5,4	262,317,253,270,256,269,242,201,271,229	0,3,4,3,0,6,0,2,6,3	236,257,274,288,252,269,321,292,256,233	454	75
2284	22,22,18,31,26,22,39,21,20,17	0,1,0,0,0,0,0,0,0,0	25,28,20,35,19,18,31,34,31,24	0,0,0,0,1,0,0,0,0,0	1371	75
2286	13,14,8,17,20,6,20,14,11,15	782,803,840,770,707,770,714,630,685,746	13,25,12,14,15,11,8,12,6,15	773,728,732,701,816,755,791,751,708,698	400	75
2287	1,0,1,1,2,2,1,2,2,0	56,52,40,41,44,38,44,37,54,37	0,0,0,0,0,0,1,1,1,1	51,49,52,69,53,60,63,45,40,31	150	75
2288	29,33,40,25,27,33,23,25,24,34	1,1,5,4,1,3,1,1,0,8	30,30,25,24,26,29,38,30,34,25	3,4,3,0,2,0,4,2,3,4	214	75
2290	28,23,24,22,22,18,31,36,26,24	38,48,67,42,50,62,49,39,32,50	20,28,13,31,22,23,22,12,27,36	43,62,46,54,52,41,47,30,46,34	186	75
2293	85,67,96,39,70,40,74,65,93,104	6,4,3,4,7,2,0,2,1,4	86,81,69,73,51,97,111,58,85,81	2,1,4,2,0,4,3,1,3,3	219	75
2294	6,4,10,6,4,4,14,9,9,4	71,75,67,61,56,76,58,51,51,70	8,12,8,13,3,4,3,4,5,12	49,83,68,64,58,57,54,61,60,67	514	75
2295	5,4,7,2,7,7,5,3,1,2	0,0,0,0,1,0,0,0,0,0	1,4,5,9,4,1,2,6,0,3	0,0,0,0,1,0,1,0,0,0	383	75
2297	29,33,21,32,27,21,28,25,43,16	31,24,27,21,21,17,15,17,18,18	19,30,20,29,33,29,20,18,34,33	13,19,26,19,13,25,24,19,19,15	883	75
2299	10,11,10,9,9,16,12,16,22,11	1,0,0,0,0,0,0,0,0,0	11,9,13,13,5,12,16,10,18,18	0,0,0,0,0,1,0,1,0,0	722	75
2301	4,4,4,5,1,4,1,0,1,4	20,22,17,20,30,21,24,24,18,22	4,1,6,5,2,4,3,3,3,1	19,26,18,23,13,23,25,23,19,31	633	75
2302	0,0,0,0,0,0,0,0,1,0	3,0,2,0,0,0,0,0,0,0	0,0,0,1,0,0,0,0,0,2	0,2,0,0,0,0,1,0,1,0	178	75
2303	7,3,3,4,2,3,4,5,3,2	119,133,167,124,141,171,144,124,110,129	5,4,4,0,3,3,4,4,5,2	138,139,143,125,135,153,164,146,133,144	160	75
2304	0,1,0,1,2,1,0,1,0,3	126,116,104,116,83,146,93,99,112,79	1,3,1,1,0,2,1,1,1,2	105,126,112,107,89,89,92,103,104,107	176	75
2306	13,7,6,12,5,7,15,9,10,9	48,53,44,38,52,35,34,29,37,32	10,8,6,4,9,9,3,7,16,6	31,47,33,49,45,40,36,38,52,54	287	75
2307	11,7,6,10,5,6,15,9,9,7	1,0,0,1,0,1,0,1,0,1	10,5,6,3,8,9,2,6,12,6	0,0,0,0,1,1,0,0,0,0	271	75
2308	2,3,5,6,9,2,5,3,4,3	65,50,63,52,43,42,51,36,50,39	3,5,6,4,1,5,5,4,5,8	33,39,49,60,63,46,56,38,45,32	152	75
2309	0,0,1,3,2,0,3,0,1,3	17,19,11,17,31,16,16,21,20,14	4,1,1,2,3,1,4,1,5,0	17,14,16,21,14,15,19,11,14,25	1315	75
2312	0,0,0,1,0,0,0,0,0,0	1,4,2,0,0,0,6,1,3,1	2,0,0,0,0,0,0,2,0,0	0,6,1,1,3,1,1,2,1,0	168	75
2313	0,0,0,2,0,0,0,0,1,0	3,7,0,3,1,1,3,2,5,1	0,0,0,1,0,0,0,1,0,1	1,3,2,2,0,1,2,0,3,3	337	75
2314	0,3,0,0,2,0,1,1,0,0	1,1,3,1,0,1,2,1,1,1	0,1,1,5,2,1,0,2,2,3	1,0,0,1,0,0,1,0,2,1	596	75
2315	0,4,1,0,1,2,1,0,0,0	1,0,3,0,0,1,2,2,0,0	2,0,1,0,0,0,2,1,1,0	0,2,0,1,0,1,6,1,1,1	3912	75
2316	0,0,0,0,0,0,0,0,0,0	25,20,21,35,21,26,23,21,16,39	0,0,0,0,1,0,0,1,0,0	18,22,20,26,34,28,23,21,26,32	155	75
2317	12,17,8,17,20,11,12,14,17,7	30,26,29,26,21,26,22,21,24,34	21,20,15,9,13,6,20,12,14,18	23,23,16,18,12,21,12,11,16,26	1413	75
2319	4,7,4,5,7,9,2,3,4,4	17,12,23,21,19,19,22,18,16,13	7,1,1,2,9,1,4,1,1,1	14,17,15,22,17,18,21,11,12,14	179	75
2320	4,4,3,2,1,0,5,4,7,3	9,15,16,14,15,13,12,10,7,5	2,7,2,8,2,3,4,0,1,1	15,7,10,8,8,7,3,3,7,10	340	75
2322	0,4,2,0,5,1,4,5,4,2	123,125,109,89,97,107,75,79,90,113	3,2,2,1,2,6,2,0,2,3	126,133,85,96,103,108,82,104,103,98	229	75
2323	0,0,0,0,0,0,0,0,0,0	6,5,10,5,12,5,9,7,12,10	0,1,0,1,1,0,0,2,0,0	3,17,5,8,9,2,4,4,6,5	240	75
2324	1,0,0,0,0,0,0,3,0,0	0,0,0,0,0,0,0,1,0,0	0,0,1,2,1,0,1,0,0,0	0,0,0,0,0,0,0,0,0,0	353	75
2325	1,2,2,3,1,0,2,3,1,0	23,13,13,6,14,7,3,12,9,20	0,0,0,0,2,1,0,0,1,3	8,27,11,13,14,13,17,11,11,10	170	75
2326	28,38,31,40,22,35,35,26,37,25	18,17,20,17,10,13,27,15,14,8	30,52,26,32,38,39,40,33,28,33	22,14,10,19,27,18,15,19,19,21	2666	75
2327	0,0,0,0,1,0,0,0,0,0	0,0,0,0,0,0,0,0,0,0	0,0,0,0,0,0,0,0,0,1	0,1,0,0,1,0,0,0,0,0	194	75
2328	0,1,0,2,2,2,0,0,0,1	7,5,5,3,9,13,5,5,2,4	0,0,0,0,0,0,1,1,0,1	7,8,8,8,8,10,12,4,4,8	236	75
2329	5,3,2,3,3,4,4,5,6,3	7,6,1,6,8,7,0,8,5,3	3,1,3,6,4,4,1,5,1,2	5,6,4,3,8,3,3,1,3,9	1009	75
2330	30,20,37,31,27,27,23,24,12,27	0,0,0,0,0,0,0,0,0,0	21,30,19,28,19,33,19,20,17,20	0,0,0,0,0,1,0,0,0,0	223	75
2331	6,1,4,0,2,4,4,2,3,4	1,0,0,0,0,0,0,0,0,0	1,0,2,3,2,2,1,1,3,2	0,0,0,0,0,0,0,0,0,0	192	75
2332	96,91,100,84,73,80,80,73,72,81	1,0,2,0,0,1,1,1,1,2	62,70,77,79,87,94,85,70,71,69	1,1,0,1,1,1,0,0,1,0	302	75
2333	126,107,121,116,115,101,98,92,119,105	31,21,18,26,21,19,9,20,17,20	96,134,113,89,127,117,134,121,104,115	19,18,18,15,22,23,26,15,22,25	734	75
2334	6,6,8,4,3,5,8,1,2,4	17,11,18,23,17,20,24,19,16,18	5,4,10,4,7,2,4,3,3,10	17,29,18,8,17,19,24,11,18,16	405	75
2335	72,60,77,47,57,64,66,82,69,68	0,0,0,0,1,0,0,0,0,1	54,62,46,80,69,63,68,56,48,49	2,0,0,1,0,0,0,0,0,0	1146	75
2338	12,11,5,12,8,6,13,9,9,6	22,19,31,24,22,32,25,21,26,31	15,9,8,7,11,9,4,20,9,6	27,24,23,34,33,17,19,20,24,26	230	75
2339	28,26,20,22,22,21,29,33,21,20	4,4,4,4,6,4,5,1,8,6	28,25,27,17,26,18,18,38,21,14	4,7,4,6,9,8,7,2,3,6	281	75
2340	1,3,0,1,0,3,3,0,1,2	19,18,17,19,20,20,12,15,18,22	2,3,2,1,0,0,2,1,1,4	24,21,14,8,15,9,11,21,12,18	157	75
2341	2,3,6,0,1,2,0,0,3,2	28,27,26,24,26,21,32,15,22,34	2,1,0,0,1,1,2,4,1,0	23,27,21,22,15,15,25,35,27,24	155	75
2342	8,5,7,3,4,6,3,2,8,7	2,1,4,2,5,1,2,1,5,1	5,4,2,2,10,3,6,8,2,4	3,3,0,2,3,1,1,1,7,4	202	75
2343	4,0,0,0,1,2,1,1,0,0	7,10,10,5,8,4,5,11,6,15	1,3,3,3,1,2,0,2,7,1	8,6,9,9,10,6,4,11,1,5	148	75
2344	1,0,0,0,0,1,0,0,0,0	0,3,0,1,0,0,0,0,1,0	2,1,0,0,1,1,0,1,0,0	0,1,0,1,1,0,0,0,0,1	1626	75
2345	19,18,12,19,13,14,13,15,16,11	1,0,1,1,2,1,1,0,2,2	20,19,12,7,9,15,13,17,16,17	0,2,0,1,0,3,2,0,1,1	138	75
2346	0,0,2,3,3,0,2,1,1,0	13,11,9,14,9,11,11,8,12,9	0,0,1,0,0,0,0,3,0,1	4,16,4,6,9,14,9,11,12,15	551	75
2347	18,15,23,17,22,18,22,11,14,10	11,18,14,12,8,9,13,12,11,6	12,18,13,17,14,12,11,15,25,18	17,14,20,13,17,9,8,15,13,10	1141	75
2350	28,24,35,30,31,13,39,28,21,18	121,126,142,114,117,138,94,81,105,98	24,38,25,37,22,28,28,36,29,29	131,148,101,119,113,108,115,113,121,123	266	75
2351	3,11,7,8,3,2,9,7,8,3	102,131,121,89,95,114,73,86,84,106	4,15,2,9,13,6,3,4,8,9	116,123,111,87,100,94,92,83,101,94	284	75
2352	2,3,5,4,4,5,5,6,2,4	15,9,14,11,9,11,12,11,3,13	5,10,1,5,3,4,5,6,5,3	5,16,17,16,21,16,16,16,13,14	1369	75
2353	7,2,3,3,7,5,8,2,3,1	8,16,8,12,11,13,33,12,19,5	5,2,1,9,3,5,2,7,3,6	15,14,11,18,20,19,18,15,13,15	1273	75
2355	33,49,20,29,26,56,29,38,36,34	30,32,35,20,20,27,20,27,34,20	39,38,43,45,27,26,51,41,33,40	31,27,23,30,23,15,34,26,23,26	1480	75
2356	10,13,16,14,13,15,12,10,13,11	32,28,29,18,28,27,25,26,22,20	7,23,18,13,13,10,5,20,18,21	20,22,11,33,35,19,28,16,12,22	320	75
2357	74,83,93,69,88,111,65,88,103,88	0,2,0,0,0,0,1,0,0,1	84,87,67,80,77,56,79,90,63,98	0,0,0,0,1,0,0,0,0,0	541	75
2358	1,2,4,1,4,2,7,6,3,2	0,0,0,0,0,0,0,0,0,2	2,9,0,1,1,3,3,3,2,1	1,2,1,1,0,1,0,0,1,0	1379	75
2359	3,4,7,6,3,3,3,0,6,3	9,13,8,6,5,7,5,5,7,12	4,2,4,1,1,4,4,0,9,0	9,10,6,8,4,8,8,10,9,8	1074	75
2360	10,11,9,11,8,6,13,15,12,9	65,77,78,87,70,86,76,73,66,75	12,21,11,10,7,16,13,8,14,13	67,80,60,72,66,80,71,65,79,62	264	75
2362	11,7,3,14,6,10,11,5,9,5	106,137,106,110,69,122,90,83,103,93	13,5,5,10,12,0,7,5,12,12	84,99,85,86,92,120,117,89,97,116	299	75
2363	0,0,0,2,0,0,0,1,0,1	16,11,20,22,23,13,8,9,13,13	0,0,0,2,2,2,1,0,2,1	11,21,18,10,19,13,17,20,19,9	237	75
2364	13,8,17,10,18,17,20,20,14,20	49,40,53,42,31,52,36,40,36,42	13,13,11,20,11,13,14,17,15,14	35,53,60,30,45,46,33,44,47,45	1623	75
2365	62,41,58,60,54,39,47,42,47,34	10,7,12,5,11,5,12,15,9,13	39,54,42,42,25,40,33,41,33,47	13,12,14,16,10,12,11,10,17,16	885	75
2366	0,1,2,1,3,0,2,3,0,3	32,34,35,26,41,35,19,20,36,24	1,4,0,4,2,0,1,2,4,1	25,48,27,32,27,30,39,30,21,31	319	75
2367	1,5,4,4,4,4,4,4,3,5	25,12,30,21,23,21,28,18,24,21	2,6,2,4,3,1,1,3,9,2	24,16,26,17,28,18,24,10,19,21	322	75
2368	6,11,7,12,9,8,15,15,18,9	74,91,88,72,84,70,93,68,69,75	4,13,14,12,9,8,13,13,12,18	69,89,91,88,98,74,68,52,66,74	365	75
2369	40,46,40,24,49,38,37,32,33,37	60,54,67,39,47,81,55,54,47,54	44,47,50,39,36,40,35,37,48,53	46,60,52,46,67,68,44,54,49,52	159	75
2370	1,2,0,3,0,0,5,2,0,0	0,0,1,2,0,2,0,0,2,0	0,3,1,1,2,2,2,1,2,1	2,0,1,1,1,1,1,4,0,4	456	75
2371	2,3,2,2,6,2,4,1,7,3	0,1,3,2,0,0,1,2,0,2	1,1,3,5,4,2,4,2,6,7	2,1,1,1,1,1,0,0,2,0	218	75
2372	4,8,4,5,9,5,7,4,9,6	27,38,47,34,47,37,31,35,34,29	1,7,5,10,7,4,12,3,9,9	30,31,30,26,30,39,34,28,35,25	309	75
2373	6,8,4,7,10,6,11,5,11,7	0,0,1,3,1,1,1,1,1,1	1,5,4,12,8,4,14,3,11,9	1,0,4,2,0,1,1,3,1,2	550	75
2374	2,1,1,2,1,1,4,2,2,1	11,8,14,10,10,15,19,7,9,9	0,1,0,6,2,0,3,0,4,0	11,11,10,13,9,11,14,9,16,9	268	75
2375	59,67,52,55,70,59,60,49,42,60	0,0,0,0,1,1,0,0,1,0	45,52,54,60,53,43,77,54,55,56	0,0,1,0,0,0,0,0,0,0	667	75
2376	0,0,0,0,0,0,2,0,0,0	28,21,32,19,18,36,25,11,17,19	1,0,0,0,0,0,0,0,1,0	22,28,38,21,32,25,11,17,23,20	420	75
2377	9,9,17,12,14,7,12,19,15,3	12,6,5,7,6,5,5,5,10,9	5,12,15,14,3,12,8,16,18,8	10,8,2,6,5,3,6,5,7,5	263	75
2378	3,3,1,6,3,1,2,4,2,9	2,0,0,1,5,0,2,2,1,1	6,2,4,2,8,3,3,3,5,1	1,0,0,1,2,1,0,2,4,2	170	75
2379	3,3,1,6,3,1,2,4,2,9	17,14,8,10,11,3,5,11,18,16	6,2,4,2,8,3,3,3,5,1	17,16,15,13,6,8,13,17,9,7	168	75
2380	2,1,2,0,0,1,1,0,0,1	4,0,0,2,2,1,1,3,2,1	2,1,0,0,2,1,0,0,0,2	5,5,1,1,2,5,2,0,0,1	732	75
2381	4,4,2,5,5,2,2,3,5,3	2342,2199,2377,1866,1984,2125,1786,1667,1790,1999	2,4,4,2,1,7,4,3,5,1	2137,2029,2023,2004,2026,2156,2123,1825,1995,1954	159	75
2382	0,6,3,3,3,2,5,3,3,1	33,34,33,31,29,30,32,29,29,26	5,1,1,0,8,3,3,8,3,0	24,31,37,29,28,29,32,21,35,31	215	75
2383	1,0,0,0,1,0,0,0,1,1	10,19,17,8,12,12,12,10,9,16	0,2,0,0,0,0,1,0,0,1	13,7,11,11,15,4,10,10,8,9	367	75
2384	3,0,1,1,1,1,3,1,3,0	14,11,9,15,19,15,10,11,18,15	4,1,2,2,1,1,2,0,4,3	12,3,13,13,12,11,13,11,16,15	202	75
2387	771,708,758,707,652,678,682,600,648,665	0,0,0,0,0,1,0,0,0,1	671,655,641,617,778,732,669,642,675,770	0,0,1,0,0,0,0,0,0,0	666	75
2388	5,10,2,8,6,8,6,5,11,6	0,0,2,0,0,0,0,0,0,0	7,9,7,5,8,8,6,7,3,6	0,0,0,0,0,0,0,0,0,0	1153	75
2389	12,7,6,3,4,14,4,6,8,10	19,16,15,15,13,12,8,19,16,14	5,8,3,8,16,2,6,8,9,14	11,19,9,6,12,17,13,9,9,16	253	75
2391	7,5,1,4,4,4,4,7,2,4	35,28,26,22,25,21,26,21,30,18	5,12,7,6,3,3,3,5,5,5	17,27,27,24,14,29,27,31,25,18	316	75
2392	74,73,62,59,69,86,73,58,69,67	163,168,150,136,136,134,153,112,122,160	59,77,63,73,67,74,73,70,64,83	145,173,134,136,149,153,160,141,146,133	1706	75
2394	123,111,104,98,87,95,112,80,112,110	3,14,10,7,10,5,2,8,9,9	89,111,72,100,88,79,77,85,118,96	8,12,7,6,3,13,14,8,13,12	1596	75
2395	6,12,1,7,5,6,11,4,4,5	16,16,14,11,17,14,10,14,11,11	3,1,2,2,3,5,3,1,3,6	23,20,17,9,18,14,9,15,17,10	507	75
2396	9,18,2,7,5,6,5,10,7,4	10,17,11,15,13,23,9,14,8,15	6,7,7,5,4,9,4,10,4,8	14,16,17,15,19,12,13,4,13,5	317	75
2397	1,0,0,2,0,0,2,2,2,2	11,11,10,7,7,12,7,3,6,4	3,3,1,0,2,2,0,2,0,1	9,8,4,4,4,4,9,3,5,8	151	75
2399	1,0,0,0,1,0,0,2,0,0	45,28,39,32,34,62,47,32,42,45	1,0,0,0,0,0,0,0,0,1	32,48,41,39,44,36,52,47,35,43	498	75
2400	1,0,0,0,0,2,2,1,0,1	0,0,1,2,0,0,0,0,0,1	0,3,1,0,0,1,1,0,0,0	0,3,1,0,1,1,1,0,0,0	1640	75
2401	43,31,48,48,47,43,50,58,52,46	8,11,10,1,12,7,3,8,6,11	33,72,43,46,35,48,43,54,53,73	12,8,10,10,9,11,17,16,11,16	2271	75
2402	57,52,64,70,66,60,72,75,68,67	0,0,0,0,0,0,0,0,0,2	50,92,63,67,50,60,60,66,76,96	0,0,0,0,0,0,0,0,0,0	2370	75
2403	0,1,0,0,0,2,1,3,2,3	0,0,0,0,0,0,0,0,0,1	0,1,2,6,0,0,2,1,0,2	0,0,0,0,0,0,0,0,0,0	893	75
2406	0,0,0,0,0,0,0,0,1,1	0,0,0,0,0,0,0,0,0,0	2,1,1,0,1,0,1,0,1,0	0,0,1,0,0,0,1,0,0,0	428	75
2408	29,24,25,50,21,29,22,17,33,21	0,0,0,0,0,0,0,0,0,0	30,55,30,32,19,26,28,30,50,38	0,0,0,0,0,0,0,1,1,0	905	75
2410	8,9,4,13,5,9,9,8,12,6	36,21,19,19,22,22,17,20,25,30	8,10,3,14,11,4,5,12,6,9	27,23,16,23,20,18,21,18,10,21	2007	75
2412	4,2,2,3,1,0,2,1,2,2	58,43,40,43,42,62,51,47,42,53	0,1,1,4,1,1,1,1,0,3	50,40,38,44,41,63,43,40,31,39	2339	75
2413	4,6,5,3,5,4,3,11,6,2	28,31,27,29,27,21,23,24,29,21	7,5,5,10,4,3,2,9,9,7	32,23,26,23,25,29,21,30,26,32	394	75
2414	13,9,14,14,15,13,9,8,6,14	63,57,42,39,51,46,45,33,49,43	7,17,16,11,10,7,10,16,7,12	49,56,49,35,47,57,36,39,41,33	289	75
2415	7,5,11,10,7,6,6,5,3,8	0,2,0,0,1,0,0,0,0,0	7,7,7,7,7,5,3,7,2,11	1,1,0,0,0,0,0,0,0,1	190	75
2416	3,1,4,2,3,0,0,1,5,0	12,5,7,7,8,6,6,8,6,5	0,0,1,0,0,3,0,0,7,0	5,7,6,3,2,3,12,2,9,6	333	75
2417	0,1,0,1,0,0,0,0,1,2	23,23,19,11,21,18,15,19,15,25	0,0,0,0,1,0,1,0,0,0	24,25,16,12,20,20,23,23,20,12	150	75
2418	39,48,54,49,44,46,39,62,41,38	48,32,35,44,31,36,25,24,17,27	37,54,32,36,45,47,35,52,49,56	31,36,26,28,30,35,41,22,27,26	1798	75
2419	12,9,10,15,9,9,11,12,17,10	14,18,17,27,13,14,17,16,16,23	6,22,10,16,8,11,8,11,15,16	17,23,19,15,20,11,23,20,22,16	977	75
2420	6,4,6,5,8,3,3,2,9,8	49,31,47,43,32,50,44,37,39,37	5,8,3,6,2,7,3,3,3,4	39,38,51,36,44,40,41,38,31,27	1545	75
2421	101,84,89,87,86,78,87,66,100,91	2,0,0,0,1,0,0,0,1,1	78,98,87,79,78,86,88,92,61,54	1,2,3,1,1,0,0,0,0,1	201	75
2422	76,70,51,55,60,54,70,69,78,55	3,0,0,0,0,0,0,0,0,0	44,76,79,69,64,84,71,55,61,41	0,0,0,0,0,0,1,0,0,0	183	75
2423	134,140,114,116,118,99,138,118,148,114	0,0,0,0,0,0,0,0,0,0	95,135,125,119,132,135,139,97,116,73	0,0,1,0,0,0,0,0,0,0	306	75
2424	43,44,30,67,49,59,49,64,52,41	249,322,310,316,287,359,231,206,228,264	29,51,55,51,50,33,52,70,50,54	309,273,289,273,292,266,250,284,300,241	344	75
2425	3,5,3,4,10,7,7,3,4,10	16,21,16,15,14,17,7,8,16,19	2,8,9,4,2,0,3,3,6,5	12,14,11,22,24,16,15,16,26,17	153	75
2426	6,7,8,8,5,9,7,7,5,9	27,31,27,26,25,26,26,20,32,21	5,6,8,9,3,12,7,13,9,7	29,28,15,14,17,31,19,16,16,15	445	75
2427	17,15,17,20,23,10,27,20,12,22	165,172,163,133,142,148,125,126,130,159	17,31,12,27,10,26,16,17,16,17	147,150,127,162,146,162,134,118,171,111	1079	75
2428	1,0,1,4,0,0,3,1,2,0	21,28,14,8,8,7,9,16,20,21	3,4,0,0,0,1,1,1,0,0	4,29,4,12,7,14,19,12,6,9	1101	75
2430	0,0,2,1,1,0,0,2,0,0	2,3,4,3,1,3,0,4,0,1	1,2,0,0,2,2,0,0,0,0	1,1,3,1,2,1,3,1,1,0	247	75
2431	0,1,0,0,0,2,1,1,2,0	1,3,1,3,5,4,3,2,4,7	1,0,1,0,0,0,1,0,0,0	3,4,0,2,6,2,2,5,1,2	161	75
2432	4,6,0,3,3,6,5,1,7,3	0,0,0,0,0,0,0,0,0,0	2,6,3,4,2,6,1,5,5,5	0,0,0,0,0,1,3,0,0,0	1988	75
2433	49,25,40,48,42,31,28,29,32,36	2,0,1,0,1,4,3,3,2,3	37,40,22,27,27,39,32,32,32,24	1,5,0,2,1,0,0,2,2,0	257	75
2434	0,0,0,0,1,0,0,0,0,2	0,0,0,0,0,0,0,0,0,0	0,3,1,0,1,0,1,2,1,2	0,1,0,0,0,0,0,0,0,0	200	75
2435	2,0,4,1,2,0,4,0,2,5	0,0,0,0,1,0,0,0,0,0	1,3,2,4,4,1,6,6,2,2	1,0,0,0,0,0,0,0,1,0	504	75
2436	1,0,4,1,2,0,3,0,2,3	0,0,0,1,0,0,0,0,0,1	1,0,1,4,3,1,5,3,2,0	0,0,0,0,1,0,0,0,1,0	302	75
2437	2,1,3,2,0,0,3,0,2,1	173,149,158,128,130,145,148,134,146,151	2,3,1,1,3,2,1,5,0,5	122,188,149,152,127,196,164,139,104,145	161	75
2438	11,11,12,16,13,7,14,20,12,6	35,31,39,23,26,24,10,13,18,31	4,8,10,12,4,7,13,12,16,16	31,23,18,26,22,29,29,23,23,28	2738	75
2439	33,18,39,33,26,42,33,26,38,27	1,0,0,0,0,0,0,0,0,0	42,39,37,32,28,32,30,32,34,42	0,0,2,0,0,0,0,0,1,0	1379	75
2440	0,1,0,0,1,0,0,0,1,1	1,0,0,0,0,0,0,0,0,0	1,0,0,1,0,2,1,0,1,0	0,0,0,0,0,0,0,0,0,0	149	75
2441	2,3,4,4,1,2,1,1,5,1	2,3,8,5,6,3,3,4,5,10	2,4,1,2,3,1,3,2,4,0	3,5,5,2,3,1,0,5,2,6	183	75
2444	1,4,3,5,4,3,5,4,5,3	260,273,282,365,284,288,265,229,282,264	3,6,2,10,6,2,5,3,4,5	245,288,208,285,274,291,290,292,306,268	567	75
2445	3,1,2,1,5,2,3,3,3,1	403,387,416,421,384,397,355,303,349,380	3,0,3,0,2,1,1,3,0,1	386,402,357,386,350,364,377,380,375,399	164	75
2447	3,3,4,6,4,3,4,8,5,5	42,55,40,43,42,34,39,32,40,54	6,5,4,1,6,1,4,9,4,3	19,39,36,35,35,33,48,36,50,39	145	75
2448	1,6,6,0,2,2,3,4,4,1	57,48,48,32,36,25,34,35,36,41	1,12,3,1,4,3,4,3,3,2	34,37,30,34,41,29,39,29,36,40	147	75
2449	6,5,11,7,8,1,8,8,6,4	30,21,24,22,31,18,29,22,27,29	6,2,6,2,3,3,4,2,8,9	22,20,10,18,30,17,22,25,19,14	141	75
2450	3,1,0,2,2,1,0,0,2,3	20,29,41,23,31,29,21,21,31,14	3,1,1,5,0,1,3,2,3,4	23,37,23,38,20,33,32,21,30,34	154	75
2451	0,3,0,1,1,0,1,1,2,2	39,44,41,26,32,26,24,38,31,25	1,3,0,0,3,0,0,3,2,0	40,45,25,33,30,42,38,36,29,45	148	75
2452	1,4,2,4,0,0,2,1,1,1	29,29,45,22,28,26,36,27,32,34	0,0,0,0,1,1,0,0,1,2	27,30,29,38,43,26,46,22,30,42	148	75
2454	0,0,2,1,0,0,0,0,1,0	42,31,30,23,34,23,30,38,23,28	1,1,0,0,1,1,0,2,0,1	20,24,29,22,22,26,35,35,34,31	152	75
2455	0,0,0,2,1,2,3,6,1,1	37,47,38,38,27,29,34,25,32,26	1,4,0,0,2,0,3,0,3,2	34,37,34,34,25,43,27,32,23,36	151	75
2456	26,29,25,31,17,19,23,39,33,22	221,201,210,187,173,161,186,183,159,197	19,30,16,27,25,22,16,22,38,24	174,186,166,155,196,203,165,160,136,147	1151	75
2457	4,4,0,7,1,3,4,1,4,4	296,277,293,278,219,255,211,177,215,230	2,7,7,7,5,4,0,5,2,6	285,259,254,196,278,287,276,246,244,267	1105	75
2458	7,8,6,11,7,2,4,0,4,3	369,358,359,329,313,337,267,294,298,316	3,2,3,5,7,5,9,4,7,5	305,358,340,303,354,321,327,304,316,342	738	75
2459	14,16,18,9,7,11,12,9,9,10	318,338,325,307,281,312,264,242,245,316	10,22,13,15,9,11,9,14,16,18	287,308,276,313,313,301,285,270,298,269	219	75
2460	13,15,14,9,7,11,8,9,7,10	109,99,92,78,76,77,69,72,85,105	10,17,12,12,8,7,6,11,15,16	92,90,92,66,109,89,84,44,86,53	216	75
2461	2,0,3,2,1,5,0,0,1,4	311,255,319,262,255,264,233,223,269,290	1,5,1,3,3,0,1,0,2,1	257,291,220,267,264,276,315,268,271,291	173	75
2462	55,50,64,55,59,45,51,46,49,43	241,231,229,202,239,241,197,159,177,224	47,58,48,47,49,59,55,36,33,61	224,229,212,198,268,217,227,242,205,192	194	75
2463	7,3,5,7,5,3,9,6,9,3	15,14,18,17,14,17,21,10,10,17	3,5,6,3,9,9,7,1,7,6	22,19,19,16,17,19,4,16,12,18	424	75
2464	4,3,4,3,4,3,6,5,8,3	0,0,0,0,0,0,0,1,0,0	3,5,4,3,7,7,5,1,6,6	1,0,0,0,0,0,0,0,0,0	382	75
2465	2,3,4,1,1,3,1,1,2,1	16,16,30,9,15,20,15,19,14,14	2,1,1,2,2,3,2,0,1,4	15,15,20,15,19,25,27,15,21,23	166	75
2466	6,12,9,3,1,4,6,6,8,3	13,12,19,23,20,12,11,10,14,16	7,6,3,3,4,5,9,10,3,5	19,12,11,16,14,23,17,21,19,20	170	75
2467	267,325,264,219,246,288,196,241,326,201	0,0,0,0,0,0,0,0,0,0	221,304,242,318,289,296,383,291,262,244	0,0,0,0,0,0,1,0,0,0	1996	75
2468	139,146,136,133,123,145,110,122,155,143	1,3,4,1,0,0,1,5,3,1	111,142,139,142,111,158,165,104,154,132	2,1,2,5,0,0,0,0,1,3	173	75
2471	9,5,7,8,9,9,12,6,6,6	21,17,16,12,13,22,14,16,15,9	8,10,6,7,13,12,4,7,7,4	13,16,15,10,9,9,17,9,19,17	520	75
2472	171,197,190,173,166,224,197,140,165,146	1,0,1,0,0,0,2,0,2,1	201,198,165,191,166,184,190,162,170,173	0,2,0,0,1,0,2,2,0,0	204	75
2474	11,19,23,14,11,18,27,11,13,13	45,45,52,44,37,43,43,25,50,47	16,11,10,18,18,12,20,22,9,22	39,55,53,44,51,50,43,34,47,59	260	75
2475	0,0,0,0,0,0,0,0,0,0	6,7,2,6,3,2,1,4,5,4	0,1,0,1,0,0,0,0,0,0	6,11,3,1,6,4,3,1,8,1	496	75
2476	62,69,83,56,59,46,74,56,69,57	1,2,1,0,0,3,1,7,3,6	47,65,57,63,69,66,65,80,66,74	2,1,2,5,4,1,2,3,2,1	207	75
2477	32,32,21,34,21,31,39,31,20,26	40,30,32,33,39,27,28,27,33,30	18,31,24,29,25,19,17,20,24,11	39,42,42,31,34,38,30,33,16,41	1176	75
2478	0,2,0,3,3,1,3,2,2,0	29,28,45,41,29,26,35,33,45,38	1,0,0,3,2,1,1,4,1,1	34,46,44,44,34,38,39,45,43,36	262	75
2479	11,13,18,18,17,8,19,10,29,18	40,32,37,29,22,36,31,28,29,30	9,19,9,23,8,18,14,21,23,20	33,43,24,34,27,24,29,35,31,47	559	75
2480	27,23,23,25,24,24,26,23,30,22	12,1,3,3,2,2,6,2,5,3	25,30,19,22,18,26,19,23,30,17	4,5,2,4,7,5,6,3,8,1	1993	75
2481	10,17,8,14,7,8,15,11,6,15	0,0,0,2,0,1,1,0,0,0	6,20,4,13,8,7,6,13,15,5	0,1,0,0,0,0,0,0,0,1	1101	75
2482	13,23,13,16,7,17,23,16,10,19	1,0,3,0,2,1,1,1,1,0	10,29,7,16,10,11,14,20,19,8	0,1,3,0,1,0,0,1,0,0	1207	75
2483	19,28,13,17,10,13,15,12,9,20	0,0,1,1,0,0,0,0,0,0	10,25,8,18,11,10,9,16,20,9	0,0,0,0,1,1,0,1,0,0	1169	75
2484	0,1,0,0,0,0,0,0,0,0	80,81,86,79,87,71,42,54,73,88	0,0,0,0,0,0,0,0,1,1	93,62,66,83,96,73,70,60,58,60	307	75
2486	2,4,4,9,5,12,2,3,0,3	892,797,971,814,878,825,750,665,709,879	2,4,7,1,4,6,6,4,2,6	812,771,922,774,784,797,714,748,846,602	154	75
2487	0,0,0,0,1,0,0,1,1,0	0,0,0,0,0,0,0,0,0,0	0,1,0,0,0,3,0,0,0,0	0,0,0,1,0,0,0,0,0,0	185	75
2488	1,0,0,0,1,1,0,1,1,1	1,0,4,0,0,0,2,0,0,2	0,1,0,0,0,3,0,0,0,0	1,3,2,2,2,1,0,2,1,1	207	75
2489	0,0,0,0,0,0,0,0,0,1	1,3,6,3,5,3,2,2,3,1	0,0,0,1,1,0,0,0,0,0	3,2,5,6,3,7,6,9,1,6	320	75
2491	5,7,5,8,8,10,15,9,4,6	2,0,0,0,5,3,3,0,0,1	5,7,3,13,9,6,7,7,9,4	0,1,1,1,0,0,0,4,0,1	735	75
2492	0,0,0,0,0,0,1,0,0,0	6,8,7,2,2,4,5,5,5,0	0,0,0,0,0,0,0,0,0,0	8,3,1,2,5,9,8,2,4,5	176	75
2493	219,122,210,194,216,132,204,172,182,164	196,178,196,165,126,175,154,142,136,159	185,234,193,178,128,196,189,196,199,218	154,143,142,135,164,153,166,149,138,132	660	75
2494	9,8,12,8,6,3,12,7,8,9	134,156,130,115,113,152,138,122,137,109	7,12,11,4,8,8,5,2,6,8	124,167,112,126,114,112,122,113,119,133	328	75
2495	4,12,7,4,12,10,11,5,3,4	72,58,70,51,58,64,59,44,49,68	6,7,10,4,5,6,5,9,6,8	71,56,56,42,56,51,60,65,68,45	1022	75
2496	4,12,6,4,12,10,11,5,3,4	1,2,2,2,5,1,1,0,2,2	6,6,8,4,5,6,5,8,6,8	2,3,1,3,3,0,0,2,0,0	1012	75
2497	69,55,50,43,61,50,75,49,61,59	80,88,70,64,77,68,68,56,44,64	45,56,57,33,60,49,43,43,51,52	69,73,76,79,63,63,75,48,70,54	386	75
2498	126,150,118,150,110,117,159,131,109,81	78,52,73,75,57,70,49,62,60,63	113,189,123,126,107,135,114,158,185,127	60,61,51,52,79,81,68,60,57,56	3375	75
2499	0,2,2,5,1,0,4,0,2,1	104,149,131,100,113,156,82,107,119,128	2,2,1,1,3,5,3,4,1,3	112,117,111,111,128,98,108,137,116,123	440	75
2500	7,8,6,7,9,10,8,6,8,4	5,8,6,7,4,2,9,7,5,9	10,10,7,11,11,11,3,6,4,6	3,1,3,2,8,2,5,4,3,4	147	75
2502	0,1,0,0,0,0,0,0,1,0	46,66,44,43,46,62,49,28,30,41	0,0,1,1,0,0,0,0,1,0	67,69,54,46,47,52,30,47,63,50	1049	75
2504	63,54,71,57,67,67,50,51,66,78	49,47,48,41,34,40,33,21,35,41	58,70,66,64,67,69,71,78,54,74	38,30,28,37,44,39,51,39,29,33	144	75
2506	2,4,1,1,3,1,0,3,3,2	0,0,0,0,0,0,0,0,0,0	3,6,1,3,0,6,4,0,2,3	0,0,0,0,1,0,0,0,0,0	459	75
2507	3,4,6,1,4,4,2,5,3,4	0,0,1,0,0,0,0,0,0,0	3,6,1,3,2,9,5,1,3,4	0,0,0,0,0,0,0,0,0,0	983	75
2509	2,1,1,0,2,1,2,0,0,1	31,29,46,24,32,18,31,16,31,24	1,4,2,5,2,3,3,1,1,2	24,45,26,30,37,32,43,27,16,25	1838	75
2511	14,12,12,8,8,12,15,5,13,8	11,3,2,3,4,5,2,2,3,3	6,12,7,3,12,9,9,7,13,9	5,4,6,3,3,7,3,2,1,1	3655	75
2512	0,0,0,0,0,0,0,0,0,0	38,35,37,25,31,29,25,30,38,36	0,1,0,0,0,0,0,0,0,0	30,30,27,35,37,17,28,25,29,17	197	75
2513	5,4,14,5,6,8,11,7,1,4	42,31,55,35,38,29,23,42,26,37	2,4,4,7,6,5,3,10,12,5	28,36,29,34,35,32,36,30,23,42	1460	75
2514	4,9,3,2,4,3,2,5,7,8	94,91,95,77,77,109,82,66,81,81	5,9,7,6,3,6,1,6,2,5	70,80,70,116,78,84,83,62,77,61	346	75
2515	0,1,0,2,0,0,1,1,1,0	42,36,28,29,32,35,30,30,29,28	0,1,1,0,1,0,1,0,0,2	32,41,31,41,38,31,33,32,25,25	660	75
2516	31,30,35,38,19,20,35,46,33,27	21,16,17,14,12,13,12,12,13,27	29,41,31,32,18,27,22,37,45,38	18,18,21,23,15,19,24,25,18,17	618	75
2517	0,3,2,2,1,0,0,2,0,0	27,35,30,26,23,10,14,23,32,29	1,3,2,0,1,0,0,0,0,0	18,32,24,30,23,33,22,18,32,26	849	75
2518	2,7,0,1,5,2,3,2,1,2	2,1,6,4,2,2,2,4,3,2	0,3,1,5,0,2,0,5,0,1	1,2,3,1,3,4,1,1,1,0	243	75
2519	10,6,6,8,6,9,9,11,6,3	32,37,26,31,25,34,34,33,25,27	11,8,8,8,9,4,2,5,9,5	24,36,24,27,34,22,35,19,38,33	195	75
2520	7,6,6,5,6,9,9,8,6,3	0,1,1,3,0,0,0,0,0,0	11,8,8,8,9,3,2,5,8,5	0,0,0,1,3,1,0,1,0,3	188	75
2521	1,0,1,6,2,2,2,3,5,3	0,1,2,3,2,1,0,1,0,2	0,10,5,3,0,3,1,3,1,1	0,1,1,2,0,0,2,1,1,0	1511	75
2522	27,15,22,15,21,24,35,24,27,17	76,47,70,42,50,43,56,49,41,76	23,19,20,17,13,27,17,27,30,30	42,48,41,42,73,49,43,39,60,37	353	75
2524	426,316,416,340,347,368,313,299,305,282	0,1,0,0,0,0,1,0,0,2	355,428,359,331,322,363,316,271,380,322	0,0,1,1,1,0,0,1,0,0	2569	75
2525	0,0,0,1,0,0,0,0,0,0	21,16,12,10,12,15,9,4,14,9	0,1,0,0,0,0,0,1,0,0	11,15,12,12,7,17,17,14,9,13	163	75
2526	8,18,9,20,10,9,8,16,6,4	16,24,25,21,29,21,14,12,16,15	10,15,15,12,10,4,9,7,11,4	20,27,17,18,16,23,24,19,18,28	1465	75
2527	28,42,34,27,25,30,30,43,34,26	88,96,113,89,91,101,75,85,93,86	27,24,28,38,30,27,16,40,35,30	69,87,89,86,106,84,89,101,98,83	952	75
2528	3,3,2,1,6,0,4,4,2,2	36,39,47,27,33,34,33,27,39,35	2,3,1,5,3,0,1,3,5,2	29,18,36,32,40,52,41,33,45,39	187	75
2529	5,4,5,5,6,1,5,2,4,0	133,123,141,119,129,122,111,124,153,138	3,2,4,4,8,4,2,8,3,7	137,153,123,114,124,175,143,121,135,114	468	75
2530	43,36,29,58,32,25,52,43,47,26	151,134,164,103,128,122,127,118,137,130	22,44,34,40,29,30,24,42,36,53	159,129,122,147,147,148,131,124,164,117	876	75
2531	36,17,27,27,30,30,22,25,10,19	0,4,0,2,0,1,3,2,0,0	27,26,22,13,18,31,16,17,33,21	3,0,1,0,1,0,0,0,1,0	199	75
2532	11,16,2,4,5,10,12,7,9,9	0,2,1,0,1,2,0,1,0,0	6,14,8,7,7,6,12,10,12,1	0,2,0,0,1,2,0,0,1,0	1029	75
2533	3,1,0,2,0,0,3,0,0,2	2,7,1,2,5,2,4,3,1,5	0,0,1,3,0,0,1,0,1,1	1,5,5,5,6,0,5,0,4,1	789	75
2534	195,175,177,199,144,150,164,169,179,130	62,76,73,67,75,61,56,73,72,101	156,191,147,200,173,168,137,166,239,209	60,94,92,93,74,79,99,88,78,81	949	75
2535	6,4,3,9,6,6,4,2,11,3	53,61,59,57,42,59,53,51,48,55	3,3,8,8,8,14,1,7,4,6	53,48,37,58,62,62,67,46,63,71	152	75
2537	113,132,88,118,75,84,118,97,88,97	298,291,365,324,373,246,279,156,283,515	89,110,87,134,98,99,58,96,107,117	363,293,279,182,364,335,222,180,172,160	700	75
2538	1,0,0,2,0,1,2,1,1,1	31,30,31,26,19,32,22,24,19,27	1,0,0,1,0,0,0,0,1,2	21,26,31,11,21,24,29,26,30,22	1904	75
2539	0,0,0,0,0,0,0,0,0,0	0,0,2,2,2,1,0,0,0,0	0,1,0,0,0,0,0,0,0,0	1,0,0,0,1,0,0,0,0,0	593	75
2541	7,5,4,11,9,5,10,10,3,4	38,51,52,42,36,47,34,48,30,46	6,9,8,5,9,8,6,6,6,10	47,42,51,47,41,50,47,52,63,45	280	75
2542	0,0,0,1,0,0,0,0,0,2	48,61,46,47,49,44,27,35,40,44	2,0,0,0,0,0,1,0,0,1	49,51,44,46,37,40,46,47,46,39	164	75
2544	0,1,2,2,2,3,0,1,1,3	64,45,75,49,42,50,39,51,56,65	3,3,2,3,0,1,0,1,0,0	54,45,56,46,73,68,65,45,45,48	344	75
2545	1,1,4,1,4,4,0,1,3,4	62,56,48,44,44,58,38,44,58,44	3,1,1,1,2,1,1,3,0,1	63,58,48,39,64,60,56,40,50,46	448	75
2546	0,0,0,0,2,1,0,0,2,0	19,25,11,19,12,25,22,13,14,23	1,1,0,0,1,0,0,1,2,0	12,18,18,23,29,24,19,12,20,15	1682	75
2548	1,0,0,0,0,0,1,0,0,0	2,0,0,0,2,0,0,1,2,2	0,0,0,2,0,0,0,0,1,0	0,2,0,1,1,0,2,0,1,2	162	75
2549	0,0,0,1,0,0,0,0,0,0	0,3,1,0,0,0,0,0,0,0	0,0,0,0,0,0,0,0,0,0	0,0,0,0,0,0,0,0,1,0	227	75
2550	41,42,29,17,33,28,31,18,37,29	56,59,55,40,38,59,35,39,53,49	33,28,36,34,35,31,37,35,29,38	41,51,36,41,63,48,49,42,61,39	2498	75
2551	30,44,21,39,31,29,24,23,31,40	154,136,160,104,106,136,101,122,119,115	30,33,22,29,37,31,25,37,22,33	138,154,152,136,143,143,148,122,116,114	1597	75
2552	168,140,154,133,137,158,106,88,123,143	0,0,0,0,0,1,1,0,0,0	136,159,146,125,113,109,105,121,97,106	0,0,0,0,0,0,0,1,0,0	516	75
2553	163,133,149,125,125,150,102,86,116,133	0,0,1,0,0,1,0,0,0,0	130,150,146,117,107,109,102,118,96,99	0,0,1,0,0,1,0,0,0,2	377	75
2554	44,60,57,70,60,61,53,59,76,47	0,0,0,0,0,2,0,0,0,0	53,66,54,48,65,50,65,66,50,50	0,0,0,0,0,0,0,0,0,0	192	75
2555	0,0,0,0,0,0,0,1,0,0	9,6,6,5,5,5,4,7,8,2	0,0,0,0,0,0,0,0,0,0	4,6,5,2,5,5,5,9,2,10	237	75
2556	1,0,4,2,1,0,0,4,4,0	6,10,11,5,7,10,12,5,13,4	0,2,0,1,2,4,1,2,0,2	12,6,14,5,3,4,1,5,9,4	1075	75
2558	2,3,2,0,1,2,6,0,0,0	14,18,11,11,9,14,15,11,11,14	1,2,2,1,2,2,0,3,0,0	7,7,9,16,5,8,13,6,17,9	172	75
2559	25,20,33,27,19,18,42,27,32,24	15,11,8,18,16,9,19,15,8,13	29,29,20,30,29,20,22,22,25,21	10,12,10,6,4,9,12,9,6,9	1002	75
2560	33,36,26,25,33,30,40,40,31,30	14,13,8,6,11,9,7,11,9,18	19,21,30,42,33,26,29,23,37,28	10,12,9,11,5,9,16,13,7,9	369	75
2561	30,31,23,23,29,27,39,40,29,29	0,0,0,0,0,0,0,0,0,2	17,21,28,38,28,26,27,21,35,28	0,0,0,0,0,0,0,0,0,0	350	75
2562	78,98,71,61,88,64,84,87,96,73	0,0,0,0,0,2,0,0,0,0	62,73,65,79,81,71,71,68,85,78	0,0,0,1,0,2,0,0,0,0	888	75
2565	4,12,12,19,17,4,17,9,12,11	70,52,77,67,46,67,68,58,64,56	6,9,10,8,18,8,7,13,8,11	44,52,58,66,83,75,64,79,77,62	308	75
2567	16,15,11,15,11,15,16,12,14,9	83,87,77,86,93,73,67,59,80,91	14,24,14,22,12,6,19,12,15,19	81,75,74,75,86,92,78,78,75,61	1577	75
2568	59,42,43,51,39,55,49,44,38,53	4,5,0,1,2,3,0,1,1,3	41,50,45,41,38,52,50,43,45,42	5,4,1,4,6,3,1,3,2,0	155	75
2569	2,3,2,1,0,0,1,0,0,1	45,22,52,29,35,29,20,45,43,50	0,1,2,1,0,0,2,0,0,0	39,54,39,32,17,33,16,23,35,14	483	75
2570	11,18,12,14,15,15,20,13,14,15	0,1,2,2,0,3,0,1,0,0	13,20,12,14,8,11,21,32,31,23	2,2,2,2,1,1,0,0,1,1	986	75
2571	0,0,0,0,0,0,0,0,0,0	172,128,157,135,152,133,93,131,132,169	1,0,0,1,0,2,0,1,1,0	119,165,135,127,139,129,147,118,125,97	179	75
2572	0,0,0,0,1,0,0,0,1,0	88,85,64,64,64,66,57,58,65,52	0,1,3,0,0,0,0,0,0,1	80,68,62,77,72,61,79,87,57,63	921	75
2573	1,3,3,4,8,8,4,5,4,2	33,35,39,33,31,24,30,36,20,24	1,8,3,3,1,4,3,8,5,3	38,37,41,26,43,30,31,23,32,32	143	75
2574	10,13,5,4,4,7,10,12,8,8	69,64,80,77,81,82,56,54,58,76	5,8,8,9,4,4,5,14,12,9	73,88,78,60,70,62,62,67,54,75	173	75
2575	235,239,227,205,182,235,201,147,182,223	4,1,3,4,4,7,5,6,5,3	212,223,208,189,204,226,194,201,193,196	4,7,10,2,5,3,4,8,2,1	323	75
2576	1,0,0,0,0,1,0,0,1,0	0,0,0,0,0,0,0,0,0,1	0,0,0,0,0,0,0,1,0,0	0,0,0,0,0,0,0,0,0,0	186	75
2578	1,4,1,2,1,0,4,0,0,0	0,0,1,0,0,0,2,1,0,0	2,0,2,0,0,0,0,0,1,0	0,1,0,0,0,2,1,1,0,0	578	75
2579	273,243,267,209,183,249,195,156,220,192	47,31,40,41,19,36,26,28,42,36	218,226,193,221,246,228,266,206,225,194	34,37,48,24,35,26,35,34,31,46	156	75
2582	7,12,4,14,6,9,5,10,11,10	6,8,6,2,6,3,3,1,4,7	5,12,2,7,6,5,9,8,13,7	7,8,4,9,10,3,6,7,10,6	1167	75
2584	16,7,16,10,12,11,15,8,4,7	0,2,0,1,0,0,0,3,0,0	17,15,16,10,10,15,13,8,12,8	1,0,0,0,0,1,2,1,1,1	224	75
2585	5,11,9,8,11,9,6,13,5,10	2,0,2,2,0,0,1,1,3,4	9,10,15,10,9,5,12,9,11,8	1,3,4,1,2,1,1,0,5,1	141	75
2586	7,9,13,17,17,9,20,19,20,9	16,12,6,18,13,18,14,6,20,21	16,21,8,13,8,11,18,20,17,15	27,20,21,16,10,18,17,16,14,21	536	75
2587	5,16,1,9,12,4,9,6,4,6	33,20,16,16,18,26,19,13,11,13	3,5,2,7,3,5,2,9,4,6	16,17,28,15,27,19,19,23,23,13	1907	75
2588	0,1,0,0,0,0,1,0,0,0	14,15,10,8,7,6,4,4,9,9	0,0,0,0,0,0,0,2,0,0	11,11,7,11,9,6,9,12,8,7	1369	75
2592	0,0,1,0,0,0,0,1,0,0	27,31,25,25,28,18,16,22,24,24	0,0,0,1,0,0,0,0,0,0	26,24,19,24,25,19,27,30,16,12	159	75
2596	16,11,10,12,10,10,11,15,7,7	3,3,3,6,4,5,2,4,2,2	6,12,5,5,10,9,7,4,7,7	3,5,3,2,2,3,1,2,4,0	790	75
2597	170,154,150,141,143,122,120,114,125,149	0,4,4,3,0,0,0,1,2,3	115,135,129,132,150,135,139,123,149,117	3,0,0,1,0,6,2,2,2,0	169	75
2598	2,2,0,4,2,3,2,5,7,1	81,80,65,54,63,56,54,67,73,63	4,3,4,2,0,2,0,0,3,4	69,62,52,78,74,73,80,76,69,70	953	75
2599	6,9,3,2,4,3,4,3,1,4	74,88,92,62,59,59,79,60,71,67	4,8,3,8,5,6,2,2,8,5	78,84,85,75,71,96,93,64,75,84	158	75
2600	224,137,182,179,181,195,136,151,166,162	9,4,4,6,6,14,9,3,7,7	192,153,151,145,177,153,157,157,140,143	8,4,7,7,6,5,1,4,8,2	575	75
2601	2,4,13,5,9,7,13,5,9,6	38,39,38,22,41,24,29,26,30,37	4,7,7,8,2,6,4,5,5,6	41,27,37,28,37,39,36,33,40,48	801	75
2602	3,4,6,0,2,9,4,1,1,2	38,41,43,35,45,30,24,22,29,34	4,3,5,7,10,3,2,4,7,2	32,38,28,26,36,32,24,30,36,24	646	75
2603	10,13,14,13,19,14,11,11,18,11	0,0,0,0,0,0,0,0,0,0	10,18,5,12,6,10,7,6,16,11	0,0,1,0,0,0,1,0,0,0	4398	75
2604	0,2,1,0,3,3,3,1,1,2	38,38,43,36,34,30,54,28,53,24	3,1,1,1,1,4,3,1,1,1	36,45,40,38,42,41,60,35,30,40	328	75
2605	75,75,61,87,64,67,86,81,78,62	15,13,14,16,7,11,15,13,13,13	69,105,80,76,60,69,64,77,92,82	13,14,11,8,3,9,9,5,12,9	1764	75
2606	1,1,0,0,0,1,2,1,0,0	2,0,0,0,0,0,1,0,0,2	0,0,1,0,1,0,0,2,0,0	0,1,2,0,0,1,0,4,0,0	429	75
2608	18,6,9,17,14,25,21,12,9,13	31,24,22,22,32,41,12,21,26,21	16,14,10,13,15,17,11,24,12,13	29,22,22,24,23,16,26,27,22,21	463	75
2609	6,3,3,5,6,7,6,2,3,8	33,36,37,22,30,27,32,21,22,25	6,4,4,1,4,3,2,2,7,1	21,26,30,22,27,34,26,24,31,33	149	75
2610	3,5,2,5,3,4,5,3,5,3	0,0,0,0,0,0,0,0,0,0	2,4,7,2,6,4,3,2,4,4	0,0,0,0,0,0,1,0,0,0	187	75
2611	1,5,1,2,1,1,2,2,2,1	6,8,1,6,1,5,3,4,4,1	4,1,0,2,0,2,2,2,1,2	5,6,4,8,8,8,6,8,7,3	1295	75
2612	0,1,0,0,0,0,0,0,0,1	1167,1131,1131,960,1009,1160,919,869,937,895	0,1,0,0,1,0,0,2,0,0	1026,1185,909,979,988,1014,1037,1008,969,1021	290	75
2613	12,20,10,13,11,18,7,8,9,6	62,67,71,75,51,50,39,39,55,46	9,15,8,6,7,11,8,11,14,6	61,77,49,46,54,44,65,47,61,53	615	75
2614	3,1,8,2,2,4,2,5,10,6	29,32,34,30,32,28,17,26,28,26	6,10,4,4,3,7,6,3,5,6	21,32,29,24,23,29,20,18,27,29	675	75
2615	1,2,1,3,4,4,2,4,7,2	29,31,28,30,28,23,23,26,26,28	2,1,6,6,3,0,2,2,6,2	24,25,17,26,29,23,28,21,23,30	161	75
2616	148,145,103,96,92,96,99,87,103,98	8,7,10,7,15,6,9,10,5,5	119,90,88,95,113,78,96,112,98,96	14,8,4,7,5,10,21,9,6,13	1530	75
2617	150,147,107,99,95,99,105,91,107,104	0,0,0,0,0,0,0,0,0,2	121,98,89,96,116,81,98,115,100,104	0,0,0,1,0,0,0,0,0,0	1556	75
2618	168,157,122,117,110,107,118,100,115,118	8,4,2,4,6,3,6,3,6,4	135,108,104,108,134,95,108,128,106,115	3,6,2,5,2,7,2,5,4,2	1605	75
2619	170,159,123,117,110,108,119,100,115,118	1,3,3,0,2,1,3,1,3,1	135,109,104,108,134,95,109,128,108,115	3,2,2,3,2,2,7,3,2,5	1608	75
2621	5,5,2,1,0,4,3,2,3,2	19,23,14,17,20,19,14,12,20,15	1,3,0,5,1,1,2,1,3,1	9,14,10,12,13,19,13,8,10,15	750	75
2622	0,0,2,1,1,1,0,1,1,1	0,1,0,0,0,1,0,1,0,0	2,1,0,2,0,2,0,1,2,1	0,0,0,1,0,0,0,0,1,1	474	75
2623	11,5,13,11,7,13,8,12,6,8	34,34,35,42,39,43,40,27,33,41	4,11,11,22,3,6,9,3,8,9	31,41,42,32,40,21,36,41,42,29	1502	75
2624	2,2,0,1,2,2,0,3,3,2	206,199,206,174,174,178,180,151,155,142	2,1,1,1,0,0,2,4,4,3	171,166,161,186,171,182,200,176,169,173	600	75
2625	1,5,6,2,3,1,6,1,2,1	30,28,19,20,20,18,11,18,22,18	4,5,0,4,3,0,1,0,2,2	22,22,16,21,20,31,29,21,17,11	571	75
2626	33,52,49,70,37,50,53,36,37,33	14,9,12,12,10,4,6,3,9,4	41,45,46,49,54,53,30,59,53,45	6,11,2,6,6,12,5,8,4,8	1402	75
2627	12,5,17,5,18,8,4,8,9,7	271,235,249,207,213,193,198,163,227,201	6,16,10,6,8,14,9,11,6,7	253,222,182,166,207,205,223,202,195,204	148	75
2628	4310,4977,4198,3947,3841,4702,4036,4000,4335,4477	168,200,154,139,105,153,158,133,168,158	4062,4280,3989,4320,4129,4657,3801,3990,3603,3489	120,149,141,147,146,155,132,133,119,137	225	75
2629	3,0,0,1,5,6,5,4,3,6	68,55,45,78,64,55,52,60,48,53	1,4,6,10,2,3,2,2,4,2	56,70,50,61,60,66,59,49,59,46	250	75
2630	19,9,7,9,7,12,11,13,15,11	83,93,90,64,70,78,68,86,89,69	6,10,4,6,11,16,4,8,11,11	94,94,83,91,84,79,65,74,81,72	851	75
2631	5,5,6,7,5,6,9,9,6,5	13,14,9,13,20,16,17,9,15,9	5,5,9,4,8,5,3,4,4,2	17,13,10,8,15,7,21,7,18,13	1288	75
2632	4,0,3,2,1,3,2,2,1,2	17,18,12,15,8,14,10,17,7,12	2,7,0,4,1,0,0,5,1,2	14,10,11,16,16,15,15,16,10,19	250	75
2633	4,0,1,0,0,1,2,1,0,2	1,1,1,1,0,0,1,2,2,1	2,4,0,1,0,0,0,1,0,1	1,3,1,4,0,1,1,2,3,1	226	75
2634	19,18,15,19,20,22,22,35,18,10	3,1,0,7,0,3,1,3,3,4	22,17,14,24,18,13,12,22,18,9	2,0,2,3,0,3,2,1,2,4	3130	75
2636	2,1,0,1,0,0,0,1,0,0	2,0,0,0,0,1,0,0,0,0	0,0,0,0,2,0,0,1,0,0	0,2,0,0,0,0,0,1,0,0	152	75
2637	1,2,3,1,2,0,0,1,1,1	0,0,0,1,0,0,1,1,0,0	0,0,0,1,0,0,1,1,0,0	0,0,0,0,0,0,0,0,0,0	233	75
2638	0,1,1,1,0,0,0,0,1,0	0,0,1,0,0,0,0,1,1,1	0,0,0,0,0,0,0,0,0,0	0,2,1,1,0,0,1,1,1,1	175	75
2639	2,2,0,1,0,2,0,0,3,1	1,1,0,0,0,0,0,0,0,0	1,1,1,1,3,0,2,0,3,0	0,0,0,0,0,0,0,0,0,0	441	75
2640	1,1,0,0,0,1,0,0,3,0	0,0,1,2,0,0,0,1,0,1	0,1,0,1,2,0,1,0,2,0	0,0,2,0,1,0,0,0,0,0	404	75
2641	1,1,0,0,0,1,0,0,0,0	0,0,0,0,0,1,0,0,0,0	0,0,0,1,0,0,1,0,2,0	0,0,0,0,0,0,1,0,0,0	365	75
2642	1,0,0,0,0,0,0,1,0,0	1,0,0,0,1,0,1,0,1,0	0,0,0,0,0,0,0,0,0,0	0,1,2,0,0,0,0,0,0,0	478	75
2644	0,0,0,1,0,0,0,0,0,0	7,0,1,3,0,0,0,0,0,2	0,2,0,0,0,0,0,0,0,0	0,0,3,0,0,0,5,0,1,1	232	75
2646	0,1,0,2,2,0,0,0,0,0	2,0,3,0,1,0,0,0,1,1	0,0,0,0,0,0,0,2,0,0	0,2,1,0,0,0,0,1,1,1	288	75
2647	0,1,0,2,2,0,0,0,0,0	0,0,0,1,0,2,0,0,0,0	1,0,1,1,0,0,0,2,0,0	0,0,0,0,0,0,0,1,0,1	432	75
2649	1,4,0,1,5,1,2,2,3,2	7,15,18,13,17,16,12,7,22,18	1,2,0,5,3,1,1,2,4,6	8,13,11,10,13,18,11,6,12,9	651	75
2651	3,4,8,5,6,6,8,2,6,9	65,72,71,51,57,73,54,40,62,68	6,9,13,2,5,2,3,8,3,5	52,67,57,52,60,68,72,47,52,49	638	75
2652	53,69,49,38,38,37,54,33,48,46	3,2,1,0,1,0,1,0,0,1	37,43,46,44,40,43,62,31,43,47	1,0,0,1,1,1,2,1,0,1	415	75
2653	0,0,0,0,0,0,0,0,0,0	78,75,90,64,78,76,52,70,63,65	0,0,0,0,0,0,0,0,0,1	80,74,84,68,60,78,95,89,92,85	148	75
2654	0,0,0,0,1,1,2,0,0,0	22,18,30,23,19,18,12,18,24,16	0,3,1,1,1,2,1,0,1,2	22,17,20,33,25,15,28,22,21,16	1436	75
2655	62,80,82,76,77,73,71,67,55,53	76,64,65,55,44,63,47,47,62,52	55,69,74,63,71,49,84,97,59,50	60,63,56,51,74,52,63,62,51,35	565	75
2656	3,0,2,1,1,0,3,1,3,5	27,21,24,18,12,18,19,18,18,14	0,2,2,1,3,0,3,1,2,2	18,27,21,27,22,23,12,15,14,20	161	75
2657	0,1,0,1,0,1,1,2,0,0	187,156,164,152,157,177,144,132,169,183	0,5,2,1,2,1,3,3,0,1	165,175,148,140,161,170,187,151,141,139	406	75
2658	201,194,156,168,180,178,136,121,139,141	15,12,11,10,21,8,11,11,6,17	152,255,137,144,115,170,154,153,114,172	9,27,8,13,10,9,12,9,6,15	160	75
2659	0,2,0,1,0,0,3,0,0,0	21,31,30,24,32,31,37,28,22,18	0,0,0,1,0,0,0,0,0,0	31,30,23,17,35,32,27,14,18,27	157	75
2660	4,8,9,6,7,13,11,6,6,4	12,13,10,7,5,10,15,14,9,13	6,6,6,7,11,6,10,3,9,17	13,8,7,12,10,9,10,9,5,14	566	75
2661	4,2,3,4,1,1,2,0,3,6	22,15,24,19,13,19,17,9,21,15	1,3,1,2,2,2,0,0,2,1	15,18,18,20,17,16,16,16,16,20	243	75
2662	22,17,22,20,26,19,24,26,33,20	124,143,145,103,96,102,86,117,97,96	17,37,8,34,23,13,14,19,27,24	103,113,98,147,93,121,112,116,99,117	226	75
2663	52,69,43,47,51,28,67,62,53,44	4,2,2,5,6,4,12,2,2,5	55,66,35,51,50,36,30,46,54,73	4,8,1,5,10,4,4,3,2,3	553	75
2665	3,3,9,5,4,7,8,9,7,4	12,13,15,7,16,13,13,10,9,8	4,10,7,7,3,6,5,12,3,4	16,15,8,16,5,15,11,10,18,10	846	75
2666	0,1,0,0,0,0,0,0,0,0	11,22,22,20,20,12,11,16,10,9	1,0,0,2,0,1,0,0,1,1	15,13,18,14,15,12,16,15,13,21	158	75
2667	27,26,25,17,20,18,19,14,19,9	0,0,2,0,0,0,0,0,0,0	31,18,10,21,17,20,20,16,24,16	0,0,1,0,0,0,0,0,0,0	1336	75
2668	1,2,1,0,1,0,1,0,3,0	17,20,12,16,16,19,17,15,21,12	0,0,0,2,0,1,1,1,2,0	19,22,10,20,22,14,13,9,17,12	1258	75
2669	27,27,25,17,20,19,20,14,19,10	0,0,0,2,0,0,0,0,0,0	31,20,10,23,19,21,22,17,24,16	0,0,0,0,0,0,0,0,0,0	1352	75
2670	1,3,1,0,1,1,2,0,3,1	3,1,3,3,4,4,6,0,1,0	0,2,0,4,2,2,3,2,2,0	6,6,7,6,1,5,6,0,0,4	1274	75
2671	76,81,75,92,67,60,94,75,94,72	32,47,39,39,34,38,37,35,37,39	62,86,55,90,68,55,62,88,71,85	37,53,38,26,53,50,55,34,41,42	520	75
2672	3,2,3,1,4,1,4,2,3,1	9,14,8,9,6,10,9,1,7,7	3,2,4,3,5,2,1,3,5,3	6,5,10,5,3,5,11,8,12,16	144	75
2674	6,16,13,13,8,8,10,8,13,11	154,117,127,147,102,139,106,108,120,112	10,11,7,5,8,7,7,7,3,12	119,144,113,106,125,110,124,113,103,104	200	75
2675	0,1,1,1,0,1,0,1,0,0	130,163,146,114,120,113,110,110,115,121	1,0,0,2,1,0,0,0,1,3	109,121,125,127,120,123,147,100,99,102	146	75
2676	48,56,33,43,48,47,52,54,35,33	0,0,0,0,0,0,0,0,0,0	39,52,51,48,50,64,51,58,40,62	0,0,0,0,1,0,0,0,0,1	302	75
2677	40,37,26,37,35,34,41,41,28,25	132,124,133,139,108,116,116,120,128,127	29,44,43,37,41,50,44,47,37,49	121,144,122,117,101,133,105,97,93,117	147	75
2678	37,69,58,55,50,62,74,55,66,56	0,4,0,0,1,4,0,0,2,0	42,67,38,58,47,66,49,49,73,65	0,1,4,3,0,0,0,4,0,2	2619	75
2679	1,2,2,0,2,3,0,2,1,2	60,49,39,27,37,36,31,29,39,40	0,2,0,1,1,1,1,2,2,2	43,62,28,42,36,40,43,41,36,43	327	75
2680	26,18,24,16,17,14,9,20,26,34	145,147,170,117,149,159,115,125,115,153	24,23,20,22,32,19,24,24,24,25	127,168,131,134,144,140,120,108,136,119	167	75
2681	16,8,15,10,17,22,28,11,11,13	84,77,65,56,85,70,63,56,50,72	11,9,16,11,9,18,13,21,17,16	92,81,67,57,74,80,65,80,55,68	171	75
2682	3,2,0,1,0,0,2,3,1,1	0,0,1,1,0,0,0,1,0,0	1,2,0,3,0,1,0,1,1,1	1,0,0,1,0,0,0,0,1,0	314	75
2684	21,22,20,25,26,14,18,14,16,21	0,0,0,0,1,0,0,0,2,0	13,26,21,27,28,22,12,28,26,25	2,0,0,0,0,0,0,0,2,0	514	75
2685	280,254,280,245,211,213,234,224,237,166	0,0,0,0,0,0,0,0,0,0	230,278,196,235,224,216,199,202,228,234	0,0,0,1,0,1,0,0,0,0	397	75
2686	13,17,29,25,14,25,30,23,29,25	48,49,46,61,49,41,37,27,45,37	38,37,32,29,29,39,28,19,25,23	39,47,40,25,47,42,36,39,42,43	157	75
2687	15,24,17,22,18,17,24,16,20,22	56,59,68,44,68,64,57,52,56,44	15,29,16,20,11,22,27,18,18,16	50,61,50,50,49,57,51,56,52,49	189	75
2688	14,14,4,7,7,8,7,10,7,14	50,51,72,48,45,66,36,39,47,54	8,12,10,7,8,9,9,9,5,5	55,86,42,50,47,52,70,52,43,58	157	75
2689	2,1,3,2,5,0,2,2,3,4	36,45,65,23,39,39,26,27,38,40	0,4,0,2,7,2,1,5,4,2	45,40,39,51,39,42,41,24,23,40	152	75
2691	0,1,0,1,1,1,0,0,1,0	129,118,150,119,91,141,96,101,129,142	0,1,0,0,0,0,0,2,0,0	106,120,107,106,127,132,139,134,109,108	1208	75
2692	9,14,6,8,7,8,14,10,11,10	127,133,163,135,120,123,121,134,96,118	8,17,8,9,12,7,7,11,13,9	133,138,130,136,156,159,153,142,134,108	1424	75
2693	13,6,15,12,10,4,6,10,16,5	1,0,0,0,0,0,0,0,0,0	12,9,9,10,6,6,9,11,10,10	0,0,0,0,0,0,0,0,0,0	1429	75
2694	9,13,11,9,10,21,16,11,13,15	25,34,29,21,17,32,7,26,27,24	15,22,16,12,19,6,19,13,6,16	22,24,24,17,28,30,12,28,30,27	192	75
2695	2,1,1,1,4,1,1,1,3,1	21,27,30,30,12,20,30,22,25,29	2,3,1,2,0,3,0,1,0,2	22,16,20,24,21,26,20,21,23,19	3099	75
2697	415,425,437,433,325,408,420,370,441,356	23,29,30,25,14,22,22,19,32,27	344,409,368,362,374,331,361,410,404,434	24,28,15,16,13,19,28,28,22,29	1840	75
2698	2,0,2,2,1,0,0,1,1,1	67,62,54,48,38,47,33,42,31,54	1,0,0,3,1,1,1,2,0,0	37,34,42,40,49,31,37,33,37,50	154	75
2699	1,0,1,0,0,0,1,0,0,0	0,3,3,2,2,0,0,1,4,3	0,0,0,0,0,0,0,0,2,0	4,4,2,3,0,4,1,1,2,1	155	75
2700	2,2,1,1,2,1,4,1,6,4	3,9,1,2,2,1,3,3,5,3	1,3,1,3,1,4,1,0,2,4	3,4,4,2,4,1,0,1,2,5	533	75
2701	41,53,32,50,47,32,41,51,53,28	8,9,9,10,15,7,7,10,8,7	30,43,53,47,35,50,42,37,42,57	12,11,8,6,8,10,6,5,8,5	2074	75
2702	29,36,24,31,29,29,35,28,32,33	124,129,133,119,117,109,88,99,102,66	29,22,22,31,27,27,28,25,27,22	106,123,99,101,123,128,99,116,110,113	763	75
2703	22,24,13,19,10,11,19,14,15,14	1,0,1,0,0,0,0,1,0,1	9,18,7,24,12,13,23,13,13,16	0,1,0,0,0,0,0,1,1,0	506	75
2704	0,0,1,0,0,0,0,0,0,1	5,6,10,9,7,9,4,4,6,8	0,0,0,1,2,0,0,3,1,0	14,9,8,4,11,6,9,10,9,5	167	75
2705	7,7,12,11,8,9,5,7,10,7	203,224,257,209,218,177,161,135,178,171	10,4,10,3,7,11,3,7,12,8	226,217,189,195,212,206,211,190,163,185	2237	75
2706	36,25,20,19,16,11,27,14,18,14	3,2,2,1,3,0,0,0,2,0	22,22,26,21,24,27,22,23,18,14	0,0,3,1,0,1,1,1,2,0	180	75
2707	32,30,14,33,19,26,30,29,19,22	29,24,30,29,25,35,29,23,26,31	22,26,14,18,28,22,25,12,31,23	29,44,29,41,29,31,33,21,30,31	1051	75
2708	37,39,29,48,35,38,47,35,52,27	41,21,32,28,27,36,26,28,27,34	32,45,26,44,38,38,36,34,44,31	28,42,32,18,45,33,30,22,29,28	2208	75
2709	46,61,49,68,48,51,59,57,71,44	0,0,0,0,0,0,0,0,0,0	54,68,42,56,60,57,46,60,57,46	1,0,0,0,0,0,0,0,0,0	2753	75
2710	8,14,14,16,7,9,8,15,15,13	49,55,33,52,48,33,19,34,54,49	19,14,8,11,13,12,7,17,7,11	47,35,42,33,35,34,31,24,30,37	543	75
2713	0,3,1,2,1,0,1,0,0,0	0,0,1,0,0,1,2,1,0,1	2,3,0,1,0,3,1,1,0,2	0,0,0,0,2,0,0,2,0,0	3295	75
2714	54,48,54,52,47,47,42,39,46,56	12,11,12,9,12,20,12,22,12,12	44,55,32,56,54,65,49,42,53,62	14,21,11,10,14,12,15,16,12,16	166	75
2715	2,3,0,0,1,2,2,1,2,0	125,110,105,102,104,109,85,102,100,104	0,3,0,2,2,0,0,1,3,0	88,107,103,80,95,97,103,118,88,122	146	75
2716	183,144,141,162,171,134,203,175,162,149	125,141,131,107,99,90,102,112,115,120	125,172,113,174,144,155,104,164,189,157	117,109,116,115,118,129,115,101,108,101	1051	75
2717	2,2,1,1,2,1,0,4,1,2	63,41,52,48,37,52,35,38,33,42	0,2,3,0,3,1,1,1,1,0	44,41,37,41,40,30,44,40,34,46	167	75
2718	0,4,3,1,0,0,0,1,1,2	62,93,81,71,84,60,55,56,77,65	0,1,3,0,2,1,2,2,0,0	67,80,62,72,65,69,83,79,73,78	156	75
2719	3,3,1,1,1,0,4,0,2,2	16,8,11,15,12,6,9,16,7,10	2,1,4,0,3,1,1,1,3,3	20,9,5,6,13,19,12,10,16,14	155	75
2720	33,24,23,19,27,19,36,32,24,28	63,61,43,49,57,45,44,53,35,36	20,25,18,24,26,15,25,24,29,19	45,46,55,44,36,35,55,35,46,45	547	75
2721	7,13,8,4,6,10,17,14,10,6	42,49,52,47,51,49,56,44,41,50	7,12,8,15,9,7,8,10,19,10	58,59,52,46,46,42,44,37,43,43	624	75
2723	0,1,0,1,0,0,1,0,0,0	0,0,0,0,1,0,0,0,1,0	1,0,0,0,0,0,0,1,0,0	0,0,0,0,1,0,0,1,0,0	192	75
2724	3,2,2,5,5,3,6,0,4,3	82,87,85,76,74,84,63,64,99,77	6,2,3,1,3,0,5,2,6,4	67,74,67,99,61,112,79,78,69,82	946	75
2725	3,9,2,1,4,2,7,6,8,4	111,82,119,79,78,91,72,75,86,69	6,5,1,7,3,3,6,7,7,9	87,98,84,90,82,112,87,82,92,93	872	75
2726	0,0,0,0,1,3,0,0,1,0	40,50,47,35,33,31,40,22,39,35	0,1,2,0,0,0,0,0,0,0	37,34,41,36,55,34,38,30,35,41	1170	75
2727	0,3,1,1,1,1,1,0,4,1	41,32,46,30,40,24,27,23,28,37	0,0,0,0,0,1,0,1,3,0	27,39,31,37,30,30,33,31,19,30	1357	75
2728	7,5,2,3,2,11,4,7,1,3	84,91,132,97,72,71,82,87,79,83	5,4,4,3,4,5,6,5,2,5	122,89,87,84,101,87,84,78,82,79	169	75
2729	2,0,0,5,0,3,2,0,2,2	98,74,95,91,107,97,81,68,95,103	2,4,0,1,4,2,3,1,3,1	81,109,79,73,98,73,106,102,79,90	175	75
2731	0,0,3,0,2,0,0,0,1,0	19,15,15,16,13,13,18,20,15,13	0,0,0,0,0,0,0,0,1,0	10,16,16,18,17,6,12,14,11,18	170	75
2732	205,203,179,217,257,250,226,204,213,271	19,21,14,21,11,14,14,10,10,11	202,233,204,293,201,194,220,254,265,194	13,18,12,14,6,10,10,7,14,8	276	75
2733	0,0,0,0,0,1,0,0,0,2	0,0,0,0,0,0,0,0,0,0	0,1,0,0,0,0,0,0,0,0	0,0,0,0,0,0,1,0,0,0	161	75
2734	0,0,0,1,0,1,0,0,0,2	6,3,4,2,3,0,1,0,5,4	0,1,1,0,0,0,0,0,0,0	4,2,1,2,1,0,3,9,2,3	188	75
2735	9,13,10,15,7,7,6,11,12,9	43,30,48,31,40,38,22,33,29,42	4,16,15,9,12,8,10,15,6,15	41,34,38,37,19,43,31,39,45,38	232	75
2736	692,695,715,663,723,758,587,629,575,688	7,20,6,6,14,6,8,7,9,6	712,730,787,616,581,567,628,648,754,643	5,12,10,8,8,10,9,10,13,4	1004	75
2737	1,2,0,0,3,1,0,1,1,3	25,19,26,24,19,17,17,22,29,23	1,1,1,0,0,3,1,2,4,0	25,25,20,29,27,25,15,28,32,23	154	75
2738	1,0,0,0,0,0,0,0,0,0	44,26,29,30,40,32,21,28,40,28	0,0,0,0,0,1,1,0,0,0	20,23,32,36,30,29,40,19,30,37	152	75
2739	102,124,101,92,90,93,125,122,137,79	1286,1274,1308,1028,1068,1140,960,854,1042,1258	89,133,98,122,81,78,83,118,125,138	1290,1218,1039,1019,1124,1162,1202,1028,1089,1019	334	75
2740	44,41,29,41,37,34,59,35,41,39	615,614,639,504,514,523,522,435,506,635	29,37,25,49,28,22,31,31,27,25	547,569,495,547,553,536,550,528,481,508	862	75
2741	13,9,9,9,14,6,18,14,11,7	8,6,10,8,12,5,7,7,13,3	3,9,9,11,10,14,7,12,10,8	7,6,12,7,6,7,7,6,15,11	469	75
2742	0,0,2,1,0,0,0,2,0,1	79,75,89,74,45,61,60,49,61,66	1,0,0,3,0,1,2,0,1,1	72,77,65,62,76,57,76,65,47,53	268	75
2743	15,7,5,7,8,10,7,6,8,8	15,9,12,11,5,12,20,6,10,8	16,9,6,8,8,7,4,6,8,8	7,13,10,5,11,14,16,10,11,9	1560	75
2745	2,0,1,0,0,0,0,1,0,1	0,1,4,1,0,0,1,1,0,2	0,0,1,1,0,2,0,2,0,1	0,3,2,0,1,1,2,1,1,2	210	75
2747	1,4,0,0,0,0,2,1,1,1	0,0,0,0,0,0,0,0,0,0	0,0,0,0,1,0,1,0,0,1	0,0,0,0,0,0,1,0,0,0	155	75
2748	1,4,0,0,3,0,2,1,1,1	1,6,1,1,1,0,2,1,2,1	0,0,0,0,2,1,1,0,0,1	2,0,3,3,1,2,0,1,4,2	195	75
2749	0,1,1,0,0,0,1,1,1,1	12,26,24,26,19,24,21,27,18,26	0,1,1,1,0,0,0,1,0,1	18,23,14,28,28,30,22,28,22,20	155	75
2750	1,1,0,1,0,2,0,0,0,0	11,13,9,14,17,6,6,4,8,11	0,0,0,0,0,0,0,2,0,0	5,17,12,16,5,19,5,7,6,10	145	75
2751	543,473,473,481,474,562,516,398,463,410	1,2,2,0,2,4,1,1,0,4	529,705,505,525,492,502,499,486,578,570	3,2,2,5,0,0,0,0,0,1	1016	75
2752	640,556,564,583,564,677,608,464,523,468	0,1,1,0,0,0,0,0,1,1	642,848,596,611,556,583,582,561,700,651	0,0,0,0,0,0,0,0,0,0	1104	75
2753	583,509,513,514,505,600,555,422,498,438	7,2,7,9,6,8,9,10,12,8	557,738,543,557,529,539,543,528,615,605	5,3,7,7,7,12,6,9,13,3	1034	75
2754	1,0,0,1,0,1,0,0,0,1	55,54,64,58,53,40,38,35,54,45	0,0,0,0,0,0,0,0,0,0	50,47,46,47,59,62,49,40,46,49	2499	75
2755	15,11,18,11,15,15,9,9,10,10	63,60,53,56,41,58,37,42,42,36	7,9,9,3,17,13,11,8,8,11	35,56,42,40,55,36,51,42,39,52	164	75
2756	26,26,24,40,31,28,20,30,21,29	37,30,39,24,30,35,30,28,35,31	23,38,14,26,27,22,23,32,30,22	36,32,31,34,25,40,43,33,31,32	1698	75
2758	19,6,24,19,20,14,18,20,21,10	43,42,36,22,24,28,20,41,28,22	15,18,13,24,12,16,12,17,21,34	26,35,33,42,39,35,36,39,29,21	448	75
2759	0,0,0,0,0,0,3,0,0,0	28,21,17,28,29,21,16,32,22,35	0,0,0,0,0,0,0,0,0,0	28,30,21,19,26,28,26,22,15,20	323	75
2760	3,5,0,0,0,1,3,1,11,1	45,33,40,32,16,24,34,37,45,35	0,1,0,4,5,3,3,2,2,4	34,44,32,30,45,37,36,27,38,35	312	75
2761	2,5,0,0,0,1,3,1,11,1	0,1,0,2,1,1,0,2,5,2	0,1,0,4,3,3,3,2,2,4	2,4,0,0,0,1,1,1,1,0	295	75
2762	1,4,0,0,0,1,1,0,7,1	1,0,3,1,1,0,0,1,1,1	0,1,0,3,1,2,1,2,2,3	0,0,0,1,0,2,0,2,0,0	265	75
2766	2,4,5,4,5,3,10,2,3,5	4,0,2,0,3,1,3,2,6,4	0,3,0,6,3,3,3,4,0,3	2,4,2,2,2,0,1,2,0,0	163	75
2767	27,21,22,21,15,17,25,11,22,19	5,3,6,8,0,3,6,3,5,2	5,12,9,13,16,10,15,18,5,14	1,3,3,2,2,0,3,0,0,1	263	75
2768	84,88,76,66,89,64,62,62,77,83	0,0,0,0,0,0,0,1,0,0	84,74,77,74,46,86,79,73,57,70	0,0,0,0,0,0,0,0,0,0	128	75
2770	1,1,1,1,2,0,3,0,0,0	1,0,2,2,3,0,0,0,2,0	1,1,1,0,0,0,1,0,0,2	0,1,1,2,0,1,1,3,3,4	214	75
2771	1,2,0,1,1,1,0,3,2,0	0,2,1,1,1,0,3,1,2,0	0,1,1,1,1,1,2,0,1,1	0,4,1,2,2,0,1,1,0,5	302	75
2772	3,0,0,0,1,2,0,1,4,1	15,13,19,6,15,3,8,37,21,14	1,2,3,1,0,2,2,2,0,5	14,23,17,12,6,26,7,7,5,6	145	75
2773	0,0,0,0,0,0,0,1,0,0	11,12,4,2,10,2,10,29,21,11	0,1,0,0,0,0,0,0,0,0	8,27,10,11,14,24,11,10,6,9	158	75
2774	0,3,3,4,1,2,3,1,2,1	1,2,1,1,0,1,1,0,2,1	1,2,1,4,1,2,2,2,3,1	3,6,1,1,1,1,3,0,2,1	737	75
2775	31,36,31,28,35,26,32,29,27,30	0,0,1,1,1,0,1,0,0,0	35,24,39,20,29,35,33,29,28,35	1,0,1,1,0,2,1,4,0,0	259	75
2776	66,68,74,75,58,49,79,55,64,65	292,252,268,228,269,231,216,224,263,234	64,61,47,73,51,51,67,96,88,63	232,234,192,260,242,230,232,186,214,203	2670	75
2778	2,4,3,2,2,4,1,2,4,1	27,23,27,21,16,26,25,13,21,25	0,3,0,2,0,0,2,7,1,2	17,24,12,18,28,24,14,12,18,26	148	75
2779	7,15,13,6,11,9,17,13,12,9	0,0,0,0,0,1,0,0,0,0	8,12,6,8,13,4,7,11,8,7	0,0,0,0,0,0,0,0,0,0	625	75
2780	7,7,6,5,6,5,8,10,7,3	29,14,23,12,11,16,14,17,14,16	4,8,1,7,6,7,4,5,1,7	15,16,16,17,13,25,17,19,16,19	145	75
2781	3,2,0,5,1,2,3,2,6,3	29,23,18,24,8,21,20,23,19,17	1,4,1,0,1,1,3,2,6,2	22,14,24,22,9,19,18,17,13,16	145	75
2782	1,1,0,3,2,0,1,0,1,0	41,26,43,34,26,33,37,29,31,24	0,0,1,1,3,0,0,1,1,1	14,31,27,37,34,31,38,33,25,27	158	75
2784	0,5,2,1,5,2,6,4,6,2	106,81,63,70,66,70,80,52,81,90	5,2,2,5,2,3,2,8,1,2	70,79,74,79,73,92,83,61,100,94	454	75
2786	464,429,475,419,412,424,406,333,371,392	17,13,17,7,17,5,18,11,14,6	437,528,454,473,465,545,478,420,470,506	16,14,11,9,12,14,6,8,9,16	429	75
2787	12,19,11,12,12,12,16,10,12,15	31,33,26,34,32,31,23,32,25,16	10,12,3,11,17,7,7,10,10,7	24,31,29,40,22,24,22,28,27,23	280	75
2788	100,107,99,111,93,101,89,103,80,118	0,0,0,0,0,0,1,1,0,0	96,109,72,92,93,103,74,98,96,102	0,0,0,0,0,0,0,0,0,0	663	75
2789	4,5,4,9,6,2,5,10,2,8	44,63,52,41,50,50,47,44,35,51	5,5,4,7,3,6,1,4,8,6	49,60,52,56,48,57,44,50,49,47	310	75
2790	13,12,10,10,6,10,12,7,8,7	50,48,45,49,41,34,53,45,46,34	7,11,11,2,13,12,12,15,10,13	53,38,36,39,52,56,57,46,43,26	184	75
2791	158,172,173,148,183,161,177,127,151,115	133,145,147,123,132,141,116,116,124,128	166,168,170,151,166,161,140,121,171,149	132,137,126,143,147,176,154,123,118,140	186	75
2792	111,131,122,116,123,89,142,122,128,112	0,0,0,0,2,0,0,0,0,0	96,158,92,114,109,96,107,108,115,133	0,0,0,0,0,0,0,0,1,0	1100	75
2794	1,4,7,2,3,1,3,1,1,2	68,51,42,58,71,53,65,44,53,37	5,0,4,2,3,0,2,3,2,1	75,56,55,67,52,72,42,57,71,53	156	75
2795	100,71,78,89,108,114,103,109,93,143	182,195,146,146,153,148,118,123,138,159	106,84,86,103,106,101,84,99,102,89	167,197,155,179,170,172,161,165,158,154	159	75
2796	6,5,8,14,10,5,14,11,6,6	321,307,265,237,307,296,225,199,265,283	10,5,3,6,9,3,9,7,13,10	313,248,256,278,288,269,298,280,264,254	164	75
2797	201,174,181,153,171,140,177,141,165,182	1,2,2,0,1,1,1,0,1,1	147,198,171,144,134,188,154,160,147,160	0,1,1,0,0,2,0,0,0,1	179	75
2798	7,11,7,10,3,10,15,11,7,5	535,488,560,463,482,471,419,355,406,473	9,11,7,6,8,7,9,6,15,8	502,534,441,453,434,470,459,413,438,467	297	75
2799	11,6,4,10,8,9,14,6,14,6	34,32,36,22,26,27,11,17,30,25	5,9,5,10,7,4,3,6,14,8	32,22,25,25,29,27,19,22,25,27	432	75
2800	1,1,1,2,4,3,6,5,5,2	37,26,26,14,26,15,22,21,17,34	6,8,4,4,2,6,1,5,5,3	25,30,20,23,23,27,10,19,24,15	415	75
2801	10,9,14,18,15,10,17,14,12,11	2,3,0,0,2,1,0,0,0,0	17,22,17,18,22,13,11,10,20,15	0,1,1,1,0,1,1,2,1,0	467	75
2802	0,1,2,0,4,1,0,1,0,2	20,20,18,24,13,11,10,13,13,17	0,0,1,1,1,2,0,2,2,2	15,26,12,15,17,14,25,20,17,10	580	75
2803	149,167,185,189,164,166,148,127,99,121	0,0,3,0,3,0,1,0,1,1	212,200,185,127,107,155,166,117,202,154	2,3,0,1,1,1,0,1,1,1	292	75
2806	1,3,2,4,2,0,2,2,3,1	0,0,0,0,0,0,0,0,0,0	0,1,1,2,1,0,1,0,0,0	0,0,0,0,1,0,0,0,0,0	349	75
2807	4,7,5,6,11,11,7,8,6,9	24,13,14,7,16,12,16,18,8,12	5,9,2,7,3,4,6,9,8,7	14,25,9,14,23,12,13,17,13,20	1045	75
2808	1,3,1,0,2,0,0,2,0,0	48,30,28,29,19,31,25,23,39,38	0,1,0,0,0,1,1,1,0,0	28,31,33,28,31,24,31,23,19,32	167	75
2809	5,5,1,4,2,4,4,10,5,2	13,21,11,15,10,18,8,8,13,7	3,7,5,7,5,2,4,7,5,0	13,13,16,10,17,13,16,11,6,8	548	75
2810	5,4,0,3,1,4,4,7,3,0	0,0,0,1,0,0,0,0,0,0	2,5,2,5,2,2,3,7,5,0	0,0,0,0,0,0,0,0,0,0	489	75
2811	27,17,23,16,22,11,29,28,23,10	31,24,40,31,29,28,25,29,31,17	16,17,18,18,17,18,22,24,26,17	32,32,36,31,30,22,33,19,28,22	872	75
2813	5,5,6,10,4,12,8,4,6,6	1254,1207,1279,1137,1119,1071,1046,909,1060,1190	8,8,7,10,5,7,5,3,4,10	1068,1212,1067,1055,1173,1199,1162,1066,990,1041	261	75
2814	1,1,0,0,1,0,1,0,0,0	14,14,19,25,11,10,18,16,21,18	1,3,1,1,2,1,1,0,0,0	11,10,14,14,9,8,12,13,16,9	148	75
2815	1,1,1,2,2,0,1,1,0,0	9,4,7,7,5,7,3,9,8,4	2,1,0,1,0,0,1,0,1,4	17,9,8,8,15,7,6,6,12,7	239	75
2816	13,8,10,13,11,8,8,8,10,9	12,14,17,11,8,11,16,10,18,7	7,9,7,9,3,11,6,6,8,12	16,9,16,13,10,9,18,5,5,11	181	75
2820	9,9,4,4,7,8,9,6,6,4	122,137,130,93,113,116,86,102,105,100	6,14,7,10,10,9,14,13,7,12	136,119,96,128,117,136,115,100,117,100	150	75
2821	1,0,5,1,1,3,3,1,4,4	0,0,0,0,0,0,2,0,0,0	4,1,3,0,2,8,2,0,4,2	0,0,0,0,0,0,0,0,0,0	371	75
2823	5,15,4,9,10,10,5,10,9,6	27,34,20,13,17,17,26,16,25,21	8,10,5,7,2,10,17,9,11,11	22,17,12,15,24,18,18,18,24,17	365	75
2824	1,2,0,1,0,0,0,0,0,0	118,123,134,85,87,123,116,126,106,119	0,2,0,0,0,1,1,0,0,0	111,91,122,120,118,126,136,119,122,107	195	75
2825	2,1,0,1,1,0,2,0,0,1	1,0,0,1,0,0,0,0,0,0	0,2,1,0,0,2,2,0,2,2	0,0,0,0,0,0,0,0,0,0	1603	75
2826	1,1,0,0,1,0,1,0,0,0	6,7,11,8,3,1,7,6,15,5	0,0,1,1,1,2,0,1,1,0	2,2,2,5,5,6,6,5,7,7	531	75
2827	15,25,18,21,25,16,13,26,9,24	60,57,34,45,43,44,36,45,40,43	15,26,22,17,32,23,22,17,35,23	39,62,44,57,49,42,44,47,47,51	164	75
2828	5,2,4,3,9,1,2,7,7,10	3,3,5,1,3,3,2,7,2,3	4,12,10,2,2,7,4,1,4,5	4,7,1,3,1,1,4,0,1,2	459	75
2830	98,112,82,73,85,60,107,91,100,79	0,0,0,0,1,0,0,0,0,0	77,113,65,88,89,56,89,65,87,79	0,0,0,0,0,0,2,0,0,0	1090	75
2831	14,9,9,16,10,5,8,9,17,7	24,13,8,7,17,9,14,10,13,14	11,11,11,12,12,7,10,15,7,12	8,25,13,12,12,10,19,12,6,17	604	75
2832	3,0,1,3,0,0,1,3,2,0	22,23,22,15,15,15,10,17,20,22	0,2,1,0,1,0,0,0,2,0	12,20,18,27,10,19,21,13,8,14	150	75
2833	6,3,2,3,2,4,1,4,6,2	0,0,0,0,0,0,0,0,0,1	5,0,5,3,4,2,2,1,3,3	0,0,0,0,0,0,0,0,0,0	964	75
2834	1,1,0,2,0,0,0,0,2,0	5,2,6,1,2,7,3,2,9,4	1,2,0,0,2,3,0,3,1,1	2,1,4,2,3,1,7,4,12,6	1176	75
2835	15,8,16,7,8,9,9,7,13,11	2,0,1,4,1,3,2,1,1,3	13,17,5,9,9,4,12,6,8,13	0,3,4,1,1,1,1,1,2,1	164	75
2836	1,0,1,4,5,1,1,0,1,1	0,0,0,1,2,1,6,8,1,13	1,1,0,3,2,2,3,0,4,2	1,1,0,3,0,1,2,5,7,1	1094	75
2837	65,89,78,97,52,68,84,62,84,66	4,3,9,9,2,6,5,6,4,5	64,96,74,109,67,69,56,69,79,87	2,9,4,1,9,3,2,2,8,3	1209	75
2838	8,3,4,1,2,2,6,2,2,5	0,0,1,0,0,0,0,0,2,1	0,5,3,3,0,2,1,0,0,2	0,1,0,0,0,4,0,1,0,0	542	75
2839	2,0,0,1,1,0,0,0,0,0	3,2,6,5,1,5,7,5,6,5	1,0,1,0,1,0,0,1,0,3	2,5,1,3,7,1,0,4,7,5	290	75
2840	58,56,74,74,63,71,71,60,56,54	116,96,141,105,98,105,91,110,91,117	47,73,63,60,53,56,44,83,74,69	135,125,130,120,124,118,117,141,119,126	2375	75
2841	4,4,6,5,1,5,0,1,1,2	44,46,50,36,29,29,28,26,41,34	3,3,2,1,3,1,2,2,2,7	46,50,28,32,31,31,36,31,25,43	232	75
2842	803,721,713,743,663,784,599,653,584,650	18,16,22,21,26,25,21,16,23,27	710,867,772,730,629,686,749,725,810,756	20,30,30,16,15,20,19,11,35,24	868	75
2843	7,5,2,8,13,5,2,5,11,3	14,21,19,30,28,47,20,13,14,22	3,7,2,5,6,4,0,2,3,3	26,23,21,31,13,24,18,25,32,21	478	75
2844	34,22,25,40,38,35,22,22,25,26	1,0,0,0,0,0,0,1,0,1	30,38,29,34,21,41,24,21,22,44	2,3,0,0,1,0,1,1,2,0	519	75
2845	22,12,19,9,17,16,33,25,11,7	371,407,423,429,358,425,328,266,302,383	15,26,13,24,18,12,17,17,9,12	396,405,396,349,343,394,309,357,373,368	288	75
2846	2,2,2,3,1,1,4,3,4,1	0,0,0,0,1,0,0,1,0,0	0,4,1,2,3,6,1,6,2,6	0,1,0,0,0,0,0,0,0,0	1069	75
2847	41,21,22,17,19,9,31,27,25,25	1,4,3,2,6,3,1,0,0,0	25,37,22,29,21,21,30,26,30,29	0,2,2,0,0,5,1,1,1,3	281	75
2848	24,9,13,10,9,4,21,20,17,17	11,8,4,13,11,7,8,7,9,12	10,27,19,19,14,12,14,14,19,21	19,6,5,18,5,8,10,8,6,5	226	75
2849	6,18,6,17,17,9,15,14,15,20	1830,1691,1773,1577,1495,1493,1451,1282,1492,1586	8,8,7,16,10,8,11,17,10,8	1684,1613,1501,1584,1648,1611,1699,1408,1534,1607	412	75
2850	0,0,0,0,0,0,0,1,0,0	14,16,25,19,11,21,7,16,13,26	1,0,0,0,0,0,1,0,0,1	23,21,16,17,7,16,7,19,16,23	435	75
2851	32,16,25,25,25,17,21,20,27,25	5,7,15,6,11,4,4,11,5,9	16,21,16,21,21,25,20,17,26,16	5,6,11,9,5,14,9,10,4,14	2366	75
2852	50,26,31,38,34,30,44,20,34,35	0,0,1,0,0,0,1,0,0,1	31,46,23,35,32,32,51,34,32,40	0,2,0,0,0,0,0,2,0,1	704	75
2855	1,2,0,2,1,0,1,0,4,0	11,14,9,10,10,5,10,9,15,14	4,0,0,1,0,0,4,0,1,0	16,7,3,2,12,9,15,8,12,4	156	75
2858	33,34,44,46,40,21,38,32,30,38	1,3,2,1,2,3,2,2,2,4	35,55,23,36,44,33,37,26,31,36	1,3,5,2,2,3,1,0,0,2	910	75
2859	6,13,7,9,6,4,8,5,10,4	95,114,95,86,86,83,90,86,88,91	1,8,3,7,6,4,6,3,4,6	111,95,102,92,100,83,101,85,74,80	347	75
2860	6,7,10,1,8,6,7,7,10,3	0,0,0,0,0,0,0,0,0,0	7,3,4,4,4,4,2,4,10,7	0,0,0,0,0,0,0,1,0,0	246	75
2861	4,2,5,2,6,3,3,4,5,4	1,0,0,0,0,0,0,0,0,0	1,6,1,6,2,3,3,2,3,1	0,0,0,0,0,0,0,0,0,0	204	75
2862	1,0,0,0,0,0,2,0,0,0	0,0,0,0,0,0,0,2,0,0	0,2,0,0,0,0,0,0,0,1	0,2,0,1,0,0,0,0,0,0	1405	75
2863	0,0,0,1,3,0,0,0,2,0	1,0,0,0,0,0,0,0,0,0	1,0,0,0,0,0,0,0,0,1	0,0,0,0,0,0,1,1,0,0	379	75
2864	1,1,2,1,2,0,0,0,2,2	183,146,180,133,128,129,121,112,181,141	1,0,0,1,1,5,0,1,2,2	142,175,171,170,162,172,165,170,148,152	159	75
2866	3,9,10,4,5,5,6,10,4,3	11,13,12,10,8,8,14,17,14,10	6,7,4,6,5,2,1,5,7,3	9,22,19,20,25,9,10,11,14,19	1159	75
2867	0,1,0,0,0,0,0,0,0,0	1,1,0,3,1,3,2,0,1,0	0,0,0,0,0,0,0,0,0,0	2,0,1,0,0,0,5,0,0,0	673	75
2868	0,5,2,3,4,0,2,1,0,2	0,0,0,0,0,0,0,0,1,0	1,3,4,3,1,0,2,4,2,4	0,0,0,0,1,0,0,0,0,0	198	75
2869	1,1,2,1,0,2,0,0,0,1	8,3,7,0,3,0,3,3,4,4	0,0,0,0,0,0,0,0,0,3	3,1,5,4,5,5,3,6,2,3	262	75
2870	0,0,0,1,0,1,0,0,2,0	85,87,79,77,60,79,58,60,75,72	0,0,0,0,0,0,0,1,1,1	95,81,79,87,80,82,99,79,62,92	1294	75
2871	7,8,10,6,8,5,9,4,8,5	14,25,17,18,16,20,6,15,14,21	6,12,9,9,6,15,5,9,9,10	9,10,16,11,9,14,13,10,8,6	497	75
2872	9,12,6,15,9,11,8,10,10,13	274,237,262,212,258,246,227,211,197,245	10,5,9,5,14,4,9,11,15,5	243,204,239,206,284,275,210,213,232,185	1164	75
2873	0,1,0,0,1,0,0,0,0,0	4,1,2,2,0,0,1,0,4,3	0,0,0,0,0,0,0,1,0,0	5,5,0,5,1,3,3,1,0,3	590	75
2874	11,15,12,16,15,9,25,18,18,14	142,161,148,115,119,107,98,103,136,121	8,13,6,8,7,12,11,16,12,16	136,99,137,110,124,111,120,114,116,125	482	75
2875	9,3,2,3,4,2,1,5,5,1	29,36,52,40,39,33,33,26,30,36	3,9,2,3,4,4,2,6,5,5	28,38,36,33,39,41,39,31,27,25	728	75
2878	10,3,5,4,9,10,9,5,4,6	158,159,199,138,140,125,136,128,166,175	3,9,5,4,4,2,3,5,3,3	165,171,161,146,201,187,155,120,176,137	1111	75
2879	3,0,1,1,0,1,1,0,0,0	45,35,35,30,38,36,53,43,44,43	0,3,0,1,2,0,1,0,0,0	39,47,30,41,33,44,39,33,27,44	447	75
2880	23,30,9,21,13,14,20,9,12,23	18,15,27,18,18,21,19,10,16,11	8,30,15,18,10,20,13,16,22,9	14,17,12,11,13,18,25,13,9,9	1993	75
2881	2,6,3,2,6,5,2,11,3,6	75,73,71,67,67,59,51,65,45,59	1,9,1,8,1,4,1,4,8,5	58,75,70,62,54,65,60,69,60,59	291	75
2882	24,31,39,32,34,41,24,36,36,31	2,0,2,6,1,3,2,5,4,2	28,35,18,30,19,35,31,27,29,22	1,5,3,4,7,3,3,3,1,0	338	75
2883	5,11,5,5,6,3,8,2,6,6	1,0,0,3,0,0,1,0,1,0	6,9,5,11,11,4,8,5,7,10	0,1,1,0,0,1,2,1,2,0	188	75
2884	4,5,6,6,7,4,6,3,5,4	1226,1061,1193,1040,1047,1125,945,925,1107,984	5,12,10,7,2,0,1,8,7,1	1068,1172,1035,975,1251,1171,1142,989,964,947	590	75
2885	53,41,49,42,29,36,47,28,39,33	1946,1646,1959,1733,1718,1614,1420,1333,1604,1484	39,57,54,36,40,29,46,45,44,48	1786,1877,1603,1505,1774,1827,1747,1633,1542,1459	658	75
2886	33,18,31,26,19,19,33,14,24,18	0,3,0,2,2,0,3,3,2,2	24,34,31,25,17,18,30,25,32,26	1,1,2,1,0,0,2,1,4,1	478	75
2887	1,1,1,1,4,0,2,3,3,0	67,104,94,87,62,67,77,56,84,58	1,5,1,2,1,1,5,1,4,1	80,77,64,67,91,88,80,65,68,62	169	75
2888	2,5,3,4,1,3,2,4,4,1	152,153,202,163,143,141,148,138,140,181	3,1,9,3,1,3,1,1,3,5	182,159,164,151,159,190,152,161,154,129	210	75
2889	34,40,29,26,31,29,27,33,40,27	2,1,0,0,0,0,0,0,0,1	29,34,21,43,27,33,32,24,33,32	0,3,0,3,1,1,1,0,1,0	569	75
2892	3,1,4,3,1,2,7,3,2,2	23,27,27,23,18,21,35,22,12,22	2,4,1,4,3,7,1,4,1,4	17,35,18,17,18,22,32,26,24,14	296	75
2893	12,6,13,14,8,11,14,9,12,7	47,48,68,44,37,44,47,56,36,35	10,18,11,13,14,8,9,9,17,13	39,38,54,48,37,41,43,44,42,51	1795	75
2894	3,4,1,1,1,5,1,10,5,2	6,6,1,1,1,1,0,9,2,7	2,3,2,3,0,5,0,1,0,3	1,4,5,0,3,5,3,1,3,1	375	75
2895	133,142,128,154,122,124,173,125,122,116	8,10,11,8,10,5,9,5,10,7	148,140,123,161,130,166,134,131,124,132	8,13,5,7,4,8,10,8,5,6	1038	75
2896	101,103,97,119,89,104,118,96,99,92	1,3,2,2,5,2,1,2,3,2	115,105,93,120,104,113,95,103,94,99	6,5,4,7,5,6,2,4,7,3	943	75
2897	67,73,72,85,70,78,83,67,73,67	20,13,18,25,17,7,17,14,6,15	80,82,68,94,76,87,74,72,68,64	17,17,18,12,16,19,9,13,20,12	891	75
2898	67,73,72,85,70,78,83,67,73,67	0,2,4,1,1,0,0,2,3,0	80,82,68,94,76,87,74,72,68,64	0,0,2,0,1,1,0,1,1,2	889	75
2899	60,65,69,78,68,73,79,64,73,65	2,4,4,4,6,4,5,3,3,5	77,77,64,88,72,84,70,67,64,60	5,3,8,1,2,7,4,8,8,2	860	75
2901	43,40,31,42,30,21,46,55,38,35	179,160,142,138,130,130,143,152,143,111	32,34,27,41,30,23,31,36,46,44	157,137,118,151,149,142,198,149,145,158	516	75
2902	182,183,148,134,146,154,133,119,135,145	6,10,5,12,5,8,4,7,3,1	147,178,119,128,158,153,167,138,133,141	1,1,5,2,11,6,7,4,8,8	160	75
2903	4,4,1,2,6,2,6,3,3,4	40,41,43,47,31,34,32,45,31,53	2,4,1,1,6,1,3,6,3,5	57,39,31,48,54,42,35,26,51,30	244	75
2904	8,11,9,6,3,9,15,12,7,9	98,79,82,86,80,85,72,56,69,72	5,6,12,6,4,14,15,10,14,13	79,83,69,78,84,89,82,75,65,61	164	75
2907	522,362,633,588,643,496,800,689,643,426	0,0,0,0,0,0,0,0,0,0	400,647,434,458,423,704,781,644,443,562	0,1,0,0,0,0,0,0,0,0	248	75
2908	684,936,714,679,456,592,736,583,586,632	4,5,0,3,2,1,7,0,1,1	618,757,486,780,721,526,460,431,774,652	1,3,5,3,0,0,0,2,5,1	668	75
2909	1238,1650,1255,1244,837,1057,1370,1081,1091,1181	184,90,310,196,260,126,285,244,291,89	1154,1383,931,1423,1273,992,828,881,1451,1189	156,239,191,117,152,309,385,259,104,177	1377	75
2910	20,28,24,33,34,22,34,39,27,18	61,47,53,47,38,55,42,43,32,47	26,40,31,29,29,12,29,22,29,30	55,60,38,51,45,42,51,41,40,45	2339	75
2912	18,6,20,5,20,0,0,14,11,23	11,2,4,4,2,0,0,8,5,10	3,36,8,6,3,17,4,3,1,1	0,6,3,4,0,4,3,0,0,1	2647	75
2913	17,16,14,16,14,25,15,9,19,12	325,325,361,287,264,281,316,198,239,323	12,21,16,13,18,10,23,11,20,9	286,327,274,284,311,281,284,293,279,253	152	75
2914	14,5,7,11,7,3,19,6,8,7	71,82,73,49,48,59,58,37,52,60	8,18,9,11,9,5,6,8,9,16	68,84,53,66,84,72,66,60,66,67	312	75
2915	5,1,4,1,2,3,2,1,7,1	6,9,5,10,12,5,9,6,9,16	7,2,3,1,2,3,6,6,7,2	4,14,3,5,4,6,9,4,5,5	204	75
2916	0,0,0,0,0,0,0,0,0,0	1,0,0,0,0,1,0,3,0,1	0,0,0,0,0,3,0,0,0,0	0,3,0,1,0,0,0,0,2,0	151	75
2918	0,1,2,2,2,0,0,1,0,0	0,0,0,0,0,0,0,0,2,0	1,2,0,1,0,0,0,0,0,0	0,0,1,0,0,0,0,0,0,0	189	75
2919	39,43,42,50,36,27,49,32,28,31	57,60,66,39,43,50,46,34,42,42	32,40,35,41,26,32,20,50,60,33	45,54,49,52,55,63,53,56,71,56	2262	75
2920	9,7,5,12,8,6,4,6,7,8	49,44,47,42,49,43,45,35,39,35	6,6,9,6,2,2,8,11,8,11	40,27,50,44,52,69,42,40,40,29	1239	75
2921	24,41,35,22,25,25,35,32,29,21	78,84,65,54,52,75,55,60,60,71	30,33,21,32,30,17,10,29,23,20	57,56,71,62,66,63,61,51,53,61	2594	75
2922	0,2,0,0,0,0,1,0,0,0	12,13,17,5,16,9,7,15,23,13	0,0,0,0,0,0,0,0,0,0	7,15,5,10,7,14,15,9,14,10	480	75
2923	9,6,2,11,4,8,5,3,7,8	6,4,5,3,5,10,7,4,11,5	7,3,5,9,7,5,5,2,8,10	3,7,6,6,4,5,11,9,3,7	677	75
2924	17,8,9,9,12,7,12,11,11,3	271,237,219,170,178,189,168,228,210,211	7,13,4,11,9,9,4,2,2,6	233,232,207,197,192,236,194,183,198,173	262	75
2925	58,13,13,26,24,8,17,84,52,29	119,127,124,102,86,90,72,82,103,102	14,110,28,23,21,52,13,21,28,45	89,118,90,84,93,103,99,104,87,102	617	75
2928	4,4,3,4,2,1,3,4,11,6	83,66,70,74,75,60,72,54,72,58	2,6,4,4,2,3,2,3,5,4	65,71,70,88,57,90,63,59,79,54	431	75
2929	0,1,1,2,2,0,0,0,0,0	49,33,42,30,40,26,22,26,39,33	1,0,1,0,0,0,0,2,1,0	39,56,23,38,30,33,37,20,38,21	795	75
2930	97,112,93,120,81,96,106,92,122,92	517,525,532,463,433,404,382,439,473,446	84,107,85,104,103,85,75,137,123,111	453,498,470,450,417,468,519,394,443,418	1857	75
2931	76,71,83,61,68,58,66,53,51,70	1,0,3,1,0,2,0,1,0,0	70,80,78,69,74,79,81,73,76,63	0,1,2,1,2,0,0,0,0,0	260	75
2932	6,8,6,1,3,4,2,5,1,0	37,40,34,28,52,32,16,30,39,45	4,2,2,4,2,2,1,3,6,7	23,43,35,20,31,30,38,30,32,35	218	75
2933	290,303,275,200,277,270,184,251,200,286	0,0,1,1,0,1,1,1,2,0	263,242,208,216,208,222,247,195,253,233	1,0,0,0,0,1,0,2,0,0	728	75
2934	165,162,150,123,170,168,108,142,124,142	0,0,0,0,0,0,0,0,0,0	157,144,125,131,131,116,152,100,129,131	0,0,0,1,0,0,0,0,0,0	350	75
2935	382,365,335,262,354,335,226,304,272,357	6,4,4,2,6,6,3,0,0,3	339,307,290,274,277,272,305,260,316,292	5,6,7,1,2,5,10,2,4,0	861	75
2936	257,224,210,185,247,233,150,195,196,213	4,6,7,3,0,3,0,2,1,0	233,209,207,189,200,166,210,165,192,190	0,3,1,2,2,0,0,2,2,5	483	75
2937	16,10,9,12,19,8,9,12,16,7	0,1,2,3,2,1,5,1,0,0	10,16,16,13,8,7,6,16,13,10	1,1,2,2,2,1,2,0,1,1	1733	75
2940	0,0,1,0,1,0,3,1,0,0	211,230,269,210,235,198,200,132,197,211	0,0,0,0,2,0,0,0,1,1	225,244,207,203,217,221,223,208,200,185	1422	75
2941	14,13,15,14,13,13,26,23,19,11	41,37,57,46,35,33,33,21,40,21	10,28,6,22,8,8,12,15,7,16	36,45,28,46,36,36,43,27,41,25	448	75
2942	0,0,0,0,0,0,0,0,0,0	0,0,0,0,1,1,0,0,0,1	0,0,0,0,0,0,0,1,0,0	0,0,3,1,0,0,0,0,1,0	446	75
2943	13,16,24,4,20,22,17,21,18,23	0,0,1,0,0,0,0,0,0,0	23,17,19,23,21,21,25,10,16,23	0,0,0,0,0,0,0,0,0,0	604	75
2944	65,74,67,54,61,67,93,74,65,52	2,3,2,2,4,0,3,6,0,4	46,91,36,60,47,86,67,48,46,68	3,6,6,0,0,7,5,5,2,3	188	75
2945	20,23,21,23,26,21,26,25,22,25	11,6,7,4,8,10,6,5,6,4	30,27,22,19,24,22,16,25,21,27	3,3,4,5,4,5,7,7,5,6	397	75
2946	10,11,6,16,7,11,15,9,5,2	8,14,8,14,8,15,11,11,6,4	2,10,5,10,6,9,11,12,7,14	7,9,3,5,11,2,7,9,1,11	165	75
2948	28,25,31,26,26,29,34,27,31,13	19,19,21,32,19,19,25,18,22,15	21,34,22,24,24,14,32,23,33,25	17,21,17,23,18,16,27,21,18,19	626	75
2949	510,518,475,458,467,455,503,443,451,373	17,14,18,16,14,10,10,8,9,26	488,550,466,531,443,432,451,555,576,513	11,13,14,13,13,16,5,20,13,14	2416	75
2950	466,469,411,415,406,415,454,388,405,342	1,1,0,1,1,0,0,1,1,0	442,499,426,486,404,400,405,504,518,470	0,1,0,1,2,2,0,1,0,0	1739	75
2951	30,21,31,32,25,25,30,22,34,28	43,47,59,34,34,48,40,36,39,49	24,34,20,31,32,35,21,23,29,40	41,54,58,46,52,43,40,43,38,37	1042	75
2952	288,285,261,266,247,256,300,225,277,217	0,1,3,2,0,1,0,2,0,0	250,264,224,271,291,269,291,263,251,284	0,0,0,0,0,0,1,0,1,1	4416	75
2954	2,2,0,0,1,2,0,2,1,0	1,0,0,1,0,0,0,0,0,1	1,0,1,0,1,0,0,0,1,0	0,0,0,0,0,1,1,0,0,0	190	75
2955	4,10,13,7,9,10,6,3,6,8	0,0,0,0,0,0,0,0,0,0	2,10,6,4,6,2,5,2,1,8	0,0,0,0,0,0,0,0,1,0	1385	75
2956	3,5,8,5,2,8,3,1,1,2	3,4,0,0,1,1,1,2,2,5	0,4,1,3,3,0,4,0,1,2	0,0,4,2,0,0,1,1,2,0	1228	75
2958	2,0,0,1,6,0,4,0,2,0	85,77,67,83,91,87,71,79,59,72	0,4,3,2,6,2,2,2,1,0	89,84,98,78,86,85,80,71,69,89	273	75
2960	6,8,9,15,5,11,7,6,7,5	0,0,0,0,0,2,0,0,0,0	8,3,6,4,6,5,7,4,9,7	0,0,0,2,0,1,0,2,0,0	150	75
2961	0,0,0,0,0,0,1,0,0,0	1,0,1,0,0,2,0,0,0,1	0,0,0,0,0,0,0,1,0,0	1,0,0,0,0,0,0,1,0,0	165	75
2962	45,28,36,32,34,22,36,19,45,43	1,1,0,0,1,0,1,1,0,0	38,43,32,31,34,23,38,30,19,21	0,0,0,0,1,1,0,2,0,0	391	75
2964	4,4,2,1,3,4,5,5,5,4	156,156,175,165,139,141,142,132,122,135	5,9,5,4,2,4,4,2,6,8	169,176,169,153,157,146,157,147,142,125	789	75
2965	11,16,10,16,15,11,17,13,12,11	0,1,1,0,0,0,0,1,1,0	20,26,11,11,18,14,11,10,16,24	0,1,0,0,2,0,0,0,1,0	1894	75
2966	2,2,2,2,2,3,0,1,4,1	36,38,32,25,32,37,31,36,29,20	2,1,1,2,0,1,2,2,5,0	38,40,38,32,47,25,35,30,32,27	537	75
2967	32,30,29,32,27,28,39,35,33,35	7,3,2,6,2,3,5,3,2,3	33,46,34,27,28,35,29,38,34,37	2,6,4,0,2,2,2,2,2,4	404	75
2968	7,2,4,5,2,3,6,2,3,2	0,1,4,0,0,0,1,2,1,1	8,6,3,6,1,3,1,3,5,3	1,3,0,0,1,1,1,0,1,0	545	75
2969	4,2,0,2,0,2,2,1,3,1	12,11,10,6,12,3,6,16,9,6	5,5,1,3,0,0,0,0,3,3	10,12,15,11,9,1,5,8,5,8	513	75
2970	2,5,3,7,4,4,4,1,5,2	9,4,11,5,5,4,2,8,5,10	6,4,2,2,5,5,2,3,4,4	7,9,5,4,6,8,9,7,4,6	228	75
2971	0,1,0,0,0,1,2,0,0,1	0,1,0,3,1,1,0,1,3,0	0,0,2,0,0,1,1,0,0,0	2,1,2,0,0,0,4,2,0,0	1131	75
2972	14,5,8,5,6,6,3,7,9,12	0,2,0,0,2,2,0,0,1,0	9,8,5,4,6,11,6,1,3,8	0,0,0,0,1,0,0,2,0,1	827	75
2973	4,1,3,4,2,0,4,0,3,4	15,12,12,5,10,12,19,11,15,11	0,4,1,3,5,2,2,1,1,2	13,13,10,13,13,12,13,16,12,18	312	75
2974	0,1,0,1,3,0,3,4,2,0	18,24,20,13,17,23,12,15,28,13	0,3,3,1,0,0,1,0,2,2	17,26,23,17,19,22,26,14,18,17	431	75
2975	0,2,1,1,0,1,2,0,0,2	13,7,5,4,4,9,5,5,4,4	0,0,1,0,0,1,0,0,1,0	2,5,4,6,6,3,12,1,6,6	156	75
2976	39,37,18,22,24,30,35,29,25,19	6,10,3,8,7,14,8,1,7,2	22,27,34,22,30,23,33,26,26,17	6,5,2,9,11,10,6,9,10,12	417	75
2977	32,30,17,19,21,27,34,28,21,17	246,227,281,263,253,256,234,234,225,232	20,26,29,20,27,22,31,20,26,17	326,264,265,252,236,283,259,250,259,261	265	75
2979	1,1,2,1,1,0,0,2,2,3	17,17,17,18,21,13,16,13,18,9	1,1,2,1,2,2,2,3,0,1	24,15,10,14,15,12,16,12,22,16	1168	75
2980	7,3,2,5,1,7,6,2,6,2	8,16,11,12,6,12,6,8,9,10	3,2,5,1,1,5,2,1,5,4	13,4,10,3,8,12,13,11,8,9	596	75
2981	16,12,14,15,12,17,6,15,13,8	0,2,1,1,1,1,1,1,1,0	10,22,19,16,9,13,17,9,15,9	1,0,0,0,0,4,2,2,0,0	207	75
2982	30,23,28,24,43,23,24,35,35,34	0,2,1,1,0,1,0,2,0,0	31,44,31,34,35,22,29,23,35,30	0,0,1,0,1,0,0,0,0,1	176	75
2983	3,3,1,7,2,3,6,6,1,9	125,112,121,99,96,118,95,82,98,103	1,12,2,1,3,1,1,1,8,3	96,110,104,91,115,110,95,84,88,83	146	75
2985	18,17,21,26,26,23,26,14,21,28	88,82,82,81,67,77,81,49,70,80	17,24,15,16,19,25,19,15,13,15	70,91,66,69,77,63,82,70,68,62	247	75
2987	10,8,11,16,18,12,14,8,13,19	0,2,2,1,0,1,2,1,0,1	6,13,9,10,13,11,14,9,9,8	0,1,2,3,2,1,2,0,0,0	154	75
2989	62,67,63,52,58,50,46,39,52,41	78,92,95,81,76,99,77,81,66,83	44,45,56,49,54,63,55,52,49,82	90,99,79,89,102,95,86,84,85,90	157	75
2990	7,4,3,4,3,5,9,4,3,5	0,0,1,0,0,0,0,0,0,1	3,1,3,6,6,11,9,4,11,3	0,0,0,0,0,0,0,1,1,0	220	75
2991	7,5,4,4,3,7,12,4,5,9	6,5,6,11,8,6,7,9,7,16	4,1,5,9,6,13,12,7,12,5	7,10,0,7,8,7,9,12,7,5	289	75
2992	4,2,1,3,2,3,8,4,4,8	0,0,0,0,1,1,1,0,0,0	4,0,4,4,3,6,9,3,7,3	0,0,0,1,1,0,0,0,0,0	172	75
2993	3,2,2,5,3,4,11,7,10,5	11,14,13,6,11,5,4,13,13,10	4,5,5,6,5,6,5,3,7,3	9,4,6,10,12,8,5,8,3,8	146	75
2994	9,8,9,10,8,9,6,8,12,7	9,9,13,19,5,13,12,7,17,6	5,11,12,5,13,4,5,6,13,11	9,16,9,16,7,5,12,15,8,13	462	75
2995	9,15,7,5,5,3,15,7,7,10	4,11,18,9,7,7,4,5,2,9	13,9,7,11,6,10,11,7,12,8	11,13,8,6,8,8,6,8,6,9	2618	75
2996	40,45,36,39,34,38,40,37,46,31	76,79,61,88,66,90,66,63,62,84	41,41,31,32,59,47,41,52,38,28	82,82,76,64,67,53,91,83,77,69	162	75
2998	0,0,2,0,0,0,0,0,0,0	35,33,28,25,30,24,26,38,29,22	2,0,0,0,0,0,1,0,0,0	26,32,20,31,32,30,25,17,23,32	291	75
2999	27,28,18,20,24,13,38,34,31,15	37,42,29,20,25,25,29,36,44,46	20,33,15,23,15,22,25,31,22,39	31,46,31,40,36,33,51,29,23,31	416	75
3001	105,98,123,112,95,113,141,153,106,99	0,0,0,0,0,0,0,0,0,0	76,225,120,100,82,197,93,102,81,77	0,0,0,0,0,1,0,1,0,0	251	75
3003	0,0,0,0,1,0,1,0,1,0	55,51,62,42,46,37,40,30,44,41	0,0,0,0,0,0,1,0,1,0	47,33,37,29,38,44,40,44,49,31	166	75
3004	1,1,0,0,0,0,3,1,0,0	29,27,32,20,18,21,16,14,9,14	0,0,1,3,0,0,0,1,0,0	28,25,19,24,19,18,27,24,31,16	238	75
3005	0,1,1,0,0,0,0,3,0,2	0,0,0,0,0,0,0,0,0,0	1,1,0,0,0,0,1,0,0,1	0,1,0,0,0,0,0,0,0,0	313	75
3006	3,11,4,6,2,4,6,4,2,1	45,49,49,65,55,54,52,27,35,32	2,2,6,5,3,1,1,5,7,1	41,39,37,37,38,42,46,34,40,27	1760	75
3007	15,15,16,16,18,19,16,12,11,12	4492,4398,4760,3848,4033,3995,3441,3188,3674,3951	13,16,14,26,19,22,17,11,19,24	3985,4332,4076,3821,4073,4079,4050,3468,3742,3859	170	75
3008	6,10,9,16,12,8,9,7,5,8	1,0,0,2,2,0,0,1,2,3	9,9,7,9,10,14,7,8,6,9	3,2,1,0,0,1,0,0,6,0	791	75
3011	0,0,3,0,0,2,0,1,1,0	0,1,0,0,1,1,1,0,0,1	0,2,1,2,0,0,2,0,0,1	1,1,0,0,1,0,0,0,0,2	2059	75
3012	160,162,138,201,163,124,181,208,172,128	44,43,46,29,42,28,39,39,37,40	157,193,147,178,116,121,122,158,243,199	33,35,34,27,29,36,37,26,37,39	2140	75
3013	2,1,6,2,1,2,2,2,0,0	198,190,200,139,164,190,159,164,179,157	1,2,0,0,0,0,1,0,1,3	174,206,209,222,165,187,204,212,164,186	168	75
3014	10,12,6,11,13,4,16,14,11,7	94,98,93,68,48,72,62,52,73,70	7,9,9,9,8,10,8,13,14,5	49,83,74,54,69,77,83,78,66,56	1707	75
3015	26,25,18,23,9,25,15,19,14,17	111,98,101,95,77,91,109,81,103,72	19,17,14,24,16,10,14,13,24,24	78,74,93,71,99,124,110,83,89,75	2027	75
3016	7,10,2,3,2,7,2,6,6,8	143,132,142,92,115,101,120,102,118,130	4,8,2,5,9,5,4,8,7,2	109,120,116,113,118,116,114,100,114,89	268	75
3017	4,1,0,3,4,1,4,3,4,1	0,0,0,0,0,0,0,0,0,0	2,1,5,2,0,2,3,0,4,4	0,1,0,0,0,0,0,0,0,0	601	75
3018	5,2,0,3,4,1,4,3,4,1	77,68,117,77,68,88,66,78,70,80	2,1,5,2,0,2,3,0,4,4	68,85,87,68,88,82,86,101,68,81	607	75
3019	13,7,10,9,9,20,8,19,26,6	2,1,1,1,2,0,3,0,0,0	18,13,7,18,16,9,12,14,15,12	5,0,0,1,2,3,2,1,2,2	355	75
3020	13,7,10,9,9,20,8,19,26,6	163,148,141,124,133,179,128,116,119,146	18,13,7,18,18,9,12,14,15,12	138,157,142,136,172,179,171,161,105,148	361	75
3021	7,10,9,3,8,2,17,3,5,7	63,72,57,76,63,51,59,57,44,48	8,13,10,13,9,4,5,6,11,12	63,74,68,61,66,59,53,71,60,50	735	75
3022	2,2,3,6,5,14,19,14,17,32	0,0,1,0,0,1,1,2,0,5	4,5,9,18,5,7,8,22,22,2	1,0,1,4,0,2,0,1,0,0	128	75
3023	84,109,107,123,104,74,114,90,97,67	1276,1285,1261,1230,1140,1321,1101,976,1024,1077	74,78,88,112,91,79,84,106,122,93	1196,1338,1128,1114,1195,1103,1278,1106,1056,1167	5134	75
3024	5,3,1,1,1,0,1,1,0,2	918,947,1019,836,847,938,820,771,769,839	1,3,1,2,1,0,2,3,2,3	892,945,854,890,925,849,1013,860,823,821	350	75
3026	4,1,0,0,2,0,0,1,3,1	0,0,0,0,0,0,0,0,0,0	3,1,1,2,0,1,0,0,0,1	0,1,0,0,0,0,0,0,0,0	282	75
3027	4,1,0,0,2,0,0,1,3,1	0,0,0,1,0,0,1,0,0,0	3,1,1,2,0,1,0,0,0,1	0,0,0,0,0,0,1,1,0,0	275	75
3028	18,11,24,17,16,13,30,13,15,16	30,27,39,34,26,26,23,21,20,21	21,22,16,17,24,23,22,18,19,27	37,34,20,21,29,29,29,17,23,30	760	75
3029	68,50,69,56,69,67,51,49,58,66	18,20,27,18,18,19,15,9,10,17	68,48,47,68,39,54,67,70,57,70	15,17,17,13,22,21,15,9,9,12	718	75
3030	75,55,74,59,74,72,58,51,67,72	0,0,0,1,1,1,1,0,1,0	76,55,55,73,45,61,71,77,64,75	0,0,0,0,1,0,0,0,0,2	760	75
3031	2,4,0,2,1,0,5,2,1,2	32,17,21,23,19,25,35,26,22,23	3,2,1,1,6,2,0,1,1,0	32,28,19,24,25,21,19,20,19,23	1599	75
3032	11,10,5,8,7,10,19,10,16,7	60,52,49,50,38,48,51,51,47,59	12,18,10,10,8,14,9,12,22,7	50,62,57,66,55,59,55,72,49,51	447	75
3033	263,216,238,255,220,250,244,186,193,181	0,0,0,0,0,0,0,0,0,0	296,299,235,225,207,205,222,255,348,251	1,0,0,0,0,0,0,0,0,0	2576	75
3034	8,5,3,4,1,3,6,2,2,8	13,10,9,11,11,17,11,13,8,8	7,4,5,3,10,3,2,3,5,4	7,11,8,9,11,9,13,7,7,13	1935	75
3037	0,3,1,0,2,1,2,0,0,0	22,33,43,26,30,53,27,27,36,37	1,1,1,1,2,0,1,0,0,0	42,51,40,40,37,40,40,30,35,30	344	75
3039	53,47,52,67,39,55,76,65,51,37	75,52,69,59,48,49,51,59,46,50	53,80,60,63,37,49,41,59,79,50	37,56,62,58,50,59,77,53,56,50	409	75
3040	7,13,11,11,11,7,12,4,10,1	0,0,0,1,0,0,0,1,0,0	10,8,6,7,9,8,6,8,15,5	1,0,0,1,0,1,1,0,2,0	315	75
3041	2,2,2,1,2,2,2,1,2,1	19,16,18,14,12,7,5,13,15,9	1,4,1,2,0,1,1,2,4,0	12,7,5,10,14,17,16,15,12,10	203	75
3042	41,24,25,29,26,30,26,29,29,16	3,0,0,0,0,0,0,0,1,0	35,28,22,28,26,32,24,20,21,21	1,0,3,1,3,0,0,0,0,1	380	75
3043	2,1,0,0,3,0,2,1,1,0	21,12,21,16,13,12,21,24,13,18	0,1,1,0,2,2,0,2,5,2	20,13,14,19,17,12,24,17,26,17	289	75
3044	27,30,52,26,33,23,31,21,30,31	12,11,9,8,4,4,7,8,7,13	22,33,38,30,24,17,36,28,33,25	8,9,7,3,6,12,11,12,9,5	180	75
3045	9,13,14,5,11,10,8,9,12,10	55,54,66,56,65,59,59,56,59,74	13,9,15,11,13,7,12,10,16,5	79,62,47,56,53,77,70,57,56,55	155	75
3049	2,1,4,6,5,3,13,3,5,5	443,484,448,412,414,405,327,345,382,409	5,2,1,5,6,2,4,7,4,6	461,469,457,406,436,481,406,408,391,394	229	75
3050	14,27,11,25,17,14,27,22,15,11	196,178,216,222,203,188,125,134,160,153	14,18,9,11,16,10,9,11,13,14	190,172,173,163,180,164,183,181,194,120	919	75
3051	0,0,0,0,1,1,1,0,0,0	0,0,2,0,0,0,0,0,0,0	0,0,1,0,0,0,1,1,1,1	0,0,0,0,0,0,0,0,0,0	211	75
3053	3,3,1,2,2,3,2,2,3,0	1,1,4,0,0,2,0,0,2,2	0,6,4,1,1,3,2,0,3,7	0,2,1,1,1,1,1,3,1,0	430	75
3054	21,15,25,26,15,17,21,11,15,17	80,98,95,69,59,76,72,59,80,85	13,22,8,23,14,16,13,11,18,7	94,68,75,56,68,72,72,79,70,67	1823	75
3055	16,11,12,14,9,18,12,22,15,9	5,9,10,13,14,17,7,5,7,7	25,18,9,18,11,12,8,11,7,10	10,9,13,8,10,4,15,7,12,11	1751	75
3056	245,243,270,226,201,243,214,187,186,224	1,2,3,3,4,4,1,0,1,1	223,232,251,229,245,231,258,239,223,230	2,5,2,5,0,3,1,3,3,1	580	75
3057	14,10,9,9,4,10,12,9,15,6	104,95,91,85,97,98,51,76,70,91	7,15,9,9,13,2,16,9,5,11	99,101,70,97,82,87,94,73,93,71	152	75
3058	18,5,14,4,12,4,18,13,23,11	20,23,24,27,21,23,19,15,19,26	7,13,19,13,21,18,18,8,16,15	21,24,20,26,19,24,17,22,17,23	145	75
3059	5,7,2,2,8,3,7,2,7,4	153,167,170,175,156,146,128,107,144,159	8,3,1,7,5,1,6,5,4,0	175,141,136,136,167,155,144,155,159,138	155	75
3060	1,0,1,2,1,2,5,2,3,0	3,16,14,12,0,7,7,7,6,7	0,3,0,3,0,2,0,0,0,0	6,17,8,5,11,6,8,10,6,6	535	75
3061	23,22,20,24,22,25,21,16,16,28	6,7,6,8,3,1,6,8,5,7	10,25,12,21,19,18,26,17,43,13	6,7,3,3,4,12,3,11,3,2	1249	75
3062	1,0,0,0,0,3,2,1,0,0	14,21,15,13,22,16,16,13,15,12	1,0,3,0,0,3,4,2,2,0	18,11,14,9,18,19,14,10,14,12	960	75
3063	0,0,4,0,0,0,1,0,0,2	42,20,39,24,30,25,26,26,32,40	2,0,0,0,0,0,0,0,0,0	28,35,32,35,23,31,31,26,35,43	307	75
3064	2,0,1,1,0,1,0,0,0,1	7,2,4,4,1,6,4,3,5,2	0,0,1,1,0,0,0,0,0,0	6,5,3,2,2,3,9,2,2,3	246	75
3065	25,23,23,30,28,23,42,30,32,16	57,55,68,51,52,59,53,48,40,63	34,33,16,29,30,42,28,32,43,39	52,57,58,56,43,45,55,41,47,59	446	75
3066	10,13,5,10,11,12,12,20,10,9	73,55,67,53,49,54,50,45,54,52	6,10,8,8,7,10,8,13,9,15	56,49,51,42,61,53,61,67,56,55	171	75
3067	11,10,9,6,13,6,18,7,9,11	15,11,8,6,3,2,9,5,7,6	1,4,9,7,11,10,6,11,11,12	16,14,5,13,10,9,10,11,6,14	196	75
3068	131,120,138,130,98,115,121,93,137,121	0,0,0,0,0,0,0,0,1,0	98,130,146,92,130,121,122,119,125,142	0,0,0,0,0,0,0,0,0,0	1038	75
3069	2,4,0,0,3,0,0,0,0,2	43,48,43,41,38,32,41,45,36,45	2,1,1,0,0,0,0,3,3,0	28,50,35,25,26,54,45,30,34,34	186	75
3070	36,28,18,18,8,19,21,31,27,16	6,10,5,6,10,6,4,6,7,9	18,35,13,11,10,21,11,14,20,19	9,13,5,8,10,13,10,5,6,14	989	75
3071	1,1,1,0,1,2,1,3,1,2	12,14,16,5,12,13,19,14,20,13	3,2,0,1,0,3,0,0,2,1	12,9,12,11,9,18,23,13,14,13	228	75
3072	1,4,2,1,3,3,3,3,2,3	58,60,60,49,62,39,44,49,41,57	3,5,5,2,1,6,4,6,4,1	55,54,41,52,42,66,49,44,36,39	1017	75
3073	44,42,47,52,33,51,52,47,54,49	344,346,358,335,319,336,340,289,320,336	36,47,26,46,31,60,27,30,44,32	337,302,245,293,322,334,345,265,366,258	915	75
3074	32,46,44,46,46,50,51,46,51,44	1,3,1,0,3,4,2,1,7,1	26,64,27,13,23,49,27,18,22,14	2,3,0,1,0,1,0,1,2,0	755	75
3075	31,43,43,41,45,41,45,42,46,40	0,0,1,0,1,0,1,0,1,0	24,56,25,13,23,46,23,17,20,12	0,0,0,0,1,0,0,0,3,0	661	75
3076	1,1,2,2,2,2,9,2,3,1	26,29,36,26,27,35,16,26,25,30	2,1,1,2,2,2,2,0,0,1	19,33,27,23,23,30,25,19,25,33	464	75
3078	7,13,3,11,2,7,11,8,9,1	37,38,60,38,40,33,49,25,54,33	8,1,7,4,2,6,9,10,2,5	52,50,31,42,45,42,49,53,38,39	841	75
3079	1041,1087,1003,1009,919,1016,938,808,893,930	41,32,32,33,34,32,33,20,25,25	976,930,878,868,961,945,1135,934,946,845	34,30,24,18,25,29,28,27,19,19	496	75
3080	0,0,0,0,0,0,0,0,0,0	107,77,97,73,95,91,75,81,77,88	1,0,0,0,0,0,0,0,1,1	71,117,90,82,76,70,78,77,75,75	159	75
3081	16,25,22,29,24,27,26,23,34,19	74,66,72,81,74,76,64,48,60,80	19,31,34,22,17,10,17,22,28,28	73,68,75,86,81,76,55,71,65,50	516	75
3082	31,25,28,33,36,27,45,20,26,30	113,119,117,126,93,142,90,80,88,112	20,46,35,38,43,25,33,37,43,27	108,102,126,120,133,104,102,111,120,97	773	75
3083	9,9,8,13,7,10,16,6,6,4	175,186,193,195,189,228,149,130,150,162	6,17,8,7,2,8,6,7,14,13	192,183,201,190,196,163,148,168,195,176	320	75
3084	5,2,1,4,4,2,5,8,5,2	122,135,112,127,120,112,93,82,114,116	4,4,2,5,6,1,8,4,7,5	124,124,110,123,129,123,130,130,115,110	382	75
3085	0,2,1,0,0,0,0,1,1,1	248,237,257,216,247,201,200,185,242,219	1,0,2,2,2,0,1,2,1,0	217,235,208,235,215,231,233,235,221,225	173	75
3086	6,1,11,2,6,7,12,9,8,5	187,171,178,142,157,149,136,141,135,124	10,9,6,8,9,5,6,6,6,5	152,191,154,158,153,150,172,165,150,135	1944	75
3089	5,2,6,7,5,4,5,3,3,7	24,17,28,16,11,24,13,13,16,22	7,7,4,5,2,3,3,6,5,4	13,26,14,20,15,13,15,18,16,14	3267	75
3094	1,4,2,0,4,0,3,0,1,2	10,17,14,15,22,13,13,10,14,6	1,2,2,3,1,4,4,1,0,0	9,20,10,13,14,10,20,14,19,6	178	75
3098	38,21,34,31,31,30,32,31,33,28	67,59,53,77,49,67,57,48,53,74	29,33,23,39,30,32,27,36,45,37	59,68,48,45,54,58,56,66,59,69	157	75
3099	9,16,7,23,10,7,15,14,12,12	63,50,51,57,55,60,32,52,46,55	9,7,8,16,9,9,8,14,8,9	43,43,51,48,47,48,51,55,41,47	1279	75
3101	1,5,5,1,1,0,7,1,3,2	6,4,3,4,3,5,3,5,4,4	3,2,0,2,1,1,2,3,1,4	7,2,2,2,1,5,2,3,5,4	170	75
3103	2,4,2,2,0,2,0,2,0,1	0,0,0,0,0,0,0,0,0,0	1,2,2,0,1,3,2,3,0,1	0,0,0,1,0,0,0,0,0,0	302	75
3106	53,59,59,46,46,47,59,44,47,51	755,730,710,640,638,748,567,589,648,657	41,57,40,56,33,42,37,41,40,36	628,761,612,625,721,733,685,696,605,650	513	75
3108	25,35,26,23,17,31,27,21,36,27	66,71,70,63,79,68,44,70,63,66	26,33,29,29,19,11,36,20,32,16	76,76,68,71,70,77,71,67,68,57	326	75
3109	24,35,26,22,17,31,27,20,35,27	6,9,7,5,3,5,7,8,5,4	24,31,29,29,19,11,35,19,32,16	2,8,7,12,2,3,5,6,7,11	323	75
3110	9,13,8,6,6,10,7,6,10,6	15,16,12,10,12,15,22,14,19,15	10,11,5,7,9,8,13,4,10,3	15,18,10,21,9,17,15,10,10,8	262	75
3111	15,12,11,7,6,23,9,13,8,6	6,6,7,13,8,4,5,4,8,12	19,15,15,16,16,5,11,14,14,16	15,3,4,5,4,10,11,2,6,6	157	75
3112	31,15,34,33,28,27,37,25,32,15	59,48,58,40,47,51,34,34,60,53	23,20,20,27,20,26,26,26,32,19	61,31,35,53,46,37,38,40,51,56	1078	75
3113	33,18,37,34,30,27,38,26,32,19	4,8,9,2,5,9,9,5,10,3	24,22,20,28,20,29,29,29,32,22	3,6,8,2,5,7,7,2,5,4	1088	75
3116	65,79,66,60,89,95,86,112,80,67	3,1,2,1,0,1,0,0,0,0	69,77,75,67,88,80,85,82,65,74	0,2,1,4,1,0,1,0,1,2	1082	75
3118	13,15,20,19,16,9,21,13,13,8	5,3,6,4,0,3,3,1,1,4	9,18,11,13,7,5,10,12,14,11	5,4,4,4,4,4,1,2,6,4	2092	75
3119	0,0,1,0,0,2,4,1,1,0	4,3,1,5,3,5,12,5,4,2	1,0,0,1,0,1,0,1,0,1	3,10,6,2,4,1,9,4,3,3	147	75
3120	1,0,2,1,2,0,2,0,1,1	6,8,8,5,2,4,4,3,3,10	0,1,0,1,2,0,3,1,0,0	2,5,7,7,8,4,4,5,8,3	258	75
3121	0,1,1,1,0,0,1,0,0,0	7,5,5,2,10,5,7,5,4,4	0,1,0,0,0,0,0,0,1,1	3,9,7,5,6,6,3,4,5,2	306	75
3122	3,4,2,4,4,5,5,3,3,3	3,2,1,4,5,3,4,2,2,1	0,1,0,1,3,3,3,3,1,6	2,3,2,2,2,4,2,10,3,1	427	75
3123	4,2,1,2,1,5,2,3,1,3	0,0,1,4,0,1,1,0,2,0	3,2,0,2,2,6,3,5,2,3	0,0,1,0,0,1,0,0,0,0	187	75
3124	6,6,2,8,3,5,5,6,1,4	1,3,1,1,2,2,1,1,1,2	5,2,2,4,4,7,3,5,5,7	2,3,1,2,1,2,1,0,1,5	241	75
3125	0,1,1,2,1,1,0,0,0,0	97,78,91,70,74,85,65,48,58,76	2,1,2,0,0,0,0,3,1,0	74,66,80,58,77,73,82,74,62,64	157	75
3126	2,2,3,3,0,3,1,2,3,6	2,0,0,0,0,2,3,1,0,3	3,2,0,1,0,0,3,4,3,1	1,2,2,0,0,3,0,4,1,0	220	75
3128	1,6,10,7,5,4,9,4,6,6	35,24,25,30,23,40,23,24,30,19	3,4,2,6,4,6,2,9,6,5	17,22,18,18,35,19,17,26,26,28	474	75
3129	3,0,1,2,1,0,1,1,1,0	29,31,28,23,22,20,25,26,29,33	1,0,3,0,2,1,0,2,1,0	28,20,20,18,17,31,25,30,30,28	145	75
3130	2,4,2,3,1,3,3,5,2,6	140,168,164,139,142,153,148,116,124,179	6,3,1,5,4,2,3,4,4,5	126,177,147,148,134,164,156,154,143,149	382	75
3133	2,2,4,5,7,4,8,5,4,6	25,40,31,35,26,25,24,23,34,44	6,9,2,10,6,8,3,4,7,4	26,35,17,39,43,26,29,25,39,31	151	75
3134	5,6,12,5,6,2,8,5,11,4	30,32,28,19,17,17,18,21,12,16	10,9,8,14,2,11,7,9,6,10	32,25,18,19,15,17,26,18,18,13	478	75
3138	24,33,30,31,30,22,65,43,44,16	81,69,89,93,49,66,60,69,82,66	30,60,38,45,25,24,18,38,45,48	75,86,64,71,80,84,71,62,85,49	300	75
3139	573,568,566,549,552,541,574,513,562,572	9,8,2,2,3,8,5,4,3,10	585,593,514,568,631,522,531,480,586,526	6,2,6,6,3,5,4,9,1,1	242	75
3140	0,0,0,0,0,0,0,0,0,0	2,0,1,0,2,1,0,1,0,0	0,0,0,0,0,0,0,0,0,1	0,0,1,0,0,0,0,0,1,0	160	75
3141	63,76,106,81,91,73,73,68,68,81	429,428,412,392,366,391,329,295,352,340	69,79,73,79,86,93,105,75,58,76	410,395,346,319,406,372,399,334,406,363	353	75
3142	29,31,26,23,24,30,24,20,32,22	104,128,123,92,88,96,89,73,71,104	16,34,42,34,27,32,11,14,29,30	93,94,97,79,96,106,114,91,82,88	736	75
3143	10,7,9,6,4,7,8,8,10,5	168,167,156,148,134,145,109,106,135,138	5,9,10,3,7,3,8,9,5,7	153,163,129,116,140,120,147,135,117,120	469	75
3144	18,15,15,19,19,18,20,27,24,16	29,29,17,20,20,17,21,20,21,17	13,18,12,21,9,19,10,13,23,11	35,30,26,28,25,22,35,27,29,22	883	75
3145	0,0,1,0,0,0,0,0,1,0	53,59,48,58,62,54,42,40,43,65	0,0,0,1,1,0,0,0,0,0	49,61,65,58,64,73,58,54,58,53	241	75
3146	7,4,3,5,10,6,8,2,8,5	38,42,46,46,31,44,29,27,45,42	8,4,2,5,4,6,6,10,8,5	37,39,29,39,42,46,34,47,39,25	734	75
3147	13,9,8,11,12,7,12,3,8,8	598,569,570,514,468,606,473,461,496,432	9,10,6,15,11,9,6,5,12,9	567,562,460,482,515,522,563,458,412,509	492	75
3148	8,7,9,11,4,9,9,14,13,5	15,23,18,15,24,27,15,21,21,14	6,14,8,4,7,10,6,9,6,8	20,20,20,18,14,17,17,16,17,18	248	75
3149	29,27,26,24,33,25,24,35,24,27	13,4,6,3,10,7,2,3,1,6	19,37,22,25,25,29,31,31,31,35	3,10,3,2,1,5,4,7,6,2	297	75
3150	39,15,40,23,30,32,23,25,28,25	0,0,0,0,0,0,0,1,0,1	24,36,21,28,30,38,21,16,19,23	0,0,0,0,0,0,0,0,0,0	174	75
3153	181,158,162,197,139,139,182,160,196,139	92,63,69,52,52,74,44,45,46,54	132,185,142,170,135,148,151,153,193,172	59,63,50,57,52,76,48,48,70,55	1408	75
3154	0,2,0,0,0,1,1,3,0,0	0,0,1,1,0,0,0,0,0,0	0,1,0,1,0,1,2,0,1,0	0,0,0,0,0,0,0,0,0,0	189	75
3155	19,19,17,25,17,11,27,15,13,11	26,24,21,14,13,16,15,10,14,18	14,25,24,23,20,12,13,12,18,19	11,9,14,13,19,17,15,13,18,12	589	75
3156	1,3,1,6,3,2,5,2,4,6	0,0,0,0,0,0,0,0,0,0	6,12,2,4,7,3,4,2,11,3	0,0,0,0,0,0,0,2,0,0	485	75
3157	14,29,10,20,14,9,17,8,9,14	88,84,99,115,93,104,92,80,88,102	13,10,10,17,12,12,9,12,22,18	102,80,97,75,102,121,83,97,98,64	260	75
3160	5,4,7,4,2,2,11,3,4,1	25,17,25,20,17,17,19,19,27,18	3,4,3,1,3,4,9,4,3,4	7,27,18,15,16,22,19,23,26,18	177	75
3162	0,2,0,1,0,0,0,1,1,1	13,7,11,8,10,13,8,2,11,2	1,1,1,2,2,0,0,2,3,1	4,9,8,2,10,5,7,6,13,3	383	75
3163	1,1,1,1,1,1,1,1,1,0	8,4,5,6,2,4,5,6,11,7	1,0,0,0,1,1,2,1,2,1	5,8,2,4,6,8,11,11,2,9	303	75
3164	8,10,10,11,7,4,10,11,13,7	0,2,0,1,2,0,2,2,0,0	4,10,9,8,9,12,12,14,9,11	0,0,1,0,0,0,2,1,0,0	1188	75
3165	8,10,10,12,7,4,10,13,15,7	3,7,3,2,4,4,3,1,3,9	4,10,9,10,10,13,12,15,9,11	3,5,5,2,3,6,7,3,4,5	1207	75
3166	4,1,0,1,0,0,3,7,3,0	0,0,0,0,1,0,0,1,0,0	3,11,0,0,0,2,0,1,1,0	0,0,0,0,1,0,0,0,0,0	342	75
3167	0,0,1,0,0,0,0,0,2,0	0,1,0,0,0,2,5,1,1,1	1,0,0,0,1,0,0,0,0,0	0,1,1,4,0,0,0,0,0,0	156	75
3168	0,1,0,2,3,1,1,1,2,0	0,0,1,0,2,0,2,2,2,2	1,1,0,1,0,0,1,3,2,0	1,1,1,1,2,2,0,0,1,3	278	75
3169	6,2,4,7,3,5,2,4,3,1	15,4,17,10,11,11,13,8,11,7	2,2,4,4,2,1,3,5,2,0	15,18,10,5,16,8,24,9,6,10	179	75
3170	10,8,6,13,9,10,15,8,6,10	142,155,168,118,147,143,109,147,159,172	14,21,5,11,10,7,0,10,14,12	166,154,139,145,163,163,181,132,136,124	706	75
3171	92,75,89,82,71,79,72,73,94,96	9,15,20,8,11,10,8,13,15,4	85,78,67,70,94,74,88,66,89,57	8,25,8,6,5,5,11,8,10,11	1094	75
3174	396,379,426,382,375,380,335,283,286,404	12,9,12,10,9,7,4,8,5,4	393,425,402,414,418,423,347,357,385,352	12,8,5,3,14,11,6,12,10,4	495	75
3176	5,10,7,8,4,10,10,9,13,4	67,51,48,50,49,43,44,42,45,28	6,10,5,5,8,11,10,10,13,5	65,63,51,43,46,56,59,39,55,41	1269	75
3177	5,5,4,4,8,3,8,8,8,6	27,27,28,20,17,34,21,22,19,16	4,8,3,2,7,6,3,3,3,9	25,34,16,25,27,32,30,21,19,18	225	75
3178	2,5,5,6,2,2,2,3,7,3	23,33,12,15,22,24,19,23,21,23	0,8,5,7,3,4,3,2,2,6	23,22,20,21,30,25,26,14,20,25	861	75
3182	87,78,55,83,48,51,55,67,48,52	11,8,9,2,3,8,8,4,6,10	46,53,48,66,63,33,54,42,84,52	7,5,1,4,6,7,2,0,4,5	1061	75
3183	17,9,9,7,7,11,15,10,12,19	2,0,0,0,1,1,0,0,0,2	7,21,7,13,5,10,3,11,12,7	2,0,0,0,0,0,0,0,1,0	452	75
3185	0,0,0,0,0,0,1,0,0,0	0,0,0,0,0,0,0,0,0,0	0,0,2,0,0,0,0,0,0,0	0,0,0,0,2,0,0,0,0,0	188	75
3188	32,69,47,39,35,31,40,28,33,39	35,45,34,35,38,37,26,33,26,30	40,27,29,33,36,40,48,50,30,49	40,42,33,28,43,43,37,41,36,48	1739	75
3189	8,19,13,18,19,22,18,16,22,21	55,55,57,42,42,38,33,42,43,40	16,28,9,12,21,19,12,19,11,16	47,43,45,43,45,47,42,35,47,39	809	75
3190	1,2,2,2,4,2,6,1,1,6	21,23,37,33,33,13,30,22,27,21	2,1,1,4,0,2,1,2,5,3	23,24,19,20,23,24,32,25,29,9	1197	75
3191	3,3,7,8,6,4,9,10,7,6	394,417,398,366,369,405,347,284,344,312	6,6,5,7,5,7,10,5,6,8	341,488,350,373,325,362,390,366,330,350	209	75
3194	3,2,4,5,1,0,0,0,4,1	33,21,27,10,16,9,10,13,23,22	1,4,3,2,5,4,2,1,1,2	16,22,20,24,22,22,18,10,22,25	160	75
3195	1,3,5,7,2,6,3,4,4,1	34,30,28,15,26,26,31,34,21,30	5,0,1,0,4,2,2,6,6,1	32,38,38,29,43,22,24,24,32,31	166	75
3196	11,21,7,11,9,9,12,5,14,8	27,21,15,20,19,21,26,15,17,16	8,10,6,8,10,6,10,9,7,8	18,18,19,15,18,16,23,16,24,22	350	75
3197	8,4,6,3,4,6,3,5,3,3	18,12,13,9,6,6,15,8,8,12	2,1,3,5,8,3,4,3,4,12	12,11,14,9,13,6,9,13,10,8	253	75
3198	1,1,0,0,0,0,1,3,0,0	30,19,20,22,23,18,24,24,16,21	0,2,0,0,1,0,0,0,0,1	27,19,23,31,27,24,20,27,31,21	150	75
3199	23,23,20,18,19,21,18,9,20,21	79,73,71,71,60,72,66,51,57,73	24,22,23,14,21,18,19,27,12,15	63,67,74,52,62,63,58,80,71,69	332	75
3200	10,7,4,6,10,4,7,4,5,5	58,67,74,64,70,47,59,54,43,69	5,9,4,7,7,2,2,7,6,7	85,54,61,45,68,58,61,60,71,62	278	75
3201	89,109,123,100,104,85,93,81,83,89	0,0,0,0,0,1,0,0,1,1	85,106,97,100,95,75,95,99,94,93	0,0,0,0,0,0,0,0,0,0	619	75
3202	4,9,7,8,8,7,6,10,7,6	72,62,102,72,56,61,52,39,43,59	6,4,5,6,4,8,6,7,8,10	71,68,47,49,69,58,74,75,70,49	243	75
3203	16,18,21,30,19,21,35,16,15,12	79,82,73,79,64,77,68,53,71,63	15,29,18,23,24,23,19,14,17,23	91,81,66,67,77,74,70,71,78,79	230	75
3204	0,0,0,0,0,0,0,0,1,0	0,0,0,0,0,0,0,0,0,0	0,0,0,0,1,0,0,0,0,0	0,0,0,0,0,0,0,1,1,0	340	75
3206	8,14,13,13,10,13,10,16,12,8	316,343,350,327,267,342,309,303,295,297	16,12,9,9,15,12,8,9,13,14	344,347,283,317,351,289,296,279,294,331	152	75
3210	190,233,200,207,159,206,200,188,170,177	46,40,48,48,30,44,46,35,42,54	212,168,150,199,203,212,223,207,195,185	43,48,41,57,47,40,57,52,36,52	186	75
3211	0,0,0,1,0,0,0,0,0,0	8,7,13,7,10,7,5,6,11,6	0,0,0,0,0,0,0,0,0,0	4,3,5,9,3,18,9,7,3,6	512	75
3213	3,5,0,3,0,1,3,1,2,2	11,29,25,10,26,21,19,16,17,22	2,2,2,2,1,1,2,1,4,0	18,25,15,21,15,21,11,26,17,29	204	75
3214	2,2,2,5,4,6,5,5,4,3	21,16,20,17,14,25,15,18,20,16	2,3,4,1,5,2,3,0,0,3	16,20,23,26,24,20,20,16,23,27	154	75
3215	0,0,0,0,0,0,0,0,0,0	0,0,0,0,0,0,0,1,0,1	0,0,0,1,0,0,0,0,0,0	0,0,0,0,0,0,0,0,0,0	370	75
3216	5,7,1,2,1,3,4,2,4,5	38,29,32,32,26,30,30,23,22,40	2,6,1,8,3,1,3,1,5,6	29,26,22,27,26,33,24,24,28,18	878	75
3217	0,2,1,1,2,0,3,1,6,1	92,167,102,47,86,46,95,66,111,103	1,2,2,3,4,2,3,3,3,4	96,82,68,96,149,90,102,124,111,164	3615	75
3218	20,18,20,21,26,28,18,19,20,22	30,20,35,37,17,36,26,25,25,29	17,29,12,22,33,21,18,27,23,33	22,27,19,34,24,30,32,35,25,29	195	75
3219	53,54,50,42,48,51,37,42,41,52	6,12,20,11,6,15,14,7,9,10	39,57,32,45,58,41,55,55,54,58	15,19,6,9,13,17,15,12,12,10	452	75
3220	9,12,3,2,5,5,4,7,5,5	31,22,30,22,23,24,18,12,22,19	2,7,4,5,7,5,4,3,9,6	32,29,18,26,31,17,30,15,38,30	202	75
3221	22,18,20,13,21,15,22,13,9,25	76,59,61,71,84,60,73,60,64,55	24,22,19,14,22,24,12,17,13,13	80,71,53,52,57,64,78,58,52,63	339	75
3222	1,9,5,3,3,1,5,1,4,2	69,67,64,70,60,60,41,53,43,58	7,2,2,1,4,5,0,3,3,0	57,54,54,54,63,68,62,54,60,53	1937	75
3223	10,10,11,12,6,13,10,10,6,3	0,0,0,0,0,0,2,0,0,1	9,12,15,6,6,10,10,8,9,6	0,0,0,0,0,0,0,0,0,0	667	75
3224	1,2,3,2,2,1,8,3,3,0	2,3,8,2,8,4,2,3,6,3	3,1,3,4,1,1,0,0,7,1	4,5,5,2,1,1,3,7,5,4	1685	75
3225	7,7,5,8,4,4,9,11,6,3	0,3,1,0,0,0,1,0,0,1	5,2,10,5,2,12,3,4,12,8	1,1,0,0,0,0,0,0,0,0	1756	75
3226	6,18,11,10,9,4,8,3,13,4	16,13,19,16,18,20,11,12,20,15	8,18,13,10,12,13,5,4,7,9	24,28,14,21,15,16,14,9,23,23	2471	75
3227	21,34,19,19,21,16,15,13,25,20	1,0,0,0,0,0,0,1,0,0	14,34,19,23,18,25,16,12,14,21	1,0,0,1,0,0,0,0,0,0	2532	75
3228	9,10,12,8,3,6,6,12,5,5	5,1,1,2,0,3,2,5,8,1	3,13,4,4,5,11,4,10,11,6	2,3,0,4,0,5,6,0,1,0	1585	75
3229	5,16,11,13,4,11,17,9,14,10	76,65,82,76,64,62,65,55,52,58	13,5,9,14,11,7,8,9,9,8	64,62,50,53,60,84,59,61,68,43	1241	75
3230	0,1,0,0,0,1,0,0,0,0	22,27,34,26,12,22,21,23,21,29	1,0,2,0,2,1,0,0,0,0	21,22,21,22,11,19,22,18,18,20	644	75
3231	5,5,6,5,2,1,1,3,5,4	9,5,16,6,9,0,1,15,6,15	3,6,0,1,0,9,1,2,1,1	2,17,2,9,0,6,8,2,0,2	584	75
3232	0,4,1,5,0,1,3,2,4,2	197,169,207,143,164,164,123,157,157,190	1,1,0,3,5,0,0,2,3,5	129,196,145,165,186,172,155,156,149,139	296	75
3233	6,6,9,10,13,7,13,3,8,10	33,37,44,33,29,34,32,29,29,24	3,10,5,9,8,8,5,5,9,7	28,39,41,25,30,34,39,30,43,38	2242	75
3235	4,0,6,2,7,6,0,3,2,2	0,0,0,0,0,0,0,2,0,0	0,3,1,3,1,2,2,4,2,5	2,0,0,0,0,0,1,0,0,0	1049	75
3236	5,0,7,3,7,6,0,5,2,2	1,0,0,1,1,0,0,2,0,0	0,4,1,3,1,2,3,4,3,8	0,0,0,0,0,0,1,1,0,0	1132	75
3237	4,6,2,3,1,5,0,2,4,1	0,0,0,1,0,0,0,1,0,0	4,3,2,5,1,2,5,1,4,1	0,1,0,0,0,0,0,0,0,0	269	75
3238	9,6,4,4,2,6,1,4,6,1	23,15,28,20,19,15,19,15,18,11	4,4,3,5,3,2,6,1,4,2	15,27,11,18,23,17,17,16,25,19	339	75
3239	82,94,66,104,89,64,89,77,78,75	17,19,19,21,15,16,22,15,24,16	86,104,72,115,65,85,44,87,129,91	10,16,28,12,19,12,18,14,13,19	811	75
3241	0,0,2,1,4,3,1,1,2,1	14,11,18,13,13,18,9,9,14,20	1,0,0,0,3,1,1,0,1,3	13,21,15,5,16,12,8,13,11,13	156	75
3242	2,1,1,2,1,1,1,3,2,2	41,46,36,41,36,42,35,37,35,25	1,1,4,1,1,1,0,4,5,0	26,26,31,38,40,40,40,30,36,41	195	75
3243	0,0,0,1,0,0,2,0,0,0	5,5,2,7,2,1,4,3,7,6	0,1,0,0,1,0,0,1,4,1	4,2,1,2,6,1,4,5,3,2	198	75
3245	4,7,5,4,4,6,8,6,4,8	299,259,270,248,259,229,221,208,218,237	9,5,2,7,4,4,9,11,5,3	240,247,211,218,257,216,250,242,194,230	169	75
3246	4,6,9,8,3,7,3,3,3,2	4,1,3,7,5,9,5,7,11,8	2,0,5,8,6,4,4,6,3,12	11,5,8,10,6,5,7,4,6,8	184	75
3247	2,4,7,7,2,6,5,10,3,2	62,72,75,63,65,100,77,55,62,47	5,4,2,7,4,5,9,9,5,5	74,82,43,65,60,63,73,69,41,71	451	75
3248	4,6,5,4,4,2,3,1,6,1	0,0,0,0,0,0,0,0,0,0	4,1,2,1,1,7,1,4,2,3	1,0,0,0,0,0,0,0,0,0	536	75
3249	0,0,0,0,0,0,0,0,1,0	0,2,3,0,0,0,1,0,3,0	0,0,0,0,0,0,0,0,0,0	3,1,2,1,4,3,1,1,1,1	424	75
3250	16,17,19,18,8,10,23,12,18,9	44,32,30,30,30,29,24,30,32,28	10,24,16,23,13,13,5,16,21,23	39,34,21,29,30,37,30,29,32,29	1252	75
3251	6,4,5,2,4,8,3,2,1,3	99,80,69,93,81,77,63,73,65,80	7,0,1,2,3,2,2,2,2,4	88,96,85,69,80,85,102,75,78,78	156	75
3252	9,0,5,7,1,1,1,3,1,0	8,12,12,20,15,6,11,13,7,5	1,5,4,2,1,1,0,1,8,3	22,12,9,17,12,10,15,13,15,10	2316	75
3253	2,0,0,2,0,2,1,2,0,1	20,6,5,6,6,14,8,6,14,12	0,0,2,2,3,0,2,1,4,6	12,8,9,13,7,9,8,10,8,16	377	75
3254	1,0,0,0,0,0,0,0,0,0	8,17,8,5,1,11,7,10,8,12	0,0,0,0,0,0,1,0,0,0	3,4,11,12,7,11,12,8,7,12	168	75
3255	30,33,17,27,27,25,23,27,37,24	4,5,9,5,8,3,9,12,6,3	21,29,17,31,17,21,24,29,33,16	6,5,7,9,7,7,5,10,6,7	3308	75
3256	7,11,10,5,4,7,13,6,1,11	3,2,1,0,4,1,3,2,1,1	5,8,9,14,5,6,6,6,5,6	2,2,1,3,0,1,2,1,1,0	2612	75
3258	32,25,32,24,21,13,19,24,30,23	0,4,0,2,1,4,1,1,1,0	13,30,21,21,25,28,24,17,21,26	0,3,1,1,0,1,0,1,0,2	3908	75
3261	1,1,0,1,1,2,1,2,3,0	77,85,66,74,78,77,66,63,63,80	5,2,0,0,1,3,1,1,2,0	63,82,59,67,63,77,75,72,82,80	2257	75
3264	0,3,0,2,2,0,1,2,1,1	85,66,80,64,56,44,52,54,62,102	2,1,1,1,0,0,1,0,0,2	46,126,54,56,60,78,52,58,46,64	155	75
3265	4,10,17,9,11,6,2,2,17,2	1,0,0,2,1,0,2,0,0,2	9,8,11,14,9,8,7,5,5,7	1,0,2,2,2,0,0,0,0,1	206	75
3266	4,3,2,3,0,0,3,7,1,3	3,3,4,0,2,0,0,5,1,0	3,1,4,4,0,1,3,5,2,2	0,0,2,0,0,4,0,2,0,0	153	75
3267	2,4,1,0,1,3,1,0,2,2	1,0,2,1,0,0,0,1,0,4	3,4,0,5,0,1,0,0,0,2	0,5,0,0,3,2,0,0,1,3	160	75
3268	13,12,24,15,25,6,32,35,29,37	46,66,46,35,27,40,38,38,46,39	13,21,22,21,11,17,18,21,22,31	46,47,41,42,40,45,55,34,40,49	241	75
3269	1,0,1,3,0,0,0,0,1,0	71,75,65,54,65,67,45,68,72,53	2,1,3,0,1,1,0,0,0,1	57,73,56,68,59,75,59,75,53,64	185	75
3270	5,4,4,5,6,4,4,4,4,4	71,39,54,31,50,40,36,26,38,42	1,5,3,7,1,3,5,4,6,3	29,56,40,50,49,46,44,36,45,45	380	75
3273	0,0,0,0,0,0,0,1,1,3	0,0,0,2,0,0,2,0,1,0	0,0,0,1,4,0,0,0,0,0	0,0,0,0,0,0,0,0,0,0	491	75
3274	1,0,1,0,0,2,0,1,1,1	0,0,0,0,0,0,0,0,0,0	1,0,1,1,1,0,1,0,1,0	1,0,0,0,0,0,0,0,0,0	576	75
3276	2,2,2,0,2,1,4,0,3,0	5,7,3,5,2,2,4,4,10,1	1,1,3,1,1,3,1,0,1,1	5,6,2,3,4,7,7,0,7,4	152	75
3279	0,1,3,4,2,0,3,2,2,4	22,18,16,13,16,10,18,11,21,15	3,6,4,3,1,2,1,5,1,2	13,17,23,20,28,12,20,12,16,12	253	75
3280	3,6,6,6,4,2,8,1,5,3	244,225,225,244,218,238,220,218,230,241	4,6,5,7,0,4,2,1,5,5	244,235,217,221,239,233,255,229,222,199	348	75
3284	0,0,0,0,0,1,0,0,0,0	0,0,0,1,1,0,1,0,0,0	0,0,0,0,0,0,0,0,0,0	0,0,0,1,0,2,0,1,0,1	350	75
3285	0,0,0,0,0,0,0,0,0,0	0,0,0,3,0,0,1,0,0,0	1,0,0,0,0,0,0,0,0,0	0,0,0,1,0,0,0,1,0,1	298	75
3286	1,0,0,0,0,0,1,0,0,0	3,3,3,1,2,1,2,0,0,2	0,0,0,2,0,0,0,0,1,0	0,0,1,2,1,1,1,4,1,0	213	75
3287	12,15,15,10,24,8,18,16,16,17	27,22,18,9,19,19,16,31,15,28	16,6,12,12,9,7,25,24,17,12	13,18,18,20,17,8,19,13,13,10	313	75
3288	0,0,0,0,0,0,1,0,0,0	19,8,12,10,13,8,11,10,4,13	1,0,0,0,0,1,0,0,0,0	8,7,5,2,10,10,12,8,4,12	165	75
3289	0,1,0,0,0,0,0,1,1,1	18,9,11,8,13,11,14,7,17,7	1,2,0,0,0,2,1,0,0,1	20,15,11,14,8,10,10,7,14,10	153	75
3290	6,8,8,10,4,4,14,10,8,2	1,3,1,1,1,1,0,1,1,0	9,10,5,10,7,3,4,6,21,6	0,0,0,1,0,0,2,0,0,1	803	75
3291	7,11,9,13,6,7,16,11,9,3	16,5,8,18,8,10,9,5,17,9	12,13,7,13,9,5,11,7,23,8	11,9,9,7,15,8,10,7,10,10	954	75
3292	1,4,1,3,4,3,4,1,2,1	2,0,1,0,1,0,0,0,0,1	3,4,3,4,4,2,8,2,2,2	0,0,0,1,0,0,0,0,2,0	169	75
3293	2,2,1,3,3,0,1,0,6,3	17,11,15,10,10,6,12,7,14,10	0,2,0,0,0,1,1,2,0,2	11,12,13,17,15,15,9,7,11,8	176	75
3294	4,5,3,2,6,5,4,3,1,3	19,13,14,6,11,14,11,20,6,13	4,1,3,0,3,7,2,4,7,6	11,8,10,10,8,13,12,9,12,7	194	75
3295	2,0,0,0,2,1,0,0,1,0	15,16,17,15,13,15,14,16,23,16	0,1,0,1,0,0,1,0,1,3	14,21,21,18,19,22,24,17,13,27	168	75
3296	4,5,6,2,6,4,7,10,11,7	199,223,202,200,167,184,158,142,181,190	6,2,9,6,2,2,6,4,3,8	185,212,168,177,198,214,216,183,173,188	729	75
3297	7,4,3,5,2,2,0,2,3,2	191,215,229,177,205,171,172,192,177,173	4,1,3,6,0,4,8,3,1,5	187,201,178,154,202,191,214,150,177,158	769	75
3298	40,46,50,53,54,47,37,48,61,44	33,18,18,33,23,33,22,23,19,19	44,37,34,54,50,37,34,44,50,28	25,27,23,30,34,25,16,33,21,29	1467	75
3299	1,1,1,2,0,0,5,0,0,0	4,9,10,12,11,13,3,6,9,12	2,1,1,0,0,0,5,2,1,1	6,9,8,6,5,9,12,3,8,6	147	75
3301	12,6,16,8,11,9,13,8,6,4	1,2,3,1,1,1,0,2,6,1	7,14,9,5,5,6,8,8,5,10	4,2,1,1,1,1,1,0,0,2	182	75
3302	2,2,0,1,3,1,0,1,2,0	202,238,176,142,192,186,198,176,212,192	5,2,2,1,1,3,2,1,1,1	228,247,138,205,137,204,247,193,103,175	153	75
3304	4,1,1,0,2,1,1,0,0,1	61,34,48,39,48,23,39,37,38,52	1,0,0,1,1,1,0,1,2,0	39,63,42,43,36,41,39,44,50,43	1237	75
3305	0,0,1,1,0,0,0,1,2,1	6,9,12,9,3,4,8,5,4,7	0,2,0,0,0,2,1,1,1,5	10,6,8,10,15,9,9,5,9,11	293	75
3306	4,3,4,3,6,4,4,3,3,8	129,127,139,124,122,134,124,113,95,106	2,4,3,7,6,3,2,3,2,7	106,130,111,97,117,116,155,122,140,125	301	75
3307	30,32,32,18,30,17,19,27,35,36	132,132,134,135,117,108,105,117,117,120	21,29,23,23,10,26,25,18,18,17	123,102,137,109,118,127,129,99,98,137	156	75
3308	1,1,0,0,0,0,0,0,1,0	22,23,18,10,20,26,11,15,28,27	0,0,0,0,1,1,0,0,0,0	22,10,9,15,26,27,31,20,19,21	147	75
3309	0,0,0,4,0,1,0,0,0,0	48,49,57,44,53,48,25,40,49,68	0,3,1,0,1,2,0,0,0,0	47,32,37,43,43,42,42,47,45,38	160	75
3310	1,3,3,2,5,4,5,6,7,10	118,111,121,102,90,131,94,84,91,100	3,4,2,3,1,0,2,3,1,4	120,100,100,116,111,101,128,100,88,104	324	75
3311	2,4,1,3,0,2,2,2,2,3	109,96,117,90,117,101,114,94,91,101	2,5,3,3,2,0,1,2,0,4	97,124,115,111,151,104,114,107,122,87	152	75
3313	32,50,30,7,20,13,28,32,36,33	3,2,1,1,3,1,1,3,1,3	31,21,13,20,38,40,40,24,18,33	3,1,0,3,5,2,3,3,0,1	228	75
3314	35,54,33,8,28,20,32,36,44,42	2,0,2,2,1,0,1,2,0,1	35,27,20,25,47,42,44,32,19,37	0,0,3,2,1,0,0,0,0,2	300	75
3315	29,22,26,35,38,32,32,26,37,33	9,4,2,6,2,3,1,4,0,2	36,25,21,40,30,37,39,24,30,41	3,2,1,1,2,0,4,3,4,2	159	75
3316	0,0,0,0,0,0,0,0,0,0	0,0,1,1,1,0,0,3,0,0	0,0,0,0,0,1,0,0,0,0	0,0,0,0,0,2,0,0,0,0	765	75
3317	34,60,37,45,29,33,45,46,59,39	63,51,62,40,61,51,41,49,49,49	37,57,37,42,38,30,38,35,44,43	59,64,64,64,71,59,63,42,55,61	777	75
3318	68,94,61,75,46,52,74,71,94,52	0,0,0,0,1,0,0,0,0,0	59,77,67,73,63,46,64,73,63,85	0,1,2,0,0,0,0,0,0,0	1115	75
3319	19,26,16,25,10,11,25,25,31,6	49,49,30,28,31,34,15,27,39,35	13,15,22,23,16,12,10,26,15,31	42,40,23,31,31,25,27,21,31,22	320	75
3320	3,4,2,2,0,5,6,2,8,3	0,2,0,0,0,0,0,0,0,0	3,0,0,2,8,5,5,4,4,5	1,0,0,0,0,0,0,0,0,0	149	75
3321	5,6,3,4,1,9,7,3,9,4	0,0,0,2,0,1,0,2,0,0	3,1,2,4,9,5,7,4,7,6	0,0,1,0,0,0,0,1,0,0	210	75
3322	0,3,10,7,3,1,2,7,4,2	23,43,36,30,36,26,32,13,27,24	4,9,2,5,4,9,3,3,4,2	20,44,23,24,17,34,28,19,20,26	2293	75
3323	3,7,5,3,3,3,4,8,8,1	0,0,0,1,1,3,1,0,1,0	6,4,5,3,5,4,7,4,3,2	0,1,0,3,2,0,2,2,0,1	163	75
3324	0,6,4,1,1,0,2,2,1,0	36,44,54,42,25,33,35,24,37,39	3,1,5,0,1,3,4,1,3,0	50,36,40,39,42,30,36,37,35,33	156	75
3325	2,2,2,0,3,1,0,2,1,1	33,38,43,33,34,41,18,16,20,29	2,3,2,1,1,6,1,2,1,0	19,34,24,18,24,35,20,32,28,35	156	75
3326	29,39,33,24,25,38,27,38,24,22	0,0,0,0,0,0,0,0,0,0	16,30,27,34,28,39,19,21,26,25	0,0,0,0,0,0,0,0,1,0	411	75
3328	22,41,24,36,15,11,21,20,20,19	105,105,111,78,96,75,80,63,82,90	20,19,18,19,22,22,15,25,27,15	87,77,81,88,95,96,95,63,86,82	179	75
3329	935,835,779,743,814,652,762,648,828,856	1,1,1,1,0,0,0,0,1,0	799,792,789,804,855,789,824,785,763,715	0,4,0,0,0,1,2,1,2,0	577	75
3330	3,1,5,0,4,5,1,1,2,1	452,459,423,399,411,330,362,358,411,408	3,2,1,2,4,2,3,0,1,0	389,456,325,378,397,377,475,386,356,380	387	75
3332	1,3,0,1,2,4,1,3,4,2	16,9,10,10,21,15,17,12,19,22	1,4,3,0,4,1,2,3,1,2	14,16,11,14,9,15,10,17,22,16	635	75
3333	3,5,4,1,1,2,1,1,1,1	13,13,8,10,14,13,8,10,13,9	3,1,0,2,1,2,1,0,2,0	18,12,19,12,5,16,10,24,15,14	439	75
3334	3,3,3,1,2,3,5,4,2,0	77,50,45,49,56,48,58,50,47,55	4,0,1,3,0,1,3,1,1,3	59,74,51,47,59,60,62,43,57,52	159	75
3337	31,24,39,38,40,27,33,43,36,45	11,8,18,7,6,7,6,9,5,9	34,21,23,38,30,30,33,28,33,17	13,8,11,9,11,12,3,10,4,7	727	75
3338	24,21,35,33,31,23,30,31,32,36	30,16,24,33,25,27,31,14,27,27	29,19,18,29,26,21,27,24,29,13	20,33,35,21,23,33,34,32,26,18	707	75
3339	4,1,5,2,3,3,4,1,2,2	30,21,22,21,17,21,30,31,25,20	5,0,2,3,2,2,2,3,5,2	10,21,22,20,12,16,26,31,21,32	1240	75
3340	1,2,2,6,2,3,3,1,0,1	142,95,96,103,112,112,82,116,94,102	5,7,4,3,1,0,3,1,3,3	89,164,103,89,70,127,85,96,76,91	192	75
3341	0,4,1,5,0,0,2,2,3,0	83,79,95,87,68,58,84,72,75,74	0,1,3,0,1,1,2,0,1,2	70,80,74,70,68,69,84,75,70,73	175	75
3342	4,9,4,8,5,7,8,4,8,7	52,50,47,49,29,34,45,38,35,38	3,4,4,6,2,3,4,4,7,6	40,37,43,31,57,44,43,37,49,56	172	75
3343	0,3,2,3,2,4,4,3,3,3	24,18,37,42,31,29,28,30,29,24	1,3,1,3,1,1,4,4,1,0	36,32,25,25,19,24,34,22,27,34	159	75
3344	3,1,2,1,1,1,3,2,2,2	17,6,15,9,7,4,10,5,6,7	0,3,0,1,0,0,3,1,1,1	11,11,4,7,4,11,12,13,9,11	213	75
3345	0,0,0,0,0,2,0,1,0,0	4,2,4,0,1,3,2,2,0,1	3,2,0,1,2,0,0,0,0,4	3,1,0,0,2,2,3,1,1,1	227	75
3346	0,0,0,0,0,0,0,0,0,1	13,16,13,12,9,12,11,10,14,9	2,0,0,1,0,1,0,0,1,0	11,16,13,15,7,13,16,15,16,9	1349	75
3348	14,3,11,9,6,2,14,7,8,8	27,34,20,32,30,39,34,24,19,27	13,12,6,6,13,9,4,8,7,10	18,24,36,32,32,40,23,25,26,32	274	75
3349	11,3,8,6,6,2,11,5,8,7	1,0,1,0,1,0,0,0,0,1	12,10,5,5,7,5,3,4,3,6	0,0,0,0,0,1,0,1,0,0	217	75
3350	1,2,0,3,1,0,4,0,4,2	12,11,12,13,11,12,7,7,8,6	1,2,0,1,1,3,1,0,3,3	8,6,10,11,8,10,11,6,10,12	163	75
3351	1,0,0,0,0,0,2,0,1,0	30,26,27,25,19,34,25,21,25,16	0,0,1,2,0,0,0,0,1,0	31,30,20,27,21,29,26,25,26,34	162	75
3352	31,52,42,89,39,49,74,52,51,32	69,86,72,65,48,65,80,40,49,64	31,70,39,40,33,48,75,87,64,88	72,46,38,67,62,55,85,51,53,66	2567	75
3353	0,4,6,6,4,2,3,0,4,1	103,85,94,78,93,69,57,67,92,100	1,1,0,3,1,1,5,1,5,4	84,77,79,92,75,100,106,105,97,94	307	75
3354	0,1,2,0,3,0,2,2,3,3	3,0,0,1,0,0,0,0,1,0	0,2,0,0,0,0,2,1,1,2	0,0,0,0,0,0,0,0,0,1	233	75
3355	149,140,197,177,202,141,174,196,166,139	62,94,89,69,84,74,54,62,47,68	165,211,139,201,134,161,122,166,248,158	78,82,71,71,77,94,70,71,61,71	2007	75
3356	17,18,22,23,18,7,21,19,20,16	1,0,0,0,0,2,0,0,0,1	12,21,10,15,15,17,12,26,18,18	0,0,0,0,0,0,0,0,1,0	197	75
3357	44,36,23,41,21,33,43,28,31,30	1,3,6,2,0,1,3,2,2,2	35,51,37,30,47,37,39,32,29,27	4,0,2,0,2,0,1,0,5,1	763	75
3358	46,49,54,37,38,34,39,31,41,38	100,107,92,69,82,85,84,67,85,58	49,64,40,31,48,51,44,36,37,45	66,121,78,82,70,80,88,66,53,85	343	75
3359	6,7,5,9,7,5,11,9,10,4	0,0,0,0,0,0,0,0,0,0	5,7,5,8,3,8,10,4,10,8	0,1,1,0,0,0,0,0,1,0	189	75
3360	6,12,11,10,10,5,14,16,10,5	93,99,89,91,89,91,75,89,79,108	7,10,5,9,5,8,12,5,13,9	91,105,78,89,77,100,91,83,109,100	222	75
3361	8,31,19,26,21,21,29,32,15,17	0,0,0,0,0,0,0,0,0,0	18,26,15,14,18,22,20,12,25,15	0,0,0,1,0,0,0,0,0,0	405	75
3362	91,81,69,67,76,76,64,58,67,54	0,0,0,0,1,0,0,0,0,0	46,67,72,87,72,68,62,79,83,79	0,0,0,0,0,0,0,0,0,0	342	75
3363	2,11,4,6,2,2,7,6,4,5	96,81,90,78,69,89,74,75,69,66	4,4,3,12,2,6,4,4,7,7	79,70,79,92,86,84,80,68,91,77	164	75
3364	9,8,9,10,7,7,8,11,10,16	95,85,104,90,62,73,67,51,73,78	4,6,6,5,8,3,5,2,5,6	62,91,76,82,74,87,85,80,92,77	209	75
3365	24,20,13,24,12,19,19,17,25,16	64,58,66,50,40,43,57,48,54,43	21,12,17,15,22,23,17,11,18,16	63,44,59,49,45,43,61,42,46,28	152	75
3366	1,1,0,0,1,0,1,0,1,0	19,16,16,14,15,10,13,11,9,5	0,0,0,0,2,0,0,0,0,2	19,14,17,12,4,10,9,8,9,13	159	75
3368	927,829,854,880,861,931,782,646,722,749	121,97,111,95,105,108,83,75,92,115	1010,977,885,935,762,790,885,785,1056,929	111,121,125,135,77,89,86,81,107,92	1485	75
3369	18,23,24,20,22,14,19,17,20,22	155,171,173,141,160,165,118,120,137,162	11,30,25,22,22,23,21,26,28,24	177,163,172,138,151,147,131,152,148,171	140	75
3370	14,18,18,16,18,12,19,13,21,23	59,68,66,59,61,71,34,47,64,41	18,18,31,17,16,23,13,21,10,15	54,64,45,51,67,50,59,53,56,57	179	75
3371	39,26,28,31,21,36,25,22,19,33	335,320,338,338,307,292,244,200,261,318	19,30,34,25,21,15,27,36,40,31	273,302,276,281,297,265,280,264,278,209	1523	75
3372	0,1,0,0,0,0,2,3,1,2	32,23,17,27,19,24,22,19,19,25	1,2,0,0,0,0,0,0,0,2	24,36,28,25,19,25,31,30,13,29	157	75
3373	7,0,2,1,2,3,4,2,1,3	1,0,2,0,0,1,0,0,0,0	4,4,1,2,3,3,0,1,2,5	1,0,1,1,0,0,0,0,0,0	1804	75
3374	83,87,109,78,82,81,73,67,81,80	0,1,0,0,0,0,0,0,1,0	78,101,62,90,70,102,86,84,76,64	0,0,0,2,0,0,0,0,0,0	195	75
3375	0,0,1,1,0,0,1,1,0,0	7,12,6,10,17,4,16,6,12,7	0,0,1,0,0,1,1,2,1,0	5,14,14,9,10,8,12,10,11,5	2227	75
3376	2,5,2,4,1,1,5,1,6,3	28,23,20,19,23,32,21,20,24,29	0,2,2,5,1,2,3,4,2,7	27,21,16,29,27,26,18,28,27,16	250	75
3377	240,230,259,229,222,228,200,171,173,235	0,2,0,4,0,1,2,1,0,1	242,247,217,203,195,203,229,248,204,195	0,0,1,0,0,1,0,3,0,0	695	75
3378	44,50,47,60,46,30,49,56,61,34	14,15,19,15,12,12,14,15,11,10	38,51,41,47,26,35,39,42,47,49	8,11,14,15,22,15,7,17,13,14	1155	75
3379	6,6,9,10,7,10,12,7,7,9	45,39,39,32,45,34,33,32,49,47	8,6,9,9,14,9,7,12,7,3	44,49,36,29,29,33,35,33,41,27	1448	75
3380	2,2,2,1,1,2,1,0,1,0	0,0,0,0,0,0,0,0,0,1	3,4,2,1,2,4,4,0,0,0	0,0,0,0,0,0,0,0,0,0	558	75
3381	0,0,1,0,0,0,0,0,0,3	30,30,19,20,20,27,13,24,32,19	0,0,0,2,1,0,0,0,0,0	27,38,21,19,31,36,28,23,25,15	180	75
3382	0,1,2,2,0,1,0,0,2,1	9,14,8,6,7,15,6,6,10,11	0,2,0,3,1,1,0,2,0,0	8,10,7,10,13,9,7,6,10,10	167	75
3383	1,0,0,2,1,0,6,0,4,1	37,26,44,40,20,21,29,20,29,34	1,0,0,2,5,0,0,1,0,3	28,22,23,22,26,18,20,23,23,27	233	75
3384	1,1,4,3,4,1,0,1,2,0	27,32,14,17,14,16,12,19,17,17	2,3,3,2,0,2,2,1,0,1	14,10,7,6,12,21,14,9,12,8	599	75
3386	1,3,1,0,2,0,0,3,3,1	6,9,8,6,8,12,6,6,6,3	2,0,0,1,0,0,0,2,3,0	6,11,9,9,8,16,9,7,10,6	636	75
3388	10,10,14,12,17,6,15,7,7,10	722,746,762,649,710,708,568,556,653,506	7,15,7,8,9,11,3,14,10,9	663,789,519,607,568,697,701,631,512,691	538	75
3389	2,0,3,2,0,3,2,1,5,2	67,47,55,47,44,54,50,39,54,52	2,2,3,3,2,1,2,3,3,2	57,69,61,52,52,57,69,60,56,59	1458	75
3390	25,19,24,24,24,17,31,27,25,25	848,805,851,795,860,758,658,541,674,768	23,26,21,23,19,20,12,20,34,25	799,856,834,750,809,779,656,633,785,651	246	75
3391	39,68,49,50,56,44,85,58,56,39	597,589,644,528,638,547,394,337,432,519	33,72,51,84,40,54,42,59,91,78	559,575,606,532,615,487,457,441,511,470	146	75
3392	119,133,122,140,163,94,165,163,165,56	699,707,784,593,712,695,544,402,535,656	71,163,109,159,96,122,96,135,208,192	701,778,735,595,729,621,533,533,613,528	412	75
3393	1,0,1,1,1,2,0,1,0,1	0,2,0,1,1,0,1,0,0,1	0,0,0,1,0,0,0,2,0,1	0,0,1,1,3,1,3,2,3,1	181	75
3394	2,4,1,1,2,0,1,1,4,0	4,2,1,1,0,2,1,2,0,5	1,2,2,4,4,2,2,1,2,1	1,0,0,3,2,2,0,2,0,3	646	75
3395	3,3,2,2,3,4,4,4,5,1	38,28,45,30,26,52,35,41,41,41	1,5,1,2,4,1,3,2,2,6	41,39,35,30,39,37,36,29,27,43	146	75
3396	23,20,20,15,19,19,27,9,25,24	10,10,15,15,4,10,10,9,8,3	27,24,10,20,19,18,20,20,24,29	3,9,8,9,5,14,11,6,9,1	187	75
3398	3,3,3,1,3,3,1,4,2,1	57,45,52,41,56,56,48,51,60,50	1,5,0,2,3,1,2,1,0,0	47,48,43,53,51,46,53,61,51,52	355	75
3399	8,17,10,8,16,14,11,8,10,8	117,103,98,97,93,112,100,89,105,111	10,12,8,13,12,6,7,13,7,10	112,107,102,131,101,117,101,99,104,95	1712	75
3400	1,9,4,1,0,2,2,4,4,4	33,26,35,22,22,21,22,21,26,19	2,0,0,4,0,3,4,5,2,2	20,40,30,20,33,33,24,19,13,16	170	75
3401	0,0,0,0,0,0,1,0,2,0	38,53,49,35,47,29,39,31,34,32	0,1,0,0,0,0,0,0,0,0	37,43,45,43,40,56,39,37,44,33	146	75
3402	3,4,6,5,3,0,4,11,5,0	14,19,30,15,20,13,26,17,22,27	2,7,3,4,4,5,4,5,3,1	9,17,10,19,18,17,16,17,20,18	139	75
3403	10,8,8,7,10,14,10,9,13,5	0,3,0,2,0,1,1,0,4,0	8,9,2,9,8,19,14,10,5,6	1,1,0,2,5,1,3,1,3,0	243	75
3404	306,284,317,255,277,334,240,256,238,278	11,20,12,17,6,6,9,7,9,7	288,293,323,319,280,285,263,261,336,266	12,15,10,11,15,12,11,19,8,14	2942	75
3405	1,0,0,0,0,0,0,0,0,0	37,26,33,33,30,26,49,22,23,31	0,0,0,1,2,0,1,0,0,0	33,29,12,15,33,34,29,27,24,29	158	75
3406	13,12,4,5,10,15,2,11,5,5	45,40,56,50,59,41,51,37,38,38	8,11,7,7,8,5,11,8,10,14	49,38,38,36,38,38,47,66,37,49	271	75
3408	1,1,2,3,2,2,1,5,1,1	27,34,31,30,23,30,50,19,30,38	1,1,0,2,2,2,3,3,2,2	31,36,31,33,36,40,35,51,43,36	160	75
3409	0,1,0,0,0,1,1,0,1,0	46,55,51,44,36,44,38,32,55,42	2,1,0,0,0,0,0,1,2,2	32,26,44,27,50,46,52,42,40,39	202	75
3410	584,582,524,530,501,548,565,537,582,476	0,2,1,0,0,2,0,2,1,1	450,722,509,625,501,525,483,554,617,683	3,1,0,1,1,1,0,1,0,0	2089	75
3411	0,0,1,0,0,0,0,0,0,0	4,2,1,0,3,0,0,0,0,1	1,0,0,0,0,0,0,0,0,0	2,1,2,3,0,3,0,0,2,1	228	75
3412	1,0,0,0,0,0,0,1,0,0	2,2,2,0,1,0,0,1,0,2	0,0,0,0,0,0,0,0,0,0	0,3,2,1,1,0,2,0,2,3	152	75
3413	11,19,13,25,17,11,25,17,25,7	67,72,82,52,46,81,75,56,70,75	17,28,23,30,13,16,11,24,28,27	73,71,64,73,61,76,82,65,60,50	164	75
3414	137,138,141,118,129,101,115,105,121,115	0,1,0,0,0,0,0,0,0,0	134,122,114,104,130,104,108,106,129,129	0,0,0,0,0,0,0,0,0,0	570	75
3415	1,5,0,2,2,1,5,2,3,0	82,82,69,76,76,57,75,60,66,81	3,1,1,1,3,1,1,1,2,3	68,86,64,67,74,77,75,64,66,69	253	75
3416	15,24,22,19,22,18,22,30,18,14	15,13,14,13,16,18,13,11,18,12	9,21,13,17,22,17,20,14,15,29	14,20,11,18,15,20,16,9,22,16	766	75
3417	51,47,44,49,43,34,53,57,46,29	1,2,1,1,0,0,1,2,2,1	36,48,34,49,51,33,40,41,46,61	0,1,2,3,1,0,1,2,1,0	1200	75
3418	24,14,16,17,18,13,25,20,24,6	20,26,28,23,38,26,18,30,33,34	18,17,9,24,18,9,13,15,23,27	35,30,17,12,28,32,25,25,21,21	421	75
3419	1,0,0,7,1,3,2,2,2,6	89,80,96,86,83,86,69,65,80,73	3,1,2,5,6,0,1,4,1,0	69,86,78,54,90,101,61,56,65,75	1155	75
3420	3,1,2,3,2,2,1,3,0,0	94,93,99,89,123,100,61,99,88,94	1,1,4,1,1,1,1,4,3,0	104,110,90,82,96,107,101,83,98,87	401	75
3422	2,1,2,1,0,0,1,0,1,1	64,66,67,64,66,52,65,64,52,71	0,1,0,0,2,0,0,0,4,1	50,69,93,72,71,83,42,59,63,49	372	75
3423	31,32,34,42,23,21,52,30,36,14	56,63,74,48,49,50,43,53,39,45	14,32,26,36,35,24,19,33,36,33	90,72,62,41,65,72,63,67,54,49	290	75
3424	120,135,135,123,119,93,132,98,89,101	1,4,1,4,2,3,3,5,0,7	83,139,106,117,124,80,90,106,117,105	1,6,4,2,6,3,2,1,1,3	327	75
3425	1,0,5,5,4,2,4,4,0,0	99,87,87,104,77,88,75,71,82,81	2,0,2,1,0,1,2,1,1,5	84,81,87,84,89,101,86,72,87,95	184	75
3427	38,42,44,33,27,27,25,35,29,20	0,0,0,0,3,0,3,1,2,0	33,45,33,44,33,23,36,35,33,28	3,0,0,1,1,0,1,2,1,0	2165	75
3429	7,8,7,6,5,8,8,4,9,5	3,2,3,0,4,1,1,4,1,3	4,5,3,6,5,4,4,4,10,4	5,7,0,1,3,2,5,2,3,2	902	75
3430	0,0,0,0,1,0,0,1,0,0	56,34,48,43,41,47,45,23,40,35	0,0,1,0,0,0,0,0,0,0	48,43,43,39,39,48,44,46,40,32	1332	75
3431	94,78,100,86,90,102,76,69,87,86	4,3,1,1,1,2,6,1,1,0	86,86,91,73,69,89,99,97,81,79	1,3,1,3,2,4,1,4,0,1	117	75
3432	7,7,8,6,11,6,2,7,9,11	4,2,4,2,1,4,1,6,2,5	8,6,7,11,7,6,8,5,5,6	1,3,3,4,5,4,4,6,1,1	207	75
3433	33,47,46,53,48,53,59,41,44,48	8,8,9,4,7,6,7,12,8,7	31,58,49,51,47,53,32,57,58,52	5,10,7,5,5,3,4,6,6,3	493	75
3434	2,8,3,3,6,2,3,0,5,1	20,16,12,16,19,22,20,24,13,12	1,2,3,5,3,2,1,2,4,1	20,20,15,12,15,18,15,17,16,20	255	75
3435	2,9,8,5,8,10,14,11,15,8	5,3,3,5,5,7,0,5,2,1	7,18,5,12,9,8,18,9,4,9	4,4,4,4,3,6,3,4,4,8	283	75
3436	1,4,6,3,0,2,6,5,4,1	12,7,6,11,8,4,3,4,5,10	3,13,2,4,2,3,4,5,2,5	3,7,14,4,5,5,8,10,5,8	243	75
3438	8,10,13,7,8,9,12,7,9,15	124,134,112,107,129,124,83,108,97,88	3,8,6,11,6,8,16,13,10,10	114,131,90,118,104,126,124,111,106,103	1471	75
3439	9,11,19,12,9,10,15,11,11,15	0,0,0,0,0,0,0,1,0,0	4,11,8,12,6,9,16,16,10,13	0,0,0,0,0,0,0,0,2,0	1600	75
3440	2,1,7,5,1,1,3,6,3,0	161,183,161,123,147,164,144,108,181,155	1,3,2,1,0,1,0,4,1,3	184,165,137,132,178,155,155,140,154,156	153	75
3441	4,1,3,6,4,3,4,3,8,3	224,266,206,205,201,200,163,175,218,190	6,8,4,3,1,2,3,7,8,2	170,222,225,228,216,200,209,210,162,198	373	75
3443	22,21,20,14,16,15,15,15,13,28	20,18,11,5,13,15,9,12,7,10	12,21,11,18,21,18,20,13,14,14	15,18,10,10,11,10,7,9,12,8	255	75
3444	161,143,139,132,123,111,114,92,113,123	5,6,6,4,5,6,5,5,3,11	125,121,108,120,110,111,133,114,148,131	3,2,7,6,3,4,4,2,2,4	670	75
3445	0,0,0,0,1,0,1,0,0,0	1,0,0,0,3,5,2,0,0,4	0,0,0,0,0,0,1,0,0,0	1,4,7,1,1,1,3,0,0,3	148	75
3446	0,0,0,0,2,0,0,0,0,0	4,0,1,1,4,7,4,1,0,2	0,0,0,1,0,0,0,0,0,0	0,0,7,0,0,1,3,2,0,4	165	75
3447	12,7,12,12,13,3,19,14,24,15	0,0,1,0,0,0,0,0,0,0	10,15,11,17,6,13,4,13,12,14	0,0,0,0,0,0,0,0,1,0	491	75
3448	1,0,4,0,5,2,8,5,4,4	107,101,90,81,95,87,74,62,72,78	4,0,6,6,0,2,6,3,3,3	91,83,86,94,100,89,85,81,102,87	176	75
3449	21,20,36,34,17,18,32,23,26,19	94,91,81,54,79,54,54,64,80,86	23,24,11,32,24,27,15,35,28,30	58,70,80,70,74,98,74,71,77,96	1192	75
3450	79,56,79,87,59,58,82,73,98,49	0,0,2,0,0,3,0,0,0,0	65,80,55,75,56,56,54,77,81,78	0,1,1,1,1,0,1,1,0,1	2912	75
3451	58,36,44,55,43,40,50,50,72,30	116,105,124,70,78,95,68,106,97,102	42,56,44,44,32,29,40,42,53,48	116,87,99,100,96,121,103,116,109,98	1744	75
3452	0,0,1,0,2,0,1,2,0,1	1,2,2,2,0,1,3,2,0,1	1,0,0,1,1,1,0,2,2,2	0,2,2,3,0,3,2,2,1,1	740	75
3454	16,13,20,17,9,5,24,24,29,12	0,0,1,1,0,0,0,1,1,0	10,15,10,15,10,13,7,10,14,16	0,0,1,0,0,0,0,2,0,0	1473	75
3455	2,1,4,6,5,1,4,3,1,2	45,47,58,39,43,55,30,43,47,40	3,4,3,5,5,2,0,5,3,0	46,41,47,50,40,36,50,51,39,57	1326	75
3456	56,42,44,51,42,49,65,55,60,48	0,0,0,1,0,0,0,1,0,0	36,56,34,45,48,30,48,44,54,61	0,0,0,0,0,0,0,1,1,0	350	75
3457	78,71,60,71,62,71,109,76,82,64	0,0,1,1,2,0,1,0,0,0	55,75,50,70,76,62,64,63,80,95	0,0,2,0,2,1,1,1,0,1	637	75
3458	15,15,6,15,7,15,22,15,16,8	8,5,1,5,5,5,7,3,15,5	11,9,7,15,18,15,10,9,15,22	9,8,0,2,5,6,3,5,5,1	234	75
3460	1,0,3,0,0,0,2,2,2,1	0,1,0,1,0,0,0,2,1,0	0,0,0,2,1,0,1,0,0,3	0,0,1,1,0,0,0,0,2,0	267	75
3461	7,9,3,6,10,5,7,5,9,5	39,37,50,29,26,29,34,35,26,33	3,6,2,5,1,8,5,3,9,7	45,49,32,40,33,30,37,29,32,40	324	75
3462	14,15,18,15,13,8,26,16,12,8	107,102,97,92,61,73,78,68,93,70	7,9,10,11,7,10,13,16,15,8	91,66,92,82,95,102,73,59,103,78	833	75
3463	1,0,1,0,3,2,2,1,1,0	3,2,0,1,1,1,3,0,2,2	6,10,5,3,5,7,2,5,7,2	4,0,0,0,0,0,1,1,1,1	1757	75
3464	27193,25799,27520,23390,23411,25077,21517,19212,21158,23028	0,0,0,0,0,0,0,0,1,0	25376,25279,24988,23713,23561,24299,24774,22636,23658,24430	0,0,0,0,0,0,0,0,0,1	1940	75
3465	4,3,0,5,3,5,6,3,2,5	5,5,6,3,5,5,5,12,7,8	1,6,5,5,4,2,2,4,2,4	5,5,4,5,3,4,9,6,3,3	214	75
3466	7,11,7,8,7,8,8,4,7,4	25,32,25,26,23,37,24,24,25,15	6,3,11,2,6,5,10,16,4,6	24,22,24,30,25,18,27,23,13,15	159	75
3467	1,3,0,1,0,5,0,0,1,0	247,206,224,197,206,243,207,178,223,230	1,1,1,1,1,2,0,3,2,1	203,230,225,204,268,241,240,229,239,207	175	75
3468	40,47,37,58,58,50,76,67,68,89	70,75,96,93,91,98,87,96,72,115	48,66,38,69,55,71,57,52,71,63	75,103,117,97,91,77,93,106,104,88	171	75
3469	19,19,12,18,13,12,13,17,19,17	18,11,26,15,16,18,11,18,20,17	12,18,10,22,19,15,14,16,17,9	18,17,21,10,19,23,18,12,15,22	718	75
3470	43,76,40,50,49,56,47,45,42,43	1,3,1,0,3,0,0,0,1,0	30,48,35,45,46,48,54,44,40,47	1,0,0,0,0,0,0,0,0,0	457	75
3471	20,6,20,12,14,13,8,13,11,18	6,8,6,7,8,12,7,3,4,7	18,27,8,11,11,17,17,21,8,10	5,14,6,10,7,2,7,10,6,7	981	75
3473	27,18,18,20,21,15,25,25,17,11	38,36,56,39,35,41,37,31,30,24	21,27,19,11,15,16,24,17,19,20	34,39,30,45,42,37,36,44,43,49	2020	75
3475	2,2,3,2,3,3,7,3,8,3	29,36,32,19,17,23,17,23,18,15	1,6,2,4,1,3,4,3,0,6	19,32,19,22,29,27,8,22,20,19	407	75
3476	1,0,0,1,1,2,0,0,1,0	0,0,2,2,1,3,5,0,1,0	2,2,2,1,0,0,1,0,0,0	1,1,2,0,2,3,0,1,2,0	376	75
3477	1,0,0,0,0,0,0,0,0,0	2,1,2,2,4,3,3,0,1,2	0,0,0,2,0,0,1,0,0,2	5,3,2,2,1,0,2,3,2,3	156	75
3478	2,3,4,2,4,3,2,0,5,3	0,2,0,0,0,0,0,1,0,0	1,2,1,5,3,0,2,0,4,2	1,0,0,3,0,0,1,0,0,0	1061	75
3479	0,1,0,0,1,0,0,0,0,0	36,31,31,22,19,29,19,31,26,30	0,0,0,0,0,0,0,1,1,0	26,38,25,20,25,24,22,32,24,21	153	75
3480	485,491,477,411,414,497,433,376,394,434	73,72,79,80,84,72,59,59,68,70	444,479,459,433,447,452,488,358,419,416	78,84,70,66,67,69,77,68,60,70	186	75
3481	5,4,4,1,3,2,1,2,2,1	58,76,96,57,63,64,66,38,58,65	2,2,1,2,0,5,3,0,4,2	64,71,68,49,68,79,75,51,64,64	154	75
3482	157,176,182,144,145,149,120,100,131,102	7,5,12,7,3,6,1,6,9,8	128,187,149,138,127,152,149,157,137,135	1,5,13,6,5,2,6,6,8,6	305	75
3483	6,13,6,12,7,12,8,5,9,7	4,5,6,4,6,1,5,2,5,1	6,6,9,5,5,7,12,14,8,3	4,1,1,6,3,4,2,4,2,6	294	75
3484	3,7,4,7,8,7,11,3,4,9	6,3,5,3,3,1,0,2,3,2	4,9,1,5,5,6,3,8,1,3	3,3,4,3,4,10,4,4,2,9	163	75
3485	29,30,47,38,39,36,44,31,36,36	0,0,0,0,1,0,0,0,0,0	25,38,19,32,31,31,29,34,21,26	0,0,0,0,0,0,0,2,0,0	723	75
3486	12,6,6,9,13,4,11,7,12,9	4,7,3,1,2,4,8,2,5,7	4,12,2,13,9,8,3,10,6,6	5,2,3,5,6,2,4,4,2,5	238	75
3487	9,10,11,11,4,9,15,8,6,9	168,167,179,146,189,162,135,123,158,176	5,17,6,8,13,13,5,10,11,10	159,173,160,177,176,199,171,162,179,139	609	75
3488	7,4,9,4,10,2,0,3,6,11	6,7,3,8,6,6,4,3,5,5	6,5,6,11,2,5,6,9,10,6	7,9,5,5,9,8,7,4,6,6	195	75
3490	0,0,0,1,0,2,1,1,5,1	13,11,14,10,12,5,11,10,7,4	1,1,1,0,1,1,0,0,0,1	15,12,6,8,9,9,6,12,7,8	151	75
3491	13,9,22,20,23,9,24,25,13,20	0,1,0,0,0,0,1,1,0,1	15,22,25,14,12,22,13,15,22,15	1,1,0,1,0,1,0,1,0,0	934	75
3492	1,2,5,1,1,1,4,1,2,1	36,31,31,38,32,23,23,21,20,34	1,2,0,3,2,2,1,1,4,2	27,29,33,27,30,38,23,36,35,36	210	75
3493	6,6,0,5,4,6,3,7,2,2	13,16,8,9,5,12,16,12,10,8	1,4,1,4,4,2,5,5,6,2	9,13,8,11,13,14,18,11,9,7	229	75
3494	1,0,0,0,0,0,0,0,0,0	45,55,42,52,41,41,50,55,36,48	0,0,0,0,0,0,0,0,0,0	45,50,36,46,44,52,44,37,35,45	189	75
3495	119,91,99,147,63,76,128,99,118,76	8,7,8,12,15,15,12,12,9,9	143,119,86,103,88,78,74,64,138,144	14,15,9,11,7,10,14,4,18,10	1534	75
3496	382,321,423,334,344,417,416,317,299,261	0,0,0,0,0,0,0,0,0,0	342,406,326,334,325,374,325,354,340,399	1,0,0,0,0,0,0,0,0,0	918	75
3497	2,0,1,0,1,0,0,2,1,0	0,0,0,0,0,0,0,0,0,0	0,2,0,1,0,3,0,0,0,1	0,0,0,0,0,0,0,0,0,1	122	75
3499	0,0,1,1,0,0,0,1,1,0	2,3,1,0,0,1,0,3,2,0	0,2,0,0,0,1,1,1,1,3	1,4,0,0,1,4,3,1,0,0	160	75
3500	4,5,0,1,3,3,3,4,5,5	103,76,120,89,84,110,66,71,60,87	3,0,2,3,2,6,4,3,3,2	115,90,77,93,87,90,81,87,82,65	1987	75
3501	4,7,6,5,3,10,10,12,9,3	0,1,0,0,0,0,1,1,0,0	1,4,2,6,7,6,5,16,12,4	2,0,0,0,0,0,0,1,0,0	464	75
3503	0,1,0,0,0,0,0,0,1,0	2,13,0,2,1,3,1,1,3,2	0,0,0,2,0,0,0,0,1,0	4,5,2,3,6,4,6,11,2,3	767	75
3504	1,0,0,0,1,0,0,1,0,0	0,1,0,0,0,0,0,0,0,0	0,0,1,2,1,0,0,0,0,0	0,0,0,0,0,0,0,0,0,0	156	75
3506	91,83,105,75,72,62,71,73,70,84	0,0,0,1,0,0,0,0,0,1	92,83,78,83,79,99,110,88,78,63	0,0,0,0,1,0,0,0,0,0	117	75
3508	44,32,31,31,27,36,26,48,40,42	33,31,25,30,20,29,27,30,18,23	36,33,42,42,34,50,32,29,52,41	32,39,28,34,24,28,37,30,26,36	804	75
3509	176,168,167,163,140,166,140,136,160,169	0,0,0,0,0,0,0,1,0,0	162,195,173,163,150,173,120,142,174,173	0,0,0,0,0,0,0,0,0,0	3173	75
3510	1,6,5,2,1,1,3,6,1,3	31,23,26,24,21,18,25,27,27,14	2,3,0,5,0,1,3,0,3,2	29,30,20,23,27,23,30,31,19,19	584	75
3511	17,15,19,27,8,13,27,19,24,24	148,159,130,122,149,136,144,132,128,141	11,18,11,21,20,12,14,16,19,19	143,120,146,120,171,127,128,124,133,112	274	75
3512	86,88,88,93,83,85,109,71,96,82	91,102,125,103,91,93,94,69,76,89	92,96,68,63,97,74,74,80,97,85	88,110,83,97,100,78,88,93,82,75	322	75
3513	4,2,0,3,4,3,1,2,3,1	14,14,11,12,10,16,22,13,14,13	2,4,2,3,2,3,1,5,4,4	15,13,14,11,24,20,15,10,11,17	248	75
3514	3106,2914,3158,2934,2762,2965,2659,2362,2711,2854	142,124,124,131,143,151,159,125,131,167	3047,2918,2711,2663,3004,2759,2853,2688,2896,2958	144,149,113,133,128,129,150,141,148,130	1461	75
3517	0,0,1,0,0,0,0,0,0,0	31,32,28,25,17,31,36,27,25,37	0,0,0,0,0,0,0,0,0,0	37,13,31,30,36,30,27,17,30,21	147	75
3519	3,0,0,0,1,1,3,1,2,0	2,3,0,0,1,2,1,1,0,0	1,0,1,1,1,1,1,1,2,2	1,1,1,0,2,0,0,0,0,0	959	75
3520	70,79,76,57,77,60,60,59,47,63	125,98,112,101,103,123,98,83,83,102	57,81,70,72,63,68,61,67,60,71	96,92,85,98,109,99,106,103,81,88	155	75
3521	0,5,0,0,5,1,0,1,1,0	7,7,11,3,6,5,9,7,6,4	0,1,0,3,0,0,1,0,3,1	14,3,7,2,8,9,4,8,8,9	178	75
3522	24,18,18,23,25,13,25,23,30,19	0,1,0,1,0,0,4,2,2,1	16,32,15,23,19,25,18,14,16,14	0,0,0,0,0,0,0,3,0,1	942	75
3523	28,19,20,24,27,14,25,25,33,20	2,0,1,1,0,0,3,0,1,0	17,33,16,23,19,25,19,16,16,14	0,1,3,0,1,2,0,2,0,1	960	75
3528	113,118,107,104,99,124,91,93,100,99	70,69,82,54,72,76,46,47,66,55	122,120,125,83,112,93,97,98,95,131	66,87,70,68,68,59,55,78,64,54	147	75
3529	22207,19536,21341,17934,19508,18670,15309,15560,17784,18019	8,7,3,3,4,5,5,3,16,12	19084,20840,20068,20697,18034,19857,18250,18139,19593,17768	5,10,7,4,5,6,0,4,6,10	5327	75
3530	0,4,1,2,3,1,2,3,1,1	2,1,1,1,1,0,1,0,0,1	3,1,5,5,1,0,2,4,2,2	1,0,3,0,0,0,0,0,2,1	535	75
3531	0,3,2,4,2,1,0,4,4,1	287,270,278,235,260,202,171,205,211,211	2,3,1,2,2,1,4,3,0,0	225,248,249,257,250,247,239,225,254,182	632	75
3532	6,6,4,8,8,2,8,10,6,8	303,271,293,255,263,198,192,186,254,229	5,4,8,2,8,8,5,4,5,7	268,276,255,266,280,300,213,243,239,201	2289	75
3533	172,142,153,128,149,124,100,123,128,127	2,6,3,3,3,3,5,2,4,1	159,182,134,156,126,158,126,119,136,110	1,0,1,3,2,4,1,2,1,1	1475	75
3534	8,6,7,9,5,2,11,4,6,9	13,20,27,24,17,28,22,16,22,14	9,6,0,4,8,7,3,7,6,3	22,34,14,18,32,20,27,12,22,18	1821	75
3535	0,2,0,0,0,1,0,1,0,0	0,0,0,0,0,0,0,0,1,0	0,0,0,0,0,0,0,0,3,0	0,0,0,0,0,2,0,0,0,0	500	75
3537	59,53,88,91,83,73,80,75,71,70	0,2,2,2,4,1,0,0,0,1	73,79,73,80,53,70,57,69,84,54	0,0,0,4,1,1,0,1,0,0	1972	75
3538	1,5,5,4,2,3,4,1,2,3	428,404,371,340,402,433,309,330,353,294	3,6,3,6,4,2,3,3,5,3	391,518,302,389,271,357,356,321,275,379	179	75
3539	5,9,8,4,3,4,7,7,4,12	158,172,162,147,144,159,137,129,138,161	3,4,3,4,4,4,2,8,8,5	151,163,127,153,136,143,155,158,168,163	1012	75
3540	3,10,5,9,3,9,5,4,5,1	83,104,115,71,85,68,66,79,90,103	6,9,5,7,6,6,3,3,5,8	73,99,86,76,91,76,90,71,92,75	182	75
3542	6,3,12,4,9,6,6,8,9,5	0,1,0,2,3,2,2,0,3,2	11,4,10,9,9,3,8,6,7,8	3,3,1,0,0,0,3,2,2,1	358	75
3543	6,3,8,4,8,5,6,8,8,4	0,2,0,0,1,1,0,0,0,0	8,3,10,9,7,3,7,6,7,7	0,1,0,0,0,1,0,0,0,1	337	75
3544	11,13,11,5,4,11,7,6,9,10	0,1,2,0,2,1,0,0,0,1	16,11,6,12,7,10,17,3,3,7	3,0,1,0,0,0,0,0,0,0	521	75
3545	1,0,0,1,2,0,0,2,0,2	65,57,59,71,61,46,47,57,61,74	0,0,1,0,0,0,0,0,0,1	61,39,77,56,57,62,70,42,57,51	159	75
3546	22,12,26,17,21,20,16,9,11,31	24,17,17,18,21,18,8,18,10,14	10,27,15,22,19,21,23,18,14,12	16,29,22,12,13,24,14,10,14,7	172	75
3547	10,15,21,15,13,13,25,15,19,21	56,57,70,43,35,52,36,46,43,47	16,18,14,14,18,15,13,12,17,12	37,70,38,42,53,46,47,30,44,31	245	75
3549	2,4,3,3,2,3,2,1,3,3	119,112,109,110,113,96,114,73,106,110	4,3,1,1,1,1,1,3,3,2	128,103,104,99,119,104,101,107,103,90	430	75
3550	2,3,7,4,4,5,3,6,4,4	2,0,3,1,2,1,1,3,2,3	2,0,4,5,7,4,5,4,4,3	1,4,4,2,6,3,3,1,0,0	1759	75
3551	4,8,5,1,3,5,2,2,2,4	1282,1203,1409,1164,1172,1210,1098,998,1077,1102	9,9,5,4,5,7,1,4,1,4	1170,1323,1131,1056,1169,1205,1259,1153,1141,1174	157	75
3553	20,15,22,23,28,22,19,22,30,8	99,73,104,86,76,81,77,70,81,84	18,30,21,32,21,16,21,26,19,19	87,75,86,81,94,101,88,74,88,62	900	75
3554	346,324,338,300,262,272,279,245,242,320	16,27,13,12,17,15,17,8,10,19	310,319,290,303,305,285,306,283,286,277	16,11,19,14,23,15,18,12,11,15	168	75
3555	8,5,5,7,1,1,4,3,1,2	26,22,18,36,13,18,19,20,15,20	2,8,0,5,6,4,3,2,6,4	17,20,23,19,33,21,17,30,19,15	1092	75
3556	1,0,0,1,1,0,0,0,0,0	0,0,0,0,1,0,1,0,0,0	0,1,2,0,0,4,0,2,0,0	0,0,1,0,0,0,0,0,0,0	188	75
3557	24,17,18,23,26,13,31,17,25,10	100,92,129,77,82,118,78,66,62,90	21,22,17,15,18,19,21,20,23,18	92,103,90,90,79,87,66,81,83,81	755	75
3559	157,152,179,152,132,152,144,141,149,132	2,5,11,6,6,1,0,3,0,9	128,155,149,136,150,155,152,153,146,121	6,6,5,5,6,1,8,3,1,0	1825	75
3560	227,220,256,210,184,211,193,198,212,181	0,0,0,0,0,0,0,0,0,0	171,218,222,209,207,223,215,209,219,189	0,0,0,0,0,0,0,1,0,0	1960	75
3561	164,160,186,156,135,158,147,147,155,137	0,0,0,0,0,0,0,0,0,0	133,164,156,145,157,160,158,158,149,125	0,1,0,0,0,0,0,1,0,0	1844	75
3562	158,154,180,152,132,154,144,142,152,132	24,37,37,28,24,30,24,17,35,37	128,155,150,136,150,155,152,153,146,121	26,54,32,43,37,14,34,21,21,19	1835	75
3563	204,175,237,157,175,164,172,155,154,151	1,2,6,5,1,2,2,3,0,2	145,176,176,155,166,183,197,165,160,174	4,3,7,1,2,3,5,3,3,6	160	75
3564	38,19,19,21,13,14,23,29,38,12	56,42,58,51,51,53,47,48,43,55	20,25,21,28,19,22,30,15,26,30	36,54,41,40,62,42,57,48,50,53	1054	75
3565	2,5,2,3,3,2,1,0,3,1	0,1,0,0,2,0,0,1,1,0	4,4,1,2,2,1,2,1,2,5	0,0,0,0,0,0,0,0,0,0	1168	75
3567	0,3,0,0,0,0,1,2,0,1	30,20,20,17,22,22,16,25,26,19	1,0,1,1,0,0,0,1,0,0	21,26,26,27,19,24,29,20,25,15	2889	75
3568	1,3,0,2,2,0,4,0,3,4	21,18,39,24,28,22,24,23,26,18	2,3,4,1,3,0,5,0,4,3	29,32,26,26,36,36,24,26,22,16	318	75
3569	8,10,15,11,10,7,15,10,15,10	118,95,117,114,88,99,78,90,101,90	15,9,10,5,3,19,3,9,10,14	65,106,80,102,87,94,101,90,75,77	186	75
3570	7,4,2,12,1,3,6,8,4,8	64,85,62,66,66,48,56,48,53,64	7,9,4,4,10,0,8,15,8,10	62,88,67,71,68,76,76,56,51,51	164	75
3571	6,4,1,7,1,3,6,7,4,6	0,0,0,0,0,0,0,0,0,0	7,6,2,4,10,0,8,15,8,10	0,0,0,0,0,0,0,0,1,0	150	75
3572	39,42,40,45,21,32,45,41,46,26	0,1,1,0,1,0,0,0,0,1	38,55,37,48,42,43,35,50,54,33	0,1,1,0,0,0,0,2,0,0	3110	75
3573	0,5,1,0,3,1,1,2,2,1	13,5,12,9,6,10,3,5,8,3	3,4,0,0,0,2,0,1,0,1	10,13,11,7,11,7,10,9,6,4	149	75
3574	7,8,11,10,6,9,9,6,5,4	13,25,25,31,25,18,15,13,21,13	4,10,8,7,3,2,4,7,9,5	14,27,10,17,16,17,16,13,13,18	396	75
3575	4,15,15,10,12,10,11,12,7,10	13,7,6,4,4,8,6,9,8,6	5,5,13,7,13,7,10,11,5,10	8,10,9,7,5,14,4,4,6,6	200	75
3576	4,14,11,8,9,8,11,8,7,9	16,9,22,7,13,7,8,5,10,13	4,0,10,6,11,5,6,10,4,10	14,12,15,15,10,13,17,16,9,6	176	75
3577	0,2,0,0,1,1,0,0,0,0	4,4,3,0,5,1,1,1,5,2	0,0,0,0,1,0,0,0,1,0	1,5,4,4,3,8,4,3,2,8	532	75
3580	11,15,7,10,4,8,12,4,3,3	17,14,5,14,11,8,6,11,9,14	1,11,4,14,8,12,11,8,8,7	20,10,2,11,13,13,15,13,10,15	158	75
3581	12,18,9,12,5,8,16,5,5,5	0,1,0,0,1,0,1,2,3,1	1,14,4,16,8,18,13,10,9,12	0,2,2,0,0,1,1,1,2,1	174	75
3582	41,42,28,47,24,32,48,25,38,23	5,4,1,3,5,7,0,2,7,2	25,29,24,33,27,24,25,27,44,37	3,4,4,5,5,2,5,2,2,3	766	75
3583	6,21,14,8,18,15,13,10,8,15	22,25,28,19,21,15,12,28,26,25	18,11,6,13,13,11,10,12,15,11	28,27,19,11,17,23,22,23,20,21	1658	75
3584	0,0,0,1,0,1,0,1,1,0	50,58,48,57,62,34,50,52,62,56	0,1,0,0,2,0,0,3,0,0	50,70,54,48,41,53,49,55,69,57	155	75
3585	4,6,4,7,5,5,10,2,6,1	92,92,84,89,82,83,91,81,90,97	2,6,4,2,8,8,7,8,4,2	67,85,110,103,82,91,106,98,80,68	1950	75
3586	0,2,2,0,1,0,3,0,1,1	20,11,15,12,12,16,11,10,20,20	1,1,3,1,1,0,0,0,1,2	17,14,15,6,19,14,19,21,20,18	197	75
3587	3,6,8,1,10,1,4,4,11,2	83,86,85,73,67,61,58,67,79,81	6,14,1,5,5,11,4,7,5,2	89,102,58,70,68,99,62,63,72,53	279	75
3588	1,2,3,0,5,1,0,2,4,0	0,0,0,0,0,1,0,1,0,0	2,9,0,1,5,3,3,4,5,2	0,0,1,0,0,0,0,0,1,0	192	75
3589	8,6,8,12,5,6,9,10,6,6	89,73,83,51,59,56,58,69,94,89	10,14,5,9,6,10,7,3,7,6	81,115,83,79,61,106,71,66,64,52	260	75
3590	5,5,4,3,5,6,3,3,4,5	5,5,5,6,10,3,6,5,4,8	10,10,3,5,5,5,5,7,8,5	2,4,2,3,9,7,4,4,11,2	656	75
3591	5,10,5,3,5,6,4,3,4,5	3,1,1,2,1,0,1,0,0,2	12,12,4,7,6,7,5,8,8,6	3,2,2,2,2,5,2,2,1,0	675	75
3592	13,17,19,17,16,10,15,10,12,17	0,2,0,0,1,0,2,0,1,1	16,20,19,16,20,22,16,10,13,22	1,0,1,0,3,2,0,0,0,2	1031	75
3593	5,6,5,9,4,7,7,4,4,4	13,9,7,7,6,9,5,9,6,9	2,6,3,10,5,4,2,4,3,8	2,2,2,2,7,12,13,12,4,8	967	75
3594	0,0,0,0,0,0,0,0,0,0	1,1,1,1,1,1,0,0,2,0	0,3,0,0,0,1,0,0,0,0	0,0,1,1,1,1,0,0,0,0	541	75
3597	7,3,10,6,4,4,9,6,1,4	3,0,0,2,0,0,2,0,0,0	5,7,2,7,4,4,1,1,2,8	0,0,0,0,3,0,0,0,2,0	641	75
3600	8,2,3,4,6,4,6,5,8,3	44,40,34,40,31,30,39,37,26,43	4,4,5,3,9,3,4,4,4,8	35,37,27,29,36,24,42,24,34,37	152	75
3601	487,471,524,462,492,502,459,477,417,482	0,0,0,0,0,0,0,0,0,0	428,594,471,385,353,468,378,392,354,384	0,4,0,0,1,1,0,0,0,0	174	75
3602	14,29,16,13,17,12,17,13,19,12	14,19,20,11,24,21,24,15,12,23	17,23,16,17,17,8,8,18,17,16	19,24,21,12,20,19,23,21,17,18	883	75
3603	47,45,42,32,45,33,36,40,38,36	2,3,1,1,2,0,1,1,1,2	36,54,42,38,33,25,33,37,44,38	0,4,2,6,4,0,0,2,3,7	973	75
3604	3,12,17,7,5,6,10,6,12,14	13,14,19,25,17,27,10,17,14,31	13,8,11,6,11,7,7,10,12,7	19,18,14,15,12,31,13,16,12,27	358	75
3605	6,5,6,6,6,5,6,3,3,9	50,42,38,27,27,31,33,38,40,49	6,11,4,8,4,7,3,1,6,5	37,40,22,34,40,41,35,41,45,31	258	75
3611	0,0,1,0,0,0,0,0,0,0	391,329,386,373,338,351,363,304,328,344	0,0,0,0,0,0,0,0,0,0	386,366,382,356,387,381,369,336,374,344	327	75
3612	16,21,13,22,26,12,14,16,11,15	46,34,45,32,29,42,54,39,27,24	18,25,16,13,26,10,15,13,17,19	48,37,28,28,43,48,32,23,23,20	344	75
3615	34,21,27,19,19,18,28,24,22,24	0,1,1,1,0,0,3,0,0,0	22,22,22,26,17,14,21,24,32,20	0,0,0,0,0,0,0,0,0,0	2332	75
3616	1,0,0,1,4,3,4,0,3,1	42,54,41,35,47,49,35,40,32,47	1,2,0,1,0,1,7,2,3,1	30,38,29,34,37,36,30,41,43,32	301	75
3617	3,2,1,0,0,0,4,0,4,0	0,0,0,0,0,0,0,0,1,2	4,0,3,1,1,1,1,1,0,3	0,1,0,1,0,0,3,0,0,0	161	75
3620	18,8,11,7,12,8,11,4,6,3	24,29,41,22,23,23,15,17,25,38	10,9,3,11,6,7,13,3,6,4	34,26,26,23,15,29,34,21,37,26	312	75
3621	46,25,29,43,36,27,46,35,37,23	137,141,155,108,124,119,86,89,111,138	24,35,25,42,24,31,24,39,39,38	151,131,136,139,132,118,130,142,141,136	2609	75
3622	106,116,111,107,108,92,106,98,79,76	191,182,200,175,172,188,144,126,164,188	76,140,81,93,116,101,78,120,106,100	186,224,198,165,197,173,193,184,203,189	1513	75
3623	2,1,1,0,0,1,1,0,2,0	1,0,0,0,0,0,0,0,0,0	0,0,0,0,0,0,1,0,1,0	0,0,0,0,0,0,0,0,0,0	310	75
3624	2,1,1,0,0,1,2,0,2,0	14,10,12,8,11,17,8,11,6,24	0,1,0,0,0,0,1,0,1,1	11,21,14,5,9,19,7,6,9,15	368	75
3626	65,61,75,53,57,51,60,44,48,55	2,2,3,2,2,3,3,2,3,3	77,58,54,61,38,73,62,54,55,64	2,1,4,5,4,5,4,4,6,1	164	75
3627	0,2,0,0,0,1,0,0,1,0	141,131,139,106,142,139,108,90,87,113	1,0,1,0,0,2,1,0,0,0	110,147,111,120,113,106,145,111,123,119	172	75
3628	0,0,0,0,0,0,0,0,1,0	0,0,0,0,0,0,0,0,0,0	0,0,0,0,0,0,1,0,0,0	0,0,0,1,0,0,0,0,0,0	158	75
3629	0,0,0,0,0,0,0,0,1,0	23,29,34,22,20,17,14,19,20,24	0,0,0,0,3,0,0,0,0,1	20,29,24,17,10,23,18,16,18,24	932	75
3630	1,2,3,0,0,3,2,0,1,2	100,115,119,126,88,103,78,86,92,107	3,0,1,0,1,0,5,0,2,0	78,91,88,85,99,99,123,90,103,88	178	75
3631	4,2,1,0,1,0,3,1,4,1	82,99,92,79,78,80,75,85,72,92	5,2,0,1,0,1,1,2,1,0	101,98,95,76,81,99,82,87,88,82	246	75
3633	0,0,0,0,1,0,1,0,1,0	13,9,15,9,9,12,13,12,13,8	0,0,2,0,0,0,0,2,1,1	11,10,10,10,8,11,10,25,10,12	182	75
3637	1,1,6,1,4,1,2,3,3,4	8,5,3,4,4,5,3,4,3,5	1,4,3,6,3,3,7,4,3,2	3,3,4,5,4,3,9,12,2,5	163	75
3638	0,0,0,1,0,0,3,0,3,0	15,25,9,8,12,6,8,12,17,12	0,0,0,0,0,0,0,1,0,0	7,10,11,19,5,7,9,8,12,9	287	75
3639	1,0,0,0,0,0,1,0,0,0	5,8,12,5,4,4,4,4,4,6	0,0,0,0,0,1,1,0,2,1	7,3,4,5,5,4,6,13,6,9	182	75
3641	0,2,0,0,0,0,0,0,0,1	77,66,79,50,48,59,39,45,48,66	0,1,0,1,0,0,0,0,0,0	57,68,63,49,69,51,56,59,57,55	248	75
3642	2,2,1,2,2,2,1,0,1,0	3,2,3,1,0,3,4,1,3,1	0,0,4,1,0,0,2,0,1,1	0,2,0,2,3,2,1,1,4,2	179	75
3643	12,6,7,6,6,7,5,6,7,9	31,18,26,27,32,28,19,21,21,19	4,9,7,8,8,6,7,7,5,3	21,20,25,17,20,22,28,21,26,13	177	75
3644	5,4,6,3,3,4,4,7,5,3	216,208,242,217,219,210,192,170,227,230	3,6,3,5,2,4,5,5,8,5	183,194,194,192,234,233,194,210,188,193	365	75
3645	184,153,153,145,148,174,108,112,122,105	58,62,65,58,78,43,49,57,37,50	104,119,117,127,92,85,98,184,151,124	50,64,55,42,46,51,66,57,49,58	893	75
3646	242,311,199,245,250,261,157,216,231,201	53,47,64,45,55,46,38,47,41,49	198,195,204,185,166,134,224,260,229,236	42,37,38,41,37,51,38,37,47,32	1101	75
3648	5,14,11,10,9,8,9,8,11,6	135,153,145,144,143,140,132,115,143,156	9,13,5,8,12,10,17,9,9,8	136,197,147,137,135,160,136,135,118,129	157	75
3649	16,18,23,19,11,7,16,13,11,17	0,0,2,1,0,2,0,0,0,0	23,23,11,8,16,15,16,13,15,21	0,0,0,0,0,2,0,0,2,0	701	75
3652	210,183,220,154,122,147,183,165,171,147	0,0,0,0,0,0,0,0,0,0	166,154,132,162,168,194,187,163,159,228	0,0,0,1,0,0,0,2,0,0	1056	75
3653	7,2,8,6,11,6,8,11,7,1	42,40,49,28,28,32,33,38,45,22	2,5,3,6,6,11,9,3,4,7	41,36,41,38,34,40,36,34,31,28	154	75
3655	0,0,0,0,0,0,0,0,0,0	3,3,1,4,2,2,4,2,3,1	0,0,0,0,0,1,0,0,0,0	1,1,0,2,4,1,2,4,3,5	278	75
3656	1,2,0,4,2,2,0,2,0,2	3,0,3,2,0,1,1,4,0,0	3,1,2,2,2,2,1,1,4,3	3,0,0,2,0,2,0,1,1,2	154	75
3657	501,508,505,457,430,475,499,478,536,419	152,164,153,124,153,154,142,122,155,157	456,593,450,406,427,565,536,454,414,495	166,203,129,137,133,179,152,123,170,131	905	75
3658	8,19,18,15,14,25,10,20,15,21	54,44,60,48,51,54,48,43,39,53	17,19,10,15,19,10,15,19,9,12	48,47,43,62,51,37,53,43,67,52	662	75
3659	6,17,16,11,11,23,9,17,13,21	0,0,2,1,0,0,0,0,0,0	15,17,9,15,12,10,13,18,9,9	0,1,0,1,0,0,1,0,0,1	638	75
3660	5,4,3,4,2,3,3,3,7,1	60,47,62,43,50,61,54,38,47,45	7,3,8,4,12,6,4,5,3,7	47,64,36,49,52,48,66,38,40,51	149	75
3664	126,163,153,160,107,130,150,145,144,131	3,1,3,2,2,7,0,4,2,2	118,168,139,162,135,157,144,170,147,123	2,3,3,4,1,1,7,3,3,3	200	75
3665	3,0,3,6,0,5,5,4,4,1	32,32,36,46,50,32,35,32,41,34	7,6,3,3,1,1,6,5,3,2	32,41,38,35,29,48,36,45,42,35	596	75
3666	0,0,0,0,0,0,0,0,0,0	3,3,6,10,9,3,3,3,7,10	0,1,0,0,1,0,0,0,0,0	6,6,5,13,5,8,5,4,4,4	176	75
3667	3,5,9,4,3,5,4,4,3,4	56,46,49,32,52,44,29,39,28,38	3,4,5,6,3,3,5,5,5,2	43,32,28,38,47,33,37,36,31,39	499	75
3668	0,1,1,3,0,0,1,1,2,2	22,33,21,21,20,27,27,20,17,21	0,1,0,1,0,1,0,3,0,1	15,26,22,21,17,20,24,18,20,17	185	75
3669	38,36,42,25,34,39,32,35,41,40	10,7,3,9,5,8,6,5,12,8	49,38,25,33,46,32,47,42,40,30	8,10,8,4,11,9,4,9,9,12	273	75
3670	1,1,0,0,0,2,1,0,2,0	1,2,1,1,2,4,0,1,0,0	1,0,1,0,1,1,0,0,1,4	2,0,0,0,1,1,2,3,4,2	239	75
3671	1,4,0,0,2,2,3,4,4,4	0,0,0,2,1,1,5,3,1,0	2,3,4,0,3,2,2,0,3,7	1,0,0,0,0,1,2,0,1,1	283	75
3672	15,19,8,18,7,17,17,14,27,9	2,2,0,1,0,2,0,1,0,1	14,13,12,8,14,12,17,18,18,9	1,1,0,0,2,1,0,2,1,0	558	75
3673	15,19,8,17,7,17,17,14,27,8	2,2,0,1,1,4,2,1,1,5	14,13,12,8,14,12,17,18,17,9	1,2,0,3,1,1,1,2,3,1	553	75
3674	42,52,37,42,43,40,53,43,69,46	0,1,0,1,0,4,0,0,1,1	43,55,54,36,57,53,51,65,41,56	0,1,1,1,1,1,1,0,3,0	596	75
3675	42,52,37,41,43,40,53,43,69,45	0,0,0,0,0,0,0,0,0,2	43,55,54,36,57,53,51,65,40,56	0,2,0,0,1,0,1,0,0,1	591	75
3676	107,77,99,77,83,69,68,73,65,71	4,1,1,2,3,1,1,1,0,1	70,78,84,81,73,71,97,67,71,99	2,1,1,0,2,1,0,0,0,0	749	75
3677	60,46,59,60,59,72,58,64,68,57	4,0,0,1,0,2,0,2,1,1	60,56,59,70,62,62,67,63,57,62	0,1,1,1,1,0,1,1,1,0	169	75
3678	1,1,0,0,2,1,0,0,0,0	95,93,110,90,79,87,65,80,86,84	0,1,0,0,1,1,0,2,0,1	82,96,72,70,90,86,90,95,103,82	165	75
3679	9,10,11,7,8,6,12,4,4,10	143,152,157,133,140,163,135,112,139,125	6,13,12,11,12,4,9,11,19,8	140,176,128,133,144,159,151,141,168,131	749	75
3680	0,3,1,3,2,1,3,2,1,3	6,12,11,17,8,15,7,3,5,11	2,2,0,2,0,0,0,0,0,1	12,16,5,8,11,12,5,9,8,4	284	75
3681	1,3,1,4,5,2,2,0,4,4	1,0,0,0,2,0,2,0,1,0	0,1,2,2,1,0,0,1,1,3	1,0,3,0,1,0,1,0,0,0	463	75
3682	3,3,4,6,3,2,3,4,2,3	51,49,53,48,66,39,34,47,40,57	3,2,0,4,8,5,4,6,4,3	45,33,50,48,46,46,55,39,47,32	175	75
3683	2,0,0,1,1,1,1,1,0,0	35,41,40,31,38,25,18,32,37,43	0,3,0,0,0,0,0,1,1,2	51,39,37,23,39,26,34,24,31,20	335	75
3684	1,1,0,0,1,0,1,0,0,0	34,31,37,24,30,28,26,39,23,31	0,0,0,0,1,0,0,0,1,0	28,29,29,32,29,33,27,27,37,29	154	75
3685	0,0,1,1,0,2,0,2,0,0	20,22,32,23,15,18,18,17,28,15	0,0,2,0,0,1,1,1,0,1	18,21,26,18,27,25,24,32,13,24	76	75
3686	6,15,19,17,9,9,9,11,6,11	2,4,3,1,2,2,3,0,2,5	12,11,13,9,10,10,8,9,21,14	1,6,2,1,8,6,1,3,8,3	530	75
3687	0,4,1,3,6,3,4,3,2,6	71,103,93,95,99,68,69,59,79,79	0,5,4,6,2,2,1,3,1,2	101,101,72,89,94,79,80,96,78,97	191	75
3689	0,0,0,0,0,0,0,0,1,0	0,1,0,0,1,0,2,1,1,0	0,0,0,0,0,0,0,0,0,0	0,0,1,1,0,0,1,0,0,2	215	75
3690	1,1,0,2,0,0,2,1,0,0	128,136,135,110,117,97,113,99,100,109	0,1,0,4,0,1,1,1,0,0	112,108,109,97,120,132,129,103,110,93	502	75
3691	6,4,4,7,2,7,4,4,9,4	30,34,35,27,30,21,25,36,24,30	7,10,9,7,4,12,4,4,6,1	20,31,21,27,26,37,35,27,26,38	197	75
3692	3,2,7,3,5,4,12,9,9,4	39,36,31,38,43,29,34,23,33,32	4,5,5,4,3,9,9,9,3,6	41,34,38,34,35,18,29,22,46,27	145	75
3694	8,18,9,13,8,12,11,7,9,5	57,62,66,49,55,56,42,32,49,58	5,13,8,13,5,5,8,10,7,17	56,39,42,62,54,50,50,48,48,44	151	75
3695	2,0,1,5,1,2,4,2,1,0	37,49,38,47,30,45,33,34,34,27	1,2,4,2,0,1,2,2,1,2	26,30,32,51,35,30,39,32,31,37	423	75
3696	57,67,54,68,31,46,64,54,64,42	1,1,0,2,1,1,0,2,0,4	52,62,49,59,52,51,56,58,54,54	0,1,0,0,3,3,0,0,0,1	1859	75
3697	21,21,13,29,8,17,31,24,29,19	19,25,34,29,32,37,19,22,36,28	18,23,16,25,23,15,14,17,26,15	24,24,24,26,23,54,28,32,25,32	1780	75
3698	9,8,2,7,5,5,6,6,5,6	31,30,32,34,31,42,44,37,34,47	7,5,6,5,12,6,0,9,9,5	31,41,47,31,40,38,42,43,34,29	1469	75
3700	9,9,11,17,11,6,16,13,17,4	30,18,26,18,19,19,20,15,10,19	9,13,7,7,12,12,6,17,11,10	34,27,25,19,22,15,17,18,34,26	1041	75
3701	15,12,15,11,16,8,10,14,17,13	0,0,0,0,0,2,0,1,0,1	12,8,9,13,12,10,14,2,6,10	0,0,0,0,1,0,0,0,0,0	1605	75
3702	108,95,86,84,81,72,72,67,79,72	14,12,18,12,17,17,10,13,14,17	80,77,75,64,84,76,84,60,67,55	14,11,4,9,11,19,8,10,13,9	348	75
3703	1,4,0,0,0,0,2,1,1,1	0,2,0,0,3,0,0,2,2,0	2,1,1,2,1,1,2,2,2,0	0,1,2,0,0,3,0,1,0,1	184	75
3704	0,3,0,0,0,0,1,0,2,0	96,79,95,51,67,60,72,52,73,49	0,0,0,3,3,1,0,2,1,0	58,70,73,76,83,93,67,56,61,73	265	75
3705	58,33,47,52,44,48,43,34,44,46	0,0,2,0,0,2,0,0,1,0	52,64,41,48,62,41,57,38,57,44	0,4,0,1,0,1,0,1,0,0	265	75
3706	0,1,0,0,0,0,0,0,0,0	46,37,47,44,38,28,38,45,27,38	0,0,0,0,0,0,0,0,0,1	39,40,43,41,45,35,34,34,30,38	1719	75
3707	20,27,23,28,27,34,33,25,32,11	2,1,3,2,2,1,2,7,2,2	24,34,24,22,22,28,21,16,25,20	3,4,3,2,2,0,2,3,2,4	590	75
3708	3,2,1,2,3,0,0,3,3,2	5,6,2,4,3,3,1,5,4,4	3,2,2,1,1,2,0,4,7,2	2,3,9,5,1,1,4,5,3,7	252	75
3709	10,10,9,12,7,10,4,11,11,9	0,0,0,1,0,0,0,0,0,0	11,11,12,7,7,9,8,13,12,8	1,0,0,0,0,1,0,1,0,0	529	75
3710	3,3,0,2,2,6,2,2,5,0	6,3,6,5,7,7,4,6,7,4	2,1,3,1,2,1,2,0,0,3	3,13,3,8,6,7,3,6,4,5	172	75
3711	1,3,3,5,1,0,3,6,3,1	84,107,97,84,82,95,68,74,93,75	2,1,2,0,3,1,0,9,4,2	88,85,112,80,98,77,97,97,101,85	336	75
3712	1,4,3,5,1,0,3,6,3,1	16,33,28,20,24,27,20,18,16,17	2,1,2,0,3,1,0,9,4,2	22,20,26,21,23,27,26,26,28,23	339	75
3713	13,17,22,25,18,8,12,17,13,16	63,40,45,42,40,50,45,37,46,44	20,11,19,15,19,16,16,19,20,18	65,48,46,62,48,43,49,57,57,51	348	75
3715	216,180,224,175,196,172,169,152,167,188	0,0,0,0,0,0,1,0,0,0	165,185,191,168,203,221,182,204,183,150	0,0,0,0,0,0,0,0,0,0	123	75
3716	3,2,3,0,1,0,4,1,0,1	91,80,83,73,63,78,71,71,64,80	1,4,2,0,1,0,0,1,0,2	87,77,70,82,81,66,63,68,82,102	156	75
3717	4,4,4,2,2,1,3,1,3,1	64,56,72,57,62,59,57,62,55,82	1,1,1,1,2,0,1,3,3,0	62,76,84,60,74,54,64,53,65,67	146	75
3718	1,3,0,1,1,1,0,0,1,1	112,79,81,80,76,117,77,71,76,83	1,0,0,0,3,0,1,0,0,0	78,86,82,81,97,98,91,64,93,85	158	75
3719	0,0,0,0,1,0,1,1,0,0	94,81,90,63,81,72,61,63,73,87	0,3,1,1,0,1,1,0,0,0	72,82,95,73,70,78,90,67,100,59	496	75
3720	6,5,5,9,8,6,6,4,2,3	31,42,39,29,42,25,42,21,29,18	4,6,5,7,9,3,4,10,5,6	26,30,27,34,33,27,39,21,25,26	404	75
3721	6,5,5,7,6,5,5,3,2,3	1,0,1,0,0,0,1,0,1,0	4,6,5,7,9,3,3,9,5,4	0,0,0,0,0,0,2,0,0,1	354	75
3722	7,4,4,9,5,7,7,7,7,7	64,53,62,64,75,53,70,57,43,55	4,6,5,9,4,4,3,13,5,2	49,59,66,52,49,46,68,41,53,50	337	75
3724	0,0,1,0,0,0,1,0,3,0	72,65,71,65,56,67,50,62,73,72	1,2,0,0,0,1,1,3,0,2	70,75,71,54,69,62,64,63,69,63	153	75
3725	10,15,11,8,12,10,8,19,17,6	156,152,208,138,140,150,130,133,152,160	20,10,7,21,11,11,8,4,7,11	146,143,168,174,161,155,178,137,156,147	572	75
3726	0,2,3,2,3,0,1,1,3,5	39,45,62,52,37,46,28,28,45,50	0,1,0,0,0,4,1,2,2,3	37,51,36,43,37,53,44,42,42,38	219	75
3727	1,3,4,2,4,1,1,1,4,6	105,77,89,68,92,93,66,67,74,92	0,4,1,0,3,7,3,3,2,4	69,89,88,89,94,75,75,86,65,98	228	75
3728	5,4,1,1,4,2,1,4,4,2	4,0,3,3,2,1,1,1,1,2	1,7,4,8,0,1,2,3,0,0	0,2,0,1,0,4,0,0,2,0	364	75
3729	5,3,6,3,2,4,7,5,0,3	0,0,1,0,0,0,0,0,0,0	0,3,3,0,1,1,2,4,1,1	0,0,0,0,0,0,0,0,0,1	167	75
3731	3,4,4,0,3,4,4,7,2,6	0,0,0,0,0,0,0,0,0,1	1,3,3,3,4,4,3,2,2,1	0,0,1,0,0,0,0,0,0,0	270	75
3732	36,19,12,50,7,25,67,30,11,6	6,2,9,9,2,7,10,7,5,2	30,12,4,8,14,10,40,19,23,33	9,1,0,5,1,4,13,1,7,4	2197	75
3734	1,6,1,5,3,4,3,1,8,0	51,45,65,32,45,35,35,47,35,31	4,2,1,1,4,5,4,4,2,2	38,45,33,36,34,40,54,32,22,20	1411	75
3735	0,0,2,0,1,0,0,0,0,0	1,4,0,3,5,3,0,5,2,3	0,0,0,0,0,0,0,0,0,0	2,10,2,3,2,9,0,5,2,1	426	75
3738	8,4,12,9,3,3,7,4,5,7	803,753,775,696,791,783,707,673,676,760	4,6,1,4,3,4,3,9,16,5	799,792,699,701,671,738,795,765,780,772	309	75
3739	7,4,12,6,3,2,6,4,4,6	1,0,0,0,0,0,0,0,1,0	4,5,1,2,3,4,3,5,16,5	0,0,1,0,0,0,0,0,0,0	264	75
3740	61,65,55,65,46,55,56,63,52,79	0,2,0,1,0,0,0,0,0,0	44,58,57,53,64,59,65,38,62,68	0,0,1,0,1,0,0,1,0,1	358	75
3741	3,6,2,5,3,1,8,4,6,9	121,114,136,139,116,119,105,100,102,117	6,5,1,6,3,1,3,4,2,12	114,118,147,118,131,128,118,124,123,109	312	75
3744	0,1,0,1,1,0,1,1,3,0	1,0,0,0,0,0,0,0,0,0	1,1,0,0,0,0,0,2,2,0	0,0,0,0,0,0,0,0,0,0	486	75
3745	1,1,0,1,1,0,1,1,3,1	6,7,1,2,5,3,6,2,4,10	1,1,0,0,0,0,1,2,2,0	5,5,3,4,10,6,1,7,1,6	612	75
3746	11,10,7,8,8,7,4,6,6,3	25,18,26,19,17,30,19,18,18,17	5,9,4,13,6,2,9,6,7,12	22,22,20,25,20,24,32,19,18,13	1659	75
3747	4,4,6,4,5,7,6,10,3,7	6,10,12,7,7,8,10,4,9,14	4,3,1,8,3,4,8,0,6,6	8,5,9,6,12,10,8,6,3,7	158	75
3748	18,17,12,28,9,17,18,12,17,15	19,16,10,24,14,19,11,14,6,18	17,20,14,19,22,24,16,17,20,26	13,16,16,16,7,6,11,13,10,17	272	75
3749	3,0,2,1,1,2,2,0,1,0	41,39,29,34,20,30,31,22,19,31	1,2,2,1,5,1,6,4,1,0	21,22,25,32,15,21,25,28,23,22	162	75
3750	3,3,2,2,1,2,2,3,6,0	25,21,13,23,17,10,17,22,11,22	2,7,2,2,1,6,2,3,5,0	19,15,13,16,15,17,12,15,22,18	352	75
3751	10,12,10,16,11,9,14,16,16,4	690,667,640,575,575,597,556,537,553,585	19,26,13,15,14,11,9,19,8,17	600,681,550,540,653,628,655,533,515,588	156	75
3752	382,394,403,359,326,331,363,355,353,365	0,0,1,0,2,1,1,0,0,0	394,410,321,357,354,409,389,322,347,384	1,0,0,0,0,1,0,0,0,1	348	75
3753	29,37,32,32,17,19,44,29,26,35	985,1057,1036,877,874,1004,931,843,898,937	34,36,22,31,25,15,25,25,27,38	907,941,871,857,984,946,990,834,888,992	151	75
3754	1,6,2,8,4,1,6,7,2,0	62,67,60,56,63,39,43,50,76,48	6,5,1,4,3,2,5,4,4,4	43,63,48,53,71,54,50,50,52,46	393	75
3755	5,7,5,4,6,4,6,4,2,2	98,84,112,108,86,92,59,60,84,80	8,6,2,5,5,2,5,0,2,7	73,104,65,84,84,96,91,80,80,75	295	75
3756	2,4,3,2,1,1,0,1,2,0	674,656,650,587,562,596,530,518,594,621	2,0,1,0,0,1,2,0,1,0	597,651,464,569,558,556,609,607,546,505	164	75
3757	27,16,15,29,19,15,17,30,23,16	46,53,66,39,46,65,52,52,47,48	21,28,19,27,21,16,11,21,16,17	54,53,30,54,46,56,56,56,42,38	1766	75
3758	30,23,20,25,20,25,27,30,26,15	65,57,46,48,50,68,36,64,42,52	22,36,17,28,26,14,14,38,27,29	44,48,37,41,38,42,54,56,44,52	387	75
3759	4,3,3,2,5,3,11,2,8,1	7,2,1,7,3,1,4,3,5,2	3,3,1,5,3,2,2,2,4,4	7,3,4,1,2,2,5,4,1,2	400	75
3764	493,427,455,378,450,434,339,350,415,387	2,3,2,1,3,2,0,0,0,0	406,474,384,362,423,402,429,378,387,392	4,3,2,0,2,1,0,0,2,0	452	75
3765	6,5,9,3,12,5,5,7,7,17	0,0,0,0,1,0,0,0,1,0	2,10,2,4,4,0,8,3,2,5	0,0,0,0,0,0,0,0,0,0	468	75
3767	276,249,271,221,234,236,241,198,207,206	1,0,0,1,0,0,1,0,0,0	255,229,228,237,215,212,255,235,246,243	0,2,0,3,2,3,0,0,1,1	5301	75
3770	5,5,5,8,8,8,5,14,7,1	2,7,4,11,6,2,4,5,1,0	6,5,7,5,9,4,5,3,5,11	2,3,2,3,7,1,5,3,4,4	528	75
3771	4,2,7,5,1,1,4,7,5,3	115,126,113,114,80,131,88,71,88,121	3,11,2,3,1,4,5,7,2,8	127,130,119,87,114,102,82,85,111,98	146	75
3773	19,11,12,15,29,13,9,12,13,8	219,253,224,188,212,225,220,166,188,219	26,25,26,29,15,10,15,14,22,7	205,254,260,196,207,235,240,187,222,216	1730	75
3775	6,10,2,6,5,5,7,8,2,9	93,73,87,77,57,78,57,66,55,70	6,8,2,2,5,4,2,13,10,4	66,55,63,57,66,74,71,55,66,56	861	75
3776	2,7,5,5,8,6,14,5,4,5	51,60,75,48,55,73,42,52,37,47	10,3,3,4,3,8,4,3,5,5	53,53,51,43,59,50,53,62,40,50	763	75
3777	0,0,3,2,0,1,0,0,0,1	1113,1049,1173,932,923,1088,827,848,956,1013	0,1,0,0,0,0,0,1,0,1	910,1142,865,969,1109,1086,1055,917,872,968	413	75
3778	0,0,2,0,0,0,0,0,0,1	991,939,957,856,825,921,754,740,846,873	0,0,1,0,2,2,2,0,2,0	804,891,794,790,849,964,930,871,775,870	250	75
3779	6,5,10,5,8,4,12,9,10,6	12,9,13,9,12,11,13,8,6,13	5,4,4,4,4,12,4,10,1,6	3,11,6,7,10,6,10,13,14,11	433	75
3780	8,6,12,5,8,5,12,10,12,8	0,0,0,0,0,0,0,0,1,0	6,6,5,4,7,13,4,13,1,8	0,0,0,0,0,0,0,0,0,0	468	75
3781	3,1,0,0,0,1,0,0,0,0	11,3,13,3,11,13,7,4,5,20	0,0,2,0,0,0,1,0,0,0	5,14,11,6,10,8,13,7,16,11	159	75
3782	1,4,2,4,6,4,2,1,8,0	54,80,58,66,56,59,47,61,61,50	2,1,6,2,1,2,3,3,1,5	60,56,67,65,62,65,66,74,68,54	1214	75
3783	473,580,516,554,446,548,418,349,371,504	307,333,360,365,303,331,266,258,251,291	486,512,474,433,532,472,516,454,419,378	369,316,348,313,347,323,284,307,315,272	187	75
3784	15,24,16,20,15,17,27,15,24,17	11,23,20,16,15,20,20,14,17,15	20,24,18,12,19,21,23,19,20,26	20,15,14,20,21,26,19,11,16,5	345	75
3785	12,21,15,18,13,13,22,15,21,14	42,47,52,30,29,33,36,26,35,38	17,22,17,10,16,19,18,12,18,23	49,38,34,40,34,37,29,38,38,37	336	75
3786	4,6,2,7,3,4,8,7,10,2	5,2,6,4,5,8,0,4,4,1	5,6,7,3,7,1,6,3,3,7	2,4,5,2,3,3,7,4,4,6	238	75
3787	4,0,2,2,2,1,5,6,4,2	0,0,0,0,0,0,0,0,1,0	2,3,6,5,0,5,2,4,1,2	0,0,0,0,0,0,0,0,0,0	171	75
3788	4,0,2,2,2,1,5,6,4,2	29,23,29,21,21,28,31,22,29,20	2,3,6,5,0,5,2,4,1,2	31,43,17,21,19,36,29,32,19,21	175	75
3789	1,2,3,1,0,0,2,6,1,4	156,124,153,120,130,143,102,87,119,149	1,1,1,3,1,0,0,2,0,2	160,141,114,118,133,122,152,125,120,120	162	75
3792	241,201,205,211,213,165,165,157,224,203	0,1,0,0,0,0,0,0,0,0	236,187,172,174,186,208,228,189,223,133	0,0,0,0,1,0,1,0,0,0	155	75
3793	101,93,88,108,82,63,114,88,109,88	32,43,36,24,36,39,33,36,33,39	98,131,79,99,94,63,68,84,101,116	34,38,38,27,28,37,30,33,30,25	2451	75
3794	2,2,1,1,2,0,0,1,1,0	35,30,50,37,37,44,37,33,36,34	2,3,0,5,1,0,1,1,2,3	30,48,28,23,24,38,34,23,28,30	372	75
3795	0,0,0,1,0,0,0,0,0,0	25,17,17,19,22,8,11,23,25,23	0,0,0,0,0,0,0,0,0,0	17,31,23,13,20,18,25,17,14,15	181	75
3796	5,5,10,2,8,5,9,6,4,5	449,461,387,367,352,416,360,358,359,365	3,11,7,5,3,3,5,3,9,8	370,445,372,377,376,427,427,412,411,347	235	75
3797	3,4,12,3,4,6,7,5,3,3	0,0,0,0,1,0,0,0,0,0	1,9,5,11,6,4,3,5,5,9	0,0,0,0,0,0,0,0,0,0	642	75
3798	6,10,16,8,7,9,14,12,11,7	4,7,8,9,1,6,7,6,5,4	7,10,8,14,12,8,7,12,8,13	8,2,5,9,9,10,6,6,9,0	654	75
3799	3,0,2,2,2,0,2,1,0,1	0,1,0,1,2,0,0,1,0,1	0,2,4,1,1,1,1,0,1,3	0,0,0,1,0,0,0,0,1,0	358	75
3800	3,0,2,2,2,0,1,1,0,1	21,19,31,14,20,24,22,14,27,23	0,1,3,1,1,1,1,0,1,2	23,27,8,28,19,17,19,19,17,20	355	75
3801	3,4,2,3,5,0,3,3,7,6	0,0,0,0,0,0,0,1,0,0	1,3,3,3,2,8,3,6,4,5	0,0,0,1,0,0,0,0,0,0	345	75
3802	2,2,1,0,1,2,0,1,1,1	5,7,11,5,6,1,7,5,7,14	1,2,0,1,0,2,0,1,1,0	10,9,7,3,3,15,5,7,2,6	1093	75
3806	0,0,0,0,0,0,0,0,0,1	0,0,0,0,0,0,0,0,0,0	0,0,0,0,0,0,0,0,0,0	0,0,0,0,0,1,0,0,0,0	328	75
3808	245,211,220,266,185,202,187,172,195,187	100,136,125,112,130,126,99,90,115,124	232,279,182,234,173,173,179,165,296,252	96,114,117,75,126,115,137,89,100,62	1888	75
3809	0,0,0,1,0,1,0,0,0,0	1,0,1,0,0,1,0,0,0,0	0,0,0,0,0,0,0,0,0,0	0,0,0,0,0,0,0,1,0,0	788	75
3810	0,0,0,0,0,0,1,0,0,0	0,0,0,0,1,0,0,0,0,0	0,0,0,0,0,0,0,0,0,0	0,0,0,0,0,0,0,0,1,0	274	75
3811	0,2,1,0,2,1,1,0,0,0	350,398,322,259,248,295,308,250,311,274	1,0,0,0,2,0,0,1,0,0	278,314,263,262,326,254,267,187,237,228	276	75
3812	457,375,464,519,387,319,560,553,526,373	5,8,8,2,5,3,2,5,3,1	406,623,333,517,311,421,311,460,699,599	6,2,1,4,5,4,0,1,1,2	1304	75
3813	1,2,1,3,0,0,2,2,1,1	48,52,55,43,42,30,52,28,41,63	3,2,3,0,1,4,3,0,1,0	52,36,42,43,30,40,40,38,39,45	937	75
3814	7,9,13,9,9,5,13,5,8,9	17,25,34,19,23,15,20,20,26,26	5,6,14,9,7,15,11,6,11,4	35,27,28,27,22,13,23,32,31,7	261	75
3816	13,4,6,9,9,6,12,9,14,10	1,1,0,1,0,0,0,0,1,1	8,10,13,14,2,4,6,8,7,9	1,0,0,1,0,0,0,0,0,0	526	75
3817	13,4,6,9,9,6,12,9,14,10	21,29,13,7,10,11,20,15,26,15	8,10,13,14,2,4,6,8,7,9	11,21,8,17,12,14,18,12,14,11	537	75
3818	1,4,2,1,3,1,0,0,0,2	0,4,2,3,2,4,3,0,2,0	1,0,0,1,1,1,0,2,0,0	3,4,3,3,1,2,2,4,3,1	371	75
3819	1,3,4,0,4,4,3,2,8,0	2,6,4,4,3,1,3,4,3,2	4,2,3,0,1,1,1,2,1,3	1,2,3,4,3,2,4,7,6,1	586	75
3820	1,1,0,0,1,0,2,1,0,0	0,2,2,0,0,0,1,5,1,0	2,1,0,0,0,0,0,0,0,1	2,2,1,1,4,2,3,0,1,2	388	75
3821	0,1,1,1,0,0,2,0,0,0	1,4,1,0,2,3,0,4,2,0	1,0,0,0,2,0,0,0,3,0	0,2,1,1,1,2,3,1,3,2	211	75
3822	0,1,0,0,0,0,2,0,0,0	3,6,4,0,3,2,2,6,1,4	0,0,0,0,0,0,0,1,0,0	6,7,0,2,4,4,3,1,1,2	154	75
3823	0,0,0,0,0,1,0,1,0,0	0,1,2,2,2,6,3,3,5,1	0,0,0,0,0,0,0,2,0,1	1,5,7,0,1,2,1,1,2,2	248	75
3825	2,5,2,1,5,3,2,6,5,4	49,30,48,48,51,36,44,38,37,41	5,5,0,2,6,6,7,8,0,4	52,58,40,46,36,71,46,44,49,44	231	75
3827	18,25,9,26,5,30,14,24,15,21	0,0,1,0,4,1,0,0,0,0	16,12,14,14,18,13,13,16,18,14	0,0,0,1,0,3,1,0,0,0	242	75
3828	20,25,10,27,5,30,16,26,17,24	0,1,1,0,2,4,1,4,1,3	16,14,15,14,19,14,15,18,19,14	1,0,0,3,2,3,1,1,4,1	258	75
3829	0,2,0,3,1,6,0,2,1,2	43,23,19,25,26,31,21,22,28,20	3,3,1,2,1,0,1,0,0,1	31,22,16,24,19,22,37,20,20,33	154	75
3831	0,1,0,0,0,3,1,0,0,0	41,66,48,54,46,49,53,58,46,44	0,1,2,2,0,1,0,0,1,0	45,46,48,50,51,40,53,51,48,40	329	75
3832	5,7,6,5,6,2,8,7,9,5	79,61,78,69,55,66,72,68,53,46	3,9,3,9,3,5,2,5,8,5	56,67,59,70,59,68,52,67,72,70	276	75
3833	373,353,303,373,324,272,522,477,465,286	41,35,44,39,37,21,36,26,32,25	295,446,242,416,300,320,240,302,501,460	24,31,34,34,30,45,28,38,34,29	1518	75
3834	75,90,77,89,78,48,92,97,100,58	30,38,45,27,38,32,40,33,36,32	67,87,60,91,43,61,51,69,107,101	40,44,41,42,32,56,30,27,36,34	941	75
3835	139,138,122,125,120,114,159,125,126,130	29,21,19,26,18,19,20,22,25,21	116,138,131,121,131,127,140,118,141,142	19,17,22,15,15,27,20,26,15,22	177	75
3837	48,31,46,37,37,30,37,54,38,35	0,0,0,0,0,0,0,2,0,0	33,37,40,35,44,42,34,41,28,37	0,0,0,0,0,0,0,0,1,0	157	75
3840	0,0,0,0,2,0,0,0,0,0	1,2,2,1,1,1,1,0,1,2	0,0,0,0,0,0,0,0,0,0	0,0,0,0,3,2,0,0,0,0	1227	75
3841	12,12,3,8,14,12,11,2,4,16	7,11,12,6,12,9,8,9,11,16	12,3,4,15,2,6,10,5,8,14	10,8,7,6,6,12,13,8,12,8	399	75
3843	6,6,5,7,8,6,8,6,2,9	5,4,2,5,1,5,4,2,4,3	10,4,4,7,3,6,9,11,2,6	1,4,4,6,3,3,4,7,0,2	602	75
3844	0,1,1,0,0,0,0,0,0,1	0,0,0,0,0,0,0,0,1,0	0,0,0,0,0,0,0,0,0,0	0,1,0,0,0,0,0,0,0,0	342	75
3845	18,28,25,26,23,19,22,19,9,18	28,29,34,21,14,31,20,20,12,28	18,22,14,14,11,21,25,12,24,22	26,24,23,27,20,26,14,21,19,23	913	75
3846	1,0,1,2,1,1,1,1,1,0	5,3,4,2,4,9,3,7,6,4	0,4,1,0,0,1,0,0,1,1	8,0,2,3,6,4,5,3,4,3	151	75
3847	6,6,4,4,7,4,6,6,7,2	0,0,0,0,0,0,0,0,0,0	7,2,1,5,6,2,0,3,3,1	0,0,0,0,0,0,0,1,0,0	2146	75
3848	1,4,1,1,0,0,0,0,1,0	7,7,9,10,5,8,9,4,6,6	1,3,0,2,0,1,1,0,0,0	5,7,4,5,7,4,8,8,5,8	258	75
3849	85,76,71,64,70,48,67,58,62,71	0,0,0,0,0,0,1,2,0,0	59,80,82,50,65,67,53,48,57,55	0,0,0,0,1,0,0,1,0,0	349	75
3850	86,83,75,71,72,49,70,65,65,74	10,3,3,6,10,6,5,2,2,4	64,82,82,53,68,75,53,49,59,57	9,6,7,3,2,4,4,2,4,2	386	75
3851	10,24,12,18,12,9,18,22,14,15	25,32,38,23,16,27,22,23,26,20	11,15,18,17,22,18,8,10,16,21	13,17,29,17,28,25,27,24,24,14	309	75
3852	1,1,2,1,2,1,1,0,0,0	0,0,0,0,2,0,0,2,0,0	0,0,1,1,0,0,1,0,0,0	0,1,0,0,0,1,0,0,0,0	382	75
3853	2,1,0,0,1,1,1,2,0,2	38,61,40,63,37,41,51,42,54,56	1,2,3,4,0,0,0,0,3,0	39,50,42,49,39,58,36,46,43,39	448	75
3854	20,15,21,15,11,22,15,17,21,23	1,0,0,0,0,0,0,0,0,0	10,19,22,11,15,15,21,20,17,9	0,1,0,0,0,0,0,0,0,0	180	75
3855	6,4,0,4,2,1,10,4,6,2	21,17,13,15,11,5,14,6,25,16	10,1,2,5,4,5,3,2,2,8	10,15,9,11,23,20,17,20,10,11	333	75
3856	36,37,37,28,35,27,35,26,27,26	17,19,10,13,9,14,17,13,12,19	24,32,24,22,29,22,16,28,26,20	7,15,13,8,5,8,6,10,5,9	488	75
3857	1,0,0,0,0,0,0,0,0,0	16,17,19,13,21,25,13,9,16,7	0,1,0,0,0,0,0,1,0,0	20,22,13,14,25,20,14,11,20,20	172	75
3860	0,0,0,0,1,0,0,0,0,0	2,0,0,0,1,0,2,1,0,0	0,0,0,0,0,0,0,0,0,0	0,0,1,2,0,0,0,0,0,2	165	75
3862	12,10,7,11,7,7,9,7,5,5	86,104,107,71,70,76,72,75,69,78	5,11,4,7,8,3,3,12,8,8	75,101,86,93,83,90,82,72,66,72	751	75
3863	9,1,9,6,6,4,6,6,4,7	21,35,42,32,23,34,16,22,16,27	11,10,5,4,8,9,9,3,3,7	24,29,34,35,22,25,20,19,37,35	360	75
3864	57,55,61,40,36,43,44,34,49,53	48,43,31,37,45,39,37,28,24,19	47,65,35,56,61,49,51,50,41,23	41,41,44,32,33,48,28,39,22,29	300	75
3865	15,26,15,11,12,11,14,15,18,20	5,9,9,3,4,8,4,3,5,6	13,22,4,18,16,17,18,18,6,9	2,5,4,5,1,4,3,3,5,6	280	75
3866	2,7,2,4,2,5,8,9,3,3	32,35,21,20,26,21,13,24,23,18	7,10,3,10,4,8,5,8,2,3	27,23,18,18,23,27,42,16,18,22	260	75
3867	2,6,2,3,1,4,3,7,3,1	2,4,1,2,2,2,0,0,2,1	3,10,1,9,4,7,1,7,1,1	4,7,0,1,0,3,5,2,0,1	245	75
3868	0,0,1,0,0,0,0,1,0,1	0,0,1,2,0,1,1,0,0,0	0,0,0,0,0,0,0,0,0,0	0,1,0,0,0,0,0,0,0,1	194	75
3869	193,171,165,203,176,160,162,181,170,183	30,45,35,41,38,50,43,20,38,37	183,180,148,184,160,195,174,150,180,195	32,26,36,31,38,36,36,31,48,28	455	75
3870	94,90,130,96,99,84,88,83,96,100	36,42,34,35,20,35,34,28,24,28	92,100,74,86,98,106,85,73,95,85	29,38,24,33,32,35,33,38,30,34	319	75
3871	5,15,3,2,2,3,5,2,9,1	17,7,10,12,19,15,10,7,10,17	1,4,6,8,3,2,7,8,5,9	15,19,13,16,8,8,7,19,21,12	226	75
3872	5,5,8,13,10,4,16,5,9,7	118,112,85,83,76,92,88,82,86,106	7,6,8,5,9,12,10,8,14,6	108,102,68,104,93,108,94,78,94,100	281	75
3873	0,1,0,1,0,1,2,0,0,0	11,14,7,12,17,8,10,8,10,7	1,1,0,3,0,0,0,0,2,0	8,14,11,5,7,7,11,12,3,10	2055	75
3874	14,10,11,13,19,10,17,19,11,25	0,1,0,1,0,0,1,0,0,0	25,14,11,16,12,14,11,13,15,15	0,0,0,0,1,0,1,1,0,1	532	75
3876	146,140,179,150,164,167,115,122,145,157	8,10,15,11,5,12,6,6,3,10	153,162,151,144,147,142,131,130,154,120	14,13,11,10,4,12,17,7,9,3	185	75
3877	1,0,3,3,3,5,2,5,3,1	64,50,49,44,53,53,51,50,43,61	4,1,3,1,0,4,1,3,8,7	43,60,48,54,62,51,46,54,59,61	168	75
3878	16,27,13,34,22,31,27,24,18,19	244,258,282,225,240,246,235,209,222,246	22,23,22,22,22,14,17,32,23,23	230,283,226,215,249,254,255,218,232,235	1385	75
3879	1,1,1,0,1,0,0,1,2,0	0,1,0,2,0,4,0,1,1,3	1,0,1,0,1,1,1,0,0,0	3,2,0,0,1,0,3,2,0,0	210	75
3881	0,0,0,0,0,0,0,0,1,1	0,1,0,0,0,0,0,0,0,0	0,0,0,0,0,0,0,0,0,0	0,0,0,0,0,0,0,0,0,1	147	75
3882	0,1,1,0,0,0,0,0,1,2	0,0,0,0,0,0,0,0,0,0	1,0,0,0,0,1,0,0,0,1	0,0,0,0,1,0,0,0,0,0	314	75
3883	0,1,1,0,0,0,0,0,0,1	0,0,0,0,0,0,0,0,1,0	1,0,0,0,0,1,0,0,0,1	0,0,0,0,0,0,0,0,0,0	164	75
3885	0,0,0,0,0,1,0,0,0,0	0,0,0,0,0,0,1,0,0,1	0,0,0,0,0,0,2,0,0,1	1,0,0,0,0,0,1,0,1,0	199	75
3887	1,1,1,1,0,1,1,2,3,1	0,0,0,0,0,0,0,0,0,0	1,0,0,0,1,0,2,1,0,3	0,0,0,0,0,0,0,0,0,1	553	75
3889	0,0,0,0,0,0,0,2,0,3	0,0,0,0,0,0,0,0,1,0	0,0,0,0,2,0,0,0,0,1	0,0,0,0,0,0,0,0,0,0	247	75
3890	7,3,8,5,5,3,5,2,2,3	1,0,1,0,0,0,0,0,0,0	3,3,4,2,5,3,1,4,3,1	0,0,0,0,0,3,0,0,0,1	2983	75
3891	4,6,5,6,3,5,2,2,4,4	116,135,130,117,104,104,89,79,108,117	4,7,7,8,5,8,4,4,4,5	107,133,112,114,104,118,134,116,113,99	1802	75
3892	223,243,232,242,207,208,314,224,225,243	7,9,9,9,12,5,7,7,4,7	235,255,200,233,230,224,228,214,281,209	11,4,8,11,11,5,10,5,4,5	1411	75
3893	158,172,151,174,125,150,237,166,165,185	123,143,115,110,109,99,117,116,125,123	157,181,131,164,162,151,145,148,225,145	107,136,130,109,146,128,135,111,123,107	1363	75
3894	1,1,1,0,1,0,0,0,4,2	2,7,4,5,6,6,8,4,6,7	0,2,0,5,1,0,1,0,2,1	3,5,9,4,5,3,5,7,2,5	230	75
3896	1,2,0,3,1,2,3,2,1,3	1,3,3,3,3,6,6,5,4,7	0,0,4,2,0,2,1,1,3,3	1,8,9,2,6,4,4,1,4,4	1505	75
3898	9,19,10,8,17,13,7,8,15,13	67,72,43,34,45,41,41,37,60,53	9,14,10,14,9,8,8,12,16,23	44,49,38,43,49,53,52,49,44,35	292	75
3899	6,14,1,8,7,15,11,6,4,10	66,76,74,48,49,64,45,54,60,54	11,6,9,7,10,6,9,12,6,10	58,76,55,55,45,53,61,52,46,58	170	75
3900	0,0,0,0,0,0,0,0,1,0	1,2,1,0,1,1,1,2,0,2	0,1,0,0,0,0,0,0,0,2	1,2,0,5,1,3,0,0,1,2	155	75
3901	7,8,11,15,11,12,12,17,14,9	154,125,137,110,111,123,101,90,120,133	6,13,16,12,4,6,10,7,20,11	117,127,91,104,116,129,104,101,116,104	269	75
3903	1,0,0,0,0,0,0,0,0,1	11,18,5,11,10,11,10,5,10,6	0,0,0,0,0,1,0,0,1,1	4,9,9,6,3,13,16,16,8,7	248	75
3904	0,1,0,0,0,0,0,1,0,0	17,16,9,12,15,13,11,7,11,8	0,0,1,0,0,1,1,1,0,0	23,19,14,22,11,15,16,12,13,13	160	75
3905	10,5,12,2,6,4,7,3,5,8	6,6,7,5,6,6,2,8,6,9	2,6,7,4,7,8,4,2,7,3	10,12,9,7,7,9,9,10,11,10	429	75
3906	10,5,12,2,6,4,7,3,5,8	7,8,7,5,1,8,2,6,9,4	2,6,7,4,7,8,4,2,7,3	3,6,9,12,10,4,7,7,3,6	432	75
3907	7,5,4,9,3,3,15,9,13,5	0,0,0,0,0,1,0,0,0,0	4,13,5,9,3,7,12,7,5,9	0,0,0,1,1,0,1,0,0,0	6459	75
3908	0,1,0,0,0,0,0,0,0,0	52,50,48,51,30,51,39,37,44,38	1,0,0,2,0,1,0,0,1,0	44,62,49,36,28,41,56,37,32,36	1013	75
3909	1,1,1,0,0,0,0,2,1,0	34,42,38,40,34,23,27,29,36,47	2,0,1,2,0,0,0,2,0,1	29,56,29,34,32,37,36,25,33,30	178	75
3911	2,4,0,7,1,2,9,4,1,3	0,1,0,0,0,0,0,0,0,0	8,1,0,0,5,0,4,7,0,3	0,0,0,0,0,0,0,0,0,0	1085	75
3914	0,1,0,0,0,1,0,0,0,0	3,3,7,3,6,5,5,1,6,2	0,0,0,0,0,0,0,0,0,0	4,6,10,3,4,4,2,5,3,4	415	75
3915	0,0,0,0,0,1,0,0,0,1	8,3,8,5,3,16,5,2,6,4	0,0,1,0,0,0,0,0,0,0	4,3,7,5,13,7,10,7,6,2	249	75
3916	15,17,11,20,14,18,11,14,16,17	22,15,34,16,24,27,19,19,19,16	10,11,9,16,17,4,4,13,14,6	27,28,21,28,25,29,32,19,31,30	575	75
3917	2,1,0,0,2,0,0,0,2,0	16,8,10,5,9,6,14,6,10,11	0,1,0,1,0,1,0,1,1,2	6,12,4,6,14,8,14,15,14,10	162	75
3918	2,3,1,0,1,0,4,1,0,1	5,5,14,10,9,7,5,3,9,1	1,0,0,3,2,0,0,0,0,0	7,2,4,1,3,10,6,7,5,5	236	75
3919	0,1,0,0,0,2,1,1,0,1	20,17,22,19,26,11,24,20,21,28	1,1,0,2,1,0,0,2,2,1	20,21,23,12,28,25,14,11,29,23	160	75
3920	1,1,0,3,2,3,2,2,3,0	115,116,103,113,116,112,90,92,112,96	1,2,2,2,0,1,1,3,3,0	103,129,109,103,111,99,116,92,134,98	161	75
3921	30,43,40,28,34,29,23,30,31,21	2,0,3,2,0,4,6,2,2,1	34,45,28,29,27,32,26,31,27,27	2,5,2,2,4,3,4,1,1,4	183	75
3922	3,0,2,0,2,1,2,3,1,1	7,4,7,7,9,13,6,10,6,2	1,1,3,3,1,0,0,1,3,2	14,7,3,7,3,6,11,12,8,10	435	75
3926	17,5,4,7,13,9,11,8,13,7	22,35,36,21,14,25,19,18,22,38	13,9,7,8,12,9,13,14,11,10	28,30,28,22,25,26,29,19,19,30	717	75
3927	3,3,6,4,5,1,11,4,3,3	28,39,40,28,36,29,29,27,33,42	3,4,3,6,3,4,2,5,8,5	23,43,24,28,33,33,28,22,24,29	187	75
3928	21,11,12,17,13,10,13,10,12,13	17,14,14,20,24,19,18,13,15,14	10,19,9,10,11,9,13,10,15,11	11,12,18,18,16,17,24,23,13,15	1693	75
3929	3,1,3,4,4,7,4,9,5,6	16,17,20,14,14,13,16,17,20,16	4,6,2,4,5,2,5,3,4,5	12,18,18,16,19,21,14,13,24,15	2310	75
3930	2,0,0,1,0,0,0,0,0,0	21,15,13,15,13,25,15,20,12,18	1,0,0,0,0,0,0,0,0,1	11,16,17,17,22,19,26,11,18,13	217	75
3931	1,4,4,7,0,2,3,2,6,2	46,54,35,43,53,58,43,32,53,47	6,3,3,3,5,0,1,2,8,1	46,57,33,34,46,36,49,48,45,37	425	75
3932	4,4,4,12,5,8,8,6,15,5	40,44,42,26,39,43,31,32,37,45	4,9,8,4,7,5,4,2,7,8	43,28,35,33,30,47,36,34,36,31	440	75
3933	1,1,0,2,2,0,3,1,3,1	21,14,17,18,20,12,21,12,17,13	1,1,0,3,0,0,1,1,1,1	18,23,16,11,17,20,10,11,12,15	204	75
3934	41,54,46,41,40,26,52,43,29,45	3,1,0,1,0,0,0,0,1,0	30,58,19,33,41,36,41,28,34,27	0,0,0,0,1,0,0,0,0,2	132	75
3936	10,10,7,8,9,9,13,10,11,11	138,152,171,115,116,146,123,109,143,141	8,13,8,9,12,5,7,9,13,8	151,132,123,149,149,174,139,125,144,130	982	75
3937	9,9,10,11,9,11,7,17,14,13	220,223,219,215,192,210,174,154,189,208	8,8,7,5,9,5,5,12,13,9	183,195,199,179,204,198,202,184,149,189	355	75
3938	0,1,4,1,1,1,2,0,3,4	19,32,27,23,28,18,24,22,21,12	0,6,1,3,0,4,0,4,2,6	17,31,29,24,27,20,28,8,17,12	324	75
3939	14,14,4,10,17,3,8,9,10,15	66,64,62,74,63,61,64,63,79,53	7,10,11,6,7,4,8,7,11,12	78,68,64,76,68,63,78,78,57,55	487	75
3941	1,1,1,0,0,1,1,3,2,1	16,12,7,8,16,11,12,7,12,12	0,1,4,0,2,1,1,0,0,0	8,12,11,14,8,15,11,10,8,10	159	75
3942	1,0,2,0,0,0,0,0,1,2	5,10,7,5,5,5,6,3,6,4	0,3,1,2,0,3,1,0,1,1	3,4,4,4,3,6,3,6,8,0	1735	75
3943	0,0,0,0,0,0,0,0,0,0	1,0,0,1,0,1,0,0,1,0	0,0,0,0,1,0,0,0,0,0	0,0,0,0,0,0,0,0,0,0	181	75
3944	0,0,1,1,0,0,2,0,0,0	0,1,1,0,1,0,1,0,0,0	1,0,0,0,0,0,0,0,0,0	0,2,0,1,0,0,0,0,0,2	174	75
3945	0,0,1,1,0,0,3,0,0,0	7,7,7,12,12,8,6,10,8,9	1,0,0,0,0,0,0,0,0,0	7,5,8,9,13,10,9,7,11,7	189	75
3946	0,0,1,1,0,0,4,0,1,0	73,47,67,60,58,59,41,45,56,68	1,0,0,0,0,1,0,0,0,0	52,70,42,53,44,59,42,54,50,47	192	75
3947	4,4,1,7,0,6,4,12,6,1	0,0,1,0,0,1,0,0,0,0	7,3,3,2,4,3,4,5,10,5	0,0,0,0,2,0,0,0,0,0	539	75
3948	5,4,1,7,0,6,5,14,6,3	2,5,1,2,0,0,4,1,6,2	8,3,3,2,5,3,4,5,10,5	4,2,3,3,3,4,7,1,1,4	589	75
3949	2,0,1,1,0,0,1,1,2,0	45,53,46,46,61,58,42,45,46,60	4,2,0,1,0,1,0,0,2,0	45,53,33,33,36,58,61,39,46,41	160	75
3950	0,1,0,0,1,0,0,0,1,0	22,25,15,15,14,14,29,25,16,20	0,0,0,0,0,0,0,0,0,0	17,27,10,12,16,12,25,13,8,19	168	75
3951	9,14,8,11,7,8,12,5,6,9	9,13,7,12,7,8,7,3,6,5	5,10,6,4,5,9,6,9,12,6	3,6,8,5,8,15,8,5,8,4	353	75
3952	2,6,3,4,2,3,7,3,3,4	0,0,0,0,1,0,1,2,0,1	3,3,4,1,2,0,4,2,6,3	1,2,0,0,0,1,0,0,0,0	178	75
3953	6,11,13,6,5,7,7,5,6,7	2,1,3,3,0,5,0,2,0,6	12,3,3,4,7,3,2,2,9,6	1,1,0,0,0,0,1,0,2,0	506	75
3954	0,3,0,4,3,1,1,0,1,1	1,5,6,5,6,3,5,3,4,7	0,2,1,0,2,0,0,1,1,1	3,5,6,3,8,5,2,7,4,1	305	75
3955	0,0,0,0,0,0,1,0,0,0	1,6,1,4,2,1,1,0,6,4	0,0,0,0,0,0,0,0,0,0	1,4,3,0,3,1,1,1,2,1	157	75
3956	47,65,39,65,50,24,82,62,78,40	111,95,99,88,86,80,79,57,75,90	38,84,35,54,36,38,37,62,58,62	75,87,86,66,107,99,83,84,92,94	658	75
3957	21,19,11,10,12,7,8,10,14,12	90,120,106,92,102,85,93,83,76,117	9,11,3,10,13,13,5,15,7,6	103,95,76,84,108,96,90,78,80,87	169	75
3958	24,37,27,18,27,22,19,21,25,21	4,2,1,4,3,1,1,3,2,1	29,31,16,25,26,24,23,31,17,21	2,3,2,2,4,1,3,0,2,0	185	75
3959	3,4,4,4,5,5,6,6,1,8	34,9,28,30,14,19,17,16,24,21	15,3,6,5,2,14,4,5,4,3	19,18,17,16,13,9,21,17,20,18	214	75
3960	8,16,7,8,13,10,11,13,6,14	1,4,3,2,2,0,0,2,5,6	19,9,11,7,8,25,10,14,12,12	3,6,2,1,0,1,4,2,3,5	249	75
3962	74,83,77,95,75,59,77,69,80,63	1,5,1,0,0,3,4,4,0,3	54,76,84,83,70,68,65,97,68,76	2,4,2,0,0,2,1,1,1,0	533	75
3964	6,0,2,0,1,0,0,6,3,5	0,0,0,0,0,0,0,2,0,2	0,5,1,2,0,5,0,1,0,0	0,1,0,0,0,2,0,0,0,0	976	75
3965	6,0,2,0,1,0,0,6,3,5	0,0,0,0,0,0,0,0,0,0	0,5,1,2,0,5,0,1,0,0	0,1,0,0,0,0,0,0,0,0	941	75
3968	1,1,1,0,1,4,0,0,2,0	0,0,0,0,0,0,0,0,0,0	1,2,1,2,0,0,0,2,1,1	1,0,0,0,0,0,0,0,0,0	454	75
3969	13,15,12,21,10,9,13,7,17,19	0,0,0,0,0,0,0,0,0,1	18,8,15,22,12,12,10,8,14,12	0,0,1,0,0,0,1,0,0,0	183	75
3970	0,0,0,0,2,0,4,0,0,2	9,6,5,6,13,6,5,6,5,15	1,0,0,1,0,0,0,4,1,0	11,5,9,7,6,9,13,4,6,12	1173	75
3973	4,4,1,4,1,2,5,2,3,2	49,39,50,47,44,51,26,29,36,41	2,6,3,0,3,3,3,2,3,3	46,50,46,40,45,58,45,44,43,59	285	75
3975	10,17,13,5,3,3,11,5,10,15	83,61,88,41,71,42,50,51,57,55	5,9,9,8,10,5,4,7,12,9	83,68,73,72,57,57,67,63,77,65	1234	75
3976	31,28,26,36,40,26,30,32,38,27	32,28,33,34,24,23,24,18,36,21	32,48,43,42,30,53,38,45,38,43	32,21,17,21,24,31,33,15,20,20	168	75
3977	26,25,40,59,26,33,42,26,41,20	40,49,56,53,30,46,56,27,47,42	31,52,29,34,37,31,31,40,32,38	55,47,35,32,49,59,57,39,41,42	1693	75
3979	20,30,24,27,27,12,29,31,28,10	46,37,39,24,30,26,16,32,17,9	12,20,24,24,24,19,17,28,24,33	25,26,31,39,25,31,30,24,20,29	1465	75
3980	3,1,4,1,2,1,3,2,0,0	18,23,16,13,19,10,13,19,16,10	3,1,1,2,1,2,2,5,1,1	20,22,13,22,18,10,17,17,23,14	189	75
3981	3,5,9,5,4,3,8,3,12,11	12,18,18,4,12,15,14,16,13,16	3,6,3,5,2,2,3,4,8,4	10,18,15,22,14,12,9,11,13,18	439	75
3984	4,4,2,5,1,0,2,1,5,2	1568,1506,1497,1381,1510,1580,1293,1202,1372,1267	1,1,2,2,3,0,2,2,5,3	1435,1932,1272,1413,1263,1424,1415,1349,1219,1597	213	75
3985	155,191,185,149,169,235,111,121,104,180	2,0,1,3,1,3,2,0,1,2	168,212,224,155,144,138,121,149,142,121	1,1,5,5,4,0,0,2,3,2	464	75
3986	6,9,10,13,10,3,16,12,18,5	37,27,27,30,19,22,21,32,29,31	11,15,7,2,3,9,10,5,10,8	32,39,30,19,28,35,26,11,37,19	277	75
3987	17,17,11,8,12,19,13,11,12,15	10,14,15,11,7,12,6,12,10,5	15,14,10,5,12,16,9,19,18,21	13,18,9,11,10,14,9,7,11,15	247	75
3988	17,17,11,8,12,19,13,11,12,15	92,91,81,67,76,73,54,48,61,71	15,14,10,5,12,16,9,19,18,21	71,81,64,63,66,66,81,75,72,68	238	75
3989	17,17,11,8,12,19,13,11,12,15	0,1,1,1,1,0,1,1,3,0	15,14,10,5,12,16,9,19,18,21	1,0,1,1,0,1,2,0,0,0	302	75
3990	3,1,3,5,0,0,0,2,3,0	1,1,0,0,1,2,0,1,0,0	5,2,1,0,2,1,1,1,0,1	5,1,0,1,0,0,1,3,0,1	306	75
3991	0,0,0,0,0,1,1,1,4,0	4,0,0,5,2,2,4,1,1,3	1,1,0,0,1,1,0,1,0,0	2,2,1,1,1,0,0,0,0,0	830	75
3993	0,0,0,0,0,0,0,1,0,0	257,231,251,221,204,277,214,183,229,211	1,0,1,0,2,0,0,0,0,0	229,236,216,200,194,217,266,224,217,197	179	75
3994	8,0,2,1,2,1,0,4,2,5	1,0,2,2,5,0,0,4,0,4	0,8,1,3,1,2,2,2,0,1	0,0,0,0,1,6,0,1,2,1	322	75
3996	0,0,0,0,0,0,0,0,0,0	0,0,0,0,3,0,0,0,2,0	0,0,0,1,0,0,0,0,0,0	0,0,0,0,0,0,0,0,0,1	274	75
3997	4,6,4,6,1,5,4,5,3,5	176,139,166,153,176,164,139,119,134,184	0,4,0,3,3,4,2,0,3,1	174,192,152,149,135,161,187,170,154,134	208	75
3998	0,0,0,0,0,0,0,0,0,0	5,8,7,5,8,2,7,7,5,9	0,0,0,0,0,0,0,1,0,0	5,8,5,2,6,1,7,5,5,2	1182	75
3999	3,2,1,5,4,3,7,2,6,2	75,75,91,75,74,95,82,82,83,68	2,2,1,2,2,0,3,3,4,3	78,84,91,106,94,75,92,89,77,86	148	75
4000	4,3,8,4,3,4,14,10,1,3	121,118,108,109,85,134,116,99,81,99	6,4,6,3,5,5,7,2,2,5	103,99,75,88,115,103,135,109,103,113	515	75
4001	3,8,5,11,7,5,5,9,10,4	53,66,52,47,52,55,40,45,36,34	8,3,0,2,7,6,0,5,7,11	46,64,38,41,54,35,70,49,50,48	253	75
4002	0,3,3,3,2,1,4,3,2,3	34,43,33,40,38,24,29,33,33,30	2,2,3,1,2,3,0,5,3,6	31,29,27,29,37,41,41,25,28,45	225	75
4003	14,15,12,19,23,10,24,25,13,20	41,57,42,48,55,46,50,33,39,50	22,27,16,18,16,16,7,11,21,20	45,53,50,48,48,63,42,33,41,49	301	75
4004	0,1,0,0,0,0,0,0,0,0	0,0,0,0,0,0,0,0,1,0	0,0,0,0,0,0,0,0,0,0	0,0,0,0,0,1,0,0,0,1	154	75
4005	1,1,1,2,1,1,4,1,0,0	0,0,0,0,0,0,1,0,0,0	0,2,0,0,0,2,0,0,0,1	0,0,0,0,0,0,0,0,0,0	1367	75
4006	0,2,1,2,0,1,0,0,0,0	69,53,41,39,45,47,30,28,43,40	1,1,0,1,1,2,3,1,1,1	59,56,38,42,40,49,59,36,32,52	156	75
4010	205,228,240,238,208,205,177,162,190,170	0,0,3,0,2,2,1,1,1,0	204,216,176,230,168,188,246,165,223,199	2,3,2,2,0,3,1,1,2,1	1119	75
4011	1,4,4,0,2,2,4,1,6,3	0,0,0,0,0,0,0,0,0,0	2,2,2,1,3,0,1,4,3,3	0,0,0,0,0,0,0,0,1,0	180	75
4012	1,5,5,2,2,4,8,1,8,3	4,0,11,2,2,1,5,4,1,1	2,5,3,2,5,1,2,6,3,4	5,9,2,7,1,8,3,8,4,3	283	75
4013	14,18,20,21,9,20,20,13,28,14	1,2,1,1,0,1,0,1,2,0	11,26,19,23,15,17,27,18,15,26	1,0,1,0,0,0,0,2,0,0	759	75
4015	3,3,5,4,5,6,3,2,2,2	16,24,24,14,18,26,22,16,14,12	2,1,5,1,7,1,0,4,8,1	31,25,10,18,15,20,14,18,17,21	820	75
4016	111,114,95,99,101,130,109,99,104,107	38,30,35,38,24,31,33,30,38,37	99,110,102,88,99,103,97,112,95,128	38,41,41,35,39,26,39,35,42,37	214	75
4017	1,0,1,0,0,0,0,1,2,0	96,73,97,69,57,46,49,77,84,88	0,0,0,0,1,0,0,0,0,0	65,80,63,66,52,77,99,46,51,57	311	75
4018	11,11,1,9,2,1,10,6,3,8	55,43,38,38,25,56,43,43,53,53	2,6,7,3,1,4,5,8,6,6	21,31,31,29,50,34,53,36,27,38	196	75
4019	0,0,0,0,1,0,0,0,2,2	1,2,1,1,2,2,0,4,3,1	3,2,3,1,0,1,2,2,0,0	2,1,1,6,0,3,1,3,1,4	201	75
4020	0,1,0,1,1,0,0,0,0,0	24,20,24,21,12,13,11,12,22,19	0,0,0,1,0,1,0,0,0,0	20,17,21,13,18,16,24,19,20,19	163	75
4021	0,2,3,4,1,0,0,1,2,1	20,12,16,8,14,6,13,7,16,12	1,2,0,2,0,1,2,1,2,1	23,22,19,15,22,18,15,12,17,11	220	75
4022	6,4,5,3,2,2,1,1,2,1	18,15,13,13,16,11,19,10,14,7	2,1,3,5,3,2,0,0,6,3	9,19,13,12,12,19,17,15,12,13	230	75
4023	0,0,0,0,2,0,0,3,0,0	0,4,1,4,0,1,0,1,0,1	0,1,0,0,0,0,0,0,0,1	3,2,0,1,0,1,3,0,2,0	143	75
4024	3,4,3,4,2,1,2,4,4,4	41,42,80,67,63,39,63,80,53,56	3,1,2,4,3,7,6,7,10,2	47,54,42,46,49,64,76,60,66,68	162	75
4025	167,145,131,219,164,157,204,187,205,133	5,4,10,0,1,3,0,4,3,5	166,228,145,178,130,122,148,209,206,242	1,3,5,6,6,5,3,2,5,1	1424	75
4026	4,2,4,2,4,4,3,4,2,3	0,0,0,0,0,0,1,0,0,0	7,4,5,5,1,4,4,4,0,1	0,0,0,0,0,0,0,0,0,0	1093	75
4027	1,1,3,5,0,4,2,0,2,0	0,0,0,1,0,0,1,0,0,0	1,4,0,3,2,2,3,4,3,0	0,0,0,0,0,1,0,0,0,1	251	75
4028	2,2,6,3,4,1,1,4,6,3	112,140,134,95,92,98,124,115,104,112	3,1,2,6,2,2,1,2,4,0	100,137,103,97,96,97,99,89,101,96	148	75
4029	25,25,19,26,20,23,22,30,25,24	154,162,138,110,101,151,114,128,130,99	21,39,23,36,21,28,23,40,21,31	118,117,103,129,143,128,137,114,124,146	1615	75
4030	0,1,0,0,0,1,0,0,0,0	1,2,1,1,1,1,1,1,1,1	1,0,0,2,0,0,0,0,2,0	3,0,0,1,0,0,1,0,0,1	149	75
4031	14,6,6,10,11,10,13,8,17,10	29,35,25,25,31,40,37,29,37,34	9,14,10,12,12,14,9,10,13,19	36,38,31,30,43,55,42,39,49,40	2033	75
4033	2,0,0,0,2,0,3,0,0,0	68,84,86,72,79,81,52,58,61,64	1,1,0,0,0,0,0,1,1,0	59,77,63,73,65,85,73,68,71,79	287	75
4034	65,61,72,58,57,68,55,45,48,75	0,0,0,0,0,1,0,0,0,0	53,65,67,74,41,62,57,71,65,57	0,0,0,1,1,0,0,0,0,0	439	75
4035	7,8,5,11,8,4,4,5,3,6	62,76,75,63,62,60,62,50,66,59	1,7,5,9,4,4,1,6,3,6	73,75,79,69,67,47,71,60,61,63	399	75
4036	4,0,6,3,2,1,7,2,1,0	46,48,65,63,42,40,51,63,57,58	4,6,3,1,2,3,0,1,2,2	53,71,51,55,45,74,45,39,39,52	301	75
4037	5,7,9,12,20,7,12,10,15,9	1,0,1,0,1,1,1,0,3,1	7,16,7,9,6,10,8,7,6,5	0,2,0,2,0,0,0,1,0,0	1175	75
4038	96,92,85,77,62,93,100,69,69,89	0,0,0,0,0,0,0,0,0,0	82,72,69,64,70,78,93,93,77,86	0,0,0,0,0,0,0,1,0,0	3052	75
4039	6,5,7,8,0,7,8,4,2,9	1444,1426,1455,1343,1201,1422,1251,1126,1279,1462	5,5,3,11,5,5,2,2,2,6	1271,1323,1326,1301,1494,1279,1381,1356,1271,1187	358	75
4040	86,68,98,102,75,73,79,78,86,84	1,1,2,2,1,2,1,1,0,1	76,85,67,64,63,91,89,78,102,67	1,3,2,0,2,2,6,5,4,2	895	75
4041	1,5,8,9,7,3,12,7,9,4	33,36,27,29,22,25,24,29,10,16	4,8,4,6,7,3,12,9,10,9	31,23,23,22,29,31,24,12,24,26	668	75
4042	2,2,9,0,0,1,0,2,3,1	2,7,8,3,2,3,1,2,2,1	0,2,0,4,1,3,1,1,3,0	1,2,1,2,2,1,2,2,1,2	875	75
4043	1,0,0,1,1,1,0,1,0,0	1,3,4,1,2,3,1,2,0,2	0,0,0,0,0,0,0,0,0,0	2,4,2,4,0,5,1,2,2,2	264	75
4045	109,82,83,73,64,49,124,98,110,61	32,20,25,21,17,18,25,24,18,20	87,80,49,83,54,66,71,64,75,93	26,25,14,19,15,25,15,27,16,21	2065	75
4046	10,14,4,11,4,2,13,11,6,3	25,24,21,12,8,11,15,21,15,27	7,10,2,1,7,3,6,7,3,20	23,12,12,10,13,22,28,12,17,12	362	75
4047	6,3,1,0,0,2,1,2,1,1	5,3,1,3,5,3,5,1,4,3	3,1,1,1,1,1,0,2,1,1	1,5,5,1,1,3,1,1,1,3	665	75
4048	1,0,0,0,0,1,0,1,3,2	3,2,4,2,2,2,0,3,2,6	0,1,0,0,1,0,0,0,0,3	3,2,2,5,3,1,3,2,1,2	160	75
4051	4,3,1,8,4,3,6,1,2,3	15,24,14,9,12,27,17,14,21,22	2,3,0,2,1,1,2,1,7,3	16,25,10,22,25,16,18,16,11,11	410	75
4054	5,13,19,13,11,11,10,13,17,13	3,4,3,5,5,5,3,3,4,4	6,20,7,14,8,11,15,9,14,15	5,7,4,2,3,8,6,0,5,1	691	75
4055	24,32,22,31,30,31,27,28,40,28	10,12,9,8,12,6,4,10,4,11	23,35,23,23,8,24,17,8,30,15	6,11,10,8,8,11,12,6,9,12	586	75
4056	35,35,27,28,30,40,23,35,44,24	8,11,6,3,1,5,6,5,5,4	25,37,23,35,30,24,31,34,21,25	13,3,4,4,5,4,4,8,2,9	707	75
4057	85,91,89,88,75,72,83,81,91,62	2100,2092,2114,1885,1734,2027,1669,1680,1758,1818	74,70,78,89,64,72,81,65,94,103	1981,1853,1788,1750,1856,1946,1989,1687,1879,1778	318	75
4058	1,5,2,1,3,0,2,0,0,2	31,17,25,31,35,27,30,29,42,27	3,0,1,0,2,1,3,0,2,1	23,24,38,21,35,40,23,35,26,30	722	75
4060	0,1,2,2,0,3,1,1,1,4	4,4,2,2,4,2,2,4,2,1	2,1,1,1,2,0,0,0,0,2	2,4,2,3,1,0,2,2,1,1	699	75
4061	52,71,72,47,83,62,71,61,75,72	187,191,216,185,205,208,148,164,170,169	65,72,56,62,74,62,68,66,64,61	192,197,194,174,200,153,187,196,170,181	1311	75
4063	83,94,79,107,83,56,127,83,90,63	983,981,1089,825,840,773,739,689,847,923	68,96,87,68,94,88,62,86,94,84	927,957,859,822,900,935,868,768,835,751	289	75
4064	33,36,35,31,41,25,47,28,23,43	11,3,8,6,5,8,8,5,11,11	32,42,24,34,33,35,30,25,32,16	10,8,6,7,6,5,5,3,4,3	168	75
4065	4,4,0,0,0,2,4,1,2,1	33,26,42,34,31,38,32,33,36,35	1,0,2,2,1,1,3,2,4,2	31,28,26,34,33,42,36,37,36,30	167	75
4066	9,6,4,1,7,3,6,6,5,4	35,28,36,37,35,24,33,47,33,42	2,0,2,3,6,3,4,5,5,5	22,31,36,28,25,25,47,41,32,23	182	75
4067	23,15,21,25,19,18,21,29,17,8	68,56,69,74,67,65,70,55,74,57	15,23,9,19,22,15,9,21,21,22	38,68,59,69,62,62,76,80,73,50	1644	75
4068	4,9,8,4,4,4,1,6,10,6	85,88,98,79,72,86,65,65,79,87	6,0,4,2,4,0,1,5,10,4	82,95,87,77,57,71,86,87,69,79	1351	75
4069	4,9,7,4,4,4,1,6,10,6	9,4,9,6,6,9,1,3,3,5	6,0,4,2,4,0,1,5,10,4	7,4,4,8,5,2,6,4,2,4	1348	75
4070	6,12,10,7,8,9,5,11,15,10	0,0,0,0,0,0,0,0,0,0	6,10,7,5,6,4,2,5,12,7	0,0,0,0,0,0,0,0,3,0	1353	75
4071	28,23,27,30,28,22,42,31,27,33	7,12,4,12,10,7,14,9,12,8	26,31,23,43,35,31,22,28,34,25	9,14,5,11,19,7,12,7,9,15	324	75
4072	28,23,27,30,28,22,42,31,27,33	16,15,17,7,13,13,13,9,11,10	26,31,23,43,36,33,22,28,34,25	14,13,16,10,13,17,12,7,10,18	328	75
4073	113,84,78,116,120,58,151,156,117,90	0,0,0,0,0,0,1,1,0,1	72,143,89,130,67,117,72,113,148,140	0,0,0,0,0,0,0,0,0,0	2402	75
4074	113,84,79,116,121,59,154,158,117,94	22,25,24,23,19,16,22,18,16,14	72,143,90,133,69,118,74,116,149,142	26,31,15,20,19,13,13,19,14,12	2470	75
4075	0,0,2,0,0,0,0,0,1,0	1,2,1,0,1,0,2,2,2,0	0,0,0,1,0,0,0,0,0,0	0,2,1,0,2,2,0,1,0,1	1845	75
4076	1,2,5,3,1,5,4,3,3,3	1,4,2,3,0,1,2,5,1,0	0,3,1,4,1,3,2,3,2,1	0,2,0,1,0,1,1,3,0,3	187	75
4078	3,2,0,0,4,2,0,1,5,1	289,347,279,284,254,289,244,228,266,254	3,2,0,5,2,2,1,0,4,2	296,300,268,261,264,272,274,251,250,266	215	75
4079	1,1,3,3,0,0,4,3,1,3	263,216,237,190,223,234,185,187,196,221	0,4,3,4,1,1,2,2,6,2	220,270,224,185,177,169,189,174,180,217	160	75
4080	1,2,0,1,0,1,2,2,2,0	21,26,23,26,16,32,14,22,27,28	1,2,2,0,1,0,0,0,1,1	29,19,28,21,21,32,32,40,23,34	553	75
4081	456,441,513,423,422,415,351,386,470,440	163,143,170,119,143,167,129,129,166,112	384,444,376,408,447,469,412,370,408,357	144,136,126,144,139,172,141,133,153,142	195	75
4082	1,0,0,0,0,0,0,0,0,0	0,0,0,2,1,1,0,1,0,1	0,1,0,0,0,0,0,0,0,0	1,4,0,1,0,2,1,0,0,0	790	75
4083	4,9,2,5,2,7,7,6,8,3	1,4,2,0,0,5,1,0,4,1	4,4,5,10,3,4,2,8,2,6	4,5,0,1,1,0,1,3,1,4	154	75
4084	9,9,6,9,10,8,1,7,7,1	126,111,97,105,61,80,78,96,82,83	5,3,2,7,4,5,4,7,2,8	82,109,88,90,105,93,86,104,82,101	232	75
4085	4,8,7,3,3,4,6,2,3,3	4,7,3,5,5,2,2,0,3,6	3,8,4,5,5,5,5,6,5,3	4,3,4,6,2,2,2,5,4,2	335	75
4086	13,13,11,11,3,5,8,3,7,3	160,152,162,134,124,130,120,116,114,149	5,12,9,8,8,7,6,12,9,4	172,157,129,130,118,128,126,109,138,136	364	75
4087	33,35,33,47,19,30,39,33,32,34	0,0,0,1,0,1,0,1,2,2	30,37,14,30,34,30,29,30,39,37	1,0,0,0,2,0,2,1,1,3	1059	75
4088	2,1,1,1,1,2,3,1,1,0	213,224,187,179,192,218,154,168,194,180	0,1,1,1,1,0,2,0,0,0	187,243,205,191,184,197,173,210,192,206	213	75
4089	687,727,713,612,607,722,550,580,570,590	1,0,1,0,1,0,0,0,0,0	619,671,578,621,638,627,688,627,648,645	1,0,0,2,1,2,0,0,0,0	307	75
4090	404,338,349,326,305,308,226,216,271,276	1,0,0,0,0,0,0,0,0,1	310,355,293,278,279,321,285,297,244,264	0,0,2,0,0,0,0,0,0,0	316	75
4091	2,0,0,2,2,2,2,2,1,1	15,15,10,9,14,7,9,5,6,13	2,1,0,1,1,0,3,0,3,2	8,10,14,11,12,12,10,6,10,10	223	75
4092	31,21,20,24,14,21,39,30,30,15	8,12,11,5,13,16,10,10,15,14	20,22,17,23,24,18,20,20,17,23	10,12,9,9,17,10,9,10,10,14	629	75
4097	1,3,1,1,1,0,0,5,2,1	8,16,14,13,7,11,6,6,6,7	2,2,1,1,2,2,0,1,0,2	5,10,5,15,5,6,7,9,7,8	148	75
4098	3,0,1,1,5,2,3,0,1,0	15,6,15,18,15,8,8,16,6,11	2,1,0,0,2,1,1,0,0,1	4,12,10,7,7,12,10,8,4,16	159	75
4099	4,4,7,0,1,4,5,4,2,2	552,547,638,489,513,470,427,385,458,499	4,4,6,4,1,3,4,6,7,6	581,535,574,450,582,493,466,467,472,443	169	75
4100	11,10,13,8,12,9,10,6,7,8	449,486,474,399,453,417,350,330,372,431	12,15,11,10,15,10,7,11,5,7	438,449,437,396,411,429,396,388,402,407	256	75
4101	44,49,35,36,39,34,44,36,39,28	0,1,0,0,0,0,0,0,0,0	44,49,44,39,47,34,41,38,38,48	0,0,0,0,0,0,0,0,0,0	479	75
4103	0,0,0,0,0,1,0,0,0,1	0,0,3,1,2,1,1,3,0,7	0,0,0,0,0,0,0,0,0,0	1,2,2,1,1,2,0,0,3,0	312	75
4104	2,2,1,4,0,2,2,0,2,0	107,85,96,118,90,100,66,71,105,59	2,0,3,4,0,1,0,3,1,0	64,85,75,87,77,121,108,90,83,94	163	75
4105	26,19,33,22,19,11,29,20,29,19	0,0,4,3,0,1,1,0,0,0	13,29,12,22,25,33,26,14,14,12	0,0,0,2,1,0,2,1,0,0	196	75
4106	0,0,0,0,1,0,0,1,0,0	7,14,20,14,7,5,11,8,12,12	0,0,1,0,0,1,0,0,1,1	7,17,9,10,14,10,9,9,14,6	179	75
4107	0,0,0,0,0,0,0,0,1,0	18,28,25,34,27,16,17,14,23,19	1,0,0,0,1,0,0,0,0,0	24,16,15,21,12,11,20,29,18,14	165	75
4108	4,6,8,4,6,4,8,9,6,3	15,18,19,17,10,21,13,9,17,21	6,10,7,8,7,1,4,0,5,2	14,10,10,20,12,12,16,17,10,12	505	75
4109	1,0,0,0,0,1,0,0,2,0	12,13,14,7,12,12,7,10,8,16	0,0,0,0,0,0,0,1,0,0	12,26,12,11,18,12,13,9,8,5	1081	75
4110	17,20,15,22,15,24,13,11,13,14	2,2,0,0,0,0,0,0,0,0	16,23,16,21,20,26,23,15,11,12	0,1,0,1,3,0,1,1,0,0	258	75
4111	3,3,0,1,1,3,4,1,0,1	30,33,32,37,35,34,26,32,33,35	1,3,4,4,5,1,1,2,2,0	36,32,24,41,26,38,15,22,30,27	215	75
4112	2,4,1,1,2,0,0,0,0,1	65,59,65,52,58,61,45,41,53,64	1,1,0,0,0,2,2,2,0,0	50,58,40,51,54,64,49,43,51,43	151	75
4113	3,1,0,5,3,1,8,5,4,5	17,7,21,13,7,10,12,11,10,10	5,6,9,0,3,1,5,3,7,2	6,11,10,11,12,14,14,13,9,11	1331	75
4114	2395,2044,2321,2139,2194,2190,1783,1862,2027,2086	19,10,9,28,17,25,17,17,10,12	2291,2198,2116,2042,2047,2092,2023,2077,2238,1905	22,25,17,24,23,19,25,27,21,13	1441	75
4115	856,697,787,718,711,745,607,635,734,717	0,0,0,0,1,2,0,2,1,1	743,754,749,745,721,765,726,737,730,652	2,2,1,2,4,4,2,2,0,2	337	75
4116	13,19,16,21,12,16,23,26,23,14	221,185,233,213,184,183,178,180,247,207	22,18,12,11,14,13,7,21,21,11	203,230,228,204,202,228,231,188,224,159	3774	75
4117	0,2,0,0,0,0,0,1,1,0	1,2,3,6,3,2,0,1,4,3	0,1,0,0,0,1,0,0,2,0	1,2,3,2,3,5,1,6,0,2	264	75
4118	10,7,11,14,6,9,10,9,8,4	22,19,22,22,23,12,16,19,15,17	1,8,9,7,14,2,4,13,5,9	19,16,19,14,25,19,20,16,14,17	275	75
4119	31,37,43,42,31,29,36,40,24,37	0,3,0,0,0,1,0,0,0,2	19,30,22,30,38,36,28,43,27,32	0,1,0,2,0,1,0,0,0,0	762	75
4120	15,24,23,22,15,16,18,22,14,19	29,19,21,23,15,28,20,23,19,27	15,17,8,16,17,22,18,24,15,21	18,27,13,17,19,25,11,23,21,19	448	75
4121	7,9,7,15,7,8,17,6,6,8	26,29,15,26,21,10,33,14,22,24	12,10,5,3,9,4,4,7,7,4	19,19,21,24,24,23,22,24,15,21	821	75
4122	25,17,26,22,19,17,32,21,16,26	1,0,0,0,0,1,0,0,1,0	20,26,19,12,22,21,24,20,17,13	1,1,1,1,2,0,1,0,0,1	854	75
4123	40,20,32,27,27,27,36,30,24,37	3,0,0,0,0,1,0,0,1,0	22,38,27,18,28,30,34,27,25,23	2,1,1,0,2,3,0,0,0,0	886	75
4124	1,0,0,0,0,0,0,0,0,0	1,2,2,0,1,1,1,1,1,3	3,0,1,0,0,0,0,0,1,0	1,3,6,2,2,2,1,3,1,0	427	75
4127	25,22,12,29,9,17,24,39,23,18	2,1,2,1,3,0,1,3,6,3	23,33,16,14,14,14,15,24,14,14	2,4,1,0,3,9,3,2,2,0	4100	75
4128	127,141,125,136,127,130,113,122,127,128	2,1,4,2,2,1,1,1,2,0	122,131,120,123,119,121,139,142,123,116	0,0,0,1,0,0,4,1,2,0	185	75
4129	0,0,1,0,0,2,2,0,2,1	48,59,55,48,45,51,39,42,43,44	1,1,1,2,1,4,2,0,1,1	52,43,38,45,48,49,54,41,35,49	167	75
4131	4,5,1,1,1,0,6,2,5,4	18,28,24,26,18,20,18,17,25,19	1,4,1,2,2,3,2,3,1,3	23,28,15,20,16,34,22,18,17,24	876	75
4132	10,11,5,10,4,4,6,8,6,7	0,0,0,0,1,1,0,1,1,0	9,7,4,10,9,9,11,8,11,4	1,0,0,0,0,0,1,1,0,0	558	75
4133	1,1,3,0,1,3,2,1,0,2	39,31,25,38,20,26,23,32,22,28	0,3,0,3,0,2,3,0,4,0	26,33,26,30,30,19,25,29,22,19	536	75
4134	4,5,9,5,4,3,6,6,6,10	62,58,52,40,44,54,45,33,41,52	4,5,8,7,5,6,3,5,4,1	56,62,43,56,54,56,38,45,40,49	1243	75
4135	0,0,0,1,0,0,0,0,0,0	2,2,1,1,2,1,3,0,4,1	0,0,0,0,0,0,0,0,0,0	2,5,0,1,0,1,3,0,1,0	163	75
4137	0,0,0,0,0,0,1,0,0,0	0,1,1,1,1,0,2,0,1,2	0,0,0,0,1,0,0,1,0,0	0,0,1,1,0,0,0,2,0,1	1237	75
4138	1,5,2,1,2,5,3,2,1,4	41,31,35,17,30,22,25,25,26,39	2,6,7,6,2,2,4,1,3,1	21,40,28,19,16,36,27,22,20,29	637	75
4141	0,0,0,0,0,0,0,1,0,0	5,13,13,14,12,13,21,13,12,5	1,2,0,1,0,0,0,0,0,0	15,13,10,9,15,8,20,17,11,9	163	75
4142	22,21,41,17,15,25,15,29,27,10	1,4,3,8,2,6,1,4,2,2	10,28,15,30,14,36,26,26,21,52	1,3,1,8,3,1,4,7,4,13	215	75
4143	3,2,2,1,4,0,0,2,1,1	4,6,11,4,10,3,6,13,5,10	0,2,2,2,2,1,5,3,3,1	6,10,8,12,4,6,9,7,13,9	1610	75
4145	212,197,194,179,174,190,154,171,203,193	0,0,2,1,0,0,1,4,2,2	186,175,166,167,164,201,219,196,190,151	2,1,1,0,2,1,0,1,3,0	189	75
4146	2,1,3,1,2,1,5,3,10,0	11,7,7,8,5,12,8,4,8,13	3,1,2,3,0,1,2,2,3,5	6,14,6,10,9,12,9,9,7,7	454	75
4147	1,0,0,0,0,1,2,2,3,0	16,23,18,16,16,20,12,17,19,25	1,0,1,1,0,3,2,1,1,3	14,41,14,9,15,31,16,17,21,15	325	75
4148	12,13,18,19,15,15,14,16,16,24	765,714,757,606,657,798,588,538,608,676	18,9,11,12,13,18,7,6,18,12	678,675,578,620,633,670,686,642,658,668	231	75
4149	0,2,1,4,1,3,3,1,3,0	10,13,12,13,13,10,14,17,8,9	4,0,0,2,3,4,1,2,0,5	18,12,10,14,11,13,13,13,17,11	353	75
4150	2,1,3,2,1,0,4,2,1,2	33,33,38,30,21,37,33,35,24,35	2,3,2,3,3,3,4,1,2,1	22,37,30,29,35,33,25,36,28,22	161	75
4151	4,2,7,2,1,6,1,3,4,2	11,8,14,10,8,9,6,10,11,16	0,2,2,3,1,4,2,1,4,2	9,8,13,8,7,9,15,13,15,10	193	75
4152	1,0,0,1,0,1,0,1,1,1	32,17,22,12,25,16,19,28,19,23	2,2,0,0,2,0,0,0,1,1	25,23,20,19,25,27,17,16,31,24	151	75
4153	6,4,6,9,11,1,5,8,11,2	27,16,23,19,11,24,10,10,18,19	6,1,1,4,4,0,2,9,9,9	15,20,16,13,27,17,10,17,19,25	2625	75
4154	0,1,2,1,0,1,0,0,1,0	13,18,19,13,20,13,16,16,17,23	1,1,0,0,0,1,1,0,0,0	16,16,12,19,24,28,21,19,25,10	159	75
4155	86,72,68,73,60,37,109,96,77,42	44,27,51,37,34,33,33,20,33,29	48,72,52,62,62,53,56,51,79,71	32,35,39,28,39,24,42,33,38,28	713	75
4156	5,0,0,3,0,0,2,3,1,2	28,32,32,34,41,22,20,34,21,36	1,4,1,3,2,1,0,2,2,0	23,52,21,18,31,33,21,25,23,18	155	75
4157	0,1,0,0,0,0,1,2,0,0	15,16,19,14,18,15,9,15,21,10	0,1,0,1,0,1,0,0,2,0	10,14,11,18,10,9,16,12,8,13	165	75
4158	1,0,0,0,2,0,0,0,0,0	12,13,9,8,14,21,6,5,8,12	0,0,0,1,0,0,1,1,1,0	6,7,5,7,9,11,11,8,3,5	152	75
4159	1,1,3,0,0,1,0,1,1,1	6,10,7,2,3,6,2,6,5,5	0,3,0,2,1,3,0,0,0,1	7,7,4,3,7,6,11,12,1,5	147	75
4160	0,1,0,0,2,0,0,0,5,1	2,10,6,13,5,4,3,6,5,6	0,0,0,0,0,0,1,0,0,1	6,8,3,5,3,3,6,7,2,6	164	75
4161	0,2,4,1,0,2,3,1,0,2	10,4,6,3,5,2,4,3,4,1	1,0,0,0,0,2,3,1,0,6	5,4,1,6,2,7,2,5,4,1	178	75
4162	10,10,11,5,1,7,1,7,8,8	1,0,0,0,2,1,0,0,0,0	7,3,8,11,6,10,4,6,6,4	2,0,1,0,1,3,0,1,0,2	580	75
4163	4,9,2,4,4,0,4,2,1,1	19,54,25,25,18,18,15,12,25,22	0,4,3,1,0,4,3,3,4,1	26,25,23,24,13,21,46,15,6,15	321	75
4164	0,0,0,0,1,0,1,1,0,1	25,61,33,24,19,25,15,31,11,28	0,1,0,0,0,0,1,0,0,0	18,24,25,15,17,40,76,25,26,12	232	75
4168	0,0,0,0,0,0,2,1,0,0	4,4,3,4,2,6,6,8,2,2	0,1,0,0,0,0,1,0,0,1	7,0,1,1,5,2,5,3,2,7	174	75
4172	3,7,1,1,3,5,1,0,1,1	128,135,148,105,124,126,109,102,103,138	4,3,3,1,0,5,1,3,3,1	113,135,108,104,113,118,112,96,106,97	377	75
4173	16,14,22,13,16,13,15,8,19,16	45,32,32,40,35,36,26,50,22,39	16,22,29,19,18,14,10,6,23,17	33,38,40,37,41,35,31,29,28,32	151	75
4175	4,0,0,2,0,1,5,3,1,2	14,6,12,13,11,16,16,18,19,15	0,3,1,1,1,3,1,2,2,4	16,14,14,20,10,12,12,13,12,11	621	75
4176	0,0,0,0,1,1,0,0,0,0	9,6,8,13,8,7,10,11,15,8	0,0,1,1,0,0,0,1,2,0	15,12,7,8,11,11,9,8,6,2	300	75
4177	3,1,3,3,2,4,4,6,1,4	21,20,19,17,17,16,13,16,11,10	1,5,3,2,2,4,1,6,2,2	20,17,14,10,15,13,23,20,18,13	563	75
4179	1,1,1,3,0,2,7,3,2,0	100,133,99,93,132,85,92,89,116,108	4,7,1,2,4,6,3,2,4,3	84,126,113,95,123,122,98,130,92,94	425	75
4180	4,3,4,1,1,5,3,3,3,4	52,64,53,51,49,50,39,52,48,59	1,4,3,4,3,3,1,2,0,3	52,63,51,49,54,62,55,58,38,68	399	75
4181	0,1,0,0,0,0,1,0,0,0	85,94,91,72,72,73,79,91,79,98	1,0,1,0,0,0,0,0,0,1	69,124,79,55,68,109,79,65,50,63	2528	75
4182	308,327,327,317,257,355,284,270,248,291	388,471,415,404,342,433,370,381,332,387	346,277,337,303,329,296,292,290,340,334	421,408,402,320,386,368,337,363,354,365	162	75
4183	0,2,1,1,2,2,3,0,3,4	10,15,11,15,9,9,13,9,11,10	2,2,2,3,0,0,0,1,3,1	17,9,11,22,17,21,14,14,18,11	3212	75
4184	31,40,35,30,34,32,38,31,30,19	4,0,2,1,1,1,2,2,3,5	19,38,37,26,27,18,41,34,40,34	1,1,0,1,1,0,0,0,3,1	1329	75
4185	6,9,8,5,9,3,4,4,8,13	16,13,9,12,21,16,13,10,17,19	8,5,6,6,7,6,6,6,2,2	16,19,15,14,16,11,14,19,18,16	173	75
4186	0,0,0,0,0,0,0,0,0,0	3,2,0,2,8,1,2,3,3,3	0,0,0,0,0,0,0,1,0,0	5,2,5,0,0,4,0,0,2,4	1294	75
4187	31,25,16,21,22,23,24,22,20,26	30,27,20,22,23,31,14,22,16,30	17,19,20,28,15,20,21,24,18,21	23,28,21,27,25,16,13,17,16,27	567	75
4188	0,4,0,4,4,1,1,0,2,1	47,41,41,32,45,33,36,37,30,32	0,2,5,3,2,3,0,0,1,1	26,42,41,30,21,25,43,41,34,29	184	75
4189	0,0,0,0,0,0,0,0,0,0	43,27,28,31,21,17,24,17,22,31	0,0,0,0,0,1,0,0,0,0	21,28,19,18,24,27,29,26,24,26	156	75
4190	2,2,0,3,0,3,4,2,3,3	25,21,23,18,22,23,19,19,29,18	3,0,2,1,2,4,2,2,2,0	21,24,5,15,16,26,24,25,18,21	862	75
4191	5,4,6,4,3,8,6,2,5,5	0,0,0,0,2,1,2,0,0,0	5,5,6,2,4,1,4,10,2,6	0,2,0,0,0,1,1,1,0,0	695	75
4192	1,3,1,0,0,0,0,0,0,0	38,49,50,36,34,40,32,44,29,51	0,0,0,0,0,1,1,0,0,0	43,44,34,32,49,52,51,39,34,43	152	75
4193	3,3,3,8,1,2,5,4,5,0	36,37,40,41,35,47,30,35,37,38	2,1,0,2,6,3,2,3,3,8	51,44,45,41,56,54,54,45,44,40	413	75
4194	241,208,288,240,225,234,219,218,225,233	11,16,13,15,11,11,4,12,16,14	238,277,236,221,238,282,266,230,246,224	11,17,12,10,10,17,21,21,15,11	608	75
4197	0,4,2,0,2,0,2,1,0,0	27,39,44,38,36,34,34,34,24,38	0,0,1,0,3,3,3,1,0,0	35,45,30,42,34,41,50,36,47,48	2120	75
4198	2,0,4,3,2,1,1,1,0,0	68,83,76,53,63,73,69,67,62,74	1,1,1,1,0,1,0,1,1,4	65,68,73,56,49,61,89,55,74,62	740	75
4199	3,9,10,13,11,8,11,9,18,9	70,71,84,64,63,62,66,50,76,62	14,12,3,7,17,15,9,12,13,13	62,59,59,60,73,89,60,67,70,74	1431	75
4206	37,36,48,40,47,55,36,38,26,20	1,0,0,1,0,1,0,0,1,0	36,56,27,34,42,34,39,22,38,36	0,3,1,0,0,0,0,0,0,0	398	75
4207	3,6,4,4,2,3,8,2,9,1	2,0,0,0,0,0,0,0,1,0	1,2,1,5,5,2,0,5,3,5	0,0,1,0,0,0,2,2,0,0	1051	75
4208	4,6,4,4,2,3,9,2,9,1	133,131,142,108,114,126,92,97,124,109	1,2,1,6,5,2,0,5,3,5	123,119,98,96,128,132,112,127,122,86	1063	75
4211	5,3,2,4,1,0,2,4,2,0	13,11,7,9,13,12,5,3,11,15	3,4,1,1,2,4,2,3,2,1	7,10,8,8,20,8,9,4,9,16	735	75
4212	3,5,4,7,1,9,7,7,2,7	3,0,2,1,3,6,4,1,1,4	4,11,5,12,3,9,11,10,6,5	2,1,1,1,2,1,2,1,3,0	212	75
4213	33,46,63,42,42,49,40,52,41,45	0,0,0,0,0,0,0,0,0,0	60,68,50,42,43,49,68,31,63,37	0,0,0,0,0,0,0,1,0,0	1056	75
4214	328,343,330,267,235,334,300,252,273,241	0,1,3,1,1,1,0,1,2,0	270,289,283,244,343,296,311,238,236,263	1,0,1,0,1,0,0,2,0,0	258	75
4215	1,0,3,0,1,2,0,0,0,1	5,15,10,9,16,6,17,7,14,13	0,0,0,1,0,0,1,0,0,1	10,13,14,4,12,7,8,13,14,6	204	75
4218	2,3,0,1,1,1,1,0,2,1	0,1,1,1,0,0,0,2,1,0	1,0,1,3,0,0,1,1,0,1	0,0,0,0,0,1,0,0,0,0	1566	75
4219	8,7,8,13,9,3,8,6,5,2	2,1,6,3,3,1,7,3,1,6	7,13,8,8,10,4,10,10,10,12	5,11,2,7,1,7,4,3,4,6	1680	75
4221	0,0,1,0,0,0,0,1,1,0	59,67,63,43,71,50,44,33,58,57	1,1,0,0,0,1,1,0,0,1	68,73,63,57,67,83,78,73,78,48	1750	75
4222	79,64,83,88,90,82,74,74,61,46	18,15,19,20,15,17,11,18,22,14	60,81,74,61,54,61,81,89,58,93	19,21,17,17,16,13,15,24,19,15	420	75
4225	0,3,0,0,0,0,0,0,0,0	3,0,8,3,0,0,1,1,6,1	0,0,0,1,0,2,1,1,0,0	1,3,3,1,1,2,2,0,3,1	777	75
4226	0,0,0,0,1,1,0,0,0,0	4,3,1,1,3,5,3,2,9,8	0,0,0,0,1,0,0,0,0,0	2,4,4,3,4,5,3,2,4,0	182	75
4229	16,15,10,8,12,11,23,9,11,11	0,0,1,0,1,1,1,1,2,3	17,24,8,13,12,11,11,8,17,19	2,2,0,1,0,0,1,0,1,1	686	75
4230	0,0,1,0,0,0,0,1,1,0	4,3,8,4,2,8,5,5,4,3	1,2,1,0,0,0,0,1,1,2	5,4,1,1,1,4,2,3,3,9	360	75
4231	6,7,18,10,7,4,4,15,9,13	0,0,0,0,0,0,0,0,0,0	6,17,2,8,6,9,9,6,8,6	0,0,1,0,0,0,0,0,0,0	1831	75
4233	47,42,45,50,37,32,53,66,52,46	432,385,378,350,336,379,333,275,337,352	40,51,38,38,27,51,39,55,43,44	361,357,340,338,351,382,402,341,385,297	635	75
4234	8,5,13,3,6,3,4,1,5,8	0,1,0,0,0,0,0,4,0,1	7,8,5,6,2,7,5,6,8,6	0,2,1,0,0,2,0,0,0,1	453	75
4235	44,28,36,32,32,37,31,40,30,27	168,116,138,139,122,140,124,127,74,128	46,47,34,29,43,41,27,23,51,29	141,132,149,119,106,113,135,102,129,127	843	75
4236	80,88,95,74,69,57,58,50,69,76	0,0,0,0,0,1,0,0,1,0	84,86,68,81,67,83,86,73,78,86	0,0,0,0,2,0,0,0,0,1	1024	75
4237	9,8,2,2,2,4,0,2,4,4	0,0,0,0,0,0,0,0,0,0	2,1,2,4,4,1,2,3,5,1	0,0,0,1,0,0,0,0,0,0	413	75
4238	5,6,1,2,3,5,1,5,5,3	9,25,21,16,11,22,16,8,10,17	4,6,3,3,3,4,7,4,7,6	18,17,20,16,13,17,20,13,17,12	348	75
4239	0,0,0,0,0,1,0,0,4,1	0,3,3,1,3,2,0,1,1,1	0,2,0,0,0,0,0,0,0,0	1,1,1,1,0,3,0,0,0,0	149	75
4242	28,28,21,20,20,18,25,23,23,8	456,437,515,424,381,409,368,381,398,423	10,33,18,30,19,21,15,23,18,19	510,418,388,392,460,437,444,422,438,365	2186	75
4245	9,18,11,8,7,14,9,9,11,10	10,20,5,12,5,7,3,7,5,10	8,9,13,10,10,9,3,11,8,6	15,14,6,7,9,6,9,13,11,2	1401	75
4246	25,25,26,22,14,18,25,19,24,10	15,5,6,7,11,7,6,7,10,11	13,18,18,23,20,21,11,19,15,27	8,3,6,8,0,9,9,5,5,8	747	75
4247	525,448,504,488,430,438,465,360,406,437	28,25,27,21,24,22,23,15,18,45	447,487,433,419,443,413,477,475,429,457	16,24,21,18,21,25,31,20,29,17	1057	75
4248	1298,1161,1295,1286,1118,1188,1171,958,1052,1188	0,0,0,0,0,1,0,0,0,0	1216,1294,1128,1064,1243,1122,1247,1170,1168,1262	1,0,1,1,0,0,0,0,1,0	2370	75
4250	370,426,412,412,379,405,378,340,393,374	0,1,0,1,1,1,0,0,2,0	410,419,397,389,354,409,430,410,380,353	2,0,1,1,1,2,1,1,5,2	381	75
4251	0,0,0,0,0,0,0,0,2,0	1,0,0,0,0,0,0,0,0,0	0,2,0,0,0,0,0,2,0,0	0,0,0,0,0,0,0,0,0,0	216	75
4252	1,0,0,0,0,0,1,0,0,0	3,1,0,1,1,1,1,1,2,0	0,0,0,0,0,0,0,0,0,0	0,1,3,0,2,0,1,1,0,0	515	75
4253	0,0,0,0,0,1,0,0,0,0	1,2,1,1,3,3,0,2,3,0	0,0,0,0,0,0,0,0,0,0	1,2,2,3,3,2,1,2,1,1	158	75
4254	52,40,38,46,36,28,67,71,61,40	67,78,83,63,56,68,53,57,50,43	26,63,34,34,36,43,36,40,44,52	67,66,61,58,59,63,77,64,66,55	454	75
4255	5,1,6,6,8,8,4,6,10,9	52,57,61,39,31,41,46,40,39,53	4,9,3,1,5,7,6,4,9,9	45,50,37,48,36,45,47,50,53,40	270	75
4256	0,0,0,0,0,0,1,0,0,0	33,47,53,48,48,47,37,48,46,45	0,0,0,0,0,0,0,0,0,0	33,45,39,48,50,48,53,33,44,52	155	75
4257	0,0,2,1,1,1,1,0,1,0	21,25,32,31,21,26,16,31,28,26	0,0,2,1,0,1,0,0,0,1	22,31,35,29,27,28,21,21,30,24	154	75
4258	87,78,93,86,90,58,75,73,61,67	3,4,2,8,6,3,1,5,8,0	74,84,91,83,77,80,69,89,74,91	1,5,5,5,6,8,2,1,4,4	426	75
4259	52,53,69,51,54,40,44,37,42,42	7,10,4,4,4,10,2,2,2,3	43,59,51,50,49,53,43,50,46,63	11,3,4,3,7,4,5,7,5,5	180	75
4260	0,1,1,1,2,1,1,1,2,0	21,22,21,24,17,18,15,11,20,30	0,1,0,3,0,2,1,1,3,0	22,31,19,26,17,24,19,22,18,19	142	75
4261	1,3,3,2,1,1,1,2,5,2	49,27,36,29,24,20,24,20,29,41	2,3,1,2,2,0,4,1,5,3	31,46,34,33,35,39,35,25,45,20	216	75
4262	0,1,0,0,0,1,2,0,1,0	43,26,44,43,39,49,31,32,28,48	0,3,1,0,0,0,1,0,1,0	34,50,44,22,33,36,48,35,33,38	189	75
4263	120,140,98,106,90,96,85,89,108,111	58,32,55,63,43,50,38,58,61,59	131,95,76,129,112,82,62,115,129,79	45,48,57,57,57,66,61,49,63,55	881	75
4264	1,0,2,0,0,3,3,1,3,2	40,34,30,28,31,27,22,42,39,28	1,3,2,2,4,0,0,0,0,4	22,32,24,36,32,31,35,39,34,20	148	75
4265	109,117,113,108,79,72,126,97,141,76	10,14,11,8,11,5,5,13,13,10	99,113,87,107,93,92,85,89,98,84	8,10,7,10,11,17,12,11,7,11	2196	75
4266	32,35,22,37,22,25,46,45,42,28	37,32,27,26,27,37,49,32,34,28	26,44,29,36,16,27,33,30,35,26	38,31,38,42,30,28,48,31,41,30	2778	75
4268	0,0,2,0,0,0,0,0,0,0	0,1,0,2,0,0,0,2,1,1	0,0,0,0,0,0,1,0,0,0	0,3,0,0,0,1,0,2,1,1	244	75
4269	0,0,0,0,0,0,0,0,0,0	26,35,24,26,28,24,17,30,21,26	0,0,0,0,0,1,1,1,0,0	28,25,25,24,20,34,30,34,25,23	241	75
4270	0,0,0,0,0,0,0,0,1,0	49,48,43,44,31,39,24,31,47,31	1,1,0,0,0,0,0,0,1,0	40,38,28,28,28,30,50,44,30,36	178	75
