ID	IJC_SAMPLE_1	SJC_SAMPLE_1	IJC_SAMPLE_2	SJC_SAMPLE_2	IncFormLen	SkipFormLen
4	22,19,17,14,19,15,29,30,23,28	0,0,2,0,0,1,0,0,0,0	17,22,29,14,19,24,23,23,19,22	0,0,1,0,0,2,1,0,0,0	123	75
5	103,100,113,116,111,68,127,108,119,102	0,0,0,0,0,0,0,0,0,1	83,85,86,105,89,99,90,84,142,115	0,0,0,0,0,0,0,0,0,1	1382	75
6	0,1,0,1,1,0,1,0,1,1	10,20,16,12,10,14,4,14,14,15	0,0,0,0,0,0,1,2,2,0	10,18,12,17,15,14,13,6,15,11	104	75
7	6,2,4,2,5,3,3,3,4,12	9,9,8,11,5,11,10,7,12,11	5,10,0,3,4,9,6,4,4,5	11,12,11,4,5,4,13,6,11,6	182	75
9	5770,5486,5960,5720,5436,5495,4810,4689,5102,5403	758,742,856,725,712,662,585,533,585,715	5338,6549,5215,5417,5219,5939,5824,5353,5628,4669	724,849,762,680,715,773,588,628,703,602	1636	75
10	31,32,26,24,23,29,20,23,25,14	0,0,1,0,0,0,0,0,0,0	20,37,17,19,26,21,21,21,18,26	0,0,0,0,0,0,0,0,0,0	168	75
11	1,0,2,1,0,0,2,0,1,2	0,0,1,0,0,2,1,1,0,0	0,6,3,2,0,3,0,0,2,1	0,0,0,0,0,0,1,0,0,0	167	75
12	23,23,14,18,19,18,18,21,8,7	0,0,0,1,0,0,0,0,0,0	13,17,20,15,16,14,15,17,15,15	0,0,1,0,0,0,0,0,0,0	1062	75
13	0,0,0,0,0,0,0,0,0,0	26,25,18,16,10,14,20,20,18,21	0,0,0,0,0,0,0,0,1,0	14,21,24,21,30,21,19,18,18,22	77	75
14	109,92,91,83,89,74,104,87,90,88	0,0,0,1,0,0,0,0,0,0	91,88,78,55,101,81,92,88,89,94	0,0,0,0,0,0,0,0,0,0	258	75
15	89,85,93,79,109,69,75,66,56,92	0,0,0,0,0,0,0,0,0,0	87,86,70,87,85,79,85,87,79,76	0,1,0,0,0,0,0,0,0,0	444	75
16	0,2,2,1,1,0,0,2,0,1	0,0,0,0,1,0,0,1,0,0	2,1,0,1,1,2,1,1,0,2	0,0,0,0,0,1,0,0,0,0	232	75
17	0,0,0,0,0,0,0,0,0,1	4,2,4,8,4,2,1,3,3,2	0,0,0,0,0,0,0,0,0,1	0,4,2,3,8,5,3,4,1,4	96	75
18	7,3,11,22,11,14,4,14,7,6	0,0,1,0,1,1,0,1,0,0	11,10,7,4,3,12,14,12,5,11	0,0,0,0,1,0,0,0,0,0	179	75
19	6,3,10,22,10,12,4,12,7,4	0,0,0,0,0,0,0,0,0,0	10,8,6,3,2,9,13,12,3,10	0,0,0,0,0,1,0,0,0,0	179	75
20	0,0,0,0,0,1,0,0,1,0	0,0,0,0,0,0,0,1,1,0	0,0,0,0,1,0,0,0,0,0	1,0,0,1,1,0,0,1,0,0	78	75
21	18,13,16,18,20,10,20,13,26,15	0,0,0,0,0,0,0,0,0,0	11,22,16,14,14,18,11,13,21,16	0,1,0,0,0,0,0,0,0,0	1032	75
22	14,6,10,11,10,3,10,10,15,12	0,0,0,0,0,1,0,0,0,0	4,16,12,11,7,11,4,6,8,7	0,0,0,0,0,1,0,0,0,1	79	75
23	9,11,21,12,11,14,18,9,30,19	2,14,7,2,2,1,5,2,3,2	10,13,7,9,14,19,20,17,25,16	10,4,5,8,3,5,5,4,5,6	139	75
24	314,334,261,253,248,252,214,243,238,229	14,14,16,19,12,17,17,14,22,13	277,319,242,214,249,230,243,213,189,253	15,18,15,10,12,16,12,13,11,12	80	75
25	136,170,119,96,111,165,102,142,151,90	1,0,0,0,0,0,0,0,0,0	103,138,104,183,123,127,163,123,117,96	0,0,0,0,0,0,0,0,0,0	1571	75
26	9,8,7,6,10,13,11,3,8,5	1,0,0,0,0,0,2,0,0,0	13,10,9,9,8,9,7,5,7,9	0,0,0,0,0,0,0,0,0,0	103	75
27	352,394,346,307,346,357,292,259,283,281	0,1,0,0,0,0,0,0,0,0	351,439,281,287,269,311,323,301,246,332	0,0,0,0,0,0,0,0,0,0	76	75
28	3,7,3,3,0,3,4,5,6,3	0,2,2,0,6,1,1,2,0,4	3,5,3,3,7,7,2,8,1,7	2,0,1,0,1,0,3,0,2,2	90	75
29	1,0,0,2,1,0,0,2,0,0	0,0,1,0,0,0,0,0,0,0	0,1,0,0,0,1,0,0,0,0	0,0,0,0,0,0,0,0,0,0	78	75
31	0,2,3,2,2,0,3,3,2,2	3,2,4,6,2,3,1,3,3,3	2,2,1,0,2,5,0,1,3,2	2,0,3,2,3,7,4,2,3,4	78	75
32	54,54,44,50,45,47,25,45,50,55	0,0,1,0,0,0,0,0,0,0	47,77,62,52,42,75,65,45,53,52	0,0,0,0,0,0,0,0,0,0	528	75
33	0,0,0,0,0,0,0,0,0,0	68,76,80,69,67,62,71,57,80,69	0,1,0,1,1,0,0,0,1,0	76,79,65,51,65,88,77,62,74,65	89	75
34	31,28,24,23,17,21,27,28,24,15	1,7,4,0,7,6,6,2,3,3	18,16,15,26,23,19,33,27,27,21	4,3,7,7,8,4,14,4,7,4	78	75
35	15,22,16,18,12,13,16,13,21,13	12,7,12,13,4,6,3,10,7,3	11,25,15,17,20,19,21,15,25,8	7,6,4,6,9,10,5,3,0,4	78	75
36	12,25,22,16,13,16,19,24,31,32	5,2,2,0,1,3,0,2,4,1	16,16,13,15,14,19,22,8,16,21	3,4,3,0,1,4,2,3,2,1	158	75
37	70,50,89,82,52,49,57,63,65,62	98,104,110,104,80,85,100,89,112,78	56,87,62,65,70,61,79,59,59,46	103,100,93,80,92,113,91,90,101,77	105	75
38	32,37,28,36,25,25,20,42,25,40	11,12,5,7,8,2,13,8,6,11	21,30,37,30,39,34,34,33,25,27	13,7,8,4,8,8,10,6,5,4	138	75
39	71,71,56,47,72,45,53,47,64,56	44,49,57,21,38,31,37,35,27,29	56,51,48,48,62,67,45,48,58,36	41,43,28,36,42,36,35,39,34,36	81	75
42	0,3,3,3,1,10,3,1,4,3	0,0,0,0,0,0,1,0,0,0	2,0,4,7,2,6,3,0,4,0	1,0,0,0,0,0,0,0,1,0	84	75
43	14,23,15,10,17,12,18,18,11,25	0,0,0,0,0,0,0,0,0,0	11,22,13,6,19,18,21,18,15,11	1,1,0,0,0,0,0,1,0,0	201	75
45	853,828,876,684,728,702,675,625,745,757	0,0,0,0,0,0,0,1,0,0	746,818,752,790,851,802,786,695,723,829	0,0,0,0,0,0,0,0,0,0	76	75
46	0,0,1,1,0,0,0,0,0,0	0,0,0,0,0,0,0,0,0,0	0,0,0,0,0,0,0,0,0,0	0,0,0,0,0,1,0,0,0,0	188	75
47	1,1,1,1,2,2,0,1,0,1	0,0,0,0,0,1,0,0,0,0	3,0,2,0,0,1,2,3,1,1	0,0,0,0,0,0,0,0,0,0	1372	75
49	0,1,0,1,2,0,0,0,0,2	27,24,23,17,19,18,20,12,18,14	0,2,0,1,2,0,1,0,2,1	17,31,20,27,20,20,20,14,17,8	123	75
51	0,0,1,1,0,0,1,1,0,1	49,41,42,24,39,30,17,35,30,30	0,0,1,0,0,0,0,0,0,0	39,38,14,35,22,21,37,20,29,28	78	75
53	0,1,0,0,0,0,3,0,0,0	43,28,22,16,16,31,19,20,21,35	1,1,1,0,2,0,0,1,0,0	40,40,21,26,34,27,23,21,20,15	130	75
54	6,0,0,6,2,4,3,3,2,0	1,9,3,3,4,6,2,2,2,3	8,7,6,3,3,1,1,7,3,2	3,3,4,6,6,0,4,1,1,1	95	75
55	2,5,0,0,0,5,0,1,0,3	92,92,90,82,100,92,76,76,95,86	4,3,2,3,2,5,2,5,2,2	97,107,92,72,87,90,107,92,75,95	176	75
56	65,63,49,48,63,45,62,57,58,49	0,0,0,0,0,0,1,1,1,0	48,53,55,55,37,59,42,37,44,42	0,0,1,0,0,0,0,0,0,0	348	75
57	1,2,2,1,3,2,3,2,1,3	38,29,18,17,20,22,15,19,24,28	1,1,3,2,1,2,0,1,1,0	14,16,15,22,16,30,21,11,19,16	78	75
58	3,5,2,5,7,1,4,7,3,2	2,0,0,2,0,0,2,3,3,0	3,4,6,5,0,4,3,2,4,5	0,0,0,1,0,0,0,0,2,1	130	75
59	16,11,4,8,13,3,11,6,8,11	42,40,34,45,39,46,27,39,42,38	10,10,9,11,7,8,7,10,12,6	36,64,36,25,26,51,43,37,44,55	374	75
60	12,11,12,17,18,15,11,10,8,13	50,36,35,37,38,36,22,30,31,44	8,21,17,13,13,12,3,14,13,7	26,32,34,29,28,33,45,31,29,39	78	75
61	67,71,62,56,50,63,52,56,53,56	55,62,45,51,36,40,42,51,34,51	50,49,51,68,58,56,65,54,63,62	42,37,40,51,42,34,43,22,41,46	207	75
62	49,39,57,41,30,42,44,23,36,32	21,13,12,8,19,9,8,15,18,10	44,37,38,36,35,27,42,42,32,39	21,14,16,9,17,15,12,14,18,17	80	75
63	93,93,105,65,86,97,54,71,81,85	5,3,7,2,4,7,4,3,3,10	93,73,68,90,82,88,77,75,88,85	3,2,7,2,3,2,6,3,2,7	81	75
64	3,7,0,1,1,3,2,5,1,0	0,0,0,0,0,0,0,0,0,0	3,2,2,3,5,4,1,2,6,2	0,0,0,1,0,0,0,0,0,0	80	75
66	8,8,8,3,2,9,2,6,6,5	0,0,0,0,0,0,1,0,0,0	9,5,4,8,3,3,9,7,3,4	0,0,0,0,0,0,3,0,0,0	159	75
67	0,0,0,0,0,0,0,1,0,0	1,2,2,0,2,0,0,0,0,2	1,0,0,0,0,0,0,0,0,0	0,0,1,3,0,0,2,0,1,0	105	75
69	2,0,0,0,0,0,0,0,0,0	24,25,26,18,26,20,25,18,34,22	0,0,0,0,0,0,0,0,0,0	17,39,24,17,19,25,29,43,16,17	114	75
72	0,0,0,0,0,0,0,1,1,0	0,0,0,0,2,0,0,1,1,0	0,0,0,0,0,0,0,0,0,0	1,0,1,2,0,0,0,0,0,1	83	75
73	3,5,6,7,11,8,11,9,11,14	0,0,0,0,0,0,0,0,0,0	6,14,12,5,9,11,8,6,5,10	1,0,0,0,0,0,0,0,0,0	79	75
75	56,66,70,41,52,54,47,48,57,57	4,6,7,2,4,3,4,6,3,6	59,50,46,44,49,63,79,54,57,49	10,3,4,2,2,3,5,1,3,4	150	75
76	72,87,93,58,63,73,54,60,72,75	20,22,25,17,36,10,14,15,12,20	72,63,60,67,64,72,95,75,73,58	19,23,17,19,22,23,17,14,12,18	150	75
77	1,0,0,0,0,0,0,0,0,0	52,41,50,41,37,52,49,55,47,44	0,0,0,0,0,0,1,0,0,0	55,53,42,46,48,52,48,38,44,37	126	75
78	6,4,7,5,3,3,6,4,4,3	4,2,0,5,1,3,10,4,1,3	9,7,5,6,2,3,7,4,10,4	7,5,4,3,1,5,3,6,1,4	83	75
81	10,7,5,9,6,5,8,15,10,14	11,4,8,8,6,2,9,8,8,4	11,13,4,10,9,5,7,10,5,5	8,12,8,3,4,9,11,4,12,10	134	75
82	7,3,11,5,3,5,7,2,6,6	4,8,5,2,5,3,3,0,1,3	6,4,8,3,5,6,1,5,3,4	5,2,2,5,5,6,8,2,4,2	102	75
83	4,0,5,4,0,4,1,2,4,3	0,0,0,1,0,0,0,0,0,0	2,1,5,0,2,4,2,3,0,2	0,0,0,2,0,2,1,1,1,0	102	75
84	13,5,7,8,5,5,4,13,13,9	6,1,0,0,0,0,1,1,0,0	16,11,8,6,11,10,11,8,9,1	1,0,1,0,3,0,2,0,0,2	78	75
85	0,0,0,0,0,0,0,0,0,0	0,0,0,0,0,2,0,1,0,2	0,0,0,0,0,0,1,0,0,0	0,0,0,1,0,0,0,0,0,1	100	75
86	13,28,30,16,27,23,18,18,23,14	1,0,2,0,1,0,2,0,1,1	22,19,11,15,24,21,42,18,16,14	0,0,0,0,0,1,0,0,1,1	81	75
87	9,11,7,14,7,4,14,12,10,5	5,1,6,5,3,2,6,3,7,3	6,7,17,8,5,4,6,14,18,11	0,1,4,2,4,5,6,4,3,2	156	75
88	11,15,7,18,10,12,19,11,16,9	33,28,33,15,37,18,25,20,36,23	6,14,21,11,12,7,12,21,24,16	29,26,32,19,24,29,30,33,21,17	156	75
89	15,15,13,17,11,14,17,13,12,9	0,0,0,0,0,1,0,1,0,0	13,10,16,10,12,19,15,19,15,8	0,0,0,0,0,0,0,0,0,0	82	75
91	1,3,1,0,1,0,1,2,2,3	7,4,5,3,4,10,3,6,4,1	1,0,1,0,0,2,0,1,0,1	2,5,3,8,5,5,4,2,2,5	78	75
92	24,13,26,14,16,18,9,21,24,23	1,0,0,1,0,0,1,0,0,0	20,21,16,18,22,35,17,28,16,13	1,0,0,0,0,2,0,0,0,0	531	75
93	95,89,95,91,80,81,73,66,101,79	9,4,4,5,5,3,8,1,3,7	88,118,100,79,86,101,89,77,101,92	6,4,9,6,11,8,11,8,2,5	84	75
95	9,6,12,3,7,8,4,12,7,4	0,0,0,0,0,0,0,0,0,0	3,13,4,10,4,4,14,10,5,7	0,0,1,0,0,0,0,0,0,0	99	75
96	12,9,14,7,6,10,3,9,9,1	185,244,189,212,177,207,212,177,160,201	5,8,7,3,16,5,16,5,4,4	232,222,196,184,214,209,210,211,209,179	206	75
97	130,112,113,92,105,103,87,109,122,103	2,2,3,3,2,0,1,5,6,3	90,126,89,100,101,121,127,110,108,98	4,3,2,4,0,0,8,2,5,0	181	75
98	233,230,225,207,207,200,184,171,207,189	19,17,12,6,12,12,14,9,12,13	211,232,181,203,230,209,247,212,192,191	11,11,17,7,12,9,11,7,14,17	109	75
99	7,11,9,6,16,9,6,9,9,10	6,9,7,3,10,4,1,6,7,4	20,12,12,11,8,16,13,6,10,13	4,6,5,1,3,6,5,5,5,2	78	75
100	0,1,0,0,0,0,0,0,1,0	1,2,0,1,0,1,0,0,0,0	2,0,1,0,0,0,1,0,0,0	1,1,1,1,0,0,0,0,0,0	78	75
101	5,6,1,4,3,8,5,2,7,5	3,1,5,1,2,4,4,5,3,2	2,3,3,6,2,4,7,2,2,7	3,2,0,0,1,1,3,2,2,0	78	75
102	0,0,1,0,0,0,0,0,2,0	18,19,19,10,17,24,19,18,22,17	0,1,0,0,0,0,1,0,0,0	16,23,19,24,18,16,30,18,14,16	78	75
104	22,14,19,23,13,12,9,23,15,16	15,11,17,10,6,6,7,10,11,11	11,13,16,10,14,23,17,16,13,18	13,11,13,15,6,14,15,9,12,8	90	75
106	3,1,8,0,4,1,5,6,9,4	0,1,0,0,0,0,0,0,1,0	2,4,10,1,1,6,2,2,1,3	0,0,0,0,0,0,0,0,0,1	136	75
108	56,82,88,54,70,49,41,56,57,64	3,2,1,3,0,1,3,2,0,3	56,64,47,77,68,62,60,60,68,42	3,2,1,1,1,0,3,1,2,2	79	75
109	3,4,10,6,5,4,4,2,6,7	11,6,3,9,9,6,2,8,11,6	5,10,4,7,8,9,6,1,3,4	8,8,9,8,5,15,8,5,7,6	81	75
111	49,35,44,42,46,41,48,29,39,35	1,0,0,0,1,1,0,0,0,0	30,60,43,28,33,53,36,53,49,33	0,2,1,2,3,1,1,3,2,0	79	75
112	0,0,1,0,0,0,5,0,2,1	57,56,49,42,41,44,42,36,56,42	2,2,1,2,5,0,3,0,0,1	54,55,47,71,56,60,60,39,50,59	92	75
113	0,0,0,0,0,0,0,0,0,2	3,0,2,0,1,3,2,2,2,7	0,0,0,0,0,0,0,0,0,0	0,9,2,2,1,4,1,1,1,0	183	75
114	3,0,1,2,2,1,0,2,1,0	36,31,37,19,25,24,33,39,32,44	0,0,0,0,0,0,1,2,1,5	25,40,27,27,23,26,32,31,29,24	115	75
115	0,0,1,0,0,0,1,1,1,0	1,1,3,0,6,1,2,0,0,0	0,2,0,2,0,0,3,1,0,2	2,1,3,3,1,5,0,0,0,2	94	75
116	36,50,48,37,43,31,35,26,38,41	54,39,51,64,48,68,49,52,44,67	34,39,37,41,44,39,47,34,35,44	50,61,58,47,72,72,65,68,54,48	78	75
117	8,13,11,9,8,11,10,6,10,7	1,0,0,0,0,0,0,0,0,0	4,16,5,5,5,9,9,10,7,14	0,0,1,0,0,0,0,0,0,0	115	75
120	15,6,10,4,8,9,6,9,8,11	2,2,1,2,3,0,0,0,0,2	11,17,12,10,11,8,6,13,1,8	1,2,1,1,2,1,1,2,3,1	105	75
125	5,2,3,0,2,1,2,2,3,0	1,0,0,0,1,1,0,0,0,0	5,3,2,5,3,2,0,2,3,0	0,0,0,1,0,0,0,0,0,0	120	75
130	0,0,0,0,0,0,0,0,0,0	1,0,0,2,1,2,1,1,0,2	0,0,0,0,1,0,0,0,0,0	1,1,3,0,2,0,1,0,1,0	84	75
132	68,71,68,88,64,77,55,74,70,79	1,2,2,1,0,3,1,2,2,1	56,80,88,73,53,63,73,55,50,46	0,0,1,0,1,1,1,0,0,1	81	75
133	147,152,169,184,151,161,151,124,135,150	2,4,0,2,5,3,0,2,4,3	156,182,169,159,147,134,174,132,152,121	0,1,5,0,1,4,1,2,6,2	105	75
134	2,2,5,1,6,3,0,1,0,0	0,0,0,0,0,0,0,0,1,0	0,4,4,1,3,1,0,4,0,2	0,1,1,0,0,0,1,2,0,0	78	75
139	38,36,43,36,38,30,31,25,28,24	2,0,0,0,0,0,0,0,1,0	33,42,27,24,36,36,34,24,30,35	1,0,0,0,0,3,1,0,3,0	79	75
140	21,15,20,22,22,16,12,15,18,9	15,8,19,15,10,10,7,7,7,6	16,20,15,19,19,15,28,21,18,18	11,15,7,5,9,10,11,4,7,7	220	75
141	1,2,2,0,1,1,1,3,1,0	1,0,0,0,0,1,0,0,0,0	1,4,0,3,1,3,1,1,4,0	0,0,0,0,1,0,1,0,0,0	80	75
142	21,11,23,15,10,13,20,14,15,14	0,0,1,0,0,0,0,1,2,0	9,29,13,11,11,17,20,10,12,11	0,0,1,0,0,3,0,1,1,0	141	75
143	21,14,25,19,13,13,20,16,18,15	1,0,0,0,0,0,2,0,0,0	11,31,15,14,11,17,29,11,13,14	0,2,0,0,0,0,0,0,1,0	384	75
149	61,38,48,57,51,58,43,43,52,35	0,0,1,0,0,0,0,0,3,0	41,57,33,45,38,61,57,54,45,36	0,0,2,0,0,0,1,1,0,1	125	75
155	18,13,16,3,6,7,8,7,9,9	0,1,1,0,0,0,0,2,0,0	9,2,16,16,8,14,8,6,8,21	1,0,1,0,0,0,2,0,0,0	79	75
156	3,5,9,4,3,3,4,3,7,3	6,8,6,10,9,5,10,6,7,7	8,10,6,4,5,6,4,3,5,4	9,8,8,6,6,9,11,7,5,6	190	75
162	40,33,47,36,38,43,35,30,33,35	10,2,6,2,6,3,5,4,2,10	25,41,34,32,41,38,28,35,31,28	4,5,9,11,9,5,3,7,5,3	148	75
163	0,0,0,1,0,0,0,1,1,2	5,11,1,1,3,2,2,3,4,1	0,0,0,0,0,1,0,1,0,0	3,6,6,5,1,2,1,3,2,2	112	75
164	733,654,694,631,667,739,609,415,523,581	15,12,14,13,15,12,11,6,7,8	667,807,621,636,638,610,619,602,588,604	10,16,12,8,6,10,11,6,9,11	241	75
165	13,12,12,8,17,16,9,11,18,17	3,0,0,2,0,1,0,1,1,0	4,12,7,14,10,8,19,6,13,9	0,0,0,0,1,1,0,1,0,0	145	75
167	2713,2605,2867,2538,2407,2303,2185,1958,2223,2419	18,21,24,26,18,15,26,10,21,21	2580,2207,2352,2202,2589,2534,2493,2274,2380,1887	17,20,16,26,19,11,26,24,29,16	1038	75
168	148,165,150,123,135,160,117,101,127,128	53,42,79,53,50,40,44,47,54,52	141,158,99,123,134,134,160,117,127,150	54,67,52,43,61,49,47,47,52,61	176	75
169	767,702,791,628,704,730,606,623,670,705	0,0,0,1,0,0,0,0,0,0	765,774,712,697,681,687,724,589,696,646	0,0,0,0,0,0,0,0,0,0	898	75
170	7,2,7,6,4,8,3,5,5,6	498,433,495,404,462,457,387,386,437,433	6,6,4,4,7,4,3,4,4,4	479,467,432,436,435,428,453,385,442,409	125	75
171	0,0,0,0,0,0,0,0,0,0	117,117,125,84,114,82,93,91,114,96	1,1,0,0,0,0,0,0,0,0	92,123,82,100,100,130,110,97,119,126	99	75
172	192,181,195,138,170,142,162,130,157,132	3,2,4,1,3,9,3,2,2,0	154,194,161,154,150,146,163,202,160,188	4,3,4,6,5,2,5,2,2,4	176	75
173	60,43,42,35,49,33,52,53,45,45	6,5,6,12,9,8,4,4,0,3	48,54,40,44,54,46,51,53,62,51	9,6,3,7,3,4,4,5,1,4	78	75
174	0,5,1,1,2,2,0,0,1,1	0,0,1,0,0,0,0,0,0,0	0,2,1,0,1,2,1,1,3,3	0,0,0,0,0,0,0,0,0,0	147	75
175	0,2,0,1,0,0,1,3,0,0	0,0,0,0,0,0,0,0,0,0	0,1,0,0,0,0,0,0,0,1	0,0,0,0,1,0,0,0,0,0	79	75
176	363,385,378,318,311,311,318,296,344,338	1,0,1,0,1,1,1,0,0,0	368,394,299,285,323,335,343,281,307,308	0,0,1,1,0,1,1,2,0,3	1656	75
177	8,5,4,8,5,8,6,6,4,6	50,32,40,36,33,28,39,34,26,36	4,8,5,6,7,3,9,2,7,7	40,48,36,27,42,30,34,47,39,23	95	75
178	44,36,47,29,35,33,32,37,36,36	0,1,0,0,0,2,1,1,6,1	36,47,32,31,36,41,41,33,41,45	0,0,0,1,2,2,1,1,1,1	205	75
179	36,27,42,24,28,26,24,25,28,25	5,3,0,1,4,0,4,1,1,1	27,27,19,25,26,24,33,30,29,34	1,1,2,2,1,1,1,3,1,4	224	75
180	958,957,967,849,905,1005,782,743,846,832	0,1,0,0,0,0,0,0,0,0	891,1107,808,773,809,863,864,942,795,832	0,0,0,0,0,0,0,0,0,0	180	75
181	34,35,36,37,23,24,33,18,22,27	0,1,0,0,0,0,0,0,1,1	31,41,25,32,31,20,35,37,20,36	0,0,0,0,1,0,0,0,0,1	87	75
183	12,10,5,7,5,3,4,11,9,15	0,0,0,0,1,0,0,0,0,0	5,6,8,6,3,9,10,9,7,5	0,0,0,0,1,0,0,0,0,0	166	75
184	0,0,0,0,0,0,1,0,0,0	12,16,14,13,20,4,14,10,13,25	0,0,0,0,1,1,1,0,2,0	11,7,5,12,4,12,10,3,13,8	121	75
187	10,12,14,6,8,13,13,6,13,11	0,0,0,0,0,0,1,0,0,0	12,11,4,8,7,16,14,6,12,10	0,0,0,0,0,0,0,0,0,0	126	75
188	0,0,0,0,1,0,0,0,0,0	10,9,10,6,8,11,5,4,3,11	0,0,0,0,0,0,0,0,0,0	8,6,13,9,5,2,3,2,11,6	94	75
190	3,1,5,4,3,1,0,0,4,1	0,1,0,0,0,0,0,0,0,0	3,4,2,1,3,2,4,2,2,0	0,0,1,0,0,0,0,0,1,0	81	75
191	65,72,86,55,49,59,49,42,69,62	1,6,1,6,6,2,5,3,0,3	55,87,65,59,47,58,65,65,64,67	2,5,3,0,3,3,5,1,2,4	78	75
192	14,13,16,7,10,9,8,11,7,15	0,0,0,1,0,0,0,0,0,0	20,11,11,13,8,19,17,16,15,8	0,1,0,0,0,1,0,0,0,0	84	75
193	12,15,18,6,9,18,9,13,8,13	1,0,0,1,0,0,1,0,0,0	9,6,15,9,18,8,17,21,16,9	0,0,0,0,0,1,0,0,0,0	79	75
194	268,243,282,253,290,276,249,190,186,288	13,7,13,5,10,10,21,9,14,11	273,289,253,230,268,259,256,217,241,248	11,6,12,13,12,10,18,12,13,9	132	75
196	0,0,0,1,0,0,2,0,0,0	0,0,0,0,0,0,0,1,0,0	0,1,0,1,0,0,0,0,0,0	0,1,0,0,0,0,1,1,0,0	488	75
198	7,12,11,4,10,3,15,9,7,2	8,9,15,9,5,5,9,5,8,7	9,7,6,10,2,10,9,4,6,14	19,14,9,12,11,10,9,7,11,8	310	75
199	10,15,13,10,4,7,13,8,8,4	1,0,1,0,0,0,0,1,0,0	5,8,13,17,4,8,9,10,6,9	0,0,0,0,0,0,0,0,0,1	80	75
200	3,0,0,3,1,0,0,0,1,0	0,0,0,0,0,0,0,0,0,0	2,0,0,0,1,2,1,0,2,2	0,0,0,0,0,0,0,0,1,0	80	75
201	54,38,34,38,51,34,31,36,37,47	0,1,0,1,0,0,1,0,0,1	51,38,24,36,48,44,40,42,28,30	0,3,0,0,0,1,1,0,0,0	102	75
202	38,24,20,26,31,29,19,31,22,41	0,0,0,0,0,0,0,1,0,0	35,47,26,29,35,40,30,27,23,26	0,0,0,0,0,0,0,1,2,0	102	75
203	2,0,0,1,0,0,2,0,0,1	2,1,0,0,1,7,2,0,4,1	0,1,0,1,0,5,0,1,1,0	1,3,1,1,3,1,1,2,3,2	249	75
204	83,99,94,80,76,93,66,55,83,73	1,2,1,0,0,1,0,2,1,2	96,91,65,83,75,82,76,84,68,81	0,1,1,0,0,1,1,2,2,0	110	75
205	552,490,490,636,595,653,678,602,585,785	52,57,45,45,39,26,46,28,37,39	586,503,550,605,538,576,590,646,714,631	41,45,42,55,40,39,52,51,59,58	431	75
206	504,411,434,564,544,603,666,536,539,757	92,85,86,121,96,98,87,75,87,97	538,475,524,531,516,522,522,601,623,561	95,90,106,93,110,105,100,93,86,103	431	75
207	0,2,2,0,1,1,0,1,0,0	3,7,2,3,1,3,1,3,6,4	3,2,0,0,1,0,1,0,0,0	2,6,2,1,1,7,2,4,2,5	96	75
208	530,484,551,428,434,416,416,376,444,473	0,1,0,2,0,0,0,0,1,2	459,500,419,423,469,442,501,480,500,451	2,1,0,1,0,0,1,1,1,0	1149	75
209	443,381,406,328,369,341,312,324,357,384	3,6,1,3,3,4,5,7,4,0	391,393,337,372,344,363,377,346,359,355	2,3,0,2,5,1,2,1,0,6	181	75
210	7,1,5,2,4,3,4,4,1,0	120,123,114,87,97,86,94,93,109,98	1,2,3,3,1,3,6,5,1,6	107,123,108,108,108,108,130,104,102,92	161	75
211	6,4,3,2,2,2,6,10,7,4	118,105,95,96,87,89,72,74,87,62	2,5,1,3,2,7,2,4,4,5	85,154,74,67,58,75,83,94,80,66	150	75
212	0,0,2,0,1,0,2,0,0,2	2,1,0,5,1,0,0,0,5,5	0,0,0,0,0,0,0,0,0,0	1,4,0,1,5,1,4,1,8,2	124	75
213	78,118,78,85,79,101,71,62,75,98	10,15,12,7,12,16,9,8,2,12	79,89,73,88,92,99,87,99,83,73	9,12,16,6,13,9,16,16,14,12	126	75
214	75,89,69,78,71,75,73,57,51,85	4,2,6,3,2,3,2,6,4,5	65,71,59,72,71,77,69,80,67,76	4,1,4,1,5,3,3,3,3,3	126	75
215	31,37,35,28,28,41,23,19,20,33	1,2,2,3,0,1,2,2,1,0	33,39,25,21,27,33,24,25,25,22	2,4,1,0,0,4,1,1,0,1	80	75
216	87,116,107,83,86,113,89,82,68,92	4,1,2,0,0,0,2,0,1,0	82,105,89,74,85,95,104,75,101,81	0,0,0,0,0,0,1,0,0,0	227	75
217	115,156,147,120,125,159,113,107,91,109	0,0,0,0,0,0,0,0,0,0	154,137,140,88,147,129,106,100,100,113	1,0,0,0,0,0,0,0,0,0	144	75
218	72,102,102,73,66,117,92,74,65,75	4,3,5,0,5,9,6,0,3,2	78,85,102,75,86,64,65,55,89,73	1,1,3,2,4,0,5,0,4,5	79	75
219	174,199,164,181,140,231,161,133,134,137	1,0,0,0,0,1,0,0,0,1	169,169,198,182,169,167,148,152,192,157	1,1,1,0,2,2,1,2,0,0	199	75
220	4,4,4,4,1,3,4,2,3,0	0,0,0,0,0,0,0,0,0,0	3,2,1,1,3,6,3,2,5,6	0,0,0,0,1,0,0,0,0,0	130	75
221	0,0,2,1,1,3,1,2,2,2	1,0,0,1,0,0,1,0,0,1	0,3,1,2,0,3,1,1,1,2	0,2,0,0,0,1,1,0,1,1	87	75
222	190,224,204,185,207,221,164,166,178,195	1,1,0,0,0,0,0,0,0,0	197,207,227,192,224,212,191,203,151,197	0,1,0,1,0,0,0,0,0,0	364	75
223	98,72,93,76,74,69,60,55,77,62	40,27,59,44,38,42,31,38,38,48	79,96,63,62,67,86,78,55,68,58	43,43,37,43,53,38,31,44,30,35	78	75
224	302,308,346,262,249,301,263,265,265,278	0,2,0,0,0,0,0,2,0,1	278,300,285,288,333,310,292,225,303,264	0,1,0,0,1,0,3,0,3,1	1285	75
226	22,28,31,29,28,28,23,14,25,19	5,5,2,1,2,5,6,5,3,2	18,29,21,7,14,20,17,17,11,15	2,5,1,3,9,5,2,6,2,2	88	75
230	85,109,83,78,97,92,85,67,81,83	0,1,4,1,1,0,1,1,0,0	82,77,81,106,68,74,92,71,104,64	0,2,1,0,1,2,1,1,0,3	150	75
231	0,0,3,0,0,1,0,0,1,1	36,35,34,34,34,33,35,26,35,38	1,0,1,0,1,0,0,1,1,0	32,34,38,40,45,29,50,29,37,29	88	75
232	20,24,21,27,33,21,28,17,28,17	0,0,1,0,0,0,0,0,0,0	29,24,23,22,26,28,19,22,23,19	0,0,3,1,1,1,1,2,3,0	124	75
233	77,44,62,74,72,69,54,49,69,69	2,1,0,1,2,0,0,2,1,1	61,99,64,64,86,61,61,67,76,73	0,2,1,1,1,1,0,1,5,2	122	75
234	54,64,62,43,57,54,55,54,57,44	0,0,1,0,0,0,1,0,0,0	63,59,47,58,62,56,71,50,57,50	0,0,0,0,0,0,0,0,0,0	291	75
235	38,40,46,30,35,32,43,36,31,56	0,0,1,0,0,0,0,0,0,0	38,33,35,45,22,32,40,39,29,30	0,0,0,0,0,0,0,0,0,0	166	75
236	28,27,25,28,31,20,23,26,21,28	0,0,1,1,2,2,0,0,1,0	30,29,24,13,28,22,19,13,36,24	0,1,0,0,0,0,0,0,0,0	135	75
237	18,26,18,17,23,30,26,21,22,23	2,4,4,4,2,6,3,2,2,0	36,33,19,25,27,29,22,25,32,34	2,2,1,1,2,1,5,1,3,2	94	75
238	41,44,35,34,44,44,39,36,30,45	0,0,0,2,0,0,0,1,0,1	59,49,42,42,39,46,42,38,54,56	0,0,0,0,0,0,0,0,0,0	140	75
239	25,22,21,21,23,20,16,17,10,22	0,0,0,2,0,0,0,1,0,1	25,18,24,18,14,18,25,14,25,24	0,0,0,0,0,0,0,0,0,0	121	75
240	15,20,22,8,15,24,16,17,12,8	0,1,0,0,0,1,1,1,0,0	21,14,17,15,14,10,16,5,11,12	0,0,1,0,0,0,1,0,0,0	144	75
241	1,2,1,3,1,1,0,0,1,1	16,20,15,10,10,11,11,13,11,13	0,3,0,1,4,1,1,3,3,0	17,25,14,15,21,9,12,8,14,22	88	75
242	10,11,11,12,15,15,8,8,10,14	0,0,0,0,0,0,0,0,1,0	7,9,6,8,21,7,15,6,13,8	0,0,0,0,1,0,0,0,0,1	105	75
243	22,24,21,20,29,22,17,14,22,18	0,0,0,0,0,0,0,1,0,0	14,16,17,16,22,17,28,22,19,14	0,0,0,2,0,0,0,1,0,0	105	75
244	15,8,8,10,12,6,10,13,2,2	10,3,6,5,6,11,4,9,4,4	5,9,5,16,14,14,10,11,9,8	5,1,8,0,7,4,7,4,3,7	79	75
245	10,7,8,9,11,7,12,11,14,12	2,1,0,2,0,5,4,0,2,3	12,16,11,8,12,14,10,6,15,5	1,5,1,1,3,2,2,0,2,0	78	75
246	25,18,20,20,25,24,17,22,21,20	5,4,4,4,2,2,4,7,6,5	25,27,23,29,8,19,23,15,28,15	8,6,0,2,2,2,8,2,4,4	78	75
247	8,7,11,10,9,5,2,8,14,12	14,20,26,15,12,5,14,10,12,15	7,9,8,8,12,9,5,11,7,16	9,15,14,9,13,15,13,9,10,9	78	75
248	0,0,0,0,0,0,0,0,0,2	0,0,0,0,1,0,0,1,0,0	0,0,0,0,0,1,0,0,0,0	0,0,2,0,1,1,0,0,0,1	78	75
250	5,2,3,0,2,0,1,0,1,2	221,197,196,187,172,160,163,143,192,162	2,2,2,0,0,1,1,2,1,0	182,230,155,182,173,196,205,180,166,175	96	75
251	9,8,9,6,4,4,7,4,7,6	0,0,0,0,0,0,0,0,0,0	4,2,0,4,6,5,4,4,4,4	0,0,0,0,1,1,0,0,0,1	78	75
252	250,229,219,192,172,204,205,172,167,206	6,1,3,0,3,1,4,0,1,1	235,224,206,198,227,211,187,179,208,153	3,2,1,0,7,0,2,0,1,0	169	75
253	0,0,0,1,1,0,0,0,0,0	140,153,144,135,115,119,113,104,107,123	0,0,0,0,0,0,0,0,1,0	91,118,114,115,121,126,113,108,117,108	138	75
254	1,0,0,1,1,0,1,0,0,1	140,153,144,135,115,119,113,104,107,123	0,0,0,0,0,0,0,0,1,0	91,118,114,115,121,126,113,108,117,108	170	75
256	22,17,19,22,21,11,9,12,14,23	3,1,0,1,1,0,1,0,1,0	15,24,20,10,15,23,22,6,16,8	0,0,0,1,0,1,1,0,0,0	161	75
257	1,0,0,1,0,0,0,0,0,0	1,0,0,0,1,0,0,0,0,0	1,0,0,0,1,0,0,0,0,0	0,0,0,0,0,0,1,0,0,0	78	75
258	9,10,5,9,16,9,5,9,8,8	0,0,0,2,1,2,0,2,3,0	9,12,4,8,6,11,8,10,12,8	2,0,3,0,1,2,0,0,0,0	79	75
259	1,1,0,2,0,0,1,0,1,0	19,26,19,27,21,27,32,30,26,16	2,1,5,0,1,0,0,1,1,0	23,28,19,17,30,26,23,30,34,26	102	75
260	41,46,42,45,42,36,36,40,25,37	35,13,21,18,26,23,20,15,19,33	38,49,45,29,57,26,30,46,28,51	19,26,18,17,22,22,16,17,16,27	78	75
262	0,0,0,0,1,0,2,0,0,0	1,3,6,3,4,3,2,5,8,2	1,0,1,1,0,0,0,0,2,1	2,7,2,4,9,6,3,5,6,2	96	75
263	52,50,51,41,30,27,40,43,28,24	0,0,0,0,1,0,0,0,0,0	43,29,35,30,30,36,23,25,40,36	0,0,0,0,1,0,1,0,0,0	102	75
265	46,55,44,41,36,65,46,42,44,46	2,3,1,5,1,2,1,4,1,3	31,46,44,38,34,49,49,47,60,44	3,3,5,2,3,6,2,2,3,3	96	75
266	0,0,0,0,0,1,0,0,1,0	23,22,34,28,16,30,18,16,19,20	0,0,0,0,0,0,0,0,0,0	23,20,21,31,28,29,24,32,23,30	111	75
267	0,2,0,0,0,0,0,1,0,1	27,28,22,16,19,21,23,20,15,30	0,1,0,1,1,0,0,1,0,0	21,30,20,17,12,12,26,13,27,15	89	75
269	14,11,14,6,17,5,8,9,6,7	0,0,2,0,0,0,0,0,0,0	9,20,17,13,9,11,18,12,11,8	0,1,0,0,1,0,0,0,0,0	79	75
272	165,147,164,138,140,139,138,106,126,136	0,0,1,0,0,0,0,0,0,0	120,147,85,109,103,127,128,124,118,134	0,0,0,0,0,0,0,0,0,0	731	75
276	0,0,2,0,1,1,2,0,1,2	265,260,285,261,220,216,206,199,203,199	2,0,0,1,3,0,0,0,0,2	298,218,204,223,216,224,269,233,212,243	172	75
277	152,183,154,144,143,134,132,115,153,147	0,0,0,0,0,0,0,0,0,0	150,166,125,119,135,152,151,157,128,172	0,1,0,0,0,0,0,0,0,0	76	75
278	67,84,72,52,64,62,52,75,62,65	1,1,2,1,0,3,0,3,2,3	70,77,55,75,63,70,73,82,65,61	5,3,2,1,1,1,0,0,0,0	155	75
279	154,172,154,131,137,145,130,130,117,134	4,0,0,1,0,0,0,0,0,1	146,199,135,137,129,131,153,121,121,118	0,0,1,0,0,0,0,0,1,0	233	75
280	0,1,0,1,0,0,0,0,0,0	7,3,8,5,7,7,9,4,3,8	0,0,0,2,0,0,0,1,1,1	5,2,5,4,6,10,8,1,5,5	117	75
281	111,100,124,93,89,89,91,89,101,80	0,0,0,0,0,0,0,0,0,0	99,93,100,107,94,105,114,120,105,92	1,0,0,0,0,0,0,0,0,0	1513	75
282	64,101,82,74,72,75,82,65,66,75	1,0,0,0,0,1,0,0,0,0	91,85,86,65,80,68,83,80,71,81	0,0,1,0,0,0,0,0,0,0	158	75
286	21,14,22,14,17,12,14,14,17,10	0,1,0,0,0,1,0,0,0,1	7,24,13,15,19,6,16,9,18,15	0,0,0,0,0,0,0,0,0,2	78	75
287	34,32,39,27,37,20,14,25,25,30	0,0,0,0,0,1,0,0,0,0	27,28,21,27,26,23,23,27,24,22	0,0,0,0,0,1,0,0,0,0	97	75
288	9,6,17,9,8,6,7,8,9,7	17,10,10,16,16,5,11,7,8,9	9,9,6,10,11,6,2,6,3,5	7,15,16,9,6,11,9,8,12,10	78	75
289	54,43,47,48,38,41,34,29,35,40	285,285,305,259,244,244,191,255,234,261	45,36,45,34,51,45,31,46,51,49	283,281,245,238,275,271,274,234,238,254	78	75
290	411,414,399,353,339,357,306,286,334,356	153,156,147,95,133,127,121,101,120,127	405,371,317,360,338,361,403,361,332,375	131,145,127,127,117,122,162,121,122,121	78	75
291	104,83,117,58,89,87,80,73,79,103	133,162,137,146,141,95,103,97,142,126	79,89,74,79,84,72,99,78,79,68	140,169,116,153,146,162,130,129,109,139	78	75
292	49,42,43,32,40,31,30,22,33,32	112,127,135,107,104,104,63,113,132,73	50,42,34,43,40,51,48,35,41,49	116,114,125,128,99,129,111,110,135,115	78	75
293	0,0,0,0,0,0,0,0,0,2	0,0,0,0,0,0,0,0,0,0	0,0,0,0,0,0,0,0,0,0	0,1,0,0,0,0,0,0,0,0	78	75
294	2,1,2,3,2,2,6,4,3,1	22,37,31,34,32,29,36,28,21,25	2,0,1,3,0,0,1,2,2,2	25,32,26,24,28,31,36,24,27,34	108	75
296	4,2,3,3,2,7,5,4,6,3	0,0,0,0,0,0,0,0,0,0	2,10,4,3,0,2,2,5,4,3	0,0,1,0,0,0,0,0,0,0	185	75
297	17,17,10,9,10,9,11,11,8,7	12,14,19,14,14,16,15,12,6,14	12,12,9,8,16,9,10,4,5,9	18,17,10,10,12,16,16,16,11,9	78	75
300	0,0,2,0,0,2,0,0,1,0	62,66,69,49,65,65,49,63,54,55	1,0,2,0,0,0,0,3,1,0	66,75,70,58,43,57,61,70,69,55	97	75
301	71,68,93,75,96,78,69,52,72,73	0,0,0,0,0,0,0,0,0,0	54,92,72,57,75,61,73,52,65,57	0,0,0,0,1,0,0,0,0,0	105	75
302	63,44,63,49,60,61,49,35,43,45	2,2,1,2,0,0,0,2,1,2	31,62,57,39,45,39,46,41,45,45	1,3,0,0,0,0,1,0,1,0	95	75
303	69,57,57,54,42,52,43,30,53,52	0,0,0,0,1,1,0,0,1,0	63,39,66,45,51,45,37,47,56,48	0,0,0,0,0,2,1,0,0,0	129	75
304	454,475,476,418,386,387,360,315,373,448	4,6,11,3,4,2,3,2,3,5	327,419,453,379,453,442,488,397,332,355	2,1,2,4,2,6,3,3,3,6	198	75
305	0,1,1,1,0,0,0,0,0,0	2,1,2,1,2,4,0,0,3,0	0,0,1,2,0,1,0,0,4,0	1,4,2,1,1,0,1,0,3,0	78	75
306	0,0,0,0,0,0,0,0,0,0	51,48,62,54,54,59,49,41,55,43	0,0,0,0,1,0,0,0,0,0	57,48,38,47,47,46,40,59,47,50	353	75
307	0,0,0,0,0,0,0,0,1,0	4,4,4,8,2,1,3,2,5,4	0,0,0,0,0,0,0,0,0,0	2,0,3,4,4,4,4,6,1,5	98	75
311	0,0,1,1,0,0,1,0,0,0	2,0,1,3,2,0,2,3,1,4	0,0,1,0,2,0,0,0,0,0	4,2,1,1,0,3,3,1,2,0	365	75
313	1,0,2,0,0,0,0,1,0,0	0,0,1,1,0,0,0,0,0,0	0,0,1,0,0,2,2,0,1,0	0,0,0,1,0,0,0,0,0,0	252	75
315	7,3,5,6,7,3,4,9,2,2	5,11,14,9,6,7,8,4,1,9	1,2,4,7,4,0,8,3,3,6	13,14,11,17,11,7,10,11,11,10	106	75
316	3,6,8,9,4,7,5,6,2,4	24,18,27,23,13,17,12,14,30,17	3,2,4,9,10,10,9,6,7,4	11,25,15,25,17,17,25,19,22,12	117	75
317	32,35,29,43,35,26,35,32,24,25	3,4,4,3,2,6,3,2,7,2	32,34,28,43,29,31,36,22,30,23	5,4,3,7,6,5,7,4,3,5	93	75
318	0,0,0,0,0,0,0,1,0,0	66,59,69,52,49,44,56,46,41,67	0,1,0,0,0,1,0,0,0,1	48,49,55,58,66,57,60,55,59,63	142	75
320	1,0,0,0,0,0,0,0,0,0	0,0,0,0,0,0,0,0,0,0	0,1,0,0,0,0,1,0,0,0	0,0,0,1,1,0,1,0,0,0	214	75
322	2,1,1,5,0,1,2,1,0,0	103,98,125,97,107,93,103,85,81,80	0,0,1,0,0,2,1,0,0,0	99,93,93,79,100,99,80,86,81,89	176	75
323	440,465,457,455,415,418,389,344,389,428	5,3,4,2,4,5,1,2,4,3	454,418,419,427,468,403,411,437,424,346	3,4,3,11,2,6,6,8,5,2	159	75
324	542,571,636,587,543,535,494,432,473,546	37,27,43,38,26,25,36,35,21,30	550,538,536,522,584,508,541,559,530,437	36,33,38,22,41,29,39,37,34,27	159	75
325	121,121,111,126,103,118,130,73,115,93	0,0,1,0,0,0,1,0,2,0	109,105,100,106,101,120,145,107,104,102	1,0,1,0,1,1,1,0,0,0	77	75
326	87,84,102,82,85,77,84,85,76,78	48,52,40,47,32,38,40,37,44,37	93,79,82,57,91,92,99,91,90,83	42,53,33,25,37,31,52,43,39,28	129	75
327	34,58,39,48,37,36,43,41,53,35	1,2,1,2,1,2,2,0,0,3	48,53,42,48,47,30,41,42,57,38	3,0,1,0,4,2,1,4,4,1	1754	75
328	1,2,3,1,3,0,0,2,2,0	4,5,5,4,6,3,2,4,5,2	2,2,2,1,4,1,1,0,1,1	4,2,4,3,2,2,4,4,0,1	126	75
329	9,11,10,9,9,16,11,5,11,6	7,7,4,6,2,4,2,6,1,9	14,6,9,9,10,19,10,11,6,6	4,8,10,3,14,5,11,3,4,7	78	75
330	68,47,62,48,56,43,38,43,43,51	18,16,7,15,17,15,13,7,14,8	57,56,49,48,54,37,51,44,51,46	11,9,9,9,14,7,20,14,8,13	78	75
331	0,0,0,0,0,0,0,0,1,0	0,0,0,0,0,0,0,0,0,0	2,0,0,0,0,0,1,0,0,0	0,0,0,0,0,0,1,0,0,0	235	75
335	605,604,654,578,580,509,546,427,530,577	0,0,0,0,0,0,0,0,0,0	539,697,517,488,526,573,550,516,522,466	0,0,0,0,0,0,0,0,1,0	2248	75
337	0,0,0,0,0,0,0,0,0,0	0,3,3,1,0,0,1,1,0,3	0,0,0,1,0,0,0,0,0,0	0,0,1,0,1,0,0,2,1,0	92	75
339	421,458,514,440,436,475,375,354,435,432	7,8,13,5,5,6,9,4,6,7	447,429,446,418,454,457,492,442,457,432	8,11,12,5,11,10,11,7,15,10	84	75
340	0,2,0,0,0,1,2,2,0,1	386,378,363,357,368,370,337,292,331,353	1,1,1,0,0,0,0,2,0,0	375,388,324,374,353,360,364,346,348,312	88	75
341	110,97,104,91,83,82,89,93,80,89	18,15,20,22,11,7,13,11,13,14	95,108,96,85,99,106,97,103,119,107	14,32,13,8,10,23,16,27,13,4	83	75
342	11,14,14,15,14,10,7,11,14,9	88,61,73,61,58,66,66,60,71,64	11,11,14,15,11,16,23,19,13,7	43,70,76,69,65,71,70,72,68,74	81	75
343	6,1,5,2,4,2,3,5,3,4	48,49,48,45,31,53,47,59,44,45	2,3,7,3,1,3,7,6,5,2	49,44,39,40,37,52,49,54,58,45	78	75
344	0,0,0,0,0,0,0,1,0,1	0,0,1,1,0,0,0,2,1,1	0,1,0,0,0,0,3,3,2,0	0,0,0,0,1,0,0,0,0,0	78	75
345	831,770,827,766,716,754,670,576,682,754	3,6,7,6,4,7,4,2,4,5	720,840,666,680,660,671,780,695,707,673	7,6,6,4,7,9,3,8,3,3	2865	75
346	179,209,205,160,171,171,151,136,136,174	0,0,0,0,0,1,1,0,0,1	157,168,124,165,158,163,133,155,135,165	0,0,0,0,0,0,0,0,0,0	174	75
347	88,88,84,74,63,92,51,58,75,101	0,0,0,2,0,0,0,0,0,0	65,79,85,74,63,62,81,68,86,80	0,0,0,0,0,0,0,0,0,0	81	75
350	496,477,514,447,409,472,406,379,430,446	1,0,0,0,0,0,0,0,0,0	463,482,474,403,454,501,503,389,453,435	0,0,0,0,0,0,0,0,0,0	1301	75
351	0,0,0,1,0,0,1,0,0,0	28,37,20,20,26,33,33,25,21,45	0,0,0,0,0,0,1,0,0,0	25,27,22,26,37,26,29,22,33,12	104	75
353	6,10,15,7,10,8,7,9,8,12	30,19,30,25,29,28,26,25,34,31	3,9,7,11,8,8,13,6,10,7	33,42,26,27,34,38,32,27,34,25	111	75
354	19,36,39,26,20,25,28,29,33,20	11,18,9,11,19,12,15,13,13,16	44,26,24,29,25,25,35,32,20,30	16,10,9,8,23,10,17,18,10,18	78	75
355	2,9,5,3,3,0,2,5,0,4	0,0,0,0,0,0,0,0,0,1	4,3,3,5,5,4,3,1,3,5	0,0,0,2,0,1,1,0,0,1	81	75
356	14,12,15,13,13,17,5,13,10,20	0,0,0,1,0,0,0,0,0,0	12,18,29,17,7,12,12,31,27,26	0,0,0,0,0,0,1,0,0,0	99	75
357	16,17,16,16,13,18,6,13,11,23	0,0,0,0,0,0,0,0,0,0	15,21,32,19,10,14,13,38,34,28	0,0,0,0,1,0,0,0,0,1	122	75
358	2,5,1,4,0,1,1,0,1,3	0,0,0,0,0,0,0,0,0,0	3,3,3,2,3,2,2,7,7,2	0,0,0,0,1,0,0,0,0,1	98	75
359	15,16,7,15,13,16,11,5,4,9	8,13,8,11,4,14,3,12,3,5	11,15,25,16,16,6,4,21,13,21	14,10,21,10,7,9,8,29,19,27	84	75
360	72,82,71,72,80,73,58,75,65,63	0,0,0,0,0,0,0,0,0,0	75,63,73,70,68,72,85,57,97,70	0,0,1,0,0,0,0,0,0,0	1236	75
361	5,2,2,4,2,3,4,5,8,2	0,0,0,0,0,0,0,0,0,0	4,5,3,1,0,7,5,3,4,1	0,0,0,0,0,1,0,0,0,0	111	75
362	8,9,7,12,2,10,10,11,13,7	0,0,0,0,0,1,0,0,0,0	7,10,8,6,4,15,10,8,7,4	0,0,0,0,0,0,1,0,0,0	120	75
363	3,7,5,8,0,7,6,6,5,5	0,0,0,0,0,1,0,0,0,0	3,5,5,5,4,9,5,5,3,3	0,0,0,0,0,0,1,0,0,0	84	75
364	5,4,2,4,4,3,3,4,9,2	0,0,0,0,0,0,0,0,1,0	4,4,3,3,0,9,5,3,4,2	0,0,0,2,0,0,0,0,0,0	111	75
365	8,11,7,12,4,10,9,10,14,7	0,0,0,0,0,0,0,2,2,0	7,9,8,8,4,17,10,8,7,5	0,0,0,1,0,0,1,0,1,0	120	75
366	3,7,5,8,0,7,6,6,6,5	0,0,0,0,0,0,0,2,2,0	3,5,5,7,4,8,5,5,3,3	0,0,0,1,0,0,1,0,1,0	84	75
367	34,23,29,17,31,22,21,22,12,17	0,0,0,0,0,0,0,0,0,0	26,25,22,19,25,31,28,38,18,33	0,0,0,0,0,0,0,2,0,0	331	75
368	58,40,44,38,35,26,36,43,43,31	0,0,1,0,0,1,0,0,0,0	32,39,29,42,46,41,36,25,26,38	0,0,0,0,0,0,0,0,0,0	224	75
369	79,83,112,71,67,62,43,61,59,62	4,6,5,2,8,8,6,11,7,6	62,83,58,65,78,67,76,60,75,64	17,7,7,5,8,3,12,6,8,12	86	75
370	0,0,1,0,0,0,0,1,1,0	4,2,1,1,0,1,1,2,3,2	0,1,0,1,0,0,0,0,0,0	1,3,4,1,2,1,0,0,2,0	306	75
371	0,0,0,0,0,0,0,0,1,0	68,79,83,64,48,61,62,54,50,63	0,1,0,3,0,0,0,0,0,0	56,68,57,49,62,56,48,59,55,56	111	75
372	3,3,0,2,1,2,6,0,3,1	5,2,15,8,4,16,9,7,10,9	3,2,1,3,6,3,2,3,0,0	8,10,9,10,8,12,11,11,9,4	78	75
373	5,2,4,3,2,8,6,6,8,12	4,7,9,11,4,4,4,8,8,12	7,3,4,11,5,12,7,7,7,4	7,14,7,4,10,7,7,4,3,7	78	75
374	125,143,107,100,91,120,128,89,96,93	0,0,0,0,0,2,1,0,0,0	120,136,98,129,100,83,102,79,103,97	0,0,0,0,0,0,0,0,0,0	194	75
375	128,147,157,107,161,132,124,118,114,118	48,52,49,40,35,43,39,40,36,33	135,166,121,100,114,96,112,110,122,123	67,53,43,33,47,42,35,40,55,38	94	75
376	250,249,280,217,247,229,199,208,217,209	48,52,49,40,35,43,39,40,36,33	238,288,243,198,222,196,239,197,206,234	67,53,43,33,47,42,35,40,55,38	116	75
377	131,117,145,120,103,111,91,102,114,98	9,15,22,10,17,14,16,12,11,7	113,129,131,108,115,102,133,97,97,122	10,7,9,10,7,2,6,10,13,11	97	75
378	760,739,748,626,625,646,563,583,614,694	1,1,2,1,1,0,0,0,2,2	647,753,659,677,715,725,642,602,632,652	1,3,0,0,0,1,0,0,0,1	328	75
380	16,16,13,10,15,19,13,5,17,16	0,0,0,0,0,0,0,0,0,2	10,19,9,20,15,8,20,15,16,17	0,0,0,0,0,0,0,0,0,0	79	75
381	3,5,5,6,3,2,2,2,4,5	0,0,0,0,0,0,1,0,0,0	4,2,4,4,5,7,5,3,1,5	0,1,0,1,1,1,0,0,0,0	157	75
382	14,14,27,6,18,19,14,15,23,20	0,0,0,0,0,0,0,0,0,0	17,11,17,11,14,15,16,11,22,10	0,0,0,0,0,1,0,0,0,0	140	75
383	13,13,17,17,12,6,9,12,14,17	21,16,19,16,13,14,13,10,13,10	8,11,9,3,14,6,11,17,16,9	14,8,6,11,16,8,13,11,11,5	350	75
384	101,85,111,99,68,84,67,68,71,103	0,0,0,0,0,0,0,0,0,0	91,80,90,68,90,87,90,77,81,81	0,0,2,0,0,0,0,0,0,0	79	75
385	37,48,53,48,42,42,55,39,48,34	0,3,0,1,2,1,4,2,1,0	60,38,41,34,47,37,40,45,48,37	0,0,1,0,1,1,0,2,1,0	243	75
393	9,4,6,8,13,9,13,5,7,5	0,2,2,0,2,0,0,2,0,0	4,10,10,12,6,12,5,1,2,6	0,0,0,0,1,0,2,1,0,0	107	75
394	4,3,1,5,8,5,6,2,4,5	0,0,0,0,0,0,0,0,0,0	1,6,3,5,2,6,2,1,1,2	0,0,0,0,0,0,1,0,0,0	107	75
395	28,21,25,26,21,21,17,15,20,20	75,73,90,71,38,47,62,45,54,46	17,18,9,18,10,19,31,9,16,16	69,56,58,33,57,66,62,49,46,51	131	75
396	66,53,57,44,67,53,52,54,51,71	345,278,237,237,228,229,251,220,264,247	75,60,49,45,49,71,64,37,59,52	268,292,222,278,267,293,280,252,248,241	87	75
397	1,1,0,1,0,0,2,2,4,2	8,5,12,18,10,15,8,9,15,6	0,0,2,0,0,3,3,0,0,2	14,8,14,12,13,17,8,18,17,15	99	75
398	0,0,0,1,1,0,1,1,0,0	18,12,13,17,14,10,23,17,16,14	0,0,0,0,0,0,2,0,0,0	11,15,12,13,17,26,15,22,12,28	196	75
399	16,18,14,13,17,18,13,14,8,21	0,0,0,1,0,0,0,0,0,0	14,11,16,11,17,13,10,13,9,5	0,0,0,1,0,0,0,1,0,0	81	75
400	0,0,0,0,0,0,0,0,0,0	44,58,49,31,45,39,40,24,34,27	0,0,0,0,0,0,1,2,0,0	49,34,44,40,35,27,51,33,24,34	99	75
401	18,22,26,27,21,30,17,25,18,21	0,0,0,2,1,0,0,2,0,1	26,24,12,26,10,24,25,32,22,21	0,0,0,0,0,0,0,0,0,1	100	75
402	6,1,4,3,2,0,5,0,3,1	70,89,68,70,41,75,64,48,58,69	3,2,0,0,3,2,6,4,3,3	53,75,78,67,85,68,95,66,48,52	90	75
403	5,2,5,5,2,8,8,4,3,8	312,315,327,291,319,285,246,215,243,292	2,3,0,4,2,6,3,0,2,3	299,282,266,309,322,266,265,268,236,247	194	75
404	85,67,53,57,63,57,63,50,63,62	28,23,19,26,29,27,24,18,22,27	65,50,43,54,54,91,81,46,67,53	21,25,23,28,27,34,24,12,13,20	215	75
405	392,380,375,343,380,334,301,261,303,346	28,23,19,26,29,27,24,18,22,27	362,329,309,359,374,351,343,314,301,297	21,25,23,28,27,34,24,12,13,20	96	75
407	16,30,32,23,14,22,22,28,22,16	17,5,19,14,16,17,16,15,12,14	12,28,25,21,17,28,24,19,25,17	23,13,15,20,13,16,13,20,12,12	78	75
408	0,0,0,0,0,0,0,0,0,0	17,24,18,11,23,14,16,16,16,10	0,0,0,0,0,0,0,0,0,1	21,26,14,13,8,16,13,17,18,23	83	75
414	0,0,0,2,0,0,0,0,0,1	0,0,0,0,0,0,0,0,0,0	0,0,0,0,0,1,0,0,0,0	0,1,1,0,0,2,0,0,0,0	211	75
416	1,1,0,1,0,0,0,1,0,1	0,0,0,1,0,0,0,3,0,0	1,1,0,2,3,1,2,0,0,0	1,0,1,1,2,1,0,0,3,0	91	75
417	0,1,1,0,0,0,0,0,0,1	0,1,0,0,0,0,0,0,0,1	0,0,0,0,0,0,1,1,0,0	0,0,0,2,2,0,0,0,0,0	79	75
418	57,50,48,46,46,40,33,43,47,49	0,1,6,1,1,4,1,2,0,5	56,52,37,59,45,50,53,45,31,44	3,2,3,1,2,3,1,0,1,3	404	75
419	251,283,271,218,226,255,268,208,227,236	6,13,16,8,7,11,15,8,8,12	308,241,220,254,279,270,323,239,222,279	5,8,14,6,12,9,9,10,3,7	180	75
420	59,75,70,64,63,57,46,56,48,64	0,1,0,0,0,0,0,0,0,0	62,68,80,61,63,67,60,51,65,48	0,2,0,0,1,1,0,1,0,2	101	75
421	90,97,85,107,89,66,91,63,75,94	0,1,0,0,0,0,0,0,0,1	84,97,86,75,89,82,94,88,76,85	0,0,0,0,0,0,0,0,0,0	404	75
422	0,0,0,0,0,0,0,0,0,0	2,1,2,3,1,6,2,4,1,2	0,0,0,1,0,0,0,0,0,0	2,4,1,2,3,4,5,3,3,6	94	75
424	2,1,3,5,2,4,3,1,5,4	0,0,0,2,0,0,0,0,0,0	0,3,2,3,1,4,1,2,3,2	0,1,0,0,0,0,1,1,1,0	312	75
426	0,0,0,0,0,1,0,0,0,0	0,0,0,2,0,0,0,0,0,0	0,0,0,0,0,0,0,0,0,0	0,1,0,0,0,0,1,1,1,0	91	75
430	11,10,9,7,4,4,4,3,12,9	0,0,0,0,0,0,0,0,0,1	7,11,10,8,7,10,2,12,4,8	0,0,0,0,0,0,0,0,0,0	180	75
431	5,7,1,3,3,3,0,2,4,9	0,0,0,0,0,0,0,0,0,0	2,7,6,4,2,3,2,3,3,4	0,1,0,0,0,0,0,0,0,0	105	75
432	34,40,39,37,30,31,31,27,31,40	60,62,51,54,37,56,30,36,48,35	42,37,35,37,35,35,34,36,30,25	48,60,47,53,49,37,68,44,61,31	87	75
433	108,146,130,114,106,90,81,85,114,100	0,0,0,0,0,0,1,0,1,0	91,95,102,104,85,128,100,119,108,108	0,0,0,0,0,0,1,0,0,0	320	75
434	43,57,56,48,34,42,41,45,56,38	0,1,0,0,0,0,3,0,3,0	37,31,31,46,34,47,48,38,44,40	0,0,0,1,0,2,0,1,0,0	320	75
435	0,1,1,1,1,0,1,0,1,0	52,44,29,15,32,42,32,41,38,30	0,3,1,1,0,0,0,1,0,0	30,38,39,32,28,29,39,37,24,23	90	75
436	53,47,44,39,45,36,39,28,42,38	0,1,0,1,0,0,0,0,0,1	37,62,33,34,38,39,41,34,27,34	1,0,1,1,0,1,0,1,1,0	111	75
437	1208,1233,1156,1022,1017,1274,949,947,1032,1175	5,11,5,5,8,5,5,6,8,10	992,1153,1012,1045,1068,1115,1138,1112,1074,1007	3,9,5,4,9,2,13,2,6,9	94	75
438	337,350,350,308,271,351,307,274,335,323	0,0,0,0,0,0,0,0,0,1	327,313,340,309,347,388,339,383,351,322	0,0,0,0,0,0,0,0,0,0	354	75
439	4,17,4,6,7,10,7,5,12,12	16,12,18,10,11,13,12,9,19,13	7,7,7,7,12,8,11,7,8,5	8,25,14,10,15,18,12,14,10,9	78	75
440	72,59,88,57,64,44,59,65,65,70	0,0,0,0,0,0,0,2,0,1	46,55,61,68,53,72,67,61,40,58	0,0,0,0,0,0,1,0,1,0	597	75
441	19,16,24,23,16,29,36,8,22,13	34,32,48,37,40,46,39,35,38,43	19,16,15,13,21,24,21,19,18,17	29,42,33,33,28,36,43,35,43,40	125	75
442	7,10,14,10,6,18,21,6,10,9	1,0,2,1,3,1,1,1,1,0	9,8,5,10,8,9,10,10,10,10	0,1,1,1,0,0,0,1,0,1	125	75
443	1,0,1,3,3,2,0,2,3,1	14,7,8,5,12,4,7,10,8,8	2,4,1,2,2,2,1,1,3,4	10,7,12,7,3,10,9,8,7,7	91	75
445	1,0,0,0,0,0,0,0,0,0	2,8,14,15,9,17,13,6,6,7	1,0,0,0,0,0,0,0,0,0	8,14,9,6,4,7,17,10,5,10	88	75
446	1,0,0,0,0,0,0,1,1,1	0,0,0,0,0,0,0,0,0,0	1,0,0,0,0,0,0,0,0,0	0,1,0,0,0,0,0,0,0,0	78	75
448	61,57,62,46,58,67,59,61,60,68	3,3,5,2,5,6,8,1,4,5	58,76,66,66,77,49,54,49,64,61	6,4,7,4,10,5,4,5,4,4	78	75
449	77,78,78,78,81,55,96,91,75,73	33,49,38,32,43,37,36,38,16,42	63,94,57,83,72,72,64,62,88,91	48,33,33,40,44,40,33,24,40,32	964	75
450	0,0,0,0,0,0,0,1,1,0	12,8,15,5,8,3,10,10,14,2	0,0,0,0,1,0,0,0,0,0	5,11,5,6,8,9,11,8,8,7	111	75
451	0,0,0,0,0,1,1,0,0,0	12,9,10,10,5,7,9,7,7,12	3,0,0,0,0,1,0,0,0,0	10,6,10,7,10,10,5,8,6,7	128	75
452	8,6,4,13,10,9,8,4,8,13	3,4,2,6,1,3,5,2,2,2	7,16,7,19,18,12,8,10,9,7	2,3,1,0,4,2,1,6,0,4	78	75
453	7,6,8,7,11,6,11,9,12,7	0,1,1,0,1,1,0,1,0,0	7,4,5,7,12,11,5,15,7,7	1,1,3,0,1,1,2,0,1,0	81	75
456	2,3,5,1,0,8,7,2,3,4	10,12,6,9,13,11,14,11,5,8	3,0,2,3,7,2,5,2,3,4	10,14,9,10,8,8,10,8,13,15	136	75
459	0,0,3,1,1,2,0,1,0,1	28,32,20,28,29,23,18,22,23,24	0,0,0,1,1,1,1,2,0,1	25,32,25,19,16,25,22,21,20,16	95	75
460	16,7,28,18,11,18,12,12,14,19	0,0,0,1,0,0,0,1,1,0	8,14,18,9,26,20,9,4,14,8	0,1,0,0,0,0,0,0,0,0	84	75
461	35,34,25,33,35,32,34,31,28,22	1,0,1,0,0,0,0,0,0,2	36,30,34,28,33,36,29,39,20,32	0,0,1,0,0,0,2,1,1,2	78	75
463	2,0,0,0,0,0,0,0,0,0	2,1,0,0,3,0,0,3,0,0	0,0,0,0,0,0,0,0,0,0	1,1,3,2,1,0,1,1,0,1	127	75
464	88,110,123,132,98,122,82,77,84,102	0,2,0,1,0,0,0,0,0,0	98,103,97,82,118,104,91,110,106,100	0,0,0,0,0,0,0,0,0,0	139	75
465	248,245,288,319,242,286,230,192,183,231	19,21,30,26,28,22,23,7,17,15	230,247,239,214,252,283,258,266,273,226	22,19,21,16,36,22,23,17,13,25	139	75
466	217,196,220,184,187,202,184,152,189,166	5,2,4,3,6,1,3,1,2,5	182,222,183,163,184,175,170,186,183,158	0,6,0,0,3,3,4,4,0,2	126	75
470	0,0,1,0,1,0,0,0,0,1	80,88,99,70,79,72,69,69,68,75	0,0,0,0,0,0,0,0,1,0	69,104,76,62,84,87,70,81,76,70	192	75
471	249,240,184,198,226,229,120,167,197,241	0,0,0,0,0,1,0,0,0,0	219,162,202,228,133,142,180,215,192,169	0,0,0,0,0,0,0,0,0,0	190	75
472	5,3,4,0,3,0,0,5,3,4	1,0,0,0,0,1,0,1,0,0	1,9,2,2,1,1,4,0,2,0	0,0,0,0,0,0,0,0,0,0	78	75
473	174,149,153,142,131,138,111,124,98,115	3,10,11,8,9,3,9,4,2,8	134,153,106,126,141,118,155,147,131,160	5,7,13,1,6,6,4,7,2,8	114	75
474	64,52,57,43,41,43,29,53,39,44	0,0,0,1,0,0,0,0,0,0	46,44,33,46,49,38,61,49,53,52	0,0,0,0,0,0,0,0,0,0	114	75
475	71,54,55,46,46,53,33,52,45,47	0,0,0,1,0,0,0,0,0,0	47,49,34,52,51,42,69,48,51,60	0,0,0,0,0,0,0,0,0,0	199	75
476	194,182,158,151,162,159,133,139,116,139	0,0,0,1,0,0,0,0,0,0	139,182,129,155,149,128,159,166,164,167	0,0,0,0,0,0,0,0,0,0	270	75
477	9,4,1,6,6,10,6,3,6,6	2,2,3,3,1,0,2,4,0,3	4,5,6,7,6,6,9,0,3,9	3,0,5,1,4,2,1,1,5,1	160	75
478	132,132,104,111,122,116,106,90,77,98	2,2,3,3,1,0,2,4,0,3	96,138,101,110,104,92,99,118,116,116	3,0,5,1,4,2,1,1,5,1	231	75
479	127,130,104,107,117,110,102,88,74,96	4,2,1,2,1,4,2,1,3,4	92,133,97,104,98,88,93,118,113,109	0,0,2,1,0,2,3,0,0,2	146	75
480	32,32,45,25,29,36,23,20,22,28	0,1,0,0,0,1,0,0,1,0	38,32,42,27,40,28,34,28,38,37	0,1,1,1,1,0,0,0,0,2	80	75
481	39,40,36,38,49,29,48,28,42,35	214,163,198,154,154,186,140,154,157,164	37,33,33,47,36,27,28,31,56,27	152,151,207,169,181,190,159,139,158,138	282	75
482	145,133,155,140,150,145,140,123,118,138	58,50,51,51,52,55,40,40,35,44	152,154,134,163,114,149,142,140,183,127	56,55,39,41,42,58,42,48,55,52	81	75
483	66,61,45,50,47,46,37,44,45,58	179,176,162,149,133,135,142,120,146,141	39,50,58,48,52,41,42,46,58,68	128,149,162,146,163,164,132,129,141,145	88	75
484	70,74,62,81,73,68,45,68,73,75	0,1,0,0,0,0,0,0,0,0	76,81,73,74,69,75,75,73,71,65	1,0,0,1,0,0,0,0,0,0	225	75
485	10,6,5,11,4,13,4,5,7,5	61,67,57,71,61,61,37,51,67,64	10,13,8,14,2,7,9,11,11,7	70,71,57,62,61,63,60,62,56,54	107	75
486	4,2,4,2,3,0,4,0,2,2	43,50,49,54,28,42,32,39,40,38	3,1,6,3,1,2,1,3,2,4	49,50,36,35,33,38,35,30,36,34	97	75
487	21,18,16,16,12,15,16,13,20,18	0,0,0,0,0,0,0,1,1,0	19,18,22,28,21,25,17,19,18,21	0,1,0,0,0,1,0,0,0,0	86	75
488	65,65,63,54,55,43,68,43,45,56	0,0,0,1,0,0,0,0,0,0	60,57,43,52,53,56,67,58,53,56	0,1,0,0,2,0,0,1,0,0	300	75
489	65,65,68,55,55,44,71,43,45,56	0,0,0,0,0,0,0,0,0,0	61,60,45,52,56,57,67,58,54,57	0,1,0,0,0,0,0,0,0,0	311	75
490	0,0,5,2,0,1,3,0,0,0	0,0,0,0,0,0,0,0,0,0	1,4,2,0,5,1,0,1,1,1	0,1,0,0,0,0,0,0,0,0	86	75
491	12,19,11,9,9,13,13,7,18,19	14,8,8,6,11,10,12,7,15,6	20,16,18,11,13,10,12,11,14,17	15,14,12,16,13,13,8,10,17,8	86	75
492	63,71,53,41,39,53,54,56,39,74	4,3,5,0,4,3,10,5,4,3	55,70,32,50,45,51,55,53,54,61	3,1,1,3,0,0,4,1,0,2	78	75
493	4,6,4,5,0,4,5,1,7,2	0,0,1,1,0,0,0,0,0,0	2,12,4,2,3,3,1,6,3,5	0,0,0,0,0,0,0,0,0,0	79	75
494	5,6,2,5,6,1,3,6,4,3	2,1,0,1,0,2,0,0,0,1	12,11,0,3,4,7,2,6,7,6	2,0,2,0,3,0,1,3,1,3	81	75
498	82,67,80,53,76,99,59,59,65,70	2,0,1,4,3,4,1,2,3,1	81,68,75,70,68,58,79,81,67,55	2,1,9,3,1,4,2,3,7,4	132	75
499	73,67,62,44,86,60,50,49,60,64	0,0,1,0,2,0,0,0,0,2	67,84,63,73,61,65,84,63,61,58	0,1,0,0,0,0,0,1,0,0	149	75
500	308,316,325,245,248,351,264,208,247,246	1,0,1,1,2,1,0,0,0,0	296,260,264,198,273,252,265,211,237,257	0,0,0,0,1,0,0,0,1,0	379	75
501	0,0,1,0,0,0,0,0,0,0	17,18,9,16,8,11,17,7,17,25	0,0,0,0,0,0,0,0,0,0	14,12,12,10,13,25,25,15,10,9	92	75
502	17,12,26,24,16,12,19,16,16,16	0,0,0,0,0,0,0,0,0,0	22,18,14,10,15,31,10,19,25,14	0,0,0,0,0,0,0,1,0,0	77	75
503	4,8,7,5,5,6,7,4,13,7	10,8,6,4,9,11,18,3,4,7	2,6,6,3,6,5,9,4,3,3	2,10,3,9,5,7,15,7,5,7	97	75
504	16,17,17,15,15,22,15,21,21,11	0,0,0,0,0,3,0,0,0,0	12,15,15,22,18,12,18,10,10,13	0,0,0,0,0,0,0,0,0,0	199	75
507	81,101,83,69,72,73,62,74,50,66	4,1,2,0,1,4,2,1,1,3	75,93,75,61,65,48,50,62,87,65	1,4,4,2,3,0,1,1,6,2	128	75
508	29,24,21,26,26,20,12,16,15,23	0,0,0,0,1,0,0,0,0,0	19,31,23,24,28,17,24,26,23,27	0,0,0,0,0,0,0,0,0,0	138	75
510	3,5,1,1,1,0,0,0,3,3	41,46,39,55,41,36,36,39,25,32	1,1,1,2,0,1,2,1,0,2	36,33,45,40,42,43,39,36,34,36	246	75
511	8,5,1,8,7,1,4,1,5,7	0,0,0,0,0,0,0,0,0,0	6,9,7,2,5,5,11,5,5,5	1,0,0,0,0,0,0,0,0,0	123	75
512	201,238,232,213,205,216,185,184,212,195	0,2,0,2,4,0,1,1,2,1	239,220,186,182,217,232,200,186,210,201	1,0,1,0,1,0,0,2,2,0	340	75
513	14,17,17,22,17,14,17,2,12,14	42,54,46,57,39,52,38,33,41,24	16,19,12,17,12,12,7,9,13,10	57,53,40,39,47,27,43,37,38,41	130	75
514	0,0,0,0,0,0,0,0,0,1	36,42,46,39,68,60,37,33,38,48	0,2,0,0,0,1,1,1,1,1	40,40,37,33,36,37,48,48,26,45	170	75
515	1,0,0,0,0,0,0,0,0,0	34,37,33,41,32,27,13,33,34,28	0,0,0,1,2,0,0,0,0,0	42,32,28,34,24,30,32,29,29,32	89	75
516	17,9,6,8,15,10,3,8,7,15	0,0,0,0,0,1,0,0,0,0	8,13,9,10,11,8,3,10,8,8	1,0,0,0,0,0,0,0,0,0	106	75
517	74,73,58,73,82,78,50,63,60,73	0,0,0,0,0,1,0,0,0,0	68,73,60,57,77,84,53,73,66,68	1,0,0,0,0,0,0,0,0,0	147	75
518	44,40,30,36,54,30,25,34,32,31	0,0,0,0,0,1,0,0,0,0	41,45,28,27,46,44,26,33,37,29	1,0,0,0,0,0,0,0,0,0	178	75
519	59,65,52,65,67,68,47,55,56,59	2,1,0,0,0,0,0,0,3,1	63,62,52,47,66,76,51,66,59,61	3,2,1,0,0,0,1,3,1,1	116	75
520	29,32,24,28,39,20,22,26,28,17	2,1,0,0,0,0,0,0,3,1	36,34,20,17,35,36,24,26,30,22	3,2,1,0,0,0,1,3,1,1	147	75
521	2,1,2,0,2,0,0,2,3,0	32,34,30,37,30,48,25,31,31,42	4,1,3,0,1,0,5,4,0,0	31,29,35,30,32,40,32,44,29,39	106	75
522	7,7,5,5,6,4,3,3,4,1	24,40,32,36,37,29,27,25,27,41	5,6,5,2,4,5,3,5,1,3	30,39,23,24,23,29,36,16,19,24	92	75
524	115,104,94,111,77,101,75,79,112,94	0,1,2,0,0,1,1,0,2,3	98,101,100,95,85,88,83,103,86,114	1,0,2,1,0,1,2,0,0,0	235	75
525	124,113,152,98,101,90,99,98,116,121	2,0,2,0,0,1,1,1,1,0	101,124,110,122,124,101,105,82,138,120	2,1,0,2,0,2,3,1,0,2	398	75
526	24,21,9,17,12,12,9,12,15,13	1,2,1,0,0,2,0,0,1,1	16,15,20,12,13,11,8,27,11,22	1,3,1,5,1,1,0,1,3,0	101	75
527	12,9,10,11,8,5,2,10,7,3	7,6,4,3,2,4,5,8,7,7	10,6,8,8,8,9,21,3,6,4	4,9,5,13,3,7,5,5,2,4	78	75
528	19,24,25,20,18,32,24,23,27,30	4,4,0,3,0,1,3,1,9,2	19,33,15,27,26,28,20,26,33,28	4,1,5,1,3,0,3,2,1,1	168	75
530	54,49,66,48,49,52,44,33,37,41	0,0,0,0,1,1,0,0,0,0	54,53,67,53,49,58,50,43,35,36	0,2,0,0,0,1,1,1,0,0	79	75
531	6,1,4,8,5,4,9,1,6,6	0,0,0,0,0,0,0,0,0,0	6,2,5,6,10,4,5,4,6,4	0,1,1,0,2,1,0,0,0,0	79	75
533	28,29,32,27,32,17,35,19,21,31	18,19,20,21,17,16,18,12,20,10	30,32,27,34,30,40,25,24,21,28	13,17,16,23,15,22,18,19,25,12	161	75
534	2,1,0,0,1,2,2,0,2,0	0,0,0,0,0,0,0,0,0,0	4,2,0,3,0,2,0,0,0,3	0,0,1,0,0,0,0,0,0,1	79	75
536	53,44,43,52,40,48,37,29,31,45	0,2,0,0,0,3,1,2,0,0	40,50,44,39,44,31,34,35,34,29	2,0,1,0,2,1,2,1,0,0	120	75
537	4,5,5,3,7,2,6,3,3,4	0,0,0,0,0,0,0,0,0,0	4,1,5,4,3,4,4,3,2,3	1,0,0,0,0,0,0,0,1,0	122	75
538	10,18,18,10,8,11,12,7,13,12	1,0,1,2,1,0,0,3,3,1	18,10,16,10,17,12,12,6,7,18	1,0,0,0,0,1,0,1,0,1	122	75
540	1,3,1,0,0,1,0,0,0,0	13,18,17,15,19,12,8,11,12,12	0,1,7,0,2,3,2,1,0,1	9,11,20,9,16,15,14,11,14,16	93	75
541	2,0,3,3,4,6,2,3,3,5	2,3,2,2,1,2,1,0,1,0	5,3,2,1,2,2,2,2,1,0	0,4,3,1,0,0,1,1,2,1	80	75
546	18,13,10,13,3,9,10,14,18,8	55,21,40,42,37,27,22,32,41,37	12,11,7,12,7,9,13,12,9,17	35,46,31,36,34,41,33,35,42,35	367	75
548	4,2,8,10,4,2,7,2,6,5	0,0,0,0,0,0,0,0,0,0	4,3,0,2,4,4,5,3,5,4	0,0,0,0,0,0,1,0,0,0	80	75
549	20,9,14,6,13,7,7,7,10,13	1,2,2,1,0,0,1,0,1,4	10,5,10,8,12,1,8,8,9,10	0,1,0,0,3,1,0,0,2,1	98	75
552	30,25,22,30,18,15,23,20,20,19	0,0,1,0,0,0,0,0,0,0	18,31,23,15,24,27,15,21,26,13	0,0,0,0,0,0,0,0,0,0	82	75
553	25,31,19,36,18,27,13,16,18,19	0,0,3,0,2,0,0,3,0,3	28,21,27,30,27,23,18,20,18,18	0,1,0,0,3,1,1,0,1,0	130	75
555	19,12,9,12,4,6,16,4,13,7	1,0,0,0,0,0,0,0,0,1	14,14,13,11,10,9,10,14,6,8	0,0,0,0,0,0,0,0,0,0	79	75
556	4,2,1,1,1,2,1,0,4,3	0,0,2,0,1,0,1,0,2,1	0,5,0,3,2,3,2,1,0,5	0,0,0,0,0,2,1,0,0,0	79	75
557	2,0,0,0,0,0,0,2,3,0	274,223,233,208,196,171,194,175,208,224	2,0,0,2,0,0,2,0,0,3	230,227,199,200,231,204,230,191,227,213	93	75
558	16,23,23,22,21,19,21,20,30,22	21,30,24,28,23,15,29,16,31,17	34,15,22,12,20,24,20,18,27,12	18,23,24,34,23,22,28,23,34,9	78	75
559	3,2,8,7,7,2,8,5,2,7	5,7,5,2,1,2,5,3,2,6	8,1,7,7,5,8,4,5,3,4	4,3,0,3,5,3,8,2,2,3	78	75
560	24,25,14,24,14,24,26,25,24,29	34,32,38,35,21,37,24,30,29,26	17,21,28,20,31,27,28,18,15,17	32,34,28,33,21,29,25,35,20,24	99	75
562	1,1,0,3,2,0,2,0,1,1	0,1,0,0,1,0,0,0,2,1	1,1,0,2,0,2,0,0,1,1	0,0,0,1,1,0,0,0,0,0	271	75
563	0,1,0,0,0,0,0,0,0,0	1,0,0,1,1,0,0,1,0,0	0,0,0,0,0,0,0,0,0,0	0,2,0,0,0,1,0,1,0,1	78	75
564	17,7,13,15,17,11,8,9,22,12	6,16,14,8,13,8,5,3,8,6	19,14,13,12,10,14,11,20,12,7	16,13,17,5,10,11,9,12,20,12	94	75
565	6,5,8,7,10,4,2,4,12,5	14,17,11,7,14,9,18,11,13,13	8,7,2,4,2,2,5,3,7,3	10,10,12,11,8,11,9,7,13,12	94	75
566	177,174,178,149,152,165,139,137,169,176	70,67,69,61,64,63,48,43,49,71	139,159,151,167,183,167,174,184,141,165	57,55,46,61,52,60,56,56,59,69	78	75
567	1101,903,1138,1061,1018,1073,931,1016,996,1075	27,29,27,28,34,27,42,23,28,31	1100,1570,987,990,879,1260,1045,1066,1157,881	34,34,30,26,31,35,34,38,23,31	836	75
568	4,1,2,2,2,2,0,2,2,2	0,1,0,0,0,0,0,0,0,0	1,1,5,1,1,1,2,6,3,2	0,0,0,2,0,0,0,0,0,0	184	75
573	1,0,0,2,0,0,2,3,0,1	5,7,8,10,6,11,8,8,9,11	0,0,1,0,1,0,0,0,0,2	5,16,5,7,6,14,12,5,3,5	91	75
584	235,223,248,171,197,184,112,163,224,131	48,49,68,41,50,44,27,51,43,33	187,232,132,167,175,166,194,125,154,149	62,61,32,34,44,37,42,31,39,56	78	75
585	151,106,111,113,126,135,91,88,92,97	30,15,28,26,19,25,10,19,26,18	160,120,112,120,125,120,112,114,134,124	22,21,32,28,20,26,20,21,36,14	78	75
586	3,2,6,9,7,7,5,5,7,4	178,144,168,146,173,156,127,172,137,169	5,6,3,9,5,5,6,8,7,5	172,167,168,169,146,169,171,167,144,122	227	75
587	47,45,49,40,46,29,46,37,35,40	33,28,33,36,29,33,32,19,20,23	36,45,25,44,50,39,58,36,46,33	29,29,25,29,36,31,38,27,38,30	135	75
588	51,53,54,42,56,31,50,39,39,41	5,4,8,6,7,14,13,6,9,4	40,49,29,47,51,44,60,40,47,42	5,8,12,7,3,5,12,4,9,4	138	75
589	37,36,38,38,39,35,36,21,24,24	5,4,8,6,7,14,13,6,9,4	33,33,29,32,37,36,40,31,39,39	5,8,12,7,3,5,12,4,9,4	78	75
590	110,108,109,86,90,93,88,64,103,80	76,84,63,58,69,63,58,57,50,64	107,101,91,109,75,81,95,112,127,103	56,84,70,77,64,55,52,81,65,61	128	75
592	55,39,39,55,62,50,39,33,53,53	4,0,0,0,1,0,0,0,1,0	53,58,49,50,45,37,48,48,50,45	0,1,0,0,0,1,0,0,0,0	183	75
593	4,5,9,4,6,3,5,8,2,3	19,14,11,10,8,14,16,15,18,17	7,3,5,4,8,8,0,4,4,2	14,17,5,8,9,9,10,8,6,9	96	75
594	4,2,8,4,5,2,5,8,1,2	0,0,1,1,0,1,0,2,0,0	6,2,6,4,6,7,0,4,4,2	0,1,1,0,1,0,0,0,0,1	96	75
595	13,5,10,7,9,6,6,11,3,5	0,0,1,1,0,1,0,2,0,0	10,2,6,6,10,9,4,8,4,2	0,1,1,0,1,0,0,0,0,1	114	75
596	9,3,2,3,4,4,1,3,2,3	0,0,0,0,0,0,0,0,0,0	4,0,2,2,4,2,4,4,0,0	0,0,2,0,0,0,0,0,0,0	93	75
597	279,261,294,243,254,225,201,197,200,257	57,72,57,65,58,55,53,40,51,63	240,237,217,228,213,224,212,169,230,188	61,64,45,45,56,54,61,42,49,54	78	75
598	0,1,4,2,2,2,0,7,1,6	229,214,239,190,188,177,160,140,184,204	2,2,5,3,5,4,4,1,2,4	211,173,219,159,216,193,170,158,201,147	84	75
599	0,0,1,0,0,0,0,0,1,0	2,0,0,0,0,0,0,0,0,0	1,0,0,0,1,2,0,0,0,2	0,0,1,0,0,0,0,0,0,0	224	75
602	30,16,16,18,17,29,17,15,19,21	12,9,12,6,13,10,11,5,16,8	18,15,16,11,17,17,24,24,19,18	7,14,6,6,16,13,12,9,14,13	141	75
603	2,1,7,1,0,2,1,2,2,1	0,0,0,0,0,0,0,0,0,0	1,0,0,0,0,1,1,5,0,2	0,1,0,0,0,0,0,0,0,0	100	75
604	139,122,158,141,135,149,133,137,116,108	0,0,0,0,0,0,2,1,0,1	123,143,125,122,129,144,147,149,152,136	1,1,0,0,1,0,0,0,1,0	303	75
606	52,61,57,53,55,51,60,31,45,54	1,0,0,0,0,0,1,0,0,0	51,45,31,38,58,48,60,56,41,51	1,0,0,1,0,0,0,0,2,0	1257	75
607	16,18,31,30,29,35,28,15,27,23	1,1,2,0,0,1,0,1,0,1	20,30,29,26,25,35,37,25,19,16	3,0,1,2,0,0,0,0,2,0	140	75
608	1,5,2,5,4,3,4,1,5,3	2,3,5,4,6,2,6,6,3,7	1,2,2,2,4,4,1,4,3,2	5,8,9,4,2,6,8,9,3,6	78	75
610	0,1,0,0,0,0,0,0,1,0	0,0,0,0,0,0,0,0,0,0	0,0,0,0,0,1,0,0,0,0	0,1,0,0,0,0,0,0,0,0	128	75
611	10,9,15,9,8,2,10,10,16,9	0,0,1,0,1,0,0,0,0,0	6,13,6,7,8,12,12,10,9,4	0,0,1,0,0,0,0,0,0,0	78	75
613	15,4,12,2,11,2,5,6,6,10	0,0,0,0,0,0,0,0,0,0	6,14,6,7,5,11,5,1,1,3	0,1,1,0,0,0,1,0,0,0	81	75
616	4,0,2,1,2,1,5,1,5,2	138,180,159,116,119,114,118,116,132,114	3,1,2,2,1,1,3,2,2,2	145,139,115,110,107,118,154,121,123,106	96	75
617	38,37,38,40,40,30,43,45,33,30	56,46,73,45,37,28,47,35,45,32	40,41,36,36,53,40,49,47,35,31	57,31,50,40,46,54,54,31,47,53	78	75
618	2,0,1,2,0,0,0,0,0,0	1,0,0,0,0,0,0,0,0,0	0,0,1,0,0,0,1,0,0,0	0,0,0,0,0,0,0,0,0,0	78	75
619	9,13,20,17,14,17,8,6,12,15	0,1,0,3,0,0,0,0,0,0	10,12,6,13,11,6,9,13,12,14	0,1,2,0,1,1,0,2,1,0	78	75
620	13,13,16,14,11,11,8,15,14,10	0,0,0,0,0,0,0,1,0,0	16,26,15,8,11,11,10,10,9,6	0,0,0,0,0,0,0,0,0,0	78	75
621	323,324,333,327,270,311,280,223,252,297	144,164,146,155,116,166,114,106,133,111	291,252,281,247,287,321,265,219,271,216	134,137,133,107,165,131,138,128,118,142	78	75
623	1,0,1,1,1,1,0,1,0,1	0,1,3,1,4,2,0,1,3,0	0,0,2,0,0,1,1,0,0,1	4,4,1,2,2,0,6,1,2,3	78	75
625	29,27,36,28,34,18,19,20,29,28	1,4,1,1,0,1,1,0,2,3	23,29,33,18,24,29,32,18,39,22	1,0,0,0,0,1,0,1,3,2	160	75
626	193,204,193,144,116,175,169,132,144,146	8,5,5,3,1,8,5,2,1,7	186,185,129,125,180,172,182,150,142,183	3,1,2,6,6,5,3,2,4,4	80	75
627	12,3,4,5,3,9,5,7,3,7	0,1,0,0,0,0,0,0,0,0	6,10,5,5,6,5,4,5,5,9	0,0,0,0,2,1,0,0,0,0	80	75
628	0,4,2,1,7,2,3,3,1,3	0,0,0,0,0,0,0,0,0,0	3,9,5,5,1,3,2,4,1,5	1,0,0,0,0,1,1,0,0,0	80	75
629	8,8,7,2,10,8,3,9,6,7	5,1,0,4,2,0,2,4,4,3	6,9,8,3,6,4,5,6,2,4	0,2,2,0,1,1,1,2,2,0	78	75
630	55,54,54,53,79,55,47,40,44,66	0,0,1,2,0,0,0,0,2,2	67,64,45,48,52,51,56,38,62,50	1,0,0,1,1,0,0,2,0,1	175	75
631	0,2,5,0,1,3,3,2,0,1	141,148,140,141,113,105,113,97,130,126	3,2,0,2,3,0,4,0,1,4	155,137,130,108,135,143,138,105,94,115	137	75
632	0,2,1,1,4,0,3,8,6,2	0,0,0,0,2,0,0,0,0,0	2,0,0,4,1,2,5,1,3,2	0,0,0,0,0,0,0,0,0,0	217	75
633	3,1,6,3,5,1,5,4,4,3	1,0,0,1,1,0,0,0,0,0	1,2,1,2,2,2,5,3,2,1	0,0,0,0,0,0,0,0,0,0	79	75
634	33,21,18,25,26,25,26,25,22,37	2,12,6,2,6,5,5,8,4,8	23,31,17,17,18,19,28,16,26,17	3,4,4,6,6,3,2,2,6,3	80	75
635	34,41,35,33,37,35,29,28,32,55	75,85,76,42,67,66,51,57,57,69	33,34,38,33,51,33,40,37,29,31	48,54,62,75,46,78,70,55,47,47	78	75
636	119,108,104,116,92,92,97,94,69,101	185,216,224,232,175,202,156,167,185,169	111,81,95,79,127,82,87,108,116,79	176,163,188,156,166,190,169,175,182,124	102	75
637	98,105,79,72,72,102,71,69,67,66	2,7,6,3,2,6,6,4,4,12	79,81,72,80,84,86,103,83,72,68	5,3,3,6,1,6,3,0,8,6	81	75
639	0,0,0,0,0,0,0,0,0,0	0,0,0,0,1,0,0,0,0,1	0,0,1,0,0,0,0,0,0,0	0,0,0,0,0,0,0,0,0,0	100	75
640	0,0,0,0,0,1,1,0,1,0	121,96,107,105,83,92,99,86,95,81	0,0,0,0,1,1,3,2,0,0	82,102,70,86,101,105,126,89,71,100	80	75
641	7,3,4,6,4,5,5,4,15,6	2,1,4,0,3,4,2,1,1,1	7,9,9,6,5,12,14,3,3,7	4,4,4,4,1,1,1,2,3,2	78	75
642	59,57,44,39,43,53,46,51,44,34	8,7,11,9,9,11,11,12,13,7	33,27,51,51,45,57,58,42,37,46	11,12,4,13,13,9,16,8,8,10	90	75
644	0,2,0,0,1,0,0,0,0,1	0,1,1,3,0,1,0,2,1,1	0,0,0,0,0,2,0,0,0,0	0,3,1,1,0,1,1,0,1,1	78	75
645	23,20,14,18,17,11,14,7,21,8	64,44,45,34,32,39,32,32,38,30	19,15,7,16,8,18,16,24,14,12	50,62,33,47,40,47,48,36,34,45	78	75
646	1,0,0,0,2,3,1,0,1,2	8,8,6,2,6,4,3,1,4,1	0,3,0,0,1,1,0,1,0,0	1,4,7,9,2,4,1,3,6,1	78	75
647	1927,1970,2031,1823,1745,1946,1682,1482,1621,1606	0,0,0,0,0,0,0,0,0,0	1858,1888,1873,1806,1872,1843,1915,1722,1729,1693	1,0,0,0,0,0,0,0,0,0	324	75
648	2409,2405,2459,2143,2211,2347,2044,1731,1960,2041	3,1,2,1,1,5,5,1,2,2	2255,2327,2350,2206,2290,2280,2381,2261,2224,2093	1,2,3,0,4,5,4,1,1,1	621	75
649	25,19,17,19,22,17,23,21,20,14	92,95,104,82,88,87,84,84,95,73	32,16,16,20,9,11,12,25,23,24	96,88,82,84,95,100,105,95,112,81	1012	75
652	2,0,0,0,1,1,1,0,0,0	4,4,3,3,2,2,3,1,1,3	0,1,1,2,2,0,0,2,0,1	2,1,1,2,3,2,3,1,4,1	162	75
653	0,0,0,0,0,1,1,1,0,0	48,43,47,50,48,42,35,32,48,36	0,1,0,0,0,0,0,0,1,0	51,52,43,50,57,68,62,68,49,48	135	75
654	247,219,227,188,206,193,188,173,188,214	10,10,18,9,17,7,8,7,13,8	197,219,208,204,193,191,202,163,200,159	6,8,11,6,9,24,7,9,6,3	105	75
655	1,0,2,0,0,0,0,0,1,0	165,175,180,129,124,121,123,121,121,133	0,0,0,1,0,0,0,0,2,0	119,142,130,142,141,135,139,138,128,119	157	75
656	57,52,73,69,61,55,40,45,59,65	119,124,143,127,121,96,118,138,127,131	58,40,63,56,53,65,61,52,54,55	118,132,119,140,147,169,159,129,139,144	78	75
657	184,190,165,174,168,177,139,171,163,140	1,2,1,5,3,2,1,1,3,0	164,194,205,181,169,180,157,160,175,180	0,1,2,1,2,1,1,2,0,0	96	75
658	0,0,0,2,2,0,0,2,1,2	208,202,228,169,176,170,169,172,148,173	1,0,4,0,0,0,0,1,0,4	173,206,158,170,188,196,210,189,168,161	167	75
659	295,256,255,237,257,229,198,208,224,237	3,1,8,5,4,2,3,5,5,1	249,259,229,214,220,256,249,254,253,225	6,3,3,3,6,4,3,0,4,2	95	75
660	2,2,0,2,2,0,1,2,0,1	0,5,4,5,7,5,5,6,7,5	1,1,0,0,1,0,2,1,2,0	4,12,4,6,7,3,5,7,4,5	95	75
661	13,16,7,3,6,14,15,9,13,6	4,6,2,2,5,3,8,3,5,2	10,10,7,10,15,8,12,6,4,9	5,3,3,2,2,1,1,3,1,1	191	75
662	81,69,70,78,82,63,66,73,63,63	1,0,1,1,0,0,2,0,1,1	65,79,73,51,78,72,82,58,65,57	1,0,2,0,1,0,0,3,0,0	80	75
663	48,52,60,57,49,67,57,52,64,49	0,0,0,0,0,0,0,0,0,0	62,53,40,54,45,62,67,58,51,55	0,0,0,0,1,0,1,0,0,0	3084	75
664	60,61,57,52,49,41,41,47,39,43	0,0,0,0,0,0,0,0,0,0	47,49,58,48,55,35,60,54,39,57	1,0,0,0,0,0,0,0,0,0	363	75
665	79,74,75,71,67,69,63,66,71,64	0,0,1,0,1,0,1,1,0,1	62,71,80,72,77,51,85,77,57,70	0,0,1,0,1,0,0,0,0,0	466	75
666	19,13,18,19,18,28,22,19,32,21	0,0,1,0,1,0,1,1,0,1	16,22,22,24,22,16,25,23,18,13	0,0,1,0,1,0,0,0,0,0	178	75
667	21,14,20,20,20,33,24,20,34,25	10,8,8,11,7,8,3,7,9,14	16,26,23,25,24,19,26,24,20,14	9,8,10,8,7,8,11,9,4,5	178	75
668	16,18,10,8,13,12,14,15,7,8	30,21,43,25,31,25,29,25,27,28	7,15,9,14,8,7,11,13,13,22	30,38,27,27,26,39,29,28,34,41	190	75
669	93,84,102,101,71,100,73,80,80,78	0,0,0,0,0,0,0,0,0,0	82,108,75,74,64,98,96,83,85,73	1,0,0,0,0,0,0,0,0,0	169	75
670	110,92,70,77,80,82,79,73,64,77	0,2,1,1,0,1,0,1,0,0	78,86,69,59,79,93,89,71,62,67	0,2,1,0,0,1,1,1,2,1	82	75
672	161,210,185,153,182,166,124,141,162,157	1,0,0,0,2,2,4,1,2,1	157,202,144,132,161,151,172,161,176,132	3,1,2,2,2,0,3,1,2,3	249	75
673	0,0,2,0,0,1,0,0,0,0	50,48,45,42,40,61,43,46,30,38	0,0,0,0,2,1,0,0,0,0	38,47,28,35,62,58,40,45,51,25	213	75
675	107,82,71,81,51,76,74,67,69,75	0,1,0,0,0,0,0,0,0,0	77,72,82,74,64,92,87,78,75,89	0,0,0,0,0,0,0,0,0,0	114	75
676	4,4,5,1,3,2,6,5,5,7	1,0,0,0,0,0,0,0,0,0	4,5,1,4,2,4,5,6,2,3	0,0,0,0,0,0,0,0,0,0	398	75
678	1,2,0,0,3,1,3,1,1,1	109,105,115,100,90,96,92,84,68,90	2,0,2,2,0,1,1,2,1,5	84,122,87,79,96,96,95,92,107,72	129	75
679	0,0,0,0,0,0,0,0,0,0	3,8,6,4,1,2,6,6,3,3	1,0,1,0,0,0,2,2,0,1	0,13,2,6,2,3,3,2,2,1	103	75
683	7,6,4,10,5,2,7,3,11,3	14,28,18,27,12,22,16,4,17,16	3,2,5,9,3,20,9,8,5,9	22,27,20,18,19,12,19,19,14,16	203	75
684	119,127,120,105,103,123,92,115,127,93	14,11,9,12,20,4,7,5,13,11	90,134,113,109,105,126,146,116,135,138	6,10,8,14,5,12,10,23,12,23	472	75
685	0,0,2,0,0,1,0,1,1,0	3,1,0,1,4,3,1,2,2,1	1,0,1,0,0,0,1,1,0,3	1,3,0,0,2,1,2,1,0,3	121	75
686	2,0,0,0,0,0,1,0,2,2	0,0,0,0,1,0,0,0,0,0	0,0,0,1,1,0,0,0,0,1	0,0,0,0,0,0,0,1,0,0	153	75
687	26,40,36,29,36,40,29,21,28,32	7,5,5,9,5,3,6,7,0,10	35,45,31,37,34,29,37,39,41,31	3,7,10,6,6,5,7,7,6,3	80	75
688	5,6,4,3,8,7,7,10,4,6	0,1,1,0,0,3,1,0,0,0	5,7,5,8,5,5,4,8,9,7	0,0,3,2,3,0,0,0,0,0	78	75
692	9,9,6,7,16,8,13,9,11,17	19,19,20,15,18,12,12,17,11,10	9,13,11,5,11,7,1,6,3,10	13,19,15,12,22,17,16,9,24,12	315	75
693	5,4,6,5,5,4,1,3,5,2	10,10,7,9,8,9,9,9,9,4	7,6,4,3,4,4,2,6,0,1	12,8,10,4,12,7,13,7,8,9	104	75
694	14,5,5,8,13,9,6,7,7,7	8,10,10,8,7,16,5,6,6,9	6,6,11,9,11,10,13,9,9,6	7,11,6,10,7,11,12,2,11,6	133	75
696	58,55,43,41,48,40,38,34,50,45	1,0,0,0,1,0,0,1,0,0	38,55,41,39,42,35,42,49,51,50	0,0,2,0,0,0,1,0,1,0	104	75
697	111,95,138,94,94,101,76,101,100,120	0,0,0,0,0,1,1,0,0,0	92,120,95,81,86,91,89,123,86,98	0,1,0,0,0,0,0,2,0,3	680	75
698	94,78,107,100,79,85,78,76,77,96	0,2,0,2,0,1,0,0,0,0	83,104,104,89,76,84,86,85,68,81	0,1,0,0,0,0,0,0,0,0	109	75
699	1,1,1,1,0,0,1,0,0,0	0,0,1,0,0,0,0,1,1,0	0,1,0,1,1,0,0,0,1,2	0,0,0,0,0,0,1,0,0,0	97	75
700	2,0,1,1,4,1,3,0,3,0	11,10,7,10,6,4,1,15,7,7	3,3,0,1,1,3,0,4,0,3	8,2,10,7,9,5,10,7,7,5	80	75
701	168,146,131,142,129,138,110,133,118,142	11,11,8,11,7,6,3,5,7,6	132,136,132,138,158,161,183,132,143,129	2,8,7,8,8,7,6,9,8,6	125	75
704	147,154,152,125,125,122,108,114,112,138	205,219,220,218,188,207,194,171,208,190	125,108,124,148,137,139,150,116,133,122	191,232,164,194,203,210,200,166,183,208	87	75
705	76,69,61,60,52,65,56,48,69,43	4,15,15,9,15,13,9,12,8,13	47,82,54,68,57,87,69,93,48,70	11,17,17,6,20,14,9,14,15,20	78	75
706	299,315,307,247,225,283,246,242,198,264	82,91,99,68,58,93,82,81,75,102	270,286,232,228,294,280,274,207,213,235	77,104,79,73,70,89,109,78,77,86	78	75
707	30,32,23,27,19,36,19,25,28,38	0,0,0,0,0,0,0,0,0,1	35,28,36,25,25,25,25,17,24,23	0,0,0,0,0,0,0,0,0,0	86	75
708	0,0,0,2,0,0,2,0,3,4	22,12,14,13,12,24,10,8,16,20	1,2,0,1,1,1,2,7,2,2	15,16,16,12,16,9,8,11,10,12	360	75
709	0,0,0,0,0,0,0,0,0,1	0,0,0,0,0,2,0,0,0,0	0,0,0,0,0,0,0,1,0,0	0,0,1,0,0,1,0,0,0,1	130	75
710	8,7,16,11,13,16,5,9,11,13	9,7,17,14,7,9,7,9,6,7	7,8,15,11,8,4,12,9,10,4	7,13,15,10,11,15,2,12,11,7	78	75
711	25,22,34,23,23,28,18,16,25,26	0,0,2,0,0,1,0,0,1,0	21,20,32,33,23,15,23,23,23,15	0,0,0,0,0,0,0,0,0,0	116	75
712	26,22,35,26,17,21,20,16,20,20	0,0,2,0,0,1,0,0,1,0	21,25,32,32,26,26,13,26,24,18	0,0,0,0,0,0,0,0,0,0	113	75
713	0,0,0,2,1,0,0,1,0,1	31,34,21,24,25,26,16,19,28,26	3,4,1,2,2,3,0,1,2,2	26,33,20,23,25,24,16,16,22,20	84	75
714	6,7,6,12,6,5,5,7,7,13	0,0,1,0,0,0,0,0,0,0	6,4,7,10,4,8,7,5,6,3	0,0,0,0,0,0,1,0,0,0	166	75
715	64,79,63,76,65,65,52,41,39,65	2,0,2,4,0,1,1,1,3,0	50,76,72,64,70,48,56,75,67,59	0,2,2,3,4,1,1,2,1,2	80	75
716	313,333,267,257,270,317,224,218,266,258	0,0,0,0,0,0,0,0,1,0	251,278,264,266,268,276,290,276,260,248	0,0,0,0,0,0,0,0,0,0	144	75
717	949,844,857,802,777,844,709,766,763,774	176,166,152,141,119,141,132,158,135,127	833,805,733,788,858,823,893,817,812,754	151,160,145,150,154,155,153,146,138,118	111	75
718	100,88,85,86,90,91,78,57,62,84	4,4,2,2,1,4,1,4,1,5	79,95,82,79,103,86,85,85,77,69	5,0,2,2,5,2,3,0,1,3	83	75
719	4,2,4,4,4,6,12,8,6,7	14,15,10,10,13,13,11,10,28,14	7,5,2,3,6,3,12,5,10,3	12,16,15,21,8,9,21,14,26,25	141	75
720	7,19,7,8,10,7,15,5,7,5	2,6,1,4,1,3,1,1,1,0	3,8,9,13,10,9,14,13,10,5	2,1,3,3,7,4,1,3,2,2	119	75
721	69,53,66,37,33,44,34,43,36,42	0,0,1,0,1,2,0,0,0,0	49,37,47,43,52,53,55,50,43,38	0,0,2,1,0,2,0,1,0,0	132	75
722	223,229,265,196,198,235,191,187,195,191	42,38,38,25,45,40,47,31,50,41	226,216,229,236,228,218,234,248,235,220	38,37,51,34,33,47,30,44,39,47	78	75
723	20,29,23,16,23,22,13,21,22,17	2,3,1,1,4,0,2,2,0,4	18,29,16,17,14,38,20,26,16,24	1,1,2,4,0,3,1,1,0,7	93	75
724	7,8,5,5,7,12,11,13,9,14	4,4,1,0,1,2,2,4,0,1	10,10,8,10,7,10,16,9,11,7	1,5,4,3,2,2,1,0,0,2	117	75
725	5,9,12,4,3,6,7,5,6,13	10,12,4,12,7,10,5,9,10,7	9,10,8,5,5,8,2,5,9,5	3,6,5,9,4,10,11,12,10,9	78	75
726	1,0,1,3,0,1,1,2,3,1	0,2,2,2,1,1,2,2,0,0	0,3,2,1,0,3,0,1,1,0	1,1,2,4,2,0,3,0,1,2	78	75
727	5,0,8,6,3,6,5,2,4,5	1,0,0,1,3,2,0,1,0,1	1,3,1,1,1,3,2,7,2,1	1,0,2,1,0,0,2,2,0,0	78	75
728	0,3,0,0,0,0,1,0,1,1	1,0,0,1,0,0,1,0,2,0	2,0,0,1,0,0,0,0,0,0	1,0,0,0,1,0,1,0,0,0	78	75
729	0,0,0,0,0,0,2,0,0,0	0,0,0,0,1,0,0,0,1,0	1,0,0,0,1,0,0,0,0,0	0,0,0,0,0,0,0,0,0,0	78	75
732	5,3,4,8,5,8,2,8,11,11	0,0,0,1,0,0,0,1,0,0	6,3,6,8,4,5,2,3,4,3	0,0,0,0,0,0,0,0,1,0	120	75
733	60,47,31,47,28,42,22,40,40,36	160,150,161,151,135,161,142,133,100,158	48,33,34,28,36,32,39,32,41,25	146,165,157,142,151,129,141,113,149,164	78	75
734	132,136,160,119,134,149,115,120,89,120	3,5,2,4,1,1,1,1,1,1	129,150,125,130,109,123,116,111,136,122	4,2,2,2,2,0,0,1,6,4	111	75
735	184,183,219,174,187,218,169,144,198,182	5,3,2,4,9,2,3,1,9,6	165,203,169,174,187,206,187,188,171,152	5,2,4,4,6,4,5,5,5,2	125	75
736	77,97,88,84,63,82,65,76,54,65	3,1,1,1,0,0,0,1,1,2	60,49,75,78,87,70,64,79,81,67	0,0,1,2,0,2,4,1,4,1	79	75
737	33,47,38,53,36,44,54,34,41,40	0,0,1,0,0,0,0,0,0,0	31,36,35,36,32,37,27,37,41,32	0,0,0,1,0,0,0,0,0,0	633	75
738	36,40,48,38,30,29,25,33,39,30	0,0,1,2,4,2,4,1,2,0	27,28,30,26,42,39,29,33,40,38	0,2,0,1,0,0,1,2,1,0	127	75
739	8,6,6,5,3,4,3,14,5,7	0,0,0,0,0,0,0,2,0,0	4,7,8,6,6,11,8,13,4,6	0,0,0,0,0,0,0,0,0,0	105	75
741	7,8,9,9,8,1,4,4,3,5	4,1,3,0,3,4,1,2,3,0	4,7,4,3,3,4,2,0,7,4	3,7,1,2,3,5,3,2,0,0	78	75
742	0,0,0,0,0,0,0,1,0,2	4,8,9,4,6,13,1,12,6,8	1,1,1,0,0,0,0,0,0,0	7,4,8,6,10,6,8,7,4,5	177	75
743	0,0,0,0,0,0,1,0,0,0	41,32,37,37,49,31,13,23,20,22	0,1,0,1,0,0,0,2,2,0	30,31,30,27,27,39,35,24,19,15	87	75
745	1,7,7,6,0,1,3,2,2,3	201,195,196,250,169,215,189,173,196,189	4,8,7,5,1,8,9,8,3,6	201,230,215,177,170,237,185,173,221,167	142	75
746	1,1,1,2,0,0,1,0,0,2	0,0,0,0,0,0,0,0,0,0	0,1,1,0,1,0,0,1,0,2	0,0,0,1,0,0,0,0,0,0	93	75
747	88,88,87,69,77,75,81,69,80,70	0,0,0,0,0,1,3,0,1,2	68,77,90,83,85,73,104,69,76,60	2,0,0,0,1,0,2,0,0,0	127	75
748	47,42,40,43,62,50,54,32,43,34	8,10,10,8,7,2,12,6,3,2	59,65,42,56,48,40,45,55,53,63	6,9,8,15,5,4,9,9,9,5	114	75
749	13,8,5,19,21,9,15,15,18,5	23,33,29,21,31,21,19,17,27,38	9,10,24,15,4,11,21,13,18,15	21,26,30,28,29,21,24,25,22,25	156	75
750	26,22,10,31,35,30,24,20,28,11	0,0,0,0,0,0,0,1,0,0	14,25,42,30,15,20,31,26,26,23	0,1,0,0,0,0,1,0,0,0	196	75
751	36,47,34,33,45,42,28,22,37,44	0,0,0,0,0,0,0,1,0,0	26,41,48,43,40,30,34,38,30,33	0,1,0,0,0,0,1,0,0,0	115	75
752	20,14,13,10,13,9,22,11,16,17	11,8,10,16,10,12,12,16,18,8	17,12,9,14,15,19,15,13,11,15	7,25,13,8,12,10,12,18,7,14	81	75
754	3,2,2,3,0,2,1,3,2,2	0,0,0,1,1,0,1,0,0,0	2,0,4,3,0,1,0,1,1,0	0,0,0,0,1,0,0,0,0,0	78	75
755	17,14,15,4,22,11,8,11,9,14	1,1,3,0,1,1,4,0,1,2	16,16,9,10,10,10,15,20,9,13	1,1,1,2,1,2,1,2,1,0	80	75
756	58,44,46,39,33,42,45,34,32,51	2,3,7,8,4,4,7,9,2,7	51,30,27,31,32,44,52,29,38,44	8,1,2,3,3,1,4,1,4,5	83	75
757	6,10,11,4,3,6,7,5,4,16	0,0,0,0,0,0,0,0,0,0	7,8,7,7,13,6,10,5,9,9	1,0,0,0,0,0,0,0,0,0	83	75
758	63,65,51,53,55,43,46,56,59,61	2,0,1,1,1,1,2,2,0,2	53,57,52,50,52,51,65,64,66,62	1,1,0,1,0,0,0,1,2,1	79	75
759	6,1,4,4,3,3,3,1,0,6	4,14,14,9,8,6,10,10,10,6	1,4,5,3,8,2,5,2,3,5	7,15,4,13,9,14,4,5,11,10	1062	75
760	2,7,1,2,2,5,2,3,0,1	16,19,8,4,4,8,5,4,7,12	2,2,0,3,1,0,4,0,0,4	12,18,9,8,13,9,8,5,7,7	102	75
761	3,1,1,3,1,0,2,2,0,2	165,157,196,145,177,167,131,125,165,185	2,0,1,1,2,1,2,3,3,3	145,175,172,144,167,156,184,155,157,163	112	75
762	2,3,2,2,1,2,7,0,1,1	181,188,197,206,178,185,170,159,143,138	2,5,3,3,1,4,2,3,0,0	177,200,166,170,180,193,142,191,186,142	90	75
763	370,408,435,339,365,322,291,279,317,349	1,2,5,3,3,1,1,0,3,2	341,355,376,307,357,345,382,322,337,272	3,1,1,0,1,2,2,2,4,1	79	75
765	23,45,60,38,45,51,44,33,50,43	0,0,1,0,0,1,0,0,1,1	51,48,40,47,39,43,46,42,34,37	1,0,1,0,0,0,1,0,0,1	78	75
766	4,0,2,2,6,1,2,6,3,6	0,0,0,1,1,0,0,0,0,0	3,3,1,3,4,1,6,2,0,3	0,0,0,0,0,2,0,0,1,0	78	75
767	0,0,1,0,0,0,0,0,0,0	0,1,0,0,0,2,1,0,1,0	0,0,0,0,0,0,0,0,0,0	0,0,0,3,0,1,3,1,0,1	78	75
768	5,4,8,4,6,4,10,5,5,9	1,0,0,1,0,3,0,2,1,0	9,1,11,5,5,7,3,6,4,4	1,0,3,1,2,1,0,1,0,0	80	75
769	30,21,31,22,23,28,18,14,18,19	0,1,0,0,0,0,0,0,0,0	12,12,22,27,21,25,24,15,19,15	0,0,0,0,0,0,0,0,0,0	286	75
770	66,49,31,42,43,37,40,29,47,47	0,0,0,0,0,1,0,0,0,0	35,27,40,41,25,46,41,33,44,41	0,0,0,0,0,0,0,0,0,0	122	75
771	60,54,55,38,41,37,28,40,47,32	0,0,0,0,0,0,0,0,0,0	35,50,46,44,41,50,44,38,41,51	0,1,0,0,0,0,0,0,0,0	282	75
772	178,160,166,143,131,122,125,124,136,123	0,0,0,0,0,0,0,0,0,0	142,149,153,139,136,154,145,120,149,129	0,1,0,0,0,0,0,0,0,0	505	75
773	118,106,111,105,90,85,97,84,89,91	0,0,0,0,0,0,0,0,0,0	107,99,107,95,95,104,101,82,108,79	0,0,0,0,0,0,0,0,0,1	298	75
774	13,11,8,15,9,8,10,8,8,7	3,0,1,0,1,0,4,1,1,3	7,9,8,5,8,11,6,7,16,10	1,1,3,0,0,1,0,0,1,3	93	75
775	63,69,54,60,52,49,58,53,56,46	3,0,1,0,1,0,4,1,1,3	60,57,60,59,58,55,51,47,70,45	1,1,3,0,0,1,0,0,1,3	103	75
776	52,61,48,47,46,42,48,49,48,40	2,3,2,2,3,1,0,4,0,1	55,51,52,56,51,44,46,42,58,39	2,3,0,2,1,0,1,2,4,4	85	75
777	46,49,33,25,34,45,38,27,31,40	8,4,4,10,4,5,3,1,4,6	33,47,29,34,48,31,30,34,26,36	4,4,7,5,15,9,5,5,9,2	80	75
778	0,0,0,0,0,0,0,0,0,1	0,1,2,0,1,0,0,2,0,0	0,0,0,0,0,0,0,0,0,0	2,2,1,1,1,1,0,0,1,1	78	75
779	11,12,12,13,13,7,10,7,17,4	0,0,0,0,0,0,0,0,0,0	7,9,0,9,8,7,12,5,2,9	0,0,0,1,0,0,0,0,0,0	116	75
780	80,54,57,47,52,69,39,36,52,56	2,3,8,1,0,1,1,1,2,5	53,36,59,46,58,64,54,42,43,58	0,4,1,0,1,0,1,0,0,2	78	75
781	5,7,10,1,1,3,4,4,3,3	1,0,0,0,1,0,0,2,0,0	6,7,7,3,1,7,9,5,1,3	0,0,0,0,0,1,0,0,0,0	78	75
783	5,7,3,2,2,5,7,4,2,3	0,1,1,0,0,0,0,0,0,0	4,2,6,2,7,4,8,1,2,2	1,0,0,0,0,0,0,0,0,0	155	75
784	76,73,94,89,60,87,61,79,72,78	1,1,0,0,2,2,1,0,1,0	84,92,78,67,62,80,72,76,95,82	3,0,2,0,2,1,0,0,0,1	146	75
785	158,183,195,195,170,170,156,146,158,171	4,11,13,7,8,9,6,5,8,6	164,203,158,168,169,158,185,182,183,178	10,10,9,12,10,11,9,7,5,13	146	75
787	6,10,9,6,2,7,3,7,4,7	42,33,21,31,30,37,43,45,29,45	6,8,2,2,7,3,2,7,5,4	28,40,23,21,32,39,28,32,50,24	112	75
788	11,12,15,11,12,9,17,12,17,15	23,21,26,12,20,13,14,15,17,28	6,21,13,12,11,9,6,11,15,6	23,19,17,15,12,25,18,13,17,18	78	75
789	21,28,19,34,29,24,31,23,20,15	2,3,1,2,2,8,2,3,4,0	25,32,17,18,31,30,21,22,29,24	0,4,3,1,6,1,1,0,0,1	80	75
790	107,97,100,91,94,100,106,105,99,104	1,0,0,0,0,0,0,0,0,0	77,165,81,110,82,109,119,86,78,100	0,0,0,0,1,0,0,0,0,3	135	75
791	0,0,0,0,0,0,0,0,0,0	45,37,70,36,45,43,46,56,40,37	0,0,0,0,0,1,0,0,0,1	48,82,21,52,35,50,40,34,42,24	138	75
792	7,6,9,1,3,5,1,4,6,4	0,0,0,0,0,0,0,0,0,0	2,9,5,4,4,12,1,1,2,7	0,0,0,0,0,1,0,0,0,0	132	75
793	40,37,40,36,32,29,43,29,28,28	0,0,0,0,0,0,0,0,0,0	32,37,27,14,29,32,44,28,36,27	0,0,0,0,0,0,0,1,0,0	81	75
795	42,52,57,48,51,59,60,60,41,48	1,0,0,0,0,0,0,1,0,1	44,64,42,51,38,65,61,40,55,31	0,0,0,0,0,0,0,0,0,1	118	75
796	60,58,67,67,44,19,46,59,49,47	0,0,0,0,0,0,0,0,0,0	52,55,37,42,53,31,46,38,44,42	0,0,0,0,0,0,0,0,0,1	807	75
799	105,103,109,94,107,81,81,88,85,96	2,4,2,2,0,1,3,4,3,1	95,93,101,96,107,66,73,88,84,88	2,2,1,3,1,3,1,3,1,0	1815	75
800	12,11,10,6,8,5,13,5,9,7	23,26,15,26,18,21,18,13,18,14	3,16,11,5,8,18,17,10,10,8	14,19,19,20,16,15,23,18,14,12	78	75
802	0,0,0,0,0,1,0,0,0,0	0,0,0,0,0,0,0,0,1,0	0,0,0,0,0,0,0,0,0,0	0,0,0,0,0,0,1,0,0,0	91	75
804	154,164,148,149,126,165,118,143,148,145	2,0,0,0,1,2,1,0,1,2	151,145,152,128,157,140,161,140,121,136	0,0,0,1,0,2,2,0,2,1	79	75
805	7,12,20,17,11,8,8,14,15,13	0,1,1,0,1,1,0,2,0,0	6,18,5,12,5,13,16,7,14,8	0,0,0,0,1,0,0,0,0,1	120	75
806	72,72,71,71,73,78,77,67,64,78	5,3,6,4,3,6,4,3,7,6	68,77,59,86,70,69,64,54,56,68	2,4,3,5,4,4,5,5,6,11	2288	75
807	13,18,18,14,21,13,13,14,19,19	71,64,62,59,53,50,48,44,64,60	12,17,9,14,18,13,17,12,20,13	49,67,30,43,47,51,48,53,53,33	93	75
809	0,0,0,0,0,0,0,0,0,0	0,0,0,1,0,0,0,0,0,0	0,1,0,0,0,0,0,0,0,0	0,0,0,0,0,0,0,0,0,0	78	75
812	37,28,30,29,40,28,32,25,39,45	1,1,3,3,4,1,1,4,3,4	20,50,22,27,21,28,22,19,19,31	1,0,3,2,2,2,1,0,2,2	184	75
814	0,0,0,1,0,0,0,0,0,1	1,7,0,0,1,0,3,2,2,0	0,0,0,0,0,0,0,0,0,0	0,0,0,3,0,1,2,1,3,1	105	75
815	4,1,0,5,1,2,1,3,3,3	0,0,0,1,0,0,1,0,2,0	0,4,0,3,0,0,4,3,1,0	0,5,2,4,2,0,0,2,3,2	82	75
816	2,5,1,3,0,1,2,1,2,3	40,32,41,28,42,36,37,32,41,25	1,2,4,0,1,3,2,1,1,4	27,45,26,31,37,33,28,28,46,41	119	75
817	33,26,20,19,23,25,22,20,24,23	0,0,0,0,2,0,0,0,0,1	13,23,28,18,24,22,17,26,18,20	1,1,0,2,2,1,1,1,0,0	98	75
819	99,62,103,79,83,67,73,82,57,74	4,0,6,3,3,3,0,1,2,2	80,79,68,61,97,89,89,75,66,54	2,4,8,1,0,0,2,8,4,2	224	75
820	128,112,142,125,107,106,97,89,125,109	0,2,7,5,4,2,5,2,3,3	154,116,120,111,117,113,115,104,113,86	1,4,1,2,3,1,3,5,0,1	210	75
821	69,80,69,73,67,66,52,56,65,64	1,0,0,0,0,0,0,0,0,0	69,58,60,61,71,64,73,58,81,54	0,0,0,0,0,0,0,0,0,0	78	75
822	0,0,0,0,0,0,0,0,0,0	1,3,1,1,1,0,2,2,4,1	0,0,0,0,1,0,0,0,0,0	0,2,1,0,1,0,1,3,2,0	87	75
824	3,1,2,8,5,5,2,0,3,1	26,18,21,11,12,20,22,8,10,14	4,4,4,4,0,4,2,1,7,2	12,15,15,16,19,20,22,15,25,18	574	75
825	14,4,7,8,8,16,10,14,9,8	1,0,3,2,5,1,3,6,2,5	9,7,12,11,10,11,8,7,10,12	2,6,3,0,3,5,2,5,4,2	281	75
826	16,6,11,8,9,17,13,20,12,8	6,0,2,4,2,6,1,2,0,3	9,9,14,14,12,13,9,10,10,14	5,1,2,4,2,2,8,1,1,4	317	75
827	3,2,7,2,6,2,6,12,5,5	6,0,2,4,2,6,1,2,0,3	2,8,5,3,5,7,3,8,4,4	5,1,2,4,2,2,8,1,1,4	111	75
828	34,21,27,22,34,28,13,26,42,32	1,2,1,0,0,0,0,0,1,1	32,25,23,40,34,36,26,18,21,30	0,0,0,0,1,0,0,4,1,1	81	75
830	46,56,59,47,41,34,41,43,42,35	5,8,10,6,4,12,6,5,6,6	39,44,44,42,45,37,55,48,37,36	4,12,14,13,7,8,15,10,5,4	207	75
831	75,82,93,75,80,66,65,76,66,57	14,18,22,16,12,15,10,13,19,20	80,77,79,61,73,63,68,78,76,70	15,16,18,18,12,13,13,15,22,12	207	75
832	46,52,57,46,41,31,43,45,41,35	63,91,67,63,61,65,47,51,60,70	40,45,44,44,43,37,58,46,39,36	57,59,52,64,58,47,66,57,61,64	207	75
834	18,29,25,22,18,22,23,18,22,22	6,3,6,3,3,3,1,2,4,2	17,21,15,20,17,30,14,24,18,21	7,9,3,2,6,5,6,4,7,5	78	75
836	1,0,0,0,0,0,0,0,0,0	26,24,29,36,26,22,29,18,34,29	0,0,0,0,0,0,1,1,0,0	42,23,30,18,36,33,26,26,27,26	93	75
837	2,0,3,1,1,4,3,0,0,4	3,0,1,1,1,1,2,0,1,1	1,1,0,1,2,1,1,2,3,2	2,0,0,0,0,1,1,1,1,1	95	75
840	26,22,28,25,30,26,25,19,20,14	8,5,9,8,6,7,7,9,7,3	26,21,29,32,25,23,26,21,21,17	9,6,6,14,8,12,5,10,6,6	84	75
841	4,8,2,0,0,1,4,1,4,3	28,26,31,31,28,29,28,33,25,17	1,3,3,4,3,1,1,3,3,3	20,40,32,27,25,26,37,31,25,19	90	75
843	70,86,83,63,65,77,61,69,90,67	0,2,0,0,0,0,0,0,0,0	79,66,71,85,58,70,52,52,77,54	0,0,0,0,0,0,0,0,0,1	267	75
844	103,87,103,61,80,89,73,67,84,96	238,236,270,205,259,232,202,205,250,226	108,81,96,113,99,85,91,79,85,62	217,247,235,237,228,276,259,211,206,186	78	75
845	244,264,301,254,253,242,194,240,263,261	1,0,1,0,0,0,0,0,0,0	235,257,241,266,251,271,253,208,241,214	0,0,0,0,0,1,0,0,1,0	79	75
846	6,9,3,8,4,7,6,11,5,4	1,2,1,1,1,0,2,1,1,0	4,2,9,5,10,5,10,3,2,11	0,1,2,3,0,1,1,2,0,1	78	75
847	20,18,21,11,28,18,15,22,19,14	1,0,0,1,2,0,0,0,0,1	17,13,13,13,29,13,23,26,15,15	1,0,0,0,0,1,2,2,0,3	78	75
855	155,133,120,128,101,126,112,100,121,101	8,4,8,9,11,5,9,11,20,8	117,122,98,120,131,130,159,116,124,122	5,12,12,11,10,3,5,5,12,7	201	75
857	31,42,55,45,56,29,36,34,40,63	4,0,1,4,1,2,3,4,1,0	35,53,53,36,52,29,39,36,39,37	0,1,0,1,2,3,1,1,2,3	80	75
858	1,0,3,3,3,4,6,1,5,2	1,3,3,2,2,2,2,2,5,3	4,1,1,1,4,4,1,3,0,1	0,2,1,7,2,1,1,4,0,0	123	75
859	2,0,4,2,4,3,8,2,3,2	1,3,3,2,2,2,2,2,5,3	4,3,1,2,4,4,1,2,2,1	0,2,1,7,2,1,1,4,0,0	173	75
860	3,0,6,17,6,7,13,10,7,7	1,3,3,2,2,2,2,2,5,3	6,8,4,9,9,8,4,4,2,4	0,2,1,7,2,1,1,4,0,0	537	75
861	1,0,3,0,1,0,2,1,0,0	0,0,2,1,0,1,0,0,2,0	0,2,0,1,0,1,0,0,2,0	0,0,0,0,0,1,0,1,0,0	125	75
862	2,0,5,15,3,4,7,9,4,5	0,0,2,1,0,1,0,0,2,0	2,7,3,8,5,5,3,2,2,3	0,0,0,0,0,1,0,1,0,0	489	75
863	1,0,4,15,2,4,5,8,4,5	0,0,2,0,0,0,0,0,0,0	2,5,3,7,5,4,3,2,1,3	0,0,0,0,0,0,0,0,1,0	439	75
864	4,0,5,17,5,6,12,10,7,6	0,0,0,0,0,0,0,1,0,0	6,8,4,5,10,8,4,4,2,3	0,1,0,0,0,1,0,0,0,1	537	75
865	10,14,15,14,12,12,12,5,9,9	0,2,0,0,0,0,0,1,0,0	10,1,18,9,11,3,5,12,12,11	0,1,0,0,0,0,0,0,0,0	80	75
866	33,40,27,20,27,24,13,16,31,15	25,28,19,15,12,19,24,16,22,25	21,24,22,30,24,32,23,26,28,37	19,12,20,25,25,28,18,21,25,15	78	75
867	22,20,15,15,15,17,18,13,16,18	0,0,1,0,0,0,0,0,0,0	7,23,12,19,21,14,14,15,18,8	1,0,0,0,0,0,0,0,0,0	80	75
869	0,0,0,0,0,1,2,0,0,0	42,58,40,42,34,35,39,33,42,38	0,0,1,1,0,1,0,0,0,0	22,37,41,41,49,40,48,34,27,31	78	75
871	3,0,0,0,0,1,2,0,0,0	19,21,19,17,15,15,16,13,22,12	1,0,1,0,1,0,0,1,0,3	10,16,14,17,21,19,19,21,10,19	117	75
872	48,52,34,44,45,37,41,24,41,42	1,1,1,0,0,2,2,0,1,1	36,41,32,40,31,25,52,34,32,45	2,2,1,0,0,2,1,1,0,0	171	75
873	35,43,32,37,38,33,31,22,32,34	1,1,1,0,0,2,2,0,1,1	30,34,24,37,28,23,46,26,26,37	2,2,1,0,0,2,1,1,0,0	196	75
874	0,2,7,3,4,3,3,1,3,1	13,11,9,10,11,7,13,3,12,9	1,2,3,4,3,3,3,0,2,1	7,9,11,7,6,5,9,8,8,9	100	75
875	35,42,25,36,35,31,28,24,29,33	0,0,0,0,0,0,0,0,0,0	30,35,21,35,28,21,43,26,25,37	0,0,1,0,0,0,0,0,0,0	196	75
876	5,3,4,7,2,7,4,4,3,5	221,206,228,173,197,244,212,191,163,225	4,2,7,6,6,1,0,4,5,4	177,253,195,190,189,183,174,163,216,136	89	75
877	1,4,1,2,0,0,0,0,0,0	42,43,56,40,32,37,39,35,37,43	0,1,1,1,3,1,0,1,0,0	50,34,34,46,43,42,28,48,30,47	92	75
878	2,0,0,1,1,5,2,1,0,3	46,42,45,38,53,39,29,50,50,42	2,2,0,1,1,0,2,3,1,0	37,53,53,37,47,71,44,51,56,36	123	75
880	1,0,2,1,2,1,4,0,3,1	9,12,17,19,14,13,17,13,17,19	1,1,4,1,1,3,0,3,2,1	15,16,17,20,15,17,10,13,10,9	202	75
881	406,404,388,296,328,293,295,350,372,339	6,9,7,5,6,10,4,10,13,7	364,358,312,351,379,356,360,328,388,292	8,7,4,4,5,5,9,11,10,7	78	75
882	40,32,36,32,32,37,23,34,35,28	0,3,0,0,0,1,1,0,2,0	25,41,19,34,37,50,38,28,29,26	1,3,2,0,1,1,6,1,0,0	78	75
883	14,14,13,24,19,17,14,27,19,12	12,9,17,12,10,9,9,8,10,10	16,17,15,21,19,16,29,23,23,17	12,6,15,14,12,20,13,10,3,10	78	75
885	38,41,39,47,31,44,54,55,45,61	1057,935,1132,1106,1018,1032,1303,1262,1121,1182	32,75,49,36,36,75,50,33,25,31	735,2036,929,807,660,1645,1020,788,708,784	141	75
886	13,14,15,7,12,6,8,11,6,15	0,0,0,0,0,0,0,0,0,0	11,14,10,4,7,5,9,5,12,13	0,0,0,1,0,0,0,0,0,0	116	75
887	93,71,86,69,60,60,65,66,70,57	53,57,69,60,62,41,47,51,58,60	72,71,74,72,84,81,68,75,54,60	56,68,59,46,51,71,74,59,48,52	108	75
888	93,71,86,69,60,60,65,66,70,57	15,14,16,6,13,15,12,7,13,15	73,71,74,72,84,81,68,75,54,60	15,25,14,13,18,11,14,22,16,14	111	75
889	53,57,69,60,62,41,47,51,58,60	15,14,16,6,13,15,12,7,13,15	57,68,59,46,51,71,74,59,48,52	15,25,14,13,18,11,14,22,16,14	78	75
890	0,2,3,2,2,2,0,2,0,1	0,0,0,0,0,0,0,0,0,0	0,4,0,4,2,0,5,1,1,2	0,0,0,0,0,0,0,1,2,1	78	75
891	61,58,35,33,44,30,26,39,44,43	0,0,0,0,0,0,0,0,0,0	40,36,51,43,45,51,46,27,50,33	1,0,0,1,0,0,0,0,0,0	282	75
892	0,0,0,0,1,0,0,0,0,0	0,0,0,1,1,0,0,1,0,0	0,0,1,0,0,0,0,0,0,1	0,0,0,0,0,0,0,0,1,1	115	75
893	113,139,95,121,95,107,96,93,87,80	1,4,1,0,1,2,0,1,1,1	75,70,71,92,111,82,160,142,96,122	0,2,2,1,1,2,1,5,0,0	360	75
894	161,203,125,156,125,154,130,118,115,120	1,4,1,0,1,2,0,1,1,1	103,85,95,114,152,104,218,188,121,150	0,2,2,1,1,2,1,5,0,0	435	75
895	54,73,34,52,38,53,43,31,39,46	4,5,4,9,6,3,6,5,10,4	36,25,31,29,52,29,66,57,36,40	4,8,4,5,8,6,7,8,9,9	150	75
896	0,0,0,0,0,0,0,0,0,0	25,34,21,29,21,14,16,22,29,13	0,0,0,0,0,0,0,0,1,0	21,16,16,17,26,20,30,35,21,19	185	75
897	0,0,3,3,0,0,0,2,3,2	16,21,20,19,10,13,9,8,18,16	5,3,0,1,1,0,1,4,2,2	11,13,15,15,21,18,10,19,13,21	125	75
898	46,48,40,34,44,32,49,40,34,45	5,3,2,1,3,2,4,5,4,2	39,51,50,37,36,37,46,26,38,46	5,8,4,6,6,3,4,4,4,4	103	75
899	49,47,55,76,41,47,80,46,41,52	0,1,0,0,2,0,0,0,1,0	48,52,63,48,63,53,44,32,47,75	0,1,0,0,0,0,0,2,0,3	111	75
900	8,12,6,9,5,11,11,8,7,5	18,16,12,7,15,15,9,14,7,11	8,7,3,5,10,15,6,10,14,8	10,19,17,18,7,16,18,6,16,18	109	75
901	1109,1069,1060,900,878,961,949,772,828,907	1,0,0,0,0,0,0,0,0,0	1002,970,778,761,1041,899,1069,779,868,925	0,0,0,0,0,0,0,0,0,0	653	75
902	68,63,73,76,61,71,70,66,72,55	105,119,119,105,98,99,88,86,80,78	60,57,58,68,83,83,66,69,68,75	103,98,81,81,108,114,123,73,82,87	166	75
904	0,0,0,1,1,0,1,2,1,1	0,0,0,0,0,1,0,3,2,0	0,2,1,0,1,1,0,0,0,1	0,0,0,0,0,0,0,3,0,0	78	75
905	56,64,62,61,52,49,51,36,50,58	15,16,12,11,10,14,9,2,12,10	63,57,64,50,42,55,61,63,48,42	21,18,17,9,7,12,8,19,12,16	78	75
906	0,1,0,2,0,0,0,0,0,0	0,0,0,0,0,0,0,0,0,0	0,0,0,0,0,1,0,0,0,0	0,1,2,2,0,0,0,1,0,0	78	75
907	0,1,2,0,0,1,2,1,2,4	0,0,0,1,0,0,0,1,0,0	1,0,0,2,0,1,0,0,1,1	0,0,0,0,0,0,0,0,0,1	78	75
908	253,276,237,255,232,269,230,185,213,212	19,22,14,15,12,23,19,8,13,4	234,256,246,231,235,230,225,260,250,241	7,17,11,10,11,14,13,15,14,19	78	75
910	174,133,150,122,122,149,147,115,123,114	0,0,1,3,0,0,0,0,0,0	154,173,123,115,133,122,136,116,119,113	0,0,0,0,1,0,0,0,0,1	281	75
911	1,0,0,1,1,0,0,2,1,0	80,82,69,65,54,56,73,68,69,77	0,0,0,1,0,0,0,2,0,1	66,87,69,69,75,77,66,51,55,80	120	75
913	108,89,107,90,109,103,78,99,95,101	0,0,0,0,0,0,0,0,0,0	90,134,81,86,96,113,79,84,96,96	0,0,0,0,1,1,0,0,0,0	108	75
914	104,88,91,63,87,68,63,58,92,103	0,1,0,2,0,0,0,0,0,0	74,71,81,74,80,90,70,75,80,52	0,0,0,0,0,0,0,0,0,0	224	75
917	51,49,46,37,48,46,55,39,43,38	0,1,3,0,1,2,0,0,2,0	51,43,35,47,63,37,46,25,44,44	0,0,1,1,0,0,1,0,1,0	134	75
918	19,21,13,14,11,14,22,9,26,8	9,7,8,3,9,5,10,11,9,4	20,16,11,20,11,13,17,10,20,13	4,6,5,9,9,4,9,3,6,5	78	75
919	26,22,24,15,24,25,23,17,31,38	0,0,0,0,0,2,0,0,1,0	22,26,22,32,23,25,25,22,19,15	0,0,0,0,0,0,0,0,0,0	242	75
920	29,14,20,24,20,24,16,22,25,25	3,1,4,6,5,3,1,2,4,1	25,38,18,30,21,20,20,25,20,21	1,1,5,5,2,5,6,4,2,3	97	75
922	4038,3729,3675,3201,3170,3117,2971,2966,3255,3369	1,2,0,0,0,1,4,0,1,0	3365,3597,3044,3032,3214,3530,3244,2823,3140,3129	0,0,0,0,0,0,0,0,0,1	811	75
923	1365,1222,1208,1026,1049,963,915,945,1059,1035	1,3,1,1,1,0,0,0,0,1	1115,1246,932,966,1008,1179,1008,857,1018,1046	3,2,1,1,0,0,2,3,2,1	338	75
924	1592,1364,1577,1200,1221,1226,1205,1215,1290,1556	0,0,2,0,0,0,0,0,0,0	1317,1486,1201,1300,1306,1409,1386,1209,1250,1253	0,1,0,0,0,1,0,0,0,0	200	75
925	8,13,9,5,16,5,9,10,5,11	3,2,4,0,1,0,1,0,2,2	11,8,8,10,8,6,9,10,11,12	2,0,1,1,1,1,0,2,3,0	80	75
926	41,39,45,38,43,37,27,26,32,21	0,0,0,0,1,0,3,0,2,4	34,27,26,30,32,31,34,27,26,22	0,3,0,2,3,2,1,1,1,0	130	75
927	2,0,0,0,0,1,0,0,0,0	0,1,3,0,0,0,0,0,2,1	0,1,0,0,0,0,0,0,0,0	0,0,0,0,0,2,0,1,1,1	78	75
928	102,90,89,62,76,100,75,57,71,87	1,3,5,3,2,1,3,6,3,8	83,98,78,83,81,73,91,75,79,82	5,3,3,2,4,1,6,4,1,5	113	75
930	3,0,1,4,2,2,5,0,1,2	97,111,90,72,91,103,82,78,76,96	0,4,1,2,2,3,1,3,2,4	92,72,81,81,78,95,87,85,78,70	192	75
932	85,73,94,76,80,76,52,60,63,70	0,0,0,0,1,1,0,0,1,0	77,79,63,70,58,68,50,56,78,56	0,0,0,1,2,0,1,0,0,0	119	75
934	1,1,2,0,2,1,0,1,2,0	0,0,0,0,0,0,0,2,0,0	0,0,1,1,1,1,0,1,0,0	0,0,0,0,1,0,0,1,0,0	212	75
935	187,154,171,125,148,131,127,142,150,146	103,90,104,69,76,82,63,63,72,65	127,135,149,164,153,139,155,144,156,161	77,80,80,82,72,86,82,59,80,78	78	75
936	184,173,222,148,152,217,139,155,176,148	103,90,104,69,76,82,63,63,72,65	168,194,165,195,167,170,195,174,193,188	77,80,80,82,72,86,82,59,80,78	99	75
937	178,164,217,144,144,211,133,153,173,147	181,145,166,121,140,125,121,140,147,145	159,192,162,195,164,164,191,173,182,183	118,133,146,164,150,133,151,143,145,156	96	75
940	2,4,4,4,3,6,9,5,5,5	37,33,45,47,37,46,48,41,27,49	0,2,7,6,6,6,6,11,1,4	37,47,29,31,34,44,35,38,27,38	78	75
941	76,58,83,81,64,64,53,75,73,70	5,5,5,1,4,2,5,5,4,1	63,75,65,70,87,84,75,58,69,47	2,3,4,6,2,3,2,3,2,0	140	75
942	161,122,124,126,108,99,89,97,127,113	0,0,0,0,0,0,0,0,0,0	113,107,89,114,93,127,132,109,123,111	0,0,0,0,0,0,1,0,0,0	123	75
943	202,203,182,207,198,168,170,164,158,159	6,3,5,1,4,1,5,2,0,0	211,209,172,170,173,195,198,162,173,170	3,4,1,8,2,8,5,0,2,2	324	75
945	11,3,4,7,6,7,7,5,6,8	23,28,21,16,17,25,21,21,21,24	7,4,6,5,4,5,4,2,5,5	20,21,10,23,17,10,27,22,21,15	103	75
946	1266,1192,1271,1054,1024,1059,1063,1092,1144,1053	0,1,3,0,0,0,0,0,0,0	1189,1154,1039,1134,1184,1193,1362,1123,1081,1205	0,0,1,0,0,0,0,0,0,0	4183	75
947	2,4,1,2,11,5,1,3,10,3	0,0,1,0,0,0,0,0,0,0	4,3,6,6,2,0,5,8,3,3	0,0,0,0,0,0,0,0,0,0	130	75
950	231,224,240,216,226,226,192,220,207,204	0,1,1,0,0,0,2,0,0,0	212,214,186,189,237,211,222,199,193,197	1,0,0,2,0,0,1,1,1,2	235	75
951	34,55,60,52,51,58,57,42,45,63	0,0,0,0,0,0,0,0,0,0	69,59,47,56,67,82,50,40,57,64	0,0,0,1,0,0,0,0,0,0	1310	75
954	8,0,3,2,0,0,0,0,0,1	12,1,6,6,18,2,1,9,5,15	0,2,1,1,1,1,1,0,0,2	0,24,4,4,1,15,2,0,2,1	99	75
955	1,0,0,0,0,0,1,0,0,0	13,25,15,12,12,20,10,12,12,12	0,0,0,0,3,1,0,0,0,0	9,22,16,14,14,8,11,15,13,9	118	75
956	1,1,0,0,0,0,1,0,0,0	0,0,0,0,1,0,0,0,0,0	1,0,0,0,1,0,0,0,1,0	0,0,0,0,0,0,0,0,0,0	162	75
957	0,0,1,0,2,1,0,0,0,0	0,0,1,0,1,0,0,0,0,0	0,1,0,0,0,2,0,0,0,0	0,0,0,0,0,0,0,0,0,0	78	75
960	928,934,1092,845,826,931,754,702,840,815	296,299,321,276,247,289,261,253,244,318	915,885,838,776,894,899,954,799,845,877	277,285,326,249,275,292,284,257,269,266	99	75
961	18,24,32,23,27,18,24,35,22,25	2,1,0,1,1,3,1,1,1,0	26,26,32,17,31,25,24,26,26,33	2,3,3,1,0,1,3,4,3,0	78	75
962	4,6,8,4,5,6,3,9,7,5	0,0,0,0,0,0,0,0,0,1	4,4,5,10,4,9,11,5,7,6	0,0,0,1,1,1,1,0,0,0	145	75
963	5,5,3,2,3,5,4,7,5,7	0,0,0,0,0,0,0,0,0,0	4,4,6,9,5,6,9,5,7,7	1,0,0,0,2,0,0,0,0,0	145	75
964	29,21,5,12,14,20,17,14,14,26	10,13,7,11,10,9,8,8,10,9	10,12,22,15,27,17,19,15,15,17	5,11,11,9,12,9,6,3,6,10	78	75
965	42,41,66,41,37,23,29,33,44,25	9,8,2,7,11,4,4,4,8,9	33,46,45,32,47,42,39,43,28,29	4,9,0,11,8,8,1,5,8,3	93	75
966	81,56,60,52,54,51,58,46,60,72	0,0,0,0,0,1,0,0,0,1	67,62,67,41,61,65,57,53,48,57	0,1,1,0,0,0,0,0,0,0	156	75
967	23,26,19,27,14,15,17,20,18,19	0,2,0,1,0,1,1,0,0,1	20,22,22,21,23,24,25,35,24,20	0,0,0,0,1,0,0,1,0,0	79	75
968	12,16,16,9,3,13,15,7,14,15	2,1,1,1,0,2,0,2,1,2	11,15,16,13,7,19,10,14,11,6	0,2,0,5,0,0,1,3,0,0	78	75
970	226,242,245,198,209,244,185,169,161,182	3,7,6,2,7,11,11,7,3,5	238,249,223,200,226,233,234,223,182,178	5,4,5,5,6,7,7,4,4,6	111	75
971	48,47,40,38,37,43,31,44,36,31	4,3,0,1,0,0,0,1,0,1	57,63,43,34,39,43,64,39,25,34	0,2,0,0,1,0,1,1,0,1	220	75
972	0,0,0,0,0,1,0,0,0,0	15,15,14,22,21,15,20,13,13,24	0,2,0,0,0,0,0,0,0,0	20,21,17,15,24,16,16,15,13,24	106	75
973	17,12,13,8,23,17,12,4,12,15	36,34,38,23,37,36,29,29,28,25	10,16,15,9,11,12,11,14,10,15	25,33,18,31,30,38,32,29,39,40	201	75
974	0,0,1,2,0,0,0,0,0,1	0,0,0,2,0,2,3,1,1,0	0,0,1,0,0,1,1,0,0,0	0,1,0,0,0,0,0,1,1,1	80	75
975	119,85,96,81,81,91,68,65,85,78	0,0,0,0,0,0,1,0,0,0	93,76,87,91,86,89,72,77,70,98	0,1,0,0,0,0,0,1,0,0	251	75
976	0,0,0,0,0,0,0,0,1,0	4,6,3,2,3,4,3,0,3,4	0,0,0,0,0,0,0,0,0,0	9,3,1,2,2,7,4,6,2,4	101	75
977	399,357,406,301,312,351,271,263,291,255	6,5,6,6,8,9,7,2,8,3	329,377,308,312,323,337,321,351,307,289	9,5,4,2,6,8,8,3,4,6	79	75
979	0,0,0,0,0,0,0,0,0,0	0,0,1,0,0,0,0,0,0,0	0,0,0,0,0,0,1,0,0,0	0,0,0,0,0,0,0,0,0,0	78	75
980	360,357,396,336,304,355,304,276,325,298	0,0,0,0,0,1,1,0,0,1	320,384,313,293,348,359,340,327,327,295	0,1,0,1,0,0,0,0,0,1	297	75
981	39,66,45,33,43,50,43,42,32,44	205,231,219,181,166,188,157,154,164,152	52,39,41,41,44,58,71,38,38,48	175,210,132,169,173,147,192,174,149,197	173	75
982	4,2,1,0,2,7,2,4,1,3	9,13,2,7,10,4,7,5,3,5	4,4,4,2,5,1,7,0,1,2	2,7,1,9,4,13,13,5,2,6	89	75
983	15,15,9,3,11,12,14,14,9,10	93,89,84,100,85,64,77,75,92,90	11,10,14,8,19,12,19,10,10,10	85,91,86,83,97,79,92,86,89,63	89	75
984	12,6,10,11,8,13,8,14,13,9	41,30,32,24,25,23,27,28,18,34	11,14,13,10,14,12,14,22,15,9	32,15,26,19,34,19,30,32,29,26	93	75
987	110,130,93,92,105,110,102,89,77,80	0,0,0,0,0,0,0,0,0,0	103,113,74,86,86,104,101,101,99,107	0,0,0,0,0,0,0,0,1,0	443	75
988	88,85,86,75,86,80,76,78,81,78	6,11,8,5,6,4,9,5,7,9	92,88,73,62,71,70,76,82,71,90	12,5,3,5,3,4,7,2,6,12	143	75
989	396,354,401,362,368,354,313,278,274,346	314,275,358,328,301,339,268,235,254,283	380,353,391,385,329,344,310,308,405,305	310,331,311,304,295,333,284,309,336,277	78	75
990	39,40,32,44,32,44,35,30,45,43	3,0,3,0,2,1,1,0,1,1	39,46,38,37,31,47,41,43,47,44	1,2,1,0,1,0,2,0,1,0	81	75
991	8,8,7,9,6,5,3,3,10,3	23,21,15,19,14,12,11,11,14,22	7,4,4,5,3,2,6,2,4,6	10,12,16,12,16,11,14,14,16,15	249	75
993	19,28,19,38,33,32,25,21,24,21	0,0,1,0,0,1,0,0,0,0	31,25,25,26,34,26,24,30,29,22	0,0,0,0,0,1,1,0,1,0	79	75
994	0,1,1,0,0,1,0,0,1,2	9,9,14,13,7,8,11,13,6,17	0,1,2,2,1,2,1,2,3,3	12,15,10,10,13,13,7,7,11,8	99	75
995	7,9,4,6,8,8,8,13,6,6	1,0,0,0,0,0,1,0,0,0	8,11,7,7,9,10,12,11,5,12	0,0,0,0,0,0,0,0,0,0	301	75
996	11,13,9,10,3,8,7,6,11,6	1,1,0,0,0,0,0,0,0,0	5,8,8,6,9,2,5,8,3,7	0,0,0,0,2,0,0,0,0,1	101	75
997	0,1,0,1,0,0,1,0,0,1	2,3,0,1,0,0,2,2,0,3	0,0,2,0,0,1,0,0,0,0	3,1,2,1,3,0,1,0,0,2	182	75
998	43,36,38,42,32,32,30,27,32,38	1,2,2,0,0,0,0,1,0,0	42,44,31,30,32,36,30,25,28,29	1,1,0,0,0,0,1,1,0,0	111	75
999	48,44,46,47,50,42,33,44,47,39	20,31,48,37,37,24,37,35,32,37	41,45,46,45,50,36,42,47,38,32	39,29,27,32,13,35,35,20,44,18	78	75
1002	125,145,149,125,123,124,114,112,133,149	0,0,1,0,0,1,0,1,0,0	158,160,134,130,127,122,147,119,115,128	0,0,0,0,0,0,0,0,0,0	411	75
1003	200,195,202,203,197,196,169,146,171,139	1,0,0,1,1,1,0,0,0,0	187,239,186,166,148,158,184,160,150,142	0,2,0,1,0,0,2,0,0,0	94	75
1004	5,0,0,1,2,0,2,0,2,0	68,81,77,60,66,96,45,47,56,53	2,2,0,0,1,1,2,1,0,2	72,67,77,56,80,78,63,61,72,67	89	75
1005	27,29,31,19,17,28,14,22,28,31	6,6,7,14,5,3,15,7,6,6	28,37,18,21,36,16,26,28,21,19	10,7,11,9,7,5,3,16,6,12	108	75
1008	0,0,0,0,0,2,0,0,0,0	0,0,0,0,0,0,0,0,0,0	0,0,0,0,0,0,0,0,0,0	0,1,0,0,0,0,0,0,0,0	185	75
1009	780,689,744,671,734,644,698,661,706,711	1,3,0,1,2,1,0,0,0,1	769,766,624,675,668,644,656,550,685,641	3,1,2,3,2,1,0,0,0,1	255	75
1015	1,1,0,0,0,0,1,1,0,1	0,0,0,0,0,0,0,0,0,0	0,2,2,1,2,3,0,0,1,1	0,0,1,0,0,0,0,0,0,0	81	75
1016	315,262,286,250,272,264,241,223,245,234	0,0,0,0,0,0,0,0,0,0	228,296,253,252,236,253,281,246,254,308	0,1,0,0,0,0,0,0,0,0	1022	75
1017	131,132,128,110,127,141,107,88,133,108	1,0,0,0,2,1,2,1,0,1	145,114,119,149,124,120,114,131,114,115	2,0,0,1,1,0,2,1,0,2	122	75
1018	8,2,8,2,2,8,4,4,2,1	2,0,2,0,0,1,0,0,1,0	5,4,1,4,6,1,5,4,7,2	0,0,1,0,0,0,0,1,3,2	78	75
1020	16,7,12,15,12,10,11,23,14,18	0,0,1,0,0,0,0,0,0,0	17,14,9,22,8,10,14,11,5,9	0,0,0,1,0,0,0,0,0,0	79	75
1021	0,2,0,1,0,0,0,0,0,0	0,0,0,0,0,0,0,0,0,0	0,0,0,0,0,0,0,0,0,0	0,0,0,0,0,0,0,2,0,0	97	75
1026	1,0,2,1,1,1,5,2,1,0	8,3,3,7,17,10,8,8,12,8	2,1,1,4,3,5,1,0,7,1	12,9,6,12,5,10,10,5,6,11	78	75
1027	0,3,0,0,0,2,1,1,0,0	54,72,77,66,70,83,57,52,57,84	0,0,0,0,0,0,1,0,1,0	68,81,88,64,68,63,78,63,66,65	186	75
1028	38,25,28,24,25,31,20,16,32,34	31,23,14,16,13,32,19,18,28,30	36,41,30,36,25,23,27,34,36,26	17,18,19,26,20,26,25,22,28,26	78	75
1029	9,8,1,4,13,3,12,10,3,7	43,35,29,39,42,39,37,39,43,28	2,9,5,9,6,6,7,10,5,6	35,40,41,61,35,55,38,44,39,41	263	75
1030	158,142,133,152,125,140,105,119,112,99	0,0,0,0,0,0,0,0,0,1	135,156,119,117,112,139,135,129,116,131	0,0,0,0,0,0,0,0,0,0	134	75
1031	108,110,114,103,92,103,109,85,80,102	1,0,3,0,0,0,0,0,0,0	94,100,87,99,114,102,110,94,75,124	0,0,0,0,0,0,1,1,1,0	322	75
1032	2,0,0,3,0,0,0,0,0,0	22,21,13,9,6,10,13,20,8,12	0,2,0,0,0,0,0,0,0,1	6,14,11,9,24,13,13,6,9,13	224	75
1033	21,12,18,20,14,15,28,19,15,18	0,0,0,0,1,0,0,0,0,0	18,16,15,12,18,20,14,15,17,15	0,0,0,0,0,0,0,0,0,0	655	75
1034	1,6,0,3,4,4,3,2,4,6	6,2,3,0,4,2,2,6,1,3	6,3,3,3,9,2,2,5,3,4	4,2,2,3,4,3,4,3,2,0	79	75
1035	44,36,38,31,34,43,34,26,28,38	6,5,8,8,1,4,2,5,10,5	31,48,30,39,37,31,30,36,39,41	7,4,6,7,5,7,9,8,4,5	81	75
1037	72,47,73,56,53,51,44,45,47,53	11,6,13,9,6,6,6,1,11,4	56,63,50,73,44,68,47,56,43,47	9,5,2,7,5,9,1,5,3,6	127	75
1039	59,57,56,64,39,46,36,33,33,45	0,0,0,0,0,0,0,1,0,0	35,62,44,42,37,50,49,49,41,31	0,0,0,0,0,0,0,0,0,0	117	75
1040	2,2,4,1,6,8,2,2,4,2	35,24,31,25,31,20,20,23,25,28	7,5,6,7,3,1,3,6,3,7	32,32,20,22,39,34,28,29,27,25	81	75
1041	2,1,0,2,3,0,2,0,3,1	0,1,0,0,0,1,0,2,0,0	1,0,1,1,0,2,0,2,0,0	0,0,0,1,3,1,1,1,1,2	78	75
1042	26,15,15,16,22,34,25,19,6,35	9,9,4,6,10,5,11,6,6,13	17,18,12,22,19,14,18,17,21,24	6,10,5,7,3,5,9,18,12,5	78	75
1043	0,2,2,2,3,3,2,0,1,1	1,1,2,1,4,1,0,1,2,1	4,3,0,0,1,4,1,0,1,1	0,1,5,0,2,0,0,1,0,0	78	75
1044	8,5,6,4,8,13,10,4,17,34	0,0,0,0,2,0,0,0,1,2	8,7,12,12,4,12,23,20,18,10	0,0,0,0,0,1,0,0,0,0	79	75
1046	5,3,4,2,3,2,5,2,5,3	13,39,22,22,15,34,27,27,21,9	3,12,1,4,6,2,5,10,4,5	14,25,28,28,30,12,24,27,18,27	78	75
1047	16,18,11,21,13,11,21,21,7,17	0,0,1,2,3,0,1,0,2,0	13,17,11,17,14,11,10,19,8,16	1,0,0,0,0,0,3,3,0,0	111	75
1048	10,12,7,13,10,9,12,6,3,7	0,0,1,2,3,0,1,0,2,0	8,7,6,12,11,9,5,15,8,9	1,0,0,0,0,0,3,3,0,0	126	75
1049	0,0,0,0,0,0,0,0,0,0	6,6,4,8,3,2,9,15,4,10	1,0,0,1,0,0,0,1,1,0	6,10,5,6,3,2,5,5,1,7	90	75
1051	0,2,0,0,0,3,0,0,3,0	0,0,0,0,0,0,0,0,0,0	0,1,0,3,0,0,0,1,1,2	0,2,0,0,0,0,0,0,0,1	110	75
1052	25,15,18,20,27,22,21,8,24,18	6,7,4,6,3,3,5,3,5,3	24,23,19,25,32,18,24,26,24,17	4,8,3,8,6,7,5,11,7,5	87	75
1053	5,6,8,7,2,4,4,2,4,3	2,0,0,0,1,1,1,0,0,0	3,3,3,4,6,7,5,9,2,5	0,1,1,0,1,4,0,0,0,1	84	75
1055	33,28,35,23,22,20,24,24,23,14	4,0,0,2,2,1,2,1,1,1	24,25,23,14,34,22,17,15,23,15	1,0,0,4,4,7,0,2,2,0	113	75
1056	3,1,3,0,0,5,1,1,2,3	2,3,1,1,2,0,5,0,2,3	2,2,2,3,1,4,2,2,3,3	5,1,3,0,2,3,2,0,2,10	78	75
1057	132,100,146,111,93,109,132,88,105,118	112,108,97,77,84,91,98,95,84,86	140,83,67,71,130,119,136,95,64,109	108,82,81,76,112,107,132,92,64,89	171	75
1058	4,2,0,3,5,4,6,1,2,4	0,0,0,0,1,0,1,0,0,0	6,4,3,1,1,3,3,5,5,7	0,0,0,0,1,0,0,0,1,0	78	75
1059	9,4,0,0,0,1,1,3,1,2	0,0,0,0,0,0,0,0,0,0	3,2,0,5,3,3,11,6,6,4	0,0,0,0,0,0,0,0,1,0	78	75
1060	4,8,7,4,9,14,7,11,8,1	2,5,1,2,2,1,2,4,2,4	5,6,3,3,5,8,6,4,10,3	0,0,2,2,3,0,1,2,2,3	78	75
1061	1,0,2,2,3,0,4,2,2,0	0,1,2,2,1,0,1,2,0,1	0,4,0,2,1,0,4,3,4,1	0,1,0,0,2,1,1,1,1,0	141	75
1062	0,0,0,1,3,0,1,2,2,1	0,0,0,0,0,0,0,0,0,1	0,1,0,3,1,0,1,3,4,1	0,0,0,0,0,0,0,0,0,0	141	75
1063	0,8,4,1,4,3,4,1,3,2	0,0,0,0,0,0,0,0,0,0	2,4,3,3,4,2,6,7,1,2	0,2,3,0,0,2,0,0,0,0	110	75
1065	31,15,18,17,17,18,15,24,27,25	0,0,0,0,1,0,0,0,1,0	9,37,32,20,13,22,14,18,14,17	0,0,0,0,0,1,0,0,0,1	213	75
1066	18,16,22,15,14,12,15,21,11,26	0,0,0,0,0,0,0,0,0,0	19,17,13,11,20,17,11,11,23,17	0,0,0,0,0,0,0,1,0,1	103	75
1067	4,7,12,6,7,3,12,8,6,10	0,0,0,0,0,0,0,0,0,0	12,9,7,4,12,6,8,4,13,9	0,0,0,0,0,0,0,1,0,1	125	75
1068	0,2,4,0,1,0,2,0,2,0	14,11,14,9,8,9,5,13,7,16	1,0,1,0,2,0,1,0,0,0	8,8,7,7,10,11,4,7,10,8	97	75
1069	0,0,0,1,0,0,0,0,0,0	30,21,23,26,30,26,38,27,23,28	0,0,0,0,0,1,0,0,0,0	23,48,24,27,22,33,38,21,15,19	81	75
1070	421,378,396,393,345,336,351,318,335,374	30,21,23,26,30,26,38,27,23,28	371,364,375,329,353,358,394,359,339,374	23,48,24,27,22,33,38,21,15,19	379	75
1072	881,748,916,730,758,687,696,564,693,810	0,0,0,0,0,0,0,0,0,0	757,747,736,678,758,795,783,649,684,665	0,0,0,0,0,0,1,0,0,0	220	75
1073	36,22,19,21,22,22,16,18,30,27	0,0,0,2,2,1,1,2,2,0	31,21,19,20,22,15,16,15,26,34	4,2,1,0,0,1,0,0,0,1	110	75
1074	3,2,2,0,3,2,1,1,1,1	140,134,122,131,125,127,100,88,99,121	2,1,0,0,1,1,2,1,1,5	148,126,112,111,128,118,111,111,127,124	126	75
1075	76,70,76,69,70,70,69,59,60,60	48,50,63,45,47,40,31,40,30,40	72,63,68,60,65,72,70,56,71,70	43,41,42,37,40,31,41,39,43,35	159	75
1076	213,202,196,200,192,195,168,146,158,180	48,50,63,45,47,40,31,40,30,40	218,188,180,171,192,189,179,166,197,189	43,41,42,37,40,31,41,39,43,35	108	75
1077	39,33,36,35,30,31,41,38,39,33	0,0,0,0,0,0,0,1,0,0	36,39,47,46,45,53,38,33,36,17	0,0,0,0,0,0,0,0,0,0	1740	75
1078	2,1,4,2,1,1,2,5,4,2	33,25,27,21,19,24,10,11,21,21	2,2,0,2,1,1,2,3,2,1	35,26,24,19,17,27,27,20,20,13	143	75
1079	228,215,230,200,174,160,167,151,169,173	0,0,0,0,1,0,0,0,0,0	189,191,173,189,176,210,214,187,206,145	0,0,1,3,0,2,1,2,0,2	134	75
1080	1,6,2,1,0,1,1,1,1,2	1,1,0,0,0,0,0,0,0,0	2,0,2,0,2,0,5,2,2,3	2,0,0,0,0,2,0,1,0,0	78	75
1081	41,39,56,35,45,35,35,34,31,43	0,2,1,2,2,1,3,2,0,2	29,33,32,49,31,37,46,40,25,30	1,0,2,5,1,3,0,0,3,0	110	75
1082	90,80,79,83,72,46,51,76,72,69	4,2,3,1,3,0,4,2,6,3	61,70,75,76,77,62,85,48,69,62	4,1,0,2,4,6,1,2,3,1	87	75
1083	52,33,26,29,24,40,37,44,41,36	104,85,106,99,68,81,63,62,69,85	48,40,34,27,36,34,31,40,25,21	77,91,81,95,97,97,102,76,70,54	78	75
1084	3589,3350,3720,3350,3278,3391,3047,2730,2819,3008	9,15,9,13,14,6,8,13,15,11	3261,3317,3320,3221,3551,3321,3310,3291,3508,2919	13,10,17,13,10,16,19,10,12,13	3150	75
1085	36,39,25,25,27,20,26,27,15,31	0,3,0,3,2,4,1,0,3,4	36,37,31,26,32,27,40,20,25,30	1,2,1,2,3,5,1,1,0,3	78	75
1086	2,3,2,3,1,3,1,2,0,2	9,2,6,6,4,3,1,6,3,4	2,1,0,4,1,3,2,0,3,0	4,8,3,3,3,5,1,6,6,3	78	75
1087	11,14,14,11,4,16,8,8,15,8	40,63,57,37,36,53,42,51,44,56	8,17,14,13,17,10,9,12,9,19	43,42,43,46,35,38,30,47,47,36	78	75
1090	741,652,734,591,616,626,526,532,533,651	0,0,1,0,0,0,0,0,0,0	611,744,556,534,617,696,629,562,545,573	0,0,0,0,0,0,0,0,0,0	243	75
1092	0,0,0,2,0,3,1,0,1,1	0,0,0,0,0,0,0,1,1,1	0,0,0,1,4,0,0,0,2,0	0,0,0,0,0,0,1,0,1,0	84	75
1093	2,1,2,0,4,4,3,1,2,3	36,31,20,20,35,46,23,30,24,27	1,4,3,1,2,6,2,2,4,1	35,39,32,22,29,41,36,33,27,19	168	75
1094	46,51,44,37,53,52,55,35,42,32	0,0,1,0,0,0,0,0,0,0	45,50,33,47,42,47,33,47,36,42	0,0,0,0,0,0,0,0,0,0	1402	75
1096	5,11,8,8,5,8,8,4,5,6	1,0,0,0,0,0,0,0,0,0	3,6,6,5,4,7,4,6,3,9	0,0,0,0,0,0,0,0,0,0	78	75
1097	220,266,288,245,239,273,177,186,247,253	70,58,82,68,44,78,51,47,55,50	262,238,226,245,235,230,212,204,239,220	76,75,67,72,78,66,80,68,67,63	78	75
1098	47,66,68,49,34,65,39,45,54,59	11,12,16,9,9,13,7,11,5,6	38,53,46,36,68,63,50,48,59,49	14,13,6,13,9,8,6,20,10,7	110	75
1100	78,88,69,67,90,89,46,57,76,69	0,5,1,1,2,2,0,0,1,0	77,90,103,80,55,59,64,97,73,73	1,5,4,2,0,5,1,1,4,1	80	75
1101	0,0,0,0,1,1,0,0,0,0	24,17,17,19,16,17,11,13,24,26	0,0,2,0,0,0,0,0,0,0	15,12,27,12,16,25,18,17,16,26	92	75
1102	115,94,97,87,114,122,83,79,82,101	5,1,3,1,0,1,0,2,1,0	93,109,101,103,97,119,78,105,110,115	0,1,1,2,0,0,2,1,0,2	120	75
1103	1,1,1,2,1,1,1,1,1,0	3,0,2,3,4,1,2,1,3,2	2,0,1,2,0,1,0,1,1,0	4,2,1,2,3,4,2,1,3,1	111	75
1107	32,21,19,29,27,23,21,23,17,24	2,3,1,0,1,3,2,1,0,1	31,29,23,21,33,28,19,22,22,33	0,2,2,1,1,2,3,2,1,2	175	75
1109	137,90,113,137,101,105,112,109,106,90	1,4,5,0,2,5,4,3,0,4	134,98,106,115,119,114,117,88,106,93	5,3,6,1,4,1,5,4,4,3	90	75
1110	118,112,143,122,97,92,122,89,85,108	0,0,0,0,1,0,1,0,0,0	134,127,93,78,122,106,96,115,99,110	0,0,0,0,0,0,0,0,0,0	177	75
1112	30,34,34,19,20,27,15,17,21,24	0,2,0,0,1,0,0,0,0,0	26,30,22,18,14,19,24,19,17,18	1,1,0,0,0,1,0,0,2,0	185	75
1113	0,0,0,1,0,0,0,0,0,0	0,0,0,0,1,0,0,0,0,0	0,1,0,1,0,0,0,0,0,0	0,0,0,0,0,0,0,0,0,0	79	75
1114	32,85,49,46,51,55,47,50,55,33	0,0,0,0,0,0,0,0,1,0	37,59,24,71,53,34,80,57,50,37	0,0,0,0,0,0,0,0,0,0	2345	75
1115	49,44,38,26,34,36,53,37,37,33	0,1,1,1,1,0,0,0,1,1	50,36,46,35,46,56,36,37,34,41	2,1,1,0,2,2,3,1,0,1	91	75
1116	3,1,8,2,6,8,3,6,2,2	20,24,34,26,26,36,23,37,18,21	6,5,2,9,6,1,3,6,4,5	22,29,16,17,27,22,33,23,17,24	178	75
1117	2,0,0,1,0,2,0,2,0,1	0,5,2,4,5,1,3,1,3,1	1,1,1,2,1,0,0,1,2,0	5,2,5,2,1,5,4,0,3,3	103	75
1118	16,20,26,38,16,20,19,19,22,18	0,2,0,1,1,0,1,0,0,0	20,28,21,8,16,14,23,17,8,21	0,0,0,0,1,0,1,0,0,0	106	75
1119	15,12,11,10,13,9,18,9,17,14	1,2,0,1,4,0,1,1,0,1	13,6,12,16,8,14,13,21,19,15	0,2,1,0,0,4,2,0,2,1	116	75
1120	0,0,0,0,0,0,0,0,1,0	0,0,0,0,0,0,0,0,0,0	0,0,1,0,0,0,1,0,0,0	0,0,0,0,0,0,0,1,0,0	78	75
1121	14,20,17,19,22,18,19,15,20,25	29,33,31,14,18,31,29,23,24,27	20,30,24,15,13,24,23,24,26,16	20,37,20,23,22,27,14,42,17,28	78	75
1122	4,2,0,3,1,2,4,1,0,2	38,29,45,42,40,39,46,42,45,45	1,3,2,2,1,1,1,0,2,1	35,44,40,35,40,47,46,41,31,27	232	75
1123	1,0,0,0,0,0,0,0,0,0	0,3,1,0,4,2,1,1,0,6	0,0,0,0,0,0,1,0,0,0	3,0,2,1,2,2,2,1,0,2	91	75
1124	25,31,45,30,26,35,38,26,21,46	0,0,1,2,0,0,0,3,0,1	20,22,20,31,20,37,30,31,32,20	3,1,2,1,1,4,3,2,0,4	82	75
1125	38,34,43,41,33,35,49,44,35,34	20,12,19,11,17,14,16,15,18,14	44,45,38,31,23,46,40,34,29,34	11,23,12,11,6,21,16,13,12,14	82	75
1131	40,33,57,47,34,34,34,45,42,35	1,0,0,1,0,0,0,0,3,1	32,51,35,26,34,57,40,54,40,25	0,0,0,1,0,0,0,0,2,0	81	75
1132	123,95,117,92,76,89,103,102,83,94	0,0,0,0,1,0,0,0,0,0	98,97,114,100,93,121,107,91,119,98	0,0,0,0,0,0,0,0,0,0	123	75
1133	0,0,0,0,0,0,2,0,0,0	8,6,0,4,3,5,5,1,2,6	0,0,0,1,0,0,0,0,0,0	6,3,4,6,4,4,6,7,2,8	148	75
1134	201,210,187,165,152,157,135,117,163,153	0,0,0,0,0,0,0,0,0,0	191,212,148,168,168,186,150,155,133,155	1,0,0,1,1,0,0,0,0,0	228	75
1136	11,34,15,25,28,29,27,37,21,25	7,5,12,8,5,6,5,8,4,4	19,23,15,24,13,12,14,21,28,31	4,3,7,9,3,7,5,7,12,12	1795	75
1139	108,77,128,101,92,96,99,87,117,73	0,0,0,0,0,0,1,0,0,0	106,119,107,103,111,115,133,113,98,86	0,1,0,0,1,0,2,0,0,0	106	75
1140	525,485,614,455,462,512,439,428,400,403	3,1,1,0,1,3,2,0,0,2	482,514,392,416,483,479,537,500,461,495	2,1,0,0,4,0,2,1,1,1	2104	75
1141	9,3,5,8,4,9,3,5,1,6	0,0,0,0,0,0,0,0,0,0	3,10,5,6,6,4,9,4,1,2	1,0,0,0,0,0,0,0,0,0	183	75
1143	817,811,834,817,841,865,723,556,657,749	0,0,0,0,1,0,0,0,0,1	831,823,847,747,739,740,608,656,772,596	0,0,0,0,0,0,1,0,0,0	495	75
1144	616,621,629,603,611,681,557,405,501,534	6,4,4,7,4,2,9,8,1,4	645,629,635,560,601,562,472,507,581,449	4,10,8,2,9,5,6,3,10,2	177	75
1145	0,3,3,0,1,0,1,1,1,0	590,578,667,605,601,695,507,452,489,549	1,1,0,1,1,0,0,0,0,0	606,608,665,543,653,555,521,541,662,400	143	75
1146	0,0,0,0,0,1,2,1,0,0	29,22,23,28,34,21,21,30,20,26	0,0,0,0,0,1,0,0,0,0	30,24,19,21,20,14,23,28,19,16	112	75
1147	2,1,3,0,3,1,1,1,0,1	1,2,0,0,4,0,1,1,0,1	1,2,1,1,0,1,3,0,1,0	5,1,0,0,1,0,3,0,0,0	78	75
1150	401,420,419,327,312,331,317,286,366,363	7,1,7,8,10,11,9,10,12,6	358,383,329,349,360,404,398,364,359,350	9,12,7,6,8,8,11,12,9,19	96	75
1151	21,15,21,17,22,16,21,16,13,12	5,6,4,6,4,9,11,4,6,3	16,13,20,24,19,22,20,24,20,14	0,9,3,5,9,6,4,3,4,3	323	75
1152	47,47,59,35,34,42,34,36,32,32	1,1,0,0,4,3,1,0,2,0	31,50,28,35,32,33,35,35,41,38	3,2,2,1,2,0,2,0,0,4	87	75
1160	2,3,2,1,2,1,0,8,0,3	0,0,0,0,0,2,0,0,0,0	2,5,0,1,0,2,5,1,3,2	0,0,0,0,0,0,0,1,0,0	79	75
1163	40,25,38,31,31,27,20,27,23,34	0,3,1,0,0,1,0,1,1,1	45,31,30,25,24,36,43,30,23,20	0,2,1,0,2,0,1,2,0,2	80	75
1174	2,3,1,0,0,2,3,3,0,0	45,59,45,44,44,46,47,52,48,51	0,1,4,2,2,2,2,2,3,0	57,53,46,55,52,77,50,55,42,64	151	75
1175	27,22,22,20,21,20,14,18,19,19	0,1,0,0,2,0,0,0,1,0	12,31,27,22,12,30,12,20,12,20	0,0,1,0,0,0,0,0,0,1	83	75
1176	86,76,79,81,86,73,67,78,74,71	30,21,44,28,24,25,25,26,26,36	43,83,73,78,76,78,69,57,66,38	31,20,35,35,30,42,25,29,46,26	255	75
1177	1,0,0,0,0,0,0,0,0,0	0,0,0,0,0,0,0,0,0,0	0,0,0,1,0,0,0,0,0,0	0,0,0,0,1,3,0,0,0,0	78	75
1178	193,215,219,199,190,188,164,139,173,191	340,326,376,326,334,324,281,234,241,300	202,193,184,158,190,192,201,208,158,184	309,342,311,270,294,331,337,326,303,310	78	75
1179	12,9,7,13,3,7,9,8,8,8	3,0,3,2,2,2,1,1,0,0	13,9,8,5,11,8,1,8,9,7	0,2,0,2,1,1,0,0,3,2	78	75
1181	4,0,2,1,0,0,0,1,0,0	52,47,79,61,58,79,50,45,64,68	0,0,0,0,0,0,0,0,0,0	53,68,67,57,61,55,80,57,42,40	1207	75
1182	231,223,197,206,178,208,171,155,183,191	6,5,5,3,5,5,3,0,8,3	186,219,165,208,202,217,198,183,176,163	3,3,5,7,6,2,3,2,3,3	78	75
1183	72,47,59,55,52,42,40,42,47,55	0,0,0,0,0,0,0,1,0,0	60,54,59,41,72,53,41,65,76,33	0,0,0,0,0,0,0,0,0,0	116	75
1185	362,378,393,360,361,307,326,298,337,391	4,6,3,6,4,7,6,3,3,5	325,370,393,363,353,416,359,340,344,304	4,5,4,2,2,6,2,2,5,5	105	75
1186	49,38,50,48,46,46,37,40,32,43	1,3,3,4,2,4,1,1,2,2	35,54,24,41,37,43,42,38,46,45	4,1,4,2,4,0,0,3,2,0	78	75
1187	49,53,56,60,60,53,49,45,66,56	0,0,0,0,0,0,0,0,0,0	49,67,64,54,62,77,44,59,62,52	0,0,1,0,0,0,0,0,0,0	290	75
1188	0,1,1,0,1,2,1,0,0,3	0,0,2,1,0,0,1,0,2,0	1,0,0,2,2,0,0,0,0,0	0,1,1,0,0,0,2,0,0,0	78	75
1189	12,15,15,12,12,7,7,13,15,6	0,1,1,0,0,0,1,0,0,1	9,6,6,10,18,14,12,5,13,11	0,0,0,1,1,0,0,0,1,0	80	75
1190	1,5,4,3,0,0,6,1,3,4	0,3,0,0,0,0,0,0,0,2	4,11,1,3,0,3,6,1,8,2	2,1,0,0,0,0,2,0,0,1	80	75
1191	2,3,0,1,0,0,0,0,0,0	0,2,2,3,3,0,7,3,1,0	0,0,0,0,0,1,0,0,0,0	1,3,0,0,1,4,0,4,2,1	136	75
1192	43,44,33,35,32,25,20,28,31,47	0,0,0,0,0,0,0,0,0,0	30,34,33,22,34,35,36,27,28,31	0,1,0,0,1,0,0,0,0,0	110	75
1193	349,318,322,282,275,287,265,266,299,297	0,1,1,0,0,0,0,0,0,0	243,361,313,277,283,318,289,280,282,301	0,0,0,0,0,1,0,0,0,0	665	75
1200	0,0,1,0,0,0,1,0,1,0	198,159,172,153,165,163,154,138,146,146	0,0,0,0,0,0,0,1,0,0	173,134,157,157,156,177,173,160,183,159	90	75
1201	50,41,66,55,38,53,40,36,54,49	0,0,0,0,0,0,1,0,0,0	41,50,33,49,43,37,48,38,42,50	0,0,0,0,0,0,0,0,0,1	91	75
1202	38,31,37,43,41,39,22,40,45,31	11,7,11,10,14,6,8,8,6,9	39,31,28,23,42,31,34,37,35,36	9,15,12,4,10,14,8,10,16,9	78	75
1204	0,0,0,0,0,0,1,0,0,0	3,1,2,2,1,0,0,1,1,3	0,0,0,0,0,0,0,0,0,0	0,2,3,2,3,0,0,3,0,0	130	75
1206	5,4,3,1,6,5,5,9,7,4	1,0,0,1,0,0,0,1,0,0	3,14,2,3,3,1,3,5,5,5	0,2,0,1,0,0,0,0,0,0	203	75
1208	10,13,10,11,10,9,10,9,11,15	17,22,15,7,14,10,9,16,15,15	11,17,10,4,10,4,12,6,13,6	12,10,5,10,12,13,14,9,14,11	168	75
1209	41,31,34,49,25,35,38,31,41,39	8,12,11,8,5,5,8,7,10,8	29,36,31,33,39,31,54,29,35,31	4,5,6,6,2,4,11,6,5,7	187	75
1210	48,40,39,45,29,36,37,38,45,39	8,12,11,8,5,5,8,7,10,8	30,29,26,39,41,40,56,32,36,36	4,5,6,6,2,4,11,6,5,7	94	75
1211	20,16,23,19,18,16,7,14,15,29	6,4,5,7,4,2,4,3,3,3	21,25,17,14,17,17,16,17,21,12	5,8,2,4,2,7,4,8,3,4	111	75
1212	0,1,0,0,0,2,0,1,1,0	85,86,67,105,97,82,69,82,65,100	1,0,2,0,0,0,1,2,0,0	84,85,60,88,64,65,68,85,84,75	101	75
1213	1,0,0,0,0,0,0,0,2,0	28,15,14,33,12,20,35,26,17,31	0,0,0,0,0,0,0,0,0,0	20,36,13,11,15,29,27,15,15,13	144	75
1214	461,425,349,383,421,485,382,393,412,469	2,0,1,1,1,1,0,2,0,2	433,388,380,445,363,419,436,416,449,332	1,0,3,1,2,2,1,0,0,1	214	75
1216	0,2,0,0,0,0,0,0,1,0	1,1,1,0,0,0,1,2,1,0	0,1,0,0,0,0,0,2,0,0	0,0,0,1,0,0,0,0,0,1	146	75
1218	13,7,16,16,9,13,11,8,15,10	9,6,14,12,6,6,7,3,10,3	15,18,8,18,9,20,10,9,14,6	9,13,6,4,7,7,10,6,5,18	297	75
1219	50,39,31,30,29,31,42,33,24,43	0,1,1,0,1,1,1,0,1,0	32,32,39,32,39,36,34,16,29,24	0,0,0,0,0,2,1,0,3,1	107	75
1220	0,0,0,0,0,0,0,3,0,0	35,48,42,47,33,29,39,28,32,41	2,0,0,0,1,0,0,1,0,0	32,31,26,39,32,32,32,30,38,38	185	75
1221	0,3,1,0,3,3,1,1,0,2	1,0,0,0,0,0,0,0,0,0	1,4,0,2,4,4,0,2,4,2	0,0,0,0,0,0,0,0,0,0	78	75
1222	1,5,2,5,2,2,6,3,4,0	4,12,7,8,8,8,3,7,5,8	6,5,4,5,4,1,7,3,5,1	7,7,7,7,10,9,10,8,3,9	94	75
1223	5,4,1,9,5,1,4,8,6,4	0,0,0,0,0,0,0,0,0,0	5,7,4,4,6,6,8,3,5,8	0,0,0,1,0,0,0,0,0,0	79	75
1224	122,103,128,93,105,112,116,92,120,122	0,1,3,0,0,0,0,0,0,0	110,116,108,119,104,131,117,91,78,105	0,0,2,0,0,0,0,0,0,1	81	75
1226	36,36,36,33,32,26,24,32,41,25	3,9,6,10,6,13,6,6,5,7	32,30,24,35,26,21,20,25,36,49	6,11,3,6,10,5,7,1,4,6	356	75
1227	171,121,126,103,127,68,176,147,189,115	1,0,2,0,0,0,0,0,1,0	122,164,77,149,89,110,80,111,158,174	0,2,0,0,0,0,0,1,0,2	115	75
1228	0,0,0,1,0,2,0,0,0,0	6,4,1,4,3,2,6,2,5,0	0,2,0,0,0,1,2,0,0,0	2,3,2,8,3,4,6,1,0,3	91	75
1229	85,77,84,87,95,69,70,62,83,71	62,83,64,70,70,54,55,68,70,53	80,81,90,61,105,82,97,87,87,94	68,80,77,70,61,60,86,81,70,70	93	75
1230	174,189,173,167,179,155,158,161,197,184	14,8,16,8,12,14,8,8,11,11	138,184,147,145,160,180,184,170,128,148	6,4,7,4,15,11,13,13,7,12	78	75
1231	59,45,42,53,37,44,36,38,40,37	3,4,2,2,4,4,1,2,6,4	35,43,43,57,28,44,31,54,38,43	0,9,6,6,1,4,0,10,0,6	78	75
1232	30,33,41,36,31,42,24,35,40,46	4,1,7,2,2,5,2,4,6,2	28,33,34,26,35,40,49,33,36,29	4,7,2,4,3,6,1,5,1,4	78	75
1233	553,554,578,541,519,495,451,394,458,518	1,1,1,1,2,3,1,0,8,5	541,575,523,505,555,553,525,526,467,498	3,3,4,0,4,1,3,3,0,3	169	75
1234	40,50,30,40,42,38,24,37,34,32	182,169,164,160,141,161,128,117,123,141	45,41,38,36,31,39,38,27,42,30	141,166,154,129,173,141,169,151,159,137	96	75
1235	191,204,199,211,177,175,158,155,152,205	182,169,164,160,141,161,128,117,123,141	220,184,186,148,204,191,207,180,182,158	141,166,154,129,173,141,169,151,159,137	129	75
1236	156,166,174,175,145,142,136,125,125,180	5,12,5,4,10,5,2,7,7,7	182,150,156,121,178,156,177,157,150,131	7,7,8,9,5,4,8,4,10,3	108	75
1237	14,18,16,4,15,13,16,13,11,13	4,2,7,6,3,6,1,2,3,9	18,14,16,16,11,15,20,9,15,12	2,6,1,7,7,5,6,0,3,2	78	75
1238	2,4,1,1,2,1,4,4,3,2	40,34,50,38,45,33,34,43,55,56	6,2,3,1,2,3,3,3,1,2	52,42,51,31,31,47,45,38,37,28	130	75
1239	26,25,45,35,43,27,39,49,35,38	2,2,2,0,3,0,0,2,0,2	37,47,36,18,33,50,45,39,41,34	2,4,1,0,2,1,0,2,0,2	128	75
1241	29,14,17,21,14,7,12,18,22,6	3,4,0,6,3,1,1,6,0,0	17,19,17,14,15,11,24,15,18,27	1,3,1,0,1,0,0,0,7,1	78	75
1242	0,0,0,0,0,1,0,0,0,0	17,16,10,15,8,13,18,8,11,14	0,0,0,0,0,0,0,0,0,0	9,17,8,8,16,9,15,9,8,9	96	75
1243	1,0,0,0,1,0,0,0,1,0	0,0,0,0,0,0,0,0,0,1	0,0,0,0,0,0,0,0,0,0	0,0,3,0,0,2,0,1,0,0	96	75
1244	298,303,269,277,216,241,239,227,224,225	8,5,10,14,9,10,9,6,7,6	257,260,216,229,223,276,267,229,241,244	13,9,6,9,11,6,10,5,13,9	80	75
1245	44,36,49,45,40,31,38,35,33,43	4,7,0,4,6,2,2,5,5,6	33,47,45,38,43,30,31,36,33,40	3,8,6,5,6,5,10,3,0,3	234	75
1246	31,38,46,45,42,48,40,47,54,32	0,0,0,0,4,1,2,1,0,3	29,44,45,43,39,33,35,36,25,32	2,2,1,0,2,2,2,0,0,2	177	75
1247	31,29,31,35,29,43,24,30,33,42	2,0,0,1,0,0,1,2,0,0	23,31,37,49,40,35,33,43,36,41	0,0,0,0,2,0,0,0,2,0	103	75
1248	15,10,18,11,6,10,12,15,8,11	3,4,6,3,3,3,4,5,0,0	10,17,8,15,12,14,9,15,6,10	1,4,2,4,2,4,5,4,2,4	94	75
1249	49,43,47,46,50,45,39,39,37,48	0,0,1,0,0,0,0,0,0,0	33,56,47,54,37,43,45,51,40,34	0,0,0,0,0,0,1,0,0,0	192	75
1250	53,49,52,50,65,61,64,35,58,62	1,1,0,0,0,0,0,0,1,0	57,54,55,33,44,40,59,43,50,55	0,0,0,0,0,0,0,0,0,1	110	75
1251	11,9,7,12,11,15,15,10,10,7	27,28,24,25,9,19,29,20,18,26	13,14,2,10,14,15,8,8,5,11	25,22,17,17,21,23,24,19,12,21	163	75
1252	61,63,63,64,53,60,69,63,65,54	0,0,0,0,0,0,0,0,1,0	50,66,45,77,48,61,59,64,55,65	0,0,0,0,0,0,0,0,0,0	421	75
1253	53,48,43,36,40,47,39,36,38,34	0,0,0,0,0,0,1,0,0,0	43,72,36,49,59,53,41,31,44,47	0,0,0,0,0,0,0,0,0,0	291	75
1254	20,28,34,31,26,33,19,15,28,30	0,0,0,0,1,0,1,0,1,0	32,40,15,25,17,21,16,31,25,33	0,0,0,0,0,0,0,0,0,0	77	75
1255	2,9,8,3,7,2,5,6,5,3	82,59,81,86,69,54,55,65,49,59	6,4,7,2,8,10,6,3,4,3	76,88,65,77,73,82,91,102,70,49	78	75
1257	506,579,534,490,491,513,490,440,510,388	0,0,0,0,0,0,0,0,0,0	470,590,540,585,501,516,466,503,504,496	1,0,0,0,0,1,0,0,0,0	207	75
1258	12,20,16,9,20,13,13,17,17,13	100,134,68,67,83,109,86,84,114,73	12,20,18,26,15,23,11,17,17,17	87,101,88,145,100,106,109,93,103,89	109	75
1259	27,30,29,25,24,20,22,13,19,20	87,110,110,109,97,105,95,75,81,74	26,37,38,28,28,37,17,15,24,14	101,107,114,94,111,118,72,70,101,82	109	75
1260	3,6,8,11,10,11,15,6,5,11	10,5,5,3,2,5,9,4,9,9	7,18,12,8,11,13,14,6,2,11	3,4,7,7,2,4,13,1,10,4	234	75
1261	6,10,11,21,16,16,19,11,13,15	10,5,5,3,2,5,9,4,9,9	9,22,21,13,11,16,24,11,2,12	3,4,7,7,2,4,13,1,10,4	274	75
1262	3,4,4,10,7,5,4,5,8,4	0,0,1,0,1,0,0,0,0,0	3,4,9,6,2,6,10,5,0,1	1,0,0,1,2,3,0,0,0,0	115	75
1263	25,10,23,20,13,21,25,10,19,27	0,1,1,0,1,0,1,1,0,1	20,20,25,26,14,19,33,23,11,14	0,2,1,1,0,0,0,1,2,0	190	75
1265	173,149,183,146,153,150,101,120,131,113	0,1,1,0,0,0,0,0,0,0	137,183,117,164,140,148,135,103,134,128	0,0,0,0,0,0,0,0,1,0	82	75
1266	3,4,1,3,2,3,3,5,4,6	0,0,0,0,0,0,1,0,0,0	7,4,3,1,4,4,0,4,5,0	0,0,0,0,0,0,0,0,0,0	77	75
1267	18,19,17,11,17,15,25,22,17,16	0,0,0,0,0,0,1,0,0,0	24,15,19,24,15,22,20,25,20,27	0,0,0,0,0,0,0,0,0,0	132	75
1268	18,19,17,11,17,15,25,22,17,16	3,4,1,3,2,3,3,5,4,6	24,15,19,24,15,22,20,25,20,27	7,4,3,1,4,4,0,4,5,0	130	75
1269	0,0,0,0,3,0,2,0,0,0	82,76,75,67,74,68,63,55,72,66	1,1,0,0,0,0,0,1,0,0	69,87,89,65,74,74,77,80,72,76	107	75
1270	0,4,1,4,0,4,1,2,0,0	3,0,1,0,0,0,0,0,1,0	0,0,1,0,0,3,2,0,5,0	0,0,1,0,0,0,1,0,0,0	79	75
1271	0,0,0,1,1,0,0,0,0,0	0,1,0,0,1,0,0,1,0,0	1,0,0,0,0,0,0,0,0,0	0,0,0,0,0,0,0,0,0,0	132	75
1272	24,21,23,27,22,26,19,21,23,15	0,1,2,0,3,2,2,0,1,0	25,19,16,21,27,25,32,18,38,20	0,1,0,0,0,2,1,0,0,3	518	75
1273	5,1,8,2,1,2,2,7,4,3	35,32,37,25,15,18,27,34,36,19	2,1,3,2,1,2,2,2,3,2	29,22,33,16,33,21,32,23,21,14	122	75
1275	95,78,96,78,74,65,61,77,88,86	0,0,0,0,1,0,1,1,0,1	80,100,94,102,88,115,98,90,84,73	1,0,1,0,0,1,0,0,1,0	79	75
1278	5,8,2,0,0,2,1,2,2,2	1,0,0,0,0,0,0,0,0,0	3,5,0,5,5,3,2,6,2,2	0,0,0,0,0,0,1,0,0,0	79	75
1280	41,32,46,37,50,33,24,33,36,34	12,13,14,17,4,19,9,9,8,4	40,30,40,51,27,27,24,29,38,28	12,19,7,12,12,9,8,4,13,4	78	75
1281	5,6,3,5,4,5,5,7,2,10	53,37,37,36,32,34,35,27,28,29	6,3,6,5,4,5,6,4,1,0	34,31,32,48,29,22,27,34,34,18	90	75
1283	15,19,11,18,16,9,11,5,16,21	13,6,3,4,3,7,4,3,3,4	8,12,9,14,13,13,15,12,18,10	2,1,4,5,12,4,7,2,6,0	78	75
1284	200,199,245,210,205,176,186,170,194,237	102,105,116,84,76,70,70,53,73,68	196,233,221,178,212,230,207,165,184,219	75,84,88,76,82,90,79,99,78,85	135	75
1285	1626,1503,1758,1493,1432,1452,1327,1197,1425,1594	0,2,0,0,0,0,0,0,0,0	1448,1583,1449,1435,1523,1572,1572,1466,1381,1425	0,1,0,0,1,1,1,1,0,0	199	75
1286	30,31,29,26,32,29,35,27,34,21	2,5,1,3,4,6,3,2,5,5	26,49,40,35,33,37,47,39,27,43	2,7,6,3,5,4,6,7,3,7	78	75
1287	21,15,13,10,8,3,7,9,7,18	0,0,0,0,1,0,0,1,0,0	12,8,8,8,18,7,14,8,10,4	0,0,0,0,0,0,0,1,0,0	186	75
1288	11,7,7,4,6,5,3,7,7,3	1,0,0,0,0,0,0,0,0,0	7,3,8,5,5,5,6,5,9,6	0,0,0,0,0,0,0,0,0,0	111	75
1294	0,3,1,0,0,2,1,0,0,0	17,27,35,23,29,19,11,15,20,21	0,1,0,0,0,0,0,0,0,3	20,20,20,24,22,23,27,24,24,27	131	75
1295	0,2,3,1,2,0,0,2,0,0	16,23,18,15,16,21,15,16,25,25	0,5,0,3,0,1,1,0,1,2	11,12,11,21,28,20,23,21,19,15	78	75
1297	123,105,132,125,97,111,99,104,118,126	24,32,23,26,30,30,16,29,26,30	128,140,105,105,119,129,137,109,111,78	22,30,34,35,31,32,37,32,39,25	117	75
1298	240,259,246,216,208,201,176,201,194,204	0,2,0,1,0,0,2,0,1,2	205,210,203,226,188,221,228,212,190,204	0,5,0,0,1,0,0,0,0,2	79	75
1301	3,2,0,2,2,0,0,0,4,0	0,0,0,2,0,0,0,0,0,0	3,1,1,2,0,3,0,1,1,2	0,0,0,0,0,0,0,0,0,0	78	75
1302	0,3,2,1,0,4,2,0,2,0	5,8,8,7,8,10,12,12,12,11	0,3,0,1,2,3,2,1,1,1	15,10,6,10,9,13,9,9,8,8	90	75
1303	0,0,2,1,1,2,0,1,0,0	23,36,29,24,18,24,16,26,35,29	0,1,2,1,1,1,0,0,2,1	14,16,13,28,24,24,19,24,21,23	96	75
1304	4,6,3,7,6,5,9,4,5,6	2,5,3,5,8,6,3,4,5,8	3,3,3,7,8,10,5,3,6,5	6,8,6,10,5,5,9,3,6,0	78	75
1305	0,0,1,0,0,0,0,0,0,0	0,0,0,0,0,0,0,0,0,0	0,0,0,0,0,0,0,0,0,0	0,1,0,0,0,0,0,0,0,0	78	75
1306	22,21,18,14,22,17,22,18,21,12	4,4,3,3,3,6,0,6,5,6	11,21,14,24,22,23,18,21,23,15	8,4,3,4,10,2,7,8,8,5	78	75
1307	2,2,2,0,0,1,0,2,1,2	0,0,0,3,1,1,0,0,0,0	1,2,0,0,2,0,1,0,2,2	1,0,0,0,0,0,0,0,0,2	78	75
1308	91,91,114,99,95,89,88,68,85,111	49,54,59,49,60,53,44,40,37,37	88,97,82,111,104,106,107,98,96,83	42,64,37,62,48,46,50,39,39,36	78	75
1309	21,14,17,15,12,17,12,14,20,16	1,0,0,4,1,3,0,0,1,1	7,25,17,12,12,20,19,10,15,7	1,1,1,1,1,1,1,3,0,0	78	75
1310	151,131,171,120,126,84,116,113,101,117	1,0,3,2,0,1,3,0,0,0	132,119,128,107,124,134,133,132,106,108	3,3,2,1,1,1,0,1,0,3	196	75
1311	208,173,242,177,186,130,164,158,130,166	4,11,10,7,2,8,10,12,12,1	193,195,175,150,186,214,196,186,165,154	11,4,10,8,4,6,11,12,7,7	278	75
1312	58,42,74,59,60,47,51,45,29,49	4,11,10,7,2,8,10,12,12,1	64,79,49,44,63,81,63,55,59,49	11,4,10,8,4,6,11,12,7,7	157	75
1313	54,42,44,30,48,38,38,37,46,32	0,0,0,0,0,0,0,0,0,0	33,38,36,34,29,46,41,36,32,42	1,0,0,0,0,0,0,0,0,0	951	75
1314	8,17,15,15,13,17,13,13,12,10	5,3,5,5,3,1,4,1,5,1	6,15,11,14,10,15,18,11,16,6	1,2,1,2,1,1,3,5,1,2	108	75
1315	28,27,31,25,20,32,23,25,27,21	1,2,0,0,1,0,4,0,2,2	19,28,26,23,28,27,26,31,29,19	1,0,1,0,1,2,0,3,1,0	108	75
1316	2,1,4,1,0,0,0,0,3,1	32,32,25,25,24,27,21,18,21,25	2,7,2,0,1,1,0,2,1,5	32,30,15,22,40,28,40,31,12,31	128	75
1317	1,1,3,2,1,0,1,1,0,2	10,5,5,2,5,6,2,7,4,8	2,1,1,2,1,3,1,0,0,1	5,2,5,1,4,2,9,3,6,2	116	75
1319	0,0,0,1,0,0,0,0,0,0	11,8,13,16,9,13,8,2,2,7	0,0,0,0,0,0,0,0,0,0	12,12,10,9,10,15,15,10,8,11	88	75
1320	19,11,14,19,26,21,9,26,22,22	0,2,0,0,0,0,0,0,0,0	15,21,24,19,13,35,26,9,15,17	0,0,0,0,0,0,0,0,1,0	150	75
1321	119,116,138,118,104,95,60,81,97,101	0,0,0,0,0,0,0,0,0,0	100,117,77,85,91,88,88,107,110,97	0,0,0,1,0,0,0,0,0,0	101	75
1322	46,34,42,36,35,35,41,29,40,35	0,0,0,0,0,0,0,0,0,1	29,31,49,40,43,49,35,39,50,40	0,0,0,0,0,0,0,0,0,0	79	75
1323	5,4,7,12,7,9,13,8,4,2	1,0,2,1,3,2,0,2,3,0	7,15,10,3,5,9,11,6,11,5	1,1,1,2,0,1,0,1,0,0	78	75
1325	1,1,0,1,0,0,0,0,0,1	41,42,35,18,30,26,25,27,22,37	0,0,0,1,0,1,1,0,0,0	28,27,51,28,37,41,37,33,44,33	106	75
1326	64,64,73,63,65,74,73,51,64,86	3,3,7,2,5,0,4,3,2,2	63,89,73,61,72,57,75,72,79,66	4,2,4,4,3,2,4,3,3,4	398	75
1327	116,104,126,109,114,121,114,91,104,124	0,0,1,2,0,0,0,0,0,0	100,128,129,102,110,114,124,103,112,113	0,0,0,0,0,0,1,0,0,0	489	75
1328	55,43,60,48,54,47,45,43,42,40	0,0,1,2,0,0,0,0,0,0	41,41,60,45,41,59,53,34,36,51	0,0,0,0,0,0,1,0,0,0	166	75
1329	88,62,77,71,64,80,64,59,57,48	4,3,7,4,1,2,2,4,0,3	58,70,72,61,54,90,70,57,58,71	5,4,1,4,4,4,5,1,1,5	166	75
1335	0,3,2,2,0,5,3,2,1,0	3,4,2,3,7,3,4,2,1,1	3,3,1,3,1,4,4,1,4,2	4,4,1,7,0,5,2,4,2,3	81	75
1336	0,0,0,0,0,0,0,0,1,0	0,0,0,0,0,0,0,1,0,0	0,0,0,1,0,0,0,0,0,0	0,0,1,0,3,0,0,0,1,1	81	75
1337	4,2,4,1,4,4,6,5,5,5	0,0,0,2,0,1,1,0,0,0	0,1,0,2,4,5,6,11,3,0	1,0,0,1,0,1,0,0,1,0	78	75
1338	108,98,114,143,91,98,104,109,115,99	14,9,5,8,0,2,1,6,6,6	88,125,87,90,110,108,155,129,103,89	6,5,5,2,9,5,6,4,3,5	78	75
1339	24,18,15,14,11,11,9,13,13,12	5,7,8,2,8,1,2,1,3,0	19,12,12,16,11,17,10,18,8,8	3,2,3,1,5,3,1,5,4,5	78	75
1340	1,1,0,0,0,0,0,1,0,1	99,89,108,102,77,89,83,65,94,95	0,1,0,0,1,0,2,0,0,0	81,109,78,109,103,83,96,111,96,94	84	75
1341	0,0,0,1,0,1,0,1,0,0	60,68,55,53,56,40,40,50,59,50	0,0,0,0,0,0,0,0,0,0	64,59,47,54,79,74,63,51,51,54	78	75
1342	4,0,0,2,0,1,0,1,1,1	13,6,16,14,6,9,11,11,13,15	2,3,3,5,4,0,2,2,2,1	16,14,6,13,4,6,8,5,13,9	136	75
1343	29,42,40,43,33,37,49,24,33,30	1,2,0,0,0,1,0,0,0,2	40,42,39,25,55,45,46,37,24,35	0,2,2,2,0,0,0,0,2,0	109	75
1344	0,0,0,0,0,0,0,0,1,0	0,0,1,1,3,3,0,0,1,0	0,0,0,0,0,0,0,0,0,0	0,1,0,2,0,2,0,4,2,0	93	75
1345	215,184,217,203,165,178,166,150,167,186	0,0,0,0,1,0,0,0,0,0	209,194,212,190,190,204,196,143,175,131	1,0,1,1,0,3,0,1,0,0	114	75
1346	4,4,4,6,7,7,7,9,6,11	0,0,0,0,1,0,0,0,0,0	10,6,5,8,6,7,4,8,6,8	0,0,0,0,0,0,0,0,0,0	79	75
1348	0,1,2,0,1,2,0,0,0,0	0,1,0,0,0,0,1,0,1,0	0,0,1,0,0,1,0,0,0,0	0,0,0,0,0,1,0,0,0,0	112	75
1349	0,2,2,0,1,2,0,0,1,0	2,0,0,5,0,0,3,0,0,0	0,1,0,0,1,1,0,0,0,0	2,1,0,1,0,0,3,2,1,1	112	75
1351	45,34,42,28,23,23,40,36,47,22	1,1,1,0,0,1,0,1,0,0	32,43,19,34,24,29,38,38,32,43	1,0,0,3,2,0,0,1,0,1	1353	75
1352	3,5,11,6,4,6,2,5,2,4	0,3,0,1,2,1,1,1,2,1	5,1,5,1,2,2,7,4,3,4	1,1,3,0,0,2,1,0,1,0	92	75
1353	10,17,14,15,12,12,11,16,10,10	1,2,0,1,2,0,1,1,4,0	14,19,14,11,13,18,8,7,7,5	1,2,0,0,3,2,2,1,1,2	92	75
1354	4,4,4,6,4,3,3,0,3,4	1,2,0,0,0,0,0,0,1,1	1,6,5,3,4,2,4,4,2,2	1,0,0,1,0,2,0,0,0,0	92	75
1355	6,9,9,8,7,5,10,3,5,4	9,2,9,9,3,10,10,6,1,4	4,12,8,6,5,5,6,5,5,4	3,7,7,3,5,6,6,7,6,10	92	75
1357	21,16,24,25,18,21,27,21,19,23	1,0,3,4,4,1,4,6,7,2	12,26,18,20,27,19,20,18,19,20	2,1,2,0,7,4,1,2,0,2	78	75
1358	5,5,5,5,5,3,10,6,10,4	4,3,2,0,1,1,1,0,1,2	4,7,2,8,9,6,4,6,2,4	1,0,4,2,1,0,1,2,1,0	78	75
1360	30,23,27,25,27,25,19,21,26,29	56,56,60,43,66,51,31,38,45,39	25,39,19,29,25,31,36,24,17,19	54,73,48,51,34,32,52,49,50,56	227	75
1361	0,0,0,0,0,0,0,0,0,0	29,31,26,31,31,22,19,15,21,18	0,1,0,0,0,0,0,0,0,0	35,26,19,21,28,21,26,25,19,23	107	75
1365	3,5,2,1,1,7,1,3,2,2	2,1,2,1,0,0,0,0,0,0	3,1,4,2,6,1,1,0,4,4	2,1,1,0,0,1,0,0,0,1	80	75
1366	21,25,22,20,30,27,22,24,22,25	7,6,7,7,7,5,4,8,7,5	27,28,29,28,26,30,31,33,22,20	6,3,19,3,6,5,10,6,9,9	78	75
1368	0,0,0,1,0,0,0,0,0,0	134,101,105,103,116,139,124,102,97,145	0,0,1,0,0,0,0,0,0,0	123,133,103,101,101,111,137,128,123,103	94	75
1369	127,147,158,123,123,129,131,127,117,155	8,2,4,5,3,6,3,2,5,4	129,156,102,124,160,143,155,122,126,155	1,5,3,6,7,6,3,6,2,2	80	75
1370	106,106,104,91,95,92,83,91,102,80	0,0,0,0,0,0,0,0,1,0	86,113,81,85,70,95,86,73,63,92	0,1,0,0,0,0,0,0,0,0	231	75
1372	0,3,0,2,3,0,2,0,0,1	0,0,0,0,0,0,0,0,0,0	0,1,2,3,1,0,1,1,0,2	0,0,0,0,0,0,1,0,0,0	126	75
1373	3,2,8,1,5,5,1,4,2,1	0,0,1,0,0,0,0,1,0,1	1,3,1,2,3,3,4,9,3,5	1,1,0,0,0,0,0,0,0,0	108	75
1374	3,1,2,1,4,0,0,3,1,1	0,0,1,0,0,0,0,1,0,0	2,2,0,4,1,1,4,2,3,5	1,0,0,0,0,0,0,0,0,0	78	75
1375	33,37,27,40,27,25,30,38,29,22	7,1,2,0,5,5,2,1,2,1	22,31,30,39,32,29,24,29,48,34	0,1,2,2,2,1,1,2,1,2	959	75
1376	4,5,3,3,4,2,4,3,3,4	0,0,0,0,0,0,0,0,0,0	2,1,2,1,1,5,2,6,3,4	1,0,0,0,0,0,0,0,0,0	96	75
1377	3,5,4,7,3,5,1,3,2,5	0,1,2,0,1,1,0,1,0,0	2,3,3,5,6,5,5,4,1,3	0,0,0,0,0,1,0,0,0,2	106	75
1379	0,1,0,1,0,0,0,0,1,0	12,4,11,14,8,10,3,8,10,8	1,2,1,0,2,0,0,0,1,0	6,16,9,10,5,13,7,9,9,4	94	75
1380	57,39,45,38,24,26,40,36,38,23	0,0,0,0,0,0,0,0,1,0	35,35,35,36,29,33,45,36,34,24	0,0,0,0,0,0,0,0,0,0	84	75
1382	9,8,2,8,7,10,7,6,1,8	0,0,0,0,0,0,0,0,1,0	7,10,4,8,4,9,8,7,5,4	0,0,1,1,0,1,0,3,0,0	1329	75
1384	0,0,0,0,0,0,0,2,0,0	0,1,0,0,0,0,0,0,0,0	0,0,0,0,0,0,0,0,0,0	0,0,0,0,0,0,1,0,0,0	159	75
1385	68,60,66,67,63,68,80,58,66,74	0,0,2,0,1,1,0,0,1,1	64,62,58,77,60,57,76,92,70,67	1,0,1,0,0,2,1,0,1,0	122	75
1388	1,2,0,0,0,0,0,0,0,0	21,19,22,24,22,18,23,18,19,18	0,0,0,0,0,0,0,0,0,0	23,19,23,25,16,26,32,17,15,16	122	75
1394	21,16,26,11,17,17,12,9,14,20	3,0,0,0,0,0,1,1,0,2	16,18,24,16,26,14,14,16,20,16	6,3,4,1,1,1,1,1,0,7	93	75
1395	50,61,70,66,45,56,36,35,52,56	5,6,8,5,5,5,3,1,8,9	73,49,36,49,59,65,54,55,55,37	3,6,4,8,6,6,7,7,5,2	90	75
1396	50,61,70,66,45,56,36,35,52,56	3,0,3,2,2,4,1,6,2,1	74,49,36,49,59,65,55,55,55,37	2,4,4,6,1,3,5,1,3,2	93	75
1397	5,6,8,5,5,5,3,1,8,9	3,0,3,2,2,4,1,6,2,1	4,6,4,8,6,6,8,7,5,2	2,4,4,6,1,3,5,1,3,2	78	75
1398	5,4,1,1,2,2,0,3,4,3	7,5,4,4,9,4,4,5,2,7	2,4,1,1,1,2,1,2,1,2	6,7,4,9,7,4,3,5,3,5	78	75
1403	0,0,0,1,1,1,0,1,0,0	29,28,31,21,19,19,17,21,16,14	1,2,0,2,0,0,0,1,0,0	24,16,21,22,25,23,24,16,27,18	137	75
1404	18,7,14,11,16,13,1,6,14,13	0,0,0,0,0,0,0,0,0,0	6,22,13,13,12,10,13,14,7,11	0,0,0,1,0,0,0,0,0,0	104	75
1405	1,0,0,0,1,0,0,0,0,0	0,0,0,0,0,0,0,0,0,0	0,0,0,0,0,0,0,0,1,0	0,0,1,0,0,0,0,0,0,0	105	75
1408	1,1,1,1,0,0,5,1,2,2	3,5,1,3,7,6,3,2,4,7	0,3,2,1,1,0,1,1,0,0	1,6,7,2,2,4,6,8,4,7	1028	75
1409	242,229,223,201,191,206,210,185,225,212	0,1,1,0,0,0,0,0,0,0	231,222,214,218,210,251,210,205,195,219	1,0,0,0,0,0,0,0,0,0	149	75
1410	62,53,54,55,60,50,49,39,57,33	2,4,6,8,3,6,11,4,7,12	32,62,67,54,62,50,52,46,51,38	10,7,9,8,7,9,5,8,6,5	177	75
1411	79,81,77,80,78,63,57,47,64,55	2,4,6,8,3,6,11,4,7,12	59,82,89,80,80,72,79,64,71,55	10,7,9,8,7,9,5,8,6,5	186	75
1412	23,34,28,27,24,20,12,13,19,26	6,6,5,2,6,7,4,5,12,4	28,26,31,29,24,27,28,21,25,20	1,6,9,3,6,5,1,3,5,3	84	75
1415	37,39,45,22,22,31,24,29,19,38	1,2,1,1,3,3,1,2,0,0	25,38,27,28,26,15,28,16,34,33	2,1,5,1,2,2,1,1,3,1	108	75
1416	222,240,244,213,218,232,158,157,199,229	23,11,16,13,28,15,12,21,17,24	206,240,209,212,228,208,201,205,222,210	26,16,20,20,17,16,19,25,12,20	78	75
1422	2,2,4,0,4,1,2,3,6,3	68,41,71,39,44,36,38,39,53,45	4,5,2,1,1,0,1,1,2,7	59,46,36,48,50,45,54,42,44,34	662	75
1423	2,2,2,2,1,2,0,4,1,2	19,20,13,14,16,20,12,14,16,8	0,0,1,3,1,2,1,2,0,0	17,15,12,9,19,24,25,26,19,17	138	75
1424	46,56,52,32,52,53,41,53,45,45	4,1,0,1,5,4,2,5,0,4	35,54,36,52,38,46,44,48,48,40	5,0,1,0,2,7,0,6,6,1	112	75
1425	564,623,547,499,560,603,465,518,487,536	67,62,48,42,50,45,29,38,50,44	517,589,547,605,546,577,542,546,644,580	54,54,45,65,69,68,51,44,49,50	195	75
1426	266,250,258,241,258,291,221,256,242,251	0,0,0,0,0,0,0,0,0,3	257,285,259,232,275,254,230,290,296,269	0,0,0,0,0,0,0,0,0,0	597	75
1427	16,14,12,18,9,16,12,10,14,12	8,4,2,8,7,1,2,4,6,11	8,6,14,17,21,19,15,6,24,10	3,3,3,4,5,5,3,9,6,3	78	75
1430	138,166,167,168,155,154,112,115,107,141	25,26,27,27,31,18,26,23,24,18	125,143,153,130,155,172,142,141,110,143	30,21,29,30,25,19,27,24,14,27	78	75
1431	224,246,247,252,226,225,173,178,174,214	29,29,38,29,34,33,28,26,43,25	203,213,222,188,229,260,208,226,184,208	30,25,30,20,40,24,33,27,43,28	99	75
1432	111,106,107,111,102,89,87,86,91,91	29,29,38,29,34,33,28,26,43,25	108,91,98,88,99,107,93,109,88,92	30,25,30,20,40,24,33,27,43,28	96	75
1433	226,244,234,242,210,264,225,235,239,198	204,203,195,185,188,180,155,157,162,142	268,232,236,222,243,228,241,225,277,212	190,209,182,206,165,195,164,185,154,167	1472	75
1434	162,176,214,170,154,183,174,164,146,131	78,89,98,94,75,83,69,66,85,99	183,172,167,183,175,181,161,204,171,175	89,90,84,74,86,89,98,83,83,77	216	75
1437	153,139,138,128,127,140,105,113,131,120	9,4,12,9,7,12,7,5,3,1	118,142,118,115,122,99,133,122,127,151	9,5,4,2,12,3,5,4,1,8	148	75
1438	8,10,17,6,15,5,9,4,8,8	0,1,0,1,1,2,0,0,2,0	14,8,10,13,8,10,18,7,12,12	0,0,1,1,3,3,1,1,2,1	104	75
1439	13,17,8,9,8,8,11,8,9,11	0,0,0,0,0,0,0,0,0,0	7,16,14,14,17,7,9,13,9,11	1,1,0,0,0,0,0,0,0,0	175	75
1440	2,2,1,2,2,1,0,2,1,1	2,0,0,2,1,0,0,0,0,0	1,0,4,1,3,1,1,1,1,2	0,1,0,1,0,0,0,0,0,0	131	75
1441	0,0,0,0,0,0,1,0,0,0	0,0,0,0,0,0,0,1,0,0	0,0,0,0,0,0,0,0,0,0	1,0,0,1,0,0,0,0,0,0	164	75
1442	2,1,1,2,0,0,0,1,2,1	0,3,0,1,0,1,1,1,0,0	1,1,0,2,0,0,1,2,0,2	0,1,1,0,2,2,0,4,1,0	78	75
1443	134,139,117,106,122,107,118,98,112,142	0,0,0,0,0,0,0,1,0,0	125,133,123,111,124,128,94,107,90,133	0,0,0,0,0,0,0,0,0,0	284	75
1444	0,0,0,0,0,0,0,0,1,0	15,11,12,7,6,8,10,13,14,5	0,0,0,0,0,0,0,0,0,0	7,10,7,4,6,14,5,11,12,7	130	75
1445	4,5,3,4,1,4,1,1,10,9	1,0,0,0,0,0,0,0,0,0	4,4,3,4,5,5,3,5,4,7	0,0,0,0,0,0,0,0,0,1	89	75
1447	2,1,0,0,1,0,2,2,0,0	0,0,0,1,0,0,0,0,2,0	0,2,0,0,0,0,0,0,0,0	0,1,0,0,0,1,0,0,0,0	78	75
1449	35,21,29,25,27,34,23,20,20,38	1,3,0,1,1,2,7,2,3,5	31,37,42,24,36,29,43,23,16,32	3,1,1,1,2,1,1,3,0,2	103	75
1450	150,120,128,133,116,123,109,111,111,113	1,3,0,1,1,2,7,2,3,5	129,121,148,134,123,141,148,138,119,118	3,1,1,1,2,1,1,3,0,2	180	75
1451	132,105,121,120,100,107,99,104,102,96	17,6,22,12,11,18,13,13,11,21	115,110,128,117,109,124,125,121,114,103	17,26,22,7,22,12,20,6,11,17	152	75
1452	0,0,0,0,0,0,0,1,0,0	0,2,0,0,0,0,0,0,0,0	0,0,0,0,0,0,0,0,0,0	0,0,0,1,0,0,0,0,0,0	132	75
1453	4,8,2,8,5,4,10,3,13,7	0,1,0,0,1,0,0,0,0,0	6,4,5,6,5,2,4,2,2,2	0,0,0,0,0,0,0,0,0,0	99	75
1455	40,52,77,61,64,55,48,43,40,47	1,2,2,1,0,1,1,3,0,2	48,45,38,46,61,62,60,45,43,51	2,4,0,0,4,1,1,1,2,3	97	75
1458	16,8,16,7,22,9,10,13,10,13	9,13,9,17,5,15,4,2,3,6	9,14,5,9,9,14,15,9,8,3	9,11,10,11,7,7,12,15,7,17	293	75
1459	12,15,7,6,5,7,4,8,4,10	71,69,68,66,57,52,62,69,64,61	10,10,7,6,16,5,8,7,6,7	62,60,50,58,57,65,63,59,45,62	78	75
1461	55,42,52,42,29,39,33,33,37,30	4,5,4,1,2,3,1,0,4,3	32,33,36,32,38,39,45,31,36,31	1,3,3,1,4,4,1,5,3,1	135	75
1463	1922,1843,1854,2075,1742,1850,1878,2064,1860,1553	0,0,0,0,0,0,1,0,0,0	1661,2144,1725,1990,1578,1787,1641,1958,2163,1962	0,0,0,0,0,0,0,0,0,0	1400	75
1464	53,48,42,50,56,91,55,64,57,62	0,0,0,0,0,0,0,0,0,1	34,63,57,58,32,47,66,65,38,43	0,0,0,0,0,1,0,0,1,0	103	75
1465	47,58,41,54,55,93,41,66,47,58	0,0,1,0,2,1,1,2,1,0	38,49,60,54,34,44,53,65,39,41	0,0,0,0,0,0,0,4,2,0	103	75
1466	1,0,0,0,1,0,1,1,0,0	2,2,0,0,0,0,0,0,1,0	2,1,1,0,0,0,1,2,1,0	0,0,0,1,0,1,3,0,1,0	181	75
1467	4,2,3,4,2,5,2,4,1,3	80,59,56,49,42,64,52,51,47,58	3,3,6,3,3,1,5,0,3,3	78,53,38,37,49,57,60,49,51,55	119	75
1470	5,5,2,7,7,0,9,4,2,5	3,1,1,1,0,0,0,0,2,0	4,5,1,4,4,7,2,7,8,2	1,2,0,0,0,0,2,0,0,1	123	75
1471	2,3,1,4,1,3,6,4,2,1	0,0,2,0,0,0,2,1,3,3	4,6,1,2,4,0,5,1,3,4	1,0,0,0,0,1,0,1,1,3	176	75
1472	10,10,10,5,8,2,11,0,8,4	0,0,0,0,0,0,0,0,1,0	7,14,7,4,5,7,5,7,6,9	0,0,0,0,0,0,0,0,1,0	433	75
1473	59,63,82,62,68,72,64,63,47,61	17,25,27,19,19,30,14,12,19,27	61,72,62,66,75,69,56,84,79,79	19,28,28,20,27,27,22,28,33,30	78	75
1474	0,0,0,0,1,0,0,0,0,0	1,3,2,0,0,1,0,0,0,0	0,0,0,0,0,0,1,0,0,0	1,2,0,3,1,0,0,0,0,0	78	75
1476	17,13,19,21,9,26,20,15,11,13	0,0,1,0,0,0,0,0,0,0	22,16,20,11,16,24,22,11,16,28	1,0,0,0,1,0,0,0,0,0	90	75
1477	270,197,225,239,207,253,198,178,200,238	35,47,39,33,37,38,28,21,25,26	247,230,220,220,227,213,245,206,233,238	39,37,33,25,38,34,36,39,38,49	90	75
1478	21,14,19,26,18,25,18,27,15,9	302,318,321,300,310,359,271,269,271,340	22,22,8,15,15,17,12,13,23,24	324,311,302,306,304,327,279,290,320,308	99	75
1479	132,148,134,126,116,156,117,107,108,121	175,203,192,193,177,176,128,158,181,180	144,111,117,120,104,119,146,125,127,137	164,191,162,185,167,211,190,184,187,152	132	75
1480	71,76,66,61,60,77,68,56,54,66	0,2,1,0,2,3,0,1,1,2	78,54,60,60,57,65,87,63,62,67	0,0,1,0,0,3,0,1,3,4	132	75
1481	39,48,47,45,42,58,30,40,40,41	210,256,234,207,204,228,147,208,219,188	28,43,36,29,39,39,51,53,49,36	209,206,196,202,193,246,239,181,240,173	96	75
1482	35,28,42,24,29,33,25,42,28,39	15,24,21,16,17,14,11,13,15,17	48,42,35,36,38,38,37,41,36,44	16,12,16,19,15,17,14,21,23,21	78	75
1483	74,80,77,56,67,57,55,52,41,41	1,0,0,0,0,0,0,0,0,2	54,69,59,63,77,60,69,68,65,63	0,0,1,1,1,0,1,0,0,1	100	75
1484	1,0,0,0,0,0,0,1,0,0	0,0,1,0,0,0,0,0,0,0	0,0,0,0,0,0,0,0,0,3	0,0,0,0,1,0,0,1,0,0	221	75
1485	38,26,27,37,24,38,27,36,26,26	0,1,0,0,1,1,0,0,0,0	35,32,40,21,33,35,29,24,25,38	0,0,0,0,1,0,0,0,1,0	78	75
1486	6,4,3,1,4,3,3,3,3,0	115,79,113,99,99,88,100,104,107,88	1,3,0,1,0,3,5,5,1,1	115,118,85,89,97,103,82,99,95,114	101	75
1487	283,258,276,240,235,230,247,220,225,233	0,0,0,0,0,0,1,0,0,0	239,252,198,232,232,276,239,194,280,253	0,0,0,0,0,0,0,0,0,0	839	75
1488	0,0,1,0,1,0,0,0,0,0	5,3,6,2,5,3,4,2,6,4	1,1,0,0,0,0,0,0,1,0	4,4,6,4,3,2,2,1,2,4	78	75
1489	95,95,122,86,73,79,96,76,78,104	5,3,6,2,5,3,4,2,6,4	118,91,74,73,95,101,98,70,74,86	4,4,6,4,3,2,2,1,2,4	369	75
1490	95,95,122,86,73,79,96,76,78,104	0,0,1,0,1,0,0,0,0,0	117,91,74,73,95,101,98,70,74,86	0,1,0,0,0,0,0,0,1,0	366	75
1491	0,0,0,0,2,0,0,0,0,0	0,1,1,0,0,0,0,1,0,0	1,0,0,0,0,0,0,0,1,0	0,0,0,0,0,0,0,1,0,0	78	75
1492	28,35,30,20,18,15,16,18,15,12	51,44,55,64,46,35,42,47,40,45	33,24,19,17,18,25,18,30,18,16	55,49,52,35,43,55,58,52,51,60	78	75
1493	40,67,48,43,51,42,43,52,39,51	1,0,1,0,1,3,0,1,0,4	41,61,67,48,31,36,38,48,46,33	0,2,1,0,0,0,0,1,1,0	501	75
1497	224,235,260,216,192,247,189,193,198,205	0,0,0,0,0,0,0,0,0,0	204,251,228,231,250,236,224,265,228,208	1,1,0,1,0,0,0,0,0,0	161	75
1498	0,0,0,0,0,0,0,1,1,1	0,0,0,0,1,0,0,0,0,3	1,0,0,0,0,2,1,0,0,0	0,0,0,1,0,0,0,0,0,0	327	75
1499	0,0,0,1,0,0,0,1,1,1	0,0,0,0,0,0,0,0,0,0	1,0,0,0,0,2,0,0,0,0	0,3,0,0,0,0,0,0,0,0	327	75
1500	86,68,88,74,68,77,73,63,55,72	0,0,0,0,0,0,0,2,0,0	79,71,83,73,71,72,49,69,83,63	0,1,0,0,1,1,0,2,3,0	1447	75
1501	17,14,8,9,10,14,12,15,9,17	0,0,0,0,0,0,0,0,0,0	9,8,9,12,10,6,6,6,18,12	0,3,0,0,0,0,0,0,0,0	1447	75
1502	51,59,64,68,49,59,59,44,68,48	0,0,0,0,0,0,0,0,0,0	46,55,57,55,54,52,66,65,63,58	0,0,0,0,0,0,0,1,0,0	2560	75
1503	0,1,0,2,1,2,0,0,1,0	0,0,0,0,0,0,0,0,0,0	0,1,0,0,1,0,1,0,0,0	0,0,0,2,0,0,0,0,0,0	199	75
1504	8,6,9,8,6,4,4,3,4,7	188,183,193,143,176,203,156,141,145,150	7,6,6,6,2,4,4,5,5,5	182,178,158,165,183,144,147,156,137,159	99	75
1505	7,10,10,5,3,3,6,9,11,17	53,50,65,49,58,57,37,48,61,48	6,11,6,4,5,5,7,18,9,9	56,58,69,55,46,51,56,58,71,50	258	75
1506	87,86,96,72,93,94,64,70,94,80	0,0,0,1,0,0,0,0,0,0	79,91,105,92,81,82,87,100,103,76	0,0,0,0,0,0,0,0,0,0	300	75
1507	147,137,126,113,104,114,127,129,136,95	1,0,2,0,0,0,0,1,1,0	127,140,95,128,133,136,138,114,131,127	1,1,2,0,0,1,1,0,0,1	955	75
1508	0,0,0,1,0,2,0,0,1,0	9,5,8,10,8,13,6,11,5,2	0,0,0,0,1,0,1,1,0,0	3,7,4,6,5,11,2,8,3,6	97	75
1509	13,15,11,12,11,13,13,18,21,9	2,0,0,2,1,1,0,2,1,3	11,16,13,11,16,15,23,14,12,11	0,3,0,0,1,1,0,1,0,0	103	75
1510	9,2,11,8,5,12,7,7,6,5	301,278,326,241,254,234,238,189,248,269	5,8,9,2,6,7,8,7,9,10	241,276,275,255,290,278,248,231,246,246	129	75
1512	0,0,0,0,0,0,2,0,1,0	0,0,0,0,0,0,0,0,0,0	1,2,0,0,0,0,0,1,1,0	0,0,0,0,0,1,0,0,0,0	78	75
1513	22,21,19,14,14,15,20,15,17,15	0,2,0,0,0,0,0,0,1,0	16,26,15,13,15,17,20,19,13,8	0,0,0,0,0,0,0,0,0,1	78	75
1514	116,116,126,89,81,87,107,88,92,85	4,9,7,2,4,6,5,5,5,8	86,95,88,90,85,81,90,83,104,105	4,4,4,3,3,2,6,2,3,1	294	75
1515	22,15,15,14,7,19,12,17,14,20	3,0,1,0,0,0,0,0,1,1	12,18,14,22,9,21,15,10,11,9	0,0,3,2,0,2,0,1,0,0	102	75
1516	108,113,146,110,88,107,106,89,102,107	0,0,0,0,0,0,0,0,0,0	103,151,107,129,123,125,106,101,113,117	1,0,0,0,0,0,0,0,0,0	325	75
1518	0,0,2,3,0,0,0,0,0,1	0,0,0,0,0,0,0,0,0,0	2,1,1,0,0,1,0,0,0,0	0,0,0,0,0,0,0,1,0,0	79	75
1519	53,35,41,49,55,50,58,45,45,61	0,0,0,0,0,0,0,1,0,0	40,56,31,36,68,49,58,47,41,37	0,0,0,1,3,1,0,0,0,0	148	75
1520	2,5,2,5,2,0,3,1,0,2	172,159,138,149,154,140,136,142,113,133	1,2,0,3,1,1,1,2,1,1	156,153,149,147,139,166,135,159,150,153	147	75
1521	81,77,72,88,78,75,64,71,63,71	0,0,0,0,0,0,0,0,0,0	80,84,51,93,101,82,78,56,84,68	0,0,0,0,0,0,0,1,0,0	1941	75
1522	60,40,42,36,28,37,43,31,35,38	0,0,0,0,0,0,2,0,0,0	44,50,43,30,33,32,45,46,39,36	0,0,0,0,0,0,0,0,0,0	1983	75
1523	124,99,99,94,90,108,93,83,99,103	3,4,4,2,2,3,10,2,6,2	83,107,92,92,80,82,77,127,117,68	3,3,4,3,2,2,5,2,5,4	86	75
1524	60,49,44,40,60,41,43,42,46,34	0,0,0,0,0,1,0,0,0,0	51,47,27,38,50,47,53,41,45,43	0,0,0,0,0,0,0,0,0,0	121	75
1525	4,3,3,2,2,1,2,4,4,8	211,184,210,196,179,165,161,182,159,194	5,3,3,2,4,4,0,4,5,0	173,187,196,199,194,188,196,196,209,179	127	75
1526	50,25,33,27,32,54,26,28,25,45	21,20,37,21,27,27,21,17,24,27	36,37,39,29,46,35,28,31,36,30	21,24,19,22,20,20,28,21,25,28	78	75
1527	27,22,23,12,16,8,11,16,16,12	0,1,0,0,0,0,0,0,0,3	19,13,9,14,15,19,17,11,15,16	0,1,1,0,0,1,0,0,0,1	116	75
1528	2,0,0,0,0,1,1,1,0,3	55,32,40,28,31,33,25,38,41,50	0,0,3,0,0,0,0,1,0,0	38,57,29,35,41,48,41,28,54,33	124	75
1531	39,43,47,16,24,49,27,39,49,39	0,0,1,2,0,0,0,0,0,0	47,45,48,31,63,42,47,39,38,27	0,0,0,0,0,1,0,0,0,2	78	75
1532	2,4,3,4,5,2,3,3,4,3	32,26,25,22,15,27,23,25,24,23	2,0,0,9,5,4,4,2,2,6	25,22,23,26,21,37,22,29,25,18	93	75
1533	77,72,85,82,81,73,71,71,74,92	7,3,5,5,3,9,6,4,4,5	86,80,81,74,73,90,79,82,68,76	4,8,12,5,8,3,1,4,4,4	84	75
1534	95,87,104,89,97,82,81,81,93,100	6,0,0,0,0,1,0,0,0,1	95,88,99,93,88,109,86,96,75,88	0,0,0,0,0,0,0,0,0,0	87	75
1535	25,18,24,12,19,18,16,14,23,13	6,0,0,0,0,1,0,0,0,1	13,16,30,24,23,22,8,18,11,16	0,0,0,0,0,0,0,0,0,0	78	75
1536	151,157,175,145,115,156,127,147,131,175	4,5,2,9,7,8,4,7,3,5	152,163,117,114,140,129,146,142,140,131	8,1,2,16,13,7,8,14,7,6	78	75
1537	0,0,0,0,0,0,0,0,2,0	45,37,31,28,22,25,23,18,28,23	0,1,1,0,0,0,0,0,0,0	19,19,35,29,26,31,31,19,25,33	116	75
1538	1,0,2,1,0,0,0,0,0,0	20,13,23,10,16,19,12,18,21,19	0,3,0,1,0,0,0,0,1,1	16,13,11,19,19,22,27,19,10,18	156	75
1539	27,28,22,22,18,19,23,17,16,15	2,3,1,4,1,4,1,0,1,1	26,32,15,20,18,25,19,18,30,23	3,4,1,0,0,4,0,0,0,3	98	75
1540	27,28,22,22,18,19,23,17,16,15	6,5,1,3,8,2,0,5,2,1	26,32,15,20,18,25,19,18,30,23	6,2,1,3,3,1,4,5,4,2	101	75
1541	26,33,19,29,24,21,29,23,24,20	0,0,0,0,0,0,0,0,1,0	32,36,19,29,18,26,22,20,36,29	0,0,0,0,0,0,0,0,0,0	234	75
1542	2,3,1,4,1,4,1,0,1,1	6,5,1,3,8,2,0,5,2,1	3,4,1,0,0,4,0,0,0,3	6,2,1,3,3,1,4,5,4,2	78	75
1543	58,48,46,38,54,65,55,27,42,38	3,2,0,1,1,2,1,1,2,1	48,43,40,27,47,47,44,47,36,40	2,2,4,0,0,2,2,2,0,3	102	75
1544	32,41,40,38,34,48,52,36,40,28	0,0,0,0,1,0,0,0,0,0	44,25,29,20,39,30,37,36,37,41	0,0,0,0,0,0,0,0,0,1	245	75
1545	1,0,1,0,0,1,0,0,3,1	48,54,66,54,41,56,56,35,50,47	2,0,0,2,0,0,1,1,1,0	47,64,40,49,39,54,58,52,58,64	92	75
1547	0,0,0,0,0,1,0,0,1,2	0,0,0,0,0,0,0,0,0,4	0,1,0,1,1,1,1,1,1,0	1,1,0,1,0,0,1,0,0,0	78	75
1548	406,343,414,323,338,268,350,324,381,324	4,2,1,0,2,1,3,2,2,0	284,328,382,345,332,435,338,361,305,313	1,5,3,4,1,1,0,1,2,0	321	75
1549	2,1,3,1,3,1,1,3,0,0	215,191,244,220,154,172,198,171,187,187	0,2,2,2,2,2,1,0,2,5	222,218,159,182,197,218,211,190,184,152	78	75
1550	8,8,7,9,11,11,14,4,4,6	340,305,350,249,289,326,250,259,259,265	5,17,13,7,7,10,5,8,7,1	303,355,298,272,277,276,286,264,262,304	130	75
1551	0,1,0,0,0,0,1,1,0,0	14,17,10,14,14,16,11,18,18,17	0,1,0,0,0,1,1,2,0,1	11,21,16,15,11,18,11,19,15,11	92	75
1552	3,5,1,3,2,4,1,6,0,3	0,1,0,0,0,0,0,1,2,2	2,6,1,6,2,4,6,2,1,9	0,0,0,0,0,0,0,0,0,0	78	75
1553	29,33,29,22,28,19,23,24,30,23	2,0,0,0,0,2,1,1,1,0	26,30,25,29,31,35,38,28,21,38	0,0,0,0,0,1,0,0,1,0	78	75
1554	241,234,247,253,189,201,222,178,203,249	63,65,60,63,47,48,49,63,40,50	217,224,198,181,233,226,232,191,218,225	48,46,57,48,32,58,76,51,47,64	78	75
1555	0,2,1,0,0,0,3,0,0,2	0,0,0,0,0,0,0,1,0,0	1,0,0,1,0,0,0,0,2,2	0,0,0,0,0,0,0,0,0,0	144	75
1557	0,1,1,3,1,2,1,2,0,1	37,20,27,30,18,18,24,22,24,27	2,0,1,1,1,2,0,1,0,1	21,17,22,33,20,20,30,23,16,21	95	75
1561	2,2,0,1,0,2,1,0,1,0	130,100,105,107,107,117,99,69,78,86	4,5,2,0,0,0,0,0,1,2	89,108,101,86,102,107,108,99,98,92	163	75
1562	373,335,441,474,373,418,508,449,383,444	61,60,49,53,44,43,66,62,49,68	332,657,335,281,275,499,412,316,318,275	33,54,41,26,42,69,54,27,39,24	128	75
1563	68,53,108,73,66,75,47,53,60,79	0,1,0,0,0,0,0,0,0,2	74,106,85,91,69,70,53,60,81,57	0,0,0,0,0,0,0,2,0,0	90	75
1564	3,0,4,1,2,0,2,1,1,2	32,18,22,23,19,21,19,9,12,19	3,2,1,1,1,1,1,2,4,2	27,21,32,17,30,19,14,23,8,21	209	75
1565	1,2,5,2,0,2,3,0,5,3	63,64,77,48,66,56,58,46,39,46	3,2,1,2,0,0,4,4,0,2	52,58,49,38,45,59,62,52,37,67	173	75
1566	0,2,1,1,1,1,4,2,1,6	1,0,1,1,2,1,4,2,1,3	0,0,1,1,0,2,3,2,1,3	0,0,2,1,0,0,0,1,1,0	78	75
1567	0,2,1,1,1,1,0,1,0,0	38,52,34,39,31,32,21,23,37,43	1,1,1,0,0,2,0,0,0,0	37,48,27,31,50,50,43,44,36,37	306	75
1568	278,308,258,220,231,272,219,200,196,232	5,6,1,3,2,4,3,0,2,2	288,225,260,233,261,239,239,233,266,235	3,7,6,3,2,3,1,3,6,4	110	75
1569	2,1,2,4,2,0,2,1,1,0	0,0,0,0,0,0,0,0,0,0	0,0,1,3,1,3,0,0,3,1	0,0,0,0,0,0,0,0,1,0	117	75
1570	5,1,4,7,4,1,5,3,2,4	0,0,0,0,0,0,0,0,0,0	3,2,2,3,3,2,1,4,3,3	0,0,0,0,0,0,0,0,1,0	147	75
1571	3,1,2,4,3,1,3,3,1,4	0,1,0,1,1,0,0,1,0,0	3,2,2,0,2,0,1,4,3,2	0,0,1,0,0,1,0,0,3,0	105	75
1577	63,58,65,44,64,52,39,43,53,45	4,5,4,3,1,5,1,2,0,4	67,60,59,41,51,68,57,49,52,51	3,1,4,5,2,3,5,3,1,2	200	75
1578	125,145,139,113,114,126,104,72,106,99	0,1,0,0,0,0,0,0,0,0	118,129,100,121,126,117,115,102,112,118	0,0,0,0,0,0,0,0,0,0	143	75
1582	0,0,3,1,0,4,4,0,0,1	3,4,1,9,1,1,3,1,0,3	0,0,0,2,1,2,0,1,0,1	1,4,2,5,9,1,2,4,2,1	78	75
1583	5,1,2,2,0,2,1,3,0,3	144,142,121,125,84,121,113,86,101,89	10,1,3,3,1,0,4,2,2,2	130,101,111,104,107,106,112,96,109,93	97	75
1584	4,0,3,3,1,3,1,1,1,1	19,17,23,12,20,23,18,13,14,14	3,2,1,1,1,6,2,0,6,3	20,14,17,12,29,33,21,28,11,11	195	75
1585	57,46,44,48,49,36,31,36,38,50	0,4,0,0,3,0,1,3,0,3	66,53,27,26,47,37,52,21,54,48	0,0,1,3,0,1,0,0,3,0	365	75
1586	4,1,5,3,8,6,6,5,4,6	80,94,72,47,53,58,50,51,44,62	6,7,6,5,9,8,4,7,5,6	72,58,68,44,60,61,74,51,60,79	141	75
1588	5,6,8,3,2,7,6,7,5,5	18,14,10,10,12,7,5,13,11,11	1,12,3,3,1,6,4,5,2,4	14,15,12,8,12,10,18,12,12,13	78	75
1589	3,5,4,6,10,6,5,9,7,5	12,7,10,10,12,9,8,18,22,9	5,10,7,4,10,7,7,8,3,5	7,17,15,8,11,24,10,10,7,14	81	75
1590	98,101,93,73,82,71,80,67,84,85	0,0,0,0,0,0,0,0,0,0	82,72,92,88,97,89,110,82,84,80	0,0,0,0,0,1,1,0,0,0	132	75
1592	1,1,0,0,2,0,0,0,0,0	206,195,233,178,170,136,168,157,156,185	1,0,0,0,0,1,0,2,0,0	194,222,155,164,203,239,182,131,168,181	111	75
1593	145,121,128,110,88,85,88,94,81,124	0,0,0,0,0,0,0,0,1,0	110,136,97,108,121,117,112,89,104,99	0,0,0,0,0,0,0,3,0,0	166	75
1594	350,315,361,288,256,221,256,251,237,309	0,0,0,0,0,0,0,0,1,0	303,358,252,272,324,355,294,218,272,280	0,0,0,0,0,0,0,3,0,0	130	75
1595	20,25,13,21,23,22,20,17,30,15	1,2,1,0,0,0,0,0,1,0	19,27,27,19,25,19,23,21,30,18	0,3,1,1,0,3,1,0,1,0	130	75
1596	18,26,16,25,26,22,21,19,33,19	25,19,29,25,36,34,25,20,22,22	18,29,30,23,26,17,21,26,29,22	25,44,21,27,25,20,24,32,30,39	130	75
1597	3,1,3,3,4,0,3,1,3,4	60,77,69,61,59,72,50,55,61,72	2,3,3,1,1,7,2,3,2,2	65,59,63,67,65,70,60,69,58,55	107	75
1598	6,6,7,12,5,10,8,3,11,5	2,1,2,11,7,6,8,5,4,2	1,6,1,9,5,4,6,6,3,7	10,8,2,1,4,0,9,4,5,9	78	75
1599	947,902,978,866,808,848,662,643,726,805	2,1,3,4,0,0,2,5,2,1	814,817,836,760,852,788,763,799,805,632	3,1,0,0,5,1,2,1,4,2	149	75
1600	143,161,169,147,156,154,145,131,160,155	1,1,2,1,1,1,0,1,0,1	139,184,133,136,163,156,169,150,141,149	0,0,0,0,1,0,3,0,0,1	143	75
1601	52,54,68,38,36,41,39,30,47,27	1,0,1,0,1,2,0,0,1,1	44,39,37,31,39,44,50,44,40,38	0,0,0,1,0,0,0,1,0,0	80	75
1602	25,28,18,22,30,23,30,15,32,29	0,0,0,0,0,0,0,0,0,1	28,24,38,17,29,31,43,31,20,18	3,0,0,1,2,0,2,0,1,0	80	75
1603	1,0,0,0,0,0,0,0,0,0	14,15,20,17,7,13,7,7,9,15	0,1,0,0,1,0,0,0,0,0	17,16,11,16,15,17,16,11,17,22	103	75
1604	532,561,590,519,457,492,462,447,497,472	0,0,0,0,0,0,0,0,0,0	496,542,497,478,480,544,503,535,515,373	1,0,0,0,1,0,0,0,0,0	1947	75
1605	27,25,21,23,17,15,18,20,25,20	8,18,11,13,5,7,8,7,5,5	21,26,26,10,27,23,30,27,15,25	3,12,8,8,11,5,16,11,9,15	80	75
1606	1,1,0,0,0,0,0,0,0,0	0,2,0,0,0,0,0,0,0,0	0,1,0,0,1,1,1,1,0,0	0,0,0,0,0,0,0,0,0,0	80	75
1607	129,123,105,91,96,109,105,115,105,128	10,18,9,3,7,7,6,7,5,13	124,91,117,105,135,120,146,109,103,109	9,3,7,6,13,1,5,4,11,11	80	75
1610	38,37,42,34,36,59,39,39,34,52	0,1,0,0,2,1,1,0,0,0	34,56,54,35,42,51,35,43,42,58	1,0,0,0,0,0,0,1,0,0	77	75
1612	93,96,133,109,98,76,88,55,66,115	14,12,16,16,15,15,16,8,12,10	107,101,92,87,86,95,79,72,81,70	10,10,11,9,18,10,17,8,11,4	78	75
1614	19,19,12,14,17,13,10,8,13,12	13,14,8,10,9,6,7,4,9,6	20,6,9,7,23,15,14,13,12,10	4,7,10,6,7,11,6,5,15,5	78	75
1615	66,63,59,45,36,39,45,53,45,64	35,34,25,26,29,22,23,12,20,26	53,44,46,40,56,58,58,57,59,46	22,36,26,19,26,37,36,31,29,19	78	75
1616	2,1,0,1,1,3,3,2,0,0	0,0,0,0,0,0,1,0,0,0	1,2,0,0,1,2,0,0,2,0	0,1,0,0,0,0,0,0,0,0	78	75
1618	0,0,0,0,0,0,0,0,0,0	24,17,17,24,16,9,18,11,16,19	0,0,0,0,0,0,1,0,0,0	12,15,16,9,23,15,20,10,19,14	87	75
1619	0,0,1,0,0,0,0,0,0,0	32,40,41,25,31,36,35,31,22,37	0,0,0,0,0,0,0,0,0,0	45,37,27,34,36,42,34,33,45,30	84	75
1620	107,139,117,97,116,113,94,100,114,117	36,31,21,12,26,22,18,18,25,21	112,96,105,133,84,102,101,143,126,120	26,23,34,28,33,25,21,16,20,25	189	75
1621	10,8,12,11,5,10,6,4,6,8	22,23,21,26,27,23,38,31,37,28	8,5,5,8,10,3,3,6,5,9	22,40,33,15,20,29,33,28,26,27	96	75
1623	50,31,50,21,29,41,37,27,36,50	0,1,1,0,0,0,1,0,0,2	34,49,22,45,41,38,43,49,31,36	0,1,0,1,1,0,0,0,0,0	169	75
1624	0,1,1,1,1,0,3,0,1,1	83,78,71,65,77,65,66,46,84,60	0,0,0,0,0,2,1,0,1,0	62,84,73,64,63,85,56,55,78,74	93	75
1625	8,15,17,20,7,12,13,7,23,13	24,11,34,25,19,19,17,17,24,16	17,6,3,6,13,9,6,8,10,4	17,24,17,17,27,22,27,20,12,22	90	75
1626	44,50,25,37,38,39,30,28,30,30	1,0,0,0,1,0,0,0,0,0	31,32,20,28,27,39,39,28,27,25	0,0,0,1,0,0,0,0,0,0	79	75
1628	4,2,8,11,12,9,11,7,8,6	146,147,138,137,134,162,123,115,90,140	10,14,5,6,15,9,7,12,10,5	159,150,159,144,131,120,102,146,169,110	90	75
1629	27,20,32,28,27,30,26,27,21,24	146,147,138,137,134,162,123,115,90,140	18,16,27,21,23,19,26,6,17,16	159,150,159,144,131,120,102,146,169,110	142	75
1630	26,20,30,27,24,30,26,27,21,23	3,2,6,10,9,9,11,7,8,5	17,16,27,21,23,17,26,6,14,15	9,14,5,6,15,7,7,12,7,4	127	75
1631	0,0,0,0,0,0,0,0,0,0	0,0,0,0,0,1,0,0,0,0	0,0,0,0,0,0,0,0,0,2	0,0,0,2,0,0,0,0,0,0	78	75
1632	0,2,1,3,2,1,2,3,1,1	26,22,18,25,14,14,13,14,21,8	1,0,0,1,1,0,0,1,1,1	9,15,22,28,14,20,14,18,27,22	108	75
1633	40,52,40,43,39,52,48,47,53,35	0,2,2,1,2,3,1,1,0,1	40,53,43,41,45,38,46,34,44,46	1,0,0,1,0,0,4,2,0,0	115	75
1635	979,925,994,916,874,848,746,746,792,765	134,123,119,109,114,102,111,111,110,95	888,867,763,794,807,845,899,781,841,732	109,111,106,126,111,120,104,108,117,83	84	75
1636	59,63,58,48,50,47,49,30,51,58	2,5,3,4,2,5,8,3,5,1	54,57,51,32,58,48,65,55,46,51	5,4,4,1,6,5,3,3,2,4	307	75
1637	35,26,32,28,22,33,26,29,41,25	0,0,1,0,0,1,0,3,0,4	29,31,28,25,29,35,37,41,33,27	2,1,0,1,0,0,0,2,0,0	98	75
1639	90,70,68,66,88,79,68,57,75,77	2,0,1,0,0,2,0,0,2,1	81,84,70,81,83,75,76,49,80,66	0,0,1,0,1,1,1,1,0,0	79	75
1640	1,0,0,1,0,0,0,1,0,0	103,108,108,89,76,96,76,75,90,83	0,0,0,0,0,2,0,0,0,0	86,85,82,96,84,82,91,84,107,90	92	75
1643	2,3,5,2,12,1,5,2,4,2	10,3,3,7,2,2,3,5,4,5	2,6,0,2,6,3,4,3,3,0	1,3,3,2,8,2,4,4,2,4	78	75
1644	0,0,0,1,0,0,0,0,1,0	0,0,0,0,0,0,0,0,0,0	0,0,1,0,0,2,0,0,0,0	0,0,0,0,1,0,0,0,1,0	78	75
1646	7,6,10,10,4,6,2,9,6,3	24,21,17,12,12,29,18,16,18,20	2,2,3,9,1,8,5,7,3,10	12,17,15,15,16,24,17,12,17,15	171	75
1647	0,0,1,0,1,1,4,1,1,3	496,420,466,347,405,337,350,326,448,391	0,0,1,0,1,4,0,3,2,1	363,384,354,360,445,428,465,390,350,369	123	75
1648	608,562,553,423,453,407,454,442,491,502	139,107,97,102,111,100,95,118,112,126	493,472,424,479,507,568,582,445,419,407	109,107,73,106,120,134,124,123,94,62	93	75
1649	299,276,308,245,265,248,215,243,292,258	17,9,11,9,8,10,6,8,16,8	262,260,257,260,239,270,309,243,194,225	16,12,6,16,18,9,12,12,12,5	87	75
1650	182,173,174,168,148,203,135,114,156,148	0,0,1,0,0,0,1,0,0,0	163,165,130,154,158,176,155,139,155,158	0,0,0,0,0,0,0,0,0,0	105	75
1651	338,311,394,305,335,367,264,229,278,280	1,0,2,0,0,1,2,2,0,1	316,359,364,274,356,319,319,322,323,300	3,1,2,2,1,1,0,2,0,0	194	75
1652	0,4,4,2,2,3,4,0,7,0	0,0,0,0,0,0,0,0,0,1	1,4,1,2,5,2,2,1,0,3	0,0,0,0,0,0,1,0,0,0	210	75
1653	68,47,90,60,64,71,74,107,78,78	0,1,0,0,0,0,1,1,0,0	69,77,59,54,54,76,77,59,64,85	1,0,1,0,0,0,0,1,1,1	135	75
1654	0,0,0,0,0,0,0,0,0,0	33,35,34,23,24,22,22,28,25,25	0,0,2,1,0,0,0,0,0,0	22,38,49,36,22,35,22,16,31,30	92	75
1655	31,33,24,44,27,27,30,23,26,32	0,0,0,0,0,0,0,0,0,0	29,34,29,35,25,20,41,28,21,25	0,0,0,0,0,0,1,0,0,0	362	75
1659	0,0,0,0,0,0,0,0,0,0	9,13,9,15,8,8,9,10,7,7	1,0,0,0,0,0,0,0,0,0	8,18,8,9,7,6,7,7,11,8	90	75
1660	3,2,5,0,4,2,1,6,2,3	0,0,0,0,1,1,0,0,0,0	4,2,4,4,7,6,2,1,2,2	0,0,0,0,0,0,0,0,0,0	80	75
1661	0,0,1,0,0,0,0,0,0,0	9,2,9,10,3,14,7,3,3,5	0,0,0,0,0,0,0,1,0,1	1,4,4,9,5,4,10,6,1,6	93	75
1662	5,2,8,1,6,3,6,3,4,3	0,1,0,0,0,0,1,0,0,0	5,11,3,4,4,7,3,5,4,4	0,1,0,2,2,0,2,0,0,0	79	75
1663	277,210,296,242,242,246,322,326,290,296	2,0,0,1,0,1,1,1,0,0	154,526,223,177,203,424,265,190,183,205	0,0,0,0,1,1,1,0,0,1	90	75
1664	0,0,0,1,0,0,0,0,0,0	14,8,9,9,10,9,13,15,14,16	0,0,0,0,0,0,0,0,0,0	18,15,10,10,14,23,18,26,12,7	91	75
1668	5,1,1,8,2,1,2,8,4,3	0,0,0,0,0,1,0,0,0,0	0,4,2,3,7,4,5,7,3,4	0,0,0,0,0,1,0,0,0,1	83	75
1669	0,4,0,0,1,2,3,0,2,2	5,1,0,8,2,0,2,7,3,3	8,2,0,2,1,1,1,3,2,1	0,3,1,3,6,0,5,6,3,4	191	75
1670	20,10,12,12,15,6,12,11,14,10	0,0,1,0,1,0,1,0,1,0	10,11,13,9,10,14,9,15,15,9	0,0,0,0,0,1,2,0,0,1	83	75
1671	1,3,1,0,1,3,3,1,2,2	0,0,1,0,1,0,1,0,1,0	8,3,1,2,2,5,1,6,2,1	0,0,0,0,0,1,2,0,0,1	199	75
1672	1,3,0,0,1,2,3,0,1,2	20,10,11,12,15,5,12,10,13,10	8,2,0,2,1,1,1,5,2,1	10,10,12,9,9,10,9,14,15,9	191	75
1673	73,56,48,56,34,37,42,40,54,39	1,0,0,1,2,3,2,1,1,0	58,55,58,60,68,45,39,45,48,60	0,0,0,0,1,2,0,1,0,0	78	75
1675	34,36,38,37,33,40,25,32,36,39	10,6,11,8,3,4,2,5,9,11	41,36,38,24,24,27,41,34,35,40	9,9,3,9,5,9,7,7,8,8	78	75
1676	5,5,13,12,5,7,7,6,7,10	182,144,164,122,147,159,128,109,153,149	8,9,7,9,3,6,4,1,2,4	135,157,149,156,135,150,142,126,139,134	143	75
1677	31,40,38,42,35,30,25,40,43,39	0,0,0,0,0,1,0,0,0,0	27,38,31,37,34,32,45,38,32,37	0,0,0,0,0,0,0,3,0,0	156	75
1678	65,76,82,68,78,76,49,84,60,74	2,3,2,4,5,0,3,1,3,7	57,75,65,73,75,79,74,82,77,70	1,2,6,3,3,2,2,1,6,4	156	75
1680	32,21,29,28,29,22,33,24,23,15	14,7,4,8,11,9,2,2,6,15	22,18,20,28,23,22,27,20,30,20	15,14,11,4,10,12,8,6,4,16	78	75
1681	7,8,3,6,4,10,6,8,7,11	0,0,1,0,0,0,0,0,0,0	5,9,5,6,5,5,3,2,2,4	0,0,0,0,0,0,0,0,0,0	188	75
1682	21,20,14,9,8,10,11,8,7,13	1,1,2,0,1,0,1,1,1,0	12,13,3,6,11,9,11,10,2,6	1,2,1,1,2,2,2,0,2,0	122	75
1683	19,9,10,16,19,10,8,16,15,5	1,1,0,3,1,0,1,2,0,0	14,16,18,13,10,15,15,10,10,10	2,2,3,1,2,1,0,3,2,1	111	75
1684	26,20,18,24,30,21,26,31,28,11	13,7,13,17,4,8,14,6,13,6	28,28,29,20,19,21,25,23,14,18	18,7,16,8,14,8,13,15,13,3	161	75
1685	8,12,8,11,12,11,19,17,13,6	13,7,13,17,4,8,14,6,13,6	16,14,14,8,11,7,10,16,6,9	18,7,16,8,14,8,13,15,13,3	125	75
1686	0,0,1,0,0,1,1,0,0,0	0,0,0,0,0,1,0,1,0,0	0,3,1,2,0,0,5,1,0,0	0,1,0,0,0,0,0,0,0,0	146	75
1687	0,0,1,0,0,0,1,0,0,0	0,1,0,0,1,1,0,0,0,0	0,3,1,2,0,0,5,1,0,0	0,0,0,0,1,4,0,0,0,0	146	75
1688	10,4,13,6,10,11,10,7,10,9	2,0,1,0,0,0,1,1,1,0	6,9,5,7,6,10,15,8,12,5	0,1,0,0,1,0,1,1,2,1	78	75
1689	14,11,17,9,19,10,11,10,5,11	2,0,1,0,0,0,1,1,1,0	12,15,12,10,7,12,20,15,13,7	0,1,0,0,1,0,1,1,2,1	99	75
1690	14,11,17,9,19,10,11,10,5,11	10,4,13,6,10,11,10,7,10,9	12,15,12,10,7,12,20,15,13,7	6,9,5,7,6,10,15,8,12,5	96	75
1691	2,6,5,3,4,4,1,8,4,4	0,0,0,0,1,0,0,0,0,0	4,3,7,5,4,3,4,11,1,0	0,0,0,0,0,0,0,0,0,0	78	75
1692	1,3,2,0,5,0,1,2,2,1	0,0,2,0,1,0,0,0,0,4	1,6,1,6,2,6,5,3,4,2	1,2,1,0,0,0,0,0,1,0	80	75
1693	0,0,0,0,0,0,0,0,0,0	0,0,1,0,1,0,0,0,0,0	0,0,0,0,0,1,2,0,0,0	0,2,0,0,0,1,1,0,0,0	99	75
1694	0,0,0,0,0,0,0,0,0,0	0,1,0,0,2,0,0,0,0,1	0,0,0,1,0,0,1,0,0,0	0,0,2,0,0,0,1,0,1,0	78	75
1695	10,6,9,5,6,6,3,7,2,1	16,22,17,21,10,19,15,19,25,15	2,8,3,9,4,4,8,3,6,9	21,16,21,14,17,20,19,14,22,19	149	75
1696	23,26,30,18,24,18,13,28,22,11	3,0,0,0,0,0,0,2,2,1	15,28,33,19,24,39,21,17,20,22	2,0,0,0,1,2,1,2,3,3	122	75
1697	0,0,0,0,0,0,0,0,0,1	25,15,16,10,18,20,10,18,21,17	0,0,0,0,0,0,0,0,0,0	16,21,21,22,17,30,24,19,8,15	132	75
1699	85,83,87,82,91,107,78,84,58,74	0,0,0,4,0,0,0,0,0,0	86,104,71,84,101,84,116,93,93,63	0,0,0,0,2,0,0,0,0,2	117	75
1700	17,18,12,21,14,26,19,19,13,16	1,0,0,1,0,0,0,0,0,0	15,27,21,18,10,13,16,9,18,22	1,0,0,0,0,0,0,0,1,0	368	75
1702	1,0,1,0,1,1,2,2,0,0	0,0,1,0,0,1,0,1,0,1	0,1,0,0,0,1,0,0,1,0	2,0,0,1,1,0,0,1,0,0	259	75
1703	25,27,32,22,18,19,21,14,26,22	5,6,6,6,7,5,9,8,2,13	15,25,25,24,26,29,28,25,29,25	13,8,5,9,5,5,11,16,10,7	78	75
1704	206,240,231,211,173,197,203,152,162,217	121,115,124,113,110,109,72,83,87,90	230,223,186,169,182,203,204,171,191,161	98,116,120,99,95,114,97,97,109,83	81	75
1705	57,61,46,53,50,39,54,49,55,45	0,0,0,0,0,0,0,0,0,0	41,49,39,50,45,53,55,47,42,36	0,0,1,0,0,0,0,0,0,0	118	75
1706	91,94,101,66,69,94,72,83,76,66	1,0,0,0,0,0,0,0,0,0	81,101,94,114,86,80,80,82,101,83	0,0,0,1,0,0,0,0,0,1	141	75
1707	89,74,108,70,79,105,76,85,91,99	1,0,0,0,0,0,0,1,0,0	89,93,92,86,90,92,90,99,80,86	1,1,0,1,0,1,0,0,0,0	127	75
1708	3,1,0,4,0,7,2,1,0,4	62,63,57,66,44,44,45,39,56,57	1,3,10,3,1,1,4,2,1,1	55,62,45,55,61,51,41,49,62,60	144	75
1709	2,0,0,1,1,0,0,0,0,1	7,3,12,2,3,8,8,0,4,5	2,0,0,0,0,1,1,0,0,1	5,5,9,0,2,9,8,5,3,6	78	75
1710	0,1,1,0,0,1,2,1,1,3	3,1,7,0,3,1,0,1,3,5	1,1,1,2,2,2,0,1,2,2	1,0,1,2,1,0,1,0,1,0	78	75
1711	70,39,45,23,49,25,13,43,58,65	0,0,0,1,0,0,0,0,0,2	25,71,36,29,26,38,52,25,13,17	0,0,1,0,0,1,1,0,0,0	186	75
1712	159,168,165,165,151,157,123,141,148,166	2,0,1,1,2,1,1,2,0,0	158,149,160,144,156,156,183,171,152,171	2,0,0,8,1,4,0,2,1,1	115	75
1713	17,27,11,17,14,18,16,17,24,19	70,75,105,72,78,64,87,78,58,76	22,20,15,14,19,19,15,14,14,18	71,68,68,86,94,102,76,63,59,63	80	75
1714	6,9,16,5,6,12,10,4,7,16	0,0,0,0,0,0,0,0,0,0	13,17,15,11,11,7,8,7,7,7	0,0,0,1,0,1,0,0,0,0	79	75
1715	65,65,62,69,85,83,67,54,49,52	18,24,19,13,16,23,10,10,8,9	52,64,72,87,82,77,67,58,74,45	19,17,20,14,20,13,9,16,12,5	78	75
1716	4,9,4,6,6,1,7,6,3,2	0,2,0,0,3,4,0,2,1,0	9,6,6,3,6,3,3,2,9,2	0,3,2,0,0,1,2,1,2,0	78	75
1719	2,7,2,10,12,9,4,3,2,8	39,41,52,33,36,60,28,35,30,38	6,4,6,3,7,11,2,5,7,5	46,48,46,40,42,27,24,52,44,37	78	75
1724	323,310,331,278,281,331,246,241,268,255	0,1,0,0,0,0,1,0,0,0	302,320,266,236,292,286,309,289,269,295	0,0,0,0,0,0,0,0,0,0	324	75
1727	103,110,104,76,84,86,106,96,102,60	1,2,0,1,4,4,2,3,4,0	89,110,65,81,78,76,78,73,91,99	2,2,0,2,2,1,0,3,2,1	307	75
1728	64,58,55,73,43,75,71,57,37,46	0,0,0,0,0,0,2,1,0,0	66,61,56,60,71,60,66,58,60,66	0,0,1,0,0,0,0,0,0,0	261	75
1730	45,35,48,41,42,31,39,38,28,28	8,1,3,4,4,3,4,3,7,4	24,47,35,39,45,38,34,51,36,37	0,8,6,6,6,2,8,5,4,6	148	75
1731	10,8,7,13,8,12,12,6,15,10	0,1,0,0,0,0,1,0,0,0	5,9,8,6,3,9,5,10,11,3	1,1,0,0,0,1,0,2,0,0	79	75
1732	33,40,30,33,20,26,36,33,34,22	0,0,0,0,0,0,0,1,1,0	32,34,35,23,32,31,29,28,17,31	0,0,0,0,0,0,0,0,0,0	110	75
1733	47,20,33,42,50,49,33,38,31,35	0,1,0,0,0,0,0,0,0,0	29,43,22,41,44,28,28,35,33,37	0,0,0,0,0,0,0,0,0,0	987	75
1734	13,6,13,8,10,4,10,7,8,9	1,0,0,0,0,3,0,0,0,0	8,10,7,1,6,6,9,4,5,7	0,0,0,0,0,0,0,0,0,0	90	75
1735	1,2,1,1,0,3,0,1,0,0	20,4,12,6,6,12,9,11,12,11	0,0,2,0,0,0,0,0,0,0	15,10,8,11,10,11,9,7,10,10	145	75
1736	50,43,51,45,27,35,35,29,24,35	15,10,19,19,12,9,7,9,15,11	29,39,50,41,25,26,43,33,46,26	14,11,9,8,18,9,8,10,11,9	96	75
1737	15,13,15,11,18,22,20,16,22,21	11,10,8,7,7,8,3,7,16,8	14,23,27,16,18,13,20,16,13,16	17,5,12,4,14,10,6,12,4,12	93	75
1739	3,1,0,2,4,0,2,3,2,7	1,0,0,0,0,0,0,0,1,0	0,3,2,1,2,3,2,1,1,2	0,0,1,0,0,0,1,0,1,0	79	75
1741	109,103,117,84,95,84,83,77,82,70	0,0,1,0,0,1,0,0,1,0	79,109,95,92,115,106,83,80,82,81	0,0,0,0,0,0,0,1,0,0	81	75
1742	71,79,96,55,71,55,62,58,58,59	0,0,0,0,0,0,2,0,0,0	60,79,67,72,75,64,52,73,68,56	0,0,0,0,0,0,0,0,0,0	81	75
1743	3,4,1,1,6,5,3,2,3,3	1,4,2,0,0,1,3,0,1,0	3,2,7,0,5,1,2,3,5,6	0,1,1,1,1,0,1,1,2,1	80	75
1744	5,12,3,0,2,4,3,3,1,2	0,0,2,0,0,3,1,0,0,1	5,1,4,10,4,8,1,3,8,3	0,0,0,0,1,1,1,2,0,0	79	75
1745	0,0,0,0,0,0,0,0,2,4	6,2,3,3,3,2,2,1,2,2	0,0,0,0,0,2,0,0,0,2	1,0,1,3,9,3,5,5,1,6	91	75
1747	6,6,5,8,6,7,13,11,12,4	9,12,10,7,9,8,4,14,15,11	4,9,12,8,6,11,7,7,7,9	6,10,11,4,12,8,13,14,15,7	111	75
1748	12,4,10,7,7,4,10,8,7,8	0,0,0,0,0,0,0,0,0,0	6,10,8,3,2,7,10,9,2,3	0,0,0,0,0,1,0,0,0,0	389	75
1749	0,3,0,1,0,1,0,1,0,0	4,1,3,0,5,2,3,0,2,3	1,0,1,0,0,0,0,0,0,0	0,3,0,2,3,2,0,0,1,0	90	75
1750	33,40,46,39,33,37,31,24,32,22	1,2,1,5,2,1,3,3,0,3	24,45,35,26,31,34,46,31,46,34	0,4,2,4,0,1,0,1,2,0	92	75
1751	74,76,73,74,85,68,43,63,53,54	58,51,58,70,41,51,57,54,51,36	55,55,63,74,75,73,64,46,66,54	58,48,45,52,56,47,52,65,57,47	84	75
1752	179,170,179,146,180,143,134,123,138,133	0,1,0,0,0,2,0,0,0,0	120,145,149,183,150,155,169,148,144,120	0,0,0,0,0,0,0,0,0,1	1031	75
1753	111,101,100,88,112,76,69,59,74,79	0,0,1,0,0,0,0,1,1,1	62,77,88,108,77,90,99,82,82,67	2,3,0,0,0,0,0,1,0,1	78	75
1755	46,38,44,37,37,43,37,31,33,29	0,1,0,0,0,0,0,0,0,0	32,43,41,45,42,49,40,37,38,36	0,0,0,0,0,0,0,0,0,0	80	75
1756	5,6,12,2,6,6,5,5,7,9	1,0,4,1,2,0,2,1,0,0	9,8,6,4,3,8,10,4,4,4	1,1,2,2,0,0,0,1,2,2	81	75
1757	3,5,3,3,2,3,4,0,4,1	68,70,41,61,52,81,45,53,54,60	4,3,5,1,1,3,2,4,4,2	52,68,43,45,66,58,52,46,50,52	104	75
1758	22,17,28,26,24,13,18,14,26,18	6,3,0,3,5,4,2,0,4,0	15,16,22,25,16,23,19,24,23,29	3,2,6,2,2,4,1,0,4,2	107	75
1762	28,18,16,20,6,17,16,15,27,25	0,0,0,0,0,0,2,0,2,0	22,14,24,16,18,21,20,27,16,15	0,0,0,0,0,1,0,0,0,0	86	75
1763	71,87,60,57,70,58,57,54,57,40	1,4,3,3,2,4,2,2,5,1	61,61,66,59,64,60,65,43,51,41	4,2,2,4,2,4,1,1,2,2	108	75
1764	102,97,79,77,71,91,87,88,86,94	1,0,0,0,1,0,0,1,1,0	87,87,72,75,96,93,89,91,82,84	0,0,0,0,1,0,0,0,0,0	198	75
1765	144,131,118,127,107,122,110,110,108,131	0,1,0,0,0,0,0,0,0,0	129,121,100,114,117,123,129,138,113,119	0,0,0,0,0,0,1,0,0,0	198	75
1766	52,60,47,50,44,44,57,47,34,40	0,0,0,0,0,0,0,0,0,0	46,79,32,48,46,46,38,48,49,26	0,0,0,0,0,0,1,0,0,1	2410	75
1767	8,3,8,5,7,2,5,10,6,8	5,0,2,0,1,0,0,0,1,1	2,3,3,10,9,7,7,5,6,9	0,0,0,0,1,0,3,0,1,0	80	75
1768	68,69,62,50,50,59,56,50,67,40	87,80,87,77,72,76,83,62,87,65	66,64,54,54,69,66,67,45,55,55	71,93,71,71,83,63,79,84,72,74	78	75
1769	203,186,171,181,177,165,152,156,173,148	3,1,2,1,2,3,0,2,4,0	180,174,149,169,204,197,193,160,178,200	2,2,6,5,1,3,8,4,1,4	96	75
1771	48,41,39,42,39,30,27,35,37,29	39,36,37,22,32,32,24,21,34,42	40,44,37,30,32,47,45,43,42,45	42,39,39,38,36,36,42,33,35,19	78	75
1773	2,1,0,1,4,1,0,1,1,2	26,19,11,16,23,24,21,19,16,17	0,0,0,1,1,0,2,1,0,0	18,18,23,15,13,16,20,18,19,13	204	75
1774	1,2,2,5,3,7,4,3,0,3	1,2,1,2,3,0,0,0,0,2	4,2,3,0,1,4,2,3,4,2	0,1,1,3,2,1,1,0,1,1	104	75
1776	10,15,13,13,18,15,21,16,19,17	0,0,0,0,0,0,0,0,0,0	8,13,10,7,13,9,13,9,15,2	1,0,0,0,0,0,0,0,0,0	129	75
1777	4,1,2,3,5,1,8,5,4,2	5,5,8,6,3,4,15,11,5,2	2,4,1,1,3,1,1,6,9,3	5,7,13,7,5,7,2,5,6,8	102	75
1778	37,32,56,36,39,42,35,46,57,37	0,0,0,0,0,0,0,0,0,0	29,49,38,37,42,35,38,49,41,41	0,0,0,0,0,1,0,0,0,0	857	75
1779	0,0,0,0,0,0,0,0,0,0	20,14,23,20,21,10,7,10,21,24	0,0,0,0,0,1,0,0,0,0	23,24,12,14,15,17,15,20,19,20	78	75
1780	3,3,3,4,3,3,2,3,2,4	4,2,1,2,2,0,3,0,1,0	1,4,0,1,2,4,4,5,1,2	1,0,1,1,1,4,0,1,0,0	78	75
1781	3,2,3,4,2,0,7,4,1,1	8,9,10,7,4,5,14,6,4,4	1,0,1,1,1,1,1,1,1,3	9,13,12,3,10,7,5,4,11,21	104	75
1782	33,33,52,35,40,36,33,30,38,25	1,0,1,0,0,1,2,0,0,0	43,41,27,53,35,35,34,37,31,30	1,1,1,0,2,0,0,1,0,0	737	75
1783	31,34,51,33,39,36,32,29,36,23	6,3,2,8,4,1,1,1,2,0	42,41,27,53,35,35,34,37,30,30	4,3,5,1,3,3,1,4,2,2	737	75
1784	0,2,1,0,1,1,4,1,1,2	0,0,0,0,2,0,0,1,0,0	1,1,1,1,1,0,1,2,2,1	1,2,1,0,0,5,0,0,2,0	134	75
1785	9,8,13,11,13,14,13,7,4,13	35,12,27,27,19,20,26,18,23,28	10,14,16,8,12,13,10,15,12,6	32,20,19,23,22,13,33,31,21,21	78	75
1787	154,184,157,142,124,142,164,127,136,144	1,2,2,0,1,1,0,1,0,0	149,141,113,138,134,165,172,150,144,155	1,3,2,2,1,0,3,0,0,1	96	75
1788	652,614,604,583,454,556,603,509,534,537	1,0,2,0,0,0,0,0,0,0	530,545,500,484,595,599,702,529,533,659	1,0,0,0,0,0,1,0,0,0	464	75
1789	7,5,4,6,7,7,7,9,5,10	11,20,19,18,20,13,23,22,24,13	5,6,3,4,4,4,4,6,8,4	22,27,12,17,23,16,23,30,19,28	149	75
1790	12,11,9,12,10,5,7,6,7,10	10,13,18,15,11,14,10,14,13,14	7,12,5,10,12,8,6,6,12,14	14,18,10,15,12,15,5,7,13,23	78	75
1791	14,6,6,9,13,9,12,8,12,4	6,15,17,9,12,10,11,11,10,16	8,13,5,3,6,11,3,6,11,6	6,9,9,7,5,6,5,9,4,11	78	75
1792	386,411,341,323,306,303,319,294,314,289	43,37,44,31,36,42,35,28,36,20	341,317,308,290,350,319,353,297,296,287	39,32,22,28,27,29,35,28,23,31	94	75
1793	82,88,51,64,56,58,66,58,73,55	0,0,0,0,0,0,0,0,0,0	47,133,59,69,50,62,42,50,40,67	0,0,0,1,0,0,0,0,0,0	300	75
1794	254,274,251,242,264,239,246,224,262,197	0,0,0,2,0,5,2,0,2,0	223,383,238,248,195,249,217,223,188,268	0,2,0,1,1,4,2,0,1,0	416	75
1795	23,20,21,19,24,15,15,22,21,25	0,0,0,0,1,0,0,0,0,0	28,25,14,24,16,13,15,31,25,20	0,0,0,0,0,1,0,0,0,0	565	75
1796	296,327,338,280,266,303,251,230,326,289	3,3,3,2,1,2,1,0,3,3	286,355,241,279,323,310,306,299,273,320	2,3,2,2,1,0,1,1,7,0	292	75
1797	339,310,331,303,252,305,272,262,333,339	0,0,0,0,0,0,0,0,0,0	275,324,255,282,305,312,315,297,297,290	0,0,0,0,0,0,0,0,0,2	565	75
1798	514,484,506,451,490,492,387,419,479,465	0,0,0,0,0,0,0,0,0,1	471,528,444,478,468,474,400,465,467,509	2,1,1,0,0,1,0,0,1,0	307	75
1800	7,6,12,14,11,10,5,3,10,9	2,4,0,2,3,3,0,5,3,5	15,8,7,8,9,11,13,12,10,9	5,6,3,6,7,5,3,3,0,0	91	75
1801	65,57,57,62,53,57,51,67,76,68	0,3,0,0,0,0,0,0,1,0	50,83,62,60,49,40,80,45,71,46	0,0,0,0,0,0,1,1,1,0	107	75
1802	127,116,157,115,105,95,112,101,121,115	0,0,0,0,0,0,0,1,0,0	92,138,100,77,124,118,110,87,111,96	0,0,0,0,0,0,0,0,0,0	148	75
1806	31,19,31,19,24,20,14,26,23,25	1,2,1,0,1,1,3,1,2,2	15,26,27,31,23,27,16,13,23,24	0,4,3,1,4,1,1,0,4,0	78	75
1808	560,543,587,466,458,516,500,478,471,512	21,17,8,10,11,17,16,13,10,13	520,507,464,494,525,558,592,516,537,506	12,12,11,8,14,16,12,6,22,19	177	75
1809	8,18,10,9,14,8,5,8,5,13	19,13,8,18,18,6,11,11,9,12	10,8,10,8,5,11,6,6,13,7	8,11,15,10,14,15,11,16,6,19	78	75
1810	34,26,24,25,16,34,18,19,24,37	121,126,127,110,111,104,110,99,97,103	14,24,24,24,25,31,37,13,38,21	126,113,101,103,99,102,134,98,123,118	78	75
1811	220,269,255,200,256,250,216,187,190,217	68,90,80,65,56,58,52,56,57,68	255,208,219,241,225,238,255,196,219,221	58,68,60,53,61,66,72,51,73,60	78	75
1812	19,16,15,19,17,17,15,15,14,21	0,0,1,1,1,2,0,0,1,1	22,27,12,13,19,16,16,17,21,20	1,0,1,2,1,2,2,3,1,0	77	75
1813	31,21,22,20,31,26,34,12,23,18	1,3,4,2,3,0,3,2,3,4	31,26,27,17,19,22,19,24,20,28	5,10,1,2,2,5,2,5,2,2	79	75
1814	6,8,12,7,11,7,8,11,6,10	76,65,86,69,81,77,62,74,55,96	7,10,9,12,8,10,8,8,10,7	83,89,68,62,66,79,72,75,61,69	110	75
1815	31,50,46,35,42,31,27,31,36,31	4,7,11,4,9,9,9,7,10,8	25,40,24,21,30,41,26,25,38,27	11,11,3,7,22,15,9,12,11,5	110	75
1816	0,0,0,1,0,0,0,0,0,0	20,14,25,22,20,23,17,15,19,18	0,0,0,0,0,0,1,0,0,0	13,23,11,13,18,14,24,12,12,16	94	75
1817	14,23,19,23,7,19,26,15,15,16	2,0,0,0,0,0,0,0,1,0	13,21,19,14,13,29,20,21,21,18	0,0,0,0,1,0,1,0,0,0	81	75
1818	13,22,19,19,7,17,20,15,12,11	0,0,0,0,0,0,0,0,0,0	13,17,18,13,11,28,18,16,18,18	0,0,0,0,2,0,0,0,0,0	80	75
1819	0,0,0,0,1,1,0,2,0,0	0,0,0,0,0,0,0,2,0,0	1,0,0,1,0,0,0,0,0,0	0,0,0,0,0,1,0,0,0,0	78	75
1820	26,23,33,39,27,30,29,25,25,34	0,0,1,1,0,2,2,2,3,1	30,32,25,38,26,33,28,19,28,33	2,1,0,3,0,0,1,1,0,0	173	75
1824	7,7,10,7,3,5,4,1,6,2	4,7,6,0,4,1,3,3,1,3	1,5,7,1,1,7,7,7,0,3	5,1,3,4,2,5,1,3,0,0	145	75
1825	303,209,249,212,266,261,227,211,288,218	4,3,1,2,2,1,0,3,1,1	259,289,234,237,224,252,277,237,267,221	1,2,3,3,0,3,2,0,3,0	752	75
1828	95,91,81,78,72,86,66,66,64,93	15,18,15,15,18,19,11,20,10,14	80,63,84,81,88,84,100,104,70,57	19,12,23,20,24,15,19,27,21,11	78	75
1829	200,166,224,193,212,196,141,133,152,193	3,0,5,0,4,2,5,1,3,4	167,173,202,154,216,190,208,195,189,146	4,3,4,6,4,3,0,1,3,3	79	75
1831	4,0,2,0,1,2,3,0,0,0	0,0,0,0,0,0,0,0,0,0	1,1,2,0,1,4,2,3,1,1	0,0,0,0,0,1,0,0,0,0	281	75
1832	25,36,40,36,38,46,40,27,20,23	22,29,16,25,18,17,19,26,23,20	34,31,36,22,33,22,24,37,31,22	24,23,19,17,15,20,29,35,15,19	78	75
1833	41,29,21,34,48,23,14,23,28,38	0,0,0,0,0,0,0,0,0,0	43,32,19,26,19,37,33,30,34,21	0,0,0,0,0,0,1,0,0,0	205	75
1835	0,1,0,0,0,1,1,1,2,0	2,2,5,5,6,7,6,3,1,0	0,0,0,0,1,0,0,0,0,0	1,0,4,5,3,2,3,1,5,6	234	75
1837	289,234,257,215,223,272,224,183,197,220	5,10,7,2,6,8,4,4,6,3	244,222,214,225,225,224,251,227,196,237	6,7,7,7,6,9,6,4,3,6	103	75
1838	196,153,164,165,180,164,153,126,126,143	1,1,2,0,2,0,0,0,3,1	133,172,169,154,151,151,149,140,150,125	2,1,0,1,0,1,2,2,1,0	197	75
1840	1,3,3,0,0,0,0,1,3,1	0,6,5,0,1,3,2,2,1,1	0,3,0,1,0,2,9,1,0,0	1,0,1,0,1,0,7,0,0,0	78	75
1846	5,0,1,0,0,0,0,2,0,0	0,0,0,0,0,0,0,0,0,0	1,3,1,1,0,2,0,1,0,1	0,0,0,0,0,1,0,0,0,0	265	75
1847	70,82,87,81,73,87,74,59,76,61	2,1,0,1,0,0,0,1,0,0	84,93,73,82,88,78,95,92,83,59	0,0,0,0,0,0,2,0,1,0	138	75
1848	161,177,187,157,158,153,145,132,161,130	2,1,0,1,0,0,0,1,0,0	161,186,156,155,153,159,183,169,130,124	0,0,0,0,0,0,2,0,1,0	144	75
1849	70,82,89,81,73,87,74,59,77,61	2,1,0,1,0,0,0,1,0,0	84,95,73,82,86,79,95,92,83,59	0,0,0,0,0,0,2,0,1,0	174	75
1850	91,95,100,76,85,66,71,73,85,69	0,0,0,0,0,0,0,0,0,0	77,93,83,73,67,81,88,77,47,65	0,0,0,0,2,0,0,0,0,0	81	75
1851	0,0,2,0,0,0,0,0,1,0	0,0,0,0,0,0,0,0,0,0	0,2,0,0,0,1,0,0,0,0	0,0,0,0,2,0,0,0,0,0	111	75
1852	0,0,2,0,0,0,0,0,1,0	91,95,100,76,85,66,71,73,85,69	0,2,0,0,0,1,0,0,0,0	77,93,83,73,67,81,88,77,47,65	105	75
1853	77,71,96,67,74,64,52,55,60,68	1,5,2,5,10,5,3,5,8,4	71,73,46,54,61,63,62,54,53,61	4,3,8,5,5,5,3,3,5,4	78	75
1854	12,16,9,17,9,16,18,9,11,10	0,0,1,2,1,4,0,1,1,1	12,12,6,17,7,14,16,14,11,9	0,0,2,2,0,1,0,2,3,3	78	75
1855	134,130,122,111,101,106,105,86,101,107	36,26,33,26,32,31,27,25,31,34	102,108,93,116,130,111,128,101,90,92	32,43,33,30,40,37,36,18,22,20	78	75
1858	11,7,17,10,22,11,20,8,14,13	17,9,17,18,10,17,19,15,16,17	14,10,17,16,15,28,12,12,22,16	14,26,18,4,13,19,24,14,13,11	78	75
1860	1,0,0,0,0,0,0,0,0,0	1,1,2,4,0,2,2,0,1,1	0,0,0,0,0,0,0,0,0,0	1,1,0,1,0,1,3,0,1,1	93	75
1861	4,1,9,3,2,1,2,6,3,2	11,16,22,20,14,15,21,27,15,17	7,6,2,3,2,6,2,5,3,0	14,23,14,15,18,21,23,17,15,10	137	75
1863	3,2,2,4,2,0,2,0,4,3	18,30,18,21,31,16,18,26,24,24	2,2,6,4,0,1,0,4,2,2	23,32,29,19,25,29,17,29,26,21	83	75
1864	28,29,26,26,31,19,24,30,19,24	9,8,10,9,10,11,9,2,11,9	38,27,21,26,23,25,26,28,28,22	11,7,9,9,7,18,15,11,5,11	139	75
1865	43,57,42,43,60,35,40,56,39,45	9,8,10,9,10,11,9,2,11,9	59,57,44,41,48,53,43,53,52,41	11,7,9,9,7,18,15,11,5,11	131	75
1866	24,28,27,24,30,31,24,36,20,42	0,0,0,0,0,0,0,0,0,0	34,36,21,27,37,40,34,33,19,29	0,0,0,0,1,0,0,0,0,1	456	75
1867	20,17,26,20,20,16,17,11,24,20	1,0,0,0,0,0,0,0,0,0	23,32,19,21,18,20,30,26,21,17	0,0,0,0,0,0,0,1,1,0	85	75
1870	0,2,1,0,0,1,0,1,0,1	11,8,7,14,7,6,12,17,7,8	0,0,0,0,0,0,1,0,1,1	5,5,4,3,2,7,14,7,7,9	144	75
1871	20,17,14,17,22,15,24,25,28,15	0,2,0,0,0,0,0,0,1,2	15,20,17,22,9,13,17,21,14,25	0,0,0,0,0,1,3,0,0,0	135	75
1872	1,2,2,0,3,0,2,1,0,2	11,7,13,5,10,7,7,5,9,4	2,1,0,0,1,3,0,1,1,0	6,6,5,7,4,5,10,5,6,11	78	75
1873	3,1,2,1,1,0,2,1,0,0	5,5,6,4,4,8,3,4,6,8	1,1,2,0,1,1,0,2,0,1	7,3,6,4,5,5,8,6,3,4	78	75
1874	24,22,18,20,23,22,21,15,24,24	2,0,0,1,1,1,1,3,1,1	23,18,8,18,11,17,14,17,25,22	1,0,1,2,4,2,1,8,2,0	203	75
1875	5,11,8,10,11,6,3,7,5,7	877,849,875,853,787,950,693,699,727,793	4,14,9,10,4,5,13,6,10,9	907,957,828,779,728,760,829,745,797,817	110	75
1876	46,48,39,44,36,34,38,30,37,19	21,11,12,17,10,19,21,10,15,24	47,43,40,28,40,44,41,33,38,36	13,17,20,16,16,22,16,13,22,18	78	75
1877	27,27,23,20,19,26,35,17,13,26	1,3,2,7,3,2,4,2,2,1	12,23,16,27,23,25,19,17,21,22	3,2,5,0,5,2,6,3,2,3	78	75
1880	0,0,0,0,0,1,1,0,0,0	49,70,69,52,49,59,45,42,47,59	1,0,0,2,1,0,0,0,0,1	50,65,51,53,60,42,49,52,41,53	148	75
1881	0,0,1,0,0,0,1,1,1,0	7,9,8,8,13,10,8,12,14,7	1,0,1,0,1,1,0,0,0,2	3,10,10,11,5,8,7,13,7,10	129	75
1882	31,21,20,23,31,21,28,15,26,24	0,1,0,0,0,0,0,0,0,0	29,35,27,27,29,26,36,20,24,35	0,1,0,0,0,0,0,0,0,0	79	75
1883	0,3,2,3,2,6,3,2,4,2	116,89,87,102,118,133,123,82,106,129	4,1,0,2,2,4,7,4,4,5	99,100,98,129,80,131,118,117,119,96	122	75
1884	40,53,40,31,29,35,40,41,36,30	185,175,191,217,157,201,171,157,187,166	37,53,32,44,31,37,25,41,55,35	163,186,178,141,168,171,174,154,173,170	78	75
1885	0,0,0,0,0,0,0,1,0,1	162,181,163,142,149,135,135,128,146,154	0,0,0,0,0,0,1,0,0,0	137,136,130,139,137,150,155,157,127,144	94	75
1886	0,0,0,1,0,0,0,0,0,0	0,1,0,0,0,0,0,0,0,0	0,0,0,0,0,0,0,0,0,0	0,0,0,0,0,0,0,0,1,0	93	75
1887	9,11,5,5,7,9,7,2,3,9	0,3,1,0,1,1,3,4,0,3	4,12,5,14,3,15,9,9,4,11	0,2,0,0,1,1,1,1,0,0	90	75
1888	51,46,46,60,65,73,53,48,48,47	0,3,1,0,1,1,3,4,0,3	45,89,52,71,54,59,67,80,36,70	0,2,0,0,1,1,1,1,0,0	130	75
1889	43,37,42,57,58,64,46,46,45,39	1,2,1,2,0,0,0,0,0,1	41,77,48,58,51,49,58,71,33,59	0,0,1,1,0,5,0,0,1,0	115	75
1890	4,6,4,3,4,3,5,3,2,10	61,67,67,87,65,62,65,67,55,71	6,3,5,4,6,4,3,8,2,4	58,76,49,61,67,78,59,57,45,43	207	75
1891	39,32,41,36,35,36,25,25,37,45	70,77,85,77,71,93,60,66,76,88	46,38,34,34,38,44,40,29,48,28	93,86,83,92,72,92,72,63,88,89	78	75
1892	1,0,1,1,0,0,0,0,0,0	2,0,0,1,0,0,3,0,0,1	1,1,0,1,0,4,0,1,0,0	1,1,1,1,1,1,0,1,5,1	79	75
1893	20,17,12,13,18,14,15,13,26,23	0,0,0,0,0,0,0,1,1,0	14,20,21,13,17,15,18,13,14,13	1,0,1,0,0,0,0,0,0,0	1047	75
1894	0,0,1,1,2,1,0,0,1,2	0,0,1,0,0,0,1,2,0,2	1,2,1,0,1,0,0,0,0,0	0,3,0,0,1,2,0,1,0,0	78	75
1895	11,9,14,10,6,11,7,14,2,15	26,38,33,20,27,13,24,27,24,23	11,12,13,9,14,11,7,11,9,7	15,24,38,19,26,26,21,25,22,23	78	75
1896	366,417,355,295,296,315,271,263,293,338	16,22,32,27,21,24,13,17,14,22	336,379,324,269,313,328,299,327,263,295	20,28,24,21,30,28,29,19,17,17	83	75
1898	3,5,0,8,4,7,2,3,0,8	0,2,0,0,0,1,0,0,1,1	1,3,2,4,1,2,8,4,0,5	1,2,1,0,0,0,0,1,3,0	79	75
1900	219,219,232,216,159,205,174,186,175,222	1,0,2,4,3,0,2,1,6,5	200,207,189,206,193,195,216,179,207,167	3,3,1,1,3,3,4,1,0,1	145	75
1901	49,52,49,44,53,58,52,60,50,66	0,0,0,0,0,0,0,0,0,0	46,54,48,48,56,51,43,35,69,40	1,0,0,0,0,0,0,0,0,0	198	75
1902	0,3,1,2,2,1,8,2,5,2	41,36,37,26,24,23,34,25,25,39	8,9,5,3,5,0,5,2,5,4	29,26,21,35,30,22,33,21,34,42	153	75
1903	150,115,163,126,130,108,123,89,136,108	0,0,0,1,0,0,0,0,0,0	106,134,138,131,122,139,116,127,96,143	0,1,1,0,0,0,0,0,0,0	350	75
1904	4,4,14,7,5,2,4,7,6,8	142,179,209,175,130,150,162,113,168,131	11,8,9,9,12,1,2,3,11,3	145,212,144,168,153,188,169,165,139,195	196	75
1905	1,2,5,1,1,0,2,3,0,0	22,17,22,12,14,15,14,14,8,18	1,1,2,2,1,0,3,2,1,3	16,16,14,14,11,19,21,11,16,16	269	75
1906	0,1,0,1,0,1,0,0,2,3	17,13,14,20,20,23,21,16,15,18	0,1,1,0,1,0,2,1,4,0	14,22,18,7,11,13,10,12,12,10	192	75
1907	12,19,8,19,13,12,11,16,10,7	0,1,0,1,1,0,1,0,0,0	6,15,9,7,13,12,17,10,13,11	0,0,0,1,0,0,0,0,0,0	78	75
1908	10,9,11,8,7,15,18,8,10,19	13,11,10,9,13,12,16,15,8,7	6,10,11,14,10,14,11,12,4,4	13,5,15,7,12,20,17,13,10,15	78	75
1909	34,25,28,37,32,29,27,26,29,34	1,3,3,2,6,2,4,1,5,3	33,32,26,33,33,34,33,27,31,24	1,6,1,2,7,2,0,1,3,3	84	75
1910	3,9,12,8,4,9,3,6,7,4	18,16,13,17,13,11,23,14,16,22	8,7,3,10,10,6,5,6,4,4	14,19,12,16,15,20,19,13,14,11	78	75
1911	0,0,0,0,0,2,0,1,1,1	0,1,0,0,0,0,0,0,0,0	1,0,0,0,1,0,0,0,1,0	0,0,0,0,0,0,0,0,0,0	78	75
1912	3,2,0,4,1,3,1,1,2,0	4,13,11,5,7,7,3,6,3,6	2,1,0,0,2,2,0,1,3,1	3,6,5,13,11,13,12,7,6,10	87	75
1913	1,2,4,2,0,3,0,1,1,2	1,0,0,0,0,1,0,1,0,0	2,2,0,1,0,2,5,2,2,0	0,0,2,0,0,0,0,0,1,0	388	75
1914	1,0,3,0,0,0,2,0,1,0	2,3,1,0,2,0,1,0,3,2	0,0,1,0,0,0,0,0,1,0	1,3,2,1,0,1,1,0,1,2	305	75
1915	2,2,4,1,1,1,0,3,4,3	0,0,0,0,0,0,1,0,0,0	3,3,1,5,4,3,3,0,2,1	0,0,0,0,1,0,0,1,1,1	105	75
1916	8,0,2,3,0,4,1,3,3,1	0,0,0,0,0,0,0,0,1,0	1,3,1,5,1,1,0,0,1,0	0,0,0,0,0,0,0,0,0,0	221	75
1917	1,6,1,3,0,2,1,2,2,2	28,27,31,23,27,33,35,29,17,22	0,1,1,0,1,2,1,1,0,1	35,40,28,23,26,45,32,20,26,27	123	75
1918	105,120,130,112,99,103,93,74,83,82	0,0,1,1,0,0,0,0,1,1	101,112,79,108,105,98,82,82,80,85	1,3,1,0,0,2,1,0,0,2	275	75
1919	211,161,196,166,181,195,157,150,181,192	1,2,0,2,0,7,4,5,3,4	167,219,199,164,190,157,187,174,169,180	1,4,1,2,2,1,1,4,1,2	129	75
1921	4,7,7,6,4,8,9,6,5,5	0,1,1,0,1,1,0,2,1,1	3,8,5,7,10,2,4,1,1,8	1,0,0,0,1,2,0,0,0,0	99	75
1924	112,120,109,114,106,94,113,134,121,137	0,1,0,0,0,0,0,0,1,0	116,120,98,117,143,115,151,111,101,132	0,2,0,0,1,0,0,1,0,1	227	75
1925	75,72,101,65,48,62,68,70,72,78	0,0,0,1,0,1,0,0,0,2	48,98,66,49,69,82,65,50,58,62	0,0,1,0,0,1,0,0,0,0	195	75
1926	20,8,7,10,2,7,6,9,3,7	5,5,1,4,3,2,2,1,2,4	8,17,10,20,7,14,14,5,14,8	3,4,3,5,4,2,4,1,2,0	92	75
1927	102,96,111,106,94,81,78,72,60,83	7,16,14,7,8,15,5,6,12,10	96,115,93,75,71,108,108,76,83,81	16,11,9,6,18,15,5,16,5,7	79	75
1930	79,70,84,70,77,71,50,65,70,79	1,0,0,0,1,0,1,0,3,1	67,55,70,57,53,63,66,78,54,64	0,1,0,0,0,0,1,1,3,0	79	75
1932	0,0,3,2,0,0,1,0,2,3	1,0,0,0,0,0,0,0,0,0	1,4,2,0,1,2,2,1,0,1	0,0,0,0,2,0,0,2,0,0	1201	75
1933	0,0,1,0,0,0,0,0,0,0	0,1,0,0,0,0,0,0,0,0	0,0,0,0,0,0,0,0,0,0	0,0,0,0,0,1,0,0,0,0	78	75
1935	0,0,0,0,0,1,0,0,0,0	0,0,0,0,0,0,0,0,0,0	0,0,0,0,0,0,0,0,0,0	0,0,0,1,0,0,0,0,0,0	117	75
1936	59,61,58,45,38,50,54,45,51,45	30,23,24,14,29,12,26,17,17,17	53,60,47,49,54,53,55,32,43,45	16,16,24,18,16,22,32,26,23,31	122	75
1937	42,45,50,35,42,32,30,44,44,50	19,21,17,20,16,17,22,14,21,32	35,39,35,35,55,45,33,47,50,39	14,14,13,21,24,26,24,17,17,25	78	75
1938	5,3,13,2,9,5,3,13,12,3	2,1,1,0,0,1,4,2,1,0	2,5,10,2,10,9,5,5,4,7	0,1,1,1,3,3,1,2,0,0	104	75
1939	0,0,0,0,0,0,2,0,0,0	64,59,54,44,34,41,44,43,51,41	0,0,0,0,0,0,1,0,1,0	48,52,44,39,38,45,45,36,44,46	105	75
1940	1,0,1,0,1,0,0,0,1,0	21,29,36,23,21,23,25,30,25,28	0,0,0,0,0,0,0,0,1,0	29,44,22,23,20,27,23,20,23,30	121	75
1941	6,11,9,5,4,7,11,4,4,10	134,111,121,108,96,94,95,115,124,100	12,7,4,5,6,9,3,6,11,6	111,115,110,125,84,135,107,104,123,137	165	75
1942	145,131,141,117,110,86,90,100,106,108	4,5,10,3,1,4,1,10,6,1	130,105,112,106,106,129,113,101,117,91	4,8,1,5,2,7,2,0,2,5	80	75
1943	1,0,0,0,2,0,1,0,1,0	98,84,125,87,83,95,84,70,89,113	0,0,0,0,0,0,1,0,0,0	105,111,92,96,98,119,104,97,79,82	104	75
1944	1,0,0,0,0,0,0,0,0,0	7,6,0,1,7,0,3,2,7,4	0,0,0,0,0,0,0,0,0,0	0,3,2,5,2,4,1,1,1,3	101	75
1945	0,1,0,0,0,0,0,0,0,0	5,2,4,1,0,3,1,1,3,2	0,1,0,0,0,0,0,0,0,0	2,1,0,2,0,1,4,1,7,0	96	75
1946	30,28,34,26,25,15,37,23,38,30	5,5,2,2,3,3,3,0,2,2	36,25,40,37,26,28,27,32,29,40	6,6,3,2,1,4,4,6,0,6	94	75
1947	51,30,47,37,44,36,33,31,38,44	0,0,0,0,0,0,2,0,0,0	39,50,48,26,49,46,33,29,49,45	0,2,2,0,1,0,0,1,0,1	149	75
1949	3,2,1,2,1,1,3,1,4,1	0,1,0,2,0,0,2,0,0,0	4,1,4,1,2,2,4,2,4,2	0,0,2,0,0,1,2,1,3,0	462	75
1950	5,11,6,9,4,2,4,3,9,4	0,0,0,0,0,0,0,0,0,0	3,3,7,2,2,3,9,7,4,2	0,0,1,0,0,0,0,0,0,0	93	75
1951	3,3,4,8,5,3,8,4,9,4	0,0,0,1,0,1,0,0,1,0	9,4,3,6,3,7,2,1,4,3	0,0,0,0,0,2,0,3,0,0	79	75
1952	15,12,9,8,6,8,6,23,18,17	26,27,14,22,18,19,26,19,27,14	9,22,12,13,10,15,18,7,12,11	13,16,5,16,27,21,21,13,7,12	90	75
1953	4,11,4,8,3,4,3,15,12,9	73,74,85,94,69,72,68,97,98,78	4,9,3,7,4,5,13,4,4,4	69,79,79,79,82,88,84,81,71,42	90	75
1954	143,139,151,127,113,144,171,156,129,133	141,120,137,121,103,129,89,109,139,147	149,158,139,128,142,157,135,115,123,150	142,145,118,120,124,119,112,122,114,122	663	75
1955	0,0,0,1,0,0,0,1,0,0	0,0,0,0,0,0,0,0,0,0	1,1,0,0,0,0,0,0,0,0	0,0,0,0,0,1,0,0,0,0	78	75
1956	209,221,173,208,169,191,218,174,221,198	27,30,33,33,24,26,25,32,28,32	198,219,211,170,187,217,208,168,178,184	22,22,34,21,23,35,40,31,22,48	78	75
1957	0,1,0,0,0,0,1,4,1,1	0,1,0,0,0,0,0,0,0,0	1,0,0,1,0,2,2,0,0,0	0,0,0,0,0,0,0,0,0,0	126	75
1958	4,3,3,1,3,7,4,9,8,6	3,3,1,3,6,4,5,7,8,2	7,5,2,3,6,5,3,5,8,8	7,2,5,2,5,7,2,4,9,10	112	75
1959	1,2,2,0,3,4,0,6,6,4	0,0,0,0,0,0,0,0,0,0	6,2,1,2,3,3,1,1,6,4	0,0,0,1,0,0,0,0,0,0	112	75
1960	4,6,12,6,3,4,11,7,6,2	1,0,0,0,0,1,0,0,1,0	7,5,4,4,5,2,9,6,7,6	0,0,0,1,0,0,0,0,0,1	157	75
1962	4,7,12,6,3,4,13,7,7,2	1,2,1,3,1,2,3,1,1,0	10,5,4,4,5,2,9,6,7,7	1,1,1,0,5,1,1,1,2,3	157	75
1963	727,578,644,643,574,700,606,519,478,491	180,165,141,117,137,133,129,123,128,102	703,703,655,649,534,543,657,533,772,688	138,138,132,146,134,148,132,132,161,165	247	75
1964	413,319,344,328,310,345,348,299,315,348	0,0,0,0,0,0,0,0,0,0	379,343,271,297,352,336,428,334,337,349	0,0,0,0,0,1,0,0,0,0	91	75
1965	262,244,239,237,215,236,186,217,229,193	4,13,4,7,7,3,6,9,8,10	232,226,199,286,219,231,241,218,253,275	8,19,10,15,8,7,7,10,6,5	80	75
1966	533,518,505,493,425,466,417,436,462,440	25,21,23,19,23,13,15,16,9,12	543,514,433,511,431,476,465,421,501,586	15,18,14,13,14,8,17,7,24,16	80	75
1967	4,3,7,8,6,5,10,8,5,4	1448,1390,1361,1159,1193,1231,1195,1075,1228,1206	3,6,4,1,4,8,7,4,7,7	1389,1317,1243,1312,1164,1252,1459,1066,1329,1288	113	75
1968	78,67,44,48,51,52,43,44,61,64	3,8,5,2,3,5,1,4,1,2	46,61,51,45,74,46,52,49,68,48	3,1,7,4,2,3,5,1,3,2	129	75
1969	50,41,31,33,34,22,29,33,30,28	23,17,17,16,15,8,21,15,8,15	25,46,29,26,39,34,30,35,31,26	18,9,14,15,13,22,19,17,4,28	78	75
1970	43,53,43,37,30,39,40,36,30,34	53,44,52,34,40,49,53,46,42,36	37,44,44,35,36,62,40,30,42,42	64,53,54,45,52,41,54,51,37,55	132	75
1971	17,17,25,20,16,7,15,19,9,13	0,3,3,1,0,1,1,0,1,2	21,22,10,13,12,20,17,15,21,15	1,2,0,2,1,1,0,0,0,0	154	75
1972	24,22,35,34,24,12,29,24,25,25	3,5,1,2,0,2,3,1,0,1	29,41,23,25,18,37,27,24,31,19	1,6,1,1,4,0,0,1,1,4	154	75
1976	35,31,36,33,32,28,25,24,32,44	7,4,3,4,3,5,3,4,2,4	27,50,33,16,32,40,29,24,26,18	4,2,4,3,6,8,3,7,2,0	100	75
1977	42,37,45,44,42,36,33,29,35,48	0,0,1,0,1,0,0,0,0,0	40,54,43,25,40,49,41,32,35,21	0,2,0,0,0,0,1,0,0,0	125	75
1978	14,10,12,15,13,13,11,9,5,8	0,0,1,0,1,0,0,0,0,0	17,6,14,12,14,17,15,15,11,3	0,2,0,0,0,0,1,0,0,0	100	75
1979	94,83,74,84,89,66,76,66,84,89	0,0,0,0,0,0,0,0,0,0	86,105,84,87,74,86,86,102,69,80	0,0,0,0,0,0,1,0,0,0	2060	75
1981	2,0,1,0,3,2,1,0,1,1	393,354,432,317,338,314,322,276,302,331	2,2,0,3,1,0,0,2,0,5	319,335,311,328,355,351,316,331,322,277	232	75
1982	3,4,3,3,4,0,2,2,5,1	0,0,0,0,0,0,0,0,0,0	2,5,1,8,3,7,4,0,2,0	0,0,0,0,0,0,0,0,1,0	134	75
1983	24,33,30,32,26,36,33,19,24,28	0,0,0,0,0,0,3,0,0,0	30,39,37,29,36,30,24,37,29,35	0,2,1,1,0,2,1,0,3,0	116	75
1984	15,2,11,2,4,8,3,1,2,2	7,5,7,3,3,2,5,9,1,4	8,6,3,0,6,1,1,4,3,2	5,6,3,3,5,5,3,4,3,2	78	75
1985	32,22,34,33,20,33,39,38,23,25	7,5,8,6,6,5,6,4,6,5	33,37,31,28,25,30,28,28,28,29	3,2,2,5,3,3,2,2,1,2	2472	75
1986	152,113,144,138,115,130,100,112,127,135	0,0,0,1,0,0,0,0,0,0	128,134,133,107,121,116,137,120,112,129	0,0,0,0,0,0,0,1,0,0	286	75
1987	5,4,4,1,2,1,3,3,3,1	208,216,211,163,172,186,149,142,175,196	1,7,2,2,0,1,1,1,2,5	180,200,210,177,142,163,188,189,177,177	156	75
1988	565,549,559,454,483,517,466,422,475,498	0,0,0,0,2,0,0,0,0,0	523,517,525,472,498,520,548,481,499,506	0,0,0,0,0,0,0,0,0,0	1092	75
1989	172,186,177,142,132,173,132,130,146,152	1,0,0,0,0,0,0,0,0,0	135,134,149,121,144,127,137,147,129,132	0,0,0,0,0,0,0,0,0,0	767	75
1990	9,13,17,16,6,18,9,5,8,14	0,1,3,0,3,1,0,0,0,2	16,22,11,10,8,10,7,12,12,5	3,0,1,1,1,1,0,0,4,0	128	75
1991	12,18,22,20,8,22,13,7,10,19	24,24,25,22,18,29,16,12,12,12	18,26,14,17,12,15,12,15,17,7	16,16,24,14,17,26,11,15,20,15	177	75
1992	3,6,8,4,5,5,4,2,2,7	24,24,25,22,18,29,16,12,12,12	5,4,4,8,5,6,5,3,9,2	16,16,24,14,17,26,11,15,20,15	124	75
1993	2,2,3,1,1,1,0,0,1,1	24,17,25,22,23,19,19,16,18,35	5,4,2,0,0,2,0,0,1,4	20,31,40,17,22,19,12,36,11,21	142	75
1994	1,4,3,6,5,3,2,0,0,0	3,3,1,3,3,5,3,0,3,4	3,8,2,3,2,3,3,2,3,0	6,2,3,5,3,2,3,3,4,1	78	75
1995	15,7,10,12,10,10,5,6,6,3	13,17,18,19,15,12,13,7,12,7	9,13,17,8,11,4,10,11,7,9	12,10,16,10,13,23,9,15,13,7	78	75
1996	136,113,118,98,99,93,105,93,97,94	227,197,241,177,228,213,210,159,205,219	116,100,108,86,111,119,120,110,103,100	202,266,179,202,200,218,209,220,203,179	132	75
1997	51,40,53,39,55,45,42,51,46,35	29,16,37,23,23,29,35,20,28,21	48,38,41,36,56,45,41,59,46,47	27,27,23,30,21,27,19,26,27,31	78	75
1998	0,0,0,4,0,0,0,0,0,1	18,35,24,30,14,23,30,20,17,33	1,0,0,0,4,0,0,2,0,0	16,30,19,32,28,24,20,20,30,20	337	75
2000	8,1,9,6,7,7,2,2,5,8	109,100,109,85,96,93,94,70,103,109	2,5,3,1,3,6,1,4,8,8	116,83,101,97,116,95,108,93,85,85	102	75
2001	2505,2436,2684,2302,2410,2427,2125,1859,2058,2231	0,1,0,0,1,0,1,0,0,0	2294,2469,2240,2229,2266,2357,2393,2000,2297,2267	0,0,0,1,0,0,0,0,0,1	186	75
2002	6,5,3,4,3,3,1,0,4,2	0,0,0,0,0,0,0,0,0,0	1,3,4,5,1,1,3,3,9,2	0,0,0,1,0,0,0,0,0,0	78	75
2003	0,0,2,0,0,0,0,0,0,0	55,48,52,57,42,59,37,35,50,60	0,0,0,0,0,0,0,0,1,0	52,59,51,55,59,56,59,76,48,34	107	75
2005	80,42,67,55,48,39,52,58,44,45	0,0,0,0,0,0,0,0,0,0	49,58,40,63,37,80,57,35,62,49	0,0,1,0,0,0,0,0,0,0	77	75
2009	0,0,0,0,0,0,0,0,1,0	0,0,0,0,0,0,2,0,0,0	0,0,0,0,0,0,0,0,0,0	0,0,0,0,0,0,0,1,0,0	572	75
2010	132,134,126,137,130,104,114,94,130,115	0,1,0,0,0,1,0,1,0,0	139,139,129,119,122,130,131,145,133,141	0,0,0,0,0,0,0,0,1,0	2732	75
2011	20,21,11,10,14,14,7,4,8,10	6,2,9,4,1,2,1,3,3,3	16,20,25,21,10,10,13,16,20,18	5,2,4,1,1,4,0,3,8,0	127	75
2012	85,88,88,58,72,64,60,75,65,86	1,0,0,0,0,0,0,0,0,0	79,76,71,77,94,80,81,83,87,71	0,1,1,0,0,0,0,0,1,0	164	75
2013	68,90,90,81,81,80,59,62,79,95	5,10,4,4,4,4,3,3,14,8	63,93,79,85,79,105,105,78,91,64	9,7,9,4,10,6,4,3,1,4	78	75
2014	718,793,721,680,599,644,559,526,651,691	16,20,24,21,16,14,9,12,13,10	648,737,625,611,621,649,718,625,618,656	23,27,14,19,15,16,28,9,15,14	412	75
2015	50,27,44,38,35,33,24,24,33,51	1,0,0,0,0,0,0,0,0,0	34,36,39,51,47,36,25,31,54,36	0,0,1,0,1,0,0,0,0,0	169	75
2016	0,0,0,1,0,0,0,0,0,0	12,14,14,6,13,13,7,8,7,16	0,0,0,1,0,0,0,0,0,0	11,15,10,8,4,13,10,13,12,10	90	75
2017	9,13,13,7,16,5,7,12,5,7	0,0,0,1,0,0,1,0,0,3	19,15,15,14,11,8,17,16,11,13	1,0,0,1,1,0,0,0,0,0	113	75
2018	40,37,41,31,34,28,29,35,32,30	0,0,0,1,0,0,1,0,0,3	36,46,38,45,32,27,31,37,42,30	1,0,0,1,1,0,0,0,0,0	124	75
2019	31,26,28,24,19,24,22,23,29,24	0,2,0,0,1,1,0,0,2,1	20,32,25,33,22,20,19,24,31,19	3,1,2,2,1,1,5,3,0,2	86	75
2021	3,3,4,0,1,2,3,1,0,3	3,5,3,4,5,1,1,3,2,2	1,3,4,2,0,1,5,2,3,2	2,1,0,1,1,1,4,2,0,3	144	75
2022	2,0,0,1,0,0,0,0,1,0	10,12,5,6,7,5,12,10,4,6	0,0,0,0,0,0,0,0,1,1	10,10,10,7,4,9,9,8,5,6	102	75
2023	4,5,2,2,1,0,3,3,5,2	4,0,3,4,2,0,0,3,3,3	2,4,3,1,1,3,3,2,1,0	1,1,2,1,2,4,1,1,0,2	975	75
2025	23,19,16,10,7,12,21,15,17,7	5,4,2,7,3,8,2,6,3,4	17,20,13,10,14,19,20,19,16,14	4,3,4,5,7,2,5,5,0,7	78	75
2026	18,27,34,23,32,17,15,20,18,25	13,22,17,11,7,11,10,14,20,17	35,32,24,32,27,29,26,32,12,23	17,5,9,11,12,11,9,13,22,14	78	75
2027	155,178,200,184,207,164,206,151,154,197	18,16,19,18,15,19,8,15,12,22	195,178,174,192,173,202,187,178,206,186	11,16,7,9,13,8,10,9,16,10	384	75
2028	6,2,4,3,3,0,3,3,5,3	1,1,0,0,0,2,0,0,0,2	1,0,2,1,2,2,2,0,4,2	2,1,2,1,1,1,2,0,0,0	78	75
2029	15,11,10,11,8,12,9,11,10,11	2,1,3,0,3,5,4,2,2,5	14,16,18,8,13,3,10,10,7,4	3,2,2,2,2,3,1,3,1,3	242	75
2030	1,0,0,1,3,1,0,0,0,1	0,0,0,0,0,0,0,0,0,0	0,0,0,0,0,0,1,0,0,0	0,0,0,0,0,0,1,0,0,0	242	75
2031	24,17,27,25,20,30,21,26,19,28	0,0,0,0,0,0,1,0,0,0	21,22,19,20,24,23,22,20,19,18	0,0,0,0,0,0,0,0,0,0	153	75
2032	73,89,84,59,57,70,75,63,82,87	201,205,211,185,125,158,158,166,151,182	68,75,61,88,77,68,82,59,66,65	182,210,197,189,205,171,183,215,163,193	78	75
2033	404,477,367,384,383,365,357,375,376,341	32,36,32,26,31,26,16,19,16,27	364,502,378,472,419,363,392,411,455,439	24,35,37,29,34,28,34,37,21,21	532	75
2035	166,193,207,157,178,183,163,133,151,172	0,1,1,0,0,1,1,0,0,1	158,213,172,155,153,145,130,158,171,151	1,0,0,2,1,0,0,1,2,0	83	75
2036	0,0,0,0,0,0,0,0,0,0	6,4,1,1,2,6,2,2,5,2	0,0,0,0,0,0,0,0,1,0	3,5,2,2,7,4,6,1,3,1	109	75
2038	2,0,0,0,0,0,0,1,0,1	1,3,4,1,4,4,2,4,7,2	0,0,0,0,0,0,0,0,0,0	3,4,2,1,0,11,2,1,2,2	78	75
2042	88,97,98,103,84,95,98,77,75,77	0,0,0,0,0,0,0,0,0,1	71,109,66,86,71,82,89,80,72,77	0,2,0,1,0,0,0,0,0,0	302	75
2043	0,1,0,0,0,0,0,0,0,0	25,33,29,22,20,26,14,25,27,34	0,0,0,0,0,0,0,0,0,0	19,21,21,16,23,17,22,26,22,21	153	75
2044	5,3,2,2,5,1,2,3,1,1	0,0,0,0,0,0,0,0,0,0	1,4,2,3,4,3,2,4,5,2	0,0,1,0,0,0,0,0,0,0	79	75
2046	45,48,42,46,46,34,36,49,49,42	2,1,3,1,1,0,1,3,0,2	34,51,40,38,37,32,54,40,26,44	3,2,2,1,2,0,2,1,2,0	79	75
2048	25,16,30,14,20,11,15,19,22,28	8,4,10,10,5,11,11,2,6,8	21,21,20,16,20,23,15,16,18,25	3,6,7,10,12,3,4,8,7,5	78	75
2049	210,198,211,160,178,177,162,138,123,176	4,5,10,2,2,8,1,1,3,4	197,168,148,132,140,161,159,166,143,145	2,2,4,6,3,2,5,1,0,6	431	75
2050	499,469,537,443,457,432,418,340,424,412	0,0,0,1,1,0,0,0,0,0	419,484,544,463,419,505,493,457,453,411	0,0,0,1,0,1,0,0,0,0	137	75
2051	97,131,131,107,118,89,93,108,125,115	1,0,0,0,0,0,0,0,0,0	115,129,109,137,114,118,128,83,109,97	0,0,0,0,0,0,1,1,0,0	764	75
2052	3,1,1,1,1,1,1,3,5,4	1,0,0,0,0,0,0,1,0,0	0,2,4,3,0,0,0,3,2,2	0,0,0,1,0,0,0,0,0,0	89	75
2053	11,8,11,8,11,5,3,6,11,12	3,2,2,1,0,2,0,1,1,1	7,8,13,11,5,8,3,10,5,4	3,1,4,2,1,0,1,3,0,0	89	75
2054	5,2,2,4,2,2,1,2,6,10	1,0,0,2,1,0,0,0,0,0	1,3,5,4,0,2,4,4,8,4	1,1,0,3,2,0,0,0,0,1	89	75
2055	4,1,0,0,1,0,0,0,1,0	0,2,1,0,0,0,0,1,1,0	0,1,0,0,0,1,0,0,0,0	0,1,0,0,1,1,0,1,1,1	104	75
2057	32,24,35,19,23,26,24,27,24,22	6,2,4,1,4,3,7,1,7,5	25,35,32,15,24,25,27,21,21,29	2,5,3,2,5,2,4,4,3,1	78	75
2058	1,1,1,0,1,0,0,1,0,0	0,0,0,1,0,0,0,0,0,0	1,0,0,3,0,1,0,0,0,1	0,0,0,0,0,0,0,0,0,0	78	75
2061	9,6,3,8,3,4,2,9,4,10	7,3,11,8,3,7,3,5,7,4	5,2,3,1,3,1,3,6,2,3	10,5,6,9,3,3,15,13,8,9	78	75
2062	865,720,795,733,730,816,648,524,631,746	0,2,1,0,0,3,0,0,0,2	820,829,813,754,741,762,778,673,752,737	3,3,0,1,1,0,1,0,0,0	374	75
2063	924,770,857,799,780,879,697,547,671,831	0,2,1,0,0,3,0,0,0,2	877,886,865,788,785,806,808,736,782,804	3,3,0,1,1,0,1,0,0,0	454	75
2064	125,105,113,108,97,119,91,71,97,128	66,55,51,42,47,56,42,48,57,43	106,114,108,82,106,94,92,111,85,109	49,57,56,48,62,50,62,48,55,42	155	75
2066	3,4,12,1,10,9,15,2,6,3	30,38,26,19,26,28,32,31,22,35	3,6,3,2,6,2,6,4,3,2	28,26,25,20,28,19,19,23,37,25	154	75
2067	21,14,12,11,11,17,7,22,12,19	20,27,22,19,23,31,18,19,30,18	20,23,22,12,17,11,28,13,14,9	19,17,15,30,20,14,22,25,29,26	78	75
2068	75,79,68,66,63,67,62,61,68,85	6,4,2,6,12,1,2,7,5,4	53,77,65,62,70,81,62,70,57,70	0,2,3,6,4,2,9,2,11,3	187	75
2071	38,44,24,29,21,25,30,27,28,35	5,2,6,3,3,7,4,5,5,5	31,36,26,37,20,20,37,30,19,22	3,2,4,9,4,5,10,2,5,4	151	75
2074	90,51,74,55,67,57,74,65,70,76	0,0,0,0,0,1,0,0,0,0	62,58,66,64,62,79,67,59,56,55	0,0,0,0,0,0,0,0,0,0	249	75
2077	2,3,1,0,2,0,2,0,0,3	11,4,7,9,7,8,2,4,8,5	0,3,5,0,4,2,2,0,1,2	10,4,5,7,1,1,6,12,8,7	78	75
2078	22,26,25,26,34,17,12,19,24,30	4,16,11,11,8,5,10,6,11,11	27,27,22,15,17,26,22,29,24,23	6,3,8,5,3,10,10,10,10,7	150	75
2079	1,1,1,0,0,0,2,0,1,3	23,16,18,18,11,23,25,18,13,13	1,1,3,3,2,4,1,3,3,3	15,23,15,10,20,11,23,24,16,18	113	75
2080	106,82,97,73,78,96,84,49,81,75	0,0,1,2,1,1,1,0,1,1	88,68,71,72,80,74,95,87,82,89	2,0,0,0,0,0,0,0,0,0	156	75
2081	0,1,1,0,0,0,2,0,0,1	2,3,2,4,2,1,1,4,4,1	0,0,0,0,1,0,2,0,0,0	0,4,1,2,2,0,1,4,3,3	79	75
2082	68,83,80,68,58,74,51,65,63,67	4,2,8,5,2,1,4,3,2,5	66,67,50,57,60,73,54,83,76,58	3,6,2,4,5,7,1,7,2,6	136	75
2083	60,57,65,62,61,65,57,43,62,69	0,2,3,0,0,0,1,0,1,0	67,61,63,50,67,51,55,62,63,55	2,0,0,2,1,0,0,0,1,1	171	75
2084	262,231,236,229,200,164,229,272,207,171	0,3,2,3,1,5,0,0,3,1	176,276,160,220,160,187,164,221,246,192	2,3,0,1,0,1,4,2,0,0	2079	75
2085	117,118,128,98,91,105,102,106,106,99	0,0,0,0,0,0,0,0,0,0	91,136,106,109,122,115,111,123,100,116	0,0,0,0,0,0,1,0,0,2	80	75
2086	55,48,60,59,47,44,48,46,44,41	0,1,0,0,0,1,0,1,0,0	39,57,55,51,39,48,37,44,41,37	0,0,2,0,0,1,0,4,1,0	151	75
2087	12,9,5,4,5,0,5,12,8,7	1,0,1,4,2,1,2,2,1,2	11,3,4,11,9,14,6,10,9,13	1,1,3,2,3,4,2,0,2,3	78	75
2088	7,0,3,5,0,2,4,6,3,1	4,8,9,3,3,6,2,7,12,2	4,4,7,2,1,0,1,1,1,4	2,6,8,5,4,1,6,6,2,3	133	75
2089	1,1,0,0,0,0,0,0,0,1	69,54,49,53,57,40,53,49,63,47	0,0,0,4,3,3,0,0,2,1	62,56,39,53,58,71,57,56,61,57	126	75
2090	0,1,0,1,0,4,1,1,0,1	0,1,0,0,0,0,0,1,0,0	0,1,2,2,0,0,0,0,2,0	0,1,0,0,0,0,1,0,1,0	79	75
2091	6,1,0,1,0,2,1,0,0,2	0,1,0,0,0,0,0,1,0,0	2,3,1,0,2,5,3,1,4,1	0,1,0,0,0,0,1,0,1,0	95	75
2092	6,1,0,1,0,2,1,0,0,2	0,1,0,1,0,4,1,1,0,1	2,2,1,0,2,5,3,1,4,1	0,0,2,2,0,0,0,0,2,0	91	75
2093	1,3,7,3,3,4,1,1,0,2	1,1,0,0,0,0,0,0,1,1	1,1,2,4,2,3,1,1,1,1	0,0,0,0,0,0,1,0,0,0	79	75
2094	4,4,5,4,11,6,7,7,4,8	0,0,0,0,0,1,0,0,0,0	6,10,3,6,9,7,15,8,5,4	0,0,0,0,0,2,0,0,0,1	78	75
2095	4,2,6,5,4,3,6,1,4,9	0,0,0,0,0,0,0,0,1,0	3,2,0,0,2,1,4,3,6,1	2,0,0,0,0,0,2,0,0,0	78	75
2096	105,117,126,100,107,98,94,75,94,112	5,13,2,2,3,5,4,6,11,4	99,124,108,113,122,116,117,86,103,82	7,6,6,7,2,3,2,7,3,1	107	75
2097	34,35,41,27,28,28,27,35,27,22	0,2,3,3,2,0,1,2,2,0	33,31,38,28,30,41,39,22,27,36	0,1,0,1,3,5,4,3,5,3	124	75
2098	57,74,72,41,62,45,60,60,49,50	2,3,3,3,1,3,2,3,3,5	64,37,48,60,46,67,50,62,50,53	4,3,0,0,1,3,4,3,4,3	126	75
2101	5,9,6,4,5,2,5,6,16,3	58,65,54,58,43,56,49,46,43,52	9,6,5,11,9,3,3,10,5,4	50,58,43,56,52,62,67,39,46,51	150	75
2102	4,3,5,4,6,1,0,7,7,6	31,29,30,16,28,20,22,34,40,26	8,4,5,5,8,5,3,2,6,2	21,28,23,31,30,32,25,24,33,25	93	75
2104	106,80,101,99,103,101,80,67,75,76	2,0,0,1,0,0,0,0,0,0	72,109,107,53,96,100,115,92,67,74	0,0,1,0,1,0,0,0,0,0	165	75
2105	50,47,48,51,50,33,44,41,55,53	3,4,3,0,1,0,2,0,0,2	71,60,40,64,42,47,39,54,56,47	0,0,0,0,0,1,1,1,0,0	199	75
2106	75,57,65,81,61,54,118,93,103,49	1,0,0,1,0,0,0,0,0,0	62,78,60,94,62,71,77,59,106,95	0,0,0,0,0,0,0,0,0,0	764	75
2107	0,2,1,1,0,0,2,1,2,1	22,17,8,6,10,19,17,8,10,18	0,1,1,1,0,0,0,0,0,2	14,19,6,9,10,16,11,15,9,19	87	75
2108	12,10,10,13,14,10,16,9,13,15	2,3,1,2,1,0,0,1,2,2	9,16,9,17,7,10,16,13,14,17	1,2,2,3,0,0,1,3,1,1	79	75
2109	18,16,18,17,12,16,22,24,21,9	0,0,0,0,0,0,0,0,0,0	16,15,14,17,13,22,11,12,28,20	1,0,0,0,0,0,0,0,0,0	679	75
2110	10,2,9,7,5,5,6,6,1,4	4,4,6,1,4,4,7,5,4,4	5,11,8,9,5,7,9,9,7,6	3,1,1,9,5,3,5,3,8,4	78	75
2113	66,80,72,55,62,61,77,68,53,52	0,1,1,0,0,0,1,0,0,2	74,58,59,69,72,80,85,63,72,47	1,1,1,0,0,1,2,1,2,0	128	75
2114	1,2,0,1,3,2,1,4,1,0	0,0,0,1,0,0,0,0,0,0	5,3,1,1,1,0,4,2,4,1	0,0,1,2,0,0,0,0,0,0	96	75
2115	6,3,7,5,7,3,2,3,4,4	0,0,0,1,0,1,0,0,0,0	3,5,3,8,1,2,6,5,0,1	0,0,0,0,0,0,0,0,0,0	222	75
2116	26,19,31,22,17,30,18,16,20,27	0,0,0,0,0,1,0,0,0,0	20,22,21,24,26,25,20,13,25,14	0,0,0,0,0,0,0,0,0,0	121	75
2117	0,0,0,0,0,2,0,0,0,0	5,1,4,7,3,4,3,4,3,2	0,0,0,0,0,0,0,1,0,0	4,5,4,2,3,3,0,7,3,4	123	75
2118	18,8,11,6,12,10,4,10,8,8	0,0,0,0,0,0,0,0,0,0	15,19,16,10,10,10,16,15,5,9	0,0,0,1,0,0,0,0,0,0	110	75
2120	0,0,0,0,0,0,0,0,0,0	16,7,5,7,10,4,1,8,10,13	0,1,0,0,0,0,0,0,0,0	1,12,9,6,3,13,9,2,4,2	97	75
2121	1,6,3,2,0,2,2,1,3,4	0,0,0,0,0,0,1,0,0,0	2,3,2,3,4,4,2,5,1,0	0,0,0,0,3,0,0,0,1,0	91	75
2122	6,4,1,1,1,3,2,2,4,1	16,25,20,17,25,22,16,16,18,20	4,1,2,4,4,6,5,4,1,6	21,13,12,16,22,16,23,20,18,12	130	75
2123	30,27,28,21,30,25,22,35,26,22	15,13,11,13,8,11,9,7,6,10	25,22,14,22,27,20,23,25,18,17	13,8,9,10,9,5,17,7,10,10	78	75
2125	82,102,127,82,84,92,73,94,83,93	0,3,0,2,0,1,0,1,0,1	87,90,81,95,82,71,87,67,84,117	3,0,0,1,0,0,0,0,0,1	130	75
2127	95,79,90,81,77,82,72,65,94,106	0,1,1,0,0,1,1,0,0,0	82,87,57,62,76,69,74,66,69,76	2,1,2,0,1,0,0,3,0,0	88	75
2128	100,86,99,86,81,91,78,70,101,111	3,1,1,2,0,0,1,0,5,2	85,93,63,70,84,76,83,72,78,84	1,1,2,1,1,0,1,0,0,1	100	75
2129	5,8,10,5,4,10,7,5,7,5	3,1,1,2,0,0,1,0,5,2	5,7,8,8,9,7,9,9,9,8	1,1,2,1,1,0,1,0,0,1	87	75
2130	45,54,32,26,19,21,27,32,30,52	12,13,5,8,7,9,6,7,7,9	29,53,31,32,47,37,28,27,33,30	12,10,10,6,9,8,11,9,5,6	78	75
2131	27,22,26,21,27,14,11,17,23,32	9,12,9,10,9,9,7,21,10,7	16,26,18,26,25,16,24,33,19,25	6,11,6,7,4,4,8,6,10,14	81	75
2132	84,75,63,82,68,85,69,55,61,64	9,3,7,5,6,2,1,6,5,5	62,64,50,72,60,54,64,67,75,53	6,2,7,4,7,4,8,6,4,4	84	75
2135	5,2,1,4,1,2,1,0,1,0	61,86,82,64,72,70,76,49,71,60	5,1,0,2,2,2,0,1,2,1	77,72,84,65,72,75,75,67,62,63	90	75
2136	3,2,4,0,1,0,1,0,1,1	20,42,31,30,32,40,19,28,20,32	0,3,1,1,0,3,0,1,4,1	32,27,34,40,37,24,24,37,29,17	108	75
2137	5,15,6,7,6,10,4,5,5,11	129,104,122,95,98,129,96,87,105,118	11,15,5,7,9,6,11,13,8,11	109,126,86,104,94,136,141,121,119,106	97	75
2139	0,3,0,3,0,0,1,0,0,0	31,38,43,49,27,38,29,39,28,42	0,2,1,1,0,1,3,0,2,2	28,48,28,42,43,31,42,30,40,36	91	75
2140	75,58,79,56,58,35,60,57,45,54	0,0,0,0,0,0,0,1,0,0	61,61,50,42,57,54,53,45,53,60	0,0,0,0,0,0,2,0,0,0	77	75
2141	45,47,51,37,28,35,37,43,36,33	1,0,0,2,0,0,0,0,1,0	36,54,39,40,28,35,48,35,39,38	1,0,0,0,4,0,0,0,0,0	79	75
2142	1,8,5,6,6,1,5,3,2,4	0,0,0,1,0,0,0,0,1,0	4,4,3,1,6,1,4,3,10,6	0,2,0,0,0,0,0,0,1,0	123	75
2143	1,0,0,0,1,0,0,0,0,0	0,2,3,0,0,0,0,0,3,1	0,1,0,0,0,0,0,0,0,0	0,1,0,3,1,1,0,0,0,0	78	75
2144	8,8,9,3,5,10,9,11,7,6	15,16,22,7,14,17,9,8,8,13	7,7,7,7,4,7,15,15,8,9	17,8,12,15,12,19,14,12,12,13	346	75
2145	79,74,73,83,56,53,60,60,76,73	7,2,0,6,3,0,3,3,3,2	79,92,82,67,84,87,90,84,72,78	2,1,2,4,3,4,2,2,2,4	78	75
2146	1,3,3,2,0,0,2,1,2,0	0,0,0,0,0,0,0,0,0,0	0,1,0,1,3,0,2,0,0,1	0,0,0,0,0,0,0,1,0,0	78	75
2149	0,0,1,0,0,0,1,0,0,0	6,12,1,1,5,6,4,9,3,10	0,0,0,0,0,0,0,0,0,0	7,9,1,4,4,13,8,6,0,3	115	75
2150	0,0,1,0,0,0,0,0,0,0	0,0,0,0,0,0,0,1,0,0	0,0,0,0,0,1,0,0,0,0	0,0,0,0,0,0,0,0,0,0	115	75
2151	0,1,0,0,0,0,0,0,0,0	6,1,1,2,0,4,7,1,4,4	0,0,0,0,0,0,0,0,0,0	0,1,2,3,1,1,0,4,1,1	93	75
2152	1742,1850,1895,1590,1533,1492,1445,1362,1688,1568	38,21,36,32,30,36,28,32,23,18	1597,1777,1412,1631,1673,1875,1658,1498,1480,1559	15,26,34,18,28,25,39,22,30,15	458	75
2153	19,10,21,17,15,8,11,15,15,24	2,3,3,3,1,1,1,0,0,1	18,22,22,15,15,22,21,15,17,8	1,1,3,0,6,0,0,0,0,2	183	75
2154	95,89,81,69,73,57,69,56,71,80	2,1,0,2,1,0,1,1,0,0	74,93,79,79,98,79,92,80,80,82	1,2,0,1,0,1,3,0,2,2	101	75
2155	2,5,1,5,0,1,2,2,5,1	32,37,34,54,45,28,29,32,34,42	4,3,1,5,7,6,0,1,5,1	43,63,43,29,36,32,42,45,36,40	104	75
2156	10,8,14,9,12,10,8,11,10,4	8,6,11,7,6,4,5,0,7,4	9,8,9,6,5,12,10,8,3,4	3,4,3,9,4,3,3,7,3,5	148	75
2157	14,25,19,24,9,19,28,25,24,16	0,0,0,0,0,0,0,0,0,0	14,8,9,7,34,14,39,20,14,26	0,0,0,0,0,2,1,0,0,0	116	75
2158	0,1,2,4,0,0,1,0,0,0	8,20,13,22,12,8,16,11,7,7	1,1,0,0,0,0,1,1,0,0	8,15,5,6,13,13,31,18,12,17	96	75
2159	70,59,65,51,41,55,47,55,44,55	1,4,0,1,1,3,3,0,2,5	62,71,52,71,54,80,77,64,49,48	1,2,1,1,2,2,1,5,1,0	150	75
2160	164,122,136,99,94,104,135,103,106,103	13,10,16,10,14,10,15,11,12,5	101,128,89,91,144,135,164,120,93,100	16,14,6,14,6,17,6,10,12,4	141	75
2162	5,1,5,6,5,2,6,2,5,4	43,28,26,15,32,25,19,30,13,24	3,7,1,5,3,3,8,7,2,6	16,31,17,25,18,41,36,14,16,17	152	75
2163	3,10,4,5,5,2,2,6,4,7	2,0,1,2,0,0,3,0,1,1	5,9,7,5,3,3,10,11,3,6	1,2,1,1,0,2,0,0,0,3	91	75
2164	126,112,131,122,129,136,96,98,103,103	0,0,0,0,0,1,0,0,0,0	115,151,111,120,117,107,139,115,114,122	0,0,0,0,0,0,0,0,0,0	109	75
2165	5,1,0,0,1,3,3,0,1,0	207,205,261,177,204,228,186,202,190,213	0,2,0,0,1,0,2,0,1,0	201,202,203,180,190,211,233,190,199,230	94	75
2166	164,150,170,137,137,137,117,116,125,127	0,0,0,0,0,0,0,0,0,0	154,148,131,128,138,152,143,110,132,141	0,0,0,0,0,1,0,0,0,0	102	75
2167	1,1,1,0,0,1,0,0,3,0	174,219,187,164,158,189,141,133,152,146	0,1,0,0,1,1,1,1,0,0	191,198,163,190,176,189,192,206,180,184	98	75
2168	164,151,171,137,137,138,117,116,128,126	0,0,0,0,0,1,0,1,0,0	151,148,130,127,139,151,143,111,132,138	0,0,0,0,0,1,0,0,0,0	125	75
2169	337,369,357,301,295,326,258,249,277,272	0,0,0,0,0,1,0,1,0,0	342,345,293,317,314,339,334,316,312,322	0,0,0,0,0,1,0,0,0,0	102	75
2170	1,4,3,4,3,1,1,3,1,0	2,0,0,1,1,2,2,1,0,1	1,2,0,1,2,2,0,0,1,1	0,2,1,1,1,2,0,1,0,2	165	75
2171	2,3,2,2,1,1,0,1,2,2	0,0,0,1,0,0,1,1,5,0	1,7,5,4,1,3,2,0,1,0	0,0,1,0,0,0,2,1,0,1	78	75
2172	58,39,39,35,45,40,36,36,33,53	1,1,0,0,1,1,0,0,0,0	34,31,20,39,36,39,40,47,56,49	0,0,2,2,1,0,2,0,1,3	80	75
2174	6,2,4,4,9,4,3,2,5,3	4,1,3,2,5,1,5,4,5,5	5,5,8,4,2,3,3,6,8,6	5,5,1,2,3,4,4,0,3,8	95	75
2175	0,0,0,0,0,0,0,0,0,0	3,2,2,3,2,3,3,2,3,0	0,0,0,0,1,0,0,0,0,0	3,6,2,2,6,3,0,5,4,2	95	75
2178	206,172,235,207,167,202,189,173,162,182	1,3,2,3,2,4,2,5,4,8	211,189,203,169,203,201,211,200,201,178	2,3,4,4,2,4,2,4,1,1	791	75
2186	4,2,2,5,2,2,4,6,2,1	10,9,6,9,8,6,6,6,7,5	2,5,2,2,2,2,7,2,3,2	4,6,9,11,4,6,6,6,3,10	78	75
2187	27,30,20,29,30,21,31,17,13,26	0,0,0,0,0,0,1,0,0,0	30,24,32,29,21,22,28,23,27,31	0,1,0,0,0,1,0,1,0,0	181	75
2188	22,26,31,24,26,29,20,27,24,36	3,0,0,2,0,0,2,0,0,1	37,40,14,35,21,29,28,28,28,27	1,2,0,1,0,1,2,1,1,3	149	75
2189	7,11,9,9,8,13,7,16,8,5	1,0,0,2,0,0,3,1,1,1	7,14,9,9,9,13,11,13,28,14	1,1,1,0,0,1,0,1,2,0	91	75
2190	3,3,6,5,3,4,7,6,7,3	6,0,3,0,3,1,1,0,1,0	4,5,1,5,2,6,5,7,1,4	2,0,3,3,6,0,1,3,4,2	93	75
2191	5,9,16,8,4,4,6,6,12,5	0,0,0,0,0,0,0,2,0,0	5,9,12,4,10,4,6,2,2,5	0,0,0,0,0,0,0,0,0,0	78	75
2193	0,5,0,6,1,2,0,4,2,1	0,0,0,1,0,0,0,0,0,0	2,0,1,2,3,0,3,3,3,1	0,0,0,0,0,0,0,0,0,0	102	75
2194	11,8,8,15,10,5,11,20,8,8	0,0,0,0,0,0,0,0,0,0	11,12,5,10,6,17,6,8,13,9	0,0,2,0,0,0,0,0,0,0	102	75
2195	4,9,5,11,9,10,0,6,3,13	12,7,12,5,12,16,15,11,9,10	4,7,7,7,10,5,8,6,8,6	4,10,9,9,5,8,10,10,10,5	78	75
2196	31,16,24,27,23,21,20,20,16,18	0,2,0,0,0,0,0,0,0,0	22,24,31,14,20,26,21,13,18,17	0,0,0,0,0,0,0,0,0,0	108	75
2198	0,0,0,0,0,0,1,0,1,0	0,0,0,0,0,0,1,0,0,0	0,0,0,1,0,0,0,0,1,2	0,0,0,0,1,0,0,0,1,0	201	75
2199	0,0,0,0,0,0,0,0,0,0	3,4,11,8,6,7,9,5,2,6	1,0,0,0,0,0,0,0,0,0	6,21,1,6,8,13,2,6,4,6	92	75
2201	19,16,11,19,15,33,23,32,26,14	0,0,1,0,0,0,0,0,0,0	18,22,24,22,18,14,12,21,20,23	0,0,0,0,0,0,0,0,0,0	481	75
2202	23,16,13,20,20,33,21,36,28,16	0,0,0,0,0,0,0,0,0,0	19,23,25,23,21,14,13,21,20,25	0,0,1,0,0,0,0,0,0,0	740	75
2208	10,11,8,10,7,12,11,9,4,3	0,0,0,1,0,1,1,1,0,0	6,3,7,10,13,6,9,10,7,13	0,0,0,1,0,0,0,1,1,1	84	75
2209	631,627,662,606,589,640,518,459,468,564	0,0,0,0,0,0,1,0,0,0	583,670,624,602,599,623,512,575,549,544	0,0,0,0,0,0,0,0,0,0	128	75
2210	471,534,518,487,477,496,419,362,380,461	15,20,15,28,37,25,17,11,22,29	417,474,490,445,437,462,436,460,456,414	31,17,21,25,26,16,24,29,10,13	78	75
2211	0,1,2,1,0,1,1,1,2,3	260,285,301,297,261,311,265,233,235,265	0,2,1,1,2,2,0,0,0,0	271,290,298,305,283,277,267,261,215,243	105	75
2212	68,72,69,56,46,59,57,42,69,71	2,0,1,1,0,1,1,1,1,1	55,62,64,66,71,69,56,64,56,65	2,3,0,1,0,2,3,0,1,1	78	75
2213	71,67,74,70,81,71,55,40,49,71	0,0,0,0,0,0,0,0,0,0	62,64,68,63,49,59,54,48,55,59	0,0,2,0,0,0,0,0,0,0	79	75
2214	19,19,20,11,13,12,10,16,13,14	0,0,0,0,2,0,0,0,0,0	9,6,8,11,23,10,11,13,7,11	0,0,0,0,0,0,0,0,0,0	90	75
2216	2,2,1,1,2,0,6,0,1,3	30,23,36,29,19,25,20,22,27,30	3,1,2,2,4,1,2,4,3,0	27,34,18,30,28,21,26,14,37,18	91	75
2217	91,77,74,61,77,75,60,53,88,60	0,0,0,0,0,0,0,0,0,0	80,67,58,76,88,58,67,57,95,58	0,0,0,0,0,0,0,0,0,1	153	75
2218	230,182,189,170,159,158,146,149,144,161	0,0,0,0,0,0,0,0,0,0	189,156,185,161,145,165,180,151,168,170	0,0,0,0,0,0,0,0,1,0	153	75
2219	96,78,76,49,87,68,71,63,90,69	5,4,6,0,3,2,1,5,5,2	78,91,68,93,82,95,102,74,81,91	3,8,6,6,4,6,4,5,4,5	159	75
2220	10,7,14,6,6,8,8,8,10,8	12,13,29,24,21,16,20,14,21,20	6,10,7,3,6,3,9,5,6,11	16,12,12,16,12,15,26,18,13,14	150	75
2222	0,1,1,0,0,1,0,2,2,0	0,0,0,0,0,0,0,0,0,0	0,2,1,1,1,0,2,0,0,0	0,0,0,0,1,0,0,0,0,0	602	75
2224	0,0,0,0,0,1,0,0,0,0	1,0,0,0,0,0,0,1,0,0	0,0,0,0,0,1,0,0,0,0	0,1,0,0,0,1,0,0,1,0	146	75
2225	0,0,0,0,0,0,0,1,0,0	0,0,0,0,0,1,0,3,0,0	0,0,0,0,1,0,0,0,0,0	0,0,0,0,0,0,0,0,1,1	90	75
2226	121,156,125,110,133,145,114,106,108,93	4,16,6,7,4,8,7,7,3,10	145,152,93,90,94,132,127,122,108,114	5,8,4,10,8,6,3,7,5,9	87	75
2227	128,109,108,85,66,77,108,82,108,113	1,0,0,3,0,0,0,2,0,1	97,129,100,102,91,82,123,106,77,76	0,2,0,1,1,2,0,0,2,2	89	75
2228	370,406,437,388,348,361,287,293,314,339	0,0,0,0,0,0,0,0,1,0	348,345,353,330,327,373,357,357,305,329	0,0,0,0,0,1,0,0,0,0	252	75
2229	8,1,5,7,7,6,4,9,10,4	0,0,0,0,0,0,0,0,0,0	11,4,3,1,5,9,6,7,4,5	0,0,0,0,1,0,0,0,0,0	103	75
2230	3,1,1,7,2,1,4,5,9,2	0,0,1,0,0,0,0,0,0,0	9,1,1,3,3,4,7,6,1,7	0,0,0,0,0,0,0,0,0,0	103	75
2232	10,3,13,11,10,18,6,12,5,11	0,0,0,0,1,0,0,0,0,0	8,10,8,13,7,6,8,22,8,14	0,0,0,1,0,0,0,0,0,0	82	75
2233	43,50,38,43,48,33,25,32,26,51	0,3,0,2,0,1,1,3,0,1	43,35,69,48,48,39,38,31,45,40	0,0,1,0,0,0,0,0,0,0	82	75
2234	2,3,0,1,1,0,1,0,0,0	0,0,0,0,0,0,0,0,0,0	0,0,0,0,1,1,0,0,0,1	0,0,2,0,0,0,0,0,0,0	141	75
2235	98,92,97,86,86,87,76,86,97,84	1,1,2,4,2,5,2,1,1,2	103,89,80,74,102,91,118,110,82,89	4,3,0,3,1,1,1,0,1,3	101	75
2236	43,40,54,59,53,48,42,37,48,38	12,15,25,24,15,18,17,14,13,12	46,53,58,38,39,44,49,43,50,55	23,15,15,19,25,17,18,24,16,13	129	75
2237	8,8,8,6,13,9,7,7,7,9	1,0,2,0,2,1,2,1,0,0	11,8,6,7,13,11,8,17,10,12	1,1,0,2,1,0,1,1,5,0	223	75
2238	2422,2339,2602,2297,2236,2577,1955,1900,2054,2237	23,37,26,15,28,28,26,21,22,24	2409,2580,2529,2250,2325,2408,2410,2179,2143,2206	17,28,15,16,24,20,32,34,15,9	1199	75
2240	15,9,19,14,12,12,11,13,16,14	0,0,1,0,0,0,0,0,0,0	14,12,9,14,12,18,14,17,15,8	0,0,0,0,0,0,0,0,0,0	88	75
2241	0,4,2,1,2,0,2,0,1,5	1116,1075,1068,935,1034,1127,882,837,944,920	6,1,1,1,0,0,1,0,2,1	1030,1136,927,982,1019,1056,983,1002,905,966	148	75
2242	1144,1013,1023,854,979,1070,800,775,837,961	42,31,54,42,38,43,25,23,40,33	947,972,939,924,970,1012,958,956,862,906	31,33,35,32,21,34,31,23,31,20	116	75
2243	2,0,4,4,0,0,1,0,0,0	0,0,0,0,1,0,0,0,0,0	0,1,0,1,1,2,1,0,4,0	0,0,0,0,1,0,0,0,0,0	149	75
2245	60,50,64,55,39,37,41,35,58,53	1,2,1,0,2,3,0,0,1,1	50,56,33,54,43,46,37,50,57,34	1,1,1,2,4,2,1,0,1,0	748	75
2246	17,9,21,5,10,10,11,10,18,7	10,22,22,19,10,16,14,15,13,11	8,8,8,12,11,14,13,8,11,15	14,23,18,11,15,9,22,18,8,11	78	75
2247	115,129,130,97,118,137,120,108,99,116	1,1,1,0,2,1,0,0,0,1	93,116,85,118,122,105,114,87,99,98	3,0,0,1,0,0,2,0,2,1	166	75
2249	11,4,15,5,12,9,5,8,10,11	5,3,4,2,2,3,1,2,0,1	11,7,13,13,4,13,10,16,11,13	5,2,1,1,3,5,3,4,5,1	78	75
2250	8,8,6,10,13,9,6,15,9,13	2,3,3,2,1,2,5,4,4,2	17,6,6,8,13,5,5,9,7,10	1,2,2,2,0,0,0,3,5,3	78	75
2253	209,223,205,189,182,235,189,165,234,198	0,0,1,0,0,0,0,0,0,0	213,198,193,194,209,221,208,233,212,200	0,0,0,0,0,0,0,0,0,0	792	75
2254	3,1,0,1,0,1,2,2,0,2	0,1,0,0,0,0,0,0,2,0	3,0,1,3,5,3,2,3,4,3	0,0,1,0,0,0,0,0,0,1	78	75
2255	39,41,32,35,19,19,16,22,28,22	9,6,9,6,4,8,5,5,2,8	21,21,29,27,27,30,35,31,37,28	10,5,2,5,8,4,7,10,8,8	78	75
2256	48,53,62,38,56,27,21,35,42,50	19,23,12,12,4,16,10,10,12,16	45,46,37,38,45,49,48,41,51,38	17,12,15,17,17,17,14,12,13,12	87	75
2257	81,90,103,76,92,60,42,74,73,103	933,882,1034,914,839,912,776,693,842,885	76,90,64,71,75,95,93,79,78,70	766,910,838,803,922,966,855,840,829,761	87	75
2259	3,0,3,1,0,3,2,1,5,1	0,0,0,1,0,0,0,0,0,0	3,0,0,1,0,3,0,1,2,2	0,0,0,1,0,1,0,0,0,0	78	75
2260	10,10,17,13,10,19,16,16,11,10	1,0,1,2,2,2,0,1,0,0	14,15,15,17,8,16,19,4,18,18	0,1,4,4,1,1,3,0,0,1	1174	75
2261	0,1,1,1,0,1,0,1,0,2	57,63,64,48,50,71,51,42,61,43	0,0,0,0,1,0,0,0,0,0	61,68,47,65,63,61,63,55,71,56	105	75
2262	108,69,81,62,70,84,70,56,86,69	1,1,1,0,0,1,0,0,0,2	81,67,70,65,73,62,83,74,78,75	0,0,2,2,2,2,0,2,0,1	234	75
2263	108,71,81,62,70,83,70,56,85,69	0,0,1,0,0,0,0,0,0,0	81,67,70,64,73,62,83,74,78,75	1,1,0,3,0,1,0,0,1,0	234	75
2264	19,24,23,27,12,11,13,20,25,6	11,6,1,1,5,8,10,5,8,5	11,13,15,9,19,14,20,29,11,12	7,2,8,6,5,9,8,5,6,4	84	75
2265	273,280,298,253,243,263,260,244,217,234	9,11,8,8,13,6,8,10,7,4	275,304,224,229,229,291,233,243,229,235	8,14,11,5,9,8,12,10,7,7	77	75
2266	25,34,21,26,18,21,34,4,16,15	0,0,0,0,0,0,0,1,0,0	18,15,15,33,21,19,25,14,23,9	0,0,0,0,0,1,0,0,0,0	3376	75
2267	1,2,1,0,0,1,0,0,2,3	0,0,0,0,0,0,0,0,0,0	0,0,0,0,0,0,0,1,0,0	1,1,0,0,1,0,0,0,0,0	113	75
2268	140,140,144,153,126,160,126,117,143,121	3,1,1,2,1,1,1,2,1,0	124,121,132,103,137,128,141,124,134,135	2,1,1,4,3,0,1,2,0,0	194	75
2272	98,84,99,108,81,96,74,90,58,94	0,1,1,0,1,0,0,0,0,0	81,99,90,83,81,86,103,76,66,80	1,0,0,0,1,1,0,0,0,0	191	75
2273	151,146,147,140,110,117,133,133,137,131	1,1,0,1,2,0,0,0,1,0	153,124,108,137,141,127,149,115,125,162	0,1,0,6,0,0,1,4,2,5	767	75
2274	9,10,2,1,3,4,4,9,7,3	103,115,93,98,73,83,69,79,100,77	6,3,5,5,5,5,9,6,6,4	96,95,88,96,90,93,98,79,99,99	79	75
2275	7,11,10,4,5,14,4,6,5,10	0,0,0,0,0,0,0,0,0,0	10,6,8,3,8,17,7,6,11,10	0,0,1,0,0,0,0,0,0,0	97	75
2276	0,0,0,0,0,0,1,0,0,0	10,6,15,7,10,15,6,8,9,10	0,0,0,1,0,0,0,0,0,0	3,10,5,12,9,11,3,5,2,7	94	75
2277	19,21,18,11,18,9,15,17,9,16	0,0,0,0,0,0,0,0,0,0	12,15,15,12,13,16,9,12,14,8	0,0,0,0,0,0,0,0,0,1	452	75
2278	7,10,6,6,6,8,3,8,9,3	1,0,0,1,0,0,0,0,0,0	11,11,7,7,7,6,10,5,6,10	0,0,0,0,0,0,0,0,0,1	80	75
2279	7,9,2,2,3,6,5,4,5,2	1,0,0,1,0,0,0,0,0,0	1,0,0,3,4,4,5,1,2,7	0,0,0,0,0,0,0,0,0,1	213	75
2280	3,5,0,1,3,2,4,1,0,0	3,6,4,5,6,4,2,5,4,1	0,0,0,2,2,2,2,1,1,4	10,11,7,6,5,4,7,5,5,7	208	75
2281	4,5,2,1,0,4,1,3,5,2	0,0,0,0,0,0,0,0,1,0	1,0,0,1,2,2,3,0,1,3	0,0,0,0,0,0,0,0,0,0	80	75
2282	32,42,28,24,36,21,19,29,32,28	0,0,0,0,0,0,0,0,1,0	36,33,32,27,25,28,32,21,24,41	0,0,0,0,0,0,0,0,0,0	526	75
2283	28,38,26,23,36,17,18,26,27,26	0,1,0,0,0,0,0,0,0,0	35,33,32,26,23,26,29,21,23,38	0,0,0,0,0,0,0,0,0,0	521	75
2284	54,45,47,39,43,48,52,34,44,48	129,137,160,111,128,103,126,125,96,114	41,55,39,51,42,52,53,48,44,46	114,127,86,118,139,114,142,126,136,108	78	75
2285	0,0,2,1,2,1,0,0,0,2	0,0,0,0,0,0,0,0,0,0	0,0,1,0,1,2,1,1,0,0	0,1,0,0,1,0,0,0,0,0	93	75
2286	0,1,0,0,0,0,0,0,0,0	0,0,1,0,0,0,0,0,0,0	0,3,1,0,1,1,2,0,0,0	0,0,0,0,0,0,0,0,0,0	85	75
2288	20,17,18,15,14,17,25,13,12,22	5,3,2,1,1,8,4,8,4,5	17,26,12,9,24,15,17,16,17,11	2,9,5,1,3,6,8,7,1,1	105	75
2289	114,104,122,98,100,123,85,94,80,81	4,5,5,2,2,0,2,0,3,0	107,113,80,87,112,110,88,87,88,64	3,1,4,4,2,1,2,1,1,6	1025	75
2290	6,6,1,4,3,4,1,5,8,4	1,0,0,0,0,0,0,0,0,0	14,6,7,6,6,4,1,7,2,6	0,0,0,0,0,0,0,0,0,0	172	75
2291	8,8,2,4,5,5,4,5,9,6	6,2,6,4,9,6,5,1,1,4	14,6,7,8,7,4,5,7,3,6	4,9,7,4,4,8,16,2,9,2	172	75
2292	6,6,1,5,3,5,1,5,8,4	0,0,0,0,0,0,1,1,1,2	14,6,7,7,6,4,1,7,2,6	0,1,0,0,0,1,1,0,1,0	172	75
2293	10,10,13,11,11,10,30,17,26,21	7,6,0,0,4,6,1,5,13,9	12,16,28,18,15,27,17,21,23,12	6,8,6,5,3,4,3,3,2,1	78	75
2294	8,26,23,13,18,6,8,26,18,26	14,14,20,10,10,7,10,17,7,12	25,26,12,10,20,20,17,25,17,12	10,6,7,11,8,13,12,4,13,5	156	75
2295	7,10,8,6,11,6,6,6,11,5	0,0,0,1,0,0,1,0,1,1	7,11,9,8,11,13,13,10,4,6	0,0,0,0,0,1,0,0,2,1	78	75
2298	51,37,46,62,50,52,48,47,51,51	1,8,3,1,4,6,1,6,6,10	45,50,47,58,56,67,41,51,49,43	3,3,8,8,3,3,1,3,3,1	132	75
2299	46,45,46,45,35,47,40,40,45,44	0,1,0,0,1,0,2,1,0,0	52,53,40,40,34,58,47,34,45,34	1,1,4,1,1,1,2,1,0,0	87	75
2300	24,35,26,24,21,21,37,29,24,30	0,0,0,1,1,0,0,0,1,1	35,37,24,28,23,24,21,32,27,21	0,1,0,0,1,0,1,1,0,4	79	75
2301	1,1,2,3,0,1,3,1,2,1	3,4,2,5,2,1,3,3,2,4	1,3,1,0,2,0,1,1,0,4	2,4,3,6,4,6,4,4,0,2	96	75
2302	0,6,5,0,1,2,3,1,2,2	993,970,986,868,883,940,743,731,925,822	3,1,0,0,4,2,2,0,3,4	871,1043,768,838,835,927,940,863,818,974	95	75
2303	254,260,290,257,256,244,255,207,237,254	0,0,0,0,0,0,0,0,0,1	220,264,230,239,270,274,249,229,217,191	0,0,0,0,0,0,0,0,0,0	654	75
2304	0,0,0,0,0,0,0,0,0,0	99,92,86,102,73,71,85,85,70,81	0,0,0,0,2,0,0,1,1,0	71,99,81,77,97,94,88,72,73,83	99	75
2305	1,0,1,0,0,0,1,0,0,1	0,0,0,0,1,0,0,2,0,1	0,1,0,0,0,1,0,0,2,0	0,0,0,0,0,1,0,0,0,0	78	75
2306	28,37,25,28,32,29,26,26,24,28	170,142,160,130,154,131,88,117,124,152	29,27,30,18,27,22,36,23,31,15	141,147,147,135,147,139,133,123,155,115	78	75
2307	0,0,0,1,0,0,0,0,1,1	0,0,1,0,0,0,0,0,0,0	0,1,1,2,1,1,0,1,1,1	0,1,1,0,0,0,0,0,1,0	78	75
2308	4,2,7,2,0,0,0,9,3,7	8,5,6,4,11,0,0,9,8,11	0,5,1,1,1,7,0,0,0,1	0,12,4,8,0,15,2,0,0,0	93	75
2309	9,9,4,3,7,4,8,10,10,5	30,24,28,22,28,20,25,21,27,18	6,10,7,6,6,7,4,3,5,9	27,23,27,19,30,30,35,31,19,23	78	75
2313	234,218,232,219,180,230,175,182,202,228	8,5,3,6,4,5,3,1,5,6	211,203,182,233,211,182,203,227,203,178	5,3,0,5,8,2,8,4,6,4	79	75
2316	51,48,42,54,36,43,40,40,52,51	0,0,0,0,0,0,0,0,1,0	45,58,40,47,39,41,38,27,34,47	0,0,2,0,1,0,0,0,1,0	78	75
2317	215,225,236,218,187,224,175,189,175,185	0,2,1,1,1,0,2,0,1,0	193,208,173,200,180,203,169,164,148,146	0,0,0,0,0,0,1,1,0,0	3931	75
2318	0,0,1,1,0,0,0,0,0,0	81,70,97,75,75,67,61,76,73,87	0,1,0,0,0,1,0,0,2,0	81,93,46,58,65,82,87,53,58,47	88	75
2319	0,0,0,0,1,0,0,0,1,2	56,69,62,46,54,76,47,39,61,56	1,0,0,0,0,0,0,1,0,0	52,60,66,78,48,55,63,49,55,39	108	75
2320	256,229,247,241,212,234,181,212,187,243	3,1,2,2,0,3,3,1,1,1	226,222,211,226,219,227,239,226,201,216	0,0,1,0,4,2,1,3,1,0	78	75
2321	1,1,1,2,0,0,0,3,4,0	0,0,0,0,0,0,0,0,0,0	0,5,1,1,1,5,0,0,0,0	0,0,1,0,0,0,0,0,0,0	89	75
2323	70,64,65,42,51,50,70,40,56,53	5,16,9,7,8,7,13,8,12,9	67,56,49,51,55,67,72,52,41,53	12,13,6,14,7,9,7,13,6,17	141	75
2328	0,0,0,0,0,1,0,0,0,0	13,10,6,4,14,4,5,6,9,9	0,0,0,0,0,0,0,0,0,0	11,11,3,10,10,4,9,11,14,11	105	75
2329	7,23,21,35,18,23,40,21,22,19	0,0,0,1,0,0,0,0,0,0	13,32,28,14,39,17,17,33,24,17	0,0,0,0,0,0,0,0,0,0	657	75
2330	2,5,2,3,4,2,2,0,1,2	1,3,3,2,2,2,1,3,2,2	0,1,2,5,2,1,1,4,2,0	3,2,3,0,0,3,2,0,2,0	96	75
2331	41,27,27,39,38,25,38,28,22,30	0,0,0,1,1,1,0,1,0,0	25,22,30,25,25,25,37,34,39,37	1,0,0,0,0,0,0,0,0,1	105	75
2332	23,22,12,21,25,14,11,20,9,14	0,0,0,0,0,0,1,0,0,0	8,17,10,16,13,19,12,20,13,15	0,0,0,0,0,0,1,0,0,0	312	75
2333	2038,1879,2119,1849,1790,1846,1678,1529,1637,1878	0,0,1,0,1,0,1,0,0,0	1883,2162,1971,1722,1831,1920,1846,1589,1754,1766	0,0,1,0,0,0,0,0,0,0	1316	75
2334	8,7,5,3,3,3,4,2,2,4	0,0,1,0,1,0,0,1,0,1	1,3,4,3,3,1,4,3,1,6	0,0,0,0,0,0,0,1,2,0	175	75
2335	82,85,67,74,64,80,68,39,63,67	1,0,4,1,2,3,1,3,2,2	60,91,69,69,73,75,63,71,60,62	3,1,2,2,6,0,2,1,0,2	479	75
2340	182,165,190,153,131,155,144,153,179,165	6,2,6,3,6,4,1,6,4,4	168,157,121,155,167,169,164,168,141,144	6,1,2,4,5,1,6,2,2,3	105	75
2341	31,44,35,40,33,27,28,29,30,23	0,0,0,0,0,0,0,1,0,1	44,29,28,39,26,37,26,31,33,33	1,2,0,0,0,0,0,0,1,0	129	75
2343	71,60,83,71,63,64,59,50,68,63	126,101,124,98,88,75,87,78,89,112	56,75,83,64,67,59,75,49,77,60	124,93,112,90,90,113,100,97,94,85	78	75
2344	12,11,20,18,12,19,5,12,10,15	0,1,0,0,0,0,0,0,0,0	9,13,14,20,14,10,17,17,11,6	0,0,0,0,0,0,0,0,0,0	2217	75
2345	48,46,55,46,45,33,20,42,34,50	1,0,0,0,0,0,0,0,0,0	41,58,40,43,28,38,40,28,45,35	0,0,0,0,0,0,0,0,1,0	79	75
2348	1325,1231,1380,1106,1021,1135,1298,1011,1132,1175	0,0,0,0,0,0,0,0,0,0	1155,1122,1173,1032,1169,1392,1387,1151,1127,1218	0,0,0,0,0,0,1,0,0,1	2484	75
2349	9,10,15,8,16,8,2,15,6,10	77,61,59,46,53,42,49,43,48,50	7,13,12,9,12,9,7,15,10,16	47,45,34,40,55,43,66,50,59,38	78	75
2350	8,8,12,9,5,10,4,6,8,12	4,0,2,1,2,0,1,4,3,4	10,8,6,12,4,10,7,6,8,6	4,2,6,4,2,1,2,2,3,2	733	75
2351	0,0,2,2,3,3,5,4,1,2	0,0,0,0,0,0,0,0,0,0	3,1,6,0,1,7,4,4,6,3	2,1,0,0,0,0,0,0,1,0	80	75
2352	1,4,1,0,0,0,0,3,0,1	52,33,28,41,26,35,26,27,26,39	1,1,2,0,2,0,0,0,2,1	30,21,23,35,38,31,38,25,26,27	90	75
2353	49,40,55,52,44,55,45,32,35,30	0,2,2,0,0,1,0,0,1,0	43,39,37,46,56,39,41,41,42,34	0,2,1,1,0,1,0,1,0,0	79	75
2354	579,591,597,585,540,614,456,436,503,538	3,1,5,1,1,0,2,1,0,0	572,612,526,546,597,573,555,508,599,529	3,1,0,0,0,0,1,3,2,3	150	75
2356	76,53,64,58,48,64,48,52,73,49	82,76,91,75,77,67,64,69,88,69	47,41,68,65,65,58,72,53,58,57	75,79,68,80,60,85,87,83,72,75	84	75
2357	54,51,63,43,48,57,43,33,53,29	23,20,22,17,16,15,19,12,16,16	62,47,51,40,48,46,49,39,58,54	11,15,17,18,16,22,24,14,16,20	78	75
2358	32,23,38,28,25,38,23,39,24,36	5,3,8,2,5,3,0,6,1,3	28,32,34,35,31,34,45,32,41,16	1,4,0,2,2,4,1,4,8,2	78	75
2359	0,0,0,0,0,0,0,0,0,0	17,18,7,9,8,5,2,6,10,11	0,0,0,0,2,0,2,0,0,0	7,18,6,12,14,5,3,6,8,8	97	75
2360	16,24,29,21,14,18,19,14,15,26	1,0,0,0,0,0,0,0,0,0	14,21,16,17,14,20,22,12,19,18	0,1,1,0,2,1,0,2,0,0	83	75
2362	30,25,20,26,17,24,14,22,23,23	0,0,0,1,0,0,0,0,0,0	12,18,26,20,20,27,17,26,23,20	0,0,0,0,0,0,0,0,0,2	121	75
2363	83,82,69,54,68,55,68,50,70,68	0,0,1,0,0,0,0,0,0,0	66,77,81,62,91,70,74,61,63,75	0,0,0,0,0,0,0,0,0,1	87	75
2364	133,143,164,130,126,104,137,101,117,160	2,0,2,0,1,0,0,0,0,0	157,154,131,120,129,148,160,106,157,123	0,0,1,0,0,0,0,0,0,0	150	75
2365	772,665,799,705,663,710,590,587,580,684	0,1,0,0,0,0,0,0,0,0	614,723,696,589,655,685,642,651,640,646	0,0,0,0,0,0,0,0,0,0	2390	75
2366	722,629,749,650,610,680,555,555,544,648	0,0,1,0,0,0,0,0,0,0	573,669,642,542,619,634,603,610,616,600	1,0,0,0,0,0,0,0,0,0	2390	75
2367	20,25,21,16,22,29,20,14,15,11	0,2,0,3,2,0,0,1,4,3	24,32,24,20,11,19,16,19,17,21	5,0,2,0,0,2,3,0,0,0	78	75
2368	21,7,13,10,19,15,16,15,17,20	17,13,19,15,7,16,9,12,12,14	15,15,16,12,13,13,26,8,11,11	12,13,17,15,16,19,17,15,24,12	78	75
2369	60,54,59,51,48,64,58,46,51,56	2,3,0,0,1,0,1,1,1,1	53,60,45,51,65,62,53,50,39,61	0,2,2,1,0,3,2,3,0,2	144	75
2370	16,29,29,32,25,10,9,21,24,19	2,0,0,0,3,2,3,1,1,1	24,22,24,12,18,26,16,21,21,18	1,2,2,0,0,3,1,0,0,0	137	75
2371	5,5,6,1,3,4,5,4,3,2	790,695,837,664,721,783,572,608,627,700	6,3,3,4,3,5,6,5,2,1	719,771,644,688,642,729,717,671,672,712	95	75
2372	0,1,0,1,1,1,0,0,1,0	0,0,0,0,0,0,0,0,0,0	0,0,0,0,1,0,1,0,0,0	0,0,0,0,1,0,0,0,0,0	106	75
2374	0,1,0,1,1,1,0,0,3,0	0,0,0,0,0,0,0,0,0,0	0,0,1,0,2,2,2,0,0,0	0,0,0,0,0,1,0,0,0,0	136	75
2376	0,0,0,0,0,0,0,0,2,0	0,0,0,0,0,0,0,0,0,0	0,0,1,0,2,2,1,0,0,0	0,0,0,0,0,1,0,0,0,0	105	75
2378	1,1,1,0,2,1,0,0,2,0	0,0,0,0,0,0,0,0,0,0	1,0,1,0,0,0,0,0,0,0	0,0,2,0,0,0,0,0,0,0	222	75
2382	103,109,103,114,88,101,93,86,110,86	1,3,4,0,0,2,0,3,0,3	96,92,114,110,93,99,127,127,123,124	0,0,2,1,3,3,2,1,1,1	78	75
2383	47,36,44,59,45,33,41,35,33,33	4,4,3,1,3,3,1,2,4,6	39,57,47,46,37,37,49,57,37,49	1,4,2,1,1,5,6,1,0,1	80	75
2387	12,8,6,0,2,5,10,4,6,3	3,7,7,7,4,8,12,8,8,7	6,9,7,6,7,12,4,8,1,6	3,4,6,3,6,7,15,8,4,8	78	75
2389	19,11,22,16,14,13,11,13,16,17	30,22,22,34,24,32,13,32,32,24	16,9,11,18,15,14,15,13,17,12	25,30,30,28,21,26,33,28,36,24	78	75
2390	4,5,5,0,5,3,0,5,3,4	21,15,21,20,9,19,14,20,20,16	4,1,1,1,2,4,2,3,9,2	14,15,8,17,15,24,18,14,18,17	96	75
2393	0,2,2,1,3,5,5,1,4,0	124,95,129,98,99,92,80,76,97,117	2,0,3,5,2,0,1,0,3,3	101,130,106,99,106,98,117,99,94,96	100	75
2394	0,4,2,2,0,4,2,1,3,0	0,0,0,0,0,1,0,0,0,0	2,2,1,1,2,0,2,3,1,1	0,0,0,0,0,0,0,0,1,0	79	75
2395	48,40,59,49,43,47,32,38,40,42	2,0,1,4,1,2,3,1,0,6	43,43,34,42,33,37,45,35,37,44	1,8,1,4,2,2,1,1,2,0	79	75
2396	0,0,0,0,0,0,0,1,0,2	63,58,57,48,66,65,50,49,63,53	0,1,0,0,0,0,0,0,0,0	74,67,61,70,57,69,61,39,56,51	99	75
2397	5,4,6,8,11,3,3,5,11,7	2,4,2,2,3,3,2,6,2,2	6,13,9,6,3,4,11,4,8,6	3,3,2,3,5,2,3,2,2,1	115	75
2398	23,21,26,22,24,24,20,17,19,25	0,0,0,0,1,0,0,0,0,0	20,23,21,19,15,24,20,15,25,24	0,1,0,0,0,0,0,0,1,0	77	75
2399	0,0,0,0,0,0,0,0,0,0	198,199,212,209,210,175,163,160,195,207	1,0,0,0,1,2,0,0,0,0	185,201,176,178,195,203,229,175,162,160	93	75
2400	230,208,209,187,177,175,166,182,192,206	3,2,5,3,1,12,4,0,5,5	191,243,195,184,211,197,229,163,176,156	5,3,2,4,9,3,1,4,2,4	99	75
2401	0,0,2,0,0,2,1,2,0,1	47,35,53,30,40,34,21,28,44,41	1,0,2,2,3,1,0,1,0,0	41,51,25,43,42,48,48,45,42,58	93	75
2402	31,34,26,31,33,34,26,37,24,36	2,3,1,4,3,2,2,0,2,1	42,27,20,30,26,35,35,28,26,23	4,2,1,4,2,2,1,2,1,5	79	75
2403	7,3,4,4,7,7,8,3,3,4	0,0,0,0,0,0,0,0,0,0	11,11,3,2,6,7,3,11,4,6	0,0,0,0,1,0,0,0,0,0	97	75
2404	43,30,34,24,25,24,32,22,16,28	0,1,0,1,1,1,0,0,2,1	43,29,25,26,23,20,24,32,18,32	0,1,0,0,2,3,0,0,1,1	97	75
2405	7,2,4,4,7,7,8,3,3,4	0,0,0,0,1,0,0,0,0,0	12,11,3,2,6,7,3,11,4,6	0,0,0,0,0,0,0,0,0,0	97	75
2407	0,0,0,0,0,0,0,0,0,0	12,11,13,5,7,7,12,8,7,16	1,0,0,2,0,0,0,0,0,0	17,15,9,14,14,14,10,8,10,16	149	75
2408	70,51,67,62,62,50,58,48,47,67	0,0,0,0,2,0,0,0,0,0	63,75,62,61,58,76,66,52,69,48	2,0,0,1,0,0,0,1,0,1	219	75
2409	104,118,114,107,73,95,69,68,91,65	4,1,1,1,3,1,1,2,3,0	92,104,84,84,83,82,80,86,90,67	5,0,0,1,1,0,1,4,1,1	138	75
2410	122,123,103,99,116,129,107,79,83,131	2,3,6,2,4,3,1,1,2,4	132,105,101,114,109,88,119,96,106,92	2,1,4,6,4,0,1,2,2,4	146	75
2411	30,29,31,30,38,46,22,37,31,26	1,2,2,2,5,2,2,4,2,1	24,31,28,28,17,26,19,30,28,21	0,2,1,2,1,0,3,0,0,0	143	75
2412	29,28,27,25,35,42,21,36,29,21	0,0,0,0,0,0,0,1,0,0	22,29,26,24,13,26,17,28,27,20	0,0,0,0,0,0,0,0,0,0	140	75
2413	471,436,449,445,420,434,426,344,353,432	333,377,389,361,326,355,340,308,325,313	443,421,426,412,420,410,415,395,405,399	367,392,309,358,382,345,376,315,362,336	78	75
2414	3,2,3,1,2,1,1,2,2,0	9,11,5,5,8,6,8,9,7,8	2,1,3,0,3,1,0,1,2,2	8,6,6,4,6,3,10,9,4,10	170	75
2415	0,0,0,0,1,0,0,0,0,0	4,2,3,2,5,1,4,3,2,3	0,0,0,0,0,0,0,0,0,0	3,13,4,7,2,2,3,1,2,4	143	75
2416	27,21,34,33,30,26,30,17,37,30	0,0,0,1,0,1,0,0,0,0	35,30,30,20,21,30,27,28,33,23	0,0,0,1,0,0,0,1,0,0	79	75
2417	1,1,2,0,2,2,2,3,2,2	45,42,38,27,23,40,22,27,31,29	2,2,2,0,4,1,1,3,2,2	38,33,27,31,25,31,29,34,41,47	78	75
2418	0,0,0,1,3,1,1,1,0,0	53,46,56,40,40,49,49,56,46,54	3,2,0,1,1,0,2,1,0,0	48,57,41,36,39,51,51,40,48,45	92	75
2419	3,1,6,0,2,4,0,2,3,2	0,2,0,0,0,0,0,0,0,0	3,2,1,0,0,0,5,2,1,0	0,0,0,0,0,0,0,0,0,0	79	75
2420	1064,856,951,555,906,521,661,621,1011,792	0,1,1,1,0,0,1,0,0,0	784,1007,783,983,683,752,606,590,898,844	0,0,0,0,0,0,1,0,0,0	795	75
2422	10,5,5,5,5,7,9,10,8,0	67,59,74,44,51,64,35,52,48,63	8,8,14,11,8,9,5,7,5,6	45,60,40,32,55,63,45,33,42,54	124	75
2425	1,2,2,0,3,1,0,3,0,2	0,0,0,0,0,0,0,0,1,0	1,1,3,0,1,0,3,0,0,3	0,0,0,0,0,0,0,0,0,0	85	75
2427	5,0,5,1,3,0,1,1,6,5	1,1,0,0,1,0,0,0,1,0	4,5,5,1,1,5,4,1,5,2	0,0,1,1,0,0,0,0,0,0	78	75
2428	24,26,28,28,31,18,17,16,16,23	22,21,19,15,25,15,12,14,23,23	14,29,17,17,15,28,23,24,16,13	20,11,22,20,22,14,22,16,30,13	102	75
2430	59,61,61,42,52,48,59,50,52,38	0,1,2,1,2,0,1,1,1,2	45,70,49,54,61,39,58,53,40,56	0,0,3,0,0,0,1,0,2,3	1543	75
2431	10,13,11,8,7,13,14,11,12,4	35,35,38,39,40,20,29,22,24,30	10,11,11,7,4,4,10,7,15,13	37,43,35,26,29,34,32,30,20,27	128	75
2432	3,9,1,2,4,4,9,6,5,3	4,1,0,1,1,3,0,0,0,1	3,2,8,4,3,2,4,0,8,2	1,0,1,0,0,0,1,0,0,1	128	75
2433	755,814,779,643,753,715,644,562,617,611	0,0,1,0,0,1,0,0,1,1	719,1015,608,705,579,691,712,671,634,722	0,1,2,0,2,0,0,0,2,1	79	75
2434	8,10,18,5,6,9,14,11,12,14	3,3,6,4,2,4,4,3,2,5	8,20,11,16,6,5,11,17,15,11	3,2,2,4,4,5,4,0,2,6	90	75
2435	7,14,9,24,18,19,4,15,12,9	8,4,11,4,7,1,2,4,1,5	6,15,15,8,5,5,15,15,9,12	5,7,2,2,6,2,4,5,8,3	139	75
2436	11,16,11,18,13,20,6,8,12,8	8,4,11,4,7,1,2,4,1,5	11,12,13,10,8,8,15,19,12,10	5,7,2,2,6,2,4,5,8,3	142	75
2437	6,4,9,5,3,5,2,3,6,4	2,2,7,11,8,4,0,10,6,5	8,5,1,5,7,5,5,6,4,2	3,8,3,3,4,2,5,2,1,4	78	75
2438	0,0,0,0,0,0,0,1,0,0	0,0,0,0,0,0,2,0,0,0	0,0,0,1,0,1,0,1,0,2	0,0,0,0,0,0,0,0,0,0	79	75
2440	1538,1438,1511,1230,1296,1248,1176,1173,1338,1442	2,0,0,0,0,0,0,0,0,0	1271,1414,1274,1250,1386,1417,1426,1236,1191,1104	0,0,0,0,0,1,0,0,0,0	203	75
2441	551,499,581,455,505,541,407,429,491,565	1,2,0,0,1,0,0,1,0,1	499,500,517,503,543,500,513,518,469,489	2,0,1,0,0,3,0,2,0,0	78	75
2442	207,203,225,187,191,202,189,176,193,194	0,0,0,0,0,1,0,0,0,0	185,217,169,179,186,201,245,164,176,153	0,0,0,0,0,0,0,0,0,0	935	75
2443	1,1,0,0,0,0,1,0,1,0	0,0,2,0,4,1,1,1,1,5	0,2,1,0,6,2,1,1,0,0	0,1,4,0,3,2,6,2,2,0	78	75
2444	31,28,28,32,18,28,30,25,30,31	9,12,16,14,13,5,8,7,11,17	23,35,41,40,31,32,27,35,40,20	9,15,6,8,11,16,11,18,13,8	78	75
2445	2,1,3,1,2,2,4,3,4,2	0,0,0,0,0,1,0,0,1,0	2,5,4,5,3,6,2,1,5,4	1,0,0,0,0,0,0,0,0,0	79	75
2446	0,1,5,2,0,3,1,0,0,3	29,33,38,32,23,41,21,30,25,33	3,2,3,0,3,8,0,1,1,1	34,30,28,18,31,33,44,36,25,24	97	75
2447	25,6,12,5,9,5,6,9,25,19	0,0,0,3,1,0,1,1,2,0	5,30,12,12,5,35,4,6,6,4	3,0,1,0,0,0,0,0,0,1	104	75
2449	2,7,6,4,1,3,4,1,1,0	10,6,16,3,4,9,7,7,7,6	0,3,2,4,3,2,2,2,6,2	13,4,8,12,5,7,3,5,7,1	2051	75
2450	3,0,2,3,1,1,2,1,0,0	113,121,131,111,110,104,108,109,96,126	0,0,3,3,0,0,1,1,2,0	130,99,93,110,124,101,119,82,89,78	144	75
2452	134,109,136,102,118,93,113,102,111,159	39,33,36,26,27,23,34,28,51,27	109,123,113,134,131,133,125,127,128,115	31,45,36,34,34,36,43,33,38,29	171	75
2453	7,8,6,5,6,15,10,3,10,11	172,159,149,141,141,142,148,164,151,144	10,10,7,11,3,7,6,12,10,5	192,173,141,148,166,186,178,165,151,166	78	75
2454	12,9,6,9,6,8,9,12,5,6	8,9,6,10,4,7,7,2,1,3	7,9,8,5,11,17,6,5,6,5	8,6,8,6,6,5,5,6,10,6	125	75
2455	18,15,12,28,14,15,25,8,12,4	0,0,0,0,1,0,0,2,0,0	11,24,16,11,8,14,7,20,32,22	0,0,0,0,0,0,0,0,0,0	1872	75
2456	441,438,427,331,413,379,334,304,392,307	0,1,0,0,0,0,0,0,0,0	393,500,340,356,333,372,419,344,348,390	0,0,0,1,0,0,0,0,0,1	118	75
2457	15,10,13,14,11,7,8,9,9,11	10,9,10,13,9,15,8,11,17,14	14,9,17,12,15,10,9,19,6,6	19,19,11,11,6,11,16,12,19,11	78	75
2458	0,1,0,0,0,0,0,1,0,0	13,8,5,11,16,15,15,8,6,12	0,1,0,0,0,0,0,1,0,0	13,15,7,16,15,7,11,5,8,6	148	75
2460	1,2,1,3,2,0,1,0,0,0	27,23,28,28,30,30,30,32,29,37	0,1,0,1,1,1,0,1,2,0	35,20,23,25,12,15,16,28,34,25	89	75
2461	1,1,0,0,0,1,1,1,0,0	6,5,16,8,11,7,8,9,7,8	2,1,1,0,0,0,1,0,1,1	3,9,8,10,11,11,10,11,5,6	149	75
2462	16,16,12,16,11,11,18,9,15,12	8,8,14,9,10,8,5,12,8,8	11,13,10,18,16,13,10,9,12,9	5,14,8,2,10,10,5,8,9,5	169	75
2465	3,7,3,2,3,4,2,2,2,7	20,31,24,26,23,20,27,18,21,24	3,1,3,4,2,4,2,2,2,4	20,19,10,25,19,43,16,26,15,38	78	75
2466	17,23,24,12,13,11,13,9,11,23	22,30,19,22,22,30,26,12,26,28	16,8,5,14,11,14,10,7,16,8	19,21,38,20,25,27,27,19,25,24	78	75
2467	47,46,42,39,40,38,38,29,36,37	0,0,1,0,0,1,0,0,0,3	57,33,43,46,46,40,42,47,39,48	0,0,1,0,2,0,1,0,0,1	81	75
2468	69,71,71,66,72,67,63,49,76,63	8,9,4,11,4,8,15,5,2,9	86,61,64,74,70,70,67,68,63,82	7,10,17,12,8,8,11,12,2,3	123	75
2469	22,25,30,27,32,30,25,20,40,29	8,9,4,11,4,8,15,5,2,9	29,28,22,28,26,30,26,21,24,35	7,10,17,12,8,8,11,12,2,3	117	75
2470	16,18,19,17,21,22,19,16,16,16	0,0,0,0,1,0,0,0,0,0	15,29,16,20,11,26,19,20,22,25	0,0,0,0,0,0,0,0,1,0	321	75
2471	24,24,26,25,24,25,24,30,29,24	20,19,19,12,13,18,32,40,26,17	18,25,36,22,28,28,26,24,28,15	17,19,21,15,31,27,25,34,33,27	78	75
2472	5,4,3,1,8,3,7,6,7,6	6,2,1,3,5,6,2,3,1,2	5,5,3,5,4,6,4,2,2,5	1,4,6,1,3,5,1,2,0,1	246	75
2473	0,0,1,0,0,0,0,2,0,0	0,0,1,1,1,1,0,0,0,1	0,1,2,1,0,3,0,0,0,1	0,4,0,0,0,0,0,0,0,0	81	75
2474	0,0,1,0,0,0,1,1,0,2	0,0,0,2,0,0,0,1,0,0	0,0,0,1,0,3,0,0,0,0	0,1,0,0,0,0,0,0,0,0	86	75
2475	0,0,0,0,0,0,1,0,0,0	0,0,1,0,2,2,0,0,0,5	0,0,0,2,1,4,0,0,0,0	1,1,1,1,2,2,0,0,0,0	88	75
2477	0,0,0,0,0,1,0,0,0,0	27,22,18,20,11,13,21,11,16,22	2,0,0,0,0,0,0,0,0,0	14,13,12,20,24,26,21,11,19,16	89	75
2478	36,44,38,18,18,29,36,27,26,25	0,3,0,0,0,0,0,0,0,0	35,32,22,21,29,30,27,34,35,33	1,0,0,1,0,0,1,1,0,3	179	75
2479	81,75,62,56,59,64,50,57,63,51	0,0,0,0,6,0,2,1,0,0	68,78,68,67,56,67,70,68,64,88	0,0,0,1,1,1,0,1,2,0	80	75
2480	0,0,1,0,1,1,5,0,0,0	4,3,7,0,3,5,5,2,0,2	1,0,0,0,0,2,0,0,0,0	1,3,1,3,1,1,2,5,2,1	106	75
2481	0,1,1,0,0,1,0,0,0,0	0,1,0,2,0,0,0,0,0,0	1,0,0,1,2,0,1,0,0,2	0,1,0,0,1,2,0,0,1,0	78	75
2484	22,25,31,21,22,13,15,30,17,21	23,27,17,23,21,15,16,12,18,15	17,26,14,12,9,23,25,11,22,22	18,22,9,20,18,26,24,21,16,17	386	75
2485	1,3,3,1,3,1,2,2,1,1	166,120,151,130,115,126,113,92,87,143	1,2,3,2,3,1,3,4,1,2	118,161,125,110,122,142,145,103,119,114	311	75
2487	21,19,23,7,21,16,28,9,19,20	9,7,5,5,6,8,7,8,6,5	16,17,20,15,28,13,6,10,23,19	5,11,5,8,6,3,2,5,12,5	265	75
2490	6,0,1,1,1,0,4,0,0,1	39,49,51,46,25,35,33,42,44,41	4,2,0,0,1,3,1,0,1,3	39,41,39,38,42,33,36,38,42,31	90	75
2491	153,120,131,115,149,82,85,118,140,170	7,1,5,2,16,4,1,5,9,5	125,115,169,153,113,168,119,134,139,107	2,10,4,4,4,5,7,4,3,6	78	75
2492	89,97,96,89,67,79,68,45,61,79	10,9,8,8,4,2,2,10,5,3	89,76,87,84,76,75,85,104,63,80	7,11,10,5,8,10,5,7,9,5	78	75
2493	0,0,0,1,0,0,0,0,0,0	6,2,1,2,1,3,2,0,3,0	1,1,0,0,0,0,0,0,0,0	0,2,2,4,2,4,5,1,0,3	124	75
2495	0,0,0,1,0,0,0,0,0,2	0,0,1,0,0,0,0,0,0,0	0,1,0,2,0,0,0,0,0,0	0,0,0,1,0,0,0,0,0,0	78	75
2496	5,8,5,8,5,6,2,5,5,8	0,0,2,0,0,0,0,0,0,0	4,5,4,5,6,7,3,10,5,2	0,0,1,0,0,0,0,0,0,0	563	75
2497	4,7,1,4,4,4,4,1,1,1	148,132,129,120,116,132,106,92,117,100	1,2,0,2,1,4,4,0,4,3	109,132,81,114,101,145,147,132,129,129	113	75
2498	5,7,8,7,4,4,5,9,4,2	0,0,0,1,0,0,0,1,0,0	6,6,5,6,5,3,4,5,5,3	0,0,0,1,1,0,1,1,0,1	79	75
2499	7,6,7,5,5,7,4,5,1,2	5,3,1,1,1,1,1,4,1,1	6,6,7,6,4,1,3,7,9,5	2,2,5,1,4,1,2,2,2,7	79	75
2500	15,19,19,17,20,17,13,21,11,4	8,8,6,12,4,10,10,6,12,6	13,16,25,9,18,26,12,17,18,17	3,12,10,4,10,11,10,10,7,8	78	75
2501	3,3,3,4,5,2,3,2,0,4	361,327,343,275,302,274,238,201,266,284	1,2,0,4,3,5,3,2,4,3	337,308,316,285,312,298,264,268,268,277	94	75
2502	538,477,531,439,426,366,366,400,453,384	0,0,0,0,0,0,0,0,0,0	479,476,489,424,448,492,485,395,448,406	0,0,0,0,0,0,0,0,0,1	689	75
2503	16,17,7,6,3,11,7,7,4,11	19,20,13,11,20,16,14,17,19,24	3,3,6,3,6,10,9,8,6,8	25,18,14,21,12,16,21,17,29,17	111	75
2504	0,0,1,0,0,0,0,0,1,1	18,11,16,9,17,9,11,16,12,18	0,0,3,0,1,0,0,0,0,0	11,12,7,9,11,8,16,14,11,8	84	75
2505	9,7,4,8,10,2,7,4,5,8	75,88,66,85,61,62,59,64,72,76	4,10,4,7,6,10,11,9,9,6	78,87,84,65,57,83,89,78,67,76	78	75
2506	0,2,0,0,0,1,0,0,0,1	45,35,37,42,35,37,41,29,38,34	0,0,1,0,0,0,1,0,0,1	55,44,43,41,39,42,36,38,37,44	81	75
2508	3,1,6,3,1,2,1,3,2,4	6,9,6,3,4,8,10,4,6,8	2,0,3,1,5,2,4,4,1,3	8,7,4,6,14,5,8,10,3,11	258	75
2510	38,30,36,26,28,25,36,25,35,43	0,0,1,2,0,0,2,0,1,1	35,46,29,44,45,45,34,25,25,43	0,1,1,1,0,0,1,1,1,1	272	75
2511	21,34,22,16,30,28,31,27,25,28	203,197,226,199,196,180,179,137,187,170	27,27,23,20,25,31,30,18,27,33	191,191,191,152,178,168,206,185,180,194	217	75
2512	34,39,21,23,33,24,26,20,20,25	1,0,1,2,1,0,4,1,1,2	30,41,28,23,25,35,34,35,21,26	0,1,1,1,4,0,3,2,2,0	132	75
2513	88,81,80,56,84,74,59,70,58,59	4,0,5,0,1,2,0,0,0,0	94,94,48,72,58,69,90,66,47,78	2,1,0,0,1,1,1,1,1,0	163	75
2514	38,39,56,47,44,50,44,36,41,44	1,0,1,1,0,1,0,0,0,1	53,31,37,26,40,48,51,31,34,57	0,0,0,0,1,0,0,0,0,2	86	75
2515	0,0,1,3,2,1,0,0,0,0	68,70,61,81,53,85,73,62,49,80	0,1,0,1,2,1,0,1,1,0	49,69,99,78,85,68,67,67,72,63	188	75
2516	125,96,136,113,110,105,105,97,120,112	0,0,0,1,1,0,0,0,0,2	96,92,114,92,140,125,134,77,101,88	0,0,0,0,0,0,0,0,0,0	274	75
2517	3,2,2,0,0,2,1,0,3,5	0,0,4,1,3,2,1,3,0,5	5,1,1,2,3,1,3,0,1,0	0,5,3,3,1,2,2,0,3,3	749	75
2518	0,1,0,1,0,0,1,0,0,0	26,30,30,33,27,27,18,23,33,22	1,2,0,0,0,0,0,1,0,0	20,31,30,17,28,26,17,20,27,28	92	75
2519	27,17,29,15,25,20,20,19,17,21	0,0,0,0,0,0,0,0,0,1	16,29,23,17,22,22,27,21,26,27	0,0,0,0,0,0,1,0,0,0	151	75
2520	112,93,120,82,112,90,90,90,85,89	0,0,1,0,0,0,0,0,0,0	100,89,97,92,99,83,89,98,95,86	0,0,0,0,0,0,0,0,0,0	331	75
2521	120,95,131,89,117,96,98,95,93,91	1,0,0,0,0,0,0,0,0,0	106,97,101,97,101,89,97,106,98,91	0,0,0,0,0,0,0,0,0,0	369	75
2522	8,2,12,7,5,6,8,5,8,2	1,0,0,0,0,0,0,0,0,0	6,8,4,5,2,6,8,8,3,5	0,0,0,0,0,0,0,0,0,0	113	75
2523	114,93,129,86,116,91,94,93,88,91	0,0,0,0,0,0,0,0,0,0	106,91,100,94,99,85,93,101,96,87	0,0,0,1,0,0,0,0,0,0	343	75
2524	6,2,2,3,1,5,4,2,5,0	1,0,0,0,0,0,0,0,0,0	0,6,1,4,2,4,4,5,2,4	0,0,0,0,0,0,0,0,0,0	101	75
2525	3,3,18,5,6,2,8,3,6,6	1,1,1,2,3,5,3,3,2,1	7,6,6,4,2,9,7,5,4,4	2,1,1,0,1,2,1,0,1,1	87	75
2526	9,5,20,8,7,7,11,5,11,6	1,2,3,0,1,2,2,0,1,1	7,12,7,7,4,13,9,10,6,8	2,2,4,3,1,1,1,3,5,1	104	75
2527	9,5,20,8,7,7,12,5,11,6	33,31,23,31,26,31,16,27,23,32	7,12,7,7,4,13,11,10,6,8	20,23,21,25,38,29,28,32,25,19	113	75
2528	7,3,3,5,4,10,6,5,7,1	1,2,3,0,1,2,2,0,1,1	2,7,2,3,3,6,3,5,3,5	2,2,4,3,1,1,1,3,5,1	92	75
2529	7,3,3,5,4,10,7,5,7,1	33,31,23,31,26,31,16,27,23,32	2,7,2,3,3,6,5,5,3,5	20,23,21,25,38,29,28,32,25,19	101	75
2530	1,2,3,0,1,2,3,0,1,1	33,31,23,31,26,31,16,27,23,32	2,2,4,3,1,1,3,3,5,1	20,23,21,25,38,29,28,32,25,19	84	75
2531	80,83,54,62,68,39,92,65,53,68	0,0,0,0,0,1,0,0,0,0	61,65,72,63,52,62,55,53,80,68	0,0,0,0,0,0,0,0,1,0	1474	75
2532	152,133,117,129,136,115,109,114,108,117	0,1,0,0,0,0,0,0,0,0	119,138,121,98,111,103,119,105,114,121	1,0,0,0,0,0,0,0,0,0	337	75
2533	54,45,53,61,61,38,49,50,61,59	4,3,9,7,4,3,5,4,7,6	51,56,56,44,56,49,58,65,41,30	9,4,4,2,3,6,9,6,2,2	78	75
2534	3,10,7,9,4,5,9,9,3,3	0,0,0,1,1,1,3,1,4,0	5,4,4,5,4,3,6,4,12,4	0,1,2,2,4,2,0,1,2,0	1201	75
2535	0,0,0,0,0,0,0,0,1,0	1,0,0,0,2,2,0,1,1,3	0,0,0,0,0,0,0,0,0,0	4,3,1,5,0,2,1,1,2,0	154	75
2536	0,0,0,0,0,1,0,0,0,0	27,25,26,36,49,25,25,23,31,29	0,0,0,0,0,0,0,0,0,0	30,18,26,27,26,37,28,14,25,25	426	75
2537	27,40,44,28,27,31,27,25,25,27	1,0,1,0,0,2,0,0,0,1	40,33,35,32,41,28,43,30,30,24	1,3,1,1,0,4,0,0,0,0	113	75
2538	5,5,2,1,6,4,6,8,4,4	0,0,1,1,0,2,0,0,0,0	3,3,3,8,7,3,6,3,3,6	0,0,0,1,0,0,1,0,1,0	78	75
2539	1,1,1,1,0,1,0,0,0,4	1,0,2,1,0,0,0,0,0,0	1,4,0,1,3,2,1,2,5,3	1,1,0,0,1,1,0,0,0,0	78	75
2540	133,122,158,120,128,135,120,122,132,127	0,0,0,0,1,0,0,0,0,0	120,129,152,125,132,145,131,120,107,124	2,0,0,0,0,0,0,0,0,0	121	75
2541	19,10,24,11,13,15,11,16,8,12	19,14,27,18,19,18,13,17,16,18	10,13,7,12,10,13,12,12,13,10	19,21,12,13,21,24,18,14,23,22	93	75
2542	0,0,0,0,0,0,0,1,0,0	0,0,0,0,0,0,0,0,0,0	0,1,2,0,0,0,0,0,0,2	0,0,0,1,0,0,0,0,0,0	80	75
2543	2,1,0,0,1,1,0,1,1,1	1,0,0,0,0,0,0,0,0,0	1,0,2,0,0,2,0,1,0,2	0,0,0,0,0,0,0,0,0,0	78	75
2544	71,54,52,58,41,36,58,54,59,60	2,0,0,4,3,6,0,4,3,5	42,62,39,55,42,56,48,42,51,74	5,3,1,5,1,6,1,5,1,3	835	75
2545	22,20,35,20,19,26,31,28,25,27	11,5,16,5,12,8,8,17,9,8	15,18,20,18,15,12,25,19,15,11	16,11,14,11,8,12,11,7,10,5	78	75
2546	1,6,4,5,1,3,4,2,3,2	14,14,16,11,9,10,21,16,12,13	1,1,10,1,1,1,2,7,2,6	11,17,7,8,16,11,11,6,15,8	93	75
2547	12,15,9,14,14,6,5,9,11,11	0,0,0,0,1,0,0,0,1,0	18,15,16,8,11,12,19,14,15,2	0,0,0,0,0,0,0,0,0,0	80	75
2549	0,1,0,0,0,0,3,1,0,0	8,1,4,5,9,5,3,2,2,0	0,0,0,0,0,0,0,0,1,0	1,3,3,6,1,2,1,3,4,2	101	75
2550	14,16,23,14,12,15,17,14,22,13	3,3,1,0,4,2,3,4,5,5	19,13,11,10,16,28,30,9,16,13	4,0,3,4,2,11,5,6,3,6	78	75
2551	37,28,39,58,52,53,42,44,42,67	0,0,0,0,0,0,0,0,0,1	31,64,43,34,13,59,39,44,36,36	0,0,0,0,0,0,0,0,0,0	927	75
2552	0,0,0,3,0,0,1,0,0,1	21,20,21,15,24,14,8,18,24,23	0,0,1,0,0,1,0,0,0,0	14,18,23,17,20,26,26,23,22,23	103	75
2553	171,146,141,132,164,151,115,119,123,141	0,0,1,1,1,0,0,0,1,0	137,176,128,144,165,136,133,141,118,128	0,0,0,1,0,0,0,1,0,2	146	75
2554	16,12,13,10,4,4,7,9,12,16	0,0,0,0,0,0,0,0,0,0	7,14,7,9,8,11,7,3,8,7	0,0,0,0,0,1,0,0,0,0	117	75
2555	23,39,32,23,11,14,19,22,26,33	0,1,0,0,0,2,1,0,0,1	29,33,20,28,23,32,25,16,22,19	0,0,0,0,0,1,1,0,0,0	117	75
2556	27,20,25,22,21,17,24,16,23,26	4,2,5,2,2,2,2,1,2,3	23,20,11,17,25,28,17,11,15,19	2,6,2,1,0,1,2,5,3,3	78	75
2557	81,82,69,58,83,65,51,74,77,66	0,1,0,0,0,0,0,0,1,2	82,84,67,82,63,73,94,59,65,58	0,0,0,0,0,1,1,2,0,0	201	75
2558	95,76,71,49,85,68,88,62,85,86	0,0,0,1,1,0,0,0,1,0	73,82,68,70,68,79,87,79,88,61	0,1,0,1,1,0,1,1,0,0	127	75
2559	63,46,44,66,58,51,60,38,58,46	0,1,0,0,2,0,0,0,0,1	59,72,43,57,54,68,75,66,68,44	2,0,0,0,0,0,0,1,0,0	197	75
2560	3,3,1,3,0,2,5,2,2,3	1,3,4,2,0,3,1,6,2,0	4,4,3,2,6,7,4,4,1,3	3,3,3,3,5,1,2,0,1,5	79	75
2561	9,13,9,9,13,9,4,16,7,12	1,1,0,3,1,0,0,0,4,0	24,18,6,15,17,10,11,12,9,8	2,2,1,3,2,0,3,1,2,0	79	75
2562	1,4,6,2,4,5,6,5,6,4	1,2,5,3,2,5,3,3,0,1	5,10,7,5,5,5,8,4,8,5	2,2,6,0,1,2,2,3,1,0	78	75
2563	2,9,10,5,3,9,9,5,7,6	13,17,21,10,14,18,12,14,21,8	6,10,6,5,8,4,7,14,6,3	9,18,10,16,15,18,17,21,9,16	78	75
2564	23,22,20,22,12,20,18,31,26,17	0,3,1,3,3,3,3,1,6,4	13,22,20,28,19,18,29,24,25,17	0,3,2,2,0,6,5,4,4,2	181	75
2565	601,624,629,530,579,551,493,476,510,552	0,0,0,0,0,0,0,1,0,0	559,616,502,464,527,548,530,512,419,459	0,2,0,0,0,0,0,0,0,1	411	75
2567	12,3,16,4,10,0,0,17,12,5	5,4,12,2,4,0,1,8,8,9	0,22,2,6,1,8,2,0,1,1	0,15,0,2,2,7,5,0,0,1	159	75
2568	12,3,15,3,7,0,0,14,9,5	5,4,12,2,4,0,1,8,8,9	0,24,2,4,1,8,2,0,1,1	0,15,0,2,2,7,5,0,0,1	162	75
2569	0,0,0,0,0,0,0,1,0,0	0,0,1,1,3,0,0,4,3,0	0,4,0,0,0,2,0,0,0,0	0,2,0,2,0,2,0,0,0,0	78	75
2570	2,0,2,2,3,0,0,2,1,4	5,4,12,2,4,0,1,8,8,9	0,4,0,0,0,6,0,0,0,0	0,15,0,2,2,7,5,0,0,1	78	75
2571	12,3,16,4,10,0,0,17,12,5	2,0,2,2,3,0,0,2,1,4	0,22,2,6,1,7,2,0,1,1	0,4,0,0,0,5,0,0,0,0	156	75
2573	0,0,0,0,0,1,0,0,0,0	0,0,2,1,0,1,1,0,0,0	1,0,0,0,0,0,0,0,2,0	0,0,0,0,0,1,0,1,1,0	119	75
2574	13,3,8,19,11,10,7,10,5,9	2,4,2,5,6,4,0,4,7,1	10,12,17,11,9,6,6,16,12,6	3,3,6,3,8,5,2,4,3,2	78	75
2575	22,16,24,16,22,20,19,20,26,20	0,1,0,0,0,0,0,0,0,0	15,27,21,20,22,21,12,21,16,10	0,0,0,0,0,0,0,0,1,0	419	75
2576	379,402,416,337,367,359,338,338,354,369	0,6,1,2,0,2,1,0,0,0	356,377,366,373,324,374,355,397,329,339	1,0,1,0,0,2,2,0,0,1	7422	75
2577	335,358,378,301,323,332,302,309,317,326	0,4,1,0,1,0,0,0,0,0	319,351,344,335,288,329,330,365,298,312	2,1,1,0,0,0,0,1,0,0	7422	75
2578	1560,1530,1559,1433,1389,1476,1326,1131,1289,1339	0,0,1,1,6,3,4,1,0,1	1617,1560,1317,1317,1368,1383,1501,1281,1295,1512	0,6,1,1,1,3,1,3,2,1	230	75
2579	0,2,3,2,2,1,5,0,1,5	1,0,0,0,0,0,0,0,0,0	3,0,3,2,2,2,0,2,5,3	0,1,0,0,0,0,0,0,0,0	177	75
2580	482,482,467,375,408,421,394,334,328,433	167,149,146,154,151,135,134,92,149,123	436,450,360,424,418,422,356,409,406,351	123,174,145,153,126,137,156,132,137,139	78	75
2581	11,5,7,7,2,4,3,4,4,6	642,650,578,565,556,570,525,464,543,647	6,7,4,5,1,5,12,2,5,4	638,702,544,602,615,601,617,561,575,623	170	75
2582	48,45,47,37,46,42,25,39,41,37	0,0,0,1,0,0,0,0,0,0	28,46,42,36,37,39,46,42,38,36	0,0,0,0,0,0,1,0,1,0	154	75
2583	2,2,1,5,4,1,3,2,8,3	47,47,36,36,46,38,35,28,44,53	2,8,4,2,4,3,1,5,3,5	32,42,32,45,49,42,29,38,33,46	149	75
2584	99,100,117,101,100,110,74,68,77,107	0,5,2,3,2,1,3,1,7,0	92,152,168,94,106,103,84,74,80,80	2,2,4,1,0,2,1,0,2,1	84	75
2585	0,0,0,0,0,0,0,0,0,1	0,0,0,0,0,2,0,0,0,0	0,0,1,0,0,0,0,0,0,0	0,0,0,0,0,0,0,0,0,0	78	75
2586	1,0,0,1,0,0,1,0,0,1	3,1,1,2,1,0,0,1,3,1	1,2,2,1,0,2,2,1,0,2	0,2,3,0,0,3,1,1,1,0	78	75
2587	0,1,1,0,1,0,0,0,0,1	19,17,16,14,9,14,3,11,9,11	0,1,0,0,0,0,0,0,0,1	11,11,5,15,14,12,15,9,6,15	113	75
2588	47,71,51,57,43,47,39,25,34,35	2,1,0,0,2,0,0,2,0,1	49,51,43,56,51,34,44,47,47,34	1,2,0,0,0,1,1,2,2,0	150	75
2589	104,87,80,90,82,91,69,55,80,83	0,0,0,0,0,1,0,0,0,0	88,88,75,83,86,63,53,72,88,84	0,0,0,0,0,0,0,0,0,0	536	75
2590	25,28,44,30,25,12,27,38,23,22	5,2,7,4,5,4,6,6,3,7	18,34,19,12,30,28,25,15,33,26	4,8,3,6,6,4,3,4,2,2	153	75
2591	22,24,35,25,28,13,19,36,28,16	9,6,5,6,2,8,4,2,6,2	11,30,18,12,27,25,30,13,28,24	7,7,12,5,9,4,6,8,6,8	153	75
2592	21,22,33,24,22,10,19,33,25,17	26,17,25,24,26,22,22,16,17,23	13,28,16,12,26,22,23,14,25,20	13,16,13,17,9,24,15,24,15,20	153	75
2593	69,77,67,60,45,52,55,53,57,52	0,0,0,0,0,0,0,0,0,0	61,69,51,61,44,50,67,53,66,56	0,0,0,0,0,0,0,0,1,0	227	75
2594	10,14,24,6,17,13,5,9,9,13	0,0,0,0,0,0,0,0,0,0	4,7,13,8,12,3,12,6,17,13	0,0,0,0,0,0,0,0,0,1	91	75
2595	19,23,48,36,35,34,22,42,32,40	0,0,0,0,0,0,0,0,0,3	37,32,39,37,30,35,29,24,22,25	0,0,0,0,0,1,0,0,0,1	150	75
2596	0,1,2,2,0,1,0,0,1,1	1,0,0,0,0,0,0,0,0,0	0,0,0,0,0,0,0,3,0,1	0,0,0,0,0,0,0,0,0,0	78	75
2597	30,19,27,24,32,29,29,27,31,34	1,3,4,1,1,0,4,4,2,4	22,31,26,26,33,31,27,31,31,20	1,0,1,1,2,1,1,5,2,0	78	75
2598	1,0,0,2,0,0,0,0,0,0	4,1,4,5,2,1,2,5,3,7	0,0,0,0,1,1,0,0,0,0	0,1,5,3,0,1,3,3,3,1	136	75
2599	1,2,2,1,0,0,1,1,2,2	2,3,3,2,4,3,1,4,3,4	3,5,1,1,3,2,6,1,2,3	4,6,3,2,1,2,4,1,7,1	194	75
2601	2,4,1,6,4,8,3,5,6,1	10,16,12,5,11,18,5,10,9,5	3,6,0,3,2,2,2,2,5,4	13,15,14,9,9,12,12,6,7,8	131	75
2602	15,10,4,11,5,3,2,6,10,13	0,0,0,0,1,0,0,1,1,0	10,6,6,7,10,15,14,7,13,6	1,2,2,0,0,0,1,0,0,0	118	75
2603	64,52,49,44,45,52,58,49,50,45	75,95,89,82,69,69,71,48,60,86	46,45,42,38,43,37,53,42,43,45	58,74,63,78,61,53,81,52,59,62	105	75
2604	0,0,0,0,4,1,0,0,2,0	20,31,30,21,14,22,22,27,12,25	3,1,0,0,0,0,0,3,1,1	43,32,20,23,15,32,32,21,27,22	104	75
2605	26,24,23,28,16,23,19,28,22,26	0,2,0,0,0,1,0,0,2,2	26,24,23,21,31,22,38,25,26,31	2,0,0,0,1,0,0,0,0,0	100	75
2606	13,24,14,1,7,11,7,13,11,10	4,8,1,14,2,5,6,7,5,7	14,19,20,9,6,16,8,12,20,7	4,3,2,7,2,8,5,6,7,3	78	75
2607	19,20,30,19,19,10,26,10,24,28	14,15,9,18,13,8,14,10,21,15	20,16,24,19,31,23,21,20,20,15	9,13,11,15,11,14,17,10,12,11	78	75
2608	107,115,90,97,96,91,97,102,122,101	1,1,2,1,0,2,2,2,3,3	91,89,102,123,76,121,112,107,98,106	1,4,1,0,2,3,1,1,0,2	216	75
2609	71,75,64,70,72,60,70,70,93,78	0,0,0,0,0,0,0,0,0,0	55,58,70,93,62,89,72,75,72,82	0,0,0,0,0,0,1,0,0,0	216	75
2611	0,0,1,0,0,1,0,0,0,0	6,3,2,0,2,2,1,3,1,1	0,0,0,0,0,0,0,0,0,0	0,5,0,6,6,2,0,0,1,1	138	75
2613	1,0,1,0,0,0,2,0,0,0	3,3,2,3,1,7,3,4,2,2	0,0,0,0,0,0,0,0,0,0	3,6,0,3,1,1,2,2,8,3	78	75
2614	10,9,16,7,6,11,5,9,8,7	5,10,7,3,6,1,0,3,5,3	3,9,8,8,8,11,6,8,8,10	0,1,4,2,5,7,6,9,2,1	78	75
2615	2,7,3,3,6,2,3,1,1,0	0,0,0,1,0,0,0,1,0,0	2,3,3,3,8,1,6,6,5,3	0,3,0,0,0,0,2,0,1,0	101	75
2616	3,0,0,0,0,1,0,0,0,0	0,1,1,0,3,1,1,1,1,1	0,0,0,0,0,2,0,0,0,1	1,4,1,1,1,2,4,0,1,1	170	75
2617	26,22,27,23,17,18,22,18,27,30	2,0,0,0,0,0,0,1,0,0	13,20,24,19,22,17,15,20,21,30	0,2,1,0,0,3,1,0,0,1	79	75
2619	32,45,38,25,27,23,30,28,40,36	0,0,0,0,0,0,0,0,0,0	31,34,19,22,37,36,25,27,43,23	1,0,0,0,0,0,0,0,0,0	126	75
2620	7,6,15,8,9,5,6,3,4,7	2,1,2,0,0,0,0,1,0,0	9,5,9,6,9,7,6,3,4,2	0,0,0,0,0,0,0,0,0,0	196	75
2621	0,2,1,0,1,0,0,1,1,1	0,0,0,0,0,0,0,1,0,0	0,1,1,1,2,0,0,2,1,0	0,0,0,0,0,0,0,0,0,0	83	75
2622	4,5,2,3,0,1,5,2,2,4	0,1,1,0,0,0,0,0,0,0	1,4,2,3,2,3,2,0,1,2	0,0,0,0,0,0,0,0,0,1	78	75
2623	63,73,63,49,56,57,45,41,50,38	57,40,52,55,55,38,48,28,36,32	44,67,43,41,58,55,57,47,38,49	47,55,38,44,44,44,56,63,28,35	78	75
2624	739,666,699,720,695,863,625,594,523,575	71,77,69,60,61,83,65,53,59,63	780,849,632,636,605,589,642,606,743,626	60,50,75,63,70,68,84,73,75,48	1072	75
2625	66,47,50,44,47,42,36,52,51,57	53,46,56,38,52,50,36,36,34,33	52,59,43,47,41,46,53,38,49,49	47,47,49,46,40,49,37,51,37,22	111	75
2626	212,169,195,185,152,171,161,183,176,216	0,1,0,1,2,0,0,1,0,2	196,220,214,166,184,182,172,169,169,164	0,0,0,0,0,0,0,0,0,0	160	75
2627	42,43,50,36,30,26,38,36,32,36	27,35,28,15,25,18,20,25,19,15	32,42,44,42,35,35,40,40,33,28	26,22,26,26,23,26,20,21,28,8	78	75
2628	3,4,0,3,4,1,3,5,2,2	31,28,44,19,31,31,19,35,30,21	0,7,2,0,1,4,2,1,3,1	20,23,24,24,20,20,34,29,27,22	96	75
2629	127,117,157,115,106,118,93,88,115,128	1,0,0,0,0,0,0,0,0,0	132,119,103,118,129,120,100,114,112,125	0,0,0,0,0,0,0,0,0,0	1706	75
2630	700,718,706,619,655,668,591,521,588,714	12,7,10,8,13,5,3,4,3,10	621,717,639,625,610,652,707,587,636,666	12,5,10,7,7,9,4,9,7,4	82	75
2631	1,0,0,1,0,2,0,0,0,1	71,76,73,60,55,66,45,58,62,65	0,0,0,0,0,0,0,0,0,2	60,77,64,58,69,76,66,48,64,46	103	75
2632	0,1,1,0,2,3,1,1,2,1	63,66,86,79,58,55,62,49,67,70	1,2,1,1,0,0,0,0,1,1	85,97,40,42,56,74,87,73,73,61	279	75
2633	31,35,19,30,20,16,33,22,15,22	4,1,3,0,1,0,1,2,2,0	16,26,14,17,21,13,18,22,23,17	1,0,1,2,2,0,1,3,0,0	78	75
2634	41,31,32,20,23,21,32,23,25,24	0,3,0,0,0,0,1,0,0,0	21,35,25,27,22,21,27,21,37,16	0,0,0,0,0,0,1,0,1,0	80	75
2635	2,1,5,2,3,5,2,6,3,5	1,5,2,4,6,5,6,3,6,3	2,5,4,2,2,3,2,2,2,3	4,6,4,6,2,1,4,2,0,3	78	75
2636	388,319,359,292,355,325,284,260,289,284	20,33,18,23,25,24,24,14,18,28	309,351,318,331,330,308,307,316,284,330	27,42,20,30,39,34,23,24,14,20	108	75
2637	0,0,0,0,1,0,2,0,1,1	19,21,25,16,20,14,21,20,19,11	0,0,2,1,0,1,1,2,1,0	15,26,24,16,14,18,25,14,17,13	104	75
2640	3,0,1,1,4,0,0,2,2,1	2,1,1,1,0,0,0,2,2,3	0,3,0,0,3,3,1,1,0,5	0,1,0,1,0,2,2,0,0,0	78	75
2642	0,0,0,2,0,1,1,2,1,0	0,0,0,0,0,0,0,1,0,0	1,0,0,0,0,0,0,1,0,0	1,0,1,0,0,0,0,0,0,0	80	75
2643	130,107,115,127,104,122,122,92,85,97	1,2,3,1,1,4,1,0,1,4	127,111,154,106,127,147,133,135,139,109	5,5,3,5,3,1,5,2,0,1	78	75
2645	63,45,54,42,51,48,47,45,54,56	17,16,14,19,17,18,15,11,11,20	51,67,60,48,49,68,82,76,55,67	13,15,16,15,10,14,15,28,18,27	78	75
2646	1,16,13,10,8,13,11,14,12,13	12,4,10,10,8,5,7,5,13,11	5,14,9,8,8,14,13,5,7,3	4,13,7,14,12,12,17,9,3,13	177	75
2647	7,8,11,7,3,4,7,7,6,8	0,0,2,0,1,2,0,0,1,1	7,8,5,9,5,12,7,6,7,8	2,0,0,2,0,0,1,0,1,2	78	75
2648	92,110,70,80,72,86,79,83,79,72	1,0,0,0,0,0,1,1,2,1	94,98,66,89,73,73,105,80,69,86	0,0,0,0,0,1,0,0,0,1	421	75
2649	0,2,1,0,0,0,0,0,0,0	127,115,130,125,138,116,101,95,105,118	1,0,0,0,0,0,0,0,0,0	123,163,115,134,91,77,88,104,103,71	114	75
2654	3,0,4,4,1,5,6,5,4,4	8,8,8,7,6,4,4,4,4,3	2,6,3,1,3,4,5,2,1,1	3,10,3,2,6,5,5,8,4,2	291	75
2658	76,68,73,65,68,61,63,65,78,69	2,1,0,1,2,2,1,0,2,1	61,63,60,65,63,73,89,57,81,59	2,2,1,2,1,1,2,3,1,2	180	75
2659	57,44,50,58,57,50,55,50,53,50	1,0,0,0,0,0,0,0,0,0	41,49,47,40,48,56,70,54,64,43	0,0,0,0,0,0,0,0,0,1	180	75
2660	320,274,295,224,222,237,212,233,207,235	0,1,1,1,0,0,2,1,0,0	247,250,223,266,229,222,259,222,251,241	0,1,3,0,0,3,2,1,2,1	193	75
2661	0,0,0,0,0,0,0,0,0,1	0,0,0,0,0,0,0,0,1,0	1,0,0,0,0,0,0,0,0,0	0,0,0,0,0,0,0,0,0,0	78	75
2662	1,0,2,1,0,1,0,0,0,1	2,0,2,0,2,0,0,1,0,1	0,0,0,0,1,0,2,0,0,0	1,0,2,0,1,0,0,2,0,0	78	75
2663	3,1,1,0,1,0,1,2,3,0	2,0,2,0,2,0,0,1,0,1	0,1,1,1,2,0,0,2,0,0	1,0,2,0,1,0,0,2,0,0	623	75
2664	3,1,1,0,1,0,1,2,3,0	1,0,2,1,0,1,0,0,0,1	0,1,1,1,2,0,0,2,0,0	0,0,0,0,1,0,2,0,0,0	620	75
2671	93,88,91,103,53,113,89,70,91,65	14,13,8,14,13,8,6,12,9,11	87,105,86,71,71,116,74,91,82,62	17,5,8,7,9,16,13,7,11,9	95	75
2672	21,29,24,32,20,27,22,26,31,16	14,13,8,14,13,8,6,12,9,11	22,43,25,18,32,33,11,31,29,14	17,5,8,7,9,16,13,7,11,9	211	75
2673	2,2,3,0,4,1,2,2,1,1	74,61,70,71,37,87,69,46,61,50	1,5,3,3,0,1,0,3,1,2	66,67,64,56,39,84,63,63,54,50	191	75
2674	46,21,37,25,29,23,27,29,20,37	2,0,4,1,0,3,2,1,1,0	30,33,41,21,29,27,33,29,26,22	3,4,1,1,1,4,0,4,0,2	172	75
2676	5,0,3,1,3,0,1,1,2,1	19,16,13,13,6,1,12,11,6,5	0,4,0,0,3,4,2,1,1,2	8,7,10,13,11,10,12,5,9,7	78	75
2677	1,0,0,0,0,0,0,0,0,1	0,0,0,0,0,0,0,1,0,0	0,0,0,0,0,0,0,0,0,0	0,0,0,0,0,0,0,0,1,0	78	75
2678	2,1,0,0,1,2,4,0,0,0	24,32,17,16,16,20,13,13,18,23	1,0,1,0,1,2,1,0,0,0	25,23,22,30,21,21,14,19,23,23	247	75
2679	5,3,4,3,5,3,4,2,6,2	25,14,11,15,9,12,7,13,12,18	3,6,1,3,6,2,6,5,4,2	13,21,12,18,8,15,17,25,13,9	78	75
2680	0,1,0,0,0,2,0,1,2,1	25,14,11,15,9,12,7,13,12,18	1,3,0,3,3,0,1,0,1,1	13,21,12,18,8,15,17,25,13,9	269	75
2681	0,1,0,0,0,2,0,1,2,1	5,3,4,3,5,3,4,2,6,2	1,3,0,3,3,0,1,0,1,1	3,6,1,3,6,2,6,5,4,2	266	75
2682	17,19,15,22,17,17,15,17,23,8	0,0,0,0,0,0,0,0,0,0	14,29,23,21,25,23,19,21,15,20	0,0,0,1,0,0,0,0,0,0	79	75
2683	1460,1353,1296,1151,1217,1415,1202,1159,1266,1242	1,0,0,0,2,0,1,1,1,0	1325,1348,1130,1194,1273,1328,1271,1301,1159,1189	0,0,0,0,0,0,1,0,1,0	88	75
2685	52,55,54,61,43,45,50,55,60,55	0,2,0,0,0,0,0,0,0,0	50,65,49,51,54,64,56,52,37,35	0,0,0,0,0,0,0,0,1,0	78	75
2687	241,198,197,216,220,213,175,212,206,176	6,3,7,3,4,3,5,4,7,2	173,298,204,194,166,222,239,218,207,176	4,8,4,3,1,6,4,1,3,2	195	75
2690	32,14,16,19,11,13,17,13,13,25	22,18,23,13,13,16,19,19,13,19	11,16,8,25,16,18,19,19,17,8	16,15,19,10,8,23,15,11,21,17	87	75
2693	7,11,7,5,9,4,14,7,4,8	1,0,0,0,1,0,2,2,1,0	9,6,11,4,11,9,6,3,6,3	2,1,0,0,1,0,0,0,0,1	134	75
2694	0,0,0,0,4,0,0,1,2,0	1,0,0,0,0,0,2,1,0,0	3,0,0,0,0,1,0,0,0,0	0,2,0,0,1,3,1,0,0,1	581	75
2695	1,3,0,3,0,0,0,0,0,0	13,13,13,17,12,14,9,10,10,14	0,1,1,1,3,1,0,0,1,0	15,12,11,23,14,16,9,14,9,17	78	75
2696	0,2,0,0,0,0,0,0,0,0	16,14,12,8,15,6,16,10,22,12	0,0,0,0,0,0,0,1,0,0	14,16,6,17,15,24,22,21,14,13	124	75
2699	1241,1346,1333,1193,1272,1201,1124,1052,1156,972	64,85,61,46,52,49,48,57,59,54	1173,1549,1148,1280,1008,1144,1321,1216,1188,1319	32,70,51,83,53,54,52,53,56,61	146	75
2700	3285,3372,3532,2964,2878,3028,2737,2870,3196,2708	8,11,2,5,5,5,8,9,7,8	2774,3339,3096,3458,2980,3199,3513,3295,3229,3325	9,1,5,6,7,5,7,5,3,13	132	75
2701	1,0,0,0,0,0,0,0,3,0	5,2,3,3,5,2,4,2,2,0	0,1,1,0,0,0,0,0,0,1	2,2,3,1,3,3,3,4,3,2	122	75
2702	11,11,11,11,14,11,6,4,2,15	1,1,1,3,0,0,0,1,0,1	7,6,10,9,10,10,10,15,7,5	2,0,0,0,0,0,0,0,0,0	175	75
2703	34,46,38,42,41,42,28,41,50,42	47,40,48,48,32,44,37,29,36,34	47,32,36,40,51,43,36,37,35,31	38,33,33,35,34,36,39,35,42,35	90	75
2704	1,3,3,2,5,2,4,0,0,0	1,0,0,0,0,0,0,0,0,0	4,1,1,2,2,2,3,5,0,3	1,0,0,0,0,0,0,0,0,0	78	75
2705	4,8,2,5,4,3,2,2,2,7	1168,1093,1266,1170,1145,1299,958,1034,977,1029	8,6,2,5,3,3,6,3,7,4	1346,1090,1114,986,1145,1096,1099,1003,1211,888	78	75
2706	13,12,12,8,8,13,5,6,9,10	1,5,3,2,1,6,4,3,2,3	5,6,10,12,7,9,12,9,9,8	5,4,1,1,4,3,5,5,8,3	78	75
2709	1,0,5,1,0,0,2,1,6,6	2,1,2,2,3,1,1,1,2,2	4,9,2,4,1,1,8,3,1,0	0,1,0,1,2,0,1,1,3,0	93	75
2710	2,3,2,4,6,6,2,4,3,4	0,0,0,0,0,0,1,0,0,0	8,4,1,2,1,7,8,3,0,3	0,2,0,0,0,0,2,0,0,0	80	75
2711	66,68,66,67,58,68,58,61,49,59	64,84,78,84,75,75,44,66,60,61	60,67,51,63,58,61,94,69,72,43	61,58,43,62,76,79,101,65,87,70	78	75
2712	0,3,2,2,0,0,2,3,1,3	301,277,319,278,266,271,234,244,235,249	2,1,1,0,1,3,1,3,3,1	290,271,249,275,296,303,252,276,276,248	102	75
2714	80,64,100,63,72,75,53,68,80,59	1,3,4,3,3,3,4,1,2,1	68,100,86,65,71,89,79,61,70,46	0,2,3,2,0,2,2,3,1,2	193	75
2715	19,24,26,27,21,19,15,18,23,20	0,0,0,0,0,0,0,1,1,0	23,24,19,26,18,22,17,14,11,7	0,0,0,0,1,0,0,0,0,0	85	75
2716	5,7,7,12,8,6,9,6,8,10	1,0,1,2,2,0,0,1,0,0	5,10,5,13,5,7,7,5,1,0	2,0,4,0,0,2,1,0,1,0	85	75
2718	6,2,0,3,3,1,5,0,3,3	1,1,3,0,0,0,1,0,0,0	5,3,7,2,2,2,2,1,2,5	0,0,0,0,0,1,0,2,0,0	171	75
2719	5,1,0,2,2,3,3,0,3,3	0,0,0,0,0,1,0,0,0,0	2,2,6,1,2,1,1,1,2,4	0,0,0,2,0,0,0,0,0,0	171	75
2720	7,9,4,3,4,2,5,2,3,7	0,0,0,0,0,1,0,0,0,0	6,6,11,5,5,3,3,4,2,5	0,0,0,2,0,0,0,0,0,0	299	75
2721	3,8,4,1,2,1,2,2,0,4	1,0,0,0,0,2,0,0,0,0	4,4,5,4,3,2,2,3,0,1	0,0,0,0,0,0,0,0,0,0	203	75
2722	2,3,6,3,3,2,2,1,1,1	0,0,0,0,0,0,0,0,0,0	2,1,3,1,3,2,0,3,1,1	2,0,0,0,0,0,1,0,0,1	104	75
2726	19,17,14,16,14,15,10,12,8,17	1,3,3,1,1,0,0,2,3,0	14,16,12,10,7,7,15,12,12,7	1,3,1,1,1,0,2,1,0,1	83	75
2730	0,0,0,0,0,0,0,0,0,0	0,2,0,0,0,0,0,0,0,0	1,0,0,0,0,0,0,0,0,0	0,0,0,0,0,0,0,2,1,0	105	75
2731	188,150,154,131,141,167,108,129,148,131	3,6,8,8,4,5,3,7,2,1	136,159,118,145,115,150,140,139,124,157	0,4,9,4,2,9,1,2,6,3	159	75
2732	2,4,5,6,1,1,3,5,1,2	0,1,1,3,2,0,0,0,0,2	6,6,3,3,5,3,2,5,1,1	1,0,0,2,0,0,0,1,4,1	197	75
2735	160,140,140,138,116,154,102,104,132,135	2,1,0,0,2,0,1,0,1,0	132,167,130,135,124,123,144,136,112,126	0,0,0,0,1,0,0,0,0,0	79	75
2736	4,10,8,7,13,8,6,7,11,10	1,0,0,0,0,1,1,0,0,0	8,7,6,7,8,9,7,4,13,13	0,0,0,0,0,0,0,0,0,0	80	75
2737	6,4,12,11,8,6,8,5,6,7	8,12,9,11,6,14,15,12,9,9	6,10,10,8,9,5,4,6,9,8	14,7,13,10,9,10,7,18,9,10	78	75
2738	30,28,31,28,25,16,35,14,33,20	1,0,0,1,2,0,1,1,2,1	18,16,14,24,24,18,18,30,25,26	2,2,0,1,1,0,0,0,1,0	78	75
2739	190,183,185,187,184,208,186,158,162,181	0,1,1,2,3,1,1,1,3,0	177,219,200,203,191,192,163,178,221,218	2,5,1,1,0,0,2,1,2,2	1013	75
2740	10,17,8,21,14,12,20,20,15,14	0,2,4,0,5,1,1,3,3,4	8,22,12,11,9,19,15,19,12,17	4,3,2,3,2,0,3,3,1,1	111	75
2741	151,110,151,137,126,135,114,94,108,131	0,0,0,0,0,2,0,0,0,0	154,148,132,98,150,124,131,102,132,118	0,0,0,0,0,0,0,0,0,0	202	75
2742	151,109,152,137,126,135,114,93,107,131	1,1,1,2,0,2,1,0,2,1	154,148,132,98,149,124,129,102,132,118	1,0,1,2,3,0,2,0,1,1	202	75
2743	211,141,201,174,168,164,151,139,146,160	2,0,1,1,2,11,3,1,5,7	205,190,173,132,186,172,168,132,179,139	4,1,2,4,5,0,6,0,8,5	202	75
2744	0,0,1,1,1,3,1,1,1,2	0,0,0,0,1,1,0,0,1,0	0,2,0,0,2,3,1,1,0,0	0,0,0,3,0,1,0,0,1,2	183	75
2749	19,15,13,13,16,12,16,10,25,20	4,3,0,1,0,1,2,1,1,1	18,19,14,18,15,16,16,10,9,6	2,1,1,3,2,4,5,2,0,1	80	75
2750	0,0,1,1,0,0,0,0,0,1	21,22,21,22,19,22,24,14,21,27	0,0,1,0,1,1,0,1,0,0	29,17,31,20,15,17,19,32,17,19	95	75
2753	1,0,2,0,1,3,0,2,0,0	0,0,0,0,0,0,0,0,0,0	2,0,2,1,0,0,0,0,1,1	0,0,0,0,1,0,0,0,0,0	78	75
2754	114,119,131,103,126,111,99,95,101,153	1,1,2,4,1,3,0,2,0,2	125,121,124,123,114,137,92,127,103,103	2,1,2,0,0,0,0,0,2,2	198	75
2755	13,11,7,6,3,9,5,10,7,4	0,0,0,0,0,0,0,0,1,0	6,10,1,5,7,6,3,9,2,4	0,0,0,0,0,0,0,0,0,0	103	75
2756	120,131,104,114,107,115,98,86,88,95	0,3,4,1,4,2,0,2,3,5	113,129,112,127,135,104,127,109,112,107	0,0,0,4,4,0,0,0,1,1	137	75
2757	41,55,39,45,37,39,35,36,28,36	1,5,5,3,3,3,4,1,1,8	48,46,55,43,49,56,38,51,33,40	4,3,7,1,6,3,3,5,3,4	159	75
2758	48,41,54,46,42,42,32,38,47,48	39,30,27,24,27,30,18,17,26,19	49,54,35,40,26,41,40,34,28,42	32,45,23,23,19,31,30,17,19,41	78	75
2759	4,4,4,2,1,4,1,2,1,1	1,0,2,0,0,0,0,0,0,0	1,1,0,0,3,3,2,1,3,2	0,0,0,0,1,0,0,0,0,0	78	75
2760	2,4,2,1,2,2,0,0,0,0	0,0,0,0,0,0,0,0,0,0	0,1,2,0,0,1,2,0,2,2	1,0,0,1,0,0,1,0,0,0	78	75
2762	1,0,0,3,1,0,1,0,1,0	175,162,204,163,123,153,120,114,116,168	0,0,1,0,1,0,1,0,0,0	147,156,157,130,149,179,133,106,144,128	124	75
2763	3,2,2,2,1,4,2,1,1,1	1,1,0,2,0,0,0,1,2,2	2,0,1,2,1,3,0,1,1,3	3,2,0,2,4,0,0,0,0,2	122	75
2764	4,3,2,6,3,8,3,3,3,4	246,225,258,185,203,239,151,176,223,224	8,2,6,3,2,6,0,1,1,3	205,244,200,170,194,191,220,203,183,215	139	75
2765	2,2,0,6,2,4,1,3,4,5	246,225,258,185,203,239,151,176,223,224	9,4,5,3,5,3,0,0,0,2	205,244,200,170,194,191,220,203,183,215	92	75
2767	0,0,0,0,1,0,0,0,0,1	0,0,0,1,0,0,0,0,0,0	1,1,1,0,1,1,0,0,0,0	0,0,0,1,0,0,0,0,0,0	107	75
2768	25,27,16,13,22,18,27,31,24,22	0,0,0,1,0,0,0,0,0,0	17,26,16,23,21,22,30,23,16,15	0,0,0,1,0,0,0,0,0,0	80	75
2769	64,68,73,74,56,63,45,56,36,74	2,7,3,3,4,3,2,4,1,5	57,60,56,59,71,71,67,57,42,55	1,4,5,2,9,8,3,4,6,4	126	75
2770	143,141,138,105,126,153,116,102,128,130	3,1,2,5,1,2,2,5,3,5	126,125,119,132,135,141,128,148,111,126	4,3,3,1,6,5,2,5,7,4	140	75
2771	648,575,486,659,710,975,915,621,609,968	13,4,6,2,7,5,8,9,5,14	618,658,525,810,608,591,732,857,833,670	6,6,7,10,11,9,9,5,15,14	174	75
2772	38,43,40,25,23,37,34,28,24,23	4,13,7,10,8,7,5,3,7,8	34,44,17,26,24,29,35,23,32,31	5,12,5,3,7,17,13,12,1,8	1217	75
2773	0,1,1,1,1,1,2,2,5,2	0,0,0,0,0,0,1,0,0,0	2,3,2,0,1,0,2,0,1,0	0,0,0,0,0,0,0,0,0,0	121	75
2774	9,10,5,9,8,8,10,13,25,10	0,2,0,0,0,0,0,0,0,1	16,15,6,12,11,13,14,13,5,8	1,0,0,1,0,0,1,0,0,0	121	75
2775	12,17,12,17,10,16,17,16,33,15	0,0,0,0,0,0,0,0,0,0	18,19,12,12,16,18,23,15,12,11	2,0,0,0,0,0,0,0,0,0	173	75
2776	3,9,7,8,2,8,7,3,8,6	0,0,0,0,0,0,0,0,0,0	3,4,6,1,5,5,10,2,7,3	2,0,0,0,0,0,0,0,0,0	127	75
2777	8,4,3,1,3,7,4,3,3,4	1,0,0,0,0,0,0,0,0,1	5,4,3,1,2,5,5,7,3,1	0,0,0,0,0,0,1,0,0,1	78	75
2778	0,1,2,2,1,0,2,1,0,1	6,4,2,4,1,6,5,1,5,4	1,0,1,2,0,1,1,3,0,1	2,6,2,1,3,7,2,5,1,2	166	75
2779	18,11,17,11,16,11,11,14,12,15	64,70,72,53,70,52,74,53,71,72	12,11,11,6,24,11,8,6,13,16	61,72,45,53,53,77,59,56,50,64	93	75
2780	19,11,13,13,7,7,8,15,9,8	0,0,0,1,0,0,0,0,0,1	15,14,7,11,9,14,8,13,11,6	0,1,2,0,0,0,0,0,0,0	372	75
2781	73,60,70,72,54,57,51,56,78,70	1,0,1,0,3,0,2,3,0,1	59,69,77,77,62,57,88,67,49,67	0,2,0,1,1,1,0,2,0,0	175	75
2782	135,117,129,121,117,127,91,109,135,144	0,0,0,0,0,0,3,0,0,0	119,125,121,138,113,121,148,113,109,124	0,0,0,0,0,0,0,0,0,1	175	75
2783	642,673,697,524,583,510,507,563,587,558	0,0,0,0,0,0,0,0,0,0	579,578,540,540,572,634,615,550,565,549	0,0,0,0,0,0,0,0,1,0	659	75
2785	25,16,13,8,13,21,12,19,16,17	0,1,0,0,0,0,0,1,0,0	21,18,12,10,23,19,22,15,15,19	0,0,0,0,0,0,0,0,2,0	122	75
2788	0,0,0,0,0,0,0,0,0,0	0,0,0,0,0,1,1,0,0,1	0,0,1,0,0,0,0,0,0,0	0,0,1,1,1,1,3,1,0,0	189	75
2794	14,20,17,20,23,14,17,17,18,16	0,0,0,0,0,0,0,1,0,0	16,21,14,16,18,29,16,21,21,11	0,0,0,0,0,0,0,0,0,0	127	75
2796	3,10,14,10,16,13,20,14,11,9	11,8,5,5,8,6,5,7,9,6	13,12,6,6,10,11,6,6,10,10	11,9,2,5,7,6,10,9,2,9	1125	75
2797	250,197,239,197,219,184,187,176,206,223	15,11,10,7,12,22,11,7,19,17	211,196,253,206,194,264,213,182,184,211	15,11,19,8,17,11,13,17,17,13	78	75
2799	1,3,3,0,0,1,1,1,2,3	4,1,3,3,2,4,3,3,2,1	1,2,1,2,0,3,0,2,2,0	1,4,2,3,4,2,5,3,4,6	79	75
2800	15,16,10,15,14,14,16,13,13,10	8,1,0,4,3,7,8,5,3,6	21,11,8,14,13,19,11,12,8,11	7,6,3,3,3,1,6,7,7,2	78	75
2801	0,0,1,0,0,1,0,0,1,0	21,28,25,16,30,23,27,14,15,20	2,0,0,0,0,0,0,0,1,0	26,29,18,20,28,14,29,12,15,17	95	75
2802	12,8,8,16,5,9,11,7,3,10	0,0,0,0,0,1,0,0,0,0	9,11,8,12,9,14,8,11,9,13	1,1,0,0,1,0,0,0,0,0	208	75
2803	21,18,28,18,16,19,20,33,31,18	1,0,2,1,1,0,0,1,1,1	9,27,24,22,20,15,28,20,36,27	1,1,2,1,0,0,2,2,1,2	78	75
2804	9,7,5,1,12,9,6,4,4,6	3,5,3,0,2,1,0,3,2,1	3,7,3,3,6,5,15,10,5,6	1,0,0,2,2,5,1,1,0,2	79	75
2805	13,15,10,3,8,9,6,7,7,5	82,94,77,45,67,84,44,57,58,59	4,10,5,18,10,12,6,12,5,11	72,64,57,85,68,66,68,71,82,76	80	75
2806	1,1,5,6,2,3,2,4,8,3	3,4,11,6,5,4,4,4,4,5	6,2,0,2,1,3,4,4,2,2	7,4,7,4,8,7,8,7,7,6	78	75
2807	3,5,4,4,2,1,0,2,5,1	3,2,3,3,2,2,5,0,1,2	4,3,2,5,1,3,2,1,0,1	0,2,4,1,0,6,2,4,1,1	78	75
2808	0,0,0,0,0,2,0,1,2,0	47,56,59,39,43,44,41,48,45,39	0,0,0,0,0,1,1,1,1,0	37,60,39,40,47,41,48,40,55,29	95	75
2809	3,2,2,4,4,4,3,3,3,0	0,0,0,1,0,1,1,0,0,0	4,0,2,0,6,3,1,0,1,1	2,0,0,0,0,2,0,0,0,2	80	75
2810	3,4,4,2,7,3,5,3,3,5	0,0,0,0,1,0,0,0,0,0	1,3,4,4,2,5,3,5,4,1	0,0,0,0,0,0,0,0,0,0	311	75
2812	0,1,1,0,1,1,0,1,2,2	0,0,1,0,0,0,0,0,0,0	1,0,1,1,2,0,1,1,0,0	0,0,0,0,0,0,0,0,0,0	172	75
2813	2,1,0,1,2,1,1,0,0,0	1,3,0,0,0,0,0,0,0,1	0,3,0,0,1,3,3,0,0,0	0,0,0,1,0,1,0,0,0,0	91	75
2814	50,35,37,31,32,24,30,25,38,33	21,16,19,14,15,28,20,20,8,23	34,39,40,40,33,19,50,24,27,34	16,15,22,17,15,10,24,18,12,19	78	75
2815	6,5,6,2,5,3,3,4,1,3	1,3,3,2,2,1,2,2,3,0	3,4,1,3,1,4,0,0,5,5	1,4,3,2,3,0,2,3,3,3	78	75
2816	3,3,7,3,1,5,6,0,4,4	23,28,26,24,19,19,17,22,19,11	1,4,6,2,1,1,2,2,3,3	13,19,19,25,19,32,31,18,21,26	230	75
2817	7,3,9,9,7,6,11,5,7,5	13,13,14,13,11,16,17,11,13,17	5,5,4,10,6,3,8,8,4,10	23,11,12,18,16,8,12,12,21,20	130	75
2819	0,2,0,1,0,0,0,1,0,2	1,0,0,1,0,1,1,0,0,1	0,0,2,0,0,0,0,0,0,1	1,0,2,0,0,0,1,0,0,0	83	75
2821	5,6,6,2,5,5,5,8,4,3	0,0,0,0,1,1,0,0,0,0	4,5,9,7,6,7,8,6,4,7	0,0,0,0,0,0,0,0,1,0	107	75
2822	577,569,609,526,495,511,483,463,484,552	1,0,0,0,0,0,0,0,0,0	502,573,527,508,559,573,520,525,500,454	0,0,1,0,0,0,0,0,0,0	396	75
2823	248,175,227,205,196,206,171,171,198,234	14,8,15,9,18,14,10,9,11,6	195,226,189,178,209,208,221,175,201,193	12,17,14,9,10,9,8,16,9,4	147	75
2824	0,0,0,0,0,0,0,1,0,1	4,4,2,2,4,2,5,0,3,5	1,0,0,0,1,0,1,0,0,0	1,2,2,2,3,1,2,3,2,1	81	75
2825	2,0,0,0,1,1,0,0,0,1	0,0,0,0,3,3,0,1,1,0	3,0,0,1,0,1,1,0,0,0	1,0,0,0,0,1,0,0,1,0	78	75
2826	29,21,13,12,27,16,23,21,22,36	58,29,17,23,45,42,28,37,46,41	25,17,4,30,14,24,29,33,21,13	50,42,22,26,44,59,41,56,41,46	96	75
2829	0,0,0,0,0,0,1,0,0,0	0,0,0,0,0,0,0,0,0,0	0,0,0,0,0,0,0,0,0,0	0,0,1,0,0,0,0,0,0,0	141	75
2836	109,122,119,128,109,116,111,100,103,103	2,3,4,1,4,1,1,4,3,3	81,124,92,105,104,102,116,119,89,86	5,3,3,3,1,2,4,1,0,0	1474	75
2837	26,22,27,18,26,23,25,20,19,26	39,24,29,31,44,20,19,22,20,28	28,19,26,23,30,24,25,28,23,32	31,33,25,41,32,29,30,25,35,40	78	75
2838	171,134,149,140,111,137,112,108,147,105	0,0,0,0,0,0,1,0,1,3	129,132,139,98,144,143,113,117,127,116	0,1,2,2,0,2,1,0,0,0	109	75
2841	38,43,51,26,30,14,32,21,33,27	8,5,6,8,6,7,3,4,7,5	25,26,32,21,28,16,22,28,23,22	8,8,10,6,5,4,2,2,13,11	88	75
2844	35,41,48,47,31,35,52,33,40,33	0,1,0,0,0,0,0,0,0,0	21,26,40,29,39,30,41,33,37,25	0,0,0,0,0,0,0,0,0,0	108	75
2845	22,13,17,21,19,20,15,11,15,11	113,120,127,133,120,98,92,102,110,144	30,22,20,12,30,17,18,24,13,13	120,111,149,114,107,133,119,113,139,119	93	75
2846	75,68,69,76,61,62,59,70,87,81	1,1,1,3,3,0,0,1,1,0	72,75,57,83,72,90,61,78,82,89	1,1,3,2,1,0,0,3,1,2	140	75
2849	2,3,1,2,2,1,2,3,2,2	1,0,0,1,0,0,0,1,0,0	1,0,0,1,1,0,1,1,1,0	0,0,1,1,0,0,0,3,0,0	79	75
2850	0,0,1,0,0,3,0,0,0,2	0,0,0,0,1,0,1,3,0,1	0,1,0,1,1,1,1,0,1,0	2,0,0,0,0,0,0,0,1,0	79	75
2851	2,1,1,1,0,1,1,1,0,0	0,0,2,1,1,0,0,2,0,0	1,0,2,0,0,0,0,0,0,1	0,0,1,1,0,0,1,1,1,0	79	75
2852	57,51,65,45,72,60,54,48,62,70	0,0,0,0,0,0,1,0,0,0	53,52,71,58,73,73,75,62,49,60	0,0,0,0,0,0,0,0,0,0	78	75
2853	131,98,120,117,80,91,94,82,82,86	2,0,0,1,2,1,4,0,3,3	85,94,93,104,111,108,103,98,85,84	1,0,3,0,4,1,1,8,2,1	78	75
2854	0,0,0,0,0,0,1,0,0,0	48,69,57,65,29,61,40,54,35,53	0,0,0,0,0,0,0,0,0,0	46,59,53,45,50,47,61,45,50,47	78	75
2858	0,0,0,0,0,0,0,0,0,0	0,5,1,4,0,4,2,4,2,4	0,0,1,0,0,0,0,0,0,0	1,2,2,1,1,1,6,1,0,5	78	75
2859	0,0,0,0,0,1,0,0,0,0	1,3,4,0,4,0,3,0,4,3	0,0,1,0,1,0,0,0,0,0	1,0,3,1,3,1,1,0,1,1	78	75
2860	7,6,10,4,9,10,4,4,4,8	0,1,0,3,3,1,2,1,1,1	9,7,7,6,13,11,9,6,12,9	3,1,0,1,0,0,2,0,1,3	78	75
2861	33,25,27,34,19,35,23,12,23,14	0,4,1,1,1,0,3,0,1,1	18,37,23,18,14,29,25,17,19,24	3,0,0,0,2,0,1,0,0,2	79	75
2862	2,0,1,0,0,1,1,4,0,0	120,122,140,121,116,130,86,100,106,114	3,2,3,1,3,1,2,1,2,2	126,127,117,125,106,122,126,110,109,110	100	75
2864	52,64,51,68,48,43,40,54,61,48	73,73,70,65,77,59,70,71,69,75	43,70,55,64,39,61,56,58,43,63	72,65,81,84,72,66,66,75,52,66	87	75
2865	212,185,236,182,194,161,174,171,167,184	29,21,26,25,16,24,10,17,12,21	197,201,163,210,208,189,219,170,196,186	24,22,28,13,19,24,28,24,27,19	78	75
2866	0,0,1,0,0,0,0,1,0,0	50,73,46,39,60,53,50,42,43,44	0,2,0,1,0,0,0,0,0,1	52,55,49,37,52,41,60,53,49,63	93	75
2867	51,64,50,37,39,54,46,32,38,39	12,3,1,5,4,4,3,4,6,4	39,49,53,27,36,38,56,45,35,45	4,3,2,3,4,7,4,4,7,2	78	75
2868	59,45,54,39,33,43,47,50,50,45	0,1,0,2,0,0,1,3,2,0	51,50,32,27,42,45,49,46,39,54	0,2,0,1,1,1,0,0,2,0	111	75
2869	35,34,26,34,29,30,29,39,29,26	0,0,0,0,0,0,0,0,0,0	42,35,35,27,40,27,33,29,37,31	0,1,1,0,0,0,0,0,0,0	104	75
2870	38,46,41,33,45,41,32,22,28,39	0,0,0,0,0,0,0,0,0,1	42,35,39,42,35,42,41,46,33,28	0,0,1,0,0,0,0,0,0,0	138	75
2871	108,107,112,101,112,113,112,74,84,110	6,5,6,1,3,4,2,3,2,5	100,111,109,126,95,127,126,102,109,87	0,4,2,5,4,2,3,1,2,2	138	75
2872	92,72,83,68,66,58,69,54,73,73	15,18,23,21,16,18,13,12,14,15	77,83,77,82,97,77,79,62,60,68	14,17,13,15,24,25,22,26,18,22	81	75
2873	13,13,12,17,16,14,14,23,17,16	0,0,0,0,0,0,2,0,0,0	16,13,13,13,16,20,14,18,7,11	0,0,1,0,0,0,0,0,0,0	84	75
2875	70,80,76,71,79,66,68,62,66,74	2,0,3,0,1,0,0,1,0,0	69,79,72,65,81,59,66,78,63,60	0,0,1,0,0,1,1,1,0,1	153	75
2876	14,14,18,13,9,18,9,13,15,11	3,3,1,1,2,0,2,2,2,2	13,15,11,12,9,12,18,12,8,10	2,2,0,1,0,0,3,1,2,1	107	75
2879	169,192,166,148,153,140,135,139,140,133	0,0,1,2,0,2,2,0,0,2	170,161,180,143,150,156,172,151,147,162	0,1,2,0,0,0,1,0,0,2	129	75
2880	2,4,4,4,3,3,0,5,1,14	94,75,37,71,72,108,116,82,109,101	5,4,4,2,7,1,5,4,6,2	100,47,98,68,102,128,124,56,102,107	223	75
2881	3,3,5,3,2,4,0,7,3,3	0,0,0,0,0,0,0,0,0,0	3,5,3,3,4,5,1,4,1,2	0,1,0,0,0,0,0,0,0,0	189	75
2882	4,8,8,5,8,5,6,6,15,5	0,0,0,0,0,0,1,0,0,0	9,11,7,6,10,15,3,20,14,7	0,0,0,0,0,0,0,0,0,0	220	75
2883	135,172,138,109,127,155,127,92,136,116	1,0,4,0,0,1,0,0,0,0	146,139,105,121,145,110,156,109,142,106	1,0,0,0,0,0,0,0,0,0	220	75
2885	304,298,324,252,245,250,237,204,246,239	0,0,2,0,0,0,0,1,2,0	294,290,259,254,240,281,320,267,235,262	1,0,0,0,0,0,0,0,0,0	79	75
2887	1,2,10,6,6,3,0,4,7,3	0,1,0,0,0,0,0,0,0,0	1,1,6,5,3,3,5,6,4,3	0,0,0,0,0,0,0,0,0,0	143	75
2890	0,0,0,0,0,3,0,2,1,0	0,2,3,0,2,0,0,0,3,3	0,0,0,0,0,0,0,1,1,0	1,2,0,1,1,0,0,2,0,0	155	75
2892	1,2,1,0,0,1,0,3,0,0	15,12,9,7,21,13,12,9,21,15	0,1,0,0,2,0,0,2,1,1	21,19,9,22,18,17,14,15,9,14	93	75
2896	3,1,1,5,1,1,4,4,3,2	5,2,3,5,4,4,8,9,10,9	3,1,1,1,2,6,4,1,6,5	5,2,4,4,8,9,7,1,7,1	189	75
2897	21,21,20,25,28,22,16,12,16,12	1,1,0,0,0,1,0,0,1,0	21,24,11,16,11,16,21,17,20,13	0,1,1,0,1,0,1,0,2,0	80	75
2898	12,11,12,6,6,11,8,6,17,9	0,0,0,0,0,0,1,0,0,1	12,11,11,23,7,11,15,12,5,9	0,0,0,0,0,0,0,0,0,1	79	75
2901	0,0,0,0,0,0,0,0,0,0	9,7,7,6,9,5,5,3,10,8	0,0,0,0,1,0,0,0,0,0	4,7,8,7,11,11,8,8,7,3	117	75
2902	1,0,0,0,0,1,2,0,1,0	5,4,2,6,8,3,1,3,4,0	0,1,1,0,0,0,1,0,1,1	2,2,1,1,4,1,2,4,1,1	110	75
2904	1,0,4,1,0,0,0,2,1,0	1,0,0,0,0,1,1,1,0,0	1,1,1,1,1,1,1,1,2,0	1,0,0,0,0,0,0,0,1,0	107	75
2906	4,5,3,6,2,5,4,3,3,2	72,55,56,55,34,71,41,55,45,43	2,3,3,3,4,4,2,4,3,3	46,64,41,46,48,40,49,49,36,45	172	75
2907	125,87,112,63,88,88,84,87,77,79	1,1,1,4,2,5,5,1,1,3	97,88,73,89,106,88,95,79,84,68	1,3,2,1,0,3,5,1,3,6	663	75
2908	117,78,111,56,81,74,79,83,69,77	0,0,0,0,1,0,0,0,0,0	85,74,68,79,86,82,89,71,80,61	0,0,0,0,2,0,0,0,0,1	663	75
2910	0,0,3,0,0,0,0,1,0,0	27,20,17,13,15,23,24,20,19,16	0,0,0,0,1,0,2,0,0,2	20,21,17,10,18,29,17,19,15,13	93	75
2914	0,0,0,1,0,0,0,0,0,0	45,48,46,41,53,36,33,41,52,44	0,0,0,0,0,0,0,0,0,0	38,63,47,46,39,56,48,49,37,34	99	75
2919	7,5,5,6,4,5,3,5,6,6	230,210,256,180,170,221,187,146,216,206	4,5,1,0,4,3,0,4,4,4	209,208,200,165,212,194,201,216,180,181	91	75
2920	18,11,9,8,13,8,5,8,6,8	52,42,51,31,31,35,34,31,51,43	9,10,7,11,9,9,6,6,11,9	49,61,37,37,45,33,48,47,34,38	253	75
2923	1,2,4,6,2,2,2,4,5,7	0,0,1,0,0,0,0,0,0,0	2,3,7,2,2,1,3,2,0,4	1,0,0,0,0,0,0,0,0,0	119	75
2932	28,24,15,22,29,18,13,16,12,29	0,0,1,1,0,0,0,0,0,0	20,20,14,20,17,14,17,16,33,25	0,0,0,0,0,0,1,1,2,1	78	75
2933	16,9,22,15,21,22,11,23,14,22	21,32,22,17,20,15,17,19,16,28	19,19,7,18,9,17,14,16,8,25	21,18,19,20,17,12,18,19,33,9	123	75
2934	19,12,21,22,10,12,15,4,11,4	0,1,0,2,0,0,0,0,0,0	14,11,16,9,9,15,20,11,18,7	0,0,0,0,1,0,0,0,0,0	111	75
2935	33,29,40,36,29,40,29,14,33,23	17,11,18,20,9,20,15,7,13,17	34,28,30,24,29,35,39,33,32,19	10,10,13,10,15,19,13,16,12,7	111	75
2937	1,3,2,8,0,1,4,5,1,5	12,9,14,8,10,8,3,12,13,13	5,2,2,1,5,5,5,2,3,2	11,8,14,8,10,16,12,11,9,17	78	75
2938	16,20,16,9,15,13,14,19,26,14	48,46,63,65,38,38,45,66,53,65	13,11,14,7,5,6,14,8,13,9	48,40,45,65,37,47,42,49,37,27	102	75
2939	1,4,0,5,0,1,1,1,1,1	50,42,60,46,50,39,43,37,55,48	0,1,0,3,0,0,0,2,1,1	47,43,49,39,53,49,52,42,47,35	924	75
2940	53,25,46,49,34,30,35,47,45,38	31,34,30,21,26,27,30,25,34,29	50,34,42,40,33,57,42,39,39,28	33,33,32,32,33,28,40,27,16,23	78	75
2941	275,279,255,251,262,263,204,208,240,234	7,3,5,3,3,3,3,2,2,6	213,316,256,254,252,272,273,279,265,227	1,3,4,5,14,2,7,4,3,3	173	75
2942	0,3,0,0,0,0,0,0,0,1	35,84,25,31,57,34,24,25,22,27	0,0,1,0,0,0,0,0,0,0	29,38,28,15,24,38,30,54,22,27	112	75
2944	14,25,16,14,17,23,11,27,7,11	0,0,0,1,0,0,0,1,1,1	21,12,12,15,12,19,16,18,14,28	0,1,1,0,0,0,0,0,0,1	106	75
2945	3,9,4,4,11,6,4,3,4,1	0,0,2,0,0,0,0,1,0,0	5,7,4,6,3,1,5,2,1,5	0,0,0,0,0,0,0,0,0,0	80	75
2946	0,0,0,0,0,0,0,0,0,0	0,0,2,0,0,0,0,0,0,0	0,1,0,0,0,1,0,0,0,0	0,0,0,0,0,0,0,0,0,0	78	75
2947	55,65,49,50,63,52,48,37,53,50	0,0,0,0,1,0,0,0,3,0	53,51,57,62,41,53,56,58,37,56	0,0,0,0,0,0,0,0,0,0	90	75
2949	0,1,2,0,0,0,0,0,0,3	0,0,0,0,0,0,0,0,0,0	1,0,1,2,0,2,1,0,1,0	0,0,0,0,0,0,0,0,0,1	263	75
2950	1,0,1,1,1,0,1,1,6,0	55,59,44,36,57,56,50,57,63,64	0,5,2,3,1,0,1,2,3,2	55,59,40,40,63,49,47,45,38,44	184	75
2951	20,20,15,11,11,14,17,13,17,22	2,3,4,4,1,1,2,1,3,0	12,15,14,10,17,19,15,4,16,11	2,1,1,4,3,3,2,1,1,4	96	75
2952	11,13,13,14,19,11,14,14,10,11	0,0,0,0,1,1,1,2,0,0	15,17,12,12,14,15,17,11,13,7	0,0,0,0,0,0,0,0,1,0	147	75
2954	0,1,1,2,1,0,0,1,0,0	1,0,0,1,0,0,0,0,0,0	0,2,1,1,1,1,1,3,1,0	0,0,0,0,0,0,0,0,0,0	78	75
2955	4,2,1,6,4,3,3,7,0,6	37,31,35,37,35,29,28,21,35,21	4,1,1,4,1,0,2,1,5,4	42,34,35,18,24,24,30,35,24,35	115	75
2956	159,162,172,124,107,133,98,109,110,143	1,0,4,0,0,0,0,1,0,0	126,157,108,155,139,129,132,126,114,154	0,0,0,1,1,0,1,1,0,1	361	75
2957	0,3,1,2,0,2,0,1,3,2	57,44,72,71,61,57,49,44,61,41	2,1,0,4,1,6,3,2,1,1	55,63,40,59,52,54,61,46,41,64	95	75
2958	1,1,2,1,1,1,1,2,1,1	22,25,33,20,20,15,17,18,10,17	1,1,4,1,0,4,1,1,3,0	21,27,17,22,13,26,24,23,22,33	161	75
2959	1630,1548,1516,1387,1375,1543,1157,1232,1498,1345	0,1,2,1,4,2,1,1,3,0	1495,1537,1280,1349,1413,1454,1549,1451,1268,1389	3,2,2,0,1,1,1,0,1,1	130	75
2963	1,0,0,0,1,0,1,0,3,0	1,0,1,0,0,0,0,1,0,0	0,1,1,1,1,6,2,1,2,1	0,1,0,1,0,1,0,0,0,1	123	75
2964	1,0,0,2,0,0,1,1,3,0	3,1,0,1,0,0,0,0,1,0	0,1,2,0,1,5,3,4,3,2	0,1,0,2,0,2,1,1,1,2	123	75
2965	118,137,145,124,122,145,97,96,118,123	17,17,14,19,8,15,13,15,9,19	133,127,122,126,128,112,130,150,126,117	18,10,20,9,12,20,14,14,16,24	87	75
2966	0,0,1,0,1,2,0,1,1,0	7,11,8,8,4,9,4,11,9,3	0,0,0,0,0,0,1,0,0,1	12,17,7,18,8,7,15,10,10,9	175	75
2967	9,23,14,11,11,10,5,11,12,7	0,0,0,0,0,0,0,0,0,0	18,15,17,12,18,11,16,10,14,10	0,0,0,0,0,0,2,0,0,2	106	75
2968	7,11,3,3,5,7,7,0,1,7	43,48,48,40,26,50,24,33,46,40	6,4,2,3,1,9,9,1,8,2	43,34,38,39,39,41,43,41,39,47	104	75
2969	54,75,50,57,38,51,40,44,56,45	0,1,0,0,0,0,0,0,0,0	68,56,52,56,51,61,73,48,48,39	0,0,0,0,0,0,0,0,0,0	360	75
2970	2,5,2,1,2,3,3,5,2,0	0,0,0,0,0,0,0,0,0,1	2,2,3,2,4,0,4,3,5,3	0,0,1,0,0,1,1,0,0,0	146	75
2971	6,5,3,1,6,4,9,7,3,1	4,2,6,0,4,2,6,5,6,3	4,3,3,3,4,3,5,5,7,6	5,3,4,2,2,3,4,5,3,4	146	75
2974	81,119,114,114,107,78,99,82,80,107	2,0,4,1,2,0,0,3,2,1	112,124,91,87,97,90,92,88,105,94	0,1,1,3,2,0,2,2,1,1	1241	75
2981	19,27,18,12,8,15,16,13,20,17	0,0,1,0,0,1,2,1,0,0	22,24,17,9,17,18,26,17,12,20	0,0,0,0,1,0,0,0,0,0	102	75
2982	46,38,35,33,31,30,37,15,31,42	0,2,3,1,1,0,0,0,2,1	37,40,32,29,29,43,32,28,46,32	1,1,0,2,1,0,0,0,0,0	81	75
2983	65,50,69,66,58,67,65,55,49,57	0,0,0,0,0,0,0,0,0,0	52,70,42,60,56,66,58,47,63,55	0,0,0,0,1,0,0,0,0,0	152	75
2993	0,0,0,0,0,0,0,0,0,0	43,29,53,48,35,47,66,30,42,37	0,1,0,0,0,0,0,0,0,0	49,51,38,31,62,37,53,44,38,46	171	75
2994	0,0,0,0,0,0,0,0,1,0	0,1,0,0,0,0,0,0,0,0	0,0,0,0,0,0,0,0,0,0	0,0,0,1,0,0,0,0,1,1	102	75
2995	0,1,0,0,0,2,0,0,0,1	0,0,0,0,0,0,0,0,0,0	0,1,0,0,0,1,0,0,0,0	1,0,0,0,1,0,0,0,0,0	118	75
2996	16,11,22,17,11,13,12,11,15,10	1,1,0,2,0,0,0,1,0,1	9,13,12,11,14,16,12,7,16,14	2,0,2,3,0,4,4,1,1,0	79	75
2997	37,33,39,35,29,37,38,40,37,31	2,1,0,0,1,0,2,3,1,2	47,37,37,24,34,30,53,27,55,40	3,2,1,1,0,0,1,0,2,0	173	75
2998	138,141,111,109,88,113,134,118,127,96	1,0,0,3,2,1,0,0,0,0	116,129,92,86,104,116,161,98,142,115	1,0,0,1,1,1,1,0,0,1	540	75
2999	20,17,15,13,12,15,16,14,14,13	3,1,1,2,1,0,0,0,1,0	6,19,11,18,10,21,16,15,16,6	0,1,1,0,1,4,1,0,0,1	103	75
3001	17,12,10,7,8,14,7,6,19,10	0,2,0,1,1,0,0,0,1,1	3,7,8,13,7,10,8,15,10,10	0,0,0,0,0,0,2,0,0,0	103	75
3002	23,21,29,15,24,19,20,17,21,33	1,0,1,0,1,0,0,0,0,1	25,35,22,21,23,21,22,21,12,22	1,0,0,0,1,1,0,0,0,0	79	75
3003	26,18,29,19,17,19,20,24,18,20	0,0,0,0,0,2,0,0,0,0	29,32,15,26,19,24,21,27,18,18	0,0,0,0,0,0,0,0,0,0	122	75
3004	33,28,41,27,24,34,29,29,32,27	0,0,0,0,0,2,0,0,0,0	33,42,29,37,30,36,33,31,27,32	0,0,0,0,0,0,0,0,0,0	142	75
3005	8,11,12,9,7,15,10,7,14,7	1,1,0,1,0,0,1,2,0,0	6,13,14,11,12,14,13,6,9,14	2,3,0,0,1,2,1,2,0,0	95	75
3006	37,33,50,37,37,36,36,33,41,36	0,0,1,2,4,1,2,1,2,0	47,44,33,42,33,36,38,41,35,37	0,3,1,0,2,1,3,0,2,0	142	75
3007	52,34,39,38,47,46,48,41,44,38	25,22,20,18,11,29,21,14,20,17	47,51,46,37,39,34,45,39,42,39	24,25,9,18,19,19,30,25,31,29	100	75
3008	1,0,1,3,2,1,0,0,0,0	0,0,0,1,1,0,0,0,0,0	0,0,0,0,1,2,5,0,0,0	0,1,0,0,0,0,0,0,1,0	183	75
3010	12,9,8,7,6,11,1,6,7,5	0,0,0,0,0,0,0,0,0,0	6,5,7,4,3,4,2,2,8,6	0,0,0,0,0,0,1,0,0,0	131	75
3011	15,8,16,16,11,7,10,15,10,8	7,7,1,5,3,4,3,5,4,1	6,7,5,10,11,10,11,9,4,12	5,4,6,1,3,2,6,3,3,6	78	75
3012	18,21,6,9,11,15,11,8,9,4	0,0,0,0,0,0,0,0,0,0	18,10,7,8,11,10,4,15,14,6	0,0,1,0,0,0,0,1,0,0	77	75
3013	0,0,3,1,1,1,2,0,1,0	0,4,4,0,0,1,1,0,0,0	0,1,2,0,0,1,0,2,0,1	1,1,0,2,0,1,0,2,0,0	87	75
3014	0,1,3,1,2,2,4,0,3,2	10,11,9,6,18,5,4,6,7,5	2,3,3,1,3,1,8,3,3,1	6,11,10,11,9,8,7,11,4,6	263	75
3015	8,8,6,14,13,5,7,10,13,15	0,0,0,0,0,0,3,0,0,1	8,16,7,5,23,15,13,18,8,12	0,2,2,0,0,3,0,1,0,0	80	75
3016	9,16,12,5,7,9,12,14,9,8	5,0,6,0,3,1,1,2,0,2	9,13,13,13,13,18,18,13,10,12	0,1,1,0,2,0,1,0,0,1	100	75
3017	0,0,0,0,0,0,0,0,0,0	0,0,0,0,1,0,0,0,1,0	0,0,0,0,0,0,0,1,2,0	0,0,0,0,0,0,0,0,0,1	78	75
3018	3,0,1,0,1,3,0,1,2,2	2,3,5,2,0,2,0,2,3,5	3,0,0,1,1,2,1,0,1,3	1,6,4,3,1,3,3,2,2,1	78	75
3020	70,69,75,68,88,77,66,83,99,73	2,2,4,7,5,5,4,0,6,5	77,79,85,67,84,105,81,94,72,62	5,4,4,3,6,3,5,4,0,1	126	75
3021	15,21,14,25,11,16,17,16,23,13	43,35,26,32,33,23,26,34,31,35	15,12,23,12,20,9,22,19,15,19	32,29,41,31,35,42,41,34,28,21	78	75
3022	779,734,749,645,652,742,550,596,616,742	17,19,19,17,11,13,14,7,19,17	623,690,601,647,708,687,637,718,607,571	13,13,14,13,15,25,19,14,13,24	219	75
3025	86,83,95,69,67,67,60,69,60,81	0,1,0,0,2,0,0,0,0,0	59,65,64,79,61,82,79,60,76,72	0,0,0,1,0,0,0,0,0,0	87	75
3026	122,123,115,111,111,112,88,96,92,134	8,11,10,9,4,4,5,5,2,3	128,129,93,94,101,123,117,95,116,93	5,8,4,8,4,6,4,7,8,7	79	75
3027	3,0,1,1,0,5,0,6,1,0	627,592,578,541,490,534,458,453,538,547	1,1,1,4,6,1,4,1,2,0	526,616,506,537,578,599,624,530,514,559	96	75
3028	68,64,71,50,48,74,50,53,75,74	0,3,2,0,1,3,3,0,2,2	66,69,52,59,58,75,58,65,63,74	0,3,2,1,1,0,9,0,2,2	147	75
3031	1,3,0,2,4,7,1,0,1,2	59,51,44,43,41,52,58,41,57,40	3,0,2,0,1,3,1,0,2,0	41,56,54,57,46,56,51,50,32,43	258	75
3032	1058,1195,1024,1020,967,811,1339,1146,1196,946	132,146,114,141,129,115,102,124,129,139	882,1239,757,1098,873,842,805,974,1150,1061	114,131,120,148,107,130,127,132,116,170	2441	75
3033	2,0,0,2,2,0,0,1,0,0	14,22,21,15,5,13,21,12,16,12	0,1,0,0,1,1,0,1,0,2	9,17,20,10,14,6,6,9,17,15	89	75
3034	0,0,0,1,0,0,1,0,0,0	2,11,5,13,8,19,4,19,6,6	0,0,0,0,0,0,0,0,1,1	10,8,11,9,6,6,11,11,3,13	86	75
3035	16,23,20,29,18,11,22,9,21,18	0,3,3,3,4,1,2,1,0,6	19,18,19,19,20,31,22,13,20,19	1,5,5,2,3,0,2,0,1,1	123	75
3037	14,11,8,13,7,7,7,15,8,5	1311,1234,1278,1108,1194,1297,1014,1023,1092,1174	9,8,7,13,8,13,10,12,12,9	1220,1249,996,1162,1153,1173,1235,1097,1077,1093	91	75
3038	2,3,2,0,2,3,4,6,2,2	1032,1046,1013,807,951,1006,923,735,859,914	5,3,1,3,7,3,3,3,1,3	812,956,868,860,876,980,987,893,845,886	108	75
3039	1082,1055,1065,930,881,1085,836,825,858,884	3,2,4,7,6,7,2,3,1,2	911,1081,810,879,881,975,1011,886,928,992	1,0,0,3,8,8,3,5,6,4	80	75
3040	4,5,9,2,4,4,4,5,3,6	6,2,1,3,4,5,3,4,1,4	3,6,4,5,8,5,8,7,5,1	3,4,4,5,2,7,2,8,5,5	81	75
3041	4,7,8,12,5,5,8,8,5,5	0,1,3,0,1,1,0,1,0,0	3,11,5,9,6,5,7,9,10,3	0,1,1,1,2,2,1,1,2,4	81	75
3042	154,119,134,141,110,124,101,91,144,126	0,1,0,1,0,0,0,0,0,0	131,165,122,127,125,139,136,147,116,77	0,0,0,0,0,0,0,1,1,0	246	75
3043	0,0,0,0,0,0,0,0,0,0	5,2,5,0,3,1,2,1,4,3	0,0,0,1,0,0,1,0,3,0	3,3,0,1,5,6,4,0,7,4	102	75
3045	122,120,123,111,107,120,98,114,101,100	0,0,0,0,0,0,0,0,0,0	97,124,107,115,127,122,106,100,113,103	0,0,0,0,0,1,0,0,0,0	78	75
3046	1,1,1,0,1,1,2,1,0,0	354,299,368,296,299,253,271,259,279,305	1,2,0,3,1,0,1,1,0,2	260,303,298,277,323,319,332,245,279,246	128	75
3047	682,814,777,681,633,697,603,558,625,657	0,0,0,0,0,0,0,0,0,0	723,699,623,618,749,639,637,593,591,675	0,1,0,0,0,0,0,0,0,1	183	75
3048	305,344,317,291,284,280,301,213,328,291	0,1,0,0,0,0,0,0,1,0	276,312,292,272,328,319,287,292,279,297	0,1,0,0,1,0,0,0,0,0	78	75
3049	277,312,257,257,255,275,225,182,258,248	0,0,0,0,1,1,0,0,1,0	267,287,239,274,296,260,227,240,204,270	0,1,0,0,0,0,0,1,0,1	242	75
3050	243,231,219,201,179,218,218,195,228,175	0,0,0,0,0,1,1,1,3,0	214,240,194,192,224,194,198,201,177,234	0,0,0,0,0,0,0,0,0,0	79	75
3051	28,31,32,24,32,26,30,20,24,28	1,0,0,0,2,0,1,1,1,1	31,31,26,22,36,47,36,21,24,26	0,1,0,0,0,0,0,0,1,2	240	75
3052	33,32,39,42,31,32,26,33,38,42	0,1,2,0,1,0,2,0,0,2	35,55,28,32,40,34,34,34,30,41	0,3,0,0,0,0,0,0,0,1	117	75
3053	30,41,32,32,37,27,31,27,29,26	0,0,1,1,2,2,1,1,0,0	22,47,19,21,30,25,21,25,15,20	1,0,1,0,3,0,0,1,0,0	145	75
3054	84,98,97,76,82,89,62,71,64,75	3,1,0,0,3,1,3,1,0,2	84,100,80,86,99,88,94,83,94,89	3,0,5,1,5,3,4,2,4,0	115	75
3055	4,2,4,5,4,1,1,2,1,2	1,0,0,2,0,0,0,0,1,0	3,3,2,1,5,5,5,5,4,1	0,0,0,0,1,0,0,0,0,0	90	75
3056	2,0,3,1,1,2,0,1,2,1	0,0,1,0,0,0,0,0,0,1	4,1,2,0,0,1,2,1,0,1	0,0,0,0,0,0,0,0,0,0	92	75
3059	74,53,78,49,48,61,75,69,68,65	61,59,52,52,45,77,52,54,53,75	45,68,43,59,55,62,59,35,56,46	71,82,54,61,59,61,57,48,43,74	329	75
3060	209,159,233,152,158,195,226,202,228,204	0,0,0,2,1,0,1,0,2,0	159,284,155,186,173,209,199,153,221,177	0,0,1,1,0,3,0,1,1,1	450	75
3061	196,165,207,155,155,211,203,187,213,214	0,0,0,2,1,0,1,0,2,0	185,298,166,188,177,208,197,166,208,205	0,0,1,1,0,3,0,1,1,1	196	75
3063	102,89,98,90,97,78,83,91,81,85	8,2,2,4,2,4,4,3,5,3	92,92,85,97,93,100,102,82,102,104	4,4,6,4,3,5,4,2,5,3	80	75
3066	20,17,21,15,20,12,16,11,11,17	81,48,72,55,60,64,42,40,52,62	20,23,14,28,17,16,20,15,18,23	59,67,71,54,59,57,54,54,50,50	78	75
3067	39,51,41,37,56,42,39,46,39,44	5,1,2,2,2,3,4,1,4,1	48,45,47,34,46,36,48,28,44,47	1,0,3,3,0,3,3,2,4,3	78	75
3069	5,2,1,1,0,3,5,2,4,3	0,0,0,1,0,0,0,2,0,0	0,5,0,8,3,1,3,4,1,0	1,0,2,2,0,0,0,1,0,0	135	75
3070	2,0,0,2,1,0,0,0,1,0	12,6,16,6,6,5,9,8,6,12	0,0,0,1,0,0,0,0,0,0	7,11,5,16,8,10,9,5,6,5	96	75
3071	29,20,25,19,26,10,20,35,26,23	3,8,5,7,10,4,3,5,9,6	29,22,20,27,26,34,23,30,31,21	7,9,2,8,11,9,10,4,3,10	195	75
3072	27,17,29,26,25,17,19,20,12,21	0,0,1,1,0,1,2,1,1,0	21,30,18,18,17,19,28,31,29,23	0,1,0,0,0,0,2,1,0,0	115	75
3073	40,47,46,45,34,33,33,27,35,33	2,4,7,1,2,0,5,0,4,1	38,49,36,31,45,36,45,45,51,41	0,4,2,0,4,2,2,2,2,3	84	75
3077	33,28,28,27,22,19,22,23,16,18	1,0,0,2,0,0,0,0,1,0	19,26,20,22,19,32,29,16,19,14	0,0,0,2,0,1,0,0,0,0	112	75
3078	8,4,7,6,4,7,4,5,8,2	242,218,257,211,207,199,226,175,223,186	7,3,7,2,8,6,2,5,6,6	240,238,241,220,220,284,247,226,179,236	158	75
3079	0,5,2,1,1,1,2,1,6,4	1,1,2,2,0,1,1,2,0,1	1,3,3,3,7,1,3,3,2,5	1,0,3,2,1,1,0,1,1,0	135	75
3081	9,4,7,3,4,2,2,3,4,8	0,1,0,0,0,4,3,1,0,0	3,5,3,4,4,2,4,3,2,3	1,0,1,0,1,0,2,2,3,0	101	75
3082	157,187,192,158,146,140,147,129,137,137	1,0,2,0,1,2,0,0,0,1	177,187,148,112,149,182,163,140,115,119	0,0,1,1,0,2,0,0,0,0	111	75
3083	53,40,55,51,47,40,46,30,53,41	2,2,3,1,0,0,1,0,1,1	40,55,41,56,42,43,33,41,42,44	1,1,0,0,0,2,0,0,0,0	201	75
3085	1,4,3,4,2,4,8,0,4,2	12,14,9,8,11,5,4,6,8,7	1,4,3,1,2,3,0,1,1,2	9,14,8,8,10,3,7,3,7,8	1041	75
3088	86,78,93,76,67,61,76,63,62,80	2,0,1,0,0,1,1,1,4,1	75,79,62,47,70,85,65,68,70,55	0,2,2,0,3,1,2,1,0,0	139	75
3089	83,85,89,69,80,111,94,66,75,69	87,73,83,78,77,83,68,69,70,61	69,70,87,87,74,75,85,83,94,104	76,81,73,79,68,63,81,53,69,76	1440	75
3094	13,7,12,10,6,9,10,7,10,15	36,43,40,21,26,34,22,35,39,35	5,11,14,15,8,10,3,7,3,11	27,30,19,24,30,37,42,40,32,29	84	75
3095	13,7,12,10,6,9,10,7,10,15	85,96,76,77,48,86,56,68,82,71	5,11,14,15,8,10,3,7,3,11	68,77,72,65,72,89,80,67,87,75	87	75
3096	36,43,40,21,26,34,22,35,39,35	85,96,76,77,48,86,56,68,82,71	27,30,19,24,30,37,42,40,32,29	68,77,72,65,72,89,80,67,87,75	78	75
3098	147,180,135,113,132,128,132,106,128,135	0,0,1,0,1,2,0,0,0,0	136,132,129,131,124,136,135,109,147,134	0,1,0,0,0,0,1,2,0,0	154	75
3099	3,8,8,5,6,2,12,4,8,4	371,390,351,316,329,369,270,275,281,313	2,4,6,9,4,1,7,10,13,3	328,297,295,346,367,288,347,333,328,334	141	75
3100	3,6,6,3,1,6,7,3,2,7	0,0,1,1,0,2,0,2,0,2	12,6,4,8,5,6,4,4,4,9	2,0,1,0,1,3,2,5,3,1	99	75
3102	15,4,5,4,2,9,5,11,10,10	0,4,0,1,0,1,1,0,2,2	5,5,6,8,6,4,6,6,13,5	1,3,0,0,2,0,0,0,0,0	79	75
3103	3,0,2,0,0,4,0,3,2,2	8,3,4,7,6,5,4,1,6,5	1,1,2,0,3,1,2,2,0,1	2,6,3,4,2,3,7,4,3,4	78	75
3104	2,0,1,0,0,0,1,0,0,3	6,6,12,5,7,9,9,9,9,3	0,5,4,1,0,2,0,0,2,0	7,9,11,12,6,9,8,2,6,7	191	75
3105	0,0,0,0,0,0,0,0,0,0	11,8,16,6,13,9,4,7,9,8	0,0,0,0,0,0,0,0,0,1	11,8,13,9,9,7,11,8,8,9	119	75
3106	0,0,0,0,0,0,1,0,0,0	0,0,0,0,2,0,0,0,0,0	0,1,1,0,0,0,0,0,0,0	0,0,0,0,1,0,0,1,0,1	93	75
3108	3,1,0,1,2,0,1,2,0,1	208,176,164,144,146,133,125,106,134,164	1,1,1,0,1,0,0,0,1,0	148,209,136,153,176,156,181,121,137,160	96	75
3109	1,4,1,3,2,3,2,2,1,0	93,106,82,77,99,83,76,62,97,91	0,2,4,1,2,4,4,1,2,0	88,113,69,71,81,99,78,72,76,94	100	75
3110	1,3,2,1,0,7,3,0,1,2	0,0,0,0,0,1,0,0,1,0	1,2,1,1,2,2,3,0,5,1	0,0,0,0,0,0,0,0,1,0	80	75
3111	12,3,2,7,12,8,3,6,6,12	0,0,0,0,0,0,0,0,0,0	10,16,6,11,7,5,5,9,5,5	0,1,0,0,0,0,0,0,0,0	136	75
3112	18,18,15,12,10,12,16,8,11,12	0,0,0,0,0,1,0,0,0,0	11,17,8,5,12,16,14,8,12,10	0,0,0,0,0,0,0,0,0,0	362	75
3113	4,4,2,1,0,4,6,5,2,7	4,4,0,0,1,2,1,1,4,2	4,6,4,1,0,3,11,2,0,3	2,4,0,1,2,4,1,5,0,1	97	75
3114	69,94,82,79,68,69,59,54,64,63	0,0,0,1,0,0,1,0,0,1	53,58,54,82,70,67,76,58,64,72	0,2,0,0,0,0,1,0,0,0	141	75
3115	4,1,2,2,7,1,0,4,2,1	0,0,0,0,1,0,2,0,0,0	4,7,6,4,0,7,1,4,1,2	0,0,1,0,1,0,1,0,0,1	79	75
3116	0,0,1,0,0,1,0,0,0,0	2,0,4,0,0,1,1,2,2,2	0,0,0,1,0,0,0,0,0,0	1,0,1,1,1,0,0,0,1,1	78	75
3117	25,29,24,31,11,23,20,18,24,24	2,0,3,1,1,3,0,3,6,0	13,25,12,23,22,29,24,21,31,15	0,3,2,1,2,2,3,5,2,4	78	75
3122	4,9,5,2,7,7,9,2,3,5	0,0,0,0,1,0,0,0,0,0	4,7,8,11,6,8,2,6,9,4	0,0,0,0,0,0,0,0,0,0	174	75
3123	26,19,37,28,22,25,23,18,15,19	10,11,8,7,9,11,16,9,5,8	24,18,25,29,15,19,17,25,16,11	12,6,9,8,16,7,10,8,8,6	90	75
3124	2,2,1,0,1,1,1,1,2,0	0,0,0,0,0,0,0,0,0,0	0,0,2,1,0,0,1,1,0,0	0,0,0,0,1,0,0,0,0,0	96	75
3125	86,102,78,74,79,67,70,59,66,74	0,1,0,1,0,1,0,0,0,0	63,85,59,68,65,58,74,63,78,55	0,0,1,2,1,1,0,0,0,1	117	75
3126	39,49,18,47,19,48,24,41,32,44	47,67,41,64,46,58,53,42,45,65	37,36,24,29,34,23,42,30,37,38	83,53,46,43,60,46,53,45,87,66	160	75
3127	119,156,131,94,122,163,79,97,112,116	2,0,0,0,0,0,0,0,0,1	144,160,140,122,126,105,106,113,139,103	0,0,0,1,0,1,0,0,0,0	79	75
3128	560,511,560,444,459,471,395,401,389,499	9,16,4,8,6,14,10,12,10,11	513,519,495,478,480,431,526,475,464,441	16,8,15,5,10,10,10,8,17,10	126	75
3129	0,0,3,2,0,1,0,1,1,0	76,89,91,65,68,69,65,48,72,44	2,0,1,2,0,2,2,2,0,1	71,97,53,70,55,68,74,74,64,92	133	75
3130	193,238,179,217,147,182,184,160,176,184	42,32,49,47,30,31,29,43,41,41	168,193,168,172,220,196,226,192,189,150	23,24,34,32,41,32,37,46,43,33	78	75
3132	2,4,0,0,1,2,2,1,5,2	0,1,0,0,0,0,0,0,2,1	3,0,0,2,1,1,0,2,0,1	2,0,0,2,0,0,1,1,1,0	78	75
3133	28,39,44,30,30,38,18,31,16,24	67,79,82,61,82,66,61,80,59,50	31,36,23,28,32,25,25,38,37,24	65,77,75,83,64,72,65,84,78,53	78	75
3134	383,358,367,304,296,268,285,265,343,304	5,4,3,4,3,1,2,1,1,0	287,349,301,286,303,338,324,303,281,301	3,1,2,1,2,3,0,1,5,1	168	75
3135	0,0,0,0,0,0,2,1,2,0	12,18,13,15,16,14,8,6,11,4	2,2,1,5,1,2,1,1,2,1	11,15,14,12,8,5,13,8,5,16	573	75
3137	73,58,66,59,57,77,58,53,57,64	2,1,1,1,2,2,2,1,2,5	56,59,53,71,65,63,72,65,48,56	0,0,0,0,2,0,3,2,3,0	106	75
3138	193,177,173,210,173,187,188,175,163,161	0,3,2,1,2,1,0,1,0,3	176,233,174,165,157,187,199,213,198,166	3,1,4,3,2,0,2,5,3,3	1121	75
3139	43,45,36,32,45,44,38,34,41,29	3,1,4,1,3,0,2,2,1,0	42,50,39,38,38,32,41,40,33,26	4,1,2,0,0,2,4,0,1,1	79	75
3146	1,1,0,2,0,0,1,0,0,0	0,0,0,0,1,0,0,0,0,0	0,0,0,1,0,0,1,4,0,1	0,0,0,0,0,0,0,0,0,0	97	75
3147	0,0,0,0,0,0,1,1,0,0	2,1,0,0,3,1,0,0,0,2	0,0,1,0,0,1,0,0,0,1	0,0,1,0,2,1,1,1,0,1	81	75
3148	7,2,4,7,9,9,7,9,3,3	2,2,2,2,1,0,1,0,2,4	5,3,6,4,5,4,7,4,5,4	0,2,1,0,1,3,0,1,0,0	401	75
3149	101,92,106,92,93,100,71,84,90,100	0,1,0,0,0,5,1,0,0,2	85,67,93,93,110,83,99,114,119,64	2,1,1,1,0,1,2,0,1,1	79	75
3150	2,2,3,1,1,2,6,2,0,1	0,0,0,1,0,0,0,0,0,0	2,0,2,1,2,3,3,1,0,1	0,1,1,0,0,0,0,0,0,1	84	75
3152	0,5,3,1,3,2,1,1,2,1	9,24,11,13,6,12,13,20,19,24	0,0,0,4,1,2,0,0,3,1	16,11,11,18,26,15,17,12,15,9	135	75
3153	0,3,0,0,3,2,3,3,2,1	1,2,0,1,1,1,1,2,1,0	0,0,2,3,2,2,0,0,4,0	2,0,1,1,0,0,0,0,0,1	135	75
3155	2,0,1,0,0,1,0,1,1,0	10,19,11,6,20,6,8,5,20,5	0,1,2,0,1,2,0,0,0,0	3,18,7,12,11,8,13,12,2,11	78	75
3156	39,29,41,20,40,14,26,31,30,22	68,74,52,67,49,66,76,44,50,44	25,30,18,30,27,14,18,18,39,36	51,85,61,38,52,59,63,60,45,58	221	75
3157	70,75,57,67,51,70,76,44,53,46	11,4,5,8,7,5,2,5,5,3	53,87,64,44,56,59,67,64,46,60	5,2,3,2,3,4,7,4,6,6	201	75
3158	5,2,10,3,4,4,5,4,7,4	16,19,17,9,17,16,15,16,15,28	7,9,6,9,4,8,7,7,4,7	30,19,11,16,14,18,19,28,20,11	154	75
3160	0,0,0,0,0,0,0,0,0,0	14,12,11,14,14,5,11,13,13,15	0,0,1,0,0,1,1,0,0,0	7,15,9,16,11,3,13,11,12,9	104	75
3161	8,5,3,8,2,4,1,0,3,1	2,5,2,6,10,1,6,5,5,8	5,2,1,3,5,11,5,4,4,6	3,2,6,4,5,4,2,2,3,1	78	75
3162	5,9,15,15,7,12,6,13,17,10	52,51,50,32,50,52,40,41,32,47	7,13,11,12,14,8,14,15,17,13	37,44,48,28,48,44,30,33,37,32	98	75
3163	114,135,137,122,99,129,112,105,119,108	7,10,12,13,11,14,15,10,8,6	130,165,107,114,117,130,120,125,128,142	8,7,16,8,17,11,12,7,12,17	165	75
3164	221,240,245,231,175,225,220,202,231,176	0,1,0,1,1,0,0,1,0,2	215,270,180,205,196,196,198,207,224,231	1,1,0,0,0,0,0,1,1,0	929	75
3165	7,3,2,4,2,0,3,4,4,3	60,56,55,51,41,56,49,41,46,56	3,0,2,1,2,0,6,0,4,2	55,53,42,50,53,51,49,46,44,56	89	75
3166	18,11,25,15,13,17,17,12,33,14	0,0,0,0,0,0,0,0,0,0	12,12,14,14,18,20,12,21,10,22	0,0,0,0,0,0,1,0,0,2	211	75
3167	19,12,26,17,15,17,17,14,34,14	0,1,0,0,0,4,0,3,4,0	12,12,14,15,18,20,12,22,10,22	0,1,0,1,0,0,0,2,0,1	211	75
3168	26,17,19,27,21,16,25,27,32,17	0,0,0,0,0,0,1,0,1,0	7,25,17,23,15,17,21,13,14,19	0,0,0,0,1,0,0,0,0,3	328	75
3169	29,39,28,23,32,33,31,25,27,25	9,3,6,5,5,3,5,5,5,3	17,35,21,26,20,33,22,28,21,13	2,7,1,5,6,2,4,4,4,4	78	75
3170	25,37,26,36,33,25,41,32,34,18	14,16,10,15,7,12,12,11,15,8	24,41,28,36,28,24,20,38,36,38	17,11,14,8,10,9,12,15,7,13	739	75
3172	7,8,17,11,8,15,11,10,8,4	0,0,0,0,1,0,0,0,0,0	12,7,10,10,6,7,14,11,8,3	0,0,0,0,0,0,0,0,0,1	92	75
3173	7,10,20,12,9,18,13,10,10,7	2,2,3,0,2,0,2,3,1,1	15,11,13,13,8,15,18,17,9,5	1,2,4,2,1,3,1,1,4,1	113	75
3174	0,2,3,1,2,3,2,0,2,3	2,2,3,0,2,0,2,3,1,1	3,4,3,3,2,8,4,6,1,3	1,2,4,2,1,3,1,1,4,1	96	75
3175	5,2,0,1,2,4,2,6,6,2	4,3,3,2,0,5,0,4,9,6	3,1,3,2,3,3,4,4,3,4	4,8,1,1,6,4,1,5,5,1	78	75
3176	25,15,18,19,26,25,25,18,21,22	11,9,13,9,8,16,10,12,16,14	11,20,25,12,12,18,18,18,20,24	18,10,14,18,17,19,13,16,11,17	78	75
3177	17,12,7,7,11,5,12,7,11,14	6,4,1,3,8,6,3,5,7,10	15,15,15,12,17,16,14,25,12,15	3,6,5,6,3,4,5,7,5,3	78	75
3178	114,116,149,125,128,121,92,96,100,143	0,0,0,0,0,0,0,0,0,0	108,122,121,101,116,105,97,108,115,113	0,0,0,0,0,0,0,0,1,0	457	75
3179	4,9,6,5,2,5,9,10,4,5	67,55,93,51,63,50,49,48,50,40	6,10,6,6,12,4,5,5,5,8	54,63,45,59,58,67,55,52,37,63	78	75
3182	39,33,49,30,32,28,21,29,31,35	7,11,8,7,4,8,10,5,10,9	36,23,40,28,25,35,48,33,32,30	5,9,6,5,5,6,3,6,6,7	933	75
3189	1,3,2,4,5,0,2,0,2,4	34,55,53,35,49,35,25,38,36,57	3,0,6,5,2,3,3,6,9,5	55,49,27,28,42,38,46,32,57,42	119	75
3191	74,76,48,61,64,63,69,48,53,73	12,10,6,5,6,5,7,5,5,4	56,61,47,50,66,61,57,47,67,60	10,6,2,6,8,5,7,6,10,3	78	75
3192	122,122,149,86,95,127,86,84,86,115	7,19,14,6,10,16,8,9,16,15	140,115,92,113,108,107,97,83,125,107	6,12,7,7,15,12,11,5,15,13	126	75
3193	140,132,146,145,134,170,140,103,139,154	0,0,0,0,0,0,0,0,0,0	143,151,124,148,151,128,146,148,131,158	0,0,0,0,0,0,0,0,0,1	173	75
3195	0,0,0,2,0,1,0,1,0,0	110,113,116,105,118,106,91,79,105,111	0,2,0,1,0,0,0,1,0,0	111,129,95,110,102,131,112,98,107,104	87	75
3196	62,42,68,48,37,39,31,24,47,45	1,0,0,0,0,1,0,0,0,0	43,54,44,39,49,54,41,40,32,35	0,0,1,0,1,0,1,0,0,0	96	75
3197	10,12,13,8,7,4,6,4,9,5	29,37,37,36,42,33,38,27,24,29	9,14,10,9,7,11,6,7,6,8	22,33,41,42,26,32,45,46,28,52	96	75
3198	8,6,5,2,5,6,5,5,4,1	64,49,74,63,58,60,57,37,57,61	8,4,2,9,1,0,3,4,4,3	67,50,65,55,47,53,51,65,55,42	199	75
3199	0,0,2,0,0,0,1,0,0,0	26,22,15,16,17,15,13,9,23,21	0,0,0,0,0,0,0,0,0,0	6,21,10,21,9,24,15,11,11,17	78	75
3201	24,14,29,15,26,15,22,25,20,18	26,9,10,20,15,16,17,10,12,9	22,27,14,14,19,23,29,15,16,16	10,14,17,20,10,22,20,14,15,21	96	75
3202	101,75,95,66,62,91,80,76,89,77	1,3,6,1,1,2,3,2,1,0	76,78,81,78,94,100,77,92,87,86	3,2,2,1,2,2,3,2,1,1	216	75
3203	4,4,0,2,0,0,0,2,0,1	0,0,2,0,0,0,0,0,0,0	0,6,2,2,0,0,1,4,2,0	0,1,0,0,0,0,0,0,0,0	201	75
3204	0,0,0,0,1,0,0,0,0,0	18,12,25,12,12,8,11,12,11,9	0,0,2,0,0,0,0,0,0,0	11,19,5,15,9,23,16,11,8,16	94	75
3205	1,0,0,1,2,1,3,1,3,3	1,0,2,0,0,0,0,0,0,0	1,2,0,2,0,0,1,0,0,4	0,0,0,0,0,1,1,0,0,0	140	75
3208	0,0,2,2,2,0,2,4,0,1	0,0,0,1,0,0,0,0,0,0	2,0,3,0,0,0,1,1,4,4	0,0,0,0,0,0,0,0,0,0	80	75
3209	197,193,171,186,158,196,178,132,141,181	10,12,17,8,11,12,12,9,19,15	197,193,166,189,176,174,169,144,216,176	18,9,7,15,10,12,12,13,8,17	142	75
3215	0,0,0,0,0,0,0,0,1,0	0,0,0,0,0,0,0,0,0,2	0,0,0,0,0,0,0,0,0,0	2,2,2,3,0,0,0,1,0,1	113	75
3216	2,5,4,3,5,5,2,4,6,4	2,0,1,1,4,1,1,3,1,1	8,5,4,6,6,5,6,8,3,7	2,7,0,4,5,3,1,2,3,2	204	75
3217	2,4,2,3,3,4,2,3,6,1	5,1,0,3,0,2,2,3,3,3	5,5,4,4,4,3,5,7,3,5	1,5,1,1,4,4,3,0,2,1	200	75
3218	5,2,2,3,2,3,2,4,3,6	2,0,1,1,4,1,1,3,1,1	4,5,1,3,6,6,4,1,2,3	2,7,0,4,5,3,1,2,3,2	79	75
3219	68,59,45,52,53,40,46,19,49,58	1,8,1,2,2,2,2,3,4,3	55,50,50,45,46,50,40,43,48,48	4,1,4,4,2,3,3,4,0,2	130	75
3220	1,0,0,2,0,3,0,1,0,3	48,49,48,35,50,52,46,34,34,53	0,1,3,1,2,3,1,1,0,0	56,48,30,41,40,36,44,33,57,35	139	75
3221	2,0,3,4,1,3,0,1,1,3	41,35,37,34,43,30,31,33,47,43	0,0,3,3,3,2,1,1,2,0	41,40,35,40,39,39,35,29,42,34	139	75
3222	21,19,32,19,26,14,20,18,12,23	2,0,0,0,0,0,0,0,0,2	17,18,12,15,11,15,15,10,13,15	1,0,0,0,0,1,0,0,0,1	194	75
3223	6,4,10,1,4,1,6,7,6,6	1,0,1,1,2,1,2,2,0,0	4,6,2,4,1,3,2,10,1,2	0,0,2,0,0,0,0,1,0,1	319	75
3225	0,0,0,1,1,0,0,0,0,0	17,13,8,10,14,10,19,14,10,11	0,0,0,0,0,0,0,0,0,0	15,12,12,7,5,14,13,12,12,10	155	75
3226	13,13,16,8,9,17,10,10,11,16	1,0,0,0,0,0,1,0,0,0	5,4,14,9,7,7,8,6,2,6	0,0,0,0,0,0,0,0,0,0	78	75
3227	10,13,14,15,15,7,12,9,8,16	1,0,0,0,0,0,0,0,0,0	13,18,21,7,11,16,11,15,22,14	0,0,0,0,0,0,0,0,0,0	90	75
3228	49,62,66,80,68,56,54,50,45,76	98,96,107,91,99,76,104,81,84,86	44,67,76,45,62,70,66,62,62,68	90,98,116,80,90,109,117,77,89,94	90	75
3229	35,24,23,24,33,37,38,25,43,22	0,0,0,1,0,1,0,0,0,0	24,27,25,28,25,24,37,29,20,20	0,0,0,0,0,1,0,0,0,0	88	75
3230	3,4,4,5,4,2,8,2,9,4	0,0,0,1,0,1,0,0,0,0	2,4,4,3,4,1,7,2,1,2	0,0,0,0,0,1,0,0,0,0	126	75
3231	0,1,0,0,0,0,0,0,0,1	32,21,19,19,29,35,30,23,34,19	0,0,0,0,0,0,0,0,0,0	22,23,21,25,21,23,30,27,19,18	113	75
3232	3,1,2,0,1,1,0,3,0,0	0,1,0,0,0,0,0,1,0,0	0,0,0,1,0,0,0,2,0,2	2,0,0,1,0,1,1,0,0,0	309	75
3233	5,6,2,4,5,6,5,2,4,4	0,0,0,0,0,0,0,0,0,0	6,8,4,7,8,4,6,4,7,2	0,0,0,0,0,0,1,0,0,0	179	75
3234	33,38,44,31,30,45,24,36,31,24	4,5,3,2,5,4,1,4,1,1	24,33,36,32,32,31,33,50,36,28	3,6,1,4,5,1,3,4,2,5	136	75
3235	36,37,35,30,35,39,22,29,31,18	0,0,0,0,0,0,0,0,0,0	32,30,22,26,33,19,33,31,36,33	0,1,0,1,1,0,0,0,0,0	368	75
3236	208,198,230,183,178,165,184,156,159,196	54,65,56,49,40,57,46,28,50,42	203,191,181,181,193,193,175,198,184,188	52,38,38,58,42,54,38,54,47,45	78	75
3237	383,406,420,366,344,376,369,290,342,307	0,0,0,0,0,0,0,1,0,0	378,409,322,279,347,395,384,365,350,375	0,0,0,0,0,0,0,0,0,1	6803	75
3275	35,36,37,43,27,30,23,28,33,31	0,1,2,3,0,5,2,0,2,2	27,38,25,30,38,39,52,29,32,30	0,3,2,3,6,2,4,3,2,2	84	75
3276	35,36,37,35,29,26,20,29,17,32	5,7,1,8,6,8,7,6,5,4	30,16,27,24,27,28,40,28,29,37	12,8,5,5,6,7,11,8,13,7	109	75
3278	0,0,1,0,0,0,0,0,0,0	9,7,9,7,4,4,5,5,5,2	0,0,0,0,0,0,0,1,1,0	3,3,4,3,3,4,5,6,7,8	81	75
3280	542,500,580,483,471,528,458,408,492,517	3,2,2,3,0,2,1,2,2,3	510,531,477,472,541,506,471,473,474,485	1,2,2,2,1,5,5,1,2,1	331	75
3282	230,286,245,243,216,205,201,186,246,243	0,1,0,0,0,0,0,0,0,0	199,258,223,253,256,278,219,234,225,211	0,0,0,1,0,0,0,0,0,0	80	75
3283	95,102,74,81,71,60,71,69,65,80	12,5,12,9,11,8,6,10,13,10	77,86,67,74,85,100,89,82,83,66	7,8,6,7,8,6,3,4,5,5	78	75
3284	13,17,25,11,22,8,16,14,13,21	85,60,84,71,46,70,59,71,75,61	17,14,9,14,14,11,14,16,16,13	72,55,72,75,67,68,68,51,77,55	90	75
3290	12,11,7,9,8,19,6,4,10,5	4,3,1,1,1,0,2,2,1,1	9,20,11,9,13,4,12,11,13,8	4,0,4,2,3,2,3,0,2,1	78	75
3291	36,37,32,37,25,43,30,30,27,30	0,0,0,0,0,1,0,2,1,0	32,31,26,40,27,32,36,29,33,38	1,1,2,0,1,1,0,2,0,0	107	75
3292	32,46,39,44,25,48,33,31,30,31	0,0,0,1,0,0,0,0,0,0	35,39,49,41,31,41,42,26,29,33	0,2,0,1,0,0,0,1,1,0	113	75
3293	5,11,4,8,12,13,5,4,8,10	0,1,0,0,0,0,0,2,0,1	7,10,8,11,12,8,12,10,6,7	0,0,0,0,0,0,0,0,0,0	79	75
3294	4,0,4,2,2,4,2,0,4,3	59,48,43,42,39,48,35,43,38,47	1,2,3,2,3,5,9,6,2,5	36,43,31,42,39,38,52,56,47,47	162	75
3295	17,22,16,31,17,17,26,23,8,16	0,0,0,0,0,0,0,0,0,0	24,27,29,17,12,20,16,18,20,17	0,0,0,0,0,0,1,0,0,0	91	75
3296	33,21,29,26,28,28,19,23,26,20	31,49,46,43,33,43,39,43,37,48	31,26,19,14,24,24,25,17,31,15	47,58,40,40,31,41,45,33,36,41	102	75
3297	56,47,52,50,41,44,52,41,44,37	2,2,1,3,3,3,3,1,0,5	38,47,31,52,46,47,51,44,52,48	6,1,0,2,0,2,2,2,3,5	255	75
3298	1,0,0,1,0,0,0,3,2,1	2,1,0,0,1,2,1,1,0,0	0,0,1,1,1,1,0,0,1,0	0,0,0,2,0,0,0,0,1,2	80	75
3304	433,368,384,173,308,195,241,232,382,347	0,0,0,0,0,0,0,0,0,0	330,358,227,252,277,292,328,213,290,339	0,0,0,1,0,0,0,0,0,0	411	75
3305	128,118,101,97,102,124,106,97,110,125	0,0,0,0,0,0,0,0,2,0	111,112,117,123,107,126,119,110,106,97	0,0,0,0,0,0,0,0,0,0	78	75
3306	26,30,26,23,16,30,22,20,25,29	67,79,65,73,61,67,39,69,82,63	32,20,14,29,26,24,23,23,24,22	72,73,61,54,58,62,79,93,81,45	78	75
3307	1,1,2,0,1,1,0,1,1,0	98,98,90,72,87,84,61,69,84,86	0,3,0,1,1,3,0,1,2,0	85,68,84,99,85,72,75,71,80,69	87	75
3309	3,0,0,0,0,0,0,0,0,0	1,0,0,0,0,0,0,0,0,0	0,0,0,0,0,0,0,0,0,1	0,0,0,0,0,0,0,0,0,0	105	75
3310	3,2,2,3,3,4,2,1,3,4	13,10,11,9,11,8,15,5,3,9	2,1,3,2,3,5,2,2,2,3	19,7,6,11,6,4,6,7,14,5	147	75
3313	2,1,0,0,0,1,4,1,0,0	5,0,0,0,0,0,0,3,0,1	0,0,2,0,2,1,1,2,1,1	1,2,0,0,0,0,2,1,4,2	265	75
3314	1,2,0,0,0,1,0,0,0,0	13,4,12,6,3,7,3,13,5,3	1,0,0,2,0,0,1,0,0,1	3,12,5,10,9,8,14,4,3,13	232	75
3315	3,1,2,1,1,3,0,2,0,0	0,0,1,0,0,0,0,0,0,0	0,2,1,1,1,1,0,1,1,0	0,0,0,0,0,1,0,0,0,0	102	75
3316	5,1,1,2,4,2,1,3,0,5	0,0,0,0,0,1,0,0,1,0	0,2,2,4,2,6,1,2,2,1	1,2,0,0,0,0,0,0,0,1	78	75
3317	20,14,12,15,19,17,13,20,12,13	7,5,4,2,7,4,4,5,6,8	22,25,13,15,23,19,18,12,10,15	8,5,4,7,6,11,9,4,2,3	78	75
3318	67,51,48,50,56,42,38,47,52,73	0,0,0,0,1,0,1,0,0,1	45,74,57,39,40,55,39,37,31,39	4,2,2,0,1,2,0,2,1,0	117	75
3319	16,16,12,8,10,9,12,10,11,6	0,1,2,0,0,1,2,0,1,4	9,23,7,8,11,14,10,19,8,10	1,0,1,0,0,1,0,1,0,0	94	75
3321	1,3,0,0,0,0,0,1,2,3	23,14,22,7,19,4,9,18,16,21	0,3,0,0,1,1,0,0,0,0	10,26,10,13,11,20,18,13,8,5	86	75
3322	41,38,44,38,36,41,27,40,31,39	18,7,11,9,6,12,7,9,9,10	35,42,41,34,35,41,34,36,32,37	5,14,6,13,10,9,6,10,4,10	129	75
3323	20,23,26,19,24,23,34,16,14,25	141,108,103,127,128,123,134,134,121,129	23,19,29,28,27,20,22,18,28,29	113,128,133,127,132,167,127,142,145,186	78	75
3324	12,8,11,11,3,11,11,9,5,6	0,0,0,0,0,0,0,0,0,0	15,10,5,8,11,3,9,6,3,1	0,1,0,0,0,0,0,0,0,0	85	75
3325	2,3,1,4,5,4,2,4,5,4	26,15,21,11,21,19,19,18,13,11	5,4,5,6,2,5,4,2,1,2	18,8,17,11,21,16,15,10,13,11	90	75
3326	0,2,0,0,0,1,2,0,2,0	0,0,0,0,0,0,0,0,0,1	1,1,1,0,0,3,0,2,1,2	0,0,0,0,0,0,0,0,0,0	78	75
3327	0,6,3,2,4,3,7,3,7,10	0,0,1,0,1,0,1,0,1,1	6,2,7,5,2,6,1,2,1,2	1,0,0,0,0,0,0,1,0,0	78	75
3328	4,1,3,5,0,0,2,4,1,4	5,2,2,4,1,4,3,4,1,1	3,1,1,6,3,5,4,1,0,5	2,2,2,1,4,5,7,2,1,4	78	75
3329	3,8,5,5,2,3,9,6,4,6	1,0,1,1,0,0,1,0,0,0	9,9,4,10,2,4,4,4,3,5	0,0,2,1,0,0,0,1,0,1	170	75
3330	12,12,10,10,4,9,12,10,6,7	38,35,16,17,12,33,20,17,17,24	12,14,7,14,5,6,7,12,10,8	26,25,15,18,14,23,19,10,18,18	170	75
3331	0,0,0,0,1,0,0,1,0,0	6,7,15,9,13,6,3,11,4,11	0,1,0,1,0,0,0,0,0,0	5,7,11,6,8,14,10,17,15,3	127	75
3332	0,0,0,1,1,0,0,1,0,0	46,42,43,37,41,58,47,46,35,49	1,1,0,1,1,0,0,0,0,0	45,56,46,44,46,29,38,44,42,49	130	75
3333	6,7,15,10,13,6,3,11,4,11	46,42,43,37,41,58,47,46,35,49	6,7,11,6,9,14,10,17,15,3	45,56,46,44,46,29,38,44,42,49	78	75
3334	101,92,74,86,87,103,78,71,81,77	0,0,0,0,0,1,0,0,0,0	81,95,71,91,66,67,80,85,84,79	1,0,0,0,0,0,0,0,0,0	1583	75
3335	36,47,33,35,35,31,40,28,26,44	0,0,0,0,0,0,0,0,0,0	28,50,39,39,45,42,43,42,35,53	0,0,0,0,0,0,0,1,1,0	93	75
3336	71,90,60,71,69,70,66,58,72,64	3,2,4,2,0,3,0,1,0,1	71,67,64,67,48,67,67,63,56,53	6,1,4,2,5,4,2,2,3,4	112	75
3337	0,0,0,0,0,0,0,1,0,1	16,15,16,12,15,11,26,12,19,16	0,0,0,0,0,0,0,1,0,0	21,24,20,13,14,12,28,22,15,15	101	75
3338	12,5,10,1,1,3,3,3,4,1	0,0,2,0,0,0,1,0,1,0	6,6,5,5,4,3,3,3,3,3	0,1,0,0,1,0,1,1,0,0	105	75
3339	4,1,5,0,1,2,1,2,2,1	0,0,0,0,0,0,0,1,0,0	3,3,1,4,2,0,2,3,2,2	0,0,0,0,0,0,0,0,0,0	105	75
3340	2,0,0,0,0,0,1,1,5,6	18,25,16,17,13,22,17,13,15,17	0,0,0,1,0,5,2,3,4,6	16,20,26,22,16,13,18,20,24,23	100	75
3341	31,19,21,21,14,18,12,16,12,13	25,27,24,19,15,18,18,13,14,19	15,20,15,18,20,23,24,21,25,16	14,28,10,33,21,15,13,23,21,25	78	75
3343	1,0,0,0,0,0,0,0,0,0	2,2,2,0,1,0,0,1,0,0	0,0,0,0,1,2,0,0,0,0	0,2,2,1,0,2,0,1,2,0	94	75
3344	0,0,0,0,0,0,0,0,0,0	6,1,4,2,1,3,1,3,1,4	0,0,1,0,0,0,0,0,0,0	0,1,2,2,4,3,4,4,0,1	94	75
3346	1,0,0,1,2,0,3,2,0,0	0,0,0,0,0,0,0,0,1,0	2,3,0,0,5,0,0,1,4,1	0,0,0,0,0,0,0,0,0,0	91	75
3348	7,14,7,6,6,11,12,18,14,17	0,1,1,2,7,4,3,2,2,2	11,2,10,19,12,11,14,6,8,19	6,4,0,1,2,1,4,1,4,0	102	75
3349	37,43,44,35,38,49,42,45,33,45	3,1,2,2,2,4,4,2,1,9	29,23,44,53,44,30,44,29,35,47	5,4,3,1,3,3,2,2,3,4	102	75
3350	13,13,10,10,10,8,13,6,4,7	0,0,0,0,3,0,0,0,0,0	7,15,7,4,4,10,10,5,11,11	0,0,0,0,0,0,0,0,0,0	91	75
3354	185,152,177,162,163,124,168,147,153,131	5,6,12,9,5,6,7,8,7,2	146,183,170,145,168,176,163,139,179,149	7,2,5,2,3,2,6,8,7,6	276	75
3355	64,83,62,47,58,64,47,61,81,56	27,18,14,9,12,16,14,16,18,19	73,58,67,81,62,71,67,63,82,47	13,30,13,14,18,22,27,20,10,18	123	75
3356	20,20,22,13,12,21,18,22,23,24	35,34,37,27,30,32,33,37,52,31	13,25,19,12,8,25,28,25,26,9	38,44,25,45,37,35,52,29,38,26	135	75
3357	4,3,12,3,13,8,6,7,2,7	48,40,60,40,36,49,36,36,48,45	2,7,3,7,5,7,5,2,3,7	35,56,37,53,62,39,41,44,46,37	93	75
3358	0,0,0,0,0,0,0,0,0,0	1,1,2,3,1,3,3,0,2,3	0,0,0,0,0,1,0,0,2,0	1,2,1,5,2,3,1,1,0,2	139	75
3359	20,13,22,12,19,11,15,12,10,16	3,1,2,1,5,1,2,4,2,1	11,6,11,20,11,11,18,16,15,15	1,3,4,7,1,10,9,2,4,3	678	75
3360	239,153,201,182,174,124,137,186,177,198	3,3,3,2,1,6,3,1,1,2	157,246,184,182,169,220,207,164,180,199	6,1,5,3,0,7,2,2,3,4	116	75
3361	18,15,17,9,8,10,11,12,12,17	1,1,2,1,0,1,1,0,1,0	8,24,12,8,15,20,17,14,12,12	0,1,0,0,0,0,0,0,0,0	137	75
3362	25,18,26,14,19,9,15,18,29,22	0,0,0,1,0,1,1,0,0,0	12,22,13,17,15,22,14,16,12,17	0,0,0,0,0,0,0,1,0,0	83	75
3363	0,0,0,0,0,0,2,0,1,0	0,0,0,0,0,0,0,0,0,1	0,0,0,1,0,0,0,0,0,0	0,1,0,0,0,0,0,0,0,0	78	75
3364	7,3,5,3,3,0,3,2,0,1	32,25,31,21,18,22,17,16,16,22	4,3,2,8,9,5,4,6,2,3	20,18,18,25,17,21,29,10,19,18	78	75
3365	56,58,72,55,45,55,59,47,57,45	24,20,9,16,24,17,18,19,19,16	49,76,43,53,61,62,69,47,43,63	20,13,27,23,12,13,19,22,22,15	2769	75
3366	15,24,20,24,13,12,23,15,8,25	1,2,0,0,0,0,0,1,0,0	16,29,13,12,18,21,10,19,13,9	0,0,0,1,0,1,0,0,0,0	81	75
3367	36,31,32,37,44,29,26,21,40,41	6,0,3,8,3,5,5,1,9,6	27,43,43,42,37,41,43,33,38,28	5,8,5,4,7,5,1,5,3,8	98	75
3369	32,23,27,42,34,11,36,34,54,32	0,0,0,0,0,0,0,1,0,0	27,40,23,38,39,31,29,22,28,17	0,0,0,0,0,0,0,0,0,0	241	75
3370	8,11,9,11,9,15,22,4,12,14	0,1,2,0,0,0,0,1,0,0	10,11,3,5,16,10,13,10,4,5	0,0,0,0,0,0,1,0,0,0	147	75
3371	0,0,0,0,1,0,0,0,0,0	3,2,3,2,2,5,5,1,5,0	0,0,0,0,0,0,0,0,0,0	1,5,1,5,2,5,5,1,3,3	123	75
3373	2,7,0,2,1,0,1,1,1,1	4,1,1,3,1,1,1,0,4,0	2,0,3,2,3,2,2,0,3,0	0,1,2,1,0,1,0,0,1,2	78	75
3374	2,0,3,2,1,2,1,1,3,3	1,2,2,0,2,2,2,2,3,3	1,3,5,3,4,3,1,4,2,0	2,3,0,1,0,1,4,1,1,4	78	75
3376	32,25,27,27,21,19,15,24,24,31	0,1,0,0,0,0,0,1,0,0	13,38,26,22,17,18,18,25,14,21	0,1,2,1,1,1,0,0,0,0	78	75
3377	56,51,55,55,52,41,45,56,53,57	15,12,20,16,10,15,12,8,11,14	47,62,55,47,59,51,50,44,55,48	15,26,9,12,15,13,16,13,13,10	402	75
3378	5,3,1,1,0,3,5,1,3,4	0,0,0,0,0,0,0,0,0,0	3,3,1,5,4,3,3,2,1,1	0,0,0,0,0,0,0,0,1,0	78	75
3379	2,0,7,3,2,5,3,3,3,7	3,1,0,0,2,5,0,3,1,0	4,5,2,3,3,4,4,4,4,3	1,1,2,0,1,0,0,0,1,1	234	75
3380	24,15,18,12,21,26,12,14,14,22	0,1,0,0,0,0,0,0,1,0	17,13,16,17,9,22,21,22,13,19	1,0,0,0,0,0,0,1,0,1	130	75
3381	90,80,102,67,68,76,69,97,80,84	0,0,0,0,0,0,0,0,0,0	66,69,60,94,86,84,83,73,57,64	2,0,0,0,0,0,0,0,0,0	1432	75
3382	102,102,100,101,76,98,72,88,104,104	0,0,0,0,0,0,0,0,0,0	67,120,98,101,87,93,99,85,73,115	1,0,0,0,0,0,0,0,0,0	394	75
3383	1,1,4,1,0,4,2,1,2,1	2,0,0,0,0,0,0,0,0,0	0,2,2,0,1,0,3,0,0,1	0,0,1,0,1,0,0,0,0,0	80	75
3384	0,1,0,1,0,1,0,0,0,2	0,1,2,1,0,2,0,1,2,2	0,0,0,0,1,0,2,0,0,0	1,0,1,1,0,0,0,0,0,2	119	75
3387	7,6,9,11,20,12,13,8,5,15	3,4,2,1,3,2,1,1,2,2	17,14,7,11,7,16,10,12,14,8	1,4,2,7,0,1,2,3,4,3	78	75
3388	38,34,46,34,36,47,41,45,38,45	4,4,4,4,6,4,5,1,8,6	40,40,42,44,48,26,33,38,36,34	4,7,4,6,9,8,7,2,3,6	126	75
3389	2,3,0,6,0,1,2,0,1,3	57,52,45,49,49,48,31,48,52,61	2,2,0,3,0,0,0,3,1,3	54,45,43,53,77,49,48,41,47,49	107	75
3390	68,62,52,41,46,54,41,35,46,37	0,1,1,0,0,0,0,0,0,0	43,44,39,39,43,34,35,37,43,38	0,0,0,0,0,0,0,0,0,0	306	75
3391	34,29,27,27,29,25,35,17,27,39	2,1,4,2,5,1,2,1,5,1	26,30,23,24,24,17,29,39,28,28	3,3,0,2,3,1,1,1,7,4	122	75
3392	0,1,9,3,4,4,3,1,1,2	1,1,2,0,0,0,0,0,0,0	4,1,0,3,1,0,3,5,5,1	1,0,1,2,2,2,1,0,0,0	127	75
3393	2,0,0,0,0,0,0,0,0,0	0,0,0,0,0,0,0,0,0,0	0,0,0,0,0,0,0,0,0,0	0,0,0,1,0,0,0,0,0,0	99	75
3394	98,120,89,99,82,101,78,82,88,74	0,0,0,0,0,0,0,0,0,0	87,100,84,91,95,101,90,88,92,98	0,0,0,0,0,0,0,1,0,0	116	75
3395	14,9,7,12,9,13,10,11,10,10	0,0,0,0,2,0,0,0,0,0	10,14,8,11,8,28,8,14,12,7	0,0,0,0,0,0,0,0,0,0	163	75
3396	4,4,3,2,8,2,8,3,4,4	2,0,5,1,1,1,2,0,2,2	7,0,4,5,8,2,2,11,6,3	1,2,2,1,0,2,1,3,2,1	87	75
3397	26,19,23,19,20,23,16,21,15,20	2,0,5,1,1,1,2,0,2,2	17,15,16,27,16,16,25,38,22,34	1,2,2,1,0,2,1,3,2,1	93	75
3398	23,16,20,17,14,21,9,19,11,17	1,1,0,0,2,0,1,1,0,1	10,15,14,23,9,14,23,29,16,31	0,0,2,1,1,0,0,2,0,0	81	75
3399	1,1,0,1,7,2,0,2,3,2	4,1,1,0,2,1,1,4,4,0	1,6,2,6,3,2,3,2,2,4	7,0,3,4,0,1,3,2,2,3	78	75
3400	10,3,13,5,5,8,8,7,11,11	0,0,0,0,0,0,0,1,0,0	11,12,5,7,8,10,9,9,8,9	0,0,0,0,0,0,0,0,0,0	78	75
3401	0,3,3,2,1,0,2,1,0,1	6,11,10,10,9,7,4,7,7,9	2,3,1,1,1,0,0,0,0,1	8,8,6,6,7,8,9,9,11,12	78	75
3403	138,105,158,129,122,127,95,114,116,103	1,0,2,0,0,0,0,0,0,0	129,138,134,107,144,138,122,113,129,124	0,0,0,0,0,0,0,0,0,0	281	75
3408	15,16,11,13,16,19,22,15,9,15	0,0,0,0,0,0,0,0,2,0	24,21,16,15,10,14,17,16,22,23	0,0,0,0,0,0,0,0,0,2	1439	75
3409	0,4,1,3,0,6,1,0,0,0	46,40,45,25,39,34,30,41,49,31	1,2,0,0,0,0,1,1,0,1	28,34,28,42,26,42,58,27,30,26	79	75
3410	96,98,106,73,103,123,78,104,112,97	0,2,0,0,0,0,1,0,0,1	97,86,60,100,99,65,102,86,57,99	0,0,0,0,1,0,0,0,0,0	296	75
3411	2,1,0,0,0,0,0,3,1,0	50,44,43,38,37,37,41,35,48,44	2,2,0,4,1,1,1,1,0,0	44,41,61,42,49,43,44,56,47,51	104	75
3412	0,3,0,1,0,0,0,1,1,0	1,2,2,4,1,5,4,0,1,2	0,1,0,0,1,0,0,0,0,1	1,11,1,1,5,1,2,1,3,2	78	75
3414	46,34,27,26,25,27,32,27,27,29	39,55,42,37,26,39,56,42,52,39	32,29,34,39,32,35,39,31,29,16	39,42,42,36,32,57,44,57,49,22	78	75
3415	46,54,39,33,42,35,41,31,51,29	39,55,42,37,26,39,56,42,52,39	43,40,50,40,37,46,56,46,45,38	39,42,42,36,32,57,44,57,49,22	81	75
3416	44,54,39,32,42,35,41,31,51,29	44,34,27,25,25,27,32,27,27,29	43,40,50,40,37,46,56,46,45,37	32,29,34,39,32,35,39,31,29,15	78	75
3418	0,1,5,0,5,3,1,2,3,1	0,0,0,1,0,0,2,2,1,0	4,2,1,1,0,1,0,2,2,4	0,1,0,0,0,1,0,1,0,0	82	75
3421	6,6,4,2,6,2,4,5,5,1	65,77,78,87,70,86,76,73,66,75	4,9,0,1,3,10,6,2,3,7	67,80,60,72,66,80,71,65,79,62	126	75
3422	6,8,6,2,6,4,5,7,7,2	65,77,78,87,70,86,76,73,66,75	6,10,1,2,4,14,6,2,5,11	67,80,60,72,66,80,71,65,79,62	157	75
3423	0,2,2,0,0,2,1,2,2,1	0,0,0,0,0,0,0,0,0,0	2,2,1,1,1,4,1,0,2,4	0,1,0,0,0,0,1,0,0,0	106	75
3425	40,43,38,46,39,43,49,27,33,36	2,0,0,1,0,2,0,1,0,4	37,59,31,38,28,36,46,25,30,38	0,2,0,1,0,0,0,0,0,2	80	75
3426	13,10,15,14,19,11,17,16,13,17	0,1,2,0,0,0,0,2,1,1	17,14,16,16,17,15,17,17,19,19	0,1,0,0,0,1,1,1,0,0	78	75
3427	58,33,46,45,46,31,44,44,41,37	0,2,0,0,0,0,0,0,4,1	37,47,39,37,26,46,33,33,40,42	0,1,2,0,0,0,1,1,1,1	724	75
3428	73,47,69,66,64,48,61,55,55,45	38,31,40,22,46,31,36,28,26,30	50,63,54,57,37,53,44,50,51,60	19,43,32,37,34,37,42,38,32,34	894	75
3429	15,16,23,21,18,17,17,11,18,9	38,31,40,22,46,31,36,28,26,30	13,17,17,20,11,7,12,18,12,19	19,43,32,37,34,37,42,38,32,34	245	75
3430	2,6,2,4,4,9,5,5,5,2	2,3,3,1,0,2,0,1,2,3	2,2,3,3,2,4,0,4,8,2	1,2,1,0,1,0,1,0,1,1	78	75
3431	15,14,23,22,18,18,20,11,15,8	10,7,12,5,11,5,12,15,9,13	13,16,15,20,12,7,14,17,12,18	13,12,14,16,10,12,11,10,17,16	245	75
3432	76,59,83,70,58,52,85,63,68,80	0,0,0,0,0,0,0,0,0,0	70,80,67,59,66,69,74,74,68,66	0,1,0,1,0,0,0,0,0,0	440	75
3433	77,63,85,73,59,56,87,64,71,82	0,0,0,0,0,0,0,0,0,0	71,82,69,59,67,70,74,75,73,67	0,0,0,0,0,1,0,0,0,0	443	75
3434	1,4,2,3,1,4,2,1,3,2	0,0,0,0,0,0,0,0,0,0	1,3,2,1,1,1,0,1,5,1	0,0,0,0,0,1,0,0,0,0	78	75
3435	33,38,37,29,42,39,21,21,39,26	25,12,30,21,23,21,28,18,24,21	26,50,29,32,28,31,39,31,26,32	24,16,26,17,28,18,24,10,19,21	78	75
3436	14,8,8,12,18,12,11,10,7,12	70,86,78,66,71,82,49,63,51,74	12,14,10,9,9,9,10,19,7,7	74,70,73,76,73,90,81,65,53,67	108	75
3437	15,16,18,15,16,18,13,16,11,11	65,57,92,74,62,68,67,80,65,69	17,22,15,10,17,28,10,13,25,11	68,55,65,60,78,93,59,66,56,37	96	75
3438	95,83,94,82,89,78,61,71,64,77	52,45,64,59,40,47,35,40,51,35	87,87,75,80,87,98,87,86,72,62	45,48,41,41,41,40,43,53,50,40	114	75
3439	247,232,254,203,222,264,217,232,233,221	0,0,0,0,0,1,1,0,0,0	216,262,241,233,267,253,228,236,258,223	0,0,1,0,0,0,1,0,0,1	340	75
3440	102,83,86,88,86,80,88,87,74,89	0,0,1,0,1,0,1,0,0,0	96,72,88,105,96,75,99,86,78,89	0,0,0,0,0,0,0,0,0,0	788	75
3441	2,6,5,5,3,3,4,5,2,5	27,38,47,34,47,37,31,35,34,29	2,7,3,6,4,3,8,1,5,2	30,31,30,26,30,39,34,28,35,25	166	75
3442	53,59,49,51,61,54,50,45,32,54	0,0,0,0,1,1,0,0,1,0	45,47,54,50,45,40,64,54,45,49	0,0,1,0,0,0,0,0,0,0	192	75
3443	64,67,62,58,70,68,68,51,40,62	0,0,2,0,0,0,0,0,0,0	55,58,60,61,54,50,77,60,60,56	0,0,0,0,0,0,0,0,0,0	192	75
3444	1,2,0,0,0,0,0,0,1,0	0,1,0,1,0,0,1,0,0,0	0,0,0,0,2,0,0,0,0,0	0,0,0,0,0,0,0,0,0,0	159	75
3445	37,23,29,20,34,26,23,26,37,18	0,0,0,0,0,0,0,0,0,1	19,35,22,32,20,35,18,35,39,27	0,0,0,0,0,0,0,0,0,0	414	75
3446	17,14,8,10,11,3,5,11,18,16	2,0,0,1,5,0,2,2,1,1	17,16,15,13,6,8,13,17,9,7	1,0,0,1,2,1,0,2,4,2	77	75
3447	0,0,1,0,0,1,0,0,1,0	3,2,1,1,2,0,2,3,1,0	0,1,1,0,0,0,0,0,0,0	2,0,1,3,0,2,0,4,1,4	80	75
3448	5,4,6,6,2,8,6,6,6,4	9,3,2,4,5,6,3,5,2,2	9,5,2,3,5,4,2,7,5,10	0,4,6,1,4,6,0,0,1,3	78	75
3449	0,0,1,0,0,0,0,1,0,1	0,0,0,0,0,0,0,0,0,0	1,2,0,0,0,1,1,1,0,1	0,0,0,0,0,0,0,0,0,1	145	75
3450	1,1,0,0,1,0,0,1,0,1	5,4,9,8,11,6,7,3,10,15	0,0,1,0,0,0,0,0,0,1	10,7,6,4,5,9,3,10,10,5	96	75
3451	4,8,6,3,4,6,6,5,3,5	0,0,0,0,0,0,0,0,0,0	8,3,8,10,4,6,10,9,6,2	0,0,0,1,0,0,0,0,0,0	174	75
3455	32,27,28,12,22,17,19,16,32,27	20,29,37,22,26,36,30,28,36,32	24,14,20,28,27,12,22,19,25,23	28,39,36,32,41,40,28,27,38,31	78	75
3456	59,58,70,40,48,48,42,43,40,47	20,33,34,14,26,22,20,23,23,24	54,59,45,35,61,52,50,51,40,38	26,44,17,28,28,28,33,20,23,20	78	75
3457	160,157,202,166,142,172,120,132,163,162	3,5,3,5,6,3,0,5,5,1	168,189,176,172,204,203,165,182,192,114	2,1,6,5,1,9,3,1,4,2	78	75
3458	2,4,3,1,0,2,0,3,4,4	0,1,2,0,0,1,0,0,0,4	1,4,0,2,0,1,3,3,3,2	0,1,0,0,1,0,0,0,1,0	78	75
3459	13,20,13,13,4,16,9,13,13,18	0,0,0,0,0,1,0,1,0,0	10,12,15,11,14,11,15,10,17,10	0,0,0,1,0,0,0,0,0,0	109	75
3460	0,0,0,0,0,0,1,0,0,0	3,0,1,6,3,0,6,1,1,1	1,0,0,0,0,1,2,0,0,1	0,1,1,4,1,2,2,3,2,2	131	75
3461	15,8,16,17,25,15,14,20,19,19	1,1,0,1,3,0,1,1,1,2	9,21,19,15,17,18,24,10,15,16	0,0,0,2,3,3,0,1,2,1	99	75
3462	35,48,18,24,20,27,24,28,27,32	0,0,1,0,1,0,1,0,0,0	23,40,34,20,25,31,32,29,22,21	0,1,0,1,0,0,0,0,0,0	441	75
3464	14,19,8,15,16,12,15,12,18,9	13,23,16,16,13,18,9,15,8,17	17,14,9,6,16,10,14,8,16,10	17,13,11,7,13,14,12,11,11,17	191	75
3465	1,0,0,2,0,1,2,0,0,1	0,1,0,0,0,0,0,0,0,0	0,0,0,0,0,0,0,0,1,0	2,0,0,0,0,0,2,0,1,0	78	75
3466	0,0,1,0,0,0,0,0,0,0	144,97,136,129,100,89,121,129,130,112	0,1,0,0,0,0,0,0,0,0	121,167,109,96,100,134,119,96,103,99	91	75
3467	171,167,176,187,168,202,156,180,181,193	0,0,0,0,0,0,0,0,0,0	170,239,159,175,168,208,209,185,168,203	1,0,0,0,0,1,0,1,0,0	3108	75
3468	22,32,26,23,31,24,25,25,22,32	0,0,0,0,0,0,0,0,0,2	29,28,30,31,24,23,34,28,34,39	0,0,0,0,0,0,0,0,0,0	174	75
3469	100,104,126,122,89,97,98,89,97,112	1,0,0,0,0,1,0,1,0,0	108,129,92,109,117,102,114,109,118,82	0,0,1,1,0,1,0,0,1,0	152	75
3470	0,0,0,0,0,0,1,0,0,0	0,0,0,0,1,0,0,0,0,0	0,0,0,0,0,0,0,1,0,0	0,0,0,0,0,0,0,0,0,0	106	75
3473	0,0,0,0,0,0,0,0,0,0	0,0,0,0,0,0,0,0,0,1	0,1,0,0,0,0,1,0,0,0	0,0,0,0,0,0,0,0,0,0	162	75
3476	6,10,14,10,4,8,6,2,4,9	50,48,56,48,47,46,32,42,34,42	8,9,7,8,5,11,10,11,8,15	42,50,44,39,37,25,48,31,21,46	117	75
3481	18,8,8,10,16,18,6,10,4,20	3,1,0,1,1,1,0,2,3,1	18,20,14,14,17,23,10,16,9,16	3,3,1,2,3,5,4,0,5,1	82	75
3482	0,0,0,0,0,0,1,0,1,0	12,29,37,19,32,26,22,39,29,34	0,1,0,0,0,0,0,0,0,1	22,18,17,21,27,16,12,24,35,11	214	75
3483	1,0,2,1,0,0,2,0,1,2	36,21,19,19,22,22,17,20,25,30	2,1,0,1,1,0,0,1,0,0	27,23,16,23,20,18,21,18,10,21	250	75
3484	4,3,4,6,3,3,2,2,2,3	28,21,21,17,13,14,10,15,17,14	4,6,3,4,10,5,3,3,3,6	20,9,15,13,16,7,19,18,12,14	78	75
3485	136,129,157,88,129,112,102,101,95,117	2,0,0,3,1,0,1,1,1,1	100,142,103,102,105,103,107,115,101,119	4,1,0,0,1,1,1,0,3,1	166	75
3486	6,6,3,4,9,7,3,3,3,6	63,57,42,39,51,46,45,33,49,43	1,11,9,4,3,2,7,9,5,2	49,56,49,35,47,57,36,39,41,33	174	75
3487	50,46,45,44,49,53,46,35,38,49	0,0,0,0,1,0,0,0,0,0	41,63,48,42,42,35,49,37,42,45	0,0,1,0,0,0,0,0,0,0	377	75
3488	18,14,15,15,8,13,11,9,13,9	1,1,0,1,2,1,1,0,2,1	9,4,12,12,15,14,8,11,13,9	1,0,0,0,0,2,4,1,0,1	79	75
3490	59,73,64,59,56,63,49,53,56,54	0,0,2,0,4,0,0,0,0,0	53,79,62,60,56,72,57,67,55,54	1,0,0,0,0,1,0,0,1,0	1110	75
3491	1,1,2,3,5,2,0,1,1,1	0,0,0,1,0,0,0,0,0,0	2,0,0,2,3,1,0,0,3,1	0,0,0,0,0,0,0,0,0,0	140	75
3493	47,54,42,47,46,44,45,56,40,37	42,27,41,20,30,39,21,30,40,20	32,51,38,40,50,44,46,39,37,37	30,40,33,32,34,45,27,35,35,26	81	75
3494	40,31,27,27,19,27,34,22,28,32	1,3,1,6,0,6,1,0,0,7	24,30,32,21,27,23,21,26,28,18	7,3,3,2,1,4,2,6,2,7	89	75
3495	0,0,4,0,1,6,0,0,2,3	0,0,1,0,0,0,0,0,0,1	1,1,7,0,1,3,4,1,1,3	0,0,0,0,0,0,0,0,0,0	89	75
3496	0,1,0,1,1,0,0,1,0,2	7,2,7,4,3,5,2,4,3,7	2,1,0,2,0,0,2,0,0,0	1,6,5,4,2,9,2,4,7,1	186	75
3498	4,3,3,0,2,3,6,2,4,2	1,1,1,1,1,1,3,0,1,0	1,0,2,2,0,1,1,4,1,3	0,0,1,0,0,0,1,0,2,1	116	75
3499	5,4,6,2,5,7,8,3,7,3	1,1,1,1,1,1,3,0,1,0	6,3,3,5,1,2,1,4,3,5	0,0,1,0,0,0,1,0,2,1	113	75
3500	20,21,18,21,15,16,14,12,12,15	1,0,0,0,0,1,0,0,0,0	22,19,9,18,17,17,14,22,19,21	0,0,0,0,0,0,1,0,0,1	116	75
3501	9,8,10,11,10,11,10,4,5,12	134,144,162,137,124,124,132,107,132,126	6,24,13,12,14,10,8,9,9,12	152,148,110,127,147,115,128,118,122,122	102	75
3503	13,31,25,28,23,24,21,24,29,13	30,33,29,32,28,26,24,20,30,27	19,29,21,29,26,24,36,19,28,13	29,27,28,37,32,30,34,32,19,39	132	75
3504	10,23,13,22,18,13,18,17,22,9	0,0,0,0,0,0,0,0,0,0	16,20,18,19,17,15,24,13,13,7	0,0,0,0,2,0,0,0,0,0	132	75
3505	0,0,0,0,0,0,0,0,0,0	0,1,0,0,0,0,0,0,1,0	0,0,0,1,0,0,0,0,0,0	1,0,0,0,0,0,0,1,0,1	128	75
3506	0,1,0,1,0,0,0,2,0,0	1,2,1,0,1,0,1,0,3,3	0,1,0,1,0,0,0,0,0,0	0,2,1,0,2,3,0,0,6,3	128	75
3507	35,44,37,17,20,20,23,42,34,40	0,0,0,0,0,0,0,0,0,1	37,33,12,24,25,32,43,21,29,28	0,0,0,1,0,0,0,0,0,0	77	75
3509	30,23,30,18,21,18,18,21,24,26	57,65,45,50,34,57,44,43,43,54	22,21,27,30,30,24,31,25,22,37	58,44,39,53,45,68,67,39,58,31	78	75
3510	180,176,172,151,119,137,136,124,145,153	4,1,2,3,2,2,5,3,4,0	164,157,144,147,145,167,165,138,147,170	4,4,3,3,1,5,3,8,6,5	225	75
3511	207,218,187,183,132,176,162,146,164,181	4,1,2,3,2,2,5,3,4,0	200,180,156,170,160,211,201,152,183,164	4,4,3,3,1,5,3,8,6,5	222	75
3512	12,14,10,13,7,6,4,8,8,9	0,0,0,0,0,0,0,0,0,0	7,8,14,7,11,20,11,10,5,10	0,0,0,0,1,0,0,0,0,0	108	75
3514	0,0,0,0,0,0,0,0,0,0	2,2,2,1,2,0,0,1,2,0	0,0,0,1,0,0,0,0,0,0	4,2,2,2,1,1,1,0,1,1	80	75
3516	4,2,4,8,3,2,8,7,9,6	4,4,13,5,4,4,8,4,2,5	4,7,4,1,7,3,7,7,4,3	3,8,5,3,7,6,10,10,6,3	93	75
3517	0,0,0,0,1,0,0,0,0,0	3,9,5,3,5,2,1,3,4,3	0,0,0,0,0,0,1,0,0,1	2,3,2,2,1,0,4,4,3,1	108	75
3518	5,2,3,3,0,1,3,2,1,0	9,9,10,6,12,10,6,10,13,6	1,0,1,3,1,0,1,7,5,5	10,15,12,11,10,9,14,11,7,11	134	75
3519	40,18,23,13,30,21,26,24,31,14	6,4,5,2,8,8,2,2,1,1	27,17,13,24,27,29,17,15,23,35	7,5,2,2,7,6,8,4,3,4	108	75
3520	50,33,39,29,32,37,30,38,27,25	6,4,5,2,8,8,2,2,1,1	26,25,27,29,33,31,27,17,27,36	7,5,2,2,7,6,8,4,3,4	111	75
3521	25,19,25,22,15,21,12,19,9,15	15,4,9,6,13,5,8,5,13,4	11,15,17,14,12,13,14,9,11,17	12,7,3,9,6,11,4,7,7,16	78	75
3522	20,23,18,12,22,22,18,21,20,27	5,2,0,4,1,4,1,5,3,1	18,15,10,11,19,19,32,16,11,28	3,6,1,2,5,5,2,0,6,4	78	75
3524	36,42,43,31,32,36,38,22,35,27	1,0,0,0,0,0,0,0,0,0	30,31,33,35,35,41,42,43,36,41	0,0,0,0,0,0,0,0,0,0	108	75
3525	172,157,214,186,195,148,143,136,166,152	11,18,17,19,17,15,15,11,11,16	130,189,144,165,175,226,154,146,150,168	6,32,19,16,11,20,15,9,9,10	78	75
3526	5,8,7,5,2,6,2,4,7,3	4,4,0,1,3,2,3,2,6,1	4,11,2,6,7,7,7,7,12,5	0,3,4,2,0,5,5,4,5,2	354	75
3527	72,64,91,57,65,72,68,75,66,80	9,1,3,1,3,5,4,2,2,3	41,52,70,87,77,62,76,71,62,69	6,3,6,5,2,6,6,5,5,4	87	75
3528	2,1,0,1,1,1,1,2,2,1	28,16,34,23,18,14,22,17,11,24	3,9,3,3,1,3,3,1,2,2	12,11,19,11,27,15,12,15,10,19	179	75
3529	34,38,42,28,37,37,29,37,28,32	0,1,3,1,0,1,0,1,0,2	31,41,26,26,39,31,29,23,34,30	0,0,0,0,0,0,4,1,2,1	151	75
3530	0,0,0,0,0,0,0,0,0,0	0,0,0,0,1,0,0,1,0,0	0,0,0,0,0,0,0,0,0,1	0,1,1,0,0,1,0,0,0,0	78	75
3531	4,2,1,2,3,1,2,3,5,2	0,0,1,1,0,1,0,0,0,1	0,3,0,1,2,2,4,4,0,1	0,0,0,0,0,0,0,0,0,0	78	75
3541	170,141,160,172,150,141,140,124,119,160	3,0,0,0,1,0,1,0,0,1	133,148,127,118,142,182,173,110,134,133	0,0,1,0,0,0,0,0,0,0	185	75
3543	73,77,106,57,61,70,63,46,75,58	0,0,0,0,0,0,0,0,0,0	74,83,64,83,61,84,78,59,81,83	0,1,0,0,0,0,0,0,0,0	297	75
3544	39,36,52,49,33,32,29,34,48,34	3,2,0,0,1,2,1,1,0,0	46,48,42,35,46,36,42,36,34,31	0,3,0,0,1,0,2,2,1,1	100	75
3545	64,53,65,45,64,35,49,45,53,46	0,0,1,0,2,2,2,1,0,1	39,52,43,46,46,44,49,49,41,44	1,2,1,0,1,3,0,3,3,1	136	75
3546	41,40,34,37,28,29,33,39,40,26	2,4,0,2,2,1,5,1,2,1	35,45,37,34,38,30,39,25,41,37	8,1,2,2,0,3,1,2,2,0	151	75
3547	355,400,346,368,323,413,298,302,252,343	0,2,2,1,0,1,0,2,1,0	389,417,345,364,331,382,347,416,323,313	0,0,2,2,0,1,1,0,1,0	210	75
3548	0,0,0,0,0,0,0,0,1,1	222,221,229,219,229,201,216,198,215,254	0,1,0,0,1,0,0,0,0,0	235,260,191,209,203,227,214,186,197,181	94	75
3549	110,100,96,78,76,77,73,72,87,105	318,338,325,307,281,312,264,242,245,316	92,95,93,69,110,93,87,47,87,55	287,308,276,313,313,301,285,270,298,269	78	75
3550	4,0,0,3,3,1,0,0,2,0	6,2,4,3,3,0,4,4,5,2	1,0,2,4,1,1,2,0,1,3	3,3,2,1,2,3,8,3,0,6	78	75
3551	1,4,0,1,1,2,1,0,0,0	6,8,3,7,10,6,5,7,11,12	0,1,1,5,2,0,1,0,1,0	5,4,5,8,9,5,6,8,11,3	78	75
3552	46,36,57,40,42,22,39,31,29,37	10,13,16,13,11,8,16,19,12,9	43,34,43,34,48,51,47,49,44,43	9,7,12,13,16,8,10,8,11,8	78	75
3553	1,4,1,0,0,2,2,0,3,0	22,25,22,15,33,18,17,15,19,26	3,1,1,3,3,3,1,1,1,3	19,17,23,18,21,21,19,20,21,17	191	75
3554	42,41,53,34,31,36,32,43,39,33	1,0,2,1,3,2,0,1,1,0	44,28,32,36,30,39,41,23,25,37	0,3,3,3,3,0,2,0,1,0	79	75
3555	4,5,1,3,3,1,2,3,1,2	1,1,0,0,0,5,0,0,0,0	3,2,2,1,5,5,1,4,1,3	1,1,1,2,0,0,0,0,0,1	93	75
3556	0,0,0,2,1,1,0,0,0,1	0,0,1,1,0,0,0,0,0,0	1,1,0,1,2,1,0,3,1,2	0,0,0,0,0,0,0,0,0,0	93	75
3557	83,79,74,67,71,74,46,50,68,79	10,7,6,10,11,10,9,10,15,26	78,62,72,69,66,79,69,74,78,60	8,9,13,7,8,11,10,9,13,10	78	75
3561	0,0,0,0,0,2,0,0,0,0	126,122,96,113,100,119,88,85,92,120	0,1,1,0,0,0,0,1,0,0	106,97,111,106,115,127,95,90,94,115	134	75
3562	5,6,7,7,3,4,9,5,4,5	1,0,0,0,0,1,0,0,0,0	2,9,2,2,7,4,1,2,7,2	0,1,0,0,0,0,0,0,0,0	79	75
3564	7,15,17,2,7,5,4,3,11,3	1,3,9,1,4,2,4,2,11,3	6,5,6,12,0,9,5,5,2,4	4,5,3,3,6,2,6,3,1,2	82	75
3565	18,19,21,23,22,21,24,24,27,27	21,10,14,14,22,15,17,13,15,13	14,28,14,26,21,23,23,19,17,15	8,22,10,19,16,23,18,11,18,12	78	75
3566	73,72,74,60,61,88,53,59,77,60	1,0,1,0,0,0,0,0,0,0	92,75,63,77,78,81,81,61,66,65	0,2,0,0,1,0,0,1,0,0	128	75
3568	1,2,0,0,0,1,0,0,1,0	8,5,8,4,10,11,4,7,5,7	0,0,0,0,2,1,1,0,0,0	8,6,3,11,8,9,9,7,8,10	505	75
3569	17,13,16,5,6,6,10,9,10,11	0,1,1,3,0,0,0,1,1,0	5,16,6,11,7,15,10,4,7,11	0,0,0,1,0,2,1,0,0,0	78	75
3570	3,0,0,0,0,0,0,0,0,0	0,0,0,0,0,0,2,0,0,0	0,0,0,0,0,0,1,0,0,0	0,0,0,0,0,0,0,0,0,0	78	75
3571	19,14,13,5,18,9,18,6,12,25	85,61,86,70,40,58,59,36,44,69	12,10,10,12,16,15,9,18,20,10	62,76,53,66,85,57,62,64,55,60	136	75
3572	40,46,56,42,48,31,39,31,31,39	0,1,0,0,0,0,1,0,0,0	50,42,44,44,34,37,29,35,38,34	0,1,0,1,0,1,1,0,1,2	156	75
3573	73,85,94,66,75,57,94,62,79,71	4,2,3,0,1,1,2,1,3,4	65,78,65,74,93,79,76,95,90,84	4,0,0,3,6,3,2,5,1,6	266	75
3576	22,20,22,23,20,21,24,13,18,16	23,23,26,29,23,24,26,23,23,25	20,23,16,14,23,20,15,18,9,14	20,33,18,26,33,34,29,29,22,26	78	75
3577	0,2,0,3,0,1,4,3,2,1	14,21,32,28,28,25,24,17,35,27	2,1,2,2,0,1,0,0,3,1	22,25,26,22,21,20,24,38,28,28	98	75
3578	0,2,0,1,0,0,0,1,0,2	41,31,20,44,27,28,21,35,39,26	1,0,0,0,0,0,1,1,1,2	29,35,39,32,29,31,26,34,34,31	97	75
3579	44,45,53,44,59,35,29,52,49,66	0,3,1,3,2,4,2,1,1,0	49,49,40,48,44,67,60,49,44,38	1,0,1,0,3,1,1,1,1,1	119	75
3580	33,42,44,31,54,38,41,39,40,40	3,9,9,8,6,6,4,8,4,9	46,34,18,26,38,43,41,41,48,32	4,2,6,6,0,10,5,7,1,3	87	75
3581	61,85,68,61,66,62,47,60,60,57	0,0,0,0,0,0,0,0,0,0	44,69,57,49,54,81,51,45,60,59	0,0,0,0,0,0,0,0,0,1	112	75
3582	32,33,43,34,42,38,45,34,47,28	0,1,1,0,0,0,0,0,0,0	44,53,28,49,38,50,40,37,45,44	0,0,0,0,0,0,1,0,0,0	664	75
3584	7,3,11,10,3,6,3,3,6,6	6,8,6,4,5,2,5,6,1,5	8,5,8,6,4,3,8,5,4,9	4,6,4,11,3,8,3,3,5,4	319	75
3585	0,0,0,0,0,0,0,2,0,0	0,0,0,1,0,0,0,0,0,0	0,1,0,0,0,0,0,0,0,0	1,2,0,0,0,0,0,0,0,0	143	75
3586	1,3,0,1,3,1,2,1,2,1	5,2,1,3,2,4,2,3,2,1	3,0,2,2,3,1,2,1,1,1	6,7,0,10,7,2,1,3,4,0	113	75
3587	4,3,4,4,5,1,6,6,5,2	1,0,0,0,0,0,0,0,0,1	2,3,3,3,3,2,5,2,1,5	0,0,0,0,0,0,0,0,0,0	106	75
3588	5,3,4,4,5,1,6,6,5,3	1,0,0,0,0,0,0,0,0,0	2,3,3,3,3,2,5,2,1,5	0,0,0,0,0,0,0,0,0,0	106	75
3589	0,0,0,0,0,0,0,1,0,1	0,4,0,1,1,2,1,1,1,1	0,0,0,2,0,0,1,0,0,0	3,4,0,4,2,1,1,2,2,3	274	75
3590	118,124,98,124,116,117,93,106,92,111	1,0,0,0,0,0,0,0,2,0	98,126,111,112,97,119,99,119,133,75	1,0,0,0,0,0,0,0,0,1	139	75
3592	1,5,5,2,3,4,3,9,3,2	0,1,0,1,2,2,0,0,1,1	2,2,10,7,6,5,4,6,5,1	0,0,0,1,1,0,0,0,1,0	158	75
3596	10,7,3,4,4,3,5,0,2,4	10,8,13,8,13,8,11,13,10,6	8,3,3,0,8,5,7,4,8,5	10,8,4,13,6,11,11,10,13,10	90	75
3598	1,2,3,2,5,1,1,0,2,2	72,58,70,51,58,64,59,44,49,68	2,4,3,3,3,0,0,3,0,0	71,56,56,42,56,51,60,65,68,45	85	75
3599	0,2,1,0,0,0,0,0,0,0	0,0,2,0,1,0,0,0,0,0	0,1,2,0,0,0,0,1,0,0	0,2,0,0,0,0,0,0,1,0	85	75
3600	73,77,86,50,72,73,71,57,56,85	0,0,2,0,1,0,0,0,0,0	68,77,67,65,81,72,81,66,55,68	0,2,0,0,0,0,0,0,1,0	1108	75
3601	73,77,85,50,72,73,71,57,56,85	0,2,0,0,0,0,0,0,0,0	68,76,65,65,81,72,81,65,55,68	0,0,0,0,0,0,0,0,0,0	1098	75
3602	1,1,1,1,0,0,0,1,0,0	10,11,11,13,6,7,16,9,6,9	0,1,1,0,1,0,0,0,3,0	6,8,8,9,10,11,6,8,10,8	86	75
3603	7,3,6,7,4,1,4,2,2,1	153,137,135,125,114,108,124,107,129,143	2,3,2,0,4,1,2,2,3,5	110,109,107,115,125,106,149,128,121,116	100	75
3604	16,13,16,19,10,8,20,10,8,10	153,137,135,125,114,108,124,107,129,143	8,10,9,9,13,12,8,10,10,13	110,109,107,115,125,106,149,128,121,116	89	75
3605	56,35,35,46,33,60,37,31,11,23	3,2,6,1,3,1,2,4,2,2	56,61,44,46,14,32,34,25,52,50	0,2,2,0,7,5,3,1,1,2	87	75
3606	39,48,35,35,30,49,41,42,40,34	25,23,17,9,16,10,16,17,17,21	30,32,47,49,43,30,49,50,41,39	11,15,20,15,10,15,14,11,15,12	222	75
3607	39,48,35,35,30,49,41,42,40,34	30,33,28,24,25,38,31,20,33,18	30,32,47,49,43,30,49,50,41,40	24,26,21,39,25,28,32,23,32,25	225	75
3608	25,23,17,9,16,10,16,17,17,21	30,33,28,24,25,38,31,20,33,18	11,15,20,15,10,15,14,11,15,13	24,26,21,39,25,28,32,23,32,25	78	75
3609	1,0,0,0,1,0,0,3,2,0	143,108,111,103,99,96,93,112,99,115	1,0,0,0,0,1,0,1,1,0	98,99,107,118,93,116,106,123,80,101	88	75
3610	3,4,4,6,1,8,3,3,5,8	70,67,102,61,68,85,60,57,53,67	7,7,5,1,4,1,4,2,6,2	69,80,71,44,70,89,91,76,65,61	100	75
3615	0,0,0,0,0,1,0,1,0,0	23,24,23,12,14,19,21,21,15,13	2,0,2,2,1,0,0,2,1,1	27,23,12,16,21,25,22,17,16,24	90	75
3617	6,6,2,7,9,9,8,8,4,7	54,52,22,45,47,56,35,37,37,50	3,8,2,10,6,10,8,9,9,5	48,52,29,37,42,43,45,54,40,36	135	75
3621	19,13,13,21,13,23,25,18,18,21	25,21,26,27,17,31,20,21,12,17	22,22,14,22,25,20,25,19,13,25	20,18,22,23,20,22,17,14,13,26	78	75
3623	261,244,250,239,225,243,209,178,221,240	226,214,212,184,185,167,175,152,195,215	240,251,207,225,242,250,246,241,236,226	190,214,196,214,213,231,240,188,217,210	93	75
3624	249,245,262,225,201,215,205,196,237,257	118,95,115,95,84,110,77,81,113,116	211,253,246,249,239,222,296,245,267,234	103,125,99,108,123,112,113,92,88,100	120	75
3625	153,160,175,139,149,163,150,126,125,151	57,49,35,29,39,30,34,44,34,25	158,154,146,161,165,147,129,123,126,154	34,38,30,39,33,45,54,44,35,44	78	75
3626	0,0,0,0,0,0,0,1,0,0	0,0,0,0,0,0,1,0,0,0	0,0,0,0,0,0,0,0,0,0	0,0,0,0,0,0,0,1,0,0	78	75
3633	3,7,1,1,5,3,2,2,1,5	6,9,4,10,4,9,4,3,1,7	8,4,3,3,3,2,6,2,2,2	5,3,1,4,1,6,5,3,3,9	78	75
3634	4,6,6,10,8,5,3,0,5,9	0,4,0,0,0,0,0,0,0,0	1,9,6,8,4,8,7,5,7,3	0,0,0,0,0,1,0,0,0,0	127	75
3635	0,0,0,0,1,0,0,0,1,0	1,1,0,1,2,1,1,3,4,2	0,0,1,0,0,0,0,1,1,0	3,3,3,2,2,1,0,1,7,5	78	75
3636	5,6,2,3,2,6,2,1,5,6	11,20,22,11,13,15,13,10,15,11	3,9,3,2,3,9,4,3,8,2	21,21,11,4,10,15,12,21,10,19	78	75
3637	20,24,23,22,12,22,13,14,19,20	0,1,0,0,0,1,0,1,0,0	15,20,21,12,21,22,18,32,24,23	0,0,0,0,4,0,2,1,0,0	79	75
3640	0,0,0,0,1,0,0,0,1,0	46,47,68,51,50,46,42,29,51,60	0,0,0,0,0,0,0,0,1,0	57,57,54,60,44,64,55,34,30,50	158	75
3645	0,0,0,1,0,0,0,0,0,0	18,27,14,31,20,18,16,14,19,25	1,0,0,0,0,0,0,0,0,0	20,23,29,15,32,20,22,19,16,17	91	75
3649	16,9,8,5,7,8,2,6,15,12	16,14,9,12,5,3,8,7,7,16	12,2,10,10,15,14,13,4,11,7	9,7,8,6,6,2,6,4,4,9	78	75
3650	19,24,21,25,14,22,18,21,21,19	0,0,0,0,0,0,0,0,0,2	23,21,19,24,15,16,25,18,13,8	0,0,0,1,0,1,1,0,0,0	108	75
3651	20,30,20,22,24,32,20,21,23,23	6,2,8,4,7,3,5,6,6,4	19,27,16,15,19,18,18,34,24,24	6,2,2,9,6,2,8,7,5,3	78	75
3652	0,0,1,1,0,0,0,0,2,0	0,1,0,0,0,2,0,0,0,0	0,0,1,0,0,0,1,0,1,0	0,0,0,0,0,1,0,0,0,0	78	75
3653	113,94,81,95,94,81,91,74,94,96	4,5,7,4,2,0,1,1,1,8	106,103,88,96,72,115,108,91,99,93	0,4,4,4,3,2,0,2,2,0	116	75
3656	507,498,475,428,445,417,432,443,469,450	0,0,0,0,0,0,0,0,0,0	466,439,407,430,459,476,490,390,427,484	0,0,0,0,0,1,0,0,0,0	1083	75
3657	76,51,61,82,62,47,37,70,78,77	28,19,27,22,10,25,18,17,17,29	81,83,53,76,70,68,55,37,49,46	17,21,20,25,21,31,22,17,28,23	132	75
3658	0,0,0,0,0,0,1,0,0,0	0,0,0,0,0,1,0,0,1,0	1,0,0,0,0,1,0,0,0,0	0,0,0,0,1,0,0,0,1,0	161	75
3659	52,46,60,39,48,58,52,40,58,51	0,0,0,0,0,0,0,0,0,0	61,54,37,49,44,36,57,61,59,40	0,0,0,0,0,0,0,0,0,1	80	75
3660	1,0,1,1,0,0,1,0,0,0	58,58,69,46,46,69,37,43,46,50	1,0,0,0,0,0,0,0,0,0	31,51,53,48,48,50,60,46,52,47	155	75
3661	150,154,155,177,148,111,137,119,154,127	0,1,0,0,0,0,0,0,0,0	131,158,130,127,160,147,141,121,148,78	0,0,0,0,1,0,1,0,0,0	271	75
3662	0,1,3,0,0,0,1,0,0,0	0,0,0,1,2,0,0,2,0,0	0,5,1,0,0,0,1,0,2,0	0,0,0,0,0,0,2,0,0,0	79	75
3663	4,2,9,5,8,3,10,10,5,7	0,0,0,0,0,0,0,0,0,0	4,9,7,8,4,13,7,14,2,4	1,0,0,0,0,0,0,0,0,0	105	75
3664	24,13,25,20,19,16,27,23,13,22	0,0,0,1,1,0,0,1,0,0	21,32,15,17,13,29,20,31,18,13	1,0,0,1,0,2,0,1,1,0	105	75
3665	34,51,58,60,45,39,52,51,42,48	12,5,10,7,6,18,10,9,12,14	32,38,49,39,55,39,59,49,44,49	8,8,12,11,18,9,15,7,9,4	78	75
3667	118,82,92,90,71,85,60,67,59,67	0,0,1,0,0,0,1,0,1,1	76,86,62,63,61,67,85,62,76,61	1,0,0,0,0,0,0,0,0,0	214	75
3671	0,1,1,1,1,1,1,1,4,2	4,0,1,0,0,2,1,0,1,0	1,2,0,0,0,1,1,2,0,1	0,1,0,0,0,1,3,1,0,0	150	75
3672	30,9,21,9,10,9,8,7,18,8	36,17,38,23,32,13,12,27,25,36	8,24,15,8,10,22,11,10,6,7	17,53,33,15,17,41,11,20,21,14	78	75
3673	0,0,1,0,0,1,0,0,1,0	0,0,0,0,0,0,0,0,0,0	0,0,0,0,0,0,0,0,0,0	1,1,0,0,0,0,0,0,0,1	78	75
3674	112,93,132,97,95,68,100,49,79,128	129,124,200,154,181,113,143,90,127,221	110,96,83,54,129,106,66,71,69,45	154,170,117,77,195,155,119,93,103,101	78	75
3675	49,43,47,45,48,48,48,33,50,43	0,0,0,0,0,0,0,0,0,2	39,40,34,42,35,41,37,34,28,31	0,0,0,0,0,0,0,0,0,0	91	75
3677	10,5,5,10,5,1,1,5,5,7	2,4,5,4,2,3,3,4,2,3	2,5,2,3,5,7,6,6,1,3	1,7,4,3,9,3,11,4,4,5	78	75
3680	9,10,12,10,8,10,7,13,12,19	8,6,5,13,1,8,7,7,7,5	10,7,6,10,9,6,8,17,11,7	5,9,3,5,7,12,8,11,9,11	99	75
3682	105,115,97,78,90,87,81,61,78,98	29,12,18,14,17,13,8,11,17,13	103,98,118,91,105,104,89,91,89,87	17,16,20,21,18,18,20,15,17,14	78	75
3683	622,662,578,528,588,535,525,458,534,535	2,0,1,1,0,0,0,2,1,1	545,643,514,550,533,558,592,582,565,563	0,0,0,0,0,0,0,1,2,0	326	75
3685	0,0,0,0,0,0,0,1,0,0	0,0,0,0,0,0,1,0,3,1	0,0,0,0,0,0,0,0,0,1	0,0,0,0,0,0,0,0,0,0	78	75
3688	82,72,97,111,91,93,91,54,82,90	0,0,0,0,0,0,0,0,0,0	73,93,77,81,81,79,86,83,71,93	0,0,0,0,1,0,0,0,0,0	140	75
3689	47,26,34,35,38,40,19,37,44,42	44,29,32,38,25,21,27,35,28,32	38,51,42,33,36,45,40,58,42,41	37,30,37,37,23,26,29,26,22,20	129	75
3690	10,3,5,10,10,5,5,5,3,4	102,107,97,91,72,83,72,57,81,78	2,10,12,4,3,3,5,10,4,8	83,82,79,79,87,100,107,79,71,94	120	75
3691	10,3,5,10,10,5,5,5,3,4	7,13,11,7,8,12,9,7,5,12	2,10,12,4,3,3,5,10,4,8	9,8,4,6,8,6,6,5,3,7	122	75
3692	102,107,97,91,72,83,72,57,81,78	7,13,11,7,8,12,9,7,5,12	83,82,79,79,87,100,107,79,71,94	9,8,4,6,8,6,6,5,3,7	77	75
3699	91,95,90,61,94,108,83,74,90,97	1,3,1,1,0,3,3,2,0,0	100,90,84,83,92,82,85,91,85,82	0,1,1,3,1,1,3,2,3,1	105	75
3701	30,30,33,27,34,14,22,13,27,29	46,49,58,44,35,35,44,34,49,36	25,23,20,18,22,26,21,32,24,29	47,57,54,54,42,47,52,38,40,40	78	75
3702	7,9,6,8,9,3,4,7,4,5	87,91,82,61,80,63,62,59,58,54	10,4,5,8,9,5,2,6,7,5	58,86,90,59,63,73,60,64,55,48	288	75
3704	0,0,0,0,0,0,0,0,0,0	45,33,36,36,22,31,37,27,34,25	0,1,0,0,0,0,0,0,0,0	31,38,29,36,47,41,48,42,37,22	94	75
3705	0,0,0,1,0,1,1,2,0,1	45,63,45,66,45,49,36,52,60,56	1,0,1,0,0,1,0,0,0,2	48,26,49,51,59,68,58,65,52,31	146	75
3707	20,18,15,21,18,18,19,14,22,8	1,0,0,0,0,2,1,1,0,0	16,26,13,16,16,13,20,22,18,20	0,0,0,0,0,0,0,0,0,2	92	75
3708	10,1,3,8,9,3,2,3,6,1	64,64,63,34,45,62,49,43,42,44	4,6,4,5,5,3,3,4,2,4	51,72,65,55,72,61,57,53,43,43	264	75
3711	59,75,85,54,53,84,56,52,55,48	0,0,0,0,0,0,0,0,0,0	90,90,81,58,63,60,75,69,62,66	2,0,0,0,0,0,0,0,0,0	159	75
3712	71,51,61,45,46,50,54,42,51,51	3,5,4,1,3,3,2,1,3,4	54,65,51,59,47,61,57,39,42,54	7,3,3,8,7,4,1,3,6,5	100	75
3713	7,3,10,7,2,1,4,3,1,7	1,0,0,0,0,0,1,0,0,0	4,4,7,1,3,11,3,1,3,5	0,1,0,0,0,0,1,0,0,1	96	75
3714	4,2,2,0,3,1,2,6,3,3	17,18,14,12,11,11,6,15,20,9	5,7,1,3,2,2,1,0,7,6	12,6,9,10,11,17,12,8,5,9	174	75
3715	3,5,3,2,4,3,1,0,2,3	14,13,8,6,11,9,7,11,9,18	2,0,2,4,5,0,2,2,2,0	10,12,9,11,5,9,16,13,7,9	94	75
3716	54,57,49,42,56,45,66,57,40,52	0,2,1,3,2,1,0,0,1,1	39,36,42,61,61,45,45,42,59,58	2,0,0,1,1,2,2,1,0,2	502	75
3717	5,5,4,3,6,4,1,4,3,1	8,10,8,4,5,7,5,7,5,6	7,9,2,4,6,3,1,5,4,3	5,8,4,6,2,3,4,2,1,7	108	75
3718	113,112,117,111,116,103,96,88,120,122	11,7,13,6,5,7,4,4,3,7	126,98,124,96,125,130,110,99,127,104	8,5,5,4,6,6,3,7,8,7	78	75
3720	32,26,35,32,30,31,22,17,36,29	0,0,1,0,0,0,0,1,0,0	36,36,22,38,49,27,32,22,26,36	1,0,1,0,0,1,0,0,2,1	79	75
3721	55,46,37,41,36,44,41,43,29,49	0,0,0,0,0,1,0,0,0,0	32,48,37,37,39,40,42,38,42,34	0,0,0,1,0,0,0,0,0,0	172	75
3722	0,0,0,0,0,2,1,1,0,0	23,22,27,23,15,26,23,23,25,17	4,1,0,0,0,2,0,0,0,0	23,25,17,18,32,15,18,11,19,19	106	75
3723	60,43,56,53,53,59,31,64,45,69	2,1,1,0,0,1,1,1,1,3	62,82,71,38,18,72,19,45,33,31	0,3,2,1,0,0,0,1,0,1	159	75
3724	0,0,0,1,0,1,0,0,0,0	0,0,0,0,0,0,2,2,1,0	0,0,0,0,0,0,1,0,1,0	0,0,0,0,0,0,0,1,0,0	78	75
3725	0,0,0,0,0,2,0,0,1,0	0,2,0,1,2,0,0,0,0,0	0,0,0,0,0,0,0,0,1,0	0,0,0,1,0,0,1,1,0,0	78	75
3726	0,0,0,0,1,1,0,0,0,1	1,3,1,2,3,0,0,1,1,0	0,2,0,0,0,0,1,0,1,0	0,1,0,1,0,0,0,0,1,0	78	75
3727	0,1,0,1,3,2,1,0,2,0	165,124,151,138,114,111,99,132,105,146	3,2,0,1,2,4,2,1,3,1	123,116,132,130,163,113,138,124,114,104	93	75
3728	161,132,131,157,116,153,147,135,132,128	0,1,2,0,0,0,1,1,0,1	111,144,133,134,121,145,188,143,125,136	0,0,0,3,1,2,0,0,1,1	1107	75
3729	0,1,0,0,1,0,0,0,0,0	93,119,114,96,112,118,81,77,78,114	0,0,1,0,0,1,0,0,0,0	120,102,96,94,108,106,122,100,99,131	90	75
3732	5,1,6,1,2,1,2,2,3,4	7,1,3,4,0,0,0,0,1,1	1,2,3,0,4,3,2,1,0,1	0,2,0,3,1,2,3,1,0,1	78	75
3733	2,1,1,3,0,1,1,0,1,1	7,1,3,4,0,0,0,0,1,1	4,2,0,4,2,2,6,2,3,0	0,2,0,3,1,2,3,1,0,1	133	75
3734	2,1,1,3,0,1,1,0,1,1	5,1,6,1,2,1,2,2,3,4	4,2,0,4,2,2,6,2,3,0	1,2,3,0,4,3,2,1,0,1	130	75
3735	14,29,14,13,12,8,18,14,20,10	6,13,7,2,3,3,1,2,3,1	15,12,13,11,14,11,17,14,14,13	1,4,5,1,0,4,3,1,4,6	1086	75
3736	0,0,0,3,0,0,0,0,0,0	0,2,0,0,0,0,0,0,0,0	0,0,0,1,0,0,0,0,0,0	0,0,0,0,0,0,0,0,0,0	78	75
3738	0,0,2,1,1,0,2,1,0,1	14,10,18,11,14,9,16,10,9,13	1,0,1,1,1,2,2,1,2,3	13,14,15,5,16,17,11,11,20,9	79	75
3740	33,35,42,30,45,41,41,28,30,30	1,0,2,2,2,6,1,3,1,0	32,42,40,29,38,36,33,20,34,24	1,2,2,1,1,1,4,0,0,3	471	75
3741	102,73,63,72,83,82,94,69,81,72	0,0,1,0,0,0,0,0,1,0	85,104,76,94,75,101,91,103,96,81	0,0,0,0,0,0,0,0,0,0	703	75
3742	5,16,1,9,12,4,9,6,4,7	0,0,0,0,0,0,0,0,0,0	3,5,2,7,3,5,2,9,4,6	0,0,1,0,0,0,0,0,0,0	1976	75
3743	40,41,37,37,37,28,31,34,26,38	2,1,6,3,2,2,2,6,2,5	33,35,34,34,39,32,19,39,27,34	3,0,2,3,3,3,3,1,4,0	1976	75
3744	3,0,5,4,1,0,0,2,0,4	386,336,411,371,331,408,279,275,330,349	6,7,3,2,1,3,4,4,6,3	355,393,396,315,336,315,316,350,386,242	95	75
3746	81,82,90,59,63,76,51,52,85,72	56,69,86,58,61,53,58,47,56,66	69,75,71,76,81,58,108,97,70,84	56,66,50,44,59,56,52,44,37,67	99	75
3749	35,27,17,25,17,23,22,27,16,17	0,2,0,0,0,0,0,0,0,0	18,22,18,17,19,23,19,23,14,14	0,0,0,0,0,0,0,0,0,0	958	75
3750	3,1,3,2,3,2,0,1,2,3	57,36,53,39,38,34,33,30,32,35	2,3,2,2,4,0,7,1,3,0	30,38,27,28,39,46,37,36,43,22	111	75
3751	85,80,72,57,73,62,59,80,65,73	1,0,1,0,0,1,1,1,2,1	75,81,55,63,76,80,68,70,73,65	0,0,0,0,0,1,0,1,0,2	106	75
3752	9,7,7,8,5,12,5,12,5,12	66,71,82,67,49,58,57,56,66,91	9,13,10,12,9,7,11,12,5,11	62,77,62,56,66,70,82,71,51,60	93	75
3753	0,0,0,0,1,2,0,1,1,1	31,36,28,22,30,19,13,12,10,26	0,0,0,1,1,1,0,0,0,0	23,26,41,24,14,21,13,41,29,17	675	75
3754	3,1,1,2,4,3,1,3,2,1	45,34,36,28,38,42,30,29,38,42	0,2,1,2,1,3,2,3,2,2	47,26,23,43,33,46,48,27,34,30	192	75
3756	12,4,2,4,15,8,8,6,8,5	45,28,43,46,30,39,35,32,32,28	8,8,11,1,7,3,5,9,10,12	42,35,24,33,39,26,39,31,26,35	78	75
3757	16,19,13,14,15,18,20,12,21,14	0,5,2,1,1,3,3,1,0,3	20,24,8,11,22,19,17,17,12,29	2,1,1,1,2,3,3,0,1,1	102	75
3758	0,1,0,0,0,0,1,2,0,0	7,1,5,4,5,6,8,4,8,7	2,0,0,0,0,0,0,0,0,0	5,5,1,3,4,4,1,5,3,4	91	75
3759	96,121,117,67,87,93,107,79,82,95	0,0,0,0,0,0,0,0,0,1	93,104,74,87,90,104,93,89,82,95	0,1,0,0,0,0,0,0,0,0	233	75
3761	0,1,0,2,0,0,0,0,0,0	0,0,0,0,0,0,0,0,0,0	1,1,0,0,1,0,2,0,1,0	0,0,0,0,0,0,0,0,0,1	250	75
3762	29,35,40,39,38,35,32,26,17,38	1,1,1,0,2,1,1,0,0,1	32,28,38,25,45,46,34,41,32,36	2,2,1,0,2,0,2,1,0,0	133	75
3763	25,13,34,16,27,12,33,44,22,26	0,0,0,0,0,0,0,0,0,0	41,17,28,29,29,27,34,28,25,30	0,0,0,0,0,0,0,0,0,1	78	75
3764	0,1,0,0,1,0,1,2,0,0	0,0,0,0,0,0,0,0,0,0	0,0,1,1,0,0,0,0,1,1	0,0,0,0,0,0,2,0,0,0	154	75
3768	71,92,95,68,66,75,55,54,73,60	3,0,3,2,1,0,5,1,4,2	69,85,75,52,58,64,67,65,61,78	1,2,1,0,1,0,5,1,2,1	166	75
3769	88,68,73,65,75,69,58,70,58,55	0,0,0,0,0,0,0,0,0,0	80,89,77,62,88,58,63,88,74,77	0,0,0,1,0,0,0,0,0,0	141	75
3770	53,50,85,59,64,57,67,55,71,67	0,0,0,0,0,0,0,0,0,0	54,68,68,58,64,79,62,48,68,63	0,1,0,0,0,0,0,0,0,0	764	75
3772	10,9,14,10,18,9,15,14,9,11	0,0,0,0,0,0,0,0,0,2	16,16,5,8,8,13,23,12,8,21	0,0,0,1,0,0,0,0,0,0	101	75
3773	28,19,29,28,33,17,28,23,17,25	8,4,2,4,6,3,6,3,6,4	30,26,20,20,26,27,33,25,14,32	3,6,2,5,2,7,2,5,4,2	150	75
3774	30,21,30,28,33,18,29,23,17,25	1,3,3,0,2,1,3,1,3,1	30,27,20,20,26,27,34,25,16,32	3,2,2,3,2,2,7,3,2,5	153	75
3775	18,10,15,18,15,8,13,9,8,16	8,4,2,4,6,3,6,3,6,4	14,10,15,13,18,14,10,13,6,11	3,6,2,5,2,7,2,5,4,2	124	75
3776	20,12,16,18,15,9,14,9,8,16	1,3,3,0,2,1,3,1,3,1	14,11,15,13,18,14,11,13,8,11	3,2,2,3,2,2,7,3,2,5	127	75
3777	10,6,3,4,6,4,7,3,6,4	1,3,3,0,2,1,3,1,3,1	3,7,2,5,2,7,3,5,6,2	3,2,2,3,2,2,7,3,2,5	78	75
3780	77,79,78,91,72,90,71,53,73,72	1,2,0,1,1,1,0,0,4,0	92,90,77,65,80,76,87,78,62,71	1,1,0,1,2,0,1,1,4,2	112	75
3781	158,111,178,124,128,165,133,138,115,149	1,1,0,2,0,0,0,2,1,0	158,147,136,158,140,146,151,123,177,117	0,0,0,0,1,0,0,0,0,1	118	75
3782	79,65,79,73,74,47,48,59,75,83	0,0,0,0,0,0,0,0,0,0	67,74,98,66,87,71,57,48,73,60	0,0,0,0,1,0,0,0,0,0	118	75
3785	1,0,0,0,0,0,2,1,2,1	278,310,295,281,242,251,246,189,242,273	0,0,1,1,1,0,1,0,2,0	267,334,239,255,235,264,283,287,227,230	99	75
3786	4,4,2,2,2,3,5,3,2,0	420,447,441,417,363,372,347,288,375,384	4,3,6,0,0,4,1,0,1,3	383,408,367,360,446,393,401,361,378,380	85	75
3787	2,2,8,1,3,5,2,2,2,2	0,0,0,0,0,0,0,0,0,0	0,5,3,3,3,2,1,3,0,2	0,0,0,0,0,0,0,0,1,0	79	75
3788	0,1,2,0,1,0,3,1,2,3	1,7,9,8,15,8,7,12,14,9	0,0,3,2,8,4,3,1,2,1	7,8,8,8,10,9,6,9,5,6	89	75
3789	7,11,17,13,10,9,17,16,14,12	29,16,29,28,24,20,22,29,27,24	8,18,8,8,17,12,19,16,9,7	19,25,11,19,30,25,21,32,22,25	194	75
3790	8,17,24,21,24,17,21,27,26,18	29,16,29,28,24,20,22,29,27,24	15,26,13,14,19,17,22,24,12,12	19,25,11,19,30,25,21,32,22,25	180	75
3791	3,2,4,3,1,1,2,0,2,0	3,2,2,0,4,0,3,0,3,0	0,5,3,1,1,5,1,2,4,1	0,2,2,1,0,1,1,0,0,1	90	75
3792	13,10,5,7,5,7,10,5,4,12	0,1,0,0,1,0,0,0,1,0	7,10,8,2,7,5,4,5,7,4	1,0,0,0,0,0,0,0,0,0	79	75
3794	1,1,3,0,2,0,0,2,1,2	0,0,0,1,0,0,1,1,0,0	0,2,1,2,0,0,2,2,1,1	0,0,0,0,0,0,0,0,0,0	133	75
3795	1,1,1,3,0,1,0,1,0,2	1,1,0,0,0,0,0,0,0,0	1,0,3,0,2,0,1,0,1,0	0,0,0,0,0,0,0,0,0,0	112	75
3796	1,1,0,1,0,2,0,0,3,1	1,1,0,0,0,0,0,0,0,0	1,1,1,0,3,0,2,0,1,0	0,0,0,0,0,0,0,0,0,0	151	75
3797	0,0,0,0,0,1,0,0,3,0	0,0,1,2,0,0,0,1,0,1	0,1,0,0,2,0,1,0,0,0	0,0,2,0,1,0,0,0,0,0	114	75
3798	33,29,42,33,34,53,24,30,46,35	2,0,2,0,1,2,1,2,1,0	30,41,48,29,27,41,27,35,17,38	1,3,2,2,2,3,0,0,1,1	138	75
3799	45,49,49,44,51,49,43,37,45,42	0,0,1,1,1,1,0,1,1,2	26,43,50,38,38,47,32,49,42,49	0,0,2,1,0,0,0,2,0,1	154	75
3800	55,60,54,53,56,56,50,40,52,56	0,0,1,0,0,0,0,1,0,0	33,58,57,40,46,57,36,55,48,55	0,1,1,0,0,0,0,0,0,0	177	75
3801	10,11,6,10,6,8,7,4,8,16	0,0,1,0,0,0,0,1,0,0	7,15,9,3,8,10,4,8,6,7	0,1,1,0,0,0,0,0,0,0	98	75
3802	0,0,0,0,0,1,0,0,0,0	0,0,0,0,0,1,0,0,0,0	0,0,0,0,0,0,0,0,0,0	0,2,0,0,0,0,0,0,0,0	103	75
3803	4,2,4,9,7,5,3,3,8,7	134,84,81,78,70,84,83,64,79,92	4,0,6,2,3,8,3,4,6,3	73,106,75,74,85,82,80,70,88,76	94	75
3804	30,14,22,24,21,17,22,11,15,17	85,89,91,74,72,75,66,71,81,71	30,36,18,24,16,30,23,14,17,20	74,97,64,68,81,101,100,80,70,55	78	75
3806	221,221,248,222,182,211,201,184,199,212	5,7,6,8,4,3,6,5,6,4	202,214,193,166,212,211,236,184,237,220	7,12,3,6,2,8,7,9,8,7	78	75
3807	0,3,2,3,0,0,1,1,1,1	0,0,0,0,0,0,1,0,0,0	0,0,1,0,0,0,1,1,0,0	0,0,0,0,0,0,0,0,0,0	78	75
3808	89,74,73,70,81,94,78,58,85,72	8,7,5,4,11,7,6,6,6,6	59,92,54,74,76,69,76,90,72,75	7,4,7,2,6,13,5,11,9,5	78	75
3809	16,16,14,13,11,21,12,7,16,15	5,1,6,2,1,3,1,8,2,6	12,4,11,13,16,12,15,16,10,14	3,8,1,2,2,3,6,4,4,5	81	75
3810	0,0,1,1,0,1,0,2,0,4	5,1,6,2,1,3,1,8,2,6	0,1,0,0,0,0,0,1,0,0	3,8,1,2,2,3,6,4,4,5	130	75
3811	0,0,1,1,0,1,0,2,0,4	16,16,14,13,11,21,12,7,16,15	0,1,0,0,0,0,0,1,0,0	12,4,11,13,16,12,15,16,10,14	124	75
3812	17,16,22,14,18,19,13,15,15,24	2,1,1,0,0,2,0,1,0,0	25,18,12,15,24,15,15,13,21,16	1,3,0,0,2,3,2,0,3,0	169	75
3813	7,5,5,7,13,6,3,7,6,4	67,51,67,44,43,55,32,29,40,37	12,4,9,3,4,8,6,7,7,11	49,58,45,54,48,41,50,62,46,38	90	75
3814	183,203,235,184,178,191,165,138,167,181	4,1,9,3,3,5,4,6,3,7	180,188,205,170,184,180,172,151,136,176	1,8,4,7,4,4,3,5,6,12	802	75
3816	29,32,36,33,34,33,26,28,24,29	16,12,14,22,5,11,6,10,13,16	24,29,29,27,28,41,30,25,25,23	12,8,9,9,10,15,11,18,13,5	78	75
3817	9,4,9,3,3,5,5,6,4,6	4,1,6,1,2,1,2,0,4,0	5,8,8,1,4,3,5,3,9,2	1,5,2,4,0,1,1,3,2,1	78	75
3818	384,405,387,351,378,396,316,304,343,348	0,0,0,0,0,0,0,0,0,0	352,390,347,308,351,377,392,351,407,361	0,0,0,0,0,1,0,0,0,0	538	75
3819	54,61,49,73,64,63,41,36,43,53	287,269,273,256,236,260,232,174,218,266	33,46,41,57,48,44,49,52,51,44	251,263,274,227,259,256,262,206,260,252	90	75
3822	0,0,0,0,3,2,0,1,0,5	100,98,107,85,112,79,99,78,88,92	0,0,1,0,1,2,1,0,0,1	84,89,102,98,101,98,88,89,100,98	78	75
3823	57,41,62,31,38,54,43,38,38,52	2,3,6,4,3,6,2,1,0,1	27,32,43,53,47,34,34,33,35,24	2,5,1,3,3,2,4,5,5,2	78	75
3824	0,0,0,0,0,0,1,0,0,1	0,1,1,2,2,1,3,2,2,3	1,2,1,0,0,0,0,0,0,0	4,5,1,4,0,1,2,4,3,5	102	75
3828	96,104,88,87,107,93,102,83,100,83	13,19,19,14,13,18,19,23,19,12	90,100,68,99,106,88,100,92,114,105	18,17,18,18,17,16,14,21,18,26	96	75
3829	78,69,76,61,53,75,69,77,75,71	15,25,13,18,14,11,17,16,26,18	69,90,59,93,72,80,99,81,83,105	12,17,16,23,24,5,10,14,21,21	87	75
3830	71,90,69,74,54,62,64,83,74,65	0,3,1,3,2,0,3,2,1,0	65,93,59,89,63,83,76,85,76,66	0,2,0,3,1,0,1,0,1,1	78	75
3831	313,285,275,282,307,286,234,232,249,278	6,4,9,1,5,2,3,3,6,2	357,324,256,236,249,283,277,215,272,239	1,6,4,4,7,3,6,7,3,4	339	75
3832	0,2,0,0,2,0,0,0,0,0	2,5,1,0,1,1,1,1,1,2	0,0,0,0,0,0,0,1,0,1	3,1,2,1,2,3,1,1,3,1	81	75
3833	24,16,12,8,14,7,9,12,15,11	1,1,0,0,0,0,0,0,2,0	8,19,9,17,13,11,10,13,16,15	0,0,0,0,1,0,0,0,1,0	133	75
3834	0,0,0,0,1,0,0,0,0,0	7,7,9,3,2,1,4,7,8,3	0,0,0,0,0,0,0,0,0,0	7,6,3,7,3,10,7,3,4,1	79	75
3835	0,0,0,0,1,0,0,0,0,0	0,0,1,0,1,0,0,0,0,0	0,0,0,0,0,0,0,0,0,0	0,2,0,0,1,0,0,0,0,0	91	75
3836	85,82,79,77,75,84,65,92,80,103	18,18,10,11,14,8,9,20,9,11	69,102,98,112,91,78,85,95,89,78	11,20,17,16,7,15,15,16,21,10	150	75
3839	277,251,270,219,264,188,207,160,213,250	0,1,4,2,1,0,0,1,1,0	192,263,224,229,244,217,248,215,197,183	0,0,1,3,1,10,1,0,0,1	960	75
3840	0,1,2,0,0,1,1,0,0,1	0,0,0,2,0,0,0,0,0,0	0,2,1,2,2,1,2,1,0,0	0,0,0,0,0,0,0,0,0,0	91	75
3841	17,21,12,16,16,20,18,15,21,13	3,1,3,3,4,4,6,0,1,0	19,24,10,22,24,15,15,10,17,12	6,6,7,6,1,5,6,0,0,4	91	75
3842	23,29,28,19,23,26,22,20,24,17	23,15,16,21,17,18,23,18,13,18	18,18,23,18,25,30,19,17,22,26	19,15,15,14,11,17,20,15,25,17	78	75
3843	0,0,0,0,0,0,1,0,0,0	0,0,0,0,0,1,0,1,0,0	0,0,0,0,1,0,0,0,0,1	0,1,0,0,0,0,0,0,0,0	78	75
3844	734,743,689,691,606,641,628,578,635,623	0,0,0,1,0,0,0,0,0,0	599,701,543,646,639,638,667,655,592,685	0,0,0,0,0,0,0,0,0,0	663	75
3846	71,83,87,67,83,99,38,69,89,76	8,6,9,10,3,6,1,0,2,1	70,108,100,98,82,78,72,69,80,52	4,10,11,4,2,9,4,9,11,4	190	75
3847	7,12,11,9,7,5,6,7,9,10	0,0,1,1,1,1,0,0,0,0	10,12,6,6,3,6,6,6,11,6	0,0,0,1,0,1,0,1,0,0	83	75
3848	90,127,108,83,92,83,68,85,90,99	0,0,0,0,0,1,0,0,0,0	78,107,86,99,70,103,82,94,102,93	1,0,1,0,0,0,0,0,0,0	82	75
3849	2,5,6,14,13,8,7,9,5,7	0,0,1,0,0,1,0,0,0,0	6,12,8,9,6,10,7,6,3,9	0,0,1,0,0,0,0,0,0,0	164	75
3850	2,2,1,8,12,4,4,5,3,3	0,0,1,0,0,1,0,0,0,0	5,5,4,10,2,9,3,3,3,7	0,0,1,0,0,0,0,0,0,0	167	75
3851	0,1,0,0,0,0,0,0,0,0	0,4,5,6,1,4,3,4,2,4	1,0,0,1,0,0,0,0,1,0	2,7,4,0,4,1,4,3,1,2	78	75
3852	5,10,4,2,4,0,5,6,1,5	81,96,87,58,74,76,59,59,81,63	4,6,4,1,7,2,0,6,7,6	67,87,60,75,67,62,93,83,80,72	159	75
3853	2,6,9,3,7,12,8,8,4,12	0,0,1,0,0,0,0,0,0,0	5,9,6,9,7,4,6,6,9,9	0,0,0,0,0,0,0,0,0,0	174	75
3854	53,69,69,45,43,56,42,49,49,46	0,0,2,0,0,0,0,1,0,0	52,40,39,49,38,49,61,51,40,48	0,0,0,0,0,0,0,0,0,0	80	75
3856	0,1,1,0,1,0,0,0,0,0	4,4,0,2,0,5,0,1,1,5	1,0,1,0,1,0,2,1,0,0	6,1,1,1,1,3,0,1,3,2	125	75
3857	2,4,5,4,6,3,3,3,2,3	10,11,10,0,3,4,5,6,6,11	4,4,3,5,2,3,3,4,3,2	7,10,5,4,8,7,6,8,4,12	314	75
3859	9,10,8,4,9,11,7,7,9,11	18,18,11,11,10,6,7,17,15,9	10,6,7,6,11,15,5,6,4,6	14,16,12,14,12,13,16,17,16,13	78	75
3860	153,165,162,139,151,132,124,127,161,129	4,2,7,5,3,4,6,5,4,4	141,185,159,167,136,150,124,134,126,135	6,3,5,7,4,5,6,5,3,1	133	75
3861	3,2,1,0,0,1,0,2,0,2	59,103,65,59,68,71,51,39,54,38	2,2,0,0,1,0,1,0,1,1	74,83,62,61,71,72,77,52,46,68	85	75
3862	0,0,0,0,0,0,0,1,0,0	24,38,29,19,23,15,27,28,22,19	0,0,0,1,0,0,0,0,0,0	24,13,16,21,14,27,30,14,19,21	104	75
3864	85,58,89,65,53,76,62,74,54,66	2,0,1,1,0,0,0,3,0,0	68,72,53,69,96,68,74,73,61,61	0,0,0,1,4,0,1,3,0,1	78	75
3865	67,93,112,93,67,80,57,65,68,87	2,0,3,2,0,2,1,0,0,3	85,81,80,91,91,85,100,64,61,66	3,2,4,2,1,3,3,1,0,0	131	75
3866	15,29,16,18,25,16,23,17,36,18	0,0,0,1,0,0,0,1,0,1	20,21,24,18,15,17,26,18,22,24	0,0,0,1,0,0,0,0,0,0	85	75
3868	86,90,79,95,89,75,70,74,71,82	5,5,7,1,3,2,3,1,1,1	85,84,56,63,80,85,80,62,78,49	1,4,5,2,3,2,4,1,2,1	78	75
3869	20,20,15,18,15,17,11,19,16,12	9,11,5,9,1,7,8,3,6,10	10,25,14,13,22,14,14,18,16,19	9,10,16,4,11,8,9,13,6,8	78	75
3870	90,66,105,96,80,77,92,90,92,63	4,2,3,1,2,4,0,1,0,2	95,85,72,73,94,91,111,86,92,74	0,0,0,2,3,0,0,0,1,2	90	75
3871	54,67,65,68,42,68,42,48,54,81	17,8,9,16,10,14,13,11,13,10	49,50,48,51,43,54,48,58,77,50	10,22,11,4,11,6,10,17,7,8	78	75
3872	1,0,0,0,0,0,0,0,0,0	17,19,27,18,18,28,22,17,23,34	0,0,0,0,0,0,0,0,2,0	22,31,20,8,26,10,25,21,20,29	93	75
3873	102,95,118,98,85,94,65,83,74,104	0,1,0,0,0,0,1,0,2,0	85,98,116,91,83,110,97,110,90,98	0,1,0,2,0,0,0,1,0,0	132	75
3874	51,49,56,43,67,44,40,46,35,38	0,0,0,2,0,2,0,0,2,0	44,46,29,31,37,30,38,55,60,37	0,0,1,0,1,0,2,0,4,0	81	75
3875	0,0,0,0,1,0,0,0,0,0	15,11,8,5,7,9,5,14,8,11	0,3,0,0,0,0,0,0,0,0	11,21,14,9,10,9,16,8,14,9	112	75
3878	46,43,32,22,35,43,25,21,32,32	0,0,0,0,0,0,0,1,0,3	30,30,31,16,35,32,24,29,31,34	0,0,0,0,0,0,0,0,0,0	98	75
3879	606,549,558,567,535,600,493,441,451,617	135,123,167,96,137,147,103,89,109,131	567,577,514,539,526,540,613,546,503,535	123,135,128,128,127,89,124,125,133,131	142	75
3880	326,383,425,298,364,368,288,260,251,340	474,449,457,429,388,498,357,337,390,440	314,334,351,350,377,313,342,328,351,323	463,421,494,423,465,389,414,418,460,443	78	75
3881	13,10,9,6,6,12,6,8,8,6	0,0,0,0,0,0,0,0,0,0	10,7,8,4,5,7,9,4,9,4	0,0,0,0,0,0,0,0,1,0	79	75
3882	14,15,12,11,19,13,9,13,12,11	2,0,0,1,0,0,0,0,4,2	12,11,9,16,12,12,20,11,17,11	1,0,0,0,0,2,4,0,0,0	128	75
3883	23,14,24,22,37,19,20,24,27,21	10,6,7,6,3,2,1,5,5,5	26,27,17,17,19,36,33,34,24,25	5,3,0,6,2,4,3,6,4,6	133	75
3885	0,0,0,1,0,1,0,0,0,0	35,16,27,25,19,28,23,18,26,16	0,0,0,0,2,1,0,0,0,0	21,26,20,20,13,23,22,28,27,25	94	75
3886	0,0,0,0,0,0,0,0,0,0	13,10,20,13,15,20,15,11,10,23	0,0,0,1,0,0,0,0,0,0	11,10,11,12,16,7,19,10,13,9	90	75
3887	28,45,24,41,29,47,27,40,46,47	9,12,5,8,9,8,1,3,11,9	30,45,45,39,48,45,39,49,29,45	2,7,10,6,7,3,8,7,17,4	78	75
3888	4,2,6,6,4,9,7,5,6,11	51,54,33,52,42,43,50,46,39,75	12,6,4,4,7,11,7,5,7,6	44,56,59,51,56,45,52,77,54,51	78	75
3889	5,16,11,18,11,12,12,15,9,12	56,48,51,52,49,44,55,39,51,44	10,11,17,11,10,12,15,22,10,15	36,29,56,56,50,63,53,63,56,52	135	75
3891	5,4,4,6,3,2,6,5,3,1	7,6,10,1,4,5,5,1,5,8	1,5,0,0,4,1,2,3,6,4	8,7,4,6,2,8,5,5,3,5	342	75
3893	9,1,13,9,6,9,9,12,10,11	0,0,0,0,0,1,0,0,0,0	11,6,12,3,3,14,4,4,6,3	0,0,0,0,0,0,0,0,0,0	79	75
3897	33,24,28,28,28,27,27,31,26,28	7,4,5,4,2,2,0,2,2,1	26,39,21,29,31,25,27,12,25,31	0,2,3,1,5,0,6,3,2,4	89	75
3898	0,1,2,0,1,0,0,0,0,0	18,24,33,34,19,28,25,30,28,31	0,0,0,0,0,0,1,0,0,0	30,34,24,31,21,40,25,16,24,28	119	75
3899	0,1,0,1,0,1,0,0,1,0	0,1,0,0,1,0,0,0,1,0	0,1,0,0,0,0,1,1,1,0	0,1,0,0,0,0,0,0,2,2	124	75
3900	1,0,2,0,0,0,0,1,1,1	0,0,0,0,0,0,0,0,0,0	4,0,1,1,1,0,5,0,1,0	0,0,0,0,0,0,0,0,0,1	81	75
3901	8,9,9,12,11,2,5,5,5,9	33,39,29,27,33,40,32,22,23,41	7,5,6,7,1,2,8,6,5,3	23,48,25,31,28,33,41,25,34,23	130	75
3902	304,269,294,261,212,236,219,207,216,227	2,2,0,1,0,0,1,3,1,0	230,249,252,220,230,256,255,258,264,225	4,1,4,0,0,2,4,0,3,1	2327	75
3903	1,1,0,0,0,0,2,4,0,1	0,0,0,0,1,0,0,0,0,0	0,0,0,0,0,1,1,0,0,0	0,0,0,0,0,0,0,0,0,0	102	75
3904	50,43,52,48,40,49,38,50,46,51	0,0,0,0,0,0,0,0,0,0	50,65,48,30,67,52,40,48,42,43	1,0,0,0,0,0,0,0,0,0	620	75
3905	1,1,3,1,3,4,1,0,1,0	2,4,3,3,2,6,2,6,3,2	4,0,3,3,2,3,2,0,6,1	3,1,1,3,2,3,2,3,6,2	78	75
3906	1,0,2,0,1,0,1,0,3,0	2,0,1,1,0,2,0,0,0,0	0,0,2,1,0,3,0,0,1,3	1,0,3,0,0,1,2,0,0,0	78	75
3908	69,42,67,63,70,53,58,67,71,58	0,0,0,0,0,1,0,0,0,2	52,43,50,41,57,78,81,60,55,48	0,0,0,0,2,0,0,0,0,0	198	75
3911	0,0,0,0,0,0,1,0,0,0	0,0,1,1,0,2,1,1,0,0	0,0,0,0,0,0,1,0,0,2	0,0,0,0,0,1,0,3,0,0	133	75
3912	390,363,370,333,297,323,323,296,359,336	1,0,0,0,0,0,0,0,0,0	354,369,321,310,397,364,340,352,338,378	0,0,0,0,0,0,0,0,0,0	99	75
3913	177,155,159,154,150,154,125,140,144,160	12,11,12,9,12,20,12,22,12,12	132,159,135,134,147,162,152,159,138,184	14,21,11,10,14,12,15,16,12,16	95	75
3914	13,13,21,8,16,19,10,11,9,11	68,77,73,59,43,59,53,65,61,65	14,12,18,13,13,12,13,18,17,11	53,75,63,49,74,70,59,54,60,51	90	75
3915	130,150,157,125,115,145,114,99,111,117	68,77,73,59,43,59,53,65,61,65	116,124,106,114,136,129,130,139,124,115	53,75,63,49,74,70,59,54,60,51	114	75
3916	117,138,137,117,100,127,104,88,102,106	0,1,1,0,1,1,0,0,0,0	102,112,88,102,123,118,118,121,107,104	0,0,0,1,0,1,1,0,0,0	99	75
3917	2,5,5,9,7,9,9,6,10,8	0,0,0,0,0,0,0,1,0,0	6,11,8,10,5,14,5,5,6,8	0,1,0,0,0,0,0,0,0,0	138	75
3918	0,0,0,0,0,0,2,0,0,0	0,0,0,0,0,0,0,0,0,0	0,1,1,0,0,0,0,0,0,1	0,0,0,0,0,0,0,1,0,0	138	75
3919	157,153,140,122,123,119,101,103,115,122	2,1,2,3,4,1,0,1,1,1	110,151,101,106,125,133,119,109,117,113	3,0,1,0,2,3,1,5,0,0	78	75
3920	137,145,152,141,125,162,102,110,118,149	10,20,8,17,15,20,7,11,22,4	134,156,119,137,145,134,149,138,116,124	17,11,15,17,10,19,15,17,10,9	150	75
3924	0,0,0,0,0,0,1,0,0,0	0,1,0,0,1,2,0,0,0,1	0,0,0,0,0,0,0,0,0,0	1,2,1,1,1,0,0,2,1,0	78	75
3926	290,294,334,296,260,306,279,239,257,311	1,2,4,3,4,3,4,4,4,5	257,320,256,264,278,289,274,271,248,269	9,6,6,0,8,3,3,2,3,5	94	75
3928	0,0,0,0,1,0,1,1,0,0	0,0,0,0,0,1,0,0,0,0	0,0,0,0,0,0,0,0,3,0	0,0,0,0,0,0,0,0,0,0	89	75
3930	0,1,0,1,1,0,0,0,0,0	5,4,1,0,4,2,1,5,3,5	2,1,1,0,0,1,0,1,0,2	7,2,2,1,6,5,4,5,4,5	78	75
3931	1,0,0,0,0,0,0,1,0,0	0,1,2,0,0,0,0,0,0,0	1,0,0,0,0,0,0,0,0,0	0,0,0,0,0,1,0,0,0,0	78	75
3932	0,0,0,0,0,0,1,0,0,0	0,0,0,0,0,0,1,0,0,0	0,1,0,0,0,0,1,0,0,0	0,0,0,0,0,0,0,0,0,0	78	75
3933	0,0,0,0,0,0,0,1,2,0	0,0,0,0,0,0,0,0,1,0	1,0,0,0,1,2,0,0,0,0	0,0,0,0,0,0,0,0,0,0	78	75
3934	67,55,65,58,48,45,58,55,38,36	0,0,0,0,2,0,1,1,0,0	47,53,55,47,55,45,51,59,51,48	0,2,0,1,0,1,0,4,0,0	312	75
3935	1,0,0,1,0,0,0,1,0,0	28,24,39,21,30,25,25,19,26,24	0,0,0,0,0,2,1,0,0,0	33,26,20,25,23,27,27,30,18,31	92	75
3936	35,33,34,31,37,28,24,36,27,25	10,7,7,16,7,10,5,2,6,5	27,32,20,30,36,35,23,37,32,18	7,10,6,6,4,2,13,6,4,7	78	75
3937	28,22,22,23,23,20,27,27,29,29	9,11,11,10,19,12,13,13,18,9	21,24,14,24,21,37,23,23,27,25	9,15,7,13,11,8,9,13,10,9	120	75
3938	0,0,0,1,1,0,0,0,0,0	23,20,19,22,25,17,12,10,16,16	0,1,0,0,1,0,0,0,0,0	24,11,17,8,14,16,18,19,7,24	161	75
3939	3,0,3,1,0,0,2,1,3,0	26,22,16,17,11,19,24,21,26,18	2,0,0,1,4,1,5,2,0,2	19,13,8,14,12,18,30,17,13,20	120	75
3940	8,10,12,5,4,8,5,12,15,7	19,15,15,10,5,13,18,14,16,16	10,8,7,6,9,12,11,5,11,3	8,10,3,7,11,13,29,13,7,6	78	75
3941	12,15,33,19,40,30,22,17,24,23	0,2,2,0,3,0,0,0,0,0	27,33,27,34,18,27,27,20,26,28	0,0,0,0,0,0,0,1,0,0	79	75
3942	0,0,0,1,0,1,0,0,0,1	318,284,280,258,249,285,235,229,248,219	0,0,0,0,1,0,1,0,0,0	243,279,188,187,208,247,268,222,204,173	97	75
3944	204,183,229,189,197,202,186,145,175,196	45,56,44,54,51,54,42,31,54,50	149,226,185,168,198,215,195,192,155,217	37,42,42,42,47,43,54,46,56,53	78	75
3945	12,14,16,16,13,16,11,4,8,6	155,169,146,141,174,123,142,110,141,136	12,14,15,13,12,7,10,12,6,7	147,168,132,149,132,151,149,139,120,127	78	75
3946	215,211,175,159,194,191,180,156,166,183	36,20,18,26,23,35,32,33,26,37	165,201,200,196,174,161,211,149,191,154	32,23,27,38,26,20,36,31,34,26	174	75
3948	0,0,0,1,0,0,0,0,0,0	6,3,4,2,3,0,1,0,5,4	0,0,1,0,0,0,1,0,0,0	4,2,1,2,1,0,3,9,2,3	102	75
3950	4,5,3,2,3,3,1,5,4,2	0,0,0,0,0,1,0,0,0,0	4,3,3,10,5,1,6,4,3,5	0,0,0,0,0,1,1,0,0,0	105	75
3951	36,34,31,30,40,20,37,19,23,29	2,2,1,0,2,2,3,0,2,2	32,26,20,35,42,27,35,28,28,35	0,0,0,0,2,0,2,0,0,0	106	75
3952	523,543,525,442,474,547,456,432,449,519	1,2,4,1,0,1,1,0,2,0	488,520,551,459,521,419,458,520,598,462	1,0,3,0,2,0,6,1,0,2	667	75
3953	451,469,474,369,401,456,383,386,393,468	1,2,4,1,0,1,1,0,2,0	431,438,453,407,447,372,408,438,507,392	1,0,3,0,2,0,6,1,0,2	762	75
3954	7,8,11,9,13,13,12,20,7,20	79,82,62,82,86,104,85,66,63,71	12,9,12,11,7,4,5,5,8,10	69,91,110,63,81,51,55,87,99,80	170	75
3955	14,23,20,19,15,19,23,18,14,23	3,6,4,4,4,1,4,2,5,4	21,26,19,24,24,23,20,27,9,26	6,5,3,2,1,1,2,0,2,2	161	75
3956	50,37,49,40,31,33,36,49,35,46	0,0,0,0,1,0,1,1,0,0	48,50,45,43,35,41,37,26,24,34	0,0,0,0,0,0,0,0,0,0	79	75
3958	42,56,53,42,35,53,49,50,48,42	1,10,4,8,1,11,7,2,11,7	57,45,40,27,47,43,38,47,41,34	7,5,6,8,3,1,5,4,3,4	102	75
3959	22,28,36,25,25,33,28,25,27,21	1,0,1,0,0,0,0,0,1,0	29,33,23,18,22,28,23,22,20,17	0,0,0,0,1,0,0,0,0,0	102	75
3960	32,43,41,42,32,54,39,34,37,40	0,1,0,0,0,0,0,0,0,0	38,39,33,31,25,34,29,32,32,26	0,0,1,0,0,0,0,1,0,0	102	75
3961	2484,2328,2463,2092,2117,2211,1860,1708,1925,2135	9,11,8,4,4,6,12,5,11,10	2181,2261,1969,1930,2066,2096,2156,1833,1975,2073	8,16,3,9,12,11,13,4,16,7	165	75
3962	34,32,55,39,43,46,52,34,39,42	24,30,6,15,15,18,9,7,12,17	42,38,29,37,46,45,59,47,32,46	20,19,8,11,20,19,23,23,16,14	170	75
3963	3,4,4,1,0,4,2,4,2,3	7,7,12,5,11,8,1,10,7,14	4,8,1,2,3,1,3,5,1,4	7,12,8,7,4,8,9,7,6,8	78	75
3964	26,33,22,37,23,25,23,22,30,22	0,0,0,0,0,0,0,0,0,0	36,42,20,31,25,16,27,29,13,17	0,0,0,0,1,0,0,0,0,0	384	75
3965	150,211,181,167,185,135,208,136,177,143	0,0,0,0,0,0,0,0,0,0	180,148,139,186,156,114,167,179,195,144	0,0,0,0,0,0,1,0,0,1	208	75
3966	18,18,12,12,18,12,17,7,8,10	0,0,0,0,0,0,0,0,1,0	17,16,11,10,9,14,12,8,17,15	0,0,0,0,0,0,0,0,0,0	80	75
3967	1,1,1,0,0,0,1,0,1,1	10,8,7,21,16,7,9,11,8,10	1,0,1,0,0,0,0,0,3,1	9,7,8,10,12,12,7,6,11,7	95	75
3972	0,0,1,0,0,0,0,0,0,0	0,0,1,2,0,6,0,1,1,0	1,0,0,1,0,0,0,0,0,0	1,2,2,2,2,1,1,3,3,1	108	75
3973	0,0,1,0,0,0,0,0,0,0	0,0,1,2,0,6,0,1,1,0	0,0,0,1,0,2,1,0,0,0	1,2,2,2,2,1,1,3,3,1	103	75
3974	0,2,0,0,0,0,0,1,1,0	0,0,0,0,0,0,0,0,0,0	0,0,0,0,0,0,0,0,0,0	0,0,0,0,0,0,1,0,0,0	82	75
3975	0,2,0,0,3,0,0,1,1,0	1,6,1,1,1,0,2,1,2,1	0,0,0,0,1,1,0,0,0,0	2,0,3,3,1,2,0,1,4,2	122	75
3976	0,0,0,0,3,0,0,0,0,0	1,6,1,1,1,0,2,1,2,1	0,0,0,0,1,1,1,0,0,0	2,0,3,3,1,2,0,1,4,2	115	75
3977	58,41,41,41,27,35,30,68,34,59	45,46,32,32,32,33,32,65,41,47	53,74,34,33,41,47,52,47,31,49	45,52,36,19,31,55,61,35,30,29	96	75
3978	54,47,33,43,39,42,35,56,50,47	5,0,0,2,1,1,1,1,0,2	41,68,20,49,42,56,50,39,35,51	1,1,1,1,1,0,0,0,1,0	98	75
3979	0,0,0,0,1,0,0,0,0,0	26,8,24,28,14,13,14,22,13,12	0,0,0,0,0,1,0,0,0,0	15,8,15,19,16,15,11,12,16,18	170	75
3980	37,45,33,34,34,34,20,34,36,36	3,9,7,4,10,4,6,4,8,3	39,42,39,34,30,23,31,49,33,40	5,20,7,3,8,7,6,9,7,11	150	75
3981	2,1,1,3,2,0,0,0,0,0	0,1,0,0,0,0,1,0,0,0	0,1,2,2,1,1,1,0,2,0	0,0,0,0,0,0,0,0,0,0	79	75
3982	15,5,10,16,5,10,7,7,3,7	0,1,0,3,3,0,1,0,0,3	5,8,12,3,8,10,12,7,8,6	0,2,0,0,0,0,1,0,0,0	79	75
3983	9,13,15,7,11,5,7,9,13,8	21,13,17,13,17,14,24,15,18,16	8,17,11,11,11,8,15,16,11,11	19,19,12,17,16,23,24,19,18,14	99	75
3984	18,12,15,18,15,12,9,9,23,14	11,11,5,8,8,11,12,7,9,6	17,10,6,13,13,13,14,13,9,13	7,8,5,8,6,6,20,13,16,12	78	75
3986	64,49,58,78,65,85,62,52,37,38	0,1,1,0,0,0,0,0,1,1	90,113,60,61,34,56,45,42,98,49	0,0,0,0,0,0,0,0,0,0	145	75
3987	66,56,55,79,63,91,56,43,26,36	0,1,1,0,0,0,0,0,1,1	96,121,58,59,30,47,41,40,96,54	0,0,0,0,0,0,0,0,0,0	177	75
3988	99,74,76,111,97,136,90,67,50,65	0,1,1,0,0,0,0,0,1,1	144,189,92,84,60,80,77,71,147,108	0,0,0,0,0,0,0,0,0,0	265	75
3989	9,9,4,10,4,14,3,1,1,6	7,2,7,9,6,8,9,10,12,8	11,11,5,5,3,3,2,7,11,8	5,3,7,7,7,12,6,9,13,3	107	75
3990	42,27,25,42,38,59,37,25,25,35	7,2,7,9,6,8,9,10,12,8	59,79,39,30,33,36,38,38,62,62	5,3,7,7,7,12,6,9,13,3	195	75
3991	33,18,24,32,34,45,34,24,24,29	0,0,3,0,0,0,0,0,0,0	48,69,34,25,30,33,36,32,51,54	0,1,0,0,0,0,0,1,0,0	163	75
3992	59,52,55,74,63,81,55,44,28,34	0,0,0,0,0,0,0,0,0,0	93,111,57,57,29,48,44,39,87,51	1,0,0,0,0,0,0,0,1,2	145	75
3993	105,74,81,113,102,136,91,66,51,67	0,0,0,0,0,0,0,0,0,0	149,191,94,86,64,80,80,73,150,110	1,0,0,0,0,0,0,0,1,2	265	75
3994	48,27,30,44,43,59,38,24,26,37	2,5,4,5,4,4,2,2,3,4	64,81,41,32,37,36,41,40,65,64	8,1,4,3,2,4,5,6,2,5	195	75
3995	58,44,27,27,25,29,26,32,30,36	52,50,44,44,48,57,44,25,47,30	40,42,36,38,43,27,32,32,28,35	64,47,51,47,43,49,57,54,46,35	78	75
3996	11,11,21,11,15,7,9,9,10,12	3,1,4,0,4,2,2,0,3,1	16,20,16,13,10,9,13,13,17,10	2,1,2,2,0,2,2,1,0,0	97	75
3997	25,20,14,12,22,20,13,19,13,23	10,4,7,12,4,12,7,8,5,4	14,28,18,20,26,23,19,20,25,25	5,1,1,5,4,1,3,6,3,7	78	75
3998	51,29,30,32,44,35,34,26,40,31	1,3,2,2,0,1,1,0,1,2	25,27,27,29,30,37,28,27,25,36	2,3,3,2,3,3,0,5,3,0	116	75
4000	2,4,1,4,6,1,3,4,2,4	0,0,0,0,0,2,0,0,0,0	1,2,7,2,4,6,8,4,4,2	0,0,1,1,0,0,1,0,0,0	80	75
4001	199,172,190,200,214,164,150,128,169,183	0,0,1,2,0,2,0,0,0,1	187,172,180,173,153,189,191,188,145,178	0,0,0,0,0,0,0,0,0,0	80	75
4002	20,16,17,13,25,21,14,16,19,13	2,3,2,1,4,5,4,2,2,4	22,22,18,29,15,22,21,16,20,19	1,5,5,4,5,8,3,4,3,9	97	75
4003	9,6,6,3,7,3,3,3,9,2	87,79,95,73,89,90,78,63,66,74	7,12,6,8,7,8,8,2,8,8	74,88,76,77,86,74,99,66,75,87	97	75
4004	5,6,0,7,1,4,4,2,3,3	8,9,7,7,5,3,6,5,7,5	8,3,2,6,7,4,6,6,5,0	3,4,7,6,9,3,4,7,2,6	108	75
4005	0,0,0,0,0,0,0,1,0,0	10,8,13,8,11,15,7,11,12,11	0,0,0,0,0,0,0,0,0,1	12,9,8,6,14,12,12,7,9,6	124	75
4006	1,0,0,0,0,0,0,1,0,0	0,0,1,0,0,0,0,0,0,0	5,0,0,0,0,0,0,0,0,1	1,0,0,0,0,0,0,0,0,0	128	75
4007	11,8,13,8,11,15,7,11,12,11	0,0,1,0,0,0,0,0,0,0	17,9,8,6,14,12,12,7,9,6	1,0,0,0,0,0,0,0,0,0	79	75
4008	126,113,132,107,131,96,116,99,113,99	5,2,1,5,2,0,2,3,2,1	121,137,124,123,103,138,152,102,121,140	2,0,1,1,4,0,4,1,0,4	662	75
4009	1,1,0,2,1,1,0,2,5,2	45,33,40,32,16,24,34,37,45,35	2,4,0,0,2,1,1,1,1,0	34,44,32,30,45,37,36,27,38,35	92	75
4010	3,1,3,1,1,0,2,2,5,1	45,33,40,32,16,24,34,37,45,35	0,0,0,2,4,3,2,2,0,1	34,44,32,30,45,37,36,27,38,35	122	75
4011	2,1,3,1,1,0,2,2,5,1	0,1,0,2,1,1,0,2,5,2	0,0,0,2,2,3,2,2,0,1	2,4,0,0,0,1,1,1,1,0	105	75
4013	29,17,19,17,13,15,18,11,25,18	5,3,6,8,0,3,6,3,5,2	7,13,11,9,15,7,13,16,5,11	1,3,3,2,2,0,3,0,0,1	175	75
4014	0,0,0,0,0,1,1,1,0,1	0,0,0,0,0,0,0,0,1,0	0,1,0,0,2,0,0,0,0,0	0,0,0,0,1,1,0,1,0,0	191	75
4016	3,4,5,8,7,6,7,3,1,4	0,0,1,0,1,1,0,1,1,0	4,3,3,11,4,3,5,6,3,2	0,1,0,1,0,1,1,0,3,2	111	75
4017	17,16,14,13,17,12,17,14,13,13	3,2,1,0,3,2,2,1,3,0	20,17,21,24,23,14,17,11,18,11	4,1,2,0,1,1,2,3,1,2	181	75
4018	14,12,10,5,11,7,10,12,13,9	3,2,1,0,3,2,2,1,3,0	16,15,18,14,19,12,13,5,18,11	4,1,2,0,1,1,2,3,1,2	145	75
4019	3,4,5,10,10,6,8,3,1,4	6,7,10,3,5,7,3,5,5,7	5,2,6,15,4,4,5,7,4,2	7,7,4,8,7,2,2,5,6,3	111	75
4020	17,16,14,15,20,12,18,14,13,13	69,77,61,53,60,53,76,50,57,54	21,16,24,28,23,15,17,12,19,11	58,67,66,64,56,74,55,76,65,66	181	75
4021	20,19,19,8,15,13,13,16,17,16	69,77,61,53,60,53,76,50,57,54	23,21,22,21,26,13,14,10,21,12	58,67,66,64,56,74,55,76,65,66	145	75
4023	3,1,0,0,1,0,0,5,3,1	0,0,1,0,0,0,0,0,0,0	2,2,2,1,4,6,0,2,2,1	0,0,0,0,1,0,0,0,0,0	90	75
4024	43,19,23,5,25,6,18,48,65,29	0,0,1,0,0,0,0,0,0,0	13,43,22,17,20,53,15,23,14,23	0,0,0,0,1,0,0,0,0,0	159	75
4025	41,18,23,5,24,6,18,45,65,29	1,0,0,0,0,0,0,2,3,1	13,43,20,17,16,49,15,23,13,22	2,2,0,1,0,2,0,2,1,0	144	75
4027	334,297,347,287,274,266,279,264,307,314	11,19,15,20,15,18,12,24,24,18	296,304,260,296,297,352,328,282,264,266	24,19,15,16,23,17,20,15,23,14	114	75
4028	47,54,53,41,30,34,52,41,38,40	0,2,1,1,4,2,1,4,1,3	30,44,36,42,45,44,34,47,38,27	1,3,2,2,2,0,4,0,2,0	78	75
4030	53,46,48,40,30,42,38,33,61,43	2,12,5,12,4,5,2,6,5,7	38,52,43,31,41,45,46,38,45,49	11,5,9,10,6,4,4,3,5,5	145	75
4031	34,35,50,33,22,43,19,20,44,35	1,0,0,0,0,0,0,0,0,0	24,28,38,30,42,31,21,34,40,33	0,0,0,0,2,0,0,0,0,0	92	75
4033	33,27,29,28,43,40,43,29,31,32	13,11,21,12,13,14,6,11,14,14	30,31,37,19,35,41,39,37,29,32	13,15,19,12,6,6,10,14,13,8	78	75
4034	57,92,77,69,75,66,58,51,56,80	1,1,1,0,1,1,4,0,0,0	53,77,75,71,65,76,76,59,72,58	1,1,1,1,0,0,1,2,2,1	96	75
4035	110,101,112,96,101,105,76,53,114,89	49,40,37,45,43,42,37,47,41,34	106,109,81,107,124,97,107,103,98,73	32,44,55,44,39,39,36,43,39,47	78	75
4036	77,87,64,68,59,60,80,57,55,71	66,59,56,50,58,35,39,57,40,47	82,72,77,68,67,48,58,94,74,57	49,50,49,55,49,56,50,41,39,46	78	75
4037	0,0,1,2,2,0,0,2,0,6	0,0,0,0,0,0,0,0,0,0	1,0,1,0,2,3,0,0,4,0	0,0,0,0,0,0,0,1,0,0	78	75
4038	123,112,132,115,97,99,91,99,116,117	42,36,53,46,45,35,27,39,41,37	114,115,110,119,118,124,121,113,114,100	32,44,31,31,24,33,34,39,33,19	195	75
4039	197,177,189,172,160,142,131,158,178,166	42,36,53,46,45,35,27,39,41,37	169,159,151,173,166,186,174,172,169,144	32,44,31,31,24,33,34,39,33,19	243	75
4040	80,71,64,61,65,49,40,65,66,57	6,6,7,4,2,6,0,6,4,8	56,50,50,59,52,69,59,63,62,49	1,6,9,5,4,7,6,4,7,5	123	75
4041	19,22,24,23,15,12,13,9,13,15	43,48,40,41,47,39,43,28,55,51	11,14,18,13,21,8,16,13,17,21	52,40,50,35,61,47,64,41,39,40	78	75
4042	0,1,2,0,1,0,2,0,1,0	18,19,24,20,14,21,15,10,15,22	0,1,0,0,0,0,2,0,0,0	18,24,18,15,22,19,24,24,14,15	78	75
4043	3,3,6,6,6,2,2,2,0,3	44,29,46,34,39,40,21,29,43,39	2,3,1,2,1,3,2,3,2,5	29,41,31,39,46,23,24,50,23,24	78	75
4044	136,136,136,144,127,148,111,136,114,136	7,3,4,1,3,2,2,0,0,2	128,148,124,133,121,143,112,140,124,135	2,1,1,6,2,4,0,4,2,3	184	75
4045	119,121,114,133,113,120,96,125,93,119	0,0,0,0,0,0,1,1,0,0	110,128,98,121,98,120,89,116,113,118	0,0,0,0,0,0,0,0,0,0	458	75
4046	7,4,6,0,12,3,7,6,4,2	0,0,0,1,0,1,0,0,0,0	5,5,2,3,3,9,4,4,3,5	0,1,0,0,0,0,0,0,0,0	208	75
4047	145,168,171,114,146,176,122,125,118,103	116,131,115,108,89,99,83,99,78,104	145,220,122,125,105,122,168,122,122,128	129,124,108,95,68,92,116,99,97,88	111	75
4048	0,0,1,0,0,0,0,0,1,1	0,0,0,0,0,0,1,0,1,1	0,1,0,0,0,0,0,0,0,1	0,1,0,1,0,0,0,0,1,0	128	75
4049	15,13,14,10,11,22,10,14,12,11	272,246,241,227,218,181,218,184,187,231	15,28,20,19,23,13,19,17,12,11	223,251,225,204,230,228,240,196,194,214	222	75
4050	2,6,3,7,7,6,4,4,4,2	1,0,1,0,0,0,0,0,0,0	2,4,4,2,2,2,7,5,5,3	0,0,0,0,0,0,0,0,0,0	116	75
4051	18,11,9,9,17,12,12,12,16,5	0,0,0,1,1,0,0,1,1,3	12,14,8,9,11,7,9,12,10,8	1,1,0,2,0,1,0,4,0,0	79	75
4052	0,0,0,1,0,0,0,0,0,0	36,47,64,48,51,56,46,50,47,38	0,0,0,1,0,0,0,2,0,0	40,66,50,62,45,38,57,60,41,53	210	75
4053	2,3,1,6,2,4,3,4,7,4	0,0,1,0,0,0,0,0,0,0	3,8,6,3,3,3,7,5,8,3	1,0,0,0,0,0,0,0,0,0	78	75
4055	30,29,26,22,31,24,21,12,36,20	22,25,35,29,14,28,36,18,25,27	31,14,26,18,41,37,32,23,31,29	26,19,31,23,32,33,32,18,21,24	78	75
4060	0,0,0,0,1,0,0,0,0,0	0,0,0,0,1,0,1,0,0,0	0,0,0,0,0,0,0,0,0,0	1,0,0,0,1,0,1,0,0,0	76	75
4062	6,3,8,5,5,5,6,3,8,8	16,17,8,8,11,9,14,12,12,9	7,5,6,8,1,3,1,3,2,3	8,9,13,4,10,12,12,6,7,7	78	75
4063	414,400,421,358,349,335,397,319,384,372	0,1,0,0,0,1,0,0,0,0	350,393,341,360,421,384,390,355,444,400	0,0,0,0,0,0,0,0,0,0	1323	75
4064	0,1,1,2,1,0,0,3,2,2	13,21,11,15,10,18,8,8,13,7	1,2,3,2,3,0,1,0,0,0	13,13,16,10,17,13,16,11,6,8	134	75
4065	16,16,16,12,12,11,6,24,13,4	0,0,0,0,0,0,0,0,1,0	10,12,13,16,16,8,7,12,11,5	0,0,0,0,0,0,0,0,0,0	596	75
4066	16,18,11,11,8,11,17,11,9,13	4,11,8,6,6,0,4,4,4,9	10,11,11,7,19,8,15,15,13,6	1,5,3,4,8,4,3,4,9,7	78	75
4067	22,17,13,19,13,14,12,11,14,9	3,3,3,1,6,3,2,1,4,2	15,15,7,12,19,17,13,18,11,10	8,4,3,2,3,10,3,3,2,2	78	75
4068	0,0,2,0,2,0,4,0,0,0	967,889,949,818,836,814,738,698,809,857	1,3,0,4,1,1,1,2,3,1	778,899,769,739,930,872,843,798,735,779	148	75
4069	604,550,565,562,498,528,452,428,446,532	0,0,0,0,0,0,0,0,0,0	498,575,470,433,492,536,525,512,449,467	0,0,1,0,0,0,0,0,0,0	392	75
4070	34,33,46,34,36,39,30,24,37,23	2,4,0,3,2,3,2,0,0,0	43,33,30,28,38,33,22,22,33,16	2,1,3,0,0,2,1,2,3,2	131	75
4073	0,0,1,0,1,0,0,1,1,2	30,31,30,13,32,40,27,23,38,26	0,0,1,0,0,2,0,0,0,0	22,25,25,23,26,30,25,20,9,16	87	75
4074	16,6,20,15,31,16,12,15,18,17	19,14,8,11,24,14,7,15,13,10	27,28,37,29,25,20,27,28,28,25	27,22,16,33,26,20,18,24,19,20	78	75
4075	0,1,0,1,2,0,0,1,0,0	1,1,1,0,1,1,0,2,2,4	0,2,1,1,0,0,0,0,0,2	0,1,2,3,1,0,1,1,3,0	78	75
4076	167,158,164,133,152,157,143,121,151,152	0,0,1,0,0,0,0,0,0,0	172,175,146,139,160,163,154,161,146,133	0,0,0,0,0,0,0,1,0,0	82	75
4077	2,1,1,0,0,0,1,0,0,0	0,2,0,0,0,0,3,2,1,0	0,0,0,0,0,0,2,1,0,0	0,0,2,2,1,0,0,0,0,0	79	75
4078	27,36,31,22,32,25,22,27,33,26	30,29,28,34,25,28,28,29,22,26	20,38,27,22,12,37,32,19,19,29	26,29,34,26,25,30,22,30,30,25	78	75
4079	0,1,0,0,0,0,0,4,0,0	0,0,1,0,0,0,0,0,0,0	1,1,0,0,0,0,0,0,0,0	0,0,0,0,0,0,1,0,0,0	122	75
4082	1,1,4,1,2,4,0,2,2,1	14,10,5,12,15,7,10,11,10,7	4,2,1,2,0,1,1,5,7,3	8,8,10,9,10,10,5,9,5,5	132	75
4083	16,14,6,7,15,4,8,16,15,21	0,1,0,0,0,0,0,0,0,0	7,25,18,15,4,8,9,2,9,8	0,0,0,0,0,0,0,0,0,0	594	75
4084	5,1,0,0,2,6,3,3,3,3	0,0,1,1,0,1,0,0,1,0	0,1,2,1,3,1,2,2,1,2	0,1,0,2,1,0,0,0,0,0	79	75
4085	11,14,13,11,9,11,11,4,14,11	1,0,0,0,1,0,0,0,0,0	15,16,12,16,17,16,13,13,8,12	0,0,0,0,0,0,0,0,0,1	133	75
4086	11,5,12,16,17,6,11,14,10,15	0,0,0,0,0,0,1,0,1,0	9,19,18,9,15,9,11,11,12,10	0,1,0,0,0,0,0,0,0,0	79	75
4087	3,3,2,2,0,3,1,2,1,2	0,1,0,0,0,2,1,0,1,3	2,3,2,2,1,2,2,0,1,1	0,0,1,0,4,0,0,0,0,2	99	75
4088	3,2,2,2,0,3,1,1,1,1	0,0,0,0,0,0,0,0,0,0	0,3,1,2,1,1,1,0,1,1	1,0,0,0,0,0,0,0,0,0	99	75
4089	14,7,8,8,14,7,8,16,12,18	5,4,4,3,3,3,1,1,0,3	12,7,10,4,8,5,12,4,13,7	2,3,1,1,3,3,1,3,1,2	144	75
4093	282,231,274,265,232,222,193,201,235,270	6,6,5,2,5,2,6,4,6,4	248,282,252,235,198,235,212,178,244,208	1,3,5,3,1,1,1,1,5,0	97	75
4096	451,428,475,366,427,334,312,302,335,370	1,0,1,3,1,0,0,0,1,0	411,366,449,244,405,423,372,364,449,349	0,0,0,6,0,0,0,0,0,0	136	75
4097	107,104,104,75,79,90,81,83,77,106	0,0,1,1,0,1,1,4,0,3	105,112,100,69,78,115,106,97,81,104	0,1,0,0,0,1,0,0,1,0	198	75
4098	0,0,0,0,0,1,0,1,0,0	19,18,18,7,7,17,9,8,10,11	0,1,0,1,0,0,1,0,0,0	11,11,11,14,16,10,10,13,5,8	97	75
4100	0,0,0,0,0,0,1,1,1,1	10,6,6,9,6,8,8,2,11,5	0,0,0,0,0,0,0,0,1,1	7,7,3,6,11,4,7,10,9,10	87	75
4101	18,8,18,10,9,12,11,7,16,14	12,11,12,10,6,12,8,8,9,5	13,18,8,10,9,5,12,7,9,14	11,7,11,7,11,17,13,12,8,11	185	75
4102	7,7,10,14,9,15,20,13,10,19	20,18,11,16,10,14,5,11,3,8	5,19,4,5,7,6,13,14,14,9	9,4,10,14,7,11,22,12,12,15	257	75
4103	27,27,29,27,25,17,17,19,23,22	8,3,5,2,4,1,1,3,1,2	21,21,25,30,18,31,22,28,27,26	5,3,4,1,5,3,1,4,1,1	81	75
4104	19,13,14,13,21,21,22,18,15,14	8,3,5,2,4,1,1,3,1,2	10,16,10,12,12,17,19,10,16,21	5,3,4,1,5,3,1,4,1,1	2682	75
4105	17,11,11,12,19,21,20,18,14,11	25,25,26,26,23,17,15,19,22,19	10,15,5,10,12,11,18,7,13,16	21,20,20,28,18,25,21,25,24,21	2676	75
4106	7,7,5,4,7,1,7,7,10,1	3,3,3,2,1,5,2,1,1,1	4,0,5,7,5,6,5,4,7,6	3,3,2,2,2,1,3,2,2,0	161	75
4108	451,372,445,410,373,410,330,378,339,362	0,0,0,0,0,0,0,1,0,0	403,434,410,394,369,402,393,397,431,408	0,0,1,0,0,0,0,0,0,0	2511	75
4109	0,0,1,0,0,0,0,0,0,1	2,10,2,2,1,3,3,3,3,1	0,2,1,2,0,1,1,1,1,0	0,4,1,1,4,1,8,2,4,3	90	75
4111	21,23,23,35,36,38,20,21,27,20	1,0,1,0,0,0,0,0,0,0	28,32,15,17,21,29,19,19,32,16	0,0,0,0,0,0,0,0,0,0	511	75
4112	41,38,42,62,53,77,40,30,28,45	1,0,0,0,0,0,0,1,0,1	53,54,48,60,28,61,42,44,51,62	2,3,0,0,1,0,1,1,2,0	116	75
4113	0,0,1,0,0,2,0,0,1,2	243,237,296,289,235,280,214,186,194,237	0,1,0,0,0,0,1,0,1,1	287,293,265,246,243,274,216,287,256,214	205	75
4114	28,20,13,20,21,12,18,14,17,20	1,4,3,2,6,3,1,0,0,0	34,16,8,28,12,17,26,20,17,13	0,2,2,0,0,5,1,1,1,3	130	75
4115	24,22,22,20,19,21,24,16,16,30	1,1,1,2,1,1,3,1,1,2	15,25,14,26,23,18,9,18,21,28	1,1,3,2,1,1,1,0,2,1	162	75
4116	46,47,35,51,37,33,42,31,40,46	1,1,1,2,1,1,3,1,1,2	30,54,26,46,44,36,32,41,32,57	1,1,3,2,1,1,1,0,2,1	187	75
4117	23,27,13,32,21,12,18,16,24,18	1,2,0,1,3,0,0,1,0,2	15,30,13,20,22,18,23,23,12,29	0,1,1,0,1,0,0,0,1,0	100	75
4118	16,8,12,12,19,12,13,12,11,14	0,0,0,0,1,1,1,1,2,1	15,10,13,7,9,12,10,8,11,11	0,3,2,0,0,0,2,2,0,2	107	75
4119	3244,3289,3360,2993,2704,2806,2869,2469,2989,2882	1,0,1,0,0,0,0,0,1,0	3060,3102,2944,2899,3117,2993,3227,2585,2925,3180	1,0,0,1,0,2,0,0,0,1	504	75
4120	15,18,6,6,14,18,10,8,6,15	4,15,9,5,8,10,5,11,5,6	13,11,8,10,11,7,10,17,10,6	6,3,9,13,6,13,12,8,7,8	78	75
4121	0,0,0,0,0,0,0,0,1,0	25,23,17,13,15,25,20,14,22,9	0,0,0,0,0,0,0,0,0,0	18,16,15,15,13,23,24,14,12,17	117	75
4123	174,194,154,123,128,151,136,131,131,158	4,2,3,4,1,1,1,1,1,2	121,143,137,158,122,142,159,169,147,146	3,1,1,1,1,1,1,2,2,0	168	75
4124	6,6,6,5,3,10,1,6,3,7	0,0,0,0,0,0,0,0,1,0	5,6,8,4,3,6,5,11,7,5	0,1,1,0,0,0,0,0,0,0	78	75
4125	10,8,3,11,8,22,18,14,12,19	1,0,0,2,1,0,0,0,1,1	9,6,8,19,4,10,12,14,16,8	0,1,0,0,0,0,0,1,0,0	78	75
4126	0,2,1,0,0,2,0,0,1,1	0,0,0,2,0,0,2,0,0,0	1,0,0,1,1,0,0,4,0,0	1,0,0,1,1,0,2,0,0,0	153	75
4127	2,0,3,2,0,0,0,1,1,1	0,0,0,1,0,0,0,0,0,0	1,1,1,2,1,1,1,1,1,3	0,0,1,0,0,0,1,0,0,0	281	75
4130	24,19,17,15,17,14,18,6,10,14	0,0,0,0,0,0,0,0,0,0	15,10,6,11,16,21,24,15,11,9	0,0,0,1,0,0,0,0,0,0	270	75
4132	10,10,11,13,9,9,7,10,12,10	1,3,1,0,0,1,1,1,0,0	15,7,13,11,13,18,10,12,7,11	1,1,1,0,0,1,1,5,0,1	110	75
4134	164,149,146,125,141,122,118,127,117,128	1,1,3,5,8,2,2,2,2,0	157,154,142,133,147,141,151,126,116,123	4,3,0,4,1,2,0,3,0,4	173	75
4140	127,119,135,118,104,109,102,91,128,118	6,5,5,5,2,3,4,0,7,1	104,149,128,119,105,156,116,117,108,111	2,6,9,3,7,1,6,4,2,4	83	75
4142	14,19,14,11,5,17,11,10,13,9	19,23,31,25,22,10,18,22,33,27	8,11,4,9,7,7,13,12,12,9	17,17,28,19,25,26,32,16,23,21	106	75
4144	1,2,1,1,1,2,1,0,1,2	1,0,0,0,0,0,0,0,0,0	0,3,2,3,2,1,0,2,2,0	0,0,0,0,0,0,0,0,0,0	114	75
4145	8,7,4,1,2,8,5,3,3,4	0,0,0,0,2,0,0,0,0,1	5,4,3,4,3,4,1,2,8,2	0,1,1,0,0,0,1,1,2,0	114	75
4146	451,398,462,392,412,343,311,307,363,358	0,1,1,3,2,2,1,0,0,1	354,438,408,428,431,438,454,414,370,404	0,0,0,5,3,1,0,0,0,0	126	75
4149	18,27,24,19,19,18,11,13,22,17	1,0,0,0,0,0,2,0,0,0	19,22,15,25,22,20,15,22,23,20	0,1,0,1,1,3,1,2,0,1	179	75
4151	94,77,98,69,80,70,71,63,97,84	2,2,8,3,5,0,2,4,6,2	83,92,86,93,91,79,84,88,70,102	7,4,5,6,7,6,4,5,6,3	227	75
4152	68,80,81,61,64,91,63,64,72,65	3,0,1,0,3,0,1,0,1,2	82,82,78,80,77,82,78,61,93,77	1,1,4,2,0,4,2,1,1,2	78	75
4153	5,2,0,0,5,4,3,0,0,0	0,0,0,0,0,0,0,0,0,0	2,0,1,2,0,0,0,0,1,1	0,0,0,1,0,0,0,0,0,0	79	75
4154	13,10,23,14,15,15,12,8,11,19	15,11,15,9,12,5,7,8,13,6	5,14,11,12,8,18,7,8,6,8	8,10,15,13,13,10,21,16,10,6	79	75
4155	176,190,153,137,157,190,137,119,140,186	5,0,1,1,1,3,2,1,0,0	183,179,156,142,147,177,163,164,161,152	1,0,2,3,3,1,0,1,0,0	220	75
4156	169,147,185,166,140,136,164,129,136,182	1,0,0,0,0,0,0,0,0,0	157,148,188,171,156,176,154,136,141,135	0,0,0,0,0,0,0,0,0,0	120	75
4157	70,62,68,73,61,50,62,59,51,58	5,6,5,5,8,5,11,5,9,4	68,56,48,55,55,70,38,61,73,58	10,6,5,7,13,12,8,5,4,5	78	75
4158	85,68,80,67,73,52,58,56,69,62	24,21,20,17,16,17,17,10,12,15	56,71,64,76,57,69,59,59,80,63	15,20,15,4,11,7,15,5,25,10	90	75
4159	133,126,164,139,144,119,108,122,126,118	5,9,12,2,12,12,12,7,8,17	134,146,117,138,120,130,119,128,120,129	7,7,17,10,15,12,5,5,12,6	156	75
4160	70,68,60,55,41,40,36,71,37,54	0,0,1,0,1,1,1,0,2,0	38,54,45,56,46,46,50,53,51,43	0,0,0,1,2,1,0,1,2,1	93	75
4161	16,14,6,7,8,7,15,13,9,6	14,9,11,9,7,10,7,4,11,10	13,6,11,7,8,8,15,8,11,14	9,4,4,10,9,0,10,11,13,4	157	75
4162	12,5,12,11,13,11,10,15,12,10	0,0,0,0,1,0,0,0,0,0	12,12,15,9,11,11,14,10,14,15	0,0,0,0,0,0,0,0,0,0	166	75
4163	0,0,0,0,0,0,0,0,0,0	9,6,2,7,5,3,3,7,4,8	1,0,0,2,0,0,0,0,0,0	2,2,3,9,7,6,7,4,3,3	94	75
4164	4,3,3,1,4,9,6,2,6,2	0,0,0,0,0,0,0,0,0,0	4,10,4,7,4,6,8,5,3,8	0,0,0,0,1,0,0,0,0,0	80	75
4165	43,38,37,34,47,38,23,46,31,46	0,1,0,0,0,0,0,0,0,0	35,35,44,47,36,37,45,46,33,35	0,0,0,0,0,0,0,0,0,0	77	75
4166	218,188,155,310,159,187,274,279,249,176	0,0,3,1,0,0,0,0,2,0	251,169,191,207,252,240,232,246,217,228	0,0,0,1,0,0,0,1,1,0	161	75
4167	0,0,1,0,0,0,0,1,0,0	97,89,121,84,79,111,71,71,107,78	0,0,0,0,0,0,0,1,1,1	79,113,99,80,75,105,97,91,102,94	108	75
4169	85,70,87,54,80,76,51,72,54,88	1,0,0,0,0,1,0,0,0,1	69,96,52,72,74,78,74,69,74,54	1,0,0,0,0,0,0,0,0,0	800	75
4171	59,64,71,61,65,50,77,54,53,66	6,6,12,5,11,5,7,7,3,11	61,72,45,39,65,57,60,50,54,62	2,10,3,6,6,10,11,8,6,7	78	75
4172	34,42,46,29,33,40,31,25,39,34	6,5,9,6,4,5,2,8,5,8	50,41,36,35,30,36,41,31,40,29	11,5,5,14,10,9,7,5,1,1	80	75
4173	48,48,41,41,44,39,35,38,48,44	0,0,0,0,0,0,0,0,0,0	40,52,31,51,40,47,66,30,38,39	1,0,0,0,1,0,0,0,0,0	507	75
4174	7,1,2,5,4,1,3,1,1,1	1,0,0,0,0,0,0,0,0,0	2,3,0,2,5,5,1,5,2,2	0,0,0,0,0,0,0,0,0,0	507	75
4175	182,162,151,157,179,151,133,139,152,145	1,3,2,0,2,1,1,1,0,1	143,163,170,151,175,140,128,167,169,156	0,5,2,0,0,0,1,0,0,0	189	75
4177	1,3,0,2,0,4,0,1,2,0	1,0,0,0,0,0,1,1,0,0	1,3,0,2,0,1,2,0,0,1	2,0,1,1,0,2,0,0,0,0	78	75
4178	21,14,24,17,15,16,16,19,15,17	2,0,1,0,1,0,0,1,0,0	10,17,28,18,18,18,26,19,15,14	0,0,0,0,0,0,0,2,0,0	81	75
4179	0,0,2,4,1,0,1,0,0,0	0,0,0,0,0,0,0,0,0,0	1,2,0,0,0,0,0,0,0,1	0,0,1,0,0,0,0,0,0,0	79	75
4180	20,26,18,18,12,17,17,17,17,17	1946,1646,1959,1733,1718,1614,1420,1333,1604,1484	16,24,25,12,23,11,18,21,16,23	1786,1877,1603,1505,1774,1827,1747,1633,1542,1459	255	75
4182	0,1,0,3,0,1,2,1,3,1	1,1,0,2,0,1,3,0,1,5	2,2,1,0,2,1,3,3,2,2	0,0,0,0,1,3,5,0,1,2	78	75
4183	4,7,3,3,4,2,1,4,2,2	7,5,10,15,7,14,7,12,4,12	3,2,6,3,0,5,2,2,6,4	8,7,4,5,14,5,11,6,5,6	78	75
4184	0,2,1,0,0,0,0,0,0,1	4,0,1,2,4,1,1,1,3,2	0,0,1,0,3,0,1,0,0,0	2,2,0,1,0,5,0,3,1,0	109	75
4185	16,22,21,14,18,11,16,13,17,18	1,0,0,0,0,0,0,0,0,0	14,16,18,25,12,11,25,19,12,20	0,0,0,0,1,1,0,0,0,0	85	75
4186	3,1,0,3,0,0,1,0,1,1	17,18,13,17,20,10,30,25,30,10	3,1,1,2,2,0,0,1,1,1	14,29,13,26,16,13,16,21,23,11	87	75
4187	1560,1455,1470,1293,1273,1224,1202,1142,1261,1317	0,0,0,0,0,0,0,0,0,0	1396,1444,1326,1218,1222,1336,1354,1087,1240,1264	0,0,0,0,0,0,0,0,0,1	116	75
4189	1,0,2,3,2,0,0,1,2,1	1,5,1,2,1,1,2,2,1,2	1,4,5,5,4,4,0,0,1,0	2,3,2,0,2,2,0,1,1,0	78	75
4191	1,0,0,0,0,0,0,0,0,0	4,0,5,1,3,1,0,0,2,2	0,1,1,0,1,1,0,0,0,0	3,2,3,1,3,6,1,1,0,1	119	75
4193	6,0,2,2,1,3,2,9,10,1	14,6,5,4,2,3,3,6,11,7	3,5,4,3,3,2,2,2,3,2	2,5,5,3,6,9,2,2,0,10	131	75
4194	8,3,5,3,3,3,2,12,12,2	14,6,5,4,2,3,3,6,11,7	3,6,6,2,4,7,3,5,5,1	2,5,5,3,6,9,2,2,0,10	135	75
4195	3,3,3,1,2,0,1,5,5,1	1,0,0,0,0,0,1,2,3,0	1,1,3,0,1,5,1,3,3,1	1,0,1,1,0,0,0,0,1,2	79	75
4196	1,0,0,0,0,0,0,0,0,0	8,1,8,3,5,7,2,0,4,7	0,1,1,0,0,0,0,0,0,0	2,4,9,3,1,6,2,0,3,4	85	75
4199	1,2,5,2,1,1,1,2,3,2	0,0,0,1,0,1,0,0,1,0	0,4,3,2,3,0,5,0,1,4	0,0,0,0,0,1,0,0,0,0	79	75
4200	0,0,0,1,1,0,0,0,0,0	0,0,0,1,0,1,0,0,1,0	0,0,0,0,0,0,0,0,0,0	0,0,0,0,0,1,0,0,0,0	82	75
4204	15,9,5,8,15,11,7,8,7,15	0,0,0,0,0,0,0,0,0,0	12,16,11,13,4,12,8,11,7,10	1,0,0,0,0,0,0,0,0,0	137	75
4205	41,25,40,24,22,35,27,37,16,31	17,17,19,16,10,13,8,15,12,27	23,39,19,23,20,39,41,21,14,16	8,27,9,19,16,17,12,7,12,5	78	75
4206	558,719,541,568,383,466,641,498,506,550	184,90,310,196,260,126,285,244,291,89	537,629,450,646,552,466,368,452,682,538	156,239,191,117,152,309,385,259,104,177	784	75
4207	564,718,545,570,383,469,638,507,512,555	1,3,2,0,1,1,1,2,0,1	542,635,449,649,561,468,369,452,683,539	3,0,1,1,3,0,2,1,0,0	784	75
4209	52,52,52,54,57,50,52,64,38,29	0,0,0,1,0,0,0,0,0,0	47,77,49,57,46,30,50,54,49,52	0,0,0,1,0,0,0,0,0,0	2371	75
4210	18,20,20,16,15,15,12,21,29,20	0,0,0,2,2,1,1,1,0,1	24,15,18,20,11,14,15,19,22,18	2,0,0,0,2,1,0,1,0,0	79	75
4211	15,30,12,16,18,12,10,17,11,13	1,0,0,1,0,0,0,0,1,2	12,18,11,10,19,17,21,14,23,11	1,1,0,0,0,3,0,1,3,0	209	75
4212	19,14,19,14,23,16,11,19,19,13	91,99,129,86,87,108,117,114,113,109	16,21,13,13,15,16,17,19,15,21	97,144,104,108,103,112,97,81,72,81	78	75
4213	34,23,31,30,22,18,36,27,32,29	4,6,5,2,4,4,2,2,2,5	26,37,22,27,22,33,34,29,19,15	5,2,4,2,3,5,6,3,6,4	132	75
4214	66,52,69,61,54,45,72,68,78,62	4,6,5,2,4,4,2,2,2,5	59,72,55,56,55,79,68,62,41,45	5,2,4,2,3,5,6,3,6,4	162	75
4215	34,30,39,32,32,27,38,42,48,33	2,1,1,1,0,0,2,1,2,0	35,36,33,29,34,46,35,33,23,30	2,1,0,0,1,0,1,0,1,0	105	75
4216	191,150,168,156,178,160,142,130,143,163	14,19,18,10,14,13,13,11,7,13	163,203,154,173,135,175,206,131,137,154	14,8,11,5,10,9,14,26,13,12	80	75
4217	17,16,14,16,14,25,15,9,19,12	0,0,0,0,0,0,0,0,0,0	13,22,17,14,19,10,23,11,20,9	0,0,2,0,0,0,0,0,0,0	254	75
4218	4,7,14,6,13,7,9,5,6,7	1,2,0,0,0,0,2,1,0,0	7,7,15,11,10,10,7,8,5,11	1,0,0,1,1,0,0,0,0,0	80	75
4219	26,16,27,19,6,18,18,11,25,17	175,138,188,137,165,138,136,127,171,169	18,23,14,21,19,20,15,19,22,25	195,167,144,123,148,173,166,141,154,152	134	75
4220	157,160,147,117,133,106,113,114,148,124	0,1,0,0,0,0,0,0,0,0	163,171,149,145,123,145,140,121,120,122	0,0,0,0,1,0,0,0,0,0	435	75
4221	0,0,1,0,3,0,0,0,0,1	24,18,19,14,26,12,14,18,16,14	0,1,0,1,0,0,1,0,0,0	15,21,17,17,12,13,26,19,20,5	87	75
4222	3,1,0,0,0,0,1,0,0,0	0,1,0,0,0,0,0,0,0,0	0,2,0,0,1,0,2,2,1,0	0,0,0,0,0,0,0,0,0,0	153	75
4223	0,0,0,0,1,0,0,0,0,0	1,3,2,2,0,0,0,0,0,0	0,0,0,0,0,0,0,0,0,0	0,2,2,1,1,2,2,0,0,2	124	75
4224	0,0,2,0,1,0,1,3,0,0	0,0,0,0,0,0,0,0,1,0	0,1,2,0,0,4,0,1,0,0	0,0,0,0,0,0,0,0,0,0	280	75
4225	14,14,18,37,17,19,21,17,21,17	0,0,1,0,1,0,0,0,0,1	28,14,12,23,23,24,27,22,15,16	1,0,3,0,3,1,0,1,0,0	78	75
4226	44,33,35,44,31,44,48,26,28,38	29,17,24,20,20,17,16,21,24,51	27,32,43,38,32,31,37,33,24,28	34,22,31,19,43,31,15,30,23,27	246	75
4227	1,1,0,1,2,0,0,1,1,1	0,0,1,0,1,0,0,0,0,0	2,2,0,3,0,0,1,0,0,0	0,2,0,0,1,0,0,0,0,0	80	75
4228	1,0,1,0,0,0,1,0,0,0	17,13,14,17,11,8,10,15,15,12	0,0,0,0,1,1,0,1,1,0	15,17,15,4,15,13,9,10,13,9	154	75
4229	19,26,26,19,28,23,17,19,18,18	0,0,0,1,0,0,0,0,0,0	26,26,19,13,20,21,20,23,19,16	0,0,0,0,0,0,0,0,0,0	109	75
4230	9,10,8,6,10,7,9,6,4,12	0,0,0,0,0,0,0,0,0,0	3,8,7,5,4,6,11,9,5,1	0,3,0,0,0,0,0,0,0,0	78	75
4231	33,40,30,27,22,29,24,32,26,33	0,0,0,0,0,0,0,1,0,0	28,31,47,30,42,34,28,36,45,37	1,0,0,0,1,0,1,0,0,0	118	75
4232	3,0,0,1,1,0,0,0,4,2	0,0,2,0,0,0,0,1,0,1	1,1,0,0,0,0,0,0,0,0	0,1,0,1,0,0,1,0,1,0	108	75
4233	0,0,0,0,0,0,0,0,0,0	4,1,2,3,0,2,3,1,2,4	0,0,0,1,0,0,0,0,0,0	2,2,0,1,1,3,2,2,3,1	179	75
4234	153,148,193,130,139,137,124,135,108,164	0,0,0,0,1,1,0,0,0,0	144,160,132,134,153,131,105,158,135,125	1,0,0,0,0,1,0,0,0,1	2674	75
4235	2,0,0,1,0,0,0,2,0,0	4,4,9,9,5,4,7,7,11,6	0,0,0,0,0,0,1,0,0,1	10,16,5,7,5,6,10,9,8,12	236	75
4237	0,0,0,0,0,0,0,0,0,0	0,0,0,0,0,1,0,0,1,0	0,1,0,1,0,0,0,0,0,0	0,0,0,0,0,0,0,0,0,0	141	75
4238	9,4,7,10,11,6,9,6,7,13	134,101,126,109,108,101,98,92,108,116	9,5,4,7,5,2,7,8,4,12	98,113,116,92,120,144,113,121,109,100	114	75
4239	7,6,2,3,6,4,9,8,7,6	3,7,12,2,6,3,2,4,6,3	4,11,2,8,14,6,6,10,2,3	7,9,5,5,4,6,9,4,5,2	87	75
4241	2,3,1,2,3,3,3,0,0,4	0,0,0,0,1,0,0,1,0,0	4,2,3,2,1,2,1,3,0,0	0,0,0,1,0,0,0,0,0,0	78	75
4243	15,20,13,19,12,19,16,15,20,15	2,0,4,6,2,4,3,4,5,5	13,17,18,6,11,6,13,20,14,12	5,4,3,6,0,1,3,4,2,2	180	75
4246	13,15,21,10,14,14,15,14,14,20	1,4,6,3,7,1,0,2,0,2	25,23,22,10,28,11,21,15,22,22	2,2,6,4,1,3,5,0,4,4	78	75
4247	17,10,14,6,14,12,11,18,21,14	0,1,0,3,1,5,0,2,0,0	7,10,16,16,11,11,12,8,16,15	1,1,0,3,3,1,1,0,3,0	183	75
4248	9,11,8,3,2,11,8,8,9,7	0,1,0,3,1,5,0,2,0,0	15,13,7,6,4,7,8,5,7,6	1,1,0,3,3,1,1,0,3,0	85	75
4249	5,3,3,3,1,0,2,3,4,3	0,0,0,0,0,0,0,1,0,0	5,4,4,3,2,0,5,1,3,2	0,0,0,0,0,0,0,0,0,0	85	75
4250	17,25,25,24,24,23,21,16,18,28	462,511,475,394,417,359,377,338,424,417	18,37,22,18,27,27,24,22,24,4	431,432,419,452,415,451,490,381,400,335	96	75
4251	1,1,0,2,0,0,0,0,0,1	4,9,10,9,12,5,11,9,8,17	0,0,0,0,0,0,1,0,0,0	10,19,8,9,7,12,11,18,4,7	82	75
4252	0,0,0,1,0,0,0,1,2,0	52,64,30,46,48,44,32,37,43,46	0,0,0,0,0,0,2,0,0,1	41,51,41,51,41,36,47,56,46,40	94	75
4253	321,335,303,227,326,298,198,276,238,331	0,0,1,1,0,1,1,1,2,0	282,283,241,232,237,250,284,222,279,261	1,0,0,0,0,1,0,2,0,0	585	75
4254	413,397,363,289,403,363,240,329,310,402	6,4,4,2,6,6,3,0,0,3	358,348,323,290,306,300,342,287,342,320	5,6,7,1,2,5,10,2,4,0	718	75
4255	92,62,61,63,77,66,43,54,74,71	6,4,4,2,6,6,3,0,0,3	77,65,82,58,69,51,58,67,63,59	5,6,7,1,2,5,10,2,4,0	208	75
4256	103,92,74,63,82,85,64,66,78,77	0,0,0,0,0,0,0,1,0,0	64,98,64,65,67,91,83,86,94,106	0,0,0,1,0,0,1,2,0,1	164	75
4257	92,62,60,62,77,65,42,53,72,71	4,6,7,3,0,3,0,2,1,0	76,65,82,59,69,50,58,65,63,59	0,3,1,2,2,0,0,2,2,5	208	75
4258	150,132,115,93,115,126,84,90,106,118	2,1,2,2,4,0,2,3,2,1	95,152,93,123,98,127,112,108,135,123	0,2,0,2,4,1,1,1,3,4	164	75
4259	15,24,14,26,20,20,30,29,29,13	46,36,52,38,26,50,34,26,41,37	23,32,15,26,13,17,16,15,30,27	33,46,31,35,30,34,34,33,32,34	599	75
4260	66,56,75,49,61,60,45,46,53,48	1,0,1,0,0,0,0,0,0,1	59,61,49,65,42,57,71,57,51,41	0,0,0,0,1,0,0,0,1,0	181	75
4261	39,35,49,27,44,39,28,30,35,38	1,0,1,0,0,0,0,0,0,1	33,37,36,33,26,38,46,36,37,23	0,0,0,0,1,0,0,0,1,0	234	75
4262	3,2,3,5,5,6,2,5,4,8	30,23,29,27,22,27,19,21,22,18	3,6,4,0,7,9,2,4,2,6	29,30,17,32,23,28,27,25,16,24	128	75
4263	6,4,2,3,3,5,10,10,5,6	54,38,37,29,33,40,30,30,33,39	4,7,3,10,6,1,4,2,6,3	38,33,46,43,40,39,38,35,43,35	250	75
4264	5,2,2,2,3,3,7,4,5,4	54,38,37,29,33,40,30,30,33,39	3,6,3,8,5,1,4,2,5,2	38,33,46,43,40,39,38,35,43,35	291	75
4267	1,0,0,1,2,1,4,0,2,1	0,0,0,2,1,0,0,1,0,1	0,1,2,1,4,2,1,0,3,2	2,2,2,0,2,1,2,0,1,0	94	75
4268	2,3,0,0,0,3,1,1,2,0	0,0,0,1,2,0,0,0,0,0	2,0,2,2,3,1,2,0,3,1	0,0,0,0,0,0,0,0,0,1	78	75
4271	0,0,0,0,1,4,1,0,0,0	0,0,0,0,0,2,0,0,1,0	0,2,1,0,0,2,0,2,0,0	0,1,0,0,0,0,0,1,1,0	79	75
4273	3,1,0,1,1,4,3,2,6,5	5,4,2,3,4,3,4,3,5,2	2,3,2,2,3,0,3,2,1,2	5,2,2,1,4,3,4,5,4,5	78	75
4274	8,1,6,4,3,1,6,1,6,4	12,9,7,10,6,10,6,8,10,12	3,2,0,10,2,4,7,8,3,3	11,11,4,12,8,9,13,14,6,10	78	75
4275	0,0,0,0,0,0,0,1,0,0	0,0,0,0,0,0,0,0,0,0	0,0,0,0,0,0,0,0,0,0	0,1,0,0,0,0,0,0,0,0	117	75
4277	0,0,0,1,0,1,0,0,0,0	7,3,2,3,1,2,3,3,5,8	0,0,1,0,0,0,0,0,0,0	5,3,5,2,3,6,5,0,4,2	172	75
4278	2,16,0,1,2,0,3,3,2,5	0,1,0,0,0,0,0,0,0,0	3,3,2,1,1,1,4,2,3,16	0,0,0,1,0,0,0,0,0,3	159	75
4279	31,34,33,36,35,32,34,33,32,36	2,0,0,0,3,0,0,0,0,1	42,42,31,32,34,31,26,35,35,35	0,1,2,1,0,0,1,0,2,1	493	75
4280	35,30,36,16,32,19,26,20,16,38	20,24,17,17,9,15,21,32,19,21	29,25,20,26,23,22,25,19,30,16	22,27,33,28,25,31,22,19,28,30	150	75
4281	18,6,18,15,8,17,23,17,11,10	54,29,24,38,22,25,22,25,35,23	13,15,24,18,22,8,17,11,19,17	27,34,39,23,44,27,37,44,26,33	177	75
4282	33,21,40,29,22,40,42,30,37,33	54,29,24,38,22,25,22,25,35,23	41,32,46,39,44,24,28,28,45,41	27,34,39,23,44,27,37,44,26,33	354	75
4283	19,17,23,16,16,26,23,17,27,23	4,2,1,2,2,3,4,4,1,0	29,20,25,22,27,17,16,19,27,25	1,3,3,1,5,1,5,2,1,1	252	75
4284	1,1,1,2,1,3,2,0,0,0	3,2,1,1,1,0,0,2,0,1	3,3,1,0,0,0,3,3,3,1	0,0,0,2,1,0,0,1,0,1	84	75
4285	54,42,46,30,30,36,34,27,25,34	0,0,0,0,1,0,1,0,0,0	33,36,37,26,31,41,40,33,32,34	0,0,0,0,0,1,0,0,0,0	165	75
4286	2,1,0,0,0,0,0,0,0,0	0,0,1,0,0,1,0,0,0,0	1,1,0,0,0,0,2,1,0,1	1,1,0,0,0,0,0,0,0,1	107	75
4288	501,512,465,464,460,445,494,434,442,375	17,14,18,16,14,10,10,8,9,26	484,537,461,530,437,434,446,553,561,507	11,13,14,13,13,16,5,20,13,14	1865	75
4290	0,0,0,0,0,0,1,0,0,0	49,46,65,58,44,50,33,57,31,42	0,0,0,0,0,0,0,0,0,0	49,51,52,46,43,54,37,60,43,48	80	75
4291	149,153,159,142,120,126,127,114,106,112	606,596,611,536,485,580,489,481,490,515	143,145,126,110,101,141,138,113,141,137	523,578,495,521,539,567,521,491,482,524	78	75
4293	44,30,41,24,31,24,33,22,25,46	2,2,2,0,1,1,0,1,2,0	32,38,34,26,33,39,39,24,31,32	0,1,0,2,3,0,1,0,1,2	79	75
4294	0,1,1,0,2,0,0,1,0,0	0,0,0,0,0,0,0,0,0,0	4,1,1,1,0,1,0,0,0,0	0,0,0,0,0,0,1,0,0,0	87	75
4295	24,25,22,15,20,19,12,12,13,10	4,6,6,3,6,2,6,4,10,6	28,19,9,9,16,20,24,17,10,15	9,3,1,8,10,2,13,4,9,4	87	75
4301	10,7,13,10,8,7,6,12,12,13	3,3,4,7,2,3,0,9,5,2	7,8,5,4,4,11,5,9,9,6	0,10,2,1,1,4,2,1,3,1	145	75
4302	13,10,20,12,16,12,12,21,19,17	3,3,4,7,2,3,0,9,5,2	11,19,8,10,6,23,17,15,17,12	0,10,2,1,1,4,2,1,3,1	149	75
4303	5,3,7,4,8,6,7,9,8,4	2,0,0,2,0,1,1,0,1,0	4,11,3,7,2,12,12,7,8,6	0,0,0,1,0,0,0,1,0,0	79	75
4304	4,9,5,2,8,3,4,4,7,11	0,0,0,0,0,0,0,0,0,0	2,6,9,3,3,2,2,3,2,6	0,0,0,0,0,0,0,0,1,0	232	75
4306	1,3,3,0,1,2,1,3,0,0	11,8,10,9,9,11,7,14,7,7	2,3,4,1,0,2,2,2,2,2	7,13,3,11,4,6,4,9,10,13	216	75
4307	1,3,3,0,1,2,1,3,0,0	11,8,10,9,9,11,7,14,7,7	1,3,4,1,0,1,3,2,2,2	7,13,3,11,4,6,4,9,10,13	204	75
4308	239,232,220,216,229,214,187,185,210,215	1,2,0,0,0,0,0,0,0,1	208,228,237,224,230,189,198,244,225,193	0,0,0,0,0,0,0,0,0,0	109	75
4309	161,162,146,151,147,142,150,158,111,150	4,4,1,1,2,1,3,7,6,5	157,181,148,166,145,151,171,151,147,145	2,4,1,1,1,7,1,1,0,3	375	75
4310	38,31,35,45,29,26,23,32,28,26	144,146,110,98,111,109,101,91,130,119	34,49,42,22,27,33,19,36,32,29	117,124,123,125,109,112,111,116,124,141	105	75
4315	135,133,134,135,116,95,121,87,135,115	0,0,0,0,0,0,0,0,2,0	113,136,110,96,98,134,126,104,101,82	0,1,0,0,0,0,0,1,1,0	479	75
4317	0,1,0,0,0,0,0,0,0,0	28,43,37,45,24,36,23,21,22,33	0,0,0,2,0,0,0,0,0,0	41,49,26,36,29,27,29,18,23,30	95	75
4318	2,1,4,3,3,2,0,0,3,4	14,11,14,21,11,11,13,14,11,12	1,0,2,7,4,2,2,4,2,0	10,11,20,15,12,11,16,12,14,13	78	75
4319	1,1,3,0,0,1,2,1,2,1	4,6,7,4,4,13,7,6,8,5	2,0,0,2,2,1,1,0,2,0	7,5,8,4,2,12,2,5,8,9	84	75
4320	9,2,17,9,12,13,5,13,17,13	1,4,1,0,0,2,3,3,6,1	13,12,10,9,13,9,14,10,17,9	3,1,1,2,8,3,5,0,2,0	78	75
4321	7,10,6,8,15,11,12,11,11,6	1,0,1,0,0,1,0,0,0,0	17,27,12,16,11,7,7,12,19,8	1,0,1,3,3,0,0,0,0,0	87	75
4322	34,22,41,17,21,17,41,25,26,22	3,1,2,2,3,0,0,1,3,0	19,20,15,20,20,41,41,24,30,21	2,0,1,1,2,0,1,1,0,0	181	75
4323	36,22,42,18,21,18,41,25,26,23	0,1,1,2,0,0,5,1,1,0	19,22,15,21,21,43,43,24,30,23	0,1,1,1,0,4,3,0,3,3	184	75
4324	5,1,3,3,3,1,0,1,3,1	0,1,1,2,0,0,5,1,1,0	2,2,1,2,3,2,3,1,0,2	0,1,1,1,0,4,3,0,3,3	78	75
4325	42,29,31,26,21,26,31,26,34,31	1,0,0,0,1,1,0,0,1,2	20,33,45,23,29,30,21,29,31,42	1,0,0,1,1,0,3,0,1,1	79	75
4327	24,25,31,22,19,20,32,19,33,32	2,6,2,3,6,2,5,5,3,2	19,20,35,19,25,25,31,23,27,25	2,1,3,2,2,3,2,0,4,7	147	75
4329	15,11,14,9,14,4,10,17,9,7	0,1,4,0,0,0,1,2,1,1	13,13,17,14,10,4,6,11,7,8	1,3,0,0,1,1,1,0,1,0	107	75
4330	3,0,4,3,2,1,4,1,0,1	0,1,0,0,0,0,0,0,0,0	3,1,2,3,1,5,1,3,2,0	0,0,0,0,0,0,0,0,0,0	107	75
4331	5,2,5,4,2,5,5,6,4,3	0,0,2,2,1,1,1,0,0,1	4,3,7,7,5,4,5,3,8,5	0,0,1,1,0,0,0,0,0,0	100	75
4332	49,34,36,33,27,35,32,30,23,31	19,21,22,20,19,21,18,20,26,27	29,16,27,33,44,26,36,20,33,17	21,26,20,20,30,16,27,29,20,20	144	75
4333	111,113,110,72,95,98,89,83,81,107	9,12,10,8,8,9,11,17,14,9	94,89,90,92,111,109,116,105,87,87	7,15,8,9,15,11,9,12,11,9	105	75
4334	1,2,1,2,4,1,1,1,3,1	7,4,5,3,5,8,4,11,4,13	1,3,3,7,5,1,3,6,1,0	9,9,2,8,9,7,3,13,4,10	85	75
4336	0,0,0,0,0,2,0,0,0,0	1,4,4,2,1,0,6,3,1,1	2,0,1,2,2,0,0,0,0,0	2,0,0,2,5,2,1,3,3,2	81	75
4337	0,0,0,0,1,0,0,1,0,0	5,4,4,3,7,5,8,4,2,1	1,2,0,0,1,0,0,0,0,0	2,4,5,6,5,5,3,3,5,0	127	75
4338	32,27,33,29,21,30,33,34,28,27	0,0,0,1,0,0,0,0,1,0	43,37,21,41,32,38,47,34,33,40	0,0,0,0,0,0,0,0,1,0	105	75
4339	10,8,12,4,4,9,3,11,4,12	9,13,9,11,11,7,9,5,7,12	5,3,3,2,11,4,11,10,4,8	11,10,7,4,15,7,9,6,5,7	140	75
4340	106,81,76,66,68,77,88,74,72,78	0,0,0,0,1,0,0,0,0,0	61,72,91,61,88,81,80,71,76,73	0,0,0,0,0,0,0,0,0,0	77	75
4342	0,0,1,1,0,0,0,1,0,0	59,40,54,44,49,41,43,45,47,51	0,2,0,2,0,0,0,1,2,0	48,53,49,42,44,44,60,43,50,37	115	75
4344	0,3,0,3,1,1,3,2,1,4	70,70,55,52,49,54,55,59,53,62	3,1,3,1,1,1,2,0,2,3	55,82,43,38,62,59,40,48,55,61	120	75
4345	71,55,58,56,77,49,63,61,66,69	0,0,0,0,0,1,0,0,0,0	57,76,70,58,77,59,60,65,61,61	0,0,0,0,0,0,0,0,0,0	196	75
4347	1,1,0,0,1,0,0,0,0,0	0,0,1,0,1,0,0,0,0,4	0,0,0,0,0,0,0,0,0,0	0,0,0,2,0,1,1,0,0,0	90	75
4348	0,1,2,0,0,2,3,0,2,5	6,5,6,11,8,6,7,9,7,16	1,0,2,3,0,2,3,4,2,2	7,10,0,7,8,7,9,12,7,5	144	75
4349	21,14,23,25,23,19,23,20,14,32	1,0,0,0,0,0,0,0,0,0	20,38,9,19,30,19,19,21,13,19	0,0,0,0,0,0,0,0,0,0	168	75
4350	4,2,7,2,6,6,2,3,3,6	18,18,26,26,27,27,21,16,21,19	5,5,2,5,8,2,3,0,0,3	24,23,19,16,18,21,27,7,20,11	87	75
4351	2,1,0,1,5,2,2,3,2,0	4,4,9,12,7,10,3,10,3,3	0,0,1,3,3,0,1,1,1,1	16,5,9,9,6,8,9,7,8,8	79	75
4352	1,0,1,2,0,0,5,3,2,0	16,11,13,12,18,14,7,17,8,17	2,6,3,4,3,1,2,6,8,3	12,27,11,12,18,11,11,8,15,9	173	75
4353	8,9,4,9,9,15,16,9,15,8	31,23,31,19,16,18,19,30,38,27	15,5,8,11,5,13,9,6,6,4	25,41,17,28,18,41,30,23,16,20	78	75
4354	19,20,26,15,14,21,19,15,14,17	6,4,5,4,8,7,6,3,1,10	25,18,23,24,14,16,13,20,19,16	9,3,7,5,1,6,8,7,2,11	78	75
4355	0,0,0,0,0,0,0,0,0,0	0,0,0,0,0,1,0,0,0,0	1,0,0,0,0,0,0,0,0,0	0,0,0,0,0,0,0,0,0,0	78	75
4356	30,26,30,18,27,23,15,14,19,22	4,1,1,0,0,1,1,1,4,2	24,25,21,19,16,28,33,23,16,10	2,1,2,1,0,2,1,0,5,1	166	75
4358	826,820,809,735,751,827,666,618,665,725	0,1,0,0,0,0,0,0,0,0	825,776,721,722,726,787,759,670,805,694	0,0,0,0,0,0,0,0,0,0	2249	75
4359	1,0,1,0,0,0,0,0,0,1	68,63,81,61,53,75,70,64,74,48	4,0,0,0,0,1,1,0,1,1	69,80,73,52,65,57,72,39,66,67	88	75
4361	34,42,39,28,17,26,22,28,33,31	20,24,20,16,21,15,17,13,14,24	35,21,16,34,29,23,35,35,33,22	13,20,11,24,14,24,16,19,12,16	78	75
4362	28,38,32,20,23,24,18,23,25,26	1,2,1,2,1,0,2,0,0,3	27,32,26,28,33,46,35,26,38,23	1,0,1,0,0,0,1,2,2,1	97	75
4363	8,9,5,1,1,1,4,4,7,4	0,0,0,0,0,0,0,0,0,0	5,2,3,0,9,3,3,2,2,5	0,0,0,0,1,0,0,1,0,0	97	75
4365	3,1,0,2,3,2,6,3,1,0	44,57,50,45,52,43,35,33,52,38	0,1,1,1,1,1,0,0,2,3	45,73,42,41,32,42,44,22,41,46	205	75
4366	220,161,205,170,202,199,161,130,166,181	16,18,18,7,13,13,9,18,10,8	189,188,204,200,183,189,192,175,204,181	19,15,10,13,20,18,13,11,9,10	154	75
4368	21,15,27,17,27,13,14,18,8,11	54,44,53,40,47,38,37,34,53,46	13,20,14,5,11,14,18,16,14,15	55,49,57,57,45,49,42,52,42,44	202	75
4369	258,239,258,210,176,221,195,201,220,202	12,19,12,15,12,13,23,12,8,15	236,213,198,196,205,233,240,193,183,214	14,20,11,19,8,9,25,20,19,10	128	75
4370	23,16,18,18,15,17,14,12,12,16	155,179,151,163,146,155,129,149,153,148	24,12,15,15,15,13,17,6,10,11	156,184,134,133,147,186,194,147,150,161	106	75
4371	18,23,17,21,13,14,15,23,17,15	21,13,7,4,11,4,6,18,12,12	16,20,10,17,16,15,23,13,16,9	9,14,12,12,12,18,17,15,12,10	78	75
4372	9,5,8,9,7,1,6,5,5,5	20,30,30,19,23,24,20,17,22,20	5,11,11,7,7,7,7,8,4,4	23,24,21,17,15,21,19,21,18,22	78	75
4373	25,39,33,26,41,32,21,31,26,33	7,13,6,1,6,2,3,5,4,3	34,16,31,23,37,29,28,25,37,38	3,7,4,3,3,2,3,5,6,2	80	75
4374	3,4,2,3,5,2,5,3,3,7	0,0,0,0,0,0,0,2,0,0	1,0,3,0,2,3,4,0,1,3	0,0,0,0,0,0,1,0,0,0	80	75
4375	1,0,2,1,0,1,1,0,1,0	43,40,27,33,25,31,39,28,29,37	1,2,1,0,1,0,0,0,0,0	37,28,41,24,25,30,31,33,41,40	139	75
4376	6,2,3,1,2,3,3,4,5,2	1,0,0,0,0,0,0,0,1,0	1,3,4,3,3,5,4,1,2,2	0,0,0,0,0,0,0,0,0,0	93	75
4377	3,2,3,4,0,1,2,1,1,2	14,7,10,12,10,10,14,16,13,22	4,0,1,0,1,1,1,2,1,0	9,10,10,13,7,11,21,13,13,13	108	75
4378	0,2,1,0,0,0,3,1,0,2	0,0,0,0,0,1,0,0,0,0	3,1,2,1,2,4,6,0,2,0	0,0,0,0,0,0,0,0,0,0	80	75
4380	29,28,43,33,29,25,31,31,30,35	2,2,2,8,4,1,1,3,1,0	26,18,24,22,29,27,27,28,29,22	3,1,3,4,2,2,1,4,4,1	112	75
4381	7,4,4,4,4,3,7,4,2,6	46,58,64,37,53,42,54,32,46,48	4,2,9,3,6,1,6,4,2,7	43,48,53,52,62,68,48,51,44,55	78	75
4382	0,0,0,1,0,1,0,0,0,0	0,0,0,0,1,0,0,0,0,0	1,0,0,0,1,1,0,0,0,0	0,0,0,0,0,0,0,0,0,0	78	75
4383	1,2,0,4,0,0,2,1,4,2	4,0,4,3,0,4,4,0,3,3	0,6,3,2,2,1,3,4,4,3	3,5,1,1,1,3,4,1,4,5	120	75
4384	1,2,0,4,0,0,2,1,4,2	1,0,0,1,0,0,0,0,0,0	0,6,3,2,2,1,3,4,4,3	0,1,0,0,0,1,1,0,0,3	123	75
4385	4,0,4,3,0,4,4,0,3,3	1,0,0,1,0,0,0,0,0,0	3,5,1,1,1,3,4,1,4,5	0,1,0,0,0,1,1,0,0,3	78	75
4386	4,1,2,4,2,6,2,5,2,3	0,1,2,1,0,1,1,2,1,2	0,3,1,5,4,1,3,3,3,5	1,1,1,2,1,1,4,5,0,2	80	75
4387	11,5,10,8,6,8,5,15,4,7	0,0,0,0,0,0,0,1,0,0	7,9,6,18,7,7,4,8,8,5	1,0,0,0,0,0,0,0,0,0	78	75
4388	807,732,759,661,693,760,561,613,620,582	27,20,20,21,18,27,10,14,15,15	739,772,578,615,627,677,681,602,577,655	29,20,17,21,17,17,26,20,15,27	79	75
4389	0,1,0,0,0,1,1,0,0,2	73,61,52,66,76,97,75,78,76,77	1,1,1,0,0,0,1,0,0,0	68,95,54,75,61,73,74,92,73,68	106	75
4393	138,111,145,99,94,107,115,94,125,110	0,0,1,0,0,1,1,1,2,0	95,137,86,111,90,117,134,94,108,89	0,2,0,2,1,0,1,0,1,1	123	75
4394	3,2,12,3,6,3,3,2,6,2	6,5,3,3,2,4,4,7,3,3	4,5,5,5,4,3,4,5,5,5	4,3,2,7,8,8,5,3,4,5	78	75
4395	119,101,135,116,108,96,100,100,87,108	6,5,3,3,2,4,4,7,3,3	89,94,108,113,93,119,114,95,103,85	4,3,2,7,8,8,5,3,4,5	93	75
4396	119,101,135,116,108,96,100,100,87,108	3,2,12,3,6,3,3,2,6,2	89,94,108,113,93,119,114,95,103,85	4,5,5,5,4,3,4,5,5,5	90	75
4397	123,107,135,93,101,122,106,93,113,98	0,0,1,0,0,0,0,0,0,0	100,113,104,100,109,110,119,120,94,103	0,0,0,0,0,0,0,0,0,0	259	75
4399	0,0,1,0,0,1,0,3,0,1	73,52,52,40,49,47,39,40,39,54	0,1,1,0,0,3,0,0,1,3	34,57,37,45,35,47,44,51,51,45	95	75
4401	1,1,0,0,0,0,0,0,0,0	77,68,117,77,68,88,66,78,70,80	0,1,0,0,0,0,0,0,0,0	68,85,87,68,88,82,86,101,68,81	81	75
4404	128,120,112,102,107,133,94,105,109,121	0,0,0,0,0,0,0,0,0,0	106,129,109,105,103,133,127,125,93,113	0,0,0,0,0,1,0,0,0,0	391	75
4406	85,99,93,92,100,66,59,76,78,108	4,4,5,2,2,1,4,0,2,1	77,110,66,89,71,88,85,85,81,67	1,0,2,6,9,5,3,5,3,4	97	75
4407	1,1,1,6,3,0,6,5,2,3	116,117,128,118,99,99,105,115,114,103	0,3,5,0,1,0,5,0,3,4	105,128,117,120,133,133,136,96,121,116	323	75
4408	0,0,0,0,0,0,0,0,0,0	7,7,3,4,5,3,5,6,2,4	0,1,0,0,0,0,0,0,1,0	5,13,2,4,1,4,6,4,2,2	100	75
4409	2122,2198,2205,2163,1926,2123,1832,1661,1722,1841	8,6,7,5,6,5,2,5,3,8	1933,2057,1999,1890,2082,2018,2205,1971,1857,1958	4,4,9,4,3,1,5,5,4,8	5218	75
4410	1,3,1,3,2,0,0,1,2,3	0,0,0,0,0,1,0,1,0,0	1,3,1,2,3,5,2,0,1,0	0,0,0,0,0,0,0,0,0,0	79	75
4411	3,2,2,5,0,0,0,2,1,1	0,0,0,0,0,0,0,0,0,0	2,4,0,2,1,5,4,0,1,0	0,0,0,0,0,0,0,0,1,0	79	75
4414	12,2,6,8,2,3,8,3,7,4	56,42,46,33,59,47,40,31,52,49	2,6,3,6,9,3,10,8,4,6	46,48,50,54,60,38,37,42,60,52	266	75
4416	5,0,3,2,1,2,1,2,2,3	56,42,46,33,59,47,40,31,52,49	0,2,2,0,6,0,2,7,2,1	46,48,50,54,60,38,37,42,60,52	148	75
4417	1,0,1,1,0,2,1,2,2,1	56,42,46,33,59,47,40,31,52,49	0,1,2,0,4,0,1,4,2,0	46,48,50,54,60,38,37,42,60,52	128	75
4418	99,115,111,88,73,115,78,89,93,92	0,2,0,0,0,0,2,0,1,0	108,106,92,90,105,85,100,92,105,80	0,1,0,0,0,0,0,0,0,0	126	75
4419	136,123,154,136,149,190,131,127,139,123	3,0,1,0,0,2,0,1,0,0	140,150,130,143,120,128,131,130,142,108	0,0,0,3,0,0,0,0,0,0	165	75
4420	106,103,98,82,94,106,89,89,91,86	0,1,0,0,2,3,0,3,0,0	76,88,95,100,80,76,100,100,113,80	0,0,0,1,0,1,0,1,0,1	87	75
4421	117,116,114,88,98,109,96,97,98,98	8,3,4,0,1,4,3,3,1,3	85,102,104,111,90,86,115,107,125,95	5,2,5,5,5,4,4,6,3,5	117	75
4422	11,14,16,6,6,6,7,11,7,12	8,3,4,0,1,4,3,3,1,3	9,14,9,12,10,11,15,8,12,16	5,2,5,5,5,4,4,6,3,5	105	75
4423	53,46,55,43,39,52,68,35,36,45	0,0,0,0,0,0,1,0,0,0	54,57,35,38,43,55,62,31,41,44	0,1,0,0,0,0,1,0,0,0	860	75
4424	25,25,32,21,23,24,22,11,19,23	0,0,0,1,1,1,1,0,1,0	23,24,25,18,28,28,19,16,16,17	0,0,0,0,1,0,0,0,0,2	117	75
4425	7,4,6,6,4,14,8,3,7,4	48,51,44,45,54,40,48,33,32,32	4,4,3,3,10,1,6,4,6,5	50,61,31,33,52,40,31,26,59,53	94	75
4426	76,68,89,48,50,56,49,44,64,61	0,0,0,0,0,0,0,0,0,1	78,58,58,74,61,67,60,56,49,43	0,0,0,0,0,0,0,1,0,0	79	75
4427	11,11,9,10,9,7,11,9,8,12	1,2,0,3,2,1,2,1,0,2	14,12,8,9,7,10,6,10,10,8	1,3,0,2,3,1,2,0,0,0	78	75
4430	82,78,96,73,102,91,70,78,69,89	1,0,0,0,0,0,2,1,0,2	85,105,103,80,113,70,63,87,85,65	1,1,1,0,0,3,0,0,0,0	115	75
4431	23,26,25,19,43,18,33,23,31,18	33,38,31,25,42,29,27,31,46,32	29,21,22,28,32,14,18,22,31,23	30,36,26,40,32,29,38,25,40,31	78	75
4432	10,8,4,6,1,4,13,8,10,3	60,52,49,50,38,48,51,51,47,59	7,15,5,5,3,9,4,8,7,5	50,62,57,66,55,59,55,72,49,51	215	75
4433	312,258,282,297,251,288,276,227,224,233	0,0,0,0,0,0,0,0,0,0	334,343,282,281,254,250,268,315,375,295	1,0,0,0,0,0,0,0,0,0	2204	75
4434	2,0,0,1,0,1,0,0,2,2	9,9,6,1,3,6,5,5,1,7	2,0,1,2,0,0,1,0,0,0	6,10,7,12,4,5,3,5,5,7	109	75
4435	3,0,0,1,0,1,0,0,2,1	0,1,0,2,0,3,0,6,2,3	2,0,1,0,0,0,1,0,0,0	2,0,0,2,2,3,0,2,0,3	109	75
4436	21,30,17,18,25,33,17,17,18,23	1,2,0,2,1,0,0,1,2,2	12,18,15,24,20,17,18,28,20,23	0,1,0,0,0,0,0,1,1,1	103	75
4437	10,6,11,6,5,9,9,9,7,10	0,2,1,1,0,3,2,1,0,1	8,12,10,7,4,5,2,2,2,6	0,3,0,0,3,0,0,3,2,0	78	75
4438	0,1,1,2,0,0,0,1,1,0	0,0,0,1,0,0,0,0,0,0	0,0,1,2,0,0,0,0,0,0	0,0,0,1,0,0,0,0,0,0	78	75
4439	152,100,91,43,111,90,146,99,133,137	0,0,0,0,0,0,0,0,0,0	115,120,72,168,88,135,150,157,86,85	0,0,0,0,0,1,0,0,0,0	92	75
4440	61,63,77,41,56,49,57,51,65,34	11,11,11,5,8,9,2,9,11,9	64,65,59,61,63,41,77,55,70,54	9,11,13,12,4,10,7,8,15,7	78	75
4442	3,1,5,5,6,2,2,3,3,1	0,1,0,0,0,3,0,0,0,0	1,4,2,4,4,2,3,1,6,0	0,0,1,1,0,2,1,0,0,0	78	75
4443	7,15,12,19,18,12,14,8,17,13	1,1,5,2,1,0,0,2,0,0	21,19,10,17,13,14,13,15,12,14	0,0,2,2,1,0,2,5,0,2	121	75
4444	1,3,3,3,3,9,3,5,6,0	1,2,7,2,5,2,1,5,2,2	3,5,2,5,7,10,4,1,5,2	3,2,2,3,4,7,3,7,1,3	119	75
4445	52,59,39,25,35,48,35,44,49,38	111,95,95,106,91,96,92,81,111,88	49,39,43,54,43,53,43,47,48,51	92,116,106,96,86,108,120,92,97,94	116	75
4446	8,16,13,11,13,8,12,5,15,4	5,7,11,2,8,13,5,9,8,4	13,12,11,5,11,9,7,8,19,6	4,8,6,8,4,9,1,5,5,8	384	75
4447	6,5,9,5,3,4,3,6,4,4	27,30,31,27,29,18,19,23,27,42	6,7,4,6,8,6,3,3,4,6	22,33,16,28,18,27,30,33,22,18	126	75
4448	0,1,0,1,0,0,0,0,1,0	61,55,80,42,47,63,42,37,44,52	0,0,0,1,1,0,0,0,1,0	65,68,37,47,61,62,71,37,53,48	89	75
4449	64,61,70,70,58,59,69,64,75,60	0,1,0,0,1,0,1,1,0,0	74,50,73,63,60,65,51,58,57,57	1,0,1,0,1,1,0,0,3,1	125	75
4450	78,58,58,58,78,45,38,68,67,87	0,0,0,0,0,0,0,1,0,0	45,68,53,52,61,73,57,42,59,31	0,0,0,0,1,0,0,0,0,0	139	75
4451	59,57,64,53,53,36,24,64,49,61	1,0,3,4,0,0,0,0,0,2	34,58,47,40,46,52,36,37,38,21	0,2,0,0,0,0,0,1,2,0	113	75
4452	104,79,101,84,93,65,43,89,82,110	0,0,1,0,2,2,0,0,0,0	52,91,72,62,73,87,65,58,65,34	0,0,0,0,1,0,0,0,0,0	156	75
4453	46,22,40,35,40,29,19,25,33,51	0,0,1,0,2,2,0,0,0,0	18,35,25,22,27,35,29,22,29,13	0,0,0,0,1,0,0,0,0,0	118	75
4454	0,1,1,1,0,0,0,0,0,2	41,37,38,42,40,57,50,39,39,52	1,0,0,0,0,0,0,1,0,0	58,51,50,34,47,44,38,44,42,36	123	75
4455	31,20,28,31,26,25,25,22,24,25	13,15,11,10,15,9,5,11,7,14	26,28,21,25,19,24,28,18,16,20	16,16,7,8,6,12,13,13,18,9	78	75
4456	56,50,75,49,59,44,42,52,53,47	2,0,0,1,0,1,1,0,0,1	42,64,41,47,39,33,53,47,44,56	0,0,0,0,0,0,1,0,0,2	79	75
4458	16,13,17,15,9,7,13,7,16,7	3,3,3,4,0,4,5,7,2,1	20,10,22,19,16,13,19,15,15,14	6,2,4,2,5,9,7,6,6,6	78	75
4460	20,24,27,8,19,17,8,15,24,13	36,33,38,30,16,31,32,28,35,30	18,11,12,14,24,16,7,13,17,17	32,23,20,20,35,32,24,22,19,28	78	75
4461	21,24,17,15,15,24,9,14,23,14	0,10,1,1,1,1,1,2,2,4	15,14,14,16,18,11,13,27,23,14	3,1,2,2,6,2,2,1,1,3	78	75
4462	79,67,80,63,59,79,70,74,75,69	0,0,0,0,0,0,0,0,0,0	92,66,62,72,83,72,90,59,79,53	0,0,0,0,0,0,0,0,0,1	141	75
4463	14,16,8,12,14,7,7,8,6,7	26,25,24,25,14,22,34,19,10,21	9,10,9,15,9,14,12,14,20,13	22,23,16,18,28,19,18,21,22,12	87	75
4464	496,469,491,437,444,396,360,408,409,415	1,0,0,0,0,0,0,0,0,0	460,477,413,403,497,457,374,396,452,308	0,0,0,0,0,0,0,0,0,0	1100	75
4465	17,18,11,19,13,11,15,15,18,10	0,0,0,0,0,0,0,0,0,0	11,14,16,17,18,19,21,14,20,13	2,1,0,0,0,1,0,1,0,0	78	75
4466	6,8,4,2,2,2,0,1,2,2	0,0,0,0,0,0,0,0,0,0	0,6,3,3,9,5,1,4,2,3	0,0,0,2,0,0,0,0,0,0	78	75
4469	0,0,0,0,0,0,0,1,0,0	0,0,0,0,0,0,1,0,0,0	0,0,0,0,0,0,0,0,0,1	1,0,0,0,0,0,0,0,0,0	80	75
4470	5,5,3,2,2,3,2,3,0,0	0,0,1,0,0,0,0,0,0,0	4,8,4,4,3,5,2,0,1,5	0,0,0,0,0,0,0,0,0,0	135	75
4471	2,0,1,0,0,1,1,0,2,0	1,2,0,0,0,0,0,0,0,1	3,2,0,4,2,0,1,1,0,0	1,3,0,0,0,0,0,0,0,1	82	75
4472	6,2,2,2,2,0,1,3,1,4	0,2,0,0,0,0,0,1,0,0	1,3,2,4,3,3,1,1,0,1	0,1,2,1,0,1,0,2,1,0	78	75
4476	25,23,17,22,27,24,25,16,23,17	2,5,6,5,5,3,3,3,3,3	22,34,17,11,27,24,23,13,14,19	4,5,8,3,7,1,6,5,8,3	84	75
4477	15,19,19,22,15,10,10,17,20,20	0,0,0,0,0,0,0,0,0,0	10,24,14,24,13,19,16,12,20,16	0,1,0,0,0,0,0,0,0,0	133	75
4478	35,27,26,25,24,24,21,25,22,13	1,1,0,0,0,0,0,0,0,0	40,27,20,26,25,27,20,19,18,17	1,0,0,2,0,0,0,0,0,0	1820	75
4480	5,6,6,5,6,6,6,7,3,6	1,1,0,0,3,0,1,1,2,0	6,4,5,4,6,8,10,9,11,6	4,1,4,2,1,3,3,1,0,0	135	75
4481	151,138,150,158,153,146,135,122,142,127	65,92,55,77,74,71,59,54,65,72	138,141,139,127,129,152,150,117,170,131	90,64,87,76,72,78,86,73,74,60	171	75
4482	0,0,0,0,0,0,0,0,0,0	13,11,8,14,5,4,9,9,5,9	0,0,0,1,0,0,0,0,1,0	10,9,7,6,6,6,9,7,9,3	90	75
4483	31,23,25,22,26,22,12,25,22,20	0,0,1,0,0,0,0,0,0,0	30,26,21,21,19,15,22,19,19,24	3,0,0,0,0,1,1,0,2,1	80	75
4484	0,1,0,0,2,1,0,1,0,0	29,26,28,18,35,22,18,21,23,17	0,0,0,0,0,2,4,1,0,0	26,32,27,22,18,29,22,19,22,31	123	75
4485	22,19,23,22,17,15,20,23,29,26	3,0,1,3,0,0,1,0,2,1	18,22,21,17,13,26,32,9,19,23	1,1,0,0,3,2,1,1,2,1	81	75
4486	8,11,9,6,5,14,8,5,6,3	8,7,11,2,6,0,2,5,7,4	5,11,11,7,8,11,6,6,6,8	2,3,13,5,3,7,6,9,2,5	78	75
4487	15,10,6,13,4,8,6,6,5,5	0,1,0,0,0,0,0,0,0,1	4,11,3,10,7,9,11,12,5,7	0,0,0,0,0,0,0,0,0,0	86	75
4488	0,1,0,0,0,0,0,0,0,1	82,49,79,54,64,73,63,54,75,66	0,0,0,0,1,0,0,0,0,0	52,82,87,82,52,92,71,60,68,54	87	75
4489	1,5,3,2,1,0,2,3,5,0	11,7,11,5,0,10,5,3,1,3	2,2,3,2,2,5,1,1,1,0	4,2,1,5,2,7,8,2,2,1	87	75
4490	42,24,32,28,22,36,24,15,20,25	46,48,53,46,51,39,37,34,50,39	16,39,30,19,26,20,27,33,19,20	56,47,39,44,48,53,49,36,53,31	78	75
4491	8,7,8,10,12,6,8,11,7,8	71,71,77,51,61,66,51,62,51,52	9,7,9,9,10,18,6,7,4,2	64,63,40,44,62,47,58,70,57,43	108	75
4492	215,238,187,198,176,187,174,154,178,194	3,6,8,3,1,3,5,4,0,2	201,205,154,189,161,210,190,178,191,198	2,2,0,1,3,2,3,2,0,7	244	75
4493	0,0,0,0,0,0,0,0,0,0	2,1,1,0,0,0,0,1,2,0	0,1,0,1,0,0,0,0,0,0	0,1,0,2,0,0,0,0,0,0	78	75
4494	0,0,2,0,1,0,0,3,1,3	0,0,0,0,0,0,0,0,0,0	0,1,1,0,0,1,4,1,0,2	0,0,0,0,0,0,1,0,0,0	79	75
4495	1,2,3,2,0,1,0,2,1,1	0,0,2,1,0,1,1,3,1,0	0,0,1,2,1,0,1,2,1,1	1,1,0,0,1,1,4,1,0,2	707	75
4496	16,6,10,3,12,12,11,11,8,18	0,1,0,0,0,0,0,0,0,0	11,15,11,4,12,8,12,6,11,6	0,0,0,0,0,0,0,0,0,0	78	75
4499	0,0,0,0,1,0,0,2,0,1	0,0,0,0,0,0,0,0,0,0	0,0,1,0,2,1,0,0,1,0	0,0,0,0,0,0,1,0,0,0	156	75
4500	0,1,3,1,2,0,0,8,1,8	0,0,0,0,0,0,0,0,0,0	0,3,3,0,3,7,0,1,1,1	0,0,0,0,0,0,1,0,0,0	138	75
4503	2,3,2,5,7,3,2,3,3,1	17,6,11,11,10,9,10,11,12,11	1,0,1,4,0,2,0,2,0,2	12,8,20,13,16,16,18,9,12,10	78	75
4505	137,112,128,121,113,111,110,106,139,121	282,279,315,240,256,245,293,258,291,263	117,104,111,101,116,141,129,91,137,84	277,221,222,213,276,282,299,224,309,197	78	75
4506	0,0,0,0,0,0,1,0,1,0	2,0,2,2,0,0,1,0,1,0	1,1,0,1,0,0,1,1,0,0	1,3,0,1,0,2,1,0,0,0	78	75
4507	1,3,2,5,2,9,7,4,6,4	1,3,1,0,3,4,2,1,7,1	2,8,2,0,1,3,4,1,5,2	2,3,0,1,0,1,0,1,2,0	169	75
4508	19,25,26,30,10,24,35,22,20,24	9,11,5,10,7,3,1,5,7,5	31,21,17,21,21,22,21,20,21,22	11,7,4,3,0,12,9,5,6,3	93	75
4509	14,9,19,21,28,20,12,22,14,18	1,3,5,1,7,1,3,0,1,2	22,24,18,20,10,21,23,13,19,18	2,0,4,1,3,0,2,2,2,0	78	75
4510	0,0,0,0,0,0,0,0,0,0	32,46,29,37,28,29,41,27,29,30	0,1,0,0,0,0,0,0,0,0	22,33,30,32,25,33,27,36,42,29	103	75
4511	0,2,2,1,2,1,4,1,2,1	32,55,54,44,46,49,41,40,48,63	0,2,1,0,3,2,1,1,0,2	53,52,43,40,54,51,59,51,51,32	105	75
4512	1,3,1,0,1,3,2,1,1,1	29,32,15,15,13,17,18,15,11,14	0,1,1,0,0,2,2,1,2,1	11,17,8,20,16,22,22,20,17,21	170	75
4513	4,1,0,3,1,0,1,0,2,1	0,0,0,0,0,0,1,0,0,0	3,2,0,3,1,1,1,2,1,6	0,0,0,1,0,0,0,0,0,0	167	75
4514	21,28,31,35,24,25,29,35,44,30	0,1,0,1,0,0,0,0,0,0	16,22,27,19,25,48,33,24,25,19	0,1,0,0,0,0,1,0,0,0	263	75
4515	137,156,151,153,121,178,116,104,99,118	0,0,0,0,0,0,0,0,0,0	131,167,160,137,165,122,134,119,164,126	0,0,0,0,0,0,0,1,0,0	814	75
4516	2,0,3,1,3,1,1,1,1,1	236,247,257,211,239,208,224,188,239,238	1,1,1,0,1,0,0,0,1,0	219,221,229,240,237,255,243,216,215,212	114	75
4518	87,69,87,76,88,98,87,53,72,86	1,3,0,0,1,1,2,0,0,0	71,85,65,56,84,87,71,78,79,61	2,1,1,2,1,0,0,1,0,0	79	75
4519	131,121,155,133,110,125,110,121,162,120	0,0,0,0,0,0,0,0,0,3	128,148,125,122,134,125,156,117,124,113	0,1,0,0,0,0,0,2,0,0	257	75
4521	17,8,3,7,8,11,6,9,6,5	0,2,0,0,0,0,0,0,1,0	14,6,11,9,6,3,8,12,9,8	0,0,1,0,0,0,0,1,0,0	78	75
4522	0,0,2,0,0,0,0,0,0,0	12,19,14,16,14,7,15,12,14,13	1,0,0,0,0,0,0,1,0,0	11,16,13,10,8,12,13,14,16,16	88	75
4523	0,1,0,0,0,0,0,0,0,0	68,42,78,55,60,83,57,43,52,60	0,0,0,0,0,0,1,0,0,0	57,71,57,53,31,39,58,57,40,52	97	75
4525	0,0,0,0,1,1,0,1,0,0	16,30,11,21,14,23,25,11,16,17	0,0,0,2,0,0,0,0,0,1	14,18,12,23,26,30,21,28,21,16	210	75
4526	29,25,15,20,18,32,26,24,32,16	0,0,0,1,0,0,0,1,0,1	16,30,12,21,28,28,22,24,24,22	0,1,0,0,0,1,1,0,0,0	279	75
4528	142,160,162,113,142,127,147,134,148,135	1,2,1,4,1,4,4,1,1,0	129,137,108,132,206,158,163,118,140,125	1,2,0,4,3,1,4,0,1,2	80	75
4529	143,142,156,132,126,102,105,101,144,126	6,5,7,11,9,2,13,7,7,7	110,129,103,130,141,145,139,133,139,118	8,5,6,4,15,8,10,6,8,8	87	75
4531	17,21,18,12,23,18,30,23,27,10	1,1,1,0,0,0,0,0,0,0	18,21,16,21,22,23,18,21,19,16	1,2,0,0,0,0,0,0,0,1	128	75
4533	14,9,17,14,17,22,14,12,19,15	0,0,0,0,0,0,0,0,0,0	14,12,12,18,18,16,21,21,13,20	0,0,0,1,0,0,0,0,0,0	356	75
4534	2,5,2,1,2,4,6,2,3,0	16,11,7,12,12,8,9,14,8,14	1,0,1,2,0,4,3,3,2,7	8,17,8,9,7,12,6,10,2,8	149	75
4535	33,29,43,37,34,25,22,33,37,29	2,4,0,1,0,3,1,2,1,0	25,34,24,18,28,31,31,29,28,26	2,2,1,0,0,1,1,1,1,0	132	75
4538	0,3,1,1,0,0,0,0,0,2	0,0,3,0,0,0,0,0,0,0	1,2,2,0,0,2,0,1,1,3	0,0,0,0,0,0,0,0,0,0	116	75
4539	1,1,1,0,0,0,1,0,1,1	169,185,176,172,165,179,173,133,164,183	0,1,0,0,1,0,1,1,0,0	168,181,180,179,194,182,192,158,145,186	112	75
4540	6,7,2,1,2,4,1,5,2,3	51,47,63,56,46,55,52,45,52,51	1,8,2,0,4,1,4,2,4,2	51,50,45,55,60,56,46,42,45,53	165	75
4541	16,24,8,18,13,15,12,9,20,8	0,0,1,0,0,1,1,0,0,1	12,11,10,17,12,17,23,16,17,13	0,1,0,1,0,0,1,1,0,0	191	75
4542	2,0,0,1,3,1,2,1,0,0	9,9,11,10,9,6,11,3,11,8	2,0,0,1,2,0,0,0,0,0	8,5,10,9,13,5,6,9,6,9	145	75
4544	4,0,10,6,7,6,4,9,5,5	0,0,0,0,0,1,0,0,0,0	5,10,3,2,4,1,5,6,5,5	0,0,0,0,0,0,0,0,0,0	102	75
4545	1,2,7,3,0,1,1,1,2,2	0,0,0,0,0,1,0,0,0,0	1,6,3,0,1,0,1,0,3,2	0,0,0,0,0,0,0,0,0,0	131	75
4546	0,2,2,3,0,0,0,1,1,2	3,0,5,6,7,5,3,9,4,5	1,2,2,0,1,0,0,0,2,2	5,6,2,2,4,1,4,6,4,5	104	75
4548	44,47,41,43,49,41,43,32,39,49	69,50,71,48,59,63,43,56,70,51	41,52,28,51,36,41,47,41,50,37	70,69,50,36,67,74,77,57,58,63	78	75
4549	7,9,7,6,3,5,7,9,6,4	66,71,70,63,79,68,44,70,63,66	4,10,7,12,2,3,6,7,7,11	76,76,68,71,70,77,71,67,68,57	78	75
4550	31,38,30,27,23,36,42,29,45,36	66,71,70,63,79,68,44,70,63,66	31,40,34,43,19,20,38,26,32,21	76,76,68,71,70,77,71,67,68,57	139	75
4551	30,38,30,26,23,36,42,28,44,36	6,9,7,5,3,5,7,8,5,4	29,38,34,43,19,20,37,25,32,21	2,8,7,12,2,3,5,6,7,11	136	75
4552	115,82,105,119,90,101,97,87,110,79	0,1,0,2,0,0,0,0,0,0	107,127,99,89,84,108,90,105,87,94	0,0,0,0,0,0,0,0,0,0	1198	75
4553	62,46,43,57,32,44,43,47,61,32	4,1,7,3,5,1,4,0,3,0	55,80,53,37,46,56,41,49,39,52	3,2,4,10,3,4,3,3,2,4	93	75
4554	21,6,15,16,17,20,13,13,12,12	0,0,0,0,0,0,0,0,0,0	14,13,16,17,10,23,17,11,18,13	2,0,0,0,0,0,0,0,0,0	114	75
4558	19,18,23,19,25,28,22,11,28,32	0,0,1,0,0,0,0,0,0,1	18,26,26,21,19,28,20,27,42,18	1,0,1,0,0,0,1,1,0,0	342	75
4559	0,0,2,1,0,0,0,0,1,0	14,28,18,17,26,22,17,12,8,11	0,0,0,2,1,1,0,1,2,0	15,14,25,10,20,17,17,16,12,15	118	75
4560	14,13,12,14,15,13,14,7,7,10	2,5,0,0,3,2,0,2,5,2	11,17,11,8,10,9,11,17,17,11	2,2,3,2,1,4,1,3,3,1	92	75
4561	23,28,15,26,45,36,25,8,21,17	0,0,0,0,0,0,0,0,1,0	7,47,27,25,32,2,14,35,20,31	0,0,0,0,0,0,0,0,0,0	86	75
4562	1,0,2,1,0,0,1,2,1,0	0,0,0,1,0,0,0,0,0,0	2,5,2,1,2,0,1,1,0,0	0,0,0,0,0,0,0,0,0,0	79	75
4563	1,0,2,0,0,0,0,3,1,0	0,0,0,0,0,0,0,0,0,0	0,0,0,0,2,0,0,0,1,0	0,0,0,0,0,0,0,0,0,1	79	75
4564	8,0,6,5,4,1,6,4,7,6	294,284,296,255,283,280,211,245,272,304	6,3,5,2,0,2,2,6,5,0	251,302,282,271,285,304,255,291,244,241	87	75
4565	1,0,1,2,2,0,1,0,0,2	51,54,50,59,40,59,54,41,37,78	0,2,0,1,2,2,0,1,0,1	51,49,53,43,54,57,44,57,43,46	110	75
4566	683,592,678,565,638,655,585,607,640,602	0,0,0,0,0,0,0,0,0,0	623,605,590,545,623,619,575,591,595,578	0,0,0,0,1,0,0,0,0,0	7094	75
4567	72,63,56,43,55,54,40,58,45,55	0,0,3,0,0,1,0,0,0,0	63,70,52,66,63,58,52,62,55,40	0,0,1,0,0,0,0,0,0,1	351	75
4568	1,1,0,2,0,1,2,0,4,1	2,4,6,10,5,4,5,6,9,11	1,0,0,1,0,3,1,2,2,1	6,9,4,8,4,7,4,9,2,8	78	75
4569	5,2,0,2,0,2,0,2,1,0	6,3,5,5,1,5,2,11,2,3	5,2,2,1,1,4,2,2,3,4	6,6,3,1,2,4,3,4,1,5	78	75
4570	2,2,0,1,0,2,1,3,1,0	0,0,0,0,0,1,0,0,0,0	2,3,1,1,0,0,0,1,0,1	0,0,0,0,0,0,0,0,0,0	84	75
4571	6,11,8,5,6,9,4,10,12,8	0,1,0,0,0,0,0,0,0,0	12,7,7,7,12,7,13,7,7,4	0,0,0,0,0,0,0,0,0,0	77	75
4572	42,26,45,33,33,23,24,17,33,26	15,11,15,15,17,16,16,15,12,12	36,49,34,37,25,46,25,36,40,24	18,14,22,8,6,16,22,17,18,9	78	75
4573	18,13,17,12,8,15,12,13,22,11	0,0,0,1,0,0,2,0,0,0	15,28,9,25,10,15,14,17,8,10	0,0,0,1,0,1,1,0,0,0	78	75
4574	19,10,15,13,13,10,20,14,9,12	2,0,5,5,3,2,4,1,4,2	10,17,21,13,16,13,10,15,21,13	1,2,2,2,0,2,1,2,3,2	78	75
4576	0,3,1,0,1,0,0,0,1,0	13,19,17,14,13,8,12,12,10,13	0,2,0,0,0,1,0,0,1,0	19,19,10,21,12,8,9,20,8,6	105	75
4577	55,51,63,52,40,39,43,39,51,54	1,1,1,4,2,2,1,0,0,3	46,48,33,48,47,45,44,36,38,33	5,3,1,1,2,1,0,1,2,0	173	75
4579	8,6,3,5,5,9,8,4,4,9	0,1,0,0,0,0,0,2,1,1	10,9,7,2,6,9,4,3,10,3	0,0,0,0,0,0,0,0,0,0	107	75
4582	15,25,18,9,14,7,7,10,15,11	2,2,1,0,0,0,0,0,0,0	19,8,16,13,8,16,14,12,10,12	0,0,0,0,0,0,0,0,0,0	102	75
4583	320,325,328,358,338,321,316,277,282,329	0,0,0,0,0,0,0,1,0,0	313,350,328,313,299,353,291,271,316,209	0,0,0,0,0,1,0,0,0,0	87	75
4584	2493,2417,2461,2368,2340,2250,2410,2211,2430,2413	0,0,0,0,0,3,0,0,0,0	2394,2449,2150,2357,2631,2407,2296,2204,2591,2377	1,0,0,0,0,0,0,0,0,0	1650	75
4585	2,4,3,1,5,2,5,1,3,2	1,0,0,0,1,0,1,0,0,0	1,3,3,3,3,3,2,1,3,2	0,0,0,0,0,0,1,0,0,0	123	75
4586	347,342,368,305,260,325,263,272,292,296	17,21,20,15,22,12,18,21,16,20	331,323,300,263,296,307,340,279,315,287	25,20,15,23,19,10,15,21,17,21	87	75
4587	188,187,199,178,174,205,162,138,163,157	0,0,0,0,0,0,0,0,0,0	167,216,199,184,171,175,189,218,207,205	0,0,1,0,0,0,0,0,0,0	988	75
4588	13,4,6,3,10,7,2,3,1,6	0,0,0,0,0,0,0,0,0,0	3,10,3,2,1,5,5,7,6,2	0,0,0,0,0,0,2,0,0,0	79	75
4589	8,5,4,15,6,5,6,3,11,3	0,0,0,0,0,2,0,0,2,0	9,10,9,12,8,12,16,15,10,12	0,0,1,1,1,0,0,0,0,1	91	75
4590	1,3,0,2,1,2,2,3,0,3	39,34,44,34,41,23,26,34,27,28	2,3,1,0,1,1,1,6,2,0	39,33,34,31,28,36,39,27,20,15	94	75
4591	8,14,12,4,6,6,8,3,5,6	69,49,69,68,37,45,47,41,46,56	5,2,2,8,10,5,12,2,5,7	57,57,58,35,65,49,51,47,49,40	78	75
4592	75,83,81,70,61,62,69,92,73,93	1,0,1,1,0,0,2,0,0,1	55,114,56,55,49,87,52,49,64,57	1,1,0,0,0,1,2,0,0,0	153	75
4593	48,54,55,49,40,32,51,74,52,69	0,0,0,0,1,0,0,0,0,0	39,83,38,36,42,59,33,33,41,36	0,0,0,0,0,0,0,0,0,0	153	75
4594	29,25,21,29,28,26,18,21,33,22	0,0,1,2,1,4,2,3,0,6	25,25,23,30,18,21,18,19,21,31	2,0,1,1,2,1,4,1,1,4	78	75
4595	8,16,13,8,15,9,13,7,11,17	29,14,39,29,17,29,26,35,34,19	8,7,8,12,8,7,15,17,16,7	23,31,17,34,32,26,20,22,22,13	1354	75
4596	384,410,381,344,323,346,349,255,325,328	10,3,11,8,12,12,8,4,6,6	338,400,288,315,386,311,364,295,283,372	15,7,7,11,7,9,16,7,4,8	114	75
4597	5,0,2,1,1,1,0,0,0,0	25,31,29,25,19,30,19,18,27,27	1,1,0,0,0,1,0,0,1,0	23,25,27,16,25,23,22,27,24,19	161	75
4598	3,1,1,0,0,2,2,2,0,1	37,36,37,28,36,30,32,33,31,39	0,0,1,2,1,2,0,1,2,0	39,26,31,39,34,41,35,19,44,34	99	75
4599	2,5,0,1,1,2,0,2,0,0	55,56,59,43,46,47,45,40,48,44	1,0,0,1,0,2,0,0,2,0	46,50,47,50,47,44,46,44,49,42	96	75
4600	21,23,19,17,23,27,27,15,20,19	2,1,0,3,1,0,0,1,0,0	24,17,22,19,33,29,43,22,22,19	7,0,2,1,0,1,1,0,0,2	78	75
4601	7,2,7,4,1,2,0,1,6,0	1,0,0,0,0,0,0,0,0,0	0,1,1,2,5,5,3,1,5,1	0,0,0,0,0,0,0,0,0,1	78	75
4602	19,12,18,9,9,10,14,18,25,13	6,7,0,2,3,0,2,3,5,2	16,24,12,4,12,13,13,10,16,16	2,2,3,3,2,3,2,2,1,2	78	75
4603	292,260,291,317,228,242,292,263,294,254	1,0,1,3,1,0,0,0,0,1	221,303,247,267,272,259,243,252,319,288	0,1,0,0,0,1,0,1,1,0	1501	75
4604	29,18,19,19,17,23,23,19,17,10	11,10,12,11,10,18,15,16,12,11	10,24,14,9,20,16,13,19,22,24	14,13,9,5,9,11,15,13,7,12	78	75
4605	2,3,0,1,0,6,3,4,1,2	13,12,5,8,4,11,15,5,9,13	0,3,5,4,0,2,2,1,1,0	11,8,4,4,11,13,13,4,4,15	374	75
4607	1,0,0,0,0,0,2,0,0,0	6,2,5,6,1,0,1,7,4,2	0,0,0,0,0,0,0,0,0,0	0,4,3,2,2,7,3,2,0,0	811	75
4608	2,1,2,2,0,1,0,1,0,0	3,1,1,4,1,2,2,3,2,8	0,0,0,1,1,3,1,0,0,0	3,0,0,5,0,2,4,1,0,3	145	75
4609	2,1,0,0,0,0,0,0,0,1	4,3,4,1,6,4,2,8,2,2	0,0,0,0,1,0,0,0,0,0	1,3,4,5,2,1,1,3,2,3	112	75
4610	2,6,2,3,6,2,5,7,1,0	0,2,2,1,0,2,1,1,1,1	4,3,1,3,2,1,3,5,4,3	0,1,1,1,0,2,1,0,1,0	78	75
4612	19,16,18,20,16,22,31,19,22,28	0,1,0,1,2,0,0,0,0,0	16,18,14,16,17,22,24,18,20,23	2,1,1,0,3,0,1,0,1,2	171	75
4613	1,2,1,2,2,0,5,1,2,1	0,0,0,0,0,0,0,0,1,1	0,0,1,1,0,3,1,0,1,2	0,0,0,0,0,0,0,0,0,0	109	75
4614	17,25,23,20,23,13,12,11,18,26	68,50,64,54,40,46,43,45,47,59	17,14,23,21,29,17,16,16,16,11	61,62,61,47,68,55,50,73,47,46	78	75
4615	18,25,10,21,14,18,10,25,19,10	1,0,4,0,2,1,0,1,1,2	11,17,12,10,20,15,16,15,9,13	0,2,1,2,0,2,3,0,1,3	78	75
4616	7,6,15,12,11,12,6,8,10,10	2,1,3,3,4,1,0,2,2,2	7,21,7,8,10,10,9,5,8,11	2,1,1,0,2,1,3,0,2,0	78	75
4617	1,2,0,0,0,0,0,0,2,2	1,0,1,0,0,1,1,2,0,0	1,2,2,2,1,4,1,2,4,1	0,0,1,0,0,0,3,1,3,2	94	75
4621	396,361,465,377,383,418,381,338,347,406	2,1,1,3,5,2,4,1,0,0	362,370,409,359,404,351,383,310,375,314	3,4,1,1,2,6,2,2,4,2	329	75
4622	21,11,16,21,26,13,10,12,20,25	59,54,76,81,74,76,59,63,71,79	11,15,17,17,15,17,24,17,16,16	73,71,74,74,71,55,55,51,74,49	78	75
4623	13,20,25,27,18,17,13,13,10,19	0,0,0,0,0,1,0,2,1,0	14,19,10,23,12,18,24,19,19,19	0,1,0,0,0,0,0,1,0,0	111	75
4624	0,2,0,2,2,0,2,4,2,0	3,7,3,2,4,4,3,1,3,9	0,0,1,2,1,1,2,2,0,0	3,5,5,2,3,6,7,3,4,5	94	75
4626	17,25,36,27,20,20,17,17,20,16	7,3,7,9,9,6,2,5,7,6	19,27,30,23,27,20,20,25,12,16	10,6,6,7,9,8,4,6,9,3	78	75
4627	2,1,5,1,3,3,4,2,3,5	15,7,12,8,4,13,8,12,10,16	4,2,0,4,2,3,5,3,2,2	14,10,8,17,12,12,9,7,18,5	102	75
4629	8,20,18,11,15,4,8,7,4,11	4,3,2,2,3,1,0,1,0,3	11,10,17,11,14,9,14,5,10,14	2,6,3,2,1,0,0,4,2,3	78	75
4632	6,2,4,1,4,3,3,2,7,3	2,4,3,2,0,6,1,0,5,2	6,5,1,8,8,3,2,9,3,3	4,1,2,2,5,3,4,1,2,2	163	75
4634	75,72,64,55,56,68,56,69,55,63	42,57,54,48,48,47,43,44,45,65	46,69,69,58,74,72,60,41,83,60	54,47,48,40,56,49,67,58,45,36	93	75
4635	25,17,20,16,17,20,18,15,21,28	61,51,62,60,56,62,57,47,64,54	21,27,12,25,22,32,29,20,27,23	44,60,62,52,56,69,69,77,55,65	78	75
4639	3,2,1,1,0,3,1,1,0,1	0,0,0,0,0,0,0,1,1,0	0,2,2,3,2,1,2,0,1,3	2,0,0,1,2,2,1,0,1,0	78	75
4640	17,14,14,5,12,6,8,15,14,11	10,11,5,13,5,4,14,10,15,14	5,15,12,13,5,10,10,10,13,13	12,15,9,11,7,17,4,4,16,12	258	75
4641	14,12,13,4,12,3,7,15,15,10	10,11,5,13,5,4,14,10,15,14	7,13,10,11,5,11,9,10,13,10	12,15,9,11,7,17,4,4,16,12	255	75
4642	115,68,92,92,78,81,82,71,70,106	3,0,0,0,0,0,2,0,1,1	97,96,66,67,75,83,79,57,66,70	0,0,0,0,0,0,0,3,0,2	961	75
4645	1,4,2,0,3,2,2,0,2,2	1,1,0,0,2,0,0,1,0,0	2,1,1,2,4,5,1,2,4,4	0,0,0,0,0,0,1,0,0,0	88	75
4646	1,6,1,2,4,7,1,9,5,3	1,0,4,4,0,1,3,2,6,6	1,9,2,1,0,2,4,2,10,1	4,3,2,4,6,0,1,3,3,6	151	75
4647	6,5,2,0,2,6,5,6,5,8	0,1,0,0,0,0,1,0,0,0	5,13,3,2,3,4,8,0,6,5	0,0,0,0,1,0,2,0,1,0	105	75
4648	3,2,1,4,1,0,1,3,0,4	19,20,16,18,20,15,18,7,15,19	1,1,0,1,2,5,1,0,1,0	13,11,15,10,13,22,18,13,14,14	78	75
4649	1,1,0,0,3,0,1,2,0,1	0,0,0,0,0,0,0,0,0,0	0,0,0,0,3,1,0,0,1,0	1,0,1,0,0,0,1,0,0,0	78	75
4652	52,40,45,50,26,44,38,44,40,53	7,5,10,5,6,5,3,4,8,2	48,44,36,27,36,40,46,47,36,26	7,9,7,5,6,5,5,6,4,7	79	75
4655	32,19,20,26,19,17,8,16,22,18	83,78,91,73,85,78,96,72,84,58	13,32,16,15,12,16,19,11,15,12	85,76,72,99,77,79,76,91,94,59	81	75
4656	3,3,3,2,3,1,1,4,5,1	0,0,0,0,0,0,0,0,0,0	5,4,1,2,2,1,2,1,1,2	0,1,0,0,0,0,0,0,0,0	81	75
4657	20,17,17,26,20,5,17,17,22,8	11,18,7,5,3,10,11,7,8,2	16,20,18,18,26,19,16,26,13,15	5,15,9,4,8,6,8,4,6,3	78	75
4658	60,79,80,68,65,74,58,48,75,61	1,0,1,1,2,2,2,1,0,0	65,62,65,68,69,75,64,65,68,73	1,6,1,1,1,4,1,4,5,2	129	75
4660	25,26,33,25,31,41,25,21,25,20	2,3,3,2,0,2,1,1,1,1	25,32,39,27,11,31,25,25,34,29	2,2,1,5,2,1,3,3,4,2	96	75
4661	1,4,3,0,1,0,0,2,1,0	74,78,80,67,60,59,56,63,60,73	0,2,0,0,2,0,3,1,0,1	56,66,66,56,56,83,74,59,72,60	164	75
4662	1,0,2,0,1,0,0,0,0,0	21,21,28,26,22,9,24,22,24,33	0,0,0,0,0,0,1,0,0,2	27,18,23,18,35,32,33,29,19,29	109	75
4664	0,0,0,2,0,0,0,0,0,0	26,28,37,22,33,22,28,26,24,31	0,0,0,0,0,0,0,2,0,0	16,20,21,35,24,22,28,30,17,25	80	75
4666	38,35,37,35,28,26,33,19,23,30	2,1,1,2,2,1,0,1,1,1	33,28,38,25,35,23,40,16,40,26	1,1,2,1,2,3,2,4,7,2	121	75
4667	110,119,115,127,99,119,129,102,101,116	0,0,0,0,0,0,0,0,0,0	123,113,119,116,102,126,117,115,131,101	0,0,0,0,0,0,0,0,0,1	333	75
4668	79,73,107,91,71,101,100,81,87,81	1,3,4,1,1,0,5,3,2,1	111,108,87,80,94,109,94,106,120,98	2,2,0,0,4,3,2,2,0,2	80	75
4671	3,0,4,3,4,6,2,1,3,6	3,3,2,2,5,1,3,7,2,1	1,3,2,5,3,3,6,1,2,1	4,2,1,3,2,0,1,1,2,3	78	75
4672	8,1,7,1,9,1,5,8,5,6	0,0,1,0,0,0,0,0,0,1	2,22,7,2,4,8,1,1,2,7	0,0,1,0,0,0,0,0,0,1	220	75
4675	188,234,200,207,160,200,205,190,172,179	0,0,0,0,0,0,1,0,0,0	210,166,143,203,196,201,221,198,190,182	0,0,0,0,0,0,0,0,0,0	238	75
4676	0,0,0,0,0,0,0,0,0,0	0,0,1,0,0,0,0,0,0,0	0,0,0,0,0,2,0,0,0,0	0,0,0,0,0,0,0,0,0,0	98	75
4677	81,79,76,61,44,67,58,62,73,62	2,3,3,2,4,1,0,1,1,1	80,69,59,70,78,66,64,73,62,64	2,1,2,0,1,1,3,2,1,0	109	75
4679	127,213,153,44,107,70,108,92,172,141	0,0,0,0,0,0,0,0,1,0	109,110,95,154,220,152,182,171,157,235	0,0,0,0,0,0,0,0,0,0	3709	75
4680	7,10,15,7,11,11,11,10,12,13	17,15,13,21,14,17,14,13,16,18	17,9,15,9,11,11,14,7,20,13	11,12,11,10,16,11,18,15,13,14	78	75
4682	0,0,0,0,0,0,0,0,0,0	8,3,3,2,2,5,5,4,3,4	1,0,1,0,0,0,0,1,0,0	1,3,3,0,1,5,2,3,3,1	162	75
4683	31,29,27,25,30,32,18,22,32,31	1,0,0,0,0,0,0,1,0,0	30,44,20,34,21,28,25,17,30,35	1,0,0,1,0,0,0,0,0,0	136	75
4684	26,17,23,17,20,22,8,17,17,7	9,13,13,7,5,13,9,7,6,11	15,29,18,16,24,13,15,17,27,18	11,13,12,10,11,9,6,9,12,11	172	75
4688	3,0,1,3,0,0,5,1,0,3	0,0,1,0,0,0,0,0,0,0	1,4,3,0,1,2,0,2,3,0	0,0,0,0,0,0,0,0,0,0	79	75
4689	33,28,33,31,30,33,27,21,20,23	0,1,0,0,0,0,0,1,0,0	24,24,28,32,33,28,24,23,29,32	0,0,0,0,0,0,0,0,0,0	79	75
4692	17,26,26,32,18,13,15,17,15,16	24,12,29,21,31,15,18,16,19,19	26,35,17,17,18,16,19,11,21,15	15,22,27,18,13,18,31,14,6,18	78	75
4693	97,113,110,110,100,106,101,94,96,89	0,0,0,0,0,0,0,0,0,0	108,90,88,102,116,100,104,105,94,77	0,0,0,0,0,0,0,0,1,0	1390	75
4695	132,110,125,106,128,136,114,92,119,90	3,2,0,0,1,1,1,0,1,1	89,109,117,124,120,107,133,87,115,91	2,0,0,2,1,0,2,1,2,2	80	75
4696	110,108,88,86,101,81,106,84,82,85	34,37,36,44,24,35,27,27,32,34	116,98,62,108,107,113,82,111,86,76	25,38,37,28,31,31,43,36,30,31	99	75
4698	9,11,9,8,8,14,12,8,14,3	17,8,16,9,5,11,3,10,5,4	10,13,7,7,11,12,9,9,8,8	13,15,10,7,11,8,8,13,10,8	78	75
4701	12,6,7,4,4,2,7,7,3,3	34,37,27,37,25,40,36,18,33,39	1,4,3,3,4,2,5,5,8,4	34,33,32,33,19,28,30,26,35,29	96	75
4702	0,0,0,0,0,0,0,0,0,0	1,1,0,0,0,1,0,0,0,2	0,1,0,0,0,1,0,0,0,0	0,0,0,0,2,0,0,4,0,0	78	75
4703	51,45,52,41,46,57,29,38,38,34	13,12,7,18,19,16,24,15,12,10	46,26,40,30,39,64,42,45,51,24	9,8,14,9,10,14,12,13,11,10	87	75
4704	1,0,1,1,0,0,0,4,0,0	1,0,0,1,1,0,0,2,0,0	2,1,0,0,0,0,2,0,1,3	0,0,0,0,0,0,1,1,0,0	158	75
4706	5,0,2,2,1,1,1,3,2,0	23,15,28,20,19,15,19,15,18,11	0,2,1,0,2,0,1,0,0,1	15,27,11,18,23,17,17,16,25,19	145	75
4708	19,14,12,15,14,29,19,11,14,8	2,1,1,1,0,0,0,0,0,0	21,22,14,11,18,13,19,8,5,12	1,0,0,1,0,0,0,0,0,0	78	75
4709	9,8,2,8,11,10,9,6,4,9	1,2,1,3,1,1,2,0,1,0	18,17,8,6,9,10,13,9,8,5	0,3,3,0,0,0,3,1,1,1	78	75
4710	96,109,116,122,115,76,106,95,93,113	2,4,4,3,3,3,5,1,4,2	97,111,78,100,93,85,78,88,106,85	3,4,9,3,1,3,0,3,3,3	133	75
4711	13,1,12,4,4,4,9,8,9,6	2,2,4,4,3,0,0,0,2,0	3,12,6,4,9,3,9,10,14,10	3,3,1,1,0,1,0,1,2,1	78	75
4712	0,0,0,0,0,0,0,0,0,2	110,141,130,95,80,136,116,121,96,102	0,0,0,0,0,0,0,0,0,1	131,124,95,99,121,123,127,100,126,84	108	75
4713	1,0,2,0,0,0,0,0,0,1	0,0,0,0,0,0,0,0,0,0	0,1,0,0,1,1,0,0,1,1	0,1,0,0,0,0,0,0,0,0	116	75
4715	52,46,73,41,59,41,46,36,38,57	4,2,5,2,3,3,3,5,3,4	48,46,32,41,39,34,41,33,33,38	8,2,0,0,0,0,5,3,3,3	97	75
4716	2,2,3,3,4,1,3,4,1,1	55,55,62,54,51,53,38,42,50,49	0,4,1,0,4,0,2,1,2,4	49,48,44,45,51,45,54,41,41,46	90	75
4717	0,1,1,3,0,0,0,1,1,1	177,184,194,158,169,158,150,123,150,176	0,2,0,1,0,0,1,0,0,1	163,167,169,150,152,178,160,161,138,171	221	75
4718	17,13,14,14,13,9,13,18,22,16	11,12,22,7,9,8,14,8,8,16	14,15,18,15,16,22,19,12,13,12	12,14,15,9,10,13,13,14,10,8	78	75
4719	20,23,36,26,26,26,29,24,20,29	0,0,0,0,0,0,0,0,0,0	37,28,20,21,28,22,30,27,14,34	1,0,0,0,0,0,0,0,0,0	81	75
4720	7,16,6,16,13,9,4,8,14,17	350,342,318,259,268,309,271,241,281,311	9,7,14,9,5,12,18,15,10,11	247,306,286,255,311,255,304,290,287,254	153	75
4721	6,12,3,15,10,6,5,7,13,16	350,342,318,259,268,309,271,241,281,311	8,5,9,7,3,8,14,13,9,6	247,306,286,255,311,255,304,290,287,254	180	75
4722	0,2,0,1,1,0,1,0,0,3	1,6,3,2,4,3,0,1,1,4	0,0,1,1,0,0,1,1,0,0	1,2,6,3,2,4,5,3,1,5	102	75
4723	0,1,1,0,0,1,2,1,0,1	0,1,1,1,1,0,0,1,0,0	3,2,3,0,0,4,0,2,1,0	2,2,0,0,0,1,0,0,2,0	78	75
4725	4,8,8,4,4,2,4,1,8,1	0,0,0,0,0,0,0,0,0,0	7,2,4,2,5,10,2,5,3,4	1,0,0,0,0,0,0,0,0,0	187	75
4726	53,63,78,41,36,39,57,37,40,44	44,38,40,31,20,28,47,31,32,29	73,54,52,67,49,50,79,68,63,62	44,32,27,38,38,32,45,31,26,30	117	75
4727	18,26,33,22,13,11,28,18,17,16	3,4,5,2,1,2,7,2,4,1	24,26,14,25,18,16,34,28,18,16	6,4,0,1,3,6,5,1,1,3	117	75
4728	0,1,3,0,0,2,0,0,0,1	55,57,50,38,55,57,43,22,47,49	1,0,0,1,0,0,1,0,0,0	47,60,35,33,49,40,49,44,56,44	93	75
4729	0,1,0,0,1,0,0,1,0,1	0,0,0,0,0,1,0,0,0,1	0,2,0,0,0,0,3,3,0,2	0,0,0,0,0,1,0,0,1,0	164	75
4730	21,26,26,32,20,25,21,26,28,17	29,31,43,31,18,26,33,31,45,26	25,26,31,34,26,28,20,25,24,27	28,20,25,30,35,23,26,31,32,18	108	75
4731	2,5,3,2,4,3,4,0,4,6	18,11,8,2,6,7,9,11,21,11	2,0,4,3,1,3,4,1,5,6	11,11,11,16,14,5,4,8,12,14	144	75
4733	9,3,8,3,5,2,1,4,3,4	2,0,2,0,0,3,5,3,1,2	3,4,2,1,0,5,2,3,3,2	1,4,0,2,2,3,2,5,0,1	78	75
4734	6,3,5,1,4,5,2,3,7,3	2,0,1,2,0,0,0,0,0,0	3,3,5,1,1,4,5,4,2,7	0,0,0,0,0,0,1,2,0,1	175	75
4735	0,0,0,0,0,0,1,0,0,0	0,0,0,0,3,0,0,0,0,1	0,0,0,0,0,0,0,0,0,0	0,0,1,1,0,0,0,0,0,1	78	75
4736	0,0,0,0,0,0,0,1,0,0	2,1,0,0,3,2,1,0,2,1	1,0,0,0,1,0,0,0,0,0	0,4,0,0,0,0,1,2,0,0	78	75
4737	4,5,2,2,1,5,4,1,7,4	3,3,1,10,4,3,2,5,6,3	4,5,0,4,2,1,3,0,3,3	5,7,2,4,4,3,9,3,10,3	187	75
4738	2,1,3,2,0,0,5,1,0,3	1,1,0,0,0,1,0,1,0,0	1,1,0,2,1,3,1,0,2,0	1,0,0,0,0,0,0,0,0,0	922	75
4740	16,33,35,23,30,32,16,16,23,13	65,75,70,60,74,61,50,46,57,66	33,26,29,36,24,22,23,27,29,28	62,73,76,88,62,78,63,59,76,90	78	75
4741	0,0,1,0,0,0,1,0,0,1	0,1,0,0,0,0,1,0,0,0	0,0,0,1,0,0,0,0,0,0	0,0,0,1,1,1,0,0,0,0	78	75
4751	61,42,43,33,38,43,26,26,30,31	2,7,5,4,3,2,4,3,5,2	44,46,41,52,50,46,45,50,51,42	2,3,8,5,5,7,4,4,2,1	92	75
4752	20,12,10,14,13,10,4,10,10,9	0,1,0,0,0,0,0,0,0,0	20,15,22,18,21,20,16,14,16,18	0,0,0,0,1,0,0,0,0,0	92	75
4753	1,1,2,1,1,2,1,2,3,0	0,2,0,0,0,0,0,0,0,0	5,2,0,1,0,3,1,1,2,0	0,1,0,1,0,0,0,1,1,1	2303	75
4754	82,70,60,68,71,61,54,51,61,65	2,3,3,5,3,2,3,3,4,1	58,83,60,61,59,69,69,58,58,54	3,3,2,0,4,3,2,0,4,4	2303	75
4756	0,0,1,0,0,0,1,0,0,0	1,1,1,0,1,0,0,1,0,0	0,0,0,0,0,0,0,1,0,0	1,0,0,0,0,0,0,0,0,0	96	75
4758	630,699,651,670,652,857,480,549,558,549	0,0,0,1,1,1,0,1,1,1	623,735,777,874,615,554,589,861,866,875	0,4,0,0,0,0,1,1,2,0	2381	75
4759	0,0,0,0,1,0,0,0,0,0	54,55,61,31,42,44,38,48,50,37	0,0,0,0,0,0,0,0,2,1	55,65,62,36,54,52,54,50,63,60	87	75
4760	25,13,31,30,24,19,23,29,17,23	1,0,1,1,2,0,0,0,0,0	25,26,20,36,23,28,19,26,26,21	1,0,0,0,0,0,0,0,0,0	90	75
4761	4,2,6,1,0,4,2,3,4,2	0,0,0,0,0,0,0,0,0,0	2,2,7,2,0,5,3,0,3,5	0,0,0,0,0,0,0,0,0,2	81	75
4762	102,95,125,98,105,79,98,95,103,106	0,2,0,0,0,1,0,1,0,0	94,108,79,87,66,122,113,88,91,101	0,1,0,0,0,0,0,1,0,0	91	75
4763	73,52,67,62,54,60,54,61,53,45	1,2,1,1,0,6,0,2,1,2	75,68,52,58,57,62,55,47,63,65	1,0,1,2,1,1,2,1,2,1	110	75
4764	16,20,16,25,21,18,25,21,24,20	3,5,8,5,2,4,4,3,4,3	23,21,15,23,22,42,20,30,21,16	4,2,2,7,3,6,2,4,2,5	78	75
4766	0,0,0,1,1,0,2,0,0,1	0,0,0,0,2,0,0,0,0,0	0,3,1,0,1,0,1,0,0,0	0,0,0,0,0,0,0,0,0,0	78	75
4768	13,13,4,7,8,5,5,6,15,8	53,48,44,43,47,48,49,33,43,49	7,8,9,13,12,10,14,16,10,11	63,44,50,46,58,42,57,38,49,59	151	75
4769	3,3,1,0,1,2,1,0,2,2	0,0,0,0,1,0,0,0,0,0	3,2,3,3,1,2,0,0,0,1	0,0,0,0,0,0,0,0,0,0	93	75
4770	22,43,22,22,18,14,25,28,24,31	8,16,17,15,7,13,6,7,17,13	35,40,34,36,34,28,21,32,23,28	11,5,9,10,6,4,8,14,16,9	78	75
4771	0,0,0,1,1,0,0,1,0,0	0,0,0,0,0,0,0,0,0,0	0,0,0,2,0,0,1,0,0,2	0,2,0,0,1,1,1,0,0,0	78	75
4772	0,1,0,1,0,0,0,1,0,0	0,0,0,0,0,0,0,0,0,0	0,0,0,0,1,0,0,0,0,1	0,0,0,1,0,0,0,0,0,0	78	75
4773	15,14,15,14,8,8,7,12,7,9	26,9,10,13,5,9,12,10,7,20	11,7,15,8,8,5,12,7,11,12	9,15,10,18,10,10,6,11,2,7	78	75
4774	2,0,3,0,2,0,0,0,1,0	60,64,47,42,51,50,45,35,40,50	2,0,0,1,0,1,1,1,0,2	43,57,46,60,58,40,54,51,52,56	87	75
4775	32,26,27,32,28,33,39,22,22,38	300,243,243,248,219,246,167,198,234,220	24,17,20,20,31,43,34,27,39,23	232,230,250,238,243,214,274,247,279,217	96	75
4776	195,203,153,160,159,193,159,181,153,168	0,0,1,1,0,0,0,1,0,0	169,173,178,193,179,162,185,205,152,156	0,0,0,0,0,0,1,1,1,0	121	75
4777	172,168,172,169,142,156,122,172,158,139	0,0,0,0,0,0,1,0,1,0	161,153,154,144,168,161,177,144,162,161	0,0,0,0,0,0,0,0,0,0	118	75
4778	387,374,377,372,334,363,310,380,360,358	0,0,0,0,0,0,1,0,1,0	346,377,373,378,390,380,423,381,328,335	0,0,0,0,0,0,0,0,0,0	164	75
4779	215,207,206,206,193,208,188,208,202,219	0,1,1,3,1,1,0,0,0,0	185,226,219,234,222,220,246,237,166,174	0,2,0,0,0,1,0,0,0,0	121	75
4780	0,0,1,0,0,1,2,0,0,0	0,3,0,1,1,0,0,2,0,2	0,2,1,1,1,2,0,0,0,2	0,1,0,2,0,0,2,1,1,0	78	75
4783	0,0,0,0,0,0,0,0,0,0	0,0,0,0,1,0,0,1,0,0	0,0,0,0,1,0,0,0,0,0	0,0,0,0,0,0,0,0,0,0	94	75
4784	0,0,0,0,1,0,0,0,0,0	1,2,1,3,0,0,1,1,1,0	0,0,0,0,0,0,0,0,0,0	0,0,0,1,0,1,0,1,0,0	93	75
4786	0,0,0,0,1,0,0,2,0,0	0,1,0,0,0,0,0,0,0,0	2,0,0,0,1,1,0,1,0,0	0,0,0,0,0,0,0,0,0,0	117	75
4787	13,14,10,8,4,8,4,6,1,4	1,0,1,0,1,0,0,0,1,1	11,5,7,6,12,13,11,7,5,6	1,0,1,1,0,0,1,0,0,0	78	75
4788	22,10,27,17,24,15,22,25,15,14	0,0,0,0,0,0,0,0,0,0	12,17,21,20,28,12,24,19,16,13	0,0,2,0,0,0,0,0,0,0	161	75
4789	3,1,6,2,3,6,4,6,3,8	0,0,0,1,0,1,0,0,0,0	3,4,0,8,2,2,3,2,3,7	0,0,0,0,0,0,0,0,0,0	79	75
4790	108,79,110,94,72,96,103,87,90,92	0,0,2,3,2,2,1,1,0,0	72,98,102,83,110,101,102,86,111,78	1,0,1,1,4,0,2,1,0,0	139	75
4791	17,19,31,15,18,21,22,16,22,8	0,1,0,0,2,0,0,1,3,1	24,22,13,19,27,12,15,15,10,10	0,2,1,1,0,0,0,1,1,1	124	75
4792	0,0,0,0,0,0,0,0,0,0	0,0,0,0,0,0,0,0,0,1	0,0,0,0,1,0,0,0,0,0	0,0,0,0,0,0,0,0,0,0	154	75
4794	6,6,4,3,9,4,6,3,2,3	40,42,45,45,46,42,38,43,28,48	7,2,8,4,6,4,4,4,7,1	33,39,46,37,52,41,36,36,36,29	157	75
4795	592,614,582,480,501,545,454,462,500,449	8,5,11,8,9,2,1,6,7,7	508,639,521,519,517,510,607,528,462,511	6,9,4,9,6,8,3,6,7,6	113	75
4796	291,294,297,274,241,255,279,243,241,268	4,14,2,3,7,7,4,1,9,3	294,290,280,259,288,264,308,280,252,253	8,7,8,8,6,3,4,3,4,4	144	75
4797	6,15,12,9,5,7,10,4,11,4	2,0,0,2,2,1,0,1,0,1	5,14,11,7,6,8,5,11,8,3	1,1,2,2,0,1,0,1,0,1	78	75
4800	37,36,31,31,45,44,23,36,37,40	0,0,0,2,0,1,0,2,0,0	36,31,49,45,45,27,39,47,48,38	0,0,0,0,0,0,0,0,0,0	126	75
4801	4,0,1,3,2,1,1,1,1,1	21,31,22,26,27,30,28,25,31,30	4,0,1,1,0,2,0,1,2,1	35,32,36,43,34,28,39,40,32,39	93	75
4804	43,37,49,40,37,45,41,31,33,50	3,5,1,3,0,2,3,3,0,1	38,45,42,37,41,34,41,28,46,34	0,1,4,2,0,1,2,3,2,1	95	75
4805	0,0,0,1,0,0,0,0,0,0	4,9,10,12,11,13,3,6,9,12	0,0,0,0,0,0,0,0,0,1	6,9,8,6,5,9,12,3,8,6	91	75
4806	0,1,3,1,0,0,1,0,1,1	0,0,0,0,1,0,0,0,0,0	2,3,0,1,0,1,1,1,0,1	0,0,0,0,0,0,0,0,0,0	80	75
4807	4,9,8,8,9,4,9,5,2,6	0,0,0,0,0,0,0,0,0,1	5,5,2,5,2,8,13,3,7,4	0,0,0,0,0,0,0,0,0,0	80	75
4809	0,0,0,0,0,0,0,0,0,1	10,7,15,13,16,14,16,8,11,11	0,0,0,0,0,0,0,1,0,0	14,11,9,16,7,16,9,12,6,10	203	75
4811	4,2,3,0,2,1,4,3,3,0	5,8,8,2,5,3,1,6,7,6	3,3,1,2,2,2,0,1,0,1	6,7,4,2,7,6,7,7,4,9	78	75
4813	200,200,166,192,185,166,177,164,197,190	6,4,2,2,6,3,2,5,2,0	159,168,190,142,176,183,195,168,175,165	3,2,3,2,4,4,3,2,5,6	143	75
4814	25,29,25,17,28,18,17,21,28,26	0,0,0,0,0,0,1,0,0,0	21,19,17,18,8,20,24,14,15,11	0,0,0,0,1,0,0,0,0,0	156	75
4815	50,69,71,67,73,61,52,64,60,66	4,5,1,6,3,4,0,3,2,1	61,63,61,66,58,47,74,88,58,46	6,4,4,2,3,3,2,5,9,9	81	75
4816	263,252,246,234,204,264,229,186,209,253	2,0,3,2,3,2,1,2,1,4	257,257,216,228,268,240,246,203,241,260	1,0,3,0,3,1,6,1,4,0	182	75
4817	584,577,568,522,479,524,496,468,528,532	5,0,1,2,2,1,3,0,0,0	606,528,491,498,527,527,583,477,496,557	2,2,1,0,1,2,2,2,2,1	785	75
4818	84,77,98,70,62,95,95,72,90,88	156,162,174,104,147,136,130,112,123,104	101,83,101,83,94,86,86,93,82,96	161,162,143,125,139,139,139,106,103,136	149	75
4819	58,43,62,50,48,34,34,45,45,34	128,107,119,99,125,110,113,114,129,99	44,68,53,66,50,57,51,59,58,56	106,115,106,106,135,113,117,92,110,79	90	75
4820	120,83,97,84,90,76,69,94,80,100	4,0,4,3,1,3,6,3,1,1	90,136,90,110,100,103,109,112,95,81	2,4,4,3,2,6,3,2,1,1	90	75
4821	85,76,70,52,50,36,56,89,62,77	6,1,2,7,3,1,1,5,9,7	92,43,43,68,78,88,93,62,63,79	10,5,3,8,1,4,10,5,3,19	1064	75
4823	61,58,47,37,43,20,44,47,38,46	2,0,4,2,1,3,2,2,4,2	61,26,32,36,57,54,58,45,26,56	1,2,0,0,3,2,5,0,1,3	78	75
4825	6,6,6,3,11,11,3,4,8,4	0,0,0,0,0,0,0,0,0,0	6,5,7,8,2,5,3,6,9,1	2,0,0,0,0,0,0,0,0,0	78	75
4828	238,200,235,176,196,210,199,148,215,202	0,0,0,0,0,0,0,0,0,1	193,221,201,206,205,186,222,184,168,183	0,0,0,0,1,1,0,0,0,0	183	75
4829	330,379,354,312,344,340,318,252,255,289	3,0,2,2,1,0,0,1,0,3	321,311,308,306,321,303,369,277,278,271	2,2,0,2,2,0,3,1,2,1	255	75
4830	333,305,326,272,298,301,285,216,297,292	17,14,14,12,13,16,16,7,6,16	311,328,295,300,303,279,343,271,256,258	17,15,10,3,8,11,16,16,9,11	183	75
4831	6,6,4,2,11,8,5,7,9,12	2,0,2,2,1,0,1,2,0,1	7,7,7,8,14,4,7,11,1,5	0,0,3,2,1,0,0,0,0,2	147	75
4832	136,136,132,107,126,103,119,99,117,142	39,31,35,30,32,32,26,15,22,28	104,148,113,145,129,119,94,149,170,115	33,32,27,36,33,27,20,33,44,18	78	75
4833	81,89,94,71,64,90,63,73,70,76	31,28,22,23,27,20,19,15,22,21	74,70,81,67,72,100,82,77,68,54	24,24,20,16,19,19,18,9,17,18	113	75
4836	92,99,83,105,99,88,71,96,83,83	0,0,0,0,0,0,0,0,1,0	78,106,101,92,75,74,86,96,103,78	0,0,0,0,0,0,0,0,0,0	96	75
4837	16,15,9,15,12,19,13,18,15,10	0,1,2,2,0,0,0,0,1,0	18,16,14,15,13,13,13,6,12,15	1,0,1,0,0,0,1,1,0,0	118	75
4838	21,13,26,26,25,16,24,13,20,15	1,0,3,0,2,1,0,2,0,1	25,20,16,14,24,22,24,16,16,20	1,2,1,0,2,3,1,1,1,1	81	75
4839	5,15,13,20,11,14,18,11,15,15	0,0,0,0,0,0,0,1,0,0	15,18,14,14,13,10,13,17,10,9	0,0,1,0,0,0,0,0,0,0	102	75
4842	535,520,585,477,479,478,478,374,432,457	0,2,0,0,1,1,0,2,2,0	487,600,418,460,460,516,459,440,425,453	2,1,1,0,1,0,0,0,0,0	117	75
4843	593,597,611,522,550,573,454,441,481,560	38,30,44,42,43,58,40,27,40,43	524,642,525,505,498,588,510,440,458,479	46,47,45,25,29,49,32,32,28,41	115	75
4845	0,0,0,0,0,0,1,0,0,2	0,0,0,0,1,1,1,0,1,0	0,0,2,0,0,0,0,0,1,0	0,1,2,1,1,1,0,0,0,0	105	75
4846	8,3,5,2,2,1,0,5,7,2	0,0,0,0,0,0,0,0,1,0	3,7,2,2,1,4,1,1,4,3	0,0,0,0,0,0,0,0,0,0	123	75
4848	70,64,73,66,73,55,68,42,53,73	96,70,86,77,90,80,56,45,69,81	60,89,67,55,65,80,84,64,59,54	72,84,84,82,83,84,85,66,78,80	78	75
4849	4,1,2,3,3,1,3,4,4,5	41,45,35,27,37,20,36,32,27,34	1,1,3,4,6,2,8,3,2,4	25,34,34,30,50,27,36,28,34,24	90	75
4850	2,0,1,0,1,1,2,0,0,3	489,475,516,396,377,372,432,441,437,497	1,0,0,0,0,0,0,0,1,0	485,438,410,385,433,419,475,387,438,373	163	75
4851	25,33,29,29,28,27,19,18,33,29	44,49,48,55,44,40,40,37,62,45	19,29,19,33,17,34,31,28,20,30	50,50,44,45,48,64,56,57,42,47	99	75
4852	74,97,59,74,74,64,70,77,91,74	0,0,0,0,0,0,0,0,0,0	70,89,68,87,73,68,69,59,70,71	0,0,0,0,0,0,0,1,0,0	828	75
4853	108,131,83,104,91,83,99,102,126,87	0,0,0,0,0,0,0,0,0,0	92,109,98,118,98,84,95,97,89,113	0,0,0,0,0,0,0,0,1,0	1166	75
4855	2,1,4,1,1,0,2,2,3,2	0,0,0,0,0,0,0,0,0,0	0,5,0,0,1,2,0,0,0,2	0,0,0,0,0,3,0,0,0,0	271	75
4857	26,18,23,16,23,28,17,15,23,13	0,1,0,0,0,0,1,0,1,0	28,19,13,21,21,24,20,19,19,18	0,0,0,0,0,0,0,0,0,1	260	75
4858	28,20,24,18,24,32,18,16,24,14	0,0,1,0,1,0,0,0,0,0	28,20,15,23,22,24,22,19,22,19	0,0,0,0,0,0,0,0,0,0	321	75
4859	2,3,1,2,1,4,2,1,2,1	0,0,1,0,1,0,0,0,0,0	0,1,2,2,1,0,2,0,3,2	0,0,0,0,0,0,0,0,0,0	136	75
4860	2,4,1,2,1,4,1,1,1,1	0,0,0,2,0,1,0,2,0,0	1,1,2,2,1,0,2,0,3,1	0,0,1,0,0,0,0,1,0,0	136	75
4861	3,0,4,1,2,0,0,1,3,0	14,8,14,8,16,11,8,11,9,11	2,3,1,0,0,1,1,1,0,0	12,7,10,8,11,4,4,11,11,15	181	75
4862	55,48,86,48,41,73,48,51,40,42	1,4,2,3,2,1,0,2,0,2	66,59,51,57,57,74,58,52,50,47	1,1,1,1,2,2,0,4,3,2	126	75
4864	349,332,373,363,316,247,324,316,327,335	2,0,3,3,4,2,1,1,3,4	338,335,276,303,339,396,310,249,306,241	2,5,2,0,4,4,4,2,3,2	153	75
4865	251,253,295,281,235,192,254,248,226,251	25,18,29,22,16,9,25,21,17,21	263,271,222,216,242,286,235,187,249,186	12,17,10,12,19,29,18,23,14,13	153	75
4866	8,11,7,17,8,12,17,14,12,7	169,117,148,124,137,145,131,130,128,135	6,14,10,12,6,10,5,15,15,5	144,160,152,118,158,137,135,138,152,119	174	75
4867	2,0,0,0,0,1,1,0,0,0	36,21,28,20,29,19,20,26,37,23	0,0,0,0,1,0,0,0,0,0	19,24,32,32,20,28,33,25,30,21	93	75
4868	1,1,2,2,3,3,5,1,1,1	6,2,3,1,4,8,1,7,2,4	2,0,1,0,2,0,4,0,1,0	3,3,2,5,2,6,3,7,7,6	121	75
4870	100,96,124,66,48,89,78,80,52,80	0,0,0,0,0,0,0,0,0,0	93,87,71,75,97,92,92,79,88,58	0,0,0,0,2,0,1,2,0,0	79	75
4871	4,6,3,1,5,1,2,2,4,6	0,0,0,0,0,0,0,0,0,0	8,4,1,7,0,7,2,5,5,3	0,0,0,1,0,0,1,0,0,0	108	75
4872	0,1,0,2,2,2,1,0,9,0	2,2,1,1,0,0,0,0,0,0	0,3,2,2,7,3,1,0,2,1	1,2,2,0,0,0,0,0,2,0	79	75
4874	0,0,0,0,1,0,0,0,0,2	25,17,28,24,22,11,19,22,8,22	0,2,0,0,0,1,0,0,0,1	19,36,22,27,19,12,11,18,14,10	117	75
4875	5,5,5,4,2,3,1,3,0,2	506,513,501,503,524,579,461,395,415,455	1,3,1,2,3,1,0,3,2,1	452,531,437,434,516,427,488,510,463,468	125	75
4876	11,9,19,12,12,12,9,11,6,16	12,11,10,4,4,5,15,13,15,8	18,9,15,8,14,11,12,14,7,5	7,1,7,7,11,4,8,6,3,3	88	75
4877	17,11,23,16,21,15,12,21,10,24	1,1,0,0,3,0,0,0,0,0	23,11,20,16,18,20,18,17,11,8	0,0,0,0,1,0,0,0,0,0	95	75
4878	37,19,28,38,34,31,34,26,31,36	11,8,18,7,6,7,6,9,5,9	25,35,40,30,27,42,40,36,30,22	13,8,11,9,11,12,3,10,4,7	95	75
4879	38,45,32,41,29,41,35,32,32,33	0,0,0,0,0,0,0,0,0,0	39,28,36,40,27,32,39,45,49,35	0,0,0,0,0,0,1,0,0,0	1326	75
4880	287,275,349,273,272,236,251,241,269,273	4,5,5,1,2,3,3,2,4,4	275,269,281,265,284,308,253,247,279,211	4,3,1,7,2,5,2,2,3,6	251	75
4881	1,5,2,1,3,2,5,2,4,2	0,0,0,0,0,0,0,1,0,0	2,1,0,5,4,1,1,3,8,2	0,0,0,0,0,0,0,0,0,0	80	75
4882	90,100,121,92,71,73,83,81,82,93	0,3,0,0,1,1,1,1,1,0	83,67,94,77,93,99,74,85,88,60	0,1,1,0,1,1,0,0,0,0	80	75
4884	3,14,10,3,9,11,6,12,3,7	81,88,107,92,75,86,97,85,99,56	6,13,11,7,4,15,6,5,6,6	91,110,74,87,104,122,102,95,78,91	247	75
4886	3,4,2,6,2,0,2,5,3,3	102,105,115,89,74,93,68,70,93,84	4,5,1,0,3,3,3,3,4,2	99,70,105,98,82,99,119,106,83,91	108	75
4887	2,1,0,3,0,0,0,2,0,1	0,0,1,0,0,0,0,0,0,0	2,3,0,0,1,0,3,0,3,0	0,0,0,0,0,0,1,0,0,0	108	75
4888	139,130,125,119,148,134,137,120,124,145	2,2,1,2,1,1,0,5,3,2	144,169,145,131,130,124,107,121,135,104	2,8,2,4,4,1,3,2,2,4	155	75
4889	1,3,0,0,2,0,0,1,0,2	3,3,9,2,7,3,7,3,7,3	0,1,1,1,2,1,2,1,1,4	11,3,3,2,5,2,2,6,6,3	78	75
4890	262,182,178,175,197,172,139,197,164,186	51,45,39,32,45,27,24,36,39,31	148,276,161,154,120,194,160,159,131,158	29,54,33,28,38,50,36,34,18,25	110	75
4891	0,0,0,0,0,0,0,0,0,0	2,0,0,0,0,2,1,0,0,1	1,0,0,1,0,0,0,0,2,1	0,0,0,0,0,0,6,0,0,1	81	75
4893	15,19,24,14,15,12,13,16,21,16	12,16,12,10,4,5,9,9,16,10	13,21,20,11,15,20,18,15,14,12	8,10,11,10,11,9,8,12,16,16	96	75
4894	1,4,1,3,2,1,2,2,4,3	12,16,12,10,4,5,9,9,16,10	6,9,5,0,4,3,5,5,3,3	8,10,11,10,11,9,8,12,16,16	133	75
4895	1,0,0,2,0,0,0,0,1,0	15,15,23,13,13,11,11,14,18,13	2,0,1,0,0,0,0,1,0,0	9,12,16,11,11,17,13,11,11,9	112	75
4896	8,5,10,3,9,9,5,5,7,5	95,84,94,68,81,113,80,93,74,95	7,8,5,3,10,6,3,5,5,9	113,93,93,68,100,111,111,83,96,70	114	75
4897	4,0,4,3,1,0,3,2,0,2	27,34,20,32,30,39,34,24,19,27	1,2,1,1,6,5,1,5,4,4	18,24,36,32,32,40,23,25,26,32	132	75
4899	1,1,2,1,1,0,0,0,1,0	212,190,205,160,191,203,172,165,187,205	1,2,1,2,0,2,1,0,1,0	156,202,168,188,196,230,220,201,196,153	126	75
4900	435,470,479,418,391,443,377,374,433,427	15,13,14,15,12,11,12,13,6,14	400,383,393,371,415,430,424,402,390,355	7,19,19,8,10,21,18,18,7,11	256	75
4901	646,659,682,577,581,646,549,539,619,632	15,13,14,15,12,11,12,13,6,14	555,583,560,557,611,658,643,603,585,508	7,19,19,8,10,21,18,18,7,11	205	75
4902	21,14,10,15,9,14,13,5,16,15	4,0,1,3,1,0,0,0,0,0	6,16,7,18,19,11,20,16,15,8	0,2,1,0,1,0,2,2,0,0	78	75
4903	7,15,10,7,4,8,9,7,11,7	0,0,0,1,2,0,0,1,2,0	10,20,7,5,17,15,10,11,8,13	1,0,0,0,2,0,0,0,0,0	198	75
4905	5,2,3,4,1,2,0,1,6,2	3,3,1,0,1,2,2,2,1,1	1,9,6,2,3,4,4,5,5,6	1,2,0,3,4,0,0,1,3,1	112	75
4907	8,6,11,8,12,7,5,9,10,8	0,0,0,0,0,0,1,0,0,0	9,5,7,7,9,2,7,5,5,8	0,0,0,0,0,0,0,0,1,0	136	75
4908	65,43,58,39,47,76,35,57,45,37	4,2,2,6,4,3,1,1,7,1	55,71,44,43,54,45,35,39,49,39	0,1,2,3,1,4,2,3,4,5	80	75
4910	17,18,24,14,27,15,17,16,8,15	2,2,0,0,0,0,1,1,0,1	15,12,22,14,9,16,16,8,11,8	1,3,2,2,0,1,1,1,0,1	78	75
4914	300,292,321,252,264,287,262,207,243,226	0,0,2,1,0,2,0,1,1,0	264,329,288,302,268,261,288,272,326,300	0,0,0,0,1,0,0,0,0,0	151	75
4915	161,164,182,166,130,134,133,128,141,150	0,0,0,0,0,0,0,1,0,0	123,153,135,153,137,144,154,141,157,147	0,0,0,0,0,0,0,0,0,1	263	75
4916	104,114,84,101,85,82,79,67,91,84	0,0,1,1,0,2,0,0,1,0	105,94,85,88,94,104,94,93,104,83	1,2,0,2,0,2,1,2,2,1	205	75
4917	82,80,83,66,79,78,75,52,75,68	0,1,0,1,2,4,0,0,0,1	99,94,78,84,76,81,90,80,84,77	0,2,0,0,0,0,1,1,0,0	78	75
4918	0,0,0,0,0,0,0,1,1,0	141,146,140,150,136,93,112,111,115,121	0,0,0,2,0,2,1,1,1,1	101,104,126,120,160,147,120,122,112,96	110	75
4919	1629,1618,1672,1586,1499,1626,1375,1210,1438,1376	0,0,0,0,0,0,0,0,0,0	1725,1729,1592,1695,1409,1477,1631,1447,1784,1707	1,0,0,0,0,0,1,0,0,0	1634	75
4920	7,7,6,7,6,2,6,5,4,7	0,0,0,0,0,0,0,0,0,0	11,6,4,5,4,6,6,8,8,5	0,0,1,0,0,0,0,0,0,0	79	75
4921	149,161,138,132,149,136,157,122,133,131	5,0,8,5,5,1,7,2,6,4	152,170,139,127,121,128,173,163,170,134	5,3,4,4,10,6,4,1,7,1	79	75
4922	2,0,0,1,0,1,1,0,3,0	3,2,1,2,0,3,1,1,0,2	0,5,0,0,1,0,0,0,2,0	1,1,3,0,2,2,1,3,1,0	78	75
4924	28,24,26,32,24,24,20,20,17,23	6,5,9,8,16,9,6,6,7,4	28,27,26,19,30,27,18,27,30,21	9,12,8,6,9,6,8,7,12,5	94	75
4925	10,6,8,6,8,6,3,7,5,2	19,17,22,11,23,25,19,23,10,23	6,3,7,6,7,4,7,5,9,2	26,16,18,10,18,14,19,19,11,20	79	75
4926	103,109,143,108,103,100,94,90,102,99	1,1,0,2,0,2,3,0,2,0	102,133,86,117,94,124,117,108,97,86	1,0,0,1,1,0,2,1,0,0	250	75
4927	22,22,25,13,18,12,4,16,15,18	7,9,12,11,6,11,7,3,11,7	11,15,8,23,10,16,22,11,14,24	6,6,5,8,4,8,10,5,11,5	78	75
4928	0,0,0,0,0,0,0,1,0,0	1,0,0,0,0,0,0,0,0,0	0,0,0,0,0,0,1,0,0,0	0,0,0,0,0,0,0,0,0,0	78	75
4929	15,15,4,15,7,15,6,12,10,4	0,0,0,1,0,0,1,0,1,0	18,18,12,11,15,13,8,17,15,10	0,0,0,0,0,0,0,0,0,0	92	75
4930	0,1,0,0,0,0,1,0,0,1	57,59,49,40,57,42,31,45,37,59	0,0,0,1,0,0,0,0,0,0	59,54,58,48,58,54,43,43,50,46	97	75
4933	20,16,14,10,13,20,9,14,19,9	0,0,0,0,0,0,0,1,0,0	18,16,9,14,18,14,25,22,19,17	0,1,0,0,0,2,1,1,1,1	80	75
4934	7,3,4,1,5,7,4,9,2,6	4,3,4,2,1,3,2,2,1,5	3,7,4,7,6,4,3,2,2,5	5,2,5,4,5,0,10,2,1,2	78	75
4935	0,0,0,0,0,4,0,0,0,0	45,32,45,40,42,39,28,32,35,25	0,0,0,0,1,0,0,0,0,1	35,29,42,17,33,40,40,45,28,22	129	75
4936	23,21,22,20,22,37,21,13,30,22	6,3,3,1,3,2,5,4,6,1	18,27,21,22,24,29,32,28,29,25	6,3,3,2,5,2,3,1,5,5	78	75
4937	0,1,0,0,1,0,0,1,0,1	100,102,77,88,94,88,66,76,69,95	0,0,1,0,0,0,1,0,1,0	66,84,78,70,89,71,81,63,90,62	105	75
4938	42,34,30,25,25,28,27,25,34,23	0,0,1,1,0,1,3,0,0,0	25,37,22,19,30,38,26,12,27,25	4,2,0,0,3,0,1,0,1,0	386	75
4939	14,16,17,17,10,19,21,25,23,20	4,4,2,2,1,0,1,2,1,4	8,20,9,18,18,18,13,17,15,16	2,5,3,0,8,5,9,2,1,3	102	75
4940	0,2,4,1,1,2,0,2,1,4	17,23,17,7,16,24,17,10,9,13	3,0,2,0,4,1,0,2,0,2	21,21,15,21,14,23,21,14,17,13	128	75
4941	49,44,51,48,42,49,39,33,45,46	2,0,1,0,2,1,0,0,1,4	57,42,41,47,56,55,47,40,47,42	1,2,0,1,0,1,0,1,0,0	104	75
4942	0,1,0,0,2,0,0,0,0,0	0,3,0,1,1,0,0,0,0,1	0,0,0,0,0,0,0,1,0,0	0,1,1,1,0,2,0,4,1,0	2511	75
4943	46,29,40,32,27,27,30,35,38,39	0,0,1,1,0,0,1,0,0,1	29,26,31,35,31,29,36,25,33,23	1,0,0,0,1,0,0,0,1,0	78	75
4945	31,43,28,27,43,41,41,27,43,34	0,1,1,0,0,0,0,0,0,1	29,30,24,40,37,46,49,34,37,29	0,0,0,0,0,1,0,0,0,0	78	75
4947	166,147,217,154,150,127,164,158,169,129	55,53,62,55,40,68,46,55,67,50	151,240,156,174,140,195,161,165,148,204	60,63,33,58,50,54,68,43,58,49	1037	75
4948	18,21,15,9,20,17,23,11,23,13	5,1,0,1,3,3,5,6,3,2	10,16,6,11,12,11,16,14,11,9	5,4,4,6,4,5,12,5,2,4	78	75
4949	11,10,10,8,19,6,13,4,6,8	37,36,34,46,58,51,41,34,34,30	17,18,10,9,8,8,8,8,14,16	48,48,40,36,36,38,35,35,24,27	78	75
4950	5,7,9,1,5,4,2,0,3,2	0,0,1,1,0,0,0,0,0,0	4,8,2,10,6,4,9,7,0,5	2,0,1,1,1,0,1,2,0,0	79	75
4951	0,1,0,0,0,2,0,0,1,0	0,0,1,0,0,0,0,0,0,0	0,1,0,2,1,0,1,0,0,0	0,0,0,0,1,0,0,0,0,0	106	75
4952	41,35,57,43,42,45,36,24,33,26	3,1,2,3,4,3,1,6,1,3	47,56,40,37,40,45,27,36,39,34	1,6,2,4,2,0,1,2,5,2	98	75
4953	13,13,7,15,8,14,16,17,18,5	680,690,743,610,651,620,455,417,495,584	11,13,10,17,12,12,9,9,19,16	618,728,639,599,620,614,545,531,620,515	195	75
4954	920,913,984,822,869,848,610,561,689,869	46,44,50,50,39,35,34,37,36,47	947,861,951,816,899,835,704,750,831,724	50,44,43,51,49,37,33,54,39,35	78	75
4955	41,35,34,36,28,31,29,23,24,39	0,0,1,0,0,0,0,0,0,0	36,46,31,33,41,33,29,34,43,35	0,0,0,0,0,0,0,0,0,0	80	75
4956	0,1,0,1,0,0,0,0,0,0	59,52,45,46,33,50,46,33,35,30	0,0,0,1,0,0,1,0,0,0	48,64,32,47,57,42,47,40,40,46	208	75
4957	0,2,0,0,0,0,0,0,0,0	37,30,29,27,20,12,33,17,31,26	0,0,0,0,0,0,0,0,0,0	21,31,23,26,33,18,25,35,18,25	166	75
4958	0,2,0,0,0,0,0,0,1,0	22,20,21,30,25,22,24,15,20,29	0,0,0,0,1,0,0,0,0,0	29,21,18,19,24,17,25,31,29,23	101	75
4959	1,1,4,0,0,2,3,0,0,0	2,2,0,0,0,1,1,1,1,1	1,0,2,2,1,3,1,1,0,1	0,2,1,0,2,0,1,0,1,1	111	75
4960	29,31,26,29,21,25,29,17,26,24	0,0,0,0,0,1,0,0,0,0	22,28,19,14,26,26,28,28,18,22	0,0,0,0,0,0,0,0,0,0	82	75
4961	173,163,158,116,122,136,129,107,141,130	5,1,2,1,4,0,3,2,0,1	170,173,136,136,146,171,148,133,109,172	1,0,2,2,3,2,0,2,5,1	82	75
4962	58,45,63,43,42,67,58,46,61,64	10,10,15,15,4,10,10,9,8,3	67,58,44,48,54,54,53,47,49,66	3,9,8,9,5,14,11,6,9,1	116	75
4964	0,0,0,0,0,0,0,0,0,0	0,0,0,0,0,0,0,0,3,0	0,0,0,0,0,0,0,0,0,1	0,0,0,2,0,0,0,0,0,0	200	75
4965	0,0,0,0,0,0,0,0,0,0	2,1,2,1,1,1,0,2,4,0	0,0,0,0,0,0,0,0,0,2	0,2,3,1,0,1,0,1,2,2	200	75
4966	0,0,0,0,1,0,0,0,0,0	1,1,0,1,2,4,2,0,1,1	0,0,0,0,0,0,0,0,0,1	1,1,4,2,0,1,0,2,0,4	200	75
4967	16,15,10,11,10,9,4,4,7,14	216,199,194,190,178,196,114,145,148,216	18,12,5,11,12,11,12,9,14,7	194,239,176,184,189,175,198,170,182,200	177	75
4968	2,2,0,2,4,2,3,3,3,0	115,122,120,107,116,97,97,111,109,93	2,1,1,5,4,2,1,0,4,4	89,122,90,85,96,108,129,82,81,95	86	75
4969	3,0,3,2,1,3,1,2,3,3	100,95,106,81,89,94,87,64,89,69	1,0,1,2,1,1,4,2,1,0	80,102,77,54,89,75,106,65,62,78	104	75
4970	97,88,77,73,90,63,55,68,83,72	6,4,7,4,4,2,1,2,4,4	74,85,68,50,64,61,65,62,56,71	7,3,1,7,2,4,3,2,7,2	105	75
4972	0,0,1,0,1,0,2,2,0,0	14,16,19,23,22,24,16,21,32,13	0,1,0,1,0,0,2,1,0,1	11,23,20,11,15,22,17,18,16,25	162	75
4973	1,3,3,0,0,0,0,0,0,2	45,61,64,49,51,71,47,46,35,40	0,1,1,1,0,0,1,0,1,3	59,63,47,67,58,59,50,52,54,52	89	75
4974	332,349,290,308,284,321,252,280,308,305	1,0,0,0,0,1,1,0,0,0	306,276,320,339,302,316,344,285,338,361	0,0,0,0,0,0,0,0,0,0	175	75
4975	460,492,402,405,371,441,358,355,403,402	9,18,16,10,12,10,9,8,13,8	422,397,438,439,401,428,422,408,448,471	7,14,8,11,11,5,16,9,8,6	175	75
4976	337,353,294,309,285,324,255,286,308,314	0,0,1,1,0,0,0,0,0,0	307,282,321,343,308,318,352,289,339,364	0,0,0,0,0,0,0,0,0,0	175	75
4980	553,528,517,427,506,443,426,380,460,459	5,4,5,2,10,8,6,6,8,3	435,466,473,451,460,421,428,429,481,389	8,9,1,7,5,6,5,10,9,7	807	75
4981	0,0,0,0,2,0,0,0,0,0	31,37,39,37,28,39,29,39,40,55	0,0,0,0,0,0,0,0,0,0	31,27,33,25,39,27,35,39,31,26	147	75
4982	2,3,0,2,0,2,2,1,4,5	1,0,2,1,0,0,4,0,0,3	0,0,1,1,3,1,1,1,3,2	1,2,6,3,2,3,2,1,3,3	78	75
4983	64,71,68,47,72,70,53,49,69,58	0,2,0,0,0,0,1,0,0,0	89,58,67,43,62,70,56,61,81,59	0,0,0,0,0,2,1,0,0,1	132	75
4984	69,81,79,53,82,77,59,57,83,66	0,0,0,1,0,0,0,0,0,0	95,64,71,54,68,80,64,66,89,64	0,0,0,0,0,0,0,0,1,0	132	75
4985	54,64,63,46,34,37,53,60,49,28	0,0,1,0,0,1,0,0,0,0	56,45,29,36,50,52,42,38,47,36	0,0,0,1,0,1,0,0,0,0	332	75
4986	26,34,34,38,27,36,51,31,21,34	76,89,92,59,100,82,67,79,68,80	50,42,27,38,46,28,38,28,35,33	80,91,80,80,65,87,94,93,92,73	96	75
4987	13,11,11,12,22,12,22,11,22,23	1,5,7,5,3,3,3,1,3,1	19,24,15,13,12,17,10,12,10,8	0,4,3,4,4,3,2,5,1,6	78	75
4988	16,13,14,13,16,18,14,12,18,12	9,8,10,13,12,10,4,9,7,9	17,21,12,18,15,20,16,9,22,16	13,7,8,10,7,7,9,18,11,9	78	75
4989	51,36,36,43,37,34,44,38,46,27	1,2,1,1,0,0,1,2,2,1	41,47,32,50,44,36,36,36,53,48	0,1,2,3,1,0,1,2,1,0	509	75
4990	0,1,0,1,2,0,0,0,3,0	102,107,110,95,112,105,74,90,117,108	1,1,0,2,0,1,0,0,1,0	116,88,95,98,99,112,117,111,99,94	123	75
4993	79,74,85,63,87,75,94,77,98,66	1,4,4,3,7,1,7,1,3,1	67,74,90,72,86,70,74,92,71,68	4,9,4,5,3,2,4,4,5,1	176	75
4994	79,74,85,63,87,75,94,77,98,66	5,4,8,6,1,4,4,2,1,3	67,74,90,72,86,70,74,92,72,68	5,3,5,6,3,3,3,2,5,3	179	75
4995	1,4,4,3,7,1,7,1,3,1	5,4,8,6,1,4,4,2,1,3	4,9,4,5,3,2,4,4,6,1	5,3,5,6,3,3,3,2,5,3	78	75
4996	22,13,31,21,31,17,18,27,29,36	15,18,16,22,17,13,11,7,16,14	24,27,43,18,31,23,28,24,32,29	14,16,11,10,14,17,13,7,12,12	103	75
4997	121,124,117,120,112,109,112,96,104,110	0,0,0,0,0,0,0,0,1,0	111,118,121,102,124,139,109,101,112,108	0,0,0,0,0,0,0,0,0,0	440	75
4998	145,166,175,129,145,122,123,121,92,132	1,4,1,4,2,3,3,5,0,7	159,179,142,122,154,128,134,140,135,121	1,6,4,2,6,3,2,1,1,3	112	75
4999	91,85,93,119,77,110,75,75,87,91	2,0,0,1,0,1,2,1,2,1	94,109,102,83,94,119,103,91,102,87	1,2,1,0,1,0,0,0,0,2	81	75
5000	18,8,16,12,8,14,17,11,7,5	0,0,0,0,0,0,0,0,0,2	8,15,12,9,11,9,11,9,16,15	0,0,0,0,0,0,0,0,0,0	189	75
5001	63,69,62,58,65,73,54,42,58,51	0,1,0,0,0,0,0,0,0,0	53,57,50,49,46,53,60,54,51,63	0,0,0,0,0,0,0,0,0,0	138	75
5002	6,13,11,12,10,4,14,13,14,25	28,25,19,19,18,20,17,17,8,21	18,16,11,13,10,18,25,22,11,12	21,22,17,20,14,19,12,23,21,22	90	75
5003	15,10,7,13,11,10,5,6,9,8	28,35,29,27,29,23,19,18,34,19	11,10,13,12,8,8,8,12,5,11	32,36,22,34,29,35,26,33,39,25	260	75
5004	2,3,5,4,0,5,7,3,5,2	14,12,16,19,11,18,11,11,8,17	2,5,4,7,4,6,6,6,4,3	9,14,14,9,12,9,20,8,8,7	142	75
5006	0,0,0,0,0,0,0,0,1,0	3,0,0,0,0,0,0,0,0,0	0,0,0,0,0,0,0,2,0,0	0,0,0,0,0,0,0,0,0,0	732	75
5007	0,0,0,0,0,0,0,0,1,0	3,0,0,0,0,0,0,0,0,0	0,0,0,0,0,0,0,1,0,0	0,0,0,0,0,0,0,0,0,0	324	75
5009	0,2,0,0,2,1,0,1,0,1	0,2,1,0,0,0,0,1,1,3	0,5,1,1,0,0,2,1,1,0	1,1,1,0,0,1,3,1,0,0	104	75
5010	22,21,19,13,21,16,18,10,13,16	0,3,0,0,0,0,0,0,0,2	11,13,16,6,21,12,10,14,9,23	0,1,0,1,0,0,0,0,0,0	143	75
5011	6,9,9,7,6,11,7,7,3,5	0,2,0,1,0,1,0,1,0,0	6,6,10,8,4,8,11,9,14,5	0,0,1,0,2,0,3,0,1,0	174	75
5012	2,1,0,0,0,1,2,0,0,2	9,12,11,7,7,3,11,8,12,9	1,0,0,1,0,1,0,1,1,0	7,14,8,3,1,10,18,13,4,7	109	75
5014	32,31,38,45,45,17,35,30,38,46	19,7,11,13,14,12,14,10,10,10	42,26,28,27,43,38,23,35,19,27	11,9,14,19,14,13,14,9,12,8	78	75
5015	20,29,29,14,27,26,26,25,27,18	1,0,1,1,1,1,0,2,0,2	19,22,26,20,20,33,44,25,26,11	1,1,1,3,1,1,1,2,0,0	81	75
5016	3,1,5,10,4,3,0,4,2,5	33,41,36,22,22,40,24,33,28,29	6,8,4,6,1,4,5,10,2,10	35,32,33,44,31,32,33,33,27,25	106	75
5018	139,157,132,164,138,142,166,118,122,148	0,0,0,0,0,0,0,0,1,0	137,171,123,144,115,157,123,159,147,151	0,1,0,0,0,0,0,0,0,0	978	75
5019	13,12,8,13,16,12,11,10,16,17	5,3,3,5,5,7,0,5,2,1	7,12,17,12,12,10,22,14,7,12	4,4,4,4,3,6,3,4,4,8	115	75
5020	11,6,6,8,5,8,3,6,4,3	0,0,0,0,0,0,0,0,0,0	5,6,4,5,4,8,5,5,4,8	0,0,0,1,0,0,0,0,0,0	82	75
5021	125,135,118,112,130,125,86,112,100,88	0,0,0,0,0,0,0,1,0,0	115,134,92,119,104,127,124,114,106,106	0,0,0,0,0,0,0,0,2,0	204	75
5022	0,0,0,0,0,0,1,0,0,0	209,204,200,178,151,177,152,145,179,187	0,0,0,0,0,0,0,0,0,0	163,206,175,179,166,167,197,171,171,159	226	75
5024	51,43,41,32,41,41,33,31,30,45	96,59,68,54,63,72,63,48,67,66	46,56,34,47,36,32,35,39,42,26	57,87,61,68,64,63,64,48,73,51	78	75
5025	4,3,2,2,3,5,1,3,4,7	1,0,0,0,0,0,0,1,0,0	4,4,0,2,5,5,4,1,1,7	0,0,0,0,0,0,0,0,0,0	141	75
5026	159,140,130,123,120,111,108,89,107,105	5,6,6,4,5,6,5,5,3,11	128,118,107,112,100,103,120,110,146,125	3,2,7,6,3,4,4,2,2,4	490	75
5027	5,1,2,8,6,4,1,2,2,4	13,17,14,14,8,9,15,14,16,21	2,11,1,2,0,3,8,4,1,4	17,14,7,12,18,11,11,20,19,9	78	75
5028	29,26,16,16,20,17,23,21,21,22	25,30,28,22,24,25,43,30,30,50	11,27,16,20,29,34,21,13,22,22	26,16,35,45,50,49,32,32,34,40	102	75
5029	29,27,16,17,21,17,23,21,21,22	10,5,6,1,3,10,5,2,2,7	11,27,16,20,29,34,21,13,22,23	3,7,6,3,6,9,6,7,7,11	105	75
5030	25,31,28,23,25,25,43,30,30,50	10,5,6,1,3,10,5,2,2,7	26,16,35,45,50,49,32,32,34,41	3,7,6,3,6,9,6,7,7,11	78	75
5031	93,74,83,79,86,68,95,64,71,98	44,47,29,33,29,26,31,30,37,44	93,83,77,80,81,71,65,64,72,64	31,33,24,32,31,40,38,21,34,31	78	75
5032	0,0,0,2,0,0,1,0,0,2	112,100,108,93,97,115,88,81,105,92	1,2,0,1,0,0,1,1,0,0	112,102,103,107,111,95,90,94,77,85	116	75
5033	152,127,124,107,121,94,104,114,152,116	0,0,2,0,0,3,0,0,0,0	100,126,124,113,106,127,113,113,130,144	0,1,1,1,1,0,1,1,0,1	1795	75
5034	0,2,0,0,0,0,0,1,1,0	41,40,55,26,32,30,27,22,34,34	0,0,0,0,0,1,0,0,1,1	42,35,32,29,32,35,33,33,30,22	139	75
5035	19,17,13,14,15,13,15,6,11,14	0,0,0,0,0,0,0,0,0,1	14,15,18,19,10,17,12,16,12,13	0,0,0,0,0,0,0,0,0,0	93	75
5036	37,33,34,30,33,22,25,18,25,32	9,6,9,9,3,13,10,11,9,9	29,33,28,33,24,29,21,28,19,20	3,11,10,13,7,9,13,10,12,10	93	75
5037	10,8,4,7,3,6,8,3,2,6	0,3,1,1,0,3,0,3,3,0	6,7,8,8,5,4,6,4,8,11	1,2,0,2,0,5,3,2,1,2	78	75
5038	8,13,15,12,8,14,12,18,6,13	0,0,0,0,0,1,0,0,2,2	11,10,10,7,10,15,9,9,4,12	2,1,0,0,1,0,0,0,0,0	78	75
5039	11,10,11,10,10,17,11,7,10,17	0,0,0,0,0,0,0,0,0,0	10,15,12,19,13,13,7,13,15,9	0,0,1,0,0,0,0,2,2,1	78	75
5041	2,2,0,1,0,2,1,3,5,2	3,2,2,1,2,0,1,6,0,3	5,4,0,1,2,8,2,1,0,2	5,3,3,2,3,4,3,0,1,1	78	75
5042	3,3,6,1,1,3,6,3,5,5	1,1,2,0,0,0,0,1,1,2	5,6,2,3,3,10,4,3,2,3	0,1,1,0,1,0,1,0,0,3	117	75
5043	4,3,8,1,3,1,6,6,0,6	1,1,2,0,0,0,0,1,1,2	5,5,5,4,4,6,5,2,3,2	0,1,1,0,1,0,1,0,0,3	114	75
5044	2,0,1,1,3,0,0,3,0,4	0,0,0,0,0,0,1,0,0,0	1,5,0,0,1,1,3,0,0,0	0,0,0,0,0,0,0,0,0,0	105	75
5046	23,26,23,17,21,23,16,26,23,27	21,14,19,13,15,16,18,14,19,13	14,24,13,12,14,20,17,11,21,17	17,12,15,13,11,20,21,15,10,20	78	75
5047	45,30,41,32,30,38,21,23,27,43	1,0,5,1,0,2,0,1,1,1	24,51,33,19,35,26,38,30,33,31	0,4,0,1,1,1,0,0,0,0	125	75
5048	0,0,1,0,0,0,0,0,1,0	184,228,195,163,149,201,156,142,162,153	2,0,0,0,2,0,0,0,0,0	200,182,147,186,217,168,184,136,170,172	94	75
5050	26,43,35,32,44,36,29,23,22,36	48,67,61,40,52,46,47,36,45,47	24,27,30,26,41,29,25,35,32,32	41,65,57,30,45,48,42,41,45,43	96	75
5052	13,14,13,13,7,12,9,7,10,10	0,0,0,0,0,0,0,0,0,0	15,9,11,8,16,12,14,10,8,5	0,1,0,0,0,0,0,0,0,0	145	75
5053	93,118,111,85,87,101,116,85,85,96	3,2,3,1,0,2,1,2,1,1	87,117,82,87,86,111,117,108,80,86	1,2,2,3,1,2,0,0,3,1	100	75
5054	116,114,111,102,110,99,91,68,103,125	6,8,1,6,1,2,2,3,2,1	123,78,105,110,97,108,98,96,95,112	2,3,2,1,2,4,3,1,4,2	153	75
5055	0,2,0,0,0,0,3,0,0,0	29,26,27,23,20,24,10,14,33,26	0,0,2,0,0,1,0,0,0,0	22,32,24,18,21,19,26,20,21,26	147	75
5056	141,120,131,120,106,122,117,107,119,105	1,0,0,0,0,0,0,0,0,0	100,95,104,104,101,115,113,97,125,98	1,0,0,0,0,0,0,0,0,0	895	75
5058	95,97,87,76,72,74,74,65,71,64	5,1,3,4,3,2,2,3,2,5	76,81,75,61,69,84,89,59,78,79	1,2,2,6,3,7,3,2,4,4	87	75
5059	0,0,0,0,0,0,0,0,0,0	2,1,3,2,4,2,1,2,3,0	0,0,0,0,1,0,0,0,0,0	0,3,7,3,0,0,3,1,4,1	99	75
5060	2,3,1,1,0,1,4,4,5,4	0,0,0,0,0,0,0,0,0,0	3,4,2,2,0,1,5,4,2,1	0,0,0,0,0,0,0,1,0,0	80	75
5061	0,3,1,4,3,2,3,1,1,3	194,161,189,171,146,159,143,169,177,204	2,2,0,2,3,2,2,2,2,1	163,165,161,168,167,157,203,195,166,138	182	75
5062	3,3,0,4,2,0,2,2,2,3	2,1,0,0,0,1,0,0,2,0	1,2,0,4,2,3,5,4,2,1	0,1,0,0,1,0,0,0,0,0	78	75
5063	4,3,0,5,3,1,2,2,2,2	2,0,0,0,0,0,0,0,0,0	2,3,0,4,3,3,2,5,1,1	0,0,0,1,0,1,3,1,1,0	80	75
5064	2,3,10,6,0,1,2,3,3,3	4,1,2,2,1,8,4,3,2,2	4,2,3,4,3,0,3,6,2,0	3,0,3,4,6,1,3,1,7,7	78	75
5066	12,10,16,10,18,16,12,15,25,19	3,0,0,0,0,0,1,0,4,0	18,21,12,14,7,14,19,13,17,10	0,0,0,0,2,1,0,0,0,1	129	75
5067	68,99,61,70,73,73,62,53,61,59	0,0,0,0,0,0,1,0,1,0	47,63,59,68,71,58,71,68,64,63	0,0,0,0,0,1,0,0,0,0	553	75
5070	22,19,16,18,17,25,21,22,11,18	0,1,0,0,0,0,1,1,0,2	29,19,9,25,16,15,20,6,9,17	0,2,3,0,0,0,0,1,1,1	90	75
5071	0,2,0,0,1,1,0,1,0,1	45,66,62,71,55,76,63,48,54,61	1,0,0,1,0,0,0,0,0,1	59,57,70,60,45,60,58,69,35,46	96	75
5073	0,0,0,0,1,3,0,0,0,0	43,31,37,22,27,23,25,22,31,24	0,0,1,0,0,0,1,0,0,0	38,34,24,28,24,29,27,21,21,30	94	75
5076	1,5,2,4,2,2,0,1,10,3	1,0,0,0,0,0,0,0,0,2	3,4,3,0,3,3,6,0,4,0	0,0,0,0,0,1,0,0,0,0	131	75
5078	6,7,5,7,9,2,4,3,4,3	4,1,6,4,4,3,1,3,4,2	3,6,3,6,8,5,2,6,3,4	1,0,4,4,3,3,7,3,1,1	334	75
5079	0,1,0,1,1,0,0,0,1,0	4,1,6,4,4,3,1,3,4,2	0,0,0,0,0,1,0,0,0,0	1,0,4,4,3,3,7,3,1,1	88	75
5080	13,13,8,5,9,5,13,11,5,10	288,243,262,240,198,222,263,198,228,207	15,10,8,9,8,8,5,4,12,9	211,212,191,218,258,252,301,227,240,246	967	75
5081	402,414,446,363,308,337,346,302,383,318	8,4,6,7,2,7,4,1,5,3	341,271,279,325,343,384,427,357,348,295	3,5,2,5,4,1,11,3,8,2	78	75
5082	94,114,112,92,75,68,94,78,85,102	0,1,0,2,1,0,0,0,0,0	87,84,52,69,106,97,116,68,89,81	3,0,3,0,1,0,0,0,1,1	78	75
5083	542,596,563,496,434,488,521,428,446,464	1,3,3,5,5,1,3,2,3,0	547,397,395,382,467,491,648,480,506,423	2,2,0,4,3,1,1,1,7,2	78	75
5085	19,10,19,16,16,20,18,12,14,20	3,0,1,4,4,7,5,6,1,4	9,27,13,12,16,19,15,9,17,15	1,2,2,2,8,9,2,6,4,5	78	75
5086	0,1,0,1,1,0,0,0,0,3	10,1,5,3,2,6,1,1,6,0	2,6,1,2,0,1,0,3,2,1	3,4,3,1,5,1,2,2,0,2	133	75
5087	468,485,487,421,427,450,399,338,369,399	12,7,4,3,9,9,8,4,6,11	444,505,431,399,409,427,421,395,421,372	6,14,12,8,6,15,9,12,11,11	163	75
5088	5,7,2,6,2,7,6,3,6,2	0,0,0,0,0,0,1,0,0,0	6,4,5,9,4,5,2,7,3,4	0,0,0,0,1,0,0,0,0,0	101	75
5089	0,3,0,3,1,1,3,1,2,1	37,35,29,28,17,26,22,19,19,22	0,2,0,1,0,0,2,0,0,0	29,28,21,27,26,21,31,26,14,27	136	75
5090	1,0,1,1,1,0,0,0,1,0	145,125,124,116,104,114,97,99,109,96	1,1,2,0,3,1,0,0,1,1	106,110,118,89,119,120,131,118,89,124	121	75
5091	0,0,0,0,0,0,0,1,0,0	2,10,9,8,6,12,13,5,7,8	0,0,0,0,0,0,0,0,0,0	12,9,6,12,11,10,7,8,9,16	78	75
5092	1,1,0,0,0,0,1,0,0,0	6,6,12,9,15,7,10,15,10,17	0,1,1,1,1,0,2,0,3,0	14,10,8,9,5,9,11,7,7,4	90	75
5093	25,17,26,25,15,27,24,15,25,17	0,0,0,0,1,0,3,3,0,0	25,16,13,17,13,20,21,11,15,29	1,1,0,2,0,0,0,0,1,0	79	75
5094	122,102,107,102,101,104,100,94,91,119	6,7,9,3,5,4,7,7,12,11	95,135,92,111,110,110,111,102,121,94	10,13,4,7,8,7,5,9,6,13	349	75
5095	27,29,24,28,39,14,18,21,25,24	0,0,0,0,0,0,0,1,0,0	18,32,24,32,26,38,24,34,28,25	0,0,0,0,0,1,0,0,0,1	368	75
5097	0,0,0,0,0,1,0,0,0,0	40,38,42,36,40,45,36,35,43,40	0,0,0,1,1,1,0,1,2,0	37,45,39,33,40,50,52,35,36,46	117	75
5099	44,39,51,21,29,31,37,17,31,34	53,58,46,23,36,38,37,36,54,40	33,27,28,37,28,41,43,30,45,39	49,51,37,44,51,59,66,55,42,49	78	75
5101	13,4,2,2,6,5,6,6,8,11	0,0,0,0,0,0,0,2,0,0	1,5,7,4,5,5,2,4,4,1	1,2,0,0,0,2,0,0,0,0	79	75
5102	16,24,17,26,21,11,12,17,18,8	2,7,7,4,5,2,3,8,5,2	21,15,18,8,20,13,9,11,18,19	4,2,3,0,2,1,4,4,3,1	78	75
5103	41,38,39,33,32,48,28,23,41,28	0,1,0,0,0,0,1,0,0,0	38,43,41,28,38,32,61,35,20,34	0,0,0,0,0,0,0,0,0,0	111	75
5105	56,47,49,32,59,41,36,35,45,46	1,0,0,0,0,1,0,0,0,0	40,63,50,38,40,53,29,41,44,44	1,0,0,1,0,2,1,0,0,0	131	75
5106	28,26,35,31,27,19,18,20,22,23	0,1,1,0,0,0,0,2,0,0	22,37,32,26,26,19,32,20,27,22	1,3,0,0,0,2,0,3,3,2	102	75
5107	13,6,12,20,1,5,10,7,5,5	0,3,0,0,0,0,0,0,0,2	2,1,2,1,5,1,3,5,3,2	1,1,0,0,1,2,0,1,1,0	246	75
5108	135,128,139,86,115,98,103,92,120,129	4,6,2,4,1,3,2,5,6,9	110,140,115,101,152,122,101,119,120,99	7,7,8,2,5,4,9,8,4,2	78	75
5109	0,1,1,0,0,0,0,0,0,2	56,41,46,56,42,50,54,46,41,60	1,1,0,1,2,0,0,0,0,0	52,49,50,43,61,57,34,54,48,48	109	75
5116	1064,951,1052,853,819,764,760,712,872,929	355,309,413,440,288,373,404,322,352,378	988,890,930,871,936,949,1018,799,851,851	362,326,336,259,356,409,343,359,382,288	84	75
5118	22,23,26,30,23,16,27,20,21,24	3,0,1,0,0,0,0,0,0,0	27,22,20,20,28,28,34,24,21,23	1,0,0,0,1,0,0,1,0,0	207	75
5119	1,3,1,2,4,1,0,0,1,0	288,310,316,244,277,323,248,246,266,240	0,1,0,1,0,0,1,0,3,1	311,326,231,281,263,277,300,253,269,296	206	75
5121	0,2,1,2,0,0,0,1,1,0	22,15,21,13,16,25,11,7,16,15	0,0,0,0,1,2,0,0,1,0	15,20,21,20,22,24,23,21,17,14	134	75
5122	75,67,78,51,74,51,60,48,75,69	0,0,1,0,0,0,0,0,0,0	56,82,56,42,47,80,49,41,39,47	0,0,0,1,0,1,0,0,0,0	104	75
5123	101,113,126,115,108,97,108,90,89,109	2,3,2,3,0,3,4,5,3,6	116,106,97,105,120,93,117,112,105,104	1,5,2,5,3,0,1,2,3,1	107	75
5124	19,16,27,22,12,11,16,16,17,23	0,0,1,0,0,0,0,0,0,0	12,17,15,20,13,13,21,18,19,8	0,0,0,0,0,0,0,0,0,0	107	75
5126	4,2,1,3,0,4,1,0,1,0	124,123,121,93,94,114,115,98,103,74	0,2,2,4,3,4,5,5,1,1	113,139,101,107,95,127,118,117,91,127	101	75
5127	6,9,10,4,7,10,7,9,6,11	141,100,123,87,100,82,74,71,95,124	6,14,6,6,8,5,5,5,12,4	120,99,107,109,92,111,72,91,91,79	144	75
5128	87,84,72,74,56,73,59,46,47,55	96,72,92,87,72,80,68,61,72,75	75,65,69,83,67,58,78,60,65,43	75,86,98,79,83,89,69,70,78,59	78	75
5129	0,2,0,1,2,0,0,1,0,0	12,1,3,6,5,7,8,7,5,5	0,0,0,1,1,0,0,1,0,2	12,11,3,13,7,6,3,5,11,4	144	75
5130	40,35,38,27,43,49,33,34,35,38	2,2,5,4,3,2,0,3,2,3	29,52,31,46,53,46,36,35,33,36	1,0,3,6,2,6,6,3,1,1	79	75
5131	32,52,43,41,46,42,30,22,29,37	0,0,0,0,0,0,0,0,0,0	26,40,44,32,41,47,42,48,45,45	0,0,0,0,0,0,0,0,0,1	79	75
5133	2,0,1,0,0,0,0,1,1,0	0,0,0,0,0,0,0,0,0,0	0,2,0,2,2,2,0,0,0,0	0,0,0,0,0,1,0,0,0,0	78	75
5134	0,0,0,0,0,0,0,0,0,0	0,0,1,0,0,0,2,1,1,0	2,1,0,0,0,0,0,0,0,0	1,0,0,1,0,0,0,0,1,0	78	75
5135	119,105,117,97,84,112,103,103,108,103	6,4,1,2,5,1,7,4,4,2	111,102,108,114,110,107,113,117,115,67	7,4,4,4,4,1,4,6,3,2	139	75
5136	94,72,73,73,67,61,55,67,53,59	0,1,3,3,1,0,0,0,0,0	49,36,70,61,70,77,77,77,61,45	0,0,2,0,1,1,1,0,0,0	95	75
5137	72,63,78,64,52,60,58,51,45,48	0,0,0,0,0,1,0,0,0,0	55,56,58,73,68,75,59,49,66,50	0,0,0,0,0,0,0,0,0,0	79	75
5139	1,1,1,0,0,0,0,1,1,0	0,0,0,0,0,0,0,0,1,0	0,2,0,1,2,1,1,0,0,0	0,0,0,0,0,0,0,0,0,0	79	75
5140	0,0,0,0,0,0,0,0,0,0	7,15,10,6,12,8,5,7,7,9	0,1,0,0,0,0,0,0,0,0	7,9,11,6,8,8,8,9,8,10	144	75
5141	27,23,29,26,36,24,30,26,39,30	34,30,31,34,28,30,22,28,37,26	28,42,34,32,22,46,30,33,28,33	21,35,25,18,27,37,31,36,29,20	168	75
5142	5,7,10,2,5,5,7,6,3,15	1,0,1,0,0,2,2,0,1,0	7,10,4,3,4,14,8,6,5,5	0,2,0,0,3,0,0,0,0,0	81	75
5143	11,17,10,8,11,13,16,15,8,10	1,1,3,0,1,1,1,0,3,1	8,16,13,11,13,20,13,17,12,14	1,0,0,2,2,1,1,0,1,1	81	75
5144	65,82,95,68,98,61,54,66,73,62	11,7,14,8,9,11,6,6,7,2	73,93,68,78,73,95,76,60,59,63	2,14,11,8,8,17,13,10,11,8	78	75
5146	1,2,0,0,1,0,0,1,0,0	3,0,3,4,2,4,3,2,1,1	1,0,0,2,1,1,0,0,0,0	0,0,1,0,4,3,3,7,0,4	197	75
5147	48,56,60,43,56,48,35,28,38,31	0,0,0,0,1,0,0,0,0,0	59,45,44,67,35,42,49,39,48,51	0,0,0,0,0,0,0,0,1,0	119	75
5148	22,26,20,26,12,24,16,10,11,26	3,7,6,8,4,4,8,8,4,12	17,30,15,16,14,17,11,14,19,16	4,11,9,6,10,9,7,5,3,5	78	75
5149	41,39,38,42,30,43,25,29,26,43	0,0,1,0,0,0,0,1,1,0	36,48,34,28,31,36,31,26,33,32	2,0,1,0,0,0,0,0,1,1	97	75
5150	22,20,24,24,22,23,17,27,19,29	0,0,1,0,0,0,0,1,1,0	23,29,28,18,27,28,27,17,17,21	2,0,1,0,0,0,0,0,1,1	94	75
5151	29,26,24,22,17,11,20,19,30,16	1,1,0,1,0,0,0,0,0,0	21,21,16,32,12,20,24,19,15,21	1,0,1,1,2,0,0,0,3,1	146	75
5152	0,2,0,0,0,0,1,0,0,0	87,79,73,74,59,83,64,67,61,57	0,0,0,0,0,0,0,0,0,0	66,81,59,71,81,86,73,65,65,58	87	75
5154	14,22,6,7,8,4,8,9,14,12	0,0,8,2,0,0,1,0,1,0	10,9,11,4,7,7,10,9,13,5	2,1,1,1,1,2,0,0,0,0	286	75
5155	117,131,120,124,105,99,92,83,101,107	72,37,80,58,41,55,43,47,36,40	133,91,96,90,127,112,92,88,89,105	53,44,76,36,61,58,53,47,50,46	78	75
5156	65,58,50,50,57,64,60,36,53,38	0,1,0,0,2,0,3,0,1,1	64,70,53,46,72,58,44,54,58,52	0,0,1,0,0,1,0,4,0,1	159	75
5157	131,132,114,103,97,111,108,83,100,90	108,93,106,144,103,136,120,94,98,123	144,117,90,100,137,126,98,100,107,105	133,103,109,95,127,117,132,123,109,107	159	75
5158	65,58,50,47,59,64,60,37,53,38	4,5,5,2,4,2,3,3,0,1	64,70,53,46,72,58,44,53,58,52	0,2,3,6,2,3,2,2,0,0	159	75
5159	181,170,175,189,166,179,147,122,124,145	12,17,9,7,12,16,12,2,8,12	170,177,183,139,161,186,139,151,177,150	8,14,7,10,8,8,14,9,13,11	122	75
5160	326,320,310,334,292,320,313,229,268,287	8,10,5,7,0,11,1,8,4,0	339,306,304,242,304,314,258,301,319,277	9,6,6,0,18,4,3,1,8,4	463	75
5161	157,167,144,152,138,157,178,109,152,154	8,10,5,7,0,11,1,8,4,0	177,143,128,113,151,136,133,159,155,138	9,6,6,0,18,4,3,1,8,4	416	75
5162	17,25,21,27,17,28,16,13,25,15	0,1,0,0,0,0,1,0,0,0	23,23,20,10,21,21,18,18,14,14	0,0,0,0,0,0,0,1,0,0	87	75
5163	35,36,34,17,23,29,16,27,11,28	6,5,5,4,4,3,1,2,5,7	24,16,21,23,27,29,33,23,31,31	15,3,2,4,6,1,5,0,6,8	163	75
5164	29,24,13,18,14,19,15,18,18,30	5,8,7,4,2,6,10,4,6,6	21,25,9,16,17,30,20,17,28,19	9,7,2,9,6,4,9,3,10,1	78	75
5165	14,18,26,26,14,17,19,12,15,28	0,0,0,0,2,0,0,1,0,1	24,15,13,14,16,15,19,24,19,16	0,1,0,0,0,0,0,1,0,0	79	75
5166	10,12,6,7,4,10,8,7,3,1	12,10,16,10,10,9,10,10,12,15	5,5,12,5,11,3,7,6,8,6	13,17,9,10,16,5,8,9,10,7	282	75
5167	271,269,289,243,282,283,225,198,227,232	6,11,9,4,5,5,3,6,6,3	246,265,262,224,269,213,244,242,259,211	7,6,5,2,3,1,2,7,6,10	87	75
5169	2413,2262,2535,2258,2234,2295,2034,1848,2107,2439	146,119,101,163,189,244,288,205,182,381	2425,2374,2209,2141,2366,2218,2202,2133,2283,2296	161,158,186,259,143,158,221,273,301,202	648	75
5170	3220,3005,3253,3054,2897,3120,2862,2498,2819,3090	146,119,101,163,189,244,288,205,182,381	3167,3036,2800,2792,3121,2866,3011,2853,3064,3090	161,158,186,259,143,158,221,273,301,202	1498	75
5171	837,764,746,821,707,870,892,703,748,757	30,21,28,25,44,45,64,53,36,106	769,693,636,711,792,682,843,778,851,824	27,31,45,60,37,34,34,58,70,30	925	75
5173	3,0,0,0,1,1,1,1,0,0	11,11,17,4,4,15,8,6,11,10	2,3,2,0,2,1,1,0,0,2	12,6,17,9,12,11,10,11,8,16	99	75
5174	40,41,38,41,21,26,31,34,32,29	3,7,5,3,6,4,2,4,3,1	30,39,34,29,40,32,47,34,39,37	4,4,6,9,8,2,4,7,3,7	78	75
5175	22,23,22,19,14,33,19,11,14,17	1,1,1,0,0,2,2,1,0,3	25,26,20,21,21,16,28,14,17,27	0,0,1,1,2,0,0,0,0,2	79	75
5176	48,47,32,66,44,49,45,33,28,31	1050,1046,1072,881,937,1179,886,914,846,929	31,51,44,26,51,44,30,36,38,37	1042,908,878,863,905,978,1028,951,903,868	111	75
5178	5,8,7,5,4,10,3,12,2,5	89,82,100,82,76,79,73,58,73,66	0,2,6,8,5,5,3,1,6,2	87,77,89,77,79,93,96,81,93,88	94	75
5179	359,340,305,302,349,355,297,245,294,327	0,0,0,0,1,0,1,0,0,0	332,328,291,303,333,317,321,303,309,299	0,0,0,0,0,0,0,0,0,0	302	75
5181	4,2,2,2,2,1,4,4,5,2	2,0,1,1,0,0,3,0,1,0	1,1,1,0,0,0,1,5,0,1	0,1,3,0,1,2,0,2,0,1	93	75
5182	5,5,3,5,4,8,2,6,12,1	0,0,1,2,3,3,1,2,4,3	4,5,2,3,7,2,5,5,4,2	2,0,0,0,0,3,1,3,0,4	93	75
5183	13,15,12,15,10,13,8,13,19,3	1,0,0,0,0,0,0,0,0,0	14,14,7,9,15,11,9,10,6,12	0,2,0,1,0,2,0,0,0,0	182	75
5184	8,10,10,12,9,8,7,9,11,5	1,0,0,0,0,0,0,0,0,0	12,9,5,6,8,12,5,8,2,14	0,2,0,1,0,2,0,0,0,0	164	75
5185	1,1,0,1,0,1,0,0,0,0	0,1,0,1,1,2,0,0,1,0	1,3,1,0,2,0,1,0,0,0	2,1,1,0,0,1,2,0,1,0	87	75
5186	22,19,15,23,15,24,16,7,22,9	0,3,1,0,1,2,2,1,1,0	17,19,13,23,10,12,15,21,17,10	1,1,2,1,0,1,1,1,0,1	80	75
5190	282,229,261,237,247,212,163,193,175,212	98,119,125,64,114,84,79,69,87,85	237,221,246,242,218,236,237,223,196,193	90,96,95,83,96,98,83,90,107,64	78	75
5191	204,205,195,197,195,171,145,150,169,161	1,1,2,1,4,6,2,2,5,2	173,193,190,196,190,205,159,170,174,138	2,5,5,2,1,2,4,2,4,3	111	75
5192	104,117,88,85,109,94,71,85,88,85	0,0,0,0,0,0,0,0,0,0	94,84,112,110,104,101,84,78,92,73	0,0,0,0,0,1,0,1,1,0	111	75
5193	263,272,232,203,277,207,178,197,230,203	19,13,24,18,21,16,15,13,19,15	236,265,239,240,253,250,217,218,221,190	20,27,20,15,16,22,22,19,15,14	111	75
5194	11,6,12,9,15,12,14,7,7,8	13,20,27,24,17,28,22,16,22,14	11,14,9,2,12,9,9,12,9,8	22,34,14,18,32,20,27,12,22,18	111	75
5195	12,14,12,14,8,10,10,8,11,11	3,4,0,0,1,3,2,0,1,0	10,10,8,15,7,19,12,15,21,7	0,5,1,1,2,1,1,1,1,3	130	75
5196	70,62,109,112,98,96,101,87,90,91	0,0,0,0,0,0,0,0,0,0	92,95,88,96,69,93,70,84,112,74	0,0,0,0,1,0,0,0,0,0	2050	75
5198	100,78,95,81,71,80,64,60,77,65	8,8,2,5,1,2,2,3,3,5	81,98,63,79,70,78,68,66,53,68	3,3,4,2,5,3,5,4,4,4	158	75
5199	3,7,3,7,6,9,5,2,5,5	5,1,4,0,1,4,1,1,0,6	7,8,6,7,3,8,1,5,5,3	3,3,0,3,2,1,2,1,3,1	80	75
5201	0,2,4,0,2,2,0,0,1,1	0,1,0,2,3,2,2,0,3,2	3,2,0,0,2,1,1,0,0,2	3,3,1,0,0,0,3,2,2,1	96	75
5202	48,44,61,52,36,47,55,49,46,48	0,0,1,1,3,0,2,1,2,0	54,44,43,53,43,51,64,53,47,57	1,0,0,0,0,2,3,4,3,0	84	75
5204	1,0,0,0,1,0,0,1,0,0	32,34,26,26,25,36,19,24,22,32	0,2,2,0,0,0,0,1,0,1	30,32,15,29,28,14,25,18,21,20	133	75
5205	28,31,19,49,29,27,24,35,38,29	0,0,0,1,0,0,0,0,0,0	24,21,21,24,28,28,22,25,28,25	0,0,0,0,0,0,0,0,0,2	84	75
5206	128,105,91,117,123,149,126,93,87,129	11,4,8,7,6,14,12,11,3,14	114,124,102,111,104,93,128,107,111,94	7,14,6,13,13,7,10,6,8,3	167	75
5208	22,17,23,18,18,15,14,25,24,14	9,4,6,6,6,9,5,3,6,6	18,18,19,14,20,21,26,19,27,27	8,8,12,8,9,4,10,9,5,6	78	75
5211	33,34,46,41,46,41,32,46,34,43	1,1,0,1,2,1,1,1,2,3	49,54,35,31,42,59,43,53,29,30	2,1,1,3,2,1,0,0,2,2	94	75
5212	20,10,18,15,8,13,7,13,8,6	0,0,0,0,0,0,0,0,0,1	11,8,5,12,20,22,17,12,11,6	0,0,0,0,1,0,2,0,0,0	381	75
5213	12,9,15,9,4,5,12,7,6,5	22,16,22,26,18,15,10,15,15,15	6,12,6,9,4,11,11,7,9,10	18,22,7,21,21,10,24,10,12,21	81	75
5214	14,14,9,13,9,13,18,9,14,22	22,16,22,26,18,15,10,15,15,15	7,22,12,14,21,10,31,17,9,10	18,22,7,21,21,10,24,10,12,21	153	75
5215	13,13,9,12,9,12,17,9,12,22	11,8,15,8,4,4,11,7,4,5	6,22,12,13,18,10,30,15,9,9	5,12,6,8,1,11,10,5,9,9	147	75
5216	0,1,0,0,1,0,0,0,0,0	5,6,3,5,4,4,6,5,5,6	0,0,0,0,0,0,0,0,0,0	3,6,5,6,4,3,8,4,5,4	86	75
5217	536,513,519,465,408,463,430,405,426,509	0,1,0,0,0,0,0,0,0,0	487,508,462,463,454,470,489,445,435,407	1,0,0,0,0,0,0,0,0,0	305	75
5218	193,224,254,214,198,199,176,173,196,197	2,1,0,0,1,0,1,0,1,1	209,221,166,159,200,225,245,193,201,158	1,0,0,0,0,1,1,0,2,1	83	75
5219	217,195,245,186,209,187,182,166,164,207	3,0,0,4,0,1,3,1,1,6	180,234,236,228,178,218,150,182,235,148	1,3,8,5,3,3,8,1,2,2	141	75
5220	10,3,5,8,5,7,9,6,4,2	25,24,33,34,29,39,28,15,24,23	2,13,6,10,6,5,4,7,3,8	29,25,29,23,27,22,17,30,23,20	102	75
5221	11,8,7,5,6,2,3,7,7,7	0,2,1,0,0,0,0,1,0,0	5,2,7,10,7,8,9,6,6,2	1,0,1,0,2,0,0,2,0,1	78	75
5222	35,23,26,15,29,15,29,28,25,40	3,7,3,3,2,2,9,8,5,5	21,21,25,34,21,35,28,17,19,11	2,6,3,4,6,4,11,5,7,0	78	75
5223	2121,1730,1740,1880,1891,1967,1927,1841,1995,2250	64,57,59,53,59,55,49,52,60,62	1895,1792,1923,2092,1945,2048,2194,2081,2092,1934	64,62,60,56,55,71,74,47,50,77	651	75
5227	0,0,0,0,0,0,0,0,0,0	0,0,0,1,1,0,1,0,0,1	1,0,0,0,0,0,0,0,0,0	0,1,0,1,0,0,0,2,0,0	111	75
5228	0,2,2,0,2,1,0,2,1,0	172,165,176,143,123,175,140,111,124,143	0,0,0,0,3,2,1,1,0,1	129,160,133,159,167,136,143,128,136,143	92	75
5229	141,130,148,109,110,163,102,97,126,140	2,3,4,3,3,0,3,3,7,4	116,122,116,123,130,117,112,116,109,134	2,4,6,6,7,6,6,6,4,1	87	75
5230	11,9,12,4,4,12,11,9,13,8	2,3,4,3,3,0,3,3,7,4	6,4,8,7,9,4,8,5,11,8	2,4,6,6,7,6,6,6,4,1	171	75
5231	5,6,2,2,2,7,8,4,9,5	135,127,138,107,108,158,99,92,122,137	5,2,5,3,1,0,8,3,5,3	115,120,113,119,122,113,112,114,103,129	159	75
5232	8,7,4,1,4,5,11,13,3,4	2,1,0,1,0,0,0,0,0,1	12,2,2,7,5,4,5,6,3,6	0,2,1,0,0,0,1,1,1,0	1494	75
5233	187,195,208,149,145,165,189,135,166,170	1,4,4,0,2,3,0,0,3,1	148,170,147,183,164,180,172,166,176,157	1,1,0,2,3,0,0,0,2,1	128	75
5234	7,4,3,5,2,2,4,5,6,5	62,86,73,50,72,56,56,65,44,51	2,6,9,5,4,3,11,2,4,2	83,70,62,52,81,62,69,58,73,56	146	75
5235	8,3,3,1,2,5,0,1,2,6	0,0,0,0,0,0,0,0,0,0	7,2,3,3,1,3,2,2,1,9	0,0,0,1,0,0,0,0,0,0	181	75
5236	4,0,2,2,0,0,0,3,0,0	3,11,11,8,8,4,8,6,6,4	0,2,2,0,0,2,2,1,1,0	4,11,3,6,3,6,6,6,4,4	98	75
5237	33,45,35,46,37,29,48,40,52,31	0,0,0,0,1,0,0,0,0,0	32,50,36,53,32,40,41,40,40,34	0,0,0,1,0,0,0,0,0,1	129	75
5238	15,18,21,22,20,16,21,16,19,16	0,1,0,0,0,1,0,0,0,0	13,21,22,17,20,15,9,22,26,20	0,0,0,0,0,0,0,0,0,1	78	75
5244	1,2,1,0,0,2,0,1,3,0	0,0,0,0,0,0,0,0,0,0	0,0,1,0,0,0,0,0,0,0	0,1,0,0,0,0,0,1,0,0	85	75
5245	3,7,12,6,6,3,0,4,3,9	24,37,37,28,24,30,24,17,35,37	6,6,6,5,6,1,8,3,1,0	26,54,32,43,37,14,34,21,21,19	85	75
5246	136,119,137,120,122,119,109,113,129,104	0,0,5,0,0,2,0,0,1,0	115,145,127,114,126,119,142,127,133,118	0,0,0,0,0,0,1,1,0,0	1201	75
5247	98,91,103,80,69,82,82,58,84,65	0,0,0,0,1,1,0,1,0,0	68,77,63,66,80,89,89,77,75,77	0,0,0,0,1,0,1,0,0,0	81	75
5248	34,31,34,35,36,30,34,31,36,27	40,48,33,39,36,37,39,25,50,41	20,44,34,33,21,40,36,38,39,27	46,37,32,30,35,41,46,29,38,31	93	75
5249	87,87,82,92,86,57,82,87,75,107	75,63,75,68,79,60,60,54,64,73	76,85,87,72,88,99,78,83,87,61	62,66,85,65,86,74,85,46,71,51	78	75
5251	7,5,1,8,3,5,4,1,2,3	0,0,0,0,0,0,0,0,0,3	1,5,0,6,3,8,2,3,3,2	1,0,0,0,0,0,0,0,1,0	78	75
5252	267,206,272,249,235,207,173,151,155,181	0,0,0,0,0,0,0,0,0,3	241,251,252,238,196,195,191,198,248,171	1,0,0,0,0,0,0,0,1,0	368	75
5253	265,201,271,243,233,202,170,150,154,179	5,0,0,2,1,0,1,0,1,1	241,249,252,233,193,190,190,196,245,170	1,3,0,1,0,3,1,1,0,1	365	75
5254	106,92,112,90,93,74,63,84,99,79	0,0,0,0,0,0,0,0,0,0	75,94,75,88,83,92,85,90,68,71	0,0,0,0,0,1,1,0,0,0	455	75
5255	0,0,1,0,0,0,1,0,0,0	206,198,159,170,185,157,168,169,189,180	0,0,0,0,0,0,0,1,1,0	132,186,173,151,182,175,184,179,186,151	107	75
5256	114,113,115,108,126,104,99,112,109,108	2,1,2,4,0,0,0,0,0,0	93,114,109,110,102,112,136,124,115,91	0,1,0,0,1,5,0,1,1,0	186	75
5257	83,98,75,63,75,64,55,60,75,85	1,0,0,1,0,1,1,2,0,5	64,81,74,73,58,77,72,67,84,54	2,2,0,3,1,1,1,2,0,0	78	75
5258	68,70,54,61,62,46,69,48,54,58	0,2,3,0,1,1,1,0,0,0	57,56,91,54,63,78,68,59,63,55	0,0,1,0,1,1,0,0,0,1	82	75
5259	0,0,0,0,1,0,0,0,0,0	7,2,2,4,2,1,8,3,2,4	0,0,0,0,0,0,0,0,0,0	3,12,6,2,4,1,6,6,4,6	103	75
5260	35,25,35,25,23,27,23,22,28,25	0,2,0,4,3,0,0,0,0,0	20,30,17,20,25,28,21,13,23,22	0,0,1,0,3,1,1,2,0,2	83	75
5261	39,33,39,45,38,43,34,33,24,32	0,0,0,1,0,0,0,0,0,0	24,32,24,25,28,23,18,26,33,32	0,0,2,0,2,0,0,0,0,1	511	75
5262	16,10,26,9,16,9,8,9,10,14	13,7,6,4,4,8,6,9,8,6	15,17,18,16,12,15,21,17,10,6	8,10,9,7,5,14,4,4,6,6	99	75
5263	160,177,158,167,150,139,125,131,145,115	0,0,0,0,0,0,0,0,0,0	147,155,116,154,162,141,149,144,122,119	0,0,1,0,0,0,0,0,0,0	788	75
5264	0,0,0,0,1,0,0,0,0,0	0,1,2,0,0,0,0,0,0,0	1,0,0,0,0,0,0,0,0,0	0,1,0,0,0,0,0,0,0,1	78	75
5265	0,0,1,0,1,0,0,0,1,0	81,84,82,64,62,59,81,60,55,68	0,0,1,0,2,0,0,0,0,0	82,67,48,64,60,60,73,63,62,56	78	75
5266	1,0,0,1,2,0,1,0,0,0	1,2,1,0,0,0,1,2,0,0	0,0,0,0,0,1,0,0,0,2	0,3,0,0,1,0,0,0,0,0	135	75
5267	18,17,7,16,12,8,10,12,11,16	0,1,0,0,1,0,1,2,3,1	20,13,2,13,13,19,17,15,11,20	0,2,2,0,0,1,1,1,2,1	91	75
5268	1,0,0,0,0,0,1,0,0,0	0,3,0,0,1,2,0,0,1,2	3,0,0,1,0,0,0,0,1,0	0,1,0,1,1,0,0,1,1,2	169	75
5269	35,51,48,43,67,53,33,39,48,39	100,90,73,98,81,72,79,71,75,81	36,55,37,39,63,47,35,44,38,31	62,86,89,48,73,83,83,86,79,79	87	75
5270	48,35,36,37,43,45,29,40,29,37	1,1,0,1,0,1,0,0,0,1	38,38,32,37,34,32,25,35,43,37	0,0,1,2,0,1,0,0,1,0	220	75
5271	23,26,20,17,18,21,24,24,13,19	0,3,0,0,2,1,0,0,0,0	24,22,23,28,22,28,19,27,26,16	1,1,0,0,2,0,1,4,3,3	196	75
5272	3,7,1,3,3,4,2,5,3,2	1,0,0,0,1,0,1,1,0,0	0,3,2,3,4,3,3,3,2,3	2,1,1,1,0,4,0,1,0,4	78	75
5273	2,2,2,2,4,0,3,3,0,3	1,0,0,0,0,0,0,0,0,0	0,3,2,1,0,0,4,1,1,3	0,0,0,0,0,0,0,0,0,0	150	75
5274	1,1,1,0,1,0,1,1,0,1	4,8,4,4,5,1,2,4,1,4	0,0,1,1,0,0,2,0,0,0	4,4,2,3,11,3,2,3,1,3	129	75
5275	1,1,1,0,1,0,1,1,0,1	0,0,0,0,0,0,0,0,0,0	0,0,0,1,0,0,2,0,0,0	0,0,0,0,0,0,0,1,0,0	129	75
5276	0,6,4,1,2,2,2,3,5,3	0,0,2,0,2,0,3,4,1,0	1,2,1,1,1,3,9,2,6,5	0,4,0,0,1,2,3,1,2,1	78	75
5278	2,4,5,1,5,1,4,3,7,2	83,86,85,73,67,61,58,67,79,81	4,5,2,4,0,8,1,3,1,0	89,102,58,70,68,99,62,63,72,53	162	75
5279	5,10,6,6,10,3,7,5,4,8	3,1,1,2,1,0,1,0,0,2	4,6,3,5,10,9,4,5,11,3	3,2,2,2,2,5,2,2,1,0	94	75
5280	1,0,0,0,0,0,0,0,1,0	3,0,2,1,0,0,0,2,1,1	0,0,0,1,0,0,0,0,0,0	0,1,0,1,0,2,0,1,0,0	87	75
5281	57,56,44,54,48,52,71,42,68,55	0,0,0,0,0,0,0,0,0,0	39,54,69,63,51,67,47,46,56,52	0,0,0,0,0,0,0,1,0,1	104	75
5282	11,11,24,12,24,19,17,16,21,9	15,12,23,8,17,15,14,13,11,8	6,6,11,7,12,24,21,13,10,14	10,8,10,10,12,10,23,14,13,15	78	75
5283	21,20,21,15,18,12,13,15,14,22	0,2,0,0,1,0,2,0,1,1	16,16,18,8,22,30,27,18,14,22	1,0,1,0,3,2,0,0,0,2	139	75
5284	3,0,2,0,2,2,1,1,5,6	2,2,8,2,3,0,3,3,8,6	1,2,0,1,0,2,1,0,0,0	2,2,3,2,0,5,4,1,1,2	78	75
5285	384,392,391,306,337,336,354,306,358,348	0,0,0,1,1,0,0,0,0,0	321,335,394,366,361,346,421,321,320,350	0,0,1,0,0,0,0,0,0,0	114	75
5286	499,488,460,402,394,395,426,352,438,441	29,34,28,24,28,26,19,30,19,34	461,388,420,441,479,398,466,463,403,401	32,27,29,27,23,36,43,33,34,27	78	75
5287	0,0,0,0,0,0,0,0,0,0	842,806,818,758,693,731,694,649,711,663	2,2,0,0,0,0,1,0,0,0	709,672,732,777,725,762,868,666,696,787	119	75
5288	242,228,263,203,230,215,203,223,232,245	5,3,2,5,2,9,6,4,5,6	215,196,197,231,241,234,246,225,248,171	5,5,3,1,2,5,3,4,4,4	90	75
5289	334,274,314,255,265,258,241,191,206,260	0,0,1,0,0,0,0,0,0,0	338,294,267,261,245,289,284,242,281,288	0,0,0,0,0,1,0,0,0,0	652	75
5290	22,16,16,25,6,15,22,19,18,18	1,5,0,1,1,2,3,0,3,0	25,25,12,11,14,18,22,19,15,15	1,4,1,1,0,2,3,1,0,1	132	75
5291	32,32,28,21,26,19,32,14,27,40	0,0,0,0,0,0,0,0,0,0	16,31,27,24,17,34,26,16,26,27	0,0,0,2,1,0,0,0,0,0	134	75
5292	16,17,12,10,5,6,7,12,12,4	1,0,0,0,0,0,0,0,0,0	6,12,6,12,8,6,12,11,12,7	0,1,0,0,0,0,0,0,0,0	80	75
5293	3,5,9,14,6,7,3,5,3,9	6,5,5,3,7,5,4,5,11,3	6,15,4,6,3,10,8,11,5,4	5,4,8,1,8,8,3,2,1,4	107	75
5295	119,123,116,106,97,74,76,89,116,113	0,1,0,2,0,0,0,1,0,0	94,101,78,100,99,92,103,118,95,102	0,0,0,0,0,0,0,0,0,0	125	75
5296	105,100,90,83,79,84,76,78,86,77	0,0,1,0,1,0,0,0,0,0	96,72,90,80,77,71,85,76,73,92	0,0,0,0,0,0,0,0,0,0	284	75
5297	51,54,66,52,54,59,47,66,51,45	3,2,3,3,2,4,1,1,5,3	44,66,54,42,60,60,43,50,32,49	10,4,2,3,1,3,4,1,4,3	108	75
5298	115,133,124,130,103,105,137,98,119,116	0,0,1,0,0,0,2,0,0,0	112,107,84,112,123,129,122,123,125,96	0,1,0,0,0,0,0,0,1,0	152	75
5299	69,77,83,89,63,80,61,50,61,51	30,24,30,34,20,22,21,19,28,34	56,48,58,60,65,55,62,77,70,54	29,29,18,23,39,33,30,27,36,20	231	75
5300	1,0,0,1,0,0,0,0,0,0	9,3,6,3,4,1,2,8,5,7	0,0,0,0,0,0,0,0,0,0	1,15,4,3,0,5,2,0,0,0	122	75
5304	0,4,3,6,1,1,1,4,1,3	0,0,1,0,0,0,0,0,0,0	2,5,3,0,0,7,0,1,1,2	0,1,0,1,0,0,0,2,0,0	99	75
5305	8,18,9,3,10,16,6,5,9,4	1,0,0,0,0,0,0,0,0,0	15,14,11,6,9,7,6,10,7,8	0,0,0,0,0,0,0,0,0,0	79	75
5306	1,0,0,0,0,2,0,0,2,0	2,6,1,1,0,1,1,1,1,3	0,0,1,0,0,0,1,0,0,0	1,5,4,0,0,1,3,3,1,1	1112	75
5308	42,50,26,27,34,36,29,24,37,25	10,10,10,10,5,4,4,6,15,9	46,27,30,42,39,36,33,36,39,24	9,11,5,7,8,5,6,9,14,7	78	75
5312	2,1,1,3,0,2,1,1,0,0	1,0,2,0,0,0,0,0,0,0	0,0,1,4,0,0,1,1,0,2	0,1,0,0,0,0,0,0,0,0	78	75
5313	1,3,2,0,0,0,4,0,0,0	0,0,0,0,0,0,0,1,0,0	1,1,2,2,2,1,1,0,2,1	0,0,0,0,0,0,0,0,0,0	78	75
5314	1,3,1,1,1,0,1,1,1,3	845,854,901,725,726,819,590,609,729,730	0,0,0,1,2,0,2,2,1,0	773,836,760,745,751,841,809,732,752,672	115	75
5315	181,204,176,187,174,186,152,162,190,193	2,1,0,0,2,2,0,4,0,0	167,180,173,165,172,179,199,150,167,140	2,0,0,0,0,0,0,2,1,0	161	75
5319	38,44,43,36,47,45,37,35,47,49	8,2,7,6,5,6,3,3,2,2	24,36,34,42,35,52,50,36,46,35	8,5,6,7,4,6,8,6,11,4	182	75
5320	6,3,6,0,3,1,3,5,5,1	1,1,0,0,0,0,1,1,0,4	3,5,4,2,3,5,1,4,1,2	0,3,1,0,0,2,0,0,0,0	1001	75
5321	5,3,4,2,2,8,5,5,5,6	2,4,4,4,3,4,2,4,2,4	7,6,6,4,7,4,10,7,4,3	5,4,4,1,2,2,2,3,1,2	80	75
5322	0,0,1,2,0,0,0,2,0,0	0,0,0,0,0,1,0,0,0,0	0,0,0,0,0,0,1,0,0,0	0,0,0,0,0,0,0,0,0,0	338	75
5323	0,0,0,0,0,0,1,0,0,0	0,0,0,0,0,0,0,0,0,0	0,0,0,0,0,0,0,0,0,0	1,0,0,0,0,0,0,0,0,0	78	75
5324	3,2,3,1,1,1,3,2,5,4	2,0,0,0,0,0,0,2,2,1	4,2,2,1,1,6,2,5,2,2	2,1,0,1,0,2,2,1,3,2	78	75
5326	4,2,1,6,7,3,2,10,4,2	1,0,0,0,1,0,0,2,2,1	2,3,1,1,1,5,3,4,2,2	1,1,0,0,1,0,3,0,0,1	153	75
5328	66,69,73,61,74,64,63,58,43,76	2,0,0,0,0,1,0,0,2,1	52,56,46,58,64,71,58,53,56,46	0,1,1,0,0,0,1,2,0,3	80	75
5329	4,1,0,2,3,1,1,0,3,2	10,7,2,1,10,4,10,7,11,8	1,1,2,2,0,2,4,2,3,1	4,7,5,5,9,12,7,13,7,6	811	75
5330	11,6,6,4,13,4,7,6,7,11	3,0,0,1,0,0,1,1,0,1	6,11,3,8,8,10,10,10,6,3	0,1,0,1,0,0,0,0,0,0	78	75
5332	51,71,51,36,68,30,39,49,46,50	0,0,0,0,0,0,0,0,0,0	33,61,34,46,50,59,39,53,32,44	0,0,0,0,0,2,1,0,0,0	1247	75
5333	3,4,4,3,6,6,5,3,3,3	95,109,124,94,119,107,115,82,85,78	6,3,2,3,9,4,4,4,6,8	105,106,104,89,105,85,100,91,107,92	113	75
5335	86,85,86,64,97,69,64,65,75,80	0,0,0,0,0,0,0,0,0,0	71,87,86,74,83,68,70,60,55,65	0,0,0,1,0,0,0,0,0,0	146	75
5336	33,33,34,27,34,38,29,26,36,33	0,0,0,0,1,1,0,1,0,1	30,34,36,31,34,21,25,31,26,21	1,1,0,0,1,0,0,1,0,0	146	75
5337	59,54,44,43,42,50,29,31,36,49	38,34,42,30,32,37,28,24,27,42	34,42,30,40,50,37,45,48,48,37	37,28,25,41,26,35,36,41,23,36	78	75
5338	3,1,1,5,1,0,1,2,2,2	24,27,26,19,22,20,17,24,16,26	3,3,2,2,6,5,3,3,3,3	25,25,26,25,21,22,22,25,25,23	89	75
5339	9,6,12,10,5,10,9,10,4,9	24,27,26,19,22,20,17,24,16,26	11,6,12,6,9,8,9,6,4,9	25,25,26,25,21,22,22,25,25,23	114	75
5340	7,5,12,7,5,10,9,8,3,8	1,0,1,2,1,0,1,0,1,1	9,4,12,6,8,5,6,4,3,7	1,1,2,2,5,2,0,1,2,1	100	75
5341	375,343,364,299,331,327,287,317,358,358	2,1,0,0,0,0,0,0,0,0	387,347,360,362,321,395,342,355,346,422	0,0,0,1,0,0,3,0,1,0	2770	75
5343	75,79,97,68,62,75,60,59,74,95	22,30,39,23,36,30,22,26,13,17	82,86,74,76,88,79,72,55,91,64	24,24,31,23,20,16,32,15,18,22	78	75
5344	0,2,1,2,0,0,0,0,0,0	0,0,1,0,1,0,0,0,0,0	0,1,1,1,1,0,0,0,2,0	0,1,0,3,0,0,0,0,0,1	78	75
5345	7,15,24,16,12,16,16,11,8,12	0,0,0,1,4,0,0,0,1,5	6,16,22,9,16,11,9,10,4,20	2,0,0,1,0,1,0,0,1,0	107	75
5346	1,0,0,0,0,0,1,0,0,0	14,10,12,8,11,17,8,11,6,24	0,1,0,0,0,0,0,0,0,1	11,21,14,5,9,19,7,6,9,15	133	75
5348	24,21,19,21,20,20,18,20,20,19	0,0,0,0,0,0,0,0,1,0	8,21,15,19,19,23,17,26,11,12	0,0,0,0,0,0,0,0,0,0	77	75
5350	59,50,55,59,63,62,45,44,39,81	0,0,1,0,1,2,1,1,3,0	65,87,63,58,60,61,59,56,74,41	0,1,0,0,0,1,0,0,0,0	164	75
5351	98,116,87,93,99,92,80,62,90,114	11,14,19,14,17,7,12,15,11,12	101,96,72,95,91,88,86,83,96,82	19,20,8,9,9,19,16,17,12,5	78	75
5353	4,11,7,10,3,13,9,7,6,12	64,95,120,80,70,84,80,86,73,140	8,3,6,8,9,6,5,2,15,4	77,123,87,73,81,111,117,78,76,62	804	75
5354	3,10,7,10,3,12,10,6,8,11	3,5,4,10,4,1,3,0,0,4	7,3,6,9,8,6,5,1,15,4	2,1,5,3,1,2,4,4,1,4	804	75
5355	3,10,2,3,3,6,4,5,3,5	6,2,4,2,3,6,7,3,4,3	5,1,4,3,3,8,2,2,3,3	3,1,2,2,7,4,6,5,6,3	148	75
5356	5,6,0,0,0,0,0,8,1,2	0,0,0,0,0,0,0,0,0,0	2,1,0,1,6,2,2,0,1,1	0,0,0,0,0,0,0,0,0,1	171	75
5357	24,29,29,29,15,30,22,23,24,32	2,6,3,3,3,0,3,1,2,0	33,28,24,14,28,24,29,23,27,23	4,2,3,3,1,1,5,2,1,3	78	75
5358	11,4,10,11,8,4,8,10,14,17	1,1,0,0,0,0,0,0,0,0	9,9,8,6,9,8,7,7,5,9	0,0,0,0,0,0,1,0,0,0	78	75
5359	14,10,15,15,7,14,18,10,13,7	2,4,0,0,0,0,1,1,0,4	12,16,16,14,7,19,13,18,6,12	1,0,0,0,0,0,2,0,1,1	231	75
5360	0,0,0,0,1,0,0,0,0,0	0,0,0,0,0,0,0,0,0,0	0,0,0,0,0,0,0,0,0,0	0,1,0,0,0,0,1,0,0,0	78	75
5362	39,34,49,37,31,34,37,31,50,30	0,3,0,0,2,2,1,1,2,0	38,45,45,52,47,35,38,34,41,21	1,1,0,1,2,1,2,1,0,1	155	75
5364	46,39,48,44,55,44,45,30,34,58	0,0,0,1,0,0,0,0,0,0	63,46,34,27,50,32,58,36,40,62	0,0,0,0,0,0,0,0,0,0	235	75
5365	148,159,143,125,120,125,121,96,131,141	0,2,3,0,1,5,1,2,2,1	131,154,107,143,140,135,123,121,141,116	1,3,1,1,5,0,2,2,1,4	112	75
5366	175,150,153,154,141,139,116,108,136,143	1,0,0,1,0,1,0,0,0,2	139,120,114,94,158,145,155,133,136,133	1,0,1,0,1,1,3,0,0,1	105	75
5367	12,4,3,6,14,12,5,9,5,3	51,67,54,55,46,46,37,43,45,46	8,7,9,15,5,10,20,11,11,10	56,51,50,45,31,44,59,40,44,32	78	75
5370	119,108,148,96,102,122,69,109,95,100	0,0,0,0,0,0,0,0,0,0	121,97,92,113,99,104,98,88,101,114	0,0,0,0,0,0,1,0,0,0	145	75
5371	0,0,1,0,0,0,2,0,0,3	8,3,5,1,3,12,5,4,4,7	0,0,0,0,1,0,1,0,0,0	4,4,8,5,8,10,7,6,6,3	96	75
5372	17,7,4,7,9,8,7,6,8,14	13,10,10,13,11,9,17,8,10,4	8,12,4,8,9,7,8,6,5,5	13,16,9,11,9,7,18,9,6,11	78	75
5375	87,71,98,79,79,62,74,66,62,77	6,13,5,7,3,15,6,4,5,4	83,87,78,50,55,74,59,74,81,84	11,4,6,7,8,3,6,10,5,5	99	75
5376	7,4,1,5,8,3,1,1,4,4	0,2,0,0,0,0,2,0,0,0	4,6,2,1,5,5,8,5,3,2	0,0,0,0,0,0,0,0,0,2	103	75
5377	12,10,10,11,9,4,13,8,6,5	28,34,37,27,30,21,31,22,36,27	11,3,7,7,3,7,7,9,5,5	20,40,27,28,30,35,28,29,34,21	114	75
5379	3,7,8,7,3,7,2,3,12,6	24,29,31,20,31,14,20,19,18,12	2,2,4,0,7,2,1,3,4,8	16,13,20,13,23,21,22,20,15,17	78	75
5380	3,1,1,1,1,1,2,1,2,2	0,0,0,0,1,0,0,0,0,0	4,4,3,0,2,3,2,4,6,1	0,0,0,0,0,0,0,0,0,0	78	75
5381	0,2,3,4,3,7,5,3,3,1	0,0,1,0,0,0,0,0,0,0	6,3,5,4,4,4,2,4,5,5	0,0,0,0,1,1,1,1,1,0	140	75
5384	1,0,0,0,0,0,0,0,0,0	37,30,25,36,24,24,28,23,32,47	0,1,1,0,1,0,2,1,0,0	38,30,38,29,33,29,38,28,28,17	116	75
5386	3,2,4,4,1,1,1,1,1,4	0,0,0,2,1,0,2,0,0,0	2,1,0,1,2,1,4,2,0,2	0,2,0,0,1,0,0,0,0,0	78	75
5388	36,29,36,26,38,44,38,25,47,30	0,1,0,0,2,0,0,0,0,0	38,49,19,33,37,28,34,22,35,31	0,0,0,0,0,1,0,0,2,1	142	75
5389	69,55,75,58,53,75,57,64,67,60	0,1,0,0,1,1,2,3,0,1	75,76,62,61,51,76,73,72,51,53	0,2,0,0,0,2,1,1,0,1	90	75
5390	382,348,364,355,313,302,315,314,297,347	14,27,23,12,13,13,15,19,8,15	326,425,332,346,410,401,378,282,340,303	9,28,22,15,14,21,18,15,14,17	166	75
5391	32,29,19,18,21,20,22,25,23,17	1,0,0,0,0,2,0,2,0,1	15,25,25,23,18,23,24,25,13,19	0,0,0,0,1,0,0,0,2,2	151	75
5393	5,6,8,5,6,4,7,4,5,9	12,8,14,10,9,11,14,1,8,8	8,10,12,7,5,6,2,5,3,10	5,14,10,8,11,5,17,16,8,8	1171	75
5397	7,10,7,9,12,5,7,11,8,13	31,21,29,32,27,28,22,31,30,34	15,16,7,7,8,4,12,8,12,6	30,40,26,37,25,29,29,24,32,13	78	75
5398	41,27,30,40,28,35,37,31,28,27	1,0,0,1,0,1,0,0,1,0	35,40,29,22,17,35,40,50,35,35	0,1,0,1,0,0,1,1,3,0	667	75
5399	5,0,4,0,1,2,1,0,6,1	69,56,49,45,47,48,42,50,43,45	3,0,2,1,3,0,2,4,2,3	58,56,56,54,47,59,53,51,58,46	86	75
5400	1,5,1,1,4,4,2,5,2,4	0,0,0,2,1,1,5,3,1,0	3,3,3,0,3,2,4,3,6,5	1,0,0,0,0,1,2,0,1,1	119	75
5401	0,0,1,0,1,0,0,0,0,0	0,0,0,0,0,0,0,0,0,0	2,0,0,1,0,2,0,0,0,0	0,0,2,0,0,0,1,0,0,0	100	75
5402	1,1,2,0,0,0,0,0,1,0	1,1,3,1,1,0,1,3,2,2	0,0,0,2,1,3,0,1,0,0	1,2,0,2,2,2,2,2,1,0	100	75
5403	2,1,1,1,2,0,2,0,3,0	1,3,1,1,0,0,1,5,1,2	2,1,0,0,1,0,0,0,0,1	1,4,1,1,1,1,1,0,1,1	147	75
5407	2,2,0,2,1,4,2,1,1,6	2,2,0,1,0,2,0,1,0,1	1,2,0,3,1,1,1,2,4,1	1,1,0,0,2,1,0,2,1,0	80	75
5408	0,0,0,1,0,0,0,0,0,3	0,1,0,1,0,4,0,0,1,1	0,2,0,0,1,0,1,0,1,1	0,1,1,1,1,1,1,0,3,0	80	75
5409	51,42,57,46,36,42,38,40,38,28	1,0,0,0,3,2,1,1,0,0	45,50,43,44,32,43,42,48,60,44	3,0,0,1,1,2,1,1,2,0	79	75
5410	127,111,164,130,105,154,115,112,113,129	0,2,0,1,1,0,0,1,0,0	113,159,135,124,122,129,133,147,162,104	0,0,0,1,0,1,0,4,2,1	93	75
5414	211,222,244,188,190,229,199,174,206,235	0,0,0,0,0,0,1,0,0,0	200,223,184,164,200,206,203,212,206,183	0,0,0,0,0,0,0,0,0,0	873	75
5417	4,1,1,3,7,0,3,0,3,0	39,34,39,40,31,29,20,22,28,25	1,6,2,1,2,3,2,1,1,2	29,32,25,24,40,30,40,22,20,26	96	75
5418	14,14,11,14,10,16,13,20,19,12	5,7,8,6,7,4,6,4,8,8	8,13,14,10,13,8,8,12,12,11	5,3,3,6,7,10,7,8,7,4	78	75
5419	10,5,10,8,8,16,13,15,8,10	13,8,9,13,7,12,8,8,18,12	11,11,9,12,8,11,16,6,13,16	16,10,12,13,20,11,10,13,13,7	111	75
5420	11,20,26,24,12,15,12,17,11,15	6,2,4,3,7,3,4,0,3,5	21,17,18,12,15,16,17,12,28,18	4,4,2,7,3,6,11,9,9,6	655	75
5421	12,15,12,6,9,15,5,8,12,11	2,1,2,1,2,2,2,2,0,5	7,6,12,6,12,10,9,9,7,9	3,3,0,2,1,3,1,5,3,0	78	75
5422	15,14,10,9,8,9,10,19,11,9	94,94,81,90,72,89,86,74,80,73	7,18,10,9,14,14,9,9,14,12	87,89,80,74,86,78,78,48,63,66	156	75
5423	399,345,371,329,369,333,268,278,333,342	2,6,10,3,7,6,6,7,10,6	297,365,373,326,334,360,338,325,281,317	5,5,1,8,12,8,3,7,4,7	102	75
5424	49,49,34,42,45,39,46,44,36,43	9,15,17,6,12,11,11,15,13,13	32,28,27,39,25,50,44,21,31,32	19,10,6,19,15,12,14,8,12,12	78	75
5425	127,117,133,116,107,132,74,87,94,123	131,160,151,124,137,135,99,94,112,135	120,155,130,108,124,97,86,104,117,106	134,107,131,131,104,137,126,112,122,116	78	75
5426	5,9,9,10,7,8,8,6,4,8	0,0,0,0,0,0,0,0,0,0	3,11,8,3,5,8,7,4,10,6	0,1,1,3,0,1,2,1,0,0	81	75
5427	3,3,3,1,3,1,1,1,2,1	0,0,0,0,0,0,0,0,0,0	1,4,1,1,4,2,4,3,4,3	0,0,0,0,1,0,0,0,0,0	204	75
5428	0,0,1,0,0,0,0,0,0,0	3,1,1,1,0,0,0,0,1,0	1,1,0,0,0,0,0,0,0,0	0,1,0,0,1,0,0,1,0,0	78	75
5429	25,15,19,18,17,7,14,11,13,15	312,321,288,246,273,302,192,227,254,220	9,16,10,14,10,16,7,9,13,13	266,334,220,232,205,247,232,192,191,252	142	75
5431	14,13,25,14,9,21,20,15,10,23	1,0,2,0,0,0,2,2,1,1	19,10,13,7,17,23,13,14,19,19	2,1,0,0,1,0,0,0,0,0	79	75
5434	498,463,470,439,407,416,368,381,384,436	26,20,24,24,27,32,15,26,23,30	425,461,461,415,432,444,447,399,403,352	22,27,18,18,19,33,24,17,21,18	152	75
5435	505,472,479,444,417,430,377,390,398,443	6,5,1,6,5,7,5,0,6,3	437,475,466,422,441,455,461,419,409,363	7,3,8,5,5,1,5,4,4,1	157	75
5436	33,29,33,29,37,46,24,35,37,37	6,5,1,6,5,7,5,0,6,3	34,41,23,25,28,44,38,37,27,29	7,3,8,5,5,1,5,4,4,1	80	75
5437	128,149,157,126,141,144,104,114,125,153	17,13,17,8,11,9,7,5,14,16	131,178,127,114,126,147,150,117,108,103	9,17,19,19,15,12,10,7,14,11	78	75
5438	55,50,44,45,44,31,46,17,41,42	0,0,0,0,0,0,0,1,0,0	35,31,38,42,47,46,43,45,43,21	0,0,1,1,1,0,0,0,0,0	157	75
5439	24,13,32,23,26,25,15,23,20,25	5,6,3,2,3,3,5,1,2,0	17,30,19,27,22,20,30,21,26,23	2,3,7,3,7,4,5,2,4,3	115	75
5440	0,0,1,2,2,0,0,0,0,3	0,0,2,0,0,0,0,0,0,0	0,0,2,1,0,0,0,0,0,0	1,3,1,1,1,1,0,0,0,0	151	75
5441	39,31,40,23,19,40,28,30,27,30	17,15,4,19,3,8,7,11,13,8	30,42,36,33,30,38,25,38,29,39	11,13,9,13,2,6,10,9,9,19	211	75
5442	38,48,37,43,39,40,33,33,49,38	1,3,1,1,1,2,0,2,0,0	35,48,39,45,37,40,31,32,28,52	0,0,1,0,0,0,1,1,4,1	83	75
5443	1,1,2,1,0,0,1,1,0,2	0,1,1,0,0,2,0,0,0,0	1,1,0,0,0,2,0,0,2,3	0,0,0,0,0,0,0,0,0,0	121	75
5444	496,543,541,442,393,425,495,352,433,482	13,13,26,15,7,20,10,14,11,11	494,417,422,390,460,471,471,315,415,435	7,18,18,20,19,16,9,13,18,9	1786	75
5446	30,24,23,21,21,14,19,19,15,23	13,20,18,22,10,11,12,19,14,15	15,23,26,11,24,27,24,13,35,24	18,7,11,11,12,15,22,22,7,10	123	75
5447	45,34,54,46,39,35,18,39,31,36	20,14,23,3,4,17,20,19,15,13	20,42,35,42,38,42,37,33,39,38	13,13,12,14,7,5,10,19,13,9	126	75
5449	30,28,36,32,17,30,37,20,32,30	0,0,0,0,0,1,0,0,0,2	33,29,22,29,20,38,41,28,34,27	0,0,0,0,0,0,0,0,0,0	474	75
5450	0,0,0,0,0,0,0,0,0,0	1,0,0,1,0,0,0,1,1,0	0,0,0,0,0,0,1,0,0,0	1,1,0,0,0,4,0,0,1,0	155	75
5451	1,1,1,1,1,1,0,2,2,0	41,28,46,28,31,36,25,36,30,31	0,1,1,0,0,0,1,3,0,0	28,38,29,34,24,38,50,40,39,44	152	75
5452	55,71,75,68,55,66,52,52,71,51	1,1,0,2,1,1,0,2,0,4	58,63,57,60,52,90,70,73,53,71	0,1,0,0,3,3,0,0,0,1	154	75
5453	0,2,0,1,0,0,0,0,1,2	29,28,27,25,35,29,19,22,24,22	1,1,0,0,0,0,0,0,2,0	20,25,26,22,20,38,30,22,32,32	118	75
5454	21,10,10,20,10,11,14,23,11,14	2,1,3,0,1,1,2,3,3,0	13,11,6,13,8,21,18,8,11,5	1,1,0,1,2,1,0,1,1,1	80	75
5455	4,9,6,4,4,7,5,4,4,5	29,37,22,31,26,17,24,19,34,9	2,7,5,4,7,8,9,6,7,5	21,19,26,37,17,20,24,18,15,22	102	75
5456	0,0,0,0,0,0,1,0,0,0	18,16,18,16,13,11,6,8,11,11	0,0,0,0,0,0,0,0,0,0	12,11,11,11,6,12,9,13,15,10	99	75
5458	9,11,25,17,12,13,13,17,17,20	21,18,15,16,17,12,15,25,11,27	8,12,12,4,16,14,13,7,7,12	14,19,19,21,14,15,21,20,17,13	81	75
5459	276,281,265,294,268,265,246,203,289,315	3,1,0,0,0,1,3,0,0,2	227,248,234,280,288,271,310,275,267,235	1,4,1,1,1,1,3,3,2,1	138	75
5460	28,32,15,28,19,33,30,32,29,32	0,0,0,0,0,0,0,0,2,2	27,22,33,28,26,27,33,18,28,22	0,1,1,2,0,1,1,0,0,0	209	75
5461	0,0,1,1,0,0,0,2,0,0	0,0,0,0,0,0,0,0,0,0	0,0,2,0,3,0,1,1,1,2	0,0,0,0,0,0,0,1,0,0	78	75
5462	1,1,0,2,0,1,0,1,1,0	0,0,0,0,0,0,0,0,0,0	0,0,4,0,0,0,1,2,1,2	0,0,0,0,0,0,0,1,0,0	110	75
5463	1,1,0,2,0,1,0,1,1,0	0,0,1,1,0,0,0,2,0,0	0,0,2,0,0,0,1,2,1,0	0,0,0,0,3,0,1,1,1,0	107	75
5464	13,10,15,15,12,11,6,15,13,13	0,0,0,1,0,0,0,0,0,0	12,23,12,14,11,15,9,19,16,10	1,0,0,0,0,1,0,1,0,0	432	75
5469	65,66,55,54,57,56,33,45,47,65	1,0,1,0,0,0,7,0,1,1	65,66,53,70,40,51,60,53,55,64	0,0,0,0,0,0,0,0,0,0	172	75
5471	0,0,1,0,0,0,0,0,1,0	304,242,292,283,221,265,217,214,263,256	1,2,1,1,0,1,1,0,0,2	285,264,262,267,266,288,270,247,243,249	91	75
5472	15,26,26,21,15,29,18,18,16,17	0,0,0,0,0,0,0,0,0,1	23,22,24,11,17,23,15,9,13,14	0,0,1,0,0,0,0,0,0,0	82	75
5473	74,71,77,72,74,53,60,54,63,81	1,0,0,0,0,1,0,0,1,0	65,68,66,52,67,74,57,56,63,53	0,0,0,0,0,0,1,1,0,0	82	75
5474	80,68,62,76,72,61,66,68,59,77	23,26,20,21,20,20,28,15,15,28	73,70,79,71,73,82,99,50,100,53	20,22,26,22,29,25,29,25,24,14	140	75
5475	39,39,37,45,39,32,35,41,37,37	1,0,0,0,1,0,0,0,1,0	45,43,47,37,39,41,60,28,61,30	1,2,0,1,2,0,0,0,0,0	140	75
5476	1,0,1,2,2,1,2,1,1,0	31,42,39,29,42,25,42,21,29,18	0,0,0,0,0,0,3,1,0,3	26,30,27,34,33,27,39,21,25,26	125	75
5477	11,12,9,10,9,10,7,6,4,10	0,0,1,0,0,0,0,0,0,0	7,12,7,9,16,11,12,4,10,6	1,0,0,1,0,1,0,0,0,0	79	75
5478	13,6,11,13,7,9,18,12,8,10	0,0,0,0,1,0,0,0,0,0	6,20,9,11,9,13,9,5,7,10	0,0,0,0,0,0,0,0,0,0	80	75
5479	5,6,7,4,6,6,12,8,2,1	152,183,156,164,148,162,133,134,134,151	8,5,3,3,6,9,8,4,6,3	163,176,136,167,135,177,142,143,164,127	99	75
5480	0,1,0,0,1,0,1,0,0,1	137,150,129,135,140,160,117,100,117,127	0,3,0,2,2,0,1,0,0,0	137,130,119,130,117,131,122,124,133,112	102	75
5481	0,1,0,0,1,1,0,0,0,0	6,3,3,2,6,4,3,2,1,1	0,0,0,0,0,0,0,0,0,0	2,1,1,2,4,5,1,1,11,2	95	75
5482	3,2,2,1,0,0,0,0,2,0	0,0,0,0,0,0,0,0,0,0	0,2,0,0,0,5,2,0,0,1	0,1,1,0,0,1,0,0,0,0	88	75
5483	3,2,2,4,3,4,2,3,0,2	0,0,1,0,1,0,0,0,1,0	1,1,1,3,2,3,0,4,0,1	0,0,0,0,0,0,0,0,0,0	79	75
5484	1,2,1,0,1,2,2,1,0,7	26,8,18,15,22,26,7,14,12,21	2,2,1,2,5,0,1,0,1,2	19,14,16,17,25,21,19,14,26,18	78	75
5485	3,3,4,1,1,6,4,7,3,3	7,8,17,18,13,7,11,13,5,6	3,3,3,4,3,6,4,1,3,1	19,16,16,10,16,14,15,5,15,6	78	75
5486	0,0,0,0,1,0,0,0,0,0	13,5,5,4,6,6,5,8,12,10	0,0,0,0,0,0,1,0,0,0	8,2,9,8,11,10,4,7,8,4	94	75
5488	91,83,99,79,57,79,76,76,89,87	3,4,2,2,1,0,3,3,6,4	67,85,75,68,68,80,90,57,78,60	2,4,2,4,2,7,5,3,7,3	96	75
5489	48,52,48,42,36,37,32,42,49,41	1,1,0,1,0,0,1,0,0,1	38,51,42,33,40,43,48,28,49,28	1,0,0,0,1,0,0,0,0,0	96	75
5490	64,81,65,69,55,61,41,59,66,62	3,0,2,1,1,2,2,1,1,0	55,69,60,69,71,63,75,54,71,53	1,2,0,3,0,0,2,0,0,0	96	75
5493	63,62,66,57,53,64,65,68,71,65	197,210,213,184,169,183,163,152,186,193	87,64,63,62,71,51,73,59,59,75	179,177,155,179,191,183,202,167,185,184	78	75
5494	45,67,41,41,51,42,47,29,49,31	15,17,18,12,9,20,16,12,13,18	39,40,39,41,43,51,57,43,32,20	13,17,13,13,22,11,7,16,12,6	1501	75
5495	0,0,0,0,0,0,0,0,0,0	5,4,0,1,1,3,0,2,1,1	0,0,0,0,0,0,0,0,2,0	2,7,2,1,2,2,8,2,1,5	202	75
5497	164,163,154,144,135,161,111,127,121,121	0,5,2,2,4,2,1,2,1,4	144,157,140,118,117,111,109,141,98,131	2,2,3,2,0,1,3,2,2,8	90	75
5499	0,0,0,1,0,0,0,0,0,0	1,4,2,1,1,3,0,0,0,0	0,0,0,0,0,0,0,0,0,0	2,1,5,1,2,0,4,3,2,2	123	75
5500	0,0,2,5,1,1,2,4,4,4	2,1,2,3,0,1,1,2,1,1	0,1,2,2,3,4,1,5,4,5	3,3,0,3,5,2,1,2,1,0	141	75
5501	1,2,1,2,5,2,3,5,1,1	49,48,71,55,57,49,45,78,65,39	2,3,0,0,1,4,2,1,0,3	34,78,56,33,49,68,61,58,48,43	113	75
5502	3,0,4,5,0,5,3,1,1,3	0,0,0,0,0,1,0,0,0,0	0,3,0,4,4,2,2,4,1,1	0,0,0,0,0,0,0,0,0,0	81	75
5503	1,1,4,1,2,3,7,4,3,3	0,0,0,1,0,0,0,0,0,0	1,2,3,0,5,1,3,4,4,4	0,0,0,0,0,0,0,1,0,0	147	75
5507	50,26,54,51,44,40,28,34,43,60	8,4,2,1,6,2,3,1,3,5	40,38,43,54,46,42,50,35,32,41	6,3,2,4,4,4,0,3,1,3	78	75
5508	1,2,4,0,0,0,2,0,2,4	95,81,113,83,100,90,70,64,94,76	1,0,1,1,1,2,2,2,2,3	70,103,93,94,77,97,103,88,107,81	1367	75
5509	80,82,87,54,76,64,66,62,65,66	1,0,0,1,0,1,0,0,0,0	63,61,64,66,73,78,78,66,66,72	0,0,0,0,0,0,0,0,0,1	1870	75
5510	1,0,0,0,0,0,1,0,0,0	48,38,39,46,34,32,27,15,31,28	1,0,0,0,0,0,0,0,0,0	16,25,28,26,32,43,32,28,33,27	117	75
5511	1,2,1,2,3,4,4,2,0,4	155,127,127,132,132,141,105,92,106,134	3,0,1,4,2,0,1,0,2,5	124,135,125,96,103,146,148,147,116,99	139	75
5512	7,4,6,0,5,4,5,5,3,7	2,0,0,0,0,2,4,0,0,1	6,1,3,7,2,9,7,3,5,10	0,0,0,1,4,2,0,0,0,7	139	75
5513	189,192,179,142,149,162,152,123,132,149	9,10,4,8,8,7,7,4,4,12	158,193,150,130,158,172,160,129,159,161	9,8,6,2,7,1,6,5,7,4	110	75
5514	271,238,225,135,186,207,183,224,276,222	18,10,13,8,13,7,7,16,14,10	217,226,224,239,236,258,224,200,189,219	11,13,19,17,7,9,10,9,7,19	102	75
5515	294,257,306,246,208,263,219,214,250,218	1,0,1,1,0,2,0,0,1,2	236,256,219,215,256,261,265,224,209,254	1,0,3,0,2,0,3,1,1,2	110	75
5517	0,0,1,0,0,0,0,0,0,0	183,226,204,213,196,207,171,160,213,184	0,1,0,1,0,1,0,1,0,0	222,216,188,165,179,186,196,196,174,153	93	75
5520	1,0,0,1,0,1,0,0,1,4	3,0,0,1,0,4,0,1,2,3	0,0,0,0,0,1,0,0,0,0	1,3,1,0,2,0,3,1,2,1	78	75
5521	0,0,0,0,0,0,0,1,0,0	0,0,0,1,0,1,0,0,0,2	1,0,0,0,0,0,0,0,0,0	1,2,0,1,0,0,0,0,2,0	93	75
5523	93,95,86,93,76,95,77,112,80,68	0,1,0,0,0,0,0,1,0,0	73,91,59,89,77,67,79,94,77,88	1,0,0,0,0,0,2,0,0,0	431	75
5524	12,11,10,6,5,7,13,13,4,3	0,0,0,0,0,1,0,0,1,0	3,8,7,4,10,8,8,6,5,8	0,0,0,0,0,0,0,0,0,0	203	75
5526	35,36,41,32,41,48,28,32,25,38	0,0,0,0,0,2,1,0,0,1	44,47,25,36,41,32,37,30,30,28	3,3,0,1,1,0,1,0,0,0	79	75
5527	1,0,0,1,1,0,1,0,0,0	41,52,56,30,32,38,19,37,35,37	0,0,0,0,0,2,0,1,0,2	43,41,38,34,40,52,44,37,38,34	117	75
5528	52,38,47,53,31,54,25,43,37,50	5,4,4,5,6,3,1,1,7,0	25,49,49,39,30,42,49,43,27,41	2,6,5,1,2,3,1,2,3,4	125	75
5529	68,72,63,53,54,64,40,59,51,58	0,0,1,0,0,0,0,0,0,0	40,57,54,63,51,56,57,36,47,56	0,0,0,0,0,0,0,0,0,0	153	75
5531	546,548,550,607,570,577,470,425,426,526	0,0,0,3,1,1,0,3,0,0	526,533,627,478,528,501,485,529,489,473	0,0,1,0,1,0,0,0,0,2	86	75
5532	3,0,1,2,1,0,2,2,1,0	25,21,18,20,20,19,14,22,28,22	2,2,2,1,6,2,3,1,1,6	16,13,16,25,15,22,23,22,26,22	78	75
5533	17,9,18,12,16,13,18,21,21,13	40,42,44,45,23,29,29,34,31,38	11,18,5,12,8,11,16,10,12,12	26,44,28,34,30,36,33,24,28,34	78	75
5535	119,124,127,133,128,124,130,99,105,124	0,0,0,0,0,0,0,0,1,0	125,166,120,110,144,160,140,124,135,154	0,0,0,0,0,0,0,0,0,0	154	75
5536	44,46,46,41,41,56,43,46,57,55	0,0,0,0,0,0,0,0,0,0	43,46,36,64,44,34,34,58,28,28	0,0,0,1,1,0,0,2,3,0	100	75
5538	13,9,9,5,6,8,7,12,14,19	2,3,8,2,7,3,6,6,3,4	13,10,9,15,15,13,7,16,15,12	4,9,3,8,5,7,4,7,3,4	538	75
5539	13,8,10,5,6,8,7,11,13,18	5,6,7,4,3,11,6,4,9,9	12,10,9,15,15,13,6,16,15,12	3,6,4,4,15,7,2,6,2,4	538	75
5540	27,18,12,12,16,20,13,11,15,21	4,2,2,0,6,1,2,2,0,1	12,7,11,15,19,26,16,17,13,14	2,2,1,4,4,5,1,0,3,1	78	75
5541	3,2,9,1,3,6,6,3,2,1	0,0,2,0,0,1,0,0,1,1	6,6,8,4,3,8,5,5,1,2	0,0,0,0,0,0,0,0,1,0	78	75
5542	45,34,45,38,31,43,32,33,42,37	7,5,5,5,3,1,3,3,2,3	53,35,34,42,34,38,47,32,36,29	5,7,2,3,5,7,5,1,5,4	78	75
5543	0,0,0,0,0,0,1,1,0,0	23,36,19,23,18,28,22,15,24,27	0,0,2,1,0,3,2,0,2,0	20,24,15,19,19,24,14,22,10,30	181	75
5544	1414,1480,1468,1279,1380,1432,1167,1064,1224,1271	0,0,0,0,0,1,0,0,0,0	1292,1491,1359,1305,1313,1256,1333,1254,1257,1229	0,0,0,0,0,0,0,0,0,0	2063	75
5545	104,72,88,98,66,85,63,65,78,96	2,5,8,3,1,2,6,6,2,8	76,80,83,68,87,97,81,82,84,65	5,1,5,2,6,6,5,2,0,2	150	75
5546	60,42,74,46,40,58,52,46,40,58	0,2,1,6,0,1,0,1,1,0	55,50,51,52,59,60,54,52,34,65	2,1,1,2,1,2,0,0,0,0	115	75
5547	10,10,9,20,17,8,13,11,13,15	2,1,2,0,0,0,2,2,2,0	15,12,12,13,13,20,20,17,9,6	1,0,3,1,2,0,1,0,2,0	136	75
5548	10,8,14,8,8,6,11,6,6,9	17,16,8,16,27,9,20,16,25,11	8,14,10,16,8,6,11,6,12,6	8,10,14,19,17,16,15,20,23,20	161	75
5549	20,31,29,15,21,28,16,13,18,20	1,1,1,0,0,0,0,0,0,0	23,27,21,16,33,25,20,21,17,34	0,2,0,1,1,0,0,1,0,0	114	75
5550	2,4,0,1,5,6,0,1,1,3	1,2,0,0,0,0,0,2,3,0	0,1,4,0,2,3,3,0,2,1	0,1,0,0,0,0,0,1,2,2	94	75
5554	12,4,8,4,3,5,1,3,4,5	0,0,0,1,0,0,0,0,0,0	8,8,6,8,1,9,7,9,3,5	0,1,0,1,0,0,0,0,0,0	85	75
5555	14,10,15,9,12,12,13,9,8,15	0,0,0,0,0,0,0,0,1,0	4,13,7,7,13,7,10,16,14,13	0,0,0,0,0,0,0,0,0,0	110	75
5557	10,2,7,4,5,6,6,5,4,4	24,11,25,8,15,8,13,13,10,16	5,6,13,6,6,2,8,7,4,7	9,12,10,16,15,8,22,12,9,7	78	75
5558	35,32,42,28,34,23,36,26,41,47	0,2,0,0,0,0,0,0,0,0	31,37,37,32,37,35,38,41,43,36	0,0,0,0,0,2,0,0,0,0	90	75
5560	3,2,5,0,5,1,4,2,0,2	43,43,30,50,35,28,17,38,24,35	3,2,1,2,2,3,2,2,4,0	43,47,39,26,47,45,41,22,35,20	130	75
5562	130,156,114,103,131,133,111,95,113,114	0,1,2,2,0,0,1,2,3,0	104,175,110,117,112,119,130,129,129,133	0,1,0,1,1,1,2,3,0,0	165	75
5563	45,50,53,32,31,37,41,26,38,41	11,23,20,16,15,20,20,14,17,15	52,40,35,42,37,39,34,45,40,40	20,15,14,20,21,26,19,11,16,5	84	75
5564	16,20,20,17,17,21,19,12,18,16	11,23,20,16,15,20,20,14,17,15	17,22,16,11,15,23,24,20,21,25	20,15,14,20,21,26,19,11,16,5	182	75
5565	13,17,19,15,15,17,14,12,15,13	42,47,52,30,29,33,36,26,35,38	14,20,15,9,12,21,19,13,19,22	49,38,34,40,34,37,29,38,38,37	173	75
5566	63,53,42,53,55,76,46,54,72,65	1,5,3,2,1,1,0,0,3,1	69,66,61,53,54,70,71,70,44,59	0,2,0,2,3,1,3,3,3,1	110	75
5567	42,42,33,36,46,49,53,49,53,47	1,5,3,2,1,1,0,0,3,1	50,41,40,43,37,52,40,48,42,42	0,2,0,2,3,1,3,3,3,1	113	75
5568	14,18,11,11,11,15,21,16,9,21	35,29,20,28,20,42,14,21,28,39	11,8,11,18,12,15,9,13,21,7	30,33,32,28,29,33,40,35,23,24	78	75
5570	72,54,62,60,57,50,33,56,46,63	1,2,0,1,0,0,1,0,0,0	53,66,47,57,78,40,50,59,58,24	1,0,0,2,0,2,0,0,0,0	128	75
5571	23,20,17,18,15,21,9,9,12,17	4,3,4,0,1,5,1,1,4,2	14,16,15,14,16,12,13,12,17,19	2,2,3,1,1,2,0,3,1,1	111	75
5573	0,1,0,1,1,0,0,0,0,0	2,3,6,2,8,7,2,7,5,2	0,0,0,0,0,0,1,0,1,0	2,2,4,4,1,4,2,5,3,1	92	75
5574	0,1,0,0,0,0,2,0,1,0	16,13,10,6,10,1,18,15,10,11	1,2,0,1,0,1,0,1,0,2	8,8,6,13,15,10,14,11,17,11	112	75
5575	0,1,1,4,0,0,0,0,0,0	7,6,7,4,3,2,1,2,5,5	1,2,1,4,2,0,0,2,2,0	2,1,4,6,4,5,6,8,6,8	182	75
5576	140,114,133,114,113,115,99,81,106,103	1,4,0,0,1,0,2,1,2,1	117,96,109,110,111,101,113,105,113,110	0,1,2,0,2,1,1,2,2,1	86	75
5577	19,21,22,14,27,17,30,16,20,22	4,1,2,1,0,0,1,0,0,3	19,20,13,15,26,26,26,21,28,22	0,0,0,5,1,1,2,1,1,0	78	75
5578	0,0,0,0,0,0,0,0,0,0	0,0,0,1,0,0,0,0,0,0	1,0,0,0,0,0,0,0,0,0	0,0,0,0,0,0,0,0,0,0	1590	75
5579	1,1,0,0,1,1,3,0,1,0	0,0,0,0,0,0,1,0,1,0	2,1,2,0,0,1,0,1,1,0	0,1,0,0,0,0,0,1,0,0	78	75
5580	1,0,0,2,2,0,0,1,0,1	82,74,67,63,79,65,75,48,44,73	0,1,1,1,1,0,0,1,0,2	62,80,82,47,69,61,71,49,67,53	112	75
5581	0,0,0,1,1,4,0,0,0,0	142,129,106,105,89,95,87,87,90,111	1,0,0,2,0,0,0,1,0,0	104,116,101,83,111,92,100,95,112,100	81	75
5582	5,5,5,6,3,8,9,5,3,9	0,0,1,0,0,0,0,0,0,0	3,8,1,7,3,4,13,8,5,10	0,0,0,0,0,0,0,1,0,0	81	75
5585	19,14,18,15,14,10,8,11,18,18	27,30,43,23,30,31,34,24,34,35	12,13,9,20,12,18,9,7,14,7	20,25,33,41,33,27,29,22,23,26	78	75
5586	2,1,0,0,2,1,0,0,0,0	0,0,0,0,0,0,0,0,0,0	2,1,0,1,3,0,0,0,1,1	0,0,0,0,0,0,0,0,0,1	202	75
5587	43,34,37,34,30,25,25,31,27,30	1,0,0,0,0,0,0,2,0,0	26,44,23,27,25,29,44,35,37,32	0,0,0,1,0,0,0,0,0,0	162	75
5589	0,1,1,0,0,0,2,0,0,2	12,13,12,15,9,12,14,14,14,10	2,1,0,1,0,0,2,0,1,4	10,21,14,22,11,18,13,11,17,19	90	75
5590	131,110,106,126,98,79,123,106,133,108	0,0,0,0,0,0,1,0,0,0	117,149,112,117,106,86,87,103,123,131	0,0,0,0,0,0,0,0,0,0	2558	75
5591	107,105,115,76,98,85,88,78,97,112	0,2,0,1,1,1,0,2,0,0	97,111,97,77,96,75,77,82,76,90	1,0,0,0,0,0,2,0,0,0	78	75
5592	166,144,155,130,115,106,103,106,131,114	0,0,0,0,0,0,1,0,1,0	127,101,105,95,101,129,113,99,144,123	0,1,0,0,0,0,0,2,0,0	78	75
5593	22,26,26,24,33,34,19,25,29,33	4,0,3,5,0,3,6,5,6,2	28,29,27,27,29,28,28,31,16,22	3,6,1,5,11,5,5,6,5,8	78	75
5595	0,1,1,1,1,2,0,1,0,4	58,54,60,41,43,63,49,58,58,52	3,2,1,0,1,1,2,3,0,4	48,50,40,34,30,54,59,56,40,32	346	75
5596	0,0,0,0,0,0,0,0,0,0	25,32,22,12,30,24,27,19,26,20	0,0,0,0,0,0,1,0,0,0	14,21,11,28,25,21,16,22,15,15	99	75
5598	3,6,4,5,4,3,7,7,8,4	4,7,8,9,1,6,7,6,5,4	6,1,3,3,6,4,4,7,3,4	8,2,5,9,9,10,6,6,9,0	87	75
5599	7,11,8,10,4,5,11,20,11,8	7,9,4,8,14,2,11,7,6,15	8,12,9,7,10,3,7,11,11,7	13,12,9,9,9,11,4,5,3,9	191	75
5600	125,136,177,131,88,111,167,109,114,56	4,5,9,3,0,2,6,10,4,1	145,100,75,106,109,172,236,140,148,210	3,5,2,0,3,1,13,4,7,8	196	75
5601	195,224,308,231,131,159,276,166,218,128	3,5,4,6,0,2,4,2,1,2	213,159,128,175,195,325,456,221,231,310	2,1,1,5,1,4,14,2,1,1	253	75
5602	5,7,9,8,1,7,9,7,6,6	18,16,17,26,15,10,19,25,15,9	4,0,3,3,6,6,15,5,7,8	23,14,4,13,20,24,25,17,31,19	292	75
5603	0,0,0,1,1,0,2,2,0,1	2,0,1,1,0,0,0,0,0,0	0,1,0,0,4,4,2,2,0,1	0,0,0,0,1,0,0,0,0,1	114	75
5604	0,0,0,0,0,0,0,0,0,1	2,1,0,0,0,0,1,3,2,1	0,0,0,1,0,0,0,0,0,0	0,1,0,1,1,0,1,0,1,2	88	75
5605	7,5,7,9,4,12,8,2,7,9	14,9,10,9,3,14,11,9,14,10	7,8,4,6,12,5,10,2,5,5	11,11,7,12,10,14,9,6,7,5	78	75
5607	5,0,3,1,0,3,0,0,2,0	0,0,0,0,0,0,0,1,1,0	0,4,0,3,0,3,2,1,0,1	0,0,0,0,0,0,0,0,0,0	90	75
5608	15,26,15,27,22,19,20,23,21,24	2,1,2,2,0,6,1,1,1,4	24,16,16,20,17,21,16,23,17,8	2,4,0,3,5,1,7,0,6,2	96	75
5609	30,46,36,33,51,27,30,28,34,46	4,2,3,6,0,3,0,2,3,4	36,44,46,34,23,53,40,38,36,32	4,11,2,1,1,1,3,2,1,3	227	75
5610	30,45,35,34,50,27,30,28,34,45	2,0,0,0,0,0,0,0,1,1	36,44,46,34,23,53,39,38,35,32	0,0,0,0,0,0,0,1,0,1	227	75
5612	64,60,91,94,76,70,49,68,65,97	3,3,7,10,4,7,9,7,6,6	77,97,69,65,68,83,54,80,74,64	9,5,2,4,1,7,6,4,12,6	127	75
5613	30,19,37,39,35,37,19,31,30,52	0,0,0,1,0,0,0,0,0,0	40,52,31,34,28,44,23,39,34,34	0,0,0,0,0,0,0,0,0,1	127	75
5615	0,1,0,0,0,0,0,0,0,0	0,0,0,0,0,0,0,0,0,0	0,0,0,0,0,0,0,0,0,0	0,0,0,1,0,0,0,0,0,0	230	75
5616	0,1,0,0,0,0,0,0,0,0	0,0,0,0,0,0,0,0,0,0	0,0,0,0,0,0,0,0,0,0	0,0,0,1,0,0,0,0,0,0	304	75
5619	28,36,30,24,31,30,31,16,23,20	7,4,7,6,6,7,6,2,6,4	20,31,21,16,23,25,22,25,33,21	6,5,4,4,7,12,6,5,0,4	78	75
5620	2,4,6,9,1,4,2,4,5,5	405,466,407,300,338,413,389,310,392,365	1,4,1,3,2,2,1,3,3,2	292,374,289,364,376,367,343,246,302,290	270	75
5621	51,37,38,34,30,32,40,33,43,38	213,262,208,205,187,236,206,178,206,182	36,42,35,39,36,39,53,23,35,21	180,195,160,196,224,186,181,126,173,135	78	75
5622	53,28,46,52,39,26,43,36,42,30	0,0,0,0,0,0,0,0,2,3	36,47,26,27,31,42,38,32,37,18	2,1,3,0,1,0,2,0,1,0	79	75
5623	0,0,0,0,0,0,0,0,0,0	22,14,16,24,11,11,15,9,15,10	0,0,0,0,0,0,2,0,0,0	12,14,13,19,8,14,24,15,14,12	187	75
5624	0,0,0,1,0,1,0,0,1,1	23,37,26,22,13,31,18,20,18,17	0,0,1,0,1,2,1,1,0,0	27,15,14,17,14,12,22,25,12,24	97	75
5625	2,2,4,0,0,2,0,2,1,1	1,0,1,0,0,0,0,1,1,0	0,1,0,0,1,1,2,0,2,0	0,0,0,1,1,0,0,0,0,2	78	75
5626	12,7,8,12,6,11,11,15,7,12	2,2,1,0,1,0,1,0,2,3	7,9,4,16,12,9,11,9,5,7	0,7,1,0,1,2,4,4,3,0	78	75
5627	1,0,2,0,0,0,1,2,2,0	0,0,0,0,0,2,0,0,0,0	0,0,0,0,0,0,1,0,0,0	0,0,0,0,0,0,0,0,0,0	78	75
5628	5,6,9,4,5,6,1,1,5,1	0,1,0,1,0,0,0,0,0,0	3,2,5,6,5,2,4,3,11,6	3,0,0,0,2,0,0,0,0,0	105	75
5629	4,1,3,1,0,2,4,4,0,0	0,0,0,1,0,0,0,0,0,0	1,3,4,4,6,2,1,0,5,1	0,0,0,0,1,1,0,0,1,0	81	75
5630	1,1,1,1,1,3,3,1,0,0	0,0,0,1,0,0,0,0,0,0	0,0,2,0,0,0,1,0,2,1	0,0,0,0,1,1,0,0,1,0	116	75
5631	1,1,1,1,1,3,3,1,0,0	4,1,3,1,0,2,4,4,0,0	0,0,2,0,0,0,1,0,2,1	1,3,4,4,6,2,1,0,5,1	110	75
5632	0,2,3,0,0,0,2,1,0,2	0,0,0,0,4,0,0,0,0,0	1,1,1,1,3,1,3,1,2,0	0,0,0,0,0,0,0,0,0,0	78	75
5633	1,4,2,2,0,2,0,1,3,1	2,0,1,1,1,0,0,0,0,0	2,1,1,2,5,2,3,1,6,0	0,0,1,0,0,0,0,0,1,0	78	75
5634	5,11,9,8,6,11,6,9,15,13	1,0,0,2,0,0,0,1,0,2	9,9,9,12,3,8,6,11,12,7	1,0,0,0,1,0,0,0,5,0	78	75
5635	44,26,36,26,30,24,19,34,30,30	1,0,0,0,0,0,0,0,0,0	30,22,29,38,34,24,31,21,30,25	0,1,0,0,0,0,0,0,0,0	80	75
5636	23,15,19,16,33,23,23,25,16,21	1,0,1,0,0,0,0,0,1,0	19,21,16,19,26,28,20,29,23,30	1,0,1,0,0,1,4,2,1,0	78	75
5638	37,28,35,21,18,12,12,20,30,14	12,11,12,6,7,4,10,2,16,11	19,28,23,15,17,15,22,14,20,18	8,14,3,4,10,9,13,12,11,6	81	75
5639	6,3,2,2,2,7,1,4,1,2	0,1,0,1,0,0,0,0,0,1	1,2,1,1,2,2,3,0,1,2	0,0,1,1,1,0,1,0,0,0	78	75
5640	25,28,16,28,8,34,23,31,23,28	1,0,0,0,1,0,0,0,1,0	18,17,21,16,22,22,19,20,22,17	0,0,0,0,2,0,0,0,0,0	314	75
5641	2,0,2,1,4,1,2,2,2,3	0,1,1,0,2,4,1,4,1,3	0,2,1,1,1,4,3,2,1,0	1,0,0,3,2,3,1,1,4,1	91	75
5642	0,0,0,0,0,0,0,0,0,0	53,49,58,34,51,49,36,35,34,44	0,0,0,0,0,1,0,0,0,0	40,51,37,43,47,55,48,47,31,52	76	75
5643	45,49,57,49,42,39,29,21,32,48	0,0,0,0,0,0,0,0,1,0	24,46,31,51,33,27,42,23,23,39	0,0,0,0,0,0,0,0,0,0	101	75
5644	0,0,0,0,0,1,0,0,1,0	0,0,1,1,0,0,0,0,0,0	1,0,0,0,0,1,0,0,0,0	0,1,0,0,1,1,2,0,0,2	80	75
5645	7,8,4,5,5,7,1,6,7,8	0,0,1,0,0,0,0,1,0,0	4,3,5,6,2,4,8,4,2,4	0,0,0,0,0,0,2,0,0,0	80	75
5646	4,9,5,4,3,5,6,3,5,5	56,48,61,54,56,62,40,54,68,61	7,4,1,6,6,3,3,2,8,2	45,56,45,39,52,60,55,55,43,33	78	75
5647	75,72,91,66,71,69,47,60,51,58	1,0,1,2,2,1,1,1,0,1	69,65,64,46,65,87,80,70,85,57	1,0,0,1,1,1,1,2,1,1	113	75
5648	23,30,33,34,28,29,61,51,47,30	1,0,0,4,0,0,2,0,3,2	34,40,32,42,28,36,17,26,53,43	1,1,0,2,0,4,0,1,5,3	140	75
5649	12,6,6,3,5,6,9,5,7,7	7,6,11,10,10,12,8,4,11,13	1,9,7,5,5,7,5,1,7,6	8,12,9,11,15,5,10,8,3,9	169	75
5650	62,41,57,51,52,45,56,69,51,47	0,2,0,0,0,0,0,0,0,0	45,55,53,49,48,57,47,45,45,46	0,0,0,0,0,0,0,0,0,0	191	75
5651	86,75,71,53,68,54,53,66,80,93	1,1,1,0,1,0,0,1,0,1	73,93,65,72,82,67,92,73,76,77	2,1,3,1,2,0,3,0,0,0	79	75
5652	43,35,37,27,39,30,28,27,52,35	0,0,1,0,0,1,0,0,0,0	26,36,30,27,16,35,30,29,33,37	1,0,1,2,0,0,0,0,1,0	78	75
5653	7,8,5,5,5,2,3,0,10,1	0,0,1,0,0,0,1,0,0,0	5,7,3,5,7,2,5,9,2,9	0,0,0,0,3,0,0,0,0,0	85	75
5654	21,41,36,29,26,21,20,20,22,25	4,3,8,3,6,2,9,4,6,3	20,17,20,21,27,21,17,31,31,14	5,10,3,1,4,3,8,7,5,3	78	75
5656	0,2,0,2,1,1,1,1,0,1	2,1,1,0,1,1,1,2,2,0	1,5,0,0,2,1,0,0,3,1	0,0,0,0,2,2,0,1,0,0	150	75
5657	16,16,11,7,11,16,9,10,16,13	0,0,0,0,0,0,0,0,1,0	16,15,11,5,9,13,13,12,10,17	0,0,0,0,0,0,0,0,0,0	99	75
5658	16,16,11,7,12,15,12,11,17,13	0,1,1,0,0,0,0,0,0,2	16,15,12,5,9,13,13,12,11,17	0,2,0,1,1,0,0,0,0,0	99	75
5659	37,30,35,23,41,29,28,23,37,36	18,10,16,7,24,19,11,21,18,10	35,42,28,23,30,31,32,31,26,41	24,27,11,21,15,16,18,16,13,14	99	75
5661	0,0,1,0,1,0,0,0,0,0	0,0,0,0,0,0,0,0,0,0	0,0,0,0,0,0,1,0,0,0	0,0,0,2,0,0,0,0,0,0	78	75
5662	2,3,9,3,4,5,4,1,2,2	2,4,0,0,0,1,1,0,2,0	4,4,0,5,3,4,5,6,0,2	0,0,0,0,0,1,2,1,0,0	78	75
5663	1,1,5,1,0,2,0,0,0,1	0,0,0,0,0,0,0,0,0,0	1,2,1,1,2,3,0,1,1,0	0,0,0,1,0,0,0,0,0,0	78	75
5666	1,0,2,0,0,0,1,1,1,0	0,0,0,0,0,0,1,0,0,0	0,2,0,0,1,1,0,0,0,1	0,0,0,0,0,0,0,0,0,0	216	75
5667	2,0,2,0,0,0,1,1,1,0	0,0,0,0,0,0,1,0,0,0	0,2,0,0,0,1,0,0,0,0	0,0,0,0,0,0,0,0,0,0	219	75
5668	1,0,0,0,0,0,0,0,0,0	0,0,0,0,0,0,0,0,0,0	0,0,0,0,0,0,0,0,0,0	0,0,0,0,1,0,0,0,0,1	78	75
5669	33,25,29,29,36,32,29,27,29,32	8,3,5,6,4,4,6,5,6,3	31,54,38,34,35,32,33,22,50,24	3,7,7,6,8,5,8,3,3,3	78	75
5670	4,6,2,2,10,10,4,9,8,9	0,0,1,1,2,0,0,2,0,1	4,5,7,7,2,12,10,11,9,8	0,0,0,1,0,1,1,0,1,2	78	75
5671	0,1,0,0,0,0,0,0,0,0	0,0,0,0,0,1,0,2,0,0	1,0,0,0,1,0,2,0,0,0	0,1,0,0,1,0,0,0,0,2	78	75
5672	0,0,0,0,1,0,0,0,0,1	0,0,0,0,0,1,0,2,0,0	0,0,0,0,0,0,0,0,0,0	0,1,0,0,1,0,0,0,0,2	96	75
5673	0,0,0,0,1,0,0,0,0,1	0,1,0,0,0,0,0,0,0,0	0,0,0,0,0,0,0,0,0,0	1,0,0,0,1,0,2,0,0,0	93	75
5674	1,3,1,3,2,0,1,0,1,0	0,0,0,1,1,0,0,1,1,0	1,1,2,0,0,2,4,2,1,0	0,0,0,3,2,1,1,0,2,0	78	75
5676	0,0,1,1,0,0,0,0,0,0	0,0,0,1,0,0,0,0,0,0	0,0,0,0,0,0,0,0,0,1	0,0,0,0,0,0,0,0,0,0	133	75
5677	39,42,42,53,47,40,43,32,34,41	1,0,0,1,0,0,0,0,2,0	56,54,38,52,36,40,41,33,39,35	0,0,1,0,1,0,0,0,0,0	161	75
5678	101,91,101,76,76,67,74,66,77,79	10,3,3,6,10,6,5,2,2,4	66,84,93,53,74,82,72,63,67,50	9,6,7,3,2,4,4,2,4,2	152	75
5679	6,2,5,3,7,4,7,8,9,3	0,0,1,0,0,1,0,0,0,0	7,9,3,5,12,12,13,4,8,7	0,0,0,0,0,0,0,0,0,0	79	75
5681	6,10,10,5,9,2,8,4,9,13	55,54,44,36,46,37,64,53,49,37	8,8,11,13,3,6,2,4,5,1	36,66,29,54,40,45,25,42,51,62	235	75
5682	74,71,66,60,56,54,63,60,59,85	0,0,0,0,0,0,1,0,0,0	65,76,61,82,48,71,69,71,52,69	0,0,0,0,0,0,0,0,0,0	118	75
5683	6,1,4,4,6,4,1,4,3,2	3,2,4,0,2,1,1,2,3,1	1,2,4,6,2,2,4,1,6,1	2,0,0,1,2,0,1,0,0,0	78	75
5687	45,34,33,23,20,30,31,20,18,32	0,0,0,0,0,0,1,0,0,1	34,21,18,27,26,31,18,27,25,18	0,0,0,1,0,0,0,0,0,0	86	75
5688	17,23,12,17,21,17,20,7,16,20	0,0,0,0,0,0,0,0,0,0	16,22,19,13,24,19,17,13,19,14	0,0,0,0,0,0,0,2,0,0	259	75
5689	27,27,17,29,30,22,21,23,25,19	50,49,64,34,36,40,41,34,38,37	10,22,19,17,14,14,22,12,18,15	37,42,38,25,39,39,64,38,43,35	78	75
5690	15,13,12,11,0,9,10,7,11,10	1,0,0,6,3,1,1,3,2,2	3,2,0,0,3,4,2,7,0,4	0,0,0,0,1,0,0,0,0,0	121	75
5691	9,7,9,13,8,6,6,3,4,12	1,1,3,1,3,2,2,1,2,5	6,6,5,5,5,5,7,11,4,5	0,0,0,5,0,2,0,4,3,2	78	75
5692	75,91,81,65,88,94,85,55,45,57	30,19,19,12,25,22,23,20,27,14	77,96,57,80,69,81,74,79,57,79	22,16,21,30,26,24,22,21,27,18	78	75
5693	1,2,0,2,0,2,1,2,3,2	43,37,47,48,45,46,34,39,46,48	1,4,0,1,1,1,4,2,4,7	44,36,49,46,46,41,61,44,40,32	78	75
5694	1331,1352,1368,1172,1190,1332,1170,1045,1177,1173	0,0,0,0,0,0,1,0,0,0	1249,1353,1206,1046,1200,1365,1400,1274,1186,1264	0,0,0,0,0,0,0,0,0,0	180	75
5695	2248,2209,2255,1939,1976,2169,1852,1826,1949,1890	0,3,2,4,5,8,1,5,1,3	2005,2301,1907,1798,1846,2174,2235,2061,1882,2077	3,2,2,1,2,7,7,2,1,1	180	75
5696	57,63,59,53,66,49,52,52,50,61	0,0,0,1,2,2,1,0,0,0	43,66,61,56,49,67,77,56,55,55	0,0,0,0,0,0,0,0,0,0	87	75
5697	15,20,22,17,22,8,11,13,14,17	0,0,0,0,0,0,0,0,0,0	14,14,7,11,8,14,11,10,17,15	0,1,0,0,0,0,0,0,0,0	110	75
5699	212,223,189,206,187,206,172,164,179,186	0,2,0,0,1,0,0,1,0,0	205,232,189,221,209,193,214,193,208,194	0,1,0,1,0,0,0,1,0,0	202	75
5701	151,151,144,117,131,113,113,112,107,103	37,29,38,24,27,25,24,27,35,36	141,144,140,131,122,127,164,107,108,104	38,19,21,21,23,30,38,27,24,24	78	75
5702	16,10,16,16,13,11,16,21,17,13	59,71,44,71,53,63,47,50,69,49	25,19,8,9,14,13,19,17,17,6	61,58,52,53,58,67,52,53,51,45	78	75
5703	2,5,2,2,3,6,1,4,5,4	188,209,189,154,161,191,159,128,158,189	4,8,2,5,6,3,7,4,3,6	194,167,177,149,170,200,211,168,166,178	107	75
5704	1,2,2,1,0,1,1,2,0,3	1,1,1,0,1,0,0,0,2,1	2,0,0,3,0,1,1,1,1,2	1,0,0,1,1,4,1,2,0,0	107	75
5705	1,0,1,2,0,0,0,1,0,1	125,122,148,119,104,133,96,111,114,103	3,3,1,1,0,3,3,1,1,1	102,150,101,97,106,100,140,102,108,98	93	75
5706	47,38,55,32,28,40,34,22,36,39	48,43,31,37,45,39,37,28,24,19	36,48,35,43,46,36,36,35,40,20	41,41,44,32,33,48,28,39,22,29	95	75
5707	87,83,80,56,60,59,49,49,69,68	48,43,31,37,45,39,37,28,24,19	67,78,50,64,80,68,88,58,57,42	41,41,44,32,33,48,28,39,22,29	115	75
5708	57,53,60,39,37,41,41,27,48,53	48,43,31,37,45,39,37,28,24,19	48,62,34,48,57,45,55,45,40,23	41,41,44,32,33,48,28,39,22,29	130	75
5709	45,54,34,27,36,27,19,30,38,35	5,9,9,3,4,8,4,3,5,6	33,35,19,26,35,36,55,26,22,28	2,5,4,5,1,4,3,3,5,6	95	75
5710	15,24,14,10,13,9,11,8,17,20	5,9,9,3,4,8,4,3,5,6	14,19,3,10,12,13,22,13,5,9	2,5,4,5,1,4,3,3,5,6	110	75
5711	2,5,1,3,3,3,5,2,2,3	32,35,21,20,26,21,13,24,23,18	8,7,2,2,0,4,9,3,1,3	27,23,18,18,23,27,42,16,18,22	90	75
5712	1,2,0,3,1,1,5,2,1,4	2,1,2,5,3,7,3,3,2,1	6,1,2,1,1,1,4,1,2,2	4,3,2,3,0,3,2,4,2,3	90	75
5714	3,2,3,3,0,4,2,0,3,2	0,0,1,0,0,1,0,0,0,0	4,0,2,2,1,2,3,0,1,1	0,1,0,0,0,0,0,0,0,0	78	75
5715	9,8,10,3,8,7,3,7,9,7	8,4,8,2,3,6,2,5,2,6	8,7,15,9,5,5,15,10,5,14	7,7,10,2,5,5,7,2,7,9	78	75
5716	0,1,0,0,0,0,0,0,0,0	60,70,54,55,68,59,36,39,57,42	1,1,0,1,1,1,1,0,0,0	55,55,48,54,69,62,66,67,55,51	100	75
5717	1,1,1,0,1,1,1,0,0,0	62,74,94,65,77,64,59,62,74,62	2,0,1,0,0,0,1,2,1,0	64,81,78,53,66,54,80,67,57,63	289	75
5718	21,11,11,14,12,11,15,8,14,25	47,34,29,32,35,40,35,31,19,29	7,13,16,9,14,13,20,10,15,22	39,44,33,38,62,35,45,38,37,28	187	75
5719	1,0,0,0,1,0,2,2,3,0	2,0,1,1,0,1,2,0,0,0	1,3,0,1,0,1,4,0,2,0	0,1,1,2,0,1,3,1,1,2	157	75
5720	51,47,56,47,39,57,42,36,41,54	8,5,1,2,2,5,5,2,3,3	47,47,47,38,57,42,47,34,41,47	1,4,2,3,2,5,3,1,2,3	91	75
5721	0,0,4,4,1,1,1,1,0,3	0,0,0,0,0,0,0,0,0,0	0,2,3,1,2,1,1,2,2,2	0,0,0,0,1,0,0,0,0,0	119	75
5724	2,1,2,0,4,1,1,2,0,0	1,1,1,1,2,1,2,1,3,3	1,2,0,0,0,1,1,0,0,1	0,0,1,0,1,0,1,1,1,2	141	75
5725	102,85,107,108,82,74,107,79,85,83	0,0,1,0,0,0,0,0,0,0	91,109,81,106,91,75,84,98,93,97	0,1,0,0,1,0,2,0,0,0	221	75
5727	14,14,15,10,16,15,14,11,13,11	1,1,1,0,0,3,5,1,0,1	9,15,17,23,15,12,21,10,19,18	1,2,1,0,1,0,0,3,2,0	119	75
5728	93,73,75,66,51,65,54,69,62,73	3,0,0,2,0,1,2,1,1,0	82,62,89,70,99,76,79,64,77,86	1,1,6,6,2,2,1,2,1,3	87	75
5729	41,53,47,53,44,47,43,27,47,66	0,0,1,0,0,0,0,1,0,1	49,46,52,48,47,51,55,49,57,53	0,1,0,0,0,0,0,0,0,0	77	75
5730	108,99,126,102,80,98,88,81,73,83	3,0,0,0,1,1,0,0,0,3	107,108,105,110,87,108,87,82,89,86	0,0,0,0,0,1,0,0,2,1	108	75
5731	30,25,35,36,25,29,32,34,27,33	8,4,8,3,1,2,4,3,4,1	28,30,39,36,29,28,21,26,44,24	7,4,4,8,6,4,8,0,5,5	78	75
5732	17,19,19,14,34,20,9,19,10,19	14,16,13,21,13,8,14,12,13,17	12,19,20,22,20,13,14,11,30,17	14,14,11,14,16,14,6,3,12,8	78	75
5733	37,39,48,42,41,47,39,45,32,50	21,29,21,21,23,21,21,17,17,37	41,28,39,40,48,47,40,49,65,37	25,21,21,19,34,29,21,18,27,32	219	75
5734	5,6,5,3,4,4,6,6,3,6	89,94,96,82,87,89,57,61,62,76	5,7,9,4,1,4,6,2,5,11	69,92,85,95,101,72,78,92,85,76	105	75
5735	0,0,1,0,0,0,0,0,0,1	0,0,0,0,0,1,0,0,0,0	0,0,1,0,2,0,0,0,1,0	0,0,1,0,2,0,0,2,0,0	78	75
5737	69,93,95,80,85,65,83,69,81,93	0,0,0,0,0,0,0,0,0,0	67,97,73,88,78,95,79,75,74,71	1,0,0,0,0,0,0,0,0,0	131	75
5738	45,37,49,43,27,42,44,38,38,34	24,35,25,34,23,30,17,24,32,34	38,38,39,31,30,43,38,34,35,33	31,31,16,29,15,34,20,15,29,33	78	75
5739	3,2,3,4,1,3,0,2,4,0	0,1,0,2,0,4,0,1,1,3	1,1,3,1,3,2,2,1,2,0	3,2,0,0,1,0,3,2,0,0	99	75
5740	24,26,31,8,25,13,23,27,27,30	2,2,0,4,1,2,2,3,1,0	29,23,13,14,26,31,27,14,19,25	4,0,0,4,1,1,0,0,1,0	97	75
5742	312,310,325,301,274,277,248,236,283,285	0,4,3,2,3,3,3,2,4,5	302,300,265,291,301,302,302,293,279,302	4,4,2,2,3,2,4,1,0,3	175	75
5744	24,29,25,21,13,24,13,12,27,27	18,28,26,13,17,16,20,17,12,24	20,12,28,16,27,19,28,26,26,15	25,26,19,15,18,13,17,18,17,22	78	75
5745	7,11,6,7,11,8,9,8,5,4	7,3,1,6,3,3,5,8,3,4	6,9,14,4,10,11,18,5,6,8	6,8,5,2,3,5,10,2,7,5	97	75
5746	10,14,9,10,6,7,4,7,12,0	7,3,1,6,3,3,5,8,3,4	12,5,3,3,11,12,7,4,7,3	6,8,5,2,3,5,10,2,7,5	152	75
5747	10,14,9,10,6,7,4,7,12,0	7,11,6,7,11,8,9,8,5,4	12,5,3,3,11,12,7,4,7,3	6,9,14,4,10,11,18,5,6,8	130	75
5748	2,1,0,0,1,0,2,1,2,3	146,156,162,139,141,127,133,98,134,134	1,1,1,1,3,1,0,2,3,0	126,184,150,144,128,151,157,162,123,140	105	75
5749	15,10,8,5,14,9,8,10,19,12	0,0,0,0,0,0,0,0,0,1	16,17,14,18,10,7,13,19,11,12	1,0,0,0,0,0,1,0,0,0	110	75
5750	159,165,170,144,154,136,139,107,151,143	0,0,0,0,0,0,0,0,0,1	141,200,163,161,135,157,170,179,131,152	1,0,0,0,0,0,1,0,0,0	80	75
5752	11,3,11,5,12,7,15,6,8,16	0,0,0,0,0,0,0,0,0,0	3,12,7,12,9,12,8,6,9,9	0,0,0,0,2,0,0,0,0,0	362	75
5753	6,13,16,11,6,8,5,3,7,5	6,2,1,0,0,1,0,2,0,3	7,6,6,8,4,13,12,10,3,5	1,2,0,1,2,2,0,1,1,1	80	75
5755	13,10,8,14,10,10,11,11,13,12	1,0,0,0,0,0,0,0,0,0	5,10,16,10,6,13,6,10,9,5	0,0,0,0,0,0,0,0,0,0	1624	75
5756	57,75,57,59,69,66,39,49,71,68	0,1,0,0,0,0,0,0,0,0	49,74,55,72,47,64,64,46,44,56	0,0,0,0,0,0,0,0,0,0	348	75
5757	0,3,0,0,0,1,2,0,0,1	59,51,47,61,56,65,46,38,58,38	0,0,1,1,0,0,0,1,0,0	53,50,43,54,47,43,53,33,46,49	107	75
5758	21,17,25,27,23,22,15,23,27,26	1,1,3,2,2,0,0,1,1,1	20,24,22,27,17,24,24,26,30,20	0,3,1,0,1,0,1,1,2,1	91	75
5759	0,0,0,1,0,0,0,0,0,0	2,3,4,0,2,1,1,2,1,1	1,0,0,1,0,0,0,0,0,0	1,1,1,1,2,4,2,5,1,0	125	75
5760	27,19,21,9,24,19,18,14,17,24	0,0,0,0,2,0,1,0,0,0	21,20,18,22,16,13,18,29,20,22	0,0,2,0,0,0,1,3,0,1	80	75
5761	0,0,0,0,0,3,0,0,0,0	98,73,85,59,65,80,61,65,72,78	1,0,0,0,0,2,1,0,0,0	54,71,47,70,64,79,69,65,59,68	99	75
5766	4,2,3,2,1,1,2,6,0,0	70,61,80,48,62,46,59,55,65,84	3,3,0,1,3,2,0,1,0,1	48,76,61,54,59,62,51,65,60,51	178	75
5767	6,6,7,5,6,6,2,8,6,9	7,8,7,5,1,8,2,6,9,4	10,12,9,7,7,9,9,10,11,10	3,6,9,12,10,4,7,7,3,6	78	75
5768	2,1,3,2,3,0,2,0,1,1	1,0,2,1,0,0,0,1,0,0	2,0,4,3,0,2,0,1,1,2	0,0,2,1,0,1,0,3,1,2	78	75
5769	46,46,63,52,49,41,39,35,45,41	4,4,2,4,3,5,5,10,4,6	58,46,41,35,52,68,58,42,53,44	7,6,3,5,3,2,6,2,4,7	78	75
5770	0,0,0,0,0,0,0,0,3,0	10,5,5,5,3,3,5,7,4,7	0,1,0,0,0,0,0,0,0,0	7,10,5,1,5,3,9,2,2,5	84	75
5771	1,1,4,1,0,1,0,2,1,0	46,39,44,32,43,30,45,34,44,34	1,1,1,1,1,0,1,1,0,1	51,48,42,30,42,41,44,25,44,46	347	75
5772	78,76,85,46,70,58,46,45,45,46	0,0,0,0,0,0,0,0,0,0	50,76,60,56,57,72,57,56,51,58	0,0,1,0,0,0,2,0,0,1	276	75
5779	0,2,2,0,2,3,1,3,0,0	12,22,11,13,16,21,10,5,14,16	0,5,0,3,3,0,1,4,2,1	9,16,13,14,8,13,9,13,15,11	78	75
5780	11,7,15,14,8,8,5,6,10,13	0,0,2,1,3,3,1,2,0,0	12,7,6,14,13,16,14,24,9,5	0,1,3,2,1,0,0,0,0,1	79	75
5781	55,52,55,63,55,67,44,46,49,47	0,0,0,2,0,0,0,0,2,1	55,66,61,49,58,48,55,49,52,57	1,0,0,2,1,0,0,0,0,1	119	75
5783	47,31,50,33,36,38,29,35,27,41	0,2,1,5,1,2,4,1,6,4	28,35,34,39,25,38,27,31,31,27	3,1,6,4,0,1,1,0,2,4	101	75
5785	144,158,143,138,148,138,111,120,140,117	2,0,3,2,0,4,6,2,2,1	136,172,135,130,138,130,141,120,158,125	2,5,2,2,4,3,4,1,1,4	97	75
5786	152,146,177,119,124,129,125,124,116,165	14,10,8,7,1,3,2,8,9,10	149,144,133,122,146,140,157,138,120,135	6,7,5,7,4,3,5,7,6,4	96	75
5788	1,1,4,0,0,2,0,0,0,0	0,0,0,0,0,0,0,0,0,0	0,0,1,1,1,1,3,2,2,1	0,1,0,0,0,0,0,0,0,0	307	75
5791	4,7,6,4,5,4,5,7,2,5	0,0,0,0,0,0,2,0,0,0	4,10,6,3,1,4,9,3,2,4	0,0,0,0,2,0,0,0,0,0	78	75
5792	1,0,2,1,1,1,2,0,0,2	0,0,0,0,0,0,0,0,0,1	2,2,3,0,2,1,0,0,1,1	0,0,0,0,0,0,0,0,0,0	78	75
5793	0,0,1,0,0,0,1,0,1,1	0,0,1,0,0,0,0,0,0,0	0,0,0,0,1,0,0,1,0,1	0,0,0,0,0,0,0,0,0,0	105	75
5794	17,20,18,8,7,13,13,8,5,8	0,4,1,0,2,0,1,1,0,0	12,13,9,13,9,7,12,7,16,12	0,1,1,0,1,0,0,0,0,0	168	75
5795	45,41,34,44,48,45,36,44,38,34	0,0,0,0,0,0,0,0,0,0	39,43,36,36,42,37,44,39,43,40	0,0,0,0,1,0,0,0,0,0	1760	75
5796	12,8,7,8,8,5,4,4,3,4	0,1,0,2,1,1,0,1,2,1	4,6,4,5,9,4,5,4,9,3	2,0,3,2,2,0,0,0,0,2	79	75
5798	4,3,7,5,2,2,10,4,6,7	44,36,63,49,36,50,48,27,35,45	4,5,10,3,4,10,6,6,3,8	36,40,36,29,56,39,40,32,53,27	99	75
5799	34,29,41,33,29,39,30,17,40,50	0,0,0,0,0,0,0,0,0,0	22,31,37,33,37,27,41,46,32,25	0,0,0,1,0,0,0,0,0,1	78	75
5800	17,24,15,12,20,19,18,25,16,10	7,5,0,4,4,7,6,5,4,3	11,20,15,16,18,17,12,18,21,24	2,4,4,3,3,3,2,8,9,3	78	75
5801	0,0,0,0,0,0,0,0,0,0	16,22,20,21,20,10,17,21,16,28	0,0,0,1,0,0,0,0,0,0	20,15,23,19,28,17,28,17,19,19	90	75
5802	25,19,19,32,25,15,17,20,21,35	8,6,4,6,4,3,5,1,6,5	27,27,19,13,26,24,25,23,25,25	3,4,9,6,7,6,6,6,6,0	78	75
5804	21,22,25,14,16,16,19,19,21,20	23,9,15,16,11,10,15,16,16,11	16,17,23,19,12,30,18,7,11,8	14,12,16,12,22,17,16,15,8,3	78	75
5805	1,0,0,4,2,2,0,2,0,5	7,17,12,7,12,12,7,9,8,5	1,3,0,2,0,1,2,0,0,0	12,18,9,3,3,8,8,5,8,6	92	75
5806	24,10,10,13,15,14,19,18,10,12	2,2,4,4,6,1,4,3,2,3	9,14,13,21,15,15,12,13,6,12	5,4,1,2,1,3,0,3,3,1	134	75
5807	30,27,22,16,25,24,26,25,18,12	2,2,4,4,6,1,4,3,2,3	20,29,22,22,18,22,18,18,14,18	5,4,1,2,1,3,0,3,3,1	117	75
5808	460,448,520,363,411,355,357,326,396,430	29,19,19,9,30,13,12,11,15,27	461,416,422,387,396,509,522,382,413,411	18,26,26,27,22,24,32,18,28,16	126	75
5809	777,732,803,615,718,617,562,581,667,663	0,0,0,0,0,1,0,0,0,0	657,664,647,687,665,762,732,629,636,642	0,0,0,0,0,0,0,0,0,0	101	75
5810	153,122,140,123,125,138,119,108,131,164	0,2,1,0,0,0,2,0,0,0	111,142,117,112,114,149,135,125,113,115	1,3,0,2,2,2,0,0,1,1	421	75
5811	33,31,22,22,30,34,24,23,28,25	20,17,26,22,19,14,23,19,23,21	25,36,32,25,25,35,21,36,29,19	29,27,10,15,23,13,16,12,16,18	163	75
5812	22,20,11,13,24,22,14,7,21,16	1,0,1,0,0,1,0,0,0,1	13,25,23,15,16,18,16,17,22,9	1,0,0,0,1,0,0,0,0,0	163	75
5813	0,1,2,1,4,2,0,0,4,1	27,29,28,20,26,25,15,14,29,40	0,2,2,0,1,0,1,0,1,1	36,37,19,32,27,27,19,23,16,18	157	75
5814	4,2,3,0,1,5,2,8,4,7	0,0,0,0,0,0,0,0,0,0	5,8,6,6,6,2,5,4,3,5	0,0,0,0,0,0,0,0,0,1	88	75
5815	5,3,4,1,2,8,3,10,6,9	1,0,0,1,0,2,0,2,0,0	7,8,7,6,8,2,6,6,4,8	0,2,2,2,0,0,0,0,0,0	116	75
5816	1,1,1,1,1,3,1,2,2,2	1,0,0,1,0,2,0,2,0,0	2,0,1,0,2,0,1,2,1,4	0,2,2,2,0,0,0,0,0,0	103	75
5817	0,0,0,0,0,0,0,0,0,0	0,0,1,0,0,0,0,0,0,0	0,0,0,0,0,0,0,0,1,0	0,0,0,0,1,0,7,0,0,1	177	75
5820	0,0,0,0,0,0,0,0,0,0	1,1,0,0,0,0,0,0,1,0	0,0,0,0,0,1,0,0,0,1	0,0,0,1,0,0,0,0,0,1	82	75
5821	3,0,1,1,0,0,1,0,0,0	94,111,106,94,81,81,100,72,81,84	1,0,0,1,5,1,0,1,4,0	118,97,87,78,98,93,111,80,72,77	194	75
5822	58,54,61,38,58,50,52,35,60,57	86,56,94,72,63,82,80,60,66,64	63,51,55,48,53,44,71,50,59,62	98,70,69,80,74,72,65,71,73,62	84	75
5824	6,0,6,8,4,3,4,4,5,8	2,1,1,1,1,0,0,3,1,0	8,7,7,4,5,7,7,5,5,6	1,1,0,2,0,1,1,2,1,2	83	75
5825	21,33,32,28,30,21,19,24,38,19	0,0,0,0,0,0,0,0,0,0	36,27,25,31,21,26,36,29,28,26	0,0,0,0,0,0,1,0,1,0	83	75
5826	0,0,0,3,0,0,0,0,0,0	0,0,0,0,0,0,1,0,1,0	0,1,0,0,1,0,2,0,0,0	0,0,0,0,0,0,0,0,0,0	149	75
5830	469,464,522,396,400,396,389,345,333,397	0,0,1,0,0,0,0,1,1,0	343,446,431,395,396,404,453,347,400,428	1,1,1,0,0,0,1,1,0,0	347	75
5832	66,43,39,39,29,42,39,45,36,29	1,3,1,0,0,1,1,1,0,5	36,48,50,19,41,38,42,56,43,51	1,1,4,2,5,0,3,0,0,1	78	75
5833	131,96,105,88,106,122,91,104,115,107	0,1,2,0,0,0,1,0,0,0	107,119,121,112,122,122,137,114,98,97	0,1,0,0,0,0,0,0,0,2	232	75
5834	3,4,1,0,4,0,2,0,0,3	78,89,74,86,84,83,90,68,72,79	1,3,2,0,2,2,1,2,3,1	72,86,84,86,75,76,84,91,74,74	99	75
5835	0,1,1,0,1,0,2,0,0,0	7,7,7,12,12,8,6,10,8,9	0,2,0,1,0,0,0,0,0,2	7,5,8,9,13,10,9,7,11,7	90	75
5836	0,1,1,0,1,0,3,0,1,0	73,47,67,60,58,59,41,45,56,68	0,2,0,1,0,1,0,0,0,2	52,70,42,53,44,59,42,54,50,47	93	75
5837	7,7,7,12,12,8,7,10,9,9	73,47,67,60,58,59,41,45,56,68	7,5,8,9,13,11,9,7,11,7	52,70,42,53,44,59,42,54,50,47	78	75
5838	23,11,25,20,23,22,16,16,20,26	31,20,25,29,34,20,22,19,23,27	23,15,21,13,16,21,19,23,17,13	23,25,20,26,34,22,29,28,34,19	78	75
5839	109,97,126,129,91,112,109,84,89,93	0,0,0,0,0,0,0,0,0,0	79,124,94,109,99,116,111,93,94,87	0,0,0,0,0,0,0,0,1,0	79	75
5840	1,0,1,0,0,1,1,2,0,2	2,5,1,2,0,0,4,1,6,2	1,0,0,0,3,0,0,0,0,0	4,2,3,3,3,4,7,1,1,4	125	75
5842	63,59,57,45,55,68,44,37,57,68	3,4,1,1,5,10,6,4,2,6	46,72,63,61,70,65,54,68,51,53	11,8,5,10,8,7,6,4,4,2	81	75
5843	107,91,86,76,83,84,81,65,90,68	12,12,19,16,14,18,19,12,18,21	83,105,77,107,78,74,98,110,90,123	13,22,17,22,11,13,14,17,20,18	111	75
5844	66,77,74,79,77,65,63,72,52,83	26,10,11,16,7,18,10,18,8,20	76,81,85,71,58,79,79,79,72,63	15,26,11,24,11,12,10,17,9,12	78	75
5845	33,45,43,30,23,42,32,19,32,34	7,9,11,4,7,6,13,13,8,7	33,36,25,25,29,33,32,22,26,26	13,8,8,9,10,3,12,12,5,13	78	75
5846	1,0,1,1,1,3,1,2,1,2	4,3,7,6,7,6,3,3,8,2	1,0,0,1,0,0,0,0,1,1	5,5,7,9,7,5,5,3,3,4	97	75
5847	56,50,59,44,39,38,39,36,49,59	0,0,0,0,0,0,0,0,0,0	32,43,43,44,41,50,32,37,38,29	0,1,0,0,2,0,0,0,0,0	265	75
5849	0,0,0,0,1,1,0,0,0,0	1,0,0,1,0,0,1,1,0,1	0,1,0,0,0,0,0,0,0,0	2,0,0,0,0,0,0,0,0,0	78	75
5850	2,3,0,3,1,0,2,3,3,1	8,7,7,8,8,4,18,18,10,12	1,1,2,1,0,0,1,4,0,1	8,10,7,16,6,14,7,14,8,7	78	75
5852	1,1,1,1,1,6,0,4,1,0	21,22,15,22,18,16,19,20,23,13	4,0,3,2,2,4,6,0,4,2	21,25,15,16,27,22,26,19,25,15	133	75
5853	24,23,26,20,19,16,28,26,20,26	2,2,0,0,1,0,2,1,1,0	15,16,26,29,20,16,24,17,29,24	0,0,0,0,0,0,0,0,1,1	80	75
5854	7,8,5,7,6,5,6,4,3,6	9,13,7,12,7,8,7,3,6,5	3,9,2,3,3,10,2,7,6,3	3,6,8,5,8,15,8,5,8,4	250	75
5855	26,23,13,17,18,21,25,20,13,24	0,0,0,0,0,0,0,0,0,0	16,17,13,11,9,25,18,14,19,15	0,0,0,0,0,1,0,0,0,0	410	75
5856	8,4,2,4,5,3,1,3,0,1	59,32,45,44,41,29,31,32,41,47	1,4,1,2,2,4,2,3,2,2	38,44,45,37,44,42,52,39,36,40	78	75
5857	145,166,139,153,131,132,141,110,154,131	0,0,0,0,0,0,1,0,0,0	120,158,120,133,138,126,122,146,144,140	0,0,0,0,0,0,0,0,0,0	698	75
5858	153,151,141,111,121,125,107,104,104,108	1,0,0,0,0,0,0,1,0,0	125,119,102,112,121,112,114,115,111,129	0,0,0,2,0,1,0,0,0,1	280	75
5859	35,46,41,34,29,37,25,28,23,33	1,0,1,0,4,1,1,0,0,1	38,53,28,29,21,47,32,38,24,33	1,0,0,0,1,0,0,0,1,2	312	75
5860	7,8,11,6,1,8,12,6,10,6	29,24,32,24,28,18,27,20,35,37	0,0,1,1,4,0,4,3,1,0	23,44,26,41,33,37,37,28,31,36	114	75
5861	52,62,57,38,49,50,51,52,47,48	0,0,0,1,0,0,0,1,0,0	47,62,44,56,54,56,47,57,44,42	1,3,0,1,0,1,0,0,0,0	79	75
5864	0,0,0,0,0,0,0,0,0,0	0,0,0,0,0,0,0,2,0,2	0,1,0,0,0,0,0,0,0,0	0,1,0,0,0,2,0,0,0,0	110	75
5865	8,10,9,6,7,6,7,4,10,6	0,1,1,0,1,1,0,0,1,0	8,8,3,2,5,5,6,4,4,5	0,1,0,1,2,2,2,1,0,0	129	75
5866	3,2,3,3,6,0,5,4,3,8	0,0,0,0,0,1,0,0,1,0	7,5,4,2,2,1,2,3,1,4	1,0,0,0,0,0,1,0,0,1	172	75
5867	5,2,2,3,6,1,6,5,4,9	0,0,0,0,0,1,0,0,1,0	8,6,5,3,2,1,3,3,4,4	1,0,0,0,0,0,1,0,0,1	363	75
5868	2,1,0,1,1,1,2,1,1,3	0,1,1,1,1,0,1,0,0,2	1,2,1,1,0,0,2,0,3,2	0,1,0,0,0,0,1,0,0,2	266	75
5870	3,3,3,4,2,2,0,4,4,3	0,0,0,0,0,0,0,1,0,0	2,7,10,3,1,4,3,3,3,9	0,0,0,0,0,0,0,0,0,0	77	75
5871	7,6,5,5,1,13,2,5,2,2	0,0,0,0,1,0,1,1,0,0	3,7,2,7,9,6,7,9,2,7	0,1,0,4,0,0,1,1,1,0	103	75
5872	76,76,78,79,58,76,71,76,46,73	40,39,31,37,36,35,29,30,25,34	78,76,72,74,71,87,75,79,72,83	30,40,34,26,42,35,30,48,36,29	78	75
5873	4,2,2,1,1,1,3,4,1,1	0,0,0,0,0,0,0,0,0,0	3,4,2,3,5,1,2,3,2,0	0,0,0,0,0,0,0,0,0,1	78	75
5874	2,0,5,2,5,2,4,1,5,3	3,2,4,2,0,2,5,2,8,6	2,3,3,1,0,0,3,3,1,2	1,2,2,0,1,3,3,0,0,2	129	75
5875	4,2,6,5,6,2,5,3,9,6	53,46,46,44,45,41,30,48,44,51	3,1,4,2,0,3,3,6,1,5	52,53,44,36,35,65,52,36,41,57	129	75
5877	1,0,0,0,0,0,0,0,0,0	4,4,3,2,2,11,0,2,0,7	0,0,0,1,0,1,0,0,0,0	3,2,4,6,1,3,4,3,7,5	83	75
5878	2,1,1,1,1,2,2,2,0,1	2,1,3,2,1,3,0,3,0,1	1,0,1,0,1,2,2,0,0,5	1,2,3,1,2,0,1,0,0,5	129	75
5879	837,849,868,779,794,711,637,689,787,794	45,54,52,39,33,31,48,34,32,44	822,829,775,832,796,815,849,710,783,703	50,40,49,58,41,47,35,37,44,40	178	75
5883	454,450,481,394,377,375,348,365,426,442	0,0,2,0,0,0,1,0,1,1	442,433,405,422,411,465,447,400,375,342	0,0,0,2,0,0,2,0,0,0	124	75
5886	0,3,2,4,1,1,1,0,3,0	66,59,69,69,53,54,50,48,45,54	2,2,2,2,0,1,3,4,2,0	59,57,44,57,51,50,61,49,59,56	238	75
5887	6,11,9,5,5,13,5,11,10,7	8,12,13,13,13,17,7,9,4,14	15,5,7,3,13,7,7,5,12,13	33,19,12,10,11,14,22,15,18,22	78	75
5888	19,20,18,19,17,21,24,19,16,17	22,21,15,11,6,14,9,10,13,13	18,31,15,22,17,30,19,16,17,16	15,18,7,19,13,15,12,6,7,7	121	75
5889	0,0,3,0,0,0,0,1,0,0	0,0,0,0,0,0,0,1,0,0	0,0,1,0,0,1,1,0,0,0	1,0,0,0,0,0,0,0,0,0	78	75
5890	0,0,0,0,0,0,1,0,0,0	0,0,0,0,0,0,0,0,0,0	0,1,0,1,0,0,0,0,0,0	0,0,0,0,1,0,0,0,0,0	78	75
5892	49,56,71,60,55,45,57,69,54,68	0,1,1,0,0,0,0,2,1,0	51,89,50,50,48,78,45,65,55,66	0,0,3,0,2,0,0,0,0,1	134	75
5895	92,91,81,67,76,73,54,48,61,71	10,14,15,11,7,12,6,12,10,5	71,81,64,63,66,66,81,75,72,68	13,18,9,11,10,14,9,7,11,15	84	75
5896	3,2,1,3,1,4,2,3,1,7	0,0,0,0,0,0,0,0,0,0	2,0,0,1,3,1,5,5,5,6	1,0,0,0,0,0,0,0,0,0	141	75
5898	190,170,176,137,161,163,132,138,142,182	0,0,1,0,0,0,0,0,0,0	155,172,132,150,163,167,158,149,148,146	0,0,0,0,0,0,0,0,0,0	76	75
5899	207,180,197,155,173,178,141,149,147,198	19,11,6,8,8,9,7,6,10,5	170,183,140,164,176,179,170,162,155,162	7,15,5,9,16,7,9,1,9,8	87	75
5900	17,10,22,18,12,15,9,11,5,16	19,11,6,8,8,9,7,6,10,5	15,11,8,14,13,12,12,13,7,16	7,15,5,9,16,7,9,1,9,8	86	75
5901	153,183,138,134,125,133,114,125,126,140	1,2,2,2,1,0,0,2,1,1	124,157,121,123,145,134,116,137,106,128	0,1,0,1,1,3,0,1,0,3	162	75
5902	0,1,0,0,0,0,1,0,0,2	87,72,95,103,63,81,84,71,80,77	2,3,0,0,0,1,1,0,3,0	80,87,73,78,97,69,85,63,77,62	173	75
5903	0,0,0,0,2,1,1,0,0,0	94,93,93,99,81,80,90,78,91,91	1,0,0,0,0,2,0,0,1,0	81,83,80,77,93,76,91,87,84,57	268	75
5904	18,21,9,20,9,13,15,15,6,11	1,1,0,2,1,0,1,0,2,2	11,11,9,10,11,13,11,6,14,11	0,1,2,0,1,0,2,0,0,1	93	75
5905	14,19,5,20,14,13,16,9,5,14	1,0,1,0,1,0,3,3,0,3	13,7,3,11,15,11,14,11,12,9	2,0,0,1,1,1,3,1,0,0	93	75
5906	5,4,0,4,6,6,3,2,3,3	4,1,3,1,4,1,5,0,3,2	1,2,1,4,3,2,1,2,3,1	2,1,4,3,1,5,5,3,2,0	100	75
5907	27,32,38,23,24,13,14,22,29,32	0,0,0,0,0,0,0,0,0,3	31,33,24,45,21,25,21,28,35,13	0,1,0,0,0,0,0,0,0,0	209	75
5908	12,16,13,13,7,15,14,8,8,8	4,0,0,3,2,2,1,1,4,2	20,14,8,13,10,12,10,12,8,9	2,1,2,1,4,1,0,1,0,3	78	75
5909	0,0,0,0,0,0,0,0,0,0	2,0,0,0,1,0,0,0,1,1	0,0,0,0,0,0,0,0,1,0	0,1,0,1,0,0,2,0,1,0	79	75
5910	3,2,8,2,4,11,10,6,6,7	131,129,114,121,115,117,109,98,119,109	7,8,5,7,8,6,1,7,9,4	95,134,120,89,118,121,115,100,124,120	137	75
5911	12,7,9,6,4,8,4,9,4,10	10,7,3,10,8,5,5,6,8,9	11,4,8,8,4,3,6,9,8,14	5,9,8,6,8,3,7,9,6,15	249	75
5912	2,4,0,1,1,0,0,0,2,1	17,14,15,8,7,12,10,6,10,7	1,2,2,4,3,0,1,1,1,1	14,12,10,11,14,8,15,11,11,8	89	75
5913	3,7,7,6,6,7,13,7,9,10	266,280,275,234,250,268,223,184,236,263	5,4,14,11,7,6,9,6,5,8	261,218,227,228,236,259,291,232,239,273	341	75
5914	62,51,73,60,66,61,43,62,62,50	5,7,1,3,6,4,4,2,3,4	57,57,50,64,62,47,72,52,50,55	5,11,3,9,6,2,5,10,6,1	169	75
5915	1,5,1,7,4,1,6,2,1,6	0,0,0,0,0,0,0,0,0,0	5,5,5,4,3,2,5,4,4,5	1,0,0,0,0,0,0,0,0,0	81	75
5916	97,99,108,128,112,94,83,84,86,91	1,2,2,1,2,0,0,1,0,1	116,92,110,93,102,130,105,85,89,97	1,2,1,2,1,3,0,3,3,0	151	75
5918	33,28,46,27,41,38,30,31,32,39	1,0,4,1,0,0,0,1,1,0	36,33,29,39,19,30,37,26,29,34	0,1,1,0,0,0,0,0,0,1	105	75
5919	97,76,70,66,67,61,64,62,70,64	95,92,78,88,68,92,80,67,95,73	69,96,84,75,62,62,84,76,69,68	67,108,93,79,108,103,103,89,75,86	78	75
5920	4,3,5,0,1,3,0,2,3,1	0,0,0,0,0,0,0,1,0,0	5,0,0,3,2,1,0,1,1,0	0,0,0,0,0,1,0,0,0,1	171	75
5922	16,15,9,11,12,16,14,11,6,4	0,0,2,1,0,0,0,1,1,0	10,6,12,11,16,11,9,5,9,9	1,6,0,3,0,1,0,1,2,3	78	75
5923	11,10,14,10,13,10,12,13,22,16	3,4,3,9,6,10,2,4,2,7	9,7,12,12,6,12,14,5,15,5	2,5,5,4,2,4,11,3,5,4	78	75
5925	49,35,56,43,41,25,25,41,46,38	3,2,5,2,6,1,0,4,3,6	47,61,25,32,39,37,34,33,32,26	5,2,2,7,4,2,2,5,2,3	134	75
5926	70,55,100,65,67,42,52,59,67,67	0,0,0,0,0,0,0,0,0,0	66,87,48,50,66,77,49,43,53,39	0,0,0,0,0,0,0,0,0,1	134	75
5927	0,0,0,2,4,1,3,0,0,0	19,27,25,19,23,22,15,10,19,22	0,2,1,1,3,1,1,3,5,2	33,33,30,19,20,18,26,17,23,26	125	75
5928	9,15,10,6,5,5,8,6,4,9	0,0,0,1,0,0,0,0,0,1	6,15,13,10,10,10,14,8,4,8	1,2,0,4,0,0,2,1,2,1	78	75
5929	1,0,1,0,0,0,0,0,0,0	2,5,6,7,3,5,7,5,2,8	1,0,0,1,0,0,0,0,0,0	4,5,6,5,1,1,5,6,8,6	133	75
5931	279,310,335,283,261,265,221,216,249,324	2,0,0,0,1,2,0,0,0,0	261,335,363,271,298,258,236,292,243,211	0,0,1,0,0,0,0,0,1,1	213	75
5932	385,357,383,307,330,275,291,268,350,361	14,14,21,15,13,9,10,13,22,16	332,306,335,316,307,374,353,302,269,280	13,8,12,19,17,15,16,6,11,13	124	75
5935	24,22,26,28,22,28,23,19,33,20	23,32,23,27,32,15,14,22,17,17	24,32,24,17,27,23,30,33,29,18	27,28,16,17,35,28,32,17,16,26	78	75
5936	0,0,0,0,0,0,0,0,0,0	0,0,1,0,0,0,0,0,0,0	0,0,0,0,1,0,0,0,0,0	0,0,0,0,2,0,0,0,0,0	78	75
5937	0,0,0,0,0,0,0,0,0,1	0,1,0,0,0,0,0,0,0,0	0,0,0,0,0,0,0,0,1,2	0,0,0,0,0,0,0,0,0,0	78	75
5938	0,0,0,0,0,0,0,0,0,1	96,70,95,85,58,97,89,69,65,88	1,0,0,1,0,0,0,2,0,0	82,103,79,88,84,98,93,90,79,85	109	75
5940	0,5,1,1,0,2,1,4,1,1	0,0,0,1,1,2,4,1,1,6	0,1,1,4,1,3,2,1,1,1	0,0,1,1,2,0,2,0,1,2	109	75
5941	15,22,15,18,21,25,22,22,20,23	2,1,5,4,2,3,1,5,1,1	20,24,20,12,22,23,29,28,18,22	4,2,1,4,1,5,1,2,2,0	79	75
5943	6,4,2,3,4,1,1,2,1,2	449,309,415,323,336,280,256,355,315,414	1,6,6,2,1,4,3,1,1,1	233,453,283,263,253,398,289,229,220,196	81	75
5944	0,0,0,0,0,0,0,0,0,0	1,0,1,2,0,1,3,1,0,0	0,0,0,1,0,0,0,0,0,1	0,4,1,0,0,2,2,0,0,0	148	75
5947	0,0,1,2,0,1,0,0,2,5	0,0,0,0,0,0,0,0,0,0	0,1,0,3,0,3,1,1,1,0	0,0,0,0,0,1,0,0,1,0	114	75
5948	0,0,0,0,0,0,0,0,0,0	57,74,60,45,58,57,56,47,63,55	0,0,1,1,0,0,0,0,0,0	66,62,60,49,58,56,71,61,50,61	123	75
5952	6,6,1,2,3,2,5,0,9,3	1,0,1,0,0,1,0,2,0,0	6,2,5,1,0,13,3,6,1,2	1,0,2,3,0,0,0,1,0,0	113	75
5953	73,89,86,85,70,82,66,72,69,72	6,9,9,10,13,13,11,3,7,4	67,70,66,71,59,84,84,52,63,69	7,14,6,4,6,11,8,5,7,4	91	75
5954	120,129,142,110,111,124,113,90,111,128	0,0,0,0,0,1,0,0,0,0	125,133,141,134,104,105,127,125,123,114	0,0,0,1,1,0,0,0,0,0	115	75
5955	0,3,0,0,0,0,1,1,0,0	26,34,24,28,26,25,15,24,32,29	0,1,2,1,0,0,0,1,1,1	17,40,14,15,19,24,21,18,13,19	219	75
5957	13,4,7,6,8,4,14,10,10,10	5,1,2,4,4,2,2,3,1,3	8,9,6,8,4,7,6,8,10,9	1,3,1,3,3,4,3,4,4,2	78	75
5958	46,35,35,51,32,38,26,27,35,28	0,0,0,0,0,0,0,0,0,0	23,32,29,25,34,39,23,38,29,30	0,0,0,1,0,0,0,0,0,0	94	75
5960	87,80,108,82,70,76,53,63,65,56	2,1,1,0,4,1,0,2,6,1	66,64,71,71,76,94,78,69,53,38	2,2,0,2,0,2,1,1,5,5	78	75
5961	3,0,1,0,0,0,2,0,1,0	137,124,138,123,106,118,130,121,126,125	1,0,1,0,2,0,2,1,0,0	138,141,132,106,131,154,132,117,125,96	136	75
5962	62,56,59,56,41,41,40,38,55,52	0,0,0,1,0,0,0,0,0,0	50,55,44,38,45,58,51,39,32,28	0,0,0,0,0,0,0,2,0,2	80	75
5965	178,174,175,149,185,153,144,118,140,144	0,0,0,0,2,0,0,0,1,0	151,190,156,172,148,178,170,149,164,147	0,0,1,0,0,1,0,0,0,0	160	75
5966	15,11,17,6,5,15,12,12,15,12	12,11,5,2,3,7,1,3,5,4	7,11,7,21,24,15,13,9,6,13	5,4,4,1,4,0,3,5,3,9	81	75
5967	0,0,3,0,0,0,0,2,0,0	28,23,31,21,15,15,24,24,27,16	0,0,0,0,0,0,0,0,1,0	21,30,8,19,24,25,23,12,17,23	93	75
5968	88,78,77,49,53,63,58,73,62,54	0,0,3,0,1,1,1,1,1,3	66,55,33,48,49,83,74,56,51,79	1,0,0,2,1,0,2,0,1,2	158	75
5971	79,70,81,70,54,70,72,80,67,73	0,0,0,0,0,0,0,0,1,0	56,65,37,49,69,61,45,50,45,48	0,0,0,0,0,0,0,0,0,0	1165	75
5972	488,487,550,420,388,436,456,397,462,418	0,0,0,0,0,0,1,0,0,0	494,407,396,403,442,460,549,368,405,441	0,0,0,0,0,1,0,0,0,0	244	75
5974	2,3,5,1,2,4,4,3,3,4	1,3,3,0,0,1,5,1,3,0	5,5,2,2,4,2,5,4,1,2	1,5,0,0,3,0,1,1,4,2	90	75
5975	2,1,0,1,6,4,2,1,2,2	0,0,0,0,0,0,0,0,0,0	1,3,0,0,2,2,1,2,0,3	0,0,0,0,0,1,0,0,0,0	89	75
5977	47,55,40,47,46,54,38,48,65,35	0,0,0,0,0,0,0,0,0,0	39,60,39,45,44,39,43,49,41,45	0,0,0,0,0,1,0,0,0,0	815	75
5978	265,288,273,250,225,242,215,208,232,226	4,6,2,5,3,12,8,5,4,5	229,209,242,221,233,250,282,196,224,213	2,3,3,4,3,2,7,1,2,4	78	75
5979	19,18,25,24,17,10,24,26,23,21	4,6,2,5,3,12,8,5,4,5	19,20,6,15,20,17,11,11,9,14	2,3,3,4,3,2,7,1,2,4	461	75
5980	18,18,25,24,17,10,24,26,22,21	264,288,273,250,225,242,215,208,231,226	19,20,6,15,20,16,10,11,9,14	229,209,242,221,233,249,281,196,224,213	458	75
5981	1,3,1,0,2,0,1,1,0,0	19,14,13,9,14,14,17,16,19,25	1,3,1,1,0,0,2,1,1,0	11,32,18,17,13,17,15,21,20,6	96	75
5982	248,236,270,256,192,273,231,191,227,236	3,7,3,3,6,3,7,2,3,4	246,262,215,212,243,265,289,236,278,221	4,8,7,4,3,2,4,6,4,6	81	75
5988	1,0,3,2,1,0,2,2,3,4	2,2,3,0,3,2,2,2,4,2	1,1,4,1,0,4,1,4,1,1	2,3,0,3,3,3,0,4,5,2	244	75
5989	77,67,100,73,71,53,66,69,68,66	31,24,22,23,24,26,17,26,27,24	66,66,65,60,97,79,79,54,57,47	19,22,21,22,22,18,24,22,26,30	78	75
5990	1339,1239,1350,1237,1205,1016,1011,925,1231,1200	0,1,0,1,0,0,2,0,2,0	1220,1208,1240,1107,1231,1213,1105,999,1091,1016	0,1,1,0,0,0,0,0,0,1	106	75
5991	1040,953,1008,898,830,773,769,671,858,940	0,0,0,0,0,0,0,0,0,0	926,963,872,820,926,973,809,799,856,787	0,0,0,1,0,0,0,0,0,1	83	75
5992	0,0,6,0,2,1,0,2,0,0	72,50,69,57,47,70,62,44,46,49	3,2,2,1,0,1,0,2,1,0	52,53,61,45,48,55,54,44,49,42	99	75
5993	81,103,76,79,83,72,94,77,85,75	0,0,0,0,0,1,0,1,0,1	92,99,82,87,90,75,88,85,75,45	0,0,1,0,0,0,0,0,0,0	297	75
5995	0,0,0,0,1,0,1,1,0,0	22,32,36,29,32,25,17,27,31,18	1,0,1,0,0,0,0,0,0,2	17,31,18,34,24,28,25,18,14,20	91	75
5996	3,3,3,2,12,8,10,2,8,8	2,2,5,2,2,6,2,4,2,0	3,4,8,9,4,13,13,7,10,10	3,4,4,1,1,0,2,3,5,1	127	75
5997	70,72,77,65,62,51,61,51,56,61	0,1,5,2,3,1,0,3,0,2	64,69,69,54,87,76,75,59,52,61	1,0,3,0,2,0,5,2,3,5	110	75
5998	183,176,175,168,156,174,165,161,164,143	0,0,0,0,0,0,0,0,0,0	164,170,156,193,161,162,193,179,144,154	0,0,0,0,0,0,0,0,1,0	1742	75
5999	9,4,10,6,6,9,1,3,3,5	85,88,98,79,72,86,65,65,79,87	7,4,4,8,5,2,6,4,2,4	82,95,87,77,57,71,86,87,69,79	78	75
6001	2,3,4,6,10,2,3,2,9,2	0,0,0,0,0,0,0,0,0,0	1,5,4,6,10,5,3,2,1,5	0,0,0,0,0,0,1,0,0,0	77	75
6003	0,1,0,1,0,0,0,0,0,0	2,6,5,6,2,2,5,4,6,6	0,0,0,1,0,3,0,1,0,0	5,1,5,4,5,4,2,6,3,8	78	75
6004	5,8,2,5,4,5,9,4,4,4	65,70,105,72,56,57,58,49,63,55	11,9,7,3,4,4,8,4,15,5	65,57,65,55,60,66,84,65,85,66	151	75
6005	146,136,138,143,119,129,117,133,112,118	11,10,4,3,9,10,5,4,4,6	156,148,110,126,130,128,145,112,146,141	4,11,4,3,4,3,9,10,11,6	78	75
6006	26,25,34,26,22,23,19,29,23,31	0,0,2,1,2,0,0,1,3,0	18,25,19,16,29,30,17,19,28,26	2,1,2,2,3,3,3,3,1,3	103	75
6007	21,19,12,19,21,13,11,21,11,10	0,3,4,4,4,7,7,3,0,2	21,23,16,10,18,29,13,14,13,10	2,7,1,5,8,2,7,8,9,2	78	75
6008	2,3,0,0,0,3,0,2,0,3	0,0,0,0,0,0,0,0,1,0	0,2,1,2,1,0,2,2,2,2	0,0,0,0,0,0,0,0,0,0	135	75
6010	27,25,30,26,20,33,25,13,30,44	410,382,449,409,373,452,393,361,433,456	25,35,26,27,27,30,34,24,25,27	418,403,423,399,454,410,400,436,408,359	96	75
6012	0,1,2,0,3,0,0,1,0,0	25,12,19,10,13,18,15,19,18,15	0,1,0,0,2,0,0,1,3,2	10,10,13,11,18,14,10,11,11,11	112	75
6013	35,36,33,38,35,32,25,27,40,41	1,1,2,1,2,0,0,0,1,0	33,32,35,40,37,43,40,36,30,26	2,3,1,2,1,2,4,0,1,1	108	75
6015	84,64,66,67,71,56,68,68,79,93	141,155,158,157,142,137,127,124,141,164	66,91,95,76,68,75,83,72,75,73	155,125,120,136,172,163,151,141,134,154	87	75
6016	123,109,126,112,123,101,91,113,111,138	0,0,0,1,0,0,0,0,0,0	118,149,130,119,106,116,123,104,110,122	0,0,0,0,0,3,0,0,1,0	84	75
6017	35,12,24,23,31,15,36,9,27,14	89,97,87,89,69,81,75,78,82,70	17,27,12,23,18,37,15,23,15,20	84,94,77,65,71,79,94,91,69,89	299	75
6022	36,41,50,44,38,42,29,18,20,28	6,8,11,7,6,9,7,6,7,13	39,36,42,45,37,32,36,33,26,27	7,5,8,4,14,12,4,9,5,5	303	75
6023	19,20,18,21,16,29,15,14,19,13	9,17,13,5,9,6,6,8,8,12	14,19,22,13,19,32,14,14,18,24	7,13,12,10,5,8,4,12,7,3	157	75
6025	32,24,34,37,25,25,23,25,31,24	0,0,0,0,0,0,0,0,0,0	33,21,36,24,20,29,22,22,40,22	0,0,0,0,1,1,0,0,0,0	79	75
6027	1,1,3,0,3,0,0,0,0,3	0,0,0,0,0,1,0,0,0,0	1,0,0,1,2,0,2,0,1,0	0,0,0,0,0,0,1,0,0,0	78	75
6028	898,950,899,790,798,938,701,747,763,770	1,0,1,0,1,0,0,0,0,0	806,913,782,811,821,824,859,837,840,851	1,0,0,2,1,2,0,0,0,0	169	75
6029	1,0,2,1,0,4,0,5,1,2	0,0,0,0,0,0,0,0,0,1	1,1,2,1,2,0,0,0,0,0	0,0,1,0,0,0,0,0,0,0	80	75
6030	10,7,24,11,11,8,21,13,11,13	0,0,0,2,0,0,4,2,0,0	17,14,13,12,10,16,16,17,15,17	2,1,1,3,1,1,1,4,0,1	79	75
6032	0,0,0,0,0,0,0,0,0,0	4,3,10,5,3,1,1,1,5,0	0,0,0,1,0,0,0,0,0,0	1,3,1,1,1,4,2,0,1,1	102	75
6033	12,4,9,11,16,23,14,10,19,10	0,0,0,0,0,0,0,0,0,1	12,5,16,19,11,17,16,12,9,12	0,0,0,0,0,0,0,0,0,0	269	75
6034	14,30,12,22,14,13,8,17,25,10	0,1,0,0,0,0,0,0,0,0	11,16,11,15,6,24,15,21,12,20	0,0,0,0,0,0,0,0,0,0	147	75
6035	1,1,4,0,2,0,6,2,1,0	6,9,9,9,5,5,8,3,9,12	2,1,1,3,0,1,4,0,0,2	8,7,9,9,10,10,10,8,9,6	90	75
6036	0,0,0,0,0,0,0,0,0,0	5,6,17,11,13,11,11,7,5,10	1,0,0,0,0,0,0,2,0,0	15,13,13,15,5,9,16,10,17,7	179	75
6037	91,95,84,71,82,84,84,72,69,53	0,0,0,0,0,0,0,0,0,0	81,106,84,77,82,69,72,64,68,92	0,0,0,0,0,0,1,0,0,0	510	75
6038	44,49,35,36,38,34,43,35,41,27	0,0,0,0,0,0,0,1,0,2	44,48,43,39,44,33,41,40,37,47	0,0,0,0,0,0,0,0,0,0	510	75
6039	0,0,0,0,0,0,0,0,0,0	2,5,2,2,1,3,2,2,1,2	0,0,0,0,1,0,0,0,0,0	3,3,3,0,0,2,3,2,2,3	78	75
6040	12,15,14,5,13,13,6,8,11,14	13,8,6,3,12,7,6,8,11,13	8,9,7,5,10,7,8,7,9,8	11,12,5,7,9,5,8,3,4,12	158	75
6041	35,40,39,19,34,28,30,26,29,38	2,0,0,0,1,0,0,0,0,0	29,36,26,23,29,22,26,28,32,29	0,0,0,0,0,0,0,0,1,0	265	75
6042	36,33,31,17,33,22,30,26,29,37	2,0,0,0,1,0,0,0,0,0	32,39,24,25,28,20,26,24,27,33	0,0,0,0,0,0,0,0,1,0	182	75
6044	1,1,1,2,0,2,2,0,0,0	0,0,0,1,0,0,0,0,0,0	0,3,0,0,1,3,1,2,0,1	1,0,0,0,0,0,0,1,1,0	95	75
6048	252,223,219,226,206,225,225,200,208,253	31,32,33,22,26,25,36,31,22,34	238,201,215,188,241,218,259,245,244,253	33,23,23,37,36,35,29,36,32,31	78	75
6051	50,46,52,48,49,41,42,39,45,36	2,0,0,0,0,0,0,0,1,1	50,50,43,43,53,48,32,34,32,23	2,0,0,2,1,0,0,1,0,0	78	75
6053	0,0,0,0,0,0,0,0,0,0	0,0,0,0,1,0,0,0,0,0	0,0,0,0,0,0,2,0,1,0	0,0,0,0,0,1,0,0,1,0	1103	75
6054	44,50,47,58,49,55,35,42,46,48	2,2,0,0,0,0,0,0,0,0	51,52,36,58,41,63,37,35,39,39	0,1,0,1,3,0,1,1,0,0	118	75
6057	1539,1347,1534,1421,1484,1447,1176,1229,1294,1370	19,10,9,28,17,25,17,17,10,12	1550,1446,1368,1299,1330,1331,1299,1342,1508,1255	22,25,17,24,23,19,25,27,21,13	1179	75
6058	14,21,14,9,16,19,11,15,14,11	13,6,5,3,9,15,4,8,11,4	22,18,12,12,14,11,12,20,22,11	17,9,1,3,11,12,6,7,9,2	93	75
6059	96,124,96,87,118,104,64,72,92,79	84,68,74,59,58,82,80,58,62,70	111,102,93,88,90,105,112,101,108,106	64,61,53,62,67,70,74,50,60,44	93	75
6060	146,145,180,173,130,133,133,150,157,140	6,3,4,2,3,2,3,5,0,3	162,136,149,142,127,145,124,139,153,121	5,2,4,3,3,2,2,2,7,2	3854	75
6061	34,41,45,46,29,37,38,45,39,44	0,0,0,0,0,0,2,0,0,0	41,45,40,39,32,31,22,36,44,30	0,0,0,0,0,0,0,0,0,0	3854	75
6062	0,0,3,3,2,0,0,1,0,0	1,3,2,0,0,0,1,5,0,0	0,5,0,1,0,0,0,3,0,1	0,5,1,2,3,1,0,0,0,1	119	75
6063	41,34,40,32,35,41,27,21,26,34	0,0,0,0,0,0,0,0,0,0	37,32,27,32,38,21,31,40,30,27	0,0,0,0,0,0,0,0,0,1	81	75
6064	12,9,12,3,14,6,8,8,13,7	1,0,1,0,2,1,2,0,1,1	2,12,10,14,6,6,10,8,6,8	1,0,1,3,1,0,2,2,1,0	85	75
6065	43,49,54,50,48,32,42,50,31,50	0,3,0,0,0,1,0,0,0,2	37,38,32,37,49,53,44,46,36,40	0,1,0,2,0,1,0,0,0,0	562	75
6066	44,37,34,33,33,19,48,29,32,42	1,0,0,0,0,1,0,0,1,0	27,35,35,33,37,40,42,37,25,30	1,1,1,1,2,0,1,0,0,1	108	75
6067	59,40,40,38,41,29,52,38,40,53	3,0,0,0,0,1,0,0,1,0	29,47,43,39,43,49,52,44,33,40	2,1,1,0,2,3,0,0,0,0	140	75
6068	16,3,6,5,8,11,4,9,9,11	3,0,0,0,0,1,0,0,1,0	3,13,9,7,8,9,11,7,8,11	2,1,1,0,2,3,0,0,0,0	107	75
6073	50,34,38,51,54,52,41,41,43,47	0,0,0,0,0,0,0,0,0,1	51,40,36,49,34,46,48,36,40,32	0,0,0,0,0,0,0,0,0,0	85	75
6074	76,64,68,81,63,65,59,58,60,62	0,0,1,0,0,0,0,0,1,0	61,73,56,72,54,74,60,60,74,72	0,0,0,0,0,0,1,0,1,1	77	75
6075	122,112,133,117,105,106,104,98,88,103	0,0,0,1,0,1,1,1,0,1	96,117,125,104,113,110,114,93,105,109	2,1,0,0,0,0,1,0,1,0	119	75
6076	14,16,11,13,20,6,5,10,19,9	20,17,20,19,30,21,26,17,23,18	6,12,14,9,8,14,11,4,12,11	14,22,18,17,13,27,11,13,21,24	139	75
6077	13,16,8,11,16,5,5,10,16,9	3,1,1,3,7,4,5,4,2,4	7,10,14,8,8,12,9,4,9,8	1,1,2,1,1,0,1,6,5,2	139	75
6079	1,0,2,1,0,0,0,0,0,0	10,7,15,11,11,13,6,7,6,7	0,0,0,0,0,0,1,0,0,3	9,13,10,18,12,12,14,5,9,9	78	75
6080	0,1,0,0,0,0,1,0,0,0	0,0,0,0,0,0,0,1,0,0	0,1,0,0,0,0,2,1,0,1	0,0,1,0,1,0,0,0,0,1	135	75
6081	0,1,1,0,0,0,2,0,0,0	0,0,0,1,0,2,1,0,0,0	0,1,0,0,0,0,2,0,0,1	0,3,0,0,0,0,1,0,0,0	135	75
6082	5,1,8,6,12,5,2,6,10,8	1,0,0,0,0,0,0,0,0,0	1,4,4,5,5,5,3,1,4,8	0,0,0,0,0,0,0,0,0,0	79	75
6083	230,191,222,196,202,243,230,207,196,249	6,8,6,9,13,2,5,5,9,8	204,215,217,234,235,241,234,216,215,188	14,7,1,7,6,13,3,8,6,4	92	75
6084	1,6,4,6,1,3,3,3,2,4	74,76,73,79,53,65,65,42,60,58	1,3,6,2,3,2,3,1,0,6	67,67,65,52,60,69,57,62,51,62	105	75
6085	46,58,52,47,36,58,41,44,42,41	0,0,0,0,0,0,0,0,1,0	38,50,40,40,52,42,43,59,53,47	0,0,0,0,0,0,0,0,0,0	209	75
6088	0,0,2,0,3,0,0,0,0,1	0,1,0,0,0,0,0,0,0,0	0,1,1,0,0,0,0,1,0,0	0,0,0,0,0,0,0,0,0,0	104	75
6089	0,0,1,0,0,1,1,0,0,1	0,0,0,0,0,0,0,0,0,0	0,0,0,0,0,1,0,0,0,0	0,0,0,0,0,0,0,1,0,0	195	75
6092	284,305,306,260,268,284,253,208,260,223	21,19,18,10,9,21,16,28,10,5	288,282,216,221,238,253,277,242,248,255	15,30,14,16,11,15,29,13,15,17	78	75
6093	1,0,0,0,0,1,0,0,0,0	0,0,0,0,1,1,0,0,2,1	0,0,0,0,0,0,1,1,0,0	1,1,0,1,0,1,1,1,0,0	78	75
6095	14,48,46,25,29,41,23,25,29,18	0,1,1,1,0,0,0,0,0,0	19,43,26,37,20,53,32,60,41,66	0,0,0,0,0,0,0,0,0,0	192	75
6099	3,0,2,4,0,1,3,1,4,1	3,1,5,0,3,0,2,0,4,0	1,5,2,5,0,5,3,1,1,1	1,1,2,1,0,1,1,0,0,1	78	75
6100	3,3,2,1,0,1,2,1,1,1	1,3,4,1,0,1,2,0,0,1	1,3,2,1,1,2,1,1,6,1	0,2,2,1,0,0,1,0,1,2	78	75
6101	2,3,3,2,4,2,3,1,6,7	5,2,5,1,0,2,1,2,0,0	1,0,5,2,5,1,0,0,0,1	0,4,1,0,0,1,3,0,4,0	78	75
6105	0,0,0,0,0,0,0,0,0,0	66,62,62,52,45,43,40,55,49,52	0,0,0,0,0,0,1,0,0,0	50,45,46,41,57,52,65,51,52,46	108	75
6106	7,9,7,3,5,3,2,5,6,6	0,0,0,0,0,0,1,0,0,1	1,5,3,7,1,5,3,6,3,5	0,0,0,0,0,0,0,0,0,0	78	75
6107	47,59,50,31,33,39,37,56,42,39	1,0,1,0,2,0,1,2,1,0	40,53,38,44,46,36,46,41,38,40	3,3,1,1,2,2,1,1,1,1	78	75
6108	1,1,0,3,1,1,1,0,3,1	1,0,0,0,1,0,1,0,0,0	2,2,4,2,2,1,1,2,1,1	0,1,0,0,0,0,1,0,0,0	102	75
6110	15,14,24,10,10,12,17,8,13,12	2,5,3,2,6,3,2,3,0,3	12,11,11,8,20,6,13,11,13,12	4,4,1,3,2,6,5,3,4,4	78	75
6111	155,142,168,125,108,118,146,122,185,117	0,0,1,2,1,2,3,1,0,1	116,135,128,138,140,157,183,151,158,144	1,1,0,0,0,2,3,2,0,2	102	75
6113	14,11,17,12,20,17,13,21,13,15	13,12,11,10,9,11,7,16,10,15	8,31,12,19,15,18,17,12,10,5	10,20,9,5,6,11,9,7,9,17	78	75
6114	1,1,0,0,1,2,2,4,1,1	0,0,0,0,0,1,0,0,0,0	0,5,1,1,0,2,3,1,2,0	0,0,0,0,0,0,0,0,0,0	78	75
6116	37,25,25,34,25,23,24,29,32,37	2,0,1,2,3,6,1,0,1,2	35,31,21,26,36,35,31,23,35,33	2,0,0,0,0,3,3,1,3,1	97	75
6120	35,46,32,44,46,45,30,40,31,35	2,2,1,5,1,3,0,1,1,1	44,37,36,33,26,38,39,46,42,27	0,1,2,0,1,0,2,0,0,1	77	75
6122	27,21,21,15,16,27,16,8,21,19	17,8,13,20,12,15,17,11,22,14	22,31,19,28,14,24,29,18,21,17	18,16,20,13,12,19,26,21,22,23	84	75
6123	12,10,10,4,7,3,6,16,6,14	1,3,1,1,0,3,1,1,0,1	12,16,19,14,14,13,9,12,17,9	4,0,0,0,0,1,3,1,1,0	78	75
6124	31,17,28,16,18,11,13,16,22,11	0,0,0,0,0,0,0,0,0,0	23,18,9,13,19,5,14,18,25,24	0,0,0,0,0,0,0,0,0,1	2663	75
6125	10,7,10,8,20,14,11,13,13,10	1,0,0,0,1,0,1,0,0,0	9,13,9,6,12,16,11,11,17,11	2,0,0,0,0,0,1,2,0,0	203	75
6126	109,95,145,114,112,99,63,103,100,90	0,0,0,0,0,0,0,0,0,0	77,135,100,85,89,123,93,98,90,70	0,0,0,0,0,0,0,1,0,0	302	75
6128	27,25,18,25,22,25,24,21,25,23	1,1,0,2,1,1,1,1,0,1	20,29,21,21,15,25,32,22,32,20	2,0,0,2,1,2,1,2,0,0	104	75
6129	8,16,8,8,18,12,8,12,14,18	10,7,17,11,8,13,6,7,17,4	18,13,8,5,12,9,11,13,12,8	8,7,7,8,5,12,4,6,3,5	78	75
6130	16,12,6,5,5,2,6,6,12,9	27,29,22,12,15,8,18,13,20,16	6,6,4,13,7,11,8,5,7,5	21,21,13,19,18,22,24,12,24,19	135	75
6131	40,33,42,34,30,27,23,31,27,35	2,1,2,1,0,4,1,0,2,2	32,34,26,42,33,27,38,36,29,44	0,2,1,1,0,0,4,4,0,0	126	75
6132	46,39,45,47,37,35,28,38,38,40	1,2,0,0,0,0,0,0,0,0	41,46,32,54,35,30,45,47,34,54	0,0,0,1,0,3,0,1,2,0	169	75
6133	8,7,5,14,7,12,6,7,13,7	1,2,0,0,0,0,0,0,0,0	9,14,7,13,2,3,11,15,5,10	0,0,0,1,0,3,0,1,2,0	118	75
6134	32,25,20,26,25,24,18,28,29,11	2,6,3,2,3,1,2,5,3,3	32,32,31,37,30,31,22,42,44,26	5,9,1,4,4,4,10,3,3,2	146	75
6135	22,10,8,12,19,8,9,13,19,6	2,6,3,2,3,1,2,5,3,3	14,15,12,19,17,16,13,20,20,11	5,9,1,4,4,4,10,3,3,2	115	75
6137	0,1,0,2,0,2,2,0,0,1	0,0,0,0,0,0,0,0,1,1	0,0,0,0,0,0,0,0,1,0	0,0,0,1,0,1,0,0,0,0	104	75
6138	1,1,1,2,0,2,3,0,0,1	0,0,0,0,0,0,0,0,0,1	1,1,0,0,3,0,0,0,1,0	1,0,0,0,1,0,0,0,0,3	104	75
6139	97,109,99,88,60,58,100,80,101,75	5,4,1,4,2,2,3,2,5,1	86,76,72,80,89,94,108,59,66,74	4,2,1,5,3,5,7,4,5,2	273	75
6141	0,1,0,0,0,0,0,0,0,0	0,2,2,0,0,0,3,0,0,4	1,0,0,0,1,0,0,0,0,0	1,2,0,0,0,1,2,0,1,0	147	75
6142	4,7,5,4,4,2,2,4,2,10	0,0,0,0,0,0,0,1,0,0	5,4,4,4,4,4,6,7,4,3	0,0,0,0,0,1,0,0,0,0	123	75
6146	1,1,2,3,2,0,2,3,0,3	119,97,130,90,108,78,82,86,100,100	4,6,2,4,1,2,4,2,2,1	111,114,103,115,86,94,111,79,102,103	84	75
6147	31,25,19,22,15,28,32,21,19,21	0,0,0,1,0,0,1,0,2,0	20,28,19,13,31,29,24,22,27,15	0,0,0,0,1,0,0,0,0,0	869	75
6148	10,9,19,15,20,15,15,14,25,17	20,23,33,31,20,22,25,30,23,28	9,38,14,21,8,24,14,14,16,16	18,35,22,9,19,17,30,20,21,16	169	75
6152	621,627,625,533,537,511,474,494,556,618	17,9,12,12,6,12,13,14,7,10	569,589,568,581,588,613,563,579,568,449	12,10,12,10,11,20,14,18,11,11	178	75
6153	0,0,1,0,1,0,1,0,0,0	209,167,230,196,184,199,149,149,196,204	1,0,2,0,0,1,0,1,2,0	169,204,203,186,196,216,174,186,167,166	173	75
6154	248,183,219,179,178,176,149,171,203,227	26,16,20,11,20,19,15,17,15,25	181,174,201,211,178,220,196,189,173,143	19,17,14,33,18,24,16,19,20,17	78	75
6156	17,9,15,6,6,7,8,9,16,8	103,137,151,100,136,131,111,101,116,123	8,8,9,9,8,15,9,10,5,19	115,124,88,109,95,121,103,138,109,106	159	75
6157	25,22,30,20,17,17,34,15,24,21	1,0,0,0,0,0,0,2,1,0	19,34,26,27,33,18,30,27,19,19	0,1,0,0,0,0,0,0,0,0	244	75
6158	71,55,72,70,43,63,68,43,58,48	1,0,0,0,0,0,0,2,1,0	54,65,64,68,72,52,72,65,53,55	0,1,0,0,0,0,0,0,0,0	553	75
6159	46,33,42,50,26,46,34,28,35,27	0,0,0,0,0,0,0,0,1,0	35,32,38,44,39,34,43,38,35,36	0,1,0,3,0,0,1,0,1,0	384	75
6161	0,0,2,2,0,0,1,1,1,0	463,454,416,369,441,433,331,359,353,405	0,1,1,0,0,1,0,0,0,0	453,435,409,390,378,460,400,401,355,361	91	75
6162	11,5,11,8,6,9,13,14,15,9	463,454,416,369,441,433,331,359,353,405	6,10,4,14,9,7,5,10,10,7	453,435,409,390,378,460,400,401,355,361	491	75
6163	65,38,52,41,57,55,46,55,62,41	0,2,3,1,0,0,1,3,0,4	36,94,49,47,52,59,46,36,46,48	2,2,0,0,0,2,1,0,1,1	79	75
6164	2,0,0,0,0,2,0,0,0,1	9,11,7,11,10,11,19,6,11,7	0,1,1,2,1,2,2,0,2,1	6,13,11,9,14,7,9,11,5,7	80	75
6165	12,7,7,13,7,5,7,9,9,7	35,33,41,34,25,22,34,32,37,35	8,8,4,7,6,6,7,6,12,6	29,10,41,30,36,20,34,16,45,27	78	75
6166	0,1,2,5,4,2,1,4,3,4	0,4,0,0,1,2,0,0,0,1	1,2,4,4,2,4,1,2,1,4	2,0,1,0,0,2,0,1,0,1	78	75
6167	35,40,40,32,30,19,29,32,32,19	0,0,0,0,0,1,0,0,0,0	19,26,29,29,32,24,36,41,31,9	0,0,0,0,0,0,0,0,0,0	93	75
6168	8,6,18,16,19,4,22,14,6,16	83,69,68,72,79,72,64,83,64,76	8,19,15,9,9,11,5,6,12,6	74,105,80,60,50,76,77,65,79,58	92	75
6169	798,763,821,755,757,897,591,607,647,699	0,0,1,0,0,0,0,0,0,0	775,837,795,764,737,779,637,697,715,689	0,0,0,1,0,0,0,0,0,2	87	75
6170	16,18,13,10,23,14,9,10,15,23	3,4,2,4,2,2,2,3,5,7	17,15,18,13,17,23,15,13,16,13	4,4,4,2,6,2,3,5,5,5	78	75
6171	13,7,8,4,8,13,4,15,12,8	15,13,13,16,14,16,11,19,11,16	4,9,9,9,8,10,10,14,4,14	10,13,9,13,9,16,22,15,10,11	78	75
6172	10,16,18,17,18,12,7,12,16,15	1,0,0,0,0,1,1,2,1,0	12,13,8,13,14,18,26,20,16,18	0,0,2,0,0,0,0,0,0,0	180	75
6173	9,19,18,17,21,12,8,12,16,15	0,1,1,0,0,3,0,0,0,0	12,13,9,13,14,18,26,20,18,18	0,1,0,1,0,1,2,0,1,0	180	75
6174	16,22,21,21,19,18,15,15,20,21	4,4,6,7,4,3,4,3,5,5	19,18,9,19,20,28,32,24,20,21	10,5,2,8,10,4,4,5,4,6	180	75
6175	0,0,0,0,0,1,0,0,0,0	0,0,0,0,0,0,0,0,0,0	0,0,0,0,0,1,0,0,0,0	0,0,0,0,0,1,1,0,0,0	149	75
6176	10,13,11,13,12,15,10,15,8,9	1,0,0,0,0,0,0,0,1,1	11,11,9,10,12,10,6,6,9,6	0,0,0,0,0,0,0,0,1,0	83	75
6177	0,2,2,0,2,0,6,2,1,1	5,2,2,4,1,4,1,6,4,5	1,1,1,0,4,1,0,3,0,1	0,5,2,1,3,4,3,1,1,2	129	75
6178	42,49,45,34,42,37,31,27,40,44	0,0,1,2,0,2,0,0,0,0	55,44,31,39,24,38,48,53,30,31	1,1,1,1,0,2,1,0,0,0	81	75
6179	67,57,64,54,56,57,47,53,42,58	0,1,0,1,2,0,4,2,2,1	57,37,44,61,45,41,49,42,49,47	2,0,1,2,0,3,2,4,0,2	648	75
6180	0,0,0,0,0,0,0,1,2,1	4,2,1,1,1,2,2,4,0,3	0,0,0,0,0,1,0,0,0,1	2,2,2,1,1,5,3,1,0,1	208	75
6181	184,167,128,142,134,152,127,144,149,102	0,0,1,0,1,0,0,1,1,1	142,153,153,149,146,125,140,133,136,131	2,0,0,1,1,0,1,1,1,0	114	75
6182	3,6,3,9,2,3,2,1,3,5	10,1,3,10,3,5,7,2,7,8	3,6,3,9,11,2,5,0,4,2	6,4,2,1,19,0,4,7,4,7	175	75
6183	7,4,9,5,6,12,12,2,5,5	1,0,1,0,0,0,0,0,0,0	11,10,2,7,7,17,15,6,10,13	1,0,0,0,1,0,0,0,0,0	187	75
6186	4,6,3,9,2,5,2,5,1,7	226,208,245,192,185,219,149,156,178,204	2,7,5,6,6,4,3,2,4,3	231,248,249,198,199,206,179,177,179,173	110	75
6187	81,42,34,39,28,35,61,67,42,61	0,2,1,0,0,0,1,1,1,1	62,46,35,55,56,44,46,39,31,59	0,1,2,0,2,0,1,1,0,0	177	75
6189	3,0,3,2,2,1,0,2,1,0	307,335,361,366,313,367,303,284,261,268	2,2,0,2,2,1,3,0,2,0	298,369,307,310,319,291,353,307,283,232	101	75
6190	7,4,4,7,4,4,2,3,5,2	1529,1559,1551,1333,1273,1308,1242,1124,1192,1357	7,5,6,5,4,1,6,2,6,5	1513,1390,1305,1228,1414,1380,1487,1218,1232,1336	93	75
6192	0,1,1,0,0,0,3,2,1,4	15,9,9,4,7,8,5,7,6,7	2,4,0,1,1,2,1,1,1,2	7,12,2,9,7,5,4,13,2,10	215	75
6193	17,27,31,34,24,25,18,19,7,15	1,0,0,0,0,0,0,0,0,0	23,36,25,26,20,26,12,25,31,21	0,0,0,1,0,0,0,0,0,0	121	75
6194	23,35,37,35,29,29,18,28,13,19	4,3,4,1,3,3,6,2,2,3	25,40,31,33,26,32,16,31,36,24	3,3,1,1,2,5,6,1,0,4	121	75
6195	85,95,106,95,80,84,69,67,68,96	7,3,5,5,10,2,4,2,3,7	89,94,83,86,78,95,80,88,97,57	10,2,8,2,5,3,2,4,5,2	121	75
6196	37,37,28,28,30,36,27,27,29,31	6,6,5,5,2,1,2,6,4,4	40,38,36,33,38,40,32,21,40,31	8,10,1,2,4,4,7,3,5,6	101	75
6203	65,60,57,45,33,51,38,38,29,53	0,0,1,0,0,0,0,0,0,1	42,43,35,53,51,42,40,56,46,45	3,0,0,1,0,3,0,0,2,0	122	75
6204	40,37,48,41,48,55,37,39,34,23	0,0,1,0,0,0,0,0,0,1	37,58,29,36,44,37,40,25,38,37	0,0,0,0,0,0,0,0,0,0	450	75
6205	0,2,2,2,0,0,1,1,1,0	72,77,74,73,71,89,65,50,76,71	2,2,1,4,1,3,1,0,0,2	62,73,74,71,72,79,87,80,62,44	163	75
6206	7,4,11,4,4,8,3,6,6,5	2,0,0,0,0,0,0,1,3,0	6,4,5,8,3,4,8,3,3,7	2,1,1,1,3,3,0,1,0,1	78	75
6207	2,0,2,1,3,0,0,2,1,0	0,1,0,0,0,1,3,0,0,0	0,0,0,0,0,1,2,1,1,0	0,0,0,0,1,0,0,0,0,1	78	75
6208	13,12,19,15,12,20,19,8,9,18	0,3,3,0,0,0,0,4,2,7	20,12,8,15,22,10,24,11,22,17	1,0,0,1,3,2,0,0,1,1	79	75
6209	155,160,135,147,120,135,170,120,135,132	2,0,1,1,1,1,0,0,0,0	180,90,105,111,156,129,192,139,171,140	0,0,0,4,0,3,2,0,0,2	79	75
6210	2,2,6,3,1,0,4,1,2,3	29,26,19,26,20,26,24,18,17,14	2,0,4,2,2,1,6,4,2,0	19,26,23,26,9,24,26,13,19,17	90	75
6211	2,1,0,3,0,0,2,0,1,2	27,14,16,17,13,12,22,14,21,13	1,1,1,0,2,0,5,2,2,1	15,20,14,15,11,12,12,9,18,6	90	75
6212	148,112,167,158,118,165,119,116,126,152	0,0,0,3,0,0,0,0,1,0	147,146,128,118,155,128,129,126,155,137	0,0,0,0,0,2,0,0,0,1	1231	75
6213	3,0,0,0,0,0,1,0,1,0	133,131,142,108,114,126,92,97,124,109	0,0,1,1,0,0,2,2,0,0	123,119,98,96,128,132,112,127,122,86	87	75
6214	2,1,1,0,0,2,0,0,0,0	0,0,0,0,0,0,0,0,0,0	0,1,0,0,1,0,3,2,0,0	0,0,0,0,1,0,0,0,0,0	129	75
6215	0,0,0,0,0,0,0,0,0,0	0,0,0,0,0,0,0,0,1,0	0,0,0,0,0,0,0,0,0,1	0,0,1,0,0,0,0,0,0,0	82	75
6216	203,202,205,176,153,199,155,145,163,160	0,1,0,0,0,1,0,1,1,0	163,185,178,191,157,174,180,177,161,163	1,1,0,0,0,3,0,0,0,0	127	75
6218	322,335,337,311,348,368,273,235,276,331	199,187,216,193,207,199,180,140,136,234	303,252,370,265,348,268,265,281,306,239	171,201,208,139,179,171,160,206,164,147	78	75
6220	1,1,0,3,0,0,0,0,0,0	2,0,0,0,1,0,0,0,0,0	2,1,0,2,0,1,1,0,1,2	0,1,1,0,1,0,0,0,1,1	536	75
6222	8,4,3,4,9,5,12,4,3,4	4,4,4,4,2,2,3,7,6,4	2,11,2,9,2,4,1,6,4,8	3,3,1,9,0,3,10,3,2,1	2730	75
6223	16,16,31,18,20,20,26,21,21,25	0,1,0,0,0,0,0,0,0,0	21,29,21,25,29,25,18,25,24,24	0,0,0,0,0,0,0,0,0,0	419	75
6224	96,105,104,74,76,101,94,69,70,85	16,16,20,19,9,14,12,19,17,16	118,91,88,90,102,103,100,89,88,99	15,12,17,14,13,18,13,14,10,12	79	75
6227	19,11,17,14,16,17,15,9,9,10	4,2,5,13,2,7,2,1,3,4	8,17,9,14,8,9,14,16,9,10	2,6,3,3,3,3,1,2,5,1	97	75
6229	0,0,1,0,0,0,0,0,0,0	0,1,0,0,0,0,0,0,0,0	1,0,0,0,0,1,2,0,0,1	0,0,0,0,0,0,1,0,0,1	78	75
6230	8,6,13,10,7,7,4,17,9,14	1,3,2,0,0,2,0,1,1,2	5,10,4,8,5,9,10,7,5,6	1,0,2,0,1,0,0,0,0,1	481	75
6231	0,0,0,0,0,0,0,0,0,0	2,3,1,1,0,2,0,0,0,1	3,0,1,0,0,0,1,0,0,0	2,1,0,1,0,0,1,0,1,0	78	75
6232	567,579,567,515,483,550,480,514,480,528	0,0,0,0,0,0,0,0,0,0	523,553,497,528,488,590,520,497,492,520	0,0,0,0,0,0,0,2,0,0	781	75
6233	6,8,12,10,6,6,8,8,17,7	0,0,0,0,0,0,0,0,1,0	7,8,8,10,6,9,11,8,9,5	0,0,0,0,0,0,0,0,0,0	102	75
6234	22,19,17,25,15,12,21,26,31,11	2,5,1,1,1,2,3,1,3,0	26,20,21,24,19,26,21,27,31,16	4,4,2,10,3,4,1,5,2,3	102	75
6238	10,5,6,8,4,5,8,6,2,3	75,60,70,50,48,69,60,36,43,47	5,4,8,6,6,3,8,2,9,3	47,49,66,49,42,28,49,62,61,48	99	75
6239	6,11,9,8,10,5,8,10,5,7	4,2,3,3,3,0,3,3,4,4	11,12,5,7,10,8,6,4,16,5	3,1,3,3,1,1,4,2,3,4	78	75
6240	0,4,3,3,1,5,5,2,2,1	1,0,0,0,2,0,0,0,2,0	3,3,6,4,0,2,0,1,1,5	1,1,1,1,2,1,3,4,1,0	112	75
6241	0,1,3,2,1,1,0,1,2,3	24,28,26,25,27,23,26,19,19,15	0,8,0,1,1,0,1,3,2,2	40,25,40,26,31,42,18,19,29,26	78	75
6242	6,7,4,1,4,11,1,3,3,3	20,21,16,21,29,18,22,13,17,14	8,6,13,1,3,2,4,3,4,1	27,13,26,18,18,20,19,22,17,14	78	75
6247	11,4,8,10,4,6,8,2,4,3	0,0,0,0,1,0,0,0,0,1	3,4,4,1,5,10,6,3,4,7	0,0,0,0,0,0,0,0,0,0	132	75
6249	1,1,2,2,2,1,4,1,5,5	120,118,120,109,86,112,90,99,103,111	2,5,4,2,2,2,2,0,3,3	103,91,99,81,108,103,96,73,90,79	255	75
6250	548,577,602,522,522,490,458,424,489,516	0,0,0,0,0,1,0,0,0,0	564,505,499,478,511,566,562,465,492,504	0,0,0,0,0,0,0,0,0,0	2303	75
6251	61,127,76,83,74,67,92,68,73,48	0,0,0,0,0,0,0,0,3,0	67,80,51,94,65,61,63,80,89,82	0,0,0,0,0,0,0,0,0,0	733	75
6252	67,134,82,87,79,69,96,74,83,57	7,7,4,3,3,6,8,3,8,7	69,84,56,101,71,70,65,82,93,83	6,6,9,10,10,6,4,2,8,2	733	75
6253	2,10,6,2,6,5,8,2,13,7	8,5,8,9,7,7,12,9,3,12	4,2,7,8,5,6,4,6,6,4	3,7,11,6,7,5,11,12,8,10	112	75
6255	1,6,4,11,6,3,1,4,3,2	0,1,2,1,0,2,0,1,0,0	7,6,2,3,2,1,6,6,7,3	0,0,0,0,1,0,0,1,0,0	95	75
6257	78,93,89,64,67,59,80,66,68,84	3,9,6,8,7,7,6,4,3,9	64,82,71,65,75,71,74,80,58,63	12,12,14,3,6,4,8,10,6,8	141	75
6258	82,67,95,79,83,93,78,97,84,110	0,0,0,0,0,0,0,1,0,0	54,145,67,81,85,115,97,71,69,77	0,1,1,1,0,0,0,1,0,0	94	75
6259	1,0,0,1,4,0,1,1,2,0	51,71,54,45,48,54,44,49,50,45	0,0,0,0,0,1,0,0,2,0	51,59,36,46,47,50,53,49,41,36	124	75
6260	51,41,41,30,46,43,40,34,46,42	21,14,12,9,6,13,11,12,12,21	35,43,38,26,40,33,29,39,35,32	20,17,18,22,16,12,12,18,22,19	78	75
6261	6,2,1,3,4,2,2,2,1,0	27,15,12,17,12,8,11,11,18,14	1,2,0,3,3,1,1,3,3,4	14,31,20,24,13,10,10,17,10,25	128	75
6262	42,48,48,46,47,37,31,34,34,31	0,1,0,0,0,0,0,1,0,0	33,48,43,40,48,44,37,29,37,49	0,0,1,0,0,0,0,0,0,1	106	75
6263	30,35,40,27,25,25,26,27,19,28	0,1,0,1,0,0,0,2,1,0	21,24,10,21,39,24,20,14,19,31	0,0,1,2,0,0,2,0,1,1	101	75
6265	70,76,88,64,58,70,79,60,96,77	0,0,0,0,0,0,0,0,0,0	68,95,79,72,76,80,80,84,80,77	0,0,0,0,0,1,0,0,0,0	303	75
6266	86,95,68,85,67,72,95,83,93,73	0,0,0,0,0,0,0,0,0,1	71,101,80,107,65,81,94,86,95,68	0,0,0,0,0,0,0,0,1,0	2828	75
6268	22,30,36,28,16,25,18,28,33,23	1,2,1,0,0,1,1,0,3,1	32,37,40,22,30,33,28,37,28,23	0,2,0,1,1,3,1,1,0,3	147	75
6269	7,2,8,13,12,9,12,13,6,10	0,1,0,1,0,0,0,2,0,0	13,7,11,14,11,12,16,10,5,4	0,0,0,0,0,0,1,0,0,1	78	75
6270	616,501,631,575,579,581,410,485,489,546	170,217,197,159,161,184,153,127,170,192	551,618,564,546,566,511,544,532,559,447	145,173,184,175,180,167,175,173,151,160	414	75
6271	7,8,6,14,12,6,20,14,14,13	0,1,0,1,0,0,0,0,1,1	1,18,10,8,10,12,7,10,6,3	0,2,0,1,0,0,0,1,0,1	156	75
6272	25,28,34,33,40,32,39,38,33,31	1,1,0,0,1,2,0,0,1,0	22,42,31,36,25,35,40,36,36,26	3,1,0,1,2,5,1,0,0,0	81	75
6273	4,1,1,3,0,1,0,4,2,3	36,19,27,15,28,19,23,23,22,32	4,4,1,4,0,3,0,1,1,1	32,31,23,26,19,33,19,27,34,25	87	75
6277	2,2,5,4,2,6,7,6,13,7	45,45,46,28,51,37,50,50,58,54	6,5,3,6,12,5,6,4,5,4	36,33,53,62,52,62,66,44,59,63	96	75
6279	20,21,19,14,13,17,14,14,15,16	0,1,0,0,0,0,0,1,0,0	15,11,15,14,11,17,13,15,11,21	0,0,0,0,0,0,0,0,0,0	107	75
