ID	IJC_SAMPLE_1	SJC_SAMPLE_1	IJC_SAMPLE_2	SJC_SAMPLE_2	IncFormLen	SkipFormLen
2	23,12,24,15,20,15,9,6,20,21	0,0,1,0,0,0,0,0,0,0	17,17,15,15,23,17,12,18,17,6	0,0,0,0,0,2,1,0,0,0	80	75
3	18,20,13,18,19,13,11,10,11,24	2,0,0,0,0,0,0,0,0,1	15,14,19,18,14,18,12,26,27,5	2,1,0,1,1,1,1,0,0,0	189	75
6	13,8,14,9,5,8,10,4,13,6	0,0,0,0,0,0,0,0,0,0	10,6,7,7,13,8,9,9,15,7	0,1,0,0,0,0,0,0,0,0	424	75
7	0,2,0,0,2,0,1,1,0,0	0,3,0,0,0,0,0,0,0,0	0,1,0,0,0,1,1,0,0,0	0,1,0,0,0,1,0,0,0,0	114	75
8	25,26,28,18,21,18,17,20,12,25	0,3,0,0,0,0,0,0,0,0	14,37,15,13,14,27,26,21,25,21	0,1,0,0,0,1,0,0,0,0	397	75
9	64,66,65,39,58,62,63,50,44,62	0,3,0,0,0,0,0,0,0,0	36,82,41,52,41,64,57,55,70,46	0,1,0,0,0,1,0,0,0,0	774	75
10	59,64,58,40,53,59,61,45,45,56	0,3,0,0,0,0,0,0,0,0	33,81,35,48,37,65,57,49,70,44	0,1,0,0,0,1,0,0,0,0	1083	75
14	39,40,37,21,37,44,46,32,32,37	0,0,0,0,0,0,0,2,0,0	24,47,27,39,28,37,32,34,45,28	2,2,1,0,1,0,1,0,0,3	452	75
15	34,38,30,22,32,41,44,27,33,31	0,0,0,0,0,0,0,2,0,0	21,46,21,35,24,38,32,28,45,26	2,2,1,0,1,0,1,0,0,3	761	75
16	1,1,0,3,0,3,1,0,3,0	6,3,7,2,5,6,3,5,2,6	0,2,0,0,0,4,1,0,5,2	3,3,6,4,4,3,1,6,5,4	384	75
18	0,0,2,0,0,1,0,5,1,1	27,8,20,11,10,9,22,7,16,11	0,0,0,3,2,2,0,1,0,1	15,25,21,16,19,15,19,11,18,13	80	75
19	2,0,1,0,0,1,2,0,0,0	0,0,0,0,0,0,0,0,0,0	0,1,1,0,0,1,2,0,0,0	0,0,0,0,0,0,0,0,0,2	84	75
20	4,4,2,3,3,0,2,3,2,3	0,0,1,0,0,2,0,1,0,0	5,3,5,2,2,3,2,1,3,4	0,0,1,1,0,0,0,0,0,0	119	75
21	65,61,66,73,51,52,37,56,42,52	0,1,0,0,1,0,0,0,0,1	63,53,66,43,53,64,53,74,53,35	0,0,0,0,0,0,0,0,0,0	102	75
23	25,22,30,23,20,21,19,9,16,18	10,14,11,3,8,8,5,7,3,4	14,21,17,19,24,25,16,14,15,14	6,6,10,7,8,8,7,13,8,5	216	75
24	29,23,21,18,15,27,22,15,26,26	1,1,0,0,0,1,1,0,0,0	25,29,22,16,24,24,35,19,19,23	0,1,0,0,2,2,0,0,0,0	185	75
25	88,61,86,48,45,29,30,61,87,82	14,10,13,2,9,2,3,10,8,9	49,81,70,47,49,79,60,33,63,35	2,12,1,6,0,6,6,4,2,3	170	75
26	14,11,14,12,18,15,10,15,10,7	0,0,0,0,0,0,0,0,0,0	13,15,11,8,4,10,18,11,9,14	0,0,0,0,0,0,1,0,0,0	134	75
27	5,6,3,9,6,2,3,10,2,7	1,1,0,0,1,2,0,0,0,0	7,6,6,3,6,7,9,5,5,4	0,0,0,0,0,0,1,0,1,0	167	75
28	7,12,7,6,6,5,13,10,5,8	0,1,1,0,0,1,2,2,2,1	8,8,1,6,14,6,8,3,8,5	2,0,1,3,2,0,1,2,2,0	90	75
29	58,49,42,44,45,62,34,42,44,51	18,16,21,17,9,9,15,11,10,12	49,74,55,57,40,62,65,45,49,56	15,21,11,14,16,13,14,14,10,10	154	75
32	2498,2234,2869,2715,2529,2513,3278,3222,2724,3158	221,153,185,196,180,193,229,226,195,266	1775,4961,2396,2086,1831,4414,2449,1882,2077,1884	135,376,232,159,136,339,180,151,161,157	180	75
33	2006,1777,2302,2136,2024,2058,2712,2661,2256,2615	0,0,0,0,0,0,0,0,0,0	1422,3940,1976,1722,1495,3627,2029,1546,1670,1550	0,0,0,0,0,0,1,0,0,0	180	75
34	1,5,7,5,5,3,2,0,2,3	5,5,4,3,2,3,5,7,3,1	5,3,5,4,5,3,6,5,3,4	5,6,4,7,2,7,3,5,1,0	114	75
35	4,0,3,2,3,2,0,2,0,0	13,12,10,19,10,23,17,15,20,15	4,1,3,2,0,0,3,2,0,1	7,17,12,17,15,10,11,11,5,13	85	75
39	4,3,6,3,5,5,7,3,4,5	4,4,6,6,3,3,4,6,4,12	2,8,2,3,5,9,5,9,4,2	3,8,8,4,3,9,6,0,7,8	93	75
40	0,1,0,0,0,0,0,0,1,0	2,2,0,1,5,1,2,0,1,4	0,0,0,0,0,0,0,0,0,0	1,2,1,2,0,0,5,1,1,1	105	75
43	41,38,35,32,27,43,34,34,25,21	0,0,3,0,0,0,2,1,0,1	42,27,39,39,38,44,29,22,33,25	0,0,0,2,1,1,1,0,3,2	182	75
44	13,16,10,10,6,12,6,12,9,9	12,7,7,9,14,10,11,6,9,10	10,14,26,8,19,11,19,14,8,10	6,16,10,11,9,9,5,6,9,7	85	75
45	3,4,3,2,8,1,2,4,3,2	0,0,0,0,0,0,0,0,0,0	6,10,2,2,2,2,5,2,4,6	0,0,0,0,0,1,1,0,0,0	96	75
46	11,14,12,3,8,12,8,11,7,10	1,0,0,0,0,0,0,0,0,0	7,8,14,10,10,8,11,11,11,12	0,0,0,0,0,0,0,0,0,0	337	75
47	9,10,17,10,9,11,11,11,14,5	2,3,0,0,0,0,1,0,0,0	19,13,11,9,15,14,18,14,6,5	0,2,0,0,0,1,1,0,0,0	81	75
49	85,75,98,78,87,76,75,83,81,62	9,8,7,13,7,9,10,13,11,10	93,93,69,75,73,78,88,82,88,79	7,12,11,9,8,10,12,11,5,10	96	75
50	125,97,95,99,111,76,86,91,100,64	0,1,0,0,0,0,0,0,0,0	85,97,88,84,91,109,92,73,105,106	0,0,0,0,0,0,0,1,0,0	111	75
51	436,468,450,382,380,354,384,399,404,457	8,6,5,5,7,4,4,8,6,7	410,431,358,383,440,400,369,411,419,338	9,1,7,5,6,10,8,4,7,5	597	75
52	0,1,5,1,2,3,0,2,2,2	3,4,5,3,4,2,1,1,3,3	6,1,3,1,4,1,3,0,1,3	2,3,1,3,0,3,3,2,1,1	84	75
53	0,2,0,0,1,1,0,0,1,0	0,0,0,0,0,0,0,0,0,0	0,2,0,0,0,0,0,1,0,1	0,0,0,0,0,1,0,0,0,0	92	75
56	68,83,70,57,40,78,63,53,62,75	1,0,0,0,0,0,0,0,0,0	66,83,62,50,66,81,71,68,71,53	0,0,0,0,0,0,0,1,0,0	126	75
57	16,14,18,7,11,15,16,13,13,16	2,1,1,2,0,0,0,0,0,0	12,19,15,16,16,18,20,11,11,12	1,2,0,1,4,0,0,0,2,1	86	75
58	32,21,25,41,34,16,41,35,33,25	12,0,6,0,8,5,2,5,3,7	21,23,26,30,26,32,17,30,34,32	2,3,6,6,5,5,12,3,4,5	581	75
59	3,3,7,6,2,2,4,2,5,4	0,4,0,1,0,0,0,0,1,2	4,5,4,5,4,5,7,6,4,3	0,1,0,3,0,0,1,1,1,0	117	75
61	157,164,147,126,165,115,118,124,138,147	0,0,0,0,0,0,0,1,0,0	131,161,142,127,134,133,140,159,137,122	0,0,0,0,0,0,0,0,0,0	625	75
62	436,445,448,404,336,341,372,332,355,358	0,0,0,0,0,0,0,0,0,0	369,422,331,371,372,368,366,346,367,361	0,0,0,1,0,0,0,0,0,0	399	75
70	2,0,0,6,3,4,2,1,2,4	45,31,42,30,40,26,25,33,22,18	2,2,3,1,3,0,1,6,1,1	34,37,31,29,31,40,16,15,18,29	202	75
71	8,6,7,4,5,4,0,4,3,6	6,4,8,2,4,5,5,6,12,6	10,3,6,8,4,5,9,4,5,3	6,3,4,8,4,10,5,2,6,3	87	75
73	1,0,0,1,0,0,0,0,1,2	30,18,26,21,19,10,8,9,9,15	0,0,0,2,0,1,0,0,0,0	18,24,19,13,13,16,21,15,9,4	78	75
74	0,0,0,1,0,0,0,0,0,0	0,1,0,0,0,0,0,0,0,0	0,0,1,0,0,1,0,0,0,0	0,0,0,0,0,0,0,0,0,0	105	75
75	43,42,39,35,33,27,51,37,42,36	2,0,3,4,0,0,5,3,1,0	41,45,26,31,31,33,35,32,42,31	1,0,1,0,2,3,1,0,0,2	307	75
77	23,24,26,18,30,31,21,20,10,19	33,28,33,15,37,18,25,20,36,23	22,21,18,24,24,12,15,12,20,10	29,26,32,19,24,29,30,33,21,17	608	75
79	115,128,94,119,75,101,120,83,91,93	1,1,0,0,0,1,0,0,0,1	114,84,89,100,88,98,135,87,133,78	1,0,0,1,0,0,0,1,0,0	746	75
84	22,29,24,21,24,18,14,21,19,27	16,24,26,19,26,23,15,17,25,21	18,23,14,21,22,18,10,16,16,12	19,25,26,32,16,24,29,24,14,19	78	75
85	4,6,5,2,0,0,2,3,8,4	2,4,3,9,6,5,3,5,3,5	8,6,3,6,4,7,9,2,0,6	2,3,4,3,2,2,5,4,4,4	150	75
86	0,0,0,0,0,0,0,0,0,0	4,7,6,15,9,7,3,17,8,6	0,0,0,1,0,0,0,0,0,0	12,3,9,7,7,15,17,10,8,7	83	75
88	95,102,120,89,101,94,92,85,89,95	0,0,1,0,0,0,0,0,0,0	98,105,71,92,82,82,105,106,78,88	0,0,0,0,2,0,2,1,0,0	135	75
89	0,1,0,1,0,0,0,1,1,0	32,29,17,25,22,26,30,26,22,32	1,0,0,0,0,1,0,0,1,0	20,33,29,30,26,22,37,26,20,16	117	75
90	0,2,2,0,0,1,1,1,2,0	32,29,17,25,22,26,30,26,22,32	0,3,2,1,0,1,0,1,0,1	20,33,29,30,26,22,37,26,20,16	281	75
91	0,1,2,0,0,1,1,0,1,0	0,0,0,1,0,0,0,0,0,0	0,3,2,1,0,0,0,1,0,1	1,0,0,0,0,0,0,0,1,0	239	75
92	41,48,46,40,41,45,36,39,46,51	0,1,2,0,0,1,0,1,2,1	37,31,50,49,37,49,52,50,46,32	1,2,0,1,3,0,2,3,1,0	158	75
93	0,0,0,0,0,0,0,0,0,0	0,0,0,0,0,0,0,1,0,0	0,0,0,0,0,0,1,0,0,0	0,0,0,0,1,0,0,0,0,0	129	75
94	0,0,0,0,0,0,0,0,0,1	0,0,0,0,0,0,0,1,0,0	0,0,0,0,0,0,1,0,0,0	0,0,0,0,1,0,0,0,0,0	348	75
96	12,14,14,9,8,17,13,13,5,15	0,2,3,1,1,2,0,0,0,1	12,15,12,9,7,16,12,14,6,5	0,1,2,0,1,2,0,1,0,0	97	75
97	25,35,18,14,20,22,38,30,38,31	0,0,0,0,0,0,0,0,0,1	17,29,22,27,31,23,19,31,25,26	0,0,0,1,1,0,1,0,0,0	2266	75
99	6,2,1,0,1,1,0,0,0,1	45,45,54,34,35,46,39,35,36,35	3,2,1,0,0,2,0,2,4,1	51,34,40,26,39,38,40,34,44,52	79	75
100	17,10,6,6,12,4,10,10,11,4	0,0,0,0,0,0,0,0,0,0	8,16,6,10,6,11,6,8,3,9	0,0,0,0,1,0,0,0,0,0	78	75
101	14,22,13,16,14,8,20,11,15,10	25,14,21,26,29,22,19,28,21,23	16,22,16,14,12,13,12,8,19,13	11,23,18,18,21,15,20,19,27,8	588	75
106	0,2,2,4,5,3,6,2,2,1	4,6,6,3,5,5,3,5,3,4	1,3,2,2,2,5,1,1,1,3	2,5,3,9,10,7,12,1,2,4	159	75
107	1,2,1,1,3,0,0,1,4,4	112,132,133,139,111,114,90,106,106,144	0,1,6,0,0,0,1,0,1,1	127,104,129,126,110,133,116,135,109,114	178	75
108	132,144,166,165,158,136,119,121,137,163	1,0,0,0,0,0,0,0,0,0	152,141,183,150,122,163,137,167,130,152	1,2,0,0,0,0,0,0,0,0	566	75
110	1,0,0,0,0,4,0,2,0,0	18,24,18,13,25,20,21,22,25,14	0,0,0,1,0,0,1,1,0,0	17,26,17,12,12,16,23,26,28,22	133	75
111	55,50,43,47,55,58,37,47,53,49	0,0,0,1,0,1,0,0,0,0	36,45,52,61,55,46,54,49,33,34	0,0,0,0,0,0,0,0,0,0	117	75
114	10,5,20,12,12,9,8,3,11,9	22,6,18,9,5,7,9,9,8,13	11,13,9,11,5,21,11,8,5,11	19,6,12,10,6,12,13,17,11,13	78	75
115	1,1,0,1,1,0,0,0,2,3	0,0,0,0,0,0,0,0,0,0	0,1,1,0,0,0,0,0,3,1	0,0,0,0,0,1,0,0,0,0	151	75
116	15,17,17,16,9,15,12,19,19,12	0,0,0,1,0,0,0,0,0,0	8,15,13,9,15,16,20,18,18,19	0,0,0,0,0,1,0,0,0,0	113	75
122	56,43,54,26,33,43,43,38,46,36	0,0,0,1,0,0,0,0,0,0	42,39,36,29,34,39,54,43,29,49	0,0,0,1,0,1,0,1,0,0	146	75
124	153,160,153,126,141,171,111,101,132,125	0,3,0,1,1,0,0,0,1,0	143,155,117,131,123,130,118,138,146,131	2,2,0,0,3,2,1,0,1,0	102	75
125	41,40,47,46,38,51,36,26,47,42	5,6,6,1,3,6,3,0,6,2	64,53,47,57,40,48,54,46,51,39	3,3,2,5,3,3,4,0,5,1	169	75
126	26,21,27,34,21,24,16,17,37,25	0,0,0,0,0,1,0,0,0,0	44,41,22,36,24,27,37,23,33,25	1,2,0,0,0,0,0,0,0,0	169	75
128	18,18,13,13,19,11,15,18,6,20	4,0,3,2,2,0,0,0,0,0	14,11,11,12,15,15,10,20,30,21	0,1,0,0,1,1,1,0,1,0	100	75
130	2,2,3,0,1,0,1,2,0,0	44,28,39,21,32,30,25,25,42,48	1,1,1,4,3,0,1,0,2,1	32,36,31,30,26,40,18,27,22,29	173	75
131	5,6,4,2,2,3,5,1,4,3	0,0,0,0,0,0,0,0,0,0	5,5,3,3,3,0,5,6,6,2	0,0,0,0,1,0,0,0,0,0	85	75
132	46,32,42,45,39,27,38,12,42,40	2,3,3,4,4,4,4,5,6,5	33,40,37,27,33,33,32,28,25,18	3,6,2,2,1,4,3,1,3,7	121	75
133	5,7,4,2,6,2,4,9,5,5	117,117,125,84,114,82,93,91,114,96	3,6,7,4,5,6,5,4,4,2	92,123,82,100,100,130,110,97,119,126	79	75
134	173,146,168,173,154,155,133,122,171,138	0,0,0,1,0,0,0,0,0,0	154,146,160,151,155,156,153,119,157,150	0,0,0,0,0,0,0,0,0,0	180	75
136	2,4,7,9,10,9,5,3,3,7	22,17,11,13,9,20,6,11,18,17	14,8,5,5,7,10,4,6,3,7	12,16,12,12,13,12,5,11,11,13	81	75
137	91,53,67,79,85,80,93,63,56,90	0,0,0,0,0,0,0,0,0,1	64,88,65,85,76,91,90,86,61,50	0,0,0,0,0,0,0,0,0,0	487	75
138	85,95,67,72,65,59,61,49,50,72	0,0,0,0,0,2,0,0,1,0	78,86,57,59,63,76,75,67,74,74	0,1,0,0,0,0,1,0,0,0	459	75
139	1,0,0,0,0,0,0,0,0,0	4,4,4,2,5,7,3,1,1,1	1,0,0,0,0,0,0,0,0,0	2,5,1,4,6,3,1,2,3,3	79	75
140	5,3,3,5,1,4,0,4,8,3	89,58,69,84,59,72,56,62,54,63	7,3,2,3,6,6,1,3,2,1	72,68,68,64,68,77,70,61,51,52	80	75
141	30,26,32,29,24,31,18,19,22,27	0,1,0,0,0,0,0,0,0,0	20,20,22,26,21,20,25,17,20,21	0,0,0,0,0,0,1,0,0,0	2361	75
142	34,35,37,32,26,40,24,26,27,29	0,1,0,1,0,2,0,1,0,1	24,25,23,29,23,25,26,21,23,24	0,0,0,3,0,0,0,0,0,0	2598	75
143	4,10,5,3,2,9,6,7,5,2	0,1,0,1,0,2,0,1,0,1	4,5,1,3,2,5,2,4,3,3	0,0,0,3,0,0,0,0,0,0	312	75
147	5,14,11,16,1,7,15,20,6,11	0,0,0,0,0,0,0,0,0,0	10,13,5,8,11,7,7,10,8,11	0,0,0,0,0,0,0,1,0,0	268	75
148	2,1,2,4,0,3,9,5,1,4	10,4,9,7,7,6,7,1,8,9	6,2,3,2,4,4,5,2,6,2	5,5,3,3,11,5,5,2,10,8	101	75
149	21,14,13,14,21,21,14,17,19,26	30,24,22,21,29,22,19,18,24,26	24,32,17,20,20,34,15,20,13,19	32,18,13,23,28,25,20,29,14,21	86	75
150	7,4,5,5,12,4,7,5,10,6	0,1,0,1,0,0,1,0,0,1	8,5,2,4,5,13,5,7,6,2	0,3,0,0,0,1,1,0,0,0	86	75
151	69,70,75,60,84,59,56,51,77,68	1,1,4,0,3,3,0,1,1,2	70,70,51,67,72,63,70,46,58,55	0,0,1,2,2,2,2,1,0,2	272	75
153	0,0,1,1,1,1,0,1,1,0	129,120,131,90,95,103,101,91,107,93	1,1,1,2,1,2,2,1,2,1	110,96,113,107,131,97,119,105,99,84	90	75
154	87,88,87,62,67,83,69,66,77,90	1,0,0,0,0,0,0,0,0,0	79,78,80,68,84,68,80,68,70,99	0,0,0,0,0,0,0,1,0,0	93	75
155	0,0,0,0,0,0,1,2,0,0	81,78,103,87,58,98,95,63,69,64	0,0,0,0,0,0,0,0,0,0	80,94,105,67,92,62,62,62,85,72	84	75
157	50,52,63,45,40,35,49,44,41,40	5,4,1,2,5,1,2,2,1,1	58,36,41,37,37,55,40,32,50,34	1,8,0,0,0,2,7,5,1,2	186	75
159	0,1,0,0,0,0,0,0,1,0	20,19,22,16,8,16,21,11,11,16	0,0,0,2,0,1,0,0,1,0	14,27,15,14,13,19,14,9,13,16	127	75
160	5,8,2,4,4,9,5,5,4,12	2,0,2,1,1,0,0,1,2,3	5,7,6,4,6,5,11,5,9,6	1,0,0,1,2,2,0,3,1,0	98	75
161	117,93,81,100,105,80,74,75,111,80	4,0,4,2,4,5,1,1,5,0	65,96,91,82,70,85,106,79,94,78	1,1,4,3,4,1,4,4,4,1	1151	75
162	7,2,5,6,3,10,6,6,7,2	1,3,2,3,2,4,1,2,2,1	6,8,6,4,4,4,7,4,6,3	2,1,3,7,3,3,0,2,0,4	364	75
163	0,0,0,0,1,0,0,0,0,0	0,2,0,0,0,1,1,0,1,1	0,3,0,0,0,0,0,0,2,0	0,0,0,1,0,0,1,0,1,0	81	75
164	93,82,82,82,62,68,50,62,78,74	0,0,2,0,1,0,0,0,0,0	81,97,70,75,65,79,83,78,68,91	1,0,0,0,0,0,0,0,1,0	404	75
165	124,132,130,131,137,122,108,106,130,137	0,0,0,0,0,0,0,0,0,0	135,113,106,103,118,125,122,113,122,100	0,0,0,1,0,0,0,0,0,0	212	75
166	5,1,3,1,3,3,3,3,3,6	14,13,19,19,23,16,4,11,13,15	4,5,0,1,6,4,2,4,5,2	22,13,14,14,13,13,17,16,7,14	720	75
167	4,2,0,1,3,1,3,3,2,1	0,0,0,0,0,0,0,1,0,0	4,1,1,1,3,0,5,2,4,1	0,0,0,2,0,0,0,1,0,0	100	75
168	7,3,4,7,4,5,8,6,5,6	15,14,14,14,15,11,14,9,16,9	8,5,3,3,14,2,10,2,12,4	11,11,13,10,13,12,18,16,14,10	100	75
169	22,26,26,22,28,31,18,17,28,25	0,0,0,0,0,0,0,0,0,0	19,21,18,30,31,30,38,19,29,25	0,0,0,0,0,0,0,0,0,2	370	75
170	36,45,41,35,46,45,34,27,38,43	0,0,0,0,0,0,0,0,1,0	34,32,31,50,42,44,54,36,42,43	0,2,0,1,0,0,0,0,0,0	537	75
171	14,19,15,13,18,14,16,10,10,18	0,0,0,0,0,0,0,0,1,0	15,11,13,20,11,14,16,17,13,20	0,2,0,1,0,0,0,0,0,0	242	75
172	0,0,0,0,1,0,1,0,1,0	74,64,51,60,44,62,51,53,58,36	0,0,0,0,0,0,0,0,0,0	65,56,55,57,65,44,57,52,73,57	79	75
174	0,1,0,0,0,1,0,0,0,0	13,10,16,12,7,12,16,12,8,12	0,1,0,1,0,1,0,0,0,0	7,11,11,8,5,14,11,9,5,10	138	75
175	1,4,0,3,0,1,0,3,0,2	0,0,0,0,0,0,0,1,0,0	4,1,4,4,0,2,5,5,3,1	0,0,0,0,0,0,0,0,0,0	129	75
176	378,319,353,316,319,261,279,276,306,290	0,1,0,0,0,0,1,0,1,0	318,305,301,315,363,328,344,291,323,251	0,0,0,0,1,0,0,0,0,0	217	75
177	0,0,3,1,0,3,1,2,2,0	0,0,0,0,0,0,0,0,1,0	0,0,0,0,0,3,0,1,0,1	0,0,0,0,0,0,0,0,0,0	151	75
178	78,69,77,60,62,57,44,44,74,60	5,14,15,9,7,4,3,8,8,9	83,60,54,63,65,67,73,64,78,56	13,12,4,9,8,5,8,9,13,7	144	75
179	156,157,181,131,161,131,120,142,158,137	0,0,0,0,0,0,0,0,0,0	136,129,144,143,146,136,143,113,121,119	0,0,0,0,1,0,0,0,4,0	307	75
180	166,166,193,141,172,137,127,149,165,150	0,0,0,1,0,0,0,0,0,0	147,149,161,153,155,149,157,122,126,128	0,0,0,0,0,0,0,0,0,0	347	75
181	10,9,12,10,11,6,7,7,7,13	0,0,0,1,0,0,0,0,0,0	11,20,17,10,10,13,14,9,9,9	0,0,0,0,0,0,0,0,0,0	115	75
185	5,4,3,3,1,3,3,5,0,2	28,33,34,28,20,15,23,27,26,29	8,2,5,4,3,4,2,2,2,1	22,24,19,13,25,31,26,25,25,17	78	75
186	2318,2185,2388,1972,1994,1946,1899,1601,1851,2003	1,3,1,3,1,2,2,0,0,0	2213,2060,2012,1942,2113,2229,2293,1869,1984,1948	6,2,4,4,1,0,3,0,0,1	133	75
187	1282,1189,1281,1039,1091,1063,1011,851,964,1096	0,0,0,0,0,0,0,0,0,0	1221,1127,1115,1017,1174,1141,1226,1008,1028,1036	0,0,0,0,0,1,0,0,0,0	133	75
188	476,488,543,453,419,506,430,343,411,490	0,0,0,1,0,3,0,0,2,0	498,478,476,496,488,466,527,454,510,428	5,0,0,0,0,3,0,2,0,0	174	75
189	804,813,948,719,728,762,679,554,681,766	0,0,0,1,0,3,0,0,2,0	799,754,783,761,772,771,858,724,790,672	5,0,0,0,0,3,0,2,0,0	181	75
190	329,325,405,266,309,256,249,211,270,277	1,0,0,0,0,0,0,0,0,1	301,276,307,265,284,305,331,270,280,244	0,0,0,0,0,0,0,0,0,0	82	75
191	536,505,509,473,447,447,509,354,376,446	0,0,0,0,1,0,1,0,0,0	466,465,426,411,437,458,547,423,449,421	2,1,2,0,2,0,0,0,0,0	726	75
192	144,136,180,127,143,119,145,118,135,124	3,1,0,0,0,0,0,0,0,0	138,146,119,111,123,126,136,121,134,129	1,1,0,0,0,0,0,0,0,0	404	75
193	0,0,3,3,5,2,0,0,2,1	3,1,1,1,0,9,7,7,3,4	0,1,3,0,2,2,3,3,0,1	5,3,7,1,3,2,6,4,4,4	106	75
194	0,0,1,0,0,0,0,0,2,1	10,6,5,8,11,8,7,9,11,10	0,0,0,0,0,0,0,0,0,2	3,12,6,15,4,7,5,16,7,8	82	75
196	22,16,5,11,7,12,10,19,23,20	31,33,27,35,27,29,18,35,27,31	11,17,6,8,11,9,11,8,14,12	24,40,25,24,27,34,32,33,32,17	78	75
197	62,52,44,43,46,44,29,38,44,52	0,0,0,1,0,3,0,0,2,2	48,64,48,49,53,57,52,62,64,39	0,1,0,0,1,4,0,0,0,1	84	75
198	748,678,679,588,580,576,558,475,574,598	1,1,0,0,1,0,1,0,1,0	596,616,518,555,619,627,603,602,576,560	0,2,1,1,0,4,2,0,1,2	83	75
199	51,54,38,50,35,44,41,40,52,52	0,0,0,0,0,0,0,1,0,0	47,39,51,53,47,53,49,43,50,42	0,1,1,0,2,1,0,0,0,0	115	75
200	13,25,12,20,9,8,16,12,14,23	4,2,3,1,4,4,2,1,1,5	7,18,17,13,17,16,27,19,12,12	2,0,0,0,7,4,2,1,1,4	105	75
202	0,0,0,0,0,0,0,0,1,0	29,32,31,26,24,24,28,22,15,13	0,0,0,0,0,0,0,0,0,0	21,26,21,22,31,25,22,18,14,29	79	75
203	91,103,84,70,92,93,61,64,94,79	349,315,365,261,289,277,248,272,277,259	82,113,78,100,76,97,66,72,68,82	309,352,274,292,267,313,288,298,294,326	135	75
204	25,30,20,21,35,27,14,16,17,27	34,14,14,19,29,17,23,16,13,18	16,38,33,29,30,24,24,26,18,22	23,25,21,27,15,22,24,22,13,24	135	75
205	183,213,211,187,210,153,146,149,195,189	112,127,135,107,104,104,63,113,132,73	195,235,174,205,201,244,192,185,159,198	116,114,125,128,99,129,111,110,135,115	105	75
206	154,134,191,99,158,145,123,125,132,166	49,42,43,32,40,31,30,22,33,32	134,155,132,131,139,154,161,134,129,127	50,42,34,43,40,51,48,35,41,49	105	75
207	5,12,13,2,8,6,11,12,9,5	10,3,12,5,6,7,4,5,5,13	5,6,10,8,6,7,5,5,8,11	3,7,10,8,3,4,6,5,4,2	102	75
208	65,68,98,78,57,58,58,67,63,42	3,3,2,3,2,1,0,3,4,4	45,67,57,73,49,49,57,55,61,48	2,8,5,2,6,3,3,4,1,0	127	75
209	34,34,64,46,51,45,63,28,37,29	0,0,0,0,0,0,1,0,0,0	39,43,35,34,64,25,34,48,34,56	0,0,1,0,0,0,0,0,0,0	899	75
212	78,65,65,67,57,73,61,51,49,69	2,4,7,6,4,4,3,4,1,4	57,82,67,55,87,68,49,60,68,59	0,2,7,1,4,2,4,4,6,4	103	75
213	24,16,39,28,27,29,15,15,19,22	1,0,0,0,0,0,0,0,1,0	17,23,20,28,17,15,18,15,24,27	0,0,0,1,1,0,0,0,0,0	79	75
214	147,130,154,110,128,115,118,124,112,147	0,0,0,0,0,0,0,0,0,0	133,125,101,127,108,136,165,102,132,83	0,0,2,0,0,0,0,0,0,0	946	75
215	174,182,178,136,144,122,140,158,144,167	0,0,1,2,1,1,0,1,0,2	149,141,122,144,136,191,188,132,154,126	1,0,2,2,0,0,0,1,0,0	218	75
219	5786,5462,6062,5276,4767,5344,4854,4104,4989,5357	0,0,1,1,0,0,0,0,0,0	5166,5237,5175,5104,5574,5527,5410,5083,5006,5220	0,0,0,0,0,0,0,1,0,1	262	75
220	16,12,10,7,9,11,6,8,9,6	87,101,94,73,82,102,55,85,82,85	10,19,13,16,11,8,11,11,10,8	98,94,111,109,83,85,55,88,71,62	80	75
221	83,76,84,70,70,60,85,71,91,61	0,0,3,0,0,1,0,1,0,0	55,94,66,88,79,81,87,69,83,66	0,0,1,2,0,2,0,1,0,0	360	75
222	17,12,16,12,3,13,16,11,12,11	55,38,47,42,26,35,35,27,39,42	11,13,9,11,12,10,15,17,8,16	34,47,46,34,29,54,39,34,32,32	211	75
223	135,122,161,120,133,137,135,99,97,112	0,1,0,2,1,3,1,3,0,2	119,117,127,135,127,116,148,128,150,112	0,0,2,0,7,2,1,1,1,1	361	75
225	10,13,10,4,6,3,12,4,9,8	16,19,15,11,10,8,7,9,17,16	4,4,3,12,5,7,9,6,8,1	9,9,15,14,9,5,8,16,13,6	87	75
226	30,25,33,19,28,12,24,35,29,26	4,1,5,5,7,2,5,4,4,1	29,18,23,37,31,25,32,27,29,21	2,5,2,2,4,2,2,7,0,3	102	75
227	55,38,46,50,40,43,37,36,43,43	0,0,0,0,0,0,0,0,1,0	45,40,29,44,31,40,46,43,46,26	1,0,0,0,0,0,0,0,0,0	1350	75
228	2,0,1,0,4,1,2,1,1,0	1,2,1,1,3,3,1,2,1,1	1,0,0,2,0,0,2,2,3,1	3,0,4,1,2,0,3,3,2,1	3300	75
229	5,2,2,3,4,2,5,0,6,4	76,62,76,67,69,48,45,48,47,49	2,1,4,2,3,8,5,2,2,4	61,55,65,55,50,56,43,54,52,43	130	75
230	14,26,22,24,18,20,22,14,19,28	43,56,50,51,47,50,41,40,34,57	18,16,20,22,24,21,37,20,16,19	46,46,43,39,37,35,43,51,47,55	81	75
231	10,11,16,12,7,18,11,10,8,13	19,19,23,16,13,20,13,21,18,23	10,13,13,5,14,11,4,9,15,6	13,21,19,15,18,28,29,12,17,16	90	75
232	79,80,86,72,62,73,65,58,74,79	28,16,31,23,30,22,29,27,36,29	64,69,63,51,67,83,91,77,72,73	18,24,17,29,34,26,23,21,26,17	108	75
238	567,521,630,478,533,458,453,408,514,539	8,13,11,12,7,13,8,5,9,6	521,617,539,459,518,546,566,458,467,420	6,12,2,12,6,9,13,12,5,10	148	75
239	74,52,73,66,61,64,63,59,68,59	0,1,0,0,0,0,0,0,0,0	55,71,63,68,81,71,73,72,63,51	0,0,0,0,0,0,0,0,0,0	122	75
240	1,3,8,6,4,1,3,3,4,2	28,22,30,19,20,21,22,25,13,25	2,6,4,3,0,0,1,7,4,0	10,27,22,11,20,14,23,16,23,19	79	75
241	26,14,37,28,18,15,17,25,20,17	0,4,3,1,0,2,0,0,3,1	19,25,20,16,20,14,11,30,26,20	0,5,1,3,0,1,1,1,2,1	131	75
242	53,33,59,41,34,35,36,47,29,40	0,4,3,1,0,2,0,0,3,1	27,46,38,24,40,28,33,39,45,39	0,5,1,3,0,1,1,1,2,1	127	75
243	1,1,0,1,0,0,1,0,0,0	8,6,7,9,6,5,6,9,9,9	0,0,0,0,0,1,0,0,0,2	5,8,12,8,7,13,11,5,5,6	85	75
246	0,3,1,0,2,0,0,0,1,0	0,0,0,0,0,0,1,1,0,0	0,1,1,2,0,2,0,0,0,1	0,1,0,0,0,0,0,0,0,0	94	75
247	0,1,1,0,0,0,0,0,1,0	0,0,0,0,0,0,0,0,0,0	0,1,1,2,0,0,0,0,0,0	0,0,0,0,0,1,0,0,0,0	94	75
248	0,1,1,0,0,0,0,2,2,0	0,0,0,0,0,1,0,0,0,0	0,1,1,1,0,0,1,0,1,0	0,0,0,0,0,0,1,0,0,0	94	75
249	11,4,5,8,6,8,6,8,10,10	0,0,0,0,0,0,0,0,0,0	6,10,6,10,7,6,10,9,5,9	0,0,2,0,0,0,0,0,0,0	248	75
250	8,6,15,13,9,7,7,10,12,9	6,3,2,1,2,2,0,10,6,4	10,8,8,4,8,12,5,9,8,5	1,6,3,1,4,1,3,1,6,5	84	75
251	18,28,22,28,26,31,22,30,16,26	0,1,0,0,0,0,1,1,0,0	21,29,28,24,25,17,27,30,30,26	4,0,0,0,0,0,0,0,1,0	110	75
252	3,2,4,2,5,5,1,3,4,3	0,0,0,0,0,0,0,0,0,0	3,4,6,8,0,2,5,4,10,3	0,0,1,0,0,0,0,0,0,0	93	75
253	1609,1619,1633,1361,1302,1485,1320,1188,1313,1418	274,284,378,278,295,249,224,210,263,282	1312,1541,1478,1425,1464,1502,1463,1367,1336,1423	292,306,290,203,269,292,252,238,237,276	126	75
254	3,9,7,6,3,5,5,9,6,9	20,15,34,12,31,22,21,28,19,22	11,5,3,7,5,6,8,8,4,7	16,22,23,20,23,23,22,24,20,15	81	75
255	425,476,448,427,357,399,394,387,403,433	0,0,0,0,1,0,0,0,0,0	393,428,338,363,422,423,482,336,404,362	1,0,0,0,0,0,0,0,0,0	3189	75
257	15,17,12,18,17,10,17,9,14,20	6,17,11,13,13,9,13,5,9,7	7,10,17,7,10,12,9,9,8,5	6,4,5,5,6,12,11,7,6,1	129	75
258	70,65,79,80,62,76,64,57,38,61	11,13,15,16,14,12,14,9,5,20	91,101,65,69,53,62,52,63,59,67	7,8,14,13,14,11,6,9,5,11	177	75
260	76,75,81,86,102,92,87,77,74,82	0,0,0,0,0,1,0,0,0,1	65,72,89,75,70,62,84,109,88,106	0,0,0,0,1,0,0,3,0,0	414	75
261	89,70,86,60,70,80,58,45,57,73	0,0,0,0,0,0,0,0,0,0	64,66,79,72,77,76,60,73,54,77	0,1,0,0,0,0,0,0,0,0	82	75
263	8,5,1,10,5,0,6,5,0,0	46,39,57,44,39,36,41,30,34,35	0,4,3,2,2,2,3,2,3,1	58,38,42,39,43,47,41,36,39,36	115	75
264	370,355,394,340,322,356,331,316,373,309	5,11,8,5,4,8,4,8,7,12	300,361,339,403,371,372,430,347,319,349	5,5,4,6,4,10,7,6,4,12	249	75
265	3,3,2,1,1,2,1,1,1,2	0,0,0,0,0,0,0,0,1,0	2,1,0,1,2,1,2,0,0,0	0,1,0,0,0,0,0,0,0,1	490	75
267	0,0,0,0,0,0,0,0,0,0	0,2,2,0,2,0,0,2,0,0	0,0,0,0,0,0,1,0,0,0	0,0,0,0,1,0,2,1,0,0	94	75
268	1,0,0,0,0,0,0,0,0,0	17,13,28,10,13,15,11,10,9,20	0,0,0,0,0,0,0,0,0,1	19,25,13,6,17,22,14,16,15,12	145	75
272	10,17,17,12,17,10,12,14,12,17	0,0,0,1,0,0,0,1,2,3	14,17,13,18,14,12,13,16,14,5	0,0,0,0,0,2,2,3,0,1	287	75
273	2,3,3,0,2,1,1,3,2,3	2,7,7,4,11,5,5,4,4,5	4,4,1,2,0,0,4,4,4,1	6,9,2,6,0,5,5,4,4,6	106	75
275	77,78,69,66,58,72,75,74,84,52	21,19,24,21,18,19,20,25,14,10	48,76,73,72,59,70,75,82,73,84	10,13,15,19,26,23,17,25,21,24	120	75
276	202,205,221,161,165,206,141,191,202,151	0,1,0,1,0,0,0,0,0,0	159,200,177,211,163,207,222,194,162,175	0,0,0,0,0,1,0,1,0,0	105	75
277	238,283,228,241,189,256,191,222,255,197	1,1,1,0,1,1,0,0,0,3	201,253,214,271,233,246,289,268,287,277	0,0,0,0,0,1,0,0,1,0	228	75
278	0,0,2,1,2,3,2,2,10,1	26,27,32,18,15,25,24,10,30,15	3,2,2,2,5,1,3,2,2,3	16,18,21,26,25,22,24,25,20,15	81	75
279	11969,10470,12910,11007,11434,12216,10462,10513,11260,11494	0,0,0,0,0,1,0,0,0,0	10131,14085,10825,9781,9997,12253,10632,10114,9845,9176	0,0,0,0,0,0,0,0,0,0	1419	75
280	1,1,2,4,1,3,1,3,2,1	21,16,13,14,13,13,15,20,24,15	1,0,1,3,2,1,3,7,1,1	14,13,16,13,18,25,18,16,15,20	103	75
282	0,0,0,0,2,1,0,1,0,0	5,1,2,3,3,3,5,5,3,1	0,0,1,4,1,1,5,3,2,1	6,0,3,1,5,3,8,2,3,5	103	75
283	3,7,3,1,4,5,2,7,7,9	1,3,0,1,1,2,2,4,4,1	6,6,7,5,4,9,2,2,6,8	2,1,2,2,1,0,3,1,0,1	293	75
284	2,6,3,1,4,2,2,6,8,5	0,1,1,0,0,0,1,0,1,1	5,5,7,6,4,8,1,2,6,8	0,0,0,0,0,0,0,0,0,0	293	75
285	5,1,0,0,0,1,1,1,1,3	9,12,11,11,4,7,3,7,12,9	1,0,1,4,2,0,4,1,4,3	7,11,3,11,8,8,15,3,6,8	266	75
287	22,16,16,13,23,17,27,21,11,15	3,1,5,1,1,3,1,0,3,2	20,26,17,18,18,24,26,17,17,26	0,0,2,1,3,1,0,2,2,4	127	75
289	20,15,38,30,24,25,26,20,24,29	0,0,0,0,0,0,0,1,0,2	19,19,20,15,33,36,16,9,16,17	0,0,0,0,0,0,0,0,0,0	128	75
290	102,82,89,73,95,92,81,77,76,78	0,0,1,0,0,0,0,0,1,0	96,80,97,94,74,114,74,89,82,95	0,0,0,0,0,0,0,0,1,0	190	75
291	1,1,3,2,1,1,1,0,1,1	71,64,69,43,51,41,54,50,54,59	0,3,0,1,1,0,0,2,0,1	51,63,59,51,64,52,63,47,62,44	134	75
293	11,7,14,14,2,6,12,14,6,8	0,0,0,0,0,0,0,0,0,0	8,5,0,5,9,7,16,10,10,11	0,0,0,1,0,0,0,0,0,0	762	75
296	215,206,184,186,165,179,177,170,172,178	3,3,7,3,3,5,6,2,8,2	160,212,177,177,196,186,219,198,225,224	2,3,7,6,3,6,4,3,1,6	135	75
297	67,75,64,56,54,65,66,59,60,66	27,35,29,26,30,46,24,22,23,33	67,68,66,70,71,52,50,52,65,63	38,42,34,38,33,42,32,25,50,36	76	75
298	112,104,102,92,99,118,107,101,75,101	0,0,0,0,0,0,0,0,0,0	87,105,105,96,83,115,118,120,98,87	0,0,0,0,0,1,0,0,0,0	229	75
299	149,142,130,142,122,155,123,109,135,120	0,1,0,0,0,0,0,0,0,0	111,146,131,142,118,160,167,145,123,139	1,0,0,1,0,0,0,0,0,0	230	75
300	78,117,75,72,72,90,90,64,83,96	0,0,2,0,1,0,0,0,0,0	90,84,90,81,87,82,73,71,90,90	0,0,0,0,0,0,0,0,0,0	364	75
302	78,56,62,80,57,40,110,79,87,68	0,0,0,0,1,0,0,0,0,0	66,84,53,77,56,76,54,51,118,87	0,0,0,0,0,0,0,0,0,0	946	75
303	6,6,7,3,3,2,7,4,2,8	24,31,38,21,18,23,17,23,30,24	6,5,2,2,5,4,12,4,5,3	27,30,32,24,16,24,26,24,28,28	131	75
304	1,2,0,0,1,0,0,0,1,0	4,1,1,0,0,0,2,0,3,1	0,2,1,0,0,0,0,0,0,0	2,1,0,3,1,1,1,2,3,2	152	75
305	14,11,12,10,13,11,7,12,8,7	0,0,1,0,1,0,2,0,1,0	9,10,4,6,8,9,6,10,8,8	1,1,5,0,1,0,1,2,0,1	86	75
307	37,43,37,29,38,25,30,27,33,30	0,0,0,0,1,1,0,0,1,0	26,24,38,31,23,33,33,28,41,33	1,1,0,1,0,0,1,0,0,0	79	75
308	27,19,23,25,16,17,14,20,21,28	0,0,0,1,1,0,0,0,0,0	20,26,16,21,15,16,32,19,22,24	1,0,0,0,0,0,0,0,0,1	292	75
309	3,1,3,0,0,0,0,0,0,1	0,0,0,0,0,0,0,1,0,0	0,1,0,0,0,0,1,3,0,0	0,0,0,0,0,0,0,0,0,0	87	75
310	45,75,57,57,53,53,54,51,68,55	0,0,0,1,0,0,0,1,0,0	59,58,46,55,49,64,54,74,58,54	0,0,0,0,0,0,0,0,0,0	214	75
311	25,20,28,21,16,20,17,28,20,23	5,10,7,5,11,10,5,7,6,5	15,13,28,22,24,26,19,26,18,16	5,10,3,12,2,5,5,11,5,5	156	75
312	132,133,176,97,116,111,114,98,114,114	0,0,0,1,1,0,0,0,0,1	125,125,124,119,135,141,123,84,130,136	0,0,0,0,0,0,0,0,1,1	411	75
313	64,66,59,51,55,64,51,49,47,55	0,0,0,0,0,0,0,0,2,0	57,49,47,49,37,59,53,57,58,53	0,0,0,0,0,1,0,0,0,0	596	75
314	7,8,6,8,8,11,4,6,3,4	0,1,0,1,0,1,0,0,0,1	3,5,11,8,2,7,6,8,4,2	1,0,2,0,1,0,0,0,1,0	80	75
316	0,0,0,0,0,0,0,0,0,0	0,1,1,0,2,0,0,0,1,1	0,0,1,0,0,0,0,0,0,0	1,0,0,1,0,0,0,0,0,0	79	75
318	27,22,19,16,17,30,28,27,16,34	3,4,2,5,10,10,5,3,4,10	14,21,28,19,22,30,24,28,28,33	7,6,10,10,7,6,7,3,10,3	96	75
319	88,98,124,80,95,83,71,73,78,102	7,0,2,2,5,0,4,0,7,2	95,90,76,90,87,98,118,82,80,70	2,3,2,5,3,1,0,2,4,0	113	75
329	0,0,0,0,0,0,0,0,1,1	1,3,4,5,4,2,5,1,2,4	0,1,0,0,1,0,1,0,0,0	6,4,4,2,5,3,6,3,2,3	77	75
330	134,177,166,136,188,128,166,138,162,128	1,0,0,0,0,0,0,0,0,0	151,146,151,163,129,133,150,152,147,133	0,0,0,0,0,0,0,0,0,0	3402	75
331	104,125,113,99,124,83,118,93,115,79	0,0,0,0,0,0,1,0,0,0	99,101,106,113,92,79,97,114,112,101	0,0,0,0,0,0,1,0,0,0	3402	75
332	1,0,0,0,0,2,0,0,0,0	256,281,260,232,251,246,206,242,228,271	0,0,1,0,0,0,0,1,0,0	253,284,228,265,238,267,278,257,220,230	122	75
333	12,5,8,10,8,6,8,10,3,7	32,29,23,26,37,33,19,27,24,30	6,6,2,9,7,15,8,6,9,9	28,32,29,31,26,29,30,29,29,37	380	75
337	1,1,0,1,0,0,0,0,1,2	2,1,0,2,1,0,0,1,0,1	1,1,3,1,1,0,0,2,2,1	0,1,1,0,1,0,1,3,0,4	997	75
338	55,64,71,51,45,58,60,57,62,58	1,6,5,4,3,10,4,1,1,5	69,55,38,58,48,70,70,68,60,72	3,5,4,2,2,3,7,4,2,5	86	75
341	36,32,21,26,29,32,24,25,32,39	3,2,0,0,2,1,1,1,1,0	31,24,33,30,25,48,33,34,28,21	0,0,0,0,0,0,3,1,1,0	108	75
342	12,10,11,5,10,8,8,7,9,9	0,0,1,0,0,0,0,0,0,0	4,10,10,12,3,6,8,9,11,9	0,0,0,0,0,0,1,0,0,0	263	75
343	451,481,454,518,459,368,557,452,457,398	5,3,6,4,5,3,10,1,6,5	433,555,378,464,375,365,333,464,598,468	3,6,9,2,2,3,5,3,2,4	2751	75
345	0,5,1,0,0,1,1,0,0,1	158,151,153,135,139,152,102,117,145,169	1,2,2,0,0,1,1,1,1,3	150,139,151,155,151,152,168,184,132,144	229	75
347	29,19,17,19,21,20,18,30,30,27	0,0,1,1,0,1,0,2,0,0	26,30,9,13,23,16,12,17,17,13	0,1,1,0,1,0,0,0,0,1	105	75
348	10,8,7,9,14,7,2,15,13,11	0,0,0,0,0,0,0,0,0,0	13,14,5,5,16,8,2,9,11,4	0,0,2,0,0,0,0,0,0,0	105	75
349	6,13,18,14,12,13,10,18,15,13	5,5,9,6,7,13,9,5,6,4	15,22,15,14,13,10,11,7,18,14	4,10,13,1,5,3,14,12,10,3	92	75
350	5,6,10,10,5,4,3,4,8,5	9,6,12,11,6,6,7,8,6,11	5,6,3,9,8,6,4,7,7,1	12,10,5,4,9,10,7,3,10,7	87	75
351	5,10,4,5,5,3,2,4,4,9	34,28,27,27,24,22,17,22,26,27	7,6,7,5,3,10,3,7,4,2	23,31,32,15,32,28,30,26,25,21	78	75
352	1,0,0,1,2,1,0,0,1,0	32,27,23,16,26,38,25,19,16,26	0,1,0,1,0,2,0,1,0,1	35,19,28,25,23,26,24,17,18,21	121	75
353	38,34,34,37,27,55,38,24,29,48	3,6,4,3,6,6,6,6,5,3	37,37,42,31,40,39,35,32,42,27	4,6,7,6,7,2,1,9,10,7	79	75
354	30,32,32,29,22,32,29,30,20,26	0,0,1,0,0,0,0,0,0,0	40,31,26,20,23,48,27,26,18,29	0,0,0,0,0,0,0,0,0,0	383	75
355	30,32,32,29,22,32,29,30,20,26	0,1,0,0,0,0,0,1,0,0	40,31,26,20,23,48,27,26,18,29	0,0,0,0,0,0,0,0,0,2	387	75
356	0,0,1,0,0,0,0,0,0,0	0,1,0,0,0,0,0,1,0,0	0,0,0,0,0,0,0,0,0,0	0,0,0,0,0,0,0,0,0,2	79	75
357	20,19,22,15,19,37,17,23,18,20	0,2,2,1,0,0,0,1,1,1	28,31,26,14,20,33,30,20,15,26	0,0,0,0,0,2,0,0,0,0	79	75
359	1,0,0,0,0,0,1,0,0,0	16,12,18,21,10,7,9,10,22,19	2,0,0,0,2,0,0,0,1,1	21,14,14,17,23,13,20,23,12,19	85	75
360	440,419,414,332,381,383,294,326,366,412	0,0,0,0,0,0,0,0,0,0	394,474,379,357,370,427,372,394,380,353	0,0,0,0,1,0,0,1,0,0	273	75
362	10,11,10,15,11,11,15,10,10,6	12,12,13,9,12,9,19,9,7,14	11,11,4,10,9,6,13,13,11,11	7,19,13,10,7,12,9,10,15,15	917	75
363	0,1,1,1,3,0,0,1,1,0	6,4,8,6,4,4,4,7,2,2	0,1,1,5,1,1,1,1,2,1	5,7,3,9,3,3,3,0,1,4	214	75
364	1,2,3,2,3,0,2,2,1,1	8,4,14,8,3,6,9,6,6,7	0,2,2,5,2,2,1,1,2,4	8,6,11,11,6,20,12,7,11,13	239	75
365	7,5,10,7,4,4,6,8,2,3	8,4,14,8,3,6,9,6,6,7	5,8,4,9,4,4,3,0,1,7	8,6,11,11,6,20,12,7,11,13	100	75
366	278,237,238,228,221,226,196,173,210,228	0,0,2,0,0,1,1,1,0,0	224,255,242,245,217,237,237,237,194,221	0,1,0,1,0,1,1,2,0,1	328	75
368	225,217,222,229,188,166,202,154,216,209	0,0,0,0,0,0,0,0,1,0	240,206,191,181,204,222,206,157,173,187	0,0,0,0,1,0,1,0,0,0	454	75
370	368,412,399,410,395,369,344,301,331,345	51,37,42,51,38,26,58,45,43,43	353,345,383,320,387,372,345,353,379,286	41,31,36,19,54,29,24,25,32,23	114	75
372	32,31,28,23,26,30,26,31,47,32	0,0,0,0,0,0,1,1,0,0	30,33,37,42,30,36,34,31,33,36	0,0,0,0,0,0,0,0,0,0	159	75
373	0,1,0,0,0,0,1,0,2,1	4,4,7,7,2,8,2,5,8,4	0,0,0,1,0,0,0,0,0,1	4,9,6,6,2,3,4,8,4,5	90	75
374	0,0,0,0,0,0,1,0,1,1	9,19,4,13,5,7,14,9,10,8	0,0,0,0,0,0,0,0,0,0	9,18,3,12,15,7,10,9,7,11	90	75
375	121,116,126,122,121,135,124,114,104,125	4,2,1,0,1,2,0,1,1,1	136,128,129,134,125,126,149,162,130,134	2,1,1,3,2,1,0,2,0,1	89	75
376	87,82,80,82,72,83,62,71,76,63	1,3,2,1,1,3,0,2,2,6	62,89,52,74,66,77,71,87,77,87	1,3,1,1,1,5,1,2,2,2	120	75
377	0,0,0,0,0,0,0,0,0,0	8,12,15,8,14,8,11,8,8,13	0,0,0,0,0,0,0,1,0,0	6,15,19,15,12,13,9,13,5,10	79	75
378	0,0,0,0,1,0,0,0,0,0	86,61,68,70,68,73,60,54,48,58	0,0,0,0,0,0,0,0,0,0	92,63,70,40,53,44,56,67,66,46	89	75
379	0,0,0,1,0,0,0,0,0,0	7,4,2,5,4,6,4,2,5,2	0,0,0,0,0,0,0,0,0,0	2,2,8,6,7,3,3,4,4,3	99	75
380	4,1,0,0,4,3,0,0,1,0	0,3,3,1,0,2,1,1,2,1	0,1,1,0,0,2,1,0,0,3	2,0,2,0,2,1,1,0,2,4	87	75
381	8,8,6,2,6,5,3,1,4,1	64,44,45,34,32,39,32,32,38,30	1,4,9,9,2,4,1,3,6,1	50,62,33,47,40,47,48,36,34,45	135	75
382	1412,1549,1530,1291,1278,1512,1283,1067,1220,1198	1,2,0,3,2,0,1,0,0,0	1373,1429,1342,1500,1481,1397,1483,1349,1306,1321	2,1,3,0,0,2,2,2,1,2	615	75
384	0,0,0,0,1,3,0,0,0,1	99,123,118,81,78,104,66,76,88,118	1,0,0,2,1,0,0,0,1,0	89,87,94,124,83,82,77,69,82,70	328	75
385	0,0,0,0,1,0,0,0,0,0	40,29,38,24,38,38,40,36,26,26	0,1,2,0,0,0,0,1,1,0	23,32,34,32,26,26,35,30,16,30	142	75
386	9,5,9,5,3,5,6,3,7,7	22,15,21,16,16,21,19,11,15,11	5,7,8,8,2,8,14,2,2,7	19,18,19,17,22,15,14,12,19,17	187	75
387	1,0,3,0,0,0,1,0,4,2	74,75,76,70,91,83,75,58,59,73	1,2,0,0,0,0,1,0,3,1	68,86,82,79,64,62,60,75,66,66	104	75
388	84,111,94,76,74,82,69,86,75,89	1,1,0,1,0,0,0,1,0,0	100,93,93,69,93,99,80,94,86,86	0,1,1,0,2,0,0,2,0,1	93	75
389	219,204,200,191,146,190,143,148,151,169	5,6,9,7,9,13,11,9,7,4	167,170,157,166,153,177,171,170,162,172	5,8,17,8,8,9,15,4,12,9	156	75
390	0,0,0,1,0,1,0,0,0,0	0,0,0,0,0,0,0,1,0,0	0,0,1,0,1,0,0,0,0,1	0,0,0,0,0,0,0,1,0,0	84	75
391	3,1,2,3,0,4,4,3,0,2	13,21,19,14,14,14,13,8,20,24	2,0,2,5,1,0,0,1,2,0	17,16,7,10,16,13,11,16,10,4	131	75
393	0,0,0,2,0,0,0,0,0,0	3,4,0,1,4,0,1,4,2,2	0,0,0,0,1,0,0,0,0,0	1,2,0,3,4,0,2,0,1,2	91	75
394	169,141,147,141,159,157,127,106,143,131	37,30,32,25,26,19,20,18,23,30	138,158,147,141,150,165,148,142,123,144	23,26,29,29,28,30,28,29,11,11	101	75
395	1,2,2,0,1,0,1,0,2,0	0,0,0,0,0,0,0,0,0,1	0,0,0,0,0,2,1,0,0,1	0,0,0,0,0,1,0,0,0,0	79	75
396	14,14,14,9,23,15,13,16,17,9	1,0,0,0,2,2,0,0,0,1	18,20,18,14,36,17,10,23,23,19	1,0,1,0,0,1,0,1,0,0	185	75
397	9,5,10,2,11,7,6,5,6,5	20,16,6,19,14,12,16,18,12,8	17,4,7,11,13,6,10,9,19,9	11,8,10,18,14,16,17,8,17,17	84	75
398	54,60,56,43,31,55,56,54,50,50	0,1,1,0,0,0,1,2,2,0	45,50,30,47,51,43,54,44,51,48	0,0,0,0,0,1,0,0,0,0	211	75
399	4,1,1,1,4,7,5,0,4,2	41,42,35,42,31,32,23,26,27,31	1,3,3,2,3,1,6,0,0,3	51,27,39,33,33,38,38,34,42,32	134	75
400	3,7,0,2,2,0,3,2,3,1	1,0,0,1,0,0,0,1,0,0	0,1,2,2,2,3,1,3,2,0	1,0,0,0,0,0,0,1,0,0	186	75
401	5,6,2,3,4,0,3,3,4,2	25,17,17,17,15,8,10,19,11,22	1,4,3,3,2,6,3,4,4,0	19,15,23,22,23,9,13,21,19,11	186	75
402	4,6,6,2,2,4,3,1,0,4	1,3,1,2,1,1,1,3,3,7	3,0,2,2,5,3,3,7,6,6	3,2,2,3,3,4,0,4,3,3	93	75
403	14,14,13,11,6,10,6,5,2,6	86,79,62,63,65,61,46,74,72,37	5,10,14,9,9,10,7,20,13,16	77,81,58,74,53,65,88,98,93,70	93	75
404	11,9,13,8,6,6,15,4,6,12	121,116,136,103,107,88,92,86,82,121	10,8,10,4,14,9,12,13,13,11	92,121,84,68,123,92,104,72,93,78	93	75
405	3,7,5,6,4,2,6,5,5,3	0,0,0,0,0,0,0,0,0,0	4,11,9,4,8,5,7,9,3,8	0,0,1,1,0,0,2,0,0,0	112	75
406	38,38,40,27,30,30,31,26,29,27	2,2,3,1,1,1,1,6,3,1	36,39,30,32,40,29,30,15,29,23	1,1,2,1,3,4,4,2,2,4	137	75
407	55,47,62,48,48,49,43,46,45,58	30,34,38,45,35,22,27,31,41,35	53,44,46,49,43,50,51,27,50,46	19,41,38,42,34,37,41,34,34,22	123	75
408	224,226,253,205,228,226,209,194,187,266	3,1,1,0,0,0,0,1,2,1	204,220,167,212,283,251,216,218,213,184	2,0,0,1,0,2,1,2,0,0	214	75
409	395,371,344,312,289,279,309,292,360,331	0,1,0,0,0,0,0,0,0,0	304,382,301,284,305,330,319,267,295,295	0,0,0,0,0,0,0,0,0,0	147	75
410	71,58,65,67,66,60,61,57,55,44	0,1,0,0,0,0,0,0,0,0	63,70,57,65,58,51,68,68,53,67	0,0,0,1,1,0,0,1,0,0	652	75
412	2,0,1,0,1,0,2,1,2,1	1,0,1,1,0,0,0,1,1,4	0,1,0,2,0,1,0,2,1,0	0,0,0,1,1,0,0,0,1,3	214	75
413	570,532,552,519,494,565,471,421,517,582	0,0,0,0,0,1,2,1,1,3	502,552,467,496,472,518,578,563,475,515	1,2,1,1,2,1,1,2,3,0	389	75
415	3,5,4,0,3,6,9,2,7,1	1397,1267,1263,1157,1271,1189,1068,1070,1259,1140	5,1,1,8,3,1,3,3,3,2	1051,1399,1075,1079,1110,1215,1262,1148,1075,985	79	75
417	0,0,1,0,0,3,0,0,1,1	35,27,46,26,25,25,24,13,25,28	2,1,0,2,0,0,0,1,1,2	32,24,37,35,30,23,43,27,44,32	271	75
418	2,0,1,0,2,1,0,2,2,1	73,72,52,67,80,52,58,70,51,62	0,1,1,1,1,0,2,0,0,0	56,64,67,64,82,71,63,50,53,40	105	75
420	7,17,6,15,7,7,8,10,10,11	0,0,2,0,0,1,0,0,1,0	8,15,12,8,11,11,11,7,10,10	0,2,0,0,0,0,0,0,0,0	118	75
421	1,2,0,4,2,2,1,2,3,3	18,9,11,13,15,11,9,12,12,11	2,4,4,0,0,3,3,1,2,3	16,13,6,4,7,25,12,10,12,14	78	75
422	2,8,1,2,3,4,8,4,1,0	1,0,5,1,0,0,2,0,1,2	3,2,3,3,6,0,2,2,4,1	2,2,2,3,3,3,1,4,0,3	82	75
423	61,82,63,51,59,65,57,61,69,75	2,2,0,0,0,0,0,0,2,1	58,68,55,62,41,41,48,54,64,71	0,1,1,0,0,0,1,2,0,0	325	75
424	21,28,28,15,19,20,22,23,23,30	0,0,2,0,1,3,4,1,3,1	23,27,16,28,13,17,19,23,34,29	4,0,1,0,1,0,0,1,0,0	325	75
425	8,6,8,14,8,9,9,7,5,5	41,42,26,33,18,22,21,17,26,27	7,4,10,5,8,10,2,10,10,13	33,26,23,25,18,19,32,26,21,31	134	75
426	36,39,29,34,26,37,43,38,31,34	0,0,0,0,0,0,0,0,0,1	37,42,28,35,28,28,33,27,36,43	0,0,0,0,0,0,1,0,0,0	621	75
427	4,2,1,1,4,5,2,2,0,2	7,4,8,10,4,5,6,6,10,5	1,2,6,3,3,4,3,1,2,4	3,5,8,6,7,11,4,4,10,3	84	75
429	0,0,0,0,0,0,0,1,0,0	21,23,21,16,13,8,17,19,17,21	1,0,1,0,1,0,0,1,0,0	11,17,18,15,19,24,10,23,25,13	81	75
431	32,36,29,19,26,20,23,20,28,37	1,0,1,0,1,1,0,1,0,0	30,25,34,25,13,27,30,27,30,23	1,0,0,0,2,1,0,0,1,1	140	75
432	190,199,201,175,171,205,158,171,164,177	0,0,0,0,0,0,0,0,0,0	189,170,172,182,181,163,174,188,162,160	0,0,0,1,0,0,0,0,0,0	80	75
433	186,183,170,188,197,189,148,151,132,169	0,0,0,0,0,0,0,0,0,0	156,221,188,162,174,177,143,178,166,136	0,1,0,1,0,0,0,0,0,0	414	75
434	32,45,51,57,52,50,63,46,54,46	0,0,0,1,3,0,1,2,1,1	41,48,37,41,52,42,48,45,54,47	0,0,0,0,2,0,0,2,1,2	466	75
435	38,47,61,65,56,52,73,50,58,49	0,0,1,0,0,0,0,0,0,0	44,52,41,50,57,50,54,47,60,52	0,0,0,1,0,0,0,0,0,0	668	75
436	24,34,44,17,32,20,15,13,28,37	2,5,5,4,6,6,4,2,3,4	39,40,39,30,40,31,27,20,28,26	9,4,2,5,2,4,13,5,5,7	79	75
437	236,251,239,199,232,212,223,197,214,184	11,20,17,10,23,31,21,16,28,9	216,264,183,215,221,189,236,221,209,220	20,19,16,16,34,32,29,19,20,13	198	75
438	466,516,503,418,441,451,470,386,473,397	11,20,17,10,23,31,21,16,28,9	453,545,433,437,495,418,512,476,447,447	20,19,16,16,34,32,29,19,20,13	256	75
439	239,276,274,226,229,248,259,200,268,224	9,11,10,7,20,9,12,11,9,11	249,294,257,236,284,241,291,265,249,232	12,13,7,14,10,12,15,10,11,5	133	75
440	1,0,0,0,0,0,0,0,0,1	9,8,19,7,17,11,11,7,16,20	0,0,1,0,0,0,0,0,0,0	15,13,14,10,11,17,10,21,12,11	81	75
441	29,18,26,26,33,15,21,27,15,32	0,0,0,0,0,0,0,0,0,0	32,34,13,14,23,20,26,22,25,25	0,0,0,0,0,2,0,0,0,0	469	75
442	85,71,73,66,78,61,76,91,84,62	0,0,0,0,0,0,0,0,0,0	57,80,72,53,70,58,73,76,70,45	0,0,1,0,0,0,0,1,0,0	637	75
443	2,2,1,4,5,0,5,4,4,3	54,40,70,63,36,56,45,36,41,55	2,4,1,4,3,1,1,5,1,4	38,45,53,37,60,41,50,38,37,43	398	75
444	0,1,0,1,0,1,2,0,0,1	0,0,0,0,0,0,1,0,0,0	0,1,1,0,1,1,2,0,0,0	0,0,0,0,0,0,0,0,0,0	486	75
445	120,112,131,115,113,89,126,141,111,112	1,1,1,2,0,0,1,0,2,0	105,150,94,106,90,143,114,90,106,72	2,1,2,2,1,0,1,2,5,0	274	75
446	0,0,0,0,0,0,0,0,0,2	12,11,10,4,10,2,6,9,4,7	0,0,0,0,0,0,2,0,0,0	5,9,8,6,10,11,7,5,5,2	366	75
447	0,0,1,0,0,0,0,1,0,0	1,0,1,1,3,2,0,2,1,0	0,0,0,1,2,2,0,0,0,0	2,2,0,1,0,1,0,0,2,2	150	75
448	1,0,0,0,0,1,0,0,0,0	0,0,0,0,0,0,0,0,0,0	1,0,2,0,1,0,1,0,0,1	0,0,0,0,1,0,0,0,0,0	81	75
449	0,0,1,1,0,0,1,2,1,1	35,47,31,45,38,54,38,38,45,31	2,0,0,0,0,0,0,0,0,0	43,51,46,35,35,54,45,46,40,63	91	75
450	1,0,0,0,0,0,0,0,0,0	1,1,2,0,1,0,0,2,1,1	1,0,0,0,0,0,0,0,0,0	1,1,1,0,0,1,0,1,0,0	189	75
452	22,38,37,28,29,42,20,26,28,38	0,0,1,0,0,0,0,0,0,0	20,28,24,35,35,26,27,27,40,27	0,0,0,0,0,0,0,0,0,0	106	75
453	7,14,15,14,16,15,6,13,11,13	3,4,0,3,2,3,2,2,3,2	10,3,9,14,12,9,10,10,17,8	5,1,1,2,2,2,2,1,1,3	106	75
454	18,20,18,21,25,19,15,22,19,18	3,4,0,3,2,3,2,2,3,2	19,10,14,21,15,19,13,19,24,21	5,1,1,2,2,2,2,1,1,3	211	75
455	11,6,4,8,9,5,9,9,8,5	0,0,1,1,0,1,0,0,0,0	9,7,5,7,3,11,3,9,7,13	0,0,0,0,0,1,0,0,0,0	180	75
456	53,26,35,50,44,34,34,34,29,47	10,7,12,11,6,7,10,13,9,3	34,32,31,39,41,45,35,37,31,23	11,10,5,6,7,11,10,6,7,4	353	75
457	0,2,1,1,2,3,1,1,1,0	259,274,193,211,210,243,220,192,209,212	0,2,4,2,4,1,1,1,0,2	239,194,176,198,210,184,278,221,197,230	162	75
459	218,201,223,198,158,168,164,167,174,168	0,0,0,0,0,0,0,0,0,0	191,194,187,157,189,202,199,159,174,198	0,1,0,0,0,0,0,0,0,0	489	75
460	1176,1184,1126,1031,1049,1073,921,833,959,1142	0,1,0,0,0,0,0,2,0,0	1099,1139,1016,994,1068,1029,1077,994,980,905	0,1,0,0,0,0,1,0,0,0	326	75
461	5,2,2,2,3,0,1,5,5,0	0,0,2,0,0,0,0,0,2,0	0,4,5,1,0,2,1,0,0,4	0,1,0,0,0,0,0,0,0,0	79	75
463	197,165,199,178,176,154,156,161,197,155	0,0,0,0,0,1,0,0,1,0	182,190,200,166,200,168,182,210,203,208	0,0,0,0,0,1,0,0,1,0	2486	75
464	49,36,42,44,33,35,26,37,36,23	1,2,4,2,2,1,0,1,3,5	38,35,54,33,41,47,45,40,28,30	1,2,6,1,4,0,1,1,0,1	81	75
465	3,2,3,8,2,5,1,3,3,2	20,28,19,34,29,23,30,21,19,15	3,5,7,0,2,3,1,3,2,4	23,31,16,18,30,30,21,21,29,24	92	75
466	2,3,3,8,1,3,3,7,3,2	0,0,0,0,0,0,0,1,0,0	3,6,1,5,1,7,4,5,2,7	0,1,1,1,0,1,0,0,0,0	87	75
467	0,0,0,0,0,1,0,0,0,0	3,2,0,2,4,1,0,0,1,4	0,0,0,0,0,0,0,0,0,0	1,0,2,1,0,2,1,4,1,1	79	75
468	6,10,15,28,12,14,26,7,10,9	2,2,3,2,5,3,4,4,4,2	12,13,6,8,8,12,16,16,17,7	2,4,2,4,3,3,2,1,4,3	115	75
469	9,12,15,30,16,14,26,7,11,13	2,2,3,2,5,3,4,4,4,2	13,13,8,9,8,14,17,20,18,8	2,4,2,4,3,3,2,1,4,3	111	75
470	15,34,39,70,42,55,67,46,36,44	5,4,9,4,5,2,12,11,8,3	44,43,27,29,36,38,67,59,34,32	9,3,4,9,9,13,6,3,3,5	111	75
471	0,0,0,0,0,0,0,0,0,0	12,9,17,11,17,15,11,19,20,13	0,0,0,0,1,0,0,0,0,0	17,8,9,8,13,11,16,9,14,18	86	75
472	3,4,2,1,2,2,2,5,4,4	16,20,20,10,20,14,7,9,19,16	4,4,3,2,1,2,5,4,6,6	15,13,21,12,10,22,19,16,16,15	151	75
473	9,3,5,5,5,2,6,5,8,5	4,4,10,10,7,7,4,3,8,2	5,4,5,5,4,9,2,4,7,5	6,2,6,4,8,5,3,1,6,1	215	75
474	0,1,0,0,0,0,1,0,0,0	8,19,17,12,15,9,13,10,8,14	0,0,0,1,0,0,0,0,0,2	9,14,8,8,9,13,11,10,8,9	98	75
475	0,3,6,3,8,0,2,3,5,3	12,21,17,14,18,13,12,11,16,13	1,2,1,0,0,0,1,0,1,0	12,27,18,13,18,13,18,10,11,12	79	75
476	66,44,40,46,56,38,57,47,54,37	1,0,0,0,0,0,0,0,0,0	55,55,42,46,41,33,50,36,40,40	0,0,0,0,0,0,0,0,0,0	2697	75
477	65,58,57,67,60,49,66,53,59,52	2,0,0,1,1,0,0,2,3,3	61,66,54,71,66,74,73,42,70,72	0,2,1,0,0,3,2,0,1,1	1176	75
478	1,0,0,0,0,0,0,0,0,0	2,0,1,0,0,0,0,0,0,0	0,0,0,0,0,0,0,0,0,0	0,0,0,0,0,0,0,0,1,0	84	75
479	1173,367,820,443,764,153,147,994,727,1322	296,95,237,97,180,22,33,279,187,357	129,1329,492,439,185,1161,382,93,134,168	15,391,154,135,33,337,128,17,24,27	87	75
480	26,12,18,17,7,20,19,13,15,11	0,0,0,0,0,1,0,0,0,0	19,18,16,19,26,12,16,18,15,17	0,0,0,0,0,0,0,0,0,0	80	75
481	4,2,0,0,1,1,0,0,2,1	35,20,36,14,23,20,17,10,24,29	0,0,1,2,4,0,2,0,2,5	28,19,14,18,23,17,31,17,21,18	139	75
482	19,22,22,18,31,23,37,27,22,37	0,0,0,1,0,0,0,0,0,0	23,15,27,35,24,35,38,17,29,27	0,0,0,0,0,0,0,0,0,0	432	75
484	5,2,8,3,3,0,0,5,4,1	0,0,0,0,1,1,0,0,0,1	8,2,8,4,5,2,8,3,2,9	0,0,0,0,0,0,0,2,0,0	1090	75
485	113,93,111,107,97,91,87,82,68,105	1,0,0,0,0,0,0,0,0,0	115,91,113,117,114,125,111,94,83,105	0,0,0,0,0,0,0,1,0,1	1829	75
486	4,3,4,3,2,1,6,1,6,6	10,8,12,12,4,12,6,15,18,8	3,2,3,3,2,1,3,1,3,1	6,22,12,13,8,9,10,8,3,5	187	75
487	298,342,302,262,295,279,220,219,243,287	10,7,9,2,6,3,5,4,4,9	305,333,331,267,296,305,327,260,270,258	3,6,4,8,6,4,11,5,5,10	154	75
488	158,177,158,117,153,155,117,97,121,141	1,1,0,0,0,0,0,0,1,0	169,173,146,143,149,149,169,124,141,126	0,0,0,0,0,0,0,0,1,2	154	75
489	17,17,19,5,16,9,15,15,11,15	0,0,0,0,0,0,0,0,0,0	14,16,14,16,19,22,10,15,13,19	0,0,0,0,0,0,0,0,0,1	99	75
490	18,21,20,7,20,12,17,17,13,20	0,0,0,2,0,0,0,0,0,0	17,16,16,18,20,24,12,15,14,19	0,0,0,1,0,0,1,0,0,0	99	75
492	506,534,549,493,468,460,502,416,454,553	12,5,9,7,5,14,5,14,9,4	510,560,475,489,504,543,546,477,449,499	2,8,4,12,7,10,6,12,9,7	81	75
493	22,23,18,28,24,26,16,30,16,15	1,3,3,1,2,3,0,2,4,2	18,29,33,31,21,19,32,28,24,25	2,3,2,1,3,0,3,3,3,2	87	75
494	0,0,0,0,1,0,0,0,0,0	1,2,0,2,1,2,1,2,2,1	0,0,0,0,0,0,0,0,0,0	5,3,0,1,1,1,1,3,0,2	78	75
495	360,358,346,338,333,338,291,282,364,282	0,2,0,1,2,0,0,0,0,3	314,314,357,348,345,307,403,325,376,312	0,1,1,2,0,2,1,3,3,0	85	75
498	2,0,0,1,0,0,1,0,2,0	56,52,58,55,49,46,62,47,55,74	1,1,0,0,2,0,0,0,0,0	56,44,57,50,45,58,55,51,44,46	97	75
500	0,1,0,0,0,0,0,0,0,0	0,0,0,0,0,0,1,0,0,0	0,1,0,0,0,0,0,0,0,0	0,0,0,0,0,0,0,0,0,0	292	75
502	39,41,40,40,38,39,35,26,34,31	0,1,0,0,0,0,0,0,3,0	29,37,31,42,41,32,39,39,42,44	2,0,0,1,1,1,0,1,0,0	179	75
503	59,80,88,70,87,93,51,64,74,52	2,3,3,3,5,4,3,1,4,8	87,82,77,69,92,81,62,84,55,53	3,1,4,3,3,1,4,3,5,2	414	75
504	5,5,5,8,4,2,5,8,7,4	1,0,0,0,1,1,1,0,2,0	4,6,3,8,7,7,4,12,4,3	2,0,0,1,1,0,2,0,3,0	260	75
505	5,5,5,8,4,2,6,8,7,3	6,9,9,6,7,3,4,7,8,5	4,9,3,8,7,7,6,12,4,3	4,6,6,7,9,5,8,3,8,5	260	75
506	0,3,0,1,2,0,0,3,2,0	0,0,0,1,0,1,0,0,0,2	1,0,3,0,1,0,1,1,4,2	0,0,0,0,0,0,0,0,1,0	223	75
507	3,4,5,1,3,2,5,2,6,2	0,0,0,1,0,1,0,0,0,2	2,4,2,2,4,4,1,5,4,1	0,0,0,0,0,0,0,0,1,0	402	75
508	3,4,5,1,3,2,5,2,6,2	0,3,0,1,2,0,0,3,2,0	2,4,2,2,4,4,1,5,4,1	1,0,3,0,1,0,1,1,4,2	254	75
509	78,74,55,68,53,66,74,40,57,78	301,322,269,255,248,336,215,193,230,243	47,68,49,66,58,58,78,78,57,50	266,333,258,258,260,229,247,244,220,265	308	75
511	56,36,59,54,61,47,55,41,44,45	185,191,179,186,165,185,150,173,131,155	68,53,41,58,52,60,48,39,61,44	155,174,173,177,158,210,178,166,163,171	84	75
512	150,137,144,143,113,145,112,116,136,131	0,0,0,0,0,0,0,0,0,0	131,152,129,140,139,166,122,129,146,148	0,0,0,0,1,0,0,0,0,1	2762	75
513	35,31,33,48,48,22,35,34,33,21	0,0,0,1,0,0,0,0,0,0	26,34,31,34,34,31,29,42,29,36	0,0,0,0,0,0,0,0,0,0	723	75
514	1,0,0,0,0,0,1,0,0,0	0,0,0,0,0,0,3,0,3,0	0,1,0,1,0,0,0,0,0,0	0,1,0,1,0,0,1,0,1,0	104	75
515	47,37,55,47,58,37,64,51,43,40	13,8,5,11,12,9,10,10,7,12	41,44,47,42,63,40,44,57,48,28	6,7,10,12,16,5,10,6,3,6	103	75
516	1,5,3,7,2,2,3,4,6,3	0,0,0,0,0,0,0,1,0,0	0,2,2,7,2,2,3,4,1,3	0,1,0,0,0,1,0,0,0,1	195	75
517	0,2,1,5,1,1,2,2,1,1	1,0,0,0,0,0,0,0,0,0	0,0,1,4,0,1,2,0,1,4	0,0,0,0,1,0,0,0,0,0	195	75
518	127,108,120,95,151,119,125,103,148,197	9,17,11,4,6,13,6,10,10,12	103,137,131,174,155,113,116,168,226,128	9,8,7,5,6,13,7,10,13,8	366	75
519	41,50,75,56,40,43,37,49,50,46	0,0,0,0,0,0,0,0,0,0	53,50,49,47,42,50,59,63,48,34	0,0,1,0,0,1,0,0,0,1	101	75
521	5,0,4,1,1,2,0,0,0,2	63,43,69,51,52,50,40,45,45,50	0,1,1,0,1,4,1,4,0,1	31,59,51,44,57,46,86,41,43,33	77	75
522	34,19,33,24,23,28,24,22,31,25	0,1,0,0,0,2,0,0,0,0	24,28,37,23,24,18,32,38,30,24	2,2,2,0,1,1,0,0,1,2	79	75
523	1,1,0,2,0,2,1,0,3,0	121,129,129,105,126,182,124,98,110,115	0,2,0,1,0,0,0,1,2,2	134,154,136,125,135,149,110,81,113,128	331	75
527	0,0,0,0,0,0,0,1,2,0	1,0,0,0,0,0,0,0,2,0	0,0,0,0,0,1,0,0,0,0	0,0,0,0,0,0,0,0,0,0	120	75
528	242,242,305,234,218,264,219,203,234,251	0,0,0,0,0,1,0,0,0,0	259,227,241,236,203,269,270,259,229,252	0,0,1,0,0,0,0,0,2,0	104	75
529	0,0,0,1,2,3,1,1,3,0	0,0,0,1,1,0,0,1,1,0	2,0,0,0,1,0,1,1,0,1	0,0,0,1,0,0,2,0,1,0	211	75
530	4,1,1,3,3,0,1,2,2,1	1,1,0,3,2,1,0,1,1,1	0,4,1,2,2,0,3,1,0,0	0,0,1,0,0,1,0,0,0,0	105	75
531	167,206,130,162,127,149,126,120,110,113	0,1,1,1,0,1,1,1,0,0	97,90,96,127,143,127,230,195,125,156	0,0,0,0,2,0,2,1,1,0	1168	75
534	58,49,69,69,49,58,80,55,51,62	0,0,0,0,0,0,0,0,1,0	51,68,47,48,49,66,56,46,77,77	0,1,0,0,0,0,0,0,0,0	378	75
537	2,1,5,2,1,2,4,3,1,5	6,12,8,7,3,5,8,4,10,2	2,5,2,0,2,0,6,0,0,3	8,10,3,8,8,4,11,3,2,4	135	75
538	148,139,175,169,135,149,140,122,167,125	121,139,126,122,113,100,118,116,97,110	155,173,185,148,167,149,165,170,155,141	98,112,99,98,128,111,118,114,108,84	87	75
539	242,193,207,181,177,172,191,163,190,185	3,2,8,2,6,3,3,1,2,2	190,226,220,203,203,193,230,189,159,188	0,1,6,5,4,2,5,2,0,4	378	75
540	53,60,39,52,47,36,30,52,39,57	0,0,0,0,0,0,0,0,1,0	55,49,49,55,44,56,45,63,43,43	1,1,1,0,0,0,0,0,0,0	461	75
541	0,0,0,0,2,0,2,0,0,0	105,112,111,90,97,78,72,78,106,120	0,0,0,0,0,1,0,0,0,0	109,100,97,101,95,117,94,98,85,104	79	75
542	69,65,78,67,69,62,56,41,54,41	33,24,24,16,16,27,14,18,19,23	63,90,62,77,78,69,62,54,46,62	22,22,21,19,24,18,21,21,21,20	98	75
543	0,7,1,2,0,1,2,1,1,1	25,21,20,8,18,12,23,13,25,17	2,0,0,1,0,0,1,0,2,3	14,19,16,18,17,23,17,22,19,17	117	75
544	41,33,32,30,35,29,37,31,29,32	1,0,0,4,1,0,0,0,0,0	35,35,29,35,55,31,36,21,36,37	1,0,0,0,0,0,0,0,0,0	84	75
545	0,0,0,1,0,0,0,0,0,0	11,20,22,7,12,20,7,14,14,5	0,0,0,2,0,0,1,0,0,1	10,11,10,12,9,13,20,14,11,10	80	75
546	46,43,44,38,42,43,42,41,42,35	1,1,0,0,0,0,0,0,0,0	42,49,28,42,35,39,33,31,48,40	0,0,1,0,0,0,0,0,0,0	268	75
547	8,3,7,5,2,4,3,5,2,5	13,8,17,16,14,9,14,9,20,7	3,3,5,6,4,1,5,5,6,4	11,14,12,9,14,8,9,14,17,9	105	75
549	4,2,6,6,9,1,10,5,13,3	1355,1194,1275,1077,1167,1096,967,999,1098,1264	1,8,3,3,0,2,5,6,7,4	1206,1351,1023,1080,1185,1132,1110,939,1147,1075	129	75
550	10,11,11,14,14,16,16,7,19,11	94,99,96,117,95,116,90,75,96,98	13,13,8,14,13,9,13,14,12,9	112,101,80,79,95,107,115,103,115,99	78	75
552	220,202,213,230,178,220,197,169,160,220	15,28,17,21,24,24,20,14,17,21	217,215,188,187,188,235,174,177,190,152	20,10,17,24,26,21,16,11,20,8	78	75
553	99,110,121,116,85,118,107,88,108,79	4,4,1,2,1,0,2,2,3,1	98,106,107,77,77,112,106,74,101,74	2,0,6,4,3,2,3,2,1,2	96	75
554	6,5,8,9,8,19,10,6,7,8	77,62,85,67,61,56,72,58,58,70	11,3,5,2,3,3,3,5,12,5	50,73,55,66,78,54,69,61,58,44	90	75
556	164,164,183,153,180,149,143,147,184,172	182,188,171,141,123,223,135,181,170,118	159,183,166,155,154,153,159,156,147,197	155,171,179,189,183,189,181,194,206,187	114	75
557	4,1,3,0,2,0,2,2,1,0	50,55,58,58,40,59,49,28,46,50	7,2,1,2,1,3,1,3,1,2	49,40,40,50,64,41,58,47,52,55	146	75
558	14,11,14,9,14,18,5,9,14,14	0,0,0,2,0,0,1,4,1,0	9,12,12,13,13,6,15,11,7,8	0,0,1,1,0,0,0,0,0,0	208	75
560	106,82,93,74,58,68,63,74,62,82	6,2,4,13,3,3,4,6,4,4	75,80,75,63,82,78,65,55,62,53	6,7,5,8,6,4,2,7,2,4	135	75
563	1,1,1,0,0,1,1,1,1,0	0,2,1,0,0,1,0,0,0,0	0,1,0,0,1,1,2,0,0,5	0,1,0,0,1,0,1,0,0,0	388	75
564	1,2,1,0,0,0,1,1,2,0	25,22,15,18,18,11,16,16,26,15	0,2,2,1,1,1,3,4,1,1	18,25,15,21,15,29,13,19,18,20	172	75
566	89,99,108,82,90,69,92,62,77,83	1,0,0,1,0,1,0,1,0,0	64,103,89,78,64,85,97,48,55,68	0,0,0,0,0,0,0,1,0,0	205	75
568	287,279,304,257,254,218,217,225,300,276	88,68,89,58,87,87,76,56,80,86	293,277,287,253,308,281,254,277,283,299	89,77,61,79,63,98,70,63,75,84	102	75
569	178,190,212,175,179,129,137,166,203,173	24,13,11,10,5,15,7,11,15,8	178,176,204,176,202,204,155,187,189,178	7,7,7,12,9,8,16,7,6,13	102	75
570	164,174,197,161,163,115,128,149,185,169	2,3,1,1,2,1,4,1,1,4	172,163,197,159,189,182,147,172,180,173	1,2,0,0,1,4,1,4,3,0	102	75
571	43,24,36,31,28,32,27,24,23,43	0,0,0,0,1,0,3,0,2,1	34,35,32,36,26,36,30,36,40,32	0,0,0,2,1,1,0,1,1,0	160	75
572	0,0,1,0,0,0,0,0,0,0	27,21,17,14,16,23,14,14,17,18	0,1,0,0,0,1,1,0,0,1	19,24,25,7,18,18,24,16,8,17	166	75
573	2,5,2,5,5,2,3,2,5,2	42,18,24,13,21,24,14,18,22,24	3,3,4,2,5,3,2,1,1,3	26,25,16,21,16,14,24,23,24,24	123	75
574	8,6,7,0,9,4,5,2,4,5	1,1,1,1,1,1,3,1,4,0	5,10,4,5,6,4,3,8,6,5	0,1,0,2,0,0,1,1,2,2	83	75
575	7,1,7,1,7,4,3,3,12,4	0,0,0,0,0,0,0,0,0,0	6,3,1,1,0,4,3,3,3,8	0,0,0,1,0,0,0,0,0,0	153	75
577	5,6,10,4,5,3,5,8,3,3	1,1,1,0,0,0,0,0,0,0	4,5,1,5,1,4,1,3,3,4	2,0,0,0,0,1,0,0,0,2	826	75
578	2,1,0,0,0,1,0,0,0,0	33,26,42,26,41,36,36,39,49,35	2,1,0,0,0,0,1,1,0,0	28,37,44,38,37,37,36,30,24,31	82	75
579	25,21,15,34,16,12,18,17,14,24	24,26,24,27,23,30,29,23,18,34	12,16,16,11,10,21,24,13,17,20	38,46,36,35,32,22,31,35,31,25	1075	75
580	2,2,6,11,8,5,11,2,3,2	1,0,0,0,0,1,0,0,1,0	5,10,1,3,0,2,1,8,3,5	0,0,0,1,0,1,0,1,0,0	151	75
581	507,531,526,418,436,426,400,353,444,420	11,5,9,6,10,8,5,7,8,4	484,499,480,445,456,486,455,382,435,400	7,8,1,12,14,3,7,3,10,2	300	75
582	366,380,377,295,302,289,266,241,306,293	0,0,0,0,0,0,0,0,0,0	336,352,331,308,322,336,307,269,308,293	1,0,0,0,0,0,1,0,0,0	300	75
585	1,0,0,0,0,0,0,2,1,1	5,6,7,6,1,8,9,2,3,4	0,0,1,1,0,0,0,0,1,0	6,6,1,3,1,4,5,3,2,5	140	75
588	51,34,39,39,30,25,25,33,27,43	0,0,0,0,0,0,0,1,0,0	36,36,34,41,36,31,40,36,46,32	0,0,0,0,0,0,0,0,0,0	204	75
591	83,87,90,75,78,66,81,69,96,78	8,8,4,3,8,8,7,5,5,2	88,97,62,68,70,106,93,67,86,87	8,5,7,6,8,5,8,8,12,5	96	75
592	10,18,20,18,11,12,8,14,11,6	65,60,53,61,62,65,52,55,49,45	14,11,16,12,10,12,21,13,10,8	61,64,50,55,71,56,65,54,40,58	99	75
593	1,0,4,1,2,1,1,1,1,0	21,10,24,12,7,13,8,8,21,13	0,0,0,0,1,0,0,0,0,1	14,23,14,11,14,12,21,9,9,14	84	75
594	33,34,25,30,21,37,22,28,35,25	5,9,1,4,5,4,3,9,8,2	36,32,26,27,32,32,31,25,33,28	7,4,9,9,6,8,13,2,5,8	77	75
595	1,1,1,0,1,3,0,2,0,0	0,0,0,1,0,1,0,0,0,1	1,0,2,2,2,1,1,0,2,1	1,0,0,0,0,0,0,0,0,0	77	75
596	0,3,2,1,1,1,0,2,0,1	0,0,2,0,0,2,0,0,0,0	1,0,4,5,0,0,3,0,1,0	2,1,0,1,1,0,0,0,3,0	77	75
599	28,28,34,19,25,34,29,26,16,32	0,0,0,0,0,0,0,0,0,0	24,27,25,30,18,23,25,22,21,20	0,0,0,0,0,0,1,0,0,0	99	75
600	108,123,125,125,138,119,76,76,100,77	120,117,143,110,120,104,123,80,99,112	144,122,115,105,94,94,76,110,95,82	124,116,119,85,112,117,163,93,96,103	2531	75
601	29,30,12,19,19,17,17,12,5,15	4,4,3,1,2,2,2,1,2,1	11,16,11,11,15,19,21,17,20,13	6,2,1,2,4,0,1,1,3,1	78	75
602	0,1,2,2,2,1,1,5,3,0	88,91,85,100,94,115,79,63,64,97	0,0,1,0,1,0,0,0,1,0	104,90,84,76,89,102,97,88,85,109	128	75
604	1,2,0,0,1,1,0,0,1,0	13,15,14,10,9,11,18,21,15,5	1,1,0,2,0,0,2,1,1,3	20,25,6,12,10,10,13,14,8,17	105	75
605	0,0,0,1,4,1,1,2,1,4	644,588,628,503,607,572,527,495,569,520	0,1,1,0,0,2,3,0,2,2	536,612,571,575,510,482,554,488,546,569	97	75
606	2,1,3,1,0,3,2,1,3,1	27,23,19,21,20,20,14,13,26,19	0,1,0,0,1,0,2,1,3,0	27,18,13,17,14,25,16,21,31,27	119	75
608	0,0,0,0,0,0,0,0,0,1	0,0,1,0,0,1,1,0,1,1	0,0,0,0,0,0,0,0,1,0	0,0,0,0,0,2,0,1,1,0	134	75
609	17,7,8,13,18,22,37,25,18,57	2,1,2,5,8,5,7,5,6,12	17,8,11,16,8,14,28,31,33,8	1,5,5,3,3,3,8,9,8,3	327	75
610	246,254,208,191,217,307,198,178,228,195	5,8,5,2,5,4,7,3,3,4	221,184,177,189,225,289,224,176,231,196	5,6,3,5,6,1,4,9,2,6	156	75
612	32,46,45,29,45,28,32,28,31,20	1,1,0,0,0,0,1,2,2,2	32,42,34,34,27,31,46,26,33,48	0,0,0,2,2,0,1,2,1,0	106	75
613	284,273,269,241,247,267,223,199,236,232	1,1,0,0,0,0,1,2,2,2	246,263,253,255,225,258,259,245,251,277	0,0,0,2,2,0,1,2,1,0	202	75
614	252,228,224,212,203,239,191,171,205,213	0,1,0,0,1,0,0,0,0,1	215,222,220,224,200,232,214,219,218,229	1,1,1,3,2,5,1,0,0,0	171	75
616	9,21,20,16,20,15,8,16,18,17	8,0,5,3,1,0,2,3,3,1	4,34,22,14,8,36,14,10,10,11	2,2,7,3,4,5,2,4,2,3	121	75
617	43,44,58,58,44,45,28,43,51,37	3,1,0,1,1,0,0,1,0,0	46,51,43,46,46,54,40,54,55,33	4,0,0,3,0,0,0,0,0,0	155	75
618	104,89,106,127,87,83,67,78,77,89	16,12,11,9,15,7,13,8,10,9	91,78,112,65,89,93,88,91,90,68	8,14,22,6,16,19,12,12,20,10	132	75
619	7,4,4,2,1,7,4,5,2,5	31,27,25,19,25,27,16,21,21,23	8,3,2,10,5,7,4,5,3,8	35,22,25,17,18,27,30,21,22,29	183	75
623	0,0,0,0,0,0,1,1,0,0	4,2,0,0,1,0,6,1,1,2	0,0,0,0,0,0,3,0,1,0	1,3,1,1,1,2,1,0,0,4	156	75
627	11,11,18,8,15,12,16,13,21,17	17,32,23,17,16,15,30,16,16,16	11,25,11,9,18,18,18,18,19,18	28,15,9,20,14,28,23,12,16,10	152	75
628	7,16,7,8,11,15,11,6,9,4	18,16,18,21,18,10,15,15,17,22	11,13,4,6,5,13,14,11,15,10	17,17,13,11,17,18,21,11,19,15	135	75
630	4,12,5,5,2,12,2,1,1,1	1,0,0,0,0,0,0,0,0,0	2,8,3,9,3,2,6,1,5,2	0,0,1,0,0,0,0,0,0,0	315	75
634	2,2,2,0,2,2,4,2,5,2	2,8,1,1,3,2,3,3,2,2	3,3,1,1,0,1,0,0,1,1	1,6,0,5,4,8,5,2,1,5	99	75
636	1,1,2,0,0,1,0,0,0,3	0,3,0,2,0,0,0,0,0,0	0,1,2,0,2,2,0,0,0,1	0,0,0,1,0,0,0,0,0,0	340	75
640	0,1,0,1,1,0,0,0,0,1	5,9,6,3,3,5,3,8,7,12	0,0,0,0,0,1,0,0,0,0	8,5,2,5,4,4,8,4,5,2	244	75
642	63,70,57,45,45,59,57,70,45,68	10,9,6,8,7,15,9,8,11,12	30,77,55,59,56,51,53,62,50,73	7,11,9,9,11,18,8,13,8,13	198	75
643	26,32,39,20,31,32,24,18,18,36	0,0,0,1,1,0,1,1,0,0	29,28,32,36,33,22,26,25,21,26	0,0,0,1,0,1,0,0,0,0	86	75
644	54,51,46,63,53,72,64,52,57,72	2,2,2,4,1,3,2,0,4,0	62,67,65,60,50,57,62,56,52,51	1,0,1,0,1,1,2,1,2,0	94	75
645	110,101,108,79,81,104,87,100,88,112	1,1,0,0,1,0,0,1,1,2	86,83,106,93,88,89,85,91,83,95	0,0,2,0,0,0,1,1,0,1	102	75
646	1,1,2,2,0,0,1,1,2,5	4,1,2,0,1,2,2,0,1,0	0,1,0,3,0,0,1,0,1,1	0,0,0,4,0,0,0,2,1,0	83	75
647	4,0,2,3,4,1,2,1,3,4	1,2,1,1,4,1,2,4,0,1	4,2,1,3,3,4,3,1,3,1	3,3,2,7,0,0,1,1,2,1	83	75
649	1,1,0,0,1,0,0,0,1,0	0,0,0,0,0,0,0,0,0,0	2,1,0,0,1,1,1,0,1,0	0,0,0,0,0,0,1,0,1,0	81	75
650	389,374,338,365,332,344,361,329,304,304	0,0,0,0,0,0,0,0,0,0	411,442,322,342,334,349,302,321,369,353	0,0,0,1,0,0,0,0,0,0	1099	75
651	1,0,0,0,0,1,0,0,0,0	0,0,0,0,0,0,0,0,0,0	0,0,1,0,1,1,0,1,0,0	0,1,0,0,0,0,0,0,0,0	79	75
653	106,101,107,95,70,98,77,79,91,77	0,1,2,2,5,0,3,2,0,0	97,116,78,79,111,77,83,84,81,79	0,2,2,1,2,0,0,0,1,0	132	75
654	0,0,0,1,1,2,0,0,0,0	31,26,35,22,29,28,25,28,40,30	1,0,0,0,0,0,1,0,0,0	20,50,20,15,26,29,31,22,19,13	80	75
655	0,3,3,0,2,3,2,0,1,0	0,2,0,0,0,0,0,0,0,0	1,2,0,2,2,2,2,1,0,2	0,0,0,0,0,0,2,0,0,0	88	75
656	5,14,12,8,5,15,8,11,7,6	40,43,42,42,36,34,42,34,44,55	11,11,10,8,13,10,11,7,6,9	43,40,41,33,44,47,39,38,35,46	109	75
657	10,9,7,4,4,7,5,3,6,11	46,42,34,25,32,34,50,34,31,26	6,9,4,8,5,6,6,7,6,5	49,35,40,29,40,47,33,30,30,36	131	75
660	25,29,34,24,21,17,25,23,25,19	0,0,0,1,0,1,0,0,0,0	19,26,17,13,26,25,22,19,31,23	0,0,0,0,0,0,0,0,0,0	247	75
662	33,41,48,36,33,31,32,28,41,28	0,0,1,0,0,0,1,0,0,0	36,38,28,20,34,31,30,32,42,28	0,3,0,0,0,0,0,1,0,0	247	75
663	116,122,116,131,102,116,114,118,112,98	2,0,0,0,0,0,0,0,0,0	112,137,127,131,103,104,114,123,113,140	0,1,1,0,0,1,1,0,0,0	3356	75
664	263,330,295,289,363,402,166,250,175,314	4,5,7,6,12,6,3,7,8,7	247,246,329,297,302,167,283,316,242,203	7,6,4,9,8,2,11,7,4,1	1872	75
666	114,166,94,138,119,105,140,135,133,87	2,0,1,0,0,1,0,1,0,0	89,136,87,177,115,87,109,123,179,134	3,0,2,1,1,0,3,0,0,1	1289	75
671	9,11,11,2,12,9,10,5,11,8	0,0,0,0,0,0,0,0,0,0	7,10,6,10,7,12,11,15,10,5	0,0,0,0,0,0,0,0,0,1	80	75
672	4,7,4,2,3,6,4,4,3,8	3,3,2,1,4,5,1,1,2,0	3,4,1,6,3,1,1,3,4,5	2,4,5,2,1,2,3,2,2,2	79	75
673	5,9,6,4,5,8,6,6,6,9	3,2,1,1,1,2,2,1,3,1	3,7,5,7,5,2,5,4,5,9	3,3,2,3,3,5,1,3,2,1	125	75
674	6,11,6,4,5,8,6,6,7,9	4,3,3,1,4,0,0,4,1,2	3,7,5,7,5,2,5,4,5,9	1,8,2,2,3,2,0,2,5,2	133	75
675	4,5,4,3,6,7,3,3,5,1	3,2,1,1,1,2,2,1,3,1	2,7,9,3,3,3,7,3,3,6	3,3,2,3,3,5,1,3,2,1	121	75
676	5,7,4,3,6,7,3,3,6,1	4,3,3,1,4,0,0,4,1,2	2,7,9,3,3,3,7,3,3,6	1,8,2,2,3,2,0,2,5,2	129	75
677	4,4,1,1,1,2,2,1,4,1	4,3,3,1,4,0,0,4,1,2	3,3,2,3,3,5,1,3,2,1	1,8,2,2,3,2,0,2,5,2	83	75
678	14,18,13,11,10,17,10,9,10,9	0,0,0,0,0,0,0,0,0,0	8,13,15,7,11,17,14,7,10,6	0,0,0,0,0,0,1,0,0,1	82	75
679	474,404,368,329,355,378,286,403,398,344	2,1,0,0,0,0,0,0,0,0	400,343,296,400,302,481,535,260,329,313	1,0,0,0,0,1,0,1,0,1	2005	75
680	492,418,384,342,366,388,295,416,410,359	2,0,2,0,0,0,0,3,2,2	419,354,308,415,313,497,553,269,342,322	3,1,2,1,0,1,1,0,1,2	2005	75
681	1023,1071,1110,1073,1039,1104,856,762,812,939	0,1,3,0,1,2,0,0,2,0	1049,1033,1099,996,1009,945,833,887,995,804	0,0,1,0,1,2,2,0,3,0	526	75
682	279,300,347,297,336,342,282,225,248,247	3,2,1,1,3,1,0,3,0,0	288,294,333,298,306,305,224,287,301,242	1,2,0,0,2,1,0,1,3,2	346	75
683	0,0,0,1,0,0,0,0,0,0	4,2,3,1,2,3,1,5,3,0	0,0,0,0,0,0,0,0,0,0	2,1,1,5,2,3,5,5,1,1	88	75
685	8,14,9,8,15,14,4,16,8,6	61,60,55,49,31,75,50,41,43,63	5,6,6,11,9,9,7,8,13,14	49,49,43,44,64,42,45,36,46,52	81	75
686	0,0,0,0,0,1,3,2,0,1	0,2,1,1,1,0,1,1,0,0	1,0,3,0,0,3,2,0,0,0	0,4,2,0,0,2,1,1,0,2	168	75
687	0,0,0,0,0,2,3,3,0,1	1,0,0,0,1,0,0,0,0,0	1,0,3,0,0,3,2,2,0,1	0,0,0,0,1,0,1,0,0,2	168	75
688	166,170,169,144,109,137,128,166,137,144	393,382,412,380,321,345,348,295,348,348	144,149,115,118,164,167,174,145,110,172	382,350,318,352,398,385,444,386,346,351	156	75
695	40,46,50,52,24,34,32,37,36,44	90,71,65,76,83,79,72,54,64,75	50,46,35,34,36,28,37,43,27,34	66,61,51,61,65,69,73,77,75,59	142	75
699	8,5,10,8,6,13,13,9,14,12	27,33,32,44,48,35,35,41,44,49	14,13,21,11,9,11,12,14,19,12	30,43,40,38,35,42,40,55,41,29	108	75
700	16,21,24,23,20,24,28,25,27,18	0,0,0,0,0,0,1,0,0,0	29,26,18,20,15,19,25,21,30,23	3,0,0,0,0,2,0,0,0,0	388	75
702	124,125,137,128,106,116,93,80,107,115	97,115,122,93,102,108,73,61,87,97	108,136,105,106,126,115,121,87,121,100	91,118,121,94,83,92,98,92,110,107	87	75
703	46,40,48,49,37,43,30,26,43,46	4,0,0,3,2,1,3,4,2,3	28,45,35,29,49,34,46,33,33,39	3,2,1,0,3,1,1,3,2,6	87	75
704	35,47,31,42,33,45,31,21,24,22	3,1,1,4,2,5,3,2,1,2	30,45,33,33,19,44,37,34,34,31	0,5,3,2,2,4,4,3,0,1	88	75
705	1,2,2,2,0,0,5,4,4,0	4,3,3,3,1,3,0,2,2,4	1,3,5,0,0,4,1,0,1,1	2,3,2,2,1,4,2,1,5,3	145	75
706	6,8,9,5,4,3,13,6,12,7	24,31,33,20,30,35,37,22,20,22	6,5,6,9,3,12,4,3,8,7	29,20,25,28,33,36,29,30,26,18	85	75
707	21,24,13,22,19,11,12,18,19,24	286,315,314,299,269,278,241,217,243,243	15,18,18,15,20,22,16,14,18,11	275,290,263,267,238,282,294,280,263,305	200	75
708	349,331,335,309,318,299,303,261,302,287	117,139,118,115,110,132,116,111,115,108	297,294,257,269,371,334,332,274,284,281	120,120,103,126,114,130,105,120,99,104	243	75
710	13,15,17,27,15,19,7,8,11,14	38,37,24,28,43,35,35,26,25,34	17,14,12,13,16,22,15,9,9,8	40,36,27,35,30,38,32,54,18,36	87	75
716	64,64,81,43,46,56,45,51,34,55	1,3,2,4,0,1,1,3,0,2	45,61,47,46,64,40,48,35,51,50	1,2,0,0,0,1,0,0,4,1	161	75
717	128,113,148,108,107,129,102,94,118,130	0,1,0,0,0,1,0,0,0,0	126,152,127,136,122,139,122,114,134,122	0,0,0,0,1,0,0,1,0,0	93	75
718	11,18,3,13,8,10,15,8,6,10	0,0,0,1,0,0,0,0,0,0	26,5,4,5,8,6,22,15,12,19	2,0,0,0,1,0,1,0,1,0	192	75
719	1,0,0,0,0,0,0,1,1,0	7,9,4,3,4,0,5,11,4,4	0,0,0,0,0,0,0,0,0,0	6,10,7,7,4,8,6,5,5,4	150	75
721	131,107,131,77,104,81,86,72,101,78	24,14,12,21,16,9,12,9,9,13	108,122,112,88,110,96,96,77,91,106	18,24,18,17,12,20,18,17,14,14	623	75
722	38,35,51,40,27,32,38,39,33,30	1,0,0,1,0,0,1,2,0,0	38,32,32,29,22,40,51,28,44,34	1,3,1,3,1,1,2,0,0,1	586	75
723	0,0,0,0,0,0,0,0,3,0	18,19,11,15,15,16,28,20,20,9	0,0,0,0,0,0,1,1,0,1	19,24,19,13,13,27,19,17,24,21	99	75
724	25,26,24,37,14,23,25,30,20,15	0,0,0,0,0,0,0,0,0,0	20,24,20,20,26,40,37,25,28,25	2,0,0,0,0,0,0,0,0,0	139	75
725	620,617,595,561,514,563,516,490,457,497	0,0,1,0,0,0,0,0,0,0	591,552,578,523,555,598,626,545,557,590	0,0,1,0,0,1,0,0,0,0	340	75
727	7,11,3,1,4,8,5,8,12,5	82,87,88,74,66,71,86,108,73,75	3,7,9,7,6,9,9,5,6,2	66,103,79,59,65,94,77,64,69,54	81	75
728	133,133,123,137,115,129,119,100,121,117	8,2,2,2,5,3,3,3,1,7	168,119,134,88,119,133,104,110,100,115	7,7,2,3,3,4,5,7,6,2	93	75
729	150,155,147,172,124,144,144,116,137,146	0,0,2,0,0,0,0,0,0,0	188,140,156,114,132,157,135,125,111,142	0,0,0,0,0,0,0,0,0,0	514	75
730	2,1,3,1,2,0,1,0,1,1	218,220,221,195,170,188,158,167,134,194	0,0,0,0,2,1,1,1,0,0	192,201,156,184,207,193,208,186,220,145	104	75
732	8,13,13,11,11,9,5,16,5,18	0,3,1,2,0,2,0,0,1,2	9,15,16,14,11,8,10,8,12,7	4,5,0,0,1,2,1,0,2,0	92	75
734	98,89,86,72,66,38,110,112,124,70	298,276,238,228,235,157,395,353,363,189	56,98,58,116,40,77,43,60,135,118	216,311,174,330,180,289,190,238,339,374	119	75
735	51,53,50,52,39,40,49,40,47,45	1,2,0,0,0,0,0,0,0,0	40,62,29,50,39,66,42,38,41,53	1,1,1,1,1,0,0,1,1,0	86	75
736	44,40,47,35,37,39,30,39,42,41	0,1,1,0,0,2,0,0,0,0	53,47,37,43,36,49,37,47,23,36	0,0,0,0,0,0,2,0,0,0	111	75
741	2,3,1,1,1,2,3,1,1,0	16,29,23,27,21,10,14,22,25,19	0,3,4,2,0,1,1,3,2,6	20,17,14,15,23,19,31,23,24,14	132	75
742	2,0,1,0,0,0,0,0,0,0	12,12,18,21,17,18,12,19,16,9	0,0,1,0,2,0,0,0,0,0	28,23,17,19,25,14,15,25,16,16	87	75
743	71,68,56,63,59,61,66,63,76,65	0,0,0,1,0,0,0,0,0,0	57,63,66,68,59,63,73,55,69,51	0,0,0,0,0,0,0,0,0,0	421	75
744	23,31,26,29,22,14,25,17,37,32	0,0,0,0,0,0,0,0,0,1	19,20,23,39,25,17,46,17,31,16	0,0,0,1,0,1,0,0,0,1	143	75
746	7,8,12,8,8,8,2,11,4,5	0,0,0,0,1,0,0,1,0,0	11,12,5,12,11,4,7,8,9,6	0,0,0,0,2,0,0,0,0,0	111	75
747	4,6,9,6,7,4,2,11,1,1	4,1,1,3,5,4,1,0,1,1	7,10,3,6,6,3,4,7,2,6	4,1,1,2,1,0,2,2,4,2	97	75
748	7,8,12,8,8,8,2,11,4,5	4,1,1,3,5,4,1,0,1,1	12,11,5,12,9,5,7,8,9,6	4,1,1,2,1,0,2,2,4,2	111	75
749	3,3,3,4,1,5,0,1,3,4	0,1,0,2,0,1,0,1,0,0	6,2,2,6,3,2,3,1,7,0	1,1,0,0,0,0,0,0,0,0	89	75
750	120,120,118,104,110,99,95,96,89,100	2,4,1,4,1,3,5,0,3,0	86,123,86,117,95,108,91,101,92,106	1,3,1,5,1,4,1,0,0,2	230	75
751	23,30,25,16,27,15,19,24,22,23	0,0,0,0,0,0,1,0,0,0	19,21,15,28,19,24,17,29,20,11	0,0,0,0,0,0,0,0,0,0	388	75
752	52,77,53,26,46,49,51,38,52,53	0,0,0,0,0,0,0,0,0,0	42,56,57,54,49,62,50,54,45,49	1,4,0,2,2,0,1,2,1,0	278	75
753	28,21,24,31,23,26,21,27,29,17	64,67,65,71,49,62,68,62,64,60	23,42,25,30,38,22,22,33,22,22	62,65,57,56,64,60,65,68,65,46	81	75
755	427,504,431,466,442,471,447,407,444,365	1,0,0,0,0,1,0,2,0,0	365,556,438,553,466,400,394,474,513,434	0,0,0,1,0,0,0,0,0,0	225	75
757	153,133,152,128,151,149,88,105,119,96	0,3,1,0,2,0,0,0,0,1	126,161,101,154,119,125,120,90,115,122	0,2,1,0,0,0,2,0,0,0	99	75
758	1,0,0,0,0,0,1,1,1,1	3,8,3,5,7,4,3,14,10,12	0,0,1,0,2,2,0,1,1,0	6,5,2,7,3,14,5,4,7,9	87	75
759	0,3,1,1,1,0,2,0,0,1	1,5,3,2,2,0,2,1,1,0	0,1,1,1,1,4,1,0,1,0	1,3,2,1,1,3,3,1,1,5	148	75
760	0,0,1,2,0,1,0,0,2,0	38,54,45,37,38,44,43,44,47,31	0,0,1,0,0,1,0,1,0,4	42,54,29,54,53,50,65,40,34,42	107	75
761	70,59,60,49,54,80,41,57,57,43	7,9,3,6,0,7,4,6,7,4	55,76,52,56,69,68,64,56,40,57	7,3,6,7,7,7,3,7,2,9	126	75
762	64,34,67,44,40,40,43,61,49,47	1,1,1,0,1,1,0,0,2,0	58,61,46,34,59,38,54,53,47,49	1,1,0,0,0,0,1,0,0,0	84	75
763	4,1,0,2,5,5,4,2,0,5	14,10,17,14,5,15,7,7,8,8	1,4,2,1,2,0,2,1,2,0	10,18,10,12,6,13,12,11,6,11	137	75
764	37,21,31,30,26,33,31,23,28,33	1,3,1,1,3,1,5,2,2,0	20,42,25,31,25,38,26,26,28,23	0,1,2,3,0,1,2,0,0,3	107	75
766	64,46,55,83,59,49,39,59,57,54	5,4,7,3,7,4,2,5,4,8	64,40,71,53,63,75,53,71,57,53	1,2,3,3,0,6,5,4,7,8	299	75
767	537,530,519,455,521,432,424,341,429,450	4,0,1,0,3,3,1,0,1,6	450,521,461,420,477,491,468,455,415,414	0,0,4,0,0,0,1,3,1,2	84	75
768	12,8,8,9,13,8,17,7,7,14	5,2,0,0,0,0,0,2,3,2	5,8,11,7,10,15,13,16,7,6	1,0,0,5,0,0,3,0,1,0	426	75
769	12,8,8,9,13,8,16,6,7,14	2,3,4,0,2,1,4,1,4,2	4,8,10,7,10,15,10,15,7,5	1,1,2,2,2,0,0,0,0,1	426	75
770	46,45,31,44,23,23,29,21,39,35	53,46,58,39,43,47,43,44,55,34	35,22,20,23,38,45,44,33,31,25	32,42,35,35,44,51,47,38,36,54	120	75
771	14,7,10,15,14,18,10,11,11,15	124,148,154,108,137,150,84,85,107,128	11,12,12,16,20,15,10,11,12,10	91,121,118,147,106,127,80,90,86,108	90	75
774	144,152,127,114,128,98,103,106,108,93	38,38,35,38,31,40,43,40,47,34	109,133,124,128,116,108,103,120,120,143	36,36,40,34,37,46,38,36,31,49	803	75
776	11,5,14,17,7,4,3,6,16,18	0,0,0,0,0,0,0,0,0,0	6,18,15,9,9,13,12,7,9,18	0,0,0,1,0,0,0,0,1,0	279	75
777	120,151,125,124,140,149,145,107,110,131	0,0,1,0,0,0,1,0,0,0	117,143,138,119,119,143,136,116,116,131	0,0,0,0,0,0,0,0,0,0	398	75
778	165,202,171,148,166,147,159,105,149,142	142,144,130,123,113,130,96,99,108,117	171,161,118,138,143,159,187,162,131,126	120,123,108,125,120,122,146,112,125,115	129	75
779	21,7,20,17,11,12,15,8,23,10	2,0,1,0,0,0,2,1,3,1	8,15,21,16,15,20,14,10,13,17	0,0,0,0,0,1,0,0,0,1	102	75
780	30,13,31,22,16,19,21,23,27,21	6,5,16,12,9,8,8,4,9,5	18,19,30,28,32,32,27,23,21,29	11,16,19,5,6,5,9,7,9,8	102	75
781	13,8,12,9,10,12,13,9,15,11	5,2,3,3,7,5,7,8,2,8	13,10,12,6,8,9,6,14,7,15	5,5,5,11,1,8,13,6,5,3	439	75
782	198,226,220,225,184,193,188,188,175,196	0,0,0,0,0,0,0,0,0,0	221,207,174,183,166,190,196,218,196,155	0,0,0,0,0,0,1,0,0,0	2674	75
783	0,0,0,0,0,2,0,1,0,2	156,155,167,123,130,140,126,117,119,148	0,1,0,0,0,0,2,1,1,0	140,141,144,118,148,158,122,112,127,133	91	75
784	23,27,21,24,17,25,23,11,23,25	13,20,8,8,8,12,7,7,7,19	27,19,23,24,22,32,23,23,20,12	16,16,15,15,10,13,18,13,14,9	86	75
785	0,2,0,1,2,0,0,0,3,0	20,12,16,11,8,15,10,12,16,11	1,0,0,1,0,1,3,2,1,0	14,13,15,10,18,13,11,21,14,13	84	75
786	0,0,0,0,1,0,0,0,1,0	19,13,23,14,23,24,16,15,11,13	0,0,1,0,0,0,0,1,0,0	16,22,11,9,12,22,14,22,13,16	82	75
787	20,17,19,19,18,14,16,16,16,14	3,1,2,2,2,2,2,0,1,3	18,21,12,8,14,17,21,20,22,15	2,1,1,0,1,3,4,1,1,1	112	75
788	15,18,18,13,10,16,17,14,20,21	6,5,5,7,12,8,6,10,6,5	17,15,27,8,23,22,16,23,20,29	5,8,10,3,4,7,4,9,4,6	79	75
790	11,15,16,24,7,7,9,14,12,14	1,1,0,0,0,0,0,0,0,0	13,5,12,20,6,19,15,5,15,19	0,0,0,0,0,0,0,0,0,3	526	75
793	32,36,36,26,25,24,18,26,30,29	0,0,0,0,0,0,0,0,0,0	34,19,17,22,27,42,23,23,34,27	0,0,0,1,0,0,0,0,0,0	136	75
794	32,37,36,26,25,23,16,26,30,32	2,5,6,1,5,3,1,4,2,2	34,20,17,26,28,42,23,23,35,28	5,1,0,3,9,1,6,2,2,4	136	75
795	2,0,1,0,1,4,1,7,0,4	1,0,0,0,0,0,0,1,0,0	1,1,2,2,0,2,0,3,0,1	0,1,0,1,0,0,0,0,0,0	312	75
796	3,9,13,8,5,4,8,8,14,6	0,0,0,0,0,0,3,0,0,0	5,7,8,15,9,3,9,4,8,6	0,0,0,1,0,0,0,0,0,2	160	75
801	41,31,27,20,35,18,32,22,30,38	140,119,117,78,102,97,91,81,108,108	31,28,33,19,44,29,24,23,36,27	102,88,101,103,131,122,126,90,93,83	84	75
802	20,19,14,12,19,11,14,13,16,20	13,9,11,6,9,10,12,5,11,9	9,19,18,13,21,21,15,17,18,10	7,6,13,2,12,8,13,8,10,10	84	75
803	18,13,11,10,15,7,11,8,13,18	2,0,2,1,1,1,0,2,2,0	8,15,18,8,19,18,10,16,16,12	2,2,5,1,0,0,1,3,2,1	84	75
804	28,24,28,21,30,16,28,26,22,31	22,12,22,16,9,12,6,18,18,22	18,27,29,24,35,29,30,26,29,18	6,10,20,18,16,16,15,21,10,16	84	75
806	121,136,150,138,125,124,120,113,105,114	5,1,3,1,1,5,4,1,4,4	127,127,145,141,130,124,105,120,126,129	4,6,3,3,3,1,2,3,2,0	145	75
807	3,9,5,5,6,7,5,9,7,5	4,3,2,0,1,1,1,0,1,2	4,1,5,4,10,7,5,6,4,4	1,0,4,2,1,0,1,2,1,0	84	75
808	23,24,26,26,20,27,28,24,19,26	5,4,5,5,5,3,10,6,10,4	14,26,21,24,30,22,24,22,23,22	4,7,2,8,9,6,4,6,2,4	84	75
809	110,109,133,110,93,98,102,86,130,85	11,8,11,8,6,2,4,8,5,5	106,118,104,95,118,110,109,72,84,94	11,7,9,4,4,4,8,8,7,7	227	75
810	3,4,8,5,9,3,4,4,9,8	0,0,0,0,1,0,1,0,1,2	11,4,7,4,6,7,6,3,4,2	0,0,1,1,0,0,0,0,0,0	86	75
811	33,45,39,29,32,32,19,30,38,32	148,116,131,118,109,104,107,93,122,117	34,38,31,36,23,47,48,38,36,31	122,110,104,88,111,146,110,109,96,103	81	75
812	2,2,2,0,1,0,0,5,1,0	2,2,3,6,3,3,1,1,3,1	3,0,0,0,1,4,0,0,2,1	5,2,2,2,5,2,4,0,0,1	81	75
816	0,0,0,0,1,0,3,4,1,2	138,156,171,135,137,144,132,139,148,156	1,1,0,0,0,1,0,2,0,3	148,150,122,126,160,149,144,151,153,132	92	75
820	10,12,8,4,4,8,7,10,8,15	29,29,41,32,32,21,22,23,17,30	10,13,8,6,10,5,15,9,4,6	29,31,23,23,34,24,24,28,18,12	102	75
821	3,7,6,5,8,3,4,5,3,3	0,0,0,0,0,0,0,0,0,0	5,8,4,5,6,14,7,3,3,2	0,0,1,0,0,0,0,0,0,0	100	75
822	0,0,0,0,1,0,0,0,0,0	0,5,2,2,0,3,3,3,2,0	0,1,0,0,0,0,1,0,2,1	2,3,5,3,2,2,6,3,1,2	85	75
824	2,4,6,5,1,4,4,3,3,1	426,435,456,384,397,417,339,300,369,393	0,6,2,8,1,5,5,0,6,7	400,449,377,361,391,388,398,377,339,370	94	75
825	4,11,7,7,3,7,8,3,5,3	2,2,1,1,0,3,6,0,0,3	8,8,3,9,6,1,5,6,9,1	1,3,0,1,1,0,0,0,2,1	1002	75
826	5,11,7,7,3,7,8,3,5,3	82,86,103,79,71,67,71,78,90,72	8,8,4,10,6,1,5,6,9,1	88,92,90,92,63,92,106,104,78,71	1002	75
827	0,2,2,0,0,1,0,0,2,3	0,0,0,0,0,0,0,1,1,0	4,2,1,0,1,3,5,0,0,2	0,0,1,0,0,0,0,0,0,1	267	75
829	2,0,2,1,5,2,1,1,3,1	16,23,21,21,31,24,19,14,16,19	1,2,2,1,2,2,4,3,1,0	21,25,22,15,20,19,21,24,14,22	85	75
841	5,1,4,7,2,1,6,4,9,5	118,113,114,106,114,120,104,88,113,116	3,3,2,6,3,8,2,4,3,3	103,107,104,129,104,129,107,112,141,121	367	75
842	9,14,17,21,12,9,8,19,7,11	181,145,179,179,149,178,126,123,158,147	24,10,10,14,24,18,16,11,12,9	134,177,137,170,129,138,185,172,155,130	81	75
843	1,1,2,0,1,0,0,2,1,0	1,0,8,3,1,6,2,6,1,5	2,0,0,0,2,1,0,1,0,0	8,3,7,2,3,3,8,1,6,1	1596	75
844	31,32,30,26,24,25,21,37,28,28	1,2,0,0,0,0,1,0,0,0	31,39,27,28,21,28,26,33,34,26	0,1,1,0,0,0,2,0,0,1	229	75
845	119,139,140,98,101,95,109,94,124,106	1,7,4,2,0,3,1,3,3,8	118,135,91,96,113,104,108,100,95,76	4,2,3,2,2,3,1,2,2,1	81	75
846	4,5,7,4,3,5,3,6,6,2	20,9,14,17,6,12,10,14,12,16	5,4,3,5,1,3,5,9,6,4	10,20,16,17,16,16,13,19,13,20	84	75
847	89,91,93,80,94,52,123,117,88,67	0,0,0,0,1,0,1,0,0,0	72,107,73,94,66,72,75,73,108,90	0,1,2,0,0,1,0,0,0,0	654	75
850	1,1,1,1,0,3,0,0,0,1	17,30,12,16,13,17,16,11,14,18	0,0,2,0,1,0,3,1,1,3	21,16,20,18,15,10,12,18,20,10	91	75
852	0,1,1,2,1,0,0,1,1,0	38,55,50,44,43,63,30,38,38,41	0,1,0,0,0,0,0,1,2,0	45,50,45,53,40,52,40,39,45,39	107	75
853	0,1,0,0,0,0,1,0,0,0	28,24,31,24,20,20,19,14,21,31	0,0,0,0,0,0,0,0,0,0	25,24,20,11,26,21,24,28,19,20	106	75
854	7,10,7,8,10,13,4,5,11,4	2,1,0,0,0,0,6,2,2,1	9,9,8,14,8,9,7,3,7,13	1,0,2,0,1,0,1,2,0,1	103	75
855	11,10,22,6,15,17,12,7,16,8	0,0,0,0,0,0,0,0,0,1	22,9,16,15,9,11,12,8,12,11	0,0,0,0,0,0,1,0,0,0	132	75
856	0,0,1,0,0,0,0,0,0,0	2,1,1,2,0,0,0,1,2,1	0,0,2,0,0,0,1,0,0,0	1,1,0,2,0,0,1,2,0,2	220	75
857	225,222,231,221,225,192,216,143,202,207	0,0,0,0,0,0,0,0,0,0	198,222,222,192,212,229,239,205,193,196	0,0,0,0,0,0,0,0,0,1	358	75
858	2,1,2,2,1,1,2,2,0,1	0,0,1,0,0,0,0,0,0,1	2,4,0,0,2,5,2,1,2,1	0,0,0,1,0,0,0,0,0,0	104	75
859	1,0,0,0,0,0,0,0,0,0	2,0,0,0,1,0,0,3,0,0	0,0,0,0,0,0,0,0,0,0	1,4,0,0,0,0,0,1,0,2	169	75
860	18,12,11,9,11,10,8,9,10,17	0,1,0,1,1,0,1,0,1,1	4,22,8,4,8,11,7,5,6,10	0,0,0,1,1,1,3,1,1,0	84	75
861	2,4,2,1,2,2,2,0,2,3	0,0,0,0,0,1,0,0,0,2	1,1,3,3,3,1,2,4,1,4	0,0,0,0,0,0,0,0,0,0	108	75
863	1,1,4,2,0,5,4,3,1,1	0,0,0,2,0,0,0,0,0,0	0,0,1,2,4,0,1,1,3,0	1,0,0,0,0,0,0,0,0,0	96	75
864	21,18,21,11,17,20,16,14,11,17	10,9,16,7,18,21,3,8,6,17	20,16,21,17,27,7,17,12,19,18	12,13,12,8,12,9,22,14,8,13	96	75
868	1,1,0,0,0,0,0,0,0,0	2,1,1,0,1,0,0,1,2,0	0,0,0,0,0,1,0,0,0,1	2,4,3,1,0,0,0,0,2,0	107	75
869	1,3,3,3,1,6,0,3,6,6	1,4,4,2,6,2,4,1,1,2	1,3,1,2,4,3,2,1,4,1	1,2,0,1,2,3,2,4,2,1	99	75
870	0,2,4,0,1,2,0,1,0,2	1,0,0,0,0,0,3,0,0,0	0,1,1,2,3,0,1,1,1,1	1,0,1,0,0,0,1,0,0,0	99	75
871	5,6,9,4,8,14,4,3,7,6	2,1,1,0,2,1,0,2,3,0	6,12,5,13,12,7,9,7,9,9	0,2,0,5,0,3,2,0,1,3	99	75
872	3,2,1,0,0,0,0,0,0,0	67,71,70,59,79,62,52,62,43,50	4,2,2,3,1,0,3,0,1,1	73,89,46,72,52,82,69,49,58,58	91	75
877	7,4,12,4,6,7,4,2,10,7	0,0,0,0,0,0,0,0,1,0	7,5,7,6,3,5,5,6,2,6	0,0,0,0,0,0,0,0,1,0	412	75
878	912,853,913,827,802,954,718,739,741,835	0,0,0,0,0,1,0,0,0,0	816,914,891,875,881,929,865,785,854,916	0,2,1,0,0,0,0,0,0,0	340	75
879	1,4,2,1,4,0,2,2,4,0	115,79,113,99,99,88,100,104,107,88	3,7,3,0,3,5,5,1,0,4	115,118,85,89,97,103,82,99,95,114	79	75
880	81,66,64,95,77,69,85,61,61,69	0,0,0,0,0,0,0,0,0,0	78,89,65,86,73,71,75,86,61,67	0,2,0,0,0,0,0,0,0,0	1029	75
881	3,10,8,5,16,1,3,3,3,4	7,9,4,2,3,1,5,1,5,1	14,10,10,3,6,7,3,3,4,5	4,3,9,2,6,8,4,3,5,4	153	75
885	88,58,99,81,71,47,39,72,56,91	0,0,1,1,0,0,0,0,0,0	73,98,78,56,70,83,73,45,46,45	0,0,2,1,1,0,0,0,1,1	339	75
886	0,0,0,0,0,0,0,0,0,0	22,21,19,14,14,15,18,15,16,15	1,0,0,0,0,0,0,1,1,0	16,24,15,13,15,17,20,19,13,8	90	75
887	77,57,63,73,47,59,71,54,61,50	0,0,0,0,0,0,0,0,1,0	66,72,59,57,66,57,51,51,47,63	0,1,0,0,0,0,0,0,0,0	504	75
892	1,0,1,1,1,0,1,1,0,1	46,54,63,34,46,35,41,46,49,32	1,0,2,2,2,2,2,0,1,0	55,47,44,43,57,35,55,42,68,53	82	75
893	23,19,24,10,14,8,13,11,10,7	1,1,0,0,0,1,1,0,0,0	6,11,10,11,14,13,11,6,11,9	1,1,0,1,0,2,0,0,0,1	118	75
894	15,10,17,7,9,8,4,9,9,5	0,1,0,0,0,0,0,0,0,0	5,7,8,10,9,6,5,2,6,6	0,0,0,0,0,0,0,0,0,0	118	75
895	28,29,20,26,25,34,24,23,38,20	26,14,41,24,36,25,20,21,23,33	25,23,35,23,35,22,41,33,17,32	12,32,16,28,45,26,16,27,19,23	165	75
896	0,1,0,0,0,2,0,0,2,1	0,0,0,0,0,0,1,0,0,0	1,1,0,0,0,0,1,0,2,0	0,0,0,0,0,0,0,0,0,0	126	75
897	77,68,86,70,68,73,57,71,63,71	0,0,0,0,0,0,0,0,0,0	65,77,75,85,78,56,70,46,85,71	0,0,1,0,0,0,0,0,0,0	105	75
898	26,21,25,18,22,15,29,16,19,12	0,1,2,0,0,0,4,0,1,0	21,21,28,16,21,23,16,23,16,20	3,2,0,2,2,2,0,3,2,3	79	75
899	0,0,0,1,0,0,0,0,0,0	197,188,212,188,178,201,197,158,177,192	0,0,0,0,0,1,0,0,0,0	180,222,205,177,165,231,211,191,165,170	89	75
900	59,50,54,46,61,44,41,38,35,57	0,1,0,2,2,4,1,2,0,3	54,57,42,44,52,52,54,51,40,42	1,4,0,1,1,1,0,0,0,0	741	75
901	2,2,1,2,0,2,0,0,2,0	20,13,23,10,16,19,12,18,21,19	3,0,2,0,1,0,0,4,3,4	16,13,11,19,19,22,27,19,10,18	175	75
902	25,48,33,36,31,34,51,31,40,31	0,0,0,0,0,0,0,0,0,0	32,51,30,29,35,32,34,28,41,33	0,0,1,0,0,0,0,0,0,0	208	75
903	0,2,0,2,0,0,0,1,0,1	53,50,57,51,44,58,39,50,42,51	1,2,6,2,0,1,1,1,0,0	55,38,34,50,28,33,51,58,44,49	83	75
904	56,66,77,67,64,65,65,48,63,53	0,0,1,0,0,0,0,0,0,0	50,74,45,61,47,69,69,66,70,72	0,0,0,0,0,0,0,0,0,0	404	75
905	142,134,130,149,119,102,109,134,111,137	1,5,1,2,4,1,1,1,0,2	114,118,110,119,110,140,132,120,108,95	2,4,0,1,2,2,1,1,0,2	615	75
906	1,0,0,1,0,1,1,0,1,0	7,4,1,4,6,4,11,3,9,3	0,0,0,0,0,0,0,0,0,0	0,6,1,1,1,10,3,0,1,1	79	75
908	6,12,13,13,16,16,12,15,8,15	0,0,0,0,0,0,0,0,0,0	9,11,18,15,15,12,11,9,10,14	0,1,0,0,0,0,0,0,0,0	90	75
909	54,47,38,71,79,102,207,132,100,243	1,0,2,1,4,3,5,4,3,13	44,48,76,138,59,80,114,158,170,79	2,0,1,5,2,2,2,5,6,1	108	75
910	1,2,2,1,2,0,0,0,3,0	4,6,5,5,7,7,0,0,4,7	0,4,1,0,5,2,1,2,3,0	4,3,4,3,2,5,6,6,3,5	303	75
912	22,20,24,26,18,18,22,20,18,15	64,67,79,73,71,49,67,61,50,50	15,13,22,19,15,17,19,23,16,26	44,65,59,47,55,80,57,58,69,64	111	75
913	37,45,40,38,36,33,39,35,39,33	29,34,29,21,19,24,12,19,21,24	41,35,38,50,27,50,32,48,49,44	24,23,14,29,24,24,22,10,21,19	385	75
914	398,374,471,478,395,349,496,479,420,476	3,4,9,6,1,4,6,4,7,4	354,685,340,291,327,521,405,297,331,313	7,8,3,2,4,8,12,7,7,6	308	75
917	0,1,1,0,0,0,0,0,0,0	198,210,227,191,185,149,154,151,185,186	1,3,0,0,0,0,0,0,1,1	158,197,204,170,184,229,216,185,200,131	87	75
918	0,0,1,0,1,1,1,0,2,1	1,4,0,1,2,8,1,2,2,1	0,0,1,1,0,1,0,1,4,1	0,8,3,1,3,0,6,1,1,1	181	75
920	2,5,3,5,4,4,7,5,9,5	1,0,0,0,1,0,0,2,1,0	3,10,12,5,1,5,6,8,5,7	0,0,0,0,0,0,1,0,0,1	283	75
921	4,2,1,1,1,0,0,2,1,2	0,1,1,0,0,0,1,0,0,1	1,2,1,3,1,1,1,2,0,2	1,0,1,0,0,4,1,0,0,0	93	75
923	58,64,47,57,52,60,55,40,52,58	31,37,42,26,24,29,22,27,37,30	73,40,41,43,70,48,38,37,56,39	26,34,31,38,27,35,27,27,37,45	81	75
924	9,11,9,8,12,11,9,7,7,13	0,0,0,0,0,0,0,0,0,0	8,22,14,6,10,18,9,10,11,8	0,0,0,1,0,0,0,0,0,0	271	75
925	0,2,3,0,0,0,0,0,1,1	33,20,23,36,34,28,18,29,18,24	1,1,2,0,0,3,2,0,0,0	35,21,31,36,23,34,14,31,24,36	255	75
927	15,19,10,10,9,9,7,7,5,13	0,1,2,0,2,1,0,0,0,0	9,18,8,11,10,2,11,12,8,14	3,0,0,0,1,0,0,0,0,1	141	75
929	497,450,592,581,504,425,473,451,551,447	2,2,2,1,0,2,5,2,2,1	441,435,528,430,585,547,605,507,526,448	3,2,0,3,1,5,2,0,2,2	1887	75
930	14,15,16,15,12,13,8,10,14,9	2,2,2,1,0,2,5,2,2,1	6,12,13,7,18,16,9,13,17,11	3,2,0,3,1,5,2,0,2,2	120	75
931	153,128,143,133,122,104,118,104,105,125	1,0,0,0,0,0,0,0,0,0	128,105,123,110,134,127,150,116,117,110	0,0,0,0,0,0,0,0,0,0	77	75
932	0,0,0,0,1,1,1,0,1,0	80,91,85,81,66,88,91,78,77,72	0,1,2,1,0,0,1,1,0,0	88,94,69,80,57,79,90,94,76,72	163	75
934	0,2,1,0,0,2,3,3,6,3	2,0,0,2,0,1,0,2,0,1	0,1,1,3,3,2,6,2,1,0	0,1,1,0,0,2,0,0,2,0	84	75
936	1,1,4,5,1,5,8,4,3,3	22,29,19,14,23,29,14,14,14,17	5,2,5,3,5,6,3,3,3,1	19,25,13,15,15,17,23,31,19,23	175	75
937	2,4,3,1,6,2,1,0,2,3	94,119,101,96,89,93,90,72,80,90	1,3,4,2,2,3,1,0,1,0	92,110,87,73,75,81,80,95,88,78	138	75
938	329,280,314,292,303,254,270,218,338,298	1,0,0,0,1,0,0,1,0,0	316,332,239,274,300,341,312,279,308,273	0,0,0,0,0,0,0,0,3,0	427	75
939	270,255,231,179,224,210,191,189,213,273	2,4,2,1,0,4,0,1,0,0	220,207,238,249,250,193,209,236,242,217	1,1,2,4,0,1,2,2,0,1	138	75
941	89,93,87,87,70,76,64,73,93,81	1,0,0,0,4,1,1,1,0,2	80,91,79,100,78,70,91,73,72,61	0,0,0,0,0,0,1,0,2,0	79	75
943	158,165,187,172,141,146,133,118,124,147	2,6,0,1,3,5,1,1,1,0	142,150,119,148,180,183,143,159,145,120	2,3,2,1,2,5,3,2,1,2	140	75
946	1154,1225,1222,977,970,1079,956,867,1057,1046	0,0,0,0,0,1,0,0,0,0	1045,1060,1033,1005,1109,1047,1092,1006,951,982	0,0,0,0,0,0,0,0,0,0	3146	75
947	12,18,17,20,20,23,20,21,12,17	84,94,83,55,59,84,66,82,72,82	21,18,26,30,18,23,19,9,17,19	70,93,69,63,86,84,73,92,71,72	101	75
948	6,6,4,11,2,9,8,7,4,4	0,0,0,2,0,0,0,0,0,2	4,4,8,14,7,7,5,2,6,8	0,0,0,0,0,0,0,0,1,1	101	75
950	0,0,0,0,0,0,0,0,0,0	32,32,32,26,35,30,34,29,36,26	0,0,1,0,0,0,0,0,0,0	27,36,32,27,37,34,24,18,33,30	84	75
953	105,98,90,84,75,88,85,92,92,72	1,0,0,1,0,0,0,0,0,0	75,89,82,93,66,97,90,81,94,76	0,0,0,0,0,0,0,0,0,0	541	75
954	17,23,24,14,17,17,12,17,16,11	33,28,37,41,39,36,35,37,38,25	14,18,18,18,12,16,16,10,10,5	30,27,24,27,42,40,31,31,45,32	78	75
955	2,4,0,7,1,4,5,2,0,2	1,0,2,1,0,0,0,1,1,0	2,2,1,3,2,2,3,2,1,1	7,0,1,0,1,1,0,1,1,0	554	75
956	3,1,5,3,0,3,6,6,3,2	75,76,62,63,36,56,47,46,65,72	4,5,0,4,3,5,8,0,1,1	45,60,48,49,65,68,53,48,62,42	111	75
957	5,3,0,0,1,0,1,0,1,0	0,0,0,0,0,0,1,0,0,0	0,0,1,1,2,1,1,2,0,1	0,0,0,0,0,0,0,0,0,0	213	75
958	1,1,1,2,0,0,5,1,1,1	0,0,0,1,0,0,0,0,0,0	1,1,1,1,0,1,1,3,0,0	0,0,0,0,0,0,0,0,0,0	104	75
959	4,2,1,2,1,0,5,1,1,1	0,3,0,0,1,2,2,0,0,0	1,1,1,1,2,1,2,3,0,1	1,0,0,0,2,0,0,1,0,0	143	75
960	4,3,1,2,1,0,5,1,1,1	1,0,0,0,1,0,0,0,0,0	1,1,1,2,2,1,2,3,0,1	0,1,0,0,0,2,0,0,0,0	213	75
961	3,1,0,1,1,0,0,0,0,0	0,3,0,0,1,2,2,0,0,0	0,0,0,0,2,0,1,0,0,1	1,0,0,0,2,0,0,1,0,0	114	75
962	3,2,0,1,1,0,0,0,0,0	1,0,0,0,1,0,0,0,0,0	0,0,0,1,2,0,1,0,0,1	0,1,0,0,0,2,0,0,0,0	184	75
963	0,4,0,0,1,2,2,0,0,0	1,0,0,0,1,0,0,0,0,0	1,0,0,1,2,0,0,1,0,0	0,1,0,0,0,2,0,0,0,0	145	75
966	106,142,123,124,91,67,94,86,94,81	8,17,13,14,14,9,7,11,11,9	83,115,101,110,88,104,91,91,81,93	11,7,12,13,12,11,18,10,13,12	127	75
967	8,8,3,4,4,2,7,1,2,9	22,28,15,36,21,21,17,19,22,25	2,5,3,8,5,3,0,4,1,4	23,29,28,25,33,14,25,26,27,20	102	75
968	3,4,6,4,6,5,9,0,0,6	5,7,8,4,8,11,3,3,4,10	1,3,6,7,3,4,4,0,0,2	0,6,4,10,4,1,5,7,8,1	102	75
969	2,4,3,4,4,0,2,3,1,5	31,40,29,36,33,40,31,43,44,21	0,0,1,6,3,1,0,2,0,2	31,33,35,26,32,29,37,27,31,38	102	75
970	27,42,36,36,44,32,35,24,25,25	5,3,7,0,1,4,3,5,6,5	30,40,25,31,37,31,29,25,40,27	5,7,3,1,3,8,6,3,6,3	86	75
971	15,20,15,18,19,13,16,12,16,15	553,581,507,493,464,485,474,445,509,462	14,18,13,26,26,19,25,12,16,15	502,558,470,458,481,487,484,444,458,423	174	75
972	0,0,0,2,0,0,0,0,0,1	9,14,6,14,14,14,11,11,16,10	0,0,0,2,1,0,0,0,0,0	11,18,15,18,9,20,11,19,18,9	97	75
974	32,24,28,24,25,25,32,22,39,26	68,56,67,75,49,55,44,53,44,57	21,32,18,15,22,38,38,29,17,19	60,46,49,47,47,68,70,39,43,34	342	75
975	207,179,209,171,151,181,172,147,171,151	3,1,3,3,5,3,3,9,4,1	188,194,157,168,196,174,177,153,184,167	2,7,1,4,2,1,0,1,0,4	187	75
976	22,30,25,31,49,26,21,25,18,26	34,37,35,30,25,35,30,28,34,24	41,20,29,20,38,34,28,22,23,23	45,36,30,20,34,43,32,20,32,23	81	75
977	264,243,284,236,233,252,193,218,234,212	0,0,2,1,2,3,0,0,0,1	228,266,233,223,220,223,228,247,248,219	0,2,0,0,2,1,0,0,1,0	165	75
978	1026,1084,1141,964,1006,1249,918,834,953,965	0,0,0,0,0,0,0,0,0,1	1016,1098,1031,956,1053,1141,1005,945,999,978	0,0,0,0,0,0,0,0,0,0	284	75
979	0,1,0,0,0,0,0,0,0,0	11,16,18,22,15,5,11,10,11,15	0,0,0,0,0,0,0,0,0,0	19,13,10,8,16,16,13,16,12,17	102	75
980	2,3,1,3,0,4,1,1,5,0	0,0,0,0,0,0,0,1,0,0	0,2,3,0,1,7,2,2,1,4	0,0,0,0,1,0,0,0,0,0	93	75
981	42,32,46,34,46,45,36,27,50,39	424,394,375,320,329,320,295,307,318,317	32,48,32,43,43,43,41,26,31,43	327,378,308,325,387,385,375,340,335,356	121	75
982	0,1,3,4,1,2,1,0,3,1	0,0,0,0,0,0,0,0,0,0	1,5,3,0,2,3,5,2,0,3	0,0,0,0,0,0,0,0,1,0	131	75
984	1095,1086,1065,945,1010,1012,862,857,964,952	2,0,0,2,6,1,0,0,1,3	963,1178,862,930,955,955,998,880,958,949	0,0,2,1,1,2,2,2,2,0	3571	75
985	0,0,0,0,0,1,0,0,0,0	40,40,21,28,31,31,24,21,37,30	0,0,0,0,0,0,0,0,0,0	36,33,29,39,29,40,32,24,21,14	102	75
986	59,50,69,36,62,49,48,36,51,51	0,0,0,0,0,0,0,1,0,0	34,53,38,51,45,66,67,46,39,44	0,0,0,0,0,0,0,0,0,1	174	75
987	4,2,5,2,1,1,0,3,1,2	5,1,0,8,2,0,2,7,3,3	1,0,1,1,2,5,2,4,0,1	0,3,1,3,6,0,5,6,3,4	93	75
988	6,8,12,14,13,7,6,4,8,7	1,0,2,0,0,0,1,0,1,1	8,7,7,5,13,11,11,12,5,7	0,0,0,2,1,0,0,2,0,1	166	75
989	8,17,15,19,19,10,12,10,12,8	20,10,11,12,15,5,12,10,13,10	13,11,11,11,24,19,14,17,7,9	10,10,12,9,9,10,9,14,15,9	216	75
990	7,7,7,20,14,6,8,8,10,8	1,0,2,0,0,0,1,0,1,1	7,10,7,7,17,6,14,14,8,10	0,0,0,2,1,0,0,2,0,1	148	75
991	9,16,10,25,20,9,14,14,14,9	20,10,11,12,15,5,12,10,13,10	12,14,11,13,28,14,17,19,10,12	10,10,12,9,9,10,9,14,15,9	198	75
992	3,9,5,5,6,3,7,6,5,2	20,10,11,12,15,5,12,10,13,10	5,4,4,8,12,8,3,7,2,3	10,10,12,9,9,10,9,14,15,9	125	75
993	4,16,10,17,18,9,12,7,12,6	1,0,0,0,0,0,0,0,0,0	12,11,10,10,22,14,12,13,7,8	0,0,0,0,0,0,0,2,0,0	198	75
994	0,2,0,0,1,1,1,0,0,0	11,8,13,8,7,7,8,8,6,12	0,0,1,0,1,2,3,0,0,2	10,3,7,4,7,8,8,15,4,2	122	75
995	79,79,90,71,62,69,65,53,65,79	0,0,0,0,0,1,0,0,0,0	78,77,56,55,75,56,81,64,65,59	0,0,2,0,1,0,1,1,0,0	279	75
996	115,106,122,107,94,110,90,75,95,101	0,0,0,0,0,1,0,0,1,0	136,145,108,115,106,128,110,102,89,115	0,1,1,0,0,0,0,0,0,3	207	75
997	2,0,0,0,0,0,0,0,0,0	20,25,13,38,8,16,28,26,13,9	0,0,0,0,0,0,0,0,0,0	19,11,8,14,23,15,59,35,13,13	79	75
998	32,43,29,28,38,47,38,41,29,47	1,1,0,1,3,3,1,1,0,2	34,36,41,30,35,31,46,34,22,23	0,0,0,0,1,0,0,0,0,1	368	75
999	12,13,8,7,7,6,3,8,12,5	2,1,2,1,0,0,1,1,0,2	10,13,13,10,10,4,7,8,15,4	1,0,0,1,1,1,0,1,0,2	83	75
1000	0,0,0,0,0,0,0,0,0,0	16,15,22,14,15,10,11,15,8,12	0,1,1,0,0,0,0,0,0,1	16,11,13,10,10,14,20,16,15,13	91	75
1001	1,0,0,0,0,0,1,0,0,0	8,3,5,4,3,8,3,4,3,2	0,1,0,2,0,1,1,0,0,0	5,8,6,8,5,4,6,6,7,3	81	75
1003	6,3,4,9,5,4,6,3,11,4	12,10,6,4,4,8,5,3,2,4	8,8,5,6,7,4,9,7,11,9	4,10,7,1,3,2,4,4,3,2	106	75
1004	11,10,17,8,7,11,10,15,4,14	2,1,2,7,4,1,5,2,7,2	3,8,10,5,6,11,13,11,4,11	4,8,3,6,1,5,8,1,9,6	254	75
1005	23,39,40,25,35,29,34,36,54,30	6,2,4,5,3,0,5,6,4,4	34,40,43,42,39,46,43,33,32,29	4,1,2,10,1,0,5,2,3,1	81	75
1006	92,93,95,69,85,88,52,77,89,66	0,0,2,2,1,0,1,0,0,0	74,92,75,90,98,79,71,79,64,67	1,0,1,0,0,0,0,0,0,0	794	75
1007	2,0,1,3,1,1,1,0,0,0	32,32,34,25,21,20,19,20,26,22	0,0,0,0,0,1,0,0,2,1	20,20,11,16,28,19,21,30,27,14	96	75
1008	661,641,641,549,560,548,485,469,507,569	0,1,0,0,1,0,0,0,0,1	573,622,570,576,556,495,643,439,555,538	2,1,1,2,0,1,0,0,0,2	603	75
1011	1,5,0,0,1,4,3,0,0,0	141,158,141,134,113,156,112,121,111,126	3,1,0,1,2,1,1,0,1,2	101,150,118,133,127,147,137,113,145,105	227	75
1012	45,57,55,39,35,45,42,46,54,37	1,0,0,0,0,0,0,0,0,0	45,59,52,59,44,48,35,41,66,43	1,0,2,0,0,0,0,1,0,1	103	75
1013	13,23,19,7,16,23,15,16,25,19	0,0,0,0,0,0,0,0,0,0	19,13,15,21,24,19,17,10,18,6	1,0,0,0,0,0,0,0,0,0	530	75
1014	0,0,0,0,0,0,0,1,0,0	2,5,0,1,4,1,0,0,4,4	1,0,0,0,1,1,0,0,0,0	3,3,3,4,1,1,3,0,1,3	91	75
1015	0,1,1,1,0,0,0,1,1,0	3,2,6,2,4,1,2,8,4,5	0,0,0,0,1,0,1,0,1,0	3,6,1,4,4,5,3,4,5,6	110	75
1016	1028,922,1065,810,823,825,771,709,809,834	0,0,0,0,0,0,0,0,0,1	848,974,849,853,906,947,936,829,734,788	0,0,1,0,0,0,0,0,0,0	189	75
1018	49,76,60,56,59,63,52,48,50,47	9,8,6,7,6,11,15,5,7,7	69,55,75,57,57,52,47,59,66,58	9,7,8,3,10,3,9,11,11,6	105	75
1020	156,132,155,140,109,139,126,132,101,135	0,0,1,0,0,0,0,0,0,0	164,148,123,122,161,125,115,117,117,156	0,0,1,0,0,1,0,0,0,0	278	75
1023	52,64,65,65,49,45,70,58,48,43	1,2,0,1,4,4,2,3,4,0	63,63,35,56,53,43,52,51,47,71	2,2,0,2,2,1,0,3,2,1	227	75
1024	122,117,107,121,101,115,116,119,99,81	1,0,1,0,0,0,0,0,0,0	91,121,64,120,86,101,88,110,105,128	0,1,0,0,0,2,0,0,0,0	286	75
1026	0,0,0,0,1,0,2,0,0,1	17,11,7,20,15,16,11,11,13,15	1,0,0,2,1,0,0,0,0,1	16,28,17,18,17,17,24,23,19,15	183	75
1027	35,25,35,30,33,26,32,25,26,26	0,0,0,0,1,0,0,0,1,0	35,42,22,31,24,42,27,42,39,32	0,0,0,0,0,0,0,0,0,0	127	75
1028	0,5,1,3,3,1,0,1,1,0	62,56,54,58,30,55,49,42,60,42	0,5,1,3,2,3,4,0,1,2	49,59,58,55,59,49,66,77,42,52	155	75
1029	51,47,59,41,36,58,38,46,39,49	0,1,0,0,0,0,0,0,0,1	49,67,31,45,40,31,51,70,30,55	0,0,0,0,0,0,0,0,1,0	150	75
1030	51,47,58,37,36,58,38,47,41,49	0,1,0,1,0,0,0,0,0,0	48,66,30,45,39,31,51,67,30,56	0,0,0,0,0,0,0,0,0,0	150	75
1031	116,111,98,72,74,97,67,92,74,96	2,0,0,0,0,0,1,0,0,0	117,118,80,91,87,74,120,123,74,101	0,1,0,0,0,1,1,0,0,1	150	75
1033	16,18,17,17,19,11,13,8,15,20	0,0,0,0,1,1,0,1,0,0	15,17,8,17,22,14,21,21,23,13	0,0,0,1,0,0,2,0,1,0	273	75
1034	0,5,2,0,0,1,1,0,1,2	4,3,2,1,3,1,1,4,3,2	2,3,0,3,4,0,2,0,0,0	0,5,1,1,4,1,3,4,5,0	81	75
1035	3,5,4,5,7,3,6,5,6,7	4,3,2,1,3,1,1,4,3,2	6,7,6,5,2,1,3,8,13,8	0,5,1,1,4,1,3,4,5,0	92	75
1036	3,5,3,5,7,3,6,5,6,5	0,5,1,0,0,1,1,0,1,0	5,6,6,4,2,1,3,8,13,8	1,2,0,2,4,0,2,0,0,0	86	75
1037	649,586,709,567,535,577,530,454,490,561	0,0,0,0,0,0,0,0,0,0	600,634,595,596,557,623,654,659,627,534	0,0,0,0,0,0,0,1,0,0	239	75
1038	1,0,1,0,0,1,0,2,2,0	1,5,2,0,7,1,1,1,2,7	1,2,0,1,1,1,3,0,1,1	2,6,2,3,1,3,4,0,0,3	179	75
1040	14,3,7,5,7,7,5,5,5,10	0,0,0,0,0,0,0,0,0,0	10,8,8,4,3,1,9,4,7,3	0,1,0,0,0,0,0,0,0,0	81	75
1041	35,44,54,41,38,44,29,30,49,35	0,0,1,0,0,0,0,0,0,0	36,50,27,27,37,42,37,41,28,35	0,0,0,0,0,0,0,0,0,0	637	75
1042	18,23,21,26,15,15,15,33,32,25	1,3,2,4,1,1,0,3,1,0	23,18,18,18,13,22,22,20,13,10	1,2,1,1,0,5,1,2,0,0	180	75
1043	8,11,11,11,8,4,9,7,5,4	0,0,0,0,0,0,0,0,0,1	2,7,3,10,3,3,7,2,5,2	0,0,0,0,0,0,0,0,0,0	371	75
1044	8,15,12,15,7,1,6,8,14,12	0,0,0,0,0,0,0,0,0,0	11,8,8,10,9,7,5,9,12,6	0,0,0,0,1,2,0,1,2,0	120	75
1045	26,16,13,15,22,16,15,22,17,12	2,8,3,4,6,5,2,5,2,3	13,25,13,20,18,25,21,16,16,16	3,2,4,5,6,7,7,9,6,3	620	75
1046	14,9,1,2,9,5,5,7,6,10	8,12,4,14,6,10,11,7,9,7	6,6,2,3,6,6,5,9,3,3	10,13,5,7,15,11,14,8,13,8	81	75
1047	0,0,1,2,2,0,2,1,2,0	8,12,4,14,6,10,11,7,9,7	1,0,1,0,4,0,1,2,0,0	10,13,5,7,15,11,14,8,13,8	77	75
1048	21,17,16,21,22,12,15,14,13,15	2,0,0,1,0,0,0,2,2,2	23,9,25,20,12,22,11,12,23,28	0,1,3,0,3,0,2,2,4,4	82	75
1049	79,62,84,62,67,81,49,69,62,59	3,1,2,3,3,2,1,2,4,3	59,80,60,50,56,59,50,65,54,39	1,0,1,1,2,1,3,1,1,1	289	75
1050	1,0,4,3,0,10,2,1,4,3	53,53,46,31,52,42,45,42,40,55	2,3,0,0,1,2,4,3,2,9	50,57,44,50,46,35,49,52,55,41	96	75
1051	75,73,76,54,52,64,48,60,56,80	0,0,0,0,0,0,0,0,0,0	57,54,61,55,71,57,73,59,59,57	0,1,0,0,0,0,0,0,0,0	111	75
1052	5,16,8,14,7,18,6,5,10,11	0,0,0,0,0,0,0,0,0,0	3,10,5,7,10,10,8,11,8,5	0,1,0,0,0,1,0,2,0,0	108	75
1053	4,0,0,1,1,0,1,2,0,0	5,2,5,4,2,0,2,1,4,3	0,0,0,1,2,0,0,1,0,3	3,3,1,0,2,2,2,1,2,1	138	75
1054	27,20,50,19,35,38,20,23,37,30	127,115,125,96,121,106,117,79,89,132	21,42,31,22,37,28,29,22,34,31	96,114,87,111,118,104,122,117,115,119	153	75
1055	233,217,269,240,204,227,218,184,202,260	102,92,92,95,113,101,123,91,92,155	226,251,219,169,214,229,292,217,183,217	93,106,77,116,85,110,108,126,106,124	738	75
1056	293,264,332,253,208,267,244,244,234,280	0,0,0,0,0,0,0,0,0,0	247,265,245,280,273,288,316,228,251,243	0,1,0,0,0,0,0,0,0,0	88	75
1057	0,0,0,0,0,0,0,0,0,2	2,0,2,0,0,0,0,0,0,0	0,1,0,0,0,1,0,0,0,0	2,0,0,0,0,0,1,0,0,0	84	75
1059	76,77,60,78,64,61,57,76,71,76	0,2,0,2,0,0,1,1,1,0	91,72,69,62,61,76,79,64,58,58	0,0,0,1,1,0,0,0,1,1	105	75
1060	62,46,61,47,53,40,47,34,44,51	0,0,0,0,1,0,0,0,0,0	48,53,40,28,58,54,51,32,39,34	1,1,0,0,0,0,0,0,0,3	544	75
1061	7,4,2,1,1,5,5,1,2,5	0,0,0,0,0,0,0,0,0,2	4,5,1,3,3,4,0,8,2,1	0,0,0,0,0,0,0,0,0,0	208	75
1062	7,17,15,17,16,20,20,11,23,22	1,0,2,2,2,1,3,2,2,0	15,21,18,14,20,18,16,17,10,11	2,2,0,1,1,2,0,0,2,1	179	75
1063	0,1,2,1,1,0,1,1,0,0	12,8,9,8,12,16,8,3,8,7	2,1,1,2,0,2,0,1,3,0	7,11,9,3,9,6,8,5,8,4	98	75
1068	161,137,145,138,120,111,117,96,135,102	0,0,2,5,0,4,4,1,0,4	133,113,120,93,105,131,147,137,132,149	1,3,2,1,1,4,3,1,4,1	114	75
1069	36,31,39,52,57,42,33,32,37,46	182,177,157,155,163,177,122,130,151,118	29,37,34,34,36,24,34,25,23,29	143,231,112,123,96,161,174,123,123,140	524	75
1070	3,3,6,3,4,6,3,4,1,4	1,1,0,0,2,0,0,0,1,0	6,2,1,2,1,2,5,3,1,3	1,0,0,0,1,0,0,0,1,0	132	75
1071	218,221,202,203,218,210,184,187,219,163	0,0,0,0,0,0,0,0,0,0	186,330,204,199,149,211,184,172,145,222	0,0,0,1,0,0,0,0,0,0	285	75
1072	436,429,453,409,416,399,371,363,385,368	0,0,0,2,0,5,2,0,2,0	410,546,360,396,313,392,358,384,331,434	0,2,0,1,1,4,2,0,1,0	305	75
1073	550,566,583,503,500,503,481,424,518,446	0,0,0,0,0,0,0,1,0,0	514,631,446,488,484,500,470,496,456,551	0,1,1,0,0,1,0,2,1,0	410	75
1074	25,36,25,27,19,11,28,26,25,23	0,0,1,0,0,2,0,0,1,0	15,36,23,28,16,14,9,22,22,15	0,0,2,0,0,1,0,0,0,0	305	75
1075	114,100,90,105,83,87,96,76,126,113	292,320,332,274,259,298,248,223,320,286	82,141,67,90,83,94,101,80,86,79	277,342,236,274,320,301,302,297,265,314	387	75
1076	430,425,437,414,347,373,402,327,439,421	0,1,0,0,0,0,0,0,0,0	360,454,347,397,399,400,393,387,388,394	0,1,0,2,0,0,0,0,0,0	1146	75
1077	373,343,361,343,276,329,305,270,363,368	3,3,3,2,1,2,1,0,3,3	292,357,276,323,332,345,334,319,325,320	2,3,2,2,1,0,1,1,7,0	538	75
1078	114,134,127,130,119,83,145,87,127,107	0,0,0,0,1,0,0,0,0,0	113,154,106,137,110,101,93,121,116,126	0,0,0,0,0,1,0,0,0,0	1146	75
1079	57,52,51,59,48,39,48,30,51,54	4,1,1,2,2,0,1,0,2,1	45,57,35,63,43,46,34,53,53,52	1,2,1,1,1,1,2,0,1,0	538	75
1080	372,351,355,331,324,367,270,316,339,348	0,0,0,0,0,0,0,0,0,0	312,348,322,364,315,330,292,323,367,359	0,0,0,0,0,0,0,0,0,2	307	75
1081	114,134,127,130,119,83,145,87,127,107	0,2,0,0,0,0,0,0,0,0	113,154,106,137,110,101,93,122,116,124	0,1,0,0,0,1,0,0,0,2	1146	75
1082	57,52,51,59,48,39,48,30,51,54	4,6,8,6,8,11,10,6,8,6	45,57,35,63,43,46,34,54,53,50	8,10,4,3,4,4,7,6,5,6	538	75
1087	31,19,31,21,24,19,14,26,21,24	0,1,1,1,1,0,1,0,3,0	16,26,27,32,23,29,15,13,21,25	3,1,1,2,2,1,1,2,0,0	80	75
1089	0,0,0,0,0,0,0,0,0,0	120,89,125,89,112,111,91,70,92,93	0,0,0,0,0,0,0,1,0,0	85,85,123,84,101,98,99,89,103,86	79	75
1090	59,72,59,63,62,55,56,56,70,58	0,0,0,0,0,0,0,1,0,0	45,61,56,67,82,87,60,63,60,68	0,0,1,0,1,0,0,1,0,0	1558	75
1091	1,0,0,0,0,2,0,3,0,0	10,9,19,16,17,20,20,15,17,15	0,1,0,0,0,0,2,0,1,0	18,19,12,16,9,28,17,19,15,20	121	75
1093	11,27,31,22,15,18,20,18,19,14	0,1,0,0,0,0,0,0,0,0	17,23,12,22,21,19,17,17,23,29	0,0,0,0,0,0,0,0,0,0	1103	75
1094	55,45,58,44,52,40,52,51,46,49	81,84,102,90,81,75,58,69,82,68	52,65,75,50,58,60,60,49,48,48	77,74,97,68,84,84,93,97,84,68	116	75
1095	4,9,13,9,9,6,8,6,9,9	2,0,1,2,0,1,0,0,2,0	14,10,13,10,11,10,11,8,12,5	1,0,0,1,0,3,0,0,1,0	84	75
1097	220,201,209,187,214,190,176,169,174,165	9,6,6,8,4,6,6,6,1,4	184,160,175,174,206,201,193,195,165,178	5,5,2,8,5,15,3,6,6,4	344	75
1098	47,43,65,43,56,51,49,54,54,48	36,31,40,34,26,31,30,32,28,20	43,54,45,65,36,44,53,54,53,50	21,35,36,28,26,32,29,24,34,22	87	75
1100	260,234,251,221,227,235,224,192,209,237	0,1,1,0,2,2,0,0,1,2	235,272,229,215,208,244,252,205,231,215	2,1,1,1,2,1,2,0,1,0	148	75
1102	1870,1816,2010,1751,1594,1670,1555,1492,1528,1685	1,1,1,1,1,0,2,1,3,2	1638,1766,1832,1554,1769,1942,1765,1691,1713,1581	4,3,2,0,0,1,3,3,3,2	103	75
1103	492,513,542,488,450,395,424,396,433,461	0,0,0,4,0,1,0,1,2,0	401,458,495,443,484,486,472,462,425,413	0,1,0,2,2,0,2,0,1,1	103	75
1104	294,324,308,299,276,321,270,203,312,281	12,12,25,13,9,12,17,11,7,19	266,285,305,269,311,306,313,232,314,260	13,21,19,19,10,27,15,26,13,23	102	75
1106	334,324,299,279,260,258,233,222,250,244	63,55,55,65,46,36,44,44,49,61	265,288,283,291,277,263,290,257,241,242	61,60,48,42,56,63,47,39,40,38	168	75
1108	12,10,9,19,16,11,11,8,17,11	3,0,3,1,2,2,4,0,1,2	5,20,15,14,12,15,8,11,20,19	2,0,1,1,0,4,1,1,1,2	174	75
1111	0,0,0,2,0,0,0,0,0,0	0,0,0,1,0,0,0,0,0,0	0,0,0,0,0,0,0,0,0,0	0,1,0,2,0,0,2,1,4,0	78	75
1112	1,0,2,0,1,1,4,1,7,0	12,18,11,10,8,7,6,15,11,9	0,2,1,5,1,2,4,0,5,0	13,7,1,12,9,16,4,9,7,3	188	75
1114	2,1,2,3,1,1,1,2,1,0	15,21,9,12,18,18,18,12,7,9	0,1,3,3,1,1,1,1,2,2	7,7,20,10,18,9,13,11,5,12	93	75
1116	31,25,34,26,30,29,14,25,18,28	0,0,0,0,0,0,0,0,0,1	26,29,21,30,32,35,25,27,19,20	0,0,0,0,0,0,0,0,0,0	113	75
1118	46,47,47,50,39,38,51,29,39,45	0,0,0,1,0,0,0,0,0,0	40,42,42,50,50,38,43,38,36,49	0,0,0,0,0,0,0,0,0,0	323	75
1119	65,56,78,42,76,60,47,47,50,62	4,1,4,5,0,1,2,0,3,4	51,70,71,57,56,61,77,49,66,62	5,1,4,3,0,1,1,4,1,1	92	75
1120	7,13,4,7,13,5,12,7,16,12	1,0,0,0,0,0,0,0,0,1	10,10,7,19,6,10,10,9,6,13	1,0,3,1,0,2,0,0,0,0	108	75
1121	20,26,23,17,15,9,25,19,25,19	0,0,0,0,0,0,0,0,0,0	22,35,16,36,29,25,16,27,46,20	0,0,0,0,0,0,0,0,1,0	411	75
1122	7,2,5,5,4,0,6,2,2,1	1,2,2,0,3,0,2,1,0,2	1,5,4,0,1,6,0,4,3,2	2,1,0,0,1,3,0,1,1,0	111	75
1123	9,6,9,8,7,8,7,5,8,9	11,7,13,5,10,7,7,5,9,4	7,7,8,4,5,10,8,8,6,5	6,6,5,7,4,5,10,5,6,11	111	75
1124	1,1,0,1,2,0,1,1,0,0	1,1,1,1,1,3,1,2,1,3	1,0,0,0,0,0,0,0,0,1	0,0,1,1,1,1,2,2,3,4	103	75
1126	1,0,2,2,1,1,0,3,1,3	17,18,11,15,12,17,18,18,12,15	0,1,1,0,0,0,0,2,0,1	10,19,18,20,18,17,14,22,18,11	197	75
1127	5,13,7,6,8,8,6,7,5,10	229,256,252,210,226,270,192,206,235,265	3,8,5,6,9,6,1,14,7,2	247,265,282,233,242,241,238,247,235,220	88	75
1128	185,219,216,229,208,200,173,134,216,188	0,0,1,1,0,0,0,0,1,0	198,217,221,205,200,211,188,189,178,222	1,0,0,0,0,0,0,0,0,1	81	75
1129	0,0,1,0,1,0,0,0,1,0	0,1,1,0,0,0,0,0,1,0	0,1,0,0,0,0,0,0,0,0	1,0,0,0,1,0,0,0,1,0	78	75
1130	62,43,38,52,41,43,53,43,34,47	0,0,0,0,0,0,0,0,0,0	49,45,33,44,36,37,29,24,44,51	0,1,0,0,0,0,0,0,0,0	247	75
1131	16,11,6,17,13,11,22,23,13,20	0,0,0,0,0,0,0,0,0,1	14,16,7,11,11,10,8,7,25,15	1,0,0,0,0,0,1,0,1,0	247	75
1132	83,71,99,69,79,78,67,59,70,78	6,0,0,0,0,2,1,6,3,2	96,67,67,65,67,68,65,51,65,83	2,5,1,7,2,1,2,3,4,0	109	75
1134	78,83,89,73,73,58,72,54,57,74	215,193,193,178,171,152,174,146,149,202	82,83,90,55,59,79,78,59,57,66	182,197,164,188,165,198,208,141,162,185	102	75
1137	1,1,4,2,4,1,0,4,3,2	145,129,156,156,132,142,147,111,131,155	0,1,5,0,0,2,3,6,2,1	159,137,139,117,152,149,147,137,122,134	92	75
1139	0,0,0,1,0,0,0,0,0,0	9,11,8,5,7,4,8,9,4,9	0,0,0,0,0,0,0,0,0,0	8,9,6,6,9,16,14,12,10,7	103	75
1141	0,1,1,1,0,0,0,0,0,1	0,0,1,0,0,1,0,0,0,0	0,0,1,0,0,2,1,0,0,2	0,0,0,0,0,0,0,0,0,0	125	75
1145	1,0,2,4,0,4,2,2,1,0	1,0,0,1,0,0,2,1,3,1	4,2,2,3,2,3,8,1,1,3	0,0,0,0,0,1,1,0,1,0	81	75
1147	126,110,102,84,117,82,88,89,87,87	80,86,65,82,50,72,55,68,58,63	97,83,89,99,107,125,115,95,111,70	74,76,58,76,74,59,106,93,61,57	105	75
1148	4,4,1,1,5,0,0,1,1,1	16,18,12,11,17,11,7,10,10,16	0,0,1,0,1,0,0,2,0,2	8,24,9,13,9,13,17,19,5,8	146	75
1149	68,92,78,61,65,55,56,71,48,97	45,34,31,42,32,29,25,25,24,36	77,66,55,88,67,78,68,80,79,69	23,34,29,31,34,32,25,18,26,37	144	75
1150	1,0,0,0,0,0,0,0,0,0	0,0,0,0,0,0,0,0,0,0	0,0,1,0,0,0,0,0,0,0	0,1,0,0,0,0,0,0,0,0	139	75
1151	25,22,27,17,31,28,19,28,21,14	15,14,22,14,10,9,12,8,11,8	27,34,25,28,31,33,27,26,19,19	18,10,19,15,10,12,21,23,14,10	96	75
1152	99,82,91,91,86,77,54,60,96,88	26,20,24,26,22,22,26,28,25,24	73,89,61,83,90,102,86,86,79,72	26,28,18,29,24,22,31,33,19,26	102	75
1153	64,60,78,56,73,77,60,72,66,76	10,9,11,6,9,4,4,4,9,5	83,83,64,76,64,52,72,61,77,69	14,15,6,9,12,6,8,1,11,5	162	75
1154	0,0,0,0,0,0,0,0,1,0	0,2,1,1,1,1,2,5,3,4	0,0,0,0,1,0,0,0,0,0	1,0,1,1,2,1,0,1,1,1	79	75
1156	102,114,93,105,105,89,64,82,112,104	2,0,0,0,2,1,0,3,2,1	92,113,79,91,111,106,98,84,102,68	1,1,1,5,2,4,1,1,0,0	111	75
1157	47,51,61,47,55,48,30,40,56,51	0,0,0,0,0,0,0,1,0,0	48,63,42,43,48,54,54,37,45,38	0,0,0,0,0,0,0,0,0,0	111	75
1158	51,51,65,56,57,52,34,43,50,49	8,1,4,1,1,3,0,3,5,7	57,65,38,42,63,65,51,50,58,36	5,2,3,1,3,4,3,4,5,5	111	75
1160	12,5,13,13,5,3,13,12,9,4	0,0,0,0,0,0,0,1,0,0	9,14,7,12,4,3,8,15,9,13	0,0,0,0,0,0,0,0,0,0	96	75
1161	25,11,28,24,17,12,24,22,22,17	0,0,1,1,0,1,0,2,2,0	23,31,17,28,16,18,19,32,28,38	0,2,0,0,0,1,1,4,3,0	96	75
1162	15,8,14,17,8,4,16,11,8,7	0,0,0,0,0,0,0,0,1,0	9,15,9,13,5,6,8,19,10,18	0,0,0,0,0,0,0,0,1,0	96	75
1163	13,8,17,17,6,3,14,11,8,4	0,0,0,0,0,0,1,0,0,0	7,14,10,13,5,5,9,15,12,14	0,0,0,0,0,0,0,0,0,0	96	75
1164	181,166,141,119,137,133,131,125,130,102	8,5,8,6,6,6,6,3,8,2	140,138,132,147,134,148,133,132,162,168	7,6,9,7,7,7,3,7,8,8	77	75
1165	444,433,437,391,347,393,359,347,401,375	129,120,123,115,104,128,100,102,124,92	462,434,358,399,351,388,396,354,431,492	110,113,86,148,110,117,131,120,127,141	84	75
1166	69,60,71,39,56,48,43,42,53,48	4,13,4,7,7,3,6,9,8,10	56,51,52,39,43,34,58,38,80,56	8,19,10,15,8,7,7,10,6,5	84	75
1167	0,1,0,0,0,0,0,0,0,0	1,0,1,0,0,0,0,0,1,0	0,0,0,0,0,0,0,0,0,0	1,0,0,2,0,0,0,1,0,2	85	75
1169	55,55,47,44,36,60,41,56,53,48	0,0,0,0,0,0,0,0,0,0	61,52,48,35,55,43,60,43,59,48	0,0,0,0,0,0,0,0,1,0	1590	75
1170	0,0,0,0,0,0,0,0,0,1	0,0,0,1,0,1,0,0,0,0	0,0,0,0,0,0,0,1,1,3	1,1,0,1,1,0,1,0,0,1	178	75
1171	4,7,1,2,1,0,3,1,1,3	62,50,62,54,56,43,48,41,53,63	2,5,7,0,3,2,2,2,2,2	51,72,56,64,55,63,62,68,52,50	103	75
1172	89,70,80,52,63,68,50,60,87,72	0,0,0,0,1,0,0,1,0,0	65,69,49,91,75,96,73,69,72,82	0,0,3,1,0,0,0,0,4,1	2246	75
1173	1,0,1,0,2,2,0,0,1,2	26,34,23,25,31,25,22,28,24,20	4,0,0,1,3,0,1,3,1,2	41,28,27,15,28,27,26,28,18,22	249	75
1175	4,4,7,7,3,8,5,4,5,6	23,26,28,29,23,25,21,22,21,36	12,7,9,5,11,4,9,5,10,4	18,19,26,26,29,29,26,14,32,28	91	75
1176	4,6,6,1,4,2,3,1,4,5	7,5,8,6,6,5,6,4,6,5	6,8,2,4,3,6,1,5,7,3	3,2,2,5,3,3,2,2,1,2	229	75
1177	0,0,0,0,0,0,0,1,0,0	0,3,0,0,0,1,1,1,0,0	0,0,0,0,0,0,0,0,0,0	2,1,0,0,1,0,0,1,1,0	84	75
1178	2,1,2,1,1,2,1,0,1,0	208,216,211,163,172,186,149,142,175,196	3,0,0,0,2,4,2,0,1,1	180,200,210,177,142,163,188,189,177,177	79	75
1180	6,3,8,8,6,9,6,3,7,2	183,168,205,140,143,157,125,109,144,139	3,3,2,5,5,5,6,5,8,2	143,138,153,131,133,140,169,155,125,121	139	75
1181	0,0,0,1,0,0,0,0,0,0	0,0,0,0,0,1,0,0,0,0	0,0,0,0,1,0,1,0,0,0	0,0,0,0,0,0,0,0,0,0	239	75
1183	0,0,0,0,0,0,0,0,1,0	0,0,0,0,1,1,1,0,0,0	0,0,0,0,0,0,0,0,0,0	0,1,0,0,0,0,0,0,0,0	84	75
1185	524,465,481,361,430,320,400,352,463,409	0,0,0,0,0,0,0,0,0,0	426,460,414,432,432,445,405,340,396,396	0,0,0,0,0,0,0,1,0,0	246	75
1186	1891,1766,1912,1699,1630,1680,1496,1341,1408,1651	0,1,1,1,2,0,1,0,0,0	1730,1811,1654,1523,1660,1613,1735,1415,1618,1482	0,2,2,3,0,4,1,2,0,1	116	75
1187	0,0,0,0,0,0,0,0,0,0	1,0,0,0,0,0,0,0,0,0	1,0,0,0,0,0,0,0,0,0	0,0,0,0,0,0,0,0,0,0	170	75
1188	0,0,2,1,0,0,0,0,3,0	23,15,17,25,23,19,16,10,26,23	1,0,0,0,1,2,0,1,1,0	23,34,17,23,23,28,17,19,21,12	97	75
1189	10,12,13,7,6,4,8,6,10,6	0,0,0,1,0,1,0,1,0,0	6,8,10,8,10,10,12,5,7,8	1,0,0,0,1,0,0,0,1,1	90	75
1195	115,118,117,82,102,106,99,76,106,97	0,0,0,0,1,1,0,0,0,0	102,124,126,101,95,90,121,109,114,113	0,0,1,2,0,0,0,0,0,0	2739	75
1196	0,1,1,0,1,1,2,0,1,1	72,71,77,65,53,55,61,55,48,79	0,0,0,1,1,0,0,0,0,0	61,82,67,72,76,59,53,60,73,82	133	75
1197	254,209,263,239,234,233,186,197,190,270	0,1,0,1,0,0,1,0,0,0	228,241,243,213,240,277,252,240,229,208	1,1,0,1,0,2,1,0,2,1	353	75
1198	11,9,10,13,11,10,5,12,11,10	0,1,0,0,0,0,0,0,0,0	13,17,11,9,14,11,11,7,19,10	0,0,0,0,0,0,0,0,0,0	353	75
1199	0,0,0,0,2,0,1,0,0,0	50,32,49,30,51,43,38,37,41,50	0,1,1,1,0,0,0,0,0,0	41,50,39,38,40,40,23,35,37,48	177	75
1200	81,77,87,77,78,72,67,71,82,86	0,0,0,1,0,0,0,0,0,0	103,63,84,88,69,88,98,57,80,73	0,0,0,0,1,0,1,0,1,0	1544	75
1201	71,80,81,76,83,76,79,73,57,65	0,0,0,0,0,0,0,0,0,0	80,103,57,80,81,74,81,73,64,54	0,0,0,1,0,0,0,0,0,1	1197	75
1204	1,0,2,0,0,0,0,0,1,0	107,103,138,99,134,95,107,118,109,107	0,1,0,0,0,1,0,0,0,1	134,120,134,119,112,101,113,117,116,101	140	75
1205	26,14,24,16,18,21,4,12,17,22	0,0,0,0,0,0,0,0,0,1	14,18,15,15,12,22,14,22,18,12	0,0,0,1,0,0,0,0,0,0	114	75
1206	41,46,38,30,27,35,22,26,27,52	6,3,3,9,6,3,2,2,8,9	42,35,30,37,28,35,28,42,34,26	9,6,2,7,3,6,1,3,4,7	114	75
1208	0,0,1,1,0,0,0,3,2,0	13,13,15,9,10,16,15,9,14,18	0,3,1,1,0,0,5,3,1,1	13,16,14,12,16,26,23,14,15,12	79	75
1209	29,15,17,20,17,7,15,17,12,13	0,1,0,0,1,0,0,0,1,0	17,17,11,10,15,21,19,11,22,18	1,0,1,0,0,1,1,0,1,2	396	75
1210	0,1,0,0,0,2,0,0,0,0	8,9,11,11,8,10,14,11,10,11	0,0,0,0,0,0,0,0,0,0	7,9,4,5,6,7,5,6,8,7	91	75
1211	4,5,5,2,4,5,6,5,2,4	0,0,0,0,0,0,1,0,0,0	7,8,5,4,3,6,7,2,8,4	1,0,0,0,0,1,0,0,0,1	104	75
1212	1,0,0,0,1,1,1,0,0,0	0,1,0,1,0,0,1,2,1,0	0,0,0,0,0,1,0,0,0,0	2,1,0,5,1,0,0,1,0,2	86	75
1213	1,0,0,0,1,1,1,0,0,0	1,0,0,0,0,0,0,0,0,0	0,1,0,0,0,1,0,0,0,0	0,0,0,0,0,0,0,0,0,0	142	75
1214	0,1,0,1,0,0,1,2,1,0	1,0,0,0,0,0,0,0,0,0	2,2,0,5,1,0,0,1,0,2	0,0,0,0,0,0,0,0,0,0	131	75
1215	1,0,0,0,0,1,0,0,0,1	30,25,49,45,29,47,30,28,31,23	0,0,1,0,0,0,0,0,1,1	26,23,34,36,38,31,36,28,26,27	84	75
1217	58,50,32,49,35,41,35,46,49,58	1,2,2,0,1,0,0,1,1,0	53,48,37,41,53,58,51,51,42,48	0,0,1,0,2,0,0,0,1,1	92	75
1218	1390,1391,1436,1358,1280,1311,1164,1070,1205,1338	0,1,0,0,0,0,0,0,0,0	1359,1355,1380,1219,1380,1410,1439,1325,1305,1435	0,0,0,0,0,0,0,0,0,0	3235	75
1220	12,6,7,2,5,3,4,2,4,2	26,23,27,31,30,39,24,7,14,29	3,1,1,1,2,1,2,3,4,1	28,28,35,32,22,16,26,30,22,22	90	75
1221	5,4,2,2,1,2,2,1,3,0	1,1,3,5,0,3,3,2,5,2	1,0,1,0,1,0,1,2,1,0	0,1,1,3,2,1,5,3,9,0	90	75
1222	0,0,0,0,0,0,0,1,0,0	36,29,37,28,35,24,24,24,20,27	1,0,0,0,0,0,0,0,0,2	21,29,24,22,37,33,37,23,29,37	93	75
1224	0,0,0,0,0,0,1,0,0,0	0,0,0,0,0,0,0,0,0,0	0,0,0,0,0,0,0,0,0,0	0,0,1,0,0,0,1,0,0,0	130	75
1226	0,0,0,1,0,0,0,0,0,1	0,0,0,0,1,0,0,0,0,0	0,0,0,0,0,0,0,0,2,2	0,2,2,0,1,0,0,2,3,0	178	75
1227	26,15,28,21,20,11,13,15,21,25	0,0,0,0,0,0,0,0,0,0	12,23,20,11,11,30,22,15,18,14	0,0,0,0,0,0,1,0,0,2	1164	75
1229	31,24,26,18,22,13,11,20,19,26	1,1,1,1,0,0,0,0,0,0	20,24,20,16,21,27,19,15,12,22	0,1,0,1,0,0,0,0,1,1	89	75
1230	49,43,51,47,39,40,44,42,47,40	29,21,35,23,23,38,19,22,18,35	43,44,53,28,49,50,35,46,48,38	16,19,28,25,20,28,25,27,31,17	138	75
1232	12,15,11,13,12,9,11,13,12,8	38,56,57,48,51,41,57,42,33,56	12,16,16,12,11,13,8,11,13,9	46,76,37,52,39,47,52,55,39,33	183	75
1234	293,283,350,278,235,224,212,195,258,236	35,23,25,23,27,13,20,21,25,17	255,281,281,268,272,270,304,234,274,203	17,15,27,28,21,29,32,18,21,19	225	75
1235	0,0,4,2,5,3,0,2,2,4	0,1,0,0,0,0,0,0,1,0	3,1,5,2,0,3,1,4,2,0	0,2,1,0,0,0,0,0,0,0	79	75
1236	14,17,12,6,12,8,6,9,13,14	0,1,0,2,2,0,2,0,1,3	8,16,9,11,10,11,4,9,12,5	1,0,0,2,2,0,0,1,0,0	79	75
1237	0,0,0,1,0,0,0,1,2,0	0,1,0,0,0,0,0,0,0,0	0,2,1,1,2,1,0,2,1,0	0,0,0,0,1,0,0,0,0,0	230	75
1238	6,8,3,4,3,5,10,7,4,6	34,41,30,20,27,34,32,17,36,34	1,8,6,5,4,7,5,2,6,7	28,28,20,27,27,31,31,32,29,32	87	75
1239	0,0,0,0,2,0,0,0,0,0	8,2,1,2,2,5,2,2,2,4	0,0,0,0,0,0,0,0,0,0	3,5,7,2,5,1,1,1,3,2	135	75
1241	2,3,3,0,0,0,0,0,0,1	8,12,7,5,5,9,12,4,7,6	1,0,0,2,0,0,2,0,1,0	4,3,9,5,8,8,4,3,6,2	79	75
1242	9,7,4,10,8,9,13,3,3,7	113,112,117,87,85,112,100,73,87,79	5,3,12,2,9,13,9,8,5,9	110,104,101,78,108,110,87,115,107,85	79	75
1243	0,0,0,0,0,0,0,1,0,1	0,0,1,0,0,1,2,2,1,0	0,0,0,0,0,0,0,0,0,0	0,0,0,0,0,1,0,0,2,0	79	75
1244	74,77,72,58,67,68,56,52,56,48	3,3,1,1,2,6,3,0,1,1	47,105,55,57,60,82,88,51,67,59	2,3,1,1,0,1,4,4,0,0	107	75
1246	0,0,3,2,1,2,0,0,0,0	20,13,12,20,20,14,11,14,20,15	1,0,2,1,1,0,0,0,1,1	14,21,15,12,13,25,20,21,13,18	164	75
1247	31,67,55,64,37,52,56,34,50,43	5,8,0,2,0,1,3,3,2,0	50,53,48,66,40,38,57,60,69,70	2,1,1,4,4,2,1,2,1,5	1735	75
1248	0,1,0,0,0,0,0,1,2,0	1,0,0,1,0,0,1,0,0,0	0,0,0,0,0,0,0,1,0,0	0,0,0,0,0,0,0,0,0,0	185	75
1249	48,39,71,53,72,54,51,48,54,52	60,84,63,77,61,65,60,61,61,63	39,48,54,44,60,53,58,57,40,69	66,71,69,70,73,52,65,57,55,63	213	75
1250	0,2,1,1,1,0,7,3,1,2	0,0,0,0,0,1,0,0,0,0	1,0,2,0,0,3,0,2,0,0	0,1,0,0,0,0,0,0,1,0	125	75
1252	352,339,368,311,305,294,324,350,313,265	0,0,2,0,0,0,0,0,0,0	280,391,236,302,250,291,272,317,365,269	0,0,0,0,0,0,1,0,0,0	2135	75
1255	5,4,8,3,0,2,6,3,4,2	0,0,0,0,1,1,0,0,0,0	0,1,1,0,3,2,5,1,1,1	0,0,0,0,0,1,0,0,0,2	96	75
1256	3,3,2,2,1,3,1,1,7,1	6,4,5,4,4,5,2,5,9,4	0,3,2,0,3,1,3,1,2,1	8,3,6,9,6,10,5,7,7,4	96	75
1257	18,13,10,9,18,9,17,9,7,6	83,54,73,66,72,64,53,76,51,54	15,20,14,9,8,10,8,13,14,9	66,75,54,64,50,64,71,62,66,65	467	75
1259	57,59,80,65,48,52,78,33,55,37	61,59,76,60,57,46,56,34,51,62	62,37,44,62,66,65,70,42,61,56	71,39,61,46,61,82,73,60,52,78	2347	75
1264	2,4,1,1,1,0,4,2,1,1	48,48,64,48,43,48,50,43,37,35	3,1,0,1,0,0,2,2,1,2	54,46,44,32,50,40,59,39,49,35	89	75
1265	37,36,41,35,38,28,46,44,36,35	3,6,10,4,3,2,1,0,2,4	36,39,34,28,30,31,31,36,32,27	3,8,2,3,5,2,3,1,1,3	223	75
1266	46,27,32,28,43,45,23,21,20,29	0,0,0,0,1,0,0,0,1,0	35,43,19,27,27,37,27,23,17,15	0,2,0,0,2,0,0,0,1,0	111	75
1269	67,56,68,53,64,69,60,39,63,54	3,4,1,1,5,2,2,2,5,5	81,69,84,54,70,63,63,48,73,67	2,1,3,6,0,1,1,2,2,5	88	75
1270	5,5,5,2,7,5,2,3,5,6	1,3,0,0,0,1,0,0,0,0	10,8,4,5,6,4,8,3,3,4	0,0,0,0,0,1,0,0,0,0	90	75
1271	75,73,75,51,66,77,57,51,51,69	1,3,0,0,0,1,0,0,0,0	61,68,52,50,59,47,67,51,53,51	0,0,0,0,0,1,0,0,0,0	119	75
1272	70,68,70,50,59,72,55,48,46,63	0,0,0,1,0,0,0,0,0,0	52,61,48,45,53,43,59,49,50,47	1,1,0,0,0,0,0,1,0,0	104	75
1273	108,102,123,86,91,77,74,81,89,105	2,1,0,0,3,0,1,0,0,1	78,119,86,88,89,93,90,90,90,79	1,1,0,0,2,0,0,0,3,1	86	75
1274	231,229,234,215,183,209,219,222,251,182	2,3,2,1,2,1,2,1,4,0	174,230,187,268,202,223,253,243,192,152	1,1,2,0,4,0,2,0,1,1	1184	75
1275	282,240,248,224,259,281,207,235,194,226	0,0,1,0,1,2,0,0,0,0	259,273,241,238,226,239,261,222,265,252	0,0,0,0,0,0,1,0,0,0	1532	75
1276	4,4,5,1,2,4,6,2,3,4	0,1,0,1,0,0,1,0,2,0	2,2,2,2,5,0,2,0,0,3	0,0,0,0,1,2,1,0,0,0	167	75
1277	81,60,76,52,64,68,48,59,51,72	0,0,0,0,1,0,0,0,0,0	60,52,58,59,55,58,61,64,51,64	0,0,0,0,0,0,0,0,0,0	85	75
1278	7,9,4,5,5,10,7,5,4,3	17,16,18,35,19,17,13,21,13,20	5,2,3,7,1,8,7,4,3,5	23,15,21,20,16,19,19,16,17,29	93	75
1279	0,0,0,0,0,0,0,0,0,1	1,0,0,2,0,0,0,0,1,0	0,0,0,0,0,0,0,0,0,0	1,0,0,0,4,0,0,0,0,0	79	75
1280	91,75,82,77,57,93,73,67,54,54	16,13,11,8,13,8,7,10,8,10	88,63,61,69,65,80,86,61,65,74	17,13,10,9,14,17,11,8,6,7	97	75
1281	0,0,0,0,0,0,0,1,1,0	1,0,3,0,2,0,0,0,2,0	0,1,0,1,0,3,0,1,0,1	0,4,0,1,0,0,1,0,0,0	99	75
1282	20,24,22,15,25,22,12,15,22,21	2,1,0,1,0,1,0,0,0,0	19,26,18,19,14,16,26,22,14,16	0,0,0,0,0,0,1,1,0,1	546	75
1283	12,13,11,9,5,6,8,6,10,8	25,12,17,17,18,8,14,22,22,15	12,8,16,18,18,15,8,14,18,8	19,24,16,10,11,17,17,8,11,9	408	75
1284	6,15,6,1,7,7,5,9,4,10	0,0,0,0,0,0,0,1,0,0	8,9,2,4,4,15,9,7,0,6	0,0,0,0,0,0,0,0,0,0	94	75
1285	0,3,5,0,2,1,2,0,1,0	0,0,0,0,0,0,0,0,0,0	1,0,1,0,0,2,1,1,0,3	0,0,0,0,0,1,0,0,0,0	94	75
1286	0,0,0,1,0,0,0,0,0,0	0,1,0,1,1,1,4,7,3,4	1,0,0,0,0,1,0,0,0,0	3,2,2,5,5,6,6,5,4,1	111	75
1288	21,20,11,18,12,13,16,11,6,19	0,0,0,0,0,1,0,0,0,0	9,13,16,15,11,14,10,14,15,15	0,0,0,0,0,0,0,0,0,0	93	75
1289	97,86,95,79,82,103,98,78,69,92	1,4,2,0,1,1,6,1,0,0	70,108,77,94,94,78,105,75,73,84	2,0,4,1,0,1,0,0,1,0	93	75
1290	643,755,566,782,593,833,662,512,419,536	0,0,0,0,0,1,0,0,0,2	604,429,479,463,733,434,861,705,556,697	0,0,2,0,0,0,0,2,0,0	1029	75
1293	100,71,74,65,84,57,62,67,54,65	1,0,0,1,0,0,0,0,1,1	54,70,58,62,84,80,72,71,73,64	3,0,0,3,0,0,1,1,0,0	1228	75
1294	0,0,0,0,0,0,0,0,0,0	95,101,107,87,100,110,70,68,87,80	1,0,0,0,0,0,0,0,0,0	105,112,83,103,89,140,86,96,99,106	82	75
1295	98,75,73,67,66,59,40,59,61,56	0,1,0,0,0,0,0,0,0,0	57,71,62,71,65,75,83,67,72,70	0,0,0,0,0,0,0,0,0,0	106	75
1296	2,2,3,0,1,2,2,4,2,3	21,17,26,34,14,21,16,15,21,29	1,4,0,0,2,3,1,3,5,0	19,26,20,28,36,22,23,21,30,18	134	75
1297	3,2,3,0,1,2,2,4,3,3	1,1,0,0,0,1,0,1,0,1	1,9,0,0,2,3,1,3,5,1	1,0,0,0,0,0,0,0,0,0	139	75
1298	22,17,26,34,14,21,16,15,22,29	1,1,0,0,0,1,0,1,0,1	19,31,20,28,36,22,23,21,30,19	1,0,0,0,0,0,0,0,0,0	80	75
1300	1,1,1,1,2,3,0,3,1,1	0,0,0,0,0,0,0,0,0,0	0,9,3,0,2,1,0,0,0,1	0,1,0,0,0,0,0,0,0,0	100	75
1301	5,3,5,5,1,3,6,3,4,1	0,2,1,0,0,0,0,0,0,0	3,3,2,1,4,6,3,4,1,2	0,0,0,0,0,0,0,0,0,0	323	75
1302	6,10,7,7,7,14,7,12,3,14	11,12,8,7,12,6,13,12,10,9	5,7,2,6,11,11,11,6,4,8	17,10,4,11,4,20,10,12,10,7	87	75
1303	0,0,0,0,0,0,1,0,0,0	8,1,4,5,6,3,6,8,1,4	0,2,0,0,0,0,0,0,0,0	7,4,4,4,6,4,6,3,6,4	93	75
1308	6,16,12,7,5,11,6,9,3,7	0,0,1,0,0,0,0,0,0,0	9,10,5,8,4,4,7,7,11,9	0,0,0,0,0,0,0,0,0,0	252	75
1309	212,182,267,210,195,185,177,144,200,215	0,0,0,0,1,0,2,0,0,0	200,223,177,152,206,229,211,192,189,176	1,3,0,0,0,0,2,3,1,1	180	75
1310	103,86,93,91,110,77,89,71,74,72	0,2,0,2,0,0,0,0,0,0	85,98,107,79,93,71,82,102,87,61	0,0,0,0,0,0,0,1,0,1	101	75
1311	70,86,73,57,60,39,50,48,45,61	30,22,18,16,21,15,18,12,24,26	50,66,46,56,77,47,60,52,63,57	24,21,22,30,11,24,27,24,12,17	79	75
1312	1,0,0,0,0,0,0,0,0,0	5,9,7,4,6,5,6,4,4,6	0,1,0,1,1,1,0,0,0,0	5,7,4,3,1,5,11,6,3,4	83	75
1313	75,51,58,73,74,55,84,54,65,60	0,1,1,0,2,1,2,0,0,0	66,86,58,67,67,66,45,54,61,70	0,1,0,0,0,1,1,0,0,0	84	75
1314	7,1,1,0,2,4,5,1,4,4	0,1,1,0,2,1,2,0,0,0	1,4,1,1,7,2,0,1,1,1	0,1,0,0,0,1,1,0,0,0	99	75
1316	207,250,219,173,195,209,168,168,194,179	3,0,0,0,0,0,0,0,0,0	167,205,169,176,194,162,170,164,174,175	0,0,0,0,0,0,0,0,1,0	1142	75
1317	2,0,2,2,1,3,1,1,1,4	122,104,95,98,92,92,65,98,85,109	0,2,4,0,1,3,1,0,1,1	105,91,90,94,77,89,104,86,106,99	100	75
1320	0,1,0,0,0,0,0,0,0,0	0,0,0,0,0,0,2,0,0,0	0,0,0,0,0,1,0,0,0,0	0,0,0,0,1,1,0,1,0,0	123	75
1321	3,0,0,0,0,0,1,3,0,1	230,181,196,181,169,180,179,155,169,162	1,0,1,2,1,2,3,1,1,0	205,176,134,158,182,177,165,134,194,149	134	75
1322	18,8,17,27,8,11,17,16,12,10	41,30,31,29,15,40,25,10,20,37	13,22,12,16,15,14,20,23,14,21	28,31,23,27,36,19,19,12,29,22	168	75
1323	0,0,0,1,0,0,0,1,1,1	0,0,0,0,0,0,1,0,0,0	0,0,2,0,0,0,0,0,0,0	0,0,0,0,0,0,0,0,0,0	126	75
1324	0,0,0,0,0,0,0,0,0,0	0,0,1,0,0,0,0,1,1,1	0,0,0,0,0,0,0,0,0,1	0,1,1,0,0,0,0,0,0,0	111	75
1325	6,2,1,4,4,0,1,2,3,6	8,1,1,7,0,7,2,3,5,3	2,3,7,2,2,1,0,2,8,1	0,9,5,2,2,6,6,4,0,4	748	75
1327	2,0,0,1,1,0,4,3,1,1	14,12,6,7,8,11,12,8,8,7	3,1,2,4,0,2,1,4,3,0	8,13,2,5,4,9,6,6,7,8	366	75
1328	9,8,8,7,9,9,9,9,4,12	0,0,1,1,0,2,0,2,0,0	7,3,9,10,5,10,5,7,8,5	1,0,0,1,0,0,2,1,0,0	343	75
1329	13,9,9,7,9,9,9,11,6,13	60,64,53,62,49,72,36,32,49,63	8,5,11,11,6,10,6,5,8,5	60,45,57,57,68,58,58,47,48,47	343	75
1330	5,5,5,6,6,4,6,3,7,4	97,76,99,70,63,81,70,55,69,68	4,3,4,3,3,4,3,8,3,1	67,80,78,73,89,81,76,71,82,70	90	75
1331	64,50,51,54,56,44,39,41,45,52	20,15,16,17,20,10,10,17,13,16	50,56,69,64,56,52,64,46,53,51	10,22,14,11,6,23,16,13,9,14	120	75
1332	37,32,37,27,29,28,32,23,27,37	0,0,0,0,0,0,0,0,0,0	33,18,18,30,29,25,30,21,27,26	0,0,0,0,0,0,0,0,0,1	411	75
1333	79,63,67,46,44,46,68,48,50,55	13,21,16,21,7,11,9,20,18,11	71,46,46,58,58,50,54,39,51,44	18,17,11,20,13,21,14,10,10,15	96	75
1334	0,1,0,0,2,1,1,3,2,1	0,2,1,1,3,1,2,2,2,4	0,1,0,2,0,1,2,1,3,4	1,2,1,2,0,1,1,1,4,1	324	75
1335	5,2,1,2,1,1,3,3,1,0	19,6,12,8,12,5,10,5,9,15	1,6,4,3,4,1,2,1,0,0	7,14,9,12,11,12,20,12,10,14	186	75
1336	0,0,0,0,0,0,1,0,1,0	2,0,0,0,0,0,0,0,0,1	0,0,0,0,1,0,0,0,0,0	1,0,0,0,0,0,2,0,1,0	79	75
1338	7,16,6,10,18,10,8,16,7,13	9,4,13,3,10,8,5,7,8,7	19,6,7,10,16,6,7,7,8,8	9,5,12,12,3,13,10,12,10,7	105	75
1339	3,11,5,4,8,4,7,6,4,6	5,3,4,2,2,3,1,2,0,1	5,4,4,5,4,1,2,5,7,7	5,2,1,1,3,5,3,4,5,1	105	75
1342	6,13,16,11,21,9,18,9,6,13	20,12,16,16,18,11,15,15,14,18	13,9,12,11,11,11,11,10,14,12	7,15,22,22,20,14,8,13,19,18	84	75
1343	13,15,16,10,10,8,8,15,14,15	2,3,4,3,5,8,3,3,5,4	13,14,8,17,14,13,16,14,10,9	10,4,5,4,4,5,6,3,8,3	90	75
1344	4,1,2,1,1,1,2,2,4,0	0,0,3,0,2,0,1,0,1,0	0,4,1,2,1,0,3,4,2,2	0,1,2,1,1,2,1,1,1,3	81	75
1345	6,5,9,5,7,3,10,5,3,4	58,51,52,64,71,52,46,38,60,62	7,11,4,4,5,10,4,8,9,3	50,70,44,49,45,54,48,37,49,49	170	75
1346	185,172,167,138,157,154,137,150,158,150	59,52,64,49,53,52,44,48,50,69	181,150,170,146,132,175,165,157,159,141	71,51,58,52,62,53,54,66,56,53	135	75
1347	116,115,96,103,92,127,104,100,109,95	1,0,2,2,1,4,1,1,1,3	96,118,96,108,102,94,113,95,105,115	2,2,4,1,2,0,1,2,3,1	789	75
1348	12,8,10,8,11,10,7,11,8,4	0,0,1,1,1,0,2,1,0,0	7,13,6,7,2,8,11,4,9,11	1,3,0,3,0,0,0,0,2,1	81	75
1349	91,98,85,93,57,82,64,87,77,71	6,5,0,3,4,1,2,1,4,5	76,90,73,94,75,89,100,87,87,84	3,3,4,4,4,1,3,0,5,2	2963	75
1350	2309,2210,2349,2110,2017,2123,1850,1742,1852,2021	6,1,2,3,2,2,2,6,2,3	2120,2234,1907,1998,2078,2305,2156,2010,2002,1845	2,3,2,0,3,1,2,5,1,1	193	75
1351	3203,3054,3340,2983,2818,3000,2603,2390,2661,2850	19,23,12,12,4,16,10,10,12,16	2853,3097,2716,2768,2967,3224,2964,2807,2803,2573	17,12,15,17,17,17,14,12,13,12	193	75
1352	2,0,2,1,0,1,1,4,1,3	0,0,0,0,0,0,0,0,5,2	0,5,0,0,0,4,1,0,0,0	0,0,0,1,0,1,0,0,0,1	180	75
1353	227,207,210,240,191,202,273,232,258,196	0,0,0,0,0,0,0,0,0,0	203,275,195,236,224,182,193,225,189,241	0,0,0,0,2,0,0,0,0,0	2615	75
1354	192,164,187,197,151,155,213,193,202,160	4,6,4,7,3,3,4,2,3,6	158,229,181,187,182,149,167,195,154,190	4,4,5,4,1,2,3,2,3,1	2272	75
1355	1164,1163,1219,1097,1080,1180,984,954,1037,1037	1,0,0,0,0,0,0,0,0,0	1088,1184,1091,1013,1010,1117,1162,1066,1049,1011	0,0,0,0,0,0,0,0,0,0	1365	75
1356	133,105,118,106,112,119,111,98,97,99	0,0,0,0,0,2,0,0,0,1	124,131,116,101,97,106,111,109,94,93	0,0,0,0,0,0,1,0,0,0	429	75
1357	6,6,5,3,6,6,3,4,7,1	1,0,1,3,0,1,1,1,1,1	1,1,10,7,2,3,5,4,4,6	0,2,0,1,1,1,2,0,1,0	86	75
1358	72,58,76,59,70,78,70,46,59,83	1,0,1,3,0,1,1,1,1,1	79,65,65,82,48,72,72,95,63,54	0,2,0,1,1,1,2,0,1,0	475	75
1359	68,56,71,57,65,72,67,43,53,83	2,4,0,1,1,0,0,1,1,1	78,64,55,76,46,69,71,92,60,50	0,0,0,1,0,0,4,1,1,2	464	75
1360	18,11,16,11,21,18,12,9,17,11	1,0,0,0,1,1,0,0,1,1	18,25,18,15,18,11,11,12,6,16	0,0,2,0,0,0,1,0,0,0	86	75
1361	70,56,72,58,70,84,64,46,56,83	1,0,0,0,1,1,0,0,1,1	80,64,63,79,47,72,71,93,61,54	0,0,2,0,0,0,1,0,0,0	475	75
1362	66,54,67,56,65,78,61,43,50,83	14,9,11,9,16,12,9,6,11,11	79,63,53,73,45,69,70,90,58,50	17,24,8,9,16,8,10,9,3,12	464	75
1363	14,14,14,11,11,5,10,5,14,7	9,11,6,8,3,12,7,4,2,4	6,10,13,8,19,7,10,4,6,10	5,6,6,11,5,4,11,2,1,5	87	75
1364	3,7,4,4,3,6,5,2,5,5	1,0,1,0,1,0,0,0,0,0	7,6,9,6,10,15,7,0,5,2	1,0,1,0,1,2,0,0,0,0	621	75
1367	7,5,4,3,5,2,8,2,6,5	2,0,1,1,1,1,0,0,3,1	9,5,2,3,6,4,7,6,2,7	0,0,2,1,2,0,1,1,2,1	112	75
1368	5,5,1,3,1,2,8,1,3,4	0,0,0,0,0,0,0,1,0,0	5,4,1,3,3,1,5,6,1,2	0,0,0,0,0,0,0,0,0,0	112	75
1369	21,29,26,18,16,20,20,14,23,16	0,0,0,0,0,0,0,1,1,1	16,22,13,15,19,21,20,12,23,11	0,0,0,0,0,0,0,0,0,0	105	75
1370	86,88,83,58,72,73,60,55,71,76	11,23,17,23,13,13,11,13,8,12	52,90,65,52,53,78,71,56,58,67	10,16,14,20,16,17,15,10,10,7	105	75
1371	21,23,19,22,17,21,14,18,21,27	0,2,0,1,1,1,1,0,0,2	22,20,19,27,19,23,9,18,7,18	4,1,1,1,0,0,1,0,2,3	82	75
1373	1,0,0,0,0,0,0,0,0,0	1,0,0,2,0,0,0,2,0,0	0,2,0,0,0,0,0,0,0,0	0,1,0,0,0,0,0,0,1,0	84	75
1374	179,152,162,142,123,170,113,170,160,169	3,2,2,1,5,0,3,3,4,2	147,183,110,144,167,161,157,142,133,160	3,4,2,2,0,2,7,1,2,0	144	75
1377	148,132,121,121,109,132,96,96,117,85	9,10,10,2,7,6,4,6,3,5	112,123,99,119,101,105,140,111,110,127	6,6,5,2,5,7,4,3,5,13	280	75
1379	4,5,4,2,4,5,2,4,4,6	0,0,0,0,0,0,0,1,0,0	5,3,4,5,4,5,9,14,2,5	0,0,0,0,1,0,0,0,0,0	156	75
1382	34,38,34,33,25,33,33,30,30,34	0,0,0,0,0,1,0,0,0,1	44,45,32,22,32,42,34,32,37,25	0,0,0,0,0,0,0,0,0,0	102	75
1383	0,0,0,0,0,1,0,0,0,0	2,2,1,1,2,0,1,2,1,1	0,1,0,1,0,0,0,0,0,0	3,2,0,3,0,2,0,3,1,2	87	75
1384	2,0,0,0,0,0,0,4,0,0	42,47,40,37,45,53,38,45,49,32	1,2,0,2,0,0,0,0,1,3	40,47,55,40,38,43,29,46,48,47	176	75
1385	2,1,9,7,4,1,1,4,7,3	24,15,14,6,17,14,12,22,9,19	0,7,3,7,3,5,5,11,4,2	11,15,20,9,13,13,12,18,11,7	84	75
1387	5,4,1,1,5,2,0,1,4,4	1,2,0,0,1,0,3,1,0,2	3,2,5,3,2,3,1,3,5,5	1,1,1,2,0,2,0,2,1,0	103	75
1389	169,167,189,154,141,158,151,140,207,152	0,0,0,0,0,0,0,0,0,0	159,181,152,209,138,137,187,199,148,180	0,0,0,0,4,0,0,0,0,0	314	75
1390	108,129,135,128,129,129,113,87,144,139	0,0,1,1,1,0,1,2,1,1	115,101,129,105,133,120,113,108,107,73	2,2,2,2,0,1,3,1,0,0	142	75
1391	6,7,5,5,3,10,7,4,7,9	1,4,2,6,5,3,3,5,4,2	6,1,13,9,3,10,5,8,7,10	3,7,4,4,3,2,5,5,5,1	278	75
1392	21,5,11,4,14,0,0,26,17,39	8,5,6,4,11,0,0,9,8,11	0,26,4,8,2,22,5,0,0,1	0,12,4,8,0,15,2,0,0,0	93	75
1393	202,99,176,121,176,47,64,194,139,216	0,0,1,0,0,0,0,0,1,0	73,216,121,93,100,237,119,65,66,86	0,0,0,0,0,1,0,0,0,0	585	75
1395	1,1,4,1,2,2,0,0,2,0	0,0,0,0,0,0,1,0,0,0	3,2,1,0,2,4,2,4,1,2	0,0,0,0,0,0,1,0,0,0	81	75
1397	1,0,1,0,0,0,2,1,0,0	0,0,0,0,0,0,0,0,0,0	1,0,1,1,0,2,1,0,0,1	1,0,0,0,0,0,0,0,0,0	99	75
1398	1,0,1,0,0,0,0,0,0,0	0,1,1,6,0,0,0,0,1,1	1,0,0,1,0,0,1,0,0,0	1,0,1,1,0,3,1,0,0,1	85	75
1400	9,8,12,6,9,7,7,8,5,14	0,0,0,0,0,0,0,0,0,0	5,13,7,12,5,6,9,12,3,11	0,1,0,0,0,1,0,0,0,0	104	75
1401	4,1,2,1,1,0,0,1,2,0	0,0,0,1,0,0,0,0,0,0	3,4,2,1,1,2,0,2,4,3	0,0,0,0,0,0,0,0,0,0	78	75
1402	192,200,166,178,202,165,164,147,163,162	0,0,1,0,1,0,0,1,0,1	171,197,158,180,169,211,166,142,166,170	0,0,0,0,0,0,0,1,2,0	506	75
1405	6,4,5,1,2,4,4,7,2,1	38,47,32,34,41,40,28,27,38,25	4,4,3,4,3,4,5,7,3,10	29,31,15,29,36,25,34,29,22,28	150	75
1407	194,152,201,175,189,206,156,129,157,181	9,14,9,10,6,13,9,6,5,13	172,218,184,197,155,172,166,163,154,140	7,10,11,10,6,4,13,7,2,4	89	75
1409	75,61,88,70,62,70,52,52,71,61	3,2,3,2,2,3,3,2,4,5	46,73,56,52,70,54,58,70,50,67	3,6,6,3,0,8,5,8,6,4	2614	75
1410	3,2,2,2,6,4,2,1,4,0	6,6,5,7,13,9,8,12,10,7	3,5,0,5,3,3,7,2,4,3	7,16,5,14,11,10,11,10,10,7	101	75
1411	13,14,8,8,14,5,7,9,12,8	1,0,0,0,0,0,0,1,0,1	6,10,5,9,6,8,8,5,8,17	0,0,0,0,0,0,2,0,0,0	1250	75
1412	29,29,28,23,21,32,23,25,32,21	27,23,18,28,18,21,13,11,18,29	21,16,15,21,21,21,21,28,35,26	24,26,20,28,27,17,22,16,11,28	335	75
1413	9,8,23,12,12,15,17,13,9,17	8,8,8,12,10,8,10,11,14,10	11,16,6,21,14,13,8,16,17,19	9,18,11,6,8,10,8,8,10,12	96	75
1414	247,245,224,214,207,239,190,193,214,211	143,147,177,148,179,159,149,99,146,153	230,237,246,243,224,205,228,219,217,239	171,183,159,159,165,144,122,132,156,140	91	75
1415	3,2,2,0,2,2,2,0,3,2	0,0,0,1,0,0,0,1,0,0	1,2,4,2,2,3,2,0,5,3	2,0,0,0,0,0,0,0,0,0	154	75
1416	33,39,33,29,18,30,26,23,29,25	0,0,0,0,0,0,0,0,0,0	30,30,24,26,32,25,28,26,29,29	0,1,0,1,0,1,0,0,0,0	305	75
1417	3,5,4,1,1,2,5,6,3,4	19,22,19,20,10,12,10,15,23,11	2,1,7,3,0,1,2,1,3,2	8,15,16,15,26,13,15,3,18,22	85	75
1418	32,25,28,26,24,19,11,25,22,29	19,9,27,17,21,14,15,23,23,26	13,22,26,27,20,34,28,22,31,14	20,30,17,21,22,23,30,20,18,23	123	75
1419	285,261,308,228,236,254,253,199,237,245	1,3,1,0,2,3,2,1,1,0	276,288,255,235,290,280,282,204,261,227	2,4,1,0,1,1,3,2,1,1	263	75
1420	2,4,4,0,2,0,0,2,10,1	15,27,25,18,17,15,16,17,18,29	2,2,3,1,1,1,3,2,3,2	17,16,20,21,17,16,18,11,16,20	89	75
1421	7,3,6,0,7,4,4,2,7,4	790,695,837,664,721,783,572,608,627,700	2,8,6,1,9,2,2,3,4,2	719,771,644,688,642,729,717,671,672,712	79	75
1422	64,80,69,58,63,69,78,60,79,60	4,2,8,2,3,5,2,5,3,3	49,76,65,74,50,67,67,82,57,67	5,3,2,7,0,4,1,4,3,3	2066	75
1423	0,0,1,1,0,0,0,0,0,0	0,0,0,0,0,0,0,0,0,0	0,0,0,0,0,0,0,0,0,0	0,0,0,0,0,0,0,0,0,1	86	75
1424	21,18,24,17,26,19,17,18,24,12	1,6,2,1,1,4,3,8,4,5	12,22,19,14,17,22,30,15,15,22	1,6,6,5,3,5,6,4,0,3	275	75
1425	23,18,28,19,30,21,18,20,26,19	5,3,2,3,6,2,4,2,3,3	12,24,20,18,17,23,33,18,16,23	2,3,1,1,5,0,6,2,1,2	308	75
1426	3,6,6,3,5,6,4,10,6,12	5,3,2,3,6,2,4,2,3,3	1,8,7,9,3,6,9,7,1,4	2,3,1,1,5,0,6,2,1,2	108	75
1428	16,23,11,16,15,13,19,20,21,5	0,0,0,0,0,0,0,0,0,0	23,13,10,14,16,17,15,18,7,17	1,0,0,0,0,0,0,0,0,0	307	75
1429	14,14,14,17,14,25,6,9,18,12	0,0,0,2,0,1,0,0,0,0	17,17,18,16,12,2,13,6,17,12	1,1,0,0,0,1,3,0,0,0	384	75
1430	0,0,1,0,0,0,2,0,1,1	14,11,11,11,10,22,6,9,14,10	0,3,0,0,1,0,0,0,0,0	15,13,15,15,11,1,13,5,13,10	111	75
1431	0,1,0,2,0,0,0,0,0,1	38,28,45,47,40,46,32,25,45,41	0,0,0,0,0,0,0,0,0,0	28,49,41,36,33,44,49,32,38,39	130	75
1432	0,2,4,1,1,2,2,1,0,0	145,136,140,125,129,122,120,109,123,144	1,0,0,0,0,0,0,0,2,0	145,136,152,135,126,141,170,125,123,103	96	75
1434	0,0,1,0,0,2,1,1,0,1	35,33,34,34,39,32,36,35,27,28	1,0,0,0,0,0,1,1,2,1	35,26,34,28,42,19,45,27,29,30	79	75
1436	0,0,0,0,0,0,0,0,0,0	14,11,24,9,12,17,8,10,14,13	0,0,0,0,2,1,0,0,0,0	9,8,10,5,9,13,17,13,7,15	81	75
1437	2,0,0,1,2,0,0,0,2,2	12,17,16,16,9,14,14,11,16,23	0,0,0,2,0,1,0,2,1,2	13,21,10,13,17,18,13,6,15,7	262	75
1439	2,2,5,1,4,5,2,4,4,0	25,31,20,16,17,12,22,17,14,25	3,4,1,3,2,3,1,3,5,0	19,14,8,18,17,25,22,9,16,12	82	75
1440	0,0,0,0,1,0,0,0,0,1	68,71,77,53,55,71,45,43,52,70	0,0,1,0,0,0,1,0,0,0	60,65,52,60,57,58,55,54,71,72	84	75
1441	29,19,24,19,15,28,25,19,21,26	1,1,2,0,1,1,5,1,1,2	27,28,26,27,23,23,18,23,16,22	0,1,1,1,1,2,0,0,1,1	79	75
1442	8,15,13,14,15,12,7,10,10,12	0,0,0,0,0,0,0,0,0,0	7,8,13,8,8,10,14,8,7,7	0,1,0,0,0,0,1,0,1,0	88	75
1443	0,0,1,1,0,0,0,1,0,0	0,1,0,1,1,1,0,0,2,1	0,0,0,0,1,1,0,0,0,0	0,1,0,0,2,3,0,0,1,1	80	75
1444	0,2,1,1,0,0,0,1,0,0	36,29,30,20,18,17,24,19,13,24	0,1,0,0,0,1,0,0,0,0	32,19,22,24,17,13,21,21,14,26	80	75
1445	0,3,2,3,4,7,10,1,4,2	15,6,17,6,13,9,12,6,2,20	2,1,3,4,2,3,2,3,0,4	7,10,9,9,11,12,5,14,5,7	1419	75
1446	11,10,13,10,15,8,11,13,7,18	3,6,5,5,7,9,9,6,10,4	15,12,18,6,6,9,13,17,13,12	3,9,5,3,5,14,4,5,7,8	107	75
1448	5,3,7,3,1,0,2,1,4,3	20,31,27,22,36,38,23,13,20,21	1,1,4,4,3,3,1,4,4,3	15,33,24,33,16,29,17,35,30,24	100	75
1449	36,56,43,38,43,44,31,34,45,45	3,1,6,0,2,4,0,2,3,2	42,51,35,54,37,45,38,50,35,44	3,2,1,0,0,0,3,1,1,0	525	75
1450	860,695,767,417,699,383,530,491,826,640	0,0,0,0,1,0,1,0,0,0	633,749,614,810,528,572,487,443,718,688	0,0,0,0,0,0,0,0,0,0	780	75
1451	1304,1035,1174,645,1103,583,780,756,1176,933	0,0,0,0,0,0,0,0,0,0	927,1195,961,1195,823,879,715,669,1081,1025	0,0,0,1,0,0,0,0,0,0	1537	75
1453	25,25,18,18,16,18,28,22,18,30	4,1,3,5,2,8,5,3,5,1	30,24,28,21,37,23,20,19,18,25	3,3,2,3,3,2,5,2,1,2	98	75
1454	7,8,12,11,8,7,10,9,8,11	137,121,126,109,93,110,99,91,97,70	12,8,10,5,12,8,13,5,6,2	85,139,103,86,84,103,96,101,79,95	180	75
1456	0,1,0,0,0,1,0,2,0,0	57,56,58,44,60,42,47,43,65,26	0,0,1,2,0,0,1,1,0,2	52,78,33,40,32,57,35,45,41,50	95	75
1457	95,88,88,65,65,70,64,51,65,78	0,0,1,0,0,1,0,0,1,2	74,87,74,70,79,77,72,84,75,78	0,0,3,1,0,0,1,0,1,0	126	75
1460	188,143,167,180,140,142,126,106,142,144	1,0,0,0,0,0,0,0,0,0	148,138,158,150,150,140,176,143,129,115	0,0,0,0,0,0,0,0,0,0	964	75
1461	2,1,1,2,1,0,4,3,1,3	8,5,6,6,5,2,5,5,3,9	0,0,1,1,2,2,4,2,1,2	1,6,0,6,3,3,2,4,1,2	148	75
1462	79,74,65,71,64,75,56,75,49,53	0,1,0,0,0,0,2,0,0,0	64,81,53,74,67,74,73,48,72,77	0,0,0,0,0,0,0,0,0,0	1072	75
1463	6,3,7,7,6,3,6,8,4,1	27,25,21,22,19,10,34,18,31,16	5,6,3,10,4,3,6,1,1,6	28,27,11,20,20,27,23,18,22,10	164	75
1464	0,1,2,5,0,0,2,5,1,0	1,0,0,0,1,0,0,0,0,0	1,3,1,5,1,1,4,0,0,5	0,0,0,0,0,1,0,0,0,0	164	75
1465	17,14,12,21,21,19,17,10,12,27	3,6,0,5,5,5,4,0,6,1	18,24,30,16,21,20,22,16,13,13	2,3,3,4,4,2,3,3,6,0	81	75
1466	1,1,0,3,0,0,4,1,4,2	0,0,0,0,0,0,0,0,0,1	4,1,4,0,4,5,3,4,3,3	0,0,0,0,0,0,0,0,0,0	81	75
1467	415,417,435,395,392,329,325,339,412,362	0,0,0,0,0,0,0,0,0,0	361,368,358,305,350,399,410,370,350,281	0,0,0,0,0,0,0,0,1,0	263	75
1470	46,38,52,41,41,40,36,38,30,43	3,1,1,3,2,2,0,2,1,2	33,54,43,44,32,44,48,35,39,42	1,2,1,2,3,0,2,0,2,0	89	75
1471	525,516,570,462,458,453,456,396,449,541	0,1,0,0,0,0,0,0,3,0	436,572,473,433,482,491,457,429,414,449	0,0,0,0,0,0,0,0,0,0	857	75
1472	46,39,64,27,38,43,26,29,35,46	0,0,0,0,0,0,0,0,0,0	37,47,26,28,38,28,40,41,60,39	0,0,0,0,1,1,0,0,0,0	83	75
1473	0,0,3,1,0,1,1,0,1,0	53,57,50,49,46,35,59,46,43,50	0,0,0,1,0,0,0,0,0,0	48,58,65,53,72,51,57,44,59,51	105	75
1474	22,33,28,31,28,30,24,26,25,35	0,0,0,0,0,0,1,0,0,0	25,29,18,27,28,24,27,24,35,26	0,0,0,0,0,0,0,0,0,0	359	75
1475	1,2,2,0,4,3,5,4,2,2	0,3,1,1,2,0,1,0,1,0	4,2,0,2,5,2,2,2,1,0	1,1,3,2,1,0,3,1,1,0	79	75
1476	0,1,1,1,1,0,0,3,1,0	0,0,0,1,0,0,1,0,0,0	3,2,0,0,1,3,2,0,0,0	1,0,0,0,0,0,0,0,0,0	86	75
1477	12,4,8,7,4,6,5,3,2,3	0,0,0,0,1,0,0,0,0,0	7,2,4,3,5,5,3,2,6,5	0,0,0,1,0,0,0,0,0,0	99	75
1478	28,35,40,32,34,43,26,29,45,43	6,7,12,10,12,6,8,7,12,12	32,38,28,35,42,38,42,34,34,39	8,5,8,12,13,9,17,10,13,10	106	75
1479	0,0,2,1,1,0,0,2,0,2	0,1,1,1,0,0,0,0,0,0	2,0,1,1,1,0,0,0,1,0	2,0,1,0,0,0,2,1,0,1	294	75
1482	71,61,65,53,61,59,41,44,41,65	0,0,0,0,0,0,0,0,0,0	51,58,46,44,41,46,55,59,44,55	0,0,0,1,0,0,0,0,0,0	772	75
1483	2,2,3,6,1,1,3,7,1,4	0,0,0,0,1,0,0,2,0,0	1,1,1,6,4,2,2,6,2,5	1,0,0,0,2,0,1,0,0,0	160	75
1484	7,12,9,1,3,7,2,12,5,4	20,11,15,11,12,11,4,7,11,15	6,6,6,8,4,7,9,5,7,10	13,18,7,10,11,7,14,8,10,11	94	75
1485	15,14,14,13,16,14,14,9,5,8	13,26,15,12,10,27,10,7,12,9	13,13,15,10,12,4,13,18,7,13	14,23,16,14,11,13,17,21,15,14	112	75
1486	2,0,3,1,0,1,1,4,1,0	0,0,0,0,0,0,0,0,0,0	0,3,1,3,2,0,5,2,3,1	0,1,0,0,0,0,0,0,0,0	1277	75
1487	15,19,14,19,18,30,14,17,17,25	12,10,9,7,13,11,11,3,12,5	11,18,23,16,18,12,14,20,17,11	12,7,6,11,11,10,15,10,9,4	402	75
1488	52,40,41,40,56,52,39,41,56,59	12,10,9,7,13,11,11,3,12,5	40,43,54,51,48,51,50,41,47,32	12,7,6,11,11,10,15,10,9,4	948	75
1489	37,25,30,24,38,24,27,26,40,35	0,4,3,3,0,2,2,2,1,1	29,30,31,36,31,39,36,21,32,21	0,5,0,1,1,0,0,0,2,0	621	75
1491	3,3,1,1,1,1,1,1,0,2	0,0,0,0,0,0,1,0,0,0	0,1,2,3,0,1,0,1,1,0	1,2,0,0,0,0,0,2,0,0	79	75
1495	62,62,79,62,58,55,59,74,71,71	0,0,0,0,0,0,0,0,0,0	56,56,73,64,47,67,65,49,66,45	0,0,0,0,0,1,0,0,0,0	347	75
1496	10,17,17,5,14,14,15,10,16,8	14,9,20,21,14,15,10,13,13,13	11,12,8,12,8,14,9,7,20,10	14,18,15,14,11,17,14,18,16,8	123	75
1497	1,4,8,6,4,5,0,3,7,0	361,327,343,275,302,274,238,201,266,284	3,4,3,1,0,1,0,1,7,2	337,308,316,285,312,298,264,268,268,277	124	75
1498	7,5,10,4,3,4,5,4,5,8	415,373,391,311,334,282,281,294,343,311	9,4,5,2,5,14,4,2,5,7	362,367,388,326,352,393,369,298,329,314	80	75
1499	99,74,87,79,70,69,56,52,64,76	0,0,0,0,0,0,1,0,0,0	81,94,83,86,59,102,75,48,75,79	0,0,0,0,0,1,0,1,0,0	92	75
1500	507,442,468,386,401,347,332,342,402,379	0,0,0,0,0,0,1,0,0,0	434,457,466,410,406,481,440,344,399,386	0,0,0,0,0,1,0,1,0,0	87	75
1501	651,602,688,561,560,502,471,432,485,536	0,0,0,0,0,0,0,0,0,0	604,663,617,569,499,572,556,462,522,550	0,1,0,0,0,0,0,0,0,0	220	75
1502	0,0,1,0,0,1,0,0,0,0	0,1,0,0,0,2,1,0,0,0	1,0,0,0,0,0,2,1,0,0	0,0,0,0,0,0,0,1,0,0	85	75
1503	8,3,5,1,0,5,6,1,2,5	114,79,96,83,97,79,83,73,62,88	3,4,3,3,4,6,8,2,6,5	92,131,88,84,76,103,111,85,104,80	168	75
1504	23,14,24,30,17,9,27,20,22,26	0,0,0,0,0,0,0,0,0,1	16,28,13,16,22,21,21,21,20,24	0,0,0,0,0,0,0,0,0,0	251	75
1505	79,85,84,93,87,67,61,62,59,69	0,0,2,1,1,1,0,0,0,1	82,67,83,68,89,91,55,62,61,60	0,0,0,0,2,0,1,2,2,1	98	75
1506	150,164,170,132,147,121,156,133,136,169	0,0,0,0,0,0,0,0,0,0	168,129,152,126,192,163,178,141,139,150	0,0,0,0,0,2,0,0,0,0	378	75
1508	0,0,0,0,0,0,0,1,0,1	0,0,0,0,0,0,0,0,0,1	0,1,0,0,0,0,1,1,0,1	0,0,0,0,0,0,1,0,0,0	102	75
1509	52,51,65,46,48,49,35,51,46,38	0,1,0,0,0,0,0,0,1,3	44,57,49,48,56,41,35,34,37,41	1,1,1,0,0,0,0,0,2,0	88	75
1510	1,1,0,0,0,0,0,1,1,0	41,48,43,44,48,53,38,49,54,35	1,0,1,0,0,1,2,2,0,1	44,46,40,36,44,33,44,28,39,48	85	75
1511	15,11,15,17,16,12,14,11,19,28	17,13,10,17,11,19,10,16,10,9	18,10,15,17,12,23,24,17,16,12	14,8,6,11,15,23,16,15,22,7	111	75
1512	25,15,18,36,19,21,18,15,27,25	0,0,0,0,1,0,0,0,1,0	26,25,31,16,18,27,20,20,26,15	0,0,0,0,0,0,0,0,0,0	84	75
1513	33,38,51,41,39,30,40,42,38,43	0,0,0,0,0,0,0,0,1,0	41,33,27,22,45,47,37,28,30,37	0,0,0,0,0,0,0,0,0,0	139	75
1514	2,2,5,2,3,2,3,5,4,0	1,0,0,0,0,1,0,1,0,4	4,2,1,3,2,4,4,3,1,1	1,1,1,1,0,0,0,0,0,1	81	75
1515	54,44,45,57,45,51,37,39,42,49	6,3,5,7,5,3,6,3,3,5	42,68,44,51,51,62,58,39,53,54	7,5,6,1,6,2,5,9,5,3	119	75
1516	0,0,0,0,0,0,0,0,1,0	0,0,0,0,0,0,0,0,0,0	1,0,1,0,0,1,0,0,0,0	0,0,0,0,0,1,0,0,0,0	210	75
1519	33,45,51,33,31,35,25,33,35,36	19,22,20,17,19,17,19,21,20,19	52,39,44,47,37,49,38,43,39,51	28,27,23,12,20,10,18,25,18,19	128	75
1520	21,38,38,19,26,25,22,28,23,25	15,8,11,13,20,9,12,9,10,23	38,21,25,29,27,33,25,29,33,42	11,25,19,17,12,20,15,15,17,20	128	75
1521	9,11,24,18,14,14,7,12,8,13	49,50,50,67,58,43,28,41,42,48	9,13,17,9,8,11,14,6,21,11	44,60,55,53,44,25,45,48,57,23	96	75
1523	125,138,116,110,89,87,92,79,105,102	0,1,0,2,0,0,0,0,1,0	111,131,119,107,113,123,110,102,94,100	0,1,1,0,0,1,1,0,0,0	87	75
1524	47,55,54,51,30,38,57,34,56,51	19,11,15,16,13,15,12,10,11,14	38,51,29,48,51,47,36,40,49,61	9,18,9,7,8,10,7,10,14,15	844	75
1525	76,60,68,73,50,48,65,62,60,77	0,0,3,1,0,1,3,0,1,0	58,70,72,39,48,82,75,63,62,42	0,0,0,0,0,2,1,0,0,1	201	75
1526	5,1,2,1,5,6,2,5,4,3	12,15,9,12,13,6,4,9,11,9	3,1,0,0,1,0,5,4,0,2	16,15,16,8,10,12,18,13,15,2	80	75
1529	14,14,15,19,16,14,15,15,12,14	1,0,1,1,2,0,0,0,1,3	10,21,9,6,8,14,14,7,11,11	0,3,1,0,1,1,0,0,0,0	162	75
1531	35,58,35,49,36,29,54,48,46,40	102,92,131,121,110,111,79,90,99,88	39,73,28,53,33,27,31,56,56,56	124,148,105,91,106,77,88,87,100,95	936	75
1532	32,41,30,32,18,24,23,25,38,37	5,0,1,2,0,0,0,1,1,1	37,40,34,28,31,48,38,25,30,35	1,2,2,0,0,1,1,0,0,2	133	75
1533	20,15,10,17,11,16,12,11,23,20	0,0,0,0,0,0,0,0,0,0	14,19,19,9,16,27,20,12,16,21	0,0,0,0,0,1,0,0,0,0	133	75
1534	34,29,24,21,27,23,17,27,38,20	1,0,1,0,0,0,0,1,0,0	25,28,18,21,31,22,32,14,26,18	0,0,1,0,0,1,2,0,0,0	118	75
1535	97,76,66,76,73,75,92,76,72,91	3,6,5,3,7,7,5,0,3,4	93,92,110,98,78,94,80,79,69,99	5,5,3,5,4,6,4,5,4,3	168	75
1536	0,0,1,0,0,0,0,0,0,1	2,1,1,0,0,1,1,2,0,6	0,0,0,0,0,0,0,0,0,0	3,0,1,1,0,1,1,0,3,1	145	75
1537	4,5,4,2,4,3,3,2,4,3	1,1,0,1,1,0,0,0,0,1	4,3,3,5,3,5,4,6,1,5	0,2,3,0,1,0,0,0,0,0	79	75
1538	1,1,1,0,2,0,0,0,0,0	1,1,0,1,1,0,0,0,0,1	2,0,0,1,0,0,0,0,0,0	0,2,3,0,1,0,0,0,0,0	149	75
1539	1,1,1,0,2,0,0,0,0,0	4,5,4,2,4,3,3,2,4,3	2,0,0,1,0,0,0,0,0,0	4,3,3,5,3,5,4,6,1,5	145	75
1540	2,2,0,0,0,0,0,0,1,2	20,19,21,24,14,24,13,17,25,9	1,0,0,0,1,3,2,0,1,1	20,14,15,15,14,17,18,14,17,18	82	75
1542	5,4,2,0,4,3,2,1,3,5	31,34,29,18,22,25,25,18,27,14	2,3,0,3,4,3,4,1,6,3	31,22,34,22,33,28,27,25,17,23	79	75
1543	2,2,0,6,1,1,0,1,0,2	5,5,10,7,4,2,5,3,7,2	4,1,0,4,4,2,2,1,0,0	4,7,2,4,5,9,12,7,2,4	91	75
1544	129,142,127,98,105,106,80,82,110,77	6,8,8,10,10,4,14,4,4,6	123,118,84,110,100,109,111,111,98,115	8,15,6,4,6,14,10,9,13,15	204	75
1545	3,2,2,1,1,1,2,4,4,1	13,11,10,19,22,7,9,19,10,15	2,2,1,2,4,3,0,1,5,3	18,18,9,9,9,14,13,25,17,20	81	75
1546	865,821,862,712,800,799,696,677,709,780	29,34,42,19,16,22,16,10,18,15	787,866,688,678,752,770,765,728,650,661	25,23,17,12,19,23,20,19,11,32	88	75
1547	0,0,3,2,0,1,1,0,4,2	0,2,0,1,1,2,0,0,1,0	1,4,2,2,1,1,3,3,1,3	0,3,0,1,1,1,0,0,0,0	79	75
1549	0,0,0,0,1,0,1,0,0,0	2,4,1,3,2,2,0,1,2,1	0,0,0,0,0,0,0,0,0,1	4,7,2,0,4,8,3,3,1,2	194	75
1551	3,1,2,2,2,0,0,1,3,1	0,0,0,0,0,2,0,0,0,0	0,2,3,1,0,3,1,2,2,0	0,0,0,0,0,0,0,0,0,0	99	75
1552	0,0,0,0,1,2,1,0,1,0	49,53,30,41,42,50,29,36,35,26	0,0,0,0,0,0,1,1,0,0	55,51,44,45,43,34,44,45,29,42	79	75
1553	3,3,0,1,1,0,2,1,1,1	0,0,1,1,0,0,0,0,0,0	0,0,0,4,1,2,0,1,2,1	0,1,0,0,1,0,1,0,3,1	94	75
1554	76,51,57,36,44,61,40,36,39,53	0,0,1,1,0,0,0,0,0,0	53,44,57,47,47,52,54,54,56,66	0,1,0,0,1,0,1,0,3,1	275	75
1555	73,50,57,35,43,61,38,35,38,52	0,2,0,0,0,0,0,0,0,0	53,44,57,43,46,50,54,54,54,65	0,0,0,0,0,0,0,1,0,0	256	75
1556	4,3,2,4,6,3,2,3,3,5	19,17,14,8,15,20,12,12,19,17	4,2,3,6,2,3,4,2,2,3	17,29,20,11,13,8,14,17,12,6	105	75
1558	5,12,9,4,10,7,6,3,4,8	1,0,0,1,1,1,0,1,1,2	4,8,0,6,8,12,9,6,8,10	0,0,0,3,0,1,0,0,0,1	86	75
1559	2,6,3,0,4,3,2,2,2,0	37,26,32,29,30,44,24,25,31,29	0,1,0,4,0,3,0,1,3,1	36,40,31,44,38,27,30,43,40,21	79	75
1560	9,6,3,3,4,5,4,3,3,1	36,35,43,24,20,32,28,37,33,29	2,2,0,5,2,3,0,1,6,3	33,42,45,31,33,33,25,37,43,30	82	75
1561	44,26,32,32,30,46,26,26,32,30	36,35,43,24,20,32,28,37,33,29	38,41,31,45,40,27,30,43,43,23	33,42,45,31,33,33,25,37,43,30	78	75
1562	158,151,131,129,127,137,124,83,113,110	0,0,0,0,1,0,0,0,0,0	144,122,98,139,152,112,105,136,133,121	0,0,0,0,0,0,0,0,0,0	664	75
1563	0,0,1,1,0,2,0,0,0,0	0,0,0,2,1,0,3,0,0,2	0,2,0,1,0,0,3,1,1,0	0,1,0,2,0,0,1,0,0,0	82	75
1564	8,8,11,8,9,9,4,9,8,8	0,0,0,0,0,0,0,0,0,0	12,14,11,15,8,8,10,6,9,14	0,0,0,0,0,0,0,0,0,1	141	75
1565	8,8,10,9,10,7,7,9,8,10	0,0,0,0,0,0,0,0,0,0	12,13,11,16,8,8,8,5,8,14	0,0,0,0,0,0,0,0,0,1	134	75
1566	84,75,110,73,72,95,70,75,72,47	3,1,0,0,2,0,2,1,0,2	94,95,78,74,79,88,80,73,76,69	0,0,0,0,0,1,1,2,0,1	406	75
1567	8,8,11,8,9,9,4,9,8,8	19,29,18,16,23,32,22,12,25,16	12,14,11,14,9,8,10,5,9,14	23,30,30,21,15,17,20,17,18,9	141	75
1569	0,0,0,1,1,1,1,1,0,0	37,48,42,48,36,37,24,26,38,34	0,0,0,0,0,0,0,0,3,0	41,36,39,36,32,36,38,41,38,34	100	75
1570	14,17,21,17,10,9,17,19,16,3	0,0,0,0,0,0,0,0,0,0	15,13,13,11,8,18,25,4,14,9	1,0,0,2,0,0,0,0,0,0	94	75
1571	0,0,0,0,1,0,0,0,1,1	21,23,35,23,30,20,24,25,32,20	0,0,2,1,0,0,0,0,1,0	27,21,26,30,31,26,22,25,22,14	169	75
1572	49,46,45,60,50,45,37,50,39,53	0,1,0,0,2,1,0,0,0,2	45,64,33,55,36,44,46,52,45,32	0,2,1,1,3,0,0,0,0,1	208	75
1573	110,106,124,103,95,110,109,88,97,106	11,4,9,6,3,5,8,10,5,12	81,85,115,85,106,128,98,111,83,79	9,9,5,8,5,8,12,13,5,5	180	75
1575	12,8,9,4,9,11,6,5,6,8	1,0,0,0,0,0,0,1,1,0	8,10,8,8,12,5,16,9,13,4	1,0,0,3,0,0,1,1,0,0	187	75
1579	0,1,0,0,0,1,0,0,0,0	3,3,2,0,0,2,0,2,0,3	0,0,0,0,0,0,0,0,0,0	2,0,3,0,1,1,3,2,2,0	83	75
1580	11,14,12,8,16,4,9,10,12,19	0,1,0,0,0,0,0,0,0,0	2,20,14,14,3,13,4,10,9,10	0,1,1,0,2,0,0,1,0,0	97	75
1581	8,12,9,8,5,3,7,13,11,3	47,47,52,50,40,48,46,44,47,56	13,9,7,5,13,15,7,9,7,1	51,57,34,39,53,57,62,41,57,26	79	75
1582	0,0,0,1,0,2,1,2,2,0	5,5,3,2,0,0,8,0,0,3	0,1,0,0,0,1,1,1,3,4	3,1,0,4,5,3,3,3,1,4	89	75
1584	1,1,0,0,2,1,3,3,4,2	8,13,10,11,10,6,9,6,13,12	1,2,1,2,0,2,4,1,2,0	14,18,10,4,6,4,13,8,11,4	150	75
1587	0,0,0,0,0,0,0,0,0,0	26,32,28,25,24,22,21,28,31,22	0,0,0,1,1,0,0,1,0,0	32,42,46,27,47,34,23,26,31,32	99	75
1588	65,55,53,47,49,59,42,43,47,52	1,0,3,2,2,1,1,0,3,0	62,74,57,51,53,54,46,55,47,51	2,2,1,0,0,1,0,2,0,1	535	75
1591	535,227,270,329,480,372,392,456,415,715	0,0,0,0,0,0,0,1,1,1	550,329,309,260,292,385,438,263,334,272	1,0,0,0,0,0,0,0,0,0	375	75
1592	10,3,7,5,10,8,8,5,6,6	116,153,143,114,143,116,114,88,103,141	2,0,10,8,6,5,4,2,5,4	128,136,144,127,139,133,131,120,122,101	80	75
1593	49,56,71,41,54,47,39,53,51,54	3,3,2,3,2,3,4,2,0,3	42,54,55,46,51,65,64,44,71,52	1,1,3,3,3,2,1,1,3,2	122	75
1594	8,8,11,10,2,7,4,5,7,11	0,1,1,1,0,0,1,1,2,0	11,5,8,2,7,4,3,2,6,7	0,0,1,1,0,0,1,0,0,1	2450	75
1595	1,6,1,0,0,1,1,0,2,0	23,19,26,16,20,9,18,8,10,13	3,2,0,2,1,2,4,0,1,1	17,20,16,16,17,23,18,15,15,18	83	75
1597	0,0,0,1,1,0,0,0,0,0	32,25,38,31,29,28,30,16,34,33	0,1,2,0,0,0,0,2,0,0	27,27,15,32,16,35,24,27,24,31	156	75
1598	23,18,15,18,13,13,11,24,21,21	2,0,1,0,0,1,0,0,0,0	11,23,18,17,17,15,15,14,12,14	0,1,0,1,0,0,0,0,0,2	135	75
1599	13,10,8,11,8,9,7,12,23,22	4,8,2,0,4,2,0,2,4,4	13,8,11,12,18,15,15,7,8,13	6,4,2,2,8,3,7,2,5,4	114	75
1601	129,144,121,117,108,130,113,117,125,120	1,4,0,0,0,0,2,0,0,0	116,140,105,109,123,131,150,117,107,118	0,1,0,2,4,0,0,0,0,1	403	75
1603	111,76,97,85,81,83,51,69,69,76	71,57,71,68,46,35,40,37,52,70	75,121,107,68,71,91,66,84,73,74	50,70,55,34,50,54,48,47,46,38	81	75
1604	80,75,70,64,57,70,46,54,72,61	14,14,10,8,8,9,5,11,7,16	52,70,75,61,75,67,68,92,58,56	13,13,9,7,15,14,5,6,10,9	81	75
1605	127,116,125,119,90,135,115,130,133,100	0,0,0,0,0,1,0,0,0,0	100,99,83,117,112,130,143,144,107,101	0,0,0,0,0,1,0,0,0,0	389	75
1606	1,1,0,2,3,4,3,2,1,4	89,90,130,93,103,110,83,69,79,99	6,2,4,1,3,0,1,0,1,4	93,95,86,78,93,83,86,85,63,84	596	75
1607	0,1,0,0,0,0,0,0,0,0	0,0,0,1,1,2,0,1,0,0	0,0,0,0,0,0,0,0,0,0	1,0,0,0,0,0,0,0,0,1	138	75
1608	3,1,0,0,0,4,0,2,1,4	13,12,17,11,6,13,21,11,7,15	1,3,1,1,2,2,0,2,0,0	8,11,10,13,13,14,8,13,10,8	97	75
1609	1,0,1,0,2,0,0,0,0,3	26,21,21,18,31,17,9,14,15,22	1,0,0,0,0,0,0,0,0,0	11,32,19,20,15,17,17,17,19,15	86	75
1610	1,1,1,1,2,2,4,1,0,1	3,4,4,4,2,4,5,2,4,5	2,1,0,0,1,0,1,3,1,0	1,5,6,2,5,6,3,6,9,6	108	75
1611	1,11,1,6,2,2,5,5,4,5	0,0,1,0,0,0,0,1,0,0	4,2,1,9,3,4,6,1,1,3	0,1,0,0,0,2,0,1,0,0	96	75
1612	13,12,14,11,12,7,7,10,5,11	0,0,0,0,0,0,0,0,1,0	8,10,8,15,17,11,14,12,7,8	0,1,0,2,0,0,0,0,1,0	2854	75
1613	21,10,22,23,13,17,21,27,15,11	2,1,3,0,0,1,2,1,0,0	27,22,20,22,16,16,14,22,20,17	0,1,0,1,0,0,0,0,1,0	123	75
1614	37,61,40,71,50,37,75,57,42,47	0,0,0,0,0,0,0,0,1,0	48,57,29,64,55,45,33,52,54,39	0,0,0,0,0,0,0,0,0,0	2753	75
1615	30,21,37,34,26,40,36,29,30,32	1,1,1,1,1,2,1,1,0,0	36,26,40,24,26,29,32,32,30,19	1,1,0,0,2,3,3,0,2,0	106	75
1617	0,0,0,0,0,0,1,0,1,0	18,7,17,17,9,10,19,18,17,13	0,0,0,0,0,1,0,0,0,0	14,12,17,16,19,23,18,15,15,10	86	75
1619	41,49,44,55,43,50,27,48,47,38	2,3,0,2,0,1,0,2,4,0	54,46,54,41,38,51,54,50,53,33	4,0,0,0,2,0,0,1,2,2	83	75
1620	0,0,2,1,0,2,0,0,2,0	23,20,37,21,28,23,17,29,29,34	0,1,1,0,0,0,0,1,0,2	26,24,23,21,31,25,19,19,26,20	281	75
1621	24,39,35,34,37,33,25,28,35,38	75,71,76,67,57,78,64,54,72,61	33,27,19,37,24,36,29,38,35,30	76,65,83,76,74,70,79,57,64,88	104	75
1622	184,189,180,156,141,175,148,162,142,169	0,0,0,0,0,1,0,0,0,0	146,155,140,179,132,152,182,143,137,170	0,0,0,0,0,1,0,1,0,0	152	75
1623	235,221,221,189,161,220,187,188,179,192	0,0,0,0,0,1,0,0,0,0	189,193,204,218,182,186,232,162,166,228	0,0,0,0,0,1,0,1,0,0	123	75
1624	140,155,154,125,147,131,112,114,127,156	15,13,12,16,7,16,19,10,8,10	123,137,105,156,113,137,142,118,151,120	9,4,17,5,15,6,9,7,9,8	104	75
1625	300,305,299,247,251,273,235,248,234,287	1,0,1,1,0,1,0,0,1,1	236,265,226,298,221,253,295,223,253,260	0,0,0,0,1,1,1,0,2,0	152	75
1626	175,163,157,138,111,158,142,144,115,141	1,0,1,1,0,1,0,0,1,1	122,132,138,147,123,122,162,112,111,148	0,0,0,0,1,1,1,0,2,0	123	75
1627	84,74,33,105,24,86,133,46,48,54	8,10,7,23,4,8,25,9,5,2	66,25,13,28,94,35,125,96,42,60	13,10,1,0,12,7,21,14,9,8	202	75
1628	9,12,9,8,11,6,10,8,6,9	13,19,15,10,14,3,11,8,16,14	7,7,3,9,8,6,11,5,8,11	22,16,12,13,22,17,12,7,8,7	180	75
1629	47,49,43,32,40,31,38,41,40,35	3,0,3,0,0,2,3,1,2,2	45,43,38,41,42,50,47,47,37,49	3,2,0,0,1,1,2,4,2,2	82	75
1630	161,123,154,156,129,123,143,133,149,138	0,0,0,0,0,0,0,0,0,0	151,186,127,141,133,110,101,131,145,127	0,1,0,0,0,0,0,0,0,0	1405	75
1631	0,2,0,1,3,3,4,1,4,5	73,70,94,88,74,66,78,67,50,57	7,1,1,4,1,2,2,3,2,2	72,75,67,62,72,64,74,63,67,64	173	75
1632	89,80,99,114,89,82,85,92,78,84	0,0,0,1,0,0,0,0,0,0	80,92,91,83,103,119,104,109,103,103	0,0,0,0,0,1,0,0,0,0	251	75
1634	2,0,0,1,2,1,0,0,0,1	1,0,2,1,0,0,1,0,1,0	0,0,0,0,0,0,0,0,0,0	0,1,1,0,0,0,0,0,0,0	137	75
1638	1,1,1,3,1,3,1,2,0,0	658,635,689,670,611,734,491,553,522,600	0,3,1,4,1,0,1,0,0,1	711,674,678,626,714,601,579,594,633,451	76	75
1639	367,347,344,365,302,337,319,339,314,304	25,26,30,21,20,11,13,27,17,28	328,333,283,355,320,390,419,365,427,265	11,26,13,13,16,19,17,12,7,9	102	75
1641	27,30,41,23,29,21,20,16,17,23	106,83,95,105,72,100,77,69,75,95	27,23,39,24,25,30,28,13,27,22	85,91,81,74,77,80,78,89,95,93	79	75
1642	275,236,260,247,237,246,213,176,209,236	0,0,0,0,0,0,0,1,0,0	247,256,236,230,258,256,221,217,243,205	0,0,0,0,0,0,0,0,0,0	174	75
1643	3,2,4,5,5,3,2,6,3,4	0,0,0,0,0,0,0,0,2,0	2,10,4,5,0,4,3,0,5,0	0,0,0,0,0,0,0,0,0,0	211	75
1644	1,0,1,4,0,2,0,0,0,1	2,2,6,3,5,3,2,2,5,4	3,3,0,2,0,2,2,0,0,2	3,10,1,1,2,5,11,1,3,2	128	75
1645	18,14,10,7,11,21,10,6,17,13	1,3,4,3,3,3,4,1,2,1	7,8,12,7,15,8,11,11,10,4	0,2,3,2,0,2,2,3,1,2	635	75
1646	10,14,18,11,17,12,16,13,21,8	14,17,19,15,13,13,6,12,16,10	13,14,18,15,12,16,12,18,14,16	18,14,15,14,13,15,10,9,10,7	154	75
1647	11,14,19,13,19,12,16,14,20,8	0,0,0,0,0,0,0,1,1,0	15,14,21,14,12,18,13,18,15,16	0,0,0,0,1,0,0,0,0,0	154	75
1648	2,2,2,2,4,3,5,3,1,2	90,110,91,91,97,107,78,90,69,115	0,3,4,6,3,7,5,2,0,1	107,106,80,77,96,106,109,76,97,104	79	75
1649	0,0,0,0,0,0,0,0,0,0	1,3,4,4,0,1,2,1,0,1	0,0,0,0,0,0,0,0,2,0	0,2,0,2,2,2,0,3,0,0	79	75
1651	1,1,0,0,2,1,0,2,2,1	0,0,1,0,1,0,0,0,0,0	0,0,2,0,1,0,2,0,3,0	0,0,0,0,0,0,0,0,0,0	79	75
1652	16,11,14,6,14,9,4,9,7,12	2,0,0,0,0,0,0,0,1,0	2,18,10,4,9,22,4,5,7,5	0,0,0,0,0,0,0,0,0,1	588	75
1653	0,1,0,0,1,0,0,0,0,0	1,3,0,1,0,0,1,3,2,0	0,0,0,0,0,0,0,0,0,0	0,2,0,1,0,8,0,1,1,2	124	75
1654	0,0,0,0,0,1,0,0,0,0	0,0,0,0,1,0,0,0,2,0	0,0,0,0,0,0,0,0,0,0	0,1,0,0,0,0,2,0,0,0	131	75
1656	19,8,14,18,16,6,13,10,14,10	0,0,0,1,1,0,0,0,0,0	10,12,7,8,9,11,12,8,17,18	1,1,1,0,1,0,0,0,0,0	107	75
1657	8,3,14,10,6,10,7,8,7,11	0,0,0,0,0,0,0,0,0,0	5,9,7,7,7,11,5,9,5,11	0,0,0,0,0,0,1,0,0,0	230	75
1658	9,8,5,5,0,5,6,6,3,10	2,1,0,2,2,5,2,3,1,2	8,3,5,6,0,5,7,6,4,13	2,3,3,3,0,2,1,3,0,0	231	75
1659	10,4,14,12,8,15,9,11,8,12	3,2,1,6,2,5,3,3,0,2	6,12,10,10,7,13,6,11,5,11	2,2,0,1,3,4,3,3,3,3	230	75
1661	6,11,9,8,13,8,6,7,11,12	0,0,0,0,0,0,0,1,0,0	8,11,6,7,8,10,7,4,13,14	0,0,0,0,0,0,0,0,0,0	157	75
1662	4,7,6,7,7,9,6,6,5,5	4,10,8,7,13,8,6,7,11,10	9,5,7,10,8,5,9,3,10,7	8,7,6,7,8,9,7,4,13,13	280	75
1664	0,0,0,0,0,0,0,0,0,0	0,1,3,2,0,2,2,0,0,1	0,0,0,0,1,0,0,2,0,0	1,2,0,0,0,0,0,0,1,2	102	75
1666	26,38,28,35,22,31,27,21,17,21	1,0,1,1,0,0,1,3,1,2	34,23,20,16,32,30,19,21,23,25	0,0,3,2,1,3,0,0,0,1	195	75
1667	24,27,27,34,20,31,26,19,16,24	1,0,0,0,1,1,1,2,1,3	35,25,24,17,25,28,18,18,22,24	4,1,0,1,0,1,1,1,2,1	195	75
1668	21,27,25,35,17,27,25,18,15,21	0,0,0,0,0,0,0,0,0,0	31,21,21,17,25,26,14,18,20,20	0,0,0,0,1,0,0,1,0,0	195	75
1670	9,6,0,1,4,11,6,2,9,8	36,22,27,19,36,23,22,23,19,24	6,10,10,2,3,7,3,4,4,11	27,21,25,20,23,18,18,19,36,24	194	75
1671	1,1,1,2,1,0,2,0,2,4	28,28,43,43,24,30,37,23,40,44	2,2,0,0,1,0,0,6,0,2	45,47,43,26,49,31,20,38,39,32	93	75
1672	1,0,1,0,0,0,0,0,1,0	19,14,20,15,16,22,11,13,10,18	0,0,0,0,0,0,0,0,0,0	8,15,20,13,23,27,10,12,11,7	153	75
1673	7,19,11,15,12,10,20,9,14,4	140,149,136,129,117,103,126,100,115,131	11,20,11,14,10,9,11,8,16,16	115,141,142,101,130,125,110,111,108,125	257	75
1674	4,2,6,1,3,2,1,2,4,3	10,7,8,5,7,14,15,5,10,11	4,0,2,2,0,2,1,4,2,2	7,10,7,8,5,11,11,9,14,11	79	75
1675	19,24,20,17,10,20,27,12,34,27	10,10,8,9,8,2,10,7,7,8	22,27,26,16,25,15,25,27,30,17	5,5,6,7,10,11,7,8,9,2	93	75
1677	21,24,22,22,20,23,25,15,24,28	0,0,0,0,0,0,0,0,0,0	29,17,32,21,16,17,22,35,20,19	0,0,0,0,1,0,0,0,0,0	217	75
1680	6,5,1,5,4,10,3,3,3,2	0,0,0,0,0,1,0,0,0,0	4,8,5,3,5,4,4,7,6,4	0,1,0,0,0,0,0,0,0,0	217	75
1681	128,114,117,96,109,83,76,82,97,121	22,21,20,17,19,23,32,19,25,19	141,147,103,103,120,145,101,120,124,112	13,27,27,22,21,19,19,30,20,25	204	75
1682	60,68,73,45,60,46,45,49,52,69	22,21,20,17,19,23,32,19,25,19	86,79,57,54,70,68,65,67,74,66	13,27,27,22,21,19,19,30,20,25	206	75
1683	0,0,0,0,1,0,1,2,0,0	68,46,44,51,50,37,32,35,45,52	0,0,1,0,0,0,0,0,0,0	55,68,47,49,50,77,36,53,50,46	77	75
1684	34,37,26,28,26,34,20,23,17,30	10,8,19,6,6,7,4,9,8,5	30,39,18,21,31,25,26,35,25,22	5,2,9,5,8,4,14,8,13,7	117	75
1685	99,102,77,73,77,78,58,63,71,92	10,8,19,6,6,7,4,9,8,5	84,95,59,62,77,85,78,75,63,67	5,2,9,5,8,4,14,8,13,7	139	75
1686	65,67,52,45,53,44,38,40,54,62	0,2,1,0,2,0,0,0,0,0	54,57,41,41,46,60,52,40,38,46	0,1,0,0,0,0,0,0,0,1	97	75
1687	35,35,25,28,25,35,22,24,21,34	3,4,1,1,3,3,1,0,2,2	30,39,19,22,32,25,27,37,26,24	2,5,0,2,0,2,1,3,4,5	117	75
1688	39,41,29,29,24,36,23,28,22,39	3,4,1,1,3,3,1,0,2,2	31,42,19,23,36,29,31,39,29,21	2,5,0,2,0,2,1,3,4,5	139	75
1689	124,128,115,114,107,101,82,91,101,120	3,4,1,1,3,3,1,0,2,2	128,124,82,74,115,102,113,120,91,106	2,5,0,2,0,2,1,3,4,5	458	75
1690	5,6,4,1,0,2,3,5,5,9	1,0,0,0,1,1,2,1,4,4	1,4,1,2,5,4,5,4,4,0	0,1,1,1,1,0,1,2,1,3	97	75
1691	90,93,90,86,83,67,62,68,84,90	1,0,0,0,1,1,2,1,4,4	98,86,64,53,84,77,87,85,66,85	0,1,1,1,1,0,1,2,1,3	416	75
1692	85,87,86,85,83,65,59,65,79,82	0,0,0,0,0,0,0,2,0,1	97,82,63,51,81,73,83,81,62,85	0,0,0,0,2,0,1,0,0,0	394	75
1693	59,56,40,51,40,50,31,41,38,57	1,0,0,0,0,0,0,0,0,0	51,61,36,35,46,39,44,66,43,43	0,0,0,0,0,0,0,0,0,0	458	75
1695	0,0,0,0,0,0,0,0,0,0	1,0,0,1,0,0,0,0,0,0	0,0,0,0,0,0,1,0,0,0	0,0,0,0,1,0,0,0,0,0	78	75
1698	4,1,3,3,5,8,2,1,1,4	0,0,0,1,0,0,0,0,0,0	4,5,4,5,1,3,2,6,2,2	0,0,0,0,0,0,0,0,0,0	101	75
1699	15,8,12,10,14,17,8,8,12,10	304,293,266,272,305,339,266,221,246,344	9,16,8,17,9,11,13,11,11,6	256,305,337,310,259,279,243,327,301,258	101	75
1700	26,26,31,30,23,19,18,22,24,18	0,0,0,0,0,0,0,0,0,1	30,16,19,20,26,23,28,20,22,26	0,0,0,0,0,1,0,0,0,0	109	75
1701	21,17,20,17,11,13,11,17,15,10	7,6,6,6,7,5,3,6,16,6	16,20,14,19,12,11,15,16,23,13	5,13,9,14,5,9,7,5,5,7	129	75
1702	24,20,21,16,22,19,19,18,20,19	0,0,0,0,0,0,0,0,0,0	22,22,15,17,19,19,22,22,21,16	0,0,0,0,0,1,0,0,0,0	91	75
1703	8,12,11,5,8,3,2,1,5,5	0,2,1,0,0,0,0,1,0,0	8,9,13,7,6,6,10,7,4,4	0,0,1,0,1,1,0,0,0,0	130	75
1705	6,8,9,6,8,4,3,6,5,2	3,3,2,4,2,3,3,2,2,2	5,10,7,7,4,2,14,6,4,3	1,5,4,2,4,3,6,7,4,1	87	75
1706	0,0,0,0,0,0,0,0,0,0	218,202,221,179,173,176,191,162,143,201	0,0,1,1,0,0,0,0,0,0	172,260,194,181,197,227,192,156,152,166	90	75
1708	24,20,19,30,27,30,27,30,25,29	68,70,62,49,60,56,60,44,58,44	26,32,22,25,21,20,20,32,19,23	43,50,45,49,55,60,54,40,58,32	429	75
1709	3,6,0,3,2,3,0,2,2,5	66,83,99,63,83,64,59,55,70,46	3,0,0,6,3,3,2,4,1,2	67,89,63,53,50,75,64,55,38,59	102	75
1710	248,227,321,241,235,201,212,182,204,240	0,1,0,0,0,0,0,0,0,0	186,227,225,213,237,224,208,212,244,212	0,0,0,0,0,0,0,0,0,1	248	75
1712	21,10,6,8,9,10,10,10,5,12	0,0,1,0,0,0,0,0,1,0	12,8,13,8,10,17,13,8,16,11	1,0,0,0,0,1,1,0,0,0	120	75
1713	8,4,6,12,6,4,2,2,8,2	0,0,0,1,0,0,0,0,0,0	6,7,3,8,9,11,8,5,8,4	0,0,0,0,0,0,0,0,0,0	92	75
1714	14,18,16,19,12,18,13,22,21,9	0,0,0,1,1,1,1,1,0,3	19,20,11,9,14,25,12,20,14,15	1,0,0,1,2,0,0,0,0,0	161	75
1717	23,23,29,26,30,18,49,28,35,46	39,39,44,48,33,41,52,63,48,46	23,69,29,27,24,46,26,37,29,21	44,60,40,32,34,63,33,32,35,44	108	75
1718	263,264,228,229,208,280,274,206,221,332	0,0,0,0,1,0,0,0,0,1	197,235,229,248,219,228,253,260,288,275	0,0,0,1,0,0,0,0,0,0	283	75
1719	853,817,808,695,727,828,616,653,716,656	0,1,0,0,0,0,0,0,0,0	741,835,611,698,636,687,772,682,665,694	0,1,0,0,0,0,0,0,0,0	420	75
1720	2,1,3,2,1,3,3,0,1,2	275,258,266,230,211,234,206,182,223,256	1,3,2,0,0,2,1,2,1,2	216,205,248,208,253,240,238,212,247,203	163	75
1722	10,15,6,10,5,8,8,5,5,9	13,14,10,8,10,6,8,11,10,15	11,9,3,8,6,5,9,8,6,9	8,14,12,8,11,6,8,6,9,11	154	75
1723	91,131,91,76,107,104,94,100,97,95	1,0,0,0,0,0,0,0,0,0	99,117,89,89,108,103,95,82,101,93	0,0,0,0,0,0,0,0,0,0	652	75
1724	3,1,0,0,2,0,2,1,0,1	34,41,33,30,29,28,30,29,50,32	0,0,4,1,1,3,2,0,0,0	30,29,27,29,38,31,43,46,32,39	173	75
1725	29,34,44,37,21,37,31,16,32,22	2,2,2,2,5,4,3,2,0,6	32,42,27,29,32,35,33,45,36,24	3,1,3,3,4,2,2,5,6,3	94	75
1726	5,3,9,4,4,3,10,10,8,18	6,5,8,3,6,2,6,3,5,5	7,8,4,8,6,4,12,8,4,4	5,4,1,9,3,9,4,7,5,2	221	75
1728	1,3,0,0,0,2,0,0,0,0	32,30,22,27,31,30,22,28,24,23	0,1,0,0,0,0,0,0,1,0	14,30,17,28,22,22,27,31,22,21	97	75
1729	100,59,62,72,75,82,54,65,61,82	44,44,27,30,43,34,34,45,22,49	67,64,83,65,91,80,70,76,85,69	42,35,32,44,29,39,39,39,32,39	81	75
1730	1,1,0,0,0,0,1,0,0,1	32,41,32,24,32,35,28,15,28,22	0,0,0,0,0,1,1,0,0,0	30,28,27,34,32,22,30,21,28,29	98	75
1731	420,423,442,373,339,336,347,307,373,405	0,0,0,0,1,0,0,0,1,0	391,397,332,317,410,468,434,379,361,323	0,0,0,0,0,0,2,1,0,0	669	75
1732	9,5,11,10,8,11,8,4,11,4	36,30,35,31,30,43,43,33,29,36	9,8,6,7,7,8,12,7,6,12	32,25,34,21,34,27,34,16,34,21	117	75
1733	11,8,4,15,8,4,3,10,6,9	0,0,0,0,0,0,0,0,0,0	3,8,7,6,3,10,5,5,6,6	0,1,0,0,0,0,0,0,0,0	192	75
1734	58,39,45,39,45,55,32,26,37,30	0,0,0,0,0,0,0,0,0,0	48,43,40,35,50,46,40,45,35,30	0,0,0,0,0,0,0,2,0,0	80	75
1736	0,0,0,0,0,0,0,0,1,2	60,74,49,50,46,47,33,31,43,49	0,0,0,2,0,0,0,0,0,0	48,55,41,54,44,63,52,49,40,43	80	75
1738	2,3,4,1,7,0,3,0,4,3	0,5,1,4,0,4,2,4,2,4	1,2,3,1,3,2,1,0,1,1	1,2,2,1,1,1,6,1,0,5	230	75
1739	0,3,0,0,0,0,0,0,1,0	8,5,5,9,3,8,4,6,5,10	0,0,2,0,0,2,0,0,0,0	9,9,2,6,6,5,5,4,1,1	166	75
1740	0,0,0,0,0,0,0,0,0,0	16,8,6,6,10,7,11,5,11,8	1,0,0,0,0,0,0,0,0,3	10,7,7,8,7,11,4,7,7,6	81	75
1741	0,0,0,0,0,0,2,1,1,0	0,1,0,0,2,2,0,0,0,0	3,1,1,1,0,1,0,1,0,2	0,0,2,0,1,0,0,0,0,0	175	75
1742	137,101,109,119,120,86,115,92,102,121	6,5,4,7,6,8,6,6,2,9	106,97,118,123,118,119,117,119,96,112	6,6,5,4,6,5,8,0,7,6	101	75
1743	0,0,0,0,0,0,0,0,0,0	0,0,0,0,0,1,0,0,0,0	0,0,1,0,0,0,0,0,0,0	1,0,0,0,0,1,0,0,0,0	84	75
1744	13,14,12,14,7,6,18,9,11,11	7,13,8,13,12,17,13,11,10,13	17,13,18,8,22,16,12,5,9,4	15,10,7,7,11,8,16,9,5,8	399	75
1745	18,16,18,16,18,13,13,12,12,12	16,12,22,15,17,14,16,14,20,26	10,10,13,15,14,20,20,10,22,9	19,8,17,15,23,28,21,13,11,25	126	75
1746	3,8,6,7,1,5,1,5,2,1	13,31,26,14,15,15,19,17,18,19	7,2,2,6,3,4,4,7,0,4	14,20,24,17,19,20,18,8,16,13	87	75
1747	7,18,13,14,8,9,10,8,9,9	0,0,0,0,0,0,0,0,0,0	9,11,13,10,6,15,12,10,9,8	1,0,0,0,0,0,0,0,0,0	105	75
1748	29,23,24,19,25,15,23,22,14,23	2,1,1,1,2,0,0,1,4,3	16,12,13,21,18,20,24,23,18,24	1,4,2,4,2,1,2,3,2,1	239	75
1749	413,352,398,328,306,299,296,285,301,394	44,38,39,24,16,32,29,32,36,37	335,370,295,334,304,333,393,310,316,327	30,40,23,38,27,31,39,20,26,25	144	75
1750	44,43,55,48,45,37,43,54,42,54	0,0,0,1,0,1,0,1,0,0	63,43,47,57,41,51,48,48,47,49	0,1,0,2,0,0,0,0,0,0	139	75
1754	0,1,1,0,1,0,0,0,0,0	1,0,1,0,0,2,3,0,1,0	0,0,0,0,0,0,0,0,0,0	0,0,2,0,1,1,1,0,4,0	326	75
1755	3,5,0,3,5,1,2,0,2,3	0,0,1,0,1,0,0,0,0,0	6,3,1,9,3,0,5,2,6,2	0,0,1,0,1,1,0,1,0,0	239	75
1758	3,2,4,3,5,3,1,6,2,5	26,47,28,43,21,27,31,42,33,41	5,3,4,3,3,8,2,4,3,4	23,25,26,29,34,31,41,33,41,19	78	75
1759	0,0,0,0,0,1,0,0,1,0	11,9,10,8,13,10,14,10,7,8	0,0,0,0,0,0,0,0,0,0	3,14,12,9,9,6,6,7,3,4	119	75
1762	2,0,0,1,2,0,0,1,0,1	1,0,0,0,0,0,1,1,1,0	1,0,4,1,1,2,1,2,0,1	0,1,0,2,0,1,2,0,0,0	79	75
1763	0,0,0,0,1,0,0,1,0,0	0,0,0,0,0,0,0,1,0,0	0,0,1,0,0,0,0,0,0,0	0,0,1,0,0,0,0,0,0,0	79	75
1764	1,0,0,0,0,1,0,0,0,0	0,0,0,0,0,0,0,0,0,0	1,0,0,0,0,0,0,0,0,0	0,1,1,0,1,0,0,0,0,0	175	75
1765	41,46,55,42,34,32,28,40,40,45	0,0,0,0,0,0,0,0,1,0	40,39,33,45,37,41,36,27,36,35	0,0,0,0,0,0,0,0,0,0	1109	75
1766	1,0,2,1,1,0,3,2,0,2	57,54,53,52,58,38,40,36,38,50	2,0,1,2,2,1,1,0,0,0	43,58,53,37,59,73,59,51,43,42	589	75
1771	0,0,0,0,0,0,0,0,0,0	0,0,0,0,0,0,0,1,0,0	0,0,0,1,0,0,0,0,0,0	0,0,0,1,0,2,0,0,0,0	78	75
1776	123,128,135,134,101,130,134,130,131,127	0,0,0,2,2,4,1,2,3,8	100,106,99,104,109,126,135,128,103,100	2,1,3,2,1,4,2,1,0,1	278	75
1777	137,138,152,145,109,141,147,139,140,139	9,7,19,5,7,16,10,7,9,19	111,120,107,105,121,133,145,135,110,108	9,11,10,7,10,10,10,10,9,6	278	75
1778	117,120,126,127,96,123,128,125,123,126	0,1,0,0,0,0,0,0,0,0	93,102,93,96,103,121,130,123,95,99	0,0,0,0,0,0,0,0,0,0	278	75
1779	18,17,14,12,12,10,13,5,12,8	1,1,1,0,0,1,1,0,1,0	11,16,17,11,3,11,14,11,14,13	0,2,0,0,1,0,0,0,0,0	92	75
1780	1,3,3,2,3,5,0,6,5,6	32,30,32,40,32,35,28,19,32,40	0,1,5,3,3,3,1,1,3,1	39,38,40,38,35,32,36,36,34,24	90	75
1781	886,794,826,797,785,894,615,618,719,669	0,0,1,2,1,0,0,0,0,1	818,863,701,749,669,774,782,736,687,740	2,0,0,1,1,0,0,0,0,0	157	75
1782	31,27,26,27,21,26,31,27,33,30	20,25,14,18,18,14,18,15,16,14	30,30,26,24,35,39,27,24,25,28	19,14,14,13,15,14,19,9,21,13	81	75
1785	1,1,2,1,1,0,1,2,3,0	0,0,0,1,1,0,0,0,0,0	0,3,0,1,0,2,0,2,1,4	0,0,0,0,0,0,0,0,0,0	152	75
1787	48,38,50,43,55,52,48,43,41,46	0,2,0,0,0,0,0,1,0,1	47,44,55,44,47,51,50,36,59,51	0,3,0,0,3,0,3,0,0,0	151	75
1788	16,15,15,11,7,11,9,14,16,16	2,2,0,0,0,0,0,0,1,0	13,10,12,16,12,5,13,24,9,9	1,0,0,0,2,0,0,0,0,0	99	75
1789	538,495,485,454,394,446,426,314,377,451	0,0,0,0,0,0,0,0,0,0	449,463,492,458,465,499,407,436,370,408	0,0,0,0,0,0,0,0,1,0	307	75
1792	2,1,3,0,0,1,0,1,0,2	8,1,7,2,3,5,3,4,2,7	1,2,1,1,1,1,0,0,1,0	2,11,3,4,5,6,3,1,1,1	305	75
1794	4,9,19,11,4,16,2,7,5,6	4,1,3,4,5,6,3,4,1,1	5,10,2,7,12,12,9,6,5,11	1,1,4,0,1,2,1,3,2,4	87	75
1796	53,76,46,53,39,48,39,44,56,44	1,0,0,0,0,0,0,0,0,0	68,54,58,56,52,61,74,43,45,38	0,0,1,0,0,0,0,0,0,0	263	75
1797	5,5,2,6,1,1,3,1,2,1	56,54,50,52,39,56,40,39,51,52	1,4,3,3,1,5,1,4,2,3	60,53,64,63,67,55,48,43,39,47	186	75
1798	0,0,0,0,0,2,1,0,0,0	5,3,10,1,6,5,3,2,6,2	1,0,0,1,0,0,0,0,0,0	8,5,1,4,4,5,6,6,4,1	90	75
1801	46,49,50,50,40,32,39,42,44,52	3,1,1,1,1,2,0,2,0,2	51,38,24,27,44,28,33,35,26,28	2,0,0,1,0,1,1,2,3,0	98	75
1802	11,16,15,15,15,6,12,13,20,15	3,1,1,1,1,2,0,2,0,2	14,8,6,9,10,7,7,11,11,13	2,0,0,1,0,1,1,2,3,0	102	75
1803	0,0,0,0,0,0,0,0,0,0	35,33,35,35,25,26,27,29,24,37	0,0,0,0,0,0,0,0,1,2	37,30,18,18,34,21,26,24,16,17	79	75
1804	7,10,12,12,11,4,11,8,12,12	5,12,6,8,14,5,8,8,13,8	6,7,4,7,9,9,9,6,8,5	16,8,6,10,7,6,5,7,5,13	171	75
1811	96,101,76,65,78,101,77,74,86,100	1,2,1,3,3,3,2,1,1,2	83,106,72,66,70,72,91,72,68,85	2,0,0,1,0,0,0,0,2,2	104	75
1813	0,0,0,0,0,0,0,0,0,0	0,0,1,0,1,0,3,0,0,1	0,0,0,0,1,1,0,0,0,0	1,1,0,2,0,0,0,0,0,3	82	75
1814	2,0,0,0,0,1,0,0,0,0	3,2,4,2,2,3,1,1,1,1	0,0,0,0,0,0,0,0,0,0	0,1,0,0,1,0,5,0,2,0	85	75
1815	0,0,0,0,0,1,0,0,0,1	0,0,0,0,0,0,0,0,0,0	0,0,0,0,0,0,0,0,0,0	0,1,0,0,0,0,0,0,0,0	85	75
1816	1,2,5,1,3,2,2,1,2,0	0,0,0,0,0,0,1,1,0,1	1,2,1,2,1,2,2,2,3,2	0,1,0,0,1,0,1,1,0,1	86	75
1817	3,6,12,6,6,6,3,11,6,5	2,0,3,0,0,0,0,0,0,4	6,2,6,2,2,2,9,6,4,2	0,2,0,0,0,3,0,1,0,0	87	75
1818	3,1,0,8,1,2,1,5,4,1	43,45,42,34,32,39,35,35,31,33	5,0,1,4,3,9,2,3,6,2	31,30,27,28,28,34,38,26,45,35	150	75
1820	56,34,52,44,53,41,55,46,40,47	1,0,0,0,0,0,0,0,0,1	54,44,32,34,36,44,49,51,29,38	0,0,0,0,0,0,0,0,0,0	189	75
1821	64,66,64,62,71,58,46,53,47,61	1,0,1,0,0,0,0,2,0,0	62,70,41,52,55,51,42,56,39,41	2,0,4,2,1,0,1,1,0,2	550	75
1822	9,12,15,15,18,7,12,18,11,19	1,0,0,1,0,0,1,0,0,0	10,17,15,11,15,18,8,13,11,11	0,0,0,1,0,1,0,0,0,0	693	75
1823	12,16,16,15,19,11,15,18,13,22	0,3,0,2,0,1,0,0,3,1	11,21,16,14,19,21,10,15,10,13	0,3,0,0,0,0,2,1,0,1	693	75
1824	65,68,52,49,52,61,46,67,52,61	2,3,5,0,1,0,2,1,2,0	47,50,47,50,59,57,64,55,39,46	0,0,0,0,0,0,2,1,3,0	142	75
1826	652,622,660,635,596,518,404,415,548,610	0,0,0,0,0,0,0,0,0,1	675,750,862,609,583,609,496,520,623,554	0,0,0,0,0,0,0,0,0,0	579	75
1828	1,0,1,5,1,6,1,1,2,2	0,0,1,2,4,1,2,1,2,0	1,3,5,3,1,2,4,3,3,8	0,3,1,0,2,1,3,0,2,0	94	75
1829	5,5,6,7,4,10,2,6,5,5	8,10,14,12,16,8,8,9,12,12	4,9,12,9,7,10,9,6,6,18	17,8,11,11,9,8,10,13,11,15	94	75
1830	172,169,202,151,159,178,146,145,158,158	0,0,1,0,0,0,0,0,0,0	180,179,152,193,148,157,164,167,161,163	0,0,0,0,0,0,0,0,0,0	100	75
1831	40,32,25,35,42,45,28,26,29,50	1,2,1,5,0,1,4,0,2,0	30,32,51,30,29,27,39,30,30,27	5,1,1,0,1,1,2,0,4,1	123	75
1832	19,17,11,4,8,8,7,10,10,12	1,1,2,0,0,0,2,0,0,0	10,10,13,12,8,11,12,6,11,10	1,0,0,0,0,1,0,3,1,0	181	75
1833	13,14,11,11,9,7,17,9,17,16	11,9,8,2,12,2,5,9,11,7	12,23,17,22,11,16,9,11,17,16	5,9,6,7,6,7,4,2,4,5	1089	75
1838	607,669,578,538,516,441,753,664,649,517	1,5,3,3,0,6,4,1,1,3	506,646,412,646,482,476,410,532,639,569	2,1,5,0,2,5,2,6,6,3	1375	75
1839	0,0,1,0,0,0,1,2,0,0	148,133,144,149,116,116,121,133,146,138	2,0,1,0,0,0,1,1,0,0	124,139,138,147,120,128,126,139,138,137	80	75
1842	2750,2695,3166,2570,2691,2808,2224,1979,2252,2754	0,0,0,0,0,0,0,0,0,0	2999,2629,2899,2583,2811,2831,2484,2444,2739,2490	0,0,0,0,0,1,0,0,0,0	887	75
1843	417,419,498,345,392,399,339,319,306,383	0,0,0,0,0,0,0,1,0,0	416,423,428,361,392,391,365,326,369,341	0,0,0,0,0,0,0,0,0,0	887	75
1845	1533,1534,1434,1185,1330,1510,1262,1111,1201,1332	0,0,0,0,0,0,0,0,0,0	1212,1445,1219,1286,1322,1416,1409,1286,1224,1346	1,0,0,0,0,0,0,0,0,0	293	75
1846	86,78,66,82,86,74,76,62,72,54	4,4,0,1,2,5,0,0,4,2	77,94,70,74,67,68,81,89,64,83	2,8,3,3,2,4,3,3,2,4	233	75
1847	1,4,5,2,3,3,2,4,6,5	2,1,0,0,2,1,1,0,0,1	0,2,5,3,4,7,0,3,3,0	1,1,2,0,3,1,0,0,0,1	444	75
1848	235,194,240,168,240,202,159,165,145,230	0,0,0,0,0,0,0,0,0,1	216,236,197,186,221,232,195,201,192,168	0,0,0,0,0,0,0,0,0,0	84	75
1849	7,7,2,7,9,10,7,9,8,9	8,8,12,5,13,10,13,12,8,4	10,11,5,8,2,1,3,5,14,10	6,15,8,6,5,9,7,10,5,6	384	75
1850	137,128,121,84,112,104,109,90,106,98	0,2,0,0,0,0,0,0,0,0	103,142,100,106,133,120,108,104,100,91	0,0,0,0,1,0,0,0,0,0	615	75
1851	122,94,105,121,101,111,105,96,101,84	0,0,0,0,0,0,0,0,0,0	103,141,106,97,105,101,130,101,108,103	0,0,0,0,0,0,1,0,0,0	295	75
1852	4,4,1,5,0,0,2,0,2,0	14,31,12,9,14,20,19,9,15,12	1,1,2,0,2,2,1,1,1,4	15,13,16,14,9,22,16,23,15,26	92	75
1857	0,0,0,0,0,0,0,1,0,0	10,7,13,8,3,13,8,7,7,11	1,0,1,0,0,0,0,1,0,1	7,8,3,11,10,13,8,12,5,7	153	75
1858	6,3,2,3,0,4,3,4,3,3	133,159,125,115,85,127,106,79,115,91	1,2,2,3,2,2,3,1,2,3	129,134,94,99,118,119,118,121,97,106	197	75
1859	0,0,2,0,0,1,0,0,0,1	7,1,3,4,1,0,2,2,4,0	0,0,1,0,1,0,0,0,1,0	1,6,3,2,1,5,2,3,3,0	108	75
1861	289,297,257,283,253,309,258,195,221,243	14,14,6,6,4,9,11,6,10,13	273,281,264,254,307,224,265,206,267,247	5,15,8,7,6,5,11,7,8,10	1637	75
1862	25,18,30,17,24,23,23,18,23,16	0,0,0,0,0,0,0,0,0,0	21,19,17,15,18,25,14,26,24,9	0,1,0,0,0,0,0,0,0,0	110	75
1863	4,6,7,5,3,4,3,4,5,6	41,36,30,31,42,38,30,18,31,33	1,4,2,5,2,3,5,1,4,0	31,29,22,20,37,40,36,23,15,18	1214	75
1864	0,0,0,0,1,1,0,0,0,0	0,2,0,0,0,2,3,0,1,0	0,0,0,0,0,0,0,1,0,0	1,2,0,1,0,1,1,0,0,4	93	75
1867	131,123,143,114,109,105,112,117,100,105	2,3,5,4,1,2,4,2,1,2	137,111,112,120,119,121,117,119,112,117	0,1,2,1,3,0,1,6,2,2	144	75
1868	315,302,332,290,279,325,278,252,271,317	1,0,2,2,1,1,4,5,3,4	285,306,262,294,316,274,330,278,297,315	1,2,4,2,5,0,1,3,2,6	105	75
1869	12,10,17,13,9,15,7,11,12,16	7,4,2,1,1,1,2,1,7,5	14,13,13,11,10,15,16,15,13,21	5,5,1,2,5,5,2,4,0,0	108	75
1871	0,0,0,0,0,0,0,0,0,0	12,14,9,8,11,5,4,6,8,7	0,2,0,1,1,0,0,0,0,0	9,14,8,8,10,3,7,3,7,8	133	75
1872	1,0,3,0,1,0,0,0,2,1	5,9,15,10,11,6,14,12,10,12	4,0,2,3,0,0,1,0,2,2	7,13,8,16,9,12,9,6,6,15	146	75
1876	149,158,162,134,159,127,123,151,138,142	0,1,1,1,0,0,0,1,0,2	159,133,111,118,163,161,171,132,144,103	0,0,0,1,0,0,0,0,1,0	561	75
1877	6,2,1,2,1,2,0,4,2,7	0,0,0,0,2,1,0,0,1,0	6,3,2,1,2,2,5,3,0,0	1,1,0,0,1,0,0,1,0,0	100	75
1878	0,0,0,0,0,1,0,0,2,1	0,0,0,0,0,0,0,1,3,0	0,1,2,0,0,2,1,0,0,0	0,0,0,0,0,0,3,1,0,1	82	75
1879	0,0,0,0,2,1,0,0,2,0	4,0,4,2,0,3,0,2,0,5	0,1,2,0,1,3,1,0,0,0	0,2,1,2,0,5,2,1,1,1	82	75
1881	3,2,4,2,5,1,2,3,7,1	14,18,8,20,18,12,16,7,8,13	3,1,2,1,3,1,2,0,2,1	18,11,4,12,12,14,13,7,8,9	80	75
1882	23,23,15,14,11,9,22,20,30,22	83,90,84,85,65,85,55,60,70,65	14,23,11,9,18,26,16,11,12,17	65,60,74,60,78,66,68,54,74,75	146	75
1883	128,141,121,98,87,103,122,100,108,106	5,0,1,2,0,2,2,1,3,4	117,128,114,110,130,133,88,98,101,88	0,2,4,2,5,4,4,1,0,4	257	75
1884	188,208,190,169,141,179,155,140,148,149	5,0,1,2,0,2,2,1,3,4	168,165,177,161,190,173,140,141,163,146	0,2,4,2,5,4,4,1,0,4	186	75
1885	0,1,2,3,0,0,0,0,1,0	20,27,28,21,28,25,28,23,34,26	1,2,0,1,0,0,1,2,0,3	29,33,31,32,18,24,33,27,40,26	81	75
1886	40,39,30,35,27,31,44,25,31,27	43,38,44,35,35,43,31,41,48,47	21,32,24,40,19,27,20,21,41,24	42,56,36,68,37,47,34,36,57,49	208	75
1888	271,224,258,195,208,240,187,163,194,232	7,3,4,4,3,6,1,1,2,4	206,237,187,193,184,212,201,156,190,185	3,3,4,5,0,7,3,2,3,5	142	75
1889	0,2,1,0,0,0,0,1,0,1	0,0,0,0,0,0,0,0,0,0	0,0,0,1,1,0,2,1,0,2	0,0,0,0,0,0,0,0,1,0	102	75
1890	8,11,12,11,8,12,14,7,8,10	88,82,82,81,67,77,81,49,70,80	11,12,8,9,8,15,7,6,4,7	70,91,66,69,77,63,82,70,68,62	168	75
1891	8,9,11,11,8,11,12,6,9,10	1,1,0,3,0,0,0,0,2,2	11,11,6,6,9,14,6,6,6,7	2,0,0,0,0,0,0,0,2,0	168	75
1892	3,5,1,0,2,2,2,1,1,1	35,32,44,23,33,35,34,32,27,29	2,2,1,2,4,2,4,1,6,3	30,49,39,35,31,45,42,42,34,34	108	75
1893	0,1,2,0,0,0,0,0,0,0	25,35,37,30,26,30,28,32,26,22	0,0,1,0,0,1,0,0,0,0	28,35,33,38,25,32,35,48,38,25	84	75
1894	25,21,26,20,25,20,16,29,15,18	0,0,0,0,0,0,0,0,0,0	17,27,30,18,18,20,26,20,27,28	1,0,2,0,1,0,1,1,0,0	433	75
1895	13,11,6,8,13,10,11,12,7,11	11,12,10,13,8,5,4,7,10,16	12,14,15,12,15,16,11,10,6,17	6,7,5,14,6,11,14,6,12,12	87	75
1896	0,0,1,2,0,0,0,1,0,1	20,11,17,13,14,7,6,11,7,7	0,0,0,0,2,0,1,1,0,1	12,15,14,10,9,14,14,16,12,9	98	75
1898	221,223,224,200,230,243,162,184,211,195	2,7,5,1,3,7,1,5,4,5	227,273,236,214,201,189,192,242,220,199	6,9,5,10,9,2,8,8,3,4	887	75
1899	34,29,35,38,34,39,23,23,55,27	4,3,5,2,0,4,0,1,2,0	37,32,27,20,38,35,35,43,25,27	7,3,2,2,2,4,5,1,4,1	183	75
1902	189,181,178,158,174,145,138,135,149,188	0,0,0,0,0,0,0,0,0,0	174,198,176,159,187,178,166,155,173,141	0,1,0,0,0,0,0,0,0,0	680	75
1903	0,1,0,0,0,0,0,0,0,0	2,0,0,0,0,0,0,0,2,0	1,0,0,0,0,0,0,0,0,0	0,0,0,0,0,0,0,2,0,0	90	75
1905	14,12,29,18,27,13,16,7,19,11	0,1,0,3,1,0,0,0,1,0	24,21,22,20,17,11,16,27,17,17	2,1,0,0,0,0,0,1,0,1	180	75
1906	81,98,71,83,77,94,64,69,81,83	0,1,1,1,3,0,1,1,0,0	87,89,63,71,86,73,70,65,89,76	0,1,0,0,2,0,0,0,0,1	170	75
1907	440,440,484,423,403,405,420,397,435,434	0,0,0,0,0,0,1,0,0,0	380,450,415,374,464,430,479,402,371,383	0,0,0,0,0,0,0,0,0,0	501	75
1908	3,3,1,5,2,1,0,5,6,4	78,56,81,63,84,73,87,66,59,87	3,8,2,3,1,5,1,2,5,2	74,65,71,68,64,78,63,61,68,77	117	75
1910	322,332,301,307,242,304,268,263,280,287	0,0,1,0,0,0,0,0,1,1	286,320,230,321,260,275,264,305,307,286	1,0,1,1,1,2,2,0,0,0	983	75
1911	0,3,2,3,1,1,2,2,2,2	133,103,145,100,108,130,97,96,114,127	2,3,4,4,5,3,0,3,2,6	123,125,109,119,110,123,135,117,122,110	85	75
1912	0,0,0,0,0,0,0,0,0,0	1,1,1,2,2,0,0,2,1,0	0,0,0,0,0,1,0,0,0,0	0,0,0,1,0,1,0,1,0,0	98	75
1917	3,2,0,1,2,2,1,1,2,4	0,2,2,4,0,1,1,0,1,0	2,2,1,5,4,4,0,0,4,2	1,1,1,3,0,1,6,0,2,2	78	75
1920	11,5,8,3,5,6,4,6,6,9	44,50,55,41,40,40,43,34,45,45	3,4,2,6,0,10,5,5,11,5	51,36,35,36,32,33,40,38,27,35	100	75
1921	80,77,67,67,80,61,60,54,70,61	0,0,0,0,0,0,0,1,1,0	73,82,51,80,64,59,56,66,78,64	1,0,1,0,0,0,0,0,0,3	119	75
1922	1,0,0,0,2,0,1,0,0,0	18,19,21,16,18,22,21,12,22,18	0,0,0,0,1,1,0,0,0,0	18,51,8,25,11,31,13,12,8,23	109	75
1923	169,150,163,152,141,166,125,139,131,142	0,1,0,0,0,0,0,0,0,0	170,138,144,116,134,157,131,148,130,134	0,0,2,0,0,1,0,0,0,0	189	75
1925	1,0,1,1,0,1,2,1,5,1	41,40,44,37,33,27,30,28,32,34	3,1,1,2,2,0,1,1,2,0	36,29,34,24,29,28,37,30,32,32	88	75
1926	64,49,61,64,55,64,35,44,39,63	0,1,1,0,0,0,0,0,0,0	46,51,49,44,58,62,54,43,45,43	0,0,0,0,0,0,0,0,0,0	293	75
1927	0,0,0,0,0,0,0,0,0,0	14,13,5,15,13,8,6,9,11,14	0,0,0,0,0,0,0,0,1,0	7,7,3,6,8,9,14,10,12,4	116	75
1929	1,0,2,4,2,0,2,3,0,2	0,0,0,0,0,0,0,0,0,0	3,3,2,1,0,0,1,2,3,4	1,0,0,0,0,0,0,0,0,0	123	75
1931	303,301,286,256,264,252,199,243,233,242	1,0,0,0,0,0,0,0,0,0	244,275,246,223,248,264,284,237,247,240	0,0,0,0,0,0,0,0,0,0	1335	75
1935	1,1,1,0,0,0,0,2,1,1	0,0,0,0,0,0,0,0,0,0	1,1,0,3,2,2,3,2,0,1	0,0,0,1,0,0,0,0,0,2	84	75
1936	6,5,5,4,4,5,3,6,4,6	0,1,3,1,2,0,3,1,2,3	3,5,7,5,2,6,5,5,3,4	2,3,1,2,1,3,1,2,0,0	90	75
1937	9,5,4,1,6,1,2,7,5,3	0,0,0,0,0,0,0,0,0,0	7,9,2,4,9,3,4,7,3,5	0,1,0,0,0,0,0,0,0,0	293	75
1938	67,70,78,50,71,64,59,50,51,65	41,35,37,34,43,30,31,33,47,43	77,59,51,66,53,48,57,47,75,48	41,40,35,40,39,39,35,29,42,34	123	75
1939	19,21,30,15,21,12,13,17,17,14	1,0,3,2,1,0,0,1,1,2	21,12,21,25,13,13,13,14,18,13	0,0,0,2,1,0,0,0,2,0	123	75
1941	16,8,14,15,8,10,14,14,7,18	0,0,0,0,0,0,0,0,0,0	9,15,12,9,13,9,14,20,10,10	0,0,0,0,0,0,0,0,0,1	125	75
1942	5,5,3,2,2,1,0,4,9,4	0,0,0,0,0,0,0,1,0,0	2,6,5,5,6,8,3,12,5,1	1,1,0,1,0,2,1,0,0,1	83	75
1944	0,0,0,0,0,0,1,0,0,0	5,0,0,0,0,0,1,1,0,1	0,0,0,0,0,0,0,0,0,0	0,0,0,0,0,3,0,0,0,0	240	75
1945	37,18,18,33,33,25,23,25,27,19	0,0,1,0,0,0,0,0,0,0	23,29,24,30,35,27,29,22,29,29	0,0,0,1,0,0,0,0,0,2	599	75
1946	10,8,12,13,4,14,16,14,10,15	36,38,52,36,38,32,41,45,48,42	10,13,7,3,10,14,10,12,7,18	48,37,33,40,28,38,37,35,40,44	121	75
1947	446,454,456,450,385,437,376,363,400,429	0,0,0,0,0,0,0,0,0,0	388,419,428,387,415,426,437,415,355,384	0,0,0,0,0,0,0,0,0,2	230	75
1948	1,0,2,1,0,2,4,2,3,2	4,0,1,2,1,0,2,0,0,1	3,1,2,2,0,5,3,2,3,0	1,2,0,0,3,0,3,1,2,2	156	75
1949	336,305,346,268,248,288,264,238,285,279	9,5,6,7,4,4,3,4,7,3	278,278,273,265,292,320,290,237,238,249	8,4,5,6,7,6,6,5,5,2	218	75
1950	430,411,437,367,347,376,363,309,387,360	11,6,13,8,15,10,8,11,9,10	358,397,351,345,350,411,366,320,324,326	10,11,11,9,16,11,10,9,10,11	329	75
1951	103,111,97,106,103,92,102,75,109,84	11,6,13,8,15,10,8,11,9,10	88,123,83,86,65,97,82,88,91,79	10,11,11,9,16,11,10,9,10,11	186	75
1953	3,3,0,1,6,2,5,0,1,0	255,211,302,239,189,239,239,213,208,236	2,2,6,1,2,1,3,5,3,1	228,215,228,213,254,282,300,211,225,214	122	75
1956	761,746,875,721,719,799,685,619,714,748	1,5,3,0,0,3,5,1,5,2	724,721,679,665,794,727,722,713,668,669	5,3,4,1,2,3,1,1,3,2	225	75
1960	571,564,591,509,462,567,463,430,530,479	0,0,0,0,0,0,0,0,0,0	468,567,499,528,523,558,591,534,527,529	0,1,0,0,0,0,0,0,0,0	572	75
1962	0,0,0,0,0,0,1,0,0,0	0,0,0,1,0,0,2,0,0,0	0,0,0,0,0,0,0,0,0,0	1,3,1,1,1,1,0,0,0,0	133	75
1964	125,127,138,109,109,123,123,93,101,133	0,0,0,0,0,0,0,0,0,0	94,117,107,109,107,108,120,97,112,110	0,0,0,0,1,0,0,0,0,0	118	75
1966	20,21,14,15,11,27,10,12,8,13	0,0,0,0,0,0,0,0,0,0	16,20,15,14,16,23,11,14,20,23	0,0,0,0,0,0,2,0,0,0	205	75
1968	113,97,86,76,80,76,62,84,71,104	0,0,0,1,0,1,0,0,0,0	97,85,90,76,98,89,106,89,98,91	1,0,0,0,0,0,0,1,0,0	117	75
1969	0,1,0,1,0,2,1,1,0,0	20,22,19,23,9,18,18,19,16,16	0,0,0,1,1,0,0,1,0,0	15,31,27,25,19,25,21,30,18,15	80	75
1970	77,84,104,81,40,76,82,48,71,90	0,1,1,0,2,2,1,1,3,0	96,68,48,70,74,90,98,61,72,95	1,0,0,3,1,0,0,0,0,0	108	75
1971	140,155,171,141,169,150,136,107,130,165	0,1,0,0,0,0,0,0,0,0	134,173,154,156,124,141,120,122,136,140	0,0,0,0,1,0,0,0,0,0	120	75
1972	0,0,0,0,0,1,0,0,0,0	0,0,2,0,0,4,0,0,1,3	0,0,0,0,0,0,0,0,0,0	1,0,0,4,0,2,0,1,0,0	113	75
1973	142,150,157,148,148,119,135,124,160,130	0,0,0,0,0,0,0,1,0,0	162,174,154,141,157,141,160,115,142,106	0,0,0,0,0,0,0,0,0,0	647	75
1974	8,13,10,14,7,13,4,4,4,1	98,114,99,92,96,92,109,81,81,83	8,9,13,8,10,6,4,5,7,5	85,124,96,86,85,102,105,102,72,93	213	75
1975	0,0,0,0,2,0,0,1,0,0	5,2,2,2,4,0,0,2,0,0	0,1,1,0,0,1,0,0,0,0	0,4,0,2,1,2,2,0,0,0	90	75
1976	72,92,72,76,61,81,65,62,79,66	0,0,0,0,0,0,1,0,0,0	54,90,92,70,61,84,76,55,60,70	0,0,0,0,0,0,0,0,0,0	404	75
1977	49,58,44,45,36,55,56,45,48,59	192,218,215,202,200,225,188,179,204,185	58,64,57,34,63,47,55,43,54,53	220,223,194,213,202,231,234,246,172,172	87	75
1978	15,5,8,2,19,4,1,12,5,8	7,0,4,0,3,0,1,3,3,3	4,11,6,10,3,15,5,6,5,1	1,5,2,5,4,4,3,1,0,1	105	75
1979	19,9,11,2,25,5,2,15,7,9	2,3,1,0,1,1,1,3,2,3	6,16,7,10,4,17,8,7,5,1	0,2,0,2,0,3,4,0,0,0	122	75
1980	11,4,7,0,9,1,2,6,5,4	2,3,1,0,1,1,1,3,2,3	3,10,3,5,5,6,6,2,0,1	0,2,0,2,0,3,4,0,0,0	92	75
1983	3,0,0,3,0,2,0,1,1,3	48,53,44,38,52,35,34,29,37,32	0,3,0,1,2,1,1,1,4,0	31,47,33,49,45,40,36,38,52,54	91	75
1985	2,0,0,0,2,0,0,1,0,1	71,71,84,56,61,53,64,48,62,72	0,3,0,1,0,0,1,0,0,0	63,61,59,64,62,87,62,77,64,43	80	75
1986	24,18,26,15,21,22,19,23,19,27	26,29,30,25,20,24,28,21,16,31	12,17,22,22,25,27,14,34,29,25	33,30,32,16,33,35,24,25,38,38	105	75
1987	0,2,0,1,0,0,0,0,0,0	0,0,1,0,0,0,2,0,3,1	0,0,0,0,1,0,0,0,1,0	1,1,0,1,1,0,2,1,1,1	79	75
1988	1,4,2,0,2,1,2,1,0,3	48,34,42,26,28,45,35,20,39,46	0,1,0,2,2,2,1,0,2,1	37,51,36,25,35,37,29,37,36,35	79	75
1990	2,1,0,0,1,0,1,0,0,1	0,0,0,0,0,0,0,0,0,0	1,0,1,0,0,1,1,1,1,0	0,0,0,0,0,0,0,0,0,1	93	75
1991	0,0,0,0,0,0,2,0,0,0	0,2,0,0,0,0,0,0,0,0	0,0,1,0,2,1,0,0,0,0	0,0,0,0,0,0,0,0,0,0	93	75
1992	0,0,2,0,0,0,1,1,2,0	0,0,0,0,0,0,0,1,0,0	0,0,1,1,0,1,0,0,1,0	0,0,2,0,0,0,0,0,0,0	93	75
1994	1,1,1,1,0,0,1,0,1,0	19,13,22,20,16,12,11,21,21,22	1,1,1,1,0,0,0,0,1,0	16,15,16,11,18,17,23,14,16,15	117	75
1998	0,1,0,2,1,2,0,0,0,1	7,5,5,3,9,13,5,5,2,4	0,1,0,0,1,0,1,1,0,0	7,8,8,8,8,10,12,4,4,8	117	75
1999	18,11,32,21,15,23,22,10,18,20	5,9,9,4,1,4,1,3,3,1	27,20,13,7,9,23,20,15,15,20	4,1,3,1,3,3,7,2,7,2	693	75
2000	10,10,3,2,3,1,7,16,9,2	19,9,21,12,7,10,21,25,17,15	5,6,2,10,16,8,10,9,2,0	21,23,9,13,16,19,24,19,9,8	84	75
2001	2,2,5,0,1,1,2,0,0,5	13,9,12,13,7,7,8,2,7,7	1,1,1,2,0,3,2,1,3,2	7,8,8,9,10,13,5,11,3,4	80	75
2002	9,13,12,15,7,8,11,6,8,4	1,0,0,0,0,0,0,0,0,0	11,8,12,7,7,8,12,5,7,10	0,1,0,0,0,1,0,0,1,0	220	75
2003	13,15,14,19,9,15,13,5,13,9	0,0,0,0,0,0,1,0,1,0	13,11,13,8,12,12,15,7,8,10	0,0,1,0,0,0,0,0,0,0	220	75
2004	0,0,1,0,0,0,1,0,0,0	3,2,3,2,2,5,5,1,5,0	0,0,0,0,0,0,0,0,0,0	1,5,1,5,2,5,5,1,3,3	91	75
2005	2,0,0,3,0,1,0,1,1,0	0,0,0,0,0,0,0,0,0,0	1,0,0,0,1,0,0,0,0,0	0,0,0,0,0,0,2,2,0,0	198	75
2006	16,20,22,32,20,23,30,19,11,22	0,0,0,2,1,0,2,0,0,2	23,20,25,14,22,23,23,12,25,17	3,1,0,1,0,0,2,1,3,0	495	75
2007	160,159,166,153,133,159,142,128,131,144	0,0,1,0,0,0,0,0,0,0	100,128,131,148,133,142,139,123,131,121	0,0,0,0,0,0,0,0,0,0	527	75
2009	0,3,4,3,4,2,2,6,1,3	52,48,48,36,36,37,49,27,32,42	2,2,2,3,3,1,0,3,5,1	52,39,35,44,39,46,34,33,27,31	122	75
2013	86,94,80,65,70,69,70,73,81,64	0,1,5,1,1,0,2,0,0,1	80,75,73,57,70,61,62,88,81,46	2,0,0,0,0,1,0,1,1,0	380	75
2014	41,49,59,70,35,52,59,39,47,50	0,0,0,0,2,0,0,0,0,1	58,64,49,46,64,45,65,47,53,52	0,0,1,1,0,2,0,1,0,3	86	75
2015	6,7,6,6,10,2,9,4,5,4	23,11,16,11,12,21,15,10,11,15	7,8,5,6,13,8,12,3,3,9	11,17,14,12,9,17,8,12,12,12	79	75
2016	71,50,59,52,51,45,58,42,58,60	0,1,2,0,0,0,0,1,0,0	59,69,52,50,40,49,31,46,45,41	0,2,0,0,0,3,0,0,0,1	293	75
2018	122,101,107,125,106,134,139,95,104,152	1,7,7,7,5,8,3,4,4,6	92,124,98,115,90,98,124,137,141,110	4,8,5,8,4,5,3,0,5,2	156	75
2019	13,7,13,9,19,11,6,5,9,12	1,3,2,7,7,1,6,1,3,3	8,15,11,23,10,27,17,21,17,20	5,4,3,1,2,7,5,5,8,8	78	75
2020	1,2,3,1,5,2,1,0,1,0	0,0,1,3,2,0,0,0,2,0	3,1,2,3,2,1,2,2,0,1	1,2,0,0,0,1,0,0,1,0	80	75
2022	0,0,0,1,2,0,0,0,0,0	1,2,2,4,1,5,4,0,1,2	1,0,3,0,2,0,2,1,0,2	1,11,1,1,5,1,2,1,3,2	79	75
2025	41,47,46,39,30,32,38,42,43,38	0,0,1,0,0,0,0,0,0,0	43,35,39,35,26,28,36,42,32,31	1,0,0,0,0,1,0,0,0,0	116	75
2026	15,15,17,15,19,20,26,10,18,15	0,0,1,3,1,1,1,1,1,1	12,15,14,19,15,15,25,12,23,18	1,0,4,2,0,1,1,3,1,2	357	75
2027	5,5,3,2,4,1,2,2,1,0	30,34,29,18,18,27,29,24,28,29	1,3,3,3,4,3,3,1,4,1	23,29,22,28,26,28,20,23,18,21	834	75
2028	0,1,1,0,0,1,1,0,2,1	24,25,11,25,23,10,24,26,22,18	2,0,0,0,0,0,0,1,2,0	29,30,15,28,8,13,19,27,27,15	100	75
2029	7,11,12,15,5,13,13,7,3,6	0,0,0,0,0,0,0,0,0,0	12,7,7,8,15,11,7,9,7,8	0,0,1,0,0,0,0,0,0,0	1026	75
2031	7,11,13,15,19,10,12,7,15,16	3,0,5,1,1,2,2,3,0,1	16,14,7,5,8,10,8,15,19,12	0,0,4,2,4,1,4,2,2,3	122	75
2032	7,9,6,3,3,3,3,4,7,2	0,0,0,0,0,0,1,0,0,0	6,0,5,3,4,4,5,9,1,6	2,1,0,1,0,0,0,0,0,0	191	75
2033	3,3,2,1,2,2,5,2,5,3	0,0,0,0,0,0,0,0,0,0	3,0,2,0,4,1,6,5,2,5	0,0,0,0,0,0,0,0,1,1	191	75
2035	2,0,0,3,2,4,2,1,2,2	10,6,3,6,5,4,2,1,7,3	0,4,4,1,3,2,0,1,0,1	7,4,3,3,2,3,3,3,8,6	90	75
2036	1,0,2,0,0,0,0,0,0,0	30,26,22,27,28,16,12,18,22,21	1,2,0,0,0,4,1,1,1,0	28,36,19,18,16,21,23,24,11,13	82	75
2037	230,225,215,167,188,225,205,181,204,203	0,0,0,0,0,0,0,0,0,0	184,228,193,181,193,226,209,206,184,196	0,0,0,0,1,0,0,0,0,0	1816	75
2038	24,18,14,19,17,27,25,18,16,18	1,7,2,5,3,2,1,0,3,8	18,24,16,13,16,22,16,17,15,18	2,1,0,4,2,7,4,1,2,2	298	75
2040	6,5,7,3,2,7,6,9,4,3	1,1,2,2,0,2,2,0,3,0	8,11,4,6,6,4,9,12,8,12	1,3,0,1,3,3,0,0,0,2	159	75
2041	1,2,2,2,0,4,3,0,0,1	1,4,1,0,1,1,4,0,0,0	3,1,0,3,2,2,0,0,1,1	0,0,0,0,1,1,0,0,0,0	96	75
2042	4,6,5,7,5,9,11,4,5,3	16,17,30,14,12,28,24,12,16,18	7,6,5,8,7,6,4,2,5,5	15,20,11,16,22,18,20,11,14,19	96	75
2045	0,4,0,0,0,0,0,0,0,0	1,7,3,3,4,1,1,1,1,5	1,0,1,1,0,0,1,0,0,1	2,4,0,4,2,5,2,6,2,4	79	75
2046	7,4,8,1,3,4,2,2,3,4	1,7,3,3,4,1,1,1,1,5	2,8,2,6,1,3,6,4,3,0	2,4,0,4,2,5,2,6,2,4	289	75
2047	7,3,8,1,3,4,2,2,3,4	0,3,0,0,0,0,0,0,0,0	2,8,1,5,1,3,6,4,3,0	1,0,0,0,0,0,1,0,0,1	285	75
2048	12,8,12,15,11,13,8,10,17,5	50,48,56,48,47,46,32,42,34,42	12,17,18,14,4,10,15,6,4,12	42,50,44,39,37,25,48,31,21,46	79	75
2050	81,64,69,62,66,66,69,43,58,56	3,5,5,6,3,1,3,4,3,1	70,84,50,80,55,55,76,48,66,64	1,3,1,2,2,6,2,6,5,1	77	75
2051	10,6,13,8,9,3,7,11,18,9	4,6,2,4,0,4,0,4,0,2	14,9,3,10,11,9,6,9,8,6	0,0,3,1,4,1,2,2,0,0	586	75
2052	1,1,1,0,0,0,0,0,0,1	39,47,56,39,39,50,41,32,47,60	0,0,0,0,0,0,0,0,0,0	46,42,52,47,55,47,28,40,35,54	79	75
2053	40,28,30,25,28,32,17,30,33,26	4,3,3,5,6,6,3,5,5,2	32,34,31,39,26,23,19,27,30,36	0,4,6,5,1,7,8,2,8,8	465	75
2054	81,66,80,70,69,68,70,60,59,47	1,0,0,0,0,0,0,0,0,0	62,63,68,68,53,68,61,68,53,71	0,0,0,0,0,0,0,0,0,0	372	75
2055	13,13,17,11,9,14,14,9,3,11	0,0,0,1,0,0,0,0,0,0	18,9,15,11,9,8,16,22,10,11	0,1,0,0,1,0,0,1,0,1	107	75
2056	27,16,21,14,16,9,11,17,24,17	0,0,0,0,0,0,0,0,0,0	16,12,16,8,15,16,18,13,19,11	0,0,0,0,1,0,0,0,0,0	456	75
2057	166,147,166,115,112,113,136,120,130,139	0,3,1,0,2,1,0,1,4,1	157,135,123,147,153,145,141,123,115,124	0,1,1,0,0,4,0,0,1,0	258	75
2058	30,28,27,31,19,11,17,25,23,12	0,2,1,3,1,0,1,0,0,0	10,27,28,18,15,28,21,25,19,28	0,0,0,0,0,0,0,0,0,0	193	75
2059	61,70,63,61,58,45,68,49,70,59	0,0,0,0,0,0,0,0,0,0	51,59,46,50,68,51,69,42,55,32	0,0,1,0,0,0,0,0,0,0	198	75
2060	33,34,25,32,40,40,26,20,27,48	1,0,0,0,0,0,0,0,0,0	24,22,30,29,20,16,27,21,30,24	0,0,0,0,0,0,0,0,0,0	238	75
2061	90,80,92,66,70,76,83,52,71,77	0,0,0,0,0,0,0,0,0,0	83,84,67,71,61,80,79,64,85,69	0,1,0,0,0,0,0,1,0,0	132	75
2062	0,0,1,0,0,0,0,0,0,0	3,0,1,1,0,2,1,0,2,0	0,0,1,0,0,0,0,0,0,0	1,2,1,2,4,1,1,2,0,1	197	75
2063	60,62,44,73,55,53,62,50,48,49	38,28,45,38,28,26,25,29,32,22	69,50,50,59,63,82,75,81,61,52	17,30,42,37,28,29,31,36,35,34	561	75
2064	22,18,17,16,20,15,23,9,9,18	0,0,0,0,0,0,0,0,0,1	11,20,16,10,10,21,14,12,12,18	0,1,0,0,0,0,0,0,0,0	170	75
2065	19,11,8,10,13,12,17,9,7,14	0,0,1,0,0,0,0,0,0,0	10,18,11,4,7,17,12,7,9,12	0,0,0,0,0,0,0,0,0,0	153	75
2066	38,33,30,30,29,23,31,18,17,30	0,0,1,0,0,0,0,0,0,0	24,45,30,16,19,30,24,17,22,22	0,0,0,0,0,0,0,0,0,0	170	75
2067	19,22,22,20,18,11,14,9,10,17	0,0,0,0,2,0,0,0,0,1	14,27,19,12,12,13,12,10,13,10	0,0,0,0,0,0,0,0,0,0	92	75
2068	0,0,2,0,4,0,1,1,1,0	0,0,0,0,0,2,0,2,1,0	1,0,0,1,0,1,1,0,0,2	3,1,0,0,0,1,1,0,0,2	87	75
2069	2,4,1,1,0,1,2,2,1,1	0,0,0,0,0,0,0,1,0,0	1,2,0,0,2,4,1,0,0,0	0,0,0,0,0,0,0,0,0,0	140	75
2074	1,1,2,0,0,0,0,0,0,0	21,14,14,12,13,8,9,13,14,16	0,1,0,0,1,1,0,1,1,0	8,16,17,14,19,14,17,7,7,17	80	75
2075	23,31,30,13,20,14,14,14,14,25	0,0,0,0,0,0,0,0,0,0	29,20,19,15,18,22,16,22,16,18	0,1,0,0,0,0,0,0,0,0	89	75
2076	4,2,11,0,3,5,3,1,1,3	26,20,45,20,26,22,17,26,22,24	4,2,2,2,5,1,0,5,0,2	22,27,21,32,34,46,35,29,24,27	183	75
2077	25,19,15,20,14,16,19,26,22,13	0,0,0,0,2,1,0,0,1,0	10,21,12,14,9,23,14,11,10,13	0,0,0,0,0,0,0,0,2,0	243	75
2078	7,5,3,2,1,3,5,1,4,4	0,0,0,0,0,0,0,0,0,0	1,4,0,2,4,7,7,4,0,2	0,0,0,0,0,0,0,0,2,1	110	75
2079	67,44,59,58,54,45,51,53,56,55	0,0,0,0,0,1,0,1,1,0	44,68,46,43,52,60,50,34,47,30	1,0,1,0,1,0,3,1,0,0	259	75
2081	0,0,0,0,2,0,2,0,0,0	21,16,15,13,14,17,17,15,12,23	0,0,0,0,0,0,0,0,1,0	24,15,17,20,7,18,22,14,17,13	112	75
2082	0,0,0,0,2,1,0,0,0,1	0,0,0,1,0,0,0,0,0,0	0,0,2,0,2,0,0,1,1,1	0,0,0,0,1,0,0,0,0,0	145	75
2083	293,318,289,290,293,292,306,258,304,306	0,0,0,0,0,0,1,0,0,1	257,384,269,269,294,386,299,298,252,283	0,0,0,0,0,0,0,0,0,0	238	75
2085	8,5,4,8,9,2,6,3,7,9	1,5,4,1,1,0,2,3,0,1	13,14,6,12,13,10,2,9,5,3	1,2,5,2,0,3,2,0,1,0	100	75
2088	54,61,65,58,47,53,38,49,39,47	6,4,2,5,1,2,7,3,1,4	52,54,59,49,49,47,63,51,37,46	0,0,2,3,3,2,4,3,5,5	290	75
2091	364,305,380,315,313,304,284,269,317,329	241,231,229,202,239,241,197,159,177,224	303,344,267,311,310,335,369,304,302,351	224,229,212,198,268,217,227,242,205,192	96	75
2092	347,292,364,296,296,288,268,259,303,318	20,23,25,19,21,25,26,22,20,15	293,323,253,299,299,314,361,297,289,336	22,20,17,20,22,18,14,22,18,19	93	75
2093	37,36,41,38,38,41,42,32,34,26	241,231,229,202,239,241,197,159,177,224	32,41,31,32,33,39,22,29,31,34	224,229,212,198,268,217,227,242,205,192	78	75
2094	239,231,267,232,216,236,178,205,198,204	1,0,1,1,1,4,0,0,0,0	252,277,194,216,202,256,240,243,224,203	3,2,1,0,5,0,0,0,1,2	78	75
2095	0,0,1,0,0,1,1,0,0,0	1,1,2,2,3,2,4,1,3,2	0,0,0,0,0,0,0,0,0,0	3,3,2,6,2,5,7,1,2,4	538	75
2096	3,0,1,4,1,0,3,2,1,0	15,14,18,17,14,17,21,10,10,17	1,0,2,0,2,2,2,0,1,0	22,19,19,16,17,19,4,16,12,18	117	75
2097	19,23,26,16,17,26,13,15,24,10	0,0,0,0,0,0,0,0,0,0	19,12,13,13,30,27,17,11,11,27	0,0,0,0,0,0,1,0,0,0	220	75
2099	0,0,2,1,0,1,0,0,0,0	68,75,68,79,65,70,53,46,54,68	1,1,0,1,0,0,1,0,1,0	58,67,65,53,71,70,84,45,68,54	269	75
2102	19,14,15,13,14,16,11,10,12,12	3,7,0,6,1,1,5,3,4,1	13,13,13,16,14,21,6,10,18,10	4,2,2,2,1,5,3,3,4,3	112	75
2103	8,6,6,5,4,4,4,4,4,6	3,7,0,6,1,1,5,3,4,1	4,5,5,7,4,7,3,2,7,5	4,2,2,2,1,5,3,3,4,3	150	75
2106	1122,983,1151,1001,930,1001,914,924,1046,956	1,2,2,1,1,1,0,0,1,2	1023,956,1022,977,1114,1123,1083,1087,1031,1006	0,2,0,1,0,0,2,1,0,1	1154	75
2108	64,83,78,62,61,70,75,56,62,56	1,0,0,0,0,0,0,0,0,0	71,62,65,68,69,72,75,60,60,75	0,0,0,0,0,0,0,0,0,0	359	75
2110	9,11,5,5,3,6,1,1,3,5	0,0,1,1,0,0,0,0,0,0	4,6,4,5,3,3,3,3,5,5	0,0,0,0,1,1,0,1,0,0	143	75
2112	7,6,8,10,7,2,4,7,6,6	14,15,31,31,22,29,21,16,17,26	14,12,12,7,11,8,10,11,14,7	13,18,17,12,16,13,18,29,13,29	163	75
2113	2,5,0,2,1,0,1,0,1,3	8,6,14,11,9,7,6,6,7,12	0,1,0,3,1,0,2,1,2,0	13,17,7,6,14,10,10,11,5,8	93	75
2114	2,2,1,6,0,1,2,0,1,4	1,4,5,3,4,1,4,3,9,8	2,2,0,2,1,0,0,2,3,6	3,2,6,1,1,2,4,5,3,3	88	75
2115	0,3,0,1,0,1,2,0,4,3	0,0,1,0,0,1,0,0,0,0	0,1,0,0,1,0,5,0,0,0	0,0,0,0,0,0,0,0,1,0	80	75
2116	1,0,0,1,0,0,0,0,0,0	1,1,0,0,1,0,0,0,2,0	0,1,0,0,0,0,0,0,0,0	1,0,0,1,0,0,1,0,0,0	79	75
2117	11,11,10,4,8,6,11,16,18,8	0,0,0,0,0,0,0,0,0,0	10,13,10,12,21,17,14,8,17,11	0,0,0,0,0,0,0,0,0,1	244	75
2119	1,0,0,0,0,1,0,0,0,1	1,0,4,0,0,0,2,0,0,2	0,0,0,1,0,0,0,0,0,0	1,3,2,2,2,1,0,2,1,1	97	75
2120	12,12,15,6,12,8,8,10,8,6	1,1,0,0,3,0,1,0,1,3	5,15,15,8,8,16,14,4,14,8	0,0,1,1,0,1,0,0,0,0	144	75
2121	3,1,1,6,2,0,1,3,2,1	0,1,0,0,0,0,1,0,3,0	3,2,1,2,0,1,1,1,1,1	0,1,0,0,0,0,1,1,0,2	128	75
2122	0,1,1,0,0,0,0,0,0,0	0,0,0,0,0,0,0,0,0,0	0,0,0,0,0,0,0,1,0,0	0,1,0,0,0,0,0,1,0,0	259	75
2123	0,0,0,0,0,0,0,0,0,0	0,0,0,0,0,0,0,0,1,0	3,0,3,0,0,1,0,0,0,0	0,0,0,0,0,0,0,0,0,0	189	75
2124	1,0,0,1,0,0,0,0,0,0	3,3,4,5,3,2,2,6,2,6	1,0,0,0,0,0,0,0,0,0	2,4,5,3,1,4,5,2,3,5	76	75
2125	11,18,15,19,20,21,17,15,23,20	28,32,39,30,23,25,33,12,31,15	17,17,11,19,22,20,19,20,10,13	24,32,32,27,20,35,24,32,35,17	194	75
2126	2,0,0,0,1,1,0,0,0,0	31,29,46,24,32,18,31,16,31,24	1,2,1,1,1,3,3,1,1,2	24,45,26,30,37,32,43,27,16,25	375	75
2127	18,11,2,6,16,10,7,10,8,7	41,37,49,42,35,34,37,24,28,42	6,5,5,7,10,7,7,9,8,8	45,46,38,31,36,33,45,32,43,37	84	75
2128	179,198,172,182,152,157,151,163,177,179	0,0,0,0,0,1,0,0,0,0	178,186,166,174,185,177,189,143,141,174	0,0,0,1,1,1,0,0,0,0	493	75
2129	78,75,81,79,58,76,70,67,56,69	1,0,0,0,0,0,0,1,2,2	64,85,57,63,55,63,65,53,59,78	1,0,1,0,0,0,0,1,1,0	165	75
2130	72,68,67,66,58,55,69,87,74,60	0,0,1,0,0,0,0,0,0,0	76,84,68,70,66,69,66,81,84,72	0,0,0,0,0,0,0,0,0,0	736	75
2131	32,29,24,20,27,24,20,27,34,24	8,3,5,5,5,1,1,6,8,8	35,33,24,26,39,28,35,32,27,24	5,4,4,2,3,2,4,5,5,3	84	75
2133	0,1,0,0,0,0,0,0,0,0	3,11,3,7,5,2,8,7,3,15	0,0,0,0,0,0,0,2,0,0	10,8,10,4,7,6,13,14,3,10	96	75
2134	2,1,0,1,3,2,1,3,4,2	11,20,22,11,13,15,13,10,15,11	4,3,4,2,3,1,1,1,8,5	21,21,11,4,10,15,12,21,10,19	84	75
2135	1,0,0,0,2,1,0,0,0,0	5,6,2,3,2,6,2,1,4,6	1,0,2,0,1,0,1,1,2,0	3,9,3,2,3,9,4,3,8,2	84	75
2136	3,1,1,6,0,0,0,3,0,0	32,37,26,31,25,34,34,33,25,27	0,0,0,1,3,2,0,1,1,3	24,36,24,27,34,22,35,19,38,33	82	75
2137	8,7,4,7,9,7,5,9,9,9	46,47,68,51,50,46,42,29,51,60	12,13,7,7,5,5,7,7,9,9	57,57,54,60,44,64,55,34,30,50	96	75
2139	372,367,384,326,363,305,294,330,354,323	1,11,7,4,3,3,4,2,4,6	371,383,321,384,297,343,408,382,387,292	8,13,6,5,2,2,5,5,6,1	612	75
2140	1,2,0,1,0,0,0,1,4,1	30,22,38,33,29,24,27,32,29,26	1,0,1,0,3,1,0,2,3,0	47,34,28,36,32,36,35,28,30,37	106	75
2141	1,1,0,0,0,1,0,0,0,0	75,57,48,50,58,56,71,51,45,59	0,1,1,1,1,2,0,0,0,2	60,71,42,63,49,49,49,54,34,52	84	75
2142	451,447,433,404,390,427,352,313,391,451	8,2,7,4,1,3,2,2,3,0	442,440,429,453,434,394,438,427,399,391	2,1,1,1,2,5,1,5,1,3	424	75
2144	0,0,0,2,0,0,0,1,0,0	151,129,155,99,133,124,113,103,100,125	1,0,0,1,1,0,1,2,0,0	127,166,127,116,137,135,133,131,143,107	162	75
2145	11,17,2,5,5,12,12,8,9,9	11,10,10,22,11,11,11,8,16,6	6,15,8,7,7,6,13,12,13,1	8,7,9,2,14,7,11,9,12,7	1101	75
2147	78,66,83,57,58,80,49,43,50,58	4,9,6,10,7,4,3,11,4,8	72,91,79,82,73,47,63,64,57,63	7,7,3,1,8,10,8,1,6,5	114	75
2148	0,0,0,0,0,0,1,0,1,0	0,0,0,0,0,0,0,0,0,0	1,0,0,0,0,0,0,0,0,0	0,0,0,0,0,0,0,0,1,0	95	75
2149	65,67,83,64,61,67,67,88,71,76	22,21,12,24,22,16,10,10,12,18	64,94,65,93,59,91,82,94,83,94	16,24,18,12,11,18,17,12,13,13	84	75
2150	76,77,103,93,74,78,83,107,91,94	6,1,9,4,3,5,6,10,8,5	80,104,76,112,72,114,92,129,105,110	6,3,7,1,7,4,11,3,1,2	108	75
2151	33,31,32,53,35,27,26,29,32,36	6,1,9,4,3,5,6,10,8,5	32,34,29,31,24,41,27,47,35,29	6,3,7,1,7,4,11,3,1,2	99	75
2152	37,57,47,40,36,44,39,30,23,25	0,0,0,0,0,0,0,0,0,0	39,29,34,37,34,40,35,51,45,35	0,0,0,0,0,0,0,0,0,1	208	75
2155	85,86,80,80,83,58,61,58,73,96	7,10,4,8,5,4,2,2,3,4	67,69,62,78,83,60,60,83,83,61	3,9,7,4,3,7,3,9,5,5	128	75
2156	88,83,85,75,62,93,69,65,81,81	0,0,0,0,0,0,0,1,1,0	79,56,74,69,79,86,72,82,54,71	0,0,0,0,0,0,0,0,0,0	322	75
2157	73,45,83,65,61,57,58,45,73,65	0,1,0,0,0,0,0,0,0,0	63,53,66,50,69,61,85,68,42,56	0,0,0,0,0,1,0,0,0,0	213	75
2159	68,67,78,69,69,46,59,50,38,84	151,176,215,154,152,119,134,87,139,223	66,62,49,33,56,57,49,50,38,53	175,141,131,92,180,153,123,78,109,85	79	75
2160	82,67,81,71,64,78,63,65,69,81	0,0,0,1,0,2,0,0,0,0	48,66,70,51,53,65,73,80,62,43	0,0,0,0,0,0,2,0,0,0	110	75
2164	1,0,0,0,0,0,1,1,0,0	1,1,0,1,0,2,3,1,1,1	0,0,0,0,0,1,0,0,0,1	0,4,0,1,0,0,1,0,2,1	84	75
2165	5,5,7,10,9,11,1,6,5,9	20,19,11,9,10,20,11,13,11,14	8,6,2,6,4,9,8,4,3,7	14,14,15,20,8,16,18,13,14,11	145	75
2166	0,0,0,0,0,0,0,0,0,0	0,0,2,2,2,1,0,0,0,0	0,1,0,0,0,0,0,0,0,0	1,0,0,0,1,0,0,0,0,0	293	75
2167	9,1,8,9,8,6,3,5,4,12	48,50,50,42,40,50,29,41,41,41	7,4,3,6,4,4,9,10,5,8	55,45,45,43,38,36,41,39,37,41	101	75
2169	1,0,0,0,0,0,0,0,0,0	0,0,1,0,0,1,0,0,0,1	0,0,0,0,0,1,0,0,0,0	0,0,1,3,0,0,2,2,0,1	79	75
2171	1,0,0,0,0,3,0,1,0,1	14,29,11,15,11,9,15,11,12,16	3,0,0,0,1,0,0,0,0,0	9,21,6,12,17,13,20,10,14,9	133	75
2172	1,0,0,0,0,3,1,1,0,1	14,29,11,15,11,9,15,11,12,16	4,0,0,0,1,0,0,0,0,0	9,21,6,12,17,13,20,10,14,9	152	75
2174	252,237,254,238,231,237,181,172,209,201	9,5,1,5,3,9,1,5,2,3	201,250,227,224,205,233,238,220,225,211	4,4,4,4,4,10,7,4,10,8	219	75
2176	88,83,95,71,75,74,54,55,73,78	0,1,0,0,0,0,0,0,0,0	82,82,77,69,64,70,95,75,70,55	0,0,1,0,0,0,1,0,0,0	456	75
2178	48,59,51,42,48,40,39,46,46,47	1,3,2,2,2,2,1,0,0,0	47,60,31,39,44,50,51,40,35,41	0,3,1,0,1,1,2,1,0,2	147	75
2179	16,14,13,13,11,12,12,14,9,8	0,1,0,0,1,0,0,0,0,0	14,13,13,14,10,11,12,5,12,10	0,0,1,0,2,0,0,1,4,0	117	75
2180	70,38,46,47,53,47,41,35,37,35	7,10,5,4,2,5,6,3,3,4	39,38,48,49,47,73,54,40,57,40	9,6,7,5,5,7,6,6,12,8	123	75
2181	0,0,2,6,1,1,4,1,2,0	34,24,38,24,26,21,24,11,17,22	2,0,4,1,0,2,2,0,1,0	30,25,18,19,25,18,40,19,20,25	158	75
2182	197,228,179,167,193,160,132,134,177,186	0,0,0,0,0,0,0,0,0,0	170,198,148,167,190,214,172,198,147,188	0,0,0,0,0,0,2,0,0,0	1716	75
2183	5,7,6,8,12,9,4,2,7,10	0,0,0,0,0,1,1,0,0,0	6,9,1,8,6,1,3,3,1,9	0,0,0,0,0,0,0,1,0,0	214	75
2184	93,102,79,100,87,88,93,68,77,65	1,0,1,0,0,0,0,0,1,0	108,84,85,98,81,61,61,62,103,62	0,0,1,1,0,0,0,0,0,0	2392	75
2185	93,102,79,100,87,88,94,68,77,65	0,0,0,0,2,0,0,0,0,0	107,84,85,97,81,61,61,61,103,62	0,0,0,0,1,0,0,0,0,1	2392	75
2186	93,102,79,100,88,88,93,68,77,65	0,1,0,1,0,0,2,2,1,0	107,84,85,97,81,61,61,61,103,62	0,0,1,1,0,1,0,0,1,0	2392	75
2187	95,102,79,100,87,88,93,68,77,65	2,5,4,3,4,3,4,5,5,1	107,84,85,97,81,61,61,61,103,62	7,2,2,4,3,8,5,3,0,0	2392	75
2188	95,111,130,88,84,89,90,81,103,88	1,0,0,0,1,0,0,1,1,0	89,97,74,92,87,97,88,102,101,92	0,0,0,0,0,0,0,1,0,0	118	75
2189	27,23,30,26,16,23,14,10,20,26	18,19,39,17,18,28,10,8,21,31	20,18,13,27,16,29,25,21,19,15	18,13,11,18,20,17,26,14,13,23	177	75
2192	23,33,47,29,40,28,30,25,27,24	0,2,0,0,0,1,0,0,1,0	19,33,25,26,29,38,37,31,23,22	0,0,0,0,0,0,0,0,0,0	142	75
2193	1,0,0,1,2,2,2,1,1,0	0,2,2,0,1,0,0,2,0,1	0,2,0,1,0,1,0,1,0,1	0,1,0,0,0,0,1,1,1,0	86	75
2195	0,0,0,0,0,1,0,1,0,0	25,17,14,8,14,14,15,15,19,21	2,0,0,0,0,0,0,0,0,0	17,10,13,5,10,14,18,9,6,16	82	75
2197	3,5,2,1,2,4,3,2,5,3	8,10,8,4,5,7,5,7,5,6	5,3,3,6,0,3,3,2,1,3	5,8,4,6,2,3,4,2,1,7	104	75
2198	44,35,36,38,31,32,37,39,20,48	2,0,1,1,1,1,0,1,2,0	29,45,45,25,24,32,33,39,22,40	0,2,3,4,2,2,2,2,2,1	138	75
2200	1,4,2,3,10,8,6,5,7,1	4,3,5,0,7,2,5,4,2,3	1,3,3,3,3,5,6,4,1,3	6,1,3,2,3,3,7,3,3,2	235	75
2201	1,4,2,3,10,8,6,4,7,1	8,8,3,6,8,6,2,5,3,3	1,3,3,3,3,5,5,4,1,3	3,4,0,2,8,2,6,5,2,0	235	75
2203	0,0,0,1,2,1,0,0,1,0	26,22,27,21,12,16,16,20,24,18	0,0,0,0,0,0,0,3,0,0	28,19,14,15,18,22,13,17,16,15	79	75
2204	66,25,56,36,48,35,20,53,40,45	1,0,0,0,0,0,0,0,0,0	39,57,49,45,25,35,17,20,21,24	0,0,0,0,0,0,0,0,0,0	549	75
2205	0,5,6,6,2,2,5,2,3,5	11,10,8,4,8,8,9,8,7,9	3,5,2,2,2,7,9,3,5,2	8,11,6,6,25,12,18,8,6,7	79	75
2207	99,76,129,91,98,75,69,60,73,79	0,0,0,0,0,0,0,0,0,3	86,87,67,69,93,80,86,76,94,55	2,1,0,0,0,0,0,0,0,0	244	75
2209	120,94,120,85,87,85,69,93,88,110	0,0,0,0,1,0,0,0,0,4	74,117,73,90,82,87,83,86,75,72	0,0,0,0,0,0,0,0,0,0	474	75
2210	26,18,20,30,31,20,19,34,26,16	37,47,46,50,40,51,30,32,41,39	29,24,20,22,20,27,25,23,39,29	40,35,35,37,54,37,39,52,44,24	238	75
2211	27,24,31,24,24,33,18,20,25,24	0,3,0,0,0,0,0,0,1,0	25,25,25,26,21,35,25,27,34,33	0,0,0,0,0,0,0,1,0,2	90	75
2213	4,2,2,1,1,5,2,1,0,0	465,455,490,381,397,380,372,339,431,412	2,3,5,1,4,7,2,2,5,6	405,440,418,410,432,472,453,381,400,354	79	75
2215	0,4,0,6,0,0,2,2,3,2	0,0,0,0,0,0,0,0,0,0	3,0,0,0,2,0,3,2,1,8	0,0,0,0,0,0,1,0,0,0	334	75
2217	3,3,2,1,1,0,4,3,1,1	2,2,4,6,6,3,2,5,2,4	3,1,1,0,1,1,4,3,0,0	3,8,7,5,1,6,3,5,4,9	124	75
2219	1,0,3,1,0,0,0,2,0,0	0,2,0,0,1,0,0,0,0,0	0,0,0,0,0,2,0,0,1,0	0,0,0,0,0,0,0,0,0,1	180	75
2220	8,12,14,11,9,7,9,10,9,6	0,1,0,1,0,0,0,0,0,0	11,9,10,4,19,11,6,10,11,6	0,0,0,0,0,0,0,0,0,0	117	75
2221	244,240,245,212,250,210,191,200,225,223	0,0,1,0,0,0,0,0,0,0	218,282,204,230,213,263,279,224,216,212	0,0,0,0,0,0,0,0,0,0	142	75
2222	22,15,10,17,12,12,14,20,21,15	0,3,5,3,3,2,0,0,3,1	10,19,10,18,15,14,13,20,18,17	2,3,0,2,1,3,1,5,2,3	263	75
2223	10,12,9,7,8,2,5,10,3,15	5,2,3,7,3,5,5,1,5,9	6,8,10,7,12,9,10,11,5,9	6,2,7,9,3,6,6,5,8,6	149	75
2224	11,13,5,11,11,7,9,5,9,8	0,0,0,0,0,1,0,0,0,0	11,9,10,8,14,6,6,5,12,8	0,0,0,0,0,0,0,0,0,0	303	75
2227	1,1,1,1,2,0,0,0,0,0	0,1,0,0,0,1,6,2,2,0	0,0,1,0,1,0,0,1,0,0	0,4,1,2,2,3,0,0,1,1	122	75
2229	66,78,102,63,53,79,74,51,69,84	2,1,2,2,0,0,0,2,2,3	72,74,71,60,82,82,60,93,66,65	1,0,2,3,2,1,0,2,2,1	79	75
2230	0,1,0,0,0,0,0,0,1,0	54,41,44,40,39,35,44,27,49,42	0,0,0,1,0,0,0,0,0,0	53,27,37,23,46,53,37,47,59,27	84	75
2231	19,15,20,20,23,24,12,27,27,19	237,227,218,169,186,207,169,196,207,176	32,15,25,25,31,23,16,9,24,20	231,173,181,177,196,214,213,226,198,224	224	75
2232	0,0,1,1,0,1,0,0,0,1	8,6,10,5,9,4,15,7,5,6	0,0,2,0,1,0,0,0,1,0	12,12,6,9,3,9,16,8,10,7	427	75
2233	135,129,135,122,113,108,120,96,121,109	2,1,1,0,0,1,2,2,1,2	106,120,119,87,132,131,122,123,120,98	2,0,0,1,1,3,1,3,1,2	647	75
2235	62,59,67,39,39,57,47,32,49,53	0,1,0,0,0,0,0,0,0,0	60,54,42,53,49,40,48,29,58,51	0,0,0,0,0,0,0,0,0,0	79	75
2236	204,212,222,165,175,162,149,156,184,177	0,0,0,0,0,0,0,0,0,0	174,205,177,181,162,198,212,162,180,176	1,0,0,0,1,0,0,0,0,0	698	75
2237	0,0,0,0,0,0,2,0,0,0	50,31,60,29,32,32,24,39,40,47	0,0,0,0,0,0,0,0,0,1	39,47,55,33,53,49,45,32,47,42	102	75
2238	830,841,902,833,747,724,693,581,697,765	3,1,2,4,4,4,1,1,3,2	734,841,711,677,817,763,805,705,714,745	4,3,4,1,5,3,2,2,5,2	319	75
2239	1,1,3,3,1,2,1,3,3,1	17,18,12,15,8,14,10,17,7,12	1,6,1,7,1,1,1,6,4,2	14,10,11,16,16,15,15,16,10,19	99	75
2240	44,49,45,53,38,44,26,41,40,47	0,0,0,0,0,0,0,0,0,0	50,53,51,37,50,50,47,51,53,29	0,1,0,0,0,0,0,0,0,0	79	75
2241	2,2,2,3,3,2,3,2,2,0	2,3,0,10,2,2,4,2,3,0	5,0,0,1,5,3,7,3,1,0	1,4,4,2,0,2,3,5,6,5	87	75
2243	390,363,343,298,322,343,261,282,316,302	0,0,0,0,0,0,0,0,0,0	362,359,317,310,370,337,305,321,307,309	0,0,0,0,0,0,1,0,0,0	495	75
2244	39,45,76,52,45,60,70,47,37,38	0,1,0,1,1,0,0,0,0,0	53,40,40,37,54,52,49,27,59,54	0,0,0,0,0,0,0,0,0,0	117	75
2247	2,3,4,3,0,0,0,2,0,1	60,81,53,69,64,62,49,41,58,68	0,4,1,0,0,2,0,1,0,0	47,81,63,52,70,63,54,46,50,49	139	75
2249	76,94,64,69,75,54,110,84,73,63	27,28,30,27,26,21,18,23,21,38	70,97,68,76,68,54,47,72,75,90	24,39,31,35,27,21,33,35,23,26	883	75
2251	0,0,0,0,0,0,0,1,0,0	0,0,2,0,0,0,0,0,1,0	0,0,0,0,0,0,0,0,0,1	0,0,0,0,0,0,0,0,0,0	175	75
2254	135,137,114,128,119,134,100,126,132,126	7,1,4,3,4,1,2,2,11,4	116,151,149,128,111,111,119,118,125,134	4,3,4,4,3,3,3,2,4,0	231	75
2256	43,44,36,33,35,37,35,29,37,21	0,0,2,0,0,0,0,0,0,0	50,40,20,39,39,33,32,24,39,28	0,0,1,0,0,0,0,0,0,0	153	75
2257	29,25,27,20,23,22,24,14,17,9	0,0,0,2,0,0,0,0,0,0	37,24,17,25,18,24,25,15,22,20	0,0,0,0,0,0,0,0,0,0	153	75
2258	237,258,218,233,210,217,214,206,227,198	1,1,0,0,0,0,0,0,3,0	208,226,209,187,242,190,251,241,215,199	0,0,1,0,0,1,1,0,0,0	110	75
2259	251,268,225,245,229,225,226,217,238,207	1,1,0,0,0,0,0,0,3,0	224,234,216,193,256,200,260,261,224,211	0,0,1,0,0,1,1,0,0,0	114	75
2260	519,544,447,475,453,450,415,412,429,403	1,1,0,0,0,0,0,0,3,0	447,487,423,379,479,423,478,488,398,414	0,0,1,0,0,1,1,0,0,0	118	75
2261	15,12,9,15,19,10,13,13,11,9	1,2,2,3,0,2,1,2,0,0	17,9,10,7,17,10,12,20,10,12	1,1,3,1,3,0,3,0,1,0	79	75
2262	283,288,231,245,243,235,202,208,202,205	1,2,2,3,0,2,1,2,0,0	240,262,217,193,240,233,230,247,184,215	1,1,3,1,3,0,3,0,1,0	83	75
2263	272,279,224,233,224,230,191,197,192,196	4,3,2,3,0,5,2,2,1,0	226,254,208,189,228,224,220,228,175,209	3,1,1,3,5,1,2,1,1,6	79	75
2264	7,7,1,3,3,4,1,4,5,3	5,2,3,8,7,8,4,5,6,4	3,5,7,2,2,5,3,9,3,3	1,7,5,6,8,7,8,10,4,2	115	75
2265	0,0,1,1,0,8,0,1,1,2	0,1,0,0,0,0,0,0,0,0	1,0,1,0,2,0,0,0,0,0	0,0,0,0,0,0,0,0,0,0	107	75
2266	178,218,178,156,168,159,162,163,150,154	0,0,0,0,0,0,0,0,0,0	147,173,176,173,169,187,198,158,138,161	0,0,0,0,1,0,0,0,0,1	231	75
2267	0,0,0,0,0,0,0,0,0,0	32,34,22,33,28,29,19,30,19,20	0,0,0,0,1,0,0,0,0,0	29,35,20,34,24,36,27,32,32,33	83	75
2268	149,183,190,137,141,147,146,117,117,129	0,1,0,0,0,0,0,0,0,0	152,167,138,118,126,134,150,142,161,119	1,0,0,0,1,0,0,0,0,0	243	75
2269	13,11,12,5,6,7,10,6,7,14	0,0,2,0,0,0,0,2,0,0	10,11,7,7,11,12,6,8,6,14	0,0,1,1,0,0,1,1,2,0	90	75
2270	3,0,3,5,3,4,5,0,2,3	0,0,0,0,0,0,0,0,0,0	4,1,2,3,3,6,1,0,2,2	0,0,0,0,0,0,0,1,0,0	90	75
2271	102,86,109,88,73,95,93,91,77,91	0,0,3,0,0,0,0,0,0,0	86,104,72,89,109,98,104,94,83,79	0,0,0,0,0,0,0,0,0,0	269	75
2272	9,10,9,8,13,16,15,18,10,8	3,1,5,3,2,1,6,5,3,3	16,13,11,11,13,11,11,9,7,6	2,3,2,7,1,3,1,4,3,0	1482	75
2273	7,13,6,7,14,11,12,8,4,10	25,40,33,15,28,27,20,27,23,43	8,10,7,5,23,10,14,10,5,3	26,25,20,23,38,22,21,31,22,25	96	75
2274	6,3,5,2,6,1,2,3,3,6	125,134,158,127,144,129,112,99,129,125	6,7,4,4,3,10,6,2,2,6	155,155,144,131,142,143,128,122,135,131	100	75
2275	43,49,34,39,43,38,40,36,30,40	10,4,7,7,7,12,12,6,14,13	27,44,47,41,46,28,28,48,38,38	5,12,10,9,6,9,8,15,16,8	122	75
2276	24,33,32,20,15,25,40,39,27,33	0,1,0,0,0,0,0,0,0,1	37,27,32,28,28,18,21,30,32,30	0,0,0,0,0,2,0,0,0,1	94	75
2277	55,86,49,54,55,52,38,42,56,64	1,2,0,1,0,2,3,3,3,1	39,60,41,54,42,47,45,64,56,53	1,2,2,1,4,0,1,0,3,2	159	75
2278	55,58,56,50,50,46,35,47,49,45	0,0,0,0,0,0,0,0,0,1	47,49,44,51,42,68,54,41,50,61	0,0,0,0,0,0,0,0,0,0	83	75
2281	47,63,52,42,59,40,43,43,53,56	0,0,0,0,0,0,0,0,0,0	37,42,34,34,34,44,35,47,50,46	0,0,0,2,1,0,0,0,0,0	887	75
2282	5,5,4,9,6,13,32,16,18,53	4,3,3,6,2,1,6,4,3,7	6,10,12,30,6,13,17,27,30,10	5,0,5,4,1,2,4,5,1,3	212	75
2283	91,109,80,107,75,112,108,76,93,84	15,5,13,4,4,1,7,9,10,10	84,98,107,115,117,89,88,127,119,101	6,14,6,13,4,10,10,4,12,8	216	75
2284	13,25,20,18,20,28,27,15,16,23	39,45,27,29,27,42,36,37,26,41	17,34,25,27,24,22,20,34,23,31	27,37,32,35,40,30,29,33,41,34	84	75
2286	74,81,63,75,61,60,59,70,78,47	0,2,2,3,2,0,1,0,1,0	46,58,68,64,56,66,58,61,65,77	0,3,1,0,1,1,1,0,0,1	2166	75
2287	90,76,108,81,79,99,79,99,83,114	1,0,0,1,0,1,1,3,2,2	79,75,101,102,80,90,88,100,103,74	2,0,1,1,0,3,1,0,2,0	738	75
2288	25,32,48,39,34,16,40,37,27,42	2,0,3,0,0,0,2,0,0,0	39,50,42,37,36,44,35,26,33,28	1,0,0,0,0,0,0,1,0,1	77	75
2289	45,32,32,33,24,26,39,42,42,39	50,46,72,58,44,53,46,37,55,42	18,21,17,19,40,26,36,35,33,29	49,57,49,55,60,51,33,57,56,53	303	75
2290	45,34,36,36,28,28,45,48,43,41	1,0,3,6,1,2,0,3,1,1	22,26,27,21,41,26,47,42,31,32	0,3,4,0,0,5,0,1,2,6	303	75
2292	0,1,0,0,0,1,1,0,0,3	1,2,0,2,0,0,2,1,0,1	1,1,0,1,0,0,0,2,0,0	2,1,0,0,0,0,0,0,1,1	79	75
2296	0,0,0,0,1,0,0,0,0,0	0,0,0,0,0,0,0,0,0,0	0,0,0,0,0,0,0,0,0,0	0,0,0,0,0,0,0,0,0,2	84	75
2297	500,491,503,431,398,435,439,391,465,454	0,0,0,0,0,1,0,0,0,0	458,464,420,424,489,485,459,429,446,522	0,0,0,0,0,0,0,0,0,0	294	75
2298	1,1,0,2,0,2,0,1,0,0	16,13,15,7,11,15,6,18,16,7	0,0,0,0,0,0,0,0,0,0	11,9,13,14,17,9,9,15,9,14	147	75
2300	123,146,112,117,112,128,111,109,112,98	7,1,7,1,6,1,4,4,2,3	98,122,111,112,97,136,130,128,104,100	1,1,6,1,6,3,2,4,0,4	81	75
2301	67,52,60,39,44,47,48,37,47,51	12,28,18,14,24,17,15,20,16,17	52,58,40,38,42,42,57,57,48,51	11,17,17,17,23,22,23,17,19,13	81	75
2302	46,52,60,38,37,49,35,50,39,68	7,7,5,7,4,3,5,3,4,2	40,32,43,38,45,63,49,39,48,52	2,1,2,3,5,11,3,2,3,7	87	75
2303	201,200,203,163,183,196,159,160,192,235	7,3,4,1,7,4,8,5,7,5	165,153,167,151,190,205,215,160,169,194	7,2,5,2,4,4,1,0,3,5	276	75
2304	162,155,148,132,150,150,129,113,157,169	7,3,4,1,7,4,8,5,7,5	127,122,126,116,150,153,169,123,124,149	7,2,5,2,4,4,1,0,3,5	264	75
2305	2,2,2,1,0,0,2,3,3,2	0,3,0,0,0,0,0,0,1,0	0,0,0,0,1,0,0,2,0,1	0,0,0,0,0,0,0,0,0,0	87	75
2310	2,5,3,3,1,2,1,5,4,9	0,0,0,0,2,0,0,1,1,0	6,10,5,4,2,4,1,4,4,3	0,0,0,0,0,1,0,0,0,0	174	75
2313	90,67,87,85,82,73,54,63,81,74	4,1,0,7,4,1,1,1,2,2	82,77,89,72,66,72,70,80,82,66	3,0,4,1,3,3,3,0,0,2	118	75
2314	47,58,59,56,45,54,45,46,47,43	10,18,6,9,10,9,8,15,8,19	53,46,65,61,48,60,46,61,52,62	11,6,5,7,6,8,9,14,11,6	138	75
2317	21,23,16,15,21,13,6,10,15,14	0,0,0,0,0,1,0,0,0,0	9,19,17,12,16,12,14,15,10,16	0,0,0,0,0,0,0,0,0,0	373	75
2318	1,2,2,3,1,3,2,0,0,0	2,2,0,1,2,4,0,2,0,0	2,2,0,0,1,1,3,2,2,0	1,1,0,6,1,0,1,1,1,1	99	75
2320	0,0,1,0,0,0,0,0,1,1	0,0,0,0,0,0,0,0,0,0	0,1,1,0,0,1,0,2,0,1	0,1,0,0,0,0,0,0,0,0	93	75
2322	51,44,61,35,35,40,34,36,26,39	4,4,2,4,1,1,3,2,2,1	37,50,27,25,40,47,34,31,33,38	3,2,2,1,0,5,2,0,2,1	184	75
2323	55,43,57,38,39,45,33,36,22,41	4,8,3,3,6,3,3,3,4,8	38,45,29,27,40,50,33,33,31,38	1,4,4,8,6,5,0,5,2,6	184	75
2324	80,73,81,51,53,60,54,47,42,65	25,28,24,17,16,25,21,27,27,21	64,66,53,45,56,66,48,47,49,52	33,20,19,10,29,21,18,27,25,18	184	75
2325	7,8,8,3,7,7,6,5,4,3	5,0,7,0,6,5,0,2,6,0	10,8,6,6,6,10,3,7,9,8	5,8,2,1,4,6,3,2,4,1	167	75
2326	51,45,56,35,34,39,31,34,21,37	5,2,2,5,1,1,1,3,3,3	34,42,26,26,37,45,31,29,31,34	1,3,3,5,4,4,1,2,4,4	184	75
2327	0,0,0,1,2,0,1,0,0,0	12,6,10,8,9,8,6,4,6,4	0,0,0,0,0,1,0,0,2,0	8,7,4,5,7,10,12,3,6,7	157	75
2328	2,1,2,3,1,0,4,0,0,1	9,8,11,9,11,14,12,7,8,11	2,0,0,1,1,4,4,3,3,5	11,6,7,11,9,15,17,6,4,11	236	75
2329	1,1,2,0,1,2,0,1,3,2	28,9,16,17,8,16,14,14,19,18	2,1,2,2,1,0,1,1,2,4	14,12,8,10,9,28,11,13,14,25	83	75
2331	31,39,22,33,23,21,25,18,26,29	25,33,27,21,19,25,18,16,19,25	20,25,16,15,25,20,25,22,28,25	16,12,13,20,15,28,30,19,17,19	101	75
2335	65,66,64,60,54,58,46,58,74,50	2,1,0,0,0,0,1,0,1,0	43,49,48,43,67,51,60,53,60,48	0,2,0,0,0,0,0,0,0,0	345	75
2337	41,38,42,33,33,42,40,25,35,32	7,2,7,9,6,8,9,10,12,8	31,35,40,37,37,37,44,42,37,36	5,3,7,7,7,12,6,9,13,3	93	75
2338	40,36,40,33,31,38,39,24,35,28	0,1,1,0,0,0,0,0,1,1	28,33,38,32,37,37,44,43,37,35	0,0,0,0,0,0,0,0,0,0	93	75
2339	49,38,53,37,36,44,47,24,41,37	0,0,0,0,0,0,0,0,0,0	33,42,45,39,44,44,50,51,42,40	1,0,0,0,0,0,0,0,1,2	102	75
2340	9,3,14,4,5,6,8,0,7,10	0,0,0,0,0,0,0,0,0,0	5,9,7,7,7,7,6,8,5,5	1,0,0,0,0,0,0,0,1,2	84	75
2341	16,4,20,13,11,14,17,10,18,17	2,5,4,5,4,4,2,2,3,4	10,12,14,14,14,19,12,17,18,8	8,1,4,3,2,4,5,6,2,5	84	75
2342	9,2,13,4,5,6,9,2,6,9	6,0,5,2,5,0,2,1,1,2	6,10,7,7,7,9,6,8,6,6	6,3,2,2,4,2,3,2,4,3	84	75
2343	1,2,4,4,3,3,1,6,4,7	7,4,4,4,5,3,1,4,3,2	3,3,4,2,4,4,2,2,4,4	6,2,8,6,3,3,3,0,4,3	202	75
2344	44,37,32,33,36,32,25,35,36,37	20,19,21,13,9,22,14,7,18,22	47,29,45,47,37,43,35,36,32,32	11,7,19,11,18,18,17,10,7,13	195	75
2347	19,25,12,20,7,9,24,11,16,15	0,0,1,0,0,0,1,4,1,2	4,9,6,6,13,7,12,15,9,5	0,0,0,1,1,0,2,1,0,0	124	75
2348	0,1,0,0,0,0,1,1,0,1	5,5,5,7,1,8,12,5,13,7	1,1,0,2,1,0,0,0,1,0	7,6,7,1,6,2,7,4,2,0	202	75
2353	2,1,1,1,0,2,1,0,0,0	109,117,136,110,114,143,119,90,114,111	0,2,0,0,4,5,1,1,4,2	116,130,111,106,107,115,102,105,105,97	125	75
2354	87,111,130,98,107,129,106,83,112,99	0,0,1,0,0,1,0,1,0,0	107,108,97,106,83,104,86,110,94,107	0,1,0,0,0,0,0,0,0,0	163	75
2355	93,118,139,99,109,135,108,87,117,106	0,0,1,0,1,1,0,1,1,0	113,115,98,110,90,105,88,114,99,110	0,1,0,1,0,1,1,0,3,2	163	75
2356	156,188,190,149,164,181,181,132,169,153	3,2,1,0,3,2,2,1,3,0	164,175,160,166,139,177,141,185,158,173	4,1,2,0,1,1,2,3,1,2	163	75
2357	88,111,130,96,106,131,106,83,113,99	0,0,0,1,2,1,2,1,0,1	106,109,94,103,85,103,86,109,93,107	1,0,0,0,0,0,0,0,2,0	163	75
2358	0,0,1,0,0,0,0,0,3,0	12,9,12,17,4,11,9,11,14,14	0,2,0,0,0,1,0,0,0,0	11,13,9,11,14,17,12,10,5,7	294	75
2359	4,0,2,2,1,1,2,2,3,1	62,79,98,65,62,81,55,54,54,72	2,2,3,4,2,4,1,1,2,1	53,81,59,57,55,74,58,64,63,43	115	75
2361	1,0,0,0,0,0,0,0,0,0	0,0,0,0,0,0,0,0,0,0	0,0,0,0,0,0,0,0,0,0	0,0,0,0,1,0,0,0,0,0	234	75
2363	2,7,1,4,4,7,6,3,3,2	13,15,10,14,16,15,15,7,7,7	7,3,2,3,0,3,4,4,7,3	14,19,2,8,12,11,11,17,7,16	134	75
2364	1,1,0,2,0,2,2,2,1,1	47,34,48,47,42,36,51,40,32,33	1,1,0,1,1,3,1,2,1,0	26,65,25,34,40,28,45,29,22,22	134	75
2365	146,148,161,116,131,135,115,127,109,113	2,1,1,2,0,0,2,1,0,2	115,125,153,136,120,129,136,132,168,148	3,0,1,1,1,4,0,0,2,1	80	75
2366	19,18,14,23,20,12,19,14,17,19	41,42,34,44,40,31,38,31,41,43	17,30,19,19,14,20,20,15,21,19	41,46,35,40,47,43,39,49,43,33	120	75
2369	53,53,43,34,52,46,44,32,33,39	0,0,1,0,0,1,0,2,0,2	52,40,35,48,44,43,48,61,36,40	0,0,0,1,1,0,1,0,0,0	117	75
2370	137,165,157,132,135,147,109,120,126,140	15,8,12,11,11,10,9,5,8,9	144,166,145,133,137,177,142,136,154,101	7,6,5,6,8,9,15,10,6,5	87	75
2371	29,25,27,26,20,21,15,21,22,25	34,28,34,30,23,25,16,17,21,33	26,21,25,26,13,21,21,21,19,12	37,39,27,26,22,35,31,24,23,18	93	75
2372	0,1,0,0,0,1,0,1,0,1	78,71,100,70,58,48,49,46,61,65	1,1,0,0,0,0,1,0,1,0	53,69,62,60,63,65,67,58,51,37	171	75
2373	16,18,15,13,12,10,6,16,16,11	24,26,31,17,16,13,20,20,21,23	18,17,15,11,13,14,17,18,11,28	15,20,16,14,22,24,23,11,24,24	120	75
2374	5,3,7,7,8,3,2,2,0,3	0,1,2,0,1,0,2,0,1,0	2,5,2,3,1,5,2,3,2,7	0,1,0,0,0,0,2,0,0,0	84	75
2375	46,29,47,35,41,41,21,29,43,39	18,19,24,20,14,21,15,10,15,22	29,43,32,40,46,25,24,50,23,26	18,24,18,15,22,19,24,24,14,15	84	75
2376	502,480,516,427,467,474,456,374,399,387	0,0,0,0,0,0,0,1,0,0	479,492,456,422,469,503,448,420,424,394	0,0,0,0,0,0,0,0,0,0	467	75
2377	2,6,3,5,1,5,4,2,2,2	57,71,73,58,28,40,46,31,25,31	3,4,3,8,7,2,3,2,2,5	45,55,55,87,37,25,48,33,76,75	338	75
2378	20,15,19,17,16,14,17,10,16,19	0,0,0,0,0,1,1,1,1,0	23,15,18,19,10,15,14,14,12,12	0,0,2,0,0,0,0,0,0,0	90	75
2379	9,8,12,9,12,9,11,5,8,15	0,0,0,0,0,0,0,0,0,2	11,17,4,7,9,11,10,7,13,6	2,2,0,0,0,0,0,2,0,0	90	75
2380	145,144,112,136,140,114,134,114,104,120	0,0,1,1,0,0,0,0,0,0	128,162,112,93,131,173,155,123,132,131	0,0,0,0,0,0,0,0,0,0	87	75
2381	177,174,163,134,161,172,136,118,113,125	0,1,0,0,3,2,1,0,2,0	187,166,106,189,177,175,129,166,149,162	4,2,0,1,1,4,0,3,1,3	109	75
2382	488,516,467,448,456,406,458,316,427,452	0,0,0,2,0,0,0,0,0,0	458,456,472,407,475,420,439,406,431,420	0,0,0,0,0,0,0,0,0,0	417	75
2384	46,34,39,30,37,22,33,30,24,43	2,3,0,0,2,1,0,0,0,0	36,44,33,37,43,34,20,24,39,27	0,1,1,1,0,1,1,2,1,0	127	75
2391	0,1,2,1,6,1,4,1,3,0	6,4,7,5,4,3,4,6,7,5	1,1,4,2,2,4,3,0,1,1	5,4,2,10,2,4,8,5,5,4	87	75
2392	26,36,25,28,29,27,13,32,24,26	0,0,0,0,0,0,0,1,0,0	28,34,24,26,30,20,39,21,21,18	1,1,0,0,0,0,2,0,0,0	102	75
2393	81,82,76,65,92,54,46,79,65,77	12,10,8,10,9,4,7,9,9,14	75,67,64,69,90,63,95,47,69,54	11,7,9,5,4,14,8,7,4,3	102	75
2394	967,889,949,818,836,814,738,698,809,857	42,59,38,41,36,35,38,30,29,33	778,899,769,739,930,872,843,798,735,779	45,41,38,38,37,46,31,28,28,33	79	75
2395	37,44,28,27,29,25,24,25,30,22	0,0,0,0,1,0,0,0,0,0	36,46,23,23,28,26,34,17,17,30	0,2,0,1,0,1,0,0,0,0	337	75
2398	0,2,2,1,0,1,4,6,5,1	160,121,148,115,114,142,102,84,101,103	2,1,2,3,4,4,1,4,3,3	117,127,133,123,135,119,121,79,96,96	121	75
2399	655,592,588,604,547,563,515,447,504,580	5,2,1,1,0,1,1,3,0,1	537,674,534,506,519,578,605,523,560,487	3,3,2,4,0,0,2,3,2,3	209	75
2401	3,1,1,0,0,0,1,0,0,0	9,14,10,5,9,15,5,12,5,8	0,0,0,0,0,0,1,1,0,0	2,13,2,6,5,9,8,5,6,4	112	75
2402	0,1,2,1,1,1,1,3,2,1	3,1,4,2,6,6,2,2,2,1	2,0,0,2,4,0,0,0,4,2	2,6,4,5,1,3,2,7,4,1	158	75
2403	27,44,32,25,35,17,28,19,31,36	21,8,12,16,15,13,6,5,14,9	18,26,21,26,27,28,26,21,23,22	13,6,7,14,11,11,16,15,10,6	87	75
2404	0,0,0,1,0,0,0,0,0,0	19,17,15,12,9,9,11,17,13,13	0,0,0,0,0,1,0,0,0,0	12,12,13,12,13,13,14,8,22,18	245	75
2405	57,45,40,48,39,41,24,32,55,31	0,0,0,0,0,0,0,0,0,0	38,56,32,50,43,37,51,46,41,40	0,0,0,0,0,0,1,0,0,0	740	75
2406	75,61,60,71,64,64,50,53,74,57	0,1,0,0,1,0,0,0,0,0	58,81,49,78,74,67,74,62,61,65	0,0,0,0,0,0,0,0,0,0	996	75
2407	0,0,0,0,1,0,0,1,1,0	18,13,18,12,10,8,10,7,13,9	1,0,0,0,0,0,0,0,0,0	9,9,11,16,14,11,13,21,16,9	79	75
2408	0,0,0,0,0,0,3,0,0,0	1,6,1,1,1,0,0,2,3,0	0,0,0,0,0,0,1,1,0,0	3,4,0,1,2,2,0,0,1,4	169	75
2409	4,0,1,4,2,1,2,2,2,3	93,74,85,76,92,91,60,79,73,78	2,2,2,2,1,0,0,0,1,3	91,83,80,70,87,92,92,70,70,63	153	75
2410	43,34,42,34,33,29,23,33,36,35	0,0,3,0,0,2,2,0,0,1	26,28,25,32,28,24,41,22,41,19	0,1,0,2,0,0,0,0,1,0	264	75
2411	0,0,0,0,0,0,0,1,0,0	19,12,8,15,11,10,13,9,14,7	0,1,1,0,1,0,0,0,0,0	8,11,8,10,15,20,7,12,13,9	84	75
2412	0,0,0,0,0,0,0,0,0,0	8,15,17,10,6,4,4,14,9,7	1,0,1,0,0,0,2,0,0,0	6,14,9,6,4,13,10,15,16,6	267	75
2414	0,1,0,0,0,0,0,0,0,2	0,0,0,0,0,0,0,0,0,0	0,0,0,0,0,0,0,0,0,0	0,0,0,0,0,1,0,0,0,0	291	75
2415	4,3,11,3,7,5,1,2,8,3	0,3,0,0,2,0,0,1,1,0	1,6,2,6,2,3,6,7,2,1	0,1,0,1,0,0,3,0,0,1	87	75
2416	49,39,42,64,58,64,33,37,37,52	0,0,0,0,0,0,0,1,0,0	46,62,53,51,40,59,38,37,43,57	0,0,0,1,0,0,0,0,0,0	541	75
2418	62,44,60,52,49,46,45,50,52,54	0,0,2,0,0,0,0,0,0,0	48,62,36,54,49,59,68,45,55,55	0,1,0,0,0,0,0,0,0,0	2461	75
2419	0,0,1,0,0,0,2,0,0,0	0,0,0,0,0,0,0,0,0,0	0,1,1,0,0,3,0,0,0,1	1,0,0,0,0,0,0,0,0,0	325	75
2420	0,0,1,1,0,1,3,0,0,2	97,103,103,84,74,86,70,65,94,90	0,0,0,1,1,0,0,0,0,0	66,90,77,74,67,105,83,89,77,69	154	75
2422	54,44,45,56,43,64,40,51,38,49	6,5,3,5,3,7,6,10,7,4	54,45,47,47,40,51,48,51,41,23	5,6,6,2,9,0,1,4,5,5	146	75
2424	3,3,10,2,4,1,3,3,1,7	5,12,3,5,7,11,5,4,8,6	12,4,6,3,5,5,10,4,6,4	2,8,12,8,10,7,14,8,15,12	157	75
2425	26,21,15,22,18,25,22,28,25,22	1,1,2,1,1,2,1,2,1,3	16,17,21,25,19,21,16,23,26,18	4,1,1,1,2,1,7,0,2,1	631	75
2427	2,1,0,0,0,0,0,1,0,1	9,16,13,12,9,7,11,6,13,11	0,0,1,1,0,2,0,0,0,1	12,13,12,22,8,10,14,10,4,12	149	75
2429	50,70,62,57,62,33,48,48,63,44	2,1,7,0,3,1,4,0,0,0	70,86,43,66,48,60,49,61,36,65	1,3,3,0,1,6,0,3,2,2	124	75
2431	3,0,0,0,0,0,0,0,0,2	21,10,9,9,8,9,13,5,14,18	0,1,0,0,0,1,0,1,0,0	6,11,10,5,14,9,17,14,11,13	197	75
2433	1066,1069,1093,1002,925,858,916,764,887,972	2,1,7,1,4,2,3,3,7,0	988,1033,967,927,951,1078,1014,936,871,888	2,2,3,2,2,1,1,1,2,3	236	75
2434	0,0,0,1,0,0,0,0,0,0	7,8,4,5,0,3,0,3,3,1	0,0,0,0,0,1,0,0,0,0	7,3,2,6,0,5,5,4,2,6	77	75
2435	14,19,20,10,5,2,13,10,12,11	3,3,1,0,0,0,0,0,0,0	16,17,4,3,9,11,20,13,7,3	0,0,0,1,0,2,1,1,2,2	143	75
2437	20,29,36,19,24,34,38,24,24,24	1,0,0,1,0,2,1,0,1,0	27,47,12,20,21,26,13,21,40,34	0,3,2,1,0,0,3,1,1,0	1677	75
2438	0,0,1,1,2,1,1,0,1,1	1,0,2,0,2,1,0,2,1,0	0,1,1,0,1,2,1,1,0,2	2,1,0,0,0,0,1,1,0,0	79	75
2439	0,0,1,1,1,0,1,0,0,0	0,0,1,0,0,0,0,0,0,0	0,1,1,0,0,0,0,1,1,0	0,1,0,0,0,0,0,0,0,0	152	75
2440	3,0,2,0,0,0,1,1,0,1	94,100,104,101,99,104,90,72,75,94	1,0,0,0,0,0,0,2,0,0	110,99,94,99,71,82,111,80,88,82	114	75
2441	163,177,213,163,180,178,166,134,138,195	141,130,146,108,110,108,92,92,106,129	188,192,138,157,158,174,161,142,123,142	120,119,97,106,124,139,130,109,110,111	168	75
2443	52,41,49,68,37,39,55,47,42,27	0,0,0,0,0,0,0,0,0,1	34,45,56,39,37,40,23,33,36,36	0,1,0,0,0,0,0,0,0,0	2049	75
2444	133,153,149,127,139,143,104,82,115,153	430,383,476,383,373,411,333,281,350,380	150,131,122,131,118,134,115,117,120,127	268,339,306,319,295,397,369,293,216,278	120	75
2445	507,442,478,409,416,349,396,350,403,482	0,0,0,0,1,0,0,0,0,0	448,444,431,399,457,451,479,395,386,436	0,0,0,0,0,0,0,1,1,1	211	75
2446	97,98,107,97,95,95,73,90,78,84	2,0,2,6,1,3,2,5,4,2	85,101,87,84,72,96,90,92,81,76	1,5,3,4,7,3,3,3,1,0	122	75
2447	1,0,0,0,0,0,0,0,3,0	24,19,13,14,12,25,13,13,11,14	0,2,1,1,1,1,0,1,2,1	15,20,13,15,19,18,12,9,8,18	134	75
2448	137,137,145,124,111,84,126,102,105,112	3,6,4,2,4,1,4,5,6,5	103,133,116,122,120,99,139,123,112,127	2,3,0,2,3,2,2,3,2,3	153	75
2449	12,26,23,15,12,15,19,29,17,21	3,1,1,0,1,0,2,0,0,4	15,18,17,29,17,15,25,11,21,19	0,2,0,1,1,0,0,1,0,1	93	75
2450	5,6,8,7,2,1,4,5,8,10	0,1,0,0,0,0,0,1,1,0	3,12,7,11,3,10,2,4,7,10	0,0,0,0,1,0,0,0,0,0	91	75
2452	51,72,48,50,32,51,52,33,48,40	32,30,29,28,31,34,24,17,35,30	61,41,48,44,50,60,53,46,56,61	32,27,29,22,39,35,35,35,28,43	94	75
2453	0,0,0,0,0,0,0,0,0,1	0,0,0,0,0,0,0,0,0,0	0,0,0,0,0,0,0,0,0,0	0,0,1,0,0,0,0,0,0,0	80	75
2454	1,13,14,9,4,10,7,9,9,4	7,7,5,7,3,7,11,4,1,2	5,6,7,4,4,4,11,6,7,11	6,6,3,11,6,4,10,9,5,5	114	75
2455	109,98,120,75,98,117,76,86,74,79	0,1,0,0,0,0,0,0,0,0	104,121,82,85,72,80,107,72,89,83	0,0,0,0,0,0,0,0,0,0	162	75
2456	122,138,177,132,98,123,120,119,136,142	0,0,0,0,0,0,0,0,0,1	131,143,106,118,105,131,136,141,117,123	0,0,0,0,0,0,0,0,0,0	298	75
2457	0,2,1,2,2,0,0,2,1,0	77,63,68,43,48,76,38,58,51,62	0,3,1,0,1,0,2,1,0,1	57,90,49,55,48,58,55,40,48,45	81	75
2459	216,211,199,175,170,187,167,143,184,155	1,3,2,2,1,5,3,0,1,2	150,243,164,162,175,191,179,154,136,131	4,5,1,2,4,1,1,0,0,3	172	75
2460	1548,1425,1526,1276,1295,1298,1128,1086,1178,1353	1,0,0,1,1,0,0,0,0,0	1313,1388,1346,1216,1317,1304,1242,1165,1181,1245	0,0,0,0,0,1,0,0,0,0	160	75
2461	0,0,0,0,0,0,0,1,0,2	0,0,1,0,0,2,2,2,2,1	0,0,0,1,0,0,0,0,0,0	2,1,0,1,1,2,0,0,0,0	82	75
2462	38,31,39,34,35,33,28,25,29,32	4,6,7,9,5,6,4,7,5,6	30,34,33,36,23,43,38,33,37,23	13,3,7,11,7,6,8,10,5,3	134	75
2463	33,42,33,37,38,22,56,31,26,26	8,10,11,8,10,5,9,5,10,7	39,40,34,48,31,59,41,32,37,36	8,13,5,7,4,8,10,8,5,6	170	75
2464	86,82,74,94,69,53,107,72,55,64	8,10,11,8,10,5,9,5,10,7	85,75,73,79,70,98,69,72,76,80	8,13,5,7,4,8,10,8,5,6	222	75
2465	66,71,60,70,53,46,90,60,52,49	8,10,11,8,10,5,9,5,10,7	68,58,57,67,55,80,60,60,57,70	8,13,5,7,4,8,10,8,5,6	224	75
2466	75,81,63,80,60,55,99,64,52,56	8,10,11,8,10,5,9,5,10,7	76,66,67,74,60,89,68,72,68,74	8,13,5,7,4,8,10,8,5,6	253	75
2467	54,43,43,59,36,33,52,43,32,40	1,3,2,2,5,2,1,2,3,2	52,40,43,38,44,45,30,44,46,47	6,5,4,7,5,6,2,4,7,3	127	75
2468	34,32,29,35,20,26,35,31,29,25	1,3,2,2,5,2,1,2,3,2	35,23,27,26,29,27,21,32,27,37	6,5,4,7,5,6,2,4,7,3	129	75
2469	43,42,32,45,27,35,44,35,29,32	1,3,2,2,5,2,1,2,3,2	43,31,37,33,34,36,29,44,38,41	6,5,4,7,5,6,2,4,7,3	158	75
2470	0,2,4,1,1,0,0,2,3,0	20,13,18,25,17,7,17,14,6,15	0,0,2,0,1,1,0,1,1,2	17,17,18,12,16,19,9,13,20,12	77	75
2471	9,12,7,11,8,9,9,6,3,7	20,13,18,25,17,7,17,14,6,15	8,8,12,7,6,10,8,13,12,6	17,17,18,12,16,19,9,13,20,12	106	75
2472	9,12,7,11,8,9,9,6,3,7	0,2,4,1,1,0,0,2,3,0	8,8,12,7,6,10,8,13,12,6	0,0,2,0,1,1,0,1,1,2	104	75
2473	1,3,4,9,3,4,4,4,2,4	1,2,1,2,2,2,0,2,0,4	1,4,4,7,7,1,1,0,8,5	3,2,6,3,3,1,1,2,0,2	1875	75
2474	380,368,314,291,291,296,312,316,349,311	0,0,0,0,0,0,0,0,0,0	329,303,288,316,354,334,366,328,321,351	0,0,0,0,1,0,0,0,0,0	603	75
2475	1,1,3,0,1,4,3,6,3,4	0,0,0,0,0,0,0,0,1,0	1,4,0,2,0,5,2,4,3,5	0,0,0,0,0,0,0,0,0,0	253	75
2476	6,4,6,3,6,5,5,3,4,8	1,0,0,0,0,0,0,1,0,0	4,3,2,7,8,3,6,7,1,7	0,0,0,0,0,0,0,0,0,0	146	75
2480	2212,1936,1912,1803,2118,2057,2032,1682,1942,2485	73,57,63,49,69,59,48,48,57,64	1896,2252,1869,2177,1740,2015,2084,2070,2008,1913	60,67,73,70,58,73,54,44,42,47	2378	75
2481	943,806,738,716,946,893,1009,820,953,1405	0,0,0,0,0,0,0,0,0,0	792,914,786,1155,692,917,967,1020,943,898	0,0,0,0,0,0,0,2,0,0	2378	75
2482	943,806,740,716,946,893,1009,821,953,1405	0,0,0,0,0,0,0,0,0,0	792,916,786,1155,693,917,970,1020,943,899	0,0,0,0,0,0,1,0,0,0	2378	75
2483	5,7,14,6,15,8,11,5,6,10	191,150,168,156,178,160,142,130,143,163	9,7,15,11,12,11,7,8,5,11	163,203,154,173,135,175,206,131,137,154	99	75
2484	2,2,0,0,2,1,4,1,0,3	14,19,18,10,14,13,13,11,7,13	3,0,0,1,3,1,0,0,0,0	14,8,11,5,10,9,14,26,13,12	99	75
2485	17,19,14,16,14,31,15,11,19,12	0,0,0,0,0,0,1,0,0,0	14,21,17,14,21,10,25,12,21,9	0,0,1,0,0,0,0,1,0,0	226	75
2486	0,0,0,0,0,0,0,0,1,0	3,4,1,3,3,1,4,2,0,2	0,0,0,1,0,0,0,0,1,0	2,2,0,3,2,2,1,3,4,1	79	75
2487	264,250,275,234,219,238,190,184,214,219	5,1,4,3,0,4,2,2,3,5	224,197,219,199,216,241,237,203,225,207	2,4,2,4,5,2,3,4,1,4	97	75
2488	18,23,21,20,17,21,24,17,22,15	1,1,0,0,1,2,1,0,0,0	23,30,12,17,23,29,37,20,24,22	4,2,0,1,0,2,1,0,1,0	148	75
2489	62,85,73,84,63,68,54,56,63,69	0,0,0,0,0,2,0,0,0,0	73,63,61,64,65,62,80,64,79,44	0,1,0,0,0,0,0,0,0,0	123	75
2490	67,67,80,53,68,79,66,41,49,53	0,0,0,0,0,1,0,1,0,0	71,76,73,68,71,55,60,57,59,55	0,1,0,0,0,0,0,0,0,0	121	75
2491	5,2,2,3,1,0,1,2,1,3	16,22,39,25,33,26,22,34,38,34	5,2,0,2,5,6,0,4,0,5	18,34,25,30,25,37,35,21,26,30	90	75
2492	54,49,66,54,41,43,41,50,47,58	1,0,0,0,0,0,1,0,0,0	73,43,59,43,55,59,57,42,64,30	0,1,0,0,0,0,0,2,0,0	79	75
2493	228,167,157,153,145,123,152,220,201,154	0,0,0,0,2,1,0,0,0,3	165,291,168,149,173,207,150,148,168,161	1,0,0,0,0,1,1,1,1,0	725	75
2496	3,1,1,0,0,0,0,0,2,3	7,12,12,5,9,5,10,10,5,5	0,0,0,0,0,0,3,1,0,0	7,3,2,5,4,13,18,8,2,8	148	75
2500	167,162,170,169,128,136,153,132,180,144	0,0,0,0,0,0,0,0,0,0	148,161,142,144,156,132,133,188,169,161	0,1,3,2,0,1,0,0,0,0	1940	75
2501	458,443,409,311,412,406,265,343,338,432	10,12,12,8,10,7,5,8,17,12	402,397,344,358,330,334,381,314,392,347	2,14,7,5,7,8,14,18,13,21	978	75
2502	333,302,284,234,305,304,189,234,262,288	0,1,0,0,2,0,2,1,0,1	296,299,261,273,253,228,286,219,268,245	1,0,1,0,1,1,1,0,0,1	600	75
2503	2,2,0,0,0,1,1,0,1,3	0,0,0,0,0,1,0,0,0,0	2,0,1,0,0,0,0,0,0,1	0,0,0,0,0,0,0,0,0,0	202	75
2504	44,26,41,32,30,26,28,24,27,19	0,0,1,0,1,0,0,0,0,1	24,29,30,21,25,22,18,36,35,24	0,0,0,0,3,2,0,0,0,0	1858	75
2505	3,2,3,6,4,3,8,5,10,3	22,32,23,22,17,17,28,13,20,17	5,8,7,1,3,8,2,1,3,9	25,11,10,16,16,23,25,27,27,16	162	75
2506	6,3,5,4,6,3,6,2,5,3	118,116,130,131,127,125,82,97,97,105	6,3,2,3,4,10,1,6,3,2	104,139,109,125,109,104,114,94,123,92	648	75
2508	2,1,8,8,3,4,1,2,3,5	7,3,2,3,1,2,3,3,5,8	5,6,5,4,6,4,3,1,6,3	5,3,5,2,3,6,5,0,4,2	106	75
2509	1,0,4,2,3,0,0,0,1,0	11,5,5,5,4,8,3,0,6,9	3,1,1,3,0,0,0,2,0,0	9,8,6,8,4,3,12,1,5,1	79	75
2510	0,1,0,0,0,0,0,0,0,0	1,6,0,2,0,2,2,0,0,0	0,0,0,0,0,0,0,1,0,0	4,2,0,0,3,1,0,0,0,6	105	75
2511	23,40,20,33,18,28,30,23,19,12	0,1,0,0,0,0,0,0,0,0	19,24,20,19,20,22,21,26,13,33	0,0,0,0,0,0,0,0,0,0	196	75
2512	3398,3231,3236,2888,2891,2737,2520,2553,3014,3004	72,75,88,81,78,66,70,75,74,92	2851,3030,2908,3106,3181,3324,3288,2915,2932,2576	74,73,80,72,90,94,90,82,75,67	2622	75
2514	113,102,133,109,82,102,69,84,94,103	2,1,1,1,6,2,1,0,2,1	117,114,109,98,107,83,106,90,91,100	2,4,3,4,1,1,0,6,1,0	90	75
2517	0,1,0,1,1,2,0,0,2,2	0,0,0,0,0,0,0,1,0,0	0,1,0,0,1,3,0,1,0,1	0,0,0,0,0,0,0,0,0,0	79	75
2520	1,1,1,1,3,4,4,0,3,1	17,13,7,12,14,7,9,14,9,14	3,5,2,0,0,3,0,0,0,0	11,24,8,6,3,12,9,4,11,4	169	75
2521	5,12,14,7,9,11,7,6,7,9	5,3,7,4,8,6,7,9,8,4	3,12,7,5,8,7,6,3,4,11	4,11,3,7,2,12,12,7,8,6	1512	75
2522	28,31,34,19,19,26,28,21,32,19	7,7,4,7,11,6,8,8,6,4	25,20,19,39,16,19,21,21,27,16	8,3,8,5,7,6,9,7,6,8	353	75
2523	0,2,0,0,4,1,1,3,1,1	236,242,235,233,221,258,188,194,234,231	0,0,2,0,3,0,2,2,3,0	244,236,241,255,230,253,242,248,267,235	110	75
2525	4,3,2,0,3,3,4,3,0,3	31,30,26,16,39,29,32,27,17,25	0,0,1,0,5,4,2,5,2,3	26,21,35,28,25,30,32,34,29,22	84	75
2526	0,4,1,0,1,3,0,3,1,3	0,0,0,0,0,0,0,0,0,0	1,2,1,0,0,1,1,3,1,1	0,1,0,0,0,0,0,0,0,0	109	75
2528	82,70,66,85,89,83,100,100,75,111	1,2,0,0,0,2,1,0,1,1	85,77,73,81,103,84,91,93,85,68	1,0,0,0,0,2,0,0,0,1	899	75
2529	6,3,6,5,9,5,1,6,7,5	33,35,29,31,29,41,32,26,28,35	13,6,5,3,6,5,3,6,1,4	37,41,31,41,32,38,27,23,32,30	135	75
2530	13,8,9,19,31,26,65,42,35,101	1,2,4,2,6,1,4,2,5,8	13,13,20,56,13,34,37,47,74,15	4,1,1,1,2,1,2,0,1,2	200	75
2531	65,45,40,40,44,43,47,31,39,46	0,0,0,2,0,1,0,0,1,0	48,38,39,48,35,44,38,27,52,55	0,0,1,0,0,2,2,0,1,0	286	75
2532	23,7,20,16,13,13,9,10,12,11	1,0,0,0,1,1,1,0,0,0	17,14,13,21,11,13,8,13,8,15	0,0,0,0,1,3,0,1,0,0	140	75
2533	25,12,23,23,17,17,13,11,17,12	1,0,0,1,0,0,0,0,0,1	23,17,15,23,16,18,10,16,12,19	0,0,0,0,0,1,0,0,0,0	359	75
2534	3,5,0,6,1,5,1,1,5,2	0,0,0,0,0,0,0,0,0,0	2,0,4,5,4,3,3,2,0,3	0,0,0,0,1,0,0,0,0,0	192	75
2536	21,24,33,26,16,25,30,25,22,25	42,34,53,29,34,43,27,44,36,50	18,33,30,32,29,31,24,28,29,26	36,48,31,39,58,60,40,28,27,42	78	75
2537	0,0,0,0,0,0,0,0,0,0	50,54,53,45,34,46,40,33,62,39	0,0,0,0,0,0,0,0,1,0	52,59,39,44,39,42,79,63,47,41	110	75
2539	0,0,0,0,0,1,0,0,0,0	6,4,10,10,4,13,5,3,9,7	0,0,0,1,1,0,0,0,1,0	10,9,8,5,4,8,10,4,12,5	77	75
2540	7,17,3,6,7,9,13,2,6,4	8,9,8,9,13,16,12,11,18,9	8,8,9,11,5,5,4,7,3,3	8,8,11,17,7,7,8,12,13,10	2617	75
2542	253,234,282,266,256,259,235,235,229,234	6,10,3,8,7,14,8,1,7,2	328,265,270,254,239,284,261,256,259,261	6,5,2,9,11,10,6,9,10,12	227	75
2544	152,132,148,116,137,138,113,111,132,128	0,2,1,1,0,1,0,2,0,0	126,142,133,124,147,131,123,106,115,110	0,0,1,0,1,0,0,0,0,1	105	75
2548	90,96,72,86,79,86,86,83,86,78	1,1,1,1,0,1,2,0,1,2	78,95,56,91,83,92,102,72,92,77	1,3,1,1,0,1,0,0,0,1	87	75
2549	488,432,457,440,411,428,414,381,398,443	0,0,0,0,0,0,0,0,1,0	412,444,448,419,462,425,456,474,395,457	0,0,0,0,0,0,0,0,0,0	391	75
2550	616,540,588,502,506,516,555,454,522,513	0,0,0,0,0,0,0,0,0,1	566,521,538,531,596,608,564,571,531,603	0,0,0,0,1,0,0,1,0,0	554	75
2551	3,3,3,1,2,5,5,0,1,1	6,5,6,11,8,6,7,9,7,16	0,1,1,6,4,7,3,4,5,2	7,10,0,7,8,7,9,12,7,5	192	75
2552	3,1,2,5,3,3,4,0,3,3	1,0,0,0,0,0,0,0,0,0	1,4,2,4,3,2,1,3,3,1	0,0,0,0,0,0,0,0,0,0	163	75
2553	23,28,17,24,28,31,21,15,14,13	5,4,8,5,1,6,0,8,2,7	14,23,17,20,14,22,18,12,9,13	3,4,3,4,2,5,5,7,2,5	109	75
2554	22,34,35,20,18,26,29,16,20,24	0,0,2,0,0,0,0,0,0,2	17,27,15,19,19,28,31,22,22,22	0,0,0,1,0,1,0,0,2,0	116	75
2555	7,4,7,10,12,2,11,3,10,6	45,44,29,40,37,47,36,35,51,36	4,7,1,10,7,5,6,8,7,5	49,50,38,33,33,47,43,35,32,42	238	75
2556	58,41,62,37,49,22,54,61,52,57	9,7,5,3,3,1,3,5,5,1	44,60,38,31,24,76,60,44,37,50	2,6,3,1,3,9,3,5,6,3	80	75
2557	117,156,123,116,112,130,99,134,123,123	0,0,0,0,0,0,0,0,0,0	127,132,131,114,140,130,125,142,131,118	0,0,0,0,0,0,0,2,0,0	225	75
2559	0,0,0,0,0,0,1,0,0,0	20,30,30,19,23,24,20,17,22,20	1,0,0,1,0,1,0,0,0,0	23,24,21,17,15,21,19,21,18,22	202	75
2560	41,45,45,52,36,38,48,36,47,49	21,10,15,11,15,13,13,8,16,13	48,39,42,27,49,47,60,39,28,44	11,7,8,12,10,16,13,10,9,13	132	75
2561	56,62,58,60,59,50,65,49,63,75	0,0,0,0,0,1,0,0,0,0	61,47,86,54,66,65,54,39,54,47	0,0,0,0,0,0,0,0,0,0	283	75
2562	55,54,54,49,45,50,54,56,56,56	0,0,0,0,0,0,0,0,1,0	46,36,48,46,46,58,40,34,55,46	0,0,0,0,0,0,0,0,0,0	252	75
2563	54,31,37,43,32,35,40,36,45,31	0,0,0,0,0,0,0,0,0,0	34,42,45,49,44,33,26,49,39,29	0,0,0,1,0,0,0,0,0,0	406	75
2565	0,1,1,0,0,0,0,3,1,3	1,1,2,0,0,0,1,0,0,0	1,3,0,0,0,0,1,0,0,1	0,2,0,0,1,0,0,1,0,0	362	75
2566	1092,1140,1083,980,973,1099,943,1018,1004,1034	13,10,30,15,18,12,14,20,14,10	1060,1154,968,1114,1033,1061,1081,1117,955,1115	15,17,9,19,11,19,11,20,8,7	108	75
2569	0,4,4,1,0,2,1,1,1,0	0,0,0,0,0,0,0,0,0,0	0,5,1,3,0,0,3,0,0,2	0,0,0,0,0,0,2,0,0,0	2194	75
2570	0,0,1,0,0,0,1,0,0,0	79,73,94,77,91,73,59,73,69,86	0,1,0,0,0,1,0,0,0,0	65,84,86,71,79,106,77,97,93,89	114	75
2571	2,1,1,1,2,0,3,0,0,0	163,148,141,124,133,179,128,116,119,146	5,0,0,1,4,3,2,1,2,2	138,157,142,136,172,179,171,161,105,148	81	75
2573	277,249,269,241,215,265,230,208,239,222	2,6,5,1,4,0,3,1,1,1	241,249,252,227,250,260,251,207,212,226	3,1,4,2,1,6,2,2,4,6	134	75
2574	0,0,0,1,0,0,1,0,0,0	0,0,0,0,0,0,0,0,0,0	0,0,0,0,0,0,1,1,0,0	0,1,0,0,0,0,0,0,0,0	82	75
2578	0,1,0,0,0,0,0,0,1,0	50,53,44,49,43,41,38,42,43,46	0,3,0,0,0,0,0,0,0,0	63,50,43,41,41,41,56,42,48,46	99	75
2579	59,54,54,39,40,34,48,29,50,42	0,1,0,0,0,0,0,0,0,0	46,51,47,46,42,69,33,35,51,45	0,0,0,0,0,0,0,0,0,0	85	75
2580	19,21,21,11,15,19,12,11,20,13	14,8,7,9,5,13,12,12,5,6	17,32,7,8,27,16,20,8,13,14	8,11,5,8,5,5,10,5,5,5	115	75
2581	250,212,237,236,186,179,201,206,233,220	0,0,0,0,0,1,1,0,0,0	211,233,232,196,206,259,196,204,231,160	0,0,0,0,0,0,0,0,0,0	120	75
2582	6,6,6,5,3,4,4,2,3,2	158,124,139,149,127,115,133,125,148,146	6,6,5,3,3,3,2,7,3,2	148,183,139,130,134,180,123,119,130,106	78	75
2583	0,0,0,2,0,0,1,2,1,0	0,0,0,1,0,0,0,0,0,0	0,0,0,0,0,0,0,0,0,1	0,0,0,0,0,0,0,0,0,0	90	75
2584	0,0,0,0,0,0,1,2,0,0	0,0,0,0,0,2,2,0,0,0	0,0,0,0,0,0,0,2,0,0	2,2,0,0,0,0,3,1,1,0	90	75
2586	3,1,3,0,2,0,0,1,0,0	0,0,0,0,0,0,0,0,0,1	2,0,0,1,2,1,0,0,0,0	0,0,0,0,0,0,0,0,0,0	309	75
2587	58,44,81,38,60,56,59,64,72,42	13,9,14,11,17,11,17,11,16,10	61,56,55,61,65,70,69,55,53,72	10,21,11,18,14,13,19,19,17,8	84	75
2590	3,3,2,3,4,3,1,1,3,4	14,17,17,14,10,10,5,10,21,10	10,0,3,3,4,7,0,0,3,0	13,10,11,9,9,14,11,27,4,12	124	75
2593	107,76,108,72,82,72,66,66,79,79	2,3,3,1,4,1,0,3,4,1	85,81,76,59,88,96,85,84,82,69	3,3,7,7,8,0,3,2,5,1	102	75
2594	0,0,0,0,0,0,0,0,0,0	3,0,1,1,2,0,0,2,4,3	0,1,0,0,0,0,0,0,0,0	0,7,0,2,2,1,2,1,0,0	86	75
2595	3,0,1,0,2,1,0,2,1,1	1,1,1,1,0,0,2,0,1,4	0,2,0,0,0,1,0,0,0,0	0,2,1,0,0,1,0,0,0,0	111	75
2596	152,154,173,143,144,171,147,122,131,113	0,0,0,0,0,0,1,0,0,2	145,169,147,144,159,156,144,151,126,143	1,0,0,0,0,0,0,1,0,0	1036	75
2597	199,198,169,164,178,175,133,150,162,147	43,38,57,50,44,41,43,30,30,40	157,156,137,151,152,179,178,160,155,169	43,44,34,37,46,35,37,32,28,14	78	75
2598	17,22,21,22,21,11,29,12,20,8	0,0,0,0,0,0,0,1,0,0	20,18,15,16,21,20,14,20,23,12	0,0,0,0,0,0,0,0,0,0	383	75
2599	64,77,66,53,52,49,49,48,56,57	0,0,1,0,0,0,0,0,0,0	32,48,50,55,62,60,58,38,43,48	0,0,0,0,0,1,0,0,0,1	293	75
2600	352,341,319,331,243,322,298,271,270,281	22,17,18,16,9,14,24,14,9,24	327,335,276,298,348,279,349,273,330,313	16,15,17,20,16,26,10,18,16,11	189	75
2601	143,138,185,124,113,116,137,102,127,107	0,0,0,0,0,0,0,0,0,0	132,124,117,117,143,137,129,93,115,117	1,0,1,0,0,1,0,0,0,0	115	75
2602	1,1,3,0,0,0,2,0,0,0	0,0,0,0,0,0,0,0,0,0	0,0,3,1,1,1,2,1,2,0	1,0,0,0,0,0,0,0,0,0	77	75
2603	22,17,20,14,19,13,19,18,10,26	1,0,0,1,0,2,1,0,0,0	18,17,13,15,22,19,18,20,14,16	0,0,3,0,5,0,0,0,0,0	77	75
2604	2,0,3,0,0,0,1,0,1,0	1,0,0,1,0,2,1,0,0,0	1,3,0,2,0,0,1,0,2,2	0,0,3,0,5,0,0,0,0,0	132	75
2605	2,0,3,0,0,0,1,0,1,0	22,17,20,14,19,13,19,18,10,26	1,3,0,2,0,0,1,0,2,2	18,17,13,15,22,19,18,20,14,16	130	75
2606	65,50,54,63,63,48,29,53,46,70	2,2,0,1,2,3,0,1,1,0	33,83,47,52,44,55,49,32,45,15	0,1,0,0,1,2,1,1,0,1	129	75
2607	3,2,3,1,2,2,1,1,7,4	79,53,77,53,57,38,39,35,61,76	6,2,2,0,1,2,2,5,2,4	38,73,51,48,36,61,53,39,35,24	111	75
2608	37,29,46,30,40,39,34,46,34,50	41,34,61,29,47,33,39,33,36,37	33,43,30,43,42,41,39,25,41,26	49,42,36,38,42,36,53,22,44,34	87	75
2609	14,7,6,10,7,7,11,12,15,4	1,0,2,0,2,1,1,3,2,0	9,8,9,12,9,6,10,9,5,6	0,1,0,0,0,0,0,0,1,0	160	75
2610	12,6,5,4,5,3,10,3,6,5	173,146,159,150,127,171,171,144,138,159	6,8,4,3,2,6,4,3,4,6	170,169,154,151,161,161,175,162,172,149	464	75
2611	3,0,0,0,1,1,0,2,2,2	8,5,8,10,5,8,5,2,4,10	2,5,0,2,1,0,1,1,1,3	6,6,9,8,9,5,10,4,18,6	79	75
2612	73,71,104,77,87,72,82,68,77,95	12,11,9,8,4,4,7,8,7,13	88,86,70,75,64,87,94,75,73,75	8,9,7,3,6,12,11,12,9,5	100	75
2613	59,70,72,49,62,52,44,50,63,61	0,0,0,0,0,0,0,1,0,0	71,59,60,55,62,56,63,61,55,43	0,0,0,0,0,0,0,0,0,1	222	75
2616	0,0,0,0,0,0,0,0,0,0	1,2,2,1,1,1,2,1,1,1	0,0,0,0,0,0,1,0,0,0	2,4,3,1,0,1,1,2,0,2	81	75
2617	1,0,0,0,1,0,0,0,0,0	1,1,0,0,0,0,0,0,0,0	2,0,0,1,0,0,0,0,0,2	0,1,0,0,0,0,0,0,0,0	85	75
2620	0,2,2,0,1,1,1,2,2,0	4,6,4,2,4,3,8,3,3,5	0,3,0,0,1,0,0,0,2,0	0,7,4,6,5,6,4,5,4,2	402	75
2622	23,17,21,26,14,32,20,25,15,17	0,0,0,0,0,0,0,0,0,0	30,24,24,12,19,17,26,22,18,20	0,0,0,0,0,1,0,0,0,0	1060	75
2623	6,4,4,4,10,5,7,7,2,2	19,15,21,22,12,25,15,22,14,10	4,4,6,8,5,4,2,5,3,3	25,21,21,11,19,11,18,18,10,17	154	75
2624	107,69,77,41,80,56,63,64,66,92	0,0,0,0,0,0,0,1,0,0	78,71,74,64,71,100,83,74,70,96	0,0,0,0,0,0,0,0,0,0	433	75
2625	48,55,35,52,34,36,59,46,37,46	21,48,41,36,26,39,29,36,47,23	43,47,39,37,59,46,56,49,34,43	22,48,45,30,39,34,54,18,46,44	304	75
2626	28,18,24,26,27,20,20,29,31,21	0,0,1,0,1,0,1,0,0,0	25,38,17,19,14,17,29,25,20,23	1,0,0,0,1,0,0,1,0,0	113	75
2627	81,76,83,72,75,59,77,90,85,69	0,0,1,0,1,0,1,0,0,0	54,115,64,68,63,91,61,68,67,69	1,0,0,0,1,0,0,1,0,0	158	75
2628	56,59,62,48,50,42,60,64,56,50	3,1,3,2,2,3,3,3,2,2	33,86,51,49,50,77,35,45,49,48	4,9,4,0,1,3,3,2,2,2	120	75
2630	0,0,0,0,0,0,0,0,0,0	0,0,3,0,0,3,0,3,0,2	2,0,0,0,0,1,0,0,0,0	1,0,1,1,0,1,0,0,0,0	79	75
2631	8,3,8,2,11,6,6,14,8,11	1,1,1,1,1,1,1,1,0,0	10,12,3,6,8,10,0,2,2,7	1,1,0,0,0,0,0,1,2,1	88	75
2632	1,0,0,0,0,0,3,4,3,0	0,0,1,0,0,0,0,0,0,0	2,2,1,0,3,1,0,1,1,1	0,0,0,0,1,0,0,1,0,0	88	75
2633	9,16,17,17,11,8,19,12,15,10	0,0,0,0,0,0,0,0,0,0	11,16,13,10,14,14,8,12,14,17	0,0,0,0,0,0,2,0,0,0	126	75
2635	13,8,13,13,8,14,9,12,11,16	0,0,0,0,0,0,0,1,0,0	18,11,15,9,20,12,12,21,9,11	0,0,0,0,0,0,0,0,1,0	99	75
2636	39,58,61,57,55,58,74,59,62,52	0,0,0,0,2,0,0,0,0,0	32,73,32,16,31,57,36,24,37,19	0,0,0,0,0,0,0,0,0,0	915	75
2637	64,72,85,84,74,85,96,87,90,88	0,0,1,0,1,1,0,2,2,1	45,113,39,31,48,82,57,44,54,28	2,0,1,0,1,0,4,0,0,0	915	75
2638	157,175,211,160,175,167,146,103,123,119	0,0,0,0,1,1,0,1,0,0	159,162,181,161,148,144,107,145,183,174	2,0,0,0,0,0,0,0,0,1	361	75
2642	13,11,15,12,3,3,3,9,14,10	2,2,4,5,4,4,1,0,4,5	13,14,14,12,13,9,12,14,10,7	5,9,5,1,5,7,3,1,1,5	84	75
2644	0,0,0,0,0,0,1,0,0,0	3,4,2,0,4,2,0,1,3,0	0,0,0,0,0,0,0,0,0,0	2,4,3,0,1,3,1,1,1,2	109	75
2645	0,3,3,1,0,0,1,0,0,0	131,113,117,98,106,109,107,109,147,131	0,1,0,0,2,0,0,0,1,0	136,106,95,108,118,121,143,100,121,90	132	75
2646	160,131,160,154,118,138,150,126,155,190	1,0,1,1,1,0,0,0,2,0	133,130,134,169,147,180,155,128,143,132	0,2,1,0,0,0,0,0,1,2	112	75
2647	90,86,96,82,94,78,77,75,70,70	20,14,12,9,16,16,10,6,13,13	76,96,72,88,73,84,90,89,95,94	17,12,6,8,11,19,12,9,13,17	163	75
2648	15,19,11,17,13,14,19,28,32,23	0,0,0,1,0,0,0,0,0,0	10,33,7,7,14,24,28,23,20,12	0,0,0,0,0,0,0,0,0,0	215	75
2649	130,130,135,124,119,146,120,111,106,134	0,0,0,1,0,0,0,0,0,0	137,157,136,144,111,131,128,155,137,138	0,0,0,0,0,0,0,0,0,0	264	75
2651	0,0,0,0,0,0,0,1,0,0	0,0,0,0,0,0,0,0,0,0	0,0,0,0,0,0,0,1,0,0	0,0,0,1,0,0,0,0,0,0	106	75
2653	1,0,0,0,0,0,1,0,1,0	0,0,0,0,0,0,0,0,1,0	0,2,0,1,1,0,2,0,0,0	1,1,1,0,0,1,0,0,0,0	96	75
2654	61,51,61,41,49,51,35,35,60,57	4,8,9,2,5,9,9,5,10,3	62,33,35,54,46,40,41,43,51,59	3,6,8,2,5,7,7,2,5,4	85	75
2656	1,0,0,0,0,0,0,0,0,0	51,62,57,49,47,49,37,45,32,45	2,0,0,0,0,2,3,0,0,0	52,50,41,50,49,57,45,49,44,48	120	75
2657	0,1,2,1,0,0,0,0,0,0	3,0,1,2,1,0,0,1,2,0	3,0,0,0,0,1,0,0,0,1	1,0,5,1,0,0,0,1,0,0	87	75
2658	20,19,30,27,19,20,27,24,19,13	0,0,0,0,1,0,0,0,0,0	24,29,14,17,17,9,12,15,28,23	0,0,0,0,0,0,0,0,0,0	2161	75
2659	2,4,2,10,2,1,4,3,2,1	1,3,1,1,2,2,1,1,1,2	2,0,3,2,2,2,0,0,3,4	2,3,1,2,1,2,1,0,1,5	129	75
2660	17,16,35,24,22,21,18,17,25,28	0,0,0,0,1,1,0,0,0,0	20,30,28,21,21,24,23,16,26,12	2,1,0,0,1,0,1,1,0,0	122	75
2662	0,6,5,2,2,3,0,0,1,1	1,0,0,0,0,0,0,0,1,0	0,1,1,0,1,7,1,1,3,0	0,0,0,0,0,0,0,0,0,0	173	75
2663	0,6,5,2,2,3,0,0,1,1	1,1,2,0,0,0,1,0,3,0	0,1,1,0,1,7,1,1,3,0	1,1,0,0,0,0,0,0,0,0	176	75
2664	1,0,0,0,0,0,0,0,1,0	1,1,2,0,0,0,1,0,3,0	0,0,0,0,0,0,0,0,0,0	1,1,0,0,0,0,0,0,0,0	78	75
2668	3,0,0,1,1,1,2,0,1,4	0,0,0,0,0,0,0,0,0,0	0,1,0,1,1,3,0,1,2,1	0,1,1,0,0,1,0,0,0,0	79	75
2669	3,0,0,1,1,1,2,0,2,4	0,0,0,0,0,0,0,0,0,0	0,1,0,1,1,3,0,1,2,1	0,0,0,1,0,0,0,0,0,0	82	75
2670	0,0,0,0,0,0,0,0,1,0	0,0,0,0,0,0,0,0,0,0	0,1,1,0,0,1,0,0,0,0	0,0,0,1,0,0,0,0,0,0	78	75
2674	131,136,128,114,107,118,98,82,111,107	0,0,0,0,0,0,0,0,0,0	121,129,105,87,99,85,115,111,83,97	0,0,0,0,0,0,0,1,0,0	475	75
2675	234,183,231,223,167,189,190,168,197,190	1,7,6,2,0,4,0,2,2,0	182,181,196,174,197,229,213,154,203,148	2,3,2,4,1,2,2,1,2,1	124	75
2676	1138,1039,1154,932,1032,1032,858,904,961,959	0,0,0,0,0,0,0,0,0,0	998,1068,943,864,1063,1038,1091,1050,893,980	0,0,0,0,0,0,0,1,0,0	578	75
2678	1,1,2,2,3,0,2,1,0,4	4,6,1,4,1,2,1,3,2,1	0,1,1,0,4,1,1,3,2,0	0,1,1,0,1,6,1,0,1,0	105	75
2679	16,10,13,20,16,15,14,9,17,14	48,39,55,42,51,61,42,33,48,42	17,11,11,10,17,14,19,12,10,13	35,45,48,50,38,43,36,55,46,34	105	75
2680	2,2,0,1,2,1,0,0,1,0	42,30,19,36,19,27,35,31,28,25	0,0,0,1,3,0,1,2,0,1	36,35,29,19,33,24,44,32,26,20	87	75
2681	1,2,0,1,0,0,1,2,2,2	0,0,1,0,0,1,0,2,1,0	1,3,1,1,1,1,5,1,0,4	0,0,0,1,1,0,0,1,1,0	83	75
2682	6,9,4,6,3,8,4,2,3,11	54,60,47,30,62,45,41,23,43,36	5,5,3,3,5,2,6,4,3,6	25,46,43,30,43,53,45,44,31,34	215	75
2683	3,3,6,10,6,4,9,10,4,2	75,73,63,70,73,78,66,70,55,70	11,4,6,5,4,5,4,4,5,5	63,74,77,58,68,78,58,57,61,50	270	75
2685	1,1,1,2,0,1,1,2,3,1	3,1,1,3,1,0,1,3,4,0	0,1,1,2,2,2,3,2,5,0	0,2,0,0,1,0,0,0,2,1	182	75
2686	25,26,28,19,28,19,20,20,23,27	7,10,10,6,0,11,14,8,10,3	17,28,20,23,15,30,24,25,29,17	11,9,6,11,10,9,14,10,8,7	105	75
2687	9,3,6,7,5,6,3,6,6,3	24,25,18,24,28,31,19,22,19,17	5,11,4,6,9,7,10,4,7,7	28,27,28,26,19,16,22,27,21,45	301	75
2688	51,44,45,37,52,45,34,19,50,51	4,4,4,3,0,3,2,3,5,5	42,68,40,57,45,44,55,36,53,46	5,7,5,5,2,7,4,3,2,3	85	75
2689	146,136,141,143,129,125,123,108,103,152	0,0,0,0,0,0,0,0,0,1	130,123,114,130,135,125,112,124,131,100	0,0,2,0,1,0,0,0,0,0	302	75
2690	99,58,107,100,85,78,85,87,92,100	0,0,0,0,1,1,0,0,0,1	77,80,105,76,95,89,76,64,91,66	0,0,0,0,0,0,0,0,0,0	93	75
2692	157,174,156,124,152,112,129,128,155,140	52,41,56,65,50,66,52,53,41,62	121,174,154,136,144,150,161,137,141,141	53,75,54,56,48,73,54,69,48,50	81	75
2696	46,67,54,60,33,61,42,38,43,47	5,3,1,2,7,1,6,0,2,7	72,60,52,50,55,50,47,48,45,48	2,3,4,5,1,6,5,4,3,3	139	75
2699	62,58,65,76,59,57,62,62,63,61	24,18,24,18,26,24,14,25,19,17	44,95,56,63,63,35,49,70,82,49	22,33,17,16,12,26,18,26,22,18	1372	75
2702	12,10,7,12,8,6,20,9,3,8	5,5,7,10,4,6,2,6,5,5	12,7,8,12,8,13,7,10,8,24	12,3,4,2,5,1,10,8,7,2	2206	75
2705	1,0,2,1,0,1,0,0,2,1	35,40,32,31,36,41,39,27,33,42	3,0,3,0,2,1,1,1,1,2	32,29,35,36,32,50,37,45,32,30	99	75
2708	2,1,3,0,1,1,6,0,3,2	1,5,0,0,1,4,0,3,0,1	2,3,4,2,4,2,1,2,0,3	0,0,0,3,0,2,0,0,1,1	79	75
2709	0,0,0,0,1,0,0,0,0,0	10,6,15,13,10,7,8,8,12,8	0,0,0,0,0,0,0,0,0,0	10,14,6,7,14,10,19,5,10,6	79	75
2711	5,2,5,2,1,9,4,8,5,1	33,43,38,36,32,55,27,24,41,40	8,8,1,1,5,2,2,10,1,4	34,27,39,37,46,36,38,26,38,29	108	75
2712	10,3,6,8,13,5,4,9,1,9	2,0,0,1,1,0,0,1,1,0	11,8,6,6,8,10,7,6,1,6	3,4,0,0,2,0,3,2,1,1	90	75
2713	212,183,202,149,171,177,159,169,188,172	272,280,256,239,208,231,240,226,236,269	184,188,147,165,182,212,219,170,169,161	220,228,277,230,268,284,233,251,254,251	90	75
2714	0,0,0,0,0,0,0,0,1,0	0,0,2,0,0,0,0,0,1,2	0,0,1,0,0,0,0,0,0,0	0,2,1,2,1,1,1,1,0,0	154	75
2717	0,0,1,3,2,2,0,1,3,1	0,0,0,0,0,0,0,0,0,0	2,1,2,0,0,1,0,1,1,4	0,0,1,0,0,0,0,0,0,0	81	75
2718	14,4,15,14,8,20,21,2,16,9	0,0,0,0,0,0,1,0,0,0	13,12,9,16,9,8,9,7,8,10	0,0,0,0,0,0,0,0,0,0	162	75
2719	51,34,39,33,39,43,35,41,37,39	1,0,0,0,0,0,0,0,0,0	44,41,26,30,36,44,30,31,29,49	0,0,0,0,0,0,0,0,0,0	402	75
2720	85,67,69,52,60,47,69,55,54,67	0,3,1,2,1,1,0,1,0,0	79,83,57,54,54,64,67,46,73,65	0,0,0,0,0,0,2,1,0,1	211	75
2721	137,169,193,158,164,128,145,131,121,153	0,0,0,0,0,1,0,0,1,1	165,151,154,138,156,131,154,152,159,148	0,0,0,0,0,0,0,0,0,0	416	75
2722	0,0,0,0,0,0,0,0,0,0	0,0,1,0,0,0,0,1,0,1	0,1,0,1,0,0,0,0,0,0	0,1,0,0,0,0,0,2,0,0	153	75
2723	0,2,1,2,0,0,5,0,0,0	3,7,3,1,7,2,3,2,9,8	3,2,1,0,2,1,2,1,0,0	2,5,4,6,2,8,4,1,5,0	119	75
2725	6,3,2,1,1,3,0,5,4,4	0,0,0,0,0,0,0,0,0,0	2,12,2,4,0,7,2,0,1,2	0,0,0,0,0,1,0,0,0,1	135	75
2726	235,261,281,260,231,237,228,259,229,237	0,2,3,0,2,0,1,0,0,3	274,215,204,242,261,226,278,260,222,223	1,1,1,3,1,3,1,3,1,1	123	75
2727	0,0,2,0,0,0,2,0,0,0	14,10,11,8,10,8,8,6,5,6	0,0,0,0,0,0,0,0,0,0	10,13,14,9,9,4,10,14,14,4	122	75
2728	3,8,4,0,4,7,1,7,2,2	11,2,3,4,1,2,5,3,3,0	2,5,4,4,6,6,4,4,8,6	2,2,4,3,1,4,5,5,9,6	100	75
2730	0,0,2,0,0,2,0,1,2,0	0,0,0,0,0,1,0,0,0,0	0,1,1,0,0,0,1,0,0,1	0,0,0,0,0,0,0,0,0,0	86	75
2732	75,64,77,62,66,70,51,47,58,66	6,12,20,11,6,15,14,7,9,10	69,79,46,66,82,53,81,67,83,82	15,19,6,9,13,17,15,12,12,10	325	75
2733	8,8,10,8,10,7,3,11,9,6	0,3,1,0,0,0,1,0,0,1	6,6,12,3,2,12,6,11,10,11	1,1,0,0,0,0,0,0,0,0	146	75
2734	0,0,0,0,0,1,0,0,0,0	1,4,0,3,4,5,1,4,4,7	1,0,0,0,3,1,0,0,0,0	4,5,5,4,2,7,7,3,5,4	90	75
2735	2,3,6,6,0,1,2,4,7,2	0,0,0,3,0,1,1,0,0,0	9,4,6,3,2,2,7,3,4,4	0,3,0,3,0,1,0,3,1,1	102	75
2739	167,207,197,193,145,199,188,144,150,157	1,0,1,1,0,2,0,0,1,0	179,214,175,173,169,175,217,186,194,204	1,2,2,1,1,3,0,1,1,1	87	75
2740	24,33,29,35,30,40,18,29,13,23	0,0,0,0,0,1,1,0,0,0	17,31,22,27,25,21,16,20,29,27	0,0,1,3,2,0,0,0,0,0	162	75
2741	1,0,0,0,0,0,1,2,1,0	56,72,85,55,54,50,53,39,56,51	0,0,1,0,0,1,1,3,3,0	63,62,65,61,51,71,45,65,67,57	93	75
2742	206,199,225,255,218,262,148,169,162,211	27,38,36,26,27,30,23,32,28,35	235,184,219,173,205,215,162,213,197,141	29,22,28,22,32,22,33,31,37,26	90	75
2743	0,0,0,0,0,0,0,0,0,0	0,0,0,0,1,0,0,0,0,0	0,1,0,0,0,0,0,0,0,0	0,0,0,0,0,0,0,0,0,0	174	75
2744	69,59,68,54,69,66,79,44,45,53	51,52,66,54,70,86,69,55,49,88	70,55,71,61,74,52,60,59,60,56	47,75,63,70,50,79,55,65,66,78	204	75
2745	37,34,30,27,36,30,47,23,25,31	2,2,1,0,1,2,2,0,3,1	38,30,34,27,30,30,26,35,33,23	1,2,1,2,2,2,1,3,3,3	204	75
2746	254,264,272,246,238,243,202,212,216,191	56,51,45,39,44,51,38,37,54,55	258,297,254,248,245,265,248,232,265,259	61,41,41,32,52,40,41,34,56,36	94	75
2747	119,115,114,114,69,98,112,76,90,113	4,4,8,5,3,4,4,2,5,2	113,107,74,81,100,110,121,83,79,86	2,4,2,5,5,1,3,6,5,2	191	75
2748	224,210,196,196,133,169,179,129,151,192	43,30,35,30,44,29,33,30,24,21	182,173,149,139,169,182,215,145,153,166	43,37,34,30,23,30,44,31,33,36	191	75
2751	126,156,114,149,129,93,126,131,121,102	1,0,1,0,1,0,0,0,0,0	125,147,109,153,105,124,86,124,176,129	0,0,0,0,0,0,0,0,0,0	865	75
2752	81,81,79,71,79,56,65,70,83,71	2,2,4,1,0,3,2,1,1,2	78,78,76,73,81,81,73,69,55,69	3,0,3,1,1,0,0,1,0,0	110	75
2754	197,200,176,156,148,229,173,173,163,139	0,0,0,0,1,2,0,1,0,0	162,174,123,144,150,202,204,167,126,168	0,0,1,0,2,0,0,0,1,0	583	75
2755	1,3,2,2,2,0,0,1,1,1	0,0,0,0,0,0,1,0,0,1	0,2,1,0,0,1,3,0,0,0	0,2,0,0,0,1,0,0,0,0	125	75
2756	144,144,146,152,128,145,151,116,140,114	1,0,0,0,0,0,1,0,1,1	115,153,126,116,127,135,167,116,133,123	0,0,1,1,0,0,0,0,0,1	1462	75
2757	13,3,3,5,3,4,7,6,6,6	3,4,3,6,1,3,7,2,1,3	7,5,7,5,2,6,4,4,4,2	8,5,4,6,6,5,6,6,4,3	95	75
2758	56,38,31,43,20,36,28,35,44,25	0,1,1,0,0,0,0,0,0,1	30,31,32,30,47,36,27,35,48,32	1,2,0,0,0,0,0,0,1,0	2423	75
2759	0,0,0,0,0,0,0,1,0,3	40,68,38,55,36,45,27,30,59,45	0,2,1,0,0,0,0,0,0,0	44,49,41,39,36,31,41,61,43,38	235	75
2761	3,0,0,2,1,4,3,0,1,0	4,8,9,10,7,9,11,6,9,11	3,3,4,2,3,0,0,0,0,0	6,15,5,10,10,6,9,7,14,4	81	75
2762	291,253,270,248,258,221,235,233,284,238	0,0,0,0,0,0,0,0,0,0	221,269,228,243,228,241,239,254,258,204	0,0,0,1,0,0,0,0,0,0	4856	75
2764	82,69,74,80,71,49,71,62,69,93	52,37,60,65,40,64,35,46,52,43	79,62,61,75,76,92,80,90,85,60	48,42,58,48,39,43,52,46,65,51	213	75
2765	9,6,2,6,7,9,7,4,4,3	0,3,3,1,5,6,1,2,1,4	4,1,6,5,4,5,5,10,6,1	3,4,3,1,2,2,4,1,4,0	138	75
2766	7,4,2,3,5,6,5,0,4,2	0,0,0,0,0,1,0,0,0,0	4,1,2,2,2,5,4,4,5,1	1,0,0,0,0,0,0,0,0,0	138	75
2772	36,53,35,36,35,44,37,29,28,38	0,0,0,0,1,0,0,0,1,2	30,63,41,36,20,37,33,37,26,43	1,0,0,0,0,0,1,0,0,0	231	75
2774	0,0,0,0,0,0,1,1,0,0	2,0,2,1,2,0,1,0,2,1	0,1,0,0,0,0,0,0,0,0	0,1,1,1,1,0,0,0,0,0	91	75
2775	2,2,4,1,2,2,2,2,2,2	61,41,55,49,42,47,35,46,34,34	0,1,0,0,0,1,3,0,1,1	64,56,38,45,47,46,35,39,48,52	247	75
2776	1,2,3,0,2,1,0,0,2,0	0,1,0,0,0,0,0,0,0,0	2,1,2,3,1,0,2,1,2,2	0,0,3,1,0,1,0,0,0,0	639	75
2778	0,2,2,2,2,0,3,3,1,1	0,0,0,0,0,0,0,0,0,0	1,4,2,2,1,3,7,3,1,4	0,0,0,0,0,0,0,1,0,0	77	75
2779	53,50,46,45,49,48,51,34,44,50	32,27,15,38,28,26,28,23,17,24	64,48,52,48,59,45,61,41,50,63	27,22,25,19,17,19,21,36,24,23	77	75
2781	39,27,31,22,36,31,16,24,33,24	0,0,0,0,0,1,0,0,0,2	24,30,21,26,28,27,25,28,32,29	0,0,0,0,0,0,0,0,0,1	107	75
2782	97,90,110,83,88,89,61,70,92,96	2,0,1,0,2,1,0,1,2,1	85,106,72,95,76,81,87,96,89,88	0,0,0,0,0,0,0,0,0,0	107	75
2783	2,2,2,1,1,1,5,1,2,1	19,17,20,18,16,13,16,20,13,13	5,2,2,3,0,4,5,1,4,1	16,18,14,29,11,16,16,19,31,23	123	75
2785	105,110,113,102,98,98,110,84,94,98	0,1,0,0,1,0,0,0,0,0	103,103,87,95,81,109,100,121,89,88	0,0,0,0,0,0,0,0,0,0	151	75
2786	0,0,0,0,0,0,0,0,1,0	0,0,0,0,0,0,0,0,0,0	0,0,0,0,0,0,0,0,0,0	0,0,0,0,0,0,0,0,0,1	84	75
2788	2,2,3,0,4,5,5,2,4,4	0,1,0,0,0,0,0,0,0,0	3,3,6,5,5,1,4,3,3,1	0,0,0,0,0,0,0,0,0,0	113	75
2790	275,268,295,276,232,227,234,182,223,247	248,244,287,246,248,277,264,208,242,240	263,241,286,231,305,225,256,267,218,232	235,241,243,242,241,270,261,243,252,221	84	75
2791	1,2,2,1,1,4,2,2,2,3	30,35,30,22,9,21,24,15,21,23	2,3,0,1,2,0,6,1,7,0	30,21,15,13,19,25,33,17,12,37	96	75
2792	5,3,10,4,5,9,3,5,6,10	1,3,1,1,0,2,1,1,2,0	1,6,3,4,4,8,2,6,2,4	0,2,1,2,1,1,2,1,1,3	185	75
2793	4,2,10,3,5,8,3,3,6,6	6,16,14,6,11,10,6,8,8,8	1,6,3,3,4,7,2,7,1,3	15,14,5,14,12,12,10,8,4,10	185	75
2795	3,7,4,3,0,2,1,3,2,1	54,61,57,42,39,45,55,42,45,53	5,1,4,3,4,4,5,6,5,2	42,60,44,46,60,51,59,51,40,38	84	75
2796	22,20,32,29,29,24,23,24,19,23	6,4,1,5,4,5,2,4,2,1	21,21,21,21,16,17,23,23,23,18	3,3,7,2,4,8,4,1,2,3	194	75
2797	17,25,23,15,11,11,13,10,5,10	67,54,73,50,68,52,52,50,52,59	18,9,11,17,12,14,16,8,13,8	63,64,66,54,41,50,65,44,63,41	284	75
2798	0,2,2,0,0,1,0,0,0,1	21,12,18,27,13,21,14,18,14,22	1,0,2,0,0,0,0,2,1,1	21,22,22,22,10,19,27,15,18,19	130	75
2799	2,6,2,4,3,4,2,2,2,1	16,5,8,18,8,10,9,5,17,9	3,3,2,4,2,2,9,1,2,3	11,9,9,7,15,8,10,7,10,10	226	75
2800	23,25,14,12,18,19,15,12,13,14	0,0,0,0,0,0,1,0,0,0	20,14,15,15,12,25,18,9,23,13	1,0,0,0,0,0,0,0,0,0	282	75
2801	1,1,1,3,1,5,0,0,1,2	22,25,24,26,19,17,30,15,25,28	3,0,2,1,1,2,4,0,4,4	16,29,15,25,17,19,21,16,20,11	91	75
2802	15,14,25,18,22,22,11,14,15,16	1,2,3,1,1,1,0,2,6,1	11,22,16,11,10,15,15,9,12,15	4,2,1,1,1,1,1,0,0,2	110	75
2803	96,127,149,135,132,96,86,85,105,99	2,0,2,2,1,1,0,1,3,0	96,104,146,98,81,89,85,72,117,86	2,3,0,0,2,2,1,0,3,1	119	75
2804	3,1,0,0,0,1,2,0,1,0	23,14,22,17,18,13,15,16,18,13	1,0,0,0,1,0,1,1,0,1	21,14,13,11,18,17,17,11,9,15	79	75
2805	1,2,2,2,2,1,4,4,2,1	20,20,13,15,18,16,13,7,16,18	2,2,3,2,4,1,3,2,4,6	12,19,8,13,9,13,18,16,10,11	120	75
2806	0,0,2,1,0,0,1,1,1,0	25,24,36,24,26,19,16,18,23,29	1,0,0,1,2,1,0,0,0,0	23,21,24,22,30,32,22,22,22,15	88	75
2807	27,32,28,15,26,12,13,26,30,31	0,0,0,0,0,0,0,0,0,0	18,27,21,19,14,20,22,14,18,20	0,0,0,0,0,0,0,1,0,0	206	75
2809	26,33,30,23,25,23,34,30,28,37	6,9,14,6,19,11,15,9,12,13	30,25,33,22,38,25,34,22,32,23	13,7,11,7,9,4,10,16,16,6	468	75
2810	3,5,4,7,8,0,4,6,7,4	45,37,41,20,32,35,26,30,34,13	4,6,5,4,3,5,11,7,9,6	27,41,41,35,28,30,44,25,29,25	93	75
2811	9,8,2,4,2,3,1,6,3,3	45,38,34,20,20,19,36,32,28,22	3,1,3,5,3,5,8,5,0,9	34,20,20,33,36,29,43,34,20,39	1064	75
2812	1,3,1,1,4,5,1,6,6,1	6,3,4,3,5,2,3,8,2,3	2,0,3,2,2,3,5,4,0,2	2,6,7,4,1,1,8,5,4,4	84	75
2813	6,12,9,12,12,9,7,9,10,19	3,1,1,2,2,3,2,4,1,1	7,16,9,9,7,8,7,6,5,8	1,0,0,0,1,1,0,4,1,0	162	75
2814	12,20,14,13,22,21,9,13,17,24	3,1,1,2,2,3,2,4,1,1	13,21,13,18,8,13,9,13,14,8	1,0,0,0,1,1,0,4,1,0	165	75
2815	6,8,6,3,11,12,3,4,8,5	0,0,1,2,1,0,1,0,1,0	6,5,7,9,2,5,3,8,9,2	0,0,3,0,1,0,1,1,0,2	78	75
2817	6,12,9,10,11,9,6,9,9,19	0,0,0,0,0,0,0,0,1,0	7,16,6,9,6,8,6,5,5,6	0,0,0,0,0,0,0,0,0,0	162	75
2818	7,16,13,12,11,12,8,9,10,21	0,0,0,0,0,0,0,0,1,0	10,18,9,12,7,10,8,9,7,9	0,0,0,0,0,0,0,0,0,0	165	75
2819	1,4,5,2,0,3,2,0,1,2	0,0,1,0,0,0,0,0,0,0	3,2,3,3,1,2,2,4,2,3	0,0,0,0,0,0,0,0,0,0	78	75
2820	0,0,0,0,1,0,0,0,0,0	27,23,11,23,28,22,13,13,29,18	0,0,0,0,0,0,0,0,0,0	16,11,16,19,22,26,21,18,17,17	174	75
2821	8,7,2,3,3,3,3,8,5,0	164,183,129,150,161,166,110,105,106,136	4,1,5,1,2,3,5,4,4,4	147,166,128,125,146,133,103,155,155,145	153	75
2823	11,11,13,12,6,8,4,5,12,15	16,13,13,15,10,23,12,24,9,11	9,13,8,9,13,15,12,8,8,13	16,9,14,10,12,13,15,9,15,10	104	75
2824	9,5,10,9,4,11,8,8,4,5	19,11,24,24,24,16,20,13,20,13	8,3,5,5,10,8,8,4,5,6	24,18,15,12,22,21,22,15,14,15	89	75
2825	0,0,3,1,0,1,0,1,1,0	5,14,4,4,6,9,7,8,7,3	0,2,1,1,1,0,0,1,2,0	2,10,7,4,5,7,2,5,5,2	79	75
2826	201,197,222,190,196,210,163,167,184,192	0,0,0,0,0,0,0,0,0,0	198,189,197,216,170,218,209,221,166,200	0,0,0,0,0,0,0,0,1,0	84	75
2829	7,3,11,3,6,2,1,4,5,4	2,0,0,0,0,0,0,0,0,0	2,11,6,4,2,5,0,6,7,4	0,0,0,0,0,1,2,0,0,1	96	75
2830	300,289,287,265,302,316,281,246,270,296	72,90,59,54,62,70,44,53,70,59	266,282,239,309,273,258,281,262,321,326	49,71,55,69,67,78,68,80,67,65	1433	75
2832	38,37,36,17,37,49,32,27,28,26	2,3,4,3,5,0,4,2,1,3	33,27,44,34,35,26,29,30,27,32	3,8,2,2,1,3,1,3,1,4	123	75
2833	32,36,43,31,37,37,33,21,22,29	0,2,2,2,1,1,2,1,2,2	37,31,37,36,29,30,33,19,23,32	1,2,1,0,0,1,0,1,3,0	123	75
2834	29,18,34,28,38,19,22,17,29,26	0,3,2,0,2,0,0,1,1,4	20,31,24,22,18,22,32,31,17,19	0,0,0,0,1,0,1,0,1,0	119	75
2835	98,117,75,78,67,75,64,73,102,81	0,0,0,0,1,0,0,0,0,0	88,102,68,81,78,59,81,68,79,76	0,1,2,0,0,0,0,0,0,0	870	75
2836	5,5,6,7,1,12,9,2,11,4	24,12,23,11,20,19,7,14,9,9	3,3,2,5,9,6,9,7,7,5	29,14,15,19,12,24,14,11,20,19	240	75
2837	146,124,152,128,145,115,101,99,115,96	6,5,3,0,1,5,4,4,3,1	107,134,120,133,137,127,108,159,128,127	6,6,7,4,6,0,1,5,0,1	131	75
2839	3,12,8,5,5,2,3,7,7,12	19,11,25,12,8,13,14,12,17,14	5,2,7,9,1,8,3,4,11,3	10,13,12,13,11,16,16,17,13,13	197	75
2841	39,45,55,44,27,36,37,30,44,40	0,0,0,1,1,3,1,0,1,0	53,39,40,42,46,31,39,40,35,35	0,1,0,3,2,0,2,2,0,1	82	75
2842	326,352,371,318,296,307,278,287,311,333	0,0,2,0,2,3,0,0,3,0	340,372,319,297,291,298,295,291,283,272	0,0,0,2,3,0,0,0,0,0	362	75
2844	1384,1293,1197,1142,1221,977,1123,1005,1237,1263	1,1,1,1,0,0,0,0,1,0	1185,1246,1113,1180,1248,1164,1296,1171,1118,1095	0,4,0,0,0,1,2,1,2,0	265	75
2845	1482,1362,1313,1242,1255,1059,1156,1054,1260,1353	0,5,2,3,3,0,2,8,1,3	1314,1336,1237,1256,1365,1247,1354,1227,1196,1108	2,0,2,3,4,1,2,6,1,1	709	75
2846	3,5,1,3,2,3,3,4,5,3	30,11,17,17,27,15,14,25,29,16	2,3,5,3,8,2,1,1,2,2	14,21,24,21,21,27,26,21,17,26	85	75
2847	3,4,12,6,7,9,5,6,4,1	0,1,2,2,0,0,0,0,0,0	0,5,7,6,2,2,1,3,7,2	0,0,0,0,0,1,0,0,0,0	86	75
2848	0,0,0,0,3,2,0,0,2,0	16,9,10,10,21,15,17,12,19,22	2,0,0,0,1,2,2,0,2,0	14,16,11,14,9,15,10,17,22,16	93	75
2849	81,81,116,79,77,71,73,56,69,72	0,0,0,0,0,0,0,0,0,0	78,67,62,74,79,76,74,74,59,65	0,0,0,0,1,0,0,0,0,1	267	75
2851	1,3,1,2,2,1,2,1,2,1	463,461,453,424,434,495,376,339,409,333	0,0,0,0,3,4,1,3,1,3	404,453,369,409,412,358,396,433,408,362	238	75
2852	168,231,135,144,158,191,132,129,164,131	0,0,0,0,0,0,0,1,0,0	127,190,134,172,135,162,197,194,174,177	0,0,0,0,0,0,0,0,1,1	603	75
2853	6,4,2,4,7,2,4,3,8,1	9,12,10,8,20,14,13,4,13,11	0,5,5,4,4,7,3,1,3,2	6,27,9,13,14,11,24,17,6,8	120	75
2855	2,2,1,2,0,0,0,0,1,1	6,4,4,7,4,8,5,6,6,2	2,1,2,2,0,0,2,0,4,1	9,11,9,6,6,7,9,4,10,10	134	75
2856	102,107,118,110,82,96,125,70,91,107	0,0,0,0,0,0,0,0,0,0	97,107,90,78,94,94,103,97,96,104	0,0,1,0,0,0,0,0,0,0	414	75
2858	33,32,47,40,32,37,30,35,27,29	1,1,0,0,2,2,1,1,0,1	35,32,33,31,35,43,44,34,33,29	0,1,0,0,3,2,1,0,1,3	79	75
2859	0,0,0,0,0,1,0,0,0,0	9,7,6,5,4,8,7,8,12,6	0,0,0,0,0,0,1,0,1,0	10,9,7,8,5,4,11,7,8,3	131	75
2860	0,0,1,0,0,0,0,0,0,0	12,1,6,2,6,1,1,1,4,5	1,0,0,0,0,2,0,0,0,0	1,13,3,2,3,3,3,0,3,0	80	75
2862	17,22,14,19,17,14,13,16,23,14	1,2,1,2,1,3,2,0,0,2	15,14,23,17,12,22,15,17,25,10	4,1,0,0,4,1,1,1,2,2	108	75
2863	0,1,0,0,0,0,0,1,1,1	0,0,0,0,0,0,1,0,0,0	0,1,3,1,1,2,3,0,0,0	0,0,0,1,1,0,0,0,0,0	86	75
2864	0,4,3,1,2,0,0,1,5,4	0,0,3,0,0,0,1,4,0,0	4,1,3,0,3,3,4,1,1,2	1,1,3,0,0,1,1,0,1,1	86	75
2866	0,0,1,0,3,0,0,0,0,0	6,11,14,13,13,11,15,10,10,9	3,3,1,0,1,1,1,0,1,1	6,29,13,16,17,9,14,9,12,8	80	75
2867	0,5,6,1,3,0,3,7,0,1	93,99,89,91,89,91,75,89,79,108	2,4,1,1,2,0,2,1,4,1	91,105,78,89,77,100,91,83,109,100	108	75
2868	169,157,173,158,142,155,141,157,143,149	0,0,0,0,0,0,0,1,0,0	140,134,141,156,155,138,150,127,154,146	0,0,0,0,0,0,0,0,0,1	308	75
2869	14,3,8,7,7,12,7,9,4,6	1,0,0,0,3,0,0,1,1,0	6,10,4,9,5,9,8,7,7,7	0,0,0,0,1,0,2,0,2,0	379	75
2870	1,0,0,1,1,0,0,2,0,0	1,1,2,0,1,0,0,0,0,2	0,0,0,0,1,0,0,0,0,0	0,3,1,0,0,0,0,0,0,1	89	75
2871	27,30,14,28,32,26,28,23,29,30	16,7,18,15,11,11,26,10,13,9	20,22,27,42,20,20,33,33,37,19	16,20,13,16,23,13,24,12,27,17	283	75
2872	0,5,1,2,0,0,3,0,2,0	36,24,25,28,31,31,20,17,18,22	1,0,1,0,1,2,1,0,3,0	21,24,26,19,21,21,34,34,21,33	82	75
2873	31,16,53,24,22,30,25,15,31,23	40,37,44,29,26,33,38,33,34,30	25,26,24,18,31,22,23,28,26,25	33,38,33,30,34,26,28,38,34,29	94	75
2874	10,1,3,8,4,3,4,12,11,2	17,29,31,18,16,14,19,11,32,27	3,5,3,8,7,7,9,2,5,10	26,14,14,20,18,21,25,10,19,22	220	75
2876	24,32,37,26,30,40,30,17,27,23	0,0,0,2,0,0,1,0,0,0	27,22,31,23,30,23,42,27,21,30	0,0,1,1,0,0,0,1,0,0	82	75
2877	178,151,173,166,170,164,146,117,199,158	10,6,4,4,3,7,5,8,1,6	153,151,164,162,143,201,174,138,138,115	4,2,9,5,4,7,13,7,5,5	111	75
2879	394,429,434,376,390,381,327,333,369,330	0,0,0,0,0,0,0,0,0,0	365,377,328,398,407,406,383,327,387,298	0,0,1,0,0,0,0,0,0,0	561	75
2882	0,3,0,2,0,0,0,2,2,1	0,0,0,0,1,1,2,1,0,2	1,0,0,0,0,0,0,2,1,1	2,0,0,1,2,0,0,0,0,0	79	75
2883	1,0,0,0,0,0,0,0,0,0	0,0,0,0,2,0,0,0,0,0	0,0,0,0,0,0,0,1,1,1	0,0,0,0,0,0,1,0,0,0	79	75
2884	2,1,4,0,2,3,0,1,5,1	0,0,0,0,0,0,1,0,0,0	3,1,5,2,3,1,0,6,4,4	1,0,0,1,0,0,0,0,0,0	89	75
2885	2,2,7,3,1,5,3,4,8,8	10,11,10,10,8,10,18,8,3,23	2,3,2,3,4,4,1,6,2,4	16,8,12,8,13,7,11,13,9,13	121	75
2886	1,2,5,1,1,3,2,3,4,3	0,0,0,0,2,0,0,0,0,0	1,3,2,1,5,4,1,5,1,3	0,0,0,0,0,0,1,0,0,0	121	75
2887	26,20,17,29,28,36,19,10,24,28	33,33,36,19,21,34,18,31,29,28	31,21,28,21,25,27,26,15,23,23	34,35,10,30,25,23,33,29,28,36	87	75
2889	1,0,0,0,0,0,0,0,0,0	106,117,138,85,104,110,93,82,113,95	0,0,0,2,0,0,0,0,0,0	112,104,108,98,106,106,138,86,97,89	139	75
2890	0,0,0,1,2,0,0,0,0,0	0,0,0,0,0,2,0,0,0,0	1,0,0,0,0,0,0,0,0,0	0,0,0,0,0,0,0,0,0,0	151	75
2891	7,7,4,3,5,2,3,2,9,0	0,0,0,0,0,0,0,0,0,0	2,8,2,9,8,4,6,3,4,1	1,1,0,0,0,0,0,0,0,0	758	75
2893	127,126,117,106,103,113,130,76,119,121	0,0,0,0,0,0,1,0,1,0	129,134,112,95,107,99,121,104,107,118	0,0,0,0,0,2,0,0,0,0	322	75
2894	173,143,135,132,101,128,101,104,112,122	63,64,59,60,56,46,53,49,65,67	137,130,104,105,136,108,119,114,113,91	56,46,50,67,55,43,55,54,47,51	1343	75
2895	54,48,50,38,50,54,50,46,37,44	197,222,160,150,160,157,153,168,154,152	50,51,49,46,62,34,40,47,43,39	164,215,165,187,161,176,192,215,201,211	90	75
2897	14,13,12,15,16,7,19,9,14,15	0,0,0,0,0,1,0,0,0,0	14,27,13,15,20,5,17,18,14,15	0,0,0,0,0,0,0,0,0,0	102	75
2898	8,12,15,10,10,7,8,13,5,6	16,19,9,12,2,4,8,7,11,14	6,7,10,8,5,8,5,9,5,8	6,10,8,10,9,13,9,4,6,10	363	75
2899	19,18,10,10,7,9,10,7,18,16	0,0,0,0,0,0,0,0,0,0	7,15,16,10,7,15,10,12,8,9	0,0,0,0,0,2,0,0,0,0	111	75
2900	48,31,32,34,24,34,29,28,36,42	21,29,26,20,20,28,17,29,25,24	26,43,42,23,31,33,39,25,31,32	25,36,19,26,13,17,16,26,30,22	111	75
2901	1309,1294,1219,1118,1105,1297,996,994,1064,1084	18,24,23,21,15,23,24,16,19,17	1241,1301,1076,1117,1171,1204,1209,1129,1080,1215	19,21,19,22,18,30,23,31,19,32	81	75
2902	13,12,9,9,13,17,18,13,19,8	0,2,0,0,0,0,0,1,0,0	10,13,6,13,8,26,15,12,8,6	0,0,0,0,0,0,0,0,0,0	333	75
2905	2,0,1,1,1,2,4,2,1,0	14,22,10,8,16,12,20,4,14,15	1,0,2,0,0,2,3,0,2,1	15,22,8,18,9,13,14,15,15,17	82	75
2908	78,66,77,70,59,58,72,82,72,72	0,0,0,1,0,0,0,0,0,0	62,56,66,69,52,89,90,82,64,80	0,0,0,0,0,0,0,0,0,0	318	75
2909	63,60,61,52,73,65,51,41,40,38	0,0,0,0,1,0,0,1,0,0	39,66,45,60,41,45,54,68,47,46	0,2,1,0,0,0,0,0,0,0	172	75
2916	47,58,59,63,54,62,63,60,52,48	19,20,24,14,12,25,15,13,11,17	59,74,67,56,56,70,53,60,55,48	12,26,21,22,16,18,16,14,20,11	81	75
2917	206,213,221,231,190,185,201,160,170,183	0,0,0,0,0,0,0,0,0,0	165,236,199,195,206,191,183,194,209,178	0,0,0,0,1,1,0,0,0,0	400	75
2918	3,1,5,7,3,2,3,3,0,2	28,35,29,27,29,23,19,18,34,19	2,3,3,7,4,2,3,2,9,2	32,36,22,34,29,35,26,33,39,25	184	75
2919	3,1,5,6,3,2,2,3,0,2	3,0,1,3,2,2,0,1,2,2	2,3,3,7,4,2,3,2,9,2	5,1,3,1,0,1,2,0,1,3	184	75
2920	1,0,0,4,3,1,1,0,3,0	14,12,16,19,11,18,11,11,8,17	1,0,0,2,6,3,0,2,2,2	9,14,14,9,12,9,20,8,8,7	197	75
2921	2,0,0,0,0,0,1,0,1,0	0,0,1,0,0,0,0,0,0,0	1,1,0,0,0,1,1,1,0,1	0,1,1,0,0,0,0,0,0,0	279	75
2922	15,7,23,6,9,10,13,5,4,16	0,3,4,0,0,0,1,3,2,1	5,17,10,14,6,18,12,12,15,16	0,1,3,2,0,0,1,2,3,1	113	75
2923	18,12,33,15,28,23,23,20,27,16	47,33,42,25,43,29,34,31,44,31	34,32,17,23,23,26,20,13,13,12	28,39,36,41,34,36,29,37,23,21	96	75
2924	37,36,26,28,34,18,23,30,25,26	31,18,26,40,35,35,23,24,41,36	22,27,27,28,34,30,28,26,31,28	37,25,28,34,49,41,25,26,33,16	90	75
2925	33,51,42,35,43,43,44,39,38,38	0,0,0,0,0,0,0,0,0,0	42,49,34,42,36,39,54,31,38,39	0,0,1,0,0,0,1,0,0,0	436	75
2926	222,191,191,166,182,186,170,149,165,181	0,0,0,0,0,0,0,0,0,0	165,216,178,164,186,182,174,188,163,152	0,0,0,0,0,0,0,1,0,0	1663	75
2927	0,0,0,0,0,0,0,0,0,0	15,13,22,9,13,7,10,12,12,23	0,0,1,0,0,1,0,0,0,0	4,16,12,9,12,10,17,14,11,24	121	75
2929	7,12,7,8,9,4,1,6,7,3	0,0,0,1,0,0,0,0,0,0	12,12,7,3,7,15,10,8,2,11	1,1,0,1,0,0,0,1,0,0	127	75
2930	0,0,0,0,0,0,0,0,0,0	2,1,4,7,4,1,2,3,2,2	0,1,0,0,0,0,0,0,0,0	0,1,0,2,1,0,2,2,1,0	86	75
2931	43,40,26,29,29,32,43,28,46,34	0,0,0,0,0,1,0,0,0,0	21,43,34,38,30,23,37,32,42,25	0,0,0,0,0,0,0,0,0,0	1823	75
2932	43,29,20,28,21,30,29,23,28,27	22,31,23,19,19,20,18,18,15,20	19,29,24,26,28,17,32,22,18,25	16,31,14,13,13,21,18,21,15,16	678	75
2933	2,0,0,0,0,1,0,0,0,0	1,0,0,0,1,0,1,0,0,0	1,0,0,0,0,0,0,0,0,0	0,2,0,0,0,0,1,0,0,0	209	75
2935	1,2,1,1,0,0,1,0,0,2	0,0,0,0,0,0,0,1,0,0	0,0,1,0,1,1,1,1,0,0	0,2,0,0,0,0,0,0,0,0	101	75
2937	320,274,278,249,261,292,230,239,285,274	3,6,3,1,1,2,0,3,2,0	263,306,267,262,264,271,275,265,250,267	0,2,3,6,1,1,0,1,2,0	120	75
2938	0,1,2,2,0,0,0,0,0,0	5,6,3,3,7,1,2,8,3,1	0,0,1,0,1,1,0,0,0,0	4,3,3,2,4,3,7,3,3,3	107	75
2940	49,32,43,33,43,36,49,30,37,30	0,0,0,0,0,0,0,0,0,0	26,35,22,48,38,25,22,36,26,39	0,0,0,0,1,0,0,0,0,1	97	75
2941	51,24,46,45,42,46,56,38,41,36	1,0,0,1,0,0,0,0,0,0	53,44,39,44,40,34,51,58,49,24	0,1,0,0,1,0,0,0,0,0	1417	75
2942	0,1,0,1,0,0,0,0,0,0	2,0,1,1,1,1,4,0,2,1	0,0,0,1,0,0,0,0,0,1	1,6,1,2,0,1,3,0,3,2	86	75
2944	22,29,16,21,20,22,44,22,22,16	0,0,1,1,2,0,1,0,0,0	19,19,16,25,28,32,16,20,27,34	0,0,2,0,2,1,1,1,0,1	362	75
2945	6,3,6,2,8,9,4,1,6,6	0,2,2,0,0,1,0,1,1,0	6,2,2,2,5,7,5,2,4,4	2,0,0,1,0,0,1,0,0,0	97	75
2946	0,0,2,0,0,0,0,1,1,0	3,5,5,7,7,3,5,4,5,5	0,0,1,0,0,0,0,1,0,1	2,4,4,6,7,3,5,3,2,2	86	75
2947	100,121,102,99,97,96,122,81,108,117	4,2,1,7,8,11,5,3,4,5	91,140,107,95,121,130,124,101,92,110	9,9,8,9,12,6,6,5,9,6	170	75
2948	0,4,3,0,1,2,0,2,2,3	57,64,68,45,58,60,44,57,48,42	0,1,3,1,1,4,1,1,3,1	48,62,48,42,49,44,54,40,59,48	148	75
2949	126,124,130,104,94,99,105,103,109,95	0,1,0,0,0,0,0,0,0,0	90,91,114,97,112,109,114,101,110,109	0,0,0,0,0,0,0,0,0,0	904	75
2950	11,7,11,11,8,11,12,8,5,10	0,0,0,0,0,0,0,0,0,0	8,18,8,16,10,12,8,9,3,7	0,0,0,0,1,0,1,0,0,0	277	75
2952	110,95,88,68,74,89,63,52,64,79	21,9,22,29,14,21,13,21,17,22	89,98,82,73,66,84,78,80,68,92	14,24,22,28,16,15,13,17,17,13	84	75
2953	131,111,117,122,108,123,93,111,117,121	1,1,0,1,0,1,0,1,0,0	97,149,108,120,109,112,111,93,119,99	0,0,0,0,2,0,0,4,0,0	167	75
2954	39,45,30,28,18,25,33,25,32,53	0,0,1,0,0,1,0,1,0,1	23,26,33,37,35,35,27,33,34,26	0,0,1,0,0,0,1,0,0,0	112	75
2956	31,36,44,37,28,24,31,31,34,33	3,1,0,1,1,1,0,0,4,0	34,38,26,30,18,45,31,30,32,17	0,0,3,1,1,1,0,2,0,2	238	75
2959	0,0,0,0,0,0,0,0,0,0	20,17,15,17,16,23,20,21,11,16	1,0,0,0,0,0,0,0,0,0	24,18,9,23,16,13,19,5,9,15	77	75
2960	44,40,40,45,28,28,51,46,44,31	49,67,62,57,41,64,47,47,48,55	26,35,33,34,34,30,24,44,55,66	39,48,61,65,53,55,72,60,42,64	556	75
2961	6,2,6,4,2,5,2,7,3,3	1,0,0,2,0,0,0,2,1,0	3,2,2,7,1,2,4,5,2,5	0,0,0,0,0,0,0,0,0,1	169	75
2963	7,12,2,3,6,7,14,12,4,7	0,0,0,0,0,0,1,0,0,0	3,8,13,4,7,6,10,12,9,9	1,0,0,0,0,0,2,0,2,2	94	75
2964	2,9,13,4,7,4,4,8,6,2	12,20,19,12,9,7,18,14,17,18	2,4,2,4,3,6,4,5,10,3	13,12,13,17,18,8,8,18,18,10	151	75
2965	1,0,3,3,0,1,1,2,1,2	8,7,14,13,7,11,13,9,6,10	0,0,0,0,0,0,1,1,0,1	1,18,7,7,5,8,13,10,12,6	147	75
2966	28,40,31,30,41,34,33,32,30,29	0,0,0,0,0,0,0,0,1,0	16,28,24,23,27,27,19,35,21,35	0,0,0,0,0,0,0,0,0,0	527	75
2967	175,195,208,162,155,141,180,131,171,164	402,414,446,362,308,336,346,301,383,316	169,155,132,128,205,166,216,142,153,134	341,270,279,324,341,383,426,356,347,294	123	75
2968	81,82,96,73,81,74,86,54,86,64	8,4,6,7,2,7,4,1,5,3	85,72,83,60,102,70,101,75,66,55	3,5,2,5,4,1,11,3,8,2	123	75
2969	210,248,274,200,205,211,185,136,187,166	7,5,12,7,3,6,1,6,9,8	190,256,216,185,195,226,221,208,197,197	1,5,13,6,5,2,6,6,8,6	226	75
2970	23,51,23,29,36,33,32,16,33,28	0,0,0,1,0,1,0,0,0,0	24,22,34,24,19,26,27,37,27,19	0,0,1,0,0,0,0,0,0,0	462	75
2971	38,42,58,51,47,48,55,32,48,47	2,0,0,0,0,0,1,0,0,1	38,43,27,37,37,40,36,42,32,36	0,0,1,0,0,0,1,0,0,0	845	75
2972	32,26,48,34,34,30,33,30,35,29	0,0,0,0,1,0,0,0,0,0	24,32,22,30,30,35,30,30,22,32	0,0,0,0,0,0,0,2,0,0	635	75
2973	0,0,0,0,0,0,0,1,0,0	1,0,0,0,0,0,0,0,0,0	0,0,0,0,0,0,0,0,0,0	0,0,1,0,0,0,0,0,0,0	101	75
2974	297,286,315,272,245,285,252,215,281,322	3,2,3,5,7,5,2,1,4,2	221,272,229,241,248,273,276,251,286,216	1,4,3,4,6,7,4,2,2,5	704	75
2976	0,1,1,3,0,0,0,1,1,0	0,3,0,0,2,2,0,1,0,0	0,0,0,1,0,0,0,0,0,0	1,1,0,1,0,0,2,0,0,1	83	75
2977	0,0,0,0,0,0,0,0,0,1	4,9,6,5,4,5,5,2,6,10	0,0,0,0,0,0,0,0,0,0	1,4,8,6,7,6,8,10,5,6	84	75
2979	561,593,545,600,479,614,518,530,459,510	20,14,11,18,12,22,6,9,12,12	515,562,494,521,628,555,576,558,585,543	17,10,7,12,20,12,15,11,13,8	417	75
2981	1,4,2,2,0,3,0,2,1,0	28,18,33,21,20,29,30,25,18,28	1,0,2,2,0,1,1,0,0,1	29,28,31,18,15,29,27,18,32,21	82	75
2983	91,76,82,67,78,77,61,61,55,63	14,8,8,7,4,9,12,7,9,12	68,87,73,71,67,69,59,77,77,67	5,13,12,9,7,9,7,8,11,5	192	75
2984	58,53,44,40,55,51,36,39,45,48	0,0,1,0,0,0,0,0,0,1	48,65,51,42,47,46,29,51,53,47	0,0,0,1,0,1,1,0,0,0	192	75
2985	16,25,30,19,21,36,25,21,24,25	0,0,0,0,0,0,0,0,0,1	24,31,23,22,22,29,27,42,29,31	0,0,0,0,0,0,2,0,0,0	189	75
2986	1,1,1,2,0,1,0,2,1,1	10,14,14,16,10,14,7,9,8,5	0,0,1,1,0,1,1,1,0,3	9,13,12,7,8,11,11,2,10,9	89	75
2992	2,5,5,6,2,1,3,1,3,0	18,23,25,15,17,15,10,4,19,14	2,1,2,4,4,2,3,1,8,2	12,18,27,10,14,22,24,20,16,9	124	75
2993	0,1,0,0,0,1,0,2,1,2	0,0,0,0,0,0,2,0,0,0	0,0,0,1,0,1,1,1,2,0	0,0,0,0,0,0,0,0,0,0	108	75
2994	0,0,1,1,0,0,2,0,1,0	0,0,0,0,0,0,0,0,0,0	1,0,0,1,1,0,0,0,0,0	0,0,0,0,0,0,1,0,0,0	103	75
2996	0,0,2,1,0,4,1,4,1,1	1,1,1,0,4,1,1,1,0,2	0,1,1,0,2,0,0,0,1,1	0,0,4,0,0,1,2,4,1,0	183	75
2998	13,27,7,14,16,18,15,11,10,19	124,123,121,93,94,114,115,98,103,74	12,27,10,7,21,6,14,10,16,16	113,139,101,107,95,127,118,117,91,127	105	75
2999	44,24,29,32,30,24,30,23,22,20	0,2,5,1,1,2,2,1,1,0	32,29,31,25,35,35,32,21,25,34	2,2,0,3,1,2,0,1,1,0	205	75
3000	21,25,24,25,29,27,32,26,24,18	0,1,2,1,1,2,0,0,5,1	23,24,24,20,27,31,21,30,29,32	1,0,4,0,0,1,0,1,0,1	91	75
3003	0,0,0,1,0,1,0,0,0,0	6,5,4,7,2,1,1,2,4,5	0,0,0,0,0,0,1,0,0,0	1,3,2,5,2,5,2,2,0,0	84	75
3004	16,10,12,11,16,18,20,13,24,21	54,30,34,46,55,57,49,58,49,65	20,16,15,20,14,22,17,24,15,16	40,38,46,60,35,60,49,58,61,38	95	75
3008	185,211,194,190,157,190,189,154,179,202	0,0,0,3,0,0,0,0,0,0	227,183,137,153,202,206,179,162,168,186	0,0,0,0,1,0,0,1,0,0	424	75
3009	14,9,10,18,14,19,14,21,16,17	66,74,64,56,40,47,48,47,47,52	14,20,8,8,20,27,6,16,19,11	80,47,37,54,66,68,54,47,49,53	179	75
3010	227,230,236,278,220,279,261,201,230,273	0,1,0,0,2,0,3,0,1,1	280,239,209,194,263,255,257,238,228,240	0,0,1,0,0,1,0,4,0,1	424	75
3011	18,14,15,20,16,21,17,23,16,18	108,93,106,144,103,136,120,94,98,123	14,22,11,14,21,30,8,18,19,11	133,103,109,95,127,117,132,123,109,107	179	75
3012	4,3,4,2,5,1,1,2,2,1	19,25,46,14,19,11,25,19,23,18	1,2,0,3,3,4,1,5,1,4	14,25,15,18,14,30,18,9,21,14	427	75
3013	4,3,3,2,5,1,1,2,2,1	1,0,1,0,0,0,0,0,2,0	1,2,0,3,3,4,1,6,1,4	0,1,0,1,0,4,2,0,0,0	427	75
3014	39,42,35,29,37,26,29,40,33,43	0,1,2,0,1,0,2,1,1,0	31,31,31,34,31,30,34,25,31,31	2,2,1,0,0,1,0,1,3,0	106	75
3015	41,46,35,23,23,26,21,26,32,27	0,1,1,1,0,0,0,2,0,2	22,23,22,33,34,21,26,28,27,45	1,1,0,0,0,1,0,1,1,2	331	75
3016	37,45,35,21,20,25,21,25,29,27	0,0,0,0,0,0,0,0,1,0	21,19,21,30,32,21,25,24,23,41	0,0,0,0,0,0,0,0,0,0	87	75
3017	1,1,2,0,0,0,0,0,1,0	29,55,30,28,29,25,27,31,34,45	0,0,0,0,0,0,2,1,1,0	24,27,24,33,39,32,52,29,35,40	103	75
3020	5,7,6,0,3,4,2,3,1,0	1,1,2,2,3,3,0,0,1,0	3,2,0,4,6,2,3,4,2,1	1,1,1,0,1,0,0,1,2,0	148	75
3022	600,555,568,577,604,668,576,495,560,649	169,170,155,182,162,174,152,140,156,192	561,584,563,617,662,600,635,630,592,648	175,171,154,165,163,187,173,172,175,174	101	75
3023	1789,1764,1884,1742,1525,1703,1521,1390,1544,1621	2,2,1,2,1,3,2,2,3,2	1826,1720,1903,1621,1685,1686,1817,1474,1681,1623	1,1,6,2,3,3,0,1,2,3	162	75
3026	2,2,0,1,2,2,1,3,2,2	22,35,30,32,28,23,21,18,23,39	1,5,0,1,2,0,0,0,1,0	32,22,41,23,20,27,34,29,29,28	154	75
3027	56,49,42,48,52,56,49,33,41,46	357,336,307,330,245,293,264,267,294,322	60,49,46,33,49,42,53,29,50,41	340,315,287,340,331,314,356,304,283,288	87	75
3029	1,0,2,2,1,2,0,1,1,2	16,7,18,24,7,23,19,21,21,31	1,1,0,0,1,2,1,0,0,0	13,12,14,16,16,14,17,20,11,13	183	75
3031	1,2,0,0,1,0,1,2,1,0	11,10,11,19,8,11,10,9,17,7	0,1,0,1,1,0,3,1,1,0	10,8,17,9,11,18,10,12,9,6	86	75
3032	328,296,322,273,310,304,237,230,278,270	0,0,0,0,0,0,1,0,2,0	314,320,364,285,312,300,289,271,299,297	1,0,1,0,0,0,0,1,1,0	225	75
3033	49,39,43,52,44,25,40,50,48,45	228,168,171,166,182,154,159,174,181,168	37,58,48,55,44,53,46,52,53,36	173,197,190,194,167,207,147,169,168,133	168	75
3034	20,15,30,29,19,17,18,26,30,21	4,1,0,2,3,1,3,1,1,1	13,30,15,27,18,21,19,25,34,19	2,1,2,1,1,0,0,1,6,0	168	75
3035	0,0,0,0,0,1,0,0,0,0	0,0,0,0,0,0,0,0,1,0	0,0,0,0,0,0,0,0,0,0	0,0,0,0,0,2,0,0,0,0	145	75
3037	2,2,0,2,1,1,1,2,1,1	5,4,3,6,1,5,1,5,6,1	2,1,2,0,0,0,1,1,1,2	5,4,6,5,3,4,6,4,2,8	189	75
3038	3,4,0,2,3,3,2,2,1,2	5,4,3,6,1,5,1,5,6,1	3,3,1,0,2,0,0,0,2,2	5,4,6,5,3,4,6,4,2,8	226	75
3039	2,2,0,1,2,2,1,0,0,2	1,0,0,1,0,0,0,0,0,1	1,2,1,0,2,0,0,0,1,1	0,0,2,0,0,0,1,1,0,1	112	75
3040	9,12,11,14,14,11,11,8,6,13	2,0,2,0,1,0,0,1,1,0	10,12,11,12,13,9,16,9,8,8	2,0,0,0,1,0,0,1,1,2	160	75
3041	4,7,4,8,11,6,8,6,11,10	16,18,8,22,13,15,16,16,18,11	7,7,8,11,8,11,7,9,7,8	7,17,20,16,17,19,22,18,24,11	602	75
3042	7,8,3,4,5,10,7,4,5,5	6,6,3,6,9,9,1,4,1,1	3,8,0,5,4,5,3,8,6,5	6,7,3,8,5,3,7,5,2,2	105	75
3043	6,3,2,2,2,1,4,3,2,2	1,1,0,0,0,0,0,0,0,0	0,4,0,0,1,5,1,0,6,4	1,0,1,0,0,0,1,1,0,0	105	75
3044	0,2,2,1,0,1,1,0,0,1	0,1,0,0,0,0,0,0,0,0	5,1,1,1,1,5,2,1,0,3	0,0,0,0,0,0,0,0,1,1	111	75
3045	0,2,1,1,0,1,1,0,0,1	0,0,0,0,1,0,0,0,0,0	5,1,2,1,1,5,2,1,0,3	0,0,1,0,0,0,0,0,0,0	111	75
3046	7,4,3,3,1,2,2,1,2,7	10,15,5,11,14,6,6,6,11,14	6,6,7,7,5,11,4,2,1,7	7,5,9,5,16,11,14,6,20,7	111	75
3047	0,1,0,0,0,0,0,1,1,0	17,10,12,12,10,9,5,14,8,19	1,0,0,1,0,1,0,0,0,0	7,10,11,6,14,7,10,3,14,13	86	75
3048	0,6,0,2,0,2,3,2,1,0	71,60,49,36,46,54,43,49,44,54	4,2,0,0,0,1,2,1,0,6	50,46,35,53,54,41,56,44,46,39	117	75
3049	7,8,15,5,10,8,11,11,12,6	92,84,80,81,64,64,68,66,70,76	13,4,15,11,11,7,11,13,10,11	69,70,60,72,59,77,63,59,61,64	471	75
3050	0,3,0,0,1,0,1,0,1,2	7,9,7,7,7,10,5,4,7,5	1,1,0,2,0,1,0,0,1,0	6,5,5,5,6,5,7,7,4,6	80	75
3051	1,1,0,0,0,0,1,0,1,0	40,62,33,28,34,37,36,41,31,41	0,0,0,0,0,0,0,0,1,1	34,44,45,30,48,44,46,34,28,35	95	75
3052	0,0,1,0,0,0,0,0,2,0	0,1,0,1,0,0,1,0,1,4	0,0,0,0,0,0,0,0,0,0	0,0,1,2,0,0,0,0,0,0	106	75
3053	2,0,1,0,0,0,0,0,0,0	4,0,1,1,1,0,0,1,0,2	0,0,0,0,0,0,0,0,0,0	0,3,0,1,0,1,2,1,0,1	106	75
3054	10,13,16,19,14,21,9,13,20,20	0,1,0,0,0,0,0,0,0,0	10,6,14,11,23,18,18,29,18,10	0,0,1,0,0,0,0,0,0,0	89	75
3055	0,0,0,0,0,0,0,0,0,0	54,48,29,61,39,45,37,67,29,52	0,0,0,0,1,0,0,0,0,0	39,45,40,38,49,47,53,44,29,51	79	75
3057	0,0,0,1,0,0,0,0,0,0	33,39,35,25,32,29,33,29,35,38	0,0,0,1,0,0,0,0,0,1	29,39,35,21,45,33,34,37,26,36	103	75
3058	7,2,5,2,10,3,6,7,5,4	63,60,59,50,62,56,52,58,57,57	10,2,2,5,2,9,1,5,2,5	59,53,44,67,51,65,67,53,34,49	96	75
3060	128,113,142,134,109,137,96,91,99,144	2,2,1,1,4,2,4,2,0,4	111,127,103,115,105,110,108,78,141,89	3,0,0,3,2,2,0,1,2,0	119	75
3061	200,202,220,212,182,212,167,138,163,199	10,3,14,7,9,6,5,7,8,14	177,229,174,182,196,179,175,140,213,169	4,1,9,4,11,10,8,4,11,10	196	75
3062	74,91,79,79,77,77,75,49,64,59	10,3,14,7,9,6,5,7,8,14	69,102,71,70,93,71,67,63,74,80	4,1,9,4,11,10,8,4,11,10	152	75
3064	28,35,28,49,32,24,31,26,39,19	8,15,9,11,15,16,13,12,7,12	24,32,21,39,30,26,38,32,36,48	6,6,7,5,9,12,7,22,5,6	595	75
3065	16,13,11,4,11,13,12,11,11,16	6,5,5,7,3,4,4,1,7,4	18,20,9,13,13,10,12,6,17,10	12,8,3,12,5,5,3,10,6,6	90	75
3067	63,60,70,54,49,53,46,51,57,44	0,0,0,0,0,0,0,0,0,0	38,55,66,64,50,63,57,52,70,64	0,0,0,0,0,0,0,1,0,0	191	75
3068	93,103,113,86,76,87,73,73,95,86	0,0,0,0,0,0,0,0,0,0	69,117,104,116,94,82,97,77,94,87	0,0,0,0,0,0,0,1,0,0	200	75
3069	30,43,43,32,27,34,27,22,38,42	0,0,0,0,0,0,0,0,0,0	31,63,38,52,44,19,40,26,24,23	0,1,0,0,0,0,0,1,0,0	84	75
3070	3,4,6,2,4,2,2,9,3,8	89,94,91,99,70,94,87,83,76,106	1,1,6,3,1,2,5,8,2,6	65,79,80,82,80,95,92,83,61,84	119	75
3071	281,267,330,235,259,254,243,236,232,224	0,0,1,0,1,0,0,0,0,0	225,250,255,231,253,274,309,239,240,249	0,0,1,2,0,0,0,0,0,0	234	75
3072	31,26,14,25,27,35,55,27,24,63	0,0,0,0,2,1,1,3,2,4	28,40,27,30,26,30,34,37,39,18	2,0,0,4,0,0,3,3,4,0	226	75
3073	32,44,24,27,17,30,16,36,32,26	1,0,0,0,0,0,0,0,0,0	18,20,12,36,23,30,38,24,29,22	0,0,1,1,0,0,0,1,0,0	137	75
3074	0,0,0,0,0,0,0,1,0,0	63,52,70,57,48,56,50,55,66,43	1,1,0,0,0,1,1,1,0,0	49,49,64,66,59,57,73,61,73,48	83	75
3076	1,0,1,5,0,0,0,1,0,2	64,85,62,66,66,48,56,48,53,64	0,3,2,0,0,0,0,0,1,0	62,88,67,71,68,76,76,56,51,51	89	75
3077	22,20,27,36,21,30,24,15,21,33	3,1,5,1,1,2,1,5,2,1	24,36,26,21,19,33,20,20,20,16	2,2,1,3,2,0,1,0,1,0	133	75
3078	0,0,1,0,1,0,0,0,0,0	30,30,23,20,19,27,24,14,26,31	1,1,0,1,1,0,0,0,0,1	17,26,20,32,21,32,35,19,20,20	110	75
3082	0,0,0,1,0,0,0,0,0,0	1,1,0,0,3,1,1,1,0,0	0,1,0,0,0,0,0,1,0,1	1,1,0,0,1,1,5,0,0,0	127	75
3083	16,13,10,24,13,19,20,10,14,13	13,8,8,17,9,17,12,16,9,8	8,13,7,17,9,9,9,11,19,11	17,13,10,17,20,4,13,18,20,6	255	75
3084	24,9,17,19,11,10,15,12,13,15	0,0,0,0,0,0,1,0,0,0	25,15,18,20,9,21,14,11,18,21	0,0,1,0,0,0,1,0,0,1	79	75
3085	38,26,24,21,27,25,22,20,22,22	205,182,191,178,163,125,148,142,146,186	21,19,25,41,24,27,22,17,23,15	196,157,148,147,160,196,157,174,158,126	99	75
3086	38,52,44,38,55,38,44,36,34,54	0,0,1,0,0,0,0,1,0,0	40,42,26,40,47,40,41,40,36,39	1,2,0,0,0,0,1,0,0,0	1733	75
3087	102,110,114,99,116,64,64,90,113,125	0,1,0,0,0,0,0,1,0,0	89,133,89,67,97,120,121,67,81,58	0,0,0,1,0,0,0,0,0,0	104	75
3088	14,24,13,7,15,22,15,13,9,10	0,0,0,0,0,0,0,3,0,0	25,22,14,12,13,13,22,20,25,14	0,0,0,0,0,0,0,0,0,0	796	75
3090	3,4,3,2,2,3,0,2,2,3	1036,956,1047,820,970,1005,727,859,1035,924	1,1,3,3,2,3,4,2,2,2	824,1267,861,929,823,1045,855,872,859,876	181	75
3091	20,12,17,19,40,41,32,26,28,35	0,0,2,0,0,0,0,1,0,0	26,24,21,24,14,20,28,19,24,16	0,0,0,2,0,1,2,1,1,0	185	75
3093	142,97,76,116,153,162,153,129,115,205	26,37,19,23,23,31,53,54,49,41	120,98,101,143,90,109,126,129,139,98	26,41,43,53,36,57,64,42,36,33	185	75
3094	909,950,967,720,768,795,780,664,795,822	0,0,0,0,0,0,0,0,0,0	840,815,847,782,935,895,949,807,765,846	0,1,1,0,0,0,1,0,1,0	125	75
3095	1,2,2,1,1,4,2,2,2,2	22,27,53,29,23,35,25,19,26,29	1,2,1,1,2,1,3,6,3,4	26,30,37,16,28,27,34,25,28,21	146	75
3100	163,176,159,150,156,164,112,124,145,191	6,0,3,1,5,3,3,1,3,2	136,158,140,124,144,150,149,113,134,142	3,3,6,0,6,7,2,2,4,0	251	75
3102	1,1,1,2,1,1,0,0,0,4	51,50,55,31,44,46,52,53,38,39	1,4,2,2,2,0,0,1,2,3	41,53,43,62,48,47,35,32,41,34	161	75
3104	47,35,46,30,52,42,43,42,31,47	2,3,1,1,2,0,1,1,1,2	38,55,47,33,36,36,48,40,44,40	0,4,2,6,4,0,0,2,3,7	165	75
3108	0,1,0,0,1,0,0,0,0,1	97,90,87,95,75,76,77,69,94,94	0,0,1,1,0,0,0,0,0,0	100,94,80,89,89,89,83,73,90,70	86	75
3110	10,8,6,3,3,4,5,6,7,8	16,13,15,15,14,11,8,15,9,12	5,9,5,6,9,9,4,11,3,4	6,26,8,20,12,13,13,15,15,12	90	75
3111	92,79,109,86,70,93,72,82,91,55	0,0,1,0,0,0,1,0,0,0	88,102,67,61,98,88,75,61,84,86	0,0,0,1,0,1,0,0,0,1	433	75
3113	0,0,0,1,0,0,0,0,0,0	24,42,26,27,24,32,27,24,18,13	0,0,0,0,0,0,0,2,0,0	24,33,24,33,18,30,20,32,27,28	101	75
3114	2,3,2,0,0,0,4,1,0,0	2,1,1,3,0,2,1,1,0,0	1,1,2,2,2,1,1,0,2,1	0,0,1,4,0,0,1,1,0,2	88	75
3115	1,0,0,0,0,0,0,2,0,0	1,0,2,0,0,0,0,0,0,0	0,0,0,0,0,0,0,0,0,0	0,1,0,0,0,0,0,0,0,0	88	75
3116	13,8,14,8,16,8,5,11,15,14	0,3,1,0,1,2,3,1,5,2	14,14,13,15,15,13,12,8,15,19	1,2,1,3,3,2,1,1,2,1	84	75
3117	10,7,12,7,15,8,4,10,12,12	1,0,0,0,0,0,0,0,0,0	15,14,13,12,11,11,10,8,13,17	2,0,0,1,0,1,0,0,1,1	84	75
3118	43,36,42,31,37,30,22,36,28,32	37,34,30,26,31,20,28,22,30,22	36,40,44,32,49,38,39,26,28,55	25,35,24,23,31,32,16,28,27,31	84	75
3119	9,7,12,6,15,8,4,10,12,13	1,0,0,0,0,0,0,0,0,0	13,15,13,12,11,11,10,7,13,17	1,0,0,0,0,0,0,1,0,0	84	75
3121	95,88,94,69,69,76,72,63,70,76	0,0,0,0,0,0,0,0,0,1	100,68,62,65,57,75,86,65,90,67	0,0,0,0,2,0,0,0,0,0	472	75
3122	5,9,8,8,10,10,8,5,4,4	0,1,0,0,0,0,0,0,0,0	5,11,5,18,6,5,10,5,8,4	0,0,0,0,0,0,0,1,0,0	92	75
3123	17,11,10,10,5,8,8,10,12,12	0,0,0,0,0,0,0,0,1,0	12,10,13,9,7,12,13,9,13,12	1,0,0,0,0,0,0,0,0,0	112	75
3124	14,18,17,15,11,13,13,9,20,15	0,0,0,0,1,1,0,1,0,1	14,13,20,23,15,14,12,5,22,15	1,1,0,0,1,0,0,1,0,0	142	75
3125	55,52,56,37,65,32,35,41,44,51	1,0,0,0,0,0,1,0,0,0	44,53,55,48,49,48,47,30,32,46	1,1,1,1,1,2,1,0,0,0	96	75
3128	0,3,1,1,0,2,1,0,2,1	0,0,0,0,0,0,0,1,0,0	2,5,1,2,2,0,0,0,0,0	0,0,0,0,0,0,0,0,0,0	135	75
3129	0,1,3,1,1,0,0,0,1,4	0,2,1,1,2,4,0,2,1,1	1,1,0,2,1,0,1,0,1,4	1,1,2,1,0,2,0,2,0,0	79	75
3130	34,28,38,24,34,37,30,37,31,23	4,7,1,2,5,5,3,3,4,1	30,41,42,27,40,46,48,38,45,48	4,4,3,2,1,3,2,3,2,6	164	75
3131	1,1,0,0,1,0,0,3,4,0	12,8,15,4,4,5,7,6,4,9	1,1,1,1,1,4,2,2,1,0	2,10,9,4,5,12,2,3,3,5	297	75
3132	35,22,24,24,20,17,16,26,27,31	0,0,1,0,0,0,0,0,1,0	15,25,24,14,14,30,14,27,15,20	0,0,1,0,0,0,0,0,0,0	464	75
3133	10,2,4,3,4,4,5,3,5,4	0,1,0,0,0,0,0,0,0,0	3,6,6,2,2,10,4,2,4,4	0,0,0,0,0,0,0,0,0,0	464	75
3134	9,21,17,15,8,13,14,12,12,11	1,1,1,0,3,0,1,3,1,2	10,15,20,11,14,23,21,19,7,14	1,1,2,1,1,3,1,1,1,4	81	75
3135	0,0,0,1,0,0,0,0,0,0	0,0,0,0,1,1,0,1,1,0	0,0,0,0,0,0,0,0,1,0	0,0,0,0,0,0,0,1,0,2	89	75
3136	0,0,0,0,0,1,0,0,0,0	63,72,86,83,72,68,63,64,69,53	0,0,0,1,0,0,0,0,0,1	71,68,60,65,77,79,68,73,64,55	80	75
3137	2,3,4,0,3,3,3,1,4,3	1,1,0,0,0,2,0,1,0,1	1,1,0,4,3,1,2,0,0,0	1,0,0,0,1,0,0,1,0,0	85	75
3138	5,8,8,10,7,3,5,1,2,7	64,95,120,80,70,84,80,86,73,140	3,2,5,6,4,3,6,4,1,4	77,123,87,73,81,111,117,78,76,62	85	75
3139	1,1,0,0,0,1,1,1,1,1	54,55,47,37,36,56,55,39,58,43	0,3,1,2,1,1,1,3,2,1	43,47,42,41,56,41,55,43,36,47	280	75
3140	22,20,23,29,21,12,20,15,13,14	0,0,0,0,0,0,0,0,2,0	17,20,26,16,20,21,27,21,15,17	1,0,2,0,1,0,2,0,1,2	82	75
3143	1,2,0,3,2,3,3,4,1,2	54,54,66,47,50,58,51,57,62,58	4,1,0,4,0,2,1,2,0,2	56,59,45,59,59,73,63,43,54,63	264	75
3144	0,1,0,3,0,1,0,0,1,1	19,18,17,10,7,11,14,13,13,11	2,0,0,0,0,5,2,0,2,1	10,10,6,7,19,13,16,6,9,10	129	75
3145	142,112,140,133,144,125,132,84,83,127	1,0,2,1,0,0,1,3,0,0	68,112,129,85,152,87,117,119,99,103	0,2,2,0,0,6,1,1,1,3	103	75
3147	480,456,463,395,415,423,324,410,420,413	7,2,6,2,2,1,1,5,4,4	444,473,398,433,391,488,503,391,431,419	2,2,1,2,5,4,5,1,1,2	1506	75
3148	67,83,71,53,81,63,58,70,68,71	0,0,0,0,0,0,0,0,0,0	61,78,47,57,58,69,69,60,66,46	0,0,0,0,1,0,0,0,0,0	754	75
3149	10,3,10,8,5,11,8,4,4,8	92,64,69,62,76,75,75,73,76,58	10,11,8,7,6,7,7,9,4,8	82,74,65,56,64,49,61,61,77,63	87	75
3150	1,1,0,0,0,2,0,0,0,0	6,2,0,2,5,2,1,1,4,3	0,0,0,0,1,0,1,1,2,1	4,4,2,1,5,5,5,3,1,2	199	75
3151	0,0,1,0,1,0,0,1,5,0	1,0,0,1,1,1,2,3,1,1	0,1,1,0,0,0,0,0,0,1	0,1,0,3,0,1,2,2,1,3	110	75
3152	0,1,1,1,0,1,2,0,3,1	4,8,4,1,1,4,4,2,4,4	2,1,2,1,0,1,2,1,0,0	0,3,1,4,2,6,5,2,6,2	403	75
3153	5,6,6,6,7,9,5,4,9,3	32,29,29,35,22,27,29,12,36,19	4,7,10,5,3,8,6,5,4,4	32,33,26,18,28,13,26,22,22,19	93	75
3154	99,61,85,82,67,91,76,53,55,66	0,0,0,0,0,0,0,0,0,0	69,86,65,61,84,62,72,51,65,78	0,0,0,0,1,0,0,0,0,0	243	75
3156	8,5,5,2,7,8,5,6,4,9	0,0,0,1,0,2,1,1,0,0	4,2,3,4,2,8,7,4,5,4	0,0,0,1,0,1,0,0,1,3	100	75
3157	2,7,2,1,7,1,2,0,4,2	4,4,5,2,6,0,5,3,6,10	4,1,6,4,5,4,2,5,3,4	3,1,3,5,5,0,4,5,5,2	84	75
3159	38,35,46,41,40,41,41,22,31,35	127,121,100,125,117,99,105,111,106,141	42,51,29,26,36,33,42,26,27,24	105,183,113,108,122,132,100,122,114,85	230	75
3161	0,1,1,0,0,0,0,0,0,0	3,6,5,4,1,9,4,2,3,2	0,0,0,0,0,0,0,0,0,0	1,2,3,1,1,1,0,0,1,0	319	75
3164	0,11,2,4,0,2,4,0,5,3	4,6,7,3,2,2,2,9,3,8	0,5,1,0,3,1,0,1,4,1	5,3,5,6,5,2,6,2,8,3	99	75
3165	1,0,1,2,1,1,0,0,0,0	6,4,6,7,5,10,6,12,10,3	0,0,1,1,0,0,0,0,0,0	7,12,12,14,8,6,2,4,7,6	79	75
3166	2,2,4,5,3,2,1,3,2,0	54,44,60,48,51,54,48,43,39,53	2,3,1,1,7,0,3,1,0,4	48,47,43,62,51,37,53,43,67,52	99	75
3167	3,6,5,4,5,6,3,4,5,3	57,45,54,36,33,55,39,31,42,31	1,4,1,3,1,0,5,2,1,4	55,35,43,30,49,40,51,40,38,42	109	75
3170	59,85,73,88,62,63,66,63,93,59	1,5,8,5,6,8,6,9,7,3	69,62,71,68,82,86,82,100,86,67	3,8,5,5,9,4,9,1,4,3	114	75
3171	0,0,0,0,0,0,0,0,0,0	2,6,2,4,8,3,6,2,2,9	0,0,0,0,0,1,0,0,0,0	8,5,2,0,3,3,2,4,0,6	79	75
3173	22,39,29,30,34,28,17,26,29,27	1,0,0,0,0,0,0,0,0,0	41,42,25,29,24,30,42,31,32,25	0,0,0,0,0,0,0,0,0,0	158	75
3175	8,24,27,10,12,11,9,15,14,11	0,0,0,0,1,0,0,0,0,0	11,8,12,17,13,16,14,14,13,18	0,0,0,0,0,0,0,0,0,0	602	75
3176	0,0,0,0,0,0,0,1,0,0	48,26,31,37,42,33,35,26,44,33	1,0,0,0,0,0,0,0,0,0	29,46,38,34,28,26,31,39,28,45	86	75
3177	1,1,1,0,0,0,1,0,1,0	0,0,0,0,1,0,0,0,0,0	1,0,0,1,2,2,0,1,1,0	2,0,0,0,0,1,0,0,0,0	79	75
3178	1,1,3,1,1,0,2,3,2,2	0,0,0,0,0,0,0,0,0,0	2,2,0,2,3,2,2,2,2,0	0,0,2,0,0,0,1,0,0,0	79	75
3180	0,0,0,0,1,0,0,1,1,0	0,0,0,0,0,0,0,0,1,1	0,2,0,1,0,2,0,0,0,1	1,3,1,0,0,0,0,0,0,0	161	75
3181	21,20,13,21,7,20,19,15,30,12	25,35,28,21,32,24,24,17,23,33	18,16,17,13,18,18,19,25,22,11	14,19,24,27,35,33,30,25,28,25	647	75
3182	48,53,42,45,43,43,55,44,72,49	0,1,1,0,1,1,1,3,5,1	47,58,59,41,61,59,53,72,45,58	0,3,1,1,1,1,0,2,2,1	685	75
3183	52,68,57,45,68,47,60,46,65,70	0,1,1,0,1,1,1,3,5,1	43,61,66,55,78,74,64,72,51,72	0,3,1,1,1,1,0,2,2,1	113	75
3184	29,35,29,25,36,25,36,30,42,38	0,1,0,1,0,4,0,0,1,1	30,43,42,28,45,42,34,49,24,47	0,1,1,1,1,1,1,0,3,0	113	75
3185	29,35,29,25,37,27,38,30,43,42	0,0,0,0,0,0,0,0,0,2	30,44,42,31,44,42,35,49,26,48	0,2,0,0,1,0,1,0,0,1	113	75
3186	22,15,10,15,21,18,26,21,24,12	315,309,324,268,308,287,271,199,283,237	18,26,19,21,26,19,19,29,17,25	308,422,242,265,215,293,290,260,197,298	196	75
3187	2,3,1,3,1,1,3,1,0,1	11,15,12,16,11,11,14,9,10,11	1,3,1,0,2,1,2,1,1,0	14,15,9,21,9,21,13,8,12,12	80	75
3188	146,107,107,95,110,119,110,113,128,105	0,0,0,0,0,0,0,0,0,0	104,101,103,127,129,130,121,129,93,122	0,0,0,0,0,1,0,0,0,0	302	75
3191	5,3,7,7,4,7,8,6,8,6	3,0,1,1,0,4,2,0,0,2	1,5,5,2,6,6,4,6,6,7	3,2,6,0,2,7,0,3,2,0	158	75
3193	12,10,13,12,7,6,8,8,8,8	2,1,0,0,0,0,0,1,1,0	9,13,3,4,5,5,9,5,6,5	0,0,0,4,0,1,1,0,0,0	123	75
3195	3,3,3,7,5,2,4,2,6,5	50,35,40,42,35,40,23,25,25,31	1,2,2,2,2,4,1,3,2,4	35,48,36,36,32,44,39,32,31,20	554	75
3197	5,15,14,9,15,8,11,9,11,10	6,2,2,6,5,7,11,5,3,2	11,12,5,7,5,14,12,13,16,9	6,4,3,9,7,16,4,6,3,3	135	75
3198	5,1,13,7,6,5,5,2,5,5	63,49,72,58,50,58,49,45,48,63	5,11,5,4,4,6,9,8,5,10	65,64,52,50,70,65,64,58,47,42	310	75
3203	2,2,0,1,0,2,2,1,1,0	0,1,0,0,0,0,0,0,0,2	1,3,3,3,2,2,4,1,0,3	1,0,0,0,0,0,0,0,0,1	90	75
3205	1,1,1,0,1,1,1,1,0,0	2,0,0,0,0,1,5,5,1,3	0,0,2,1,0,1,2,0,2,0	2,2,0,2,2,1,5,7,2,1	151	75
3206	1,0,0,1,0,1,0,0,0,0	75,66,72,36,70,64,58,50,58,62	0,0,1,0,1,0,0,1,0,0	43,72,63,64,67,81,59,69,55,47	125	75
3207	4,0,4,2,1,0,1,2,2,4	0,0,0,0,0,0,0,0,0,0	0,1,0,1,3,1,3,1,0,0	0,0,0,0,0,0,0,0,2,0	108	75
3208	14,11,5,9,2,7,11,8,9,2	10,6,8,12,9,6,2,6,14,14	9,8,5,4,6,4,10,3,8,9	10,10,8,14,6,11,5,7,7,19	260	75
3209	45,45,43,40,63,40,58,59,44,32	97,84,98,67,60,73,84,82,71,71	37,53,40,39,38,60,49,71,58,60	66,95,83,73,83,69,95,92,78,78	81	75
3212	43,48,37,49,40,49,30,30,29,29	0,0,2,0,0,0,0,1,0,1	22,37,45,52,36,24,40,36,38,39	1,0,2,1,0,2,0,3,0,1	478	75
3213	0,0,0,0,0,0,0,0,0,0	0,0,0,0,0,1,0,1,0,0	0,0,0,0,1,0,0,0,0,0	0,1,0,1,0,0,0,1,0,0	329	75
3214	102,92,94,103,53,86,91,77,92,65	4,1,4,2,0,2,0,1,1,2	95,104,75,88,80,75,93,89,81,84	1,3,0,2,2,0,0,0,0,0	1927	75
3215	0,1,1,1,2,0,3,0,1,1	32,27,30,30,37,49,25,27,35,26	0,4,3,1,3,1,0,1,3,0	23,43,27,34,28,39,32,26,28,37	104	75
3216	48,42,41,35,38,45,37,28,43,36	0,3,3,2,4,2,1,1,0,1	30,51,37,48,34,56,48,51,50,39	0,6,1,3,3,0,1,1,4,2	128	75
3217	40,43,36,41,42,35,35,45,38,46	1,1,0,0,0,0,0,0,0,0	37,49,61,48,44,69,62,48,36,33	0,0,0,0,0,0,0,0,0,0	238	75
3218	17,18,20,18,11,12,6,16,17,9	0,0,0,0,0,0,0,0,0,0	21,28,12,14,12,19,10,18,12,9	0,0,0,1,1,0,0,0,0,0	191	75
3220	101,94,110,83,78,96,115,100,89,99	0,0,0,0,0,1,0,0,0,0	121,110,86,94,100,102,118,94,98,107	0,0,0,0,1,0,0,0,0,0	210	75
3221	319,306,286,266,281,276,274,229,255,289	0,0,0,0,1,0,0,0,0,0	281,280,279,295,346,268,279,273,298,278	0,0,0,0,0,0,0,0,0,0	176	75
3222	84,108,97,84,82,95,68,74,93,75	16,33,28,20,24,27,20,18,16,17	88,85,112,80,98,77,97,97,101,85	22,20,26,21,23,27,26,26,28,23	78	75
3223	96,121,116,104,99,103,77,85,103,90	63,40,45,42,40,50,45,37,46,44	106,95,129,95,114,92,113,107,117,101	65,48,46,62,48,43,49,57,57,51	87	75
3225	28,46,47,40,41,35,29,29,26,32	63,40,45,42,40,50,45,37,46,44	40,30,43,36,39,42,42,36,44,39	65,48,46,62,48,43,49,57,57,51	84	75
3228	216,228,255,228,207,216,176,178,194,186	37,31,42,29,29,41,20,24,27,17	206,209,215,219,206,202,193,211,245,163	42,39,32,33,34,34,25,21,31,29	204	75
3230	112,105,117,112,118,105,105,77,102,112	1,0,0,0,0,0,0,0,0,0	107,128,104,105,119,127,105,94,102,111	0,0,1,0,0,0,0,1,1,0	127	75
3231	78,62,62,74,70,71,55,53,50,69	0,0,2,2,1,3,1,0,0,0	63,72,60,65,72,67,73,59,74,46	1,1,0,0,0,1,0,0,0,1	530	75
3232	40,46,63,52,38,47,28,28,46,51	105,77,89,68,92,93,66,67,74,92	37,54,37,43,40,56,46,43,42,39	69,89,88,89,94,75,75,86,65,98	84	75
3234	30,11,22,21,25,29,13,16,16,30	7,8,17,18,13,7,11,13,5,6	21,17,19,21,29,22,23,22,30,20	19,16,16,10,16,14,15,5,15,6	119	75
3235	5,5,5,6,4,5,8,3,4,16	3,3,4,1,1,6,4,7,3,3	4,5,4,6,9,1,5,8,5,4	3,3,3,4,3,6,4,1,3,1	119	75
3239	11,12,9,7,5,5,7,6,10,4	0,1,1,2,1,0,1,0,0,0	12,9,5,7,8,7,6,3,4,5	0,0,0,0,5,2,0,0,0,0	336	75
3243	2,0,0,3,0,1,1,0,2,1	803,753,775,696,791,783,707,673,676,760	0,1,1,2,0,0,0,4,0,0	799,792,699,701,671,738,795,765,780,772	120	75
3244	179,173,189,199,159,173,153,159,148,187	0,2,0,1,0,0,0,0,0,0	152,171,203,165,192,186,180,158,183,165	0,0,1,0,1,0,0,1,0,1	121	75
3245	1,0,0,0,0,0,0,0,0,0	17,17,18,14,15,14,17,7,18,25	0,0,0,0,0,0,0,0,0,0	19,18,10,14,18,12,17,7,8,10	111	75
3248	2,0,0,0,0,0,0,0,0,1	6,7,1,2,5,3,6,2,4,10	0,0,0,0,0,0,1,0,0,0	5,5,3,4,10,6,1,7,1,6	201	75
3251	5,3,0,3,2,0,0,1,2,1	282,281,273,222,202,226,238,191,256,233	1,2,2,2,1,3,0,1,3,0	237,244,216,212,261,239,249,241,250,225	87	75
3252	21,22,17,30,24,26,23,26,14,18	1,3,2,0,0,0,0,0,2,0	13,25,13,13,23,20,24,8,24,20	1,0,0,1,0,2,1,1,0,0	219	75
3253	167,134,130,139,140,149,112,96,110,146	2,0,0,0,0,2,4,0,0,1	132,146,131,98,112,148,156,151,121,105	0,0,0,1,4,2,0,0,0,7	80	75
3254	12,7,3,9,8,9,7,4,4,12	6,2,5,0,2,1,1,3,3,3	9,11,7,2,11,2,8,4,5,6	4,1,3,3,2,9,6,3,3,5	80	75
3256	6,10,7,7,5,10,6,4,8,8	25,22,26,24,14,29,26,17,19,16	14,13,18,7,7,2,9,7,8,3	19,16,21,16,23,29,26,31,26,17	114	75
3257	1062,1049,1033,918,890,919,905,876,890,946	0,0,1,0,2,1,1,0,0,0	975,1065,858,882,993,1026,1035,836,854,955	1,0,0,0,0,1,0,0,0,1	267	75
3258	7,18,6,6,6,16,19,11,7,12	215,219,226,203,192,162,171,176,170,213	11,25,3,12,14,11,6,9,7,13	203,254,142,163,189,199,223,194,154,191	237	75
3259	5,2,11,2,7,4,4,3,2,3	0,2,0,2,1,1,1,0,3,1	1,11,5,2,2,4,2,4,4,2	1,2,0,1,2,0,0,0,0,0	89	75
3260	555,449,505,411,470,515,413,402,486,449	0,0,0,0,0,0,0,1,0,0	431,534,371,437,461,456,479,459,409,429	0,0,0,0,0,0,0,0,0,0	212	75
3261	148,113,109,122,102,110,117,113,113,89	0,0,0,0,0,0,0,1,0,0	103,137,104,96,90,110,105,90,85,80	0,0,0,0,1,0,1,0,0,0	1883	75
3262	19,15,16,9,3,6,6,11,8,7	0,1,2,2,0,0,0,4,1,1	6,16,6,11,5,12,7,3,6,6	0,0,1,1,1,1,0,0,0,1	155	75
3263	27,20,20,13,8,11,12,17,13,17	0,1,1,1,6,4,0,4,3,3	15,29,8,17,8,20,12,13,9,13	3,1,3,1,2,2,5,3,7,3	260	75
3264	8,6,6,6,5,5,6,10,6,11	0,1,1,1,6,4,0,4,3,3	9,13,3,7,4,9,5,10,3,8	3,1,3,1,2,2,5,3,7,3	180	75
3267	1,0,0,0,2,3,2,1,3,2	4,0,0,2,0,1,0,0,0,1	0,0,0,0,0,0,4,1,0,3	0,0,1,0,0,0,0,0,0,0	188	75
3268	13,8,17,16,18,15,12,8,17,9	8,5,11,5,6,7,2,7,8,4	10,9,5,14,14,7,13,15,12,13	7,2,0,5,4,9,10,6,5,2	87	75
3269	1,2,5,2,8,2,1,1,3,2	0,0,0,0,0,0,0,0,0,0	6,1,1,3,7,4,2,4,6,2	0,2,0,0,0,0,0,0,0,0	87	75
3270	239,198,238,209,223,205,167,170,230,222	1,0,0,0,0,0,2,1,0,1	193,219,232,221,183,254,221,208,228,233	0,4,0,2,1,0,1,0,0,0	110	75
3272	32,22,28,34,27,25,13,31,27,31	2,4,4,5,5,3,5,3,3,5	24,22,31,21,26,18,32,20,29,36	3,4,3,6,3,7,6,4,3,0	78	75
3274	21,35,26,41,26,33,24,29,20,23	41,34,29,27,36,38,15,24,39,40	28,35,21,29,27,21,33,30,41,31	35,32,34,46,39,38,25,37,20,35	81	75
3275	48,62,45,39,36,50,48,34,43,44	12,8,6,9,7,3,7,2,8,4	48,43,52,41,55,32,42,51,39,23	4,5,2,7,6,1,7,3,2,6	87	75
3276	264,235,249,266,180,232,186,178,212,244	0,0,0,0,0,1,0,0,0,0	236,242,216,206,200,207,222,180,236,226	0,0,0,0,0,0,0,0,0,0	248	75
3277	58,76,59,52,44,66,48,40,54,47	1,2,8,1,3,6,6,2,1,1	63,43,39,53,47,56,63,35,49,48	5,2,6,2,3,6,3,2,1,2	104	75
3278	22,47,20,19,16,24,19,11,15,13	0,0,2,0,0,1,0,0,1,1	16,19,9,16,18,27,23,7,18,23	0,0,0,0,0,0,0,0,1,0	104	75
3279	798,821,804,712,750,837,637,603,702,775	0,0,0,0,0,0,0,0,1,0	714,763,754,718,740,674,746,747,762,592	0,0,1,0,0,0,0,0,0,0	1889	75
3280	2015,1934,2017,1574,1770,1763,1509,1534,1773,1816	16,17,12,20,21,9,20,10,18,13	1732,2008,1717,1743,1877,1907,1859,1680,1681,1751	18,10,25,17,18,25,13,13,12,16	141	75
3281	11,21,15,24,21,9,10,10,13,23	6,7,7,3,7,0,8,2,6,9	18,12,19,11,5,19,9,10,16,7	3,0,3,3,7,4,3,2,3,6	79	75
3282	0,1,0,0,0,0,0,0,0,0	0,0,0,0,0,0,0,0,0,2	0,0,0,0,0,0,0,0,0,0	0,0,1,0,0,0,0,0,0,0	77	75
3283	0,0,0,0,0,0,0,0,0,0	0,0,0,0,0,0,0,0,0,2	0,0,0,0,0,1,0,0,0,0	0,0,1,0,0,0,0,0,0,0	114	75
3284	0,0,0,0,0,0,0,0,0,0	0,1,0,0,0,0,0,0,0,0	0,0,0,0,0,1,0,0,0,0	0,0,0,0,0,0,0,0,0,0	112	75
3286	0,0,1,1,0,0,0,1,4,1	0,0,0,0,0,1,0,0,0,0	0,1,0,0,0,0,0,0,0,0	1,0,0,0,0,1,0,1,2,0	525	75
3288	10,13,10,10,10,7,12,13,15,15	2,3,3,2,1,4,2,2,3,1	12,7,9,19,14,17,14,6,7,12	1,6,0,4,3,1,4,3,2,2	90	75
3289	70,91,81,64,69,58,41,53,78,61	0,0,0,0,0,0,0,0,0,0	44,92,60,72,84,87,76,65,57,56	0,0,1,0,0,0,0,0,0,0	1319	75
3290	0,0,0,0,0,0,0,0,1,0	29,23,29,21,21,28,31,22,29,20	0,0,0,0,0,0,0,0,0,0	31,43,17,21,19,36,29,32,19,21	79	75
3291	0,0,0,0,0,0,0,1,0,0	7,8,3,15,6,7,8,14,7,7	0,0,0,0,0,0,0,0,0,0	12,7,8,4,5,5,10,8,5,16	135	75
3292	19,25,17,12,14,11,17,17,33,19	0,0,0,0,0,0,0,0,0,0	10,22,13,13,18,24,28,12,18,9	0,0,0,0,0,0,0,1,0,3	97	75
3293	12,8,6,8,9,8,4,7,5,4	70,53,72,59,63,38,51,36,59,49	5,13,13,5,6,9,10,15,4,6	47,48,51,45,44,55,61,40,35,26	108	75
3296	1,0,0,0,0,0,0,0,0,0	0,0,0,0,0,0,0,0,0,0	0,0,0,0,0,0,1,0,0,0	0,0,0,0,1,0,0,2,0,0	84	75
3298	0,0,0,2,0,0,0,0,2,0	23,27,36,24,16,19,18,21,29,34	1,1,0,2,2,0,0,0,0,0	31,37,19,22,34,28,25,25,22,26	215	75
3300	1,1,6,3,2,2,1,1,3,1	64,55,55,60,47,53,42,45,44,51	1,1,3,2,3,3,2,2,4,3	42,47,40,44,50,43,33,32,43,31	181	75
3301	330,251,348,253,273,280,282,249,245,264	0,0,0,1,0,0,0,0,0,0	308,308,286,278,275,243,274,256,290,254	0,0,0,0,1,0,0,0,0,0	595	75
3302	1,2,3,6,4,6,1,3,4,2	0,0,0,0,0,0,1,0,0,0	2,5,3,3,5,6,5,5,5,2	0,0,0,1,0,0,0,1,0,0	306	75
3304	21,19,31,14,20,24,23,14,27,23	0,1,0,1,2,0,0,1,0,1	23,28,9,28,19,17,19,19,17,21	0,0,0,1,0,0,0,0,1,0	78	75
3305	9,13,7,10,4,11,1,5,5,12	0,0,1,0,0,0,0,0,0,0	1,4,6,7,1,5,0,3,6,11	0,0,0,0,0,0,0,0,0,0	118	75
3306	26,24,17,34,30,32,25,24,19,15	1,3,2,2,0,2,3,2,0,0	14,18,19,20,26,28,23,27,28,17	0,4,1,2,1,3,0,1,0,2	201	75
3307	16,19,18,11,14,16,13,13,25,14	2,4,3,4,7,3,1,1,3,1	10,13,8,9,17,17,21,9,11,16	3,4,4,1,0,5,2,2,1,5	93	75
3309	4,2,3,6,0,3,0,3,3,4	2,0,0,0,0,0,0,0,1,1	4,11,3,1,1,1,3,2,1,3	0,0,0,0,0,0,0,1,0,1	117	75
3310	175,198,183,166,141,170,148,171,149,175	18,21,17,22,21,14,17,14,19,17	155,169,181,190,157,168,191,184,184,187	14,19,14,17,23,18,11,11,15,16	765	75
3311	90,42,57,70,51,62,42,45,44,55	0,0,0,0,0,0,0,0,1,0	65,93,78,55,58,70,57,55,86,83	0,0,0,0,0,0,0,0,0,0	168	75
3315	10,1,5,7,2,2,2,4,7,3	1,0,0,0,0,0,0,1,0,0	2,5,3,2,2,11,2,1,1,2	0,1,0,0,0,0,0,0,0,0	115	75
3316	33,31,28,28,32,23,39,19,24,30	3,2,3,3,2,1,3,2,4,3	28,38,29,23,28,26,19,30,26,20	6,5,4,2,9,1,2,1,2,4	95	75
3318	6,4,1,4,3,3,6,3,3,6	2,0,0,1,2,0,2,0,0,3	3,8,3,3,4,4,8,4,4,1	1,2,1,4,0,1,1,3,2,0	196	75
3319	132,207,185,117,138,172,187,122,152,114	42,68,36,42,35,36,59,30,36,36	127,171,127,139,125,123,134,85,109,96	28,56,30,29,30,33,37,21,33,19	79	75
3321	28,21,19,26,19,22,21,20,28,17	26,31,33,29,33,26,22,24,26,21	28,17,16,29,35,21,36,28,20,19	20,23,15,20,13,25,33,24,23,32	105	75
3322	64,60,74,65,61,67,60,48,67,61	4,1,5,2,5,2,1,1,1,4	69,56,57,69,73,73,68,60,51,60	5,1,3,2,2,1,0,2,2,1	156	75
3323	62,70,88,68,75,71,61,52,65,65	4,1,5,2,5,2,1,1,1,4	61,62,56,60,51,77,65,56,54,73	5,1,3,2,2,1,0,2,2,1	126	75
3324	91,76,80,93,63,53,96,59,66,70	2,4,3,0,3,3,4,4,4,1	63,69,82,67,69,77,83,70,77,49	0,3,0,4,2,0,2,0,6,9	555	75
3325	128,94,99,106,83,61,114,69,81,87	4,5,12,2,0,4,6,7,3,7	80,82,93,76,97,93,97,88,100,61	5,7,3,3,14,8,9,3,4,4	555	75
3326	9,11,3,11,9,8,8,11,8,14	0,0,0,0,0,0,1,0,0,0	12,10,3,11,13,5,16,8,13,10	0,0,0,0,0,0,0,0,0,0	169	75
3327	26,21,17,23,17,25,17,19,18,22	2,0,0,0,4,2,1,0,1,0	22,23,10,30,21,13,38,20,21,24	2,1,1,0,3,0,0,0,5,1	169	75
3329	44,31,37,39,43,32,40,33,44,45	1,0,0,0,1,0,0,0,0,0	26,45,45,31,42,25,33,34,31,31	0,0,0,0,0,0,0,0,0,0	649	75
3331	1,1,0,1,0,0,0,0,1,1	21,29,13,7,10,11,20,15,26,15	1,0,0,1,0,0,0,0,0,0	11,21,8,17,12,14,18,12,14,11	86	75
3333	89,100,102,103,108,115,103,72,78,90	0,0,0,0,0,0,0,0,0,0	116,115,101,111,115,129,104,111,121,100	0,1,2,0,0,0,1,0,0,0	310	75
3336	5,10,9,10,6,12,7,8,16,13	1,3,2,2,0,2,0,0,3,1	9,10,9,13,3,7,7,11,10,7	2,1,1,2,5,1,3,1,4,0	84	75
3337	1,0,0,4,0,1,1,1,1,2	2,0,1,1,1,0,0,0,0,0	1,1,0,1,1,0,1,0,5,0	0,0,1,0,0,0,0,0,1,0	84	75
3339	21,32,45,23,29,28,35,23,26,38	12,12,14,11,6,12,7,8,5,13	27,20,27,15,26,22,23,14,26,33	9,12,9,6,7,9,6,14,12,5	90	75
3340	25,39,27,27,39,29,25,33,31,18	12,16,10,5,10,8,6,12,9,18	27,44,32,36,27,39,28,22,31,22	3,8,7,10,12,11,11,4,9,9	90	75
3341	0,0,0,0,0,0,0,0,0,2	10,8,8,7,11,10,11,16,10,12	0,0,0,0,0,0,0,1,0,0	10,12,12,15,9,16,10,9,15,9	91	75
3342	56,59,68,51,43,50,51,55,53,52	0,0,0,0,0,1,0,0,0,0	58,56,57,61,50,53,48,48,61,60	0,0,0,0,1,0,0,0,0,0	90	75
3343	59,61,66,47,57,53,39,59,53,52	0,0,1,1,0,1,1,0,1,1	56,69,48,59,52,69,60,45,45,47	0,0,1,0,0,1,0,0,0,0	419	75
3344	99,111,111,93,83,79,96,92,95,95	0,0,0,1,2,0,1,3,1,0	88,95,96,108,89,107,117,82,85,70	0,1,0,1,1,0,2,2,1,1	103	75
3345	31,30,23,15,16,17,29,25,22,25	3,0,0,1,0,0,0,1,0,1	24,26,25,38,24,35,32,22,17,16	1,0,1,0,0,0,0,0,0,2	103	75
3347	148,157,212,152,140,163,129,131,162,162	0,0,0,0,0,0,0,0,0,1	118,149,130,136,138,177,168,151,142,110	0,0,0,0,0,0,0,0,0,1	561	75
3348	165,176,232,163,158,173,138,157,181,179	2,6,1,1,2,4,1,2,3,3	129,166,145,152,161,209,186,165,164,124	7,11,4,3,3,5,6,6,2,2	561	75
3349	30,51,33,31,44,30,34,27,32,36	5,4,1,5,5,4,8,5,5,3	42,43,44,38,46,41,28,31,37,33	7,6,4,6,6,4,9,8,2,4	84	75
3351	4,0,2,3,5,3,3,1,1,2	0,0,0,0,0,0,1,0,1,0	2,1,3,3,2,4,3,2,3,1	0,0,1,2,1,2,1,0,0,1	1379	75
3354	278,297,282,310,266,257,262,246,280,297	9,10,4,3,5,10,3,7,12,5	254,271,270,237,273,304,302,271,294,222	7,4,4,5,6,4,10,10,13,6	540	75
3355	5,2,1,8,5,9,3,3,4,6	41,41,31,30,33,27,41,41,25,34	4,3,2,1,5,2,3,2,2,6	43,36,36,31,28,38,53,33,34,35	111	75
3356	0,0,0,0,0,0,0,0,1,0	0,0,0,0,0,0,0,0,1,1	0,0,0,0,0,1,0,0,0,0	0,0,0,0,0,1,1,0,0,2	79	75
3357	1,2,0,1,0,1,1,1,0,2	15,15,10,8,10,6,11,9,4,6	2,2,3,2,0,1,2,2,0,0	14,11,9,7,5,5,10,6,9,16	79	75
3358	100,87,81,77,85,53,81,65,67,88	0,0,0,0,2,2,1,1,1,0	75,81,90,68,77,73,59,56,68,67	2,2,0,1,0,1,0,0,0,1	378	75
3359	101,94,85,84,87,54,84,72,70,91	3,3,9,0,4,2,2,2,1,2	80,83,90,71,80,81,59,57,70,69	2,1,5,2,6,5,2,3,1,5	415	75
3360	1,7,4,7,4,3,4,8,4,3	3,3,9,0,4,2,2,2,1,2	7,4,0,4,3,9,0,1,2,3	2,1,5,2,6,5,2,3,1,5	112	75
3361	1,7,4,7,2,1,4,9,3,3	10,3,3,6,10,6,5,2,2,4	5,2,0,3,4,8,0,2,2,2	9,6,7,3,2,4,4,2,4,2	112	75
3362	3,0,0,1,0,0,0,0,1,0	0,2,5,2,1,1,1,1,1,3	1,0,0,0,0,0,0,0,1,0	4,3,0,4,3,0,0,3,1,3	100	75
3365	54,42,40,38,24,43,33,25,26,33	0,0,0,1,0,0,0,0,0,0	38,28,30,40,31,29,46,30,38,24	0,0,0,0,1,0,2,0,1,0	162	75
3367	6,7,5,4,4,8,9,12,3,3	299,304,333,326,249,329,248,232,243,264	3,5,1,3,1,8,4,9,3,5	277,294,270,260,310,281,267,277,267,262	100	75
3368	282,229,258,285,241,269,258,209,223,275	0,0,0,0,0,1,0,1,0,0	244,308,262,232,291,311,309,295,264,265	0,0,0,0,0,0,0,0,0,0	142	75
3369	0,0,1,0,0,0,0,0,0,0	9,6,10,9,3,9,6,4,4,9	1,0,0,0,0,0,0,0,1,0	4,7,6,7,4,5,10,11,4,3	91	75
3370	57,41,52,49,43,34,43,28,43,48	14,11,6,7,9,4,10,7,5,6	49,55,36,46,45,51,60,44,44,41	4,15,11,5,7,8,1,6,5,1	132	75
3371	23,24,41,18,19,27,23,23,17,13	0,3,2,4,5,8,1,5,1,3	33,29,32,18,20,18,26,18,16,25	3,2,2,1,2,7,7,2,1,1	144	75
3372	72,75,79,53,76,58,67,53,57,51	966,908,925,802,843,868,727,811,812,755	84,71,73,50,58,59,96,61,57,67	807,990,742,784,684,850,905,830,737,855	144	75
3374	84,86,98,78,99,69,51,68,79,94	4,1,4,3,3,1,3,2,3,3	102,81,76,86,84,90,86,76,78,76	3,2,0,2,2,2,0,2,3,2	175	75
3375	53,32,39,39,43,44,41,31,39,62	0,0,0,0,0,0,0,0,0,0	51,56,19,36,46,51,39,29,25,35	0,0,0,0,0,0,0,1,0,0	126	75
3376	81,103,102,82,69,93,67,71,72,83	0,0,1,0,0,0,0,1,0,0	102,86,84,83,83,77,75,64,59,81	0,0,0,1,1,0,0,0,0,0	522	75
3377	10,9,10,8,9,13,2,9,5,8	3,3,10,1,5,3,6,2,4,8	4,12,1,13,7,8,2,3,10,5	3,3,4,3,6,5,7,4,0,7	78	75
3378	266,272,286,229,192,248,181,191,224,203	0,2,0,0,0,0,0,0,0,0	219,303,179,216,241,216,261,213,209,176	0,0,0,0,0,0,0,0,0,0	434	75
3380	51,52,52,55,45,44,43,46,44,30	5,2,6,8,1,2,6,3,2,6	50,45,44,59,38,52,44,37,44,48	6,4,7,2,6,1,0,5,4,5	118	75
3381	242,221,217,257,220,201,203,224,212,211	12,3,2,2,6,3,5,3,3,4	233,224,192,243,195,245,218,187,223,243	1,4,3,4,6,4,3,5,5,2	567	75
3382	87,81,95,104,63,79,67,74,85,69	1,6,5,5,2,0,2,0,1,1	91,74,64,78,76,97,73,57,77,72	2,2,1,4,5,4,3,2,2,6	118	75
3383	278,250,260,306,238,236,227,252,253,250	5,1,2,2,0,2,1,0,7,5	274,253,212,262,233,290,247,207,256,267	0,0,1,1,3,1,3,0,1,0	567	75
3384	2,3,0,5,2,0,3,0,1,0	9,11,8,9,12,5,8,7,10,6	2,1,4,3,0,1,2,1,1,3	6,8,12,12,3,10,3,14,14,13	96	75
3385	813,2596,983,724,870,840,839,835,1443,848	99,396,139,79,105,108,92,86,220,131	571,960,580,425,1060,887,2000,2320,518,1377	72,116,54,44,141,130,247,357,53,237	108	75
3388	48,34,48,37,37,31,33,28,25,37	1,3,2,3,0,2,1,0,0,2	32,37,27,34,31,36,43,25,33,38	0,3,0,0,5,2,1,0,0,4	143	75
3389	54,49,62,36,54,52,40,27,34,45	43,44,38,30,34,48,24,31,48,41	46,47,62,38,55,42,52,43,40,59	35,33,32,41,36,30,29,27,38,40	153	75
3390	39,28,41,21,38,31,32,20,24,23	43,44,38,30,34,48,24,31,48,41	31,29,49,20,37,23,34,29,26,32	35,33,32,41,36,30,29,27,38,40	168	75
3391	2,0,1,1,0,0,0,4,0,1	17,21,22,16,16,21,8,11,10,23	1,0,5,2,4,1,2,1,1,0	16,18,18,20,22,20,20,15,15,27	90	75
3392	96,94,78,87,69,94,76,72,98,69	1,1,1,3,2,0,2,0,0,0	60,82,95,77,84,73,82,87,87,102	0,0,0,1,0,1,1,1,1,0	89	75
3393	0,0,0,0,1,1,0,0,0,0	157,161,171,127,127,143,135,119,98,134	0,0,0,0,0,0,0,0,1,0	133,162,126,117,149,125,125,104,121,109	98	75
3394	267,277,277,253,236,252,231,218,197,238	12,17,7,3,9,7,5,4,9,9	277,282,208,224,290,232,264,253,239,237	5,13,4,8,6,10,5,5,4,4	1486	75
3395	0,0,1,0,0,0,0,0,0,0	23,18,22,16,18,14,16,24,21,33	0,1,1,0,0,1,0,1,0,0	8,25,21,28,12,19,29,30,20,28	106	75
3396	1,0,0,0,0,0,1,0,0,0	1,0,0,0,0,0,0,0,0,1	0,0,0,0,0,1,0,0,0,0	0,0,0,0,0,0,0,0,0,0	111	75
3397	0,2,1,1,0,2,0,0,1,0	0,1,3,2,0,1,0,0,0,4	1,0,0,1,0,1,1,2,1,1	0,0,0,0,0,1,0,0,0,2	118	75
3398	2,4,1,1,0,2,1,0,1,1	1,1,1,0,2,3,1,2,1,0	2,3,0,2,1,1,1,1,1,3	1,0,0,1,1,2,2,0,1,1	118	75
3400	0,2,1,0,0,0,0,0,0,1	0,0,0,0,0,0,0,0,0,0	1,0,0,0,0,1,0,0,0,2	0,0,0,0,1,0,0,0,0,0	242	75
3402	1,1,1,1,0,0,2,2,3,2	0,0,0,0,0,0,0,0,0,0	2,0,0,0,1,0,1,1,1,2	0,0,0,0,0,0,0,0,0,1	429	75
3403	0,0,0,0,0,0,0,0,2,0	0,0,0,0,0,0,0,0,0,0	0,0,0,0,0,0,0,0,0,0	0,0,0,0,0,0,0,0,0,1	141	75
3405	7,3,8,5,7,3,5,4,2,3	0,0,0,0,0,0,0,0,0,0	3,4,5,2,5,3,1,4,3,1	1,0,0,0,0,0,0,0,0,0	3077	75
3406	9,7,15,18,7,11,9,4,9,15	6,10,12,6,10,1,7,5,6,8	10,7,3,12,10,7,14,13,24,7	3,7,7,5,7,9,9,4,3,8	119	75
3407	188,214,196,178,191,157,194,174,185,181	7,9,9,9,12,5,7,7,4,7	185,210,199,178,214,201,218,177,179,171	11,4,8,11,11,5,10,5,4,5	123	75
3408	9,10,8,3,12,6,6,8,10,7	56,43,41,49,42,49,39,31,27,29	11,13,4,9,11,11,13,10,12,7	49,54,34,33,37,51,46,38,38,49	154	75
3409	1,1,0,0,0,1,1,2,2,0	63,63,55,62,55,60,48,44,57,61	2,0,0,2,0,0,2,0,1,2	66,51,59,73,58,53,71,47,53,55	86	75
3410	243,244,267,234,212,195,196,209,190,207	0,2,2,1,0,0,3,1,3,2	249,259,195,192,252,230,225,225,214,212	1,0,0,2,2,0,1,1,1,3	428	75
3412	21,15,15,15,15,17,12,12,18,10	19,27,16,39,28,23,18,23,24,17	15,20,12,14,13,12,5,12,15,15	47,29,24,34,27,29,33,23,36,21	192	75
3413	16,8,13,12,8,12,9,10,12,7	1,2,1,3,1,1,1,0,0,1	9,13,9,11,11,6,3,10,11,7	1,0,3,1,0,1,3,0,2,0	192	75
3414	26,23,19,16,13,15,15,7,16,18	1,0,0,0,0,1,1,0,0,0	14,16,23,14,22,20,10,10,11,10	1,0,1,1,0,0,1,0,0,0	423	75
3415	5,1,0,3,2,0,1,0,0,1	1,0,1,0,0,0,0,1,1,0	4,1,1,0,0,1,1,1,0,1	0,0,0,0,0,0,0,0,1,1	78	75
3416	2,4,4,8,7,9,4,5,8,4	0,0,0,0,0,0,0,0,0,0	6,12,7,8,7,1,6,3,4,8	0,0,0,0,0,1,0,0,0,0	3553	75
3417	5,2,0,0,2,4,1,2,2,2	0,0,0,0,1,0,0,0,0,0	3,3,3,2,4,6,2,4,0,1	0,0,0,0,0,0,0,0,0,0	114	75
3421	13,14,11,10,8,16,5,8,14,9	4,2,7,4,5,4,1,2,2,1	12,14,16,10,17,16,14,7,13,11	3,5,3,1,1,4,5,0,1,4	102	75
3422	0,0,0,0,3,1,0,0,0,1	77,83,92,69,66,58,59,56,76,59	0,0,1,1,0,1,2,0,0,0	74,86,51,53,91,81,75,68,62,65	178	75
3423	7,13,3,6,6,8,3,3,4,4	132,125,150,104,104,116,113,97,107,116	5,3,3,6,8,4,5,3,4,6	121,120,125,105,122,119,126,102,107,115	85	75
3425	68,66,91,83,76,59,60,65,57,81	1,5,1,1,0,2,1,0,0,1	61,81,67,62,64,65,74,54,73,71	2,1,2,1,0,2,2,0,1,2	85	75
3426	38,26,34,20,34,36,25,32,28,37	0,2,0,0,0,0,0,0,0,0	22,41,27,31,32,32,33,36,19,31	0,0,0,0,0,0,0,0,0,0	94	75
3427	1,2,5,2,2,2,3,2,1,0	0,0,0,0,0,0,0,0,0,0	1,3,1,8,3,4,3,4,4,6	0,0,2,0,0,0,0,0,0,0	79	75
3428	9,13,8,8,5,6,7,5,5,7	14,9,8,6,8,6,3,8,7,7	8,5,6,3,7,4,0,7,6,6	11,7,4,5,10,3,7,11,5,7	82	75
3429	0,1,1,0,0,0,1,0,1,1	3,1,1,0,3,0,1,1,4,2	0,0,0,0,0,1,0,2,0,0	3,3,1,1,0,3,3,4,1,0	82	75
3430	4,3,1,4,2,3,0,4,3,3	28,28,14,16,26,21,36,26,23,26	3,3,1,2,1,1,2,0,0,2	25,31,10,14,21,21,16,12,19,26	89	75
3431	5,2,4,5,4,12,7,6,5,2	0,0,0,0,0,2,1,1,0,0	3,3,6,3,13,2,5,3,7,10	0,0,0,0,0,0,0,0,0,0	79	75
3432	3,5,3,3,2,1,6,6,4,3	24,15,10,13,14,11,8,12,14,10	2,6,6,3,2,4,2,2,4,8	14,14,9,8,12,10,21,11,9,15	283	75
3433	0,1,0,0,0,0,0,0,0,0	10,23,8,13,9,7,18,19,11,13	0,0,0,0,0,0,0,0,0,0	18,7,9,10,21,7,16,14,15,10	77	75
3434	1,5,2,0,3,3,3,3,3,3	158,169,177,141,145,151,166,128,133,149	1,0,2,1,2,2,2,2,4,2	131,171,146,138,140,160,142,164,157,156	156	75
3435	1,2,3,1,2,4,1,4,1,1	1,0,4,0,2,2,1,2,2,0	3,0,2,2,2,5,5,4,3,1	0,0,2,0,3,0,0,1,1,0	264	75
3436	0,0,0,1,0,0,0,0,0,0	0,0,0,1,0,0,0,0,0,0	0,0,0,0,0,1,0,1,0,0	0,0,0,0,0,0,0,0,0,0	89	75
3438	0,0,0,0,0,0,0,0,1,0	0,0,0,0,0,0,0,0,0,0	0,0,0,0,0,0,0,1,0,1	0,1,0,0,0,0,0,0,0,0	112	75
3439	1,2,4,0,2,3,1,3,0,0	47,58,47,52,55,53,32,44,43,52	1,2,2,0,0,0,2,4,1,1	53,64,48,35,50,48,54,47,50,40	109	75
3441	3,2,0,0,0,0,0,0,0,0	16,18,23,12,18,17,6,15,17,12	0,0,0,0,0,1,1,0,2,1	12,14,10,25,14,20,17,21,13,9	88	75
3442	1,2,0,0,0,0,0,0,0,0	0,0,0,0,0,1,0,0,1,0	0,0,0,1,0,1,0,0,1,1	0,0,0,1,0,1,0,0,0,0	88	75
3444	0,0,0,0,0,1,0,0,0,0	0,0,0,0,0,0,2,0,0,0	1,0,0,1,0,0,0,0,0,0	0,0,0,0,0,1,0,0,0,0	229	75
3447	3,3,3,0,1,3,2,0,1,0	4,4,1,6,5,5,8,3,4,6	1,1,2,0,1,1,2,0,1,1	3,9,5,5,4,7,4,6,2,1	186	75
3448	2,4,4,1,3,12,8,4,4,3	80,93,96,84,84,82,64,59,78,86	2,2,2,7,10,7,9,3,8,3	81,84,65,85,63,97,81,86,87,67	315	75
3449	24,11,18,16,14,17,13,12,16,9	0,0,0,0,0,0,0,0,0,0	19,22,14,10,17,25,12,14,20,16	0,0,0,0,1,0,0,0,0,0	292	75
3450	50,37,41,22,43,37,22,27,39,32	1,0,0,2,3,0,0,0,0,0	26,27,24,22,31,41,44,39,42,38	0,1,0,0,0,0,1,0,0,0	142	75
3451	0,0,0,1,0,0,1,0,1,0	347,287,311,320,274,301,202,205,254,283	0,0,0,0,0,0,0,0,1,0	312,303,305,326,251,269,244,266,286,223	79	75
3452	1,0,0,0,2,1,0,0,1,0	0,1,1,0,0,1,2,0,1,0	0,0,0,0,2,0,0,0,0,0	0,2,0,0,0,2,0,0,0,0	79	75
3453	5,4,3,1,5,2,2,2,7,3	52,55,56,29,59,52,38,26,42,60	4,3,2,7,4,4,6,7,5,3	56,36,50,45,40,51,41,41,48,42	132	75
3454	12,3,7,3,8,2,2,2,6,2	52,55,56,29,59,52,38,26,42,60	3,3,9,10,5,7,11,7,6,7	56,36,50,45,40,51,41,41,48,42	156	75
3455	8,1,4,2,3,1,0,1,1,0	1,2,0,0,0,1,0,1,2,1	1,1,7,3,1,3,5,3,3,4	2,1,0,0,0,0,0,3,2,0	99	75
3456	0,0,0,0,0,0,0,0,0,0	4,0,2,4,2,0,1,0,1,1	0,0,0,1,0,0,0,0,0,0	2,1,1,1,2,1,0,1,0,0	149	75
3458	0,0,0,1,2,2,1,1,3,0	0,1,2,0,1,2,0,0,0,0	2,2,1,4,1,0,0,0,0,0	0,2,0,2,1,1,0,0,0,0	84	75
3459	0,0,3,3,0,1,2,6,4,1	6,5,4,4,2,6,1,4,6,6	0,2,0,1,1,1,2,1,3,1	5,3,0,3,3,3,2,2,6,5	86	75
3460	21,24,20,17,23,19,21,25,20,31	2,0,4,1,3,0,1,2,2,0	26,24,22,21,22,15,17,14,21,19	0,5,2,1,2,4,4,0,1,0	340	75
3461	213,223,234,223,168,176,230,207,247,199	1,0,0,0,0,0,0,0,0,0	216,272,184,214,187,205,207,204,192,224	0,0,0,0,0,0,1,0,0,0	745	75
3462	93,138,122,100,117,100,104,94,87,126	4,2,1,4,3,1,1,3,2,1	123,115,89,99,121,107,108,94,90,102	2,3,2,2,4,1,3,0,2,0	91	75
3464	39,21,31,34,22,24,22,23,29,27	1,4,3,2,2,0,0,2,5,6	23,24,22,18,19,20,27,26,28,27	3,6,2,1,0,1,4,2,3,5	110	75
3465	6,8,8,8,4,9,8,7,5,13	0,0,0,0,1,0,0,0,0,1	8,7,8,5,3,8,4,4,3,4	0,1,0,0,0,0,0,1,0,0	122	75
3466	4,2,0,1,1,1,0,2,0,3	52,62,57,38,49,49,51,52,47,48	0,1,0,0,0,0,0,0,1,0	47,61,44,56,54,56,47,57,44,42	84	75
3467	0,0,0,0,0,0,0,0,0,0	17,6,14,13,13,6,9,9,15,16	0,1,1,0,0,0,0,0,0,0	17,11,18,5,8,24,16,12,14,7	81	75
3468	0,0,0,0,1,0,0,0,0,0	11,15,12,11,10,14,7,7,11,12	0,0,0,0,1,0,0,0,1,0	1,7,15,10,15,10,5,7,10,12	90	75
3469	0,1,1,0,1,0,1,1,3,0	9,6,5,6,10,12,4,8,2,8	1,0,0,0,0,1,0,0,0,1	6,6,11,5,10,8,6,7,4,5	88	75
3470	31,9,20,19,25,25,24,10,15,32	49,41,44,42,46,46,37,40,45,38	24,21,15,18,25,18,29,11,14,13	29,37,38,47,50,45,41,63,35,38	90	75
3471	255,246,274,229,193,232,202,207,211,240	0,0,0,0,0,2,0,0,0,0	222,252,208,250,216,241,242,246,200,220	0,0,0,0,0,0,0,0,0,0	121	75
3477	5,2,6,3,5,6,6,2,8,7	53,46,46,44,45,41,30,48,44,51	1,3,2,1,1,7,5,1,1,3	52,53,44,36,35,65,52,36,41,57	96	75
3478	2,0,2,1,5,4,1,0,0,1	2,2,1,3,1,0,1,2,4,3	0,3,0,1,0,4,2,2,1,1	1,0,1,1,0,3,0,4,0,3	96	75
3479	0,0,0,0,0,0,0,0,1,0	1,5,7,3,4,3,4,4,7,4	0,0,0,0,1,0,0,0,0,0	5,1,2,4,4,4,0,4,1,1	120	75
3481	250,268,283,197,234,199,230,200,197,250	0,0,0,0,0,0,0,0,0,1	285,275,327,272,243,244,225,224,294,230	0,0,0,0,0,0,0,0,0,0	1443	75
3482	22,18,14,16,16,20,17,14,22,19	1,0,0,1,0,0,0,0,0,0	21,17,22,12,19,23,21,20,15,17	0,1,0,0,0,0,0,0,0,0	581	75
3485	20,26,20,16,22,12,12,15,27,10	0,0,1,0,0,0,1,0,0,0	10,15,23,17,15,14,12,21,11,10	0,0,0,0,0,2,1,0,0,0	230	75
3487	95,93,103,100,72,78,72,73,63,72	0,2,0,1,0,1,1,0,0,2	80,76,69,77,77,72,94,70,80,73	0,3,0,2,0,2,1,0,0,1	122	75
3488	0,0,0,2,0,0,0,0,0,0	47,46,37,47,49,34,41,29,33,34	1,0,1,0,2,0,1,0,0,1	38,56,38,44,44,49,34,22,38,40	103	75
3489	7,3,8,5,4,7,7,6,9,10	3,10,16,8,9,4,8,11,12,10	11,4,2,7,3,10,22,11,3,9	6,6,2,8,17,16,22,12,11,6	87	75
3490	6,2,3,2,1,2,0,3,3,0	0,1,0,0,0,0,0,0,0,0	0,1,2,1,0,3,2,3,2,0	0,1,0,0,0,0,0,0,0,0	145	75
3497	32,24,18,20,16,20,21,14,18,14	6,3,5,3,1,11,2,5,3,3	28,13,14,18,22,30,23,19,21,27	7,3,1,2,6,5,3,1,1,1	85	75
3498	109,121,139,91,110,131,110,84,95,107	0,0,0,0,0,0,0,0,0,1	106,132,103,112,100,122,108,116,120,102	0,0,0,0,0,0,1,0,0,0	426	75
3499	109,121,139,91,110,131,110,84,95,107	2,0,2,0,0,1,0,1,0,1	106,132,103,112,100,122,108,116,120,102	0,2,1,0,0,0,0,0,0,3	490	75
3500	0,0,0,0,0,0,0,0,0,1	2,0,2,0,0,1,0,1,0,1	0,0,0,0,0,0,1,0,0,0	0,2,1,0,0,0,0,0,0,3	139	75
3501	92,91,81,67,76,73,54,48,61,71	0,1,1,1,1,0,1,1,3,0	71,81,64,63,66,66,81,75,72,68	1,0,1,1,0,1,2,0,0,0	139	75
3502	3,1,5,0,1,0,3,2,1,1	0,0,0,0,0,0,0,0,0,0	1,2,2,1,2,1,0,0,1,0	0,0,0,0,0,0,0,0,1,0	231	75
3504	54,64,53,47,57,72,39,34,53,74	13,7,4,5,3,5,6,5,7,7	55,53,58,37,62,56,60,57,60,50	9,6,6,6,8,7,6,6,9,4	137	75
3505	1,2,1,1,1,1,3,3,0,1	85,86,65,80,74,59,62,40,61,61	0,0,4,1,0,1,1,1,0,0	80,94,64,64,84,67,67,67,81,66	116	75
3506	0,0,4,0,0,5,2,1,0,0	7,4,4,0,0,3,3,2,4,5	1,3,3,2,1,0,2,2,2,1	0,1,2,4,4,3,3,2,4,3	438	75
3507	84,55,48,57,69,62,47,61,53,53	0,2,3,1,2,2,2,0,3,2	65,75,65,68,70,79,68,74,59,58	0,1,1,0,2,3,3,0,2,1	105	75
3508	99,87,88,86,91,100,83,85,98,94	1,0,0,0,0,0,0,0,1,0	100,87,89,93,95,95,106,84,90,91	0,2,0,0,0,0,0,0,0,1	242	75
3510	7,3,11,4,3,1,3,4,1,6	160,148,179,146,155,170,167,136,132,149	10,7,6,4,5,3,7,8,3,8	156,158,133,148,182,144,190,173,154,157	83	75
3511	200,181,173,180,157,177,194,151,139,152	0,0,1,0,0,0,1,1,1,3	181,152,167,146,221,173,177,191,167,136	0,0,1,0,0,0,0,0,0,0	81	75
3512	188,202,200,210,131,217,183,153,151,183	1,3,1,0,1,1,2,3,0,1	184,143,135,137,200,179,203,164,156,154	0,1,1,0,0,2,1,0,2,0	610	75
3513	1,0,0,1,0,0,1,2,0,0	1,3,0,0,0,3,2,0,1,0	0,1,0,0,0,0,0,0,0,0	0,2,0,1,0,1,2,0,1,0	269	75
3514	2,1,2,0,1,2,3,0,3,1	2,0,0,0,1,0,0,0,0,1	2,0,1,1,0,0,1,0,1,2	0,1,0,0,0,0,0,0,0,0	744	75
3515	6,5,5,3,0,3,1,3,2,2	0,0,0,0,2,1,0,0,0,0	0,1,5,1,0,2,3,3,2,5	0,1,0,0,0,0,0,0,0,0	103	75
3516	1,3,4,3,0,2,0,2,1,1	0,0,0,0,0,0,0,0,0,1	0,1,3,1,0,2,2,2,1,3	0,0,0,0,0,0,0,0,0,0	103	75
3517	7,10,8,16,5,6,3,6,10,8	0,1,1,2,0,2,0,1,0,0	2,6,6,3,9,5,8,3,2,8	0,0,1,2,0,0,1,0,0,0	103	75
3518	9,7,11,8,8,4,5,7,6,10	1,1,1,1,5,2,0,1,1,1	3,5,6,4,6,7,10,9,9,8	3,1,0,1,1,0,1,1,0,1	103	75
3519	19,10,24,11,12,24,22,29,12,8	0,0,1,0,0,0,0,0,0,1	12,18,26,8,10,17,19,29,6,17	0,0,0,0,0,0,0,0,0,0	98	75
3520	107,77,68,74,79,70,80,68,77,86	12,15,11,7,9,11,7,11,8,11	75,103,72,95,96,74,89,93,72,82	9,10,10,7,11,10,14,13,11,9	110	75
3521	1,2,4,3,5,1,5,4,0,3	5,9,7,3,2,9,4,2,7,5	1,3,1,2,0,5,0,4,2,1	2,4,6,3,0,2,0,12,9,2	1799	75
3524	0,0,0,0,0,0,0,0,0,0	1,0,2,0,0,0,0,0,0,0	0,1,0,1,0,0,0,0,0,0	1,0,1,0,2,0,1,0,0,0	80	75
3525	0,0,0,0,0,0,1,0,0,1	4,0,4,4,1,1,6,3,9,6	0,0,0,0,0,0,0,0,0,0	3,6,0,4,1,4,5,0,2,2	80	75
3526	1,1,3,1,5,4,1,0,6,2	1,3,2,3,2,0,4,0,1,1	4,2,1,2,2,2,2,4,0,0	1,0,2,4,0,2,0,0,1,1	206	75
3528	6,1,2,2,2,0,0,2,2,0	223,235,226,214,209,226,181,186,202,197	2,1,0,1,2,0,3,5,2,1	235,236,192,205,240,223,202,205,212,233	154	75
3529	105,122,135,102,87,92,88,95,103,127	15,10,12,15,3,12,17,8,7,13	116,80,88,101,116,141,127,101,103,77	9,17,8,12,13,15,11,14,4,4	213	75
3530	6,4,3,4,6,2,1,4,0,3	3,2,3,1,1,4,2,2,1,1	3,2,3,3,3,5,3,1,1,2	2,0,0,2,4,1,1,0,1,1	131	75
3532	0,1,1,2,0,2,4,0,2,0	4,0,11,2,2,1,5,4,1,1	0,3,1,1,2,1,1,2,1,1	5,9,2,7,1,8,3,8,4,3	178	75
3533	13,14,16,21,7,18,16,12,22,11	1,2,1,1,0,1,0,1,2,0	9,24,17,22,12,17,26,14,13,23	1,0,1,0,0,0,0,2,0,0	654	75
3535	17,13,26,21,9,17,17,16,21,12	1,2,1,1,0,1,0,1,2,0	14,30,18,28,11,24,28,20,16,25	1,0,1,0,0,0,0,2,0,0	551	75
3538	65,59,40,45,47,50,47,47,42,54	3,4,6,8,5,3,2,5,4,3	50,39,43,44,45,42,49,48,40,49	6,7,4,9,7,3,8,8,2,1	77	75
3539	27,32,41,33,32,33,28,18,30,35	0,0,0,0,0,0,0,0,0,0	23,23,27,34,33,22,22,30,40,28	0,1,0,0,0,0,0,0,0,0	954	75
3540	0,0,0,0,0,0,0,1,0,0	0,0,0,0,0,1,0,0,0,0	0,0,0,2,0,0,0,1,0,0	0,0,0,0,0,0,0,0,0,0	245	75
3544	63,73,50,45,51,56,62,52,53,56	7,7,18,9,9,11,12,5,9,15	58,52,57,69,66,47,70,55,57,65	12,8,6,5,12,4,9,15,6,10	84	75
3546	5,1,6,3,4,1,4,6,4,7	4,0,2,5,1,2,2,1,3,2	5,2,8,2,3,3,6,9,2,5	2,5,4,5,3,1,3,2,2,1	126	75
3547	13,7,15,9,12,7,6,12,7,14	8,2,2,2,6,4,3,1,2,4	9,4,11,7,12,9,7,15,5,9	3,3,4,1,2,1,2,2,2,1	209	75
3548	17,8,18,12,18,11,7,14,10,16	26,12,12,22,17,8,16,17,7,15	12,8,11,10,17,19,12,17,8,9	9,15,18,15,15,13,21,18,14,16	222	75
3549	12,6,11,11,9,8,4,7,6,9	8,2,2,2,6,4,3,1,2,4	6,7,7,10,12,7,4,8,5,5	3,3,4,1,2,1,2,2,2,1	158	75
3550	16,7,14,14,15,12,5,9,9,11	26,12,12,22,17,8,16,17,7,15	9,11,7,13,17,17,9,10,8,5	9,15,18,15,15,13,21,18,14,16	171	75
3551	12,3,5,5,12,8,4,3,5,6	26,12,12,22,17,8,16,17,7,15	6,7,4,4,7,11,7,4,5,1	9,15,18,15,15,13,21,18,14,16	88	75
3552	1,1,0,0,2,1,1,1,2,4	26,19,32,22,23,17,16,15,15,16	4,3,0,0,3,2,2,0,0,6	29,23,15,10,28,20,18,31,19,16	175	75
3553	6,5,10,6,2,2,4,3,0,4	22,26,21,34,22,27,16,19,21,29	7,3,0,5,4,2,4,0,6,4	26,28,35,26,25,35,26,33,27,18	88	75
3555	164,168,172,140,145,110,146,135,129,164	16,14,21,12,15,22,12,22,17,14	137,190,132,143,159,172,140,124,136,122	14,20,21,14,19,15,10,14,31,6	132	75
3557	1,6,1,2,1,1,2,3,1,0	1,0,0,0,0,0,0,0,0,0	1,4,2,3,1,7,3,1,6,3	0,1,1,0,0,0,0,1,0,0	304	75
3559	1,0,4,2,2,0,1,1,0,0	0,0,0,0,0,0,0,0,2,3	0,1,0,0,0,0,2,0,0,2	0,0,0,1,0,0,2,0,0,1	153	75
3560	1,0,1,0,0,0,0,0,2,0	7,0,3,6,3,0,0,3,2,2	0,1,1,0,1,0,0,0,1,0	0,3,4,2,0,3,0,0,0,1	157	75
3563	134,133,134,147,122,115,108,105,123,138	0,0,0,0,0,1,0,1,0,0	127,141,128,103,140,122,131,121,133,95	0,0,0,0,4,0,0,1,1,0	184	75
3566	1,1,2,2,0,2,0,0,3,0	31,13,24,20,10,26,12,21,20,22	1,3,0,2,3,1,0,1,1,2	20,20,22,13,17,18,16,20,30,18	85	75
3567	0,0,0,1,1,0,1,1,1,1	10,7,10,8,7,5,17,9,9,7	0,2,1,0,0,0,2,1,0,1	8,8,2,10,1,9,7,6,11,4	79	75
3568	6,5,14,0,2,1,2,3,4,4	0,0,0,0,0,0,0,0,0,0	1,2,3,4,2,3,2,1,4,2	0,0,0,0,0,0,0,0,0,1	955	75
3569	96,114,132,109,101,118,91,122,114,88	58,61,88,73,61,52,62,52,56,54	112,139,100,97,98,129,113,97,116,85	65,77,57,58,56,54,64,50,49,50	1443	75
3570	116,88,92,78,68,56,132,109,117,67	0,0,0,1,0,0,0,0,0,0	93,89,51,91,60,77,82,68,86,99	0,0,0,0,0,1,0,2,2,0	2122	75
3572	10,6,2,2,7,5,6,7,6,3	1,1,0,0,1,0,1,1,1,0	3,4,2,5,3,7,7,3,3,5	1,0,0,0,0,0,1,1,0,3	85	75
3573	0,0,0,0,0,0,1,0,0,0	0,0,0,0,0,0,0,0,0,0	0,0,0,0,0,0,0,0,1,0	0,0,0,0,0,1,0,0,0,0	85	75
3574	6,1,3,3,4,2,3,5,4,4	2,0,0,0,0,0,0,0,1,0	5,2,3,9,1,8,3,7,3,1	0,0,0,0,0,0,0,0,0,0	164	75
3575	6,2,3,4,4,2,3,5,4,4	952,918,1039,871,824,856,835,757,742,706	5,4,3,10,1,9,3,7,3,3	953,958,750,807,790,865,902,709,799,805	215	75
3576	2,1,0,1,0,0,0,0,1,0	952,918,1039,871,824,856,835,757,742,706	0,2,0,1,0,1,0,0,0,2	953,958,750,807,790,865,902,709,799,805	126	75
3577	8,4,5,6,3,4,10,5,3,5	8,19,24,13,18,20,24,13,17,18	10,5,7,13,12,2,3,6,6,9	20,18,13,18,21,16,23,25,22,15	189	75
3578	4,2,1,2,1,2,5,5,3,3	22,23,25,19,24,27,26,16,21,23	3,1,5,2,3,1,2,8,7,5	23,18,20,18,28,25,14,16,18,16	105	75
3579	359,333,431,338,333,291,361,282,314,299	0,0,0,0,0,0,0,0,0,0	272,353,292,309,361,304,322,262,283,225	0,0,0,0,2,0,0,0,0,0	755	75
3580	5,7,9,6,5,7,15,10,7,14	0,0,0,0,0,0,0,0,0,0	9,8,15,10,7,7,11,7,10,6	0,0,1,0,0,0,2,0,0,0	82	75
3582	38,28,46,35,38,39,34,38,39,38	35,28,36,37,35,24,33,47,33,42	32,28,26,35,38,44,37,40,37,33	22,31,36,28,25,25,47,41,32,23	90	75
3584	2,0,1,0,1,2,2,1,1,0	26,28,26,40,27,31,24,14,26,32	1,3,1,2,0,0,0,5,1,0	32,30,26,32,28,21,29,19,30,19	98	75
3586	125,100,95,132,82,108,90,96,108,116	0,0,0,0,0,0,0,0,0,0	102,97,76,110,107,97,119,94,115,99	0,0,0,0,0,1,0,0,0,0	83	75
3587	11,7,12,9,10,14,5,8,8,9	0,0,0,0,0,0,0,0,0,0	7,14,7,11,7,6,7,4,4,7	0,0,0,0,0,0,0,0,3,0	80	75
3588	7,12,4,12,10,7,14,9,12,8	16,15,17,7,13,13,13,9,11,10	9,14,5,11,20,9,12,7,9,15	14,13,16,10,13,17,12,7,10,18	79	75
3589	36,41,23,24,32,19,19,30,14,28	3,4,1,4,6,3,4,1,3,6	34,37,27,31,21,27,19,26,27,28	6,0,0,1,1,2,1,3,7,2	91	75
3590	0,0,1,0,1,1,4,3,0,5	22,25,24,23,19,16,22,18,16,14	0,0,1,3,2,1,2,3,1,2	26,31,15,20,19,13,13,19,14,12	143	75
3591	0,0,0,0,0,1,0,0,0,0	35,42,24,26,27,30,29,17,32,35	0,0,0,0,0,0,0,0,0,1	27,38,30,30,32,28,30,30,33,32	149	75
3596	22,28,31,29,14,16,16,28,14,15	0,0,1,1,0,1,1,2,1,0	10,25,13,20,21,17,25,23,23,10	0,2,0,0,0,0,0,0,0,1	160	75
3597	0,0,1,2,1,1,2,2,2,0	0,0,0,0,0,1,0,0,0,0	0,1,0,1,0,3,0,1,1,1	0,0,0,0,0,0,0,0,0,0	82	75
3598	1,0,0,2,0,1,1,0,0,0	0,0,0,0,0,0,0,0,0,0	1,1,0,0,0,5,0,2,1,0	0,0,0,0,0,0,0,1,0,0	80	75
3599	13,12,7,13,5,3,4,1,7,6	160,152,162,134,124,130,120,116,114,149	6,7,9,9,5,4,3,11,8,3	172,157,129,130,118,128,126,109,138,136	104	75
3600	815,719,822,700,680,632,536,727,689,809	1,0,2,4,1,2,0,4,3,2	626,825,709,624,653,822,698,585,607,609	0,2,3,1,3,0,2,4,2,1	93	75
3601	0,1,0,0,0,0,0,2,0,0	0,2,1,1,1,0,2,0,0,1	1,2,0,0,0,1,0,0,0,1	0,1,0,0,0,1,0,1,1,0	434	75
3602	5,2,1,3,3,1,2,0,2,0	37,34,27,29,36,36,24,27,31,39	3,5,0,5,1,5,1,4,5,2	34,38,25,32,28,36,38,22,22,43	118	75
3603	14,16,11,14,16,16,12,13,14,18	3,4,10,7,5,9,3,8,3,4	20,18,16,17,13,16,10,13,12,14	5,2,5,7,7,3,3,7,5,3	103	75
3604	1,0,1,1,1,0,1,0,0,0	2,4,2,7,6,4,3,7,4,4	0,1,0,0,0,1,0,0,0,0	2,4,6,7,5,2,5,6,5,4	119	75
3606	30,26,19,19,33,33,18,24,26,29	0,0,0,0,2,0,0,0,0,0	52,37,16,20,25,32,22,23,16,38	2,1,2,0,0,1,0,0,1,0	208	75
3608	0,2,0,0,0,1,0,0,2,0	25,30,32,40,27,34,28,28,25,17	0,0,0,0,0,1,0,0,0,0	29,29,33,40,25,33,37,25,24,21	117	75
3609	1,0,4,0,2,2,0,1,2,0	27,19,9,16,13,11,12,19,8,28	0,2,2,3,2,0,2,6,0,3	24,25,14,16,16,27,24,18,18,20	92	75
3610	8,5,11,17,12,8,6,5,7,13	0,1,0,0,0,0,0,0,0,1	14,21,8,11,7,12,7,6,9,13	0,0,0,0,0,1,0,0,0,0	171	75
3611	34,40,60,28,26,33,30,28,33,27	31,31,23,32,19,27,15,16,28,25	35,30,21,32,50,25,39,36,28,21	14,23,31,28,27,27,34,18,26,18	183	75
3612	32,29,21,27,41,21,22,24,22,36	0,0,0,0,0,1,0,1,0,0	32,46,27,31,27,31,42,20,19,21	0,0,0,1,2,0,0,0,0,0	223	75
3613	6,7,4,2,7,0,5,4,3,3	8,12,21,9,5,7,8,8,18,13	3,0,2,2,6,2,3,7,5,2	9,7,16,8,13,10,11,22,14,10	79	75
3614	1,0,0,0,0,2,0,0,0,0	8,18,15,8,9,16,13,10,11,8	0,1,0,0,0,0,1,1,0,0	13,15,9,11,6,15,11,16,8,7	79	75
3615	15,7,6,4,12,17,5,12,12,5	84,68,74,59,58,82,80,58,62,70	18,15,2,6,12,13,8,8,11,3	64,61,53,62,67,70,74,50,60,44	87	75
3616	4,1,3,2,4,2,1,4,3,4	84,103,84,79,103,85,53,57,80,71	3,9,1,4,1,1,2,5,2,2	91,87,81,77,76,94,100,85,86,96	87	75
3617	496,503,503,493,441,420,383,408,442,515	0,0,0,0,0,0,1,0,0,0	439,466,440,449,473,473,443,411,461,339	0,0,0,0,0,1,0,0,0,0	3933	75
3618	43,68,58,51,52,39,58,55,39,55	6,0,1,1,2,2,4,1,2,2	43,61,25,48,47,65,45,53,45,57	2,0,0,3,3,4,0,0,1,2	577	75
3619	203,163,175,177,160,182,153,168,159,157	0,0,0,0,0,0,1,0,0,0	163,205,160,153,158,195,165,177,177,169	0,0,0,0,0,0,0,1,0,0	4276	75
3620	0,0,0,0,0,0,0,1,0,0	2,1,2,1,3,0,1,3,6,3	0,0,0,0,0,0,0,0,0,0	2,4,1,0,3,9,3,2,2,0	99	75
3621	147,130,111,108,107,135,110,108,109,115	19,18,15,14,8,12,12,10,15,13	101,139,121,133,118,115,121,122,154,98	13,12,13,7,7,8,15,12,7,12	106	75
3623	58,45,69,35,41,40,53,32,37,28	0,0,0,0,0,0,1,0,0,0	48,45,24,43,33,51,48,39,35,38	0,0,0,0,0,0,1,0,0,1	603	75
3624	7,2,3,2,3,5,1,5,0,3	5,10,7,5,17,2,16,10,9,4	0,1,2,4,5,3,4,1,1,6	3,14,15,12,10,3,10,6,12,2	225	75
3625	4,1,1,2,2,3,0,3,0,3	0,0,0,1,0,0,0,0,0,0	0,1,2,4,4,2,2,1,0,5	1,0,0,0,0,0,0,0,0,0	225	75
3627	102,81,93,99,80,81,72,72,96,93	0,0,0,0,0,0,0,0,0,0	78,106,98,99,76,85,93,69,73,81	0,0,0,0,0,0,0,0,0,1	1326	75
3628	0,0,0,0,0,1,0,0,0,0	92,92,116,86,85,85,79,74,68,82	0,0,0,0,0,0,0,0,0,0	83,88,83,64,86,108,107,69,86,97	77	75
3630	3,1,2,2,3,2,1,0,1,1	129,121,124,101,119,107,89,68,97,128	3,3,0,2,2,1,3,3,0,2	136,118,122,126,105,124,119,125,116,171	112	75
3631	1,2,0,0,0,0,0,0,0,7	0,0,1,0,0,0,1,1,1,1	0,2,0,0,0,0,0,0,1,0	0,3,0,0,0,2,0,0,0,2	96	75
3633	49,57,47,49,57,36,68,37,51,55	1,1,0,0,2,0,1,0,0,1	63,43,50,51,45,59,48,52,53,48	0,0,1,2,2,1,2,0,0,0	104	75
3634	5,5,5,4,7,4,1,2,3,5	86,98,87,84,91,75,72,60,76,99	1,5,2,7,1,2,3,6,2,3	69,82,72,103,109,69,90,74,66,68	100	75
3635	5,15,3,5,11,11,16,5,11,25	3,1,6,1,3,2,3,2,5,0	9,7,8,14,8,2,22,3,7,4	4,1,1,4,3,6,3,3,3,2	84	75
3636	9,5,1,1,2,2,3,1,0,4	171,138,163,145,126,130,108,120,124,140	2,0,1,6,3,2,5,6,2,4	164,174,151,112,135,139,152,125,129,137	144	75
3637	223,213,207,210,226,191,187,196,207,212	3,4,3,0,3,2,7,4,8,5	206,229,197,211,224,214,208,166,214,176	7,4,2,9,11,3,12,6,9,0	203	75
3638	95,82,74,106,71,73,100,76,71,107	3,4,4,1,4,1,1,5,2,2	88,75,66,89,74,83,94,65,93,106	3,2,3,4,0,4,1,2,0,4	126	75
3639	81,55,69,53,35,62,47,34,55,55	1,0,1,0,1,0,0,2,0,0	76,61,51,54,70,60,66,69,64,55	0,1,3,2,2,0,1,2,0,0	84	75
3640	6,1,6,3,6,7,2,6,3,3	0,1,1,0,0,0,1,3,0,0	2,7,5,6,2,6,5,6,6,2	0,0,0,0,0,0,1,0,2,1	100	75
3641	19,15,20,22,16,18,10,28,14,11	10,4,7,3,3,2,4,8,4,4	18,20,17,21,21,19,25,14,23,17	8,3,4,4,8,6,8,3,7,6	100	75
3642	0,0,1,0,2,2,3,0,0,0	0,0,0,1,0,2,0,0,0,0	2,1,0,0,1,0,0,2,1,2	0,0,0,0,0,0,0,0,0,0	108	75
3643	303,297,377,267,282,296,269,271,261,245	0,1,0,0,0,0,0,0,1,0	275,302,275,297,289,294,278,263,274,248	1,0,2,1,0,1,0,1,2,0	220	75
3644	30,26,31,25,29,35,21,34,32,40	5,8,7,5,6,6,1,7,4,2	21,40,19,18,21,33,24,18,15,19	4,8,4,2,4,4,8,3,5,8	90	75
3645	2,0,1,2,0,1,0,4,3,0	0,0,0,0,0,0,0,0,3,1	0,3,1,0,1,0,4,1,1,3	0,0,0,0,0,2,0,0,0,0	109	75
3646	12,5,5,1,4,4,2,3,5,2	0,1,0,0,0,0,0,0,0,0	3,3,3,6,8,6,6,3,6,5	0,0,0,0,0,0,0,0,0,0	108	75
3647	19,17,12,15,10,14,10,13,10,11	4,5,1,4,3,5,1,3,3,3	16,12,7,15,16,19,20,11,14,16	4,5,1,7,9,2,8,0,10,7	108	75
3648	0,0,0,0,0,0,2,2,0,1	0,1,0,0,0,0,0,1,0,1	2,1,0,0,1,1,1,1,2,1	0,0,0,0,0,0,0,0,0,0	84	75
3649	9,10,6,11,6,7,16,12,8,18	1,2,2,0,1,1,1,1,2,0	8,13,8,5,13,8,11,10,8,7	2,0,0,2,1,1,1,2,0,0	84	75
3651	0,1,2,3,3,4,3,4,4,0	28,68,38,26,34,15,18,19,28,53	3,8,5,4,3,5,11,1,1,2	21,30,37,19,18,45,74,23,28,22	153	75
3652	19,24,6,17,14,16,24,11,9,5	17,19,16,15,14,24,18,12,29,17	10,18,7,10,7,19,14,7,18,8	19,26,22,10,24,30,23,20,12,25	313	75
3653	25,32,32,29,24,26,31,16,21,29	4,7,5,6,2,1,6,3,9,7	24,45,27,27,18,28,28,31,15,21	0,4,2,2,4,7,10,3,7,1	81	75
3654	15,10,12,19,14,15,12,16,13,12	0,0,0,0,0,0,0,0,0,0	6,18,9,10,17,15,25,17,3,17	0,0,0,0,0,0,1,0,0,0	327	75
3655	354,334,348,296,346,288,276,365,342,338	3,1,5,3,10,5,4,2,4,5	304,377,385,346,350,370,319,317,332,280	4,8,0,6,3,8,4,6,4,3	84	75
3658	68,54,56,54,56,82,63,64,47,64	32,40,32,36,28,50,49,41,37,45	64,74,51,53,63,67,65,80,59,71	26,52,27,29,31,30,38,34,35,32	171	75
3659	82,82,90,62,73,77,62,61,71,73	2,1,0,0,0,2,0,1,1,1	72,83,62,121,54,76,98,68,87,60	1,0,2,1,3,2,1,0,2,0	104	75
3660	79,99,99,85,125,96,87,80,84,65	1,3,5,3,6,4,2,2,5,1	80,139,83,82,75,64,80,72,75,79	3,4,1,4,2,1,0,4,1,4	116	75
3661	8,11,8,4,11,14,4,6,5,10	599,599,638,604,578,709,447,495,498,540	2,10,4,6,9,4,5,6,7,2	643,662,614,593,578,590,509,548,548,517	108	75
3663	311,306,334,248,257,260,280,252,312,330	0,1,0,0,0,0,1,0,0,0	294,247,306,301,331,313,342,274,286,320	1,0,0,0,1,1,0,0,0,0	279	75
3664	312,306,336,248,258,260,280,252,312,330	1,2,2,1,1,1,1,1,0,0	294,247,307,300,331,314,343,273,289,317	0,1,0,0,2,0,0,0,0,0	279	75
3665	78,61,61,38,55,62,52,55,56,64	3,0,4,2,1,2,0,0,1,2	45,61,52,57,60,50,52,56,55,56	2,0,2,1,0,4,0,1,2,0	653	75
3666	6,1,4,1,0,0,0,4,2,1	14,12,11,21,13,9,6,9,14,22	1,3,1,3,2,2,6,2,3,3	12,15,11,16,17,15,18,16,19,9	101	75
3668	134,121,115,119,84,119,128,93,91,134	67,62,48,33,32,43,52,31,40,44	125,90,110,81,108,108,119,143,106,125	46,36,40,34,47,63,35,35,26,45	84	75
3669	0,0,0,0,0,0,0,1,0,0	40,15,21,28,24,20,29,13,35,25	0,0,0,0,0,0,0,0,0,0	14,12,21,17,29,21,29,26,20,19	79	75
3671	14,8,12,12,6,10,8,15,10,12	0,0,0,0,0,0,3,0,0,0	6,22,11,12,8,13,20,8,12,8	0,0,0,0,0,0,0,2,0,0	88	75
3672	12,5,3,6,8,4,3,5,3,4	8,2,11,7,4,2,4,5,2,7	3,2,10,5,7,4,9,9,6,5	1,2,6,2,7,1,5,5,4,3	81	75
3673	14,23,38,20,24,35,24,24,18,20	2,8,10,4,3,5,3,5,2,8	40,28,23,25,30,26,29,22,24,30	4,11,3,4,6,2,5,3,2,4	278	75
3674	14,23,38,21,24,36,24,25,18,20	9,10,11,10,16,9,13,10,10,13	39,28,23,26,31,27,29,23,25,30	3,14,16,8,21,10,8,17,12,4	278	75
3675	71,76,83,65,62,62,54,56,67,86	6,8,6,1,5,4,1,9,6,4	74,62,64,62,60,74,70,66,73,39	2,5,6,7,6,6,4,6,5,3	86	75
3676	1,1,2,0,3,2,0,0,0,2	44,45,26,27,29,33,32,28,49,40	5,2,1,0,1,3,0,1,2,1	41,44,40,29,49,46,34,30,26,23	1634	75
3678	12,6,5,7,11,8,10,6,4,6	0,0,0,1,0,1,0,0,0,2	5,4,3,5,2,10,9,5,6,7	4,0,3,1,2,0,0,1,0,0	109	75
3682	22,23,28,25,17,14,21,22,15,23	0,0,0,0,0,0,0,0,0,0	16,21,21,25,11,18,24,19,21,12	0,1,0,0,0,0,0,0,0,0	173	75
3683	65,65,91,62,47,52,59,63,48,59	1,6,0,1,1,1,1,1,0,0	63,60,53,59,38,44,68,48,64,41	4,2,0,0,0,1,1,2,2,1	173	75
3684	0,0,0,0,0,0,0,0,0,0	1,3,3,1,0,2,2,1,3,1	0,0,0,0,0,0,1,0,0,1	3,5,0,3,4,0,1,4,0,1	79	75
3685	271,286,295,285,235,204,273,174,238,263	3,5,7,6,2,4,5,3,2,4	271,221,181,244,229,258,331,281,286,260	2,0,2,1,6,3,5,4,6,1	100	75
3686	48,58,44,57,61,38,44,25,48,46	0,0,2,2,0,1,1,1,0,0	59,39,37,27,49,59,64,52,47,60	1,0,0,0,0,0,0,0,0,0	100	75
3687	1,0,0,4,2,1,1,0,1,1	64,53,91,59,77,56,54,67,54,74	0,1,0,0,1,1,2,1,0,0	54,76,41,52,76,51,78,65,55,63	191	75
3688	35,24,28,39,27,28,13,25,21,27	2,1,0,0,2,0,0,0,1,0	50,40,43,34,27,28,22,37,35,42	2,0,1,0,0,0,0,1,0,0	79	75
3690	0,0,0,0,0,0,0,0,0,0	0,0,0,0,1,0,0,1,0,0	2,0,0,0,0,0,0,0,0,0	0,0,0,0,0,0,0,0,0,0	242	75
3691	92,59,62,67,60,58,54,69,61,66	0,2,1,1,4,1,1,3,1,6	79,67,46,78,67,52,63,66,71,64	1,3,0,1,1,1,1,0,2,1	405	75
3692	31,20,27,32,19,23,22,23,33,29	0,0,0,0,0,0,0,0,0,0	31,20,28,20,34,30,20,22,32,21	0,0,0,0,0,0,0,0,1,0	186	75
3694	1,0,4,1,4,0,0,0,1,3	0,0,0,0,0,0,0,0,0,0	0,0,1,1,0,0,2,0,0,0	0,0,1,0,0,0,0,0,0,0	139	75
3696	145,135,166,121,107,145,106,110,101,147	9,9,6,12,5,5,4,7,5,10	163,135,112,106,93,115,108,130,106,107	11,7,5,8,4,4,4,4,9,7	218	75
3697	103,84,112,86,69,92,75,82,61,102	0,1,2,0,0,0,0,0,0,0	107,95,79,83,65,75,82,83,65,63	0,0,1,2,1,2,0,0,1,0	218	75
3701	12,6,3,3,4,5,1,3,0,3	359,362,333,315,361,398,275,282,272,312	3,7,5,5,10,6,6,1,4,4	364,342,378,300,286,306,302,353,329,312	223	75
3702	6,3,2,1,3,4,0,0,0,3	0,0,0,2,1,0,0,2,0,0	1,3,3,3,9,5,3,0,4,2	1,0,0,3,0,0,0,0,0,0	223	75
3703	24,33,10,10,23,20,13,8,23,15	0,0,0,0,0,0,2,0,0,0	10,14,20,19,24,26,18,19,11,17	0,0,0,0,0,0,0,0,0,0	347	75
3704	594,526,576,552,486,517,491,449,498,488	0,0,1,0,0,0,0,0,0,0	505,505,554,521,535,538,588,472,542,537	0,2,0,0,0,0,0,0,0,0	837	75
3705	309,266,296,277,264,284,260,222,260,243	56,43,55,42,54,30,47,52,36,36	275,262,292,282,298,275,308,242,296,295	38,52,43,51,50,46,48,38,46,51	120	75
3710	3,8,6,12,7,7,4,3,5,6	0,0,0,0,0,0,0,0,2,0	3,5,5,9,8,2,11,1,5,6	0,0,0,0,0,0,0,0,0,0	132	75
3711	5,7,5,10,7,6,2,1,4,5	0,0,0,0,1,0,0,0,0,0	2,5,2,6,4,3,6,2,3,7	0,0,0,0,0,1,0,0,0,0	132	75
3714	11,8,11,11,11,9,10,13,10,9	7,7,4,3,3,6,8,3,8,7	9,8,10,9,8,8,7,3,19,9	6,6,9,10,10,6,4,2,8,2	1625	75
3715	11,8,11,13,11,10,10,14,8,9	6,7,6,6,5,3,4,7,11,9	10,9,10,10,8,8,7,4,19,10	3,5,5,8,6,9,2,3,4,2	1625	75
3716	3,0,0,0,1,0,1,3,3,1	71,69,59,71,75,61,54,47,53,64	1,1,2,0,1,0,2,1,0,0	60,69,44,70,86,55,57,73,56,64	79	75
3718	0,0,0,0,0,0,0,0,1,0	0,4,3,1,0,1,1,2,3,0	0,0,0,0,0,0,0,0,0,0	0,1,0,0,0,0,0,0,0,0	189	75
3719	156,128,125,157,147,179,187,129,154,189	0,0,0,0,0,0,0,0,0,0	137,167,145,189,135,166,150,192,179,131	0,0,1,0,0,1,0,0,0,0	208	75
3720	6,7,6,12,6,3,4,4,6,10	26,28,17,31,26,18,21,20,16,18	15,7,5,6,6,5,9,6,8,1	19,20,12,14,22,30,22,16,25,16	208	75
3721	2,7,3,6,5,3,4,1,4,6	1,0,2,0,0,0,0,0,0,0	10,5,4,6,5,3,6,4,5,1	0,0,1,0,0,0,0,2,0,0	208	75
3723	0,0,0,0,0,0,0,0,0,0	4,2,1,1,2,2,3,1,1,3	0,0,0,0,0,0,1,0,0,0	1,4,4,4,3,2,0,3,3,4	79	75
3724	648,775,736,695,655,691,633,594,637,630	0,0,0,0,0,0,0,1,0,0	704,712,703,632,651,735,718,721,645,583	0,0,0,0,0,0,0,0,0,0	561	75
3726	47,40,57,42,54,48,49,42,43,39	0,0,0,0,2,0,1,2,2,1	38,82,54,43,32,56,45,43,43,38	1,0,0,3,3,1,1,0,0,0	146	75
3728	108,103,123,116,110,83,90,104,88,93	3,4,2,8,6,3,1,5,8,0	96,115,124,111,104,107,90,110,104,114	1,5,5,5,6,8,2,1,4,4	347	75
3729	41,35,30,25,30,33,23,38,35,39	1,1,1,4,1,6,3,1,0,2	33,39,47,31,35,43,31,37,41,28	2,5,2,3,3,1,1,2,1,4	109	75
3730	5,11,12,9,5,6,5,7,10,9	12,16,11,14,16,18,15,10,8,13	7,8,10,7,5,8,7,5,10,15	20,14,17,14,9,17,15,16,16,23	395	75
3731	7,8,5,7,5,6,8,6,7,0	28,19,27,29,22,14,17,15,20,28	2,4,3,9,5,6,4,6,1,5	28,29,17,14,21,22,18,26,16,19	186	75
3732	28,24,23,20,29,21,10,25,15,25	1,3,3,4,3,1,5,4,0,1	14,23,8,21,17,24,18,20,18,15	3,2,4,4,2,3,1,4,3,2	149	75
3733	2,1,2,2,7,3,4,2,0,2	10,14,11,8,11,5,5,13,13,10	3,1,4,6,1,1,0,2,3,1	8,10,7,10,11,17,12,11,7,11	89	75
3734	6,3,6,7,5,0,4,3,2,1	3,3,3,8,10,4,4,4,6,4	6,6,0,3,3,1,3,4,3,5	5,6,12,4,4,8,10,2,4,4	82	75
3735	78,75,84,87,63,67,95,90,95,71	0,0,1,0,0,0,0,0,0,1	81,98,74,84,70,80,84,73,84,88	0,0,0,0,0,0,0,0,0,0	2860	75
3736	16,23,24,22,26,28,20,17,17,12	17,21,11,18,15,16,18,10,10,25	13,14,18,22,13,20,26,23,12,22	14,18,20,17,23,25,22,21,22,15	87	75
3737	59,46,72,59,53,28,59,82,45,78	9,5,16,6,7,7,15,12,9,10	25,96,36,29,30,68,53,35,31,29	6,6,3,2,7,10,7,0,11,2	3684	75
3739	0,1,0,0,0,0,4,0,0,0	11,14,11,2,4,8,10,4,9,5	1,0,1,1,1,1,1,1,2,1	6,9,9,18,12,8,15,12,3,10	117	75
3740	1,0,0,0,0,0,0,0,3,1	0,0,1,1,2,0,0,0,1,2	0,0,0,0,2,0,0,2,0,1	0,2,0,2,3,0,0,2,1,0	142	75
3741	21,15,17,16,31,35,32,25,25,33	0,1,0,0,0,0,0,0,0,1	28,19,22,26,13,22,28,19,22,15	0,0,0,0,0,0,0,0,0,0	229	75
