ID	IJC_SAMPLE_1	SJC_SAMPLE_1	IJC_SAMPLE_2	SJC_SAMPLE_2	IncFormLen	SkipFormLen
4	22,20,11,19,21,18,17,17,19,28	0,0,0,0,0,0,0,0,0,1	18,16,17,25,16,21,29,25,33,19	0,1,0,0,0,0,0,0,1,0	123	75
5	0,0,0,0,2,0,0,0,0,0	4,17,6,9,19,15,11,14,13,9	0,0,0,0,0,1,0,1,0,0	12,8,12,18,9,16,11,17,18,13	104	75
6	10,6,2,7,5,2,8,3,6,1	13,7,12,6,8,4,2,7,3,9	4,4,14,8,7,2,4,10,8,6	6,6,7,3,6,4,10,10,9,3	182	75
8	6138,6426,6538,6414,7521,5655,6281,5528,5734,6420	933,955,902,1051,754,856,916,957,1146,944	6477,6716,6406,6142,6674,5995,7291,7564,7268,6378	1007,868,942,1022,1209,1139,983,1103,1002,888	1636	75
10	2,8,10,8,6,3,4,4,8,4	0,1,0,1,2,2,2,1,0,0	9,11,5,5,11,10,10,5,6,13	1,2,0,7,0,0,0,0,0,2	167	75
11	11,21,12,18,12,17,15,17,10,14	0,0,0,1,0,0,0,1,1,0	25,19,9,10,9,15,7,21,22,21	0,1,0,0,0,0,0,0,1,0	1062	75
12	52,51,49,33,43,54,48,39,35,65	1,0,0,0,0,0,0,0,0,0	42,41,45,39,48,45,39,71,43,62	0,0,0,0,0,0,0,0,0,0	282	75
14	114,115,90,90,103,91,123,94,92,123	0,0,0,0,0,1,0,0,0,0	97,128,101,123,107,100,87,86,99,96	0,0,0,0,0,0,0,0,0,0	258	75
15	0,3,1,0,0,1,0,0,1,1	1,0,0,0,1,1,1,0,0,0	1,0,0,2,0,1,0,0,1,1	1,0,0,1,0,0,0,0,0,1	232	75
16	0,0,0,0,0,0,0,0,0,0	1,3,4,1,0,1,5,2,0,2	0,0,0,1,0,0,0,0,0,0	3,4,5,1,2,1,1,3,4,3	96	75
17	8,5,6,8,7,6,7,10,7,4	0,1,0,1,0,0,0,1,0,0	6,7,9,8,5,5,12,4,11,5	0,0,0,0,1,1,1,0,1,1	179	75
19	15,15,26,8,12,13,20,18,6,20	0,0,0,0,0,0,0,0,0,0	18,15,24,9,11,21,15,10,14,13	0,1,0,0,0,0,0,0,0,0	1032	75
20	6,5,13,4,6,8,13,7,3,16	0,0,0,0,0,0,1,0,0,0	13,9,14,1,5,10,9,1,5,7	0,0,0,0,0,1,1,0,0,0	79	75
21	7,9,6,10,10,7,13,8,8,16	1,0,2,3,1,0,1,4,1,2	9,14,11,23,10,15,15,15,11,12	4,0,1,2,3,4,0,0,0,1	139	75
22	298,274,283,247,288,256,275,238,223,301	15,22,18,10,20,18,15,15,8,17	326,268,248,263,263,265,256,217,309,212	24,10,7,10,14,22,9,15,14,13	80	75
24	8,2,3,2,2,1,1,5,4,2	1,3,2,1,1,2,0,1,0,1	8,5,3,2,4,3,9,2,6,1	3,0,1,3,2,0,1,2,1,0	90	75
26	0,1,0,4,5,2,1,2,3,1	5,3,4,4,5,2,2,5,4,2	1,4,2,2,0,3,1,3,4,1	5,5,3,6,4,2,5,6,6,1	78	75
27	45,73,71,59,87,73,67,52,59,65	0,0,0,0,0,1,0,0,0,0	61,75,63,85,81,50,87,98,100,86	0,0,0,0,0,0,0,0,0,3	528	75
28	0,0,0,0,0,0,0,0,0,0	66,73,62,58,57,48,69,55,63,69	1,0,1,0,0,0,0,0,1,0	66,64,54,68,65,59,71,52,64,51	89	75
29	34,28,24,23,21,27,39,28,20,19	8,6,2,4,5,4,6,2,5,5	33,23,16,19,28,24,21,18,19,20	4,2,3,4,3,6,3,5,5,2	78	75
30	15,11,11,15,22,14,19,11,20,21	7,12,6,4,2,6,8,10,6,9	19,10,13,14,10,20,6,24,12,7	4,1,8,8,7,0,4,2,7,6	78	75
31	26,24,20,16,16,15,23,18,18,26	1,0,2,2,2,5,3,3,2,2	12,13,13,14,14,23,10,15,15,8	2,1,1,6,2,0,1,0,2,0	158	75
32	74,67,72,70,61,62,77,66,60,77	95,93,81,69,85,78,106,77,55,86	65,58,75,62,68,56,73,65,79,51	83,88,80,79,73,67,71,75,95,73	105	75
33	37,40,30,35,33,30,30,40,24,18	4,5,10,9,10,4,4,5,6,4	29,35,22,27,32,36,38,28,36,24	6,6,6,5,14,13,2,5,5,5	138	75
34	63,45,52,54,63,45,53,66,46,69	41,41,31,43,24,34,45,35,29,51	51,45,46,55,51,59,46,38,63,55	35,44,38,38,42,39,40,33,50,43	81	75
35	0,0,0,0,0,0,0,0,0,0	10,4,1,8,2,6,9,0,8,5	0,0,0,1,0,0,0,0,0,0	2,7,8,8,6,4,9,8,5,11	96	75
37	0,2,5,1,3,1,4,1,3,2	0,0,1,0,0,0,0,0,0,1	2,6,7,4,2,5,4,3,2,4	0,1,0,0,0,0,0,0,0,0	84	75
38	19,21,19,17,34,20,15,9,22,14	0,0,0,0,0,0,0,0,0,0	16,15,9,8,11,10,16,16,26,16	0,0,0,0,0,0,0,0,1,0	201	75
41	1,1,0,1,0,0,0,0,0,0	0,0,0,0,0,1,0,0,0,0	0,0,0,0,0,0,0,1,0,0	0,0,0,0,0,0,0,0,1,0	188	75
43	0,0,3,1,0,0,1,1,0,1	19,30,13,16,23,22,14,18,23,29	2,0,1,1,1,0,0,0,0,0	20,19,16,22,20,26,23,19,25,26	123	75
45	0,0,0,0,1,3,1,0,0,0	41,31,41,36,52,52,40,38,57,46	0,0,0,1,0,0,0,0,0,0	48,46,49,44,56,42,49,47,61,41	78	75
47	1,0,1,1,1,0,0,0,1,0	25,23,22,26,21,18,33,19,22,18	1,0,0,0,0,1,0,3,0,1	20,17,27,13,20,17,25,17,29,21	130	75
48	3,3,0,2,3,1,2,1,3,0	3,4,1,2,1,6,5,1,2,4	3,6,6,1,4,0,3,5,4,2	2,9,2,3,9,2,1,0,6,2	95	75
49	0,4,1,3,2,2,3,1,0,1	94,95,77,95,81,86,71,77,77,98	1,3,1,2,4,3,4,2,2,4	105,100,82,92,89,88,86,80,76,73	176	75
51	2,2,0,2,1,0,1,0,0,5	27,19,11,15,19,21,16,19,15,21	4,0,0,2,1,3,3,2,0,1	17,23,13,21,13,10,18,19,26,10	78	75
52	0,3,4,1,5,2,4,5,2,4	0,0,0,0,0,1,0,0,0,2	6,2,1,2,2,2,1,2,6,4	0,1,0,1,1,1,0,0,0,0	130	75
53	8,15,6,13,5,3,11,14,9,5	38,35,56,34,38,31,44,47,47,55	12,10,7,15,11,13,8,14,4,4	50,52,51,59,46,49,58,45,50,50	374	75
54	13,4,7,8,8,10,9,10,13,11	42,25,29,31,34,26,28,31,23,39	9,8,6,9,12,13,12,8,9,10	29,30,32,28,29,30,34,32,31,26	78	75
55	70,94,60,62,53,53,75,70,59,63	51,27,36,23,48,46,40,43,26,42	73,84,67,77,83,78,55,63,74,65	33,33,37,55,34,29,36,28,22,34	207	75
56	35,31,25,33,39,26,19,24,21,43	6,5,18,5,19,11,12,15,10,24	34,27,21,23,40,40,24,28,42,31	10,8,8,6,9,10,7,13,15,12	80	75
57	76,70,51,56,78,59,79,82,73,81	6,3,4,2,4,1,1,1,2,6	91,68,53,80,80,75,56,62,61,74	3,3,5,6,2,3,1,7,4,3	81	75
58	0,6,0,0,2,3,5,4,1,1	0,0,0,2,0,0,0,0,0,0	0,3,3,2,0,6,3,2,6,3	1,0,0,0,1,0,0,0,0,0	80	75
60	8,6,1,2,3,1,2,4,4,5	0,0,0,0,0,0,0,0,0,0	4,5,6,10,4,6,5,3,13,4	0,0,0,0,1,0,0,1,0,1	159	75
62	85,114,89,85,107,110,90,84,94,79	1,0,0,1,0,0,0,0,0,0	85,102,77,98,94,77,103,128,126,112	0,2,0,1,2,0,0,0,3,1	1008	75
63	0,0,0,0,1,0,0,0,0,0	21,9,20,12,23,16,25,12,22,17	0,0,0,0,0,0,0,0,0,0	12,27,22,18,15,17,18,20,23,16	114	75
67	27,16,13,30,20,9,12,18,9,12	1,0,0,0,0,0,0,1,0,0	15,20,23,21,23,19,20,13,19,20	0,0,0,1,0,0,0,0,0,0	79	75
69	37,45,45,28,53,48,43,54,45,55	3,7,5,2,5,3,2,2,1,3	43,39,40,50,40,47,37,41,45,64	0,4,5,1,4,5,3,1,2,5	150	75
70	50,56,56,37,69,58,51,69,54,67	11,16,20,10,21,20,11,12,15,17	62,50,49,57,50,65,48,57,60,76	13,11,13,12,14,14,18,27,16,15	150	75
71	0,0,0,0,0,0,0,0,0,1	45,48,37,31,54,45,48,53,59,40	0,0,0,0,0,0,0,0,0,1	43,45,42,45,55,48,50,44,51,45	126	75
72	5,11,6,3,3,3,7,5,4,9	6,1,3,6,5,2,2,3,7,4	5,8,6,8,4,5,11,7,8,3	3,2,6,4,3,10,6,2,2,1	83	75
75	14,16,11,11,3,11,10,6,6,11	6,10,2,6,3,11,8,6,13,13	15,11,12,6,12,5,15,6,9,15	9,14,8,7,4,5,5,9,8,7	134	75
76	5,4,4,3,2,4,3,5,5,8	3,5,6,5,5,2,6,2,5,1	2,2,2,5,1,7,3,3,6,2	2,2,5,5,2,1,4,3,3,0	102	75
77	2,1,0,1,2,2,3,2,3,1	0,3,0,1,3,0,0,0,0,0	1,0,2,2,1,1,2,4,3,1	1,0,0,0,0,0,0,0,1,0	102	75
78	12,7,8,0,10,9,10,8,4,3	2,0,1,0,1,0,0,1,1,2	8,8,4,11,8,5,12,2,5,6	1,1,0,0,3,1,4,0,0,0	78	75
80	28,23,10,15,37,26,22,31,20,18	1,0,0,0,1,0,0,1,1,1	12,21,22,23,19,28,17,18,13,12	1,0,0,0,0,0,0,0,0,0	81	75
81	10,13,10,10,12,11,16,10,17,11	0,0,0,0,0,0,0,4,0,0	5,9,9,19,6,13,9,14,11,14	0,0,0,0,0,0,0,1,0,0	156	75
82	12,18,15,16,21,12,22,17,24,11	23,27,29,22,25,24,28,23,22,22	7,15,13,24,9,15,13,22,12,19	31,22,21,25,24,23,20,21,18,14	156	75
83	12,21,6,11,19,13,15,11,12,13	0,0,0,0,0,0,0,0,0,0	10,13,11,12,9,15,17,13,11,18	0,0,0,0,0,0,0,0,0,1	83	75
84	16,14,9,7,11,13,9,11,8,6	0,0,0,0,1,0,0,0,0,0	12,15,13,23,9,17,24,11,18,17	0,0,0,0,0,0,0,1,1,0	82	75
85	0,0,0,0,0,0,1,0,0,0	34,49,47,58,55,27,45,37,27,62	0,0,0,0,0,0,0,0,0,0	61,34,46,30,42,38,85,61,49,34	91	75
86	0,1,2,4,0,1,0,3,2,1	7,4,7,7,5,8,2,0,8,3	0,1,1,2,0,1,2,3,7,1	4,6,8,3,3,1,3,7,3,6	78	75
87	7,10,14,17,5,14,14,11,6,12	1,0,1,2,1,0,2,0,3,2	10,19,8,16,15,12,12,9,17,14	0,6,0,0,1,0,0,0,0,0	531	75
88	90,71,68,79,85,91,82,85,81,69	2,3,7,4,10,4,1,4,9,3	85,88,83,77,72,87,83,83,91,68	3,3,3,4,4,7,5,9,8,3	84	75
89	0,0,0,0,0,0,0,1,0,0	0,0,0,1,0,0,0,0,0,0	2,1,1,2,0,2,0,0,0,1	0,0,0,0,0,0,0,0,0,0	80	75
90	1,0,0,0,0,1,0,1,0,0	0,0,1,0,0,0,0,0,0,0	0,1,0,2,0,2,1,0,0,0	1,0,0,0,0,0,0,0,1,0	80	75
92	11,13,8,8,8,8,13,3,9,5	224,242,193,177,264,205,218,179,183,220	12,8,5,9,6,7,7,14,14,14	193,191,174,227,169,245,232,208,244,192	206	75
93	114,107,94,69,122,93,111,72,95,104	6,6,3,4,6,5,8,2,2,2	113,150,115,94,99,100,118,115,116,109	6,5,6,4,4,0,3,6,2,1	181	75
94	220,182,140,137,163,156,172,181,136,181	6,10,16,15,4,7,10,9,9,10	184,138,157,172,176,206,165,186,177,131	17,7,6,4,19,5,10,14,12,6	109	75
95	10,9,14,13,13,15,15,22,8,12	0,6,6,1,4,2,7,5,5,8	8,18,4,12,17,11,8,13,8,12	1,7,6,2,8,5,8,2,3,2	78	75
96	0,0,3,0,1,1,0,2,1,0	0,2,1,0,0,0,3,0,0,0	0,1,0,2,0,0,0,1,0,0	0,0,0,0,0,0,3,1,0,0	78	75
97	1,7,4,0,2,5,4,6,4,4	4,2,2,1,4,2,3,1,1,3	1,2,0,4,6,2,2,2,6,1	1,0,1,0,1,0,1,3,1,1	78	75
98	1,0,0,0,0,0,0,0,0,0	23,18,36,31,29,17,35,25,25,23	0,0,0,0,0,0,0,0,0,0	28,25,12,19,30,33,34,22,24,19	78	75
99	0,0,0,0,1,0,0,0,0,0	33,27,13,23,27,38,33,27,27,26	0,0,0,1,0,0,0,0,0,0	20,22,31,24,27,28,17,36,27,24	95	75
100	20,17,24,17,9,20,26,21,23,20	7,14,14,16,18,10,11,14,11,8	17,17,18,20,16,13,19,29,9,15	15,14,10,9,17,8,7,11,8,10	90	75
101	0,0,0,0,0,1,0,1,0,0	1,0,3,2,2,1,2,3,2,0	0,0,0,0,0,0,0,0,0,0	7,6,3,2,0,1,2,2,1,4	78	75
104	58,56,31,45,47,48,52,48,41,55	1,2,2,0,0,1,4,2,0,1	64,54,38,60,45,60,50,51,60,49	2,2,0,3,0,1,0,0,2,1	79	75
105	6,5,8,5,13,2,6,0,5,6	15,6,5,9,10,8,14,7,15,6	4,6,2,3,11,4,7,4,5,1	3,3,11,7,5,14,9,10,14,8	81	75
107	45,47,38,38,37,31,48,29,41,48	0,0,2,0,0,0,1,0,0,1	24,56,43,28,44,38,43,47,40,41	0,0,0,0,1,0,1,0,1,0	79	75
108	2,3,3,1,3,2,1,3,1,2	50,51,42,39,52,52,60,47,43,63	2,3,1,0,1,3,0,4,3,0	50,52,45,52,38,39,40,56,58,52	92	75
110	0,1,0,0,0,0,0,2,0,0	27,32,18,18,25,24,27,21,20,29	0,5,3,0,0,1,2,1,0,6	31,21,29,31,29,27,23,35,26,27	115	75
111	1,2,1,3,0,2,0,0,1,0	2,0,1,4,1,4,3,2,1,6	1,1,1,0,2,0,1,2,4,0	0,4,2,0,1,4,4,3,3,0	94	75
112	65,45,46,56,41,39,54,47,43,62	96,74,56,80,55,54,66,67,70,84	64,53,67,66,69,59,47,56,54,33	73,63,94,72,83,103,73,63,54,72	78	75
113	15,15,7,10,11,9,9,12,8,14	0,1,0,0,1,0,0,0,0,0	10,9,13,15,14,15,11,14,7,3	2,0,0,0,0,0,0,0,0,0	115	75
116	13,8,9,4,8,12,6,5,12,11	4,5,1,0,3,1,0,2,0,2	10,11,10,6,7,8,5,9,10,11	1,0,0,1,2,1,1,2,1,0	105	75
117	0,0,0,0,0,0,1,0,0,0	0,0,0,0,1,1,1,0,0,1	0,0,0,1,0,0,0,0,0,0	0,0,0,1,1,0,0,0,0,1	93	75
118	0,0,0,0,0,0,1,0,0,0	0,0,0,0,1,1,1,0,0,1	0,0,0,1,0,0,0,0,0,0	0,0,0,1,1,0,0,0,0,1	138	75
121	4,7,6,4,9,3,2,9,7,4	1,0,0,0,0,0,0,0,0,0	12,6,5,4,7,9,5,4,5,5	1,0,0,1,0,1,0,0,0,0	120	75
128	68,49,75,59,49,54,72,61,50,63	2,1,1,0,3,0,1,0,0,0	63,61,49,69,64,63,53,64,48,34	0,4,3,1,4,1,0,0,0,1	81	75
129	173,154,127,134,142,144,157,145,142,165	1,5,0,3,3,4,5,2,4,1	157,134,150,155,136,158,153,137,136,127	0,1,2,3,0,3,2,3,5,6	105	75
130	4,1,1,0,0,1,2,1,3,2	0,0,1,0,0,0,0,1,1,1	2,0,0,1,2,0,1,1,2,3	0,0,0,0,0,0,0,0,0,0	78	75
135	23,33,35,23,20,27,26,25,19,29	1,2,1,1,0,2,3,1,2,1	41,25,34,28,25,28,22,30,32,37	2,0,3,0,1,0,4,1,0,1	79	75
136	24,15,26,25,10,23,18,13,14,20	4,8,9,6,8,9,12,8,12,11	29,19,22,21,24,16,20,22,18,28	11,3,7,6,9,4,2,4,9,2	220	75
137	2,2,5,1,1,2,2,1,0,0	0,0,0,0,0,0,0,1,0,0	2,2,0,0,3,3,1,3,3,1	0,2,0,1,0,0,0,0,1,0	80	75
138	0,0,0,0,0,0,0,1,0,0	0,0,0,0,0,0,0,0,0,1	0,0,0,0,0,0,0,1,0,0	0,0,0,0,0,0,0,0,0,0	80	75
139	17,16,8,11,18,16,17,17,13,10	1,0,0,0,3,0,2,0,0,0	12,14,18,16,20,21,15,14,11,4	0,0,0,0,0,1,0,1,2,0	141	75
141	13,13,9,13,16,5,11,14,15,13	0,0,0,0,0,0,0,0,0,0	15,11,8,21,14,15,14,12,11,17	0,0,0,1,0,0,0,0,0,0	278	75
142	16,16,14,12,15,15,19,16,8,11	0,0,0,0,0,0,0,0,0,0	14,18,12,17,11,14,12,14,9,11	0,0,0,1,0,0,0,0,0,0	106	75
146	46,62,44,44,53,50,40,36,38,46	2,1,0,1,0,1,0,0,0,1	53,46,44,36,46,41,39,47,42,42	0,1,0,0,1,1,0,0,1,0	125	75
152	11,16,6,3,3,13,7,10,14,11	0,0,1,0,0,0,2,0,0,0	9,14,10,3,7,15,12,9,10,14	0,0,0,0,0,0,0,0,0,0	79	75
153	1,7,1,0,3,6,9,3,2,7	4,6,4,7,4,6,12,6,8,11	10,5,5,2,1,1,9,7,3,11	3,5,6,8,5,9,6,5,6,9	190	75
159	43,32,23,38,43,39,44,31,28,34	11,11,9,11,7,9,13,7,8,4	37,38,26,33,37,32,36,44,32,35	9,7,7,7,10,7,8,9,7,9	148	75
160	0,0,0,0,0,0,0,0,0,1	4,0,1,2,1,1,2,4,5,4	0,0,1,0,0,1,0,0,0,0	2,5,3,4,2,1,3,2,3,5	112	75
161	496,447,420,385,421,412,445,413,369,471	6,8,14,14,7,10,6,15,13,9	418,455,380,397,392,411,420,469,506,423	8,17,13,5,14,6,12,7,10,12	241	75
162	19,8,7,8,8,12,7,12,5,19	2,0,0,0,0,3,1,0,1,0	16,18,5,9,7,8,18,8,12,15	1,1,0,2,0,1,2,0,1,0	145	75
164	2246,2041,1667,1624,1886,1646,2207,1830,1629,2090	23,19,20,14,13,13,15,9,12,17	1974,1722,1630,1912,1792,2089,1850,1704,1597,1436	10,10,12,8,9,8,11,13,13,8	1038	75
165	186,159,134,180,134,168,141,140,139,137	59,58,55,75,60,58,63,55,57,50	163,162,153,171,147,161,171,158,178,147	70,65,45,49,48,58,64,45,66,46	176	75
166	4,5,8,3,8,2,14,6,12,9	639,658,594,620,653,620,615,575,648,738	4,6,2,6,5,10,4,4,6,9	705,614,620,643,684,621,610,778,777,726	125	75
167	0,0,0,0,0,0,0,0,0,0	127,120,94,90,109,102,104,95,112,102	0,0,0,0,0,0,1,0,3,0	100,123,89,113,108,103,95,128,132,129	99	75
168	10,8,5,13,11,22,10,6,14,11	0,0,0,0,0,0,0,0,0,0	9,15,20,15,7,13,10,12,8,9	0,1,0,0,0,0,0,0,0,0	80	75
169	193,178,152,166,156,173,184,158,157,214	1,1,4,0,2,6,2,1,1,2	172,178,159,204,178,185,175,212,174,208	1,2,2,0,1,0,0,0,3,2	176	75
170	54,64,62,39,40,56,47,63,36,56	3,4,3,4,3,6,3,4,4,4	38,46,48,55,52,45,36,55,42,55	3,9,5,5,7,2,6,5,0,8	78	75
171	0,0,1,0,0,1,0,1,1,0	0,0,0,0,0,0,1,0,0,0	1,0,0,2,0,1,1,4,1,0	0,0,0,0,0,0,0,0,0,0	147	75
173	0,1,0,0,0,0,0,0,0,0	0,0,0,0,0,0,0,0,0,0	0,0,0,0,0,0,0,2,0,0	0,1,0,0,0,0,0,0,0,0	79	75
174	338,332,341,334,364,380,393,362,345,409	0,0,1,0,1,0,2,0,0,1	379,359,311,340,355,320,374,396,489,452	0,1,0,2,1,0,0,1,0,0	1656	75
175	12,4,10,7,4,8,6,5,5,5	32,29,30,26,38,43,43,40,27,40	3,6,8,9,3,5,4,6,8,8	37,50,35,48,31,37,26,42,35,53	95	75
176	40,34,25,38,26,24,48,28,30,35	0,1,0,1,1,0,3,1,1,1	28,33,30,34,29,32,32,33,36,34	0,0,4,0,1,0,0,1,2,0	205	75
177	21,34,18,18,31,17,40,15,23,20	4,1,4,1,1,1,2,1,2,1	24,26,29,16,17,26,28,28,29,21	6,3,1,7,3,2,0,2,0,5	224	75
179	31,31,19,18,15,26,30,15,22,30	0,0,0,0,0,0,0,0,0,0	36,24,17,20,27,20,30,24,35,50	0,0,0,0,2,0,0,1,1,0	87	75
181	8,4,4,10,8,4,4,3,3,5	0,0,0,0,0,1,0,0,0,0	7,14,1,7,5,3,12,11,7,9	0,0,0,0,0,0,0,0,0,0	166	75
182	8,4,4,10,8,4,4,2,3,5	0,0,0,1,0,0,0,0,0,0	7,14,1,7,5,3,12,11,7,9	0,0,0,0,0,0,0,0,0,0	166	75
183	8,4,4,10,8,4,4,2,3,5	0,1,0,0,0,0,0,0,0,0	7,14,1,7,5,3,12,11,7,9	0,0,0,0,0,0,0,0,0,0	166	75
184	0,0,1,0,0,0,0,0,0,2	7,4,4,7,10,17,4,5,4,7	0,0,0,0,0,1,0,0,2,0	6,13,5,10,4,10,9,9,7,5	121	75
189	0,1,1,4,2,4,2,3,5,1	0,0,0,0,0,0,1,0,0,0	3,0,1,0,1,0,2,6,5,2	0,0,0,0,1,1,2,1,0,1	81	75
190	62,60,62,76,53,69,59,71,80,78	3,5,3,3,4,2,5,5,3,3	63,64,59,76,57,56,55,80,80,64	3,2,1,1,4,7,2,4,2,4	78	75
191	14,6,9,9,16,17,16,9,7,14	0,0,0,1,0,0,0,0,0,0	11,8,9,9,10,16,6,16,12,7	0,1,0,0,0,0,0,0,0,0	84	75
192	11,12,6,17,8,14,16,11,8,13	0,0,0,0,0,0,0,0,1,0	15,11,11,12,16,10,16,9,12,19	0,0,2,2,0,0,0,1,0,0	79	75
193	211,210,182,192,208,207,210,184,197,232	4,10,14,6,12,14,14,14,8,12	221,188,207,184,236,227,219,219,247,264	11,9,18,10,10,3,10,11,6,16	132	75
194	0,1,3,0,0,0,4,0,4,2	0,0,0,0,0,0,0,0,0,0	1,1,1,0,5,7,2,1,2,4	0,0,0,0,0,1,0,0,1,0	126	75
195	1,2,0,2,2,2,2,0,1,2	1,0,2,0,2,0,0,0,0,3	1,4,3,2,3,0,4,4,1,2	1,1,1,1,1,1,1,2,1,1	488	75
196	2,4,3,4,2,2,5,2,2,0	1,0,0,0,0,0,0,0,0,1	0,1,0,4,1,4,1,3,1,3	0,0,0,0,3,0,1,0,0,0	79	75
197	7,11,11,10,6,11,13,5,8,5	11,12,10,12,8,7,14,5,9,13	5,5,6,5,6,10,11,6,13,7	9,4,5,9,12,2,9,10,9,15	310	75
198	6,7,10,5,8,4,8,10,11,7	0,0,0,0,1,0,0,0,0,0	11,11,13,12,8,10,5,4,12,7	0,0,0,0,0,0,0,0,0,1	80	75
199	0,0,1,2,0,1,2,2,1,1	0,0,0,0,0,0,0,0,0,0	3,0,0,2,0,1,1,2,2,1	1,1,0,0,0,1,0,0,0,0	80	75
200	54,44,57,35,50,46,45,39,40,42	2,0,1,0,0,0,0,1,1,1	46,43,37,35,53,30,28,62,49,51	0,1,1,0,1,0,0,0,0,0	102	75
201	44,23,30,30,37,37,33,35,33,33	0,0,0,0,0,0,0,0,0,1	15,30,20,35,40,30,23,36,36,41	0,0,0,0,0,1,0,0,1,1	102	75
202	1,0,1,0,4,1,4,0,4,2	4,1,3,3,0,1,2,3,0,4	0,1,1,1,2,2,2,0,2,0	3,4,0,4,4,1,3,9,3,1	249	75
203	104,92,79,82,82,81,78,77,78,107	1,2,0,0,1,0,1,0,0,2	82,87,73,64,107,96,79,94,92,97	0,0,1,1,1,1,0,2,0,0	110	75
204	1069,1049,936,934,908,952,1030,854,1063,843	41,37,38,33,36,36,47,39,36,30	909,981,981,955,1221,1169,989,729,937,884	27,45,23,42,40,55,36,47,22,40	431	75
205	866,836,785,754,743,744,826,681,859,639	55,56,42,40,56,72,56,38,39,60	651,800,796,732,954,972,797,545,768,702	52,62,55,52,47,67,47,63,57,61	431	75
206	1,0,0,0,1,0,0,0,1,0	3,6,1,2,2,1,2,5,3,2	1,0,5,6,2,2,2,1,0,0	4,1,1,4,3,6,2,1,1,3	96	75
207	436,424,408,356,389,334,450,405,361,482	0,0,1,0,0,0,0,0,1,1	471,477,383,382,370,455,373,432,448,423	0,0,1,1,0,0,0,2,0,1	1149	75
208	374,317,312,293,300,259,354,298,275,356	1,5,2,3,1,4,3,2,5,4	359,342,294,327,257,303,280,348,354,312	3,2,4,3,3,4,4,1,3,3	181	75
209	5,4,1,7,1,0,1,2,2,0	97,96,94,88,96,87,86,101,73,113	3,3,1,1,1,3,2,2,2,1	97,124,97,86,82,105,88,95,108,106	161	75
210	4,5,4,0,3,4,7,8,8,8	99,98,107,82,89,109,131,121,95,142	6,7,3,7,2,2,5,4,5,1	105,125,92,89,98,97,118,83,133,100	150	75
211	0,0,0,0,1,0,1,0,0,0	4,6,3,1,2,2,3,4,3,1	1,0,0,0,0,1,1,0,2,1	1,1,2,7,4,5,0,6,1,4	124	75
212	72,85,62,71,87,61,73,62,74,72	11,8,12,7,7,10,10,10,8,12	92,76,88,89,76,86,84,84,90,83	11,10,13,16,13,11,3,9,8,10	126	75
213	66,72,53,58,73,44,59,65,61,68	3,8,4,4,2,6,3,3,4,0	78,61,54,66,65,61,59,74,61,69	0,4,2,1,5,4,3,4,3,4	126	75
214	18,24,26,12,18,23,13,25,13,31	5,3,1,1,2,3,0,1,0,3	16,27,19,16,21,24,34,22,27,34	0,0,0,2,1,1,0,1,2,0	80	75
215	105,86,82,70,82,83,75,99,77,94	1,0,0,0,0,0,0,0,0,0	104,104,83,82,109,86,96,98,95,102	2,1,0,0,0,0,1,0,0,0	227	75
217	48,50,37,28,32,43,49,32,36,39	0,1,0,1,2,2,1,0,0,0	45,34,43,42,29,47,37,41,53,35	1,0,0,0,0,2,0,5,1,2	79	75
218	93,89,75,60,89,110,95,88,68,93	1,1,1,0,1,0,0,0,0,0	96,92,88,74,53,79,75,89,120,118	0,0,2,1,0,1,0,0,0,0	199	75
220	0,7,4,0,1,3,3,0,1,0	0,1,1,0,0,1,0,0,1,1	0,2,0,0,4,0,5,0,2,1	1,0,2,2,0,0,3,2,0,0	87	75
221	165,205,146,133,157,158,173,163,137,199	0,0,0,0,0,0,0,0,0,0	174,153,161,187,148,157,151,205,228,230	0,0,0,0,0,1,0,0,0,0	364	75
222	59,49,27,37,33,37,42,24,24,33	20,14,23,22,18,20,31,24,22,11	36,33,41,40,29,32,35,31,32,39	24,18,18,20,17,30,10,25,29,25	78	75
223	275,313,271,273,283,264,339,271,305,290	1,1,0,0,1,0,0,0,0,2	299,290,306,276,331,263,287,353,308,313	0,0,2,0,0,1,1,0,0,2	1285	75
225	16,14,20,21,14,19,12,20,4,8	3,1,2,1,4,3,3,4,2,4	22,18,16,18,20,14,16,20,24,23	2,0,0,4,2,1,3,0,2,3	88	75
227	0,0,0,0,0,0,0,0,0,0	0,0,0,1,0,0,0,0,0,0	0,1,0,0,0,0,0,0,0,0	0,0,1,1,0,0,0,0,0,0	105	75
228	0,0,3,0,1,1,0,0,0,0	0,0,0,1,0,0,0,0,0,0	0,1,0,0,1,0,1,1,0,0	0,0,1,1,0,0,0,0,0,0	91	75
229	69,67,60,74,75,54,61,76,64,88	1,0,1,3,0,2,6,1,1,1	82,79,74,84,71,65,75,86,91,86	0,2,1,1,1,0,0,1,2,2	150	75
230	0,0,0,2,0,0,0,0,1,0	31,25,33,22,28,29,34,26,27,34	0,1,0,0,0,0,0,0,1,0	38,40,28,35,27,25,31,37,27,33	88	75
231	31,31,18,20,16,17,24,24,19,39	1,2,1,0,0,2,1,0,0,0	36,15,20,16,22,14,31,18,30,20	2,0,1,1,4,2,0,0,0,2	124	75
232	70,54,54,50,47,55,75,50,58,64	1,3,1,0,0,1,1,1,3,2	77,72,59,64,55,90,59,63,72,74	1,0,1,1,3,1,1,0,3,1	122	75
233	48,53,54,44,51,49,53,35,39,60	0,1,0,0,0,1,1,0,0,0	43,39,41,50,40,56,60,61,57,36	0,0,0,0,0,0,1,0,0,1	291	75
234	34,36,35,45,30,31,32,27,35,31	0,0,0,0,0,0,0,0,0,0	24,41,35,47,44,30,33,36,34,19	1,1,0,0,0,0,0,2,0,0	135	75
235	31,24,28,18,24,33,33,24,33,20	5,3,2,7,5,6,3,4,1,2	23,33,17,32,29,28,36,31,25,21	2,7,6,4,4,9,1,2,5,2	94	75
236	43,36,42,40,46,55,50,41,52,38	1,0,0,0,0,2,1,0,0,0	51,56,36,45,53,51,55,46,43,36	0,1,0,1,0,0,0,0,0,0	140	75
237	17,15,16,29,27,28,20,21,20,20	1,0,0,0,0,2,1,0,0,0	30,30,25,17,28,32,20,17,23,17	0,1,0,1,0,0,0,0,0,0	121	75
238	15,10,10,4,12,12,12,9,4,10	0,0,0,0,0,0,1,0,0,0	18,13,14,16,8,14,9,13,20,6	0,0,0,0,0,0,0,1,0,1	144	75
239	0,0,1,2,1,4,1,0,0,1	21,22,17,28,18,12,14,22,22,19	3,2,2,4,0,1,2,0,1,0	16,21,14,20,28,30,16,16,13,23	88	75
240	20,12,6,8,13,7,7,15,14,15	0,1,0,0,0,0,0,0,1,0	15,12,12,9,10,8,18,11,17,16	0,0,0,0,0,0,0,0,0,0	105	75
241	34,16,19,24,24,25,21,26,32,25	0,0,0,0,0,0,0,1,0,2	26,24,30,18,30,26,34,32,30,33	1,3,0,0,1,0,1,0,0,3	105	75
242	17,12,11,14,8,9,8,13,11,10	12,3,12,9,5,14,3,6,5,7	13,12,11,10,16,18,6,23,9,8	7,2,6,4,7,6,7,7,10,9	79	75
243	6,18,16,14,30,23,23,25,24,10	5,0,4,5,2,8,2,1,3,3	11,17,11,19,19,15,17,25,32,13	2,1,2,3,2,2,3,2,3,2	78	75
244	16,26,14,16,19,40,19,21,25,18	6,4,5,5,4,5,6,7,5,1	24,27,17,23,19,23,31,19,20,19	3,9,2,2,4,4,6,4,6,6	78	75
245	7,11,5,12,11,7,11,6,13,12	16,12,19,12,18,16,14,15,15,12	15,8,10,9,5,8,12,14,8,17	25,23,16,8,15,20,12,22,12,12	78	75
248	552,511,477,449,511,491,579,444,418,484	0,0,0,0,0,0,0,0,0,0	477,537,482,511,432,530,540,519,551,543	0,1,0,0,0,0,0,0,0,0	516	75
249	1,0,1,2,0,1,0,0,0,1	139,155,125,98,148,121,171,151,128,145	3,1,6,2,0,1,3,2,0,2	143,185,125,137,160,176,173,173,142,161	96	75
250	4,10,3,3,3,3,2,6,3,3	0,0,0,0,0,0,0,0,0,0	2,7,6,2,3,7,1,1,4,4	0,0,0,1,0,0,0,0,0,0	78	75
251	58,55,52,39,38,34,62,42,42,52	0,0,0,0,0,0,1,0,0,0	51,31,37,49,48,33,41,42,41,50	0,0,0,0,0,0,0,0,0,0	572	75
252	156,186,179,168,161,156,178,182,173,184	4,2,2,6,0,0,2,0,3,0	167,157,142,165,165,165,158,199,218,165	3,3,0,2,4,3,0,2,1,6	169	75
254	0,0,0,0,0,0,0,0,0,0	97,93,99,85,112,91,94,87,77,93	0,0,0,0,0,0,0,0,0,1	104,90,81,113,86,97,94,110,114,82	170	75
256	15,11,27,18,20,19,21,20,12,17	0,0,0,2,0,0,0,1,0,0	18,6,14,16,13,18,23,10,24,17	0,0,0,0,0,0,0,0,0,0	161	75
257	2,1,0,0,0,0,0,0,0,0	0,0,0,0,0,0,0,0,0,0	0,0,0,1,0,0,0,0,0,0	0,0,1,0,0,0,0,0,0,0	78	75
258	5,11,2,11,12,5,5,1,5,6	0,1,0,1,0,0,0,0,0,1	3,4,7,8,6,7,7,9,1,3	0,0,0,0,0,0,0,0,2,0	79	75
259	0,1,1,0,0,0,2,0,1,1	36,32,29,22,36,27,21,21,18,35	1,1,0,0,0,0,1,1,0,0	37,20,24,34,26,26,33,30,31,25	102	75
260	56,31,38,44,47,39,45,50,33,46	22,18,28,17,22,23,27,22,24,12	38,36,31,41,45,58,39,38,51,37	28,20,26,17,22,22,18,29,29,16	78	75
261	7,2,3,6,5,6,4,8,9,6	0,0,0,0,0,0,0,0,0,0	6,8,1,9,6,8,4,8,10,6	0,0,0,0,0,0,1,0,1,0	115	75
262	0,0,0,0,1,1,0,2,0,0	2,2,3,2,2,3,2,4,4,8	0,0,0,1,0,0,0,0,0,0	8,2,2,5,3,5,2,4,6,5	96	75
263	34,38,35,29,30,40,43,39,38,32	1,1,0,1,0,0,0,0,0,0	42,42,31,39,31,24,41,28,29,30	1,0,0,0,0,0,0,0,1,3	102	75
264	22,17,17,18,14,15,22,15,17,15	0,0,0,0,0,0,0,0,0,0	21,15,12,14,14,15,12,13,14,13	0,0,0,0,0,0,0,0,1,0	102	75
265	42,35,31,29,33,35,35,35,26,51	4,4,5,3,0,2,4,2,3,2	47,35,39,38,41,48,41,31,45,36	3,3,0,6,0,5,2,0,4,1	96	75
266	0,0,0,0,1,0,0,0,0,0	14,21,9,17,15,18,23,15,19,14	0,0,0,0,0,0,0,0,0,0	20,16,26,18,15,22,24,13,20,21	111	75
267	0,0,0,0,0,1,2,0,1,0	27,18,24,21,30,16,16,18,19,10	3,0,0,0,1,1,0,1,1,1	33,21,27,22,20,30,27,19,25,28	89	75
269	17,4,5,12,17,7,10,9,6,9	0,0,0,0,0,1,0,0,0,0	21,11,13,7,4,13,15,15,11,15	0,0,0,0,0,0,0,0,0,0	79	75
274	3,1,1,1,1,4,0,4,2,1	217,231,200,186,162,167,221,181,154,188	0,0,1,1,3,1,1,2,1,0	200,212,159,199,180,188,160,182,189,197	172	75
275	126,141,140,115,142,118,144,117,100,160	0,0,0,0,0,0,0,0,0,0	141,125,145,123,140,132,146,157,145,153	0,0,0,1,0,0,0,0,0,0	76	75
276	52,53,60,55,72,68,61,60,50,58	0,0,0,3,1,1,0,3,1,2	54,73,47,53,51,54,59,67,70,65	1,0,1,0,0,1,0,1,4,0	155	75
277	141,151,139,142,139,103,153,127,120,157	0,0,0,0,0,1,0,0,0,0	157,149,132,144,107,132,141,128,123,117	0,0,0,0,0,0,0,0,0,0	233	75
278	0,0,0,0,0,0,0,2,0,1	4,6,3,2,5,5,10,4,2,8	1,0,1,2,0,0,0,0,1,1	4,5,4,3,5,4,5,5,3,3	117	75
280	101,79,66,77,76,54,65,72,67,72	0,0,0,0,1,0,1,0,1,0	80,84,53,75,80,57,73,71,82,74	0,1,1,0,0,1,0,2,0,0	158	75
281	58,39,32,45,33,14,23,42,27,36	0,0,0,0,0,0,0,0,0,0	39,35,28,39,41,30,36,32,36,41	0,0,0,0,0,0,0,0,2,0	158	75
284	16,15,7,15,14,8,11,9,11,18	0,1,0,0,0,0,0,1,2,0	11,9,14,17,16,7,6,12,10,14	0,1,0,0,2,0,0,1,0,1	78	75
285	36,34,24,15,25,24,29,29,24,24	0,0,0,0,0,0,0,0,0,0	25,28,34,22,26,24,40,15,24,23	0,0,0,1,0,0,0,0,0,0	97	75
286	9,7,10,5,9,4,6,5,6,6	15,9,12,9,14,10,14,12,13,14	8,5,9,8,14,12,9,9,6,6	12,17,16,12,10,13,8,16,12,12	78	75
287	39,25,25,32,27,31,43,37,29,32	214,236,166,186,169,184,206,214,184,198	31,40,24,41,28,39,34,29,29,26	205,194,177,258,182,183,177,194,169,157	78	75
288	325,296,272,269,286,261,311,273,243,284	116,108,74,106,99,85,93,94,64,100	272,277,225,290,250,353,286,252,253,240	99,89,79,99,103,116,86,90,79,81	78	75
289	84,69,57,61,80,50,66,63,48,63	113,114,105,94,94,72,93,106,61,91	61,64,52,66,55,58,58,65,59,41	101,111,89,100,81,115,89,104,73,87	78	75
290	23,28,18,31,28,21,35,27,20,21	125,100,86,56,82,82,88,90,81,89	37,34,23,34,19,30,25,37,26,16	108,83,66,116,75,100,101,82,82,69	78	75
291	1,2,1,3,5,1,2,2,2,6	34,28,24,32,23,15,34,30,29,25	4,5,3,3,2,2,1,3,2,2	33,39,25,20,20,24,20,32,25,23	108	75
293	1,5,4,1,5,4,5,4,4,5	0,0,0,0,0,0,0,0,0,0	3,2,4,7,1,7,4,1,4,6	0,0,0,0,0,0,1,0,1,0	185	75
294	16,6,5,5,15,3,12,6,6,12	16,14,14,13,18,20,24,15,8,16	7,5,11,11,3,6,7,12,19,12	20,22,13,16,8,18,21,22,16,12	78	75
297	0,0,0,0,0,0,0,0,1,0	36,33,27,28,27,20,26,21,28,31	1,0,0,0,0,0,0,0,1,0	32,36,29,26,32,24,25,33,40,30	97	75
298	58,60,43,45,46,40,51,45,53,70	0,0,0,0,0,3,0,0,0,0	58,54,37,31,40,54,48,53,53,59	0,0,0,0,0,0,0,1,0,0	105	75
299	32,26,28,26,30,28,29,28,27,43	0,1,0,0,0,0,0,0,0,2	28,27,26,27,28,31,31,39,35,37	1,0,0,0,0,0,1,0,0,0	95	75
300	42,40,30,31,29,27,27,41,21,42	0,0,0,0,0,0,0,0,0,0	33,37,31,29,32,31,43,34,57,35	0,1,0,1,0,1,1,0,1,1	129	75
301	387,362,329,316,336,274,332,265,304,449	3,4,3,0,3,2,3,1,5,4	287,364,336,346,347,357,328,408,320,436	0,0,4,5,2,7,5,2,1,6	198	75
302	2,2,0,0,1,0,2,0,0,1	1,2,1,1,1,0,1,0,2,0	0,0,0,0,0,2,0,0,0,0	1,1,1,0,0,1,0,0,1,0	78	75
303	0,0,0,0,0,0,0,0,0,0	40,32,28,38,46,22,28,26,21,25	0,1,0,0,0,0,0,0,0,0	39,26,27,20,37,22,22,20,27,30	353	75
307	9,6,13,13,12,10,11,11,3,5	0,0,0,0,0,0,0,0,0,0	5,17,10,6,10,6,14,10,13,14	0,0,0,1,0,0,0,0,1,0	456	75
308	0,0,0,1,4,0,0,0,2,2	0,1,4,2,0,1,3,2,2,3	0,1,1,1,1,0,1,3,1,0	2,4,4,3,2,3,3,1,3,0	365	75
310	0,1,0,0,0,0,2,0,2,0	3,0,0,0,0,1,0,0,0,1	2,0,1,0,0,3,0,0,0,0	0,1,0,0,0,0,0,0,0,0	252	75
312	3,5,4,4,3,4,3,4,2,1	9,13,4,13,4,9,5,3,5,6	4,3,8,9,7,1,6,6,3,0	8,9,8,8,12,8,8,9,9,4	106	75
313	5,4,11,9,2,8,13,2,8,5	15,14,33,17,18,23,13,22,19,14	7,7,9,3,14,7,7,13,13,6	29,17,19,12,23,17,12,18,21,12	117	75
314	44,34,30,28,37,26,29,34,40,39	1,4,0,3,3,2,4,2,0,4	31,31,20,38,36,21,37,36,20,30	3,6,2,5,7,3,3,2,6,5	93	75
315	0,0,0,0,1,0,0,2,0,0	24,40,41,32,32,38,39,64,33,36	0,0,0,0,0,0,1,0,0,1	39,43,36,51,47,52,44,42,49,48	142	75
318	220,244,185,189,163,186,233,207,135,201	4,7,2,1,3,5,3,2,5,2	215,171,152,182,137,235,167,157,154,190	1,2,1,1,1,1,1,2,1,3	159	75
319	270,292,223,221,184,219,293,235,157,246	9,19,10,9,20,11,19,13,13,16	250,197,192,202,158,286,202,197,158,208	12,7,6,12,12,12,12,15,8,11	159	75
320	4,4,9,11,2,5,4,5,7,7	21,26,24,11,27,18,19,15,20,12	2,6,1,4,6,5,6,4,9,2	18,24,22,25,19,17,26,33,32,25	102	75
321	174,138,136,119,153,133,160,146,112,152	0,3,1,1,0,0,1,1,0,0	134,160,130,129,135,145,117,149,166,160	1,2,0,3,0,3,1,0,0,2	77	75
322	101,120,111,91,115,97,130,116,130,108	64,63,69,59,70,62,63,59,66,61	116,135,88,135,102,97,109,106,110,110	52,60,36,51,62,50,67,74,67,78	129	75
323	36,35,35,28,26,41,35,37,33,43	2,2,1,2,1,3,4,3,0,2	27,22,24,32,29,32,29,24,25,17	2,2,3,1,0,0,0,0,5,1	1754	75
324	0,1,3,4,3,3,2,3,0,0	5,2,1,2,3,6,6,2,2,5	3,3,2,4,2,2,3,7,4,1	10,4,3,3,3,2,6,5,11,1	126	75
325	14,15,11,8,11,5,9,7,3,11	2,3,2,4,1,4,4,8,5,4	9,5,11,7,8,12,11,8,11,5	7,6,4,4,2,10,4,8,12,3	78	75
326	46,49,57,26,49,34,52,47,40,47	15,10,5,16,11,7,16,12,14,14	47,39,40,47,43,46,58,34,56,53	15,22,15,10,18,7,18,11,12,12	78	75
327	1,0,0,0,1,1,1,0,0,0	0,0,0,0,0,1,0,0,0,0	0,0,0,1,0,0,0,0,0,0	0,0,0,0,0,0,0,0,0,0	235	75
332	0,0,0,0,0,0,0,0,0,0	3,1,0,0,2,4,0,0,1,0	0,0,0,0,0,0,0,1,0,0	1,3,0,0,0,0,0,0,1,1	112	75
333	0,0,0,0,0,1,0,0,0,0	1,0,3,0,1,0,2,0,1,0	0,0,0,0,0,0,0,0,0,0	0,1,0,1,1,1,1,0,0,1	92	75
334	0,0,0,0,0,0,0,0,0,0	0,2,1,0,2,1,0,1,0,0	0,0,1,0,0,0,0,0,0,0	1,1,0,1,0,0,0,0,0,0	146	75
335	469,416,356,386,424,433,445,393,362,357	15,7,7,5,6,6,7,2,8,8	444,363,408,366,424,401,381,365,422,374	12,2,11,5,5,7,3,11,8,3	84	75
336	0,2,0,1,0,0,3,0,0,0	364,325,273,315,290,257,379,300,299,367	1,0,0,1,2,0,0,0,1,0	385,345,324,343,319,344,358,366,314,288	88	75
337	91,102,75,95,88,73,81,76,61,109	12,11,16,12,18,16,21,19,14,14	91,106,99,91,83,94,93,95,83,114	11,15,13,19,16,19,20,12,14,16	83	75
338	11,7,14,13,12,4,13,13,9,10	81,67,62,61,56,47,71,70,65,67	12,15,9,11,11,16,8,11,9,13	60,83,84,75,70,66,81,61,73,76	81	75
339	3,2,5,2,7,4,5,2,2,2	57,52,43,41,49,49,55,30,33,49	3,3,2,4,2,1,4,3,4,3	42,43,48,41,44,53,39,44,48,54	78	75
340	714,741,658,671,673,709,677,636,638,732	4,4,1,3,3,4,3,2,2,3	723,705,634,654,731,650,700,843,848,812	4,2,1,1,1,6,2,5,2,1	2865	75
341	252,262,187,252,215,234,239,218,207,159	1,0,0,0,0,0,0,1,0,0	239,226,204,268,289,286,231,187,193,146	0,0,1,0,0,2,0,0,0,0	174	75
342	132,87,106,85,81,98,110,113,112,107	0,0,0,0,0,0,0,0,0,0	86,106,75,118,117,99,91,68,82,52	0,0,0,0,0,0,0,1,0,0	81	75
344	0,0,0,0,0,0,0,0,0,0	1,0,0,1,0,1,0,0,0,0	0,2,0,0,0,0,0,0,0,0	1,0,0,0,0,0,3,1,0,0	106	75
345	464,537,459,436,508,451,508,452,458,449	0,0,0,0,0,0,0,0,0,0	503,520,459,495,422,481,484,413,471,432	0,0,0,0,0,1,0,0,0,0	1301	75
346	0,0,2,0,0,1,0,0,1,0	20,20,24,21,38,25,29,33,31,20	1,1,0,1,0,0,1,0,0,0	24,29,32,22,26,25,28,24,25,24	104	75
348	10,8,9,4,8,5,9,5,4,4	21,30,19,17,26,28,16,36,16,14	9,3,5,8,7,13,1,5,8,4	32,26,15,20,16,23,16,17,22,24	111	75
349	27,22,21,26,31,17,32,15,25,21	14,15,17,6,10,11,10,15,8,12	35,22,15,19,22,21,28,7,19,20	9,5,9,6,6,10,12,5,3,9	78	75
350	5,3,3,3,1,0,7,5,5,1	1,2,1,2,1,1,0,0,1,1	6,3,3,3,3,1,4,1,4,1	1,1,2,0,2,1,1,1,0,0	81	75
351	14,11,6,9,8,14,6,18,7,13	0,0,0,0,0,0,0,0,0,0	11,18,26,9,12,8,11,30,21,24	0,0,0,0,0,0,0,0,1,0	99	75
352	16,13,6,12,10,15,8,18,7,23	0,0,0,0,0,0,0,1,0,0	15,21,31,14,12,15,14,35,26,26	0,3,0,0,1,0,2,0,1,0	122	75
353	2,2,0,3,2,1,2,0,0,10	0,0,0,0,0,0,0,1,0,0	4,3,5,5,0,7,3,5,6,2	0,3,0,0,1,0,2,0,1,0	98	75
354	9,9,12,8,7,8,5,6,6,14	10,12,7,4,9,8,11,9,7,21	10,16,17,11,13,3,8,16,21,17	12,13,27,9,7,6,5,30,21,26	84	75
355	65,77,41,63,53,57,72,65,50,57	0,0,0,1,1,0,0,0,0,0	79,73,55,70,65,58,85,86,95,77	0,0,0,0,0,1,0,0,3,0	1236	75
356	2,7,3,1,5,3,2,4,0,1	0,0,0,0,0,0,0,0,0,0	3,1,0,5,0,4,3,6,2,7	0,0,0,0,1,0,0,0,0,0	111	75
357	7,9,7,2,7,6,9,7,1,3	0,0,0,0,0,0,0,0,0,2	6,3,0,8,4,7,5,16,5,11	0,0,0,0,0,0,0,1,0,0	120	75
358	5,2,4,1,2,3,7,3,1,2	0,0,0,0,0,0,0,0,0,2	3,2,0,3,5,3,2,10,3,4	0,0,0,0,0,0,0,1,0,0	84	75
359	3,7,4,1,7,4,2,4,1,2	0,0,0,0,0,0,0,0,1,0	4,1,2,5,0,4,3,6,2,7	0,0,0,1,1,0,0,0,0,0	111	75
360	8,9,8,2,9,7,9,7,2,4	0,1,0,0,2,1,0,0,1,1	7,3,2,8,4,7,5,16,5,11	0,0,0,0,0,1,0,0,0,0	120	75
361	5,2,4,1,2,3,7,3,2,2	0,1,0,0,2,1,0,0,1,1	3,2,0,4,5,3,2,10,3,4	0,0,0,0,0,1,0,0,0,0	84	75
362	260,277,264,278,304,312,278,278,305,287	0,0,0,0,0,0,0,0,0,0	281,299,285,280,293,286,298,308,349,317	0,0,0,0,0,0,0,0,0,1	326	75
363	22,27,22,25,27,32,20,18,19,36	0,0,0,0,0,0,0,0,0,0	39,25,20,22,19,32,20,32,27,27	0,0,0,0,0,0,1,0,0,0	331	75
364	49,42,49,49,45,32,51,44,34,45	0,0,1,0,0,0,0,0,0,0	49,63,36,46,54,35,45,43,45,28	0,0,0,0,0,1,0,0,0,1	224	75
365	72,80,66,57,65,61,80,60,57,78	5,8,12,5,10,1,3,1,6,13	61,68,49,52,57,51,50,61,56,54	5,10,8,4,6,4,5,4,5,10	86	75
366	0,0,0,0,0,0,1,0,0,0	4,5,3,0,4,5,1,4,5,2	1,0,1,0,1,0,0,0,0,0	3,1,2,2,2,2,4,4,2,1	306	75
368	3,1,4,0,0,0,2,0,2,2	8,6,9,16,9,5,6,15,4,7	2,3,2,3,4,2,0,0,4,0	7,6,13,4,6,14,10,6,7,7	78	75
369	7,4,10,8,8,1,5,2,5,6	5,4,4,5,5,8,6,12,8,6	3,2,5,5,5,4,4,5,5,8	2,4,5,4,4,11,12,7,6,6	78	75
370	109,119,72,84,75,105,86,74,93,98	0,0,1,1,0,0,0,0,1,0	121,90,67,120,91,85,75,87,109,99	0,0,0,0,0,0,0,0,0,0	194	75
371	119,122,115,105,109,112,112,118,103,126	33,29,30,27,22,35,39,39,34,26	132,132,113,105,116,114,126,118,159,111	42,36,19,35,26,21,31,24,45,41	94	75
372	238,202,209,192,189,195,239,225,177,251	33,29,30,27,22,35,39,39,34,26	252,225,220,205,199,192,224,241,293,236	42,36,19,35,26,21,31,24,45,41	116	75
373	127,87,102,95,86,93,134,117,77,142	8,7,8,8,6,10,7,10,3,17	130,102,113,107,94,85,106,132,147,136	10,9,6,7,11,7,8,9,13,11	97	75
374	646,580,561,543,592,542,587,524,569,715	1,1,0,1,2,2,3,0,0,0	624,597,533,618,603,540,519,690,685,636	1,0,1,0,1,1,5,1,0,3	328	75
376	7,9,8,11,9,6,5,7,7,12	0,0,0,1,1,1,0,0,0,0	7,17,6,10,6,9,8,14,12,9	2,0,0,0,0,0,0,0,1,0	157	75
377	23,16,15,6,13,8,10,12,11,8	0,0,0,0,0,0,0,0,0,0	10,13,11,14,21,11,11,8,19,10	0,1,0,0,0,0,0,0,0,0	140	75
378	14,5,7,13,14,13,12,21,16,6	28,18,24,13,31,28,22,10,10,14	10,26,12,16,12,12,17,17,9,13	21,18,16,19,29,21,15,30,18,16	350	75
379	31,40,52,33,51,52,65,39,42,48	0,1,0,0,4,0,1,0,2,1	52,36,42,43,48,42,44,45,56,41	2,0,0,0,0,1,1,1,0,1	243	75
387	6,6,2,4,4,8,7,7,10,11	1,7,3,0,2,1,2,2,0,1	6,9,11,12,7,9,9,4,10,7	0,0,1,1,1,1,0,0,1,0	107	75
388	16,19,21,10,14,17,16,21,18,21	39,69,47,45,38,48,38,43,43,58	15,17,20,19,9,11,12,27,18,18	62,42,32,35,38,30,42,68,51,61	131	75
389	84,77,75,69,77,81,82,89,72,98	487,416,334,390,380,493,402,521,519,413	88,47,60,56,84,75,75,54,69,44	527,383,390,426,537,441,462,490,443,319	87	75
390	2,3,0,2,2,0,3,3,1,0	14,13,14,19,16,10,9,18,13,11	3,3,0,3,2,2,1,2,2,0	16,11,11,10,15,12,18,15,13,15	99	75
391	0,0,0,0,0,0,1,0,0,2	9,21,20,14,10,15,22,16,11,19	0,0,0,0,0,0,0,0,1,0	23,16,17,10,11,19,16,16,13,25	196	75
392	12,10,13,9,17,13,10,11,14,13	0,0,0,0,0,0,0,0,1,0	11,7,13,15,9,9,12,12,20,7	0,0,0,0,0,0,0,0,0,0	81	75
393	1,0,1,0,0,0,0,0,0,0	37,50,35,25,37,42,32,38,28,33	1,0,0,0,0,0,0,1,0,0	38,36,32,21,30,21,35,41,48,30	99	75
394	25,26,19,19,30,32,15,19,19,27	1,0,1,1,1,0,4,1,2,0	27,35,21,26,21,22,28,39,26,26	0,0,0,0,0,0,0,0,2,1	100	75
395	6,3,2,2,4,1,1,4,1,4	65,50,69,48,72,60,70,37,59,89	2,3,1,1,1,3,3,3,2,0	68,54,60,72,63,74,70,102,94,90	90	75
396	5,0,3,6,1,2,7,4,1,2	208,195,154,161,154,148,175,152,162,237	1,3,4,4,5,5,2,10,7,10	185,154,166,205,186,198,144,213,205,151	194	75
397	73,50,36,43,38,45,55,49,51,59	19,26,20,18,15,20,17,18,10,18	61,39,44,47,49,47,61,46,42,37	20,16,15,12,17,21,20,16,21,12	215	75
398	276,245,187,198,191,191,223,197,212,294	19,26,20,18,15,20,17,18,10,18	245,190,206,248,230,240,203,249,240,178	20,16,15,12,17,21,20,16,21,12	96	75
399	285,248,227,220,266,217,228,219,226,285	0,0,0,0,0,0,0,0,0,0	287,243,220,253,236,291,246,214,210,176	0,0,0,0,0,0,0,0,0,1	91	75
400	37,27,19,23,18,19,24,19,16,35	10,13,13,10,8,10,9,9,18,18	18,25,18,23,14,27,14,20,19,22	18,17,17,10,14,6,8,16,11,13	78	75
407	0,0,0,1,0,0,0,0,0,0	0,0,1,0,0,0,0,0,0,0	0,0,0,0,0,0,0,0,0,0	1,0,0,0,0,0,0,0,0,0	211	75
409	0,0,0,1,0,0,0,0,0,0	2,0,0,0,0,1,0,0,0,0	0,1,0,0,0,0,0,0,0,1	0,0,0,0,2,0,0,0,1,4	91	75
410	1,0,0,0,0,0,0,1,0,0	0,0,0,0,0,0,0,2,1,1	1,0,0,0,0,1,0,1,0,0	0,0,0,0,1,1,0,0,0,0	79	75
411	41,43,40,33,29,35,39,35,48,50	1,0,2,0,4,0,0,1,1,3	29,37,41,41,46,50,37,33,39,34	1,1,2,5,1,0,0,0,1,2	404	75
412	87,112,75,68,96,69,103,89,60,81	0,0,0,0,0,0,1,0,0,0	87,85,74,72,78,111,81,76,77,65	0,0,0,0,0,0,0,0,0,0	77	75
413	248,222,196,181,223,218,198,230,163,236	7,10,13,3,18,6,9,3,11,8	249,217,190,202,162,263,236,212,189,215	12,10,12,10,7,14,6,8,24,9	180	75
414	55,46,44,44,63,40,65,57,42,52	0,1,2,0,0,0,0,0,0,0	58,61,45,57,64,46,39,49,64,42	0,2,1,0,1,0,0,0,0,2	101	75
415	84,94,82,60,81,65,81,67,63,91	0,0,2,0,0,2,0,0,0,0	97,91,61,99,84,97,64,86,53,76	0,0,0,0,0,0,0,0,0,0	404	75
416	0,0,3,1,0,0,0,0,0,1	4,2,5,1,11,0,1,9,2,0	0,0,1,0,0,0,0,0,0,0	4,0,4,5,1,3,4,5,2,2	94	75
418	2,6,8,7,4,3,7,3,8,3	0,0,0,0,2,0,0,0,0,1	4,6,3,3,2,3,1,2,6,0	0,1,0,0,0,0,0,0,0,1	312	75
423	6,4,11,1,3,4,7,6,5,7	0,0,0,0,0,0,0,0,0,0	4,5,5,2,8,3,12,7,11,2	0,0,0,0,1,0,0,0,0,0	260	75
424	3,4,1,3,5,1,5,1,2,3	0,0,0,0,0,1,0,0,0,0	5,5,0,6,2,3,2,2,0,2	0,0,0,0,2,0,0,0,0,0	105	75
425	37,35,47,38,50,48,42,40,42,52	46,62,41,54,41,41,54,41,48,62	35,36,44,36,46,25,36,51,46,41	37,46,60,64,42,47,42,65,49,52	87	75
426	109,88,91,95,101,82,91,86,94,103	0,0,0,0,0,0,0,0,0,0	104,108,92,80,113,92,97,138,113,119	1,0,0,0,0,0,0,0,0,0	320	75
427	46,34,43,43,56,43,51,39,49,37	0,0,2,2,1,1,3,2,0,0	47,52,40,35,55,33,38,66,54,40	1,4,0,0,1,0,0,4,1,0	320	75
428	1,1,1,0,1,0,1,0,0,0	35,32,37,26,29,40,22,26,28,28	0,0,0,1,2,0,1,0,0,0	36,48,37,29,27,30,24,35,52,34	90	75
429	46,40,33,30,56,42,39,34,22,36	5,0,0,0,1,0,0,0,0,0	40,30,47,36,53,45,43,59,57,45	0,0,0,0,1,0,1,0,0,2	111	75
430	894,907,820,783,957,901,901,804,935,1045	9,3,4,6,3,6,2,1,0,4	909,830,776,831,827,855,910,1158,1195,1090	4,8,6,3,1,5,4,4,9,10	94	75
431	8,4,4,7,9,10,8,5,4,8	21,13,10,16,16,11,15,19,19,19	4,8,6,8,9,5,4,9,10,4	12,13,15,12,14,8,15,14,16,9	78	75
432	78,56,69,81,57,65,68,65,61,67	1,0,0,0,0,0,0,0,0,0	53,82,59,72,62,77,64,82,79,72	0,0,0,0,0,0,0,0,0,0	597	75
433	23,16,26,16,17,22,19,19,17,19	41,40,41,21,30,39,32,30,34,53	23,13,19,18,30,21,14,27,27,20	36,39,38,36,30,35,41,45,48,44	125	75
434	13,6,15,13,6,14,11,7,15,7	0,0,2,1,0,1,0,1,0,1	8,4,5,8,17,13,5,12,15,13	0,3,2,1,0,2,1,0,3,2	125	75
435	261,258,233,230,231,261,246,281,252,246	0,0,0,0,0,0,0,0,0,0	243,250,251,320,249,217,312,309,279,273	0,0,0,0,0,0,1,0,0,0	231	75
436	2,0,1,1,1,2,1,2,2,2	7,12,5,5,5,3,7,8,10,12	4,3,1,2,2,1,3,6,1,2	6,9,11,4,13,8,8,6,2,9	91	75
438	0,0,0,0,0,0,0,0,0,1	12,4,8,7,5,16,8,12,7,9	0,0,0,0,0,0,0,0,0,0	3,9,17,17,12,4,9,15,9,3	88	75
439	0,1,0,0,0,2,0,1,0,0	0,0,0,0,1,1,0,0,0,0	0,0,0,0,0,0,0,2,0,0	0,0,0,0,0,0,1,0,0,1	78	75
441	51,35,45,46,50,46,58,44,39,44	9,7,3,1,4,2,3,8,3,6	47,44,43,47,51,41,45,54,56,45	2,1,6,10,1,2,7,6,4,9	78	75
442	79,86,86,89,87,87,77,82,63,97	33,32,33,43,32,15,34,21,18,35	90,85,92,88,83,62,67,88,91,98	33,38,40,32,22,36,44,33,33,42	964	75
443	0,0,1,2,0,0,0,0,0,0	22,12,13,10,16,5,2,4,5,10	1,0,0,0,0,0,0,0,0,0	12,12,9,8,14,15,8,8,16,7	111	75
444	0,0,0,0,0,0,0,0,0,0	16,9,12,11,8,13,8,10,10,13	2,0,0,0,0,0,0,1,0,1	13,5,14,8,11,15,19,19,20,14	128	75
445	10,13,17,6,20,12,15,15,9,12	2,3,0,3,2,1,5,10,4,2	16,11,6,19,17,9,12,10,12,5	1,0,5,0,1,3,5,4,2,5	78	75
446	20,8,6,15,13,15,14,8,6,11	2,0,0,2,2,1,2,3,1,1	11,11,15,12,12,4,10,14,7,21	1,1,1,2,0,0,2,4,2,0	81	75
449	0,3,1,2,6,2,3,1,0,3	15,9,10,10,8,7,9,9,7,11	5,1,2,5,3,2,2,2,4,2	6,10,13,6,8,11,9,9,14,5	136	75
451	0,1,0,0,0,0,0,0,0,0	1,1,1,2,0,0,1,0,0,0	0,0,0,0,0,0,0,0,0,0	0,0,0,0,0,0,0,1,0,0	93	75
452	0,0,1,0,0,0,0,0,1,0	14,17,15,15,18,20,27,19,17,16	0,0,0,0,0,0,0,0,0,0	14,19,20,9,13,15,17,18,23,20	95	75
453	12,3,5,13,5,7,5,5,6,9	0,0,0,1,0,0,0,0,0,1	12,6,11,1,3,7,5,11,10,8	0,0,0,1,0,0,0,0,0,0	84	75
454	24,25,23,15,25,29,23,24,27,23	2,0,0,0,0,0,0,0,0,0	27,28,22,17,28,16,19,24,31,34	2,0,0,0,0,0,0,1,0,0	78	75
455	0,0,1,0,0,0,0,0,0,0	23,19,19,15,18,11,24,13,14,12	0,0,0,0,0,0,0,0,0,0	13,19,13,23,22,21,20,15,20,27	181	75
456	2,2,0,0,0,0,0,0,0,0	2,3,1,2,3,1,3,1,2,3	0,0,0,0,0,0,0,0,0,0	1,1,1,1,0,1,0,0,2,3	127	75
457	220,265,204,191,209,198,216,200,187,235	16,19,21,12,19,16,19,12,11,19	233,208,179,232,190,256,219,230,218,200	17,10,5,14,14,16,18,13,13,12	139	75
458	192,172,157,131,169,147,170,183,168,201	3,4,5,2,5,6,1,0,2,2	179,176,166,165,188,183,159,206,242,187	5,5,3,5,2,2,1,4,3,2	126	75
461	98,106,80,88,116,93,125,97,103,122	0,0,0,0,0,0,0,0,0,0	118,105,87,91,116,123,113,126,132,108	1,0,0,0,0,0,0,0,0,0	78	75
462	1,0,2,0,2,0,0,1,0,0	79,51,67,80,75,68,72,53,72,67	0,0,0,1,3,1,1,1,0,0	72,65,69,63,81,55,52,91,65,83	192	75
463	2,2,4,5,1,4,7,1,4,2	0,0,0,1,0,0,0,0,0,0	3,3,2,7,7,3,3,5,7,7	0,0,0,0,0,0,0,0,2,0	78	75
464	96,115,91,69,94,77,107,110,65,123	2,6,3,1,0,1,1,1,1,9	108,70,95,109,76,96,94,112,112,115	6,6,2,2,4,6,2,8,3,4	114	75
465	2,8,3,5,6,4,6,3,2,7	0,0,1,0,2,4,2,1,1,2	2,4,3,7,2,5,1,3,6,4	1,3,1,2,1,2,1,2,2,1	160	75
466	76,120,67,67,84,55,93,66,46,101	0,0,1,0,2,4,2,1,1,2	78,68,63,83,64,94,63,110,84,79	1,3,1,2,1,2,1,2,2,1	231	75
467	76,113,64,62,78,53,88,63,45,94	2,1,0,0,0,2,1,0,1,0	76,65,60,77,62,91,62,107,80,77	0,1,0,1,0,2,0,0,2,2	146	75
469	25,29,30,24,19,27,23,31,19,27	139,153,126,130,122,140,187,117,121,154	18,30,27,16,21,25,13,29,39,28	156,120,112,150,156,170,134,133,137,133	282	75
470	118,131,123,83,77,75,94,108,85,131	38,54,29,26,25,30,40,42,35,63	124,98,122,116,106,137,109,108,115,109	51,40,37,46,41,50,41,37,42,50	81	75
471	40,47,31,39,43,43,56,48,45,31	135,143,112,148,117,156,152,121,121,132	35,53,41,55,44,61,43,38,35,32	126,135,118,135,157,149,125,98,117,99	88	75
472	70,61,74,62,75,67,69,60,61,76	0,0,0,1,0,0,1,1,1,0	83,81,61,53,69,68,75,81,81,86	1,1,0,0,0,0,0,0,1,0	225	75
473	7,14,6,8,8,10,8,2,7,7	53,49,67,54,61,46,54,47,54,69	10,16,11,11,10,8,9,7,16,15	70,65,56,37,59,52,62,60,74,74	107	75
474	1,1,0,1,4,0,5,2,4,6	46,43,41,32,40,36,43,30,38,40	2,3,0,0,2,0,1,0,3,5	37,29,27,35,39,22,42,49,51,44	97	75
475	13,9,13,13,15,11,16,18,22,22	0,0,0,0,0,0,1,1,2,3	29,20,15,13,12,22,13,15,30,22	1,1,3,0,1,0,1,0,0,0	86	75
476	59,62,48,51,51,46,63,50,51,81	0,1,0,0,0,0,0,0,0,0	58,64,48,46,59,41,51,68,68,72	0,0,0,0,0,1,0,0,0,0	300	75
477	15,8,13,12,10,5,15,9,6,20	13,12,10,13,14,18,9,10,5,12	18,11,14,10,15,18,15,8,15,25	20,20,10,10,14,13,13,12,21,9	86	75
478	67,70,46,53,64,44,53,57,67,45	5,7,4,4,5,4,5,5,1,1	61,62,65,55,67,61,54,51,61,69	2,7,4,0,2,4,1,3,4,1	78	75
479	14,7,2,6,6,1,9,4,5,9	1,0,1,0,0,0,1,0,1,0	10,15,7,10,4,5,6,5,7,11	0,1,1,0,0,0,1,0,0,0	79	75
480	13,4,6,8,4,2,5,7,2,9	1,0,1,1,0,0,1,0,0,1	7,11,10,10,7,9,10,1,6,5	2,1,0,0,2,0,0,0,1,0	81	75
484	62,76,61,69,64,80,98,84,81,85	1,8,2,4,4,2,3,2,3,2	81,80,61,67,89,89,60,82,81,109	3,2,4,3,5,1,4,1,4,2	132	75
485	53,57,61,56,41,50,52,49,57,57	1,0,0,0,0,0,0,1,0,0	50,42,54,65,47,48,55,67,71,65	0,0,2,0,1,0,0,0,1,0	149	75
486	285,266,262,239,244,267,291,232,247,362	0,3,0,0,1,0,0,0,1,1	262,274,210,209,303,260,236,258,333,286	0,0,0,0,1,1,1,3,0,0	379	75
487	0,0,0,0,0,0,0,0,0,0	14,10,17,16,16,12,28,17,14,10	0,0,0,1,0,0,0,0,0,0	23,22,10,21,19,15,13,21,21,26	92	75
488	18,12,21,9,19,16,26,27,29,26	1,1,0,1,0,0,0,0,0,0	15,27,18,17,28,22,19,27,14,14	0,0,0,0,0,0,0,0,0,0	77	75
489	8,2,2,6,7,5,9,4,7,4	4,11,7,6,6,10,13,9,6,5	0,14,4,6,10,7,7,5,6,5	14,11,7,12,8,17,14,7,7,9	97	75
490	16,15,13,7,12,12,15,7,12,18	0,0,0,0,0,0,0,0,0,0	11,20,6,14,17,17,9,8,10,15	0,0,0,0,0,0,0,1,0,0	199	75
493	56,64,57,82,54,79,54,62,66,59	3,1,0,3,3,2,1,4,3,0	63,66,59,58,58,55,64,59,76,58	3,1,1,0,5,1,3,2,4,1	128	75
494	15,12,21,16,20,20,23,11,13,18	0,0,0,1,0,0,0,0,1,1	13,24,17,20,30,27,29,23,21,15	1,0,0,0,1,0,0,0,1,0	138	75
496	1,1,3,2,1,0,1,0,0,2	45,37,30,32,31,29,46,35,36,36	1,1,1,2,1,0,2,0,1,2	33,46,24,44,37,41,52,37,37,31	246	75
497	194,218,171,188,194,172,184,172,182,207	3,3,0,3,2,3,0,2,2,4	231,200,160,203,197,211,195,225,249,186	1,2,3,4,1,5,0,1,0,1	340	75
498	4,8,13,18,4,12,13,5,9,12	38,46,35,46,37,49,31,35,51,35	12,24,8,11,10,17,6,11,11,9	48,49,31,40,53,31,41,45,49,55	130	75
499	1,0,0,0,0,0,0,0,0,2	29,41,37,25,30,39,32,30,42,39	0,0,0,0,0,2,0,1,0,0	34,25,29,36,44,20,31,36,39,19	170	75
500	0,0,1,0,0,0,0,0,0,1	24,38,29,15,22,23,25,31,21,31	0,0,0,0,0,0,0,1,1,0	24,18,27,13,18,26,38,38,34,34	89	75
501	11,11,9,6,10,15,6,8,11,12	0,0,0,0,0,0,0,0,0,0	5,8,7,9,16,6,8,12,10,11	0,0,0,0,0,0,0,0,0,2	106	75
502	58,65,52,57,59,66,62,49,59,73	0,0,0,0,0,0,0,0,0,0	56,74,53,56,68,49,74,79,78,67	0,0,0,0,0,0,0,0,0,2	147	75
503	40,45,26,32,31,41,28,19,28,31	0,0,0,0,0,0,0,0,0,0	22,55,28,31,41,24,35,38,36,37	0,0,0,0,0,0,0,0,0,2	178	75
504	47,55,47,52,51,51,56,41,51,61	0,1,4,1,2,0,0,0,3,0	51,67,46,48,53,43,67,67,68,57	0,1,0,1,1,0,1,0,0,1	116	75
505	29,35,21,27,23,26,22,11,20,19	0,1,4,1,2,0,0,0,3,0	17,48,21,23,26,18,28,26,26,27	0,1,0,1,1,0,1,0,0,1	147	75
506	1,2,0,0,2,0,3,0,0,1	19,22,26,25,30,25,37,30,31,43	2,2,1,1,1,0,3,0,0,3	36,21,26,26,28,25,42,41,42,33	106	75
507	10,3,1,7,1,6,6,1,3,1	13,24,21,14,26,24,20,26,23,22	5,5,0,3,1,3,5,5,1,4	33,36,30,26,23,25,23,23,34,30	92	75
509	54,55,72,64,41,76,77,53,59,63	0,0,1,0,0,0,0,0,0,0	65,61,63,56,78,65,45,58,51,53	0,0,0,0,0,0,0,3,0,0	235	75
510	75,71,86,88,65,95,99,84,80,79	0,0,0,2,0,1,1,0,0,0	90,94,89,77,93,80,69,87,76,85	0,0,1,0,2,4,2,0,0,1	235	75
511	117,105,70,85,91,89,101,101,67,90	1,1,0,1,1,0,0,0,0,0	95,108,88,90,81,115,64,74,84,90	1,0,0,0,0,0,0,1,1,2	398	75
512	18,26,10,14,12,24,5,20,11,16	0,1,0,0,4,2,2,2,5,1	8,18,13,7,12,11,8,13,17,21	2,1,0,4,2,2,2,0,0,1	101	75
513	7,11,7,7,7,7,8,6,8,9	5,4,5,5,1,4,3,5,2,4	14,5,4,11,8,9,4,3,8,11	8,4,2,5,4,6,5,6,7,4	78	75
514	26,27,23,32,20,27,16,31,25,26	2,4,3,4,3,4,3,2,2,5	33,32,21,27,11,41,23,26,22,35	3,3,4,1,4,3,5,0,2,4	168	75
516	43,34,27,27,37,33,49,34,18,41	1,0,0,1,0,0,1,0,0,2	23,37,21,30,28,31,30,43,27,35	0,0,0,0,0,0,1,0,0,0	79	75
517	7,5,4,2,3,3,9,10,5,4	0,0,0,0,0,1,0,0,0,0	5,3,3,4,2,9,3,7,4,2	0,1,0,2,0,0,0,0,0,0	79	75
518	30,28,36,29,25,28,30,24,27,25	13,12,9,7,15,14,13,17,16,15	30,23,24,22,18,33,16,15,19,14	13,10,15,10,15,18,12,6,13,5	161	75
519	1,0,3,1,2,2,1,0,3,3	0,0,0,0,1,0,0,0,0,0	1,2,1,0,2,3,2,4,5,3	0,0,0,0,1,0,1,0,0,0	79	75
521	31,20,29,21,27,21,25,28,32,36	0,0,0,0,1,1,3,0,0,1	32,26,28,21,35,28,33,28,32,26	0,0,1,1,0,0,2,1,1,0	120	75
522	4,0,0,5,4,3,9,5,4,2	0,0,0,0,0,0,0,0,0,1	5,13,8,4,3,0,6,4,4,5	0,0,0,0,0,0,0,0,0,0	122	75
523	19,7,9,15,18,16,11,15,8,10	0,0,2,0,0,0,1,3,0,0	10,27,15,17,12,15,12,12,22,13	0,0,2,0,1,0,2,2,1,2	122	75
525	2,0,1,0,1,2,1,0,1,1	17,12,9,8,10,21,21,13,11,24	1,0,1,0,0,1,0,4,1,1	20,17,13,12,15,15,19,17,14,11	93	75
526	2,4,7,4,4,6,1,1,6,5	1,2,1,4,4,3,2,0,4,1	6,3,3,2,3,5,5,2,4,2	3,4,2,0,1,2,3,0,0,2	80	75
531	12,27,12,14,19,13,25,18,17,16	60,67,38,32,44,31,48,70,33,51	19,17,25,14,11,18,20,12,24,19	51,39,46,51,34,29,34,46,47,53	367	75
533	2,2,0,1,4,2,2,1,2,0	0,0,0,0,0,1,1,0,0,0	2,4,1,0,0,1,2,0,2,1	0,0,0,0,0,0,0,0,0,0	80	75
534	8,12,6,9,3,9,7,3,3,3	0,0,0,1,0,0,2,2,0,2	9,2,4,6,6,11,5,4,7,10	0,0,0,0,0,1,0,0,0,0	98	75
539	20,20,7,15,21,11,15,17,11,24	0,0,0,0,0,0,1,0,1,0	17,15,9,22,12,20,8,26,12,15	1,0,0,1,0,0,1,1,1,0	130	75
541	6,10,8,4,13,10,16,10,6,9	0,0,0,0,0,1,0,0,0,2	16,9,13,6,10,14,6,9,7,11	0,0,0,0,0,0,0,0,0,0	79	75
542	1,3,1,1,2,1,1,1,2,1	0,0,0,0,0,0,1,0,0,0	1,2,3,0,8,1,2,4,2,1	0,1,0,0,1,0,0,0,0,0	79	75
543	0,1,1,0,0,0,1,2,1,0	218,198,170,165,196,208,190,170,131,197	1,0,0,1,2,1,3,0,0,0	201,212,159,173,189,180,195,208,205,220	93	75
544	23,26,11,16,25,19,20,10,18,25	21,23,27,19,21,17,26,24,18,25	22,15,17,15,8,17,18,32,21,16	25,24,20,24,22,29,17,21,19,17	78	75
545	5,7,6,3,1,3,7,9,7,3	4,2,5,3,0,4,4,1,5,5	1,7,2,8,6,3,6,1,4,3	3,1,1,3,0,0,1,4,4,0	78	75
546	22,26,23,19,21,19,22,26,23,18	23,23,34,28,31,22,29,33,35,19	21,19,14,22,18,14,11,20,15,16	27,23,14,29,24,28,28,24,25,18	99	75
547	2,0,1,1,0,0,0,1,2,0	0,0,0,0,0,0,0,0,0,1	0,1,1,0,0,1,2,2,0,1	0,0,0,0,0,0,0,0,0,0	101	75
548	0,0,0,1,0,1,0,0,0,0	0,0,0,0,2,1,0,2,1,0	0,1,0,0,1,2,1,0,0,0	0,0,0,0,0,0,2,0,0,3	271	75
549	0,0,0,0,0,0,0,0,0,0	1,0,1,0,1,1,0,0,0,0	1,1,0,0,0,0,0,0,0,0	0,0,1,0,0,3,0,0,1,1	78	75
550	5,9,2,3,5,3,3,6,3,2	5,3,8,6,0,3,6,3,3,4	4,1,0,8,5,8,7,4,1,7	7,1,3,4,5,2,2,4,0,3	94	75
551	175,146,138,127,137,172,172,186,150,154	55,51,34,53,47,47,49,55,69,51	184,182,169,172,152,164,156,151,164,127	59,52,50,65,47,47,63,51,54,46	78	75
552	1357,1297,1721,1681,1859,1261,1264,1400,1311,1506	32,17,29,31,32,39,35,35,18,29	1552,1727,1386,1494,1499,1425,2087,1988,1792,1700	35,37,25,27,36,30,27,42,36,41	836	75
555	56,50,53,43,63,60,68,68,55,36	0,0,0,0,0,0,1,0,0,0	49,45,48,60,37,55,55,78,61,53	0,0,0,0,0,0,0,0,0,0	1552	75
556	0,0,0,0,0,0,0,2,0,0	0,0,0,0,0,0,0,0,0,0	0,0,0,0,0,0,0,1,0,0	0,0,1,0,0,0,0,0,0,0	157	75
559	1,2,3,0,0,1,1,0,1,4	7,13,20,16,19,21,16,17,20,12	1,5,2,2,0,1,2,0,3,2	12,21,14,9,10,13,19,14,18,25	91	75
568	33,43,36,26,44,30,42,47,33,38	0,0,0,0,0,0,0,0,0,0	38,44,46,46,29,28,40,45,76,73	0,0,0,1,0,0,0,0,0,0	78	75
569	100,140,127,98,157,148,165,155,119,156	0,0,0,0,0,0,0,0,0,0	137,192,169,171,135,89,173,167,295,288	0,0,0,1,0,0,0,0,0,0	81	75
570	96,138,125,95,156,146,161,154,117,155	29,41,34,23,43,28,38,46,31,37	137,189,165,166,133,87,169,162,293,282	38,41,42,41,27,26,36,40,74,67	78	75
571	99,111,99,99,111,53,89,77,56,115	21,17,19,23,16,7,12,11,10,14	121,75,81,75,73,103,114,108,113,105	13,23,11,22,16,22,18,21,20,28	78	75
572	2,4,5,6,9,2,2,5,6,4	148,151,123,123,149,99,148,136,106,118	4,6,3,8,3,9,3,5,6,9	157,130,105,147,145,154,138,143,128,133	227	75
573	10,21,17,17,21,24,20,25,22,19	11,15,9,13,9,15,11,12,6,15	23,17,16,19,25,24,30,16,28,32	9,6,12,19,4,16,7,9,16,14	135	75
574	13,23,20,18,23,27,21,31,24,21	4,6,2,5,1,5,3,6,5,4	25,20,19,21,26,26,32,21,29,34	8,6,4,8,5,3,3,4,5,3	138	75
575	14,17,12,14,11,18,12,18,8,17	4,6,2,5,1,5,3,6,5,4	11,9,15,21,5,18,9,14,17,16	8,6,4,8,5,3,3,4,5,3	78	75
576	110,99,94,82,89,106,107,91,85,101	67,72,60,67,86,71,71,68,79,59	110,77,97,128,83,86,86,84,123,100	71,83,75,85,60,74,57,73,53,58	128	75
577	51,37,43,27,56,35,60,50,46,58	0,0,1,0,0,0,0,2,0,0	53,48,47,58,52,59,54,55,57,41	0,0,0,0,0,0,0,0,0,0	185	75
578	58,84,55,48,55,40,48,45,43,42	0,1,1,0,1,0,3,0,0,0	54,60,51,66,49,43,50,55,62,50	0,1,1,0,0,0,2,0,0,0	183	75
579	6,5,10,7,6,6,2,2,1,5	18,16,13,14,19,11,15,14,12,5	2,1,5,3,4,2,2,6,4,5	10,11,18,12,13,12,11,17,14,11	96	75
580	4,4,5,7,5,6,1,1,1,5	2,1,1,1,0,0,0,1,0,0	2,0,3,3,3,2,2,6,5,2	1,2,5,0,0,3,2,2,0,0	96	75
581	5,7,7,11,10,8,5,3,5,8	2,1,1,1,0,0,0,1,0,0	5,2,8,5,7,4,6,8,7,6	1,2,5,0,0,3,2,2,0,0	114	75
582	1,3,2,4,5,2,4,2,4,3	0,0,0,0,0,0,0,0,0,0	3,2,5,2,4,2,4,2,3,4	0,0,0,0,0,0,0,0,1,0	93	75
583	178,176,118,141,156,133,189,137,113,139	52,33,27,33,35,26,38,45,34,38	166,148,123,150,125,146,180,149,127,122	36,42,32,44,28,35,45,34,26,51	78	75
584	4,1,1,2,4,5,2,4,2,3	157,148,110,99,134,110,140,144,128,148	2,4,3,4,0,0,2,8,4,6	132,105,113,134,113,136,114,108,97,89	84	75
585	0,0,0,1,0,0,0,1,0,0	0,0,2,1,1,0,0,0,0,0	1,0,0,0,0,0,0,1,0,0	0,0,0,0,0,0,0,0,0,0	224	75
588	9,26,19,17,21,20,18,27,11,18	6,16,10,4,8,4,9,7,11,6	17,17,20,10,22,20,24,16,26,22	10,10,8,11,13,7,5,10,5,12	141	75
589	1,0,1,1,1,0,0,2,2,1	0,0,0,0,0,0,0,0,0,0	3,2,0,1,2,3,2,2,1,5	0,0,0,0,0,0,0,0,1,0	100	75
590	117,121,115,128,123,126,130,138,106,130	1,0,1,2,0,0,1,2,1,0	101,128,120,124,118,127,143,190,142,124	0,1,0,0,1,3,1,0,0,0	303	75
592	15,15,16,31,23,11,18,23,12,19	0,2,0,1,0,3,0,1,0,0	7,22,11,17,11,22,15,18,23,18	2,3,1,1,2,3,1,0,1,0	140	75
593	4,1,2,0,6,4,1,0,0,1	6,0,4,2,2,3,4,4,3,2	0,0,1,1,2,0,2,1,2,2	11,5,1,2,2,2,2,5,3,0	78	75
596	8,14,12,6,11,6,6,11,6,19	1,0,0,0,0,0,0,0,0,0	8,15,13,14,13,13,11,7,17,14	0,0,1,0,0,0,0,0,0,1	78	75
598	2,0,3,8,9,8,1,1,9,1	0,0,0,0,0,0,0,0,0,0	1,13,0,4,2,0,3,12,17,6	0,0,0,1,0,0,0,0,0,0	81	75
601	4,0,4,2,2,2,4,4,6,0	135,136,114,138,115,119,140,115,134,129	0,2,1,6,5,0,1,8,5,3	112,125,123,135,135,135,134,119,135,121	96	75
602	32,45,33,36,33,34,33,20,21,44	42,47,61,36,44,48,44,37,29,53	41,38,27,51,43,32,25,34,37,43	42,43,36,49,41,50,39,58,47,47	78	75
603	3,8,5,7,10,6,6,1,1,3	1,0,0,0,2,1,0,0,1,0	3,2,2,2,1,8,3,2,0,3	1,0,0,0,0,0,0,0,0,0	78	75
604	9,8,11,7,5,6,10,5,12,7	0,0,0,0,0,1,0,0,0,0	9,5,8,5,5,9,8,12,4,7	0,0,0,0,0,0,0,0,0,0	78	75
605	286,263,276,279,283,308,315,260,287,333	130,159,149,146,148,147,159,149,145,139	320,272,271,254,330,272,255,265,274,268	139,153,113,136,207,145,139,152,156,126	78	75
607	2,2,2,0,0,0,1,3,2,0	1,0,0,0,1,0,0,0,0,0	0,0,0,0,0,0,1,0,0,0	0,0,1,2,0,0,0,0,0,0	150	75
609	42,49,35,29,41,22,28,41,27,43	2,2,1,0,1,2,3,0,0,0	45,29,42,43,29,47,38,47,46,25	0,1,1,3,1,1,1,0,0,2	160	75
610	16,26,26,23,21,17,24,14,18,18	0,0,0,0,0,1,0,0,0,1	27,20,18,21,17,19,29,33,24,39	1,0,0,0,0,0,0,0,0,0	80	75
611	173,186,119,136,148,132,169,145,114,157	4,1,3,2,4,2,6,1,2,0	166,141,122,175,134,151,137,87,117,123	5,5,3,5,5,1,2,2,0,2	80	75
613	9,12,11,7,8,2,10,9,8,13	1,1,1,5,5,1,3,4,2,1	6,13,6,6,11,11,13,4,7,12	1,3,2,1,1,1,1,0,2,0	78	75
614	51,50,43,58,66,42,49,38,25,77	0,0,0,0,1,1,1,0,0,2	51,44,47,45,61,54,51,57,35,49	2,1,0,1,1,1,1,0,1,0	175	75
615	1,1,2,1,1,1,3,2,0,2	88,104,81,56,83,76,99,77,83,115	3,1,1,0,1,0,0,3,4,0	99,80,73,92,83,78,91,89,80,104	137	75
616	1,1,2,0,6,6,5,3,2,2	0,0,0,0,0,0,0,0,1,0	1,4,5,2,1,2,1,4,3,3	0,0,0,0,0,1,0,0,0,0	217	75
617	1,0,3,3,3,1,3,8,2,2	0,0,0,0,0,0,0,0,0,0	1,5,2,2,3,5,1,2,3,2	0,0,0,0,0,0,1,0,0,0	79	75
618	2,0,0,0,0,1,0,0,0,1	0,0,0,0,0,0,0,0,0,0	0,0,0,0,0,0,1,1,0,0	0,0,0,0,0,0,0,0,1,0	78	75
619	16,14,11,10,28,16,22,15,14,10	9,5,2,3,1,0,3,5,4,2	16,20,10,13,13,12,16,11,8,19	3,0,1,2,3,1,5,1,5,1	80	75
620	31,32,19,14,29,14,33,23,20,21	40,50,40,39,32,34,44,41,30,47	17,19,23,33,28,21,15,25,10,24	49,41,35,45,27,37,44,34,45,49	78	75
621	81,51,47,56,41,56,60,54,47,43	175,176,96,132,140,141,125,109,111,128	74,37,42,59,33,54,49,56,50,47	150,117,112,126,129,160,146,126,93,133	102	75
622	88,84,81,70,81,79,84,85,82,93	13,7,6,7,5,7,4,4,3,5	75,100,118,81,80,85,88,94,103,102	3,8,4,5,8,6,2,8,1,6	81	75
624	0,0,0,0,1,0,0,0,0,0	0,0,0,0,0,0,0,0,0,0	0,0,0,0,0,0,0,0,0,0	0,0,0,0,0,0,0,1,0,0	100	75
625	0,0,0,1,0,0,0,0,1,0	172,181,163,162,137,195,167,181,178,170	0,0,0,1,0,0,0,1,0,0	201,188,154,210,166,140,188,194,180,176	80	75
626	3,12,6,12,8,6,8,1,5,10	4,1,9,3,5,6,5,4,6,4	10,11,4,9,5,11,8,7,11,9	0,2,2,2,1,5,2,8,2,9	78	75
627	87,117,70,66,59,67,68,71,71,91	20,21,18,15,17,14,27,12,22,25	104,80,72,86,62,70,63,84,73,87	19,13,15,16,21,18,7,23,16,14	90	75
629	0,0,0,0,0,0,0,0,2,0	6,1,0,0,2,2,0,2,1,2	0,0,0,0,0,0,0,0,1,0	2,2,1,2,1,0,2,0,0,0	78	75
630	7,14,7,7,11,12,14,8,5,12	32,31,18,21,29,18,35,34,33,44	6,5,13,18,9,5,12,7,9,9	39,28,35,28,22,29,42,30,25,33	78	75
631	2,2,0,0,0,2,2,1,1,2	4,2,4,3,4,4,7,3,1,7	2,0,3,0,0,0,0,0,1,0	1,2,2,3,3,1,8,4,5,5	78	75
632	1537,1590,1260,1274,1468,1426,1561,1342,1272,1710	0,0,0,0,0,0,0,0,0,0	1665,1389,1301,1443,1446,1357,1571,1635,1664,1588	0,0,0,0,0,0,1,0,0,0	324	75
633	1876,2061,1693,1674,1744,1712,1975,1746,1550,2006	1,1,2,1,0,1,3,1,3,1	1949,1785,1589,1909,1921,1782,1784,1953,2019,1921	2,0,5,1,1,0,0,1,1,0	621	75
634	21,17,26,19,15,16,31,19,24,22	124,80,89,91,102,81,115,106,98,98	22,21,19,23,15,16,20,25,27,28	90,95,94,129,124,112,92,119,84,108	1012	75
637	0,1,0,0,0,2,0,1,0,0	2,0,1,2,1,1,3,2,1,3	1,2,0,0,0,0,0,0,0,0	1,2,1,0,4,0,1,0,0,2	162	75
638	0,0,0,0,0,0,2,0,0,0	50,42,51,35,46,53,55,51,55,38	1,0,1,0,0,0,1,0,0,0	42,54,38,50,55,41,54,43,36,25	135	75
639	181,181,182,139,153,164,188,177,166,180	9,16,9,13,8,8,23,10,13,14	156,172,130,174,169,200,191,156,154,128	11,9,10,15,10,7,9,28,14,13	105	75
640	0,0,0,0,0,0,0,0,0,0	123,114,118,98,98,104,118,120,105,88	0,0,2,3,1,0,0,0,0,0	126,97,99,109,102,110,124,105,103,93	157	75
641	0,0,0,1,0,0,1,0,0,0	0,0,0,0,0,0,0,0,0,0	0,0,0,0,0,0,0,0,0,0	0,0,1,0,0,0,0,0,0,0	78	75
642	53,47,40,39,51,42,62,37,45,43	115,111,97,105,122,79,101,101,89,113	44,48,42,53,53,40,40,55,45,37	96,118,114,104,105,136,87,113,111,109	78	75
643	130,163,160,181,151,126,169,157,122,137	1,1,3,1,1,1,0,0,4,0	163,170,134,181,130,158,161,145,137,132	2,0,2,0,1,1,3,3,2,1	96	75
644	1,1,1,3,1,0,0,2,2,2	199,170,169,146,185,166,197,177,154,172	2,0,1,2,3,0,1,1,1,1	193,191,157,191,200,173,156,153,160,164	167	75
645	221,214,209,212,204,189,246,214,171,227	1,3,3,6,4,1,3,0,3,2	246,230,209,207,230,194,214,212,248,247	0,5,0,3,2,4,4,3,2,4	95	75
646	2,1,3,5,3,0,4,3,0,2	0,0,0,0,1,0,0,0,0,0	0,2,1,2,2,2,0,0,0,1	0,0,0,0,0,0,0,0,0,0	83	75
647	2,0,0,1,1,0,4,1,1,1	1,1,1,1,4,4,3,4,0,2	1,2,1,2,1,0,0,3,1,1	3,2,1,8,3,5,1,3,7,5	95	75
648	13,13,4,7,6,6,11,11,13,8	5,4,3,0,3,1,6,1,2,2	10,12,11,9,6,12,11,7,8,14	1,3,3,2,3,4,2,5,3,1	191	75
649	72,70,53,65,49,64,58,44,50,69	2,0,1,0,2,0,0,2,0,0	65,70,49,62,51,65,58,70,77,64	1,0,0,0,2,1,0,0,0,3	80	75
650	67,65,51,46,43,54,70,51,50,57	0,0,0,1,0,0,0,0,0,0	74,68,53,63,59,58,48,54,58,63	0,0,0,0,0,0,0,0,2,0	3084	75
651	60,63,44,55,49,34,45,58,48,63	0,0,0,0,0,0,1,1,0,0	71,51,83,55,57,65,48,63,78,86	0,0,1,0,0,0,0,0,1,0	466	75
652	19,16,15,19,15,8,14,16,15,18	1,12,12,6,13,5,7,7,7,14	21,14,28,12,14,12,16,22,26,22	3,2,5,6,8,9,3,12,9,10	178	75
653	18,11,9,11,14,10,16,21,10,13	41,33,39,29,31,25,28,34,19,34	13,16,12,21,5,12,13,19,14,13	30,28,31,32,31,44,39,32,43,28	190	75
655	79,77,70,68,71,74,72,65,53,84	0,0,0,2,0,0,0,1,0,1	71,64,53,57,70,58,65,70,93,93	1,0,2,0,1,0,1,2,1,0	82	75
656	0,1,0,0,1,0,0,0,0,0	3,4,1,5,2,2,1,3,3,4	0,0,0,0,0,0,0,0,0,0	3,3,5,2,3,1,0,2,2,3	117	75
657	156,181,192,170,165,188,158,160,187,161	4,2,1,0,3,2,1,2,2,0	182,177,134,160,171,168,171,178,196,175	4,4,0,0,1,3,1,7,2,1	249	75
658	0,3,0,0,1,1,0,1,0,0	49,45,41,39,51,61,49,47,34,44	0,1,0,0,0,0,0,0,1,0	50,45,44,48,36,37,50,48,65,38	213	75
659	58,55,53,56,46,57,63,47,51,58	0,0,0,0,0,0,1,0,0,0	74,61,69,62,54,51,56,62,50,50	0,0,0,0,0,0,0,0,0,0	94	75
660	67,68,61,68,71,80,75,82,65,82	0,0,0,0,0,0,0,0,0,0	84,83,65,79,99,85,64,75,84,79	0,0,0,0,0,0,1,0,0,0	114	75
661	10,6,2,3,3,3,4,6,7,2	0,0,0,0,1,0,0,0,0,0	4,9,4,4,7,4,5,2,1,4	0,0,0,0,0,0,0,0,0,0	132	75
662	4,4,0,0,1,2,2,1,1,0	63,47,53,46,51,52,57,42,44,56	1,4,0,1,1,2,1,1,1,0	46,53,33,46,56,55,71,56,87,57	129	75
663	272,253,181,190,205,221,228,216,194,214	0,0,0,0,0,0,0,0,1,0	230,241,179,212,190,208,233,214,224,247	0,0,0,0,0,0,0,0,0,0	89	75
664	0,0,0,2,0,0,0,1,1,0	1,1,2,6,4,4,2,1,2,2	0,0,0,1,1,0,0,0,1,1	7,3,4,6,2,5,7,4,2,4	103	75
665	26,40,31,47,44,28,35,45,27,49	0,0,0,0,0,0,0,0,0,0	62,43,44,49,30,38,40,48,41,51	0,0,0,0,0,0,0,0,1,0	178	75
668	8,3,6,2,13,5,6,3,4,7	12,16,8,13,13,27,13,15,13,17	5,6,3,5,5,3,7,14,11,7	9,12,16,15,21,14,20,23,27,26	203	75
669	126,134,93,91,102,116,103,122,114,136	10,4,1,9,11,7,10,10,4,14	95,97,105,153,103,140,119,181,130,146	12,11,5,6,6,9,13,12,17,14	472	75
670	0,0,0,0,1,0,1,0,0,0	0,0,0,1,0,0,0,0,0,0	0,0,0,1,0,0,0,0,1,1	0,0,0,0,0,0,0,0,0,1	153	75
671	0,0,0,0,1,0,1,0,0,0	17,17,23,25,26,22,21,20,18,11	0,0,0,0,0,0,0,0,2,1	22,23,27,23,21,18,17,28,26,20	153	75
672	25,30,22,13,26,20,22,26,15,20	7,0,5,4,4,4,5,1,4,9	20,28,18,20,13,22,24,29,28,15	6,3,1,2,3,7,4,0,3,4	80	75
673	8,3,5,7,5,4,7,5,3,6	2,0,0,2,0,0,0,1,2,0	5,8,3,2,12,5,3,5,3,3	0,0,0,0,0,0,1,1,0,0	78	75
677	4,7,12,17,8,9,19,8,15,14	12,13,10,8,9,11,12,23,16,22	11,7,8,6,5,7,12,10,7,8	15,15,20,10,12,9,18,18,21,12	315	75
678	3,7,4,3,9,0,4,4,4,11	8,10,4,11,10,9,5,5,6,9	4,4,2,5,7,6,6,6,7,4	12,8,6,4,9,5,8,9,3,3	104	75
679	8,3,8,9,11,6,11,9,16,10	5,5,13,6,8,9,13,5,7,10	7,5,2,11,11,10,4,9,12,6	7,5,2,3,14,9,5,5,11,5	133	75
681	27,40,36,32,25,30,32,22,30,50	0,0,0,0,0,0,0,0,1,0	42,43,27,29,28,34,33,48,45,43	0,0,0,0,0,0,2,0,1,0	104	75
682	87,91,73,61,88,68,83,77,77,87	0,0,0,0,1,0,0,1,0,0	94,85,83,75,74,96,84,91,98,94	0,1,0,1,0,0,1,0,0,1	680	75
683	162,172,120,131,156,144,156,132,142,162	1,2,3,0,0,0,0,0,1,1	168,155,126,156,154,152,171,151,142,110	1,1,2,0,0,0,0,0,0,1	109	75
684	0,1,0,0,1,0,0,0,2,0	0,0,1,0,0,0,0,0,0,0	0,1,2,0,1,0,0,2,2,0	0,0,1,0,0,0,1,0,1,2	97	75
685	0,1,0,0,1,0,0,0,2,1	87,80,90,87,75,89,105,106,97,96	0,1,2,0,1,0,0,2,2,0	80,80,85,91,94,82,81,84,77,71	97	75
686	3,2,2,0,2,1,3,4,2,4	12,7,8,6,4,8,8,3,6,7	0,0,1,0,3,3,5,1,1,1	6,4,7,12,1,10,9,10,7,15	80	75
687	175,178,152,154,165,212,161,180,182,166	13,7,4,6,7,10,15,9,9,5	186,162,137,181,182,148,172,171,171,155	3,5,9,9,5,8,16,9,9,9	125	75
690	127,122,127,128,115,129,139,141,115,115	223,235,209,224,211,243,215,197,220,189	125,118,105,146,119,123,119,144,140,134	213,243,190,237,206,237,223,228,215,187	87	75
691	62,58,65,68,50,66,66,65,68,62	11,20,15,17,15,16,16,10,16,6	52,74,67,73,59,75,76,67,60,75	18,28,21,21,14,13,16,18,14,20	78	75
692	287,274,251,205,289,277,273,260,238,224	108,90,83,104,107,97,81,77,90,95	286,278,236,239,248,278,261,241,247,257	106,93,81,98,95,89,95,88,95,101	78	75
693	3,2,1,2,3,1,2,0,2,2	8,10,14,7,17,20,13,4,10,13	3,2,0,1,0,0,1,1,1,2	8,11,9,18,10,15,12,10,8,8	360	75
695	4,3,5,4,5,4,3,0,0,3	5,4,3,7,5,4,4,6,2,4	2,5,4,3,4,3,5,4,9,4	6,1,6,1,7,4,0,6,7,10	78	75
696	6,8,8,7,9,10,9,9,2,8	0,0,0,0,0,0,1,0,0,0	14,10,10,12,6,14,10,15,17,11	0,0,0,0,0,0,0,1,0,0	116	75
697	7,9,6,10,9,10,10,15,4,9	0,0,0,0,0,0,1,0,0,0	18,6,12,10,9,15,5,17,15,17	0,0,0,0,0,0,0,1,0,0	113	75
698	0,0,1,0,1,0,0,0,0,0	8,8,15,14,9,7,9,8,7,11	0,0,0,0,0,3,0,0,2,2	12,6,8,11,10,8,10,15,7,19	84	75
699	14,5,12,8,12,8,9,11,11,6	0,1,0,0,0,0,0,1,1,0	8,9,6,6,9,6,6,15,10,7	0,0,0,0,0,0,0,1,0,0	166	75
700	56,61,49,62,70,69,69,52,57,60	4,0,2,1,2,2,3,1,1,0	65,72,48,65,48,78,85,53,68,43	1,1,0,5,1,6,2,3,1,3	80	75
702	668,660,503,507,597,592,587,610,438,533	139,149,89,87,116,132,119,113,85,112	646,527,476,577,420,564,500,531,592,513	112,107,101,100,115,131,111,115,92,104	111	75
703	57,73,74,69,72,67,69,56,54,122	7,0,3,3,3,1,2,0,2,4	82,73,56,68,68,66,55,86,78,76	3,4,3,0,3,0,1,3,6,4	83	75
704	0,1,2,4,1,0,1,4,0,5	3,2,7,6,0,1,4,2,1,4	1,2,3,2,1,4,5,1,2,1	3,5,5,1,3,4,5,2,3,4	141	75
705	3,2,3,0,2,2,1,0,0,1	0,0,0,0,0,0,0,0,0,3	2,0,2,3,2,0,3,1,1,2	0,1,0,0,0,1,1,0,1,0	119	75
706	13,9,6,7,11,11,6,7,4,4	0,0,0,1,0,0,0,0,0,0	13,13,11,8,5,6,7,5,9,8	0,0,0,0,0,0,0,0,0,0	238	75
707	48,41,42,31,30,39,24,38,40,39	0,0,0,1,0,0,1,0,0,0	33,35,28,39,31,25,26,55,46,49	0,1,0,0,0,0,0,0,1,0	132	75
708	212,196,193,188,167,210,203,194,148,210	42,25,27,42,32,36,45,50,27,31	199,181,178,211,195,236,188,183,189,160	39,32,26,38,30,31,34,36,33,22	78	75
709	14,17,16,20,28,23,17,15,22,21	1,3,4,1,4,2,4,1,1,1	24,20,17,15,21,19,24,27,32,23	1,0,0,1,0,3,1,4,0,1	93	75
710	14,12,4,8,10,3,14,9,14,5	1,3,5,5,0,3,4,2,3,1	9,4,5,8,7,16,4,8,4,7	0,0,0,3,4,7,7,0,2,0	117	75
711	6,17,7,8,6,4,8,7,10,11	5,15,14,12,9,14,11,16,16,14	9,13,5,7,8,7,5,7,1,5	17,5,11,11,11,8,8,14,18,13	78	75
712	1,2,2,0,3,5,3,1,3,0	4,2,0,3,2,4,5,3,1,1	2,3,1,2,2,2,5,2,2,5	4,1,2,0,5,3,2,4,0,2	78	75
713	5,7,8,1,3,3,4,4,6,2	0,0,2,2,0,0,3,4,1,1	7,3,3,4,3,16,4,0,1,8	0,0,1,2,1,3,2,0,0,3	78	75
714	2,1,0,0,0,0,0,1,0,1	0,0,0,2,0,0,0,0,0,2	3,2,0,0,0,0,0,0,0,2	0,0,0,0,0,0,0,1,0,0	78	75
717	5,2,8,4,7,2,6,2,5,9	0,0,2,2,1,0,1,1,0,0	3,5,10,3,1,5,6,1,5,0	1,2,1,0,0,0,1,0,0,0	120	75
718	21,31,18,23,33,33,35,23,12,35	130,126,121,110,135,130,105,117,118,138	25,23,26,30,21,28,27,42,39,36	134,129,96,92,98,117,126,144,158,152	78	75
719	80,101,69,73,93,100,67,88,85,97	0,2,2,0,0,0,2,2,1,1	101,86,71,95,87,102,105,104,91,88	0,0,0,0,0,2,0,0,1,2	111	75
720	139,131,131,143,143,138,120,144,112,121	4,6,2,1,3,3,6,1,1,6	137,120,123,131,114,137,141,136,138,122	5,5,3,2,4,3,3,4,3,1	125	75
721	52,64,54,33,50,42,58,58,41,47	2,0,1,1,0,5,2,0,3,1	42,47,41,48,38,53,51,70,58,52	1,1,2,0,2,2,0,1,1,1	79	75
722	33,23,13,32,25,23,32,23,34,29	0,0,0,0,1,0,0,0,0,0	33,29,33,34,25,30,32,22,43,23	0,0,0,0,0,0,0,0,0,0	258	75
723	42,33,32,40,37,36,60,46,45,52	0,0,0,0,0,0,0,1,0,0	62,38,34,42,47,47,40,60,59,56	0,0,0,0,0,0,0,0,0,0	633	75
724	44,33,33,18,39,33,45,37,25,37	0,0,0,2,0,1,2,2,1,1	34,26,35,36,32,43,45,46,48,42	0,0,0,2,0,2,3,1,1,2	127	75
725	4,6,4,5,2,3,1,9,9,2	0,0,0,0,0,0,0,0,0,0	0,5,2,2,3,3,5,4,3,6	0,0,0,0,0,0,0,0,1,0	105	75
727	2,3,6,4,4,1,1,1,5,3	0,5,0,3,0,3,2,1,0,2	4,5,2,3,4,3,1,3,7,0	4,5,2,0,5,2,2,2,0,0	78	75
728	0,0,0,0,0,0,1,0,0,0	0,3,2,3,1,3,1,2,2,2	0,0,0,0,0,0,0,0,0,0	2,2,1,5,4,3,1,4,0,4	177	75
729	0,0,0,0,0,0,0,0,0,0	40,32,25,15,21,27,48,30,14,29	0,1,0,0,1,0,0,0,0,0	32,19,32,34,13,52,20,12,13,13	87	75
731	8,9,10,6,8,4,4,5,5,6	218,207,260,249,237,234,236,230,190,205	5,5,6,4,3,7,7,8,5,5	198,243,210,211,206,223,250,301,270,254	142	75
733	78,68,52,55,69,48,89,83,60,69	0,1,0,1,0,0,1,2,0,1	88,74,68,72,76,56,72,80,83,64	0,2,2,0,1,0,0,0,1,0	127	75
734	99,105,95,76,68,58,91,97,91,80	14,8,12,17,12,13,13,11,13,11	109,96,117,95,93,88,92,98,85,80	12,12,10,11,15,10,6,10,13,11	114	75
735	17,13,17,21,20,23,14,22,21,22	52,37,50,26,42,57,49,34,50,41	17,16,17,23,15,22,21,21,25,21	38,46,31,41,37,59,38,58,32,45	156	75
736	33,29,34,35,33,44,43,40,31,40	0,1,0,0,0,0,0,1,2,0	43,34,39,46,33,38,41,51,55,41	0,0,1,0,0,0,0,0,0,0	196	75
737	68,53,67,40,55,78,78,52,60,59	0,1,0,0,0,0,0,1,2,0	64,64,53,64,55,75,58,88,62,65	0,0,1,0,0,0,0,0,0,0	115	75
738	32,45,41,45,38,55,41,50,43,46	34,26,24,24,39,57,41,39,43,46	49,26,38,32,38,32,37,51,43,36	46,29,30,35,48,30,43,41,35,27	81	75
739	0,0,0,0,0,0,0,0,0,0	2,1,1,3,3,0,0,3,1,0	0,0,0,0,0,0,1,0,0,0	3,0,1,0,0,2,2,2,1,2	87	75
740	2,0,5,2,5,1,3,1,1,3	1,0,0,0,0,0,0,1,0,0	4,1,0,4,0,2,3,3,3,3	0,0,0,1,2,0,1,0,0,1	78	75
741	4,15,13,8,13,10,15,12,10,8	3,1,0,1,1,1,1,0,1,4	8,9,15,19,11,8,10,9,10,10	1,0,1,1,0,2,1,0,0,0	80	75
742	30,32,20,28,30,26,24,32,26,27	3,3,1,6,5,0,4,3,1,4	26,22,12,21,29,39,15,26,28,40	3,2,3,6,1,0,2,2,5,2	83	75
743	6,5,4,4,6,7,7,2,5,7	0,0,1,0,0,0,0,0,0,0	3,1,5,5,5,12,3,3,4,9	0,0,0,0,0,0,0,0,0,0	83	75
744	62,50,61,58,67,66,63,60,42,62	1,1,1,1,0,1,0,0,0,0	62,72,36,65,60,65,84,53,52,53	1,4,0,0,4,2,1,1,0,0	79	75
745	3,1,2,2,0,5,2,2,4,3	5,9,6,3,8,4,15,12,1,10	1,4,4,0,0,9,5,0,1,3	17,14,6,10,7,6,7,3,11,16	1062	75
746	0,0,0,0,0,1,0,1,0,0	5,7,6,7,10,15,13,7,11,10	0,0,0,0,0,0,0,0,0,0	10,7,11,9,19,12,5,14,17,9	102	75
747	1,3,1,2,2,0,1,1,1,0	151,163,107,134,149,155,153,139,135,157	0,0,3,2,1,0,1,0,1,1	145,165,124,140,119,155,136,140,158,176	112	75
748	2,4,0,0,1,5,0,0,1,2	140,131,126,114,152,85,121,121,126,145	0,0,0,1,2,0,2,3,3,4	128,139,111,106,169,120,157,141,144,128	90	75
749	230,247,209,175,223,224,239,230,218,217	4,0,1,0,3,2,6,1,0,2	239,229,227,243,204,224,233,241,295,272	3,2,0,2,2,3,2,2,1,4	79	75
751	32,56,32,47,29,46,50,49,39,43	0,0,0,0,0,0,0,0,0,0	38,48,30,69,42,32,55,33,53,53	0,1,0,0,0,0,0,0,0,0	78	75
752	3,3,1,1,3,4,2,4,1,9	1,0,0,0,0,0,0,2,0,0	1,2,1,1,3,2,3,1,3,2	0,0,0,0,0,0,0,0,0,0	78	75
754	4,12,5,6,2,3,7,5,3,11	1,0,0,0,1,2,2,0,1,0	2,6,1,7,3,7,5,5,6,8	1,0,2,2,2,1,0,2,3,2	80	75
755	14,9,21,19,15,23,16,16,15,16	0,0,0,0,0,0,0,0,0,0	15,22,11,20,29,17,24,31,19,24	0,0,0,0,0,0,0,0,1,0	286	75
756	50,33,37,26,46,55,39,48,24,42	1,0,0,0,0,0,0,0,0,0	34,34,32,36,43,48,39,48,45,47	0,0,0,0,0,0,0,0,0,0	282	75
757	146,108,127,102,129,150,100,127,95,125	1,0,0,0,0,0,0,0,0,0	134,111,123,113,107,126,106,134,138,123	0,0,0,0,0,0,0,0,0,0	505	75
758	96,76,90,76,83,95,61,79,71,83	0,1,0,0,0,0,0,0,0,0	100,77,91,77,64,78,67,86,93,76	0,0,0,0,0,0,0,0,0,0	298	75
759	7,12,7,9,7,8,10,5,6,9	2,4,0,0,1,1,0,0,0,0	6,6,4,9,8,2,3,15,9,4	1,0,0,0,2,4,1,0,1,5	93	75
760	48,51,50,48,55,67,43,46,43,46	2,4,0,0,1,1,0,0,0,0	51,46,53,47,32,46,31,57,49,37	1,0,0,0,2,4,1,0,1,5	103	75
761	42,45,45,41,49,61,35,43,37,41	1,6,2,2,1,2,2,2,0,4	46,42,49,40,28,45,28,44,43,34	1,2,0,2,4,1,0,2,3,1	85	75
762	39,21,30,22,33,36,31,32,23,33	4,9,3,9,10,6,5,8,6,5	37,29,22,29,26,28,32,28,33,38	6,5,4,4,4,5,8,7,7,5	80	75
763	1706,1520,1499,1444,1415,1451,1571,1422,1467,1584	0,0,0,0,0,0,0,1,0,0	1637,1530,1433,1512,1629,1591,1555,1534,1697,1514	0,0,0,0,0,0,0,0,0,0	398	75
765	0,0,0,0,0,0,0,0,0,0	0,0,0,0,0,1,1,1,0,4	0,0,0,0,0,0,0,1,0,0	1,1,0,2,2,0,0,3,3,1	78	75
766	49,56,43,43,34,50,46,26,25,31	0,0,2,0,1,0,0,3,0,0	47,58,43,28,40,44,30,49,51,39	2,0,3,1,0,0,3,2,0,2	78	75
767	1,0,4,2,4,4,1,4,1,6	0,0,0,0,0,0,0,0,0,0	7,4,2,3,2,2,5,1,1,2	0,0,0,1,0,0,0,0,0,0	78	75
768	1,1,13,4,5,4,3,6,3,8	0,1,0,0,0,0,0,0,0,0	9,5,4,5,2,2,7,2,1,6	0,1,1,1,0,0,0,0,0,0	78	75
770	1,3,1,4,3,3,5,7,3,1	0,0,1,1,0,0,1,0,0,1	10,1,4,3,6,7,4,10,4,7	0,0,0,1,1,0,2,0,0,0	155	75
771	73,84,92,80,81,78,81,95,90,78	1,3,1,0,1,0,2,0,1,4	99,90,93,72,75,92,83,121,100,80	0,0,1,3,1,1,2,0,0,2	146	75
772	167,164,170,186,198,199,181,184,190,195	10,14,6,8,14,7,10,8,3,13	208,209,196,190,173,195,186,248,199,186	15,6,10,1,10,12,9,10,14,13	146	75
774	6,5,6,7,7,3,14,1,6,8	44,46,48,52,49,47,48,37,32,33	9,6,10,7,6,2,6,10,6,3	40,40,39,34,39,27,28,34,42,31	112	75
775	18,21,6,10,9,6,17,15,9,14	21,22,21,16,12,15,19,21,18,19	19,18,21,12,19,10,17,12,11,10	19,13,23,18,23,17,20,26,21,15	78	75
776	17,28,27,24,32,28,38,29,21,22	1,1,1,1,2,0,2,1,1,1	20,33,25,27,23,28,21,24,32,21	1,2,2,2,2,3,2,0,1,1	80	75
777	117,150,161,133,175,180,132,151,163,120	0,0,0,0,0,2,0,0,0,0	110,184,107,151,141,108,169,190,182,163	0,2,0,0,1,0,1,2,3,1	135	75
778	0,0,2,0,2,0,0,0,1,1	47,87,92,58,119,88,70,63,67,51	0,1,0,0,0,0,2,0,0,0	54,87,45,51,68,47,95,86,95,78	138	75
782	48,39,40,37,34,42,53,42,35,31	0,1,0,0,0,0,0,0,0,0	41,50,40,41,30,42,56,38,47,32	0,1,2,0,2,0,0,0,0,0	118	75
784	24,33,17,28,22,27,22,19,14,33	0,0,0,0,0,0,0,0,0,0	32,29,29,15,23,20,31,36,32,13	0,0,0,0,0,1,0,0,0,0	127	75
785	107,106,69,88,102,93,92,102,87,89	1,2,0,7,0,1,2,3,0,2	98,90,70,93,83,83,83,77,77,113	1,2,1,2,4,1,3,0,4,1	1815	75
786	8,8,10,3,3,2,9,9,7,6	20,11,9,9,11,15,10,12,7,8	2,5,5,5,2,5,9,2,5,5	11,11,10,15,13,13,15,8,17,12	78	75
787	85,68,64,56,62,55,66,74,68,78	0,0,0,0,0,0,1,0,0,0	66,77,58,63,65,57,68,80,91,62	0,0,0,0,0,0,0,0,0,0	2754	75
788	0,0,0,0,0,0,0,0,0,0	17,25,12,12,22,14,16,16,15,20	0,0,0,0,0,0,0,0,1,0	20,24,17,12,13,18,18,18,33,17	87	75
792	143,146,133,101,157,140,143,103,114,127	2,0,0,0,1,0,1,0,3,0	133,162,138,128,120,161,133,141,190,181	2,0,1,1,0,0,0,0,2,0	79	75
793	15,9,16,9,7,14,5,11,8,9	1,0,0,0,0,0,0,0,0,0	10,4,7,19,8,17,12,11,9,10	1,0,0,0,0,0,0,0,0,1	120	75
794	58,68,89,64,76,59,57,73,81,67	3,3,5,7,2,7,5,4,6,3	96,73,57,74,78,51,73,62,70,54	5,8,5,3,3,6,6,16,7,6	2288	75
795	17,10,11,11,6,6,12,5,13,11	48,53,35,41,39,48,55,51,48,45	12,15,8,10,7,14,12,17,12,7	35,36,41,35,32,36,31,35,54,41	93	75
800	47,63,72,72,115,110,63,83,69,66	5,4,4,3,2,1,5,4,5,1	48,74,63,62,60,43,64,114,108,104	4,2,2,4,7,1,7,8,11,7	184	75
802	0,0,0,0,0,0,0,0,0,0	0,2,0,0,3,3,0,1,1,2	0,0,0,0,0,0,0,0,0,1	1,3,1,0,0,1,1,2,3,0	105	75
803	1,5,3,1,3,2,4,0,1,1	1,0,1,2,1,3,2,3,1,0	0,2,5,1,3,0,2,5,2,1	3,3,1,2,1,1,0,0,1,1	82	75
804	4,2,1,1,2,4,6,1,1,3	52,32,46,25,35,37,49,35,32,38	3,4,4,5,2,1,3,2,5,0	36,34,40,39,34,33,33,46,47,43	119	75
805	16,23,13,17,18,29,21,25,29,19	3,0,0,2,1,0,0,3,0,1	26,19,14,26,26,26,26,25,21,30	0,0,1,0,0,0,0,0,1,3	98	75
807	87,86,76,83,70,41,79,66,74,91	2,2,1,5,1,0,5,3,0,1	87,83,66,88,94,86,72,67,68,47	6,7,1,4,3,1,5,0,2,1	224	75
808	113,145,131,102,112,125,120,99,98,120	1,2,3,6,1,4,4,0,0,0	125,124,88,118,119,127,126,107,111,66	3,1,3,1,1,4,2,0,5,4	210	75
809	60,51,52,45,55,58,53,44,57,52	2,0,0,1,0,0,1,0,0,0	48,55,50,56,47,50,44,60,49,50	0,0,0,0,0,0,0,0,0,0	78	75
810	1,1,0,0,0,0,0,0,0,0	1,2,2,2,1,1,0,1,2,1	0,0,0,0,0,0,0,0,0,0	0,1,0,1,0,1,2,2,1,0	87	75
812	4,2,0,1,1,5,2,3,3,3	14,9,9,7,12,14,9,14,8,15	2,2,8,0,0,5,3,1,3,1	16,10,16,8,9,12,11,17,14,6	574	75
813	19,6,9,8,8,9,8,18,7,12	1,5,0,0,2,1,1,2,3,1	10,10,11,9,18,12,11,6,13,11	2,1,2,3,1,1,1,3,1,2	281	75
814	23,6,12,11,8,12,12,23,13,14	0,0,1,3,3,3,2,3,2,3	12,14,14,14,25,12,14,7,16,12	1,4,0,2,4,2,4,0,0,0	317	75
815	5,5,3,3,2,4,5,7,9,3	0,0,1,3,3,3,2,3,2,3	4,5,5,8,8,1,4,4,4,3	1,4,0,2,4,2,4,0,0,0	111	75
816	12,9,10,17,12,4,14,6,6,9	0,0,0,0,0,0,0,0,0,0	7,9,11,15,9,10,13,9,19,10	0,0,0,0,0,0,2,0,0,0	915	75
817	28,26,17,19,17,18,18,14,18,28	0,1,0,2,0,0,1,1,0,0	17,20,11,15,20,12,13,22,27,18	1,1,0,0,1,0,1,1,0,0	81	75
818	0,0,0,0,0,0,0,0,0,0	42,28,39,20,34,22,31,31,39,37	0,0,1,0,0,0,0,0,0,0	31,34,22,31,32,29,33,53,34,36	89	75
819	84,90,70,75,84,67,89,99,99,76	7,6,5,3,5,7,5,0,4,4	76,99,80,93,104,101,91,85,83,55	4,6,6,8,4,3,9,4,9,5	207	75
820	135,147,106,123,120,117,142,144,144,127	10,21,10,16,23,17,20,26,27,13	145,141,139,145,155,147,157,150,152,112	21,20,20,19,18,14,13,14,21,19	207	75
821	83,88,68,74,85,65,87,94,96,73	42,38,35,36,47,44,33,44,38,36	75,96,77,94,100,94,86,84,79,53	31,50,38,49,33,29,43,40,49,43	207	75
822	72,46,56,61,51,71,57,45,42,55	0,0,0,0,0,0,0,0,1,0	57,55,47,47,56,43,59,66,61,63	0,0,0,0,0,0,0,0,0,0	338	75
823	12,14,10,17,9,22,14,18,15,16	3,4,1,3,5,1,0,1,0,1	13,13,14,18,12,20,10,10,21,17	8,2,1,2,5,3,2,4,3,1	78	75
825	0,0,2,0,0,0,0,0,0,0	33,30,20,29,31,34,37,35,22,38	0,0,0,1,0,2,0,0,2,0	26,33,17,33,29,29,31,40,26,28	93	75
826	0,1,3,5,1,1,2,6,1,2	1,0,0,1,2,0,1,0,1,3	1,0,1,3,1,2,2,2,4,2	0,0,0,0,0,0,0,0,4,1	95	75
827	128,146,125,153,144,122,154,157,135,167	0,0,0,0,0,0,0,0,0,0	164,145,122,129,141,134,158,146,167,157	0,0,0,0,0,0,0,1,0,0	482	75
829	29,23,25,21,15,29,26,24,30,26	18,4,9,5,13,5,8,14,10,11	33,26,22,31,33,30,31,28,35,25	7,8,7,7,14,5,11,7,9,4	84	75
830	3,2,1,0,6,4,2,0,5,3	24,28,21,37,28,22,46,33,37,21	2,5,3,2,4,0,2,8,2,2	24,28,32,28,43,39,36,35,24,28	90	75
832	52,55,46,48,51,41,49,37,34,52	0,0,0,0,0,0,0,1,0,0	31,52,45,67,41,40,61,54,58,34	0,0,0,0,0,0,0,0,0,0	267	75
833	78,65,67,47,76,51,63,64,64,84	212,214,170,153,170,203,223,190,176,213	78,58,73,70,71,77,53,71,67,48	197,184,174,191,204,184,216,210,204,174	78	75
834	245,221,232,159,192,169,241,229,191,230	1,0,0,0,0,0,0,0,1,0	231,199,210,215,221,224,202,188,228,155	0,0,0,0,0,0,0,0,2,0	79	75
835	14,9,8,13,7,6,13,14,13,12	0,0,1,0,0,0,0,0,0,0	7,10,6,19,15,18,11,10,10,11	0,2,1,1,1,1,2,1,3,2	78	75
836	20,32,24,19,18,21,32,26,28,25	0,0,1,1,1,0,0,0,0,2	22,37,20,25,23,30,27,20,18,20	0,0,0,1,0,1,1,0,0,1	78	75
844	107,120,105,110,127,122,113,122,86,94	9,6,9,7,8,8,2,8,3,11	114,138,108,113,105,108,118,125,147,117	10,4,4,3,2,9,7,7,9,8	201	75
845	0,0,1,0,0,0,0,0,0,0	0,0,0,1,2,1,0,4,1,2	0,0,0,0,0,0,0,1,0,0	0,1,1,0,0,0,0,4,2,0	199	75
846	22,36,14,15,24,24,31,24,16,17	1,1,0,1,0,1,0,1,1,2	20,32,25,17,20,33,14,13,29,19	0,1,1,0,0,1,0,3,2,0	80	75
847	3,3,3,3,5,6,9,8,6,2	3,0,3,2,2,3,1,1,2,4	7,7,7,5,10,10,1,7,9,7	1,3,5,5,0,3,5,1,3,1	123	75
848	4,5,4,2,7,6,8,9,6,6	3,0,3,2,2,3,1,1,2,4	8,9,6,6,12,6,1,7,9,9	1,3,5,5,0,3,5,1,3,1	173	75
849	8,9,8,4,16,11,18,13,10,17	3,0,3,2,2,3,1,1,2,4	15,15,10,11,15,11,8,19,14,14	1,3,5,5,0,3,5,1,3,1	537	75
850	1,2,2,1,2,1,2,2,1,4	0,0,1,2,0,1,3,1,1,0	2,2,1,2,2,1,1,2,0,3	1,0,2,1,0,5,1,2,0,1	125	75
851	5,6,6,3,11,6,12,6,5,15	0,0,1,2,0,1,3,1,1,0	9,8,5,7,5,6,8,14,5,8	1,0,2,1,0,5,1,2,0,1	489	75
852	4,4,5,2,10,5,10,4,5,12	0,0,1,0,1,0,0,0,1,1	8,6,4,5,4,6,7,12,5,7	1,0,0,0,1,1,0,0,0,2	439	75
853	8,9,9,4,12,9,15,12,8,17	0,1,0,0,0,0,0,0,1,0	14,15,10,11,14,11,6,18,13,14	0,0,1,0,0,0,0,0,0,0	537	75
854	6,7,4,7,13,5,8,6,4,9	0,1,0,0,0,0,0,0,0,0	16,5,7,9,7,15,7,9,7,3	1,1,0,0,0,0,0,0,0,0	80	75
855	32,25,24,25,22,24,27,24,11,22	18,14,12,21,20,12,26,17,23,10	22,24,29,29,18,23,22,18,25,26	20,23,16,22,23,14,13,24,23,7	78	75
856	6,16,10,14,11,14,12,9,14,6	0,0,0,0,0,0,0,0,0,0	11,10,6,14,20,20,14,13,9,13	1,0,0,0,1,0,0,0,0,0	80	75
858	0,0,0,1,0,1,0,1,1,0	48,44,39,37,41,38,48,49,26,31	0,0,1,0,0,0,0,2,0,0	41,36,44,39,30,40,34,31,51,45	78	75
859	0,1,0,0,1,0,2,1,0,1	0,1,0,0,0,0,0,0,0,0	1,1,1,0,0,0,0,1,0,0	0,0,0,0,0,0,1,0,1,0	108	75
860	0,0,0,0,1,2,0,1,0,0	11,11,14,12,12,18,19,16,9,21	0,0,0,0,0,0,0,2,0,1	23,12,19,19,12,13,18,23,21,16	117	75
861	44,33,28,24,35,27,36,28,16,38	0,0,0,1,0,0,0,0,1,2	33,34,31,38,27,27,36,49,29,44	2,0,2,0,1,1,2,1,0,3	171	75
862	37,28,22,21,31,20,30,25,15,33	0,0,0,1,0,0,0,0,1,2	26,27,27,36,24,25,26,48,27,43	2,0,2,0,1,1,2,1,0,3	196	75
863	3,2,1,2,5,0,2,2,2,3	10,7,7,5,9,7,8,5,3,8	4,3,3,6,0,3,0,4,3,3	11,10,7,8,3,5,10,5,5,4	100	75
864	1,0,2,0,6,5,3,3,2,4	178,186,230,171,262,200,158,160,185,157	0,3,1,1,1,1,3,2,5,1	170,167,186,165,216,172,212,214,239,250	89	75
865	0,0,1,1,0,0,0,3,5,4	36,36,34,30,31,38,51,46,33,57	0,2,0,1,0,0,0,2,2,0	36,42,30,42,47,40,38,34,47,45	92	75
866	0,0,3,2,1,4,1,2,0,1	47,44,44,52,46,38,57,39,42,48	1,1,2,0,2,1,1,2,4,2	47,46,50,49,45,37,73,53,77,37	123	75
868	2,2,1,0,2,0,3,2,2,0	20,17,24,8,20,19,19,15,20,13	5,2,1,2,4,2,3,2,1,1	18,19,16,19,13,13,23,21,15,29	202	75
869	389,346,275,286,302,300,330,326,309,255	8,7,7,7,4,10,5,5,3,9	282,316,230,379,248,377,317,235,256,213	13,7,6,9,4,5,10,13,4,5	78	75
870	34,20,33,22,39,34,37,32,39,27	1,2,0,1,1,1,0,3,1,0	30,32,32,28,37,38,26,24,31,26	0,0,0,1,0,1,3,1,0,0	78	75
871	16,18,13,12,16,21,13,27,30,22	10,9,4,12,16,7,9,12,8,16	17,16,18,24,20,11,21,22,19,16	7,16,9,14,13,7,7,9,14,7	78	75
873	69,71,111,96,133,119,75,72,80,92	1740,2062,2511,2141,2777,2426,1935,1874,2064,2100	84,117,75,70,78,68,86,178,150,169	2037,2437,1986,2139,2148,1708,2316,3624,3506,3544	141	75
874	12,7,11,6,11,6,11,5,5,12	0,0,1,0,0,0,0,0,0,0	9,8,9,6,5,10,10,12,10,10	0,0,0,0,0,0,0,0,1,0	116	75
875	59,38,72,42,64,52,53,57,34,76	53,69,45,48,52,62,50,69,44,56	53,49,46,54,57,64,62,54,56,59	52,47,54,55,50,45,59,57,51,64	108	75
876	59,38,72,42,64,52,53,57,34,76	16,13,8,14,12,16,16,15,15,13	53,49,46,54,57,64,62,54,56,59	13,18,13,15,18,15,19,24,17,17	111	75
877	53,69,45,48,52,62,50,69,44,56	16,13,8,14,12,16,16,15,15,13	52,47,54,55,50,45,59,57,51,64	13,18,13,15,18,15,19,24,17,17	78	75
878	2,3,2,0,2,0,3,2,0,2	0,1,0,0,1,0,0,0,1,0	1,0,1,1,3,1,3,0,3,1	0,1,0,0,0,0,0,0,0,0	78	75
879	34,20,14,16,23,24,27,20,12,26	3,0,0,0,1,0,0,0,0,0	23,17,16,7,27,23,19,25,28,22	0,1,1,0,0,0,0,0,0,0	282	75
880	0,0,0,0,0,0,1,0,0,0	1,0,1,0,0,0,0,1,0,0	0,0,0,0,0,0,0,0,0,0	0,0,0,1,1,2,0,2,0,0	115	75
881	93,81,57,68,86,98,75,78,71,53	3,0,0,0,1,0,0,0,2,3	78,86,102,77,73,70,81,66,89,73	0,1,1,0,0,1,2,1,1,0	360	75
882	123,106,85,90,105,126,101,103,105,77	3,0,0,0,1,0,0,0,2,3	102,106,130,101,106,87,102,87,116,94	0,1,1,0,0,1,2,1,1,0	435	75
883	37,28,32,26,30,36,35,33,40,28	6,2,3,4,10,5,5,7,4,2	28,30,34,32,39,23,27,24,35,24	4,8,5,7,5,4,6,3,5,3	150	75
885	1,1,3,0,2,0,0,4,1,1	21,17,10,16,15,26,14,14,15,14	1,3,1,2,0,2,0,1,1,1	16,14,12,15,11,15,7,19,25,21	125	75
886	45,29,29,31,48,35,29,28,9,39	2,2,5,5,6,4,3,2,1,3	42,20,21,26,26,27,30,27,29,49	3,4,4,6,2,3,2,6,6,4	103	75
887	43,38,43,33,30,48,40,26,40,55	0,0,0,0,1,0,0,0,0,1	34,54,32,26,32,45,50,44,43,45	0,0,0,0,0,0,0,0,0,0	111	75
888	6,2,9,6,6,2,5,4,6,12	12,9,10,13,14,6,9,11,11,9	1,5,6,4,5,1,9,2,10,6	9,9,8,6,5,3,7,10,20,19	109	75
890	66,78,76,83,87,88,74,91,63,71	118,98,105,90,95,90,106,86,69,141	99,78,62,68,84,66,75,88,84,76	122,94,108,102,98,84,97,119,120,109	166	75
892	10,14,15,16,16,15,17,16,12,11	1,4,5,2,2,4,2,4,5,3	16,16,19,11,13,16,19,9,13,15	3,1,4,2,2,6,4,4,3,5	78	75
893	0,0,0,1,0,0,0,0,0,0	0,0,0,0,0,0,0,0,0,0	0,0,1,0,1,0,0,0,0,0	0,0,0,0,0,0,0,2,0,0	78	75
894	105,91,61,72,69,90,102,94,71,85	6,5,3,10,7,6,6,1,7,9	88,140,70,98,72,104,92,92,75,76	4,7,5,11,1,14,5,6,4,3	78	75
895	71,71,53,51,62,67,59,51,59,57	0,0,0,0,1,0,0,0,0,0	46,50,77,52,67,65,62,68,55,58	0,0,0,0,0,0,0,0,0,0	137	75
896	125,98,98,92,121,113,125,106,126,146	0,1,0,0,0,0,0,1,0,1	120,126,82,96,118,141,122,117,125,120	0,0,0,0,0,0,0,3,0,0	281	75
897	120,93,94,85,117,105,121,103,121,142	0,0,1,0,0,0,0,0,0,0	116,120,78,92,113,135,117,114,121,110	0,0,0,0,0,0,0,0,0,0	281	75
898	2,3,1,0,2,1,1,0,1,0	73,77,66,50,55,64,73,45,67,57	0,0,0,1,0,0,1,0,1,0	71,59,60,68,68,55,70,69,62,61	120	75
900	78,58,58,54,43,47,66,58,59,63	0,0,1,0,0,0,1,0,0,0	69,62,47,43,54,72,58,62,70,50	0,0,0,0,0,0,0,0,0,0	108	75
904	28,44,23,16,36,33,29,24,21,28	0,0,1,0,0,0,1,0,1,0	32,26,25,35,22,15,30,30,30,31	0,2,0,0,1,1,0,0,1,0	134	75
905	14,23,12,11,11,8,19,8,11,15	5,9,7,4,8,5,9,12,5,4	17,18,11,18,9,9,8,14,12,15	10,6,8,10,7,10,4,5,10,1	78	75
906	24,16,14,11,27,22,26,20,17,20	1,0,0,0,1,0,1,0,1,0	15,16,23,15,26,22,30,22,20,18	0,0,0,0,0,0,0,0,0,2	242	75
907	28,24,26,23,19,37,32,18,20,21	2,2,2,3,4,3,3,2,4,5	20,20,16,40,31,29,21,35,31,28	3,3,2,2,5,4,4,7,3,7	97	75
909	3363,3168,2673,2903,2693,2671,3097,2890,2704,3231	0,0,0,0,0,0,0,0,0,0	3237,2837,2702,2794,2766,2850,2730,2800,3111,2749	0,0,0,0,0,0,0,1,0,0	811	75
910	1165,1108,877,1062,978,1006,1076,1047,980,1038	6,1,4,2,0,3,1,1,0,1	1150,1009,933,936,952,1005,978,898,1003,867	2,0,4,2,5,3,0,4,1,4	338	75
911	1232,1191,1013,1080,1243,1092,1266,1147,963,1305	1,0,0,0,0,0,0,0,0,0	1303,1051,1062,1135,1094,1063,1101,1247,1200,1087	0,1,0,0,0,0,0,0,0,0	200	75
912	11,16,7,7,10,10,8,14,3,7	0,0,3,5,0,1,0,0,1,1	5,4,3,14,9,6,6,10,7,6	2,2,2,0,2,2,1,2,0,0	80	75
913	31,24,29,24,26,28,20,29,25,22	0,1,0,1,0,1,0,0,0,0	17,21,29,28,17,16,36,26,34,25	1,0,2,4,1,0,1,0,1,1	130	75
914	0,0,0,0,0,0,0,1,0,0	0,0,0,0,0,1,0,1,0,1	0,0,0,0,0,0,3,0,0,0	0,0,0,4,0,2,1,0,1,1	78	75
915	95,83,96,111,113,96,95,83,58,75	4,3,9,5,5,3,2,4,6,5	97,83,84,83,96,92,87,90,112,93	1,3,3,7,2,5,5,4,6,6	113	75
917	4,5,2,4,1,2,1,3,4,2	103,111,70,98,79,109,112,83,112,81	1,3,2,2,3,5,3,5,1,2	94,93,78,84,101,90,119,93,80,85	192	75
919	49,52,45,57,45,65,65,44,60,57	0,0,0,0,0,0,0,0,0,0	41,62,55,48,41,41,59,64,67,45	1,0,0,0,0,0,0,0,0,2	119	75
921	1,1,0,0,0,1,2,0,0,3	0,0,0,0,0,0,1,1,0,0	1,0,2,0,0,0,0,0,1,0	0,0,0,0,0,1,0,0,0,0	212	75
922	137,181,126,112,138,148,174,129,141,118	55,98,51,43,78,71,82,77,59,62	153,114,108,150,127,142,161,171,183,172	81,68,57,85,71,79,67,71,66,81	78	75
923	151,167,114,132,158,135,146,166,142,109	55,98,51,43,78,71,82,77,59,62	109,125,133,166,113,155,142,176,200,165	81,68,57,85,71,79,67,71,66,81	99	75
924	142,166,112,129,152,127,139,160,138,105	128,180,124,109,132,140,167,123,137,114	101,121,130,159,109,147,138,176,195,157	145,110,105,143,123,134,157,171,178,164	96	75
926	79,65,57,65,110,78,51,46,59,58	0,1,0,0,0,0,0,0,0,0	90,70,82,66,53,67,56,99,86,101	0,1,1,0,0,0,0,0,0,0	77	75
927	8,8,6,3,8,4,8,2,12,8	58,70,52,67,78,61,57,63,80,74	10,5,2,5,11,4,6,13,14,10	70,80,83,71,89,59,63,103,80,137	78	75
928	76,98,70,97,66,72,98,95,88,96	5,3,3,6,2,2,3,1,4,1	91,93,67,96,101,73,111,79,98,69	4,10,4,4,2,2,1,5,2,1	140	75
929	134,126,143,133,123,123,136,132,116,141	0,0,0,0,0,0,0,0,0,0	140,128,113,123,147,149,121,126,159,113	0,0,1,0,0,0,0,0,0,0	1550	75
930	101,97,96,100,80,77,105,78,96,98	0,0,0,0,0,0,0,0,0,0	98,106,111,113,77,101,111,118,124,120	0,0,0,0,0,0,0,0,2,0	123	75
931	220,188,149,143,194,174,187,184,186,216	12,3,2,5,6,3,4,4,3,9	197,189,160,178,165,184,204,179,213,182	2,1,4,2,7,2,1,6,6,0	324	75
932	168,185,139,159,138,153,152,162,130,215	0,0,0,1,0,0,0,0,0,0	136,132,125,135,162,140,162,174,181,174	0,0,0,0,0,0,0,0,0,2	144	75
933	8,6,5,5,6,1,8,5,4,4	31,25,24,25,17,21,8,21,19,17	5,4,5,5,4,6,3,8,7,12	23,20,14,17,16,9,19,29,25,28	103	75
934	2144,1866,1831,1886,1844,1709,2032,1892,1781,1988	0,0,0,0,0,0,1,0,0,3	1874,2032,1726,2017,1990,1749,1911,1908,2286,1897	0,0,0,0,1,0,0,0,0,0	4183	75
935	6,5,2,5,5,4,7,2,1,4	0,1,1,0,0,0,0,0,0,1	1,3,7,13,8,2,1,5,10,5	0,0,1,0,0,0,0,1,0,0	130	75
936	2,4,7,8,3,3,2,1,2,1	0,0,0,0,0,1,0,0,0,0	1,3,2,1,3,1,0,3,3,5	0,0,0,0,0,0,0,1,0,0	148	75
938	208,169,158,207,183,172,205,159,178,178	0,1,0,1,0,0,3,0,0,2	198,195,178,160,194,240,185,218,175,177	0,0,0,0,1,0,0,2,0,1	235	75
941	1,0,2,1,1,1,0,0,1,0	0,0,1,7,1,10,1,0,3,0	2,1,0,0,0,0,0,0,0,1	1,7,2,3,6,1,9,6,8,1	99	75
942	33,19,13,35,27,31,41,16,22,31	0,0,0,0,0,0,0,0,0,0	22,46,42,21,23,29,18,19,28,21	0,0,0,0,1,0,0,0,0,0	83	75
943	0,0,2,0,0,1,1,0,0,4	23,19,15,10,25,16,18,14,18,20	2,1,0,0,0,0,0,0,2,0	18,11,8,12,19,8,23,22,18,16	118	75
944	2,1,1,0,1,0,0,1,4,1	0,1,0,0,0,0,0,0,1,0	1,0,1,1,0,0,1,1,0,2	0,2,1,0,0,0,0,0,0,0	78	75
948	837,856,660,609,701,699,818,698,599,845	280,235,231,224,267,250,277,210,192,313	726,785,701,712,650,807,767,746,825,751	304,295,252,239,209,265,287,269,258,328	99	75
949	19,25,11,18,16,28,20,22,9,18	0,2,1,2,2,3,3,0,0,6	19,27,21,20,17,23,6,25,16,17	0,4,1,2,1,2,0,0,3,3	78	75
950	5,6,3,3,5,9,6,8,2,2	0,0,1,1,0,0,0,0,0,0	5,6,9,8,9,6,6,7,3,5	0,0,0,0,0,0,0,0,0,0	145	75
951	18,16,13,23,5,13,27,16,9,10	12,12,4,5,3,4,9,13,5,13	11,19,14,19,14,23,18,16,12,12	10,5,7,10,7,9,3,3,11,8	78	75
952	33,39,42,26,39,29,39,23,26,30	5,3,4,4,9,4,3,4,6,4	36,40,30,35,30,28,24,44,40,32	7,5,4,6,8,3,1,2,5,7	93	75
953	60,59,53,52,73,46,47,52,36,64	0,1,0,0,0,0,0,0,0,1	62,52,65,55,51,39,59,61,59,63	3,0,1,0,0,0,0,0,1,0	156	75
954	0,0,1,0,1,0,1,0,1,0	0,0,0,0,0,0,0,0,0,1	0,0,0,0,0,1,0,0,0,0	0,0,0,0,0,0,0,0,0,0	93	75
955	24,29,19,15,21,9,23,18,14,29	0,0,0,0,0,0,0,0,1,0	22,13,17,17,17,19,17,15,16,19	1,0,0,1,0,0,0,1,0,0	79	75
956	21,13,17,16,9,15,19,8,11,11	2,5,0,0,1,2,2,1,0,0	12,13,7,19,13,5,10,11,11,9	1,0,2,0,1,0,0,1,0,0	78	75
958	155,193,134,144,169,148,159,157,148,211	4,3,4,5,2,6,3,3,2,8	192,173,162,156,163,170,210,206,239,224	3,2,6,2,2,3,7,2,5,2	111	75
959	41,46,39,30,57,52,39,39,36,42	0,2,2,2,2,0,1,2,0,2	41,45,45,47,60,44,40,59,67,50	0,0,0,1,1,0,0,0,0,4	220	75
961	8,11,14,10,9,12,13,10,7,8	25,20,23,27,27,24,24,25,26,33	4,13,6,13,6,10,8,10,10,18	21,29,21,23,14,33,29,30,32,34	201	75
962	1,0,1,1,3,0,0,4,3,0	1,0,0,0,0,0,0,2,1,1	1,0,0,1,1,0,3,0,2,0	2,1,0,0,1,1,2,0,0,0	80	75
963	53,63,62,62,57,58,77,48,54,80	0,0,0,0,0,0,1,0,0,0	60,79,55,58,63,55,61,48,52,79	0,0,0,0,0,0,0,0,0,0	251	75
965	301,316,258,238,253,242,261,253,244,363	6,9,2,4,5,5,6,5,2,4	294,243,236,228,239,249,291,350,396,358	9,5,2,0,5,5,3,14,7,7	79	75
968	338,331,233,267,294,285,322,306,276,335	0,0,0,0,0,0,0,0,0,0	315,331,267,302,318,305,307,362,373,323	1,0,0,0,0,0,0,0,0,0	297	75
969	44,38,46,42,44,41,37,26,38,70	154,144,144,108,147,118,141,118,94,186	40,32,33,41,41,28,32,43,48,57	152,153,155,147,128,126,130,153,168,166	173	75
970	4,1,1,2,0,6,2,1,2,1	4,10,6,7,8,3,4,4,5,6	2,3,2,2,6,2,2,0,3,0	4,5,6,9,6,6,7,7,5,5	89	75
971	14,12,11,8,9,16,11,7,16,12	101,94,76,103,93,101,88,107,92,81	9,9,6,15,11,10,9,3,12,8	102,98,77,93,87,92,101,89,95,75	89	75
972	12,7,11,12,26,10,15,16,5,16	42,36,28,20,26,23,35,36,20,30	9,6,13,14,9,13,6,11,13,13	28,30,30,29,19,19,34,25,24,29	93	75
975	131,84,67,92,79,88,100,77,84,85	0,0,0,0,0,0,0,0,0,1	75,97,90,111,85,95,99,104,81,95	0,0,0,0,0,1,0,0,0,0	443	75
976	83,79,70,58,72,66,69,82,46,83	8,6,4,6,6,8,10,4,4,3	61,95,64,70,76,86,79,84,74,72	1,8,8,16,4,7,8,4,4,4	143	75
977	281,319,237,235,262,193,284,254,193,299	245,274,254,248,223,178,255,195,231,266	309,243,260,265,284,314,271,242,261,271	291,245,260,248,239,276,221,282,241,212	78	75
978	27,43,26,21,25,32,38,25,40,39	2,1,0,3,1,1,0,1,1,2	30,32,36,36,42,35,34,38,33,41	1,1,2,0,1,1,2,3,0,1	81	75
979	7,12,4,3,6,7,7,3,10,6	12,8,12,12,13,8,8,21,15,16	11,13,13,11,3,6,5,7,9,12	14,10,10,8,12,16,10,13,17,19	249	75
981	25,18,25,20,20,25,25,26,11,24	0,0,2,0,1,0,0,0,0,0	27,29,28,23,14,24,29,21,28,25	0,0,0,0,0,0,0,0,0,0	79	75
982	0,2,1,1,0,0,1,0,0,1	10,11,15,10,15,10,16,8,8,12	0,1,1,0,0,0,2,1,0,0	20,20,7,9,9,8,15,12,20,11	99	75
983	5,9,11,5,7,1,9,3,9,9	0,0,0,1,0,0,0,0,1,0	4,5,7,7,4,5,13,11,7,1	0,0,0,0,0,0,0,0,0,0	301	75
984	16,16,8,14,18,15,22,12,10,11	0,0,0,0,0,0,0,0,0,0	15,21,13,19,6,20,16,14,11,10	1,0,0,0,0,1,0,0,0,0	101	75
985	0,0,0,0,0,0,0,0,0,0	0,0,1,3,2,0,2,1,2,4	1,1,0,0,0,1,0,0,0,0	2,0,2,0,2,2,0,0,1,0	182	75
986	26,20,34,24,39,30,36,24,26,30	0,0,0,0,0,2,0,0,0,0	31,40,24,15,48,33,33,45,35,41	0,0,0,1,1,1,0,0,0,0	111	75
987	46,42,40,28,33,28,43,35,29,47	20,25,35,28,38,23,39,27,31,38	37,47,32,51,45,43,46,36,47,29	25,20,23,24,31,30,35,38,47,29	78	75
990	122,109,79,76,89,100,96,114,64,103	0,0,0,0,0,0,0,0,0,0	77,96,72,95,78,91,98,93,117,99	0,0,0,0,1,0,0,0,0,0	411	75
991	168,192,175,152,177,188,242,168,173,227	0,0,0,0,0,0,0,0,1,0	174,178,151,187,175,175,217,176,193,205	0,1,0,2,2,1,0,0,0,0	94	75
992	1,1,2,1,1,1,2,1,1,1	56,48,59,46,41,42,58,63,45,36	1,0,1,1,0,0,1,1,1,1	62,54,39,47,46,55,45,43,51,52	89	75
993	26,12,24,19,26,22,20,25,20,18	6,6,12,11,8,6,11,9,10,4	33,37,19,9,22,22,25,20,27,24	12,7,8,6,8,10,11,14,4,5	108	75
996	707,719,664,642,799,741,705,701,644,564	2,1,0,2,0,0,2,0,0,2	658,667,590,675,620,642,737,703,758,713	4,2,2,1,2,1,0,2,0,1	255	75
1004	94,96,101,90,82,86,112,87,64,103	1,2,1,2,0,0,0,0,0,0	103,102,86,94,86,109,79,104,97,102	0,0,0,0,0,2,0,0,1,1	122	75
1005	9,11,5,5,5,3,2,4,14,13	2,2,1,1,4,0,1,2,0,2	6,6,9,7,10,8,8,16,13,6	2,1,1,2,3,1,0,1,4,3	78	75
1007	14,23,14,6,22,23,15,20,12,7	0,0,0,0,0,0,0,0,1,0	16,11,12,7,17,5,20,15,15,15	0,0,0,0,0,0,0,0,0,0	79	75
1008	0,0,0,3,0,1,2,0,0,0	0,0,0,0,0,0,0,0,1,0	0,0,0,0,0,1,0,0,0,0	1,0,0,0,1,0,0,0,0,2	97	75
1009	0,1,1,0,0,2,2,0,0,0	0,0,0,0,0,0,0,0,0,0	2,1,0,0,1,0,0,0,0,1	1,0,1,0,2,0,2,0,0,0	97	75
1013	36,29,20,28,23,25,30,32,30,29	0,0,0,0,0,0,0,1,0,0	22,30,28,34,27,29,19,34,35,39	0,0,0,0,0,0,0,0,0,0	1066	75
1014	3,6,5,9,4,3,4,3,5,3	5,13,11,8,11,15,15,13,10,14	6,6,4,2,2,3,5,0,2,6	16,13,8,6,14,14,18,7,13,6	78	75
1015	0,0,1,0,0,0,0,0,0,1	61,50,45,55,60,43,47,50,32,53	0,0,0,0,0,1,0,0,0,0	47,52,60,48,48,60,44,52,46,58	186	75
1016	30,36,26,26,27,27,29,30,22,23	33,29,24,30,29,21,20,18,26,26	34,27,27,28,29,22,27,42,37,23	28,24,22,23,28,27,20,28,29,15	78	75
1017	5,8,6,8,7,5,5,5,3,7	36,33,17,27,31,31,38,37,23,41	3,4,6,3,4,5,3,5,2,4	28,32,26,34,31,27,26,40,38,40	263	75
1019	115,88,82,74,102,94,106,76,68,86	0,1,0,0,0,0,0,0,1,0	86,98,89,102,101,100,89,101,103,105	2,0,2,0,0,0,0,0,0,0	322	75
1020	27,30,27,35,26,33,35,29,41,28	1,0,0,0,0,0,0,0,0,0	41,31,29,37,42,31,23,26,49,17	0,0,0,0,0,0,0,0,0,0	306	75
1021	1,1,0,1,1,1,2,4,2,2	31,37,37,43,31,48,39,25,37,45	0,1,3,2,0,1,2,0,2,2	28,52,28,40,58,31,29,41,67,43	224	75
1022	44,43,39,49,43,52,38,48,38,39	0,0,0,0,0,0,0,0,0,0	46,49,45,48,70,35,41,57,66,41	0,0,0,0,0,0,0,2,0,0	655	75
1023	8,12,15,16,10,14,4,13,16,16	9,7,8,15,11,4,9,3,9,15	18,15,6,17,30,14,10,18,16,19	19,6,9,8,16,12,5,11,17,8	79	75
1024	40,33,28,33,42,39,44,30,30,42	7,8,5,3,5,2,3,7,0,8	44,30,32,36,43,44,21,31,35,27	6,4,5,2,9,3,8,6,6,3	81	75
1026	22,29,11,15,22,11,32,20,14,18	1,1,1,1,1,1,2,2,0,2	13,18,20,21,12,14,15,23,23,15	2,0,3,0,1,3,2,1,1,3	127	75
1029	6,2,2,4,5,4,7,3,2,6	30,28,20,27,24,25,19,29,12,13	1,7,4,3,0,3,1,4,7,9	21,20,26,24,25,16,21,25,14,26	81	75
1030	3,2,0,0,1,2,1,0,0,0	1,1,0,0,0,1,0,1,2,0	1,1,1,0,4,4,0,1,1,1	1,2,0,4,2,0,0,1,1,0	78	75
1031	48,44,39,43,29,34,30,33,47,28	17,20,12,15,12,14,14,28,23,8	29,36,36,25,38,40,42,36,41,40	11,12,17,14,25,18,14,15,15,17	78	75
1032	6,6,1,0,1,3,4,4,0,1	1,2,4,3,1,0,3,0,2,3	4,3,0,2,3,2,4,2,2,2	2,2,1,1,3,2,0,3,0,1	78	75
1034	17,23,15,13,23,15,24,11,24,8	2,0,0,0,0,0,0,0,0,0	13,8,15,24,14,21,16,7,17,23	0,2,0,3,0,1,0,0,1,1	79	75
1036	3,4,2,1,4,2,0,5,5,1	9,19,23,21,20,15,15,17,17,29	3,4,3,5,2,2,3,6,1,4	15,21,27,19,18,14,19,27,26,28	78	75
1037	19,26,7,8,7,13,10,10,16,20	0,0,0,1,1,0,0,1,0,0	14,20,17,13,15,16,16,17,19,12	0,1,1,1,0,1,1,0,1,0	111	75
1038	9,12,1,6,6,9,6,4,10,11	0,0,0,1,1,0,0,1,0,0	9,11,7,10,11,5,9,14,9,7	0,1,1,1,0,1,1,0,1,0	126	75
1039	0,0,0,0,0,2,1,0,1,1	10,14,6,2,1,6,5,6,7,10	0,0,0,1,0,0,0,0,0,0	5,9,10,4,4,11,7,3,10,5	90	75
1042	18,18,27,31,25,29,20,17,33,19	6,8,9,3,4,5,1,9,8,13	29,20,18,27,27,32,23,18,25,33	12,7,7,11,14,8,11,8,9,9	87	75
1045	16,22,18,16,20,11,16,22,14,30	3,2,1,0,1,2,2,1,3,1	26,11,20,11,25,17,12,16,30,19	2,1,1,3,1,0,0,4,1,2	113	75
1046	1,0,0,0,2,0,1,0,0,3	1,4,1,0,1,1,6,0,0,1	2,1,0,1,0,3,0,1,0,0	1,1,1,0,2,1,1,0,1,2	78	75
1047	163,183,133,117,146,118,185,128,110,155	162,140,107,110,133,117,141,116,98,110	150,121,119,120,127,186,139,116,142,110	167,126,107,165,115,176,155,96,112,82	171	75
1048	3,5,4,2,2,3,6,2,6,3	0,0,0,0,0,0,0,0,0,0	4,5,2,6,5,4,6,2,2,3	1,0,0,0,0,0,0,0,0,0	78	75
1049	3,2,5,1,2,1,2,5,2,8	0,0,0,0,0,0,0,0,0,0	4,5,3,1,1,6,3,3,5,4	0,0,0,0,2,0,1,0,0,0	78	75
1050	11,6,7,8,13,7,2,12,10,9	2,0,2,4,6,1,1,2,4,4	7,8,8,7,8,8,12,11,12,16	4,1,4,6,10,2,3,5,4,5	78	75
1051	3,1,2,2,1,0,3,2,2,3	0,1,1,1,2,0,1,2,0,1	2,0,1,6,3,3,2,0,9,0	0,1,0,1,2,0,0,2,2,0	141	75
1052	4,0,2,2,1,0,3,0,2,0	0,0,0,0,0,0,0,0,0,0	2,1,0,6,1,2,1,0,5,0	0,0,0,0,1,0,0,0,0,0	141	75
1053	4,8,6,5,10,6,8,3,6,10	0,0,0,0,1,0,0,1,0,0	1,5,6,4,11,3,6,4,5,3	0,0,0,0,0,0,1,0,0,0	110	75
1054	0,0,0,0,0,0,0,0,0,0	3,3,5,6,5,2,3,2,11,5	0,0,0,1,0,0,0,0,0,0	2,0,1,2,4,3,11,3,0,2	97	75
1055	277,274,270,292,273,282,257,222,338,294	3,1,1,1,0,1,0,1,4,4	260,293,243,259,397,285,279,276,309,229	3,2,0,1,4,3,0,2,3,2	213	75
1056	15,12,17,17,17,8,14,12,12,12	0,0,1,0,0,0,0,0,0,0	14,9,8,19,9,11,21,19,21,17	0,0,0,0,0,0,0,1,0,0	103	75
1057	11,7,6,8,9,9,8,6,7,7	0,0,1,0,0,0,0,0,0,0	6,6,4,11,2,2,11,7,10,9	0,0,0,0,0,0,0,1,0,0	125	75
1058	1,0,0,0,0,2,1,2,2,0	5,5,11,9,8,1,7,8,7,5	0,0,0,0,0,0,1,0,0,0	8,3,4,8,7,9,11,12,11,8	97	75
1059	0,0,0,0,0,0,0,0,0,1	41,26,44,60,74,67,44,56,55,44	0,1,1,0,1,0,0,0,0,0	39,54,60,69,60,47,48,67,68,52	81	75
1060	314,318,224,261,307,274,342,304,213,322	41,26,44,60,74,67,44,56,55,44	305,296,243,323,295,351,297,252,252,238	39,54,60,69,60,47,48,67,68,52	379	75
1061	314,318,224,261,307,274,342,304,213,321	0,0,0,0,0,0,0,0,0,0	305,295,243,323,295,351,297,252,252,238	0,0,1,0,1,0,0,0,0,0	373	75
1062	18,18,18,22,37,21,24,11,14,16	1,0,1,1,3,2,0,0,0,1	24,27,12,18,22,13,31,24,17,24	2,1,1,1,1,1,0,0,1,3	110	75
1063	1,1,0,1,2,3,1,3,2,1	76,94,70,59,60,72,82,56,75,65	2,2,0,0,1,3,1,4,2,2	74,68,61,72,54,84,82,63,73,77	126	75
1064	54,50,38,33,36,43,39,44,33,44	29,30,25,25,32,28,29,23,17,20	50,47,39,51,42,40,41,38,44,44	27,30,26,17,22,31,31,20,34,32	159	75
1065	129,143,108,91,94,112,120,97,106,108	29,30,25,25,32,28,29,23,17,20	122,113,100,123,95,121,122,97,115,119	27,30,26,17,22,31,31,20,34,32	108	75
1066	34,44,31,26,39,43,25,26,31,30	0,0,0,0,0,0,1,0,0,0	26,39,32,35,44,38,50,29,36,27	0,0,0,0,0,0,0,0,0,0	1740	75
1067	1,2,6,4,4,2,3,2,1,4	23,9,21,13,10,20,21,16,9,15	3,2,3,7,1,4,1,3,1,4	23,10,13,26,16,16,16,12,28,20	143	75
1068	209,206,181,180,160,173,172,154,151,187	0,1,0,0,0,3,3,0,1,0	170,178,139,189,179,176,200,175,249,187	0,0,0,1,1,1,0,2,2,0	134	75
1069	1,2,2,2,5,1,1,3,0,4	0,0,0,4,2,0,1,0,0,1	3,1,1,3,0,2,0,1,6,5	0,0,0,0,0,0,0,0,1,0	78	75
1070	36,34,48,30,36,33,38,28,31,37	1,0,3,3,0,2,0,0,1,0	41,29,22,27,35,39,33,44,46,50	0,0,0,0,3,0,1,1,3,0	110	75
1071	81,117,65,95,76,86,104,102,113,78	3,3,3,2,1,3,9,1,2,2	85,87,81,102,94,89,94,76,82,67	4,5,6,0,3,6,2,4,5,3	87	75
1072	36,56,25,55,39,50,47,45,38,57	92,139,109,110,93,118,119,117,109,109	34,55,37,59,45,40,33,57,48,36	111,104,118,130,120,112,104,95,103,82	78	75
1073	4226,4562,3815,4026,3692,3751,4466,4102,4160,4218	18,9,10,14,20,17,15,18,14,8	4354,3957,4194,4437,4644,4250,4101,4242,4310,3653	8,15,15,14,19,12,13,15,17,11	3150	75
1074	54,31,45,32,35,39,46,39,33,41	0,0,0,0,0,0,0,0,0,0	43,48,45,37,45,45,31,42,61,31	0,0,0,0,0,0,1,0,0,0	81	75
1075	33,29,32,24,23,24,32,28,24,40	2,0,5,1,2,1,4,3,1,2	27,19,27,22,27,24,31,25,32,22	1,0,3,3,2,2,2,3,0,1	78	75
1076	1,0,5,2,0,0,2,3,3,1	6,3,2,3,3,1,6,4,5,6	0,3,1,3,0,0,3,1,1,1	7,6,2,6,4,3,3,4,5,3	78	75
1077	8,2,7,17,9,13,19,10,5,8	34,31,30,27,38,41,45,40,41,19	10,9,6,10,13,8,5,10,9,6	35,42,26,39,45,38,39,39,42,25	78	75
1079	25,22,16,36,38,30,25,30,34,17	0,0,0,0,0,1,0,1,0,0	27,14,14,24,23,26,21,14,20,31	0,0,0,0,0,0,0,0,0,0	204	75
1080	620,483,538,472,531,574,578,452,466,713	0,0,0,0,0,0,0,0,0,1	564,590,504,526,536,535,546,671,750,696	0,0,0,0,0,0,0,0,0,0	243	75
1082	0,1,2,0,0,0,0,0,1,1	0,0,0,0,0,0,1,1,0,0	1,3,0,0,0,0,0,0,0,1	0,0,0,0,1,0,0,0,0,0	84	75
1083	2,7,5,4,1,2,6,5,3,11	41,35,32,26,28,21,36,16,39,45	7,3,3,2,5,1,5,4,2,5	19,33,23,31,43,39,44,39,40,47	168	75
1085	4,5,2,3,5,3,4,3,0,3	0,0,0,1,0,0,0,0,0,0	6,2,1,3,3,1,3,1,5,6	0,0,0,0,0,0,0,0,0,0	78	75
1086	165,141,111,114,124,135,155,132,140,143	37,49,29,27,29,38,49,31,31,35	133,120,119,155,142,128,141,172,198,165	48,28,29,48,35,32,41,42,40,36	78	75
1087	44,47,56,40,27,36,45,39,40,45	6,6,5,4,7,2,8,2,4,4	34,48,39,45,35,43,42,44,61,56	7,4,5,5,5,10,6,11,7,9	110	75
1089	19,25,18,21,14,14,15,13,19,22	0,0,0,1,0,1,2,0,0,0	19,10,17,16,13,28,12,10,15,12	0,0,1,0,2,0,0,0,0,0	80	75
1090	0,1,0,0,0,0,0,0,0,0	9,6,3,3,13,13,15,6,4,5	0,0,1,0,0,0,0,1,0,1	8,3,8,6,7,12,19,14,11,6	92	75
1091	84,95,75,67,66,64,66,66,58,69	2,0,3,0,0,2,2,0,0,0	84,105,67,65,75,55,63,94,102,93	1,0,1,0,0,0,2,3,0,2	120	75
1092	2,0,0,0,0,0,0,1,0,0	1,0,1,0,1,0,2,1,1,0	0,0,1,1,2,0,0,2,1,0	2,0,3,3,0,0,0,1,0,2	111	75
1093	2,0,0,0,0,0,0,1,0,0	0,0,0,3,2,0,2,1,0,2	1,0,1,1,2,0,0,2,1,0	0,0,1,1,0,0,0,0,0,1	111	75
1098	18,28,15,21,18,18,17,29,18,23	1,2,2,0,2,2,0,1,1,1	24,31,27,25,21,32,26,20,22,31	0,3,1,0,1,0,2,4,1,0	175	75
1100	74,84,79,64,69,80,70,60,73,109	2,3,0,2,1,3,3,6,1,3	88,94,81,82,87,76,82,90,109,99	1,3,3,2,2,4,3,3,1,2	90	75
1101	112,87,80,92,109,79,94,90,92,102	0,0,0,0,0,0,0,0,0,1	103,117,91,120,96,96,96,99,107,80	1,0,0,0,0,0,0,0,0,0	177	75
1103	26,27,34,22,24,30,26,30,20,33	1,0,0,0,0,0,0,2,0,1	22,28,37,39,31,31,22,27,43,28	0,0,0,0,0,0,1,5,0,0	185	75
1104	53,43,49,53,43,41,33,51,39,54	0,3,1,0,0,3,1,0,0,1	45,51,29,46,55,50,38,42,47,45	2,3,0,1,4,1,1,2,2,3	91	75
1105	8,6,1,8,4,2,11,5,7,2	24,30,18,17,16,18,33,30,29,20	10,4,9,5,2,12,3,8,7,2	16,23,26,25,23,22,25,30,23,29	178	75
1106	2,1,0,3,1,1,0,0,3,2	2,1,1,2,1,2,2,0,0,5	2,1,0,0,0,1,1,1,1,0	4,4,0,0,0,0,1,2,2,1	103	75
1107	20,18,17,19,19,11,9,27,11,29	0,1,2,0,1,0,0,1,0,0	15,28,10,14,17,15,20,25,26,22	0,0,0,0,0,3,0,0,0,0	106	75
1108	19,10,6,14,14,14,14,23,9,11	1,1,4,2,0,5,2,5,0,2	15,21,8,14,5,14,9,10,15,9	0,4,1,5,2,3,1,0,0,0	116	75
1110	35,28,16,31,20,22,22,33,19,12	30,24,16,24,16,32,34,21,20,17	24,31,17,17,27,33,20,20,17,22	33,30,21,21,38,29,24,21,22,30	78	75
1111	2,1,0,2,0,3,2,1,2,1	45,32,41,27,41,42,34,37,39,39	0,2,2,0,5,4,2,0,0,1	43,49,42,46,37,41,43,34,41,37	232	75
1112	0,0,0,0,0,0,0,0,1,0	0,2,5,2,2,1,0,2,0,1	1,0,0,0,0,0,0,0,0,0	2,4,1,2,2,4,2,0,0,0	91	75
1113	56,57,55,41,65,43,74,57,45,39	1,5,5,3,2,5,2,4,3,0	61,45,36,55,62,57,54,43,46,68	3,3,1,3,4,2,1,7,2,5	82	75
1114	48,54,49,56,49,63,58,47,49,38	25,31,19,30,19,27,27,30,23,21	55,45,47,47,62,55,43,52,50,55	28,33,25,19,23,28,18,23,33,39	82	75
1120	43,29,40,49,51,32,48,45,46,43	2,0,0,1,0,0,0,1,1,0	47,41,40,47,38,55,34,47,45,32	0,0,1,1,1,0,0,0,0,0	81	75
1121	0,0,1,0,0,0,1,0,0,0	5,4,2,3,5,1,5,4,2,4	0,0,0,0,0,0,0,0,0,0	4,1,3,5,3,3,1,3,3,3	148	75
1122	160,154,140,157,152,148,144,111,124,159	0,0,0,0,0,0,0,0,0,0	150,144,104,136,159,169,146,161,188,152	0,0,0,0,0,0,0,0,1,1	228	75
1124	19,27,26,27,21,23,25,27,22,35	8,10,7,0,4,2,7,10,0,3	24,20,18,35,19,19,32,25,39,27	3,11,5,4,2,3,6,10,2,3	1795	75
1128	523,539,458,441,449,503,533,537,410,562	2,3,2,0,0,0,0,0,0,0	544,507,428,505,447,512,503,496,543,544	1,1,0,0,0,0,1,1,0,3	2104	75
1129	14,8,5,10,7,6,4,10,11,11	0,0,0,0,0,0,0,0,0,0	7,9,11,7,8,4,8,6,9,11	0,0,0,0,0,0,0,1,0,1	183	75
1131	183,172,133,112,143,117,173,161,85,157	2,4,3,4,0,2,4,1,1,1	198,122,153,144,101,175,143,125,124,116	2,1,2,1,3,1,6,2,1,0	177	75
1132	0,1,1,0,0,0,1,2,0,0	173,186,120,123,165,135,173,160,108,151	0,0,0,0,0,0,0,0,0,0	210,138,146,150,108,174,161,93,118,129	143	75
1133	0,0,0,0,0,0,0,0,0,1	32,26,25,26,28,21,29,28,30,33	1,0,0,0,0,0,0,0,0,0	23,33,25,30,24,28,25,29,32,21	112	75
1134	0,0,0,0,0,4,1,1,1,1	0,0,1,1,2,1,1,1,0,2	4,2,1,1,1,1,2,1,2,2	0,0,1,0,0,2,0,1,2,0	78	75
1137	287,289,230,230,250,243,270,277,258,346	8,9,9,8,12,11,13,7,11,13	290,275,258,302,244,254,292,294,317,337	9,9,12,15,11,14,10,18,12,18	96	75
1138	11,16,12,12,22,22,25,24,18,20	6,10,2,2,3,6,9,3,1,11	15,21,14,13,24,17,20,18,15,16	7,3,5,3,3,3,2,2,2,5	323	75
1139	37,26,34,46,43,43,44,28,37,42	2,2,0,0,2,0,4,1,0,1	49,40,42,50,33,42,44,42,31,38	2,3,1,1,1,5,2,2,0,0	87	75
1147	1,2,4,1,4,3,2,1,2,1	0,0,0,0,0,0,0,0,0,0	2,3,3,2,0,4,6,2,0,1	0,0,2,0,0,0,0,0,1,0	79	75
1149	0,0,0,4,0,0,2,1,1,0	0,0,0,0,0,0,0,0,0,0	1,0,1,1,0,0,2,0,1,2	0,0,0,1,0,0,0,0,0,0	91	75
1150	29,20,23,19,25,19,26,19,24,21	0,1,0,2,0,1,2,1,1,0	29,17,22,29,21,25,16,24,23,25	1,1,0,0,0,0,0,0,1,0	80	75
1161	4,1,0,1,1,1,1,1,2,0	39,50,54,37,49,43,50,39,40,53	0,2,2,1,2,0,3,6,1,4	55,54,53,66,62,47,48,51,68,70	151	75
1162	11,19,15,25,14,10,19,19,13,21	1,0,0,1,0,0,0,0,0,0	19,15,17,16,17,16,17,30,21,28	0,1,0,0,0,0,1,1,0,1	83	75
1163	99,70,53,62,64,53,103,64,74,81	27,31,17,23,29,22,30,26,15,24	58,62,68,71,67,69,61,71,71,74	31,31,33,39,19,17,25,31,33,32	255	75
1164	145,145,140,152,139,134,151,115,133,203	245,273,225,234,225,178,265,232,252,335	128,151,146,140,121,134,148,159,159,177	318,252,244,231,244,235,275,322,262,340	78	75
1165	4,8,4,9,4,7,9,15,5,6	4,2,1,0,0,1,0,0,0,1	10,5,5,7,8,8,8,10,10,10	2,0,0,1,2,0,8,1,2,2	78	75
1167	2,0,0,0,0,2,0,1,0,0	30,26,22,21,27,26,31,40,17,34	0,0,0,0,0,0,0,1,0,0	33,17,26,42,39,39,24,15,29,30	1207	75
1168	172,173,183,128,192,170,163,153,156,196	3,4,5,8,4,4,4,2,6,5	192,176,129,194,168,195,151,183,163,169	1,6,2,6,2,0,9,5,3,2	78	75
1169	56,50,47,44,47,49,50,54,67,46	0,0,0,1,0,0,0,1,0,0	48,48,55,63,64,56,56,56,54,44	0,0,0,0,0,0,0,0,1,0	116	75
1171	334,352,321,293,333,300,369,252,263,342	3,4,5,0,4,3,1,1,4,8	302,320,301,310,307,335,336,337,372,285	4,9,0,1,4,2,7,4,1,5	105	75
1172	30,35,27,38,39,37,23,36,35,45	2,3,0,0,1,2,2,0,1,3	35,30,29,34,40,25,33,35,43,28	1,0,0,2,0,0,0,2,2,1	78	75
1173	41,48,41,36,45,39,58,44,44,50	0,0,0,0,0,0,0,0,0,0	49,45,55,42,43,44,53,50,44,71	0,0,0,0,0,0,1,0,0,0	290	75
1174	1,0,0,0,0,0,0,1,0,0	1,0,1,0,0,0,0,0,0,0	0,0,1,0,0,1,2,0,1,2	0,1,0,0,0,0,2,0,2,0	78	75
1175	10,7,9,3,6,3,13,7,2,8	0,0,0,0,0,0,0,2,0,0	11,5,14,8,1,13,7,3,8,11	0,0,0,0,0,0,0,0,1,0	80	75
1176	2,8,0,4,4,3,6,2,6,1	3,0,0,2,0,0,1,0,0,0	1,6,7,0,2,3,9,6,4,2	0,0,0,0,1,0,0,3,1,1	80	75
1177	3,0,0,0,0,0,1,1,0,0	1,2,1,4,3,1,3,1,5,4	0,1,0,0,2,0,0,0,1,1	0,0,3,3,3,1,0,1,2,2	136	75
1178	38,30,27,40,52,41,36,38,25,39	0,0,0,0,1,0,0,0,0,0	35,25,30,24,33,29,32,45,29,33	1,0,0,0,0,0,0,0,0,0	110	75
1179	304,270,265,253,278,249,271,263,231,237	0,0,0,0,0,0,0,0,0,0	274,266,265,252,233,273,287,331,256,298	0,0,1,0,0,0,0,1,0,0	665	75
1186	0,0,1,0,1,0,0,0,0,0	125,103,95,86,83,77,104,107,90,111	0,0,0,0,0,1,0,0,0,0	122,130,99,101,83,131,108,109,109,130	90	75
1187	44,40,58,40,40,37,47,35,51,46	1,0,0,0,0,0,0,0,0,0	52,42,37,35,47,48,40,44,43,52	0,0,0,0,0,0,0,0,0,1	91	75
1188	29,37,38,33,40,40,40,39,37,35	17,8,5,10,12,14,8,5,6,8	24,31,32,34,30,46,34,38,40,30	10,13,10,8,16,6,6,13,12,9	78	75
1190	0,0,0,0,0,0,1,0,0,0	2,1,0,2,2,0,2,1,4,2	0,0,0,0,0,0,0,2,0,0	2,2,2,2,2,1,1,0,2,0	130	75
1192	4,7,5,7,8,4,8,6,1,6	0,0,1,0,0,0,0,0,1,0	4,4,7,9,5,8,11,3,5,6	0,0,0,0,0,2,1,0,0,0	203	75
1194	8,10,5,8,7,8,10,9,2,14	19,7,7,10,12,5,18,13,7,20	2,12,2,4,9,5,7,6,7,9	12,25,14,8,10,6,8,8,11,18	168	75
1195	33,39,27,26,34,22,30,23,18,43	7,7,7,7,4,12,6,6,5,14	23,35,21,15,35,22,29,19,30,39	5,9,15,8,9,5,11,5,4,5	187	75
1196	44,36,29,28,39,19,38,27,23,49	7,7,7,7,4,12,6,6,5,14	33,48,33,19,36,23,30,21,34,48	5,9,15,8,9,5,11,5,4,5	94	75
1197	16,6,9,12,9,11,6,9,11,12	5,6,1,1,9,3,3,2,4,2	13,10,4,9,8,6,11,17,13,13	4,3,3,1,6,3,3,5,5,4	111	75
1198	1,0,0,0,1,1,1,0,2,0	76,75,76,55,74,78,73,78,76,87	0,0,1,0,0,0,0,0,1,0	89,87,59,92,93,99,78,78,97,65	101	75
1199	0,0,1,0,0,1,0,0,0,2	31,40,57,34,66,47,29,32,35,43	1,0,0,0,0,0,0,0,3,0	35,38,40,40,51,43,49,35,45,61	144	75
1200	484,497,427,371,404,403,461,384,346,436	3,2,1,1,0,0,1,3,2,2	392,443,343,411,403,417,392,447,481,434	3,0,1,0,3,3,0,0,3,2	214	75
1202	0,0,0,0,0,0,3,0,0,0	2,0,0,0,0,1,0,0,0,1	2,0,0,0,0,0,0,0,0,0	0,1,0,2,1,0,1,3,3,0	146	75
1203	0,0,0,0,0,0,0,0,0,0	32,36,27,38,39,39,27,43,28,34	0,0,0,0,0,0,1,0,0,0	34,40,28,25,33,32,35,35,48,45	87	75
1204	9,8,9,3,9,6,4,7,1,11	1,4,2,2,4,5,6,4,1,2	15,8,5,8,6,8,4,7,15,15	5,8,3,8,2,1,3,5,6,6	297	75
1205	34,36,33,37,24,25,43,30,32,34	0,1,1,1,0,2,0,1,4,1	29,31,27,24,29,35,24,17,32,23	0,0,2,0,1,0,1,0,0,0	107	75
1206	1,1,0,0,0,0,0,1,0,0	31,30,28,24,22,22,42,23,18,28	0,0,0,0,0,1,1,0,2,1	29,20,26,30,44,34,32,41,22,19	185	75
1207	2,3,0,1,0,5,4,2,1,2	0,1,0,0,0,0,0,0,0,0	0,2,1,1,3,3,0,4,5,1	2,0,0,0,0,0,0,0,1,0	78	75
1208	2,1,1,3,0,5,3,5,0,1	13,7,2,9,3,7,5,5,5,9	8,3,6,8,3,2,4,5,1,9	5,6,6,3,7,4,9,10,11,9	94	75
1209	102,103,88,100,77,78,83,95,83,147	2,0,0,0,1,0,1,0,0,0	103,90,75,100,98,84,96,127,117,159	1,1,0,0,0,0,0,0,0,0	81	75
1211	42,40,23,35,31,29,29,35,26,27	9,10,9,5,6,8,8,2,8,6	33,33,39,44,27,26,30,28,45,62	7,6,5,9,6,6,7,8,11,5	356	75
1212	189,158,139,163,121,90,213,169,157,209	0,0,0,0,0,1,0,1,0,0	165,165,196,192,148,155,147,173,250,201	1,1,0,1,1,0,0,0,0,1	115	75
1213	1,0,1,0,0,0,1,0,0,0	3,0,3,2,5,1,1,4,1,0	0,2,0,2,0,1,0,0,1,0	4,4,4,2,1,0,2,2,11,4	91	75
1214	68,71,80,79,75,63,85,57,68,100	56,53,64,68,57,71,74,64,67,69	75,98,86,75,66,83,74,87,83,86	45,61,69,75,73,50,70,80,99,78	93	75
1215	163,142,146,164,168,113,170,161,170,171	10,10,7,5,6,7,9,13,5,10	131,159,160,169,164,166,184,156,143,154	7,9,8,13,12,7,9,12,10,10	78	75
1216	49,51,33,50,37,40,43,50,45,32	2,2,4,1,5,0,6,5,2,7	47,51,38,56,54,39,47,51,54,42	3,5,5,2,7,4,4,5,2,1	78	75
1217	33,31,27,27,27,22,43,19,30,34	4,3,4,3,0,5,3,3,5,0	36,31,29,34,21,19,43,21,31,26	5,3,2,6,2,4,2,8,2,3	78	75
1218	501,489,460,420,457,435,498,414,378,590	1,6,2,2,1,2,3,5,5,2	510,424,424,454,425,454,432,499,536,512	3,0,0,3,4,4,4,0,5,4	169	75
1219	27,33,34,37,28,28,32,34,35,50	125,176,112,144,140,132,148,131,104,144	39,23,38,23,35,29,28,45,31,40	149,140,141,139,124,163,155,171,162,169	96	75
1220	171,150,153,177,170,163,153,149,130,212	125,176,112,144,140,132,148,131,104,144	183,173,141,146,178,158,158,177,134,170	149,140,141,139,124,163,155,171,162,169	129	75
1221	152,123,124,148,147,145,127,122,106,167	8,6,5,8,5,10,6,7,11,5	146,153,107,128,148,133,137,141,112,135	2,3,4,5,5,4,7,9,9,5	108	75
1222	12,11,14,11,7,18,15,8,14,12	0,0,1,1,3,3,5,0,1,6	9,14,7,10,12,16,18,2,11,19	2,7,0,1,1,1,1,1,1,3	78	75
1223	1,4,1,3,1,4,3,0,1,2	0,0,0,2,0,1,0,0,0,0	1,1,0,1,2,1,2,4,2,1	0,0,0,0,0,0,0,0,0,0	94	75
1224	2,3,3,4,2,2,5,2,2,0	22,28,18,30,32,22,34,28,29,24	4,3,1,0,1,3,1,9,7,3	33,30,28,24,20,19,26,45,47,30	130	75
1225	36,44,38,40,37,51,42,40,36,36	1,2,2,1,2,3,2,2,0,2	31,44,41,47,41,54,33,47,57,34	3,1,1,3,0,2,4,5,1,3	128	75
1226	0,0,0,0,0,0,0,0,0,0	6,8,4,3,3,6,3,0,1,0	0,0,0,1,0,0,0,0,0,0	5,0,1,2,4,0,2,5,5,6	79	75
1227	24,16,18,18,7,16,18,12,21,23	0,1,2,2,1,2,3,2,1,3	12,16,20,13,14,12,19,13,18,14	1,1,2,0,3,1,0,2,2,2	78	75
1228	0,0,0,0,0,0,1,0,0,0	18,24,29,17,23,23,18,24,12,24	0,2,0,0,0,0,0,0,0,0	17,22,26,22,27,14,24,39,33,17	96	75
1229	0,0,1,0,0,1,0,0,0,0	0,2,0,0,0,0,0,0,0,1	0,0,0,1,0,0,0,0,0,0	1,0,0,0,0,0,2,1,1,1	96	75
1230	308,294,293,246,287,332,302,275,342,252	16,13,8,15,17,11,13,19,14,7	313,327,235,311,336,270,275,280,309,250	13,15,14,7,17,14,13,16,11,12	80	75
1231	40,36,38,27,34,44,45,39,28,38	4,6,9,6,14,3,5,9,6,9	39,27,33,47,26,50,37,39,36,31	10,3,7,9,5,6,10,8,11,7	234	75
1232	70,53,44,57,44,45,56,69,39,54	2,2,3,0,0,1,0,1,2,1	60,55,48,76,63,47,54,53,66,49	5,2,0,0,0,1,4,1,1,0	177	75
1233	56,44,37,40,30,24,32,30,29,42	4,0,2,0,0,0,0,0,0,3	55,33,32,62,45,22,39,44,40,44	2,0,0,0,0,0,1,1,0,2	103	75
1234	12,17,13,14,16,11,9,10,9,13	1,5,3,5,2,2,4,4,9,4	14,7,19,17,13,9,18,23,30,14	4,4,2,3,3,2,0,1,3,3	94	75
1235	43,57,39,56,48,37,44,63,68,50	0,0,0,0,0,0,0,1,0,0	41,53,65,75,48,57,58,61,47,52	1,0,0,0,0,0,1,0,0,0	192	75
1236	53,48,52,51,57,69,71,40,61,45	1,0,0,0,0,0,0,1,0,0	56,52,32,52,53,59,51,44,39,43	0,0,0,0,0,0,0,0,0,0	110	75
1237	7,9,7,7,15,11,6,10,5,14	25,28,14,15,13,18,20,14,19,15	8,9,3,17,5,8,8,9,13,8	16,22,8,13,23,30,11,7,21,15	163	75
1238	45,52,28,22,31,33,39,55,37,30	0,0,0,0,0,0,0,0,0,0	33,47,27,46,27,41,46,28,40,31	1,0,0,0,0,0,0,0,0,0	291	75
1239	27,34,31,20,18,18,25,18,23,24	0,0,0,0,0,0,0,1,0,0	26,19,17,20,22,20,24,21,20,20	0,0,0,0,1,0,0,0,0,0	77	75
1240	1,3,1,6,6,6,10,4,6,6	61,70,62,55,68,53,80,68,57,62	8,7,4,2,4,6,2,6,6,4	61,73,55,74,80,57,64,51,53,61	78	75
1242	351,300,252,249,297,249,345,351,346,394	0,0,0,0,0,0,0,0,0,0	352,332,256,355,346,383,301,360,346,331	0,0,0,0,0,2,0,0,0,0	207	75
1243	12,10,7,8,9,6,20,3,13,10	101,83,53,56,60,89,88,70,97,82	7,9,13,9,7,12,8,19,9,12	67,76,54,88,77,79,89,94,69,62	109	75
1244	18,16,17,14,13,10,23,9,13,16	42,37,40,58,48,40,62,45,35,65	14,13,23,9,13,11,13,14,15,10	53,48,46,34,47,42,32,43,49,43	109	75
1245	22,6,9,9,10,10,4,7,5,13	3,2,3,3,5,8,2,2,3,3	10,10,6,3,16,9,16,5,7,6	5,2,2,3,2,5,2,10,5,6	234	75
1246	29,12,12,9,13,11,10,9,7,18	3,2,3,3,5,8,2,2,3,3	10,19,9,7,18,11,22,7,9,13	5,2,2,3,2,5,2,10,5,6	274	75
1247	7,6,5,0,4,1,6,2,2,5	0,0,2,0,1,0,0,0,0,0	1,9,3,4,3,2,6,2,3,7	1,0,0,0,1,0,0,0,1,0	115	75
1248	21,17,20,19,27,23,18,20,13,18	0,0,0,0,0,0,0,0,1,1	22,19,26,16,13,15,22,17,23,23	0,0,0,1,2,0,0,2,0,2	190	75
1250	119,136,107,126,116,101,127,127,132,191	1,0,0,0,0,0,0,0,0,0	138,120,94,116,133,118,112,133,155,146	0,0,0,0,0,0,0,0,0,0	82	75
1253	16,4,12,8,24,12,15,25,19,11	1,2,3,5,0,3,2,1,3,5	22,19,15,16,25,23,17,17,18,19	1,0,4,5,2,3,2,1,4,5	130	75
1254	1,0,0,0,1,0,0,0,0,0	75,77,85,82,78,99,92,68,64,87	0,1,0,0,0,0,1,0,1,2	82,99,93,96,89,94,78,102,85,97	107	75
1255	0,3,1,1,2,0,1,2,1,1	0,0,0,0,1,1,0,0,0,1	4,2,1,0,1,5,1,1,1,1	0,0,0,0,0,0,0,0,0,1	79	75
1256	1,1,0,0,1,1,0,0,0,0	0,0,0,0,0,0,0,1,0,0	0,0,0,0,0,0,0,0,0,0	0,0,0,0,0,0,0,1,0,0	132	75
1257	31,16,22,22,16,17,21,25,15,24	1,0,2,0,0,0,0,0,0,2	16,19,22,22,12,24,21,29,26,17	0,0,0,1,2,4,2,0,2,1	518	75
1258	3,0,7,7,4,6,2,3,0,6	26,21,12,27,23,17,27,17,23,24	0,1,4,6,4,0,3,1,3,4	25,18,19,18,26,21,27,38,33,36	122	75
1260	99,87,55,58,66,47,74,61,65,74	1,0,0,0,0,0,1,0,0,0	71,55,72,72,62,64,60,77,62,65	1,1,0,0,1,0,0,0,0,0	79	75
1263	10,10,3,3,8,4,11,8,3,10	0,0,0,0,0,0,0,0,0,0	13,10,9,3,3,7,12,6,12,7	0,0,0,0,0,0,1,0,3,0	79	75
1265	30,31,21,22,20,23,27,23,26,22	12,4,6,5,12,5,3,12,10,8	23,31,18,34,18,25,29,24,21,17	12,10,5,8,6,8,6,7,6,5	78	75
1266	4,2,4,6,5,3,0,3,2,4	28,25,26,26,24,25,23,40,22,29	5,3,2,3,3,0,1,4,3,4	21,31,29,26,38,29,39,25,22,17	90	75
1268	15,14,8,6,7,13,20,13,16,11	0,4,2,5,4,2,2,3,4,9	9,13,19,7,9,10,15,13,7,10	7,2,2,1,3,6,1,2,5,2	78	75
1269	200,189,199,201,225,178,182,140,172,215	85,70,64,52,55,59,69,53,53,74	207,227,178,179,199,190,189,201,202,212	61,71,64,77,69,67,71,67,59,75	135	75
1270	1458,1389,1282,1235,1439,1232,1341,1141,1235,1434	1,0,0,0,0,0,1,0,1,0	1358,1373,1265,1217,1325,1395,1287,1368,1329,1394	2,2,0,0,0,0,0,0,1,0	199	75
1271	25,26,20,25,30,25,24,25,16,20	3,1,1,4,1,2,3,6,2,4	19,24,28,37,22,28,24,27,30,31	3,2,6,6,2,5,5,7,5,4	78	75
1272	7,3,9,9,4,6,13,12,11,4	0,0,0,0,0,0,0,0,0,0	6,6,8,11,8,11,7,7,5,4	0,0,0,0,0,0,0,0,1,1	186	75
1273	3,3,4,0,3,2,6,2,2,1	0,0,0,0,0,0,0,0,0,0	4,2,0,1,4,3,6,6,6,2	0,0,0,0,0,0,0,2,0,0	111	75
1278	0,0,0,0,0,2,0,0,0,0	0,4,1,1,0,3,0,3,0,2	0,0,0,0,0,0,0,0,0,0	4,1,2,3,1,0,2,3,1,2	78	75
1279	0,0,0,0,0,0,0,0,0,1	21,19,14,8,13,13,11,14,9,13	0,0,0,0,1,0,0,0,0,0	14,8,9,15,13,9,13,10,8,14	131	75
1280	0,2,0,0,1,1,0,2,1,0	7,13,10,6,9,10,20,11,7,6	1,0,0,0,0,0,0,0,0,1	8,7,13,6,10,13,11,17,7,10	78	75
1282	120,120,100,103,102,99,115,115,96,76	35,26,21,23,25,27,29,20,27,18	141,121,107,105,126,119,132,110,108,118	20,52,16,23,22,18,22,29,17,21	117	75
1283	202,232,202,186,213,217,255,201,205,220	0,1,0,0,0,3,2,0,1,1	182,219,208,244,241,231,198,235,262,229	0,1,1,1,1,1,0,0,0,1	79	75
1284	0,0,0,0,1,0,0,0,0,0	0,0,0,0,0,0,0,0,0,0	0,0,0,0,0,0,0,0,0,0	0,0,0,0,0,0,1,0,0,0	78	75
1286	2,1,5,1,5,4,1,3,1,4	0,0,4,0,0,1,0,0,2,0	4,3,11,1,1,1,0,0,2,0	0,0,0,0,0,0,0,0,0,0	78	75
1287	1,1,0,1,2,1,3,0,4,0	5,13,10,4,4,13,13,10,9,8	2,0,5,5,3,3,4,3,4,1	5,5,4,10,8,12,15,6,5,7	90	75
1288	0,0,0,1,0,0,0,0,1,0	17,18,15,29,22,23,19,18,20,20	0,0,0,0,0,3,0,0,3,1	23,18,21,24,20,20,18,13,17,25	96	75
1289	7,5,5,12,6,6,12,7,10,3	8,5,1,3,9,1,3,7,3,4	10,9,2,7,5,6,8,5,3,4	6,5,2,10,7,8,4,16,6,7	78	75
1291	22,20,13,18,21,23,15,21,13,23	8,3,5,4,3,3,7,1,8,8	17,16,22,32,17,24,18,29,16,9	2,6,4,2,4,6,0,4,3,3	78	75
1292	4,1,0,1,0,1,1,1,1,1	0,0,0,0,0,0,0,0,0,0	1,1,2,0,1,1,0,0,0,2	0,1,1,0,0,0,0,0,1,0	78	75
1293	95,122,90,87,75,87,97,119,78,60	40,52,42,47,38,57,47,56,38,35	99,108,67,131,84,120,103,78,79,97	48,49,39,65,34,72,51,56,49,57	78	75
1294	16,16,16,21,17,20,19,19,12,12	1,1,0,0,2,2,3,1,0,0	22,12,16,15,12,12,17,15,18,24	0,4,0,0,1,2,1,2,3,0	78	75
1295	3,1,7,4,8,2,2,3,3,7	0,0,0,0,0,0,0,0,0,0	6,11,5,3,2,3,5,4,4,3	0,0,1,0,0,0,0,0,0,0	2251	75
1296	119,117,102,107,118,101,141,135,92,110	3,0,1,2,0,1,0,1,2,1	132,124,92,113,92,135,114,161,119,141	2,3,1,0,2,0,1,3,0,1	196	75
1297	176,184,155,171,177,146,218,191,129,161	7,4,10,6,6,3,3,9,10,8	183,190,140,195,148,183,178,208,174,192	7,5,2,5,11,8,10,5,7,4	278	75
1298	60,67,54,66,59,46,77,57,39,52	7,4,10,6,6,3,3,9,10,8	53,69,49,82,58,48,65,50,55,52	7,5,2,5,11,8,10,5,7,4	157	75
1299	41,36,30,28,37,21,39,28,30,35	0,0,0,0,0,0,0,0,0,0	34,33,26,24,28,36,39,29,44,29	0,0,1,0,0,0,0,0,0,0	951	75
1300	16,10,9,14,19,8,11,10,12,9	2,1,3,0,2,0,4,1,3,0	7,14,14,19,9,13,8,16,12,14	3,2,5,0,2,2,0,1,2,4	108	75
1301	32,19,20,27,32,19,21,26,18,22	1,0,1,1,1,1,0,1,0,0	14,29,20,39,16,22,20,38,25,23	0,0,2,3,2,0,1,0,0,0	108	75
1302	0,0,0,3,0,2,2,0,2,2	45,31,19,22,43,32,28,33,27,23	3,1,5,2,4,0,2,2,1,0	21,24,32,18,32,25,21,29,28,30	128	75
1303	0,2,3,0,0,0,0,2,0,0	6,0,2,1,7,4,6,4,7,7	0,3,1,1,0,1,0,0,0,1	4,4,5,2,4,4,6,2,4,3	116	75
1304	10,4,3,7,9,9,10,11,9,0	0,0,0,0,0,2,0,0,0,0	7,6,1,4,8,4,7,2,7,2	0,0,0,0,0,0,0,0,0,0	82	75
1305	0,0,0,0,0,0,0,0,3,0	16,8,13,11,12,8,12,10,3,14	1,0,0,0,0,0,0,0,0,0	12,11,8,8,8,11,8,4,8,6	88	75
1306	15,18,9,19,14,22,23,17,22,20	0,0,0,0,0,0,0,0,0,0	14,23,12,24,20,26,14,13,27,19	0,0,0,0,0,0,0,0,1,1	150	75
1307	91,107,71,58,67,66,74,72,89,94	0,0,0,0,0,0,0,0,0,1	80,83,78,68,84,74,93,99,89,80	0,0,0,0,0,0,0,0,0,0	101	75
1309	14,7,12,10,11,18,6,9,7,10	3,2,3,2,2,0,1,3,0,1	8,16,15,10,4,8,11,17,15,22	0,2,3,1,1,1,7,0,6,1	78	75
1310	54,48,42,40,38,29,47,40,36,37	0,0,0,0,0,1,0,0,0,0	44,50,37,52,50,44,52,41,41,39	1,1,0,0,0,0,0,0,0,0	122	75
1311	0,0,1,0,0,0,1,0,0,0	38,19,22,23,32,25,29,32,34,25	0,0,0,0,0,1,0,0,0,0	23,37,29,42,28,30,24,20,24,22	106	75
1312	64,60,42,61,60,57,60,51,52,72	2,4,0,2,5,6,3,0,2,5	46,57,39,55,60,43,57,51,68,76	2,4,4,3,1,3,2,8,3,6	398	75
1313	96,100,82,97,83,98,97,80,85,110	0,1,0,0,0,1,0,0,0,0	72,90,66,92,97,88,95,105,123,118	0,0,0,1,2,1,1,0,1,0	489	75
1314	34,44,40,38,28,47,40,29,35,43	0,1,0,0,0,1,0,0,0,0	28,37,31,40,38,48,40,62,58,48	0,0,0,1,2,1,1,0,1,0	166	75
1315	65,54,66,45,39,63,65,52,45,66	3,3,2,4,3,4,1,1,3,4	57,49,49,58,54,73,62,73,74,60	2,3,2,0,0,3,1,4,2,2	166	75
1317	5,3,0,3,8,7,8,7,6,4	0,3,0,4,0,1,1,4,2,5	3,5,6,8,2,6,6,7,6,5	0,0,0,0,0,1,1,0,1,3	161	75
1318	4,2,0,2,6,3,8,2,3,2	0,3,0,4,0,1,1,4,2,5	1,3,4,5,1,5,4,4,4,4	0,0,0,0,0,1,1,0,1,3	164	75
1321	1,0,3,3,1,2,1,1,4,2	3,2,1,4,2,2,3,0,4,1	3,2,1,3,4,1,6,0,0,3	1,3,2,2,0,0,4,2,1,3	81	75
1322	0,0,0,0,0,0,0,0,0,1	0,0,0,0,0,0,0,0,0,0	0,0,0,0,0,0,0,0,0,0	0,0,0,0,2,0,0,0,3,0	81	75
1323	5,3,1,2,3,5,5,5,3,5	0,0,0,0,1,0,0,0,1,1	1,8,1,4,0,2,3,1,3,5	1,0,0,0,0,2,0,0,3,0	78	75
1324	124,96,108,85,106,77,126,90,89,84	6,2,4,5,2,4,7,7,3,4	91,93,86,88,112,106,111,101,91,93	6,2,11,6,2,8,2,6,7,6	78	75
1325	11,11,10,8,16,11,9,7,10,17	1,2,3,1,0,2,5,0,0,4	12,5,7,11,4,8,9,10,6,5	2,2,4,0,1,2,4,2,3,3	78	75
1326	0,0,0,0,0,0,0,0,0,0	94,117,99,78,89,88,92,85,92,93	0,1,0,0,0,0,0,1,0,0	104,90,79,88,91,83,85,90,95,72	84	75
1327	0,0,0,0,0,0,0,0,0,0	65,63,40,53,64,54,48,45,51,61	1,0,0,0,0,0,0,0,0,0	66,70,36,42,53,46,54,50,50,37	78	75
1328	2,3,0,1,2,2,0,3,2,4	12,16,7,9,14,11,8,10,12,14	2,3,3,2,1,2,6,0,4,1	14,10,11,6,17,13,8,6,7,6	136	75
1329	65,39,32,45,33,33,42,55,39,32	0,3,0,0,1,0,1,1,0,1	39,40,35,39,54,37,31,28,25,19	2,0,0,0,1,1,1,0,0,0	109	75
1330	0,0,0,0,0,0,0,0,0,0	4,5,1,0,2,2,3,2,3,6	0,0,1,0,0,0,0,0,0,0	1,0,0,2,3,1,2,1,0,2	93	75
1331	155,161,131,106,143,140,168,116,109,130	1,2,0,0,2,0,1,1,0,0	122,127,125,144,87,156,170,102,127,118	2,0,3,0,1,1,1,0,0,2	114	75
1334	0,1,0,0,0,1,0,0,1,0	1,1,1,0,0,0,1,0,0,1	1,0,0,0,0,0,1,0,0,0	0,0,0,3,1,0,1,1,1,0	112	75
1336	31,40,30,38,25,21,36,41,24,49	0,0,0,0,2,0,2,1,0,1	34,43,24,44,36,47,51,34,39,29	0,0,0,0,0,2,0,0,0,2	1353	75
1337	1,1,4,5,4,1,2,1,6,2	0,0,0,1,0,2,3,1,0,0	7,1,2,1,3,2,3,1,0,2	1,2,0,1,2,4,0,0,3,1	92	75
1338	11,12,8,13,14,9,9,7,13,16	2,2,2,4,1,4,1,1,2,0	15,14,6,8,13,2,10,16,23,11	1,1,0,3,1,2,2,0,2,1	92	75
1339	3,3,2,3,2,1,3,4,0,1	0,0,0,0,0,0,0,0,0,0	3,1,0,0,0,3,3,0,2,3	0,0,0,0,1,0,0,0,0,0	92	75
1340	4,5,3,4,4,1,6,5,3,4	9,5,7,1,5,3,7,3,4,3	4,5,4,2,3,5,3,4,4,6	3,3,9,8,2,1,4,6,2,3	92	75
1342	22,22,17,12,16,12,13,20,14,32	2,1,1,3,0,2,3,7,3,4	16,11,12,18,13,15,15,19,17,12	0,3,2,2,2,3,2,2,0,1	78	75
1343	5,4,3,2,5,3,1,4,1,3	0,3,1,3,2,1,1,0,1,1	9,3,3,3,4,1,12,4,7,5	2,0,2,2,0,0,1,0,2,1	78	75
1345	20,17,22,30,22,23,23,19,14,27	41,36,54,33,51,24,36,42,26,51	23,29,19,24,25,21,24,27,22,33	56,46,35,39,31,33,30,31,62,35	227	75
1346	0,0,0,0,0,0,0,0,0,0	24,26,29,23,16,11,26,17,16,22	1,0,0,0,0,0,0,0,0,1	16,33,15,19,32,19,29,20,22,25	107	75
1350	1,3,3,6,5,3,5,4,8,4	3,3,1,4,0,1,0,2,4,2	1,1,4,2,8,5,7,2,8,5	1,0,0,3,0,1,0,0,1,0	80	75
1351	25,31,20,34,35,32,12,45,29,21	10,13,8,10,8,4,9,11,8,10	28,24,25,31,25,37,40,42,32,37	7,8,8,6,3,8,20,8,5,8	78	75
1353	0,0,0,0,0,0,0,0,0,0	99,125,116,102,122,67,115,119,122,134	0,0,0,1,0,0,0,0,0,0	88,92,134,139,129,118,129,116,168,169	94	75
1354	148,156,133,127,148,128,134,139,126,164	3,3,4,3,2,5,3,5,11,4	131,125,116,148,134,156,158,160,153,149	3,4,3,7,7,7,1,1,4,3	80	75
1355	91,79,45,77,92,71,82,78,90,80	1,0,0,0,0,1,0,0,0,0	106,106,64,73,72,69,92,73,82,83	0,1,0,0,0,0,0,0,0,0	231	75
1356	0,0,0,0,0,0,0,0,0,0	1,0,1,0,0,1,2,0,0,0	0,0,2,0,2,0,0,0,1,0	0,0,0,0,0,0,0,0,0,0	78	75
1357	4,4,13,8,12,9,8,2,6,6	1,2,0,1,3,1,0,1,2,0	1,4,6,4,8,2,7,14,15,10	0,0,0,1,2,0,0,0,0,1	108	75
1358	2,7,5,2,5,1,2,6,6,1	0,1,1,0,0,0,0,0,0,0	1,8,2,0,4,5,0,2,6,8	0,0,3,0,0,0,0,2,0,0	78	75
1359	19,26,22,26,21,10,27,30,26,25	2,1,0,3,2,3,1,0,0,2	29,23,37,24,16,25,27,22,31,22	1,3,0,2,3,3,0,3,1,2	959	75
1360	2,1,1,0,3,4,2,4,2,2	0,3,0,0,1,0,1,0,2,0	3,5,2,1,2,2,2,0,3,5	0,0,0,0,0,1,0,0,1,0	96	75
1361	7,6,1,9,2,3,6,6,8,3	0,0,0,2,0,1,0,0,1,0	2,5,4,6,4,1,5,7,7,3	0,1,1,0,0,0,1,0,0,0	106	75
1362	0,0,0,0,0,2,0,0,0,0	16,13,16,13,12,9,17,10,14,11	0,0,0,1,0,0,0,0,0,0	15,15,32,25,22,17,18,25,17,20	98	75
1363	1,1,0,1,1,1,0,0,1,2	8,11,9,12,15,10,13,13,16,9	0,1,1,0,0,1,0,0,2,1	10,12,8,14,21,11,19,14,8,14	94	75
1364	29,26,23,21,28,33,24,29,18,29	0,0,0,0,1,0,0,0,0,0	24,28,23,34,25,23,24,28,27,24	0,0,0,0,0,0,0,0,0,0	84	75
1367	7,3,3,3,10,3,7,4,4,5	0,0,1,0,0,0,0,0,1,1	3,6,2,4,8,8,9,3,4,9	0,0,0,0,0,0,0,0,0,0	1329	75
1370	60,59,65,57,38,45,44,55,64,54	0,0,0,1,1,0,0,0,2,0	71,51,51,64,49,49,55,67,59,49	1,0,1,0,1,0,0,3,1,0	122	75
1373	1,0,0,0,0,0,0,1,0,0	13,20,18,21,17,13,14,17,10,21	0,0,0,0,0,0,0,0,0,0	18,18,22,9,18,21,18,22,13,18	122	75
1379	13,17,10,10,13,13,15,17,15,13	1,2,2,2,1,0,0,1,3,4	13,14,11,16,11,22,12,13,14,18	1,1,4,0,2,0,1,0,1,1	93	75
1380	69,66,54,52,50,50,53,46,52,66	5,7,1,9,3,5,3,4,8,4	48,45,44,63,67,63,63,48,41,40	9,13,1,5,9,12,8,3,6,5	90	75
1381	70,66,54,52,50,50,55,46,52,66	3,5,4,1,0,6,0,5,4,1	48,45,45,63,67,63,63,48,41,40	3,3,2,3,4,3,3,1,0,0	93	75
1382	6,7,1,9,3,5,5,4,8,4	3,5,4,1,0,6,0,5,4,1	9,13,2,5,9,12,8,3,6,5	3,3,2,3,4,3,3,1,0,0	78	75
1383	1,0,2,1,2,1,2,3,0,2	9,5,11,10,5,6,3,8,5,17	1,2,2,1,1,1,2,4,1,0	6,14,6,4,4,3,5,8,11,8	78	75
1388	0,1,1,0,1,0,1,1,2,1	22,18,20,14,16,19,25,20,16,23	1,0,0,0,0,0,2,0,2,0	19,12,18,25,24,22,27,27,24,20	137	75
1389	5,8,12,7,9,14,8,10,11,11	0,0,0,0,1,0,0,0,0,1	9,18,12,8,13,11,10,5,13,8	0,0,0,1,0,0,0,0,0,3	104	75
1393	4,6,5,3,1,1,0,4,1,1	4,5,4,8,6,13,2,9,6,6	2,5,5,3,4,4,5,6,0,6	8,7,10,6,10,7,3,8,2,3	1028	75
1394	2,0,2,1,0,1,1,0,2,0	3,0,3,1,3,1,1,3,3,0	0,1,2,0,1,2,0,0,2,1	1,0,1,1,1,2,2,0,1,0	158	75
1395	232,203,180,198,221,204,206,193,193,212	0,0,0,0,0,0,0,0,0,0	170,184,156,206,225,226,227,226,186,194	1,0,0,0,0,2,0,0,0,0	149	75
1396	17,20,23,24,24,18,22,22,17,14	0,4,2,0,0,3,6,2,2,0	23,28,28,19,17,27,18,23,13,12	1,4,0,2,3,2,3,3,3,3	177	75
1397	18,30,34,31,30,22,24,26,25,23	0,4,2,0,0,3,6,2,2,0	27,32,32,32,22,32,23,29,18,20	1,4,0,2,3,2,3,3,3,3	186	75
1398	4,11,12,11,10,6,4,5,10,10	3,1,1,4,4,2,2,1,2,1	7,7,6,13,6,6,7,8,5,8	3,3,2,0,1,1,2,2,0,0	84	75
1401	31,38,27,26,27,21,29,26,24,22	2,1,2,0,0,0,2,0,1,2	26,27,27,28,37,32,20,38,34,32	3,1,1,0,2,2,1,3,2,2	108	75
1402	221,201,184,210,183,205,181,213,163,201	19,24,10,22,19,25,19,16,17,24	215,183,173,180,167,186,185,200,245,208	25,27,13,22,20,27,29,28,16,24	78	75
1408	5,4,3,3,2,5,8,2,1,2	32,35,27,19,23,27,33,29,23,15	3,3,3,4,2,1,2,3,3,2	13,26,18,15,20,29,20,26,21,32	662	75
1409	3,3,3,2,1,5,1,1,3,2	20,27,19,20,18,24,21,15,19,21	4,5,5,5,6,4,5,2,1,2	25,16,15,29,20,19,17,23,20,20	138	75
1410	66,74,55,78,74,81,70,62,71,74	4,2,5,1,8,1,2,0,1,4	82,59,56,42,65,68,63,64,73,46	2,7,3,2,2,5,3,4,4,0	112	75
1411	839,847,611,678,692,833,690,682,722,802	106,104,74,108,79,83,104,80,108,100	917,688,831,854,852,837,773,935,971,789	114,80,116,106,121,104,109,111,116,79	195	75
1412	3,10,6,11,5,10,4,11,13,4	2,7,5,2,3,6,4,1,6,4	11,13,11,11,10,7,13,6,6,12	6,3,5,6,1,6,4,6,5,6	78	75
1413	50,57,53,62,41,66,69,61,53,52	0,0,0,0,0,0,0,0,1,0	52,71,66,63,73,60,64,66,57,71	0,0,0,0,0,0,0,0,0,0	82	75
1415	155,164,119,133,104,139,145,141,135,140	46,22,24,21,25,24,20,29,27,17	180,143,162,152,169,135,151,136,165,135	35,24,19,33,22,32,19,24,25,18	78	75
1416	255,240,196,185,180,202,226,203,201,211	29,37,23,18,22,24,24,19,30,24	271,224,231,228,247,203,215,195,244,201	28,25,17,36,15,36,26,31,27,25	99	75
1417	146,98,101,73,101,87,101,91,93,88	29,37,23,18,22,24,24,19,30,24	126,105,88,109,100,100,83,83,104,84	28,25,17,36,15,36,26,31,27,25	96	75
1418	280,238,196,176,218,243,270,240,217,215	208,208,160,163,150,183,210,224,199,227	281,240,221,226,241,226,252,204,274,214	187,196,191,197,237,206,181,211,201,145	1472	75
1419	228,231,155,150,155,158,184,195,190,180	90,90,83,71,79,65,82,61,72,93	206,140,164,193,165,212,177,172,217,168	71,69,56,76,80,87,83,98,84,73	216	75
1421	0,3,0,1,1,0,0,0,0,0	0,0,0,0,0,0,0,0,0,0	1,1,0,0,0,0,1,0,0,0	0,0,0,0,1,0,0,0,0,0	111	75
1422	126,117,94,98,125,97,89,125,106,102	5,4,5,5,7,3,3,2,0,3	144,102,100,104,96,107,128,103,123,116	1,2,5,3,0,7,7,3,2,8	148	75
1423	5,6,4,6,12,11,2,5,1,6	0,0,0,0,0,0,1,0,0,0	6,7,4,8,3,6,9,11,13,11	0,1,0,1,0,4,0,0,0,2	104	75
1424	5,5,7,3,4,7,9,12,6,6	0,0,0,0,0,0,0,0,0,0	7,4,15,3,5,5,9,7,15,4	0,1,0,0,0,0,0,0,0,0	175	75
1425	0,0,1,0,0,0,2,0,0,2	0,0,0,0,0,0,0,0,0,0	0,0,1,0,3,2,2,0,0,2	1,2,0,0,1,0,1,0,1,1	131	75
1427	0,0,0,0,1,2,0,0,0,0	2,0,0,0,0,0,1,0,1,4	0,0,1,2,2,0,1,0,1,1	0,0,0,0,0,0,1,1,0,0	78	75
1428	97,89,83,69,87,88,86,74,63,96	0,0,0,0,0,0,0,0,0,0	78,89,89,90,76,87,72,75,89,92	0,0,0,0,0,0,0,0,0,1	284	75
1429	0,0,0,0,0,0,1,0,0,0	20,9,17,12,19,12,12,12,8,21	0,1,0,0,0,1,0,0,0,2	17,22,12,8,12,13,18,11,20,10	130	75
1430	7,3,14,3,7,5,9,3,3,7	0,0,0,0,0,0,0,0,1,0	11,6,4,11,5,8,4,6,4,3	0,0,0,1,0,0,0,0,0,1	89	75
1431	2,4,5,3,3,3,4,0,1,1	0,0,0,0,0,1,0,0,0,0	1,7,5,2,2,1,4,2,3,2	0,0,0,0,0,0,0,0,0,0	79	75
1432	0,1,1,0,1,0,1,2,0,2	0,1,3,0,3,0,1,0,0,0	0,3,1,0,1,1,1,3,0,1	2,1,2,5,1,0,1,2,3,2	78	75
1434	25,17,26,25,26,17,22,21,17,26	3,3,1,1,1,0,3,0,2,4	24,21,25,24,25,23,27,14,20,20	2,0,0,5,1,0,0,2,1,0	103	75
1435	145,121,106,120,122,116,113,115,94,130	3,3,1,1,1,0,3,0,2,4	122,136,116,140,127,121,135,154,142,128	2,0,0,5,1,0,0,2,1,0	180	75
1436	136,114,93,106,105,109,105,104,90,115	16,10,13,11,9,10,14,10,13,11	110,121,98,124,116,111,122,145,130,117	12,6,7,8,14,13,14,5,8,9	152	75
1438	4,2,5,4,7,9,4,5,6,4	0,1,1,0,0,0,1,0,0,0	8,6,3,4,2,6,9,3,8,9	0,0,0,0,0,0,0,0,0,1	99	75
1440	56,63,62,60,52,60,48,54,45,48	0,1,0,1,0,2,3,4,0,0	57,49,55,47,50,59,58,58,51,50	1,2,1,3,0,1,2,0,2,0	97	75
1443	8,13,6,10,15,14,13,10,6,20	7,13,4,10,9,13,5,8,7,3	14,9,7,5,13,11,10,16,19,9	8,9,10,9,4,10,11,7,14,17	293	75
1444	4,4,8,9,9,9,8,8,7,4	70,61,57,53,76,65,51,58,52,64	9,14,12,15,9,5,6,12,13,5	51,73,35,50,60,50,60,51,59,44	78	75
1445	21,43,30,32,27,36,20,40,23,41	4,4,0,9,2,2,3,1,1,2	48,34,37,37,32,52,45,44,48,33	4,1,5,3,5,3,2,0,4,2	135	75
1447	434,469,393,340,436,322,421,338,396,507	0,0,0,0,0,0,1,0,0,0	457,393,416,433,445,402,445,450,419,404	0,0,0,0,0,0,0,0,0,0	84	75
1448	2075,2053,1864,2085,1900,1906,2180,2217,2004,2300	0,0,0,0,0,0,0,0,0,0	2170,2162,2168,2315,2115,1992,2087,2288,2622,2245	0,0,1,0,0,0,0,0,0,0	1400	75
1449	71,53,52,40,69,47,59,47,36,48	0,0,0,0,0,0,0,1,1,0	38,34,39,38,58,60,62,33,47,46	0,0,0,0,0,0,0,1,0,0	103	75
1450	54,44,38,36,50,37,52,31,19,45	0,0,0,0,0,1,0,0,0,0	33,25,29,35,45,48,36,29,40,33	0,0,0,0,0,0,2,0,0,0	103	75
1451	1,0,3,0,1,4,1,1,3,0	0,0,3,2,1,0,1,2,0,4	2,2,2,1,1,4,1,0,1,1	1,4,0,1,0,0,0,1,1,2	181	75
1452	4,0,7,1,2,5,3,3,0,3	81,69,54,52,48,55,60,47,36,54	2,2,1,4,0,5,3,1,3,2	63,49,55,51,36,52,55,46,63,48	119	75
1455	6,6,6,7,16,2,4,5,8,5	0,2,1,1,0,2,0,1,1,0	6,8,5,4,7,4,5,9,4,8	1,0,1,1,1,1,1,0,2,0	123	75
1456	4,2,4,4,0,2,3,4,5,1	0,1,1,1,0,1,0,0,1,1	6,5,3,6,3,2,0,1,8,2	2,2,1,2,0,0,1,5,1,0	176	75
1457	43,45,37,52,39,39,31,50,50,36	24,18,12,6,8,16,17,18,10,8	43,42,46,66,29,62,48,62,52,61	16,16,16,32,15,25,16,31,16,15	78	75
1458	0,0,0,0,0,0,0,0,0,0	0,0,0,0,0,1,0,1,0,0	0,0,0,1,0,0,0,0,1,0	1,0,0,3,0,0,0,0,1,1	78	75
1460	10,14,15,8,11,18,12,13,13,19	0,0,0,0,1,0,0,0,0,1	11,21,8,5,10,13,12,11,15,14	0,0,0,0,0,0,0,0,0,0	90	75
1461	164,210,168,178,157,144,176,187,147,196	36,27,24,33,33,25,29,31,31,24	212,234,149,215,147,218,206,179,180,187	34,32,14,28,29,30,45,33,35,40	90	75
1462	11,13,16,20,18,12,17,19,9,18	317,292,226,283,292,277,242,244,225,249	11,15,17,16,9,24,15,12,14,11	289,270,222,251,246,317,279,241,218,207	99	75
1463	150,117,114,112,121,144,138,138,106,129	171,175,151,138,164,163,177,149,155,191	149,108,107,127,103,151,130,117,143,112	158,159,158,131,171,162,131,154,163,173	132	75
1464	83,52,53,60,62,57,69,59,51,64	0,0,1,4,0,2,3,2,1,1	69,57,50,66,63,66,71,71,56,63	0,2,1,5,0,2,0,4,1,4	132	75
1465	42,34,33,23,39,34,39,29,38,38	210,219,189,166,201,186,203,202,194,213	57,37,33,40,27,39,47,38,42,44	204,194,174,203,172,234,191,182,223,180	96	75
1466	34,35,29,22,22,39,38,40,26,21	19,11,16,10,9,17,19,12,11,9	27,24,30,20,19,36,24,32,40,32	16,22,20,15,9,21,13,14,17,18	78	75
1467	52,64,60,50,45,59,60,60,53,47	1,0,0,1,0,0,0,0,1,0	64,47,52,64,32,69,72,58,62,59	1,0,0,0,1,0,0,0,1,0	100	75
1468	0,1,0,0,0,0,0,1,0,0	0,0,0,0,0,2,0,0,0,0	1,0,2,0,0,0,1,0,1,1	0,0,0,0,0,0,0,0,0,0	221	75
1469	21,28,21,24,23,23,40,31,28,23	0,1,0,1,0,0,0,0,1,1	27,26,22,25,27,23,34,32,26,27	0,0,1,0,0,1,0,0,1,0	78	75
1470	5,4,0,5,3,1,0,2,1,2	99,103,113,103,100,84,110,76,106,99	3,1,3,2,3,3,3,2,2,1	122,124,110,117,108,104,96,119,139,115	101	75
1471	0,0,0,0,1,0,0,0,0,0	1,0,0,0,1,0,0,0,0,1	0,0,0,0,0,0,0,0,0,0	1,0,0,0,0,0,3,0,0,0	78	75
1472	0,0,0,0,0,0,1,0,0,0	3,5,2,1,7,3,6,3,1,5	2,0,0,0,0,0,1,0,0,0	7,2,5,0,2,1,2,3,3,2	78	75
1473	121,112,126,87,128,84,107,89,82,108	3,5,2,1,7,3,6,3,1,5	117,119,70,94,135,88,95,121,136,97	7,2,5,0,2,1,2,3,3,2	369	75
1474	121,112,126,87,128,84,107,89,82,108	0,0,0,0,0,0,1,0,0,0	117,119,70,94,135,88,95,121,136,97	2,0,0,0,0,0,1,0,0,0	366	75
1475	9,19,18,26,23,20,15,13,12,13	58,49,40,33,37,36,30,39,34,48	22,17,17,18,17,23,14,20,26,19	57,41,47,40,36,46,36,63,67,42	78	75
1476	50,70,58,45,59,63,42,63,52,51	3,2,1,2,0,1,1,0,1,1	67,49,61,43,63,61,58,56,50,60	0,2,1,2,1,0,0,0,0,1	501	75
1481	0,0,0,1,1,1,1,0,0,0	0,0,0,1,0,0,1,0,1,1	1,0,0,0,1,0,0,1,1,0	0,0,0,0,0,0,0,1,0,0	327	75
1482	0,0,0,1,1,0,1,0,0,1	0,0,0,0,0,0,0,0,0,0	1,0,0,0,1,0,0,0,0,0	0,1,0,0,0,0,0,0,0,0	327	75
1483	50,49,38,34,45,40,39,51,39,48	0,0,0,0,1,0,0,0,0,0	46,43,49,46,33,30,36,54,73,50	1,0,0,1,0,0,2,0,0,0	1447	75
1484	53,53,43,40,33,46,38,36,38,42	0,0,0,0,0,0,0,0,0,1	47,39,41,37,34,46,42,58,37,40	0,0,0,0,0,0,0,0,0,0	2560	75
1486	5,4,2,5,5,5,5,5,4,9	104,113,94,110,107,97,123,107,91,150	2,3,5,5,3,2,4,8,3,1	118,98,105,115,112,116,112,139,156,135	99	75
1487	4,1,2,2,1,5,3,1,2,1	23,28,20,17,31,33,29,21,23,24	2,5,3,3,0,1,5,0,2,1	35,20,18,36,28,25,17,28,38,38	258	75
1488	122,133,94,87,108,99,129,117,116,112	0,0,0,0,0,0,1,0,2,0	123,125,83,110,92,115,103,89,119,84	0,1,1,0,0,0,0,0,0,0	955	75
1489	0,0,0,0,0,0,1,0,0,0	11,14,7,8,4,10,10,8,9,8	0,0,0,1,0,0,0,2,0,0	6,10,8,8,9,2,5,7,10,3	97	75
1490	28,24,27,25,28,13,27,25,24,34	3,3,0,0,0,6,4,2,0,4	25,19,23,30,25,40,29,29,36,24	4,2,2,2,1,0,0,1,4,0	103	75
1491	6,10,9,4,14,7,5,8,9,2	244,232,224,211,238,251,258,199,230,266	2,12,3,11,4,9,6,5,9,8	237,239,217,230,262,246,223,309,258,262	129	75
1494	33,35,36,40,52,45,56,35,53,32	0,0,0,1,0,0,0,1,1,0	34,38,36,32,60,49,52,20,39,32	1,0,0,0,0,2,2,1,0,0	78	75
1495	105,69,71,83,72,83,73,97,81,114	1,3,4,6,6,4,9,2,4,11	96,111,89,83,86,69,85,77,107,91	6,5,4,2,7,5,8,6,3,4	294	75
1496	19,13,19,21,16,17,16,14,20,20	7,0,0,2,1,0,0,0,0,2	11,21,16,16,20,14,10,19,18,14	0,0,0,0,1,0,1,2,3,2	102	75
1497	1,1,0,1,0,0,0,0,1,0	0,0,0,0,0,0,0,0,1,0	0,0,1,1,0,1,0,0,0,0	0,0,0,0,0,0,0,0,0,0	79	75
1498	0,0,0,0,0,0,1,1,1,0	0,0,0,0,0,0,0,0,0,0	1,0,0,0,0,2,1,0,1,1	0,0,1,0,0,0,0,0,0,0	79	75
1499	54,50,32,49,42,51,49,45,45,46	0,0,0,0,0,0,0,0,0,0	44,44,48,48,55,41,44,42,50,50	0,0,0,1,0,0,0,1,1,1	148	75
1500	1,0,1,2,0,1,3,2,2,3	142,131,124,123,167,127,157,136,128,160	1,0,1,1,1,2,1,0,2,2	160,152,133,143,158,146,153,148,167,135	147	75
1501	56,54,37,31,35,24,41,39,49,46	0,0,1,0,0,0,0,0,0,0	33,44,41,42,42,36,28,51,54,51	0,0,0,0,0,0,0,0,0,0	1983	75
1502	69,63,52,50,67,75,70,71,65,73	1,3,2,4,0,2,1,0,2,0	89,72,70,57,66,53,71,86,69,61	0,2,0,1,0,1,0,2,4,1	86	75
1503	3,2,4,2,3,6,5,3,3,5	213,162,173,173,183,184,220,194,168,232	4,5,4,3,3,2,4,2,6,3	181,196,167,236,184,212,163,226,225,189	127	75
1504	27,11,11,15,11,15,20,19,16,16	14,9,8,13,14,13,9,8,9,18	25,11,23,23,26,31,21,25,22,24	13,6,9,13,3,15,4,15,7,18	78	75
1505	13,5,9,14,10,14,5,19,14,23	0,0,1,1,0,0,1,0,0,0	11,14,18,16,9,11,13,15,17,23	1,0,1,0,0,0,0,0,0,0	116	75
1506	1,0,0,1,0,2,0,2,3,0	70,78,51,57,58,71,56,58,60,86	1,1,1,1,0,2,1,0,5,0	77,51,61,62,71,61,50,70,79,68	124	75
1509	58,69,53,45,71,66,64,69,45,72	0,0,0,0,0,1,0,0,0,0	67,41,40,64,67,48,72,63,75,46	0,1,0,0,1,0,0,0,0,1	78	75
1511	0,3,2,1,6,2,2,3,3,2	20,25,29,24,18,22,28,28,31,15	3,1,7,4,0,2,1,2,1,2	21,23,23,36,34,33,29,29,26,17	93	75
1512	90,99,81,72,86,79,87,84,64,68	6,9,2,3,3,4,3,1,3,3	86,89,88,92,59,77,72,75,76,80	7,1,3,4,1,4,4,3,6,3	84	75
1513	112,129,94,87,105,94,97,101,78,78	0,0,0,1,0,2,2,2,0,2	99,101,101,106,77,89,90,88,87,92	3,3,0,0,1,0,0,1,1,0	87	75
1514	28,39,15,18,22,19,13,18,17,13	0,0,0,1,0,2,2,2,0,2	20,13,16,18,19,16,22,16,17,15	3,3,0,0,1,0,0,1,1,0	78	75
1515	135,150,128,100,156,135,125,155,127,112	3,4,10,4,8,6,5,1,4,6	128,148,109,137,137,136,137,149,148,131	9,5,7,6,3,7,7,7,4,9	78	75
1516	0,0,0,0,0,0,0,0,0,0	23,16,29,16,20,17,21,24,18,23	0,0,1,0,0,0,0,0,0,3	26,22,6,12,26,19,20,25,31,24	116	75
1517	1,0,1,0,0,1,1,0,0,0	25,16,10,15,13,18,22,11,15,22	1,0,3,0,1,0,0,1,0,1	23,12,19,10,12,14,9,15,15,13	156	75
1518	21,32,32,23,34,23,27,23,17,25	2,2,1,2,1,4,3,3,2,3	10,24,18,17,13,27,21,30,27,14	2,2,0,2,2,0,1,3,1,0	98	75
1519	21,32,32,24,34,23,27,23,17,25	2,2,1,4,0,3,6,2,2,2	10,24,18,17,13,27,21,30,27,14	1,2,4,3,5,1,6,1,6,2	101	75
1520	30,35,39,30,39,31,31,32,20,34	0,1,0,0,0,0,0,0,0,0	16,27,27,26,20,27,29,38,34,23	1,1,0,0,0,0,0,0,0,0	234	75
1521	2,2,1,3,1,4,3,3,2,3	2,2,1,4,0,3,6,2,2,2	2,2,0,2,2,0,1,3,1,0	1,2,4,3,5,1,6,1,6,2	78	75
1522	35,46,50,49,35,54,47,31,23,49	3,1,1,3,3,3,0,1,4,0	44,50,36,42,35,31,37,44,69,46	4,3,2,5,1,3,4,3,5,1	102	75
1523	27,47,45,30,29,41,42,26,25,43	0,0,0,0,0,0,0,0,0,0	37,40,27,31,35,31,26,36,43,36	0,0,0,0,0,1,0,0,0,0	245	75
1524	1,0,3,2,0,0,0,0,0,1	60,54,38,47,53,49,67,76,34,45	0,0,0,0,0,0,0,2,1,2	45,71,59,54,39,53,55,56,64,64	92	75
1525	5,3,5,5,0,8,7,3,3,3	0,0,0,0,0,1,0,0,0,0	9,4,7,7,8,5,4,8,5,4	0,0,0,0,0,0,0,1,0,0	78	75
1526	2,0,0,1,1,1,1,1,0,3	0,0,0,2,2,0,0,1,0,0	0,0,1,0,1,0,0,0,0,3	0,1,0,0,0,0,0,0,3,0	78	75
1527	328,326,285,316,355,244,355,290,319,325	4,1,0,1,3,1,1,0,1,0	262,331,306,364,329,317,293,359,316,337	1,0,2,1,1,1,1,2,1,6	321	75
1528	5,1,1,2,0,2,3,1,0,1	227,210,184,180,193,190,201,202,195,236	1,0,1,0,1,3,0,2,0,3	222,240,213,214,212,182,211,218,204,190	78	75
1529	9,3,8,4,8,7,8,6,5,8	248,235,203,209,188,204,231,250,225,290	5,8,5,4,5,4,8,10,7,14	239,264,200,260,233,272,252,219,273,249	130	75
1530	1,1,0,0,1,0,0,0,0,0	12,16,13,14,5,18,14,8,18,10	0,0,0,0,0,0,0,1,1,0	13,20,11,24,12,16,13,15,10,15	92	75
1531	6,4,4,2,5,4,7,7,3,5	0,0,0,0,1,0,0,0,1,0	4,7,2,4,5,1,4,2,4,7	0,1,0,0,1,0,0,0,0,0	78	75
1532	29,35,29,25,23,23,23,24,26,27	1,0,0,0,0,1,0,0,0,0	25,31,27,29,31,28,22,20,18,23	0,0,0,2,2,1,0,0,0,2	78	75
1533	265,282,227,235,218,247,250,243,233,243	50,90,51,58,49,80,75,67,61,77	249,259,198,253,233,274,238,225,220,187	70,58,63,80,55,69,78,65,88,74	78	75
1534	1,0,0,2,2,0,0,1,3,0	0,0,0,0,0,0,0,0,0,0	0,0,0,1,2,2,1,1,0,0	0,0,0,0,0,1,0,0,0,0	144	75
1536	0,0,0,2,2,0,2,1,0,2	19,21,29,23,19,12,21,18,19,19	1,0,0,1,0,2,0,0,1,1	16,37,18,28,22,26,20,25,27,22	95	75
1540	2,4,1,1,2,0,2,0,1,2	74,76,63,57,83,97,88,62,65,108	2,1,2,2,2,3,0,2,5,3	70,97,66,78,87,90,82,108,114,95	163	75
1541	510,551,745,643,811,657,600,569,606,642	62,54,86,81,93,87,81,64,59,109	591,800,545,595,589,468,653,951,981,994	77,104,74,54,74,57,92,107,114,119	128	75
1542	25,21,23,18,31,28,30,30,21,27	0,0,0,1,0,0,0,0,0,0	29,37,20,26,29,30,17,43,42,50	0,0,0,0,0,0,0,0,0,0	90	75
1543	3,1,2,1,3,0,5,1,1,1	23,14,23,19,11,6,16,15,12,18	3,1,2,2,1,1,1,1,2,0	17,17,7,14,15,15,12,16,28,14	209	75
1544	1,0,0,1,2,3,2,2,1,2	38,52,31,30,48,36,40,43,39,71	2,2,5,1,2,1,1,0,2,5	47,39,27,48,50,36,45,39,47,51	173	75
1545	3,2,4,1,9,3,2,4,3,1	1,0,1,2,3,4,4,1,2,0	1,3,5,7,1,7,4,1,2,2	0,0,1,2,2,1,2,0,0,2	78	75
1546	0,0,1,1,2,1,0,1,0,1	50,32,30,48,46,35,39,32,33,50	0,0,1,0,1,1,1,0,0,0	42,47,35,39,36,41,40,40,35,29	306	75
1547	258,243,159,179,214,184,191,170,165,270	2,5,2,1,2,4,1,2,0,10	251,219,220,214,206,220,202,246,239,203	9,1,2,1,3,1,3,4,1,1	110	75
1548	2,2,4,2,3,1,2,2,3,1	1,0,0,0,0,0,0,0,0,0	4,2,1,2,1,0,2,0,4,3	1,0,0,0,0,0,1,3,2,1	117	75
1549	5,6,10,1,2,1,5,1,8,3	1,0,0,0,0,0,0,0,0,0	7,2,3,4,1,4,4,1,8,6	1,0,0,0,0,0,1,3,2,1	147	75
1550	3,5,8,0,1,0,4,0,7,3	0,1,2,1,2,0,1,1,2,1	3,1,2,4,0,4,3,1,5,4	0,1,0,2,0,0,1,0,1,1	105	75
1551	0,0,0,1,1,0,0,0,0,0	0,1,3,5,2,1,0,1,0,0	0,0,0,0,0,0,0,0,0,0	1,1,1,2,1,2,4,3,2,1	175	75
1556	73,51,54,49,68,46,63,57,39,53	0,7,2,4,3,4,2,2,1,2	55,65,46,56,55,52,66,73,52,66	2,5,1,1,1,3,1,0,3,0	200	75
1557	122,128,110,115,118,105,121,109,134,119	0,0,0,0,1,0,0,0,0,0	131,120,120,133,105,119,112,132,150,138	0,0,0,0,0,0,1,0,0,0	143	75
1560	2,4,2,5,5,2,5,4,2,3	4,7,10,3,7,2,9,9,9,10	3,1,2,5,1,5,4,4,2,1	5,6,6,9,10,23,6,5,5,3	78	75
1561	0,4,7,1,2,3,2,0,3,2	108,118,80,107,106,98,110,76,77,104	1,0,0,3,3,3,4,4,1,5	118,106,114,106,105,101,102,106,126,103	97	75
1562	0,1,2,1,2,1,2,1,1,0	13,12,6,10,8,8,18,17,10,18	1,1,0,1,1,2,0,4,3,2	14,12,11,12,10,20,14,9,16,8	195	75
1563	20,26,21,19,19,24,18,25,17,24	0,1,0,0,1,0,0,0,1,0	22,30,24,26,15,27,31,32,38,30	1,2,0,0,0,0,1,1,0,2	365	75
1564	7,3,7,3,4,4,4,0,4,1	34,27,39,34,39,42,38,33,28,36	3,4,3,2,1,2,5,1,6,7	39,34,34,34,26,31,30,55,36,51	141	75
1566	14,9,15,17,10,11,18,8,5,17	46,39,36,40,27,23,41,33,31,41	13,24,21,12,12,8,15,9,19,12	30,28,41,30,32,22,50,32,41,42	78	75
1567	28,15,32,25,11,10,28,15,18,28	34,45,34,51,45,45,34,28,44,49	25,31,29,16,26,12,18,29,25,15	43,49,43,50,50,24,27,39,39,26	81	75
1568	82,90,80,91,89,57,63,81,78,91	0,1,0,1,0,0,1,0,2,0	84,79,83,83,69,88,68,95,96,94	1,0,3,1,1,0,0,0,0,0	132	75
1570	1,4,2,2,0,1,2,5,2,4	418,339,365,444,383,457,405,374,391,436	1,0,1,2,1,1,1,1,5,1	474,359,358,344,551,440,339,342,377,298	111	75
1571	264,203,218,245,188,230,228,207,269,248	0,0,0,2,0,1,0,0,0,1	260,225,213,212,287,215,225,212,211,158	0,1,0,0,3,1,0,0,1,0	166	75
1572	681,538,581,687,571,686,631,576,658,680	0,0,0,2,0,1,0,0,0,1	733,584,570,554,837,654,563,553,583,455	0,1,0,0,3,1,0,0,1,0	130	75
1573	47,31,23,18,33,30,29,12,30,15	0,4,2,0,0,2,1,3,0,1	18,11,25,31,35,28,27,24,31,15	0,0,0,2,2,1,4,0,2,1	130	75
1574	45,31,25,22,34,28,27,16,28,17	39,29,25,26,17,33,39,29,40,36	18,11,27,33,36,29,32,26,32,16	39,31,35,50,34,32,31,26,36,44	130	75
1575	0,2,2,5,2,4,7,2,2,4	75,75,65,68,61,59,59,64,62,71	3,2,0,5,3,3,0,3,4,5	84,63,71,63,81,77,64,71,52,48	107	75
1576	7,6,8,3,6,12,14,13,6,3	6,3,3,8,10,6,5,1,3,9	8,12,10,12,4,2,5,12,10,14	6,3,7,6,4,2,10,5,8,10	78	75
1577	473,494,412,360,399,321,518,404,356,415	1,1,0,1,0,0,0,0,0,3	413,420,432,426,381,457,359,441,356,355	0,1,1,0,0,0,0,1,2,1	149	75
1578	140,123,143,139,177,125,152,128,107,202	1,0,0,1,1,0,0,1,0,1	141,144,121,136,139,142,117,174,172,157	0,0,2,0,0,0,1,0,0,1	143	75
1579	41,50,34,31,33,31,40,24,24,31	0,0,1,0,0,0,0,0,0,1	37,35,39,37,38,41,40,36,44,46	0,2,0,0,0,2,0,1,0,0	80	75
1580	12,15,13,21,25,27,13,20,24,20	3,0,2,1,0,1,0,0,2,0	17,22,19,16,19,8,18,27,29,26	0,0,0,1,1,0,0,0,0,0	80	75
1581	2,0,1,0,1,0,0,1,0,1	12,14,9,12,8,18,8,8,14,9	0,0,0,4,0,0,0,0,0,0	13,14,9,12,10,19,10,16,8,7	103	75
1582	993,941,858,766,887,869,952,867,775,836	0,0,0,0,0,1,0,0,0,0	829,895,716,838,853,862,872,845,826,761	0,0,0,0,0,0,0,0,0,0	1947	75
1583	546,548,482,450,494,526,576,499,452,443	0,0,1,0,0,0,0,0,0,1	482,519,411,444,502,490,496,448,459,430	0,0,0,1,0,0,0,0,0,0	1947	75
1584	21,34,21,13,18,18,18,15,21,23	10,12,11,8,4,11,13,17,7,14	19,18,17,18,20,26,21,19,21,27	16,8,16,8,13,15,8,9,15,9	80	75
1585	2,0,0,0,0,0,0,1,0,0	1,1,0,0,0,0,0,0,0,0	0,0,0,2,0,0,2,1,1,0	0,0,0,0,0,0,0,0,0,0	80	75
1586	114,114,62,62,103,74,97,81,66,92	6,5,7,2,5,10,12,5,3,4	103,84,80,94,77,103,83,85,79,74	9,11,8,6,2,12,4,4,1,2	80	75
1589	39,24,28,22,36,29,37,46,34,24	1,1,1,1,0,0,1,1,0,1	41,23,32,33,39,32,23,25,39,27	0,0,0,1,0,0,0,0,1,0	77	75
1591	84,74,89,71,85,65,72,77,71,102	18,15,16,6,9,11,18,7,14,13	99,71,54,62,85,89,88,64,85,77	8,19,8,8,8,12,12,18,15,14	78	75
1593	15,13,10,8,9,10,6,13,10,21	13,11,5,10,7,5,11,7,2,8	19,9,12,9,9,10,4,14,8,7	9,7,8,6,6,13,5,9,7,1	78	75
1594	53,40,27,16,28,33,41,46,20,37	26,23,19,11,20,19,20,28,17,17	32,31,27,38,23,42,26,29,21,32	19,17,17,13,10,39,19,19,18,17	78	75
1596	1,0,0,1,0,0,0,0,0,0	31,21,40,20,27,37,35,41,29,34	0,0,0,0,0,0,0,0,0,0	28,25,32,29,34,33,32,28,42,19	87	75
1599	42,42,23,42,42,32,40,39,39,49	10,14,13,11,8,9,8,10,12,18	46,30,36,54,21,38,36,71,60,62	18,3,10,9,9,7,11,14,14,10	189	75
1600	4,9,3,13,8,11,10,6,3,9	38,21,24,22,23,28,22,24,32,21	7,5,5,9,2,8,6,2,5,5	21,18,19,16,24,18,38,26,23,27	96	75
1601	0,0,0,1,0,0,0,0,0,0	17,29,21,26,29,14,36,24,24,20	0,0,0,0,0,0,0,0,0,0	24,25,19,33,29,17,26,13,22,18	129	75
1602	38,35,21,22,27,35,29,34,42,37	1,1,0,0,0,0,0,0,0,1	42,38,24,29,31,27,25,37,35,30	3,0,0,0,0,0,0,1,0,0	169	75
1603	2,4,0,2,3,1,1,2,0,0	78,68,60,63,68,54,72,57,50,81	0,3,2,1,1,0,0,0,2,2	81,59,59,69,60,62,61,80,87,74	93	75
1604	9,14,13,13,17,10,17,9,7,5	27,19,23,13,19,20,24,16,20,28	9,11,6,3,19,8,11,13,12,9	18,28,13,22,26,21,20,21,17,27	90	75
1605	49,33,40,34,39,36,40,23,47,41	0,1,0,0,0,1,0,0,0,0	25,30,42,37,38,30,32,30,49,37	0,0,0,1,0,0,0,0,0,0	79	75
1607	0,1,1,0,0,0,0,1,2,1	1,0,2,0,1,0,1,0,0,0	2,0,2,1,0,2,1,2,0,1	1,0,0,0,2,0,0,0,0,0	170	75
1608	0,1,1,1,0,0,0,1,3,1	0,0,0,0,0,0,0,0,0,0	2,0,2,1,0,2,1,2,0,0	0,0,0,0,0,0,0,0,1,0	170	75
1609	5,8,6,4,1,2,4,2,5,2	73,63,50,44,45,63,54,71,56,70	2,4,1,4,3,2,1,2,7,1	73,66,70,66,58,73,70,60,72,59	90	75
1610	12,14,12,8,5,11,12,8,9,10	73,63,50,44,45,63,54,71,56,70	9,10,10,7,12,5,2,6,6,7	73,66,70,66,58,73,70,60,72,59	142	75
1611	11,13,11,8,5,11,12,8,9,10	4,7,5,4,1,2,4,2,5,2	8,10,10,7,12,5,2,6,5,7	1,4,1,4,3,2,1,2,6,1	127	75
1613	4,6,0,0,3,0,2,0,2,3	17,20,29,26,19,23,26,21,24,29	0,2,0,3,1,1,1,3,1,5	21,27,38,26,35,19,21,30,34,20	108	75
1614	39,35,45,29,39,36,51,39,37,32	1,2,0,2,1,0,1,3,3,0	47,41,44,41,45,32,36,36,46,47	2,0,1,0,0,0,0,2,0,0	115	75
1615	0,0,0,0,0,1,0,0,1,0	1,0,0,0,0,0,0,0,0,0	0,1,0,0,0,0,0,0,1,0	0,0,0,0,0,0,0,0,0,0	78	75
1616	928,854,777,741,811,727,923,827,781,949	144,123,118,104,108,108,136,136,139,125	918,856,884,956,915,844,942,793,911,816	136,135,144,138,169,142,138,114,120,124	84	75
1617	48,54,47,43,42,42,52,42,33,66	0,3,4,0,2,2,2,4,1,7	59,50,44,41,54,46,37,41,46,52	4,6,2,3,5,3,1,1,2,6	307	75
1618	39,28,26,20,26,30,29,30,32,25	1,0,1,1,1,0,0,0,0,0	26,16,12,40,22,24,35,48,31,26	0,0,1,2,0,0,0,0,1,0	98	75
1619	117,96,76,83,89,86,88,103,91,100	0,0,0,0,0,0,0,0,0,0	90,88,101,108,76,99,98,118,97,89	0,0,0,0,0,0,1,0,0,0	174	75
1620	57,70,51,57,71,66,73,67,65,65	0,0,0,0,0,4,1,0,0,0	64,72,69,64,66,60,70,79,64,52	1,0,2,0,2,0,1,0,1,0	79	75
1621	0,0,0,0,0,0,0,0,0,0	82,92,78,73,79,82,81,65,69,85	0,0,0,0,0,0,0,0,1,0	71,83,91,82,73,79,69,92,87,64	92	75
1624	3,2,3,1,3,8,3,4,3,2	4,8,2,2,5,2,7,8,4,6	4,3,3,5,5,5,2,1,1,2	1,3,2,2,3,3,3,7,6,2	78	75
1625	0,1,0,0,1,1,0,0,0,1	0,1,1,0,0,0,2,0,0,0	0,1,1,3,0,1,0,1,0,0	0,0,0,2,0,0,1,1,1,0	78	75
1627	6,8,4,11,7,2,5,12,7,10	13,23,13,17,14,19,18,14,13,27	4,7,8,8,11,7,4,7,10,7	17,19,18,8,15,11,12,10,18,13	171	75
1628	0,5,1,4,0,0,0,0,0,2	283,288,211,188,242,264,278,243,214,289	0,0,3,1,0,1,1,0,0,0	296,221,189,309,225,247,269,260,199,193	123	75
1629	373,339,251,259,352,307,332,310,302,322	99,69,48,37,87,82,69,80,48,64	350,302,266,399,287,359,289,296,269,251	84,53,60,77,53,78,68,66,65,42	93	75
1630	196,170,125,149,140,162,191,169,125,201	13,11,2,10,10,6,9,6,7,7	201,141,124,189,164,177,175,154,182,127	8,4,2,5,7,14,6,7,7,4	87	75
1631	127,120,91,116,119,103,118,103,96,118	0,0,0,0,0,0,0,0,0,1	109,103,108,100,92,110,100,123,124,131	0,0,0,0,0,0,0,0,0,0	105	75
1632	268,225,213,212,209,226,234,199,189,262	1,1,0,1,2,2,1,0,0,2	234,221,196,209,235,253,219,231,255,257	0,1,1,0,0,0,0,1,1,0	194	75
1634	103,51,87,98,124,71,84,92,111,110	2,1,2,0,0,0,0,0,0,0	113,63,73,65,91,94,89,126,107,92	1,0,2,1,0,5,0,1,0,0	135	75
1635	0,0,0,0,0,0,0,0,0,0	30,30,26,23,18,18,29,25,21,26	0,0,1,0,0,0,1,0,0,0	24,37,27,13,23,18,30,33,34,38	92	75
1636	37,23,27,33,38,26,32,34,22,23	0,0,0,0,0,0,1,0,1,0	33,26,34,32,38,22,36,38,37,30	0,0,0,0,0,0,0,0,0,0	362	75
1637	24,11,16,19,20,8,18,20,14,9	0,0,0,0,0,0,0,1,0,0	23,15,15,20,23,13,24,26,20,9	0,0,1,0,0,0,0,0,0,0	362	75
1639	2,1,0,5,2,2,4,0,1,3	0,0,0,0,0,0,0,0,1,0	4,1,4,3,5,2,1,5,2,1	0,0,0,0,0,0,0,0,0,0	78	75
1641	0,0,0,0,0,0,0,0,0,0	12,11,10,9,11,6,7,12,8,13	0,0,0,0,2,0,0,0,0,0	6,10,6,7,12,18,10,12,12,9	90	75
1642	0,0,1,0,0,1,0,1,0,0	0,0,0,0,0,0,0,0,0,0	1,0,1,0,0,0,0,0,2,0	1,0,0,0,0,0,0,0,0,0	80	75
1643	0,0,0,2,0,0,0,0,1,0	12,7,14,8,15,12,5,9,8,11	0,0,0,0,0,0,0,0,0,0	5,6,7,10,13,11,6,4,15,12	93	75
1644	2,3,1,6,4,2,3,1,3,4	1,1,1,0,1,0,2,0,1,0	5,2,3,5,4,7,5,9,7,5	0,0,0,0,1,0,3,0,1,0	79	75
1645	443,462,719,572,751,736,536,489,559,402	1,5,1,0,4,3,2,0,0,1	453,655,473,515,578,373,642,828,862,846	2,2,1,3,0,3,1,1,3,4	90	75
1646	0,0,0,0,1,1,0,0,0,1	8,11,6,2,16,18,13,10,7,21	1,1,0,1,0,0,1,0,0,0	13,9,4,13,8,13,24,11,12,10	91	75
1651	0,1,0,0,0,1,1,0,1,1	1,5,3,1,2,1,2,3,4,5	3,1,1,3,1,1,1,1,0,1	0,3,3,1,3,3,2,2,2,1	191	75
1652	15,5,7,4,5,3,6,1,0,6	1,2,0,0,0,0,0,0,0,1	4,9,6,7,5,9,5,5,3,6	0,0,1,2,0,0,0,0,0,0	83	75
1653	4,1,0,0,1,1,1,1,1,1	1,2,0,0,0,0,0,0,0,1	3,2,4,2,2,2,1,1,1,2	0,0,1,2,0,0,0,0,0,0	199	75
1654	1,1,0,0,0,1,1,1,1,1	12,5,7,4,4,3,6,1,0,6	3,1,4,2,1,1,1,1,0,1	4,8,6,7,4,8,5,5,2,5	191	75
1655	45,44,32,39,47,46,37,43,29,31	0,0,0,0,0,0,0,1,0,0	43,44,44,69,44,47,56,40,62,46	1,0,0,1,0,1,0,1,1,0	78	75
1656	92,85,71,68,81,73,102,83,59,82	0,0,0,0,0,0,2,0,0,0	78,72,80,89,79,76,101,91,90,90	0,0,0,0,0,1,0,0,0,0	113	75
1658	50,67,38,35,43,36,47,37,33,42	6,17,13,9,9,6,7,7,13,6	35,55,31,38,35,49,41,48,31,38	9,9,7,11,8,8,8,12,3,7	78	75
1659	8,12,5,7,5,11,9,8,7,10	114,125,105,96,116,128,131,112,104,143	3,3,6,7,6,4,7,1,8,7	129,130,105,116,128,128,135,135,107,137	143	75
1660	36,28,30,24,37,34,44,26,38,45	1,0,0,0,0,0,0,0,0,0	28,48,25,34,45,22,35,35,45,24	0,0,0,2,0,2,0,0,0,0	156	75
1661	71,69,67,51,70,66,90,65,67,72	2,3,7,5,2,1,2,6,3,3	68,102,60,68,83,63,67,76,76,52	1,5,2,1,2,3,4,4,1,2	156	75
1663	34,22,24,20,9,27,18,32,26,28	9,15,7,9,3,6,11,10,6,16	23,29,20,25,34,38,20,22,23,13	3,20,9,5,6,7,12,7,14,9	78	75
1664	4,6,4,5,8,4,8,8,8,7	0,0,0,0,0,0,0,0,0,0	9,4,5,6,6,5,2,9,4,6	0,0,0,0,0,0,0,0,0,1	188	75
1665	11,13,3,7,5,9,7,5,4,9	0,0,1,2,1,2,1,0,0,1	8,5,4,6,3,6,6,7,8,12	0,0,1,0,0,0,1,1,0,0	122	75
1666	9,15,13,5,12,8,10,5,14,9	3,0,1,2,2,2,0,1,1,2	12,15,9,8,4,12,7,14,12,13	0,1,0,0,3,2,1,0,2,1	111	75
1667	17,28,18,12,23,17,22,14,31,17	6,16,4,9,9,9,8,5,7,12	19,28,14,12,16,31,15,26,23,17	7,8,10,7,4,12,10,5,11,5	161	75
1668	11,13,6,9,13,11,12,10,18,10	6,16,4,9,9,9,8,5,7,12	7,14,5,4,15,21,9,12,13,5	7,8,10,7,4,12,10,5,11,5	125	75
1669	1,0,0,0,1,0,0,0,0,0	0,0,0,0,0,0,0,0,0,0	1,1,0,1,1,2,2,0,0,0	0,0,0,1,0,0,0,0,0,0	146	75
1670	1,0,0,0,1,0,0,0,0,0	0,1,0,0,0,0,1,1,0,1	0,1,0,1,1,0,2,0,0,0	1,0,1,0,0,0,0,0,1,1	146	75
1671	11,6,11,4,13,11,14,9,14,8	1,1,2,0,1,1,1,2,0,0	7,9,6,8,11,7,11,5,8,5	1,1,1,0,0,3,0,2,2,0	78	75
1672	5,7,7,12,7,8,9,15,6,8	1,1,2,0,1,1,1,2,0,0	8,10,5,23,13,10,7,9,5,19	1,1,1,0,0,3,0,2,2,0	99	75
1673	5,7,7,12,7,8,9,15,6,8	11,6,11,4,13,11,14,9,14,8	8,10,5,23,13,10,7,9,5,19	7,9,6,8,11,7,11,5,8,5	96	75
1674	13,9,10,5,13,12,6,8,19,9	0,0,0,0,0,0,1,0,1,0	13,8,6,9,9,4,10,13,13,7	0,0,0,0,0,0,0,0,0,0	78	75
1675	4,4,0,2,2,1,3,1,1,2	0,3,0,0,0,0,0,0,0,0	0,3,6,4,2,0,0,3,3,4	0,1,0,0,0,1,1,0,0,0	80	75
1676	0,1,0,0,0,0,1,3,0,2	0,1,1,0,0,0,0,3,2,1	0,0,0,1,0,0,1,2,0,1	1,0,0,0,0,1,1,2,1,1	99	75
1677	1,1,0,0,0,0,0,0,0,0	0,1,0,0,0,0,0,0,0,0	0,0,0,0,0,0,0,0,0,0	1,0,0,0,0,2,0,0,0,0	78	75
1678	6,9,8,11,8,6,6,6,11,11	30,19,17,21,18,27,26,19,23,14	13,4,8,8,7,7,9,6,12,8	16,17,19,16,11,17,17,18,23,24	149	75
1679	8,7,12,16,15,10,23,19,17,18	0,0,0,2,0,0,0,0,0,0	8,10,12,6,10,9,12,19,9,14	1,0,2,1,0,0,2,3,0,0	122	75
1680	0,0,0,0,1,0,0,0,0,0	14,4,11,10,13,14,10,9,11,12	0,0,0,0,0,0,0,0,0,0	10,9,5,6,8,11,3,15,17,12	132	75
1682	120,87,80,100,83,87,96,78,79,102	1,1,1,2,0,1,0,0,0,0	97,110,87,116,91,107,126,111,106,85	0,0,0,0,0,0,0,0,0,0	117	75
1683	0,0,0,0,0,0,0,0,1,0	0,0,0,0,0,0,0,0,0,0	0,1,0,0,0,0,0,0,0,0	0,0,0,0,0,0,0,2,0,0	223	75
1684	16,14,15,18,13,15,20,21,22,18	0,0,0,0,0,0,0,1,0,0	26,19,19,15,24,17,12,22,13,20	0,0,1,0,0,0,0,0,0,0	368	75
1685	21,16,15,23,13,18,19,23,25,20	0,0,0,0,0,0,0,0,0,0	24,25,22,14,25,17,11,24,15,23	0,0,0,0,0,0,0,0,2,0	368	75
1686	0,2,0,0,0,2,1,1,0,0	0,0,0,1,0,0,0,0,0,0	0,1,0,0,0,0,0,0,1,0	0,0,0,1,1,0,0,0,0,0	259	75
1687	39,31,27,30,36,28,43,34,34,34	12,16,15,5,11,14,2,9,7,9	34,34,23,31,39,35,36,24,29,16	9,11,5,12,10,11,5,7,13,8	78	75
1688	177,197,140,161,174,150,170,138,132,204	100,120,88,65,79,93,114,67,71,101	170,158,153,193,130,189,157,197,192,165	81,81,90,84,62,127,73,101,88,97	81	75
1689	85,54,69,59,61,67,66,69,76,63	0,0,0,0,1,1,0,0,0,0	59,60,54,64,76,65,80,58,63,67	0,0,0,2,1,1,0,1,0,0	118	75
1690	95,91,75,91,86,94,92,61,74,77	0,0,0,0,0,0,0,0,0,0	76,84,89,84,73,87,76,72,88,70	1,0,0,0,0,1,0,0,1,0	141	75
1691	85,79,62,66,89,80,77,90,57,93	0,0,0,0,0,0,0,0,1,0	91,74,70,84,74,79,85,71,95,103	1,0,0,0,1,0,0,0,0,1	127	75
1692	1,3,4,7,0,1,4,2,3,2	38,61,44,32,51,52,59,40,44,51	4,0,5,2,0,2,2,1,4,2	44,64,47,61,60,56,49,74,50,59	144	75
1693	1,0,1,0,1,2,1,0,1,0	5,5,6,7,12,8,7,6,13,9	2,2,0,0,0,2,0,1,0,1	9,12,8,3,9,12,3,8,5,14	78	75
1694	2,0,1,0,0,0,2,0,2,0	0,1,5,1,0,1,2,3,0,1	0,1,2,0,3,3,2,0,1,1	2,1,2,1,1,3,2,1,1,2	78	75
1695	34,38,30,34,29,37,21,17,32,27	0,0,1,2,1,0,0,0,0,0	17,33,26,13,29,19,35,41,45,30	1,0,0,0,0,0,0,0,0,0	186	75
1696	29,35,33,31,34,22,31,28,33,33	0,0,0,0,0,1,0,0,0,0	29,31,32,25,32,27,45,31,33,35	0,0,0,0,0,0,0,0,0,0	115	75
1697	193,190,195,165,209,151,165,167,170,224	4,2,4,0,1,1,1,1,0,6	196,166,175,157,189,204,229,172,179,151	1,3,2,5,2,0,3,2,5,3	115	75
1698	21,18,22,24,16,15,22,17,17,25	79,87,68,94,89,87,83,75,61,87	20,20,18,19,15,16,13,23,16,23	63,84,70,88,73,84,49,91,85,63	80	75
1699	4,4,3,2,2,3,5,7,4,7	0,2,0,0,0,0,0,0,0,0	4,8,1,3,3,6,8,3,5,6	1,0,0,0,0,1,0,0,0,0	79	75
1700	35,45,42,43,50,47,47,40,52,36	10,6,12,8,10,9,6,9,6,10	42,39,32,31,28,50,53,57,62,32	6,8,3,10,5,10,9,8,17,3	78	75
1701	8,6,2,4,0,4,2,1,2,2	2,1,0,1,0,1,0,0,0,0	1,1,0,3,1,4,5,7,4,1	1,0,1,1,1,3,0,0,1,1	78	75
1702	0,0,0,2,1,0,2,0,0,0	2,0,1,2,1,0,0,0,1,0	0,0,0,0,0,0,0,0,0,0	2,0,1,0,0,1,1,1,0,0	79	75
1704	9,4,4,3,5,4,5,2,5,10	36,25,29,27,30,24,34,27,22,35	11,3,5,3,5,7,4,5,7,4	39,24,22,21,24,34,35,36,36,23	78	75
1709	288,301,266,261,267,282,277,248,238,280	1,0,0,0,0,0,0,0,0,0	292,305,203,297,239,273,284,257,281,333	0,0,1,0,0,0,0,0,0,0	324	75
1710	32,47,37,36,37,43,46,25,29,35	0,0,0,0,0,1,0,0,0,0	26,40,40,41,43,30,42,32,40,34	0,0,0,0,0,0,0,0,0,0	82	75
1713	131,153,123,122,130,102,146,149,117,170	3,2,0,3,3,3,5,4,3,4	153,116,123,144,108,118,104,119,124,138	2,1,3,7,6,7,4,2,4,4	307	75
1714	126,108,100,87,70,92,102,102,92,136	0,0,0,0,1,1,0,0,0,2	120,79,90,107,95,116,71,104,119,75	2,0,1,0,0,1,0,0,0,0	261	75
1716	30,28,20,27,25,34,22,23,27,27	0,6,2,2,1,5,2,1,0,0	33,25,27,36,28,29,27,34,21,25	0,3,2,0,1,6,1,2,2,4	148	75
1717	4,8,7,2,5,7,10,8,6,7	1,0,0,0,0,1,0,1,0,0	5,7,1,6,5,5,7,9,11,7	0,1,0,0,0,0,0,1,1,0	79	75
1719	7,6,5,6,12,9,11,6,7,10	0,0,0,0,1,0,0,0,0,0	7,7,6,7,7,7,9,8,11,5	0,0,0,0,0,0,1,0,0,0	90	75
1720	0,0,1,0,0,1,2,0,0,0	7,6,13,5,7,3,7,5,6,9	0,0,1,0,1,1,2,0,0,0	9,7,14,11,11,4,9,7,9,5	145	75
1721	62,49,36,46,38,50,51,44,36,43	17,13,10,22,13,14,10,9,15,14	55,64,53,48,58,60,47,72,75,43	10,22,12,13,19,10,10,14,26,13	96	75
1722	15,26,19,26,6,23,25,17,26,33	8,11,10,20,8,7,8,8,7,18	37,29,15,14,25,20,27,27,24,19	11,12,8,11,14,14,11,14,12,8	93	75
1723	0,0,0,0,0,1,0,0,0,0	0,0,0,0,0,0,0,0,0,0	0,0,0,2,0,0,0,0,0,0	1,0,0,0,0,0,0,0,0,0	104	75
1724	0,2,0,0,1,1,1,1,0,0	0,0,0,0,0,0,0,0,0,0	0,2,2,2,2,0,1,0,3,0	0,0,0,0,0,0,0,3,0,0	79	75
1726	97,96,87,93,94,77,97,82,83,98	0,0,0,0,0,0,0,0,0,0	96,77,65,91,101,75,101,91,104,82	0,0,0,0,0,0,1,0,0,0	81	75
1727	62,78,53,59,82,83,84,76,88,74	0,1,0,0,0,0,1,2,0,0	58,85,48,96,72,64,62,85,76,84	1,0,1,0,0,0,1,0,0,1	81	75
1728	0,6,2,2,0,2,1,3,1,4	2,0,1,0,1,0,1,0,0,2	6,1,1,1,2,4,0,4,3,5	1,0,0,0,0,1,1,0,2,0	80	75
1729	2,2,3,3,2,3,4,9,3,5	0,0,1,0,0,2,1,0,0,0	7,2,6,5,7,0,4,6,4,2	0,0,1,0,0,0,2,1,1,0	79	75
1732	10,11,6,5,5,8,5,10,8,4	9,8,7,5,10,12,9,11,12,10	10,10,4,14,7,7,5,20,11,10	7,7,7,10,17,8,12,6,11,7	111	75
1733	12,20,18,9,10,19,8,19,6,10	0,1,0,0,0,0,0,0,0,0	15,7,5,12,17,7,11,15,23,10	0,0,0,0,0,0,0,0,0,0	389	75
1734	0,1,0,1,2,0,1,0,0,0	3,0,0,3,4,4,4,2,5,0	0,0,0,1,2,0,1,0,2,0	3,1,2,6,5,0,9,2,0,5	90	75
1735	26,24,21,33,34,41,36,29,31,25	2,2,1,2,0,3,1,4,3,1	37,45,21,29,39,23,33,39,40,36	0,2,1,1,2,3,3,0,1,0	92	75
1736	66,60,41,43,42,53,60,45,50,83	42,53,36,47,34,38,40,39,34,46	46,49,44,55,47,49,51,58,59,65	49,43,45,41,49,43,49,45,43,39	84	75
1737	134,106,107,119,110,133,132,125,113,143	0,1,0,1,0,0,0,0,0,0	174,110,139,129,154,136,139,150,132,115	1,0,0,0,0,0,0,0,0,0	1031	75
1738	85,50,63,58,57,77,81,65,63,92	1,0,1,0,0,0,0,1,0,0	99,66,69,76,88,71,76,80,78,72	0,0,0,0,0,0,0,2,1,0	78	75
1741	10,6,6,5,10,2,3,5,7,13	1,2,1,1,2,2,1,0,1,0	13,5,6,12,3,5,5,6,12,5	2,1,2,4,0,1,1,1,3,0	81	75
1742	57,74,58,62,63,70,85,64,68,68	0,0,0,0,0,0,0,0,0,0	76,69,51,59,83,87,72,36,62,54	0,1,0,0,0,0,0,0,0,0	87	75
1743	2,2,0,0,1,3,0,1,1,0	0,0,0,0,0,0,0,0,1,0	1,0,0,0,1,0,2,0,2,1	0,0,0,0,0,0,0,0,0,0	104	75
1744	5,3,1,1,1,4,2,3,2,1	60,61,52,60,51,55,57,59,37,88	3,1,0,1,1,0,3,0,1,2	37,45,63,51,43,69,48,59,50,26	104	75
1745	25,18,27,19,11,20,19,21,15,23	1,2,7,4,2,0,3,3,1,2	24,26,21,25,14,9,18,16,17,22	0,2,2,3,1,3,1,1,2,1	107	75
1748	14,10,9,8,10,10,2,10,6,9	1,0,0,0,0,0,0,0,0,0	17,8,8,11,8,6,6,11,13,7	0,0,0,0,0,0,0,0,0,0	79	75
1749	17,18,17,24,20,13,25,22,22,14	0,0,0,1,0,0,0,0,0,0	22,13,23,14,25,16,21,17,16,8	0,0,0,0,0,0,0,0,0,3	86	75
1750	74,66,66,68,50,70,67,66,75,61	3,2,4,2,1,4,3,3,2,3	61,49,57,67,83,72,49,62,63,30	4,1,2,3,1,4,2,2,6,0	108	75
1751	116,73,67,84,83,91,104,87,86,91	1,0,0,0,0,0,0,1,0,0	94,94,79,83,88,93,69,76,85,75	0,1,0,0,0,0,0,0,0,1	198	75
1752	138,105,92,102,114,121,127,103,117,121	0,0,2,0,0,0,0,0,1,0	117,122,89,103,106,125,96,92,110,104	0,0,0,0,0,1,1,0,0,0	198	75
1753	47,59,24,52,37,32,41,26,42,60	0,0,0,3,0,0,0,0,0,1	40,51,47,51,51,54,36,56,57,43	0,0,0,0,0,0,0,0,0,0	2410	75
1754	7,3,10,3,3,3,6,6,7,7	0,0,1,0,0,0,0,0,0,1	5,7,8,10,7,11,3,6,7,1	0,0,0,0,0,0,0,0,0,0	103	75
1755	1,2,2,3,0,2,5,2,1,1	0,0,2,0,0,0,0,0,0,1	2,2,0,1,1,2,1,0,1,1	0,0,1,0,0,0,1,1,0,0	80	75
1756	68,54,43,50,37,55,62,32,52,41	72,89,60,59,78,62,99,59,68,83	56,70,47,68,73,64,62,57,50,43	66,68,72,82,72,70,76,83,70,74	78	75
1757	167,144,156,153,166,200,198,168,158,192	1,2,4,2,4,5,1,3,6,3	162,184,158,156,164,156,164,194,165,150	4,1,4,1,2,2,3,3,5,4	96	75
1759	30,30,38,21,36,39,27,31,29,35	29,37,16,24,37,30,28,19,22,29	28,28,30,26,33,33,36,40,34,47	29,36,31,25,21,33,23,34,34,34	78	75
1761	0,1,0,0,0,2,1,3,1,2	23,14,21,15,15,19,16,13,12,16	3,1,1,0,1,2,0,0,2,0	16,20,17,24,6,22,14,15,21,20	204	75
1762	3,4,5,2,2,3,2,0,3,4	2,0,1,2,1,2,2,1,1,2	8,3,2,2,2,2,4,5,7,4	3,3,2,0,3,0,0,2,2,1	104	75
1765	2,5,0,4,6,6,3,1,4,2	9,7,6,10,10,12,8,10,9,5	9,5,4,4,2,3,2,1,4,3	7,10,9,11,11,9,11,8,6,5	102	75
1766	34,37,55,36,36,37,41,55,32,36	0,0,0,0,0,0,0,0,0,0	46,59,41,39,45,38,42,47,45,50	0,0,0,0,0,0,0,0,1,0	857	75
1768	0,0,0,0,0,0,0,0,0,1	0,0,0,0,0,0,0,0,0,0	1,0,0,0,0,0,0,0,0,0	1,0,0,0,0,0,0,0,0,0	189	75
1769	2,3,2,4,3,4,9,3,7,5	0,7,3,1,0,0,0,2,1,0	1,6,0,3,4,2,2,3,1,1	0,2,0,1,2,2,1,0,0,2	78	75
1770	2,4,0,2,4,2,0,0,1,6	12,9,14,2,10,8,16,11,4,10	2,4,0,4,1,2,3,1,2,1	17,7,8,12,11,8,9,13,10,5	104	75
1771	54,46,38,42,51,28,58,31,51,44	2,1,1,4,0,0,1,0,2,1	58,40,30,49,49,38,40,55,45,37	0,0,0,2,1,0,0,3,1,1	737	75
1772	54,45,39,41,51,28,57,31,49,43	6,4,6,6,13,5,3,7,6,8	57,40,31,48,49,38,40,55,43,36	9,4,1,5,10,1,7,5,6,0	737	75
1773	1,1,1,1,0,3,1,0,0,4	0,0,0,0,1,1,0,0,0,0	1,1,2,3,0,0,1,1,1,1	0,0,0,0,1,0,0,1,0,0	134	75
1774	1,1,1,0,0,3,1,0,0,3	0,0,0,0,1,0,0,0,0,0	1,1,1,3,0,0,1,2,1,1	0,0,0,1,0,0,0,0,0,0	134	75
1775	8,11,16,9,13,7,10,11,5,10	21,16,17,10,17,11,15,22,9,18	9,11,10,4,11,12,10,4,15,4	32,25,23,23,16,15,17,18,22,23	78	75
1777	212,215,159,154,169,187,198,181,139,149	1,2,3,0,1,1,0,0,0,0	178,224,168,201,167,162,199,192,177,189	1,0,0,5,1,0,2,1,0,0	96	75
1778	7,5,7,10,5,3,9,4,6,8	35,30,27,42,23,34,32,31,31,22	9,6,5,13,8,5,11,7,8,1	17,36,25,31,34,41,33,30,48,36	149	75
1779	10,13,9,11,7,10,11,8,10,7	14,15,26,31,15,13,18,24,19,20	9,8,19,15,20,10,13,12,12,8	11,15,19,21,14,20,12,20,23,24	78	75
1780	15,17,20,16,20,13,11,10,18,19	17,10,15,10,13,9,20,12,14,17	15,12,16,19,15,5,11,13,9,11	21,24,8,15,24,22,18,8,13,14	78	75
1781	367,373,287,306,338,336,386,325,335,331	33,57,43,35,27,31,38,38,37,38	339,329,316,319,369,334,341,341,334,326	46,35,29,34,44,42,35,37,48,47	94	75
1782	191,219,178,207,239,191,219,174,185,297	0,1,1,0,0,0,0,5,2,1	240,251,197,188,239,198,268,196,305,227	1,0,1,2,1,2,2,1,0,2	416	75
1783	399,390,323,373,448,385,442,373,372,482	0,0,0,0,0,1,0,0,0,0	422,421,393,440,395,363,379,435,520,474	0,0,0,0,0,0,0,0,0,0	543	75
1784	260,204,182,204,251,223,263,192,182,260	0,2,0,0,0,1,1,3,5,0	241,234,205,230,217,209,205,232,258,232	1,2,4,1,0,2,2,1,2,0	292	75
1785	358,318,326,304,425,359,398,316,337,483	0,2,2,1,0,0,0,1,0,0	419,404,340,411,408,370,373,467,422,438	0,0,0,3,0,0,1,1,0,0	307	75
1786	0,0,0,0,0,1,0,0,0,0	0,0,0,2,0,0,0,0,0,0	0,0,0,0,0,1,0,1,0,0	0,0,0,0,1,0,0,0,0,0	101	75
1787	9,11,8,5,8,4,13,5,8,7	6,1,5,2,3,5,4,2,3,1	9,9,12,10,13,12,9,7,0,13	2,4,2,3,1,3,2,6,2,7	91	75
1788	53,56,59,63,58,54,54,47,71,56	1,1,2,0,0,2,0,0,0,0	56,70,56,59,51,58,58,43,51,56	0,0,0,0,1,1,1,0,0,1	107	75
1789	104,118,98,82,116,87,109,112,96,107	0,0,0,1,0,0,0,0,0,0	98,105,89,99,90,137,96,93,107,99	0,0,0,0,0,0,0,1,0,0	148	75
1793	22,19,28,22,29,22,23,22,21,27	0,2,0,0,0,0,0,0,0,0	27,15,23,24,20,27,24,18,23,17	0,1,1,0,2,0,2,0,1,0	78	75
1794	0,0,1,0,0,0,0,0,0,0	0,0,0,1,0,0,1,0,0,0	0,0,0,0,0,1,0,0,0,0	0,1,0,1,0,0,0,0,0,1	78	75
1795	620,610,554,491,491,548,555,569,560,591	23,16,24,18,23,13,11,21,35,19	523,511,472,551,516,540,556,596,570,519	17,17,13,17,18,10,17,16,8,7	177	75
1796	6,14,15,9,11,4,7,12,11,4	23,13,8,20,11,9,11,13,17,19	7,8,4,11,19,11,3,14,6,6	19,15,14,21,11,6,11,9,16,12	78	75
1797	27,27,32,14,13,17,22,26,21,25	106,121,111,80,78,87,109,111,101,106	25,16,18,15,22,18,15,23,26,26	124,110,78,113,107,109,82,119,117,89	78	75
1798	270,241,231,278,189,254,289,238,249,251	81,80,67,64,76,61,71,85,61,82	258,306,207,271,231,236,239,216,225,238	75,86,62,82,86,74,78,73,65,55	78	75
1799	8,7,7,7,12,14,10,2,11,6	0,0,1,0,1,0,0,0,0,1	5,6,5,8,12,8,13,8,9,13	1,1,0,0,0,0,1,1,0,0	77	75
1800	7,11,9,10,5,12,15,7,10,7	3,2,0,0,2,1,0,0,4,1	5,4,8,10,9,10,10,16,11,9	1,1,3,1,2,0,0,3,2,2	79	75
1801	8,11,9,15,13,7,11,8,8,11	76,60,56,59,72,66,69,49,50,100	8,12,9,10,6,10,9,8,13,9	66,66,58,49,76,58,58,59,76,69	110	75
1802	34,44,24,47,38,37,30,34,39,50	8,13,9,13,9,5,9,8,10,11	37,36,34,26,42,46,25,44,53,32	9,13,14,9,5,11,12,12,11,12	110	75
1804	11,25,11,11,21,17,11,17,13,29	0,1,0,0,0,0,0,1,0,0	15,20,13,20,23,18,20,21,20,16	1,0,0,0,0,0,0,0,0,1	81	75
1805	11,21,11,11,18,16,8,16,13,27	0,0,0,0,0,1,0,0,0,1	15,17,13,20,21,16,17,19,20,16	1,0,0,0,0,0,0,1,1,0	80	75
1806	0,0,0,0,0,0,0,0,0,0	0,0,0,0,1,2,0,0,0,0	0,0,0,0,0,0,1,0,0,0	0,0,2,0,0,1,0,0,0,0	78	75
1807	17,22,22,25,30,29,31,21,22,21	0,0,0,0,1,0,1,1,0,1	15,15,30,25,17,17,30,27,28,24	0,2,1,0,2,1,1,3,0,0	173	75
1811	9,6,1,0,5,3,5,3,3,4	1,5,0,1,3,1,0,2,1,5	8,4,5,6,2,4,3,2,4,3	1,2,2,2,1,2,5,4,3,1	145	75
1812	202,168,136,106,139,141,146,121,153,156	1,1,1,0,0,2,2,1,2,3	145,130,149,160,135,143,152,161,190,191	1,0,1,1,1,0,0,4,2,1	752	75
1815	38,25,27,19,30,30,22,31,30,21	8,8,6,2,5,8,3,5,3,5	24,25,29,35,34,29,27,21,31,26	3,6,5,8,6,11,4,7,4,7	78	75
1816	61,57,56,57,60,53,60,64,39,53	0,1,4,1,0,0,0,0,0,0	69,46,52,56,47,63,58,49,74,50	0,0,0,3,0,1,4,0,0,0	79	75
1818	1,1,1,1,1,4,1,2,2,4	0,0,0,0,0,0,0,0,0,0	0,1,3,3,2,1,0,0,0,0	0,0,1,0,0,0,0,0,0,0	281	75
1819	29,37,15,31,22,30,32,29,28,23	18,28,16,12,21,19,20,20,12,27	23,35,22,34,31,26,23,37,33,32	25,15,11,28,25,12,16,30,25,21	78	75
1820	24,23,16,18,12,10,15,16,14,28	0,0,0,0,0,0,0,0,0,0	16,16,15,12,15,25,16,27,25,12	0,0,0,0,0,0,0,0,1,1	205	75
1822	2,2,0,0,0,0,1,1,1,0	12,0,3,7,5,1,5,3,1,6	1,1,1,2,1,0,0,0,1,1	1,5,2,8,4,3,5,1,5,4	234	75
1824	257,289,220,201,260,265,254,203,191,292	4,7,6,9,5,4,8,6,1,7	293,236,237,211,268,304,243,249,255,213	5,0,4,3,7,4,8,8,8,6	103	75
1825	144,146,151,143,162,131,147,148,146,137	3,0,0,0,0,0,1,0,1,1	140,172,146,149,131,162,141,179,167,161	1,1,0,1,0,2,1,1,1,1	197	75
1826	0,0,0,0,0,0,0,0,0,0	3,6,23,3,36,32,9,3,2,0	0,0,0,1,0,0,0,0,0,2	6,12,6,12,10,1,8,35,35,76	117	75
1827	1,3,12,7,14,14,3,3,3,4	0,0,8,1,8,11,1,0,0,2	1,4,0,9,1,1,4,8,9,12	1,6,1,3,1,1,1,10,8,23	78	75
1834	61,88,52,66,90,74,71,79,63,70	0,0,0,1,0,1,0,0,0,0	66,62,55,74,70,69,74,67,71,66	0,0,2,1,0,1,0,0,0,1	138	75
1835	134,156,104,132,188,160,140,149,127,141	0,0,0,1,0,1,0,0,0,0	153,150,108,155,154,136,146,135,127,151	0,0,2,1,0,1,0,0,0,1	144	75
1836	61,89,52,68,90,74,71,79,63,70	0,0,0,1,0,1,0,0,0,0	66,63,55,74,70,69,74,67,71,66	0,0,2,1,0,1,0,0,0,1	174	75
1839	0,1,0,2,0,0,0,0,0,0	73,68,52,66,98,86,69,70,64,71	0,1,0,0,0,0,0,0,0,0	87,88,53,81,84,67,72,68,56,85	105	75
1840	56,62,55,47,67,58,59,61,40,58	4,4,4,4,5,4,3,4,4,7	76,53,47,55,52,58,62,68,67,76	5,3,4,3,3,3,5,3,1,4	78	75
1841	18,10,15,11,18,13,21,8,12,19	2,0,3,1,7,1,3,2,0,0	23,20,9,28,16,15,15,23,19,26	4,1,1,2,0,2,2,5,2,3	78	75
1842	92,101,74,83,99,91,101,109,82,83	32,35,22,23,17,28,27,27,26,27	107,85,59,90,87,100,83,94,74,81	27,27,21,26,20,28,36,27,29,23	78	75
1845	15,16,15,18,12,12,15,8,12,18	22,18,22,8,18,15,24,18,14,22	14,9,9,8,16,24,16,13,22,19	15,16,6,20,22,16,8,19,14,15	78	75
1846	0,1,0,0,0,0,1,0,0,0	0,0,0,0,0,0,0,1,0,0	0,0,0,0,0,0,0,1,0,0	0,0,0,0,0,0,0,0,0,0	80	75
1848	3,2,2,1,4,3,5,4,1,6	9,17,13,22,15,13,15,17,15,20	10,4,3,4,7,5,6,5,3,3	18,18,17,11,14,19,24,19,17,14	137	75
1850	3,4,3,0,2,4,1,4,1,2	20,28,25,18,13,23,16,18,19,26	2,0,0,1,1,1,2,1,1,2	15,19,22,25,21,30,21,23,27,28	83	75
1851	29,23,29,21,30,24,21,24,23,23	4,9,7,12,7,8,8,8,6,9	25,21,27,33,35,22,24,31,27,29	9,4,4,8,6,2,7,3,8,12	139	75
1852	46,47,51,39,41,43,36,38,41,47	4,9,7,12,7,8,8,8,6,9	38,40,49,57,55,51,43,53,53,55	9,4,4,8,6,2,7,3,8,12	131	75
1853	52,48,19,42,41,61,70,52,33,43	0,0,0,1,0,0,0,0,0,0	54,43,36,29,43,44,49,33,40,29	0,0,0,0,0,0,0,0,0,0	456	75
1854	25,21,18,21,18,16,30,18,24,23	1,0,0,0,0,0,2,0,0,0	25,29,15,35,16,22,16,19,24,12	0,0,0,0,0,0,0,0,1,0	85	75
1856	1,3,2,6,4,4,1,0,1,1	0,0,0,0,0,0,0,0,0,0	3,4,2,0,5,4,1,3,6,4	0,0,0,0,1,0,0,0,0,0	104	75
1857	0,1,0,2,1,0,1,4,1,2	4,7,8,8,4,5,9,5,10,11	2,2,0,0,0,2,0,1,3,2	16,5,3,6,10,8,6,6,10,11	144	75
1858	9,20,13,17,13,13,15,15,10,13	1,0,0,0,2,0,3,0,0,0	28,17,19,11,23,23,18,25,17,19	0,0,0,1,0,1,0,0,0,0	135	75
1859	0,1,0,1,1,1,3,1,0,0	3,3,0,4,11,10,9,2,6,7	2,0,1,1,0,0,0,1,1,2	6,8,1,2,4,7,8,1,4,7	78	75
1860	1,0,1,4,2,1,2,3,2,1	3,9,5,3,2,3,4,1,7,5	0,0,1,0,2,0,0,0,0,2	5,3,1,2,1,5,4,3,4,6	78	75
1861	10,14,8,7,12,10,20,19,9,12	0,0,0,0,1,0,0,0,0,0	10,15,14,24,12,10,9,11,13,13	0,0,0,0,0,0,0,0,0,0	203	75
1862	21,25,14,16,16,16,26,27,12,14	0,2,0,2,1,0,1,1,1,1	14,22,15,32,15,17,11,19,17,19	3,1,0,1,0,3,2,1,1,0	203	75
1863	8,7,4,4,6,3,10,9,6,7	820,810,750,701,742,700,739,654,615,937	10,6,7,6,4,10,8,7,6,6	871,764,738,710,745,711,834,831,946,982	110	75
1864	38,45,44,48,31,40,29,25,33,32	26,21,23,15,13,26,15,16,23,19	43,31,25,32,39,38,25,38,38,43	15,18,27,16,22,19,18,25,29,20	78	75
1865	16,13,18,7,18,20,28,16,18,16	7,2,2,1,5,2,4,2,3,6	26,28,17,19,17,13,26,14,14,26	4,1,1,4,4,3,2,3,9,0	78	75
1867	0,0,0,0,0,0,0,0,0,0	3,1,0,0,1,1,1,0,0,4	0,0,1,0,0,0,0,0,0,0	2,4,2,0,3,4,1,0,1,0	106	75
1868	0,0,0,0,0,0,0,1,1,0	60,71,47,53,56,48,54,54,43,72	0,0,0,0,0,0,0,1,0,0	56,60,52,49,72,35,42,70,62,46	148	75
1869	0,1,0,0,0,1,2,2,1,0	4,8,7,5,4,4,11,8,8,5	0,0,0,0,0,1,1,1,0,3	12,6,5,16,5,7,3,6,3,7	129	75
1870	36,26,27,23,20,18,25,18,15,19	0,0,0,0,0,0,0,0,0,0	17,22,23,28,18,20,24,15,29,27	0,0,0,1,0,0,0,0,0,0	79	75
1871	3,2,0,6,4,2,3,1,0,3	100,93,93,81,104,66,128,74,83,96	6,3,1,0,3,5,3,2,3,1	62,84,97,102,86,125,91,86,73,89	122	75
1872	224,256,201,206,209,241,242,211,205,229	0,0,0,0,1,0,0,0,0,0	245,199,176,252,232,275,210,220,203,201	0,0,0,0,0,0,0,0,0,0	84	75
1873	39,30,19,36,22,39,29,34,35,17	178,165,157,174,171,151,154,169,187,161	31,25,41,29,32,29,34,36,26,29	179,139,177,149,181,168,160,134,179,126	78	75
1874	0,0,1,0,0,0,0,0,0,0	143,135,100,109,143,109,147,134,113,151	0,0,0,0,0,0,0,0,0,0	138,131,125,152,104,136,129,130,136,116	94	75
1876	5,7,6,12,9,3,11,9,6,6	2,0,2,2,1,0,3,1,1,0	9,9,8,5,5,4,8,12,9,4	2,1,1,1,0,2,1,2,2,1	90	75
1877	34,47,42,58,57,49,76,58,50,56	2,0,2,2,1,0,3,1,1,0	50,64,52,43,47,52,55,59,75,61	2,1,1,1,0,2,1,2,2,1	130	75
1878	29,42,38,47,48,46,66,50,44,50	0,2,2,1,0,0,1,1,0,0	43,55,44,38,42,48,48,48,67,57	2,0,0,0,0,0,1,1,1,0	115	75
1879	1,7,4,8,5,2,6,4,6,8	67,73,55,75,57,53,64,47,67,78	8,3,4,3,6,0,4,7,7,6	54,68,61,56,63,65,61,60,77,73	207	75
1880	46,34,35,26,33,26,39,32,29,39	78,89,86,69,72,83,61,69,57,79	41,37,27,35,34,26,26,28,38,39	73,110,52,77,66,85,63,72,95,82	78	75
1881	0,0,3,0,1,0,2,0,0,1	0,1,0,3,0,2,0,0,3,2	1,0,2,0,0,0,0,1,0,0	1,1,0,2,0,1,0,4,0,1	79	75
1882	28,25,17,28,16,22,27,13,18,29	0,0,0,0,0,1,1,0,0,0	18,32,20,15,32,25,8,12,21,23	0,0,0,0,0,0,1,1,0,0	1047	75
1883	0,2,0,1,0,1,0,1,2,2	3,1,3,2,2,1,1,0,2,3	0,0,1,0,0,1,1,0,0,0	1,0,0,3,0,0,2,0,0,1	78	75
1884	15,18,9,11,19,16,13,6,6,12	30,43,27,27,26,33,24,26,32,33	16,4,14,12,14,14,16,10,11,10	35,28,33,28,34,30,40,24,30,32	78	75
1885	287,243,258,241,246,257,294,251,227,309	15,19,16,21,17,21,28,30,17,18	249,259,251,230,259,277,232,374,367,341	18,21,14,16,18,17,25,22,24,24	83	75
1887	7,0,3,1,5,5,2,3,3,5	0,1,3,0,1,0,0,0,0,0	4,4,1,2,2,2,4,2,7,0	0,0,1,0,1,0,0,0,0,1	79	75
1889	168,221,192,157,199,170,161,175,160,211	2,1,2,2,1,2,2,1,1,3	191,171,155,187,172,205,201,223,207,164	0,3,2,1,3,0,0,1,4,0	145	75
1890	52,64,38,45,47,45,65,44,40,60	0,0,0,0,1,0,0,0,1,0	62,48,38,41,38,44,32,47,45,35	0,0,2,0,0,0,0,0,2,2	198	75
1891	5,4,10,1,7,4,6,4,2,6	39,33,23,22,25,17,31,26,23,36	4,2,5,5,4,3,8,3,5,3	34,22,14,25,27,17,21,28,28,22	153	75
1892	84,77,76,77,83,59,82,69,78,107	0,0,0,1,0,0,0,0,0,1	82,100,97,95,87,64,77,98,101,123	0,0,0,0,0,0,0,0,0,0	350	75
1893	6,6,4,3,6,1,3,4,2,6	98,100,106,108,120,102,108,75,82,131	7,9,6,10,3,5,2,8,9,2	104,121,104,105,99,84,80,153,109,155	196	75
1894	0,1,0,0,2,0,0,1,1,0	20,13,8,15,10,16,17,17,15,7	1,4,0,0,0,0,1,3,2,0	12,14,16,23,10,11,20,13,15,16	269	75
1895	0,0,0,1,0,1,1,1,2,0	20,24,20,19,24,15,21,20,17,20	0,2,0,0,1,0,0,0,0,2	24,27,10,22,20,29,28,11,25,17	192	75
1896	11,12,6,11,13,5,16,14,14,13	0,0,1,0,1,0,0,2,0,0	14,8,15,10,8,8,10,14,16,9	0,0,1,0,0,0,0,0,1,1	78	75
1897	9,8,10,7,6,11,17,12,5,4	11,13,15,12,11,16,13,12,9,16	7,13,14,13,10,9,5,10,8,12	13,13,19,9,13,11,16,11,19,11	78	75
1898	32,19,23,28,38,25,27,24,30,31	2,6,2,6,3,4,0,0,2,2	28,37,25,12,36,32,41,30,32,33	2,2,2,0,5,3,2,2,0,3	84	75
1899	6,11,9,4,3,4,7,9,12,10	15,13,20,15,15,16,11,12,12,12	9,8,2,7,9,5,8,5,7,6	17,19,12,18,15,22,9,18,20,16	78	75
1900	0,1,2,0,0,0,0,1,0,0	1,0,0,0,0,0,1,0,0,1	1,1,1,0,0,1,0,0,0,0	0,0,0,0,0,0,0,1,2,1	87	75
1901	1,0,2,1,0,0,1,0,0,1	11,8,8,6,6,4,4,5,12,6	1,2,2,0,0,1,1,1,6,0	4,12,8,6,10,8,10,10,7,10	87	75
1902	6,4,3,4,4,4,7,4,5,9	0,0,1,0,0,0,0,0,1,0	10,4,1,2,1,5,2,6,10,4	0,0,0,0,0,0,0,0,0,0	388	75
1903	2,3,3,4,3,1,2,3,1,0	1,2,7,7,2,3,2,5,4,5	0,1,0,2,3,2,4,0,4,0	5,6,4,3,4,6,10,3,5,3	305	75
1904	2,2,5,5,1,2,1,3,0,4	1,0,2,0,0,0,0,0,0,1	2,3,0,1,0,3,1,1,0,1	0,0,0,1,0,1,1,0,0,0	105	75
1906	1,1,2,3,2,4,2,0,0,2	34,53,48,53,53,58,54,47,41,37	0,0,5,0,2,2,0,4,0,1	46,54,51,66,44,47,50,57,66,59	123	75
1907	84,106,96,123,107,122,110,121,96,105	1,2,2,2,1,0,0,0,2,1	105,153,107,104,111,126,125,108,136,106	4,0,1,2,0,1,1,3,3,1	275	75
1908	177,197,175,175,186,170,205,143,167,197	2,1,0,0,1,2,2,2,3,1	188,195,192,177,173,171,186,190,204,176	1,3,0,1,3,2,1,1,5,7	129	75
1910	7,6,6,15,6,6,5,3,2,6	0,1,0,0,1,0,0,1,0,0	6,9,7,13,5,8,7,8,3,9	0,2,5,1,1,1,1,0,0,1	99	75
1913	214,177,156,195,181,151,221,156,183,170	2,0,0,2,3,0,5,2,0,1	162,194,182,184,191,188,164,167,173,152	2,0,1,1,1,0,5,2,1,1	227	75
1914	72,58,58,68,51,50,61,56,52,48	0,0,0,0,0,0,1,0,0,0	53,61,61,80,69,54,63,74,64,40	0,0,0,0,0,0,0,0,0,0	195	75
1915	6,9,11,13,7,4,6,8,8,11	6,0,3,2,5,5,7,3,0,1	10,8,6,11,6,12,7,4,9,10	1,3,1,4,2,3,2,2,3,1	92	75
1916	88,82,82,75,81,96,89,78,83,98	10,12,12,8,10,13,12,16,9,12	107,66,63,76,86,80,71,100,93,100	15,9,11,9,14,8,12,3,10,13	79	75
1919	96,68,61,65,62,73,61,63,57,77	0,0,1,1,0,0,0,0,1,1	69,71,51,75,59,77,52,77,69,63	0,1,0,1,1,0,0,3,1,0	79	75
1925	42,45,70,45,83,64,50,54,50,39	26,22,16,15,30,29,26,28,14,22	50,71,45,39,52,70,63,96,81,73	14,21,19,13,26,26,21,20,29,25	122	75
1926	41,42,38,39,56,54,40,51,25,30	14,16,23,16,22,24,17,19,13,11	46,46,31,40,47,48,54,37,37,49	18,12,25,21,23,25,20,16,21,13	78	75
1927	7,6,4,4,3,5,6,4,6,7	0,1,0,0,0,1,1,0,0,0	7,1,9,4,3,5,8,6,2,4	0,0,1,0,2,0,2,1,1,0	104	75
1928	0,0,2,0,2,0,0,1,1,0	60,47,67,55,71,59,54,63,49,41	0,0,0,0,0,3,1,3,0,0	54,70,55,62,46,53,66,50,58,69	105	75
1929	0,1,1,1,2,0,0,1,0,2	34,29,29,29,32,43,31,23,31,23	0,2,0,0,0,0,0,0,0,1	23,32,24,35,25,27,41,32,44,31	121	75
1930	5,3,10,4,6,8,4,4,2,5	79,87,63,91,104,65,70,86,34,68	8,2,3,7,1,2,4,3,4,3	88,98,76,101,69,71,64,80,84,94	165	75
1931	73,94,64,73,70,68,74,71,59,73	7,5,4,4,1,5,1,3,5,3	77,77,63,66,56,87,67,73,80,75	2,2,2,8,4,1,2,4,1,0	80	75
1932	1,0,1,0,0,3,0,0,0,0	92,96,87,87,78,93,92,79,93,74	1,0,1,0,0,0,1,0,0,0	108,117,91,94,93,89,105,104,92,88	104	75
1934	1,1,1,0,0,0,1,0,0,1	2,3,1,3,6,4,4,2,2,2	0,1,0,2,0,0,1,0,0,1	5,0,6,6,0,1,11,1,5,2	96	75
1935	33,26,29,33,18,23,36,42,39,26	0,5,4,4,1,3,0,2,0,1	32,32,25,18,35,36,35,31,37,35	3,3,5,4,2,1,1,7,5,3	94	75
1936	60,39,42,45,24,33,38,49,37,46	0,0,1,1,0,0,0,2,3,2	35,41,30,40,41,44,33,43,42,33	1,0,0,2,1,0,2,1,4,0	149	75
1938	2,1,3,4,5,1,5,1,0,2	0,0,1,0,1,1,1,0,2,0	1,3,0,1,2,3,2,2,2,3	0,1,0,1,0,0,0,0,0,0	462	75
1940	4,5,5,2,3,2,8,6,4,3	2,0,0,1,0,0,1,0,0,0	5,5,4,15,2,5,2,3,5,6	0,0,0,0,2,0,0,0,0,1	79	75
1941	23,27,20,24,39,25,48,18,26,16	23,47,14,27,35,22,31,30,22,39	22,30,20,30,20,17,21,21,31,27	25,26,21,25,21,19,26,13,29,16	90	75
1942	11,9,10,13,17,10,17,9,14,6	125,106,88,89,87,82,95,71,96,89	11,10,5,12,10,8,8,9,15,17	90,89,75,91,97,97,101,85,129,84	90	75
1943	191,175,267,188,266,266,212,195,178,160	167,186,158,176,185,161,182,175,166,180	195,221,170,189,205,180,200,251,229,187	175,172,179,163,184,149,200,152,172,175	663	75
1944	0,0,0,2,0,1,0,0,0,0	0,0,0,0,0,0,0,0,0,0	0,2,0,1,0,0,0,0,0,2	0,0,2,0,0,0,0,1,1,0	78	75
1945	260,247,230,215,280,264,272,236,250,241	35,44,37,23,33,32,53,38,48,41	255,241,275,258,229,220,243,281,299,264	37,36,31,21,35,19,29,46,55,48	78	75
1946	1,4,3,2,2,7,9,6,4,5	5,9,5,7,3,6,10,9,5,3	8,7,5,6,5,6,4,5,9,7	8,9,4,7,8,4,8,7,9,4	112	75
1947	1,5,2,0,2,6,3,4,4,3	0,0,0,0,0,0,1,0,0,0	4,5,2,4,5,0,2,3,7,4	0,0,0,0,0,0,0,0,0,0	112	75
1948	10,6,5,11,11,10,8,10,3,12	0,0,1,0,3,0,4,1,0,0	13,10,14,9,7,9,11,9,12,17	0,0,0,0,0,0,0,0,0,1	157	75
1950	10,6,5,11,13,10,8,10,3,14	2,1,0,0,1,1,5,3,1,1	13,10,14,9,7,9,13,9,11,18	0,1,1,3,0,2,2,0,3,2	157	75
1951	664,692,615,704,762,507,615,635,527,867	123,138,139,123,121,113,135,152,138,165	775,662,615,638,688,671,758,793,788,736	158,145,153,141,141,160,148,151,169,172	247	75
1952	346,379,313,300,274,253,386,347,281,436	0,0,0,0,0,0,0,0,1,0	370,361,359,384,353,312,313,392,413,346	0,0,0,0,0,0,0,0,0,0	91	75
1953	387,378,320,355,306,295,374,322,310,432	0,0,0,0,0,0,0,0,0,0	340,396,314,376,357,357,326,384,409,408	0,0,0,0,0,1,0,0,0,0	91	75
1954	288,291,222,257,250,230,273,296,228,298	8,13,13,9,14,9,20,9,7,12	256,240,227,294,255,288,275,264,296,260	12,16,11,13,15,17,22,8,6,14	80	75
1955	572,526,455,501,491,491,555,564,460,584	28,20,18,24,29,17,29,23,21,21	514,588,471,580,498,586,542,515,602,576	12,26,17,19,25,27,25,23,23,18	80	75
1956	6,5,7,2,5,8,8,6,10,3	1361,1236,1082,1134,1154,1126,1384,1183,1040,1528	4,8,8,5,8,2,4,12,8,9	1350,1288,1309,1291,1122,1253,1319,1322,1608,1488	113	75
1957	42,58,44,33,49,40,51,40,34,61	2,3,5,4,0,3,7,2,3,0	43,65,47,43,57,51,55,43,52,52	2,2,2,2,0,1,2,0,0,1	129	75
1958	0,0,0,0,0,1,0,1,0,1	0,0,0,0,0,0,1,0,0,0	0,1,0,0,0,0,0,0,0,0	0,0,0,0,0,0,0,0,0,0	78	75
1959	39,29,29,30,28,33,36,27,35,24	15,20,19,15,13,14,18,12,11,15	37,32,20,29,16,32,35,31,25,25	19,14,12,22,13,11,23,16,20,15	78	75
1960	36,47,40,29,36,38,40,36,45,31	39,48,36,28,32,33,50,38,26,39	33,37,39,45,57,55,42,29,37,39	36,37,37,26,45,26,39,28,40,33	132	75
1961	16,13,11,7,18,9,12,10,8,21	0,2,0,0,5,0,2,1,0,4	21,11,9,12,18,14,12,25,14,5	0,1,0,0,1,2,0,2,2,1	154	75
1962	24,26,22,22,24,16,22,18,19,37	5,3,1,1,0,2,0,1,2,1	27,26,18,34,28,23,22,38,19,17	5,3,2,1,1,1,4,0,1,1	154	75
1965	1,0,0,0,2,3,0,1,0,1	0,0,0,0,0,0,0,0,0,0	0,2,0,1,1,1,1,1,1,0	0,1,0,0,0,0,0,0,0,0	79	75
1966	33,25,30,33,28,25,31,24,34,34	4,7,4,1,4,4,7,4,4,5	19,33,14,18,26,14,22,37,26,23	5,2,7,4,6,3,3,6,1,0	100	75
1967	39,28,37,39,33,29,36,33,42,48	0,1,0,1,2,1,0,3,0,0	23,46,19,24,35,16,30,38,33,26	0,0,0,0,0,0,1,1,0,1	125	75
1968	10,10,11,7,9,8,12,13,12,19	0,1,0,1,2,1,0,3,0,0	9,15,12,10,15,5,11,7,8,3	0,0,0,0,0,0,1,1,0,1	100	75
1970	1,0,1,3,2,3,1,4,4,0	229,240,214,224,256,201,214,223,182,240	0,0,1,2,0,1,1,1,5,5	241,222,204,235,216,217,243,248,216,215	232	75
1972	31,17,17,29,23,21,22,35,22,34	0,0,3,0,0,0,1,2,0,1	20,27,22,26,14,26,20,33,40,30	1,1,0,0,0,0,0,1,0,0	116	75
1973	4,2,4,3,8,1,1,4,7,5	4,2,6,3,2,1,5,4,2,4	10,3,5,7,5,6,3,4,5,5	9,7,1,7,5,7,7,2,7,7	78	75
1974	30,31,32,29,31,27,44,34,33,30	5,4,2,1,1,5,4,6,6,1	41,40,31,42,22,32,36,31,43,29	4,5,3,2,5,3,5,1,2,8	2472	75
1975	146,135,142,119,127,133,154,118,109,127	0,0,0,0,0,0,0,0,0,0	146,133,124,132,122,163,129,143,153,128	0,0,1,0,0,0,0,0,0,0	767	75
1976	1,2,1,1,0,2,2,0,0,0	0,0,0,0,0,0,0,0,0,2	2,1,2,1,0,0,2,0,0,0	0,0,0,0,2,0,0,0,0,1	128	75
1977	1,4,3,2,1,3,2,2,0,1	2,1,3,2,0,3,0,4,1,3	4,1,2,2,0,0,2,0,1,0	2,4,1,1,1,0,1,2,0,1	177	75
1978	0,2,2,1,1,1,0,2,0,3	2,1,3,2,0,3,0,4,1,3	2,0,0,1,2,0,0,0,1,1	2,4,1,1,1,0,1,2,0,1	124	75
1979	0,0,0,0,0,1,0,0,1,0	3,0,1,1,0,0,3,1,1,1	0,0,0,0,0,0,0,0,0,0	3,0,2,3,0,1,0,3,1,2	142	75
1980	0,0,0,0,0,1,1,0,0,0	0,0,0,0,1,0,0,1,0,0	0,0,0,0,0,0,0,0,0,0	0,1,1,2,0,0,0,0,0,0	78	75
1981	1,0,1,0,0,0,0,0,1,2	3,0,0,0,1,0,3,2,2,3	0,0,1,0,6,1,0,0,0,0	4,0,0,0,1,0,1,0,2,0	78	75
1982	94,95,76,78,86,76,99,74,84,80	198,163,147,126,158,155,189,151,158,174	101,78,61,88,77,91,74,89,78,94	163,176,149,184,214,176,178,176,186,155	132	75
1983	52,43,39,53,43,27,65,48,35,59	22,31,14,33,19,38,12,28,22,25	37,32,38,44,44,46,51,53,50,26	31,30,25,26,27,16,16,24,32,28	78	75
1984	0,0,1,0,0,0,1,0,1,1	22,19,19,16,16,22,24,20,24,22	0,1,1,0,0,2,0,0,1,1	15,22,29,12,26,16,17,26,26,21	337	75
1986	7,3,2,1,7,6,6,3,3,3	99,97,73,82,77,93,110,74,93,94	4,5,6,4,4,5,3,5,7,1	109,103,87,81,97,118,71,85,86,75	102	75
1987	29,15,14,14,16,17,16,23,11,18	0,0,0,0,0,0,0,0,0,0	23,20,13,23,11,25,12,18,13,23	1,0,0,0,0,0,0,0,0,0	133	75
1988	2178,2269,1927,1951,1972,1819,2058,1929,1755,2281	0,0,1,0,0,0,0,0,0,0	2295,1877,1768,2010,1963,2148,2049,2010,2036,1909	0,3,0,0,1,0,0,1,0,0	186	75
1990	0,1,0,0,0,0,0,0,0,0	51,48,43,41,59,47,57,43,29,42	0,0,0,0,1,0,0,0,0,0	40,50,43,69,48,36,51,34,46,49	107	75
1992	47,56,60,50,47,43,57,36,34,49	0,0,0,0,0,0,0,0,0,0	62,57,51,63,47,55,63,79,59,48	0,0,0,0,1,0,0,0,0,0	77	75
1997	111,113,103,106,127,107,101,120,102,121	1,0,0,0,0,0,0,0,0,0	109,123,98,121,88,103,107,128,137,136	0,0,0,0,0,0,1,1,0,0	2732	75
1998	1,0,2,3,2,2,2,1,0,2	0,0,0,0,0,0,2,1,0,0	0,1,1,1,3,1,2,1,5,1	1,0,1,0,0,0,3,0,1,0	127	75
1999	91,92,79,76,75,63,80,62,77,87	0,1,1,0,0,0,0,0,2,1	97,95,87,77,75,58,91,81,84,89	0,0,0,0,0,0,1,0,0,0	164	75
2000	77,87,74,65,87,82,95,63,75,75	2,11,10,14,7,9,5,5,2,4	93,81,74,82,62,76,96,77,96,79	4,3,4,6,3,7,14,3,4,3	78	75
2001	645,644,543,598,649,617,687,647,582,537	16,19,15,11,18,12,11,13,16,21	694,648,563,686,656,647,620,550,631,579	16,14,12,18,10,18,8,15,10,16	412	75
2002	17,17,19,16,8,12,4,12,11,10	0,0,0,0,0,0,1,0,0,0	18,9,6,17,18,14,11,11,16,8	1,0,0,0,0,0,0,0,0,0	169	75
2004	5,7,4,6,10,15,9,17,13,9	0,0,0,0,0,0,0,0,0,1	9,7,6,11,16,18,11,12,5,16	0,0,0,0,0,0,0,0,0,0	113	75
2005	25,27,21,18,26,32,22,25,26,33	0,0,0,0,0,0,0,0,0,1	25,26,18,24,31,33,36,24,34,40	0,0,0,0,0,0,0,0,0,0	124	75
2006	20,23,17,13,17,19,14,10,14,24	0,3,0,1,1,2,1,2,1,0	17,21,12,15,23,15,28,15,29,27	1,2,0,2,8,0,3,3,0,3	86	75
2008	3,0,1,3,4,1,1,2,2,0	0,4,3,5,0,0,1,1,0,4	3,6,3,1,1,1,1,3,4,3	1,3,1,0,2,3,5,1,0,1	144	75
2009	0,0,0,0,0,1,0,0,0,1	5,1,2,5,5,6,5,3,1,12	0,0,0,0,0,0,0,0,0,0	3,3,3,2,4,4,2,10,6,7	102	75
2010	2,1,3,1,1,1,1,0,3,1	0,0,1,1,1,1,0,0,0,0	1,3,1,2,1,1,0,0,4,3	0,1,0,0,0,0,0,2,0,0	975	75
2012	11,10,14,18,16,14,13,16,16,27	8,2,2,2,3,6,1,3,0,8	14,10,15,12,13,12,20,17,10,14	0,2,4,6,1,0,5,9,3,6	78	75
2013	39,31,26,26,18,21,17,25,21,19	18,6,9,8,19,16,5,13,13,7	31,25,26,21,29,16,21,20,22,21	10,11,12,10,27,13,10,7,13,17	78	75
2014	193,170,130,155,140,164,186,152,157,171	16,10,10,9,14,13,16,8,6,9	171,154,145,180,178,205,166,175,175,143	16,15,6,6,12,13,9,17,19,12	384	75
2015	2,1,2,1,2,1,0,2,2,4	0,0,3,0,0,1,0,0,0,2	3,4,1,5,1,2,0,0,1,2	0,2,0,0,2,2,0,1,0,0	78	75
2016	17,4,9,8,8,8,3,8,6,7	1,6,3,4,2,4,3,2,0,4	4,15,10,2,11,8,14,10,9,12	2,3,2,5,2,4,0,0,3,1	242	75
2017	55,61,36,50,58,44,68,49,53,56	141,141,123,165,126,133,165,139,132,149	49,63,51,42,62,54,54,54,56,55	152,162,158,215,150,151,136,158,175,159	78	75
2018	443,376,343,398,351,360,409,416,387,314	12,10,19,19,12,15,16,9,25,20	410,406,349,427,423,391,373,389,353,308	17,31,20,13,14,16,15,34,17,18	532	75
2020	51,64,63,53,58,52,78,67,48,61	0,0,0,0,0,0,1,0,0,0	66,63,45,52,51,61,64,52,75,56	1,2,0,0,2,1,0,0,1,0	83	75
2021	0,0,0,0,0,0,0,1,0,0	9,1,1,7,4,3,6,2,1,5	0,0,1,0,0,0,0,0,0,0	4,3,2,3,6,8,3,6,6,2	109	75
2023	0,0,0,0,1,0,2,0,0,1	4,7,4,7,6,4,1,5,5,8	0,0,0,0,0,0,0,2,0,1	5,4,3,9,2,3,4,7,3,4	78	75
2024	6,2,4,1,7,5,4,6,6,4	0,0,0,0,1,0,0,0,0,0	4,6,7,10,4,2,4,6,9,8	0,0,0,1,0,0,0,0,0,0	101	75
2027	114,105,84,97,89,93,120,87,83,94	0,1,0,0,0,1,0,1,0,3	111,99,96,76,103,109,97,97,123,112	0,0,1,0,0,2,0,0,0,1	302	75
2031	76,53,47,60,76,60,62,62,50,41	2,1,0,4,4,2,3,1,5,2	51,59,48,59,58,57,59,47,38,47	1,2,1,1,1,3,3,0,2,1	79	75
2033	14,9,8,6,8,9,11,13,9,15	2,2,3,1,4,5,2,5,5,2	9,4,8,16,12,10,10,16,10,11	7,3,5,3,2,2,1,3,6,6	78	75
2034	149,175,143,86,127,168,139,137,137,192	5,3,5,1,3,2,2,2,1,6	139,147,141,136,157,142,130,185,205,197	1,2,3,3,6,5,2,2,3,5	431	75
2035	340,336,310,302,337,355,339,341,346,276	0,0,0,0,0,0,0,0,0,0	326,378,276,372,309,364,358,303,324,344	0,0,0,2,0,0,0,0,0,0	137	75
2036	123,121,93,101,119,93,123,131,119,113	0,0,0,0,0,0,0,0,0,0	133,130,91,139,91,129,110,117,117,108	1,1,0,0,0,1,2,0,0,0	764	75
2037	7,4,0,0,7,5,9,5,2,9	1,1,0,2,2,0,2,2,0,2	5,6,0,2,3,4,5,1,3,0	2,0,2,0,1,0,1,2,0,0	89	75
2038	3,2,0,2,4,2,4,3,0,3	3,0,0,0,0,0,0,0,0,0	0,2,1,1,0,2,4,0,0,0	0,0,0,0,0,2,0,0,0,1	89	75
2039	0,0,0,0,0,0,0,0,0,0	1,1,2,1,0,0,1,2,1,4	0,0,1,0,1,1,0,0,2,0	2,2,2,1,1,1,0,2,5,4	104	75
2040	1,2,1,1,1,1,1,0,1,1	0,0,0,0,0,0,0,0,0,0	0,0,3,1,0,1,0,0,0,0	0,0,0,0,0,0,0,2,1,0	157	75
2041	26,24,19,19,20,12,22,22,17,22	3,1,1,1,2,0,3,0,3,1	19,22,19,14,30,19,26,21,30,17	3,3,1,2,1,1,6,2,4,4	78	75
2044	7,5,1,5,8,3,2,2,2,2	8,12,8,4,12,10,19,10,11,15	11,3,2,10,5,5,5,5,3,5	10,10,7,9,12,7,6,9,14,5	78	75
2045	825,818,742,769,777,673,827,712,733,927	1,1,0,1,1,2,0,1,0,0	877,839,685,777,865,786,949,742,746,745	0,1,1,1,0,1,0,0,0,1	374	75
2046	895,894,825,850,854,753,872,761,771,1051	1,1,0,1,1,2,0,1,0,0	972,921,757,823,944,874,1071,814,817,813	0,1,1,1,0,1,0,0,0,1	454	75
2047	136,123,125,116,123,123,94,88,86,168	66,47,42,35,46,43,49,39,48,44	144,120,111,94,129,127,159,105,110,110	49,38,39,48,50,39,37,33,39,42	155	75
2049	6,8,3,6,4,3,8,1,5,4	25,30,23,22,16,20,34,23,12,18	2,9,4,8,4,3,6,1,2,4	25,24,18,13,21,16,20,15,25,23	154	75
2050	9,16,14,11,11,15,14,15,13,8	22,25,20,19,15,31,20,12,14,21	14,15,13,14,11,10,13,9,8,9	14,22,11,27,24,20,20,20,24,18	78	75
2051	64,57,55,65,65,54,67,59,53,49	2,3,2,4,2,10,3,4,2,1	72,71,52,52,41,59,48,55,60,49	4,1,1,5,5,5,4,5,3,4	187	75
2054	24,25,27,17,26,30,33,31,26,29	4,7,2,2,2,5,3,2,4,7	31,24,15,32,23,22,25,21,32,23	6,1,3,4,7,1,5,9,6,3	151	75
2056	28,32,44,33,33,26,31,37,23,34	0,0,0,0,0,0,0,0,0,0	35,37,34,32,23,28,28,43,36,33	0,0,0,0,0,0,0,0,0,1	151	75
2057	58,67,61,46,62,64,60,71,48,51	0,0,0,0,0,0,1,0,0,0	62,76,48,59,40,64,77,63,75,62	1,0,1,0,0,0,0,0,0,0	249	75
2058	32,25,19,16,26,18,17,35,23,24	0,0,0,0,0,0,0,1,0,0	21,18,14,32,15,39,16,24,22,26	0,0,0,0,0,0,0,0,0,0	83	75
2059	3,1,1,1,2,1,1,4,2,1	4,6,4,3,7,5,5,4,1,4	0,4,2,4,4,0,1,2,2,3	5,9,5,5,10,9,3,7,9,5	78	75
2060	32,18,27,16,19,19,22,13,17,23	9,8,3,7,4,8,7,2,6,4	24,11,21,25,13,22,13,24,25,26	9,13,1,6,12,4,9,6,5,8	150	75
2061	1,0,3,1,2,0,1,1,2,0	25,10,16,15,19,19,25,17,21,16	0,3,1,2,0,2,3,1,1,3	15,23,11,23,18,22,27,9,20,17	113	75
2062	69,60,47,66,56,61,66,68,58,88	0,1,0,1,0,0,0,0,0,1	57,63,50,59,58,56,58,61,67,70	1,1,0,0,0,0,0,0,0,0	156	75
2063	1,0,2,0,0,0,1,0,0,0	1,2,4,0,2,0,1,1,0,2	0,0,1,0,0,0,0,0,1,2	1,1,1,1,1,1,1,3,4,1	79	75
2064	51,55,48,57,78,57,67,44,66,64	3,4,3,2,4,5,3,5,4,3	88,55,47,74,52,55,50,71,72,59	3,2,2,1,3,1,1,1,7,5	136	75
2065	46,44,61,56,53,55,70,50,66,60	1,0,1,1,0,1,2,1,1,0	64,61,56,59,39,55,53,58,56,74	0,0,0,0,1,0,0,0,0,3	171	75
2066	231,247,257,256,227,215,259,251,223,251	1,1,1,0,2,1,0,0,2,0	224,270,298,298,207,260,254,294,342,318	0,2,0,3,0,1,0,2,1,0	2079	75
2067	110,113,124,138,115,151,120,109,97,124	0,0,0,0,1,1,0,0,0,1	141,146,123,114,142,128,141,148,151,149	1,0,0,0,2,0,0,1,0,2	80	75
2068	67,59,73,69,79,84,75,66,83,51	3,1,2,1,1,2,2,1,0,0	68,76,61,53,81,72,69,82,93,75	1,1,2,2,1,4,0,0,1,1	151	75
2069	16,19,14,16,16,8,5,13,7,12	6,2,5,1,5,6,1,2,6,4	9,12,10,12,11,15,6,15,9,9	3,3,3,3,3,1,4,0,3,2	78	75
2070	5,1,1,3,3,4,1,2,2,3	4,6,5,1,5,2,4,4,1,7	7,2,3,2,2,1,5,3,5,0	2,7,6,5,5,4,6,1,3,1	133	75
2071	3,1,2,0,0,1,2,0,2,2	80,72,76,66,68,77,57,72,69,58	1,1,0,6,2,1,1,2,0,6	73,87,73,66,87,50,65,76,80,68	126	75
2072	0,0,0,1,0,1,1,1,0,0	0,1,0,0,0,0,0,0,0,0	1,0,0,0,0,0,1,0,5,1	0,0,0,1,0,0,1,0,0,0	79	75
2073	4,2,2,1,0,2,2,0,0,2	0,1,0,0,0,0,0,0,0,0	1,1,4,1,1,1,0,4,1,2	0,0,0,1,0,0,1,0,0,0	95	75
2074	4,2,2,1,0,2,2,0,0,2	0,0,0,1,0,1,1,1,0,0	1,1,4,1,1,1,0,4,1,2	1,0,0,0,0,0,1,0,5,1	91	75
2075	2,2,2,0,2,0,1,2,2,0	2,1,0,0,0,1,0,3,1,0	3,5,1,1,1,1,0,2,1,1	0,0,1,0,0,0,0,0,2,0	79	75
2076	14,15,7,5,9,13,8,12,15,10	0,0,0,0,0,0,0,0,1,0	13,8,11,8,13,8,16,13,8,2	0,0,0,1,0,0,0,1,0,0	78	75
2077	4,2,4,0,5,3,3,3,3,3	1,0,0,0,1,0,0,0,0,1	3,5,6,4,6,4,9,5,8,1	0,0,0,0,0,0,0,0,0,0	78	75
2078	72,116,90,78,92,73,93,86,104,113	4,3,6,3,11,12,6,6,3,2	102,97,79,99,82,100,88,101,110,81	1,3,1,3,5,2,4,4,8,3	107	75
2079	29,19,18,12,23,34,33,22,21,7	0,1,1,2,3,1,4,1,0,0	23,23,12,37,16,17,31,34,24,40	3,1,0,2,0,0,2,2,1,1	124	75
2080	42,56,43,32,52,36,30,36,24,49	4,0,1,1,2,2,1,0,0,2	31,56,21,34,21,34,44,52,45,34	0,6,2,2,0,0,3,1,1,1	126	75
2082	0,0,0,0,0,0,0,0,0,0	48,59,55,60,65,62,39,61,56,52	0,1,0,0,0,0,0,0,1,0	47,53,52,44,62,49,68,50,48,24	111	75
2083	4,12,9,4,4,4,11,9,9,9	76,54,59,45,56,59,67,47,45,50	5,9,5,6,3,10,7,4,7,5	59,61,47,69,48,66,35,57,60,58	150	75
2084	3,6,3,6,4,3,4,4,5,5	29,29,42,38,35,53,42,31,35,28	1,4,3,2,4,6,7,4,4,4	37,38,31,46,34,26,33,32,44,21	93	75
2085	203,199,164,133,165,143,182,188,112,159	0,0,0,0,0,0,0,0,0,0	196,154,158,191,122,215,187,172,166,145	0,0,1,0,0,0,0,0,0,0	2357	75
2086	52,46,45,42,51,45,59,43,39,68	0,0,0,0,0,0,0,0,1,0	47,35,35,39,31,37,53,58,50,41	0,0,0,0,0,0,0,0,0,0	165	75
2087	91,77,81,69,93,70,81,64,50,101	2,1,0,0,0,0,0,0,1,0	67,71,64,67,49,58,85,83,79,70	0,0,0,0,0,1,0,0,0,0	165	75
2088	36,34,17,43,41,37,42,45,48,39	2,0,2,0,0,0,0,0,1,0	42,46,35,53,46,29,29,43,40,44	1,0,0,0,0,0,0,0,0,0	199	75
2089	0,1,2,1,1,0,0,0,0,1	7,6,10,6,14,10,12,13,8,11	3,1,0,2,0,1,0,2,2,0	11,5,11,12,9,10,18,8,15,15	87	75
2090	10,12,15,8,7,8,11,4,8,9	2,0,3,0,1,1,0,1,0,1	17,12,7,14,7,11,11,3,14,12	1,0,1,3,1,0,1,1,2,2	79	75
2091	4,6,8,4,4,5,11,2,3,3	4,5,2,3,1,0,4,1,1,5	5,5,6,5,1,5,4,4,2,4	1,5,1,4,1,3,7,3,6,3	78	75
2094	74,55,59,49,53,57,94,70,49,50	0,1,0,0,0,0,0,1,2,1	51,58,44,60,53,60,73,66,65,38	0,0,1,1,1,1,1,0,0,0	128	75
2096	2,1,3,2,4,5,3,3,0,1	0,0,0,0,0,0,0,0,0,0	5,2,8,5,0,2,6,4,6,5	0,0,0,0,0,0,1,0,0,0	222	75
2098	0,0,0,0,0,0,0,0,0,0	3,2,1,2,1,2,3,5,2,2	0,0,2,0,0,1,1,0,0,0	1,2,2,5,3,3,4,1,1,5	123	75
2099	16,4,16,15,11,9,8,12,9,15	0,0,0,0,0,0,0,0,0,0	11,9,7,8,9,10,14,17,10,17	0,0,0,0,0,1,0,0,0,0	110	75
2101	0,0,0,0,0,0,0,0,0,0	8,4,6,8,11,12,9,3,7,9	0,0,0,0,0,0,0,0,1,0	2,9,4,8,7,1,6,8,14,4	97	75
2102	1,0,4,1,1,0,0,2,1,0	1,0,0,0,0,0,0,0,0,0	2,4,0,0,1,1,3,0,2,1	0,1,0,0,0,0,0,2,0,1	91	75
2103	5,3,4,5,2,3,4,2,4,4	30,13,10,11,17,19,20,19,20,20	2,2,4,3,0,2,2,5,4,0	11,12,12,17,10,8,13,21,21,18	130	75
2104	23,18,25,31,18,34,16,17,21,21	6,6,12,2,6,7,8,12,7,12	9,28,14,21,18,18,15,20,22,32	11,12,4,7,8,12,12,9,7,12	78	75
2105	0,1,0,0,0,0,0,0,0,2	58,62,80,55,66,75,64,59,66,75	0,0,0,0,2,0,0,0,1,1	67,82,61,54,76,66,59,60,76,47	127	75
2106	93,75,67,70,74,91,89,76,79,99	1,1,0,1,0,0,0,0,0,0	103,109,67,89,109,89,93,90,105,80	0,0,2,0,0,0,0,0,0,0	130	75
2108	66,75,72,61,78,47,77,60,71,75	2,0,0,0,0,1,0,2,0,0	72,73,61,64,54,66,59,96,95,91	2,1,0,0,0,0,0,0,1,0	88	75
2109	73,81,81,64,91,54,82,67,78,79	3,0,1,1,2,0,0,1,4,2	79,81,64,68,63,72,64,103,104,99	0,0,0,1,2,0,0,0,0,0	100	75
2110	9,6,9,3,13,8,5,9,7,4	3,0,1,1,2,0,0,1,4,2	9,9,3,4,9,6,5,7,10,8	0,0,0,1,2,0,0,0,0,0	87	75
2111	26,36,29,42,23,24,29,34,34,38	8,9,7,7,1,3,4,5,4,6	27,37,29,35,42,35,36,36,37,24	10,4,8,9,10,3,9,5,4,8	78	75
2112	23,29,23,23,18,24,24,16,20,20	6,10,8,7,10,8,3,8,4,9	24,30,11,17,22,14,24,18,27,19	7,4,12,17,7,9,13,9,4,10	81	75
2113	172,164,151,130,109,138,141,155,134,142	0,0,0,0,0,0,0,0,0,1	126,167,157,176,142,146,148,141,181,136	0,0,0,0,0,0,0,0,0,0	302	75
2114	58,62,57,49,53,55,57,52,44,52	4,8,6,6,6,4,4,3,4,4	47,69,70,59,59,59,78,63,69,51	6,5,5,5,3,2,5,0,0,1	84	75
2117	3,0,2,3,2,1,1,1,3,1	77,69,58,71,63,56,93,67,65,66	1,3,0,2,4,1,2,2,4,3	74,77,65,78,80,89,71,63,83,66	90	75
2118	0,0,0,1,0,0,0,1,1,0	5,5,2,5,0,9,3,3,0,0	0,1,0,0,0,0,0,0,0,0	4,0,1,5,2,1,4,3,2,1	108	75
2119	5,10,13,14,15,9,4,12,6,7	127,116,121,99,134,110,99,112,97,139	10,10,16,14,8,7,7,14,9,16	124,118,123,129,103,127,135,142,143,156	97	75
2121	2,2,0,2,0,0,0,4,0,0	34,34,34,34,37,40,46,32,37,31	1,0,2,1,1,1,3,1,0,4	39,32,43,37,43,40,28,32,47,50	91	75
2123	36,37,38,47,52,43,30,28,33,43	0,1,0,0,1,0,0,0,0,0	48,35,36,25,42,39,36,44,39,27	0,0,0,0,0,0,0,0,0,0	79	75
2124	14,19,15,19,24,14,28,21,18,25	0,1,0,0,1,0,0,1,0,0	26,28,13,19,19,26,25,13,18,16	0,0,0,0,0,0,2,0,0,0	133	75
2125	8,4,3,6,8,3,16,7,9,5	0,0,0,0,0,1,0,0,1,0	7,10,11,12,5,10,8,13,9,5	2,2,0,0,0,0,1,0,0,0	123	75
2126	0,0,1,0,0,0,0,0,0,0	0,2,0,1,1,2,0,0,0,0	0,0,0,0,0,0,0,0,1,0	0,0,0,0,1,0,0,0,0,2	78	75
2127	9,16,12,8,9,5,8,7,14,11	16,8,12,9,14,4,10,8,9,14	12,10,3,13,8,4,8,4,5,10	12,14,12,21,13,12,5,10,13,16	346	75
2128	56,59,69,71,69,73,82,83,87,74	5,2,3,2,0,4,6,5,2,2	70,70,79,58,66,88,66,77,96,73	2,3,4,3,0,6,5,3,1,5	78	75
2129	0,4,1,4,0,4,2,3,6,7	0,0,0,0,0,0,0,0,0,0	0,1,3,2,2,4,1,1,0,6	1,0,1,0,0,0,0,0,0,0	78	75
2131	21,21,19,15,17,18,20,20,25,19	0,0,0,0,0,0,0,0,0,0	17,18,24,26,20,17,19,24,21,20	0,0,0,0,0,0,0,0,1,0	82	75
2132	0,0,1,0,0,0,0,1,1,2	25,23,16,11,14,17,17,10,22,22	0,1,2,0,1,1,0,0,0,0	26,16,12,23,18,15,24,16,22,10	115	75
2133	0,0,0,0,0,0,0,1,1,1	3,1,0,1,0,0,1,2,0,0	0,0,2,0,2,1,0,0,0,0	2,1,1,0,0,1,4,5,0,0	115	75
2134	0,1,0,0,0,0,2,0,4,0	7,10,10,12,5,12,4,5,5,7	0,0,2,0,0,0,0,0,0,0	12,5,2,9,11,8,6,6,7,3	93	75
2135	1572,1476,1383,1343,1416,1272,1525,1333,1370,1410	36,13,25,23,25,28,22,15,23,40	1575,1581,1268,1603,1465,1511,1379,1586,1748,1602	26,27,25,20,22,9,38,45,23,31	458	75
2136	18,13,29,13,20,12,15,14,10,10	4,1,0,0,1,0,0,0,1,4	19,17,12,14,10,16,16,11,5,9	1,3,2,0,0,0,0,0,0,0	183	75
2137	69,85,43,59,61,63,68,62,73,78	4,0,0,0,1,0,2,0,2,0	57,62,74,68,70,80,82,56,71,62	2,1,0,2,1,1,2,0,4,1	101	75
2138	1,2,3,0,3,5,6,3,2,2	37,29,32,30,35,31,36,38,41,40	5,2,3,5,5,2,3,0,7,2	44,36,27,25,35,25,37,36,18,56	104	75
2139	1,2,2,2,1,4,3,0,3,1	0,0,0,0,0,0,0,0,0,0	4,5,2,1,2,0,1,1,3,3	0,0,0,0,0,0,1,0,0,0	488	75
2140	8,3,8,8,8,7,6,4,1,9	6,0,8,3,3,6,3,1,3,5	6,2,2,10,6,9,7,4,7,2	6,9,5,3,5,5,10,9,5,4	148	75
2141	37,31,36,37,42,42,40,24,26,32	0,0,0,0,0,1,0,2,0,0	35,34,42,30,32,57,33,37,36,47	0,0,0,0,0,0,2,0,0,0	116	75
2142	0,0,0,2,1,3,0,0,2,2	20,23,19,16,33,30,36,27,21,23	3,1,0,0,0,3,0,2,0,0	22,30,22,36,23,26,25,25,29,29	96	75
2143	44,50,37,49,52,46,48,52,37,55	1,2,2,0,1,1,1,1,1,1	68,41,60,44,46,41,59,70,53,45	2,0,2,0,0,2,3,1,0,1	150	75
2144	235,225,223,219,178,236,294,254,230,217	20,24,28,14,28,20,37,25,26,33	226,200,214,248,273,274,208,197,194,177	18,25,24,17,40,28,32,31,16,22	141	75
2145	8,3,3,2,10,5,6,8,7,5	25,27,20,19,19,39,26,28,22,28	6,2,9,6,5,4,16,6,6,8	32,30,18,24,29,18,29,44,49,44	152	75
2146	3,5,3,5,6,5,3,7,5,7	5,0,0,1,0,0,0,1,3,2	4,5,6,3,2,3,4,1,4,6	1,1,0,1,0,0,0,0,0,1	91	75
2148	0,0,0,1,1,0,0,0,0,0	179,199,153,176,180,174,188,147,149,216	1,0,0,3,1,0,0,0,1,0	165,178,160,188,154,166,167,219,237,212	94	75
2149	0,0,0,0,0,1,1,0,0,0	133,166,138,104,148,122,154,95,95,169	0,0,0,0,0,0,0,0,1,3	151,150,148,133,124,139,120,172,187,171	98	75
2150	131,113,113,93,118,90,82,80,80,127	0,1,0,0,0,0,0,0,0,0	125,112,95,84,93,75,103,134,146,134	0,0,0,0,0,0,2,1,0,3	125	75
2151	264,279,251,197,266,211,235,175,175,296	0,1,0,0,0,0,0,0,0,0	276,262,243,217,217,214,223,306,332,302	0,0,0,0,0,0,2,1,0,3	102	75
2152	1,0,1,2,0,1,0,1,0,0	2,0,0,0,0,0,0,1,0,0	0,0,0,0,0,0,1,0,1,2	0,0,0,0,0,0,0,1,0,0	78	75
2153	45,34,37,32,35,45,37,41,25,47	0,0,1,1,0,1,1,0,0,1	49,22,32,37,28,37,40,49,33,36	0,1,0,0,0,0,0,0,0,0	80	75
2154	47,40,41,48,55,55,42,42,41,51	0,0,0,0,0,0,0,0,0,0	50,51,42,44,48,53,57,50,39,44	1,0,0,0,0,0,0,0,0,0	902	75
2155	12,5,3,4,4,1,1,5,1,8	5,8,4,6,2,2,1,2,5,3	1,1,3,1,5,2,3,2,4,7	4,0,7,7,2,4,2,1,2,6	95	75
2156	0,0,0,0,0,1,0,0,0,0	4,5,3,2,3,4,8,3,2,3	0,0,0,0,0,1,0,0,0,0	2,2,3,3,6,1,2,2,3,5	95	75
2159	199,179,217,156,229,200,207,177,180,243	1,5,3,0,6,1,0,1,11,3	212,206,190,217,176,233,187,214,189,216	2,2,1,0,3,1,0,7,3,2	791	75
2167	6,2,3,1,3,2,2,1,4,9	9,7,5,6,7,5,6,9,10,10	4,7,5,5,3,7,5,8,3,1	10,14,5,12,6,12,3,6,8,8	78	75
2168	17,29,29,37,30,20,26,29,22,15	0,1,0,0,0,1,0,0,0,0	24,23,22,11,21,27,32,16,32,22	0,0,0,0,0,0,0,1,0,0	181	75
2169	31,31,28,22,34,25,26,31,27,26	0,1,2,0,2,0,6,0,1,0	27,34,27,34,22,29,20,38,23,34	0,2,1,0,0,3,0,1,2,1	149	75
2170	13,8,10,17,15,10,14,12,10,14	1,0,1,1,0,0,1,0,0,3	15,12,8,11,4,16,9,15,13,15	2,0,2,0,0,2,0,1,0,0	91	75
2171	2,0,0,4,0,0,1,1,1,1	0,1,0,1,1,0,0,0,0,0	0,2,0,1,0,0,1,0,0,1	0,1,1,1,0,0,1,0,1,0	119	75
2172	5,4,2,2,1,6,3,1,6,1	6,6,0,2,3,0,4,3,4,1	3,10,3,4,4,4,4,4,3,6	2,2,3,1,1,3,2,2,1,1	93	75
2173	6,2,5,7,3,5,6,10,6,4	0,0,0,0,0,0,0,0,0,0	1,6,7,11,2,9,6,13,1,8	0,0,0,0,0,1,0,0,0,0	78	75
2175	2,3,2,5,6,0,3,2,3,3	0,0,0,0,0,0,0,0,0,0	3,6,6,10,2,4,6,13,3,0	0,0,0,0,0,0,0,1,0,0	102	75
2176	15,12,13,15,12,10,5,9,10,20	0,0,0,0,0,0,0,0,0,0	11,12,9,18,10,15,17,20,14,9	0,0,0,1,3,0,0,0,0,0	102	75
2177	3,2,6,6,4,2,5,4,1,4	0,0,1,0,0,0,0,0,0,0	4,7,3,9,3,5,3,7,2,4	0,0,0,0,0,1,1,0,0,2	102	75
2178	1,9,4,5,5,9,6,7,12,8	9,10,6,4,13,5,12,7,15,15	6,7,3,8,2,8,8,7,5,6	23,10,9,17,5,15,14,16,11,7	78	75
2179	21,23,18,17,23,19,17,13,15,19	0,0,0,0,1,0,0,1,0,0	11,23,11,22,19,26,16,15,20,31	0,1,0,0,0,0,0,0,0,0	108	75
2182	0,0,0,0,0,0,0,0,1,0	6,9,4,8,7,1,8,4,3,8	0,0,0,0,0,0,0,0,0,0	8,3,8,4,4,4,9,2,4,4	92	75
2183	11,5,5,5,10,14,16,6,8,4	0,0,0,0,0,0,0,0,0,1	11,9,4,6,12,7,5,10,11,6	1,0,0,0,1,0,0,0,0,1	334	75
2184	27,8,18,14,23,18,17,19,14,25	1,0,0,0,0,1,1,0,0,0	17,17,16,15,21,13,12,20,32,23	0,0,0,0,0,0,0,1,0,0	481	75
2185	28,9,18,14,24,18,17,19,16,25	0,0,0,0,0,0,0,0,0,1	18,19,16,15,21,13,12,21,34,23	0,0,0,0,0,0,0,0,0,0	740	75
2186	5,3,4,6,5,7,4,4,5,1	1,0,0,0,0,0,0,0,0,0	5,7,7,6,6,3,5,5,8,3	0,0,0,0,0,0,0,0,0,0	117	75
2192	312,313,263,234,251,278,273,247,246,282	11,10,7,10,8,14,6,16,9,7	293,278,218,249,219,296,317,302,267,265	21,14,9,16,19,10,10,13,11,22	78	75
2193	0,0,2,1,0,3,0,1,1,0	168,183,121,145,154,154,184,155,148,177	2,1,0,1,1,0,0,1,1,1	142,162,140,189,149,190,151,163,159,190	105	75
2194	54,57,46,43,89,54,59,48,27,75	1,0,0,2,1,1,1,1,1,0	60,46,51,47,55,54,60,84,64,72	0,0,0,0,0,1,1,2,0,2	78	75
2195	40,50,31,27,32,29,41,54,26,60	0,0,0,0,0,0,0,0,0,0	56,37,48,25,35,36,40,50,40,36	0,0,0,3,0,0,0,0,0,0	79	75
2196	10,6,7,9,19,12,8,11,15,11	0,0,0,0,0,0,0,0,0,0	8,11,11,9,11,17,12,23,10,21	0,0,0,0,2,0,0,0,0,0	90	75
2198	1,1,3,4,0,2,2,0,3,2	12,16,9,13,19,16,14,14,12,22	0,3,6,2,0,1,1,1,1,1	17,20,11,12,15,17,19,13,13,17	91	75
2199	58,41,35,49,42,32,41,42,40,57	0,0,0,0,0,0,0,0,0,0	51,45,28,56,49,63,45,61,54,42	1,0,0,1,0,0,0,0,0,0	153	75
2200	1,0,0,2,1,0,0,0,0,0	0,0,0,0,0,0,0,0,2,0	0,0,0,0,0,0,0,1,0,3	0,0,0,0,0,0,0,0,0,0	100	75
2201	67,66,51,48,54,51,52,68,61,80	4,3,2,0,1,2,1,1,5,1	49,42,73,53,72,81,62,68,67,57	2,3,2,2,0,2,0,1,0,4	159	75
2202	5,6,2,5,3,7,1,6,2,6	14,14,5,9,11,10,8,15,10,6	3,7,7,9,1,7,2,8,4,7	8,8,6,4,5,15,9,7,12,3	150	75
2204	0,0,0,0,2,1,1,2,1,0	0,0,0,0,0,1,0,0,0,0	1,0,0,2,0,0,0,0,0,0	0,0,0,0,0,0,0,0,0,0	602	75
2206	0,0,0,0,0,0,0,0,0,0	0,0,1,0,0,0,1,0,0,0	1,0,0,0,1,0,0,0,0,0	0,0,0,0,0,0,0,0,0,0	146	75
2207	0,0,0,0,1,0,0,0,0,0	0,0,0,0,0,0,0,0,0,2	0,0,0,0,0,0,0,0,0,0	0,0,0,0,0,0,0,0,0,2	90	75
2208	120,97,80,78,92,99,104,121,101,120	2,3,2,9,6,2,9,5,4,5	122,115,96,98,132,119,98,124,126,139	6,7,6,6,4,1,1,4,7,3	87	75
2209	80,78,65,75,91,78,87,75,83,74	1,3,0,0,1,2,0,1,1,0	67,88,59,87,64,73,74,88,90,95	1,0,0,1,0,0,1,2,0,1	89	75
2210	357,356,315,333,337,380,313,315,283,381	0,0,0,0,0,1,0,0,0,0	380,325,296,339,322,394,370,384,431,423	0,0,0,0,0,0,0,0,0,0	252	75
2211	11,4,8,3,7,7,12,8,7,6	0,0,0,0,2,0,0,0,0,0	7,7,6,4,8,8,9,6,5,5	0,2,0,0,0,1,0,0,1,0	103	75
2213	37,50,25,34,31,45,39,29,27,45	4,2,0,1,1,0,0,0,1,2	41,30,35,38,43,33,34,45,45,43	0,2,0,0,2,2,3,3,2,2	82	75
2214	1,1,0,1,0,1,0,3,1,1	0,0,0,0,0,0,1,0,0,0	0,0,1,0,2,0,0,0,0,0	0,0,0,0,0,0,0,0,0,0	141	75
2215	110,112,89,90,109,119,94,84,76,100	2,7,4,3,0,2,2,1,2,2	94,127,86,75,106,93,96,105,78,79	2,0,3,4,2,3,2,2,2,3	101	75
2216	42,46,38,36,53,45,41,43,47,60	18,21,13,10,12,9,16,17,10,16	41,43,45,41,37,43,37,43,49,46	17,16,16,7,12,10,16,9,12,8	129	75
2217	5,14,15,5,9,8,12,8,5,10	2,1,0,2,0,1,1,1,1,2	6,11,14,10,6,9,5,8,14,11	1,4,1,0,0,0,1,0,3,0	223	75
2218	2563,2900,2541,2566,2455,2427,2782,2456,2593,3227	22,14,20,23,19,19,16,12,11,25	2742,2626,2448,2676,2855,2765,2709,3205,2948,3227	17,17,16,17,25,13,17,26,21,25	1199	75
2220	24,27,14,29,9,16,16,18,12,21	1,0,0,0,0,0,0,0,0,1	24,27,21,23,29,15,23,14,17,9	0,0,0,0,0,0,0,0,0,0	88	75
2221	1,5,1,2,1,1,1,2,2,3	972,1009,842,870,927,926,905,906,893,1015	1,3,1,0,1,4,2,0,2,1	1006,1025,830,953,999,957,975,1173,1131,1134	148	75
2222	884,835,743,696,831,715,837,657,702,933	29,46,28,31,23,33,26,27,27,38	852,755,724,789,779,751,809,986,997,1023	29,25,31,25,24,24,20,40,46,41	116	75
2223	1,0,1,0,1,0,0,1,4,0	0,0,0,0,0,1,0,0,0,0	1,1,1,1,0,0,0,2,1,1	0,0,0,0,0,0,0,0,0,0	149	75
2224	0,0,0,0,0,0,0,2,0,0	0,0,0,0,0,2,0,0,0,0	0,0,0,0,0,0,1,1,0,0	0,1,0,1,0,0,1,0,0,0	108	75
2225	36,30,28,22,33,12,40,27,28,31	1,1,0,0,0,0,0,1,1,2	30,25,27,34,29,27,35,25,33,37	1,1,2,1,0,0,0,0,2,0	748	75
2226	6,3,11,8,5,7,4,2,4,3	15,12,8,12,9,13,8,8,13,6	8,7,9,5,7,2,8,6,10,3	8,22,10,10,6,9,10,14,8,5	78	75
2227	120,123,111,111,110,127,123,120,121,111	0,2,0,3,0,0,0,0,0,1	131,120,127,114,99,104,121,130,129,92	0,1,1,1,0,0,0,2,3,4	166	75
2229	7,5,8,6,11,8,3,5,6,7	1,0,0,2,3,2,5,1,2,3	9,5,4,7,4,8,7,9,6,9	1,0,1,2,1,6,1,3,2,2	78	75
2230	7,3,4,6,3,5,11,2,3,3	1,1,0,0,3,1,0,2,0,0	3,5,5,2,4,9,3,4,7,3	0,0,1,3,1,1,0,1,1,1	78	75
2231	4,0,6,6,3,3,4,1,2,3	0,0,0,0,1,0,0,0,0,0	3,3,2,3,0,11,1,3,4,6	0,0,0,0,0,0,0,0,0,0	1077	75
2233	0,0,1,0,1,0,0,0,0,0	1,0,0,0,0,0,0,0,0,0	2,0,0,0,0,0,0,0,0,0	0,0,0,0,0,0,0,0,0,0	94	75
2234	1,2,2,3,0,0,3,3,2,1	0,0,0,0,1,0,1,1,0,0	0,2,2,2,4,3,1,2,1,3	0,1,0,0,0,0,3,0,0,0	78	75
2235	14,15,26,20,17,19,26,22,16,18	8,6,2,8,4,8,4,7,4,5	19,25,34,25,15,27,18,8,26,22	4,10,3,5,7,2,4,3,1,3	78	75
2236	41,53,36,43,53,62,51,38,47,43	23,16,20,16,27,10,20,22,17,17	41,48,37,44,60,43,35,62,53,45	26,17,22,10,17,12,16,17,11,17	87	75
2237	71,64,63,63,82,85,71,64,78,66	1246,1156,1003,1025,1048,1094,1139,979,1018,1069	71,69,70,75,84,64,60,94,88,80	1082,988,1010,1041,1260,1099,1037,1198,1128,1035	87	75
2239	0,0,1,0,0,0,1,1,0,0	0,0,0,0,1,0,0,0,0,0	1,4,0,0,0,0,1,0,0,0	0,0,0,0,0,0,0,0,0,0	78	75
2240	22,19,11,16,17,19,11,5,10,12	0,0,0,0,1,0,1,1,0,2	29,12,9,5,7,11,15,16,17,15	0,1,0,0,0,0,0,0,1,2	1174	75
2241	1,1,0,0,1,1,0,0,0,1	50,65,50,52,43,48,46,35,31,66	1,1,0,0,4,0,2,0,1,0	50,53,64,47,56,44,48,55,62,77	105	75
2242	74,88,63,86,61,53,78,82,65,102	0,3,0,2,0,0,0,1,1,1	87,72,48,76,74,102,67,90,82,72	2,1,1,0,2,0,1,1,5,1	234	75
2243	74,88,63,86,61,53,77,82,64,101	0,2,1,3,1,0,0,1,1,0	87,72,48,76,75,102,67,89,81,72	0,1,0,0,0,0,0,2,0,1	234	75
2244	26,22,19,27,30,24,34,23,39,23	11,11,12,11,19,10,16,9,18,8	18,32,23,21,31,31,33,26,40,25	12,19,16,12,11,15,19,18,12,9	84	75
2245	217,205,213,197,216,171,233,193,154,220	9,8,7,7,6,10,8,9,4,8	190,211,160,212,196,215,195,210,190,166	3,9,6,7,9,8,7,5,5,4	77	75
2246	28,25,25,17,21,21,16,8,15,17	0,0,0,0,0,0,0,0,0,0	20,22,15,17,23,16,17,17,31,21	0,1,0,0,0,0,0,0,0,0	3376	75
2248	97,127,108,104,120,100,110,112,90,115	0,1,0,1,0,1,0,1,1,2	118,130,85,130,107,103,118,142,114,148	3,1,2,0,1,1,1,5,1,1	194	75
2250	5,9,4,4,6,6,19,9,5,7	0,0,0,0,1,0,0,0,0,0	11,9,6,4,7,6,9,8,11,9	0,0,0,0,0,0,0,0,0,0	78	75
2252	0,0,0,0,2,0,0,0,0,0	0,0,0,0,0,0,0,0,0,0	0,0,0,0,0,0,0,0,0,0	0,0,0,0,0,0,0,0,1,0	101	75
2253	113,140,128,119,111,90,130,122,103,135	2,1,0,2,0,1,4,1,0,0	133,128,120,100,156,137,140,125,145,110	2,1,0,0,1,0,0,1,2,1	191	75
2254	169,251,181,188,187,190,212,177,169,231	0,2,1,0,1,2,0,1,1,4	203,208,275,265,218,178,231,351,260,281	0,2,5,2,1,0,2,4,0,3	767	75
2255	1,11,1,12,7,3,6,5,4,3	97,99,97,82,86,100,96,84,76,114	6,6,2,6,1,5,3,6,9,6	78,87,96,93,89,77,69,97,113,65	79	75
2256	9,18,7,7,6,10,10,8,3,13	0,0,0,0,0,0,1,0,0,0	11,8,12,8,16,7,9,5,8,10	0,0,0,0,0,0,0,0,0,0	97	75
2257	0,0,0,0,0,0,0,0,0,0	13,10,11,5,6,5,6,6,10,3	0,0,0,0,0,0,1,0,0,0	6,6,7,7,9,9,13,11,11,12	94	75
2258	4,4,9,3,3,5,3,10,6,8	0,1,0,1,0,0,0,0,0,0	6,10,5,4,8,5,6,14,12,12	0,0,0,0,0,0,0,0,0,0	80	75
2259	4,3,3,4,3,2,5,2,5,4	0,1,0,1,0,0,0,0,0,0	8,6,4,3,0,2,2,5,5,2	0,0,0,0,0,0,0,0,0,0	213	75
2260	4,1,0,4,2,0,3,1,1,1	4,2,6,3,2,3,1,9,2,5	3,4,2,1,0,0,1,2,2,1	1,8,3,2,8,3,5,11,9,11	208	75
2261	0,2,3,0,1,2,2,1,4,4	0,0,0,0,0,0,0,0,1,0	5,2,4,2,0,2,3,3,3,1	0,0,0,0,0,1,0,0,0,0	80	75
2262	33,23,35,34,30,24,54,25,28,23	0,0,0,0,0,0,0,0,1,0	30,34,23,37,33,26,25,41,46,27	0,0,0,0,0,1,0,0,0,0	526	75
2263	33,21,32,34,29,22,52,24,24,20	0,0,0,0,0,0,0,0,0,1	25,32,21,35,33,24,24,38,43,26	0,0,2,0,0,0,2,0,0,0	521	75
2264	63,54,47,48,55,64,53,51,82,50	165,145,115,136,152,164,160,133,152,117	46,48,49,60,44,46,63,52,77,63	119,162,114,150,128,123,150,136,148,156	78	75
2265	2,1,4,3,3,1,1,0,1,2	0,0,0,0,0,0,0,0,0,1	0,2,2,2,3,0,2,6,4,1	0,0,0,0,0,0,0,1,0,1	93	75
2266	0,1,1,0,1,0,0,1,0,4	0,0,1,0,0,0,0,0,0,0	0,2,0,0,0,0,1,1,2,0	0,0,0,0,0,0,0,0,0,0	85	75
2267	29,23,31,40,34,39,27,33,40,41	0,0,1,1,0,0,0,0,0,0	36,45,41,42,48,25,34,52,23,29	0,1,1,0,0,0,0,0,0,0	150	75
2268	27,17,22,18,10,12,14,22,15,29	8,4,1,5,2,4,3,7,3,3	17,18,20,19,14,15,17,17,15,14	3,3,3,3,0,3,4,2,6,3	105	75
2269	81,93,84,79,79,79,90,74,81,107	4,0,3,2,4,2,5,0,1,7	75,77,72,80,81,73,91,92,96,86	2,0,0,0,0,2,1,5,3,3	1025	75
2270	2,7,5,14,3,3,10,9,9,10	0,0,0,0,0,0,0,0,0,0	7,1,3,7,10,8,6,4,9,7	0,0,0,0,0,0,0,0,1,1	172	75
2271	3,9,5,13,7,6,11,10,12,12	4,5,3,12,9,7,6,11,3,6	8,4,5,7,13,13,7,3,9,9	7,8,4,5,4,6,6,5,5,6	172	75
2272	2,7,5,13,4,5,10,9,10,10	1,0,2,2,0,2,0,2,2,0	7,2,4,7,11,10,7,3,9,7	0,0,0,0,0,2,0,0,1,2	172	75
2273	27,22,33,20,43,23,30,25,42,15	9,10,2,3,7,4,7,8,7,9	27,51,29,45,43,41,30,22,25,9	5,4,4,7,3,6,6,7,3,4	78	75
2274	26,23,19,16,26,19,19,20,26,9	17,14,19,17,32,24,15,26,18,16	22,26,19,37,30,33,21,35,17,15	14,26,11,28,16,9,33,25,22,13	156	75
2275	9,4,7,11,10,3,23,8,1,3	0,0,0,0,0,0,1,0,0,0	6,6,6,5,4,9,10,9,5,4	0,0,0,0,2,0,0,0,0,0	78	75
2278	59,56,40,40,59,41,72,54,54,55	1,5,3,5,6,4,4,8,7,6	45,40,48,51,49,52,53,62,51,54	7,5,5,4,4,2,3,0,3,4	132	75
2279	61,39,42,50,52,54,43,50,44,52	3,1,0,1,3,1,4,1,2,2	37,55,41,30,55,47,45,45,48,40	2,0,0,2,2,0,0,0,0,2	87	75
2280	31,26,20,36,19,20,28,35,24,27	1,0,1,0,1,1,0,2,1,1	22,21,26,32,23,16,25,34,29,33	2,0,0,0,0,0,1,3,0,1	79	75
2281	0,4,1,0,1,1,2,3,1,2	6,3,1,0,3,5,3,0,3,3	1,2,2,4,1,1,3,4,1,1	1,3,3,7,3,2,2,4,4,7	96	75
2282	2,4,3,2,2,10,0,0,2,5	849,884,848,838,855,931,843,748,782,947	3,0,1,2,3,3,1,2,1,2	883,888,739,850,804,950,847,943,1024,1069	95	75
2283	0,1,1,0,0,0,0,0,0,1	83,82,80,79,101,89,98,74,80,82	0,1,0,0,0,0,1,1,0,0	63,79,71,67,88,75,88,79,98,74	99	75
2284	2,0,2,0,0,0,0,3,0,1	0,0,0,0,1,1,0,1,0,0	1,0,0,0,0,0,0,0,0,1	0,0,0,0,0,0,1,0,0,0	78	75
2285	42,49,37,26,22,37,37,31,36,33	241,189,156,181,187,177,212,172,199,184	42,26,36,41,53,28,26,31,37,30	225,177,194,176,175,200,162,210,188,166	78	75
2286	3,0,1,1,1,2,2,1,0,0	0,0,0,0,0,0,0,0,0,0	1,0,4,1,1,1,0,1,0,0	0,0,0,2,0,0,0,0,0,0	78	75
2287	0,0,1,3,0,2,0,0,0,0	1,0,2,3,1,6,0,4,2,0	0,0,0,0,0,0,3,1,3,0	0,2,1,0,5,0,7,6,4,0	93	75
2288	12,5,6,1,9,1,3,5,7,10	30,19,18,26,12,24,27,23,19,19	2,5,7,4,5,5,7,8,7,1	19,15,13,23,11,18,9,16,14,14	78	75
2292	124,109,91,95,84,80,84,97,74,91	0,3,2,3,1,2,2,2,1,4	113,94,103,116,98,97,88,127,124,101	2,0,7,1,0,3,1,1,2,2	79	75
2295	30,17,29,47,36,32,38,33,41,35	1,0,0,0,0,0,0,0,1,0	27,34,28,45,29,34,39,30,40,32	0,0,0,0,2,0,0,0,0,1	78	75
2296	214,192,194,192,192,183,218,215,207,238	0,0,0,1,1,3,0,2,0,3	239,210,208,258,220,225,220,205,222,199	0,1,0,0,1,0,0,1,0,2	3931	75
2297	0,2,2,0,0,0,0,2,2,0	93,81,67,59,72,83,89,79,79,102	0,0,1,1,0,0,0,0,1,0	83,79,75,68,88,72,58,85,88,74	88	75
2298	0,0,0,0,0,0,1,0,1,0	57,57,61,60,65,55,74,50,52,60	0,1,0,0,1,1,0,0,0,2	61,58,59,48,64,72,59,63,66,51	108	75
2299	10,9,11,4,4,14,11,9,7,13	0,0,0,0,0,0,0,0,0,0	5,3,14,5,7,9,4,9,5,10	0,0,0,0,0,0,1,0,0,0	78	75
2300	257,228,205,212,226,265,219,188,196,270	0,2,1,1,2,1,4,3,0,3	224,189,242,237,227,184,203,214,223,243	1,2,1,3,0,0,0,0,3,1	78	75
2303	99,87,65,83,109,85,82,77,81,95	12,26,17,10,12,23,22,15,14,11	90,85,88,99,78,82,86,87,80,62	16,18,13,11,18,21,12,17,13,13	141	75
2308	1,1,0,0,1,2,0,0,1,1	10,6,4,9,8,9,10,6,6,3	1,0,0,0,0,0,0,0,0,0	6,11,8,10,9,10,5,5,8,10	105	75
2309	7,3,2,1,1,4,4,6,6,5	3,0,0,1,3,3,2,1,1,2	3,2,2,4,0,5,1,3,3,3	0,3,1,3,1,2,1,0,1,2	96	75
2310	28,19,26,27,30,33,31,29,35,28	1,0,1,1,0,1,1,1,0,1	38,30,21,26,27,23,24,42,34,30	4,0,0,0,0,0,0,0,0,0	105	75
2311	9,21,18,29,16,24,26,16,18,21	0,0,0,0,0,0,0,0,0,0	14,22,24,22,15,14,20,16,17,28	0,0,0,0,0,0,0,0,0,1	312	75
2312	1523,1543,1411,1340,1611,1544,1555,1338,1182,1473	0,0,0,0,0,0,0,0,0,0	1470,1631,1387,1540,1480,1408,1443,1567,1652,1583	0,0,0,0,0,0,0,0,0,1	1316	75
2313	2,4,3,1,5,2,8,7,2,3	0,0,0,0,0,0,0,1,0,0	2,12,0,2,4,1,3,4,6,9	0,0,0,0,0,0,0,0,0,0	175	75
2314	57,67,57,41,51,53,58,46,57,49	5,1,2,0,0,1,1,2,5,5	58,64,40,57,44,47,37,72,66,49	1,2,1,5,2,1,1,1,4,1	479	75
2319	174,155,151,161,187,160,171,145,146,183	5,2,3,5,4,3,4,4,5,4	185,166,128,138,175,169,140,162,184,206	5,6,2,3,1,3,5,12,5,3	105	75
2320	32,41,23,27,28,22,27,26,28,38	0,0,0,1,0,0,0,0,0,0	26,25,30,27,40,16,22,27,25,23	0,1,0,0,0,0,0,1,0,0	129	75
2322	63,45,36,30,28,36,40,36,29,32	63,65,51,50,55,42,50,74,47,59	42,33,31,35,18,32,33,31,28,30	54,51,39,60,42,76,48,47,59,27	78	75
2323	19,14,17,10,11,13,10,11,10,19	0,0,0,0,0,0,0,0,0,0	16,17,9,12,16,14,19,16,16,10	0,0,1,0,0,0,1,0,0,0	2217	75
2324	36,32,31,19,30,28,22,16,18,31	0,1,0,0,0,0,0,0,0,0	29,23,24,28,30,18,19,29,26,22	0,0,0,0,0,0,0,0,0,0	79	75
2327	7,14,14,7,14,7,12,7,6,7	53,42,45,40,46,35,30,33,34,50	4,10,2,14,8,5,13,6,10,10	36,53,53,28,40,54,42,42,43,39	78	75
2328	7,6,5,4,7,2,9,4,7,4	1,3,4,0,1,3,2,3,4,1	12,8,4,10,9,6,6,6,8,5	3,1,2,1,3,0,5,3,2,3	733	75
2329	8,4,0,6,2,2,2,2,5,7	0,2,1,0,0,0,0,0,0,1	3,4,0,3,4,4,7,3,4,3	0,0,0,1,1,1,1,0,5,1	80	75
2330	2,0,2,2,1,0,1,1,0,0	25,20,27,25,26,20,27,22,12,28	1,0,0,0,0,1,2,0,0,1	25,29,18,20,10,21,25,22,12,19	90	75
2331	40,51,42,39,37,46,41,30,36,45	0,0,1,1,1,0,0,1,1,0	32,37,47,38,33,35,40,44,54,35	0,1,0,0,0,0,0,0,1,2	79	75
2332	333,277,192,200,224,233,314,242,185,259	2,3,0,0,1,0,1,1,1,0	281,222,213,264,211,310,231,199,193,211	0,0,0,1,2,0,1,0,0,0	150	75
2334	61,52,42,60,63,49,64,60,49,49	87,71,67,60,61,57,66,74,47,78	38,54,61,51,52,62,48,78,63,53	61,67,72,69,67,63,70,76,95,89	84	75
2335	0,0,0,0,0,0,0,0,1,0	0,0,0,0,0,0,0,0,1,0	0,0,0,0,0,0,0,0,2,0	0,0,0,0,0,0,0,0,0,0	78	75
2336	42,42,42,38,44,37,42,41,37,34	13,24,15,17,11,15,28,17,9,13	51,33,34,52,47,34,51,35,56,60	12,20,21,20,12,19,21,20,17,25	78	75
2337	70,63,61,68,65,58,65,50,56,55	0,0,0,0,0,0,0,0,0,0	64,64,61,70,52,49,50,77,70,93	0,0,0,0,1,0,0,0,0,0	277	75
2338	27,34,27,28,20,25,32,29,24,31	4,1,2,1,2,4,3,2,1,0	32,23,30,27,30,24,36,30,31,30	3,5,3,5,3,3,1,4,4,3	78	75
2339	1,1,1,1,1,2,5,3,0,3	0,0,0,0,0,0,0,1,0,0	1,2,3,1,6,0,1,1,4,3	0,0,0,0,0,0,0,0,0,0	78	75
2340	0,0,0,0,0,0,2,0,0,0	7,9,3,14,5,5,1,2,5,6	0,0,0,0,0,0,0,0,0,0	13,6,8,5,4,10,3,8,4,13	97	75
2341	69,51,53,49,71,52,62,48,49,60	1,0,0,0,0,0,0,0,0,0	57,51,55,54,42,51,41,51,52,54	0,0,0,0,0,0,0,0,0,0	923	75
2342	20,13,14,20,15,25,34,21,15,25	0,2,0,2,0,0,0,1,1,1	27,19,16,22,15,25,15,28,15,15	3,0,1,1,0,1,1,1,2,0	83	75
2343	0,0,0,0,0,0,0,0,0,0	1,1,0,1,0,0,0,0,0,0	0,3,0,0,0,0,0,0,0,0	1,1,0,0,0,0,0,0,0,0	91	75
2344	13,12,17,8,15,15,19,10,16,14	0,0,0,1,0,0,0,0,0,0	13,23,20,21,15,21,21,26,27,27	0,0,0,0,1,0,0,1,0,0	121	75
2345	83,60,56,58,50,61,60,55,62,69	0,0,0,0,0,0,0,2,0,0	59,58,69,59,54,66,56,59,69,64	0,0,0,0,0,0,0,0,0,0	87	75
2346	153,124,115,91,116,136,115,128,112,106	2,0,0,1,0,2,0,0,0,0	150,113,132,153,133,128,138,117,149,107	0,1,0,0,0,1,0,0,0,0	150	75
2347	512,535,506,552,575,493,555,509,446,605	0,0,0,0,0,0,0,0,0,0	537,588,556,516,566,522,513,569,634,607	0,1,0,0,0,0,0,0,0,0	2390	75
2348	20,20,12,18,21,17,17,5,14,11	3,1,3,1,1,1,1,0,1,1	17,21,18,9,12,13,11,20,27,22	2,0,0,0,3,0,3,3,1,1	78	75
2349	24,17,15,15,18,19,10,10,10,11	21,10,21,15,11,10,8,19,8,9	8,14,11,16,14,22,20,12,16,15	12,19,7,11,15,13,8,12,15,11	78	75
2350	49,44,45,42,53,41,45,37,36,53	2,1,0,0,1,1,0,0,1,1	56,55,49,59,67,48,43,50,59,59	0,1,0,4,0,3,0,3,1,3	144	75
2351	22,17,19,13,17,15,20,16,24,24	0,0,0,0,0,1,3,0,1,4	20,18,10,17,15,17,25,15,16,25	2,2,0,3,0,0,1,0,0,1	137	75
2352	5,6,6,2,10,3,3,3,10,3	565,583,491,436,498,484,571,502,469,796	8,4,3,3,3,4,1,8,8,4	615,483,531,487,515,550,542,703,837,740	95	75
2354	0,0,0,0,0,0,1,0,1,0	0,0,0,0,0,0,0,0,0,0	1,0,0,1,0,0,0,0,0,0	0,0,0,0,0,0,0,0,1,0	118	75
2355	0,0,0,0,0,0,1,1,1,0	0,0,0,0,0,0,0,0,0,0	1,0,0,1,0,0,0,0,0,0	0,0,0,0,0,0,2,0,0,0	136	75
2356	0,0,0,0,0,0,0,0,1,0	0,0,0,0,0,0,0,0,0,0	0,0,0,1,0,0,0,0,0,0	0,0,0,0,0,0,0,0,1,0	87	75
2357	0,0,0,0,0,0,0,1,1,0	0,0,0,0,0,0,0,0,0,0	0,0,0,1,0,0,0,0,0,0	0,0,0,0,0,0,2,0,0,0	105	75
2358	0,0,0,0,0,0,0,1,0,0	0,0,0,0,0,0,0,0,0,0	0,0,0,0,0,0,0,0,1,0	0,0,0,0,0,0,2,0,0,0	93	75
2362	3,3,6,1,5,0,5,2,9,5	1,4,3,3,3,3,0,1,3,3	9,4,5,3,8,5,3,5,7,2	2,1,0,3,5,0,6,1,3,1	248	75
2363	89,96,77,68,68,57,67,66,65,88	4,1,0,1,0,1,2,0,1,2	80,101,87,100,74,76,90,97,103,121	3,0,0,1,1,2,1,3,1,2	78	75
2364	42,64,44,34,54,41,55,30,36,66	1,3,2,2,2,2,2,2,1,2	47,35,42,53,37,50,42,54,69,54	6,3,1,1,2,1,6,1,3,5	80	75
2368	43,52,36,36,39,42,38,26,42,33	38,41,51,38,38,47,37,33,46,47	43,34,28,53,48,43,30,29,37,31	60,52,35,51,56,42,42,37,49,49	78	75
2370	12,18,12,14,14,12,13,9,8,11	25,24,27,26,27,32,31,28,20,18	11,13,8,10,11,18,9,8,14,6	35,16,20,25,33,33,27,29,17,13	78	75
2371	4,2,5,2,4,5,5,3,2,0	18,29,14,15,10,10,22,11,9,8	0,5,1,1,4,1,3,3,2,2	19,21,12,10,6,14,12,15,9,12	96	75
2374	3,1,2,2,1,1,4,1,3,0	106,94,88,120,95,121,115,77,98,135	3,1,6,5,5,6,3,5,2,2	100,103,110,92,95,78,105,113,116,105	100	75
2375	34,30,25,24,34,34,33,30,39,28	3,1,0,0,1,4,3,1,1,2	40,39,41,37,25,25,37,45,44,46	0,2,0,2,5,0,1,3,1,2	79	75
2376	0,0,0,0,1,0,0,0,0,2	48,59,50,52,63,50,52,58,44,57	0,0,1,0,0,0,0,0,0,0	48,40,48,51,49,42,52,50,64,46	99	75
2377	4,6,18,9,6,5,2,6,4,16	2,1,0,3,2,0,3,3,3,1	4,5,6,7,9,15,5,11,6,4	2,2,4,1,1,0,2,3,2,1	115	75
2378	13,27,15,11,10,18,20,19,10,20	0,0,0,1,0,0,0,1,0,0	11,11,13,16,22,14,22,14,13,11	1,0,0,0,0,0,0,0,0,0	77	75
2379	0,0,0,0,0,0,1,0,0,0	184,207,177,177,172,178,160,199,155,158	0,0,0,1,0,0,0,0,0,0	174,201,160,209,166,162,174,138,151,171	93	75
2380	203,187,182,161,186,179,181,196,187,196	5,6,2,9,5,6,3,8,2,1	170,177,138,197,180,184,182,206,176,213	4,4,2,4,1,3,3,2,5,5	99	75
2381	1,2,0,2,0,0,1,0,2,1	32,41,35,35,42,28,40,28,32,48	1,0,0,1,1,1,0,0,1,2	29,37,27,32,39,44,32,44,44,43	93	75
2382	31,27,20,22,30,15,19,20,17,34	3,0,3,4,5,0,3,3,4,1	29,21,21,31,25,26,28,21,33,34	3,3,1,1,4,2,0,1,3,0	79	75
2383	34,19,16,17,33,25,18,23,12,34	2,1,1,1,0,0,0,3,0,4	26,29,17,24,22,13,14,18,28,28	1,0,3,1,1,0,0,1,1,0	97	75
2385	0,0,0,1,1,0,0,0,0,0	14,7,2,18,11,12,11,10,8,10	0,0,0,0,0,0,0,0,0,0	21,12,15,8,4,13,11,8,15,14	149	75
2386	56,50,56,43,32,50,62,55,48,57	2,0,0,0,0,1,1,0,0,0	48,45,57,44,48,55,57,71,56,60	0,0,0,0,0,0,0,0,0,0	219	75
2387	71,69,74,49,52,64,69,58,65,106	0,1,3,0,0,3,0,0,0,2	75,82,81,70,60,72,68,82,76,67	0,0,2,0,0,0,1,0,1,0	138	75
2388	100,85,84,98,84,79,87,88,64,107	1,0,3,1,1,1,3,7,0,5	85,78,71,86,78,85,98,83,84,77	3,1,0,4,5,2,2,0,1,3	146	75
2389	23,34,14,28,18,14,22,15,15,27	0,0,0,1,0,0,0,0,0,0	22,19,11,15,25,24,20,9,19,14	0,0,0,0,0,0,1,1,0,0	143	75
2391	406,420,378,334,369,371,427,346,355,377	371,353,261,270,298,328,344,358,276,293	386,415,355,380,349,409,376,380,390,426	323,393,303,329,264,337,319,326,324,330	78	75
2392	0,5,1,1,1,2,3,2,0,3	16,9,6,5,13,15,13,6,5,6	1,2,3,0,4,1,0,1,0,0	4,8,8,9,6,5,14,18,9,13	170	75
2394	22,34,23,26,21,23,41,14,16,27	0,0,0,0,0,0,0,1,0,0	32,25,22,24,23,27,29,24,36,48	0,0,0,0,0,0,0,0,0,0	79	75
2395	2,1,2,1,0,1,3,2,2,2	39,35,23,24,31,35,46,37,33,31	3,3,2,2,3,3,2,4,2,3	29,35,30,31,28,27,23,33,35,29	78	75
2396	1,0,0,0,0,0,1,1,0,2	39,42,44,41,35,37,28,43,29,35	0,2,1,1,0,1,1,0,0,1	49,50,39,29,38,49,45,40,41,36	92	75
2397	2,4,0,0,2,1,1,2,0,3	1,0,0,0,0,1,0,0,1,0	4,1,2,0,2,0,1,0,4,0	0,0,0,0,0,0,0,0,0,0	79	75
2398	101,88,76,56,77,54,137,114,44,93	0,0,0,0,0,0,0,0,0,0	99,126,61,111,34,54,75,81,109,108	1,0,0,0,0,0,0,0,0,0	795	75
2400	6,8,8,11,4,6,7,5,4,9	41,54,44,40,54,24,40,39,35,59	2,5,10,11,6,11,9,10,8,6	61,51,30,44,41,59,52,44,45,41	124	75
2403	1,1,1,4,1,2,0,0,0,3	0,0,0,0,0,0,0,0,0,0	1,1,0,1,4,1,1,2,1,0	0,0,0,0,0,0,0,0,0,2	85	75
2405	1,3,2,2,5,3,1,6,0,2	2,0,0,0,1,1,0,0,2,0	2,0,4,3,1,3,2,0,5,0	0,0,0,0,0,0,0,3,0,1	78	75
2406	17,19,26,21,25,20,25,19,14,12	22,23,17,25,18,20,21,20,17,21	19,25,17,23,18,19,26,34,18,19	22,20,17,15,25,9,13,9,16,16	102	75
2408	59,44,55,46,42,47,42,59,55,69	0,0,1,0,0,0,0,0,0,0	36,55,65,65,40,50,73,50,60,54	0,1,0,1,0,0,1,0,0,4	1543	75
2409	6,14,0,4,9,10,6,6,0,8	35,30,28,24,25,35,30,19,19,25	3,7,6,7,4,9,7,12,8,8	23,35,17,26,24,20,25,29,26,33	128	75
2410	5,8,0,1,2,5,5,2,0,4	3,0,3,0,0,0,0,0,3,2	2,1,4,2,3,6,3,4,4,4	2,1,0,1,2,1,4,2,1,0	128	75
2411	744,741,674,747,740,725,872,750,729,903	2,1,0,0,0,0,1,2,0,1	795,897,693,785,831,878,861,698,824,813	2,0,1,0,1,1,0,0,4,2	79	75
2412	4,8,7,5,9,3,7,6,6,12	1,1,4,4,8,2,0,3,1,3	10,5,6,3,8,7,5,9,7,8	0,1,4,3,0,3,2,2,2,1	90	75
2413	5,4,2,7,2,8,8,6,3,1	3,4,5,2,4,3,6,5,3,9	4,5,3,6,1,1,4,2,11,1	6,2,3,7,10,5,4,6,3,2	139	75
2414	4,4,5,5,2,5,7,5,3,1	3,4,5,2,4,3,6,5,3,9	6,6,4,5,2,7,2,0,8,1	6,2,3,7,10,5,4,6,3,2	142	75
2415	2,1,3,1,1,3,3,1,0,0	3,1,0,3,1,6,4,2,0,0	2,2,2,2,2,6,1,0,2,1	0,1,1,3,1,0,3,2,5,1	78	75
2416	0,1,0,1,0,0,0,0,0,1	1,0,0,0,0,0,0,0,0,0	0,1,0,0,0,1,1,0,0,0	0,0,0,0,0,0,0,0,0,0	79	75
2418	1225,1111,1135,1126,1222,1071,1223,1163,977,1170	0,0,0,0,0,1,0,0,0,0	1142,1226,1065,1158,1106,1149,1095,1223,1169,1110	1,0,0,0,0,0,0,0,0,0	203	75
2419	463,472,402,430,463,430,483,427,309,455	1,1,1,0,0,1,0,0,0,0	456,449,388,398,405,422,453,505,489,457	1,1,0,2,0,2,1,1,0,2	78	75
2420	0,0,1,0,2,0,0,2,0,0	1,3,2,0,0,1,1,0,0,3	0,0,0,0,0,0,0,2,0,0	1,1,1,0,1,0,0,1,1,4	78	75
2421	18,27,17,16,14,21,18,30,10,32	8,6,9,9,5,9,7,8,12,4	27,19,20,21,19,24,19,34,27,12	9,8,7,13,8,5,5,9,19,10	78	75
2422	5,2,3,1,0,1,2,2,4,3	0,0,1,0,0,0,0,0,0,1	0,2,1,2,1,2,8,2,3,2	0,1,0,0,0,0,0,0,0,0	79	75
2423	1,2,3,1,3,1,0,0,1,1	29,46,47,39,42,40,43,50,38,43	2,2,3,0,1,2,0,0,1,1	38,31,35,48,37,46,40,29,31,30	97	75
2424	6,1,4,5,11,8,5,0,8,2	0,1,0,0,1,1,0,0,0,0	7,15,7,8,2,3,11,15,6,7	0,0,0,0,1,0,0,0,1,0	104	75
2427	2,6,5,6,4,3,9,3,3,5	7,12,9,8,12,13,6,5,6,6	3,3,9,3,3,3,3,2,4,1	13,4,7,9,8,10,6,10,9,7	2051	75
2428	2,2,1,4,1,3,1,4,0,0	99,94,84,75,84,80,92,66,74,87	1,3,1,0,5,1,3,2,1,1	115,69,101,94,81,76,81,111,104,80	144	75
2430	107,113,74,119,108,87,130,117,87,70	30,31,46,30,31,31,43,33,26,26	103,117,78,112,86,144,111,94,82,89	34,45,24,42,38,51,32,33,33,20	171	75
2431	2,12,5,3,5,4,6,5,5,8	142,145,105,99,118,91,146,126,101,118	5,9,3,8,5,7,9,9,5,5	111,165,131,137,100,127,141,124,150,143	78	75
2432	10,9,4,8,6,6,9,5,7,4	7,11,5,5,3,10,6,7,7,11	5,7,3,3,1,7,5,10,13,8	10,7,10,3,1,4,3,10,5,8	125	75
2433	36,13,33,24,25,13,31,27,17,30	0,0,0,0,0,0,0,0,0,0	28,32,35,17,22,17,14,21,37,31	0,0,0,0,0,0,0,1,0,0	1872	75
2434	327,341,355,297,352,361,320,294,304,380	0,0,0,0,0,0,0,0,1,0	406,302,296,308,308,342,328,358,456,465	0,0,0,0,0,0,0,1,1,0	118	75
2435	11,8,16,8,13,10,17,7,10,17	16,8,14,7,8,12,13,7,17,18	21,12,6,14,15,9,4,12,12,6	25,16,14,14,6,12,7,13,6,15	78	75
2436	0,0,2,0,0,0,1,2,1,1	16,13,11,11,20,13,10,16,18,17	2,0,1,0,0,0,0,1,0,0	12,10,18,15,10,18,18,11,17,13	148	75
2438	2,0,1,3,2,0,1,0,2,1	31,26,40,45,32,14,29,18,25,30	1,3,0,1,4,1,1,0,0,2	32,33,36,39,22,30,34,30,43,35	89	75
2439	0,1,1,0,0,0,1,1,0,0	6,3,4,6,5,5,11,7,8,5	1,0,0,2,0,0,0,2,2,1	11,8,11,12,7,8,13,4,8,5	149	75
2440	12,21,19,16,13,17,15,4,3,18	6,4,9,5,10,6,13,8,8,8	13,6,7,9,16,5,7,12,13,7	12,5,4,12,10,9,9,4,4,7	169	75
2443	4,4,1,1,2,2,3,2,2,2	21,20,18,22,22,17,26,14,15,30	1,3,3,0,6,1,3,7,3,7	22,30,18,18,18,21,11,17,21,25	78	75
2444	21,16,10,11,17,11,26,10,10,10	25,21,17,16,18,28,23,19,15,9	19,16,9,13,16,17,7,6,10,7	24,17,21,26,14,21,21,18,20,13	78	75
2445	56,50,26,50,30,35,50,39,54,47	0,0,2,1,0,0,0,0,2,0	26,36,34,37,36,40,30,34,37,40	2,0,0,0,1,1,0,0,0,2	81	75
2446	89,82,45,66,51,47,86,71,80,69	5,5,9,10,12,4,13,7,8,7	50,71,65,63,67,52,55,59,63,60	6,6,13,11,6,15,11,8,11,11	123	75
2447	33,32,21,17,21,12,36,32,28,22	5,5,9,10,12,4,13,7,8,7	26,35,31,26,32,13,25,25,26,22	6,6,13,11,6,15,11,8,11,11	117	75
2448	16,13,22,16,17,16,15,11,18,10	0,0,0,0,0,0,1,0,0,0	17,17,10,15,11,15,6,22,25,8	0,0,0,0,0,0,0,0,0,0	321	75
2449	28,29,22,29,25,24,22,26,19,20	24,20,14,16,22,21,19,24,24,15	26,34,22,22,27,25,18,16,16,20	21,32,24,19,30,29,17,27,21,18	78	75
2450	6,8,5,7,3,7,2,5,6,3	3,4,3,5,4,0,4,4,2,2	8,10,5,6,5,4,12,8,8,1	4,2,2,5,6,5,1,1,7,3	246	75
2451	0,0,0,0,0,0,0,0,0,0	0,0,0,0,0,0,1,0,0,0	0,1,0,0,0,0,0,1,0,1	1,1,1,0,0,0,0,0,0,1	81	75
2452	0,0,3,0,1,2,0,0,0,0	0,0,0,0,0,0,0,0,0,0	3,0,0,1,1,0,1,0,0,0	0,0,0,0,1,0,0,0,0,0	86	75
2453	0,1,0,0,1,1,2,1,3,0	0,0,4,1,0,0,2,0,0,0	0,0,1,1,0,0,2,0,2,0	0,0,0,0,2,0,0,4,2,0	88	75
2455	0,0,2,0,0,0,0,0,0,0	19,22,12,18,22,13,18,13,12,16	0,0,0,0,0,0,0,0,0,0	11,23,14,24,11,13,19,21,19,15	89	75
2456	32,27,20,11,28,31,31,27,18,28	1,0,0,1,0,0,0,1,0,1	25,27,15,31,16,18,33,24,33,28	0,0,2,0,0,0,1,1,0,0	179	75
2457	85,72,64,73,87,66,78,69,70,55	0,0,0,0,0,0,1,2,0,2	63,76,62,65,74,74,82,69,83,74	1,2,1,0,0,0,0,0,1,1	80	75
2458	0,0,0,0,1,1,0,0,0,1	3,2,3,0,5,1,5,2,3,0	0,0,1,0,0,2,0,0,0,1	5,1,2,0,1,1,2,3,2,3	106	75
2459	0,0,0,0,0,1,0,0,0,1	0,0,0,0,1,0,0,0,1,1	0,0,0,2,0,2,0,0,1,1	1,0,0,0,0,0,0,0,0,0	78	75
2461	2,0,0,1,1,2,0,1,2,3	0,0,0,0,1,0,0,0,0,0	2,0,3,1,2,1,1,0,2,0	0,0,0,0,4,0,0,0,0,0	138	75
2462	0,0,1,0,0,0,0,0,1,1	1,0,1,0,1,0,0,0,1,1	0,0,1,0,0,1,0,0,0,1	1,1,1,3,1,1,0,0,1,0	293	75
2463	16,14,11,21,12,18,11,19,14,29	20,13,20,27,10,13,20,19,26,19	17,29,22,11,13,6,16,24,23,12	16,15,17,9,24,18,17,28,15,23	386	75
2465	21,19,14,11,11,14,13,12,15,12	6,4,6,3,12,10,9,9,4,5	18,22,17,18,14,13,18,12,17,15	9,3,8,14,4,4,11,6,10,6	265	75
2468	0,0,0,1,2,5,1,0,0,1	35,35,44,46,48,44,62,48,34,33	1,1,0,0,2,1,1,1,0,0	32,56,43,60,43,25,52,48,39,29	90	75
2469	78,85,58,68,86,50,85,99,54,91	1,5,2,4,1,4,2,0,0,4	45,60,43,94,75,40,56,65,73,58	3,7,2,2,1,2,2,0,0,1	78	75
2470	82,101,66,68,87,79,90,57,62,64	4,7,4,10,5,11,5,9,2,8	88,95,78,86,71,81,79,119,93,110	10,4,4,2,4,7,11,9,9,11	78	75
2471	0,0,1,0,0,0,0,0,0,0	5,0,1,4,3,2,0,3,3,1	0,0,0,0,0,1,0,0,0,2	4,0,3,2,3,2,2,2,1,5	124	75
2473	0,0,0,0,0,0,0,0,0,0	0,0,0,0,0,0,1,0,0,0	0,0,0,1,0,0,0,0,1,0	0,1,1,0,0,0,1,0,0,0	78	75
2474	8,10,11,8,11,7,4,6,7,15	0,0,0,0,0,0,0,0,0,0	9,14,15,10,6,13,13,15,10,6	0,0,0,1,0,0,0,1,0,0	563	75
2475	2,6,2,1,2,6,5,3,5,6	162,143,161,137,162,141,163,120,133,168	6,4,5,6,4,4,2,8,10,4	171,162,134,153,111,147,179,133,198,193	113	75
2476	5,5,5,6,11,2,11,8,3,2	2,0,1,0,1,1,0,0,0,0	9,10,8,9,7,10,14,4,14,14	0,1,0,2,1,1,3,2,2,2	79	75
2477	6,9,7,4,7,6,7,5,5,10	6,3,3,4,2,2,2,4,2,4	9,13,12,9,9,8,16,2,8,5	8,1,9,11,3,3,5,5,2,7	79	75
2478	18,20,23,20,22,10,30,13,25,26	9,9,9,8,6,7,10,4,6,11	13,27,21,18,18,15,14,15,22,22	7,8,9,8,16,6,12,19,17,10	78	75
2479	2,1,1,1,2,1,1,1,0,3	235,209,183,165,154,162,199,175,154,173	0,1,0,1,5,0,1,1,5,1	200,191,148,188,156,219,163,149,156,140	94	75
2480	5,7,9,4,4,6,2,7,5,12	17,11,14,14,22,8,7,13,9,15	3,8,2,13,5,3,8,5,13,5	15,15,18,12,17,15,9,19,18,21	111	75
2481	0,0,0,0,0,1,0,0,0,0	18,14,13,12,13,17,17,17,12,18	1,0,1,0,1,0,1,0,0,0	15,14,22,13,17,6,20,17,23,13	84	75
2482	4,7,11,5,4,8,4,5,7,4	88,80,62,67,80,81,73,69,71,69	3,10,3,3,8,4,3,3,10,12	82,84,69,80,79,64,52,86,77,92	78	75
2483	0,0,0,0,0,0,1,0,0,0	53,37,40,32,39,49,38,46,35,39	0,0,1,0,0,0,0,0,0,0	29,34,34,36,43,29,41,48,54,45	81	75
2484	0,0,1,0,0,0,0,0,0,0	56,70,68,61,63,78,55,63,56,59	0,0,0,0,0,0,0,0,0,0	67,68,72,69,77,52,69,65,74,72	112	75
2485	2,0,1,4,3,2,7,2,4,4	7,6,15,7,8,10,13,7,21,7	5,3,2,6,3,3,4,7,6,2	13,11,12,9,5,14,8,7,9,3	258	75
2487	32,33,24,24,35,26,26,36,26,39	0,0,0,1,0,0,1,1,0,1	32,32,35,33,24,28,24,33,17,31	2,0,1,3,1,1,1,1,0,0	272	75
2488	23,22,19,18,14,13,22,20,17,16	170,174,159,161,203,192,153,178,168,197	17,26,24,24,18,21,13,25,20,22	151,164,134,175,159,198,138,160,198,198	217	75
2489	29,15,15,21,23,25,31,17,24,18	1,3,0,1,1,2,2,0,1,2	31,29,15,20,27,19,24,20,23,25	1,2,1,2,1,1,0,0,0,3	132	75
2490	49,61,55,46,45,48,57,57,39,70	1,0,0,1,1,1,0,0,0,0	54,57,60,42,44,54,52,62,72,69	0,1,0,1,0,1,0,0,2,2	163	75
2491	38,24,38,19,40,28,28,32,22,31	0,0,0,1,1,0,1,0,0,0	36,40,31,35,31,27,31,56,40,39	0,0,2,3,1,2,1,1,0,0	86	75
2492	0,1,1,0,0,1,1,1,0,0	67,56,55,37,46,60,62,49,46,51	1,2,1,1,0,0,1,0,1,0	51,57,55,48,46,61,39,49,73,38	188	75
2493	75,64,63,47,37,47,69,50,37,48	0,0,0,0,0,0,1,0,0,0	55,53,58,59,41,60,49,33,72,39	0,0,0,0,0,0,0,0,0,0	274	75
2494	1,1,2,1,2,5,1,0,0,0	2,0,1,2,2,5,4,1,6,2	0,1,0,0,2,1,0,1,0,1	1,1,7,4,2,5,4,2,3,1	749	75
2495	0,0,0,0,0,0,0,0,0,0	16,20,16,19,13,10,14,7,8,17	0,0,0,1,0,0,5,0,0,0	12,15,5,15,15,13,17,19,16,20	92	75
2496	15,18,19,20,16,14,23,21,12,22	0,0,0,0,0,0,0,0,0,0	18,19,21,23,17,22,26,17,27,22	0,1,0,0,1,0,0,0,0,0	151	75
2497	85,76,88,79,76,56,85,81,70,86	0,0,1,0,0,0,1,0,0,0	96,94,93,73,89,85,74,89,87,101	0,0,1,1,0,0,0,0,0,0	331	75
2498	87,82,91,81,79,57,88,88,74,91	1,0,0,0,0,0,0,0,0,0	105,96,100,76,97,89,80,92,94,104	0,0,1,0,0,0,0,0,0,0	369	75
2499	2,6,4,2,3,1,4,7,4,5	1,0,0,0,0,0,0,0,0,0	9,2,8,4,8,4,6,3,7,3	0,0,1,0,0,0,0,0,0,0	113	75
2500	86,80,91,81,77,57,87,85,72,87	0,0,0,0,0,0,0,0,1,0	100,96,97,76,92,88,76,89,90,103	2,0,0,0,0,0,0,0,0,0	343	75
2501	1,2,0,0,2,0,1,3,3,4	1,0,0,0,0,0,0,0,0,0	7,0,3,0,5,1,4,3,4,1	0,0,1,0,0,0,0,0,0,0	101	75
2502	1,5,3,6,2,1,4,7,5,7	5,1,1,0,0,3,0,1,0,1	4,5,7,3,5,5,2,1,5,3	1,3,1,0,1,1,1,1,0,0	87	75
2503	2,7,3,6,4,1,5,10,7,11	1,1,0,0,1,1,2,1,2,0	9,5,10,3,10,6,6,4,7,4	3,1,0,2,0,2,0,1,0,0	104	75
2504	2,7,3,6,4,1,5,10,7,11	26,12,24,18,19,11,16,20,13,29	9,5,10,3,10,6,6,4,9,4	24,23,18,21,12,18,21,15,14,30	113	75
2505	6,3,1,0,2,3,1,4,2,5	1,1,0,0,1,1,2,1,2,0	6,3,4,0,6,2,5,4,2,1	3,1,0,2,0,2,0,1,0,0	92	75
2506	6,3,1,0,2,3,1,4,2,5	26,12,24,18,19,11,16,20,13,29	6,3,4,0,6,2,5,4,4,1	24,23,18,21,12,18,21,15,14,30	101	75
2507	1,1,0,0,1,1,2,1,2,0	26,12,24,18,19,11,16,20,13,29	3,1,0,2,0,2,0,1,2,0	24,23,18,21,12,18,21,15,14,30	84	75
2508	61,71,55,61,60,46,65,40,49,65	0,0,0,0,1,0,0,0,0,0	50,76,43,47,55,54,56,49,54,70	0,0,0,0,0,0,0,0,0,0	1474	75
2509	61,51,39,45,53,51,63,58,59,53	11,7,6,3,2,4,2,7,2,1	53,43,44,55,47,45,49,39,39,35	6,7,2,5,3,9,7,3,4,5	78	75
2510	2,2,0,1,5,2,3,1,1,2	0,1,1,0,1,0,0,0,0,0	3,1,1,2,1,2,2,1,1,0	0,1,0,1,0,1,0,0,0,0	1201	75
2511	0,0,0,0,0,0,0,0,0,0	2,0,1,0,2,0,0,0,0,1	0,1,0,0,0,0,0,0,0,0	0,1,0,0,0,4,0,1,1,5	154	75
2512	1,0,0,0,0,0,0,0,0,1	34,36,18,28,30,31,34,17,13,36	0,0,0,0,0,0,0,0,0,0	27,24,17,32,23,20,27,30,25,23	426	75
2513	40,36,38,26,37,27,35,33,31,23	0,0,2,1,0,0,1,1,0,0	39,40,42,30,33,27,42,34,41,31	1,1,1,1,2,0,0,0,2,6	113	75
2514	4,5,4,5,6,4,6,7,5,2	0,1,0,0,0,0,0,0,0,2	2,5,6,9,7,9,6,8,7,6	1,1,0,0,1,0,0,0,1,0	78	75
2515	2,1,5,0,0,7,2,2,3,2	0,1,0,0,1,0,0,1,0,0	0,2,2,3,2,2,3,2,4,1	0,2,0,1,0,0,0,1,0,1	78	75
2516	146,159,136,106,144,127,158,127,112,164	0,1,1,0,0,0,0,1,0,0	160,126,120,124,154,134,121,146,144,153	0,0,1,0,0,0,1,0,0,0	121	75
2517	20,28,13,14,10,13,15,12,9,16	23,9,20,21,16,23,24,23,18,14	19,21,20,19,13,22,25,23,21,11	28,14,11,15,11,19,19,14,16,11	93	75
2520	54,45,57,49,50,49,73,69,52,52	3,1,0,2,3,1,1,1,0,0	59,71,51,81,45,54,67,61,73,54	2,1,3,4,1,0,4,0,2,0	835	75
2521	27,28,17,23,13,12,23,16,34,28	13,7,10,7,11,8,15,10,13,15	20,12,24,16,24,23,18,25,21,20	8,9,9,12,9,13,7,8,12,8	78	75
2522	5,2,1,5,4,5,6,4,2,2	19,27,16,26,22,29,22,25,16,25	0,4,4,2,3,2,5,5,5,3	11,21,16,30,20,24,10,14,17,13	93	75
2523	15,13,20,20,16,15,31,19,22,23	2,0,0,1,0,0,0,1,0,0	4,11,18,25,27,16,16,20,9,16	0,0,0,0,1,4,0,0,0,0	80	75
2524	1,7,5,3,3,1,5,4,6,3	0,0,0,0,0,0,1,0,0,0	3,6,4,6,8,9,6,5,5,5	0,0,0,0,0,0,0,0,0,1	80	75
2527	17,24,9,23,21,19,12,21,16,15	5,2,3,0,3,4,3,5,0,3	18,18,16,19,15,19,12,6,15,12	4,2,2,3,3,4,4,4,2,1	78	75
2528	73,62,63,75,88,80,70,71,62,64	0,0,0,0,1,0,0,0,0,0	72,76,51,72,56,58,84,101,125,103	0,0,0,0,0,0,0,0,0,0	927	75
2529	0,1,0,0,0,0,2,0,1,0	20,17,10,21,17,19,20,15,22,14	1,0,0,2,0,0,0,0,0,0	23,20,14,18,15,21,16,10,22,18	103	75
2530	101,116,85,107,107,97,112,89,96,87	0,1,0,0,1,0,2,1,0,0	98,68,88,84,92,78,83,68,105,84	1,0,3,0,3,1,1,0,2,1	146	75
2531	18,16,25,17,21,21,20,12,16,17	0,1,0,0,2,1,1,0,0,0	22,11,14,23,17,26,14,27,16,26	2,0,0,0,2,1,0,0,1,2	117	75
2532	14,23,23,13,16,27,12,15,18,13	0,1,1,0,0,0,2,4,2,0	11,22,16,11,12,18,17,20,31,25	1,3,2,5,2,4,1,1,3,1	78	75
2533	62,37,44,73,58,46,66,56,43,46	0,0,1,0,0,0,0,0,0,1	56,57,62,66,50,55,47,76,59,46	0,0,0,0,0,0,1,0,1,1	201	75
2534	72,86,70,51,91,91,75,63,78,75	0,0,0,0,0,1,0,0,0,0	79,69,67,101,78,102,79,69,71,65	0,0,0,0,0,0,1,0,2,0	127	75
2535	48,58,55,57,54,35,58,57,51,65	2,1,0,0,1,0,0,0,0,0	60,57,54,51,56,56,53,68,65,74	0,1,0,0,0,0,0,2,0,0	197	75
2536	11,2,8,3,9,4,13,8,4,7	6,0,5,0,5,3,4,6,6,7	5,8,6,14,15,14,2,6,11,9	8,5,2,2,3,4,5,2,5,0	79	75
2537	17,10,8,14,10,14,10,16,9,9	3,0,2,0,0,0,1,1,1,2	18,7,17,18,13,13,9,19,15,12	1,0,2,0,3,0,1,0,1,0	79	75
2538	3,5,4,7,2,11,11,9,6,8	10,3,3,3,7,3,3,5,1,3	12,10,3,12,11,14,15,12,9,5	6,0,2,3,6,2,4,2,5,1	78	75
2539	2,6,4,7,3,5,6,2,9,7	14,9,10,6,14,10,22,19,23,18	7,6,4,4,6,3,12,4,18,7	7,16,22,13,20,18,9,20,14,19	78	75
2540	21,19,20,25,25,18,21,30,26,20	8,4,1,3,9,6,3,3,3,1	21,30,29,30,14,24,28,18,23,18	3,5,4,6,2,1,3,0,4,3	181	75
2541	464,449,412,404,419,420,426,450,406,552	0,0,0,0,0,0,2,0,0,3	467,444,388,386,481,427,392,578,593,618	0,0,1,0,0,0,0,0,0,0	411	75
2543	1,0,5,3,6,6,1,1,2,0	2,0,2,5,3,8,0,0,0,1	0,2,0,4,0,0,8,4,6,0	0,3,0,3,4,0,11,1,0,4	159	75
2544	1,0,3,2,5,7,1,1,2,0	2,0,2,5,3,8,0,0,0,1	0,1,0,4,0,0,8,1,2,0	0,3,0,3,4,0,11,1,0,4	162	75
2545	0,0,0,0,0,1,0,0,0,0	0,0,2,1,1,0,0,0,0,0	0,0,0,0,0,0,0,0,0,0	0,1,0,0,0,0,0,3,4,0	78	75
2546	0,0,1,0,1,0,0,0,2,0	2,0,2,5,3,8,0,0,0,1	0,0,0,0,0,0,2,0,0,0	0,3,0,3,4,0,11,1,0,4	78	75
2547	1,0,5,3,6,6,1,1,2,0	0,0,1,0,1,0,0,0,2,0	0,2,0,4,0,0,8,4,6,0	0,0,0,0,0,0,2,0,0,0	156	75
2549	1,0,0,0,0,0,0,0,0,1	0,2,0,0,1,0,0,0,0,0	0,0,0,1,0,0,0,1,0,0	0,1,1,0,1,0,1,0,0,0	119	75
2550	10,11,9,13,17,12,13,6,16,11	7,5,5,7,6,6,5,6,5,5	12,20,15,10,9,22,14,15,17,20	8,4,4,7,10,3,3,9,5,4	78	75
2551	376,351,315,316,327,352,364,318,301,346	2,0,0,1,0,1,0,0,0,0	369,377,335,310,343,313,355,332,388,327	1,1,0,1,0,0,1,0,1,1	7422	75
2552	353,306,285,285,302,330,333,292,272,305	2,0,0,1,0,0,1,0,0,1	335,338,300,269,312,292,308,299,345,301	0,1,0,0,1,0,0,3,0,0	7422	75
2553	26,39,44,35,52,42,38,34,22,28	0,0,0,0,0,0,0,0,0,0	22,66,43,27,24,37,45,43,46,53	0,0,0,0,0,0,0,1,0,0	556	75
2554	1337,1241,1168,1017,1087,1077,1214,1112,953,1396	3,0,1,4,2,3,2,3,2,0	1274,1200,1035,1101,1052,1302,1070,1238,1311,1238	1,5,1,2,2,1,1,0,1,4	230	75
2555	1842,1728,1514,1542,1668,1532,1897,1622,1472,1777	0,0,0,0,0,0,0,0,0,0	1779,1701,1437,1617,1598,1843,1675,1533,1684,1601	0,1,0,0,0,0,0,0,0,0	85	75
2556	2,1,3,1,4,2,5,5,2,2	0,0,0,0,0,0,0,0,0,1	4,0,2,3,5,4,2,6,2,1	0,0,0,0,0,1,0,0,0,0	177	75
2557	113,103,88,114,77,88,122,80,115,113	1,0,0,0,0,0,0,0,0,0	115,121,105,118,125,106,102,97,147,108	0,0,0,0,0,0,0,0,0,0	297	75
2558	428,413,381,418,404,373,385,351,355,419	169,139,136,149,139,152,145,124,166,162	431,367,407,399,378,433,379,387,388,437	150,133,125,125,163,132,153,172,140,133	78	75
2559	5,10,9,4,2,3,6,4,4,6	684,567,518,574,620,633,612,551,528,600	4,3,11,6,9,8,3,2,4,4	622,617,517,523,612,607,562,590,622,580	170	75
2560	470,418,373,387,404,397,435,411,387,336	0,1,0,0,0,0,0,0,0,0	472,376,366,431,502,408,363,346,409,302	0,0,0,0,0,0,0,0,0,0	4974	75
2561	31,39,47,43,33,39,31,41,39,37	0,0,0,0,0,0,0,0,0,0	41,43,55,41,38,33,36,53,54,59	0,0,0,0,0,0,0,0,0,1	154	75
2562	6,2,7,4,3,6,4,3,2,1	42,27,54,36,35,35,24,39,27,33	5,2,5,2,1,1,4,3,6,1	38,29,35,35,34,25,29,27,47,37	149	75
2563	13,4,10,19,15,15,12,7,14,11	1,0,0,0,0,0,0,0,2,0	8,11,11,14,13,6,15,20,14,22	0,0,0,0,2,0,0,0,1,0	84	75
2564	2,1,0,1,0,0,1,0,5,0	0,3,1,1,1,1,0,0,1,1	1,1,1,1,1,1,0,3,0,3	1,1,0,1,1,0,1,0,3,0	78	75
2565	4,6,2,5,2,7,1,4,15,3	7,3,3,5,1,3,6,10,11,5	7,4,6,3,8,3,2,4,3,5	5,7,4,7,10,4,5,3,2,7	78	75
2566	0,0,0,0,5,0,2,0,0,1	12,7,10,9,23,9,13,13,16,21	0,0,0,1,0,0,0,0,0,0	11,14,18,16,11,9,8,14,14,11	113	75
2567	40,47,38,45,53,39,32,26,46,44	1,0,0,2,0,0,3,2,1,0	42,45,25,44,51,38,44,37,44,50	4,2,1,1,0,0,0,1,0,1	150	75
2568	82,70,63,65,66,78,69,75,49,73	0,2,0,1,0,0,0,0,0,0	70,59,78,80,93,68,65,79,96,77	0,0,0,0,0,1,0,0,0,0	536	75
2569	26,26,21,29,24,24,23,23,34,26	5,3,5,9,1,4,3,1,1,4	21,25,18,35,18,16,32,34,31,36	1,7,2,7,2,5,2,6,4,1	153	75
2570	25,29,20,23,20,18,26,29,26,24	8,15,7,3,9,2,2,8,4,6	14,23,22,31,14,22,26,36,25,31	7,1,4,4,7,10,6,3,3,9	153	75
2571	22,21,18,22,16,17,20,21,25,18	26,17,16,9,12,21,19,10,6,16	12,16,15,25,10,16,24,22,24,27	11,8,19,23,14,21,13,18,17,14	153	75
2572	7,12,4,9,7,9,7,6,14,15	0,0,0,0,0,0,0,0,0,0	8,6,5,7,6,11,2,11,6,20	0,0,0,1,0,0,0,0,0,0	91	75
2573	28,34,47,55,40,39,32,38,36,36	0,2,3,0,0,0,0,0,0,0	34,28,34,32,37,37,44,33,41,30	0,0,0,0,0,0,0,0,0,0	150	75
2574	2,0,0,1,4,0,0,0,0,4	0,0,0,0,0,0,0,0,0,0	1,3,1,0,3,2,2,1,2,3	0,1,0,0,0,0,0,1,0,0	78	75
2575	32,35,28,36,36,28,32,35,27,36	2,0,2,2,4,4,1,3,4,4	23,34,25,26,28,28,26,22,28,18	3,4,0,9,0,1,2,0,3,1	78	75
2576	0,0,0,0,1,0,0,0,0,0	1,2,2,2,0,0,2,2,0,0	0,0,0,0,0,0,0,0,0,0	1,0,1,0,1,1,0,1,0,2	136	75
2577	0,0,0,1,2,1,0,3,0,2	0,0,0,0,0,1,4,1,0,3	1,0,1,2,1,0,1,2,0,0	0,0,2,3,1,2,0,2,1,2	194	75
2579	1,3,0,3,4,6,3,2,1,4	9,7,11,9,7,4,8,11,7,8	5,4,3,2,7,1,3,4,8,2	14,9,13,9,12,18,11,10,11,6	131	75
2580	14,8,4,6,8,5,7,4,9,8	0,0,0,1,0,0,0,2,0,0	10,14,10,5,6,17,7,7,15,7	0,1,0,0,0,0,0,0,0,0	118	75
2581	71,58,41,32,55,33,61,44,55,34	50,69,56,57,54,50,64,50,55,60	56,49,44,38,47,52,44,55,48,47	49,52,52,65,45,47,53,45,48,55	105	75
2582	0,0,1,0,0,1,0,1,0,0	29,25,20,17,26,29,32,30,32,29	1,0,2,1,1,0,1,2,4,1	30,25,27,27,22,37,22,21,20,23	104	75
2583	17,19,14,20,16,19,25,17,23,15	0,0,1,0,0,0,0,0,0,1	20,23,25,22,25,32,16,23,27,21	1,0,0,0,0,0,0,0,0,1	100	75
2584	16,16,13,10,10,10,19,8,8,12	8,7,12,2,8,8,5,7,1,7	17,14,6,12,15,12,11,19,6,9	5,1,4,7,5,3,3,14,7,2	78	75
2585	19,30,11,27,31,22,38,24,24,13	18,15,20,12,24,18,17,18,17,17	25,16,20,17,16,20,26,18,18,19	11,19,18,23,15,23,23,11,23,9	78	75
2586	122,137,122,108,93,81,131,104,102,105	4,1,2,0,2,3,4,1,8,6	119,112,123,121,119,117,101,116,120,96	2,0,4,3,1,0,0,6,1,1	216	75
2587	88,105,83,73,66,62,94,68,79,68	0,0,0,0,0,1,0,0,0,0	85,81,88,87,98,90,64,91,87,75	0,0,0,0,0,0,0,0,0,0	216	75
2589	0,0,0,0,0,1,0,0,0,1	4,2,3,3,4,3,5,4,3,3	0,0,0,1,0,0,0,2,0,0	4,2,1,6,4,3,7,2,5,1	138	75
2591	0,0,0,0,0,0,0,0,1,0	5,5,3,2,2,4,2,5,1,6	0,0,0,0,0,0,0,0,0,0	4,0,3,4,1,1,2,4,3,2	78	75
2592	8,8,5,4,11,10,5,5,9,5	5,6,6,4,0,4,4,5,2,6	2,9,3,4,6,3,8,8,11,11	3,5,4,4,4,5,6,4,4,10	78	75
2593	9,6,4,2,5,7,2,6,1,7	0,1,0,0,3,2,0,3,0,0	4,3,8,4,2,13,9,7,3,9	1,0,0,0,2,0,1,0,0,1	101	75
2594	0,1,0,0,0,0,0,1,0,2	2,2,4,1,1,6,2,5,1,0	0,0,0,0,2,0,1,1,1,1	4,4,2,3,0,3,0,1,2,1	170	75
2595	44,37,57,45,40,39,54,46,51,61	0,0,1,1,0,2,1,1,0,0	50,31,47,36,42,36,44,55,36,44	2,2,1,0,0,1,2,0,0,3	79	75
2597	72,68,54,60,53,55,67,55,65,75	0,3,1,0,0,0,0,0,0,0	63,38,58,51,84,47,60,60,69,42	0,1,0,1,0,0,0,0,0,0	126	75
2598	10,2,5,3,1,5,8,5,3,6	0,1,0,0,0,2,0,0,0,1	2,5,1,9,3,9,7,4,1,1	2,0,0,1,0,0,0,1,0,0	196	75
2599	5,1,2,2,1,0,1,2,2,1	0,0,0,0,0,0,1,0,0,0	1,4,1,0,0,0,0,1,6,1	0,0,1,1,2,0,0,0,0,0	83	75
2600	0,1,2,5,2,3,5,1,1,2	0,0,0,0,0,0,0,0,1,0	4,3,5,1,4,2,1,2,1,3	0,0,0,0,0,0,0,0,0,0	78	75
2601	48,61,59,60,53,46,62,62,57,56	43,48,51,61,42,45,59,45,58,54	67,55,59,57,70,50,59,67,67,73	43,49,45,53,44,43,61,66,57,65	78	75
2602	712,807,772,873,880,625,699,704,643,1081	72,73,78,61,61,52,65,51,53,73	843,879,747,732,805,797,1033,1000,957,870	53,72,52,66,64,74,74,85,64,86	1072	75
2603	56,41,49,53,55,74,51,65,64,59	42,50,52,41,42,47,47,52,42,40	57,64,55,59,61,69,60,80,58,71	50,48,39,38,62,36,48,47,48,30	111	75
2604	205,168,210,194,218,246,168,198,186,167	0,1,2,0,1,1,0,0,0,1	209,197,190,184,174,166,171,214,233,204	1,0,1,0,0,1,0,0,0,0	160	75
2605	42,49,33,33,32,29,44,39,34,34	38,19,23,13,29,17,30,25,21,25	34,42,27,47,41,38,42,41,37,24	23,17,21,34,28,38,32,28,22,16	78	75
2606	3,6,1,6,6,5,3,4,5,1	25,25,26,32,19,20,38,23,17,25	1,6,2,7,3,3,4,2,1,2	20,28,22,29,15,26,13,23,12,18	96	75
2607	933,915,776,744,726,756,867,821,812,885	0,0,0,0,0,0,0,0,0,0	876,798,839,927,869,892,869,847,760,818	0,0,0,0,0,0,1,0,0,0	611	75
2608	116,109,95,82,126,122,113,88,106,90	0,0,0,0,0,0,0,1,0,0	127,122,117,105,100,96,99,112,107,119	0,0,0,0,0,0,0,0,0,0	1706	75
2609	424,450,470,357,438,427,410,371,369,540	7,7,8,9,8,9,1,8,7,4	479,476,412,383,371,431,426,552,608,594	9,9,4,1,4,9,8,3,5,8	82	75
2610	1,0,0,0,1,0,0,0,0,1	59,64,65,58,67,71,61,65,47,73	1,0,0,0,0,0,0,0,0,0	52,67,74,60,46,67,70,61,72,74	103	75
2611	2,1,0,1,2,2,0,0,1,0	79,105,86,68,57,68,78,54,66,112	1,0,2,2,0,0,3,3,0,1	89,57,58,72,88,71,64,82,75,95	279	75
2612	20,19,24,12,29,21,21,28,19,26	3,0,2,1,1,0,2,2,4,1	16,31,24,16,29,28,22,20,19,27	3,0,2,4,2,1,1,1,2,3	78	75
2613	24,23,28,14,31,23,30,25,26,30	0,0,0,0,0,1,0,0,1,0	21,30,26,25,36,28,24,26,23,26	0,0,0,0,0,0,0,0,0,0	80	75
2614	6,6,3,1,3,3,7,4,6,6	4,3,4,4,4,4,7,7,1,5	1,0,2,4,4,7,2,2,4,4	0,4,8,7,8,3,4,3,2,4	78	75
2615	662,652,605,642,569,701,635,576,692,603	57,27,43,57,46,46,49,53,58,42	706,684,620,656,726,714,680,608,684,562	48,45,43,53,44,45,40,37,43,34	108	75
2616	1,1,1,0,0,3,1,2,3,0	14,14,9,13,9,14,13,15,5,12	1,0,0,1,0,0,2,1,0,0	12,18,15,12,13,20,18,11,26,16	104	75
2619	0,1,0,1,2,1,2,1,2,1	1,0,1,0,0,0,4,0,0,1	1,0,2,0,1,1,2,0,2,1	0,1,1,2,1,2,0,1,1,4	78	75
2620	5,7,3,4,3,7,2,4,3,2	0,0,0,1,0,0,0,0,0,0	2,5,2,2,5,3,3,3,2,0	0,0,0,0,0,0,0,0,0,0	102	75
2621	0,0,0,0,0,0,0,0,1,0	0,0,0,0,1,0,0,0,0,1	0,1,0,0,0,0,1,1,1,0	0,1,0,0,0,0,0,0,0,0	80	75
2622	79,70,38,42,56,39,72,81,39,55	1,2,0,0,4,1,1,0,1,1	61,53,58,85,50,80,54,49,39,56	2,1,2,0,3,0,3,4,0,1	78	75
2624	42,55,44,39,52,46,39,44,45,50	25,9,15,14,16,12,16,13,17,18	44,48,48,79,46,50,39,54,65,67	10,24,11,21,16,19,28,19,10,16	78	75
2625	21,23,24,26,24,13,24,24,14,11	4,12,15,7,14,18,15,11,15,7	14,15,20,30,23,21,14,10,24,17	8,13,12,9,12,15,20,17,11,7	177	75
2626	7,4,8,3,3,10,16,4,11,5	1,0,1,1,0,0,0,1,1,0	8,8,6,8,7,6,7,4,10,8	2,1,0,0,0,0,0,1,0,1	78	75
2627	75,76,72,77,56,62,78,80,69,73	1,0,1,0,3,0,0,0,0,1	89,76,50,74,71,78,69,87,97,104	0,0,0,0,0,0,0,0,0,0	421	75
2628	0,0,0,0,0,0,0,0,0,0	47,44,33,51,33,60,55,39,44,57	1,0,0,0,0,0,0,0,0,0	36,62,55,49,46,37,61,46,40,45	114	75
2629	1,0,0,1,1,2,0,2,1,0	0,0,0,0,0,0,0,0,0,1	0,0,0,0,2,0,1,1,1,0	0,0,0,0,0,0,0,0,1,0	115	75
2633	4,5,3,5,1,5,3,10,3,4	3,7,11,5,8,6,6,9,3,2	4,5,6,13,3,3,2,1,2,3	2,8,3,2,0,4,3,5,4,5	291	75
2637	131,129,96,125,132,116,111,119,132,84	3,9,1,2,5,0,1,1,3,2	95,103,109,126,100,99,96,124,120,99	2,2,4,0,5,2,2,2,3,0	180	75
2638	107,75,67,88,96,81,82,86,95,55	0,0,0,0,0,0,0,0,0,0	70,71,92,96,79,73,75,97,89,71	0,0,0,0,0,1,0,0,0,1	180	75
2639	219,222,199,188,183,210,233,207,167,258	1,0,2,0,1,2,0,0,1,0	206,171,179,207,182,223,194,210,270,234	1,0,0,0,0,2,0,0,0,0	193	75
2641	2,0,0,1,0,0,0,1,1,2	2,1,1,0,0,5,3,0,0,0	0,1,0,0,1,0,0,2,3,0	1,1,0,0,0,1,3,0,3,0	78	75
2642	0,0,1,0,1,0,4,4,0,2	2,1,1,0,0,5,3,0,0,0	0,1,2,2,1,0,1,3,2,4	1,1,0,0,0,1,3,0,3,0	623	75
2643	0,0,1,0,1,0,4,4,0,2	2,0,0,1,0,0,0,1,1,2	0,1,2,2,1,0,1,3,2,4	0,1,0,0,1,0,0,2,3,0	620	75
2650	58,60,53,58,59,61,72,68,46,70	11,8,0,3,6,10,16,8,12,9	67,57,53,63,57,51,61,69,55,65	7,10,9,9,5,3,8,15,10,16	95	75
2651	17,21,21,11,21,22,35,19,23,19	11,8,0,3,6,10,16,8,12,9	27,21,19,19,20,14,26,25,24,25	7,10,9,9,5,3,8,15,10,16	211	75
2652	3,2,1,0,2,2,4,3,4,0	44,41,33,47,40,41,41,52,27,51	3,5,1,3,3,1,6,3,0,3	43,41,35,47,40,38,41,47,31,43	191	75
2653	4,4,0,3,6,7,2,3,4,7	0,0,0,0,0,0,0,0,0,0	1,9,4,2,7,2,7,4,3,6	1,0,0,0,0,0,0,0,0,0	289	75
2654	58,52,50,51,56,53,71,47,62,50	2,1,4,1,3,1,2,6,1,3	56,42,43,43,41,59,55,47,52,38	5,1,2,0,5,4,1,1,2,1	172	75
2656	1,2,1,0,1,1,0,3,0,0	11,15,8,5,9,8,12,6,6,11	0,0,3,0,0,1,2,1,2,1	9,12,8,11,13,16,7,7,6,11	78	75
2657	1,0,1,0,0,0,0,0,1,0	18,14,8,25,13,10,15,13,14,19	3,0,0,0,0,0,3,0,0,0	18,13,10,18,13,14,12,12,17,24	247	75
2658	2,2,4,2,2,6,4,2,3,1	9,16,10,15,8,6,15,10,11,8	4,3,2,2,7,8,8,3,4,5	7,8,14,7,14,8,21,13,15,12	78	75
2659	0,0,1,0,1,0,0,0,1,2	9,16,10,15,8,6,15,10,11,8	0,0,1,2,0,1,0,2,0,0	7,8,14,7,14,8,21,13,15,12	269	75
2660	0,0,1,0,1,0,0,0,1,2	2,2,4,2,2,6,4,2,3,1	0,0,1,2,0,1,0,2,0,0	4,3,2,2,7,8,8,3,4,5	266	75
2661	16,10,9,9,13,16,18,18,17,14	0,0,0,0,0,0,0,1,0,0	11,14,10,11,13,17,10,14,17,22	0,0,0,0,2,0,0,0,0,0	79	75
2662	1266,1161,969,1146,1152,1203,1280,1094,1133,1467	0,0,0,1,0,1,0,0,0,0	1265,1180,1015,1052,1229,1144,1280,1567,1577,1499	0,0,0,0,1,1,1,1,0,2	88	75
2664	75,73,68,72,79,62,78,69,69,64	0,1,0,0,0,0,0,0,0,0	76,75,68,61,70,74,70,64,75,50	1,0,0,0,1,2,0,1,1,1	78	75
2666	286,286,303,283,322,286,280,291,289,245	4,5,4,2,4,4,5,5,6,7	250,345,280,340,302,272,317,379,325,338	1,3,2,1,4,5,6,6,6,4	195	75
2669	10,12,11,8,10,13,11,15,13,16	20,10,12,18,14,12,11,17,6,16	19,15,12,10,12,12,14,8,23,18	12,17,15,16,12,24,20,18,16,17	87	75
2671	31,27,31,24,36,33,38,37,16,31	0,0,0,0,0,0,0,0,0,1	25,44,33,35,31,44,23,40,35,34	0,0,0,0,0,0,0,0,0,0	90	75
2672	4,6,7,4,12,6,6,2,1,6	2,2,0,0,1,0,1,2,1,0	1,16,7,5,4,5,9,7,12,2	1,0,1,0,0,1,2,1,0,0	134	75
2673	1,0,1,0,0,0,0,0,0,1	0,0,1,1,0,1,1,0,0,1	0,0,0,2,0,0,0,0,0,0	0,0,0,0,0,1,0,0,0,0	581	75
2674	1,1,0,2,1,0,0,1,0,0	14,16,25,14,19,18,5,12,18,12	1,1,1,3,1,2,0,0,1,2	8,16,11,19,16,14,15,22,18,13	78	75
2675	0,0,0,0,0,1,0,1,0,1	10,12,18,10,24,17,19,13,16,16	0,1,1,0,0,0,1,0,0,0	16,14,15,11,14,18,26,27,23,30	124	75
2678	1115,1196,1042,1191,1210,1154,1174,1230,1153,1154	48,65,43,54,96,57,55,77,64,45	1105,1337,990,1387,836,1252,1437,1316,1252,1482	40,74,37,56,56,59,59,86,65,43	146	75
2679	3042,3343,2612,2704,2979,3131,2967,3040,3081,2555	5,6,4,3,7,10,1,10,5,1	2674,3362,2448,3667,2300,3093,3540,3658,3257,3595	4,11,10,14,7,10,3,2,5,5	132	75
2680	0,0,0,0,0,0,1,0,0,0	1,1,1,4,2,4,5,0,3,4	0,0,1,0,0,0,1,0,0,0	2,5,0,4,8,2,3,3,2,1	122	75
2681	13,9,9,11,14,9,12,12,7,9	1,0,0,1,1,1,1,0,1,0	8,15,9,13,18,12,11,9,15,19	0,0,1,0,0,0,1,1,0,1	175	75
2682	47,45,43,41,42,37,52,54,58,38	60,51,48,42,47,41,51,46,52,30	44,47,29,53,48,47,31,53,30,23	39,47,26,41,51,45,47,33,25,40	90	75
2683	0,1,0,2,2,2,1,3,3,0	0,0,0,0,0,0,0,0,1,1	3,2,2,3,5,2,0,0,4,3	0,0,0,0,0,0,0,1,2,0	78	75
2684	2,3,2,3,2,1,2,2,3,2	1033,926,967,827,842,967,1019,1003,992,973	0,1,4,5,2,2,2,7,3,5	1175,862,968,949,1145,1002,942,898,988,768	78	75
2685	20,4,5,5,9,8,10,8,4,4	3,1,1,1,4,6,4,2,1,6	7,7,9,6,9,7,10,6,12,14	6,5,2,1,1,7,2,2,4,6	78	75
2688	10,3,10,8,10,7,8,8,6,7	1,5,0,6,0,6,4,5,0,8	7,8,5,5,9,9,5,7,7,7	2,4,2,1,4,3,2,4,4,2	93	75
2689	11,12,3,7,5,6,6,4,8,8	0,0,0,0,0,3,1,0,0,1	10,7,10,2,4,9,6,7,6,9	0,0,1,1,1,0,0,0,1,0	80	75
2690	145,140,153,131,154,153,128,148,135,129	206,221,223,212,165,208,191,166,209,182	198,153,151,169,162,154,173,165,116,89	217,182,168,175,230,202,235,183,217,163	78	75
2691	0,0,1,2,0,0,4,2,0,2	318,298,311,297,285,273,328,265,299,330	3,0,0,1,1,3,3,0,0,0	342,256,256,326,322,366,291,349,289,246	102	75
2693	72,65,66,59,101,75,43,70,71,88	4,6,2,2,3,4,3,0,4,1	69,93,66,74,73,66,86,105,95,80	2,1,0,1,2,2,5,3,6,3	193	75
2694	17,12,13,18,15,11,14,15,8,17	0,2,0,0,0,0,0,0,0,0	22,11,20,9,21,16,17,25,13,14	0,0,0,0,0,0,0,0,0,0	85	75
2696	3,2,3,2,3,3,2,4,4,5	2,0,1,1,2,1,1,0,0,0	4,7,1,0,3,5,1,2,1,3	0,3,3,0,2,0,2,0,0,0	171	75
2698	2,0,3,1,5,2,5,3,1,3	0,0,0,0,0,0,0,0,0,0	3,1,0,0,4,0,7,0,4,5	0,0,0,0,1,0,0,0,0,0	104	75
2700	65,54,54,52,51,57,48,63,50,87	0,0,0,0,0,0,0,0,0,0	66,53,45,63,47,43,63,53,83,74	0,0,0,0,0,0,1,0,0,0	161	75
2701	75,61,64,56,57,68,58,68,61,90	0,0,0,0,0,0,0,0,0,0	72,65,57,72,56,49,68,57,93,86	0,0,0,0,0,0,1,0,0,0	169	75
2702	10,10,11,6,8,11,11,5,12,5	0,3,1,2,2,0,1,0,1,2	8,13,13,10,9,6,8,4,11,13	2,1,1,1,0,0,3,0,1,1	83	75
2706	179,153,120,133,164,152,161,130,136,179	7,7,5,6,4,5,3,7,3,3	159,135,146,137,163,132,125,159,192,195	4,4,6,1,5,1,2,4,7,9	159	75
2707	3,1,2,7,4,0,3,4,2,4	0,1,0,0,0,0,1,0,0,3	0,2,4,4,4,1,0,0,2,5	2,0,3,1,1,3,0,0,1,0	197	75
2710	96,114,105,76,75,79,115,108,73,113	0,0,0,0,0,0,0,1,0,1	85,99,89,88,89,104,94,106,112,126	0,0,0,0,0,0,0,0,0,1	79	75
2711	9,8,9,13,10,6,10,6,9,6	0,0,0,0,0,0,1,0,0,0	7,8,8,7,13,6,2,9,7,7	0,0,0,1,0,2,0,0,0,0	80	75
2712	9,8,10,5,7,6,8,3,5,3	12,12,6,12,8,6,9,2,4,12	4,4,4,11,2,9,6,6,3,10	14,11,14,8,4,10,12,9,14,8	78	75
2713	23,15,20,16,20,10,24,24,25,25	0,3,2,2,1,0,1,1,0,0	13,15,22,22,15,19,20,28,27,30	5,2,2,1,3,1,0,0,0,2	78	75
2714	155,145,180,162,180,139,191,171,141,190	0,2,0,0,0,4,2,0,1,1	192,196,163,149,145,179,226,174,217,208	2,2,2,4,1,0,0,0,0,1	1013	75
2715	3,6,7,7,5,5,10,4,4,5	0,0,0,0,0,1,0,0,0,0	9,6,6,4,4,3,2,5,5,7	0,0,0,0,0,0,0,0,0,0	111	75
2716	17,22,19,15,10,18,18,9,10,15	2,3,0,1,1,2,2,4,1,1	16,14,17,13,12,11,10,14,24,18	3,4,4,2,2,1,2,8,1,3	111	75
2717	116,130,123,141,140,138,139,140,91,162	0,0,2,0,1,0,0,2,0,1	151,156,117,152,138,159,147,124,181,132	0,0,0,0,0,0,0,0,0,0	202	75
2718	116,128,123,141,139,137,139,140,90,162	0,2,1,0,1,2,1,2,0,0	150,156,117,150,138,159,147,124,181,132	0,0,1,1,0,1,1,2,1,1	202	75
2719	155,173,165,189,185,173,179,183,116,216	4,1,3,3,1,2,2,3,3,2	202,195,150,183,186,211,195,161,232,184	3,2,6,4,3,1,4,1,1,6	202	75
2720	1,0,0,0,1,0,0,2,0,1	0,0,0,0,0,0,0,0,0,2	1,0,0,0,1,0,2,0,0,1	1,1,0,0,0,0,0,0,1,1	183	75
2725	22,12,17,20,14,29,12,14,15,24	0,1,1,5,3,3,0,2,1,2	21,21,11,17,25,26,25,21,16,20	0,1,2,2,1,1,3,2,2,0	80	75
2726	2,0,1,1,2,1,1,1,0,0	16,14,9,10,15,17,15,24,19,20	0,0,0,0,0,0,1,0,0,0	12,14,18,10,10,23,22,17,15,18	95	75
2729	129,137,130,141,128,179,184,109,123,158	1,1,0,2,2,2,0,0,1,0	150,149,155,153,174,148,150,174,185,143	2,1,5,0,1,3,2,0,1,7	198	75
2730	96,98,79,75,117,83,96,91,74,98	0,2,0,3,0,0,1,2,1,1	81,89,87,79,99,108,106,103,117,83	2,4,3,3,0,0,0,0,3,4	137	75
2731	53,43,32,31,46,42,47,42,30,36	1,7,3,7,2,6,6,4,5,2	67,48,26,47,30,68,51,39,34,38	2,2,4,5,2,5,2,5,2,1	159	75
2732	38,38,23,27,31,22,46,39,13,32	16,30,26,21,23,17,25,20,11,28	35,30,20,35,23,36,36,30,36,34	21,35,20,20,13,26,38,21,23,22	78	75
2733	1,1,1,0,1,1,1,3,0,1	0,0,1,0,0,0,2,1,0,0	1,2,1,1,0,0,0,1,0,0	0,0,0,0,0,1,0,0,0,0	78	75
2735	0,0,0,0,0,0,0,1,0,0	146,129,111,130,94,103,149,105,120,174	0,2,0,2,0,0,0,0,0,0	127,126,111,127,111,142,139,142,141,130	124	75
2736	1,5,4,0,1,3,2,1,0,0	0,0,0,0,0,0,0,2,1,2	2,0,1,0,0,0,2,1,1,0	2,2,3,2,1,0,1,1,0,1	122	75
2737	4,8,5,2,1,4,5,1,2,3	224,208,219,157,194,211,201,199,168,174	4,5,2,8,2,2,5,2,4,1	203,202,178,195,216,206,181,195,201,194	139	75
2738	3,3,1,2,0,1,3,2,3,5	224,208,219,157,194,211,201,199,168,174	4,7,4,10,3,2,4,2,3,2	203,202,178,195,216,206,181,195,201,194	92	75
2740	0,1,0,0,3,2,0,4,1,1	0,0,0,0,0,1,0,0,0,0	0,1,1,1,0,3,0,0,2,1	0,1,0,0,0,0,0,0,0,0	107	75
2741	46,48,44,43,55,55,51,57,39,38	0,0,0,0,0,1,0,0,0,0	42,48,41,41,57,39,38,50,51,38	0,1,0,0,0,0,0,0,0,0	80	75
2742	68,76,56,44,74,67,61,57,53,50	4,4,7,3,3,3,3,7,4,3	69,70,66,54,39,60,67,52,65,72	4,4,4,7,4,2,1,3,2,4	126	75
2743	126,117,111,108,120,121,119,95,111,113	6,2,2,0,0,6,5,3,3,3	114,107,106,131,106,136,126,127,142,120	0,4,4,3,1,5,0,1,2,2	140	75
2744	823,723,661,650,643,667,807,685,693,505	11,9,12,15,10,10,13,7,10,4	560,744,726,737,712,843,662,557,797,917	9,8,5,19,10,20,5,3,12,14	174	75
2745	123,113,118,155,157,185,115,155,136,160	7,6,7,8,7,12,12,3,6,6	147,144,132,112,196,134,141,142,232,184	7,6,7,4,5,4,1,4,10,7	1217	75
2746	3,2,9,5,8,5,4,6,6,8	0,0,0,0,0,0,0,0,0,0	5,10,6,4,8,6,1,6,5,7	0,0,1,0,0,0,0,0,0,0	689	75
2747	1,2,0,3,1,1,0,2,3,1	0,0,0,0,1,0,0,0,0,0	1,1,1,0,0,1,1,1,1,0	0,0,0,0,0,0,0,0,0,0	121	75
2748	26,5,13,19,17,18,19,12,22,10	0,0,0,2,1,2,2,1,1,0	15,14,16,15,19,22,14,21,9,9	0,2,2,0,0,0,0,1,0,1	121	75
2749	39,8,19,22,22,25,27,19,28,18	1,0,0,0,0,0,0,0,0,1	18,23,18,27,28,29,22,27,17,12	0,0,0,0,0,1,0,0,0,0	173	75
2750	13,3,6,5,6,9,10,8,7,8	1,0,0,0,0,0,0,0,0,1	3,11,4,12,9,7,8,7,8,4	0,0,0,0,0,1,0,0,0,0	127	75
2751	5,6,4,8,5,9,4,4,5,7	0,0,0,0,0,0,0,0,0,0	4,6,11,4,2,9,3,5,3,7	0,0,0,0,0,1,0,0,0,1	78	75
2752	0,0,0,2,1,0,1,1,0,2	7,4,3,7,3,3,4,11,0,6	1,1,3,6,3,1,2,2,0,3	4,3,1,3,2,3,5,5,4,3	166	75
2753	11,9,11,18,14,10,10,13,13,15	81,88,71,57,65,65,90,81,50,61	11,14,8,6,9,11,9,8,9,9	72,95,78,89,72,89,74,82,57,46	93	75
2754	9,8,11,16,6,11,18,16,4,14	0,0,0,0,1,2,1,1,1,0	17,17,15,8,7,14,11,11,15,12	0,0,2,2,0,1,0,1,0,1	372	75
2755	75,81,56,71,54,68,78,74,67,97	0,1,0,3,2,1,0,0,1,2	65,86,65,80,76,68,60,69,88,69	0,2,0,0,1,0,1,4,3,2	175	75
2756	145,170,116,132,116,130,141,115,116,168	0,0,0,0,0,0,0,0,3,1	134,158,107,150,136,128,142,133,152,133	0,1,1,0,0,0,1,0,0,1	175	75
2758	21,19,9,13,6,16,15,19,13,23	1,0,1,0,1,0,0,3,0,0	11,21,11,22,9,12,8,13,15,17	0,1,0,0,1,0,0,1,1,2	122	75
2768	3,5,5,9,10,10,14,8,4,7	8,8,1,1,2,3,5,6,4,7	4,5,7,7,12,5,11,10,9,10	3,3,5,4,3,4,4,1,3,9	1125	75
2769	155,182,156,141,159,151,179,122,142,221	16,9,13,4,12,17,15,7,15,14	158,172,154,151,154,176,177,195,213,193	9,17,9,22,16,13,11,11,10,17	78	75
2771	1,2,5,6,1,4,2,5,1,1	1,4,3,1,0,0,4,2,1,2	2,1,2,0,4,0,3,0,2,1	3,4,2,3,3,1,2,1,1,1	79	75
2772	12,8,7,14,11,13,5,7,11,9	2,4,1,3,6,5,5,4,2,4	13,8,8,5,14,11,5,20,13,8	3,3,4,2,6,3,3,5,6,4	78	75
2773	5,0,1,0,1,1,0,0,0,0	13,14,10,12,21,18,30,12,15,16	1,0,0,0,1,0,2,0,0,0	15,19,13,18,23,21,14,14,24,25	95	75
2774	8,11,19,10,8,9,20,9,12,12	0,0,0,0,0,0,0,0,0,0	8,7,6,6,13,13,14,14,16,10	0,0,0,0,2,0,0,1,0,0	208	75
2775	19,15,24,18,16,17,18,22,23,29	1,0,2,0,1,0,1,1,0,0	19,27,31,29,10,15,21,26,29,29	0,1,0,1,1,0,0,0,0,1	78	75
2776	8,5,2,6,8,10,1,3,6,17	3,2,0,0,1,0,3,2,1,1	3,2,4,9,1,8,8,5,5,5	2,3,0,1,0,5,0,1,2,3	79	75
2777	2,4,0,2,2,1,1,3,1,0	22,19,10,14,5,15,19,11,9,10	3,1,3,0,0,1,1,1,2,2	7,11,3,15,1,14,9,9,7,4	80	75
2778	5,3,0,2,4,2,1,5,2,1	5,9,5,4,4,3,8,5,3,6	4,0,9,2,1,5,2,5,3,0	6,4,7,2,7,5,1,6,9,6	78	75
2779	2,4,4,2,2,0,5,1,6,5	1,3,1,1,4,5,6,0,2,2	5,5,3,4,2,2,4,4,3,7	2,2,1,2,1,2,2,3,8,9	78	75
2780	1,2,0,1,3,2,1,0,0,0	32,47,33,33,58,47,41,40,35,47	0,1,0,0,1,0,1,0,1,0	59,52,35,60,43,40,45,37,40,37	95	75
2781	1,3,1,1,5,4,0,2,0,0	0,0,3,0,0,0,0,1,0,0	2,2,2,2,0,1,4,3,5,4	1,1,0,1,0,0,1,0,0,1	80	75
2783	0,1,1,0,1,1,0,2,0,1	0,0,0,0,0,0,0,0,0,0	0,6,0,0,2,1,4,1,0,3	0,0,1,0,0,0,0,0,0,0	141	75
2784	1,0,4,0,0,1,1,0,2,0	0,0,0,0,0,0,0,0,0,0	1,0,2,0,3,2,4,2,0,1	0,0,1,0,0,0,0,0,0,0	172	75
2785	0,0,2,1,4,0,2,0,0,1	0,0,1,1,2,0,0,0,0,0	0,0,0,1,0,0,1,1,2,5	0,0,4,0,0,0,0,0,2,1	91	75
2786	45,53,39,36,40,49,33,53,43,44	18,19,11,9,19,25,25,22,18,22	47,56,41,45,54,60,36,46,49,39	20,24,27,24,12,16,18,20,21,18	78	75
2787	2,4,6,2,4,2,3,4,8,4	5,5,5,2,3,2,3,3,1,1	7,4,1,3,4,0,4,3,3,0	4,5,2,4,2,2,2,5,6,5	78	75
2788	2,3,3,5,0,5,2,2,4,5	21,33,17,17,14,21,23,25,20,25	3,0,5,4,3,8,2,4,2,2	21,25,22,26,29,23,23,21,23,25	230	75
2789	7,4,1,4,3,4,3,5,6,4	16,14,5,13,10,5,9,20,12,14	3,7,4,7,5,3,7,8,2,5	9,13,9,13,9,12,13,9,12,15	130	75
2791	1,0,0,0,0,0,0,0,0,0	0,0,0,0,0,0,0,0,0,0	0,3,2,0,0,0,3,0,0,0	0,0,0,0,1,0,0,0,0,0	83	75
2792	8,9,8,7,4,4,10,11,8,9	0,0,0,0,0,0,1,0,0,0	6,6,6,1,6,6,6,15,10,3	0,0,0,0,0,0,0,0,0,0	78	75
2793	17,8,9,16,9,17,18,18,10,14	0,1,0,0,0,0,0,0,0,0	14,13,14,13,22,9,15,6,15,8	0,0,0,0,0,0,0,0,0,0	96	75
2794	4,8,7,6,5,5,12,4,1,11	1,0,0,0,0,0,0,0,0,0	6,1,4,6,7,3,4,1,5,4	0,0,0,0,0,0,0,0,0,2	107	75
2796	174,180,154,185,194,153,188,169,158,205	5,11,5,7,3,7,12,8,6,11	199,164,145,177,186,187,180,198,173,152	6,10,6,12,2,6,8,17,7,13	147	75
2797	0,0,0,0,0,0,0,0,0,0	0,2,3,2,2,1,1,1,4,1	1,1,0,1,1,0,0,0,0,0	0,0,4,1,1,4,1,0,0,0	81	75
2798	0,1,0,0,2,0,0,0,0,2	0,0,0,0,2,0,0,1,0,0	0,0,0,0,0,0,1,1,0,0	1,0,0,1,0,1,0,1,0,2	78	75
2799	18,20,12,7,33,19,12,29,19,39	43,31,17,19,58,39,31,39,38,46	32,13,3,33,23,23,22,26,16,17	42,30,20,42,36,54,51,66,27,25	96	75
2801	0,0,0,0,0,0,0,0,0,0	1,0,0,0,0,0,0,0,0,0	0,0,0,0,0,0,0,1,0,0	0,0,0,0,0,0,0,0,0,0	141	75
2803	0,0,0,0,0,0,0,0,0,0	2,0,1,1,0,0,0,0,2,0	0,0,0,0,1,0,0,0,0,0	2,0,1,0,0,0,0,2,0,0	123	75
2804	4,4,2,3,6,6,2,3,5,1	1,0,0,0,0,0,0,0,0,0	2,8,4,8,8,9,7,5,5,5	0,0,0,0,0,0,0,0,0,0	137	75
2809	110,103,99,112,125,118,107,112,116,139	2,3,1,2,3,3,1,2,1,3	108,111,94,123,133,105,131,137,140,115	1,1,1,2,2,3,4,1,6,2	1474	75
2810	36,33,14,15,31,36,32,30,23,34	34,22,30,41,43,33,39,26,30,25	33,31,28,39,28,26,28,13,17,18	36,36,24,44,32,44,26,25,34,20	78	75
2811	100,118,89,113,83,101,99,110,82,120	0,1,0,0,0,0,0,0,1,0	127,106,83,96,88,86,103,97,107,88	0,0,0,1,0,2,0,0,1,1	109	75
2814	23,42,35,37,24,24,35,37,25,22	1,4,5,2,2,1,8,4,6,13	34,23,33,36,35,29,24,37,19,18	11,4,8,4,4,5,5,11,6,11	88	75
2818	18,13,9,17,11,12,21,17,7,6	105,95,78,77,78,68,70,71,75,109	13,10,8,10,11,11,9,10,9,9	86,62,76,88,67,95,117,88,86,87	93	75
2819	87,87,43,82,68,84,98,94,63,83	0,2,2,0,0,2,2,1,0,0	87,88,74,94,93,85,85,104,87,76	1,0,0,0,1,0,0,0,2,0	140	75
2822	0,0,0,2,0,0,1,0,3,1	0,0,0,0,0,0,1,1,0,0	0,0,1,0,1,3,0,1,1,1	0,0,0,0,0,0,0,0,0,1	79	75
2823	0,0,1,0,3,0,0,1,1,1	2,0,1,0,0,0,1,1,1,0	0,0,2,1,0,1,0,0,0,0	0,0,1,0,1,0,0,0,1,1	79	75
2824	0,1,2,0,2,1,0,0,0,2	0,0,1,0,1,0,1,0,1,1	1,1,0,1,0,3,0,1,4,1	0,1,0,2,4,1,1,0,1,0	79	75
2826	3,0,1,3,2,1,3,6,4,2	0,0,0,0,0,0,0,0,0,0	2,2,1,4,4,3,1,0,1,0	0,0,0,0,0,0,0,0,0,1	78	75
2827	120,108,90,99,81,112,117,112,116,104	5,1,1,1,0,2,4,0,0,0	98,111,78,110,110,106,93,94,113,91	0,2,1,2,1,0,2,4,4,3	78	75
2828	0,1,0,0,0,1,0,1,0,0	54,77,39,64,47,60,51,50,53,54	1,0,0,0,0,0,0,0,0,1	47,51,52,60,65,42,63,49,60,52	78	75
2832	0,0,0,0,0,0,0,0,0,0	2,0,4,2,4,1,2,2,2,1	0,0,0,1,0,0,0,0,0,0	1,2,3,3,5,2,1,0,2,3	78	75
2833	4,11,8,7,9,6,11,11,4,9	1,0,3,0,4,1,3,2,1,1	11,4,7,3,4,8,2,10,9,8	0,1,4,1,2,0,2,0,0,1	78	75
2834	26,33,36,28,32,20,24,26,16,36	3,4,1,0,0,1,1,4,1,2	25,26,31,20,13,22,23,28,31,30	2,2,3,2,0,1,2,0,3,2	79	75
2835	3,1,1,0,3,1,1,0,1,0	118,113,90,85,86,54,108,86,93,93	1,2,2,0,0,2,0,1,1,2	100,97,98,79,97,98,88,108,99,97	100	75
2837	53,62,36,36,52,52,51,47,60,54	76,75,73,58,60,66,60,55,53,84	49,58,48,56,51,65,40,43,45,45	74,92,43,69,68,56,65,77,57,60	87	75
2838	178,196,130,109,165,109,146,145,130,174	17,13,20,20,23,13,16,12,18,16	161,147,146,180,130,146,139,157,181,130	18,17,11,13,19,12,20,23,24,17	78	75
2839	0,0,0,1,0,0,0,0,0,0	44,52,45,55,37,47,47,63,38,33	0,0,0,0,0,0,0,0,0,0	47,55,42,43,42,47,37,41,38,40	93	75
2840	36,47,37,21,32,28,41,26,29,42	5,3,5,5,2,1,3,6,4,2	57,37,39,33,25,32,43,38,51,35	4,7,3,5,8,2,7,4,2,1	78	75
2841	62,55,53,50,44,42,60,38,46,20	0,3,0,1,1,1,1,0,2,0	49,52,35,51,47,50,46,46,44,47	1,1,0,0,0,1,2,1,1,1	111	75
2842	23,33,33,27,28,26,26,25,20,35	0,1,0,0,0,0,0,1,0,0	36,21,28,27,26,28,34,28,31,28	0,0,0,0,0,0,0,0,0,0	104	75
2843	95,92,89,93,99,76,97,93,63,90	6,3,4,1,0,0,8,2,5,3	80,82,102,87,85,99,80,94,103,109	1,2,0,3,0,4,2,3,2,1	138	75
2844	69,58,79,62,56,57,74,50,62,69	20,11,10,22,14,15,12,19,18,15	52,70,66,96,52,68,63,71,73,73	13,14,9,14,21,17,9,20,13,17	81	75
2845	15,13,17,14,19,19,19,18,20,24	1,0,1,0,0,0,0,0,0,0	21,22,19,16,13,15,19,17,25,23	0,0,0,0,0,0,0,0,1,0	84	75
2847	49,52,53,59,66,66,46,41,40,72	0,0,0,0,0,0,0,1,0,0	58,44,56,49,58,45,62,69,73,51	1,0,0,0,0,0,0,0,0,0	153	75
2848	9,15,10,11,13,8,16,10,7,21	0,1,1,1,0,1,0,1,2,1	10,11,8,10,17,11,12,7,21,11	0,2,0,1,4,1,1,1,3,1	107	75
2849	17,22,16,10,9,13,16,12,7,21	0,0,0,0,0,0,0,0,0,1	13,11,9,15,12,16,6,10,9,14	0,0,0,1,0,0,0,0,0,0	320	75
2850	160,154,129,146,160,127,148,133,124,223	0,1,0,0,0,0,0,0,0,2	134,148,139,145,130,165,147,139,133,141	1,1,0,1,0,1,1,0,0,0	129	75
2851	4,8,0,1,4,1,1,3,6,3	98,47,36,61,51,66,69,53,59,94	1,4,4,3,5,3,4,3,2,3	96,29,71,44,74,65,77,66,100,103	223	75
2852	3,0,1,3,4,1,3,3,1,2	0,0,0,0,0,0,0,1,0,0	7,1,2,1,6,1,1,0,1,0	0,0,0,0,0,1,0,0,0,0	189	75
2853	10,5,6,9,4,4,16,6,7,7	0,1,0,0,0,0,0,0,0,0	7,4,5,7,6,14,6,12,12,11	0,0,0,0,0,0,0,0,0,0	220	75
2854	125,117,101,82,89,121,126,113,79,118	2,0,0,0,0,0,0,0,0,0	116,105,110,101,88,107,98,133,134,133	0,0,0,0,0,0,0,0,0,0	220	75
2856	310,312,230,233,262,247,292,256,218,301	0,0,0,0,0,0,0,0,0,0	259,242,248,244,232,244,258,296,318,275	0,1,0,0,0,0,0,0,0,0	79	75
2857	0,0,1,0,0,0,0,0,0,0	0,0,0,0,0,0,0,0,0,0	1,0,1,0,1,1,1,0,0,0	0,0,0,0,0,0,0,0,0,1	126	75
2861	1,0,0,0,0,0,0,0,0,0	0,0,4,0,2,1,0,1,2,0	0,0,0,1,0,0,0,0,0,1	1,0,1,0,0,0,0,0,0,0	155	75
2863	0,2,0,2,1,0,1,1,1,0	6,13,17,16,12,16,11,11,18,15	2,0,0,0,0,0,1,0,0,0	19,12,15,16,17,11,18,14,21,11	93	75
2866	0,1,0,0,0,1,0,2,0,0	0,0,0,0,0,0,0,0,0,0	0,0,0,0,0,0,0,0,1,0	0,1,0,0,0,0,0,0,0,0	180	75
2868	1,1,0,0,0,3,2,2,2,2	3,0,0,2,3,4,5,6,6,9	4,1,1,5,3,2,3,3,0,7	4,0,8,2,4,8,5,1,3,4	189	75
2869	8,24,22,17,20,17,17,24,12,24	0,0,0,0,0,0,0,0,1,0	20,20,19,12,29,17,20,20,29,17	1,1,2,0,0,0,0,0,0,0	80	75
2870	7,10,5,11,7,5,6,8,6,6	0,0,0,0,0,0,0,0,0,0	6,1,7,11,6,8,16,10,7,7	0,0,1,0,1,0,0,1,0,0	79	75
2874	1,0,0,0,0,1,0,2,0,0	3,2,4,3,5,3,4,1,0,2	0,0,0,1,0,1,2,0,0,0	2,1,2,2,1,5,2,2,0,4	110	75
2876	1,1,1,1,1,4,0,2,2,0	0,0,0,0,1,0,0,0,0,1	1,2,1,2,0,0,2,0,0,0	0,0,0,0,0,0,0,0,0,0	174	75
2877	0,1,1,0,1,1,1,2,1,1	0,0,0,0,0,0,0,0,0,0	1,3,0,1,2,0,0,1,3,0	0,0,0,0,0,0,0,1,0,0	107	75
2878	1,2,1,0,1,1,1,2,1,1	0,0,0,0,1,0,0,1,0,3	2,3,0,2,3,1,0,2,3,0	4,0,0,0,1,0,0,1,1,0	107	75
2879	25,30,21,34,25,24,21,25,38,43	0,0,0,0,0,0,0,0,0,0	21,30,30,35,35,47,27,20,29,33	1,0,0,0,0,1,0,0,0,0	373	75
2881	94,67,99,81,76,77,87,82,69,68	2,3,4,3,8,2,2,5,1,5	87,102,91,69,90,97,92,72,91,55	7,0,5,10,11,3,2,4,4,5	663	75
2882	81,66,96,78,69,68,82,81,65,63	0,0,0,0,0,0,0,0,0,0	78,92,78,65,84,88,80,69,85,49	0,0,0,0,0,0,0,0,1,2	663	75
2884	1,0,0,0,0,0,0,0,0,1	14,17,19,18,27,14,22,20,20,31	1,1,2,0,0,0,0,0,0,1	17,11,27,20,24,22,15,30,20,19	93	75
2886	0,0,1,0,0,0,0,0,0,0	19,12,3,18,16,15,18,11,7,15	0,0,0,0,0,1,0,0,0,0	12,14,8,11,19,11,9,8,8,16	188	75
2888	0,0,0,0,1,0,0,0,0,0	39,44,46,32,45,43,37,31,38,40	0,0,0,0,0,1,0,0,0,0	26,32,29,34,45,29,45,41,34,22	99	75
2893	6,2,9,9,2,3,4,2,2,2	179,185,153,152,153,141,198,170,166,195	3,12,4,5,6,3,7,9,4,7	179,180,159,161,155,143,172,192,176,205	91	75
2894	10,4,6,8,9,8,3,13,11,8	30,30,26,28,44,25,44,29,30,37	10,5,7,7,7,5,4,7,2,1	31,35,40,14,34,20,33,33,38,22	253	75
2897	5,4,5,4,7,3,6,2,4,3	0,0,0,1,0,0,0,0,0,0	2,2,4,4,1,2,2,2,2,3	0,0,0,0,1,1,1,0,0,0	119	75
2906	18,22,9,21,14,18,18,22,25,23	0,1,0,0,0,0,1,0,0,0	23,15,12,23,25,15,11,18,17,17	0,0,0,0,0,0,0,2,1,0	78	75
2907	19,19,18,16,21,18,15,12,8,12	13,21,10,20,18,14,13,12,19,14	16,13,19,19,12,21,9,15,19,16	23,15,7,9,23,17,20,13,16,12	123	75
2908	11,19,13,15,10,18,20,5,16,12	1,0,0,0,0,0,0,0,0,0	16,13,9,16,12,19,12,16,13,25	1,0,0,0,0,0,1,0,0,1	111	75
2909	35,40,29,30,28,48,38,30,35,33	16,12,18,9,23,15,12,12,12,7	44,34,27,29,32,38,29,41,33,41	8,19,9,11,16,13,15,24,14,13	111	75
2911	0,0,0,0,1,0,0,0,0,0	2,1,0,1,0,1,0,0,0,0	0,0,0,1,0,0,0,0,0,0	3,1,2,0,1,1,0,0,0,1	78	75
2912	1,1,1,0,3,0,2,1,0,3	4,10,11,11,12,4,9,2,6,8	1,1,0,1,1,1,0,1,1,0	10,8,9,5,4,9,4,8,5,7	78	75
2913	11,17,12,6,14,14,20,9,19,7	62,75,54,42,52,41,75,75,61,52	16,8,3,11,4,10,9,8,4,7	38,50,39,54,63,35,42,43,37,27	102	75
2914	0,1,0,0,1,1,2,0,0,0	29,31,42,25,32,29,36,32,25,28	0,0,0,1,1,0,0,0,2,1	34,32,26,33,34,44,49,17,44,29	924	75
2915	31,30,38,23,27,34,33,20,29,28	26,33,27,19,25,18,31,22,17,19	25,27,26,29,12,22,34,34,28,26	18,23,7,18,10,23,16,23,23,20	78	75
2916	342,326,339,346,309,322,273,313,306,358	1,2,9,8,4,3,2,8,4,10	345,325,333,307,359,345,332,372,341,265	4,4,2,5,8,6,8,10,6,4	173	75
2917	1,0,0,0,0,0,0,0,0,0	30,53,37,35,77,42,35,36,25,30	0,0,0,0,0,0,0,1,0,0	22,18,18,24,34,35,34,64,35,40	112	75
2918	33,56,49,47,55,46,39,48,69,39	0,1,0,0,0,0,0,0,0,0	31,43,39,37,49,40,42,61,41,42	0,0,0,0,2,0,0,0,0,0	79	75
2919	14,11,15,23,18,17,22,14,13,13	0,0,0,0,0,0,0,1,0,0	14,19,13,13,10,13,21,17,18,18	0,0,0,0,1,1,0,0,1,2	106	75
2920	4,6,4,3,2,2,4,5,10,2	0,0,0,0,1,0,0,0,0,1	5,3,5,3,3,3,3,10,4,2	0,0,0,0,0,0,0,0,0,0	80	75
2921	0,0,2,0,0,0,0,2,0,0	1,0,0,0,0,0,0,0,0,0	0,0,0,1,1,0,2,0,0,0	0,0,0,0,0,0,0,0,0,0	78	75
2922	43,28,40,30,32,41,45,41,35,37	0,0,0,0,0,0,0,0,0,0	46,34,38,35,42,34,24,46,42,45	0,0,0,0,0,0,0,0,1,0	90	75
2923	0,0,0,0,0,0,0,3,0,0	0,1,0,0,0,0,0,0,0,0	0,0,0,0,0,0,0,0,0,0	0,0,0,0,0,0,1,1,0,0	149	75
2925	1,4,0,0,2,2,3,6,1,1	64,47,33,45,35,45,41,45,40,43	2,5,2,1,1,2,2,0,4,1	47,43,34,30,47,46,43,46,42,32	184	75
2926	6,13,13,12,10,7,14,10,7,7	2,0,2,2,1,3,4,2,2,1	12,23,6,13,15,17,14,7,8,15	1,5,5,3,3,4,0,3,2,0	96	75
2929	4,0,1,0,4,2,2,0,3,0	2,0,0,0,1,0,0,0,1,0	0,2,0,1,1,0,0,1,0,0	0,0,0,0,1,0,1,0,0,1	78	75
2930	36,26,17,23,14,32,39,26,31,32	0,0,0,0,0,0,0,0,0,0	32,34,27,22,32,37,33,25,38,38	0,0,0,0,0,0,1,0,0,0	612	75
2931	3,1,0,2,0,1,1,0,4,1	40,43,40,38,41,35,24,32,43,40	2,1,3,1,1,4,2,2,6,1	45,42,36,40,47,38,33,39,44,35	115	75
2932	146,119,92,104,111,117,123,116,106,128	0,1,0,1,1,0,0,1,0,0	138,134,121,103,118,117,119,141,142,119	0,0,0,0,0,0,0,1,1,0	361	75
2933	3,3,3,3,1,1,2,3,3,5	60,52,45,49,47,60,50,49,35,48	4,2,1,1,1,5,2,6,3,3	51,53,53,44,59,45,52,54,83,71	95	75
2934	5,0,1,1,5,1,3,3,1,1	15,17,19,20,19,23,23,18,14,25	0,0,1,0,1,1,0,1,0,1	22,29,28,17,18,17,20,28,21,22	161	75
2935	1651,1532,1317,1429,1510,1558,1406,1303,1513,1830	1,0,1,1,2,1,0,1,0,2	1616,1479,1313,1291,1487,1427,1559,1966,1848,1854	1,1,1,1,0,0,0,0,0,2	130	75
2939	1,1,2,2,5,1,2,1,0,1	0,0,0,0,0,0,1,0,0,1	0,0,1,0,0,1,2,3,1,2	0,1,0,0,0,0,0,0,0,0	123	75
2940	0,1,2,2,4,2,2,0,0,2	0,1,0,0,0,0,1,0,0,0	0,2,1,2,0,1,2,3,2,2	0,0,0,0,1,0,0,2,1,1	123	75
2941	124,141,92,119,123,106,140,132,123,115	12,17,14,10,14,22,19,19,16,13	129,138,109,131,136,141,124,110,142,104	12,18,13,3,14,25,9,13,13,11	87	75
2942	1,0,2,0,0,0,0,2,0,0	9,14,7,13,9,7,5,9,10,5	1,1,1,1,2,0,0,1,2,0	10,9,11,9,14,12,14,9,13,9	175	75
2943	14,16,6,7,13,8,17,13,8,14	1,0,0,0,1,0,0,0,0,0	12,3,8,11,11,13,11,15,18,9	0,0,2,0,0,0,0,0,1,0	106	75
2944	3,6,9,3,4,6,4,8,6,6	40,47,43,47,57,56,53,54,54,42	6,9,7,4,3,3,2,6,8,8	53,57,46,49,49,55,46,50,47,45	104	75
2945	56,56,60,55,72,44,65,51,46,44	0,0,0,0,0,0,0,0,1,0	54,55,53,47,48,65,48,68,58,59	0,0,0,0,0,0,0,0,0,0	360	75
2946	6,5,5,4,6,4,9,2,2,10	1,0,2,6,4,3,1,2,1,2	8,6,3,6,4,2,4,10,6,4	4,3,4,2,0,0,3,1,8,0	146	75
2949	93,98,80,85,99,84,87,84,76,111	3,3,1,1,1,5,1,4,1,1	112,93,93,90,84,99,83,106,124,94	1,1,2,1,3,0,3,4,1,2	1241	75
2953	12,19,6,14,16,16,9,8,19,31	0,0,0,0,1,0,0,0,0,0	22,16,10,10,9,6,19,12,17,12	0,0,0,0,0,0,0,0,0,0	132	75
2956	14,15,19,12,12,15,20,17,11,15	0,0,0,0,0,0,0,0,0,0	17,15,10,15,14,11,20,17,21,17	0,1,1,1,1,3,2,0,2,0	102	75
2957	32,29,35,34,34,31,21,30,28,41	0,3,0,1,0,2,1,1,0,0	34,27,28,27,30,23,17,34,39,31	2,2,0,0,0,3,0,1,0,0	81	75
2958	54,35,58,50,49,55,38,43,44,51	0,0,0,2,0,0,0,0,0,0	47,54,41,49,38,63,46,55,42,54	0,0,0,1,0,0,0,0,0,1	152	75
2968	0,1,0,0,0,0,0,0,0,0	68,80,83,62,107,112,94,52,65,80	4,0,0,0,0,0,0,0,1,0	60,77,64,68,78,57,105,93,125,65	171	75
2969	1,0,0,0,0,0,0,0,0,0	0,0,0,0,0,1,1,0,1,0	2,0,0,0,1,0,0,0,0,0	1,0,2,0,1,1,0,0,1,0	102	75
2970	1,0,0,0,0,0,0,1,0,1	0,0,1,0,0,0,0,0,0,1	1,0,0,0,0,0,0,2,0,0	0,0,0,0,0,1,1,0,0,0	118	75
2971	24,20,9,9,15,35,15,10,11,18	0,1,2,0,6,1,2,1,1,1	10,21,12,15,15,21,12,19,16,11	2,4,1,6,1,0,3,1,2,3	79	75
2972	52,38,47,35,48,33,53,49,38,44	1,3,3,1,5,0,0,0,1,1	30,50,41,43,33,47,43,60,70,50	2,0,1,0,1,2,0,2,2,2	173	75
2973	119,118,129,118,149,121,144,103,108,97	0,2,3,0,0,1,1,1,1,1	93,133,88,119,94,100,102,129,176,167	2,1,1,1,1,0,0,3,3,7	540	75
2974	19,11,22,22,5,20,4,17,14,16	1,0,0,0,4,0,2,0,1,2	9,30,16,11,14,17,23,15,5,13	0,1,1,1,3,1,0,0,0,3	103	75
2976	14,9,12,13,4,11,6,11,5,7	0,0,0,0,0,1,0,0,0,0	4,22,8,4,7,11,8,8,7,6	0,0,0,0,0,0,1,0,0,0	103	75
2977	29,26,21,12,19,28,37,13,32,31	0,3,0,1,0,0,0,2,1,0	42,20,25,41,29,28,22,18,34,27	1,1,1,0,1,0,1,0,2,0	79	75
2978	20,25,11,25,19,17,16,25,18,26	0,0,0,0,0,0,0,0,0,0	17,16,15,25,10,21,23,20,23,16	0,0,0,0,0,0,1,0,0,0	122	75
2979	26,32,16,33,23,30,24,34,22,36	0,0,0,0,0,0,0,0,0,0	26,23,21,31,16,24,29,28,31,30	0,0,0,0,0,0,1,0,0,0	142	75
2980	8,7,5,9,4,13,8,9,4,10	2,0,0,1,0,0,0,0,0,0	9,7,7,7,6,3,7,8,11,14	0,0,1,1,0,0,1,0,3,0	95	75
2981	38,48,18,38,32,27,32,37,25,39	0,2,1,3,3,0,5,2,0,3	26,35,25,35,21,34,39,41,39,34	3,0,1,1,2,3,4,1,1,0	142	75
2982	48,35,37,32,36,38,38,37,34,39	22,23,13,8,19,17,10,21,20,14	37,41,21,43,27,38,39,39,43,34	24,18,18,21,15,23,26,17,16,13	100	75
2983	1,0,1,1,0,1,1,0,0,0	0,0,0,1,0,0,0,1,0,0	0,0,1,0,1,0,0,1,1,0	0,0,0,0,0,1,3,0,0,1	183	75
2985	3,7,6,3,1,5,6,1,2,8	0,0,0,0,0,0,0,0,0,0	2,5,2,3,4,3,4,3,5,9	0,1,0,0,0,0,0,0,0,0	131	75
2986	13,15,9,13,6,10,9,2,5,9	8,9,3,2,2,1,4,4,2,2	15,9,9,9,6,12,11,6,8,7	1,6,9,8,3,1,3,4,6,5	78	75
2988	1,1,0,0,0,1,0,1,0,1	0,0,0,0,1,0,0,0,0,0	0,0,0,0,0,0,0,3,0,1	0,0,0,0,0,0,0,0,0,0	87	75
2989	4,3,5,0,2,1,5,7,2,2	0,1,2,4,1,2,3,2,0,1	3,2,3,3,6,0,2,5,2,1	2,1,4,1,4,1,1,0,5,1	87	75
2990	2,1,3,4,4,3,4,4,3,2	15,13,15,18,15,22,13,17,11,9	1,2,2,1,0,3,1,3,8,1	8,16,10,15,12,10,14,7,29,20	263	75
2991	12,10,5,9,11,9,7,7,8,6	2,1,1,1,1,0,0,0,0,0	6,8,11,9,10,8,6,4,11,6	0,0,0,2,0,0,0,0,0,1	80	75
2992	6,14,6,8,12,11,13,11,5,14	1,0,1,0,0,1,0,0,1,1	7,10,12,11,19,7,10,9,16,10	1,3,1,0,1,1,0,0,2,2	100	75
2993	0,1,0,1,5,0,0,0,1,0	0,0,1,0,1,0,0,1,0,0	0,0,2,0,1,0,1,1,1,0	0,0,0,0,0,0,0,0,0,0	104	75
2994	2,0,1,0,1,1,1,0,0,2	0,1,0,0,0,0,0,0,0,1	1,0,0,0,1,0,0,0,0,0	0,0,0,0,1,0,0,0,0,0	78	75
2995	0,1,0,2,2,0,0,1,2,1	9,4,1,5,3,6,3,1,3,2	3,4,1,3,1,0,0,1,0,1	4,7,3,6,3,5,0,5,3,7	78	75
2997	104,84,86,76,95,92,99,103,109,77	5,4,3,4,2,4,1,3,2,4	81,88,93,80,109,95,102,82,99,88	4,8,2,3,2,0,5,3,4,1	126	75
2998	15,5,3,10,8,6,7,9,2,12	27,26,15,10,11,9,21,25,14,16	14,8,5,8,12,3,7,9,5,7	12,16,14,16,11,20,15,12,20,9	78	75
2999	499,507,459,463,494,512,480,448,458,553	5,10,9,5,8,9,8,13,9,12	495,562,464,476,498,477,477,578,664,696	9,13,9,8,12,6,16,12,9,20	219	75
3002	82,56,61,75,71,60,67,68,58,52	2,0,0,0,1,0,0,0,0,0	79,61,57,63,58,64,72,67,96,62	1,0,0,2,0,0,0,0,0,0	87	75
3003	93,93,82,95,113,100,85,83,73,107	3,4,2,7,9,6,8,9,5,2	91,108,72,91,93,90,105,101,112,93	5,6,2,8,4,8,9,12,8,7	79	75
3004	1,5,1,2,0,2,7,1,2,4	632,614,566,513,623,592,591,520,573,586	6,5,3,2,0,1,0,6,2,2	693,553,625,590,558,586,600,718,756,655	96	75
3005	63,61,43,74,50,57,68,74,49,50	1,2,1,2,2,0,2,0,2,1	61,73,60,59,55,50,63,51,63,51	0,3,1,1,3,0,2,3,4,1	147	75
3006	61,82,63,52,59,70,68,64,57,69	0,0,0,0,0,1,0,0,0,0	64,77,57,68,70,35,59,80,85,58	0,0,0,0,0,0,0,0,0,0	135	75
3008	5,4,1,4,0,4,2,2,1,0	70,82,62,79,82,81,82,68,73,82	5,1,0,5,3,0,5,4,1,0	75,86,79,69,72,63,63,64,71,65	258	75
3009	1105,1076,965,1027,1033,953,1273,1091,1032,1158	127,141,113,143,109,104,107,101,114,121	1146,1107,1061,1275,996,935,990,1111,1321,1146	113,126,122,111,101,138,119,150,132,113	2441	75
3010	1,0,0,1,3,0,0,0,0,0	13,9,17,19,16,14,21,20,13,18	0,0,0,0,1,1,1,0,1,0	11,7,13,19,17,10,17,16,26,20	89	75
3011	1,0,0,0,0,0,0,1,0,0	5,17,17,6,8,9,10,8,12,10	0,1,0,0,0,0,0,0,0,0	10,11,4,11,12,8,5,8,8,9	86	75
3012	19,15,18,15,10,24,15,22,6,19	10,2,3,1,1,3,0,0,2,2	13,12,18,20,11,24,17,20,26,21	1,3,0,0,1,3,2,1,1,2	123	75
3013	3,4,3,0,1,2,4,2,3,6	17,19,20,13,16,9,17,22,11,18	5,4,2,4,1,3,3,5,2,3	21,11,15,9,7,12,17,10,13,15	88	75
3014	7,8,9,7,9,9,10,5,9,11	1076,955,863,949,919,877,988,855,919,1265	9,5,6,2,9,5,7,5,12,10	1127,941,920,889,923,954,984,1300,1355,1334	91	75
3015	5,4,1,3,4,3,1,0,3,2	843,788,698,774,765,791,870,786,772,1056	3,2,1,9,2,1,7,1,2,4	893,856,771,804,823,816,936,1004,976,1041	108	75
3016	872,805,823,851,942,869,851,773,742,1022	2,5,4,6,1,5,3,5,6,3	980,863,741,806,829,836,919,1002,1098,959	3,9,2,2,4,5,2,3,4,4	80	75
3017	1,4,3,4,6,7,5,4,3,5	2,3,3,3,3,2,7,5,2,6	9,3,5,3,6,4,5,1,4,5	1,8,1,4,6,0,2,5,2,2	81	75
3018	14,10,8,7,7,11,5,8,7,9	1,2,0,0,1,0,1,2,0,0	7,8,4,5,8,6,7,12,7,2	2,0,1,0,0,0,1,0,1,0	81	75
3020	0,0,1,0,1,0,0,0,0,0	3,2,1,5,1,2,2,7,0,6	0,0,0,0,0,0,0,0,1,0	6,4,3,2,4,0,6,2,5,3	102	75
3022	109,109,94,99,92,99,108,90,98,138	0,0,0,1,0,0,1,0,0,0	98,116,96,98,120,83,105,112,129,106	0,0,0,0,0,0,0,0,0,0	78	75
3023	1,1,2,1,2,1,1,3,3,1	323,310,264,254,295,253,300,286,264,344	0,3,0,0,2,0,1,4,5,0	294,289,261,355,254,307,271,305,268,270	128	75
3025	531,466,500,459,469,458,542,452,454,496	0,0,0,0,0,0,0,0,0,0	516,569,448,491,480,483,446,503,504,514	0,0,0,0,0,0,0,2,0,0	830	75
3026	278,286,259,225,274,230,264,230,245,267	0,0,2,0,0,0,0,0,0,0	281,262,249,272,250,222,269,232,246,254	1,0,1,0,0,0,0,0,0,0	78	75
3027	173,190,189,171,178,168,225,183,184,189	0,0,1,2,0,0,0,0,0,0	174,212,173,196,177,191,211,223,176,190	1,0,0,0,1,0,0,2,1,1	79	75
3028	27,26,23,17,20,18,19,20,22,30	0,0,0,0,2,0,0,2,0,0	19,30,20,27,30,17,19,28,30,15	1,0,0,1,0,0,0,0,0,0	240	75
3029	33,30,26,24,24,15,25,18,22,33	2,1,0,1,1,2,0,0,0,1	37,32,24,34,23,31,30,35,34,36	2,1,1,0,0,0,1,2,0,1	117	75
3030	32,25,17,27,19,23,23,24,19,30	0,1,1,0,1,0,0,0,0,0	23,23,23,21,18,22,16,20,27,28	0,0,2,1,0,3,0,0,1,0	145	75
3031	93,80,74,84,70,76,81,96,65,97	3,4,2,2,1,1,1,1,5,4	85,88,72,89,117,97,76,92,98,99	7,2,2,2,4,1,2,3,1,2	115	75
3032	2,1,4,0,0,2,7,6,2,6	0,0,0,2,3,2,0,0,0,0	4,0,2,6,3,4,5,1,2,2	0,1,0,0,0,1,0,0,0,0	90	75
3033	1,0,2,1,0,0,2,0,2,1	0,0,1,0,0,0,0,0,0,1	1,1,0,1,1,1,0,2,4,0	0,0,1,0,1,0,0,0,2,0	92	75
3036	87,86,111,86,111,99,84,93,101,92	77,94,96,97,100,93,99,83,68,71	84,103,81,90,103,96,106,112,107,117	77,107,79,85,89,74,105,120,118,119	329	75
3037	234,251,284,294,311,282,256,261,270,236	5,3,2,0,0,1,1,0,3,2	236,302,240,299,259,259,282,432,404,408	2,1,3,0,2,0,0,1,2,1	450	75
3038	224,259,269,305,300,276,271,251,237,215	5,3,2,0,0,1,1,0,3,2	229,306,238,294,245,237,281,440,415,410	2,1,3,0,2,0,0,1,2,1	196	75
3040	52,61,39,36,44,38,59,33,29,35	4,3,0,3,2,2,2,2,2,0	47,54,38,40,23,47,35,39,29,37	2,2,2,2,3,3,2,3,3,0	80	75
3041	13,14,33,27,34,36,14,26,16,33	0,0,0,0,0,1,0,0,0,0	28,32,26,19,37,10,32,49,65,44	0,0,0,0,0,0,0,0,0,0	174	75
3042	2,1,3,3,4,3,2,0,1,1	1,0,0,0,0,0,0,0,0,0	1,3,2,1,1,1,2,0,1,3	0,0,0,0,0,0,0,0,0,0	231	75
3044	8,15,10,12,13,15,9,13,9,13	27,44,30,35,35,30,36,44,32,36	14,16,7,7,7,18,11,10,15,14	47,43,39,29,31,47,32,37,38,39	78	75
3045	37,24,22,30,29,26,38,36,23,30	2,2,1,2,1,1,1,1,3,1	22,36,21,27,34,31,27,26,50,25	2,2,2,1,1,4,1,0,2,0	78	75
3046	0,0,0,0,2,0,1,0,0,1	1,0,0,0,0,0,1,0,0,0	0,1,0,0,2,1,1,0,1,1	0,0,0,0,0,0,0,0,0,0	78	75
3048	3,1,2,2,9,4,4,2,0,5	5,0,0,0,4,1,0,1,0,0	3,4,0,4,3,3,2,4,1,4	1,0,0,0,0,0,0,1,0,3	135	75
3049	0,0,0,0,0,0,0,0,0,1	14,13,6,6,5,5,5,7,3,9	0,0,0,0,0,0,0,0,0,0	7,8,6,11,8,6,6,19,12,5	96	75
3050	37,39,32,38,30,26,34,40,48,31	9,13,6,9,10,9,11,12,13,7	35,27,28,40,44,29,35,36,38,53	10,6,5,12,18,6,7,3,8,5	195	75
3051	14,21,11,14,18,21,18,19,17,18	0,0,0,1,1,0,0,0,0,0	27,18,22,21,11,22,11,11,29,28	0,0,0,0,1,0,0,1,1,0	115	75
3052	36,39,41,35,29,26,32,30,35,36	2,2,4,2,3,3,5,3,1,2	38,26,30,37,33,40,40,38,44,42	1,1,2,1,2,3,3,1,2,1	84	75
3054	3,9,8,8,9,5,10,5,6,8	0,0,0,0,0,0,0,0,0,0	12,6,7,4,10,9,10,5,6,9	0,0,0,0,0,0,0,2,1,0	85	75
3055	0,0,0,1,0,0,0,1,0,0	0,0,0,0,0,0,0,0,0,0	0,0,0,0,4,0,0,1,0,0	0,0,0,0,1,0,0,0,0,0	85	75
3057	31,28,25,24,46,43,31,21,30,22	1,1,0,0,0,1,0,0,0,1	22,35,21,28,24,25,32,23,30,17	1,1,1,0,2,2,0,0,0,2	112	75
3058	12,4,6,6,5,0,2,3,0,0	281,250,168,145,187,163,228,156,110,238	9,2,4,6,5,8,5,6,6,6	230,163,176,230,120,263,172,164,145,143	158	75
3059	4,0,3,0,2,1,3,0,1,0	0,2,0,0,1,0,0,0,2,1	1,1,2,2,1,0,2,0,0,1	0,2,0,0,0,0,3,1,1,1	135	75
3060	1,3,6,5,4,6,3,0,2,1	1,0,1,0,1,0,0,2,0,0	2,5,2,4,4,1,3,3,3,0	0,1,0,1,1,1,0,1,0,0	101	75
3061	184,215,134,158,128,118,153,171,162,175	2,1,2,1,1,1,1,0,0,2	174,165,132,151,129,168,178,208,180,139	1,1,0,0,0,1,0,0,0,1	111	75
3062	38,41,38,42,44,38,60,49,35,27	0,4,0,0,0,2,0,0,6,4	39,44,38,51,43,38,53,41,58,33	0,0,1,1,0,1,1,0,1,0	201	75
3063	0,0,1,0,0,0,0,0,0,0	9,9,5,7,9,5,13,10,12,18	0,0,0,0,0,0,0,0,0,0	7,9,9,8,10,10,6,12,15,13	115	75
3064	1,1,2,3,2,6,4,1,3,6	2,6,4,8,1,2,3,3,5,7	3,1,3,1,6,4,2,1,5,2	10,3,5,10,3,2,7,5,3,11	1041	75
3067	79,87,71,78,82,56,92,77,70,108	0,0,1,0,0,3,0,1,0,2	98,70,77,94,84,64,61,101,103,83	0,0,5,0,0,0,0,1,1,0	139	75
3068	99,73,79,75,64,75,107,81,96,72	67,75,84,61,79,74,68,65,69,83	94,107,87,106,79,65,98,82,114,97	84,86,62,91,78,68,64,65,108,78	1440	75
3073	9,9,5,9,10,8,5,15,10,2	28,22,24,28,17,33,40,31,20,25	8,12,7,14,7,12,8,8,12,5	38,28,17,22,24,14,24,15,25,16	84	75
3074	9,9,5,9,10,8,5,15,10,2	66,57,69,65,57,88,72,64,64,61	8,12,7,14,7,12,8,8,12,5	71,64,52,52,63,59,84,59,89,51	87	75
3075	28,22,24,28,17,33,40,31,20,25	66,57,69,65,57,88,72,64,64,61	38,28,17,22,24,14,24,15,25,16	71,64,52,52,63,59,84,59,89,51	78	75
3077	114,158,111,123,87,113,137,140,118,110	0,0,1,0,2,0,0,0,0,0	137,112,103,127,128,115,109,103,129,105	1,0,0,1,0,1,0,0,1,1	154	75
3078	3,3,2,5,0,2,4,3,0,4	201,228,159,161,193,152,219,178,157,203	0,2,7,5,3,2,4,2,5,3	182,198,162,181,179,165,168,167,196,155	141	75
3079	8,5,6,4,4,12,14,8,6,8	0,3,0,1,3,1,1,1,4,4	4,5,3,4,5,4,6,7,7,3	3,1,1,4,0,5,6,1,1,0	99	75
3081	6,11,3,3,6,3,4,6,2,6	3,0,1,1,3,1,0,1,2,0	7,10,2,5,4,4,3,5,3,3	0,0,0,0,0,1,0,0,0,0	79	75
3082	1,1,0,3,2,0,1,4,3,2	3,5,3,2,7,1,2,2,0,6	1,0,0,0,0,4,3,0,1,1	4,3,3,2,3,4,1,5,4,5	78	75
3083	5,0,1,2,0,1,0,1,0,5	8,6,4,6,4,3,4,1,4,7	1,1,3,0,1,0,0,1,0,0	2,7,11,10,5,2,6,3,7,6	191	75
3085	0,0,0,0,0,0,0,0,0,0	0,1,0,2,0,0,0,1,0,1	1,0,1,0,0,0,0,0,0,0	2,2,0,0,1,1,0,0,6,2	93	75
3087	2,3,0,2,3,2,1,0,0,3	133,166,131,144,163,157,142,113,124,138	2,2,3,2,1,0,0,0,1,3	129,151,134,176,138,135,133,162,157,168	96	75
3088	0,1,2,2,1,2,0,0,2,5	77,86,76,60,66,86,65,69,65,87	0,1,2,1,1,1,0,0,2,2	82,82,62,71,90,83,85,90,104,98	100	75
3089	74,57,78,73,62,61,68,53,57,88	0,0,0,0,0,0,0,0,0,0	61,81,60,65,52,87,85,78,80,91	0,0,0,1,0,0,0,0,0,0	134	75
3091	12,18,6,5,15,3,5,7,6,7	0,0,1,0,0,0,0,0,0,1	6,12,9,11,11,5,9,3,11,4	0,0,0,0,0,0,0,0,0,0	136	75
3092	2,2,0,0,0,0,3,1,0,0	2,0,0,0,1,1,0,0,2,0	4,2,0,0,0,3,0,1,0,0	0,4,0,0,0,0,0,0,0,1	97	75
3093	19,16,20,10,10,4,14,15,15,14	0,0,0,0,0,0,0,0,0,0	17,15,23,13,15,12,19,17,17,19	0,0,0,0,0,0,0,1,1,0	469	75
3094	70,73,60,89,67,62,75,55,57,73	1,0,1,1,0,0,0,0,1,3	77,87,84,83,66,65,69,82,76,84	0,0,0,5,1,1,1,0,0,0	141	75
3095	1,4,0,2,3,2,2,3,4,4	0,1,0,0,0,0,0,2,1,1	2,0,4,2,3,3,1,4,2,2	0,1,0,0,0,0,2,1,1,1	79	75
3096	0,0,0,1,0,2,0,0,0,0	1,0,1,2,1,4,0,0,0,0	0,1,0,0,1,0,0,2,1,0	1,1,3,2,1,1,1,2,1,1	78	75
3097	27,18,22,27,11,13,18,20,18,36	3,3,4,2,2,3,1,1,1,4	28,12,21,21,29,19,24,22,27,22	2,2,7,5,1,3,6,4,3,4	78	75
3102	19,17,23,14,23,11,18,15,15,20	7,9,9,5,8,13,12,13,6,8	19,19,23,19,11,15,12,15,19,14	13,8,5,3,5,14,14,10,12,10	90	75
3103	63,63,42,57,52,71,64,56,55,67	0,0,0,1,1,0,0,1,0,1	70,58,44,60,67,68,66,66,87,62	1,0,0,0,0,1,0,0,0,0	117	75
3104	42,43,37,38,35,46,36,29,27,35	54,38,38,31,39,36,54,41,40,40	35,29,34,48,27,41,38,37,42,35	42,48,41,40,47,41,38,44,43,43	160	75
3105	163,201,130,156,124,201,172,188,237,159	1,0,0,1,1,0,0,0,0,0	193,126,143,167,241,134,174,168,192,127	0,0,0,0,0,0,0,0,0,0	79	75
3106	409,434,371,388,410,380,384,354,367,374	14,14,10,10,3,13,12,14,15,9	351,429,334,429,335,406,401,414,393,325	13,14,12,12,14,10,10,7,9,6	126	75
3107	549,671,550,580,597,585,583,556,528,573	0,0,0,0,0,1,0,0,0,0	649,596,522,620,514,602,657,603,703,549	0,0,0,0,0,0,0,0,0,0	852	75
3108	0,2,1,0,0,0,1,1,0,0	52,62,65,44,64,60,73,62,47,87	1,0,1,0,1,0,1,0,0,0	77,60,54,66,71,75,70,72,82,73	133	75
3109	76,85,58,67,75,55,84,72,71,70	7,22,13,9,14,15,13,14,12,12	86,75,81,111,55,78,99,65,71,62	13,16,16,14,13,20,27,15,15,13	78	75
3111	0,0,0,2,3,2,1,0,0,1	0,1,1,0,0,3,1,0,2,0	3,1,0,1,1,0,0,1,2,0	0,0,1,0,1,1,0,0,1,0	78	75
3112	44,39,41,34,36,26,54,34,20,39	1,0,0,0,0,0,0,0,0,0	53,30,39,36,38,36,38,37,38,30	0,0,0,0,0,0,0,0,0,0	471	75
3113	13,17,16,13,12,13,8,11,12,13	30,30,22,22,29,27,29,34,26,31	13,6,12,12,11,9,13,13,14,11	30,31,29,25,21,19,24,23,35,23	78	75
3114	184,220,178,176,180,152,193,176,165,243	0,0,0,0,0,0,0,0,1,0	203,191,154,189,144,174,203,211,225,245	0,0,0,0,0,0,0,0,0,0	294	75
3115	289,294,245,250,277,222,238,253,269,295	3,5,2,3,2,2,4,5,0,5	269,297,219,268,238,276,290,295,357,338	2,2,1,0,1,2,3,1,1,1	168	75
3116	0,0,1,1,0,1,5,3,0,1	4,12,7,17,11,16,19,17,15,10	2,2,1,2,3,2,6,1,2,0	9,19,11,15,15,20,17,11,13,9	573	75
3118	61,61,49,53,69,63,75,69,56,55	0,0,0,1,1,3,0,0,0,3	59,54,47,52,50,70,65,62,57,70	2,1,0,1,1,0,1,0,1,0	106	75
3119	236,257,242,241,210,232,246,266,239,236	1,3,1,2,5,2,4,2,2,3	231,250,211,307,241,265,234,302,314,274	2,3,0,2,1,5,1,5,1,0	1121	75
3120	48,59,53,51,44,63,49,52,58,46	3,4,4,4,1,6,2,2,3,1	42,61,30,68,53,67,34,54,69,51	11,6,7,1,4,1,4,2,4,10	79	75
3123	2,0,0,0,2,0,0,0,1,1	0,0,1,0,0,0,0,0,0,0	1,0,1,4,0,1,1,1,0,0	0,0,0,0,0,0,0,0,0,0	105	75
3128	0,0,0,0,1,0,1,0,2,0	1,1,2,0,0,1,0,0,0,0	0,0,0,0,0,0,2,0,0,0	0,0,0,1,3,4,3,2,0,2	81	75
3129	66,102,77,62,76,73,70,53,83,92	0,0,0,0,0,0,0,0,0,0	81,90,65,74,72,88,75,92,75,69	0,0,0,0,0,0,0,0,0,1	81	75
3130	2,6,10,5,4,4,6,9,3,3	0,2,2,0,2,4,0,1,3,0	4,14,6,8,11,6,10,9,3,6	0,2,1,2,2,0,2,5,1,1	401	75
3131	108,130,112,116,113,112,112,115,131,94	1,1,0,0,0,2,0,0,1,2	126,113,116,145,146,114,92,117,107,92	2,2,5,2,2,1,1,3,3,2	79	75
3132	2,4,4,5,7,6,4,3,2,4	0,0,0,0,2,0,0,1,0,0	2,3,3,0,8,1,3,3,4,6	1,1,0,0,1,0,0,1,2,0	84	75
3134	1,0,1,4,2,0,3,3,0,1	14,25,17,18,26,17,12,15,11,30	0,3,1,1,0,2,3,0,2,0	31,21,19,23,23,17,19,21,31,20	135	75
3135	0,0,3,7,3,0,2,3,1,2	0,2,0,0,1,0,0,3,2,1	1,3,2,1,0,2,0,2,2,0	1,1,2,0,2,0,1,0,2,1	135	75
3137	0,0,3,2,2,2,3,1,1,1	11,15,18,9,22,11,21,13,13,17	0,3,0,2,1,0,2,1,1,2	26,22,16,14,19,19,18,10,28,12	78	75
3138	38,28,24,16,22,22,25,22,24,22	66,52,80,67,50,67,57,54,38,54	28,24,17,35,32,23,18,32,31,27	66,78,51,39,43,52,57,58,83,53	221	75
3139	68,53,80,69,51,71,58,57,41,56	2,11,6,3,5,3,4,3,3,7	70,81,53,41,46,54,59,59,90,54	6,2,6,6,2,4,6,3,5,3	201	75
3140	170,149,193,153,132,181,183,162,147,214	0,0,0,0,0,0,0,0,0,0	165,177,171,186,220,163,178,190,167,154	0,1,0,0,0,1,0,0,0,0	416	75
3141	2,6,4,4,7,5,5,3,6,3	10,15,15,12,13,22,19,12,19,10	9,3,5,1,4,5,8,8,5,5	20,12,17,18,14,10,20,25,21,25	154	75
3143	0,0,0,0,0,0,0,0,0,0	20,7,15,14,16,15,27,6,17,5	0,1,0,0,0,0,0,0,0,0	14,21,21,16,23,11,14,18,11,16	104	75
3144	4,4,2,0,2,3,5,5,2,4	7,7,9,9,2,2,8,7,18,5	4,2,7,3,6,2,0,4,3,3	4,2,4,9,12,6,6,8,4,5	78	75
3145	14,7,7,13,17,6,9,14,11,12	52,51,54,65,59,77,47,54,51,58	19,10,8,6,10,9,16,12,12,13	53,60,50,49,66,54,69,62,47,54	98	75
3146	163,133,172,172,135,153,173,122,139,157	17,15,14,12,4,11,8,15,10,17	162,174,126,130,188,184,163,141,158,146	19,5,16,8,10,13,8,23,19,11	165	75
3147	298,259,293,292,236,248,312,265,279,294	0,0,1,0,0,0,0,0,0,0	265,317,239,239,317,336,277,276,268,278	1,0,0,0,0,0,0,0,0,0	929	75
3148	3,2,4,6,3,1,2,4,4,1	79,57,60,70,45,56,53,61,53,51	2,6,4,5,3,4,4,5,3,2	68,49,67,73,60,68,55,48,68,58	89	75
3149	13,11,17,16,14,9,19,19,20,19	0,0,0,0,0,0,0,0,0,0	24,15,16,11,14,19,23,15,8,16	1,0,0,0,0,0,0,0,0,0	211	75
3150	13,11,18,16,16,10,19,20,22,19	2,1,1,0,0,1,1,0,0,1	24,15,17,11,15,20,24,15,8,16	0,2,1,1,0,0,0,1,1,1	211	75
3151	17,12,9,15,19,17,28,14,10,7	0,0,0,0,0,1,0,0,0,0	13,11,17,16,11,18,17,12,8,12	0,0,0,0,0,0,0,0,1,0	328	75
3152	24,17,15,23,17,19,30,14,22,18	3,2,2,5,0,3,4,2,0,2	15,15,19,28,26,23,20,24,29,13	5,2,1,7,2,6,2,2,3,6	78	75
3153	27,17,28,26,28,16,37,24,16,23	13,7,5,4,9,7,8,7,13,9	31,27,24,29,25,31,28,39,30,27	9,10,9,5,3,10,7,6,9,8	739	75
3156	11,13,6,4,14,7,7,9,7,8	0,3,1,1,2,0,1,4,0,2	4,9,14,13,3,15,8,11,10,9	3,1,1,1,0,4,1,1,0,2	113	75
3157	2,1,0,0,2,2,1,3,2,1	0,3,1,1,2,0,1,4,0,2	1,2,4,1,0,2,0,2,3,4	3,1,1,1,0,4,1,1,0,2	96	75
3158	4,2,0,1,9,1,0,4,1,2	2,2,5,3,2,5,2,2,2,1	5,4,0,3,4,6,3,6,3,5	4,2,2,3,4,0,1,7,1,4	78	75
3159	18,16,16,17,18,20,12,13,15,17	10,11,10,9,15,9,11,11,4,20	15,27,22,23,17,15,15,12,17,20	22,18,6,14,11,9,11,8,6,14	78	75
3160	17,11,5,8,18,12,9,15,14,12	7,4,4,4,7,7,2,8,6,6	6,10,7,13,6,14,11,18,16,14	4,5,4,1,4,6,7,8,2,2	78	75
3161	5,5,4,9,5,2,1,8,5,8	61,55,40,27,56,43,46,46,30,61	4,5,2,11,4,5,6,1,10,6	48,49,61,42,49,41,33,48,45,38	78	75
3164	31,32,19,27,32,24,25,21,31,28	8,4,6,3,7,5,3,12,4,8	24,21,15,27,31,26,30,29,14,22	5,3,3,2,5,6,2,4,3,7	933	75
3171	1,2,4,0,3,1,1,7,1,4	24,23,22,19,28,18,36,24,16,31	3,3,2,0,3,1,3,1,4,4	23,25,19,24,24,24,24,21,30,23	119	75
3173	241,211,177,200,203,209,222,175,168,201	0,0,0,0,0,0,0,0,0,0	214,229,188,200,188,216,162,233,214,240	0,1,0,1,0,0,0,0,0,0	361	75
3174	51,53,64,46,51,66,44,60,38,59	3,13,10,5,15,7,8,3,7,10	68,60,69,53,55,43,57,58,45,88	5,5,4,7,7,6,6,6,8,10	78	75
3175	108,141,126,122,130,130,128,103,114,109	9,3,9,12,11,14,11,12,9,15	133,128,103,117,98,128,137,133,137,144	13,8,6,9,10,18,14,13,19,15	126	75
3177	0,0,0,0,0,0,1,1,0,0	96,85,101,105,91,98,99,77,82,118	0,0,1,0,1,2,0,0,0,1	109,89,90,98,94,106,106,128,96,125	87	75
3178	42,52,29,46,44,36,34,29,32,41	0,0,0,0,2,1,1,0,0,1	39,45,41,41,47,35,32,30,47,36	3,0,0,1,3,0,0,2,0,0	96	75
3179	14,9,6,7,5,9,8,2,9,12	45,28,33,39,26,33,35,22,37,27	5,12,7,11,9,6,5,9,9,6	38,32,29,39,39,26,26,42,35,48	96	75
3180	2,3,1,1,4,2,2,2,5,3	51,57,42,53,60,69,44,48,45,57	2,1,3,4,3,3,6,4,3,6	52,54,41,67,63,54,57,66,50,56	199	75
3181	1,0,0,0,0,0,0,0,0,0	9,20,8,12,14,12,13,8,14,16	0,0,0,0,1,0,0,0,0,0	22,11,13,10,6,13,18,10,16,17	78	75
3182	1,1,1,2,3,1,1,0,0,0	1,0,0,0,0,0,0,1,1,0	0,0,0,0,0,0,1,0,0,0	2,0,0,0,1,1,0,1,1,0	78	75
3183	29,31,24,33,31,40,36,32,19,44	0,0,0,0,0,0,0,1,0,0	28,35,32,22,45,27,40,42,37,21	1,0,0,0,0,0,0,0,0,0	249	75
3184	13,20,13,23,27,22,29,24,19,26	15,14,10,11,12,15,16,14,11,14	15,29,23,15,20,18,27,20,28,18	14,17,19,14,15,16,16,12,21,24	96	75
3185	100,77,72,72,78,70,87,83,73,77	0,2,1,5,3,3,3,2,1,5	81,86,72,86,67,103,79,61,86,64	2,0,2,3,2,2,3,5,0,2	216	75
3186	4,0,3,1,2,3,2,1,1,0	0,0,0,0,0,0,0,0,0,0	1,2,2,1,4,4,4,1,2,1	0,0,0,0,0,0,0,1,0,0	201	75
3187	0,0,0,0,0,0,0,1,0,0	9,6,15,12,21,14,6,8,23,18	0,0,0,0,0,0,0,0,0,0	14,10,12,5,15,11,13,14,18,11	94	75
3188	3,0,0,2,3,1,4,0,0,3	1,0,0,0,1,1,0,0,2,0	3,1,2,0,5,1,2,0,2,2	0,1,1,1,0,2,0,0,1,1	140	75
3192	138,136,140,119,131,127,141,120,124,120	13,5,4,11,8,3,12,5,8,14	149,136,123,124,125,164,130,103,129,131	6,10,10,8,7,8,8,10,7,16	142	75
3198	2,1,1,0,1,1,1,0,4,0	114,97,112,119,103,108,126,98,98,126	2,0,0,0,0,0,0,1,1,0	121,123,111,79,138,109,92,106,110,95	91	75
3199	0,0,0,0,0,0,0,0,0,0	0,2,2,2,2,0,0,0,2,1	0,0,0,0,0,1,0,0,0,0	0,2,0,1,0,1,0,0,1,1	113	75
3200	6,8,4,5,7,4,9,7,1,3	4,3,9,5,1,8,0,6,1,2	6,4,14,3,5,7,14,14,6,7	4,3,3,1,0,2,2,3,2,1	204	75
3201	4,7,4,3,5,2,9,7,1,3	6,0,3,7,2,6,6,2,5,3	5,3,9,3,5,6,14,13,6,5	5,4,5,2,4,2,5,4,2,2	200	75
3202	8,1,3,9,4,8,6,2,5,3	4,3,9,5,1,8,0,6,1,2	6,5,10,2,4,3,5,5,2,4	4,3,3,1,0,2,2,3,2,1	79	75
3203	48,47,29,37,47,48,41,56,40,44	2,3,4,2,4,5,0,0,2,3	56,54,39,44,45,46,54,56,53,50	0,4,2,2,1,2,2,6,2,3	130	75
3204	2,1,1,0,0,1,0,2,1,1	44,25,40,23,39,38,23,28,34,40	1,1,0,0,0,1,1,0,1,0	42,32,29,31,25,38,26,29,29,28	139	75
3205	2,0,1,0,1,1,0,3,1,1	25,40,39,34,43,30,38,31,30,40	1,2,0,0,0,1,1,1,2,0	37,35,32,32,46,41,39,29,37,32	139	75
3206	12,5,19,10,10,11,12,9,9,11	0,1,1,0,0,0,0,0,0,0	19,20,9,11,16,17,11,16,13,11	0,0,1,0,0,0,0,2,0,0	194	75
3207	8,9,10,16,13,12,8,6,9,14	1,1,0,3,3,1,0,4,1,2	14,10,12,7,9,10,10,5,16,13	2,0,1,2,0,0,1,1,0,3	319	75
3208	0,0,0,0,0,0,0,0,0,1	0,0,0,0,0,0,0,0,1,0	0,0,0,0,0,1,0,0,1,1	0,0,0,0,0,0,0,0,0,0	165	75
3210	7,6,4,5,3,10,10,10,12,10	0,0,1,0,0,2,0,1,0,1	8,2,2,6,2,2,6,3,4,4	0,0,0,0,0,0,0,0,0,0	78	75
3211	70,80,57,60,60,69,71,50,52,78	118,103,90,105,135,126,91,86,105,114	64,62,58,44,80,64,58,65,66,69	113,117,101,95,105,115,114,126,115,116	90	75
3212	30,42,20,31,44,28,36,22,28,32	0,0,1,0,1,1,0,1,0,0	39,28,33,24,30,37,44,23,37,23	0,0,0,1,0,0,0,0,0,0	88	75
3213	2,5,5,4,4,7,4,5,4,2	0,0,1,0,1,1,0,1,0,0	5,8,4,1,5,8,6,4,5,2	0,0,0,1,0,0,0,0,0,0	126	75
3214	0,0,1,0,0,0,0,0,0,0	28,37,16,27,40,21,32,17,24,30	0,1,0,0,0,0,0,1,0,0	34,21,29,23,25,29,38,20,32,21	113	75
3215	0,2,0,3,0,2,0,1,4,0	1,0,0,0,0,0,2,1,0,1	0,2,0,0,0,1,0,0,1,1	2,0,1,0,1,0,0,0,0,0	309	75
3217	4,5,7,5,5,4,3,7,7,2	0,1,0,0,0,0,0,0,0,0	7,4,5,10,6,1,4,4,3,2	0,1,0,0,0,0,0,0,0,0	179	75
3218	44,45,28,31,38,38,38,33,41,43	5,2,3,2,2,2,2,6,1,1	38,32,29,39,28,29,43,52,41,27	7,4,2,0,4,3,4,2,2,5	136	75
3219	40,28,34,24,41,27,36,24,32,28	1,0,0,0,0,0,0,0,0,0	42,27,21,45,37,22,32,37,37,27	0,0,0,0,0,0,0,0,0,0	368	75
3220	222,227,208,140,242,177,220,166,169,229	65,66,51,40,48,47,59,53,38,45	216,218,164,198,175,216,198,201,206,219	58,45,52,38,46,69,55,52,42,71	78	75
3221	549,618,514,566,523,505,562,532,603,637	0,0,0,0,1,0,0,0,0,0	617,603,487,590,565,579,619,581,626,575	0,0,0,0,0,0,0,0,0,0	6803	75
3259	36,52,36,28,30,31,29,39,29,50	0,2,1,4,2,2,1,2,2,1	34,27,25,52,29,26,40,37,51,42	1,1,0,3,1,1,4,2,3,4	84	75
3260	29,25,18,23,25,36,30,22,25,27	1,9,6,4,4,3,4,9,0,2	33,39,16,26,27,27,34,45,39,44	3,5,5,8,5,5,6,4,17,6	109	75
3262	0,0,0,0,0,0,0,0,0,0	6,3,10,2,5,5,3,5,2,6	1,0,1,0,0,0,0,0,1,1	14,6,4,6,4,6,3,8,6,3	81	75
3264	506,539,495,469,489,573,495,482,451,605	5,1,2,2,5,3,9,5,5,4	578,522,410,475,560,468,472,579,618,566	5,2,4,5,6,1,3,7,4,5	331	75
3266	214,226,193,185,288,175,223,192,179,194	0,0,0,0,0,0,0,0,0,0	166,203,184,217,208,212,209,186,198,192	0,0,0,0,0,0,0,1,0,0	80	75
3267	73,78,58,56,67,64,81,74,54,69	7,6,8,4,4,6,10,4,15,9	60,67,64,96,66,56,67,72,72,51	2,9,9,15,9,9,9,12,11,10	78	75
3268	16,10,15,9,13,10,6,7,10,7	52,52,26,31,48,46,41,54,33,39	15,9,7,11,11,12,16,8,5,9	52,40,40,51,46,47,43,35,39,38	90	75
3271	18,8,9,15,14,19,24,20,9,6	0,0,0,0,0,0,0,0,0,0	9,12,4,24,16,7,11,10,15,4	0,1,0,1,0,0,0,0,0,0	111	75
3274	11,4,5,2,6,11,8,2,3,5	0,0,0,3,1,2,2,3,1,2	9,11,2,5,3,6,15,7,10,14	3,1,0,1,1,3,0,2,1,4	78	75
3275	32,21,23,24,24,25,31,30,33,26	0,0,2,0,1,0,0,0,1,0	30,41,17,25,21,27,23,35,28,31	0,0,0,0,0,0,0,2,0,2	107	75
3276	21,28,25,24,30,24,21,22,5,36	0,1,0,0,0,0,0,0,0,0	28,34,23,25,29,22,23,39,30,35	0,0,0,0,0,0,0,0,2,0	113	75
3277	3,8,8,10,6,6,14,7,9,7	0,0,0,0,0,0,0,0,0,0	8,6,7,9,5,7,8,10,8,7	1,0,0,1,0,0,0,0,0,0	79	75
3278	2,6,3,6,3,2,6,4,9,3	42,38,38,32,48,33,25,31,35,39	6,7,4,4,5,3,4,6,3,7	25,39,42,33,41,36,32,35,42,31	162	75
3280	21,12,23,14,12,10,11,8,10,31	30,33,32,36,34,32,25,28,28,34	20,20,16,18,22,28,26,14,27,11	46,47,19,35,30,39,39,29,40,28	102	75
3281	50,52,49,59,48,28,55,42,42,61	0,2,1,0,1,3,3,1,2,1	56,49,39,40,68,48,67,75,68,71	3,0,1,2,2,3,1,1,2,4	255	75
3282	0,2,3,3,3,4,1,3,1,3	1,4,0,3,1,2,1,1,0,1	3,6,0,1,3,1,1,4,2,9	3,3,1,1,2,3,2,3,4,0	80	75
3283	357,300,305,347,337,346,317,311,374,441	0,0,1,0,0,0,0,0,0,1	418,308,349,297,484,333,328,356,448,281	0,0,0,0,0,0,0,0,0,0	155	75
3288	891,766,689,741,857,786,651,696,696,949	0,2,2,0,1,0,0,1,0,2	880,759,778,639,767,764,673,777,730,719	0,1,1,0,0,1,0,2,1,2	411	75
3289	80,67,53,56,69,56,61,51,44,67	1,0,1,0,0,0,0,0,0,0	60,71,62,62,42,84,68,73,61,74	0,0,0,0,0,0,0,0,0,0	78	75
3290	18,23,10,9,14,17,19,16,15,11	48,41,36,33,51,46,49,40,27,45	18,17,11,12,15,15,10,15,16,8	42,55,47,46,34,34,36,48,45,43	78	75
3291	3,2,1,3,0,2,1,1,2,1	68,74,48,58,54,71,72,48,45,63	1,1,0,4,0,3,1,2,0,0	56,84,58,48,59,73,61,51,70,53	87	75
3292	0,0,0,0,0,0,0,0,0,0	1,0,0,0,0,0,0,0,0,0	0,0,0,1,0,0,0,0,0,0	0,0,0,0,0,0,0,0,0,0	89	75
3294	2,2,5,5,4,1,2,0,0,2	5,8,11,7,6,7,6,5,5,5	3,4,1,2,1,6,2,2,0,3	13,5,6,4,13,10,11,10,6,10	147	75
3295	2,0,5,4,2,0,1,0,0,4	0,0,0,0,0,1,1,1,1,0	2,3,1,2,1,3,1,0,0,3	1,0,1,0,1,0,0,0,0,0	147	75
3296	2,0,5,4,2,0,1,0,1,3	0,1,1,0,0,0,0,0,0,0	2,4,1,2,1,3,1,0,0,3	1,0,0,0,0,0,0,0,0,0	147	75
3299	0,1,0,0,2,2,1,1,0,0	0,0,2,2,1,0,2,2,0,0	0,1,5,0,1,1,0,1,2,0	0,0,2,0,0,1,1,2,5,2	265	75
3300	0,0,0,0,0,0,0,0,0,0	1,5,5,10,5,9,4,10,9,7	1,0,0,0,0,0,0,0,2,0	7,10,8,7,8,4,8,6,4,3	232	75
3301	1,2,2,1,0,0,1,2,1,0	0,0,0,0,1,0,0,0,0,0	0,1,0,0,0,2,4,0,0,4	0,0,0,0,0,0,0,0,0,0	102	75
3302	1,0,5,3,1,2,4,2,2,2	0,0,0,0,0,0,1,0,0,0	2,2,0,1,2,1,0,3,2,4	0,0,0,0,0,1,0,1,0,0	78	75
3303	20,13,14,18,14,24,18,22,16,15	10,10,6,4,9,3,6,3,8,6	17,27,21,24,23,19,17,27,23,20	10,7,11,13,10,7,16,6,7,6	78	75
3304	55,51,50,50,69,69,42,39,64,69	0,0,0,1,0,0,1,1,3,1	61,36,52,33,49,54,59,59,52,42	1,0,0,1,0,0,2,0,1,2	117	75
3305	18,15,12,17,11,15,9,13,11,15	0,3,0,1,2,1,2,2,0,2	10,20,10,13,13,13,6,9,11,13	0,0,1,0,0,0,0,1,1,0	94	75
3307	0,0,0,1,0,0,0,0,0,0	11,7,21,16,11,9,5,7,8,9	0,0,0,0,0,0,0,0,0,0	9,10,9,7,6,3,8,8,14,9	86	75
3308	64,49,43,49,41,45,37,38,37,34	9,8,14,9,6,16,9,5,11,5	45,49,44,35,41,31,56,57,49,39	15,10,10,13,7,9,13,10,7,12	129	75
3309	33,30,29,33,25,22,29,31,28,34	163,168,171,156,134,162,133,156,156,148	30,26,28,43,29,33,32,28,24,39	193,198,155,167,168,145,164,165,168,166	78	75
3311	2,5,6,2,3,3,4,1,7,2	26,15,21,18,12,18,20,14,15,11	1,3,8,5,3,2,3,2,2,4	22,23,12,13,25,15,17,13,18,19	90	75
3312	1,1,1,0,3,2,0,0,2,0	0,0,0,0,0,0,0,1,0,0	1,1,1,1,1,2,1,0,3,3	0,0,0,0,0,1,0,0,0,0	78	75
3313	4,4,6,3,8,3,7,7,5,8	0,0,0,0,0,0,1,0,0,0	4,3,7,3,7,7,4,2,1,1	0,0,0,0,0,0,0,0,0,0	78	75
3314	6,2,2,1,4,4,3,4,4,2	6,2,4,4,4,8,1,2,7,4	3,3,1,0,1,4,1,1,3,4	4,2,4,1,2,3,7,1,1,0	78	75
3315	4,11,2,6,2,9,6,6,3,10	0,1,0,0,0,0,0,0,0,0	5,7,4,5,6,8,3,10,9,3	0,0,1,0,0,0,0,0,0,0	170	75
3316	6,16,6,11,7,19,8,9,7,19	22,19,14,21,18,23,17,10,15,7	12,10,11,10,11,8,12,16,11,6	17,13,9,10,19,30,17,20,14,13	170	75
3317	0,0,1,0,0,0,0,0,0,1	4,8,5,7,11,7,8,6,5,7	0,1,0,0,0,0,0,0,1,0	5,4,11,15,6,5,6,4,8,10	127	75
3318	0,0,1,0,0,0,1,0,0,1	48,37,27,37,46,34,22,29,26,36	0,1,0,0,0,0,0,0,1,0	41,51,30,39,33,27,44,51,36,41	130	75
3319	4,8,5,7,11,7,9,6,5,7	48,37,27,37,46,34,22,29,26,36	5,4,11,15,6,5,6,4,8,10	41,51,30,39,33,27,44,51,36,41	78	75
3320	77,77,64,58,86,82,78,61,69,76	0,0,0,1,0,0,0,0,0,0	63,78,59,67,80,70,72,85,74,63	0,0,0,0,0,0,0,0,0,0	1583	75
3321	32,37,28,28,31,18,28,34,29,28	0,0,0,0,0,2,0,0,0,1	43,30,20,34,23,33,36,32,25,39	0,0,0,0,0,0,2,0,0,0	93	75
3322	58,74,39,65,61,60,54,44,42,79	2,0,1,1,2,3,1,5,2,0	77,77,44,56,58,54,52,66,76,61	1,0,0,3,4,3,3,1,3,2	112	75
3323	0,0,0,0,0,0,0,0,0,0	11,16,20,5,14,19,15,16,12,10	0,0,0,2,0,0,0,2,0,0	18,18,17,6,13,17,19,16,26,16	101	75
3324	4,2,3,9,5,5,12,5,3,3	0,1,1,0,0,1,0,1,0,0	4,9,3,2,4,0,3,3,2,2	0,0,0,1,0,0,0,1,0,2	105	75
3325	1,2,0,2,1,0,1,4,2,1	9,20,12,19,15,18,7,15,20,8	2,2,0,2,3,2,2,0,2,6	22,23,14,12,17,16,17,25,17,22	100	75
3326	2,1,0,1,2,0,0,1,0,1	0,0,0,0,0,0,0,0,0,0	2,2,0,2,1,0,1,0,1,1	0,1,0,0,0,0,0,0,0,0	100	75
3327	13,24,14,22,20,18,28,18,19,11	22,21,10,23,15,21,21,12,16,16	17,20,17,17,15,16,15,20,17,15	14,17,15,23,25,19,16,20,17,10	78	75
3334	17,15,12,10,9,5,16,5,10,7	3,3,2,3,5,3,2,2,11,1	8,12,8,7,12,6,12,13,4,9	6,5,1,0,3,1,4,2,4,2	102	75
3335	55,42,35,34,35,29,42,44,38,32	5,3,4,5,2,3,7,2,0,6	33,38,34,35,31,33,49,34,41,30	2,2,2,2,3,8,3,1,2,2	102	75
3336	9,5,9,11,9,6,14,15,7,9	0,0,0,0,0,0,0,0,0,0	12,3,7,17,6,6,8,4,8,11	0,0,0,0,0,0,1,0,0,0	91	75
3337	3,2,3,3,3,5,5,2,3,7	0,1,0,0,0,0,0,0,0,0	6,3,2,2,3,2,6,1,5,5	0,0,0,0,0,0,0,0,0,0	91	75
3341	162,128,159,155,144,126,148,130,124,164	5,2,6,8,5,7,6,11,13,10	163,150,147,120,150,180,165,156,159,157	5,7,5,7,6,8,6,2,3,2	276	75
3342	63,67,69,56,80,66,86,71,59,62	14,13,13,16,12,13,13,14,13,15	64,71,71,87,62,53,83,62,57,48	11,13,16,14,9,15,14,17,14,10	123	75
3343	18,18,14,15,18,21,17,20,19,20	50,42,39,43,41,35,35,36,34,30	16,28,26,26,30,19,18,18,19,12	34,39,37,43,37,35,40,26,44,25	135	75
3344	7,4,2,1,7,1,2,2,9,5	40,36,34,28,37,41,39,39,31,41	5,4,6,7,3,4,4,5,4,3	44,34,37,37,34,40,32,37,45,31	93	75
3345	0,1,0,0,1,1,1,0,0,0	2,2,0,1,2,0,3,3,1,3	0,0,0,0,0,0,1,0,0,0	3,1,4,1,0,2,2,0,0,2	139	75
3346	13,22,14,15,20,14,17,28,10,29	1,1,6,3,9,1,9,3,3,5	13,32,17,18,11,12,20,21,26,13	0,5,2,11,5,3,12,8,8,8	678	75
3347	134,138,144,169,152,144,129,140,141,167	4,6,0,5,0,1,1,3,2,4	171,163,161,157,164,179,175,214,206,183	1,1,4,2,4,6,2,0,2,1	116	75
3348	12,9,11,19,18,14,16,30,18,10	0,1,0,0,0,0,0,1,0,0	16,18,13,11,19,13,11,10,8,11	0,0,0,0,0,0,0,0,1,0	137	75
3349	23,11,13,21,30,23,23,11,12,22	1,0,0,0,0,0,2,0,0,0	12,17,13,10,18,24,18,38,23,24	0,1,0,0,0,0,0,0,0,2	83	75
3350	0,1,1,1,0,0,0,0,0,3	1,0,0,0,0,0,2,1,0,1	0,1,0,0,1,1,0,1,0,0	1,1,0,0,1,0,0,0,1,0	78	75
3351	2,2,4,6,2,4,5,3,8,10	27,39,17,28,36,35,38,35,27,33	7,6,8,6,6,3,2,4,3,5	32,40,32,30,34,37,24,32,40,36	78	75
3352	115,115,110,133,109,107,121,123,114,124	52,37,22,41,34,18,46,45,39,41	123,112,111,114,100,123,109,115,120,102	37,38,58,38,37,32,27,47,37,47	2769	75
3353	23,21,23,22,27,28,18,26,22,26	0,0,2,1,0,1,0,0,0,0	23,33,28,20,34,27,23,43,27,22	0,0,1,0,0,0,0,0,1,1	81	75
3354	41,36,28,24,22,36,43,22,37,34	3,4,2,4,2,3,4,0,1,7	31,31,35,32,33,29,31,53,53,39	3,3,6,2,3,5,8,2,6,4	98	75
3355	3,2,4,4,7,7,6,3,4,2	0,0,0,0,1,0,0,0,0,0	2,8,2,2,3,3,3,3,3,4	0,0,0,0,0,0,0,0,0,0	78	75
3357	10,14,11,13,12,16,20,19,10,16	0,0,0,0,1,0,0,0,0,1	21,7,15,13,22,26,9,22,24,20	1,0,0,0,0,0,0,0,0,0	147	75
3358	0,0,0,0,0,1,0,0,0,0	7,2,5,6,3,4,3,6,4,3	0,1,0,0,1,0,0,0,0,0	4,5,5,5,4,6,2,3,6,6	123	75
3360	1,0,0,3,0,3,1,2,1,1	0,1,1,2,0,1,2,1,2,1	0,0,0,0,3,0,2,3,1,2	0,1,1,0,0,2,1,0,3,0	78	75
3361	0,4,1,1,2,2,8,0,1,1	0,1,5,2,1,2,2,0,1,4	4,1,4,4,3,0,3,2,2,1	4,2,1,2,0,0,2,5,1,1	78	75
3362	1,1,1,0,2,5,0,1,3,0	0,0,0,0,0,0,0,0,0,0	0,0,1,3,1,3,1,3,4,1	0,0,0,0,0,0,0,0,0,1	78	75
3364	28,18,28,22,24,25,15,16,27,19	1,0,1,0,1,0,0,2,1,0	18,22,20,19,20,27,18,26,22,17	1,0,0,2,1,0,0,0,0,1	78	75
3365	86,60,57,58,61,43,48,62,58,49	2,3,13,7,7,9,7,5,4,3	62,64,65,69,67,51,78,63,75,71	9,8,5,8,5,2,7,6,13,9	402	75
3366	2,2,7,2,5,3,1,4,7,8	0,0,0,0,0,0,0,0,0,0	4,3,7,6,5,0,4,3,6,4	0,0,0,0,1,0,0,0,0,0	78	75
3367	3,2,3,4,3,4,3,0,4,9	1,0,0,2,1,1,2,0,1,0	2,0,3,4,0,3,2,1,0,2	1,0,1,0,2,2,1,0,0,0	234	75
3368	13,16,20,6,15,14,11,9,11,12	0,0,0,0,1,0,0,0,0,0	13,15,8,16,18,16,11,19,24,9	0,1,2,2,0,0,0,1,1,1	130	75
3369	89,77,65,75,72,93,86,78,83,85	0,0,0,0,0,0,0,1,0,0	61,66,69,81,85,84,93,82,69,84	0,0,0,0,0,0,0,0,0,0	394	75
3370	0,3,1,1,0,0,2,1,1,2	0,0,0,0,0,0,0,0,0,1	0,0,0,0,1,0,1,1,1,0	0,0,0,0,0,0,0,0,0,0	80	75
3371	0,0,0,1,0,0,0,0,0,0	1,0,1,0,0,0,0,0,0,0	0,0,0,0,0,0,1,0,0,0	0,0,0,1,1,1,0,0,0,0	119	75
3374	9,10,6,7,4,14,6,13,5,6	4,5,0,2,1,4,4,1,3,3	11,5,9,10,12,6,12,10,12,18	5,0,1,1,1,2,0,8,1,2	78	75
3375	44,43,47,40,41,42,40,46,47,66	5,6,4,4,4,1,7,1,5,7	58,35,37,52,48,37,50,56,68,47	4,6,4,4,5,3,3,5,12,0	126	75
3376	1,0,5,0,3,1,2,1,0,1	62,68,59,50,45,54,46,57,39,58	0,0,1,3,2,2,1,0,0,1	58,26,42,48,55,50,68,47,62,59	107	75
3377	20,31,22,21,20,22,26,27,26,26	1,2,0,0,2,0,0,0,2,2	22,25,25,34,21,28,25,21,27,23	1,1,3,2,1,1,1,3,0,0	122	75
3378	1,1,0,0,2,0,1,2,0,0	0,0,0,0,0,0,0,0,0,2	2,2,0,1,0,1,1,0,2,2	1,1,0,0,1,0,1,0,0,0	127	75
3380	37,16,23,32,30,22,17,30,32,39	0,0,0,1,0,0,0,0,0,0	33,21,23,21,27,26,41,18,22,26	0,0,0,0,0,0,0,0,1,0	163	75
3381	4,3,0,1,3,3,0,11,6,5	0,1,2,1,1,3,1,2,4,3	7,4,4,4,6,2,4,5,6,2	0,1,0,3,0,1,2,3,1,1	87	75
3382	16,23,19,16,29,30,16,29,27,25	0,1,2,1,1,3,1,2,4,3	31,22,17,19,18,30,29,26,33,19	0,1,0,3,0,1,2,3,1,1	93	75
3383	12,21,19,15,26,27,16,19,21,21	0,1,0,0,0,0,0,1,0,1	25,19,14,15,15,28,25,21,27,18	1,1,1,0,3,0,0,0,0,1	81	75
3384	5,2,1,0,4,5,3,2,1,1	3,3,3,3,4,2,2,2,3,1	2,3,5,1,6,3,5,4,5,0	1,2,0,3,5,3,4,0,4,2	78	75
3385	5,3,6,3,7,7,15,5,1,5	0,0,0,0,0,0,0,0,0,0	12,10,5,5,6,9,2,5,5,6	1,0,0,1,0,0,0,0,0,0	78	75
3386	1,2,1,0,1,0,0,1,2,0	9,13,12,9,1,2,6,6,3,7	1,0,0,0,0,1,4,1,1,3	4,9,3,14,10,10,9,5,8,9	78	75
3388	150,130,111,113,130,108,121,138,102,122	0,0,0,0,0,0,0,0,1,1	138,127,131,123,110,121,128,112,140,111	0,0,0,0,0,0,0,0,1,0	281	75
3393	0,1,2,0,0,0,1,0,0,0	38,20,13,11,25,14,23,21,16,17	1,0,1,0,0,0,2,0,0,1	17,29,10,23,14,15,11,9,21,19	79	75
3394	61,55,39,36,67,63,74,63,38,82	0,0,0,0,0,0,0,0,0,0	63,73,41,72,49,48,45,65,72,82	0,0,1,0,0,0,0,0,1,0	296	75
3395	1,1,2,2,3,0,0,3,1,1	44,43,42,42,47,42,50,55,50,43	1,1,1,3,2,3,2,1,4,4	58,57,56,46,38,54,45,47,57,55	104	75
3396	0,0,1,0,0,1,1,1,1,0	6,3,4,4,5,9,5,2,5,5	0,0,1,0,0,1,0,0,1,0	5,3,2,7,4,5,2,4,1,3	78	75
3398	19,22,22,8,16,13,12,11,7,19	34,27,13,6,20,14,10,23,10,18	17,15,4,15,7,5,12,6,12,19	14,28,12,22,10,11,16,12,17,18	78	75
3399	20,20,16,8,15,12,22,20,7,10	34,27,13,6,20,14,10,23,10,18	13,21,11,15,15,21,17,24,20,16	14,28,12,22,10,11,16,12,17,18	81	75
3400	20,20,16,8,15,12,22,20,7,10	19,22,22,8,16,13,12,11,7,19	13,21,11,14,14,20,17,24,20,16	17,15,4,14,6,4,12,6,12,19	78	75
3402	1,2,2,5,0,2,3,2,4,1	0,0,0,0,0,0,0,0,0,1	1,3,6,3,2,3,2,2,7,2	0,1,0,0,0,0,0,0,0,0	82	75
3405	4,4,6,7,3,1,4,1,2,11	69,77,53,67,63,61,76,81,58,84	7,3,3,2,4,4,1,5,3,8	77,69,82,50,75,74,71,71,73,68	126	75
3406	7,7,7,10,5,1,7,3,4,14	69,77,53,67,63,61,76,81,58,84	9,5,5,3,6,7,9,5,6,10	77,69,82,50,75,74,71,71,73,68	157	75
3407	3,3,1,4,2,0,3,2,2,3	0,0,0,1,0,0,0,0,0,0	2,2,2,1,2,3,8,0,3,2	0,0,0,0,0,0,0,0,0,0	106	75
3408	2,0,0,1,2,3,4,1,5,2	0,0,0,0,0,0,0,0,0,0	5,3,6,1,4,5,2,2,1,8	0,0,0,0,1,0,0,1,0,0	1546	75
3409	38,35,27,30,33,42,39,42,40,49	0,2,1,0,3,1,2,1,2,1	35,45,37,36,38,29,57,28,45,40	0,1,1,0,0,0,0,1,0,1	80	75
3410	14,11,24,8,13,10,16,14,7,12	0,1,1,0,0,0,1,1,0,1	13,22,13,11,17,15,11,10,14,15	2,1,0,3,1,1,0,0,0,1	78	75
3411	37,40,71,37,51,47,54,36,38,47	1,1,2,0,1,1,0,0,0,0	49,54,50,43,56,45,54,49,50,51	1,0,2,0,0,0,0,3,0,1	724	75
3412	59,53,90,49,62,59,80,56,44,57	31,40,26,37,29,38,36,25,17,24	70,75,73,59,72,69,68,63,71,69	29,25,29,30,26,21,21,28,32,23	894	75
3413	23,14,21,12,12,13,26,20,6,10	31,40,26,37,29,38,36,25,17,24	22,21,25,16,16,24,14,17,21,19	29,25,29,30,26,21,21,28,32,23	245	75
3414	1,3,3,2,4,3,12,5,2,4	0,0,5,0,2,3,1,2,1,2	4,5,2,0,7,5,6,1,4,7	0,1,1,2,1,0,1,1,1,2	78	75
3415	22,13,21,14,12,12,28,22,7,10	11,8,10,3,9,7,9,10,5,9	21,21,23,16,16,25,15,15,22,19	11,13,11,12,14,8,7,9,9,11	245	75
3416	71,58,54,56,59,67,60,54,54,75	0,0,0,0,1,0,0,0,0,0	72,63,44,40,66,41,52,59,61,69	0,1,0,0,0,0,0,0,0,0	440	75
3417	30,35,18,29,31,34,34,20,30,35	15,20,19,14,23,24,25,25,26,18	26,34,27,24,31,31,29,25,32,31	20,19,19,12,11,18,12,17,24,19	78	75
3418	8,6,8,8,6,5,9,6,3,7	32,62,42,38,45,54,47,55,38,34	8,9,7,8,8,5,7,3,5,5	38,50,57,52,48,59,35,49,43,51	108	75
3419	15,14,14,16,17,6,17,16,12,15	87,93,80,93,91,93,91,69,84,77	18,19,13,21,15,21,15,20,22,13	77,89,68,60,115,82,65,61,76,75	96	75
3420	94,91,87,87,93,84,103,70,84,104	54,56,52,42,50,41,73,43,62,43	99,88,78,73,108,73,79,84,88,53	77,51,73,57,71,44,54,64,69,54	114	75
3421	278,254,280,261,317,263,367,273,252,314	1,1,0,0,1,0,1,0,2,2	274,258,274,275,314,304,284,297,345,262	1,1,1,2,1,0,0,1,2,1	340	75
3422	1,3,2,2,4,7,4,2,2,3	31,36,26,23,23,32,24,20,26,40	6,0,2,3,3,3,3,6,1,5	28,26,18,23,18,23,26,42,45,31	166	75
3423	42,47,40,61,60,45,60,57,45,55	0,0,1,0,0,0,0,0,0,1	51,48,50,48,50,45,43,50,52,53	0,1,0,0,1,0,0,0,3,0	192	75
3424	51,55,45,71,73,64,70,76,59,77	1,0,0,1,0,0,0,0,0,0	59,54,54,57,64,58,45,64,63,60	0,0,0,0,0,0,0,2,0,0	192	75
3426	31,21,13,31,17,18,43,25,24,16	0,0,0,0,0,0,0,0,1,0	19,35,16,18,21,21,29,25,30,28	0,0,0,0,0,1,0,0,0,0	414	75
3427	9,13,7,5,4,7,15,10,12,13	1,1,1,0,0,0,0,3,0,0	2,7,6,8,5,10,8,8,14,10	1,1,0,1,0,1,2,3,1,0	77	75
3428	0,0,0,0,0,0,0,1,0,0	0,2,0,7,1,3,2,0,0,0	2,1,1,1,0,0,2,0,1,1	2,0,1,1,2,0,0,2,1,4	80	75
3429	4,8,6,7,6,9,3,5,5,5	4,4,3,3,6,4,4,3,4,4	7,8,5,5,8,10,1,4,8,4	2,6,4,6,2,1,2,1,4,1	78	75
3430	1,0,0,0,1,4,2,1,0,0	0,0,0,0,0,1,0,0,0,0	1,2,0,0,2,2,3,2,1,1	0,2,0,0,0,0,0,0,0,0	145	75
3431	0,0,0,0,2,0,0,0,0,0	7,4,8,9,3,5,9,13,9,5	0,0,0,0,0,0,0,0,1,2	3,7,3,1,6,6,7,6,4,6	96	75
3436	32,31,29,27,22,29,26,21,18,17	40,36,36,25,32,33,30,28,36,32	37,28,26,21,25,38,26,25,30,21	35,36,35,46,32,25,29,37,35,33	78	75
3437	48,40,36,41,50,47,37,49,36,45	34,33,29,15,21,13,38,28,19,18	53,50,49,38,55,48,49,48,39,42	29,22,39,27,31,28,27,27,20,29	78	75
3438	7,10,3,7,5,10,5,11,4,12	0,0,0,0,1,0,0,0,0,0	14,12,3,10,4,3,9,7,11,10	0,0,0,0,0,0,0,0,1,0	1293	75
3439	84,69,72,59,79,58,67,66,52,51	0,2,3,4,4,1,1,1,0,1	74,77,59,77,61,65,59,49,69,47	0,0,2,1,0,0,3,0,1,2	78	75
3440	2,2,0,1,2,4,0,1,2,2	0,0,0,0,0,0,1,1,0,0	1,0,3,1,1,2,2,3,1,1	0,0,0,0,0,0,0,0,0,0	78	75
3441	11,8,8,8,16,7,15,8,5,19	0,0,1,0,0,0,0,0,0,1	11,10,11,14,15,9,13,10,7,19	0,0,0,0,0,0,0,1,0,0	109	75
3442	2,1,0,0,0,0,0,1,0,0	5,2,2,0,2,1,6,2,3,1	0,2,0,0,0,0,0,0,0,1	2,3,1,1,1,4,2,2,1,0	131	75
3443	12,19,13,9,19,25,18,14,14,12	3,0,3,5,1,1,0,0,3,2	15,20,16,23,18,16,25,17,28,15	0,2,2,3,1,1,2,4,0,1	99	75
3444	114,112,121,135,134,109,157,109,120,160	0,0,0,0,0,0,0,0,2,0	154,136,100,150,126,108,115,182,158,144	0,0,0,0,0,0,0,0,0,0	1746	75
3445	22,17,15,14,29,32,32,9,18,18	2,0,0,0,0,1,0,0,0,0	27,20,18,28,22,16,22,22,16,24	0,0,0,1,0,0,0,0,0,0	441	75
3447	13,14,6,4,9,6,4,6,5,5	10,13,12,8,4,12,5,15,4,10	12,4,3,6,5,6,5,5,12,7	11,7,15,9,7,10,19,9,16,11	191	75
3449	0,0,1,0,0,0,1,0,0,0	156,143,154,156,170,147,155,153,145,138	2,0,0,0,0,0,0,0,0,0	150,174,121,129,187,156,161,208,185,162	91	75
3450	233,190,176,171,218,229,225,224,199,224	0,0,1,0,0,0,0,0,1,0	217,226,207,219,214,185,178,222,242,218	0,0,0,0,0,0,0,0,0,0	3108	75
3451	253,211,196,186,240,253,247,238,219,249	0,0,0,1,0,0,0,0,0,0	240,252,228,239,236,206,201,233,270,243	0,0,0,0,0,0,0,0,0,0	3207	75
3452	20,21,21,15,22,24,22,14,21,25	0,0,0,1,0,0,0,0,0,0	23,26,21,20,22,21,23,11,28,25	0,0,0,0,0,0,0,0,0,0	174	75
3453	35,27,39,28,27,33,38,19,33,39	0,0,0,0,0,0,2,0,0,1	35,33,28,27,38,25,29,25,37,36	0,0,0,0,1,0,0,0,1,1	174	75
3454	86,96,65,74,78,63,82,74,65,112	0,1,0,0,0,1,0,0,0,0	85,79,70,79,87,73,83,74,114,75	0,0,0,1,0,0,0,0,0,0	152	75
3461	4,6,3,5,7,5,9,8,4,7	45,36,31,37,38,35,44,37,33,53	4,9,5,10,10,12,4,7,5,5	45,41,28,41,52,54,43,40,54,41	117	75
3462	0,0,0,1,0,0,0,0,0,0	0,0,0,0,0,0,0,0,0,0	0,0,0,0,0,1,0,1,0,0	0,0,1,0,0,0,0,0,0,0	79	75
3466	22,11,22,15,20,21,12,16,12,16	2,2,3,2,0,0,2,5,1,0	11,24,5,18,12,20,19,17,20,19	4,1,1,0,0,1,3,2,3,1	82	75
3467	0,0,0,0,0,0,0,0,0,0	22,12,13,12,17,20,18,13,19,16	0,0,0,0,0,0,1,0,0,1	12,13,15,15,18,21,8,28,14,10	214	75
3468	1,2,3,0,1,2,0,1,2,1	14,11,9,10,18,11,14,10,12,24	0,3,1,1,0,1,0,0,2,0	13,12,7,14,14,10,23,14,8,27	250	75
3469	8,3,0,3,0,4,2,7,2,10	21,16,10,16,14,18,14,21,14,13	2,3,5,4,0,4,7,3,7,10	16,13,10,9,11,12,12,12,11,10	78	75
3470	132,121,97,82,118,97,99,101,98,99	2,1,1,4,0,1,1,0,4,2	93,106,80,112,116,106,75,105,125,112	1,0,4,2,0,0,1,0,1,1	166	75
3471	5,1,3,2,6,5,5,6,3,8	52,62,50,46,52,41,52,40,48,53	10,4,7,7,6,7,10,5,7,6	50,46,25,49,61,53,49,57,69,36	174	75
3472	55,46,56,54,52,48,56,55,49,70	0,0,0,0,0,0,1,0,0,0	57,47,53,49,66,51,56,67,56,60	0,0,0,0,0,0,0,0,0,0	377	75
3473	5,13,16,13,13,15,11,7,10,10	0,2,0,1,1,0,1,1,2,0	11,8,6,7,12,14,10,3,3,9	1,2,0,0,0,0,2,3,1,1	79	75
3475	56,61,69,53,52,52,64,55,53,54	0,0,0,0,0,1,2,1,0,0	50,65,54,78,45,49,57,39,63,39	1,0,0,0,0,1,0,0,0,0	1110	75
3478	54,33,33,32,36,18,42,30,30,47	26,20,23,23,26,22,32,23,18,29	41,39,27,32,37,39,44,40,37,35	24,18,19,24,21,14,28,33,38,21	81	75
3479	407,359,352,382,362,336,364,306,427,393	3,0,0,0,0,0,0,0,0,0	374,395,340,365,420,371,396,370,378,311	0,0,0,0,0,0,0,0,0,0	507	75
3480	12,16,10,16,8,21,15,19,11,10	2,2,1,1,0,0,0,1,0,2	13,14,12,11,11,11,6,9,5,10	2,1,0,2,1,1,2,2,0,0	89	75
3481	0,0,1,1,0,0,1,0,1,0	5,1,3,3,3,0,4,1,3,3	0,1,1,0,1,0,0,2,0,0	4,6,1,3,3,6,0,4,5,2	186	75
3483	3,1,3,2,1,3,3,0,4,0	1,0,0,1,0,3,0,3,1,0	2,0,1,1,0,2,2,1,3,1	0,0,0,1,0,0,0,2,1,0	116	75
3484	7,2,5,2,2,3,4,0,4,3	1,0,0,1,0,3,0,3,1,0	4,1,1,1,0,4,3,5,4,4	0,0,0,1,0,0,0,2,1,0	113	75
3485	11,20,20,14,16,24,16,15,17,13	1,0,1,0,1,2,0,0,0,0	27,26,24,17,21,19,18,25,25,23	0,2,2,0,0,0,1,0,0,0	116	75
3486	6,4,4,4,6,15,15,6,9,9	117,118,91,97,125,92,130,116,101,92	4,13,6,7,6,4,8,9,11,11	107,126,108,128,99,127,135,106,124,98	102	75
3487	81,87,88,88,71,84,107,78,78,100	0,0,0,0,0,0,0,0,0,0	95,59,76,88,95,83,69,81,76,54	1,0,0,0,0,0,0,0,0,0	137	75
3488	30,32,29,29,33,16,34,26,19,13	38,25,20,41,31,29,32,29,11,23	20,28,21,29,23,25,29,28,36,30	23,30,23,37,29,39,43,22,23,12	132	75
3489	20,22,17,19,18,8,22,14,15,9	0,0,0,0,1,0,0,0,0,0	15,15,13,20,12,14,18,19,23,23	0,0,0,0,0,0,0,0,0,0	132	75
3490	0,0,0,0,0,0,0,0,0,1	0,0,0,0,0,0,0,0,0,0	1,0,1,0,0,0,1,1,2,0	0,0,1,0,0,0,0,0,0,0	128	75
3491	0,0,0,0,0,0,0,0,0,1	1,0,1,0,5,1,1,0,2,0	1,0,1,0,0,1,3,1,2,0	0,1,1,1,1,2,1,2,2,2	128	75
3493	22,19,25,18,32,31,25,18,27,25	69,52,52,34,52,53,47,45,38,41	20,19,27,17,14,19,35,28,21,28	51,69,50,49,40,37,54,58,63,60	78	75
3494	163,134,131,137,171,162,145,136,150,156	4,5,2,2,2,4,3,7,4,4	141,161,117,139,160,167,150,160,152,148	1,2,3,3,7,0,3,3,1,2	225	75
3495	210,167,158,153,191,184,167,163,161,172	4,5,2,2,2,4,3,7,4,4	172,211,140,171,186,185,169,190,194,180	1,2,3,3,7,0,3,3,1,2	222	75
3496	5,5,8,4,14,13,7,15,5,6	0,0,0,0,0,1,0,0,0,0	6,6,7,8,11,7,9,15,16,11	0,0,0,0,0,0,0,0,0,0	108	75
3499	4,1,6,6,5,11,3,8,4,7	9,6,7,6,5,10,4,4,6,11	3,8,9,3,1,3,6,7,5,5	6,8,4,12,6,9,6,6,10,5	93	75
3501	1,0,2,2,0,0,1,2,1,0	9,12,4,6,11,23,5,5,8,11	0,2,0,0,1,0,1,1,0,0	10,9,6,7,9,18,6,9,15,13	134	75
3502	23,24,16,21,27,18,26,24,17,19	2,4,1,6,5,5,0,6,2,4	15,20,20,29,13,18,21,16,18,24	9,4,4,6,5,7,4,2,0,3	108	75
3503	22,38,22,26,30,21,40,30,20,30	2,4,1,6,5,5,0,6,2,4	25,26,24,26,22,31,22,27,18,26	9,4,4,6,5,7,4,2,0,3	111	75
3504	15,28,10,9,13,10,26,12,11,21	16,14,4,4,10,7,12,6,8,10	14,11,12,16,14,23,12,15,6,12	4,5,8,19,5,10,11,4,6,10	78	75
3505	24,26,25,13,18,17,31,23,23,21	3,5,3,5,5,3,3,2,7,4	22,23,16,25,29,33,25,20,12,23	5,0,3,4,4,5,7,3,1,3	78	75
3507	32,35,42,29,25,21,30,30,28,22	0,0,0,0,0,0,0,0,0,0	29,39,27,33,23,30,19,26,33,29	0,0,0,0,0,0,0,0,3,0	108	75
3508	194,197,227,167,222,200,172,172,197,215	18,16,16,17,19,15,14,12,24,19	166,228,166,191,186,199,206,251,232,246	11,23,13,24,17,26,14,21,21,20	78	75
3509	2,11,6,5,6,5,2,8,4,7	6,8,5,3,0,2,3,3,2,6	12,8,6,9,5,3,7,8,17,4	7,5,6,6,5,4,4,4,1,2	354	75
3510	67,59,69,68,61,61,65,58,36,62	3,3,3,3,2,3,5,5,3,3	52,64,59,64,53,65,64,83,71,66	4,4,2,1,1,0,4,5,3,12	87	75
3511	7,9,5,5,4,4,8,5,0,5	31,26,31,22,16,15,26,25,29,40	5,8,12,5,8,6,1,2,4,3	36,31,25,20,29,33,18,34,27,19	179	75
3512	51,52,29,57,53,50,31,28,35,64	1,2,1,0,1,0,1,0,0,2	59,61,44,38,46,49,49,36,47,47	0,1,5,0,0,0,2,1,0,0	151	75
3514	248,239,233,218,252,247,240,256,246,215	0,0,0,0,0,0,0,0,0,0	245,264,211,224,267,264,262,226,212,211	0,0,0,0,0,0,0,0,1,0	251	75
3523	104,119,84,84,108,100,89,98,85,137	0,0,0,0,0,0,0,0,0,0	89,102,97,105,84,131,94,96,124,95	1,0,0,0,1,0,1,0,0,0	185	75
3525	76,93,65,62,65,53,69,70,72,76	0,0,1,0,0,0,0,0,0,0	58,62,70,62,54,61,59,77,69,74	0,0,0,0,0,0,0,0,0,0	297	75
3526	49,41,26,44,43,42,36,35,31,35	2,1,0,0,0,0,0,1,4,0	36,49,24,51,34,37,42,50,41,38	1,0,0,0,0,1,1,2,3,0	100	75
3527	57,57,42,60,39,32,47,45,41,50	0,0,0,0,1,2,0,0,1,0	43,67,38,48,39,66,37,64,44,49	1,0,0,2,0,1,0,0,1,2	136	75
3528	41,31,32,26,36,28,34,34,34,33	0,1,0,1,1,1,0,2,2,3	41,33,36,38,33,34,38,37,44,36	1,1,0,1,1,0,0,2,2,1	151	75
3529	328,339,287,297,292,334,304,288,339,338	1,0,1,0,1,0,3,0,0,2	319,297,279,318,290,333,324,308,294,314	0,1,2,0,0,1,1,1,0,0	210	75
3530	62,75,80,78,77,61,84,49,75,105	295,324,252,274,259,299,261,260,281,333	95,83,67,76,91,69,84,82,85,83	305,262,255,268,275,316,274,318,353,310	78	75
3531	5,0,3,2,3,0,3,4,2,2	4,1,4,1,4,5,4,4,2,3	3,1,1,1,0,2,1,2,3,1	4,4,6,5,2,2,4,2,4,2	78	75
3532	17,20,16,23,16,8,7,22,12,14	0,0,0,0,0,0,0,0,0,0	25,17,24,15,21,12,11,17,14,16	0,0,0,1,0,0,0,0,0,0	233	75
3533	3,1,1,0,0,1,1,3,1,2	7,3,6,7,6,3,5,3,4,4	0,2,0,0,0,1,0,1,0,0	5,11,13,1,3,1,2,2,3,4	78	75
3535	37,48,28,32,28,18,38,36,29,32	12,13,8,7,6,9,12,11,16,10	35,43,38,35,30,34,41,28,35,26	12,16,16,6,17,9,13,9,8,6	78	75
3536	2,0,3,3,2,1,0,6,3,1	18,19,15,16,19,17,19,17,19,20	0,5,3,2,2,3,0,1,2,3	14,16,20,19,19,15,10,24,13,24	191	75
3537	41,35,30,28,39,36,42,50,25,41	1,2,1,0,3,3,3,3,1,0	25,60,24,26,32,20,30,31,23,21	1,1,1,1,1,2,0,1,2,0	79	75
3538	1,1,1,2,1,1,3,2,3,3	1,0,0,1,0,0,0,1,1,1	2,3,1,2,1,3,2,3,0,2	0,2,0,0,0,0,1,0,0,1	93	75
3539	62,51,68,51,58,44,72,53,52,53	9,13,8,11,10,13,12,10,11,11	55,72,52,78,75,48,59,51,65,50	10,14,7,8,11,12,10,14,12,14	78	75
3543	0,0,0,0,1,0,0,0,1,0	92,68,95,92,99,92,97,74,97,112	0,0,0,0,0,0,1,0,0,0	88,106,75,85,102,85,78,104,116,111	134	75
3544	5,7,3,2,2,9,5,4,5,6	1,0,0,0,0,0,0,0,0,0	5,2,0,3,7,2,3,11,6,10	0,0,0,0,0,0,0,3,0,1	79	75
3546	2,0,0,0,1,1,1,0,0,0	0,0,0,0,0,0,1,1,2,0	0,0,0,0,0,0,1,0,0,1	0,0,0,0,0,1,0,0,0,0	79	75
3547	11,8,0,8,3,7,8,5,6,4	4,2,2,2,1,4,7,6,9,6	4,7,9,1,7,9,6,6,6,6	2,3,3,4,3,1,8,4,6,6	82	75
3548	22,27,18,32,18,21,27,18,22,25	25,16,25,25,22,22,20,24,22,21	27,32,14,25,26,32,20,18,23,22	20,20,17,16,16,23,29,15,24,22	78	75
3549	58,59,57,60,76,78,73,60,75,65	1,0,1,0,0,0,1,0,1,0	77,67,65,90,61,80,71,74,80,87	0,0,0,0,0,0,0,0,0,0	128	75
3550	0,0,0,0,0,1,0,0,0,0	15,7,14,5,13,7,6,6,13,8	0,0,0,0,0,0,0,0,0,0	10,17,15,19,17,13,16,11,30,3	93	75
3551	0,4,0,0,2,1,3,3,0,0	11,13,6,6,5,13,12,6,4,14	3,0,1,2,0,0,0,2,1,2	9,3,9,13,6,12,14,6,7,4	505	75
3552	7,14,12,11,14,5,7,13,6,6	0,2,1,0,3,1,0,1,0,0	8,14,9,11,10,9,5,23,14,26	0,4,0,0,1,1,0,0,0,0	78	75
3553	0,0,0,1,1,0,0,0,0,0	0,0,0,0,0,0,0,0,0,0	0,0,0,0,0,0,0,0,0,0	0,0,0,0,0,1,0,0,0,0	78	75
3554	12,14,11,7,11,11,14,19,9,14	55,49,48,46,44,40,54,52,39,46	10,10,6,14,5,7,8,5,13,10	50,51,39,41,38,48,26,49,49,46	136	75
3555	56,30,44,31,37,43,37,33,27,52	2,0,1,0,0,1,0,0,0,1	40,55,51,54,41,46,36,50,41,46	0,1,3,0,2,0,0,0,0,0	156	75
3556	27,21,21,18,19,26,17,21,11,35	0,2,0,0,0,0,0,0,0,0	22,29,33,25,20,27,21,29,27,31	0,0,0,0,0,0,0,0,0,0	156	75
3557	108,119,91,87,101,77,125,103,96,90	2,1,1,4,2,0,5,5,0,1	108,100,100,99,92,109,87,73,91,97	4,2,4,5,2,0,1,6,4,2	266	75
3559	16,14,15,14,21,15,19,20,20,20	0,0,0,0,0,0,0,0,0,0	17,12,13,12,28,16,18,10,17,17	0,0,1,0,0,0,0,0,0,0	80	75
3560	17,26,19,19,20,12,20,21,16,29	36,25,19,26,31,14,20,23,36,27	12,18,15,14,24,19,24,21,22,20	24,23,32,12,23,25,22,29,23,19	78	75
3561	2,2,1,1,0,1,1,2,1,1	26,17,34,31,30,25,47,28,21,23	0,0,1,0,1,1,0,3,0,3	36,30,26,33,26,34,37,20,21,24	98	75
3562	0,1,0,2,0,1,5,0,0,2	27,29,26,26,22,29,41,27,24,28	0,0,0,1,0,1,0,0,2,0	21,30,27,28,35,40,30,40,37,25	97	75
3563	45,49,44,24,51,32,44,37,27,46	3,1,2,1,1,4,0,0,0,0	48,54,37,45,44,45,35,52,47,28	0,5,2,1,0,1,1,1,2,2	119	75
3564	50,31,46,29,38,23,37,31,37,43	5,5,3,3,4,6,3,5,1,4	42,36,31,29,27,40,38,45,33,27	6,2,8,8,10,7,3,6,1,3	87	75
3566	40,18,34,32,61,38,41,39,39,49	0,0,0,0,0,0,4,0,1,1	47,31,36,43,33,35,29,47,41,29	0,2,1,0,2,0,2,1,0,0	664	75
3568	2,2,4,1,4,9,13,1,7,6	3,11,4,7,1,4,6,7,3,6	10,10,7,7,5,13,4,7,8,7	6,0,5,2,3,3,1,5,2,1	319	75
3569	2,0,0,0,0,0,1,0,0,1	1,0,1,1,0,2,2,0,0,1	2,0,0,2,0,0,0,0,0,0	2,0,2,1,2,1,0,0,0,0	143	75
3570	714,833,798,849,779,452,586,719,531,828	1,0,0,0,0,0,0,0,0,0	983,758,663,669,778,860,964,806,750,553	0,1,0,0,0,0,0,0,0,0	297	75
3571	3,1,3,1,0,2,1,1,2,1	2,1,2,5,1,3,2,2,2,8	4,3,3,2,3,6,0,2,2,3	6,7,4,2,6,3,2,1,5,4	113	75
3573	0,1,1,0,1,1,1,2,0,0	2,1,0,2,2,0,5,1,1,4	0,0,0,0,3,0,0,0,0,0	3,1,0,1,0,0,3,1,1,2	274	75
3574	80,77,64,58,71,80,89,82,92,99	0,0,0,0,0,0,1,0,0,0	88,64,80,65,62,86,92,100,95,75	0,0,0,0,0,0,1,0,1,0	139	75
3575	0,0,0,0,2,0,0,0,0,0	3,7,2,1,4,1,7,5,0,5	0,0,1,0,0,0,0,0,0,0	1,5,1,3,3,5,1,2,3,3	106	75
3576	4,2,7,4,3,3,2,0,1,4	0,3,1,0,0,0,1,1,1,3	1,2,4,0,2,4,0,4,2,4	0,0,0,0,1,0,1,1,0,1	158	75
3580	6,3,6,4,5,2,4,4,5,3	16,8,14,12,11,9,15,11,6,16	4,4,2,10,2,5,5,3,5,5	13,10,18,14,9,7,19,6,13,10	90	75
3582	1,3,1,0,2,2,2,3,2,0	49,62,46,62,43,72,53,54,48,51	2,2,3,2,1,2,0,1,1,5	60,52,57,39,47,60,51,46,64,68	85	75
3583	1,1,0,0,1,0,0,2,0,0	0,0,0,0,0,0,0,0,0,0	0,1,2,0,0,0,0,0,0,1	0,0,0,0,0,0,0,0,0,1	85	75
3584	64,73,56,62,54,73,58,48,71,64	0,0,0,0,0,0,0,0,0,0	78,61,68,63,41,65,51,61,70,82	0,0,0,0,0,0,0,0,0,1	1108	75
3585	63,72,56,62,53,73,58,46,71,64	0,0,0,0,0,0,0,0,0,0	78,60,67,63,41,65,51,61,70,81	0,0,1,0,0,0,0,0,0,0	1098	75
3586	0,3,0,0,3,0,3,0,2,4	12,15,11,16,7,9,17,16,14,7	3,1,0,0,2,1,0,0,1,1	12,18,10,15,23,11,16,10,12,11	86	75
3587	3,4,3,1,4,3,8,2,3,7	178,155,126,135,143,121,165,125,123,169	5,6,6,0,4,1,4,6,8,5	152,150,145,135,139,163,160,162,174,142	100	75
3588	15,16,14,17,8,12,22,18,15,10	178,155,126,135,143,121,165,125,123,169	14,23,16,15,25,11,20,16,19,15	152,150,145,135,139,163,160,162,174,142	89	75
3589	28,57,42,41,40,17,17,30,17,51	2,2,2,1,3,3,3,2,4,0	53,45,37,33,36,31,38,47,45,44	3,3,1,0,1,3,1,1,4,5	87	75
3590	46,42,17,25,23,28,26,47,25,30	9,15,3,8,5,9,18,10,7,6	42,29,20,36,15,31,27,33,26,27	12,11,12,14,5,15,12,9,7,14	222	75
3591	46,42,17,25,23,29,26,47,25,30	31,38,13,18,12,17,23,18,7,14	43,29,20,36,15,31,27,33,26,28	19,16,9,25,17,24,21,20,18,15	225	75
3592	9,15,3,8,5,10,18,10,7,6	31,38,13,18,12,17,23,18,7,14	13,11,12,14,5,15,12,9,7,15	19,16,9,25,17,24,21,20,18,15	78	75
3593	0,0,2,1,1,0,0,0,0,0	110,86,75,75,91,86,110,88,89,129	2,1,1,0,2,0,0,1,1,1	102,81,76,82,93,107,75,103,103,137	88	75
3594	1,3,1,4,1,3,5,6,7,2	54,45,26,52,52,45,39,45,32,46	8,2,2,8,5,8,2,4,5,5	63,61,29,38,39,50,47,56,50,51	100	75
3595	103,106,92,96,93,97,106,106,80,118	0,0,1,0,0,0,0,0,0,0	114,106,66,102,99,97,90,101,120,109	0,0,0,0,0,0,0,0,0,0	1159	75
3598	0,0,0,0,0,1,0,0,0,0	1,3,0,0,0,0,0,0,1,0	0,0,0,0,0,0,0,0,0,0	0,0,0,1,0,1,1,0,2,0	111	75
3599	1,1,1,0,0,1,0,1,0,0	21,16,19,15,20,27,12,23,17,12	0,1,0,2,0,1,0,4,0,2	22,24,25,17,19,30,26,30,27,26	90	75
3601	19,3,7,4,9,14,11,10,7,3	38,43,46,35,42,41,55,39,24,44	14,6,5,6,7,12,8,7,8,4	32,46,35,48,38,48,50,44,44,34	135	75
3605	8,16,8,23,16,14,16,15,12,14	18,18,12,17,17,13,25,21,21,21	25,24,10,17,14,11,21,16,14,29	21,18,15,19,15,18,19,35,33,17	78	75
3607	203,236,198,188,191,196,214,159,141,216	192,218,173,174,179,172,210,160,186,213	207,201,216,176,195,207,200,188,236,174	185,169,167,184,193,163,166,170,198,176	93	75
3608	230,242,203,177,178,196,209,174,197,214	111,98,91,78,96,80,91,84,75,132	209,176,170,218,215,221,227,240,208,215	103,100,70,83,94,88,94,111,108,78	120	75
3609	156,164,169,143,129,115,162,128,131,126	37,43,34,41,40,30,38,35,40,36	179,142,135,161,142,151,143,149,159,157	45,55,33,43,30,37,32,42,32,32	78	75
3610	0,0,0,0,0,1,1,1,0,0	1,0,0,0,0,0,0,0,0,0	0,0,0,0,0,0,0,1,0,0	0,0,0,1,0,0,1,0,0,0	78	75
3617	6,2,6,2,4,1,2,6,3,7	3,8,2,3,0,7,7,6,8,8	6,6,3,5,8,5,5,5,6,3	7,2,7,4,10,5,6,2,2,2	78	75
3618	4,2,6,4,2,3,1,6,4,7	0,0,0,0,0,0,0,0,0,0	9,5,6,5,5,2,5,5,4,5	0,0,0,0,0,0,0,0,2,0	127	75
3619	1,0,1,0,0,1,0,0,0,0	1,7,3,1,2,1,1,1,1,3	0,3,0,0,0,1,1,0,1,0	0,0,2,1,0,0,2,0,4,1	78	75
3620	7,4,2,3,1,5,1,3,2,6	21,11,18,17,20,12,26,20,18,14	3,3,3,4,2,1,6,3,5,9	14,17,11,18,15,15,12,13,14,9	78	75
3621	33,25,21,13,25,15,23,10,21,18	0,0,0,0,1,1,0,0,0,1	11,36,15,21,19,17,24,28,21,17	0,1,0,0,0,0,0,1,0,1	79	75
3625	0,0,0,0,0,0,2,0,0,1	44,48,49,37,40,31,38,45,32,70	1,0,0,0,0,0,0,1,1,0	40,42,39,44,50,44,50,62,52,63	158	75
3634	1,3,0,5,3,2,0,4,3,1	1,2,2,4,1,1,2,2,0,5	6,0,0,5,0,3,1,1,3,1	0,0,2,4,3,1,2,2,1,2	78	75
3635	28,24,23,23,18,24,22,15,11,15	0,0,0,0,0,2,0,0,0,1	20,28,26,23,26,15,30,20,27,18	0,0,0,0,0,0,0,1,0,0	108	75
3636	16,19,19,12,10,10,12,11,18,15	6,3,2,4,1,2,0,4,7,5	13,15,7,24,10,15,15,11,18,14	2,1,0,8,4,4,1,2,3,3	78	75
3637	0,0,1,0,0,1,0,0,3,1	0,1,0,0,0,0,0,0,0,0	0,0,0,0,0,1,1,0,0,1	0,0,0,0,0,0,0,0,0,0	78	75
3638	115,122,118,99,119,111,127,101,108,131	4,4,6,4,3,0,4,3,4,2	98,117,96,117,126,118,105,91,119,94	3,6,2,4,1,5,0,3,3,3	116	75
3641	170,165,120,129,122,107,175,141,117,144	0,0,0,0,0,0,1,0,0,0	133,128,109,141,131,146,131,131,137,88	0,0,0,0,0,0,0,0,0,0	586	75
3642	30,24,20,15,14,26,23,20,13,18	10,3,2,5,3,8,10,6,4,6	28,16,14,29,8,21,19,17,13,19	9,2,1,13,5,5,4,0,9,3	132	75
3643	3,2,0,0,0,0,1,0,0,1	0,2,0,0,2,2,1,3,2,1	2,0,1,0,1,1,1,0,0,0	3,3,0,0,3,0,1,0,2,1	161	75
3644	85,93,74,69,80,76,85,78,73,76	0,0,0,0,0,0,0,0,0,0	94,89,65,84,88,85,95,78,84,90	0,0,0,0,1,0,0,0,0,0	80	75
3645	2,0,0,0,0,0,0,0,0,0	46,45,32,24,27,45,45,36,32,34	2,1,1,2,0,0,0,0,0,0	34,36,30,36,40,36,37,36,52,28	155	75
3646	168,172,150,142,160,146,153,122,107,144	0,1,0,1,0,0,0,0,0,0	149,136,131,135,129,169,142,129,133,130	0,0,0,0,0,1,0,1,0,0	271	75
3647	0,1,1,1,1,0,0,0,4,1	0,0,0,0,1,0,0,0,0,0	2,0,0,3,2,0,0,0,2,0	0,0,0,1,0,0,0,0,0,0	79	75
3648	33,16,20,14,24,19,22,25,23,27	2,1,2,0,1,0,0,1,0,0	21,24,25,16,22,17,28,29,40,28	1,1,0,0,1,0,0,0,1,0	105	75
3649	53,30,36,42,39,47,56,40,39,35	29,13,7,14,14,10,9,11,10,13	45,42,41,59,54,39,37,39,39,35	14,16,14,13,17,9,6,10,8,15	78	75
3650	25,16,18,28,23,26,26,12,21,20	0,0,0,0,0,1,0,0,0,0	22,29,24,13,15,29,23,24,25,32	0,0,0,0,0,1,1,0,0,0	179	75
3651	56,68,48,76,67,67,78,59,61,72	2,2,0,1,0,1,2,0,0,2	73,70,50,59,60,53,43,83,81,69	1,2,0,0,0,0,0,0,2,2	214	75
3655	45,55,34,33,46,45,37,49,40,46	1,1,2,1,1,1,2,1,1,2	44,35,34,36,39,49,46,57,51,58	4,1,2,1,1,0,2,7,3,0	96	75
3656	5,0,2,2,0,0,1,6,1,2	0,0,0,1,0,0,2,0,0,2	4,1,1,1,0,0,2,0,0,0	0,0,1,0,0,1,0,0,0,1	150	75
3657	7,6,11,5,12,7,4,6,6,3	18,10,25,16,16,18,15,9,8,17	8,18,16,10,9,6,8,12,15,11	17,45,24,16,15,9,14,23,25,14	78	75
3658	1,0,0,0,0,0,0,0,0,0	0,0,0,0,0,0,0,2,0,0	0,1,0,0,0,0,0,3,0,0	0,0,0,0,0,0,0,0,0,0	78	75
3659	54,58,82,55,90,39,69,42,47,122	108,94,109,73,133,72,107,79,101,201	73,53,47,38,64,59,53,56,42,44	112,85,73,49,121,106,84,63,81,83	78	75
3662	5,5,2,7,6,3,0,5,3,4	5,2,5,4,5,4,4,5,4,7	4,2,4,8,5,3,1,6,1,2	3,0,5,3,3,2,2,2,6,3	78	75
3665	11,16,5,5,3,5,9,14,6,4	3,9,4,5,5,7,8,6,2,10	10,13,7,5,9,5,8,5,11,9	7,9,5,12,8,5,6,7,5,2	99	75
3667	97,95,87,98,85,84,86,82,92,99	19,19,16,22,16,18,16,24,15,14	77,95,90,103,94,99,80,94,88,69	16,17,9,17,19,14,16,27,15,16	78	75
3668	519,500,383,392,436,410,451,467,402,541	0,2,2,0,0,2,1,0,0,1	514,517,395,452,426,477,422,504,525,490	1,1,0,1,0,0,0,0,1,0	326	75
3672	0,0,0,0,0,0,1,0,0,0	0,0,0,0,0,0,0,0,1,0	0,0,0,0,0,0,0,0,0,0	0,0,1,1,0,0,0,0,1,0	176	75
3673	31,26,21,28,42,23,39,39,20,35	36,31,22,30,31,22,22,25,20,34	28,38,20,38,36,46,26,33,38,48	30,33,29,31,42,18,21,27,26,26	129	75
3674	5,3,8,2,2,3,5,5,3,7	84,76,60,56,80,69,91,49,58,68	3,3,5,0,9,6,8,3,7,4	65,78,74,71,75,70,67,73,87,51	120	75
3675	5,3,8,2,2,3,5,5,3,7	5,6,7,4,8,6,9,2,11,8	3,3,5,0,9,6,8,3,7,4	11,6,2,9,13,4,6,10,9,7	122	75
3676	84,76,60,56,80,69,91,49,58,68	5,6,7,4,8,6,9,2,11,8	65,78,74,71,75,70,67,73,87,51	11,6,2,9,13,4,6,10,9,7	77	75
3683	55,92,76,60,76,66,72,54,63,77	1,2,1,0,2,1,0,0,1,0	56,70,74,70,72,61,66,84,83,87	1,1,0,0,0,1,1,3,0,0	105	75
3685	30,26,29,26,18,40,32,19,33,25	68,61,54,50,55,57,49,52,57,57	39,18,26,30,26,27,27,23,36,28	60,51,43,53,54,49,59,65,55,44	78	75
3686	3,6,4,6,6,6,9,3,5,7	73,84,70,75,72,84,82,86,82,83	10,7,8,14,11,10,8,5,8,8	53,66,66,78,87,91,65,80,73,81	288	75
3687	184,160,131,142,141,125,150,166,154,145	0,0,2,0,0,0,0,0,0,0	154,161,144,143,165,140,153,136,146,125	0,0,0,0,0,0,0,0,0,0	582	75
3688	1,0,0,0,1,1,0,1,0,0	67,74,61,55,69,51,76,71,58,60	0,1,0,0,0,0,0,0,0,0	50,69,61,76,61,62,74,48,72,42	94	75
3689	2,3,5,2,1,3,0,1,0,0	102,107,96,89,84,87,97,100,56,88	0,4,5,2,1,2,3,1,1,1	80,99,68,121,93,113,106,90,114,80	146	75
3691	19,14,22,25,20,25,16,19,13,27	0,0,0,0,2,0,1,0,0,0	25,16,12,10,13,13,28,11,13,18	0,0,0,0,0,0,1,1,0,0	92	75
3692	5,7,2,4,5,1,8,4,4,2	39,52,32,56,49,46,35,44,47,53	5,2,1,6,3,2,3,4,8,4	47,50,30,37,48,45,45,55,62,49	264	75
3695	50,51,44,45,50,39,46,41,25,49	0,0,0,0,1,0,0,0,0,0	55,41,45,29,32,37,56,62,62,58	0,0,0,0,0,0,0,0,0,0	159	75
3696	30,44,34,25,37,28,19,29,26,33	1,1,4,2,3,4,1,4,1,2	35,27,35,31,31,32,42,54,49,41	0,0,1,2,5,4,0,1,2,3	100	75
3697	5,13,6,3,11,5,5,7,6,5	2,2,1,0,1,0,1,0,1,1	4,8,1,3,7,4,4,6,3,5	0,1,0,1,0,1,0,0,0,0	96	75
3698	10,4,3,4,3,4,2,4,4,6	25,22,13,14,22,25,21,12,28,22	7,6,4,4,6,9,2,7,0,5	29,19,16,20,26,15,14,30,14,20	174	75
3699	0,0,1,0,1,2,0,2,0,0	5,12,5,9,10,11,3,7,12,5	2,0,2,1,0,0,1,4,2,3	9,8,8,4,15,10,9,9,10,4	94	75
3700	45,42,33,38,45,38,39,50,34,41	0,0,1,1,0,0,0,0,0,0	44,42,36,45,50,37,44,60,66,55	0,1,5,0,1,0,2,0,0,1	502	75
3701	4,4,4,3,0,2,5,1,0,1	6,4,7,2,1,2,5,2,6,3	4,1,5,8,1,2,3,2,3,3	3,3,7,0,5,6,0,2,2,3	108	75
3702	113,128,100,103,118,117,114,124,90,111	3,8,8,5,5,7,7,7,5,7	111,115,125,98,117,103,100,113,118,112	6,9,6,5,10,6,5,11,8,6	78	75
3704	16,28,23,24,15,26,15,26,26,28	0,1,0,0,0,0,0,0,1,0	28,29,15,25,21,19,24,31,25,14	0,0,0,0,0,0,0,0,0,0	79	75
3705	42,40,28,26,32,32,43,46,21,39	0,0,0,0,0,0,0,0,0,0	41,53,40,37,45,36,33,50,41,30	0,0,0,0,1,0,0,0,0,1	172	75
3706	2,2,0,1,2,5,0,1,0,0	20,25,23,27,18,25,22,17,21,30	0,0,2,0,3,0,1,1,0,0	18,27,20,23,13,14,24,21,16,31	106	75
3707	209,176,176,146,232,232,178,189,180,259	10,6,3,8,5,7,6,1,4,2	205,139,193,165,226,140,192,193,213,168	2,4,4,1,6,4,3,8,7,0	159	75
3708	0,0,0,0,1,0,0,1,0,0	0,0,1,0,0,0,0,0,2,0	0,0,0,0,0,0,0,0,0,0	0,1,2,0,0,0,0,0,0,0	78	75
3709	0,4,1,0,2,3,1,0,0,1	105,108,84,68,90,86,114,78,80,101	3,1,1,2,3,0,1,0,1,0	93,76,81,86,69,85,91,120,94,109	93	75
3710	328,291,233,262,323,324,235,245,291,385	0,1,0,3,1,0,0,2,0,2	374,296,369,304,363,300,249,372,347,279	0,1,1,0,1,0,0,1,0,0	1107	75
3711	0,0,0,0,0,0,0,0,0,1	113,101,93,88,85,114,112,94,107,98	0,0,0,2,0,0,1,0,1,0	114,94,88,114,116,87,98,111,123,113	90	75
3714	3,1,1,5,7,1,2,0,3,5	6,3,2,0,1,7,3,1,4,3	2,3,1,1,5,5,5,6,3,1	4,1,4,2,1,1,4,4,2,4	78	75
3715	1,5,3,2,4,3,2,0,5,2	6,3,2,0,1,7,3,1,4,3	2,1,1,2,0,4,1,3,1,0	4,1,4,2,1,1,4,4,2,4	133	75
3716	1,5,3,1,4,3,2,0,5,2	3,1,1,4,7,1,2,0,3,5	2,1,1,2,0,4,1,3,1,0	2,3,1,1,5,5,5,6,3,1	130	75
3717	58,51,47,37,37,32,55,41,54,89	11,10,12,16,9,9,9,7,11,12	57,50,76,36,62,33,46,56,61,40	8,11,11,6,8,11,9,12,8,4	1086	75
3720	0,0,1,0,1,0,1,0,1,1	14,10,13,9,11,13,7,10,12,17	1,0,0,0,0,0,0,1,0,1	16,13,10,11,9,5,12,16,9,15	79	75
3722	30,37,33,35,33,35,34,32,22,37	0,0,1,1,2,1,3,3,1,2	36,29,31,30,31,35,43,38,39,20	1,0,0,0,1,1,3,0,1,0	471	75
3723	103,76,68,75,81,63,101,77,71,98	0,0,0,0,0,0,0,0,0,0	83,70,100,83,77,77,78,81,102,68	0,0,0,0,0,0,0,1,0,0	703	75
3724	25,17,2,7,23,18,31,19,14,21	0,1,1,3,1,1,2,1,3,1	21,11,17,18,18,13,18,29,20,22	4,0,0,0,1,4,0,9,1,2	1976	75
3725	2,2,3,3,1,0,2,0,1,1	256,254,228,228,265,236,284,250,197,302	1,2,0,0,1,5,0,1,0,3	276,240,244,265,241,252,253,277,298,269	95	75
3727	60,71,62,46,58,41,73,48,55,69	82,71,65,73,64,71,74,63,51,105	79,52,61,69,51,61,59,89,91,62	103,67,62,50,90,66,66,67,76,47	99	75
3730	24,22,19,14,15,15,24,22,24,22	0,0,0,0,0,0,0,0,1,0	25,9,16,21,21,16,21,18,27,28	0,0,0,0,0,0,0,0,0,0	958	75
3731	0,3,6,2,5,0,5,3,3,0	45,46,47,47,50,47,41,34,51,58	0,3,3,4,1,2,2,2,2,1	49,33,43,48,69,47,52,34,65,57	111	75
3732	71,51,48,61,54,56,69,65,59,58	1,0,1,0,0,0,1,1,0,0	69,52,50,59,41,63,58,67,64,53	0,0,0,0,0,0,1,0,1,0	106	75
3733	10,11,4,10,3,6,13,10,5,8	52,64,57,62,60,55,63,48,35,60	8,10,5,2,4,12,5,9,7,6	53,60,45,68,54,58,70,67,42,48	93	75
3735	1,3,0,1,1,2,2,2,8,4	54,57,41,60,45,42,37,49,46,57	1,3,0,3,6,0,5,2,5,4	68,55,42,46,67,37,50,66,56,40	192	75
3737	3,3,2,6,13,4,4,6,8,5	41,29,44,24,23,39,44,30,17,32	6,6,5,5,4,6,3,6,7,10	32,33,22,29,39,29,20,37,37,35	78	75
3738	18,10,19,24,37,20,22,22,23,26	2,2,1,0,3,2,2,1,3,5	20,25,9,21,26,27,11,19,24,11	1,3,1,3,1,4,0,1,0,1	102	75
3739	0,0,1,1,0,0,0,1,0,0	4,4,5,2,2,3,5,6,4,4	1,0,0,0,0,0,0,2,0,0	3,8,4,6,5,9,5,7,7,2	91	75
3740	106,123,76,103,100,84,98,125,68,86	0,0,0,0,0,0,1,0,0,0	107,96,88,104,67,122,81,92,96,104	0,0,0,0,0,0,0,0,0,0	233	75
3742	1,1,1,0,0,0,0,1,0,1	0,3,0,0,0,0,0,0,0,0	2,2,0,0,0,0,0,0,0,0	0,0,0,0,0,0,0,0,0,0	250	75
3743	0,0,1,0,0,0,0,1,0,1	0,0,0,0,0,0,1,0,0,0	2,2,0,0,0,0,0,0,0,0	0,0,0,0,0,0,0,0,0,0	250	75
3744	23,22,27,32,31,26,31,30,26,23	0,3,0,0,2,1,0,1,1,3	33,46,21,27,28,19,27,38,40,34	1,1,1,0,0,1,0,0,1,1	133	75
3745	43,39,29,39,34,41,35,50,26,35	0,0,0,0,1,0,0,0,0,0	37,44,38,43,39,52,40,46,46,50	0,0,0,0,0,0,0,0,0,0	742	75
3746	38,38,20,31,30,27,31,36,26,32	0,0,2,1,0,1,2,1,1,0	30,31,25,33,21,29,19,33,38,33	0,0,0,0,0,0,0,1,0,0	78	75
3747	0,0,0,1,0,0,1,0,0,2	2,0,0,0,0,0,0,0,0,0	0,0,0,0,0,1,0,1,0,1	0,0,0,0,0,1,0,0,0,0	154	75
3751	55,53,43,64,53,56,58,48,46,68	3,0,1,4,3,4,0,0,2,2	61,71,63,74,45,73,53,68,73,48	2,2,2,3,0,1,1,2,1,1	166	75
3753	94,116,84,78,71,90,100,98,85,95	0,0,0,0,0,0,0,0,0,0	126,82,83,74,106,92,86,105,113,113	0,0,0,0,0,0,0,1,0,0	76	75
3754	51,37,44,55,45,42,51,41,60,62	0,0,0,0,0,0,0,0,0,0	57,45,56,54,53,53,57,70,62,60	1,0,0,0,0,0,0,0,0,1	764	75
3757	22,22,9,25,25,13,24,19,18,23	6,4,1,2,9,3,6,5,4,7	24,23,19,18,14,18,21,23,12,20	0,5,3,1,5,3,10,11,5,7	150	75
3758	23,22,10,26,25,14,24,19,18,23	2,1,4,1,3,3,4,0,0,3	24,24,19,19,15,18,21,23,12,20	4,4,3,2,2,0,3,2,6,3	153	75
3759	7,7,3,12,13,4,11,7,11,12	6,4,1,2,9,3,6,5,4,7	12,7,11,9,4,10,8,6,1,7	0,5,3,1,5,3,10,11,5,7	124	75
3760	8,7,4,13,13,5,11,7,11,12	2,1,4,1,3,3,4,0,0,3	12,8,11,10,5,10,8,6,1,7	4,4,3,2,2,0,3,2,6,3	127	75
3761	7,4,2,3,9,4,6,5,4,7	2,1,4,1,3,3,4,0,0,3	0,6,3,2,6,3,10,11,5,7	4,4,3,2,2,0,3,2,6,3	78	75
3762	2,0,1,0,0,0,0,0,0,0	0,1,0,0,0,0,0,0,0,0	1,0,2,0,0,0,0,0,0,0	0,0,0,0,0,0,0,0,0,0	80	75
3763	31,18,24,24,21,33,25,18,14,25	0,0,0,0,0,0,0,0,1,0	30,27,18,26,32,37,25,28,25,15	0,0,0,0,0,0,0,0,0,0	918	75
3764	58,80,57,61,74,64,60,58,64,72	2,4,0,0,1,1,0,0,1,2	63,67,53,67,62,64,67,59,76,71	1,1,0,0,0,0,0,0,1,2	112	75
3765	135,143,116,111,149,100,140,124,127,137	0,0,0,0,1,2,1,2,0,0	121,149,133,125,121,129,140,137,125,139	0,0,0,0,0,2,1,0,0,0	118	75
3766	39,28,24,30,29,16,39,27,13,34	0,0,0,0,0,0,0,0,0,0	32,16,28,30,22,27,27,18,19,7	0,0,0,0,0,0,0,0,2,0	118	75
3769	4,1,0,0,0,3,0,0,0,1	237,215,211,228,233,232,239,184,185,286	1,1,3,0,3,2,2,1,3,1	237,239,224,221,241,187,231,240,324,282	99	75
3770	0,2,5,1,0,2,0,2,1,6	346,345,406,317,338,291,318,298,276,415	3,0,4,4,1,1,1,4,4,4	324,338,310,333,340,353,348,378,367,367	85	75
3772	2,4,2,2,1,1,2,3,1,0	7,5,7,11,4,5,13,7,12,13	0,4,1,1,2,8,3,2,0,0	6,4,11,13,10,7,11,6,7,2	89	75
3773	11,17,8,12,13,19,13,12,9,10	23,22,28,25,26,23,35,30,15,31	9,14,7,8,12,19,15,15,14,5	30,20,22,18,32,35,22,16,22,25	194	75
3774	16,18,13,21,16,23,24,16,20,23	23,22,28,25,26,23,35,30,15,31	15,14,17,20,20,18,23,19,21,7	30,20,22,18,32,35,22,16,22,25	180	75
3775	2,2,2,1,1,1,2,3,9,5	0,0,0,1,1,0,0,3,1,0	2,3,4,1,3,2,1,0,3,6	1,1,1,3,0,0,0,0,1,1	90	75
3776	8,9,3,7,8,2,4,4,7,9	0,0,0,0,0,1,0,0,0,0	4,8,5,16,5,8,6,2,13,3	0,0,0,0,0,1,0,0,0,0	79	75
3778	1,1,3,3,1,4,2,1,2,1	0,0,0,0,0,0,0,0,0,0	0,0,3,1,0,1,1,3,4,2	2,2,0,0,0,2,0,0,1,0	133	75
3781	0,0,0,0,0,0,0,0,0,0	0,0,0,0,1,0,0,0,1,1	0,2,0,0,0,0,0,0,0,0	0,0,1,0,2,0,1,1,0,1	114	75
3782	37,30,39,33,40,41,31,35,24,24	0,2,1,1,0,0,0,0,1,0	29,25,42,35,42,35,34,24,32,29	0,1,1,0,0,3,1,3,0,1	138	75
3783	47,55,38,37,59,48,41,50,54,39	0,0,1,0,0,1,1,0,0,3	40,54,36,48,36,35,48,49,49,62	2,2,1,0,1,0,0,1,2,0	154	75
3784	52,59,43,42,63,57,44,53,57,44	0,0,0,0,3,1,3,0,0,0	46,65,41,57,40,41,53,62,58,69	0,0,0,0,0,0,0,0,0,0	177	75
3785	5,4,6,5,4,10,4,3,3,8	0,0,0,0,3,1,3,0,0,0	8,13,6,9,5,6,5,14,11,7	0,0,0,0,0,0,0,0,0,0	98	75
3786	5,4,2,1,1,1,3,1,2,7	54,59,56,60,61,58,77,75,45,73	5,6,1,4,4,3,3,2,7,9	61,59,52,63,51,74,66,64,62,75	94	75
3787	26,14,24,21,32,19,14,15,20,24	84,109,93,100,116,97,82,108,98,89	17,34,27,23,26,25,22,17,29,23	93,125,96,119,96,95,108,98,134,120	78	75
3789	260,181,179,181,188,207,186,173,147,195	10,8,9,5,3,4,9,4,14,7	243,194,218,228,182,221,206,238,248,242	8,5,4,4,5,10,4,4,4,5	78	75
3790	75,79,68,73,93,75,74,62,69,106	8,14,5,4,5,7,6,1,3,6	70,73,65,79,83,64,85,85,108,101	10,13,10,5,4,7,14,6,7,8	78	75
3791	17,16,15,23,12,17,17,11,12,17	5,4,4,5,1,4,4,3,4,3	14,16,13,20,19,14,14,17,23,14	3,0,6,2,2,2,4,0,4,3	81	75
3792	0,0,0,1,0,2,1,0,0,2	5,4,4,5,1,4,4,3,4,3	1,0,0,0,0,0,0,0,1,1	3,0,6,2,2,2,4,0,4,3	130	75
3793	0,0,0,1,0,2,1,0,0,2	17,16,15,23,12,17,17,11,12,17	1,0,0,0,0,0,0,0,1,0	14,16,13,20,19,14,14,17,23,13	124	75
3794	14,14,15,23,22,22,15,20,18,21	4,3,0,2,1,1,0,1,1,1	18,13,20,8,8,22,21,20,16,9	1,1,3,2,3,0,0,0,3,0	169	75
3795	2,8,6,5,5,4,8,5,5,8	48,51,60,46,27,35,37,37,31,63	4,3,4,5,7,7,10,9,6,5	47,31,52,41,52,47,51,48,41,49	90	75
3796	153,161,102,103,136,134,165,149,131,119	0,3,2,3,6,9,1,2,8,5	167,150,115,163,115,125,132,138,141,113	3,3,7,3,2,2,5,8,4,4	802	75
3798	37,41,34,22,26,36,36,33,21,23	18,8,5,17,9,11,15,17,12,17	24,25,29,22,40,41,24,43,29,23	8,17,12,10,12,8,9,4,16,13	78	75
3799	5,2,2,5,2,2,6,3,4,5	0,1,4,1,3,1,2,3,0,0	7,3,4,1,3,4,4,5,5,7	0,2,2,0,2,2,1,3,3,1	78	75
3800	28,22,23,22,27,27,25,26,16,26	230,226,192,163,193,183,243,177,144,143	11,20,19,30,12,32,33,15,19,19	201,165,143,183,167,219,178,152,163,163	90	75
3803	0,0,1,4,1,3,5,0,0,0	90,96,87,74,86,89,94,79,80,104	0,1,0,0,0,2,0,1,2,1	86,78,95,95,93,94,77,108,110,78	78	75
3804	43,48,25,41,25,40,53,26,53,37	3,12,2,8,6,4,3,3,2,3	47,37,31,44,37,39,31,39,34,33	5,5,4,9,1,3,10,2,6,4	78	75
3805	0,1,1,0,1,0,0,1,0,0	2,1,4,0,1,1,3,2,1,3	0,0,0,0,1,0,0,0,0,0	4,0,0,1,3,1,2,2,2,6	102	75
3809	102,139,103,92,91,117,107,103,97,101	21,19,12,17,21,22,13,18,23,14	91,121,101,116,85,90,108,115,130,131	19,28,25,12,25,22,16,20,22,26	96	75
3810	108,94,75,86,97,114,88,105,75,81	29,23,15,26,26,25,22,30,27,25	76,120,72,100,96,81,91,106,98,107	25,31,30,29,23,20,19,30,23,21	87	75
3811	86,98,72,70,101,65,84,69,86,96	1,1,0,1,2,1,2,1,1,0	88,106,69,101,80,70,79,105,105,118	0,4,1,1,2,4,2,1,4,1	78	75
3812	410,391,365,360,344,355,418,372,404,456	5,13,5,1,1,8,1,8,6,5	452,449,342,415,424,358,422,413,554,499	2,8,10,6,4,7,7,9,6,2	339	75
3814	12,13,13,8,13,8,12,4,8,7	1,0,0,2,0,1,0,0,0,1	15,16,13,12,16,11,18,16,23,16	0,0,0,0,2,0,0,0,0,0	133	75
3816	75,72,67,64,66,75,71,65,68,70	9,14,9,11,10,13,13,17,13,11	71,60,72,73,61,63,67,77,81,56	12,10,18,12,15,9,10,18,19,19	150	75
3819	148,125,132,124,142,129,149,130,118,114	0,1,2,2,1,0,0,4,5,1	144,159,113,144,141,123,151,176,146,157	1,1,1,0,3,0,2,2,0,2	960	75
3820	2,0,2,1,0,1,1,0,1,1	0,0,0,0,0,0,0,0,0,0	0,0,1,1,0,0,1,0,0,1	0,0,1,0,0,0,0,0,0,0	91	75
3821	26,17,22,16,14,18,16,13,13,18	2,2,4,3,1,1,6,3,3,4	15,11,14,6,20,5,11,7,17,16	3,1,4,0,4,2,1,1,5,3	91	75
3822	18,16,18,17,13,25,26,14,25,17	13,17,11,13,17,18,17,11,9,14	16,20,10,17,20,20,17,32,14,16	6,15,14,20,16,17,20,8,17,16	78	75
3823	0,0,0,0,1,0,0,2,0,1	0,0,0,1,0,0,0,0,0,0	0,0,0,0,1,0,1,0,0,0	0,0,0,0,0,1,0,0,0,0	78	75
3824	907,937,813,889,881,821,874,833,969,814	1,0,0,0,0,0,0,0,0,0	956,913,918,971,951,918,946,1003,926,878	0,1,0,0,0,0,0,2,1,0	663	75
3826	23,14,20,14,15,17,15,21,15,18	1,0,3,1,0,1,2,0,2,1	20,18,13,15,16,18,10,13,20,8	1,2,0,1,0,1,1,1,2,1	190	75
3827	9,17,4,7,7,5,10,5,5,16	1,0,1,0,0,0,1,1,3,0	11,8,8,9,1,12,8,11,11,10	2,1,0,1,0,0,2,0,1,1	83	75
3828	74,76,81,74,70,81,96,93,56,90	2,0,1,0,0,0,0,0,0,0	83,79,80,72,49,87,85,58,80,91	0,0,1,0,0,0,0,0,0,0	82	75
3829	5,5,6,13,6,6,6,6,4,9	0,0,0,0,0,0,0,0,0,0	5,10,12,14,4,5,5,12,3,13	0,0,0,0,0,0,0,1,0,0	164	75
3830	2,4,4,9,6,2,6,3,3,7	0,0,0,0,0,0,0,0,0,0	3,7,8,4,4,5,5,10,4,9	0,0,0,0,0,0,0,1,0,0	167	75
3831	1,1,0,0,2,0,0,0,0,0	4,2,2,4,2,4,0,3,1,2	0,1,0,0,0,1,0,2,1,1	2,4,4,10,0,1,0,4,0,5	78	75
3832	6,2,3,3,2,10,4,6,4,7	67,66,56,55,55,65,56,58,43,71	5,7,3,4,5,2,3,3,10,4	72,69,76,79,56,48,48,90,71,76	159	75
3834	43,48,44,41,65,65,44,33,37,52	0,0,0,0,0,1,0,0,0,0	59,57,44,37,55,55,60,57,44,69	0,0,0,1,0,0,0,0,0,0	80	75
3836	1,0,1,0,0,1,0,0,0,0	0,1,1,3,1,4,1,0,4,0	0,3,0,1,1,0,0,0,0,0	1,3,2,4,3,5,1,5,5,2	125	75
3837	5,9,6,14,3,8,14,5,10,15	0,0,0,1,0,0,0,0,0,0	11,12,11,4,8,8,10,7,9,9	0,0,0,0,0,0,0,0,0,0	81	75
3838	16,18,17,14,18,12,11,16,22,17	23,36,28,17,32,23,22,28,30,34	17,16,11,21,16,12,16,16,21,9	22,26,30,29,28,22,30,23,39,17	78	75
3839	118,117,90,93,76,106,102,102,88,94	3,3,4,3,3,6,2,4,3,4	102,103,74,98,108,96,104,104,116,112	3,3,3,2,3,2,3,5,4,3	133	75
3840	0,2,2,1,1,1,0,0,0,1	49,63,45,30,53,68,44,40,50,48	1,3,1,1,1,0,2,2,1,1	48,44,44,37,43,56,66,49,54,60	85	75
3842	81,67,70,68,56,69,79,60,62,76	0,0,0,0,0,0,0,0,0,0	92,69,62,67,76,63,60,75,86,73	0,0,0,0,0,0,0,0,1,0	105	75
3843	75,77,67,54,49,65,75,54,48,58	1,1,0,1,0,2,0,1,0,3	73,57,44,75,72,77,82,67,71,61	0,1,2,0,0,0,0,0,2,0	78	75
3844	64,64,58,68,57,75,63,66,54,69	0,1,2,0,0,0,0,1,1,1	87,77,69,52,59,53,76,61,58,80	0,0,1,0,2,2,0,2,3,0	131	75
3845	20,16,19,19,25,14,19,23,32,27	0,0,0,1,2,1,0,1,0,0	13,12,14,17,17,31,23,23,19,15	0,0,0,0,0,0,2,0,0,0	85	75
3847	89,87,70,61,74,57,80,54,72,89	4,3,2,3,0,3,2,1,3,6	78,72,55,60,81,96,81,86,70,48	2,2,3,3,4,1,4,4,2,1	78	75
3848	14,17,12,13,12,14,11,14,16,25	9,8,7,10,13,1,10,8,14,6	19,19,16,12,13,10,14,18,13,8	8,7,8,14,16,5,18,9,12,5	78	75
3849	115,79,98,87,96,54,89,84,70,106	2,2,3,2,3,1,0,3,0,0	77,104,79,105,118,101,86,81,105,81	4,0,1,1,5,0,2,4,2,1	90	75
3850	42,44,50,30,52,39,73,43,22,51	10,12,4,5,7,9,12,7,7,9	38,42,34,54,48,47,42,32,53,31	8,11,4,17,11,7,7,9,14,9	78	75
3851	0,0,0,0,0,0,0,0,0,0	15,13,12,16,12,12,15,17,18,19	0,0,0,0,0,0,0,0,0,1	24,24,12,14,25,15,13,23,31,24	93	75
3852	111,100,101,99,104,103,114,118,102,98	2,0,0,1,2,1,1,1,0,0	100,116,129,119,117,98,123,139,123,119	0,1,1,0,2,0,0,0,2,2	132	75
3853	63,48,44,48,49,49,31,49,39,62	0,1,0,2,0,0,0,0,1,0	59,55,39,50,55,31,57,64,54,67	0,1,0,0,0,0,0,0,0,0	81	75
3854	0,0,0,0,0,1,0,1,0,0	16,5,12,9,11,5,12,8,7,10	1,0,0,0,0,0,1,0,0,0	12,10,9,7,9,15,11,6,10,9	112	75
3857	26,25,21,21,21,31,26,20,22,21	0,0,0,0,1,0,0,0,0,0	34,15,19,21,17,34,21,28,23,35	0,0,0,0,0,0,0,0,0,0	98	75
3858	430,426,389,374,427,416,434,456,416,410	104,94,77,86,83,79,81,91,65,85	411,464,344,434,409,506,414,348,385,370	81,80,49,69,84,108,78,62,73,79	142	75
3859	220,267,214,235,204,208,224,178,198,211	358,338,271,267,243,281,268,290,263,304	242,210,199,241,189,238,232,236,238,210	278,270,289,282,247,321,252,323,271,279	78	75
3860	10,9,13,8,19,10,12,12,4,6	0,3,0,0,0,0,0,1,1,0	7,9,16,12,8,12,12,19,11,13	0,0,1,2,0,0,1,0,0,0	128	75
3861	30,23,20,15,24,16,15,31,13,16	2,7,5,4,2,3,4,4,3,6	20,33,26,29,19,31,29,35,32,35	5,2,4,2,3,4,7,6,7,7	133	75
3863	0,0,0,0,0,0,0,1,0,0	40,28,25,47,29,31,34,33,27,38	0,1,0,0,0,2,0,0,0,0	22,31,30,38,34,35,38,28,43,40	94	75
3864	0,0,0,0,0,0,0,0,0,1	16,13,23,8,7,9,18,10,10,7	0,0,0,0,0,0,0,0,0,0	21,10,9,14,6,13,7,10,12,10	90	75
3865	34,19,15,15,22,23,30,27,27,18	5,3,9,3,4,6,5,5,2,4	28,37,16,25,20,16,20,44,34,22	4,4,4,11,6,3,5,9,2,5	78	75
3866	6,5,3,11,12,12,6,5,7,4	59,37,23,64,50,43,43,43,35,32	8,3,3,6,3,4,5,5,5,3	34,48,39,62,33,32,46,39,46,32	78	75
3867	13,6,12,9,9,18,13,12,7,15	45,41,39,25,53,33,43,49,42,40	11,7,8,14,9,11,10,5,13,11	35,29,25,46,34,36,49,44,28,38	135	75
3869	4,5,3,1,2,1,7,4,7,5	8,4,4,5,6,10,4,11,3,3	4,0,2,3,3,3,0,2,2,0	3,7,3,4,5,6,2,2,3,4	342	75
3870	24,29,32,32,26,23,34,19,21,33	0,0,0,0,0,0,0,0,0,0	27,17,18,26,29,23,27,34,43,23	0,0,0,0,0,1,0,1,0,0	87	75
3871	8,11,10,7,12,6,8,7,8,11	0,0,0,0,0,1,0,0,0,0	11,5,7,6,12,6,6,4,6,8	0,0,0,0,2,0,0,0,0,0	79	75
3875	49,68,66,67,47,65,54,67,74,68	11,10,6,2,2,3,4,4,13,9	40,59,49,56,53,74,67,57,59,49	6,4,2,5,6,10,5,7,5,5	89	75
3876	0,0,0,5,1,0,0,0,1,1	56,30,46,36,39,40,30,39,34,38	0,2,0,0,0,0,1,0,2,0	41,39,32,38,41,38,41,53,40,38	119	75
3877	0,0,0,0,1,1,0,0,0,1	0,1,2,0,0,0,0,0,1,1	0,1,2,1,0,0,0,2,0,0	1,1,0,0,0,0,0,1,0,0	124	75
3878	1,0,0,3,2,0,4,0,2,2	0,0,0,0,0,0,0,0,0,0	1,1,2,0,2,0,0,2,1,2	0,0,1,0,0,0,0,0,0,0	81	75
3879	6,6,12,4,2,6,6,8,6,6	61,36,44,46,45,39,36,25,45,24	8,10,9,7,10,7,6,12,9,6	43,50,48,33,47,39,46,55,49,36	130	75
3880	251,302,235,247,223,252,260,269,246,268	0,3,2,2,0,0,1,1,4,2	271,262,213,249,238,290,267,246,234,242	1,2,2,0,2,2,2,3,3,2	2327	75
3881	0,1,0,0,0,0,1,0,2,0	0,0,0,0,0,0,0,0,0,0	1,1,0,0,1,0,4,0,0,0	0,0,0,0,0,0,1,0,0,0	102	75
3882	34,42,39,48,48,42,43,37,38,51	0,0,0,0,0,0,0,0,0,2	51,45,43,56,42,52,45,38,47,48	0,0,0,0,0,0,0,0,0,0	620	75
3883	5,2,5,0,1,4,1,0,2,1	3,2,1,3,3,4,3,3,6,0	2,3,0,0,2,0,1,1,4,4	1,3,3,2,2,3,4,1,6,2	78	75
3884	3,1,2,1,0,0,2,0,1,0	0,0,0,2,2,1,0,0,0,2	0,0,1,5,3,1,1,0,0,1	0,0,0,1,0,0,0,0,1,0	78	75
3885	0,1,0,0,0,0,0,0,0,0	18,14,9,11,24,7,15,13,15,11	1,0,0,0,0,0,0,1,0,0	11,12,18,14,9,15,16,14,5,15	78	75
3886	65,53,70,58,61,55,75,66,86,64	0,0,0,0,0,0,2,0,1,0	61,67,73,45,69,73,64,52,56,48	0,0,0,1,3,0,1,0,0,0	198	75
3887	2,0,2,1,2,0,4,0,2,1	2,0,0,0,0,0,0,0,0,0	2,0,0,1,0,0,1,0,3,5	0,0,0,0,0,0,0,0,0,0	114	75
3889	0,1,0,0,0,0,0,0,0,1	0,0,1,0,0,0,1,0,0,2	1,0,0,0,0,0,0,0,0,0	1,1,0,0,2,1,2,1,0,0	133	75
3891	158,182,126,172,151,126,160,171,124,148	15,10,10,15,13,13,12,17,12,12	174,174,133,175,146,147,167,150,161,155	13,14,10,13,19,11,11,14,16,18	95	75
3892	19,6,16,8,19,20,16,12,20,11	56,68,62,66,57,52,76,59,54,84	20,22,9,16,9,13,11,21,16,8	58,80,59,88,59,77,57,59,72,46	90	75
3893	158,110,116,129,123,141,162,122,122,107	56,68,62,66,57,52,76,59,54,84	126,160,98,130,111,130,112,166,145,99	58,80,59,88,59,77,57,59,72,46	114	75
3894	140,104,100,121,105,124,146,110,102,96	1,0,0,0,1,3,0,0,0,0	107,139,90,115,103,117,103,145,131,92	1,1,1,1,1,0,2,0,2,1	99	75
3896	0,0,0,0,0,0,0,0,0,0	0,2,0,0,1,1,0,0,0,0	0,0,0,0,1,0,0,0,0,0	0,1,0,0,0,2,0,0,1,1	78	75
3897	10,7,6,8,7,11,8,2,7,6	0,0,0,1,0,0,0,0,0,0	6,5,12,6,13,9,5,14,3,8	0,1,0,0,0,0,2,0,0,0	138	75
3898	0,1,0,0,0,0,0,0,0,0	0,0,0,0,0,0,0,0,0,0	2,0,0,0,0,0,0,0,0,0	0,0,0,0,0,0,0,0,1,0	138	75
3899	121,93,94,90,112,104,110,103,96,130	1,1,1,1,0,0,1,2,3,1	115,103,120,78,113,89,123,132,113,137	1,2,2,2,1,1,0,0,1,1	78	75
3900	160,127,140,129,138,134,155,114,120,139	15,8,14,11,18,6,22,11,12,14	132,132,121,131,166,113,115,140,163,141	12,15,17,15,20,17,21,14,15,14	150	75
3904	0,1,0,0,0,1,0,1,1,0	0,0,3,2,0,4,0,3,2,2	0,0,0,0,0,1,0,0,1,0	0,0,0,4,0,2,1,1,0,1	78	75
3906	275,211,217,208,208,230,236,192,197,275	1,3,2,2,3,4,2,4,3,7	237,257,208,225,236,236,239,270,277,284	4,5,4,4,0,1,1,5,2,4	94	75
3909	2,1,3,1,2,0,3,1,1,1	0,3,3,1,1,6,8,4,2,3	0,3,2,2,0,2,0,1,2,0	0,2,3,3,1,4,6,1,3,4	78	75
3910	0,0,0,0,0,1,0,1,0,0	1,0,0,0,0,0,0,0,0,0	0,0,0,0,0,0,0,1,0,1	0,0,0,1,0,0,1,0,0,0	78	75
3911	41,52,47,44,58,40,51,34,47,58	0,0,0,0,0,0,0,0,1,0	49,38,32,51,41,27,72,48,32,37	0,0,0,0,2,4,0,0,0,0	312	75
3912	0,0,0,0,0,0,2,0,0,1	33,31,22,20,17,21,23,21,26,15	0,0,0,1,0,0,0,0,0,1	21,10,13,14,22,17,34,28,22,18	92	75
3913	48,36,30,25,36,30,38,41,28,38	9,3,7,4,3,8,5,8,4,8	34,54,33,33,32,40,27,46,46,31	5,8,3,3,5,4,11,3,7,6	78	75
3914	41,33,37,38,26,37,34,32,26,28	20,20,11,15,11,20,13,15,8,10	32,34,14,44,24,26,42,38,46,45	12,11,10,14,20,14,12,17,21,20	120	75
3915	1,1,0,0,0,0,0,0,0,0	15,15,16,17,11,18,13,20,20,21	0,0,1,1,0,0,1,0,0,0	18,14,22,19,16,15,16,26,16,29	161	75
3916	3,4,3,6,1,2,3,4,8,2	70,38,55,42,44,58,52,41,52,47	3,3,3,3,1,6,6,8,7,4	37,49,42,47,48,42,48,34,54,54	120	75
3917	16,22,28,13,30,34,37,14,20,17	39,36,41,34,43,41,35,28,44,40	10,28,20,9,28,14,15,14,24,20	24,38,20,37,48,27,38,47,29,27	78	75
3918	16,17,18,16,30,21,28,21,17,22	2,0,1,0,1,0,0,1,0,1	19,28,30,16,27,30,34,10,25,28	0,0,0,0,0,1,0,0,1,0	79	75
3919	1,0,1,0,0,0,0,0,0,0	216,210,186,135,159,149,196,181,174,285	0,0,0,0,0,0,0,0,0,0	193,172,155,178,168,169,214,181,216,217	97	75
3921	161,149,145,157,165,141,146,137,130,166	44,51,35,57,50,48,59,53,45,33	169,188,147,167,155,169,161,171,152,196	34,55,46,56,41,52,53,58,46,49	78	75
3922	9,8,11,13,15,7,7,7,10,9	126,119,131,132,131,108,145,115,103,147	7,11,7,6,5,6,7,11,8,4	137,145,115,134,131,147,110,143,142,110	78	75
3923	150,146,119,78,103,123,122,114,110,108	20,31,17,15,20,23,20,27,27,18	143,122,123,107,104,146,118,117,127,119	19,19,19,13,21,17,23,14,19,25	174	75
3927	5,10,4,3,5,5,4,4,8,8	0,0,0,0,0,0,0,0,0,0	2,7,5,6,4,11,5,5,9,2	0,0,0,1,0,2,0,0,0,0	105	75
3928	31,20,22,26,22,29,36,22,25,34	2,0,1,1,0,0,2,1,2,1	21,23,20,28,23,22,23,27,33,33	0,2,1,0,0,0,3,1,1,1	106	75
3929	512,561,630,568,616,724,545,527,575,531	2,3,2,1,3,6,3,1,0,2	553,590,583,543,610,499,580,715,841,833	1,1,1,2,2,2,1,1,2,3	667	75
3930	431,487,549,504,519,639,470,469,514,469	2,3,2,1,3,6,3,1,0,2	463,511,500,457,535,432,512,613,730,708	1,1,1,2,2,2,1,1,2,3	762	75
3931	10,12,18,16,6,17,13,17,24,16	91,86,99,80,103,102,88,75,85,78	15,15,14,9,13,8,14,12,19,20	105,94,97,95,88,75,82,114,130,145	170	75
3932	22,23,20,21,9,23,31,23,20,22	6,5,1,2,2,4,8,4,3,5	18,12,9,29,25,17,17,16,19,22	1,7,2,4,0,4,4,2,3,3	161	75
3933	27,38,38,35,30,50,39,26,20,35	0,2,0,0,0,2,1,1,0,1	44,34,36,24,40,27,47,40,33,46	3,2,0,0,1,0,0,1,1,2	79	75
3935	52,49,47,43,49,40,47,39,49,51	2,11,0,2,4,3,8,4,6,8	62,50,27,59,59,61,51,58,64,69	11,4,5,1,9,10,10,12,4,6	102	75
3936	27,34,34,28,19,28,36,24,37,32	0,0,1,0,0,0,0,0,0,1	40,28,18,30,47,37,31,33,44,39	0,0,0,0,0,0,0,0,0,0	102	75
3937	27,28,31,24,17,22,29,21,32,26	0,0,0,0,0,0,0,0,0,0	31,24,17,31,38,33,30,29,42,37	0,1,0,0,0,0,0,0,0,0	102	75
3938	39,38,45,39,28,29,38,33,42,40	0,0,0,0,1,0,0,0,0,0	45,46,28,42,58,50,42,37,54,47	0,0,0,0,0,0,1,0,2,0	102	75
3939	1898,1885,1616,1595,1742,1740,1932,1732,1604,2045	6,13,10,6,3,9,9,8,6,9	1879,1901,1599,1904,1699,1791,1602,1662,1897,1796	5,1,9,7,7,4,6,8,12,8	165	75
3940	49,28,19,31,32,45,38,28,35,23	14,10,18,14,12,11,11,16,15,18	36,32,31,31,41,39,39,31,37,34	19,18,13,14,11,11,11,16,15,20	170	75
3941	2,1,4,0,4,2,2,1,0,5	5,3,6,9,8,6,10,4,6,9	1,3,2,2,5,1,1,0,3,1	10,8,10,10,2,9,5,9,8,12	78	75
3942	63,47,42,43,54,40,71,54,32,52	0,0,0,1,0,0,0,0,1,0	53,49,61,57,29,53,44,36,56,59	1,0,0,0,0,0,1,0,0,0	208	75
3943	11,13,12,19,17,17,18,9,11,18	0,0,0,0,0,0,2,1,0,0	24,16,15,6,7,21,12,12,15,13	0,0,1,0,2,0,0,0,1,2	80	75
3944	0,0,0,0,0,0,0,0,2,0	9,10,12,6,10,9,12,4,6,7	1,0,1,0,1,0,1,0,0,0	8,7,9,6,16,10,8,8,9,13	95	75
3949	0,0,0,0,0,0,0,0,0,1	6,4,1,1,6,3,2,2,2,3	0,0,0,0,0,0,0,0,0,0	2,3,0,3,1,3,2,0,0,6	108	75
3950	0,1,2,0,0,0,0,0,0,1	6,4,1,1,6,3,2,2,2,3	0,0,0,1,0,0,1,1,0,0	2,3,0,3,1,3,2,0,0,6	103	75
3951	0,1,0,0,1,0,0,0,0,0	0,0,0,0,0,0,0,0,0,0	0,0,0,0,0,0,0,0,0,0	0,0,0,0,1,0,0,0,0,0	82	75
3952	0,1,0,1,1,1,0,0,0,0	5,1,0,0,1,0,6,3,4,3	0,0,0,1,0,0,1,0,0,0	3,3,4,2,2,2,2,9,3,3	122	75
3953	0,0,0,1,0,1,0,0,0,0	5,1,0,0,1,0,6,3,4,3	0,0,0,1,1,0,1,0,0,0	3,3,4,2,2,2,2,9,3,3	115	75
3954	249,251,229,236,250,289,239,251,273,283	248,219,192,260,222,239,239,222,199,283	302,235,263,239,355,239,256,282,323,250	253,196,240,213,296,190,246,252,252,201	96	75
3955	48,31,32,33,25,33,29,25,34,41	0,0,0,0,0,0,0,0,0,0	37,41,37,35,44,36,43,37,53,51	0,0,0,0,0,2,0,0,0,0	98	75
3956	300,247,258,275,192,253,247,198,284,270	8,10,3,5,8,4,9,2,6,5	260,246,270,237,321,260,283,289,303,245	2,9,8,9,10,2,7,5,12,7	98	75
3957	0,0,0,0,0,0,1,0,0,0	19,23,15,14,20,9,24,14,10,23	0,0,0,0,0,1,0,1,0,0	8,21,14,12,17,13,12,12,14,13	170	75
3958	35,25,27,35,47,41,36,39,37,39	2,5,6,8,6,6,2,0,10,2	43,51,25,32,29,48,33,35,31,26	4,8,3,5,8,11,4,4,6,5	150	75
3959	1,0,1,2,2,1,1,1,0,2	0,0,0,0,0,0,0,0,0,0	0,3,1,0,1,0,0,0,0,0	0,1,0,0,0,0,0,0,0,0	79	75
3960	10,9,7,9,18,9,8,4,10,13	0,1,0,1,0,0,0,1,0,0	8,18,7,7,10,15,6,13,7,2	2,0,0,1,0,0,0,0,0,0	79	75
3961	11,22,11,4,12,12,15,9,12,10	24,25,14,15,20,19,17,18,18,19	8,2,11,9,12,6,8,14,9,8	27,26,17,25,24,15,20,16,24,16	99	75
3962	19,13,12,15,9,9,8,12,12,12	4,9,7,5,8,3,13,9,9,7	9,18,11,16,10,23,10,14,7,12	10,6,7,7,9,9,9,11,19,13	78	75
3964	27,76,48,76,62,18,37,39,31,110	2,0,0,0,0,0,0,1,1,0	89,51,57,48,65,51,112,87,60,60	2,0,0,0,0,0,0,3,2,0	145	75
3965	28,79,53,84,64,16,29,40,30,115	2,0,0,0,0,0,0,1,1,0	104,54,62,52,74,54,124,92,69,57	2,0,0,0,0,0,0,3,2,0	177	75
3966	66,119,79,133,99,29,59,65,52,198	2,0,0,0,0,0,0,1,1,0	147,79,81,79,110,103,209,147,99,100	2,0,0,0,0,0,0,3,2,0	265	75
3967	5,6,7,12,3,1,0,5,4,9	4,3,2,4,1,3,8,4,5,4	18,6,8,5,11,6,15,14,14,4	3,3,3,1,2,3,3,9,5,7	107	75
3968	43,46,33,61,38,14,30,30,26,92	4,3,2,4,1,3,8,4,5,4	61,31,27,32,47,55,100,69,44,47	3,3,3,1,2,3,3,9,5,7	195	75
3969	38,40,26,49,35,13,30,25,22,83	0,0,0,0,0,0,0,0,0,0	43,25,19,27,36,49,85,55,32,43	0,0,0,0,0,0,0,0,2,0	163	75
3970	25,77,50,75,63,18,33,35,28,106	0,0,0,0,1,0,0,1,0,0	89,51,56,47,67,51,113,83,56,58	0,0,1,0,0,0,0,1,0,0	145	75
3971	65,121,80,133,102,32,59,66,56,199	0,0,0,0,1,0,0,1,0,0	149,79,82,79,112,103,204,149,99,99	0,0,1,0,0,0,0,1,0,0	265	75
3972	42,48,34,61,41,17,30,31,30,93	2,4,4,3,2,3,4,0,2,0	63,31,28,32,49,55,95,71,44,46	3,3,2,0,4,3,4,5,1,5	195	75
3973	23,28,27,26,19,19,35,32,23,35	40,48,46,31,39,30,35,33,23,37	30,31,29,18,27,23,8,30,22,23	47,36,35,34,34,35,38,30,51,36	78	75
3974	10,11,12,12,10,4,8,11,7,17	2,2,2,0,0,2,2,1,4,1	3,12,8,13,10,9,12,21,17,24	6,0,5,1,3,1,6,0,2,4	97	75
3975	4,4,6,3,2,3,6,2,2,8	1,0,0,0,0,0,0,0,0,0	1,3,5,6,2,4,3,9,0,4	0,0,0,0,0,0,0,0,0,0	97	75
3976	17,22,15,27,26,22,16,15,35,20	11,8,4,11,2,11,6,6,12,9	17,25,14,22,20,15,23,14,19,27	2,5,4,6,7,2,5,4,4,1	78	75
3977	29,39,30,31,33,22,37,26,26,36	3,0,2,2,3,2,3,2,0,1	19,28,24,19,25,25,35,30,27,22	2,0,1,1,2,2,1,1,0,1	116	75
3979	129,137,122,90,154,101,126,101,130,137	0,1,0,0,0,0,1,0,0,1	112,130,125,123,131,108,109,141,122,127	0,0,0,0,0,0,0,0,2,0	80	75
3980	8,19,11,13,17,14,17,16,6,7	3,5,4,2,3,4,4,7,1,4	11,12,15,13,11,8,23,11,9,16	4,7,2,2,2,3,5,13,2,4	97	75
3981	3,4,6,7,3,6,6,5,0,3	75,47,59,49,71,61,75,60,60,66	3,6,4,6,5,2,9,2,0,6	54,74,37,76,53,73,64,78,64,72	97	75
3982	9,3,4,7,5,5,5,3,5,5	20,12,6,10,9,6,18,4,11,3	7,4,2,2,6,2,6,5,11,3	5,8,5,11,6,12,9,12,5,8	108	75
3983	0,1,0,0,0,0,0,0,0,0	3,4,14,12,5,9,16,10,10,10	0,0,0,0,0,0,0,0,0,0	15,8,11,8,9,9,14,12,11,6	124	75
3984	0,1,0,0,0,0,0,0,0,0	0,0,0,0,0,0,1,0,0,1	0,0,0,0,0,0,0,0,0,0	0,0,0,0,0,1,0,0,1,0	128	75
3985	3,4,14,12,5,9,16,10,10,10	0,0,0,0,0,0,1,0,0,1	15,8,11,8,9,9,14,12,11,6	0,0,0,0,0,1,0,0,1,0	79	75
3986	159,196,153,177,152,156,126,143,127,164	3,3,0,2,3,1,4,2,3,4	124,144,195,198,154,149,167,224,200,175	3,1,4,1,2,5,2,2,1,0	662	75
3987	1,2,0,1,0,2,2,1,2,1	45,57,42,42,44,43,58,57,34,40	1,2,3,1,0,2,1,0,2,0	62,46,43,52,50,55,63,46,38,52	92	75
3988	3,3,0,3,2,8,6,3,3,4	45,57,42,42,44,43,58,57,34,40	3,2,2,2,3,2,4,1,2,2	62,46,43,52,50,55,63,46,38,52	122	75
3989	3,3,0,3,2,7,6,3,1,4	1,2,0,1,0,1,2,1,0,1	3,2,2,2,3,2,4,1,2,2	1,2,3,1,0,2,1,0,2,0	105	75
3991	21,21,21,16,9,11,26,15,12,26	8,1,4,4,1,2,4,2,6,3	7,16,19,6,15,14,19,31,17,12	0,3,3,2,3,4,2,3,2,3	175	75
3992	0,0,2,2,0,1,0,0,0,0	0,0,0,0,0,0,0,0,0,0	0,1,0,0,0,1,0,1,0,0	0,0,0,0,0,2,0,0,0,0	191	75
3994	2,3,1,13,0,0,9,8,6,2	0,3,0,3,0,1,1,0,2,1	5,7,8,4,6,4,1,2,6,4	2,0,2,0,1,0,2,0,0,0	111	75
3995	16,17,11,19,12,13,21,14,15,19	4,5,2,3,5,2,3,0,0,2	23,17,17,13,17,18,9,13,15,21	1,2,0,0,0,3,1,6,2,5	181	75
3996	14,17,10,9,12,14,13,6,11,18	4,5,2,3,5,2,3,0,0,2	20,10,11,9,12,14,10,11,9,17	1,2,0,0,0,3,1,6,2,5	145	75
3997	1,8,1,13,2,1,10,9,5,5	5,10,7,6,3,3,2,4,1,6	5,7,8,6,7,5,1,2,8,5	3,6,3,2,6,0,9,4,8,1	111	75
3998	15,22,11,19,14,14,22,15,14,22	65,60,54,52,44,71,51,53,55,60	23,17,17,15,18,19,9,13,17,22	56,59,54,72,66,61,54,72,67,58	181	75
3999	19,24,17,12,15,16,14,10,10,23	65,60,54,52,44,71,51,53,55,60	21,16,12,11,17,14,17,15,17,18	56,59,54,72,66,61,54,72,67,58	145	75
4001	6,3,0,4,0,0,10,9,3,5	0,0,0,0,0,0,1,2,0,0	6,2,3,1,3,2,2,4,4,3	0,0,0,0,0,0,0,0,0,0	90	75
4002	104,87,20,44,36,20,81,85,26,77	0,0,0,0,0,0,1,2,0,0	43,83,47,62,41,28,38,32,64,58	0,0,0,0,0,0,0,0,0,0	159	75
4003	101,87,20,40,36,20,75,78,23,72	3,3,0,0,0,0,4,2,0,0	38,82,45,61,39,26,37,28,62,56	1,1,1,0,1,0,1,0,2,1	144	75
4005	289,285,295,218,218,210,302,250,230,315	21,21,14,16,16,15,13,10,13,24	316,226,213,255,264,261,245,296,305,278	18,20,13,12,16,18,15,14,21,16	114	75
4006	58,42,54,35,38,49,47,44,42,40	6,3,1,2,1,1,1,3,1,3	33,33,38,49,35,29,26,36,24,26	2,4,2,0,2,7,1,1,1,4	78	75
4007	0,0,0,0,0,0,0,0,0,0	63,62,73,37,55,46,56,40,47,49	0,0,0,0,0,0,0,0,1,0	40,62,35,51,56,51,71,42,54,33	91	75
4008	43,43,32,46,41,42,41,43,35,31	1,9,3,1,2,7,5,6,0,6	44,50,43,61,49,50,41,35,48,35	7,6,4,12,7,6,6,7,2,3	145	75
4009	31,26,26,30,35,29,37,31,23,37	0,0,0,1,0,0,0,2,0,0	32,28,27,36,31,30,26,33,38,26	0,0,0,2,1,0,0,0,0,0	92	75
4011	28,24,20,30,38,32,36,31,33,27	9,9,9,10,13,15,14,15,11,11	35,39,25,23,19,30,29,24,34,32	15,12,10,15,15,12,10,7,14,14	78	75
4012	82,60,62,61,59,64,54,49,53,53	0,0,1,0,1,0,0,1,0,1	76,55,55,61,64,66,56,42,73,60	1,0,0,0,0,0,0,1,1,0	96	75
4013	76,62,87,67,83,69,81,72,60,76	39,41,31,37,23,33,29,29,32,40	78,88,82,92,59,87,84,88,73,72	37,42,36,29,30,40,45,24,38,33	78	75
4014	62,58,56,54,66,50,61,56,62,55	56,53,33,42,50,32,38,39,51,34	61,75,47,74,51,54,54,38,61,38	26,40,33,45,35,42,37,52,42,41	78	75
4015	0,0,0,0,0,0,2,2,0,1	1,0,0,0,0,0,0,0,0,0	0,0,0,2,0,1,1,0,1,2	0,0,0,0,0,0,0,0,0,0	78	75
4016	119,100,84,83,116,91,100,99,95,107	29,19,27,21,25,19,21,17,22,15	122,74,93,107,104,91,110,84,108,81	19,22,17,17,22,37,24,31,18,24	195	75
4017	176,158,120,124,168,128,157,156,137,154	29,19,27,21,25,19,21,17,22,15	189,129,128,157,162,155,173,129,160,126	19,22,17,17,22,37,24,31,18,24	243	75
4018	60,62,45,45,54,41,62,58,48,50	3,4,9,4,2,4,5,1,6,3	72,56,37,51,60,66,67,50,54,48	5,1,2,1,2,2,4,5,2,3	123	75
4019	14,17,15,14,13,11,9,8,8,9	34,38,27,28,50,27,35,20,25,38	14,11,16,15,15,12,6,12,11,7	44,26,24,37,38,22,30,40,41,21	78	75
4020	2,0,0,1,0,0,0,0,0,1	15,18,12,5,20,20,8,16,9,17	0,0,1,0,0,2,1,0,1,0	19,22,23,10,25,9,24,15,26,20	78	75
4021	5,2,2,0,7,1,8,5,6,3	28,33,33,17,29,27,27,25,24,34	5,1,3,4,2,4,0,5,7,5	39,27,32,25,29,25,34,40,31,36	78	75
4022	130,125,126,113,113,121,134,136,132,126	2,6,4,4,4,2,2,2,0,0	129,132,98,137,103,104,126,143,147,138	1,5,4,3,2,4,1,2,2,2	184	75
4023	429,371,349,361,391,408,427,371,350,344	0,0,0,0,1,0,0,0,0,0	387,346,318,339,471,371,356,316,377,315	0,0,0,0,0,0,0,0,0,0	258	75
4025	157,132,143,177,158,160,173,180,154,181	97,94,87,77,98,100,101,103,94,107	160,178,137,149,170,171,192,138,182,184	108,95,87,109,98,120,99,76,119,112	111	75
4026	0,1,0,1,0,0,1,0,1,0	1,2,0,1,0,0,0,0,4,2	0,0,1,0,0,0,0,2,3,1	2,1,0,1,1,0,0,0,0,0	128	75
4027	13,9,13,10,20,23,11,19,21,14	202,211,168,200,201,193,218,173,139,189	23,19,12,21,11,9,12,24,8,21	180,226,199,215,167,185,195,183,208,199	222	75
4028	18,14,10,12,15,10,15,12,7,17	0,2,1,0,0,0,0,0,1,0	12,16,11,19,17,19,19,12,14,12	1,1,0,0,1,0,2,1,0,0	79	75
4029	0,0,0,0,0,0,0,0,0,0	47,59,50,51,65,49,52,39,54,45	0,0,0,0,1,1,0,0,1,0	43,63,51,52,63,33,64,76,59,61	210	75
4030	0,4,4,2,3,4,0,1,2,0	1,0,1,0,0,0,1,0,0,0	4,3,0,3,0,2,1,0,2,1	0,0,0,0,0,0,0,0,0,0	78	75
4032	53,56,37,41,36,47,41,33,47,43	36,52,40,49,56,49,39,53,43,39	37,52,45,55,40,58,44,38,47,30	41,32,53,47,57,56,53,41,31,42	78	75
4039	4,7,9,1,1,2,4,6,1,0	5,5,9,3,7,12,12,10,5,11	5,1,2,4,2,2,2,4,1,3	8,7,8,9,9,9,5,10,8,2	78	75
4041	1,0,1,0,1,3,1,0,0,2	9,6,4,11,6,14,9,3,5,14	1,2,1,1,1,1,1,0,0,1	4,12,9,8,4,5,10,6,3,7	134	75
4042	9,9,12,5,12,16,7,6,5,19	0,0,1,0,0,0,0,0,0,0	16,13,10,9,8,7,5,4,6,7	0,0,0,0,0,0,0,0,0,0	596	75
4043	9,12,17,7,10,20,11,13,10,11	6,8,8,7,1,7,6,12,3,5	15,21,15,13,9,14,7,13,17,7	8,3,8,5,6,9,0,4,9,5	78	75
4044	14,17,7,16,15,20,12,13,12,12	3,4,2,4,1,4,4,2,2,2	18,17,5,11,7,17,14,11,14,11	2,7,0,4,1,5,4,2,2,3	78	75
4045	3,1,1,1,1,6,0,1,0,0	765,728,620,694,738,752,756,648,683,779	4,0,1,1,0,0,5,2,0,1	704,875,589,697,730,756,716,829,679,854	148	75
4046	32,25,23,31,31,19,30,21,26,42	1,1,2,2,2,4,2,3,0,2	26,28,20,21,23,27,28,28,28,31	2,3,1,3,1,2,4,1,1,2	131	75
4049	86,122,98,122,88,105,122,102,90,98	0,0,0,0,0,0,0,0,0,0	91,85,70,80,120,105,95,94,110,139	0,0,0,0,0,0,0,0,0,1	263	75
4050	1,0,0,0,1,0,0,0,0,0	25,25,29,32,24,38,31,29,35,29	1,0,1,0,2,0,0,0,0,0	31,30,30,28,31,24,26,41,34,30	87	75
4051	10,12,10,9,22,12,8,14,13,10	7,6,5,5,11,10,15,9,5,10	17,27,16,14,26,18,16,21,19,25	17,27,19,12,11,23,11,19,27,24	78	75
4052	1,1,0,2,1,3,1,0,1,0	0,1,0,0,1,0,0,0,0,1	1,2,1,0,0,1,0,1,0,0	0,1,1,1,2,1,2,2,1,2	78	75
4053	170,145,138,122,125,135,130,122,124,153	0,1,0,0,0,0,0,0,0,1	152,158,125,132,116,149,141,157,158,142	0,0,0,0,0,1,1,1,1,0	82	75
4054	8,3,6,0,7,8,11,5,4,3	0,0,0,1,0,0,0,0,0,0	1,7,8,12,6,7,9,5,9,6	0,0,0,0,0,0,0,0,0,0	79	75
4055	0,0,0,1,1,0,0,0,0,1	1,1,0,0,0,0,1,0,0,0	0,0,0,0,0,0,1,1,3,0	0,0,1,0,1,0,2,0,0,0	79	75
4056	25,14,14,19,27,13,12,25,16,19	29,15,22,8,27,17,30,23,7,28	21,20,18,25,22,22,14,16,34,33	25,26,11,20,25,29,29,23,34,19	78	75
4057	0,0,2,0,0,0,0,0,0,0	0,0,0,0,1,0,0,0,0,0	0,0,0,0,0,0,0,1,0,1	1,0,1,0,0,0,0,2,1,0	122	75
4060	1,0,2,1,2,5,0,2,1,0	4,4,5,3,7,2,2,2,3,3	2,1,0,5,1,3,1,1,1,0	3,6,4,3,1,5,3,6,2,3	132	75
4061	0,4,1,1,1,2,1,0,1,0	0,0,0,0,0,0,0,0,0,0	1,3,1,2,0,2,3,0,1,0	0,0,0,0,0,1,0,0,0,0	79	75
4062	10,14,15,16,10,16,13,17,19,25	1,0,0,0,0,0,0,0,2,0	17,15,17,21,16,20,11,25,11,19	0,2,0,3,0,2,1,0,1,0	133	75
4063	21,15,13,12,23,16,12,10,19,23	0,0,2,0,1,0,0,0,0,0	9,16,16,16,20,13,18,19,12,11	0,0,0,0,1,0,1,0,0,0	79	75
4064	0,0,0,2,4,3,0,0,2,0	1,2,0,0,0,0,0,0,0,2	3,5,2,0,1,1,4,3,6,1	1,0,1,1,0,1,0,0,3,1	99	75
4065	0,0,0,2,4,2,0,0,2,0	0,0,0,0,0,0,0,1,0,0	2,2,2,0,0,1,4,3,5,1	0,0,0,0,0,0,0,0,0,0	99	75
4066	16,29,15,16,24,19,28,10,9,24	5,4,5,3,4,8,8,2,2,6	19,21,23,23,27,19,21,23,31,37	5,11,6,6,12,6,4,5,6,7	144	75
4070	162,149,119,142,152,181,184,167,164,132	2,3,1,0,6,4,7,3,0,2	136,143,126,168,137,190,151,140,117,170	5,1,4,1,4,2,3,0,2,3	97	75
4073	207,220,190,174,193,149,212,211,176,246	0,0,0,1,1,0,0,0,0,0	219,154,196,123,181,198,201,191,218,197	0,0,0,1,0,0,0,0,0,0	136	75
4074	143,136,96,99,112,61,127,104,78,147	3,1,0,1,1,0,2,2,4,1	123,121,100,92,98,100,114,101,127,83	0,2,0,0,0,2,1,1,2,0	198	75
4075	0,0,0,0,0,0,0,0,0,0	9,11,9,9,10,11,15,13,10,11	0,0,0,0,0,0,0,0,1,0	11,24,10,16,9,18,7,16,12,6	97	75
4077	0,0,2,0,0,0,0,1,2,1	11,5,5,9,5,4,5,1,6,7	1,0,0,1,1,0,0,0,0,0	3,9,6,5,4,4,7,11,7,10	87	75
4078	4,5,8,6,7,12,16,12,5,6	9,10,9,2,10,5,3,6,6,10	10,14,14,7,8,14,5,10,17,10	5,6,8,5,12,16,12,8,6,13	185	75
4079	5,13,6,11,9,12,6,10,12,11	11,11,11,10,11,14,6,11,12,10	10,11,19,10,10,11,11,8,15,9	8,11,17,9,13,14,5,16,15,19	257	75
4080	29,21,17,20,31,12,19,19,26,24	6,1,1,9,4,2,3,2,2,4	23,13,14,26,21,26,27,42,23,29	5,0,6,4,2,2,2,3,1,4	81	75
4081	23,18,20,23,20,22,16,21,14,18	6,1,1,9,4,2,3,2,2,4	27,11,24,25,19,18,16,22,16,21	5,0,6,4,2,2,2,3,1,4	2682	75
4082	17,16,19,20,16,19,14,19,12,18	23,19,16,17,27,9,17,17,24,24	24,10,21,20,14,16,14,18,15,19	20,12,11,21,16,24,25,38,22,27	2676	75
4083	101,90,72,80,52,78,113,71,74,94	0,0,0,0,0,0,0,0,0,0	83,91,69,85,81,65,87,85,98,85	0,1,0,0,0,0,0,0,0,0	1343	75
4084	4,2,3,7,4,1,0,9,4,2	1,2,0,1,3,1,0,0,1,0	1,4,0,6,5,2,4,3,2,2	3,2,0,0,0,3,1,1,3,1	161	75
4086	421,447,388,324,369,314,438,393,347,383	0,0,0,0,0,0,1,0,0,0	447,419,396,360,391,470,385,403,459,404	0,1,0,0,0,0,1,1,0,0	2511	75
4087	0,0,1,0,0,3,0,1,0,0	3,2,9,4,6,13,4,4,3,1	0,3,0,0,0,0,1,3,1,1	0,21,5,3,0,3,8,5,7,13	90	75
4089	31,40,33,37,42,22,28,36,26,62	0,0,0,0,1,1,0,1,2,0	56,32,38,31,50,32,39,34,45,46	0,2,0,0,1,0,1,3,0,0	116	75
4090	0,0,1,0,0,0,0,0,1,0	177,196,132,148,155,155,186,193,130,147	0,2,0,0,0,0,1,0,1,0	168,133,137,153,115,175,181,121,123,140	205	75
4091	19,24,10,17,16,15,22,22,10,22	1,2,3,1,0,1,7,0,1,1	25,11,16,17,15,11,22,18,21,19	1,3,1,3,2,1,0,3,0,0	130	75
4092	19,12,15,16,16,12,20,13,6,35	0,0,1,1,0,0,0,0,2,0	11,15,11,20,16,18,18,20,17,15	2,2,2,3,0,0,1,2,0,3	162	75
4093	33,29,37,33,34,31,42,22,24,54	0,0,1,1,0,0,0,0,2,0	37,29,23,41,28,36,34,27,34,30	2,2,2,3,0,0,1,2,0,3	187	75
4094	14,17,22,19,18,19,24,10,19,21	0,0,0,2,0,0,2,1,1,2	26,14,13,23,12,20,17,7,18,15	0,0,1,2,0,2,1,0,1,0	100	75
4095	16,11,6,9,10,9,15,10,13,19	1,0,1,1,1,2,4,2,1,1	12,11,8,11,10,10,14,12,12,8	1,0,1,1,1,0,0,0,1,0	107	75
4096	2596,2345,2212,1933,2394,2342,2364,2245,2106,2206	1,0,1,0,1,0,0,1,1,0	2444,2446,2175,2304,2084,2481,2356,2273,2469,2557	0,0,1,0,0,1,0,2,0,0	504	75
4097	10,12,10,14,12,15,10,7,12,15	11,6,7,9,9,9,9,7,6,13	9,9,10,8,8,9,8,13,9,8	13,10,7,6,15,11,8,5,10,12	78	75
4099	205,279,239,186,228,227,191,215,233,188	0,0,0,0,0,0,0,0,0,1	181,242,215,291,242,221,239,266,271,225	1,0,0,0,0,0,0,0,0,1	255	75
4100	211,216,171,166,189,198,148,171,174,170	1,3,3,2,0,2,1,0,0,3	195,203,191,248,199,148,168,227,234,231	2,0,2,3,0,0,4,1,2,0	168	75
4101	3,5,1,2,4,2,0,3,1,0	0,0,0,0,0,0,0,0,0,0	3,5,3,4,4,3,3,2,0,3	0,0,0,0,0,1,0,0,0,0	78	75
4102	21,11,15,17,17,10,18,14,14,10	0,0,1,0,0,2,0,1,0,1	11,19,9,25,14,8,18,16,20,12	0,0,0,2,0,0,0,0,0,1	78	75
4103	1,1,0,0,1,2,0,0,0,3	0,0,0,0,0,0,0,0,1,0	0,0,0,0,2,0,3,0,0,1	0,0,0,0,0,0,0,0,0,0	153	75
4104	2,2,0,2,2,2,2,1,1,3	0,0,1,0,0,3,0,0,0,0	2,0,0,0,1,2,0,1,4,0	0,0,1,0,0,0,1,0,1,0	281	75
4106	0,0,0,0,0,0,0,0,0,0	36,41,24,26,36,25,26,26,28,25	0,0,0,0,0,0,0,1,0,0	26,18,25,31,47,30,26,30,36,25	93	75
4107	13,15,12,7,10,15,7,12,13,19	0,0,0,0,0,0,0,0,0,0	18,14,8,18,17,15,14,14,11,20	0,0,0,2,0,0,0,0,2,0	270	75
4108	0,1,1,0,1,2,3,1,3,5	0,0,0,0,0,0,0,0,1,1	0,0,1,2,1,4,3,2,2,0	0,0,0,0,0,0,1,0,0,0	213	75
4111	7,2,5,12,4,7,10,12,6,8	2,1,0,0,2,0,1,0,2,2	5,14,8,15,5,3,5,10,6,12	1,2,0,0,2,0,1,2,2,2	110	75
4113	100,98,95,80,110,79,88,104,80,140	0,1,0,4,2,3,3,0,3,2	100,92,96,93,81,113,86,103,115,114	1,0,4,1,0,2,1,0,0,2	173	75
4119	102,114,102,112,113,100,113,121,111,125	5,4,3,2,2,1,1,10,2,2	118,115,120,110,99,113,111,154,105,146	4,3,4,5,2,2,2,5,7,2	83	75
4120	0,0,0,0,0,0,0,0,1,1	0,0,0,0,0,0,0,0,0,1	0,1,0,1,2,0,0,0,1,0	0,0,0,0,0,0,0,0,0,0	88	75
4121	16,13,8,6,10,7,13,15,6,4	14,31,20,23,24,24,21,25,24,19	7,12,7,9,7,9,4,11,12,10	25,10,15,11,25,15,18,28,18,17	106	75
4123	2,4,2,1,3,12,3,8,5,8	0,1,0,1,1,1,1,0,0,0	2,4,2,1,1,1,4,2,5,7	1,0,1,1,0,0,0,1,2,1	114	75
4124	459,412,385,389,397,396,428,442,433,417	0,3,1,2,1,0,1,3,3,1	379,452,388,442,358,429,422,417,404,408	0,0,0,1,0,1,0,2,2,1	126	75
4125	57,62,69,46,74,57,60,55,67,69	0,0,0,0,0,0,0,0,0,0	50,63,46,72,52,67,60,68,75,56	0,0,0,0,0,0,1,0,0,0	126	75
4126	29,28,19,15,27,17,24,23,24,43	0,0,0,0,0,1,0,1,0,1	26,26,23,25,20,23,28,29,33,29	0,0,0,2,0,0,0,0,0,0	179	75
4128	65,63,75,81,65,68,84,67,53,78	4,1,5,4,5,2,10,5,5,5	62,78,66,92,75,82,79,104,77,91	6,3,3,2,2,0,4,8,1,2	227	75
4129	63,53,59,47,70,53,70,53,59,82	1,1,3,3,0,1,1,1,0,0	73,67,58,67,65,60,56,76,78,60	0,0,0,1,1,0,4,1,0,1	78	75
4130	5,4,6,5,5,2,11,10,1,4	3,6,2,7,5,4,1,6,3,6	1,5,1,4,2,5,2,7,4,3	2,5,8,2,1,9,3,5,5,6	79	75
4131	168,137,153,131,137,150,155,147,127,153	0,1,0,0,1,1,2,2,1,1	143,149,144,155,127,139,128,159,151,159	0,2,4,0,0,0,1,0,2,0	220	75
4132	182,170,137,130,145,108,143,146,111,162	0,0,0,0,0,0,0,0,0,0	180,146,153,158,140,143,115,138,140,148	0,0,0,1,0,0,0,0,0,0	120	75
4133	66,41,55,40,56,48,60,52,42,57	9,5,1,8,4,5,8,4,4,9	60,53,46,42,44,59,53,55,67,54	5,3,7,5,4,6,7,6,6,7	78	75
4134	67,69,79,52,74,76,63,63,65,65	26,19,18,14,16,13,17,19,14,12	58,77,61,77,76,60,58,72,67,76	8,20,17,16,20,18,3,22,21,17	90	75
4135	143,135,135,130,162,127,119,139,106,105	8,15,8,10,12,6,6,2,4,7	113,147,122,128,143,114,118,136,122,111	5,6,4,5,1,3,7,9,11,6	156	75
4136	59,41,35,44,59,45,47,49,50,52	2,1,2,1,2,0,0,0,0,0	67,44,49,50,57,51,66,55,54,54	3,1,1,0,1,2,1,0,1,0	93	75
4137	16,11,7,6,6,7,13,6,7,13	6,8,15,5,5,6,7,3,5,12	10,13,11,13,9,13,13,6,7,12	7,2,8,10,5,5,9,1,7,2	157	75
4138	13,15,17,11,3,7,8,7,7,10	0,1,0,0,0,0,0,0,0,0	8,14,8,8,11,6,12,13,9,8	0,0,0,0,0,0,0,0,0,0	166	75
4139	0,0,0,0,0,0,1,0,0,0	13,5,4,3,4,9,5,2,5,7	0,0,0,0,0,0,2,0,0,0	8,5,3,4,7,4,7,1,6,4	94	75
4140	12,10,7,5,9,4,9,10,7,6	0,0,0,0,0,0,0,0,0,0	4,4,7,6,7,8,8,5,5,5	1,0,0,0,1,0,0,0,0,0	80	75
4141	34,24,37,29,22,33,30,27,25,24	0,0,1,0,0,0,0,0,0,0	18,17,27,25,16,20,19,25,29,36	0,0,0,0,0,0,2,0,0,0	77	75
4142	369,320,234,324,319,257,364,334,285,326	1,0,0,1,0,1,0,1,0,0	343,204,247,326,272,221,298,254,279,214	0,1,0,0,0,1,1,0,1,0	161	75
4143	0,0,0,0,1,0,0,0,0,2	83,97,91,99,82,65,98,83,79,115	2,0,0,0,0,0,0,0,1,0	98,88,76,92,105,98,82,114,121,95	108	75
4144	114,107,76,88,92,58,87,74,64,75	0,0,0,0,0,0,0,0,0,0	82,67,64,103,96,106,74,82,83,91	0,1,0,0,0,0,0,0,0,0	102	75
4145	64,69,52,42,48,40,64,51,49,66	0,1,0,0,0,0,0,0,0,0	57,66,66,61,42,67,60,68,78,48	0,0,0,0,0,0,0,0,0,0	102	75
4147	54,58,54,64,47,59,58,74,50,72	0,1,1,0,0,0,0,0,0,1	56,47,53,50,55,67,52,62,53,52	0,1,0,0,0,0,0,1,1,0	800	75
4148	0,0,0,1,0,2,0,1,0,0	0,0,0,0,0,0,0,0,0,0	0,0,0,0,0,0,0,0,0,0	0,0,0,0,0,0,1,0,0,0	1095	75
4149	90,66,80,49,87,93,77,90,95,74	14,9,9,3,18,12,8,10,3,4	72,84,72,84,88,99,91,82,91,86	9,13,10,11,15,12,16,7,16,8	78	75
4150	24,24,32,10,29,22,30,31,22,27	3,9,6,9,2,5,4,6,3,4	37,18,29,30,26,24,18,32,32,29	4,2,5,3,3,3,7,3,3,6	80	75
4152	1,3,1,2,0,1,1,2,2,3	0,0,0,0,0,0,0,0,0,0	2,1,2,3,4,2,2,0,1,1	0,0,0,0,0,0,0,1,0,0	507	75
4153	132,143,119,98,120,100,135,87,117,110	0,1,1,1,1,1,0,2,1,0	122,116,107,108,99,122,116,126,130,134	0,0,0,0,0,1,1,0,0,0	189	75
4154	691,769,694,709,722,555,604,646,557,804	0,0,0,0,0,0,0,0,0,1	827,649,672,619,707,676,742,808,738,605	0,0,0,0,0,0,0,0,0,0	141	75
4156	50,42,39,44,36,46,65,42,28,53	0,0,0,0,0,0,0,0,0,0	72,47,45,50,48,41,52,52,46,38	0,0,0,1,0,0,0,0,0,0	2031	75
4157	1,1,0,1,3,4,2,1,1,0	3,0,1,1,0,0,0,2,0,3	1,3,1,2,1,4,0,2,2,4	4,1,2,2,0,2,1,0,0,0	78	75
4158	21,11,24,6,13,12,13,12,16,19	0,0,0,1,0,0,0,0,0,0	17,22,10,21,8,11,22,24,9,17	0,0,0,0,0,0,0,0,0,2	81	75
4159	0,0,0,0,1,0,0,3,0,0	0,0,1,1,0,1,1,0,0,0	0,0,0,0,2,0,1,1,1,2	0,0,0,1,0,0,0,0,0,1	79	75
4160	15,13,16,12,13,10,17,11,9,10	1534,1366,1323,1428,1469,1180,1425,1228,1309,1509	14,14,8,14,20,21,12,13,10,18	1563,1351,1238,1150,1363,1379,1387,1537,1541,1406	255	75
4162	2,0,1,0,3,2,3,1,1,2	0,1,3,0,0,2,1,0,2,1	2,1,1,2,0,1,0,0,1,1	0,0,0,2,1,2,1,4,1,2	78	75
4163	3,4,2,2,2,4,4,2,8,7	14,15,11,10,10,14,9,14,20,8	6,5,3,2,5,2,2,2,8,2	11,14,8,11,10,11,16,16,10,11	78	75
4164	1,1,0,1,0,1,3,1,0,2	1,0,1,0,3,0,0,2,0,2	1,0,1,4,2,1,0,1,1,1	0,4,2,0,0,2,3,1,0,1	109	75
4165	18,18,25,14,22,17,18,25,8,15	0,2,0,1,0,0,0,2,1,0	19,13,13,7,18,12,22,16,12,17	0,1,0,0,0,1,1,0,0,0	85	75
4166	3,1,1,1,0,1,4,2,0,2	22,40,16,23,19,24,32,36,32,42	0,0,4,3,4,0,2,1,0,2	35,41,29,44,27,29,28,34,39,28	87	75
4167	83,85,69,72,95,88,86,98,66,71	0,0,0,0,0,0,0,1,0,0	84,106,67,86,82,64,75,99,93,88	0,0,0,0,0,0,0,0,0,0	468	75
4168	4,0,1,0,3,1,1,3,0,3	0,2,1,0,3,1,0,1,1,1	1,2,0,0,1,1,0,2,1,0	0,1,1,0,1,4,0,0,0,2	78	75
4170	0,0,0,1,0,0,0,0,0,0	1,0,1,2,0,2,0,0,2,1	0,0,0,0,1,0,1,0,0,0	1,9,3,3,2,0,1,2,2,0	119	75
4172	6,8,4,11,9,10,4,8,3,8	15,15,9,10,13,9,16,11,6,21	4,4,6,4,4,2,3,11,9,6	10,2,3,10,9,7,6,8,16,14	131	75
4173	11,10,5,14,13,12,8,10,4,6	15,15,9,10,13,9,16,11,6,21	9,5,7,5,4,3,4,14,13,8	10,2,3,10,9,7,6,8,16,14	135	75
4174	6,4,3,3,5,2,5,3,2,2	1,2,2,0,1,0,1,1,1,4	5,4,1,2,1,1,2,4,4,4	0,3,0,1,1,0,1,1,0,2	79	75
4175	1,1,1,0,0,0,0,0,0,1	3,1,0,1,6,0,3,1,1,1	1,1,0,0,0,0,1,0,0,0	1,3,1,2,1,3,3,7,3,6	85	75
4176	0,1,3,2,4,0,8,8,3,3	0,0,0,0,0,0,0,0,0,0	3,6,0,2,2,4,3,9,2,5	0,0,0,0,1,0,0,0,0,0	177	75
4178	0,0,2,2,0,1,2,1,0,0	0,0,0,0,0,0,0,0,0,0	0,1,0,0,0,0,0,0,1,0	0,0,0,0,0,0,0,0,0,2	79	75
4183	6,6,6,7,11,5,6,6,6,5	0,0,0,0,0,0,0,0,0,0	2,14,4,5,2,6,1,3,6,9	0,0,0,0,0,0,0,0,1,0	137	75
4184	0,0,0,0,0,0,0,1,0,0	0,0,1,0,2,0,2,1,0,3	0,0,0,0,0,0,0,0,0,0	1,1,2,1,1,1,2,1,0,1	173	75
4185	32,26,19,39,39,45,38,30,52,17	13,21,11,18,26,24,27,22,22,16	21,44,32,46,38,36,46,45,35,32	21,30,16,22,25,22,10,24,21,25	78	75
4186	547,700,525,523,423,527,590,490,374,773	185,71,243,209,311,158,267,318,330,107	597,606,508,639,620,495,414,537,767,594	168,254,160,131,163,272,290,218,140,250	784	75
4187	550,701,535,527,420,528,593,488,381,772	1,0,2,0,0,1,0,0,0,1	609,607,509,638,628,504,419,542,772,591	1,2,0,0,3,1,2,0,1,0	784	75
4189	51,47,72,49,62,45,72,69,45,45	0,0,0,1,2,0,0,0,2,0	58,84,54,60,72,60,69,65,67,74	0,0,0,0,0,0,0,1,0,0	2371	75
4190	27,14,12,12,14,11,13,11,21,18	2,1,0,0,0,1,0,2,1,0	23,16,18,22,12,21,19,25,31,17	0,1,0,1,0,2,1,0,1,2	79	75
4191	24,18,12,13,17,10,21,17,16,17	2,0,1,2,0,0,0,0,1,2	14,17,20,17,13,25,9,19,17,13	1,1,0,0,0,0,0,0,1,3	209	75
4192	27,21,20,10,21,23,25,25,29,14	117,124,132,123,172,139,142,137,111,103	14,23,25,17,25,21,17,26,28,20	113,155,117,118,149,117,119,185,198,200	78	75
4193	50,24,31,37,55,57,39,54,28,35	2,1,4,4,3,6,2,3,3,3	32,42,46,41,39,22,38,53,48,41	1,6,3,1,4,3,1,1,2,5	132	75
4194	93,64,80,92,120,112,90,105,90,71	2,1,4,4,3,6,2,3,3,3	77,124,87,96,82,55,109,120,121,90	1,6,3,1,4,3,1,1,2,5	162	75
4195	46,41,49,55,65,58,52,52,63,37	3,1,0,0,0,3,1,1,1,1	46,82,42,57,45,33,71,69,73,50	1,0,1,2,2,0,0,2,0,1	105	75
4196	156,135,124,124,95,120,125,114,109,188	17,13,6,9,7,9,13,8,9,20	129,133,138,114,119,124,123,144,174,143	11,12,11,10,9,10,16,12,17,16	80	75
4197	11,13,13,14,13,14,18,12,7,15	0,0,0,0,0,0,0,0,0,0	19,20,10,8,5,5,6,18,10,14	0,0,0,0,0,0,0,1,0,0	254	75
4198	6,6,4,5,6,8,11,1,7,14	0,0,0,1,1,0,0,0,0,0	5,3,3,4,8,6,4,5,8,5	0,0,0,0,1,0,0,0,1,1	80	75
4199	11,13,12,14,13,14,18,12,7,15	0,0,0,0,0,0,0,0,0,0	19,20,10,8,5,3,6,18,9,14	0,0,0,0,0,0,2,0,0,1	254	75
4200	14,17,10,7,9,9,33,13,21,23	249,224,223,263,262,218,268,240,236,305	17,18,22,16,20,16,15,15,11,31	290,251,253,222,283,258,218,322,292,262	134	75
4201	225,221,218,232,206,192,213,233,175,248	0,0,0,0,0,0,0,0,0,0	278,202,211,187,263,203,192,231,229,216	0,0,0,0,0,0,0,0,1,0	435	75
4202	0,1,0,0,0,0,0,0,0,1	15,21,7,5,15,16,26,17,12,12	0,0,1,0,0,1,1,0,0,1	12,12,9,9,16,18,15,11,19,14	87	75
4205	2,1,1,0,0,1,0,1,0,1	0,0,0,0,0,0,0,0,0,0	1,0,1,1,1,0,2,0,2,1	1,0,0,0,0,0,0,0,0,0	78	75
4206	28,24,13,18,23,26,13,23,16,30	2,0,0,0,0,0,0,1,2,2	31,17,31,30,13,22,25,19,34,23	4,1,0,4,1,1,1,0,0,3	78	75
4207	35,28,22,28,27,19,34,27,24,46	27,13,19,12,14,24,21,17,12,29	24,33,21,23,33,28,26,18,33,24	13,19,17,20,24,16,16,17,24,12	246	75
4208	0,2,0,2,1,0,1,0,0,0	0,0,1,0,0,0,0,1,1,0	2,4,1,2,1,0,1,1,1,3	3,0,0,1,0,1,0,1,0,1	80	75
4209	0,0,0,0,0,0,2,0,0,0	14,9,12,8,14,11,14,18,6,18	0,0,0,0,0,0,2,1,0,2	19,10,9,8,15,14,15,14,13,19	154	75
4210	21,17,19,16,24,9,30,24,25,26	0,0,0,0,0,0,0,0,0,0	26,17,23,16,20,18,11,13,24,25	0,1,0,0,0,0,0,0,0,0	109	75
4211	24,31,23,8,27,25,29,20,18,17	2,0,0,0,0,1,0,1,0,1	25,21,20,31,20,20,26,29,18,15	0,0,0,1,0,1,0,0,2,0	118	75
4212	0,0,0,0,0,0,0,0,0,0	2,0,0,0,0,2,1,0,0,1	0,0,0,3,0,0,1,0,0,0	2,0,2,0,2,0,0,0,4,1	108	75
4214	0,0,2,3,1,0,0,0,0,0	9,17,10,7,8,11,11,12,8,8	0,0,1,1,0,1,1,0,2,0	7,12,11,15,11,14,18,5,14,9	236	75
4215	8,7,3,12,15,13,17,10,13,18	0,0,0,0,0,1,1,0,0,0	8,13,10,6,11,11,5,7,14,11	1,0,0,0,0,0,0,0,0,0	77	75
4216	50,56,48,45,60,49,61,53,58,72	0,0,0,0,0,0,0,0,0,0	67,50,58,42,50,69,70,71,79,78	0,0,0,0,0,1,0,0,0,0	80	75
4217	0,0,0,0,0,0,0,0,0,0	0,0,0,0,0,0,1,0,0,0	1,0,0,2,0,0,0,0,0,0	0,0,0,0,0,0,0,0,0,0	141	75
4218	8,6,8,10,10,7,15,7,5,9	112,108,89,86,98,90,119,87,99,92	8,9,11,11,3,13,6,6,7,7	103,102,101,113,76,95,92,96,80,94	114	75
4219	10,8,7,4,11,6,7,12,6,5	5,5,3,11,2,4,3,5,4,1	5,4,8,8,8,6,6,9,5,6	3,2,4,2,3,8,8,3,9,5	87	75
4221	4,4,1,2,1,0,3,2,0,2	0,0,0,0,0,1,1,0,0,0	3,2,2,1,1,1,1,0,2,1	0,0,0,0,0,0,0,0,1,0	78	75
4223	11,14,4,10,12,10,14,9,12,6	4,1,3,0,0,2,3,3,5,2	18,14,9,6,17,17,10,12,10,18	2,3,1,1,3,4,0,1,1,1	180	75
4226	15,17,20,12,14,15,11,21,19,13	2,2,4,2,3,0,2,1,0,2	10,13,14,12,12,18,16,9,11,18	0,2,1,0,0,0,3,0,0,4	78	75
4227	14,13,21,11,11,18,17,12,13,23	0,0,0,0,3,1,1,1,1,1	22,21,10,9,10,7,16,21,17,13	3,0,4,1,2,0,0,1,1,1	183	75
4228	10,8,11,5,4,8,15,7,6,5	0,0,0,0,3,1,1,1,1,1	10,8,6,8,8,4,11,3,10,4	3,0,4,1,2,0,0,1,1,1	85	75
4230	18,11,14,18,16,13,10,12,8,16	461,414,351,298,341,328,355,312,264,352	13,15,5,15,16,8,21,14,9,15	358,315,284,396,270,372,313,306,373,319	96	75
4231	768,748,545,556,630,604,682,574,514,676	0,0,0,0,0,1,0,0,0,0	679,624,608,710,573,623,546,632,666,626	0,0,0,0,0,0,0,0,0,0	1984	75
4232	0,1,2,0,1,1,3,0,0,0	3,10,14,11,6,10,8,13,2,17	0,0,0,0,1,0,2,1,0,1	9,16,7,20,12,10,17,9,20,7	82	75
4233	0,0,1,1,0,0,0,1,0,0	55,44,30,31,48,41,20,31,24,37	0,1,1,0,0,0,1,0,0,0	34,37,41,43,35,24,26,46,48,48	94	75
4234	228,244,202,212,314,276,181,217,209,230	1,0,1,1,0,0,0,1,0,1	239,274,218,187,201,189,251,251,312,247	3,1,1,0,0,3,2,5,0,0	585	75
4235	295,295,262,254,375,321,231,261,255,288	3,4,4,3,3,2,5,5,2,3	284,322,259,216,259,242,303,304,386,312	5,1,1,2,1,5,0,0,2,3	718	75
4236	68,51,61,43,61,45,50,45,46,59	3,4,4,3,3,2,5,5,2,3	48,49,42,29,58,56,54,58,74,65	5,1,1,2,1,5,0,0,2,3	208	75
4237	115,121,98,87,116,115,77,85,101,103	2,0,4,3,5,1,1,6,2,3	86,77,81,85,83,83,115,102,167,126	3,4,0,3,2,2,5,3,1,1	164	75
4238	32,34,19,29,23,18,23,28,30,43	36,54,47,46,44,49,42,53,46,41	31,32,24,24,30,31,33,25,22,41	44,52,45,48,42,46,60,48,49,32	599	75
4239	70,69,71,56,57,49,58,72,48,67	1,2,0,0,0,1,2,0,0,0	44,56,54,51,47,64,65,49,59,65	0,0,1,1,1,0,0,0,0,0	181	75
4240	43,44,41,39,24,36,36,45,36,41	1,2,0,0,0,1,2,0,0,0	29,42,31,27,38,47,43,43,39,42	0,0,1,1,1,0,0,0,0,0	234	75
4241	1,5,2,5,6,2,6,2,9,1	28,30,32,22,39,15,28,29,21,27	7,6,3,4,8,7,6,9,5,2	22,20,26,28,17,24,28,15,25,25	128	75
4242	1,4,9,2,6,4,6,3,4,2	29,48,39,40,45,49,33,41,45,41	7,3,2,8,5,5,2,1,8,6	40,35,41,56,40,49,42,61,43,50	250	75
4243	1,3,8,2,6,4,6,1,3,2	29,48,39,40,45,49,33,41,45,41	4,2,3,6,3,3,2,0,6,7	40,35,41,56,40,49,42,61,43,50	291	75
4244	0,0,0,0,0,0,1,0,0,0	0,1,1,0,0,0,1,2,1,0	0,0,1,0,0,1,0,0,0,2	3,1,0,2,2,3,0,1,2,1	116	75
4246	2,1,0,1,0,2,2,3,1,1	1,0,0,0,0,0,1,0,0,0	3,2,0,2,0,3,1,0,1,1	0,0,0,0,1,0,1,0,1,1	94	75
4247	1,1,1,0,0,1,0,0,0,2	0,0,0,0,0,2,0,0,0,0	1,1,1,0,0,3,1,1,0,2	0,1,0,0,2,0,0,0,0,0	78	75
4248	63,74,59,38,58,66,59,55,36,42	0,0,0,0,0,0,0,0,1,1	49,63,47,53,41,44,58,58,62,51	0,1,0,0,0,0,0,0,2,0	208	75
4250	0,1,0,0,2,0,0,1,0,2	0,0,0,0,0,0,1,0,0,2	0,0,1,0,0,0,0,0,0,1	1,0,0,0,0,0,0,0,0,0	79	75
4252	11,1,1,3,1,1,0,3,2,0	12,2,2,6,3,1,7,5,3,2	1,3,1,2,1,2,5,0,1,6	4,2,3,5,4,7,0,3,0,3	78	75
4253	5,11,5,9,8,18,12,13,5,11	0,0,0,0,0,0,0,0,0,0	24,13,13,13,21,12,12,24,12,13	0,0,0,0,0,0,0,0,1,0	103	75
4254	1,4,1,2,0,0,2,3,0,4	12,7,5,6,5,3,11,8,0,2	2,6,3,1,2,3,5,3,3,0	6,3,6,10,4,10,7,12,8,8	78	75
4257	0,0,0,0,1,1,1,0,0,0	2,2,1,4,5,2,5,5,2,2	2,1,0,0,1,0,0,0,0,0	1,5,4,2,6,5,2,3,8,5	172	75
4258	3,8,3,3,0,0,2,1,0,3	0,0,0,0,0,0,0,0,0,0	1,0,5,2,0,0,0,4,1,9	0,0,1,0,0,0,0,1,0,1	159	75
4259	38,22,28,30,34,34,32,44,19,36	0,0,0,0,0,0,0,1,0,1	43,39,30,49,29,40,33,27,45,35	0,0,1,0,0,0,0,0,0,2	493	75
4260	24,21,27,19,22,29,24,22,14,26	17,13,22,13,19,14,23,19,9,12	28,31,20,18,21,29,24,19,26,30	13,31,16,13,13,17,21,17,21,12	150	75
4261	12,23,18,5,16,18,13,8,12,20	45,30,37,32,24,27,42,24,32,28	19,23,18,20,19,14,13,23,16,11	31,53,42,27,33,36,38,40,38,41	177	75
4262	38,40,39,22,32,43,33,21,34,49	45,30,37,32,24,27,42,24,32,28	48,40,36,48,46,28,35,45,38,32	31,53,42,27,33,36,38,40,38,41	354	75
4263	29,22,24,19,23,29,21,16,26,29	3,5,3,2,7,4,1,3,4,0	32,21,23,30,29,16,23,24,29,23	3,4,5,2,2,2,1,2,7,2	252	75
4264	0,0,0,2,3,0,0,2,0,1	1,2,0,0,2,0,0,0,0,3	0,1,1,0,1,1,2,1,0,1	0,0,1,0,3,0,0,0,2,1	84	75
4265	29,26,33,23,28,40,27,30,22,26	0,0,0,0,0,0,0,0,0,1	31,35,21,33,27,38,25,28,38,40	0,0,0,0,0,0,0,0,0,0	165	75
4266	0,1,0,1,1,2,1,0,1,1	0,1,0,1,0,0,0,0,0,0	0,0,0,0,1,0,0,0,0,1	0,0,0,0,0,0,0,1,1,0	107	75
4268	348,387,318,343,307,321,352,375,290,428	7,11,9,12,8,11,14,14,8,18	385,382,359,340,356,338,400,390,502,433	13,11,10,7,9,22,15,17,10,10	1865	75
4270	150,139,125,128,138,112,116,137,107,154	559,602,488,510,478,541,607,510,476,616	119,136,99,115,130,131,134,120,139,120	538,556,496,563,522,589,575,614,587,567	78	75
4271	0,0,1,0,0,0,0,0,0,0	1,0,0,0,0,0,0,0,0,0	0,0,0,0,0,0,0,0,1,0	1,0,0,0,0,1,0,0,1,0	93	75
4272	39,40,24,43,50,40,33,42,40,41	2,0,2,0,3,0,0,0,0,0	47,36,36,36,41,34,42,40,34,35	1,1,0,0,0,2,1,0,1,0	79	75
4273	16,15,14,18,20,19,25,17,21,23	4,4,6,5,7,4,6,6,6,1	22,17,18,25,17,12,17,17,22,23	16,6,9,14,10,6,9,4,4,7	87	75
4279	5,15,13,17,10,16,11,12,12,11	5,3,2,5,7,4,1,2,5,6	7,13,13,12,10,10,12,19,15,9	6,8,2,7,3,3,7,12,6,7	145	75
4280	9,30,21,29,24,29,20,26,28,19	5,3,2,5,7,4,1,2,5,6	18,19,23,24,24,17,24,26,29,33	6,8,2,7,3,3,7,12,6,7	149	75
4281	4,15,8,12,14,16,10,15,16,8	0,0,0,0,0,3,1,1,0,0	11,10,10,12,15,7,13,9,15,24	0,4,0,0,1,0,1,2,1,0	79	75
4282	5,9,7,2,2,7,4,6,4,2	0,0,0,0,0,0,0,0,0,1	8,10,8,4,9,9,4,5,7,4	0,0,1,0,0,0,0,0,0,0	232	75
4284	1,4,0,0,1,0,0,1,0,0	2,5,2,4,4,3,2,0,2,4	0,2,0,1,0,1,0,0,0,0	4,6,4,5,3,1,2,5,5,3	216	75
4285	0,4,0,1,1,0,0,1,0,0	2,5,2,4,4,3,2,0,2,4	0,2,0,1,0,1,0,0,0,0	4,6,4,5,3,1,2,5,5,3	204	75
4286	160,158,135,131,164,138,172,161,154,180	3,1,0,2,1,1,6,0,6,3	193,189,141,136,175,161,173,141,184,122	1,1,3,3,2,8,3,3,2,2	375	75
4287	44,28,27,26,33,23,37,29,39,28	132,127,112,123,112,81,118,94,114,128	41,30,29,27,35,26,25,33,34,27	107,122,125,98,108,100,125,131,119,118	105	75
4292	130,109,119,114,94,117,120,104,103,120	0,0,2,0,0,0,1,1,0,0	99,96,90,111,116,129,89,123,117,114	0,0,0,0,0,0,0,0,0,0	479	75
4294	0,1,0,1,0,0,0,1,1,0	22,26,22,37,36,36,38,21,38,42	0,0,0,0,1,0,0,0,0,0	42,39,33,35,34,31,41,26,35,30	95	75
4295	0,0,0,1,2,4,1,1,0,2	14,6,9,11,12,12,9,8,15,11	1,3,1,1,0,4,1,3,2,2	20,12,6,8,9,15,11,21,12,15	78	75
4296	2,0,2,2,1,1,5,1,1,3	2,3,5,7,3,7,1,5,7,2	1,3,0,2,3,2,1,1,3,0	4,4,4,2,4,2,5,6,13,5	84	75
4297	7,15,10,4,4,10,8,6,11,10	1,3,5,2,2,5,0,3,0,1	10,8,9,10,7,8,4,13,11,6	0,1,2,3,1,1,0,0,1,0	78	75
4298	14,7,8,6,7,10,9,7,11,8	2,0,1,0,1,0,0,0,0,0	7,3,5,13,5,12,8,8,12,11	0,1,2,0,0,1,0,0,0,1	87	75
4299	30,23,19,16,28,32,29,18,13,17	0,0,0,0,1,1,0,0,0,0	30,32,20,22,15,28,27,36,13,36	0,0,0,0,0,0,0,0,0,0	181	75
4300	64,55,41,39,71,68,58,42,36,43	4,2,0,5,1,1,3,3,6,2	59,60,34,50,40,54,53,64,46,71	2,4,1,1,2,3,1,4,2,1	181	75
4301	66,55,42,40,73,69,63,45,36,46	4,1,0,3,0,3,2,4,3,3	62,60,34,51,41,56,53,65,50,74	0,4,0,2,0,0,4,0,5,3	184	75
4302	6,2,1,6,3,2,8,6,6,5	4,1,0,3,0,3,2,4,3,3	5,4,1,2,3,5,1,5,6,4	0,4,0,2,0,0,4,0,5,3	78	75
4303	29,37,24,23,20,24,18,22,26,25	1,1,0,2,1,2,0,0,0,1	29,28,29,39,32,22,24,35,36,41	0,3,0,0,0,3,0,2,0,1	79	75
4305	31,24,27,23,23,25,32,26,34,31	2,1,3,2,3,0,5,6,3,3	34,30,27,23,30,36,23,26,25,19	3,2,3,3,5,3,4,6,3,3	147	75
4306	0,0,0,1,1,0,0,0,0,0	0,0,0,0,0,1,0,0,0,0	1,0,0,0,0,0,2,1,1,0	0,0,0,0,0,0,0,0,0,0	82	75
4307	16,8,11,10,11,14,15,8,11,12	0,2,3,2,0,0,4,2,0,1	8,17,12,14,6,7,8,14,16,13	1,1,1,3,1,0,1,1,2,2	107	75
4308	5,5,2,7,4,6,4,2,6,6	0,0,0,0,1,1,0,1,0,0	5,2,3,4,5,3,7,9,8,5	0,2,0,0,0,2,0,1,0,0	100	75
4309	36,35,44,39,37,42,53,51,32,48	39,38,19,17,34,27,32,37,30,25	31,38,32,34,36,45,48,33,27,27	27,28,21,29,39,39,30,32,30,20	144	75
4310	142,177,129,102,120,99,144,133,107,131	9,16,21,11,14,10,16,19,11,16	132,113,129,119,122,129,116,115,93,103	18,13,10,10,14,15,16,9,5,8	105	75
4311	5,4,0,1,0,7,2,3,2,7	6,11,11,8,7,13,8,14,10,7	2,4,6,5,3,5,2,3,1,2	5,9,9,6,13,6,4,9,11,12	85	75
4313	0,1,0,2,0,1,0,0,2,0	4,2,0,0,0,1,5,1,0,1	0,0,2,1,3,1,0,4,0,0	0,2,2,3,0,1,0,0,2,4	81	75
4314	0,0,0,1,0,0,1,1,0,0	4,2,2,2,0,1,5,4,3,5	0,0,0,0,0,0,0,0,0,0	4,8,1,3,3,3,3,5,1,7	127	75
4315	30,55,48,37,37,26,39,21,22,36	0,0,1,0,0,0,0,0,0,0	39,29,31,43,39,31,31,36,31,40	1,0,0,1,0,2,0,0,0,0	105	75
4316	12,7,6,7,9,4,9,7,3,5	7,4,7,4,9,8,20,4,6,12	4,4,4,11,9,2,5,6,3,5	6,10,8,12,8,5,7,12,9,3	140	75
4317	18,17,27,22,40,34,17,34,30,32	1,0,1,1,0,2,0,2,1,0	27,39,49,29,49,27,41,39,49,36	2,0,1,0,0,2,5,2,2,3	144	75
4318	0,1,0,0,0,0,0,0,1,0	29,48,44,53,63,51,42,39,40,55	0,0,0,0,1,0,0,0,0,1	48,50,38,51,37,42,47,46,48,50	115	75
4320	3,2,3,2,2,2,1,2,0,1	47,56,44,57,58,49,48,60,62,76	5,4,3,1,3,2,2,1,3,2	56,57,49,60,72,52,58,53,66,57	120	75
4321	61,76,53,51,58,47,76,50,66,72	0,0,0,0,0,0,0,0,0,0	80,60,54,57,58,55,54,52,76,67	1,0,0,0,0,0,0,0,0,0	196	75
4323	0,0,1,0,0,0,0,0,1,0	0,0,0,0,0,1,1,0,0,0	0,0,0,1,0,1,0,0,0,0	0,0,0,0,0,0,0,0,0,0	90	75
4324	3,3,2,1,1,3,1,1,0,0	11,8,7,6,6,13,8,2,7,6	2,2,0,1,1,1,1,2,1,6	4,3,4,10,6,7,8,13,6,9	144	75
4325	9,11,16,10,17,9,9,14,7,11	0,0,0,0,0,0,0,0,0,1	9,16,9,12,14,10,8,19,8,10	0,0,0,0,0,0,0,0,0,0	255	75
4326	26,19,16,14,14,22,8,12,11,24	0,0,0,0,0,0,0,0,0,0	21,14,10,30,14,17,22,29,33,13	0,0,0,0,1,0,0,0,0,0	168	75
4327	3,4,3,5,2,2,1,2,3,3	13,18,14,18,15,9,20,13,16,21	4,2,2,1,6,3,2,4,4,4	20,23,18,17,26,13,18,17,23,19	87	75
4328	1,0,2,4,0,5,0,1,2,0	5,5,9,6,4,15,11,4,7,11	2,1,1,2,0,0,2,0,4,2	11,6,5,5,5,4,6,7,13,5	79	75
4329	2,5,0,1,2,2,0,4,2,1	13,14,8,11,15,4,8,14,13,10	2,1,2,5,2,0,3,6,4,7	12,13,11,18,14,8,13,16,11,8	173	75
4330	34,33,31,37,35,47,22,41,34,48	111,102,92,101,96,113,98,99,96,76	34,42,32,39,32,39,38,41,38,26	104,107,68,104,94,105,100,116,99,87	78	75
4331	32,27,18,14,10,25,24,19,16,20	2,3,11,4,5,7,4,13,3,5	11,17,12,12,20,15,20,17,16,19	3,6,1,4,1,5,6,1,9,7	78	75
4332	22,29,18,20,23,26,23,23,25,28	1,4,0,3,0,1,1,0,1,1	29,27,20,28,32,30,24,22,31,27	0,1,0,0,0,0,0,2,5,1	166	75
4333	29,22,21,28,33,27,29,27,17,15	0,0,0,0,1,0,0,0,0,1	18,14,21,25,25,29,21,29,14,18	0,0,0,1,0,0,0,0,0,0	81	75
4334	647,652,703,561,639,537,685,619,568,558	0,0,0,0,0,0,0,1,0,0	724,700,583,617,681,695,660,583,700,597	0,0,0,0,0,0,0,0,0,0	2249	75
4335	0,0,0,0,1,0,1,1,1,1	61,53,56,58,65,69,77,60,57,63	1,0,0,0,0,0,2,2,0,0	60,64,52,55,45,74,72,62,60,53	88	75
4337	34,22,23,27,28,21,28,26,20,26	22,13,21,20,11,29,10,22,8,27	33,22,26,30,27,24,21,18,32,22	19,18,27,17,17,22,8,14,22,18	78	75
4338	29,29,32,32,25,25,39,21,20,26	1,2,2,1,0,2,1,1,1,2	33,32,11,33,29,22,43,30,28,27	2,1,1,0,0,0,0,0,2,1	97	75
4339	2,6,5,7,5,2,2,1,3,4	0,0,0,0,1,0,0,1,0,0	10,10,3,4,1,5,5,7,7,5	0,0,0,0,0,0,0,0,0,0	97	75
4341	4,0,0,1,0,1,2,1,0,0	46,42,38,46,40,36,32,35,44,54	2,2,0,1,1,0,6,1,1,3	46,21,33,45,37,37,53,30,39,47	205	75
4342	154,157,114,131,101,120,129,125,107,126	6,8,6,11,12,8,9,11,5,14	143,112,142,121,126,129,145,171,146,161	8,10,5,9,8,10,6,9,12,7	154	75
4343	82,92,76,75,62,68,79,74,51,76	0,0,0,0,0,0,0,0,0,0	80,59,93,70,67,75,77,104,86,98	0,0,0,0,0,0,1,0,0,0	154	75
4345	20,15,10,8,15,10,12,15,11,10	26,46,39,31,41,28,36,31,29,34	20,20,10,17,17,16,15,12,9,17	52,40,28,30,42,35,42,43,65,57	202	75
4346	618,567,521,506,537,575,482,483,621,700	34,41,22,28,35,27,26,30,26,30	671,610,555,550,575,507,549,468,515,525	28,39,26,26,19,28,25,33,38,36	128	75
4347	31,32,32,27,24,23,32,15,28,42	412,392,351,352,392,356,336,374,434,559	42,31,22,22,36,37,35,17,28,23	488,403,374,428,418,384,360,337,397,411	106	75
4348	15,12,20,20,19,10,21,15,14,25	14,17,16,15,15,12,10,11,15,22	12,21,20,13,14,13,13,25,19,18	10,14,12,10,9,14,13,12,7,11	78	75
4349	8,2,9,9,6,5,13,7,7,7	26,20,19,14,13,24,27,17,21,18	5,3,3,6,10,8,5,5,3,5	24,16,17,21,16,12,18,16,20,26	78	75
4350	46,29,26,31,27,33,37,23,27,30	14,3,7,6,7,8,9,3,2,7	39,39,23,25,41,33,34,39,36,26	9,2,5,5,5,6,5,8,9,7	80	75
4351	5,3,6,3,3,3,6,0,8,4	0,1,0,1,0,0,0,0,1,2	6,2,1,3,5,1,6,5,1,5	0,0,0,0,2,0,0,0,0,0	80	75
4352	3,1,1,1,1,1,0,1,0,2	28,33,39,30,30,32,50,42,32,39	1,1,2,3,1,1,0,2,2,0	49,30,49,40,38,28,29,32,38,36	139	75
4353	1,2,6,3,5,1,5,1,2,3	1,1,0,1,0,0,0,0,0,0	4,3,2,2,2,0,1,5,3,3	2,0,0,1,0,1,0,0,0,0	93	75
4354	0,2,1,1,1,2,1,4,1,0	8,9,12,7,8,10,15,5,6,8	1,1,1,1,0,2,1,3,2,1	8,15,8,4,14,5,9,6,6,13	108	75
4355	9,5,6,4,4,8,1,1,8,5	0,1,0,0,0,0,0,0,0,0	5,5,3,6,3,4,5,5,1,4	0,0,0,0,0,0,0,0,0,0	80	75
4357	27,19,31,22,26,28,26,25,16,32	4,2,3,1,2,2,4,1,0,4	33,26,23,34,29,24,27,26,32,15	3,6,1,1,3,1,4,3,4,3	112	75
4358	4,7,6,3,3,2,3,3,5,9	50,36,33,26,42,29,54,35,48,52	4,4,8,3,7,8,4,5,6,4	46,40,40,41,50,29,38,42,67,34	78	75
4359	1,0,0,0,0,0,1,0,4,0	1,0,0,1,0,0,0,0,1,0	0,1,2,0,0,0,0,0,1,1	0,0,0,0,0,0,0,0,0,0	78	75
4360	5,1,3,5,0,1,2,0,0,0	2,2,1,2,4,5,11,3,6,10	1,1,2,2,4,6,2,1,4,4	6,4,1,2,4,4,8,3,5,9	120	75
4361	5,1,3,5,0,1,2,0,1,0	0,0,0,0,3,0,0,0,0,1	1,1,2,2,4,6,2,1,5,4	0,2,0,0,0,0,0,2,0,2	123	75
4362	2,2,1,2,4,5,11,3,7,10	0,0,0,0,3,0,0,0,0,1	6,4,1,2,4,4,8,3,6,9	0,2,0,0,0,0,0,2,0,2	78	75
4363	3,4,3,6,3,0,3,2,2,1	1,1,0,3,1,0,1,2,2,4	4,2,6,2,6,0,2,2,1,0	0,2,2,0,3,3,5,2,2,1	80	75
4364	14,24,18,24,11,11,18,8,27,18	0,1,1,1,0,0,0,1,0,0	19,16,19,20,15,16,9,20,27,10	1,0,0,0,1,0,0,0,0,0	78	75
4365	609,540,471,451,511,496,543,517,425,674	22,20,13,13,11,22,20,20,16,23	587,463,463,501,495,504,547,623,810,636	23,13,17,17,14,13,16,15,10,21	79	75
4366	0,0,0,0,2,0,0,0,1,1	98,57,66,67,65,73,68,74,83,59	0,0,0,0,0,0,0,0,2,0	70,73,68,76,75,77,68,51,84,87	106	75
4370	123,125,100,106,115,93,146,109,110,128	0,0,0,2,0,0,0,0,0,0	98,121,133,131,131,125,106,100,110,122	1,1,1,0,0,2,0,1,0,0	123	75
4371	4,8,4,2,2,5,4,4,1,0	10,3,1,2,3,5,3,4,2,3	4,7,3,7,4,6,6,6,3,6	5,3,2,3,8,7,5,6,4,4	78	75
4372	121,121,95,114,121,123,143,113,115,84	10,3,1,2,3,5,3,4,2,3	121,121,110,107,121,126,130,105,91,87	5,3,2,3,8,7,5,6,4,4	93	75
4373	121,121,95,114,121,123,143,113,115,84	4,8,4,2,2,5,4,4,1,0	121,121,110,107,121,126,129,105,91,87	4,7,3,7,4,6,5,6,3,6	90	75
4374	88,107,92,88,82,118,86,101,76,97	0,0,0,0,0,0,0,0,0,0	80,102,83,82,65,80,92,99,100,111	0,0,0,0,1,0,0,0,0,0	259	75
4376	0,0,1,1,0,0,0,0,1,1	43,39,28,48,50,48,40,46,41,45	0,0,1,2,1,0,3,0,0,0	46,41,41,55,51,45,48,58,47,44	95	75
4378	0,0,1,0,0,0,1,0,1,0	81,75,94,89,68,75,93,81,73,79	0,0,0,0,0,0,1,1,0,0	78,68,88,68,75,87,67,68,95,89	81	75
4382	85,70,80,65,83,69,92,68,56,84	2,1,5,3,5,2,3,3,0,7	91,79,71,74,91,69,65,78,78,67	5,2,6,1,1,5,1,4,1,1	97	75
4383	4,3,4,2,3,3,7,5,3,4	148,177,126,88,140,128,142,130,132,129	3,6,3,6,5,6,6,3,8,4	159,154,127,142,134,148,120,143,128,112	323	75
4385	2352,2398,2018,2087,2263,2067,2409,2097,2073,2388	5,5,5,9,5,4,5,7,4,9	2358,2282,2127,2212,2429,2434,2120,2333,2273,2131	6,5,2,3,8,5,10,6,7,5	5218	75
4386	2,1,3,6,3,0,3,2,1,4	0,0,0,0,0,0,0,0,0,0	1,0,1,2,2,1,2,3,2,3	0,0,0,2,0,0,0,0,0,0	79	75
4389	4,8,5,6,7,7,9,14,5,7	47,48,37,41,41,50,35,36,33,56	16,7,6,18,7,5,11,11,15,8	39,45,32,31,45,34,38,46,37,45	266	75
4391	1,2,2,4,2,2,2,4,2,5	47,48,37,41,41,50,35,36,33,56	9,1,3,6,2,3,4,1,6,6	39,45,32,31,45,34,38,46,37,45	148	75
4392	1,1,0,4,0,2,0,3,0,0	47,48,37,41,41,50,35,36,33,56	6,0,1,2,0,2,3,0,4,3	39,45,32,31,45,34,38,46,37,45	128	75
4393	94,89,78,101,88,124,86,88,65,112	0,0,0,1,0,1,0,1,0,1	101,111,103,97,86,106,82,84,100,91	0,0,1,0,0,0,0,2,1,0	126	75
4394	122,156,124,113,125,116,127,121,111,142	1,1,0,0,0,0,0,0,2,0	157,133,110,124,134,128,132,126,154,132	0,0,0,0,0,0,0,0,0,0	165	75
4395	118,114,99,88,104,111,95,104,98,102	1,0,0,2,0,0,0,0,0,0	111,106,87,99,108,108,80,81,90,96	0,0,0,0,1,1,0,0,1,0	87	75
4396	131,128,104,97,113,119,104,119,105,114	4,3,3,4,3,2,4,5,2,1	121,113,94,105,126,119,91,93,103,103	5,2,2,1,4,6,3,5,5,5	117	75
4397	14,14,5,11,9,8,9,15,7,12	4,3,3,4,3,2,4,5,2,1	10,7,7,6,19,12,11,12,14,7	5,2,2,1,4,6,3,5,5,5	105	75
4398	35,33,35,36,38,41,41,33,46,52	1,0,0,0,1,0,0,0,0,0	41,34,43,36,40,38,47,32,57,36	0,0,0,0,0,0,0,0,0,0	860	75
4399	16,29,15,19,19,27,18,12,14,34	0,0,0,0,0,0,1,0,1,0	26,19,18,15,11,14,13,8,11,15	0,1,0,1,0,0,1,1,1,1	117	75
4400	6,2,4,2,3,5,2,9,3,3	40,40,29,43,25,37,41,36,39,57	2,3,5,2,6,4,6,4,1,4	51,48,31,41,34,50,49,32,40,26	94	75
4401	62,53,43,39,45,41,45,68,41,44	0,0,0,1,0,0,1,5,0,0	37,42,47,50,41,56,53,53,61,39	1,0,0,0,0,0,1,1,0,0	79	75
4403	19,43,22,44,39,26,42,25,40,23	4,4,3,0,5,6,5,1,5,3	33,33,27,29,28,27,29,44,39,28	3,2,5,6,4,1,5,3,3,4	78	75
4406	50,41,28,38,40,55,32,52,28,41	0,1,0,0,0,0,0,0,1,0	46,41,32,52,56,46,39,25,47,28	0,1,0,1,0,0,0,0,0,0	115	75
4407	20,22,9,15,21,12,27,23,15,20	35,32,18,17,25,22,37,36,23,20	16,20,15,19,25,21,18,20,31,26	21,19,21,34,13,23,27,34,34,30	78	75
4408	8,9,10,6,14,9,7,4,8,19	50,46,42,39,53,47,46,46,27,39	12,8,2,11,5,7,19,12,6,6	38,42,49,61,41,34,45,41,45,47	215	75
4409	238,252,245,243,285,199,212,218,161,331	0,0,0,1,0,1,0,0,1,0	296,233,258,254,222,232,377,277,286,243	0,1,0,1,0,0,0,0,0,0	2204	75
4410	0,0,1,1,1,1,1,0,0,0	0,0,0,0,3,1,2,0,3,2	0,1,2,2,0,1,1,0,2,0	1,1,1,0,0,3,1,0,1,1	109	75
4411	13,26,12,16,20,15,23,20,20,14	0,0,2,2,0,2,0,0,1,1	11,22,15,31,19,25,14,25,23,24	0,1,1,0,3,1,3,2,0,2	103	75
4412	5,11,2,9,10,12,14,12,8,9	0,1,7,0,2,4,0,3,1,1	5,14,5,11,7,16,9,7,11,2	0,0,2,1,0,8,0,2,2,1	78	75
4414	161,116,104,73,126,77,158,121,138,137	0,0,0,0,0,1,0,0,0,0	121,121,100,151,99,160,189,132,100,111	0,0,0,0,0,0,1,0,0,0	92	75
4415	48,60,67,78,63,73,66,45,55,86	16,8,10,11,8,13,13,9,8,5	75,71,70,59,63,83,66,59,53,76	11,4,19,8,10,9,11,10,10,8	78	75
4417	3,5,2,1,7,6,4,1,2,2	0,0,0,0,0,0,0,0,0,1	5,8,2,1,6,2,3,2,3,5	2,0,0,0,1,0,3,1,0,2	78	75
4418	12,14,13,8,14,6,10,16,17,18	0,0,1,0,0,2,0,1,1,0	8,11,9,13,19,13,11,8,6,10	1,0,0,1,1,0,0,0,4,1	121	75
4419	4,6,3,5,3,8,1,4,3,4	11,7,13,4,8,3,3,4,4,2	6,2,3,4,2,4,3,7,8,5	8,1,3,5,4,6,8,5,7,1	119	75
4420	51,72,44,42,37,39,60,49,41,36	117,135,102,106,76,76,147,114,116,82	59,62,43,50,33,65,41,42,32,34	116,113,65,122,108,110,88,80,93,66	116	75
4421	9,14,8,9,5,8,18,12,7,13	14,6,5,5,12,6,15,6,8,6	17,17,17,11,13,12,12,6,7,9	4,8,10,9,5,4,3,6,8,8	384	75
4422	8,4,8,4,8,5,4,6,6,5	33,23,34,27,30,24,27,20,21,25	2,9,5,14,7,12,16,7,9,10	32,35,28,24,35,20,17,22,32,26	126	75
4423	0,0,0,0,0,0,0,0,0,1	83,68,76,69,68,74,83,80,60,63	0,0,1,0,1,0,0,0,0,0	79,61,84,73,61,89,72,65,58,59	89	75
4424	53,60,48,39,49,57,60,53,51,52	0,0,3,0,0,0,0,0,0,0	52,49,31,54,50,53,64,53,71,67	1,1,0,0,1,0,0,0,1,2	125	75
4426	27,17,20,24,32,24,27,32,21,22	0,0,0,3,1,3,0,1,0,1	12,22,19,24,19,13,31,27,23,7	1,1,1,2,0,0,0,1,1,0	113	75
4427	44,30,41,30,49,40,44,48,37,33	0,0,0,0,2,0,0,0,0,0	22,34,29,33,31,17,53,43,44,12	0,1,1,0,0,0,0,0,0,0	156	75
4428	17,13,21,9,18,19,17,17,16,12	0,0,0,0,2,0,0,0,0,0	11,13,11,11,12,4,22,17,22,5	0,1,1,0,0,0,0,0,0,0	118	75
4429	1,0,1,3,0,0,0,1,0,0	37,26,34,39,28,42,28,26,32,42	1,0,0,0,1,1,0,1,3,0	38,43,19,24,32,28,26,47,40,34	123	75
4430	23,30,29,24,31,28,28,28,15,19	12,22,22,14,6,4,13,11,9,14	34,31,28,20,31,36,41,21,12,14	8,12,13,6,13,18,13,12,11,7	78	75
4431	41,33,38,36,34,40,37,46,25,50	0,0,0,0,0,1,0,0,0,0	34,46,34,33,41,47,46,44,41,50	0,0,0,0,1,0,1,0,0,0	79	75
4433	10,9,5,1,2,3,10,15,6,14	1,0,4,0,6,1,3,3,5,1	8,3,5,10,7,6,9,1,4,12	1,5,1,3,4,4,3,3,1,2	78	75
4435	30,25,21,24,28,18,14,16,14,19	47,38,37,36,40,46,37,23,31,39	18,22,20,21,18,19,20,18,28,27	46,42,35,20,35,37,34,33,41,57	78	75
4436	16,26,25,9,17,30,14,16,29,8	3,2,3,0,0,5,2,1,1,1	14,17,19,13,14,19,13,18,18,23	4,0,2,2,2,3,3,3,1,3	78	75
4437	102,92,99,84,82,69,90,88,75,111	2,0,0,0,0,0,0,0,0,0	91,103,82,91,80,92,101,89,98,85	0,0,0,0,0,0,0,0,0,0	141	75
4438	8,11,15,16,12,8,14,11,9,13	23,26,25,22,27,25,32,20,29,22	10,10,16,18,17,9,7,15,9,6	27,29,25,27,34,24,25,14,21,18	87	75
4439	23,18,20,13,17,9,16,21,20,22	0,0,0,0,0,0,0,0,0,0	16,11,26,20,29,19,17,16,28,14	0,0,0,1,0,0,0,0,0,0	78	75
4440	4,2,4,6,3,5,6,2,4,3	0,0,0,0,0,0,1,1,0,0	1,4,0,6,4,3,1,1,1,2	1,0,0,0,0,0,0,0,0,0	78	75
4444	6,4,5,5,2,2,0,5,2,6	0,0,0,0,0,0,0,0,0,1	1,7,4,1,0,2,3,3,4,1	0,0,0,0,0,0,0,0,0,0	135	75
4445	0,0,2,1,0,2,0,0,2,1	0,1,1,0,1,1,0,1,0,0	0,1,0,0,1,0,0,0,0,0	0,0,3,0,0,0,0,0,0,1	82	75
4446	1,0,0,0,2,0,2,1,0,1	1,1,0,1,0,0,0,0,0,1	7,0,0,1,0,1,1,1,3,0	0,0,0,1,1,1,1,1,0,0	78	75
4449	9,3,10,3,5,2,7,7,9,5	0,0,2,0,1,0,0,0,0,0	7,8,6,2,6,7,7,6,12,3	1,0,0,0,0,0,0,1,0,0	87	75
4450	21,15,6,11,10,17,29,16,15,10	0,2,3,3,1,3,3,1,2,3	5,17,9,6,5,15,10,12,6,13	5,1,6,0,0,1,1,0,2,3	84	75
4451	13,19,14,11,12,13,14,18,7,8	0,0,0,0,0,0,1,0,0,0	7,9,18,28,19,26,10,25,18,8	0,0,0,0,0,0,0,3,1,0	133	75
4452	25,38,24,29,32,34,27,25,26,25	0,0,0,0,0,0,0,0,0,0	30,30,32,23,40,23,35,29,38,25	0,0,0,0,1,0,0,0,0,0	1820	75
4454	5,19,5,10,11,6,7,15,10,11	2,4,2,0,2,4,0,2,0,5	8,12,8,9,14,13,12,10,17,8	1,2,2,1,0,0,2,5,2,2	135	75
4455	236,204,163,149,163,157,147,169,181,168	81,81,63,70,73,66,80,52,69,74	198,182,159,172,137,196,196,174,163,133	100,76,62,80,68,98,74,79,71,70	171	75
4456	0,0,0,1,0,2,0,0,0,0	12,5,4,3,8,7,3,7,13,5	0,0,0,0,0,0,0,0,0,0	8,8,6,8,7,8,5,6,9,7	90	75
4457	21,24,10,14,15,17,27,8,19,21	1,0,0,1,2,2,0,0,0,0	22,31,11,13,21,17,22,20,27,11	0,0,0,0,0,0,0,1,0,0	80	75
4458	3,1,2,0,0,1,3,0,1,4	19,27,17,20,19,25,20,14,17,26	0,0,0,0,2,1,1,0,3,1	20,23,11,13,28,14,12,24,21,13	123	75
4459	21,20,24,19,15,14,28,16,19,24	3,1,1,1,0,0,2,2,0,0	19,11,16,10,16,15,16,16,16,13	1,0,1,1,5,3,0,0,1,0	81	75
4460	8,6,9,8,3,4,7,5,8,4	6,8,2,4,6,3,3,4,6,3	7,5,7,9,4,4,7,4,5,4	2,5,3,3,4,8,4,4,1,3	78	75
4461	2,1,0,2,1,0,0,1,2,0	0,1,0,3,2,4,0,2,1,5	1,0,1,3,1,0,1,0,4,0	0,1,1,0,1,1,1,3,3,1	130	75
4463	33,30,27,22,23,31,29,23,22,30	0,0,0,1,0,0,0,0,0,0	28,34,39,39,23,30,36,26,31,33	0,0,0,0,0,0,0,0,0,0	826	75
4464	0,0,0,0,0,0,0,0,1,0	61,64,52,49,55,52,59,37,37,41	0,0,0,0,0,0,0,0,0,0	50,52,51,46,55,59,51,57,41,40	87	75
4465	0,1,0,4,6,2,1,1,0,1	3,1,2,5,10,7,1,5,2,3	1,5,7,1,1,4,2,0,1,2	4,4,5,6,4,4,3,5,4,4	87	75
4466	27,21,8,13,21,17,27,18,21,26	40,35,47,32,25,43,40,34,31,38	35,26,24,11,21,20,24,25,14,9	38,50,37,42,39,41,34,21,34,38	78	75
4468	11,11,9,2,12,11,12,9,6,11	59,61,48,61,65,59,53,63,48,52	10,20,8,6,8,6,17,16,10,23	60,63,49,77,62,71,64,54,45,55	108	75
4469	197,181,172,143,179,136,200,169,154,163	3,6,4,2,1,1,5,6,2,3	197,203,154,182,161,169,171,186,190,161	4,5,3,1,3,3,0,2,2,1	244	75
4470	0,0,0,0,0,0,0,0,0,0	3,4,1,1,1,1,1,3,3,7	0,1,1,0,0,0,0,0,0,0	1,1,0,1,2,3,1,0,1,1	78	75
4471	2,0,4,0,2,1,1,0,2,1	1,2,1,2,3,1,2,1,3,4	6,1,1,1,3,0,1,2,4,3	5,4,5,2,1,0,1,3,3,0	707	75
4472	6,9,7,7,8,8,9,8,8,12	0,0,0,1,0,1,0,0,0,1	11,9,5,7,9,9,16,7,11,8	1,0,0,0,0,1,0,0,0,0	78	75
4473	2,5,3,4,2,1,1,3,3,1	1,0,0,0,0,0,0,0,1,0	5,2,2,0,2,3,1,0,2,0	0,0,0,0,0,1,0,0,0,0	80	75
4474	2,0,0,2,1,1,1,0,0,0	18,12,21,16,27,23,10,12,14,19	0,3,0,0,1,0,0,0,1,2	24,12,14,24,32,18,14,18,14,16	93	75
4475	15,10,6,12,10,7,12,10,21,10	2,3,1,3,0,2,4,0,1,0	19,12,11,4,14,8,13,7,9,15	2,3,1,0,1,2,2,6,2,1	156	75
4476	31,22,27,26,36,29,21,22,35,29	2,3,1,3,0,2,4,0,1,0	43,21,25,28,45,26,27,25,22,29	2,3,1,0,1,2,2,6,2,1	138	75
4479	1,3,3,2,1,0,1,3,0,3	5,4,4,8,5,9,5,4,8,9	4,1,2,2,1,2,6,2,2,0	5,8,6,6,4,7,3,7,10,9	78	75
4481	85,96,93,71,95,81,91,74,65,76	162,191,210,154,243,200,199,172,158,169	80,73,66,63,59,60,74,112,120,94	196,181,147,192,151,178,188,237,253,228	78	75
4482	1,0,1,0,0,0,2,0,0,1	1,0,3,0,0,0,2,0,0,1	0,0,0,0,0,1,1,0,0,0	0,0,0,2,0,0,1,1,1,0	78	75
4483	8,7,10,6,9,12,11,11,11,11	8,2,6,3,8,11,4,3,3,6	14,12,4,4,5,4,5,7,9,9	3,5,5,6,2,1,3,9,5,5	169	75
4484	11,14,15,16,16,6,21,11,18,21	4,7,5,4,4,5,2,3,7,7	24,17,13,15,15,19,16,17,25,9	3,6,2,5,7,3,7,7,5,1	93	75
4485	20,14,15,22,13,9,12,14,14,18	2,0,3,0,1,2,3,0,6,3	14,15,17,9,18,13,9,14,17,14	0,1,0,1,2,3,2,4,3,1	78	75
4486	0,0,0,0,0,0,0,0,0,0	31,21,25,20,27,37,25,28,32,31	0,0,0,0,0,0,0,1,0,0	40,19,22,9,31,39,33,28,28,20	103	75
4487	2,0,1,2,1,2,1,0,1,2	62,78,52,64,59,42,74,61,37,50	2,4,0,1,0,0,2,3,0,2	57,48,51,67,58,52,51,59,72,47	105	75
4488	1,1,1,1,4,2,2,0,1,0	15,21,15,22,21,22,17,20,16,26	0,1,1,6,0,1,1,1,1,5	18,16,15,21,18,21,16,22,15,34	170	75
4489	0,2,2,1,3,2,3,3,2,2	0,0,0,0,0,0,0,0,0,0	2,2,0,0,2,2,0,3,5,2	0,0,0,0,0,0,0,0,0,1	167	75
4490	26,31,25,32,52,32,40,37,39,34	0,0,0,0,0,0,0,0,0,0	26,29,23,15,40,16,33,51,42,23	1,0,0,0,0,0,0,0,0,0	263	75
4491	1,1,0,0,3,2,1,1,0,0	227,186,166,146,183,153,202,149,149,152	3,0,0,0,1,1,1,1,0,2	167,168,140,143,151,166,181,163,160,145	114	75
4493	54,63,64,64,54,43,76,69,57,77	0,2,0,1,1,2,3,1,0,0	65,71,50,72,51,73,76,80,101,90	0,0,0,0,2,0,0,0,0,0	79	75
4494	137,120,145,119,123,126,145,132,118,125	0,0,0,1,0,0,1,0,0,2	93,138,99,112,127,112,156,111,124,98	0,0,1,1,0,0,0,0,2,0	257	75
4496	6,7,10,7,9,3,4,6,10,8	0,0,0,0,0,0,0,0,0,0	7,12,11,13,14,10,11,9,3,4	0,0,0,1,0,0,1,0,0,0	78	75
4497	0,0,2,0,0,0,0,0,0,0	10,18,7,5,14,12,15,13,4,10	0,0,0,0,0,0,0,0,0,2	9,8,11,9,9,8,10,6,9,8	88	75
4498	0,0,0,0,0,0,2,0,0,0	54,70,49,69,86,79,58,59,53,50	0,0,0,0,0,0,0,0,0,0	53,70,39,60,59,59,66,73,88,100	97	75
4500	0,2,0,1,0,0,0,0,1,0	19,16,20,21,22,17,23,18,21,20	1,1,1,0,1,0,0,0,1,0	21,22,15,22,15,26,27,25,32,22	210	75
4501	22,29,19,18,23,23,21,30,16,16	0,0,0,0,0,1,0,0,1,0	30,23,21,24,19,26,19,24,28,29	0,0,0,0,0,3,0,0,0,0	279	75
4503	167,161,107,112,134,131,175,146,106,157	3,1,5,3,0,1,5,3,2,1	145,139,117,141,135,157,123,122,137,87	6,2,1,2,2,2,4,1,2,1	80	75
4504	163,147,98,89,129,97,133,86,144,125	8,10,7,3,8,8,6,11,5,12	118,121,103,133,102,139,129,123,105,101	11,3,10,5,5,11,17,3,12,3	87	75
4506	30,17,23,29,26,32,38,32,35,25	2,0,0,0,0,1,0,1,0,0	29,29,23,25,23,16,36,35,30,21	2,3,1,1,0,2,0,0,1,0	128	75
4507	17,12,15,6,16,13,11,8,9,10	0,0,0,0,0,0,0,0,0,0	15,11,9,8,21,5,12,15,23,14	0,0,0,0,0,0,0,1,0,0	83	75
4509	2,1,2,1,1,3,7,2,5,1	15,7,9,10,10,15,10,14,14,10	0,2,0,2,2,2,5,3,4,3	10,11,18,24,7,14,8,9,19,15	149	75
4510	55,43,26,45,38,36,47,38,38,34	2,3,3,6,1,2,3,1,0,2	28,40,46,39,43,34,40,35,40,28	0,1,1,0,2,1,2,3,2,1	132	75
4512	0,0,0,0,0,0,0,0,0,0	4,0,1,0,3,2,1,0,1,0	0,0,0,0,1,0,0,0,0,0	1,1,0,2,4,1,0,1,1,0	91	75
4514	0,1,1,2,1,0,1,0,0,1	244,294,228,265,266,250,257,235,243,298	0,0,0,0,2,0,0,0,1,1	313,286,280,269,272,280,282,281,275,240	112	75
4515	5,7,0,4,3,6,3,1,2,2	53,66,52,64,58,40,58,31,42,54	6,3,3,1,5,4,3,2,4,3	66,52,55,41,57,59,58,40,38,58	165	75
4516	23,14,10,7,13,4,8,12,11,12	0,3,1,1,0,0,0,1,0,0	9,13,14,7,6,7,7,8,18,8	0,1,0,0,0,1,0,0,0,0	191	75
4517	0,0,1,4,0,0,0,0,0,1	7,4,4,9,6,5,7,4,7,6	1,1,2,1,0,1,0,1,2,1	6,8,4,8,5,4,8,9,7,9	145	75
4519	3,9,11,5,6,7,4,5,6,5	0,0,0,0,0,0,0,0,0,0	7,9,6,5,8,7,6,4,8,9	0,0,0,0,0,0,0,0,1,1	102	75
4520	0,2,5,2,3,3,0,5,1,2	0,0,0,0,0,0,0,0,0,0	1,4,1,2,3,2,0,2,3,3	0,0,0,0,0,0,0,0,1,1	131	75
4521	0,1,1,0,2,3,0,1,0,1	3,8,7,3,5,7,4,1,5,4	0,1,1,0,1,0,0,1,1,1	6,6,6,3,6,5,6,3,6,7	104	75
4523	61,59,40,41,58,52,62,38,57,49	101,98,74,94,88,78,87,91,94,62	69,47,38,44,47,68,51,39,55,60	98,77,66,96,94,109,62,80,80,72	78	75
4524	5,9,6,9,2,8,9,7,12,9	97,92,104,80,96,100,97,92,98,90	9,5,6,8,10,6,6,8,8,5	94,72,75,85,99,90,84,87,82,71	78	75
4525	34,44,24,39,31,44,30,32,29,36	97,92,104,80,96,100,97,92,98,90	41,33,34,39,24,39,37,40,36,34	94,72,75,85,99,90,84,87,82,71	139	75
4526	34,43,24,39,31,44,30,32,29,36	5,8,6,9,2,8,9,7,12,9	40,33,34,39,23,39,36,40,36,34	8,5,6,8,9,6,5,8,8,5	136	75
4527	88,82,73,80,90,77,104,87,57,85	0,0,0,0,0,0,0,0,0,0	90,75,75,90,70,79,84,95,116,102	0,0,1,0,0,0,0,0,1,0	1198	75
4528	49,41,29,44,52,39,43,40,31,44	3,4,4,2,3,4,4,0,1,2	37,27,34,31,27,40,42,43,54,45	3,2,2,9,6,2,3,4,5,1	93	75
4533	37,19,21,24,12,21,16,13,25,36	1,3,1,1,0,1,0,0,0,1	25,17,19,23,21,21,32,19,29,25	0,0,0,0,1,0,0,0,0,0	342	75
4534	0,0,1,0,0,2,2,0,0,0	14,13,15,13,11,17,16,13,19,17	0,1,2,0,0,0,1,2,2,1	28,17,19,16,14,15,13,12,14,15	118	75
4535	6,7,7,7,8,8,8,14,4,9	1,1,0,0,0,3,4,1,0,4	10,9,18,9,9,6,7,24,13,12	0,3,1,0,0,1,2,3,0,1	92	75
4537	1,2,2,3,2,4,0,0,2,1	0,0,0,0,0,0,0,0,0,0	2,1,3,4,3,3,2,3,5,5	0,0,0,0,1,0,0,0,1,0	79	75
4538	0,0,1,0,1,1,1,0,1,0	0,0,0,0,0,0,0,0,0,0	0,0,0,1,1,1,0,1,2,0	0,0,0,0,0,0,0,0,0,1	79	75
4539	4,1,4,5,2,4,7,3,7,4	314,295,289,313,317,329,334,293,306,363	4,7,2,5,6,8,3,5,6,6	293,379,309,293,345,286,322,386,373,357	87	75
4540	0,1,1,1,0,1,3,1,1,1	81,71,48,50,42,40,59,61,61,68	3,0,2,1,1,0,1,1,0,0	56,78,65,60,54,81,56,46,52,73	110	75
4541	80,72,46,54,59,61,67,55,63,54	0,0,0,0,0,0,0,0,0,0	51,55,57,53,67,76,57,53,67,54	0,0,0,0,0,1,0,0,0,0	138	75
4542	623,635,667,532,618,576,660,663,561,599	0,0,2,0,1,0,1,1,0,1	719,604,559,561,634,624,615,629,661,622	0,0,0,0,1,0,1,0,0,0	7094	75
4543	131,132,104,108,95,139,107,116,125,133	1,2,1,1,2,2,1,1,0,1	118,112,100,118,147,126,138,108,176,128	1,0,0,0,0,2,1,0,1,0	351	75
4544	3,3,5,0,7,0,1,1,3,4	8,14,11,16,10,10,16,10,21,13	3,3,3,3,8,4,1,2,0,1	10,7,14,9,15,9,9,10,8,7	78	75
4545	3,3,7,8,3,7,9,2,5,4	6,14,6,11,8,13,5,8,16,16	4,7,4,2,2,7,4,7,4,1	7,12,10,8,13,11,12,5,13,9	78	75
4546	3,1,1,0,0,1,2,1,3,0	0,0,0,0,0,0,0,0,0,0	0,0,1,2,2,1,1,0,0,1	0,0,1,0,0,0,0,0,0,0	84	75
4547	235,220,197,180,222,252,202,196,209,249	0,0,0,0,0,0,0,0,0,0	218,223,197,218,174,235,229,232,251,231	0,0,0,0,0,0,0,2,0,0	521	75
4549	119,109,112,101,99,100,110,93,116,96	63,76,49,52,60,70,60,53,61,59	108,100,114,117,153,101,85,102,94,95	47,73,59,54,70,46,50,54,44,35	78	75
4550	68,65,52,58,50,43,62,47,66,34	0,2,3,2,0,3,4,2,4,5	39,63,66,61,66,43,50,77,51,44	2,2,0,0,9,2,0,3,0,0	78	75
4551	47,61,60,68,58,73,67,60,79,60	13,14,8,11,5,10,8,9,17,13	53,68,81,66,77,62,56,69,77,51	17,9,13,14,12,15,14,9,12,8	78	75
4552	100,124,104,99,110,115,99,82,112,102	0,0,0,1,0,0,0,0,0,1	109,85,104,93,138,112,89,114,95,80	0,0,0,0,0,0,0,1,0,0	171	75
4553	0,0,0,1,0,1,4,1,1,3	22,18,11,19,16,21,13,20,14,23	1,3,1,1,1,3,1,0,0,0	19,21,8,16,22,14,13,20,20,16	105	75
4554	50,60,31,55,41,45,40,39,54,54	0,3,2,1,1,0,1,2,2,2	61,61,50,46,51,44,55,52,69,48	0,3,0,0,1,1,2,2,4,0	173	75
4556	8,4,5,5,6,2,4,8,3,10	0,0,0,0,1,0,0,0,0,0	5,4,7,10,7,9,15,4,8,3	0,0,0,2,0,0,1,0,0,0	107	75
4559	15,15,22,12,9,13,16,13,7,5	0,0,0,0,0,1,0,1,1,0	11,13,12,16,24,10,12,12,15,9	1,1,1,0,0,0,0,0,0,0	102	75
4560	327,313,311,293,393,381,305,338,297,295	0,0,0,0,0,0,0,0,0,0	316,322,274,312,326,360,312,300,325,227	0,0,1,0,0,0,0,1,0,0	87	75
4561	4,0,5,2,1,1,2,3,4,2	0,0,0,0,1,0,0,1,0,0	1,2,1,2,3,5,2,2,0,0	0,0,0,0,0,0,0,0,0,2	123	75
4562	2,0,3,1,1,0,1,1,1,1	0,0,1,0,0,0,0,0,0,0	0,0,1,1,1,2,0,1,0,0	0,0,0,0,0,0,0,0,0,0	123	75
4563	343,342,268,246,311,307,278,307,273,270	21,18,17,18,23,20,21,19,20,9	325,329,278,282,298,303,268,270,332,282	29,10,8,20,12,23,26,13,28,32	87	75
4565	15,15,7,10,16,18,8,12,16,15	0,1,0,1,1,0,0,1,0,2	12,22,17,20,14,9,18,25,7,15	0,0,2,3,2,4,0,0,0,1	91	75
4566	1,3,2,1,1,0,2,2,2,0	34,41,46,25,49,32,41,29,26,45	1,4,3,5,2,3,1,2,3,2	42,37,15,21,30,33,34,28,36,37	94	75
4567	6,5,11,4,6,4,8,5,6,10	56,75,57,47,49,69,55,73,53,54	8,8,8,6,9,15,2,11,9,6	67,53,42,49,62,50,65,44,51,63	78	75
4568	145,137,143,132,246,171,149,164,169,131	2,1,0,0,4,1,0,2,1,0	168,177,144,170,163,130,159,176,184,156	1,0,2,1,1,1,0,2,4,0	153	75
4569	92,91,85,85,169,122,102,99,100,83	0,0,1,0,0,0,0,0,0,0	102,110,95,106,110,93,106,111,123,92	0,0,0,0,0,0,0,0,0,0	153	75
4570	93,90,88,83,168,122,101,100,99,83	0,0,0,0,0,0,0,0,1,0	101,111,94,106,113,93,103,109,123,90	0,0,0,0,0,0,1,0,1,0	153	75
4571	15,32,17,18,33,24,27,15,19,17	5,0,0,0,0,0,0,1,2,1	16,23,25,25,23,25,27,34,18,14	2,1,1,0,0,1,2,1,1,2	78	75
4572	5,5,2,2,2,0,4,5,1,0	7,7,9,5,14,5,6,9,7,8	2,4,4,2,1,3,4,0,2,2	8,11,10,6,5,13,12,11,10,12	1354	75
4573	355,314,306,291,305,303,337,291,260,310	6,8,9,5,4,6,14,9,2,9	332,342,274,297,339,291,320,298,292,250	8,8,4,5,12,13,14,7,5,9	114	75
4574	0,0,0,1,0,0,0,1,1,1	17,27,26,16,16,19,22,15,18,24	0,1,0,2,1,0,4,0,0,1	18,24,21,23,25,16,21,26,20,18	161	75
4575	1,2,1,0,1,0,0,1,1,2	39,36,23,25,26,26,31,19,19,27	2,1,3,2,1,1,1,0,2,1	29,33,17,27,41,33,30,29,40,30	99	75
4576	0,1,1,0,2,0,1,0,0,1	48,59,49,48,32,41,40,31,36,50	0,1,0,0,0,1,1,0,0,0	51,53,40,45,52,34,47,49,54,40	96	75
4577	15,25,20,14,15,19,14,23,22,18	0,0,0,0,1,0,0,0,1,3	27,24,22,23,23,24,13,26,27,35	0,3,2,0,0,1,2,2,0,0	78	75
4578	1,1,2,2,2,0,1,3,0,1	0,0,0,0,0,0,1,0,0,1	3,4,0,1,4,1,2,4,1,1	1,0,0,0,2,0,0,0,0,0	78	75
4579	19,22,12,11,18,18,12,14,12,13	0,4,2,3,4,1,3,1,0,1	11,19,9,18,12,9,8,13,13,13	3,4,0,4,1,0,4,5,4,2	78	75
4580	252,249,204,211,218,183,264,242,224,250	2,0,0,1,0,1,1,0,0,0	264,253,218,260,178,234,202,243,298,261	0,0,1,0,0,1,1,0,0,0	1501	75
4581	24,21,25,16,16,23,26,23,15,22	8,16,9,15,10,9,11,7,15,9	20,29,17,19,14,21,19,20,34,25	13,14,10,7,9,8,13,12,21,14	78	75
4582	1,4,2,0,1,1,3,1,1,1	7,8,14,9,10,7,8,5,9,12	4,4,3,4,2,1,2,1,2,0	4,15,6,19,9,10,5,7,8,9	374	75
4584	0,0,0,0,0,0,0,0,0,0	4,0,4,2,2,1,4,13,5,4	0,1,0,0,0,0,0,1,0,0	5,12,4,3,3,6,3,1,4,3	811	75
4585	1,0,0,0,0,0,2,0,2,0	7,1,1,1,4,2,1,5,1,3	0,2,1,0,0,0,0,5,2,1	3,4,2,8,2,1,2,3,3,5	145	75
4586	0,0,1,1,1,0,0,0,0,0	4,5,3,4,4,3,3,2,2,4	1,2,0,0,0,0,0,0,1,0	0,8,2,2,4,4,1,3,2,7	112	75
4587	3,4,3,5,6,1,0,2,3,4	3,2,0,0,4,2,1,2,1,0	0,3,1,1,4,8,2,6,6,0	1,0,0,2,1,1,1,2,1,0	78	75
4588	1,0,0,0,0,0,1,0,0,0	1,0,0,0,0,0,0,0,0,0	0,2,1,0,1,1,1,0,1,1	0,0,0,0,0,0,0,0,0,0	243	75
4589	12,12,15,13,13,15,22,21,18,19	2,1,2,0,1,0,2,0,2,1	26,27,13,15,15,19,22,9,23,12	2,1,1,0,1,1,0,0,0,3	171	75
4591	20,21,10,18,22,21,30,19,20,24	63,56,41,52,45,44,48,34,45,46	25,15,22,23,29,19,16,25,24,19	55,60,46,48,58,71,54,56,75,70	78	75
4592	16,9,17,15,9,15,14,23,19,11	1,0,2,2,0,3,1,3,3,2	20,14,14,12,13,11,18,16,11,9	3,0,1,0,2,2,1,1,2,0	78	75
4593	10,17,7,8,7,1,9,7,6,12	1,4,0,1,0,2,2,1,1,1	7,3,5,6,13,7,5,2,12,5	0,0,0,0,3,1,1,0,0,1	78	75
4594	1,2,0,1,1,2,2,1,1,1	0,0,4,2,2,1,1,2,0,3	0,3,1,3,1,1,1,3,1,2	0,1,4,0,1,2,1,2,0,0	94	75
4598	288,254,254,231,227,201,241,233,228,238	4,1,0,0,0,1,0,2,2,5	308,242,249,247,227,294,238,198,229,184	2,0,0,2,1,2,2,1,2,0	329	75
4599	14,20,11,15,13,12,16,13,9,14	45,48,47,43,56,36,44,58,40,56	23,7,14,12,6,14,7,10,5,6	39,48,36,61,41,45,45,46,52,38	78	75
4600	14,14,22,7,18,10,22,17,13,9	0,0,0,0,0,0,1,2,0,0	14,16,25,23,13,14,19,24,17,14	0,0,0,0,0,1,0,0,0,0	111	75
4601	0,0,1,0,0,1,1,0,0,2	5,1,3,5,2,1,1,5,1,10	3,0,0,0,1,0,1,1,1,0	2,5,1,1,5,5,3,0,2,7	94	75
4603	18,22,16,19,17,14,24,27,10,17	8,5,3,4,4,10,1,7,6,4	23,21,15,23,20,20,13,28,23,28	7,11,10,3,7,8,8,12,10,7	78	75
4604	3,6,4,4,3,3,9,9,7,5	13,9,10,4,11,20,14,11,6,7	5,3,7,3,4,0,3,7,7,6	7,11,9,12,12,13,18,11,9,3	102	75
4605	0,0,0,0,0,1,0,0,0,0	15,9,13,11,8,5,9,6,5,15	0,0,0,0,0,0,0,0,0,0	8,16,10,12,10,10,8,15,10,9	96	75
4606	11,8,10,9,7,6,12,4,5,11	4,0,1,2,2,7,3,0,3,0	9,9,12,5,7,12,6,6,13,6	4,1,3,0,3,4,1,0,1,3	78	75
4609	1,3,5,5,5,9,2,3,11,6	1,3,1,5,3,1,2,5,2,5	5,0,4,2,4,1,4,8,11,6	3,3,2,3,2,3,7,3,5,3	163	75
4611	74,50,59,37,48,54,61,45,42,60	49,43,36,46,32,38,46,38,26,30	52,58,42,54,62,67,50,73,70,55	48,32,28,27,38,31,33,46,40,35	93	75
4612	22,15,19,27,19,20,19,20,22,17	51,51,46,45,63,49,55,60,43,53	18,20,21,16,14,31,19,29,33,16	52,52,57,36,41,53,51,57,58,46	78	75
4616	0,0,1,3,3,3,1,3,4,1	0,0,1,2,0,0,1,3,0,0	5,1,3,3,3,3,1,3,0,2	0,0,1,0,0,1,1,0,1,2	78	75
4617	11,17,18,13,20,17,15,18,17,12	11,24,11,9,20,22,16,12,10,12	20,14,16,15,14,19,17,22,15,17	14,11,10,13,23,15,14,10,16,15	258	75
4618	11,17,18,12,17,14,15,18,13,11	11,24,11,9,20,22,16,12,10,12	15,13,14,12,11,17,17,19,16,17	14,11,10,13,23,15,14,10,16,15	255	75
4619	76,79,81,74,89,87,91,81,93,124	2,0,1,0,0,2,1,0,0,0	101,90,67,66,80,82,75,70,109,108	2,0,1,4,0,0,1,0,2,1	961	75
4622	6,3,3,4,4,3,4,2,2,7	0,0,1,0,2,0,0,1,1,0	1,2,0,1,5,2,1,5,6,1	0,0,0,0,0,0,6,3,0,1	88	75
4623	1,1,0,1,0,1,0,1,0,0	0,0,0,0,0,0,0,0,1,0	0,0,0,0,0,0,1,0,0,0	0,0,0,0,0,0,0,0,0,0	88	75
4624	2,3,0,0,0,5,0,1,1,2	2,3,2,2,2,3,2,0,0,0	3,2,3,0,0,0,1,4,2,4	2,0,1,1,0,1,0,4,3,0	151	75
4625	0,3,4,0,1,1,2,2,0,0	0,0,0,0,0,0,0,0,0,0	2,3,1,2,1,4,3,1,5,3	0,0,0,1,0,0,0,0,1,0	105	75
4626	1,1,1,0,3,6,2,2,0,1	16,11,8,8,17,7,13,15,12,14	1,2,1,3,2,2,3,1,0,1	16,6,13,11,11,13,16,11,9,5	78	75
4627	1,1,0,1,1,3,5,1,0,1	0,0,0,0,0,0,0,0,0,0	0,0,0,0,1,2,0,3,3,0	0,0,0,1,0,0,1,0,0,0	78	75
4629	34,34,41,46,43,46,53,43,34,39	3,8,3,1,9,6,6,9,11,5	36,45,29,31,40,36,31,40,28,34	5,6,8,7,2,9,6,4,7,4	79	75
4630	6,6,6,5,4,4,5,3,6,2	0,0,0,0,0,0,0,0,1,0	6,2,2,6,3,7,5,5,3,1	0,0,0,0,0,0,0,0,0,0	160	75
4632	28,9,19,23,24,32,19,12,22,15	79,81,73,78,68,53,78,92,51,63	15,22,21,18,14,21,26,20,26,15	78,67,58,83,55,76,94,69,55,41	81	75
4633	5,0,5,4,7,10,6,1,4,1	0,0,0,0,0,0,0,0,0,1	4,3,3,1,3,5,4,3,2,1	0,2,0,0,0,0,0,0,0,0	81	75
4634	15,16,20,17,22,18,23,26,17,19	10,12,3,10,9,7,15,3,9,5	23,21,21,15,20,24,29,11,27,5	9,10,6,5,7,11,8,6,7,4	78	75
4635	99,82,69,78,71,74,95,86,83,83	4,1,2,3,3,5,0,2,2,3	87,75,89,73,81,71,60,106,80,77	1,3,5,1,4,1,2,2,2,1	129	75
4637	22,18,15,24,22,16,27,27,12,23	4,0,1,1,0,1,1,2,1,0	17,18,24,27,16,13,19,31,28,32	0,0,1,2,1,4,1,0,3,2	96	75
4638	1,1,1,3,1,2,1,1,1,0	73,68,46,38,46,45,53,45,50,52	0,3,0,0,0,1,0,0,0,1	58,59,45,42,33,55,47,56,66,51	164	75
4639	1,0,0,0,0,2,2,0,0,0	18,15,20,13,20,19,21,19,13,38	0,0,0,0,0,0,1,0,0,1	25,23,14,17,17,21,20,20,25,16	109	75
4641	0,1,0,1,0,0,2,0,0,0	28,25,40,17,29,17,24,24,23,34	0,0,2,0,0,0,0,1,1,1	35,21,20,21,27,18,22,21,24,14	80	75
4643	28,29,24,13,32,21,40,26,20,25	3,0,0,1,1,3,0,1,1,0	25,22,16,30,21,30,20,23,28,16	2,0,2,2,3,2,1,2,4,5	121	75
4644	93,83,74,80,87,75,79,82,77,109	1,1,4,0,3,3,2,2,1,1	69,93,85,86,80,95,83,108,108,109	2,1,3,6,4,2,1,4,2,1	80	75
4645	2,3,4,2,6,4,1,3,2,7	0,0,1,0,0,0,0,0,0,0	7,3,5,4,5,0,4,3,2,1	0,0,0,0,0,0,0,0,0,0	78	75
4646	5,3,7,4,5,9,5,2,5,7	0,0,0,0,0,0,0,1,0,0	8,5,5,1,10,5,2,5,12,2	0,0,0,0,0,0,0,0,0,0	469	75
4647	1,2,3,3,2,2,1,2,0,3	3,3,4,3,3,2,1,3,1,6	2,5,0,3,0,3,0,3,3,7	1,1,1,2,2,3,3,4,6,3	78	75
4648	92,100,69,76,88,93,101,124,105,102	0,0,0,0,0,0,0,0,0,0	142,113,106,111,108,101,93,83,98,94	0,0,0,0,0,1,0,0,0,0	105	75
4651	28,40,23,31,29,34,28,30,20,28	0,0,1,0,0,0,1,0,0,0	30,26,30,23,28,30,26,19,34,30	0,0,0,0,0,0,0,0,0,0	147	75
4652	373,350,323,332,317,364,354,321,330,419	0,1,0,0,0,0,0,0,0,0	378,340,326,374,327,388,353,354,361,289	0,0,1,0,0,0,0,0,0,0	238	75
4654	83,83,69,72,83,77,76,76,73,67	1,1,4,2,0,1,1,1,1,2	79,87,64,76,83,85,69,97,75,80	2,0,1,0,1,0,1,0,3,3	109	75
4655	0,0,0,0,0,0,0,0,1,0	61,69,61,48,66,72,84,57,59,78	0,0,1,0,0,0,0,0,0,0	48,73,71,68,59,78,78,58,66,44	84	75
4656	13,19,9,14,9,13,17,15,10,17	20,18,13,15,15,12,18,22,11,15	19,15,13,19,12,22,17,10,14,18	20,18,15,13,20,12,13,15,17,6	78	75
4658	0,0,0,0,1,0,1,0,2,1	4,5,4,1,3,0,6,1,2,3	0,0,0,0,0,0,0,0,0,0	2,2,6,4,7,3,4,3,0,2	162	75
4659	37,16,29,36,38,36,22,23,29,30	0,0,0,1,1,0,0,0,0,0	24,18,25,27,36,31,20,16,24,22	0,0,1,0,0,0,0,0,0,1	136	75
4660	14,13,17,8,11,10,15,13,5,18	8,14,6,2,13,3,18,10,2,9	9,19,20,14,10,11,17,11,9,22	8,7,4,5,7,3,14,8,7,12	172	75
4664	25,35,26,23,19,25,27,24,21,32	2,0,0,0,0,1,0,0,1,1	25,34,20,28,22,27,24,34,30,33	0,0,0,0,0,0,0,0,0,0	79	75
4667	14,26,15,18,15,27,26,22,21,20	16,20,30,23,17,7,15,20,31,18	19,25,18,19,25,28,18,22,22,17	20,18,18,13,23,22,15,16,19,13	78	75
4669	119,145,91,71,96,88,110,109,77,111	0,3,2,0,0,2,2,1,2,1	86,113,93,105,94,104,105,136,136,135	1,0,4,2,0,1,1,2,1,1	80	75
4670	108,91,72,60,91,79,99,104,75,100	32,28,34,23,25,27,28,31,22,38	87,62,82,81,94,93,67,101,85,74	32,27,20,28,31,28,31,35,44,44	99	75
4671	9,10,14,11,9,6,11,4,12,6	8,13,3,9,10,7,7,9,16,10	11,8,9,7,12,11,11,10,4,9	7,9,9,13,11,11,21,7,16,9	78	75
4672	67,83,44,48,56,63,58,65,61,55	0,0,0,0,0,0,0,0,0,0	50,75,47,76,58,46,57,59,65,53	0,0,0,0,1,0,0,0,0,0	2359	75
4675	4,5,2,2,5,6,3,2,1,4	24,28,30,37,19,23,27,20,20,22	4,4,8,2,3,2,7,6,5,3	24,23,25,18,25,18,18,23,28,21	96	75
4676	0,0,0,0,0,0,0,0,0,0	1,0,1,3,1,0,6,0,0,0	0,0,0,0,1,0,1,0,0,0	0,1,1,0,3,1,1,0,0,0	78	75
4677	18,13,24,22,29,27,16,25,26,16	15,11,16,14,11,10,8,11,7,9	28,24,15,19,27,35,28,31,16,20	8,10,5,8,4,11,10,3,2,10	87	75
4678	2,2,2,3,0,3,0,0,2,1	2,0,0,0,0,0,0,0,0,1	2,1,2,0,0,0,1,1,2,3	1,0,0,2,0,1,0,2,1,0	158	75
4680	1,1,2,0,1,0,4,2,1,2	26,9,9,10,24,10,7,9,8,21	1,1,1,1,1,1,1,0,0,0	14,14,13,10,16,16,11,9,15,10	145	75
4682	18,12,13,19,10,21,13,12,15,13	2,1,0,1,0,0,0,2,0,1	18,18,14,7,11,12,9,15,13,21	0,2,0,1,1,0,0,1,1,0	78	75
4683	6,7,3,11,8,5,7,7,11,11	1,5,0,2,1,0,1,0,1,3	7,12,6,3,4,5,6,8,5,5	1,4,0,1,0,2,2,1,2,2	78	75
4684	94,109,100,99,104,89,114,83,94,115	5,1,4,2,1,5,4,3,1,3	98,107,79,116,94,106,97,111,113,132	1,6,1,3,5,3,2,1,6,2	133	75
4685	5,9,3,9,6,0,7,6,7,7	2,0,0,0,2,0,2,5,1,2	4,9,9,8,5,3,7,7,4,3	0,0,1,2,1,0,1,1,1,1	78	75
4686	0,0,0,0,1,0,0,0,0,0	123,116,135,103,96,104,119,93,108,127	0,0,1,0,2,0,0,0,1,0	111,122,126,109,85,111,92,118,155,135	108	75
4687	13,21,12,18,13,8,16,13,24,14	2,0,0,1,0,0,0,0,2,0	12,17,15,9,21,12,18,18,25,22	0,0,0,0,0,0,1,1,1,1	116	75
4689	41,42,37,44,33,34,56,46,41,55	1,2,1,6,1,1,3,2,2,3	43,28,36,31,40,45,43,49,51,36	2,4,2,4,1,3,1,2,6,0	97	75
4690	4,6,1,2,6,1,3,0,1,4	44,44,49,44,51,35,52,34,45,54	4,1,2,3,3,1,3,2,3,2	43,36,40,54,45,45,48,57,53,48	90	75
4691	0,2,0,1,0,1,1,0,0,3	152,143,100,109,136,117,151,128,107,123	1,2,0,0,1,0,1,0,0,0	128,123,132,127,130,144,127,131,139,146	221	75
4692	16,8,11,11,19,12,12,21,11,12	13,11,9,15,22,13,18,12,5,11	24,12,11,4,12,19,15,8,20,13	9,11,18,10,2,12,13,20,17,10	78	75
4693	31,23,38,39,42,34,27,18,28,30	0,0,0,0,0,0,0,0,0,0	43,43,22,23,30,29,26,31,33,31	1,1,2,0,0,2,0,0,2,0	81	75
4694	10,9,5,6,7,7,7,8,6,5	220,243,194,208,218,239,258,192,214,194	3,6,4,5,9,4,11,8,12,11	179,199,172,209,213,153,263,234,206,243	153	75
4695	6,9,3,4,5,2,9,7,2,6	220,243,194,208,218,239,258,192,214,194	3,5,3,6,8,2,9,5,11,8	179,199,172,209,213,153,263,234,206,243	180	75
4696	0,0,0,0,1,0,2,0,0,2	4,0,2,2,3,5,0,1,4,1	0,1,0,1,0,0,0,0,1,0	0,2,1,0,1,2,2,3,2,3	102	75
4697	2,5,2,7,3,2,5,6,4,5	0,0,0,0,0,0,4,0,1,0	4,6,1,3,2,7,3,1,2,3	0,0,2,1,1,0,0,0,1,1	78	75
4699	5,4,6,4,5,7,4,3,6,1	0,0,0,0,0,2,0,0,0,0	6,6,5,8,9,4,3,4,4,2	0,0,0,0,0,0,0,0,0,0	187	75
4700	49,48,43,32,36,40,46,45,28,28	28,27,33,13,27,31,22,25,15,25	37,43,35,49,22,62,44,30,39,59	22,36,21,24,11,31,23,23,26,22	117	75
4701	13,14,18,16,13,14,12,20,15,12	5,2,1,1,2,0,4,2,6,2	17,21,15,16,11,24,13,18,14,29	1,4,0,0,1,2,0,0,1,1	117	75
4702	0,0,0,0,2,0,0,0,0,1	60,35,46,37,24,26,47,38,30,38	0,0,0,2,0,0,0,0,0,2	46,28,34,48,43,27,30,48,46,35	93	75
4703	4,0,1,1,3,0,2,1,1,0	0,0,0,0,0,0,0,0,0,0	0,2,0,0,1,2,2,3,4,0	0,1,0,0,0,1,0,0,0,1	164	75
4704	4,0,0,1,3,0,1,0,1,0	1,0,0,0,0,0,0,0,0,0	0,1,0,0,1,1,2,3,2,1	0,0,0,0,0,0,0,2,0,0	164	75
4705	8,15,15,8,12,9,11,10,8,9	12,14,9,11,14,12,9,16,15,15	7,12,6,7,9,10,7,15,15,13	14,16,15,16,6,20,10,9,16,8	108	75
4706	10,8,8,3,1,3,4,3,7,5	28,28,21,15,22,26,22,19,16,24	9,7,8,6,5,9,5,6,1,0	22,23,21,21,26,19,27,16,23,22	144	75
4708	2,2,4,1,1,1,5,3,1,2	1,4,0,0,2,2,2,0,2,3	2,2,2,3,4,1,4,1,2,1	3,1,0,1,3,5,0,0,2,2	78	75
4709	1,4,5,3,1,4,4,3,4,4	0,1,0,2,0,0,0,0,0,0	8,2,1,2,0,1,4,3,3,2	0,0,0,1,0,1,0,2,0,0	175	75
4710	1,0,0,0,0,0,1,0,0,0	0,1,0,2,0,0,0,0,0,0	0,0,0,0,0,1,0,1,1,0	0,0,0,0,0,1,0,0,0,0	78	75
4711	1,1,0,1,0,2,1,0,0,0	0,1,4,1,1,0,1,4,1,0	0,0,0,0,0,0,0,0,0,0	1,0,3,0,1,0,1,0,1,1	78	75
4712	3,3,4,5,8,5,3,2,6,5	2,0,2,2,3,3,4,3,4,1	8,4,5,1,6,4,3,5,2,3	6,3,3,6,4,2,0,5,4,7	187	75
4713	1,2,1,0,3,0,1,3,2,2	0,0,0,2,0,0,2,2,0,0	0,2,0,0,1,0,3,1,4,3	0,0,1,1,0,0,0,0,0,0	922	75
4714	0,0,0,0,0,3,1,1,0,4	0,0,0,0,0,0,0,0,0,0	0,0,6,1,0,0,3,0,0,0	0,0,0,0,0,0,0,1,0,0	89	75
4715	27,13,11,5,14,13,14,26,22,14	37,45,40,25,36,30,31,27,20,26	15,17,11,11,13,20,14,14,13,20	37,36,23,36,37,35,34,34,36,28	78	75
4716	0,0,0,0,0,0,0,0,0,0	0,0,1,0,0,0,0,0,0,0	0,1,0,0,0,0,1,1,0,0	0,0,0,0,0,0,0,0,0,0	78	75
4726	42,64,42,46,34,63,46,57,64,54	4,5,2,3,9,3,7,4,6,2	54,59,45,69,45,63,50,47,44,34	2,5,4,6,3,8,3,4,8,3	92	75
4727	12,27,17,17,14,27,18,23,26,29	0,0,0,0,1,0,0,0,0,0	21,26,19,31,16,28,16,23,16,11	0,0,0,0,0,0,0,0,0,0	92	75
4728	1,1,2,1,1,1,0,0,1,0	0,2,1,1,0,1,0,0,0,1	1,2,1,0,0,2,1,2,0,1	1,1,0,0,0,0,0,0,0,1	2303	75
4729	57,62,49,43,62,47,67,72,62,79	4,2,4,1,1,2,6,3,0,1	59,67,54,63,49,61,48,63,70,69	4,3,2,4,2,2,6,3,2,4	2303	75
4730	4,20,10,5,12,4,15,6,12,14	0,0,1,0,0,0,0,0,0,0	5,1,6,8,16,14,9,8,7,8	0,0,0,0,0,0,0,0,0,0	96	75
4731	2,0,2,3,2,1,1,1,5,2	5,3,10,5,1,2,4,2,2,6	1,1,1,2,3,0,0,0,2,0	2,4,5,2,4,4,3,4,7,3	96	75
4732	0,0,1,0,1,0,0,0,3,2	0,0,0,0,0,0,0,0,1,0	1,0,0,2,1,0,0,0,1,0	0,0,0,0,0,0,0,0,0,0	96	75
4733	0,3,2,1,4,0,5,0,1,1	5,2,5,9,1,1,4,4,2,4	3,0,0,0,5,1,3,1,1,1	1,0,6,7,8,3,3,2,0,0	114	75
4735	140,144,137,115,96,142,211,152,107,112	1,2,0,0,0,0,0,0,0,0	148,132,115,165,119,123,142,141,154,144	0,0,0,0,0,2,1,0,0,0	2381	75
4736	0,0,0,0,0,0,0,1,0,1	46,34,36,51,45,44,44,36,39,24	0,1,0,0,2,0,0,0,0,0	40,44,30,50,34,35,45,42,42,33	87	75
4737	15,20,17,13,19,18,25,25,23,24	0,0,2,0,1,0,1,0,0,0	14,25,21,34,12,22,23,14,14,28	0,1,0,1,0,0,1,0,1,1	90	75
4738	0,2,2,3,2,3,10,2,3,2	0,0,0,0,0,0,1,0,0,0	7,5,5,4,2,2,6,1,6,8	0,1,0,0,0,0,0,0,0,0	81	75
4739	22,17,22,22,38,33,31,22,14,20	0,0,0,0,0,0,0,0,0,0	33,26,23,32,24,6,20,21,28,23	0,0,0,0,0,0,0,1,0,0	315	75
4740	124,93,112,114,141,118,121,113,82,105	0,0,0,0,0,0,0,0,0,0	114,151,94,136,104,84,111,103,126,131	0,0,0,0,0,0,0,1,0,0	331	75
4741	102,77,90,92,103,86,90,91,70,85	0,1,0,0,0,1,0,0,2,0	81,125,71,104,80,78,91,83,98,108	0,0,0,0,0,0,0,1,0,0	91	75
4742	33,54,43,32,51,51,51,56,35,70	1,3,2,1,1,0,0,1,0,2	57,46,31,42,38,60,62,42,63,42	2,1,1,0,1,1,3,0,1,0	110	75
4743	19,24,29,17,32,14,21,17,27,18	5,4,1,1,2,1,1,2,3,3	21,13,17,25,23,23,21,24,21,19	1,3,4,1,3,2,1,1,4,2	78	75
4745	0,0,0,0,1,1,0,0,0,1	0,0,0,0,0,0,0,0,0,0	1,2,2,0,1,0,0,1,1,1	0,0,0,1,0,0,0,0,0,0	78	75
4747	8,7,9,7,18,15,12,9,10,13	41,41,40,44,60,38,40,44,58,49	22,7,12,15,11,11,10,8,14,8	60,52,42,41,46,53,46,48,58,27	151	75
4749	32,30,16,21,26,20,25,15,29,22	11,4,9,6,7,13,10,9,8,10	29,19,14,23,30,17,19,35,27,25	12,16,9,10,8,12,10,8,8,15	78	75
4750	0,1,0,0,0,0,2,0,0,0	1,0,0,0,0,0,0,0,0,0	0,0,0,0,0,0,1,0,0,0	1,0,0,0,1,0,0,0,0,1	78	75
4751	0,1,0,0,0,0,0,0,0,1	0,0,0,0,1,0,0,0,0,1	0,0,0,0,1,0,0,0,1,0	0,0,0,0,1,0,1,1,0,0	78	75
4752	11,19,7,8,6,2,12,6,5,5	15,9,7,7,5,9,10,7,11,13	7,2,7,6,11,14,11,9,7,11	10,8,5,13,12,10,11,12,6,10	78	75
4753	3,3,0,1,0,1,1,1,0,0	61,38,39,46,46,60,37,46,34,34	1,0,0,1,1,0,1,0,1,0	42,58,42,44,40,41,43,50,44,41	87	75
4754	34,19,25,22,25,19,33,22,22,29	252,244,224,226,249,255,279,226,261,221	18,27,29,36,40,37,34,24,31,30	235,279,228,249,229,299,283,255,283,214	96	75
4755	200,191,149,187,179,176,162,201,168,204	1,0,0,0,0,0,0,2,0,0	158,145,176,163,175,189,190,164,209,137	1,0,0,0,0,2,0,0,0,0	121	75
4756	164,162,160,134,146,191,168,161,166,158	0,1,0,0,0,0,1,0,0,0	166,166,139,179,152,192,183,175,182,123	0,0,0,1,0,0,0,0,0,0	118	75
4757	388,387,337,344,336,389,360,369,354,359	0,1,0,0,0,0,1,0,0,0	337,359,326,366,361,397,408,358,420,318	0,0,0,1,0,0,0,0,0,0	164	75
4758	224,227,178,210,190,199,192,213,188,202	0,2,1,0,0,1,0,5,0,1	172,193,188,187,209,205,226,183,239,196	1,0,1,0,0,0,1,0,1,1	121	75
4759	1,0,3,2,3,3,1,0,1,1	3,0,2,3,0,2,2,0,3,4	2,1,1,0,6,2,0,1,0,4	5,2,3,1,1,0,2,1,1,2	78	75
4764	283,275,232,219,235,256,271,236,211,211	0,1,0,0,0,0,0,0,0,1	213,241,212,288,177,257,243,230,205,179	0,0,0,0,0,0,0,0,0,0	84	75
4766	6,6,2,4,6,5,7,5,4,9	0,0,0,0,0,0,1,2,0,1	2,10,2,2,5,5,6,3,6,4	3,0,0,0,0,0,1,0,0,1	78	75
4767	10,8,16,14,14,7,17,14,6,8	0,0,0,0,0,0,0,0,0,0	10,14,9,12,12,14,18,12,18,7	0,0,0,0,0,0,0,0,0,1	161	75
4768	2,1,3,8,1,1,2,4,2,4	0,0,0,0,0,0,0,0,0,0	0,1,3,2,1,1,5,3,1,3	0,0,0,0,1,0,0,0,0,0	79	75
4769	95,110,100,100,101,104,114,123,90,99	1,2,1,1,1,3,0,0,2,1	95,95,95,97,86,101,109,132,114,144	3,3,1,0,2,0,0,2,1,0	139	75
4770	21,12,17,21,23,19,27,19,19,16	0,1,2,0,0,0,0,0,1,0	28,18,21,18,15,16,20,18,15,17	0,0,2,0,0,0,1,3,1,0	124	75
4773	2,6,5,3,5,1,6,2,4,4	39,24,21,31,41,27,30,26,30,32	6,0,4,3,4,6,3,3,0,2	20,24,30,33,29,31,17,34,37,30	157	75
4774	554,547,486,545,540,530,545,434,498,571	8,4,4,7,2,3,5,4,0,13	540,481,477,521,586,523,567,550,667,579	8,6,4,1,4,1,4,5,11,3	113	75
4775	281,291,244,268,283,239,276,245,234,319	8,8,8,5,10,6,5,6,3,7	278,284,247,277,286,252,312,333,320,313	4,5,8,3,8,10,3,8,7,8	144	75
4776	20,21,16,15,15,17,12,16,11,15	2,2,2,1,0,2,4,2,0,1	24,15,19,32,13,30,17,9,15,15	3,2,2,2,4,1,1,1,1,1	78	75
4777	1,2,3,0,3,0,3,1,1,0	0,0,0,0,0,0,2,0,0,0	0,1,1,3,1,1,1,2,0,0	0,0,0,0,0,0,0,0,0,0	362	75
4780	35,28,47,43,38,39,28,43,36,45	0,1,0,0,0,0,0,0,0,0	32,39,44,34,32,36,40,31,29,31	0,0,0,0,0,2,2,0,1,0	126	75
4781	4,2,0,0,2,2,0,1,0,2	28,33,24,17,26,26,35,22,20,33	0,1,1,2,2,0,2,1,1,3	23,21,26,12,28,23,20,30,32,31	93	75
4784	51,48,51,42,40,45,50,37,48,56	1,0,2,2,3,1,1,2,1,2	56,34,27,36,51,36,46,42,50,70	0,3,1,2,1,1,0,3,1,10	95	75
4786	0,0,0,1,1,0,2,0,0,0	0,0,0,0,0,0,0,0,0,1	0,0,0,0,0,0,2,0,0,0	0,0,0,0,0,0,0,0,0,0	80	75
4787	9,9,12,2,17,17,7,8,10,10	0,2,0,0,0,0,0,0,0,0	12,5,10,11,10,5,6,10,11,21	0,0,0,1,0,0,0,0,0,0	93	75
4788	1,2,0,0,0,1,0,0,0,0	15,17,13,14,6,11,18,23,23,14	1,0,1,0,1,0,0,1,0,1	14,15,10,11,10,15,9,9,14,10	203	75
4789	0,0,0,0,0,0,0,1,0,0	0,0,2,0,3,0,0,0,0,2	0,0,0,0,0,0,0,0,0,0	1,1,0,0,0,1,2,0,0,2	98	75
4790	3,1,0,1,1,0,3,1,1,0	13,4,4,4,9,14,16,10,6,4	2,0,4,4,0,2,1,2,1,1	5,8,2,2,10,4,7,5,6,9	78	75
4791	0,1,0,0,0,0,0,0,0,0	2,5,2,5,5,3,5,5,3,4	0,0,1,0,0,0,0,1,0,0	4,8,2,5,4,4,8,3,3,2	91	75
4792	117,95,164,87,121,144,124,95,102,141	4,1,0,4,6,4,0,2,0,3	131,115,102,121,113,126,147,127,146,139	2,3,2,0,2,0,1,1,0,0	143	75
4793	68,71,61,41,51,50,59,65,45,73	5,7,5,7,2,6,6,7,6,4	51,77,62,60,51,58,44,52,67,63	3,4,5,9,2,6,4,2,1,3	81	75
4794	232,196,199,212,194,199,212,216,172,221	1,2,0,1,0,2,0,2,2,0	224,198,165,233,201,200,204,199,200,185	3,2,1,1,2,4,1,2,0,3	182	75
4795	541,461,410,355,435,410,440,426,373,488	2,0,0,2,1,1,0,0,1,4	420,460,411,440,427,480,388,446,501,483	3,0,0,0,1,4,0,1,4,1	785	75
4796	89,82,68,85,76,103,97,79,79,91	102,107,109,76,80,91,85,66,86,102	81,83,75,72,78,72,83,91,96,105	103,126,92,101,77,106,81,112,122,109	149	75
4797	59,56,66,43,49,47,55,64,56,48	113,128,84,80,98,102,131,98,116,82	35,61,47,62,50,59,48,56,28,43	110,120,88,101,82,105,96,92,93,81	90	75
4798	131,101,107,96,109,100,94,94,108,83	2,2,5,7,4,0,6,2,4,3	83,122,88,122,90,108,83,96,71,94	0,6,3,1,2,8,4,3,1,1	90	75
4799	133,134,141,127,131,150,144,114,128,117	0,1,0,0,0,0,0,0,0,0	126,118,122,137,110,125,137,141,152,158	0,0,0,0,0,0,0,0,0,0	459	75
4800	101,92,65,50,103,69,119,91,49,97	7,9,5,3,0,3,12,4,2,7	92,71,58,110,46,79,75,54,77,75	2,6,10,7,1,8,3,1,3,7	1064	75
4802	74,48,34,42,43,33,87,68,20,42	2,7,3,2,5,3,3,3,3,5	57,45,44,63,25,38,38,41,59,56	2,3,3,4,3,7,6,9,6,9	78	75
4804	2,2,2,2,4,2,0,0,1,1	0,0,0,0,0,0,0,2,0,0	1,2,1,1,3,2,0,2,4,1	0,0,0,0,0,0,0,0,0,0	78	75
4807	211,178,172,174,179,141,189,169,161,202	0,0,0,0,0,0,0,0,3,0	185,194,155,148,180,169,167,230,198,229	0,0,0,2,0,0,0,0,0,0	183	75
4808	257,321,274,268,292,259,261,255,249,341	3,0,0,1,0,0,2,0,0,0	298,272,249,285,275,287,333,292,298,329	0,0,1,0,0,1,0,3,2,0	255	75
4809	282,266,251,250,245,222,271,244,218,294	4,9,12,6,8,10,12,8,6,13	261,262,235,210,256,248,255,342,298,336	13,7,10,8,10,13,7,8,9,11	183	75
4810	4,3,10,6,3,2,8,13,4,9	2,0,1,4,0,1,3,1,0,0	5,20,6,9,3,2,5,3,12,10	0,0,0,0,0,0,2,0,0,1	147	75
4811	92,95,95,115,76,78,97,91,76,98	23,25,26,35,24,16,24,27,28,14	95,83,71,95,100,101,89,93,86,61	28,27,29,33,27,21,38,15,22,16	78	75
4812	0,0,0,0,1,0,0,1,1,0	0,0,0,0,0,0,0,1,0,1	0,0,0,1,1,2,1,1,0,1	0,0,0,0,0,0,0,0,0,0	78	75
4813	59,85,53,61,67,57,58,48,58,72	12,13,15,17,22,18,15,13,24,22	61,50,60,74,67,53,41,54,77,69	8,11,9,12,22,10,20,20,15,10	113	75
4816	127,114,109,105,112,128,101,98,111,91	0,0,0,0,0,1,0,0,0,0	99,135,114,137,136,93,116,123,132,119	0,0,0,0,0,0,0,0,0,0	96	75
4817	9,11,10,15,17,8,16,14,6,15	2,0,1,2,1,0,0,0,0,0	8,17,10,20,6,13,18,11,15,16	0,1,0,0,1,2,0,0,0,0	118	75
4818	18,26,16,11,8,7,16,8,14,9	0,2,0,0,2,0,0,3,2,0	19,11,14,19,18,21,14,18,15,23	0,0,1,0,0,1,1,2,2,0	81	75
4819	20,19,17,19,19,25,18,23,5,5	2,0,0,0,0,0,0,0,0,0	12,17,11,10,13,18,15,23,17,8	0,0,0,0,0,0,0,0,0,0	102	75
4820	447,428,422,413,445,420,439,424,399,533	0,0,0,1,1,0,1,0,0,1	457,447,400,431,415,434,428,532,535,536	0,0,2,1,0,0,0,0,2,2	117	75
4821	480,429,457,433,463,442,392,405,401,547	34,44,36,35,38,26,36,27,21,49	461,462,403,423,438,440,432,604,631,575	40,22,25,24,25,30,40,53,55,31	115	75
4823	3,1,0,0,0,3,2,0,5,1	1,1,1,1,2,0,1,0,0,0	0,0,1,1,0,0,2,2,0,3	2,1,0,1,2,1,1,2,2,2	105	75
4826	55,75,43,48,60,52,67,49,61,62	90,59,55,43,53,53,65,67,46,68	57,39,67,54,45,46,50,56,68,71	64,65,59,55,60,63,53,51,51,65	78	75
4827	1,1,2,4,1,3,3,6,4,8	26,15,34,28,29,21,29,27,21,28	2,1,0,1,0,1,3,2,0,5	20,26,22,35,25,15,32,14,22,22	90	75
4828	0,1,3,1,1,1,1,2,1,0	505,497,418,418,516,480,442,432,395,432	0,1,2,0,0,0,1,1,0,1	448,462,386,439,415,443,432,455,448,408	163	75
4829	35,22,23,17,23,20,27,19,27,22	51,36,48,48,48,34,33,38,32,42	21,27,33,17,26,22,17,29,34,25	37,35,45,53,37,31,42,64,52,51	99	75
4830	64,60,49,41,52,59,73,56,49,51	0,0,0,0,0,0,0,0,0,0	55,64,53,55,52,54,60,61,63,74	0,0,0,0,0,0,0,1,0,2	828	75
4834	33,19,12,20,19,29,18,32,17,14	1,0,0,0,1,0,0,0,0,0	32,22,15,26,23,37,21,14,25,16	2,1,0,1,0,1,2,0,0,1	260	75
4835	35,24,15,22,24,31,24,35,18,15	0,2,0,1,0,0,0,0,1,0	35,24,16,26,23,38,27,14,26,17	1,1,1,0,1,0,1,0,0,0	321	75
4836	3,5,3,2,6,2,6,3,1,1	0,2,0,1,0,0,0,0,1,0	5,3,1,1,0,2,8,0,1,2	1,1,1,0,1,0,1,0,0,0	136	75
4837	1,0,0,1,1,1,0,1,0,1	6,13,9,5,6,6,4,2,8,10	0,2,2,0,0,0,0,1,1,0	2,7,7,6,10,3,10,17,10,9	181	75
4838	58,90,76,60,50,46,69,59,74,79	0,0,1,0,1,2,0,5,0,2	74,63,80,80,60,79,66,76,86,84	2,0,2,1,3,2,0,1,0,2	126	75
4840	353,330,260,259,314,264,370,316,297,308	0,0,3,1,1,4,0,0,2,2	296,299,239,335,302,376,303,287,307,216	2,3,1,2,5,4,0,2,1,1	153	75
4841	275,276,213,230,275,226,298,243,244,232	7,10,19,14,19,17,13,17,16,18	218,253,196,278,252,291,260,246,261,171	16,19,14,13,11,10,22,11,27,7	153	75
4842	8,7,16,12,6,4,17,9,9,12	122,129,94,79,92,90,117,90,106,100	13,11,9,9,11,5,7,17,20,9	105,102,107,94,98,92,91,101,100,91	174	75
4843	0,0,0,0,1,2,0,0,0,0	21,16,17,18,19,12,16,17,15,19	0,0,0,2,0,0,0,0,0,0	18,17,19,17,15,13,20,22,15,24	93	75
4844	2,1,0,0,1,0,0,1,1,0	4,2,3,3,1,7,2,3,6,6	1,2,1,2,1,0,1,2,3,3	3,6,2,3,2,1,4,4,1,2	121	75
4846	87,91,81,80,89,76,68,67,60,79	0,2,0,0,2,1,0,0,0,0	85,68,73,64,72,73,74,76,84,77	1,0,0,1,2,0,0,0,0,1	79	75
4847	2,8,2,7,6,2,4,3,2,6	1,0,0,0,0,0,0,0,0,0	5,1,4,0,3,7,4,2,3,9	0,1,0,1,0,0,0,0,0,0	108	75
4848	3,5,4,0,1,0,2,3,0,1	0,0,0,0,1,0,0,0,0,1	4,3,2,1,0,2,2,0,4,1	0,0,0,0,0,0,1,0,0,0	79	75
4850	0,0,0,0,0,0,0,0,0,1	11,9,5,9,8,6,13,11,4,9	0,0,0,0,0,0,0,1,0,0	16,12,13,8,3,0,8,9,17,6	117	75
4851	0,0,3,1,1,0,1,2,1,5	416,372,324,355,429,377,375,352,336,398	3,1,4,1,1,1,2,1,7,3	387,333,349,349,373,317,381,506,481,445	125	75
4852	9,7,13,7,7,9,7,8,3,16	9,7,4,7,6,6,3,8,4,9	16,9,11,6,12,18,8,7,14,4	7,1,4,4,9,5,9,5,3,9	88	75
4853	12,15,16,7,21,11,15,12,4,21	0,0,0,0,0,1,1,0,0,0	19,10,16,13,15,23,12,10,17,8	0,0,0,1,0,0,0,0,0,0	95	75
4854	33,42,31,16,37,28,23,32,15,33	11,6,8,6,8,7,2,2,3,6	46,24,27,30,17,28,35,31,24,30	13,6,13,14,3,9,10,9,11,11	95	75
4855	237,233,218,183,192,172,236,210,169,226	3,4,4,1,6,5,0,1,2,6	234,167,211,201,208,219,191,201,200,180	0,2,0,1,3,3,2,0,2,2	251	75
4856	85,75,56,70,64,74,87,80,51,82	0,0,3,0,0,1,0,0,0,0	79,75,85,71,75,79,60,57,74,51	0,0,0,0,0,0,0,1,0,0	80	75
4858	17,6,11,4,6,10,10,5,12,8	109,111,98,91,111,99,92,88,92,106	9,24,5,5,7,13,10,23,15,15	116,119,99,107,102,86,126,127,146,124	247	75
4860	4,1,4,4,5,5,5,2,2,3	79,85,71,70,85,73,90,74,68,104	6,6,3,0,1,3,2,4,4,7	90,99,58,59,66,65,66,66,76,55	108	75
4861	173,162,156,156,180,152,182,155,124,146	2,1,6,1,3,4,2,3,4,2	157,156,140,166,152,151,146,177,142,155	1,4,4,5,3,5,4,4,3,7	155	75
4862	0,1,4,0,0,0,1,0,0,5	5,2,4,1,2,4,4,3,3,2	1,0,1,2,0,1,1,4,1,0	1,1,2,4,1,5,1,2,4,2	78	75
4863	138,123,125,156,155,197,127,123,107,104	22,18,35,35,14,40,29,26,28,14	130,148,146,149,144,105,168,184,195,170	10,29,22,24,23,30,33,33,35,40	110	75
4864	0,0,0,0,0,0,0,0,0,0	1,1,0,1,2,0,0,2,1,1	0,0,0,0,1,2,0,2,0,0	0,0,0,0,1,0,1,1,0,0	81	75
4865	2,0,1,1,0,1,2,2,1,3	0,0,0,0,0,0,0,0,0,1	2,1,2,2,0,5,0,1,2,0	0,0,0,0,0,0,0,0,0,0	180	75
4866	86,96,100,62,75,65,98,73,78,78	0,0,0,0,0,0,0,0,0,0	82,106,81,74,110,85,92,91,96,100	0,0,0,1,0,0,0,0,0,0	278	75
4867	1,3,2,5,1,2,3,2,0,6	0,0,0,0,0,0,0,0,0,0	4,4,2,0,4,8,1,2,4,4	0,1,0,0,0,0,0,0,0,0	96	75
4868	14,13,13,14,11,9,17,9,7,14	7,13,4,9,11,12,3,9,14,2	15,16,17,11,16,19,9,15,22,12	9,8,10,15,13,9,10,8,19,13	96	75
4869	1,3,2,5,1,2,3,2,0,9	7,13,4,9,11,12,3,9,14,2	4,4,2,0,4,8,1,2,4,5	9,8,10,15,13,9,10,8,19,13	133	75
4870	0,0,0,0,0,0,0,0,0,3	13,10,11,9,10,7,14,7,7,8	0,0,0,0,0,0,0,0,0,1	11,12,15,11,12,11,8,13,18,8	112	75
4871	6,5,7,2,5,5,7,4,4,2	72,60,45,58,53,51,61,70,46,65	5,6,4,7,4,4,5,6,6,1	73,79,51,53,47,78,60,56,84,54	114	75
4872	1,0,0,0,0,0,0,0,1,0	0,0,0,0,0,0,0,0,0,0	1,0,0,1,0,0,0,1,0,0	0,0,0,0,0,0,0,1,0,0	126	75
4873	1,1,1,0,0,0,1,2,0,3	29,26,20,13,20,16,34,26,17,25	2,2,2,1,1,3,0,1,1,6	22,27,18,34,15,36,36,10,15,23	132	75
4874	23,35,24,24,16,28,19,16,23,30	0,0,0,0,0,0,0,0,0,0	31,42,27,42,30,31,37,45,24,20	0,0,0,0,0,0,1,2,1,0	158	75
4876	3,0,2,0,1,1,0,0,1,1	253,220,208,187,233,222,239,226,225,144	1,2,1,1,3,0,0,0,2,2	216,225,218,219,235,213,196,163,169,188	126	75
4877	487,449,422,391,402,460,451,421,455,369	9,13,18,13,16,14,14,10,11,16	454,522,413,444,494,481,450,397,424,432	16,13,10,13,18,17,17,17,13,19	256	75
4878	737,669,628,578,634,681,690,647,679,512	9,13,18,13,16,14,14,10,11,16	669,745,630,662,726,694,646,560,591,618	16,13,10,13,18,17,17,17,13,19	205	75
4879	14,13,12,13,11,15,16,14,12,18	0,1,1,0,0,0,1,0,0,1	12,16,10,11,15,16,12,20,9,7	0,3,1,0,1,0,0,0,1,0	78	75
4880	9,9,10,9,5,8,11,12,9,9	0,1,0,0,1,0,0,0,0,2	9,10,11,9,12,13,12,11,20,11	1,0,0,0,3,1,0,0,0,3	198	75
4882	2,4,5,6,3,1,5,3,0,2	3,0,0,0,0,0,0,0,0,1	5,3,2,0,0,3,4,1,2,2	2,0,1,2,1,0,1,1,0,0	112	75
4883	0,0,2,0,0,1,0,0,0,0	4,5,5,9,6,3,5,6,4,4	1,0,0,0,0,1,0,0,0,0	4,11,2,3,3,10,13,7,5,10	96	75
4884	7,6,5,5,9,6,10,7,2,4	0,0,1,1,0,0,0,0,0,0	6,4,7,2,8,4,11,8,8,9	1,0,0,0,1,0,0,0,0,0	136	75
4885	39,42,40,35,25,44,45,35,35,58	0,2,1,1,0,2,3,1,1,0	44,57,33,27,41,49,48,58,43,43	1,2,1,6,1,0,2,0,1,5	80	75
4886	16,16,9,12,16,17,11,18,14,12	4,1,0,3,1,0,0,1,0,0	13,19,13,8,11,14,18,13,20,14	1,0,0,1,0,2,0,2,0,0	78	75
4890	322,341,295,294,266,326,300,300,270,314	0,0,0,0,0,0,0,0,0,0	306,331,295,301,294,290,332,341,355,378	0,1,0,0,0,0,0,1,0,0	151	75
4891	99,105,77,71,91,96,95,84,88,105	2,3,1,5,0,0,2,2,1,0	98,112,68,103,97,83,99,99,109,119	2,1,0,1,4,2,4,3,4,4	205	75
4892	87,101,75,81,65,84,74,88,94,87	0,0,2,0,1,0,0,2,0,1	104,87,82,100,98,85,94,90,124,117	0,0,0,2,2,0,1,0,2,0	78	75
4893	0,0,1,0,1,0,0,1,0,0	143,98,95,104,108,91,128,92,98,130	0,1,0,0,0,0,0,1,0,0	94,100,105,103,91,106,128,117,121,106	110	75
4894	627,735,609,517,618,524,658,637,417,755	0,0,0,0,0,2,0,0,0,0	749,677,535,713,518,729,703,710,646,683	0,0,0,0,0,0,0,0,0,0	1634	75
4895	862,1009,788,684,820,752,893,890,568,984	1,0,0,0,0,0,0,0,0,0	1026,917,720,949,673,1001,921,972,828,952	0,0,0,1,0,0,0,0,0,0	1634	75
4896	6,8,3,2,6,3,8,1,8,11	0,0,0,0,0,0,0,0,0,0	9,6,6,6,7,1,7,5,4,3	0,1,0,0,0,0,0,0,0,0	79	75
4897	158,188,165,143,182,110,189,154,114,205	6,6,5,5,6,4,1,7,8,2	175,158,156,175,142,166,183,158,190,163	4,7,2,6,3,4,5,0,8,1	79	75
4898	116,90,84,97,81,81,68,81,78,82	0,0,0,0,0,0,0,0,0,0	97,91,75,78,71,83,67,76,94,71	0,0,1,0,0,0,0,0,0,0	209	75
4899	0,2,0,0,3,0,1,0,4,1	2,2,1,0,1,2,1,1,3,1	3,0,0,0,2,0,0,5,0,0	5,3,3,2,2,2,0,2,0,2	78	75
4900	3,1,0,1,0,0,1,2,2,2	0,0,0,0,0,0,0,0,0,0	1,0,3,1,2,5,2,0,0,0	0,0,0,0,0,0,1,0,0,0	171	75
4901	27,16,30,23,24,18,15,21,13,31	12,7,10,5,13,6,6,8,7,7	26,11,24,15,29,15,18,31,19,25	10,9,5,10,8,6,16,12,10,9	94	75
4902	7,9,5,4,4,9,8,4,3,4	22,21,18,15,9,13,18,23,13,14	3,7,5,5,3,7,6,2,3,5	20,11,15,12,23,13,10,17,16,23	79	75
4903	113,85,112,87,73,88,90,79,76,100	0,2,0,0,1,0,0,0,0,1	86,99,86,92,102,92,90,85,106,102	0,0,0,1,1,1,0,0,0,0	250	75
4904	5,12,3,10,11,8,13,14,8,6	7,5,3,5,4,5,10,6,3,5	6,16,7,4,9,11,9,4,5,8	1,4,3,3,6,3,2,5,5,3	78	75
4905	0,1,0,0,1,0,0,0,0,0	0,0,0,0,0,0,0,0,0,0	0,0,0,0,0,0,0,0,0,0	0,0,0,1,0,0,0,1,0,0	78	75
4906	5,12,10,9,9,7,6,7,2,15	1,0,0,0,0,1,1,0,0,1	10,7,7,10,13,6,13,13,13,17	1,1,0,0,1,0,0,0,0,0	92	75
4907	0,0,0,0,0,0,0,0,0,0	43,45,27,26,34,42,37,29,27,40	2,0,0,0,0,0,0,0,2,0	34,40,42,32,33,27,36,41,53,49	97	75
4908	116,106,97,100,104,101,119,101,83,125	0,0,0,0,0,0,0,0,0,0	115,115,97,109,100,107,99,122,102,100	0,0,0,0,0,0,1,0,1,0	93	75
4909	98,90,73,75,79,78,95,69,74,74	0,0,1,0,0,0,0,0,0,0	80,102,72,73,80,73,99,76,92,73	0,0,0,0,0,0,0,0,0,0	171	75
4911	10,18,16,10,17,21,15,9,23,12	0,1,0,0,0,0,0,2,0,0	14,7,15,15,18,18,13,16,11,17	0,0,0,0,0,0,0,0,0,0	80	75
4912	4,7,1,3,6,4,3,3,3,4	1,3,7,2,1,2,6,1,4,1	4,7,2,8,5,3,6,5,2,6	5,5,1,4,4,6,2,5,3,2	78	75
4913	0,1,0,0,0,1,0,0,1,0	32,40,32,36,32,12,54,37,44,35	0,0,0,0,0,0,0,1,0,0	31,31,31,31,44,21,26,34,26,20	129	75
4914	20,23,20,22,25,27,33,24,40,14	3,2,1,0,3,2,2,5,7,3	20,30,28,23,25,20,30,21,24,28	0,4,4,8,1,4,2,8,2,4	78	75
4915	1,0,0,2,0,0,0,1,0,0	84,74,79,60,71,92,61,91,86,71	2,0,0,0,0,0,0,0,0,0	63,82,68,50,81,65,73,77,88,91	105	75
4916	22,31,34,24,23,38,28,30,24,22	0,3,0,2,0,1,1,1,2,2	39,30,24,22,30,20,27,31,45,29	2,0,4,1,0,1,2,1,4,1	386	75
4917	18,27,20,17,22,14,20,16,11,17	2,5,3,2,3,5,4,1,3,3	15,19,15,19,15,14,21,23,24,33	4,2,2,1,2,3,5,2,0,4	102	75
4918	0,1,3,1,0,0,0,0,1,5	12,16,14,8,11,5,3,7,11,8	0,0,2,2,1,0,1,3,0,0	8,5,7,9,8,6,10,13,3,13	128	75
4919	38,49,37,39,48,42,36,55,45,39	1,2,1,0,1,1,2,0,0,2	43,38,36,52,51,68,45,41,45,49	1,1,0,0,0,2,0,1,0,0	104	75
4920	2,0,0,0,1,1,0,0,0,0	3,0,1,1,0,0,0,2,1,1	0,0,0,0,1,0,0,1,1,0	1,0,1,1,1,0,2,2,0,2	2511	75
4921	28,36,31,24,31,37,28,19,21,23	0,1,0,0,0,2,0,0,0,0	35,44,35,41,51,36,31,24,34,30	1,0,0,0,0,0,0,0,0,2	78	75
4923	53,50,49,38,63,60,50,52,56,56	1,0,0,0,3,0,1,0,0,0	43,48,59,40,53,34,55,59,51,38	0,0,1,0,0,0,0,3,0,0	78	75
4925	462,438,506,576,417,377,570,475,479,657	6,1,4,1,2,1,1,3,2,5	498,522,511,465,645,540,529,529,560,412	2,1,0,0,4,0,0,4,2,0	1037	75
4926	502,474,557,625,456,429,626,517,537,714	134,155,136,156,150,153,153,149,180,155	536,577,555,514,700,604,565,570,618,453	152,154,135,160,211,162,139,164,155,144	1037	75
4927	34,20,33,22,28,23,30,38,24,28	13,5,9,12,9,11,13,7,9,7	40,41,24,31,36,24,31,21,31,28	5,3,9,13,12,15,6,5,11,12	78	75
4928	17,11,19,14,6,15,7,4,15,15	35,39,40,38,36,36,47,32,46,65	15,8,11,7,13,10,12,6,6,12	40,41,38,46,43,50,32,45,41,38	78	75
4929	0,2,4,1,1,4,0,4,2,1	1,1,0,0,0,0,0,0,0,0	4,0,1,4,5,1,3,2,2,5	0,1,0,0,1,0,0,0,1,0	79	75
4930	0,1,0,0,1,0,0,0,0,1	0,0,0,0,0,1,0,0,0,0	1,2,1,0,1,0,0,1,1,0	1,0,1,0,0,1,0,1,0,0	106	75
4931	2,3,1,1,2,0,1,5,0,0	118,76,52,77,76,50,93,60,27,85	0,2,0,4,1,2,1,2,8,2	108,51,55,72,47,72,50,53,64,52	195	75
4932	128,91,74,73,88,61,118,103,67,112	8,7,5,7,6,9,13,3,4,6	119,70,67,118,45,78,86,69,72,85	7,3,7,6,1,4,3,1,5,6	78	75
4934	1,0,0,0,0,0,0,0,0,0	47,34,25,28,32,43,29,35,40,34	1,0,0,0,0,0,0,0,0,0	28,45,29,42,32,38,27,28,33,26	208	75
4935	0,0,0,0,0,0,0,0,0,0	26,13,21,11,13,8,18,14,19,22	0,0,1,0,0,0,0,0,1,0	18,10,22,21,15,11,19,19,19,28	166	75
4936	0,0,0,0,0,0,0,0,0,0	13,34,18,15,25,20,29,16,12,33	0,1,0,0,0,0,0,0,0,0	31,23,17,22,25,19,17,25,30,14	101	75
4937	7,1,1,1,3,1,2,2,1,1	1,0,1,2,0,0,2,0,0,3	1,4,1,0,4,2,2,2,8,2	1,1,1,1,7,0,1,0,1,2	111	75
4938	207,211,160,141,159,148,182,195,141,129	1,0,0,0,1,1,2,2,0,0	174,147,105,167,133,185,161,117,143,133	2,0,1,3,0,0,1,1,4,1	82	75
4940	0,0,0,0,0,0,0,0,0,0	61,71,59,74,65,66,85,61,61,61	0,0,0,2,0,0,0,0,0,0	82,82,71,55,93,81,61,68,80,96	95	75
4941	62,39,51,35,46,47,47,54,65,47	6,2,8,6,5,2,5,7,4,9	43,65,52,37,58,50,49,50,67,62	6,6,5,5,6,11,6,6,12,17	116	75
4943	96,99,58,83,94,62,91,68,60,102	0,0,0,0,0,0,0,0,1,0	80,65,82,76,73,76,70,93,90,85	0,0,0,0,0,0,0,0,0,0	408	75
4944	0,0,0,1,0,0,0,2,1,0	0,0,0,0,0,0,0,0,0,0	1,0,0,3,0,0,0,0,0,0	0,0,0,0,2,0,0,0,0,0	200	75
4945	0,0,0,1,0,0,0,2,1,0	0,1,2,3,0,0,5,1,1,0	1,0,0,3,1,0,0,0,0,0	0,1,0,0,1,0,2,0,1,0	200	75
4946	10,9,5,10,9,6,8,9,3,9	135,162,115,149,139,132,155,151,148,156	8,5,11,11,11,3,9,15,11,15	156,130,171,150,144,152,154,174,165,146	177	75
4947	0,1,1,2,1,0,1,1,1,1	71,62,73,99,94,83,71,58,58,96	2,1,3,0,1,0,1,1,2,1	83,69,64,60,74,57,59,106,105,107	86	75
4948	1,0,0,1,2,1,3,0,5,1	62,70,54,49,49,57,57,43,73,62	3,2,0,6,0,0,0,2,0,0	52,64,53,60,58,37,74,73,68,68	104	75
4949	66,47,47,74,63,52,56,52,50,52	2,7,2,5,2,2,1,0,7,7	63,55,55,55,50,50,60,73,60,66	5,3,4,6,2,2,7,7,0,5	105	75
4950	42,43,32,43,32,42,64,34,37,44	0,0,0,0,0,0,1,0,0,0	38,56,38,38,48,38,45,43,60,56	0,0,0,0,0,0,0,0,0,0	301	75
4952	1,0,3,1,0,0,0,4,1,0	27,22,24,11,24,14,18,17,15,26	0,1,0,1,2,0,1,0,1,0	20,30,15,18,15,19,23,25,15,20	162	75
4953	0,1,1,0,2,1,1,4,0,0	73,64,56,46,44,63,63,56,56,66	1,0,0,3,0,0,1,0,0,2	46,65,52,62,56,64,34,53,60,58	89	75
4954	404,356,327,284,312,311,365,376,310,317	0,0,0,0,0,1,0,0,0,0	371,357,339,343,323,347,324,351,334,317	0,0,0,0,0,0,0,0,0,0	175	75
4955	545,481,419,374,403,423,497,496,413,443	14,9,4,5,11,11,8,12,4,14	514,477,463,484,441,474,437,464,471,427	10,18,11,17,14,19,11,16,14,17	175	75
4956	409,362,330,287,314,320,371,382,314,322	0,0,0,0,0,0,0,0,0,0	374,368,343,344,322,349,330,353,337,320	0,0,1,0,0,0,0,1,0,0	175	75
4957	24,11,14,10,15,15,28,17,11,17	1,0,0,0,0,0,0,0,0,0	11,17,18,12,14,14,16,28,22,12	0,0,0,0,0,0,0,0,0,0	96	75
4958	30,29,33,26,35,17,30,24,21,42	0,0,0,0,0,0,0,0,0,0	34,22,21,24,19,38,28,31,29,23	0,0,0,0,0,0,0,0,0,1	81	75
4961	431,361,343,308,359,346,363,378,293,278	4,3,9,7,13,9,5,7,8,7	317,406,323,424,311,381,334,352,327,314	3,8,5,7,2,1,2,4,9,4	807	75
4963	2,0,3,2,0,2,2,0,1,2	4,0,1,1,0,2,2,2,0,0	1,0,0,0,0,2,0,3,1,1	0,3,2,0,0,2,0,2,0,0	78	75
4964	46,45,47,43,50,48,49,49,53,53	0,2,0,1,1,0,0,0,0,0	58,48,38,56,33,30,45,44,70,59	0,0,2,0,1,0,0,0,1,0	132	75
4965	33,42,47,31,37,35,47,49,37,43	0,0,0,0,1,2,0,0,0,0	47,49,47,43,36,51,46,40,50,51	0,0,0,0,0,0,0,0,0,0	332	75
4966	21,26,38,31,39,25,27,24,22,40	87,91,66,74,81,56,86,74,39,74	39,30,22,26,34,23,39,45,35,34	79,70,65,59,89,62,85,76,85,81	96	75
4967	9,16,17,10,14,19,9,16,8,15	3,3,0,2,1,3,1,1,2,2	17,9,8,10,26,16,10,8,12,25	2,1,0,1,2,2,3,1,0,1	78	75
4968	15,12,17,16,9,22,12,13,15,22	13,9,8,13,8,9,14,8,14,10	17,26,12,16,20,8,8,22,11,19	8,7,6,12,6,6,14,13,13,14	78	75
4969	47,30,37,34,26,38,33,34,30,48	1,0,1,0,1,0,1,2,1,0	40,49,34,41,41,31,27,58,31,45	2,0,0,0,0,1,3,1,0,2	509	75
4970	0,1,0,0,1,0,1,0,1,0	107,93,101,75,101,93,119,80,76,94	1,0,1,1,0,2,1,0,1,0	87,88,86,90,74,99,88,87,102,84	123	75
4973	93,95,71,80,107,74,77,85,93,92	6,3,4,6,4,3,3,6,3,6	82,105,101,104,98,90,101,137,103,121	2,8,5,2,12,4,1,4,4,4	176	75
4974	93,95,71,80,108,74,77,86,93,92	3,5,1,5,0,4,5,2,4,6	82,105,102,104,98,90,101,137,103,121	2,3,2,6,7,5,2,4,7,6	179	75
4975	6,3,4,6,5,3,3,7,3,6	3,5,1,5,0,4,5,2,4,6	2,8,6,2,12,4,1,4,4,4	2,3,2,6,7,5,2,4,7,6	78	75
4976	25,17,19,16,27,13,19,35,20,30	24,19,17,11,12,13,16,9,7,18	20,35,26,23,26,33,18,44,45,34	24,13,19,13,18,10,13,12,25,20	103	75
4977	179,199,172,158,184,177,242,171,187,161	0,0,0,0,0,0,0,0,1,0	180,145,165,206,200,187,171,176,171,137	0,0,0,0,0,0,1,0,0,0	440	75
4978	198,240,184,177,164,185,194,172,164,181	5,6,2,1,3,3,5,3,5,1	194,172,182,195,203,180,148,200,208,183	3,3,9,4,4,7,3,3,7,4	112	75
4979	153,122,140,106,130,87,110,110,112,166	0,0,0,0,0,1,2,0,1,1	119,120,138,143,130,121,142,143,173,114	0,1,0,1,1,1,1,1,1,1	81	75
4980	46,57,41,40,51,47,52,40,31,46	0,0,0,0,1,0,0,0,1,0	68,38,38,47,42,50,47,69,55,55	0,0,0,0,0,0,0,0,0,0	138	75
4981	189,199,145,147,198,192,175,170,148,172	0,0,0,0,0,0,0,0,0,0	208,166,167,151,164,191,183,221,163,198	1,0,0,0,0,0,0,0,0,0	98	75
4982	16,16,15,7,21,17,19,15,8,15	19,10,10,19,18,19,18,20,14,20	18,14,12,11,14,12,19,15,18,17	21,27,15,32,19,19,27,13,29,20	90	75
4983	8,6,10,9,9,7,14,14,6,11	28,27,23,22,19,26,17,20,19,35	4,12,14,9,12,8,8,10,12,6	29,20,25,23,20,20,29,32,32,26	260	75
4984	2,1,4,2,3,3,5,2,3,3	9,10,12,7,9,8,5,5,7,14	2,1,3,6,5,1,3,9,4,3	6,5,10,9,7,5,9,5,10,17	142	75
4986	1,1,1,2,0,1,1,0,1,0	0,1,2,0,1,1,0,0,0,0	1,2,0,1,3,0,2,2,0,0	1,0,0,0,0,0,0,0,0,1	732	75
4987	0,0,1,1,0,1,1,0,0,0	0,1,2,0,1,1,0,0,0,0	0,0,0,0,1,0,1,0,0,0	1,0,0,0,0,0,0,0,0,1	324	75
4989	24,18,15,15,27,18,19,8,13,15	0,0,1,0,0,0,0,0,0,1	12,10,25,11,19,18,17,16,19,19	2,0,1,0,0,2,0,0,0,0	143	75
4990	12,5,9,9,6,13,5,9,6,8	1,0,0,0,4,1,1,1,0,1	4,5,8,5,4,8,5,9,6,10	1,3,1,3,0,0,2,0,0,0	174	75
4991	0,0,0,1,1,0,1,0,1,1	4,7,8,11,14,9,6,6,4,7	0,1,1,0,1,0,0,2,1,1	5,7,3,7,9,10,8,14,9,17	109	75
4993	42,34,34,25,13,28,33,24,25,29	18,15,21,15,14,9,11,16,13,14	30,25,28,20,35,34,27,35,26,20	9,13,13,14,11,15,14,9,22,17	78	75
4994	29,32,21,25,26,29,20,24,28,25	2,1,0,2,0,2,0,3,1,1	21,27,22,16,23,26,22,16,17,13	0,1,1,2,2,1,0,1,0,1	81	75
4995	1,3,1,6,2,3,7,10,4,10	53,51,53,54,46,53,72,49,59,58	4,4,7,3,4,3,7,4,2,2	55,50,47,57,68,52,46,62,69,52	106	75
4998	16,13,11,9,13,12,11,11,8,14	3,4,3,2,4,2,5,3,4,9	9,9,13,11,7,16,15,17,13,14	1,2,9,4,6,4,4,7,5,1	115	75
4999	138,131,134,114,96,103,116,115,121,134	0,0,1,1,0,0,0,0,0,0	129,140,116,112,121,114,145,121,145,133	0,1,0,0,0,0,1,0,0,1	204	75
5000	1,2,0,0,1,0,0,0,0,1	159,212,183,130,181,155,142,124,167,181	0,0,0,0,0,0,0,0,0,0	168,154,158,177,127,142,183,205,189,178	226	75
5001	538,535,476,440,511,541,480,463,436,588	0,1,0,0,0,0,0,0,0,0	499,516,516,530,479,483,476,620,695,732	0,0,0,0,0,0,0,0,0,0	505	75
5003	40,28,30,25,33,32,38,32,20,31	76,65,53,48,74,59,58,57,41,64	26,23,33,28,28,37,25,35,49,33	64,63,55,57,84,54,75,66,62,57	78	75
5004	4,4,0,2,1,2,4,4,1,1	0,1,1,0,0,0,0,0,0,0	1,2,4,7,0,3,0,2,5,0	0,0,0,0,3,0,0,0,2,0	141	75
5005	127,142,121,102,99,131,103,116,77,120	0,9,1,1,2,3,2,9,6,5	117,122,84,139,90,124,105,120,120,118	1,1,1,2,4,2,1,3,5,3	490	75
5006	2,4,2,4,1,7,6,9,1,7	27,22,26,12,13,15,21,23,22,16	2,0,7,4,6,2,2,2,2,6	22,22,21,20,20,30,18,30,24,14	78	75
5007	31,24,21,16,32,26,31,25,21,17	34,35,36,40,42,33,49,24,31,27	33,23,19,20,32,15,24,17,19,15	39,45,35,40,33,39,48,23,24,28	102	75
5008	31,24,21,16,32,26,31,25,21,17	2,8,6,4,5,4,7,5,1,1	33,23,19,21,32,15,24,17,20,15	2,2,4,6,4,1,6,2,2,6	105	75
5009	34,35,36,40,42,33,49,24,31,27	2,8,6,4,5,4,7,5,1,1	39,45,35,41,33,39,48,23,25,28	2,2,4,6,4,1,6,2,2,6	78	75
5010	72,61,82,52,81,81,94,64,69,82	28,36,28,26,37,18,43,24,27,36	78,66,79,78,68,71,56,76,71,67	35,28,37,49,22,36,34,34,26,38	78	75
5011	0,0,0,2,0,0,0,0,0,1	87,85,81,73,105,62,93,59,78,109	0,3,2,2,0,0,1,2,0,0	92,91,88,70,87,90,90,74,83,116	116	75
5012	112,104,101,91,110,94,133,98,101,130	1,0,0,0,1,2,1,1,0,2	119,106,97,115,77,103,111,106,121,107	0,0,2,0,0,1,0,1,0,0	1795	75
5013	0,0,0,2,0,1,1,0,0,2	44,30,21,20,30,30,20,32,25,23	0,1,2,1,1,0,1,1,0,1	37,40,23,19,22,29,32,31,32,30	139	75
5014	15,19,13,11,11,11,13,10,14,14	0,0,0,0,0,0,0,0,0,0	13,8,8,17,12,10,20,20,16,19	0,0,0,0,1,0,0,0,0,0	93	75
5015	22,34,25,21,35,32,27,23,21,24	10,11,10,11,5,12,11,8,10,10	25,16,15,35,26,26,32,32,35,31	15,6,13,7,9,14,11,13,9,10	93	75
5016	8,7,8,6,4,7,5,7,7,10	0,3,0,2,1,1,0,5,5,1	5,8,2,6,11,4,8,7,7,7	1,1,6,3,1,1,1,0,0,0	78	75
5017	11,7,15,8,4,6,5,8,4,15	1,1,0,0,0,0,0,1,0,0	8,19,11,9,11,15,6,5,11,14	0,0,0,0,1,0,0,1,1,0	78	75
5018	16,12,9,10,15,9,13,14,8,14	0,0,1,0,1,1,0,0,0,0	13,7,12,14,8,14,9,17,6,6	0,0,0,0,0,0,1,0,0,0	78	75
5020	2,0,3,1,2,2,1,2,0,4	2,2,1,0,0,2,3,2,1,3	2,4,1,1,5,1,4,3,3,2	0,5,0,1,0,0,0,3,2,4	78	75
5021	6,0,4,4,2,3,2,5,1,5	4,1,1,2,0,4,2,0,2,2	3,6,2,1,7,4,7,5,6,6	2,0,1,1,0,0,3,1,0,0	117	75
5022	6,2,2,3,0,3,4,5,2,4	4,1,1,2,0,4,2,0,2,2	1,7,1,1,2,3,3,5,5,8	2,0,1,1,0,0,3,1,0,0	114	75
5024	16,7,12,13,16,20,20,5,11,13	13,6,8,12,19,27,15,24,3,13	11,13,8,10,16,6,19,21,13,30	7,26,11,20,15,6,19,11,20,10	78	75
5025	0,1,0,0,0,0,0,0,0,0	0,0,0,0,0,0,0,0,1,0	0,0,0,1,0,0,0,0,0,0	0,0,0,0,0,0,0,1,0,0	79	75
5026	38,48,45,32,29,31,33,32,27,38	2,0,0,0,1,1,0,0,0,1	31,24,35,34,24,37,40,26,31,29	1,2,0,0,0,1,0,0,1,0	125	75
5027	65,53,45,55,63,45,78,50,38,54	0,0,0,0,0,0,0,0,0,1	53,64,54,61,61,62,48,52,62,56	0,0,0,0,0,0,0,0,0,0	404	75
5028	0,2,0,1,0,0,0,0,0,3	191,185,146,180,147,156,186,156,162,209	0,0,3,0,1,1,0,1,0,1	182,161,153,175,175,186,147,157,193,127	94	75
5030	22,24,23,19,25,31,35,30,31,25	53,51,37,29,42,36,37,39,32,36	31,32,29,22,29,34,25,33,36,17	43,46,43,35,57,36,38,34,34,35	96	75
5033	125,118,110,114,129,112,111,112,119,105	4,3,1,5,3,3,0,3,2,1	136,114,111,103,137,124,102,111,116,145	2,2,2,1,0,0,1,4,0,2	100	75
5034	92,100,99,100,92,107,115,93,88,88	1,4,3,2,2,1,0,3,4,3	92,109,115,104,105,108,101,90,111,103	2,4,0,3,5,2,2,4,3,2	153	75
5035	0,0,0,0,0,0,1,2,0,1	29,36,26,40,38,34,25,26,30,32	0,0,0,0,0,1,1,1,0,0	27,31,40,36,38,39,27,35,35,24	147	75
5036	4,4,1,2,2,1,0,1,0,3	0,0,0,0,0,0,0,0,0,0	5,4,0,5,1,2,1,2,3,3	0,0,0,0,0,0,0,1,0,0	87	75
5037	61,71,59,40,53,50,52,65,41,89	2,3,4,1,2,1,3,2,2,5	78,61,51,56,42,65,57,62,76,70	2,5,1,5,3,4,2,3,4,2	87	75
5038	0,0,0,0,0,0,0,1,0,0	0,3,0,2,3,0,2,2,1,2	0,0,0,0,0,0,0,0,0,0	3,3,1,1,2,3,3,1,1,1	99	75
5039	3,5,6,0,0,7,4,1,6,5	0,0,0,0,1,1,0,0,0,0	2,5,7,4,4,4,8,6,6,8	0,0,0,0,0,0,0,0,0,0	80	75
5040	2,1,3,2,1,1,2,0,1,4	178,177,145,109,151,136,148,129,134,165	0,0,3,2,2,3,1,3,0,3	156,162,140,171,158,151,195,130,186,179	182	75
5041	2,5,4,7,4,8,4,5,3,5	1,0,0,0,0,0,1,0,0,0	1,7,4,3,0,3,2,7,2,9	0,1,0,0,0,0,1,0,1,1	78	75
5042	3,5,4,7,5,7,4,3,3,6	0,0,0,0,0,0,2,0,0,0	0,5,3,2,0,3,2,5,1,6	1,2,2,1,0,0,0,4,0,2	80	75
5043	4,2,5,2,3,5,4,0,3,4	0,2,1,2,0,6,1,5,1,0	3,2,4,0,4,3,0,3,6,6	2,1,2,2,0,2,7,7,3,1	78	75
5044	0,0,0,1,1,0,0,0,0,2	0,2,0,0,1,2,2,0,0,0	0,0,0,0,0,0,0,0,0,0	1,2,2,4,3,1,3,2,1,1	82	75
5046	19,9,16,12,18,15,10,21,17,12	1,1,0,0,0,0,0,1,0,0	15,17,10,15,15,22,17,14,11,17	0,2,0,0,0,1,0,0,2,0	129	75
5048	17,15,15,9,16,12,15,10,18,16	2,0,2,0,0,1,0,0,0,2	11,12,7,13,10,9,19,21,12,11	1,0,0,0,0,0,0,0,0,0	90	75
5049	0,2,0,1,0,0,1,2,0,0	54,73,55,40,44,48,49,42,39,59	0,0,1,1,2,0,1,1,2,1	48,64,49,56,60,38,60,66,78,74	96	75
5051	0,0,0,0,0,0,1,1,0,0	31,39,12,20,20,19,26,25,30,26	0,0,2,0,0,0,1,0,0,0	31,25,17,16,30,24,25,17,27,34	94	75
5054	5,3,6,3,1,1,2,3,3,2	0,0,0,0,0,1,0,0,0,1	1,2,1,4,3,1,1,2,2,1	0,0,0,0,0,0,0,0,1,0	131	75
5056	7,7,1,5,6,6,5,6,8,3	2,5,6,1,6,5,8,6,4,4	5,4,5,8,5,6,4,10,4,7	4,2,5,2,4,1,3,3,4,2	334	75
5057	0,0,0,0,0,0,0,0,0,0	2,5,6,1,6,5,8,6,4,4	0,0,0,0,0,0,1,0,0,0	4,2,5,2,4,1,3,3,4,2	88	75
5058	9,21,7,9,8,5,10,6,5,10	357,339,236,243,304,307,326,269,271,385	10,12,7,10,13,13,2,12,17,7	382,244,316,357,256,317,275,293,315,262	967	75
5059	566,532,370,352,416,374,426,443,371,544	4,5,5,5,5,3,3,6,6,3	521,359,450,471,385,458,450,476,455,404	3,7,11,5,7,1,8,6,5,3	78	75
5060	135,129,96,68,120,107,97,81,73,157	0,1,1,0,2,1,0,0,1,0	153,83,130,121,127,95,117,109,124,78	1,2,1,0,0,0,1,1,0,0	78	75
5061	749,762,566,521,703,676,630,582,621,806	4,2,4,3,3,1,3,6,1,6	771,560,637,641,607,682,640,661,628,587	5,3,6,5,3,1,6,8,1,4	78	75
5063	3,0,0,0,1,0,1,0,1,1	0,0,0,0,0,0,0,0,0,0	0,0,2,0,0,0,1,0,0,0	0,0,0,0,0,0,1,0,0,0	447	75
5064	3,0,0,0,1,0,0,0,1,1	1,4,1,1,0,0,0,0,0,0	0,0,3,0,1,0,1,0,0,0	1,1,0,0,1,0,2,0,1,0	447	75
5065	21,19,25,16,21,24,22,22,25,23	0,0,0,0,0,0,1,0,0,0	19,16,15,19,24,26,17,26,11,20	0,0,0,0,0,0,0,0,0,0	204	75
5066	15,15,9,10,11,10,9,17,13,12	3,2,3,1,3,5,5,1,4,1	13,15,11,14,6,14,12,9,12,19	2,1,6,1,3,4,0,4,3,5	78	75
5067	1,0,1,0,2,1,3,0,1,0	1,5,3,5,6,5,6,0,1,2	1,3,1,0,3,0,0,2,1,0	4,4,3,2,2,0,2,3,3,2	133	75
5068	462,432,372,357,367,394,428,396,401,475	5,5,4,2,4,8,11,12,6,11	472,405,385,415,398,477,382,435,466,409	3,12,8,9,5,7,3,7,6,9	163	75
5069	3,2,5,4,7,4,5,5,5,5	2,0,0,0,0,0,0,0,0,0	3,2,5,8,4,1,1,9,8,5	0,0,1,0,0,0,0,0,0,0	101	75
5070	1,0,1,0,3,2,3,1,0,0	20,26,25,17,31,17,32,21,30,38	3,1,1,1,1,0,0,0,1,0	29,29,23,28,25,24,22,24,27,23	136	75
5071	1,1,0,3,5,0,0,1,1,0	116,120,110,116,116,115,125,114,105,142	1,0,3,0,1,1,2,0,1,0	115,104,98,125,110,91,103,110,123,125	121	75
5072	0,0,1,0,0,0,0,0,0,0	8,16,10,10,8,13,14,6,9,9	0,0,0,0,0,0,0,0,0,0	8,10,1,13,7,8,5,14,9,3	78	75
5073	1,1,0,1,0,0,0,0,0,0	21,11,8,10,11,14,14,16,10,14	1,0,0,1,0,0,0,1,0,0	21,9,9,20,12,11,17,16,17,13	90	75
5074	36,17,25,21,26,21,13,22,19,21	0,0,1,0,0,0,0,0,1,0	22,21,20,21,25,43,22,19,14,26	0,0,0,0,0,1,0,2,0,0	79	75
5075	114,120,103,101,109,89,110,102,71,120	3,8,5,10,3,7,9,6,2,8	89,99,89,113,102,81,94,98,107,78	5,3,14,15,4,4,6,10,7,9	349	75
5077	0,0,0,0,0,0,0,0,0,0	32,40,33,27,42,29,38,41,37,34	0,2,0,0,0,0,2,1,0,0	23,27,25,44,26,30,31,23,33,28	117	75
5079	29,23,15,26,16,7,23,22,16,23	48,39,30,35,20,21,49,18,17,40	32,33,16,19,13,24,19,16,9,28	32,42,25,30,20,37,34,20,28,27	78	75
5081	3,2,4,4,7,6,3,7,2,2	2,0,0,0,0,0,0,1,0,0	2,6,2,0,2,0,1,4,6,1	0,0,0,0,2,2,0,0,0,1	79	75
5082	17,20,20,10,22,27,19,12,15,12	3,5,1,1,5,1,2,4,2,2	17,19,12,11,20,14,13,15,20,19	2,4,3,0,2,2,2,1,6,6	78	75
5083	70,50,59,63,54,48,56,53,53,59	1,0,0,0,0,2,0,0,0,0	60,51,43,61,48,35,51,56,58,38	2,0,0,0,0,0,0,0,0,1	111	75
5085	28,37,35,37,41,41,42,39,36,53	0,0,0,0,0,0,0,0,0,0	50,38,30,39,32,40,39,36,48,44	0,0,0,0,0,1,0,0,1,0	131	75
5086	12,31,17,16,16,17,19,20,14,14	0,2,0,0,0,0,3,0,0,0	15,17,17,18,12,23,16,24,34,35	1,0,0,0,0,0,0,0,6,0	102	75
5087	7,8,5,11,1,7,11,11,8,12	0,1,0,1,0,0,0,1,0,0	1,0,1,5,4,3,1,3,3,0	0,0,0,0,1,0,0,0,0,0	246	75
5088	112,116,89,103,121,121,109,108,100,92	4,5,2,7,3,8,7,3,3,3	110,104,80,104,120,108,91,107,130,111	5,6,2,4,7,6,4,1,5,5	78	75
5089	0,1,2,1,0,0,1,1,0,0	41,46,30,44,45,44,54,60,44,44	1,3,0,0,0,0,1,0,0,0	53,44,39,47,45,46,42,34,49,49	109	75
5096	722,778,515,450,670,504,787,592,468,595	380,383,375,286,436,413,405,364,299,408	586,544,549,659,486,742,593,462,422,361	400,372,351,314,368,388,398,370,353,361	84	75
5097	234,207,205,208,202,142,270,216,214,216	1,0,0,0,0,0,0,0,0,1	249,224,197,218,205,239,235,157,180,195	0,0,0,1,0,0,1,0,0,0	1255	75
5098	40,26,35,28,20,30,38,36,17,26	2,0,0,0,1,1,1,0,0,1	30,37,17,41,31,35,27,28,21,30	1,1,1,0,2,2,0,0,0,0	207	75
5099	5,3,0,0,3,2,5,0,1,1	228,264,227,206,218,237,211,210,219,322	6,1,0,0,1,0,2,1,2,1	272,247,242,252,237,219,247,287,345,354	206	75
5101	1,2,0,0,1,0,0,0,0,0	11,11,16,14,11,7,14,15,9,11	0,1,0,1,0,1,1,0,0,1	6,12,7,19,12,10,6,13,13,13	134	75
5102	94,64,76,92,129,92,105,71,89,67	0,0,1,0,0,0,0,0,0,0	60,93,55,68,74,96,98,96,91,91	0,1,0,0,0,0,0,0,0,0	104	75
5103	70,68,69,70,73,60,83,54,55,87	4,2,1,3,2,1,0,0,1,3	77,77,57,79,82,87,73,77,76,67	1,2,1,2,1,5,4,1,2,0	107	75
5105	2,0,4,1,1,2,0,1,4,0	123,119,91,92,93,84,96,78,63,133	2,2,4,2,2,1,2,1,1,1	89,84,83,106,105,121,101,98,120,115	101	75
5106	7,4,9,8,15,5,7,3,4,7	35,35,35,17,23,29,38,31,22,23	4,6,9,12,6,1,5,9,4,9	31,22,27,31,19,29,34,29,15,17	144	75
5107	27,25,25,10,16,28,23,25,13,33	32,36,15,17,31,34,28,29,21,23	22,19,15,25,15,25,18,21,24,16	16,31,15,31,21,35,33,30,26,26	78	75
5108	0,0,0,0,0,0,0,0,0,0	2,4,2,5,2,3,2,2,1,5	1,0,1,0,0,1,1,0,0,3	4,5,3,1,3,4,4,3,3,1	144	75
5109	29,28,23,41,30,40,31,38,33,41	0,2,2,6,0,4,4,1,4,0	32,26,34,41,37,33,38,46,31,23	4,0,4,4,5,5,1,1,3,3	79	75
5110	45,31,36,38,29,28,43,45,25,22	0,0,0,0,1,0,0,0,0,0	41,48,36,45,37,37,45,49,39,38	0,0,0,0,0,0,0,0,0,0	79	75
5113	0,0,0,0,0,0,1,0,0,0	0,0,0,2,0,0,0,0,0,1	0,0,0,0,0,0,0,0,0,0	0,0,0,0,0,0,1,0,0,0	78	75
5114	109,109,92,86,92,88,110,85,94,126	8,6,4,3,5,2,5,4,7,1	110,89,96,90,101,91,83,127,123,116	9,2,2,5,5,4,3,7,8,6	139	75
5115	62,71,50,61,70,68,71,59,54,78	0,0,1,0,0,1,0,0,0,0	79,68,58,73,56,60,53,80,53,58	1,1,0,1,0,0,0,3,0,0	95	75
5116	62,56,52,33,46,41,63,52,54,53	2,0,0,0,0,0,0,0,0,1	55,61,43,63,50,64,51,40,54,31	0,0,1,0,0,1,2,0,0,0	79	75
5119	0,0,0,0,0,0,1,0,0,0	11,14,6,3,13,5,10,4,3,8	0,0,0,0,0,0,0,1,1,0	13,10,6,5,9,9,9,9,11,5	144	75
5120	40,33,39,45,51,38,45,57,53,44	30,20,34,44,35,40,40,28,26,24	37,58,28,45,39,37,46,61,56,48	24,38,21,28,44,34,40,28,32,21	168	75
5121	11,6,12,13,26,15,13,9,14,8	0,0,1,0,1,0,2,0,0,0	10,21,13,18,16,17,11,22,18,16	1,1,0,1,2,1,0,4,1,1	81	75
5122	8,10,7,7,13,8,8,10,12,14	2,0,1,0,1,1,1,4,1,1	6,13,9,6,7,10,14,8,7,9	2,1,3,2,1,2,0,2,1,1	81	75
5123	76,75,90,81,85,86,66,86,66,79	16,17,11,8,15,18,8,6,12,12	66,71,81,79,78,82,94,102,103,78	5,13,9,13,9,7,6,19,15,11	78	75
5125	0,0,0,0,0,0,1,0,0,0	3,5,2,2,6,3,2,4,4,2	1,0,0,0,0,0,1,0,0,0	1,3,4,4,2,2,1,0,0,1	197	75
5126	53,44,47,49,42,51,69,58,56,60	0,0,0,0,1,0,0,0,0,0	72,38,33,36,64,75,45,38,58,42	0,1,0,0,0,0,0,0,0,0	119	75
5127	25,24,19,24,18,20,26,16,21,17	8,4,14,11,3,13,8,8,14,10	25,19,15,29,25,31,22,19,22,17	11,10,6,2,14,8,8,4,14,11	78	75
5128	43,43,43,55,39,42,48,35,43,36	0,0,0,0,0,3,0,0,0,1	51,44,23,48,49,51,48,42,31,34	1,1,0,0,2,1,0,0,0,0	97	75
5129	26,23,38,42,24,35,30,27,36,29	0,0,0,0,0,3,0,0,0,1	37,35,14,21,38,28,34,27,23,28	1,1,0,0,2,1,0,0,0,0	94	75
5130	23,19,19,32,24,18,16,28,26,19	1,0,0,2,0,1,0,0,0,0	25,22,17,20,22,30,14,22,22,15	0,0,0,0,0,0,1,3,2,1	146	75
5131	12,9,11,21,14,11,11,13,17,8	0,0,0,0,0,0,0,0,0,0	13,9,9,11,11,19,8,12,10,9	0,0,0,0,0,0,1,0,0,0	146	75
5132	0,0,1,0,0,0,0,1,0,0	71,71,63,70,47,54,60,57,57,77	0,0,0,0,0,0,0,0,0,0	60,83,77,53,59,63,75,84,64,77	87	75
5134	15,2,10,4,9,7,5,3,2,4	5,0,1,1,1,0,1,0,0,0	10,8,0,10,5,5,10,10,4,6	2,0,0,1,1,2,0,0,2,0	286	75
5135	82,88,77,79,80,80,81,99,73,118	52,57,46,45,31,40,46,42,56,52	78,100,79,85,116,94,86,114,92,100	46,49,51,40,68,66,56,44,52,47	78	75
5136	52,71,57,52,38,59,63,52,42,71	0,0,1,0,2,0,1,0,0,0	75,75,61,49,57,55,40,56,64,61	0,1,0,0,3,3,0,2,0,1	159	75
5137	100,116,106,104,71,110,114,94,93,114	113,109,88,114,91,113,138,98,107,128	119,127,99,82,110,99,92,96,104,97	86,108,113,79,112,131,98,104,109,85	159	75
5138	52,71,57,52,38,58,64,51,42,70	3,2,2,0,1,1,0,2,1,4	74,75,61,49,57,55,40,54,63,61	0,1,3,1,6,2,2,1,1,1	159	75
5139	188,163,164,137,128,154,205,182,176,158	7,10,6,15,11,6,13,12,8,13	164,128,132,134,171,149,137,155,154,148	11,9,7,7,4,12,3,13,8,6	122	75
5140	320,287,299,260,208,274,348,315,281,281	7,2,4,2,0,5,8,2,6,1	300,237,263,228,329,274,241,265,307,255	3,2,3,0,10,4,3,0,4,0	463	75
5141	139,134,141,138,91,126,156,145,113,136	7,2,4,2,0,5,8,2,6,1	147,118,138,101,162,137,107,123,161,113	3,2,3,0,10,4,3,0,4,0	416	75
5142	23,15,20,12,17,11,23,16,19,13	0,0,0,1,0,0,0,0,0,0	15,25,13,22,17,18,21,20,20,18	0,0,0,0,0,1,0,0,0,0	87	75
5143	23,37,15,27,13,24,27,25,15,21	3,4,6,5,5,6,7,1,5,6	28,25,18,28,19,19,26,21,30,29	2,5,4,3,1,7,1,2,2,1	163	75
5144	43,68,25,44,34,41,53,57,27,41	0,0,0,0,0,0,0,0,0,0	51,44,38,57,36,47,47,41,59,45	1,0,0,0,0,0,0,0,0,0	163	75
5145	37,18,13,10,17,17,30,21,27,21	4,4,2,2,2,5,8,5,3,8	23,26,8,27,14,28,25,24,17,22	2,7,1,12,5,5,3,6,8,7	78	75
5146	9,16,14,21,18,16,15,15,22,24	0,0,0,0,0,1,0,0,0,0	16,18,15,9,16,15,21,15,22,15	0,0,0,0,0,0,1,0,1,0	79	75
5147	12,6,6,11,16,9,6,14,11,8	6,13,5,12,10,13,16,13,7,24	9,10,6,6,6,5,6,11,14,12	12,17,8,18,14,16,12,5,12,9	282	75
5148	13,3,5,9,12,5,6,13,9,5	0,0,1,1,0,1,2,0,0,0	7,7,3,3,5,5,6,11,8,9	0,4,0,0,0,1,0,2,1,0	282	75
5149	200,184,167,193,194,168,201,196,173,189	1,7,2,2,2,7,6,2,2,4	197,226,151,156,201,231,193,180,178,176	2,1,4,0,3,1,6,5,2,5	87	75
5151	1793,1723,1628,1420,1559,1473,1685,1645,1376,1669	193,172,120,134,106,126,176,143,132,68	1711,1780,1411,1615,1534,1811,1497,1471,1517,1613	102,160,162,149,131,213,139,87,88,150	648	75
5152	2422,2361,2274,1925,2234,2165,2345,2285,1966,2194	193,172,120,134,106,126,176,143,132,68	2287,2568,1974,2282,2082,2502,2126,2098,2258,2410	102,160,162,149,131,213,139,87,88,150	1498	75
5153	668,684,684,541,712,720,697,676,626,541	39,46,38,36,37,28,37,36,36,16	593,814,602,704,588,747,663,652,762,830	17,26,39,37,40,56,34,25,21,33	925	75
5155	1,2,1,0,0,0,0,0,2,0	18,11,6,10,9,13,12,12,10,11	3,0,0,0,0,1,1,0,0,3	15,10,9,5,6,9,6,7,17,2	99	75
5156	43,36,28,35,28,27,47,33,43,34	7,1,4,2,9,2,2,5,5,1	34,28,37,29,39,32,34,21,37,19	4,1,8,3,7,11,3,5,3,3	78	75
5157	22,15,19,17,18,17,16,13,16,14	0,0,3,1,0,1,1,1,2,1	23,20,14,17,10,24,20,20,19,21	0,3,2,0,2,0,0,1,1,1	79	75
5158	48,55,43,57,50,37,55,44,42,63	1291,1154,965,939,1053,1071,1080,1137,996,1267	49,57,35,37,42,41,51,33,44,41	1301,1009,1066,1073,1044,1208,1119,989,1112,1013	111	75
5160	5,2,2,3,2,3,4,1,1,7	84,74,74,58,53,70,54,73,61,94	10,7,1,9,5,4,6,5,2,10	99,69,77,75,72,82,68,98,90,95	94	75
5161	232,281,228,228,209,186,225,214,173,284	0,0,0,0,0,0,0,0,1,1	223,200,206,199,238,205,222,271,296,275	0,0,0,1,0,0,0,0,1,0	302	75
5163	5,4,1,1,0,2,5,3,1,3	3,3,0,1,0,0,2,1,1,0	0,4,0,0,4,4,3,4,2,1	0,2,3,0,0,1,3,0,1,0	93	75
5164	5,3,4,1,2,3,12,4,5,3	0,2,3,1,1,1,1,3,3,1	3,10,1,1,5,5,8,3,5,1	4,0,2,0,1,3,2,5,4,3	93	75
5165	14,17,16,10,11,10,24,11,8,9	0,0,0,0,0,0,1,0,1,2	13,17,10,8,13,16,14,17,17,2	0,0,0,0,0,1,0,0,0,0	182	75
5166	9,16,15,10,10,8,13,10,6,7	0,0,0,0,0,0,1,0,1,2	14,7,11,7,9,14,8,19,16,4	0,0,0,0,0,1,0,0,0,0	164	75
5167	0,2,0,0,0,0,0,0,0,0	1,1,2,0,2,2,2,1,0,2	0,0,1,0,2,1,0,1,2,2	1,0,2,0,1,0,1,3,4,1	87	75
5168	16,22,16,12,7,9,13,19,19,17	3,3,0,2,0,1,0,0,0,1	23,13,10,16,24,13,19,20,16,12	2,5,0,3,3,1,1,1,0,0	80	75
5172	190,229,174,145,129,148,165,173,163,154	77,80,78,84,78,65,94,96,79,69	180,166,146,220,182,173,153,189,141,134	91,86,73,82,101,108,74,72,82,49	78	75
5173	131,129,112,101,100,93,114,98,116,93	1,4,2,1,5,0,3,2,1,3	141,98,110,127,126,124,140,130,119,80	1,0,0,3,1,0,3,1,4,3	111	75
5174	82,77,70,56,54,59,63,57,68,60	0,1,0,1,0,0,0,0,3,0	82,55,51,74,75,74,91,70,69,49	0,0,0,0,1,2,0,0,1,0	111	75
5175	193,176,180,148,163,154,192,153,155,160	37,23,23,25,25,18,27,18,28,21	195,140,143,192,165,195,176,188,194,145	33,23,22,22,24,28,24,17,25,16	111	75
5176	11,7,10,15,11,12,15,14,10,9	13,13,21,16,11,14,20,17,18,25	8,14,20,9,8,8,12,19,8,11	12,11,14,14,13,11,14,17,19,17	111	75
5177	14,11,16,5,14,10,18,12,19,7	0,1,4,1,0,1,1,4,0,1	10,9,17,11,18,16,12,9,15,10	1,1,0,2,1,0,0,0,1,1	130	75
5179	101,72,89,114,82,103,70,91,96,74	7,6,5,4,4,7,7,6,10,8	96,115,91,93,99,111,98,97,90,85	3,5,6,6,5,5,3,2,4,4	158	75
5180	3,4,9,4,11,3,2,1,3,10	3,1,7,3,1,5,6,1,2,5	8,5,3,6,7,0,4,9,9,7	4,3,0,2,1,1,1,2,1,2	80	75
5181	11,17,13,11,13,11,17,16,14,21	0,0,0,1,0,0,0,0,1,0	17,8,17,13,19,18,10,4,6,12	0,1,0,0,1,0,0,0,0,0	126	75
5182	5,10,6,5,7,6,8,6,5,10	0,0,0,0,0,0,0,0,0,0	10,3,8,4,12,5,3,4,3,2	0,0,0,0,0,0,1,0,0,0	126	75
5183	1,1,0,3,0,0,0,0,0,1	0,1,1,1,0,1,2,0,0,1	0,0,0,0,0,1,3,1,0,2	1,1,0,0,1,0,0,2,1,2	96	75
5184	43,45,53,43,49,29,51,50,52,37	0,2,1,0,2,0,0,0,0,0	56,35,39,47,37,48,37,51,32,44	3,0,3,3,2,3,3,2,2,1	84	75
5186	1,1,2,0,0,1,0,0,2,1	29,19,10,13,23,19,21,15,15,22	0,0,1,1,1,0,2,0,4,2	16,12,11,17,16,22,20,21,21,32	133	75
5187	32,21,31,15,34,22,32,25,24,27	0,0,0,0,1,0,0,0,0,0	40,29,26,23,21,42,34,24,31,26	0,0,0,0,0,0,0,0,0,0	84	75
5188	125,138,98,120,136,126,125,104,110,121	5,5,11,9,9,10,10,12,6,10	114,117,116,117,132,137,118,119,143,150	8,8,5,5,10,8,9,4,11,7	167	75
5190	29,42,18,24,16,22,27,18,28,26	9,10,4,6,10,10,7,10,7,7	20,28,22,22,17,28,26,23,28,26	8,6,4,10,2,6,12,8,11,7	78	75
5192	105,94,87,74,100,86,99,83,79,95	0,1,0,0,0,0,0,0,0,0	109,98,87,106,78,104,97,91,117,93	0,0,0,0,0,0,0,0,0,0	82	75
5193	75,67,46,74,85,73,82,84,76,76	2,0,0,3,2,1,3,3,4,0	73,78,78,77,95,83,84,70,107,91	1,2,2,2,2,1,2,1,0,0	94	75
5194	43,27,45,28,20,29,44,31,26,16	2,1,0,1,0,0,0,1,0,0	25,21,24,34,37,34,20,26,31,25	0,2,2,0,1,1,0,0,0,1	381	75
5195	16,10,17,14,15,15,9,26,8,16	40,25,28,13,28,26,22,21,28,30	19,21,15,20,18,11,19,19,13,12	24,31,37,25,22,29,35,29,34,27	81	75
5196	29,31,21,20,17,36,23,12,16,24	40,25,28,13,28,26,22,21,28,30	31,31,24,28,22,23,22,31,19,33	24,31,37,25,22,29,35,29,34,27	153	75
5197	28,30,20,19,17,33,21,11,16,22	15,9,16,13,15,12,7,25,8,14	29,29,24,25,21,22,21,28,19,32	17,19,15,17,17,10,18,16,13,11	147	75
5198	0,0,0,0,0,0,0,0,0,0	6,1,2,6,6,6,8,0,1,5	1,0,0,0,0,0,1,0,2,0	4,2,5,4,4,6,3,4,8,2	86	75
5199	187,160,169,135,169,152,196,149,118,190	3,0,0,0,0,1,0,0,0,0	181,143,138,146,160,166,150,160,199,155	1,0,0,1,0,1,0,1,1,1	83	75
5200	76,79,52,62,54,59,68,78,40,63	0,1,0,0,0,0,2,1,0,0	69,74,52,66,39,71,44,40,54,60	1,2,2,1,0,0,0,3,1,1	141	75
5201	5,2,7,4,6,3,7,1,6,9	28,30,33,25,21,16,38,26,31,29	4,7,5,5,6,2,4,6,9,5	29,18,22,22,36,32,23,27,23,19	102	75
5202	13,13,8,10,9,8,8,11,5,6	0,1,1,0,0,0,1,1,1,1	8,4,3,7,7,11,8,12,14,6	1,2,0,2,1,0,4,1,1,1	78	75
5203	36,33,31,22,25,23,39,35,22,24	1,6,4,6,1,6,10,5,6,6	27,26,27,26,20,25,22,19,36,33	3,4,8,7,2,4,6,1,6,4	78	75
5204	2232,2114,1705,1587,1568,1421,1988,1665,1414,1491	52,50,52,41,62,28,54,40,27,33	1652,1743,1656,1951,1515,1983,1738,1390,1538,1545	73,64,48,34,34,46,40,33,47,52	651	75
5209	0,1,2,0,1,0,0,1,1,1	116,101,102,117,123,110,104,118,97,170	0,0,0,0,0,0,3,1,0,1	134,112,110,102,116,104,97,148,122,102	92	75
5210	112,104,80,80,101,107,126,85,86,123	4,1,2,1,1,0,0,0,5,2	110,95,76,71,99,83,90,104,95,94	2,3,1,2,0,2,2,7,1,1	87	75
5211	14,6,9,6,2,6,12,8,4,11	4,1,2,1,1,0,0,0,5,2	5,3,4,5,10,8,13,4,11,5	2,3,1,2,0,2,2,7,1,1	171	75
5212	6,1,6,2,2,5,7,4,3,4	104,99,77,76,101,106,121,81,85,116	0,1,3,1,4,6,8,3,3,1	105,93,75,67,93,81,85,103,87,90	159	75
5213	7,6,5,12,9,4,8,12,5,10	0,0,1,0,0,0,0,0,0,0	9,5,3,4,14,5,4,4,6,5	0,0,0,0,0,0,0,0,0,0	1494	75
5214	132,151,130,127,144,134,157,149,111,175	0,0,2,1,0,0,2,1,0,1	164,168,121,124,141,114,157,159,157,152	2,1,1,0,0,0,4,1,1,1	128	75
5215	2,7,2,2,3,2,2,7,3,3	51,48,52,52,43,39,45,45,60,79	3,5,4,3,3,1,3,3,1,5	52,57,60,65,46,65,53,51,48,64	146	75
5217	1,0,0,0,0,0,4,1,0,1	4,8,2,2,5,4,2,2,2,9	0,0,2,4,0,1,0,1,0,0	5,7,4,4,8,8,4,6,6,6	98	75
5218	38,29,37,27,34,35,40,40,34,32	0,0,0,0,0,0,0,0,0,0	38,22,39,42,31,20,29,37,45,42	0,1,0,1,0,0,0,0,0,0	129	75
5219	21,19,13,27,19,9,23,16,12,20	0,2,0,0,0,0,0,0,0,0	11,23,9,21,14,12,21,15,13,18	0,0,1,0,0,0,0,0,0,0	78	75
5225	0,0,0,0,0,0,2,1,0,1	0,0,0,0,0,0,0,0,0,0	0,1,0,0,0,0,0,0,0,1	0,0,0,1,0,0,0,0,0,0	85	75
5226	2,2,1,3,7,7,6,2,1,9	28,14,17,23,19,19,33,18,17,19	1,2,4,6,3,6,1,2,6,7	27,25,20,14,20,25,22,26,17,21	85	75
5227	93,126,94,105,114,97,123,106,117,141	0,1,0,0,1,0,0,0,0,0	106,130,102,108,115,109,106,110,114,145	3,0,0,0,0,0,0,1,0,0	1201	75
5228	87,83,64,73,103,74,79,79,69,68	0,1,0,1,0,0,0,0,0,0	67,91,91,54,75,98,76,88,55,94	1,0,1,1,0,0,0,0,0,0	81	75
5229	28,31,25,17,30,26,33,26,27,37	40,43,37,32,24,25,46,21,28,38	33,26,24,26,27,30,28,31,35,29	30,44,29,30,45,38,40,26,33,30	93	75
5230	62,55,45,36,71,49,77,46,54,56	54,47,43,41,56,54,51,51,36,46	67,61,42,50,58,67,68,32,49,56	49,53,32,43,45,60,45,43,39,35	78	75
5231	0,0,0,0,0,0,0,0,0,0	0,0,0,1,0,0,0,1,0,2	0,0,0,1,0,1,0,0,0,2	2,0,0,0,0,0,0,0,2,1	100	75
5232	35,35,24,27,41,30,42,28,29,34	1,0,0,0,0,0,0,0,0,0	28,19,16,35,30,27,26,17,14,24	0,0,0,0,0,0,0,0,0,0	77	75
5233	1,4,2,7,6,6,3,3,1,3	0,0,0,0,0,0,0,3,0,0	0,4,1,3,6,3,6,3,6,0	0,0,0,0,2,0,0,0,0,1	78	75
5234	163,169,150,135,142,114,156,149,95,154	0,0,0,0,0,0,0,3,0,0	174,152,129,182,132,172,174,124,153,123	0,0,0,0,2,0,0,0,0,1	368	75
5235	162,167,149,132,137,111,153,147,94,152	0,2,1,4,1,3,0,1,0,1	174,150,128,179,128,170,168,124,150,123	0,2,0,0,2,1,0,3,3,0	365	75
5236	105,93,86,98,92,97,101,87,95,87	0,0,0,1,0,0,0,0,0,0	80,92,97,98,108,111,96,134,121,116	0,1,0,0,0,0,0,0,0,0	455	75
5237	1,0,1,1,2,0,3,2,0,0	210,224,226,191,185,183,213,217,210,201	1,0,0,1,2,0,1,0,0,1	198,186,184,251,206,218,219,187,203,148	107	75
5238	94,115,86,84,101,113,97,95,92,82	0,0,1,4,0,0,0,0,1,0	103,128,90,115,91,97,106,84,106,95	0,0,0,0,0,0,0,0,1,0	186	75
5239	66,70,77,44,65,53,58,66,54,49	1,0,0,3,1,1,2,0,1,0	58,67,54,74,56,58,65,77,58,53	0,0,0,1,0,0,1,0,2,0	78	75
5240	39,55,37,24,59,48,46,34,36,52	0,0,0,2,1,0,0,0,0,0	61,48,47,55,55,41,48,46,55,45	0,0,0,0,2,0,0,0,1,0	82	75
5241	2,3,2,0,0,0,0,0,1,1	3,5,3,6,0,0,3,3,1,0	1,1,0,0,1,0,0,0,1,0	3,0,3,5,2,4,2,1,2,10	103	75
5242	13,30,15,13,26,23,28,22,16,23	0,4,1,0,1,0,1,1,2,0	16,19,15,31,12,17,29,21,12,28	2,1,1,0,0,2,1,1,1,3	83	75
5243	31,51,36,38,31,36,30,31,47,27	0,1,1,0,0,0,0,0,0,1	35,32,42,39,31,41,35,29,36,33	0,0,0,0,0,0,1,0,0,0	511	75
5244	12,13,6,8,12,12,13,11,9,14	6,10,5,5,8,8,4,2,3,5	14,22,15,10,17,17,11,15,17,17	5,2,7,3,5,7,4,4,5,7	99	75
5245	0,0,0,0,0,0,0,0,0,0	0,0,0,0,0,0,0,2,0,0	0,0,0,0,2,0,0,0,0,0	0,0,0,1,0,1,0,0,0,0	78	75
5246	0,0,0,0,0,0,0,0,1,0	89,99,77,64,67,79,100,90,88,98	0,0,0,0,0,0,0,0,0,0	94,83,68,95,74,61,69,88,91,53	78	75
5247	0,0,0,0,0,0,0,0,0,0	0,2,0,0,0,0,0,0,0,0	0,0,0,0,1,0,0,0,1,0	0,1,1,0,0,0,0,0,0,1	135	75
5248	109,100,92,94,100,81,113,121,101,143	0,0,0,0,0,0,0,0,1,1	81,99,87,115,91,108,108,126,111,112	0,0,0,0,0,0,0,0,0,0	210	75
5249	12,13,16,9,18,1,11,20,6,9	0,0,1,0,0,1,0,1,0,1	9,11,20,16,14,15,21,12,11,7	1,1,0,0,0,0,0,0,0,0	91	75
5250	1,0,0,1,0,0,1,0,0,1	0,1,0,2,0,1,0,2,0,2	0,1,0,0,1,0,0,0,1,0	0,0,0,2,1,2,3,1,1,1	169	75
5251	60,46,59,37,56,62,61,46,49,46	122,104,111,114,151,100,113,107,104,113	58,60,60,67,66,44,63,58,64,43	101,108,112,150,118,132,119,126,144,132	87	75
5252	30,31,36,26,29,25,50,35,32,39	0,1,0,0,0,0,0,0,0,0	45,42,38,26,29,29,40,35,27,23	2,2,0,0,0,0,0,0,5,0	220	75
5253	28,30,11,29,12,21,13,15,13,23	0,1,1,0,0,0,0,1,2,0	19,20,15,38,22,16,16,16,25,17	0,0,0,1,0,1,0,0,2,0	196	75
5254	3,2,7,2,3,5,9,3,5,5	3,0,2,2,3,2,1,0,1,1	3,7,7,4,2,4,3,2,4,4	2,2,1,0,2,0,4,1,1,3	78	75
5255	5,3,2,2,1,10,1,1,2,2	2,0,1,0,0,0,0,0,0,0	1,3,1,7,3,3,5,1,2,1	1,0,0,0,0,0,0,0,0,0	150	75
5256	4,0,1,2,0,4,1,0,1,1	4,3,0,5,3,1,7,6,3,3	0,2,0,0,3,2,2,1,2,1	3,4,2,2,3,3,1,4,6,3	129	75
5257	4,0,1,3,0,4,2,0,1,3	0,0,0,0,0,0,0,0,0,0	0,0,0,1,3,1,4,1,1,1	0,0,0,0,0,0,0,0,1,0	129	75
5258	3,11,3,12,3,5,3,5,4,4	1,2,1,1,1,5,0,3,0,2	6,3,1,5,0,4,6,4,7,4	3,5,2,4,0,0,0,1,2,3	78	75
5260	3,0,3,2,1,3,2,3,3,5	76,67,76,60,103,77,86,67,66,59	2,7,4,4,7,7,3,1,1,2	77,77,61,76,59,76,80,89,95,78	162	75
5261	3,9,8,2,11,14,3,10,3,8	6,0,1,0,4,3,4,3,0,0	12,5,6,4,7,4,9,6,9,10	1,1,3,3,1,2,7,3,1,3	94	75
5262	1,0,0,0,0,1,0,0,1,0	1,0,0,0,0,1,0,0,1,0	0,0,1,0,2,0,0,0,0,0	0,1,0,0,0,0,2,0,0,1	87	75
5263	81,98,85,89,81,100,100,98,100,83	0,0,0,0,0,0,0,0,0,0	94,82,82,96,94,90,110,87,74,71	0,0,1,0,0,0,0,0,0,0	104	75
5264	15,11,12,8,13,14,16,16,9,9	5,10,14,11,13,14,11,12,12,12	22,11,19,11,13,13,15,22,21,10	19,12,10,13,9,13,10,12,14,14	78	75
5265	19,15,10,13,17,11,14,18,11,21	1,0,0,3,3,0,4,3,1,0	19,13,10,9,17,9,18,19,18,12	2,0,2,5,1,0,0,0,1,2	139	75
5266	1,2,1,0,2,0,0,2,3,1	1,0,3,1,2,1,2,1,0,2	0,2,0,0,0,0,0,1,2,2	2,3,2,2,0,3,1,2,2,3	78	75
5267	357,348,280,276,294,237,381,299,259,343	0,0,0,0,0,0,0,0,0,0	388,275,246,330,290,319,351,290,302,262	0,0,0,0,0,1,0,0,0,0	114	75
5268	386,402,282,315,310,302,375,353,243,378	26,28,18,13,19,17,27,26,19,24	335,292,316,321,304,357,285,340,345,288	12,22,14,30,22,27,16,31,16,20	78	75
5269	0,0,0,0,0,0,0,0,0,0	704,750,575,580,642,621,747,634,581,707	0,0,0,0,0,0,0,0,1,0	681,654,609,746,605,702,692,673,651,644	119	75
5270	194,180,149,127,133,112,168,138,91,147	3,2,3,5,2,1,5,2,3,4	153,112,136,129,144,131,124,117,148,96	4,5,4,0,3,2,4,2,6,3	90	75
5271	174,173,137,159,140,123,160,139,133,170	1,0,0,0,0,0,0,0,0,0	183,179,148,163,139,194,135,180,171,152	0,0,0,0,0,0,0,0,0,0	652	75
5272	14,14,18,18,18,16,27,29,16,12	1,4,1,1,1,4,2,1,0,0	22,27,14,18,18,16,17,18,19,19	1,1,2,2,0,0,1,2,4,0	132	75
5273	23,30,29,24,33,29,23,26,26,14	0,0,0,1,0,0,0,0,0,0	26,29,21,26,25,31,29,22,31,33	0,0,0,0,2,0,0,1,0,0	134	75
5274	6,3,7,6,10,6,5,9,1,10	0,0,0,1,0,0,0,0,0,0	8,7,6,5,3,8,8,11,8,8	0,0,0,0,0,0,0,1,0,0	80	75
5275	10,3,5,11,7,11,4,8,8,8	5,3,5,5,4,10,7,6,6,4	5,10,7,6,6,10,7,5,17,10	0,5,1,4,8,2,2,6,5,4	107	75
5277	49,35,44,52,49,62,52,37,39,51	2,2,3,3,5,2,2,1,0,3	44,48,56,46,54,42,57,75,71,52	6,2,4,1,2,3,5,7,6,0	125	75
5278	58,62,39,49,58,58,48,56,35,62	1,0,0,0,0,0,0,0,0,0	42,52,49,41,68,53,49,41,56,61	0,0,0,0,1,0,0,0,0,0	284	75
5279	120,144,94,116,126,123,121,121,107,145	1,0,0,0,0,0,0,0,0,0	128,126,113,118,157,113,113,120,118,134	0,0,0,0,1,0,0,0,0,0	735	75
5280	62,82,55,67,68,65,73,65,72,84	0,0,0,0,0,0,0,0,0,1	86,74,64,77,89,60,64,79,62,73	0,0,0,0,0,0,0,0,0,0	526	75
5281	37,41,52,49,45,48,49,48,51,44	2,2,0,3,1,3,1,3,3,3	66,39,49,42,50,51,57,39,67,45	3,4,4,2,0,0,1,1,4,4	108	75
5282	97,93,93,60,85,84,107,70,68,87	0,0,1,0,0,0,0,0,1,0	97,97,75,63,82,119,93,101,83,62	0,0,1,0,2,0,0,0,0,0	152	75
5283	36,39,35,26,32,40,43,34,24,47	19,29,17,21,22,18,21,22,24,12	50,56,52,39,31,54,42,43,33,26	14,23,28,20,28,30,17,16,21,32	231	75
5288	4,1,0,3,4,2,1,0,0,0	0,0,1,0,0,0,0,0,0,0	0,3,0,4,2,2,3,2,0,1	1,0,0,0,0,0,0,1,0,0	99	75
5289	0,0,0,0,0,0,0,0,0,0	2,7,2,2,2,4,2,3,3,4	1,0,0,1,0,0,0,0,0,0	4,4,5,1,3,3,2,2,2,2	1112	75
5291	34,19,27,20,37,21,31,27,30,35	9,7,5,7,7,7,12,8,4,14	34,25,25,34,36,40,31,31,18,28	11,11,5,5,9,11,5,3,3,8	78	75
5292	0,0,0,0,0,0,0,0,0,0	5,4,5,6,4,3,3,7,3,5	0,2,0,0,0,0,0,0,0,0	6,9,5,1,1,3,5,5,4,4	102	75
5296	0,1,1,0,2,1,0,1,0,0	1,0,1,0,0,1,0,0,0,0	2,1,1,1,0,0,1,0,5,6	0,0,0,0,0,0,0,0,0,1	78	75
5297	2,2,0,0,0,0,0,0,0,0	0,0,0,0,0,0,0,0,0,0	0,0,0,0,0,0,1,1,1,0	0,0,1,0,0,0,0,0,0,0	78	75
5298	1,0,1,0,1,2,0,1,1,1	575,587,521,503,503,560,558,515,446,665	0,0,1,0,0,1,0,0,0,2	610,567,513,514,509,585,587,608,690,668	115	75
5299	198,209,150,162,173,167,191,188,183,187	2,1,0,1,0,1,0,1,1,0	199,155,150,191,200,221,172,158,147,145	0,0,0,2,2,1,1,1,0,0	161	75
5302	0,0,1,0,0,0,0,1,1,0	0,0,0,0,0,0,0,0,0,2	0,0,1,0,0,0,0,0,0,0	0,0,0,0,0,1,0,0,0,0	226	75
5303	31,33,37,36,34,29,32,30,37,51	5,5,5,3,5,5,7,3,2,5	31,24,36,41,21,30,24,34,50,51	5,2,4,4,6,8,5,5,10,6	182	75
5304	2,6,1,4,4,7,5,3,1,0	0,0,0,0,0,0,0,0,0,0	6,5,4,7,0,4,3,3,2,1	0,3,1,0,0,0,0,0,0,0	1001	75
5305	7,5,6,3,6,5,5,2,6,3	2,4,1,1,1,2,4,2,2,0	1,5,0,4,5,1,5,0,5,3	1,0,0,0,0,3,0,3,1,1	80	75
5307	0,1,5,0,3,2,1,5,6,6	2,1,1,1,2,0,0,1,3,2	7,0,1,3,2,8,3,0,4,3	1,4,0,1,2,0,2,2,0,0	78	75
5309	8,4,2,0,4,7,6,4,2,6	3,3,1,0,1,0,1,0,1,0	6,3,2,2,5,6,1,3,6,5	8,1,1,2,0,0,1,3,2,2	153	75
5311	54,58,58,58,62,52,59,55,34,55	2,0,1,0,2,0,0,0,0,0	59,56,55,45,61,45,51,57,91,83	1,0,0,0,0,1,0,0,0,1	80	75
5312	3,2,1,1,1,0,1,2,3,4	9,10,3,2,9,6,3,8,6,7	5,3,1,3,1,2,2,2,4,1	16,12,6,8,8,11,12,9,9,6	811	75
5313	6,8,7,0,7,8,5,3,5,14	1,2,0,0,1,0,1,1,1,0	5,6,3,6,6,5,7,4,9,2	0,1,1,1,1,0,0,0,0,0	78	75
5316	8,5,8,9,10,11,4,5,11,13	142,174,153,157,155,129,151,141,151,159	11,8,7,7,18,12,4,2,14,5	155,140,121,124,200,165,136,192,171,136	113	75
5318	35,27,30,27,34,27,21,25,21,34	0,0,0,0,0,0,1,0,0,2	28,25,21,36,21,25,18,34,40,28	1,0,0,0,0,1,0,1,1,0	146	75
5319	41,33,33,28,37,34,41,40,29,43	37,29,25,21,24,32,28,37,24,37	38,26,24,37,19,38,31,34,34,47	34,29,19,24,24,14,33,35,22,26	78	75
5320	2,3,4,4,2,0,7,0,1,3	17,21,27,17,23,18,30,21,26,29	6,1,6,3,3,1,4,3,2,1	24,27,23,22,25,17,24,29,19,30	89	75
5321	11,8,13,12,12,11,10,8,4,12	17,21,27,17,23,18,30,21,26,29	13,4,12,5,13,13,5,11,10,6	24,27,23,22,25,17,24,29,19,30	114	75
5322	10,6,10,10,10,11,3,8,4,10	1,1,1,2,0,0,0,0,1,1	12,4,9,4,11,12,4,9,8,5	5,1,3,2,1,0,3,1,0,0	100	75
5323	382,414,282,275,287,248,352,328,270,354	0,0,0,0,0,0,0,0,0,0	318,304,245,394,309,374,296,331,331,291	0,0,0,1,1,0,2,0,0,0	2770	75
5324	6,9,11,14,8,3,13,3,8,9	0,1,0,0,0,0,0,0,0,0	6,4,8,7,6,7,4,6,10,11	0,0,0,1,0,0,0,0,0,0	132	75
5325	57,64,44,47,58,28,57,56,29,62	25,16,17,15,17,18,19,18,17,22	54,54,39,47,60,55,52,44,46,37	27,14,21,25,20,14,23,16,22,25	78	75
5326	0,0,0,0,1,2,1,1,0,0	0,0,0,0,0,0,0,0,0,0	0,0,0,0,1,1,0,1,0,1	0,0,1,0,0,0,0,0,0,0	78	75
5327	11,15,16,7,20,18,16,19,14,16	0,0,0,0,2,1,2,1,1,2	11,23,14,7,18,17,14,18,25,19	0,1,1,0,1,1,1,3,3,2	107	75
5328	0,1,2,0,2,1,2,1,4,1	43,18,22,35,31,14,19,24,30,28	0,7,1,0,3,1,3,2,3,0	26,26,32,12,26,37,34,14,37,29	133	75
5330	11,9,13,10,9,12,7,12,12,18	0,0,0,0,0,0,0,0,0,0	16,6,9,17,11,8,11,5,14,13	0,0,1,0,0,1,0,0,0,0	77	75
5332	128,115,105,139,141,106,113,147,140,164	1,2,0,0,0,0,1,5,0,0	191,162,130,127,184,150,145,171,187,106	1,0,1,0,3,0,1,0,0,0	164	75
5333	73,113,75,66,80,90,113,79,73,98	9,14,9,3,11,8,6,7,6,16	91,77,82,97,81,72,88,84,102,102	10,17,10,7,13,11,6,12,13,17	78	75
5335	8,14,13,12,6,15,17,9,11,11	125,124,127,103,143,112,88,113,109,120	11,9,9,11,5,7,9,6,9,9	124,114,105,122,119,115,131,180,180,152	804	75
5336	9,14,10,11,5,15,14,9,5,11	2,2,7,3,8,6,8,4,8,3	11,9,8,12,5,6,9,6,8,8	2,3,3,2,3,4,7,4,8,8	804	75
5337	4,6,4,1,1,1,2,3,5,2	1,4,1,3,4,5,0,4,1,1	6,0,4,5,3,2,0,1,2,3	4,5,1,5,4,2,2,5,3,4	148	75
5338	2,4,1,1,0,0,1,2,2,3	0,0,0,0,0,0,0,0,2,0	4,1,2,0,3,3,1,0,1,4	0,0,0,0,0,1,0,0,0,0	171	75
5339	14,18,30,21,28,32,27,16,22,21	5,2,5,3,5,5,2,1,0,3	28,31,23,27,22,27,18,26,30,34	3,2,3,1,1,4,1,2,3,1	78	75
5340	15,15,12,11,8,7,12,13,6,9	0,0,0,2,0,1,0,0,0,0	11,12,6,12,18,12,19,15,14,12	1,0,1,0,0,1,0,1,0,0	78	75
5341	10,4,9,9,16,16,15,10,7,13	1,0,0,0,0,2,0,2,0,1	7,14,5,13,13,10,15,12,28,18	0,0,1,0,1,1,1,0,0,0	231	75
5343	60,35,39,34,38,40,38,48,36,31	0,1,0,3,0,0,1,0,1,0	32,24,37,43,41,46,30,46,39,35	1,2,3,0,0,2,0,1,0,0	155	75
5346	143,107,106,123,123,114,128,118,106,124	6,1,1,2,1,4,0,2,2,2	138,136,117,128,129,107,111,113,123,105	1,2,3,3,1,2,4,1,5,1	112	75
5347	131,130,112,109,125,121,122,99,130,104	1,0,4,0,0,0,0,0,1,1	138,124,125,135,125,129,137,119,139,100	0,0,0,0,0,2,1,0,0,2	105	75
5348	5,8,10,5,5,9,5,8,8,17	39,48,32,28,51,46,47,32,37,48	8,11,8,4,13,10,8,4,10,8	60,41,43,39,43,51,38,32,30,36	78	75
5351	163,182,107,128,126,124,155,147,126,127	0,0,1,0,0,0,0,0,0,0	183,100,135,140,119,183,120,141,128,110	0,0,0,0,1,0,1,0,0,0	145	75
5352	1,0,0,0,0,0,0,0,0,0	11,8,10,8,12,10,6,12,10,6	1,0,2,0,0,0,0,1,0,0	11,7,11,9,12,5,9,13,9,14	96	75
5353	9,5,5,9,9,11,8,7,5,8	10,9,5,7,9,6,5,7,8,16	7,10,4,10,14,4,12,2,7,9	4,19,11,10,8,6,13,10,10,4	78	75
5356	84,46,56,46,57,44,67,56,35,59	3,3,6,7,5,0,6,2,3,3	69,65,45,47,58,68,44,56,58,54	3,4,7,6,7,2,10,5,5,7	99	75
5357	6,3,5,5,2,5,4,1,2,5	0,0,0,0,0,0,0,1,0,0	2,2,2,2,5,3,1,3,1,4	1,0,0,0,1,1,0,0,0,0	103	75
5358	13,6,10,8,7,10,7,8,11,9	38,40,25,16,27,34,38,27,42,13	7,9,7,4,4,11,5,7,17,12	21,44,20,43,27,24,28,29,38,30	114	75
5360	6,3,2,5,0,5,1,1,1,4	23,19,11,16,14,14,26,21,14,16	6,5,2,1,2,3,2,6,3,5	24,11,17,16,8,13,17,14,22,13	78	75
5362	12,3,5,6,6,7,3,6,2,5	0,3,1,0,0,0,0,1,2,0	5,6,5,6,1,5,8,4,6,5	1,1,0,0,0,0,0,0,0,0	140	75
5364	122,116,134,107,138,112,119,101,125,127	0,0,0,0,0,0,0,0,0,1	108,118,146,101,136,104,120,151,174,153	0,0,0,0,0,0,0,0,0,1	217	75
5365	75,81,60,75,80,83,82,69,92,87	0,0,0,0,0,0,0,0,0,0	84,88,69,84,78,81,60,91,94,79	1,0,0,0,0,0,0,1,0,0	135	75
5366	1,1,0,0,0,0,2,0,4,0	31,41,27,35,31,36,36,32,30,20	1,1,1,1,0,0,0,1,1,3	35,37,28,33,23,33,35,28,34,38	116	75
5368	4,1,2,2,1,0,3,2,3,1	1,0,0,0,0,0,0,0,0,0	0,3,0,0,2,0,3,6,0,5	0,0,0,0,0,1,1,0,0,0	78	75
5370	43,44,30,24,26,46,35,31,40,31	0,0,1,1,0,0,1,1,0,0	38,39,24,47,38,49,52,36,35,46	1,0,0,0,1,0,0,0,0,0	142	75
5371	64,58,46,50,58,54,67,41,57,71	0,0,0,0,0,0,0,0,0,0	64,85,65,72,75,53,62,70,77,61	0,0,0,0,0,0,0,1,0,1	265	75
5372	55,64,44,55,54,54,57,75,52,90	0,3,0,0,1,1,1,1,0,2	51,52,48,64,58,43,54,51,62,63	0,2,1,1,0,0,0,0,0,1	90	75
5373	1195,1165,1240,1132,1332,1272,1274,1211,1107,997	0,0,0,0,1,1,0,0,0,0	1129,1341,1096,1203,1146,1160,1242,1459,1447,1376	0,0,0,0,0,0,1,0,0,1	1106	75
5374	305,360,348,327,383,310,365,301,295,318	9,13,21,10,23,17,19,7,10,17	334,339,243,294,373,307,343,389,358,339	17,10,12,12,12,13,9,18,23,15	166	75
5375	111,107,93,107,86,129,126,95,90,126	0,0,0,0,0,0,0,0,0,0	122,100,86,113,99,109,116,114,120,110	0,0,0,0,0,0,0,2,0,0	744	75
5376	16,14,12,21,18,25,22,16,15,20	0,0,2,0,1,0,0,0,1,0	26,13,24,24,16,15,19,25,28,17	2,1,0,2,0,0,1,2,0,1	151	75
5378	5,6,8,4,5,2,6,4,10,6	15,16,17,13,11,10,11,6,5,19	8,13,6,3,12,7,8,12,9,7	15,12,9,19,17,7,11,14,9,13	1171	75
5379	123,114,99,101,94,104,111,122,113,102	0,0,0,0,0,0,0,0,0,0	121,99,100,110,142,104,107,110,108,104	0,0,0,0,0,0,0,1,0,0	133	75
5380	0,0,0,0,0,0,0,0,0,0	0,0,1,0,0,0,0,0,0,0	0,0,0,0,0,0,0,0,2,0	0,0,0,0,0,0,0,0,0,0	78	75
5381	10,11,6,11,6,11,8,8,14,7	42,26,36,37,39,32,30,43,34,34	13,9,9,12,8,4,10,13,8,10	39,33,49,32,33,39,28,38,38,38	78	75
5382	47,38,38,28,44,29,35,28,54,31	0,0,1,0,1,1,0,0,1,3	33,52,30,45,34,31,44,47,41,47	1,0,0,0,0,2,0,0,0,0	667	75
5383	0,1,3,0,1,0,2,1,1,0	54,60,44,49,52,45,48,38,33,56	1,0,2,0,0,2,2,1,1,3	54,36,47,53,57,49,62,75,57,69	86	75
5384	0,2,7,4,5,4,4,2,1,4	1,2,0,0,1,0,2,0,1,1	3,1,4,5,1,5,8,2,7,3	0,0,0,3,1,0,1,3,2,3	119	75
5385	0,1,0,1,0,0,0,0,0,0	0,0,0,0,0,0,0,0,0,0	0,0,0,0,0,0,1,0,0,1	1,0,0,0,0,0,0,0,0,2	100	75
5386	0,1,3,3,1,0,1,0,0,0	1,3,1,4,3,2,0,1,0,2	1,0,0,0,2,0,2,0,0,0	3,1,2,2,1,1,0,4,1,2	100	75
5387	1,0,0,0,4,1,2,1,1,4	0,0,0,0,0,0,1,0,0,0	1,4,1,0,0,0,0,4,5,1	0,0,0,0,0,0,0,0,0,0	147	75
5388	1,0,0,1,4,1,1,7,2,4	6,2,1,1,3,0,1,1,3,1	1,4,1,0,0,1,1,5,6,1	0,1,2,0,4,0,2,0,5,1	147	75
5392	0,0,1,2,1,2,2,1,3,4	0,0,0,2,1,0,0,0,1,1	3,0,2,2,2,6,1,6,5,3	0,0,0,1,1,0,2,0,1,0	80	75
5393	2,0,0,0,0,0,0,0,1,2	0,1,0,0,1,1,1,1,1,1	2,0,1,0,0,0,1,1,0,1	0,0,0,1,1,1,1,1,5,1	80	75
5394	31,38,31,33,33,39,32,29,40,28	2,0,3,0,0,2,1,2,2,1	36,41,40,30,38,19,31,39,64,47	0,2,1,3,1,0,0,3,3,3	79	75
5395	105,95,111,134,133,111,111,95,108,118	2,2,0,0,1,0,1,1,1,0	109,130,112,117,121,96,116,155,123,111	1,1,0,1,1,1,1,1,1,0	93	75
5401	4,11,1,0,1,1,3,1,1,1	19,28,17,16,21,22,33,17,13,22	1,0,2,2,1,4,4,0,1,2	26,23,17,23,24,20,22,15,32,27	96	75
5402	43,31,32,39,45,48,32,32,47,37	0,0,0,0,0,0,0,0,0,0	44,42,45,38,49,29,45,41,38,40	0,0,0,0,0,0,0,0,0,1	506	75
5403	15,19,20,10,19,21,19,22,22,21	19,13,12,14,13,9,15,15,3,8	23,14,20,16,25,11,36,19,23,18	16,12,13,5,7,9,18,14,9,4	78	75
5404	18,6,16,16,12,14,12,18,14,12	20,23,13,17,22,15,23,17,22,20	21,22,13,17,22,17,13,12,15,8	23,26,15,24,25,20,19,32,22,11	111	75
5405	17,19,14,29,13,12,16,28,12,15	1,0,8,8,2,4,1,5,5,5	21,20,14,35,14,15,25,18,23,16	4,5,4,4,2,3,4,0,6,9	655	75
5406	10,9,6,5,16,8,8,11,8,12	2,1,4,4,2,2,0,3,1,3	11,3,11,11,11,7,3,13,9,12	1,2,1,0,2,2,3,3,3,1	78	75
5407	13,20,15,18,14,7,16,18,28,14	103,103,82,98,96,94,78,94,108,98	13,12,27,12,28,19,14,22,11,14	126,92,117,111,108,97,108,105,108,117	156	75
5408	264,299,206,216,253,201,278,209,239,314	5,11,1,5,5,10,6,5,4,8	264,225,201,262,216,307,253,281,284,267	7,6,7,7,7,11,8,3,8,7	102	75
5409	51,60,47,64,56,44,71,64,58,52	25,27,15,17,15,15,23,15,11,19	74,68,60,63,59,69,68,63,45,46	18,26,11,22,22,23,21,15,23,15	78	75
5410	95,109,77,92,85,80,101,86,92,98	92,71,100,96,76,99,94,96,99,103	102,74,88,68,114,111,58,92,80,88	108,106,72,104,106,108,82,95,88,75	78	75
5411	9,3,9,8,10,10,5,28,4,4	0,0,0,0,0,0,0,0,0,0	7,4,3,5,5,3,5,13,9,15	0,0,0,0,0,0,0,0,0,1	81	75
5412	0,4,3,4,8,7,4,14,4,3	1,1,0,0,0,0,0,0,0,1	8,3,5,7,8,5,3,12,6,6	1,1,0,0,0,0,0,0,0,0	81	75
5413	2,3,3,4,4,1,1,2,0,2	0,0,0,0,0,0,0,0,0,0	1,1,1,1,1,2,2,5,1,2	0,0,0,0,1,0,0,0,0,0	204	75
5414	8,8,7,2,8,9,6,8,18,16	248,220,208,203,183,192,218,194,201,334	11,12,10,5,13,8,14,9,14,13	249,244,207,221,205,205,237,178,265,256	142	75
5416	15,19,14,14,20,17,27,13,24,20	0,0,0,0,0,1,1,0,0,0	25,16,32,20,20,9,22,14,25,11	1,2,2,2,0,0,3,0,1,0	79	75
5419	333,397,325,331,411,370,359,299,308,331	15,22,10,11,20,14,13,15,8,27	312,366,340,344,339,315,348,458,443,429	18,16,12,10,16,14,18,14,23,14	152	75
5420	340,406,335,336,423,376,370,307,309,337	2,3,3,1,5,2,2,0,5,3	318,375,352,357,345,316,356,464,455,440	5,6,1,1,2,3,3,10,3,3	157	75
5421	22,31,20,16,32,20,24,23,9,33	2,3,3,1,5,2,2,0,5,3	24,25,24,23,22,15,26,20,35,25	5,6,1,1,2,3,3,10,3,3	80	75
5422	115,120,105,110,130,112,141,123,105,96	14,11,14,13,13,14,17,7,10,14	88,132,85,109,120,99,112,124,126,126	10,13,8,23,13,14,12,12,17,6	78	75
5423	32,54,28,21,29,29,27,37,23,43	0,0,0,0,0,0,1,0,0,0	29,43,23,26,31,40,19,42,27,19	0,0,0,0,0,0,0,0,0,0	157	75
5424	13,16,22,8,20,19,21,19,15,16	1,5,3,6,6,2,7,2,5,3	30,31,21,25,21,31,31,21,22,28	5,4,1,7,4,4,1,2,5,5	115	75
5425	1,0,0,0,2,0,2,2,0,0	1,0,0,0,0,0,0,0,0,1	0,1,0,0,0,0,2,0,0,3	0,0,0,0,1,0,1,1,0,0	151	75
5426	37,34,33,21,25,31,34,26,21,36	10,11,8,17,10,14,13,13,12,13	33,34,17,28,18,35,34,35,31,32	10,12,11,15,11,14,9,19,25,10	211	75
5427	37,42,37,28,26,31,38,43,35,30	0,0,0,2,0,0,1,2,2,1	29,42,26,42,41,52,48,36,48,49	0,0,0,1,0,0,0,0,1,1	83	75
5428	0,1,3,0,1,0,3,0,0,0	0,0,1,0,1,0,0,0,0,0	1,0,0,2,0,1,2,0,1,2	0,0,0,0,0,0,3,0,0,1	121	75
5429	400,449,340,351,391,331,491,368,259,429	14,15,20,23,20,25,23,24,21,14	431,450,344,351,322,416,363,279,364,322	14,24,16,15,21,17,27,15,17,15	1786	75
5431	31,20,18,27,22,19,21,31,17,27	14,15,15,9,8,16,12,12,14,13	26,21,17,33,19,15,24,24,27,35	23,10,14,16,22,13,6,14,22,13	123	75
5432	37,34,29,30,34,28,35,40,38,32	17,10,10,17,18,14,15,9,17,15	39,33,44,47,37,50,39,38,37,39	11,7,6,16,16,15,11,20,7,12	126	75
5434	23,22,35,20,29,19,25,22,12,24	0,0,0,0,0,0,0,0,0,0	39,20,17,27,30,16,18,40,26,22	0,0,0,0,0,0,0,0,1,0	474	75
5436	2,0,2,0,0,0,0,0,2,0	38,35,31,28,25,24,24,28,36,24	0,1,0,2,3,1,0,2,1,1	30,28,26,30,22,26,29,38,27,34	152	75
5437	59,61,61,45,48,47,45,63,50,43	0,0,1,0,1,0,1,4,0,0	68,52,49,71,54,61,66,62,82,63	2,2,0,2,0,0,0,0,1,0	154	75
5438	0,0,0,0,1,1,0,1,1,1	23,25,13,18,28,21,25,23,15,34	0,0,0,1,0,0,0,0,0,0	26,24,26,16,24,27,23,34,34,24	118	75
5439	22,23,14,12,18,12,24,10,13,19	4,3,0,0,4,4,5,0,3,4	11,16,12,14,13,16,9,12,13,14	5,2,0,1,0,1,1,2,2,6	80	75
5440	4,8,7,4,2,6,4,6,3,3	24,18,25,23,16,15,31,22,35,30	9,8,4,4,6,7,8,4,3,6	22,25,16,25,16,21,12,15,16,22	102	75
5441	0,0,0,0,0,0,0,0,0,1	11,6,16,11,17,12,10,7,13,15	0,0,0,0,0,0,0,1,0,0	13,11,6,6,15,11,9,14,10,10	99	75
5443	15,22,5,11,9,15,12,21,10,13	22,14,23,12,17,19,16,19,17,21	20,10,20,9,9,8,16,14,11,12	16,10,15,22,27,11,18,18,17,15	81	75
5444	282,254,251,253,270,242,300,243,214,263	0,0,1,1,1,0,5,1,2,1	262,259,230,272,243,236,256,285,278,264	2,1,1,0,3,6,0,1,1,0	138	75
5445	14,38,27,24,23,24,31,27,21,29	0,0,0,1,0,0,1,0,0,0	20,38,33,21,37,25,23,18,19,30	0,0,0,1,0,0,0,0,0,1	209	75
5446	2,0,1,2,0,1,3,0,0,2	1,1,0,1,1,2,2,0,1,0	1,1,2,2,0,1,0,1,0,0	1,0,1,1,1,1,2,1,1,1	107	75
5447	14,7,11,10,14,10,4,11,18,11	0,1,0,1,0,0,0,1,0,0	14,15,16,15,11,8,11,19,7,18	1,0,0,0,0,0,0,0,0,0	432	75
5448	101,96,79,75,89,106,110,111,87,74	0,0,0,0,0,0,0,0,0,0	121,83,93,86,78,91,73,87,106,93	0,0,0,0,0,0,0,0,1,0	420	75
5451	223,201,131,161,154,165,166,167,140,150	0,0,0,0,0,0,0,0,0,1	207,170,153,194,160,180,168,191,181,132	0,0,0,0,0,0,0,0,0,0	150	75
5452	40,62,47,38,45,48,64,60,54,46	0,0,0,1,1,0,0,1,0,1	47,53,59,54,33,48,43,68,54,60	0,0,1,0,3,0,0,0,0,0	172	75
5454	1,2,0,0,1,0,2,0,0,1	213,180,187,148,212,188,218,198,146,208	2,0,1,0,1,0,0,0,2,1	237,221,189,214,161,207,231,242,224,246	91	75
5455	18,36,24,22,23,24,36,27,29,27	0,0,0,1,0,1,0,0,0,0	15,19,13,25,20,22,18,29,18,22	0,0,0,0,0,0,0,0,1,0	82	75
5456	50,71,66,49,48,58,54,57,52,62	1,0,0,0,1,0,0,0,0,0	72,71,36,74,54,69,61,42,53,50	0,0,0,0,0,1,0,0,0,0	82	75
5457	99,93,91,71,90,76,96,92,61,71	23,24,21,17,19,27,20,26,13,23	69,82,68,82,86,82,107,86,80,73	39,23,16,20,25,22,29,27,15,21	140	75
5458	60,54,46,40,44,46,53,46,34,38	0,2,0,0,3,0,1,1,0,1	46,49,46,44,50,43,62,43,47,46	2,0,0,1,0,0,1,1,0,0	140	75
5459	0,0,0,2,2,0,1,0,0,4	36,26,18,19,26,36,39,28,27,37	1,4,0,2,1,4,2,0,0,3	38,35,20,25,21,37,46,24,29,34	125	75
5460	7,9,2,6,13,5,5,5,7,13	0,0,0,0,0,0,1,0,0,0	11,13,4,11,10,8,8,9,11,8	0,0,0,0,0,0,0,0,2,1	79	75
5461	7,14,1,5,9,5,6,9,7,10	0,1,0,0,1,1,0,0,0,0	8,9,8,14,13,9,17,7,9,4	0,1,0,0,0,0,0,0,0,0	80	75
5462	4,4,5,5,6,7,6,1,5,8	117,127,109,137,118,114,112,105,96,153	8,4,4,6,6,6,7,5,4,12	130,120,106,91,123,109,134,125,136,124	99	75
5463	0,1,0,3,2,0,1,0,0,0	107,114,95,113,83,97,88,87,90,116	0,0,0,0,0,0,2,0,0,2	125,90,87,90,93,91,107,96,129,119	102	75
5464	0,1,0,0,0,0,0,1,0,0	1,0,3,3,7,3,1,2,2,3	0,0,1,0,0,0,0,0,0,0	4,6,7,6,5,3,6,2,4,2	95	75
5465	1,0,2,1,0,1,2,1,2,0	0,1,1,0,1,1,0,0,1,0	1,4,0,4,1,1,5,0,2,2	0,0,1,0,1,0,0,1,0,1	88	75
5466	2,3,0,0,0,1,1,1,0,0	1,0,0,0,1,1,2,0,1,0	0,0,1,0,1,0,2,5,2,1	0,1,0,0,0,1,0,1,0,0	79	75
5467	0,4,1,1,1,2,3,1,1,2	21,16,20,24,27,24,25,18,22,24	1,0,1,1,3,3,1,2,1,4	22,14,17,23,21,33,17,29,29,16	78	75
5468	6,2,12,2,9,4,4,6,0,8	25,18,14,13,12,5,15,11,23,21	5,7,1,5,4,7,10,0,4,8	13,20,12,22,16,7,10,12,8,12	78	75
5471	68,90,60,60,49,58,62,68,56,65	3,4,1,3,3,4,3,2,3,1	54,74,50,58,53,76,52,56,48,69	4,0,2,0,5,3,3,1,1,3	96	75
5472	31,33,31,37,22,45,33,32,32,33	0,0,0,0,1,0,0,0,0,0	31,42,35,38,30,45,29,32,31,42	0,0,0,0,0,0,1,0,1,0	96	75
5473	55,56,35,45,34,70,51,51,45,40	1,2,0,0,0,0,0,1,0,0	41,66,46,57,47,55,52,49,51,61	0,1,0,0,0,2,1,0,1,0	96	75
5476	57,65,42,48,50,63,50,61,45,62	163,156,137,131,158,162,191,157,138,188	60,62,44,50,59,58,62,47,48,58	150,154,152,159,136,166,143,176,169,144	78	75
5477	45,47,27,23,32,20,23,27,35,27	20,24,15,13,13,14,7,10,20,4	29,16,28,45,25,28,23,32,22,19	13,18,13,12,12,16,16,18,10,7	1501	75
5480	141,121,124,96,122,94,150,120,90,139	0,3,0,0,2,2,0,1,0,1	143,115,77,107,107,120,141,110,92,107	5,2,1,0,0,2,0,1,1,4	90	75
5482	0,0,0,0,0,0,0,0,0,0	4,2,1,2,1,1,2,2,2,0	1,0,0,0,0,0,0,1,0,1	6,3,2,2,1,2,0,2,0,2	123	75
5483	2,1,3,0,3,6,6,3,2,1	2,0,1,3,2,3,1,4,0,2	4,5,4,1,5,2,2,1,5,3	1,1,2,2,0,1,2,1,0,1	141	75
5484	2,3,1,1,7,4,4,4,4,1	70,74,73,64,109,84,68,87,61,80	5,0,3,1,2,1,2,5,3,2	64,86,92,93,63,60,69,107,123,103	113	75
5485	2,4,8,4,7,2,6,3,5,6	0,1,0,0,0,1,0,0,0,0	3,2,6,6,2,12,3,5,4,4	0,0,0,0,0,0,0,0,0,0	81	75
5486	8,2,5,7,6,6,4,10,5,9	0,0,1,0,0,0,0,0,0,0	12,7,10,6,15,12,8,5,12,6	1,0,0,0,0,1,2,0,1,0	147	75
5490	58,35,39,23,40,46,43,42,51,44	5,4,3,1,4,5,6,3,3,3	43,53,32,40,29,43,48,77,51,40	1,3,8,5,1,3,2,3,2,1	78	75
5491	0,2,3,2,2,2,1,6,5,4	73,65,51,62,79,42,75,68,58,90	2,0,1,1,1,0,3,2,0,4	77,78,63,77,63,73,70,103,67,91	1367	75
5492	52,71,49,76,69,51,69,55,48,71	0,0,0,0,0,0,0,0,0,0	54,57,56,63,46,61,68,57,75,65	0,1,0,0,0,0,0,0,0,0	1870	75
5493	0,1,5,1,3,1,2,1,2,0	135,107,135,142,153,149,135,136,108,129	2,3,2,4,7,3,1,3,4,3	145,122,122,129,135,109,127,140,169,137	139	75
5494	1,3,6,1,6,4,6,4,4,3	1,0,4,2,0,1,0,1,2,2	4,9,6,2,12,2,3,4,6,5	7,0,1,2,2,0,0,1,2,2	139	75
5495	172,177,133,149,183,176,172,166,114,154	5,6,7,2,11,4,5,3,1,4	163,164,113,163,140,132,174,181,185,150	5,3,2,4,6,3,8,5,2,3	110	75
5496	225,157,92,143,130,112,203,206,94,197	10,11,9,5,8,5,10,6,4,8	144,142,116,188,118,75,133,87,166,153	1,4,11,12,4,4,4,4,11,1	102	75
5497	505,501,447,406,444,366,477,436,378,500	0,0,0,0,0,0,0,0,0,1	492,423,481,459,427,477,477,465,557,549	0,0,0,0,0,0,0,0,0,0	110	75
5498	245,250,213,177,177,161,246,203,165,246	1,2,1,1,1,3,2,0,0,0	228,197,234,208,209,211,219,243,267,286	1,3,1,0,2,1,1,1,2,3	110	75
5500	0,0,0,0,0,0,0,2,0,0	145,153,158,143,183,149,150,127,122,175	0,2,0,0,0,1,0,0,0,0	179,144,148,176,157,145,143,161,181,177	93	75
5503	2,0,1,1,0,1,0,0,0,4	5,3,0,1,4,0,2,1,1,4	2,0,0,0,0,1,2,0,2,1	0,1,1,4,3,1,1,2,3,3	78	75
5504	0,0,0,0,0,2,0,0,2,0	0,1,1,1,1,1,2,0,0,1	1,0,0,1,0,0,0,0,0,0	0,1,0,0,1,0,2,1,0,1	93	75
5506	79,50,42,36,40,38,68,48,42,62	0,1,1,0,0,0,2,0,0,0	50,49,54,56,29,53,55,52,59,59	0,0,0,0,1,0,0,0,0,1	431	75
5507	16,12,4,6,5,4,8,8,6,6	0,0,0,1,0,0,0,0,0,0	7,8,7,8,4,6,7,6,9,6	0,0,0,0,0,0,0,1,0,0	203	75
5509	31,42,29,28,22,31,38,33,35,39	0,0,1,0,0,0,0,0,0,1	32,26,20,29,29,31,31,31,40,39	0,0,0,0,0,0,0,0,0,0	79	75
5510	0,1,1,0,1,1,0,0,0,0	37,31,39,37,33,35,15,32,24,38	0,0,0,0,0,0,0,0,1,0	45,35,25,18,33,31,33,44,41,29	117	75
5511	58,61,54,50,53,69,42,49,53,49	4,5,1,4,4,3,3,7,3,6	52,64,34,52,43,49,35,57,48,45	3,7,3,3,5,3,4,4,6,7	125	75
5512	83,68,61,58,67,66,77,76,59,65	0,1,0,0,0,0,0,0,0,0	86,65,63,67,68,66,73,76,65,43	0,0,1,0,0,0,0,0,0,0	153	75
5514	484,451,390,364,420,323,444,363,388,480	0,2,0,0,1,0,0,0,0,1	470,369,365,377,434,447,415,410,320,332	3,1,4,2,0,0,0,0,1,0	86	75
5515	0,0,0,2,0,1,2,2,0,0	24,17,19,10,16,12,21,9,10,25	3,1,1,0,1,0,0,3,1,1	21,16,17,26,9,19,15,16,27,17	78	75
5516	12,19,7,18,12,12,7,11,2,17	30,38,40,25,23,24,27,36,25,47	11,8,10,11,7,12,12,30,11,10	36,31,32,47,30,25,34,57,33,31	78	75
5518	146,122,130,116,113,108,118,128,91,141	0,0,0,0,0,0,0,0,0,0	119,119,128,172,116,115,107,152,137,161	0,0,1,0,0,0,0,0,0,0	154	75
5519	59,54,33,35,65,53,41,58,42,36	0,0,0,0,0,0,0,0,0,0	44,44,47,58,51,41,40,39,27,46	0,1,0,0,0,1,0,1,0,0	100	75
5521	27,17,17,24,24,17,23,17,24,24	7,5,13,12,3,7,7,7,10,11	25,35,18,24,21,22,14,26,30,32	13,7,7,5,8,5,10,16,16,10	538	75
5522	24,17,13,21,22,16,20,17,25,21	11,9,5,5,6,8,8,8,6,8	25,34,18,23,20,22,13,26,28,32	5,6,10,12,3,6,9,9,5,6	538	75
5523	18,19,15,20,8,7,16,18,17,19	4,4,0,1,0,1,3,0,1,2	14,20,15,13,15,18,17,18,22,13	1,1,1,1,1,0,2,3,4,2	78	75
5524	7,2,2,0,1,2,2,5,3,6	0,1,0,0,0,0,0,1,0,0	3,3,2,2,3,5,3,4,2,0	0,0,0,0,0,0,0,1,0,0	78	75
5525	38,35,35,30,27,40,31,26,30,31	0,1,1,1,2,4,6,5,5,3	33,22,30,33,27,30,26,34,34,41	3,7,3,9,2,4,4,1,1,2	78	75
5526	3,0,0,0,1,0,0,0,0,0	25,18,16,17,13,19,16,15,12,18	0,3,1,1,2,1,3,4,2,1	27,22,10,16,22,9,23,19,11,13	181	75
5527	69,54,58,55,73,66,80,66,65,56	1,2,2,1,0,1,0,7,6,4	71,67,66,56,63,65,68,62,75,92	1,5,4,3,1,3,6,2,5,3	150	75
5528	40,45,37,30,36,42,42,45,43,42	0,1,0,1,0,0,0,0,0,0	37,53,36,32,37,45,47,45,33,44	0,3,0,2,2,0,0,1,0,0	115	75
5529	12,21,18,20,18,11,11,21,10,27	0,0,1,0,1,0,2,0,0,2	13,16,11,12,13,16,15,15,20,14	0,0,0,3,0,1,1,5,0,0	136	75
5530	8,8,7,6,19,4,6,12,13,5	19,22,14,25,23,18,16,21,13,18	10,7,3,9,6,9,6,4,5,10	19,20,20,23,13,23,11,18,29,16	161	75
5531	24,31,26,20,23,37,22,23,18,20	0,0,0,0,0,4,0,1,1,1	20,14,11,18,20,24,12,23,24,27	2,1,0,0,0,1,0,0,1,0	114	75
5532	6,3,4,1,0,4,5,6,6,9	2,4,2,4,2,2,0,2,3,4	8,7,10,8,3,1,3,5,6,6	3,2,2,1,6,1,2,5,3,3	94	75
5535	0,2,0,1,2,1,2,3,1,2	0,0,0,0,0,0,1,0,0,0	0,1,2,1,0,1,4,4,2,3	0,0,0,0,0,0,0,0,0,0	142	75
5536	2,4,3,4,5,1,3,4,5,4	0,0,0,0,0,1,0,0,0,0	8,5,6,1,3,4,2,3,6,3	0,0,0,0,0,1,0,0,0,0	85	75
5537	9,6,4,5,9,10,9,12,9,10	0,0,0,0,0,0,0,0,0,0	15,6,9,9,6,4,12,5,12,5	1,0,0,0,0,0,0,2,0,0	110	75
5539	6,4,3,10,2,7,6,3,2,6	18,17,9,17,11,12,12,11,7,6	7,2,3,4,2,4,6,3,0,2	10,7,8,9,9,21,7,10,9,8	78	75
5540	61,32,32,27,40,27,36,33,38,40	1,1,0,0,0,0,0,0,0,0	37,31,47,33,36,42,30,35,24,32	1,0,0,2,0,0,0,0,0,0	90	75
5542	3,4,0,2,1,4,2,0,2,4	34,27,33,31,33,22,32,33,18,31	5,2,5,1,0,1,1,0,2,2	33,28,28,20,27,38,33,23,35,32	130	75
5544	134,142,150,138,128,155,141,137,105,145	0,2,2,2,0,0,0,1,1,0	130,147,123,144,123,147,135,170,147,160	2,1,0,2,2,1,0,2,3,4	165	75
5545	36,37,42,27,40,32,30,36,30,37	28,21,20,23,12,23,21,21,18,19	27,46,29,36,27,35,36,43,46,44	27,16,24,17,20,28,17,23,21,18	84	75
5546	19,21,16,20,9,11,23,19,21,17	28,21,20,23,12,23,21,21,18,19	21,19,24,24,5,22,24,29,21,20	27,16,24,17,20,28,17,23,21,18	182	75
5547	16,19,15,19,8,9,22,15,15,14	33,35,41,26,39,30,29,32,24,34	20,13,20,18,3,18,18,27,19,18	26,40,25,30,25,31,30,41,44,42	173	75
5548	74,68,63,68,71,104,65,78,68,60	0,1,2,0,3,3,3,0,0,1	63,79,68,81,85,72,77,89,85,61	0,0,3,0,1,1,2,0,0,1	110	75
5549	51,47,53,45,60,62,52,45,37,45	0,1,2,0,3,3,3,0,0,1	48,52,54,48,61,54,67,55,62,55	0,0,3,0,1,1,2,0,0,1	113	75
5550	15,17,18,13,27,16,17,14,10,21	38,38,28,36,38,58,30,47,41,36	17,21,19,10,17,20,26,13,14,20	32,48,33,43,41,38,36,47,37,26	78	75
5552	38,42,35,37,47,39,52,35,44,54	0,0,0,0,1,0,1,0,0,0	48,41,33,33,40,35,34,42,42,44	2,0,0,0,0,0,0,0,0,0	128	75
5553	20,18,20,8,10,14,14,17,12,11	2,1,1,1,5,1,3,2,2,3	19,13,15,13,11,13,19,23,20,14	2,4,4,3,2,2,3,6,5,6	111	75
5555	0,0,0,1,0,0,0,0,0,1	2,3,3,2,3,4,2,6,3,0	1,0,2,0,0,0,0,0,0,1	2,2,2,1,2,9,5,5,3,2	92	75
5556	0,2,0,0,0,0,0,0,0,1	9,12,10,7,7,9,4,9,9,8	2,2,0,0,1,0,0,0,0,0	7,14,10,18,13,5,8,6,15,9	112	75
5557	1,3,0,0,0,1,1,2,2,3	6,3,4,4,4,3,6,6,6,8	0,1,2,3,5,3,3,3,0,2	6,6,10,6,3,4,3,4,6,2	182	75
5558	60,74,63,69,79,71,59,67,62,66	0,1,0,2,0,1,1,2,1,1	55,73,58,79,65,70,68,71,74,82	1,0,0,0,0,0,0,0,0,0	86	75
5559	8,7,2,6,5,3,11,11,6,15	0,0,0,0,0,0,0,0,0,0	9,7,10,8,16,19,5,8,13,9	0,0,1,0,0,0,0,0,0,0	78	75
5560	0,1,0,2,1,2,0,1,0,1	1,0,0,1,0,0,2,0,0,1	0,3,1,0,0,0,1,1,2,1	0,0,1,0,0,0,0,1,1,1	78	75
5561	0,0,0,1,0,0,2,0,0,2	59,66,39,55,49,44,75,40,39,70	0,0,0,2,3,0,0,2,0,0	78,39,45,54,45,57,47,34,55,34	112	75
5562	4,0,1,0,0,2,0,0,0,0	112,101,73,62,81,90,100,93,67,103	0,0,1,0,2,1,1,0,1,0	82,74,66,92,93,88,65,83,96,80	81	75
5563	12,6,6,1,6,9,6,8,13,5	0,0,0,0,0,0,1,0,1,0	8,5,7,5,7,9,10,14,9,10	0,1,0,0,0,0,0,0,0,0	81	75
5566	4,7,5,4,4,5,5,7,0,5	15,14,6,6,9,8,8,15,10,4	5,2,5,6,5,5,5,3,3,4	10,11,6,11,2,5,3,8,5,7	78	75
5570	0,0,1,2,1,1,2,0,0,1	13,19,13,14,15,18,11,10,13,20	0,1,2,2,1,0,1,1,3,2	22,15,15,21,14,23,25,13,20,18	90	75
5571	68,78,75,72,52,87,73,67,60,86	0,0,1,0,1,0,0,1,0,0	83,58,51,75,52,78,67,62,83,66	2,0,0,0,0,0,0,0,0,0	78	75
5572	117,96,79,91,95,98,86,96,83,104	0,0,1,0,0,1,0,1,0,0	99,92,79,104,105,98,83,100,99,76	0,1,0,0,0,0,1,1,1,0	78	75
5573	15,31,20,22,21,28,16,13,23,27	1,10,2,7,2,3,4,6,5,6	27,28,19,18,12,18,18,26,32,25	6,9,4,7,3,10,3,3,5,7	78	75
5575	1,1,1,1,0,0,1,0,2,1	34,48,41,43,50,44,42,51,50,42	1,5,4,3,1,3,0,0,2,0	37,53,50,43,50,51,59,60,58,50	346	75
5578	4,3,7,2,7,5,0,6,3,9	6,1,4,3,5,5,12,7,2,8	6,4,6,7,3,8,5,3,5,4	6,7,0,7,3,8,2,6,5,4	87	75
5579	11,16,10,8,6,14,12,7,12,13	14,3,6,6,9,6,8,11,10,10	7,17,11,12,9,15,15,13,17,12	7,4,5,4,13,9,4,11,4,3	191	75
5580	28,26,25,25,16,12,39,27,18,26	0,0,0,0,0,0,0,0,0,0	18,28,13,19,23,23,19,30,21,29	0,0,0,2,0,0,0,0,0,0	456	75
5581	133,124,120,114,100,75,124,120,80,100	2,4,4,0,6,3,5,4,9,2	168,72,105,122,99,147,114,84,92,83	12,3,2,4,4,8,9,0,0,1	196	75
5582	247,212,219,194,161,151,234,251,137,127	2,2,2,3,2,5,2,3,2,1	289,122,162,155,152,293,169,136,125,106	0,2,0,2,3,7,0,3,2,0	253	75
5583	5,3,5,4,1,3,8,4,2,4	20,21,19,10,12,10,18,19,13,11	8,4,5,4,2,3,7,6,0,1	20,14,11,18,19,26,17,12,11,8	292	75
5584	1,2,1,0,0,0,1,0,1,0	0,0,0,0,0,0,0,0,0,0	0,1,3,0,0,0,0,2,1,0	0,0,1,0,0,0,0,0,0,0	114	75
5585	0,0,0,0,0,0,0,0,0,0	2,2,1,1,0,1,3,0,2,2	0,0,0,0,0,0,1,0,0,0	1,2,2,1,1,0,1,0,4,1	88	75
5586	4,4,12,3,5,7,5,8,3,6	13,9,17,6,10,13,13,8,14,11	7,8,3,13,9,4,15,7,7,3	10,11,9,7,10,6,15,15,15,9	78	75
5588	7,4,4,6,3,1,8,1,1,4	0,0,1,1,2,3,0,0,1,0	0,5,2,6,6,3,5,4,4,2	0,0,2,0,0,1,1,0,0,0	90	75
5589	25,22,17,22,10,15,21,19,15,27	6,3,1,1,4,2,2,1,6,4	28,27,11,16,24,23,18,37,22,26	5,1,1,6,2,1,1,1,2,0	96	75
5590	33,36,22,30,43,34,36,27,31,42	3,3,2,4,3,2,3,4,1,3	26,34,41,31,27,39,32,37,34,41	6,0,3,3,1,5,1,3,3,2	227	75
5592	91,69,67,52,58,55,81,42,62,83	5,5,4,6,1,1,2,2,10,6	82,66,69,73,60,85,71,85,92,90	5,0,4,11,8,4,5,5,7,6	127	75
5593	41,28,31,22,30,25,38,21,25,35	0,0,0,0,0,0,0,1,0,0	40,28,35,32,29,27,24,37,33,48	0,0,0,0,0,0,0,0,0,0	124	75
5599	15,18,19,16,13,23,24,6,16,22	5,2,6,0,5,2,1,4,5,6	19,21,15,13,10,20,20,19,15,26	8,4,2,1,2,1,3,5,5,1	78	75
5600	2,4,1,7,3,2,7,1,2,4	321,419,361,286,331,349,441,305,351,377	6,4,3,4,4,2,2,1,2,3	308,350,272,315,354,304,339,261,308,273	270	75
5601	21,55,42,43,36,41,39,44,38,31	187,259,212,185,210,214,267,179,194,193	32,35,42,38,46,35,31,23,44,25	185,193,175,220,200,177,195,149,171,157	78	75
5602	29,41,24,23,27,29,44,38,16,41	1,0,0,1,0,1,1,0,0,1	28,33,23,29,21,27,29,34,23,26	0,2,0,0,0,0,0,0,0,0	79	75
5603	1,0,0,0,0,0,1,1,0,1	14,9,7,3,4,12,12,11,6,19	0,1,0,0,1,0,1,0,2,1	8,8,7,15,11,15,11,7,14,6	187	75
5604	0,0,0,0,0,0,0,0,0,2	8,17,5,12,8,6,16,13,8,11	0,0,0,0,0,0,0,0,0,0	12,5,10,11,6,9,5,11,12,12	97	75
5605	1,0,0,0,0,2,1,1,0,0	0,0,0,0,0,0,0,0,0,0	0,2,0,0,1,0,0,0,1,2	2,0,0,0,0,1,0,0,1,0	78	75
5606	8,4,3,3,4,5,10,2,3,6	0,1,1,0,0,2,1,0,2,2	8,3,0,6,2,4,6,6,2,4	0,0,0,1,2,0,2,0,3,1	78	75
5607	0,1,0,0,0,0,0,0,0,0	0,0,0,0,0,0,1,0,2,0	0,1,1,1,0,0,0,0,0,0	0,0,0,0,0,0,0,0,0,0	78	75
5609	1,4,3,0,2,0,4,0,0,0	0,0,0,0,0,0,0,0,1,0	1,3,3,5,2,3,1,0,4,4	0,0,0,0,0,0,0,0,0,0	81	75
5610	1,0,0,0,7,0,1,0,1,2	0,0,0,0,0,0,0,0,1,0	2,1,2,0,2,2,1,2,6,2	0,0,0,0,0,0,0,0,0,0	116	75
5611	1,0,0,0,6,0,1,0,1,2	1,4,3,0,1,0,4,0,0,0	2,1,2,0,2,2,1,2,5,2	1,3,3,5,2,3,1,0,3,4	110	75
5612	1,1,2,3,0,0,6,1,3,1	0,2,0,0,0,2,0,1,0,0	0,2,0,0,0,5,1,0,1,0	0,0,0,1,0,1,0,0,0,0	78	75
5613	0,2,0,3,3,1,3,1,1,2	1,2,0,0,0,0,1,1,0,1	0,2,1,5,2,2,5,2,1,1	0,0,0,0,0,0,1,0,0,0	78	75
5614	7,8,6,10,8,9,10,5,10,9	1,0,0,1,0,2,0,0,0,0	14,9,7,8,8,3,6,5,9,4	1,0,0,2,2,2,0,0,1,3	78	75
5616	29,28,25,16,23,28,27,30,20,26	3,1,1,0,3,1,2,0,2,0	28,27,27,22,26,31,30,24,30,9	0,2,2,1,1,0,0,1,1,2	78	75
5618	30,20,11,22,30,17,23,25,29,27	14,5,8,8,11,6,12,9,16,15	19,13,14,15,15,22,20,24,21,13	9,8,7,20,13,12,6,14,4,9	81	75
5619	3,5,2,3,1,3,5,1,4,1	0,2,1,0,0,1,2,3,0,3	3,2,3,4,10,2,2,5,5,3	1,1,0,0,2,0,0,2,1,3	78	75
5620	39,35,33,40,46,43,36,37,31,30	0,0,1,1,0,0,1,0,2,0	44,29,24,39,38,34,40,38,34,43	1,0,1,0,3,0,1,2,0,0	314	75
5621	5,2,2,4,6,6,6,4,1,1	1,2,1,0,3,3,4,3,1,2	1,7,1,2,7,2,5,4,6,7	2,3,1,2,1,2,2,1,2,3	91	75
5624	0,0,0,0,0,0,0,0,1,1	0,1,0,1,0,0,0,1,1,0	0,0,0,1,0,0,2,0,0,1	2,0,1,1,0,0,0,0,1,0	80	75
5625	4,9,4,2,3,1,1,5,5,5	1,1,1,0,1,0,0,1,0,0	5,4,2,9,3,5,2,1,5,4	3,0,0,0,0,0,0,0,0,1	80	75
5626	6,3,7,3,3,5,6,2,12,5	78,80,66,72,54,81,72,80,74,77	4,7,3,3,11,6,8,8,7,5	52,43,66,68,73,64,67,72,71,53	78	75
5627	61,79,69,60,56,52,60,59,55,68	0,2,0,1,0,1,0,2,1,0	77,60,61,57,74,67,54,89,98,80	1,0,1,0,1,0,0,2,1,0	113	75
5628	47,45,36,42,33,23,31,47,36,41	1,0,0,2,1,0,3,1,3,2	45,54,35,52,25,38,57,40,49,50	0,2,1,4,3,0,2,0,8,3	140	75
5629	6,4,9,7,11,6,8,5,6,3	7,5,11,6,8,3,6,5,5,3	6,9,4,3,16,4,8,7,16,4	3,8,2,4,6,6,12,8,15,6	169	75
5630	87,75,63,64,85,66,87,81,47,91	0,0,0,0,0,0,0,0,0,0	99,69,88,92,91,86,83,79,99,80	0,0,0,0,0,1,0,0,0,0	79	75
5631	25,32,17,22,28,33,32,22,25,22	0,1,0,0,0,0,0,2,0,0	18,18,26,20,22,24,22,30,38,23	0,1,0,0,0,0,0,0,0,0	78	75
5632	3,1,5,0,1,6,8,3,2,3	1,0,0,0,0,0,0,0,0,0	2,2,4,4,2,8,2,6,4,7	1,1,0,1,0,0,0,0,0,0	85	75
5633	44,32,13,19,18,25,24,25,19,15	6,2,4,6,7,0,3,6,4,6	30,21,34,18,15,27,20,28,12,18	1,3,6,2,5,6,5,3,9,5	78	75
5635	2,0,0,1,1,3,2,1,2,2	1,0,0,0,0,0,0,1,1,0	0,0,3,0,1,2,1,3,0,1	0,0,3,1,1,0,0,2,1,1	150	75
5636	7,17,13,17,17,13,12,19,8,8	0,0,0,0,1,0,0,0,0,0	8,11,14,12,13,17,19,22,17,8	0,0,0,0,0,0,0,0,0,0	99	75
5637	10,18,14,17,18,13,14,21,11,8	0,0,0,0,5,3,0,0,0,0	11,11,14,13,13,21,20,22,21,8	1,0,1,1,1,0,0,0,0,3	99	75
5638	31,38,35,48,50,33,36,64,34,35	22,19,22,12,25,21,14,26,21,18	32,45,27,35,47,36,51,53,51,45	19,22,10,19,14,16,19,29,27,21	99	75
5640	2,3,1,1,4,3,3,3,7,9	0,0,0,0,1,1,1,0,0,2	2,3,3,3,5,0,4,0,5,4	1,2,2,0,0,0,0,0,0,1	78	75
5644	1,0,1,0,0,0,1,0,0,0	0,0,0,0,0,0,0,0,0,0	0,0,0,0,1,0,0,1,1,0	0,0,0,0,0,0,0,0,1,0	216	75
5645	1,0,1,0,1,0,0,0,1,0	0,0,0,0,0,0,0,0,0,0	0,0,0,0,1,0,0,1,0,0	0,0,0,0,0,0,0,0,1,0	219	75
5646	0,0,0,0,1,0,0,0,1,0	0,0,0,0,0,0,1,0,0,0	0,0,0,0,0,0,0,0,0,0	0,0,0,0,0,0,0,0,1,0	78	75
5647	25,26,26,22,20,26,20,31,22,26	5,4,4,3,3,5,4,7,5,4	40,36,17,18,22,22,22,26,32,35	11,5,3,2,1,1,5,10,5,3	78	75
5648	33,32,37,28,33,31,44,32,31,34	0,0,0,0,1,0,0,0,0,0	30,38,35,34,31,27,24,35,47,35	0,0,0,0,0,0,0,0,0,0	163	75
5649	8,11,6,5,10,10,9,7,7,7	1,2,3,0,2,1,1,0,0,2	7,8,23,8,15,10,7,9,6,9	1,1,1,1,2,1,0,0,0,3	78	75
5650	0,0,0,0,0,0,0,1,0,0	0,0,0,0,0,0,0,0,0,0	0,0,0,0,0,0,0,0,0,0	0,0,0,0,0,0,0,0,1,0	96	75
5651	1,0,0,0,0,0,3,1,1,0	0,0,0,0,0,0,1,0,1,0	0,2,0,0,0,0,0,0,0,0	0,0,0,2,0,0,0,0,0,0	78	75
5654	42,28,36,30,29,31,40,39,39,38	0,0,0,0,2,1,1,0,0,0	29,28,38,41,34,29,44,39,52,38	0,0,0,0,0,0,0,0,0,0	161	75
5655	57,37,31,32,30,24,48,25,24,45	0,0,0,0,0,1,0,0,0,0	34,22,22,35,39,30,32,25,43,30	0,1,0,0,0,0,0,0,0,0	152	75
5656	78,60,44,47,40,32,76,39,32,68	1,1,4,5,6,4,6,6,2,7	56,40,33,51,56,51,53,40,62,59	4,4,4,4,4,4,2,4,6,5	152	75
5657	10,6,8,9,14,7,8,14,16,9	0,0,0,0,0,0,0,0,1,0	7,7,11,7,10,13,6,9,11,9	0,0,0,0,0,0,1,0,0,0	79	75
5659	6,7,9,4,4,6,9,9,6,9	57,46,58,38,50,43,45,59,41,60	4,8,9,8,7,2,2,8,9,4	67,63,41,51,38,58,64,66,51,52	235	75
5661	2,3,0,3,1,1,5,2,5,1	0,2,2,1,1,3,1,0,1,0	0,2,3,0,1,7,2,0,3,4	1,1,0,0,0,0,0,0,0,1	78	75
5665	23,15,27,9,21,26,26,14,19,26	0,0,0,0,0,0,0,0,0,0	16,18,23,28,19,20,14,22,31,17	0,0,0,0,0,0,0,0,0,1	86	75
5666	16,28,22,12,22,30,33,28,13,23	55,61,50,27,46,42,70,61,47,54	26,18,28,19,22,17,11,21,19,17	43,61,39,45,57,40,52,46,39,43	78	75
5667	13,10,14,15,0,8,18,19,16,13	1,3,0,1,0,1,1,0,2,1	2,2,3,2,11,2,12,7,3,1	0,0,2,1,0,0,1,0,0,3	121	75
5668	16,10,7,11,17,14,11,15,14,21	4,5,2,4,1,1,4,1,2,4	9,10,13,13,7,16,10,6,10,15	2,2,5,3,2,4,4,5,4,2	78	75
5669	76,66,51,49,53,30,59,51,28,50	17,22,10,12,9,16,14,16,13,12	52,68,50,59,45,81,66,53,59,41	14,9,10,13,9,22,19,21,23,15	78	75
5670	0,2,1,0,1,2,1,1,0,2	36,32,28,31,27,21,29,33,19,32	2,1,5,2,0,3,0,1,2,2	32,30,35,43,25,25,36,37,35,29	78	75
5671	1728,1646,1651,1492,1829,1664,1703,1419,1503,2153	1,1,2,5,0,2,0,2,0,1	1729,1792,1572,1562,1572,1605,1733,2144,2292,2408	1,3,1,6,3,1,2,5,4,1	180	75
5672	53,36,42,43,55,61,46,56,40,57	0,0,0,0,0,0,0,1,0,0	44,57,44,67,43,53,47,60,50,41	0,0,0,0,0,0,0,0,0,0	87	75
5673	12,16,13,11,10,17,18,14,12,15	0,0,0,1,0,0,0,0,0,0	12,15,10,21,9,6,16,24,17,7	0,0,0,0,0,0,0,0,1,0	110	75
5675	167,159,158,146,180,188,167,177,155,208	1,0,0,1,0,0,1,0,0,1	170,189,155,187,153,186,203,173,203,231	0,0,0,0,1,0,0,0,0,4	202	75
5677	112,102,109,92,120,101,122,93,96,94	25,30,31,19,21,22,33,22,24,20	89,110,79,131,86,111,114,93,121,75	28,31,15,29,25,21,22,29,24,21	78	75
5678	10,15,9,19,15,14,18,15,6,15	63,55,47,40,65,47,51,52,48,49	14,9,11,13,17,17,8,9,8,5	41,49,43,63,35,58,55,50,30,32	78	75
5679	4,4,9,3,3,6,5,1,7,4	191,169,156,180,190,169,150,180,151,175	8,4,4,7,9,3,7,4,4,4	182,181,144,137,179,155,192,187,202,187	107	75
5680	0,1,0,1,0,1,1,0,3,0	114,129,84,88,77,78,109,73,89,151	2,1,2,0,0,1,1,0,2,2	118,94,87,93,83,92,106,118,121,112	93	75
5681	29,27,46,37,42,44,33,21,21,50	29,35,25,28,43,36,34,33,35,38	48,33,30,29,28,26,30,34,46,53	35,24,29,20,35,30,38,33,34,32	95	75
5682	47,45,62,59,60,60,71,43,42,95	29,35,25,28,43,36,34,33,35,38	82,74,56,49,60,52,63,64,74,85	35,24,29,20,35,30,38,33,34,32	115	75
5683	36,36,50,37,49,48,45,24,28,62	29,35,25,28,43,36,34,33,35,38	56,50,37,31,37,34,36,46,50,61	35,24,29,20,35,30,38,33,34,32	130	75
5684	22,21,27,32,28,23,46,25,25,48	4,3,11,10,10,7,8,3,4,3	42,45,33,25,34,29,38,34,34,39	8,4,7,5,2,3,5,4,6,7	95	75
5685	11,12,15,10,17,11,20,6,11,15	4,3,11,10,10,7,8,3,4,3	16,21,14,7,11,11,11,16,10,15	8,4,7,5,2,3,5,4,6,7	110	75
5686	4,5,4,5,4,2,7,0,6,4	15,14,16,27,15,14,33,19,20,37	2,1,4,2,1,4,4,3,2,4	28,25,23,20,24,22,31,21,26,28	90	75
5687	3,3,1,0,1,2,6,2,0,4	0,2,1,2,3,4,6,4,3,3	1,0,4,0,1,4,0,0,3,3	2,6,1,4,2,2,5,2,6,2	90	75
5689	0,0,1,0,1,1,0,0,0,0	0,0,0,0,0,0,1,0,0,0	1,0,0,1,0,1,1,0,1,0	1,0,0,0,0,0,0,0,0,0	78	75
5690	2,1,3,1,2,3,2,1,0,1	1,0,0,0,1,1,0,0,0,0	0,1,1,1,3,2,2,0,2,0	2,0,0,1,0,0,0,2,0,0	78	75
5691	12,8,8,8,4,8,9,9,9,8	9,6,5,4,6,7,7,2,9,8	7,7,7,12,6,6,10,7,17,14	0,10,8,3,9,4,2,2,5,6	78	75
5692	188,204,174,175,173,149,198,152,172,188	0,0,0,0,0,0,0,0,0,0	165,164,191,216,158,206,176,189,186,211	0,0,0,0,0,0,1,0,0,0	529	75
5693	0,0,0,0,0,0,0,1,2,1	92,75,65,62,59,61,72,61,50,67	1,1,1,1,0,0,0,0,0,1	60,72,70,58,76,71,49,71,68,64	289	75
5694	7,13,6,11,14,18,16,13,12,12	39,39,39,33,35,26,26,26,23,23	9,15,13,16,9,17,7,12,17,15	27,24,24,32,20,28,30,43,30,37	187	75
5695	0,0,2,5,2,1,0,1,2,4	1,1,1,0,0,1,0,1,0,1	1,0,1,4,2,1,2,3,3,1	1,0,1,0,0,1,0,0,1,1	157	75
5696	42,51,40,46,44,48,61,48,31,34	3,4,4,3,2,1,6,3,5,0	41,50,51,36,49,56,48,49,52,48	0,4,2,4,0,3,5,3,6,1	91	75
5700	1,0,0,1,1,1,5,1,0,2	1,0,0,1,1,0,2,1,2,0	3,0,1,0,1,2,2,0,1,1	2,1,0,2,0,1,0,2,0,0	141	75
5701	72,80,80,71,53,56,84,84,56,83	0,1,0,0,0,0,0,0,0,1	67,95,58,70,77,60,53,92,98,76	0,1,0,0,0,0,0,0,0,0	221	75
5703	13,6,5,14,11,11,14,9,6,13	1,1,0,2,0,0,1,1,2,1	21,13,13,11,14,18,11,29,19,21	0,2,1,0,0,1,1,2,0,1	119	75
5704	61,67,32,51,49,51,67,52,48,45	0,2,4,2,3,0,3,2,0,0	59,36,56,48,49,44,52,39,60,45	1,1,1,0,1,0,0,1,2,5	87	75
5705	39,36,20,28,37,34,30,27,24,38	0,2,1,0,0,0,0,0,0,0	50,27,32,31,35,39,29,37,32,31	0,0,0,0,0,0,0,1,0,0	77	75
5706	88,87,84,69,86,77,104,77,82,89	1,0,3,0,2,1,0,0,0,1	101,73,83,97,85,79,85,53,70,72	3,1,0,0,1,3,0,0,0,0	108	75
5707	24,31,20,25,21,19,21,17,17,23	2,2,4,2,5,4,3,1,1,3	16,14,14,23,38,16,15,19,21,14	7,4,4,3,5,2,3,1,1,2	78	75
5708	17,21,11,8,15,7,22,11,18,17	12,16,10,17,6,4,21,14,10,15	20,16,18,12,18,21,18,5,13,12	10,13,8,11,9,8,18,11,11,5	78	75
5709	29,50,32,43,47,51,50,43,40,33	22,31,14,13,19,15,27,12,18,23	51,45,44,45,54,49,38,48,45,42	25,13,17,24,17,27,20,23,23,19	219	75
5710	12,9,5,3,7,4,3,4,4,7	93,97,81,83,93,82,66,93,69,109	3,3,8,10,2,8,4,11,5,3	100,74,114,90,96,96,82,93,93,70	105	75
5711	0,0,0,0,1,0,0,0,0,0	0,0,1,0,0,0,1,0,0,1	0,1,0,1,0,0,0,0,0,0	0,0,0,0,1,0,0,1,1,0	78	75
5713	87,101,85,86,95,100,76,82,100,99	0,0,0,0,0,1,0,0,0,0	100,113,110,94,82,86,106,99,115,106	0,0,0,0,0,0,2,0,0,0	131	75
5714	54,30,29,27,46,56,32,44,38,47	33,36,20,29,32,47,27,29,30,31	47,29,24,40,50,42,40,50,46,51	33,30,19,22,35,29,27,40,34,38	78	75
5715	2,7,0,0,1,0,0,0,1,1	0,0,1,1,0,0,0,2,0,3	1,0,1,1,0,0,0,0,3,3	1,0,1,1,1,1,0,2,0,0	99	75
5716	55,57,39,61,46,40,60,37,48,58	4,6,1,2,3,7,0,2,0,6	48,53,50,57,72,45,32,59,55,46	4,2,4,1,0,2,3,3,0,4	97	75
5717	0,0,0,0,0,0,0,0,0,0	0,0,0,0,0,0,0,1,0,0	0,0,2,0,0,0,0,0,0,0	0,0,0,0,0,0,0,0,0,0	93	75
5719	270,265,268,260,240,261,297,252,258,290	2,1,0,1,1,4,3,2,3,0	249,263,230,239,274,276,257,274,303,298	4,0,1,1,2,4,5,3,3,3	175	75
5721	29,18,14,33,30,24,30,25,22,22	16,15,12,20,22,25,17,21,26,12	32,19,19,33,21,47,23,17,26,27	21,25,25,25,25,21,16,22,22,25	78	75
5722	6,20,10,11,8,12,6,8,10,15	0,0,2,0,2,1,1,0,1,0	16,14,8,15,8,22,8,14,12,7	1,1,1,3,1,1,2,0,0,0	154	75
5723	8,11,11,5,2,8,18,6,4,6	4,10,2,5,2,5,2,2,6,9	12,8,7,13,8,11,7,10,10,11	10,3,7,6,3,10,2,3,7,6	97	75
5724	8,18,8,5,16,8,18,10,6,11	4,10,2,5,2,5,2,2,6,9	14,8,6,9,17,7,6,12,15,5	10,3,7,6,3,10,2,3,7,6	152	75
5725	8,18,8,5,16,8,18,10,6,11	8,11,11,5,2,8,18,6,4,6	14,8,6,9,17,7,6,12,15,5	12,8,7,13,8,11,7,10,10,11	130	75
5726	0,1,0,0,1,1,1,1,1,1	103,132,131,109,127,105,142,122,103,136	0,4,0,1,3,0,1,1,1,0	115,117,107,118,99,150,153,118,160,150	105	75
5730	8,8,9,12,3,5,12,5,3,4	1,2,0,0,0,0,0,0,1,2	8,4,10,9,20,9,10,10,8,9	2,2,0,1,2,1,2,0,0,1	80	75
5732	67,55,42,44,37,51,59,50,23,65	0,0,0,0,0,0,0,0,0,0	64,43,36,49,42,58,49,52,58,58	1,0,0,0,1,0,0,0,0,0	348	75
5733	0,0,0,0,0,3,0,2,0,1	0,1,0,0,0,0,0,0,0,0	0,0,0,1,0,0,1,1,2,1	0,0,0,0,0,0,0,0,0,0	107	75
5734	0,0,0,0,0,3,0,2,0,1	47,44,46,45,44,76,48,43,34,45	0,0,0,1,0,0,1,1,1,1	50,50,38,48,51,43,51,43,54,56	107	75
5735	24,23,29,28,34,23,22,22,25,17	3,2,0,0,1,0,1,0,1,0	28,28,26,34,34,31,21,24,41,17	4,0,2,0,2,1,1,4,2,0	91	75
5736	0,0,0,0,0,0,1,0,0,0	3,2,3,2,0,1,2,0,2,4	0,0,0,0,0,0,0,0,0,0	1,5,4,2,4,0,2,3,3,3	125	75
5737	19,23,19,8,10,16,19,16,10,19	1,3,0,0,0,0,0,0,0,1	23,14,10,24,8,14,12,16,30,17	1,1,1,0,0,0,0,1,0,0	80	75
5738	15,14,26,15,7,11,20,12,13,22	0,1,0,0,0,0,0,0,0,0	26,20,21,19,19,18,24,19,20,26	0,0,0,0,0,0,0,0,0,0	89	75
5739	0,0,0,2,0,2,0,0,1,0	68,60,86,51,49,63,66,67,65,76	2,0,0,0,0,0,0,0,0,0	67,50,41,71,49,61,67,57,76,56	99	75
5744	3,2,1,1,3,2,2,2,1,4	61,58,40,52,42,54,50,47,38,65	1,3,3,0,1,1,4,0,1,4	59,41,51,51,45,38,58,58,55,70	178	75
5745	9,7,4,10,14,11,11,11,4,4	4,8,5,10,10,5,4,9,7,6	9,12,4,9,6,8,14,5,13,15	11,7,4,4,4,9,2,16,10,5	78	75
5746	6,0,0,0,1,2,0,5,0,1	0,1,1,2,4,0,2,1,1,0	0,2,1,2,0,1,2,5,4,0	1,1,2,0,2,2,1,0,0,0	78	75
5747	85,77,63,41,53,60,69,56,44,70	5,8,5,4,3,2,10,6,3,4	66,64,56,68,73,59,55,47,66,50	4,7,5,8,5,9,7,14,12,8	78	75
5748	0,0,0,0,0,0,0,1,0,0	4,13,11,5,9,2,8,3,6,9	0,0,0,1,0,1,0,0,0,0	15,10,6,7,11,6,9,5,7,5	84	75
5749	2,1,2,1,2,0,0,1,1,0	55,53,25,35,41,53,60,52,50,27	0,1,0,2,0,1,0,2,0,1	48,45,30,41,37,47,43,36,40,26	347	75
5750	56,57,48,49,53,57,47,53,38,46	0,0,0,0,0,0,0,0,2,0	47,75,59,55,70,59,71,67,71,69	0,0,0,0,0,0,0,0,0,0	276	75
5757	0,1,2,1,1,0,2,1,2,4	10,13,10,10,21,11,9,14,11,13	0,0,0,2,1,0,0,0,1,2	14,16,9,12,11,9,14,7,11,9	78	75
5758	16,17,7,11,10,10,7,16,11,11	1,0,0,2,1,3,0,1,5,2	11,18,8,7,10,7,9,16,7,8	1,1,0,1,2,1,0,1,0,1	79	75
5759	49,45,50,51,48,41,41,40,46,51	1,0,1,1,0,0,0,0,1,0	37,62,56,48,52,36,46,53,62,56	1,0,1,0,1,0,0,0,0,0	119	75
5761	18,21,30,19,20,27,36,29,23,35	3,3,1,0,4,5,3,4,1,1	41,32,21,29,14,29,37,25,34,22	5,6,3,2,2,4,0,3,2,2	101	75
5763	107,113,92,84,83,125,98,94,95,119	4,3,1,2,1,2,2,4,3,2	116,111,96,124,108,133,102,132,142,137	0,1,0,1,3,0,3,5,5,5	97	75
5764	126,109,89,87,110,111,131,96,93,106	4,4,7,11,5,4,7,14,5,8	124,118,90,116,123,112,121,121,142,162	10,7,6,3,2,7,5,5,9,2	96	75
5768	9,4,9,3,10,16,6,3,1,6	0,0,1,0,0,0,0,0,0,0	8,8,10,10,9,4,17,8,13,11	0,1,0,0,0,0,0,3,0,0	78	75
5769	0,1,1,2,1,0,1,0,0,1	0,0,1,0,0,1,0,0,0,0	0,0,0,2,1,0,1,1,1,1	0,1,0,0,0,0,0,0,2,0	78	75
5770	0,1,0,3,0,2,0,0,0,1	0,0,0,1,0,2,0,0,0,0	0,0,1,2,4,0,1,1,1,2	1,0,0,1,0,0,1,0,1,0	78	75
5772	22,10,10,8,8,11,9,19,6,9	1,1,0,0,0,0,0,0,0,1	4,10,2,12,12,9,7,14,10,12	0,1,1,1,0,0,1,0,0,1	168	75
5773	46,41,36,34,36,43,54,51,32,32	0,0,0,0,0,0,0,0,0,0	39,34,40,59,36,39,35,32,39,45	0,0,0,0,0,0,1,0,0,0	1760	75
5774	1,1,0,0,0,2,0,0,2,2	0,0,0,0,0,0,0,1,0,0	0,1,1,0,0,1,0,0,0,0	0,0,0,0,0,0,0,0,0,0	79	75
5775	6,4,7,10,2,3,6,2,10,0	0,0,2,4,0,0,2,2,0,1	3,3,10,5,1,6,8,5,2,6	1,0,0,0,1,2,2,0,0,1	79	75
5777	6,3,4,4,3,0,4,1,2,0	24,36,14,17,22,27,27,27,13,16	8,5,6,3,4,10,5,2,3,6	27,18,17,20,15,26,15,18,24,20	99	75
5778	19,40,29,26,32,37,42,19,23,44	0,0,0,0,0,0,0,0,0,0	25,25,15,28,42,35,34,27,41,29	0,0,0,0,0,0,0,0,0,1	78	75
5779	16,18,19,11,27,10,19,23,10,25	4,1,8,5,6,3,8,3,5,6	17,12,14,26,14,10,20,20,22,18	3,13,8,7,4,5,2,5,4,7	78	75
5781	11,21,23,10,24,8,10,11,9,17	4,5,6,2,6,5,7,4,1,8	26,16,9,20,23,13,15,17,24,22	6,2,1,2,3,8,3,7,2,4	78	75
5783	15,22,11,17,13,16,15,20,16,13	21,15,13,17,17,15,17,21,13,13	11,17,10,13,15,15,13,18,10,9	12,10,11,12,11,19,8,12,22,10	78	75
5784	1,0,0,1,2,2,1,1,1,2	14,10,6,8,12,6,8,5,4,15	1,0,1,0,0,0,0,0,3,2	13,10,13,11,7,6,10,18,7,5	92	75
5785	10,10,10,16,19,9,8,11,10,22	2,2,1,4,1,4,1,3,1,4	16,12,9,9,16,9,11,13,13,17	4,2,0,3,6,3,4,1,4,1	134	75
5786	23,20,16,23,29,13,15,15,13,35	2,2,1,4,1,4,1,3,1,4	28,22,21,20,23,15,21,31,17,20	4,2,0,3,6,3,4,1,4,1	117	75
5787	394,393,307,270,279,252,345,328,262,438	18,22,18,17,21,16,24,20,22,20	365,262,325,340,253,334,289,358,306,336	23,18,10,25,20,29,25,26,25,23	126	75
5788	640,612,477,486,549,481,628,565,516,699	0,0,0,0,0,0,0,1,0,0	609,482,467,562,490,654,551,578,556,549	0,0,0,0,0,0,0,0,0,0	101	75
5789	115,104,85,85,106,89,118,90,77,109	1,0,0,1,0,0,1,0,1,1	115,93,71,106,87,97,108,90,111,76	0,0,0,1,0,0,1,0,0,0	421	75
5790	15,23,14,24,22,25,28,24,21,34	28,18,18,15,22,22,19,15,18,11	30,34,22,24,28,27,10,33,28,29	20,17,21,15,24,23,23,26,24,16	163	75
5791	15,9,8,19,11,15,15,17,16,27	0,0,0,0,1,0,0,0,0,0	19,22,12,13,14,21,8,17,17,17	0,0,0,0,0,0,1,0,0,2	163	75
5792	2,1,1,2,1,1,2,0,1,1	30,23,23,17,16,25,21,25,24,21	3,3,1,1,1,5,1,2,0,1	27,15,21,18,29,21,23,22,25,9	157	75
5793	0,0,3,0,0,1,1,0,0,0	0,0,0,0,0,0,1,0,0,0	0,0,0,0,0,1,0,2,1,0	0,0,0,0,0,0,1,0,0,0	88	75
5795	7,5,5,7,0,9,5,9,1,4	2,0,2,1,0,0,0,2,2,1	8,3,8,1,2,5,6,9,9,4	0,0,0,0,0,0,1,0,0,0	116	75
5796	4,1,0,3,0,2,2,3,0,1	2,0,2,1,0,0,0,2,2,1	4,2,2,1,0,2,1,0,1,1	0,0,0,0,0,0,1,0,0,0	103	75
5798	0,1,0,0,0,0,0,0,0,0	10,15,9,10,8,23,16,16,16,13	0,0,0,0,0,0,0,0,0,0	10,9,19,15,10,14,19,12,13,6	163	75
5799	0,0,0,0,0,0,0,0,0,0	0,1,0,1,0,1,1,0,0,0	0,0,0,2,1,0,0,0,0,0	0,0,1,0,0,0,1,1,0,0	82	75
5800	1,2,0,0,0,0,1,0,0,1	83,98,93,84,94,94,77,82,74,94	0,1,0,1,1,2,1,0,2,0	96,102,73,71,81,90,82,86,85,102	194	75
5801	24,30,29,24,28,22,35,25,26,35	51,51,49,59,46,35,50,32,19,58	35,26,32,29,29,25,33,23,46,43	49,60,51,39,47,45,38,60,71,59	84	75
5802	1,0,0,1,0,0,0,0,0,2	0,0,0,0,0,0,1,0,0,0	0,0,0,0,1,0,0,0,0,0	0,0,0,0,0,0,0,0,0,0	78	75
5803	1,2,7,2,2,6,5,6,2,3	3,3,1,0,3,2,3,0,2,2	1,5,6,2,1,4,6,7,9,7	2,0,3,4,1,2,1,1,3,2	83	75
5804	22,30,30,32,39,23,32,26,25,22	0,0,0,0,0,0,0,0,1,0	29,22,8,29,23,28,18,29,27,19	0,0,0,0,1,0,0,0,0,0	83	75
5805	3,1,1,3,2,0,1,2,1,2	0,0,0,0,0,1,0,0,0,0	1,1,3,0,1,0,0,2,3,1	0,0,0,0,0,0,0,0,0,0	149	75
5808	0,0,0,0,0,0,0,0,2,0	0,0,0,0,0,0,0,0,1,1	1,0,0,2,0,0,1,1,0,0	0,0,0,0,0,0,0,0,0,0	101	75
5809	352,356,341,323,329,314,360,288,242,353	1,0,0,0,1,0,0,1,0,1	332,319,306,366,332,345,330,357,392,325	2,0,0,0,0,0,0,0,1,0	347	75
5811	42,29,26,25,44,46,42,34,28,39	3,1,5,2,0,1,2,0,2,1	40,43,34,38,24,35,44,33,37,44	2,2,2,2,1,3,0,2,2,2	78	75
5812	108,129,80,99,107,85,102,115,114,126	0,0,0,0,0,0,1,0,1,0	114,115,93,119,92,98,112,88,96,113	0,0,0,0,0,0,0,0,0,1	232	75
5813	3,4,4,2,0,2,3,2,0,1	100,85,72,83,65,81,64,74,87,76	2,1,1,4,0,3,6,2,1,0	90,52,77,79,78,99,83,113,83,100	99	75
5814	0,0,0,1,0,0,0,0,0,1	9,2,8,4,10,12,3,8,2,11	0,1,0,0,0,0,0,0,0,0	7,10,6,10,9,7,5,4,5,1	90	75
5815	0,0,0,1,0,0,1,0,0,2	50,59,42,32,39,49,38,59,46,46	0,2,0,1,1,0,1,0,1,0	55,40,48,56,37,38,53,36,53,43	93	75
5816	9,2,8,4,10,12,4,8,2,12	50,59,42,32,39,49,38,59,46,46	7,11,6,11,10,7,6,4,6,1	55,40,48,56,37,38,53,36,53,43	78	75
5817	21,17,9,12,14,15,20,19,18,24	30,20,23,14,16,27,32,15,23,19	20,16,18,14,11,19,23,23,19,6	37,22,24,22,21,33,21,29,24,20	78	75
5818	1,1,2,0,3,1,2,0,1,1	4,3,0,1,6,0,2,0,1,1	1,0,3,2,1,1,0,2,2,2	2,3,5,3,2,6,6,5,7,2	125	75
5820	46,71,41,50,61,46,40,30,48,46	8,4,3,5,9,5,6,4,3,1	47,50,51,37,35,42,47,60,45,57	4,3,5,3,2,2,7,5,5,7	81	75
5821	84,85,62,78,70,66,65,75,76,81	16,17,13,20,11,9,25,12,13,9	84,90,74,72,85,78,81,91,87,90	9,13,11,21,17,11,17,17,18,19	111	75
5822	56,51,52,48,60,37,29,63,42,64	13,11,7,8,15,4,13,11,21,12	70,53,52,64,44,47,44,57,70,72	10,14,14,22,9,11,20,23,14,28	78	75
5823	26,28,27,35,35,38,46,41,33,37	8,10,11,9,6,7,20,12,10,7	40,44,35,31,50,38,47,39,26,43	9,19,13,10,12,10,13,13,5,10	78	75
5824	0,2,0,2,0,1,1,0,2,0	2,5,5,0,3,2,3,0,3,1	1,1,1,0,1,2,1,1,1,1	2,5,4,4,4,6,5,3,4,4	97	75
5825	32,26,49,31,40,29,31,41,26,54	0,1,0,0,0,0,0,0,0,0	34,53,37,38,38,38,40,49,54,48	0,2,0,0,0,0,0,0,0,0	265	75
5827	0,0,1,0,1,0,0,0,0,0	0,0,0,0,1,0,0,0,0,0	0,0,1,0,0,0,0,0,0,0	3,0,1,0,0,0,0,0,1,0	78	75
5828	4,1,4,4,2,2,2,0,4,4	7,9,16,12,14,11,12,15,23,16	8,0,2,1,2,2,2,3,6,3	10,19,13,14,13,22,9,11,12,11	78	75
5830	6,1,0,2,3,1,1,4,3,2	17,18,23,15,29,18,20,13,24,19	5,2,2,0,2,2,2,9,3,1	36,23,21,19,20,18,22,24,25,22	133	75
5831	24,16,18,12,15,14,22,18,17,27	0,4,0,0,0,0,1,0,0,0	21,9,19,29,27,23,22,25,22,23	1,0,0,2,1,0,0,0,0,0	80	75
5832	6,2,7,6,5,4,2,2,4,7	8,9,5,7,2,3,6,5,3,8	5,2,4,7,3,5,3,7,5,7	10,6,9,5,6,4,4,8,3,7	250	75
5833	3,3,2,3,3,2,2,1,2,2	36,20,32,37,36,38,38,30,28,27	3,0,1,2,2,2,3,3,2,0	33,25,28,36,34,24,35,44,37,30	78	75
5834	129,126,114,96,102,101,118,108,93,110	0,0,0,0,0,0,0,0,0,0	128,111,86,83,106,103,95,101,120,128	0,0,0,0,1,0,0,0,0,0	280	75
5835	39,36,43,30,26,54,40,22,40,47	2,0,1,0,0,1,1,0,1,0	28,39,31,26,44,44,31,32,29,26	2,1,0,0,1,1,1,2,3,0	312	75
5836	3,2,4,6,0,2,3,5,1,2	13,14,15,10,17,16,22,12,10,10	0,0,0,0,0,0,1,5,0,1	17,16,12,19,10,20,14,16,21,20	114	75
5837	114,123,107,110,118,129,128,90,100,127	1,1,3,0,1,3,0,2,1,0	131,119,85,77,135,120,105,129,146,125	0,0,1,1,3,2,0,3,2,3	79	75
5838	0,0,0,0,0,0,0,0,0,3	15,18,10,6,12,8,13,11,10,10	1,0,0,0,0,0,0,0,0,0	11,13,10,15,12,8,6,9,5,9	337	75
5840	0,1,6,4,2,3,4,2,8,0	0,1,2,1,3,4,1,0,1,1	7,6,1,4,7,3,6,1,1,2	1,1,4,0,2,0,3,0,1,1	110	75
5841	8,2,6,5,5,2,6,5,5,2	0,0,0,2,1,1,0,0,0,0	2,11,6,6,6,7,3,4,10,1	1,0,1,0,2,1,0,1,2,0	129	75
5842	1,7,3,2,6,6,4,5,7,8	0,2,1,0,0,0,0,0,1,0	10,8,8,4,6,6,5,3,6,3	0,0,0,0,1,0,1,0,0,0	172	75
5843	4,10,3,2,10,8,6,9,7,13	0,2,1,0,0,0,0,0,1,0	13,10,8,5,4,7,6,6,9,3	0,0,0,0,1,0,1,0,0,0	363	75
5844	3,4,0,0,4,2,2,4,1,8	0,1,0,0,0,0,0,0,1,3	4,2,0,1,0,4,2,5,3,0	1,0,0,0,2,3,1,2,0,0	266	75
5845	5,6,9,4,3,6,4,4,3,2	0,0,0,0,1,0,0,0,0,0	5,4,4,0,1,1,4,7,7,5	0,0,0,0,0,0,0,0,0,0	101	75
5846	3,6,3,7,3,6,3,4,7,8	0,0,0,0,0,0,0,0,0,0	5,1,2,3,3,5,3,3,3,7	0,0,0,0,0,1,0,0,0,0	77	75
5847	1,3,1,4,4,7,2,3,4,7	0,0,0,0,0,1,0,2,0,0	1,4,3,3,4,1,4,0,2,3	0,0,1,0,0,0,1,0,1,0	103	75
5848	83,75,101,86,96,83,95,82,92,87	45,56,42,50,39,44,50,53,47,42	98,92,90,88,116,73,99,93,107,94	40,40,39,27,52,46,51,60,63,56	78	75
5850	2,6,5,0,2,4,4,3,3,4	1,0,3,3,4,2,3,2,0,2	1,0,7,0,0,3,4,2,3,5	4,2,1,1,1,1,4,6,3,1	129	75
5851	6,9,6,0,2,8,8,6,5,9	52,31,32,32,52,51,61,47,49,53	1,3,9,0,0,6,6,5,5,6	24,53,65,29,29,40,45,50,43,49	129	75
5853	0,0,0,0,2,2,0,0,0,2	4,1,1,3,3,5,3,3,3,1	0,0,0,0,0,0,0,0,0,0	3,2,0,5,3,2,4,2,7,7	83	75
5854	0,0,0,0,2,0,1,0,0,1	1,1,3,2,0,2,2,0,1,2	0,2,0,0,0,1,0,3,2,0	0,2,5,0,3,1,1,2,3,2	129	75
5855	780,705,628,670,685,620,735,692,656,652	34,43,44,15,28,26,34,33,23,35	676,756,631,725,687,689,725,670,632,533	40,39,33,28,34,24,29,41,27,27	178	75
5859	407,370,332,342,333,327,399,371,317,383	1,1,1,0,0,1,0,0,0,0	399,368,360,347,368,421,392,339,367,343	0,0,2,1,0,0,1,0,2,0	124	75
5862	2,2,0,3,0,1,2,0,0,3	52,50,42,43,41,39,34,40,41,58	4,2,1,5,0,0,0,1,0,1	52,39,48,42,38,50,40,56,65,37	238	75
5863	9,11,6,6,4,8,8,7,10,8	13,6,16,7,14,13,13,13,6,19	5,12,7,10,8,8,3,7,11,7	4,18,9,12,13,10,10,11,17,27	78	75
5864	18,17,11,18,17,21,14,22,13,20	11,16,6,8,14,10,12,10,10,11	17,15,15,14,14,15,14,23,10,28	21,8,7,6,12,14,12,12,16,10	121	75
5866	31,31,17,40,33,30,27,26,28,28	0,0,0,0,0,0,0,1,0,0	20,31,22,26,12,18,24,13,26,15	2,0,0,0,0,0,0,0,0,0	543	75
5869	95,101,129,87,116,95,119,101,95,87	0,0,2,0,0,0,1,0,0,1	94,121,95,107,104,97,109,146,160,106	0,0,0,0,0,2,0,1,0,3	134	75
5872	47,40,49,56,38,45,47,34,37,67	10,6,9,2,4,6,9,8,2,4	54,53,59,61,49,41,66,72,62,92	10,12,6,13,2,6,9,11,15,7	84	75
5873	3,9,5,1,2,0,4,0,6,7	0,0,1,0,0,0,1,0,0,0	2,3,9,6,4,5,3,3,5,1	0,0,0,0,0,0,0,0,0,0	141	75
5875	129,141,148,134,156,144,162,135,122,142	0,0,1,0,0,0,0,0,0,0	156,142,122,123,157,137,140,142,135,144	0,0,0,0,0,0,0,0,0,0	76	75
5876	141,153,158,147,163,152,175,149,128,151	7,9,7,5,4,5,6,5,8,9	166,164,133,143,171,151,145,150,146,153	9,4,5,3,10,9,8,11,11,6	87	75
5877	12,12,11,13,7,8,13,14,6,9	7,9,7,5,4,5,6,5,8,9	10,22,11,20,14,14,5,8,11,9	9,4,5,3,10,9,8,11,11,6	86	75
5878	127,126,110,113,118,93,119,111,113,124	1,1,1,0,0,0,0,2,5,3	108,114,92,107,104,116,95,129,120,119	2,2,0,1,2,0,0,0,1,0	162	75
5879	1,1,1,0,0,2,1,0,2,1	105,84,84,105,106,99,99,97,98,87	0,1,1,2,0,2,2,2,0,1	105,114,95,106,100,90,97,86,109,95	173	75
5880	0,1,0,0,2,0,0,1,0,1	127,88,86,104,107,100,97,80,80,97	1,1,1,1,0,0,0,0,0,1	91,88,113,96,109,90,100,88,91,70	268	75
5881	8,9,13,10,16,10,13,10,11,16	1,1,4,1,0,2,4,1,0,1	9,12,6,13,17,5,12,13,8,6	0,0,2,3,0,0,0,0,1,0	93	75
5882	6,8,13,7,13,7,9,11,11,11	0,1,0,0,0,0,4,1,0,0	10,12,7,8,10,3,12,9,10,3	1,0,1,1,0,0,0,0,2,0	93	75
5883	0,2,1,1,1,1,5,2,1,0	3,3,2,2,0,3,4,1,4,1	2,2,0,0,0,0,2,0,1,1	1,5,3,1,3,2,1,2,0,1	100	75
5884	24,20,25,19,27,26,25,13,13,21	0,0,0,0,0,1,0,1,0,0	24,23,12,26,16,12,20,26,20,34	0,0,0,0,0,0,0,0,0,0	209	75
5885	7,13,9,8,11,9,17,8,12,7	2,2,1,6,2,1,1,4,1,0	15,12,14,10,7,8,8,9,14,12	1,1,1,1,1,0,4,2,3,1	78	75
5886	0,0,0,1,0,0,0,0,0,0	0,3,1,1,0,0,0,0,0,0	0,0,0,0,0,0,0,0,0,0	0,2,0,0,1,0,0,0,0,1	79	75
5887	5,3,3,8,5,4,5,9,7,9	104,111,84,92,107,108,98,82,99,99	4,2,10,4,9,8,6,10,11,8	100,99,92,114,81,90,99,135,115,134	137	75
5888	8,7,5,6,8,11,7,5,10,4	4,3,8,5,9,6,6,4,12,7	6,1,3,3,6,10,7,6,9,8	4,10,6,7,9,4,5,5,3,7	249	75
5889	1,0,4,3,2,2,0,2,1,1	8,14,8,5,11,19,8,13,8,8	1,2,2,1,0,1,4,0,0,0	9,5,6,10,8,14,9,10,12,9	89	75
5890	11,11,3,7,11,6,7,1,8,7	166,187,181,142,168,141,160,112,139,248	9,8,8,11,12,7,9,4,8,10	227,160,179,159,167,155,179,238,223,221	341	75
5891	49,65,63,43,31,44,54,43,40,79	2,4,4,4,3,5,3,0,8,6	49,43,44,41,46,65,55,55,66,68	2,4,5,7,2,2,3,6,7,3	169	75
5892	4,3,6,7,4,0,4,3,4,5	0,0,0,0,0,0,0,0,0,0	3,3,2,3,4,2,3,2,5,3	0,1,0,0,0,0,0,0,0,0	81	75
5893	81,90,86,73,62,61,76,59,67,85	3,1,5,0,1,1,1,3,1,1	63,77,63,57,75,77,85,84,82,68	1,1,0,1,1,0,1,2,0,5	151	75
5895	29,32,26,20,31,34,35,35,14,21	3,0,0,0,0,1,0,0,0,0	28,27,26,26,16,16,40,23,20,23	0,1,1,0,1,3,3,2,0,2	105	75
5896	60,57,53,51,65,53,59,55,50,55	83,102,68,72,78,73,73,75,82,74	61,64,43,47,61,60,52,45,80,81	67,80,54,112,70,61,71,84,87,98	78	75
5897	4,2,1,1,7,0,2,6,0,4	0,0,0,0,0,0,0,0,0,0	1,2,0,4,0,3,4,3,3,3	0,0,1,0,0,0,0,0,0,0	171	75
5899	19,19,21,14,23,18,11,13,12,12	1,2,1,1,1,2,2,1,1,1	9,9,18,16,7,13,16,10,11,13	0,0,0,0,0,1,1,0,1,0	78	75
5900	14,6,18,15,17,11,18,11,11,11	7,10,12,6,6,7,2,8,6,1	5,11,12,16,16,15,9,6,15,15	7,10,1,8,6,0,5,3,6,3	78	75
5902	26,27,21,19,38,25,29,24,18,26	1,0,0,2,2,3,3,1,2,5	24,41,34,29,25,27,25,35,52,50	3,3,1,0,3,5,4,5,4,4	134	75
5903	3,0,1,2,3,3,1,1,0,3	20,14,11,12,19,17,21,19,11,25	3,0,4,2,2,0,1,2,2,1	16,16,11,17,15,11,28,23,12,23	125	75
5904	11,12,8,13,4,16,12,12,13,8	2,1,1,1,0,0,0,1,0,1	6,9,15,10,14,10,8,8,12,13	0,0,1,0,2,3,1,2,0,0	78	75
5905	1,0,0,0,0,0,0,0,0,0	9,9,4,7,3,5,10,8,7,4	0,0,0,1,0,0,1,0,0,0	6,6,1,8,9,3,10,5,6,7	133	75
5907	168,155,147,150,120,156,151,160,176,159	0,1,0,0,0,0,1,0,0,0	169,158,145,163,148,150,138,179,166,149	0,0,1,0,0,0,0,0,0,0	213	75
5908	335,339,305,284,356,307,305,280,301,356	7,10,11,6,10,14,15,6,9,15	300,334,280,293,269,322,329,350,330,354	6,16,14,11,11,21,10,10,15,21	124	75
5911	29,26,26,15,24,23,23,24,28,23	19,8,22,13,26,27,21,24,24,16	22,22,26,24,28,29,24,31,10,25	20,21,18,28,17,16,17,27,21,17	78	75
5914	0,0,1,0,0,0,0,0,0,1	104,98,55,48,81,65,75,71,62,86	1,0,0,0,0,1,0,1,1,0	63,92,50,71,70,66,47,81,89,80	109	75
5916	0,0,0,0,3,5,1,0,0,0	1,1,1,1,0,2,1,0,0,5	0,1,0,2,1,1,0,3,1,2	0,2,0,3,1,1,0,1,1,0	109	75
5917	11,18,17,13,18,24,13,15,18,21	4,2,1,4,4,1,2,2,0,0	18,19,12,10,13,22,17,10,14,14	0,2,1,0,1,0,2,2,0,2	79	75
5919	3,0,3,3,0,2,3,2,0,1	304,297,247,320,324,346,295,279,280,277	0,3,4,0,0,5,2,2,0,2	277,279,231,288,314,224,351,347,342,337	81	75
5920	0,0,0,1,0,0,0,0,0,0	2,3,1,1,0,0,0,0,1,3	0,0,0,0,0,0,0,0,0,1	0,0,2,0,2,0,2,1,3,0	148	75
5923	1,0,0,0,0,0,1,1,1,0	1,0,0,0,0,0,0,0,0,0	0,3,0,0,0,0,2,0,1,0	0,0,0,0,0,0,0,0,0,0	114	75
5924	0,0,0,0,0,0,0,0,0,0	44,43,42,44,46,28,37,42,35,48	0,0,0,1,1,1,0,1,0,0	60,57,38,31,39,51,57,49,47,42	123	75
5928	7,5,3,7,3,6,8,9,11,3	0,0,0,1,0,0,1,0,0,0	9,5,10,6,6,9,5,10,5,7	0,0,0,2,0,0,0,1,1,0	113	75
5929	43,54,52,64,52,59,59,51,49,57	6,5,10,6,10,7,6,9,8,7	37,67,52,61,45,61,46,72,67,62	5,2,3,14,6,7,6,9,11,11	91	75
5930	79,110,87,80,71,64,87,72,98,99	0,0,0,0,0,0,0,1,0,0	85,97,83,75,75,72,99,102,105,130	0,0,2,0,0,1,0,0,0,0	115	75
5931	1,1,3,1,1,0,1,0,0,0	18,33,31,38,40,50,27,23,34,28	0,1,1,1,1,1,0,0,4,1	50,34,38,27,27,23,39,61,60,48	219	75
5932	0,0,0,0,0,0,1,0,0,1	0,0,0,0,0,0,0,0,0,0	0,2,0,1,0,0,2,0,0,0	0,0,0,1,0,0,0,0,0,0	78	75
5933	10,7,5,12,4,2,9,7,11,8	2,9,3,3,4,2,4,2,3,1	13,6,8,9,6,16,5,9,10,3	3,3,2,10,4,7,2,2,3,1	78	75
5934	28,28,36,30,37,29,34,34,29,32	0,0,0,0,0,0,0,0,0,0	22,34,35,35,20,37,32,40,34,19	0,0,0,0,1,0,0,0,0,0	94	75
5936	73,86,64,75,56,83,73,67,77,80	2,4,0,5,6,3,5,2,3,0	77,69,65,62,73,72,71,73,55,48	1,3,2,3,0,3,6,4,3,2	78	75
5937	0,0,1,0,1,0,0,0,0,0	135,130,125,110,121,113,137,89,102,165	0,0,3,3,1,0,0,0,1,1	144,114,115,114,134,142,117,128,121,92	136	75
5938	40,66,46,47,47,44,51,44,78,61	0,0,0,0,0,0,2,0,0,0	56,54,41,53,65,50,76,41,52,34	0,0,0,0,0,0,0,0,0,0	80	75
5941	131,121,116,110,142,106,129,133,121,123	1,0,0,0,0,0,0,0,0,0	131,123,104,139,157,131,145,134,136,111	0,0,0,0,0,0,0,0,3,0	160	75
5942	3,2,0,5,3,4,4,7,3,3	0,0,0,0,0,0,0,0,0,0	1,6,2,1,2,6,2,0,4,1	0,1,0,0,0,0,0,0,0,0	81	75
5943	52,41,44,52,52,50,52,61,64,54	13,20,13,11,9,12,13,18,8,16	55,51,51,60,52,67,44,53,57,36	18,20,15,14,17,10,7,13,17,19	81	75
5944	1,2,1,0,1,0,1,0,0,1	72,76,74,77,73,78,84,78,80,81	2,1,0,0,0,1,0,1,0,1	83,74,72,65,92,74,73,77,84,71	93	75
5945	114,110,99,98,86,87,124,109,122,125	0,0,1,0,0,0,0,0,0,0	138,92,117,93,84,94,80,107,124,111	0,0,0,0,0,0,0,0,0,0	464	75
5946	239,227,216,226,167,185,206,220,196,257	5,0,3,2,1,3,0,6,9,5	251,193,221,180,220,233,226,221,269,201	3,1,1,1,4,4,1,4,1,2	158	75
5948	0,0,0,0,0,0,0,0,0,0	28,39,25,32,34,36,34,39,53,47	1,0,0,0,0,0,0,0,0,0	32,46,49,55,41,36,52,64,45,68	123	75
5949	63,70,73,63,39,57,63,65,55,50	0,0,0,0,0,1,0,0,0,0	43,61,40,41,55,52,55,37,50,37	0,0,0,0,0,0,0,0,0,0	1165	75
5951	1,0,0,1,0,1,0,0,1,0	0,3,3,1,2,3,0,4,1,1	0,0,0,0,0,1,2,0,0,0	6,1,2,3,3,4,1,3,1,11	81	75
5952	4,7,3,3,1,3,7,2,3,0	1,0,1,0,1,1,0,0,0,2	2,1,1,3,3,4,2,3,2,1	2,1,2,0,0,3,0,0,0,0	90	75
5953	4,7,8,7,9,4,5,2,8,7	0,1,0,0,0,0,0,1,0,0	6,7,4,8,8,5,6,13,17,5	0,0,0,0,0,0,0,0,0,0	89	75
5954	230,230,220,178,218,164,194,191,178,245	4,9,4,4,4,3,2,6,7,1	229,197,192,204,198,206,198,214,222,181	1,2,5,2,4,3,3,9,3,4	78	75
5955	28,25,20,22,17,9,33,27,30,36	4,9,4,4,4,3,2,6,7,1	26,34,20,18,28,21,19,16,33,16	1,2,5,2,4,3,3,9,3,4	461	75
5956	28,25,20,22,17,8,33,27,30,36	230,230,220,178,218,163,194,191,178,245	26,32,19,18,28,19,19,16,32,16	229,195,191,204,198,204,198,214,221,181	458	75
5957	0,0,0,0,1,2,0,0,1,0	15,17,11,12,16,10,16,18,18,19	0,1,1,1,0,3,3,1,0,1	15,8,18,16,10,11,16,17,19,13	96	75
5958	198,241,206,202,226,216,236,231,160,240	4,8,3,6,10,4,8,5,4,4	243,253,194,217,196,230,203,212,227,215	5,6,7,1,4,4,1,5,4,10	81	75
5964	0,0,0,0,0,0,0,0,1,0	1,0,3,2,4,2,0,4,1,1	0,0,0,0,0,0,1,0,0,0	3,1,2,2,2,1,0,0,7,0	244	75
5965	79,82,67,70,115,72,92,81,89,66	23,32,21,10,33,25,26,30,22,29	69,72,39,70,73,63,66,67,67,60	23,26,21,27,23,15,14,24,19,27	78	75
5966	1218,1072,922,1080,913,870,1054,933,1035,1322	0,0,0,0,0,1,1,1,0,0	1213,948,1067,975,1037,1060,1022,983,944,834	1,0,2,0,0,0,1,1,2,0	106	75
5967	0,1,0,1,4,0,1,0,2,3	59,54,47,32,44,50,54,33,48,64	1,1,3,0,1,2,0,1,0,1	44,50,53,49,56,60,46,37,36,46	99	75
5968	92,81,83,76,68,78,103,78,55,64	0,0,0,0,0,0,0,0,0,0	89,72,72,60,87,91,71,64,66,59	0,1,0,0,0,0,0,0,0,0	297	75
5970	1,0,0,1,0,0,1,0,1,0	19,17,19,21,25,24,21,21,23,15	0,0,0,0,0,0,0,1,0,0	24,25,18,24,31,15,25,26,24,26	91	75
5971	10,6,5,1,5,2,3,2,5,8	1,3,0,0,1,3,0,2,1,0	1,2,0,2,3,3,4,3,0,5	1,0,1,1,1,0,2,5,1,0	127	75
5972	77,72,56,45,54,50,59,49,36,48	1,0,0,1,0,0,1,1,2,0	64,46,74,50,62,58,45,49,43,46	1,3,1,1,4,3,3,3,0,2	110	75
5973	4,4,6,1,4,2,5,9,3,4	80,58,70,60,86,82,76,73,80,75	4,5,5,3,3,6,8,3,7,8	87,70,59,61,81,80,62,82,87,80	78	75
5977	0,0,0,0,0,1,0,3,0,1	7,1,1,3,1,4,1,3,4,0	0,0,0,1,0,0,0,0,0,0	3,5,8,2,7,6,4,5,2,3	78	75
5978	8,4,4,2,6,2,0,4,0,6	69,74,53,63,52,61,68,65,49,66	6,4,5,8,5,5,3,5,3,6	68,60,59,83,44,67,63,53,57,51	151	75
5979	133,127,118,126,104,115,132,99,117,127	8,8,3,8,9,6,9,4,4,3	140,130,101,147,135,94,106,126,141,137	13,7,5,10,9,9,8,8,9,7	78	75
5980	11,16,18,15,18,14,21,15,7,13	3,0,0,0,0,1,1,1,0,0	14,27,7,18,21,28,13,17,22,14	2,2,0,0,0,1,6,2,0,2	103	75
5981	23,18,20,10,17,15,19,19,19,12	5,8,11,3,9,3,2,5,4,5	20,30,25,22,25,22,27,16,16,14	2,2,4,8,5,11,5,6,6,8	78	75
5984	23,12,23,18,25,26,8,30,15,23	322,325,296,227,392,327,295,242,224,313	18,17,11,15,22,16,22,15,30,23	262,255,246,229,271,277,255,320,311,317	96	75
5986	0,0,0,0,3,0,0,0,0,1	17,12,14,15,16,16,9,6,15,19	0,0,0,0,1,0,0,0,0,1	14,16,5,19,14,18,21,16,15,10	112	75
5987	44,34,34,23,40,29,32,28,27,32	1,2,1,1,0,0,0,1,2,0	27,37,14,36,25,30,40,32,40,30	2,2,1,0,2,0,0,1,0,1	108	75
5989	97,67,66,65,80,83,58,100,66,73	160,145,111,148,142,145,139,145,101,111	88,85,87,88,57,71,83,83,93,85	151,148,128,119,122,137,117,140,138,151	87	75
5990	100,98,73,103,98,90,110,132,112,110	1,1,1,0,1,0,0,0,0,0	112,122,113,119,109,94,127,138,107,109	0,0,0,0,0,0,0,0,0,0	84	75
5991	21,16,27,24,21,13,33,21,16,30	81,78,61,63,68,64,86,86,65,81	23,27,27,27,24,21,21,29,25,30	94,60,64,74,66,75,79,81,87,91	299	75
5996	27,42,41,23,23,33,35,24,17,30	7,8,5,5,2,6,4,6,9,6	24,37,30,31,37,30,35,40,35,25	4,7,1,6,2,6,10,7,3,5	303	75
5997	12,15,9,7,6,11,12,11,14,12	3,4,0,8,3,4,5,0,2,5	10,21,6,19,14,15,21,13,21,10	5,3,1,5,6,3,8,9,3,8	157	75
5999	23,30,10,14,25,13,20,21,12,23	1,0,0,0,0,0,1,0,0,1	29,30,10,11,10,17,14,7,17,26	0,0,4,2,0,0,1,1,0,0	79	75
6001	2,1,2,1,2,2,1,1,0,0	0,0,0,1,0,0,1,0,0,0	2,1,1,0,1,0,1,0,0,0	0,0,0,0,1,0,0,0,1,0	78	75
6002	828,773,647,757,714,756,722,699,695,794	0,0,0,0,0,0,1,0,0,0	783,834,697,771,701,759,739,835,870,812	1,1,1,0,0,2,1,0,0,1	169	75
6003	4,7,4,1,1,0,0,2,0,1	0,0,0,0,0,0,1,0,0,0	2,3,2,4,1,2,1,1,0,2	0,0,0,0,1,0,0,1,0,0	80	75
6004	10,6,12,8,14,14,8,11,8,12	0,0,1,1,1,1,2,0,0,0	16,7,14,10,10,9,5,13,13,16	0,1,0,0,0,0,1,0,1,0	79	75
6005	0,0,0,0,0,0,0,0,0,0	2,0,0,3,0,2,0,0,0,0	0,1,0,1,1,1,0,0,0,0	0,0,0,1,0,0,0,1,0,0	130	75
6007	29,15,26,15,17,16,21,16,20,40	0,0,0,1,0,0,0,0,0,0	20,14,31,20,33,20,21,22,30,26	0,0,0,0,0,0,1,0,0,0	269	75
6008	23,27,21,30,30,33,35,25,24,23	0,1,1,0,1,0,0,0,0,0	31,24,22,23,39,28,28,26,29,32	0,0,0,0,0,0,0,0,0,0	147	75
6009	1,1,1,0,1,3,7,1,1,2	10,6,4,6,5,10,6,9,8,3	1,2,0,0,1,0,0,2,1,0	3,4,8,10,4,9,7,6,5,4	90	75
6010	0,1,0,0,0,0,1,1,0,0	14,12,8,8,8,10,10,7,10,9	0,0,0,0,0,1,0,0,0,0	6,15,13,10,12,8,13,12,14,18	179	75
6011	0,0,0,0,0,0,1,0,0,0	3,2,1,0,2,1,4,1,1,3	0,0,0,0,0,0,0,0,1,0	0,4,1,0,2,1,3,0,1,1	78	75
6012	6,6,6,9,2,6,12,6,2,5	4,9,6,8,10,8,14,3,5,2	4,1,5,6,6,8,7,8,4,4	3,7,4,5,11,3,7,9,2,8	158	75
6013	23,23,23,25,21,22,28,22,11,22	1,0,0,1,0,0,0,0,0,0	20,15,29,12,25,27,19,25,15,14	0,1,1,0,0,0,0,1,0,1	265	75
6014	21,26,23,24,29,24,30,19,14,19	1,0,0,1,0,0,0,0,0,0	19,21,28,11,30,22,19,26,13,18	0,1,1,0,0,0,0,1,0,1	182	75
6016	1,0,0,1,4,0,1,0,3,2	0,0,0,2,0,0,0,1,0,1	2,2,2,0,1,0,0,0,2,0	1,1,0,0,0,0,0,0,0,0	95	75
6020	206,231,155,174,194,216,209,219,188,196	25,26,21,27,20,27,29,26,28,23	205,214,181,206,202,190,210,201,170,195	25,38,27,31,25,26,30,28,31,27	78	75
6023	59,30,38,51,46,47,54,30,33,44	0,0,0,0,1,0,0,1,0,0	31,44,42,32,46,47,38,48,53,33	0,0,0,0,0,1,0,0,1,0	78	75
6024	7,7,7,8,3,13,4,11,11,7	0,0,0,0,0,0,0,0,0,0	10,6,5,9,19,8,7,8,6,6	1,0,0,0,0,0,0,0,0,0	78	75
6026	54,45,44,54,36,37,59,59,35,40	0,0,0,1,1,0,0,1,0,0	52,40,54,52,51,43,38,56,46,44	0,0,0,0,1,0,0,0,0,0	118	75
6027	1,0,1,0,1,0,0,1,0,1	0,0,0,0,0,0,0,0,0,0	1,0,1,0,1,1,0,4,0,0	0,0,0,2,0,0,0,0,0,0	131	75
6030	1464,1486,1226,1271,1299,1184,1291,1360,1175,1469	13,16,9,9,22,14,19,12,17,23	1626,1294,1238,1320,1354,1366,1288,1214,1257,1010	30,20,15,8,18,20,16,24,13,18	1179	75
6031	8,11,17,15,14,7,13,17,13,14	13,9,7,11,6,8,9,9,6,13	18,12,7,16,19,16,9,17,19,11	8,3,8,9,11,8,11,6,10,6	93	75
6032	117,104,99,76,67,53,84,105,90,101	83,76,73,70,73,52,69,75,81,88	121,84,100,114,92,88,100,99,98,62	106,66,63,48,74,84,79,48,57,39	93	75
6033	162,138,110,114,122,158,148,148,143,176	10,9,5,5,11,3,10,13,10,8	168,153,136,184,140,112,163,150,123,108	6,5,5,5,6,5,7,5,9,6	3854	75
6034	1,1,0,3,0,0,0,0,0,1	1,2,0,1,1,3,3,1,1,0	2,1,1,0,2,1,1,1,4,3	2,1,3,2,1,0,1,3,1,1	119	75
6035	26,31,30,24,36,27,31,29,36,35	0,0,0,0,0,0,0,0,0,0	29,39,20,31,31,28,28,35,33,27	0,1,0,0,0,0,0,0,0,0	81	75
6036	10,9,14,11,15,13,6,16,9,12	1,0,1,2,1,0,0,1,1,0	4,9,12,4,9,12,9,13,12,12	2,1,1,1,1,0,1,2,0,2	85	75
6037	44,31,54,35,42,66,58,50,49,35	1,0,0,1,0,0,1,0,0,0	49,45,49,50,41,46,40,45,44,45	0,1,1,1,0,0,0,1,1,0	562	75
6038	28,40,36,37,45,45,38,32,33,33	1,0,0,0,0,0,0,0,1,0	36,38,33,39,37,40,42,47,45,34	0,0,0,0,2,0,1,1,0,1	108	75
6039	43,53,45,48,53,55,48,40,40,38	2,1,2,0,1,0,1,0,3,0	43,39,39,44,45,47,50,55,55,49	0,2,4,1,4,1,0,1,1,1	140	75
6040	16,13,9,11,8,10,10,8,8,5	2,1,2,0,1,0,1,0,3,0	7,1,6,5,10,7,9,9,10,16	0,2,4,1,4,1,0,1,1,1	107	75
6046	54,69,45,57,45,39,69,60,46,87	0,0,0,0,0,0,0,0,0,0	80,50,43,55,41,66,65,68,60,65	0,5,1,0,0,0,0,1,0,0	77	75
6047	101,99,72,90,96,81,114,81,78,116	0,0,0,1,0,0,0,1,0,1	94,100,85,99,89,91,78,89,99,88	2,1,0,0,0,0,0,0,0,1	119	75
6048	9,15,13,7,6,13,10,6,11,5	27,30,15,12,22,15,23,15,14,23	6,13,3,4,8,5,10,8,5,4	22,20,17,10,23,9,20,8,20,18	139	75
6050	16,19,28,16,26,21,24,19,9,19	0,0,0,0,0,0,0,0,0,0	17,20,18,21,18,22,14,13,24,28	0,0,0,0,0,0,0,0,0,1	963	75
6051	0,0,1,1,0,0,2,0,0,0	14,11,19,9,6,17,14,4,10,9	1,0,0,0,0,0,0,0,0,0	7,6,18,9,5,9,16,12,11,12	78	75
6053	0,0,0,0,1,0,0,0,0,2	1,0,0,0,3,0,0,0,0,0	0,0,0,1,0,0,0,0,0,0	0,0,0,0,0,0,0,0,0,0	135	75
6054	0,0,0,0,0,0,0,1,0,2	0,0,0,0,0,0,1,0,0,0	0,0,0,1,0,0,0,0,0,0	0,1,0,1,0,1,0,0,2,0	135	75
6055	4,1,2,4,3,1,6,1,5,0	0,0,0,0,0,0,0,0,1,0	5,2,5,4,2,2,4,2,1,1	0,0,0,0,0,0,0,0,0,0	79	75
6056	8,4,4,7,4,2,5,2,2,2	1,0,0,0,0,0,0,0,0,0	5,12,4,4,4,5,5,6,6,4	0,1,0,1,0,0,0,0,0,0	79	75
6057	348,387,288,311,306,302,376,309,309,366	11,9,8,6,10,14,11,8,4,15	342,329,356,330,389,318,327,344,361,328	12,8,8,7,9,12,4,14,12,8	92	75
6058	2,6,0,2,2,3,3,3,1,3	57,59,50,66,55,43,67,37,45,56	3,4,5,3,2,2,3,2,5,4	68,56,54,56,58,64,65,63,69,64	105	75
6059	76,64,58,66,67,66,69,57,64,62	0,0,1,0,0,0,1,0,0,0	63,72,56,53,48,78,54,59,62,76	0,0,0,0,0,1,0,1,0,0	209	75
6063	1,0,0,0,0,1,0,0,0,0	1,0,0,0,0,0,0,0,0,0	0,1,0,0,1,0,0,0,0,0	0,1,0,0,0,0,0,1,0,0	195	75
6065	45,57,38,30,37,39,50,38,36,49	0,0,0,0,0,0,0,0,0,0	47,61,47,32,45,33,32,44,58,37	0,0,0,1,0,0,0,0,0,0	1321	75
6067	231,260,224,196,251,220,259,243,215,259	17,27,16,26,13,15,18,13,17,25	252,261,214,226,236,203,237,196,293,276	15,9,14,13,19,25,15,15,19,15	78	75
6068	1,3,1,0,1,0,1,1,1,0	7,2,1,0,2,3,0,2,2,1	0,3,1,3,1,0,0,0,0,1	2,1,0,0,2,1,0,1,1,0	78	75
6070	24,41,34,40,34,36,43,43,32,17	0,0,1,0,0,1,0,0,1,0	26,54,52,58,29,55,38,68,37,49	0,0,0,0,0,0,0,1,0,0	192	75
6074	4,0,2,0,0,5,0,0,3,1	2,1,0,1,0,1,0,1,1,0	4,1,1,0,0,0,0,3,1,2	1,0,0,1,0,1,1,0,1,1	78	75
6075	1,0,2,2,0,0,0,0,2,1	1,1,1,0,2,0,0,0,0,0	3,0,0,2,1,0,0,2,1,1	1,2,0,0,0,1,3,1,0,1	78	75
6076	1,1,1,1,0,1,2,3,1,3	0,4,2,2,2,0,3,0,0,1	1,2,0,3,0,1,1,1,1,2	1,4,1,2,1,2,1,0,0,1	78	75
6078	2,6,11,21,2,7,5,3,6,2	0,0,0,0,0,0,0,0,0,0	2,5,7,1,10,2,0,4,8,13	0,0,0,1,0,0,0,0,0,0	100	75
6080	0,0,0,0,0,0,0,0,0,1	70,59,49,42,53,47,53,55,46,63	0,0,0,0,0,0,0,1,0,0	56,62,50,49,61,64,57,39,65,47	108	75
6081	50,66,45,49,46,41,62,63,43,50	1,1,0,0,3,1,0,4,4,0	61,45,41,49,55,44,42,35,57,33	2,1,4,0,1,1,1,2,0,0	78	75
6082	4,1,3,0,0,0,1,0,0,1	0,0,0,0,2,0,1,0,0,0	1,0,0,1,1,2,1,0,1,1	1,1,0,0,0,0,0,1,0,0	102	75
6084	14,11,18,12,11,14,8,11,13,12	7,5,4,8,2,5,5,5,3,4	6,9,9,14,19,11,18,13,7,13	5,7,1,4,7,2,7,5,6,6	78	75
6085	171,142,171,141,193,180,192,146,147,155	4,0,5,1,5,5,2,1,2,3	158,154,150,190,154,172,160,166,169,127	4,2,1,4,2,1,2,4,4,1	102	75
6087	29,23,33,38,49,59,29,25,29,31	18,21,21,17,35,27,23,15,11,16	26,37,27,44,29,16,39,52,24,42	24,30,20,27,13,16,19,35,19,26	78	75
6088	2,1,6,9,7,4,4,3,2,5	0,0,1,0,0,0,0,1,0,1	1,1,1,7,1,2,2,6,2,3	0,0,0,0,0,0,0,0,0,0	78	75
6090	32,41,35,33,39,34,30,27,30,35	2,0,1,0,3,2,0,5,0,1	31,32,40,39,26,41,34,50,58,29	0,0,1,4,0,0,0,3,3,5	97	75
6094	29,53,35,31,29,29,48,43,56,40	0,1,0,2,1,1,3,0,2,1	47,38,33,38,37,43,47,35,35,34	3,2,0,1,2,0,4,0,1,0	77	75
6096	31,13,16,14,20,13,21,19,18,25	15,15,14,16,16,21,16,16,16,18	21,23,16,20,31,15,16,11,20,15	20,19,15,20,17,19,14,20,14,22	84	75
6097	11,10,4,5,8,10,9,4,3,2	5,0,0,0,0,0,0,0,0,2	9,8,7,8,11,9,16,14,6,12	0,1,0,1,1,0,1,0,0,0	78	75
6098	7,7,9,5,10,8,11,4,13,12	0,2,0,0,0,0,0,0,0,2	2,9,14,11,11,10,11,4,20,12	0,0,2,0,0,0,1,0,0,0	203	75
6100	20,17,15,15,26,18,29,18,19,25	4,1,1,0,1,1,1,0,0,4	18,20,32,22,20,29,26,9,40,11	0,2,0,1,0,1,2,1,2,1	104	75
6101	17,5,10,7,5,6,4,15,7,4	8,12,5,11,11,10,8,15,8,10	6,10,7,7,10,16,7,12,8,12	6,13,15,8,4,8,3,8,14,8	78	75
6102	8,7,8,6,3,3,8,5,2,6	18,17,10,10,11,18,30,17,14,15	3,5,8,5,6,4,10,3,4,7	16,6,17,19,11,14,8,8,15,10	135	75
6104	23,30,26,13,12,20,23,19,21,13	2,1,1,1,1,1,2,1,0,0	23,22,17,30,15,20,20,23,24,30	0,1,1,0,0,1,2,1,1,0	126	75
6105	30,33,28,15,18,24,27,23,27,20	1,0,0,1,1,0,0,0,2,0	26,25,27,33,24,23,24,33,25,32	0,0,0,0,0,1,0,0,2,0	169	75
6106	9,4,3,3,7,5,6,5,6,7	1,0,0,1,1,0,0,0,2,0	3,4,11,3,9,4,6,11,2,2	0,0,0,0,0,1,0,0,2,0	118	75
6107	30,33,28,15,18,24,27,23,27,20	0,0,1,0,0,0,0,0,0,0	26,25,27,34,26,23,25,35,25,32	0,0,0,0,0,0,0,0,0,1	172	75
6108	11,10,12,13,18,6,13,12,6,13	0,4,3,0,1,0,3,1,2,4	12,12,11,17,9,12,7,13,11,14	2,3,0,1,0,3,1,2,1,3	146	75
6109	6,4,4,5,4,5,7,5,3,9	0,4,3,0,1,0,3,1,2,4	8,6,6,9,5,8,4,6,5,7	2,3,0,1,0,3,1,2,1,3	115	75
6111	0,2,3,0,0,0,1,3,2,0	3,1,0,0,0,2,1,0,0,0	0,0,6,3,0,0,1,2,2,1	1,0,0,0,1,2,0,0,0,0	104	75
6112	1,4,3,1,0,0,1,1,1,1	0,1,2,1,0,0,1,1,1,1	0,1,3,2,3,1,2,2,2,3	1,0,0,1,3,0,2,0,1,1	104	75
6113	240,230,212,190,192,198,273,190,229,187	6,5,8,4,5,10,1,7,3,7	209,208,217,229,245,246,227,191,192,156	0,3,4,4,5,9,9,3,10,7	273	75
6114	26,18,32,19,26,23,28,23,29,19	0,1,0,1,0,1,0,0,0,0	21,13,27,23,22,18,30,23,15,24	0,0,0,0,1,0,0,0,0,0	90	75
6115	0,0,0,0,0,0,0,0,1,0	0,0,1,0,1,1,0,1,0,0	0,0,0,1,0,0,0,0,0,0	1,0,0,0,1,0,0,0,1,0	147	75
6116	3,4,4,2,5,4,0,1,7,8	0,0,0,0,1,2,0,0,1,1	6,3,4,5,7,2,8,7,9,4	0,0,0,0,0,0,0,0,0,0	123	75
6117	0,0,1,1,0,0,0,0,2,1	0,0,0,0,0,0,0,0,0,1	0,1,0,0,1,0,0,0,0,0	0,0,0,0,0,0,0,0,0,0	255	75
6120	1,1,0,0,0,1,0,1,1,1	68,54,50,42,40,49,69,53,40,67	3,1,0,0,0,0,3,1,1,2	62,72,50,57,36,59,62,64,64,53	84	75
6121	7,9,10,9,4,6,10,17,7,7	0,0,0,0,0,1,0,0,0,0	14,9,10,13,14,10,10,12,7,13	0,0,0,0,0,2,1,0,0,1	806	75
6122	20,17,18,20,13,11,29,36,20,18	0,1,1,0,0,0,1,0,2,0	30,28,17,21,26,19,25,30,28,32	0,0,2,0,0,0,0,0,0,0	869	75
6123	13,8,8,11,9,6,19,19,13,11	0,1,1,0,0,0,1,0,2,0	16,19,7,8,12,11,16,18,21,20	0,0,2,0,0,0,0,0,0,0	138	75
6124	21,28,33,26,30,32,17,20,23,28	19,26,38,50,31,39,33,37,28,26	11,37,28,36,25,30,22,33,33,30	42,37,19,31,23,51,40,38,49,30	169	75
6128	696,630,624,599,583,594,614,618,644,611	18,12,10,10,16,11,20,20,20,13	675,560,621,663,754,733,671,709,674,516	18,17,9,14,19,11,13,12,18,13	178	75
6129	0,0,1,0,1,1,2,2,0,0	218,219,181,199,209,241,218,195,209,199	1,1,2,1,0,1,0,2,0,1	215,198,190,213,247,167,201,221,224,157	173	75
6130	1,0,2,4,1,1,2,2,1,1	0,1,0,0,0,0,0,2,1,0	0,2,2,3,4,1,0,6,1,0	0,0,0,0,0,0,0,0,0,0	78	75
6131	212,222,213,180,239,204,244,186,223,201	27,25,18,22,21,28,37,20,34,21	251,198,202,223,247,195,222,241,204,168	30,31,20,31,36,13,27,34,37,27	78	75
6133	549,513,474,464,523,496,518,474,440,573	0,0,0,0,0,1,0,0,1,0	568,536,480,512,492,514,473,605,623,584	0,0,0,0,0,0,0,0,0,0	337	75
6134	10,13,5,8,10,7,7,13,9,15	137,99,108,117,111,118,109,91,119,112	12,7,8,5,11,12,8,9,8,8	136,119,95,126,106,118,102,120,113,102	159	75
6135	32,26,35,25,21,19,34,23,18,26	1,0,0,1,0,0,1,0,0,0	21,26,32,27,20,24,27,32,26,19	0,1,1,1,0,0,0,0,0,0	244	75
6136	84,80,70,69,68,67,91,68,66,56	1,0,0,1,0,0,1,0,0,0	68,66,59,64,68,80,74,70,65,51	0,1,1,1,0,0,0,0,0,0	553	75
6137	55,54,35,44,47,49,57,45,49,31	3,0,0,0,0,1,0,0,1,1	47,40,27,37,48,56,48,38,39,32	0,0,0,0,0,0,1,0,0,0	384	75
6139	1,0,0,0,0,2,1,0,0,1	351,308,295,264,306,285,312,245,243,466	1,2,0,0,2,2,0,1,1,0	337,292,294,289,291,304,326,443,413,428	91	75
6140	8,6,5,6,5,12,3,6,5,10	351,308,295,264,306,285,312,245,243,466	13,16,10,19,11,6,10,13,7,10	337,292,294,289,291,304,326,443,413,428	491	75
6141	50,60,67,66,72,72,67,73,65,51	1,0,2,0,3,0,4,2,1,0	47,70,64,85,57,71,89,89,77,77	1,0,0,0,0,1,0,2,0,1	79	75
6142	0,1,2,0,1,1,0,0,1,1	4,9,3,4,15,15,6,8,5,8	1,0,1,0,1,1,5,2,0,1	9,8,7,4,14,12,9,5,13,8	80	75
6143	6,5,9,8,5,9,11,17,10,5	35,41,20,21,23,24,37,26,31,26	8,6,5,4,6,6,3,7,3,6	26,45,27,31,21,28,24,18,28,20	78	75
6144	2,5,1,4,1,4,0,3,2,3	1,1,0,0,2,0,1,0,0,1	4,2,1,1,0,3,5,4,5,2	2,0,1,1,2,3,1,2,2,0	78	75
6146	8,10,17,8,16,7,12,11,9,13	83,79,98,90,110,115,93,62,86,92	13,13,8,7,7,12,10,16,21,8	85,106,79,79,93,68,120,117,137,121	92	75
6148	19,19,13,11,24,10,18,4,8,13	4,6,5,2,2,7,5,3,5,2	15,12,12,11,12,14,22,20,22,9	1,6,8,0,2,1,3,1,4,8	78	75
6149	12,16,9,13,11,5,11,15,16,20	21,22,8,24,19,12,11,19,21,21	10,11,9,6,14,11,5,12,7,14	25,18,16,17,22,20,11,23,20,22	78	75
6150	18,19,16,11,18,8,17,17,23,10	0,0,0,1,0,0,0,0,0,1	18,16,17,30,22,17,15,15,19,7	0,0,0,0,0,0,0,0,0,0	180	75
6151	19,19,16,11,18,8,17,18,23,10	1,0,1,0,0,0,2,0,0,0	18,16,17,30,22,16,16,15,21,7	1,0,0,1,2,2,1,0,0,0	180	75
6152	25,31,23,16,25,16,31,23,26,16	6,4,4,3,3,5,3,5,4,5	25,22,24,39,31,22,22,21,21,13	11,3,6,8,7,3,10,3,8,4	180	75
6154	13,15,16,14,15,22,12,16,14,20	0,0,0,0,0,0,0,0,0,1	11,14,12,7,14,21,16,16,11,17	0,1,0,0,0,0,0,0,1,0	83	75
6155	23,23,22,23,31,21,23,22,12,22	0,0,0,0,0,0,0,0,0,0	19,38,23,34,24,21,22,28,30,30	0,0,1,0,0,0,0,0,0,0	79	75
6156	5,1,1,4,0,1,2,3,2,1	9,0,3,3,3,10,4,3,7,0	0,3,0,1,1,2,1,3,1,0	3,7,1,5,4,5,4,3,6,2	129	75
6157	41,40,40,39,42,28,38,33,20,42	0,1,1,0,0,1,0,0,1,0	44,34,29,25,37,41,36,45,39,51	0,1,0,1,0,0,1,1,1,0	81	75
6158	48,45,42,41,32,30,44,27,42,50	0,4,0,0,1,1,0,0,1,0	49,43,29,55,46,41,38,45,41,44	0,0,0,1,0,0,2,0,2,0	648	75
6159	203,211,195,197,203,237,256,218,237,198	0,3,0,0,0,5,0,0,2,0	220,225,209,227,263,255,212,244,228,221	0,0,0,0,1,0,2,1,1,1	114	75
6160	0,6,3,6,0,4,5,2,4,4	5,1,3,2,4,1,4,5,2,4	1,1,4,2,2,3,1,1,5,5	6,0,1,3,3,0,3,2,2,5	175	75
6161	10,19,18,13,20,16,15,17,21,18	0,0,0,0,0,0,1,0,0,0	16,22,20,14,19,15,9,24,26,18	0,0,0,0,0,0,0,0,0,0	187	75
6164	5,3,2,0,3,6,4,5,2,3	155,138,134,125,135,121,141,140,156,150	4,2,6,4,0,9,0,6,2,4	168,132,144,117,116,153,149,116,138,96	110	75
6165	252,170,193,188,174,143,208,186,184,203	6,1,4,3,4,3,0,3,5,3	206,140,146,175,314,244,144,149,160,102	4,0,7,4,6,2,7,2,6,0	177	75
6167	3,3,3,5,0,2,2,4,6,1	595,593,489,558,476,542,558,496,601,572	1,2,2,1,4,6,1,2,0,8	530,498,533,477,592,586,563,545,591,471	101	75
6168	5,12,4,9,8,3,11,6,7,1	1900,1981,1758,1707,1542,1853,1921,1654,1873,1889	1,6,14,6,9,11,13,8,6,6	1980,1855,1755,1768,1931,1819,1569,2139,2142,1870	93	75
6170	1,0,1,0,1,1,1,1,4,2	8,7,6,7,4,8,8,7,6,7	1,0,3,0,0,0,2,1,4,0	9,10,7,8,5,3,3,5,3,7	215	75
6171	30,33,22,22,30,22,32,29,26,25	4,8,0,2,3,2,2,2,4,3	40,34,30,29,19,26,37,33,23,18	0,7,2,2,2,1,2,0,3,5	121	75
6172	87,77,61,67,71,65,85,79,61,80	2,5,4,4,6,0,5,3,2,3	91,86,74,84,66,75,86,77,63,59	3,0,3,2,7,1,5,7,1,4	121	75
6173	32,31,34,28,19,28,28,25,20,22	8,5,4,3,7,1,8,1,3,5	23,25,24,21,18,26,14,26,27,29	11,2,5,5,4,1,10,3,5,4	101	75
6175	1,0,0,1,0,2,1,0,0,2	0,0,0,0,0,0,0,0,0,0	2,0,1,0,0,1,0,0,0,0	0,1,0,0,0,0,0,0,0,0	112	75
6176	1361,1372,1200,1205,1234,1214,1371,1204,1219,1244	0,0,0,0,1,0,0,0,1,0	1319,1375,1198,1324,1301,1360,1288,1196,1283,1105	0,0,0,0,0,0,0,0,0,0	3520	75
6181	44,44,59,51,46,37,51,39,33,48	0,1,1,0,0,0,0,0,0,2	55,76,45,52,49,23,42,65,41,51	0,0,0,0,0,2,0,1,0,0	122	75
6182	37,45,50,32,55,52,37,39,43,48	0,0,0,0,1,0,0,0,0,0	30,44,38,51,34,39,48,48,62,57	0,1,0,1,0,0,0,0,1,0	450	75
6183	2,0,1,2,0,1,1,6,4,1	57,58,60,37,62,49,61,52,42,75	1,1,0,4,2,0,2,4,2,2	74,70,61,51,56,57,68,64,79,61	163	75
6184	4,6,7,4,5,6,8,6,3,9	2,1,1,1,1,2,0,0,1,2	8,10,4,5,5,5,3,11,12,9	0,0,1,1,0,1,0,0,1,0	78	75
6185	0,1,0,0,0,0,0,0,0,0	0,0,0,0,0,0,0,0,0,0	0,0,0,0,0,0,0,0,0,0	0,0,0,0,0,0,1,0,0,0	78	75
6186	1,1,1,1,0,1,1,0,4,1	0,2,1,0,1,1,0,0,1,2	1,0,1,0,3,1,0,1,1,3	0,2,1,0,0,0,1,1,2,1	78	75
6187	11,8,2,7,6,2,10,1,9,13	1,2,0,0,1,0,0,0,1,0	13,5,8,5,4,8,3,6,4,1	0,0,0,0,0,2,1,0,1,0	79	75
6188	105,82,53,50,74,67,98,80,51,80	1,1,0,1,0,0,0,0,0,1	77,56,67,66,52,92,64,76,64,58	0,0,0,1,0,0,1,1,1,1	79	75
6189	2,3,3,2,8,5,1,3,1,0	22,19,21,14,25,8,21,29,21,28	1,3,2,7,2,5,1,1,3,1	17,23,23,14,25,13,17,24,18,7	90	75
6190	0,1,0,0,3,4,0,0,0,0	15,7,8,6,15,13,13,8,11,9	0,2,2,3,0,1,1,0,1,0	11,19,8,11,25,12,12,5,13,6	90	75
6191	133,118,88,114,134,83,106,112,92,152	0,0,0,0,0,0,0,0,0,0	118,123,96,110,120,114,110,99,122,109	0,0,0,0,1,1,1,0,0,0	1231	75
6192	0,1,0,0,1,1,1,0,0,0	159,109,110,104,108,111,115,108,111,118	1,0,1,1,0,0,0,0,0,0	124,115,94,121,130,111,134,124,114,115	87	75
6193	0,0,0,0,0,0,0,0,0,0	0,0,0,1,0,2,0,0,0,2	0,0,0,0,1,0,1,0,1,0	0,1,0,0,0,0,1,0,0,0	82	75
6194	154,141,148,176,175,159,172,137,165,172	0,1,0,1,0,0,0,0,0,0	141,132,117,145,159,123,181,231,204,206	0,0,0,0,0,1,0,0,2,0	127	75
6196	336,335,247,309,279,282,284,278,336,323	178,214,160,151,151,175,175,187,186,171	324,272,277,299,322,279,293,256,268,221	185,169,155,176,204,187,196,167,166,146	78	75
6198	2,0,1,0,0,0,0,0,0,0	0,0,0,0,0,0,1,1,0,0	0,1,0,0,0,0,0,0,0,1	0,0,0,0,0,0,0,0,0,1	536	75
6200	3,7,1,2,10,2,4,4,4,10	4,4,4,1,3,2,4,0,1,0	6,12,7,12,6,5,5,2,8,5	4,3,5,4,2,3,4,4,4,6	2730	75
6201	13,23,21,20,22,21,18,30,19,17	0,0,0,0,0,0,0,0,0,0	19,16,19,18,16,12,20,12,19,18	0,1,0,0,0,1,0,0,0,0	419	75
6202	120,130,99,89,127,125,101,91,89,151	26,25,22,37,27,14,30,22,14,27	142,117,90,140,93,113,108,120,89,112	21,25,17,27,27,24,25,26,28,26	79	75
6203	0,0,0,0,0,0,0,0,0,0	2,2,2,2,4,2,2,0,2,0	0,0,0,0,0,3,0,0,0,0	1,4,1,4,4,3,1,2,4,1	194	75
6205	13,10,12,12,12,13,13,7,13,11	3,5,4,5,4,4,3,2,3,4	12,12,13,8,7,14,16,6,10,12	2,5,5,5,5,3,3,3,6,2	97	75
6208	4,6,6,5,6,4,8,10,7,1	0,0,1,1,0,1,0,2,2,0	6,3,3,2,3,4,12,6,4,10	0,2,1,0,3,1,1,1,1,0	481	75
6209	0,0,0,0,0,1,1,0,0,0	0,2,0,0,0,1,0,0,0,2	0,0,0,0,0,0,0,0,0,0	1,4,0,0,0,0,1,0,2,1	78	75
6210	0,0,1,0,1,1,1,0,0,0	0,0,0,0,0,0,0,0,0,0	0,0,0,0,0,0,0,0,0,0	0,1,0,0,0,0,0,0,0,0	78	75
6211	27,17,19,18,12,17,22,13,21,24	5,3,5,2,1,1,3,2,4,4	17,21,23,17,11,28,20,17,18,10	2,5,0,4,4,3,1,1,3,2	102	75
6212	97,58,80,78,60,71,87,72,59,78	0,0,0,0,0,0,0,0,0,0	81,73,73,58,54,84,72,69,63,61	0,1,0,0,0,0,0,0,0,0	197	75
6213	75,44,66,62,49,55,68,61,42,58	0,0,0,0,0,0,0,0,0,0	66,57,50,45,47,59,53,53,48,53	0,1,0,0,0,0,0,0,0,0	170	75
6215	8,5,2,4,6,7,6,3,2,3	35,46,27,29,39,29,45,40,25,37	5,3,3,2,3,3,0,4,4,1	41,36,43,40,42,40,39,48,32,35	99	75
6216	5,12,5,4,6,9,9,9,3,5	2,4,3,2,3,1,1,5,6,3	11,11,7,19,9,9,6,3,12,6	1,5,1,7,2,2,5,5,2,5	78	75
6217	5,3,0,3,1,0,4,3,2,3	1,1,1,1,1,0,0,1,0,0	1,1,1,5,3,2,2,4,1,6	1,3,1,0,0,2,0,1,0,1	112	75
6218	0,0,0,0,1,0,1,0,0,2	9,10,10,2,11,4,14,10,18,11	0,0,0,0,0,0,0,0,1,0	11,12,4,9,10,13,7,9,9,5	78	75
6219	3,0,3,2,5,3,6,1,2,2	8,4,4,3,7,7,8,7,10,6	2,4,2,0,3,0,1,1,3,2	10,11,7,10,4,10,3,1,3,5	78	75
6224	6,3,10,8,9,5,12,3,4,7	0,0,1,0,0,1,0,0,0,0	15,7,0,4,6,7,10,7,8,6	0,0,0,0,0,0,0,0,2,0	132	75
6225	0,0,0,0,0,0,0,0,0,0	9,6,5,8,4,4,4,1,5,6	0,0,0,0,0,0,0,0,1,0	4,3,1,2,1,1,1,2,4,2	615	75
6226	3,4,2,7,3,10,5,9,9,3	181,178,137,183,168,168,168,149,172,218	6,4,3,5,4,4,6,4,4,11	221,163,143,167,190,165,214,167,197,166	255	75
6227	436,404,328,300,360,309,412,380,256,374	0,0,0,0,1,0,0,0,0,0	407,340,260,386,325,420,345,319,307,323	0,0,0,0,0,0,0,0,0,0	2303	75
6228	51,43,50,59,46,36,72,48,23,48	0,0,0,0,0,0,0,0,0,0	41,59,57,50,43,46,52,54,76,57	0,0,0,0,0,0,1,0,0,0	733	75
6229	47,48,53,61,46,39,80,53,26,56	6,7,7,3,4,3,4,12,2,8	44,63,66,57,44,56,56,57,80,60	7,6,7,1,10,2,10,3,6,4	733	75
6230	3,2,5,7,5,1,4,9,8,3	6,8,9,6,5,7,7,5,9,7	4,4,2,3,0,5,7,3,4,3	7,6,7,5,8,1,17,10,4,4	112	75
6232	6,7,1,3,6,3,5,9,5,5	0,0,0,0,0,2,0,1,0,0	3,14,5,6,7,10,12,5,2,4	1,0,0,0,0,0,1,0,0,0	95	75
6233	1,0,0,0,0,1,0,0,1,0	0,0,0,0,0,0,0,0,0,0	0,0,0,0,0,0,0,0,0,0	0,0,0,0,0,0,1,0,0,0	78	75
6234	0,0,0,0,0,0,0,0,0,0	5,3,4,4,4,5,5,4,1,7	0,0,0,0,0,0,0,2,0,0	9,5,3,3,4,5,5,2,8,6	115	75
6235	102,96,93,107,121,92,98,107,65,103	21,19,13,11,10,10,21,22,7,16	106,116,104,88,94,130,84,86,87,76	12,11,9,21,10,17,16,18,16,8	141	75
6236	128,113,143,174,232,175,147,125,163,154	0,0,1,0,1,1,0,3,0,0	148,183,152,171,136,115,193,217,213,205	1,1,1,0,0,0,0,0,2,0	94	75
6237	0,0,2,1,1,0,0,0,1,0	39,51,37,33,45,37,33,48,31,44	0,0,1,0,0,0,4,0,1,2	43,58,42,50,39,50,32,50,57,49	124	75
6238	33,41,33,34,28,21,32,29,20,19	13,14,9,14,13,12,11,9,7,14	25,25,31,26,16,19,30,37,36,24	16,13,10,14,10,8,10,15,18,17	78	75
6239	1,3,0,2,0,0,4,2,4,2	16,9,8,10,8,10,24,6,11,15	1,2,0,0,2,5,2,4,1,1	12,23,11,13,14,17,9,8,12,11	128	75
6240	29,34,34,36,29,25,34,42,24,27	0,0,0,0,0,1,1,0,0,0	33,40,42,39,35,30,41,57,34,46	0,3,1,0,0,0,0,0,1,1	106	75
6241	29,34,20,11,16,22,24,26,20,21	0,0,0,1,0,2,2,0,2,2	25,38,34,24,24,34,21,29,20,33	0,0,0,2,1,0,1,0,1,0	101	75
6243	81,81,63,83,86,71,66,71,78,95	0,0,0,0,0,0,0,0,1,0	81,88,72,97,72,81,65,105,102,73	0,0,0,0,0,0,0,0,0,0	303	75
6244	1,2,1,3,0,0,5,1,3,3	0,0,0,0,0,0,0,0,0,0	1,2,1,1,2,2,0,2,2,0	0,0,0,0,0,1,0,0,0,0	698	75
6245	112,119,92,115,102,82,130,139,101,111	0,0,1,0,0,1,1,0,0,0	114,123,100,104,119,96,104,96,127,100	0,0,0,0,0,0,1,0,1,0	2828	75
6247	25,23,20,15,18,19,31,20,26,19	2,2,0,2,1,1,2,1,1,2	27,35,23,23,32,22,32,20,31,26	3,2,0,2,2,0,3,0,5,0	147	75
6248	11,9,5,11,6,6,11,8,6,5	1,0,1,0,1,1,0,0,2,0	5,11,6,16,7,8,9,7,11,10	1,0,0,3,0,0,0,2,2,0	78	75
6249	1,0,1,0,0,2,0,0,0,0	0,0,2,0,0,0,0,0,0,0	0,0,0,0,0,0,1,0,0,1	0,0,0,0,0,0,0,0,0,0	78	75
6250	446,383,297,251,366,350,391,373,328,378	126,95,84,62,104,97,121,79,75,94	399,301,321,330,367,306,320,327,381,289	95,107,79,103,81,85,64,90,98,85	414	75
6251	9,13,23,21,30,27,24,18,24,17	0,0,0,0,1,1,0,0,0,2	21,25,19,19,22,20,27,15,10,27	0,0,0,0,0,2,0,1,0,3	156	75
6252	26,34,23,22,20,8,21,19,17,23	3,3,2,2,1,0,0,1,2,3	27,25,14,17,12,22,21,21,22,18	0,1,2,1,1,3,1,0,0,2	81	75
6253	1,0,1,1,0,2,0,5,1,3	30,11,18,20,23,16,20,12,12,21	1,3,1,0,4,3,1,0,1,2	16,15,17,23,10,21,13,14,17,21	87	75
6256	0,0,0,0,2,0,1,0,0,0	0,0,0,0,0,0,0,0,0,0	0,0,0,2,0,0,0,0,0,0	0,0,0,0,0,0,0,0,1,0	79	75
6258	7,4,2,3,1,5,7,9,5,1	54,49,39,41,66,63,60,37,50,33	6,7,10,7,8,7,3,8,7,5	51,43,71,48,40,38,36,41,40,38	96	75
6260	12,10,6,10,8,13,13,6,13,8	0,0,0,0,0,0,0,0,0,0	13,13,7,21,8,3,8,12,12,9	0,1,0,0,2,0,0,0,0,0	107	75
